folder,course_college,class,quality,difficulty,would_take_again,grade,date,comment,tags
01,AY101 - University of Alabama,AY101,5.0,1.0,1,A+,2021-11-08,"This was one of the few classes at Alabama that I actually found interesting and I'm a Finance Major. GO TO CLASS, he will have pop quizzes on the clickers and the answers are obvious if you just pay attention 70% of the class. Hw is easy so don't stress about that. Test are super straight forward, just study the slides he goes over in class.","Skip class? You won't pass., Beware of pop quizzes, EXTRA CREDIT"
01,AY101 - University of Alabama,AY101,3.0,4.0,1,Not sure yet,2022-02-22,"Mr. Irwin is a good professor, however he definitely makes you work for the A. He has many other opportunities to get a better grade from his in class lecture questions and homework, however this is a bit difficult if you're not a science person. GO TO CLASS. if you miss more than 8 classes, you wont pass. Very understanding though.","Accessible outside class, Skip class? You won't pass., Beware of pop quizzes"
01,AY101 - University of Alabama,AY101,4.0,3.0,1,Not sure yet,2022-03-29,"Mr. Irwin is a really good professor and super understanding. However, it's definitely not a class you're going to breeze through. You need to really study for his exams bec he likes to see his students challenged. He is very accessible outside of class but he requires you to earn your A in his class. He's a good professor, just a bit difficult.","Participation matters, Caring, Accessible outside class"
01,AY101 - University of Alabama,AY101,4.0,3.0,1,,2022-04-06,not textbook heavy notes will come from his power points which he puts on blackboard every class. The homework once a week over 2-3 chapters and 40-60 questions pretty easy to get through. Takes attendance is via online questions during class but drops 8 of the lecture questions. grading scale is less harsh compared to the normal grading scale.,"Clear grading criteria, Lecture heavy"
01,AY101 - University of Alabama,AY101,4.0,3.0,1,A-,2022-12-05,"Mr. Irwin is such a kind soul! He genuinely loves what he's teaching and responds to all of his emails. That being said, it's definitely a hard class if you're not a science person. He likes to challenge his students, and he gives clicker questions that are super easy to answer for attendance. His grading scale is less harsh than most teachers tho!","Participation matters, Beware of pop quizzes, Accessible outside class"
01,AY101 - University of Alabama,AY101,5.0,3.0,1,A+,2023-11-07,"Professor Irwin is so great, and this class was so interesting. He takes attendance through clicker questions (easy), but you get 8 free absences. Lectures are long but interesting. Easily accessible during office hours. Easy homework, and tests are straightforward. Great class, would highly recommend Dr. Irwin.","Participation matters, Lecture heavy, Accessible outside class"
01,AY101 - University of Alabama,AY101,5.0,1.0,1,A,2023-12-15,"Irwin is very passionate about his material and teaches it in an effective way. Don't let reviews of difficult tests scare you, as long as you actually show up and pay some attention, the tests are very easy and up front. He's a great guy on top of that and wants the best for his students.","Clear grading criteria, Caring, Lecture heavy"
01,AY101 - University of Alabama,AY101,4.0,3.0,1,B+,2024-01-02,"He is a good professor; astronomy isn't something that I cared about enough to pay good attention to. An 85 is an A-, so take that as you will. You get 8 missed classes, but it is graded by in-class questions pertaining to the lecture, and it is scantron tests","Participation matters, Clear grading criteria, Lecture heavy"
01,AY101 - University of Alabama,AY101,5.0,3.0,1,B+,2024-01-10,I loved him! I took this class for a science credit and it was well worth it. Definitely recommend!,"Amazing lectures, Clear grading criteria, Accessible outside class"
01,AY101 - University of Alabama,AY101,4.0,2.0,1,A-,2025-11-13,"Irwin is a great professor for Aystronomy 101 your grade depends on tests, attendance quizzes (although your lowest 12 get dropped) I studied the night before exams with his provided study guides or just google a quizlet and you'll be able to pass (his grading scale is different so don't freak out 86 is an a and his class).","Participation matters, Clear grading criteria, Gives good feedback"
02,CS15122 - Carnegie Mellon University,CS15122,3.0,4.0,0,A-,2017-04-28,"Not bad, but his lectures are very hard to understand. Don't worry, though, the lecture notes are quite comprehensive.","LOTS OF HOMEWORK, Clear grading criteria, Caring"
02,CS15122 - Carnegie Mellon University,CS15122,1.0,4.0,0,B,2017-12-18,"Iliano is the least caring professor on the face of the planet. He thinks that curves are only in place to accommodate for mediocre students. However, there are other factors like tough tests and terrible teachers.","BEWARE OF POP QUIZZES, Tests are tough"
02,CS15122 - Carnegie Mellon University,CS15122,1.0,4.0,0,,2018-09-12,"Course material was good, class was horrible. Written assignments were a guessing game of &quot;What does Iliano want?&quot; Not fun. Did better after not going to lecture. :(","LOTS OF HOMEWORK, BEWARE OF POP QUIZZES"
02,CS15122 - Carnegie Mellon University,CS15122,2.0,5.0,0,,2018-10-15,It's so hard to hear what he is saying and his accent is thick. Everyone falls asleep in his lecture which means you need to take time out to read lecture notes in order to know what you were supposed to learn. His TAs are terrible and I can never make his office hours. I wish I didn't have to take this course with him,BEWARE OF POP QUIZZES
02,CS15122 - Carnegie Mellon University,CS15122,4.0,5.0,1,,2019-01-13,"Iliano's lectures are a great complement to lecture notes. While lectures notes are ultimately more essential, his lectures give a good reasoning for the material we learn. I have been to his office hours and he tried to help me become an independent learner rather than depending on help. He's a nice guy and a tough professor.","Tough Grader, LOTS OF HOMEWORK, Caring"
02,CS15122 - Carnegie Mellon University,CS15122,5.0,4.0,1,,2019-04-22,"Iliano teaches really well, and his lecture flows are pretty good. He leads you from simple ideas and go to more complex ones. If you follow along, his lectures are pretty helpful in understanding the context. I got intimidated by the reviews on this website prior to selecting the course, but he's actually a very nice guy. Encourages learning.","Inspirational, Test heavy, Beware of pop quizzes"
02,CS15122 - Carnegie Mellon University,CS15122,1.0,4.0,0,Not sure yet,2019-10-07,If you want to do well in written homework... you'd better be good at guessing what iliano wants you to do.,"Lots of homework, Skip class? You won't pass., Tough grader"
02,CS15122 - Carnegie Mellon University,CS15122,4.0,4.0,1,,2020-05-15,"I honestly don't understand why people are so critical of this class. I really enjoyed the course, and the grading structure (how much of your grade counts based on exams) imo is very fair. There are many things you can read to help get you to understand the material without the lectures, and OH lines are never long.",Beware of pop quizzes
02,CS15122 - Carnegie Mellon University,CS15122,1.0,4.0,0,,2020-08-01,"Has completely taken all the fun out of learning computer science. Although the course content is important, it is taught in a way that doesn't show its practicality, which makes it a huge slog to the end. The things we learn at the beginning of the course suddenly become moot when we transition to learning a new language at the end.","Lots of homework, Lecture heavy, Tough grader"
02,CS15122 - Carnegie Mellon University,CS15122,4.0,5.0,1,B,2020-08-08,"I dont think he deserves the grade he gets, hes actually a great professor. The class is just really hard and I think thats why people often score him so low but I dont think the difficultly changes between whichever prof you take it with.","Test heavy, Clear grading criteria, Tough grader"
02,CS15122 - Carnegie Mellon University,CS15122,1.0,5.0,0,B,2020-11-21,Avoid at all costs if possible. Really unsupportive and does not really care about students.,"Lots of homework, Participation matters, Beware of pop quizzes"
02,CS15122 - Carnegie Mellon University,CS15122,3.0,2.0,1,A,2021-01-25,"Iliano is not a terrible professor, but his lectures are pretty boring. I did fine in the class by attending supplemental instruction sessions once a week rather than watching lecture. You were able to see your predicted grade throughout the course. I think the difficulty rating is deceiving; the hw is doable, just needs more time than some give it",Lecture heavy
02,CS15122 - Carnegie Mellon University,CS15122,1.0,4.0,0,A,2021-03-06,"Literally the worst. Absolute Garbage. Cannot tell you enough avoid his course (15122) at all costs, and only take it if it's absolutely necessary (required by your major).",Tough grader
02,CS15122 - Carnegie Mellon University,CS15122,1.0,5.0,0,Drop/Withdrawal,2021-06-02,DO NOT TAKE HIS COURSE. Iliano was hands down the most uncaring and straight up mean-spirited professors I have ever had. He goes out of his way to humiliate and degrade his students. He caused me to have a full blown panic attack in the bathroom of Gates,"Test heavy, Tough grader"
02,CS15122 - Carnegie Mellon University,15122C,2.0,3.0,0,B,2021-06-04,"Iliano is intimidating. Meeting with him one on one made me a little scared and judged. That being said, he knows his stuff. He is smart and gives interesting lectures. Just not approachable.",Tough grader
02,CS15122 - Carnegie Mellon University,CS15122,1.0,5.0,0,,2021-06-22,"Quite possibly one of the worst professors I've ever had at CMU. If this class isn't a requirement for you, do not take it. If it is, grind on the homeworks because you will do miserably on all the exams.",
02,CS15122 - Carnegie Mellon University,CS15122,1.0,1.0,0,,2021-11-21,RRRRRRUUUUUUNNNNNNN,"Lots of homework, Test heavy, Tough grader"
02,CS15122 - Carnegie Mellon University,CS15122,1.0,5.0,0,C+,2021-12-13,"I genuinely liked the material, although I didnt get the best grade I liked what the class was about. However, the Professor made it hell. Where do I start, from telling me I dont know anything about coding and wont get any internships to telling me I have dumb questions. Id get humiliated every time and cry after OH with him. Avoid this class!",Tough grader
02,CS15122 - Carnegie Mellon University,CS15122,1.0,5.0,-1,Rather not say,2022-03-04,"Class content&#39;s great, but the lecture, homework, and exams are just not designed for you to understand even you know the concepts and study a lot.","Tough grader, Lots of homework"
02,CS15122 - Carnegie Mellon University,CS15122,1.0,5.0,-1,Not sure yet,2022-04-22,Just not a good lecturer. I complete this course by notes and attending recitations.,Tough grader
02,CS15122 - Carnegie Mellon University,CS15122,1.0,5.0,-1,Not sure yet,2022-04-22,"The most intimidating professor I've had at CMU. Not easy to approach. Randomly accuses people (not me though) of cheating. 
I'd say his lectures were generally good though. I liked the way he explained certain topics. If you skip lecture often, at least try to go to the binary search one, cause it's probably the most interesting lecture.",
02,CS15122 - Carnegie Mellon University,CS15122,5.0,1.0,1,Not sure yet,2022-05-03,"This is a very difficult course, however, Illiano is a great lecturer and explains the topics very well. The course has 2 midterms, each worth 12.5%, which are the worst part of the class because they are time-crunch based exams. However, the class is doable because homeworks are worth 50% of your grade. Put in effort, youll be fine.","Tough grader, Lecture heavy, Test heavy"
02,CS15122 - Carnegie Mellon University,CS15122,1.0,5.0,1,D,2022-05-16,"The class material itself is hard, and he doesn't really make it any better. You will feel like you are constantly humiliated.","Tough grader, Lots of homework, Test heavy"
02,CS15122 - Carnegie Mellon University,CS15122,1.0,5.0,-1,Rather not say,2022-10-06,It's not his fault. It's my fault,"Tough grader, Lots of homework, Lecture heavy"
02,CS15122 - Carnegie Mellon University,CS15122,1.0,5.0,-1,C,2022-11-02,"For the first midterm, he'd rather change the marking rubric and let TA mark all over again than curving. He made the course so hard that it is an emotional damage. I heard from all of my friends that you can spend all time studying and still get a B. Iliano says 15122 is hard because it gets you prepared for 15213 but it is way too hard.",Lots of homework
02,CS15122 - Carnegie Mellon University,CS15122,1.0,5.0,-1,Drop/Withdrawal,2022-12-05,Really bad professor. He doesnt care about his students at all. Its like he gets an ego boost about his course if the students are struggling. Would not recommend,
02,CS15122 - Carnegie Mellon University,CS15122,1.0,5.0,-1,B,2023-01-17,"Too many hws, heavy exams, heavy course","Tough grader, Lots of homework, Test heavy"
02,CS15122 - Carnegie Mellon University,15122C,5.0,4.0,1,A,2023-01-17,Very good once you get used to him,Hilarious
02,CS15122 - Carnegie Mellon University,CS15122,1.0,5.0,-1,B,2023-01-19,"I took 15-122 as the very first CS introductory class at CMU. The assignments had little to no rampups, and the tests were brutal. The ""curve is bad for you"" mentality invented by Iliano and the merciless grading policies made me question if all CS classes are like this. The answer is no. Just know you are doing great no matter what grade you get.","Tough grader, Lecture heavy, Test heavy"
02,CS15122 - Carnegie Mellon University,CS15122,1.0,5.0,-1,F,2023-02-27,he is so nice!,"Tough grader, Lots of homework, Test heavy"
02,CS15122 - Carnegie Mellon University,CS15122,1.0,5.0,-1,,2023-03-13,horrible teacher.,
02,CS15122 - Carnegie Mellon University,CS15122,2.0,5.0,-1,Not sure yet,2023-04-20,"If you put in the work, you should be able to get about an A average on your homework. The difficult part is getting good grades on the 16 page long midterms. My best recommendation is to refresh yourself on major topics, and most importantly, to get a good nights sleep before the exam. It is basically a reading comprehension test.","Tough grader, Get ready to read"
02,CS15122 - Carnegie Mellon University,CS15122,1.0,4.0,-1,C,2023-05-10,"I've tried to talk to Prof. Iliano a few times, and every time I did I just felt worse; He was very condescending and never really answered my questions, but just made me feel dumb. Prof. Dilsun is not like this however: she takes time to help and is very caring. The class is hard but just push through and focus on learning and you'll be ok.",
02,CS15122 - Carnegie Mellon University,CS15122,1.0,5.0,-1,B,2023-08-31,He cares so much to his students.,"Tough grader, Lots of homework, Test heavy"
02,CS15122 - Carnegie Mellon University,CS15122,5.0,1.0,1,A,2023-09-18,"This course is amazing. While initially the point-to proofs could take some time to grasp, the overall workload is light. Expect each written assignment to take 1-2 hours and each programming assignment 1-2 hours per week. The labs are Monday are also fun and you get free ducky for doing the optional problems ;)","Participation matters, Inspirational, Respected"
02,CS15122 - Carnegie Mellon University,15122C,1.0,5.0,-1,Rather not say,2023-10-07,bad professor.,"Tough grader, Lots of homework"
02,CS15122 - Carnegie Mellon University,CS15122,5.0,1.0,1,A,2023-10-28,He is very nice,"EXTRA CREDIT, Lecture heavy"
02,CS15122 - Carnegie Mellon University,15122C,1.0,5.0,-1,F,2023-10-28,he is no nice,"Tough grader, Lots of homework, Hilarious"
02,CS15122 - Carnegie Mellon University,CS15122,5.0,1.0,1,A,2023-11-16,"The course is fun overall but the lectures are kind of long. The lectures are sleepy, so you need to bring a pillow to the class. Also, you better bring a pillow for your pillow because your pillow may also fall asleep.",Inspirational
02,CS15122 - Carnegie Mellon University,CS15122,4.0,3.0,1,A,2023-12-17,"Illiano's a nice professor! Very responsive over Diderot. I remember looking at this page before I took the class and being very worried by all the reviews here - don't put too much stock into them.

Some of the grading of the writtens/exams often felt pedantic. The midterms are way too much of a time crunch (especially the first!) in my opinion.","Test heavy, Online Savvy"
02,CS15122 - Carnegie Mellon University,CS15122,1.0,5.0,-1,B,2023-12-19,Generational trauma @ CMU,"Tough grader, Test heavy"
02,CS15122 - Carnegie Mellon University,CS15122,1.0,5.0,-1,,2023-12-31,this course is so great,
02,CS15122 - Carnegie Mellon University,CS15122,1.0,5.0,-1,Incomplete,2024-02-16,"He is the complete opposite of the tags I chose. I had to leave campus for a sports event (varsity), so it's pretty important. But he chooses to not give us any extensions or any sort of help even though we do not have the same resources as on campus. He needs to treat his students the way he wants to be treated.","Amazing lectures, Gives good feedback, Respected"
02,CS15122 - Carnegie Mellon University,CS15122,1.0,5.0,-1,C+,2024-02-17,"This was not only conceptually difficult, but also very tedious. It truly was one of the hardest classes I took.","Tough grader, Lots of homework, Test heavy"
02,CS15122 - Carnegie Mellon University,CS15122,1.0,5.0,-1,B,2024-02-17,Very rude & condescending,
02,CS15122 - Carnegie Mellon University,15122C,1.0,5.0,-1,B+,2024-02-20,Grrrrrr Iliano is the worst,
02,CS15122 - Carnegie Mellon University,CS15122,1.0,5.0,-1,Rather not say,2024-02-20,His accent is so thick,"Tough grader, Lots of homework, Test heavy"
02,CS15122 - Carnegie Mellon University,CS15122,1.0,5.0,-1,C,2024-02-20,Just a terrible professor,"Tough grader, Lots of homework, Test heavy"
02,CS15122 - Carnegie Mellon University,CS15122,1.0,5.0,-1,C,2024-02-22,He is very unrealistic with what he expects from his students.,"Tough grader, Lots of homework, So many papers"
02,CS15122 - Carnegie Mellon University,CS15122,1.0,5.0,-1,C-,2024-02-22,"Apparently he makes the tests harder each year, which just messes everybody up. He is a terrible professor","Tough grader, Lots of homework, Test heavy"
02,CS15122 - Carnegie Mellon University,15122C,1.0,5.0,-1,C-,2024-03-14,Just terrible,"Tough grader, Lots of homework, Test heavy"
02,CS15122 - Carnegie Mellon University,15122C,1.0,5.0,-1,C-,2024-03-14,Has insanely high standards and is extremely strict,"Tough grader, Lots of homework, So many papers"
02,CS15122 - Carnegie Mellon University,15122C,1.0,5.0,-1,C-,2024-03-18,"He probably has a low EQ as he always talks in a condescending manner, even in lecture and OH.","Tough grader, Lots of homework, Test heavy"
02,CS15122 - Carnegie Mellon University,CS15122,1.0,5.0,-1,B,2024-04-12,"This course has been miserable. Do not take 15122 unless you absolutely have to, and if you do prepare to for a semester of pain.","Tough grader, Lots of homework, Lecture heavy"
02,CS15122 - Carnegie Mellon University,CS15122,4.0,5.0,-1,A,2024-05-07,Excellent lecturer but the course is very very hard... You have to do a lot of work for extra credits if you do not do good on exams. Do not take this course unless it is mandatory for your degree :(,"Tough grader, EXTRA CREDIT, Amazing lectures"
02,CS15122 - Carnegie Mellon University,CS15122,1.0,5.0,-1,B,2024-08-27,"I heard that he made the course easier where writtens are less valued in the course. However, the past semesters have struggled...","Tough grader, Lots of homework, Test heavy"
02,CS15122 - Carnegie Mellon University,CS15122,5.0,2.0,1,A,2024-10-15,"Iliano is an amazing lecturer but he is sarcastic to his students. However, I didn't go to OH a lot so it was fine for me.","Amazing lectures, Hilarious"
02,CS15122 - Carnegie Mellon University,CS15122,1.0,5.0,-1,A-,2024-10-30,He's honestly abrasive and doesn't care about his students. Sticks out like a sore thumb in the SCS faculty.,Tough grader
02,CS15122 - Carnegie Mellon University,CS15122,1.0,5.0,-1,C,2024-12-03,"He's honestly so bad, please avoid taking him at all costs. He doesn't teach you anything -  you have to teach yourself whatever is to be expected, and everyone in the class agrees upon this consensus. He is also one of the least empathetic people I've ever met. He literally said he doesnt care if your family or pet dies - your hw is still due.",
02,CS15122 - Carnegie Mellon University,CS15122,1.0,5.0,-1,Not sure yet,2024-12-06,made me cry in the 6th floor gates bathrooms after oh,"Lots of homework, Lecture heavy, Test heavy"
02,CS15122 - Carnegie Mellon University,15122C,1.0,4.0,-1,C,2024-12-07,"Probably the worst professor I've had at CMU. If possible, avoid him for 122, he does not care about his students and is completely unapproachable. Decent lecturer but that doesn't make up for how condescending and awful he is in person. Save yourself from a mountain of unnecessary stress if you can.",
02,CS15122 - Carnegie Mellon University,CS15122,1.0,5.0,-1,,2024-12-10,Unnecessarily difficult for what the course is. Wording of the questions are incredibly confusing for no reason. Absolutely tragic.,"Get ready to read, Lots of homework, Test heavy"
02,CS15122 - Carnegie Mellon University,CS15122,1.0,5.0,-1,,2025-01-14,no bueno para estudiar con iliano. le recomiendo que toca anne,"Tough grader, So many papers, Lecture heavy"
02,CS15122 - Carnegie Mellon University,CS15122,5.0,4.0,1,,2025-01-29,He is very understanding and caring. He was extremely helpful and supportive when I had personal issues during the school year. In addition the course materials were certainly very useful - prepares you well for future classes and career in cs.,Caring
02,CS15122 - Carnegie Mellon University,CS15122,1.0,5.0,-1,A,2025-03-17,Just not a good guy nor a professor,
02,CS15122 - Carnegie Mellon University,CS15122,1.0,4.0,-1,Not sure yet,2025-04-02,"I don't really find him very useful, since the writeups for some of the practice problems are just not worded in a way that an average person can understand them.","Get ready to read, Beware of pop quizzes, Test heavy"
02,CS15122 - Carnegie Mellon University,CS15122,5.0,5.0,1,A,2025-04-18,"Tough class, will effectively be a part-time job in itself on top of the rest of your courses, I clocked in probably an average of 25 hours a week. But you learn a lot, and the professor is genuinely good at teaching, plus there are abundant resources. I got several 70% grades on check-ins halfway through but turned it around.","EXTRA CREDIT, Clear grading criteria, Lots of homework"
02,CS15122 - Carnegie Mellon University,CS15122,1.0,5.0,-1,C,2025-04-30,Dont take his course unless you have to,Tough grader
02,CS15122 - Carnegie Mellon University,CS15122,1.0,4.0,-1,B,2025-05-06,"Avoid him by all means. He is not understanding of students situations, both financially and emotionally. Personally I did not have issues but so many of my classmates had issues because he required students to get a tablet when they couldn't afford it. In terms of teaching he clearly thinks he has gods gift, but he does not, he is just rude.",Tough grader
02,CS15122 - Carnegie Mellon University,CS15122,1.0,5.0,-1,B,2025-05-06,Bad prof avoid at all costs,
02,CS15122 - Carnegie Mellon University,CS15122,1.0,5.0,-1,C+,2025-05-08,Iliano lacks any care towards his students,
02,CS15122 - Carnegie Mellon University,CS15122,5.0,4.0,1,,2025-05-11,"Prof Iliano is an effective, clear lecturer, and his class is very well-organized. I believe the negative comments about his personality are outdated. He is nice now and hilarious during lectures.","Get ready to read, Amazing lectures, Hilarious"
02,CS15122 - Carnegie Mellon University,CS15122,5.0,4.0,1,A,2025-05-15,"Fantastic lectures, difficult but extremely rewarding class.","Amazing lectures, Clear grading criteria, Lots of homework"
02,CS15122 - Carnegie Mellon University,CS15122,1.0,5.0,-1,D,2025-05-21,"I genuinely believe that this professor is evil. He actively searches for students who are cheating, and you can get falsely accused and you will get a NEGATIVE 100 score on that assignment. The line to get an appeal takes over a semester because so many people are accused. Highly highly avoid this professor if you can.","Tough grader, Get ready to read"
02,CS15122 - Carnegie Mellon University,CS15122,1.0,5.0,-1,Not sure yet,2025-11-17,"Illiano is literally trying not to be a human with his new grading criteria. A lot of people had to drop the class because 72% of your final grade is based on min (weekly quizzes, homework). His class average may seem a little reasonable because all the Cs and some low Bs dropped, so the ones remaining are just As and high Bs competing.","Hilarious, Test heavy, Graded by few things"
02,CS15122 - Carnegie Mellon University,CS15122,1.0,5.0,-1,B,2025-11-17,"Iliano has designed 122 in an evil manner, taking the minimum grade of your weekly quizzes and your programming projects for 72% of your grade.that means all my programming projects, well over 50 hours of work this sem. will have been for nothing. Iliano is evil and has no regard for his students effort. Good luck if you ever take 122.",Tough grader
02,CS15122 - Carnegie Mellon University,15122C,1.0,5.0,-1,C,2025-11-21,I don't want to study cs anymore after taking his 15122 in spring.,"Tough grader, Lecture heavy, Test heavy"
02,CS15122 - Carnegie Mellon University,CS15122,1.0,5.0,-1,Not sure yet,2025-11-29,"No class at CMU has made me feel this terrible ever in my life. Every week, it feels like a boulder is resting on your shoulders but will never fall off unless it just crushes you. This class made me burnout so quickly that I'm rethinking my major and future plans since I've never put in so much work into something just to get nothing back.","Tough grader, Lots of homework, Test heavy"
02,CS15122 - Carnegie Mellon University,CS15122,1.0,5.0,-1,Not sure yet,2025-12-02,"I am friends with TAs who have given me info on Iliano's grading system. It's designed to punish students cheating with AI, but it instead makes the course weigh 97% on in-class quizzes and the final exam, with our long homeworks being worth 0%. The average looks good, but it's because so many people already know these topics or dropped the course.","Tough grader, Test heavy, Graded by few things"
02,CS15122 - Carnegie Mellon University,15122C,5.0,1.0,1,A+,2025-12-15,-   -  -  -,Caring
02,CS15122 - Carnegie Mellon University,CS15122,1.0,5.0,-1,A,2025-12-15,"Genuinely Prof Iliano needs to read the questions on Ed. Whenever someone asks a completely reasonable question about content on an assignment/upcoming weekly quiz, he always says something like ""read it more closely"" even when the question is reasonable and it's clear that ""reading it more closely"" or ""thinking about it more"" isn't going to help.",Tough grader
02,CS15122 - Carnegie Mellon University,15122C,1.0,5.0,-1,Rather not say,2025-12-25,"Taking this class felt like paying thousands to be gaslit twice a week. The professor doesn't teach&#8212;they walk in, read a dated PowerPoint in a monotone, and call it a lecture. When I asked about a grade, I got a blank stare. If you like confusion and teaching yourself via 2 a.m. YouTube, this is the prof for you.",
02,CS15122 - Carnegie Mellon University,15122C,1.0,5.0,-1,F,2025-12-25,"Avoid this professor if you value your GPA and sanityThey are incredibly unorganized, and the syllabus is more of a suggestion than a rule. Assignments are graded based on arbitrary criteria that aren't mentioned in the prompts, and feedback is non-existent.","Tough grader, Lots of homework, Test heavy"
02,CS15122 - Carnegie Mellon University,15122C,1.0,5.0,-1,Rather not say,2025-12-25,-- - - - - - - -,"Tough grader, Lots of homework, Test heavy"
02,CS15122 - Carnegie Mellon University,15122C,1.0,5.0,-1,B,2025-12-25,Very Harsh,
02,CS15122 - Carnegie Mellon University,CS15122,5.0,3.0,1,A,2026-01-06,"Probably the most overhated professor at CMU. Checkins were fair with respect to course content taught and tons of practice were given before every checkin. Professor was also very approachable in OH. If you understand the practice materials given deeply, you will do well in the class.",
02,CS15122 - Carnegie Mellon University,CS15122,1.0,5.0,-1,A,2026-01-23,the rating score is inflated.,"Tough grader, Hilarious"
02,CS15122 - Carnegie Mellon University,CS15122,4.0,4.0,1,A,2026-02-17,"Iliano is an experienced professor with extremely detailed slide decks. He gets a lot of unwarranted hate for his strict AIV policy, but he has it because he cares about the rigor of the class, and that people truly understand the material. That passion comes through in his teaching, and he's a pretty funny guy when you get past the rough exterior.","Clear grading criteria, Lots of homework, Respected"
02,CS15122 - Carnegie Mellon University,15122C,1.0,5.0,-1,B,2026-02-25,dont take it,"Tough grader, Lots of homework, Test heavy"
02,CS15122 - Carnegie Mellon University,CS15122,1.0,4.0,-1,Not sure yet,2026-03-25,Take Anne instead,"Tough grader, Lots of homework, Test heavy"
02,CS15122 - Carnegie Mellon University,CS15122,2.0,5.0,-1,,2026-04-15,"The prep materials we got is NOT useful. The syllabus is unfriendly and I feel deparate for this course. The profs just gave out weird questions that we've NEVER practices before. They just said we need to practice more and find a good method. I am not enjoying this course, I'm suffering.","Tough grader, Participation matters, Test heavy"
02,CS15122 - Carnegie Mellon University,15122C,5.0,5.0,1,A,2026-04-27,"Incredible learning experience. Tough, rewarding class.","Tough grader, Amazing lectures, Test heavy"
02,CS15122 - Carnegie Mellon University,CS15122,1.0,4.0,-1,B,2026-05-31,"He tries to make lectures interesting, but I personally don't think he succeeded much at it. One of his worst traits is how he answers discussion board questions with his own questions or ""read the prompt more carefully."" You actually have to pray that a TA or the other prof answers your Ed questions instead if you want anything helpful.",
02,CS15122 - Carnegie Mellon University,CS15122,4.0,3.0,1,,2026-06-09,"Clear lectures, fair exams.",
03,CS2110 - Cornell University,CS2110,4.0,3.0,1,Not sure yet,2025-11-19,"Prelims were pretty difficult and the homework is such a pain, but Matt's lectures made the class bearable as they were very engaging and interesting. He also is always helping and answering questions on Ed and making sure you understand the material","Lots of homework, Caring, Accessible outside class"
03,CS2110 - Cornell University,CS2110,4.0,4.0,1,Incomplete,2025-11-20,"He makes really hard assignments especially the last few, which can take up to 15-20 hours. He also teaches certain topics in a very theoretical way. For example, instead of applying data structures to solve problems, he asks you to create the methods of the data structure yourself. Overall good class and doable prelims, but hard assignments.","Tough grader, Respected, Accessible outside class"
03,CS2110 - Cornell University,CS2110,5.0,4.0,1,,2025-12-03,"Great lectures and great lecture notes. Really supportive professor who is very willing to help outside of class. Provides practice prelims very similar to real ones. However, homework assignments are long and very harshly graded.","Tough grader, Participation matters, Accessible outside class"
03,CS2110 - Cornell University,CS2110,3.0,4.0,1,A,2025-12-21,Overall a good lecturer and very available outside of class. I really appreciate how he has good notes/exercises for each lesson. Generous grading/grade weighting. However the hw takes hours/days and requires you to camp on Edstem because he expects something that wasn't in the assignment handout and the only way to know is to see his Ed posts.,"Lots of homework, Caring, Accessible outside class"
03,CS2110 - Cornell University,CS2110,5.0,2.0,1,A,2025-12-24,"Great lecturer and writes excellent lecture notes. Very responsive and helpful on Ed. HW can be tedious/annoying but not difficult to get high grades if you put in some time. Exams are very fair, and practice exams are extremely similar to actual ones. Overall course grading is very transparent.","Amazing lectures, Caring, Accessible outside class"
03,CS2110 - Cornell University,CS2110,4.0,3.0,1,A,2025-12-31,Really good lectures and knows data structures really well. Tests were very straightforward and clearly based on the practice materials. Assignments got reworked for FA25 and were long but not entirely useful.,"Tough grader, Amazing lectures"
03,CS2110 - Cornell University,CS2110,5.0,5.0,1,A-,2026-01-06,"Matt is fun and he is patient, but I just hate CS 2110 material .......","Participation matters, Lots of homework, Test heavy"
03,CS2110 - Cornell University,CS2110,5.0,5.0,1,,2026-02-05,goated teacher,
03,CS2110 - Cornell University,CS2110,5.0,3.0,1,A-,2026-02-24,"The class is well organized and structured for student success. Expectations and grading criteria are clearly outlined for assignments and exams. There is plenty of practice material, along with helpful exam reviews and accessible office hours. Overall, the learning environment is supportive and comfortable.",Clear grading criteria
03,CS2110 - Cornell University,CS2110,1.0,5.0,-1,Drop/Withdrawal,2026-03-17,&#27888;&#21335;&#20102;&#65292;&#38634;&#29997;&#20111;&#20102;&#65292;&#31181;&#36807;&#20219;&#34917;&#33647;&#36713;&#21834;&#65281;&#65281;&#65281;&#65281;&#65281;&#65281;&#65281;,"Tough grader, Lots of homework"
03,CS2110 - Cornell University,CS2110,1.0,5.0,-1,Drop/Withdrawal,2026-03-19,Eichhorn is super disorganized in his lectures and I can barely understand his handwriting. No curve in the class and the assignments are SUPER hard to do good in. TAs in office hours DO NOT help AT ALL. Walker was much better so please lower your expectations for Matt.,"Tough grader, Participation matters"
03,CS2110 - Cornell University,CS2110,3.0,3.0,1,A-,2026-05-01,"not that engaging lectures. compared to other engineering classes i would say courseload is reasonable and difficulty of prelims is slightly easier. lectures can just be rlly boring and he spends a lot of time writing stuff down on his slides. i honestly find michael xing, who he sometimes has lecture, more interesting. nice guy though","Participation matters, Clear grading criteria"
03,CS2110 - Cornell University,CS2110,3.0,3.0,1,B+,2026-05-23,Generally good class. If you choose attendance based grading iClicker is annoying but discussions are very helpful. Some TA's better than others. Lectures weren't particularly helpful. Be careful with your choice of partner. Practice tests are identical to exams,Group projects
03,CS2110 - Cornell University,CS2110,4.0,3.0,1,A+,2026-05-29,"Lectures aren't the most engaging but if you can pay attention the whole time he's actually very good at explaining things. Homework difficulty builds up through the semester. Very reasonable grading and attendance policy, and grades are transparent. The lecture notes and exercise are great practice, and practice exams are very similar to exams.",
03,CS2110 - Cornell University,CS2110,4.0,4.0,1,A-,2026-06-03,"Good lecturer and accessible outside of the lecture. Prelim and final are interchangeable compared to the practice exams, which were very helpful. However, assignments towards the end of the semester have no consideration for students' workload and can take upwards of 15-20 hours. Grading for assignments is harsh as well.","Lots of homework, Accessible outside class"
03,CS2110 - Cornell University,CS2110,5.0,4.0,1,B+,2026-06-15,"Incredibly knowledgeable and caring professor. His lecture notes are very detailed, which may increase the difficulty but definitely also the learning. He was patient in answering questions during office hours and genuinely cares about students. Very responsive on Ed and has a clear grading rubric.","Amazing lectures, Clear grading criteria, Caring"
04,CS5800 - Northeastern University,CS5800,5.0,4.0,-1,,2012-04-23,"Taught very well, but his grading methods are a bit harsh and also his exams have no time limit, i.e. you can sit in the classroom anywhere from 1 hr to 10 hrs.",
04,CS5800 - Northeastern University,CS5800,5.0,3.0,-1,A,2016-01-26,Great prof and a great course to take,
04,CS5800 - Northeastern University,CS5800,5.0,2.0,-1,,2016-04-21,Awesome as a Person :),
04,CS5800 - Northeastern University,CS5800,4.0,4.0,-1,A,2016-04-22,97,
04,CS5800 - Northeastern University,CS5800,5.0,5.0,1,,2016-11-03,Great classes,"LOTS OF HOMEWORK, ACCESSIBLE OUTSIDE CLASS, Amazing lectures"
04,CS5800 - Northeastern University,CS5800,5.0,4.0,1,,2017-03-07,I still remember the lines he told us in first lecture: Grades wont matter. What matter is how we think at the end of the semester. #CS5800,"Respected, LOTS OF HOMEWORK, ACCESSIBLE OUTSIDE CLASS"
04,CS5800 - Northeastern University,CS5800,5.0,4.0,1,,2017-08-20,"By far, one of the best professors at NEU. Has a great grip over the subject he teaches. He has been instrumental in making me think about a problem in the right way. Also, it wouldn't be fair to not mention about the exams. Don't include straightforward out-of-texbook questions and the exam duration is not definite. An inspiring professor!!","Tough Grader, Inspirational, ACCESSIBLE OUTSIDE CLASS"
04,CS5800 - Northeastern University,CS5800,5.0,4.0,1,,2018-03-08,"A great professor. He will make sure you don't get messed up in the mathematics of the subjects. Gives a great start to every topic. If you attend the lectures, you will learn a lot. He will make sure he comes down to your level and explains the concept. Make good notes and you are good to go!","Respected, Inspirational, Amazing lectures"
04,CS5800 - Northeastern University,CS5800,5.0,4.0,1,Not sure yet,2019-09-20,One of the best decisions of my life is to take a class under him. He keeps the lectures very interesting and he will come to TA hours to help the students. He is the best.,"Gives good feedback, Inspirational, Amazing lectures"
04,CS5800 - Northeastern University,CS5800,5.0,4.0,1,,2019-11-22,Hes the best professor in Northeastern. I extremely enjoyed the experience of taking algorithms course under him. He teaches very well and conducts office hours for 3-4 hours atleast 2 days/week. The office hours are more or less like a class where he explains every single question of each student. But his midterm is very tough and 8-9 hours long,"Respected, Inspirational, Amazing lectures"
04,CS5800 - Northeastern University,CS5800,1.0,5.0,0,B,2021-09-16,Awwfull ! cannot explain some questions and topics well.,Tough grader
04,CS5800 - Northeastern University,CS5800,1.0,3.0,0,A-,2021-09-17,Terrible! We learned our exam grade 5 weeks after the exam.,"Lots of homework, Lecture heavy"
04,CS5800 - Northeastern University,CS5800,1.0,5.0,-1,Drop/Withdrawal,2022-04-14,"Honestly one of the most condescending people I have ever met. He is a very smart man, and he makes sure you know that, but his teaching leaves a lot to be desired. Also, the turnaround times for homework and exam grades are horrible.",
04,CS5800 - Northeastern University,CS5800,2.0,5.0,-1,C-,2022-07-05,"PLEASE DONT TAKE THIS CLASS! YOU CAN attend his lecture and he teaches pretty well. But IF YOU ARE CONCERNED ABOUT GRADES, DONT TAKE IT!!!",
04,CS5800 - Northeastern University,CS5800,2.0,5.0,-1,Drop/Withdrawal,2022-08-02,"Smart guy, realistic, and upfront about the difficulty of this class, but that doesn't really help when this class is a core req for several programs. Your whole grade basically depends on the midterm + final, and he makes the midterm so hard that ""faculty would have failed this exam"" (his own words). 60+% of students dropped the class  this term.","Tough grader, Lots of homework, Graded by few things"
04,CS5800 - Northeastern University,CS5800,5.0,5.0,1,A-,2022-08-24,"One of the best and most productive classes I ever took! Professor cares about his students, the thing is you have to figure out whether you are up for this challenge or not. He is open and honest about the difficulty, I still remember his words ""In the end grades won't matter, what will matter is how we think about solving problems"".","Tough grader, Amazing lectures, Respected"
04,CS5800 - Northeastern University,CS5800,5.0,5.0,1,A,2022-08-26,Prof.Pavlu explains things very well so if you follow him during the lectures you can understand the concepts pretty well. Assignments are hard but they really helped me understand the lectures better. I learned so much from him this semester and would love to take another course with him again.,"Amazing lectures, Lots of homework, Accessible outside class"
04,CS5800 - Northeastern University,CS5800,4.0,4.0,1,A,2022-08-26,"There are many topics that the professor could explain better, and provide more straightforward demos. But overall, Prof. Pavlu does a decent job and this course(CS5800) covers the essential materials. I cannot complain about that.","Lots of homework, Caring"
04,CS5800 - Northeastern University,CS5800,5.0,5.0,1,A-,2022-10-31,Great teaching,
04,CS5800 - Northeastern University,CS5800,5.0,5.0,1,B,2022-12-19,"Professor Virgil is amazing, and it is very evident he cares about his students. The final grade was essentially determined by an 8-hr midterm and 6-hr final that have a high level of difficulty. Virgil is very receptive to feedback and provides many resources that can help you succeed in the class. However, expect to put in at least 20 hrs/week.","Lots of homework, Lecture heavy, Test heavy"
04,CS5800 - Northeastern University,CS5800,1.0,5.0,-1,Not sure yet,2023-04-17,"Very smart guy, but covering the content of the lecture is prioritized over people actually understanding what he has to say. Can be condescending at times, and uses ""this is a standard undergraduate exercise"" too often. His mid-term was a challenge, and that was by far my favorite part as it pushed my to actually get good at algorithms.","Tough grader, Lots of homework, Test heavy"
04,CS5800 - Northeastern University,CS5800,2.0,4.0,-1,Not sure yet,2023-04-17,"Professor Pavlu is extremely bright but his lectures are difficult to follow and he is very condescending. He often talks about how easy many concepts should be, which discouraged many students struggling with the material. Most stopped attending by the end of the semester.","Respected, Graded by few things"
04,CS5800 - Northeastern University,CS5800,5.0,5.0,1,A,2023-08-09,"I'm here to comment just because of his ""some Russians live forever"" joke. 

Best professor at Northeastern anyway.","Amazing lectures, Inspirational, Accessible outside class"
04,CS5800 - Northeastern University,CS5800,5.0,5.0,1,B,2023-12-19,"The best professor at NEU. He is tough, but the outcome of the course is worth the struggle.","Tough grader, Amazing lectures, Lots of homework"
04,CS5800 - Northeastern University,CS5800,5.0,5.0,1,A-,2024-12-03,"A very hard prof., but a very good one as well. For a grade class, the homeworks he gives can take 20+ hours, which is what he expects, and the exams are long and hard, but you will get a lot out of his course. He gives great lectures and is more than willing to work with students to help you succeed, despite being a very challenging course.","Amazing lectures, Lots of homework, Caring"
04,CS5800 - Northeastern University,CS5800,5.0,5.0,1,A,2024-12-17,"He's a very inspirational and motivating lecturer. His section is definitely twice as hard as the other sections, but in terms of knowledge and what you get out of the course, much better too. HWs are incredibly time-consuming, midterm is 8-hours (pizza provided) and the final is 6-hours long. Going to Office Hours are very helpful!","Amazing lectures, Lots of homework, Graded by few things"
04,CS5800 - Northeastern University,CS5800,5.0,5.0,1,Not sure yet,2025-11-24,im not a masochist but this class be turning me into one,"Lots of homework, Respected, Test heavy"
04,CS5800 - Northeastern University,CS5800,5.0,4.0,1,A,2026-04-01,"He is one of the best professors in the computer science department. The lectures are amazingly explained, you will gain a lot of intuition just by listening to the lectures and solving the homework problems.","Amazing lectures, Lots of homework, Respected"
05,CSE114 - Stony Brook University,CSE114,5.0,1.0,-1,,2011-10-02,"You will learn JAVA with this professor. He helps a lot with the homeworks if you go to his office hours. It's important to him that everyone programs and learns a lot, but he is a good grader. I had a problem with the grades that the TA gave me for the homework and the professor fixed it in 1 minute. He checked everything and gave me the credit.",
05,CSE114 - Stony Brook University,CS114,2.0,5.0,-1,,2011-12-12,"Well, he is a pretty good professor, but this class is so demanding, 2 mandatory lab every week and each lasts for 80 minutes. So it will be like you are going to 2 lectures for only 4 credits. Taking it in summer will be probably a better choice.",
05,CSE114 - Stony Brook University,CSE114,3.0,5.0,-1,,2011-12-13,I took this as one of my electives for my major and now I regret. The professor is hard.,
05,CSE114 - Stony Brook University,CSE114,5.0,1.0,-1,,2011-12-16,He is very helpful and teaches well. You cannot skip all classes and come later to learn everything in one week. He helped me a lot when I got sick and missed 3 weeks.,
05,CSE114 - Stony Brook University,CSE114,5.0,4.0,-1,,2011-12-18,"Yes, he works very hard for his students and yes the course material difficulty grows exponentially. Its a lot more than I expected from an intro-level course.",
05,CSE114 - Stony Brook University,CSE114,5.0,1.0,-1,,2011-12-20,Extremely helpful teacher. Very motivated for the student's success.,
05,CSE114 - Stony Brook University,CSE114,5.0,1.0,-1,,2011-12-20,take the class with him,
05,CSE114 - Stony Brook University,CSE114,5.0,1.0,-1,,2011-12-21,"Dr.Fodor is one of the best, and newest guys our CS department has. He is arguably, the most approachable professor in SBU. Those who are badmouthing him are clearly the ones who expected this course to be an easy A. With all due respect, if you work hard and put enough effort in this class, you could wind up with a good grade. Fodor for president!",
05,CSE114 - Stony Brook University,CSE114,5.0,2.0,-1,,2012-02-01,"Really nice guy, but the lack of important material covered is really hurting me in 214. Had to learn how to use things like sparky and javadocs in 214 when he should of made us use them in 114.",
05,CSE114 - Stony Brook University,CSE114,5.0,1.0,-1,,2012-02-05,"He teaches really well and gives a quiz each class. These quizzes are quite good and relevant to the material. I never learned programming languages before, so I learned quite a lot in the first 4 classes. He went slow the first two weeks for us to catch up with the terminology, but then taught a lot of new material. He is really helpful!",
05,CSE114 - Stony Brook University,CSE114,4.0,5.0,-1,,2012-03-03,"Find class very hard. Came to every lecture and lab.No offense to Mr. Fodor, as he is nice and approachable, but his lectures are a waste of time. You have to spend many many hours teaching yourself  to have a chance of success. hws,labs, project =25% of grade, 75% is tests. me=perfect grades on everything but the 9 page test.Not fan grading system",
05,CSE114 - Stony Brook University,CSE114,4.0,2.0,-1,,2012-04-08,"His class is pretty cool. You may feel bored at the first time, but class level goes up after first midterm. If you follow his class carefully, you can get an A easily. Also you can understand basic JAVA.",
05,CSE114 - Stony Brook University,CSE114,5.0,1.0,-1,,2012-04-09,"In CSE 114 course of last semester, this professor impressed me. When some students asked stupid questions, he explained in a calm and orderly way.When he explained complex concepts, he gave me familiar examples. It helped me to understand. In the lap, I was able to review what I studied in lectures. It was practical.",
05,CSE114 - Stony Brook University,CSE114,3.0,4.0,-1,,2012-04-13,This is one of those classes where you can study for hours yet still fail the exam. The exams are very long and much more difficult than the homework and labs. Attendance is mandatory but you can learn better from just reading the textbook and programming on your own time. Fodor is ok but basically just reads from the slides.,
05,CSE114 - Stony Brook University,CSE114,5.0,5.0,-1,,2012-04-17,"Paul is very helpful. He has an accent but it does not get in the way of his teaching. The class was hard but he explained everything very well so there should be no problem getting a good grade. Overall, Paul is a great professor, he is extremely helpful in class, office hours and by emails.",
05,CSE114 - Stony Brook University,CSE114,2.0,4.0,-1,,2012-05-06,"If you know how to program this class is ok. He just reads from the slides that are taken from the textbook and offers no additional explanation. The second midterm average was 42; that pretty much tells you all you need to know. If you've never programmed before, this class will destroy you unless you spend all your time studying.",
05,CSE114 - Stony Brook University,CSE114,5.0,1.0,-1,,2012-05-12,"He is probably the easiest professor among those who teach this class. He is also very nice, but I will not say his teaching is the best in the world.",
05,CSE114 - Stony Brook University,CSE114,1.0,5.0,-1,,2012-05-12,"Reads straight from the slides which you can learn on your own. Hard exams, terrible accent and overall disorganized. Stay away. You will regret it and have been warned.",
05,CSE114 - Stony Brook University,CSE114,5.0,1.0,-1,,2012-05-14,"The  class was a lot of work, but Prof. Fodor was very helpful and  nice. He made time to answer my questions after the class and  during his office hours, he always made sure that I understood the material.  I would recommmend him anytime",
05,CSE114 - Stony Brook University,CSE114,5.0,3.0,-1,,2012-05-20,Great professor! If you don't think the TAs graded your test properly go over it in his office hours and he'll give you the points you deserve. Fun class,
05,CSE114 - Stony Brook University,CSE114,5.0,1.0,-1,,2012-06-07,Provides clear explanations and great examples. Knows how to relate to students and is very knowledgeable. Scored a great internship after working with him for one semester. Highly recommended.,
05,CSE114 - Stony Brook University,CSE114,4.0,2.0,-1,,2012-08-22,"Very easy class, especially if you know some programming. Labs and HWs can be unclear at times, but usually if you do what you think is right, it probably is. I did labs before my class and just went to lab to show the TA. Very easy stuff. Professor is really nice and willing to help. He seems confused sometimes though, but overall a nice guy.",
05,CSE114 - Stony Brook University,CSE114,5.0,1.0,-1,,2012-09-18,Its a pretty easy course if you know JAVA already and have an inclination to learn more. The professor is really good and very nice. He will personally sit with you and help you out in any kind of problem you may have in the course. He is also very understandable and lenient in a case of unexpected turn of events.,
05,CSE114 - Stony Brook University,CSE114,5.0,3.0,-1,,2012-09-20,"Prof. Fodor is very helpful if you go to him with any questions. He also provides sample exams which help you to study for the exam. If you have done JAVA before, the class is even easier but even without that you could do well, just pay attention to lectures and study hard!",
05,CSE114 - Stony Brook University,CSE114,5.0,3.0,-1,,2012-12-03,"Professor Paul is one of my admirable teacher in Stony Brook University. He is always friendly, willing to help his students, and encourages them to study for the subject. I have taken his classes, CSE 114 and 215, and realized that I am very lucky to have him for those classes. He is an excellent professor ever in CS department.",
05,CSE114 - Stony Brook University,CSE114,5.0,1.0,-1,,2013-01-18,"Very good teacher ever. He is very kind, and his class is full of passion. I am in his CES 114 and found very easy to learn Java. It's better to attend this class if you have experience in programming. When you are not satisfied with your grade, you can always go to his office and discuss about the problems, he will give you a proper explanation.",
05,CSE114 - Stony Brook University,CSE114,4.0,2.0,-1,,2013-02-17,"Really NICE professor!!Great enter-level programming class CSE114. I never learned JAVA before I took his class, and with his help, I end up get an A on the course. Although his class might be hard, or requires logic process, it was  INTERESTING. Highly recommend to go cselab for the class. It was helpful!!",
05,CSE114 - Stony Brook University,CSE114,5.0,1.0,-1,,2013-02-20,"Clear slides. Office hour is very helpful. I learned the most part of  materials from lab as well. And he is very kind friendly professor! if you are an international student, take his CSE114. He gives clear explanation for homework and projects. Highly recommend his CSE114 course!",
05,CSE114 - Stony Brook University,CSE114,5.0,2.0,-1,,2013-03-09,"Awesome professor, interesting class, and helpful labs.  Paul has rich experience and gives me many valuable advices. He provides very clear slides and explains everything clearly to help us understand the difficult point. Homework and labs are very interesting and helpful. It is worth taking this course if u want to be good  at Java.",
05,CSE114 - Stony Brook University,CSE114,5.0,3.0,-1,,2013-03-21,"Paul Fodor is an excellent professor, one who cares highly for his students. He's nice, and he is very helpful in his office hours. His homework and labs are relatively easy, but his exams are crushingly difficult if you don't study well enough for them before hand, but that's true for any  science course. Professor Fodor is excellent.",
05,CSE114 - Stony Brook University,CSE114,5.0,1.0,-1,,2013-05-11,"Prof. Fodor is probably one of the most helpful and passionate professors at Stony Brook. CSE 114 is a ton of work regardless of what professor you have, but Prof. Fodor made the class incredibly enjoyable and was always extremely available to help- the man responded to all my emails within like two hrs! Don't take if you aren't prepared to do work",
05,CSE114 - Stony Brook University,CSE114,4.0,2.0,-1,B,2013-09-25,"Paul was a professor of mine in my Computer Science I course. As a lecturer, he is clear and concise with his presentations and always prepares his slides for each class. He takes every opportunity to clarify core concepts whenever needed. While learning from Paul, I was never lost or confused.",
05,CSE114 - Stony Brook University,CSE114,5.0,2.0,-1,,2013-09-29,"The instructor's teaching is very interesting, and informative. The instructor is very clear and organized with with the material. The instructor is also very helpful and friendly.",
05,CSE114 - Stony Brook University,CSE114,5.0,2.0,-1,,2013-10-15,"Very helpful professor. He's friendly, and always takes time out of his schedule to help us out. He explains things fully, is gentle with the curve, and is pretty big on partial credit. Probably one of the best professors I've had thus far.",
05,CSE114 - Stony Brook University,CSE114,5.0,2.0,-1,,2013-10-18,"Professor Paul is very devout instructor. In my opinion, he welcomed questions related to the course materials, even some minor questions. His course was so helpful for me to develop basic Java Programming skill for upper course. Also, he tried to communicate with students very eagerly. I would highly recommend taking his courses for others!",
05,CSE114 - Stony Brook University,CSE114,5.0,2.0,-1,,2013-10-18,"Professor Paul is very devout instructor. In my opinion, he always welcomed questions related to the course materials, even some minor questions. His course was so helpful for me to develop basic Java Programming skill for upper course. Also, he tried to communicate with students very eagerly. I would highly recommend taking his courses for others!",
05,CSE114 - Stony Brook University,CSE114,5.0,2.0,-1,,2013-10-19,"Professor Fondor is very helpful.He is the best professor I have had in college. Look at the slides ,take notes and DO the Homework, then you can get an A",
05,CSE114 - Stony Brook University,CSE114,5.0,1.0,-1,B,2013-11-26,Prof Fodor is very helpful teacher and he is very patient to answer your questions. His lectures are well organized and super clear. He respects his students and we all like him very much.,
05,CSE114 - Stony Brook University,CSE114,5.0,1.0,-1,,2013-11-28,most helpful and nice professor ever! the amount of homework is good and the easiness of the exams is great too.,
05,CSE114 - Stony Brook University,CSE114,5.0,2.0,-1,,2013-12-25,I'm not rating him here. But I can tell a story about him. One day I was in Student Union and saw him standing next to the window. He was checking email and uploading grade for student as well as replying email. What else can I say? He is sooo good!,
05,CSE114 - Stony Brook University,CSE114,5.0,2.0,-1,,2014-01-13,"Professor Fodor is definitely one of the best professors I ever had in CS in Stony Brook. This class requires a bit effort, but the professor is being very clear in class and helpful in office hour. There will be extra credits and extended office hours. The tests are fair. Very good introductory course.",
05,CSE114 - Stony Brook University,CSE114,4.0,2.0,-1,,2014-02-20,"Professor Fodor is a great professor. He is mad chill. If you need help he is always willing to assist you. He is very fair with exams and homeworks. If there is a grading issue you can just go to his office hours and he will fix it. If you get a chance to take his course, you won't be disappointed.",
05,CSE114 - Stony Brook University,CSE114,5.0,3.0,-1,,2014-02-20,"Very kind professor who seems genuinely invested in the success of his students. He's very helpful if you reach out to him (prompt email responses and available office hours). With the right amount of effort, you should do fine in his class.",
05,CSE114 - Stony Brook University,CSE114,5.0,2.0,-1,,2014-03-04,"Very clear in his leactures. He makes sure that you understand the material presented. The lactures can seem like they drag on, but its only to make sure that you understand the material. Very good professor.",
05,CSE114 - Stony Brook University,CSE114,5.0,2.0,-1,,2014-03-10,Fodor is one of the best professors I've had. Very approachable and always willing to help when he can. I would recommend taking this course with him.,
05,CSE114 - Stony Brook University,CSE114,5.0,3.0,-1,A,2014-03-11,"He really devotes to his classes. For CS Students, CSE114 is very essential and he's the best professor who delivers the knowledge effectively.",
05,CSE114 - Stony Brook University,CSE114,3.0,4.0,-1,,2014-04-06,"His explanations are not too great mostly due to bad analogies, but they are good enough if you try to understand. Office hours are crowded because he teaches a lot of CSE classes so get there early. Very helpful, will give you points back on tests and take into account your academic situation.",
05,CSE114 - Stony Brook University,CSE114,3.0,4.0,-1,B,2014-06-06,"nice professor! His lectures arent very clear and provides plenty of not helpful examples, because final test was total different than exmples, and was so hard!!!!!!!",
05,CSE114 - Stony Brook University,CSE114,5.0,2.0,-1,,2014-06-09,"Fodor is the most helpful and kind professor in SBU. Some of his tests are hard but it prepares you well for the upper level classes. If you do the labs and homeworks properly, you will do well in exams",
05,CSE114 - Stony Brook University,CSE114,1.0,5.0,-1,B,2014-07-14,this guy is terrible. he doesnt make you understand anything goes off on and on about stuff you wont get if you dont study 10 hours a day.,
05,CSE114 - Stony Brook University,CSE114,5.0,2.0,-1,A,2014-09-11,"Professor Paul is willing to help students by all means. Lecture materials are concrete and well-organized. Even though there are a lot of works, they really help guide you through the course. Strongly recommend Professor Paul's classes.",
05,CSE114 - Stony Brook University,CSE114,5.0,3.0,-1,,2014-09-14,"Really good professor, definitely take him if you have the chance. Yes he's not easy, but you will learn a lot and I guarantee you will be happy you took him. Even after suffering through some crazy exams I really enjoyed it. He's always happy to go over material in class or in office hours and answer all questions.",
05,CSE114 - Stony Brook University,CSE114,3.0,4.0,-1,B-,2014-10-04,Took CSE 114 second semester freshman year,
05,CSE114 - Stony Brook University,CSE114,5.0,4.0,-1,A+,2014-10-05,"Professor Fodor is wonderful. Although Computer Science by default is difficult, and  the pace of the course is extremely fast, he is always available to help and encourages everyone to ask as many questions as they please. The tests he gives are rather difficult, but if you study the lecture notes, you'll be fine -- especially with the curve.",
05,CSE114 - Stony Brook University,CSE114,5.0,3.0,-1,B+,2014-10-14,"Great professor. Class is pretty straightforward even for someone like me who had only programmed in BASIC before college. Was very close to getting A- but the final was pretty difficult and it was hard to hand write all those programs in that time frame. If you read the textbook and know the concepts, you will do well.",
05,CSE114 - Stony Brook University,CSE114,5.0,3.0,-1,B+,2014-10-15,"Fodor tries his best to teach the class, his efforts are made clear when you go to him for help.  The assignments are very clear, and you can pass em by following the textbook. Reading the textbook is as or more important than going to his lectures.",
05,CSE114 - Stony Brook University,CSE114,4.0,4.0,-1,,2014-10-17,"Be sure to keep along with the readings. Homeworks are essential. Final project was a poker game, he gave the GUI but the whole game was a mess to create. Exams gets steadily harder and final is brutal.",
05,CSE114 - Stony Brook University,CSE114,5.0,3.0,-1,,2014-10-30,"Prof. Fodor is a great professor, very helpful during office hours. Class is well-organized and covers a lot of material, not an easy class.",
05,CSE114 - Stony Brook University,CSE114,4.0,3.0,-1,A,2014-11-06,"If you had java experiences before(At least you know the concept of the OOP), definitely this class is OK for you. If you never programmed before and have no concept of what OOP and some basic computer concepts are. DO NOT TAKE THIS CLASS because you will have no idea about what you are doing at the beginning. Awesome professor! Highly Recommended!",
05,CSE114 - Stony Brook University,CSE114,5.0,3.0,-1,A-,2014-11-11,I am so glad the CS department let Prof. Fodor teach the introductory courses. He genuinely cares for every students and hope you do well. Always there in office hours and willing to help you study the subjects. Lectures are super helpful so attend and participate if you want to improve your grade. One of the professor I ll certainly miss.,
05,CSE114 - Stony Brook University,CSE114,5.0,3.0,-1,A,2014-12-01,Paul Fodor will go down as the best computer science professor at SUNY Stony Brook University.  He is crystal clear in lecture and he is extremely smart and gifted at teaching.  He was able to answer any question from any student throughout the entire semester.  Paul Fodor CSE 114 course is not an easy course but Fodor is always helpful no matter.,
05,CSE114 - Stony Brook University,CSE114,5.0,5.0,-1,Not sure yet,2014-12-16,Dr. Fodor is a dedicated professor and is always there to help his students. I've emailed him at 1a.m. with questions and he got back to me within the hour. CSE114 is a very tough class but he is clear with his expectations from the beginning.  Final exam was ridiculously hard. If you have no prior programming experience I suggest taking 110 first,
05,CSE114 - Stony Brook University,114,5.0,3.0,-1,,2014-12-18,He's not necessarily a tough guy. Just read your textbook (and I do mean read and understand the textbook) and you will ace the exams.,
05,CSE114 - Stony Brook University,CSE114,5.0,4.0,-1,A,2015-01-01,"Professor Fodor has been one of the most respectable, most helpful and one of the most difficult teachers I have ever had the pleasure of being in class with. Despite having no CS knowledge beforehand, I managed to get an A with the aid of professor Fodor. One of the best professors handsdown, would take again.",
05,CSE114 - Stony Brook University,CSE114,5.0,2.0,-1,,2015-01-08,"He is a great professor, excellent lecturer and one of the most helpful toward students you will ever meet. He is willing to help with any kind of problems, his office hours are often full so he extended many of them. He is not easy though, his tests are tough, but the letter grade is based on class performance so it's fair. Highly recommended",
05,CSE114 - Stony Brook University,CSE114,5.0,4.0,-1,,2015-02-05,"Great professor for computer science. His midterms are really tough and require alot of studying for passing; don't expect an easy A. Learned alot of useful techniques for general programming, and probably one of the most useful classes I've taken.",
05,CSE114 - Stony Brook University,CSE114,5.0,3.0,-1,A,2015-02-09,"Prof. Paul Fodor is very humorous in class and helpful in office hours. Crystal clear with a cute accent.  Classes is immersed with comprehensive fundamental knowledge of Java and thinking in Object-Oriented Programming. Very useful class slides, always keep in touch with the newest Java Material, a nice reference even for senior students.",
05,CSE114 - Stony Brook University,CSE114,5.0,1.0,-1,,2015-02-10,Good teacher,
05,CSE114 - Stony Brook University,CSE114,5.0,4.0,-1,,2015-02-24,"Although an ""introductory"" class, do not be fooled. Homeworks are extremely time consuming. Attendance is basically mandatory. Exams are unpredictable & truly test your understanding of the material so study everything. Extremely helpful. Highly enthusiastic and has a signature grin that highlights his delight of rewiring young minds. MUST TAKE!",
05,CSE114 - Stony Brook University,CSE114,5.0,3.0,-1,,2015-03-10,"Fodor has been one of the best professor I had in Stony. Although the class was around 8AM, I was there most of the time because his lectures we informative and easy to follow. He helps you out a lot and his office hours are usually packed with students. Before a test, learn all the functions he expects of you and you will be fine.",
05,CSE114 - Stony Brook University,CSE114,4.0,3.0,-1,A+,2015-04-09,"Paul Fodor is a decent professor. He generally wants his students to succeed and is available for help over email and office hours. His tests are on the difficult side, but theres no reason for you not to succeed if you study properly. His lesson seem kind of boring at times.",
05,CSE114 - Stony Brook University,CSE114,3.0,3.0,-1,B,2015-04-10,"He's a good professor, and really knows his stuff. My Programming Lab is the most obnoxious thing ever, and all the answers are online. Doesn't help enforce the material. GO TO LAB and actually do the labs. Those programs are the kinds he will ask on an exams. He is more than willing to help if needed, but his office hours are always packed.",
05,CSE114 - Stony Brook University,CSE114,5.0,3.0,-1,,2015-04-15,"In the Fall of 2014, I took CSE 114 under the guide of Professor Fodor. It is fortunate it have him as a helpful, patience and brilliant instructor. I have known Professor Paul Fodor for over a year and discover him to be not only a reliable, conscientious instructor, but also a hardworking, earnest researcher.",
05,CSE114 - Stony Brook University,CSE114,5.0,4.0,-1,,2015-04-18,"Prof. Fodor is AMAZING! I have not had any programming experience, and I decided to take the course anyway. Holy hell, was this course hard, especially for someone with no experience or ANY knowledge at all of programming. I got a 34!! on the first midterm and through a LOTTT of studying and oodles of help from Fodor, I got a B!!! Take his class!!!",
05,CSE114 - Stony Brook University,CSE114,5.0,2.0,-1,A-,2015-04-28,"Fodor is a great teacher, very friendly, knows how to communicate with students.",
05,CSE114 - Stony Brook University,CSE114,5.0,3.0,-1,,2015-05-01,"I took cse 114 and 215 with him. He is a very nice professor and although the classes are tough, he does a great job in explaining the materials. Also when you go to his office hours, he is more than happy to help you with your problems.",
05,CSE114 - Stony Brook University,CSE114,5.0,3.0,-1,B,2015-06-27,Professor Fordor's class is tough but it has to be because of the department. He has so many resources that it is impossible to get below a B if you put in ample time. STUDY AT LEAST 1 HOURS A DAY on just coding on an eclipse for a guaranteed B or above. Always replies to e-mails in under 15 minutes.,
05,CSE114 - Stony Brook University,CSE114,4.0,4.0,-1,B+,2015-08-13,"Professor Fodor is knows all about what he teaches and it shows. His lectures follow a logical difficulty curve, starting with the easier subjects and building towards the more difficult ones. Helping this, he assigns homework every week so that the students can better familiarize themselves with the subject material.",
05,CSE114 - Stony Brook University,CSE114,5.0,1.0,-1,,2015-08-29,Very helpful,
05,CSE114 - Stony Brook University,CSE114,5.0,3.0,-1,B+,2015-08-31,"Professor Paul is the best professor in the Computer Science Department I have ever known! He is a very popular professor amoung CS Students. Everyone loves taking his class. I took CSE 114 with him during Fall 2014, and that was the first CS class I have ever taken. He helped me a lot and he reply email very fast!",
05,CSE114 - Stony Brook University,CSE114,5.0,1.0,-1,A,2015-10-27,"Professor Paul is one of the most influential teachers and friends for my undergraduate. He is my first computer science professor, as well as one of the best professors in SBU CS department. I took his CS introductory courses, where he articulated all aspects of Java and Discrete Mathematics. The courses were very interesting. Highly recommend him",
05,CSE114 - Stony Brook University,CSE114,5.0,4.0,-1,Not sure yet,2015-11-13,"Absolute sweetheart. Supportive, crystal clear, and accommodating. He really hasn't forgotten how it is to be a undergrad and he is extremely hard working. Puts his all into everything he does. I will be taking his class again in the next semester and will always take his class if possible! An asset to the CS department.",
05,CSE114 - Stony Brook University,CSE114,5.0,2.0,-1,B+,2015-12-08,Best CS professor in Stony Brook! Very nice to every students and very he is very patience. I took CSE114 with him in Spring 2013 I have lots of  questions and I could not catch up with the lecture and asked lots of stupid questions during that semester. He always explain everything until I understand. Without him I wont word hard in learning CS.,
05,CSE114 - Stony Brook University,CSE114,5.0,1.0,-1,B,2015-12-29,"Professor Fodor is a great teacher for a number of reasons, he doesn't baby his students, he is strict but very fair if you meet him during his office hours. The amount of work you put into his classes has a direct correlation to how well you perform at exam time. 10/10 would recommend to anyone willing to learn with 0 prior coding experience.",
05,CSE114 - Stony Brook University,CSE114,5.0,3.0,-1,,2016-02-02,"Professor Fodor is one of the best professors I have had at Stony Brook University by far. His lectures are amazing, and if you need any help with anything, he is always there for you. He will answer your emails quickly, and he will do his best to clarify anything during Office Hours.  He inspired me to work hard. Also,this course is not an easy A!",
05,CSE114 - Stony Brook University,CSE114,5.0,2.0,-1,,2016-02-25,"Professor Fodor is a very approachable and cares greatly about  his students. His lectures and instructions were well organized and easy to follow. His exams were fair, but you do need to know the material to do well. I would recommend taking a class with him!",
05,CSE114 - Stony Brook University,CS114,5.0,2.0,-1,A,2016-03-22,"Great teacher. Class had a lot of labs and homework but overall wasn't bad. Learned a lot. If you have questions, you can expect an email answered to you promptly. Test averages were low but he curved. If you study the slides and test the code from it in Eclipse, you should ace the exams.",
05,CSE114 - Stony Brook University,CSE114,5.0,3.0,-1,Not sure yet,2016-03-26,"Excellent professor.  Really good speed for a person with no prior computing experience. Although it does get harder as the semester progresses, if you stay on top of things, you'l do just fine. Plenty of help provided from him.",
05,CSE114 - Stony Brook University,CSE114,1.0,5.0,-1,,2016-03-31,very tough class I wouldnt take it again..,
05,CSE114 - Stony Brook University,CSE114,5.0,3.0,-1,Not sure yet,2016-04-14,"Easy quizzes, labs, and tests, best CSE prof ever.",
05,CSE114 - Stony Brook University,CS114,5.0,3.0,-1,Not sure yet,2016-05-06,Fodor is the best CS professor that I've ever seen in my life!,
05,CSE114 - Stony Brook University,CS114,5.0,3.0,1,B+,2016-08-17,"Professor Fodor is a great instructor! He tries to make sure that the class is engaged in lecture and tries to simplify as many concepts as he can. If you don't understand anything, he will patiently go over the topics you're confused about until you get it. His tests are hard but fair as long as you actually do everything he assigns.","Gives good feedback, Respected, ACCESSIBLE OUTSIDE CLASS"
05,CSE114 - Stony Brook University,CSE114,5.0,3.0,1,A,2016-09-13,One of the best professor I have ever had! Really cared for the students and was patient. I will definitely take classes with him if it's possible.,"Gives good feedback, Respected, Caring"
05,CSE114 - Stony Brook University,CS114,5.0,3.0,1,A,2016-09-21,Prof. Fodor is really a nice professor at stony brook. He is very caring for students and expertise in answering questions. Definitely should take his lecture.,"Respected, Amazing lectures, Caring"
05,CSE114 - Stony Brook University,CSE114,5.0,4.0,1,,2016-09-29,"One of the best professors I've had in my freshman year so far; when you get 1-on-1 time with him, say, via appointment as opposed to office hours, he is clearly one of the best teachers (not just saying that because I'm a computer science major). I hope to have him again in my future CSE classes,","Respected, ACCESSIBLE OUTSIDE CLASS, Caring"
05,CSE114 - Stony Brook University,CSE114,5.0,4.0,1,A-,2016-10-03,"Professor Fodor is a very helpful professor. As long as you stay on top of the material for CSE114, you will do fine. I took this class with no prior programming ed",Gives good feedback
05,CSE114 - Stony Brook University,CSE114,5.0,4.0,1,,2016-11-03,"Class wise, for anyone who don't have prior coding experience, this class is going to be VERY TOUGH.  Profesor wise, 10/10!!!!! Professor Fodor is the best professor I've ever had. He is very kind, and willing to help his student. He covers a lot of stuff on class but he is willing to explain any doubts. Overall, i'll def  take his class again!!!!",
05,CSE114 - Stony Brook University,CSE114,5.0,4.0,1,,2016-11-30,"GOD TIER!!  I wish I could take him again! Don't be fooled, his class isn't easy. No sirree bob. But he is an amazing professor. His lectures are great and he is so open to questions. His office hours have lines outside them so one on one time with him is limited, but he really is so helpful and such a kind person. IF YOU'RE TAKING 114 TAKE HIM.",
05,CSE114 - Stony Brook University,CSE114,5.0,4.0,1,B+,2017-01-06,"I took CSE 114 with Dr. Fodor this past semester and I must say that I don't think I would have wanted to take it with anyone else. His lectures are clear and he is always available for help. An overall insightful and helpful professor, he's made my first course in Java programming immensely enjoyable.","Gives good feedback, ACCESSIBLE OUTSIDE CLASS, Caring"
05,CSE114 - Stony Brook University,CSE114,5.0,3.0,1,,2017-01-11,"A passionate, intelligent  and caring person and an exemplary lecturer. You won't regret taking him.",
05,CSE114 - Stony Brook University,CSE114,5.0,3.0,1,A,2017-01-25,"CSE 114 is a very entry level class for CSE major which is java level I class. it is indeed challenging;however, it's not that hard but it requires quite a lot of energy to do it well. Paul did a really good job in teaching with very clarity. he is always available for answering any questions.","Inspirational, ACCESSIBLE OUTSIDE CLASS, Caring"
05,CSE114 - Stony Brook University,CSE114,5.0,3.0,1,,2017-03-02,"I took Professor Fodor's CSE 114 class in the fall. I loved attending his lectures as it is straight to the point and good pacing. Passing the course is no problem if you put the work in go to office hours. Tips for new students taking his classes, make sure to go early because his office hour line is always extra long!!","Gives good feedback, Respected, ACCESSIBLE OUTSIDE CLASS"
05,CSE114 - Stony Brook University,CSE114,5.0,5.0,1,A+,2017-03-06,He's great.,"Get ready to read, Skip class? You won't pass., LOTS OF HOMEWORK"
05,CSE114 - Stony Brook University,CS114,5.0,4.0,1,A,2017-03-21,One of the best professor in SBU. I took Professor Fodor's CSE114 and his lecture is inspirational with simple example.,
05,CSE114 - Stony Brook University,CS114,5.0,4.0,1,A,2017-03-28,"Fodor is one of the best and respected professor in the CS department. His mind is intelligent and he has lots of patience for his students. But if you take this course, you will be ready to spend lots of time on it because it is tough and also required for declaring CS major.","Tough Grader, Respected, Amazing lectures"
05,CSE114 - Stony Brook University,CS114,5.0,3.0,1,A,2017-04-04,Very nice professor. He is cute.,"GRADED BY FEW THINGS, Caring, EXTRA CREDIT"
05,CSE114 - Stony Brook University,CSE114,5.0,5.0,1,A,2017-04-05,Super nice professor.,"Respected, Skip class? You won't pass., Caring"
05,CSE114 - Stony Brook University,CSE114,5.0,4.0,1,B+,2017-04-11,"Professor Fodor is single handedly the best professor I've ever had at Stony Brook. His material is challenging, but he articulates it in a clear manner, and also goes out of his way to help any student he sees struggling. His kindness make him very approachable and it's obvious that he cares about his students success.","Inspirational, Amazing lectures, Caring"
05,CSE114 - Stony Brook University,CS114,5.0,4.0,1,A,2017-04-24,"I have taken CSE 114 with Professor Fodor and am currently a TA for this respective class. Working with him has been an absolute pleasure, his commitment and dedication to helping students learn is second to none.  His courses have high standards but are designed to challenge and bring the best out of each student.","Gives good feedback, Respected, Amazing lectures"
05,CSE114 - Stony Brook University,CS114,5.0,3.0,1,A,2017-05-12,Professor Fodor encourages questions in lecture and maintains a good pace overall. His teaching style is one of the best Ive seen by far. One of his best qualities is that he is very approachable and takes the time to help students on their programming projects. He's is truly passionate about what he does and he cares about his students.,"Respected, Amazing lectures, Caring"
05,CSE114 - Stony Brook University,CSE114,5.0,4.0,1,A,2017-05-17,Excellent professor and takes care of students like no other.,"Respected, Inspirational, Amazing lectures"
05,CSE114 - Stony Brook University,CSE114,4.0,5.0,1,Rather not say,2017-05-20,"He's a nice person and decent professor, but it's just that there was barely any curve this semester due to the increase in the amount of pro coders and people who really pay attention, which led midterms and final averages to increase significantly from last year/semester, which puts people who score lower at a HUGE disadvantage","Tough Grader, GRADED BY FEW THINGS, LECTURE HEAVY"
05,CSE114 - Stony Brook University,CS114,5.0,4.0,1,A-,2017-06-23,The professor that cares about each individual students the most! Very generous of his time and very helpful and patient.,"Inspirational, Amazing lectures, Caring"
05,CSE114 - Stony Brook University,CS114,5.0,3.0,1,A,2017-07-23,"He really cares about his students' success, and he is always available during office hours. Really interesting lectures.","Respected, Inspirational, ACCESSIBLE OUTSIDE CLASS"
05,CSE114 - Stony Brook University,CSE114,5.0,2.0,1,A,2017-09-11,Professor Foder is one of the best professors in the CSE department. He was very clear about the lecture slides and was patient and nice when you ask questions. His office always has a long line so be sure to go in advance of the office hour. He will curve the grade and give partial credits. I will definitely take him again.,"Gives good feedback, Clear grading criteria"
05,CSE114 - Stony Brook University,CSE114,5.0,2.0,1,A,2017-09-14,"If you are new to computer science, take his class! He made every point so clear so was super helpful! Easily the best professor I had.",
05,CSE114 - Stony Brook University,CSE114,5.0,4.0,1,A,2017-09-19,Paul Fodor is one of the best professor I have ever seen. He teaches you real stuff and explain every point clearly. He is always happy to help you with your questions.,"Gives good feedback, Respected, Inspirational"
05,CSE114 - Stony Brook University,CSE114,5.0,3.0,1,A,2017-09-22,Professor Fodor is the best professor ever in computer science department. His lectures are engaging and in depth. And he is respected because he truly cares about his students and wants to help them succeed. I strongly recommend anyone who is willing to learn stuff to take his course. You won't regret for taking courses with him.,"Respected, ACCESSIBLE OUTSIDE CLASS, Amazing lectures"
05,CSE114 - Stony Brook University,CS114,5.0,4.0,1,B+,2017-11-19,Professor Fodor is one of my favorite professors at Stony Brook. I took CSE114 with him which was interesting and very informative. He gives a lot of examples to help explain the material. He is also super helpful during office hours because he very patient and truly cares for his students. He would take his time to meet with every single student.,"Clear grading criteria, Amazing lectures, Caring"
05,CSE114 - Stony Brook University,CS114,1.0,5.0,0,,2017-12-21,I honestly dont know why he is popular. He literally reads everything from the slides. Only the people who have programming experience do good. he is the worst professor.,"Tough Grader, TEST HEAVY, Tests are tough"
05,CSE114 - Stony Brook University,CSE114,5.0,4.0,1,A,2018-02-11,"Dr. Fodor is one of the absolute best professors in the SBU CS department. He was my first interaction with the department in CSE 114 my first year at SBU, and to this day, his encouragement and guidance in and out of the classroom have left a lasting mark on me. The course is by no means easy, but everything just clicks with Dr. Fodor. 110/10.","Respected, Inspirational, Amazing lectures"
05,CSE114 - Stony Brook University,CS114,5.0,2.0,1,,2018-03-19,"Professor Fodor is an inspiring teacher who makes an introduction to learning JAVA truly exciting and productive. We were introduced to the basics of intro programming through simple assignments &amp; lectures that gave us glimpses into real world applications. Prof Fodor was also very helpful, supportive, and friendly at office hours which was awesome","Respected, Inspirational, Amazing lectures"
05,CSE114 - Stony Brook University,CS114,5.0,3.0,1,B,2018-03-28,"Great Teacher, Helps his students",
05,CSE114 - Stony Brook University,CS114,5.0,3.0,1,,2018-05-22,I took CSE114 online with Professor Fodor in Summer 2017. Everything was due online but we did have to come to campus twice for our exams. I loved how clearcut the expectations were from day one. The professor was always on well before the start of the class to answer questions. He's definitely one of my favorite professors at Stony.,"Respected, Amazing lectures, Caring"
05,CSE114 - Stony Brook University,CS114,5.0,5.0,1,A-,2018-07-30,He usually gives you a chance for extra credit if you don't satisfy with your test score.,"Gives good feedback, Respected, BEWARE OF POP QUIZZES"
05,CSE114 - Stony Brook University,CS114,5.0,4.0,1,A-,2018-11-06,"Great professor, definite the professor you want to take in Stony Brook.","Respected, Get ready to read"
05,CSE114 - Stony Brook University,CSE114,5.0,3.0,1,A,2018-11-07,Very clear instruction. He will go out of his way to help you and ensure that the information is understood. I left class feeling that I understood the information very well and with a project I could put on my resume.,"Gives good feedback, Respected, Amazing lectures"
05,CSE114 - Stony Brook University,CS114,5.0,2.0,1,A,2018-11-18,My favorite teacher in my 4-year college life!,"Gives good feedback, Respected"
05,CSE114 - Stony Brook University,CSE114,5.0,4.0,1,A-,2018-11-22,I took CSE 114 with Prof. Fodor and found that he was a very talented lecturer who conveyed knowledge in a clear way. His projects and homeworks are well targeted to improve understanding and grasp of the material. The course was also well organized with an interesting final project. I'm grateful I had Fodor as my professor. I learned a lot.,"ACCESSIBLE OUTSIDE CLASS, Amazing lectures, Caring"
05,CSE114 - Stony Brook University,CS114,5.0,2.0,1,A,2018-12-04,I will try to take any class with professor Fodor.,"Gives good feedback, Respected, Inspirational"
05,CSE114 - Stony Brook University,CSE114,5.0,3.0,1,A-,2018-12-13,"He is a nice person, who is patient and willing to answer students even after classes. What he taught in cse114 is really helpful in my further study. The quiz hand out in the class is not difficult and can help student better understand about the course. It's a fundamental course in cs. I believe professor Fodor will help you a lot.","Gives good feedback, Participation matters, Clear grading criteria"
05,CSE114 - Stony Brook University,CSE114,5.0,3.0,1,,2019-01-07,"Excellent professor. I took CSE 114 with him and he was very helpful and responsible, he solves the homework problem with the student, he likes to help the student.","Gives good feedback, Respected"
05,CSE114 - Stony Brook University,CSE114,5.0,3.0,1,A-,2019-02-13,Paul Fodor is one of the most highly respected teachers in Stony Brook and he is a great Introductory Computer Science Teacher. I had the pleasure of taking his class and he just loves to make sure that everyone in the class understands whats going on and he gives reasonable expectations for his class. Definitely a favorite of mine.,"Gives good feedback, Respected, ACCESSIBLE OUTSIDE CLASS"
05,CSE114 - Stony Brook University,CS114,5.0,3.0,1,A-,2019-03-06,"Professor Fodor is one of the best professors at Stony Brook. I took CSE 114 with him, and I learned a lot from him. His expectations are clear, and if you work hard, it will be a very enjoyable class and a great experience.","Respected, Inspirational, Amazing lectures"
05,CSE114 - Stony Brook University,CSE114,5.0,4.0,1,B,2019-05-08,"Good Professor to take for CSE114. Always available on his office hour. If you have any problem with your HWs just go and ask, and he is always willing to help you. BTW, his accent is cute lol. CSE114 is intensive so beware of the workload, do your best time management. His 307 is also good depends on what I heard from my peer classmates.","Accessible outside class, Inspirational, Amazing lectures"
05,CSE114 - Stony Brook University,CSE114,5.0,3.0,1,B-,2019-05-10,"I took CSE 114 and CSE 215 with Professor Fodor. He gives good guidance to his students and doesn't rush his lectures. He's easy to talk to, especially during office hours as long as your questions are thought out. As long as you manage your time well, he can truly help you to understand the topics that he teaches.","Gives good feedback, Accessible outside class, Amazing lectures"
05,CSE114 - Stony Brook University,CSE114,5.0,3.0,1,A,2019-07-22,He really goes in depth to make sure everyone in the lecture understands the topic and is willing to give students as much help as possible.,"Gives good feedback, Respected, Amazing lectures"
05,CSE114 - Stony Brook University,CS114,5.0,4.0,1,A,2019-10-16,"Professor Fodor's lecture was effective and clear, and always learned a lot. You must go to the lecture to get a good grade, also of course truly learn some stuff. Professor Fodor is super nice, don't be afraid to ask him questions.","Gives good feedback, Respected, Inspirational"
05,CSE114 - Stony Brook University,CS114,5.0,4.0,1,A,2019-12-09,This man made me love CS. Amazing professor.,"Gives good feedback, Accessible outside class, Inspirational"
05,CSE114 - Stony Brook University,CS114,5.0,3.0,1,,2020-01-27,"Professor Fodor is an excellent lecturer and professor. His lectures is one of best I had in my college life, he understands the material very will and is able to explain it to the students. He is always very kind and patient in his office hour, and is always willing to help students with homework questions and course materials.","Accessible outside class, Amazing lectures"
05,CSE114 - Stony Brook University,CS114,5.0,3.0,1,,2020-03-12,"Had CSE114 with Prof Fodor, and it was one of most helpful and remarkable courses I ever took. I was not knowing much about computer science, but his course helped me so much on understanding major concepts of it along with very practical coding practices. Prof Foder is very helpful and patient with students. Take his courses! Highly recommended!","Accessible outside class, Amazing lectures"
05,CSE114 - Stony Brook University,CSE114,5.0,3.0,1,Not sure yet,2021-04-08,He's amazing! So helpful and caring!,"Respected, Accessible outside class, Inspirational"
05,CSE114 - Stony Brook University,CSE114,4.0,3.0,1,Not sure yet,2021-11-08,"Fodor is good at explaining and goes in-depth on the material. He uses slides, but he'll use other means too such as a chalkboard to demonstrate. Leaves room to ask questions in class, so while you can attend fully online if you want, it's better to be there to ask q's. Labs/hw can b tricky but not bad if you pay attention and study as fit!","Gives good feedback, Participation matters, Lecture heavy"
05,CSE114 - Stony Brook University,CSE114,5.0,3.0,1,C,2021-12-16,"I love this professor. I was going through a really rough time mid-semester and ended the semester with a C in the class. Even though I got a C, Fodor is a great teacher that cares about his students and is willing to give extensions.","Respected, Lots of homework, Amazing lectures"
05,CSE114 - Stony Brook University,CSE114,1.0,4.0,-1,C,2022-05-15,Professor Fodor is not the worst but not the best I give him a poor rating because he does not respond to emails. He gives little curving from the cutoffs. He gives 10% on labs for 30 labs. Strict grader for exams worth 25% each and doesn't match practice sample and unfortunate for people who have huge anxiety and are not great test-takers.,"Tough grader, Lots of homework, Test heavy"
05,CSE114 - Stony Brook University,CSE114,5.0,2.0,1,A,2022-05-17,Best CS prof,"Amazing lectures, Caring, Respected"
05,CSE114 - Stony Brook University,CS114,5.0,4.0,1,A,2022-06-02,"Fodor has taught over 16 different classes at SBU and if I could, I would have taken more. He has treated me with respect, is a consummate professional and  goes by his word. Although he has recently had a baby, he never cancelled our class and I never felt rushed when I asked a question/needed help. One of the best Prolog researchers in the world.","Inspirational, Caring, Respected"
05,CSE114 - Stony Brook University,CSE114,5.0,1.0,1,A,2022-12-30,tests are very easy and correspond to his lectures. He's also very understandable labs are not mandatory and all you have to do is submit the easy assignment. also offers an easy extra credit to boost your grade. final is not cumulative so you dont have to study many topics. Also records lectures.,"EXTRA CREDIT, Amazing lectures, Clear grading criteria"
05,CSE114 - Stony Brook University,CS114,5.0,3.0,1,A,2023-02-27,Amazing proffessor,Inspirational
05,CSE114 - Stony Brook University,CSE114,5.0,4.0,1,A,2023-12-16,"Best professor to take 114 with, no doubt. Built a strong foundation in Java taking this course.","EXTRA CREDIT, Amazing lectures, Respected"
05,CSE114 - Stony Brook University,CS114,5.0,1.0,1,Not sure yet,2024-04-16,"THE BEST PROFESSOR YOU CAN GET FOR THIS COURSE. Super caring about his students. Always says ""I want to help you"".","Amazing lectures, Clear grading criteria, Caring"
05,CSE114 - Stony Brook University,CSE114,5.0,2.0,1,A-,2024-05-18,FODOR THE GOAT!,"EXTRA CREDIT, Amazing lectures, Respected"
05,CSE114 - Stony Brook University,CSE114,4.0,3.0,1,B-,2024-12-20,He cares about his students and is always open to helping you out if you're struggling. He assigns a reasonable amount of homework and labs. You'll build a strong foundation of Java taking his class. Only reason my grade is low is cause I didn't apply myself in the beginning.,"Clear grading criteria, Caring, Respected"
05,CSE114 - Stony Brook University,CSE114,4.0,3.0,1,A,2024-12-27,"Best prof you could get, just because the other options are so much worse in comparison. He records his lectures and his labs have flexible times so you basically build your own schedule. Bit of an accent and the labs did get ahead of lecture material sometimes but not too hard to figure out. The extra credit gave four entire points to your grade.","EXTRA CREDIT, Clear grading criteria"
05,CSE114 - Stony Brook University,CSE114,5.0,2.0,1,A,2025-02-13,HE IS THE GOAT!!!,"EXTRA CREDIT, Amazing lectures, Caring"
05,CSE114 - Stony Brook University,CSE114,5.0,2.0,1,B,2025-12-18,"He is the GOAT. His lectures are easy to understand and he records his lectures. For exams, you have to understand the concepts of the material in the slides, if you want to be more in depth you can always use the book. Lastly, if you ever are struggling, just go to his office hours or meet him after class, he will help you understand everything!","EXTRA CREDIT, Gives good feedback, Hilarious"
05,CSE114 - Stony Brook University,114,5.0,3.0,1,A,2026-04-15,Goated prof for 114,"Amazing lectures, Inspirational, Respected"
06,CS122 - Carnegie Mellon University,CS122,1.0,4.0,0,C-,2016-12-26,One of the worst professors I ever had. Avoid him at all costs.,"Tough Grader, LOTS OF HOMEWORK, LECTURE HEAVY"
06,CS122 - Carnegie Mellon University,CS122,3.0,4.0,1,B+,2017-01-18,Really nice guy and an okay teacher but the lecture notes are way way wayyyy more helpful than his lecture,"LOTS OF HOMEWORK, TEST HEAVY"
06,CS122 - Carnegie Mellon University,CS122,1.0,1.0,0,B,2017-02-12,Avoid him at all cost. Toxic professor.,"Tough Grader, BEWARE OF POP QUIZZES, TEST HEAVY"
06,CS122 - Carnegie Mellon University,CS122,1.0,4.0,0,,2017-12-16,"He thinks his class is useful, but it is very pedantic and not really that practical or relevant. The 'proofs' are not proofs in any sense of the word, and you are docked points for not following their exact solution, even if your proof makes sense.","Tough Grader, TEST HEAVY, Tests are tough"
06,CS122 - Carnegie Mellon University,CS122,1.0,4.0,0,A,2017-12-16,Does not understand course material and frequently makes mistakes in answering questions.,"Tough Grader, TEST HEAVY, Tests are tough"
06,CS122 - Carnegie Mellon University,CS122,1.0,5.0,0,,2017-12-16,"This man does not care about his students and is unqualified to teach this course. Additionally, he does not care about grades and will not curve the class even if all the test averages are below 70.","Tough Grader, LOTS OF HOMEWORK, BEWARE OF POP QUIZZES"
06,CS122 - Carnegie Mellon University,CS122,1.0,4.0,0,,2019-03-12,Resources isn't as helpful as previous programming classes. Classes could be made much more interesting. Explanations are not clear sometimes.,"Lots of homework, Beware of pop quizzes, Tough grader"
06,CS122 - Carnegie Mellon University,CS122,1.0,5.0,0,,2019-03-15,"One of the worst professors I've ever had. Does not care about students and gives poor lectures, meaning you have to read the lecture notes to understand the material. Ever since he took over 122, the course became a disaster. Really wish SCS would find a new professor since he clearly has no idea what he's doing.","Lots of homework, Beware of pop quizzes, Tough grader"
06,CS122 - Carnegie Mellon University,CS122,1.0,4.0,0,B,2019-12-10,"Tests do not accurately reflect understanding of the material, but rather just challenges how fast you can read and solve random problems. Not particularly nice to students. Every year he self praises his class and attributes the number of CS graduates employed at google to the fact that his class isn't curved. My least favorite professor",Lots of homework
06,CS122 - Carnegie Mellon University,CS122,3.0,4.0,0,B+,2021-01-01,"He cares a lot, but he's just kinda boring. He's alright.","Accessible outside class, Test heavy, Clear grading criteria"
06,CS122 - Carnegie Mellon University,CS122,1.0,5.0,0,,2021-04-29,"Literally the worst and most disgustingly rude Professor at this entire university. Refused to help me during office hours. Course material is also unnecessary and just so entirely dumb. Avoid him at all costs, even if it means taking it during the summer and paying extra. No idea why he hasnt been fired yet.",Tough grader
06,CS122 - Carnegie Mellon University,CS122,5.0,4.0,1,A,2022-02-26,"Very difficult class, but very rewarding. Iliano can be intimidating at first, but very nice.","Lots of homework, Test heavy"
06,CS122 - Carnegie Mellon University,CS122,1.0,5.0,-1,Not sure yet,2022-03-31,He is the worst professor I have ever met.,
06,CS122 - Carnegie Mellon University,CS122,1.0,5.0,-1,B,2022-04-22,Run.,Tough grader
06,CS122 - Carnegie Mellon University,CS122,1.0,5.0,-1,B,2022-05-04,Hard and infamous for no curve,
06,CS122 - Carnegie Mellon University,CS122,1.0,5.0,-1,A,2023-05-12,"I went to one of his office hours in the beginning of the year to ask about material we had just learned and never went again. He was condescending and just referred me to a recitation that had not yet occurred. If you do take the class, I would probably wait for recitations on Friday to clear up any misunderstandings.",
06,CS122 - Carnegie Mellon University,CS122,5.0,1.0,1,A+,2023-10-05,Easy class and easy A. No work. It's not even a class!,"Inspirational, Caring, Accessible outside class"
06,CS122 - Carnegie Mellon University,CS122,1.0,5.0,-1,A-,2023-10-06,"Horrible professor, doesn't care about his students, doesn't have any leniency in grading, and makes his midterms impossibly difficult.","Tough grader, Lots of homework, Lecture heavy"
06,CS122 - Carnegie Mellon University,CS122,5.0,1.0,1,A+,2023-10-28,"His lectures are fun most of the times, although each class being 1.5h is kinda long.",Participation matters
06,CS122 - Carnegie Mellon University,CS122,1.0,5.0,-1,B,2023-12-19,Finals was 60+ pages,"Tough grader, Lots of homework, Test heavy"
06,CS122 - Carnegie Mellon University,CS122,1.0,5.0,-1,Incomplete,2024-02-16,He makes me stay up until 2 AM just because of HOMEWORK when I am a athlete and need to wake up early in the morning. Don't even get me started on the exams.,"Tough grader, So many papers, Test heavy"
06,CS122 - Carnegie Mellon University,CS122,1.0,5.0,-1,Drop/Withdrawal,2024-02-16,He is cruel in office hours and does not really help much.,"Tough grader, Lots of homework, Test heavy"
06,CS122 - Carnegie Mellon University,CS122,1.0,5.0,-1,Rather not say,2024-02-16,"Lectures were hard to get through, exams even harder, and homework is really tedious too.","Tough grader, Lots of homework, Test heavy"
06,CS122 - Carnegie Mellon University,CS122,1.0,5.0,-1,Rather not say,2024-02-16,He is cruel to his students. Extremely long exams and homeworks. He expects us to just learn basically everything on our own because he does not do it in lecture.,"Tough grader, Lots of homework, Test heavy"
06,CS122 - Carnegie Mellon University,CS122,1.0,5.0,-1,Rather not say,2024-02-17,All of these reviews are right. He is not a great professor and is very harsh to students.,"Lots of homework, So many papers, Test heavy"
06,CS122 - Carnegie Mellon University,CS122,1.0,5.0,-1,Rather not say,2024-02-20,Just bad,"Tough grader, Test heavy"
06,CS122 - Carnegie Mellon University,CS122,1.0,5.0,-1,Drop/Withdrawal,2024-03-01,He is just so annoying. He thinks he's cool but he's not,"Tough grader, So many papers, Test heavy"
06,CS122 - Carnegie Mellon University,CS122,1.0,5.0,-1,Incomplete,2024-03-01,Very inconvenient deadlines,"Tough grader, So many papers, Test heavy"
06,CS122 - Carnegie Mellon University,CS122,1.0,4.0,-1,A,2025-05-07,Doesn't respect his students. I never went to his lectures so I don't know so much about his teaching.,"Tough grader, Test heavy"
06,CS122 - Carnegie Mellon University,CS122,1.0,5.0,-1,C,2025-05-21,anyone who left a good review is lying,Tough grader
07,CS201 - Duke University,CS201,4.0,1.0,1,A,2017-01-11,Good lecturer but really bad on turning assignments back to students in a timely manner,"Inspirational, Hilarious, GROUP PROJECTS"
07,CS201 - Duke University,CS201,5.0,2.0,1,A+,2018-01-10,"Astrachan is really the best lecturer I have encountered so far. Not only is he super hilarious (at least during lectures), but he is able to explain difficult concepts in an amazingly clear and interesting manner. The quality and depth of his lectures have also improved from previous semesters. You should get an A if you work reasonably hard.","Inspirational, Hilarious, Amazing lectures"
07,CS201 - Duke University,CS201,2.0,3.0,0,A,2018-02-27,"This guy is an unclear lecturer. He is also pretty disorganized. CS201 was one of the worst classes that I've taken at Duke so far. The due dates were always up in the air, you don't really know how you're doing in the class until the end of the semester, and he doesn't really emphasize important points in lectures.",
07,CS201 - Duke University,CS201,4.0,2.0,1,A,2018-12-24,Be ready for a gigantic class. The lecture was pretty disorganized but very funny (ola really tries to get the attention of the class). Tests are super easy with an A- median. CS201 is a good intro class to Compsci. It is not super necessary to take CS101 ahead of this even if you haven't had AP CS,"Respected, Hilarious, Amazing lectures"
07,CS201 - Duke University,CS201,5.0,2.0,1,A,2019-10-23,He's super chill,"Respected, Inspirational, Hilarious"
07,CS201 - Duke University,CS201,5.0,2.0,1,Not sure yet,2019-11-04,"This class made me enjoy CS even more than I already do, and his lectures are quite entertaining as well. Highly recommend for CS201!","Gives good feedback, Respected, Clear grading criteria"
07,CS201 - Duke University,CS201,5.0,2.0,1,A,2019-12-15,Amazing professor. Best professor I had at Duke so far.,"Hilarious, Amazing lectures, EXTRA CREDIT"
07,CS201 - Duke University,CS201,5.0,2.0,1,,2020-09-09,"Ola is one of the few professors I've encountered who is always thinking about how he can help his students do better in his class. The way he structures CS201 takes a lot of pressure off of his students with flexible deadlines. You can tell he just wants you to learn, not memorize his lectures and restate it on an exam.","Hilarious, Amazing lectures, EXTRA CREDIT"
07,CS201 - Duke University,CS201,5.0,2.0,1,,2020-11-23,"Really great lecturer, his CS 201 class is fantastic. Knowing Java in advance is definitely an advantage, otherwise you have to learn it quickly at the beginning of the course. Grading is always very clear, and if you work hard to understand the concepts you'll do well.","Respected, Clear grading criteria, Hilarious"
07,CS201 - Duke University,CS201,5.0,2.0,1,A,2020-11-24,"CS201 was a great class! Definitely handled the online learning transition really well. Despite the many assignments in the class, I never felt overwhelmed, and the many assignments give you many chances to boost your grade. Very funny and energetic in lectures as well. Come knowing Java, though.","Respected, Lots of homework, Hilarious"
07,CS201 - Duke University,CS201,5.0,2.0,1,A,2020-11-25,Ola is one of the best professors at Duke. He made the transition to online learning very smooth and was very accommodating to students. You learn so much in this class and never feel stressed out.,"Respected, Clear grading criteria, Caring"
07,CS201 - Duke University,CS201,5.0,3.0,1,,2020-11-26,"An amazing professor who really cares about how much you learn. Gives multiple opportunites to re-take tests and chooses your best grade as the grade. He's hilarious and I looked forward to his lectures. The work for this class can be time consuming, but lots of office hours and help. Probably one of the best professors I've had at Duke!","Hilarious, Amazing lectures, Caring"
07,CS201 - Duke University,CS201,5.0,2.0,1,A,2021-01-03,Helpful introductory Comp Sci class. Professor is very good.,"Respected, Caring"
07,CS201 - Duke University,CS201,4.0,2.0,1,A,2021-12-09,"Fantastic! Ola really knows his stuff and is a giant in the field of computer science. Great lectures! Everyone should take 201 with Ola if possible. Grading system is well laid out from the beginning of the semester, and if you complete every assignment, it is difficult to not get an A. Helps to have some knowledge of Java before but not a must.","Lots of homework, Accessible outside class, Amazing lectures"
07,CS201 - Duke University,CS201,3.0,2.0,1,A,2021-12-10,"Ola is a very outgoing professor and gives many opportunities to boost your grade. Knowing basic Java syntax at the start of the semester is important so you don't fall behind. However, the class does not prepare you enough to answer medium-level SWE questions.",Accessible outside class
07,CS201 - Duke University,CS201,5.0,2.0,1,A,2021-12-17,"Professor Astrachan is amazing. His lectures can be funny and he ties in real-world scenarios. His structure of doing multiple exams as opposed to a couple of midterms greatly reduces the pressure in the class. Don't bother to waste money on the textbook for 201, he explains everything in lecture.","Respected, Hilarious, Amazing lectures"
07,CS201 - Duke University,CS201,5.0,3.0,1,A,2021-12-18,"Don't bother buying zybook. His lectures were good, but often felt long and tiring. The small midterms and the final were easy and low stress. The projects were pretty difficult and confusing, but TAs had a lot of office hours. The APTs and APT quizzes weren't too bad. Ola was extremely flexible, but don't procrastinate the projects or the APTs.","Gives good feedback, Accessible outside class, EXTRA CREDIT"
07,CS201 - Duke University,CS201,5.0,2.0,1,A,2022-01-07,"All lectures recorded and he gives many retake options. If you fully understand every lecture and do the exams and apts, definitely will take away something useful from this class. But definitely there is a way to get an A without learning anything. Need to attend discussion sessions.","Respected, Hilarious, Amazing lectures"
07,CS201 - Duke University,CS201,1.0,2.0,-1,A,2024-04-17,He reads off the lecture slides and makes you do little participation quizzes. Why do I have to attend in person if you are just going to read the lecture notes? He will put you to sleep in the lecture room.,"Participation matters, Lecture heavy"
07,CS201 - Duke University,CS201,5.0,2.0,1,Rather not say,2024-04-22,Great!,"Hilarious, Caring, Accessible outside class"
07,CS201 - Duke University,CS201,3.0,3.0,-1,A,2024-04-23,"If you have the opportunity to take 201 with Astrachan, do it. Steiger wasn't terrible, but his exams were considerably more difficult and lectures were a drag. Those who took 201 with Astrachan seemed to have a much more positive experience in all departments.",
07,CS201 - Duke University,CS201,1.0,4.0,-1,Not sure yet,2024-04-24,"Worst 201 professor. Lectures were the most boring things and he would literally just read off the slides. He requires participation quizzes for attendance as well. Tests weren't the worst, but his teaching style was awful.",Lecture heavy
07,CS201 - Duke University,CS201,1.0,3.0,-1,,2024-05-06,has a good attitude but he reads off his lecture - would definitely recommend another cs lecturer if you get the chance,
07,CS201 - Duke University,CS201,2.0,4.0,-1,A,2024-05-10,"This was his first semester teaching 201 and the midterms were made to be unnecessarily hard. Not a super engaging lecturer. However, was very generous in the end with extra credit and a more fair final exam format. Nice guy but would recommend taking 201 with Astrachan if possible instead. Was a discouraging class and made me lose interest in SWE.","Tough grader, EXTRA CREDIT"
07,CS201 - Duke University,CS201,5.0,2.0,1,A+,2024-06-02,"I'm unsure of why so many people felt this class was overly difficult (perhaps so in comparison, but really not in practice). We had half a letter grade of raw extra credit, a final that can knock out all three exams, an Ed discussion always answered quickly, lectures that *taught the material* as he would ask it (book not needed). It was solid.","EXTRA CREDIT, Clear grading criteria, Lecture heavy"
07,CS201 - Duke University,CS201,1.0,5.0,-1,C+,2024-07-23,"Class was a disaster. Lectures weren't engaging AT ALL just reads off slides.  Commentary was basically for people who knew a decent amount already. Every lecture we would never get through the material. Textbook was unreasonably long to read before lecture. Take Astrachan, watching his videos saved my grade and hes actually engaging.","Tough grader, Lecture heavy"
07,CS201 - Duke University,CS201,5.0,3.0,1,Rather not say,2024-08-14,Professor Steiger is a great professor that cares about his students and making sure they understand the material. He is more than happy to answer questions and makes sure that expectations on homework or exams are perfectly clear. I would highly recommend taking anything with him.,"Amazing lectures, Clear grading criteria, Lecture heavy"
07,CS201 - Duke University,CS201,5.0,3.0,1,Not sure yet,2024-08-18,"CS330: great prof, take if possible","Gives good feedback, Accessible outside class"
07,CS201 - Duke University,CS201,4.0,2.0,1,Not sure yet,2024-11-02,I am taking his computational geometry course right now. It is a small class but Prof. Steiger is very caring and wants all his students to succeed. Low stress because it is a project based course. Definitely worthwhile to have.,"Gives good feedback, Caring"
07,CS201 - Duke University,CS201,2.0,3.0,-1,Not sure yet,2024-11-09,"Astrachan's explanation is many at times confusing, his lectures are not easy to follow. The rest of the class teaches you quite a lot, but projects are really useless and take too much time. Take it even if you don't have java experience as long as you've done a bit of programming before.","EXTRA CREDIT, Clear grading criteria"
07,CS201 - Duke University,CS201,5.0,2.0,1,A,2025-03-28,"Ola is a great professor. His lectures are engaging even if they can be boring sometimes, and it's clear he knows his stuff. The class itself involves a lot of projects and APTs, which are pretty manageable and not that difficult. He has a lot of great resources to help you outside of lecture.","Amazing lectures, Clear grading criteria, Hilarious"
07,CS201 - Duke University,CS201,1.0,3.0,-1,B,2025-04-04,Do not recommend wasn't fun and I think just kinda misunderstood teaching,
07,CS201 - Duke University,CS201,1.0,5.0,-1,,2025-04-06,"I can tell Professor Steiger knows the material well himself, but he does not know to articulate his thoughts or teach well at all. Expect to learn all course content on your own.","Lots of homework, Accessible outside class, Online Savvy"
07,CS201 - Duke University,CS201,1.0,5.0,-1,,2025-04-25,"Took CS 230 with Professor Steiger. Horribly managed: it took weeks to receive feedback from exams or homework, given ""fodder"" questions but with no answer keys to check our work, etc. Avoid.","Tough grader, Lots of homework, Test heavy"
07,CS201 - Duke University,CS201,1.0,5.0,-1,,2025-04-27,"CS 230. Lectures were extremely boring, no slides. Tests and p-sets were very difficult, often problems that we were never taught how to solve. Avoid if possible.",Tough grader
07,CS201 - Duke University,CS201,1.0,4.0,-1,A,2025-08-04,Has no idea how to teach. WORST professor in the CS department. PLEASE avoid any class he teaches. He is not only the worst lecturer but actually wants you to fail. Makes it hard to study for tests barely providing material and answer keys. Makes you hate CS even though you might love it.  Absolutely hated this class.,
07,CS201 - Duke University,CS201,5.0,2.0,1,Incomplete,2025-10-27,Ola is the definition of aura,"Amazing lectures, Inspirational, Hilarious"
07,CS201 - Duke University,CS201,5.0,1.0,1,A,2025-11-22,"ola is the goat for a reason. of course, you dont need to read my comment to know he's the goat but yep, he is really good at what he does.","Participation matters, Amazing lectures, Respected"
07,CS201 - Duke University,CS201,4.0,2.0,1,A,2025-12-04,ola is very nice and a pretty entertaining character during his lectures. His teaching was decent although I would not say it is as magical as everyone claims. my only issue was i found that the project descriptions and WOTOs were incredibly unorganized and full of errors. there was zero way of knowing your grade or participation points,"Get ready to read, EXTRA CREDIT, Respected"
07,CS201 - Duke University,CS201,3.0,2.0,-1,A,2025-12-07,"overrated but still pretty good. He is engaging but lectures are useless and the course structure is disorganised. Still, fun at times and is an easy class",
07,CS201 - Duke University,CS201,3.0,2.0,-1,B+,2026-05-11,Lectures are okay,Lots of homework
08,CS4476 - Georgia Institute of Technology,CS4476,5.0,4.0,1,A,2021-12-16,"The homework/projects can be a bit of a challenge but it gets much easier later in the semester. Form study groups early and beg the TAs for help. Hays is one of the most engaging lecturers Ive ever had, very good understanding of the material. They were pretty lenient with moving deadlines too.","Lots of homework, Get ready to read, Amazing lectures"
08,CS4476 - Georgia Institute of Technology,CS4476,1.0,3.0,-1,,2023-09-14,"Professor keeps going on random 10 minute tangents before saying ""oH bTw thIS iSnT On tHE ProJECT"" 
TAs randomly go radio silent for several days at a time
HW assignments feel like they were written by completely different people so they're often more confusing than necessary (Having keywords never mentioned in class, unrelated functions, etc)",
08,CS4476 - Georgia Institute of Technology,CS4476,3.0,3.0,1,A,2023-12-15,Lectures are fairly engaging and he goes over the material well enough. If you don't pay attention you WILL fail the quizzes. Projects feel really poorly written but easy enough to figure out and it's not hard to get an A.,Online Savvy
08,CS4476 - Georgia Institute of Technology,CS4476,5.0,3.0,1,A,2024-01-08,"Hays himself is a good lecturer, but sometimes the projects were difficult to understand and wrap your head around. If you pay attention to lecture, you'll be fine for the midterm and exams, but you're basically on your own for the projects, especially in the second half of the class, and those can be really difficult if you don't have help.","EXTRA CREDIT, Clear grading criteria, Lots of homework"
08,CS4476 - Georgia Institute of Technology,CS4476,2.0,4.0,-1,,2026-03-04,"Boring, monotone voice that makes lectures not engaging. Quizzes are hard and no practice is given for concepts on the quiz, project doesn't fully help",
08,CS4476 - Georgia Institute of Technology,CS4476,3.0,5.0,-1,Not sure yet,2026-04-01,"Don't listen to past reviews, he increased the weighting and difficulty of the quizzes, so the extra credit on projects barely helps. Quizzes are insanely hard and graded very stingy. Lectures are just monotone talking for and hour and 15 mins, projects are a free 100 pretty much but it doesn't even matter when the quizzes are that brutal.","Tough grader, EXTRA CREDIT, Graded by few things"
08,CS4476 - Georgia Institute of Technology,CS4476,3.0,3.0,1,Not sure yet,2026-04-17,"Dr. Hays is clearly very knowledgable and does a decent job at conveying the content but lectures can get boring and monotone at times. Projects are straightforward, but the quizzes were hard and graded strictly. Not bad, but could certainly be better.",Lecture heavy
08,CS4476 - Georgia Institute of Technology,CS4476,2.0,4.0,-1,B,2026-04-20,"Insanely weighted quizzes, that even 100s on all the projects wont do anything. Lectures didnt feel super helpful, and quizzes had no prep beforehand",Test heavy
08,CS4476 - Georgia Institute of Technology,CS4476,1.0,5.0,-1,D+,2026-05-04,midddddddd,"Tough grader, Test heavy"
08,CS4476 - Georgia Institute of Technology,CS4476,4.0,3.0,1,A+,2026-05-07,"I would ignore some of the reviews citing the ""test-heavy"" nature as a negative point about the course. This is the direction the CoC is headed in with all of their intel-thread courses. I think Hays uses a super integrated curriculum for the course - lectures correspond very nicely with the projects, and quizzes are fair. He's a great lecturer.","EXTRA CREDIT, Amazing lectures, Inspirational"
09,CAP5510 - University of Florida,CAP5510,5.0,3.0,-1,,2006-10-16,"Excellent teacher. Class is nice, challenging and rewarding. Recommended.",
09,CAP5510 - University of Florida,CAP5510,5.0,3.0,-1,,2015-01-16,Thank you for being you,
09,CAP5510 - University of Florida,CAP5510,5.0,3.0,-1,,2016-05-01,Very inspiring. Thank you,
09,CAP5510 - University of Florida,CAP5510,5.0,3.0,1,A+,2016-11-02,He is the best,"Gives good feedback, Respected, Inspirational"
09,CAP5510 - University of Florida,CAP5510,5.0,2.0,1,A,2017-01-09,"He is clear about his expectations from the students. The content taught by him is useful in the field of computer science in general as well, as the algorithms he teaches in class are generally applicable in other problems of computer science. Has a really good sense of humor, and keeps the lecture fun and interesting throughout.","Respected, ACCESSIBLE OUTSIDE CLASS, Clear grading criteria"
09,CAP5510 - University of Florida,CAP5510,5.0,2.0,1,A,2017-02-12,What an awesome guy. Love his way of teaching.,"Respected, Inspirational, Hilarious"
09,CAP5510 - University of Florida,CAP5510,4.0,5.0,0,A-,2020-03-14,"Professor is passionate about his subject, but lacks regard for the students. Tends to ask irrelevant questions from students such as why they've been unable to clear job interviews and that too before other students. At times also commenting on why certain students names sound weird or funny, again in front of the other students.","Accessible outside class, Clear grading criteria, Beware of pop quizzes"
09,CAP5510 - University of Florida,CAP5510,5.0,2.0,1,B+,2022-04-03,"Professor Tamer is an excellent, caring and approachable professor who truly wants his students to excel.

Make sure you prepare well in advance for the Quizzes. If you want a good grade, keep learning regularly. You won't be able to cram in before the Quiz.

Show your best efforts in the class project, and Professor will give you a good grade.","Group projects, Caring, Accessible outside class"
09,CAP5510 - University of Florida,CAP5510,5.0,3.0,1,A+,2023-09-15,"One of the best classes I have taken. Truly interesting to sit in his lectures and he just wants that you study and put efforts, no crazy exams, just quizzes and one assignment and one final project, that is it. Very accessible and helpful, and his slides are enough to excel the quizzes, you can even get a publication if you work hard nad like it.","Participation matters, Clear grading criteria, Caring"
09,CAP5510 - University of Florida,CAP5510,1.0,3.0,-1,Not sure yet,2025-12-11,Prepare to have one of the worst courses that can be offered at the University of Florida. An outdated course with a professor who is behind the times and doesn't even keep up with the semester schedule. The only professor I have ever had to teach during the Thanksgiving week break. Students failed this course. Non-Computational Biology!,"Tough grader, Beware of pop quizzes, Lecture heavy"
09,CAP5510 - University of Florida,CAP5510,1.0,4.0,-1,B+,2025-12-17,"Professor Kahveci seems like a nice professor, but I wouldn't take this course. It's ""chill"", because there's no homework assignments. Just 4/5 quizzes, and he expects you to comprehend the material without any practice. No practice problems (homework) or textbooks to reinforce the material. The TA was very slow with grading, often taking weeks.","Tough grader, Test heavy, Graded by few things"
09,CAP5510 - University of Florida,CAP5510,5.0,3.0,1,A+,2026-02-05,"He's an excellent lecturer and you'll learn a great deal. I wouldn't consider the material outdated as it focuses on foundational algorithms and problems that anyone interested in bioinformatics should understand. I would have enjoyed more coverage of biological concepts and additional algorithms, but the lectures we had were sufficiently in-depth.","Amazing lectures, Lecture heavy, Graded by few things"
10,CIS2166 - Temple University,CIS2166,3.0,2.0,-1,,2008-05-09,"He is vengeful. He gave me a 0 for my &quot;participation grade&quot; (10% of the final grade) because I didn't want to go the board and do a problem one day he asked me. Otherwise I was as participatory as any other student. I pay, you teach, not I pay, I teach. Otherwise he was fine. Just be extroverted and you'll be rewarded for your social skills.",
10,CIS2166 - Temple University,CIS2166,5.0,1.0,-1,,2010-06-20,"He's an awkward guy, and likes to make you do problems on the board, which a lot of people didn't like. If you can get past that, though, he really does a great job of presenting the material so that it becomes very easy. I only realized how much I'd learned when I had to apply the class topics to other courses, and was ahead of the game.",
10,CIS2166 - Temple University,CIS2166,4.0,2.0,-1,A,2015-11-08,"I took this class as required for my major. He did a great job presenting the materials in lectures. If you don't get it, he would be glad to go over it again until every one is clear. Test is easy, mostly based on homework assignments. As long as you get the concepts, you pass it.",
10,CIS2166 - Temple University,CIS2166,3.0,2.0,0,,2016-12-02,"Professor Latecki is a very smart man, and really knows a lot about the ins and outs of computer science. However, his lectures while informative are less than engaging. He posts screen casts of the lectures online, but luckily the textbook is great at explaining things. Unfortunately, he doesn't do makeup quizzes but you get to drop 3.","LOTS OF HOMEWORK, Clear grading criteria, LECTURE HEAVY"
10,CIS2166 - Temple University,CIS2166,5.0,2.0,1,A-,2017-03-22,Sweet guy; makes sure everyone understands the concepts before moving on. Homework and quiz due during every recitation but they were super easy. Really make sure you understand the concepts though; easy grader but not a partial points guy. Takes attendance during class so make sure you go; classes are dry but you'll be fine.,Gives good feedback
10,CIS2166 - Temple University,CIS2166,5.0,3.0,1,A,2019-10-20,"Dr. Latecki is a greatprof. He is clearly very knowledgeable. His lectures can be dry &amp; the material difficult, but he posts his slides &amp; recordings online, &amp; he makes sure the class gets the content before moving on. Weekly quizzes (10 total, drop 3) and HW, which can be tedious. For exams, you pick which questions to answer (e.g. pick 5 of 7).","Lots of homework, Accessible outside class, Skip class? You won't pass."
10,CIS2166 - Temple University,CIS2166,5.0,2.0,1,A,2020-03-24,"Hes such a nice guy. The lectures are very well structured, so its pretty easy to follow. There are a couple of difficult things to grasp in the course, but reading the textbook should clarify things. The homework is very representative of what will be on tests and quizzes. He has review worksheets that are helpful, but doesnt include everything",
10,CIS2166 - Temple University,CIS2166,4.0,4.0,1,B-,2022-04-27,"Genuinely a great guy and is incredibly knowledgeable about the subject he teaches. He does make mistakes every so often but is appreciative when someone corrects him. He will not judge you if you do not understand something.

Downside is that his lectures tend to be very boring.","Tough grader, Get ready to read, Amazing lectures"
10,CIS2166 - Temple University,CIS2166,2.0,4.0,-1,C,2022-12-19,"He is a medicore professor. His lectures are impossible to follow, but attendance is required so go to them. There are quizzes every week, but the midterm and final are graded by him (and weigh a lot) and are much harder. His practice exams are helpful, but you have to learn on your own to pass the course.",Tough grader
10,CIS2166 - Temple University,CIS2166,3.0,3.0,-1,A,2023-05-21,"Had him for an online class and the lectures were pretty terrible. He would just read off slides that were straight from the textbook. However, if you just read the textbook yourself, do the homeworks, and study, the material isn't that difficult. It is a fair bit of work though, and the TA for my section also graded quizzes pretty harshly.",Clear grading criteria
10,CIS2166 - Temple University,CIS2166,1.0,4.0,-1,Drop/Withdrawal,2023-09-06,"Boring, somewhat hard to understand lectures and harshly graded quizzes with very low numbers of questions","Tough grader, Lecture heavy, Graded by few things"
10,CIS2166 - Temple University,CIS2166,1.0,5.0,-1,Not sure yet,2023-10-09,"The assessments even at the conception level are beyond bad. Harsh grading is one thing but on 1- or 2-question quizzes? That is brutal. If nothing else, very low quiz averages (most are below a C-) are a sure sign something is wrong.","Tough grader, Caring, Graded by few things"
10,CIS2166 - Temple University,CIS2166,1.0,5.0,-1,Not sure yet,2023-10-24,"He claims to be understanding of students and their difficulties when he is teaching his material, but his grading and course structure shows otherwise. Instead of being knowledge-based, his quizzes usually require thinking outside the box based on a subtopic, and those type of questions are all that is graded, accounting for 90% of your grade.","Tough grader, Get ready to read, Test heavy"
10,CIS2166 - Temple University,CIS2166,5.0,3.0,1,A,2023-12-22,"Latecki will answer every question he is asked. TA grades the quizzes, Latecki grades midterm/final. Latecki's grading is significantly more lenient. The midterm was practically identical to the midterm review, and the final was similar. The class gets a lot easier after the midterm (quiz averages went from a 60 to a 95), so just hang in there :)",
10,CIS2166 - Temple University,CIS2166,5.0,3.0,1,A,2023-12-26,"Latecki is a very good professor. He was clear and easy to understand. Notice that 4 out of his 5 1-star ratings are mainly about harsh grading on quizzes in Fall '23!

The TA graded those. Latecki graded the exams fairly and dropped everyone's 3 lowest quiz grades. There's a different TA every semester, so you won't have the same guy","Caring, Respected, Online Savvy"
10,CIS2166 - Temple University,CIS2166,4.0,3.0,-1,A,2024-04-09,"1st half of material is hard, but 2nd half is easy. Latecki will encourages you to ask questions and will always answer them. But since there is no person class, weigh how much online vs. zoom matters to you because the concepts presented in this class are very important for your career and DSA.",
10,CIS2166 - Temple University,CIS2166,1.0,5.0,-1,D+,2024-10-28,"Very hard for concepts that could be easy, he makes it the hardest it could possibly be. He gives no partial credit. The TA gives wrong solutions, the class is disorganized. The quizzes are impossible. Second half of the class was easier but still on the harder end.",Tough grader
10,CIS2166 - Temple University,CIS2166,5.0,2.0,1,C,2025-08-04,I really enjoyed Latecki's class. Course content was not very difficult. You're fine if you did well in CIS 1166. He was nice and accessible. Quizzes are easy with a cheat sheet. Second half of class is harder than the first. I did very well on the midterms but struggled on the final. It was my fault. I still highly recommend Latecki for CIS 2166.,"Caring, Lecture heavy, Test heavy"
10,CIS2166 - Temple University,CIS2166,2.0,4.0,-1,D+,2025-11-14,"A schizo crackhead could teach better than him, and let's not even talk about the weekly quizzes. They only have 2 questions (miss 1 question and you fail!), and give you like 20 minutes to complete. Compared to the HW, the tests bump the difficulty BY A LOT, and a good part of it is the poor wording (which differs A LOT from the HW questions).","Tough grader, Get ready to read, Test heavy"
10,CIS2166 - Temple University,CIS2166,2.0,4.0,-1,,2025-12-19,"I hate giving a bad review because he genuinely wants you to learn. However on the exams, he gave me no partial credit. I failed both exams&#8230; yet had a B+ average on the quizzes (since the TA graded them). Take a different professor.",Tough grader
11,COMP3500 - Auburn University,3500,5.0,4.0,-1,,2003-02-19,Tought course.  Good prof.,
11,COMP3500 - Auburn University,COMP3500,5.0,3.0,-1,,2003-07-30,"Best teacher I've ever had! Very clear, fair, understandable (if that's a word), and a great guy.",
11,COMP3500 - Auburn University,COMP3500,1.0,5.0,-1,,2003-12-10,"English please...special, spatial&#63;",
11,COMP3500 - Auburn University,COMP3500,5.0,3.0,-1,,2004-05-08,"Both his OS and Networks classes are tough because it's tough material, but Dr. Biaz is the best professor I have had while @ Auburn. Best thing he does: if one person asks a question, he sends answer to whole class via email.",
11,COMP3500 - Auburn University,COMP3500OS,5.0,3.0,-1,,2006-08-04,"He was a very effective teacher. I learned a lot more than I expected going in. He is a very animated lecturer, and he does a pretty good job of keeping your attention. His reasoning for certain multiple choice questions is maybe a little fuzzy, but he's extremely fair all around.",
11,COMP3500 - Auburn University,COMP3500,5.0,4.0,-1,,2007-12-10,"One of the Best Profs in CSSE, Very systematic and fair person. you need to work for his class, lazy people step back. respect his class do your home work on time and don't worry. gives bonus points. tricky long exams, but you need this class with him to build a hard Computer science basement. he knows how to keep his class entertained and Funny.",
11,COMP3500 - Auburn University,COMP3500,5.0,4.0,-1,,2008-04-04,"One of the Best Profs in CSSE. This is a must for all Future Computer Engineers. Lazy people, dont even think about it. He is a very systematic guy.",
11,COMP3500 - Auburn University,COMP3500,3.0,4.0,-1,,2008-10-31,Available in office any time. If you visit office he is not helpful. Frustrated that you bothered him. Does not listen to questions. Makes you feel bad for asking questions in class. Great detail about simple problems - basically skips over hard problems. Grades fairly. Gives bonus points occasionally if you ask. Programming assignments ambiguous.,
11,COMP3500 - Auburn University,COMP3500,1.0,4.0,0,Incomplete,2018-05-22,"The professor is very condescending and when he is shown that he is wrong, he makes very childlike excuses. For example, when someone questions a mistake he makes, he immediately fires back by telling the whole class that their study methods are wrong and primitive. Once cornered, he makes excuses like &quot;I teach two classes, I stay up late.&quot; Really?","Tough Grader, LOTS OF HOMEWORK, TEST HEAVY"
11,COMP3500 - Auburn University,COMP3500,1.0,5.0,0,Incomplete,2018-06-07,"RateMyProfessor keeps deleting my review, but do NOT trust the positive reviews on here. Many of the ones that contain words like &quot;systematic&quot;, &quot;fair&quot;, and &quot;reliable&quot; were written by Biaz himself. He is extremely rude to his students, is very inconsistent and ambiguous with his grading, and punishes the whole class for his own mistakes.","Tough Grader, LOTS OF HOMEWORK"
11,COMP3500 - Auburn University,COMP3500,1.0,5.0,0,,2019-07-03,"It is very hard class, attendance is tough.","Lots of homework, Participation matters, Tough grader"
11,COMP3500 - Auburn University,COMP3500,1.0,4.0,0,B,2020-06-11,"Biaz is the worst professor I have ever had. I took this class during the summer of the pandemic (minimester) and he has been very difficult to work with. For his labs, he stated that without early feedback to expect to receive less than a 50. I turned my lab in 4 days early requesting feedback and never heard a word from him. Try to avoid him.","Lots of homework, Test heavy, Lecture heavy"
11,COMP3500 - Auburn University,COMP3500,1.0,5.0,0,A,2020-06-15,"Horrible. Do not take. He does many things that are out of the ordinary. Just to name one thing that is strange, he decides how many questions and how long you will get to take quizzes and test based on past classes average so if you work a little bit slower than average, good luck. The first mid-term had 118 questions/parts and we had 60 minutes.","Lots of homework, Test heavy, Group projects"
11,COMP3500 - Auburn University,COMP3500,1.0,5.0,0,,2020-06-20,"Very condescending man. He assigns way too much work, and believes that he is never wrong. Luckily, he is either too oblivious to realize or doesnt care that the answers to his work are online, so the internet will be key to maintaining your sanity.","Group projects, Lots of homework"
11,COMP3500 - Auburn University,COMP3500,3.0,4.0,1,A+,2021-07-14,"Here's the thing about Biaz. His tests are pretty difficult in that you just have very little time to check your work for calculations. You can use notes on the exams, so write very small to pack it in. He is very clear about deadlines and the class structure unlike some profs. I like this level of order. Beware, Project 1 is very confusing.","Lots of homework, Group projects, Clear grading criteria"
11,COMP3500 - Auburn University,COMP3500,2.0,4.0,0,B,2021-12-12,"Get ready to take 6 to 8 quizzes a week, not including the exam/review quizzes on Thursdays. He will not respond to questions in person or over email but will reply &quot;did you post it on Piazza?&quot; His PowerPoints do not cover the material, so most of the learning will be outside of class. Unless this is your only class, do not expect an A.","Lots of homework, Test heavy, Tough grader"
11,COMP3500 - Auburn University,3500,1.0,5.0,-1,A,2025-03-24,"Puts things on tests that are not covered by the class resources, uses subjective and unclear grading criteria, explains material poorly, and has badly organized class resources.",Tough grader
11,COMP3500 - Auburn University,COMP3500,1.0,5.0,-1,D-,2025-05-02,"Worst professor to have strolled into this college. At the beginning of the semester, Dr. Biaz stated that this class was only 3 credit hours--yet it was to be treated as if it was 4-5 credit hours... He pushes all of his problems onto the students, blaming them for his faults or mistakes (such as him forgetting an online lecture he had planned).","Lots of homework, Lecture heavy, Test heavy"
11,COMP3500 - Auburn University,3500,1.0,4.0,-1,C,2025-05-10,Lectures are absolutely useless but material is fairly intuitive. Tests are very similar to HW & Study Questions and offer no partial credit so it's easy to make a mistake on one question and go down a whole letter grade. Review quizzes / HWs do not show correct answers so hard to learn from mistakes. Avoid.,"Tough grader, Graded by few things"
11,COMP3500 - Auburn University,COMP3500,2.0,4.0,-1,A,2025-12-08,"This is the only class I would even slightly recommend taking with him. I have him for multiple classes(MISTAKE) and this was the ""easiest"" one. As long as you do the exam reviews the tests are easy. Exams are 75% (two midterms and a final) so if you do bad on one its very hard to climb back.","Lots of homework, Test heavy"
11,COMP3500 - Auburn University,COMP3500,1.0,5.0,-1,C+,2026-01-07,My first ever C. Prepare to have nightmares for the rest of your college career about this guys exams. He is a demon. Do not take him.,
11,COMP3500 - Auburn University,COMP3500,1.0,5.0,-1,D-,2026-04-28,"Outdated coursework that is not even used in any computing nowadays, and a large amount of the answers to questions boil down to ""well, that's just the professor's choice to make that the answer."" Avoid at all costs.","Tough grader, Lots of homework, Test heavy"
11,COMP3500 - Auburn University,COMP3500OS,1.0,4.0,-1,B-,2026-05-02,"AVOID. just memorize test review questions if you want to do well, dont try and learn. Wont work. Dont even think about asking a question too.","Lots of homework, Test heavy, Graded by few things"
12,CS449 - University of Pittsburgh,CS449,5.0,5.0,1,,2021-08-06,"Prof Oliveira is now one of my fave professors! This class is HARD, but he made it doable. The exams were borrowed from Petrucci, which is what made it so hard. But even if you fail the exams you can still pass if you try your best on everything else (this was my case). He is always available if you need help and explains things very thoroughly!","Gives good feedback, Accessible outside class, Hilarious"
12,CS449 - University of Pittsburgh,CS449,5.0,4.0,1,A+,2021-08-13,"Highly recommend him for any class! Great lectures, cares about students. Labs were pretty tough (slightly modified from Petrucci's) but he is available and super willing to help you out at any time. Midterm was really tough (allowed one section to be fixed for partial credit) but final was better. Be prepared for lots of work, but don't be afraid!","Accessible outside class, Amazing lectures, Caring"
12,CS449 - University of Pittsburgh,CS449,5.0,4.0,1,B,2021-12-08,This professor is one of my all time favorites not only does he make himself available to help he tries to frame his answers to aid your thinking. The class was hard yes but overall Luis helped you if you were willing to work. Would take again 10/10,"Gives good feedback, Accessible outside class, Clear grading criteria"
12,CS449 - University of Pittsburgh,CS449,5.0,4.0,1,B+,2022-04-24,449 is a hard class. No matter who you take it with you will probably struggle. Dr. Oliveria is an amazing lecturer who will give you countless opportunities to understand the content. He offers office hours almost every day and going to some every week was a must for me. The labs are tough but it is easy to get help. Study A LOT for the exams.,Accessible outside class
12,CS449 - University of Pittsburgh,CS449,2.0,5.0,-1,Not sure yet,2022-04-25,"Bad lecturer. All over the place and slow, hard to follow and pay attention to. His slides are nicely filled with graphics, but often still confusing. Uses lots of materials that aren't his for this class. Slides barely prepare you for homework, homework barely prepares you for the tests. However, is very caring and approachable.","Caring, Accessible outside class"
12,CS449 - University of Pittsburgh,CS449,3.0,5.0,-1,Not sure yet,2022-04-27,"Unless you have a high grade in everything else, and I mean like high Bs at the lowest, the exams will destroy you. Labs are very time consuming but manageable with help. Most material copied from the Petrucci-era of this course (Check out his RMP). Luis is a very kind person and helpful but I feel this class just needs reworked from the ground up.","Clear grading criteria, Test heavy, Accessible outside class"
12,CS449 - University of Pittsburgh,CS449,5.0,4.0,1,,2022-04-28,"449 was really hard, but Dr. Oliveira is incredibly accessible and helpful, although sometimes a bit intimidating for some reason at first :). Course content is hard, but his lectures (if you pay attention) are really good. Work hard to get 100% on the Labs, because the exams are brutal. Be prepared to push yourself, but know Luis is there to help.","Tough grader, Gives good feedback, Accessible outside class"
12,CS449 - University of Pittsburgh,CS449,4.0,4.0,1,A,2022-05-04,"I took professor Oliveira for 447 and 449 and he was a fine choice for both. He cares about his students and is passionate about the material. His lectures are decent, but I felt like I couldn't figure out what to focus on sometimes because they're a little disorganized. Tests will be hard but labs/projects are very, very helpful.","Tough grader, Caring, Accessible outside class"
12,CS449 - University of Pittsburgh,CS449,3.0,5.0,1,B,2022-05-05,"This class is very very difficult. Expect to put in tons of time and effort. Luis is a nice professor and office hours are very helpful, I do not think I would have passed this class without going to them. VERY VERY difficult and long exams (like 15 pages front and back to complete in 1hr 15 min). Have fun!","Lots of homework, Accessible outside class"
12,CS449 - University of Pittsburgh,CS449,3.0,4.0,1,A+,2022-05-06,"Fantastic Guy and wants you to understand the material. However, his lectures are quite disorganized and makes it very difficult to understand what the notes say/what he is trying to say. I typically had to go to office hours to discuss it with him but he is very patient when trying to help. Start labs early and you will be fine.","Caring, Respected, Accessible outside class"
12,CS449 - University of Pittsburgh,CS449,5.0,4.0,1,A-,2022-05-06,"Great professor, but lectures can sometimes get confusing and I left a few having no idea what was going on. Exams were ROUGH but he gives a lot of partial credit and grades pretty easily. If you don't pass the labs its 100% your fault. Start early and go to office hours if you need it because if you go the last week you'll be waiting for awhile.","Caring, Accessible outside class"
12,CS449 - University of Pittsburgh,CS449,4.0,4.0,1,B,2022-05-13,"Solid professor, decent at explaining things.  Felt like there should have been more preparation for the exams.  Expect to work very hard.  If you start things early and study for the exams, you will be fine.  Do not wait until the last minute to start the labs, do not get anything less than an A on all of the labs and you will be fine.","Lots of homework, Lecture heavy"
12,CS449 - University of Pittsburgh,CS449,4.0,5.0,1,,2022-12-06,"Class is very difficult, with round-the-clock work. Luis is a good guy though, he really tries to get everyone to learn, even though it is a task to understand it. His lectures can be confusing, so make sure you take notes and really process the concepts. Start the labs early, study hard for the exams, utilize the discord, and you'll be okay.","Lots of homework, Accessible outside class"
12,CS449 - University of Pittsburgh,CS449,5.0,5.0,1,Not sure yet,2022-12-13,"Luis is a good teacher and the class is interesting however, this class is very hard and you wont do well unless you put a lot of time into the labs. Going to office hours with Luis and the TA's is extremely helpful at getting projects done. Most of the grade is around labs with the other section being homework's and exams. fun class good teacher.","Clear grading criteria, Lots of homework, Caring"
12,CS449 - University of Pittsburgh,CS449,5.0,4.0,1,A+,2022-12-21,"Lectures can be hard to follow and material is difficult, but Luis is a very fair professor who wants you to succeed. While the class can be very time-consuming between its many assignments, there are enough drops, extensions, and extra credit opportunities that an A is very achievable.","EXTRA CREDIT, Clear grading criteria, Beware of pop quizzes"
12,CS449 - University of Pittsburgh,CS449,3.0,5.0,-1,B+,2022-12-23,"luis is not my favorite professor but he is the only one who teaches 449. the labs have to compile and work to get points so dont think partial credit is a thing. quizzes are ok, homeworks are terrible, and labs are doable. exams....absolutely terrible. if you are good at coding you'll pass, but not for nothing.","Tough grader, Lecture heavy"
12,CS449 - University of Pittsburgh,CS449,5.0,4.0,1,A+,2023-01-09,Nice hair,
12,CS449 - University of Pittsburgh,CS449,5.0,4.0,1,A+,2023-01-09,Good,
12,CS449 - University of Pittsburgh,CS449,5.0,2.0,1,A-,2023-01-10,"Very enjoyable to listen to, and presents things very clearly. I found assignments easy, but others struggled. He is a very tough grader, in my opinion, and is often swamped in oh so make sure to go early or not at all.","Tough grader, Amazing lectures"
12,CS449 - University of Pittsburgh,CS449,5.0,4.0,1,A+,2023-01-25,Labs and tests are tough but W professor overall. Start labs early and use discord for help.,"Tough grader, Test heavy, Accessible outside class"
12,CS449 - University of Pittsburgh,CS449,4.0,5.0,1,,2023-04-04,"Tough class but Oliveira handles it well. If you've never gone to office hours before then this class will force you. Projects are hard and the instructions won't hold your hand which is frustrating, but you'll learn a lot toiling over bugs and cluelessness. Start early and get help! Only complaint is he graded midterms after the withdraw period.","Tough grader, Beware of pop quizzes, Accessible outside class"
12,CS449 - University of Pittsburgh,CS449,3.0,3.0,-1,Not sure yet,2023-04-05,Pretty much THE stereotypical Pitt CS class. Exams can be tricky (averages are failing); the projects are on the easier side and grading overall is very fair. Content is dry but Luis tries his best to make it interesting. My only real gripe is that Luis takes ages to grade the exams.,
12,CS449 - University of Pittsburgh,CS449,5.0,3.0,1,B+,2023-04-22,"Luis is the GOAT for 449. 
His lectures can be a little dry sometimes, but he sneaks little jokes throughout to make them more engaging. He is a very caring person, but very strict with deadlines.
Projects are EXTREMELY DIFFICULT, TA's are going to be your lifeline for this course.
DO THE LABS, skipping them will almost guarantee you get stuck.","Participation matters, Caring, Accessible outside class"
12,CS449 - University of Pittsburgh,CS449,3.0,4.0,1,Not sure yet,2023-04-26,"The lectures are very boring, but sometimes he sneaks in jokes. Most of the projects are incredibly easy, however the checkoffs can be a pain depending on the checkoff ta. However, exams are difficult so make sure to study for those, as the average grade was below 65. He also has office hours almost daily, so you can always get help if you need it.","Lecture heavy, Accessible outside class"
12,CS449 - University of Pittsburgh,CS449,3.0,3.0,-1,B+,2023-05-03,"The class itself is really difficult material. The projects and labs aren't terrible, but it was very overwhelming this semester with the curriculum changing. The pop quizzes were annoying but he does drop 2 labs/quizzes. This class would probably need to be the one you focus on during the semester","Beware of pop quizzes, Respected, Accessible outside class"
12,CS449 - University of Pittsburgh,CS449,4.0,5.0,1,B,2023-05-05,"Luis is a smart and friendly guy. Material can be dull and difficult, but Luis usually succeeds in making it more understandable and engaging. Assignments are very challenging but definitely develop your understanding of the material. Seek help when you need it. Luis answers questions by asking questions. Don't be afraid to say ""I don't know"".",
12,CS449 - University of Pittsburgh,CS449,4.0,2.0,1,A-,2023-05-07,Oliveira is a great lecturer. I disprove of how much he's altered this course however - I've seen what they used to teach & it looks much more in-depth. I wish he'd encourage use of the textbook more often - it's a really great resource.,Lecture heavy
12,CS449 - University of Pittsburgh,CS449,5.0,3.0,1,Rather not say,2023-06-17,Structured approach and did everything to help students grasp material. Very knowledgeable on systems and made topics very interesting. Assignments were challenging but instructions are well written and he prepares students well. Students would benefit from his teaching style if he taught upper level courses like compilers or operating systems,"Amazing lectures, Clear grading criteria, Accessible outside class"
12,CS449 - University of Pittsburgh,CS449,2.0,4.0,-1,Not sure yet,2023-08-03,"TAs r ur saviors. Doesn't finish lecture in time->behind schedule->very disorganized hw deadlines, especially towards the end. very annoying that he has pop quizzes and the only prof who has a cumulative exam3 in lower level classes. Slides doesnt reflect anything like exam, no practice questions. Have a discord to answer ques but ignores students","Tough grader, Beware of pop quizzes, Test heavy"
12,CS449 - University of Pittsburgh,CS449,3.0,4.0,-1,B,2023-08-29,"So many overlapping assignments and most of the time he seemed not to care about the students, with few rare exceptions. TAs were lifesavers. Probably still the best option for 449 tho","Tough grader, Lecture heavy, Test heavy"
12,CS449 - University of Pittsburgh,CS449,5.0,3.0,1,A,2023-09-20,"This is a medium difficulty class, but that's because the curriculum is changing due to Dr. Misurda returning. Yeah, there's some tough projects but Luis helps you and they all prepare you for 1550. Don't skimp now on the easy route because you'll pay the price later if you need 1550 to graduate. Otherwise grading is 100% fair.","EXTRA CREDIT, Beware of pop quizzes, Test heavy"
12,CS449 - University of Pittsburgh,CS449,1.0,5.0,-1,B-,2023-11-27,This professor will use any method to prevent you from passing the course.,
12,CS449 - University of Pittsburgh,CS449,1.0,5.0,-1,Not sure yet,2023-11-28,"The instruction of the project is difficult for people to understand, TA and professor never reply online, the project needs to check off (I originally wrote more than 1700 characters, but I can only write 300 words).","Tough grader, Lots of homework"
12,CS449 - University of Pittsburgh,CS449,4.0,4.0,1,B-,2023-12-01,"Luis is a very kind guy. Lectures can be dry due to nature of material, but OH are very helpful. Exams are VERY difficult for an average student such as myself -- but the projects are not awful (besides MALLOC). Study harder for the exam than you think you have to.","Clear grading criteria, Caring, Accessible outside class"
12,CS449 - University of Pittsburgh,CS449,3.0,4.0,1,B-,2023-12-19,"Luis is ultimately a fair professor and grader. The projects, except for Malloc, weren't too difficult. However, the exams, especially the midterm, are rough. Be sure to start projects a bit early and go to office hours. I didn't think recitations were too helpful, but office hours are! Get help from the TAs if you're struggling and you'll be ok.","Beware of pop quizzes, Respected, Accessible outside class"
12,CS449 - University of Pittsburgh,CS449,4.0,5.0,1,A,2024-01-10,"expert, calm, and kind professor. Projects are tough but I felt I learned a lot after completing them. Lectures are little superficial, need to go to oh and recitations.","Caring, Respected, Accessible outside class"
12,CS449 - University of Pittsburgh,CS449,3.0,4.0,1,A+,2024-05-01,Really nice and passionate guy but not good at teaching in my opinion. Lectures were all over the place and really confusing. I had to teach myself pretty much everything. He is also very disorganized as he took forever to release grades and didn't always answer questions on discord. Labs and projects were fair and not too bad.,"Caring, Respected, Lecture heavy"
12,CS449 - University of Pittsburgh,CS449,5.0,3.0,1,A,2024-05-01,"Take Luis for 449! He prepares you well for 1550. Lectures were recorded so I was able to rewatch if I did not understand something the first time. The projects in general were not too bad but definitely make sure to start early, especially malloc. Exams on the other hand were difficult but manageable and fair.",
12,CS449 - University of Pittsburgh,CS449,4.0,4.0,1,A-,2024-08-30,I love this guy. I thought he was funny and was clear in his lectures. The projects dont really hold your hand as much as your probably used to. They are awesome btw,"Gives good feedback, Respected, Accessible outside class"
12,CS449 - University of Pittsburgh,CS449,4.0,4.0,1,A+,2024-12-19,Luis is a funny guy. He is accessible on discord if you need help. After each project you get a interview on it which was annoying at times. The tests are hard so don't study last minute. Projects are interesting and they are featured on the tests as well. Labs are hard. Pop quizzes in recitation is extremely hard but he drops a 2 lab/quiz,"Test heavy, Graded by few things"
12,CS449 - University of Pittsburgh,CS449,2.0,5.0,-1,B,2025-01-03,"Overly detailed slides with unnecessary info that didn't help for the test. Studied and got a 43 on the midterm, and I'm usually a good student who hates getting below a B. Passed since projects are 40% of  grade but office hours were PACKED with few TAs since everyone was lost. Midterm makeup qs on final bc a lot of ppl needed it. Does not curve:)","Tough grader, Test heavy"
12,CS449 - University of Pittsburgh,CS449,4.0,3.0,1,B,2025-01-09,"Luis is a good lecturer and is very friendly. Projects were hard, but only the malloc project took me a long time, the rest weren't anything crazy. Some of the labs I did find very challenging though. Midterm and final exams were fine. Not many outside of class materials provided.",
12,CS449 - University of Pittsburgh,CS449,5.0,4.0,1,A-,2025-01-16,"Prof. Oliveira has great lectures. He (or Dr. Pruhs) might be the best lecturer in the department. He's not the most organized but more than makes up for it by being super accessible and easy to talk to. Tests are very hard but (hot take) projects were all pretty easy (besides malloc, but that's just one project).","Amazing lectures, Inspirational, Accessible outside class"
12,CS449 - University of Pittsburgh,CS449,4.0,4.0,1,A,2025-01-28,"Luis is a great guy! Lectures can be dull, but labs and projects teach systems software well&#8212;start early! Practice exams are crucial and similar to the real thing. Grad TAs were unhelpful, and UTA struggled at times. Rec. quizzes felt unreasonably tough. Overall, fair if you put in effort, so be sure to *allocate* a chunk of time for this class :)","Lecture heavy, Test heavy, Online Savvy"
12,CS449 - University of Pittsburgh,CS449,5.0,3.0,1,A+,2025-01-29,goat goat goat,"Inspirational, Caring, Respected"
12,CS449 - University of Pittsburgh,CS449,3.0,5.0,-1,Not sure yet,2025-04-01,"Luis was a nice guy. He joked around during lectures, although that didn't really save them from being boring. He only sometimes helpful during office hours. We didn't get any of our grades back until finals so I had no idea how I was doing in the class the entire semester. His project and lab directions are very vague and so so unnecessarily hard",Lots of homework
12,CS449 - University of Pittsburgh,CS449,4.0,4.0,1,Not sure yet,2025-04-17,Projects are tough and can take up a good amount of time. Lab is quick and easy with some participation quizzes and some normal quizzes.,
12,CS449 - University of Pittsburgh,CS449,1.0,4.0,-1,Not sure yet,2025-04-22,"Professor Oliveira runs disorganized lectures with slides that are difficult to follow. Many labs are more difficult and time consuming than they should be, and projects (malloc) are extremely challenging. He is very paranoid about cheating in his class and requires TA checkins to confirm understanding of every project. Cannot recommend.","Lots of homework, Test heavy"
12,CS449 - University of Pittsburgh,CS449,1.0,3.0,-1,,2025-04-22,"Luis must be writing rmp reviews for himself, otherwise i can not explain his current rating. Arguably the worst class I have taken at Pitt. His lectures are extremely boring; slides are not informative. Exams felt like brand new information and are pretty difficult. Now its finals week and he has still to grade stuff from january.","Test heavy, Graded by few things, Accessible outside class"
12,CS449 - University of Pittsburgh,CS449,1.0,5.0,-1,Not sure yet,2025-04-22,"I seriously cannot think of a reason to give Luis anything higher than a 1/5. His lectures are incredibly disorganized, and he couldn't be bothered to update his slides from years ago. But that's not all. It took Luis almost two months to grade our midterm, and he still hasn't graded a single project/lab. Do NOT trust the positive reviews","Lecture heavy, Test heavy"
12,CS449 - University of Pittsburgh,CS449,2.0,5.0,-1,Not sure yet,2025-04-28,"I think Luis is a very nice guy but, there's clearly some ""AI fear"" baked into his assignments and labs

The wording is intentionally vague, and to a certain extent that's okay, I get that us humans can interpret, however, sometimes I find it to be a bit ridiculous, his vagueness is in spirit to make you ""think"" but all it does is confuse you more.","Tough grader, Get ready to read, Test heavy"
12,CS449 - University of Pittsburgh,CS449,2.0,5.0,-1,Not sure yet,2025-04-29,Nice guy but thats about it. Lectures are boring and long winded and the slideshows provided aren't helpful for review. No study guide's given for exams or finals. Projects and labs are unnecessarily  complicated. If you can take Jarrett.,"EXTRA CREDIT, Lecture heavy, Test heavy"
12,CS449 - University of Pittsburgh,CS449,3.0,5.0,1,A+,2025-05-03,"He is a nice person but the course management is not good. Delays on grading and unclear expectations. Everything is hard and requires effort. A good grade is attainable but comes with lots of stress. However, he covers a bit more than other sections to prepare you for future OS course and that's kinda nice.","Tough grader, Lots of homework, Caring"
12,CS449 - University of Pittsburgh,CS449,4.0,4.0,1,A,2025-06-28,"Lectures can be a little boring but they are very informational and detailed w/ great slides. Projects aren't too hard outside of malloc, checkoff meetings aren't an issue. Some labs are very difficult. Tests are pretty tough but practice exams he provides are massively helpful. Recitations and office hours are key to a good grade","Lecture heavy, Online Savvy"
12,CS449 - University of Pittsburgh,CS449,2.0,4.0,-1,B,2025-11-20,good luck bro,
12,CS449 - University of Pittsburgh,CS449,1.0,5.0,-1,B,2025-12-07,Praying 4 u,Tough grader
12,CS449 - University of Pittsburgh,CS449,4.0,3.0,1,A-,2025-12-17,"Difficult content but if you show up to the lecture you can get through. Grade was project-heavy, weekly labs/participation quizzes in recitation. Opportunities for extra credit on the midterm/final was given",
12,CS449 - University of Pittsburgh,CS449,3.0,4.0,-1,C+,2025-12-19,Stay on top of the material to survive his class and do practice exams for the Midterm and Final Exam. ALSO IF YOU GET THE CHANCE JUST TAKE JARRETT,"Get ready to read, EXTRA CREDIT, Test heavy"
12,CS449 - University of Pittsburgh,CS449,3.0,4.0,-1,C+,2025-12-19,"I'd recommend taking CS 449 with Jarrett if you have the chance. He doesn't have checkoffs and 20% recitation exercises like Luis. Only exams are weighted more, that's all. Projects are less detailed and more complex in Luis' class compared to Jarrett's class. Save yourself and take CS 449 with Jarrett for sure.","Tough grader, Test heavy"
12,CS449 - University of Pittsburgh,CS449,3.0,4.0,-1,C+,2025-12-19,"Make sure you are prepared for the Project Checkoffs, as you could be randomly selected for those and need to ace the checkoff with the TA, so you don't have to do it with Professor Luis. Lots of homework and labs as well. Make sure you study well in advance for the exams to do well on them, as they're very tough exams. Tough projects as well.","Tough grader, Lots of homework, Test heavy"
12,CS449 - University of Pittsburgh,CS449,3.0,4.0,-1,C+,2025-12-19,"Very tough course. Be prepared for 20% recitation exercises for each Project. They make up 20% of each Project's grade, so it's important to perform well on those. They're very tough, so make sure you consistently study and practice the lecture material as well as understand the code you write for Projects and the concepts tested for each Project.","Lots of homework, Lecture heavy, Test heavy"
12,CS449 - University of Pittsburgh,CS449,3.0,4.0,1,B-,2026-01-07,"a good lecturer, but difficult exams and extremely dependent on projects that you have to be on top of. attendance was rewarded with late days, and would absolutely recommend it. don't get behind: this class is tough if you don't put in the proper effort. a bit intimidating, but worth reaching out for help when necessary.","Lots of homework, Test heavy"
13,CSC4480 - Villanova University,CSC4480,2.0,5.0,-1,B+,2023-12-15,"Professor reads off slides and talks in a boring voice the whole class. Also, he gives hard quizzes EVERY week, which are annoying to study for with his 60 slide lessons. Like the quizzes, the exams were impossible. There were a few homework assignments that took hours on end and the TA graded harshly when she never showed up to class.","Tough grader, Lots of homework, Lecture heavy"
13,CSC4480 - Villanova University,CSC4480,2.0,5.0,-1,,2024-12-18,"1st HW assignment is brutal. Takes awhile to respond to emails, if at all. Quizzes are memorization-based rather than application, very hard. Doesn't demonstrate Oracle in class, boring lectures. Didn't really get to know his students' names or anything like that. The later HW's are helpful. Could redo quizzes towards end of sem which also helped.",Group projects
13,CSC4480 - Villanova University,CSC4480,3.0,3.0,-1,A,2025-05-14,"teaching not so clear, hw 1 brutal (mostly because of TA), chill guy with easy grading at the end of semester (proj, final exam take home and attendance all max scores). be careful with quiz (quite random). unorganize","Group projects, Lecture heavy, Graded by few things"
13,CSC4480 - Villanova University,CSC4480,4.0,1.0,1,B+,2025-11-11,Good teacher just misunderstood fr,"Amazing lectures, Gives good feedback, Lecture heavy"
13,CSC4480 - Villanova University,CSC4480,4.0,2.0,1,A+,2025-12-03,"Dr. Nwafor is clearly very smart and knows a lot about databasing, but lectures were often dense and a little unorganized. As long as you complete assignments, and pay attention, you are going to be fine. Final project was also a cake walk.","Group projects, Lecture heavy"
13,CSC4480 - Villanova University,CSC4480,5.0,2.0,1,A,2025-12-20,"Really easy class, but the lectures can be boring. There are frequent quizzes on the lectures in the beginning, but they're easy if you just look over the slides. The final project is also very easy to get a good grade on and the exams weren't hard at all either. I found that the professor also actually cared about the students and their success.",
14,"CSE11 - University of California, San Diego",cse11,1.0,5.0,-1,Rather not say,2024-05-08,Please take his class if you are tired of boring school life.,"Tough grader, Lots of homework, Hilarious"
14,"CSE11 - University of California, San Diego",cse11,1.0,5.0,-1,Rather not say,2024-05-09,Terribly hard tests without sufficient instructions. Homework load takes up time equal to 2-3 regular classes. Take him if you want a C or below.,"Tough grader, Lots of homework, Test heavy"
14,"CSE11 - University of California, San Diego",cse11,1.0,5.0,-1,Not sure yet,2024-05-13,"Worst class of my life! I'm not new to coding with Java so I expected this class to be relatively fine. Unfortunately, I was wrong. Midterm was very, VERY difficult considering how little time we had to complete it. I sobbed for 2 hours after. Pretty sure no one finished and everyone did badly. I regret not dropping this when I had the chance.","Tough grader, Lots of homework"
14,"CSE11 - University of California, San Diego",cse11,2.0,5.0,-1,Not sure yet,2024-05-13,"I think he's really tried to improve his class, especially from reading previous reviews. The 2 biggest complaints I have right now are his exams and his impoliteness online. I won't go into the latter, but I've been coding on my own time this quarter and still felt like there was not nearly enough time to finish his exam. I think that says a lot.","EXTRA CREDIT, Clear grading criteria, Test heavy"
14,"CSE11 - University of California, San Diego",cse11,1.0,5.0,-1,Incomplete,2024-06-02,"his tests and homework are catastrophic... worst course I've ever taken. the homework seems to be easy at first, and then becomes tougher and horribly longer. It took way more time than it should, if you ever wanna get a great score in this course or it is for your major, never ever consider taking class of this prof.","Tough grader, Lots of homework, Test heavy"
14,"CSE11 - University of California, San Diego",cse11,4.0,4.0,1,A,2024-06-05,Fair grading policy. Assignments are not hard if you start ahead of time. Prof Ochoa provides many opportunites to gain back lost points and there are always many TAs that can help outside of lecture. Midterm has quite difficult but there was a generous slant.,"EXTRA CREDIT, Clear grading criteria"
14,"CSE11 - University of California, San Diego",cse11,1.0,5.0,-1,Incomplete,2024-06-07,This class is atrocious. Ochoa doesn't know how to structure a course for the appropriate skill level (this is intro to Java??) Homework started out easy and then progressively got more difficult-I spent 20+ hours on PA7. Looked at other professors' PA7 and they were dumb easy. Midterm was WAY too hard given the time constraint. Avoid at all costs.,"Tough grader, Lots of homework"
14,"CSE11 - University of California, San Diego",cse11,2.0,5.0,-1,Not sure yet,2024-06-07,"Ochoa is a very good and respected person, you can tell from his personality. He's just a terrible lecturer. His lecture style is so incredibly mind numbing I just taught myself everything through youtube. PA's are incredibly time consuming, but not bad if you start early and they are very representative of the material.","Lots of homework, Respected, Lecture heavy"
14,"CSE11 - University of California, San Diego",cse11,1.0,4.0,-1,Not sure yet,2024-06-11,"Don't take this class with Ochoa, even if it hurts your schedule. The exams are way too long for the time given and feel intentionally designed to trip you up. While I do feel like I have a decent understanding of the language now, my grades do not reflect that. The later assignments take ages too, which is hurting my grades in other classes.","Lots of homework, Test heavy"
14,"CSE11 - University of California, San Diego",cse11,1.0,5.0,-1,A-,2024-06-13,"Horrid lectures, ridiculous amount of work for PAs and lectures.
Exams were extremely tough, and the first midterm was so poor a 60 was increased to a 90.
DO NOT TAKE PROF. OCHOA for such a class as it builds core concepts for UD CS courses.
If you have no other choice, keep in mind the grading scheme allows for many increases and EC opportunities.","Clear grading criteria, Lots of homework, Test heavy"
14,"CSE11 - University of California, San Diego",cse11,1.0,5.0,-1,Not sure yet,2024-06-14,"Avoid this professor if you value your sanity. The programming assignments are insanely difficult and can easily eat up 20+ hours. The midterm was a nightmare, and the final wasn't much better. This class is way too hard to be an intro class. If you want to torture yourself and have no time for other classes, go ahead and take him.","EXTRA CREDIT, Lots of homework, Respected"
14,"CSE11 - University of California, San Diego",cse11,3.0,5.0,-1,B+,2024-06-21,"The class was challenging, with tough programming assignments and difficult exams. The professor gave a generous curve (40%to77%)and extra credit opportunities. I didn't like his lecture style, so I had to self-teach a lot. He's great if you want to learn but tough if you want an easy grade. I didn't enjoy the class, but I definitely learned a lot.","EXTRA CREDIT, Lots of homework, Respected"
14,"CSE11 - University of California, San Diego",cse11,3.0,4.0,-1,A+,2024-06-25,"After finishing the class, I'm bumping up my rating for Professor Ochoa from 1 to 3. Assignments and midterms were tough, but he is extremely generous with extra credit and curving. I also learned a ton from this class. The only thing keeping my rating down is impoliteness online. Great guy in person though.","EXTRA CREDIT, Lots of homework, Respected"
14,"CSE11 - University of California, San Diego",cse11,5.0,5.0,1,A,2024-07-01,"The class has weekly homework and quizzes before each lecture but the first. Start early, they're hard but allow infinite tries.

The class was difficult, but it was curved generously. I gained a tremendous amount of programming skill and theoretical understanding. I recommend watching the lectures from home at 2X speed since he goes quite slowly.","Tough grader, Inspirational, Lots of homework"
14,"CSE11 - University of California, San Diego",cse11,5.0,4.0,1,A+,2024-07-09,"OK so I'm taking CSE12 right now, and CSE11 was so much better. Very well-structured, PAs ACTUALLY reflected what I learned in class, and professor knew all the material to a T. He taught in a very precise way. Going from that to CSE12 now, PAs are structured horribly and I spend hours figuring out how to start. Don't take this prof for granted.","EXTRA CREDIT, Lots of homework, Respected"
14,"CSE11 - University of California, San Diego",cse11,2.0,2.0,-1,Not sure yet,2024-10-25,Do not take his class if you are not a self-learner. All he does is assign you pre-lecture videos and REPEAT what he said in the pre-lecture.,
14,"CSE11 - University of California, San Diego",cse11,1.0,5.0,-1,Rather not say,2024-11-13,bad communications.,Hilarious
14,"CSE11 - University of California, San Diego",cse11,5.0,3.0,1,Not sure yet,2024-11-21,"Alright I don't like all this Ben Ochao slander. He is lowkey great, attendance ain't mandatory, and the class is very learn at your own pace. He posts the lectures early through the prelectures, and if you actually confused, just go ask for help. There is a prelecture quiz, and they ez and low risk.","Clear grading criteria, Lots of homework, So many papers"
14,"CSE11 - University of California, San Diego",cse11,2.0,5.0,-1,Rather not say,2024-12-18,A quarter of the class failed so beware,"Tough grader, Lecture heavy"
14,"CSE11 - University of California, San Diego",cse11,1.0,4.0,-1,B+,2024-12-19,"Every time I went to lecture I felt like ending it all. This guy also refused to round my 89.85% to an A- despite the other CSE11 professor doing so. If you end up taking him, drop out and just take the class next term with Cao.","Tough grader, Lecture heavy, Test heavy"
14,"CSE11 - University of California, San Diego",cse11,5.0,3.0,1,A+,2025-01-01,"Flipped classroom style where you would watch a pre-recorded lecture online, take a Quiz on said lecture with unlimited attempts, and watch the professor do live coding examples during class. Midterm and Final were fair and taken in the Triton Testing Center, some of the MCQs were tricky. Enjoyed talking with the professor during his office hours.","EXTRA CREDIT, Respected, Accessible outside class"
14,"CSE11 - University of California, San Diego",cse11,1.0,4.0,-1,B-,2025-03-30,I think the lectures do not correlate to what is on the midterms and finals. the stuff we do in lecture is much easier in comparison to what is on the test. There are no practice problems done in class that are similar to what is on the test the few practice that we do is much easier and not that helpful.,
14,"CSE11 - University of California, San Diego",cse11,1.0,5.0,-1,Not sure yet,2025-05-05,I have considerable knowledge in Java going into this course and it was still extremely tough. I recommend taking it with another professor if you want to save your sanity.,"Tough grader, Lots of homework, Test heavy"
14,"CSE11 - University of California, San Diego",cse11,1.0,5.0,-1,Not sure yet,2025-05-09,"I thought he was chill and the assignments weren't bad. That was until PA4...that is when things took a turn. The instructions were so VAGUE and I was like okay, thats on me. then again, the same ISSUE. I emailed him about it and he was so passive aggressive. like bro I shouldn't be spending hours trying to decipher the instructions like a riddle.","Lots of homework, Graded by few things"
14,"CSE11 - University of California, San Diego",cse11,1.0,2.0,-1,A,2025-05-28,"This was a truly awful class. There's really nothing to do about it since CSE 11 is a prerequisite for everything, but the department has clearly confused the terms ""Accelerated Pace"" with ""Ridiculous, Tedious, & Guaranteed Burnout."" The class a complete drawl for anyone with legit coding experience, and the homework is ridiculous. Don't take it.",Lots of homework
14,"CSE11 - University of California, San Diego",cse11,2.0,5.0,-1,,2025-05-29,"IF YOU VALUE YOUR SANITY, DO NOT TAKE IT WITH THIS PROFESSOR. PLEASE.","Tough grader, Lots of homework"
14,"CSE11 - University of California, San Diego",cse11,1.0,4.0,-1,A,2025-05-30,Bro is just mad. Bro will be angry at every single tiny issue including the file header and your piazza post. Homework are just insane and you are just writing thousands lines of code for each PA like a bot. Quiz before each lecture which means that you have to learn the content before learn the content. Just take the course when its not him omfg,"Tough grader, Lots of homework"
14,"CSE11 - University of California, San Diego",cse11,5.0,3.0,1,A,2025-06-03,"Coming into this class I was worried because of how low the rating, but honestly he was not that bad. He's a nice professor who will answer your questions during lecture or on Piazza. Homework/prelecture quizzes are long, but if you stay on top of it youll be fine. Exams were also pretty light, most common score was 100, average was a B on midterm.","Clear grading criteria, Lots of homework, Caring"
14,"CSE11 - University of California, San Diego",cse11,3.0,3.0,-1,,2025-06-05,"If you know java or have a lot of prior coding experience you should be fine, otherwise you're most likely going to struggle. its very VERY fast paced and you have to be on top of it. exam and homework are time consuming and they feel like ur solving a puzzle, hes nice in office hours though and during lecture so + points for that","Lots of homework, Lecture heavy"
14,"CSE11 - University of California, San Diego",cse11,1.0,3.0,-1,A+,2025-06-12,just dont save urself,"Get ready to read, Lots of homework, Test heavy"
14,"CSE11 - University of California, San Diego",cse11,1.0,5.0,-1,Rather not say,2025-06-13,&#21035;&#19978;&#65292;&#36825;&#25945;&#25480;&#36870;&#22825;&#30340;&#24456;&#65292;&#19978;&#35838;&#35762;&#24471;&#21644;&#32771;&#35797;&#23436;&#20840;&#19981;&#19968;&#26679;&#12290;&#32771;&#35797;&#38590;&#30340;&#19968;&#31508;&#12290;&#35841;&#19978;&#35841;&#30693;&#36947;&#24590;&#20040;&#20010;&#20107;&#20799;&#12290;,"Tough grader, Lots of homework"
14,"CSE11 - University of California, San Diego",cse11,1.0,5.0,-1,Not sure yet,2025-06-13,Never ever take his course if u wanna get an A.,"Tough grader, Lots of homework, Lecture heavy"
14,"CSE11 - University of California, San Diego",cse11,2.0,4.0,-1,B-,2025-06-15,"Definitely don't take this class if you have a lot on your plate already- it's a lot of time commitment and SO NOT worth it for the basic level of java I know now. He's a nice guy and whatever, but HOLYY his class destroyed me. I spent like 70% of my time this quarter doing the homework. You'll either hate or love cse11, and a lot of ppl hated it.","Tough grader, Clear grading criteria, Lots of homework"
14,"CSE11 - University of California, San Diego",cse11,2.0,4.0,-1,B-,2025-06-15,"Didn't finish my review- it has the same tags so it's a continuation from that rating. He's not as terrible as a professor as the other reviews make him out to be, but he 100% could have structured his course WAY better. It was A LOT of self learning for me, and I'm completely new to java. Only reason I didn't fail is because of his upgrade policy.","Tough grader, Clear grading criteria, Lots of homework"
14,"CSE11 - University of California, San Diego",cse11,2.0,4.0,-1,B-,2025-06-15,"Homework incredibly long and difficult for what he taught in class, it took me a minimum of 20 hours per assignment to complete after PA4. His prelecture videos were very conceptual. He does cover actual coding during his lectures, but they're very basic compared to what we have to do on the homework.","Tough grader, Clear grading criteria, Lots of homework"
14,"CSE11 - University of California, San Diego",cse11,3.0,3.0,-1,A+,2025-06-18,"Ochoa isn't the best lecturer, but provides the info you need through pre-class vids. The material requires a lot of self-teaching, there's no way around it. It was my first coding class, but I was pretty dedicated to learning the material. With time and practice on PAs, you'll be fine. The exams were extremely easy compared to PA's.4% EC offered.","EXTRA CREDIT, Lots of homework"
14,"CSE11 - University of California, San Diego",cse11,1.0,4.0,-1,Not sure yet,2025-10-23,"Lecture and prof is not bad but too much homework, and it is really not easy so get ready for it.","Tough grader, Lots of homework, Test heavy"
14,"CSE11 - University of California, San Diego",cse11,1.0,5.0,-1,Not sure yet,2025-10-23,"He may be bad at teaching, he may be giving a lot of homework, he may enjoy making easy things redundant, but he somehow still has a job at UCSD. This shows that the job market is not as bleak as it seems if someone like Ochoa has held a job at UCSD for years.","Tough grader, Lots of homework, Lecture heavy"
14,"CSE11 - University of California, San Diego",cse11,1.0,4.0,-1,B,2025-10-26,"Worst class I've taken at UCSD. Homework and exams barely relate to the lectures. The instructor gets irritated easily, even when students ask normal questions, and often argues instead of explaining. Very disrespectful attitude overall. Avoid this class if possible &#8212; truly exhausting experience.","Tough grader, Lots of homework"
14,"CSE11 - University of California, San Diego",cse11,4.0,4.0,1,Not sure yet,2025-11-11,"Alright I don't appreciate the slander here. Yes his homework is long. Yes his lectures aren't the MOST helpful. And yes, it's a lot for an intro course. But it's absolutely 100% doable. If you can do the homework, you can absolutely do his exams. I got a 100% on the last midterm. If you're taking other classes, beware. Good luck! He's nice :)","Tough grader, Lots of homework, Lecture heavy"
14,"CSE11 - University of California, San Diego",cse11,5.0,2.0,1,B+,2025-12-06,Ochoa basically does a flipped classroom where you come in knowing most of the material already. Assignments are worth a large portion of your grade and range from just a few hours to 10+ depending on your programming experience. Assignments are worth and really help you learn. Lectures are somewhat informative as well as recorded,Lots of homework
14,"CSE11 - University of California, San Diego",cse11,5.0,3.0,1,A+,2025-12-17,"The homework takes a very long time. Without prior coding experience, this class can be difficult. It is very fast-paced. Midterm and Final are fairly easy if you looked at all the slides. You learn the content before class and then he does live coding in class. Lots of opportunities to upgrade your grade. Great guy and decent teacher.",Lots of homework
14,"CSE11 - University of California, San Diego",cse11,5.0,2.0,1,A+,2026-01-08,"The GPA of this class consists of homework, prelecture quiz, midterm and final exams. For prelecture quiz, although it largely based on the prelecture video and is very tricky and difficult, prof.Ochoa gives us infinite attempts so it won't be a problem. The homework is indeed quite long but it makes sense as we only got one per weeks.","EXTRA CREDIT, Caring, Accessible outside class"
14,"CSE11 - University of California, San Diego",cse11,3.0,2.0,1,A+,2026-01-11,"Be prepared for A LOT OF homework. Prelecture quizzes are tough, but you can do as many times as you want to get full credit. Exams are pretty easy and are related to the lecture, much easier than those prelecture quizzes. Overall, Benjamin Ochoa is a nice guy, and if you can withstand heavy workload from homework, getting a high score isn't hard.",Lots of homework
14,"CSE11 - University of California, San Diego",cse11,1.0,5.0,-1,Not sure yet,2026-02-19,"Intro class with so much work, the professor doesn't teach well, just all over the place. Teaching methods are very bad",
14,"CSE11 - University of California, San Diego",cse11,1.0,5.0,-1,Not sure yet,2026-02-26,so much homework and teach nothing. go teach yourself.,Lots of homework
14,"CSE11 - University of California, San Diego",cse11,1.0,5.0,-1,Not sure yet,2026-02-27,"Insane amount and length of homework, lectures are unhelpful, prelectures are long and difficult. For an intro class the difficulty and lack of teaching is way too much","Lots of homework, Lecture heavy, Test heavy"
14,"CSE11 - University of California, San Diego",cse11,1.0,3.0,-1,A+,2026-02-27,Super long lectures plus pre-lectures that can't keep students focused. Heavy pre-lecture quiz. Most of the PAs need to be types from blank or from creating the file. Need to follow strict guideline forms for PAs that takes almost 1 whole day to rerun and recheck the format. PAs are unreasonably heavy and repeated and they need forever to complete.,"Lots of homework, Lecture heavy"
14,"CSE11 - University of California, San Diego",cse11,3.0,5.0,-1,Not sure yet,2026-03-01,If you're already java fluent it will be easy. Otherwise the class will be the hardest you've taken and consume most of your life. It's just an insane amount of content and homework but at least the grading curricula is somewhat reasonable. Prof is a chill guy and decent teach but its just too much content for one quarter. U gotta grind,"Lots of homework, Lecture heavy"
14,"CSE11 - University of California, San Diego",cse11,1.0,2.0,-1,A-,2026-03-02,boring syntax memorization,"Get ready to read, Lots of homework"
14,"CSE11 - University of California, San Diego",cse11,2.0,5.0,-1,,2026-03-12,"very fast-paced, loads of homework, and every knowledge needs to learn by ourselves, and the lecture just shows a few examples.",Lots of homework
14,"CSE11 - University of California, San Diego",cse11,2.0,5.0,-1,Rather not say,2026-03-18,"low cortisol professor. high cholesterol course. The lectures do not cover enough to be useful for homework or exams. The homework's are extremely time consuming. Tricky pre-lecture quizzes. There is not enough time in the lectures and quarter to properly cover all the course material, be prepared to learn on your own. Python knowledge doesnt help.","Tough grader, Get ready to read, Lots of homework"
14,"CSE11 - University of California, San Diego",cse11,5.0,4.0,1,A,2026-03-25,"A lot homework, but great curve.","Amazing lectures, Lots of homework"
14,"CSE11 - University of California, San Diego",cse11,5.0,4.0,1,A,2026-03-25,"Very clear lecture. Even though there are a lot of homework and the final is pretty hard, he offered a very generous curve.","Amazing lectures, Lots of homework"
14,"CSE11 - University of California, San Diego",cse11,3.0,3.0,1,A+,2026-03-25,A lot of homework especially the PA's. Prelecture quizzes were alright. Midterm wasn't that bad compared to the final which was pretty hard. The curve is very very generous though,Lots of homework
14,"CSE11 - University of California, San Diego",cse11,5.0,5.0,-1,A,2026-03-25,the curve is so kind,
14,"CSE11 - University of California, San Diego",cse11,5.0,3.0,1,A+,2026-03-25,Workload is kind of heavy but exams are easy and he curves a lot in the end.,"Clear grading criteria, Lots of homework"
14,"CSE11 - University of California, San Diego",cse11,4.0,2.0,1,A+,2026-03-26,"Homework and prelecture quizzes are long and difficult, but his prelecture videos summarizes the topics of the class, while the lecture is when he applies the concepts to use. Exams are not a lot of the final grade and are simple compared to the prelecture quizzes","Clear grading criteria, Inspirational, Lots of homework"
14,"CSE11 - University of California, San Diego",cse11,4.0,2.0,1,A+,2026-03-26,Homeworks were long and tedious. Exams aren't too difficult. Great curve.,"Clear grading criteria, Lots of homework"
14,"CSE11 - University of California, San Diego",cse11,5.0,2.0,1,A+,2026-03-27,"Homeworks were difficult, exams were difficult, but curves a lot!",Lots of homework
14,"CSE11 - University of California, San Diego",cse11,1.0,5.0,-1,B-,2026-03-30,"This professor gives you prelecture video and prelecture quizes and tremendous homework. You might be curved from B to A+, B-to A- or stay at B- not changed. So get ready for a gamble.","Tough grader, Get ready to read, Lots of homework"
14,"CSE11 - University of California, San Diego",cse11,2.0,5.0,-1,Rather not say,2026-03-30,"Not that hard to pass if you really put effort in, especially under the situation he gave a great curve. But the course system is already outdated. I can't agree on the strong emphasis on not using AI, and he's just being stubborn. Besides that, the professor has a good face card.","Lots of homework, Lecture heavy, Test heavy"
14,"CSE11 - University of California, San Diego",cse11,3.0,4.0,-1,A,2026-03-30,"Live coding only helps if you still need to learn the basics. The amount of hours u need to put in for hw is long, just study for midterms and finals using the ones, along with knowing some basic strategies for problems. I did thoroughly learn the material though, so he did his job.","Participation matters, Lots of homework, Accessible outside class"
14,"CSE11 - University of California, San Diego",cse11,5.0,1.0,1,A+,2026-03-31,"Easy to get A+ if you have sophisticated Java programming skills. Also, Dr. Ochoa curved a lot. So, you can get almost 93-95 percent in the exams and be curved to 100 percent or more.",Clear grading criteria
14,"CSE11 - University of California, San Diego",cse11,1.0,5.0,-1,A-,2026-04-03,so much homework and grunt work,
14,"CSE11 - University of California, San Diego",cse11,1.0,4.0,-1,A-,2026-04-17,Not an easy Java class. Expect 10+ hours of work a week. This professor is also extremely passive-aggressive toward students.,"So many papers, Test heavy"
15,CSE150 - Stony Brook University,CSE150,1.0,5.0,0,,2020-10-08,"Not good at teaching, homeworks are hard, very rude. It's obvious he doesn't care about making sure the students understand the material, just goes through the motions. If you're an incoming CS student, just take CSE214 and you'll actually learn something useful.","Get ready to read, Tough grader"
15,CSE150 - Stony Brook University,CSE150,3.0,4.0,0,A-,2020-12-26,"Had the necessary content in the lectures, but really makes you figure out most of it on your own. Kind of a frustrating way to teach but I guess it does help you understand the material better. Tough grader but good curve, but that might just be honors. Also, his demeanor makes him a little unapproachable.","Lots of homework, Tough grader"
15,CSE150 - Stony Brook University,CSE150,1.0,5.0,-1,Not sure yet,2024-12-15,"worst class i have ever taken, condescending towards students and does the ""well what do you think"" when you ask a question about homework, gives practice exams but doesn't provide answer key because he ""wants to reuse the questions in the future so cannot give out answers."" will talk down to TAs in front of students.","Tough grader, Lecture heavy, Test heavy"
15,CSE150 - Stony Brook University,CSE150,1.0,1.0,-1,Rather not say,2025-01-15,"cannot teach for the life of him and does not know how to answer students' questions. I absolutely hated this class. if you got into the honors cse program, id say youre better off taking cse 215(regular version of 150) instead of this class.","Lots of homework, Test heavy"
15,CSE150 - Stony Brook University,CSE150,1.0,5.0,-1,A,2025-04-15,"Huge stickler for academic honesty, gave an ""academic honesty assignment."" All he says is work it out yourself when introducing a topic, basically ""I refuse to teach you, find someone else. And ANY outside resources are prohibited."" A TA told a student loudly not to take a picture of the board. Average is ~60 and curved to prevent collaboration.","Tough grader, Participation matters, Lots of homework"
15,CSE150 - Stony Brook University,CSE150,1.0,5.0,-1,A,2025-06-30,This professor uses extreme academic honesty and a figure it out for yourself philosophy as an excuse to avoid teaching. Dude I laughed at this page before taking his class but it's all true.,"Tough grader, Participation matters, Lots of homework"
15,CSE150 - Stony Brook University,CSE150,3.0,3.0,1,A,2025-12-23,"Honestly not as bad as I initially thought based on previous reviews.
Lectures are enjoyable for the most part; just read the textbook and review slides and you should be fine for exams.",
15,CSE150 - Stony Brook University,CSE150,1.0,5.0,-1,Rather not say,2026-01-30,"The actual exams are nothing like the practice. You WILL be cooked by the exams. Best you can do is pray. Good luck, soldier.","Lecture heavy, Test heavy"
15,CSE150 - Stony Brook University,CSE150,1.0,5.0,-1,,2026-02-23,Practice tests are super simple and tests are beyond impossible.,"Tough grader, Lots of homework"
15,CSE150 - Stony Brook University,CSE150,1.0,5.0,-1,Rather not say,2026-04-09,professor does not know how to teach at all. he himself is knowledgeable but not good at teaching students.,Test heavy
16,"CSE252A - University of California, San Diego",CSE252,1.0,5.0,0,,2020-04-10,"If you take his class, your time would mostly be spent on taking his blackboard notes. Those notes are all in textbooks. It's hard to understand why he doesn't just make latex on slides. Maybe those writing notes would occupy most of the class time for teaching meaningful content. It's very boring and wasting time.",Skip class? You won't pass.
16,"CSE252A - University of California, San Diego",CSE252,1.0,3.0,0,,2020-04-10,Avoid this instructor's classes.,Lots of homework
16,"CSE252A - University of California, San Diego",CSE252A,1.0,2.0,0,,2021-11-16,"This Professor can make simple things become very complicated. He was not able to explain lecture material well. For example, when he talked about PCA. He gave the derivation (SVD) and the results first. Then he defined what the data matrix is?? No idea for his logic. Also, his slides and exam are very confusing and misleading.","Lots of homework, Tough grader"
16,"CSE252A - University of California, San Diego",CSE252A,1.0,4.0,0,,2021-12-14,"I would not recommend Ben to anyone. He cant explain materials clearly. Homework takes a lot of time and has basically nothing to do with exams. Take this class under him only if you absolutely have to do so. If you just want to study cv, free courses on YT are way better. BTW he closed Piazza and canvas immediately after the finals.",Lots of homework
16,"CSE252A - University of California, San Diego",CSE252,5.0,3.0,1,A+,2022-12-05,Prof. Ochoa is definitely an excellent professor if you take his course seriously.,"Amazing lectures, Clear grading criteria, Accessible outside class"
16,"CSE252A - University of California, San Diego",CSE252A,1.0,5.0,-1,,2022-12-13,Avoid him if you can. For real. He is terrible.,"Tough grader, Lots of homework, Lecture heavy"
16,"CSE252A - University of California, San Diego",CSE252A,1.0,5.0,-1,Drop/Withdrawal,2023-11-10,"Truly terrible professor. Lectures are difficult to follow, and no podcast. The slides are available, but they're confusing. The PAs were created by the TAs, and he barely knows them. The PAs are so bad, that so many people show up to office hours you'll have to fight to talk to the TAs. Additionally, he's condescending. Avoid him.",Tough grader
16,"CSE252A - University of California, San Diego",CSE252A,1.0,5.0,-1,Not sure yet,2023-12-14,Terrible professor. 252 is poorly organized. Practice questions for final exam is a joke. The worst and most hubris lecturer I came across at SD. Avoid.,Graded by few things
16,"CSE252A - University of California, San Diego",CSE252A,1.0,5.0,-1,Not sure yet,2023-12-18,"horrible class- professor doesn't take his job seriously, reads off slides, just because he has a job as a senior director full time elsewhere. unreasonable grading, it's not a computer vision class, its more of a comp graphics class. if you are international he will be the worst challenge of career (as compared to BITS pilani)","Tough grader, Graded by few things"
16,"CSE252A - University of California, San Diego",CSE252A,1.0,5.0,-1,Not sure yet,2023-12-18,Simply reading slides during lectures and reusing old homeworks; very difficult final being unrelated to slides and lectures. Avoid him anyway!,"Tough grader, Lots of homework, Test heavy"
16,"CSE252A - University of California, San Diego",CSE252A,1.0,5.0,-1,,2023-12-21,Agree with the other 1.0 evaluations. Avoid him if you want to have fun learning and get a good grade. Especially avoid interacting with him.,"Tough grader, Lots of homework"
16,"CSE252A - University of California, San Diego",CSE252A,1.0,5.0,-1,A,2024-01-11,"1. Lectures require a lot of self reading.
2. Unnecessary strict. Deliberately stopped recording of classes to force students into coming.
3. Doesn't have strong grip on ML stuff, but conversely the classical CV is strong.
4. Grading is strict and plain wrong. TAs and prof. never admitted their mistakes.
5. 10 out of 100 didn't receive grade.",
16,"CSE252A - University of California, San Diego",CSE252A,1.0,5.0,-1,Not sure yet,2025-01-30,Posted change in assignment on Piazza without announcing/pinning (bad communication). Monotonous tone when lecturing. Office hours at late night discouraging student to attend. Never listen to what his students suggest and assume that he's right all the time.,"Tough grader, Lecture heavy"
16,"CSE252A - University of California, San Diego",CSE252A,1.0,5.0,-1,Not sure yet,2025-12-15,"If you take his 252A, expect final exam to take 40% of total grade while it tests all the minor details showed up on corners of his twenty 100-page slides, the real final exam way harder than the sample exam which is simply there to confuse you on the actual difficulty, lots of classic CV instead of ML, long time spent on hw that does not help exam",
16,"CSE252A - University of California, San Diego",CSE252A,2.0,5.0,-1,B,2025-12-15,"After taking his class this quarter, I probably will have to agree with the others here. Lectures are so dense class could be split in two, yet expects to know every little detail for the final. Assignments were fun at least but lectures were not interactive, just him showing 30 different equations and not explaining well.","Tough grader, Lecture heavy, Test heavy"
16,"CSE252A - University of California, San Diego",CSE252A,1.0,5.0,-1,Not sure yet,2025-12-16,"This class was just way too much. It tries to cover an insane amount of material to a very superficial level. I had to rewatch lectures 2 to 3 times just to have a semblance of what was going on at a high level. Unfortunately, the 40% final expected you to recollect dozens of arbitrary formulas rather than focus on understanding.","Tough grader, Lecture heavy, Test heavy"
16,"CSE252A - University of California, San Diego",CSE252A,3.0,3.0,1,A,2025-12-17,"i didn't go to class at all so idk how his teaching was but dunno why the reviews are complaining about the final, that test covered pretty basic/core stuff from lectures and the questions weren't very specific at all, plus the cheat sheet was double sided which should have let people cover everything","Lots of homework, Test heavy, Graded by few things"
17,EC365 - Boston University,EC365,4.0,3.0,1,,2018-04-07,"Interesting readings in class. Not math intensive like most Economic classes. More history related. No textbook needed, all papers assigned by the professor. Lecture slides are informative.","Get ready to read, Clear grading criteria, EXTRA CREDIT"
17,EC365 - Boston University,EC365,5.0,3.0,1,,2018-12-20,"Very fair in grading. A bit different as you write essay style answers in tests. If you go to every lecture and go to office hours, you will be fine","Participation matters, Skip class? You won't pass., Gives good feedback"
17,EC365 - Boston University,EC365,5.0,3.0,1,,2019-01-17,"Best professor in the economics department, just take his class. He has many tests, so the class is fair. You get the grade for the effort you put in. He is interesting, the classes are captivating. BU finally did a good job hiring an economics professor","Gives good feedback, Respected, Get ready to read"
17,EC365 - Boston University,EC365,5.0,3.0,1,,2019-01-22,"Very nice and funny professor who is passionate about his lectures. He comes prepared each class with large powerpoints, but does not cover everything (he'll cut out what he doesn't cover for the exams). He is a fair grader and gives good feedback to further improve in the class. There is a lot of readings however.","Respected, Get ready to read, Inspirational"
17,EC365 - Boston University,EC365,5.0,3.0,1,B+,2020-02-13,"This class was labeled as an Econ History class but it was far from that. Very interesting topics and he dives deep into different theories and ideas. He takes attendance by randomly calling out different names every class so theres a chance you could never get called. Although, he does remember people. Only 3 papers and 2 exams (including final).","Gives good feedback, Participation matters, Lecture heavy"
17,EC365 - Boston University,EC365,5.0,4.0,1,,2021-12-17,"Hes really a cool professor. His class is very interesting. The class is graded on 2 tests, 4 research question assignments, and participation matters. He really cares about his students and hes always there to answer your question with a very long reply. I would definitely take this class again!","Gives good feedback, Get ready to read, Lecture heavy"
17,EC365 - Boston University,EC365,5.0,2.0,1,A,2021-12-23,"In Prof. Feigenbaum's EC 365, each lecture covers a different topic in economic history, and he'll typically discuss three or four papers that have investigated that topic. His lectures are really engaging/entertaining, and the exams just ask you to understand the core research design for each paper he covers, so it's a relatively low-stress class.","Hilarious, Amazing lectures, Lecture heavy"
17,EC365 - Boston University,EC365,5.0,4.0,1,A,2022-01-27,"Incredible professor, he teaches one of the most unique and insightful classes in the Econ department and actually makes it interesting. Although attendance wasn't graded, he notices how often you attend lecture and engage in class and definitely takes it into account. He is very tech savvy also which helps class run smoothly. Would take again!","Get ready to read, Amazing lectures, So many papers"
17,EC365 - Boston University,EC365,5.0,3.0,1,,2022-12-18,"Take this class! Super interesting stuff and is pretty straightforward. Professor Feigenbaum is super knowledgable and is always willing to give extensions for papers. He wants everyone to do well. Class consists of 3-4 short papers (one page long), a midterm, and a final.","Amazing lectures, Caring, Accessible outside class"
17,EC365 - Boston University,EC365,5.0,1.0,1,A,2023-01-09,Best econ elective! This was my favorite class I've had at BU. Very manageable and achievable to get an A if you listen to lectures (recorded). Prof. Feigenbaum's style of teaching always keeps you interested in the lecture topic!! Wish he taught more classes. Felt more like a fun history class where you study the main takeaways of the topic.,"Amazing lectures, Clear grading criteria, Caring"
17,EC365 - Boston University,EC365,5.0,2.0,1,Not sure yet,2023-12-22,"random attendance check for lectures (will be recorded), Zoom-only office hour, 4 research questions assignment (300-500 each) , two exams. This class don't need you to perform any math so it's very manageable as long as you understand the story of each paper. Very helpful outside of class. 100% recommend.","Amazing lectures, Accessible outside class, Online Savvy"
17,EC365 - Boston University,EC365,5.0,2.0,1,A,2023-12-23,"One of the best economics professors at BU. Be sure to memorize all the points discussed in class, or you may not be able to succeed in the exam. This class is easy but may not be suitable for people who are interested in math or don't want to spend time memorizing history.","Participation matters, Amazing lectures, Caring"
17,EC365 - Boston University,EC365,5.0,3.0,1,A,2023-12-25,The professor is amazing. The class is not that helpful. The class is titled econ history but in fact one really should rename it Introduction to Econometrics. All histories were explained on an econometric basis; we covered concepts about research designs such as DiD and IVs; make sure you do the research proposals extra careful. Exams are easy.,"Get ready to read, Participation matters, Caring"
17,EC365 - Boston University,EC365,5.0,2.0,1,A,2023-12-27,Professor Feigenbaum is the best and renewed my hope in my future in economics. Professor Feigenbaum has a true talent for lecturing and choosing very interesting topics to discuss as well as just generally being a nice guy. Take EC365 if you get a chance it would be a mistake not to. I wish he taught more undergrad classes.,"Amazing lectures, Inspirational, Accessible outside class"
17,EC365 - Boston University,EC365,5.0,2.0,1,A,2025-12-15,"he is probs the best prof i've ever had. explains things super clearly, super caring and accessible outside of class
95% of this class is just memorization and there is a lot of papers you have to read/memorize
the tests are very similar to his practice midterms
most of the grade is based on midterms, but some credit for hw and participation","Get ready to read, Amazing lectures, So many papers"
17,EC365 - Boston University,EC365,5.0,2.0,1,A,2025-12-16,"my GOAT Prof Feigenbaum. Interesting lectures and keeps it real in class. You can clearly tell he's passionate about what he does and cares about his students. Would recommend this class to all econ majors, but especially those who enjoy more history-based econ classes. loved this class 10/10 no notes for our king","Amazing lectures, Graded by few things, Accessible outside class"
17,EC365 - Boston University,EC365,5.0,4.0,1,Not sure yet,2025-12-17,"Contrary to a lot of the reviews on here, I found this class a bit challenging since there are so many topics and a lot of memorization. That said, his lectures are awesome, and he's a refreshing addition to the BU econ department which, to my experience so far, is generally a lot older. I'd defintely recommend him over majority of other econ profs","Amazing lectures, Caring, Respected"
17,EC365 - Boston University,EC365,5.0,3.0,1,Not sure yet,2025-12-18,"Lots of content and exams were fair but very lengthy. Super interesting lectures, and he's very passionate and helpful about understanding the finer details. Basically a class on research design, so know what you're signing up for.","Participation matters, Amazing lectures, Hilarious"
17,EC365 - Boston University,EC365,5.0,1.0,1,A+,2026-02-15,One of if not the best econ professor at BU. Class is interesting and tests are fair.,Clear grading criteria
18,INFO4940 - Cornell University,INFO4940,1.0,5.0,-1,,2025-11-03,"Typical Professor Soltoff behavior. Terrible rubrics that emphasize things not present in the assignment description. Gets upset with students when they fail to understand a topic quick enough, failing to realize that this is the result of his own incompetence as a teacher. I don't know why Cornell continues to allow him to teach.","Tough grader, Lots of homework, Graded by few things"
18,INFO4940 - Cornell University,INFO4940,1.0,5.0,-1,,2025-11-14,Avoid avoid avoid,"Tough grader, Graded by few things"
18,INFO4940 - Cornell University,INFO4940,1.0,5.0,-1,B,2025-12-10,The man needs to be fired. Provides little to no help. Rubrics are intentionally vague. Even if you ask for clarification he just says &#8220;I'll be grading on whether I think it was a difficult project&#8221;,"Tough grader, Group projects, Graded by few things"
18,INFO4940 - Cornell University,INFO4940,1.0,5.0,-1,Not sure yet,2025-12-15,"A a senior, worst professor I have ever had at Cornell easily. Negative contributor to the Cornell community.",Tough grader
19,CS7643 - Georgia Institute of Technology,CS7643,1.0,5.0,0,,2021-02-12,No relation between what's taught and what's on HW. You would spend days doing the HWs because there is no clear flow in the slides. So internet is all you would look at. The assignment statements are also not very clear. Totally killed my learning experience for Deep learning.,Lots of homework
19,CS7643 - Georgia Institute of Technology,CS7643,1.0,5.0,0,,2021-04-11,"Hard homeworks, vague slides, vague assignment statements! Do only if you have previous background in the course subject.",Lots of homework
19,CS7643 - Georgia Institute of Technology,CS7643,1.0,4.0,-1,B,2022-12-24,"The slides & hw r not aligned I felt lost for the hw & had to use online resources. I took an intro online class: the examples & numbers were exactly the same as his module1 slides! He copied his material and taught them in an awful confusing way. Ironic since he is strict on not using online material & writing ur own code!
HWs need long hrs too.","Group projects, Lots of homework"
19,CS7643 - Georgia Institute of Technology,CS7643,5.0,3.0,1,A+,2023-01-21,"Absolutely amazing professor, especially if you are interested in deep learning theory. The statements he gives in class are very precise and mathematically rigorous, which are sometimes not liked (considered redundant) by those who include more towards applied DL/ML -- the reason for the negative remarks IMO.","EXTRA CREDIT, Amazing lectures, Inspirational"
19,CS7643 - Georgia Institute of Technology,CS7643,3.0,2.0,1,A,2023-04-22,The professor was good. The course helped me learn a lot about deep learning,"Group projects, Lots of homework, Test heavy"
19,CS7643 - Georgia Institute of Technology,CS7643,1.0,5.0,-1,Rather not say,2023-06-19,"Unreasonable homework, not sure why he does this. Not related to lecture. No solutions for feedback.","Group projects, Lots of homework"
19,CS7643 - Georgia Institute of Technology,CS7643,1.0,4.0,-1,Incomplete,2024-10-26,"""-1 Too verbose: 5 or more sentences"" for a question that did NOT say anything about being brief. Lost another point on another homework for another UNWRITTEN requirement (had 96% accuracy needed 97% or something for full points). They made a question that was IMPOSSIBLE to get full points (needed 100% accuracy with 0 model size).",Tough grader
19,CS7643 - Georgia Institute of Technology,CS7643,5.0,3.0,1,,2025-04-26,"Lectures were not that useful for me, so I can't comment on that. But the assignments are good and the project is cool. He's pretty generous and gives a grace period for every assignment as well, although I suspect he just uses it as an excuse to not let students who have submission problems complain to him.",Clear grading criteria
19,CS7643 - Georgia Institute of Technology,CS7643,5.0,4.0,1,A,2025-04-26,"Homework is hard and takes time, but you will learn much about ML. Lectures are cool and cover modern DL. Honestly, one of the most fulfilling courses I've taken at GT.",
19,CS7643 - Georgia Institute of Technology,CS7643,2.0,3.0,-1,,2025-04-29,"Lectures are very dry and are just presentations with 60+ slides per, ended up not showing after a few weeks because it was hard to care, maybe its me but the lectures just were not interesting in the end.  Homeworks were annoying but did not take too much time.",
19,CS7643 - Georgia Institute of Technology,CS7643,1.0,3.0,-1,B,2025-05-15,"The professor is not caring about student and lecture accumulates a lot of materials and TAs are not respectful. Also, the quizes are so hard and the materials also disorganized. I feel the prof did not prepare the materials well.",Graded by few things
19,CS7643 - Georgia Institute of Technology,CS7643,5.0,3.0,1,A,2026-01-22,"Good guy, good lectures, cares about students.","Group projects, Inspirational, Respected"
20,CS3853 - University of Texas at San Antonio,CS3853,5.0,4.0,1,,2021-03-03,"Clearly a man who cares about guiding his students as computer scientists. His lectures make concepts intuitive, and the homework (may be somewhat intensive occasionally) prepare your foundations well.","Gives good feedback, Accessible outside class, Caring"
20,CS3853 - University of Texas at San Antonio,CS3853,3.0,4.0,0,,2022-02-19,"Vague explanations. Tests are on webcam. Other professors in the past have allowed groups to work together on labs, not him.",Tough grader
20,CS3853 - University of Texas at San Antonio,CS3853,5.0,3.0,1,A,2022-04-21,"I've only had him for Comp Arch, but he was really awesome for that. Really interesting lectures, you can tell he really enjoys the subject he teaches. Very enthusiastic and easy to follow lectures. Easy grader for tests, he gives a ton of partial credit. He will tell you to just put SOMETHING down so he can give you partial credit.10/10 recommend.","Amazing lectures, Clear grading criteria, Graded by few things"
20,CS3853 - University of Texas at San Antonio,CS3853,5.0,3.0,1,B+,2022-05-06,Maybe his online class was different from the other ratings but the in person class was really good. One of my best experiences in a class at UTSA. Very helpful and explained topics really well in my opinion. I would highly recommend him for people that need to take computer architecture.,"Participation matters, Caring, Respected"
20,CS3853 - University of Texas at San Antonio,CS3853,5.0,3.0,1,Not sure yet,2022-05-07,"Wang is a straight-forward, fair professor. Exams in Comp Arch are very straight-forward (no trick questions) and study guides provided are actually helpful. Assignments are not too difficult and Wang covers assignment answers in class. As long as you keep up with the course material and complete assignments, Comp Arch with Wang is fair. Take Wang.","Caring, Test heavy, Accessible outside class"
20,CS3853 - University of Texas at San Antonio,CS3853,5.0,3.0,1,C-,2022-05-25,"Class material for Computer Architecture was difficult in general for me but he seems passionate about architecture and gave many extra credit opportunities. Gave fast email responses to assist with assignments, which was very appreciated. He is very understanding, forgiving and patient. A great professor!!!","EXTRA CREDIT, Caring, Accessible outside class"
20,CS3853 - University of Texas at San Antonio,CS3853,3.0,4.0,1,,2023-05-26,"Hard tests, invasive camera requirements for tests (online class). A previous professor used to let people do projects in groups, not this one. Last project includes writing a long paper. He ended up being good, but didn't like how he acted overboard on the cameras for tests.",
20,CS3853 - University of Texas at San Antonio,CS3853,5.0,4.0,1,A,2024-05-07,"Professor has all course lectures recorded and posted from day 1, loved that.  This class is pretty tough even for someone who is tech savvy and likes low level programming.  Make sure you attend his lectures, he does Q/A for people with questions so make sure to ask.  He is very responsive and will try to help you.","Get ready to read, Participation matters, Lecture heavy"
21,CS537 - University of Wisconsin-Madison,cs537,1.0,3.0,-1,Rather not say,2023-12-21,"Not recommended, Grade cutoffs is not flexible",
21,CS537 - University of Wisconsin-Madison,cs537,5.0,5.0,1,,2023-12-21,Louis Oliphant is one of my favorite professors at UW and we are very lucky that he joined.,"Amazing lectures, Gives good feedback, Respected"
21,CS537 - University of Wisconsin-Madison,cs537,1.0,5.0,-1,Not sure yet,2023-12-23,Choose a different prof if you can.,"Tough grader, Get ready to read, Test heavy"
21,CS537 - University of Wisconsin-Madison,cs537,2.0,4.0,-1,Rather not say,2023-12-23,Good lecturer and explains concepts clearly. Grading is unconventional and unclear. Curving is replaced with extra credit for this always-curved course without letting students know. Won't compensate decent work for irresponsibility of the other partner in group projects. Be prepared to get low grades with a large commitment.,"Tough grader, Group projects, Lots of homework"
21,CS537 - University of Wisconsin-Madison,cs537,2.0,4.0,-1,Rather not say,2023-12-23,"Good lecturer, well-spoken and clearly explains concepts, but grading is unconventional and unclear. No curve for an always-curved course and won't compensate at all for irresponsibility of the other partner in group projects.","Tough grader, Group projects, Lots of homework"
21,CS537 - University of Wisconsin-Madison,cs537,1.0,5.0,-1,A-,2023-12-23,actually the worst OS professor this university has to offer,"Tough grader, Participation matters, Lecture heavy"
21,CS537 - University of Wisconsin-Madison,cs537,5.0,3.0,1,A,2023-12-24,"I think a lot of people left negative reviews based on him initially not indicating a curve. He did end up doing a pretty generous curve at the end. Lectures were clear and have great experience, especially since it was a his first time teaching the class. OS is a lot of work but worth it.","Get ready to read, Lots of homework, Lecture heavy"
21,CS537 - University of Wisconsin-Madison,cs537,4.0,5.0,1,A-,2023-12-24,"Louis is a great professor, but expect many issues if TA's are still running projects. Unclear grading criteria and limited help led to a very strained semester, right up until the last day. However, I don't think anyone would say this is on Louis - he did an excellent job of teaching the course material. Beware of the TA's.","Tough grader, Lots of homework, Respected"
21,CS537 - University of Wisconsin-Madison,cs537,5.0,3.0,1,Rather not say,2023-12-24,"He is a great lecturer, there is some inconsistency in grading but overall he is fair. The projects and exams can be intensive but you will get decent results if you commit to them.","Group projects, Amazing lectures, Lots of homework"
21,CS537 - University of Wisconsin-Madison,cs537,4.0,5.0,1,A,2023-12-26,"Great lecturer. Clear, engaging, well-planned, correctly paced, and really friendly. 

The gripe most people had was with frequent disorganization of projects; this seemed to be the fault of TAs (and Louis' first time managing such a large class). He got better over time, and was clearly working to improve the class and help all students succeed.","Lots of homework, Caring"
21,CS537 - University of Wisconsin-Madison,cs537,4.0,3.0,1,A,2023-12-29,"Very nice professor that taught the content in a simple, but direct manner from the OSTEP textbook. Nicely paced lectures and took feedback regularly. The projects were handled messily, but that is mostly due to the TAs being unprepared, and gave a generous curve with plenty of extra credit over the semester. Those complaining earlier were wrong.","Get ready to read, EXTRA CREDIT, Caring"
21,CS537 - University of Wisconsin-Madison,cs537,4.0,3.0,1,A,2024-01-05,"One of the better CS lecturers I've had. Good energy/pacing with good slides and engaging discussions. Lectures and previous exams prepare you well for tests. Communication with TAs wasn't great, making the projects incredibly convoluted at times (get a good partner). If the projects are better organized in the future, this would be a great class.","Group projects, Amazing lectures"
21,CS537 - University of Wisconsin-Madison,cs537,3.0,3.0,-1,A,2024-01-10,"Oliphant is nice, but he's a monotonic lecturer IMO. Oliphant did not seem to be on the same page as the rest of the teaching staff a lot of the time. As a result, the course was not organized properly. Projects were incredibly useful for understanding and applying the material, unlike the lectures.","Group projects, Graded by few things"
21,CS537 - University of Wisconsin-Madison,cs537,4.0,3.0,1,A,2024-05-07,"I had Louis for CS220, and I think it was his first time teaching it. He never provided lecture slides, just coded up front. I think the other lecturer (Michael) had slides, which would've helped me, especially on the quizzes. Overall, not bad, especially compared to what I've heard about other CS profs here.","Group projects, Lecture heavy"
21,CS537 - University of Wisconsin-Madison,cs537,5.0,5.0,1,Rather not say,2024-05-12,"He is a good professor compared to other CS faculty at UWm. For me, the problem was just the concept of OS, but we know OS topics are inherently difficult lol. Overall, he's a good and flexible professor.","Gives good feedback, Inspirational"
21,CS537 - University of Wisconsin-Madison,cs537,4.0,4.0,1,Not sure yet,2024-05-15,"Seems like a nice guy, fairly interesting lectures and always available to answer questions. I can tell he is interested in the subject which is good. My main complaint is exams, multiple choice comp sci exams (I had him for cs 220) should be illegal lol.",
21,CS537 - University of Wisconsin-Madison,cs537,4.0,5.0,1,A,2024-12-24,"This class is substantially harder than any other CS class I have taken. The projects were unbelievably time consuming. Louis is a good choice though, very kind and lectures are clear. Go frequently to office hours if you want to do well in this class.",Lots of homework
21,CS537 - University of Wisconsin-Madison,cs537,5.0,4.0,1,A,2025-01-29,Generous and accommodating with extra credit/grades and a great lecturer. I took this class about a year ago and I look back on it with fond memories. The projects were time-consuming and difficult but there was support at office hours and the class 100% made me a better software engineer. Allocate enough time for yourself and you'll be okay.,"Amazing lectures, Caring, Accessible outside class"
21,CS537 - University of Wisconsin-Madison,cs537,5.0,3.0,1,A,2025-02-25,He only has (or had) a low rating because of the first semester he taught CS 537 (Fall 2023). I was in this class and the 1/5 ratings are because of a tentative piazza post that said the grade cutoffs may not change. They did change and over 40% of the class got an A. Oliphant was a good lecturer and could simplify topics well.,Lots of homework
21,CS537 - University of Wisconsin-Madison,cs537,1.0,5.0,-1,Rather not say,2025-11-02,"Most of the course Settings are disgusting, but here you can enjoy the 5fz super long quiz, the midterm exam with 65 multiple-choice questions in one and a half hours, and vague exam answers","Tough grader, Test heavy"
21,CS537 - University of Wisconsin-Madison,cs537,5.0,4.0,1,A,2025-12-22,"Nice person and good lecturer. Tests are really heavy, but maybe its cs537's tradition since I found Shivaram's exams are also difficult.","Amazing lectures, Caring, Test heavy"
21,CS537 - University of Wisconsin-Madison,cs537,5.0,4.0,1,A-,2026-03-05,"Good lecturer, funny guy who broke down concepts in easy to understand blocks. The projects took a ton of time and the exams were pretty difficult, but overall a very interesting class.","Lots of homework, Lecture heavy"
22,CSCI4430 - Rensselaer Polytechnic Institute,CSCI4430,1.0,5.0,-1,,2005-05-05,Undoubtedly the worst professor I've ever had.,
22,CSCI4430 - Rensselaer Polytechnic Institute,CSCI4430,2.0,5.0,-1,,2005-05-11,"quite possibly the worst professor i have ever had.  taught things in a most illogical order and, rarely supplemented the text, and his own lectures slides, with examples.",
22,CSCI4430 - Rensselaer Polytechnic Institute,CSCI4430,1.0,5.0,-1,,2005-05-12,"Absolutely terrible professor.  Lectures are not useful, tests and projects are not about the same material.  Refuses to give out enough practice material for exams and what little he does refuses to give out the solutions to.  It took me over a month to even determine what the class was about.",
22,CSCI4430 - Rensselaer Polytechnic Institute,CSCI4430,1.0,5.0,-1,,2006-12-11,"For proglang. Common phrase, but take this with sincerity: Varela is the worst teacher that I've ever had. Approx 70% class eventually dropped. HWs take _all_ of your time. Varela acknowledges this. Only way to pin him down is in class or department mandatory office hours (phone is no help). Hung bell curve at low C on remaining 30% of class. GL",
22,CSCI4430 - Rensselaer Polytechnic Institute,CSCI4430,1.0,5.0,-1,,2009-12-14,"Absolutely horrible. Insisted on using poorly documented languages (including one he wrote). Promised at the beginning of semester that no one who tried would fail, then kept to a conventional grading scheme. Avoid Varela at all costs.",
22,CSCI4430 - Rensselaer Polytechnic Institute,CSCI4430,2.0,4.0,-1,,2012-05-11,"Awful. Awful. Other students warned me not to take his class. I should have listened. Grading is comically inconsistent. He could barely explain the material, which was poorly chosen to begin with. He was NEVER prepared and can barely use a computer. Seriously, he has had a significant negative impact on my education and my respect for RPI.",
22,CSCI4430 - Rensselaer Polytechnic Institute,CSCI4430,2.0,2.0,-1,,2012-05-21,"I have to say, he does want to be a good teacher. That being said, he's not.  I got an A, but looking back, I didn't learn anything from his class. I don't think professors have to take any classes on how to teach, but he should.",
22,CSCI4430 - Rensselaer Polytechnic Institute,CSCI4430,1.0,5.0,-1,Not sure yet,2023-11-01,salsa salsa salsa salsa salsa salsa salsa salsa salsa salsa salsa salsa salsa salsa salsa salsa salsa salsa salsa salsa salsa salsa salsa salsa salsa salsa salsa salsa salsa salsa salsa salsa salsa salsa salsa salsa salsa salsa salsa salsa salsa salsa salsa salsa salsa salsa salsa salsa salsa salsa salsa salsa salsa salsa salsa salsa salsa salsa,Get ready to read
22,CSCI4430 - Rensselaer Polytechnic Institute,CSCI4430,1.0,5.0,-1,Not sure yet,2023-11-03,by far the worst class I have ever taken at RPI.,
22,CSCI4430 - Rensselaer Polytechnic Institute,CSCI4430,1.0,5.0,-1,C+,2023-11-30,"This is the worst class I have taken in my 21 years of life. I would give him a zero if it was possible. His lectures are so uninspiringly boring that my only regret is that I could only skip them once. He has poop diagrams, his examples are terrible so you cannot understand what is going on. I would bash him longer but there is a 350 character lim","Tough grader, Get ready to read, Graded by few things"
22,CSCI4430 - Rensselaer Polytechnic Institute,CSCI4430,1.0,5.0,-1,B,2023-12-01,"In a class with almost 300 people registered, it is nearly empty every class session. The lectures are boring and near impossible to follow. Most of my learning from this class was from watching youtube videos on each language. There are 3 homeworks and 3 tests which sucks. Can't write everything here, but this is the worst class I have ever taken.","Tough grader, Test heavy, Graded by few things"
22,CSCI4430 - Rensselaer Polytechnic Institute,CSCI4430,2.0,5.0,-1,A-,2023-12-21,"Be prepared to study by yourself. The other prof who teaches on even years does better than he does (just a little better tho). There are 3 exams and 3 HWs where the lowest will count as 10% and the other two count as 20% each. I would go with Haskell, Erlang, and Prolog. Salsa will drive you crazy! Good luck if you plan to take PL with him......",Graded by few things
22,CSCI4430 - Rensselaer Polytechnic Institute,CSCI4430,1.0,5.0,-1,Not sure yet,2024-10-03,"Cannot understand what he's saying, confusing lectures","Tough grader, Get ready to read, Graded by few things"
22,CSCI4430 - Rensselaer Polytechnic Institute,CSCI4430,1.0,4.0,-1,,2024-10-25,"Exams and homeworks are quite doable, but the class itself is just awful. I don't feel like I'm actually learning anything. Never going near any of this material again.","Get ready to read, Test heavy, Graded by few things"
22,CSCI4430 - Rensselaer Polytechnic Institute,CSCI4430,1.0,5.0,-1,,2024-10-28,"Lectures are recorded but the lectures are very confusing and boring. You have a better chance of understanding the material by studying by yourself. Grades are based on only 3 hws and 3 exams. If it's not required, don't take this course because the material is useless. Learn lambda calculus on your own time if you want.","Get ready to read, Lecture heavy, Graded by few things"
22,CSCI4430 - Rensselaer Polytechnic Institute,CSCI4430,1.0,5.0,-1,Incomplete,2024-10-30,"Avoid this class at all costs if you can. Most content consists of ""languages"" he either made up and imposes on you as a student from his own textbook. Because of this content and documentation is hard to learn and almost non existent. SALSA, Oz, and AMST are used quite a bit and outside this class seem to not exist.",
22,CSCI4430 - Rensselaer Polytechnic Institute,CSCI4430,2.0,3.0,-1,A,2024-12-11,"Honestly, his lectures are useless & incomprehensible, and same with his slides. But, the course material isn't too difficult, so you can teach yourself. Also the back exams make getting good exam scores fairly alright. Don't bother with lecture at all, and be prepared to learn by yourself. I suggest Haskell over Oz and Erlang over SALSA. Good luck","Clear grading criteria, Graded by few things"
22,CSCI4430 - Rensselaer Polytechnic Institute,CSCI4430,4.0,2.0,1,A,2024-12-18,"Whoever says that he is difficult to understand is crazy; he has an accent but is very clear. The subject matter is pretty fun, and while I can't say I know that it will be impactful in my career, it was interesting. If you attend lectures the homework should be easy. And if you do the homework the exams should be easy.","Clear grading criteria, Graded by few things"
22,CSCI4430 - Rensselaer Polytechnic Institute,CSCI4430,5.0,4.0,1,A,2025-08-29,"ProgLang is a tough theoretical class. People blame prof that they struggle with complex theory. 

Surprised people find him hard to understand. He has a mild accent, repeats his main points multiple times, and prints out copies of his slides to hand out. 

Grading is 3 exams and 3 projects. Lowest exam and project is worth 10%, rest are 20% each.","Clear grading criteria, Caring, Graded by few things"
23,CSCI567 - University of Southern California,CSCI567,1.0,5.0,-1,Not sure yet,2023-09-08,boring class and blows over material,
23,CSCI567 - University of Southern California,CSCI567,1.0,5.0,-1,F,2023-09-22,"my boy dani is hands down the worst teacher i've experienced in my life. He will show you a slide with some complex math that you took 4+ years ago, tells you that it works and to look at it at home. Then, he will give you a midterm expecting you to do this math you learned 4+ years ago :(((

Dani.... why?? Avoid him please","Tough grader, Get ready to read, Participation matters"
23,CSCI567 - University of Southern California,CSCI567,2.0,5.0,-1,,2023-09-22,"Smart and passionate guy, terrible teacher","Get ready to read, Group projects, Lecture heavy"
23,CSCI567 - University of Southern California,CSCI567,1.0,4.0,-1,,2023-09-26,"This professor single-handedly proved to me that machine learning could become something absolutely insufferable, he ruined the fun of learning the most beautiful concepts. He's absolutely horrible with how he delivers his lectures and makes no sense. He's not meant to be a professor at all. It saddens me so much to see ML being taught like this.","Tough grader, Get ready to read, Lecture heavy"
23,CSCI567 - University of Southern California,CSCI567,2.0,4.0,1,B,2023-12-22,"Unlike the other students, I think the lectures for this class are basically fine.
The real issue was it took forever to get back grades and this was really stressful. I don't think the staff is lazy or evil, but they definitely could have been more efficient. Hopefully this gets figured out in later semesters but I wouldn't take this class now.","Get ready to read, Group projects, Graded by few things"
23,CSCI567 - University of Southern California,CSCI567,1.0,5.0,-1,B-,2023-12-23,One word for his class: Chaos,"Tough grader, Group projects, Lecture heavy"
23,CSCI567 - University of Southern California,CSCI567,3.0,5.0,-1,Not sure yet,2023-12-27,I left a review earlier and I'm writing a new one because I can't take it down. He went through and regraded the entire class's papers after the deadline. He's not the best professor but he is also new. But I can respect the fact he's trying his best to make up for the chaotic grading.,"Lecture heavy, Test heavy, Graded by few things"
23,CSCI567 - University of Southern California,CSCI567,1.0,4.0,-1,B,2024-01-08,He is BASICALLY the worst professor I've ever had since college. Don't take his class. It is really a mess.,
23,CSCI567 - University of Southern California,CSCI567,1.0,5.0,-1,B+,2024-01-22,"He does everything in a way he wants to do. Never listens to any feedback.

When students ask for clarification and feedback, he said ""This is how research/engineering projects are graded. In fact, what we did is a lot more structured than how conference papers are reviewed.""",
23,CSCI567 - University of Southern California,CSCI567,1.0,5.0,-1,B,2024-01-25,"25% Quiz 1, 25% Quiz 2, & 50% Final Project for final grade. Refused to share any curves. Somehow released final grades before releasing quiz 2 and project grades. Encouraged novel project ideas and said it was okay if ideas didn't work out, then gave low grades when ideas failed. Joined class Piazza in December and never responds to emails. Avoid!","Tough grader, Lecture heavy"
23,CSCI567 - University of Southern California,CSCI567,1.0,5.0,-1,B,2024-01-28,"Intro ML class, yet expects masters students to complete a NeurIPS level paper within two months.","Tough grader, Group projects, Graded by few things"
23,CSCI567 - University of Southern California,CSCI567,1.0,5.0,-1,B+,2024-01-29,Does regrade completed by the department now?,"Tough grader, Group projects, Graded by few things"
23,CSCI567 - University of Southern California,CSCI567,2.0,5.0,-1,B+,2024-02-27,"Professor is a nice guy, very smart and knowledgeable on topics described in class. But first test was chaotic (my score got curved up 40%), and second test was entirely different in format which made a lot of preparation useless. Lectures are somewhat difficult to follow. My group had no problems with the project, so will not comment on that.","Tough grader, Test heavy"
23,CSCI567 - University of Southern California,CSCI567,2.0,4.0,-1,B+,2024-03-18,"Prof. Dani is knowledgeable with good experience, but he lacks teaching experience. He would teach math heavy lectures but glance over difficult topics. Course heavily relied on the TAs. They were approachable during OH but the grading (only 3 areas to grade) was delayed significantly and the replies on piazza were slow because not enough TAs.","Tough grader, Lecture heavy, Test heavy"
23,CSCI567 - University of Southern California,CSCI567,1.0,5.0,-1,B-,2024-04-25,"He may have 10k+ citations on his Google Scholar but can't answer basic doubts on VAEs. Unstructured grading format for the course project, gave TAs veto to grade. Contradicted his words at the start that as long as we tried something novel it would be fine. Multiple complaints filed against him to no avail. Completely uninterested in teaching.",
23,CSCI567 - University of Southern California,CSCI567,1.0,5.0,-1,B+,2024-04-29,"Absolutely avoid. A horrible professor with no interest in teaching, does as he pleases, and orders around TAs like his personal assistants. Left me a very bad impression of USC, as even the admin doesn't care despite multiple emails sent to the dean.","Group projects, Graded by few things"
23,CSCI567 - University of Southern California,CSCI567,5.0,3.0,1,A+,2024-11-20,"Great Prof, we all getting an A","Caring, Respected, Graded by few things"
24,DSCI553 - University of Southern California,DSCI553,1.0,4.0,0,Not sure yet,2021-01-29,"Poor teaching, often rushing through a class only to finish it way earlier than scheduled and dimiss the class.",Lots of homework
24,DSCI553 - University of Southern California,DSCI553,1.0,5.0,0,,2021-02-03,"Seriously, professor who refused to improve from student comments should be barred from teaching forever and Wei-min is one such example. Extremely poor teaching, getting confused from his own slide. Quizzes are designed to bring folks' grade down and screw students.","Lots of homework, Get ready to read, Test heavy"
24,DSCI553 - University of Southern California,DSCI553,1.0,5.0,0,Incomplete,2021-04-26,"Prof Shen might be great at his own field, but I found his teaching to be confusing. He is often vague about the ideas covered (even his slides are confusing), and has us figure it all out in the homework. The quizes are extremely poorly designed. It doesn't test on main ideas but rather your ability to do calculation by hand. Very unsupportive.","Lots of homework, Tough grader"
24,DSCI553 - University of Southern California,DSCI553,4.0,4.0,0,A-,2021-05-26,Respected professor. Kind and fully trust his students; homework are hard to get good grades. Lecture organization and ppt are clear.,"Respected, Lots of homework, Tough grader"
24,DSCI553 - University of Southern California,DSCI553,1.0,5.0,-1,C-,2022-04-20,I would never take this class. Very tough assignments and grading criteria is very harsh.,"Tough grader, Lots of homework"
24,DSCI553 - University of Southern California,DSCI553,1.0,5.0,-1,Not sure yet,2022-04-26,,"Tough grader, Lots of homework, Graded by few things"
24,DSCI553 - University of Southern California,DSCI553,1.0,5.0,-1,C,2022-05-14,We have quizzes every week and the quizzes were very difficult. The homework grading was too strict and we tried our best but still got 0. The late penalty is 20%. The final was also too hard. The professor didn't curve!,"Lots of homework, Lecture heavy, Test heavy"
24,DSCI553 - University of Southern California,DSCI553,1.0,5.0,-1,B,2022-05-27,Weekly extremely hard quizzes. Some quizzes covered all materials in an 200 pages slides. Tough assignments. You have to write 600 lines code based on 2 slides given in the lecture. The assignments used auto-grader system which is another thing you need to fight with every week. Useful contents but should be taught in two semesters.,"Tough grader, Lots of homework, Test heavy"
24,DSCI553 - University of Southern California,DSCI553,4.0,5.0,1,Not sure yet,2022-11-16,"Very clear lecturer and slides. The homeworks are time consuming but you get 2 weeks (enough time if you start early). Quizzes are difficult but fair (asks about stuff clearly in the slides, but not obvious). Getting a good grade is tough but you'll learn a lot. Very receptive of student questions and gives good answers if you don't get something.","Tough grader, Lots of homework"
24,DSCI553 - University of Southern California,DSCI553,1.0,5.0,-1,Not sure yet,2022-12-07,"The course content is very difficult but unfortunately the professor can't explain it clearly! What he did was just letting you figure out by yourselves. The platform used to submit homework is too old, which means you need to spend plenty of time configuring your computer to let your code run. You should pay your tuition to Google, not here!","Tough grader, Lots of homework, Test heavy"
24,DSCI553 - University of Southern California,DSCI553,1.0,5.0,-1,A-,2022-12-11,"despite doing well in this course, it is THE worst. i can't think of anything worse than this. in every aspect possible, this course fell flat. the prof is not a prof, the course is unorganized and poorly constructed, the material is stanford cs, homework's are just bananas in regards to difficulty. scala extra credit is only way to survive ;p","Lots of homework, Test heavy"
24,DSCI553 - University of Southern California,DSCI553,1.0,5.0,-1,Not sure yet,2022-12-13,"the homeworks are way too advanced for an intro data mining course. professor thinks everyone is cs but some are not. you can only use spark which we were never taught. for people like me who come from not cs undergrad, it is nearly impossible to do well on spark assignments. vocareum is a horrendous platform as well but prof is too lazy to change.",
24,DSCI553 - University of Southern California,DSCI553,1.0,5.0,-1,Rather not say,2022-12-15,"Imagine doing your absolute hardest, going to office hours, posting on piazza, and sacrificing sleep/your life for assignments, only to get a zero on them because some dumb software didn't pass every test case. Then when you ask for regrade, they deduct 20%...meaning you have NEGATIVE points on homeworks. Then imagine a fully mc final w no curve...","Tough grader, Lots of homework, Test heavy"
24,DSCI553 - University of Southern California,DSCI553,1.0,5.0,-1,C,2022-12-15,the absolute worst. i have no words.,
24,DSCI553 - University of Southern California,DSCI553,1.0,5.0,-1,B-,2022-12-15,"Excruciatingly long assignments. Bad grading. Vague quiz and exam questions. Lazy prof. Misleading submission system that will make you lose points. The course is certainly doable but it is a ton of work. If you do not have a CSCI background, take the time to learn Spark RDD (w/o dataframes or datasets) before taking the course.",
24,DSCI553 - University of Southern California,DSCI553,1.0,5.0,-1,C,2022-12-26,"Quite literally the worst-run, most unnecessary necessarily difficult, and ridiculous class ever. Shen is not a teacher in any sense of the word, and the course material is a mess, especially if youre not a CS person. To top it all off, the software used to submit homeworks is all or nothing. I am still recovering from the class. DO NOT TAKE.","Tough grader, Test heavy"
24,DSCI553 - University of Southern California,DSCI553,5.0,2.0,1,,2023-04-23,An amazing experience and honour to learn from him.,"Amazing lectures, Respected"
24,DSCI553 - University of Southern California,DSCI553,4.0,2.0,1,A+,2023-06-19,Subject is hard but hard-work will pay off.,"Tough grader, Lots of homework, Test heavy"
24,DSCI553 - University of Southern California,DSCI553,1.0,5.0,-1,Not sure yet,2023-12-01,"Just had the Final and I have to say it was the most disgusting final exam in my student life. 80% of questions are multiple-choice question, only 20% are single-choice and they play with words. The Final requires you remember EVERY SINGLE WORD in the PPTs from the whole semester. NO CHEAT SHEET ALLOWED and still test on EVERY LITTLE DETAIL.","Tough grader, Lots of homework, Test heavy"
24,DSCI553 - University of Southern California,DSCI553,1.0,5.0,-1,Not sure yet,2023-12-02,"By far the hardest and worst class I've taken at USC. Prof knows his stuff, but makes the class insanely hard. HW assignments due every 1-2 weeks, and take around 25-30 hours to complete only to get 0% on them. Quizzes weekly which require you to know 150+ slide PPTs by heart. The final was all MCQ but again as hard as the quizzes.","Tough grader, Lots of homework, Test heavy"
24,DSCI553 - University of Southern California,DSCI553,1.0,5.0,-1,Not sure yet,2024-04-27,"Quite literally the WORST course and professor I have ever encountered. It is a shame that USC still allows him to teach. Homework assignments are all or nothing grading that is automatically graded, TAs are extremely unhelpful with debugging code.","Tough grader, Lots of homework, Test heavy"
24,DSCI553 - University of Southern California,DSCI553,1.0,5.0,-1,Not sure yet,2024-04-27,The worst profeesor I've ever met in USC. DO NOT take his classes!!!!!!,"Tough grader, Lots of homework, Test heavy"
24,DSCI553 - University of Southern California,DSCI553,1.0,5.0,-1,,2024-04-29,Hard to even pass this class. HWs are graded all or nothing and are using a terrible outdated software. Final is difficult.,"Tough grader, Lots of homework, Test heavy"
24,DSCI553 - University of Southern California,DSCI553,2.0,4.0,-1,B+,2024-12-16,"70 is a C! Most people seem to be doing ok this semester. Now with all the work done, not counting extra credit, the class average is 82.5. The HWs are the same as previous semesters. HW average across all HWs was 90. The final exam was more difficult, with an average of 64. Unlike the quizzes, there were a lot of questions with more than 1 answer.","Tough grader, Lots of homework, Lecture heavy"
24,DSCI553 - University of Southern California,DSCI553,2.0,5.0,-1,Rather not say,2024-12-19,"Very valuable course and professor knows his stuff, but my god his grading scheme is awful. 20-minute 10-question quizzes every week before lecture on previous week's ENTIRE ppt. HW and project are graded all-or-nothing. Start early and study hard. There is no curve for anything! TAs are largely unhelpful as well due to anti-cheating paranoia.","Tough grader, Lots of homework, Lecture heavy"
24,DSCI553 - University of Southern California,DSCI553,3.0,4.0,1,A-,2024-12-19,"I'd rate this course a 6/10 overall, it's not too bad if you really put in the hours. Quizzes before lecture every class (based on ppt material covered in the previous week), assignments took quite a lot of time to solve, not the biggest fan of Vocareum but doable. Comprehensive final was tricky, lots of word play, make sure you know the ppt well.","Tough grader, EXTRA CREDIT, Test heavy"
24,DSCI553 - University of Southern California,DSCI553,2.0,4.0,-1,A-,2024-12-31,"Quizzes can be tricky. Assignments are good and can be solved collaboratively, but they can be a huge task. This semester, the spring break was mismanaged, and there was a deadline on the last day of the break, which was revised.","Clear grading criteria, Lots of homework, Test heavy"
24,DSCI553 - University of Southern California,DSCI553,1.0,5.0,-1,Not sure yet,2025-02-11,stay away from the course at all costs :(,"Tough grader, Lots of homework, Test heavy"
24,DSCI553 - University of Southern California,DSCI553,1.0,4.0,-1,Not sure yet,2025-02-13,Awful grading scale and quizzes for which even ppts he gives don't have all the info,"Tough grader, Lots of homework, Test heavy"
24,DSCI553 - University of Southern California,DSCI553,1.0,5.0,-1,,2025-04-29,i don't even know what to say,"Tough grader, Lecture heavy"
24,DSCI553 - University of Southern California,DSCI553,1.0,5.0,-1,,2025-05-01,im gonna vomit that exam was so bad,"Tough grader, Get ready to read, Test heavy"
24,DSCI553 - University of Southern California,DSCI553,1.0,5.0,-1,,2025-05-03,the two reviews below are clearly inflation they're not even trying to hide it,
24,DSCI553 - University of Southern California,DSCI553,5.0,5.0,1,A-,2025-05-03,"The professor is really patient, the course has amazing materials. I wish homework and exam have more questions associated with spark.",
24,DSCI553 - University of Southern California,DSCI553,5.0,5.0,1,A-,2025-05-03,"The professor is really patient, the exam is hard, but the homework is not, especially for CS student, I wish the homework can be harder, it will be better if the homework and exam have more spark questions.",
24,DSCI553 - University of Southern California,DSCI553,1.0,5.0,-1,,2025-05-06,"I'm doing okay in the class, but two days before the semester project is due, the necessary data completely vanishes from the Vocareum instance. Really frustrating.",
24,DSCI553 - University of Southern California,DSCI553,1.0,5.0,-1,A,2025-05-17,"Tried forgiving his awful teaching and examination style saying he's at least nice. Gave up on that when he showed up to the final wearing sunglasses walking around smiling at us while we struggled. Gives weekly quizzes to help us learn, but quizzes become a game of memorization and picking where you lose points since there is never enough time.","Lots of homework, Lecture heavy, Test heavy"
24,DSCI553 - University of Southern California,DSCI553,1.0,5.0,-1,C,2025-05-18,the worst teacher of my life. the worst class. students from his other classes say the same thing. DO NOT TAKE HIS CLASS IF ITS NOT MANDATORY. this class and its quizzes and grades are a JOKE. if you think you want to take up a challenge DONT TAKE THIS CLASS.,"Tough grader, Test heavy"
24,DSCI553 - University of Southern California,DSCI553,2.0,5.0,-1,B,2025-09-11,This is a hard one. Try get some help before taking it or you will regret. The final exam is just impossible hard.,"Lecture heavy, Test heavy"
24,DSCI553 - University of Southern California,DSCI553,1.0,5.0,-1,A-,2025-11-28,"Weekly quizzes are horrible. Basically you play what should I study and hope is on the quiz. Literally have to be a master at the previous topics to do well on the quiz. 

The homework is also incredibly hard. Using AI is not allowed and I have heard of a few students getting caught. Literally is a 9-5 in terms of work",
24,DSCI553 - University of Southern California,DSCI553,1.0,5.0,-1,,2025-12-03,"if you thought dsci 551 was bad, then please hold onto your socks when i tell you that this class is approximately 4 million times worse. is the material helpful? not when the class sucked so bad that i would rather forget everything i learned!","Lots of homework, Test heavy"
24,DSCI553 - University of Southern California,DSCI553,1.0,5.0,-1,Incomplete,2025-12-04,Bad grading Criteria,"Tough grader, Test heavy"
24,DSCI553 - University of Southern California,DSCI553,1.0,5.0,-1,Rather not say,2025-12-05,Way too difficult exam,"Tough grader, Test heavy"
24,DSCI553 - University of Southern California,DSCI553,2.0,5.0,-1,B,2025-12-06,Studied everyday for the quizzes and final just to fail lol,Test heavy
24,DSCI553 - University of Southern California,DSCI553,1.0,5.0,-1,Not sure yet,2025-12-07,This guy and his TAs are like a joke. Giving him 1 out of 5 since there's no negative points.,"Tough grader, Lots of homework, Test heavy"
24,DSCI553 - University of Southern California,DSCI553,1.0,5.0,-1,F,2025-12-07,"i usually am welcoming to foreigners, but we gotta send this one back. I spent the better part of two weeks studying for this bs final, just to end up with him sliding it in once the grades dropped. I didn't think it was possible to have to file a restraining order once this class ended but here we are. F for wtfwick.","Inspirational, Graded by few things, Online Savvy"
24,DSCI553 - University of Southern California,DSCI553,1.0,5.0,-1,C,2025-12-07,Heard that someone pepper sprayed him outside Olin Hall because she got a bad grade despite studying all semester and that tanked her perfect 4.0 GPA. Came to know that the girl was in serious emotional distress. Faced the same mental harassment from the mundane classes and exams that are hard and unnecessarily tricky. Regret taking this class. ):,"Tough grader, Lots of homework, Test heavy"
24,DSCI553 - University of Southern California,DSCI553,1.0,5.0,-1,B+,2025-12-08,"the final was 40 questions, 30 of them were multiple answers possible. the class avg was a 60% and it looks like no one got an A on it. 
then the professor says not to panic but there will also be no curve. take that in before you spend 3 months of torture",
24,DSCI553 - University of Southern California,DSCI553,1.0,5.0,-1,C+,2025-12-18,"Absolutely worst prof at USC. The weekly quizzes are a mess, The questions are confusing on purpose, like they're trying to trick you instead of test you. Final exams are the WORST! , class average was a D- in finals, Vocareum is straight up sh!t for homework submission. It has data files missing all the time.
dont take this course at any cost!","Tough grader, Test heavy, Online Savvy"
24,DSCI553 - University of Southern California,DSCI553,3.0,5.0,-1,B+,2025-12-23,"Course isn't bad. Lectures have occasional mistakes&#8212;check Piazza. Ans are in slides. Would've gotten an A with EC. Prof's nice, gave me an extension once. Weekly quizzes can be tough (I avg'd ~70%), final is similar. Only real complaint is quiz frequency. This is THE class to build your semester around&#8212;make scheduling easy. Good luck, he's nice.","EXTRA CREDIT, Lots of homework, Lecture heavy"
24,DSCI553 - University of Southern California,DSCI553,1.0,5.0,-1,Not sure yet,2026-03-04,Weekly quizzes and homework are ridiculously difficult. He does not care at all whether or not you pass the class. He cannot explain things intelligibly. The lectures are too theoretical to be helpful for the homework. This class is disgusting.,"Tough grader, Lots of homework, Lecture heavy"
25,3DB3 - McMaster University,3DB3,5.0,2.0,-1,,2014-06-06,Good prof,
25,3DB3 - McMaster University,3DB3,1.0,5.0,-1,,2014-11-11,Lectures are great! The assignments and midterms are terribly difficult. The marking schemes are useless and awful!  The TAs are horrible (UTTERLY USELESS)....,
25,3DB3 - McMaster University,3DB3,1.0,5.0,0,,2021-11-06,This hands down was the worst course I took in my undergrad. What we saw in class was nothing like any of the assignments. So disappointing.,"Skip class? You won't pass., Test heavy, Tough grader"
25,3DB3 - McMaster University,3DB3,1.0,5.0,0,,2022-01-04,In class examples do not match the difficulty of what we were tested on / marked on in assignments. Would never take a course with her again.,"Get ready to read, Lecture heavy, Tough grader"
25,3DB3 - McMaster University,3DB3,4.0,4.0,0,B,2022-01-13,Very difficult prof,"Lots of homework, Graded by few things, Test heavy"
25,3DB3 - McMaster University,3DB3,3.0,3.0,1,Not sure yet,2022-12-14,Tough course,Tough grader
25,3DB3 - McMaster University,3DB3,5.0,3.0,1,A+,2025-01-08,"An amazing professor, very kind and approachable, especially compared to some of the others in the department. Lectures were engaging but could benefit from more complex examples. This sometimes made assignment questions overly complex due to no good examples being given. Midterm and exam were fair if you knew your stuff but a bit of a time crunch.","Amazing lectures, Caring, Respected"
25,3DB3 - McMaster University,3DB3,1.0,5.0,-1,Rather not say,2025-12-15,creates impossible tests that are much harder than the tutorials and practice tests,Tough grader
26,CS442 - Penn State University,CS442,5.0,5.0,1,A,2021-05-09,"The Homeworks are super hard, requires a lot of time to complete. And he has requirements on efficiency. And he talks too much and too quickly in lectures. There are too many materials in lecture. However, the final is really easy and open book, you can find answers from slides. Besides, he won't give F, and it is easy to get C in this course.","Lots of homework, Test heavy, Lecture heavy"
26,CS442 - Penn State University,CS442,1.0,4.0,-1,Not sure yet,2025-04-11,"Doesn't even curve at all and even worse raises the grade cutoffs for A, A-, B+, B, and B- so that it's even more difficult to get a good grade on this class unlike the past ratings and gives an F if the score is lower than 61. The normal grade scale is like A-93-94, A- - 90, B+-87 but instead it is 96, 93, and 89 respectively. How cruel","Tough grader, Graded by few things"
26,CS442 - Penn State University,CS442,1.0,4.0,-1,Incomplete,2025-04-11,"He is a nice approachable guy but he released a class curved grading scale which is the opposite of curving which is apparently final... It is a 96%-100% for an A, 93%-96%< for an A-, you get the idea for the rest but it is an even higher threshold than CAS-100A. Mind this was released on late drop day. Good luck!","Get ready to read, EXTRA CREDIT, Graded by few things"
26,CS442 - Penn State University,CS442,5.0,2.0,1,A,2025-05-06,"Class is very straightforward, comments below about the grading scale are incorrect as he changed it to a normal grading scale. (90 - 93 = A-, and C was anything above 66). 
6 Coding assignments, pretty straightforward, no midterm but final exam. 1 Project. Final Exam covered everything in Lectures, and the Project is easy. Lots of EC opportunity","EXTRA CREDIT, Clear grading criteria"
26,CS442 - Penn State University,CS442,4.0,5.0,1,Rather not say,2025-05-07,"This is not a bad class, you'll be okay. Start projects early, get help when needed. This class is fully project based, just be aware they can be VERY confusing and sometimes way over your head.","Lots of homework, Lecture heavy"
26,CS442 - Penn State University,CS442,4.0,3.0,1,A,2025-05-09,He's a caring guy. Lectures were a bit dry but he tries to do his best. Most of the grade comes from Python programming projects related to the material which are interesting but can be a bit tricky.,"EXTRA CREDIT, Lots of homework, Graded by few things"
27,ECE560 - Duke University,ECE560,5.0,3.0,1,A+,2020-11-20,"Prof. Bletsch is amazing. Don't know why he doesn't have a perfect 5. I took this class begrudgingly because another one filled up, but it ended up being the highlight of the semester. The class was super interesting (cool hacking stuff), and Prof. Bletsch made it really entertaining and engaging. You have to take this class, you won't regret it.","Lots of homework, Hilarious, EXTRA CREDIT"
27,ECE560 - Duke University,ECE560,5.0,2.0,1,A+,2020-12-12,"Best professor I had at Duke! Dr. Bletsch is super smart and engaging on security. The homework assignments were a joy to do, and each one required solving a puzzle to access. He also jokes a lot and his slides are pretty memey so the lectures are fun to attend.","Inspirational, Hilarious, Caring"
27,ECE560 - Duke University,ECE560,5.0,2.0,1,A,2021-12-30,"Tyler's lectures are always interesting and intriguing. The homework covers many topics and I did learn a lot. For the exams, we're only required to master the concepts, which is not difficult.","Lots of homework, Inspirational, Amazing lectures"
27,ECE560 - Duke University,ECE560,5.0,3.0,1,Not sure yet,2023-11-01,"He is very knowledgeable, and can explain complex topics very clearly.","Amazing lectures, Lots of homework, Hilarious"
27,ECE560 - Duke University,ECE560,5.0,3.0,1,Not sure yet,2024-12-06,"Amazing professor!! Like, one of the best professors I have ever had. Took a graduate CS class with him. The homework is fairly hard (especially if you are trying to actually learn the content not just for the grade), but he is available during OH and will go out of the way to help you. Wish I had a professor like this during my undergrad!","Amazing lectures, Lots of homework, Accessible outside class"
27,ECE560 - Duke University,ECE560,5.0,3.0,1,A,2026-04-07,I ended up choosing my career path because I took his security course. It was also the most fun class I've taken at Duke.,"Inspirational, Caring, Respected"
28,CISC3171 - Brooklyn College,CISC3171,5.0,3.0,1,B,2022-12-28,He's a good professor who has a great grasp of the subject to teach you the basics of software engineering. The class moves fast due to its group project oriented approach so it'll require you to make this class and your group a priority that semester. You'll learn to make a basic android app and the professor is very accessible outside of class.,"Group projects, Clear grading criteria, Gives good feedback"
28,CISC3171 - Brooklyn College,CISC3171,5.0,2.0,1,Not sure yet,2023-03-19,"One of the chillest and most passionate professors in the department. He's very knowledgeable about the subject matter. He does goes a bit quick so you have to be with it and focus, as well as participate and ask well constructed questions to interact with him and further your understanding. He's a very fair grader and gives you a chance for an A.","Gives good feedback, Inspirational, Caring"
28,CISC3171 - Brooklyn College,CISC3171,5.0,2.0,1,B,2023-05-20,"There are many opportunities to earn an A given enough discipline & attention to detail. The # of in-class, take home, & project exercises for points, plus very reasonable exams, is enough to earn it. He's also very perceptive, insightful, & helpful. His lectures are great because they cover the relevant & specific. One of the best CS profs at BC!","Inspirational, Caring, Respected"
28,CISC3171 - Brooklyn College,CISC3171,5.0,2.0,1,B,2023-05-21,"Great professor who clearly knows his stuff. Very fair grader. You're allowed a handwritten cheat sheet for the exams but the exams still make you think, which is a fair balance. 90%+ of the exam is from the lectures in some way. Lots of assignments but also lots of chances for pts and he drops a few lowest things. Super fun and rewarding class too","Group projects, Clear grading criteria, Caring"
28,CISC3171 - Brooklyn College,CISC3171,5.0,3.0,1,A-,2023-05-22,"most chill professor I've met in Brooklyn College. classes were fun. If you study well for the midterm and final samples, you will get a good grade for them. Every class you need to expect one in-class exercise. Highly recommend!","Group projects, Amazing lectures, Clear grading criteria"
28,CISC3171 - Brooklyn College,CISC3171,4.0,4.0,1,A-,2024-01-08,"I enjoyed learning from Professor Chen, who is extremely passionate about software engineering. However, learning Android with Java in mobile applications was difficult when we did not receive clear feedback on using design patterns for our apps. Teammates were not held responsible for lack of participation. Fairly grades effort and participation.","Participation matters, Group projects, Caring"
29,COSC1306 - University of Houston,COSC1306,1.0,5.0,0,A+,2021-04-09,Professor Huang is quite frankly one of the worst professors Ive taken. He seems like a nice guy but is very fast paced and is not succinct at answering students questions. Also throws you under the bus when its exam time as he gives no reviews and some material on exams is completely foreign. Expect to do a lot of self teaching.,Graded by few things
29,COSC1306 - University of Houston,COSC1306,1.0,5.0,-1,Drop/Withdrawal,2022-04-13,"Prof. Huang has a very great background with computer science in general, however, this does not seem to translate very well into lectures, which consist of him dragging out topics and making a confusing mess out of them. He seems like nice guy and is willing to help you solve small problems, but when it comes to anything more advanced he wont help","Tough grader, Beware of pop quizzes"
29,COSC1306 - University of Houston,COSC1306,1.0,5.0,-1,Not sure yet,2022-04-22,"This was the worst class I've ever taken. The professor is not clear during the lectures and the multiple office hours I attended consisting of little to no help because in his words ""everyone everyone everyone was able to figure this out, why can't you?"" Considering the average test score was in the 40s I would beg to differ.","Tough grader, Test heavy, Graded by few things"
29,COSC1306 - University of Houston,COSC1306,2.0,4.0,-1,B+,2022-05-12,"Professor Huang is not a bad professor. However, the way COSC 1336 was ran, was terrible. Test grading was extremely tough. Prof. Huang even acknowledged the TA's for the course were bad, but that should not be my problem. Coming into the class proficient in Python, I found all of the assignments easy, but a small mistake on the test meant failing.","Tough grader, Test heavy, Graded by few things"
29,COSC1306 - University of Houston,COSC1306,1.0,4.0,-1,A,2022-05-13,Imagine taking your first driving test ON THE HIGHWAY without any driving experience and this professor is there to tell you ONLY what you did wrong. Yea UR gonna crash if you didn't have any driving experience prior. That is this CLASS. Honestly his problem is he didn't stress the fundamentals and expects students to code.,"Participation matters, Lecture heavy, Graded by few things"
29,COSC1306 - University of Houston,COSC1306,1.0,5.0,-1,B,2023-03-02,"He makes an introduction course on python seem like jeopardy for computer science. Will go over code, lecture slide don't really suffice to much. Exam rolls around, exam has a bunch of trick questions. With no previous coding experience, this class is close to non passable with this prof. Cougargrades says enough as well","Tough grader, Test heavy"
29,COSC1306 - University of Houston,COSC1306,1.0,5.0,-1,C+,2023-03-29,"Do not take this professor if you like your GPA. Quizzes are pulled from a random example of 10-15 from the lectures, and tests are full of trick questions and prompts you've never seen before. Come time for the first test,   the average was a 51%. Assignments are NOT like the lectures and take hours of online research to finish.","Tough grader, Get ready to read, Graded by few things"
29,COSC1306 - University of Houston,COSC1306,3.0,4.0,-1,A+,2023-04-27,"Gonna be honest, this class is easy until the test rolls around. People underestimate the test then end up doing poorly. Honestly for freshman this class is a bit of a wakeup call since this one will demand a lot of time and commitment. But do you learn? Heck yeah! This class I learned more than most, its all how you process things. EXECUTE!!","Tough grader, Get ready to read, Gives good feedback"
29,COSC1306 - University of Houston,COSC1306,2.0,4.0,-1,A,2023-05-11,"The professor isn't good at explaining so be ready to learn by yourself. Exams, quizzes, and assignments are hard and tricky. I suggest studying his examples and showing up to class when he assigns the assignment because he would help you with some codes. The class is hard if you have no coding experience but he would curve your grades.","Tough grader, Lots of homework, Beware of pop quizzes"
29,COSC1306 - University of Houston,COSC1306,1.0,5.0,-1,,2025-03-03,"Bad professor, run bro","Get ready to read, Lecture heavy, Graded by few things"
30,CS15112 - Carnegie Mellon University,CS15112,5.0,3.0,1,,2020-03-03,Taylor is a great CS professor! He shows photos of his axolotl in class and it's excellent:),"Inspirational, Amazing lectures, Caring"
30,CS15112 - Carnegie Mellon University,CS15112,5.0,5.0,1,,2020-11-02,"He. Is. So. Caring. What kind of professor meets with you on short notice on a weekend just because he doesnt want you to stress about his class? Professor Taylor, thats who. Hard class but 167282/10 would recommend. Puts so much effort into this course its incredible.","Caring, Accessible outside class, Clear grading criteria"
30,CS15112 - Carnegie Mellon University,CS15112,5.0,3.0,1,A,2021-02-01,"You can still learn a bunch, even if you've seen it all before. But make sure you study anyways, or else this class will go from &quot;easy A&quot; to &quot;easy aaaaaaa I got a C!&quot; I went in super cocky because I knew python and had a bad time until I learned my lesson. The good news is Taylor is the nicest prof you'll have and super kind (and interesting too).","Accessible outside class, Test heavy, Caring"
30,CS15112 - Carnegie Mellon University,CS15112,5.0,4.0,1,B,2021-04-24,"Amazing caring professor, he's really sweet","Test heavy, Beware of pop quizzes, Caring"
30,CS15112 - Carnegie Mellon University,CS15112,5.0,3.0,1,A,2021-07-23,"One of the best professors I've had in my entire life. Super kind, quite funny, and a fantastic teacher all around! I","Accessible outside class, Amazing lectures, Caring"
30,CS15112 - Carnegie Mellon University,CS15112,1.0,4.0,0,,2022-02-04,Used a new method of testing for students and the class was going fine till then. Struggled to submit the quiz and gives me a zero. So unnecessary and messed with my grade.,
30,CS15112 - Carnegie Mellon University,CS15112,5.0,3.0,1,A,2022-08-12,"Overall a good professor. Based on the way 15-112 is structured, I'm not sure that lecture is even necessary. I got bored sometimes during lecture since he talks kind of slow but was definitely helpful and available outside of class","Inspirational, Hilarious, Accessible outside class"
30,CS15112 - Carnegie Mellon University,CS15112,5.0,2.0,1,A,2022-12-15,"Great professor, very well structured course","Participation matters, Clear grading criteria, Caring"
30,CS15112 - Carnegie Mellon University,CS15112,5.0,4.0,1,,2023-01-20,"One of the kindest professors at CMU. Motivated me to keep going with the course even when I wanted to give up. Set up a new system to help struggling students, even came to me for input. Alerted authorities when a racist man verbally abused students leaving Mellon Inst. and showed his support for us directly. Always available for his students","Lots of homework, Caring, Accessible outside class"
30,CS15112 - Carnegie Mellon University,CS15112,5.0,3.0,1,B,2023-05-07,"One of the best prof, very good lecture, a very nice guy","Participation matters, Amazing lectures, Clear grading criteria"
30,CS15112 - Carnegie Mellon University,CS15112,5.0,4.0,1,,2023-09-20,"Good professor, good course.
- CMU CS Academy is used for all homework.
- There is a main site for the course. Easy to find syllabus, schedule, office hours, etc.
- MAJOR FLAW: There is a rather stupid policy that does not allow laptops during recitations.

Lectures are nice and easy to follow. Very knowledgeable and funny. His axolotl is awesome.","Participation matters, Lots of homework, Lecture heavy"
30,CS15112 - Carnegie Mellon University,CS15112,1.0,4.0,-1,Not sure yet,2023-12-10,"He doesn't care about his students and is extremely disrespectful. All he did was try to catch people cheating, traumatize them (even if they didn't do anything wrong), and make examples out of them.",Lots of homework
30,CS15112 - Carnegie Mellon University,CS15112,5.0,4.0,1,A,2023-12-12,"The class was really good overall. As someone with close to no CS experience, it was a great class to learn the fundamentals of programming.",Lots of homework
30,CS15112 - Carnegie Mellon University,CS15112,2.0,5.0,-1,A,2023-12-12,"He sometimes wrongly accuses people of cheating based on weird reasons. Although he did not make a report, the experience is still traumatizing.",
30,CS15112 - Carnegie Mellon University,CS15112,5.0,3.0,1,A,2023-12-19,"15112 is a well run class, especially considering its size. I have learned a lot, and found I never got overwhelmed by homework if I started it early. He cares for the students a lot.","Clear grading criteria, Lots of homework, Accessible outside class"
30,CS15112 - Carnegie Mellon University,CS15112,5.0,2.0,1,A+,2025-01-23,He is so nice and helped me a lot. Always ready to answer my questions and respond to emails really quickly.,"Group projects, Caring"
30,CS15112 - Carnegie Mellon University,CS15112,5.0,3.0,1,A,2025-01-31,The goat. And his drip is immaculate,"Amazing lectures, Hilarious, Caring"
30,CS15112 - Carnegie Mellon University,CS15112,5.0,3.0,1,B,2025-12-06,Good Lord he is just the greatest.,"Get ready to read, Caring, Respected"
31,CX4220 - Georgia Institute of Technology,CX4220,4.0,5.0,1,,2024-12-19,"HPC is a very very difficult class. Prof. Xu had great subject knowledge and would frequently listen to student feedback, but assigned problems that I believe were more difficult than necessary to learn the course content. Overall I think she did a pretty solid job for her first semester teaching this course.","Inspirational, Lots of homework, Test heavy"
31,CX4220 - Georgia Institute of Technology,CX4220,5.0,4.0,1,B,2025-01-13,"Profs lectures are technical and fast-paced, so you have to absolutely lock in or else you will get lost. As such, I felt that I learned so much about HPC through this course. Projects and HWs were challenging, but not ridiculously hard. Exams easier than HW. Great prof overall, would def recommend this course with her if you are interested in HPC.","Group projects, Amazing lectures, Test heavy"
31,CX4220 - Georgia Institute of Technology,CX4220,1.0,5.0,-1,,2025-04-23,"Grad and undergrad sections have exactly the same hw and exams - this is a grad-level course. Prof assumes you already have extensive CS knowledge and is awful at explaining complex concepts - as a CS minor, this is the hardest class I have ever taken. If you are forced to take this class, be prepared to put in an insane amount of effort.",Test heavy
31,CX4220 - Georgia Institute of Technology,CX4220,2.0,5.0,-1,A,2025-05-08,"Hardest class I've taken so far, and I had to take this class for my SEC minor. The lectures are extremely unclear, most of my learning was done in the TA office hours, which were very helpful. Exams were pretty difficult, but do-able, and consistently had averages in the 60's. The last programming assignment required in-depth C++ knowledge.",Test heavy
32,CS104 - University of Southern California,CSCI104,5.0,3.0,-1,Not_Sure_Yet,2014-05-13,"If you thought CSCI 103 was hard, just wait until you take this class. Very hard work and homework are tedious. Professor was helpful but it doesn't matter when it comes to 104 because you are the one who's gonna do all the coding. Please do not major in CS just for the money because you are going to regret it after you take this class.",
32,CS104 - University of Southern California,CSCI104,5.0,3.0,-1,,2014-05-18,He's a great teacher and keeps lectures interactive and interesting. Really friendly and available for help. Class itself has extremely heavy workload (15+ hours of programming HW a week) and difficult exams (midterm and final were worth 30% and 40% of grade respectively) but grading curve makes getting at least an A- fairly easy (70% was an A-),
32,CS104 - University of Southern California,CSCI104,5.0,3.0,-1,,2014-06-09,"After taking 103, I was actually pretty sure I was going to change my major but decided to take 104 to be sure. Redekopp is the reason I'm sticking with CS! Although this class was incredibly difficult, he made a huge effort to make sure all students understood every single concept. He is very personable and truly cares about each student.",
32,CS104 - University of Southern California,CSCI104,5.0,3.0,-1,,2015-02-12,Cote is a wonderful professor. I had him for both CSCI 104 and CSCI 170. He is exceptionally clear and he understands that students may not get the material at first. He is open during office hours and he explains multiple times when needed. He is very receptive to student feedback and for 170 he had amazing notes handouts that were amazing.,
32,CS104 - University of Southern California,CSCI104,4.0,4.0,-1,A,2015-12-06,Aaron's lectures are good and interesting. He is very helpful in office hours and is there if you have any doubts. He will also through nerdy jokes in the class. Some of the jokes are funny.,
32,CS104 - University of Southern California,CSCI104,5.0,4.0,-1,A,2015-12-18,"Great professor.  I like how he hand-writes lecture notes, which gave me time to write mine by hand.  He cares if the students understand the material and is helpful during office hour.  I would definitely take his class again.",
32,CS104 - University of Southern California,CSCI104,5.0,3.0,-1,A-,2016-01-13,He explains these fundamental topics amazingly. Going to lecture allowed me to understand tough concepts easily. He's also very helpful in office hours. Wish I could take more classes with him.,
32,CS104 - University of Southern California,CSCI104,1.0,5.0,-1,,2016-03-05,"The grading for cs104 is ridiculous. The teaching is pretty poor - Cote just hands us a copy of his notes and rewrites them on the board. Not very interactive or intuitive. How about some slides, or something more visual? Copying down what is already given is quite useless. Terrible class and teacher.",
32,CS104 - University of Southern California,CS104,1.0,5.0,-1,A,2016-03-09,"horrible teacher, didnt learn much, took this as a sophomore and found it not too hard  but teaching and curriculum was bad.",
32,CS104 - University of Southern California,CSCI104,5.0,3.0,-1,A-,2016-03-27,"Redekopp is one of my favorite CS professors at USC. If he could teach me every class I needed to graduate, I'd do it. Lectures are clear and helpful. Exams are fair and homework isn't too crazy (given I had him for a programming course).  Take his class!",
32,CS104 - University of Southern California,CSCI104,4.0,3.0,-1,A+,2016-04-13,"CS104 and CS170 aren't easy classes. Cote isn't an easy professor. But these classes are the core of an CS engineer's background so I wouldn't expect them to be. Cote knows you are capable and will push you to answer your own questions instead of spoon feeding them to you. If you want to be confident in CS, take Cote.",
32,CS104 - University of Southern California,CSCI104,5.0,1.0,-1,A,2016-04-24,"He is awesome, but the course is hard",
32,CS104 - University of Southern California,CSCI104,4.0,4.0,-1,B,2016-05-14,CS104 was a great introduction to algorithms and data structures. I learned a lot from this class but the homework was extremely demanding. There would be so many people asking for help from TAs and professors. So much so that I would not get the help I needed because there would just be a lack time for the instructors to help every student.,
32,CS104 - University of Southern California,CSCI104,2.0,3.0,0,D,2016-05-31,"With the structure of 104 (labs and homework assignments that are graded by and help is offered by TAs/CPs), your professor won't affect your grade to greatly. The real impact your professor will have is your understanding of the material for the midterms and final. Cote's lectures/his voice are hard to follow.",
32,CS104 - University of Southern California,CS104,5.0,5.0,1,A,2017-05-15,"P much the only prof I know who has everyone attend his 8am lectures. EXTREMELEY great at explaining difficult concepts, his analogies are legendary and helpful, and a cool guy to hang around (I have a friend who played basketball with him at Lyon once). CS104 is designed to kick you in the ass, but I'm glad I got my ass kicked by Redekopp.","Hilarious, Amazing lectures, Caring"
32,CS104 - University of Southern California,CSCI104,5.0,4.0,1,Not sure yet,2017-11-05,Professor Cote is one of the best professors I have taken at USC. 104 is a tough class but he delivers the tons of material in a super clear way. Go to class and pay attention. ASK. At points in his lecture he would ask if there are any questions-take the chance to get all your confusion solved because Cote will explain until you fully understand.,"Participation matters, Skip class? You won't pass., LOTS OF HOMEWORK"
32,CS104 - University of Southern California,CSCI104,5.0,4.0,1,,2017-12-19,Cote is a great CS professor. Really passionate about what he teaches and makes nerdy jokes every once in a while. Enjoyable lectures that are structured nicely. Attend class because he gives hints and important info for homework assignments.,"Respected, LOTS OF HOMEWORK, Amazing lectures"
32,CS104 - University of Southern California,CSCI104,5.0,2.0,1,A,2018-01-20,"His lecture slides are the best among other professors and he has videos available. He might not be as funny as Michael Shindler but he makes the material very clear. If you want to actually learn from a professor instead of doing all the studying by yourself, you should take his class! Great Professor!","Respected, Clear grading criteria"
32,CS104 - University of Southern California,CSCI104,5.0,5.0,1,,2018-05-28,"This is the most difficult class I've ever taken. However, I wouldn't want any other professor for 104. Cote is very precise in his explanations, and is very good at answering his students questions. He will usually break up lectures into short Q&amp;A sessions after explaining some complicated concepts. Overall, take this prof!","Tough Grader, LOTS OF HOMEWORK"
32,CS104 - University of Southern California,CSCI104,5.0,2.0,1,A,2018-09-18,I'm so glad that I took CSCI 104 during the summer. He's absolutely an amazing professor - making this relatively tough course among all intro-level courses so interesting.,"Gives good feedback, Inspirational, Amazing lectures"
32,CS104 - University of Southern California,CSCI104,5.0,3.0,1,Rather not say,2018-10-29,he is the man for lower-division CS classes,
32,CS104 - University of Southern California,CSCI104,5.0,5.0,1,,2018-11-28,"CS104 is the hardest class I've ever taken, so it says a lot that I'm giving Aaron 5 stars. He is a great lecturer. He teaches the material with expertise and ease. If people here are complaining, it's because they didn't go to class, put off the assignments, and are generally upset about getting the grade they deserved. Aaron def helped me pass.","Skip class? You won't pass., LOTS OF HOMEWORK, Amazing lectures"
32,CS104 - University of Southern California,CS104,5.0,5.0,1,Not sure yet,2018-12-02,"He is a good lecturer, however the homework is way too difficult for me.","Tough Grader, Skip class? You won't pass., LOTS OF HOMEWORK"
32,CS104 - University of Southern California,CSCI104,5.0,4.0,1,,2018-12-05,"As others have said, this class has a crazy workload. Expect to spend 20+ hours on each homework (and possibly not finish). The tests aren't too difficult and are on material from lectures. Outside of AVL trees and Splay trees, most of the data structures aren't too difficult to understand and Aaron does a good job lecturing.",LOTS OF HOMEWORK
32,CS104 - University of Southern California,CSCI104,3.0,5.0,0,Not sure yet,2018-12-09,"THE MOST DIFFICULT CLASS I'VE EVER TAKEN. HW is INSANE. Coding in the morning. Coding during classes. Coding through lunch. Coding through dinner. Coding at night. Oh btw, you may still NOT finish the HW and fail. Expect to be dreaming in code by the time you're done. Cote is a good lecturer, but kinda robotic and unfriendly. I wish he had PPTs","Tough Grader, LOTS OF HOMEWORK"
32,CS104 - University of Southern California,CSCI104,5.0,4.0,1,A-,2018-12-18,"Aaron Cote has been one of the best teachers I've had at USC so far. His lecturers and instructions are clear and concise, but if you don't understand it he always does his best to help you understand. Yes homework and tests seem hard, but the learning experience is so much better with them and it's almost necessary to understand the concepts well.","LOTS OF HOMEWORK, Clear grading criteria, Amazing lectures"
32,CS104 - University of Southern California,CSCI104,5.0,4.0,1,A,2019-03-28,Cote is a good prof if you ask questions in class and want to learn the material. Just make sure to actually ask questions about things you are confused about when he says &quot;Are there any questions?&quot; Don't be afraid of looking dumb,"Lots of homework, Skip class? You won't pass."
32,CS104 - University of Southern California,CSCI104,5.0,3.0,1,B+,2019-05-15,Phenomenal professor and person. Couldn't imagine a better professor.,"Respected, Lots of homework, Amazing lectures"
32,CS104 - University of Southern California,CSCI104,5.0,4.0,1,Not sure yet,2019-06-14,"I would say he is the best professor at Viterbi. I don't think anyone can make a CS course as interesting as he does. Though His are pretty hard, he is very caring and helpful. I would take his class again if I can","Gives good feedback, Respected, Inspirational"
32,CS104 - University of Southern California,CSCI104,5.0,4.0,1,B+,2019-07-18,"One of the best professors I have ever had period. I took him for both CS102 and 104 and I can honestly say he has given me such a strong foundation for programming and computational thinking in general. 104 is hard but if you take it with him and do what he requires of you, he will guide you to success. Highly highly recommend.","Respected, Test heavy, Amazing lectures"
32,CS104 - University of Southern California,CSCI104,5.0,4.0,1,A-,2019-08-30,"Redekopp is an amazing professor. CS104 is a very difficult class, but his lectures truly helped me better understand the material. Although attending lectures was not mandatory, I felt that it helped me understand the concepts we reviewed much better since Redekopp is very good at explaining the material. I would highly suggest him for any class.","Respected, Inspirational, Amazing lectures"
32,CS104 - University of Southern California,CS104,5.0,4.0,1,B,2019-10-30,Easily and definitely the greatest professor at USC. Helps students understand materials like no other.,"Gives good feedback, Respected, Amazing lectures"
32,CS104 - University of Southern California,CSCI104,5.0,5.0,1,,2019-11-02,"His class is the most difficult at USC definitely. But he gives really really hard but best hw. After u finished it, AMAZING!!!!!!!!!",
32,CS104 - University of Southern California,CSCI104,5.0,4.0,1,A-,2019-11-08,"Professor Redekopp was hands down the best CS professor I've ever had. If I could take all of his classes, I 100% would. His lectures are real gems, and he truly cares about each of his students.","Lots of homework, Amazing lectures, Caring"
32,CS104 - University of Southern California,CSCI104,4.0,5.0,1,A-,2019-12-05,"104 is a very hard CS fundamental class, however Cote will guide you through it. He has a lot of office hours, and is always on Piazza helping students out. Would recommend.","Lots of homework, Accessible outside class, Clear grading criteria"
32,CS104 - University of Southern California,CSCI104,5.0,4.0,1,,2019-12-09,"Cote is a real one. His class is clear and to the point; everything he teaches in lecture and assigns as the projects are for a good reason, which is to make you very comfortable with the fundamentals of CS. Really accessible and constantly answering questions in Piazza, even at night. Highly recommend taking 104 with him if possible",
32,CS104 - University of Southern California,CSCI104,5.0,4.0,1,B,2019-12-15,"Honestly he's a great guy, amazing teacher. CS 104 is one of the hardest CS/undergrad classes at USC in general, but his analogies really help you gain a concrete understanding of the material. Highly recommend.","Lots of homework, Amazing lectures, Caring"
32,CS104 - University of Southern California,CSCI104,5.0,4.0,1,A,2019-12-21,"Professor Cote is the best professor I've had so far at USC. CSCI 104 is never easy as it is essential for becoming a better programmer, but with Cote I feel like I truly improved and learned the material. The homework can be long at times but is always useful. Definitely would recommend taking Cote for any class when you have the opportunity.",
32,CS104 - University of Southern California,CSCI104,5.0,3.0,1,A,2020-01-02,"I would say that professor Cote is one of the best professors I have ever had in the computer science department. In 104, he would pass very detailed handouts to the class every lecture. The assignments are easy if you listen to the class. Do the practice exams and you will be fine.","Respected, Accessible outside class"
32,CS104 - University of Southern California,CSCI104,5.0,4.0,1,A-,2020-01-15,He gives organized lecture notes and his lectures are clear and concise. I've heard his tests are harder than others but I feel like when it comes to 104 they're all hard. One time I broke my computer a week before hw was due and he was very understanding and offered extra late days.,"Lots of homework, Accessible outside class, Amazing lectures"
32,CS104 - University of Southern California,CSCI104,5.0,3.0,1,A-,2020-03-24,"Redekopp is a God. CS is really challenging and time-consuming but if you take it with Redekopp you will actually enjoy the classes. He's one of the best lecturers I've ever had, he is genuinely passionate about teaching and you can see it. I would have probably dropped this major if it wasn't for him.",
32,CS104 - University of Southern California,CS104,5.0,3.0,1,Not sure yet,2020-04-07,I love Professor Redekopp. He basically carries the entire CS and EE dept.,"Respected, Accessible outside class, Caring"
32,CS104 - University of Southern California,CSCI104,5.0,5.0,1,,2020-04-15,"One of the best professors at USC hands down. Always very supportive of students, and since this class has an extreme amount of homework, he makes it as easy on the students as much as possible. I would take every class at USC with Redekopp if I could.","Respected, Lots of homework, Amazing lectures"
32,CS104 - University of Southern California,CSCI104,5.0,4.0,1,,2020-04-19,"Professor Redekopp has been absolutely amazing in transitioning us to online classes. CSCI104 is an incredibly difficult class, but Professor Redekopp will pull you through it! His lectures are clear and informative, and he has lecture videos so you can always go back and review.","Lots of homework, Clear grading criteria, Amazing lectures"
32,CS104 - University of Southern California,CSCI104,5.0,4.0,1,,2020-04-26,Simply great,"Respected, Lots of homework, Lecture heavy"
32,CS104 - University of Southern California,CS104,5.0,4.0,1,Not sure yet,2020-04-30,"The ratings don't lie, best CS professor I have ever had.","Respected, Clear grading criteria, Amazing lectures"
32,CS104 - University of Southern California,CSCI104,5.0,5.0,1,,2020-05-01,awesome,
32,CS104 - University of Southern California,CS104,5.0,4.0,1,A,2020-05-03,"I had him for both 103 and 104, and he was really amazing. Really cares about students and goes in great detail with proper explanations to ensure you understand the concepts and do well on the tests and giant homework assignments.","Respected, Lots of homework, Amazing lectures"
32,CS104 - University of Southern California,CSCI104,5.0,3.0,1,,2020-05-07,"This dude is the GOAT with analogies, he always connects these complex CS concepts to real world examples seamlessly","Respected, Amazing lectures, Caring"
32,CS104 - University of Southern California,CSCI104,5.0,5.0,1,A,2020-05-15,"Prof. Redkopp's useful mnemonics are to die for. Mnemonics can be very underrepresented in STEM classes as professors are so familiar with the material it's hard to approach it with fresh eyes. It was incredibly helpful to think of the default shallow &quot;copy dance&quot;, &quot;list, set, map before bed&quot;, iterators &quot;taste like feel like smell like pointers&quot;.","Respected, Hilarious, Amazing lectures"
32,CS104 - University of Southern California,CSCI104,5.0,3.0,1,A,2020-05-18,"Professor Redekopp is one of the best CS professors at USC. He posts all of the lecture slides on the course website, then elaborates on them in class using coding practice and by drawing diagrams. He transitioned online really well, too. So it is definitely worth taking him if we continue to be online.","Respected, Clear grading criteria, Amazing lectures"
32,CS104 - University of Southern California,CSCI104,5.0,4.0,1,A,2020-06-13,"My favorite professor at USC!!! 104 is notoriously known for its workload, but Redekopp honestly made it so manageable. His lectures and slides explain the main concepts really well, and he always asks for feedback on his teaching, which is something I really admire. He truly cares about his students and his teaching quality. Highly recommend!!!","Accessible outside class, Amazing lectures, Caring"
32,CS104 - University of Southern California,CSCI104,4.0,4.0,1,A,2020-06-19,"Honestly, Redekopp didn't meet the hype, in my opinion. He's a really nice guy and it's very obvious that he cares a lot and knows the material very well, but I found his lectures not too different from other CS profs. He also has a really weird rhythm to his lectures that makes it hard to ask questions sometimes.","Respected, Accessible outside class, Lecture heavy"
32,CS104 - University of Southern California,CSCI104,3.0,3.0,1,A,2020-06-23,"Really not that great of a lecturer. I think he's alright if you're lost or new to coding, since he goes so slowly and goes off on so many tangents to remind people of things they should already know, but if you actually follow and understand the material, his lectures are way too slow and hard to listen to for 1.5 hours+. Nice guy though.",
32,CS104 - University of Southern California,CSCI104,5.0,3.0,1,A,2020-10-26,"Ace in ECE department. I had him for CS103, 104, EE109. Should be your go to choice. He makes the PPT other teachers uses so he definitely knows what he is talking about. Super clear and organized teaching, love students to ask questions. Knows exactly what to cover and controls good pace in lecture. Charmful guy, I was luck to be in his class.","Respected, Amazing lectures"
32,CS104 - University of Southern California,CSCI104,5.0,4.0,1,,2021-04-06,"Cote is amazing at explaining EXTREMELY abstract CS concepts, and is a clear choice for a theoretical class like CS104. He also always stops to ask if anyone has questions! This class took every ounce of my focus and attention, but it has made me such a better computer scientist. His tests are brutal, but he gives a generous grading curve.","Lots of homework, Skip class? You won't pass., Test heavy"
32,CS104 - University of Southern California,CSCI104,1.0,5.0,0,B+,2021-04-21,"Although his lectures are organized, he poorly explained concepts in real-world settings or with great context. Thus, making it extremely difficult to implement them in assignments and exams.",
32,CS104 - University of Southern California,CSCI104,5.0,4.0,1,Not sure yet,2021-05-06,"It's incredible how quickly you'll learn new concepts with professor Cote: his teaching style just works. He'll demonstrate everything in an intuitive manner. Then, he'll tell you what to do and why. And finally, he'll make sure you have enough practice. At the end, you'll come out of his class with knowledge, intuition, and confidence.","Respected, Hilarious, Amazing lectures"
32,CS104 - University of Southern California,CSCI104,5.0,4.0,1,A,2021-05-14,"Professor Cote is a great Professor for 104. He is so dedicated to his students and goes beyond the norm when it comes to making sure success is reachable for those that put in the work. 104 is a hard class and you have to put the time in, but you will learn so much! If you're struggling attend his office hours, Prof. Cote always wants to help :)","Respected, Lots of homework, Test heavy"
32,CS104 - University of Southern California,CSCI104,5.0,4.0,1,A,2021-05-16,I LOVE COTE!!! He genuinely works SO hard for his students and really wants you to learn. His lectures are amazing and organized. You will learn so much. He graded all of our finals by himself because he &quot;wanted to make sure they were graded correctly.&quot; So hardworking and wholesome. 10/10 professor. TAKE HIM OR I WILL BE MAD AT YOU,"Respected, Accessible outside class, Amazing lectures"
32,CS104 - University of Southern California,CSCI104,5.0,4.0,1,A,2021-07-24,"104 (summer sem) covers a lot of material in a short period of time, but it's doable if you put in the work. I also think it's probably more manageable than taking it during other semesters. Doesn't help that some 170 concepts (counting, probability, number theory) were moved over. Prof definitely lives up to the hype imo - definitely would take!","Respected, Skip class? You won't pass., Caring"
32,CS104 - University of Southern California,CSCI104,5.0,4.0,1,A-,2021-07-26,Agreed with all other reviews. Other CS professors should definitely take his class and see how he taught so that the USC CS department would not be in a disaster with poor professors everywhere.,
32,CS104 - University of Southern California,CSCI104,5.0,1.0,1,A,2021-07-26,"The actual &quot;5-star professor&quot; in the CS department. I truly believe every other professor (such as the CSCI 170 professor with a 2.5 rating ) should take his class and learn how to communicate with students, how to teach students some concepts, and most importantly, be a good and inspiring person.",
32,CS104 - University of Southern California,CSCI104,4.0,4.0,1,B,2021-12-01,"homework and exams are very hard, but cote cares and lectures are enjoyable-ish. work with a study group and you should be fine.","Respected, Lots of homework, Skip class? You won't pass."
32,CS104 - University of Southern California,CSCI104,5.0,4.0,1,,2021-12-02,One of the best CS professors at USC. Definitely take his courses if you can.,"Accessible outside class, Inspirational, Amazing lectures"
32,CS104 - University of Southern California,CSCI104,4.0,5.0,1,,2021-12-12,"Professor Cote's 104 class was overall a great experience. The content is difficult and that is the nature of the class, but when it comes to teaching, Cote delivers. No regrets for taking his class.","Lots of homework, Skip class? You won't pass., Lecture heavy"
32,CS104 - University of Southern California,CSCI104,5.0,4.0,1,A,2021-12-24,"Love this man. Material is difficult but he explains them in lecture really clearly, so try not to skip class. Tests &amp; PAs are hard but fair, so really try to understand the content during lecture and ask lots of questions","Respected, Amazing lectures"
32,CS104 - University of Southern California,CSCI104,5.0,4.0,1,B+,2021-12-30,"He was absolutely my role model of this class. Despite how heavy lectures are, they are important. He also is funny when it comes to teaching. Outside of this class, I met him around 3-4 times. He gives good feedbacks when it comes to learning mistakes.","Gives good feedback, Inspirational, Lecture heavy"
32,CS104 - University of Southern California,CSCI104,1.0,5.0,0,B+,2022-01-20,"He really does not care about his students, he just wants to teach the material and be done with it.","Skip class? You won't pass., Lecture heavy"
32,CS104 - University of Southern California,CSCI104,5.0,5.0,1,,2022-01-23,"one of the best profs and educators i've had in general. presents difficult concepts in in an easy to understand way and cares a lot about his students. the goat of viterbi, take a class with him if you can.","Gives good feedback, Respected, Caring"
32,CS104 - University of Southern California,CS104,5.0,4.0,1,,2022-03-30,Really good,
32,CS104 - University of Southern California,CS104,5.0,4.0,1,A,2022-04-04,"Probably the best CS professor I've had @ USC. Lectures are really helpful, don't drag on too long, and are all available online. Homework is difficult, but Redekopp gives plenty of extra credit and resources to help for every assignment. Tests are hard, but not surprising. He also extremely easy to contact via Piazza / OH.","Lots of homework, Test heavy, Accessible outside class"
32,CS104 - University of Southern California,CS104,5.0,4.0,1,A-,2022-04-07,Excellent Professor. He clearly is an expert on what he teaches and really tries to make sure that his students understand the material. He will stop the class in order to make sure everyone knows the topics he is teaching. The midterms were hard but he prepares you well for them. Best professor I've had so far. Would definitely take class again.,"Tough grader, Caring, Accessible outside class"
32,CS104 - University of Southern California,CS104,5.0,3.0,1,A,2022-04-12,"Fantastic professor who turns a difficult class into an approachable and very doable challenge. Knows most students by name and actively encourages questions and participation. The class itself is quite informative and provides a number of opportunities to mess up and still do well. Not a cakewalk, but Redekopp teaches it well.","Inspirational, Caring, Respected"
32,CS104 - University of Southern California,CS104,5.0,3.0,1,A,2022-04-14,"Our Father, who codes in heaven, 
Redekopp be thy name;
the compiliers begun,
our code shall run,
and passes with not a memory leak.
Give us this day our beloved test cases; 
and forgive us when we turn to StackOverflow
as we forgive those who ignore our Piazza posts;
and lead us not into plagiarism,
but deliver us to a SWE internship.
Amen","Amazing lectures, Lots of homework, Respected"
32,CS104 - University of Southern California,CS104,5.0,3.0,1,A-,2022-04-27,"Professor Redekopp, thus far in the course sequence has been the best CS professor I have experienced. The class material is not particularly difficult, however, the rigor with which you are expected to know each topic is intense. The PA's are very very very long (up to 30 hours) so start early. You will leave the course a much more capable student","Amazing lectures, Respected, Accessible outside class"
32,CS104 - University of Southern California,CS104,5.0,3.0,1,A,2022-04-29,"Best professor I've had in USC so far, everyone loves him. CSCI104 is kinda a weeder class and it can get difficult for those who don't have prior experience, but he made it much better by providing amazing lectures and lots of help on hw outside of classroom. If you wanna take an intro class and see him as the instructor, don't hesitate!","Amazing lectures, Lots of homework, Accessible outside class"
32,CS104 - University of Southern California,CS104,5.0,3.0,1,A-,2022-05-11,"T H E    B E S T !! Extremely caring, I Have literally never ever seen a professor like him! it's impossible to not to understand something when he explains it, even if it's the hardest concept !! I wish I could have professor Redekopp for all my CS classes. 350 characters are just not enough for me to describe how awesome of a  professor he is!","Amazing lectures, Caring, Accessible outside class"
32,CS104 - University of Southern California,CS104,5.0,4.0,1,Rather not say,2022-05-26,Best professor so far. Nice guy with clear explanation and useful analogy of things.,Caring
32,CS104 - University of Southern California,CS104,5.0,4.0,1,A-,2022-06-26,"Great professor who tries to make lecture interesting. He is really good at breaking down subjects that are hard to conceptualize. Homeworks are long so START EARLY. CP/TAs at SAL are your friends and make your life easier, so use them.","Amazing lectures, Gives good feedback, Lots of homework"
32,CS104 - University of Southern California,CS104,5.0,4.0,1,A-,2022-11-03,"Very clear and concise lecture, difficult exams though but that's just the nature of this class.","Amazing lectures, Clear grading criteria, Hilarious"
32,CS104 - University of Southern California,CSCI104,5.0,5.0,1,A,2022-11-16,"I took CSCI 104 long ago with Aaron, and now I am writing after taking all those upper division classes and securing 3 FAANG+ offers because I sincerely miss the clarity and responsiveness of his lectures. Guys if you want the best lecture out of USC, take him! Upper division profs are mostly awful. Really wish he could teach all CS classes at USC.","Amazing lectures, Inspirational, Hilarious"
32,CS104 - University of Southern California,CSCI104,5.0,4.0,1,A,2023-01-26,"Redekopp is cordially known as one of the best professors in the department. Taking CSCI 104 with him has led me to proclaim the same viewpoint. He's able to breakdown complex topics and explains lectures considerably better than any other professor I've had to date. The class is hard, but he has full transparency and wants us to succeed.","Amazing lectures, Clear grading criteria, Lots of homework"
32,CS104 - University of Southern California,CS104,5.0,5.0,1,A,2023-04-27,"Mark is one of the best professors at USC (the other one is Marco Paolieri). I added to the class late, and he gave me an extra week to complete the first assignment. He's an amazing lecturer. The homework was difficult, though. It really takes a lot of time to implement the project and debug it. But Mark and TAs are super nice and super helpful.","Amazing lectures, Clear grading criteria"
32,CS104 - University of Southern California,CSCI104,3.0,3.0,-1,Not sure yet,2023-10-07,"He's good at conceptual stuff like 170 and the conceptual aspects of 104. However, he's not the best when it comes to teaching coding and rarely gives you any syntax or examples.",
32,CS104 - University of Southern California,CSCI104,5.0,4.0,1,B,2023-12-23,The goat of CS. Take Cote for any class you can. This class is definitely hard but rewarding.,"Amazing lectures, Lots of homework, Respected"
32,CS104 - University of Southern California,CS104,5.0,4.0,1,Not sure yet,2024-01-08,"One of the most knowledgable people. Clearly an EXPERT in his field. 6 projects, 2 midterms, and a final. If he comes off as scary, he's really not. Difficult class? Resounding yes, but for the better. Think wearing ankle weights and running a mile then taking them off after. You'll thank him later. ""There's a reason we put you though hell"" -Cote",Respected
32,CS104 - University of Southern California,CS104,5.0,5.0,1,A-,2024-02-29,"Excellent professor. Very kind and excellent at conveying the information. Super knowledgeable about the content and how to teach. He was not very energetic but found a way to be super engaging without that. However very hard class, very hard coding assignments, and very hard exams. However, he teaches you how to do EVERYTHING.",
32,CS104 - University of Southern California,CS104,5.0,4.0,1,Not sure yet,2024-11-07,"Professor Cote is quite possibly the best lecturer at USC. He stops frequently for questions and ensures that you understand everything he puts on the board. I have never felt uncomfortable stopping him to clarify what he's doing, and he is approachable both after class and during office hours. Can't think of anything bad to say!!","Amazing lectures, Clear grading criteria, Respected"
32,CS104 - University of Southern California,CS104,3.0,5.0,1,Not sure yet,2024-12-13,"Aaron Cote is a great prof, if you go to class every time and participate in lecture.
HOWEVER, if you're the kind of person who doesn't go to lecture or doesn't participate, DO NOT TAKE HIS CLASS. His homeworks and exams are significantly more difficult than other cs104 profs, and he often makes you create your own test cases or handwrite code.","Tough grader, Amazing lectures, Test heavy"
32,CS104 - University of Southern California,CS104,3.0,5.0,-1,Not sure yet,2024-12-14,"He is passionate about CS, but he did not teach coding in this class. He loves theory, but projects test your programming skills. You pretty much have to learn implementation on your own. He loves asking about niche data structures on tests. He doesnt share a point breakdown based on topics for midterms or the final. Everything can be asked.","Lecture heavy, Test heavy"
32,CS104 - University of Southern California,CS104,2.0,5.0,-1,Not sure yet,2024-12-15,"Great lecturer (esp for CS170), BUT HIS HOMEWORKS ARE TERRIBLE. Unlike Goodney, who gives the test cases beforehand (and whatever you score is your grade), Cote withholds the grading testcases and says to ""test edge cases yourself"", for both the first hw and the AVL/BST hw. His exams are also REALLY not great. Don't take this prof if you want an A.","Tough grader, Amazing lectures"
32,CS104 - University of Southern California,CS104,4.0,4.0,-1,Not sure yet,2024-12-15,"Very great and fun lecturer, but quality control wasn't great; there were many times where I would check my written homeworks multiple times with the CPs just to get points off anyway. Coding homeworks took very long and lots of thinking. He provides note sheets for you to fill in, so make sure you attend lectures. Overall pretty mixed feelings...","Tough grader, Amazing lectures, Lots of homework"
32,CS104 - University of Southern California,CS104,3.0,3.0,1,Not sure yet,2024-12-16,"Professor Cote teaches with heart and fully immerses himself in lectures. He's a great professor, but I left 2.0 to catch his attention. His grading scheme feels unfair, focusing too much on mistakes over understanding. I wish he'd emphasize concepts more and align grades with his teaching. Took 170/104, may take 270. Wish him the best!","Tough grader, Respected, Accessible outside class"
32,CS104 - University of Southern California,CS104,2.0,4.0,-1,Not sure yet,2024-12-17,I used to like programming and was excited to take this class. He loves teaching and testing theory but all projects are implementation. Good luck with it if you do not code on your own already. Grading and the curriculum were messy. CPs werent also clear compared to my experiences in 170 and 103. Prepare for vague guidelines before mt and final.,"Tough grader, Lots of homework, Test heavy"
32,CS104 - University of Southern California,CSCI104,3.0,5.0,1,B+,2025-01-03,"The most difficult class I ever took at USC. However, it definitely worth it.","Tough grader, Lots of homework, Test heavy"
32,CS104 - University of Southern California,CS104,4.0,5.0,1,A,2025-01-06,"This class was the hardest I've taken so far but it was definitely worth it. Ask a lot of questions and be prepared to study endlessly for the exams. Classes are theory heavy while homework is more implementation based so it's difficult but is good prep for tests. Don't ditch the classes, you will regret it. Use office hours!",Tough grader
32,CS104 - University of Southern California,CSCI104,5.0,5.0,1,B+,2025-01-14,"All roads lead to Cote. 

Despite having a lack of CPs leading to slow returns on grades and limited help available, Cote made the class shine even though 104 is widely regarded as one of the hardest courses in CS. Great guy, exceptionally difficult class. Conquer the projects and the midterms and a good grade is guaranteed.","Amazing lectures, Lecture heavy, Graded by few things"
32,CS104 - University of Southern California,CS104,2.0,5.0,-1,Not sure yet,2026-02-27,"He's a great lecturer, but cs104 is a weeder class in general and he has a very high standard in particular. About to ruin my perfect GPA&#8230; RUNNNNNNNNNNN","Lots of homework, Lecture heavy, Test heavy"
32,CS104 - University of Southern California,CS104,5.0,3.0,1,Not sure yet,2026-04-16,"I believe Professor Redekopp is the BEST professor at USC. Despite the large class sizes, he really takes the time to get to know each student. I wasn't able to continue school for quite a while but Prof R still remembered me by name and encouraged me to keep going. He also recaps what you need from fundamentals so all students are prepared.","Inspirational, Caring, Accessible outside class"
32,CS104 - University of Southern California,CS104,4.0,3.0,1,,2026-04-26,Prof. Redekopp is charismatic and its easy to ask questions in class. I get the impression he thinks us usc students are slow but fair honestly,
32,CS104 - University of Southern California,CS104,5.0,4.0,1,B+,2026-05-02,"CS104 is a very difficult and very time intensive class. Redekopp is probably the best teacher you can get as far as this class goes. He goes a little fast at times, but is thorough and explains things clearly and in multiple ways. Very fair grading policies and criteria. Also the most respected professor in CS. Be ready to spend hours on homework.","Amazing lectures, Lots of homework, Respected"
32,CS104 - University of Southern California,CS104,5.0,4.0,1,,2026-05-11,"CSCI104 is one of the hardest undergraduate classes you can take if you have a bad professor. That being said, if you have Redekopp, you have been blessed with the very best, and you WILL pass the class if you put in the work.","Lots of homework, Caring, Lecture heavy"
32,CS104 - University of Southern California,CS104,5.0,3.0,1,A,2026-05-28,"Here's the mantra to succeed in any of Prof Redekopp's class - PUT IN THE WORK! Most applicable for CS104 tbh. He will give you everything to succeed, including brilliant lectures & slides. But if you want to make the most of the class, be ready to put in 20-25 hours per week. This was the most rewarding CS class I took at usc by far","Gives good feedback, Test heavy, Accessible outside class"
33,CS4450 - Cornell University,CS4450,5.0,3.0,1,,2018-05-10,"Computer networks class, wow! One of the best professors at Cornell CS. His lectures are amazingly well crafted. He starts with the most fundamental questions and builds the entire protocol around those questions. It is clear how much Prof. Agarwal cares about students and about teaching. One of the best classes in my four years at Cornell.","Inspirational, ACCESSIBLE OUTSIDE CLASS, Amazing lectures"
33,CS4450 - Cornell University,CS4450,5.0,3.0,1,,2018-05-29,"Prof. Agarwal is perhaps the best CS lecturer I've had here. He starts from the basics and then builds up to more complex topics, but always goes back to foundational ideas to bring everything full circle. He's also willing to help students anytime after class hours. Tests can be tricky, but go to class and a good chunk of the questions are gimmes","Skip class? You won't pass., Amazing lectures, Caring"
33,CS4450 - Cornell University,CS4450,5.0,2.0,1,A,2019-03-30,"Minimal effort required outside of class, but attention required during class. Concepts are simple but tests are made really hard. Pop quizzes are easy as long as you pay attention in class. The most accessible professor in Cornell, willing to stay really late for office hour. I really like him as a professor.","Accessible outside class, Graded by few things, Test heavy"
33,CS4450 - Cornell University,CS4450,5.0,1.0,1,,2021-03-30,"Amazing engaging lecturer. Really cares about the topic and makes it very interesting. Great low stress course. Optional Homeworks/Projects. Only graded items are exams, which are really fair. Cannot recommend this course enough.","Skip class? You won't pass., Beware of pop quizzes"
33,CS4450 - Cornell University,CS4450,1.0,5.0,0,,2021-03-30,"Every good rating in 4450 was done during the pandemic where 50% of their grade was a course eval. In normal times, your entire grade is based on exams, which are horribly written. He gives you ZERO prep for exams and the psets he does give have no relevance to the exams. Everyone bombed the first prelim and he did not curve the class. DO NOT TAKE","Graded by few things, Test heavy, Beware of pop quizzes"
33,CS4450 - Cornell University,CS4450,1.0,5.0,0,Drop/Withdrawal,2021-03-30,"Rachit is a nice guy, but actively misleads students about the difficulty of his tests. He will tell you that going to lecture is what it takes to succeed, but that is a lie. He gave us a prelim that was so hard that even the grad TAs said it was too difficult, and he still refused to curve the exam even though the median was a C.","Get ready to read, Skip class? You won't pass., Test heavy"
33,CS4450 - Cornell University,CS4450,5.0,3.0,1,,2021-05-21,"Prof Agarwal is by far the best CS lecturer I've had. He breaks down complicated concepts in an easily accessible way and makes it his personal mission to ensure his students are confident and happy with the material. I'm a pretty apathetic student overall but his lectures made me rly excited about networks. Def recommend, he goes above and beyond!","Hilarious, Amazing lectures, Caring"
33,CS4450 - Cornell University,CS4450,5.0,4.0,1,,2021-08-25,"Rachit was an amazing professor. He taught the course as one long story about how and why the internet came to be designed the way that it is. This class was not really about the specific implementations of protocols, but it focused much more on what problems the protocols try to address and how to design future ones. Take this class !!!","Accessible outside class, Inspirational, Amazing lectures"
33,CS4450 - Cornell University,CS4450,1.0,3.0,0,Drop/Withdrawal,2021-10-30,"I took this class and dropped it half way. The material is interesting but he's a nightmare to deal with. Every problem in the class was always someone else's fault, never his. Seems pretty full of himself. Won't be taking a class he teaches again.","Graded by few things, Tough grader"
33,CS4450 - Cornell University,CS4450,3.0,3.0,1,,2022-10-23,Lecture is good but the tests are stupid since they test how well you can do hand simulation of network algorithms instead of your understanding of network architecture. Homework solutions sometimes riddled with mistakes. Overall the light workload compensates for most of its faults.,"Amazing lectures, Test heavy, Graded by few things"
33,CS4450 - Cornell University,CS4450,5.0,2.0,1,A,2022-12-27,"One of the best lecturers at Cornell. The class requires discipline since the homeworks aren't mandatory, they're just prep for the tests. Our final grade was fully determined by 3 exams, but they were fairly easy. The questions were almost all extremely similar to the problem sets.","Amazing lectures, Clear grading criteria, Test heavy"
33,CS4450 - Cornell University,CS4450,2.0,4.0,-1,A,2025-03-24,The prelim is so hard and never similar to the practice he offered.,Tough grader
33,CS4450 - Cornell University,CS4450,1.0,4.0,-1,Not sure yet,2025-05-11,"This guy is one of the nicest most engaging lecturers I've ever had, yet simultaneously created (arguably) the most unfortunate class I've taken in college. This class has a really interesting topic, but easily the worst grading scheme and most unfair exams I've taken. Random topics are emphasized, and little prep is given. Unorganized.","Tough grader, Test heavy"
33,CS4450 - Cornell University,CS4450,1.0,5.0,-1,,2025-05-11,"The worst professor I have ever had at Cornell. His exams do not align with the problem sets released throughout the semester. On the most recent two exams, he made them both about one topic (out of dozens) and refused to test on additional material. Either you know it, or you don't. There is no partial credit. The exams do NOT test your knowledge.","Tough grader, Lecture heavy, Test heavy"
33,CS4450 - Cornell University,CS4450,1.0,5.0,-1,,2025-05-19,"He's very engaging and teaches an interesting topic. However, you are graded on only three exams, with no partial credit. The exams are hard and completely different from the practice material. He ignores valid questions about grading. He is also difficult to reach, and his lectures are difficult to understand. I would not recommend him.","Tough grader, Test heavy, Graded by few things"
33,CS4450 - Cornell University,CS4450,1.0,5.0,-1,,2025-05-27,"The course structure is frustrating. Your entire grade is based on just three exams. The exams themselves are extremely challenging and bear little resemblance to the practice problems. He doesn't respond well to legitimate concerns about grading and is hard to contact. I wouldn't suggest taking his class, and I know a lot about computer networks.","Tough grader, Test heavy, Graded by few things"
33,CS4450 - Cornell University,CS4450,4.0,2.0,1,A,2025-06-05,"too many NGMIs saying he's bs, and it's probably because they don't review and take notes on the lectures to build a solid foundation on the content. it's an easy course, but it's also easy to fall behind since there's no required homework. i wish he had made homework required, both as a means to enforce concepts and as another grading component.","Get ready to read, Lecture heavy, Graded by few things"
33,CS4450 - Cornell University,CS4450,2.0,1.0,-1,A,2025-06-07,"This class went REALLY slow, relatively small amount of material, and it was hard to stand out enough to get an A+. Graded only on three exams and each had very few questions. If you had a headache or illness on the day of an exam, you could tank your grade just by misreading a small part of a question.","Lecture heavy, Test heavy, Graded by few things"
34,CSC241 - DePaul University,CSC241,4.0,4.0,-1,,2008-10-16,wow wow you are my favorite man ever,
34,CSC241 - DePaul University,CSC241,5.0,1.0,-1,,2009-12-22,Highly recommend Great prof,
34,CSC241 - DePaul University,CSC241,3.0,2.0,-1,,2010-06-11,Terrible cs teacher if you've never had cs before. Not too hard to understand. Not willing to meet outside of office hours. Responds to emails quickly. Homeworks are very easy. Youll get the grade you deserve if you know the material. book is useless though.,
34,CSC241 - DePaul University,CSC241,5.0,1.0,-1,,2015-03-30,"Ljubomir knows what's up, he wrote the textbook and he is the best one to teach this class. His lectures are very clear and he makes sure to take his time. While intimidating at first, if you ever need him to slow down or re-explain something he is super willing to do that. Loved this guy.",
34,CSC241 - DePaul University,CSC241,5.0,3.0,-1,A,2015-11-19,"Perkovic is awesome. Very knowledgeable, knows how to get you going with the fundamentals of programming without being terribly dull. Has that ""awkward, nerdy dry humor"" aesthetic, but his classes are a blast. Very fair grading, homework is more or less the perfect level of challenge. Homework is a bit long at the beginning, though.",
34,CSC241 - DePaul University,CSC241,4.0,3.0,1,A+,2019-02-19,"Dr. Perkovic was generally a very good professor, he is very knowledgeable for sure. However, he sometimes gets ahead of himself during lectures. Take Dr. Perkovic, but be ready to have to email him if you ever start to fall behind.","Gives good feedback, Respected, Accessible outside class"
34,CSC241 - DePaul University,CSC241,5.0,3.0,1,B,2022-04-27,"I learned a lot from Professor Perkovic. He is easily one of the best teachers I have ever had, but his tests are very hard. If you are willing to put in the time and study a lot, you will gain invaluable knowledge.","Amazing lectures, Respected"
34,CSC241 - DePaul University,CSC241,2.0,5.0,-1,B,2022-06-05,Even though this is an intro class if you do not have coding experience you are in for a bumpy ride.,"Tough grader, Lots of homework, Test heavy"
34,CSC241 - DePaul University,CSC241,5.0,5.0,1,B+,2022-10-18,"He is almost too smart, and forgets that his students are just getting into the course. He will absolutely prepare you for CSC242 and follow up courses as long as you put in the effort to practice coding on your own time. Would take again, although his classes are very difficult.","Tough grader, Lots of homework, Lecture heavy"
35,COMP251 - McGill University,COMP251,3.0,4.0,1,,2023-03-06,"She is a nice teacher, but learnt almost nothing about 251 in Fall 2022. Hard midterm, abstract assignment, but a fair final took up 70%","Tough grader, Amazing lectures, Caring"
35,COMP251 - McGill University,COMP251,3.0,3.0,-1,Not sure yet,2023-12-12,"Giulia is fine, the lecture is alright and the final is fair (hope I'll pass)","Hilarious, Test heavy, Graded by few things"
35,COMP251 - McGill University,COMP251,5.0,3.0,1,Not sure yet,2023-12-26,"Take any course she teaches. Lectures were absolutely amazing. Charismatic, caring, accessible, list whatever you want. She never fails to catch my attention in class. 251 is an introduction to theoretical CS and has 0 coding, so take it with her if you hate coding like me - or to better prepare for higher theory courses. Final was fair.","Amazing lectures, Inspirational, Caring"
35,COMP251 - McGill University,COMP251,1.0,5.0,-1,C,2024-01-08,"Seems like everyone ""loves"" her but tb quite honest, the other instructors always taught COMP 250/251 better than her (ie. Langer). This COMP 251 ""theory"" part is so dull that it made me forget how to code - you can forget about passing coding interviews after her classes.
The exam avg is super low, and it will come to you as a blow and a surprise.","Tough grader, Graded by few things"
35,COMP251 - McGill University,COMP251,4.0,4.0,1,Not sure yet,2024-12-14,"If you have her for 250, then you'll know how to study for her midterms in 251. I preferred 251 because there were written assignments, but kinda messes you up later since the final project is java (or an interview but the marking on those is subjective and not in your control). Good prof and lots of support, with a pretty forgiving grading scheme",EXTRA CREDIT
35,COMP251 - McGill University,COMP251,5.0,3.0,1,,2024-12-20,"Professor Alberini was one of the kindest professors I have had at McGill. She is willing to spend time to work with students on minute details and takes feedbacks seriously.
The course was properly challenging and really fun. Would recommend to everyone.","Clear grading criteria, Gives good feedback, Accessible outside class"
35,COMP251 - McGill University,COMP251,1.0,3.0,-1,A,2025-10-04,"As funny as Giulia is... Her slides and explanations are horrible, you'll spend hours looking at the same material which could be learnt from Google in 20 minutes. Examples are super specific and don't show the bigger pictures. Overall, horrible explanations","Get ready to read, Hilarious"
35,COMP251 - McGill University,COMP251,1.0,5.0,-1,Not sure yet,2025-10-12,"Avoid if possible. Her slides makes simple topics complicated. A simple 5 minutes youtube video on the same topic will explain the topic much better. She is a great comp 250 teacher, but for comp 251, the fact being her first time teaching it, she is doing a horrible job.","Tough grader, Hilarious"
35,COMP251 - McGill University,COMP251,3.0,4.0,-1,Not sure yet,2025-11-16,"She does not help students. Yes she makes jokes, yes she is surely passionate about what she is teaching but the way she teaches is hard. The course itself has an immense amount of concepts to cover and she doesn't help at all. She does record all lectures in case you do not attend and attendance is not mandatory but they are super heavy.","Tough grader, Lecture heavy"
36,CS6375 - University of Texas at Dallas,CS6375,4.0,5.0,-1,B+,2016-01-14,VERY TOUGH,
36,CS6375 - University of Texas at Dallas,CS6375,4.0,5.0,-1,A,2016-01-14,Explains the theory behind every algo with examples. HWs will make you really work hard. Always available to clarify doubts. Exams will be very tough. But good thing is grading is relative and if you took the lectures and HWs seriously you need not even study for exams. Best professor to understand the subject and not just learn to apply diff algo.,
36,CS6375 - University of Texas at Dallas,CS6375,4.0,3.0,-1,A-,2016-02-04,One of the most knowledgeable professors in the field of Machine Learning. Very quick to respond. Assignments take up your time and exams are tough as well.,
36,CS6375 - University of Texas at Dallas,CS6375,4.0,4.0,-1,B+,2016-05-15,One of the most amazing professor of Machine Learning at UT Dallas. Learnt a lot doing assignments.  Would definitely recommend to a person who wants to go deep into machine learning.,
36,CS6375 - University of Texas at Dallas,CS6375,4.0,5.0,1,,2017-12-15,"course content is tough and math heavy, requiring solid math foundation in algebra, analysis, probability, convex optimization and writing proofs. homework load is very heavy and tough, too. So is exam. Good part is that professor is helpful and give timely feedback in response to questions.","Gives good feedback, Skip class? You won't pass., Tests are tough"
36,CS6375 - University of Texas at Dallas,CS6375,4.0,5.0,0,,2018-12-08,Very knowledgeable and answers plenty of questions. However it was by far the hardest class I had ever taken. Exams are very difficult and grading is tough.,"Tough Grader, Gives good feedback, LECTURE HEAVY"
36,CS6375 - University of Texas at Dallas,CS6375,5.0,4.0,1,A,2019-01-25,"The professor is very clear, knows the subject and makes it engaging. He is always willing to take questions and is accessible. The course is math intensive but doable if you are willing to work hard. One of the best courses I've taken!","Get ready to read, ACCESSIBLE OUTSIDE CLASS, Amazing lectures"
36,CS6375 - University of Texas at Dallas,CS6375,5.0,5.0,1,,2020-07-06,"He is a phenomenal professor for ML. He makes sure that you understand everything and answers all your questions patiently. The assignments are really time consuming and tough but, they are completely worth doing because, the amount of knowledge you gain from them is very high. His exams are really tough!",
36,CS6375 - University of Texas at Dallas,CS6375,4.0,5.0,0,,2021-05-20,"Professor is knowledgeable on the subject. The class is difficult. You need to know MatLab/Python as you'll be implementing the algorithms you see in class yourself for the homeworks. Don't expect to score high on the exams (iirc he said the average for the midterm was in the 30s-40s). Curves. If you just want a peek at ML, might pick someone else.",
36,CS6375 - University of Texas at Dallas,CS6375,5.0,5.0,1,B+,2021-11-04,"If you want to actually learn ML go for his class. Otherwise content on youtube is good enough for you, compared to other profs like Anjum and Anurag.","Inspirational, Clear grading criteria, Amazing lectures"
36,CS6375 - University of Texas at Dallas,CS6375,5.0,4.0,1,A+,2021-11-04,He's by far the best professor for Machine Learning you can find at UTD. Seems like vibhav is overrated and Ruozzi is underrated. Makes you work for it but this course will be worth it.,"Gives good feedback, Respected, Inspirational"
36,CS6375 - University of Texas at Dallas,CS6375,5.0,5.0,1,A,2022-05-17,"Ruozzi teaches ML as optimization and does not shy away from the theory, so this course is math-heavy. It is the hardest course I've taken at UTD but also one of the most fulfilling. The homeworks usually took me ~20-35 hours each. The workload is gruesome if you want to do well, but if you survive it you'll be highly knowledgeable in the subject.","Amazing lectures, Lots of homework"
36,CS6375 - University of Texas at Dallas,CS6375,5.0,5.0,1,B+,2022-05-20,Pick him if you want to learn avoid if you just need a grade,"Amazing lectures, Lots of homework, Lecture heavy"
36,CS6375 - University of Texas at Dallas,CS6375,1.0,5.0,-1,A,2022-07-17,Very tough!,"Tough grader, Lots of homework"
36,CS6375 - University of Texas at Dallas,CS6375,5.0,5.0,1,A,2022-09-07,"His lectures are awesome and descriptive(math heavy). Second part of the class(after midterm) becomes more fast paced. He makes sure that you study well for exam by giving conceptual homeworks. Some of his favourite topics- Convex Optimization, Duality, VC dimension, Gaussian mixture. My advice- Use office hours, piazza & class hours to ask doubts.","Get ready to read, Amazing lectures, Test heavy"
36,CS6375 - University of Texas at Dallas,CS6375,1.0,5.0,-1,A-,2022-09-20,"Very tough class, need to spend 4 to 5 days to complete each assignment. It's worth it.","Tough grader, Get ready to read, Lots of homework"
36,CS6375 - University of Texas at Dallas,CS6375,5.0,5.0,1,A,2022-12-15,"His lectures go in-depth and are very good. Don't save the projects until the last 2 hours! They are much more enjoyable if you spend more time on them, lots to learn and feel satisfied about. Tests are very hard, for good reason. The average midterm/final scores were about 25%. Make friends in the class and study together! Difficult, but rewarding","Tough grader, Clear grading criteria, Gives good feedback"
36,CS6375 - University of Texas at Dallas,CS6375,5.0,4.0,1,A,2023-10-15,"GOAT of a Professor. Really smart, nice and knowlegable. Always answer questions. Tough course but definitely worth it.","Amazing lectures, Lecture heavy, Test heavy"
37,CSCIE109B - Harvard University,CS109,1.0,2.0,0,A,2017-05-26,Quality of courses is not worth the money at all. Students are treated primarily as cash cows.,
37,CSCIE109B - Harvard University,CSCIE109B,1.0,3.0,0,Rather not say,2020-04-22,Just want to go over the slides and complete the syllabus. Does not want to know if students understood the subject/concepts clearly. Total disconnect between class and homework. Labs are total waste and for namesake. They waste time on easy stuff rather than going over the actual concepts. I will definitely not recommending taking both 109 A or B.,
37,CSCIE109B - Harvard University,CS109,5.0,4.0,1,A,2022-04-05,"Great class to learn data science, expect to put in work.","Amazing lectures, Lots of homework, Hilarious"
37,CSCIE109B - Harvard University,CS109,1.0,1.0,-1,Rather not say,2023-02-10,Never take course with him,
37,CSCIE109B - Harvard University,CS109,5.0,2.0,1,A,2023-05-13,"Visualizing (w/ pictures and animations!) to help understand concepts, important for applying them correctly in practice. Significant time required for assignments, but you can learn a lot. Of all the 12 courses I have taken at Harvard this one is most relevant for my commercial practice as a data science consultant - high IRR of tuition.","Group projects, Amazing lectures, Lots of homework"
37,CSCIE109B - Harvard University,CS109,1.0,5.0,-1,A-,2023-07-07,"Difficult class with fast-talking professor and confusing, long HWs that take over a month to be graded.","Group projects, Lots of homework"
37,CSCIE109B - Harvard University,CSCIE109B,5.0,3.0,1,,2025-05-02,"amazing, the best",Amazing lectures
37,CSCIE109B - Harvard University,CSCIE109B,5.0,3.0,1,,2025-05-02,"He actually cares about his students even online, and he's so modest even though he's clearly the best out there.","Amazing lectures, Inspirational"
37,CSCIE109B - Harvard University,CS109,5.0,3.0,1,,2025-05-02,We need more professors like Pavlos please!,"Amazing lectures, Inspirational, Respected"
37,CSCIE109B - Harvard University,CSCIE109B,5.0,3.0,1,,2025-05-02,Pavlos is just the best professor in every way. Take anything he teaches if you're lucky enough to have the option.,"Amazing lectures, Inspirational, Caring"
37,CSCIE109B - Harvard University,CSCIE109B,5.0,4.0,1,A+,2025-05-02,Great professor,"Amazing lectures, Lots of homework, Respected"
37,CSCIE109B - Harvard University,CSCIE109B,5.0,3.0,1,A,2025-05-02,"I have taken all three classes by Pavlos, If there were more - I would take more. 1000% recommended.","Amazing lectures, Lots of homework, Hilarious"
37,CSCIE109B - Harvard University,CS109,5.0,3.0,1,A,2025-05-02,"109A/B are some of the best courses that I took at Harvard. Pavlos is an amazing lecturer, and his lectures were always engaging, with up to date and well-structured content. After graduating, I still used the material to prepare for job interviews. I really appreciate the effort put to create an amazing learning experience for students!","Amazing lectures, Caring, Accessible outside class"
37,CSCIE109B - Harvard University,CSCIE109B,5.0,3.0,1,A-,2025-05-03,"Professor Protopapas explains tough concepts clearly. His humor and creative slides keep it interesting. The step-by-step approach helps a bunch, but it's still a bit challenging. Overall, a solid experience.","Amazing lectures, Gives good feedback, Hilarious"
37,CSCIE109B - Harvard University,CS109,5.0,3.0,1,A,2025-05-04,"CS109 is a well-designed course that balances statistical learning and neural networks. Pavlos combines deep expertise with a warm, approachable style. He truly cares about students and makes complex topics accessible and engaging. Highly recommend&#8212;though some of his jokes are a bit outdated!",
37,CSCIE109B - Harvard University,CS109,5.0,1.0,1,A,2025-05-05,"Pavlos gives only the best to his students and has slides for everything, truly fun lectures to follow and very engaging delivery.","Amazing lectures, Inspirational, Hilarious"
37,CSCIE109B - Harvard University,CS109,5.0,4.0,1,A,2025-05-06,Content is challenging. Stay to be challenged. I had to review pretty much every lecture and take notes on my own. Brain hurt a lot of the time. That just means my brain is growing.,"Group projects, Lots of homework, Hilarious"
37,CSCIE109B - Harvard University,CSCIE109B,1.0,3.0,-1,A,2025-05-08,"Long and many homeworks, has his favorites, and talks fast during lectures.","Lots of homework, Lecture heavy"
37,CSCIE109B - Harvard University,CS109,1.0,5.0,-1,A,2026-01-09,"this course covers basics of data science that don't prepare you for exams or even homework. you end up working 24/7 and teaching yourself everything. incredibly unfair exam difficulty and amount of work you need to put, with harsh grading. pavlos doesn't seem to care enough about students, and is okay with this course getting tougher every year.","Lots of homework, Lecture heavy, Test heavy"
38,CALC2202 - Kennesaw State University,CALC2202,5.0,3.0,1,B,2018-12-26,This professor genuinely cares about his students and does his best to help you succeed. The lectures are clear and concise and he uploads a document with his worked notes every lecture. The tests are straightforward and will usually tell you what to expect. Each test contained a small curve. Group classwork for a grade at the end of every lecture.,"Skip class? You won't pass., Clear grading criteria, Caring"
38,CALC2202 - Kennesaw State University,CALC2202,5.0,2.0,1,A,2023-07-31,"Dr. Kang made calc 2 almost too easy, but that's why he's awesome lol. He makes class engaging and funny. Very easy going professor. Get him if you can, that simple!","Amazing lectures, Respected"
38,CALC2202 - Kennesaw State University,CALC2202,4.0,4.0,1,Not sure yet,2023-12-14,There are basically pop quizzes due at the end of class (group work). He assigns 2 homework assignments on pearson every week (I enjoyed this). The actual exams have around 7 questions each. He's very funny and keeps late classes entertaining but you really need to understand all the homework inside and out to nail the exams.,"Participation matters, Lots of homework, Hilarious"
38,CALC2202 - Kennesaw State University,CALC2202,2.0,4.0,-1,B,2023-12-17,"Mocks students for asking poor questions! Grades very harshly for algebra mistakes; tests are much harder than any other work in class and he will not provide study materials. Despite the sarcasm, he teaches the material surprisingly well; if you pay attention and put in plenty study effort you'll do well. Hardest math professor I've ever had.","Tough grader, Participation matters, Group projects"
38,CALC2202 - Kennesaw State University,CALC2202,5.0,2.0,1,A+,2024-08-28,"This class was pretty easy and the professor explained the topics very well. He has work due at the end of every class and the quizzes were easy as well. The classwork was harder than the tests so the class is not bad. Very easy, very funny, very caring.",
38,CALC2202 - Kennesaw State University,CALC2202,3.0,2.0,1,B+,2025-06-02,"Eh. His class isn't insanely hard, really is based on all the tests. The homework is way more difficult than anything you'll see in class or exams. He is a pretty dry professor with a kind of rude, sarcastic teaching style. Very unapproachable. Class wasn't difficult so I would take him again, I just did not enjoy his teaching style","Test heavy, Graded by few things"
38,CALC2202 - Kennesaw State University,CALC2202,5.0,3.0,1,A-,2025-10-28,"I'm taking his calc 2 class right now and he makes the the material very understandable. I'm no math wiz but I've been able to help my friends in other classes by explaining how Kang explains it. Also, if you get an A avg on tests, you exempt the final. His tests are super straightforward. You just have to be prepared when he calls on you in class.","Participation matters, Amazing lectures, Clear grading criteria"
38,CALC2202 - Kennesaw State University,CALC2202,5.0,3.0,1,Not sure yet,2026-05-08,"Took him for Calc 2, his teaching style was great. And he interacted well with the class. A great guide to a difficult course. Put in those hours outside of the lecture and you're all set.","Clear grading criteria, Hilarious, Caring"
38,CALC2202 - Kennesaw State University,CALC2202,1.0,3.0,-1,B+,2026-05-11,"The material itself is manageable, but the way students are treated in this class completely ruined the experience for me. Asking questions often felt uncomfortable and discouraging, and after a while I avoided interacting with him altogether and only went to the TA for help. The overall atmosphere came across as unnecessarily harsh, and stressful.","Participation matters, Lecture heavy, Test heavy"
39,"CMPSC16 - University of California, Santa Barbara",16,4.0,3.0,-1,A,2015-02-04,"I hated CS, but Conrad made me actually enjoy it. He's very enthusiastic about the subject. His lectures are little hard to follow and don't seem to be related much to the labs. If you want a good grade, you really need to apply yourself and make sure you're understanding the labs and the material in general. The book is your friend. Take Conrad!",
39,"CMPSC16 - University of California, Santa Barbara",CMPSC16,5.0,1.0,-1,A+,2015-03-25,"My favorite professor so far! Conrad's class is very well taught. If you listen to him, he gives hints on what to expect on his tests. His class made in such a perfect way that if you understand the concepts and can implement them, then you get an easy A. His labs are great. It made me understand content much more clearly.",
39,"CMPSC16 - University of California, Santa Barbara",CMPSC16,3.0,1.0,0,A-,2021-12-13,"TL;DR: ez class, bad grading; My programming knowledge basically extends to APCS, I never went to any of the lectures, aced the midterm, and all the other homework/labs. However, I got a 23/25 on the final which led me to get an A- in the class because of his grading method. Man really gave me a 99% A-. 99%. A minus.",
39,"CMPSC16 - University of California, Santa Barbara",CMPSC16,4.0,3.0,1,A-,2021-12-15,"He is good. The course content is not hard, and the lectures are good. But the grading criteria is bad. I get 97% in total, but the final grade is A-.","Gives good feedback, Respected, Tough grader"
39,"CMPSC16 - University of California, Santa Barbara",CMPSC16,5.0,2.0,1,A,2021-12-17,"Conrad is a great lecturer and seems extremely passionate about his work. He gives amazing feedback and explanations are clear. The only thing that I was worried about was the grading structure. All grade categories needed to be 93% or greater for eligibility for an A in the entire class. However, the class was pretty easy with only one midterm.","Respected, Graded by few things, Amazing lectures"
39,"CMPSC16 - University of California, Santa Barbara",CMPSC16,3.0,3.0,1,A-,2021-12-18,"Online textbook subscription was around $70. The class was overall easy, a bit more challenging when we got to new concepts. Workload includes Zybook and labs which are not much. With the grading criteria, students who got A- on their exams end with an A- for the course even with a 96% in the class since he made the course too easy :/","Gives good feedback, Accessible outside class, Tough grader"
39,"CMPSC16 - University of California, Santa Barbara",CMPSC16,4.0,2.0,1,A,2022-02-11,Conrad's pretty passionate about cs and always ready to help students understand things. Easy A if you have a little background in programming.,
39,"CMPSC16 - University of California, Santa Barbara",CMPSC16,2.0,3.0,-1,A-,2022-06-14,"Decent class. However, this professor fails to handle the class average wisely. He probably gets half the class w/ an avg > 95 by the end of the quarter and needs to give A- to a group of top-performance students. Beware of the final - mine was 25 multiple choice questions, in which, if you get 2 wrongs, you will end up with an A- by his rule.",
39,"CMPSC16 - University of California, Santa Barbara",CMPSC16,3.0,2.0,1,A,2022-11-16,"Great lecturer. Assigns zyBooks, which is a lot of reading if you're new to CS, and labs. Mostly an easy A if coming from a coding background, but Conrad's grading policy requires 93+% in all grade categories (zyBooks, labs, midterm, final) to get an A in the class, which screws over a ton of students. (Fall 2021)","Get ready to read, Amazing lectures"
39,"CMPSC16 - University of California, Santa Barbara",CMPSC16,2.0,1.0,1,Not sure yet,2023-03-16,"Conrad has a very good reputation in the CS department at UCSB. However, when I took his course he became very sick midway through. This caused him to cancel the midterm with two hours of notice and replace them with a series of 5 asynchronous quizzes with multiple attempts. Same deal with the final. This class is a joke.","Inspirational, Hilarious"
39,"CMPSC16 - University of California, Santa Barbara",CMPSC16,2.0,1.0,1,Not sure yet,2023-03-16,"This class was an emotional rollercoaster. Phil is a lovely lad with a respectable reputation, but health problems really impacted his ability to focus. Our midterm was canceled two hours before it took place, and was replaced with five asynchronous quizzes which we still have not taken days before the quarter has ended. I've learned nothing.",Hilarious
39,"CMPSC16 - University of California, Santa Barbara",CMPSC16,4.0,1.0,1,A+,2023-03-25,"Conrad is a great professor objectively! Passionate and caring towards the subject and his students. However, he got sick in the middle of the quarter, canceling our midterm on such a short notice and starting to lose focus during lectures. Hopefully, this was just a one time thing, but I honestly have not learned much because of it.",
39,"CMPSC16 - University of California, Santa Barbara",CMPSC16,4.0,1.0,1,A,2023-03-30,Professor was passionate about what he taught and really knowledgeable. He became sick halfway through the quarter and the class basically became online. The class then became too easy to the point where you don't learn anything. I feel like I don't have a strong foundation for future CS courses because this class was so easy.,"Clear grading criteria, Caring, Respected"
39,"CMPSC16 - University of California, Santa Barbara",CMPSC16,5.0,2.0,1,A,2023-11-04,"One of the few professors I'd rate 5/5. Took CS16 and he was absolutely amazing at helping students get situated into complicated computer science concepts. Funny, lectures broken down to ELI5 language, class pace was definitely doable, and incredibly knowledgeable. The labs were easy and ZyBook was a phenomenal online textbook used for the class.","Amazing lectures, Hilarious, Online Savvy"
40,CS4320 - Cornell University,CS4320,2.0,3.0,0,,2018-01-23,Trummer was a below average professor. His lectures were tough to understand. MANY people dropped.,LECTURE HEAVY
40,CS4320 - Cornell University,CS4320,5.0,4.0,1,A-,2018-04-11,Very good course,"Get ready to read, Amazing lectures, LECTURE HEAVY"
40,CS4320 - Cornell University,CS4320,5.0,3.0,1,A,2018-04-11,Extremely good professor. Enjoyed the lectures. Highly recommend the course.,"Gives good feedback, Respected, Amazing lectures"
40,CS4320 - Cornell University,CS4320,4.0,4.0,0,B+,2018-11-19,Ambiguous Assignment with unrefined score judgement. Accent is 'tuple' or 'Lets get started!&quot;,
40,CS4320 - Cornell University,CS4320,4.0,3.0,1,A,2018-12-22,"Lectures were super dry, but they were posted online so you could work through them at your own pace. Made the requirements clear and assignments+exams were manageable. Grading was very slow. Material somewhat interesting.",Clear grading criteria
40,CS4320 - Cornell University,CS4320,2.0,3.0,0,A,2019-10-28,His lecture was somewhat hard to follow!,
40,CS4320 - Cornell University,CS4320,1.0,4.0,0,Not sure yet,2019-11-05,"The content of the course is really useful. However, his lecture is hard to understand even with the video recordings from past semester.",
40,CS4320 - Cornell University,CS4320,5.0,1.0,1,A,2021-04-06,Because of COVID this class was graded only on 6 homeworks (no exams) and it ended up being very easy. Trummer is a clear &amp; effective lecturer and made concepts easy to understand with examples and visualizations in his slides. Homeworks were straightforward and followed directly from the lectures. There was a textbook but I did not use it.,Amazing lectures
40,CS4320 - Cornell University,CS4320,1.0,4.0,0,,2021-11-22,"This class was terrible. Legit could win an award for how badly he teaches. The content isn't necessarily hard, but his extreme lack of explanation and his terribly worded problem sets make it unnecessarily difficult. To top it off, the course staff he hires for this class have absolutely no idea what they are doing and mess up when they help.",Graded by few things
40,CS4320 - Cornell University,CS4320,1.0,2.0,-1,Drop/Withdrawal,2022-10-17,"Despite his looks and how he speaks, Dr. Trummer is actually a very smart guy. Otherwise, our department wouldn't hire him as a new faculty member.

His lectures are very difficult to understand, and the TA I interacted with is not helpful at all. I dropped the course during the first month. I ain't wasting my time here.

Good luck.",
40,CS4320 - Cornell University,CS4320,5.0,1.0,1,A-,2023-01-22,"Great Prof, great content","Caring, Lecture heavy"
40,CS4320 - Cornell University,CS4320,5.0,2.0,1,A+,2023-12-25,Loved his lectures. He answers questions if you have any (even though only few people asked). Homeworks are very representative of the exams and also gives enough practice exams. Not hard to get a good grade in this class. Office hours are also good.,"EXTRA CREDIT, Amazing lectures, Clear grading criteria"
40,CS4320 - Cornell University,CS4320,5.0,1.0,1,A,2024-12-23,"He's lowkey just a chill guy, he is def passionate about the material and it shows when you ask him questions. This is the easiest CS class you can take at this school, like, its easier then 1110. The material is also pretty useful for industry, though I don't think ill ever use a where not where not exist sql negation irl.","Clear grading criteria, Respected"
40,CS4320 - Cornell University,CS4320,2.0,3.0,1,B+,2024-12-27,"Class is eh. People are right that it is 'easy', the hard part is parsing the content out of the lecture material. Slides are very long, while what is important is not always evident. Exams have a strong emphasis on SQL which for a DB class I think is good, but I found them difficult. SQL is covered but not enforced to the degree which is tested.",
40,CS4320 - Cornell University,CS4320,1.0,4.0,-1,B,2025-02-13,"He might be good at researching, but he is absolutely not good at lecturing and breaking things down. If you take his class, be ready to learn on your own for more than 80% of the time. Even many CS lovers on YouTube outperform him in terms of teaching DB stuff.","Group projects, Lecture heavy"
41,"CSC134 - California State University, Sacramento",CSC134,4.0,1.0,-1,,2006-06-12,"Very nice teacher, she is sometimes hard to understand due to her accent and squeaky voice, but don't let that fool you.  She is smart and knows her material really well.",
41,"CSC134 - California State University, Sacramento",CSC134,4.0,2.0,-1,,2008-12-24,Knows her stuff. Difficult to understand (accent). Give fair tests with fair grading.,
41,"CSC134 - California State University, Sacramento",CSC134,5.0,1.0,-1,,2012-11-07,Very easy class but she is picky on the assignments.,
41,"CSC134 - California State University, Sacramento",CSC134,3.0,3.0,-1,,2013-05-30,"Take off too many points for small mistake, doesn't curve. Assignments are not worth many points while test are worth too many points. Easy class topic",
41,"CSC134 - California State University, Sacramento",CSC134,4.0,2.0,-1,,2013-06-10,She knows this subject very well and teaches also good and in easy way so that a student can understand. Although in last two weeks of the semester she just literally speed up and it may possible that you don't understand a single thing and in finals you will get at least 15-20 marks questions from that portion. But overall good quality.,
41,"CSC134 - California State University, Sacramento",CSC134,4.0,2.0,-1,A+,2015-05-11,"Jin is a super good teacher, but has a very strong accent and a small squeaky voice, so sit up front and take notes. ASK QUESTIONS! She will not slow down unless you ask. She no longer assigns homework. There are only 3 assignments, midterm, and final. First two assignments are super easy, 3rd assignment is programming in mySQL. DO NOT PROCRASTINAT",
41,"CSC134 - California State University, Sacramento",CSC134,3.0,3.0,-1,,2016-03-15,"She grades tough.  Homework is worth almost nothing, even if you get 100% on the homework, it doesn't effect your grade.  Your grade depends on the midterm and final.",
41,"CSC134 - California State University, Sacramento",CSC134,3.0,3.0,0,,2016-05-26,"Your grade depends on two tests - midterm (38%)and final(39%). You fail those you don't pass the class. The assignments are a joke. I showed up everyday, that didn't make a difference. Just get ready for the tests.  No curve.",
41,"CSC134 - California State University, Sacramento",CSC134,4.0,2.0,1,,2017-12-10,"Great professor. Midterm was an easy 30% of the grade. Gave 2 weeks to do each homework, wish she'd assign more. Write down the exercises in class and understand her notes, you'll do fine. Subject matter seemed to be straight forward, a mix of all things learned in csc.","Skip class? You won't pass., TEST HEAVY"
41,"CSC134 - California State University, Sacramento",CSC134,5.0,2.0,1,A,2019-05-11,"Very nice and passionate about database management. The class is very easy. There aren't that many chances for grades. Just do the homework, and do them right. Study on the midterm, and study HEAVILY on the final (worth a large percentage of your total grade). Don't get lazy, and you will find that it's very easy to get an A in this class.","Gives good feedback, Respected, Graded by few things"
41,"CSC134 - California State University, Sacramento",CSC134,2.0,3.0,0,Rather not say,2020-04-07,"I dont care what anyone said, this class is hard, the materials isn't hard, its the way she explains is what makes it hard. I had a better understanding from my classmates then her explaining it. if your not one of those TOP NOTCH students that knows everything, then your gonna struggle in this class, No curve and No partial credit, TEST MATTERS","Test heavy, Tough grader"
41,"CSC134 - California State University, Sacramento",CSC134,1.0,4.0,0,Not sure yet,2020-05-11,"Spends entire semester reminding students not to record and that her class is copyrighted, forces us to let her record us taking the final. Notes are useless as all examples are missing solutions. Very unclear grading. Explains and tests material in such a difficult way the industry professionals have had trouble answering yes or no questions given","Graded by few things, Lecture heavy, Tough grader"
41,"CSC134 - California State University, Sacramento",CSC134,1.0,4.0,0,,2020-05-13,Assignments are useless for grade. You need to pass both the midterm and final in order to pass the class or you won't pass. The homework only counts for small percentage while midterm and final count for so much. She grades hard and there is NO CURVE.,"Skip class? You won't pass., Test heavy, Tough grader"
41,"CSC134 - California State University, Sacramento",CSC134,5.0,4.0,1,Not sure yet,2020-12-13,She is an amazing professor. Very smart. She explained difficult material clearly. She used really good examples that made everything easier to understand.,"Participation matters, Amazing lectures"
41,"CSC134 - California State University, Sacramento",CSC134,5.0,4.0,1,,2020-12-17,"I took her CSC 134 and CSC 174 and enjoyed both courses very much. She is a database expert and is very knowledgeable. I learned a lot. The courses are not straightforward, but the way she teaches made it easy. She gave us a lot of good examples that are not from the textbook, so take notes. Her exams are fair and she gave partial credits.","Skip class? You won't pass., Amazing lectures"
41,"CSC134 - California State University, Sacramento",CSC134,5.0,4.0,1,,2020-12-22,Best professor that I have ever had. She is super smart and knows everything. I like the way she structured the course. She used the building block approach for lectures and assignments. Everything was clearly explained and well-organized.,"Accessible outside class, Amazing lectures"
41,"CSC134 - California State University, Sacramento",CSC134,5.0,3.0,1,,2020-12-23,Took Professor Jin for CSC 134. She is an amazing professor who is great at explaining concepts. I personally found the second half of the course to be easier than the first  because of SQL. I wish she could give more homework assignments as extra credit. And have frequent quizzes to improve students learning of the material.,"Gives good feedback, Accessible outside class, Skip class? You won't pass."
41,"CSC134 - California State University, Sacramento",CSC134,3.0,2.0,1,A,2020-12-24,"I feel like she's super average. Has ppt slides, but doesn't upload the ones she writes on in lecture, so going to lecture is a must. Took her until the final month to actually record her lectures. I don't think her accent is THAT bad, you get used to it. Make sure you attend lecture, do the homework, and understand SQL. Then it should be easy.","Skip class? You won't pass., Graded by few things"
41,"CSC134 - California State University, Sacramento",CSC134,5.0,4.0,1,A,2021-01-06,The course was well taught. She is the best professor Ive had so far at Sac State. She has profound knowledge of the subject and explained all topics clearly.,"Accessible outside class, Skip class? You won't pass."
41,"CSC134 - California State University, Sacramento",CSC134,5.0,2.0,1,A+,2021-07-04,Honestly one of the best professors Ive had the chance to take. I almost didnt take this professor because of some of the reviews here but she really is awesome. As long as you keep up with the course you should pass but it is not tough to attain an A if you do the work. Very brutal about assignment deadlines so turn them in on time.,"Gives good feedback, Clear grading criteria, Amazing lectures"
41,"CSC134 - California State University, Sacramento",CSC134,5.0,2.0,1,A,2021-07-10,"Amazing professor, she provided very detailed lectures. Her lectures are all you need to pass the class, no additional reading or research. Very nice lady and welcomes all questions. She makes herself very available in her office hours for questions. I would highly recommend taking her for databases!","Skip class? You won't pass., Graded by few things, Amazing lectures"
41,"CSC134 - California State University, Sacramento",CSC134,5.0,1.0,1,A,2021-08-11,"Took her in the summer and the class was a breeze. Only 2 tests and 5 assignments. Questions on 1st test are all multiple choice, straight from her lectures and slides, but are slightly tricky so make sure you read them carefully. She gives enough time.","Accessible outside class, Amazing lectures, Caring"
41,"CSC134 - California State University, Sacramento",CSC134,3.0,3.0,0,B,2021-12-17,"She's okay. Not a great teacher, but decent enough. Her midterm and final do not match the course well, so watch out for that.","Skip class? You won't pass., Clear grading criteria, Tough grader"
41,"CSC134 - California State University, Sacramento",CSC134,5.0,4.0,1,,2022-07-12,"Amazing professor, great at explaining materials. Her lectures were organized very well.  Exams and assignments were correlated with the lectures and the grading was fair.","Amazing lectures, Gives good feedback, Caring"
41,"CSC134 - California State University, Sacramento",CSC134,2.0,2.0,-1,B,2022-10-23,"Lectures for the database class mainly consisted of her relaying the rules to you. There wasn't much explanation of why, or putting it all in context. The book was marked as required but later she mentioned that it was optional in person. She is benevolent, and apparently interested in databases. However, teaching is a bit of a chore for her.",
41,"CSC134 - California State University, Sacramento",CSC134,5.0,3.0,1,,2022-12-20,"Great class, great professor. The lectures were very well-organized. She is really great at explaining materials.","Amazing lectures, Caring"
41,"CSC134 - California State University, Sacramento",CSC134,3.0,3.0,-1,A,2023-03-28,"The most recent 2-star review was spot on. To add on, the HW she assigns can be found in the textbook, and classes consist of her regurgitating her own PowerPoint slides while (futilely) answering a few questions. (-_-) If you're looking for a professor that goes more in-depth and explains the concepts better, this one ain't it.","Get ready to read, Gives good feedback"
41,"CSC134 - California State University, Sacramento",CSC134,5.0,2.0,1,A,2023-04-02,"She has been an excellent professor, explicit and detailed. A lot of good examples make the hard topics easy to understand.  The lectures and assignments cover everything you need to know for the midterm. She gave enough time to answer the questions in the exam.",Amazing lectures
41,"CSC134 - California State University, Sacramento",CSC134,3.0,3.0,-1,Not sure yet,2023-05-17,"You will find yourself self-teaching a lot of the concepts, especially after SQL. She gives no extra HW practice after SQL and regurgitates her slides (which are full of typos). Only 5 HW (28%), a midterm (32%), and a final (40%). Given the limited selection of professors teaching CSC 134, she's probably your best option. :/",Get ready to read
41,"CSC134 - California State University, Sacramento",CSC134,5.0,3.0,1,,2023-05-18,Sweetest professor. She knows the subject really well.  Her lectures cover everything you need to pass the class.,"Amazing lectures, Caring"
41,"CSC134 - California State University, Sacramento",CSC134,1.0,4.0,-1,F,2023-05-25,"The assignments are easy, but the exams are awful. She didn't curve the final exam like she promised even though the class average was around 62%. Her lectures are so mediocre that you're better off using the book she bases her slides on. She seems sweet in person, but she is either oblivious to her students or just doesn't care.","Tough grader, Get ready to read"
41,"CSC134 - California State University, Sacramento",CSC134,2.0,4.0,-1,D,2023-05-25,Tells class to study the slides for the final. Proceeds to make the final nothing like the slides. Awesome. Exams and assignments full of typos. Recommend self-teaching because she often leaves you more confused after the lectures. Only 5 assignments and no practice on concepts after SQL. She was 4 chapters behind in teaching by finals week. Avoid.,"Get ready to read, Test heavy"
41,"CSC134 - California State University, Sacramento",CSC134,5.0,2.0,1,,2023-05-26,"She curves on final grade, not final exam. Assignments do bring grades up, too bad our class avg was high so she couldn't add extra points. Her lectures are great w lots of good examples, but you have to take notes bc they're not in the slides. Easy class in my opinion, but don't take her if you expect a free ride",
41,"CSC134 - California State University, Sacramento",CSC134,1.0,5.0,-1,F,2023-05-26,"Assignments didn't help to prepare us for the final exam. She lies and says she'll curve exams but then doesn't. If she's your only best option, be sure to read the textbook she uses. Her slides are useless and that's all she used as her lecture material. She doesn't make learning the concepts any easier either.","Tough grader, Get ready to read"
41,"CSC134 - California State University, Sacramento",CSC134,1.0,4.0,-1,C-,2023-05-26,"I went from an A to a C- after the final exam. She is way too easy on assignments, giving us points back for those, but way too hard on exams. Waited until the last day to submit final grades before posting the final exam scores, and now I see why. Apparently, she gave some students 0s on the final exam and won't explain why. Just avoid her.","Get ready to read, Test heavy"
41,"CSC134 - California State University, Sacramento",CSC134,5.0,3.0,1,A-,2023-07-07,In this online class it boiled down to you understanding the core concepts. Jin was available during her office hours and was more than willing to help you understand the ideas. By using tools from the internet it was easier to understand her last two assignments using SQL but she prepares you pretty well to do the programming portion of this class,"Get ready to read, Lecture heavy, Graded by few things"
41,"CSC134 - California State University, Sacramento",CSC134,1.0,4.0,-1,,2023-08-28,"A perfect example of your typical procrastinating professor. There were still two whole lessons she didn't teach us before finals week, so she just decided to skip them. However, I wouldn't recommend taking her class because of how chaotic her scheduling is and because you might miss important concepts. Don't listen to the other positive reviews.","Tough grader, Get ready to read, Test heavy"
41,"CSC134 - California State University, Sacramento",CSC134,4.0,4.0,1,B+,2023-11-14,"She has in-depth lecture videos for each topic. Can be a bit unclear on some parts, but overall explains stuff thoroughly. Lots of lecture videos. Friendly and open to answering questions. Hw can bit tough, but the tests are relatively easier. Expect a considerate amount of work and lectures, but if you do everything you should pass.",Caring
41,"CSC134 - California State University, Sacramento",CSC134,3.0,3.0,1,B-,2024-07-10,"In person tests and lectures are prerecorded. Not a difficult class, just take the time to watch her lecture videos. It is very easy to get lazy in this class and not watch her lecture videos. Take notes on her lectures and redo the homework and you should be good. Her thick accent can make it difficult so it helps that lectures are online.","Lecture heavy, Test heavy"
41,"CSC134 - California State University, Sacramento",CSC134,2.0,3.0,-1,A-,2024-12-06,"Her lectures are horrible, long and unfocused. She doesn't do a good job at explaining theoretical concepts in understandable terms. Her quizzes seem to cover things she never does in the lectures. However the class isn't horrible and the homework is pretty easy. She struggles with English and is sometimes hard to understand.","Tough grader, Test heavy"
41,"CSC134 - California State University, Sacramento",CSC134,4.0,3.0,1,B,2024-12-07,"Within 134, lecture videos were a big priority in this course. They were clear and consise, she also offers captions which helps to keep pace and understanding with what is being said. I enjoyed this course overall and feel I was able to understand more because of the ability to stop and understand. She is always quick to respond to emails as well.","Get ready to read, Lecture heavy"
41,"CSC134 - California State University, Sacramento",CSC134,5.0,3.0,1,,2025-05-13,Everything was well explained at an appropriate pace. She went into great detail with good examples.,
41,"CSC134 - California State University, Sacramento",CSC134,1.0,4.0,-1,B+,2025-05-17,Terrible instructor. Exams aren't anything like the lectures and lectures miss certain things that are covered on the exams. Absolutely terrible.,Get ready to read
41,"CSC134 - California State University, Sacramento",CSC134,5.0,2.0,1,A,2025-05-18,She is very knowledgeable. Her lectures are all you need to do well in assignments and exams. The grading was fair.,
41,"CSC134 - California State University, Sacramento",CSC134,3.0,1.0,1,A-,2025-06-02,"Biggest takeaways from this class were the SQL projects and exposure to the existence of ER & Relational Mapping diagrams. Sift through the nonsense that is her lectures, find and study the practice problems, as they are almost 1:1 with the exams.","Clear grading criteria, Lots of homework, Lecture heavy"
41,"CSC134 - California State University, Sacramento",CSC134,4.0,3.0,1,B+,2025-09-16,"Watch the lectures and take notes. Throw it on 1.5x speed and actually watch it. Everything is covered in the lectures. Do the examples in class. Do the homework. If you can do all that the exams (the majority of your grade) will be easy. Attendance was only required for exams, the rest was online async.","Lecture heavy, Test heavy"
41,"CSC134 - California State University, Sacramento",CSC134,4.0,2.0,1,B+,2026-04-10,"Made our in person class async except for exams, was very thorough with her lecture materials and altered exams so we would do better on them. Go to class, pay attention, do the homework, and the class should be relatively easy from there.","Lecture heavy, Test heavy"
42,CSI1430 - Baylor University,CSI1430,5.0,2.0,-1,,2004-12-15,"Unbelievable teacher.  All you have to do is listen well to every single lecture and write quickly when he goes over the programming assignment, but don't worry, it's easy.",
42,CSI1430 - Baylor University,CSI1430,5.0,1.0,-1,,2005-01-10,easy class just pay attention during class and the weekly programs will be easy,
42,CSI1430 - Baylor University,CSI1430,3.0,3.0,-1,,2005-01-28,"Good teacher, but wasn't much help out of class.",
42,CSI1430 - Baylor University,CSI1430,4.0,2.0,-1,,2006-12-12,Humorous lectures. Doesn't get to know the class well.  Very strict on details when grading.  Overall if you listen to the lectures and keep his notes there is no need for a textbook. Easy tests and programs.,
42,CSI1430 - Baylor University,CSI1430,4.0,1.0,-1,A,2013-11-17,"Great lecturer, generally helpful during his office hours. This man knows how to teach beginners. Pay close attention to his directions or you will do poorly in the class.",
42,CSI1430 - Baylor University,CSI1430,5.0,3.0,-1,A,2015-08-15,"A smart man with humorous lectures. This class will be easy for those who are interested in Computer Science, but those who aren't may find themselves struggling a bit.",
42,CSI1430 - Baylor University,CSI1430,2.0,4.0,0,Drop/Withdrawal,2016-11-22,"Booth is a good teacher but he is of no help whatsoever outside of the class. If you have no experience with coding, I would not recommend taking his class. Too difficult for an INTRO course.","Tough Grader, LOTS OF HOMEWORK, TEST HEAVY"
42,CSI1430 - Baylor University,CSI1430,5.0,4.0,1,,2017-04-26,"Booth will give you a great introduction to programming if you are looking to learn, but it will not be an easy grade to earn. The common grades are 0, 50, and 100. Make one mistake and a lot of points will be counted off, which on tests, I sometimes thought his deductions were unreasonable for intro level, but I do understand why. I enjoyed this.","Tough Grader, Skip class? You won't pass., Clear grading criteria"
42,CSI1430 - Baylor University,CSI1430,1.0,5.0,0,,2018-04-05,"DO NOT take his intro course if you do not have any coding experience. Although they advertise that beginners can take the course, Booth's lectures can only be understood by an experienced programmer. He is an extremely hard grader. His lectures are a tremendous snooze fest. I relied on help from upperclassmen tutors to get by. Also unfriendly.","Tough Grader, LOTS OF HOMEWORK, GROUP PROJECTS"
42,CSI1430 - Baylor University,CSI1430,3.0,5.0,1,B,2019-05-18,I would not recommend taking him if you have no computer science experience. Many people fail this class the first time they take it and are forced to retake it. You really have to attend all classes and take notes even if you don't think you need to. The tests are hard to study for so the best way is to go to look at his old tests.,"Skip class? You won't pass., Clear grading criteria, Tough grader"
42,CSI1430 - Baylor University,CSI1430,3.0,3.0,1,A,2022-09-16,"Definitely a pretty strict and severe guy. However, he is extremely helpful during his office hours and you HAVE to go to them if you want to do well. He has clear grading criteria on his website and you also HAVE to follow it to the dot or he will fail you. The class will be very easy for you as long as you keep up with zybooks and your readings.","Tough grader, Clear grading criteria, Accessible outside class"
42,CSI1430 - Baylor University,CSI1430,1.0,5.0,-1,D+,2023-12-09,"This is not a class for you if you are just getting into comp sci. He is extremely tough and gives no room for makeups or lee-way. I do not recommend this class for beginners, at all.","Tough grader, Lots of homework, Lecture heavy"
43,MIS3690 - Babson College,OIM-3690,5.0,5.0,1,A-,2022-03-28,"He is an amazing teacher, I learned a lot from him. Be prepared to work A LOT! But you'll learn. He rewards students who work hard.","Gives good feedback, Lots of homework, Caring"
43,MIS3690 - Babson College,OIM-3690,1.0,5.0,-1,B+,2022-12-07,Professor Li expects you to know how to code when you arrive in his website design elective. He does not come prepared to class and assigns a boatload of busy work. He answers questions in one word if at all and expects you to copy down code as he types it in class instead of teaching. I went into this class excited and left not wanting to continue,"Tough grader, Lots of homework, Graded by few things"
43,MIS3690 - Babson College,OIM-3690,5.0,4.0,1,A,2023-04-20,"Professor Li is a great, he is inspiring and I learned a lot from his class. Homework can be a bit much sometimes, expect to work a lot and have a lot of really big projects due. The class can be difficult because of the assignments, but if you have the time and really want to put an effort into learning how to code - Professor Li is your guy.","Inspirational, Lots of homework, Accessible outside class"
43,MIS3690 - Babson College,OIM-3690,2.0,4.0,-1,B-,2023-06-04,"Doesn't know how to teach JavaScript and expects you to know it within 2 weeks. Extremely paranoid about cheating and makes you take coding quizzes on paper. Doesn't believe in quiz curves even though the class average was a 50%. Don't take him, there are better professors than him.",Lots of homework
43,MIS3690 - Babson College,OIM-3690,5.0,3.0,1,B,2023-11-29,"The course was very informative and helped me learn more about programming, the coursework was hard but incredibly informative.","Tough grader, Lots of homework, Lecture heavy"
43,MIS3690 - Babson College,OIM-3690,5.0,3.0,1,A+,2023-11-29,"Prepare for the quizzes and always ask for help when you are stuck, he was always available.","Tough grader, Beware of pop quizzes, Accessible outside class"
44,CMPSC311 - Penn State University,CMPSC311,1.0,5.0,-1,,2013-08-29,"Anyone who didn't go to the first two classes was kicked out of the class for missing the first assignment. I had a mandatory court date, but he didn't care and thought his course was more important.",
44,CMPSC311 - Penn State University,CMPSC311,4.0,4.0,-1,,2013-10-22,"One of my favorite professors at Penn State! Really loves what he teaches and does his best to help students. People complain that he's hard when they don't want to put in the effort. Tough professor, but I'm taking a lot away from this course. Recommend taking this class with him! Very helpful at office hours - he holds help sessions as well",
44,CMPSC311 - Penn State University,CMPSC311,5.0,4.0,-1,C,2013-12-18,"Overall great professor, who truly cares about his students' understanding of the knowledge.  You will learn Systems Programming concepts well.  We wrote an application-space Device Driver throughout the course, which included cache implementation and Server/Client calls over a Network.  You will get out of this class what you put into it!",
44,CMPSC311 - Penn State University,CMPSC311,4.0,4.0,-1,,2013-12-19,"He is one of the best professors I ever had. The class is tough, but I gained so much from it. I truly grew as a programmer from him. He wants you to learn the material and understand it rather than just memorize it for the semester. He really challenges you but when you leave this class you will be a better programmer.",
44,CMPSC311 - Penn State University,CMPSC311,5.0,4.0,-1,Incomplete,2014-11-20,"McDaniel is definitely a tough professor but that is because he wants you to actually LEARN, which you wont do if everything is handed to you. He genuinely wants his students to understand the material and will help you if you reach out to him.",
44,CMPSC311 - Penn State University,CMPSC311,4.0,4.0,-1,,2014-12-30,"He is intimidating, but is a very good teacher. His lectures are interesting and he can usually gauge if the class needs something to be repeated for clarification. He challenges you to think and question everything that people tell you. If you pay attention in class and do the work, you'll learn a lot in his class.",
44,CMPSC311 - Penn State University,CMPSC311,1.0,5.0,-1,D,2015-01-16,"Awful professor, yells at students. not letting me pass because he did not remember me. why? i am a quiet guy. I got 380 on homework, and total is 400, and homework  is 50% of the total grade. and not bad on exams, sufficient to earn at least C or even better, but i got D. if u are taking his class, slap his face and make sure he could remember u",
44,CMPSC311 - Penn State University,CMPSC311,4.0,3.0,-1,A-,2015-12-13,"If you're not willing to put in the effort, you'll have a horrible time. He understands you're students, and he wants you to learn, but also that you would like to have some sort of life ( he moved a project because it was homecoming!) Great lectures, and the projects actually mean something, not the nonsense from 121 and 122.",
44,CMPSC311 - Penn State University,CMPSC311,5.0,5.0,-1,B-,2015-12-14,"Gives a very hard class, but will go to the ends of the earth to help you do well.",
44,CMPSC311 - Penn State University,CMPSC311,5.0,4.0,-1,B+,2015-12-15,"Great class, I learned more in this class than i did my entire freshman and sophomore year. If you are easily offended and do not find swearing amusing then try another teacher. I found him hilarious and able to keep my attention even though the material was very complex.",
44,CMPSC311 - Penn State University,CMPSC311,4.0,5.0,-1,,2015-12-17,"This class by far the hardest CMPSC class I ever took. His projects are INSANE. You will likely be spending hours (or maybe days) doing it if you know what you are doing. However, he was lenient on the deadlines as he pushed it back further and held numerous help sessions. If you do hard work, participate, and make progress then you will do good.",
44,CMPSC311 - Penn State University,CMPSC311,4.0,5.0,-1,,2015-12-22,"Was one of the hardest cmpsci classes taken so far in my career at pennstate. Projects take hours on end to finish, my one word of advise would be attend as much help sessions and office hours as you can. It's okay if you don't know where to start Professor McDaniel helps you a lot and pushes you in the right direction, also attend alot of lectures",
44,CMPSC311 - Penn State University,CMPSC311,5.0,4.0,-1,A,2016-01-15,"McDaniel is by far the best professor I've ever had. A class taught by him is a must-take. That being said, he is a tough grader and he most definitely makes you work for the grade. My advice for this class: start assignments early and go to office hours with code already written, go to class and participate, and read lectures thoroughly for exams.",
44,CMPSC311 - Penn State University,CMPSC311,5.0,3.0,-1,A,2016-02-29,"Dr. McDaniel was my favorite professor. Tests and projects are difficult, but really just require time. Put in the time necessary and you will have no problem with this class. Really great guy.",
44,CMPSC311 - Penn State University,CMPSC311,1.0,5.0,-1,A,2016-04-09,"I went and asked him for some help with some C code. He explained to me that he did not really write code any more and forgot how pointers worked. Uhm, what?",
44,CMPSC311 - Penn State University,CMPSC311,4.0,5.0,1,A-,2016-12-16,"This was one of the most difficult courses I took at Penn State. At the same time, I learned the most as well. Professor McDaniel is an extremely good teacher but his assignments are extremely tough. He is a busy guy so you don't get to see him a lot.","Tough Grader, Participation matters, LOTS OF HOMEWORK"
44,CMPSC311 - Penn State University,CMPSC311,1.0,1.0,0,A,2017-01-28,"He did not design his homeworks on his own and continues to use the homework concept his TA- Devin Pohly designed. He literally has superficial knowledge and is extremely arrogant for no reason whatsoever. He brags a lot. On digging his background, he comes from some unknown Ball State University. May Christ save you from this self-obsessed snob.",Participation matters
44,CMPSC311 - Penn State University,CMPSC311,5.0,4.0,1,C,2017-11-04,"He may have a bad rep on campus due to the intensity of his courses. I personally have to say that; although I received a C in 311, I will seek another course with him. One slip on a project will cost a letter grade. Bottom line, start on projects early, seek help on campus for good study habits and take advantage of office hours. He cares if u do.","Gives good feedback, Participation matters, Skip class? You won't pass."
44,CMPSC311 - Penn State University,CMPSC311,1.0,5.0,0,F,2019-08-13,"This professor was the most uncaring professor I have ever had at Penn State. He barely taught a single lecture, hosted no office hours himself, and never responded to emails. TAs hosted office hours, graded assignments, and posted their recorded lectures. DO NOT TAKE WITH HIM!","Lecture heavy, Tough grader"
44,CMPSC311 - Penn State University,CMPSC311,3.0,5.0,1,B-,2019-08-18,"His projects are very hard and intense. Start the projects early and get as much help as possible. His tests are difficult too with a lot of memorization. DO NOT CHEAT in his class. However, his lectures are so clear and very helpful for exams and projects. He is lenient with the grading scale with your final grade, especially if you DO NOT CHEAT!","Graded by few things, Tough grader"
44,CMPSC311 - Penn State University,CMPSC311,4.0,4.0,1,A,2019-09-30,"The class was basically taught by the TAs and most stuff was decided by the TAs. I enjoyed his and TAs' lectures very much; they were clear and easy to understand. There are 2 mid-term and 1 final. Mid-terms are very hard and you need to understand the material really well. 4 assignments are not that bad, the second one is the hardest and longest.","Respected, Hilarious, Lecture heavy"
44,CMPSC311 - Penn State University,CMPSC311,2.0,5.0,0,,2020-03-03,"Although I respect him as a person, McDaniel is not the best at teaching. He's barely accessible outside of the class, and his projects are really harsh even if you have backgrounds in C","Skip class? You won't pass., Graded by few things, Test heavy"
44,CMPSC311 - Penn State University,CMPSC311,5.0,4.0,1,A,2020-05-08,"Dr. McDaniel clearly shows his passion for teaching this class, and it's really motivating. Granted, this class was harder than any of the CMPSC courses before it (132, 221) but you learn a lot more about what happens underneath the code and how variables are stored, etc. Lectures teach actually useful material for programming. Use the debugger!","Respected, Graded by few things, Amazing lectures"
44,CMPSC311 - Penn State University,CMPSC311,1.0,5.0,0,Rather not say,2020-05-18,The worst prof at Penn State ever. Basically you learn nothing from his lectures. The projects are so hard and you don't have any example or textbook references. He won't offer you help since he never replies to the emails. The TAs are the ones who teach. Do not ever take his class!,
44,CMPSC311 - Penn State University,CMPSC311,5.0,4.0,1,C,2020-05-19,Professor McDaniel is the best CS professor I've ever had. He is very funny and kind. He cares about your situation. He held multiple Sunday help sessions for people struggling with projects. He is a great guy and a respected professor. Also his 311 course does not use a textbook and his slides are great.,"Respected, Hilarious, Caring"
44,CMPSC311 - Penn State University,CMPSC311,3.0,5.0,0,A-,2020-05-27,"Dr. McDaniel is very intelligent and funny, and tries to make the class as easy as possible. That being said, its an already hard class, and you need to work for your grade. Start projects early, and above all, DO NOT CHEAT.","Graded by few things, Hilarious, Caring"
44,CMPSC311 - Penn State University,CMPSC311,2.0,5.0,0,A-,2020-07-25,"By far the HARDEST class I have taken so far. If you did not develop good programming skills from past classes, it will be extremely difficult. I knew a lot of people who did not pass. The prof is rarely accessible outside of class. There are not nearly enough TAs so it is always crowded at office hours. Exams are tough. Course has good content tho","Lots of homework, Graded by few things, Amazing lectures"
44,CMPSC311 - Penn State University,CMPSC311,2.0,4.0,0,A,2020-12-04,"One of the laziest professors ever. Lectures were scarce and were commonly released late. When addressed about his lack of instruction by students, he either responded with something like &quot;you're going to have a hard life&quot; or blamed it on COVID. The lectures were all prerecorded; all the guy had to do was press an upload button.",
44,CMPSC311 - Penn State University,CMPSC311,3.0,4.0,0,B,2020-12-16,"This class is hard but not the hardest you'll take in computer engineering. The TA's really do a lot of the teaching so you'll live and die on that. Projects are worth half the grade so make sure to start early. Not a great professor, but you could do far worse",Graded by few things
44,CMPSC311 - Penn State University,CMPSC311,3.0,4.0,1,A-,2020-12-17,"Had some very tough programming assignments, you won't pass if you start the day before it's due. Exams were very specific and covered the entirety of the lectures/slides. I felt the lecture upload schedule was very erratic with some assignments coming out before the lectures that covered them.","Lots of homework, Get ready to read, Tough grader"
44,CMPSC311 - Penn State University,CMPSC311,3.0,2.0,1,,2021-02-10,"Passionate, gave clear lectures that were straight to the point. Extremely lenient with deadlines because of COVID. Exams had lots of small, nitpicky details. I would rate him 5/5 except that he only taught a third of his own lectures; his TAs handled the rest.",Amazing lectures
44,CMPSC311 - Penn State University,CMPSC311,5.0,4.0,1,A-,2021-02-23,"Patrick is the professor that made me into the computer scientist I am today. His class is hard, no doubt, but he is a man of his word when he says that if you try your hardest, he will make sure you cross the finish line together. His life's work is his students. He cares so much about us. Get to know him -- he's an inspiring individual.","Respected, Skip class? You won't pass., Amazing lectures"
44,CMPSC311 - Penn State University,CMPSC311,5.0,3.0,1,Not sure yet,2021-10-30,He is truly a humorous guy if you understand the point he makes everyone laugh in class. The class is so organized that the module lays lectures out for you accordingly. I know people are complaining about him but that is not true. He will make you learn and run with you to cross that finish line!!!,"Lots of homework, Amazing lectures, Tough grader"
44,CMPSC311 - Penn State University,CMPSC311,5.0,2.0,1,A,2021-10-30,"One of the best in CS department. You will walk out of thomas 102 with solid knowledge on unix, C, pointers, memory, cache and all that good stuff needed to succeed in your career. Likewise, his projects are fairly easy if you devote time into them. His exams are word for word from ppt that are purely memorization. Overall, fun class, hilarious guy","Gives good feedback, Graded by few things, Amazing lectures"
44,CMPSC311 - Penn State University,CMPSC311,5.0,1.0,1,F,2021-11-03,"Very inspiritional dude! He cares about your grade and your future. Helps you inside and outside of classes. In fact I cheated once for my first assignment and he gives me a second chance. Not only a cs teacher but also a life mentor for sure. I wish I could take all my past classes like Math 140, 141, psych 100 and so many other classes with him!","Accessible outside class, Group projects, EXTRA CREDIT"
44,CMPSC311 - Penn State University,CMPSC311,1.0,5.0,0,C,2021-11-05,"The worst instructor I've ever met. Very ARROGANT, he rarely comes to lectures, even the TAs are way much more helpful than him. Trust me, do not take his class. Real Experience.",Tough grader
44,CMPSC311 - Penn State University,CMPSC311,1.0,5.0,0,F,2021-11-20,"will not take his class ever again, althought I had a 82 before assignment 3 released but the last two projects were insanely hard so I failed","Lots of homework, Test heavy, Tough grader"
44,CMPSC311 - Penn State University,CMPSC311,3.0,4.0,0,Not sure yet,2021-11-21,"nevermind, I was able to turn my assignment in so I will now consider Professor McDaniel is a decent professor.",Tough grader
44,CMPSC311 - Penn State University,CMPSC311,2.0,4.0,0,Not sure yet,2021-11-27,"Never used GDB and usually started week of assignments due and got them all done with good grades. The TA's will get you through the class pending they are available to help you on Piazza or OH. Roughly half of each section dropped the class and the averages on each assignment and test are not passing average. Just study the powerpoints, good luck!",Tough grader
44,CMPSC311 - Penn State University,CMPSC311,2.0,3.0,0,,2021-11-30,"The class was struggling and he took too long to realize this, half the class ended up dropping. You need to have a solid programming background if you want to do well in this class. A lot of the feedback he gives is useless, but if you are good at programming and know how to succeed on your own, you'll be fine",
44,CMPSC311 - Penn State University,CMPSC311,5.0,3.0,1,Not sure yet,2021-12-02,"The most hilarious professor I have ever met at Penn State! Every time he walks into the classroom makes my Monday Wednesday and Friday a much better days! This class is structured clearly that only consists of 4 projects and 3 exams and that's it! At the end of day, you will realize that C is important and Dr. McDaniel is your life mentor!","Gives good feedback, Respected, Accessible outside class"
44,CMPSC311 - Penn State University,CMPSC311,5.0,1.0,1,A,2021-12-08,Easy class. That's all I can say about him being a 311 professor. I usually finish his projects within 4 hours so I don't think what people are complaining about him is true.,
44,CMPSC311 - Penn State University,CMPSC311,5.0,3.0,1,A,2021-12-08,"You can clearly see that he wants all of his students to succeed in the field of CS. Delays project deadlines during exam weeks, hosts multiple help sessions when needed ( his wife makes good cookies and brought it to help session!), responds email within seconds. He is a must take!","Hilarious, Amazing lectures, Caring"
44,CMPSC311 - Penn State University,CMPSC311,5.0,1.0,1,A,2021-12-08,He just announced that he will give 10% curve to the class. What a generous professor! I love him so much that he really makes this class a fun class and he is very knowledgeable in C language and system programming. A true legend!,"Respected, Lots of homework, Inspirational"
44,CMPSC311 - Penn State University,CMPSC311,5.0,1.0,1,A+,2021-12-08,"Best CS professoe hands down. At the end of the semester, he is the ONLY one CS professor that would include a lecture of helping CS students to be succeeded in their career plus introducing career opportunities for system programming and his class is easy as well.","Participation matters, Graded by few things, Hilarious"
44,CMPSC311 - Penn State University,CMPSC311,5.0,4.0,0,C+,2021-12-10,"We all understand C language is hard and brutal, but this is what CMPSC is made of. Prof. McDaniel wants you to implement, comprehend and debug all by yourself because this is an important skill you will never learn besides taking him. Projects are no doubt hard, but they can be playgrounds if you truly love this major. Trust me, take him!",
44,CMPSC311 - Penn State University,CMPSC311,5.0,3.0,0,B,2021-12-10,"Although the projects were kind of hard, but hey, he saved us all at the end and 90% of people passed the class with his guaranteed 10% curve.",
44,CMPSC311 - Penn State University,CMPSC311,5.0,1.0,1,A,2021-12-10,"The first truly easy course so far I've taken in CMPSC major. The slides he used were on point and extremely helpful for assignments he gave. At the end, he applied the biggest curve I've seen in any other classes with 10% boost to our grade. He is a professor that truly cares about students.",
44,CMPSC311 - Penn State University,CMPSC311,5.0,3.0,1,A,2021-12-11,"Prof McDaniel is easily the best CS professor you will have. The truth is that the class is challenging, but not impossible. He said at the beginning of the semester that he will drag you to success if you show you want it and it's true. Don't expect an easy time, but if you take this class with him, you won't regret it. Hope PSU keeps him around.","Accessible outside class, Inspirational, Amazing lectures"
44,CMPSC311 - Penn State University,CMPSC311,5.0,3.0,1,Rather not say,2021-12-12,"A great professor, a respect father, an inspirational life and academic mentor that you would have never met if you are not taking this amazing class at PSU. I'm really confused by why so many people are downplaying his teaching skills. But one thing is that, I can tell he is really into systems and is driven by programming everyday.",
44,CMPSC311 - Penn State University,CMPSC311,5.0,2.0,1,A-,2021-12-12,"If I could rate him 100 stars, I could. The reason is simple. Listen, there's more worse professors than him in thw department but hey, he is looking after you and understand your situation as a student. Don't be scared, 311 is where all the fun starts. Just play with systems, you will find yourself becoming a real engineer.",
44,CMPSC311 - Penn State University,CMPSC311,5.0,4.0,1,,2021-12-13,Great professor with the best lectures I've seen so far in Penn State. Genuinely cares about his class and will pull any resources he can to get his class across the finish line. He even started a course for people who were not provided a good enough background in UNIX by PSU. Spend (((lots))) of time on the homework and you'll make it.,"Gives good feedback, Amazing lectures, Tough grader"
44,CMPSC311 - Penn State University,CMPSC311,4.0,5.0,1,Not sure yet,2021-12-16,"he's a great professor. has lots of experience and very inspirational throughout the course. don't get me wrong, it's a hard class but when he says he will help you get through it they will. OH are always packed though so don't rely on being able to get in there.","Gives good feedback, Skip class? You won't pass., Inspirational"
44,CMPSC311 - Penn State University,CMPSC311,4.0,3.0,1,A,2021-12-17,"REALLY engaging, a little provocative at times to encourage in-class participation. Will always help you if you ask early enough. Easily a 5, but I wish he showed up to his own lectures more. He sometimes moved the class to async or had his TA's lecture. Doesn't follow through on things like having grades or videos posted by a certain date.","Amazing lectures, Caring"
44,CMPSC311 - Penn State University,CMPSC311,5.0,3.0,1,A-,2021-12-22,"He's a fantastic lecturer, offering both advice and relevant material. This is the first CS class I've taken which feels really useful. The grade is split 50/50 between tests and assignments. Little help was provided nearing the end of the semester on projects. Three critical notes: Don't cheat. Don't be late to lecture. Learn C before the class.","Test heavy, Amazing lectures, Caring"
44,CMPSC311 - Penn State University,CMPSC311,3.0,4.0,1,A,2022-01-05,"One of the best lecturers Ive had. Definitely take him. What I disliked: Half the time, he wasnt the lecturer, hed have a TA do the lecture or do a video online. You were kind of just doing the homework projects on your own, not given much help on what to do. Dont procrastinate. Youll probs lose some sleep if you want an A. Id still recommend.","Respected, Lots of homework"
44,CMPSC311 - Penn State University,CMPSC311,1.0,5.0,-1,,2022-05-10,One of the most pointless classes in Computer Science unless if you want to deal with systems programming in the future. Doesn't give useful advice for projects and barely teaches since TAs do most of the teaching. Even the TAs themselves give vague advice on HW.,"Tough grader, Test heavy, Graded by few things"
45,CAP4053 - University of Florida,CAP4053,5.0,3.0,1,A,2020-03-19,One of the best CS profs at UF,"Respected, Accessible outside class, Amazing lectures"
45,CAP4053 - University of Florida,CAP4053,5.0,3.0,1,A-,2020-04-24,"AI for Games with Blanchard was an amazing experience. If you put in the effort you will genuinely learn the material and know it. As someone who has experience with programming prior to college there is a lot to take away from his courses regardless of your experience. Workload can be hefty, so judge your schedule ahead of time.","Respected, Amazing lectures, Caring"
45,CAP4053 - University of Florida,CAP4053,5.0,3.0,1,A+,2021-03-31,"Professor Blanchard is my favorite teacher at UF. He is a fantastic lecturer, sets clear expectations, and is reasonable. This is the only class I look forward to this semester. This class is way easier than OS or Performant Python. I'd compare it to Programming Fundamentals 2 with him in terms of difficulty.","Respected, Amazing lectures, Caring"
45,CAP4053 - University of Florida,CAP4053,4.0,4.0,1,,2021-04-23,"Spring 2021. Great guy, and really cares about the students. One group project, 2 exams, and some smaller coding assignments. There were some organizational problems which I didn't like. He had class materials in a repo but didn't have clear instructions for how to mirror it (another student found/posted them). Overall the pros outweigh the cons.","Respected, Accessible outside class, Group projects"
45,CAP4053 - University of Florida,CAP4053,5.0,4.0,1,A,2021-04-30,"Everbody is right. He cares, knows what he is doing, is super responsive, etc etc. Go ahead, email him right now and I bet he responds in .25 seconds. Also, make sure you get a good group for the project!","Inspirational, Caring, EXTRA CREDIT"
45,CAP4053 - University of Florida,CAP4053,4.0,4.0,1,A,2021-05-05,"Class was not bad except for the final robocode project which I found really difficult, make sure to get a good group. Rest of class was medium chill imo. Blanchard cares and the class is pretty interesting. Decent amount of work, but overall not too bad.","Group projects, Caring"
45,CAP4053 - University of Florida,CAP4053,1.0,4.0,-1,A,2022-09-24,"One of the worst professors I've ever had, he literally does not teach or interact with students. His assignments are not clear, and useless in my major - CpE. They require an unnecessary amount of time just to decipher what he wants us to do. His TA's mainly teach rest of the course. He just sends videos of old lectures.",Lots of homework
45,CAP4053 - University of Florida,CAP4053,5.0,4.0,1,A,2023-04-24,"He is awesome. Super knowledgeable and always ready to correct his own mistakes. He will be tough on you, but you will learn a lot. Great course.","Tough grader, Group projects, Caring"
46,CH1020 - Worcester Polytechnic Institute,CH1020,5.0,2.0,-1,,2008-06-27,"I had failed this class once and then got a really easy A with Kumar, she is so straight forward in her expectations and has a ton of office hours if you ever need help.  I only wish I had taken all my chem requirements with her.  She leaves no room for confusion!",
46,CH1020 - Worcester Polytechnic Institute,CH1020,5.0,3.0,-1,,2012-12-12,"Good Professor. Explains everything very clearly. Goes a little fast explaining the material, but the lecture notes she sends out help a lot. Lectures are sometimes boring and put you to sleep.",
46,CH1020 - Worcester Polytechnic Institute,CH1020,5.0,1.0,-1,,2013-05-07,"She's very helpful and very easy, but you do need to study a little for her tests if you want to get an A in the course.",
46,CH1020 - Worcester Polytechnic Institute,CH1020,5.0,3.0,-1,,2013-10-31,"good lecturer and nice guy, take CH 1020 with him if possible. He's awesome and teaches well",
46,CH1020 - Worcester Polytechnic Institute,CH1020,5.0,3.0,-1,B,2013-12-03,Awesome professor. I would want him as my FA if I was chem eng. He is the man.,
46,CH1020 - Worcester Polytechnic Institute,CH1020,5.0,3.0,-1,B,2014-01-21,"Great and interesting lecturer, he really made class enjoyable. Tests had trick questions, homework didn't count for much. Easy class to get a B in, but insanely difficult to get an A. Have to be near perfect to get an A and he wont curve even if scores are low. Plus he throws curveballs on the tests. Minus the grading, Great Professor",
46,CH1020 - Worcester Polytechnic Institute,CH1020,5.0,2.0,-1,A,2014-03-13,Great guy who is always willing to help.  friendly outside of lectures and very helpful.,
46,CH1020 - Worcester Polytechnic Institute,CH1020,4.0,3.0,-1,,2015-01-15,"Dr. Bro is exactly that. A bro. The class is tough, and he does his best to explain everything as best he can, and provides plenty of online practice material. I never went to his office hours  but those who went got the help they needed.",
46,CH1020 - Worcester Polytechnic Institute,CH1020,4.0,2.0,-1,B,2015-04-07,"multiple tests but prepares students well, homeworkstudy guides help",
46,CH1020 - Worcester Polytechnic Institute,1020,1.0,5.0,-1,C,2015-04-07,"He rushes through things, is extremely rude, and a horrible teacher. Do not take this class.",
46,CH1020 - Worcester Polytechnic Institute,CH1020,4.0,3.0,-1,Not sure yet,2015-12-02,"Prof. Brodeur was a great! He is very clear in his lectures and doesn't mind answering any questions. He has office hours 2-3 times a week. There is no required hw for the class, but there are practice problems on myWPI that are very helpful for tests. Tests can long and somewhat difficult; just make sure you do the practice and you will be fine.",
46,CH1020 - Worcester Polytechnic Institute,CH1020,5.0,3.0,-1,A,2015-12-19,"Fantastic professor. If you're taking CH 1010 or 1020, take her if you can. Very helpful during office hours. Helps explain tough concepts. Gives you daily practice problems to help you learn the material. She really helps prepare students for her exams, which are reasonable.",
46,CH1020 - Worcester Polytechnic Institute,CH1020,5.0,4.0,-1,B,2015-12-20,"You could not ask for a better chem professor than Brodeur. He has TONS of office hours and is always there to help you. The tests are tough but manageable. He has a great sense of humor and is very easy to get along with. He literally memorizes everyone's name, its insane. I wish he taught the entire chem sequence. STRONGLY RECOMMEND!",
46,CH1020 - Worcester Polytechnic Institute,CH1020,5.0,3.0,-1,A,2016-01-10,"The Tests in any WPI CH1020 class are tough to get an A on b/c of the way the points are distributed, sounds weird but you'll see what I mean. Brodeur himself is the man, as he's a great lecture and his notes on the blackboard are helpful and  extremely easy to follow. If you need help he is more than willing. I would take him again in a heartbeat.",
46,CH1020 - Worcester Polytechnic Institute,CH1020,5.0,2.0,-1,A,2016-01-14,Great guy who is really willing to help. Incredibly clear in lecture and really helps you to understand the material well.,
46,CH1020 - Worcester Polytechnic Institute,CH1020,3.0,3.0,1,,2016-12-14,"No extra credit, and impossibly long exams.","Tough Grader, Respected, TEST HEAVY"
46,CH1020 - Worcester Polytechnic Institute,CH1020,5.0,4.0,1,B+,2016-12-16,Prof. Brodeur is an awesome lecturer but your entire grade comes from 4 very difficult tests.,"Skip class? You won't pass., GRADED BY FEW THINGS, Amazing lectures"
46,CH1020 - Worcester Polytechnic Institute,CH1020,4.0,4.0,1,B,2017-01-12,"Excellent lectures. Very clear at explaining concepts. However, tests are very difficult and weighted heavily.","Tough Grader, Hilarious, Amazing lectures"
46,CH1020 - Worcester Polytechnic Institute,CH1020,4.0,4.0,1,B-,2017-05-04,"Great lectures and outside help, organized, posted useful (optional) practice problems. Moved fast and tests were hard. Rarely had enough time and there were no curves. Grades super fast, is fair, and gives partial credit (thank god) TLDR: He's a good teacher with hard tests","Tough Grader, ACCESSIBLE OUTSIDE CLASS"
46,CH1020 - Worcester Polytechnic Institute,CH1020,3.0,4.0,0,A,2017-12-15,"Good teacher, very friendly, however his tests are extremely difficult and it is hard to get an A. Your entire grade is based off four exams no homework is given so it is hard to know the type of questions on the test. He does administer worksheets each week however the questions rarely correlate to test questions.","Tough Grader, TEST HEAVY, Tests are tough"
46,CH1020 - Worcester Polytechnic Institute,CH1020,4.0,3.0,1,A,2017-12-21,"Really fun dude to have a class with. Tests aren't necessarily hard but they are long. The worksheets harder problem are a decent representation of what's on the exams. Because of the lengths of the exams, I would recommend doing the worksheets to get used to the questions. Grade is 25% Lab and 75%. No mandatory HW but still do the WS.","Hilarious, Tests are tough, Would take again"
46,CH1020 - Worcester Polytechnic Institute,CH1020,4.0,3.0,0,,2018-04-02,"Prof Kumar was generally friendly and her office was almost always open for questions. The class is predominately taught through slide show and verbal explanations, followed by step by step problem solving. The tests are a little overwhelmingly long. From my experience this Prof teaching style works really well for some students, others not so much",ACCESSIBLE OUTSIDE CLASS
46,CH1020 - Worcester Polytechnic Institute,CH1020,4.0,2.0,1,A,2018-05-14,"Going to lectures isn't necessary cause she uploads everything, but it is nice to go if you don't understand cause she explains problems very well and actually helps. she gives you practice problems before the test too. definitely would not have taken any other prof","Gives good feedback, Clear grading criteria, Amazing lectures"
46,CH1020 - Worcester Polytechnic Institute,CH1020,5.0,4.0,1,A,2018-05-14,"Kumar teaches well and really knows her stuff but sometimes is hard to follow. Tests are hard and lengthy although if you do the practice worksheets you should be fine. Labs are unrelated to the class and terrible, although that's not her fault. She is very helpful if you have questions and wants you to learn even though most don't get As.","Clear grading criteria, TEST HEAVY"
46,CH1020 - Worcester Polytechnic Institute,CH1020,5.0,4.0,1,B+,2018-12-07,Professor Kumar explains topics throughly so everyone understands her. If you do not understand she has several office hours and it is easy to get in contact with her.,"Skip class? You won't pass., ACCESSIBLE OUTSIDE CLASS, Caring"
46,CH1020 - Worcester Polytechnic Institute,CH1020,5.0,3.0,1,B+,2018-12-09,"Kumar is a great professor when it comes to explaining topics in a cohesive and straight to the point way. She provides opportunities to meet with her if you have any questions and provides good practice to debrief yourself before an exam. The only assignments graded are exams so if you aren't great with tests, I wouldn't recommend her.","Skip class? You won't pass., TEST HEAVY, Amazing lectures"
46,CH1020 - Worcester Polytechnic Institute,CH1020,3.0,5.0,1,C,2018-12-14,"Brodeur is a good professor and teaching is straightforward and understandable, however the tests do not accurately reflect the learning because the tests are too long and have much more complex problems than we do in class or homework quizzes. While the workload is manageable, you have to study a lot before the tests to pass, so be prepared.","Tough Grader, TEST HEAVY"
46,CH1020 - Worcester Polytechnic Institute,CH1020,3.0,3.0,1,,2018-12-19,"The book is helpful but not necessary and she posts her lectures but as pdfs of the work done out. The only issue is that there is not explanation so its best to not use them to replace going to class but more to supplement your studying. In my lecture at AK 116, she was difficult to hear and sometimes her accent is a little difficult to understand","Tough Grader, Skip class? You won't pass., Caring"
46,CH1020 - Worcester Polytechnic Institute,CH1020,3.0,4.0,0,F,2018-12-19,"Not a bad professor necessarily, but very hard course. I you do not have background Chem knowledge I would not recommend him. I had him for lab as well and he is a great lab prof. Tests were much too long to actually show that you have understanding. On every test there was a question I didn't have time to finish/start.",LECTURE HEAVY
46,CH1020 - Worcester Polytechnic Institute,CH1020,1.0,3.0,0,A-,2019-04-04,"No partial credit on anything, and it's clear he doesn't even review his tests before he prints them. Tests are not a test of skill but rather how much you can get done and still get an A. At least the labs for this class are well designed.","Get ready to read, Graded by few things, Tough grader"
46,CH1020 - Worcester Polytechnic Institute,CH1020,2.0,4.0,0,,2019-04-04,"this class is composed of only 4 exam grades which are worth 75% of the grade, plus your lab grade as the other 25%. class average for our first exam was a 74% and for the second was a 52%. Exams are way harder than example problems and almost no one finishes in the time given. If he doesn't curve the final grades I doubt anyone can score a B.","Get ready to read, Graded by few things, Test heavy"
46,CH1020 - Worcester Polytechnic Institute,CH1020,1.0,3.0,0,,2019-04-23,"As the term draws to a close, Kaminski gets worse and worse. It's clear now that he couldn't care less about students doing well in his class. Does not hold office hours, instead you have to talk to him after class and then he'll simply tell you to try harder because there's nothing he can do. absolutely awful. worst professor I've ever had.","Graded by few things, Test heavy"
46,CH1020 - Worcester Polytechnic Institute,CH1020,1.0,4.0,0,,2019-04-25,"Class average for the second exam was a 52. Solution was to &quot;scale&quot; by 2 points and offer &quot;extra-credit&quot; on the next exam when the problem is no one can finish. Professor discourages questions and speaks condescendingly. Class average is a C-, which he says is &quot;where it should be&quot;. Avoid if possible","Skip class? You won't pass., Graded by few things, Tough grader"
46,CH1020 - Worcester Polytechnic Institute,CH1020,4.0,3.0,1,A,2019-05-06,"Kumar is great. I've had her for 1010 and 1020 lecture now and she's very sweet and explains the material clearly, taking plenty of time to do multiple problems from each section. She will pretty much tell you the problems that will be on the test at office hours. Just try not to take her at 8am because she makes you want to fall asleep.","Accessible outside class, Test heavy, EXTRA CREDIT"
46,CH1020 - Worcester Polytechnic Institute,CH1020,5.0,4.0,1,B,2019-08-23,"I struggled in previous chemistry courses, but her lectures are really easy to follow and her classes are well-structured. Always willing to answer questions and so humble. As long as you take the time to study for her tests, you'll be fine.","Gives good feedback, Test heavy, Clear grading criteria"
46,CH1020 - Worcester Polytechnic Institute,CH1020,2.0,4.0,0,Audit/No Grade,2019-08-23,"To be honest, I blame myself for failing the class. However, Prof. Kaminski knows what he's talking about in class, it's just really hard to pay attention during his lectures. He's always willing to answer questions and you can tell he tries his best. However, no one can seem to finish the tests. It's not their impossible, it just takes so long.","Graded by few things, Test heavy"
46,CH1020 - Worcester Polytechnic Institute,CHEM1020,5.0,3.0,1,,2019-12-04,"This man is so funny during lecture, he teaches the material but also manages to add in stuff he finds fascinating. Almost every lecture had some kind of explosion video or strange tangent that relates (barely) to the topic covered in lecture. Be sure to pay attention to these though, they appear as extra credit questions on tests sometimes!","Hilarious, Amazing lectures, Caring"
46,CH1020 - Worcester Polytechnic Institute,CHEM1020LAB,5.0,3.0,1,,2019-12-04,"Bafaro was incredible for Chem 1020 lab, ABSOLUTELY go to office hours, she will help you every step of the way with the labs (and maybe complain with you about how the lab structure sucks). Very kind she helped me deal with a partner who didn't do work without forcing me to write the entire lab and without hurting my grade. Highly Recommend","Gives good feedback, Accessible outside class, Participation matters"
46,CH1020 - Worcester Polytechnic Institute,CH1020,3.0,4.0,0,C,2019-12-09,Bursten is a good professor but his exams are nothing like the material taught in class or on the homeworks. He doesn't like memorization and prefers that his exams are more learning based. He posts his lectures but does not have all the material on them. He is degrading toward the class when students do not preform well. Take other professors @WPI,"Skip class? You won't pass., Tough grader"
46,CH1020 - Worcester Polytechnic Institute,CH1020,4.0,3.0,1,Not sure yet,2019-12-09,"His tests are much more of a show your work than memorization. Be prepared to study, and write down descriptive notes during lecture, even his tangents may be extra credit questions. He posts the lectures, but they do not contain all of the content he talks about.","Skip class? You won't pass., Test heavy, Hilarious"
46,CH1020 - Worcester Polytechnic Institute,CH1020LAB,5.0,3.0,1,A,2019-12-10,"Professor Bafaro was amazing, I had her A and B term. The workload is very heavy, especially if your group partners aren't doing a fair share of the reports. However, she did her best to make accommodations when my group dynamic was not ideal. Helpful during office hours and gives really good feedback if you turn things in early","Gives good feedback, Accessible outside class, Group projects"
46,CH1020 - Worcester Polytechnic Institute,CH1020LAB,5.0,4.0,1,B+,2019-12-11,"Professor Bafaro is the best professor/instructor I have had at WPI. She is incredibly kind, she takes time to learn all of her students names and makes sure they understand the material. She provides excellent feedback and students feel comfortable asking questions. If you have a problem with the work or a lab partner talk to her and she will help","Gives good feedback, Accessible outside class, Caring"
46,CH1020 - Worcester Polytechnic Institute,CH1020,3.0,4.0,0,B-,2019-12-13,"If you do all the homeworks three or four times- you'll pass. If you don't have 40 hours a week to only do Pearson questions, you will need to meet with him and write aggressive notes in class. Gets very political in class but tends to keep it civil.","Lots of homework, Skip class? You won't pass., Test heavy"
46,CH1020 - Worcester Polytechnic Institute,CH1020,5.0,4.0,1,A,2019-12-14,"Professor Bursten goes above and beyond to deepen your understanding of the material. Difficult homework and exam problems really challenge and improve your problem solving skills. If you're afraid of a little adversity, I wouldn't recommend. Lectures were always interesting even when the material covered was pretty dry.","Amazing lectures, EXTRA CREDIT, Tough grader"
46,CH1020 - Worcester Polytechnic Institute,CHEM1020,3.0,5.0,1,Rather not say,2019-12-16,"Bursten is a professor with a certainly decorated past. His expectations are extremely high and his exams were longer and more difficult than other professors. Homework is worth little credit and isn't even close to the exam material, but you MUST do it over and over again in order to pass. He WILL challenge you so expect low grades.","Graded by few things, Test heavy, Tough grader"
46,CH1020 - Worcester Polytechnic Institute,CH1020,5.0,4.0,1,Not sure yet,2019-12-21,"Bursten was a great professor. Chem 1020 is a lot of work, but Bursten's enthusiasm for chemistry made it easier to learn. He is very clear in his lectures and really wants us to think about chemistry instead of memorizing. His exams were challenging and really stretched our thinking. I am a lot more interested in chemistry now.","Skip class? You won't pass., Amazing lectures, Caring"
46,CH1020 - Worcester Polytechnic Institute,CH1020,4.0,4.0,1,C+,2019-12-23,"Awesome, caring, unique. He teaches, not lectures. His interaction and enthusiasm is contagious. He will challenge you, but makes you think. Pay attention for extra credit anecdotes. Exams are beyond difficult but go to OH often for extra help and you'll do fine. Talk with him 1:1. Bottom line, he cares and wants his students who care to succeed.","Lots of homework, Amazing lectures, Caring"
46,CH1020 - Worcester Polytechnic Institute,CH1020,5.0,4.0,1,A,2020-01-07,"Bursten not only wanted to cover basic material, but go beyond and stimulate interest in chemistry. He even incorporated interesting demos despite the limitations of the lecture hall. Tests can be hard but it is still worth it to take the class as he is very understanding with grades. He seeks engagement and hard work and is a really nice guy.","Lots of homework, Accessible outside class, Amazing lectures"
46,CH1020 - Worcester Polytechnic Institute,CH1020,4.0,4.0,1,A,2020-01-10,"Bursten wants to make sure you see chemistry through his lens, which isn't a bad thing. He makes fun references in class and goes into topics that are interesting. Don't be fooled by the sidetracks into fun chem though, his tests are no joke, and you should definitely study for them. He cares about his students and he has high expectations for them","Lots of homework, Accessible outside class, Hilarious"
46,CH1020 - Worcester Polytechnic Institute,CH1020,5.0,4.0,1,A,2020-01-28,"I took CH 1020 with him and his lectures were really interesting and really makes you more interested in the subject matter of chemistry. He really does a good job of knowing all the student's names and doing fun demos to get student involvement. Tests are hard so DO THE HOMEWORK, read the textbook and pay attention in lecture.","Gives good feedback, Accessible outside class, Amazing lectures"
46,CH1020 - Worcester Polytechnic Institute,CH1020,5.0,4.0,1,B,2020-04-15,"Bursten is an amazing teacher and an amazing person. He cares deeply about his students and wants them to learn more than anything. His exams are difficult with an average of about 60%, but gives a decent amount of partial credit it. Study hard, go to every lecture, get to know him in office hours and you won't have an issue with this class.","Respected, Lecture heavy, Tough grader"
46,CH1020 - Worcester Polytechnic Institute,CH1020,5.0,4.0,1,A,2020-04-20,One of the best professors I had. He is super nice and funny in class and tries hard to get to know everyone's names. His test a very difficult though so be prepared to study.,"Hilarious, Caring, Tough grader"
46,CH1020 - Worcester Polytechnic Institute,CH1020LAB,5.0,3.0,1,A,2020-04-20,Probably the nicest person I have met. Gives great feedback on labs. If you submit them early you should have no problem getting an A.,"Gives good feedback, Respected, Caring"
46,CH1020 - Worcester Polytechnic Institute,CH1020,4.0,3.0,1,A,2020-05-02,"Prof. Kumar is awesome. She does a really good job of explaining concepts and really cares about her students. She gives a lot of practice work, so if you do that it's not hard to get an A on an exam.","Accessible outside class, Caring"
46,CH1020 - Worcester Polytechnic Institute,CH1020,1.0,5.0,0,Audit/No Grade,2020-05-18,"I received an NR taking chem 1020 with Brodeur, not the best professor by any standard. The tests were unnecessarily difficult and long. The final was cumulative, brags about how many students fail his course. Avoid taking chem 1020 with him.","Skip class? You won't pass., Test heavy, Tough grader"
46,CH1020 - Worcester Polytechnic Institute,CH1020,5.0,4.0,1,B,2020-07-05,"Professor Kaminski is a GREAT professor, he provides thorough explanations of the material as well as additional resources and several sheets of practice problems to make sure students are prepared for exams. He broke down the course into 4 sections, which made it easier to memorize and work through course material. He is also very kind and helpful","Accessible outside class, Clear grading criteria, Amazing lectures"
46,CH1020 - Worcester Polytechnic Institute,CH1020,5.0,3.0,1,,2020-12-09,"I love him. Great man. Owns rainbow alpaca earrings. I had him for online lectures and his cat (Samantha) kept eating plants. You get a quiz each week (study with the worksheets he gives you), and two exams. So test heavy, but you should be fine. Tests and quizzes are fair (a few exceptions but it's okay we still love him).","Accessible outside class, Skip class? You won't pass., Test heavy"
46,CH1020 - Worcester Polytechnic Institute,CH1020,5.0,4.0,1,A,2021-03-03,"Brodeur is seriously the best professor I have ever had. Make sure to attend lectures, take notes, and read the book to really understand the content. He is super friendly and has the cutest cate that comes on zoom everyday. I have never understood chemistry better than I do now. 8 am lectures are tough, but I actually stuck through them this term!","Graded by few things, Test heavy, Amazing lectures"
46,CH1020 - Worcester Polytechnic Institute,CH1020,5.0,3.0,1,A,2021-05-25,"She is one of the most caring professors I have had. Her lectures were SO organized and put together. You can tell how prepared she was for lectures. There was a lot of homework, which was a big part of the grade, but it was great practice and exactly like exam questions!","Lots of homework, Accessible outside class, Caring"
46,CH1020 - Worcester Polytechnic Institute,CH1020,1.0,5.0,0,,2021-11-19,"Hope you have time to teach yourself all of the material, cause you won't learn anything from the lectures since they consist of only examples with no real explanation. The homework and practice worksheet answers are posted with no work shown. I do not like this woman.",Skip class? You won't pass.
46,CH1020 - Worcester Polytechnic Institute,CH1020,2.0,3.0,0,B+,2021-11-19,Can't lecture. Thinks teaching is only practice problems. Doesn't show work in answer keys of homework or review sheets. Make sure you have time to actually learn the material on your own time.,Test heavy
46,CH1020 - Worcester Polytechnic Institute,CH1020,5.0,4.0,1,Not sure yet,2021-12-18,He has a ton of office hours and really wants to talk to students. His lectures are engaging. The exams are difficult but reasonable. Overall he is a great professor.,"Accessible outside class, Amazing lectures, Caring"
46,CH1020 - Worcester Polytechnic Institute,CH1020,5.0,4.0,1,A+,2022-01-21,"She was very sweet and accommodating. Tests were hard but manageable. Homework was easy if you understood the topics, impossible if you didn't. Her formatting of documents and horrible color choices were what I hated the most.",Skip class? You won't pass.
46,CH1020 - Worcester Polytechnic Institute,CH1020,1.0,5.0,-1,Drop/Withdrawal,2022-05-01,"The only grades are your exams and the exams are graded based on full points only, no partial credit, it's basically impossible to succeed in his class.",Tough grader
46,CH1020 - Worcester Polytechnic Institute,CH1020,1.0,5.0,-1,Audit/No Grade,2022-05-04,He will not curve any test. The only grades for this course are tests and you can easily NR. No grades for homework or anything else that will help you pass.,"Lecture heavy, Test heavy, Graded by few things"
46,CH1020 - Worcester Polytechnic Institute,CH1020,1.0,3.0,-1,,2022-09-29,"Lectures are very helpful and the exams are pretty much exactly what he will tell to you review, however, they are extremely long and he will only give the topics the day before. Grades based entirely on exams that are too long for anyone to finish. Content wasn't super difficult but the course structure was the worst.","Tough grader, Test heavy"
46,CH1020 - Worcester Polytechnic Institute,CH1020,5.0,3.0,1,A,2023-01-03,"Professor Kumar is a caring and effective chemistry professor. She had office hours almost every day, making it easy to ask for help if you fall behind in lecture. There were four non-cumulative exams which reduced stress. She posts optional worksheets after each class but they are extremely helpful for exam studying. Be sure to mind your sig figs!","Caring, Test heavy, Accessible outside class"
46,CH1020 - Worcester Polytechnic Institute,CH1020,1.0,5.0,-1,B,2023-02-05,"Not a good teacher, his quizzes do not reflect his exams at all. The exams are a lot harder and ridiculously long. If you get an average under 65% for the 3 exams, you fail the class regardless if your overall grade is higher. Little to no opportunities for credit other than the exams (70 points each). There's only 6 other quizzes. Then lab.","Tough grader, Test heavy, Graded by few things"
46,CH1020 - Worcester Polytechnic Institute,CH1020,1.0,4.0,-1,F,2023-03-02,The quizzes online are nothing like the tests at all. He flies through the problems in class to the point where you cant even write down the question before he switches slides. I would have gotten a B in this class if he actually explained his syllabus (you need to pass every test or you NR). He never goes over the exams after you take them.,"Tough grader, Lots of homework, Test heavy"
46,CH1020 - Worcester Polytechnic Institute,CH1020,5.0,4.0,1,A,2023-04-23,"Prof. Brodeur is great at explaining and his lectures are great. His exams are extremelly hard for no reason, but he'll give extra credit assignments and the grades are always curved at the end. Just make sure to understand the examples he gives in class and you should be okay.","Tough grader, EXTRA CREDIT, Amazing lectures"
46,CH1020 - Worcester Polytechnic Institute,CH1020,4.0,4.0,1,C,2023-05-23,"It was her first time teaching a lecture and there were definitely a couple bumps along the way, but she was honestly so great. Lots of office hours and she was very kind and helpful during them.","Caring, Test heavy, Accessible outside class"
46,CH1020 - Worcester Polytechnic Institute,CH1020,5.0,2.0,1,Rather not say,2023-12-23,BEST CHEM PROF I HAVE HAD YET. Her lectures and office hours are extremely helpful. She is very caring and willing to help. It is very hard not to do well in her class. she is very sweet and easy to approach. Nothing bad to say about her. Definitely recommend her!,"Amazing lectures, Caring, Accessible outside class"
46,CH1020 - Worcester Polytechnic Institute,CH1020,5.0,2.0,1,B,2024-05-16,Drew Brodeur is the absolute best! One of the greatest professors I've had!,"Amazing lectures, Caring, Respected"
46,CH1020 - Worcester Polytechnic Institute,CH1020,4.0,4.0,1,A,2024-06-26,"Lectures could get tedious but he gave good explanations and was open to questions. Quizzes and exams were tough and not always similar to lectures and homework, but he scales final grades to help.",
46,CH1020 - Worcester Polytechnic Institute,CH1020,3.0,2.0,1,A+,2024-08-28,"The RMP reviews for Kaminski are outdated. He really wasn't that bad of a professor. I took him in D term 2024 and finished the class with an A+. My biggest piece of advice is to do the worksheets he gives you. It wasn't uncommon to see the exact same problem (with the same numbers!) on an exam, so if you do the homework you get free exam points.","EXTRA CREDIT, Lecture heavy, Graded by few things"
46,CH1020 - Worcester Polytechnic Institute,CH1020,1.0,5.0,-1,D,2024-11-19,"The only grades in the class will be exams, and refuses to curve exams. The range of exam grades for my CH 1020 class were between a 4% and a 100% (really only people who took AP Chem are passing). No lecture slides, and does not use a textbook, most of lecture is doing problems instead of teaching concepts. Doesn't seem to care how students do.","Tough grader, Test heavy, Graded by few things"
46,CH1020 - Worcester Polytechnic Institute,CH1020,5.0,4.0,1,A,2025-01-15,"I had professor Bursten for both A and B term for ch1010 and ch1020. He is very well prepared for class and his teaching style worked well for me to understand the material, not just memorize it. Bursten is professional and friendly in communication. sometimes the online homework gets tedious but it is posted well before the due date :)",
46,CH1020 - Worcester Polytechnic Institute,CH1020,5.0,3.0,1,A+,2025-02-21,"Great class, great professor! This was harder than 1010 but I was more comfortable with it having him for both. Still did well, and really enjoyed lectures.","Clear grading criteria, Lots of homework, Lecture heavy"
46,CH1020 - Worcester Polytechnic Institute,CH1020,3.0,4.0,-1,C,2025-02-21,"just teaches off of slideshow not very good at explaining. very nice guy but took 1010 and 1020 and was struggling in both, do the homework it will help you but it takes forever. tests are very hard.","Lots of homework, Lecture heavy, Test heavy"
46,CH1020 - Worcester Polytechnic Institute,CH1020,1.0,4.0,-1,B,2025-03-27,This was an awfully structured class taught by a bad person.,
46,CH1020 - Worcester Polytechnic Institute,CH1020,1.0,4.0,-1,B,2025-04-09,The tests are the only grade and they are too long for most people to finish.,
46,CH1020 - Worcester Polytechnic Institute,CH1020,4.0,2.0,1,A,2025-11-06,Homework takes sooooooooo long but hes a good teacher,"Amazing lectures, Lots of homework, Caring"
46,CH1020 - Worcester Polytechnic Institute,CH1020,5.0,3.0,1,A,2026-01-16,Take him for 1010/1020 and you'll get an easy A (just do the pearson homeworks),"EXTRA CREDIT, Amazing lectures, Accessible outside class"
46,CH1020 - Worcester Polytechnic Institute,CH1020,2.0,5.0,-1,B,2026-01-16,"SADNESS FAMILY! Pearson is required (love paying to suffer), so enjoy ~5 hrs of homework weekly. I'm so fr&#8212;take the other guy. Exams are random, painfully hard, and grades are &#10024;special&#10024;. Professor is nice though, which totally makes up for lectures not matching exams, zero practice tests, and office hours on another planet. Truly not it.","Tough grader, Lots of homework, Lecture heavy"
46,CH1020 - Worcester Polytechnic Institute,CH1020,1.0,4.0,-1,D-,2026-02-25,"1 We had an individual in our class who, multiple times per every lecture, had to correct him mid-lecture. Said person also had to correct something on a test.
2 Is difficult to understand.
3 Only has tests, no homework.
4 Tests had a lot of incorrect grades that had to be fixed.
5 No normal office hours","Lecture heavy, Test heavy, Graded by few things"
46,CH1020 - Worcester Polytechnic Institute,CH1020,1.0,4.0,-1,F,2026-02-25,"1: Not knowledgeable, we had a kid in our class who, multiple times per lecture, corrected him on things he got wrong. Even during the test, errors were made that would have gone unnoticed were it not for that kid.
2: Made several massive grading errors in his tests resulting in most students needing them regraded.
3: Look up his Facebook page.","Lecture heavy, Test heavy, Graded by few things"
46,CH1020 - Worcester Polytechnic Institute,CH1020,1.0,4.0,-1,C,2026-04-03,"Do not take his class unless you have an extremely solid foundation in chemistry. He reads from slides and expects you to know what he's talking about. Exams are every week (quizzes and tests), so you're constantly studying all the time. Oh, and also no study guides or practice exams. Homework takes forever.","Lots of homework, Test heavy"
46,CH1020 - Worcester Polytechnic Institute,CH1020,1.0,5.0,-1,Not sure yet,2026-04-17,"This person can't teach. The only thing he does is stoichiometry problems way too fast. We are never given a chance to try them ourselves before he starts doing them. He does all of them by hand with a drawing tablet, but his handwriting is hard to read. I was more focused on copying his work down and not actually learning what he was doing.",Graded by few things
46,CH1020 - Worcester Polytechnic Institute,CH1020,3.0,4.0,-1,Not sure yet,2026-04-19,"I'm currently taking Kaminski right now during D term. I definitely do not think that he is bad as the last reviews have said. He shows a solid ability to explain the concepts. However, his lecture is test-heavy with 4 tests and no homework counting for the lecture grade. I would probably not recommend to people who are not good test takers.","Lecture heavy, Test heavy, Graded by few things"
46,CH1020 - Worcester Polytechnic Institute,CH1020,1.0,5.0,-1,Rather not say,2026-04-29,Tests make up the entire class. Lectures are hard to follow and confusing. Don't take his class for your well being. If you are...good luck.,"Lecture heavy, Test heavy"
46,CH1020 - Worcester Polytechnic Institute,CH1020,1.0,5.0,-1,Drop/Withdrawal,2026-05-08,"His exams are the most brutal at the school, he has extra credit opportunities but never gives enough time for those to be fulfilled even if you are an expert in the course. Do not take this professor if you are bad at exams. His lectures are solid and he teaches the material somewhat well but still relies heavily on out of class studying.","Tough grader, Test heavy, Graded by few things"
47,CIS3550 - Baruch College,CIS3550,5.0,3.0,1,Not sure yet,2020-05-22,I wanted to test the waters out in my interest in cybersecurity. Prof. Whiteman made this intro into cybersecurity digestible and kept it real interesting by applying cybersecurity into our current events. He honestly sparked my interest in cybersec. If I didn't have to pay for this class again I would definitely take again.,"Inspirational, Amazing lectures, Caring"
47,CIS3550 - Baruch College,CIS3550,5.0,3.0,1,,2020-05-24,"If you get the chance, take him! Hes fantastic. Im considering Cybersecurity because of this class. Hes very helpful and hes pretty understanding. Honestly if you read youll do fine. But he makes the subject matter really interesting!","Gives good feedback, Inspirational, Amazing lectures"
47,CIS3550 - Baruch College,CIS3550,5.0,3.0,1,,2020-05-30,TAKE THIS GUY AND YOU WON'T REGRET. HE IS VERY SMART AND KNOWS A LOT. P.S- Never wrote a review before but could not help this time because he is just so good.,"Gives good feedback, Inspirational, Amazing lectures"
47,CIS3550 - Baruch College,CIS3550,5.0,3.0,1,A,2020-06-02,"If you get the chance, definitely take him. He currently works in cybersecurity, so he has firsthand experience in the area. His lectures are interesting and he does a great job explaining difficult or boring concepts. One midterm and final, and no homework other than a case report at the end of the semester.","Gives good feedback, Respected, Amazing lectures"
47,CIS3550 - Baruch College,CIS3550,5.0,3.0,1,A-,2020-10-20,The most satisfying experience for 4 years in the college. The man clearly know his subject. Professor Whiteman tries his best to make his lectures very engaging and interesting even for those who are not quite familiar with IT field at all. His assignment are fun and very useful at the same time. This man is a gem.,"Respected, Inspirational, Caring"
48,CISC3130 - Brooklyn College,CISC3130,1.0,1.0,0,,2019-12-09,"Shes a nice person but shes distant and its very unclear what shes asking for on the exams and assignments. She comes in late everyday, even on exam days and is not familiar with the content to teach it well enough. The cohort will like her because shes easy, but she and the rest of the department should rethink who is teaching this class",
48,CISC3130 - Brooklyn College,CISC3130,5.0,4.0,1,,2020-01-20,"Exceptional professor who is very knowledgeable about the subject. She is fair, cooperative, open minded and attentive to the needs of students.",
48,CISC3130 - Brooklyn College,CISC3130,2.0,3.0,1,B,2020-05-31,"This class is based off of data structures which is code however we learnt almost no code. The tests were 75% theoretical ideas of data structures and 25% code. She would end the class 30-45 minutes early. The homeworks were fun but without any guidance very annoying. Also, she's extremely lazy so she tried to make the class end a month early.","Lots of homework, Graded by few things, Test heavy"
48,CISC3130 - Brooklyn College,CISC3130,5.0,3.0,1,B,2020-07-18,"I've taken her for both CISC 3115 and this. My only complaint, which I think is a BC curriculum issue, is that this course is more theory based in teaching than coding, her CISC 3115 there was more coding in class. So you need to read and practice outside of class. She did provide access to a workbook with some problems to help with this.","Get ready to read, Participation matters, Clear grading criteria"
48,CISC3130 - Brooklyn College,CISC3130,1.0,1.0,0,A+,2020-09-14,"Hilarious but not in a good way. This class is horrendous, she and the class is a joke. She doesn't teach, she doesn't even talk half of the time. If your goal is to learn Data structures I would advise you to take any other professor. I can guarantee you will come out of this class understanding nothing.",Hilarious
48,CISC3130 - Brooklyn College,CISC3130,1.0,3.0,0,Rather not say,2020-11-09,Professor Chuang might make a good teachers assistant or something administrative. She does not teach. 2 lectures were hosted at the beginning of the semester before she disappeared. Homework is assigned and graded incognito. Provides resources for self guided study.,
48,CISC3130 - Brooklyn College,CISC3130,1.0,3.0,0,D,2020-12-19,"She gave practice problems and Labs each week. For PPs need to solve 3 question from her workbook or wherever you find them, very easy. Labs are harder because you need to do actual coding, but if you study the material it's easy. Two midterms, one final. PPs worth 44 points in total, Labs 16, midterms 10 each and final 20. Exams are so ambiguous.","Graded by few things, Clear grading criteria"
48,CISC3130 - Brooklyn College,CISC3130,1.0,2.0,0,A,2020-12-19,"This class is an easy A but you will come out learning nothing. She didn't give a single lecture, she gave some crappy slides to read which are absolutely useless. You'll need to hours of self-learning. She gives difficult coding projects, especially because you're never taught how to apply the concepts. If you want to learn, don't take her.","Lots of homework, Get ready to read, Clear grading criteria"
48,CISC3130 - Brooklyn College,CISC3130,4.0,2.0,1,C,2020-12-25,"She may have been tough as a teacher in the past, I actually liked taking her class this past semester. She was available at all times. Very punctual with deadlines, so homework and Labs better be done and submitted according to the dates given. With that being said, she is a nice teacher, her exams were reasonable and also curved in the end.","Respected, EXTRA CREDIT"
48,CISC3130 - Brooklyn College,CISC3130,2.0,4.0,0,C,2022-01-12,"She seems to know a lot about the field, and is polite. The huge downside to her teaching style is the lack of actual teaching. She only does the bare minimum when it comes to lectures. There is a lack of organization in this course, partially due to the vague guidelines. Did not learn much. Great if you want to pay money to teach yourself.","Get ready to read, Test heavy"
48,CISC3130 - Brooklyn College,CISC3130,1.0,5.0,-1,Drop/Withdrawal,2022-12-16,"This is a documentation class, not coding class. Chuang assume you know everything, does not introduce or explain concepts, expects you to figure out how to make full stack site in a short time frame without teaching the htm js css or anything. Actual webdev is very brief at end of sem, if dont have prior knowledge, GL, Exam are trick questions.",Get ready to read
48,CISC3130 - Brooklyn College,CISC3130,2.0,5.0,-1,A,2024-12-16,It's either this professor or another one who doesn't like anything new. Katherine's exams are still tricky and you have to do a lot of self-studying for every single thing since she's always vague as to what will be on the exams. The entire class does bad. The only good thing is that she kind of listens to feedback,Get ready to read
49,EK307 - Boston University,EK307,5.0,2.0,-1,,2010-01-13,"One of the best professors I've ever seen. The class is not easy, but Horenstein definitely knows how to &quot;maneuver&quot; so it would not be that tough. I enjoyed having him as a professor!",
49,EK307 - Boston University,EK307,3.0,4.0,-1,,2010-01-16,Gave half the class a D or F. He makes it seem like everyone will do well & then all of a sudden you get your final grade and it's a whole letter grade lower than expected. Makes you feel stupid in class. AlWAYS late to office hours which is at 8AM. Very haughty & prideful. Can be funny at times but that's basically it. Not recommended whatsoever.,
49,EK307 - Boston University,EK307,5.0,3.0,-1,,2010-02-17,"I loved this class and loved his teaching style (and his daily dose of entertainment). Anyone who at the very least pays attention in lecture (I never read the book, studied only my notes, and ended up with a B+) will gain a great conceptual understanding of the material. And yes, he gives the grade you DESERVE not a rank based on everyone else",
49,EK307 - Boston University,EK307,5.0,3.0,-1,,2011-11-10,"Horenstein is the absolute man. The guy gives a 10 minute break in his 2 hour lecture, and washes the chalkboards so his writing is crystal clear and neat. He's absolutely hysterical and makes Electric Circuit Theory feel like Psychology 101 (no offense...kinda). I love the guy and he is one of the most approachable professors at BU.",
49,EK307 - Boston University,EK307,3.0,3.0,-1,,2012-02-04,"The only perk of this class was the curve. He is very concerned with passing as many students as possible and caters to class consensus. Methods used are contrary to the book and are unhelpful in solving problems, especially on exams. I skipped the final and got a B+ for the course This is testament to the difficulty and generosity of the professor",
49,EK307 - Boston University,EK307,5.0,4.0,-1,,2015-11-15,Circuits is a tough class regardless of who you get. He is one of the funniest professors I've had at BU. Makes lectures entertaining with his life stories. He is also very helpful and genuinely cares about each and every student doing well in the class.,
49,EK307 - Boston University,EK307,5.0,3.0,-1,A,2015-12-13,His lectures are great--his assignments are fair but there were lots of errors in them this semester (the online format partly to blame--it wasn't that big of a deal).,
49,EK307 - Boston University,EK307,4.0,2.0,-1,,2015-12-15,"Horenstein  is the definition of LAD who loves making dad jokes in class. But seriously, great professor, wants his students to excel and always available to help. Made this tough class less stressful. Gives you extra credit for the most random facts (like the name of his sailboat). Overall great person.",
49,EK307 - Boston University,EK307,5.0,3.0,-1,A,2015-12-15,"Professor H. is a great guy and an extremely interesting lecturer. I would definitely recommend taking the class with him over any of the other circuits professors. However, be prepared to study for clarification on your own or in office hours (where he's extremely helpful). He's also incredibly adaptable to class feedback.",
49,EK307 - Boston University,EK307,5.0,4.0,1,,2017-11-06,"This man is good at teaching, he delivers concepts neatly and straightforward. It's still a hard class and you'll have to do problems outside of class yourself, but compared to the other profs, you won't get a better one for 307. He also takes out problems in the homework that are &quot;not practical&quot;, and gives shorter exams compared to other profs.","Gives good feedback, Respected, Skip class? You won't pass."
49,EK307 - Boston University,EK307,4.0,4.0,1,,2017-12-20,"The homework took longer and longer as the semester went on but out of all of the EK307 professors he's the best by far. Hard class, keep up with the material and do all of the homework!!","Skip class? You won't pass., LOTS OF HOMEWORK, Hilarious"
49,EK307 - Boston University,EK307,1.0,5.0,0,,2017-12-21,"Although you can bring a cheat sheet for your exams, the problems are really hard to solve. Even if I attend the class, the pace is so fast its hard to catch up... I took this professor because he had a high mark on this site... Big mistake... He's also a tough grader.","Tough Grader, Get ready to read, SO MANY PAPERS"
49,EK307 - Boston University,EK307,3.0,5.0,0,,2018-06-08,He will push you to your fullest potential,"Tough Grader, Respected, LOTS OF HOMEWORK"
50,CS1331 - Georgia Institute of Technology,CS1331,5.0,2.0,-1,,2014-04-01,Very knowledgeable and well prepared for every lecture. Always seems to be improving the course. If you pay attention to his lectures you will learn a lot. TAs are also generally very helpful.,
50,CS1331 - Georgia Institute of Technology,CS1331,5.0,3.0,-1,,2014-05-07,"He's an awesome teacher, with a great personality. His power points gave me life, however lecture can be really boring. The only thing I didn't like were the tests. It seemed like more of a manipulation of grades than an actual test sometimes. Enjoyed the class. Take him if you want to learn.",
50,CS1331 - Georgia Institute of Technology,CS1331,5.0,3.0,-1,A,2015-01-04,"Great professor.  He's both enthusiastic and helpful in his lectures.  Lectures are filled with relevant jokes and pop culture references to keep the material from becoming too dull.  The homework is interesting but sometimes challenging (for the later homeworks, give yourself at least 2 days if you want to get everything done).  Good professor10",
50,CS1331 - Georgia Institute of Technology,CS1331,5.0,2.0,-1,,2015-04-05,A cool professor. He gives some extra credits.,
50,CS1331 - Georgia Institute of Technology,CS1331,5.0,3.0,-1,,2015-04-30,"Simpkins probably had the toughest semester of his personal life while teaching this class and never let that show. I learned more in his class that I can ever fully appreciate. The tests were tricky, but if you went slow it was pretty much impossible not to do well. The timed labs were the hardest part, compile-often!",
50,CS1331 - Georgia Institute of Technology,CS1331,5.0,2.0,-1,A,2015-10-05,"Dr. Simpkins is great! He's really passionate and he offers the deep explanations that I crave to really understand the topics. In lecture, he doesn't just speak towards you, it's actually like a really big classroom where anybody can ask a question at any time. Very helpful if you ask for it. Easy if you already know some programming.",
50,CS1331 - Georgia Institute of Technology,CS1331,4.0,4.0,1,Not sure yet,2016-11-01,Would recommend,"Clear grading criteria, Caring, EXTRA CREDIT"
50,CS1331 - Georgia Institute of Technology,CS1331,4.0,3.0,1,,2016-12-06,"Simpkins is the easiest grader for CS1331 and a great guy. Class can be hard to follow at first if you do not have much knowledge of Java, so going to TA office hours can help a lot. Homework assignments can be long and difficult, but they are the same for all 1331 classes. Would recommend him as a professor if you are going to take this class.",LOTS OF HOMEWORK
50,CS1331 - Georgia Institute of Technology,CS1331,4.0,3.0,1,A+,2017-01-06,"Professor Simpkins is INCREDIBLY knowledgeable, and for this reason alone, anyone who has the chance to take his class should because he will teach you so much. He is inspirational, very wise, and highly motivating. The class is hard, but he offers extra credit and will curve tests when necessary (he often did). He is a truly caring guy; take him!","Skip class? You won't pass., Inspirational, EXTRA CREDIT"
50,CS1331 - Georgia Institute of Technology,CS1331,5.0,3.0,1,,2017-03-10,"This man is incredible. He was getting his PhD and teaching this class all at the same time which really shows his passion for his subject. Lectures are never dull as he always entertains with music, dad jokes, or witty phrases. Overall, a phenomenal teacher and a great guy.","Inspirational, Hilarious, Caring"
50,CS1331 - Georgia Institute of Technology,CS1331,4.0,3.0,1,A,2017-04-10,"Simpkins was great for 1331! the homework assignments are reasonably difficult but the TAs are awesome and he's always willing to talk at his office hours. He makes a point to show he cares about his students' well-being, not just how they perform in class. It helps to have exposure to the coding language beforehand (Java).","Respected, ACCESSIBLE OUTSIDE CLASS, Hilarious"
50,CS1331 - Georgia Institute of Technology,CS1331,1.0,5.0,0,B+,2017-04-27,"Taking Simpkins is a sure way of screwing your introduction to a computer science course. He doesn't really care about his students, lectures and tests never really match. Take a online course, that would be much better choice.",
50,CS1331 - Georgia Institute of Technology,CS1331,3.0,3.0,0,B,2017-05-25,"He assumes you know certain background information about Java coming in, so if you not a computer science major, make sure you do not fall behind early.  He is accessible and passionate, but the class moves quickly and focuses a lot on syntax as opposed to actual coding.","LOTS OF HOMEWORK, TEST HEAVY, LECTURE HEAVY"
50,CS1331 - Georgia Institute of Technology,CS1331,3.0,2.0,1,A,2017-08-11,"Simpkins definitely knows what he's talking about, he knows a lot about the subject. The class was fairly straightforward and he gave a lot of extra credit, but I felt like he tended to stray off topic often. His lectures were also confusing at times, but if you go through his material and do the homework, you should be fine.","Hilarious, EXTRA CREDIT"
50,CS1331 - Georgia Institute of Technology,CS1331,5.0,2.0,1,,2017-10-30,"Lectures are great, Dr. Simpkins has a great personality and is fun to listen to. Homework assignments may be difficult if you are not familiar with Java already, but all HWs and some tests have extra credit to catch you if you stumble.","Clear grading criteria, EXTRA CREDIT"
50,CS1331 - Georgia Institute of Technology,CS1331,4.0,3.0,1,A,2017-11-28,"He obviously knows what he's talking about, and if you worked in Java before the class is fairly simple. For those new to it, it might be harder since not everything is described in much detail as the tests are. Ample extra credit on the homeworks even though they take a while to get graded.","Participation matters, LOTS OF HOMEWORK, Tests? Not many"
50,CS1331 - Georgia Institute of Technology,CS1331,2.0,4.0,0,,2017-11-29,"Showed up late constantly, really difficult homework that did not line up with lectures, tests much harder than anything reviewed in class. overall would not recommend unless you know java well beforehand",Tests are tough
50,CS1331 - Georgia Institute of Technology,CS1331,1.0,3.0,0,B,2017-12-17,"I feel like Fall 2017 was a weird semester in Simpkin's 1331 class. The homeworks, especially hw 1, were difficult, lectures were all over the place, he was always late to class, and took forever to reply to emails. Lecture content didnt really show up on exams. Final exam wasn't too bad. Was looking forward to him but was really disappointed.","LOTS OF HOMEWORK, Tests are tough"
50,CS1331 - Georgia Institute of Technology,CS1331,4.0,3.0,1,A+,2017-12-18,"Dr. Simpkins is really enthusiastic, and I really liked his class. Even though there were some issues with homework (the first homework was unexpectedly difficult and took 3 months to be graded), Dr. Simpkins made things right (he cares about his students). The tests weren't all that difficult, and the homework had lots of extra credit available.","Respected, Inspirational, Caring"
50,CS1331 - Georgia Institute of Technology,CS1331,1.0,2.0,0,A+,2017-12-28,"Entertaining but ineffective. Regularly cancelled/late to class, very unclear about homework, did not grade things on time, often got behind, did not cover test material. We got our first homework back 3 hours before the drop date, HW1 came back after course ended. Tests and final are similar to practice tests provided, study the slides to do well.",
50,CS1331 - Georgia Institute of Technology,CS1331,5.0,3.0,1,A,2017-12-29,"Great, engaging lectures, never boring. Homework and tests were fair and representative of the material we had to learn during the class.","Amazing lectures, EXTRA CREDIT"
50,CS1331 - Georgia Institute of Technology,CS1331,3.0,4.0,1,A+,2017-12-29,"If you paid attention in lecture (if you already know Java, still pay attention.), you'll be set. His tests test little things (previous exams (he always makes them available) are *KEY*), so reading is fundamental. He'll prepare you pretty well for the real CS world, especially since the tangents he goes on deal with real world situations.","Tough Grader, LOTS OF HOMEWORK"
50,CS1331 - Georgia Institute of Technology,CS1331,5.0,2.0,1,A+,2017-12-30,"Amazing professor, loves computer science. Pretty available outside of class, but when he's not there's always a TA available. Tests are filled with tricky questions so know the specifics.","Respected, ACCESSIBLE OUTSIDE CLASS, Clear grading criteria"
50,CS1331 - Georgia Institute of Technology,CS1331,5.0,2.0,1,A+,2018-01-31,I enjoyed the class. He was very knowledgeable about the subject and lectures were interesting,"Clear grading criteria, Amazing lectures, EXTRA CREDIT"
50,CS1331 - Georgia Institute of Technology,CS1331,5.0,3.0,1,,2018-02-16,Amazing lectures,"LOTS OF HOMEWORK, Inspirational, TEST HEAVY"
50,CS1331 - Georgia Institute of Technology,CS1331,5.0,3.0,1,A,2018-02-26,"Would definitely recommend Simpkins. He's very knowledgeable about Java/OOP and keeps class interesting with relevant real world anecdotes to concepts we're working on. Would take him again if I could. As a warning, the class doesn't slow down, so don't blow off the first weeks to learn Java later.","Respected, Inspirational, Caring"
50,CS1331 - Georgia Institute of Technology,CS1331,3.0,3.0,0,,2018-03-08,"Simpkins' lectures are disorganized. It seems like he strives more to make cultural references than to actually teach. His examples are confusing, and his tests are full of trick questions. He also gives a lot of pop quizzes to force attendance.","LOTS OF HOMEWORK, BEWARE OF POP QUIZZES"
50,CS1331 - Georgia Institute of Technology,CS1331,5.0,4.0,1,B,2018-04-24,"Simpkins is a great professor. He's very knowledgable about Java and I love that he tries to make learning fun. He splits the screen in lecture so one half are lecture slides and the other half is an example code. On top of being a good lecturer, he's also very dad-like and is a funny man.","Inspirational, BEWARE OF POP QUIZZES, Hilarious"
50,CS1331 - Georgia Institute of Technology,CS1331,5.0,2.0,1,A,2018-05-09,"He's a great man, take his class","Respected, Inspirational, Amazing lectures"
50,CS1331 - Georgia Institute of Technology,CS1331,2.0,3.0,0,C+,2018-05-09,"Lectures were horrible. Lectures were purely looking at prewritten code already. Lots of pop quizzes with half dropped. Also, please actually learn how to release homework and quiz grades before the course ending. Extra credit was given, but hardly any grades were released before it, so I opted to not do it until I received a low grade.","LOTS OF HOMEWORK, BEWARE OF POP QUIZZES, Hilarious"
50,CS1331 - Georgia Institute of Technology,CS1331,3.0,4.0,0,B,2018-05-10,"The ones who've known Java beforehand love Simpkins. Everyone else either is indifferent or dislikes him. I am 'Everyone else'. His lectures were confusing and useless. However, I did like his tests and final. If you spend time studying the slides and old tests, you'll do fine. Take advantage of helpdesk to do well on test, hw &amp; extra credit","BEWARE OF POP QUIZZES, TEST HEAVY, EXTRA CREDIT"
50,CS1331 - Georgia Institute of Technology,CS1331,2.0,2.0,0,A,2018-06-07,"Simpkins knows his stuff, but he doesn't put much effort into being concise or easily understood. This class is structured in a pretty disorganized way. I stopped going to lecture because it felt like such a waste of time, except for when there were quizzes. I pulled a pretty high A, but no thanks to Simpkins' teaching abilities at all.","BEWARE OF POP QUIZZES, TEST HEAVY, EXTRA CREDIT"
50,CS1331 - Georgia Institute of Technology,CS1331,3.0,2.0,1,A+,2018-06-09,"Decent lecturer... when he stays on topic. Has been known to rant for 10-15 minutes about things such as why Windows is bad for technical work. I took CS 1331 with him the semester of the chess homework; ignoring that, the class wasn't that difficult or work-intensive. Practice exams are also very representative of the actual ones.",
50,CS1331 - Georgia Institute of Technology,CS1331,3.0,3.0,0,A,2018-08-12,An ok lecturer but I often found myself getting bored. There are pop quizzes but he drops half of them. Homework is fair - not easy but not impossible to do. Tests were in similar format of previous ones but it helps to study concepts on your own. There was a good amount of extra cred and the final was extremely easy (35 multiple choice),"BEWARE OF POP QUIZZES, EXTRA CREDIT"
50,CS1331 - Georgia Institute of Technology,CS1331,5.0,1.0,1,A+,2018-08-15,He's the best CS prof I've ever had. Take him!!!!!!!,"Hilarious, Amazing lectures, Caring"
50,CS1331 - Georgia Institute of Technology,CS1331,5.0,1.0,1,A+,2018-08-15,"I loved 1331 with Simpkins. I knew Java going in, so it was pretty easy for me, but there was people who came only knowing MatLab or Python that struggled for the first month. Simpkins' lectures are actually very interesting and he makes all of his materials available to study with. Would highly highly highly recommend!","Respected, Amazing lectures, Caring"
50,CS1331 - Georgia Institute of Technology,CS1331,5.0,3.0,1,,2018-10-25,"I came in knowing a bit of Java, so his class was a bit easier to me than it might have been to others. However, he explains new concepts very well by building on ideas that we've been working on the whole semester. His tests are pretty easy, the homework is alright, and he'll drop small jokes throughout class just to keep it interesting.","Respected, Clear grading criteria, Hilarious"
50,CS1331 - Georgia Institute of Technology,CS1331,3.0,4.0,0,,2018-12-08,"He seemed great at first but as the semester went on I realized he's not that great of a professor. He's funny but intimidating, he makes the homework hard for no reason and will lie about what is on the test.",Hilarious
50,CS1331 - Georgia Institute of Technology,CS1331,2.0,4.0,0,,2018-12-11,"Simpkins has a nice sense of humor. He (and his TAs) are accessible during office hours. However, his class is NOT beginner friendly. His lectures are disorganized and full of jargon. If you have not taken CS 1301, APCS, or any Java course, Simpkins is NOT the one to take. Homework is unnecessarily complicated and not relevant or helpful for tests.","LOTS OF HOMEWORK, ACCESSIBLE OUTSIDE CLASS, Hilarious"
50,CS1331 - Georgia Institute of Technology,CS1331,4.0,3.0,1,,2018-12-13,He is a great lecturer and likes his topic. He takes feedback very well. His tests are very weird and not at all like other material from class. His questions are worded very weirdly and specific. The material isn't too hard though and the practice tests are sufficient,"Tough Grader, Hilarious, TEST HEAVY"
50,CS1331 - Georgia Institute of Technology,CS1331,1.0,4.0,0,A,2018-12-18,Clearly thinks he's gods child and the only way he demonstrates care for students is jokes during class. Lecutres are scattered and mediocre at best. Once a TA taught a class and students actually got up and asked him stay instead of simpkins. The undergrad junior was a better teacher by a large margin. Rude during office hours and emails. Pompous.,"Skip class? You won't pass., TEST HEAVY, EXTRA CREDIT"
50,CS1331 - Georgia Institute of Technology,CS1331,2.0,4.0,0,B-,2018-12-18,"Your grade is 80% exams; the the rest is homework. Wording of homeworks and rubrics (if you get one) is unclear. You do not get an autograder. Tests aren't written to be hard, but the professor does not allow you to get any clarifications on questions during the exam. I felt like he didn't care about his students.","LOTS OF HOMEWORK, GRADED BY FEW THINGS"
50,CS1331 - Georgia Institute of Technology,CS1331,5.0,2.0,1,,2019-01-10,Dr. Simpkins has very clear lectures with well laid out expectations.,"Gives good feedback, LOTS OF HOMEWORK, Clear grading criteria"
50,CS1331 - Georgia Institute of Technology,CS1331,5.0,2.0,1,A+,2019-01-10,"Simpkins is absolutely great! Lectures make sure you see things on a practical level. Homeworks took very little time compared to the harder CS courses. He teaches CS, not mindless coding! Only freshmen who've never taken a technical major course before complain. Don't listen to people complaining about technical language in a technical course.","Respected, Hilarious, Amazing lectures"
50,CS1331 - Georgia Institute of Technology,CS1331,5.0,3.0,1,A,2019-04-23,"He cares about his students, and is accessible for extra help. He also has god level dad jokes. I believe he is one of the best professors at Georgia Tech for CS, as his class are fairly structured and lectures are fun to attend.","Inspirational, Clear grading criteria, Hilarious"
50,CS1331 - Georgia Institute of Technology,CS1331,4.0,2.0,1,A,2021-01-30,"Simpkins is a hilarious lecturer with a lot of practical advice; although he can sometimes veer quite off-topic and then skip over stuff, I enjoyed taking him. Tests can be quite nitpicky (esp. about syntax), but that's 1331 in general.","Test heavy, Hilarious, Amazing lectures"
50,CS1331 - Georgia Institute of Technology,CS1331,5.0,3.0,1,A,2023-03-25,He is a very funny professor who makes computer science interesting which is important for an introductory course. Tests are nitpicky with syntax but that's common for all professors of 1331 and is important to learn computing fundamentals well.,"Hilarious, Respected"
51,CS200 - University of Wisconsin-Madison,CS200,5.0,3.0,1,A-,2019-05-07,Really cares that you understand the material and is obviously passionate about teaching. CS200 is hard but he is a great resource when you need help.,"Gives good feedback, Accessible outside class, Hilarious"
51,CS200 - University of Wisconsin-Madison,CS200,4.0,4.0,1,,2019-07-04,"He is hilarious but makes you work really, really hard. Would take a class with him again.","Lots of homework, Skip class? You won't pass., Amazing lectures"
51,CS200 - University of Wisconsin-Madison,CS200,5.0,4.0,1,,2019-07-09,"He is incredibly helpful and really, literally is very open to students just dropping by his office. Very passionate about teaching and he is hilarious(ish).","Lots of homework, Accessible outside class, Hilarious"
51,CS200 - University of Wisconsin-Madison,CS200,5.0,4.0,1,,2019-07-12,Sam really cares about us learning the content as opposed to testing us about it. His office hours are super helpful and he's very willing to help with the tough programming assignments. His feedback is also very helpful and he responds super quickly to questions. I'd definitely take another class with him!,"Lots of homework, Accessible outside class, Hilarious"
51,CS200 - University of Wisconsin-Madison,CS200,4.0,5.0,1,,2019-07-20,"He is good, cares about students, but I just feel that after a point he literally stopped answering my questions, much less addressing them. He is a solid choice though, and would recommend him.","Lots of homework, Graded by few things"
51,CS200 - University of Wisconsin-Madison,CS200,5.0,5.0,1,,2019-07-26,"He is really passionate about teaching, he really cares that you understand and really, really wants you to learn by thinking independently. Don't expect him to spoon feed you (this sucks sometimes) but it really develops your thinking. His assignments are time consuming, but he is always willing to point you in the right direction.","Graded by few things, Hilarious"
52,CSE307 - Stony Brook University,CSE307,5.0,3.0,-1,,2013-03-24,"Since my first class with Professor Fodor, his dedication to his students and their understanding of the material was apparent in his attitude and teaching style. Even as a faculty member occupied with his own research and projects, he makes time for the concerns of his students. I highly recommend him as a professor and adviser to all.",
52,CSE307 - Stony Brook University,CSE307,4.0,3.0,-1,,2013-05-23,"Really nice professor, but loves to make very difficult tests. The averages of the midterms were 39 and 57. This actually makes it a little easier though because he tries not to fail people and says he curves on a B. Try to do all of the homework though, even the extra credit. I think he curved in the EC HW which is I think why I got below average.",
52,CSE307 - Stony Brook University,CSE307,5.0,1.0,-1,,2013-10-22,"The professor always gives clear examples to demonstrate what he's teaching, and he is also very helpful, both in and outside of class.",
52,CSE307 - Stony Brook University,CSE307,5.0,2.0,-1,,2013-11-23,"Paul is one the best and hardest working professors at SBU hands down! His classes are always well organized and focused on the important topics. He has a reputation of giving ""hard"" exams, but most the problems are taken straight from the assignments and quizzes. He also will handle grading questions while many professors defer to their TA.",
52,CSE307 - Stony Brook University,CSE307,5.0,3.0,1,A-,2016-06-08,"Excellent professor! Took CSE 307 with him. This course is a bit challengeable, but really love it and have gained much knowledge. His lectures were clear to be understood with many details. He was really nice to extend some deadline of HW. He respected students and was willing to answer any questions. I recommend you to take any courses with him.",
52,CSE307 - Stony Brook University,CSE307,5.0,3.0,1,,2016-08-18,"Excellent professor! He respects student, and cares about them.  The best professor I had.  His lecture is organized, clear. Everything is in the slides you do not need a textbook. He is willing to help and is always there for you. He wants his students to learn and do well.  Take all of his classes.","Respected, Skip class? You won't pass., ACCESSIBLE OUTSIDE CLASS"
52,CSE307 - Stony Brook University,CSE307,5.0,3.0,1,,2016-08-18,"professor Fodor is a very patient professor, he will explain things to you till you really understand it . cse307 is hard, go to his office hours.  His lecture and slides are clear, informative and organized.  He is caring, and highly respected by the students. He gives extensions for homework, he wants everyone to do well in the exam.","Respected, Participation matters, ACCESSIBLE OUTSIDE CLASS"
52,CSE307 - Stony Brook University,CSE307,5.0,3.0,1,,2016-10-02,Great professor at Stony Brook. Well-organized lectures. Get help from office hours and after class.,"Respected, Inspirational, Clear grading criteria"
52,CSE307 - Stony Brook University,CSE307,5.0,3.0,1,A,2016-12-16,"He is  a good professor indeed. He has ""quizzes"", but it is just a review material for the lecture with no grade associated. His parser homework give me a deeper understanding about the parsing aspect of compiler.","Respected, Hilarious, Caring"
52,CSE307 - Stony Brook University,CSE307,5.0,3.0,1,A-,2016-12-24,"He is a very warm-hearted professor. I have to say that Professor Paul is one of my favorite professors at SBU. He is always there for you when you have questions and problems. Participate and do your work, trust me that you will get a good grade.","Gives good feedback, Respected, ACCESSIBLE OUTSIDE CLASS"
52,CSE307 - Stony Brook University,CSE307,5.0,3.0,1,,2016-12-30,One of the greatest and most caring professor in Stony Brook University! He's taught me so much about the world of Computer Science and I would recommend to take as many classes as you can with him. He is very fair in his workload and does a great job in going over the materials with his classes.,"Respected, Caring"
52,CSE307 - Stony Brook University,CSE307,5.0,5.0,1,A,2017-01-01,Great professor. Students love him. Funny.,
52,CSE307 - Stony Brook University,CSE307,5.0,3.0,1,A-,2017-01-02,Amazing Professor! Professor Fodor's lectures are interesting but in depth. He is also very helpful during office hours if you need help with material or assignments. Highly recommend taking at least one course with him.,"Gives good feedback, ACCESSIBLE OUTSIDE CLASS"
52,CSE307 - Stony Brook University,CSE307,5.0,3.0,1,A,2017-02-09,Very nice Professor,"Respected, Hilarious, EXTRA CREDIT"
52,CSE307 - Stony Brook University,CSE307,5.0,3.0,1,A,2017-04-21,"Prof. Fodor explains material clearly and effectively. He makes 307 a very interesting class, which is great especially because the material is pretty useful. He cares a lot about his students and is always willing to help you understand the material. I wish I got the chance to take more classes with him, and I highly recommend him to everyone.","Gives good feedback, ACCESSIBLE OUTSIDE CLASS, Caring"
52,CSE307 - Stony Brook University,CSE307,5.0,3.0,1,A,2017-05-06,Prof. Fodor is one of the best prof in the CS department. He is patient is knows his things. Homework assignments are little bit challenging but doable. Learned a lot things. I took it with 320 and 303 in one semester I worked out fine. It is good to take with 303 together or after 303.,"Gives good feedback, Respected, Amazing lectures"
52,CSE307 - Stony Brook University,CSE307,4.0,4.0,1,B,2017-05-08,His 307 class is very interesting and definitely a good choice if you need an elective to choose. He lectures off of his presentation slides which are available online. The exams are very challenging so make sure you study/practice beforehand. His office hours are great and highly recommended. Good class and good prof who cares about his students.,"Gives good feedback, BEWARE OF POP QUIZZES, TEST HEAVY"
52,CSE307 - Stony Brook University,CSE307,5.0,4.0,1,,2017-05-15,Very nice professor and a well liked person. His lectures are clear and relevant. The assignments as well relate to the class and interesting. Fodor does what he can to accommodate his students for the assignments and to understand the material.,"Gives good feedback, Respected, Caring"
52,CSE307 - Stony Brook University,CSE307,5.0,4.0,1,A,2017-05-24,"Paul Fodor is amazing. He knows what he's doing and you'll learn a lot from him. His exams are hard and is very much like hackerank type of questions, except with the language he specifies you have to use.","Tough Grader, Participation matters, EXTRA CREDIT"
52,CSE307 - Stony Brook University,CSE307,5.0,3.0,1,A-,2017-08-30,He is the professor who wants you to learn and is always willing to help you with it. Our assignment was a continuous series and your new assignment is based on earlier works. His version of the previous assignment was so helpful that I can get rid of my messy work and work out the last homework. He uploaded it when I went to his office hour,"Respected, Inspirational, Clear grading criteria"
52,CSE307 - Stony Brook University,CSE307,5.0,3.0,1,A,2017-09-19,"Prof. Fodor was a very charismatic professor in both CSE 307, and CSE 312, and presented the concepts with a lucidity I have only encountered with two other professors here at Stony Brook. He's always very generous with his time and help, and is the only professor I have ever met that knows nearly all of his students' names, even in a &gt;100 student","Inspirational, ACCESSIBLE OUTSIDE CLASS, Amazing lectures"
52,CSE307 - Stony Brook University,CSE307,5.0,3.0,1,A,2017-10-02,"Prof. fodor is definitely one of the best professor in Stony Brook. His lecture is inspirational and easy to follow up and his assignment is very reasonable and helpful to improve programming skill. And during office hours, he is a very patient professor who will answer students' questions very clearly. I learnt a great deal on his cse 307.","Respected, Participation matters, Caring"
52,CSE307 - Stony Brook University,CSE307,5.0,3.0,1,,2017-11-11,"Professor Fodor is absolutely one of the greatest professors I've had at SBU. Cares that his students do well and understand the material, and is willing to extend assignments if it means students will actually learn more about the material given the extra time. His office hours are also a godsend, but they can get busy, so show up early!","Respected, Amazing lectures, Caring"
52,CSE307 - Stony Brook University,CSE307,5.0,3.0,1,A-,2018-01-01,I had Professor Fodor as my professor for both CSE114 and CSE307. He works hard to make sure concept covered in class are clear to all students and grades hws and tests in very reasonable manner. One of the best professor in Stony Brook CS department.,"Gives good feedback, ACCESSIBLE OUTSIDE CLASS, Would take again"
52,CSE307 - Stony Brook University,CSE307,5.0,4.0,1,A,2018-01-14,"Prof Fodor is one of the nicest professors I've taken class with in Stony Brook. His lectures are useful and inspiring. As long as you go to his class and do the homework, you should be fine. Great experience!","TEST HEAVY, Amazing lectures, EXTRA CREDIT"
52,CSE307 - Stony Brook University,CSE307,5.0,3.0,1,B+,2018-02-06,"One of the best professors at Stony. The homeworks were challenging but he made sure to cover all the material needed for the homeworks in class and in the slides. His exams are very fair, he tells you what to expect, and no trick questions. His lectures aren't dry and you can tell he cares for his students.","Respected, Amazing lectures, Caring"
52,CSE307 - Stony Brook University,CSE307,5.0,3.0,1,A,2018-03-14,"You'll learn a lot in his CSE 307 course - there are some languages that are definitely useful later on, but aren't really used in other classes, and you'll get a head start with them here. The last part of the class focuses on a project where you build your own interpreter, which is both interesting and useful in understanding how languages work.","ACCESSIBLE OUTSIDE CLASS, Clear grading criteria, Amazing lectures"
52,CSE307 - Stony Brook University,CSE307,5.0,5.0,1,A-,2018-03-25,"I'm taking CSE307 with Prof. Fodor in spring 2018 semester, and I found that he is a very talented lecturer and helpful professor. He is well prepared for the lectures and he can go through the material fully and quickly with detailed examples corresponding to every critical knowledge point. I suggest everyone to take at least one of his courses.","Respected, Inspirational, Amazing lectures"
52,CSE307 - Stony Brook University,CSE307,5.0,3.0,1,,2018-05-07,I thought that Professor Fodor was a great professor; both in terms of explaining lecture material as well as overall availability.,"Tough Grader, Respected, BEWARE OF POP QUIZZES"
52,CSE307 - Stony Brook University,CSE307,3.0,3.0,0,,2018-05-14,"Well, the slides are way too much and full of words in it, and the professor just rushes through it by reading all of them. I feel like being asked to learn lots of things, but actually didn't learn anything in depth. Probably many students love this course, but I don't find usefulness in the knowledge we learned from this course.",Participation matters
52,CSE307 - Stony Brook University,CSE307,5.0,4.0,1,A,2018-05-22,Paul Fodor wants to help his students understand the materials and the course is thoroughly designed to do so. He does an excellent job of lecturing the material and very helpful in office hours. The homework reinforces that lecture material. The material is not easy but doable with effort and atendence. He is one of Stony Brook's best professors.,"Respected, Amazing lectures, Caring"
52,CSE307 - Stony Brook University,CSE307,5.0,3.0,1,A-,2018-05-31,I took CSE 307 with him in Spring 2018. He is really nice and always gave us enough time of homework. His slideshow is very clearly and always be patient in office hour,"Tough Grader, Gives good feedback"
52,CSE307 - Stony Brook University,CSE307,5.0,4.0,1,,2018-07-10,"Professor Fodor is really an awesome teacher, one of the best CS professors around! This class really requires a lot of time and practice. He gives you all the materials you'd need to succeed, just pay attention during his quizzes and don't rush the homework. His line for office hours are usually long so make sure you get there early!","Gives good feedback, Respected, ACCESSIBLE OUTSIDE CLASS"
52,CSE307 - Stony Brook University,CSE307,5.0,3.0,1,,2018-09-04,"Professor Foder is very responsible and very helpful to his students. His course is well controlled for every detail. He has a very good reputation among the students because he will think the way from the perspective of the student, give the student absolute trust, and hope his students can learn from his course. I really enjoy his class.","Gives good feedback, Respected, ACCESSIBLE OUTSIDE CLASS"
52,CSE307 - Stony Brook University,CSE307,5.0,3.0,1,A-,2018-11-07,"The course was very well organized. We built a compiler for Java in Python, which I was able to add as a completed project to my GitHub. All lectures were online. Fodor cleared up a lot of my confusion and made functional programming simple and clear.","Gives good feedback, Respected, Amazing lectures"
52,CSE307 - Stony Brook University,CSE307,5.0,3.0,1,A,2018-11-23,"Professor Fodor is an excellent professor. I took CSE 307 with him and he was very helpful and responsible. He listened to students a lot and loved to change based on students demand. Besides, he is patient and helpful in his office hour. There is a daily &quot;quiz&quot; in class but it doesn't count into your grade and turns out to be extremely useful.","Amazing lectures, Caring"
52,CSE307 - Stony Brook University,CSE307,5.0,3.0,1,B+,2018-12-05,"Good professor, don't skip the course and DO YOUR HOMEWORK you would be fine.",Respected
52,CSE307 - Stony Brook University,CSE307,5.0,3.0,1,,2018-12-19,"He is easily accessible outside of class and responds promptly to emails; it's obvious that he cares about the students. In addition, he has a very thorough understanding of the material he teaches. I found the class project, implementing a Java compiler in Python, very interesting.","Respected, ACCESSIBLE OUTSIDE CLASS, Clear grading criteria"
52,CSE307 - Stony Brook University,CSE307,5.0,3.0,1,,2019-03-25,Professor Fodor is one of the best instructors I've ever had. He is very passionate about teaching and does and excellent job. I've had him for several classes already and he has done a great job for all of them.,"Gives good feedback, Respected, Caring"
52,CSE307 - Stony Brook University,CSE307,4.0,4.0,1,B+,2019-07-22,He gives interesting lectures. really helpful.,"Gives good feedback, Respected, Inspirational"
52,CSE307 - Stony Brook University,CSE307,5.0,3.0,1,A,2019-09-05,Prof. Fodor is the best professor in SBU!,"Gives good feedback, Respected"
52,CSE307 - Stony Brook University,CSE307,5.0,3.0,1,A,2019-11-29,"Prof. Fodor is super good. Attending his lecture is a true joy, and I am pretty sure 95%+ people will enjoy his lecture with clear explanation and practical examples.","Respected, Inspirational, Amazing lectures"
52,CSE307 - Stony Brook University,CSE307,5.0,3.0,1,A,2019-12-06,One of the best professors you will ever have in your undergraduate CS curriculumn at Stony Brook. Will look out for you and pretty much has open office hours.,"Respected, Accessible outside class, Amazing lectures"
52,CSE307 - Stony Brook University,CSE307,5.0,3.0,1,,2020-01-27,"His lectures is one of best I had in my college life, he understands the material very will and is able to explain it to the students. He is always very kind and patient in his office hour, and is always willing to help students with homework questions and course materials.","Accessible outside class, Inspirational, Amazing lectures"
52,CSE307 - Stony Brook University,CSE307,5.0,3.0,1,A-,2020-09-28,"Professor Fodor has excellent skills in teaching. I have taken two courses with him during my master, principle of programming language and computing in logic. He shows strong care and responsibilities to all the students in the class and he is very patient to answer any questions. He is also a hard working professor.",
52,CSE307 - Stony Brook University,CSE307,5.0,3.0,1,A-,2020-11-03,Professor Fodor is a great professor! I had the opportunity to take his CSE307 lecture and it was a fantastic learning experience. Highly recommend taking his courses; he is very understanding and flexible when it comes to deadlines.,"Respected, Inspirational, Caring"
52,CSE307 - Stony Brook University,CSE307,5.0,3.0,1,A,2020-12-06,"Professor Fodor is one of the best faculty I've acquainted with at Stony Brook University. When I was taking his course, he answered an extensive number of piazza questions so fast that initially, I thought the responses were automated(it wasn't!). He cares for his students and it really shows in his time spent writing detailed answers.","Gives good feedback, Respected, Accessible outside class"
52,CSE307 - Stony Brook University,CSE307,5.0,3.0,1,A,2020-12-07,"I've taken 4 of Fodor's classes, and all of them are consistent in expectation, lecture style, and quizzes. Attendance is primarily enforced through quizzes, which serve more as a &quot;let's make sure you understand what we went over&quot; rather than a &quot;Gotcha!&quot; Tests are fair and the professor emphasizes learning and understanding.","Inspirational, Amazing lectures, Caring"
53,COMP411 - University of North Carolina at Chapel Hill,COMP411,4.0,2.0,1,,2018-04-23,"As long you understand the material, the class isn't hard. Porter is a great professor and does care for his students. He said he wants us to improve over the semester and would curve our final grade. The coding assignments are pretty straightforward. The &quot;weekly&quot; quizzes were kinda hard and you needed to pay attention in class (or get lucky).","ACCESSIBLE OUTSIDE CLASS, Caring, LECTURE HEAVY"
53,COMP411 - University of North Carolina at Chapel Hill,COMP411,3.0,4.0,0,,2018-05-05,"Dr. Porter's lectures are okay, but he doesn't write his own slides and he gets confused( especially one time when explaining how a basic iterative divider could be implemented) sometimes when explaining problems in the slides. He's a nice enough guy and will answer questions but from people I've talked to in Montek's class Montek is better overall","Gives good feedback, LOTS OF HOMEWORK, ACCESSIBLE OUTSIDE CLASS"
53,COMP411 - University of North Carolina at Chapel Hill,COMP411,5.0,2.0,1,A,2018-05-24,Great Professor. Genuinely cares about his students,"Gives good feedback, Participation matters, ACCESSIBLE OUTSIDE CLASS"
53,COMP411 - University of North Carolina at Chapel Hill,COMP411,5.0,3.0,1,A,2018-11-05,"All of the material for the class was written by Montek, and so Porter could trip over slides he wasn't prepared for. That meant he would never prepare you for the weekly quizzes, also written by Montek, and so quiz grades were consistently around 50%. He cares more than any other Professor at UNC though. That's worth a lot. Labs were easy.","Amazing lectures, Caring"
53,COMP411 - University of North Carolina at Chapel Hill,COMP411,2.0,4.0,0,B-,2018-12-02,All my friends took the class with montek and got better grades. The class wasn't awful but I feel like I would've done better if I had taken it with montek.,"Tough Grader, LOTS OF HOMEWORK, LECTURE HEAVY"
53,COMP411 - University of North Carolina at Chapel Hill,COMP411,2.0,5.0,0,B-,2018-12-02,The best thing that I can say about this class is that it's over,"BEWARE OF POP QUIZZES, TEST HEAVY, LECTURE HEAVY"
53,COMP411 - University of North Carolina at Chapel Hill,COMP411,2.0,4.0,0,,2018-12-02,"Porter was not an awful teacher, but there were many times where he would just stare at the Powerpoints trying to figure out what was going on. There were several times where students had to explain the material to him, so maybe take the class with Montek since I've heard that he normally teaches the course.",Tough Grader
53,COMP411 - University of North Carolina at Chapel Hill,COMP411,1.0,5.0,0,,2018-12-02,"Definitely take this class with Montek, Porter does not seem to know anything about the topic, but he will make you feel bad about learning the material and made it really hard to enjoy any part of this class. I had to retake it and Montek has been such a joy. I currently have an A in Montek's which I feel like that says something about Porter.",Tough Grader
54,"CS64 - University of California, Santa Barbara",CS64,5.0,3.0,1,A-,2017-03-29,"The best professor I've had in my CS classes so far. Very clear lecturer and is always organized and prepared. Tests and assignments are fair and you will do well as long as you attend class and do the work. Very accessible outside of the classroom for additional help. Only negative is that lectures sometimes have typos, which can cause confusion.","Gives good feedback, ACCESSIBLE OUTSIDE CLASS, Hilarious"
54,"CS64 - University of California, Santa Barbara",CS64,4.0,3.0,0,,2018-03-23,"Professor Matni is good at making his lectures funny and easy to understand. His labs are a little hard but students can learn a lot from each labs. For this quarter, this class has NO homework, meaning the load of this course is relatively light! Exams are little challenging, but detailedly reviewing his slices is extremely useful!!!","Respected, Hilarious, LECTURE HEAVY"
54,"CS64 - University of California, Santa Barbara",CS64,4.0,5.0,1,B-,2019-01-08,"The final exam was the hardest exam I've taken in my entire life. That being said, Matni is a really great prof. He is intelligent, clear, and knows how to teach. He's definitely on the harder side in terms of profs, but its a fair trade-off because you will learn SO MUCH from him. The only prof I had this quarter who actually cared about his job.","Respected, Skip class? You won't pass., Clear grading criteria"
54,"CS64 - University of California, Santa Barbara",CS64,4.0,2.0,1,A,2019-09-13,"Very thorough in his lectures. Grading was fair, definitely not difficult but also not a total pushover. Matni was pretty understanding and down to earth as a person. He seems passionate about his job. He had a few pop quizzes, but they weren't particularly difficult.","Beware of pop quizzes, Amazing lectures, Caring"
54,"CS64 - University of California, Santa Barbara",CS64,1.0,1.0,0,,2020-11-09,He thinks making students fail due to not being careful enough interesting. Definitely avoid him,
54,"CS64 - University of California, Santa Barbara",CS64,1.0,2.0,0,,2020-11-09,"He tricks students... The quiz is not testing how you learnt, testing how prudence you are instead",
54,"CS64 - University of California, Santa Barbara",CS64,1.0,1.0,0,,2020-11-09,absolutely the worst professor. quiz and homework are easy but all about word games. he is like the worst elementary school teacher.,"Graded by few things, Tough grader"
54,"CS64 - University of California, Santa Barbara",CS64,1.0,1.0,0,,2020-11-10,Failed to set up autograder -  Constantly make mistake in slides -  Being mean on Piazza -  Trick students -  Worst professor -,Tough grader
54,"CS64 - University of California, Santa Barbara",CS64,1.0,3.0,0,Not sure yet,2020-11-11,"Overcompensates for the subject matter being easy by making his tests tricky or ambiguous and then grading strictly and subjectively. Answers questions condescendingly. Only redeeming quality is you will actually learn assembly, but avoid him if you can.",Tough grader
54,"CS64 - University of California, Santa Barbara",CS64,5.0,3.0,1,A,2020-11-12,"Great lecturer. The class may be tricky, but the materials were new and fun to me. Go to office hour to ask about hard problems; he'll go over with you.",Amazing lectures
54,"CS64 - University of California, Santa Barbara",CS64,1.0,2.0,0,,2020-12-07,He really does not how to teach. He builds up his non-senses that contradict the textbook.,
54,"CS64 - University of California, Santa Barbara",CS64,4.0,4.0,1,Not sure yet,2020-12-17,"This class is tough, and Dr. Matni's quizzes are very tricky and you will lose points if you're not paying enough attention to minute details. However, he is very energetic and gives extremely informative, fantastic lectures. I learned so much in this class that I can forgive the strict grading. His style won't work for everyone, but it did for me.","Lots of homework, Amazing lectures, Tough grader"
54,"CS64 - University of California, Santa Barbara",CS64,4.0,3.0,1,,2020-12-19,"Very likeable guy. His lectures were interesting. However, be very prudent when doing quizzes or exams since he is a harsh grader. The material is easy to learn, but he does require you to be very detail oriented and logical. If you aren't careful, you will lose points and there is really no leniency given. Otherwise, a straightforward course.",Tough grader
54,"CS64 - University of California, Santa Barbara",CS64,5.0,2.0,1,A,2020-12-19,"I've had him for both CS 16 and 64, and he is definitely one of my favorite professors at UCSB. His lectures are thorough. While he can be a tough grader, he was willing to provide extra time for the quizzes given the current circumstances. He offers very detailed explanations during office hours.","Respected, Caring, Tough grader"
54,"CS64 - University of California, Santa Barbara",CS64,4.0,4.0,1,A,2024-03-28,"Only gripe is you can tell if he thinks your question is stupid and that HW is graded harshly. Matni was really good at getting the content to go into our heads, and the HW helped in really cementing down that knowledge. Did not have to spend that much time on this class, but make sure to triple check your HWs","Tough grader, Amazing lectures, Hilarious"
54,"CS64 - University of California, Santa Barbara",CS64,5.0,3.0,1,A,2025-04-13,"Very organized class structure, clear grading criteria, very informational and engaging lectures. Also dropped a quiz for us. Can't really say anything bad","Participation matters, Amazing lectures, Clear grading criteria"
55,COSC175 - Towson University,COSC175,3.0,4.0,-1,,2002-04-15,No Comments,
55,COSC175 - Towson University,COSC175,4.0,3.0,-1,,2002-04-22,good teacher but pretty challenging,
55,COSC175 - Towson University,COSC175,1.0,5.0,-1,A,2002-06-02,Hard professor. Very impatient. Condescending!,
55,COSC175 - Towson University,COSC175,5.0,4.0,-1,,2002-10-31,Best COSC teacher I've had yet.  She rocks and shes hot,
55,COSC175 - Towson University,COSC175,2.0,4.0,-1,,2002-12-12,Very challenging teacher,
55,COSC175 - Towson University,COSC175,5.0,3.0,-1,,2003-02-03,great prof,
55,COSC175 - Towson University,COSC175,4.0,3.0,-1,,2003-04-30,Tough teacher.  Goes over info and talks very quickly.  Cheat sheet on tests.,
55,COSC175 - Towson University,COSC175,4.0,3.0,-1,,2003-05-06,"she's so nice, and she tries her best to explain everything.  its really much easier to understand the info when you do the labs, though.",
55,COSC175 - Towson University,COSC175,4.0,3.0,-1,,2003-05-23,She tries o prepare you for COSC 236. She has a rough personality but just keep asking questions because she wants you to understand.  Do the work and go to class.  The work will help you prepare for tests and attendance counts.,
55,COSC175 - Towson University,COSC175,5.0,3.0,-1,,2003-09-02,"Gave good notes, definitely prepared me for COSC236.",
55,COSC175 - Towson University,COSC175,4.0,2.0,-1,,2003-10-09,easy,
55,COSC175 - Towson University,COSC175,5.0,2.0,-1,,2003-11-16,"helpful, nice, cool",
55,COSC175 - Towson University,COSC175,4.0,3.0,-1,,2003-12-03,"Good teacher, knows her material, wants you to do well..  trying really hard to prepare you for cosc 236.  do your work and your homework and you should do good.  lets you use cheat sheets on the tests..",
55,COSC175 - Towson University,175,4.0,3.0,-1,,2003-12-10,"Good teacher, but you must attend every class to learn.  She doesn't teach much if anything out of the book.  Be careful though, she does contradict herself in lecture a lot and you pay the price if you don't catch it.",
55,COSC175 - Towson University,COSC175,4.0,3.0,-1,,2003-12-14,"She prepares you well for 236.  If you do well on the homeworks and labs, you should at least get a B.  She grades the labs a little tough, but she also cushions your grade later in the semester. she is attractive for her age!",
55,COSC175 - Towson University,COSC175,5.0,2.0,-1,,2003-12-18,Great teacher.Tough but fair.Highly recommend.,
55,COSC175 - Towson University,COSC175,2.0,4.0,-1,,2004-04-11,"Okay Teacher, but she's very intimidating.  Grades HW and Labs extremely hard.",
55,COSC175 - Towson University,COSC175,5.0,1.0,-1,,2004-04-22,Good professor. Helpful. Organized. Don't miss class!!,
55,COSC175 - Towson University,COSC175,4.0,3.0,-1,,2004-04-27,"Intimidating, but willing to help.  Frusterated when you don't understand immediately. Teaches well, everything is on blackboard.",
55,COSC175 - Towson University,COSC175,5.0,2.0,-1,,2004-04-30,great for cosc 175.  posts notes online and explains well in class.  homework isn't too hard if you keep up.  labs very easy.,
55,COSC175 - Towson University,COSC175,2.0,4.0,-1,,2004-05-17,"very tough teacher.  Grades homeworks and labs tough, more into rules and regs than helping you learn.  Teaches from powerpoint, and not very well.  Lots of independent study involved, if you take this class, be ready to teach yourself.",
55,COSC175 - Towson University,COSC175,5.0,4.0,-1,,2004-05-18,"I thought she was awesome. Organized, to the point. Wants to prepare you for cosc236 but doesn't overload you with work. I am definitely taking her for cosc236.",
55,COSC175 - Towson University,COSC175,5.0,4.0,-1,,2004-08-09,Wonderful teacher.  Not too easy but makes it very easy for you to understand.  She's very helpful and always willing to explain things over and over until you understand.,
55,COSC175 - Towson University,COSC175,3.0,1.0,-1,,2004-10-21,extremly easy course do not take if u know how to program waste of time. she likes it her way only dont be creative just do EXACTLY what she says and u will do well,
55,COSC175 - Towson University,COSC175,4.0,2.0,-1,,2004-11-07,8 oclock class wasnt all that bad once she got there. she puts forth all her effort to ensure you know how to do what she asks. cheat sheets on all tests and about one homework assignment a week. labs are informative and easy,
55,COSC175 - Towson University,COSC175,5.0,2.0,-1,,2004-11-29,Knows what shes talking about. Its hard not to do well. She lets you have a cheat sheet for exams. If you stay after class she will help you with all the questions on homework. Hard not to do well.,
55,COSC175 - Towson University,COSC175,3.0,1.0,-1,,2004-11-30,very easy class boring lectures information is posted all online. dont take if u know how to program or know anything about computers,
55,COSC175 - Towson University,COSC175,2.0,1.0,-1,,2004-12-08,this class made me re-think my major i got an A in it but horrible and cocky,
55,COSC175 - Towson University,COSC175,5.0,2.0,-1,,2004-12-09,"As a math major, I was so worried about this class, but it was great. She is great. Loved all the materials online. Also keeps all grades online. Highly recommend.",
55,COSC175 - Towson University,COSC175,5.0,2.0,-1,,2005-03-30,she knows exactly what she is talking about,
55,COSC175 - Towson University,COSC175,2.0,5.0,-1,,2005-05-11,"terrible teacher, the only thing i did good on was the labs, she is very unclear and just goes through her material she has written down and if you dont know it, your f**ked,,,,,dont take her, i busted my a**, studyed everynight and try all hw, but fail it all, cause she is no help, i pulled an D!!!",
55,COSC175 - Towson University,COSC175,5.0,2.0,-1,,2005-05-12,"Clear, organized, helpful. Not too hard, labs are fun.",
55,COSC175 - Towson University,COSC175,3.0,5.0,-1,,2005-09-11,She expects people with absolutely no experience to be able to write a program understand how it works and have that all on paper without errors and without using a computer to check it....her tests are ridiculous and so was the final.  I got lucky that I found someone else in the class to study with and ended up with a B.,
55,COSC175 - Towson University,COSC175,4.0,3.0,-1,,2005-12-02,"I think Prof. Taylor is a great teacher.  She's always willing to answer ur questions.  She will go over any homework questions the class before its do.  I didn't know anything about computers not to mention programming and I have an A in that class.  Just come to class, pay attention, ask questions and you'll be fine. The labs are so easy.",
55,COSC175 - Towson University,COSC175,5.0,1.0,-1,,2006-07-06,Very energetic and shows she loves and has a deep knowledge of her subject. Highly recommended,
55,COSC175 - Towson University,COSC175,4.0,1.0,-1,,2006-11-27,"Good teacher, helpful. If you know the material, you'll have no problem.",
55,COSC175 - Towson University,COSC175,5.0,2.0,-1,,2006-12-12,very easy class your grade depends mostly on your homework which is due each week. i would reccomend her to anyone shes very helpful and interesting obviously loves her job drops lots of points at the end of the semester!,
55,COSC175 - Towson University,COSC175,3.0,3.0,-1,,2007-04-03,"She goes pretty fast and is not good at answering questions. You need to be good at having to teach yourself sometimes. I didn't really like this class but I had to take it. I would have liked another teacher though. Do not buy the book, it is never used. Take good notes!",
55,COSC175 - Towson University,COSC175,5.0,2.0,-1,,2007-04-11,"Amazing teacher.  Reviews topics over and over; she wants you to understand and do well.  Easy to talk to and very understanding.  Homework is required, but not too hard.  If you are into computer science, it's a great class to start out with.  Definitely recommend her to anyone.",
55,COSC175 - Towson University,COSC175,5.0,2.0,-1,,2007-04-11,"I liked her style. Organized, enthusiastic, to the point. Homework is time-consuming but prepares you for the tests.",
55,COSC175 - Towson University,COSC175,5.0,1.0,-1,,2009-05-24,She is one of the best teachers I've had at Towson.  I had her at 8am and didn't mind becasue she was so energetic. The whole class did poorly on the second test so she retaught the material and let us retake the test.  I also didn't have to even take a final because my grade was so high. TAKE HER!!!,
55,COSC175 - Towson University,COSC175,5.0,2.0,-1,,2009-12-07,Go to class.  Take a lot of notes!!!!...esp when she is giving examples in class(she tends to use those on tests and quizzes from time to time).  Do not buy the book!  If you miss a class you will be behind. Pay attention!!! Excellent Professor!! Be sure to print out all lectures notes and exercises for class..it makes it easier to take side notes,
55,COSC175 - Towson University,COSC175,4.0,3.0,-1,,2010-01-12,She was okay !!!!! She talks alot and sometimes confuses herself!!! She goes fast  but you will learn she a good teacher .... Gives alot of homework makes you stay on your feet!!!1,
55,COSC175 - Towson University,COSC175,5.0,1.0,-1,,2010-01-17,"Very nice lady and good teacher, will help you with your questions and usually just show you how to do problems. A lot of homework but lab is CAKE! Make sure you go to class and you'll do fine. Tests were very easy if you paid attention. Lets you have a 2 page cheat sheet on everything!",
55,COSC175 - Towson University,COSC175,5.0,3.0,-1,,2010-04-22,The ppl who complain were. Either stupid or didn't do there work,
55,COSC175 - Towson University,COSC175,5.0,3.0,-1,,2011-12-06,"She makes the difficult concepts easy and really wants you to get the understanding down, gives a decent work load but all those points end up helping. One of the best tech teachers at this school.",
55,COSC175 - Towson University,COSC175,5.0,2.0,-1,,2011-12-14,"Amazing professor! This is a hard subject, but she does her best to make sure you understand and she will do anything to help you understand it. 1 test, 3 quizzes (one dropped), labs. Lots of practice available to make sure you understand. This class is definitely what you make it, but she is amazing!",
55,COSC175 - Towson University,COSC175,5.0,2.0,-1,,2011-12-21,One of the best teachers I've had in my life PERIOD. She makes the class very simple and you will definetly learn a lot.,
55,COSC175 - Towson University,COSC175,4.0,3.0,-1,,2012-01-25,"She's cool. I'm a CIS major and this was the hardest class I had my first semester of college. Hard as in it was just a lot of work, not too difficult really. There is work due every week. But she over prepares you for tests, which is a good thing, as I passed them all. Take her!",
55,COSC175 - Towson University,COSC175,5.0,2.0,-1,,2012-02-23,"She is excellent . Best professor, very knowledgeable , flexible,very helpful and has a very helpful TA.",
55,COSC175 - Towson University,COSC175,5.0,2.0,-1,,2012-02-29,Excellent professor and like her TA  very much,
55,COSC175 - Towson University,COSC175,5.0,3.0,-1,,2012-02-29,The best teacher I've had in my whole entire life. There is no one better to get you ready for programming. The material is at times consfusing if you've never had programming before but believe me she makes you understand the material until you're totally comfortable with. I can go on and on about how great she is.TAKE HER!!!,
55,COSC175 - Towson University,COSC175,4.0,2.0,-1,,2012-04-28,"She is a great teacher and is able to explain the principles of computer language and logic extremely well and clearly. If you want to start a COSC track with 175, definitely take her and be sure to take notes!",
55,COSC175 - Towson University,COSC175,5.0,1.0,-1,,2012-05-31,"She is not only a very good professor but also a very good person and an excellent supervisor . I am very lucky getting an opportunity to work with her. She is very energetic,knowledgeable, helpful and smart .",
55,COSC175 - Towson University,COSC175,3.0,5.0,-1,,2012-10-16,"i got D in this class... she is good teacher, but there is a lot of instructions u have to follow . u can bring a quiz sheet paper  which is not enough to write everything on it... i really dnt like the way she teach cuz she talks so fast lol. but if u follow everything and dont miss any class u will be fine. AGAIN DNT MISS ANY CLASS !!!",
55,COSC175 - Towson University,COSC175,5.0,1.0,-1,,2012-11-15,She is amazing. One of the best teachers I have ever had. Amazing person and teacher. Makes computer science completely clear and is so helpful. TAKE HER. Life changing class. She built an amazing foundation for me and my future in computer science. Praying i get the chance to take her again.,
55,COSC175 - Towson University,COSC175,5.0,2.0,-1,,2013-04-19,"Professor Taylor is amazing! For the test and quizzes you take, you can have a full page of notes to use for it. She drops your lowest quiz, but they really aren't bad at all. She is very helpful and one of the best teachers at Towson! (Textbook isn't mandatory & never even used it)",
55,COSC175 - Towson University,COSC175,5.0,2.0,-1,,2013-05-08,If you've never taken computer science before I reccommned this class with prof Taylor. She's entertaining and covers the material well and is actually concerned about how students are doing in her class. full page of notes for tests/quizzes too!,
55,COSC175 - Towson University,COSC175,5.0,1.0,-1,,2013-12-16,"Professor Taylor was the best teacher I've ever had. She explained concepts well and was very helpful. At times she became frustrated with our class, but she has helped me immensely in my Towson career. Befriend her if you can.",
55,COSC175 - Towson University,COSC175,2.0,5.0,-1,,2014-05-29,"She is very rude.  She teaches ""her way"" and is very different than other professors.  Her tests are very hard if you know little about Computer Science/Programming.  Goes through lectures very quickly, and if you don't learn one topic, you will struggle for the next topics.  Didn't like her at all.  Avoid taking her.",
55,COSC175 - Towson University,COS175,5.0,1.0,-1,A,2014-08-03,She was a great teacher I enjoy her class. It is best to attend every class and take active note it will help in a long run because you are allowed to have a cheat sheet on every quiz/test and exam. She was a joy to have as a teacher. Very easy to understand I never did not want to go to class,
55,COSC175 - Towson University,COSC175,5.0,3.0,-1,,2014-12-10,"She is a great teacher and explains everything, however, her tests are pretty hard.",
55,COSC175 - Towson University,COSC175,5.0,2.0,-1,,2014-12-16,"As a computer science major I found the course very useful. I knew little of C++ before my fall semester, I focused mainly on HTML prior to it. Despite this, the professor taught the course as if one was completely knew to coding, with focus on the C++ language. I thought her lectures were clear, understandable and she provided excellent visuals.",
55,COSC175 - Towson University,COSC175,4.0,2.0,-1,B+,2015-01-17,"Only thing I wasn't happy about was that she didn't give me an A for my 89%. I had some C++ knowledge before this class, but not required to know in order to pass. Tests are some what hard but you get a full page cheat sheet. Labs are simple. Final project was simple.",
55,COSC175 - Towson University,COSC175,5.0,3.0,-1,A,2015-05-07,I changed my major because of her. Very knowledgeable and her enthusiasm makes you want to learn.,
55,COSC175 - Towson University,COSC175,2.0,4.0,-1,,2015-05-12,She has certain way of teaching. She moves way too fast to keep up with her lectures. I had to keep going to tutoring to learn the material and do the homework. Homework is very long about 30 questions each. Tests has big C++ problems. As an IT major I would not recommend her.,
55,COSC175 - Towson University,COSC175,5.0,3.0,-1,A-,2015-05-13,Great professor. Lots of work but you really learn. Highly recommend.,
55,COSC175 - Towson University,COSC175,5.0,2.0,-1,A,2015-06-01,I love Dr. Taylor! I feel very prepared for the next course.,
55,COSC175 - Towson University,COSC175,5.0,2.0,-1,A,2015-12-01,"Blair was definitely an amazing teacher. She knew what she was talking about and it was because of her i decided to change my major. Definitely would take again in the future. If you pay attention you will pass. Go to her for help. You wont regret it! Homeworks are long but half is one word answers, a quarter is little coding, and one big program.",
55,COSC175 - Towson University,COSC175,5.0,4.0,-1,B,2015-12-02,Great teacher.,
55,COSC175 - Towson University,COSC175,3.0,2.0,-1,B+,2015-12-09,"Professor Taylor is a nice person. Her lectures are hard to follow since she jumps around a lot. Homework's are much harder than actual quiz/test. She allows a cheat sheet on exams, take advantage! You need to teach yourself for most labs as she wants you to learn from mistakes/labs. Fairly easy grader if you put in some work. Good intro class.",
55,COSC175 - Towson University,COSC175,5.0,3.0,-1,A-,2015-12-29,Awesome. I changed my major because of her. Makes programming interesting. Anyone who doesn't like her isn't cut out for computer science.,
55,COSC175 - Towson University,COSC175,5.0,3.0,-1,B,2015-12-31,Dr. Blair is a great teacher. She is enthusiastic about the computer science and also security. I went to her for help and she was patient with me.  Take her!,
55,COSC175 - Towson University,COSC175,5.0,3.0,-1,A-,2016-01-02,"Lots of homework, but it prepares you for the tests. Don't miss class! Group projects can be a pain. Great teacher overall.",
55,COSC175 - Towson University,COSC175,5.0,4.0,-1,A,2016-01-18,"Dr. Taylor's class was a fantastic introduction to programming. A little fast at times, but reviewing notes outside of class is required. She is very happy to help students and really cares about the success of her students. Show up to class and really give it your best. Labs once a week and tests can be a little difficult but not impossible.",
55,COSC175 - Towson University,COSC175,5.0,3.0,-1,Not sure yet,2016-04-06,If you take this class you will have the best experience possible in a c++ class. She moves at a good pace and it is not too easy but that way you actually learn something. If you pay attention to examples and put in work you will do good.,
55,COSC175 - Towson University,COS175,5.0,3.0,-1,A-,2016-04-20,She is an amazing professor. Her lectures are very clear and easy to understand. Her TA grades most of the work and looks into small details. You will be ready to take COSC 236 after taking this class.,
55,COSC175 - Towson University,COSC175,4.0,3.0,1,C,2016-06-08,"Dr. Taylor truly wants you to understand & learn. Coding (C++) is hard but she explains it until you get it. Can have a 1 page cheat sheet (front&back any size font) for all tests, quizzes, finals. Weekly labs & hw to be done with a partner. You have to truly work for your grade but she's a great professor and will NOT baby you. Book not neccessary",
55,COSC175 - Towson University,COS175,1.0,4.0,0,C-,2016-12-16,Taylor is sought after by many companies around the U.S. to do programming. But I think this has given her the idea that she is a better teacher than someone who is not sought after. She rushes and thinks that everything is so easy. She once rolled her eyes at me when her back was to me because I said the homework was too difficult. TA yells at me.,TEST HEAVY
55,COSC175 - Towson University,COS175,5.0,4.0,1,A-,2017-01-01,Dr. Taylor is an amazing professor who cares that her students learn. She inspired me to change my major and pursue cybersecurity. Life changing.,"Skip class? You won't pass., Amazing lectures"
55,COSC175 - Towson University,COSC175,4.0,2.0,1,,2017-01-17,I took this class 2012. I learnt a lot from this class. Her TA was a very kind and funny  girl and she was available always either in computer lab or in the library.   We all enjoyed the labs . Just follow her lecture and do her homework. She  is the best!!!,"Inspirational, Amazing lectures, Caring"
55,COSC175 - Towson University,COS175,5.0,3.0,1,A,2017-01-18,TAKE THIS CLASS YOU WON'T REGRET IT!!!,"Respected, Clear grading criteria, Amazing lectures"
55,COSC175 - Towson University,175,5.0,3.0,1,A-,2023-01-15,She is tough but if you put in the work you will learn. Tests are hard.,Lots of homework
55,COSC175 - Towson University,175,5.0,1.0,1,A+,2024-11-14,Extremely helpful if confused. She makes sure you understand whats being taught. She brings donuts for the class lots of times. Favorite teacher right now.,"Gives good feedback, Caring"
55,COSC175 - Towson University,175,2.0,5.0,-1,C+,2024-12-20,"Very Strict, Brings donuts often but isnt flexible. Can be very difficult with understanding her and isn't the best explainer.","Participation matters, Lots of homework, Lecture heavy"
56,CSC180 - University of Toronto,CSC180,5.0,1.0,-1,,2015-11-02,"Funny as hell guy, open to questions, so quick to respond. He was online all Thanksgiving to help students with their assignments which was due a day later.",
56,CSC180 - University of Toronto,CSC180,5.0,4.0,-1,B,2015-12-10,Guerzhoy is the best lecturer ever. He is so helpful for all of his students and is always there for us. I really appreciate his hard work!,
56,CSC180 - University of Toronto,CSC180,5.0,1.0,-1,A+,2016-04-29,"Awesome prof. Very helpful to students, and extremely funny. To accommodate for everyone, lectures can be a bit slow and dull, but that's just the nature of the course. Also great at singing :D",
56,CSC180 - University of Toronto,CSC180,5.0,3.0,1,,2016-05-26,"Great prof, very clear communication and assignment response",
56,CSC180 - University of Toronto,CSC180,4.0,3.0,1,A+,2016-08-16,"Great prof. He sometimes acts awkward during lectures, but I feel like he does it on purpose to make the class laugh. In terms of teaching, he does a good job, sometimes I might not follow his code on the screen, but his lightning fast responses by email and piazza are more than enough to clear up any questions I had during lecture.","ACCESSIBLE OUTSIDE CLASS, Hilarious, Caring"
56,CSC180 - University of Toronto,CSC180,5.0,3.0,1,,2016-11-03,"This prof is the most accessible and fair prof I have ever had. He has an exceptional response time on Piazza (about 3 min for my class). The course is a bit dry but he does his best to make lectures interesting with jokes and cool examples.  Gave us chocolate on our Halloween midterm, and brought a python stuffed animal which was pretty lit.","ACCESSIBLE OUTSIDE CLASS, Clear grading criteria, Caring"
56,CSC180 - University of Toronto,CSC180,5.0,2.0,1,,2016-11-03,He genuinely cares about teaching his subject and actually takes time to answer your questions. Even if its a massive tangent of a question he will email you or the class later about it. He also gave us chocolate with our exam . He's a real gem,"ACCESSIBLE OUTSIDE CLASS, Caring"
56,CSC180 - University of Toronto,CSC180,5.0,3.0,1,A+,2017-02-06,Good prof,"Respected, Inspirational, Caring"
56,CSC180 - University of Toronto,CSC180,5.0,4.0,1,A-,2018-01-25,"To be honest, Michael Guerzhoy is by far my favourite prof at uft and his CSC180 course is also one of my favourites, he would spend so much extra time after classes and during the weekend trying to help students out. He is the reason I want to study robo!!!!!",Inspirational
56,CSC180 - University of Toronto,CSC180,5.0,3.0,1,A,2023-08-01,"This guy's lectures are hilarious, super easy to ask questions and clarify. Really chill and approachable. If you put in the effort, you can easily get really good grades.","Amazing lectures, Clear grading criteria, Accessible outside class"
56,CSC180 - University of Toronto,CSC180,5.0,3.0,1,A-,2025-03-07,Lovely professor that genuinely cares about his students' success!,"Amazing lectures, Inspirational, Caring"
57,CSE215 - Stony Brook University,CSE215,5.0,1.0,-1,,2011-09-14,"Best professor at Stony Brook University, makes a difficult discrete mathematics class interesting and easy. The course Web site is great (all lectures, homework and quizzes are online ahead of time). He takes the time to talk with each student during his office hours. I highly recommend this professor.",
57,CSE215 - Stony Brook University,CSE215,5.0,1.0,-1,,2011-10-12,"Quizzes in class on material immediately learned prior to quiz. Homeworks take some thinking but easy. Attend lectures, listen, and look up what you don't understand on homework assignments. Great professor-I cannot say enough good things. Wish he taught every CSE class. Well spoken, interesting lectures, easy tests. Highly recommend.",
57,CSE215 - Stony Brook University,CSE215,3.0,5.0,-1,,2012-05-12,"He is a nice guy but the final was unfair. Requires new version of textbook, yet he lectures from the old version. So some things on the test (transitive closure, induction for recursion) were lectured about for 5 mins and we had no resources to study them. Practice tests are NOTHING like actual tests. You never know what will be on the tests.",
57,CSE215 - Stony Brook University,CSE215,5.0,2.0,-1,,2012-08-06,"Super smart, patient and humble. He made time to meet each time I needed help with my project and helped me find an internship for the summer.",
57,CSE215 - Stony Brook University,CSE215,5.0,4.0,-1,,2012-12-19,"Stressful class. Average for 1st-2nd exam: 65-56, but there's a curve. I just taught myself for hours. The lectures weren't helpful since he goes slide after slide with min. examples with too much material to cover. I used the book A LOT. The prof. is very kind, helpful & wants you to do good. The class itself is the problem, discrete math.",
57,CSE215 - Stony Brook University,CSE215,5.0,2.0,-1,,2013-01-25,"Class s very interesting and math based. You have to understand the proofs and the theory behind them if you would like to do very well on tests (mostly logic and proofs). There are in class quizzes so attend lectures. Homework helps for tests so try doing them on your own. Great class, great professor, very helpful!",
57,CSE215 - Stony Brook University,CSE215,5.0,2.0,-1,,2013-02-04,"Great Professor. Teaches from slides uploaded on the course website, which is enough to get you an A.",
57,CSE215 - Stony Brook University,CSE215,5.0,1.0,-1,,2013-03-09,"Awesome professor, interesting class, and helpful labs. Paul has rich experience and gives me many valuable advices. He provides very clear slides and explains everything clearly to help us understand the difficult point. Homework and labs are very interesting and helpful. It is worth taking this course if u wants to be good at logical thinking.",
57,CSE215 - Stony Brook University,CSE215,5.0,2.0,-1,,2013-03-25,"He's a great professor who knows his material. I found his lectures very interesting and comprehensive. His tests are fairly easy if you've studied the material, plus he's quite lenient on the grading. All in all, if you actually want to learn new material instead of getting an easy A, I would recommend Fodor.",
57,CSE215 - Stony Brook University,CSE215,5.0,2.0,-1,,2013-05-20,Fodor is an amazing professor. He pays attention to the students and tries his best to explain the materials so that all students will understand. His office hours are also helpful and he explains a lot better in them. If you pay attention you are in for a well deserved grade.,
57,CSE215 - Stony Brook University,CSE215,5.0,2.0,-1,,2013-05-20,"Fodor is one of the few professors at Stony Brook that actually tries to teach his class. Sometimes there are in-class quizzes, but they aren't too bad if you pay attention. His office hours are also very helpful so try to go to them as much as you can.",
57,CSE215 - Stony Brook University,CSE215,5.0,3.0,-1,,2013-05-21,He is one of the best professor in stony brook. I highly recommend him as a professor,
57,CSE215 - Stony Brook University,CSE215,5.0,3.0,-1,,2013-06-12,HE IS GREAT! If you want a professor that cares about your success and knows what he is talking about then it's a no brainer. Take his classes if you want to get your money's worth at Stony Brook. I Hope he stays until I finish my masters!,
57,CSE215 - Stony Brook University,CSE215,5.0,2.0,-1,A,2013-09-29,"Professor Fodor is a very responsible teacher. He is very clever, and very helpful. He prepares he is course and he organize them very well.",
57,CSE215 - Stony Brook University,CSE215,5.0,1.0,-1,,2013-11-05,Really good one. A little bit accent but it doesnt matter. Super friendly and helpful. Saying hello to you all the time wherever he saw you even u took his class like 3years ago.,
57,CSE215 - Stony Brook University,CSE215,5.0,3.0,-1,A,2013-11-12,"350 characters is not enough to describe how awesome this professor is.. IF YOU ARE SERIOUS ABOUT COMPUTER SCIENCE AND WANT TO LEARN, THIS IS THE BEST PROFESSOR FOR YOU. IF YOU WANT TO SLACK OFF, HE IS CHALLENGING AND YOU WILL STRUGGLE IN HIS CLASS.  He is extremely helpful, very knowledgeable, and very humble. I deeply respect this man, he rocks.",
57,CSE215 - Stony Brook University,CSE215,5.0,1.0,-1,,2013-11-13,Great professor!It's easy to get an A in his class and he is very helpful!,
57,CSE215 - Stony Brook University,CSE215,5.0,4.0,-1,,2013-11-19,One of the hardest working profs. in the Computer Science Dept.  Very down to earth and super smart. I wish I could take all my required classes with him. Highly recommended!!!,
57,CSE215 - Stony Brook University,CSE215,5.0,3.0,-1,,2013-12-18,"Professor Fodor is awesome! Although his exams are a bit hard, it is not so bad if you do his home works. He is really nice and willing to help students during office hours.",
57,CSE215 - Stony Brook University,CSE215,5.0,2.0,-1,A,2014-01-09,"He is very helpful, and kind. His exams are very very fair. You definitely should take this class with him. Highly recommend!!",
57,CSE215 - Stony Brook University,CSE215,5.0,1.0,-1,,2014-01-13,"He is absolutely one of the best professors in Stony Brook! He always listened students' voice and willing to help all the time. If you have any concerns, just visit him and he will give you clear and brilliant advise. Also, he is a very friendly and fair grader. Class materials are interesting, i always loved his classes!",
57,CSE215 - Stony Brook University,CSE215,5.0,3.0,-1,,2014-02-06,"From da hills o Azeroth,to da mountains o Mordor,never has der been,a professor like Fodor.He shows,he explains,he dissects what he tests.He answers,he listens,for he is truly the best.His logic is infallible,his arguments sound, his prowess indubitable,his knowledge unbound.I accepted his word,and followed his way,went to his classes,and got an A!",
57,CSE215 - Stony Brook University,CSE215,5.0,3.0,-1,,2014-02-12,"I got a D in the class and Fodor is still the freaking MAN! I LOVE HIM! I FAILED JUST SO I CAN TAKE IT AGAIN, THAT""S HOW MUCH I LOVE PAUL FODOR. <3",
57,CSE215 - Stony Brook University,CSE215,5.0,3.0,-1,,2014-03-13,"The classes were well taught with full explanations. There is almost no need to use the textbook if pay full attention in class. Sometimes the class could be hard, but professor Fodor is always willing to help us either during his office hours or by appointment.",
57,CSE215 - Stony Brook University,CSE215,5.0,2.0,-1,B+,2014-04-02,Fodor is a great professor; very organized and clearly explains topics. He is also very helpful outside of class.,
57,CSE215 - Stony Brook University,CSE215,5.0,2.0,-1,A+,2014-05-18,"He is an amazing professor. The slides are enough for understanding the material, don't bother buying the textbook. If you attend the lectures and do the home works you'll get a good grade.",
57,CSE215 - Stony Brook University,CSE215,5.0,2.0,-1,,2014-05-18,"He is an amazing professor. The slides are enough for understanding the material and he's also very helpful during office hours. If you attend the lectures and do the home works, you'll definitely get a good grade.",
57,CSE215 - Stony Brook University,CSE215,5.0,3.0,-1,,2014-05-20,"Excellent professor! His lectures are very clear and provides plenty of helpful examples. His tests aren't bad, but are quite long. This is one of the two classes needed to get into the CSE major, so is often a ""weeder"" classes with very low averages. Office hours are usually crowded, but Fodor is approachable and always willing to help.",
57,CSE215 - Stony Brook University,CSE215,3.0,4.0,-1,,2014-06-02,"very nice professor, but the class wasn't that fun. cover a lot of chapter and he EXAM(mid and Final) is very hard. two mid 20%for each, final 35%(so damn hard final)..homework and quiz 25%....",
57,CSE215 - Stony Brook University,CSE215,5.0,3.0,-1,B+,2014-09-11,Overall great professor and teacher. He takes his time to actually help the students understand the material. Always easily accessible by email and understanding in most circumstances. Not the easiest tests but they are curved and fair.,
57,CSE215 - Stony Brook University,CSE215,5.0,1.0,-1,A,2014-11-07,The best man in existence.,
57,CSE215 - Stony Brook University,CSE215,5.0,4.0,-1,,2015-01-05,"Prof. Fodor is one of the best profs to take this course with. Lectures are informative and explain the material really well. Although exams are usually difficult, they are always fair. Fodor is extremely helpful during office hours and genuinely wants to help you do well in his class. Really nice guy and excellent professor.",
57,CSE215 - Stony Brook University,CSE215,5.0,2.0,-1,,2015-02-09,"This is a class for discrete mathematics. Fodor is enthusiasm about what he is teaching and always keep a clear logic solving students' puzzles. Try to digest the materials and get HW extra credits. Exams are very fair, if you review the HWs well and keep with a clear logic, you will get good grade.",
57,CSE215 - Stony Brook University,CSE215,5.0,2.0,-1,A-,2015-04-14,Best CSE teacher in SBU. Extremely helpful and friendly.,
57,CSE215 - Stony Brook University,CSE215,4.0,3.0,-1,B-,2015-08-27,"Fodor is a kind professor, who will take his time out for any student willing to learn. His lectures are soft spoken, and a little dry, but they are clear. Put in the outside work, go to his office hours, and you will succeed. He is a great professor.",
57,CSE215 - Stony Brook University,CSE215,5.0,4.0,-1,,2015-10-20,"I would highly recommend anyone considering computer science courses to take one with Professor Paul Fodor. I have taken Computer Science I (CSE 114) (CSE 215) with Professor Fodor. He is a helpful professor who challenges his students to work hard. He is fair in tests and grading, and is very friendly so don't hesitate to ask him questions.",
57,CSE215 - Stony Brook University,CSE215,5.0,4.0,1,A-,2016-07-27,"Professor Fodor is one of the best professors I have ever taken in Stony Brook. He is caring, funny, and always looks so jolly. The vibe he gives off always makes me happy. He always has a smile on his face and keeps the class interesting. If you attend all his classes and do all the homework, it is an easy class to pass.",
57,CSE215 - Stony Brook University,CSE215,5.0,2.0,1,A-,2017-01-06,"Professor Paul Fodor is a very helpful professor. He explains thing clearly during the lecture and is patient with any question, no matter how stupid they are. He cares about his student and responds to emails. I would recommend taking class with him.","ACCESSIBLE OUTSIDE CLASS, Caring"
57,CSE215 - Stony Brook University,CSE215,5.0,3.0,1,B+,2020-02-02,Professor Fodor is one of the best professors in the Computer Science department. His lectures for CSE 215 were very clear and helpful. He gave us a lot of extra credit for doing the homework in LaTex. He was always available during his office hours if you had any difficulty with the course.,"Gives good feedback, Clear grading criteria, EXTRA CREDIT"
57,CSE215 - Stony Brook University,CSE215,5.0,3.0,1,A,2020-10-22,"Professor Fodor is one of the best professors that I've ever had. He has tremendous patience in working with his students, particularly when explaining OOP concepts in a digestible format during his lectures. I appreciated his open-door policy in helping students struggling with the coursework as well as those looking for academic advice.","Inspirational, Amazing lectures, Caring"
57,CSE215 - Stony Brook University,CSE215,5.0,4.0,1,A,2020-12-27,"One of Best professors in CS Major, he is really nice, friendly and easy to talk. You would not pass the class which has so great professor.","Respected, Clear grading criteria"
58,CHE220 - Penn State University,CHE220H,5.0,4.0,-1,,2013-07-31,"Not an easy professor, but if you actually want to learn how to solve problems rather than memorize them, he is the best professor to have. He teaches you to think like an eningeer and the problem solving skills you learn from him you will utilize the rest of your chemical engineering career. Also had him for Ch E 210 and felt the same.",
58,CHE220 - Penn State University,CHE220,5.0,1.0,-1,,2014-08-24,"His exams are easy as long as you follow lectures, keep up with the book and understand the homework. I like him and his class",
58,CHE220 - Penn State University,CHE220,4.0,3.0,-1,B-,2015-06-04,"If you learn by doing lots of examples, then Themis is your guy. He goes through examples step by step but he does move quickly. My advice is to read the book before lectures and write as many notes in it as you can before the exams . Exams push your thinking, but if you write notes that summarize the equations you might need, you will pass.",
58,CHE220 - Penn State University,CHE220,3.0,4.0,-1,,2015-10-29,This class is like a foreign language. If you do not read the textbook you will fall behind in the first week. He expects you to know a lot. His examples in class are not the best and the test are 10 times harder than the homework.,
58,CHE220 - Penn State University,CHE220,5.0,4.0,-1,,2015-12-04,"Themis is the kind of guy who knows and loves what he teaches. He explains the material in a very precise and understandable manner. Don't expect to not try and understand everything and get an A. Go be a business major then. But if you want to learn and understand, then this class is for you. Any questions he also explains in his office hours.",
58,CHE220 - Penn State University,CHE220,5.0,2.0,-1,A+,2015-12-19,"Matsoukas is a great guy, but he makes thermo way easier than it really needs to be. The exams are exactly like the homework/in-class problems, so they're pretty much cake. I strongly recommend forming a study with people around you as soon as possible. The homeworks can be tricky to work through solo. Attending lecture isn't all that important.",
58,CHE220 - Penn State University,CHE220,5.0,2.0,-1,A,2016-03-02,"Really great professor who wants you to learn. Exams are very straight forward and similar to the in class problems. If you do enough practice problems and pay attention in class, it shouldn't be too difficult",
58,CHE220 - Penn State University,CHE220,5.0,3.0,1,Not sure yet,2017-05-02,"Clear, concise, organized, and kind","LOTS OF HOMEWORK, ACCESSIBLE OUTSIDE CLASS, Amazing lectures"
58,CHE220 - Penn State University,CHE220,2.0,3.0,0,A,2017-05-02,"Matsoukas was meh. Don't bother going to class, he just reads off a powerpoint that he posts later so you can just read that and get the same information. The class isn't easy, and it especially doesn't help that he makes soooo many mistakes in his notes that you don't really know what you can trust. Definitely could have been a lot better.","LOTS OF HOMEWORK, TEST HEAVY"
58,CHE220 - Penn State University,CHE220,3.0,4.0,1,A-,2017-05-08,"Matsoukas makes a LOT of algebra mistakes during lecture, and it often leads to confusion. Exams were only 2 questions and pretty tough. Also, he doesn't have a timer during exams, so be sure to bring a watch, or else you won't know how much time you have left to finish. He teaches by lots of examples, and you can learn a lot if you pay attention.","TEST HEAVY, GRADED BY FEW THINGS"
58,CHE220 - Penn State University,CHE220,5.0,1.0,1,A,2020-06-06,Prof. Matsoukas is a true gem in the chemical engineering department i loved the subject.,"Respected, Inspirational, Hilarious"
58,CHE220 - Penn State University,CHE220,5.0,4.0,1,A-,2023-04-02,"Dr.matsoukas cares and about his students and you can tell he is very invested into the course.Since, the course very organized and he breaks down the concepts in a much simpler way. His exams were fair but they are not easy not too difficult either. I would overall 100% recommend taking thermo 1 with Themis.",
58,CHE220 - Penn State University,CHE220,5.0,5.0,-1,A+,2024-09-14,Professor Matsaukas is a very interesting guy. He was a tough grader and textbook reading were mandatory. He does give extra credit opportunities such as sending pics of you walking your dog and nature reserves by your house. He does seem quite stressed and distracted in class so he should blow off more steam in nature but aside from that he's good,"Tough grader, Online Savvy"
59,ENSC251 - Simon Fraser University,ENSC251,1.0,5.0,-1,Not sure yet,2014-10-25,"You have to call her Dr. Shannon. Lectures are long, boring and useless, i would rather read textbooks and google the stuff. Lab requirements are extremely unclear and ironically, she requires us to do the lab using MS Visual Studio, but upload the final result in Linux form. Overall, she does not teach. And there is no TA during the lab.",
59,ENSC251 - Simon Fraser University,ENSC251,2.0,5.0,-1,,2014-11-12,89 people failed and 105 students have to retake base on current score out of 152 students. Amazing.,
59,ENSC251 - Simon Fraser University,ENSC251,1.0,5.0,-1,,2014-11-13,"extremely hard because she don't scale the course and she love to ask compare and contrast question, be prepare for that on the midterm. Not sure about the final",
59,ENSC251 - Simon Fraser University,ENSC251,1.0,5.0,-1,,2014-11-26,"Course material is not hard but her lectures make it harder for us to understand. Lab requirements are extremely vague at first, and other assignments are based on the first one. Final assignment is hard like hell. BTW 70% of students in her class failed the midterm, and she said she won't scale because she is the UCC chair of the faculty.",
59,ENSC251 - Simon Fraser University,ENSC251,1.0,5.0,-1,Not sure yet,2014-11-27,"Assignments are vague and tedious, not really relating to course material. Frustrating in lecture but the tests are based off of them and what she emphasizes in class.",
59,ENSC251 - Simon Fraser University,ENSC251,1.0,5.0,-1,,2014-12-01,Even in the last lecture she is still teaching new stuff but not reviewing.,
59,ENSC251 - Simon Fraser University,ENSC251,2.0,5.0,-1,D,2015-10-05,"She's unbelievably tough and expects us to know way more than I can even find on google. Although if you showed up to class and signed the sign in sheet, she may shift the midterm weight to the final so instead of 25 and 50 it's 0 and 75",
59,ENSC251 - Simon Fraser University,ENSC251,1.0,5.0,-1,,2015-12-09,she is so boring and instructions in the lab are not clear,
59,ENSC251 - Simon Fraser University,ENSC251,1.0,5.0,-1,F,2015-12-15,Insanely hard. if you dont pay attention your failed,
59,ENSC251 - Simon Fraser University,ENSC251,1.0,5.0,-1,Not sure yet,2016-01-04,doesn't release grade on time.,
59,ENSC251 - Simon Fraser University,ENSC251,5.0,1.0,-1,,2016-03-08,"She is so good, her exams are easy, as well as all assignements. I think she should raise the diffculty of exam.",
60,COMP557 - McGill University,COMP557,5.0,3.0,-1,,2005-12-09,"His notes and lectures are useful and interesting. By themselves however, they are useless.",
60,COMP557 - McGill University,COMP557,5.0,3.0,-1,,2006-01-05,Top end teacher.,
60,COMP557 - McGill University,COMP557,5.0,3.0,-1,,2007-12-14,very clear. Very good printed class notes -&gt; so good you need not worry if you miss class. One of McGill's finest.,
60,COMP557 - McGill University,COMP557,2.0,5.0,-1,Not sure yet,2015-03-24,recommend you take the class of paul's clas,
60,COMP557 - McGill University,COMP557,5.0,4.0,-1,,2015-04-29,One of the best profs I had at McGill! He's an amazing lecturer and his notes are very clear. He answered every question on the discussion board (even on the days of the exams) and uploads lecture recordings. Gave us an easy midterm but the final was pretty hard. Exams are within the scope of the course but you need to understand the concepts well.,
60,COMP557 - McGill University,COMP557,4.0,5.0,-1,,2015-04-30,"Amazing lecturer, understands students and really tries to explain the concepts and their subtle details clearly. Assignments and midterm were decent but the final was devastating. The course covers a ton of material and the final goes quite deep into a bunch of different topics. Don't take this if you're looking for an easy grad lvl course.",
60,COMP557 - McGill University,COMP557,5.0,4.0,-1,,2015-09-23,"This man clearly puts a lot of time into teaching and it really shows. Very clear and easy to understand lectures, and plenty of resources and exercises with solutions. One of the top professors at McGill.",
60,COMP557 - McGill University,COMP557,2.0,4.0,-1,A-,2024-04-14,"A professor that cares about the material. Dr. Langer's personality interferes with the teaching of this course, leading to a feeling of unprofessional behaviour in grading and coursework. He cares a lot about the material. I don't recommend taking his courses.",
61,ITI1120 - University of Ottawa,ITI1120,1.0,5.0,-1,,2007-01-17,Terrible prof she didnt teach at all avoid this class especially if your new to programming when she teaching it. Try to use the textbook but its still better than her lectures. Classes are boring as hell too.,
61,ITI1120 - University of Ottawa,ITI1120,1.0,5.0,-1,,2007-01-20,This prof is the worse prof ever ! she goes through things so fast and thinks u know everything. She talks WAY TOO FAST and is such a boring prof. If u dont know much bout programming dont take this prof ! she's horrible !! she's interested and knows the material but does a bad job teaching it ! Id never sign up for her class !!,
61,ITI1120 - University of Ottawa,ITI1120,4.0,2.0,-1,,2007-11-01,"she's a very nice teacher, but sometimes her lectures are confusing. however if you approach her, she is more than willing to help. really wants you to pass.",
61,ITI1120 - University of Ottawa,ITI1120,3.0,1.0,-1,,2007-11-21,"She was alright, but she couldn't control her classroom.  People would talk and she would just try and ignore it",
61,ITI1120 - University of Ottawa,ITI1120,3.0,2.0,-1,,2007-11-27,assignments increased too much in difficulty...lectures are boring,
61,ITI1120 - University of Ottawa,ITI1120,4.0,1.0,-1,,2010-05-10,Very good prof. midterm and final exam were very similar to the practice exams she gave us. as long as you practice the old exams the exam should be fairly easy... i had no programming experience before this class and got an A+...would definitely take another class with her. she is very helpful if you ask for her help.,
61,ITI1120 - University of Ottawa,ITI1120,1.0,5.0,-1,,2011-10-29,she points at slides and doesn't explain anything in class. She speaks really fast lectures are incomprehensible. If you have no background in programming you will have to learn on your own.,
61,ITI1120 - University of Ottawa,ITI1120,5.0,1.0,-1,,2011-11-21,Has great slides and is very clear.,
61,ITI1120 - University of Ottawa,ITI1120,2.0,4.0,-1,,2011-11-30,"I took this course with her a couple years ago. Overall my experience... Pros: Marking is fair, exams are okay, labs are great.. Cons: incomprehensible teaching, useless notes.",
61,ITI1120 - University of Ottawa,ITI1120,3.0,1.0,-1,,2011-12-29,"Diana is an interesting teacher. Yes, while she may be difficult to understand at times, she truly wants to help out her students in any way. You can easily contact her via office hours or by email, and she'll do her best to help you. Her midterms and exams are very fair and if you've studied for them you should receive a good mark.",
61,ITI1120 - University of Ottawa,ITI1120,4.0,1.0,-1,,2012-03-03,"Very nice and helpful prof. Exams and assignments are pretty easy and she does her best to ensure that students understand what's going on. Overall, no need to shy away from a class with her.",
61,ITI1120 - University of Ottawa,ITI1120,3.0,1.0,-1,,2013-11-26,"As somebody who had previously taken computer science courses, I hated her class, I was heavily restricted from using my previous knowledge and felt more and more irritated with the course as the year progressed.",
61,ITI1120 - University of Ottawa,ITI1120,5.0,1.0,-1,A+,2013-12-19,"She talked fairly fast, but repeated herself a lot, so if you didn't get it the first or second time, you'll probably get it the third time. The practice exams and midterms are very similar to the ones shown in class. I had  very little programming experience and still got an A+.",
61,ITI1120 - University of Ottawa,ITI1120,3.0,2.0,-1,,2015-01-06,"Don't take this class easy. It starts with elementary stuff, but it will get hard at the end. Her way of teaching is boring, and she will repeat the important stuff a lot.",
61,ITI1120 - University of Ottawa,ITI1120,4.0,2.0,-1,,2015-05-28,Her accent takes a few lessons to get used to but she is very passionate about her work and she conveys that passion very well. You get bonus marks for participation Go ask questions after class if you have concerns. she will most definitely be insightful Assignments are time consuming,
62,BNFO135 - New Jersey Institute of Technology,BNFO135,4.0,5.0,-1,,2010-07-29,"he's a great guy, really nice. but the material is really confusing and hard for people who have no interest in this field. i didn't understand his teaching, but he really tried. this class lowered my gpa",
62,BNFO135 - New Jersey Institute of Technology,BNFO135,3.0,5.0,-1,,2010-11-04,He's a really nice guy but course was extremely confusing especially for people who have never had any experience with computer programming.,
62,BNFO135 - New Jersey Institute of Technology,BNFO135,5.0,1.0,-1,,2012-03-22,"Great Professor! Even thought many students take this course without any programming experience, if you pay attention and do the homework..the class will be super easy and even fun! Highly recommend..but expect some trick questions on the exam.",
62,BNFO135 - New Jersey Institute of Technology,BNFO135,5.0,2.0,-1,,2013-02-12,Good teacher. Very helpful and interested. Nice dude.,
63,CISC1600 - Brooklyn College,CISC1600,3.0,4.0,-1,,2010-12-23,"The only thing I don't like, is that he takes attendance AND actually uses it to calculate your grade.",
63,CISC1600 - Brooklyn College,CISC1600,5.0,1.0,-1,,2011-05-05,CS is not my major. I took this class because a friend said it covered game programming at the end. DO NOT TAKE THIS CLASS if you are looking for an EASY A. Grade is basically based on 4 programming projects that aren't that easy. That being said the Prof was really helpful and even funny at times.,
63,CISC1600 - Brooklyn College,CISC1600,5.0,2.0,-1,,2011-06-21,Best class I've ever taken at Brooklyn College! Learned more about programming and computer science than in my actual programming class.,
63,CISC1600 - Brooklyn College,CISC1600,5.0,3.0,-1,,2011-06-22,"Really liked the class and the professor. Treats his students like actual human beings. Not an easy class, but learned a lot.",
63,CISC1600 - Brooklyn College,CISC1600,5.0,3.0,-1,,2011-10-23,Genuinely nice guy! Actually seems to want his students to do well in the class... go figure. Had a ball on the graphics and game sections! Would recommend this class to anyone.,
63,CISC1600 - Brooklyn College,CISC1600,5.0,3.0,-1,,2011-12-19,Nice guy. Takes attendance though and uses it to calculate your grade. Kind of a pain if you already know the materials and want to skip.,
63,CISC1600 - Brooklyn College,CISC1600,5.0,3.0,-1,,2012-01-08,"Great Professor. If you are an advanced programmer, you can do more advanced work then what is assigned. He is very flexible and allows you to use any language you want to write your projects (if you ask in advance). Great class for both beginners and advanced programmers.",
64,BUEC333 - Simon Fraser University,BUEC333,4.0,4.0,-1,,2005-01-13,definitely one of the nicest looking profs up on campus....raaaar :),
64,BUEC333 - Simon Fraser University,BUEC333,5.0,3.0,-1,,2005-02-09,He is a really handsome guy and very nice !,
64,BUEC333 - Simon Fraser University,BUEC333,5.0,2.0,-1,,2005-03-17,"I learned how to dress from him. well ^_^ his lecture is quite clear(if you get bored,just look at him). The MCs in the midterm is extremely tricky and difficult, but the SAs are quite simple.",
64,BUEC333 - Simon Fraser University,BUEC333,1.0,5.0,-1,,2005-04-07,handsome (looking) but weird  (lectures $ exam),
64,BUEC333 - Simon Fraser University,BUEC333,3.0,4.0,-1,,2005-04-13,His MT and exam are crazy. The MT average was 55%...,
64,BUEC333 - Simon Fraser University,BUEC333,2.0,4.0,-1,,2005-04-22,"Cool guy, give him credit.. he's teaching an extremely confusing subject, so the fact that people are getting as much as they are is a credit to his clarity. Although the course is (required) and hard, I recommend this guy.",
64,BUEC333 - Simon Fraser University,BUEC333,5.0,3.0,-1,,2005-04-22,"good looking prof! although the mt was hard, he compensated by making the final fairly easy..it was straight forward (no tricks)",
64,BUEC333 - Simon Fraser University,BUEC333,4.0,3.0,-1,,2005-05-05,"Hard class but if you work hard you can get a good grade. I went from having a below average midterm (because his midterm was hard!) to getting a B+ :D. Oh plus he's very hot!",
64,BUEC333 - Simon Fraser University,BUEC333,5.0,2.0,-1,,2005-05-23,"the course itself is hard, but Simon made it easy! i really like him~",
64,BUEC333 - Simon Fraser University,BUEC333,5.0,3.0,-1,,2006-04-15,"Nice shoes, nasty final. But excellent instructor. Clear, organized, helpful. This course is not as bad as its reputation.",
64,BUEC333 - Simon Fraser University,BUEC333,5.0,1.0,-1,,2006-04-17,"Don't need to attend class. Lecture notes are sufficient. Though, tutorial participation is required which makes the course inconvenient for those who don't need to or want to attend. This course is known for its difficulty, but as long as you have a clear mindset with the material, you can walk in knowing nothing about stats and walk out with a A.",
64,BUEC333 - Simon Fraser University,BUEC333,5.0,1.0,-1,,2006-08-25,"Lecture notes, lecture notes, lecture notes.  Very good notes.  Thats all you need, screw the text book.  If you do all the assignments (not copy) you will get a good grade.",
64,BUEC333 - Simon Fraser University,BUEC333,4.0,4.0,-1,,2009-05-04,Assignments and Tests are both hard. Averaged 75~80% on assignments. Midterm is reasonable but final was ridiculously hard.,
64,BUEC333 - Simon Fraser University,BUEC333,5.0,3.0,-1,,2009-08-11,"Take this class with him! Clear notes and he explains everything very well. Always willing to clarify any questions you have. Textbook is not crucial but is easy to understand. Midterm was fine, final was a little harder but that's expected.",
64,BUEC333 - Simon Fraser University,BUEC333,2.0,5.0,-1,,2011-01-03,extremely hard i wouldnt recommend him if you have a busy  schedule and you are an int. student!mterm was ok but final was terribly hard.,
64,BUEC333 - Simon Fraser University,BUEC333,5.0,2.0,-1,,2011-04-28,"one of the best profs I've ever had! notes are impeccably neat and organized and exams are fair and well written. not to mention the amazing eye candy. finally, a reason to go to class. even if you totally despise stats, simon will make you wanna learn it. he's just that hot",
64,BUEC333 - Simon Fraser University,BUEC333,5.0,4.0,1,A+,2019-04-19,"Fantastic Professor! Dr. Woodcock's lectures are incredibly easy to follow. He speaks at a perfect pace and goes over important points several times. His assignments are interesting and the skills you learn from them are applicable in the real world. The midterm was fairly easy, but the final was tough so be prepared.","Skip class? You won't pass., Amazing lectures, Caring"
65,ECON2030 - Auburn University,ECON2030,4.0,3.0,-1,,2003-10-06,"Doesn't speak clearly, All info for class on his website, will do well if you attend class and do practice tests",
65,ECON2030 - Auburn University,ECON2030,4.0,2.0,-1,,2003-12-15,"The class could be found boring to some, but if you enjoy financial stuff it is very interesting.",
65,ECON2030 - Auburn University,ECON2030,3.0,4.0,-1,,2003-12-20,This class is sooooo hard. You gotta go to class every single day and write down every single thing he says in order to know anything for the tests. I studied a whole lot and never skipped class and I got a D. He's a nice guy but his tests are awful.,
65,ECON2030 - Auburn University,ECON2030,3.0,4.0,-1,,2004-04-28,"I liked Dr. Garrison, but his ramblings have nothing to do with what we are tested on.  I don't feel like his tests are a proper indication of your performance in class because I learned more things from this class than most, but I will still have a C",
65,ECON2030 - Auburn University,ECON2030,2.0,4.0,-1,,2004-05-06,"Although there are many tests floating around, he still makes the tests incredibly tricky and hard. I have a 3.0 and I am a Junior, and his final exam is by far the hardest test I have ever taken in my entire life.",
65,ECON2030 - Auburn University,2030,1.0,4.0,-1,,2004-05-10,"Incoherent ramblings about nonsense, that wasn’t even part of the course.  He is also quite a **** but I guess that goes along with writing your own book, when you get published you now KNOW IT ALL and are a certified smart ass.",
65,ECON2030 - Auburn University,ECON2030,1.0,5.0,-1,,2004-05-15,"absolutely the worst teacher i ever had. i have never studied so hard and got such a poor grade.  the final is impossible and not based on the course,",
65,ECON2030 - Auburn University,ECON2030,3.0,3.0,-1,,2004-05-16,Lectures seldom have to do with what's on the tests. My only advice: Get your hands on as many different old exams as possible and learn every single question on it.,
65,ECON2030 - Auburn University,ECON2030,3.0,5.0,-1,,2004-10-08,Listen that person at the top of the page has no clue what their talking about.  This was probably the hardest class I have taken at Auburn and obviously that person had his old test.,
65,ECON2030 - Auburn University,ECON2030,5.0,2.0,-1,,2005-03-22,"Great profesor. If you attend class and listen, you should do well. He's kind of goofy, so are his power point slides. tries to make class amuzing. He knows his material very well and is very qualified.",
65,ECON2030 - Auburn University,ECON2030,2.0,4.0,-1,,2005-05-07,Possibly the most boring class I've ever taken.  The powerpoint lectures have very little to do with the test.  There are only 3 tests total and they are 33 questions each.  He will curve but it's still extremely difficult to do well in this class.,
65,ECON2030 - Auburn University,2030,2.0,5.0,-1,,2005-05-09,The class was boring especially if business is your minor. I agree the powerpoints and his lecture barely had anything to do with the exam. Very hard to follow. This is not the class if you are the type to not study and still pass because you will fail.,
65,ECON2030 - Auburn University,ECON2030,5.0,3.0,-1,,2005-10-17,"get old tests, very boring in class, and confusing material if you study  into it",
65,ECON2030 - Auburn University,ECON2030,3.0,3.0,-1,,2005-10-19,"Cool Cat.  Makes class bearable by being a funny dude.  Macroecon is hard..... period,  so you have to study.  I would recommend Garrison because you don't want to commit suicide before or after class.  Good Luck Everyone.",
65,ECON2030 - Auburn University,ECON2030,3.0,4.0,-1,,2005-11-02,This guy sucks.  He's so boring and I really want to kill myself when I sit in his class.  On top of that he teaches stuff that people 3 Econ classes ahead of you learn.  Try to get someone else unless you like to listen to a monotone ****bag 3 days a week.,
65,ECON2030 - Auburn University,ECON2030,3.0,4.0,-1,,2005-12-08,THE MOST BORING MAN ALIVE! do not take him.... it is unbearable to  even sit through a lecture. he makes the subject matter harder than necessary. On top of that did I forget to say HE IS BORING,
65,ECON2030 - Auburn University,ECON2030,4.0,1.0,-1,,2005-12-09,"A very boring class, but GO, you will have a huge advantage on the tests.  Also he scales to a 75 on every test.  Since 80% of the class doesn't attend, the class averages are usually around a 60.  Therefore, you can usually make a letter grade less than what you want in the course and still end up with a great grade!",
65,ECON2030 - Auburn University,ECON2030,2.0,4.0,-1,,2005-12-19,"Very boring class.  His tests aren't bad and he gives you practice tests, but his final is horrible.",
65,ECON2030 - Auburn University,ECON2030,3.0,1.0,-1,,2005-12-24,Boring but overall pretty easy.,
65,ECON2030 - Auburn University,ECON2030,3.0,3.0,-1,,2006-01-02,"The class is pretty hard and the lectures are boring, i made an A but that is because the scale was ridiculous! you definitly have to study to do well!",
65,ECON2030 - Auburn University,ECON2030,2.0,4.0,-1,,2006-04-10,"really boring, no incentive to go to class b/c notes are on his website. Unfortunately nothing relevent to the exams are discussed in class or even referred to in the on line power points. If you have any kind of a social life, don't take this class",
65,ECON2030 - Auburn University,ECON2030,3.0,3.0,-1,,2006-04-17,"Class is really boring, however, the scale for his tests are great(usually somewhere between 10 and 15 points). You can easily pass with just a little bit of studying.",
65,ECON2030 - Auburn University,ECON2030,5.0,3.0,-1,,2006-06-26,"Good teacher, his lectures can be boring, but it is macro economics.....  If you can find someone who has the old tests then study them and you will do fine.  Either way you can no ever god to class and just stud for the tests a lot and make atleast a B,",
65,ECON2030 - Auburn University,ECON2030,4.0,3.0,-1,,2006-10-23,The tests are hard but he scales them all.  The best way to do well and not go to class is get the UNOTES.  They saved my life.,
65,ECON2030 - Auburn University,ECON2030,5.0,2.0,-1,,2006-12-08,"Easy class, study the old tests you'll do fine, i never went to class and made a B easy. don't buy the book either, never used it",
65,ECON2030 - Auburn University,ECON2030,5.0,2.0,-1,,2006-12-11,"This class was an easy B for me. The hardest part is actually having to GO to class. Other than that, I did little-to-no work outside of it. I never once opened the book. His tests are pretty hard but he scales them by so much that my grade goes up 2 letter grades each time. I made a 73 on the final & ended up with a 91 after the scale! Take him!",
65,ECON2030 - Auburn University,ECON2030,3.0,3.0,-1,,2006-12-14,"I went to this class, excluding exams, a total of 5 times and came out with a B. I did like him, just was too early for me. He's a good teacher who knows his stuff. The powerpoints were kind of confusing to me (without being in class to have him explain them; tons of graphs), but at least he puts everything you need on WebCT. I'd take him again.",
65,ECON2030 - Auburn University,ECON2030,5.0,3.0,-1,,2006-12-14,"The class is boring, but not because of him. It's econ, it's not that interesting to begin with. Dr. Garrison does try to liven it up with his powerpoints so I'll give him that. If you go to class and try you'll do well. He gives great slides, posts old tests on his website for you to use to study and is helpful. Get him if you can.",
65,ECON2030 - Auburn University,ECON2030,4.0,2.0,-1,,2007-04-03,He knew his stuff. It was easy if you went to class because of the curved test grades. There were only three tests though. I never had to use the book either. You'll understand econ if you take him.,
65,ECON2030 - Auburn University,ECON2030,4.0,3.0,-1,,2007-04-15,"DO NOT BUY THE BOOK! I just wanted to make sure you didnt waste your money on that. Garrison is a good teacher, and if you follow along with the power points, he explains everything in a way that students can understand. Makes the material applicable to whats going on in america today so i found it interesting, even though most might not care",
65,ECON2030 - Auburn University,ECON2030,1.0,1.0,-1,,2007-04-23,Horrible! He makes no sense whatsoever and his slides are useless. Don't bother going to see him because he won't help you.,
65,ECON2030 - Auburn University,ECON2030,2.0,4.0,-1,,2007-05-03,"Nice guy, but not interesting at all.  Don't go to class, don't buy book.  Makes class average 75, will probably end up with a B.",
65,ECON2030 - Auburn University,ECON2030,2.0,2.0,-1,,2007-06-22,"Try to get someone else... it was the longest class I've ever had to endure, and I had him in a mini-mester.",
65,ECON2030 - Auburn University,ECON2030,3.0,3.0,-1,,2008-04-02,Garrison is really boring but not that hard. Most people don't go to class-its super hard to stay awake. The tests can be tricky but he curves them so much that the grades end up being not too bad. Don't buy the book.  He really is a cute old man who totally adores macro and collectors cars.,
65,ECON2030 - Auburn University,ECON2030,4.0,3.0,-1,,2008-05-03,"Teaches the material well and repeats himself a lot. Don't buy the book. Everything you need for the class is online. The tests are tough, but he curves them a lot (over a letter grade). I had a 68 test average and ended up with a B in the class. I recommend taking his class for Macro.",
65,ECON2030 - Auburn University,ECON2030,1.0,3.0,-1,,2008-05-26,Terrible Professor. Doesn't help students and makes very little sense when he lectures. Needs to retire.,
65,ECON2030 - Auburn University,ECON2030,2.0,4.0,-1,,2008-07-28,"Boring and awful teacher!  I just stopped going to class.  Taught myself and passed.  If you want more than just a passing grade you might want to go to class.  Regardless, print out the powerpoints, read all the random articles he gives and do the practice test.",
65,ECON2030 - Auburn University,ECON2030,2.0,5.0,-1,,2009-05-07,Do not take this class! It is impossible! Nothing he says is in the book and his tests are very very hard. The final is cumulative but is only 33 questions. He needs to realize his tests are too hard if he has to curve it over 10 points to make the class average a 73. He needs to retire!,
65,ECON2030 - Auburn University,ECON2030,2.0,5.0,-1,,2010-04-09,He is a nice guy and a genius at macro but doesnt know how to teach it to the undergrad business student. He could be a macro grad prof from how much he expects his students to know. His exams are RIDICULOUSLY HARD. Final is cumulative. His material does not even halfway prepare you for his exams. Needs to implement a study guide.,
65,ECON2030 - Auburn University,ECON2030,2.0,5.0,-1,,2010-05-02,"first test got a 20 point scale (didnt really matter), second test got a 10 point scale. lord knows how many points he will have to scale for the final. point is his tests are too hard for the material at hand. if he made the tests reasonable or somewhat relevant to the material i would enjoy the class a lot more. please retire",
65,ECON2030 - Auburn University,ECON2030,2.0,5.0,-1,,2010-05-02,material is very interesting however the exams are near impossible. each question has at least 4 sentences in it and makes nearly no sense. Im an accounting major with a 3.2 and i am asking for a C in this class. take someone else if you wish to improve/keep your gpa,
65,ECON2030 - Auburn University,ECON2030,2.0,5.0,-1,,2010-05-04,"Garrison is a marcro genius in a bad way he teaches on a level way above any intro class is going to understand. If you can help it don't take the class.  He's very nice but he just can't convey what he wants you to know to you.  If you HAVE to take the class don't ever skip class, take notes like a fiend and maybe you'll escape with a B...maybe",
65,ECON2030 - Auburn University,ECON2030,1.0,5.0,-1,,2010-05-05,"Awful teacher. I don't know where hes getting his test information from. I read the book, read his supplemental readings, and read his powerpoints and made a 60 (thanks to a 20 point kicker) on his first test. 2nd test wasn't much better. I could have had all that with me and still failed the final... I have a 3.6 GPA! Do NOT take him if possible!",
65,ECON2030 - Auburn University,ECON2030,3.0,1.0,-1,,2010-05-07,Really easy class. I made over 100 on the first 2 tests. I didn't really study on the last one and still made some sort of B. He gives back all his tests so just find the old ones. I didn't go to class but 4 times total and made a high A. Read his slides and practice old tests.,
65,ECON2030 - Auburn University,ECO2030,1.0,5.0,-1,,2014-01-09,Has to be one of the worst professors I have ever been taught by. Lectures don't even really seem particularly relevant for a principles course. His teachings are to advanced. Tests are hard.,
66,CSE342 - Lehigh University,CSE342,2.0,5.0,-1,,2010-10-24,"Reads straight from slides. Excessive work. Belittles students in lab if they don't know exactly what to do. Doesn't teach anything necessary for the programming assignments. Overall, completely useless. Take it with Davison.",
66,CSE342 - Lehigh University,CSE342,5.0,3.0,-1,,2010-10-30,She is a very nice professor. Very helpful and willing to spend extra time if you have questions.,
66,CSE342 - Lehigh University,CSE342,2.0,5.0,-1,,2010-11-19,"Always has a smile in class, but not very clear in lectures. Homework's are very long. Labs are easy, but projects are hard. Make sure you know unix and C inside out before taking this course.",
66,CSE342 - Lehigh University,CSE342,5.0,2.0,-1,,2011-03-28,Very friendly and helpful at clarifying topics.  Always willing to give individual attention and makes class FUN by relating material to student life.  Highly recommend this professor.,
66,CSE342 - Lehigh University,CSE342,1.0,4.0,-1,,2022-04-14,The midterm is absolutely impossible to pass. The assignment requirements are very vague and the professor is very tough on grades.,Group projects
67,EE230 - Iowa State University,EE230,2.0,5.0,-1,,2006-12-05,"One of the hardest classes I've taken, and it shouldn't have been.  He flies through math during lecture and misses the point of questions asked during class.  We had retakes for 2/3 exams and the avg was still around a 60%.  He is completely unresponsive to student feedback, even though he seems like a really nice guy.  He will expect 20hrs/wk+.",
67,EE230 - Iowa State University,EE230,3.0,5.0,-1,,2010-03-10,"Arguably the worst professor I've ever had, teaching-wise.  His HW assignments are way too advanced and confusing compared to what he discusses in lectures.  Labs were a mess, not even the TA's really knew what was going on, and the labs regularly took 1-3 hours to complete beyond the 3 hour lab time.  Helpful if you talk to him in person, though.",
67,EE230 - Iowa State University,EE230,5.0,5.0,-1,,2010-05-15,"Geiger is a hard teacher, but he really cares about his students and wants them to understand the material.  Multiple times he spent almost an hour with me in his office and explained concepts. He really knows his stuff.  He takes attendance randomly and gives quizzes based on a students guess between 1 and 10",
67,EE230 - Iowa State University,EE230,5.0,5.0,-1,,2010-05-23,"a really good teacher. he's the TOP professor in the analog circuit. if you really want to learn EE, you should take his course. at the same time, enjoy long HWs and sooo long labs. good luck.",
67,EE230 - Iowa State University,EE230,2.0,5.0,-1,,2011-04-10,"Extremely difficult professor. First class I've ever failed. The class started with eighty people, but only thirty attempted the final. He did try to help us by eliminating our worst test score, but thats not much help when his tests are impossible. There's usually three questions per topic: one basic, one difficult, and one insane.",
68,CEG402 - Wright State University,CEG402,3.0,2.0,-1,,2004-06-14,"He's a bit difficult to understand and his lectures seem a little unorganized.  The projects in this class are somewhat difficult.  He's an average professor, not really good or bad.",
68,CEG402 - Wright State University,CEG402,1.0,5.0,-1,,2004-10-27,Useless guy. His language is horrible. All he does in class is write notes on the board/transparencies. Avoid this class if you can. I have also heard complaints that his grading is arbitrary.,
68,CEG402 - Wright State University,CEG402,4.0,3.0,-1,,2005-04-13,"The last post isn't even for this prof. Wang is soft-spoken and sometimes unclear. Exam/homework questions seem to come from left field but aren't really that hard. Prof definitely lacks ability to motivate students, possibly even causing loss of motivation.",
68,CEG402 - Wright State University,CEG402,3.0,3.0,-1,,2005-06-14,Pretty much middle of the road.  My only complaint would be that his lectures are a little unorganized.,
68,CEG402 - Wright State University,CEG402,3.0,5.0,-1,,2010-03-20,"He almost exclusively read from his slides and skipped all over them. His TA, Hemant Purohit, graded with practically no partial credit. The grading may not have been Wang's doing, but Wang did nothing to correct it. Lastly, there was only one A in the class of 24, and the average on the final was a low D. My classmates and I aren't stupid.",
68,CEG402 - Wright State University,CEG402,2.0,4.0,-1,,2010-04-01,"The most discouraging professor I have had to date. Just reads straight from his slides during lecture, and never covers material pertaining to the projects he assigns. Around half of his exam questions seem to come out of nowhere. Average Final Exam Score was a low D. Average Course Score was a low C. Does not seem to curve. Avoid if possible.",
68,CEG402 - Wright State University,CEG402,2.0,5.0,-1,,2010-05-28,"I would avoid him at all costs. He reads word for word from the slides, assigns two programming projects during the quarter and not once does he mention them during class. Exams are ridiculous pretty much crap he's never even gone over during class. Labs are easy though but they don't determine squat. AVOID AVOID AVOID",
69,COMS207 - Iowa State University,COMS207,4.0,4.0,-1,,2006-04-21,"This class was very hard for being a class for the nonprogrammer.  Alex did, however, try to offer as much help as possible.  Weekly homeworks are worth only 2 points and take at least 2 hours to complete, in my case.  The exams take a very long time, as well.  One &quot;hour long&quot; exam took, on average, 3 hours.",
69,COMS207 - Iowa State University,COMS207,2.0,3.0,-1,,2006-05-24,This guy didn't know how to teach the novice programmer.  I passed the class but not because of any help he could give... I studied and I think that he may want to try to find another class if he is teaching!,
69,COMS207 - Iowa State University,COMS207,5.0,4.0,-1,,2006-08-31,"Alex is an awesome professor! He really cares about his students and if you talk to him he will help you pass the class. He adds humor into his lectures to help you listen. You DO have to learn in this class, otherwise the tests will be pretty tough. Pay attention and get help from the TA's, and you should be able to get through this class fine.",
69,COMS207 - Iowa State University,COMS207,5.0,3.0,-1,,2006-11-03,"Like stated before, being a business major, I though it went quite in depth but I don't know everything about java before I enter the class.  Going to lectures and the homework are VERY important to passing the class  The exams are quite long but they are open book and notes so not too bad, just long.",
69,COMS207 - Iowa State University,COMS207,3.0,4.0,-1,,2007-11-12,"Ive taken many computer science classes before this one and found this to be the easiest one yet. Its sometimes hard to understand what he is talking about at times,but he does a good job trying to explain it to you. He is willing to work with you if you have trouble with problems. Homework is easy compared to other classes. claims if you try=pass.",
70,CS1502 - University of Pittsburgh,CS1502,5.0,4.0,-1,,2001-12-12,No Comments,
70,CS1502 - University of Pittsburgh,CS1502,5.0,2.0,-1,,2002-12-05,Wacky Novacky is the best teacher the CS Department has. He will keep you commin,
70,CS1502 - University of Pittsburgh,CS1502,5.0,1.0,-1,,2002-12-21,One of the top 3 professors I've had in 3.5 years at Pitt!,
70,CS1502 - University of Pittsburgh,CS1502,5.0,3.0,-1,,2003-04-26,"The best computer science teacher at Pitt.  Easy to understand, fair exams, and really enthusiastic about the material.  He's also very willing to listen and help with problems.  A+.",
70,CS1502 - University of Pittsburgh,1502,5.0,3.0,-1,,2003-10-14,"Easily the best CS prof there is.  Wacky, fun and he likes Star Trek!",
70,CS1502 - University of Pittsburgh,CS1502,5.0,2.0,-1,,2003-10-21,Great prof. Makes class fun to go to because you'll never know what he'll say. Ask about the time he ripped his pants.,
70,CS1502 - University of Pittsburgh,CS1502,5.0,2.0,-1,,2005-03-01,"Great professor.  Not the most exciting material, but you don't want to miss class because you don't want to miss a word he says.  Extrmeely funny and irreverant - not a common thing in the CS dept.",
70,CS1502 - University of Pittsburgh,CS1502,3.0,2.0,-1,A+,2015-04-08,"Easy class. Just show up for exams and put some effort into the homework and you'll be fine. Dr. Novacky can be hard to reach when seeking clarification, though. He also has a tendency to get lost in problems he's trying to work through in lecture.",
71,CSCI3022 - University of Colorado Boulder,CSCI3022,1.0,5.0,0,D,2021-10-02,Tells everyone that students that they won't do good on the first day. Never gives feedback on homework. Stay away if u can.,"Lots of homework, Tough grader"
71,CSCI3022 - University of Colorado Boulder,CSCI3022,5.0,3.0,1,,2021-12-14,"He's a really clear lecturer and does well with online classes. There's an automatic 12.5% extra credit built into the grade, so the class isn't too hard even though the homeworks can take a while.","Amazing lectures, EXTRA CREDIT"
71,CSCI3022 - University of Colorado Boulder,CSCI3022,5.0,2.0,1,,2021-12-15,"This is the first math-y course I've actually enjoyed, I feel like I learned a ton and the class itself wasn't that difficult. His lectures have all of the info you need for the class.","Graded by few things, Clear grading criteria, Amazing lectures"
71,CSCI3022 - University of Colorado Boulder,CSCI3022,4.0,3.0,1,A,2021-12-21,This class was relatively good in my opinion. Prof Cox kinda just reads off slides but taking good notes on his slides are all you really need to succeed in this class. I put in a ton of effort after failing a couple quizzes to actually read/understand the slides and stopped reading the textbook but ended up doing really well on quizzes + exams.,"Get ready to read, EXTRA CREDIT"
72,MACM101 - Simon Fraser University,MACM101,4.0,1.0,-1,,2015-07-25,"He's very modest and considerate,  and generally a nice guy. Straightforward lectures, he encourages you to ask questions and seek for help if needed. Deserves more respect.",
72,MACM101 - Simon Fraser University,MACM101,3.0,3.0,0,,2017-09-07,"VERY boring lecturer but VERY fair exams. He is not a good presenter to say the least, but he is a genuinely nice guy if you actually seek for help outside of class. Just do all your homework and you'll be good.","ACCESSIBLE OUTSIDE CLASS, Caring"
72,MACM101 - Simon Fraser University,MACM101,1.0,3.0,0,,2019-01-26,"During the lectures he usually reads through his slides with few explanation, frustrating.","Tough Grader, Skip class? You won't pass., LECTURE HEAVY"
72,MACM101 - Simon Fraser University,MACM101,2.0,3.0,0,,2019-04-09,the course isnt necessarily hard and ramesh isnt even necessarily a bad prof if you go to his office hours and ask for help... its just that his lectures in class are literally so bland and boring because he reads his notes out loud with little to no extra input... you can still do well in the class with self studying and trevtutor... lol,
72,MACM101 - Simon Fraser University,MACM101,1.0,3.0,0,Not sure yet,2019-04-18,"His lecture materials( class slides ) are arranged in a unreadable way and also, there are several concept mistakes in his given slides. Really frustrating when trying to apply these wrong theorems. Besides this, he only reads his slides out loud during lecture, not caring if people is keeping up.","Get ready to read, Test heavy, Tough grader"
72,MACM101 - Simon Fraser University,MACM101,1.0,5.0,0,,2019-04-19,lecture slides are useless and ramesh can't teach at all. He just reads off the lecture slides with no emotion.,"Graded by few things, Test heavy"
72,MACM101 - Simon Fraser University,MACM101,1.0,2.0,0,A-,2019-05-14,"Ramesh's teachings are mediocre at best; Class moves slow and is boring. Taking MACM 101 with another prof will almost guarantee a better learning outcome/experience. Ramesh is also almost never accessible out side of class. Midterms takes a month to mark and another two months to see your exam. Overall, TERRIBLE prof.",Get ready to read
73,CS6360 - University of Texas at Dallas,CS6360,4.0,5.0,-1,,2008-04-20,No Comments,
73,CS6360 - University of Texas at Dallas,CS6360,1.0,5.0,-1,,2008-04-29,His teaching is pathetic.Databases is something which we have done in our undergrad and know most of the things.But he confuses u a lot and makes u unlearn all the things and makes u learn it all over again. clarity is poor.the course is made highly tough unnecessarily.xml should be included.,
73,CS6360 - University of Texas at Dallas,CS6360,2.0,5.0,-1,B,2015-06-16,Worst class . ended up screwing grade .. Worst teacher for worst subject in UTD . Take his course is a pure risk .,
73,CS6360 - University of Texas at Dallas,CS6360,1.0,5.0,-1,,2016-01-15,Mediocre! Tough accent. Doesn't cover the syllabus. Poor grading. Confused himself. Difficult exams. Surprised he is still around! Teaching unbelievably bad. Overrated for sure! Rarely holds office hours.,
73,CS6360 - University of Texas at Dallas,CS6360,2.0,5.0,0,,2017-09-30,Professor is not good. Better avoid his class. Explanation of the subject matter is poor. Accent is poor.,"Tough Grader, Get ready to read, Hilarious"
73,CS6360 - University of Texas at Dallas,CS6360,1.0,5.0,0,A,2017-11-07,Not good. Poor Explanation. Grading strict. Suggest not to take his class.,"Tough Grader, Hilarious, GROUP PROJECTS"
73,CS6360 - University of Texas at Dallas,CS6360,1.0,5.0,0,,2017-11-11,"Seriously? Do you want to take his class? Please ask your seniors about how he is. To cut a long story short, DON'T TAKE IT.","Tough Grader, Get ready to read, Hilarious"
73,CS6360 - University of Texas at Dallas,CS6360,1.0,5.0,0,,2017-11-11,"I strongly recommend against taking this professor's class. It will be a complete disaster, trust me. He holds office hours once in a week and so early in the morning(8-10), with the primary objective of avoiding as many students as possible. Teaching is worst. Grading is worst although he knows his teaching is worst.","Tough Grader, Hilarious, LECTURE HEAVY"
73,CS6360 - University of Texas at Dallas,CS6360,5.0,3.0,1,,2017-12-14,"Professor is pretty brilliant and nice, although course is a little difficult, the exam is easy and you can get a decent grade if you study hard.","Respected, Get ready to read"
73,CS6360 - University of Texas at Dallas,CS6360,5.0,4.0,1,Not sure yet,2017-12-17,"One of the most wonderful professor I've seen, good temper, trying to explain everything which he consider as useful for students. Although need you to pay a little bit more attention off class for comprehending, still amazing professor with amazing course.","Amazing lectures, Would take again"
73,CS6360 - University of Texas at Dallas,CS6360,1.0,5.0,0,,2018-01-20,If you are going to take the class because department told you to do so then dont. He does not cover all questions aksed in QE. Absolute nonsense.,"Get ready to read, Hilarious, LECTURE HEAVY"
73,CS6360 - University of Texas at Dallas,CS6360,1.0,5.0,0,,2018-01-25,take his class only if you have no options left in life at all,"Get ready to read, Hilarious, LECTURE HEAVY"
73,CS6360 - University of Texas at Dallas,CS6360,1.0,5.0,0,,2018-01-25,worst professor ever faced . poor teaching.,"Tough Grader, Get ready to read, Hilarious"
73,CS6360 - University of Texas at Dallas,CS6360,1.0,5.0,0,A,2018-01-25,"If you are looking for his rating, maybe the department told you to take his class because he is taking qualifying exam. And if you take his class, you will have to take the QE exam again because he is not going to cover the topics for QE neither does he actually sets questions for QE.","Get ready to read, Hilarious, LECTURE HEAVY"
73,CS6360 - University of Texas at Dallas,CS6360,1.0,5.0,0,A,2018-01-25,Pathetic and pitiful. Qualifying Exam giving students be careful. He is going to screw you guys up.,"Tough Grader, Hilarious, TEST HEAVY"
73,CS6360 - University of Texas at Dallas,CS6360,2.0,2.0,0,A,2018-10-19,this is awful professor.,SO MANY PAPERS
73,CS6360 - University of Texas at Dallas,CS6360,5.0,4.0,1,A,2019-01-15,He is clear about what he is teaching. He is really good. He discusses useful stuff,"Respected, Amazing lectures, Caring"
73,CS6360 - University of Texas at Dallas,CS6360,5.0,4.0,1,A,2021-12-22,"As per my recent experience in CS6360, Fall 2021. He improved many aspects mentioned in older comments. The teaching style is still not so good but he curves heavily, exams papers are concise(fill the blanks type). All content of lectures is from the book, so just follow the book and solve exercises, you will get an A.","Get ready to read, Group projects, Caring"
73,CS6360 - University of Texas at Dallas,CS6360,2.0,3.0,0,B+,2021-12-26,Okay here's the deal. Chances are you took this class because you enrolled last minute. Tough luck because this guy is the worst. He's a good guy but with all due respect he's the worst teacher. Fortunately here's your guide to an A : Show up to class and make an impression Go through the entire textbook Good luck :),"Participation matters, Test heavy, Tough grader"
73,CS6360 - University of Texas at Dallas,CS6360,4.0,3.0,1,A,2022-01-22,Dr. Kantarcioglu tries hard to help students understand the concepts.,"Accessible outside class, Test heavy, Caring"
73,CS6360 - University of Texas at Dallas,CS6360,1.0,5.0,-1,Not sure yet,2022-12-13,"You don't understand the class even if you try so hard. He is strong on subject, but fails to teach well to the students. I recommend not taking him if you want to gain good knowledge on DB subject. But if you took him as you can't find any alternative, just read text book and do his assignments to do well in the exam. Project also has 30% credit.","Participation matters, Lecture heavy, Graded by few things"
73,CS6360 - University of Texas at Dallas,CS6360,2.0,4.0,-1,,2022-12-19,"The lectures are difficult to understand. The professor doesn't teach properly. Assignments and projects are helpful, but you have to put all your effort. The lecture slides are useless and would recommend to refer the textbook provided.","Get ready to read, Group projects"
73,CS6360 - University of Texas at Dallas,CS6360,1.0,4.0,-1,A,2022-12-23,His homework does help to an extent with exams. One major project is worth doing. His lectures are difficult to understand. Lecture slides don't contain everything. Textbooks are easier to read. He gives good grades to everyone at the end.,"Group projects, Clear grading criteria, Test heavy"
