course,file,ext,w,h,ratio,verdict,note
AE115_-_University_of_Waterloo,100_6.04_Exception_classes.pptx,.pptx,960,720,1.3333,slide,
AE115_-_University_of_Waterloo,101_6.05_A_widget_class_for_grphaical_user_interfaces.pdf,.pdf,720,540,1.3333,slide,
AE115_-_University_of_Waterloo,102_6.05_A_widget_class_for_grphaical_user_interfaces.pptx,.pptx,960,720,1.3333,slide,
AE115_-_University_of_Waterloo,103_7.13_Switch_statement.pptx,.pptx,960,720,1.3333,slide,
AE115_-_University_of_Waterloo,104_7.5_Counting_sort.pptx,.pptx,960,720,1.3333,slide,
AE115_-_University_of_Waterloo,105_0.Welcome.pptx,.pptx,960,720,1.3333,slide,
AE115_-_University_of_Waterloo,106_A_polynomial_class.pdf,.pdf,612,792,0.7727,document,
AE115_-_University_of_Waterloo,107_Date_class.pdf,.pdf,612,792,0.7727,document,
AE115_-_University_of_Waterloo,10_1.09_Logical_operators.pptx,.pptx,960,720,1.3333,slide,
AE115_-_University_of_Waterloo,11_1.11_For_loops.pptx,.pptx,960,720,1.3333,slide,
AE115_-_University_of_Waterloo,12_1.11_For_loops.pptx,.pptx,960,720,1.3333,slide,
AE115_-_University_of_Waterloo,13_1.12_Scope_of_local_variables.pptx,.pptx,960,720,1.3333,slide,
AE115_-_University_of_Waterloo,14_1.12_Scope_of_local_variables.pptx,.pptx,960,720,1.3333,slide,
AE115_-_University_of_Waterloo,15_1.13_Break_statements.pptx,.pptx,960,720,1.3333,slide,
AE115_-_University_of_Waterloo,16_1.13_Break_statements.pptx,.pptx,960,720,1.3333,slide,
AE115_-_University_of_Waterloo,17_1.14_While_loops.pptx,.pptx,960,720,1.3333,slide,
AE115_-_University_of_Waterloo,18_1.15_Structured_programming_theorem.pptx,.pptx,960,720,1.3333,slide,
AE115_-_University_of_Waterloo,19_1.16_The_call_stack.pptx,.pptx,960,720,1.3333,slide,
AE115_-_University_of_Waterloo,1_1.01_Hello_world.pptx,.pptx,960,720,1.3333,slide,
AE115_-_University_of_Waterloo,20_1.16_The_call_stack.pptx,.pptx,960,720,1.3333,slide,
AE115_-_University_of_Waterloo,21_1.17_Libraries_and_calling_functions.pptx,.pptx,960,720,1.3333,slide,
AE115_-_University_of_Waterloo,22_1.17_Libraries_and_calling_functions.pptx,.pptx,960,720,1.3333,slide,
AE115_-_University_of_Waterloo,23_1.18_Writing_functions.pptx,.pptx,960,720,1.3333,slide,
AE115_-_University_of_Waterloo,24_1.18_Writing_functions.pptx,.pptx,960,720,1.3333,slide,
AE115_-_University_of_Waterloo,25_1.18a_Function_tutorial.pptx,.pptx,960,720,1.3333,slide,
AE115_-_University_of_Waterloo,26_1.18b_Compiler_errors.pptx,.pptx,960,720,1.3333,slide,
AE115_-_University_of_Waterloo,27_1.19_Assertions.pptx,.pptx,960,720,1.3333,slide,
AE115_-_University_of_Waterloo,28_1.20_Code_development_strategies.pptx,.pptx,960,720,1.3333,slide,
AE115_-_University_of_Waterloo,29_1.21_Testing.pptx,.pptx,960,720,1.3333,slide,
AE115_-_University_of_Waterloo,2_1.02_Anatomy_of_a_program.pptx,.pptx,960,720,1.3333,slide,
AE115_-_University_of_Waterloo,30_1.22_Comments.pptx,.pptx,960,720,1.3333,slide,
AE115_-_University_of_Waterloo,31_1.23_Logging.pptx,.pptx,960,720,1.3333,slide,
AE115_-_University_of_Waterloo,32_1.24_Debugging.pptx,.pptx,960,720,1.3333,slide,
AE115_-_University_of_Waterloo,33_1.25_Binary_and_hexadecimal.pptx,.pptx,960,720,1.3333,slide,
AE115_-_University_of_Waterloo,34_1.26_Integer_data_types.pptx,.pptx,960,720,1.3333,slide,
AE115_-_University_of_Waterloo,35_1.27_Bit-wise_and_-shift_operators.pptx,.pptx,960,720,1.3333,slide,
AE115_-_University_of_Waterloo,36_1.28_Floating-point_data_types.pptx,.pptx,960,720,1.3333,slide,
AE115_-_University_of_Waterloo,37_1.29_The_const_keyword.pptx,.pptx,960,720,1.3333,slide,
AE115_-_University_of_Waterloo,38_1.30_Default_values_of_parameters.pptx,.pptx,960,720,1.3333,slide,
AE115_-_University_of_Waterloo,39_1.31_References_and_aliases.pptx,.pptx,960,720,1.3333,slide,
AE115_-_University_of_Waterloo,3_1.03_Literal_data.pptx,.pptx,960,720,1.3333,slide,
AE115_-_University_of_Waterloo,40_1.32_Arrays.pptx,.pptx,960,720,1.3333,slide,
AE115_-_University_of_Waterloo,41_1.33_More_on_arrays.pptx,.pptx,960,720,1.3333,slide,
AE115_-_University_of_Waterloo,42_1.34_Main_memory.pptx,.pptx,960,720,1.3333,slide,
AE115_-_University_of_Waterloo,43_1.35_Call_stack.pptx,.pptx,960,720,1.3333,slide,
AE115_-_University_of_Waterloo,44_1.36_C-style_strings.pptx,.pptx,960,720,1.3333,slide,
AE115_-_University_of_Waterloo,45_1.37_Section_1_summary.pptx,.pptx,960,720,1.3333,slide,
AE115_-_University_of_Waterloo,46_1.A_Ternary_operator.pptx,.pptx,960,720,1.3333,slide,
AE115_-_University_of_Waterloo,47_2.01_Addresses_and_pointers.pptx,.pptx,960,720,1.3333,slide,
AE115_-_University_of_Waterloo,48_2.02_Dynamic_memory_allocation.pptx,.pptx,960,720,1.3333,slide,
AE115_-_University_of_Waterloo,49_2.03_Dynamic_allocation_of_arrays.pptx,.pptx,960,720,1.3333,slide,
AE115_-_University_of_Waterloo,4_1.04_Identifiers.pptx,.pptx,960,720,1.3333,slide,
AE115_-_University_of_Waterloo,50_2.04_Lifetime_of_dynamically_allocated_memory.pptx,.pptx,960,720,1.3333,slide,
AE115_-_University_of_Waterloo,51_2.05_Problems_with_pointers.pptx,.pptx,960,720,1.3333,slide,
AE115_-_University_of_Waterloo,52_2.05.1_Wild_pointers.pptx,.pptx,960,720,1.3333,slide,
AE115_-_University_of_Waterloo,53_2.05.2_Dangling_pointers.pptx,.pptx,960,720,1.3333,slide,
AE115_-_University_of_Waterloo,54_2.05.3_Memory_leaks.pptx,.pptx,960,720,1.3333,slide,
AE115_-_University_of_Waterloo,55_2.06_Using_dynamic_memory_allocation.pptx,.pptx,960,720,1.3333,slide,
AE115_-_University_of_Waterloo,56_2.07_Protecting_pointers.pptx,.pptx,960,720,1.3333,slide,
AE115_-_University_of_Waterloo,57_3_Algorithms.pptx,.pptx,960,720,1.3333,slide,
AE115_-_University_of_Waterloo,58_3.01_Searchign_an_array.pptx,.pptx,960,720,1.3333,slide,
AE115_-_University_of_Waterloo,59_3.02_Sorted_arrays.pptx,.pptx,960,720,1.3333,slide,
AE115_-_University_of_Waterloo,5_1.05_Local_variables.pptx,.pptx,960,720,1.3333,slide,
AE115_-_University_of_Waterloo,60_3.03_Binary_search.pptx,.pptx,960,720,1.3333,slide,
AE115_-_University_of_Waterloo,61_3.04_Selection_sort.pptx,.pptx,960,720,1.3333,slide,
AE115_-_University_of_Waterloo,62_3.05_Insertion_sort.pptx,.pptx,960,720,1.3333,slide,
AE115_-_University_of_Waterloo,63_3.06_Recursive_algorithms.pptx,.pptx,960,720,1.3333,slide,
AE115_-_University_of_Waterloo,64_3.07_Recursive_mathematical_functions.pptx,.pptx,960,720,1.3333,slide,
AE115_-_University_of_Waterloo,65_3.08_Solving_problems_recursively.pptx,.pptx,960,720,1.3333,slide,
AE115_-_University_of_Waterloo,66_3.13_Reduce.pptx,.pptx,960,720,1.3333,slide,
AE115_-_University_of_Waterloo,67_3.15_Partition.pptx,.pptx,960,720,1.3333,slide,
AE115_-_University_of_Waterloo,68_3.16_Transform-reduce.pptx,.pptx,960,720,1.3333,slide,
AE115_-_University_of_Waterloo,69_3.17_Inner_product.pptx,.pptx,960,720,1.3333,slide,
AE115_-_University_of_Waterloo,6_1.07_Arithmetic_operators.pptx,.pptx,960,720,1.3333,slide,
AE115_-_University_of_Waterloo,70_3.18_Adjacent_difference.pptx,.pptx,960,720,1.3333,slide,
AE115_-_University_of_Waterloo,71_3.21_Catalan_numbers.pptx,.pptx,960,720,1.3333,slide,
AE115_-_University_of_Waterloo,72_3.25_Non-binary_partitions.pptx,.pptx,960,720,1.3333,slide,
AE115_-_University_of_Waterloo,73_3.26_Swapping_between_arrays.pptx,.pptx,960,720,1.3333,slide,
AE115_-_University_of_Waterloo,74_3.9_Rotating_an_array_to_the_left_using_reverse.pptx,.pptx,960,720,1.3333,slide,
AE115_-_University_of_Waterloo,75_4_Introduction_to_classes.pptx,.pptx,960,720,1.3333,slide,
AE115_-_University_of_Waterloo,76_4.01_class_data_structures.pdf,.pdf,720,540,1.3333,slide,
AE115_-_University_of_Waterloo,77_4.01_class_data_structures.pptx,.pptx,960,720,1.3333,slide,
AE115_-_University_of_Waterloo,78_4.02_Namespaces_and_cout.pptx,.pptx,960,720,1.3333,slide,
AE115_-_University_of_Waterloo,79_4.03_Functions_on_objects.pptx,.pptx,960,720,1.3333,slide,
AE115_-_University_of_Waterloo,7_1.08_Conditional_statements_and_comparison_operators.pptx,.pptx,960,720,1.3333,slide,
AE115_-_University_of_Waterloo,80_4.04_Operator_overloading.pptx,.pptx,960,720,1.3333,slide,
AE115_-_University_of_Waterloo,81_4.05_Issues_with_member_variables.pptx,.pptx,960,720,1.3333,slide,
AE115_-_University_of_Waterloo,82_4.06_Using_member_functions.pptx,.pptx,960,720,1.3333,slide,
AE115_-_University_of_Waterloo,83_4.07_Throwing_and_catching_exceptions.pptx,.pptx,960,720,1.3333,slide,
AE115_-_University_of_Waterloo,84_4.08_Classes_encapsulation_and_constructors.pptx,.pptx,960,720,1.3333,slide,
AE115_-_University_of_Waterloo,85_4.09_Classes_and_the_need_for_encapsulation.pptx,.pptx,960,720,1.3333,slide,
AE115_-_University_of_Waterloo,86_4.11_Classes_arrays_and_dynamic_allocation.pptx,.pptx,960,720,1.3333,slide,
AE115_-_University_of_Waterloo,87_4.12_Character_set_class.pdf,.pdf,720,540,1.3333,slide,
AE115_-_University_of_Waterloo,88_4.12_Character_set_class.pptx,.pptx,960,720,1.3333,slide,
AE115_-_University_of_Waterloo,89_5.01_Issues_with_arrays.pptx,.pptx,960,720,1.3333,slide,
AE115_-_University_of_Waterloo,8_1.08_Conditional_statements_and_comparison_operators.pptx,.pptx,960,720,1.3333,slide,
AE115_-_University_of_Waterloo,90_5.02_Introduction_to_linked_lists.pptx,.pptx,960,720,1.3333,slide,
AE115_-_University_of_Waterloo,91_5.03_Linked_lists_with_dynamic_allocation.pptx,.pptx,960,720,1.3333,slide,
AE115_-_University_of_Waterloo,92_5.04_A_linked_list_with_a_list-size_member_variable.pptx,.pptx,960,720,1.3333,slide,
AE115_-_University_of_Waterloo,93_5.05_A_linked_list_with_a_back_pointer.pptx,.pptx,960,720,1.3333,slide,
AE115_-_University_of_Waterloo,94_5.06_Concatenating_two_linked_lists.pptx,.pptx,960,720,1.3333,slide,
AE115_-_University_of_Waterloo,95_6.01_Inheritance.pptx,.pptx,960,720,1.3333,slide,
AE115_-_University_of_Waterloo,96_6.02_A_base_linked_list_class.pdf,.pdf,720,540,1.3333,slide,
AE115_-_University_of_Waterloo,97_6.02_A_base_linked_list_class.pptx,.pptx,960,720,1.3333,slide,
AE115_-_University_of_Waterloo,98_6.03_A_window_class_for_grphaical_user_interfaces.pdf,.pdf,720,540,1.3333,slide,
AE115_-_University_of_Waterloo,99_6.03_A_window_class_for_grphaical_user_interfaces.pptx,.pptx,960,720,1.3333,slide,
AE115_-_University_of_Waterloo,9_1.09_Logical_operators.pptx,.pptx,960,720,1.3333,slide,
AMAT307_-_University_of_Calgary,10_ch5.ppt,.ppt,960,720,1.3333,slide,
AMAT307_-_University_of_Calgary,11_ch6.pdf,.pdf,718,538,1.3346,slide,
AMAT307_-_University_of_Calgary,12_ch6.ppt,.ppt,960,720,1.3333,slide,
AMAT307_-_University_of_Calgary,13_ch7.pdf,.pdf,718,538,1.3346,slide,
AMAT307_-_University_of_Calgary,14_ch7v2.ppt,.ppt,960,720,1.3333,slide,
AMAT307_-_University_of_Calgary,15_ch8.pdf,.pdf,720,540,1.3333,slide,
AMAT307_-_University_of_Calgary,16_ch8.ppt,.ppt,960,720,1.3333,slide,
AMAT307_-_University_of_Calgary,17_ch9.pdf,.pdf,720,540,1.3333,slide,
AMAT307_-_University_of_Calgary,18_ch9.ppt,.ppt,960,720,1.3333,slide,
AMAT307_-_University_of_Calgary,19_ch10.pdf,.pdf,720,540,1.3333,slide,
AMAT307_-_University_of_Calgary,1_ch1.pdf,.pdf,720,540,1.3333,slide,
AMAT307_-_University_of_Calgary,20_ch10.ppt,.ppt,960,720,1.3333,slide,
AMAT307_-_University_of_Calgary,21_ch11.pdf,.pdf,718,538,1.3346,slide,
AMAT307_-_University_of_Calgary,22_ch11.ppt,.ppt,960,720,1.3333,slide,
AMAT307_-_University_of_Calgary,23_ch12.pdf,.pdf,718,538,1.3346,slide,
AMAT307_-_University_of_Calgary,24_ch12.ppt,.ppt,960,720,1.3333,slide,
AMAT307_-_University_of_Calgary,2_ch1.ppt,.ppt,960,720,1.3333,slide,
AMAT307_-_University_of_Calgary,3_ch2.pdf,.pdf,720,540,1.3333,slide,
AMAT307_-_University_of_Calgary,4_ch2.ppt,.ppt,960,720,1.3333,slide,
AMAT307_-_University_of_Calgary,5_ch3.pdf,.pdf,720,540,1.3333,slide,
AMAT307_-_University_of_Calgary,6_ch3.ppt,.ppt,960,720,1.3333,slide,
AMAT307_-_University_of_Calgary,7_ch4.pdf,.pdf,720,540,1.3333,slide,
AMAT307_-_University_of_Calgary,8_ch4.ppt,.ppt,960,720,1.3333,slide,
AMAT307_-_University_of_Calgary,9_ch5.pdf,.pdf,718,538,1.3346,slide,
ANTH124S_-_University_of_California_Los_Angeles,10_05_binary-logic.pptx,.pptx,960,720,1.3333,slide,
ANTH124S_-_University_of_California_Los_Angeles,11_06_projects.pdf,.pdf,612,792,0.7727,document,
ANTH124S_-_University_of_California_Los_Angeles,12_06_projects.pptx,.pptx,960,720,1.3333,slide,
ANTH124S_-_University_of_California_Los_Angeles,13_07_sensors.pdf,.pdf,612,792,0.7727,document,
ANTH124S_-_University_of_California_Los_Angeles,14_07_sensors.pptx,.pptx,960,720,1.3333,slide,
ANTH124S_-_University_of_California_Los_Angeles,15_08_odds-ends.pdf,.pdf,612,792,0.7727,document,
ANTH124S_-_University_of_California_Los_Angeles,16_08_odds-ends.pptx,.pptx,960,720,1.3333,slide,
ANTH124S_-_University_of_California_Los_Angeles,17_09_project-tips.pdf,.pdf,612,792,0.7727,document,
ANTH124S_-_University_of_California_Los_Angeles,18_09_project-tips.pptx,.pptx,960,720,1.3333,slide,
ANTH124S_-_University_of_California_Los_Angeles,19_10_under-the-hood.pdf,.pdf,612,792,0.7727,document,
ANTH124S_-_University_of_California_Los_Angeles,1_01_crash-course.pdf,.pdf,612,792,0.7727,document,
ANTH124S_-_University_of_California_Los_Angeles,20_10_under-the-hood.pptx,.pptx,960,720,1.3333,slide,
ANTH124S_-_University_of_California_Los_Angeles,21_11_assembly.pdf,.pdf,612,792,0.7727,document,
ANTH124S_-_University_of_California_Los_Angeles,22_11_assembly.pptx,.pptx,960,720,1.3333,slide,
ANTH124S_-_University_of_California_Los_Angeles,23_12_timers.pdf,.pdf,612,792,0.7727,document,
ANTH124S_-_University_of_California_Los_Angeles,24_12_timers.pptx,.pptx,960,720,1.3333,slide,
ANTH124S_-_University_of_California_Los_Angeles,2_01_crash-course.pptx,.pptx,960,720,1.3333,slide,
ANTH124S_-_University_of_California_Los_Angeles,3_02_lab1.pdf,.pdf,612,792,0.7727,document,
ANTH124S_-_University_of_California_Los_Angeles,4_02_lab1.pptx,.pptx,960,720,1.3333,slide,
ANTH124S_-_University_of_California_Los_Angeles,5_03_motors.pdf,.pdf,612,792,0.7727,document,
ANTH124S_-_University_of_California_Los_Angeles,6_03_motors.pptx,.pptx,960,720,1.3333,slide,
ANTH124S_-_University_of_California_Los_Angeles,7_04_LCD-key-intrpt.pdf,.pdf,792,612,1.2941,slide,
ANTH124S_-_University_of_California_Los_Angeles,8_04_LCD-key-intrpt.pptx,.pptx,960,720,1.3333,slide,
APSC115_-_George_Washington_University,10_10-115sp14-heat5.pdf,.pdf,792,612,1.2941,slide,
APSC115_-_George_Washington_University,11_11-115sp14-thermo1.pdf,.pdf,792,612,1.2941,slide,
APSC115_-_George_Washington_University,12_12-115sp14-thermo2.pdf,.pdf,792,612,1.2941,slide,
APSC115_-_George_Washington_University,13_13-115sp14-thermo3.pdf,.pdf,792,612,1.2941,slide,
APSC115_-_George_Washington_University,14_14-115sp14-thermo4.pdf,.pdf,792,612,1.2941,slide,
APSC115_-_George_Washington_University,15_15-115sp14-elect1.pdf,.pdf,792,612,1.2941,slide,
APSC115_-_George_Washington_University,16_16-115sp14-elect2.pdf,.pdf,792,612,1.2941,slide,
APSC115_-_George_Washington_University,17_17-115sp14-elect3.pdf,.pdf,792,612,1.2941,slide,
APSC115_-_George_Washington_University,18_18-115sp14-poten1.pdf,.pdf,792,612,1.2941,slide,
APSC115_-_George_Washington_University,19_19-115sp14-poten2.pdf,.pdf,792,612,1.2941,slide,
APSC115_-_George_Washington_University,1_01-115sp14-intro.pdf,.pdf,792,612,1.2941,slide,
APSC115_-_George_Washington_University,20_20-115sp14-poten3.pdf,.pdf,792,612,1.2941,slide,
APSC115_-_George_Washington_University,21_21-115sp13-circuits1.pdf,.pdf,792,612,1.2941,slide,
APSC115_-_George_Washington_University,22_22-115sp13-circuits2.pdf,.pdf,792,612,1.2941,slide,
APSC115_-_George_Washington_University,23_23-115sp13-circuits3.pdf,.pdf,792,612,1.2941,slide,
APSC115_-_George_Washington_University,24_24-115sp13-circuits4.pdf,.pdf,792,612,1.2941,slide,
APSC115_-_George_Washington_University,25_25-115sp14-circuits5.pdf,.pdf,792,612,1.2941,slide,
APSC115_-_George_Washington_University,26_26-115sp14-magnetism1.pdf,.pdf,792,612,1.2941,slide,
APSC115_-_George_Washington_University,27_27-115sp14-magnetism2.pdf,.pdf,792,612,1.2941,slide,
APSC115_-_George_Washington_University,28_28-115sp14-magnetism3.pdf,.pdf,792,612,1.2941,slide,
APSC115_-_George_Washington_University,29_29-115sp14-magnetism4.pdf,.pdf,792,612,1.2941,slide,
APSC115_-_George_Washington_University,2_02-115sp13-fluids1.pdf,.pdf,792,612,1.2941,slide,
APSC115_-_George_Washington_University,30_30-115sp14-induction1.pdf,.pdf,792,612,1.2941,slide,
APSC115_-_George_Washington_University,31_31-115sp14-induction2.pdf,.pdf,792,612,1.2941,slide,
APSC115_-_George_Washington_University,32_32-115sp14-induction3.pdf,.pdf,792,612,1.2941,slide,
APSC115_-_George_Washington_University,33_33-115sp14-AC.pdf,.pdf,792,612,1.2941,slide,
APSC115_-_George_Washington_University,34_34-115sp14-AC2.pdf,.pdf,792,612,1.2941,slide,
APSC115_-_George_Washington_University,35_35-115sp14-AC3.pdf,.pdf,792,612,1.2941,slide,
APSC115_-_George_Washington_University,36_36-115sp14-lastday.pdf,.pdf,792,612,1.2941,slide,
APSC115_-_George_Washington_University,37_ex1-14-solns.pdf,.pdf,612,792,0.7727,document,
APSC115_-_George_Washington_University,38_ex2A-14-solns.pdf,.pdf,612,792,0.7727,document,
APSC115_-_George_Washington_University,39_ex3A-14solns.pdf,.pdf,612,792,0.7727,document,
APSC115_-_George_Washington_University,3_03-115sp13-fluids2.pdf,.pdf,792,612,1.2941,slide,
APSC115_-_George_Washington_University,40_fex-practiceQs14.pdf,.pdf,612,792,0.7727,document,
APSC115_-_George_Washington_University,41_fex14-solns.pdf,.pdf,612,792,0.7727,document,
APSC115_-_George_Washington_University,42_finalex14-formulas.pdf,.pdf,612,792,0.7727,document,
APSC115_-_George_Washington_University,4_04-115sp13-fluids3.pdf,.pdf,792,612,1.2941,slide,
APSC115_-_George_Washington_University,5_05-115sp13-fluids4.pdf,.pdf,792,612,1.2941,slide,
APSC115_-_George_Washington_University,6_06-115sp13-heat1.pdf,.pdf,792,612,1.2941,slide,
APSC115_-_George_Washington_University,7_07-115sp14-heat2.pdf,.pdf,792,612,1.2941,slide,
APSC115_-_George_Washington_University,8_08-115sp14-heat3.pdf,.pdf,792,612,1.2941,slide,
APSC115_-_George_Washington_University,9_09-115sp14-heat4.pdf,.pdf,792,612,1.2941,slide,
AS161_-_University_of_Kentucky,10_Lecture6-compressed.pdf,.pdf,720,540,1.3333,slide,
AS161_-_University_of_Kentucky,11_preLecture6.pdf,.pdf,612,792,0.7727,document,
AS161_-_University_of_Kentucky,12_Lecture7-compressed.pdf,.pdf,720,540,1.3333,slide,
AS161_-_University_of_Kentucky,13_preLecture7.pdf,.pdf,612,792,0.7727,document,
AS161_-_University_of_Kentucky,14_Lecture8-compressed.pdf,.pdf,720,540,1.3333,slide,
AS161_-_University_of_Kentucky,15_preLecture8.pdf,.pdf,612,792,0.7727,document,
AS161_-_University_of_Kentucky,16_Lecture9-compressed.pdf,.pdf,720,540,1.3333,slide,
AS161_-_University_of_Kentucky,17_preLecture9.pdf,.pdf,612,792,0.7727,document,
AS161_-_University_of_Kentucky,18_Lecture10-compressed.pdf,.pdf,720,540,1.3333,slide,
AS161_-_University_of_Kentucky,19_preLecture10.pdf,.pdf,612,792,0.7727,document,
AS161_-_University_of_Kentucky,1_Lecture1-compressed.pdf,.pdf,720,540,1.3333,slide,
AS161_-_University_of_Kentucky,20_Lecture11-compressed.pdf,.pdf,720,540,1.3333,slide,
AS161_-_University_of_Kentucky,21_preLecture11.pdf,.pdf,612,792,0.7727,document,
AS161_-_University_of_Kentucky,22_Lecture12-compressed.pdf,.pdf,720,540,1.3333,slide,
AS161_-_University_of_Kentucky,23_preLecture12.pdf,.pdf,612,792,0.7727,document,
AS161_-_University_of_Kentucky,24_Lecture13-compressed.pdf,.pdf,720,540,1.3333,slide,
AS161_-_University_of_Kentucky,25_preLecture13.pdf,.pdf,612,792,0.7727,document,
AS161_-_University_of_Kentucky,26_Lecture14-compressed.pdf,.pdf,720,540,1.3333,slide,
AS161_-_University_of_Kentucky,27_preLecture14.pdf,.pdf,612,792,0.7727,document,
AS161_-_University_of_Kentucky,28_Lecture15-compressed.pdf,.pdf,720,540,1.3333,slide,
AS161_-_University_of_Kentucky,29_preLecture15.pdf,.pdf,612,792,0.7727,document,
AS161_-_University_of_Kentucky,2_Lecture2-compressed.pdf,.pdf,720,540,1.3333,slide,
AS161_-_University_of_Kentucky,30_Lecture16-compressed.pdf,.pdf,720,540,1.3333,slide,
AS161_-_University_of_Kentucky,31_preLecture16.pdf,.pdf,612,792,0.7727,document,
AS161_-_University_of_Kentucky,32_Lecture17-compressed.pdf,.pdf,720,540,1.3333,slide,
AS161_-_University_of_Kentucky,33_Abstraction_and_Idealization.pdf,.pdf,720,405,1.7778,slide,
AS161_-_University_of_Kentucky,34_Incommensurability_WickedProblems_Discretion-1-14.pdf,.pdf,960,540,1.7778,slide,
AS161_-_University_of_Kentucky,3_preLecture2.pdf,.pdf,612,792,0.7727,document,
AS161_-_University_of_Kentucky,4_Lecture3-compressed.pdf,.pdf,720,540,1.3333,slide,
AS161_-_University_of_Kentucky,5_preLecture3.pdf,.pdf,612,792,0.7727,document,
AS161_-_University_of_Kentucky,6_Lecture4-compressed.pdf,.pdf,720,540,1.3333,slide,
AS161_-_University_of_Kentucky,7_preLecture4.pdf,.pdf,612,792,0.7727,document,
AS161_-_University_of_Kentucky,8_Lecture5-compressed.pdf,.pdf,720,540,1.3333,slide,
AS161_-_University_of_Kentucky,9_preLecture5.pdf,.pdf,612,792,0.7727,document,
ASPY270_-_University_at_Albany,10_Lecture2_2149.pdf,.pdf,363,273,1.3297,slide,
ASPY270_-_University_at_Albany,11_Lecture2_EC2B1_Moll_supplement.pdf,.pdf,612,792,0.7727,document,
ASPY270_-_University_at_Albany,12_Lecture2_ECO503.pdf,.pdf,363,273,1.3297,slide,
ASPY270_-_University_at_Albany,13_Lecture2_ECO521.pdf,.pdf,363,273,1.3297,slide,
ASPY270_-_University_at_Albany,14_Lecture2_ECO521_web.pdf,.pdf,363,273,1.3297,slide,
ASPY270_-_University_at_Albany,16_Lecture2_LAquila.pdf,.pdf,363,273,1.3297,slide,
ASPY270_-_University_at_Albany,17_Lecture2_Rochester.pdf,.pdf,363,273,1.3297,slide,
ASPY270_-_University_at_Albany,18_Pontus_Lecture2.pdf,.pdf,363,273,1.3297,slide,
ASPY270_-_University_at_Albany,1_Lecture1_2149.pdf,.pdf,363,273,1.3297,slide,
ASPY270_-_University_at_Albany,20_Lecture3_2149.pdf,.pdf,363,273,1.3297,slide,
ASPY270_-_University_at_Albany,21_Lecture3_EC2B1_Moll_supplement.pdf,.pdf,612,792,0.7727,document,
ASPY270_-_University_at_Albany,22_Lecture3_ECO503.pdf,.pdf,363,273,1.3297,slide,
ASPY270_-_University_at_Albany,23_Lecture3_ECO521.pdf,.pdf,363,273,1.3297,slide,
ASPY270_-_University_at_Albany,24_Lecture3_ECO521_web.pdf,.pdf,363,273,1.3297,slide,
ASPY270_-_University_at_Albany,25_viscosity_slides.pdf,.pdf,363,273,1.3297,slide,
ASPY270_-_University_at_Albany,26_Lecture4_2149.pdf,.pdf,363,273,1.3297,slide,
ASPY270_-_University_at_Albany,27_Lecture4_ECO503.pdf,.pdf,363,273,1.3297,slide,
ASPY270_-_University_at_Albany,28_Lecture4_ECO521.pdf,.pdf,363,273,1.3297,slide,
ASPY270_-_University_at_Albany,29_Lecture4_ECO521_web.pdf,.pdf,363,273,1.3297,slide,
ASPY270_-_University_at_Albany,2_Lecture1_EC2B1_Moll_supplement.pdf,.pdf,612,792,0.7727,document,
ASPY270_-_University_at_Albany,30_Lecture5_EC2B1_Moll_model_writeup.pdf,.pdf,612,792,0.7727,document,
ASPY270_-_University_at_Albany,31_Lecture5_ECO503.pdf,.pdf,363,273,1.3297,slide,
ASPY270_-_University_at_Albany,32_Lecture5_ECO521.pdf,.pdf,363,273,1.3297,slide,
ASPY270_-_University_at_Albany,33_Lecture5_ECO521_web.pdf,.pdf,363,273,1.3297,slide,
ASPY270_-_University_at_Albany,34_Lectures5_6_2149.pdf,.pdf,363,273,1.3297,slide,
ASPY270_-_University_at_Albany,35_Lecture6_ECO503.pdf,.pdf,363,273,1.3297,slide,
ASPY270_-_University_at_Albany,36_Lecture6_ECO521_web.pdf,.pdf,363,273,1.3297,slide,
ASPY270_-_University_at_Albany,37_Lectures6_7_ECO521.pdf,.pdf,363,273,1.3297,slide,
ASPY270_-_University_at_Albany,38_Lecture7_EC2B1_Moll_model_writeup.pdf,.pdf,612,792,0.7727,document,
ASPY270_-_University_at_Albany,39_Lecture7_ECO503.pdf,.pdf,363,273,1.3297,slide,
ASPY270_-_University_at_Albany,3_Lecture1_ECO521.pdf,.pdf,363,273,1.3297,slide,
ASPY270_-_University_at_Albany,40_Lecture7_ECO521_web.pdf,.pdf,363,273,1.3297,slide,
ASPY270_-_University_at_Albany,41_Lectures7_8_2149.pdf,.pdf,363,273,1.3297,slide,
ASPY270_-_University_at_Albany,42_inequality_macro.pdf,.pdf,363,273,1.3297,slide,
ASPY270_-_University_at_Albany,43_Lecture8_EC2B1_Moll_model_writeup_TANK.pdf,.pdf,612,792,0.7727,document,
ASPY270_-_University_at_Albany,44_Lecture8_ECO503.pdf,.pdf,363,273,1.3297,slide,
ASPY270_-_University_at_Albany,45_Lecture8_ECO521.pdf,.pdf,363,273,1.3297,slide,
ASPY270_-_University_at_Albany,46_Lecture9_2149.pdf,.pdf,363,273,1.3297,slide,
ASPY270_-_University_at_Albany,47_Lecture9_EC2B1_Moll_model_writeup_bubbles.pdf,.pdf,612,792,0.7727,document,
ASPY270_-_University_at_Albany,48_Lecture9_EC2B1_Moll_model_writeup_financial_amplification.pdf,.pdf,612,792,0.7727,document,
ASPY270_-_University_at_Albany,49_Lecture9_ECO503.pdf,.pdf,363,273,1.3297,slide,
ASPY270_-_University_at_Albany,4_Lecture1_ECO521_web.pdf,.pdf,363,273,1.3297,slide,
ASPY270_-_University_at_Albany,50_Lecture9_ECO521.pdf,.pdf,363,273,1.3297,slide,
ASPY270_-_University_at_Albany,51_Lecture9_ECO521_web.pdf,.pdf,363,273,1.3297,slide,
ASPY270_-_University_at_Albany,52_Lecture10_2149.pdf,.pdf,363,273,1.3297,slide,
ASPY270_-_University_at_Albany,53_Lecture10_EC2B1_Moll_model_writeup_unemployment.pdf,.pdf,612,792,0.7727,document,
ASPY270_-_University_at_Albany,54_Lecture10_ECO503.pdf,.pdf,363,273,1.3297,slide,
ASPY270_-_University_at_Albany,55_Lecture10_ECO521.pdf,.pdf,363,273,1.3297,slide,
ASPY270_-_University_at_Albany,56_Lecture11_12_ECO503.pdf,.pdf,363,273,1.3297,slide,
ASPY270_-_University_at_Albany,57_Lecture11_2149.pdf,.pdf,363,273,1.3297,slide,
ASPY270_-_University_at_Albany,58_Lecture11_ECO521.pdf,.pdf,363,273,1.3297,slide,
ASPY270_-_University_at_Albany,59_Lecture12_ECO521.pdf,.pdf,363,273,1.3297,slide,
ASPY270_-_University_at_Albany,60_Lecture13_ECO503.pdf,.pdf,363,273,1.3297,slide,
ASPY270_-_University_at_Albany,6_Lecture1_LAquila.pdf,.pdf,363,273,1.3297,slide,
ASPY270_-_University_at_Albany,7_Lecture1_Rochester.pdf,.pdf,363,273,1.3297,slide,
ASPY270_-_University_at_Albany,8_Pontus_Lecture1.pdf,.pdf,363,273,1.3297,slide,
AST1001_-_Stanford_University,10_lecture4-slides.pdf,.pdf,720,540,1.3333,slide,
AST1001_-_Stanford_University,11_lecture4-slides.pptx,.pptx,960,720,1.3333,slide,
AST1001_-_Stanford_University,12_lecture5-pre.pdf,.pdf,612,792,0.7727,document,
AST1001_-_Stanford_University,13_lecture5-slides.pdf,.pdf,720,540,1.3333,slide,
AST1001_-_Stanford_University,14_lecture5-slides.pptx,.pptx,960,720,1.3333,slide,
AST1001_-_Stanford_University,15_lecture6-pre.pdf,.pdf,612,792,0.7727,document,
AST1001_-_Stanford_University,16_lecture6-slides.pdf,.pdf,792,612,1.2941,slide,
AST1001_-_Stanford_University,17_lecture6-slides.pptx,.pptx,960,720,1.3333,slide,
AST1001_-_Stanford_University,18_lecture7-pre.pdf,.pdf,612,792,0.7727,document,
AST1001_-_Stanford_University,19_lecture7-slides.pdf,.pdf,792,612,1.2941,slide,
AST1001_-_Stanford_University,1_lecture1-slides.pdf,.pdf,720,540,1.3333,slide,
AST1001_-_Stanford_University,20_lecture7-slides.pptx,.pptx,960,720,1.3333,slide,
AST1001_-_Stanford_University,21_lecture8-pre.pdf,.pdf,612,792,0.7727,document,
AST1001_-_Stanford_University,22_lecture8-slides.pdf,.pdf,720,540,1.3333,slide,
AST1001_-_Stanford_University,23_lecture8-slides.pptx,.pptx,960,720,1.3333,slide,
AST1001_-_Stanford_University,24_lecture9-pre.pdf,.pdf,612,792,0.7727,document,
AST1001_-_Stanford_University,25_lecture9-slides.pdf,.pdf,720,540,1.3333,slide,
AST1001_-_Stanford_University,26_lecture9-slides.pptx,.pptx,960,720,1.3333,slide,
AST1001_-_Stanford_University,27_lecture10-pre.pdf,.pdf,612,792,0.7727,document,
AST1001_-_Stanford_University,28_lecture10-slides.pdf,.pdf,720,540,1.3333,slide,
AST1001_-_Stanford_University,29_lecture10-slides.pptx,.pptx,960,720,1.3333,slide,
AST1001_-_Stanford_University,2_lecture1-slides.pptx,.pptx,960,720,1.3333,slide,
AST1001_-_Stanford_University,30_lecture11-pre.pdf,.pdf,612,792,0.7727,document,
AST1001_-_Stanford_University,31_lecture11-slides.pdf,.pdf,792,612,1.2941,slide,
AST1001_-_Stanford_University,32_lecture11-slides.pptx,.pptx,960,720,1.3333,slide,
AST1001_-_Stanford_University,33_lecture12-pre.pdf,.pdf,612,792,0.7727,document,
AST1001_-_Stanford_University,34_lecture12-slides.pdf,.pdf,792,612,1.2941,slide,
AST1001_-_Stanford_University,35_lecture12-slides.pptx,.pptx,960,720,1.3333,slide,
AST1001_-_Stanford_University,36_lecture13-slides.pdf,.pdf,720,540,1.3333,slide,
AST1001_-_Stanford_University,37_lecture13-slides.pptx,.pptx,960,720,1.3333,slide,
AST1001_-_Stanford_University,38_lecture14-pre.pdf,.pdf,612,792,0.7727,document,
AST1001_-_Stanford_University,39_lecture14-slides.pdf,.pdf,720,540,1.3333,slide,
AST1001_-_Stanford_University,3_lecture2-pre.pdf,.pdf,612,792,0.7727,document,
AST1001_-_Stanford_University,40_lecture14-slides.pptx,.pptx,960,720,1.3333,slide,
AST1001_-_Stanford_University,41_lecture15-pre.pdf,.pdf,612,792,0.7727,document,
AST1001_-_Stanford_University,42_lecture15-slides.pdf,.pdf,792,612,1.2941,slide,
AST1001_-_Stanford_University,43_lecture15-slides.pptx,.pptx,960,720,1.3333,slide,
AST1001_-_Stanford_University,44_lecture16-pre.pdf,.pdf,612,792,0.7727,document,
AST1001_-_Stanford_University,45_lecture16-slides.pdf,.pdf,792,612,1.2941,slide,
AST1001_-_Stanford_University,46_lecture16-slides.pptx,.pptx,960,720,1.3333,slide,
AST1001_-_Stanford_University,47_lecture17-slides.pdf,.pdf,720,540,1.3333,slide,
AST1001_-_Stanford_University,48_lecture17-slides.pptx,.pptx,960,720,1.3333,slide,
AST1001_-_Stanford_University,49_lecture18-slides.pdf,.pdf,720,540,1.3333,slide,
AST1001_-_Stanford_University,4_lecture2-slides.pdf,.pdf,720,540,1.3333,slide,
AST1001_-_Stanford_University,50_lecture18-slides.pptx,.pptx,960,720,1.3333,slide,
AST1001_-_Stanford_University,5_lecture2-slides.pptx,.pptx,960,720,1.3333,slide,
AST1001_-_Stanford_University,6_lecture3-pre.pdf,.pdf,612,792,0.7727,document,
AST1001_-_Stanford_University,7_lecture3-slides.pdf,.pdf,792,612,1.2941,slide,
AST1001_-_Stanford_University,9_lecture4-pre.pdf,.pdf,612,792,0.7727,document,
ASTR125_-_Stanford_University,10_lecture04.pdf,.pdf,600,450,1.3333,slide,
ASTR125_-_Stanford_University,11_lecture04.pdf,.pdf,792,612,1.2941,slide,
ASTR125_-_Stanford_University,12_lecture04_annotated.pdf,.pdf,1640,1229,1.3344,slide,
ASTR125_-_Stanford_University,13_lecture05.pdf,.pdf,640,480,1.3333,slide,
ASTR125_-_Stanford_University,14_lecture05.pdf,.pdf,792,612,1.2941,slide,
ASTR125_-_Stanford_University,15_lecture05_annotated.pdf,.pdf,1430,1051,1.3606,slide,
ASTR125_-_Stanford_University,16_lecture06.pdf,.pdf,600,450,1.3333,slide,
ASTR125_-_Stanford_University,17_lecture06.pdf,.pdf,792,612,1.2941,slide,
ASTR125_-_Stanford_University,18_lecture06_annotated.pdf,.pdf,1366,1024,1.334,slide,
ASTR125_-_Stanford_University,19_lecture07.pdf,.pdf,792,612,1.2941,slide,
ASTR125_-_Stanford_University,1_lecture01.pdf,.pdf,640,480,1.3333,slide,
ASTR125_-_Stanford_University,20_lecture07_annotated.pdf,.pdf,1640,1229,1.3344,slide,
ASTR125_-_Stanford_University,21_transistors.pdf,.pdf,612,792,0.7727,document,
ASTR125_-_Stanford_University,22_lecture08.pdf,.pdf,792,612,1.2941,slide,
ASTR125_-_Stanford_University,23_lecture08_annotated.pdf,.pdf,1366,1024,1.334,slide,
ASTR125_-_Stanford_University,24_logicgates.pdf,.pdf,612,792,0.7727,document,
ASTR125_-_Stanford_University,25_lecture09.pdf,.pdf,792,612,1.2941,slide,
ASTR125_-_Stanford_University,26_lecture09_annotated.pdf,.pdf,1366,1024,1.334,slide,
ASTR125_-_Stanford_University,27_lecture10.pdf,.pdf,600,450,1.3333,slide,
ASTR125_-_Stanford_University,28_lecture10.pdf,.pdf,792,612,1.2941,slide,
ASTR125_-_Stanford_University,29_lecture10_annotated.pdf,.pdf,1640,1229,1.3344,slide,
ASTR125_-_Stanford_University,2_lecture01.pdf,.pdf,792,612,1.2941,slide,
ASTR125_-_Stanford_University,30_lecture11.pdf,.pdf,600,450,1.3333,slide,
ASTR125_-_Stanford_University,31_lecture11.pdf,.pdf,792,612,1.2941,slide,
ASTR125_-_Stanford_University,32_lecture11_annotated.pdf,.pdf,1640,1229,1.3344,slide,
ASTR125_-_Stanford_University,33_lecture12.pdf,.pdf,792,612,1.2941,slide,
ASTR125_-_Stanford_University,34_lecture12_annotated.pdf,.pdf,1640,1229,1.3344,slide,
ASTR125_-_Stanford_University,35_reactives.pdf,.pdf,612,792,0.7727,document,
ASTR125_-_Stanford_University,36_lecture13.pdf,.pdf,792,612,1.2941,slide,
ASTR125_-_Stanford_University,37_lecture13_annotated.pdf,.pdf,1366,1024,1.334,slide,
ASTR125_-_Stanford_University,38_transient.pdf,.pdf,612,792,0.7727,document,
ASTR125_-_Stanford_University,39_lecture14.pdf,.pdf,792,612,1.2941,slide,
ASTR125_-_Stanford_University,3_lecture01_annotated.pdf,.pdf,1640,1229,1.3344,slide,
ASTR125_-_Stanford_University,40_lecture14_annotated.pdf,.pdf,1366,1024,1.334,slide,
ASTR125_-_Stanford_University,41_lecture15.pdf,.pdf,792,612,1.2941,slide,
ASTR125_-_Stanford_University,42_lecture15_annotated.pdf,.pdf,1640,1229,1.3344,slide,
ASTR125_-_Stanford_University,43_signals.pdf,.pdf,612,792,0.7727,document,
ASTR125_-_Stanford_University,44_impedance.pdf,.pdf,612,792,0.7727,document,
ASTR125_-_Stanford_University,45_lecture16.pdf,.pdf,792,612,1.2941,slide,
ASTR125_-_Stanford_University,46_bodeplots.pdf,.pdf,612,792,0.7727,document,
ASTR125_-_Stanford_University,47_opamps.pdf,.pdf,612,792,0.7727,document,
ASTR125_-_Stanford_University,48_opampfilters.pdf,.pdf,612,792,0.7727,document,
ASTR125_-_Stanford_University,49_lecture20.pdf,.pdf,600,450,1.3333,slide,
ASTR125_-_Stanford_University,4_lecture02.pdf,.pdf,640,480,1.3333,slide,
ASTR125_-_Stanford_University,50_lecture21.pdf,.pdf,600,450,1.3333,slide,
ASTR125_-_Stanford_University,51_lecture22.pdf,.pdf,600,450,1.3333,slide,
ASTR125_-_Stanford_University,52_arduino.pdf,.pdf,612,792,0.7727,document,
ASTR125_-_Stanford_University,53_computer-history.pdf,.pdf,720,540,1.3333,slide,
ASTR125_-_Stanford_University,54_cubemapping.pdf,.pdf,960,540,1.7778,slide,
ASTR125_-_Stanford_University,55_fsm-example.pdf,.pdf,363,273,1.3297,slide,
ASTR125_-_Stanford_University,56_fsm-example.pdf,.pdf,363,273,1.3297,slide,
ASTR125_-_Stanford_University,57_keyboard_breakingbreak.pdf,.pdf,612,792,0.7727,document,
ASTR125_-_Stanford_University,58_lablecture1.pdf,.pdf,720,540,1.3333,slide,
ASTR125_-_Stanford_University,59_lablecture1_annotated.pdf,.pdf,1640,1229,1.3344,slide,
ASTR125_-_Stanford_University,5_lecture02.pdf,.pdf,792,612,1.2941,slide,
ASTR125_-_Stanford_University,60_lablecture2.pdf,.pdf,720,540,1.3333,slide,
ASTR125_-_Stanford_University,61_lablecture2_annotated.pdf,.pdf,1640,1229,1.3344,slide,
ASTR125_-_Stanford_University,62_lablecture3a.pdf,.pdf,720,540,1.3333,slide,
ASTR125_-_Stanford_University,63_lablecture3a_annotated.pdf,.pdf,1640,1229,1.3344,slide,
ASTR125_-_Stanford_University,64_lablecture3b.pdf,.pdf,720,540,1.3333,slide,
ASTR125_-_Stanford_University,65_lablecture3b_annotated.pdf,.pdf,1366,1024,1.334,slide,
ASTR125_-_Stanford_University,66_lablecture3c.pdf,.pdf,720,540,1.3333,slide,
ASTR125_-_Stanford_University,67_lablecture3c_annotated.pdf,.pdf,1640,1229,1.3344,slide,
ASTR125_-_Stanford_University,68_signals-slides.pdf,.pdf,454,256,1.7734,slide,
ASTR125_-_Stanford_University,6_lecture02_annotated.pdf,.pdf,1640,1229,1.3344,slide,
ASTR125_-_Stanford_University,7_lecture03.pdf,.pdf,640,480,1.3333,slide,
ASTR125_-_Stanford_University,8_lecture03.pdf,.pdf,792,612,1.2941,slide,
ASTR125_-_Stanford_University,9_lecture03_annotated.pdf,.pdf,1640,1229,1.3344,slide,
ASTRO1000_-_Ohio_University,10_Week4_IntroTo_Cosmology.pdf,.pdf,960,540,1.7778,slide,
ASTRO1000_-_Ohio_University,11_Week4_IntroTo_Inflation.pdf,.pdf,960,540,1.7778,slide,
ASTRO1000_-_Ohio_University,12_Week4_IntroTo_TheBigBang.pdf,.pdf,960,540,1.7778,slide,
ASTRO1000_-_Ohio_University,13_Week5_IntroTo_MilkyWayFormation.pdf,.pdf,960,540,1.7778,slide,
ASTRO1000_-_Ohio_University,14_Week5_IntroTo_MilkyWayStructure.pdf,.pdf,960,540,1.7778,slide,
ASTRO1000_-_Ohio_University,15_Week6_IntroTo_GalacticDistances.pdf,.pdf,960,540,1.7778,slide,
ASTRO1000_-_Ohio_University,16_Week6_IntroTo_GalaxyTaxonomy.pdf,.pdf,960,540,1.7778,slide,
ASTRO1000_-_Ohio_University,17_Week7_IntroTo_GalaxiesAndDarkMatter.pdf,.pdf,960,540,1.7778,slide,
ASTRO1000_-_Ohio_University,18_Week7_IntroTo_GalaxyEvolution.pdf,.pdf,960,540,1.7778,slide,
ASTRO1000_-_Ohio_University,19_Week7_IntroTo_GalaxyMergers.pdf,.pdf,960,540,1.7778,slide,
ASTRO1000_-_Ohio_University,1_Week1_IntroTo_ASTR1000.pdf,.pdf,960,540,1.7778,slide,
ASTRO1000_-_Ohio_University,20_Week8_IntroTo_StellarEnergyTransport.pdf,.pdf,960,540,1.7778,slide,
ASTRO1000_-_Ohio_University,21_Week8_IntroTo_StellarEquilibrium.pdf,.pdf,960,540,1.7778,slide,
ASTRO1000_-_Ohio_University,22_Week8_IntroTo_StellarNuclearPower.pdf,.pdf,960,540,1.7778,slide,
ASTRO1000_-_Ohio_University,23_Week9_IntroTo_Starlight.pdf,.pdf,960,540,1.7778,slide,
ASTRO1000_-_Ohio_University,24_Week9_IntroTo_StellarSpectra.pdf,.pdf,960,540,1.7778,slide,
ASTRO1000_-_Ohio_University,25_Week9_IntroTo_TheHRDiagram.pdf,.pdf,960,540,1.7778,slide,
ASTRO1000_-_Ohio_University,26_Week10_IntroTo_HighMassStellarEvolution.pdf,.pdf,960,540,1.7778,slide,
ASTRO1000_-_Ohio_University,27_Week10_IntroTo_LowMassStellarEvolution.pdf,.pdf,960,540,1.7778,slide,
ASTRO1000_-_Ohio_University,28_Week10_IntroTo_StellarRemnants.pdf,.pdf,960,540,1.7778,slide,
ASTRO1000_-_Ohio_University,29_Week11_IntroTo_Exoplanets.pdf,.pdf,960,540,1.7778,slide,
ASTRO1000_-_Ohio_University,2_Week1_IntroTo_Astronomy.pdf,.pdf,960,540,1.7778,slide,
ASTRO1000_-_Ohio_University,30_Week11_IntroTo_PlanetFormation.pdf,.pdf,960,540,1.7778,slide,
ASTRO1000_-_Ohio_University,31_Week11_IntroTo_StarFormation.pdf,.pdf,960,540,1.7778,slide,
ASTRO1000_-_Ohio_University,32_Week12_IntroTo_TheJovianPlanets.pdf,.pdf,960,540,1.7778,slide,
ASTRO1000_-_Ohio_University,33_Week12_IntroTo_TheSolarSystem.pdf,.pdf,960,540,1.7778,slide,
ASTRO1000_-_Ohio_University,34_Week12_IntroTo_TheTerrestrialPlanets.pdf,.pdf,960,540,1.7778,slide,
ASTRO1000_-_Ohio_University,35_Week13_IntroTo_SolarSystemDating.pdf,.pdf,960,540,1.7778,slide,
ASTRO1000_-_Ohio_University,36_Week13_IntroTo_SolarSystemOrigins.pdf,.pdf,960,540,1.7778,slide,
ASTRO1000_-_Ohio_University,37_Week14_IntroTo_Habitability.pdf,.pdf,960,540,1.7778,slide,
ASTRO1000_-_Ohio_University,38_Week14_IntroTo_SolarSystemLife.pdf,.pdf,960,540,1.7778,slide,
ASTRO1000_-_Ohio_University,39_Week14_IntroTo_TheDrakeEquation.pdf,.pdf,960,540,1.7778,slide,
ASTRO1000_-_Ohio_University,3_Week1_IntroTo_MathFundamentals.pdf,.pdf,960,540,1.7778,slide,
ASTRO1000_-_Ohio_University,4_Week2_IntroTo_Light.pdf,.pdf,960,540,1.7778,slide,
ASTRO1000_-_Ohio_University,5_Week2_IntroTo_Redshift.pdf,.pdf,960,540,1.7778,slide,
ASTRO1000_-_Ohio_University,6_Week2_IntroTo_Spectra.pdf,.pdf,960,540,1.7778,slide,
ASTRO1000_-_Ohio_University,7_Week3_IntroTo_GroundBasedTelescopes.pdf,.pdf,960,540,1.7778,slide,
ASTRO1000_-_Ohio_University,8_Week3_IntroTo_SpaceBasedTelescopes.pdf,.pdf,960,540,1.7778,slide,
ASTRO1000_-_Ohio_University,9_Week3_IntroTo_TelescopeOptics.pdf,.pdf,960,540,1.7778,slide,
AY101_-_University_of_Alabama,10_lecture5_012226.ppt,.ppt,960,720,1.3333,slide,
AY101_-_University_of_Alabama,11_lecture6_012726.pdf,.pdf,792,612,1.2941,slide,
AY101_-_University_of_Alabama,12_lecture6_012726.ppt,.ppt,960,720,1.3333,slide,
AY101_-_University_of_Alabama,13_lecture7_012926.pdf,.pdf,792,612,1.2941,slide,
AY101_-_University_of_Alabama,14_lecture7_012926.ppt,.ppt,960,720,1.3333,slide,
AY101_-_University_of_Alabama,15_lecture8_020326.pdf,.pdf,792,612,1.2941,slide,
AY101_-_University_of_Alabama,16_lecture8_020326.ppt,.ppt,960,720,1.3333,slide,
AY101_-_University_of_Alabama,17_lecture9_021026.pdf,.pdf,792,612,1.2941,slide,
AY101_-_University_of_Alabama,18_lecture9_021026.ppt,.ppt,960,720,1.3333,slide,
AY101_-_University_of_Alabama,19_lecture10_021226.pdf,.pdf,792,612,1.2941,slide,
AY101_-_University_of_Alabama,1_lecture1_010826.pdf,.pdf,792,612,1.2941,slide,
AY101_-_University_of_Alabama,20_lecture10_021226.ppt,.ppt,960,720,1.3333,slide,
AY101_-_University_of_Alabama,21_lecture11_021726.pdf,.pdf,792,612,1.2941,slide,
AY101_-_University_of_Alabama,22_lecture11_021726.ppt,.ppt,960,720,1.3333,slide,
AY101_-_University_of_Alabama,23_lecture12_021926.pdf,.pdf,792,612,1.2941,slide,
AY101_-_University_of_Alabama,24_lecture12_021926.ppt,.ppt,960,720,1.3333,slide,
AY101_-_University_of_Alabama,25_lecture13_022426.pdf,.pdf,792,612,1.2941,slide,
AY101_-_University_of_Alabama,26_lecture13_022426.ppt,.ppt,960,720,1.3333,slide,
AY101_-_University_of_Alabama,27_lecture14_022626.pdf,.pdf,792,612,1.2941,slide,
AY101_-_University_of_Alabama,28_lecture14_022626.ppt,.ppt,960,720,1.3333,slide,
AY101_-_University_of_Alabama,29_lecture15_030526.pdf,.pdf,792,612,1.2941,slide,
AY101_-_University_of_Alabama,2_lecture1_010826.ppt,.ppt,960,720,1.3333,slide,
AY101_-_University_of_Alabama,31_lecture16_031026.pdf,.pdf,792,612,1.2941,slide,
AY101_-_University_of_Alabama,33_lecture17_031226.pdf,.pdf,792,612,1.2941,slide,
AY101_-_University_of_Alabama,35_lecture18_032426.pdf,.pdf,792,612,1.2941,slide,
AY101_-_University_of_Alabama,37_lecture19_032626.pdf,.pdf,792,612,1.2941,slide,
AY101_-_University_of_Alabama,39_lecture20_033126.pdf,.pdf,792,612,1.2941,slide,
AY101_-_University_of_Alabama,3_lecture2_011326.pdf,.pdf,792,612,1.2941,slide,
AY101_-_University_of_Alabama,41_lecture21_040726.pdf,.pdf,792,612,1.2941,slide,
AY101_-_University_of_Alabama,42_lecture21_040726.ppt,.ppt,960,720,1.3333,slide,
AY101_-_University_of_Alabama,43_lecture22_040926.pdf,.pdf,792,612,1.2941,slide,
AY101_-_University_of_Alabama,44_lecture23_041426.pdf,.pdf,792,612,1.2941,slide,
AY101_-_University_of_Alabama,45_lecture23_041426.ppt,.ppt,960,720,1.3333,slide,
AY101_-_University_of_Alabama,46_lecture24_041626.pdf,.pdf,792,612,1.2941,slide,
AY101_-_University_of_Alabama,47_lecture24_041626.ppt,.ppt,960,720,1.3333,slide,
AY101_-_University_of_Alabama,48_lecture25_042126.pdf,.pdf,792,612,1.2941,slide,
AY101_-_University_of_Alabama,49_lecture25_042126.ppt,.ppt,960,720,1.3333,slide,
AY101_-_University_of_Alabama,4_lecture2_011326.ppt,.ppt,960,720,1.3333,slide,
AY101_-_University_of_Alabama,50_lecture26_042326.pdf,.pdf,792,612,1.2941,slide,
AY101_-_University_of_Alabama,51_lecture26_042326.ppt,.ppt,960,720,1.3333,slide,
AY101_-_University_of_Alabama,5_lecture3_011526.pdf,.pdf,792,612,1.2941,slide,
AY101_-_University_of_Alabama,6_lecture3_011526.ppt,.ppt,960,720,1.3333,slide,
AY101_-_University_of_Alabama,7_lecture4_012026.pdf,.pdf,792,612,1.2941,slide,
AY101_-_University_of_Alabama,8_lecture4_012026.ppt,.ppt,960,720,1.3333,slide,
AY101_-_University_of_Alabama,9_lecture5_012226.pdf,.pdf,792,612,1.2941,slide,
BBIO365_-_University_of_Washington,1_lec01.ppt,.ppt,960,720,1.3333,slide,
BBIO365_-_University_of_Washington,2_lec02.ppt,.ppt,960,720,1.3333,slide,
BBIO365_-_University_of_Washington,3_lec03.ppt,.ppt,960,720,1.3333,slide,
BBIO365_-_University_of_Washington,4_lec04.ppt,.ppt,960,720,1.3333,slide,
BBIO365_-_University_of_Washington,5_lec05.ppt,.ppt,960,720,1.3333,slide,
BBIO365_-_University_of_Washington,6_lec06.ppt,.ppt,960,720,1.3333,slide,
BBIO365_-_University_of_Washington,7_lec07_04.ppt,.ppt,960,720,1.3333,slide,
BCEM551_-_University_of_Calgary,10_Chapter5-v8.pptx,.pptx,1280,720,1.7778,slide,
BCEM551_-_University_of_Calgary,11_Chapter6-v8.pdf,.pdf,960,540,1.7778,slide,
BCEM551_-_University_of_Calgary,12_Chapter6-v8.pptx,.pptx,1280,720,1.7778,slide,
BCEM551_-_University_of_Calgary,13_Chapter7-v8.pdf,.pdf,960,540,1.7778,slide,
BCEM551_-_University_of_Calgary,14_Chapter7-v8.pptx,.pptx,1280,720,1.7778,slide,
BCEM551_-_University_of_Calgary,15_HTTP-TCP.pdf,.pdf,720,540,1.3333,slide,
BCEM551_-_University_of_Calgary,16_HTTP-TCP.pptx,.pptx,960,720,1.3333,slide,
BCEM551_-_University_of_Calgary,17_Highlights-v1.pdf,.pdf,720,540,1.3333,slide,
BCEM551_-_University_of_Calgary,18_Intro441.pdf,.pdf,720,540,1.3333,slide,
BCEM551_-_University_of_Calgary,19_Intro441.ppt,.ppt,960,720,1.3333,slide,
BCEM551_-_University_of_Calgary,1_Chapter1-v8.pdf,.pdf,960,540,1.7778,slide,
BCEM551_-_University_of_Calgary,20_NetworkBasics.pdf,.pdf,720,540,1.3333,slide,
BCEM551_-_University_of_Calgary,21_NetworkBasics.pptx,.pptx,960,720,1.3333,slide,
BCEM551_-_University_of_Calgary,23_tcptrace-annotated.pdf,.pdf,612,792,0.7727,document,
BCEM551_-_University_of_Calgary,2_Chapter1-v8.pptx,.pptx,1280,720,1.7778,slide,
BCEM551_-_University_of_Calgary,3_Chapter2-v8.pdf,.pdf,960,540,1.7778,slide,
BCEM551_-_University_of_Calgary,4_Chapter2-v8.pptx,.pptx,1280,720,1.7778,slide,
BCEM551_-_University_of_Calgary,5_Chapter3-v8.pdf,.pdf,960,540,1.7778,slide,
BCEM551_-_University_of_Calgary,6_Chapter3-v8.pptx,.pptx,1280,720,1.7778,slide,
BCEM551_-_University_of_Calgary,7_Chapter4-v8.pdf,.pdf,960,540,1.7778,slide,
BCEM551_-_University_of_Calgary,8_Chapter4-v8.pptx,.pptx,1280,720,1.7778,slide,
BCEM551_-_University_of_Calgary,9_Chapter5-v8.pdf,.pdf,960,540,1.7778,slide,
BCEM575_-_University_of_Calgary,10_ch5.ppt,.ppt,960,720,1.3333,slide,
BCEM575_-_University_of_Calgary,11_ch6.pdf,.pdf,718,538,1.3346,slide,
BCEM575_-_University_of_Calgary,12_ch6.ppt,.ppt,960,720,1.3333,slide,
BCEM575_-_University_of_Calgary,13_ch7.pdf,.pdf,718,538,1.3346,slide,
BCEM575_-_University_of_Calgary,14_ch7v2.ppt,.ppt,960,720,1.3333,slide,
BCEM575_-_University_of_Calgary,15_ch8.pdf,.pdf,720,540,1.3333,slide,
BCEM575_-_University_of_Calgary,16_ch8.ppt,.ppt,960,720,1.3333,slide,
BCEM575_-_University_of_Calgary,17_ch9.pdf,.pdf,720,540,1.3333,slide,
BCEM575_-_University_of_Calgary,18_ch9.ppt,.ppt,960,720,1.3333,slide,
BCEM575_-_University_of_Calgary,19_ch10.pdf,.pdf,720,540,1.3333,slide,
BCEM575_-_University_of_Calgary,1_ch1.pdf,.pdf,720,540,1.3333,slide,
BCEM575_-_University_of_Calgary,20_ch10.ppt,.ppt,960,720,1.3333,slide,
BCEM575_-_University_of_Calgary,21_ch11.pdf,.pdf,718,538,1.3346,slide,
BCEM575_-_University_of_Calgary,22_ch11.ppt,.ppt,960,720,1.3333,slide,
BCEM575_-_University_of_Calgary,23_ch12.pdf,.pdf,718,538,1.3346,slide,
BCEM575_-_University_of_Calgary,24_ch12.ppt,.ppt,960,720,1.3333,slide,
BCEM575_-_University_of_Calgary,2_ch1.ppt,.ppt,960,720,1.3333,slide,
BCEM575_-_University_of_Calgary,3_ch2.pdf,.pdf,720,540,1.3333,slide,
BCEM575_-_University_of_Calgary,4_ch2.ppt,.ppt,960,720,1.3333,slide,
BCEM575_-_University_of_Calgary,5_ch3.pdf,.pdf,720,540,1.3333,slide,
BCEM575_-_University_of_Calgary,6_ch3.ppt,.ppt,960,720,1.3333,slide,
BCEM575_-_University_of_Calgary,7_ch4.pdf,.pdf,720,540,1.3333,slide,
BCEM575_-_University_of_Calgary,8_ch4.ppt,.ppt,960,720,1.3333,slide,
BCEM575_-_University_of_Calgary,9_ch5.pdf,.pdf,718,538,1.3346,slide,
BEE271_-_University_of_Washington,10_BEE_271_Lecture_6_-_Scans_-_2017-04-12.pdf,.pdf,792,612,1.2941,slide,
BEE271_-_University_of_Washington,11_BEE_271_Lecture_6_-_Signed_numbers_adders_-_2017-04-12.pdf,.pdf,720,540,1.3333,slide,
BEE271_-_University_of_Washington,12_BEE_271_Lecture_7_-_Multiplexers_and_Shannons_expansion_-_2017-04-17.pdf,.pdf,720,540,1.3333,slide,
BEE271_-_University_of_Washington,13_BEE_271_Lecture_7_-_Scans_-_2017-04-17.pdf,.pdf,792,612,1.2941,slide,
BEE271_-_University_of_Washington,14_BEE_271_Lecture_8_-_Multiplexers_and_Shannons_expansion_-_2017-04-19.pdf,.pdf,720,540,1.3333,slide,
BEE271_-_University_of_Washington,15_BEE_271_Lecture_8_-_Scans_-_2017-04-19.pdf,.pdf,792,612,1.2941,slide,
BEE271_-_University_of_Washington,16_BEE_271_Lecture_9_-_Sequential_circuits_-_2017-04-24.pdf,.pdf,720,540,1.3333,slide,
BEE271_-_University_of_Washington,17_BEE_271_Lecture_10_-_Sequential_circuits_-_2017-04-26.pdf,.pdf,720,540,1.3333,slide,
BEE271_-_University_of_Washington,18_BEE_271_Lecture_11_-_Sequential_circuits_-_2017-05-08.pdf,.pdf,720,540,1.3333,slide,
BEE271_-_University_of_Washington,19_BEE_271_Lecture_12_-_State_machines_-_2017-05-17.pdf,.pdf,720,540,1.3333,slide,
BEE271_-_University_of_Washington,1_BEE_271_Lecture_1_-_Orientation_and_intro_to_logic_circuits_-_2017-03-27.pdf,.pdf,720,540,1.3333,slide,
BEE271_-_University_of_Washington,20_BEE_271_Lecture_13_-_Scans_-_2017-05-24.pdf,.pdf,792,612,1.2941,slide,
BEE271_-_University_of_Washington,21_BEE_271_Lecture_13_-_State_machines_-_2017-05-22.pdf,.pdf,720,540,1.3333,slide,
BEE271_-_University_of_Washington,22_BEE_271_Lecture_14_-_FSMs_memories_and_FPGAs_-_2017-05-31.pdf,.pdf,720,540,1.3333,slide,
BEE271_-_University_of_Washington,3_BEE_271_Lecture_2_-_Logic_circuits_and_Karnaugh_maps_-_2017-03-29.pdf,.pdf,720,540,1.3333,slide,
BEE271_-_University_of_Washington,4_BEE_271_Lecture_2_-_Scans_-_2017-03-29.pdf,.pdf,792,612,1.2941,slide,
BEE271_-_University_of_Washington,5_BEE_271_Lecture_3_-_Logic_circuits_and_Karnaugh_maps_-_2017-04-03.pdf,.pdf,720,540,1.3333,slide,
BEE271_-_University_of_Washington,6_BEE_271_Lecture_3_-_Scans_-_2017-04-03.pdf,.pdf,792,612,1.2941,slide,
BEE271_-_University_of_Washington,7_BEE_271_Lecture_4_-_Karnaugh_maps_and_Verilog_-_2017-04-05.pdf,.pdf,720,540,1.3333,slide,
BEE271_-_University_of_Washington,8_BEE_271_Lecture_5_-_Scans_-_2017-04-10.pdf,.pdf,792,612,1.2941,slide,
BEE271_-_University_of_Washington,9_BEE_271_Lecture_5_-_Verilog_Signed_numbers_-_2017-04-10.pdf,.pdf,720,540,1.3333,slide,
BEE477_-_University_of_Washington,10_9-AssemblyAndSoldering.pdf,.pdf,720,540,1.3333,slide,
BEE477_-_University_of_Washington,11_10-PCBVerificationOrdering.pdf,.pdf,720,540,1.3333,slide,
BEE477_-_University_of_Washington,12_11-VerificationAndDebugging.pdf,.pdf,720,540,1.3333,slide,
BEE477_-_University_of_Washington,13_12-LegalAndRegulatory.pdf,.pdf,960,540,1.7778,slide,
BEE477_-_University_of_Washington,14_13-ReliabilityAndSafety.pdf,.pdf,960,540,1.7778,slide,
BEE477_-_University_of_Washington,15_14-Ethics.pdf,.pdf,960,540,1.7778,slide,
BEE477_-_University_of_Washington,16_15-Environmental.pdf,.pdf,960,540,1.7778,slide,
BEE477_-_University_of_Washington,17_16-NextSteps.pdf,.pdf,960,540,1.7778,slide,
BEE477_-_University_of_Washington,18_CS1-Nest.pdf,.pdf,960,540,1.7778,slide,
BEE477_-_University_of_Washington,19_CS2-Reprap.pdf,.pdf,720,540,1.3333,slide,
BEE477_-_University_of_Washington,1_1-IntroductionToECE477_-_Fall_2021_v01.pdf,.pdf,792,612,1.2941,slide,
BEE477_-_University_of_Washington,2_1-IntroductionToECE477.pdf,.pdf,720,540,1.3333,slide,
BEE477_-_University_of_Washington,3_2-DefiningRequirements.pdf,.pdf,720,540,1.3333,slide,
BEE477_-_University_of_Washington,4_3-HardwareInterfacing.pdf,.pdf,720,540,1.3333,slide,
BEE477_-_University_of_Washington,5_4-DiscreteComponents.pdf,.pdf,720,540,1.3333,slide,
BEE477_-_University_of_Washington,6_5-PowerConsiderations.pdf,.pdf,720,540,1.3333,slide,
BEE477_-_University_of_Washington,7_6-EmbeddedSoftware.pdf,.pdf,720,540,1.3333,slide,
BEE477_-_University_of_Washington,8_7-HardwareDesignFundamentals.pdf,.pdf,720,540,1.3333,slide,
BEE477_-_University_of_Washington,9_8-HardwareDesignTechniques.pdf,.pdf,720,540,1.3333,slide,
BIO015_-_Hofstra_University,10_view.pdf,.pdf,720,540,1.3333,slide,
BIO015_-_Hofstra_University,11_view.pdf,.pdf,720,540,1.3333,slide,
BIO015_-_Hofstra_University,12_view.pdf,.pdf,720,405,1.7778,slide,
BIO015_-_Hofstra_University,13_view.pdf,.pdf,793,596,1.3305,slide,
BIO015_-_Hofstra_University,14_view.pdf,.pdf,794,596,1.3322,slide,
BIO015_-_Hofstra_University,15_view.pdf,.pdf,960,540,1.7778,slide,
BIO015_-_Hofstra_University,16_view.pdf,.pdf,793,596,1.3305,slide,
BIO015_-_Hofstra_University,17_view.pdf,.pdf,960,540,1.7778,slide,
BIO015_-_Hofstra_University,18_view.pdf,.pdf,720,540,1.3333,slide,
BIO015_-_Hofstra_University,19_view.pdf,.pdf,794,596,1.3322,slide,
BIO015_-_Hofstra_University,1_view.pdf,.pdf,720,540,1.3333,slide,
BIO015_-_Hofstra_University,20_view.pdf,.pdf,794,596,1.3322,slide,
BIO015_-_Hofstra_University,21_view.pdf,.pdf,960,540,1.7778,slide,
BIO015_-_Hofstra_University,22_view.pdf,.pdf,720,540,1.3333,slide,
BIO015_-_Hofstra_University,2_view.pdf,.pdf,720,540,1.3333,slide,
BIO015_-_Hofstra_University,4_view.pdf,.pdf,720,540,1.3333,slide,
BIO015_-_Hofstra_University,5_view.pdf,.pdf,960,540,1.7778,slide,
BIO015_-_Hofstra_University,6_view.pdf,.pdf,960,540,1.7778,slide,
BIO015_-_Hofstra_University,7_view.pdf,.pdf,720,540,1.3333,slide,
BIO015_-_Hofstra_University,8_view.pdf,.pdf,720,540,1.3333,slide,
BIO015_-_Hofstra_University,9_view.pdf,.pdf,720,540,1.3333,slide,
BIOL2325_-_University_of_Utah,10_10_Nervous.pdf,.pdf,1024,768,1.3333,slide,
BIOL2325_-_University_of_Utah,11_11_TrunkDesign.pdf,.pdf,1024,768,1.3333,slide,
BIOL2325_-_University_of_Utah,12_12_Thorax.pdf,.pdf,1024,768,1.3333,slide,
BIOL2325_-_University_of_Utah,13_13_Abdomen.pdf,.pdf,1024,768,1.3333,slide,
BIOL2325_-_University_of_Utah,14_14_Genital.pdf,.pdf,1024,768,1.3333,slide,
BIOL2325_-_University_of_Utah,15_15_Pelvis.pdf,.pdf,1024,768,1.3333,slide,
BIOL2325_-_University_of_Utah,16_16_Back.pdf,.pdf,1024,768,1.3333,slide,
BIOL2325_-_University_of_Utah,17_17_LimbDesign.pdf,.pdf,1024,768,1.3333,slide,
BIOL2325_-_University_of_Utah,18_18_SuperiorLimb.pdf,.pdf,1024,768,1.3333,slide,
BIOL2325_-_University_of_Utah,19_19_InferiorLimb.pdf,.pdf,1024,768,1.3333,slide,
BIOL2325_-_University_of_Utah,1_01_Histology.pdf,.pdf,1024,768,1.3333,slide,
BIOL2325_-_University_of_Utah,20_20_HeadNeck.pdf,.pdf,1024,768,1.3333,slide,
BIOL2325_-_University_of_Utah,2_02_Integument.pdf,.pdf,1024,768,1.3333,slide,
BIOL2325_-_University_of_Utah,3_03_Osteology.pdf,.pdf,1024,768,1.3333,slide,
BIOL2325_-_University_of_Utah,4_04_Arthrology.pdf,.pdf,1024,768,1.3333,slide,
BIOL2325_-_University_of_Utah,5_05_Myology.pdf,.pdf,1024,768,1.3333,slide,
BIOL2325_-_University_of_Utah,6_06_Cardiovascular.pdf,.pdf,1024,768,1.3333,slide,
BIOL2325_-_University_of_Utah,7_07_Urinary.pdf,.pdf,1024,768,1.3333,slide,
BIOL2325_-_University_of_Utah,8_08_Respiratory.pdf,.pdf,1024,768,1.3333,slide,
BIOL2325_-_University_of_Utah,9_09_Digestive.pdf,.pdf,1024,768,1.3333,slide,
BIOL240L_-_University_of_Waterloo,10_module05.pdf,.pdf,363,273,1.3297,slide,
BIOL240L_-_University_of_Waterloo,11_class_module06.pdf,.pdf,720,504,1.4286,slide,
BIOL240L_-_University_of_Waterloo,12_module06.pdf,.pdf,363,273,1.3297,slide,
BIOL240L_-_University_of_Waterloo,13_class_module07.pdf,.pdf,720,504,1.4286,slide,
BIOL240L_-_University_of_Waterloo,14_module07.pdf,.pdf,363,273,1.3297,slide,
BIOL240L_-_University_of_Waterloo,15_class_module08.pdf,.pdf,792,612,1.2941,slide,
BIOL240L_-_University_of_Waterloo,16_module08.pdf,.pdf,363,273,1.3297,slide,
BIOL240L_-_University_of_Waterloo,17_class_module09.pdf,.pdf,720,504,1.4286,slide,
BIOL240L_-_University_of_Waterloo,18_module09.pdf,.pdf,363,273,1.3297,slide,
BIOL240L_-_University_of_Waterloo,19_class_module10.pdf,.pdf,720,504,1.4286,slide,
BIOL240L_-_University_of_Waterloo,1_class_module01.pdf,.pdf,720,504,1.4286,slide,
BIOL240L_-_University_of_Waterloo,20_module10.pdf,.pdf,363,273,1.3297,slide,
BIOL240L_-_University_of_Waterloo,21_class_module11.pdf,.pdf,720,504,1.4286,slide,
BIOL240L_-_University_of_Waterloo,22_module11.pdf,.pdf,363,273,1.3297,slide,
BIOL240L_-_University_of_Waterloo,23_class_module00.pdf,.pdf,720,504,1.4286,slide,
BIOL240L_-_University_of_Waterloo,24_module00.pdf,.pdf,363,273,1.3297,slide,
BIOL240L_-_University_of_Waterloo,2_module01.pdf,.pdf,363,273,1.3297,slide,
BIOL240L_-_University_of_Waterloo,3_class_module02.pdf,.pdf,720,504,1.4286,slide,
BIOL240L_-_University_of_Waterloo,4_module02.pdf,.pdf,363,273,1.3297,slide,
BIOL240L_-_University_of_Waterloo,5_class_module03.pdf,.pdf,720,504,1.4286,slide,
BIOL240L_-_University_of_Waterloo,6_module03.pdf,.pdf,363,273,1.3297,slide,
BIOL240L_-_University_of_Waterloo,7_class_module04.pdf,.pdf,720,504,1.4286,slide,
BIOL240L_-_University_of_Waterloo,8_module04.pdf,.pdf,363,273,1.3297,slide,
BIOL240L_-_University_of_Waterloo,9_class_module05.pdf,.pdf,720,504,1.4286,slide,
BSC1010_-_Florida_International_University,10_Ch04.ppt,.ppt,960,720,1.3333,slide,
BSC1010_-_Florida_International_University,11_ch4-metabolism_enzymes.pptx,.pptx,960,720,1.3333,slide,
BSC1010_-_Florida_International_University,12_Ch05.ppt,.ppt,960,720,1.3333,slide,
BSC1010_-_Florida_International_University,13_ch5-schuster-photosynthesis.pptx,.pptx,960,720,1.3333,slide,
BSC1010_-_Florida_International_University,14_Ch06.ppt,.ppt,960,720,1.3333,slide,
BSC1010_-_Florida_International_University,15_ch6-shuster-respiration.pptx,.pptx,960,720,1.3333,slide,
BSC1010_-_Florida_International_University,16_4-CellTransport_Ch07.pptx,.pptx,960,720,1.3333,slide,
BSC1010_-_Florida_International_University,18_Ch07.ppt,.ppt,960,720,1.3333,slide,
BSC1010_-_Florida_International_University,19_Ch08.ppt,.ppt,960,720,1.3333,slide,
BSC1010_-_Florida_International_University,21_Ch09.ppt,.ppt,960,720,1.3333,slide,
BSC1010_-_Florida_International_University,22_ch9_11_mitosis_meiosis.pptx,.pptx,960,720,1.3333,slide,
BSC1010_-_Florida_International_University,24_Ch10.ppt,.ppt,960,720,1.3333,slide,
BSC1010_-_Florida_International_University,25_Ch11.ppt,.ppt,960,720,1.3333,slide,
BSC1010_-_Florida_International_University,26_12_Ch12.pptx,.pptx,960,720,1.3333,slide,
BSC1010_-_Florida_International_University,28_Ch12.ppt,.ppt,960,720,1.3333,slide,
BSC1010_-_Florida_International_University,29_13_Ch13.pptx,.pptx,960,720,1.3333,slide,
BSC1010_-_Florida_International_University,2_Ch01.ppt,.ppt,960,720,1.3333,slide,
BSC1010_-_Florida_International_University,30_13_Ch13.pptx,.pptx,960,720,1.3333,slide,
BSC1010_-_Florida_International_University,31_Ch13.ppt,.ppt,960,720,1.3333,slide,
BSC1010_-_Florida_International_University,32_14_Ch14.pptx,.pptx,960,720,1.3333,slide,
BSC1010_-_Florida_International_University,34_Ch14.ppt,.ppt,960,720,1.3333,slide,
BSC1010_-_Florida_International_University,35_15_Ch15.pptx,.pptx,960,720,1.3333,slide,
BSC1010_-_Florida_International_University,37_Ch15.ppt,.ppt,960,720,1.3333,slide,
BSC1010_-_Florida_International_University,38_16_Ch16.pptx,.pptx,960,720,1.3333,slide,
BSC1010_-_Florida_International_University,39_16_Ch16.pptx,.pptx,960,720,1.3333,slide,
BSC1010_-_Florida_International_University,3_ch1-shuster.pptx,.pptx,960,720,1.3333,slide,
BSC1010_-_Florida_International_University,40_Ch16.ppt,.ppt,960,720,1.3333,slide,
BSC1010_-_Florida_International_University,41_17_Ch17.pptx,.pptx,960,720,1.3333,slide,
BSC1010_-_Florida_International_University,42_17_Ch17.pptx,.pptx,960,720,1.3333,slide,
BSC1010_-_Florida_International_University,43_Ch17.ppt,.ppt,960,720,1.3333,slide,
BSC1010_-_Florida_International_University,44_Ch18.ppt,.ppt,960,720,1.3333,slide,
BSC1010_-_Florida_International_University,45_Ch19.ppt,.ppt,960,720,1.3333,slide,
BSC1010_-_Florida_International_University,46_20_Ch20.pptx,.pptx,960,720,1.3333,slide,
BSC1010_-_Florida_International_University,47_Ch20.ppt,.ppt,960,720,1.3333,slide,
BSC1010_-_Florida_International_University,48_Test1-Extras.pptx,.pptx,960,720,1.3333,slide,
BSC1010_-_Florida_International_University,5_Ch02.ppt,.ppt,960,720,1.3333,slide,
BSC1010_-_Florida_International_University,6_ch2-shuster.pptx,.pptx,960,720,1.3333,slide,
BSC1010_-_Florida_International_University,8_Ch03.ppt,.ppt,960,720,1.3333,slide,
BSC1010_-_Florida_International_University,9_ch3-shuster.pptx,.pptx,960,720,1.3333,slide,
BUS123W_-_Stanford_University,10_lecture4-slides.pdf,.pdf,720,540,1.3333,slide,
BUS123W_-_Stanford_University,11_lecture4-slides.pptx,.pptx,960,720,1.3333,slide,
BUS123W_-_Stanford_University,12_lecture5-pre.pdf,.pdf,612,792,0.7727,document,
BUS123W_-_Stanford_University,13_lecture5-slides.pdf,.pdf,720,540,1.3333,slide,
BUS123W_-_Stanford_University,14_lecture5-slides.pptx,.pptx,960,720,1.3333,slide,
BUS123W_-_Stanford_University,15_lecture6-pre.pdf,.pdf,612,792,0.7727,document,
BUS123W_-_Stanford_University,16_lecture6-slides.pdf,.pdf,720,540,1.3333,slide,
BUS123W_-_Stanford_University,17_lecture6-slides.pptx,.pptx,960,720,1.3333,slide,
BUS123W_-_Stanford_University,18_lecture7-pre.pdf,.pdf,612,792,0.7727,document,
BUS123W_-_Stanford_University,19_lecture7-slides.pdf,.pdf,720,540,1.3333,slide,
BUS123W_-_Stanford_University,1_lecture1-slides.pdf,.pdf,720,540,1.3333,slide,
BUS123W_-_Stanford_University,20_lecture7-slides.pptx,.pptx,960,720,1.3333,slide,
BUS123W_-_Stanford_University,21_lecture8-pre.pdf,.pdf,612,792,0.7727,document,
BUS123W_-_Stanford_University,22_lecture8-slides.pdf,.pdf,720,540,1.3333,slide,
BUS123W_-_Stanford_University,23_lecture8-slides.pptx,.pptx,960,720,1.3333,slide,
BUS123W_-_Stanford_University,24_lecture9-pre.pdf,.pdf,612,792,0.7727,document,
BUS123W_-_Stanford_University,25_lecture9-slides.pdf,.pdf,720,540,1.3333,slide,
BUS123W_-_Stanford_University,26_lecture9-slides.pptx,.pptx,960,720,1.3333,slide,
BUS123W_-_Stanford_University,27_lecture10-pre.pdf,.pdf,612,792,0.7727,document,
BUS123W_-_Stanford_University,28_lecture10-slides.pdf,.pdf,720,540,1.3333,slide,
BUS123W_-_Stanford_University,29_lecture10-slides.pptx,.pptx,960,720,1.3333,slide,
BUS123W_-_Stanford_University,2_lecture1-slides.pptx,.pptx,960,720,1.3333,slide,
BUS123W_-_Stanford_University,30_lecture11-pre.pdf,.pdf,612,792,0.7727,document,
BUS123W_-_Stanford_University,31_lecture11-slides.pdf,.pdf,720,540,1.3333,slide,
BUS123W_-_Stanford_University,32_lecture11-slides.pptx,.pptx,960,720,1.3333,slide,
BUS123W_-_Stanford_University,33_lecture12-pre.pdf,.pdf,612,792,0.7727,document,
BUS123W_-_Stanford_University,34_lecture12-slides.pdf,.pdf,720,540,1.3333,slide,
BUS123W_-_Stanford_University,35_lecture12-slides.pptx,.pptx,960,720,1.3333,slide,
BUS123W_-_Stanford_University,36_lecture13-slides.pdf,.pdf,720,540,1.3333,slide,
BUS123W_-_Stanford_University,37_lecture13-slides.pptx,.pptx,960,720,1.3333,slide,
BUS123W_-_Stanford_University,38_lecture14-pre.pdf,.pdf,612,792,0.7727,document,
BUS123W_-_Stanford_University,39_lecture14-slides.pdf,.pdf,720,540,1.3333,slide,
BUS123W_-_Stanford_University,3_lecture2-pre.pdf,.pdf,612,792,0.7727,document,
BUS123W_-_Stanford_University,40_lecture14-slides.pptx,.pptx,960,720,1.3333,slide,
BUS123W_-_Stanford_University,41_lecture15-pre.pdf,.pdf,612,792,0.7727,document,
BUS123W_-_Stanford_University,42_lecture15-slides.pdf,.pdf,720,540,1.3333,slide,
BUS123W_-_Stanford_University,43_lecture15-slides.pptx,.pptx,960,720,1.3333,slide,
BUS123W_-_Stanford_University,44_lecture16-pre.pdf,.pdf,612,792,0.7727,document,
BUS123W_-_Stanford_University,45_lecture16-slides.pdf,.pdf,720,540,1.3333,slide,
BUS123W_-_Stanford_University,46_lecture16-slides.pptx,.pptx,960,720,1.3333,slide,
BUS123W_-_Stanford_University,47_lecture17-pre.pdf,.pdf,612,792,0.7727,document,
BUS123W_-_Stanford_University,48_lecture17-slides.pdf,.pdf,720,540,1.3333,slide,
BUS123W_-_Stanford_University,49_lecture17-slides.pptx,.pptx,960,720,1.3333,slide,
BUS123W_-_Stanford_University,4_lecture2-slides.pdf,.pdf,720,540,1.3333,slide,
BUS123W_-_Stanford_University,50_lecture18-slides.pdf,.pdf,720,540,1.3333,slide,
BUS123W_-_Stanford_University,51_lecture18-slides.pptx,.pptx,960,720,1.3333,slide,
BUS123W_-_Stanford_University,5_lecture2-slides.pptx,.pptx,960,720,1.3333,slide,
BUS123W_-_Stanford_University,6_lecture3-pre.pdf,.pdf,612,792,0.7727,document,
BUS123W_-_Stanford_University,7_lecture3-slides.pdf,.pdf,720,540,1.3333,slide,
BUS123W_-_Stanford_University,8_lecture3-slides.pptx,.pptx,960,720,1.3333,slide,
BUS123W_-_Stanford_University,9_lecture4-pre.pdf,.pdf,612,792,0.7727,document,
BUS195_-_Stanford_University,1_fall25-cme295-lecture1.pdf,.pdf,720,405,1.7778,slide,
BUS195_-_Stanford_University,2_fall25-cme295-lecture2.pdf,.pdf,720,405,1.7778,slide,
BUS195_-_Stanford_University,3_fall25-cme295-lecture3.pdf,.pdf,720,405,1.7778,slide,
BUS195_-_Stanford_University,4_fall25-cme295-lecture4.pdf,.pdf,720,405,1.7778,slide,
BUS195_-_Stanford_University,5_fall25-cme295-lecture5.pdf,.pdf,720,405,1.7778,slide,
BUS195_-_Stanford_University,6_fall25-cme295-lecture6.pdf,.pdf,720,405,1.7778,slide,
BUS195_-_Stanford_University,7_fall25-cme295-lecture7.pdf,.pdf,720,405,1.7778,slide,
BUS195_-_Stanford_University,8_fall25-cme295-lecture8.pdf,.pdf,720,405,1.7778,slide,
BUS195_-_Stanford_University,9_fall25-cme295-lecture9.pdf,.pdf,720,405,1.7778,slide,
BUS302_-_Brooklyn_College,1_July_at_Multiplex_RevStudent_Coaching_Fall_09.ppt,.ppt,960,720,1.3333,slide,
BUS302_-_Brooklyn_College,2_Future_Super_Tech_-_Student_Coaching_Slides.pptx,.pptx,960,720,1.3333,slide,
BUS302_-_Brooklyn_College,3_Carsons_Inn_-_Student_Coaching_Slides.pptx,.pptx,960,720,1.3333,slide,
BUS302_-_Brooklyn_College,4_Wellness_100_-_Student_Coaching_Slides.pptx,.pptx,960,720,1.3333,slide,
BUS302_-_Brooklyn_College,5_Comfort_Now_LA_-_Student_Coaching_Slides.pptx,.pptx,979,720,1.3597,slide,
CALC150_-_Xavier_University,1_presentation-01.pptx,.pptx,1280,720,1.7778,slide,
CALC150_-_Xavier_University,2_presentation-02.pptx,.pptx,1280,720,1.7778,slide,
CALC150_-_Xavier_University,3_presentation-03.pptx,.pptx,1280,720,1.7778,slide,
CALC150_-_Xavier_University,4_presentation-04.pptx,.pptx,1280,720,1.7778,slide,
CAP5510_-_University_of_Florida,10_09-CAP5510.ppt,.ppt,960,720,1.3333,slide,
CAP5510_-_University_of_Florida,1_01-CAP5510.pptx,.pptx,960,720,1.3333,slide,
CAP5510_-_University_of_Florida,2_01-CAP5510.pptx,.pptx,960,720,1.3333,slide,
CAP5510_-_University_of_Florida,3_02-CAP5510.ppt,.ppt,960,720,1.3333,slide,
CAP5510_-_University_of_Florida,4_03-CAP5510.ppt,.ppt,960,720,1.3333,slide,
CAP5510_-_University_of_Florida,5_04-CAP5510.ppt,.ppt,960,720,1.3333,slide,
CAP5510_-_University_of_Florida,6_05-CAP5510.ppt,.ppt,960,720,1.3333,slide,
CAP5510_-_University_of_Florida,7_06-CAP5510.ppt,.ppt,960,720,1.3333,slide,
CAP5510_-_University_of_Florida,8_07-CAP5510.ppt,.ppt,960,720,1.3333,slide,
CAP5510_-_University_of_Florida,9_08-CAP5510.ppt,.ppt,960,720,1.3333,slide,
CEG402_-_Wright_State_University,1_Lecture1.ppt,.ppt,962,722,1.3324,slide,
CEG402_-_Wright_State_University,2_Lecture2.ppt,.ppt,962,722,1.3324,slide,
CEG402_-_Wright_State_University,3_Lecture3.ppt,.ppt,962,722,1.3324,slide,
CEG402_-_Wright_State_University,4_Lecture4.ppt,.ppt,962,722,1.3324,slide,
CEG402_-_Wright_State_University,5_Lecture5.ppt,.ppt,962,722,1.3324,slide,
CEN5011_-_Florida_International_University,10_lecture7-1.ppt,.ppt,960,720,1.3333,slide,
CEN5011_-_Florida_International_University,11_lecture7-2.ppt,.ppt,960,720,1.3333,slide,
CEN5011_-_Florida_International_University,12_lecture7_2.ppt,.ppt,960,720,1.3333,slide,
CEN5011_-_Florida_International_University,13_lecture8.ppt,.ppt,960,720,1.3333,slide,
CEN5011_-_Florida_International_University,14_lecture9.ppt,.ppt,960,720,1.3333,slide,
CEN5011_-_Florida_International_University,1_lecture1.ppt,.ppt,960,720,1.3333,slide,
CEN5011_-_Florida_International_University,2_lecture2.ppt,.ppt,960,720,1.3333,slide,
CEN5011_-_Florida_International_University,3_lecture3_1.ppt,.ppt,960,720,1.3333,slide,
CEN5011_-_Florida_International_University,4_lecture4.ppt,.ppt,960,720,1.3333,slide,
CEN5011_-_Florida_International_University,5_lecture5.ppt,.ppt,960,720,1.3333,slide,
CEN5011_-_Florida_International_University,6_lecture5_1.ppt,.ppt,960,720,1.3333,slide,
CEN5011_-_Florida_International_University,7_lecture5_2.ppt,.ppt,960,720,1.3333,slide,
CEN5011_-_Florida_International_University,8_lecture6.ppt,.ppt,960,720,1.3333,slide,
CEN5011_-_Florida_International_University,9_lecture6_1.ppt,.ppt,960,720,1.3333,slide,
CHE220_-_Penn_State_University,10_L10.pdf,.pdf,559,395,1.4152,slide,
CHE220_-_Penn_State_University,11_L11.pdf,.pdf,559,395,1.4152,slide,
CHE220_-_Penn_State_University,12_L12.pdf,.pdf,559,395,1.4152,slide,
CHE220_-_Penn_State_University,13_L13.pdf,.pdf,559,395,1.4152,slide,
CHE220_-_Penn_State_University,14_L14.pdf,.pdf,559,395,1.4152,slide,
CHE220_-_Penn_State_University,15_L15.pdf,.pdf,559,395,1.4152,slide,
CHE220_-_Penn_State_University,16_L16.pdf,.pdf,559,395,1.4152,slide,
CHE220_-_Penn_State_University,17_L17.pdf,.pdf,559,395,1.4152,slide,
CHE220_-_Penn_State_University,18_L18.pdf,.pdf,559,395,1.4152,slide,
CHE220_-_Penn_State_University,19_L19.pdf,.pdf,559,395,1.4152,slide,
CHE220_-_Penn_State_University,1_L1.pdf,.pdf,559,395,1.4152,slide,
CHE220_-_Penn_State_University,20_L20.pdf,.pdf,559,395,1.4152,slide,
CHE220_-_Penn_State_University,21_L21.pdf,.pdf,559,395,1.4152,slide,
CHE220_-_Penn_State_University,22_L22.pdf,.pdf,559,395,1.4152,slide,
CHE220_-_Penn_State_University,23_L23.pdf,.pdf,559,395,1.4152,slide,
CHE220_-_Penn_State_University,2_L2.pdf,.pdf,559,395,1.4152,slide,
CHE220_-_Penn_State_University,3_L3.pdf,.pdf,559,395,1.4152,slide,
CHE220_-_Penn_State_University,4_L4.pdf,.pdf,559,395,1.4152,slide,
CHE220_-_Penn_State_University,5_L5.pdf,.pdf,559,395,1.4152,slide,
CHE220_-_Penn_State_University,6_L6.pdf,.pdf,559,395,1.4152,slide,
CHE220_-_Penn_State_University,7_L7.pdf,.pdf,559,395,1.4152,slide,
CHE220_-_Penn_State_University,8_L8.pdf,.pdf,559,395,1.4152,slide,
CHE220_-_Penn_State_University,9_L9.pdf,.pdf,559,395,1.4152,slide,
CHE320_-_Penn_State_University,10_L10.pdf,.pdf,559,395,1.4152,slide,
CHE320_-_Penn_State_University,11_L11.pdf,.pdf,559,395,1.4152,slide,
CHE320_-_Penn_State_University,12_L12.pdf,.pdf,559,395,1.4152,slide,
CHE320_-_Penn_State_University,13_L13.pdf,.pdf,559,395,1.4152,slide,
CHE320_-_Penn_State_University,14_L14.pdf,.pdf,559,395,1.4152,slide,
CHE320_-_Penn_State_University,15_L15.pdf,.pdf,559,395,1.4152,slide,
CHE320_-_Penn_State_University,16_L16.pdf,.pdf,559,395,1.4152,slide,
CHE320_-_Penn_State_University,17_L17.pdf,.pdf,559,395,1.4152,slide,
CHE320_-_Penn_State_University,18_L18.pdf,.pdf,559,395,1.4152,slide,
CHE320_-_Penn_State_University,19_L19.pdf,.pdf,559,395,1.4152,slide,
CHE320_-_Penn_State_University,1_L1.pdf,.pdf,559,395,1.4152,slide,
CHE320_-_Penn_State_University,20_L20.pdf,.pdf,559,395,1.4152,slide,
CHE320_-_Penn_State_University,21_L21.pdf,.pdf,559,395,1.4152,slide,
CHE320_-_Penn_State_University,22_L22.pdf,.pdf,559,395,1.4152,slide,
CHE320_-_Penn_State_University,23_L23.pdf,.pdf,559,395,1.4152,slide,
CHE320_-_Penn_State_University,2_L2.pdf,.pdf,559,395,1.4152,slide,
CHE320_-_Penn_State_University,3_L3.pdf,.pdf,559,395,1.4152,slide,
CHE320_-_Penn_State_University,4_L4.pdf,.pdf,559,395,1.4152,slide,
CHE320_-_Penn_State_University,5_L5.pdf,.pdf,559,395,1.4152,slide,
CHE320_-_Penn_State_University,6_L6.pdf,.pdf,559,395,1.4152,slide,
CHE320_-_Penn_State_University,7_L7.pdf,.pdf,559,395,1.4152,slide,
CHE320_-_Penn_State_University,8_L8.pdf,.pdf,559,395,1.4152,slide,
CHE320_-_Penn_State_University,9_L9.pdf,.pdf,559,395,1.4152,slide,
CIS1115_-_Brooklyn_College,10_arraysort.pdf,.pdf,720,540,1.3333,slide,
CIS1115_-_Brooklyn_College,11_boolean.pdf,.pdf,720,540,1.3333,slide,
CIS1115_-_Brooklyn_College,12_breakcontinue.pdf,.pdf,720,540,1.3333,slide,
CIS1115_-_Brooklyn_College,13_chars.pdf,.pdf,720,540,1.3333,slide,
CIS1115_-_Brooklyn_College,14_condop.pdf,.pdf,720,540,1.3333,slide,
CIS1115_-_Brooklyn_College,15_elementaryerrors_5.pdf,.pdf,720,540,1.3333,slide,
CIS1115_-_Brooklyn_College,16_elementaryinout_1.pdf,.pdf,720,540,1.3333,slide,
CIS1115_-_Brooklyn_College,17_elementarynumbers_2.pdf,.pdf,720,540,1.3333,slide,
CIS1115_-_Brooklyn_College,18_elementarysystime_4.pdf,.pdf,720,540,1.3333,slide,
CIS1115_-_Brooklyn_College,19_fordowhileloops.pdf,.pdf,720,540,1.3333,slide,
CIS1115_-_Brooklyn_College,1_array2dintro.pdf,.pdf,720,540,1.3333,slide,
CIS1115_-_Brooklyn_College,20_format.pdf,.pdf,720,540,1.3333,slide,
CIS1115_-_Brooklyn_College,21_helloworldrevisited.pdf,.pdf,720,540,1.3333,slide,
CIS1115_-_Brooklyn_College,22_ifstmt.pdf,.pdf,720,540,1.3333,slide,
CIS1115_-_Brooklyn_College,23_ifstmt.pdf,.pdf,720,540,1.3333,slide,
CIS1115_-_Brooklyn_College,24_ifstmtex.pdf,.pdf,720,540,1.3333,slide,
CIS1115_-_Brooklyn_College,25_ifstmtlogicops.pdf,.pdf,720,540,1.3333,slide,
CIS1115_-_Brooklyn_College,26_loopexamples.pdf,.pdf,720,540,1.3333,slide,
CIS1115_-_Brooklyn_College,27_looppitfalls.pdf,.pdf,720,540,1.3333,slide,
CIS1115_-_Brooklyn_College,28_math.pdf,.pdf,720,540,1.3333,slide,
CIS1115_-_Brooklyn_College,29_methodsdev.pdf,.pdf,720,540,1.3333,slide,
CIS1115_-_Brooklyn_College,2_arraycmdline.pdf,.pdf,720,540,1.3333,slide,
CIS1115_-_Brooklyn_College,30_methodsintro.pdf,.pdf,720,540,1.3333,slide,
CIS1115_-_Brooklyn_College,31_methodsmodule.pdf,.pdf,720,540,1.3333,slide,
CIS1115_-_Brooklyn_College,32_methodsmodule.pdf,.pdf,720,540,1.3333,slide,
CIS1115_-_Brooklyn_College,33_methodsoverload.pdf,.pdf,720,540,1.3333,slide,
CIS1115_-_Brooklyn_College,34_methodsvariables.pdf,.pdf,720,540,1.3333,slide,
CIS1115_-_Brooklyn_College,35_midterm.pdf,.pdf,720,540,1.3333,slide,
CIS1115_-_Brooklyn_College,36_nestedloop.pdf,.pdf,720,540,1.3333,slide,
CIS1115_-_Brooklyn_College,37_nestedwhileloop.pdf,.pdf,720,540,1.3333,slide,
CIS1115_-_Brooklyn_College,38_oprules.pdf,.pdf,720,540,1.3333,slide,
CIS1115_-_Brooklyn_College,39_overviewintrojava.pdf,.pdf,720,540,1.3333,slide,
CIS1115_-_Brooklyn_College,3_arrayfiles.pdf,.pdf,720,540,1.3333,slide,
CIS1115_-_Brooklyn_College,40_strcharex.pdf,.pdf,720,540,1.3333,slide,
CIS1115_-_Brooklyn_College,41_strcharmathex.pdf,.pdf,720,540,1.3333,slide,
CIS1115_-_Brooklyn_College,42_string.pdf,.pdf,720,540,1.3333,slide,
CIS1115_-_Brooklyn_College,43_switchstmt.pdf,.pdf,720,540,1.3333,slide,
CIS1115_-_Brooklyn_College,44_textfileio.pdf,.pdf,720,540,1.3333,slide,
CIS1115_-_Brooklyn_College,45_toolsenv.pdf,.pdf,720,540,1.3333,slide,
CIS1115_-_Brooklyn_College,46_whileloopdesign.pdf,.pdf,720,540,1.3333,slide,
CIS1115_-_Brooklyn_College,47_whileloopintro.pdf,.pdf,720,540,1.3333,slide,
CIS1115_-_Brooklyn_College,4_arrayintro.pdf,.pdf,720,540,1.3333,slide,
CIS1115_-_Brooklyn_College,5_arraymethods.pdf,.pdf,720,540,1.3333,slide,
CIS1115_-_Brooklyn_College,6_arrayprocess1.pdf,.pdf,720,540,1.3333,slide,
CIS1115_-_Brooklyn_College,7_arrayprocess2.pdf,.pdf,720,540,1.3333,slide,
CIS1115_-_Brooklyn_College,8_arrayprocess3.pdf,.pdf,720,540,1.3333,slide,
CIS1115_-_Brooklyn_College,9_arrayprocess4.pdf,.pdf,720,540,1.3333,slide,
CIS2010_-_Georgia_State_University,10_ch9_book.pdf,.pdf,648,468,1.3846,slide,
CIS2010_-_Georgia_State_University,11_access_concepts.pdf,.pdf,720,540,1.3333,slide,
CIS2010_-_Georgia_State_University,12_ext_mod_A.pdf,.pdf,648,468,1.3846,slide,
CIS2010_-_Georgia_State_University,13_ext_mod_C.pdf,.pdf,612,792,0.7727,document,
CIS2010_-_Georgia_State_University,14_ext_mod_H.pdf,.pdf,648,468,1.3846,slide,
CIS2010_-_Georgia_State_University,15_table_concepts.pdf,.pdf,720,540,1.3333,slide,
CIS2010_-_Georgia_State_University,1_ch1_book.pdf,.pdf,648,468,1.3846,slide,
CIS2010_-_Georgia_State_University,2_ch1_in-class.pdf,.pdf,648,468,1.3846,slide,
CIS2010_-_Georgia_State_University,3_ch2_book.pdf,.pdf,648,468,1.3846,slide,
CIS2010_-_Georgia_State_University,4_ch3_book.pdf,.pdf,612,792,0.7727,document,
CIS2010_-_Georgia_State_University,5_ch4_book.pdf,.pdf,648,468,1.3846,slide,
CIS2010_-_Georgia_State_University,6_ch5_book.pdf,.pdf,648,468,1.3846,slide,
CIS2010_-_Georgia_State_University,7_ch6_book.pdf,.pdf,648,468,1.3846,slide,
CIS2010_-_Georgia_State_University,8_ch7_book.pdf,.pdf,648,468,1.3846,slide,
CIS2010_-_Georgia_State_University,9_ch8_book.pdf,.pdf,648,468,1.3846,slide,
CIS3229_-_Temple_University,10_ch2-1.ppt,.ppt,960,720,1.3333,slide,
CIS3229_-_Temple_University,11_ch2-2.pdf,.pdf,720,540,1.3333,slide,
CIS3229_-_Temple_University,12_ch2-2.ppt,.ppt,960,720,1.3333,slide,
CIS3229_-_Temple_University,13_ch2-3.pdf,.pdf,720,540,1.3333,slide,
CIS3229_-_Temple_University,14_ch2-3.ppt,.ppt,960,720,1.3333,slide,
CIS3229_-_Temple_University,15_ch2-4.pdf,.pdf,720,540,1.3333,slide,
CIS3229_-_Temple_University,16_ch2-4.ppt,.ppt,960,720,1.3333,slide,
CIS3229_-_Temple_University,17_ch3-1.pdf,.pdf,720,540,1.3333,slide,
CIS3229_-_Temple_University,18_ch3-1.ppt,.ppt,960,720,1.3333,slide,
CIS3229_-_Temple_University,19_ch3-2.pdf,.pdf,720,540,1.3333,slide,
CIS3229_-_Temple_University,1_ch1-1.pdf,.pdf,720,540,1.3333,slide,
CIS3229_-_Temple_University,20_ch3-2.ppt,.ppt,960,720,1.3333,slide,
CIS3229_-_Temple_University,21_ch3-3.pdf,.pdf,720,540,1.3333,slide,
CIS3229_-_Temple_University,22_ch3-3.ppt,.ppt,960,720,1.3333,slide,
CIS3229_-_Temple_University,23_ch3-4.pdf,.pdf,720,540,1.3333,slide,
CIS3229_-_Temple_University,24_ch3-4.ppt,.ppt,960,720,1.3333,slide,
CIS3229_-_Temple_University,25_ch3-5.pdf,.pdf,720,540,1.3333,slide,
CIS3229_-_Temple_University,26_ch3-5.ppt,.ppt,960,720,1.3333,slide,
CIS3229_-_Temple_University,27_ch3-6.pdf,.pdf,720,540,1.3333,slide,
CIS3229_-_Temple_University,28_ch3-6.ppt,.ppt,960,720,1.3333,slide,
CIS3229_-_Temple_University,29_ch4-1.pdf,.pdf,720,540,1.3333,slide,
CIS3229_-_Temple_University,2_ch1-1.ppt,.ppt,960,720,1.3333,slide,
CIS3229_-_Temple_University,30_ch4-1.ppt,.ppt,960,720,1.3333,slide,
CIS3229_-_Temple_University,31_ch4-2.pdf,.pdf,720,540,1.3333,slide,
CIS3229_-_Temple_University,32_ch4-2.ppt,.ppt,960,720,1.3333,slide,
CIS3229_-_Temple_University,33_ch4-3.pdf,.pdf,720,540,1.3333,slide,
CIS3229_-_Temple_University,34_ch4-3.ppt,.ppt,960,720,1.3333,slide,
CIS3229_-_Temple_University,35_ch4-4.pdf,.pdf,720,540,1.3333,slide,
CIS3229_-_Temple_University,36_ch4-4.ppt,.ppt,960,720,1.3333,slide,
CIS3229_-_Temple_University,37_ch5-1.pdf,.pdf,720,540,1.3333,slide,
CIS3229_-_Temple_University,38_ch5-1.pptx,.pptx,960,720,1.3333,slide,
CIS3229_-_Temple_University,39_ch5-2.pdf,.pdf,720,540,1.3333,slide,
CIS3229_-_Temple_University,3_ch1-2.pdf,.pdf,720,540,1.3333,slide,
CIS3229_-_Temple_University,40_ch5-2.pptx,.pptx,960,720,1.3333,slide,
CIS3229_-_Temple_University,41_ch5-3.pdf,.pdf,720,540,1.3333,slide,
CIS3229_-_Temple_University,42_ch5-3.pptx,.pptx,960,720,1.3333,slide,
CIS3229_-_Temple_University,43_ch5-4.pdf,.pdf,720,540,1.3333,slide,
CIS3229_-_Temple_University,44_ch5-4.pptx,.pptx,960,720,1.3333,slide,
CIS3229_-_Temple_University,45_ch6-1.pdf,.pdf,720,540,1.3333,slide,
CIS3229_-_Temple_University,46_ch6-1.pptx,.pptx,960,720,1.3333,slide,
CIS3229_-_Temple_University,47_ch6-2.pdf,.pdf,720,540,1.3333,slide,
CIS3229_-_Temple_University,48_ch6-2.pptx,.pptx,960,720,1.3333,slide,
CIS3229_-_Temple_University,49_ch6-3.pdf,.pdf,720,540,1.3333,slide,
CIS3229_-_Temple_University,4_ch1-2.ppt,.ppt,960,720,1.3333,slide,
CIS3229_-_Temple_University,50_ch6-3.pptx,.pptx,960,720,1.3333,slide,
CIS3229_-_Temple_University,51_ch6-4.pdf,.pdf,720,540,1.3333,slide,
CIS3229_-_Temple_University,52_ch6-4.pptx,.pptx,960,720,1.3333,slide,
CIS3229_-_Temple_University,5_ch1-3.pdf,.pdf,720,540,1.3333,slide,
CIS3229_-_Temple_University,6_ch1-3.ppt,.ppt,960,720,1.3333,slide,
CIS3229_-_Temple_University,7_ch1-4.pdf,.pdf,720,540,1.3333,slide,
CIS3229_-_Temple_University,8_ch1-4.ppt,.ppt,960,720,1.3333,slide,
CIS3229_-_Temple_University,9_ch2-1.pdf,.pdf,720,540,1.3333,slide,
CIS400_-_Buffalo_State_University,10_Chapter_10_slides.pptx,.pptx,960,720,1.3333,slide,
CIS400_-_Buffalo_State_University,11_Chapter_11_slides.pptx,.pptx,960,720,1.3333,slide,
CIS400_-_Buffalo_State_University,12_Chapter_12_slides.pptx,.pptx,960,720,1.3333,slide,
CIS400_-_Buffalo_State_University,13_Chapter_13_slides.pptx,.pptx,960,720,1.3333,slide,
CIS400_-_Buffalo_State_University,14_Chapter_14_slides.pptx,.pptx,960,720,1.3333,slide,
CIS400_-_Buffalo_State_University,15_Chapter_15_slides.pptx,.pptx,960,720,1.3333,slide,
CIS400_-_Buffalo_State_University,16_Chapter_16_slides.pptx,.pptx,960,720,1.3333,slide,
CIS400_-_Buffalo_State_University,17_Chapter_17_slides.pptx,.pptx,960,720,1.3333,slide,
CIS400_-_Buffalo_State_University,18_Chapter_18_slides.pptx,.pptx,960,720,1.3333,slide,
CIS400_-_Buffalo_State_University,19_Chapter_19_slides.pptx,.pptx,960,720,1.3333,slide,
CIS400_-_Buffalo_State_University,1_Chapter_01_slides.pptx,.pptx,960,720,1.3333,slide,
CIS400_-_Buffalo_State_University,20_Chapter_20_slides.pptx,.pptx,960,720,1.3333,slide,
CIS400_-_Buffalo_State_University,21_Chapter_21_slides.pptx,.pptx,960,720,1.3333,slide,
CIS400_-_Buffalo_State_University,22_Chapter_22_slides.pptx,.pptx,960,720,1.3333,slide,
CIS400_-_Buffalo_State_University,2_Chapter_02_slides.pptx,.pptx,960,720,1.3333,slide,
CIS400_-_Buffalo_State_University,3_Chapter_03_slides.pptx,.pptx,960,720,1.3333,slide,
CIS400_-_Buffalo_State_University,4_Chapter_04_slides.pptx,.pptx,960,720,1.3333,slide,
CIS400_-_Buffalo_State_University,5_Chapter_05_slides.pptx,.pptx,960,720,1.3333,slide,
CIS400_-_Buffalo_State_University,6_Chapter_06_slides.pptx,.pptx,960,720,1.3333,slide,
CIS400_-_Buffalo_State_University,7_Chapter_07_slides.pptx,.pptx,960,720,1.3333,slide,
CIS400_-_Buffalo_State_University,8_Chapter_08_slides.pptx,.pptx,960,720,1.3333,slide,
CIS400_-_Buffalo_State_University,9_Chapter_09_slides.pptx,.pptx,960,720,1.3333,slide,
CISC3140_-_Brooklyn_College,10_lecture4b.ppt,.ppt,960,720,1.3333,slide,
CISC3140_-_Brooklyn_College,11_lecture5.pdf,.pdf,720,540,1.3333,slide,
CISC3140_-_Brooklyn_College,12_lecture5.ppt,.ppt,960,720,1.3333,slide,
CISC3140_-_Brooklyn_College,13_lecture6.pdf,.pdf,720,540,1.3333,slide,
CISC3140_-_Brooklyn_College,14_lecture6.ppt,.ppt,960,720,1.3333,slide,
CISC3140_-_Brooklyn_College,15_lecture7.pdf,.pdf,720,540,1.3333,slide,
CISC3140_-_Brooklyn_College,16_lecture7.ppt,.ppt,960,720,1.3333,slide,
CISC3140_-_Brooklyn_College,17_lecture8.pdf,.pdf,720,540,1.3333,slide,
CISC3140_-_Brooklyn_College,18_lecture8.ppt,.ppt,960,720,1.3333,slide,
CISC3140_-_Brooklyn_College,19_lecture9.pdf,.pdf,720,540,1.3333,slide,
CISC3140_-_Brooklyn_College,1_lecture1.pdf,.pdf,720,540,1.3333,slide,
CISC3140_-_Brooklyn_College,20_lecture9.ppt,.ppt,960,720,1.3333,slide,
CISC3140_-_Brooklyn_College,21_MySQL_Cheat_Sheet.pdf,.pdf,612,792,0.7727,document,
CISC3140_-_Brooklyn_College,2_lecture1.ppt,.ppt,960,720,1.3333,slide,
CISC3140_-_Brooklyn_College,3_lecture2.pdf,.pdf,720,540,1.3333,slide,
CISC3140_-_Brooklyn_College,4_lecture2.ppt,.ppt,960,720,1.3333,slide,
CISC3140_-_Brooklyn_College,5_lecture3.pdf,.pdf,720,540,1.3333,slide,
CISC3140_-_Brooklyn_College,6_lecture3.ppt,.ppt,960,720,1.3333,slide,
CISC3140_-_Brooklyn_College,7_lecture4.pdf,.pdf,720,540,1.3333,slide,
CISC3140_-_Brooklyn_College,8_lecture4.ppt,.ppt,960,720,1.3333,slide,
CISC3140_-_Brooklyn_College,9_lecture4b.pdf,.pdf,720,540,1.3333,slide,
CMP167_-_Lehman_College,1_Lecture1.pdf,.pdf,792,612,1.2941,slide,
CMP167_-_Lehman_College,2_Lecture2.pdf,.pdf,792,612,1.2941,slide,
CMP167_-_Lehman_College,3_Lecture3.pdf,.pdf,792,612,1.2941,slide,
CMP167_-_Lehman_College,4_Lecture4.pdf,.pdf,792,612,1.2941,slide,
CMP167_-_Lehman_College,5_Lecture5.pdf,.pdf,792,612,1.2941,slide,
CMPE180A_-_San_Jose_State_University,10_Savitch_ch_08.ppt,.ppt,960,720,1.3333,slide,
CMPE180A_-_San_Jose_State_University,11_9780324782011_PPT_ch09.ppt,.ppt,960,720,1.3333,slide,
CMPE180A_-_San_Jose_State_University,12_Savitch_ch_09.ppt,.ppt,960,720,1.3333,slide,
CMPE180A_-_San_Jose_State_University,13_9780324782011_PPT_ch10.ppt,.ppt,960,720,1.3333,slide,
CMPE180A_-_San_Jose_State_University,14_Savitch_ch_10.ppt,.ppt,960,720,1.3333,slide,
CMPE180A_-_San_Jose_State_University,15_9780324782011_PPT_ch11.ppt,.ppt,960,720,1.3333,slide,
CMPE180A_-_San_Jose_State_University,16_Savitch_ch_11.ppt,.ppt,960,720,1.3333,slide,
CMPE180A_-_San_Jose_State_University,17_9780324782011_PPT_ch12.ppt,.ppt,960,720,1.3333,slide,
CMPE180A_-_San_Jose_State_University,18_Savitch_ch_12.ppt,.ppt,960,720,1.3333,slide,
CMPE180A_-_San_Jose_State_University,19_9780324782011_PPT_ch13.ppt,.ppt,960,720,1.3333,slide,
CMPE180A_-_San_Jose_State_University,1_Savitch_ch_01.ppt,.ppt,960,720,1.3333,slide,
CMPE180A_-_San_Jose_State_University,20_Savitch_ch_13.ppt,.ppt,960,720,1.3333,slide,
CMPE180A_-_San_Jose_State_University,21_Savitch_ch_14.ppt,.ppt,960,720,1.3333,slide,
CMPE180A_-_San_Jose_State_University,22_Savitch_ch_15.ppt,.ppt,960,720,1.3333,slide,
CMPE180A_-_San_Jose_State_University,23_Savitch_ch_16.ppt,.ppt,960,720,1.3333,slide,
CMPE180A_-_San_Jose_State_University,24_Savitch_ch_17.ppt,.ppt,960,720,1.3333,slide,
CMPE180A_-_San_Jose_State_University,25_Savitch_ch_18.ppt,.ppt,960,720,1.3333,slide,
CMPE180A_-_San_Jose_State_University,26_CMPE180A-200825.pptx,.pptx,960,720,1.3333,slide,
CMPE180A_-_San_Jose_State_University,27_CMPE180A-200901.pptx,.pptx,960,720,1.3333,slide,
CMPE180A_-_San_Jose_State_University,28_CMPE180A-200908.pptx,.pptx,960,720,1.3333,slide,
CMPE180A_-_San_Jose_State_University,29_CMPE180A-200915.pptx,.pptx,960,720,1.3333,slide,
CMPE180A_-_San_Jose_State_University,2_Part2-graphs.pdf,.pdf,792,612,1.2941,slide,
CMPE180A_-_San_Jose_State_University,30_CMPE180A-200922.pptx,.pptx,960,720,1.3333,slide,
CMPE180A_-_San_Jose_State_University,31_CMPE180A-200929.pptx,.pptx,960,720,1.3333,slide,
CMPE180A_-_San_Jose_State_University,32_CMPE180A-201006.pptx,.pptx,960,720,1.3333,slide,
CMPE180A_-_San_Jose_State_University,33_CMPE180A-201013.pptx,.pptx,960,720,1.3333,slide,
CMPE180A_-_San_Jose_State_University,34_CMPE180A-201020.pptx,.pptx,960,720,1.3333,slide,
CMPE180A_-_San_Jose_State_University,35_CMPE180A-201027.pptx,.pptx,960,720,1.3333,slide,
CMPE180A_-_San_Jose_State_University,36_CMPE180A-201103.pptx,.pptx,960,720,1.3333,slide,
CMPE180A_-_San_Jose_State_University,37_CMPE180A-201110.pptx,.pptx,960,720,1.3333,slide,
CMPE180A_-_San_Jose_State_University,38_CMPE180A-201117.pptx,.pptx,960,720,1.3333,slide,
CMPE180A_-_San_Jose_State_University,39_CMPE180A-201124.pptx,.pptx,960,720,1.3333,slide,
CMPE180A_-_San_Jose_State_University,3_Savitch_ch_02.ppt,.ppt,960,720,1.3333,slide,
CMPE180A_-_San_Jose_State_University,40_CMPE180A-201201.pptx,.pptx,960,720,1.3333,slide,
CMPE180A_-_San_Jose_State_University,4_Savitch_ch_03.ppt,.ppt,960,720,1.3333,slide,
CMPE180A_-_San_Jose_State_University,5_Savitch_ch_04.ppt,.ppt,960,720,1.3333,slide,
CMPE180A_-_San_Jose_State_University,6_Savitch_ch_05.ppt,.ppt,960,720,1.3333,slide,
CMPE180A_-_San_Jose_State_University,7_9780324782011_PPT_ch06.ppt,.ppt,960,720,1.3333,slide,
CMPE180A_-_San_Jose_State_University,8_Savitch_ch_06.ppt,.ppt,960,720,1.3333,slide,
CMPE180A_-_San_Jose_State_University,9_Savitch_ch_07.ppt,.ppt,960,720,1.3333,slide,
CMPEN454_-_Penn_State_University,10_lecture10.pdf,.pdf,792,612,1.2941,slide,
CMPEN454_-_Penn_State_University,11_lecture11.pdf,.pdf,792,612,1.2941,slide,
CMPEN454_-_Penn_State_University,12_lecture12.pdf,.pdf,792,612,1.2941,slide,
CMPEN454_-_Penn_State_University,13_lecture13.pdf,.pdf,792,612,1.2941,slide,
CMPEN454_-_Penn_State_University,14_lecture14.pdf,.pdf,792,612,1.2941,slide,
CMPEN454_-_Penn_State_University,15_lecture15.pdf,.pdf,792,612,1.2941,slide,
CMPEN454_-_Penn_State_University,16_lecture16.pdf,.pdf,792,612,1.2941,slide,
CMPEN454_-_Penn_State_University,17_lecture17.pdf,.pdf,792,612,1.2941,slide,
CMPEN454_-_Penn_State_University,18_lecture18.pdf,.pdf,792,612,1.2941,slide,
CMPEN454_-_Penn_State_University,19_lecture19.pdf,.pdf,792,612,1.2941,slide,
CMPEN454_-_Penn_State_University,1_lecture01.pdf,.pdf,792,612,1.2941,slide,
CMPEN454_-_Penn_State_University,20_lecture20.pdf,.pdf,792,612,1.2941,slide,
CMPEN454_-_Penn_State_University,21_lecture21.pdf,.pdf,792,612,1.2941,slide,
CMPEN454_-_Penn_State_University,22_lecture22.pdf,.pdf,792,612,1.2941,slide,
CMPEN454_-_Penn_State_University,23_lecture23.pdf,.pdf,792,612,1.2941,slide,
CMPEN454_-_Penn_State_University,24_lecture24.pdf,.pdf,792,612,1.2941,slide,
CMPEN454_-_Penn_State_University,25_lecture25.pdf,.pdf,792,612,1.2941,slide,
CMPEN454_-_Penn_State_University,26_lecture26.pdf,.pdf,792,612,1.2941,slide,
CMPEN454_-_Penn_State_University,27_lecture27.pdf,.pdf,792,612,1.2941,slide,
CMPEN454_-_Penn_State_University,28_lecture28.pdf,.pdf,792,612,1.2941,slide,
CMPEN454_-_Penn_State_University,29_lecture29.pdf,.pdf,792,612,1.2941,slide,
CMPEN454_-_Penn_State_University,2_lecture02.pdf,.pdf,792,612,1.2941,slide,
CMPEN454_-_Penn_State_University,30_lecture30.pdf,.pdf,792,612,1.2941,slide,
CMPEN454_-_Penn_State_University,31_bonusBoosting.pdf,.pdf,792,612,1.2941,slide,
CMPEN454_-_Penn_State_University,32_bonusMCMC.pdf,.pdf,792,612,1.2941,slide,
CMPEN454_-_Penn_State_University,33_bonusMeanShift.pdf,.pdf,792,612,1.2941,slide,
CMPEN454_-_Penn_State_University,34_bonusUnsupervised.pdf,.pdf,792,612,1.2941,slide,
CMPEN454_-_Penn_State_University,3_lecture03.pdf,.pdf,792,612,1.2941,slide,
CMPEN454_-_Penn_State_University,4_lecture04.pdf,.pdf,792,612,1.2941,slide,
CMPEN454_-_Penn_State_University,5_lecture05.pdf,.pdf,792,612,1.2941,slide,
CMPEN454_-_Penn_State_University,6_lecture06.pdf,.pdf,792,612,1.2941,slide,
CMPEN454_-_Penn_State_University,7_lecture07.pdf,.pdf,792,612,1.2941,slide,
CMPEN454_-_Penn_State_University,8_lecture08.pdf,.pdf,792,612,1.2941,slide,
CMPEN454_-_Penn_State_University,9_lecture09.pdf,.pdf,792,612,1.2941,slide,
CMPSC311_-_Penn_State_University,1_cmpsc297_week1.pdf,.pdf,960,540,1.7778,slide,
CMPSC311_-_Penn_State_University,2_cmpsc297_week2.pdf,.pdf,960,540,1.7778,slide,
CMPSC311_-_Penn_State_University,3_cmpsc297_week3.pdf,.pdf,960,540,1.7778,slide,
CMPSC311_-_Penn_State_University,4_cmpsc297_week4.pdf,.pdf,960,540,1.7778,slide,
CMPSC311_-_Penn_State_University,5_cmpsc297_week5.pdf,.pdf,960,540,1.7778,slide,
CMPSC311_-_Penn_State_University,6_vm_setup_tutorial.pdf,.pdf,960,540,1.7778,slide,
CMPSC431W_-_Penn_State_University,11_cmpsc431w_lec06_student_ver.pdf,.pdf,720,540,1.3333,slide,
CMPSC431W_-_Penn_State_University,13_cmpsc431w_lec07_student_ver.pdf,.pdf,720,540,1.3333,slide,
CMPSC431W_-_Penn_State_University,15_cmpsc431w_lec08_student_ver.pdf,.pdf,720,540,1.3333,slide,
CMPSC431W_-_Penn_State_University,17_cmpsc431w_lec09_student_ver.pdf,.pdf,720,540,1.3333,slide,
CMPSC431W_-_Penn_State_University,19_cmpsc431w_lec10_student_ver.pdf,.pdf,720,540,1.3333,slide,
CMPSC431W_-_Penn_State_University,1_cmpsc431w_lec01_student_ver.pdf,.pdf,720,540,1.3333,slide,
CMPSC431W_-_Penn_State_University,21_cmpsc431w_lec11_student_ver.pdf,.pdf,720,540,1.3333,slide,
CMPSC431W_-_Penn_State_University,23_cmpsc431w_lec12_student_ver.pdf,.pdf,720,540,1.3333,slide,
CMPSC431W_-_Penn_State_University,25_cmpsc431w_lec13_student_ver.pdf,.pdf,720,540,1.3333,slide,
CMPSC431W_-_Penn_State_University,27_cmpsc431w_lec14_student_ver.pdf,.pdf,720,540,1.3333,slide,
CMPSC431W_-_Penn_State_University,29_cmpsc431w_lec15_student_ver.pdf,.pdf,720,540,1.3333,slide,
CMPSC431W_-_Penn_State_University,31_cmpsc431w_lec16_student_ver.pdf,.pdf,720,540,1.3333,slide,
CMPSC431W_-_Penn_State_University,33_cmpsc431w_lec17_student_ver.pdf,.pdf,720,540,1.3333,slide,
CMPSC431W_-_Penn_State_University,35_cmpsc431w_lec18_student_ver.pdf,.pdf,720,540,1.3333,slide,
CMPSC431W_-_Penn_State_University,37_cmpsc431w_lec19_student_ver.pdf,.pdf,720,540,1.3333,slide,
CMPSC431W_-_Penn_State_University,39_cmpsc431w_lec20_student_ver.pdf,.pdf,720,540,1.3333,slide,
CMPSC431W_-_Penn_State_University,3_cmpsc431w_lec02_student_ver.pdf,.pdf,720,540,1.3333,slide,
CMPSC431W_-_Penn_State_University,41_cmpsc431w_lec21_student_ver.pdf,.pdf,720,540,1.3333,slide,
CMPSC431W_-_Penn_State_University,43_cmpsc431w_lec22_student_ver.pdf,.pdf,720,540,1.3333,slide,
CMPSC431W_-_Penn_State_University,45_cmpsc431w_lec23_student_ver.pdf,.pdf,720,540,1.3333,slide,
CMPSC431W_-_Penn_State_University,47_cmpsc431w_lec24_student_ver.pdf,.pdf,720,540,1.3333,slide,
CMPSC431W_-_Penn_State_University,49_cmpsc431w_lec25_student_ver.pdf,.pdf,720,540,1.3333,slide,
CMPSC431W_-_Penn_State_University,51_cmpsc431w_lec26_student_ver.pdf,.pdf,720,540,1.3333,slide,
CMPSC431W_-_Penn_State_University,53_cmpsc431w_lec27_student_ver.pdf,.pdf,720,540,1.3333,slide,
CMPSC431W_-_Penn_State_University,55_cmpsc431w_lec28_student_ver.pdf,.pdf,720,540,1.3333,slide,
CMPSC431W_-_Penn_State_University,57_cmpsc431w_lec29_student_ver.pdf,.pdf,720,540,1.3333,slide,
CMPSC431W_-_Penn_State_University,59_cmpsc431w_lec30_student_ver.pdf,.pdf,720,540,1.3333,slide,
CMPSC431W_-_Penn_State_University,5_cmpsc431w_lec03_student_ver.pdf,.pdf,720,540,1.3333,slide,
CMPSC431W_-_Penn_State_University,61_cmpsc431w_lec31_student_ver.pdf,.pdf,720,540,1.3333,slide,
CMPSC431W_-_Penn_State_University,63_cmpsc431w_lec32_student_ver.pdf,.pdf,720,540,1.3333,slide,
CMPSC431W_-_Penn_State_University,65_cmpsc431w_lec33_student_ver.pdf,.pdf,720,540,1.3333,slide,
CMPSC431W_-_Penn_State_University,67_cmpsc431w_lec34_student_ver.pdf,.pdf,720,540,1.3333,slide,
CMPSC431W_-_Penn_State_University,69_cmpsc431w_lec35_student_ver.pdf,.pdf,720,540,1.3333,slide,
CMPSC431W_-_Penn_State_University,71_cmpsc431w_lec36_student_ver.pdf,.pdf,720,540,1.3333,slide,
CMPSC431W_-_Penn_State_University,7_cmpsc431w_lec04_student_ver.pdf,.pdf,720,540,1.3333,slide,
CMPSC431W_-_Penn_State_University,9_cmpsc431w_lec05_student_ver.pdf,.pdf,720,540,1.3333,slide,
CMPSC448_-_Penn_State_University,10_10._Decision_Trees.pdf,.pdf,720,540,1.3333,slide,
CMPSC448_-_Penn_State_University,11_11._Support_Vector_Machines_I.pdf,.pdf,720,540,1.3333,slide,
CMPSC448_-_Penn_State_University,12_12._Support_Vector_Machines_II.pdf,.pdf,720,540,1.3333,slide,
CMPSC448_-_Penn_State_University,13_13._Ensemble_Learning-_Bagging_Boosting_and_Stacking.pdf,.pdf,720,540,1.3333,slide,
CMPSC448_-_Penn_State_University,14_14._Deep_Neural_Networks.pdf,.pdf,792,612,1.2941,slide,
CMPSC448_-_Penn_State_University,15_15._Clustering.pdf,.pdf,720,540,1.3333,slide,
CMPSC448_-_Penn_State_University,16_16._Principle_Component_Analysis.pdf,.pdf,720,540,1.3333,slide,
CMPSC448_-_Penn_State_University,17_17._Matrix_Factorization.pdf,.pdf,1024,768,1.3333,slide,
CMPSC448_-_Penn_State_University,18_18._Reinforcement_Learning_and_Bandits.pdf,.pdf,720,540,1.3333,slide,
CMPSC448_-_Penn_State_University,19_19._Markov_Decision_Processes.pdf,.pdf,720,540,1.3333,slide,
CMPSC448_-_Penn_State_University,1_1._History_of_ML.pdf,.pdf,1024,768,1.3333,slide,
CMPSC448_-_Penn_State_University,20_20._Dynamic_Programming_for_MDP.pdf,.pdf,720,540,1.3333,slide,
CMPSC448_-_Penn_State_University,21_21._Monte_Carlo_Learning.pdf,.pdf,720,540,1.3333,slide,
CMPSC448_-_Penn_State_University,22_22._Sarsa_and_Q-learning.pdf,.pdf,720,540,1.3333,slide,
CMPSC448_-_Penn_State_University,23_0._Introduction_and_Logistics.pdf,.pdf,1024,768,1.3333,slide,
CMPSC448_-_Penn_State_University,2_2._The_Process_of_Learning.pdf,.pdf,1024,768,1.3333,slide,
CMPSC448_-_Penn_State_University,3_3._Basics_of_Linear_Algebra_and_Vector_Calculus.pdf,.pdf,1024,768,1.3333,slide,
CMPSC448_-_Penn_State_University,4_4._Basics_of_Convex_Analysis_and_Optimization.pdf,.pdf,1024,768,1.3333,slide,
CMPSC448_-_Penn_State_University,5_5._Linear_Regression_and_OLS.pdf,.pdf,1024,768,1.3333,slide,
CMPSC448_-_Penn_State_University,6_6._Regularization_for_Regression_Ridge_and_Lasso.pdf,.pdf,1024,768,1.3333,slide,
CMPSC448_-_Penn_State_University,7_7._Nearest_Neighbor.pdf,.pdf,720,540,1.3333,slide,
CMPSC448_-_Penn_State_University,8_8._Perceptron.pdf,.pdf,1024,768,1.3333,slide,
CMPSC448_-_Penn_State_University,9_9._Logistic_Regression.pdf,.pdf,1024,768,1.3333,slide,
CMPT275_-_Simon_Fraser_University,10_L3_communic.pptx,.pptx,960,720,1.3333,slide,
CMPT275_-_Simon_Fraser_University,11_L3_reqSpec.pdf,.pdf,612,792,0.7727,document,
CMPT275_-_Simon_Fraser_University,12_L3_reqSpec.pptx,.pptx,960,720,1.3333,slide,
CMPT275_-_Simon_Fraser_University,13_L4_risks_revhist.pdf,.pdf,612,792,0.7727,document,
CMPT275_-_Simon_Fraser_University,14_L4_risks_revhist.pptx,.pptx,960,720,1.3333,slide,
CMPT275_-_Simon_Fraser_University,15_L4_softVers.pdf,.pdf,612,792,0.7727,document,
CMPT275_-_Simon_Fraser_University,16_L4_softVers.pptx,.pptx,960,720,1.3333,slide,
CMPT275_-_Simon_Fraser_University,17_L5_lifeCycle.pdf,.pdf,612,792,0.7727,document,
CMPT275_-_Simon_Fraser_University,18_L5_lifeCycle.pptx,.pptx,960,720,1.3333,slide,
CMPT275_-_Simon_Fraser_University,19_L5_reqAnalysisAct.pdf,.pdf,612,792,0.7727,document,
CMPT275_-_Simon_Fraser_University,1_L1_courseInfo.pdf,.pdf,612,792,0.7727,document,
CMPT275_-_Simon_Fraser_University,20_L5_reqAnalysisAct.pptx,.pptx,960,720,1.3333,slide,
CMPT275_-_Simon_Fraser_University,21_L6_useCaseDiagrams.pdf,.pdf,612,792,0.7727,document,
CMPT275_-_Simon_Fraser_University,22_L6_useCaseDiagrams.pptx,.pptx,960,720,1.3333,slide,
CMPT275_-_Simon_Fraser_University,23_L6_useCaseDiagramsEx.pdf,.pdf,612,792,0.7727,document,
CMPT275_-_Simon_Fraser_University,24_L6_useCaseDiagramsEx.pptx,.pptx,960,720,1.3333,slide,
CMPT275_-_Simon_Fraser_University,25_L6_useCases.pdf,.pdf,612,792,0.7727,document,
CMPT275_-_Simon_Fraser_University,26_L6_useCases.pptx,.pptx,960,720,1.3333,slide,
CMPT275_-_Simon_Fraser_University,27_L7_classDiagram.pdf,.pdf,612,792,0.7727,document,
CMPT275_-_Simon_Fraser_University,28_L7_classDiagram.pptx,.pptx,960,720,1.3333,slide,
CMPT275_-_Simon_Fraser_University,29_L7_classDiagram2.pdf,.pdf,792,612,1.2941,slide,
CMPT275_-_Simon_Fraser_University,2_L1_courseInfo.pptx,.pptx,960,720,1.3333,slide,
CMPT275_-_Simon_Fraser_University,30_L7_classDiagram2.pptx,.pptx,960,720,1.3333,slide,
CMPT275_-_Simon_Fraser_University,31_L7_primaryClass.pdf,.pdf,612,792,0.7727,document,
CMPT275_-_Simon_Fraser_University,32_L7_primaryClass.pptx,.pptx,960,720,1.3333,slide,
CMPT275_-_Simon_Fraser_University,34_L8_UI.pptx,.pptx,960,720,1.3333,slide,
CMPT275_-_Simon_Fraser_University,35_L8_UIexample.pdf,.pdf,612,792,0.7727,document,
CMPT275_-_Simon_Fraser_University,36_L8_UIexample.ppt,.ppt,960,720,1.3333,slide,
CMPT275_-_Simon_Fraser_University,37_L9_architecture.pdf,.pdf,612,792,0.7727,document,
CMPT275_-_Simon_Fraser_University,38_L9_architecture.pptx,.pptx,960,720,1.3333,slide,
CMPT275_-_Simon_Fraser_University,39_L10_modularization.pdf,.pdf,612,792,0.7727,document,
CMPT275_-_Simon_Fraser_University,3_L1_introtoSE.pdf,.pdf,612,792,0.7727,document,
CMPT275_-_Simon_Fraser_University,40_L10_modularization.pptx,.pptx,960,720,1.3333,slide,
CMPT275_-_Simon_Fraser_University,41_L11_datapers.pdf,.pdf,612,792,0.7727,document,
CMPT275_-_Simon_Fraser_University,42_L11_datapers.pptx,.pptx,960,720,1.3333,slide,
CMPT275_-_Simon_Fraser_University,43_L11_normalization.pdf,.pdf,612,792,0.7727,document,
CMPT275_-_Simon_Fraser_University,44_L11_normalization.pptx,.pptx,960,720,1.3333,slide,
CMPT275_-_Simon_Fraser_University,45_L12_attributes.pdf,.pdf,612,792,0.7727,document,
CMPT275_-_Simon_Fraser_University,46_L12_attributes.ppt,.ppt,960,720,1.3333,slide,
CMPT275_-_Simon_Fraser_University,47_L12_llsequence.pdf,.pdf,612,792,0.7727,document,
CMPT275_-_Simon_Fraser_University,48_L12_llsequence.pptx,.pptx,960,720,1.3333,slide,
CMPT275_-_Simon_Fraser_University,49_L13_collab.pdf,.pdf,612,792,0.7727,document,
CMPT275_-_Simon_Fraser_University,4_L1_introtoSE.pptx,.pptx,960,720,1.3333,slide,
CMPT275_-_Simon_Fraser_University,50_L13_collab.ppt,.ppt,960,720,1.3333,slide,
CMPT275_-_Simon_Fraser_University,51_L13_refClassDiag.pdf,.pdf,612,792,0.7727,document,
CMPT275_-_Simon_Fraser_University,52_L13_refClassDiag.ppt,.ppt,960,720,1.3333,slide,
CMPT275_-_Simon_Fraser_University,53_L14_CodeStand.pdf,.pdf,612,792,0.7727,document,
CMPT275_-_Simon_Fraser_University,54_L14_CodeStand.ppt,.ppt,960,720,1.3333,slide,
CMPT275_-_Simon_Fraser_University,55_L14_impTopBottomThread.pdf,.pdf,612,792,0.7727,document,
CMPT275_-_Simon_Fraser_University,56_L14_impTopBottomThread.ppt,.ppt,960,720,1.3333,slide,
CMPT275_-_Simon_Fraser_University,57_L14_skel.pdf,.pdf,612,792,0.7727,document,
CMPT275_-_Simon_Fraser_University,58_L14_skel.ppt,.ppt,960,720,1.3333,slide,
CMPT275_-_Simon_Fraser_University,59_L15_implTestPlan.pdf,.pdf,612,792,0.7727,document,
CMPT275_-_Simon_Fraser_University,5_L2_reqGath.pdf,.pdf,612,792,0.7727,document,
CMPT275_-_Simon_Fraser_University,60_L15_implTestPlan.ppt,.ppt,960,720,1.3333,slide,
CMPT275_-_Simon_Fraser_University,61_L15_testOver.pdf,.pdf,612,792,0.7727,document,
CMPT275_-_Simon_Fraser_University,62_L15_testOver.ppt,.ppt,960,720,1.3333,slide,
CMPT275_-_Simon_Fraser_University,63_L16_blackbox.pdf,.pdf,612,792,0.7727,document,
CMPT275_-_Simon_Fraser_University,64_L16_blackbox.pptx,.pptx,960,720,1.3333,slide,
CMPT275_-_Simon_Fraser_University,65_L16_codeRev.pdf,.pdf,612,792,0.7727,document,
CMPT275_-_Simon_Fraser_University,66_L16_codeRev.ppt,.ppt,960,720,1.3333,slide,
CMPT275_-_Simon_Fraser_University,67_L17_whitebox.pdf,.pdf,612,792,0.7727,document,
CMPT275_-_Simon_Fraser_University,68_L17_whitebox.ppt,.ppt,960,720,1.3333,slide,
CMPT275_-_Simon_Fraser_University,69_L18_testing.pdf,.pdf,612,792,0.7727,document,
CMPT275_-_Simon_Fraser_University,6_L2_reqGath.pptx,.pptx,960,720,1.3333,slide,
CMPT275_-_Simon_Fraser_University,70_L18_testing.ppt,.ppt,960,720,1.3333,slide,
CMPT275_-_Simon_Fraser_University,71_ProjMan.pdf,.pdf,612,792,0.7727,document,
CMPT275_-_Simon_Fraser_University,72_configMan.pdf,.pdf,612,792,0.7727,document,
CMPT275_-_Simon_Fraser_University,73_configMan.ppt,.ppt,960,720,1.3333,slide,
CMPT275_-_Simon_Fraser_University,7_L2_reqOverview.pdf,.pdf,612,792,0.7727,document,
CMPT275_-_Simon_Fraser_University,8_L2_reqOverview.pptx,.pptx,960,720,1.3333,slide,
CMPT275_-_Simon_Fraser_University,9_L3_communic.pdf,.pdf,612,792,0.7727,document,
CMPT308_-_Simon_Fraser_University,10_lec5.pdf,.pdf,612,792,0.7727,document,
CMPT308_-_Simon_Fraser_University,11_Lecture_6.pdf,.pdf,597,842,0.709,document,
CMPT308_-_Simon_Fraser_University,12_lec6.pdf,.pdf,612,792,0.7727,document,
CMPT308_-_Simon_Fraser_University,13_Lecture_7.pdf,.pdf,597,842,0.709,document,
CMPT308_-_Simon_Fraser_University,14_lec7.pdf,.pdf,612,792,0.7727,document,
CMPT308_-_Simon_Fraser_University,15_Lecture_8.pdf,.pdf,597,842,0.709,document,
CMPT308_-_Simon_Fraser_University,16_lec8.pdf,.pdf,612,792,0.7727,document,
CMPT308_-_Simon_Fraser_University,17_Lecture_9.pdf,.pdf,596,844,0.7062,document,
CMPT308_-_Simon_Fraser_University,18_lec9.pdf,.pdf,612,792,0.7727,document,
CMPT308_-_Simon_Fraser_University,19_Lecture_10.pdf,.pdf,597,842,0.709,document,
CMPT308_-_Simon_Fraser_University,1_Lecture_1.pdf,.pdf,597,842,0.709,document,
CMPT308_-_Simon_Fraser_University,20_lec10.pdf,.pdf,612,792,0.7727,document,
CMPT308_-_Simon_Fraser_University,21_Lecture_11.pdf,.pdf,596,844,0.7062,document,
CMPT308_-_Simon_Fraser_University,22_lec11.pdf,.pdf,612,792,0.7727,document,
CMPT308_-_Simon_Fraser_University,23_Lecture_12.pdf,.pdf,596,844,0.7062,document,
CMPT308_-_Simon_Fraser_University,24_lec12.pdf,.pdf,612,792,0.7727,document,
CMPT308_-_Simon_Fraser_University,25_Lecture_13.pdf,.pdf,596,844,0.7062,document,
CMPT308_-_Simon_Fraser_University,26_lec13.pdf,.pdf,612,792,0.7727,document,
CMPT308_-_Simon_Fraser_University,27_Lecture_14.pdf,.pdf,596,844,0.7062,document,
CMPT308_-_Simon_Fraser_University,28_lec14.pdf,.pdf,612,792,0.7727,document,
CMPT308_-_Simon_Fraser_University,29_Lecture_15.pdf,.pdf,596,844,0.7062,document,
CMPT308_-_Simon_Fraser_University,2_lec1.pdf,.pdf,612,792,0.7727,document,
CMPT308_-_Simon_Fraser_University,30_lec15.pdf,.pdf,612,792,0.7727,document,
CMPT308_-_Simon_Fraser_University,31_Lecture_16.pdf,.pdf,596,844,0.7062,document,
CMPT308_-_Simon_Fraser_University,32_lec16.pdf,.pdf,612,792,0.7727,document,
CMPT308_-_Simon_Fraser_University,33_Lecture_17.pdf,.pdf,596,844,0.7062,document,
CMPT308_-_Simon_Fraser_University,34_lec17.pdf,.pdf,612,792,0.7727,document,
CMPT308_-_Simon_Fraser_University,35_Lecture_18.pdf,.pdf,596,844,0.7062,document,
CMPT308_-_Simon_Fraser_University,36_lec18.pdf,.pdf,612,792,0.7727,document,
CMPT308_-_Simon_Fraser_University,37_Lecture_19.pdf,.pdf,596,844,0.7062,document,
CMPT308_-_Simon_Fraser_University,38_lec19.pdf,.pdf,612,792,0.7727,document,
CMPT308_-_Simon_Fraser_University,39_Lecture_20.pdf,.pdf,596,844,0.7062,document,
CMPT308_-_Simon_Fraser_University,3_Lecture_2.pdf,.pdf,597,842,0.709,document,
CMPT308_-_Simon_Fraser_University,40_lec20.pdf,.pdf,612,792,0.7727,document,
CMPT308_-_Simon_Fraser_University,41_Lecture_21.pdf,.pdf,596,844,0.7062,document,
CMPT308_-_Simon_Fraser_University,42_Lecture_22.pdf,.pdf,596,844,0.7062,document,
CMPT308_-_Simon_Fraser_University,43_Lecture_23.pdf,.pdf,596,844,0.7062,document,
CMPT308_-_Simon_Fraser_University,44_Lecture_24.pdf,.pdf,596,844,0.7062,document,
CMPT308_-_Simon_Fraser_University,45_Lecture_25.pdf,.pdf,596,844,0.7062,document,
CMPT308_-_Simon_Fraser_University,46_Lecture_26.pdf,.pdf,596,844,0.7062,document,
CMPT308_-_Simon_Fraser_University,47_Lecture_27.pdf,.pdf,596,844,0.7062,document,
CMPT308_-_Simon_Fraser_University,48_Lecture_28.pdf,.pdf,596,844,0.7062,document,
CMPT308_-_Simon_Fraser_University,49_Lecture_29.pdf,.pdf,596,844,0.7062,document,
CMPT308_-_Simon_Fraser_University,4_lec2.pdf,.pdf,612,792,0.7727,document,
CMPT308_-_Simon_Fraser_University,5_Lecture_3.pdf,.pdf,597,842,0.709,document,
CMPT308_-_Simon_Fraser_University,6_lec3.pdf,.pdf,612,792,0.7727,document,
CMPT308_-_Simon_Fraser_University,7_Lecture_4.pdf,.pdf,597,842,0.709,document,
CMPT308_-_Simon_Fraser_University,8_lec4.pdf,.pdf,612,792,0.7727,document,
CMPT308_-_Simon_Fraser_University,9_Lecture_5.pdf,.pdf,596,844,0.7062,document,
COB291_-_James_Madison_University,10_SIM_Lecture.pdf,.pdf,792,612,1.2941,slide,
COB291_-_James_Madison_University,11_LectureLPApps.pdf,.pdf,612,792,0.7727,document,
COB291_-_James_Madison_University,1_FcstLecture.pdf,.pdf,612,792,0.7727,document,
COB291_-_James_Madison_University,4_LectureRegression.pdf,.pdf,612,792,0.7727,document,
COB291_-_James_Madison_University,5_LectureDAReview.pdf,.pdf,612,792,0.7727,document,
COB291_-_James_Madison_University,6_LectureDecisionHandout.pdf,.pdf,612,792,0.7727,document,
COB291_-_James_Madison_University,7_LectureQueue.pdf,.pdf,612,792,0.7727,document,
COB291_-_James_Madison_University,8_LectureQueueT2F08.pdf,.pdf,612,792,0.7727,document,
COB291_-_James_Madison_University,9_LectureSim.pdf,.pdf,600,792,0.7576,document,
COGS17_-_University_of_California_San_Diego,1_SU19-COGS17-01-Lecture-Neuroanatomy-1.pdf,.pdf,960,540,1.7778,slide,
COGS17_-_University_of_California_San_Diego,2_SU19-COGS17-02-Lecture-Neuroanatomy-2.pdf,.pdf,792,612,1.2941,slide,
COGS17_-_University_of_California_San_Diego,3_SU19-COGS17-03-Lecture-CellsSlides-1.pdf,.pdf,720,540,1.3333,slide,
COGS17_-_University_of_California_San_Diego,4_SU19-COGS17-04-Lecture-CellsSlides-2.pdf,.pdf,720,540,1.3333,slide,
COGS17_-_University_of_California_San_Diego,5_SU19-COGS17-05-Lecture-Development.pdf,.pdf,960,540,1.7778,slide,
COGS17_-_University_of_California_San_Diego,6_SU19-COGS17-03-Lecture-BOYLE-Action-Potential.pdf,.pdf,613,792,0.774,document,
COMM2042_-_University_of_Cincinnati,10_music5.pdf,.pdf,612,792,0.7727,document,
COMM2042_-_University_of_Cincinnati,11_1330_wk6.pdf,.pdf,960,540,1.7778,slide,
COMM2042_-_University_of_Cincinnati,12_music6.pdf,.pdf,612,792,0.7727,document,
COMM2042_-_University_of_Cincinnati,13_music7.pdf,.pdf,612,792,0.7727,document,
COMM2042_-_University_of_Cincinnati,14_music8.pdf,.pdf,612,792,0.7727,document,
COMM2042_-_University_of_Cincinnati,15_4633_egypitian_art_not_compliant.pdf,.pdf,960,540,1.7778,slide,
COMM2042_-_University_of_Cincinnati,16_aging_at_home.pdf,.pdf,960,540,1.7778,slide,
COMM2042_-_University_of_Cincinnati,17_brain_nutrition.pdf,.pdf,960,540,1.7778,slide,
COMM2042_-_University_of_Cincinnati,18_egypt_q_a.pdf,.pdf,612,792,0.7727,document,
COMM2042_-_University_of_Cincinnati,19_library.pdf,.pdf,960,540,1.7778,slide,
COMM2042_-_University_of_Cincinnati,1_1330_wk1.pdf,.pdf,960,540,1.7778,slide,
COMM2042_-_University_of_Cincinnati,20_vision.pdf,.pdf,960,540,1.7778,slide,
COMM2042_-_University_of_Cincinnati,2_music1_2.pdf,.pdf,612,792,0.7727,document,
COMM2042_-_University_of_Cincinnati,3_1330_wk2.pdf,.pdf,960,540,1.7778,slide,
COMM2042_-_University_of_Cincinnati,4_music2.pdf,.pdf,612,792,0.7727,document,
COMM2042_-_University_of_Cincinnati,5_1330_wk3.pdf,.pdf,960,540,1.7778,slide,
COMM2042_-_University_of_Cincinnati,6_music3.pdf,.pdf,612,792,0.7727,document,
COMM2042_-_University_of_Cincinnati,7_1330_wk4.pdf,.pdf,960,540,1.7778,slide,
COMM2042_-_University_of_Cincinnati,8_music4.pdf,.pdf,612,792,0.7727,document,
COMM2042_-_University_of_Cincinnati,9_1330_wk5.pdf,.pdf,960,540,1.7778,slide,
COMM2043_-_University_of_Cincinnati,10_music5.pdf,.pdf,612,792,0.7727,document,
COMM2043_-_University_of_Cincinnati,11_1330_wk6.pdf,.pdf,960,540,1.7778,slide,
COMM2043_-_University_of_Cincinnati,12_music6.pdf,.pdf,612,792,0.7727,document,
COMM2043_-_University_of_Cincinnati,13_music7.pdf,.pdf,612,792,0.7727,document,
COMM2043_-_University_of_Cincinnati,14_music8.pdf,.pdf,612,792,0.7727,document,
COMM2043_-_University_of_Cincinnati,15_4633_egypitian_art_not_compliant.pdf,.pdf,960,540,1.7778,slide,
COMM2043_-_University_of_Cincinnati,16_aging_at_home.pdf,.pdf,960,540,1.7778,slide,
COMM2043_-_University_of_Cincinnati,17_brain_nutrition.pdf,.pdf,960,540,1.7778,slide,
COMM2043_-_University_of_Cincinnati,18_egypt_q_a.pdf,.pdf,612,792,0.7727,document,
COMM2043_-_University_of_Cincinnati,19_library.pdf,.pdf,960,540,1.7778,slide,
COMM2043_-_University_of_Cincinnati,1_1330_wk1.pdf,.pdf,960,540,1.7778,slide,
COMM2043_-_University_of_Cincinnati,20_vision.pdf,.pdf,960,540,1.7778,slide,
COMM2043_-_University_of_Cincinnati,2_music1_2.pdf,.pdf,612,792,0.7727,document,
COMM2043_-_University_of_Cincinnati,3_1330_wk2.pdf,.pdf,960,540,1.7778,slide,
COMM2043_-_University_of_Cincinnati,4_music2.pdf,.pdf,612,792,0.7727,document,
COMM2043_-_University_of_Cincinnati,5_1330_wk3.pdf,.pdf,960,540,1.7778,slide,
COMM2043_-_University_of_Cincinnati,6_music3.pdf,.pdf,612,792,0.7727,document,
COMM2043_-_University_of_Cincinnati,7_1330_wk4.pdf,.pdf,960,540,1.7778,slide,
COMM2043_-_University_of_Cincinnati,8_music4.pdf,.pdf,612,792,0.7727,document,
COMM2043_-_University_of_Cincinnati,9_1330_wk5.pdf,.pdf,960,540,1.7778,slide,
COMM2080_-_University_of_Cincinnati,10_music5.pdf,.pdf,612,792,0.7727,document,
COMM2080_-_University_of_Cincinnati,11_1330_wk6.pdf,.pdf,960,540,1.7778,slide,
COMM2080_-_University_of_Cincinnati,12_music6.pdf,.pdf,612,792,0.7727,document,
COMM2080_-_University_of_Cincinnati,13_music7.pdf,.pdf,612,792,0.7727,document,
COMM2080_-_University_of_Cincinnati,14_music8.pdf,.pdf,612,792,0.7727,document,
COMM2080_-_University_of_Cincinnati,15_4633_egypitian_art_not_compliant.pdf,.pdf,960,540,1.7778,slide,
COMM2080_-_University_of_Cincinnati,16_aging_at_home.pdf,.pdf,960,540,1.7778,slide,
COMM2080_-_University_of_Cincinnati,17_brain_nutrition.pdf,.pdf,960,540,1.7778,slide,
COMM2080_-_University_of_Cincinnati,18_egypt_q_a.pdf,.pdf,612,792,0.7727,document,
COMM2080_-_University_of_Cincinnati,19_library.pdf,.pdf,960,540,1.7778,slide,
COMM2080_-_University_of_Cincinnati,1_1330_wk1.pdf,.pdf,960,540,1.7778,slide,
COMM2080_-_University_of_Cincinnati,20_vision.pdf,.pdf,960,540,1.7778,slide,
COMM2080_-_University_of_Cincinnati,2_music1_2.pdf,.pdf,612,792,0.7727,document,
COMM2080_-_University_of_Cincinnati,3_1330_wk2.pdf,.pdf,960,540,1.7778,slide,
COMM2080_-_University_of_Cincinnati,4_music2.pdf,.pdf,612,792,0.7727,document,
COMM2080_-_University_of_Cincinnati,5_1330_wk3.pdf,.pdf,960,540,1.7778,slide,
COMM2080_-_University_of_Cincinnati,6_music3.pdf,.pdf,612,792,0.7727,document,
COMM2080_-_University_of_Cincinnati,7_1330_wk4.pdf,.pdf,960,540,1.7778,slide,
COMM2080_-_University_of_Cincinnati,8_music4.pdf,.pdf,612,792,0.7727,document,
COMM2080_-_University_of_Cincinnati,9_1330_wk5.pdf,.pdf,960,540,1.7778,slide,
COMM2081_-_University_of_Cincinnati,10_music5.pdf,.pdf,612,792,0.7727,document,
COMM2081_-_University_of_Cincinnati,11_1330_wk6.pdf,.pdf,960,540,1.7778,slide,
COMM2081_-_University_of_Cincinnati,12_music6.pdf,.pdf,612,792,0.7727,document,
COMM2081_-_University_of_Cincinnati,13_music7.pdf,.pdf,612,792,0.7727,document,
COMM2081_-_University_of_Cincinnati,14_music8.pdf,.pdf,612,792,0.7727,document,
COMM2081_-_University_of_Cincinnati,15_4633_egypitian_art_not_compliant.pdf,.pdf,960,540,1.7778,slide,
COMM2081_-_University_of_Cincinnati,16_aging_at_home.pdf,.pdf,960,540,1.7778,slide,
COMM2081_-_University_of_Cincinnati,17_brain_nutrition.pdf,.pdf,960,540,1.7778,slide,
COMM2081_-_University_of_Cincinnati,18_egypt_q_a.pdf,.pdf,612,792,0.7727,document,
COMM2081_-_University_of_Cincinnati,19_library.pdf,.pdf,960,540,1.7778,slide,
COMM2081_-_University_of_Cincinnati,1_1330_wk1.pdf,.pdf,960,540,1.7778,slide,
COMM2081_-_University_of_Cincinnati,20_vision.pdf,.pdf,960,540,1.7778,slide,
COMM2081_-_University_of_Cincinnati,2_music1_2.pdf,.pdf,612,792,0.7727,document,
COMM2081_-_University_of_Cincinnati,3_1330_wk2.pdf,.pdf,960,540,1.7778,slide,
COMM2081_-_University_of_Cincinnati,4_music2.pdf,.pdf,612,792,0.7727,document,
COMM2081_-_University_of_Cincinnati,5_1330_wk3.pdf,.pdf,960,540,1.7778,slide,
COMM2081_-_University_of_Cincinnati,6_music3.pdf,.pdf,612,792,0.7727,document,
COMM2081_-_University_of_Cincinnati,7_1330_wk4.pdf,.pdf,960,540,1.7778,slide,
COMM2081_-_University_of_Cincinnati,8_music4.pdf,.pdf,612,792,0.7727,document,
COMM2081_-_University_of_Cincinnati,9_1330_wk5.pdf,.pdf,960,540,1.7778,slide,
COMP2402_-_Carleton_University,1_intro.pdf,.pdf,363,273,1.3297,slide,
COMP2402_-_Carleton_University,2_review.pdf,.pdf,363,273,1.3297,slide,
COMP2402_-_Carleton_University,3_sorting.pdf,.pdf,363,273,1.3297,slide,
COMP250_-_McGill_University,10_10-singlylinkedlists-slides.pdf,.pdf,792,612,1.2941,slide,
COMP250_-_McGill_University,11_11-doublylinkedlists-slides.pdf,.pdf,792,612,1.2941,slide,
COMP250_-_McGill_University,12_12-quadratic-sorting-slides.pdf,.pdf,720,540,1.3333,slide,
COMP250_-_McGill_University,13_13_inheritance1-slides.pdf,.pdf,792,612,1.2941,slide,
COMP250_-_McGill_University,14_14_inheritance2-slides.pdf,.pdf,792,612,1.2941,slide,
COMP250_-_McGill_University,15_15-interface-abstractclasses-slides.pdf,.pdf,792,612,1.2941,slide,
COMP250_-_McGill_University,16_16-Iterable-Comparable-slides.pdf,.pdf,792,612,1.2941,slide,
COMP250_-_McGill_University,17_17-stack-slides.pdf,.pdf,720,540,1.3333,slide,
COMP250_-_McGill_University,18_18-queue-slides.pdf,.pdf,792,612,1.2941,slide,
COMP250_-_McGill_University,19_19-induction-slides.pdf,.pdf,792,612,1.2941,slide,
COMP250_-_McGill_University,1_1-gradeschool-slides.pdf,.pdf,792,612,1.2941,slide,
COMP250_-_McGill_University,20_20-recursion-slides.pdf,.pdf,792,612,1.2941,slide,
COMP250_-_McGill_University,21_21-binarysearch-mergesort1-slides.pdf,.pdf,792,612,1.2941,slide,
COMP250_-_McGill_University,22_22-mergesort2-quicksort-slides.pdf,.pdf,792,612,1.2941,slide,
COMP250_-_McGill_University,23_23-rooted-trees-slides.pdf,.pdf,792,612,1.2941,slide,
COMP250_-_McGill_University,24_24-treetraversal-slides.pdf,.pdf,792,612,1.2941,slide,
COMP250_-_McGill_University,25_25-binarytrees-expressiontrees-slides.pdf,.pdf,792,612,1.2941,slide,
COMP250_-_McGill_University,26_26-BST-slides.pdf,.pdf,792,612,1.2941,slide,
COMP250_-_McGill_University,27_27-heaps1-slides.pdf,.pdf,792,612,1.2941,slide,
COMP250_-_McGill_University,28_28-heaps2-slides.pdf,.pdf,792,612,1.2941,slide,
COMP250_-_McGill_University,29_29-maps-slides.pdf,.pdf,792,612,1.2941,slide,
COMP250_-_McGill_University,2_2-mod-log-base-slides.pdf,.pdf,792,612,1.2941,slide,
COMP250_-_McGill_University,30_30-hashing-slides.pdf,.pdf,792,612,1.2941,slide,
COMP250_-_McGill_University,31_31-graphs1-slides.pdf,.pdf,792,612,1.2941,slide,
COMP250_-_McGill_University,32_32-graphs2-slides.pdf,.pdf,792,612,1.2941,slide,
COMP250_-_McGill_University,33_33-recurrences1-slides.pdf,.pdf,720,540,1.3333,slide,
COMP250_-_McGill_University,34_34-recurrences2-slides.pdf,.pdf,720,540,1.3333,slide,
COMP250_-_McGill_University,35_35-bigO-slides.pdf,.pdf,720,540,1.3333,slide,
COMP250_-_McGill_University,36_36-bigOmega-slides.pdf,.pdf,720,540,1.3333,slide,
COMP250_-_McGill_University,37_37-bigTheta-slides.pdf,.pdf,720,540,1.3333,slide,
COMP250_-_McGill_University,38_38-grad_school-slides.pdf,.pdf,720,540,1.3333,slide,
COMP250_-_McGill_University,39_0-intro-slides.pdf,.pdf,792,612,1.2941,slide,
COMP250_-_McGill_University,3_3-Java-primitivetypes-slides.pdf,.pdf,792,612,1.2941,slide,
COMP250_-_McGill_University,40_lecturenotes-all.pdf,.pdf,612,792,0.7727,document,
COMP250_-_McGill_University,4_4-Java-overview-slides.pdf,.pdf,792,612,1.2941,slide,
COMP250_-_McGill_University,5_5-arrays-slides.pdf,.pdf,792,612,1.2941,slide,
COMP250_-_McGill_University,6_6-String-wrapper-slides.pdf,.pdf,792,612,1.2941,slide,
COMP250_-_McGill_University,7_7-aliasing-static-scope-slides.pdf,.pdf,792,612,1.2941,slide,
COMP250_-_McGill_University,8_8-packages-visibility-slides.pdf,.pdf,792,612,1.2941,slide,
COMP250_-_McGill_University,9_9-arraylist-slides.pdf,.pdf,792,612,1.2941,slide,
COMP251_-_McGill_University,10_COMP251_Lecture10_F2022.pdf,.pdf,720,540,1.3333,slide,
COMP251_-_McGill_University,11_COMP251_Lecture11_F2022.pdf,.pdf,720,540,1.3333,slide,
COMP251_-_McGill_University,12_COMP251_Lecture12_F2022.pdf,.pdf,720,540,1.3333,slide,
COMP251_-_McGill_University,13_COMP251_Lecture13_F2022.pdf,.pdf,720,540,1.3333,slide,
COMP251_-_McGill_University,14_COMP251_Lecture14_F2022.pdf,.pdf,720,540,1.3333,slide,
COMP251_-_McGill_University,15_COMP251_Lecture15_F2022.pdf,.pdf,720,540,1.3333,slide,
COMP251_-_McGill_University,16_COMP251_Lecture16_F2022.pdf,.pdf,720,540,1.3333,slide,
COMP251_-_McGill_University,17_COMP251_Lecture17_F2022.pdf,.pdf,720,540,1.3333,slide,
COMP251_-_McGill_University,18_COMP251_Lecture18_F2022.pdf,.pdf,720,540,1.3333,slide,
COMP251_-_McGill_University,19_COMP251_Lecture19_F2022.pdf,.pdf,720,540,1.3333,slide,
COMP251_-_McGill_University,1_COMP251_Lecture1_F2022.pdf,.pdf,720,540,1.3333,slide,
COMP251_-_McGill_University,20_COMP251_Lecture20_F2022.pdf,.pdf,720,540,1.3333,slide,
COMP251_-_McGill_University,21_COMP251_Lecture21_F2022.pdf,.pdf,720,540,1.3333,slide,
COMP251_-_McGill_University,22_COMP251_Lecture22_F2022.pdf,.pdf,720,540,1.3333,slide,
COMP251_-_McGill_University,23_COMP251_Lecture23_F2022.pdf,.pdf,720,540,1.3333,slide,
COMP251_-_McGill_University,24_COMP251_Lecture24_F2022.pdf,.pdf,720,540,1.3333,slide,
COMP251_-_McGill_University,25_COMP251_Intro_F2022.pdf,.pdf,720,540,1.3333,slide,
COMP251_-_McGill_University,2_COMP251_Lecture2_F2022.pdf,.pdf,720,540,1.3333,slide,
COMP251_-_McGill_University,3_COMP251_Lecture3_F2022.pdf,.pdf,720,540,1.3333,slide,
COMP251_-_McGill_University,4_COMP251_Lecture4_F2022.pdf,.pdf,720,540,1.3333,slide,
COMP251_-_McGill_University,5_COMP251_Lecture5_F2022.pdf,.pdf,720,540,1.3333,slide,
COMP251_-_McGill_University,6_COMP251_Lecture6_F2022.pdf,.pdf,720,540,1.3333,slide,
COMP251_-_McGill_University,7_COMP251_Lecture7_F2022.pdf,.pdf,720,540,1.3333,slide,
COMP251_-_McGill_University,8_COMP251_Lecture8_F2022.pdf,.pdf,720,540,1.3333,slide,
COMP251_-_McGill_University,9_COMP251_Lecture9_F2022.pdf,.pdf,720,540,1.3333,slide,
COMP333_-_Concordia_University,10_fall2012-comp6471-week1.pdf,.pdf,720,540,1.3333,slide,
COMP333_-_Concordia_University,11_lecture1-intro-to-data-science-2019.pdf,.pdf,363,273,1.3297,slide,
COMP333_-_Concordia_University,12_lecture1-intro-to-data-science.pdf,.pdf,363,273,1.3297,slide,
COMP333_-_Concordia_University,13_soen341-week1-slides.pdf,.pdf,612,792,0.7727,document,
COMP333_-_Concordia_University,14_soen343-lect01a_pub.ppt,.ppt,960,720,1.3333,slide,
COMP333_-_Concordia_University,15_soen343-lect01b_pub.ppt,.ppt,960,720,1.3333,slide,
COMP333_-_Concordia_University,16_comp499-lecture2-numbers.pdf,.pdf,363,273,1.3297,slide,
COMP333_-_Concordia_University,17_comp6471-week2.pdf,.pdf,720,540,1.3333,slide,
COMP333_-_Concordia_University,18_czarnecki-ECE750-7-Lecture2_First_Example.pdf,.pdf,540,720,0.75,document,
COMP333_-_Concordia_University,19_czarnecki-ECE750-Lecture2_Examples1up.pdf,.pdf,792,612,1.2941,slide,
COMP333_-_Concordia_University,1_comp333-w2023-wk1-nutshell-ds-slides.pdf,.pdf,363,273,1.3297,slide,
COMP333_-_Concordia_University,20_lecture2-data-wrangling.pdf,.pdf,363,273,1.3297,slide,
COMP333_-_Concordia_University,21_lecture2-skiena-lecture-data-cleaning.pdf,.pdf,720,405,1.7778,slide,
COMP333_-_Concordia_University,22_soen343-lect02a_pub.ppt,.ppt,960,720,1.3333,slide,
COMP333_-_Concordia_University,23_soen343-lect02b_pub.ppt,.ppt,960,720,1.3333,slide,
COMP333_-_Concordia_University,24_comp499-lecture3-data-warehouses.pdf,.pdf,363,273,1.3297,slide,
COMP333_-_Concordia_University,25_czarnecki-ECE750-7-Lecture3_Feature_Modeling.pdf,.pdf,718,538,1.3346,slide,
COMP333_-_Concordia_University,26_czarnecki-ECE750-Lecture3_FeatureModeling1up.pdf,.pdf,792,612,1.2941,slide,
COMP333_-_Concordia_University,27_soen343-lect03b_pub.ppt,.ppt,960,720,1.3333,slide,
COMP333_-_Concordia_University,28_comp499-lecture4-formats-schemas-pandas.pdf,.pdf,363,273,1.3297,slide,
COMP333_-_Concordia_University,29_comp499-lecture4-pandas.pdf,.pdf,363,273,1.3297,slide,
COMP333_-_Concordia_University,2_comp499-lecture1-context.pdf,.pdf,363,273,1.3297,slide,
COMP333_-_Concordia_University,30_comp6471-week4-slides.pdf,.pdf,720,540,1.3333,slide,
COMP333_-_Concordia_University,31_czarnecki-ECE750-7-Lecture4_Domain_Design_and_Implementation.pdf,.pdf,540,720,0.75,document,
COMP333_-_Concordia_University,32_czarnecki-ECE750-Lecture4_MDA1up.pdf,.pdf,792,612,1.2941,slide,
COMP333_-_Concordia_University,33_lect04a_pub.ppt,.ppt,960,720,1.3333,slide,
COMP333_-_Concordia_University,34_lect04b_pub.ppt,.ppt,960,720,1.3333,slide,
COMP333_-_Concordia_University,35_comp499-lecture5-data-wrangling.pdf,.pdf,363,273,1.3297,slide,
COMP333_-_Concordia_University,36_comp499-lecture5-descriptive-analytics.pdf,.pdf,363,273,1.3297,slide,
COMP333_-_Concordia_University,37_comp499-lecture5-skiena-lecture-data-cleaning.pdf,.pdf,720,405,1.7778,slide,
COMP333_-_Concordia_University,38_czarnecki-ECE750-7-Lecture5_Configuration_Generator.pdf,.pdf,540,720,0.75,document,
COMP333_-_Concordia_University,39_lect05a_pub.ppt,.ppt,960,720,1.3333,slide,
COMP333_-_Concordia_University,3_comp499-lecture1-data-analytics.pdf,.pdf,363,273,1.3297,slide,
COMP333_-_Concordia_University,40_lect05b_pub.ppt,.ppt,960,720,1.3333,slide,
COMP333_-_Concordia_University,41_comp499-lecture6-data-cleaning.pdf,.pdf,363,273,1.3297,slide,
COMP333_-_Concordia_University,42_czarnecki-ECE750-7-Lecture6_Template_Metaprogramming.pdf,.pdf,540,720,0.75,document,
COMP333_-_Concordia_University,43_lect06a_pub.ppt,.ppt,960,720,1.3333,slide,
COMP333_-_Concordia_University,44_lect06b_pub.ppt,.ppt,960,720,1.3333,slide,
COMP333_-_Concordia_University,45_comp499-lecture7-review.pdf,.pdf,363,273,1.3297,slide,
COMP333_-_Concordia_University,46_comp6471-week7.pdf,.pdf,720,540,1.3333,slide,
COMP333_-_Concordia_University,47_lect07a_pub.ppt,.ppt,960,720,1.3333,slide,
COMP333_-_Concordia_University,48_comp6471-week8-slides.pdf,.pdf,720,540,1.3333,slide,
COMP333_-_Concordia_University,49_czarnecki-ECE750-7-Lecture8_Technology_Mappings.pdf,.pdf,540,720,0.75,document,
COMP333_-_Concordia_University,4_comp499-lecture1-introduction.pdf,.pdf,363,273,1.3297,slide,
COMP333_-_Concordia_University,50_lect08b_pub.ppt,.ppt,960,720,1.3333,slide,
COMP333_-_Concordia_University,51_comp333-wk9-feature-eng-slides.pdf,.pdf,363,273,1.3297,slide,
COMP333_-_Concordia_University,52_comp333-wk9-models-slides.pdf,.pdf,363,273,1.3297,slide,
COMP333_-_Concordia_University,53_comp499-lecture9-eda.pdf,.pdf,363,273,1.3297,slide,
COMP333_-_Concordia_University,54_comp6471-week9-slides.pdf,.pdf,793,595,1.3328,slide,
COMP333_-_Concordia_University,55_czarnecki-ECE750-7-Lecture9_MDA.pdf,.pdf,540,720,0.75,document,
COMP333_-_Concordia_University,56_lect09_pub.ppt,.ppt,960,720,1.3333,slide,
COMP333_-_Concordia_University,57_new_lect09a_pub.ppt,.ppt,960,720,1.3333,slide,
COMP333_-_Concordia_University,58_new_lect09b_pub.ppt,.ppt,960,720,1.3333,slide,
COMP333_-_Concordia_University,59_comp333-wk10-ML-flow-slides.pdf,.pdf,363,273,1.3297,slide,
COMP333_-_Concordia_University,5_comp6471-week1.pdf,.pdf,720,540,1.3333,slide,
COMP333_-_Concordia_University,60_comp499-lecture10-machine-learning.pdf,.pdf,363,273,1.3297,slide,
COMP333_-_Concordia_University,61_lect10a_pub.ppt,.ppt,960,720,1.3333,slide,
COMP333_-_Concordia_University,62_lect10b_pub.ppt,.ppt,960,720,1.3333,slide,
COMP333_-_Concordia_University,63_new_lect10a_pub.ppt,.ppt,960,720,1.3333,slide,
COMP333_-_Concordia_University,64_comp499-lecture11-storytelling.pdf,.pdf,363,273,1.3297,slide,
COMP333_-_Concordia_University,65_comp499-lecture11-viz.pdf,.pdf,363,273,1.3297,slide,
COMP333_-_Concordia_University,66_comp6471-week11-slides.pdf,.pdf,793,596,1.3305,slide,
COMP333_-_Concordia_University,67_lect11a_pub.ppt,.ppt,960,720,1.3333,slide,
COMP333_-_Concordia_University,68_lect11b_pub.ppt,.ppt,960,720,1.3333,slide,
COMP333_-_Concordia_University,69_new_lect11a_pub.ppt,.ppt,960,720,1.3333,slide,
COMP333_-_Concordia_University,6_comp6811-f2022-wk1-slides.pdf,.pdf,363,273,1.3297,slide,
COMP333_-_Concordia_University,70_new_lect11b_pub.ppt,.ppt,960,720,1.3333,slide,
COMP333_-_Concordia_University,71_comp6471-week12-slides.pdf,.pdf,794,595,1.3345,slide,
COMP333_-_Concordia_University,72_lect12a_pub.ppt,.ppt,960,720,1.3333,slide,
COMP333_-_Concordia_University,73_new_lect12a_pub.ppt,.ppt,960,720,1.3333,slide,
COMP333_-_Concordia_University,74_new_lect12b_pub.ppt,.ppt,960,720,1.3333,slide,
COMP333_-_Concordia_University,75_alballa-chapter-Dataset-V2.pdf,.pdf,596,842,0.7078,document,
COMP333_-_Concordia_University,76_comp354-w2012-course-outline-slides.pdf,.pdf,596,842,0.7078,document,
COMP333_-_Concordia_University,77_comp354-w2013-course-outline-slides.pdf,.pdf,596,842,0.7078,document,
COMP333_-_Concordia_University,78_comp354-w2015-course-outline-slides.pdf,.pdf,363,273,1.3297,slide,
COMP333_-_Concordia_University,79_comp354-w2016-course-outline-slides.pdf,.pdf,363,273,1.3297,slide,
COMP333_-_Concordia_University,7_comp691R-lecture1.pdf,.pdf,612,792,0.7727,document,
COMP333_-_Concordia_University,80_comp354-w2018-course-outline-slides.pdf,.pdf,363,273,1.3297,slide,
COMP333_-_Concordia_University,81_comp354-w2019-course-outline-slides.pdf,.pdf,363,273,1.3297,slide,
COMP333_-_Concordia_University,82_comp354-w2020-course-outline-slides.pdf,.pdf,363,273,1.3297,slide,
COMP333_-_Concordia_University,83_comp5541-w2012-course-outline-slides.pdf,.pdf,596,842,0.7078,document,
COMP333_-_Concordia_University,84_comp5541-w2013-course-outline-slides.pdf,.pdf,596,842,0.7078,document,
COMP333_-_Concordia_University,85_dosd-chapter.pdf,.pdf,612,792,0.7727,document,
COMP333_-_Concordia_University,86_iu-seminar-slides.pdf,.pdf,612,792,0.7727,document,
COMP333_-_Concordia_University,87_queens-slides.pdf,.pdf,612,792,0.7727,document,
COMP333_-_Concordia_University,88_slides-bayreuth-combinatorial-genomics.pdf,.pdf,612,792,0.7727,document,
COMP333_-_Concordia_University,89_slides-eml-fungalgenomics.pdf,.pdf,612,792,0.7727,document,
COMP333_-_Concordia_University,8_czarnecki-ECE750-7-Lecture1_Introduction.pdf,.pdf,540,720,0.75,document,
COMP333_-_Concordia_University,90_slides-tools-enzyme-families.pdf,.pdf,612,792,0.7727,document,
COMP333_-_Concordia_University,91_soen6461-f2015-course-outline-slides.pdf,.pdf,363,273,1.3297,slide,
COMP333_-_Concordia_University,92_soen6461-f2017-course-outline-slides.pdf,.pdf,363,273,1.3297,slide,
COMP333_-_Concordia_University,93_soen6461-f2018-course-outline-slides.pdf,.pdf,363,273,1.3297,slide,
COMP333_-_Concordia_University,94_soen6461_course_outline_slides.pdf,.pdf,363,273,1.3297,slide,
COMP333_-_Concordia_University,9_czarnecki-ECE750-Lecture1_Introduction1up.pdf,.pdf,792,612,1.2941,slide,
COMP3350_-_Auburn_University,1_chapt_01.ppt,.ppt,960,720,1.3333,slide,
COMP3350_-_Auburn_University,2_chapt_02.ppt,.ppt,960,720,1.3333,slide,
COMP3350_-_Auburn_University,3_chapt_03.ppt,.ppt,960,720,1.3333,slide,
COMP3350_-_Auburn_University,4_chapt_04.ppt,.ppt,960,720,1.3333,slide,
COMP3350_-_Auburn_University,5_chapt_05.ppt,.ppt,960,720,1.3333,slide,
COMP3350_-_Auburn_University,6_chapt_06.ppt,.ppt,960,720,1.3333,slide,
COMP3500_-_Auburn_University,10_Module_2.pdf,.pdf,792,595,1.3311,slide,
COMP3500_-_Auburn_University,11_M3_SSQ_1.pdf,.pdf,612,767,0.7979,document,
COMP3500_-_Auburn_University,12_M3_SSQ_3.pdf,.pdf,612,767,0.7979,document,
COMP3500_-_Auburn_University,13_M3_SSQ_4.pdf,.pdf,612,767,0.7979,document,
COMP3500_-_Auburn_University,14_M3_SSQ_5.pdf,.pdf,612,767,0.7979,document,
COMP3500_-_Auburn_University,15_Module_3.pdf,.pdf,792,595,1.3311,slide,
COMP3500_-_Auburn_University,16_M4-Part_II_SSQ_1.pdf,.pdf,612,767,0.7979,document,
COMP3500_-_Auburn_University,17_M4-Part_II_SSQ_2.pdf,.pdf,612,767,0.7979,document,
COMP3500_-_Auburn_University,18_M4-Part_II_SSQ_3.pdf,.pdf,612,767,0.7979,document,
COMP3500_-_Auburn_University,19_M4-Part_II_SSQ_4.pdf,.pdf,612,767,0.7979,document,
COMP3500_-_Auburn_University,1_M1-Ch1-Introduction.pdf,.pdf,792,595,1.3311,slide,
COMP3500_-_Auburn_University,20_M4-Part_I_SSQ_1.pdf,.pdf,612,767,0.7979,document,
COMP3500_-_Auburn_University,21_M4-Part_I_SSQ_2.pdf,.pdf,612,767,0.7979,document,
COMP3500_-_Auburn_University,22_M4-Part_I_SSQ_3.pdf,.pdf,612,767,0.7979,document,
COMP3500_-_Auburn_University,23_M4-Part_I_SSQ_4.pdf,.pdf,612,767,0.7979,document,
COMP3500_-_Auburn_University,24_M4-Part_I_SSQ_5.pdf,.pdf,612,767,0.7979,document,
COMP3500_-_Auburn_University,25_M5_SSQ_1.pdf,.pdf,612,767,0.7979,document,
COMP3500_-_Auburn_University,26_M5_SSQ_2.pdf,.pdf,612,767,0.7979,document,
COMP3500_-_Auburn_University,27_M5_SSQ_3.pdf,.pdf,612,767,0.7979,document,
COMP3500_-_Auburn_University,28_M5_SSQ_4.pdf,.pdf,612,767,0.7979,document,
COMP3500_-_Auburn_University,29_M5_SSQ_5.pdf,.pdf,612,767,0.7979,document,
COMP3500_-_Auburn_University,2_M1_SSQ_1.pdf,.pdf,612,767,0.7979,document,
COMP3500_-_Auburn_University,30_M5_SSQ_6.pdf,.pdf,612,767,0.7979,document,
COMP3500_-_Auburn_University,31_M5_SSQ_7.pdf,.pdf,612,767,0.7979,document,
COMP3500_-_Auburn_University,32_Module_6.pdf,.pdf,792,595,1.3311,slide,
COMP3500_-_Auburn_University,33_Module_7.pdf,.pdf,792,595,1.3311,slide,
COMP3500_-_Auburn_University,34_M4_-_Part_I.pptx,.pptx,960,720,1.3333,slide,
COMP3500_-_Auburn_University,35_M4_-_Part_II.pptx,.pptx,960,720,1.3333,slide,
COMP3500_-_Auburn_University,36_M5.pptx,.pptx,960,720,1.3333,slide,
COMP3500_-_Auburn_University,3_M1_SSQ_2.pdf,.pdf,612,767,0.7979,document,
COMP3500_-_Auburn_University,4_M1_SSQ_3.pdf,.pdf,612,767,0.7979,document,
COMP3500_-_Auburn_University,5_M1_SSQ_4.pdf,.pdf,612,767,0.7979,document,
COMP3500_-_Auburn_University,6_M2_SSQ_1.pdf,.pdf,612,767,0.7979,document,
COMP3500_-_Auburn_University,7_M2_SSQ_2.pdf,.pdf,612,767,0.7979,document,
COMP3500_-_Auburn_University,8_M2_SSQ_3.pdf,.pdf,612,767,0.7979,document,
COMP3500_-_Auburn_University,9_M2_SSQ_4.pdf,.pdf,612,767,0.7979,document,
COMS480_-_Northern_Illinois_University,10_module-4-slides.pdf,.pdf,792,612,1.2941,slide,
COMS480_-_Northern_Illinois_University,11_module-4-slides.pdf,.pdf,720,540,1.3333,slide,
COMS480_-_Northern_Illinois_University,12_module-4-slides.pptx,.pptx,960,720,1.3333,slide,
COMS480_-_Northern_Illinois_University,13_module-5-slides.pdf,.pdf,792,612,1.2941,slide,
COMS480_-_Northern_Illinois_University,14_module-5-slides.pdf,.pdf,720,540,1.3333,slide,
COMS480_-_Northern_Illinois_University,15_module-5-slides.pptx,.pptx,960,720,1.3333,slide,
COMS480_-_Northern_Illinois_University,16_module-6-slides.pdf,.pdf,792,612,1.2941,slide,
COMS480_-_Northern_Illinois_University,17_module-6-slides.pdf,.pdf,720,540,1.3333,slide,
COMS480_-_Northern_Illinois_University,18_module-6-slides.pptx,.pptx,960,720,1.3333,slide,
COMS480_-_Northern_Illinois_University,19_module-7-slides.pdf,.pdf,792,612,1.2941,slide,
COMS480_-_Northern_Illinois_University,1_module-1-slides.pdf,.pdf,792,612,1.2941,slide,
COMS480_-_Northern_Illinois_University,20_module-7-slides.pdf,.pdf,720,540,1.3333,slide,
COMS480_-_Northern_Illinois_University,21_module-7-slides.pptx,.pptx,960,720,1.3333,slide,
COMS480_-_Northern_Illinois_University,22_module-8-slides.pdf,.pdf,792,612,1.2941,slide,
COMS480_-_Northern_Illinois_University,23_module-8-slides.pdf,.pdf,720,540,1.3333,slide,
COMS480_-_Northern_Illinois_University,24_module-8-slides.pptx,.pptx,960,720,1.3333,slide,
COMS480_-_Northern_Illinois_University,25_module-0-slides.pdf,.pdf,792,612,1.2941,slide,
COMS480_-_Northern_Illinois_University,26_module-0-slides.pdf,.pdf,720,540,1.3333,slide,
COMS480_-_Northern_Illinois_University,27_module-0-slides.pptx,.pptx,960,720,1.3333,slide,
COMS480_-_Northern_Illinois_University,2_module-1-slides.pdf,.pdf,720,540,1.3333,slide,
COMS480_-_Northern_Illinois_University,3_module-1-slides.pptx,.pptx,960,720,1.3333,slide,
COMS480_-_Northern_Illinois_University,4_module-2-slides.pdf,.pdf,792,612,1.2941,slide,
COMS480_-_Northern_Illinois_University,5_module-2-slides.pdf,.pdf,720,540,1.3333,slide,
COMS480_-_Northern_Illinois_University,6_module-2-slides.pptx,.pptx,960,720,1.3333,slide,
COMS480_-_Northern_Illinois_University,7_module-3-slides.pdf,.pdf,792,612,1.2941,slide,
COMS480_-_Northern_Illinois_University,8_module-3-slides.pdf,.pdf,720,540,1.3333,slide,
COMS480_-_Northern_Illinois_University,9_module-3-slides.pptx,.pptx,960,720,1.3333,slide,
COP3530_-_University_of_Florida,10_ch09.pdf,.pdf,750,546,1.3736,slide,
COP3530_-_University_of_Florida,11_ch10.pdf,.pdf,750,546,1.3736,slide,
COP3530_-_University_of_Florida,12_ch11.pdf,.pdf,750,546,1.3736,slide,
COP3530_-_University_of_Florida,13_ch12.pdf,.pdf,750,546,1.3736,slide,
COP3530_-_University_of_Florida,14_ch13.pdf,.pdf,750,546,1.3736,slide,
COP3530_-_University_of_Florida,15_ch14.pdf,.pdf,750,546,1.3736,slide,
COP3530_-_University_of_Florida,16_course_summary.pdf,.pdf,750,546,1.3736,slide,
COP3530_-_University_of_Florida,17_main.pdf,.pdf,792,612,1.2941,slide,
COP3530_-_University_of_Florida,1_ch01.pdf,.pdf,750,546,1.3736,slide,
COP3530_-_University_of_Florida,2_ch02.pdf,.pdf,750,546,1.3736,slide,
COP3530_-_University_of_Florida,3_ch02a.pdf,.pdf,750,546,1.3736,slide,
COP3530_-_University_of_Florida,4_ch03.pdf,.pdf,750,546,1.3736,slide,
COP3530_-_University_of_Florida,5_ch04.pdf,.pdf,750,546,1.3736,slide,
COP3530_-_University_of_Florida,6_ch05.pdf,.pdf,750,546,1.3736,slide,
COP3530_-_University_of_Florida,7_ch06.pdf,.pdf,750,546,1.3736,slide,
COP3530_-_University_of_Florida,8_ch07.pdf,.pdf,750,546,1.3736,slide,
COP3530_-_University_of_Florida,9_ch08.pdf,.pdf,750,546,1.3736,slide,
COP4521_-_Florida_State_University,10_lect9_pynetwork.pptx,.pptx,1280,720,1.7778,slide,
COP4521_-_Florida_State_University,11_lect10_intro_db.pptx,.pptx,1280,720,1.7778,slide,
COP4521_-_Florida_State_University,12_lect11_sql.pptx,.pptx,1280,720,1.7778,slide,
COP4521_-_Florida_State_University,13_lect12_sqlite3.pptx,.pptx,1280,720,1.7778,slide,
COP4521_-_Florida_State_University,14_lect13_flask.pptx,.pptx,1280,720,1.7778,slide,
COP4521_-_Florida_State_University,15_lect14_intro_to_computer_security.pptx,.pptx,960,720,1.3333,slide,
COP4521_-_Florida_State_University,16_lect15_symmetric_encryption.pptx,.pptx,960,720,1.3333,slide,
COP4521_-_Florida_State_University,17_lect16_RBAC.pptx,.pptx,960,720,1.3333,slide,
COP4521_-_Florida_State_University,18_lect16_flask_sessions.pptx,.pptx,1280,720,1.7778,slide,
COP4521_-_Florida_State_University,19_lect17_malware_ddos_firewall.pptx,.pptx,960,720,1.3333,slide,
COP4521_-_Florida_State_University,1_lect1_intro_to_python.pptx,.pptx,1280,720,1.7778,slide,
COP4521_-_Florida_State_University,20_lect18_performance.pptx,.pptx,1280,720,1.7778,slide,
COP4521_-_Florida_State_University,21_IntroHTML.ppt,.ppt,960,720,1.3333,slide,
COP4521_-_Florida_State_University,2_lect2_func.pptx,.pptx,1280,720,1.7778,slide,
COP4521_-_Florida_State_University,3_lect3_sequence.pptx,.pptx,1280,720,1.7778,slide,
COP4521_-_Florida_State_University,4_lect4_oop.pptx,.pptx,1280,720,1.7778,slide,
COP4521_-_Florida_State_University,5_lect5_intro_pp.pptx,.pptx,1280,720,1.7778,slide,
COP4521_-_Florida_State_University,6_lect6_pythreads.pptx,.pptx,1280,720,1.7778,slide,
COP4521_-_Florida_State_University,7_lect7_openmp.pptx,.pptx,960,720,1.3333,slide,
COP4521_-_Florida_State_University,8_lect7_pymultiprocessing.pptx,.pptx,1280,720,1.7778,slide,
COP4521_-_Florida_State_University,9_lect8_intro_network.pptx,.pptx,1280,720,1.7778,slide,
COP4703_-_Florida_International_University,10_COP4703_Ch05_8e.ppt,.ppt,960,720,1.3333,slide,
COP4703_-_Florida_International_University,12_COP4703_Ch06_8e.ppt,.ppt,960,720,1.3333,slide,
COP4703_-_Florida_International_University,14_COP4703_Ch07_8e.ppt,.ppt,960,720,1.3333,slide,
COP4703_-_Florida_International_University,16_COP4703_Ch08_8e.ppt,.ppt,960,720,1.3333,slide,
COP4703_-_Florida_International_University,18_COP4703_Ch09_8e.ppt,.ppt,960,720,1.3333,slide,
COP4703_-_Florida_International_University,19_DBARole.pdf,.pdf,612,792,0.7727,document,
COP4703_-_Florida_International_University,1_COP4703_Ch01_8e.pdf,.pdf,792,612,1.2941,slide,
COP4703_-_Florida_International_University,20_Database_Health_Monitoring.pdf,.pdf,612,792,0.7727,document,
COP4703_-_Florida_International_University,21_MimicALockWithTransactions.pdf,.pdf,612,792,0.7727,document,
COP4703_-_Florida_International_University,22_SQL_Server-_The_Transaction_Log.pdf,.pdf,612,792,0.7727,document,
COP4703_-_Florida_International_University,2_COP4703_Ch01_8e.ppt,.ppt,960,720,1.3333,slide,
COP4703_-_Florida_International_University,3_COP4703_Ch02_8e.pdf,.pdf,792,612,1.2941,slide,
COP4703_-_Florida_International_University,4_COP4703_Ch02_8e.ppt,.ppt,960,720,1.3333,slide,
COP4703_-_Florida_International_University,6_COP4703_Ch03_8e.ppt,.ppt,960,720,1.3333,slide,
COP4703_-_Florida_International_University,7_COP4703_Ch04_8e.ppt,.ppt,960,720,1.3333,slide,
COSC1306_-_University_of_Houston,10_06-Sorting_and_Searching.pdf,.pdf,792,612,1.2941,slide,
COSC1306_-_University_of_Houston,11_07-Exceptions.pdf,.pdf,792,612,1.2941,slide,
COSC1306_-_University_of_Houston,12_08-Strings.pdf,.pdf,792,612,1.2941,slide,
COSC1306_-_University_of_Houston,13_09-Functions-II.pdf,.pdf,792,612,1.2941,slide,
COSC1306_-_University_of_Houston,14_10-Files.pdf,.pdf,792,612,1.2941,slide,
COSC1306_-_University_of_Houston,15_11-Dictionaries.pdf,.pdf,792,612,1.2941,slide,
COSC1306_-_University_of_Houston,16_00-Intro_Python.pdf,.pdf,720,540,1.3333,slide,
COSC1306_-_University_of_Houston,17_P-00-CS1336.pdf,.pdf,792,612,1.2941,slide,
COSC1306_-_University_of_Houston,1_01-Python_Basics.pdf,.pdf,720,540,1.3333,slide,
COSC1306_-_University_of_Houston,2_CSP-01-Computer_Organization.pdf,.pdf,720,540,1.3333,slide,
COSC1306_-_University_of_Houston,3_P-01-Setting_up_Python.pdf,.pdf,792,612,1.2941,slide,
COSC1306_-_University_of_Houston,4_02-Control_Flow.pdf,.pdf,792,612,1.2941,slide,
COSC1306_-_University_of_Houston,5_CSP-02-Programming.pdf,.pdf,720,540,1.3333,slide,
COSC1306_-_University_of_Houston,6_03-Loops.pdf,.pdf,792,612,1.2941,slide,
COSC1306_-_University_of_Houston,7_CSP-03-Computational_Thinking.pdf,.pdf,720,540,1.3333,slide,
COSC1306_-_University_of_Houston,8_04-Functions-I.pdf,.pdf,792,612,1.2941,slide,
COSC1306_-_University_of_Houston,9_05-Lists.pdf,.pdf,792,612,1.2941,slide,
COSC3430_-_University_of_Houston,10_07-sort-1-C.ppt,.ppt,960,720,1.3333,slide,
COSC3430_-_University_of_Houston,11_07-sort-2-bubbleInsertSelect.ppt,.ppt,960,720,1.3333,slide,
COSC3430_-_University_of_Houston,12_07-sort-3-MergeSort.pdf,.pdf,540,720,0.75,document,
COSC3430_-_University_of_Houston,13_07-sort-4-QuickSort.pdf,.pdf,540,720,0.75,document,
COSC3430_-_University_of_Houston,14_07-sort-5-merge-bintree.pdf,.pdf,842,595,1.4151,slide,
COSC3430_-_University_of_Houston,15_07-sort-6-merge-quick-sort.ppt,.ppt,960,720,1.3333,slide,
COSC3430_-_University_of_Houston,16_07-sort-7-MergeSort-animation.ppt,.ppt,960,720,1.3333,slide,
COSC3430_-_University_of_Houston,17_07-sort-99-intro.ppt,.ppt,1058,794,1.3325,slide,
COSC3430_-_University_of_Houston,18_08-stacks-0.ppt,.ppt,960,720,1.3333,slide,
COSC3430_-_University_of_Houston,19_08-stacks-1-RecCountFactFib.ppt,.ppt,960,720,1.3333,slide,
COSC3430_-_University_of_Houston,1_01-0-lists-arraysC_-Malik.ppt,.ppt,960,720,1.3333,slide,
COSC3430_-_University_of_Houston,20_08-stacks-InfixToPostfixExamples.pdf,.pdf,720,540,1.3333,slide,
COSC3430_-_University_of_Houston,21_09-trees-bintree-AVL-Btree.ppt,.ppt,960,720,1.3333,slide,
COSC3430_-_University_of_Houston,22_10-queues-fifo.ppt,.ppt,960,720,1.3333,slide,
COSC3430_-_University_of_Houston,23_10-queues-priority-heap.ppt,.ppt,960,720,1.3333,slide,
COSC3430_-_University_of_Houston,24_11-AlgAnalysis-theory-1-factoriallFibon.pdf,.pdf,612,792,0.7727,document,
COSC3430_-_University_of_Houston,25_11-AlgAnalysis-theory-2-complexity.pdf,.pdf,612,792,0.7727,document,
COSC3430_-_University_of_Houston,26_12-graph-1.ppt,.ppt,960,720,1.3333,slide,
COSC3430_-_University_of_Houston,27_12-graph-2.ppt,.ppt,960,720,1.3333,slide,
COSC3430_-_University_of_Houston,28_12-graph-3.ppt,.ppt,960,720,1.3333,slide,
COSC3430_-_University_of_Houston,29_12-graph-4.ppt,.ppt,960,720,1.3333,slide,
COSC3430_-_University_of_Houston,2_02-1-lists-linked-Malik.ppt,.ppt,960,720,1.3333,slide,
COSC3430_-_University_of_Houston,30_12-graph-isomorphic.ppt,.ppt,960,720,1.3333,slide,
COSC3430_-_University_of_Houston,31_12-graph-transclos.ppt,.ppt,960,720,1.3333,slide,
COSC3430_-_University_of_Houston,32_13-hashing.ppt,.ppt,960,720,1.3333,slide,
COSC3430_-_University_of_Houston,33_14-sort-6-theory.ppt,.ppt,960,720,1.3333,slide,
COSC3430_-_University_of_Houston,34_15-NPCompleteness-2.ppt,.ppt,960,720,1.3333,slide,
COSC3430_-_University_of_Houston,35_15-NPcomplete-1.ppt,.ppt,960,720,1.3333,slide,
COSC3430_-_University_of_Houston,36_AlgAnalysis-theory-3-sort.ppt,.ppt,960,720,1.3333,slide,
COSC3430_-_University_of_Houston,3_02-2-lists-doublylinked-C.ppt,.ppt,960,720,1.3333,slide,
COSC3430_-_University_of_Houston,4_03-recursion-factorialFibonacciLists-C.ppt,.ppt,960,720,1.3333,slide,
COSC3430_-_University_of_Houston,5_04-LAPACK-Stanford.pdf,.pdf,792,612,1.2941,slide,
COSC3430_-_University_of_Houston,6_04-LinAlgTutorial.pdf,.pdf,363,273,1.3297,slide,
COSC3430_-_University_of_Houston,7_05-AlgAnalysis-0-Malik.ppt,.ppt,960,720,1.3333,slide,
COSC3430_-_University_of_Houston,8_06-search-array-0-linearBinary.ppt,.ppt,960,720,1.3333,slide,
COSC3430_-_University_of_Houston,9_06-search-array-1-LinearBinary.ppt,.ppt,960,720,1.3333,slide,
CP274_-_Colorado_College,10_Ch4slides.pdf,.pdf,792,612,1.2941,slide,
CP274_-_Colorado_College,11_Ch5slide.pdf,.pdf,792,612,1.2941,slide,
CP274_-_Colorado_College,12_Ch6slide.pdf,.pdf,792,612,1.2941,slide,
CP274_-_Colorado_College,13_Ch6slides.pdf,.pdf,792,612,1.2941,slide,
CP274_-_Colorado_College,14_Ch7slide.pdf,.pdf,792,612,1.2941,slide,
CP274_-_Colorado_College,15_Ch8slide.pdf,.pdf,792,612,1.2941,slide,
CP274_-_Colorado_College,16_Ch8slides.pdf,.pdf,792,612,1.2941,slide,
CP274_-_Colorado_College,17_Ch9slide.pdf,.pdf,792,612,1.2941,slide,
CP274_-_Colorado_College,18_Ch9slides.pdf,.pdf,792,612,1.2941,slide,
CP274_-_Colorado_College,19_Ch10slide.pdf,.pdf,792,612,1.2941,slide,
CP274_-_Colorado_College,1_Ch1slide.pdf,.pdf,792,612,1.2941,slide,
CP274_-_Colorado_College,20_Ch10slides.pdf,.pdf,792,612,1.2941,slide,
CP274_-_Colorado_College,21_Ch11slide.pdf,.pdf,792,612,1.2941,slide,
CP274_-_Colorado_College,22_Ch11slides.pdf,.pdf,792,612,1.2941,slide,
CP274_-_Colorado_College,23_Ch12slide.pdf,.pdf,792,612,1.2941,slide,
CP274_-_Colorado_College,24_Ch13slide.pdf,.pdf,792,612,1.2941,slide,
CP274_-_Colorado_College,25_Ch13slides.pdf,.pdf,792,612,1.2941,slide,
CP274_-_Colorado_College,26_Ch14slide.pdf,.pdf,792,612,1.2941,slide,
CP274_-_Colorado_College,27_Ch14slides.pdf,.pdf,792,612,1.2941,slide,
CP274_-_Colorado_College,28_Ch15slide.pdf,.pdf,792,612,1.2941,slide,
CP274_-_Colorado_College,29_Ch15slides.pdf,.pdf,792,612,1.2941,slide,
CP274_-_Colorado_College,2_Ch1slides.pdf,.pdf,792,612,1.2941,slide,
CP274_-_Colorado_College,30_Ch16slide.pdf,.pdf,792,612,1.2941,slide,
CP274_-_Colorado_College,31_Ch16slides.pdf,.pdf,792,612,1.2941,slide,
CP274_-_Colorado_College,32_Ch17slide.pdf,.pdf,792,612,1.2941,slide,
CP274_-_Colorado_College,33_Ch17slides.pdf,.pdf,792,612,1.2941,slide,
CP274_-_Colorado_College,34_Ch18slide.pdf,.pdf,792,612,1.2941,slide,
CP274_-_Colorado_College,35_Ch19slide.pdf,.pdf,792,612,1.2941,slide,
CP274_-_Colorado_College,36_Ch20slide.pdf,.pdf,792,612,1.2941,slide,
CP274_-_Colorado_College,37_Ap1slide.pdf,.pdf,792,612,1.2941,slide,
CP274_-_Colorado_College,38_Ap2slide.pdf,.pdf,612,792,0.7727,document,
CP274_-_Colorado_College,39_Ap3slide.pdf,.pdf,792,612,1.2941,slide,
CP274_-_Colorado_College,3_Ch1slidesb.ppt,.ppt,372,283,1.3145,slide,
CP274_-_Colorado_College,4_Ch2slide.pdf,.pdf,792,612,1.2941,slide,
CP274_-_Colorado_College,5_Ch2slides.pdf,.pdf,792,612,1.2941,slide,
CP274_-_Colorado_College,6_Ch2slidesb.ppt,.ppt,372,283,1.3145,slide,
CP274_-_Colorado_College,7_Ch3slide.pdf,.pdf,792,612,1.2941,slide,
CP274_-_Colorado_College,8_Ch3slides.pdf,.pdf,792,612,1.2941,slide,
CP274_-_Colorado_College,9_Ch4slide.pdf,.pdf,792,612,1.2941,slide,
CPS108_-_Duke_University,10_slides5.ppt,.ppt,960,720,1.3333,slide,
CPS108_-_Duke_University,11_slides6.pdf,.pdf,720,540,1.3333,slide,
CPS108_-_Duke_University,12_slides6.ppt,.ppt,960,720,1.3333,slide,
CPS108_-_Duke_University,13_slides7.pdf,.pdf,720,540,1.3333,slide,
CPS108_-_Duke_University,14_slides7.ppt,.ppt,960,720,1.3333,slide,
CPS108_-_Duke_University,15_slides8.pdf,.pdf,720,540,1.3333,slide,
CPS108_-_Duke_University,16_slides8.ppt,.ppt,960,720,1.3333,slide,
CPS108_-_Duke_University,17_slides9.pdf,.pdf,720,540,1.3333,slide,
CPS108_-_Duke_University,18_slides9.ppt,.ppt,960,720,1.3333,slide,
CPS108_-_Duke_University,19_slides10.pdf,.pdf,720,540,1.3333,slide,
CPS108_-_Duke_University,1_slides1.pdf,.pdf,720,540,1.3333,slide,
CPS108_-_Duke_University,20_slides10.ppt,.ppt,960,720,1.3333,slide,
CPS108_-_Duke_University,21_slides11.pdf,.pdf,720,540,1.3333,slide,
CPS108_-_Duke_University,22_slides11.ppt,.ppt,960,720,1.3333,slide,
CPS108_-_Duke_University,23_slides12.pdf,.pdf,720,540,1.3333,slide,
CPS108_-_Duke_University,24_slides12.ppt,.ppt,960,720,1.3333,slide,
CPS108_-_Duke_University,25_slides13.pdf,.pdf,720,540,1.3333,slide,
CPS108_-_Duke_University,26_slides13.ppt,.ppt,960,720,1.3333,slide,
CPS108_-_Duke_University,27_slides14.pdf,.pdf,720,540,1.3333,slide,
CPS108_-_Duke_University,28_slides14.ppt,.ppt,960,720,1.3333,slide,
CPS108_-_Duke_University,2_slides1.ppt,.ppt,960,720,1.3333,slide,
CPS108_-_Duke_University,3_slides2.pdf,.pdf,720,540,1.3333,slide,
CPS108_-_Duke_University,4_slides2.ppt,.ppt,960,720,1.3333,slide,
CPS108_-_Duke_University,5_slides3.pdf,.pdf,720,540,1.3333,slide,
CPS108_-_Duke_University,6_slides3.ppt,.ppt,960,720,1.3333,slide,
CPS108_-_Duke_University,7_slides4.pdf,.pdf,720,540,1.3333,slide,
CPS108_-_Duke_University,8_slides4.ppt,.ppt,960,720,1.3333,slide,
CPS108_-_Duke_University,9_slides5.pdf,.pdf,720,540,1.3333,slide,
CPS181_-_Central_Michigan_University,10_06_GenDiscr_LR_2-2-2015-ann.pdf,.pdf,792,612,1.2941,slide,
CPS181_-_Central_Michigan_University,11_06_GenDiscr_LR_2-2-2015.pdf,.pdf,792,612,1.2941,slide,
CPS181_-_Central_Michigan_University,12_07_GenDiscr2_2-4-2015-ann.pdf,.pdf,792,612,1.2941,slide,
CPS181_-_Central_Michigan_University,13_07_GenDiscr2_2-4-2015.pdf,.pdf,792,612,1.2941,slide,
CPS181_-_Central_Michigan_University,14_08_Theory_2-9-2015.pdf,.pdf,720,540,1.3333,slide,
CPS181_-_Central_Michigan_University,15_09_Theory2_2-11-2015.pdf,.pdf,720,540,1.3333,slide,
CPS181_-_Central_Michigan_University,16_10_Theory3_2-16-2015.pdf,.pdf,720,540,1.3333,slide,
CPS181_-_Central_Michigan_University,17_11_GrMod1_2-18-2015-ann.pdf,.pdf,792,612,1.2941,slide,
CPS181_-_Central_Michigan_University,18_11_GrMod1_2-18-2015.pdf,.pdf,792,612,1.2941,slide,
CPS181_-_Central_Michigan_University,19_12_GrMod1_2-23-2015-ann.pdf,.pdf,792,612,1.2941,slide,
CPS181_-_Central_Michigan_University,1_01_DTreesAndOverfitting-1-12-2015.pdf,.pdf,612,792,0.7727,document,
CPS181_-_Central_Michigan_University,20_13_GrMod3_2-25-2015-ann.pdf,.pdf,792,612,1.2941,slide,
CPS181_-_Central_Michigan_University,21_13_GrMod3_2-25-2015.pdf,.pdf,792,612,1.2941,slide,
CPS181_-_Central_Michigan_University,22_14_GrMod4_3-4-2015-ann.pdf,.pdf,792,612,1.2941,slide,
CPS181_-_Central_Michigan_University,23_14_GrMod4_3-4-2015.pdf,.pdf,792,612,1.2941,slide,
CPS181_-_Central_Michigan_University,24_15_boosting_3-16-2015.pdf,.pdf,720,540,1.3333,slide,
CPS181_-_Central_Michigan_University,25_16_boosting-percepton-margins_03-18-2015.pdf,.pdf,720,540,1.3333,slide,
CPS181_-_Central_Michigan_University,26_16_boosting-percepton-margins_03-18-2015.pptx,.pptx,960,720,1.3333,slide,
CPS181_-_Central_Michigan_University,27_17_margins-kernels_03-23-2015.pdf,.pdf,720,540,1.3333,slide,
CPS181_-_Central_Michigan_University,28_18_svm-ssl_03-25-2015.pdf,.pdf,720,540,1.3333,slide,
CPS181_-_Central_Michigan_University,29_19_ssl_03-30-2015.pdf,.pdf,720,540,1.3333,slide,
CPS181_-_Central_Michigan_University,2_02_Overfitting_ProbReview-1-14-2015.pdf,.pdf,792,612,1.2941,slide,
CPS181_-_Central_Michigan_University,30_20_al_4-1-2015.pdf,.pdf,720,540,1.3333,slide,
CPS181_-_Central_Michigan_University,31_21_clustering_4-6-2015.pdf,.pdf,720,540,1.3333,slide,
CPS181_-_Central_Michigan_University,32_22_pca-04-09-2015.pdf,.pdf,720,540,1.3333,slide,
CPS181_-_Central_Michigan_University,33_23_nell_4-13-2015.pdf,.pdf,792,612,1.2941,slide,
CPS181_-_Central_Michigan_University,34_24_nn_4-15-2015.pdf,.pdf,792,612,1.2941,slide,
CPS181_-_Central_Michigan_University,35_25_rl_4-20-2015.pdf,.pdf,720,540,1.3333,slide,
CPS181_-_Central_Michigan_University,36_26_deep_4-22-2015.pdf,.pdf,792,612,1.2941,slide,
CPS181_-_Central_Michigan_University,37_26_privacy_4-22-2015.pdf,.pdf,720,540,1.3333,slide,
CPS181_-_Central_Michigan_University,38_cluster-chapter.pdf,.pdf,612,792,0.7727,document,
CPS181_-_Central_Michigan_University,3_02_Overfitting_ProbReview-1-14-2015_ann.pdf,.pdf,792,612,1.2941,slide,
CPS181_-_Central_Michigan_University,4_03_MLE_MAP_NBayes-1-21-2015.pdf,.pdf,792,612,1.2941,slide,
CPS181_-_Central_Michigan_University,5_03_MLE_MAP_NBayes-1-21-2015_ann.pdf,.pdf,792,612,1.2941,slide,
CPS181_-_Central_Michigan_University,6_04_NBayes-1-26-2015-ann.pdf,.pdf,792,612,1.2941,slide,
CPS181_-_Central_Michigan_University,7_04_NBayes-1-26-2015.pptx.pdf,.pdf,792,612,1.2941,slide,
CPS181_-_Central_Michigan_University,8_05_GNB_1-28-2015-ann.pdf,.pdf,792,612,1.2941,slide,
CPS181_-_Central_Michigan_University,9_05_GNB_1-28-2015.pdf,.pdf,792,612,1.2941,slide,
CPSC102_-_Clemson_University,10_18more-cpp_Part3.pptx,.pptx,960,720,1.3333,slide,
CPSC102_-_Clemson_University,11_3Pointers_Review.pptx,.pptx,960,720,1.3333,slide,
CPSC102_-_Clemson_University,12_19more-cpp_Part4.pptx,.pptx,960,720,1.3333,slide,
CPSC102_-_Clemson_University,13_4function_ptrs.pptx,.pptx,960,720,1.3333,slide,
CPSC102_-_Clemson_University,14_20more-cpp_Part5.pptx,.pptx,960,720,1.3333,slide,
CPSC102_-_Clemson_University,15_5Structs_Review.pptx,.pptx,960,720,1.3333,slide,
CPSC102_-_Clemson_University,16_21more-cpp_Part6.pptx,.pptx,960,720,1.3333,slide,
CPSC102_-_Clemson_University,17_6linked-list.pptx,.pptx,960,720,1.3333,slide,
CPSC102_-_Clemson_University,18_12cpp_arrays.pptx,.pptx,960,720,1.3333,slide,
CPSC102_-_Clemson_University,19_13cpp_vectors.pptx,.pptx,960,720,1.3333,slide,
CPSC102_-_Clemson_University,1_16more-cpp_Part1.pptx,.pptx,960,720,1.3333,slide,
CPSC102_-_Clemson_University,20_14cpp_pointers.pptx,.pptx,960,720,1.3333,slide,
CPSC102_-_Clemson_University,21_15cpp_strings.pptx,.pptx,960,720,1.3333,slide,
CPSC102_-_Clemson_University,22_22polymorphism.pptx,.pptx,960,720,1.3333,slide,
CPSC102_-_Clemson_University,2_1Fundamentals_Review.pptx,.pptx,960,720,1.3333,slide,
CPSC102_-_Clemson_University,3_7Intro_to_C_Part_1.pptx,.pptx,1280,720,1.7778,slide,
CPSC102_-_Clemson_University,4_9C_Classes_Part_1.pptx,.pptx,1280,720,1.7778,slide,
CPSC102_-_Clemson_University,5_10C_Classes_Part_2.pptx,.pptx,1280,720,1.7778,slide,
CPSC102_-_Clemson_University,6_17more-cpp_Part2.pptx,.pptx,960,720,1.3333,slide,
CPSC102_-_Clemson_University,7_2CReview-loops_cond_functions.pptx,.pptx,1280,720,1.7778,slide,
CPSC102_-_Clemson_University,8_8Intro_to_C_Part_2.pptx,.pptx,1280,720,1.7778,slide,
CPSC102_-_Clemson_University,9_11C_Classes_Part_3.pptx,.pptx,1280,720,1.7778,slide,
CPSC115_-_Trinity_College,10_Ch10.ppt,.ppt,960,720,1.3333,slide,
CPSC115_-_Trinity_College,11_Ch0.ppt,.ppt,960,720,1.3333,slide,
CPSC115_-_Trinity_College,1_Ch1.ppt,.ppt,960,720,1.3333,slide,
CPSC115_-_Trinity_College,2_Ch2.ppt,.ppt,960,720,1.3333,slide,
CPSC115_-_Trinity_College,3_Ch3.ppt,.ppt,960,720,1.3333,slide,
CPSC115_-_Trinity_College,4_Ch4.ppt,.ppt,960,720,1.3333,slide,
CPSC115_-_Trinity_College,5_Ch5.ppt,.ppt,960,720,1.3333,slide,
CPSC115_-_Trinity_College,6_Ch6.ppt,.ppt,960,720,1.3333,slide,
CPSC115_-_Trinity_College,7_Ch7.ppt,.ppt,960,720,1.3333,slide,
CPSC115_-_Trinity_College,8_Ch8.ppt,.ppt,960,720,1.3333,slide,
CPSC115_-_Trinity_College,9_Ch9.ppt,.ppt,960,720,1.3333,slide,
CPSC219_-_University_of_Calgary,10_packages.ppt,.ppt,960,720,1.3333,slide,
CPSC219_-_University_of_Calgary,11_problem_solving.ppt,.ppt,960,720,1.3333,slide,
CPSC219_-_University_of_Calgary,12_recursion.ppt,.ppt,960,720,1.3333,slide,
CPSC219_-_University_of_Calgary,13_reuse_hiearchies.ppt,.ppt,960,720,1.3333,slide,
CPSC219_-_University_of_Calgary,1_course_introduction.ppt,.ppt,960,720,1.3333,slide,
CPSC219_-_University_of_Calgary,2_design_patterns.ppt,.ppt,960,720,1.3333,slide,
CPSC219_-_University_of_Calgary,3_exceptions.ppt,.ppt,960,720,1.3333,slide,
CPSC219_-_University_of_Calgary,4_fileIO.ppt,.ppt,960,720,1.3333,slide,
CPSC219_-_University_of_Calgary,5_gui.ppt,.ppt,960,720,1.3333,slide,
CPSC219_-_University_of_Calgary,6_intro_OO.ppt,.ppt,960,720,1.3333,slide,
CPSC219_-_University_of_Calgary,7_java_advanced.ppt,.ppt,960,720,1.3333,slide,
CPSC219_-_University_of_Calgary,8_java_introduction.ppt,.ppt,960,720,1.3333,slide,
CPSC219_-_University_of_Calgary,9_lists.ppt,.ppt,960,720,1.3333,slide,
CPSC353_-_Chapman_University,1_Chapter1.ppt,.ppt,960,720,1.3333,slide,
CPSC353_-_Chapman_University,2_Chapter2.ppt,.ppt,960,720,1.3333,slide,
CPSC353_-_Chapman_University,3_Chapter3.ppt,.ppt,960,720,1.3333,slide,
CPSC353_-_Chapman_University,4_Chapter4.ppt,.ppt,960,720,1.3333,slide,
CPSC353_-_Chapman_University,5_Chapter5.ppt,.ppt,960,720,1.3333,slide,
CPSC353_-_Chapman_University,6_Chapter6.ppt,.ppt,960,720,1.3333,slide,
CPSC353_-_Chapman_University,7_Chapter7.ppt,.ppt,960,720,1.3333,slide,
CPSC353_-_Chapman_University,8_Chapter8.ppt,.ppt,960,720,1.3333,slide,
CPSC353_-_Chapman_University,9_Chapter9.ppt,.ppt,960,720,1.3333,slide,
CPTS317_-_Washington_State_University,10_Course.pptx,.pptx,960,720,1.3333,slide,
CPTS317_-_Washington_State_University,11_Finals-review.pdf,.pdf,720,540,1.3333,slide,
CPTS317_-_Washington_State_University,12_Finals-review.pptx,.pptx,960,720,1.3333,slide,
CPTS317_-_Washington_State_University,13_FiniteAutomata_anim.pdf,.pdf,792,612,1.2941,slide,
CPTS317_-_Washington_State_University,14_FiniteAutomata_anim.pptx,.pptx,960,720,1.3333,slide,
CPTS317_-_Washington_State_University,15_IntroToAutomataTheory.pdf,.pdf,720,540,1.3333,slide,
CPTS317_-_Washington_State_University,16_IntroToAutomataTheory.pptx,.pptx,960,720,1.3333,slide,
CPTS317_-_Washington_State_University,17_MidtermI-review.pdf,.pdf,720,540,1.3333,slide,
CPTS317_-_Washington_State_University,18_MidtermI-review.pptx,.pptx,960,720,1.3333,slide,
CPTS317_-_Washington_State_University,19_MidtermII-review.pdf,.pdf,720,540,1.3333,slide,
CPTS317_-_Washington_State_University,1_CFG_inclass_exercises.pdf,.pdf,612,792,0.7727,document,
CPTS317_-_Washington_State_University,20_MidtermII-review.pptx,.pptx,960,720,1.3333,slide,
CPTS317_-_Washington_State_University,21_PDA.pdf,.pdf,792,612,1.2941,slide,
CPTS317_-_Washington_State_University,22_PDA.pptx,.pptx,960,720,1.3333,slide,
CPTS317_-_Washington_State_University,23_PumpingLemma_inclassExercises.pdf,.pdf,612,792,0.7727,document,
CPTS317_-_Washington_State_University,24_RegularExpressions.pdf,.pdf,792,612,1.2941,slide,
CPTS317_-_Washington_State_University,25_RegularExpressions.pptx,.pptx,960,720,1.3333,slide,
CPTS317_-_Washington_State_University,26_RegularLanguageProperties.pdf,.pdf,792,612,1.2941,slide,
CPTS317_-_Washington_State_University,27_RegularLanguageProperties.pptx,.pptx,960,720,1.3333,slide,
CPTS317_-_Washington_State_University,28_SimplifyingCFGs_examples.pdf,.pdf,612,792,0.7727,document,
CPTS317_-_Washington_State_University,29_Substitution_Example.pdf,.pdf,606,773,0.784,document,
CPTS317_-_Washington_State_University,2_CFLProperties.pdf,.pdf,720,540,1.3333,slide,
CPTS317_-_Washington_State_University,30_TuringMachines.pdf,.pdf,792,612,1.2941,slide,
CPTS317_-_Washington_State_University,31_TuringMachines.pptx,.pptx,960,720,1.3333,slide,
CPTS317_-_Washington_State_University,32_Undecidability.pdf,.pdf,792,612,1.2941,slide,
CPTS317_-_Washington_State_University,33_Undecidability.pptx,.pptx,960,720,1.3333,slide,
CPTS317_-_Washington_State_University,3_CFLProperties.pptx,.pptx,960,720,1.3333,slide,
CPTS317_-_Washington_State_University,4_CFL_pumping_lemma_ex1.pdf,.pdf,606,769,0.788,document,
CPTS317_-_Washington_State_University,5_CFL_pumping_lemma_ex3.pdf,.pdf,606,770,0.787,document,
CPTS317_-_Washington_State_University,6_CFL_pumping_lemma_ex4.pdf,.pdf,607,763,0.7955,document,
CPTS317_-_Washington_State_University,7_ContextFreeGrammars.pdf,.pdf,792,612,1.2941,slide,
CPTS317_-_Washington_State_University,8_ContextFreeGrammars.pptx,.pptx,960,720,1.3333,slide,
CPTS317_-_Washington_State_University,9_Course.pdf,.pdf,720,540,1.3333,slide,
CS0441_-_University_of_Pittsburgh,10_Recitation-8.pdf,.pdf,720,540,1.3333,slide,
CS0441_-_University_of_Pittsburgh,11_Recitation-9.pdf,.pdf,720,540,1.3333,slide,
CS0441_-_University_of_Pittsburgh,1_Recitation-1.pdf,.pdf,720,540,1.3333,slide,
CS0441_-_University_of_Pittsburgh,2_Recitation-10.pdf,.pdf,720,540,1.3333,slide,
CS0441_-_University_of_Pittsburgh,3_Recitation-11.pdf,.pdf,960,540,1.7778,slide,
CS0441_-_University_of_Pittsburgh,4_Recitation-2.pdf,.pdf,720,540,1.3333,slide,
CS0441_-_University_of_Pittsburgh,5_Recitation-3.pdf,.pdf,720,540,1.3333,slide,
CS0441_-_University_of_Pittsburgh,6_Recitation-4.pdf,.pdf,720,540,1.3333,slide,
CS0441_-_University_of_Pittsburgh,7_Recitation-5.pdf,.pdf,720,540,1.3333,slide,
CS0441_-_University_of_Pittsburgh,8_Recitation-6.pdf,.pdf,720,540,1.3333,slide,
CS0441_-_University_of_Pittsburgh,9_Recitation-7.pdf,.pdf,720,540,1.3333,slide,
CS083_-_Drake_University,10_cs167_lecture10.pdf,.pdf,720,540,1.3333,slide,
CS083_-_Drake_University,11_cs167_lecture11.pdf,.pdf,720,540,1.3333,slide,
CS083_-_Drake_University,12_cs167_lecture12.pdf,.pdf,720,540,1.3333,slide,
CS083_-_Drake_University,13_cs167_lecture13.pdf,.pdf,720,540,1.3333,slide,
CS083_-_Drake_University,14_cs167_lecture14.pdf,.pdf,720,540,1.3333,slide,
CS083_-_Drake_University,15_cs167_lecture15.pdf,.pdf,720,540,1.3333,slide,
CS083_-_Drake_University,16_cs167_lecture16.pdf,.pdf,720,540,1.3333,slide,
CS083_-_Drake_University,17_cs167_lecture17.pdf,.pdf,720,540,1.3333,slide,
CS083_-_Drake_University,18_cs167_lecture18.pdf,.pdf,720,540,1.3333,slide,
CS083_-_Drake_University,19_cs167_lecture19.pdf,.pdf,720,540,1.3333,slide,
CS083_-_Drake_University,1_cs167_lecture1.pdf,.pdf,720,540,1.3333,slide,
CS083_-_Drake_University,20_cs167_lecture20.pdf,.pdf,720,540,1.3333,slide,
CS083_-_Drake_University,21_cs167_lecture21.pdf,.pdf,720,540,1.3333,slide,
CS083_-_Drake_University,22_cs167_lecture22.pdf,.pdf,720,540,1.3333,slide,
CS083_-_Drake_University,23_cs167_lecture23.pdf,.pdf,720,540,1.3333,slide,
CS083_-_Drake_University,24_cs167_lecture23.pptx,.pptx,960,720,1.3333,slide,
CS083_-_Drake_University,25_cs167_lecture24.pdf,.pdf,720,540,1.3333,slide,
CS083_-_Drake_University,26_cs167_lecture25.pdf,.pdf,720,540,1.3333,slide,
CS083_-_Drake_University,2_cs167_lecture2.pdf,.pdf,720,540,1.3333,slide,
CS083_-_Drake_University,3_cs167_lecture3.pdf,.pdf,720,540,1.3333,slide,
CS083_-_Drake_University,4_cs167_lecture4.pdf,.pdf,720,540,1.3333,slide,
CS083_-_Drake_University,5_cs167_lecture5.pdf,.pdf,720,540,1.3333,slide,
CS083_-_Drake_University,6_cs167_lecture6.pdf,.pdf,720,540,1.3333,slide,
CS083_-_Drake_University,7_cs167_lecture7.pdf,.pdf,720,540,1.3333,slide,
CS083_-_Drake_University,8_cs167_lecture8.pdf,.pdf,720,540,1.3333,slide,
CS083_-_Drake_University,9_cs167_lecture9.pdf,.pdf,720,540,1.3333,slide,
CS1003_-_Memorial_University_of_Newfoundland,1_Unit_1_V1.0.pdf,.pdf,720,540,1.3333,slide,
CS1003_-_Memorial_University_of_Newfoundland,2_Unit_2_V1.0.pdf,.pdf,720,540,1.3333,slide,
CS1003_-_Memorial_University_of_Newfoundland,3_Unit_3_V1.0.pdf,.pdf,720,540,1.3333,slide,
CS1003_-_Memorial_University_of_Newfoundland,4_Unit_4_V1.0.pdf,.pdf,720,540,1.3333,slide,
CS1003_-_Memorial_University_of_Newfoundland,5_Unit_5_V1.0.pdf,.pdf,720,540,1.3333,slide,
CS1003_-_Memorial_University_of_Newfoundland,6_Unit_6_V1.0.pdf,.pdf,720,540,1.3333,slide,
CS1003_-_Memorial_University_of_Newfoundland,7_Tutorials_V1.0.pdf,.pdf,720,540,1.3333,slide,
CS1004_-_Worcester_Polytechnic_Institute,10_Week3_HeinemanFollowup.pdf,.pdf,605,756,0.8003,document,
CS1004_-_Worcester_Polytechnic_Institute,11_Week3_HeinemanFollowup.pptx,.pptx,806,1008,0.7996,document,
CS1004_-_Worcester_Polytechnic_Institute,12_Week3_StringsListsFiles.pdf,.pdf,605,756,0.8003,document,
CS1004_-_Worcester_Polytechnic_Institute,13_Week3_StringsListsFiles.pptx,.pptx,806,1008,0.7996,document,
CS1004_-_Worcester_Polytechnic_Institute,14_Week4_DecisionStructuresAndLoops.pdf,.pdf,605,756,0.8003,document,
CS1004_-_Worcester_Polytechnic_Institute,15_Week4_DecisionStructuresAndLoops.pptx,.pptx,806,1008,0.7996,document,
CS1004_-_Worcester_Polytechnic_Institute,16_Week4_MonteCarloSimulations.pdf,.pdf,605,756,0.8003,document,
CS1004_-_Worcester_Polytechnic_Institute,17_Week4_MonteCarloSimulations.pptx,.pptx,806,1008,0.7996,document,
CS1004_-_Worcester_Polytechnic_Institute,18_Week4_MoreAboutFunctions.pdf,.pdf,605,756,0.8003,document,
CS1004_-_Worcester_Polytechnic_Institute,19_Week4_MoreAboutFunctions.pptx,.pptx,806,1008,0.7996,document,
CS1004_-_Worcester_Polytechnic_Institute,1_Week1_ElementsOfAPythonProgram.pdf,.pdf,605,756,0.8003,document,
CS1004_-_Worcester_Polytechnic_Institute,20_Week4_NoteOnHomework4.pdf,.pdf,605,756,0.8003,document,
CS1004_-_Worcester_Polytechnic_Institute,21_Week4_NoteOnHomework4.pptx,.pptx,806,1008,0.7996,document,
CS1004_-_Worcester_Polytechnic_Institute,22_Week5_DebuggersAndDebugging.pdf,.pdf,605,756,0.8003,document,
CS1004_-_Worcester_Polytechnic_Institute,23_Week5_DebuggersAndDebugging.pptx,.pptx,806,1008,0.7996,document,
CS1004_-_Worcester_Polytechnic_Institute,24_Week5_Dictionaries.pdf,.pdf,605,756,0.8003,document,
CS1004_-_Worcester_Polytechnic_Institute,25_Week5_Dictionaries.pptx,.pptx,806,1008,0.7996,document,
CS1004_-_Worcester_Polytechnic_Institute,26_Week5_NotesOnHomwork5.pdf,.pdf,605,756,0.8003,document,
CS1004_-_Worcester_Polytechnic_Institute,27_Week5_NotesOnHomwork5.pptx,.pptx,806,1008,0.7996,document,
CS1004_-_Worcester_Polytechnic_Institute,28_Week6_CSV_files.pdf,.pdf,605,756,0.8003,document,
CS1004_-_Worcester_Polytechnic_Institute,29_Week6_CSV_files.pptx,.pptx,806,1008,0.7996,document,
CS1004_-_Worcester_Polytechnic_Institute,2_Week1_ElementsOfAPythonProgram.pptx,.pptx,806,1008,0.7996,document,
CS1004_-_Worcester_Polytechnic_Institute,30_Week6_NoteOnProgramDesign.pdf,.pdf,605,756,0.8003,document,
CS1004_-_Worcester_Polytechnic_Institute,31_Week6_NoteOnProgramDesign.pptx,.pptx,806,1008,0.7996,document,
CS1004_-_Worcester_Polytechnic_Institute,32_Week6_NotesOnHW6.pdf,.pdf,605,756,0.8003,document,
CS1004_-_Worcester_Polytechnic_Institute,33_Week6_NotesOnHW6.pptx,.pptx,806,1008,0.7996,document,
CS1004_-_Worcester_Polytechnic_Institute,34_Week6_ObjectsAgain.pdf,.pdf,605,756,0.8003,document,
CS1004_-_Worcester_Polytechnic_Institute,35_Week6_ObjectsAgain.pptx,.pptx,806,1008,0.7996,document,
CS1004_-_Worcester_Polytechnic_Institute,36_Week7_ConsolidationAndReview.pdf,.pdf,605,756,0.8003,document,
CS1004_-_Worcester_Polytechnic_Institute,37_Week7_ConsolidationAndReview.pptx,.pptx,806,1008,0.7996,document,
CS1004_-_Worcester_Polytechnic_Institute,38_Week0_FirstPythonProgram.pdf,.pdf,605,756,0.8003,document,
CS1004_-_Worcester_Polytechnic_Institute,39_Week0_FirstPythonProgram.pptx,.pptx,806,1008,0.7996,document,
CS1004_-_Worcester_Polytechnic_Institute,3_Week1_MoreElementsOfAPythonProgram.pdf,.pdf,605,756,0.8003,document,
CS1004_-_Worcester_Polytechnic_Institute,40_Week0_Introduction.pdf,.pdf,605,756,0.8003,document,
CS1004_-_Worcester_Polytechnic_Institute,41_Week0_Introduction.pptx,.pptx,806,1008,0.7996,document,
CS1004_-_Worcester_Polytechnic_Institute,4_Week1_MoreElementsOfAPythonProgram.pptx,.pptx,806,1008,0.7996,document,
CS1004_-_Worcester_Polytechnic_Institute,5_Week2_NotesOnPyplot.pdf,.pdf,605,756,0.8003,document,
CS1004_-_Worcester_Polytechnic_Institute,6_Week2_NotesOnPyplot.pptx,.pptx,806,1008,0.7996,document,
CS1004_-_Worcester_Polytechnic_Institute,7_Week2_SimpleGraphicsPackage.pptx,.pptx,806,1008,0.7996,document,
CS1004_-_Worcester_Polytechnic_Institute,8_Week2_VariablesListsObjects.pdf,.pdf,605,756,0.8003,document,
CS1004_-_Worcester_Polytechnic_Institute,9_Week2_VariablesListsObjects.pptx,.pptx,806,1008,0.7996,document,
CS1005C_-_University_of_Cincinnati,10_music5.pdf,.pdf,612,792,0.7727,document,
CS1005C_-_University_of_Cincinnati,11_1330_wk6.pdf,.pdf,960,540,1.7778,slide,
CS1005C_-_University_of_Cincinnati,12_music6.pdf,.pdf,612,792,0.7727,document,
CS1005C_-_University_of_Cincinnati,13_music7.pdf,.pdf,612,792,0.7727,document,
CS1005C_-_University_of_Cincinnati,14_music8.pdf,.pdf,612,792,0.7727,document,
CS1005C_-_University_of_Cincinnati,15_4633_egypitian_art_not_compliant.pdf,.pdf,960,540,1.7778,slide,
CS1005C_-_University_of_Cincinnati,16_aging_at_home.pdf,.pdf,960,540,1.7778,slide,
CS1005C_-_University_of_Cincinnati,17_brain_nutrition.pdf,.pdf,960,540,1.7778,slide,
CS1005C_-_University_of_Cincinnati,18_egypt_q_a.pdf,.pdf,612,792,0.7727,document,
CS1005C_-_University_of_Cincinnati,19_library.pdf,.pdf,960,540,1.7778,slide,
CS1005C_-_University_of_Cincinnati,1_1330_wk1.pdf,.pdf,960,540,1.7778,slide,
CS1005C_-_University_of_Cincinnati,20_vision.pdf,.pdf,960,540,1.7778,slide,
CS1005C_-_University_of_Cincinnati,2_music1_2.pdf,.pdf,612,792,0.7727,document,
CS1005C_-_University_of_Cincinnati,3_1330_wk2.pdf,.pdf,960,540,1.7778,slide,
CS1005C_-_University_of_Cincinnati,4_music2.pdf,.pdf,612,792,0.7727,document,
CS1005C_-_University_of_Cincinnati,5_1330_wk3.pdf,.pdf,960,540,1.7778,slide,
CS1005C_-_University_of_Cincinnati,6_music3.pdf,.pdf,612,792,0.7727,document,
CS1005C_-_University_of_Cincinnati,7_1330_wk4.pdf,.pdf,960,540,1.7778,slide,
CS1005C_-_University_of_Cincinnati,8_music4.pdf,.pdf,612,792,0.7727,document,
CS1005C_-_University_of_Cincinnati,9_1330_wk5.pdf,.pdf,960,540,1.7778,slide,
CS1021C_-_University_of_Cincinnati,10_music5.pdf,.pdf,612,792,0.7727,document,
CS1021C_-_University_of_Cincinnati,11_1330_wk6.pdf,.pdf,960,540,1.7778,slide,
CS1021C_-_University_of_Cincinnati,12_music6.pdf,.pdf,612,792,0.7727,document,
CS1021C_-_University_of_Cincinnati,13_music7.pdf,.pdf,612,792,0.7727,document,
CS1021C_-_University_of_Cincinnati,14_music8.pdf,.pdf,612,792,0.7727,document,
CS1021C_-_University_of_Cincinnati,15_4633_egypitian_art_not_compliant.pdf,.pdf,960,540,1.7778,slide,
CS1021C_-_University_of_Cincinnati,16_aging_at_home.pdf,.pdf,960,540,1.7778,slide,
CS1021C_-_University_of_Cincinnati,17_brain_nutrition.pdf,.pdf,960,540,1.7778,slide,
CS1021C_-_University_of_Cincinnati,18_egypt_q_a.pdf,.pdf,612,792,0.7727,document,
CS1021C_-_University_of_Cincinnati,19_library.pdf,.pdf,960,540,1.7778,slide,
CS1021C_-_University_of_Cincinnati,1_1330_wk1.pdf,.pdf,960,540,1.7778,slide,
CS1021C_-_University_of_Cincinnati,20_vision.pdf,.pdf,960,540,1.7778,slide,
CS1021C_-_University_of_Cincinnati,2_music1_2.pdf,.pdf,612,792,0.7727,document,
CS1021C_-_University_of_Cincinnati,3_1330_wk2.pdf,.pdf,960,540,1.7778,slide,
CS1021C_-_University_of_Cincinnati,4_music2.pdf,.pdf,612,792,0.7727,document,
CS1021C_-_University_of_Cincinnati,5_1330_wk3.pdf,.pdf,960,540,1.7778,slide,
CS1021C_-_University_of_Cincinnati,6_music3.pdf,.pdf,612,792,0.7727,document,
CS1021C_-_University_of_Cincinnati,7_1330_wk4.pdf,.pdf,960,540,1.7778,slide,
CS1021C_-_University_of_Cincinnati,8_music4.pdf,.pdf,612,792,0.7727,document,
CS1021C_-_University_of_Cincinnati,9_1330_wk5.pdf,.pdf,960,540,1.7778,slide,
CS1112_-_Cornell_University,1_CS1112_lec01.pdf,.pdf,720,405,1.7778,slide,
CS1112_-_Cornell_University,2_CS1112_lec02.pdf,.pdf,720,405,1.7778,slide,
CS1112_-_Cornell_University,3_CS1112_lec03.pdf,.pdf,720,405,1.7778,slide,
CS132_-_Boston_University,10_08-matrix-of-a-linear-transformation-A1.pdf,.pdf,1920,1080,1.7778,slide,
CS132_-_Boston_University,11_08-matrix-of-a-linear-transformation-B1.pdf,.pdf,1920,1080,1.7778,slide,
CS132_-_Boston_University,12_08-matrix-of-a-linear-transformation.pdf,.pdf,1920,1080,1.7778,slide,
CS132_-_Boston_University,13_09-matrix-algebra-A1.pdf,.pdf,1920,1080,1.7778,slide,
CS132_-_Boston_University,14_09-matrix-algebra-B1.pdf,.pdf,1920,1080,1.7778,slide,
CS132_-_Boston_University,15_09-matrix-algebra.pdf,.pdf,1920,1080,1.7778,slide,
CS132_-_Boston_University,16_10-matrix-inverses-A1.pdf,.pdf,1920,1080,1.7778,slide,
CS132_-_Boston_University,17_10-matrix-inverses-B1.pdf,.pdf,1920,1080,1.7778,slide,
CS132_-_Boston_University,18_10-matrix-inverses.pdf,.pdf,1920,1080,1.7778,slide,
CS132_-_Boston_University,19_11-imt-A1.pdf,.pdf,1920,1080,1.7778,slide,
CS132_-_Boston_University,1_01-linear-equations.pdf,.pdf,1920,1080,1.7778,slide,
CS132_-_Boston_University,20_11-imt-B1.pdf,.pdf,1920,1080,1.7778,slide,
CS132_-_Boston_University,21_11-imt.pdf,.pdf,1920,1080,1.7778,slide,
CS132_-_Boston_University,22_12-markov-chains.pdf,.pdf,1920,1080,1.7778,slide,
CS132_-_Boston_University,23_13-matrix-factorization-A1.pdf,.pdf,1920,1080,1.7778,slide,
CS132_-_Boston_University,24_13-matrix-factorization-B1.pdf,.pdf,1920,1080,1.7778,slide,
CS132_-_Boston_University,25_13-matrix-factorization.pdf,.pdf,1920,1080,1.7778,slide,
CS132_-_Boston_University,26_14-lu-graphics.pdf,.pdf,1920,1080,1.7778,slide,
CS132_-_Boston_University,27_15-subspaces-A1.pdf,.pdf,1920,1080,1.7778,slide,
CS132_-_Boston_University,28_15-subspaces-B1.pdf,.pdf,1920,1080,1.7778,slide,
CS132_-_Boston_University,29_15-subspaces.pdf,.pdf,1920,1080,1.7778,slide,
CS132_-_Boston_University,2_02-numerics.pdf,.pdf,1920,1080,1.7778,slide,
CS132_-_Boston_University,30_16-dimension-and-rank-A1.pdf,.pdf,1920,1080,1.7778,slide,
CS132_-_Boston_University,31_16-dimension-and-rank-B1.pdf,.pdf,1920,1080,1.7778,slide,
CS132_-_Boston_University,32_16-dimension-and-rank.pdf,.pdf,1920,1080,1.7778,slide,
CS132_-_Boston_University,33_17-eigenvalues-and-eigenvectors-A1.pdf,.pdf,1920,1080,1.7778,slide,
CS132_-_Boston_University,34_17-eigenvalues-and-eigenvectors-B1.pdf,.pdf,1920,1080,1.7778,slide,
CS132_-_Boston_University,35_17-eigenvalues-and-eigenvectors.pdf,.pdf,1920,1080,1.7778,slide,
CS132_-_Boston_University,36_18-characterstic-equation-A1.pdf,.pdf,1920,1080,1.7778,slide,
CS132_-_Boston_University,37_18-characterstic-equation-B1.pdf,.pdf,1920,1080,1.7778,slide,
CS132_-_Boston_University,38_18-characterstic-equation.pdf,.pdf,1920,1080,1.7778,slide,
CS132_-_Boston_University,39_19-diagonalization-A1.pdf,.pdf,1920,1080,1.7778,slide,
CS132_-_Boston_University,3_03-gaussian-elimination.pdf,.pdf,1920,1080,1.7778,slide,
CS132_-_Boston_University,40_19-diagonalization-B1.pdf,.pdf,1920,1080,1.7778,slide,
CS132_-_Boston_University,41_19-diagonalization.pdf,.pdf,1920,1080,1.7778,slide,
CS132_-_Boston_University,42_20-pagerank.pdf,.pdf,1920,1080,1.7778,slide,
CS132_-_Boston_University,43_21-analytic-geometry-A1.pdf,.pdf,1920,1080,1.7778,slide,
CS132_-_Boston_University,44_21-analytic-geometry-B1.pdf,.pdf,1920,1080,1.7778,slide,
CS132_-_Boston_University,45_21-analytic-geometry.pdf,.pdf,1920,1080,1.7778,slide,
CS132_-_Boston_University,46_22-orthogonal-sets-A1.pdf,.pdf,1920,1080,1.7778,slide,
CS132_-_Boston_University,47_22-orthogonal-sets-B1.pdf,.pdf,1920,1080,1.7778,slide,
CS132_-_Boston_University,48_22-orthogonal-sets.pdf,.pdf,1920,1080,1.7778,slide,
CS132_-_Boston_University,49_23-least-squares-A1.pdf,.pdf,1920,1080,1.7778,slide,
CS132_-_Boston_University,4_04-vector-equations.pdf,.pdf,1920,1080,1.7778,slide,
CS132_-_Boston_University,50_23-least-squares-B1.pdf,.pdf,1920,1080,1.7778,slide,
CS132_-_Boston_University,51_23-least-squares.pdf,.pdf,1920,1080,1.7778,slide,
CS132_-_Boston_University,52_24-linear-models-A1.pdf,.pdf,1920,1080,1.7778,slide,
CS132_-_Boston_University,53_24-linear-models-B1.pdf,.pdf,1920,1080,1.7778,slide,
CS132_-_Boston_University,54_24-linear-models.pdf,.pdf,1920,1080,1.7778,slide,
CS132_-_Boston_University,55_25-symmetric-matrices-A1.pdf,.pdf,1920,1080,1.7778,slide,
CS132_-_Boston_University,56_25-symmetric-matrices-B1.pdf,.pdf,1920,1080,1.7778,slide,
CS132_-_Boston_University,57_25-symmetric-matrices.pdf,.pdf,1920,1080,1.7778,slide,
CS132_-_Boston_University,58_26-final-lecture-A1.pdf,.pdf,1920,1080,1.7778,slide,
CS132_-_Boston_University,59_26-final-lecture-B1.pdf,.pdf,1920,1080,1.7778,slide,
CS132_-_Boston_University,5_05-matrix-vector-equations.pdf,.pdf,1920,1080,1.7778,slide,
CS132_-_Boston_University,60_26-final-lecture.pdf,.pdf,1920,1080,1.7778,slide,
CS132_-_Boston_University,61_00-administrivia.pdf,.pdf,1920,1080,1.7778,slide,
CS132_-_Boston_University,6_06-linear-independence.pdf,.pdf,1920,1080,1.7778,slide,
CS132_-_Boston_University,7_07-linear-transformations-A1.pdf,.pdf,1920,1080,1.7778,slide,
CS132_-_Boston_University,8_07-linear-transformations-B1.pdf,.pdf,1920,1080,1.7778,slide,
CS132_-_Boston_University,9_07-linear-transformations.pdf,.pdf,1920,1080,1.7778,slide,
CS1340_-_Southern_Methodist_University,1_lecture01.md.slides.pdf,.pdf,363,273,1.3297,slide,
CS1340_-_Southern_Methodist_University,2_lecture02.md.slides.pdf,.pdf,454,256,1.7734,slide,
CS1340_-_Southern_Methodist_University,3_lecture03.md.slides.pdf,.pdf,454,256,1.7734,slide,
CS1340_-_Southern_Methodist_University,4_lecture04.md.slides.pdf,.pdf,454,256,1.7734,slide,
CS1340_-_Southern_Methodist_University,5_lecture05.md.slides.pdf,.pdf,454,256,1.7734,slide,
CS143_-_Stanford_University,10_lecture10-Type_Checking.pdf,.pdf,792,612,1.2941,slide,
CS143_-_Stanford_University,11_lecture11-Runtime-Environments.pdf,.pdf,792,612,1.2941,slide,
CS143_-_Stanford_University,12_lecture12-Code_Generation.pdf,.pdf,792,612,1.2941,slide,
CS143_-_Stanford_University,13_lecture13-Operational_Semantics.pdf,.pdf,792,612,1.2941,slide,
CS143_-_Stanford_University,14_lecture14-Iocal_optimization.pdf,.pdf,792,612,1.2941,slide,
CS143_-_Stanford_University,15_lecture15-Global_optimization.pdf,.pdf,792,612,1.2941,slide,
CS143_-_Stanford_University,16_lecture16-Register_Allocation.pdf,.pdf,792,612,1.2941,slide,
CS143_-_Stanford_University,17_lecture17-automatic_memory_management.pdf,.pdf,792,612,1.2941,slide,
CS143_-_Stanford_University,1_lecture01-overview.pdf,.pdf,792,612,1.2941,slide,
CS143_-_Stanford_University,2_lecture02-cool.pdf,.pdf,792,612,1.2941,slide,
CS143_-_Stanford_University,3_lecture03-LA.pdf,.pdf,792,612,1.2941,slide,
CS143_-_Stanford_University,4_lecture04-LA_implementation.pdf,.pdf,792,612,1.2941,slide,
CS143_-_Stanford_University,5_lecture05-intro-parsing.pdf,.pdf,792,612,1.2941,slide,
CS143_-_Stanford_University,6_lecture06-Syntax-Directed-Parsing.pdf,.pdf,792,612,1.2941,slide,
CS143_-_Stanford_University,7_lecture07-parsing_I.pdf,.pdf,792,612,1.2941,slide,
CS143_-_Stanford_University,8_lecture08-parsing-II.pdf,.pdf,792,612,1.2941,slide,
CS143_-_Stanford_University,9_lecture09-Semantic_Analysis.pdf,.pdf,792,612,1.2941,slide,
CS144_-_Stanford_University,10_l10.pdf,.pdf,792,612,1.2941,slide,
CS144_-_Stanford_University,11_l11.pdf,.pdf,792,612,1.2941,slide,
CS144_-_Stanford_University,12_l12.pdf,.pdf,792,612,1.2941,slide,
CS144_-_Stanford_University,13_l13.pdf,.pdf,792,612,1.2941,slide,
CS144_-_Stanford_University,14_l14.pdf,.pdf,792,612,1.2941,slide,
CS144_-_Stanford_University,15_l15.pdf,.pdf,792,612,1.2941,slide,
CS144_-_Stanford_University,16_l16.pdf,.pdf,792,612,1.2941,slide,
CS144_-_Stanford_University,17_l17.pdf,.pdf,792,612,1.2941,slide,
CS144_-_Stanford_University,18_l18.pdf,.pdf,792,612,1.2941,slide,
CS144_-_Stanford_University,19_144Review_8.pdf,.pdf,794,595,1.3345,slide,
CS144_-_Stanford_University,1_l1.pdf,.pdf,792,612,1.2941,slide,
CS144_-_Stanford_University,20_Lab4.pdf,.pdf,794,595,1.3345,slide,
CS144_-_Stanford_University,21_gdb-tutorial.pdf,.pdf,794,595,1.3345,slide,
CS144_-_Stanford_University,22_gdbquickref.pdf,.pdf,842,595,1.4151,slide,
CS144_-_Stanford_University,23_midtermreview.pdf,.pdf,792,612,1.2941,slide,
CS144_-_Stanford_University,24_routerSecNotes.pdf,.pdf,794,595,1.3345,slide,
CS144_-_Stanford_University,25_security.pdf,.pdf,792,612,1.2941,slide,
CS144_-_Stanford_University,26_tcpcrypt.pdf,.pdf,363,273,1.3297,slide,
CS144_-_Stanford_University,27_tcpoverview.pdf,.pdf,794,595,1.3345,slide,
CS144_-_Stanford_University,2_l2.pdf,.pdf,792,612,1.2941,slide,
CS144_-_Stanford_University,3_l3.pdf,.pdf,792,612,1.2941,slide,
CS144_-_Stanford_University,4_l4.pdf,.pdf,792,612,1.2941,slide,
CS144_-_Stanford_University,5_l5.pdf,.pdf,792,612,1.2941,slide,
CS144_-_Stanford_University,6_l6.pdf,.pdf,792,612,1.2941,slide,
CS144_-_Stanford_University,7_l7.pdf,.pdf,792,612,1.2941,slide,
CS144_-_Stanford_University,8_l8.pdf,.pdf,792,612,1.2941,slide,
CS144_-_Stanford_University,9_l9.pdf,.pdf,792,612,1.2941,slide,
CS15122_-_Carnegie_Mellon_University,10_05-bigo.pdf,.pdf,1024,768,1.3333,slide,
CS15122_-_Carnegie_Mellon_University,11_06-binsearch.pdf,.pdf,612,792,0.7727,document,
CS15122_-_Carnegie_Mellon_University,12_06-binsearch.pdf,.pdf,1024,768,1.3333,slide,
CS15122_-_Carnegie_Mellon_University,13_07-quicksort.pdf,.pdf,612,792,0.7727,document,
CS15122_-_Carnegie_Mellon_University,14_07-quicksort.pdf,.pdf,1024,768,1.3333,slide,
CS15122_-_Carnegie_Mellon_University,15_08-libraries.pdf,.pdf,612,792,0.7727,document,
CS15122_-_Carnegie_Mellon_University,16_08-libraries.pdf,.pdf,1024,768,1.3333,slide,
CS15122_-_Carnegie_Mellon_University,17_08-pointers.pdf,.pdf,1024,768,1.3333,slide,
CS15122_-_Carnegie_Mellon_University,18_09-stackqueue.pdf,.pdf,612,792,0.7727,document,
CS15122_-_Carnegie_Mellon_University,19_09-stackqueue.pdf,.pdf,1024,768,1.3333,slide,
CS15122_-_Carnegie_Mellon_University,1_01-contracts.pdf,.pdf,612,792,0.7727,document,
CS15122_-_Carnegie_Mellon_University,20_10-linkedlist.pdf,.pdf,612,792,0.7727,document,
CS15122_-_Carnegie_Mellon_University,21_10-linkedlist.pdf,.pdf,1024,768,1.3333,slide,
CS15122_-_Carnegie_Mellon_University,22_11-uba.pdf,.pdf,612,792,0.7727,document,
CS15122_-_Carnegie_Mellon_University,23_11-uba.pdf,.pdf,1024,768,1.3333,slide,
CS15122_-_Carnegie_Mellon_University,24_12-hashing.pdf,.pdf,612,792,0.7727,document,
CS15122_-_Carnegie_Mellon_University,25_12-hashing.pdf,.pdf,1024,768,1.3333,slide,
CS15122_-_Carnegie_Mellon_University,26_12-voidstar.pdf,.pdf,1024,768,1.3333,slide,
CS15122_-_Carnegie_Mellon_University,27_13-hdict.pdf,.pdf,612,792,0.7727,document,
CS15122_-_Carnegie_Mellon_University,28_13-hdict.pdf,.pdf,1024,768,1.3333,slide,
CS15122_-_Carnegie_Mellon_University,29_14-fpointer.pdf,.pdf,1024,768,1.3333,slide,
CS15122_-_Carnegie_Mellon_University,2_01-contracts.pdf,.pdf,1024,768,1.3333,slide,
CS15122_-_Carnegie_Mellon_University,30_14-generic.pdf,.pdf,612,792,0.7727,document,
CS15122_-_Carnegie_Mellon_University,31_14-generic.pdf,.pdf,1024,768,1.3333,slide,
CS15122_-_Carnegie_Mellon_University,32_15-bst.pdf,.pdf,612,792,0.7727,document,
CS15122_-_Carnegie_Mellon_University,33_15-bst.pdf,.pdf,1024,768,1.3333,slide,
CS15122_-_Carnegie_Mellon_University,34_16-avl.pdf,.pdf,612,792,0.7727,document,
CS15122_-_Carnegie_Mellon_University,35_16-avl.pdf,.pdf,1024,768,1.3333,slide,
CS15122_-_Carnegie_Mellon_University,36_17-cintro.pdf,.pdf,612,792,0.7727,document,
CS15122_-_Carnegie_Mellon_University,37_17-cintro.pdf,.pdf,1024,768,1.3333,slide,
CS15122_-_Carnegie_Mellon_University,38_18-cmem.pdf,.pdf,612,792,0.7727,document,
CS15122_-_Carnegie_Mellon_University,39_18-cmem.pdf,.pdf,1024,768,1.3333,slide,
CS15122_-_Carnegie_Mellon_University,3_02-ints.pdf,.pdf,612,792,0.7727,document,
CS15122_-_Carnegie_Mellon_University,40_19-cnum.pdf,.pdf,612,792,0.7727,document,
CS15122_-_Carnegie_Mellon_University,41_19-cnum.pdf,.pdf,1024,768,1.3333,slide,
CS15122_-_Carnegie_Mellon_University,42_20-c0vm.pdf,.pdf,612,792,0.7727,document,
CS15122_-_Carnegie_Mellon_University,43_20-c0vm.pdf,.pdf,1024,768,1.3333,slide,
CS15122_-_Carnegie_Mellon_University,44_21-graphs.pdf,.pdf,612,792,0.7727,document,
CS15122_-_Carnegie_Mellon_University,45_21-graphs.pdf,.pdf,1024,768,1.3333,slide,
CS15122_-_Carnegie_Mellon_University,46_22-dfs.pdf,.pdf,612,792,0.7727,document,
CS15122_-_Carnegie_Mellon_University,47_22-dfs.pdf,.pdf,1024,768,1.3333,slide,
CS15122_-_Carnegie_Mellon_University,48_23-spanning.pdf,.pdf,612,792,0.7727,document,
CS15122_-_Carnegie_Mellon_University,49_23-spanning.pdf,.pdf,1024,768,1.3333,slide,
CS15122_-_Carnegie_Mellon_University,4_02-ints.pdf,.pdf,1024,768,1.3333,slide,
CS15122_-_Carnegie_Mellon_University,50_24-unionfind.pdf,.pdf,612,792,0.7727,document,
CS15122_-_Carnegie_Mellon_University,51_24-unionfind.pdf,.pdf,1024,768,1.3333,slide,
CS15122_-_Carnegie_Mellon_University,52_25-pq.pdf,.pdf,612,792,0.7727,document,
CS15122_-_Carnegie_Mellon_University,53_25-pq.pdf,.pdf,1024,768,1.3333,slide,
CS15122_-_Carnegie_Mellon_University,54_26-heap.pdf,.pdf,612,792,0.7727,document,
CS15122_-_Carnegie_Mellon_University,55_26-heap.pdf,.pdf,1024,768,1.3333,slide,
CS15122_-_Carnegie_Mellon_University,5_03-arrays.pdf,.pdf,612,792,0.7727,document,
CS15122_-_Carnegie_Mellon_University,6_03-arrays.pdf,.pdf,1024,768,1.3333,slide,
CS15122_-_Carnegie_Mellon_University,7_04-linsearch.pdf,.pdf,612,792,0.7727,document,
CS15122_-_Carnegie_Mellon_University,8_04-linsearch.pdf,.pdf,1024,768,1.3333,slide,
CS15122_-_Carnegie_Mellon_University,9_05-bigo.pdf,.pdf,612,792,0.7727,document,
CS167_-_Drake_University,10_cs167_lecture10.pdf,.pdf,720,540,1.3333,slide,
CS167_-_Drake_University,11_cs167_lecture11.pdf,.pdf,720,540,1.3333,slide,
CS167_-_Drake_University,12_cs167_lecture12.pdf,.pdf,720,540,1.3333,slide,
CS167_-_Drake_University,13_cs167_lecture13.pdf,.pdf,720,540,1.3333,slide,
CS167_-_Drake_University,14_cs167_lecture14.pdf,.pdf,720,540,1.3333,slide,
CS167_-_Drake_University,15_cs167_lecture15.pdf,.pdf,720,540,1.3333,slide,
CS167_-_Drake_University,16_cs167_lecture16.pdf,.pdf,720,540,1.3333,slide,
CS167_-_Drake_University,17_cs167_lecture17.pdf,.pdf,720,540,1.3333,slide,
CS167_-_Drake_University,18_cs167_lecture18.pdf,.pdf,720,540,1.3333,slide,
CS167_-_Drake_University,19_cs167_lecture19.pdf,.pdf,720,540,1.3333,slide,
CS167_-_Drake_University,1_cs167_lecture1.pdf,.pdf,720,540,1.3333,slide,
CS167_-_Drake_University,20_cs167_lecture20.pdf,.pdf,720,540,1.3333,slide,
CS167_-_Drake_University,21_cs167_lecture21.pdf,.pdf,720,540,1.3333,slide,
CS167_-_Drake_University,22_cs167_lecture22.pdf,.pdf,720,540,1.3333,slide,
CS167_-_Drake_University,23_cs167_lecture23.pdf,.pdf,720,540,1.3333,slide,
CS167_-_Drake_University,24_cs167_lecture23.pptx,.pptx,960,720,1.3333,slide,
CS167_-_Drake_University,25_cs167_lecture24.pdf,.pdf,720,540,1.3333,slide,
CS167_-_Drake_University,26_cs167_lecture25.pdf,.pdf,720,540,1.3333,slide,
CS167_-_Drake_University,2_cs167_lecture2.pdf,.pdf,720,540,1.3333,slide,
CS167_-_Drake_University,3_cs167_lecture3.pdf,.pdf,720,540,1.3333,slide,
CS167_-_Drake_University,4_cs167_lecture4.pdf,.pdf,720,540,1.3333,slide,
CS167_-_Drake_University,5_cs167_lecture5.pdf,.pdf,720,540,1.3333,slide,
CS167_-_Drake_University,6_cs167_lecture6.pdf,.pdf,720,540,1.3333,slide,
CS167_-_Drake_University,7_cs167_lecture7.pdf,.pdf,720,540,1.3333,slide,
CS167_-_Drake_University,8_cs167_lecture8.pdf,.pdf,720,540,1.3333,slide,
CS167_-_Drake_University,9_cs167_lecture9.pdf,.pdf,720,540,1.3333,slide,
CS201_-_Duke_University,1_01-intro.pdf,.pdf,960,540,1.7778,slide,
CS201_-_Duke_University,2_02-java.pdf,.pdf,960,540,1.7778,slide,
CS201_-_Duke_University,3_03-classes.pdf,.pdf,960,540,1.7778,slide,
CS201_-_Duke_University,4_04-collections.pdf,.pdf,960,540,1.7778,slide,
CS2270_-_University_of_Missouri,10_lec_10_vectors_heapsort.pdf,.pdf,1024,768,1.3333,slide,
CS2270_-_University_of_Missouri,11_lec_11_red_black.pdf,.pdf,1024,768,1.3333,slide,
CS2270_-_University_of_Missouri,12_lec_12_test_1_review.pdf,.pdf,1024,768,1.3333,slide,
CS2270_-_University_of_Missouri,13_lec_13_complexity_btree_intro.pdf,.pdf,1024,768,1.3333,slide,
CS2270_-_University_of_Missouri,14_lec_14_exam_1.pdf,.pdf,1024,768,1.3333,slide,
CS2270_-_University_of_Missouri,15_lec_15_design_testing_btrees.pdf,.pdf,1024,768,1.3333,slide,
CS2270_-_University_of_Missouri,16_lec_16_btrees.pdf,.pdf,1024,768,1.3333,slide,
CS2270_-_University_of_Missouri,17_lec_17_unit_testing.pdf,.pdf,1024,768,1.3333,slide,
CS2270_-_University_of_Missouri,18_lec_18_priority_queues.pdf,.pdf,1024,768,1.3333,slide,
CS2270_-_University_of_Missouri,19_lec_19_containers.pdf,.pdf,1024,768,1.3333,slide,
CS2270_-_University_of_Missouri,1_lec_1_hello_world.pdf,.pdf,1024,892,1.148,slide,
CS2270_-_University_of_Missouri,20_lec_20_treaps.pdf,.pdf,1024,768,1.3333,slide,
CS2270_-_University_of_Missouri,21_lec_21_design_process.pdf,.pdf,1024,768,1.3333,slide,
CS2270_-_University_of_Missouri,22_lec_22_huffman.pdf,.pdf,1024,768,1.3333,slide,
CS2270_-_University_of_Missouri,23_lec_23_text_language.pdf,.pdf,1024,768,1.3333,slide,
CS2270_-_University_of_Missouri,24_lec_24_classes_objects.pdf,.pdf,1024,768,1.3333,slide,
CS2270_-_University_of_Missouri,25_lec_25_graphs.pdf,.pdf,1024,768,1.3333,slide,
CS2270_-_University_of_Missouri,26_lec_26_exam_2_review.pdf,.pdf,1024,768,1.3333,slide,
CS2270_-_University_of_Missouri,27_lec_27_exam_2.pdf,.pdf,1024,768,1.3333,slide,
CS2270_-_University_of_Missouri,28_lec_28_human_computer_interaction.pdf,.pdf,1024,768,1.3333,slide,
CS2270_-_University_of_Missouri,29_lec_29_graph_hw_details.pdf,.pdf,1024,768,1.3333,slide,
CS2270_-_University_of_Missouri,2_lec_2_vm_and_intro_to_dsna.pdf,.pdf,1024,768,1.3333,slide,
CS2270_-_University_of_Missouri,30_lec_30_graph_coding.pdf,.pdf,1024,768,1.3333,slide,
CS2270_-_University_of_Missouri,31_lec_31_graph_coding_2.pdf,.pdf,1024,768,1.3333,slide,
CS2270_-_University_of_Missouri,32_lec_32_dags.pdf,.pdf,1024,768,1.3333,slide,
CS2270_-_University_of_Missouri,33_lec_33_dijkstras_algo_help.pdf,.pdf,1024,768,1.3333,slide,
CS2270_-_University_of_Missouri,34_lec_34_fsm.pdf,.pdf,1024,768,1.3333,slide,
CS2270_-_University_of_Missouri,35_lec_35_memory_fsm_game.pdf,.pdf,1024,768,1.3333,slide,
CS2270_-_University_of_Missouri,36_lec_36_object_coding.pdf,.pdf,1024,768,1.3333,slide,
CS2270_-_University_of_Missouri,37_lec_37_design_experiment.pdf,.pdf,1024,768,1.3333,slide,
CS2270_-_University_of_Missouri,38_lec_38_artificial_intelligencee_overview.pdf,.pdf,1024,768,1.3333,slide,
CS2270_-_University_of_Missouri,39_lec_39_artificial_intelligencee_details.pdf,.pdf,1024,768,1.3333,slide,
CS2270_-_University_of_Missouri,3_lec_3_linked_lists.pdf,.pdf,1024,768,1.3333,slide,
CS2270_-_University_of_Missouri,40_lec_40_final_review_1.pdf,.pdf,1024,768,1.3333,slide,
CS2270_-_University_of_Missouri,41_lec_41_final_review_2.pdf,.pdf,1024,768,1.3333,slide,
CS2270_-_University_of_Missouri,42_Recursion.pdf,.pdf,792,612,1.2941,slide,
CS2270_-_University_of_Missouri,4_lec_4_linked_lists_2.pdf,.pdf,1024,768,1.3333,slide,
CS2270_-_University_of_Missouri,5_lec_5_debugging_bst_intro.pdf,.pdf,1024,768,1.3333,slide,
CS2270_-_University_of_Missouri,6_lec_6_recursion_bst_ops.pdf,.pdf,1024,768,1.3333,slide,
CS2270_-_University_of_Missouri,7_lec_7_recursion_complexity.pdf,.pdf,1024,768,1.3333,slide,
CS2270_-_University_of_Missouri,8_lec_8_recursion_complexity.pdf,.pdf,1024,768,1.3333,slide,
CS2270_-_University_of_Missouri,9_lec_9_sorting_algorithms.pdf,.pdf,1024,768,1.3333,slide,
CS2303_-_Worcester_Polytechnic_Institute,10_Week2_RecursionAndImplementation.ppt,.ppt,960,720,1.3333,slide,
CS2303_-_Worcester_Polytechnic_Institute,12_Week2_StringsArraysAndPointers.ppt,.ppt,960,720,1.3333,slide,
CS2303_-_Worcester_Polytechnic_Institute,14_Week2_StructuresEtc.ppt,.ppt,960,720,1.3333,slide,
CS2303_-_Worcester_Polytechnic_Institute,16_Week2_SymbolicConstants.ppt,.ppt,960,720,1.3333,slide,
CS2303_-_Worcester_Polytechnic_Institute,18_Week3_BinaryTrees.ppt,.ppt,960,720,1.3333,slide,
CS2303_-_Worcester_Polytechnic_Institute,20_Week3_BitFields.ppt,.ppt,960,720,1.3333,slide,
CS2303_-_Worcester_Polytechnic_Institute,22_Week3_CPreprocessor.ppt,.ppt,960,720,1.3333,slide,
CS2303_-_Worcester_Polytechnic_Institute,24_Week3_Files.ppt,.ppt,960,720,1.3333,slide,
CS2303_-_Worcester_Polytechnic_Institute,26_Week3_HashTables.ppt,.ppt,960,720,1.3333,slide,
CS2303_-_Worcester_Polytechnic_Institute,28_Week3_LinkedLists.ppt,.ppt,960,720,1.3333,slide,
CS2303_-_Worcester_Polytechnic_Institute,2_Week1_FunctionsAndInterfaces.ppt,.ppt,960,720,1.3333,slide,
CS2303_-_Worcester_Polytechnic_Institute,30_Week4_Classes.ppt,.ppt,960,720,1.3333,slide,
CS2303_-_Worcester_Polytechnic_Institute,32_Week4_IntroToCPlusPlus.ppt,.ppt,960,720,1.3333,slide,
CS2303_-_Worcester_Polytechnic_Institute,34_Week4_Miscellaneous.ppt,.ppt,960,720,1.3333,slide,
CS2303_-_Worcester_Polytechnic_Institute,36_Week5_DeeperClasses.ppt,.ppt,960,720,1.3333,slide,
CS2303_-_Worcester_Polytechnic_Institute,38_Week5_MoreClasses.ppt,.ppt,960,720,1.3333,slide,
CS2303_-_Worcester_Polytechnic_Institute,40_Week6_DerivedClasses.ppt,.ppt,960,720,1.3333,slide,
CS2303_-_Worcester_Polytechnic_Institute,42_Week6_MoreOperatorOverloading.ppt,.ppt,960,720,1.3333,slide,
CS2303_-_Worcester_Polytechnic_Institute,44_Week6_OperatorOverloading.ppt,.ppt,960,720,1.3333,slide,
CS2303_-_Worcester_Polytechnic_Institute,46_Week6_Polymorphism.ppt,.ppt,960,720,1.3333,slide,
CS2303_-_Worcester_Polytechnic_Institute,48_Week7_ExceptionHandling.ppt,.ppt,960,720,1.3333,slide,
CS2303_-_Worcester_Polytechnic_Institute,4_Week1_Loop_Invariants.ppt,.ppt,960,720,1.3333,slide,
CS2303_-_Worcester_Polytechnic_Institute,50_Week7_Templates.ppt,.ppt,960,720,1.3333,slide,
CS2303_-_Worcester_Polytechnic_Institute,52_Week7_UnderTheHood.ppt,.ppt,960,720,1.3333,slide,
CS2303_-_Worcester_Polytechnic_Institute,54_Week0_Differences.ppt,.ppt,960,720,1.3333,slide,
CS2303_-_Worcester_Polytechnic_Institute,56_Week0_IntroContinued.ppt,.ppt,960,720,1.3333,slide,
CS2303_-_Worcester_Polytechnic_Institute,58_Week0_Introduction.ppt,.ppt,960,720,1.3333,slide,
CS2303_-_Worcester_Polytechnic_Institute,6_Week1_ScopeRulesAndStorage.ppt,.ppt,960,720,1.3333,slide,
CS2303_-_Worcester_Polytechnic_Institute,8_Week2_ArraysInC.ppt,.ppt,960,720,1.3333,slide,
CS291_-_York_College,10_index.pdf,.pdf,682,511,1.3346,slide,
CS291_-_York_College,11_index.pdf,.pdf,682,511,1.3346,slide,
CS291_-_York_College,1_index.pdf,.pdf,682,511,1.3346,slide,
CS291_-_York_College,2_index.pdf,.pdf,682,511,1.3346,slide,
CS291_-_York_College,3_index.pdf,.pdf,682,511,1.3346,slide,
CS291_-_York_College,4_index.pdf,.pdf,682,511,1.3346,slide,
CS291_-_York_College,5_index.pdf,.pdf,682,511,1.3346,slide,
CS291_-_York_College,6_index.pdf,.pdf,682,511,1.3346,slide,
CS291_-_York_College,7_index.pdf,.pdf,682,511,1.3346,slide,
CS291_-_York_College,8_index.pdf,.pdf,682,511,1.3346,slide,
CS291_-_York_College,9_index.pdf,.pdf,682,511,1.3346,slide,
CS2DM3_-_McMaster_University,10_February_6.pdf,.pdf,612,792,0.7727,document,
CS2DM3_-_McMaster_University,11_February_11.pdf,.pdf,612,792,0.7727,document,
CS2DM3_-_McMaster_University,12_February_13.pdf,.pdf,612,792,0.7727,document,
CS2DM3_-_McMaster_University,13_February_25.pdf,.pdf,612,792,0.7727,document,
CS2DM3_-_McMaster_University,14_February_27.pdf,.pdf,612,792,0.7727,document,
CS2DM3_-_McMaster_University,15_March_3.pdf,.pdf,612,792,0.7727,document,
CS2DM3_-_McMaster_University,16_March_5.pdf,.pdf,612,792,0.7727,document,
CS2DM3_-_McMaster_University,17_March_10.pdf,.pdf,612,792,0.7727,document,
CS2DM3_-_McMaster_University,18_March_12.pdf,.pdf,612,792,0.7727,document,
CS2DM3_-_McMaster_University,1_January_7.pdf,.pdf,612,792,0.7727,document,
CS2DM3_-_McMaster_University,2_January_9.pdf,.pdf,612,792,0.7727,document,
CS2DM3_-_McMaster_University,3_January_14.pdf,.pdf,612,792,0.7727,document,
CS2DM3_-_McMaster_University,4_January_16.pdf,.pdf,612,792,0.7727,document,
CS2DM3_-_McMaster_University,5_January_21.pdf,.pdf,612,792,0.7727,document,
CS2DM3_-_McMaster_University,6_January_23.pdf,.pdf,612,792,0.7727,document,
CS2DM3_-_McMaster_University,7_January_28.pdf,.pdf,612,792,0.7727,document,
CS2DM3_-_McMaster_University,8_January_30.pdf,.pdf,612,792,0.7727,document,
CS2DM3_-_McMaster_University,9_February_4.pdf,.pdf,612,792,0.7727,document,
CS3003_-_University_of_Cincinnati,10_music5.pdf,.pdf,612,792,0.7727,document,
CS3003_-_University_of_Cincinnati,11_1330_wk6.pdf,.pdf,960,540,1.7778,slide,
CS3003_-_University_of_Cincinnati,12_music6.pdf,.pdf,612,792,0.7727,document,
CS3003_-_University_of_Cincinnati,13_music7.pdf,.pdf,612,792,0.7727,document,
CS3003_-_University_of_Cincinnati,14_music8.pdf,.pdf,612,792,0.7727,document,
CS3003_-_University_of_Cincinnati,15_4633_egypitian_art_not_compliant.pdf,.pdf,960,540,1.7778,slide,
CS3003_-_University_of_Cincinnati,16_aging_at_home.pdf,.pdf,960,540,1.7778,slide,
CS3003_-_University_of_Cincinnati,17_brain_nutrition.pdf,.pdf,960,540,1.7778,slide,
CS3003_-_University_of_Cincinnati,18_egypt_q_a.pdf,.pdf,612,792,0.7727,document,
CS3003_-_University_of_Cincinnati,19_library.pdf,.pdf,960,540,1.7778,slide,
CS3003_-_University_of_Cincinnati,1_1330_wk1.pdf,.pdf,960,540,1.7778,slide,
CS3003_-_University_of_Cincinnati,20_vision.pdf,.pdf,960,540,1.7778,slide,
CS3003_-_University_of_Cincinnati,2_music1_2.pdf,.pdf,612,792,0.7727,document,
CS3003_-_University_of_Cincinnati,3_1330_wk2.pdf,.pdf,960,540,1.7778,slide,
CS3003_-_University_of_Cincinnati,4_music2.pdf,.pdf,612,792,0.7727,document,
CS3003_-_University_of_Cincinnati,5_1330_wk3.pdf,.pdf,960,540,1.7778,slide,
CS3003_-_University_of_Cincinnati,6_music3.pdf,.pdf,612,792,0.7727,document,
CS3003_-_University_of_Cincinnati,7_1330_wk4.pdf,.pdf,960,540,1.7778,slide,
CS3003_-_University_of_Cincinnati,8_music4.pdf,.pdf,612,792,0.7727,document,
CS3003_-_University_of_Cincinnati,9_1330_wk5.pdf,.pdf,960,540,1.7778,slide,
CS3013_-_Worcester_Polytechnic_Institute,10_Section05-Scheduling.ppt,.ppt,960,720,1.3333,slide,
CS3013_-_Worcester_Polytechnic_Institute,11_Section05-SystemOverview.pdf,.pdf,792,612,1.2941,slide,
CS3013_-_Worcester_Polytechnic_Institute,12_Section05-SystemOverview.ppt,.ppt,960,720,1.3333,slide,
CS3013_-_Worcester_Polytechnic_Institute,13_Section06-Sync.pdf,.pdf,792,612,1.2941,slide,
CS3013_-_Worcester_Polytechnic_Institute,14_Section06-Sync.ppt,.ppt,960,720,1.3333,slide,
CS3013_-_Worcester_Polytechnic_Institute,15_Section07-Deadlocks.pdf,.pdf,792,612,1.2941,slide,
CS3013_-_Worcester_Polytechnic_Institute,16_Section07-Deadlocks.ppt,.ppt,960,720,1.3333,slide,
CS3013_-_Worcester_Polytechnic_Institute,17_Section08-Memory_Management.pdf,.pdf,792,612,1.2941,slide,
CS3013_-_Worcester_Polytechnic_Institute,18_Section08-Memory_Management.ppt,.ppt,960,720,1.3333,slide,
CS3013_-_Worcester_Polytechnic_Institute,19_Section09-Virtual_Memory.pdf,.pdf,792,612,1.2941,slide,
CS3013_-_Worcester_Polytechnic_Institute,1_Section01-Overview.pdf,.pdf,792,612,1.2941,slide,
CS3013_-_Worcester_Polytechnic_Institute,20_Section09-Virtual_Memory.ppt,.ppt,960,720,1.3333,slide,
CS3013_-_Worcester_Polytechnic_Institute,21_Section09.1-Intel.pdf,.pdf,792,612,1.2941,slide,
CS3013_-_Worcester_Polytechnic_Institute,22_Section09.1-Intel.ppt,.ppt,960,720,1.3333,slide,
CS3013_-_Worcester_Polytechnic_Institute,23_Section10-File_Systems.pdf,.pdf,792,612,1.2941,slide,
CS3013_-_Worcester_Polytechnic_Institute,24_Section10-File_Systems.ppt,.ppt,960,720,1.3333,slide,
CS3013_-_Worcester_Polytechnic_Institute,25_Section12-IO_Systems.pdf,.pdf,792,612,1.2941,slide,
CS3013_-_Worcester_Polytechnic_Institute,26_Section12-IO_Systems.ppt,.ppt,960,720,1.3333,slide,
CS3013_-_Worcester_Polytechnic_Institute,2_Section01-Overview.ppt,.ppt,960,720,1.3333,slide,
CS3013_-_Worcester_Polytechnic_Institute,3_Section02-Structures.pdf,.pdf,792,612,1.2941,slide,
CS3013_-_Worcester_Polytechnic_Institute,4_Section02-Structures.ppt,.ppt,960,720,1.3333,slide,
CS3013_-_Worcester_Polytechnic_Institute,5_Section03-Processes.pdf,.pdf,792,612,1.2941,slide,
CS3013_-_Worcester_Polytechnic_Institute,6_Section03-Processes.ppt,.ppt,960,720,1.3333,slide,
CS3013_-_Worcester_Polytechnic_Institute,7_Section04-Threads.pdf,.pdf,792,612,1.2941,slide,
CS3013_-_Worcester_Polytechnic_Institute,8_Section04-Threads.ppt,.ppt,960,720,1.3333,slide,
CS3013_-_Worcester_Polytechnic_Institute,9_Section05-Scheduling.pdf,.pdf,792,612,1.2941,slide,
CS3043_-_Worcester_Polytechnic_Institute,10_10_Professional_Ethics.pptx,.pptx,960,540,1.7778,slide,
CS3043_-_Worcester_Polytechnic_Institute,11_11_Livelihood.pptx,.pptx,960,540,1.7778,slide,
CS3043_-_Worcester_Polytechnic_Institute,12_12_Student_Choice.pptx,.pptx,960,540,1.7778,slide,
CS3043_-_Worcester_Polytechnic_Institute,13_13_Last_Days.pptx,.pptx,960,540,1.7778,slide,
CS3043_-_Worcester_Polytechnic_Institute,14_14_Last_Day.pptx,.pptx,960,540,1.7778,slide,
CS3043_-_Worcester_Polytechnic_Institute,15_Presentation_Template.pptx,.pptx,960,540,1.7778,slide,
CS3043_-_Worcester_Polytechnic_Institute,1_01-Introduction.pptx,.pptx,960,540,1.7778,slide,
CS3043_-_Worcester_Polytechnic_Institute,2_02_Critical_Thinking.pptx,.pptx,960,540,1.7778,slide,
CS3043_-_Worcester_Polytechnic_Institute,3_03_Ethics.pptx,.pptx,960,540,1.7778,slide,
CS3043_-_Worcester_Polytechnic_Institute,4_04_Communication.pptx,.pptx,960,540,1.7778,slide,
CS3043_-_Worcester_Polytechnic_Institute,5_05_Intellectual_Property.pptx,.pptx,960,540,1.7778,slide,
CS3043_-_Worcester_Polytechnic_Institute,6_06_Information_Privacy.pptx,.pptx,960,540,1.7778,slide,
CS3043_-_Worcester_Polytechnic_Institute,7_07_Privacy_and_Government.pptx,.pptx,960,540,1.7778,slide,
CS3043_-_Worcester_Polytechnic_Institute,8_08_Security.pptx,.pptx,960,540,1.7778,slide,
CS3043_-_Worcester_Polytechnic_Institute,9_09_Reliability.pptx,.pptx,960,540,1.7778,slide,
CS3110_-_California_State_Polytechnic_University_Pomona,10_lecture10.pdf,.pdf,768,576,1.3333,slide,
CS3110_-_California_State_Polytechnic_University_Pomona,11_lecture11.pdf,.pdf,768,576,1.3333,slide,
CS3110_-_California_State_Polytechnic_University_Pomona,12_lecture12.pdf,.pdf,768,576,1.3333,slide,
CS3110_-_California_State_Polytechnic_University_Pomona,13_lecture13.pdf,.pdf,768,576,1.3333,slide,
CS3110_-_California_State_Polytechnic_University_Pomona,14_lecture14.pdf,.pdf,768,576,1.3333,slide,
CS3110_-_California_State_Polytechnic_University_Pomona,15_lecture15.pdf,.pdf,768,576,1.3333,slide,
CS3110_-_California_State_Polytechnic_University_Pomona,17_presentation2.pdf,.pdf,768,576,1.3333,slide,
CS3110_-_California_State_Polytechnic_University_Pomona,18_presentation3.pdf,.pdf,768,576,1.3333,slide,
CS3110_-_California_State_Polytechnic_University_Pomona,19_presentation4.pdf,.pdf,768,576,1.3333,slide,
CS3110_-_California_State_Polytechnic_University_Pomona,1_lecture1.pdf,.pdf,768,576,1.3333,slide,
CS3110_-_California_State_Polytechnic_University_Pomona,20_presentation5.pdf,.pdf,768,576,1.3333,slide,
CS3110_-_California_State_Polytechnic_University_Pomona,2_lecture2.pdf,.pdf,768,576,1.3333,slide,
CS3110_-_California_State_Polytechnic_University_Pomona,3_lecture3.pdf,.pdf,682,511,1.3346,slide,
CS3110_-_California_State_Polytechnic_University_Pomona,4_lecture4.pdf,.pdf,768,576,1.3333,slide,
CS3110_-_California_State_Polytechnic_University_Pomona,5_lecture5.pdf,.pdf,768,576,1.3333,slide,
CS3110_-_California_State_Polytechnic_University_Pomona,6_lecture6.pdf,.pdf,768,576,1.3333,slide,
CS3110_-_California_State_Polytechnic_University_Pomona,7_lecture7.pdf,.pdf,768,576,1.3333,slide,
CS3110_-_California_State_Polytechnic_University_Pomona,8_lecture8.pdf,.pdf,768,576,1.3333,slide,
CS3110_-_California_State_Polytechnic_University_Pomona,9_lecture9.pdf,.pdf,768,576,1.3333,slide,
CS3130_-_University_of_Utah,10_L10-JointDiscreteRandomVariables.pdf,.pdf,612,792,0.7727,document,
CS3130_-_University_of_Utah,11_L11-JointContinuousRandomVariables.pdf,.pdf,612,792,0.7727,document,
CS3130_-_University_of_Utah,12_L12-CovarianceCorrelation.pdf,.pdf,612,792,0.7727,document,
CS3130_-_University_of_Utah,13_L13-IntroToStats.pdf,.pdf,363,273,1.3297,slide,
CS3130_-_University_of_Utah,14_L14-Estimation.pdf,.pdf,612,792,0.7727,document,
CS3130_-_University_of_Utah,15_L15-ConfidenceIntervals.pdf,.pdf,612,792,0.7727,document,
CS3130_-_University_of_Utah,16_L16-HypothesisTests1.pdf,.pdf,612,792,0.7727,document,
CS3130_-_University_of_Utah,17_L00-Introduction.pdf,.pdf,363,273,1.3297,slide,
CS3130_-_University_of_Utah,18_ProblemSession.pdf,.pdf,612,792,0.7727,document,
CS3130_-_University_of_Utah,1_L01-ProbabilityBasics.pdf,.pdf,363,273,1.3297,slide,
CS3130_-_University_of_Utah,2_L02-ConditionalProbability.pdf,.pdf,612,792,0.7727,document,
CS3130_-_University_of_Utah,3_L03-TotalProbability.pdf,.pdf,612,792,0.7727,document,
CS3130_-_University_of_Utah,4_L04-Independence.pdf,.pdf,612,792,0.7727,document,
CS3130_-_University_of_Utah,5_L05-BayesRule.pdf,.pdf,612,792,0.7727,document,
CS3130_-_University_of_Utah,6_L06-DiscreteRandomVariables.pdf,.pdf,612,792,0.7727,document,
CS3130_-_University_of_Utah,7_L07-BernoulliBinomialGeometric.pdf,.pdf,612,792,0.7727,document,
CS3130_-_University_of_Utah,8_L08-ContinuousRandomVariables.pdf,.pdf,612,792,0.7727,document,
CS3130_-_University_of_Utah,9_L09-ExpectationVariance.pdf,.pdf,612,792,0.7727,document,
CS3353_-_Oklahoma_State_University,10_CS3353_Lecture_10_Recursive_Fall_2022.pdf,.pdf,720,540,1.3333,slide,
CS3353_-_Oklahoma_State_University,11_CS3353_Lecture_11_Tree_Fall_2022.pdf,.pdf,720,540,1.3333,slide,
CS3353_-_Oklahoma_State_University,12_CS3353_Lecture_12_Tree_Fall_2022.pdf,.pdf,720,540,1.3333,slide,
CS3353_-_Oklahoma_State_University,13_CS3353_Lecture_13_Tree_Fall_2022.pdf,.pdf,720,540,1.3333,slide,
CS3353_-_Oklahoma_State_University,14_CS3353_Lecture_14_Tree_Fall_2022.pdf,.pdf,720,540,1.3333,slide,
CS3353_-_Oklahoma_State_University,15_CS3353_Lecture_15_Multiway_Tree_Fall_2022.pdf,.pdf,720,540,1.3333,slide,
CS3353_-_Oklahoma_State_University,16_CS3353_Lecture_16_Graph_Fall_2022.pdf,.pdf,720,540,1.3333,slide,
CS3353_-_Oklahoma_State_University,17_CS3353_Lecture_17_Graph_Fall_2022.pdf,.pdf,720,540,1.3333,slide,
CS3353_-_Oklahoma_State_University,18_CS3353_Lecture_18_Graph_Fall_2022.pdf,.pdf,720,540,1.3333,slide,
CS3353_-_Oklahoma_State_University,19_CS3353_Lecture_19_Sorting_Fall_2022.pdf,.pdf,720,540,1.3333,slide,
CS3353_-_Oklahoma_State_University,1_CS3353_Lecture_01_Intro_Fall_2022.pdf,.pdf,720,540,1.3333,slide,
CS3353_-_Oklahoma_State_University,20_CS3353_Lecture_20_Sorting_Fall_2022.pdf,.pdf,720,540,1.3333,slide,
CS3353_-_Oklahoma_State_University,21_CS3353_Lecture_21_Hashing_Fall_2022.pdf,.pdf,720,540,1.3333,slide,
CS3353_-_Oklahoma_State_University,2_CS3353_Lecture_02_Complex_Fall_2022.pdf,.pdf,720,540,1.3333,slide,
CS3353_-_Oklahoma_State_University,3_CS3353_Lecture_03_Link_Fall_2022.pdf,.pdf,720,540,1.3333,slide,
CS3353_-_Oklahoma_State_University,4_CS3353_Lecture_04_Link_Fall_2022.pdf,.pdf,720,540,1.3333,slide,
CS3353_-_Oklahoma_State_University,5_CS3353_Lecture_05_Link_Fall_2022.pdf,.pdf,720,540,1.3333,slide,
CS3353_-_Oklahoma_State_University,6_CS3353_Lecture_06_Link_Fall_2022.pdf,.pdf,720,540,1.3333,slide,
CS3353_-_Oklahoma_State_University,7_CS3353_Lecture_07_Stack_Q_Fall_2022.pdf,.pdf,720,540,1.3333,slide,
CS3353_-_Oklahoma_State_University,8_CS3353_Lecture_08_Stack_Q_Fall_2022.pdf,.pdf,720,540,1.3333,slide,
CS3353_-_Oklahoma_State_University,9_CS3353_Lecture_09_Recursive_Fall_2022.pdf,.pdf,720,540,1.3333,slide,
CS340_-_Queens_College,10_CS-340_Lecture_05_-_Reliable_Transport.pptx,.pptx,1280,720,1.7778,slide,
CS340_-_Queens_College,11_CS-340_Lecture_06_-_TCP.pdf,.pdf,960,540,1.7778,slide,
CS340_-_Queens_College,12_CS-340_Lecture_06_-_TCP.pptx,.pptx,1280,720,1.7778,slide,
CS340_-_Queens_College,13_CS-340_Lecture_07_-_TCP_Congestion_Control.pdf,.pdf,960,540,1.7778,slide,
CS340_-_Queens_College,14_CS-340_Lecture_07_-_TCP_Congestion_Control.pptx,.pptx,1280,720,1.7778,slide,
CS340_-_Queens_College,15_CS-340_Lecture_08_-_IPv4_Addressing.pdf,.pdf,960,540,1.7778,slide,
CS340_-_Queens_College,16_CS-340_Lecture_08_-_IPv4_Addressing.pptx,.pptx,1280,720,1.7778,slide,
CS340_-_Queens_College,17_CS-340_Lecture_09_-_NAT_and_IPv6.pdf,.pdf,960,540,1.7778,slide,
CS340_-_Queens_College,18_CS-340_Lecture_09_-_NAT_and_IPv6.pptx,.pptx,1280,720,1.7778,slide,
CS340_-_Queens_College,19_CS-340_Lecture_10_-_Router_Internals_and_Routing_Algorithms.pdf,.pdf,960,540,1.7778,slide,
CS340_-_Queens_College,1_CS-340_Lecture_01_-_Introduction.pdf,.pdf,960,540,1.7778,slide,
CS340_-_Queens_College,20_CS-340_Lecture_10_-_Router_Internals_and_Routing_Algorithms.pptx,.pptx,1280,720,1.7778,slide,
CS340_-_Queens_College,21_CS-340_Lecture_11_-_BGP_Routing.pdf,.pdf,960,540,1.7778,slide,
CS340_-_Queens_College,22_CS-340_Lecture_11_-_BGP_Routing.pptx,.pptx,1280,720,1.7778,slide,
CS340_-_Queens_College,23_CS-340_Lecture_12_-_Broadcast.pdf,.pdf,960,540,1.7778,slide,
CS340_-_Queens_College,24_CS-340_Lecture_12_-_Broadcast.pptx,.pptx,1280,720,1.7778,slide,
CS340_-_Queens_College,25_CS-340_Lecture_13_-_Medium_Access_Control.pdf,.pdf,960,540,1.7778,slide,
CS340_-_Queens_College,26_CS-340_Lecture_13_-_Medium_Access_Control.pptx,.pptx,1280,720,1.7778,slide,
CS340_-_Queens_College,27_CS-340_Lecture_14_-_Ethernet.pdf,.pdf,960,540,1.7778,slide,
CS340_-_Queens_College,28_CS-340_Lecture_14_-_Ethernet.pptx,.pptx,1280,720,1.7778,slide,
CS340_-_Queens_College,29_CS-340_Lecture_15_-_Encryption_and_Anonymity.pdf,.pdf,960,540,1.7778,slide,
CS340_-_Queens_College,2_CS-340_Lecture_01_-_Introduction.pptx,.pptx,1280,720,1.7778,slide,
CS340_-_Queens_College,30_CS-340_Lecture_15_-_Encryption_and_Anonymity.pptx,.pptx,1280,720,1.7778,slide,
CS340_-_Queens_College,31_CS-340_Lecture_16_-_Authentication.pdf,.pdf,960,540,1.7778,slide,
CS340_-_Queens_College,32_CS-340_Lecture_16_-_Authentication.pptx,.pptx,1280,720,1.7778,slide,
CS340_-_Queens_College,33_CS-340_Lecture_17_-_Mobility.pdf,.pdf,960,540,1.7778,slide,
CS340_-_Queens_College,34_CS-340_Lecture_17_-_Mobility.pptx,.pptx,1280,720,1.7778,slide,
CS340_-_Queens_College,35_CS-340_Lecture_18_-_QUIC_and_Course_Review.pdf,.pdf,960,540,1.7778,slide,
CS340_-_Queens_College,36_CS-340_Lecture_18_-_QUIC_and_Course_Review.pptx,.pptx,1280,720,1.7778,slide,
CS340_-_Queens_College,3_CS-340_Lecture_02_-_The_Internet_core_and_Layering.pdf,.pdf,960,540,1.7778,slide,
CS340_-_Queens_College,4_CS-340_Lecture_02_-_The_Internet_core_and_Layering.pptx,.pptx,1280,720,1.7778,slide,
CS340_-_Queens_College,5_CS-340_Lecture_03_-_Application-layer_protocols_HTTP.pdf,.pdf,960,540,1.7778,slide,
CS340_-_Queens_College,6_CS-340_Lecture_03_-_Application-layer_protocols_HTTP.pptx,.pptx,1280,720,1.7778,slide,
CS340_-_Queens_College,7_CS-340_Lecture_04_-_Domain_Name_Service.pdf,.pdf,960,540,1.7778,slide,
CS340_-_Queens_College,8_CS-340_Lecture_04_-_Domain_Name_Service.pptx,.pptx,1280,720,1.7778,slide,
CS340_-_Queens_College,9_CS-340_Lecture_05_-_Reliable_Transport.pdf,.pdf,960,540,1.7778,slide,
CS344_-_Queens_College,1_CS344_Lesson1_Slides.pdf,.pdf,612,792,0.7727,document,
CS344_-_Queens_College,2_CS344_Lesson2_Slides.pdf,.pdf,612,792,0.7727,document,
CS344_-_Queens_College,3_CS344_Lesson3_Slides.pdf,.pdf,612,792,0.7727,document,
CS344_-_Queens_College,4_CS344_Lesson4_Slides.pdf,.pdf,612,792,0.7727,document,
CS344_-_Queens_College,5_CS344_Lesson5_Slides.pdf,.pdf,612,792,0.7727,document,
CS344_-_Queens_College,6_CS344_Lesson6.1_Slides.pdf,.pdf,612,792,0.7727,document,
CS344_-_Queens_College,7_CS344_Lesson6.2_Slides.pdf,.pdf,612,792,0.7727,document,
CS344_-_Queens_College,8_CS344_Lesson7.1_Slides.pdf,.pdf,612,792,0.7727,document,
CS344_-_Queens_College,9_CS344_Lesson7.2_Slides.pdf,.pdf,612,792,0.7727,document,
CS3510_-_Georgia_Institute_of_Technology,10_Lec10_0621_v2.pdf,.pdf,960,540,1.7778,slide,
CS3510_-_Georgia_Institute_of_Technology,11_Lec11_0623.pdf,.pdf,960,540,1.7778,slide,
CS3510_-_Georgia_Institute_of_Technology,12_Lec12_0628.pdf,.pdf,960,540,1.7778,slide,
CS3510_-_Georgia_Institute_of_Technology,13_Lec13_0630.pdf,.pdf,960,540,1.7778,slide,
CS3510_-_Georgia_Institute_of_Technology,14_Lec14_0712.pdf,.pdf,960,540,1.7778,slide,
CS3510_-_Georgia_Institute_of_Technology,15_Lec15_0714.pdf,.pdf,960,540,1.7778,slide,
CS3510_-_Georgia_Institute_of_Technology,16_Lec16_0719.pdf,.pdf,960,540,1.7778,slide,
CS3510_-_Georgia_Institute_of_Technology,17_Lec17_0721.pdf,.pdf,960,540,1.7778,slide,
CS3510_-_Georgia_Institute_of_Technology,18_Lec18_0726.pdf,.pdf,960,540,1.7778,slide,
CS3510_-_Georgia_Institute_of_Technology,1_Lec01_0517.pdf,.pdf,960,540,1.7778,slide,
CS3510_-_Georgia_Institute_of_Technology,2_Lec02_0519.pdf,.pdf,960,540,1.7778,slide,
CS3510_-_Georgia_Institute_of_Technology,3_Lec03_0524.pdf,.pdf,960,540,1.7778,slide,
CS3510_-_Georgia_Institute_of_Technology,4_Lec04_0526.pdf,.pdf,960,540,1.7778,slide,
CS3510_-_Georgia_Institute_of_Technology,5_Lec05_0531.pdf,.pdf,960,540,1.7778,slide,
CS3510_-_Georgia_Institute_of_Technology,6_Lec06_0602.pdf,.pdf,960,540,1.7778,slide,
CS3510_-_Georgia_Institute_of_Technology,7_Lec07_0607.pdf,.pdf,960,540,1.7778,slide,
CS3510_-_Georgia_Institute_of_Technology,8_Lec08_0614_v2.pdf,.pdf,960,540,1.7778,slide,
CS3510_-_Georgia_Institute_of_Technology,9_Lec09_0616_v2.pdf,.pdf,960,540,1.7778,slide,
CS371_-_Duke_University,10_L10_DecisionTrees.pdf,.pdf,363,273,1.3297,slide,
CS371_-_Duke_University,11_L11_RandomForests.pdf,.pdf,363,273,1.3297,slide,
CS371_-_Duke_University,12_L12_NeuralNets.pdf,.pdf,363,273,1.3297,slide,
CS371_-_Duke_University,13_L13_CNNTraining.pdf,.pdf,363,273,1.3297,slide,
CS371_-_Duke_University,14_L14_Closing.pdf,.pdf,363,273,1.3297,slide,
CS371_-_Duke_University,1_L01_DataFitting.pdf,.pdf,363,273,1.3297,slide,
CS371_-_Duke_University,2_L02_IntroToML.pdf,.pdf,363,273,1.3297,slide,
CS371_-_Duke_University,3_L03_NearestNeighbors.pdf,.pdf,363,273,1.3297,slide,
CS371_-_Duke_University,4_L04_Optimization.pdf,.pdf,363,273,1.3297,slide,
CS371_-_Duke_University,5_L05_LinearPredictors.pdf,.pdf,363,273,1.3297,slide,
CS371_-_Duke_University,6_L06_Validation.pdf,.pdf,363,273,1.3297,slide,
CS371_-_Duke_University,7_L07_ConvexProgramming.pdf,.pdf,363,273,1.3297,slide,
CS371_-_Duke_University,8_L08_SVM.pdf,.pdf,363,273,1.3297,slide,
CS371_-_Duke_University,9_L09_Kernels.pdf,.pdf,363,273,1.3297,slide,
CS402_-_Binghamton_University,10_jYt4BH-cs402-slide08-handout.pdf,.pdf,363,273,1.3297,slide,
CS402_-_Binghamton_University,11_cs402-slide09-handout.pdf,.pdf,363,273,1.3297,slide,
CS402_-_Binghamton_University,12_cs402-slide10-handout.pdf,.pdf,363,273,1.3297,slide,
CS402_-_Binghamton_University,13_cs402-slide11-handout.pdf,.pdf,363,273,1.3297,slide,
CS402_-_Binghamton_University,14_God.pdf,.pdf,612,792,0.7727,document,
CS402_-_Binghamton_University,15_cw1.pdf,.pdf,596,842,0.7078,document,
CS402_-_Binghamton_University,1_cs402-slide01.pdf,.pdf,1024,768,1.3333,slide,
CS402_-_Binghamton_University,2_cs402-slide02.pdf,.pdf,1024,768,1.3333,slide,
CS402_-_Binghamton_University,3_cs402-slide03.pdf,.pdf,363,273,1.3297,slide,
CS402_-_Binghamton_University,4_cs402-slide04.pdf,.pdf,363,273,1.3297,slide,
CS402_-_Binghamton_University,5_cs402-slide05.pdf,.pdf,363,273,1.3297,slide,
CS402_-_Binghamton_University,6_cs402-slide06.pdf,.pdf,363,273,1.3297,slide,
CS402_-_Binghamton_University,7_cs402-slide07.pdf,.pdf,1024,768,1.3333,slide,
CS402_-_Binghamton_University,8_cs402-slide08-handout-ver.2.pdf,.pdf,363,273,1.3297,slide,
CS402_-_Binghamton_University,9_cs402-slide08-handout.pdf,.pdf,363,273,1.3297,slide,
CS4220_-_Georgia_Institute_of_Technology,10_lec10-mpiprimitives.pdf,.pdf,1920,1080,1.7778,slide,
CS4220_-_Georgia_Institute_of_Technology,11_lec11-bitonicsort.pdf,.pdf,1920,1080,1.7778,slide,
CS4220_-_Georgia_Institute_of_Technology,12_lec12-samplesort-1.pdf,.pdf,1920,1080,1.7778,slide,
CS4220_-_Georgia_Institute_of_Technology,13_lec13-embeddings.pdf,.pdf,1920,1080,1.7778,slide,
CS4220_-_Georgia_Institute_of_Technology,14_lec14-densematrix.pdf,.pdf,1920,1080,1.7778,slide,
CS4220_-_Georgia_Institute_of_Technology,15_lec15-densematrix2.pdf,.pdf,1920,1080,1.7778,slide,
CS4220_-_Georgia_Institute_of_Technology,16_lec16-mpitopologies.pdf,.pdf,1920,1080,1.7778,slide,
CS4220_-_Georgia_Institute_of_Technology,17_lec17-fft.pdf,.pdf,1920,1080,1.7778,slide,
CS4220_-_Georgia_Institute_of_Technology,18_lec18-nbody.pdf,.pdf,1920,1080,1.7778,slide,
CS4220_-_Georgia_Institute_of_Technology,19_lec19-interconnects.pdf,.pdf,1920,1080,1.7778,slide,
CS4220_-_Georgia_Institute_of_Technology,1_lec1-intro.pdf,.pdf,1920,1080,1.7778,slide,
CS4220_-_Georgia_Institute_of_Technology,20_lec20-spmv.pdf,.pdf,1920,1080,1.7778,slide,
CS4220_-_Georgia_Institute_of_Technology,21_lec21-graphs.pdf,.pdf,1920,1080,1.7778,slide,
CS4220_-_Georgia_Institute_of_Technology,22_lec22-graphoptimization.pdf,.pdf,1920,1080,1.7778,slide,
CS4220_-_Georgia_Institute_of_Technology,2_lec2-parallel-analysis.pdf,.pdf,1920,1080,1.7778,slide,
CS4220_-_Georgia_Institute_of_Technology,3_lec3-mtalg.pdf,.pdf,1920,1080,1.7778,slide,
CS4220_-_Georgia_Institute_of_Technology,4_lec4-cache-pt1.pdf,.pdf,1920,1080,1.7778,slide,
CS4220_-_Georgia_Institute_of_Technology,5_lec5-cache-pt2.pdf,.pdf,1920,1080,1.7778,slide,
CS4220_-_Georgia_Institute_of_Technology,6_lec6-mpi.pdf,.pdf,1920,1080,1.7778,slide,
CS4220_-_Georgia_Institute_of_Technology,7_lec7-prefixsums.pdf,.pdf,1920,1080,1.7778,slide,
CS4220_-_Georgia_Institute_of_Technology,8_lec8-prefixapplications.pdf,.pdf,1920,1080,1.7778,slide,
CS4220_-_Georgia_Institute_of_Technology,9_lec9-commprimitives-1.pdf,.pdf,1920,1080,1.7778,slide,
CS445_-_Clarkson_University,10_Lecture_05_-_Light_and_Color_-_Online.pptx,.pptx,1280,720,1.7778,slide,
CS445_-_Clarkson_University,11_Lecture_06_-_Histograms_and_Color_Balancing_-_Online.pdf,.pdf,960,540,1.7778,slide,
CS445_-_Clarkson_University,12_Lecture_06_-_Histograms_and_Color_Balancing_-_Online.pptx,.pptx,1280,720,1.7778,slide,
CS445_-_Clarkson_University,13_Lecture_07_-_Texture_Synthesis_-_Online.pdf,.pdf,960,540,1.7778,slide,
CS445_-_Clarkson_University,14_Lecture_07_-_Texture_Synthesis_-_Online.pptx,.pptx,1280,720,1.7778,slide,
CS445_-_Clarkson_University,15_Lecture_08_-_Graphs_and_Cutting_Images_-_Online.pdf,.pdf,960,540,1.7778,slide,
CS445_-_Clarkson_University,16_Lecture_08_-_Graphs_and_Cutting_Images_-_Online.pptx,.pptx,1280,720,1.7778,slide,
CS445_-_Clarkson_University,17_Lecture_09_-_Blending_and_Compositing_-_Online.pdf,.pdf,960,540,1.7778,slide,
CS445_-_Clarkson_University,18_Lecture_09_-_Blending_and_Compositing_-_Online.pptx,.pptx,1280,720,1.7778,slide,
CS445_-_Clarkson_University,19_Lecture_10_-_Image_Warping_-_Online.pdf,.pdf,960,540,1.7778,slide,
CS445_-_Clarkson_University,1_Lecture_01_-_Introduction_-_Online.pdf,.pdf,960,540,1.7778,slide,
CS445_-_Clarkson_University,20_Lecture_10_-_Image_Warping_-_Online.pptx,.pptx,1280,720,1.7778,slide,
CS445_-_Clarkson_University,21_Lecture_11_-_Image_Morphing_-_Online.pdf,.pdf,960,540,1.7778,slide,
CS445_-_Clarkson_University,22_Lecture_11_-_Image_Morphing_-_Online.pptx,.pptx,1280,720,1.7778,slide,
CS445_-_Clarkson_University,23_Lecture_12_-_Pinhole_Camera_Model_-_Online.pdf,.pdf,960,540,1.7778,slide,
CS445_-_Clarkson_University,24_Lecture_12_-_Pinhole_Camera_Model_-_Online.pptx,.pptx,1280,720,1.7778,slide,
CS445_-_Clarkson_University,25_Lecture_13_-_Camera_Model_and_Single_View_Metrology_-_Online.pdf,.pdf,960,540,1.7778,slide,
CS445_-_Clarkson_University,26_Lecture_13_-_Camera_Model_and_Single_View_Metrology_-_Online.pptx,.pptx,1280,720,1.7778,slide,
CS445_-_Clarkson_University,27_Lecture_14_-_Single-view_3D_Reconstruction_-_Online.pdf,.pdf,960,540,1.7778,slide,
CS445_-_Clarkson_University,28_Lecture_14_-_Single-view_3D_Reconstruction_-_Online.pptx,.pptx,1280,720,1.7778,slide,
CS445_-_Clarkson_University,29_Lecture_15_-_Image-based_Lighting_-_Online.pdf,.pdf,960,540,1.7778,slide,
CS445_-_Clarkson_University,2_Lecture_01_-_Introduction_-_Online.pptx,.pptx,1280,720,1.7778,slide,
CS445_-_Clarkson_University,30_Lecture_15_-_Image-based_Lighting_-_Online.pptx,.pptx,1280,720,1.7778,slide,
CS445_-_Clarkson_University,31_Lecture_16_-_Image-based_Lighting_-_Online.pdf,.pdf,960,540,1.7778,slide,
CS445_-_Clarkson_University,32_Lecture_16_-_Image-based_Lighting_-_Online.pptx,.pptx,1280,720,1.7778,slide,
CS445_-_Clarkson_University,33_Lecture_17_-_Image_as_a_Virtual_Stage_-_Online.pdf,.pdf,960,540,1.7778,slide,
CS445_-_Clarkson_University,34_Lecture_17_-_Image_as_a_Virtual_Stage_-_Online.pptx,.pptx,1280,720,1.7778,slide,
CS445_-_Clarkson_University,35_Lecture_18_-_Interest_Points_-_Online.pdf,.pdf,960,540,1.7778,slide,
CS445_-_Clarkson_University,36_Lecture_18_-_Interest_Points_-_Online.pptx,.pptx,1280,720,1.7778,slide,
CS445_-_Clarkson_University,37_Lecture_19_-_Photo_Stitching_-_Online.pdf,.pdf,960,540,1.7778,slide,
CS445_-_Clarkson_University,38_Lecture_19_-_Photo_Stitching_-_Online.pptx,.pptx,1280,720,1.7778,slide,
CS445_-_Clarkson_University,39_Lecture_20_-_Object_Recognition_and_Augmented_Reality_-_Online.pdf,.pdf,960,540,1.7778,slide,
CS445_-_Clarkson_University,3_Lecture_02_-_Image_Filters_-_Online.pdf,.pdf,960,540,1.7778,slide,
CS445_-_Clarkson_University,40_Lecture_20_-_Object_Recognition_and_Augmented_Reality_-_Online.pptx,.pptx,1280,720,1.7778,slide,
CS445_-_Clarkson_University,41_Lecture_21_-_Opportunities_of_Scale_-_Online.pdf,.pdf,960,540,1.7778,slide,
CS445_-_Clarkson_University,42_Lecture_21_-_Opportunities_of_Scale_-_Online.pptx,.pptx,1280,720,1.7778,slide,
CS445_-_Clarkson_University,43_Lecture_22_-_Detecting_Fakes_-_Online.pdf,.pdf,960,540,1.7778,slide,
CS445_-_Clarkson_University,44_Lecture_22_-_Detecting_Fakes_-_Online.pptx,.pptx,1280,720,1.7778,slide,
CS445_-_Clarkson_University,45_Lecture_23_-_How_the_Kinect_Works_-_Online.pdf,.pdf,960,540,1.7778,slide,
CS445_-_Clarkson_University,46_Lecture_23_-_How_the_Kinect_Works_-_Online.pptx,.pptx,1280,720,1.7778,slide,
CS445_-_Clarkson_University,47_Lecture_24_-_Computational_Approaches_to_Cameras_-_Online.pdf,.pdf,960,540,1.7778,slide,
CS445_-_Clarkson_University,48_Lecture_24_-_Computational_Approaches_to_Cameras_-_Online.pptx,.pptx,1280,720,1.7778,slide,
CS445_-_Clarkson_University,49_Lecture_25_-_Understanding_Faces_-_Online.pdf,.pdf,960,540,1.7778,slide,
CS445_-_Clarkson_University,4_Lecture_02_-_Image_Filters_-_Online.pptx,.pptx,1280,720,1.7778,slide,
CS445_-_Clarkson_University,50_Lecture_25_-_Understanding_Faces_-_Online.pptx,.pptx,1280,720,1.7778,slide,
CS445_-_Clarkson_University,51_Lecture_26_-_Video_Magnification_-_Online.pdf,.pdf,960,540,1.7778,slide,
CS445_-_Clarkson_University,52_Lecture_26_-_Video_Magnification_-_Online.pptx,.pptx,1280,720,1.7778,slide,
CS445_-_Clarkson_University,53_Lecture_27_-_Last_Day_-_Online.pdf,.pdf,960,540,1.7778,slide,
CS445_-_Clarkson_University,54_Lecture_27_-_Last_Day_-_Online.pptx,.pptx,1280,720,1.7778,slide,
CS445_-_Clarkson_University,55_local_features_synthesis_draft.pdf,.pdf,612,792,0.7727,document,
CS445_-_Clarkson_University,5_Lecture_03_-_Thinking_in_Frequency_-_Online.pdf,.pdf,720,540,1.3333,slide,
CS445_-_Clarkson_University,6_Lecture_03_-_Thinking_in_Frequency_-_Online.pptx,.pptx,960,720,1.3333,slide,
CS445_-_Clarkson_University,7_Lecture_04_-_Filtering_Applications_-_Online.pdf,.pdf,960,540,1.7778,slide,
CS445_-_Clarkson_University,8_Lecture_04_-_Filtering_Applications_-_Online.pptx,.pptx,1280,720,1.7778,slide,
CS445_-_Clarkson_University,9_Lecture_05_-_Light_and_Color_-_Online.pdf,.pdf,960,540,1.7778,slide,
CS447_-_Clarkson_University,10_05_CS0447_Memory.pptx,.pptx,960,600,1.6,slide,
CS447_-_Clarkson_University,11_06_CS0447_Arrays.pdf,.pdf,720,450,1.6,slide,
CS447_-_Clarkson_University,12_06_CS0447_Arrays.pptx,.pptx,960,600,1.6,slide,
CS447_-_Clarkson_University,13_07_CS0447_Control_Flow.pdf,.pdf,720,450,1.6,slide,
CS447_-_Clarkson_University,14_07_CS0447_Control_Flow.pptx,.pptx,960,600,1.6,slide,
CS447_-_Clarkson_University,15_08_CS0447_Functions.pdf,.pdf,720,450,1.6,slide,
CS447_-_Clarkson_University,16_08_CS0447_Functions.pptx,.pptx,960,600,1.6,slide,
CS447_-_Clarkson_University,17_09_CS0447_The_Stack.pdf,.pdf,720,450,1.6,slide,
CS447_-_Clarkson_University,18_09_CS0447_The_Stack.pptx,.pptx,960,600,1.6,slide,
CS447_-_Clarkson_University,19_10_CS0447_Bitwise_Operations.pdf,.pdf,720,450,1.6,slide,
CS447_-_Clarkson_University,1_01_CS0447_Introduction.pdf,.pdf,720,450,1.6,slide,
CS447_-_Clarkson_University,20_10_CS0447_Bitwise_Operations.pptx,.pptx,960,600,1.6,slide,
CS447_-_Clarkson_University,21_11_CS0447_Bitfields.pdf,.pdf,720,450,1.6,slide,
CS447_-_Clarkson_University,22_11_CS0447_Bitfields.pptx,.pptx,960,600,1.6,slide,
CS447_-_Clarkson_University,23_12_CS0447_Logic_Basics.pdf,.pdf,720,450,1.6,slide,
CS447_-_Clarkson_University,24_12_CS0447_Logic_Basics.pptx,.pptx,960,600,1.6,slide,
CS447_-_Clarkson_University,25_13_CS0447_Binary_Arithmetic.pdf,.pdf,720,450,1.6,slide,
CS447_-_Clarkson_University,26_13_CS0447_Binary_Arithmetic.pptx,.pptx,960,600,1.6,slide,
CS447_-_Clarkson_University,27_14_CS0447_Plexers_And_Simple_Minimization.pdf,.pdf,720,450,1.6,slide,
CS447_-_Clarkson_University,28_14_CS0447_Plexers_And_Simple_Minimization.pptx,.pptx,960,600,1.6,slide,
CS447_-_Clarkson_University,29_15_CS0447_Logic_Minimization_and_K_Maps.pdf,.pdf,720,450,1.6,slide,
CS447_-_Clarkson_University,2_01_CS0447_Introduction.pptx,.pptx,960,600,1.6,slide,
CS447_-_Clarkson_University,30_15_CS0447_Logic_Minimization_and_K_Maps.pptx,.pptx,960,600,1.6,slide,
CS447_-_Clarkson_University,31_16_CS0447_Multiplication.pdf,.pdf,720,450,1.6,slide,
CS447_-_Clarkson_University,32_16_CS0447_Multiplication.pptx,.pptx,960,600,1.6,slide,
CS447_-_Clarkson_University,33_StackTerminology.pdf,.pdf,945,596,1.5856,slide,
CS447_-_Clarkson_University,34_StackTerminology.pptx,.pptx,1260,794,1.5869,slide,
CS447_-_Clarkson_University,3_02_CS0447_Architecture.pdf,.pdf,720,450,1.6,slide,
CS447_-_Clarkson_University,4_02_CS0447_Architecture.pptx,.pptx,960,600,1.6,slide,
CS447_-_Clarkson_University,5_03_CS0447_Data-Representation.pdf,.pdf,720,450,1.6,slide,
CS447_-_Clarkson_University,6_03_CS0447_Data-Representation.pptx,.pptx,960,600,1.6,slide,
CS447_-_Clarkson_University,7_04_CS0447_MIPS_Introduction.pdf,.pdf,720,450,1.6,slide,
CS447_-_Clarkson_University,8_04_CS0447_MIPS_Introduction.pptx,.pptx,960,600,1.6,slide,
CS447_-_Clarkson_University,9_05_CS0447_Memory.pdf,.pdf,720,450,1.6,slide,
CS449_-_University_of_Pittsburgh,10_04_CS449_Introduction-to-Memory.pptx,.pptx,1067,600,1.7783,slide,
CS449_-_University_of_Pittsburgh,11_05_CS449_Files-IO.pdf,.pdf,801,450,1.78,slide,
CS449_-_University_of_Pittsburgh,12_05_CS449_Files-IO.pptx,.pptx,1067,600,1.7783,slide,
CS449_-_University_of_Pittsburgh,13_06_CS449_Memory-Management.pdf,.pdf,801,450,1.78,slide,
CS449_-_University_of_Pittsburgh,14_06_CS449_Memory-Management.pptx,.pptx,1067,600,1.7783,slide,
CS449_-_University_of_Pittsburgh,15_07_CS449_Introduction-to-x86.pdf,.pdf,801,450,1.78,slide,
CS449_-_University_of_Pittsburgh,16_07_CS449_Introduction-to-x86.pptx,.pptx,1067,600,1.7783,slide,
CS449_-_University_of_Pittsburgh,17_08_CS449_Investigating-the-Code.pdf,.pdf,801,450,1.78,slide,
CS449_-_University_of_Pittsburgh,18_08_CS449_Investigating-the-Code.pptx,.pptx,1067,600,1.7783,slide,
CS449_-_University_of_Pittsburgh,19_09_CS449_buffer-overflow.pdf,.pdf,960,540,1.7778,slide,
CS449_-_University_of_Pittsburgh,1_01_CS449_Introduction.pdf,.pdf,720,450,1.6,slide,
CS449_-_University_of_Pittsburgh,20_09_CS449_buffer-overflow.pptx,.pptx,1280,720,1.7778,slide,
CS449_-_University_of_Pittsburgh,21_10_CS449_How-Programs-Are-Made.pdf,.pdf,801,450,1.78,slide,
CS449_-_University_of_Pittsburgh,22_10_CS449_How-Programs-Are-Made.pptx,.pptx,1067,600,1.7783,slide,
CS449_-_University_of_Pittsburgh,23_11_CS449_How-Programs-Are-Managed.pdf,.pdf,801,450,1.78,slide,
CS449_-_University_of_Pittsburgh,24_11_CS449_How-Programs-Are-Managed.pptx,.pptx,1067,600,1.7783,slide,
CS449_-_University_of_Pittsburgh,25_12_How-Programs-Reproduce.pdf,.pdf,801,450,1.78,slide,
CS449_-_University_of_Pittsburgh,26_12_How-Programs-Reproduce.pptx,.pptx,1067,600,1.7783,slide,
CS449_-_University_of_Pittsburgh,27_13_CS449_Virtual-Memory.pdf,.pdf,801,450,1.78,slide,
CS449_-_University_of_Pittsburgh,28_13_CS449_Virtual-Memory.pptx,.pptx,1067,600,1.7783,slide,
CS449_-_University_of_Pittsburgh,29_14_CS449_Threads-and-Synchronization.pdf,.pdf,801,450,1.78,slide,
CS449_-_University_of_Pittsburgh,2_01_CS449_Introduction.pptx,.pptx,960,600,1.6,slide,
CS449_-_University_of_Pittsburgh,30_14_CS449_Threads-and-Synchronization.pptx,.pptx,1067,600,1.7783,slide,
CS449_-_University_of_Pittsburgh,31_15_CS449_The-Memory-Hierarchy.pdf,.pdf,801,450,1.78,slide,
CS449_-_University_of_Pittsburgh,32_15_CS449_The-Memory-Hierarchy.pptx,.pptx,1067,600,1.7783,slide,
CS449_-_University_of_Pittsburgh,3_02_CS449_Data-Representation.pdf,.pdf,801,450,1.78,slide,
CS449_-_University_of_Pittsburgh,4_02_CS449_Data-Representation.pptx,.pptx,1067,600,1.7783,slide,
CS449_-_University_of_Pittsburgh,5_03_CS449_Introduction-to-C.pdf,.pdf,801,450,1.78,slide,
CS449_-_University_of_Pittsburgh,6_03_CS449_Introduction-to-C.pptx,.pptx,1067,600,1.7783,slide,
CS449_-_University_of_Pittsburgh,8_03_CS449_extra.pptx,.pptx,1067,600,1.7783,slide,
CS449_-_University_of_Pittsburgh,9_04_CS449_Introduction-to-Memory.pdf,.pdf,801,450,1.78,slide,
CS475_-_University_of_Southern_California,10_CS475-Lecture10.pdf,.pdf,363,273,1.3297,slide,
CS475_-_University_of_Southern_California,11_CS475-Lecture11.pdf,.pdf,363,273,1.3297,slide,
CS475_-_University_of_Southern_California,12_CS475-Lecture12.pdf,.pdf,363,273,1.3297,slide,
CS475_-_University_of_Southern_California,13_CS475-Lecture13.pdf,.pdf,363,273,1.3297,slide,
CS475_-_University_of_Southern_California,14_CS475-Lecture14.pdf,.pdf,363,273,1.3297,slide,
CS475_-_University_of_Southern_California,15_CS475-Lecture15.pdf,.pdf,363,273,1.3297,slide,
CS475_-_University_of_Southern_California,16_CS475-Lecture16.pdf,.pdf,363,273,1.3297,slide,
CS475_-_University_of_Southern_California,17_CS475-Lecture17.pdf,.pdf,363,273,1.3297,slide,
CS475_-_University_of_Southern_California,18_CS475-Lecture18.pdf,.pdf,363,273,1.3297,slide,
CS475_-_University_of_Southern_California,19_CS475-Lecture19.pdf,.pdf,363,273,1.3297,slide,
CS475_-_University_of_Southern_California,1_CS475-Lecture01.pdf,.pdf,363,273,1.3297,slide,
CS475_-_University_of_Southern_California,20_CS475-Lecture20.pdf,.pdf,363,273,1.3297,slide,
CS475_-_University_of_Southern_California,21_CS475-Lecture21.pdf,.pdf,363,273,1.3297,slide,
CS475_-_University_of_Southern_California,22_CS475-Lecture22.pdf,.pdf,363,273,1.3297,slide,
CS475_-_University_of_Southern_California,23_CS475-Lecture23.pdf,.pdf,363,273,1.3297,slide,
CS475_-_University_of_Southern_California,24_CS475-Lecture24.pdf,.pdf,363,273,1.3297,slide,
CS475_-_University_of_Southern_California,2_CS475-Lecture02.pdf,.pdf,363,273,1.3297,slide,
CS475_-_University_of_Southern_California,3_CS475-Lecture03.pdf,.pdf,363,273,1.3297,slide,
CS475_-_University_of_Southern_California,4_CS475-Lecture04.pdf,.pdf,363,273,1.3297,slide,
CS475_-_University_of_Southern_California,5_CS475-Lecture05.pdf,.pdf,363,273,1.3297,slide,
CS475_-_University_of_Southern_California,6_CS475-Lecture06.pdf,.pdf,363,273,1.3297,slide,
CS475_-_University_of_Southern_California,7_CS475-Lecture07.pdf,.pdf,363,273,1.3297,slide,
CS475_-_University_of_Southern_California,8_CS475-Lecture08.pdf,.pdf,363,273,1.3297,slide,
CS475_-_University_of_Southern_California,9_CS475-Lecture09.pdf,.pdf,363,273,1.3297,slide,
CS506_-_New_Jersey_Institute_of_Technology,10_10-vfs.pdf,.pdf,720,540,1.3333,slide,
CS506_-_New_Jersey_Institute_of_Technology,11_11-fs_impl.pdf,.pdf,720,540,1.3333,slide,
CS506_-_New_Jersey_Institute_of_Technology,12_12-nfs.pdf,.pdf,720,540,1.3333,slide,
CS506_-_New_Jersey_Institute_of_Technology,13_13-devices.pdf,.pdf,720,540,1.3333,slide,
CS506_-_New_Jersey_Institute_of_Technology,14_14-net.pdf,.pdf,720,540,1.3333,slide,
CS506_-_New_Jersey_Institute_of_Technology,15_15-vmm_intro.pdf,.pdf,720,540,1.3333,slide,
CS506_-_New_Jersey_Institute_of_Technology,16_MICROKERNELS.pdf,.pdf,960,540,1.7778,slide,
CS506_-_New_Jersey_Institute_of_Technology,17_cpu_virtualization.pdf,.pdf,960,540,1.7778,slide,
CS506_-_New_Jersey_Institute_of_Technology,18_io_virtualization.pdf,.pdf,720,405,1.7778,slide,
CS506_-_New_Jersey_Institute_of_Technology,19_mmu_virtualization.pdf,.pdf,960,540,1.7778,slide,
CS506_-_New_Jersey_Institute_of_Technology,1_01-intro.pdf,.pdf,720,540,1.3333,slide,
CS506_-_New_Jersey_Institute_of_Technology,20_paravirtualization.pdf,.pdf,960,540,1.7778,slide,
CS506_-_New_Jersey_Institute_of_Technology,2_02-vm.pdf,.pdf,720,540,1.3333,slide,
CS506_-_New_Jersey_Institute_of_Technology,3_03-using_vm.pdf,.pdf,720,540,1.3333,slide,
CS506_-_New_Jersey_Institute_of_Technology,4_04-interrupts.pdf,.pdf,720,540,1.3333,slide,
CS506_-_New_Jersey_Institute_of_Technology,5_05-page_cache.pdf,.pdf,720,540,1.3333,slide,
CS506_-_New_Jersey_Institute_of_Technology,6_06-pfm.pdf,.pdf,720,540,1.3333,slide,
CS506_-_New_Jersey_Institute_of_Technology,7_07-malloc.pdf,.pdf,720,540,1.3333,slide,
CS506_-_New_Jersey_Institute_of_Technology,8_08-sched.pdf,.pdf,720,540,1.3333,slide,
CS506_-_New_Jersey_Institute_of_Technology,9_09-ipc.pdf,.pdf,720,540,1.3333,slide,
CS50X_-_Harvard_University,1_lecture1.pdf,.pdf,720,405,1.7778,slide,
CS50X_-_Harvard_University,2_src1.pdf,.pdf,792,612,1.2941,slide,
CS50X_-_Harvard_University,3_lecture2.pdf,.pdf,720,405,1.7778,slide,
CS50X_-_Harvard_University,4_src2.pdf,.pdf,792,612,1.2941,slide,
CS50X_-_Harvard_University,5_lecture3.pdf,.pdf,720,405,1.7778,slide,
CS50X_-_Harvard_University,6_src3.pdf,.pdf,792,612,1.2941,slide,
CS50X_-_Harvard_University,7_lecture4.pdf,.pdf,720,405,1.7778,slide,
CS50X_-_Harvard_University,8_src4.pdf,.pdf,792,612,1.2941,slide,
CS50X_-_Harvard_University,9_lecture0.pdf,.pdf,720,405,1.7778,slide,
CS5170_-_University_of_Cincinnati,10_music5.pdf,.pdf,612,792,0.7727,document,
CS5170_-_University_of_Cincinnati,11_1330_wk6.pdf,.pdf,960,540,1.7778,slide,
CS5170_-_University_of_Cincinnati,12_music6.pdf,.pdf,612,792,0.7727,document,
CS5170_-_University_of_Cincinnati,13_music7.pdf,.pdf,612,792,0.7727,document,
CS5170_-_University_of_Cincinnati,14_music8.pdf,.pdf,612,792,0.7727,document,
CS5170_-_University_of_Cincinnati,15_4633_egypitian_art_not_compliant.pdf,.pdf,960,540,1.7778,slide,
CS5170_-_University_of_Cincinnati,16_aging_at_home.pdf,.pdf,960,540,1.7778,slide,
CS5170_-_University_of_Cincinnati,17_brain_nutrition.pdf,.pdf,960,540,1.7778,slide,
CS5170_-_University_of_Cincinnati,18_egypt_q_a.pdf,.pdf,612,792,0.7727,document,
CS5170_-_University_of_Cincinnati,19_library.pdf,.pdf,960,540,1.7778,slide,
CS5170_-_University_of_Cincinnati,1_1330_wk1.pdf,.pdf,960,540,1.7778,slide,
CS5170_-_University_of_Cincinnati,20_vision.pdf,.pdf,960,540,1.7778,slide,
CS5170_-_University_of_Cincinnati,2_music1_2.pdf,.pdf,612,792,0.7727,document,
CS5170_-_University_of_Cincinnati,3_1330_wk2.pdf,.pdf,960,540,1.7778,slide,
CS5170_-_University_of_Cincinnati,4_music2.pdf,.pdf,612,792,0.7727,document,
CS5170_-_University_of_Cincinnati,5_1330_wk3.pdf,.pdf,960,540,1.7778,slide,
CS5170_-_University_of_Cincinnati,6_music3.pdf,.pdf,612,792,0.7727,document,
CS5170_-_University_of_Cincinnati,7_1330_wk4.pdf,.pdf,960,540,1.7778,slide,
CS5170_-_University_of_Cincinnati,8_music4.pdf,.pdf,612,792,0.7727,document,
CS5170_-_University_of_Cincinnati,9_1330_wk5.pdf,.pdf,960,540,1.7778,slide,
CS5340_-_Northeastern_University,1_L1Final.pdf,.pdf,612,792,0.7727,document,
CS5340_-_Northeastern_University,2_L2Final.pdf,.pdf,612,792,0.7727,document,
CS5340_-_Northeastern_University,3_L3Final.pdf,.pdf,612,792,0.7727,document,
CS5340_-_Northeastern_University,4_L4Final.pdf,.pdf,612,792,0.7727,document,
CS5340_-_Northeastern_University,5_L5Final.pdf,.pdf,612,792,0.7727,document,
CS5340_-_Northeastern_University,6_L6Final.pdf,.pdf,612,792,0.7727,document,
CS5340_-_Northeastern_University,7_L7Final.pdf,.pdf,612,792,0.7727,document,
CS5340_-_Northeastern_University,8_L8Final.pdf,.pdf,612,792,0.7727,document,
CS5340_-_Northeastern_University,9_LMakeup.pdf,.pdf,612,792,0.7727,document,
CS534_-_Oregon_State_University,10_part10.pdf,.pdf,792,612,1.2941,slide,
CS534_-_Oregon_State_University,11_part11.pdf,.pdf,792,612,1.2941,slide,
CS534_-_Oregon_State_University,12_part12.pdf,.pdf,792,612,1.2941,slide,
CS534_-_Oregon_State_University,13_part13.pdf,.pdf,792,612,1.2941,slide,
CS534_-_Oregon_State_University,14_part14.pdf,.pdf,792,612,1.2941,slide,
CS534_-_Oregon_State_University,15_bonus.pdf,.pdf,792,612,1.2941,slide,
CS534_-_Oregon_State_University,1_part1.pdf,.pdf,792,612,1.2941,slide,
CS534_-_Oregon_State_University,2_part2.pdf,.pdf,792,612,1.2941,slide,
CS534_-_Oregon_State_University,3_part3.pdf,.pdf,792,612,1.2941,slide,
CS534_-_Oregon_State_University,4_part4.pdf,.pdf,792,612,1.2941,slide,
CS534_-_Oregon_State_University,5_part5.pdf,.pdf,792,612,1.2941,slide,
CS534_-_Oregon_State_University,6_part6.pdf,.pdf,792,612,1.2941,slide,
CS534_-_Oregon_State_University,7_part7.pdf,.pdf,792,612,1.2941,slide,
CS534_-_Oregon_State_University,8_part8.pdf,.pdf,792,612,1.2941,slide,
CS534_-_Oregon_State_University,9_part9.pdf,.pdf,792,612,1.2941,slide,
CS5700_-_Northeastern_University,10_7_Network.pptx,.pptx,960,540,1.7778,slide,
CS5700_-_Northeastern_University,11_8_Intra_Domain_Routing.pptx,.pptx,960,540,1.7778,slide,
CS5700_-_Northeastern_University,12_8_Network.pptx,.pptx,960,720,1.3333,slide,
CS5700_-_Northeastern_University,13_9_Inter_Domain_Routing.pptx,.pptx,960,540,1.7778,slide,
CS5700_-_Northeastern_University,14_9a_Review.pptx,.pptx,960,720,1.3333,slide,
CS5700_-_Northeastern_University,15_10_Transport.pptx,.pptx,960,540,1.7778,slide,
CS5700_-_Northeastern_University,16_11_DNS.pptx,.pptx,960,540,1.7778,slide,
CS5700_-_Northeastern_University,17_11_Transport.pptx,.pptx,960,720,1.3333,slide,
CS5700_-_Northeastern_University,18_12_DNS.pptx,.pptx,960,720,1.3333,slide,
CS5700_-_Northeastern_University,19_12_NAT.pptx,.pptx,960,540,1.7778,slide,
CS5700_-_Northeastern_University,1_1_Intro.pptx,.pptx,1280,720,1.7778,slide,
CS5700_-_Northeastern_University,20_13_CDNs.pptx,.pptx,960,540,1.7778,slide,
CS5700_-_Northeastern_University,21_13_NAT.pptx,.pptx,960,720,1.3333,slide,
CS5700_-_Northeastern_University,22_14_IXPs.pptx,.pptx,960,540,1.7778,slide,
CS5700_-_Northeastern_University,23_14_QoS.pptx,.pptx,960,720,1.3333,slide,
CS5700_-_Northeastern_University,24_15_CDNs.pptx,.pptx,960,720,1.3333,slide,
CS5700_-_Northeastern_University,25_15_NAT.pptx,.pptx,960,720,1.3333,slide,
CS5700_-_Northeastern_University,26_15_P2P.pptx,.pptx,960,540,1.7778,slide,
CS5700_-_Northeastern_University,27_16_IXPs.pptx,.pptx,960,720,1.3333,slide,
CS5700_-_Northeastern_University,28_16_Overlays.pptx,.pptx,960,540,1.7778,slide,
CS5700_-_Northeastern_University,29_16_QoS.pptx,.pptx,960,720,1.3333,slide,
CS5700_-_Northeastern_University,2_2.5_Review.pptx,.pptx,960,720,1.3333,slide,
CS5700_-_Northeastern_University,30_17_DCN.pptx,.pptx,960,540,1.7778,slide,
CS5700_-_Northeastern_University,31_17_P2P.pptx,.pptx,960,720,1.3333,slide,
CS5700_-_Northeastern_University,32_18_Malware_Privacy.pptx,.pptx,960,720,1.3333,slide,
CS5700_-_Northeastern_University,33_18_Overlays.pptx,.pptx,960,720,1.3333,slide,
CS5700_-_Northeastern_University,34_18_P2P.pptx,.pptx,960,720,1.3333,slide,
CS5700_-_Northeastern_University,35_18_TLS.pptx,.pptx,1280,720,1.7778,slide,
CS5700_-_Northeastern_University,36_19_DCN.pptx,.pptx,960,720,1.3333,slide,
CS5700_-_Northeastern_University,37_19_OtherNetworks.pptx,.pptx,960,720,1.3333,slide,
CS5700_-_Northeastern_University,38_19_Overlays.pptx,.pptx,960,720,1.3333,slide,
CS5700_-_Northeastern_University,39_19_Privacy_Anonymity.pptx,.pptx,960,540,1.7778,slide,
CS5700_-_Northeastern_University,3_2_History.pptx,.pptx,960,540,1.7778,slide,
CS5700_-_Northeastern_University,40_20_Mobile_SDN.pptx,.pptx,960,540,1.7778,slide,
CS5700_-_Northeastern_University,41_20_OtherNetworks.pptx,.pptx,960,720,1.3333,slide,
CS5700_-_Northeastern_University,42_20_Refraction_Networking.pptx,.pptx,960,540,1.7778,slide,
CS5700_-_Northeastern_University,43_0_Midterm.pptx,.pptx,960,720,1.3333,slide,
CS5700_-_Northeastern_University,44_Anonymous.pptx,.pptx,1280,720,1.7778,slide,
CS5700_-_Northeastern_University,45_Project3.pptx,.pptx,1280,720,1.7778,slide,
CS5700_-_Northeastern_University,46_TLS.pptx,.pptx,1280,720,1.7778,slide,
CS5700_-_Northeastern_University,47_Wireshark_Intro.pptx,.pptx,1280,720,1.7778,slide,
CS5700_-_Northeastern_University,4_7.5_Lecture2Summary.pptx,.pptx,960,720,1.3333,slide,
CS5700_-_Northeastern_University,5_3_Architecture.pptx,.pptx,960,540,1.7778,slide,
CS5700_-_Northeastern_University,6_4_Physical.pptx,.pptx,960,540,1.7778,slide,
CS5700_-_Northeastern_University,7_5_Data_Link.pptx,.pptx,960,540,1.7778,slide,
CS5700_-_Northeastern_University,8_6_Bridging.pptx,.pptx,960,540,1.7778,slide,
CS5700_-_Northeastern_University,9_7_Bridging.pptx,.pptx,960,720,1.3333,slide,
CSC111L_-_Quinnipiac_University,10_Input_and_Output_1.pdf,.pdf,720,540,1.3333,slide,
CSC111L_-_Quinnipiac_University,11_Loops-_While_Loop-Slide.pdf,.pdf,720,540,1.3333,slide,
CSC111L_-_Quinnipiac_University,12_Math_class_Strings._and_Char._pptx.pdf,.pdf,720,540,1.3333,slide,
CSC111L_-_Quinnipiac_University,13_Nested_For_Loops.pdf,.pdf,720,540,1.3333,slide,
CSC111L_-_Quinnipiac_University,14_NetBeans-Csc_111.pdf,.pdf,612,792,0.7727,document,
CSC111L_-_Quinnipiac_University,15_Review_Questions_CSC_111.pdf,.pdf,612,792,0.7727,document,
CSC111L_-_Quinnipiac_University,16_Setting_up_Java.pdf,.pdf,612,792,0.7727,document,
CSC111L_-_Quinnipiac_University,17_primitive-data-definite_1.pdf,.pdf,720,540,1.3333,slide,
CSC111L_-_Quinnipiac_University,18_primitive-data-definite.pdf,.pdf,720,540,1.3333,slide,
CSC111L_-_Quinnipiac_University,1_Array-Part_1.pdf,.pdf,720,540,1.3333,slide,
CSC111L_-_Quinnipiac_University,2_Classes_and_Objects-_Part_1_1.pptx,.pptx,960,720,1.3333,slide,
CSC111L_-_Quinnipiac_University,3_For_Loop-_Part1.pdf,.pdf,792,612,1.2941,slide,
CSC111L_-_Quinnipiac_University,4_Method-Part_1-Fall_2022.pdf,.pdf,720,540,1.3333,slide,
CSC111L_-_Quinnipiac_University,5_Slide_1-Introduction_OF_Programing_1.pdf,.pdf,792,612,1.2941,slide,
CSC111L_-_Quinnipiac_University,6_Array-Part_2.pdf,.pdf,720,540,1.3333,slide,
CSC111L_-_Quinnipiac_University,7_Classes_and_Objects-Part_2.pptx,.pptx,960,720,1.3333,slide,
CSC111L_-_Quinnipiac_University,8_Chapter_3_Branches.pdf,.pdf,720,540,1.3333,slide,
CSC111L_-_Quinnipiac_University,9_Hello_World_Program.pdf,.pdf,612,792,0.7727,document,
CSC139_-_California_State_University_Sacramento,10_csc139-fall19-part3-2.pdf,.pdf,960,540,1.7778,slide,
CSC139_-_California_State_University_Sacramento,11_csc139-fall19-part4-1.pdf,.pdf,960,540,1.7778,slide,
CSC139_-_California_State_University_Sacramento,12_csc139-fall19-part4-2.pdf,.pdf,960,540,1.7778,slide,
CSC139_-_California_State_University_Sacramento,13_csc139-fall19-part4-3.pdf,.pdf,960,540,1.7778,slide,
CSC139_-_California_State_University_Sacramento,14_csc139-fall19-part4-4.pdf,.pdf,960,540,1.7778,slide,
CSC139_-_California_State_University_Sacramento,15_csc139-fall19-part5-1.pdf,.pdf,960,540,1.7778,slide,
CSC139_-_California_State_University_Sacramento,1_csc139-fall19-part1-1.pdf,.pdf,960,540,1.7778,slide,
CSC139_-_California_State_University_Sacramento,2_csc139-fall19-part1-2.pdf,.pdf,960,540,1.7778,slide,
CSC139_-_California_State_University_Sacramento,3_csc139-fall19-part1-3.pdf,.pdf,960,540,1.7778,slide,
CSC139_-_California_State_University_Sacramento,4_csc139-fall19-part2-1.pdf,.pdf,960,540,1.7778,slide,
CSC139_-_California_State_University_Sacramento,5_csc139-fall19-part2-2.pdf,.pdf,960,540,1.7778,slide,
CSC139_-_California_State_University_Sacramento,6_csc139-fall19-part2-3.pdf,.pdf,960,540,1.7778,slide,
CSC139_-_California_State_University_Sacramento,7_csc139-fall19-part2-4.pdf,.pdf,960,540,1.7778,slide,
CSC139_-_California_State_University_Sacramento,8_csc139-fall19-part2-5.pdf,.pdf,960,540,1.7778,slide,
CSC139_-_California_State_University_Sacramento,9_csc139-fall19-part3-1.pdf,.pdf,960,540,1.7778,slide,
CSC144_-_University_of_Arizona,10_topic05guided.pdf,.pdf,612,792,0.7727,document,
CSC144_-_University_of_Arizona,12_topic06guided.pdf,.pdf,612,792,0.7727,document,
CSC144_-_University_of_Arizona,14_topic07guided.pdf,.pdf,612,792,0.7727,document,
CSC144_-_University_of_Arizona,16_topic08guided.pdf,.pdf,612,792,0.7727,document,
CSC144_-_University_of_Arizona,17_topic09guided.pdf,.pdf,612,792,0.7727,document,
CSC144_-_University_of_Arizona,18_topic10guided.pdf,.pdf,612,792,0.7727,document,
CSC144_-_University_of_Arizona,19_topic11guided.pdf,.pdf,612,792,0.7727,document,
CSC144_-_University_of_Arizona,20_topic12guided.pdf,.pdf,612,792,0.7727,document,
CSC144_-_University_of_Arizona,2_topic01guided.pdf,.pdf,612,792,0.7727,document,
CSC144_-_University_of_Arizona,4_topic02guided.pdf,.pdf,612,792,0.7727,document,
CSC144_-_University_of_Arizona,6_topic03guided.pdf,.pdf,612,792,0.7727,document,
CSC144_-_University_of_Arizona,8_topic04guided.pdf,.pdf,612,792,0.7727,document,
CSC243_-_DePaul_University,10_Lecture10.pptx,.pptx,960,720,1.3333,slide,
CSC243_-_DePaul_University,1_Lecture1.pptx,.pptx,960,720,1.3333,slide,
CSC243_-_DePaul_University,2_Lecture2.pptx,.pptx,960,720,1.3333,slide,
CSC243_-_DePaul_University,3_Lecture3.pptx,.pptx,960,720,1.3333,slide,
CSC243_-_DePaul_University,4_Lecture4.pptx,.pptx,960,720,1.3333,slide,
CSC243_-_DePaul_University,5_Lecture5.pptx,.pptx,960,720,1.3333,slide,
CSC243_-_DePaul_University,6_Lecture6.pptx,.pptx,960,720,1.3333,slide,
CSC243_-_DePaul_University,7_Lecture7.pptx,.pptx,960,720,1.3333,slide,
CSC243_-_DePaul_University,8_Lecture8.pptx,.pptx,960,720,1.3333,slide,
CSC243_-_DePaul_University,9_Lecture9.pptx,.pptx,960,720,1.3333,slide,
CSC60_-_California_State_University_Sacramento,1_C-1_Start-1.pptx,.pptx,960,720,1.3333,slide,
CSC60_-_California_State_University_Sacramento,2_C-2_Characters_ControlStructures.pptx,.pptx,960,720,1.3333,slide,
CSC60_-_California_State_University_Sacramento,3_C-3_Loops.pptx,.pptx,960,720,1.3333,slide,
CSC60_-_California_State_University_Sacramento,4_C-4_Files.pptx,.pptx,960,720,1.3333,slide,
CSC60_-_California_State_University_Sacramento,5_C-5_Functions.pptx,.pptx,960,720,1.3333,slide,
CSC60_-_California_State_University_Sacramento,6_C-6_Arrays.pptx,.pptx,960,720,1.3333,slide,
CSC60_-_California_State_University_Sacramento,7_C-7_Pointers.pptx,.pptx,960,720,1.3333,slide,
CSC60_-_California_State_University_Sacramento,8_C-8_Structures.pptx,.pptx,960,720,1.3333,slide,
CSCE423_-_University_of_Nebraska-Lincoln,10_10-NPC.pdf,.pdf,363,273,1.3297,slide,
CSCE423_-_University_of_Nebraska-Lincoln,11_11-Flow.pdf,.pdf,363,273,1.3297,slide,
CSCE423_-_University_of_Nebraska-Lincoln,12_12-Approximation.pdf,.pdf,363,273,1.3297,slide,
CSCE423_-_University_of_Nebraska-Lincoln,13_00-AdminIntro.pdf,.pdf,412,256,1.6094,slide,
CSCE423_-_University_of_Nebraska-Lincoln,1_01-WhatDoIMean.pdf,.pdf,412,256,1.6094,slide,
CSCE423_-_University_of_Nebraska-Lincoln,2_02-MedianFinding.pdf,.pdf,363,273,1.3297,slide,
CSCE423_-_University_of_Nebraska-Lincoln,3_03-DynamicProgramming.pdf,.pdf,363,273,1.3297,slide,
CSCE423_-_University_of_Nebraska-Lincoln,4_04-greedy.pdf,.pdf,363,273,1.3297,slide,
CSCE423_-_University_of_Nebraska-Lincoln,5_05-ElementaryGraphAlgorithms.pdf,.pdf,412,256,1.6094,slide,
CSCE423_-_University_of_Nebraska-Lincoln,6_06-MST.pdf,.pdf,412,256,1.6094,slide,
CSCE423_-_University_of_Nebraska-Lincoln,7_07-SSSP.pdf,.pdf,363,273,1.3297,slide,
CSCE423_-_University_of_Nebraska-Lincoln,8_08-APSP.pdf,.pdf,363,273,1.3297,slide,
CSCE423_-_University_of_Nebraska-Lincoln,9_09-LowerBounds.pdf,.pdf,363,273,1.3297,slide,
CSCI112_-_California_State_University_Chico,10_Lec10-Selection.pdf,.pdf,1024,768,1.3333,slide,
CSCI112_-_California_State_University_Chico,11_Lec11-SelectionApplications.pdf,.pdf,1024,768,1.3333,slide,
CSCI112_-_California_State_University_Chico,12_Lec12-Loop-1.pdf,.pdf,1024,768,1.3333,slide,
CSCI112_-_California_State_University_Chico,13_Lec13-Loop-2.pdf,.pdf,1024,768,1.3333,slide,
CSCI112_-_California_State_University_Chico,14_Lec14-Loop-3.pdf,.pdf,1024,768,1.3333,slide,
CSCI112_-_California_State_University_Chico,15_Lec15-Loop-4.pdf,.pdf,1024,768,1.3333,slide,
CSCI112_-_California_State_University_Chico,16_Lec16-Array.pdf,.pdf,1024,768,1.3333,slide,
CSCI112_-_California_State_University_Chico,17_Lec17-Procedure.pdf,.pdf,1024,768,1.3333,slide,
CSCI112_-_California_State_University_Chico,18_Lec18-ArrayOperations.pdf,.pdf,1024,768,1.3333,slide,
CSCI112_-_California_State_University_Chico,19_Lec19-Classes.pdf,.pdf,1024,768,1.3333,slide,
CSCI112_-_California_State_University_Chico,1_Lec01-Introduction.pdf,.pdf,1024,768,1.3333,slide,
CSCI112_-_California_State_University_Chico,20_Lec20-Userform.pdf,.pdf,1024,768,1.3333,slide,
CSCI112_-_California_State_University_Chico,21_Lec21-UserformProgramming.pdf,.pdf,1024,768,1.3333,slide,
CSCI112_-_California_State_University_Chico,22_Lec22-DataManagement.pdf,.pdf,1024,768,1.3333,slide,
CSCI112_-_California_State_University_Chico,23_Lec23-FinalReview.pdf,.pdf,1024,768,1.3333,slide,
CSCI112_-_California_State_University_Chico,2_Lec02-Data.pdf,.pdf,1024,768,1.3333,slide,
CSCI112_-_California_State_University_Chico,3_Lec03-Model.pdf,.pdf,1024,768,1.3333,slide,
CSCI112_-_California_State_University_Chico,4_Lec04-Excel.pdf,.pdf,1024,768,1.3333,slide,
CSCI112_-_California_State_University_Chico,5_Lec05-AdvancedExcel.pdf,.pdf,1024,768,1.3333,slide,
CSCI112_-_California_State_University_Chico,6_Lec06-ExcelModel.pdf,.pdf,1024,768,1.3333,slide,
CSCI112_-_California_State_University_Chico,7_Lec07-VBA-1.pdf,.pdf,1024,768,1.3333,slide,
CSCI112_-_California_State_University_Chico,8_Lec08-VBA-2.pdf,.pdf,1024,768,1.3333,slide,
CSCI112_-_California_State_University_Chico,9_Lec09-Condition.pdf,.pdf,1024,768,1.3333,slide,
CSCI213_-_North_Dakota_State_University,10_CSCI213_6_ISA_II_MH.pdf,.pdf,960,540,1.7778,slide,
CSCI213_-_North_Dakota_State_University,11_CSCI213_7_ISA_III_MH.pdf,.pdf,960,540,1.7778,slide,
CSCI213_-_North_Dakota_State_University,12_CSCI213_8_Digital_Logic_I_MH.pdf,.pdf,960,540,1.7778,slide,
CSCI213_-_North_Dakota_State_University,13_CSCI213_9_Digital_Logic_II_MH.pdf,.pdf,960,540,1.7778,slide,
CSCI213_-_North_Dakota_State_University,1_CSCI213_10_Digital_Logic_III_MH.pdf,.pdf,960,540,1.7778,slide,
CSCI213_-_North_Dakota_State_University,2_CSCI213_11_Memory_Architecture_I_MH.pdf,.pdf,960,540,1.7778,slide,
CSCI213_-_North_Dakota_State_University,3_CSCI213_12_Memory_Architecture_II_MH.pdf,.pdf,960,540,1.7778,slide,
CSCI213_-_North_Dakota_State_University,4_CSCI213_13_Computer_Architectures_MH.pdf,.pdf,960,540,1.7778,slide,
CSCI213_-_North_Dakota_State_University,5_CSCI213_1_Intro_Computer_Organization_MH.pdf,.pdf,960,540,1.7778,slide,
CSCI213_-_North_Dakota_State_University,6_CSCI213_2_Number_Systems_MH.pdf,.pdf,960,540,1.7778,slide,
CSCI213_-_North_Dakota_State_University,7_CSCI213_3_Assembly_Programming_I_MH.pdf,.pdf,960,540,1.7778,slide,
CSCI213_-_North_Dakota_State_University,8_CSCI213_4_Assembly_Programming_II_MH.pdf,.pdf,960,540,1.7778,slide,
CSCI213_-_North_Dakota_State_University,9_CSCI213_5_ISA_I_MH.pdf,.pdf,960,540,1.7778,slide,
CSCI246_-_Montana_State_University,10_02_06_26_sets.pptx,.pptx,1280,720,1.7778,slide,
CSCI246_-_Montana_State_University,11_02_09_26_quantifiers.pptx,.pptx,1280,720,1.7778,slide,
CSCI246_-_Montana_State_University,12_02_11_26_set_operations.pptx,.pptx,1280,720,1.7778,slide,
CSCI246_-_Montana_State_University,13_02_13_26_relations.pptx,.pptx,1280,720,1.7778,slide,
CSCI246_-_Montana_State_University,14_02_18_26_equivalence_relations.pptx,.pptx,1280,720,1.7778,slide,
CSCI246_-_Montana_State_University,15_02_20_26_partitions.pptx,.pptx,1280,720,1.7778,slide,
CSCI246_-_Montana_State_University,16_02_23_26_binomial_coefficients.pptx,.pptx,1280,720,1.7778,slide,
CSCI246_-_Montana_State_University,17_02_25_26_contradiction.pptx,.pptx,1280,720,1.7778,slide,
CSCI246_-_Montana_State_University,18_02_27_26_smallest_counterexample.pptx,.pptx,1280,720,1.7778,slide,
CSCI246_-_Montana_State_University,19_03_02_26_induction.pptx,.pptx,1280,720,1.7778,slide,
CSCI246_-_Montana_State_University,1_01_14_26_intro.pptx,.pptx,1280,720,1.7778,slide,
CSCI246_-_Montana_State_University,20_03_04_26_recurrence_relations.pptx,.pptx,1280,720,1.7778,slide,
CSCI246_-_Montana_State_University,21_03_06_26_functions.pptx,.pptx,1280,720,1.7778,slide,
CSCI246_-_Montana_State_University,22_03_09_26_real_functions.pptx,.pptx,1280,720,1.7778,slide,
CSCI246_-_Montana_State_University,23_03_11_26_big_o_notation.pptx,.pptx,1280,720,1.7778,slide,
CSCI246_-_Montana_State_University,24_03_13_26_algorithmic_analysis.pptx,.pptx,1280,720,1.7778,slide,
CSCI246_-_Montana_State_University,25_04_06_26_expectation.pptx,.pptx,1280,720,1.7778,slide,
CSCI246_-_Montana_State_University,26_04_08_26_graphs1.pptx,.pptx,1280,720,1.7778,slide,
CSCI246_-_Montana_State_University,27_04_10_26_graphs2.pptx,.pptx,1280,720,1.7778,slide,
CSCI246_-_Montana_State_University,28_04_13_26_graphs3.pptx,.pptx,1280,720,1.7778,slide,
CSCI246_-_Montana_State_University,29_04_15_26_graph_coloring.pptx,.pptx,1280,720,1.7778,slide,
CSCI246_-_Montana_State_University,2_01_16_26_definition.pptx,.pptx,1280,720,1.7778,slide,
CSCI246_-_Montana_State_University,30_04_17_26_trees.pptx,.pptx,1280,720,1.7778,slide,
CSCI246_-_Montana_State_University,3_01_21_26_theorems.pptx,.pptx,1280,720,1.7778,slide,
CSCI246_-_Montana_State_University,4_01_23_26_proofs.pptx,.pptx,1280,720,1.7778,slide,
CSCI246_-_Montana_State_University,5_01_26_26_counter_examples.pptx,.pptx,1280,720,1.7778,slide,
CSCI246_-_Montana_State_University,6_01_28_26_boolean_algebra.pptx,.pptx,1280,720,1.7778,slide,
CSCI246_-_Montana_State_University,7_01_30_26_proof_systems.pptx,.pptx,1280,720,1.7778,slide,
CSCI246_-_Montana_State_University,8_02_02_26_lists.pptx,.pptx,1280,720,1.7778,slide,
CSCI246_-_Montana_State_University,9_02_04_26_factorial.pptx,.pptx,1280,720,1.7778,slide,
CSCI250_-_Rochester_Institute_of_Technology,10_04-2024-1007-108_Lecture3_CPU_Architecture_I.pdf,.pdf,1920,1080,1.7778,slide,
CSCI250_-_Rochester_Institute_of_Technology,11_04-2024-1007-109_Lecture3_CPU_Architecture_II.pdf,.pdf,1920,1080,1.7778,slide,
CSCI250_-_Rochester_Institute_of_Technology,12_04-2024-1007-110_Lecture3_CPU_Architecture_III.pdf,.pdf,1920,1080,1.7778,slide,
CSCI250_-_Rochester_Institute_of_Technology,13_04-2024-1007-111_Lecture3_CPU_Architecture_IV.pdf,.pdf,1920,1080,1.7778,slide,
CSCI250_-_Rochester_Institute_of_Technology,14_04-2024-1007-112_Lecture3_CPU_Architecture_V.pdf,.pdf,1920,1080,1.7778,slide,
CSCI250_-_Rochester_Institute_of_Technology,15_04-2025-1004-150_Lecture3_Supplement.pdf,.pdf,1920,1080,1.7778,slide,
CSCI250_-_Rochester_Institute_of_Technology,16_04-2024-1007-113_Lecture4_Control_Unit_I.pdf,.pdf,1920,1080,1.7778,slide,
CSCI250_-_Rochester_Institute_of_Technology,17_04-2024-1007-114_Lecture4_Control_Unit_II.pdf,.pdf,1920,1080,1.7778,slide,
CSCI250_-_Rochester_Institute_of_Technology,18_04-2024-1007-115_Lecture4_Control_Unit_III.pdf,.pdf,1920,1080,1.7778,slide,
CSCI250_-_Rochester_Institute_of_Technology,19_04-2024-1007-116_Lecture5_Compiler_I.pdf,.pdf,1920,1080,1.7778,slide,
CSCI250_-_Rochester_Institute_of_Technology,1_04-2024-1007-101_Lecture1_Beyond_Integer_Arithmetics_I.pdf,.pdf,1920,1080,1.7778,slide,
CSCI250_-_Rochester_Institute_of_Technology,20_04-2024-1007-117_Lecture5_Compiler_II.pdf,.pdf,1920,1080,1.7778,slide,
CSCI250_-_Rochester_Institute_of_Technology,21_04-2024-1007-118_Lecture5_Compiler_III.pdf,.pdf,1920,1080,1.7778,slide,
CSCI250_-_Rochester_Institute_of_Technology,22_04-2024-1007-100_Lecture0_Introduction.pdf,.pdf,1920,1080,1.7778,slide,
CSCI250_-_Rochester_Institute_of_Technology,23_04-2026-1004-100_Lecture0_Introduction.pdf,.pdf,1920,1080,1.7778,slide,
CSCI250_-_Rochester_Institute_of_Technology,2_04-2024-1007-102_Lecture1_Beyond_Integer_Arithmetics_II.pdf,.pdf,1920,1080,1.7778,slide,
CSCI250_-_Rochester_Institute_of_Technology,3_04-2024-1007-103_Lecture1_Beyond_Integer_Arithmetics_III.pdf,.pdf,1920,1080,1.7778,slide,
CSCI250_-_Rochester_Institute_of_Technology,4_04-2024-1007-104_Lecture1_Beyond_Integer_Arithmetics_IV.pdf,.pdf,1920,1080,1.7778,slide,
CSCI250_-_Rochester_Institute_of_Technology,5_04-2026-1004-103_Lecture1_Beyond_Integer_Arithmetics_III.pdf,.pdf,1920,1080,1.7778,slide,
CSCI250_-_Rochester_Institute_of_Technology,6_04-2026-1004-104_Lecture1_Beyond_Integer_Arithmetics_IV.pdf,.pdf,1920,1080,1.7778,slide,
CSCI250_-_Rochester_Institute_of_Technology,7_04-2024-1007-107_Lecture2_Computer_Memory_III.pdf,.pdf,1920,1080,1.7778,slide,
CSCI250_-_Rochester_Institute_of_Technology,8_04-2026-1004-105_Lecture2_Computer_Memory_I.pdf,.pdf,1920,1080,1.7778,slide,
CSCI250_-_Rochester_Institute_of_Technology,9_04-2026-1004-106_Lecture2_Computer_Memory_II.pdf,.pdf,1920,1080,1.7778,slide,
CSCI3022_-_University_of_Colorado_Boulder,10_lesson10.pdf,.pdf,960,540,1.7778,slide,
CSCI3022_-_University_of_Colorado_Boulder,11_lesson11.pdf,.pdf,960,540,1.7778,slide,
CSCI3022_-_University_of_Colorado_Boulder,12_lesson12.pdf,.pdf,960,540,1.7778,slide,
CSCI3022_-_University_of_Colorado_Boulder,13_lesson13.pdf,.pdf,960,540,1.7778,slide,
CSCI3022_-_University_of_Colorado_Boulder,14_lesson14.pdf,.pdf,960,540,1.7778,slide,
CSCI3022_-_University_of_Colorado_Boulder,15_lesson15.pdf,.pdf,960,540,1.7778,slide,
CSCI3022_-_University_of_Colorado_Boulder,16_lesson16.pdf,.pdf,960,540,1.7778,slide,
CSCI3022_-_University_of_Colorado_Boulder,17_lesson17.pdf,.pdf,960,540,1.7778,slide,
CSCI3022_-_University_of_Colorado_Boulder,18_lesson18.pdf,.pdf,960,540,1.7778,slide,
CSCI3022_-_University_of_Colorado_Boulder,19_lesson19.pdf,.pdf,960,540,1.7778,slide,
CSCI3022_-_University_of_Colorado_Boulder,1_lesson01.pdf,.pdf,960,540,1.7778,slide,
CSCI3022_-_University_of_Colorado_Boulder,20_lesson20.pdf,.pdf,960,540,1.7778,slide,
CSCI3022_-_University_of_Colorado_Boulder,21_lesson21.pdf,.pdf,960,540,1.7778,slide,
CSCI3022_-_University_of_Colorado_Boulder,22_lesson22.pdf,.pdf,960,540,1.7778,slide,
CSCI3022_-_University_of_Colorado_Boulder,23_lesson23.pdf,.pdf,960,540,1.7778,slide,
CSCI3022_-_University_of_Colorado_Boulder,24_lesson24.pdf,.pdf,960,540,1.7778,slide,
CSCI3022_-_University_of_Colorado_Boulder,25_lesson25.pdf,.pdf,960,540,1.7778,slide,
CSCI3022_-_University_of_Colorado_Boulder,26_lesson26.pdf,.pdf,960,540,1.7778,slide,
CSCI3022_-_University_of_Colorado_Boulder,2_lesson02.pdf,.pdf,960,540,1.7778,slide,
CSCI3022_-_University_of_Colorado_Boulder,3_lesson03.pdf,.pdf,960,540,1.7778,slide,
CSCI3022_-_University_of_Colorado_Boulder,4_lesson04.pdf,.pdf,960,540,1.7778,slide,
CSCI3022_-_University_of_Colorado_Boulder,5_lesson05.pdf,.pdf,960,540,1.7778,slide,
CSCI3022_-_University_of_Colorado_Boulder,6_lesson06.pdf,.pdf,960,540,1.7778,slide,
CSCI3022_-_University_of_Colorado_Boulder,7_lesson07.pdf,.pdf,960,540,1.7778,slide,
CSCI3022_-_University_of_Colorado_Boulder,8_lesson08.pdf,.pdf,960,540,1.7778,slide,
CSCI3022_-_University_of_Colorado_Boulder,9_lesson09.pdf,.pdf,960,540,1.7778,slide,
CSCI3120_-_Dalhousie_University,10_July28FileSystemImplementation.ppt,.ppt,960,720,1.3333,slide,
CSCI3120_-_Dalhousie_University,11_July30FileSystemImplementation2.ppt,.ppt,960,720,1.3333,slide,
CSCI3120_-_Dalhousie_University,12_July9MemoryMgmt.ppt,.ppt,960,720,1.3333,slide,
CSCI3120_-_Dalhousie_University,13_June11Deadlocks.ppt,.ppt,960,720,1.3333,slide,
CSCI3120_-_Dalhousie_University,14_June13Deadlock.ppt,.ppt,960,720,1.3333,slide,
CSCI3120_-_Dalhousie_University,15_June16Deadlock2.ppt,.ppt,960,720,1.3333,slide,
CSCI3120_-_Dalhousie_University,16_June18MessagePassing.ppt,.ppt,960,720,1.3333,slide,
CSCI3120_-_Dalhousie_University,17_June23Monitors.ppt,.ppt,960,720,1.3333,slide,
CSCI3120_-_Dalhousie_University,18_June25Monitors.ppt,.ppt,960,720,1.3333,slide,
CSCI3120_-_Dalhousie_University,19_June27MonitorsMidterm.ppt,.ppt,960,720,1.3333,slide,
CSCI3120_-_Dalhousie_University,1_May14ProcessScheduling.ppt,.ppt,960,720,1.3333,slide,
CSCI3120_-_Dalhousie_University,20_June2RWMidtermPrep.ppt,.ppt,960,720,1.3333,slide,
CSCI3120_-_Dalhousie_University,21_June30Threads.ppt,.ppt,960,720,1.3333,slide,
CSCI3120_-_Dalhousie_University,22_May12UnixProcesses.ppt,.ppt,960,720,1.3333,slide,
CSCI3120_-_Dalhousie_University,23_May21ProcessSynchronization.ppt,.ppt,960,720,1.3333,slide,
CSCI3120_-_Dalhousie_University,24_May23Synchronization.ppt,.ppt,960,720,1.3333,slide,
CSCI3120_-_Dalhousie_University,25_May26ConcurrencyCont.ppt,.ppt,960,720,1.3333,slide,
CSCI3120_-_Dalhousie_University,26_May28Semaphores.ppt,.ppt,960,720,1.3333,slide,
CSCI3120_-_Dalhousie_University,27_May30BBPhil.ppt,.ppt,960,720,1.3333,slide,
CSCI3120_-_Dalhousie_University,28_May5Intro.ppt,.ppt,960,720,1.3333,slide,
CSCI3120_-_Dalhousie_University,29_May7OverviewCh1-3.ppt,.ppt,960,720,1.3333,slide,
CSCI3120_-_Dalhousie_University,2_May16ProcessScheduling2.ppt,.ppt,960,720,1.3333,slide,
CSCI3120_-_Dalhousie_University,30_May9ProcessesCh4.ppt,.ppt,960,720,1.3333,slide,
CSCI3120_-_Dalhousie_University,3_July11MemoryMgmt2.ppt,.ppt,960,720,1.3333,slide,
CSCI3120_-_Dalhousie_University,4_July14MemoryMgmt3.ppt,.ppt,960,720,1.3333,slide,
CSCI3120_-_Dalhousie_University,5_July16MemoryMgmt4.ppt,.ppt,960,720,1.3333,slide,
CSCI3120_-_Dalhousie_University,6_July18VirtualMemory1.ppt,.ppt,960,720,1.3333,slide,
CSCI3120_-_Dalhousie_University,7_July21VirtualMemory2.ppt,.ppt,960,720,1.3333,slide,
CSCI3120_-_Dalhousie_University,8_July23VirtualMemory3.ppt,.ppt,960,720,1.3333,slide,
CSCI3120_-_Dalhousie_University,9_July25FileSystem.ppt,.ppt,960,720,1.3333,slide,
CSCI330_-_Northern_Illinois_University,10_09-Shell_Scripts_I.pptx,.pptx,960,540,1.7778,slide,
CSCI330_-_Northern_Illinois_University,11_10-Shell_Scripts_II.pptx,.pptx,960,540,1.7778,slide,
CSCI330_-_Northern_Illinois_University,12_11-Stream_Editor.pptx,.pptx,960,540,1.7778,slide,
CSCI330_-_Northern_Illinois_University,13_12-Process_Pipe_I.pptx,.pptx,960,540,1.7778,slide,
CSCI330_-_Northern_Illinois_University,14_13-Process_Pipe_II.pptx,.pptx,960,540,1.7778,slide,
CSCI330_-_Northern_Illinois_University,15_14-UDP.pptx,.pptx,960,540,1.7778,slide,
CSCI330_-_Northern_Illinois_University,16_15-TCP.pptx,.pptx,960,540,1.7778,slide,
CSCI330_-_Northern_Illinois_University,17_16-TCP_Server.pptx,.pptx,960,540,1.7778,slide,
CSCI330_-_Northern_Illinois_University,18_17-Socket_Detail.pptx,.pptx,960,540,1.7778,slide,
CSCI330_-_Northern_Illinois_University,19_18-Awk_I.pptx,.pptx,960,540,1.7778,slide,
CSCI330_-_Northern_Illinois_University,1_01-Introduction.pptx,.pptx,960,540,1.7778,slide,
CSCI330_-_Northern_Illinois_University,20_19-Awk_II.pptx,.pptx,960,540,1.7778,slide,
CSCI330_-_Northern_Illinois_University,21_20-Admin.pptx,.pptx,960,540,1.7778,slide,
CSCI330_-_Northern_Illinois_University,2_02-File_System.pptx,.pptx,960,540,1.7778,slide,
CSCI330_-_Northern_Illinois_University,3_03-Shell_I.pptx,.pptx,960,540,1.7778,slide,
CSCI330_-_Northern_Illinois_University,4_04a-Shell_II.pptx,.pptx,960,540,1.7778,slide,
CSCI330_-_Northern_Illinois_University,5_04b-regex.pptx,.pptx,960,540,1.7778,slide,
CSCI330_-_Northern_Illinois_University,6_05-Permissions.pptx,.pptx,960,540,1.7778,slide,
CSCI330_-_Northern_Illinois_University,7_06-Systems_Prog.pptx,.pptx,960,540,1.7778,slide,
CSCI330_-_Northern_Illinois_University,8_07-IO_Mgmt_I.pptx,.pptx,960,540,1.7778,slide,
CSCI330_-_Northern_Illinois_University,9_08-IO_Mgmt_II.pptx,.pptx,960,540,1.7778,slide,
CSCI4430_-_Rensselaer_Polytechnic_Institute,10_CTM3.2_3.6.1.ppt,.ppt,960,720,1.3333,slide,
CSCI4430_-_Rensselaer_Polytechnic_Institute,11_CTM1.9_3.6_4.7.pdf,.pdf,792,612,1.2941,slide,
CSCI4430_-_Rensselaer_Polytechnic_Institute,12_CTM1.9_3.6_4.7.ppt,.ppt,960,720,1.3333,slide,
CSCI4430_-_Rensselaer_Polytechnic_Institute,13_CTM1.8_4.5_GIH3.4.pdf,.pdf,792,612,1.2941,slide,
CSCI4430_-_Rensselaer_Polytechnic_Institute,14_CTM1.8_4.5_GIH3.4.ppt,.ppt,960,720,1.3333,slide,
CSCI4430_-_Rensselaer_Polytechnic_Institute,15_CTM2.8.3_3.7_EPL4_GIH.pdf,.pdf,792,612,1.2941,slide,
CSCI4430_-_Rensselaer_Polytechnic_Institute,16_CTM2.8.3_3.7_EPL4_GIH.ppt,.ppt,960,720,1.3333,slide,
CSCI4430_-_Rensselaer_Polytechnic_Institute,17_PDCS4A.pdf,.pdf,792,612,1.2941,slide,
CSCI4430_-_Rensselaer_Polytechnic_Institute,18_PDCS4-PDCS9-CPE5-Actors.pdf,.pdf,792,612,1.2941,slide,
CSCI4430_-_Rensselaer_Polytechnic_Institute,19_PDCS9.2.4-ControlAbstractions.pdf,.pdf,792,612,1.2941,slide,
CSCI4430_-_Rensselaer_Polytechnic_Institute,1_Intro_PDCS2A.pdf,.pdf,792,612,1.2941,slide,
CSCI4430_-_Rensselaer_Polytechnic_Institute,20_PDCS9.2.4-ControlAbstractions.ppt,.ppt,960,720,1.3333,slide,
CSCI4430_-_Rensselaer_Polytechnic_Institute,21_CPE5-ControlAbstractions.pdf,.pdf,792,612,1.2941,slide,
CSCI4430_-_Rensselaer_Polytechnic_Institute,22_CPE5-ControlAbstractions.ppt,.ppt,960,720,1.3333,slide,
CSCI4430_-_Rensselaer_Polytechnic_Institute,23_PDCS9-CPE6.pdf,.pdf,792,612,1.2941,slide,
CSCI4430_-_Rensselaer_Polytechnic_Institute,24_PDCS9-CPE6.ppt,.ppt,960,720,1.3333,slide,
CSCI4430_-_Rensselaer_Polytechnic_Institute,25_CPE7.pdf,.pdf,792,612,1.2941,slide,
CSCI4430_-_Rensselaer_Polytechnic_Institute,26_CPE7.ppt,.ppt,960,720,1.3333,slide,
CSCI4430_-_Rensselaer_Polytechnic_Institute,27_PDCS9-MobilityGCVisualization.pdf,.pdf,792,612,1.2941,slide,
CSCI4430_-_Rensselaer_Polytechnic_Institute,28_PDCS9-MobilityGCVisualization.ppt,.ppt,960,720,1.3333,slide,
CSCI4430_-_Rensselaer_Polytechnic_Institute,29_PLP11A.pdf,.pdf,792,612,1.2941,slide,
CSCI4430_-_Rensselaer_Polytechnic_Institute,2_Intro_PDCS2A.ppt,.ppt,960,720,1.3333,slide,
CSCI4430_-_Rensselaer_Polytechnic_Institute,30_PLP11A.ppt,.ppt,960,720,1.3333,slide,
CSCI4430_-_Rensselaer_Polytechnic_Institute,31_PLP11B.pdf,.pdf,792,612,1.2941,slide,
CSCI4430_-_Rensselaer_Polytechnic_Institute,32_PLP11C.pdf,.pdf,792,612,1.2941,slide,
CSCI4430_-_Rensselaer_Polytechnic_Institute,33_PLP11C.ppt,.ppt,960,720,1.3333,slide,
CSCI4430_-_Rensselaer_Polytechnic_Institute,34_PLP11D-CTM9.2_9.4_12.1-12.2.pdf,.pdf,792,612,1.2941,slide,
CSCI4430_-_Rensselaer_Polytechnic_Institute,35_PLP11D-CTM9.2_9.4_12.1-12.2.ppt,.ppt,960,720,1.3333,slide,
CSCI4430_-_Rensselaer_Polytechnic_Institute,36_PLP11E.pdf,.pdf,792,612,1.2941,slide,
CSCI4430_-_Rensselaer_Polytechnic_Institute,37_PLP11E.ppt,.ppt,960,720,1.3333,slide,
CSCI4430_-_Rensselaer_Polytechnic_Institute,38_CTM3.4.3-3.4.4.pdf,.pdf,792,612,1.2941,slide,
CSCI4430_-_Rensselaer_Polytechnic_Institute,39_CTM3.4.3-3.4.4.ppt,.ppt,960,720,1.3333,slide,
CSCI4430_-_Rensselaer_Polytechnic_Institute,3_PDCS2B.pdf,.pdf,792,612,1.2941,slide,
CSCI4430_-_Rensselaer_Polytechnic_Institute,40_CTM12.3-12.5.pdf,.pdf,792,612,1.2941,slide,
CSCI4430_-_Rensselaer_Polytechnic_Institute,41_CTM12.3-12.5.ppt,.ppt,960,720,1.3333,slide,
CSCI4430_-_Rensselaer_Polytechnic_Institute,4_PDCS2B.ppt,.ppt,960,720,1.3333,slide,
CSCI4430_-_Rensselaer_Polytechnic_Institute,5_PDCS2C.pdf,.pdf,792,612,1.2941,slide,
CSCI4430_-_Rensselaer_Polytechnic_Institute,6_PDCS2C.ppt,.ppt,960,720,1.3333,slide,
CSCI4430_-_Rensselaer_Polytechnic_Institute,7_slide.pdf,.pdf,792,612,1.2941,slide,
CSCI4430_-_Rensselaer_Polytechnic_Institute,8_slide.ppt,.ppt,960,720,1.3333,slide,
CSCI4430_-_Rensselaer_Polytechnic_Institute,9_CTM3.2_3.6.1.pdf,.pdf,792,612,1.2941,slide,
CSCI467_-_University_of_Southern_California,10_10_neuralnets.pdf,.pdf,960,540,1.7778,slide,
CSCI467_-_University_of_Southern_California,11_11_backprop.pdf,.pdf,960,540,1.7778,slide,
CSCI467_-_University_of_Southern_California,12_12_nnoptim.pdf,.pdf,960,540,1.7778,slide,
CSCI467_-_University_of_Southern_California,13_13_convnets.pdf,.pdf,960,540,1.7778,slide,
CSCI467_-_University_of_Southern_California,14_14_wordvec.pdf,.pdf,960,540,1.7778,slide,
CSCI467_-_University_of_Southern_California,15_15_rnns.pdf,.pdf,960,540,1.7778,slide,
CSCI467_-_University_of_Southern_California,16_16_attention.pdf,.pdf,960,540,1.7778,slide,
CSCI467_-_University_of_Southern_California,17_17_trees.pdf,.pdf,960,540,1.7778,slide,
CSCI467_-_University_of_Southern_California,18_18_transformers.pdf,.pdf,960,540,1.7778,slide,
CSCI467_-_University_of_Southern_California,19_19_transformers2.pdf,.pdf,960,540,1.7778,slide,
CSCI467_-_University_of_Southern_California,1_01_intro.pdf,.pdf,960,540,1.7778,slide,
CSCI467_-_University_of_Southern_California,20_20_kmeans.pdf,.pdf,456,589,0.7742,document,
CSCI467_-_University_of_Southern_California,21_21_gmm.pdf,.pdf,456,589,0.7742,document,
CSCI467_-_University_of_Southern_California,22_22_em.pdf,.pdf,456,589,0.7742,document,
CSCI467_-_University_of_Southern_California,23_23_pca.pdf,.pdf,456,589,0.7742,document,
CSCI467_-_University_of_Southern_California,24_24_mdp.pdf,.pdf,456,589,0.7742,document,
CSCI467_-_University_of_Southern_California,25_25_qlearning.pdf,.pdf,456,589,0.7742,document,
CSCI467_-_University_of_Southern_California,26_26_adversarial.pdf,.pdf,960,540,1.7778,slide,
CSCI467_-_University_of_Southern_California,27_26_policygrad.pdf,.pdf,456,589,0.7742,document,
CSCI467_-_University_of_Southern_California,28_27_fairness.pdf,.pdf,960,540,1.7778,slide,
CSCI467_-_University_of_Southern_California,29_28_chatgpt.pdf,.pdf,960,540,1.7778,slide,
CSCI467_-_University_of_Southern_California,2_02_linreg.pdf,.pdf,456,589,0.7742,document,
CSCI467_-_University_of_Southern_California,30_29_conclusion.pdf,.pdf,960,540,1.7778,slide,
CSCI467_-_University_of_Southern_California,31_29_summary.pdf,.pdf,456,589,0.7742,document,
CSCI467_-_University_of_Southern_California,3_03_linreg2.pdf,.pdf,456,589,0.7742,document,
CSCI467_-_University_of_Southern_California,4_04_classification.pdf,.pdf,456,589,0.7742,document,
CSCI467_-_University_of_Southern_California,5_05_overfitting.pdf,.pdf,456,589,0.7742,document,
CSCI467_-_University_of_Southern_California,6_06_biasvariance.pdf,.pdf,456,589,0.7742,document,
CSCI467_-_University_of_Southern_California,7_07_naivebayes.pdf,.pdf,960,540,1.7778,slide,
CSCI467_-_University_of_Southern_California,8_08_nonparametric.pdf,.pdf,456,589,0.7742,document,
CSCI467_-_University_of_Southern_California,9_09_kernels.pdf,.pdf,456,589,0.7742,document,
CSCI670_-_University_of_Southern_California,10_Subset-Sum_and_Intro_to_Network_Flow.pdf,.pdf,612,792,0.7727,document,
CSCI670_-_University_of_Southern_California,11_Max-Flow_Min-Cut_Theorem.pdf,.pdf,612,792,0.7727,document,
CSCI670_-_University_of_Southern_California,12_Edmonds-Karp_Theorem_and_Hall_s_Theorem.pdf,.pdf,612,792,0.7727,document,
CSCI670_-_University_of_Southern_California,13_Max-Flow_Applications.pdf,.pdf,612,792,0.7727,document,
CSCI670_-_University_of_Southern_California,14_Linear_Programming.pdf,.pdf,612,792,0.7727,document,
CSCI670_-_University_of_Southern_California,15_Approximation_Algorithms.pdf,.pdf,612,792,0.7727,document,
CSCI670_-_University_of_Southern_California,16_Coverage_Approximations.pdf,.pdf,612,792,0.7727,document,
CSCI670_-_University_of_Southern_California,17_Linear_Programming_Approximations.pdf,.pdf,612,792,0.7727,document,
CSCI670_-_University_of_Southern_California,18_Load_Balancing_Approximation.pdf,.pdf,612,792,0.7727,document,
CSCI670_-_University_of_Southern_California,19_Online_Algorithms.pdf,.pdf,612,792,0.7727,document,
CSCI670_-_University_of_Southern_California,1_Dijkstra_s_Algorithm.pdf,.pdf,612,792,0.7727,document,
CSCI670_-_University_of_Southern_California,20_Online_Access_of_Linked_Lists.pdf,.pdf,612,792,0.7727,document,
CSCI670_-_University_of_Southern_California,21_Randomized_Algorithms.pdf,.pdf,612,792,0.7727,document,
CSCI670_-_University_of_Southern_California,22_Quicksort_and_Tail_Bounds.pdf,.pdf,612,792,0.7727,document,
CSCI670_-_University_of_Southern_California,23_Randomized_LP_Rounding.pdf,.pdf,612,792,0.7727,document,
CSCI670_-_University_of_Southern_California,24_Intro_to_Game_Theory.pdf,.pdf,612,792,0.7727,document,
CSCI670_-_University_of_Southern_California,25_Fundamental_Theorems_of_Game_Theory.pdf,.pdf,612,792,0.7727,document,
CSCI670_-_University_of_Southern_California,26_AND_OR_Tree_Evaluation.pdf,.pdf,612,792,0.7727,document,
CSCI670_-_University_of_Southern_California,27_Multiplicative_Weights_Algorithm.pdf,.pdf,612,792,0.7727,document,
CSCI670_-_University_of_Southern_California,28_Title_Page.pdf,.pdf,612,792,0.7727,document,
CSCI670_-_University_of_Southern_California,2_Minimum_Spanning_Trees.pdf,.pdf,612,792,0.7727,document,
CSCI670_-_University_of_Southern_California,3_Fibonacci_Heaps.pdf,.pdf,612,792,0.7727,document,
CSCI670_-_University_of_Southern_California,4_Dynamic_Programming.pdf,.pdf,612,792,0.7727,document,
CSCI670_-_University_of_Southern_California,5_Bellman-Ford_Algorithm.pdf,.pdf,612,792,0.7727,document,
CSCI670_-_University_of_Southern_California,6_Intro_to_Complexity_Theory.pdf,.pdf,612,792,0.7727,document,
CSCI670_-_University_of_Southern_California,7_Complexity_Classes_and_NP-completeness.pdf,.pdf,612,792,0.7727,document,
CSCI670_-_University_of_Southern_California,8_Independent_Set_and_Cover_Problems.pdf,.pdf,612,792,0.7727,document,
CSCI670_-_University_of_Southern_California,9_Hamiltonian_Cycle_and_3DM.pdf,.pdf,612,792,0.7727,document,
CSE102_-_Stony_Brook_University,10_MoreCSS.ppt,.ppt,960,720,1.3333,slide,
CSE102_-_Stony_Brook_University,11_PHP-OLD.ppt,.ppt,960,720,1.3333,slide,
CSE102_-_Stony_Brook_University,12_PHP.ppt,.ppt,960,720,1.3333,slide,
CSE102_-_Stony_Brook_University,13_PerlAndCGI.ppt,.ppt,960,720,1.3333,slide,
CSE102_-_Stony_Brook_University,14_StyleSheetsAndNavigationBars.ppt,.ppt,960,720,1.3333,slide,
CSE102_-_Stony_Brook_University,15_WebBasics.ppt,.ppt,960,720,1.3333,slide,
CSE102_-_Stony_Brook_University,16_XHTMLBasics.ppt,.ppt,960,720,1.3333,slide,
CSE102_-_Stony_Brook_University,17_XHTMLFrames.ppt,.ppt,960,720,1.3333,slide,
CSE102_-_Stony_Brook_University,18_XHTMLImagesCharacterEncoding.ppt,.ppt,960,720,1.3333,slide,
CSE102_-_Stony_Brook_University,19_XHTMLListsHyperlinks.ppt,.ppt,960,720,1.3333,slide,
CSE102_-_Stony_Brook_University,1_CascadingStyleSheets.ppt,.ppt,960,720,1.3333,slide,
CSE102_-_Stony_Brook_University,20_XHTMLTables.ppt,.ppt,960,720,1.3333,slide,
CSE102_-_Stony_Brook_University,2_Color.ppt,.ppt,960,720,1.3333,slide,
CSE102_-_Stony_Brook_University,3_DesignBasics.ppt,.ppt,960,720,1.3333,slide,
CSE102_-_Stony_Brook_University,4_FormProcessingWithCGI.ppt,.ppt,960,720,1.3333,slide,
CSE102_-_Stony_Brook_University,5_Forms.ppt,.ppt,960,720,1.3333,slide,
CSE102_-_Stony_Brook_University,6_HTMLBasics.ppt,.ppt,960,720,1.3333,slide,
CSE102_-_Stony_Brook_University,7_InformationArchitecture.ppt,.ppt,960,720,1.3333,slide,
CSE102_-_Stony_Brook_University,8_Introduction.ppt,.ppt,960,720,1.3333,slide,
CSE102_-_Stony_Brook_University,9_JavaScript.ppt,.ppt,960,720,1.3333,slide,
CSE131_-_Washington_University_in_St._Louis,10_0.pdf,.pdf,792,612,1.2941,slide,
CSE131_-_Washington_University_in_St._Louis,1_1.pdf,.pdf,720,540,1.3333,slide,
CSE131_-_Washington_University_in_St._Louis,2_2.pdf,.pdf,792,612,1.2941,slide,
CSE131_-_Washington_University_in_St._Louis,3_3.pdf,.pdf,792,612,1.2941,slide,
CSE131_-_Washington_University_in_St._Louis,4_4.pdf,.pdf,792,612,1.2941,slide,
CSE131_-_Washington_University_in_St._Louis,5_5.pdf,.pdf,792,612,1.2941,slide,
CSE131_-_Washington_University_in_St._Louis,6_6.pdf,.pdf,792,612,1.2941,slide,
CSE131_-_Washington_University_in_St._Louis,7_7.pdf,.pdf,792,612,1.2941,slide,
CSE131_-_Washington_University_in_St._Louis,8_8.pdf,.pdf,792,612,1.2941,slide,
CSE131_-_Washington_University_in_St._Louis,9_9.pdf,.pdf,792,612,1.2941,slide,
CSE131B_-_University_of_California_San_Diego,10_Lecture9-RuntimeEnvironment.pdf,.pdf,794,595,1.3345,slide,
CSE131B_-_University_of_California_San_Diego,11_Lecture10-Runtime_Environment2.pdf,.pdf,1024,788,1.2995,slide,
CSE131B_-_University_of_California_San_Diego,12_Lecture11-IR_generation.pdf,.pdf,1024,788,1.2995,slide,
CSE131B_-_University_of_California_San_Diego,13_Lecture12-IR_Optimization.pdf,.pdf,1024,788,1.2995,slide,
CSE131B_-_University_of_California_San_Diego,14_Composite_micro12.pdf,.pdf,612,792,0.7727,document,
CSE131B_-_University_of_California_San_Diego,1_Lecture1-Intro.pdf,.pdf,1024,788,1.2995,slide,
CSE131B_-_University_of_California_San_Diego,2_Lecture2-Lexical.pdf,.pdf,1024,788,1.2995,slide,
CSE131B_-_University_of_California_San_Diego,3_Lecture3-Syntax.pdf,.pdf,1024,788,1.2995,slide,
CSE131B_-_University_of_California_San_Diego,4_Lecture4-TopDown.pdf,.pdf,1024,788,1.2995,slide,
CSE131B_-_University_of_California_San_Diego,5_Lecture4b-Bottomup.pdf,.pdf,1024,788,1.2995,slide,
CSE131B_-_University_of_California_San_Diego,6_Lecture5-Scoping.pdf,.pdf,794,595,1.3345,slide,
CSE131B_-_University_of_California_San_Diego,7_Lecture6-TypeChecking.pdf,.pdf,1024,788,1.2995,slide,
CSE131B_-_University_of_California_San_Diego,8_Lecture7-TypeChecking2.pdf,.pdf,1024,788,1.2995,slide,
CSE131B_-_University_of_California_San_Diego,9_Lecture8-MidtermReview.pdf,.pdf,1024,788,1.2995,slide,
CSE167_-_University_of_California_San_Diego,10_lec10.pdf,.pdf,792,612,1.2941,slide,
CSE167_-_University_of_California_San_Diego,11_lec11.pdf,.pdf,792,612,1.2941,slide,
CSE167_-_University_of_California_San_Diego,12_lec12.pdf,.pdf,792,612,1.2941,slide,
CSE167_-_University_of_California_San_Diego,13_lec13.pdf,.pdf,792,612,1.2941,slide,
CSE167_-_University_of_California_San_Diego,14_lec14.pdf,.pdf,792,612,1.2941,slide,
CSE167_-_University_of_California_San_Diego,15_lec15.pdf,.pdf,792,612,1.2941,slide,
CSE167_-_University_of_California_San_Diego,16_lec16.pdf,.pdf,792,612,1.2941,slide,
CSE167_-_University_of_California_San_Diego,17_lec17.pdf,.pdf,792,612,1.2941,slide,
CSE167_-_University_of_California_San_Diego,1_lec1.pdf,.pdf,792,612,1.2941,slide,
CSE167_-_University_of_California_San_Diego,2_lec2.pdf,.pdf,792,612,1.2941,slide,
CSE167_-_University_of_California_San_Diego,3_lec3.pdf,.pdf,792,612,1.2941,slide,
CSE167_-_University_of_California_San_Diego,4_lec4.pdf,.pdf,792,612,1.2941,slide,
CSE167_-_University_of_California_San_Diego,5_lec5.pdf,.pdf,792,612,1.2941,slide,
CSE167_-_University_of_California_San_Diego,6_lec6.pdf,.pdf,792,612,1.2941,slide,
CSE167_-_University_of_California_San_Diego,7_lec7.pdf,.pdf,792,612,1.2941,slide,
CSE167_-_University_of_California_San_Diego,8_lec8.pdf,.pdf,792,612,1.2941,slide,
CSE167_-_University_of_California_San_Diego,9_lec9.pdf,.pdf,792,612,1.2941,slide,
CSE232_-_Michigan_State_University,10_cse232_final_practice.pdf,.pdf,612,792,0.7727,document,
CSE232_-_Michigan_State_University,11_cse232_final_practice_sln.pdf,.pdf,612,792,0.7727,document,
CSE232_-_Michigan_State_University,12_cse232_functions_1.pdf,.pdf,720,405,1.7778,slide,
CSE232_-_Michigan_State_University,13_cse232_functions_2.pdf,.pdf,720,405,1.7778,slide,
CSE232_-_Michigan_State_University,14_cse232_generic_algorithms.pdf,.pdf,720,405,1.7778,slide,
CSE232_-_Michigan_State_University,15_cse232_iterators.pdf,.pdf,720,405,1.7778,slide,
CSE232_-_Michigan_State_University,16_cse232_midterm_practice.pdf,.pdf,612,792,0.7727,document,
CSE232_-_Michigan_State_University,17_cse232_midterm_practice_sln.pdf,.pdf,612,792,0.7727,document,
CSE232_-_Michigan_State_University,18_cse232_multiple_file_compilation.pdf,.pdf,720,405,1.7778,slide,
CSE232_-_Michigan_State_University,19_cse232_streams.pdf,.pdf,720,405,1.7778,slide,
CSE232_-_Michigan_State_University,1_cse232_classes_1.pdf,.pdf,720,405,1.7778,slide,
CSE232_-_Michigan_State_University,20_cse232_strings.pdf,.pdf,720,405,1.7778,slide,
CSE232_-_Michigan_State_University,21_cse232_type_modifiers_1.pdf,.pdf,720,405,1.7778,slide,
CSE232_-_Michigan_State_University,22_cse232_type_modifiers_2.pdf,.pdf,720,405,1.7778,slide,
CSE232_-_Michigan_State_University,23_cse232_types.pdf,.pdf,720,405,1.7778,slide,
CSE232_-_Michigan_State_University,24_cse232_us22_introduction.pdf,.pdf,720,405,1.7778,slide,
CSE232_-_Michigan_State_University,25_cse232_vectors.pdf,.pdf,720,405,1.7778,slide,
CSE232_-_Michigan_State_University,26_cse232_what_is_cpp.pdf,.pdf,720,405,1.7778,slide,
CSE232_-_Michigan_State_University,2_cse232_classes_2.pdf,.pdf,720,405,1.7778,slide,
CSE232_-_Michigan_State_University,3_cse232_classes_3.pdf,.pdf,720,405,1.7778,slide,
CSE232_-_Michigan_State_University,4_cse232_arrays.pdf,.pdf,720,405,1.7778,slide,
CSE232_-_Michigan_State_University,5_cse232_associative_containers.pdf,.pdf,720,405,1.7778,slide,
CSE232_-_Michigan_State_University,6_cse232_closing.pdf,.pdf,720,405,1.7778,slide,
CSE232_-_Michigan_State_University,7_cse232_control_conditionals.pdf,.pdf,720,405,1.7778,slide,
CSE232_-_Michigan_State_University,8_cse232_encapsulation.pdf,.pdf,720,405,1.7778,slide,
CSE232_-_Michigan_State_University,9_cse232_exceptions_and_string_stream.pdf,.pdf,720,405,1.7778,slide,
CSE252A_-_University_of_California_San_Diego,10_lec10.pdf,.pdf,720,540,1.3333,slide,
CSE252A_-_University_of_California_San_Diego,11_lec11.pdf,.pdf,720,540,1.3333,slide,
CSE252A_-_University_of_California_San_Diego,12_lec12.pdf,.pdf,720,540,1.3333,slide,
CSE252A_-_University_of_California_San_Diego,13_lec13.pdf,.pdf,720,540,1.3333,slide,
CSE252A_-_University_of_California_San_Diego,14_lec14.pdf,.pdf,720,540,1.3333,slide,
CSE252A_-_University_of_California_San_Diego,15_lec15.pdf,.pdf,720,540,1.3333,slide,
CSE252A_-_University_of_California_San_Diego,16_lec16.pdf,.pdf,720,540,1.3333,slide,
CSE252A_-_University_of_California_San_Diego,17_lec17.pdf,.pdf,720,540,1.3333,slide,
CSE252A_-_University_of_California_San_Diego,18_lec18.pdf,.pdf,720,540,1.3333,slide,
CSE252A_-_University_of_California_San_Diego,1_lec1.pdf,.pdf,720,540,1.3333,slide,
CSE252A_-_University_of_California_San_Diego,2_lec2.pdf,.pdf,720,540,1.3333,slide,
CSE252A_-_University_of_California_San_Diego,3_lec3.pdf,.pdf,720,540,1.3333,slide,
CSE252A_-_University_of_California_San_Diego,4_lec4.pdf,.pdf,720,540,1.3333,slide,
CSE252A_-_University_of_California_San_Diego,5_lec5.pdf,.pdf,720,540,1.3333,slide,
CSE252A_-_University_of_California_San_Diego,6_lec6.pdf,.pdf,720,540,1.3333,slide,
CSE252A_-_University_of_California_San_Diego,7_lec7.pdf,.pdf,720,540,1.3333,slide,
CSE252A_-_University_of_California_San_Diego,8_lec8.pdf,.pdf,720,540,1.3333,slide,
CSE252A_-_University_of_California_San_Diego,9_lec9.pdf,.pdf,720,540,1.3333,slide,
CSE303_-_Stony_Brook_University,10_lecture5.pdf,.pdf,363,273,1.3297,slide,
CSE303_-_Stony_Brook_University,11_lecture6.pdf,.pdf,363,273,1.3297,slide,
CSE303_-_Stony_Brook_University,12_lecture6a.pdf,.pdf,363,273,1.3297,slide,
CSE303_-_Stony_Brook_University,13_lecture7.pdf,.pdf,363,273,1.3297,slide,
CSE303_-_Stony_Brook_University,14_lecture8.pdf,.pdf,363,273,1.3297,slide,
CSE303_-_Stony_Brook_University,15_lecture9.pdf,.pdf,363,273,1.3297,slide,
CSE303_-_Stony_Brook_University,16_lecture10.pdf,.pdf,363,273,1.3297,slide,
CSE303_-_Stony_Brook_University,17_lecture11.pdf,.pdf,363,273,1.3297,slide,
CSE303_-_Stony_Brook_University,18_lecture12.pdf,.pdf,363,273,1.3297,slide,
CSE303_-_Stony_Brook_University,19_lecture13.pdf,.pdf,363,273,1.3297,slide,
CSE303_-_Stony_Brook_University,1_chapter1.pdf,.pdf,363,273,1.3297,slide,
CSE303_-_Stony_Brook_University,20_lecture14.pdf,.pdf,363,273,1.3297,slide,
CSE303_-_Stony_Brook_University,2_lecture1.pdf,.pdf,363,273,1.3297,slide,
CSE303_-_Stony_Brook_University,3_chapter2.pdf,.pdf,363,273,1.3297,slide,
CSE303_-_Stony_Brook_University,4_lecture2.pdf,.pdf,363,273,1.3297,slide,
CSE303_-_Stony_Brook_University,6_lecture3.pdf,.pdf,363,273,1.3297,slide,
CSE303_-_Stony_Brook_University,8_lecture4.pdf,.pdf,363,273,1.3297,slide,
CSE303_-_Stony_Brook_University,9_lecture4a.pdf,.pdf,363,273,1.3297,slide,
CSE307_-_Stony_Brook_University,10_Lecture_5_-_System_Modelling.pptx,.pptx,960,720,1.3333,slide,
CSE307_-_Stony_Brook_University,11_Lecture_6_-_Architectural_Design.pdf,.pdf,720,540,1.3333,slide,
CSE307_-_Stony_Brook_University,12_Lecture_6_-_Architectural_Design.pptx,.pptx,960,720,1.3333,slide,
CSE307_-_Stony_Brook_University,13_Lecture_7_-_Design_and_Implementation.pdf,.pdf,720,540,1.3333,slide,
CSE307_-_Stony_Brook_University,14_Lecture_7_-_Design_and_Implementation.pptx,.pptx,960,720,1.3333,slide,
CSE307_-_Stony_Brook_University,15_Lecture_8_-_Software_Testing.pdf,.pdf,720,540,1.3333,slide,
CSE307_-_Stony_Brook_University,16_Lecture_8_-_Software_Testing.pptx,.pptx,960,720,1.3333,slide,
CSE307_-_Stony_Brook_University,17_Lecture_9_-_Software_Evolution.pdf,.pdf,720,540,1.3333,slide,
CSE307_-_Stony_Brook_University,18_Lecture_9_-_Software_Evolution.pptx,.pptx,960,720,1.3333,slide,
CSE307_-_Stony_Brook_University,19_Lecture_10_-_Sociotechnical_Systems.pdf,.pdf,720,540,1.3333,slide,
CSE307_-_Stony_Brook_University,1_Lecture_1_-_Introduction.pdf,.pdf,720,540,1.3333,slide,
CSE307_-_Stony_Brook_University,20_Lecture_10_-_Sociotechnical_Systems.pptx,.pptx,960,720,1.3333,slide,
CSE307_-_Stony_Brook_University,21_Lecture_11_-_Security_and_Dependability.pdf,.pdf,720,540,1.3333,slide,
CSE307_-_Stony_Brook_University,22_Lecture_11_-_Security_and_Dependability.pptx,.pptx,960,720,1.3333,slide,
CSE307_-_Stony_Brook_University,23_Lecture_12_-_Dependability_and_Security_Specification.pdf,.pdf,720,540,1.3333,slide,
CSE307_-_Stony_Brook_University,24_Lecture_12_-_Dependability_and_Security_Specification.pptx,.pptx,960,720,1.3333,slide,
CSE307_-_Stony_Brook_University,25_Lecture_13_-_Dependability_engineering.pdf,.pdf,720,540,1.3333,slide,
CSE307_-_Stony_Brook_University,26_Lecture_13_-_Dependability_engineering.pptx,.pptx,960,720,1.3333,slide,
CSE307_-_Stony_Brook_University,27_Lecture_14_-_Security_Engineering.pdf,.pdf,720,540,1.3333,slide,
CSE307_-_Stony_Brook_University,28_Lecture_14_-_Security_Engineering.pptx,.pptx,960,720,1.3333,slide,
CSE307_-_Stony_Brook_University,2_Lecture_1_-_Introduction.pptx,.pptx,960,720,1.3333,slide,
CSE307_-_Stony_Brook_University,3_Lecture_2_-_Software_Processes.pdf,.pdf,720,540,1.3333,slide,
CSE307_-_Stony_Brook_University,4_Lecture_2_-_Software_Processes.pptx,.pptx,960,720,1.3333,slide,
CSE307_-_Stony_Brook_University,5_Lecture_3_-_Agile_Software_Development.pdf,.pdf,720,540,1.3333,slide,
CSE307_-_Stony_Brook_University,6_Lecture_3_-_Agile_Software_Development.pptx,.pptx,960,720,1.3333,slide,
CSE307_-_Stony_Brook_University,7_Lecture_4_-_Requirements_Engineering.pdf,.pdf,720,540,1.3333,slide,
CSE307_-_Stony_Brook_University,8_Lecture_4_-_Requirements_Engineering.pptx,.pptx,960,720,1.3333,slide,
CSE307_-_Stony_Brook_University,9_Lecture_5_-_System_Modelling.pdf,.pdf,720,540,1.3333,slide,
CSE340_-_Arizona_State_University,1_01-Programming-Languages.pptx,.pptx,960,720,1.3333,slide,
CSE340_-_Arizona_State_University,2_02-Lexical-Analysis.pptx,.pptx,960,720,1.3333,slide,
CSE340_-_Arizona_State_University,3_03-Syntax-Analysis.pptx,.pptx,960,720,1.3333,slide,
CSE340_-_Arizona_State_University,4_04-Semantics.pptx,.pptx,960,720,1.3333,slide,
CSE340_-_Arizona_State_University,5_05-Type-Systems.pptx,.pptx,960,720,1.3333,slide,
CSE340_-_Arizona_State_University,6_06-Hindley-Milner-Type-Inference.pptx,.pptx,960,720,1.3333,slide,
CSE340_-_Arizona_State_University,7_07-The-Runtime-Environment.pptx,.pptx,960,720,1.3333,slide,
CSE340_-_Arizona_State_University,8_08-Lambda-Calculus.pptx,.pptx,960,720,1.3333,slide,
CSE340_-_Arizona_State_University,9_Hindley-MilnerTypeChecking-Mohsen-Zohrevandi.pdf,.pdf,1024,768,1.3333,slide,
CSE342_-_Lehigh_University,10_Chapter5.ppt,.ppt,960,720,1.3333,slide,
CSE342_-_Lehigh_University,11_Chapter6.pdf,.pdf,720,540,1.3333,slide,
CSE342_-_Lehigh_University,12_Chapter6.ppt,.ppt,960,720,1.3333,slide,
CSE342_-_Lehigh_University,13_Chapter7.pdf,.pdf,720,540,1.3333,slide,
CSE342_-_Lehigh_University,14_Chapter7.ppt,.ppt,960,720,1.3333,slide,
CSE342_-_Lehigh_University,15_Chapter8.pdf,.pdf,720,540,1.3333,slide,
CSE342_-_Lehigh_University,16_Chapter8.ppt,.ppt,960,720,1.3333,slide,
CSE342_-_Lehigh_University,17_Welcome.ppt,.ppt,960,720,1.3333,slide,
CSE342_-_Lehigh_University,1_Chapter1.pdf,.pdf,720,540,1.3333,slide,
CSE342_-_Lehigh_University,2_Chapter1.ppt,.ppt,960,720,1.3333,slide,
CSE342_-_Lehigh_University,3_Chapter2.pdf,.pdf,720,540,1.3333,slide,
CSE342_-_Lehigh_University,4_Chapter2.ppt,.ppt,960,720,1.3333,slide,
CSE342_-_Lehigh_University,5_Chapter3.pdf,.pdf,720,540,1.3333,slide,
CSE342_-_Lehigh_University,6_Chapter3.ppt,.ppt,960,720,1.3333,slide,
CSE342_-_Lehigh_University,7_Chapter4.pdf,.pdf,720,540,1.3333,slide,
CSE342_-_Lehigh_University,8_Chapter4.ppt,.ppt,960,720,1.3333,slide,
CSE342_-_Lehigh_University,9_Chapter5.pdf,.pdf,720,540,1.3333,slide,
CSE435_-_Michigan_State_University,10_cse435_Lecture_9-UML_and_Use_Case_Diagrams.pdf,.pdf,720,540,1.3333,slide,
CSE435_-_Michigan_State_University,11_cse435_Lecture_10-OO_Modeling.pdf,.pdf,720,405,1.7778,slide,
CSE435_-_Michigan_State_University,12_cse435_Lecture_11-static_modeling_in_UML_cont.pdf,.pdf,720,405,1.7778,slide,
CSE435_-_Michigan_State_University,13_cse435_Lecture_12-dynamic_modeling_in_UML.pdf,.pdf,720,405,1.7778,slide,
CSE435_-_Michigan_State_University,14_cse435_Lecture_13-System_Architecture.pdf,.pdf,720,540,1.3333,slide,
CSE435_-_Michigan_State_University,15_cse435_Lecture_14-Software_Quality.pdf,.pdf,720,540,1.3333,slide,
CSE435_-_Michigan_State_University,16_cse435_Lecture_15-Testing.pdf,.pdf,720,540,1.3333,slide,
CSE435_-_Michigan_State_University,17_cse435_Lecture_16-Testing.pdf,.pdf,720,540,1.3333,slide,
CSE435_-_Michigan_State_University,18_cse435_Lecture_17-Integration_Testing.pdf,.pdf,720,540,1.3333,slide,
CSE435_-_Michigan_State_University,19_cse435_Lecture_18-Security.pdf,.pdf,720,540,1.3333,slide,
CSE435_-_Michigan_State_University,1_cse435_Lecture_1.pdf,.pdf,720,405,1.7778,slide,
CSE435_-_Michigan_State_University,20_cse435_Lecture_19-Security-cont.pdf,.pdf,720,540,1.3333,slide,
CSE435_-_Michigan_State_University,21_Career-Fair-2015.pdf,.pdf,720,540,1.3333,slide,
CSE435_-_Michigan_State_University,22_cse435_Term_Project.pdf,.pdf,720,405,1.7778,slide,
CSE435_-_Michigan_State_University,2_cse435_Lecture_2.pdf,.pdf,720,405,1.7778,slide,
CSE435_-_Michigan_State_University,3_cse435_Lecture_3.pdf,.pdf,720,405,1.7778,slide,
CSE435_-_Michigan_State_University,4_cse435_Lecture_4.pdf,.pdf,720,405,1.7778,slide,
CSE435_-_Michigan_State_University,5_cse435_Lecture_5.pdf,.pdf,720,405,1.7778,slide,
CSE435_-_Michigan_State_University,6_cse435_Lecture_6.pdf,.pdf,720,405,1.7778,slide,
CSE435_-_Michigan_State_University,7_cse435_Lecture_7a-Risk.pdf,.pdf,720,540,1.3333,slide,
CSE435_-_Michigan_State_University,8_cse435_Lecture_7b-Requirements.pdf,.pdf,720,540,1.3333,slide,
CSE435_-_Michigan_State_University,9_cse435_Lecture_8-Solicitation.pdf,.pdf,720,540,1.3333,slide,
CSE543_-_Washington_University_in_St._Louis,10_au25_lecture5_live.pdf,.pdf,792,595,1.3311,slide,
CSE543_-_Washington_University_in_St._Louis,11_au25_lecture6.pdf,.pdf,720,540,1.3333,slide,
CSE543_-_Washington_University_in_St._Louis,12_au25_lecture6_live.pdf,.pdf,792,595,1.3311,slide,
CSE543_-_Washington_University_in_St._Louis,13_au25_lecture7.pdf,.pdf,720,540,1.3333,slide,
CSE543_-_Washington_University_in_St._Louis,14_au25_lecture7_live.pdf,.pdf,792,595,1.3311,slide,
CSE543_-_Washington_University_in_St._Louis,15_au25_lecture8.pdf,.pdf,720,540,1.3333,slide,
CSE543_-_Washington_University_in_St._Louis,16_au25_lecture8_live.pdf,.pdf,792,595,1.3311,slide,
CSE543_-_Washington_University_in_St._Louis,17_au25_lecture9.pdf,.pdf,720,540,1.3333,slide,
CSE543_-_Washington_University_in_St._Louis,18_au25_lecture9_live.pdf,.pdf,792,595,1.3311,slide,
CSE543_-_Washington_University_in_St._Louis,19_au25_lecture10.pdf,.pdf,720,540,1.3333,slide,
CSE543_-_Washington_University_in_St._Louis,1_au25_lecture1.pdf,.pdf,720,540,1.3333,slide,
CSE543_-_Washington_University_in_St._Louis,20_au25_lecture10_live.pdf,.pdf,792,595,1.3311,slide,
CSE543_-_Washington_University_in_St._Louis,21_au25_lecture11.pdf,.pdf,720,540,1.3333,slide,
CSE543_-_Washington_University_in_St._Louis,22_au25_lecture11_live.pdf,.pdf,792,595,1.3311,slide,
CSE543_-_Washington_University_in_St._Louis,23_au25_lecture12.pdf,.pdf,720,540,1.3333,slide,
CSE543_-_Washington_University_in_St._Louis,24_au25_lecture12_live.pdf,.pdf,792,595,1.3311,slide,
CSE543_-_Washington_University_in_St._Louis,25_au25_lecture13.pdf,.pdf,720,540,1.3333,slide,
CSE543_-_Washington_University_in_St._Louis,26_au25_lecture13_live.pdf,.pdf,792,595,1.3311,slide,
CSE543_-_Washington_University_in_St._Louis,27_au25_lecture14.pdf,.pdf,720,540,1.3333,slide,
CSE543_-_Washington_University_in_St._Louis,28_au25_lecture14_live.pdf,.pdf,792,595,1.3311,slide,
CSE543_-_Washington_University_in_St._Louis,29_au25_lecture15.pdf,.pdf,720,540,1.3333,slide,
CSE543_-_Washington_University_in_St._Louis,2_au25_lecture1_live.pdf,.pdf,792,595,1.3311,slide,
CSE543_-_Washington_University_in_St._Louis,30_au25_lecture15_live.pdf,.pdf,792,595,1.3311,slide,
CSE543_-_Washington_University_in_St._Louis,31_au25_lecture16.pdf,.pdf,720,540,1.3333,slide,
CSE543_-_Washington_University_in_St._Louis,32_au25_lecture16_live.pdf,.pdf,792,595,1.3311,slide,
CSE543_-_Washington_University_in_St._Louis,33_au25_lecture17.pdf,.pdf,720,540,1.3333,slide,
CSE543_-_Washington_University_in_St._Louis,34_au25_lecture17_live.pdf,.pdf,792,595,1.3311,slide,
CSE543_-_Washington_University_in_St._Louis,3_au25_lecture2.pdf,.pdf,720,540,1.3333,slide,
CSE543_-_Washington_University_in_St._Louis,4_au25_lecture2_live.pdf,.pdf,792,595,1.3311,slide,
CSE543_-_Washington_University_in_St._Louis,5_au25_lecture3.pdf,.pdf,720,540,1.3333,slide,
CSE543_-_Washington_University_in_St._Louis,6_au25_lecture3_live.pdf,.pdf,792,595,1.3311,slide,
CSE543_-_Washington_University_in_St._Louis,7_au25_lecture4.pdf,.pdf,720,540,1.3333,slide,
CSE543_-_Washington_University_in_St._Louis,8_au25_lecture4_live.pdf,.pdf,792,595,1.3311,slide,
CSE543_-_Washington_University_in_St._Louis,9_au25_lecture5.pdf,.pdf,720,540,1.3333,slide,
CSE8B_-_University_of_California_San_Diego,10_lec10.pdf,.pdf,720,540,1.3333,slide,
CSE8B_-_University_of_California_San_Diego,11_lec11.pdf,.pdf,720,540,1.3333,slide,
CSE8B_-_University_of_California_San_Diego,12_lec12.pdf,.pdf,720,540,1.3333,slide,
CSE8B_-_University_of_California_San_Diego,13_lec13.pdf,.pdf,720,540,1.3333,slide,
CSE8B_-_University_of_California_San_Diego,14_lec14.pdf,.pdf,720,540,1.3333,slide,
CSE8B_-_University_of_California_San_Diego,15_lec15.pdf,.pdf,720,540,1.3333,slide,
CSE8B_-_University_of_California_San_Diego,16_lec16.pdf,.pdf,720,540,1.3333,slide,
CSE8B_-_University_of_California_San_Diego,17_lec17.pdf,.pdf,720,540,1.3333,slide,
CSE8B_-_University_of_California_San_Diego,18_lec18.pdf,.pdf,720,540,1.3333,slide,
CSE8B_-_University_of_California_San_Diego,1_lec1.pdf,.pdf,720,540,1.3333,slide,
CSE8B_-_University_of_California_San_Diego,2_lec2.pdf,.pdf,720,540,1.3333,slide,
CSE8B_-_University_of_California_San_Diego,3_lec3.pdf,.pdf,720,540,1.3333,slide,
CSE8B_-_University_of_California_San_Diego,4_lec4.pdf,.pdf,720,540,1.3333,slide,
CSE8B_-_University_of_California_San_Diego,5_lec5.pdf,.pdf,720,540,1.3333,slide,
CSE8B_-_University_of_California_San_Diego,6_lec6.pdf,.pdf,720,540,1.3333,slide,
CSE8B_-_University_of_California_San_Diego,7_lec7.pdf,.pdf,720,540,1.3333,slide,
CSE8B_-_University_of_California_San_Diego,8_lec8.pdf,.pdf,720,540,1.3333,slide,
CSE8B_-_University_of_California_San_Diego,9_lec9.pdf,.pdf,720,540,1.3333,slide,
CSIS103_-_Marist_College,10_Module_05.pptx,.pptx,1280,720,1.7778,slide,
CSIS103_-_Marist_College,11_Module_06.pdf,.pdf,960,540,1.7778,slide,
CSIS103_-_Marist_College,12_Module_06.pptx,.pptx,1280,720,1.7778,slide,
CSIS103_-_Marist_College,13_Module_07.pdf,.pdf,960,540,1.7778,slide,
CSIS103_-_Marist_College,15_Module_08.pdf,.pdf,960,540,1.7778,slide,
CSIS103_-_Marist_College,16_Module_08.pptx,.pptx,1280,720,1.7778,slide,
CSIS103_-_Marist_College,17_Module_09.pdf,.pdf,960,540,1.7778,slide,
CSIS103_-_Marist_College,19_Module_10.pdf,.pdf,720,405,1.7778,slide,
CSIS103_-_Marist_College,1_Module_01.pdf,.pdf,960,540,1.7778,slide,
CSIS103_-_Marist_College,20_Module_10.pptx,.pptx,960,540,1.7778,slide,
CSIS103_-_Marist_College,21_licklider.pdf,.pdf,632,795,0.795,document,
CSIS103_-_Marist_College,2_Module_01.pptx,.pptx,1280,720,1.7778,slide,
CSIS103_-_Marist_College,3_Module_02.pdf,.pdf,960,540,1.7778,slide,
CSIS103_-_Marist_College,4_Module_02.pptx,.pptx,1280,720,1.7778,slide,
CSIS103_-_Marist_College,5_Module_03.pdf,.pdf,960,540,1.7778,slide,
CSIS103_-_Marist_College,6_Module_03.pptx,.pptx,1280,720,1.7778,slide,
CSIS103_-_Marist_College,7_Module_04.pdf,.pdf,960,540,1.7778,slide,
CSIS103_-_Marist_College,8_Module_04.pptx,.pptx,1280,720,1.7778,slide,
CSIS103_-_Marist_College,9_Module_05.pdf,.pdf,960,540,1.7778,slide,
CSS421_-_University_of_Washington,10_lecture05-greedy.pdf,.pdf,792,612,1.2941,slide,
CSS421_-_University_of_Washington,11_lecture06-moregreedy-A.pdf,.pdf,792,612,1.2941,slide,
CSS421_-_University_of_Washington,12_lecture06-moregreedy.pdf,.pdf,792,612,1.2941,slide,
CSS421_-_University_of_Washington,13_lecture07-mst-A.pdf,.pdf,792,612,1.2941,slide,
CSS421_-_University_of_Washington,14_lecture07-mst.pdf,.pdf,792,612,1.2941,slide,
CSS421_-_University_of_Washington,15_lecture08-divideandconquer-A.pdf,.pdf,792,612,1.2941,slide,
CSS421_-_University_of_Washington,16_lecture08-divideandconquer.pdf,.pdf,792,612,1.2941,slide,
CSS421_-_University_of_Washington,17_lecture09-dandc-multiplication-A.pdf,.pdf,792,612,1.2941,slide,
CSS421_-_University_of_Washington,18_lecture09-dandc-multiplication.pdf,.pdf,792,612,1.2941,slide,
CSS421_-_University_of_Washington,19_lecture10-dandc-median-quicksort-A.pdf,.pdf,792,612,1.2941,slide,
CSS421_-_University_of_Washington,1_lecture01-intro-stablematching-A.pdf,.pdf,792,612,1.2941,slide,
CSS421_-_University_of_Washington,20_lecture10-dandc-median-quicksort.pdf,.pdf,792,612,1.2941,slide,
CSS421_-_University_of_Washington,21_lecture11-dynamicprogramming-A.pdf,.pdf,792,612,1.2941,slide,
CSS421_-_University_of_Washington,22_lecture11-dynamicprogramming.pdf,.pdf,792,612,1.2941,slide,
CSS421_-_University_of_Washington,23_lecture12-dp-lis-knapsack-A.pdf,.pdf,792,612,1.2941,slide,
CSS421_-_University_of_Washington,24_lecture12-dp-lis-knapsack.pdf,.pdf,792,612,1.2941,slide,
CSS421_-_University_of_Washington,25_lecture13-dp-biology-A.pdf,.pdf,792,612,1.2941,slide,
CSS421_-_University_of_Washington,26_lecture13-dp-biology.pdf,.pdf,792,612,1.2941,slide,
CSS421_-_University_of_Washington,27_lecture14-dp-bellmanford-A.pdf,.pdf,792,612,1.2941,slide,
CSS421_-_University_of_Washington,28_lecture14-dp-bellmanford.pdf,.pdf,792,612,1.2941,slide,
CSS421_-_University_of_Washington,29_lecture15-flow.pdf,.pdf,792,612,1.2941,slide,
CSS421_-_University_of_Washington,2_lecture01-intro-stablematching.pdf,.pdf,792,612,1.2941,slide,
CSS421_-_University_of_Washington,31_lecture16-fordfulkerson.pdf,.pdf,792,612,1.2941,slide,
CSS421_-_University_of_Washington,32_lecture17-augmentingmethods-A.pdf,.pdf,792,612,1.2941,slide,
CSS421_-_University_of_Washington,33_lecture17-augmentingmethods.pdf,.pdf,792,612,1.2941,slide,
CSS421_-_University_of_Washington,34_lecture18-flowapplications-A.pdf,.pdf,792,612,1.2941,slide,
CSS421_-_University_of_Washington,35_lecture18-flowapplications.pdf,.pdf,792,612,1.2941,slide,
CSS421_-_University_of_Washington,36_lecture19-moreflowapplications-A.pdf,.pdf,792,612,1.2941,slide,
CSS421_-_University_of_Washington,37_lecture19-moreflowapplications.pdf,.pdf,792,612,1.2941,slide,
CSS421_-_University_of_Washington,38_lecture20-linearprogramming-A.pdf,.pdf,792,612,1.2941,slide,
CSS421_-_University_of_Washington,39_lecture20-linearprogramming.pdf,.pdf,792,612,1.2941,slide,
CSS421_-_University_of_Washington,3_lecture02-stablematching-properties-A.pdf,.pdf,792,612,1.2941,slide,
CSS421_-_University_of_Washington,40_lecture21-lpduality-A.pdf,.pdf,792,612,1.2941,slide,
CSS421_-_University_of_Washington,41_lecture21-lpduality.pdf,.pdf,792,612,1.2941,slide,
CSS421_-_University_of_Washington,42_lecture22-reductions-A.pdf,.pdf,792,612,1.2941,slide,
CSS421_-_University_of_Washington,43_lecture22-reductions.pdf,.pdf,792,612,1.2941,slide,
CSS421_-_University_of_Washington,44_lecture23-np-A.pdf,.pdf,792,612,1.2941,slide,
CSS421_-_University_of_Washington,45_lecture23-np.pdf,.pdf,792,612,1.2941,slide,
CSS421_-_University_of_Washington,46_lecture24-more-np.pdf,.pdf,792,612,1.2941,slide,
CSS421_-_University_of_Washington,47_lecture25-approximation-A.pdf,.pdf,792,612,1.2941,slide,
CSS421_-_University_of_Washington,48_lecture25-approximation.pdf,.pdf,792,612,1.2941,slide,
CSS421_-_University_of_Washington,49_lecture26-lpalgorithms-A.pdf,.pdf,792,612,1.2941,slide,
CSS421_-_University_of_Washington,4_lecture02-stablematching-properties.pdf,.pdf,792,612,1.2941,slide,
CSS421_-_University_of_Washington,50_lecture26-lpalgorithms.pdf,.pdf,792,612,1.2941,slide,
CSS421_-_University_of_Washington,51_lecture27-dealing-A.pdf,.pdf,792,612,1.2941,slide,
CSS421_-_University_of_Washington,52_lecture27-dealing.pdf,.pdf,792,612,1.2941,slide,
CSS421_-_University_of_Washington,53_lecture28-fixedparm-sat-A.pdf,.pdf,792,612,1.2941,slide,
CSS421_-_University_of_Washington,54_lecture28-fixedparm-sat.pdf,.pdf,792,612,1.2941,slide,
CSS421_-_University_of_Washington,55_lecture29-wrap-up-A.pdf,.pdf,792,612,1.2941,slide,
CSS421_-_University_of_Washington,56_lecture29-wrap-up.pdf,.pdf,792,612,1.2941,slide,
CSS421_-_University_of_Washington,57_section01-slides-nosol.pdf,.pdf,720,405,1.7778,slide,
CSS421_-_University_of_Washington,58_section01-slides.pdf,.pdf,720,405,1.7778,slide,
CSS421_-_University_of_Washington,59_section02-slides-nosol.pdf,.pdf,720,405,1.7778,slide,
CSS421_-_University_of_Washington,5_lecture03-overview-graphsearch-A.pdf,.pdf,792,612,1.2941,slide,
CSS421_-_University_of_Washington,60_section02-slides.pdf,.pdf,720,405,1.7778,slide,
CSS421_-_University_of_Washington,61_section03-slides-nosol.pdf,.pdf,720,405,1.7778,slide,
CSS421_-_University_of_Washington,62_section03-slides.pdf,.pdf,720,405,1.7778,slide,
CSS421_-_University_of_Washington,63_section04-slides-nosol.pdf,.pdf,720,405,1.7778,slide,
CSS421_-_University_of_Washington,64_section04-slides.pdf,.pdf,720,405,1.7778,slide,
CSS421_-_University_of_Washington,65_section05-slides-nosol.pdf,.pdf,720,405,1.7778,slide,
CSS421_-_University_of_Washington,66_section05-slides.pdf,.pdf,720,405,1.7778,slide,
CSS421_-_University_of_Washington,67_section06-slides-nosol.pdf,.pdf,720,405,1.7778,slide,
CSS421_-_University_of_Washington,68_section06-slides.pdf,.pdf,720,405,1.7778,slide,
CSS421_-_University_of_Washington,69_section07-slides-nosol.pdf,.pdf,720,405,1.7778,slide,
CSS421_-_University_of_Washington,6_lecture03-overview-graphsearch.pdf,.pdf,792,612,1.2941,slide,
CSS421_-_University_of_Washington,70_section07-slides.pdf,.pdf,720,405,1.7778,slide,
CSS421_-_University_of_Washington,71_section08-slides-nosol.pdf,.pdf,720,405,1.7778,slide,
CSS421_-_University_of_Washington,72_section08-slides.pdf,.pdf,792,612,1.2941,slide,
CSS421_-_University_of_Washington,73_section09-slides-nosol.pdf,.pdf,720,405,1.7778,slide,
CSS421_-_University_of_Washington,74_section09-slides.pdf,.pdf,720,405,1.7778,slide,
CSS421_-_University_of_Washington,75_section10-slides-nosol.pdf,.pdf,720,405,1.7778,slide,
CSS421_-_University_of_Washington,76_section10-slides.pdf,.pdf,720,405,1.7778,slide,
CSS421_-_University_of_Washington,7_lecture04-bfs-dfs-properties-A.pdf,.pdf,792,612,1.2941,slide,
CSS421_-_University_of_Washington,8_lecture04-bfs-dfs-properties.pdf,.pdf,792,612,1.2941,slide,
CSS421_-_University_of_Washington,9_lecture05-greedy-A.pdf,.pdf,792,612,1.2941,slide,
CSS490_-_University_of_Washington,10_05b_logistic_regression.ppt,.ppt,960,720,1.3333,slide,
CSS490_-_University_of_Washington,11_06a_math_essentials_2.pdf,.pdf,792,612,1.2941,slide,
CSS490_-_University_of_Washington,12_06a_math_essentials_2.pptx,.pptx,960,720,1.3333,slide,
CSS490_-_University_of_Washington,13_06b_discriminant_analysis.pdf,.pdf,792,612,1.2941,slide,
CSS490_-_University_of_Washington,14_06b_discriminant_analysis.ppt,.ppt,960,720,1.3333,slide,
CSS490_-_University_of_Washington,15_06c_nearest_neighbor.pdf,.pdf,792,612,1.2941,slide,
CSS490_-_University_of_Washington,16_06c_nearest_neighbor.ppt,.ppt,960,720,1.3333,slide,
CSS490_-_University_of_Washington,17_07a_naive_bayes.pdf,.pdf,792,612,1.2941,slide,
CSS490_-_University_of_Washington,18_07a_naive_bayes.ppt,.ppt,960,720,1.3333,slide,
CSS490_-_University_of_Washington,19_07b_regression.pdf,.pdf,792,612,1.2941,slide,
CSS490_-_University_of_Washington,1_01_intro.pdf,.pdf,720,540,1.3333,slide,
CSS490_-_University_of_Washington,20_07b_regression.ppt,.ppt,960,720,1.3333,slide,
CSS490_-_University_of_Washington,21_08a_Netflix_Prize.pdf,.pdf,792,612,1.2941,slide,
CSS490_-_University_of_Washington,22_08a_Netflix_Prize.pptx,.pptx,960,720,1.3333,slide,
CSS490_-_University_of_Washington,23_08b_collaborative_filtering_1_r1.pdf,.pdf,792,612,1.2941,slide,
CSS490_-_University_of_Washington,24_08b_collaborative_filtering_1_r1.pptx,.pptx,960,720,1.3333,slide,
CSS490_-_University_of_Washington,25_09_collaborative_filtering_2_r1.pdf,.pdf,792,612,1.2941,slide,
CSS490_-_University_of_Washington,26_09_collaborative_filtering_2_r1.ppt,.ppt,960,720,1.3333,slide,
CSS490_-_University_of_Washington,27_10_clustering_basics_1.pdf,.pdf,792,612,1.2941,slide,
CSS490_-_University_of_Washington,28_10_clustering_basics_1.ppt,.ppt,960,720,1.3333,slide,
CSS490_-_University_of_Washington,29_11_clustering_basics_2.pdf,.pdf,792,612,1.2941,slide,
CSS490_-_University_of_Washington,2_02_math_essentials.pdf,.pdf,792,612,1.2941,slide,
CSS490_-_University_of_Washington,30_11_clustering_basics_2.ppt,.ppt,960,720,1.3333,slide,
CSS490_-_University_of_Washington,31_12_ensemble_methods_1_r1.pdf,.pdf,792,612,1.2941,slide,
CSS490_-_University_of_Washington,32_12_ensemble_methods_1_r1.pptx,.pptx,960,720,1.3333,slide,
CSS490_-_University_of_Washington,33_13a_ensemble_methods_2.pdf,.pdf,792,612,1.2941,slide,
CSS490_-_University_of_Washington,34_13a_ensemble_methods_2.pptx,.pptx,960,720,1.3333,slide,
CSS490_-_University_of_Washington,35_13b_neural_networks_1.pdf,.pdf,792,612,1.2941,slide,
CSS490_-_University_of_Washington,36_13b_neural_networks_1.pptx,.pptx,960,720,1.3333,slide,
CSS490_-_University_of_Washington,37_14_neural_networks_2.pdf,.pdf,792,612,1.2941,slide,
CSS490_-_University_of_Washington,38_14_neural_networks_2.pptx,.pptx,960,720,1.3333,slide,
CSS490_-_University_of_Washington,39_15_support_vector_machines.pdf,.pdf,792,612,1.2941,slide,
CSS490_-_University_of_Washington,3_03a_matlab_essentials.pdf,.pdf,792,612,1.2941,slide,
CSS490_-_University_of_Washington,40_15_support_vector_machines.pptx,.pptx,960,720,1.3333,slide,
CSS490_-_University_of_Washington,41_16_dimensionality_reduction.pdf,.pdf,792,612,1.2941,slide,
CSS490_-_University_of_Washington,42_16_dimensionality_reduction.ppt,.ppt,960,720,1.3333,slide,
CSS490_-_University_of_Washington,4_03b_data.pdf,.pdf,792,612,1.2941,slide,
CSS490_-_University_of_Washington,5_04_classification_basics.pdf,.pdf,792,612,1.2941,slide,
CSS490_-_University_of_Washington,6_04_classification_basics.ppt,.ppt,960,720,1.3333,slide,
CSS490_-_University_of_Washington,7_05a_feature_creation_selection.pdf,.pdf,792,612,1.2941,slide,
CSS490_-_University_of_Washington,8_05a_feature_creation_selection.ppt,.ppt,960,720,1.3333,slide,
CSS490_-_University_of_Washington,9_05b_logistic_regression.pdf,.pdf,792,612,1.2941,slide,
CSSE103_-_Seattle_University,10_lec10.pdf,.pdf,612,785,0.7796,document,
CSSE103_-_Seattle_University,11_lec11.pdf,.pdf,612,786,0.7786,document,
CSSE103_-_Seattle_University,12_lec12.pdf,.pdf,612,787,0.7776,document,
CSSE103_-_Seattle_University,13_lec13.pdf,.pdf,612,785,0.7796,document,
CSSE103_-_Seattle_University,14_lec14.pdf,.pdf,612,785,0.7796,document,
CSSE103_-_Seattle_University,15_lec15.pdf,.pdf,612,786,0.7786,document,
CSSE103_-_Seattle_University,16_lec16.pdf,.pdf,612,785,0.7796,document,
CSSE103_-_Seattle_University,17_lec17.pdf,.pdf,612,786,0.7786,document,
CSSE103_-_Seattle_University,18_lec18.pdf,.pdf,612,786,0.7786,document,
CSSE103_-_Seattle_University,19_lec19.pdf,.pdf,612,786,0.7786,document,
CSSE103_-_Seattle_University,1_lec1.pdf,.pdf,612,784,0.7806,document,
CSSE103_-_Seattle_University,20_tilings.pptx,.pptx,960,720,1.3333,slide,
CSSE103_-_Seattle_University,2_lec2.pdf,.pdf,612,842,0.7268,document,
CSSE103_-_Seattle_University,3_lec3.pdf,.pdf,612,785,0.7796,document,
CSSE103_-_Seattle_University,4_lec4.pdf,.pdf,612,785,0.7796,document,
CSSE103_-_Seattle_University,5_lec5.pdf,.pdf,612,787,0.7776,document,
CSSE103_-_Seattle_University,6_lec6.pdf,.pdf,612,787,0.7776,document,
CSSE103_-_Seattle_University,7_lec7.pdf,.pdf,612,785,0.7796,document,
CSSE103_-_Seattle_University,8_lec8.pdf,.pdf,612,786,0.7786,document,
CSSE103_-_Seattle_University,9_lec9.pdf,.pdf,612,786,0.7786,document,
CSSE220_-_Rose-Hulman_Institute_of_Technology,10_05_InputAndUnitTests.pdf,.pdf,720,540,1.3333,slide,
CSSE220_-_Rose-Hulman_Institute_of_Technology,11_05_ShapesAndFundamentalDataTypes.pdf,.pdf,720,540,1.3333,slide,
CSSE220_-_Rose-Hulman_Institute_of_Technology,12_06_Graphics.pdf,.pdf,720,540,1.3333,slide,
CSSE220_-_Rose-Hulman_Institute_of_Technology,13_06_InputFormattingAndDecisions.pdf,.pdf,720,540,1.3333,slide,
CSSE220_-_Rose-Hulman_Institute_of_Technology,14_07_GraphicsAndUnitTesting.pdf,.pdf,720,540,1.3333,slide,
CSSE220_-_Rose-Hulman_Institute_of_Technology,15_07_Iteration.pdf,.pdf,720,540,1.3333,slide,
CSSE220_-_Rose-Hulman_Institute_of_Technology,16_08_ArraysAndLists.pdf,.pdf,720,540,1.3333,slide,
CSSE220_-_Rose-Hulman_Institute_of_Technology,17_09_TwoDArrays.pdf,.pdf,720,540,1.3333,slide,
CSSE220_-_Rose-Hulman_Institute_of_Technology,18_10_ClassDiagramsAndPairProgramming.pdf,.pdf,720,540,1.3333,slide,
CSSE220_-_Rose-Hulman_Institute_of_Technology,19_10_ExamReview.pdf,.pdf,720,540,1.3333,slide,
CSSE220_-_Rose-Hulman_Institute_of_Technology,1_01_JavaIntro.pdf,.pdf,720,540,1.3333,slide,
CSSE220_-_Rose-Hulman_Institute_of_Technology,20_10_GameOfLife.pdf,.pdf,720,540,1.3333,slide,
CSSE220_-_Rose-Hulman_Institute_of_Technology,21_11_Encapsulation.pdf,.pdf,720,540,1.3333,slide,
CSSE220_-_Rose-Hulman_Institute_of_Technology,22_11_Object_Oriented_Design.pdf,.pdf,720,540,1.3333,slide,
CSSE220_-_Rose-Hulman_Institute_of_Technology,23_12_Cohesion_and_Coupling.pdf,.pdf,792,612,1.2941,slide,
CSSE220_-_Rose-Hulman_Institute_of_Technology,24_12_DesigningClasses.pdf,.pdf,720,540,1.3333,slide,
CSSE220_-_Rose-Hulman_Institute_of_Technology,25_13_Encapsulation.pdf,.pdf,720,540,1.3333,slide,
CSSE220_-_Rose-Hulman_Institute_of_Technology,26_13_OnToInterfaces.pdf,.pdf,720,540,1.3333,slide,
CSSE220_-_Rose-Hulman_Institute_of_Technology,27_13_Recursion.pdf,.pdf,792,612,1.2941,slide,
CSSE220_-_Rose-Hulman_Institute_of_Technology,28_14_EventBasedProgramming.pdf,.pdf,720,540,1.3333,slide,
CSSE220_-_Rose-Hulman_Institute_of_Technology,29_14_Interfaces_and_EventBasedProgramming.pdf,.pdf,720,540,1.3333,slide,
CSSE220_-_Rose-Hulman_Institute_of_Technology,2_01_JavaIntro_wilkin.pdf,.pdf,720,540,1.3333,slide,
CSSE220_-_Rose-Hulman_Institute_of_Technology,30_14_OnToInterfaces.pdf,.pdf,792,612,1.2941,slide,
CSSE220_-_Rose-Hulman_Institute_of_Technology,31_15_Inheritance.pdf,.pdf,720,540,1.3333,slide,
CSSE220_-_Rose-Hulman_Institute_of_Technology,32_15_More_interfaces_More_recursion.pdf,.pdf,792,612,1.2941,slide,
CSSE220_-_Rose-Hulman_Institute_of_Technology,33_16_EventBasedProgramming.pdf,.pdf,792,612,1.2941,slide,
CSSE220_-_Rose-Hulman_Institute_of_Technology,34_16_Inheritance2.pdf,.pdf,720,540,1.3333,slide,
CSSE220_-_Rose-Hulman_Institute_of_Technology,35_17_Inheritance.pdf,.pdf,792,612,1.2941,slide,
CSSE220_-_Rose-Hulman_Institute_of_Technology,36_17_ObjectOrientedDesign.pdf,.pdf,720,540,1.3333,slide,
CSSE220_-_Rose-Hulman_Institute_of_Technology,37_18_FilesExceptionsAndProject.pdf,.pdf,720,540,1.3333,slide,
CSSE220_-_Rose-Hulman_Institute_of_Technology,38_18_Inheritance2.pdf,.pdf,792,612,1.2941,slide,
CSSE220_-_Rose-Hulman_Institute_of_Technology,39_19_Multithreading.pdf,.pdf,792,612,1.2941,slide,
CSSE220_-_Rose-Hulman_Institute_of_Technology,3_02_TypesLoopsAndStrings.pdf,.pdf,720,540,1.3333,slide,
CSSE220_-_Rose-Hulman_Institute_of_Technology,40_19_OODFilesExceptions.pdf,.pdf,720,540,1.3333,slide,
CSSE220_-_Rose-Hulman_Institute_of_Technology,41_20_FilesExceptionsAndProject.pdf,.pdf,720,540,1.3333,slide,
CSSE220_-_Rose-Hulman_Institute_of_Technology,42_21_Recursion.pdf,.pdf,720,540,1.3333,slide,
CSSE220_-_Rose-Hulman_Institute_of_Technology,43_22_Recursion2.pdf,.pdf,720,540,1.3333,slide,
CSSE220_-_Rose-Hulman_Institute_of_Technology,44_23_SortingAndSearching.pdf,.pdf,720,540,1.3333,slide,
CSSE220_-_Rose-Hulman_Institute_of_Technology,45_24_ForkJoinIntro.pdf,.pdf,720,540,1.3333,slide,
CSSE220_-_Rose-Hulman_Institute_of_Technology,46_25_StrategyPatternAndSearch.pdf,.pdf,720,540,1.3333,slide,
CSSE220_-_Rose-Hulman_Institute_of_Technology,47_26_LinkedLists.pdf,.pdf,792,612,1.2941,slide,
CSSE220_-_Rose-Hulman_Institute_of_Technology,48_26_MergeSortComparableComparator.pdf,.pdf,720,540,1.3333,slide,
CSSE220_-_Rose-Hulman_Institute_of_Technology,49_27_MoreMultithreading.pdf,.pdf,792,612,1.2941,slide,
CSSE220_-_Rose-Hulman_Institute_of_Technology,4_2D_Arrays_and_Maps.pdf,.pdf,720,540,1.3333,slide,
CSSE220_-_Rose-Hulman_Institute_of_Technology,50_28_DataStructures.pdf,.pdf,720,540,1.3333,slide,
CSSE220_-_Rose-Hulman_Institute_of_Technology,51_28_DataStructures.pptx,.pptx,960,720,1.3333,slide,
CSSE220_-_Rose-Hulman_Institute_of_Technology,52_29_GenericsAndExamReview.pdf,.pdf,720,540,1.3333,slide,
CSSE220_-_Rose-Hulman_Institute_of_Technology,53_29_ThreadPerformance.pdf,.pdf,792,612,1.2941,slide,
CSSE220_-_Rose-Hulman_Institute_of_Technology,54_30_ProjectPresentation.pdf,.pdf,720,540,1.3333,slide,
CSSE220_-_Rose-Hulman_Institute_of_Technology,55_Arrays_and_Lists.pdf,.pdf,720,540,1.3333,slide,
CSSE220_-_Rose-Hulman_Institute_of_Technology,56_BallWorlds.pdf,.pdf,720,540,1.3333,slide,
CSSE220_-_Rose-Hulman_Institute_of_Technology,57_ClassDiagramsAndPairProgramming.pdf,.pdf,720,540,1.3333,slide,
CSSE220_-_Rose-Hulman_Institute_of_Technology,58_Classes_and_References.pdf,.pdf,720,540,1.3333,slide,
CSSE220_-_Rose-Hulman_Institute_of_Technology,59_Cohesion_And_Coupling.pdf,.pdf,720,540,1.3333,slide,
CSSE220_-_Rose-Hulman_Institute_of_Technology,5_03_Arrays_and_Lists.pdf,.pdf,720,540,1.3333,slide,
CSSE220_-_Rose-Hulman_Institute_of_Technology,60_ComparableComparator.pdf,.pdf,720,540,1.3333,slide,
CSSE220_-_Rose-Hulman_Institute_of_Technology,61_CourseEvals.pdf,.pdf,720,540,1.3333,slide,
CSSE220_-_Rose-Hulman_Institute_of_Technology,62_DoubleDispatch.pdf,.pdf,720,540,1.3333,slide,
CSSE220_-_Rose-Hulman_Institute_of_Technology,63_Encapsulation.pdf,.pdf,720,540,1.3333,slide,
CSSE220_-_Rose-Hulman_Institute_of_Technology,64_EventBasedProgramming.pdf,.pdf,720,540,1.3333,slide,
CSSE220_-_Rose-Hulman_Institute_of_Technology,65_Game_of_Life.pdf,.pdf,720,540,1.3333,slide,
CSSE220_-_Rose-Hulman_Institute_of_Technology,66_Grader_Comments_in_Eclipse.pdf,.pdf,720,540,1.3333,slide,
CSSE220_-_Rose-Hulman_Institute_of_Technology,67_Graphics.pdf,.pdf,720,540,1.3333,slide,
CSSE220_-_Rose-Hulman_Institute_of_Technology,68_GraphicsAndUnitTesting.pdf,.pdf,720,540,1.3333,slide,
CSSE220_-_Rose-Hulman_Institute_of_Technology,69_Inheritance.pdf,.pdf,720,540,1.3333,slide,
CSSE220_-_Rose-Hulman_Institute_of_Technology,6_03_UnitTestsReferencesAndClasses.pdf,.pdf,720,540,1.3333,slide,
CSSE220_-_Rose-Hulman_Institute_of_Technology,70_Interfaces.pdf,.pdf,720,540,1.3333,slide,
CSSE220_-_Rose-Hulman_Institute_of_Technology,71_JavaIntro.pdf,.pdf,720,540,1.3333,slide,
CSSE220_-_Rose-Hulman_Institute_of_Technology,72_LinkedLists.pdf,.pdf,720,540,1.3333,slide,
CSSE220_-_Rose-Hulman_Institute_of_Technology,73_LinkedListsPart2.pdf,.pdf,720,540,1.3333,slide,
CSSE220_-_Rose-Hulman_Institute_of_Technology,74_MergeSort.pdf,.pdf,720,540,1.3333,slide,
CSSE220_-_Rose-Hulman_Institute_of_Technology,75_MergeSortComparableComparator.pdf,.pdf,720,540,1.3333,slide,
CSSE220_-_Rose-Hulman_Institute_of_Technology,76_MoreEventBasedProgramming.pdf,.pdf,720,540,1.3333,slide,
CSSE220_-_Rose-Hulman_Institute_of_Technology,77_MoreMultithreading.pdf,.pdf,720,540,1.3333,slide,
CSSE220_-_Rose-Hulman_Institute_of_Technology,78_More_Interfaces_More_Recursion.pdf,.pdf,720,540,1.3333,slide,
CSSE220_-_Rose-Hulman_Institute_of_Technology,79_Multithreading.pdf,.pdf,720,540,1.3333,slide,
CSSE220_-_Rose-Hulman_Institute_of_Technology,7_04_2D_Arrays_and_Maps.pdf,.pdf,720,540,1.3333,slide,
CSSE220_-_Rose-Hulman_Institute_of_Technology,80_OODFilesExceptions.pdf,.pdf,720,540,1.3333,slide,
CSSE220_-_Rose-Hulman_Institute_of_Technology,81_ObjectIntroAndMisc.pdf,.pdf,720,540,1.3333,slide,
CSSE220_-_Rose-Hulman_Institute_of_Technology,82_Polymorphism.pdf,.pdf,720,540,1.3333,slide,
CSSE220_-_Rose-Hulman_Institute_of_Technology,83_Recursion.pdf,.pdf,720,540,1.3333,slide,
CSSE220_-_Rose-Hulman_Institute_of_Technology,84_SoftwareEngineeringTechniques.pdf,.pdf,792,612,1.2941,slide,
CSSE220_-_Rose-Hulman_Institute_of_Technology,85_SortingAndSearching.pdf,.pdf,720,540,1.3333,slide,
CSSE220_-_Rose-Hulman_Institute_of_Technology,86_TestingGUIApplications.pdf,.pdf,720,540,1.3333,slide,
CSSE220_-_Rose-Hulman_Institute_of_Technology,87_ThreadPerformance.pdf,.pdf,720,540,1.3333,slide,
CSSE220_-_Rose-Hulman_Institute_of_Technology,88_TypesLoopsAndStrings.pdf,.pdf,720,540,1.3333,slide,
CSSE220_-_Rose-Hulman_Institute_of_Technology,89_UnitTesting.pdf,.pdf,720,540,1.3333,slide,
CSSE220_-_Rose-Hulman_Institute_of_Technology,8_04_ClassesAndGraphics.pdf,.pdf,720,540,1.3333,slide,
CSSE220_-_Rose-Hulman_Institute_of_Technology,90_Workday1.pdf,.pdf,720,540,1.3333,slide,
CSSE220_-_Rose-Hulman_Institute_of_Technology,91_old10_PairProgramming-VersionControl-v2.pdf,.pdf,720,540,1.3333,slide,
CSSE220_-_Rose-Hulman_Institute_of_Technology,9_05_Classes_and_References.pdf,.pdf,720,540,1.3333,slide,
CSW8_-_University_of_California_Santa_Barbara,1_01cs8Intro.pdf,.pdf,720,540,1.3333,slide,
CSW8_-_University_of_California_Santa_Barbara,2_02cs8Pyintro.pdf,.pdf,720,540,1.3333,slide,
CSW8_-_University_of_California_Santa_Barbara,3_03cs8Findpi.pdf,.pdf,720,540,1.3333,slide,
CSW8_-_University_of_California_Santa_Barbara,4_04cs8Strings.pdf,.pdf,720,540,1.3333,slide,
CSW8_-_University_of_California_Santa_Barbara,5_05cs8Collections.pdf,.pdf,720,540,1.3333,slide,
CSW8_-_University_of_California_Santa_Barbara,6_06cs8Files.pdf,.pdf,720,540,1.3333,slide,
CSW8_-_University_of_California_Santa_Barbara,7_07cs8Images.pdf,.pdf,720,540,1.3333,slide,
CSW8_-_University_of_California_Santa_Barbara,8_08cs8More.pdf,.pdf,720,540,1.3333,slide,
CTWR404_-_University_of_Southern_California,10_05_springs.ppt,.ppt,960,720,1.3333,slide,
CTWR404_-_University_of_Southern_California,11_06_electric.pdf,.pdf,792,612,1.2941,slide,
CTWR404_-_University_of_Southern_California,12_06_electric.ppt,.ppt,960,720,1.3333,slide,
CTWR404_-_University_of_Southern_California,13_07_bulbs.pdf,.pdf,792,612,1.2941,slide,
CTWR404_-_University_of_Southern_California,14_07_bulbs.ppt,.ppt,960,720,1.3333,slide,
CTWR404_-_University_of_Southern_California,15_08_ACpower.pdf,.pdf,792,612,1.2941,slide,
CTWR404_-_University_of_Southern_California,16_08_ACpower.ppt,.ppt,960,720,1.3333,slide,
CTWR404_-_University_of_Southern_California,17_09_electronics.pdf,.pdf,792,612,1.2941,slide,
CTWR404_-_University_of_Southern_California,18_09_electronics.ppt,.ppt,960,720,1.3333,slide,
CTWR404_-_University_of_Southern_California,19_10_sound.pdf,.pdf,792,612,1.2941,slide,
CTWR404_-_University_of_Southern_California,1_01_intro.pdf,.pdf,792,612,1.2941,slide,
CTWR404_-_University_of_Southern_California,20_10_sound.ppt,.ppt,960,720,1.3333,slide,
CTWR404_-_University_of_Southern_California,21_11_digital.pdf,.pdf,792,612,1.2941,slide,
CTWR404_-_University_of_Southern_California,22_11_digital.ppt,.ppt,960,720,1.3333,slide,
CTWR404_-_University_of_Southern_California,23_12_logic.pdf,.pdf,792,612,1.2941,slide,
CTWR404_-_University_of_Southern_California,24_12_logic.ppt,.ppt,960,720,1.3333,slide,
CTWR404_-_University_of_Southern_California,25_13_radio.pdf,.pdf,792,612,1.2941,slide,
CTWR404_-_University_of_Southern_California,26_13_radio.ppt,.ppt,960,720,1.3333,slide,
CTWR404_-_University_of_Southern_California,27_14_microwave.pdf,.pdf,792,612,1.2941,slide,
CTWR404_-_University_of_Southern_California,28_14_microwave.ppt,.ppt,960,720,1.3333,slide,
CTWR404_-_University_of_Southern_California,29_15_tv.pdf,.pdf,792,612,1.2941,slide,
CTWR404_-_University_of_Southern_California,2_01_intro.ppt,.ppt,960,720,1.3333,slide,
CTWR404_-_University_of_Southern_California,30_15_tv.ppt,.ppt,960,720,1.3333,slide,
CTWR404_-_University_of_Southern_California,31_16_optics_r.pdf,.pdf,792,612,1.2941,slide,
CTWR404_-_University_of_Southern_California,32_16_optics_r.ppt,.ppt,960,720,1.3333,slide,
CTWR404_-_University_of_Southern_California,33_17_light.pdf,.pdf,792,612,1.2941,slide,
CTWR404_-_University_of_Southern_California,34_17_light.ppt,.ppt,960,720,1.3333,slide,
CTWR404_-_University_of_Southern_California,35_18_nature.pdf,.pdf,792,612,1.2941,slide,
CTWR404_-_University_of_Southern_California,36_18_nature.ppt,.ppt,960,720,1.3333,slide,
CTWR404_-_University_of_Southern_California,37_19_grab_bag1.pdf,.pdf,792,612,1.2941,slide,
CTWR404_-_University_of_Southern_California,38_19_grab_bag1.ppt,.ppt,960,720,1.3333,slide,
CTWR404_-_University_of_Southern_California,39_20_tides.pdf,.pdf,792,612,1.2941,slide,
CTWR404_-_University_of_Southern_California,3_02_motion.pdf,.pdf,792,612,1.2941,slide,
CTWR404_-_University_of_Southern_California,40_20_tides.ppt,.ppt,960,720,1.3333,slide,
CTWR404_-_University_of_Southern_California,41_final.pdf,.pdf,792,612,1.2941,slide,
CTWR404_-_University_of_Southern_California,42_final.ppt,.ppt,1022,384,2.6615,slide,
CTWR404_-_University_of_Southern_California,43_midterm.pdf,.pdf,792,612,1.2941,slide,
CTWR404_-_University_of_Southern_California,44_midterm.ppt,.ppt,1022,384,2.6615,slide,
CTWR404_-_University_of_Southern_California,4_02_motion.ppt,.ppt,960,720,1.3333,slide,
CTWR404_-_University_of_Southern_California,5_03_energy.pdf,.pdf,792,612,1.2941,slide,
CTWR404_-_University_of_Southern_California,6_03_energy.ppt,.ppt,960,720,1.3333,slide,
CTWR404_-_University_of_Southern_California,7_04_e-flow.pdf,.pdf,792,612,1.2941,slide,
CTWR404_-_University_of_Southern_California,8_04_e-flow.ppt,.ppt,960,720,1.3333,slide,
CTWR404_-_University_of_Southern_California,9_05_springs.pdf,.pdf,792,612,1.2941,slide,
CULAN49S_-_Duke_University,10_10-virtual-memory.pdf,.pdf,720,540,1.3333,slide,
CULAN49S_-_Duke_University,11_11-io.pdf,.pdf,720,540,1.3333,slide,
CULAN49S_-_Duke_University,12_12-pipelining.pdf,.pdf,720,540,1.3333,slide,
CULAN49S_-_Duke_University,13_13-multicore.pdf,.pdf,720,540,1.3333,slide,
CULAN49S_-_Duke_University,14_14-x86.pdf,.pdf,720,540,1.3333,slide,
CULAN49S_-_Duke_University,15_15-review.pdf,.pdf,720,540,1.3333,slide,
CULAN49S_-_Duke_University,1_01-intro.pdf,.pdf,720,540,1.3333,slide,
CULAN49S_-_Duke_University,2_02-c.pdf,.pdf,720,540,1.3333,slide,
CULAN49S_-_Duke_University,3_03-from-C-to-binary.pdf,.pdf,720,540,1.3333,slide,
CULAN49S_-_Duke_University,4_04-assembly.pdf,.pdf,720,540,1.3333,slide,
CULAN49S_-_Duke_University,5_05-combinational-logic.pdf,.pdf,720,540,1.3333,slide,
CULAN49S_-_Duke_University,6_06-sequential-logic.pdf,.pdf,720,540,1.3333,slide,
CULAN49S_-_Duke_University,7_07-FSM.pdf,.pdf,720,540,1.3333,slide,
CULAN49S_-_Duke_University,8_08-datapath-and-control.pdf,.pdf,720,540,1.3333,slide,
CULAN49S_-_Duke_University,9_09-caches.pdf,.pdf,720,540,1.3333,slide,
CUST4300_-_University_of_Houston,10_07-sort-1-C.ppt,.ppt,960,720,1.3333,slide,
CUST4300_-_University_of_Houston,11_07-sort-2-bubbleInsertSelect.ppt,.ppt,960,720,1.3333,slide,
CUST4300_-_University_of_Houston,12_07-sort-3-MergeSort.pdf,.pdf,540,720,0.75,document,
CUST4300_-_University_of_Houston,13_07-sort-4-QuickSort.pdf,.pdf,540,720,0.75,document,
CUST4300_-_University_of_Houston,14_07-sort-5-merge-bintree.pdf,.pdf,842,595,1.4151,slide,
CUST4300_-_University_of_Houston,15_07-sort-6-merge-quick-sort.ppt,.ppt,960,720,1.3333,slide,
CUST4300_-_University_of_Houston,16_07-sort-7-MergeSort-animation.ppt,.ppt,960,720,1.3333,slide,
CUST4300_-_University_of_Houston,17_07-sort-99-intro.ppt,.ppt,1058,794,1.3325,slide,
CUST4300_-_University_of_Houston,18_08-stacks-0.ppt,.ppt,960,720,1.3333,slide,
CUST4300_-_University_of_Houston,19_08-stacks-1-RecCountFactFib.ppt,.ppt,960,720,1.3333,slide,
CUST4300_-_University_of_Houston,1_01-0-lists-arraysC_-Malik.ppt,.ppt,960,720,1.3333,slide,
CUST4300_-_University_of_Houston,20_08-stacks-InfixToPostfixExamples.pdf,.pdf,720,540,1.3333,slide,
CUST4300_-_University_of_Houston,21_09-trees-bintree-AVL-Btree.ppt,.ppt,960,720,1.3333,slide,
CUST4300_-_University_of_Houston,22_10-queues-fifo.ppt,.ppt,960,720,1.3333,slide,
CUST4300_-_University_of_Houston,23_10-queues-priority-heap.ppt,.ppt,960,720,1.3333,slide,
CUST4300_-_University_of_Houston,24_11-AlgAnalysis-theory-1-factoriallFibon.pdf,.pdf,612,792,0.7727,document,
CUST4300_-_University_of_Houston,25_11-AlgAnalysis-theory-2-complexity.pdf,.pdf,612,792,0.7727,document,
CUST4300_-_University_of_Houston,26_12-graph-1.ppt,.ppt,960,720,1.3333,slide,
CUST4300_-_University_of_Houston,27_12-graph-2.ppt,.ppt,960,720,1.3333,slide,
CUST4300_-_University_of_Houston,28_12-graph-3.ppt,.ppt,960,720,1.3333,slide,
CUST4300_-_University_of_Houston,29_12-graph-4.ppt,.ppt,960,720,1.3333,slide,
CUST4300_-_University_of_Houston,2_02-1-lists-linked-Malik.ppt,.ppt,960,720,1.3333,slide,
CUST4300_-_University_of_Houston,30_12-graph-isomorphic.ppt,.ppt,960,720,1.3333,slide,
CUST4300_-_University_of_Houston,31_12-graph-transclos.ppt,.ppt,960,720,1.3333,slide,
CUST4300_-_University_of_Houston,32_13-hashing.ppt,.ppt,960,720,1.3333,slide,
CUST4300_-_University_of_Houston,33_14-sort-6-theory.ppt,.ppt,960,720,1.3333,slide,
CUST4300_-_University_of_Houston,34_15-NPCompleteness-2.ppt,.ppt,960,720,1.3333,slide,
CUST4300_-_University_of_Houston,35_15-NPcomplete-1.ppt,.ppt,960,720,1.3333,slide,
CUST4300_-_University_of_Houston,36_AlgAnalysis-theory-3-sort.ppt,.ppt,960,720,1.3333,slide,
CUST4300_-_University_of_Houston,3_02-2-lists-doublylinked-C.ppt,.ppt,960,720,1.3333,slide,
CUST4300_-_University_of_Houston,4_03-recursion-factorialFibonacciLists-C.ppt,.ppt,960,720,1.3333,slide,
CUST4300_-_University_of_Houston,5_04-LAPACK-Stanford.pdf,.pdf,792,612,1.2941,slide,
CUST4300_-_University_of_Houston,6_04-LinAlgTutorial.pdf,.pdf,363,273,1.3297,slide,
CUST4300_-_University_of_Houston,7_05-AlgAnalysis-0-Malik.ppt,.ppt,960,720,1.3333,slide,
CUST4300_-_University_of_Houston,8_06-search-array-0-linearBinary.ppt,.ppt,960,720,1.3333,slide,
CUST4300_-_University_of_Houston,9_06-search-array-1-LinearBinary.ppt,.ppt,960,720,1.3333,slide,
CVE2030_-_University_of_Cincinnati,10_music5.pdf,.pdf,612,792,0.7727,document,
CVE2030_-_University_of_Cincinnati,11_1330_wk6.pdf,.pdf,960,540,1.7778,slide,
CVE2030_-_University_of_Cincinnati,12_music6.pdf,.pdf,612,792,0.7727,document,
CVE2030_-_University_of_Cincinnati,13_music7.pdf,.pdf,612,792,0.7727,document,
CVE2030_-_University_of_Cincinnati,14_music8.pdf,.pdf,612,792,0.7727,document,
CVE2030_-_University_of_Cincinnati,15_4633_egypitian_art_not_compliant.pdf,.pdf,960,540,1.7778,slide,
CVE2030_-_University_of_Cincinnati,16_aging_at_home.pdf,.pdf,960,540,1.7778,slide,
CVE2030_-_University_of_Cincinnati,17_brain_nutrition.pdf,.pdf,960,540,1.7778,slide,
CVE2030_-_University_of_Cincinnati,18_egypt_q_a.pdf,.pdf,612,792,0.7727,document,
CVE2030_-_University_of_Cincinnati,19_library.pdf,.pdf,960,540,1.7778,slide,
CVE2030_-_University_of_Cincinnati,1_1330_wk1.pdf,.pdf,960,540,1.7778,slide,
CVE2030_-_University_of_Cincinnati,20_vision.pdf,.pdf,960,540,1.7778,slide,
CVE2030_-_University_of_Cincinnati,2_music1_2.pdf,.pdf,612,792,0.7727,document,
CVE2030_-_University_of_Cincinnati,3_1330_wk2.pdf,.pdf,960,540,1.7778,slide,
CVE2030_-_University_of_Cincinnati,4_music2.pdf,.pdf,612,792,0.7727,document,
CVE2030_-_University_of_Cincinnati,5_1330_wk3.pdf,.pdf,960,540,1.7778,slide,
CVE2030_-_University_of_Cincinnati,6_music3.pdf,.pdf,612,792,0.7727,document,
CVE2030_-_University_of_Cincinnati,7_1330_wk4.pdf,.pdf,960,540,1.7778,slide,
CVE2030_-_University_of_Cincinnati,8_music4.pdf,.pdf,612,792,0.7727,document,
CVE2030_-_University_of_Cincinnati,9_1330_wk5.pdf,.pdf,960,540,1.7778,slide,
CX4220_-_Georgia_Institute_of_Technology,10_lec10-mpiprimitives.pdf,.pdf,1920,1080,1.7778,slide,
CX4220_-_Georgia_Institute_of_Technology,11_lec11-bitonicsort.pdf,.pdf,1920,1080,1.7778,slide,
CX4220_-_Georgia_Institute_of_Technology,12_lec12-samplesort-1.pdf,.pdf,1920,1080,1.7778,slide,
CX4220_-_Georgia_Institute_of_Technology,13_lec13-embeddings.pdf,.pdf,1920,1080,1.7778,slide,
CX4220_-_Georgia_Institute_of_Technology,14_lec14-densematrix.pdf,.pdf,1920,1080,1.7778,slide,
CX4220_-_Georgia_Institute_of_Technology,15_lec15-densematrix2.pdf,.pdf,1920,1080,1.7778,slide,
CX4220_-_Georgia_Institute_of_Technology,16_lec16-mpitopologies.pdf,.pdf,1920,1080,1.7778,slide,
CX4220_-_Georgia_Institute_of_Technology,17_lec17-fft.pdf,.pdf,1920,1080,1.7778,slide,
CX4220_-_Georgia_Institute_of_Technology,18_lec18-nbody.pdf,.pdf,1920,1080,1.7778,slide,
CX4220_-_Georgia_Institute_of_Technology,19_lec19-interconnects.pdf,.pdf,1920,1080,1.7778,slide,
CX4220_-_Georgia_Institute_of_Technology,1_lec1-intro.pdf,.pdf,1920,1080,1.7778,slide,
CX4220_-_Georgia_Institute_of_Technology,20_lec20-spmv.pdf,.pdf,1920,1080,1.7778,slide,
CX4220_-_Georgia_Institute_of_Technology,21_lec21-graphs.pdf,.pdf,1920,1080,1.7778,slide,
CX4220_-_Georgia_Institute_of_Technology,22_lec22-graphoptimization.pdf,.pdf,1920,1080,1.7778,slide,
CX4220_-_Georgia_Institute_of_Technology,2_lec2-parallel-analysis.pdf,.pdf,1920,1080,1.7778,slide,
CX4220_-_Georgia_Institute_of_Technology,3_lec3-mtalg.pdf,.pdf,1920,1080,1.7778,slide,
CX4220_-_Georgia_Institute_of_Technology,4_lec4-cache-pt1.pdf,.pdf,1920,1080,1.7778,slide,
CX4220_-_Georgia_Institute_of_Technology,5_lec5-cache-pt2.pdf,.pdf,1920,1080,1.7778,slide,
CX4220_-_Georgia_Institute_of_Technology,6_lec6-mpi.pdf,.pdf,1920,1080,1.7778,slide,
CX4220_-_Georgia_Institute_of_Technology,7_lec7-prefixsums.pdf,.pdf,1920,1080,1.7778,slide,
CX4220_-_Georgia_Institute_of_Technology,8_lec8-prefixapplications.pdf,.pdf,1920,1080,1.7778,slide,
CX4220_-_Georgia_Institute_of_Technology,9_lec9-commprimitives-1.pdf,.pdf,1920,1080,1.7778,slide,
CY3740_-_Northeastern_University,10_Inter_Domain_Routing.pptx,.pptx,1280,720,1.7778,slide,
CY3740_-_Northeastern_University,11_Intra_Domain_Routing.pptx,.pptx,1280,720,1.7778,slide,
CY3740_-_Northeastern_University,12_Intro.pptx,.pptx,1280,720,1.7778,slide,
CY3740_-_Northeastern_University,13_Intro_to_Dist.pptx,.pptx,1280,720,1.7778,slide,
CY3740_-_Northeastern_University,14_NAT.pptx,.pptx,1280,720,1.7778,slide,
CY3740_-_Northeastern_University,15_Network.pptx,.pptx,1280,720,1.7778,slide,
CY3740_-_Northeastern_University,16_Network_Security.pptx,.pptx,1280,720,1.7778,slide,
CY3740_-_Northeastern_University,17_Overlays.pptx,.pptx,1280,720,1.7778,slide,
CY3740_-_Northeastern_University,18_P2P.pptx,.pptx,1280,720,1.7778,slide,
CY3740_-_Northeastern_University,19_P2P_audio.pptx,.pptx,1280,720,1.7778,slide,
CY3740_-_Northeastern_University,1_Anonymous.pptx,.pptx,1280,720,1.7778,slide,
CY3740_-_Northeastern_University,20_Physical.pptx,.pptx,1280,720,1.7778,slide,
CY3740_-_Northeastern_University,21_TLS.pptx,.pptx,1280,720,1.7778,slide,
CY3740_-_Northeastern_University,22_Time.pptx,.pptx,1280,720,1.7778,slide,
CY3740_-_Northeastern_University,23_Transport.pptx,.pptx,1280,720,1.7778,slide,
CY3740_-_Northeastern_University,24_Web.pptx,.pptx,1280,720,1.7778,slide,
CY3740_-_Northeastern_University,25_project1.pptx,.pptx,1280,720,1.7778,slide,
CY3740_-_Northeastern_University,26_project2.pptx,.pptx,1280,720,1.7778,slide,
CY3740_-_Northeastern_University,27_project3.pptx,.pptx,1280,720,1.7778,slide,
CY3740_-_Northeastern_University,2_Architecture.pptx,.pptx,1280,720,1.7778,slide,
CY3740_-_Northeastern_University,3_Bitcoin.pptx,.pptx,1280,720,1.7778,slide,
CY3740_-_Northeastern_University,4_Bridging.pptx,.pptx,1280,720,1.7778,slide,
CY3740_-_Northeastern_University,5_C_Sockets.pptx,.pptx,1280,720,1.7778,slide,
CY3740_-_Northeastern_University,6_Consensus.pptx,.pptx,1280,720,1.7778,slide,
CY3740_-_Northeastern_University,7_DNS.pptx,.pptx,1280,720,1.7778,slide,
CY3740_-_Northeastern_University,8_Data_Link.pptx,.pptx,1280,720,1.7778,slide,
CY3740_-_Northeastern_University,9_History.pptx,.pptx,1280,720,1.7778,slide,
DESG2120_-_Tulane_University,10_05Lecture.pptx,.pptx,1280,720,1.7778,slide,
DESG2120_-_Tulane_University,11_06Lecture.pdf,.pdf,1920,1080,1.7778,slide,
DESG2120_-_Tulane_University,12_07Lecture.pdf,.pdf,960,540,1.7778,slide,
DESG2120_-_Tulane_University,13_07Lecture.pptx,.pptx,1280,720,1.7778,slide,
DESG2120_-_Tulane_University,14_08Lecture.pdf,.pdf,960,540,1.7778,slide,
DESG2120_-_Tulane_University,15_08Lecture.pptx,.pptx,1280,720,1.7778,slide,
DESG2120_-_Tulane_University,16_09Lecture.pdf,.pdf,960,540,1.7778,slide,
DESG2120_-_Tulane_University,17_09Lecture.pptx,.pptx,1280,720,1.7778,slide,
DESG2120_-_Tulane_University,18_10Lecture.pdf,.pdf,960,540,1.7778,slide,
DESG2120_-_Tulane_University,19_10Lecture.pptx,.pptx,1280,720,1.7778,slide,
DESG2120_-_Tulane_University,1_01Lecture.pdf,.pdf,960,540,1.7778,slide,
DESG2120_-_Tulane_University,20_11Lecture.pdf,.pdf,960,540,1.7778,slide,
DESG2120_-_Tulane_University,21_11Lecture.pptx,.pptx,1280,720,1.7778,slide,
DESG2120_-_Tulane_University,22_12Lecture.pdf,.pdf,960,540,1.7778,slide,
DESG2120_-_Tulane_University,23_12Lecture.pptx,.pptx,1280,720,1.7778,slide,
DESG2120_-_Tulane_University,24_13Lecture.pdf,.pdf,960,540,1.7778,slide,
DESG2120_-_Tulane_University,25_13Lecture.pptx,.pptx,1280,720,1.7778,slide,
DESG2120_-_Tulane_University,26_14Lecture.pdf,.pdf,960,540,1.7778,slide,
DESG2120_-_Tulane_University,27_14Lecture.pptx,.pptx,1280,720,1.7778,slide,
DESG2120_-_Tulane_University,2_01Lecture.pptx,.pptx,1280,720,1.7778,slide,
DESG2120_-_Tulane_University,3_02Lecture.pdf,.pdf,960,540,1.7778,slide,
DESG2120_-_Tulane_University,4_02Lecture.pptx,.pptx,1280,720,1.7778,slide,
DESG2120_-_Tulane_University,5_03Lecture.pdf,.pdf,960,540,1.7778,slide,
DESG2120_-_Tulane_University,6_03Lecture.pptx,.pptx,1280,720,1.7778,slide,
DESG2120_-_Tulane_University,7_04Lecture.pdf,.pdf,960,540,1.7778,slide,
DESG2120_-_Tulane_University,8_04Lecture.pptx,.pptx,1280,720,1.7778,slide,
DESG2120_-_Tulane_University,9_05Lecture.pdf,.pdf,960,540,1.7778,slide,
DRAMA571_-_University_of_Calgary,10_ch5.ppt,.ppt,960,720,1.3333,slide,
DRAMA571_-_University_of_Calgary,11_ch6.pdf,.pdf,718,538,1.3346,slide,
DRAMA571_-_University_of_Calgary,12_ch6.ppt,.ppt,960,720,1.3333,slide,
DRAMA571_-_University_of_Calgary,13_ch7.pdf,.pdf,718,538,1.3346,slide,
DRAMA571_-_University_of_Calgary,14_ch7v2.ppt,.ppt,960,720,1.3333,slide,
DRAMA571_-_University_of_Calgary,15_ch8.pdf,.pdf,720,540,1.3333,slide,
DRAMA571_-_University_of_Calgary,16_ch8.ppt,.ppt,960,720,1.3333,slide,
DRAMA571_-_University_of_Calgary,17_ch9.pdf,.pdf,720,540,1.3333,slide,
DRAMA571_-_University_of_Calgary,18_ch9.ppt,.ppt,960,720,1.3333,slide,
DRAMA571_-_University_of_Calgary,19_ch10.pdf,.pdf,720,540,1.3333,slide,
DRAMA571_-_University_of_Calgary,1_ch1.pdf,.pdf,720,540,1.3333,slide,
DRAMA571_-_University_of_Calgary,20_ch10.ppt,.ppt,960,720,1.3333,slide,
DRAMA571_-_University_of_Calgary,21_ch11.pdf,.pdf,718,538,1.3346,slide,
DRAMA571_-_University_of_Calgary,22_ch11.ppt,.ppt,960,720,1.3333,slide,
DRAMA571_-_University_of_Calgary,23_ch12.pdf,.pdf,718,538,1.3346,slide,
DRAMA571_-_University_of_Calgary,24_ch12.ppt,.ppt,960,720,1.3333,slide,
DRAMA571_-_University_of_Calgary,2_ch1.ppt,.ppt,960,720,1.3333,slide,
DRAMA571_-_University_of_Calgary,3_ch2.pdf,.pdf,720,540,1.3333,slide,
DRAMA571_-_University_of_Calgary,4_ch2.ppt,.ppt,960,720,1.3333,slide,
DRAMA571_-_University_of_Calgary,5_ch3.pdf,.pdf,720,540,1.3333,slide,
DRAMA571_-_University_of_Calgary,6_ch3.ppt,.ppt,960,720,1.3333,slide,
DRAMA571_-_University_of_Calgary,7_ch4.pdf,.pdf,720,540,1.3333,slide,
DRAMA571_-_University_of_Calgary,8_ch4.ppt,.ppt,960,720,1.3333,slide,
DRAMA571_-_University_of_Calgary,9_ch5.pdf,.pdf,718,538,1.3346,slide,
DSA01_-_Rowan_University,10_dailyAnnouncements.pdf,.pdf,792,612,1.2941,slide,
DSA01_-_Rowan_University,1_01-java.pdf,.pdf,792,612,1.2941,slide,
DSA01_-_Rowan_University,2_02-lists.pdf,.pdf,792,612,1.2941,slide,
DSA01_-_Rowan_University,3_03-bigoh.pdf,.pdf,792,612,1.2941,slide,
DSA01_-_Rowan_University,4_04-trees.pdf,.pdf,792,612,1.2941,slide,
DSA01_-_Rowan_University,5_05-sorting.pdf,.pdf,792,612,1.2941,slide,
DSA01_-_Rowan_University,6_06-hashing.pdf,.pdf,792,612,1.2941,slide,
DSA01_-_Rowan_University,7_07-priorityqueues.pdf,.pdf,792,612,1.2941,slide,
DSA01_-_Rowan_University,8_08-concurrency.pdf,.pdf,792,612,1.2941,slide,
DSA01_-_Rowan_University,9_00-introduction.pdf,.pdf,792,612,1.2941,slide,
E142_-_Colorado_State_University,10_Ch4slides.pdf,.pdf,792,612,1.2941,slide,
E142_-_Colorado_State_University,11_Ch5slide.pdf,.pdf,792,612,1.2941,slide,
E142_-_Colorado_State_University,12_Ch6slide.pdf,.pdf,792,612,1.2941,slide,
E142_-_Colorado_State_University,13_Ch6slides.pdf,.pdf,792,612,1.2941,slide,
E142_-_Colorado_State_University,14_Ch7slide.pdf,.pdf,792,612,1.2941,slide,
E142_-_Colorado_State_University,15_Ch8slide.pdf,.pdf,792,612,1.2941,slide,
E142_-_Colorado_State_University,16_Ch8slides.pdf,.pdf,792,612,1.2941,slide,
E142_-_Colorado_State_University,17_Ch9slide.pdf,.pdf,792,612,1.2941,slide,
E142_-_Colorado_State_University,18_Ch9slides.pdf,.pdf,792,612,1.2941,slide,
E142_-_Colorado_State_University,19_Ch10slide.pdf,.pdf,792,612,1.2941,slide,
E142_-_Colorado_State_University,1_Ch1slide.pdf,.pdf,792,612,1.2941,slide,
E142_-_Colorado_State_University,20_Ch10slides.pdf,.pdf,792,612,1.2941,slide,
E142_-_Colorado_State_University,21_Ch11slide.pdf,.pdf,792,612,1.2941,slide,
E142_-_Colorado_State_University,22_Ch11slides.pdf,.pdf,792,612,1.2941,slide,
E142_-_Colorado_State_University,23_Ch12slide.pdf,.pdf,792,612,1.2941,slide,
E142_-_Colorado_State_University,24_Ch13slide.pdf,.pdf,792,612,1.2941,slide,
E142_-_Colorado_State_University,25_Ch13slides.pdf,.pdf,792,612,1.2941,slide,
E142_-_Colorado_State_University,26_Ch14slide.pdf,.pdf,792,612,1.2941,slide,
E142_-_Colorado_State_University,27_Ch14slides.pdf,.pdf,792,612,1.2941,slide,
E142_-_Colorado_State_University,28_Ch15slide.pdf,.pdf,792,612,1.2941,slide,
E142_-_Colorado_State_University,29_Ch15slides.pdf,.pdf,792,612,1.2941,slide,
E142_-_Colorado_State_University,2_Ch1slides.pdf,.pdf,792,612,1.2941,slide,
E142_-_Colorado_State_University,30_Ch16slide.pdf,.pdf,792,612,1.2941,slide,
E142_-_Colorado_State_University,31_Ch16slides.pdf,.pdf,792,612,1.2941,slide,
E142_-_Colorado_State_University,32_Ch17slide.pdf,.pdf,792,612,1.2941,slide,
E142_-_Colorado_State_University,33_Ch17slides.pdf,.pdf,792,612,1.2941,slide,
E142_-_Colorado_State_University,34_Ch18slide.pdf,.pdf,792,612,1.2941,slide,
E142_-_Colorado_State_University,35_Ch19slide.pdf,.pdf,792,612,1.2941,slide,
E142_-_Colorado_State_University,36_Ch20slide.pdf,.pdf,792,612,1.2941,slide,
E142_-_Colorado_State_University,37_Ap1slide.pdf,.pdf,792,612,1.2941,slide,
E142_-_Colorado_State_University,38_Ap2slide.pdf,.pdf,612,792,0.7727,document,
E142_-_Colorado_State_University,39_Ap3slide.pdf,.pdf,792,612,1.2941,slide,
E142_-_Colorado_State_University,3_Ch1slidesb.ppt,.ppt,372,283,1.3145,slide,
E142_-_Colorado_State_University,4_Ch2slide.pdf,.pdf,792,612,1.2941,slide,
E142_-_Colorado_State_University,5_Ch2slides.pdf,.pdf,792,612,1.2941,slide,
E142_-_Colorado_State_University,6_Ch2slidesb.ppt,.ppt,372,283,1.3145,slide,
E142_-_Colorado_State_University,7_Ch3slide.pdf,.pdf,792,612,1.2941,slide,
E142_-_Colorado_State_University,8_Ch3slides.pdf,.pdf,792,612,1.2941,slide,
E142_-_Colorado_State_University,9_Ch4slide.pdf,.pdf,792,612,1.2941,slide,
E270_-_Colorado_State_University,10_Ch4slides.pdf,.pdf,792,612,1.2941,slide,
E270_-_Colorado_State_University,11_Ch5slide.pdf,.pdf,792,612,1.2941,slide,
E270_-_Colorado_State_University,12_Ch6slide.pdf,.pdf,792,612,1.2941,slide,
E270_-_Colorado_State_University,13_Ch6slides.pdf,.pdf,792,612,1.2941,slide,
E270_-_Colorado_State_University,14_Ch7slide.pdf,.pdf,792,612,1.2941,slide,
E270_-_Colorado_State_University,15_Ch8slide.pdf,.pdf,792,612,1.2941,slide,
E270_-_Colorado_State_University,16_Ch8slides.pdf,.pdf,792,612,1.2941,slide,
E270_-_Colorado_State_University,17_Ch9slide.pdf,.pdf,792,612,1.2941,slide,
E270_-_Colorado_State_University,18_Ch9slides.pdf,.pdf,792,612,1.2941,slide,
E270_-_Colorado_State_University,19_Ch10slide.pdf,.pdf,792,612,1.2941,slide,
E270_-_Colorado_State_University,1_Ch1slide.pdf,.pdf,792,612,1.2941,slide,
E270_-_Colorado_State_University,20_Ch10slides.pdf,.pdf,792,612,1.2941,slide,
E270_-_Colorado_State_University,21_Ch11slide.pdf,.pdf,792,612,1.2941,slide,
E270_-_Colorado_State_University,22_Ch11slides.pdf,.pdf,792,612,1.2941,slide,
E270_-_Colorado_State_University,23_Ch12slide.pdf,.pdf,792,612,1.2941,slide,
E270_-_Colorado_State_University,24_Ch13slide.pdf,.pdf,792,612,1.2941,slide,
E270_-_Colorado_State_University,25_Ch13slides.pdf,.pdf,792,612,1.2941,slide,
E270_-_Colorado_State_University,26_Ch14slide.pdf,.pdf,792,612,1.2941,slide,
E270_-_Colorado_State_University,27_Ch14slides.pdf,.pdf,792,612,1.2941,slide,
E270_-_Colorado_State_University,28_Ch15slide.pdf,.pdf,792,612,1.2941,slide,
E270_-_Colorado_State_University,29_Ch15slides.pdf,.pdf,792,612,1.2941,slide,
E270_-_Colorado_State_University,2_Ch1slides.pdf,.pdf,792,612,1.2941,slide,
E270_-_Colorado_State_University,30_Ch16slide.pdf,.pdf,792,612,1.2941,slide,
E270_-_Colorado_State_University,31_Ch16slides.pdf,.pdf,792,612,1.2941,slide,
E270_-_Colorado_State_University,32_Ch17slide.pdf,.pdf,792,612,1.2941,slide,
E270_-_Colorado_State_University,33_Ch17slides.pdf,.pdf,792,612,1.2941,slide,
E270_-_Colorado_State_University,34_Ch18slide.pdf,.pdf,792,612,1.2941,slide,
E270_-_Colorado_State_University,35_Ch19slide.pdf,.pdf,792,612,1.2941,slide,
E270_-_Colorado_State_University,36_Ch20slide.pdf,.pdf,792,612,1.2941,slide,
E270_-_Colorado_State_University,37_Ap1slide.pdf,.pdf,792,612,1.2941,slide,
E270_-_Colorado_State_University,38_Ap2slide.pdf,.pdf,612,792,0.7727,document,
E270_-_Colorado_State_University,39_Ap3slide.pdf,.pdf,792,612,1.2941,slide,
E270_-_Colorado_State_University,3_Ch1slidesb.ppt,.ppt,372,283,1.3145,slide,
E270_-_Colorado_State_University,4_Ch2slide.pdf,.pdf,792,612,1.2941,slide,
E270_-_Colorado_State_University,5_Ch2slides.pdf,.pdf,792,612,1.2941,slide,
E270_-_Colorado_State_University,6_Ch2slidesb.ppt,.ppt,372,283,1.3145,slide,
E270_-_Colorado_State_University,7_Ch3slide.pdf,.pdf,792,612,1.2941,slide,
E270_-_Colorado_State_University,8_Ch3slides.pdf,.pdf,792,612,1.2941,slide,
E270_-_Colorado_State_University,9_Ch4slide.pdf,.pdf,792,612,1.2941,slide,
E440_-_Colorado_State_University,10_Ch4slides.pdf,.pdf,792,612,1.2941,slide,
E440_-_Colorado_State_University,11_Ch5slide.pdf,.pdf,792,612,1.2941,slide,
E440_-_Colorado_State_University,12_Ch6slide.pdf,.pdf,792,612,1.2941,slide,
E440_-_Colorado_State_University,13_Ch6slides.pdf,.pdf,792,612,1.2941,slide,
E440_-_Colorado_State_University,14_Ch7slide.pdf,.pdf,792,612,1.2941,slide,
E440_-_Colorado_State_University,15_Ch8slide.pdf,.pdf,792,612,1.2941,slide,
E440_-_Colorado_State_University,16_Ch8slides.pdf,.pdf,792,612,1.2941,slide,
E440_-_Colorado_State_University,17_Ch9slide.pdf,.pdf,792,612,1.2941,slide,
E440_-_Colorado_State_University,18_Ch9slides.pdf,.pdf,792,612,1.2941,slide,
E440_-_Colorado_State_University,19_Ch10slide.pdf,.pdf,792,612,1.2941,slide,
E440_-_Colorado_State_University,1_Ch1slide.pdf,.pdf,792,612,1.2941,slide,
E440_-_Colorado_State_University,20_Ch10slides.pdf,.pdf,792,612,1.2941,slide,
E440_-_Colorado_State_University,21_Ch11slide.pdf,.pdf,792,612,1.2941,slide,
E440_-_Colorado_State_University,22_Ch11slides.pdf,.pdf,792,612,1.2941,slide,
E440_-_Colorado_State_University,23_Ch12slide.pdf,.pdf,792,612,1.2941,slide,
E440_-_Colorado_State_University,24_Ch13slide.pdf,.pdf,792,612,1.2941,slide,
E440_-_Colorado_State_University,25_Ch13slides.pdf,.pdf,792,612,1.2941,slide,
E440_-_Colorado_State_University,26_Ch14slide.pdf,.pdf,792,612,1.2941,slide,
E440_-_Colorado_State_University,27_Ch14slides.pdf,.pdf,792,612,1.2941,slide,
E440_-_Colorado_State_University,28_Ch15slide.pdf,.pdf,792,612,1.2941,slide,
E440_-_Colorado_State_University,29_Ch15slides.pdf,.pdf,792,612,1.2941,slide,
E440_-_Colorado_State_University,2_Ch1slides.pdf,.pdf,792,612,1.2941,slide,
E440_-_Colorado_State_University,30_Ch16slide.pdf,.pdf,792,612,1.2941,slide,
E440_-_Colorado_State_University,31_Ch16slides.pdf,.pdf,792,612,1.2941,slide,
E440_-_Colorado_State_University,32_Ch17slide.pdf,.pdf,792,612,1.2941,slide,
E440_-_Colorado_State_University,33_Ch17slides.pdf,.pdf,792,612,1.2941,slide,
E440_-_Colorado_State_University,34_Ch18slide.pdf,.pdf,792,612,1.2941,slide,
E440_-_Colorado_State_University,35_Ch19slide.pdf,.pdf,792,612,1.2941,slide,
E440_-_Colorado_State_University,36_Ch20slide.pdf,.pdf,792,612,1.2941,slide,
E440_-_Colorado_State_University,37_Ap1slide.pdf,.pdf,792,612,1.2941,slide,
E440_-_Colorado_State_University,38_Ap2slide.pdf,.pdf,612,792,0.7727,document,
E440_-_Colorado_State_University,39_Ap3slide.pdf,.pdf,792,612,1.2941,slide,
E440_-_Colorado_State_University,3_Ch1slidesb.ppt,.ppt,372,283,1.3145,slide,
E440_-_Colorado_State_University,4_Ch2slide.pdf,.pdf,792,612,1.2941,slide,
E440_-_Colorado_State_University,5_Ch2slides.pdf,.pdf,792,612,1.2941,slide,
E440_-_Colorado_State_University,6_Ch2slidesb.ppt,.ppt,372,283,1.3145,slide,
E440_-_Colorado_State_University,7_Ch3slide.pdf,.pdf,792,612,1.2941,slide,
E440_-_Colorado_State_University,8_Ch3slides.pdf,.pdf,792,612,1.2941,slide,
E440_-_Colorado_State_University,9_Ch4slide.pdf,.pdf,792,612,1.2941,slide,
EC1011A_-_Harvard_University,10_day3_slides.pdf,.pdf,454,256,1.7734,slide,
EC1011A_-_Harvard_University,11_ec107-day3.pdf,.pdf,454,256,1.7734,slide,
EC1011A_-_Harvard_University,12_ec107_Day3_PS3.pdf,.pdf,596,842,0.7078,document,
EC1011A_-_Harvard_University,13_day4_exercises.pdf,.pdf,596,842,0.7078,document,
EC1011A_-_Harvard_University,14_day4_slides.pdf,.pdf,454,256,1.7734,slide,
EC1011A_-_Harvard_University,15_ec107-day4.pdf,.pdf,454,256,1.7734,slide,
EC1011A_-_Harvard_University,16_ec107_Day4_PS4.pdf,.pdf,596,842,0.7078,document,
EC1011A_-_Harvard_University,17_Handbook.pdf,.pdf,596,842,0.7078,document,
EC1011A_-_Harvard_University,1_day1_exercises.pdf,.pdf,596,842,0.7078,document,
EC1011A_-_Harvard_University,2_day1_slides.pdf,.pdf,454,256,1.7734,slide,
EC1011A_-_Harvard_University,3_ec107-day1.pdf,.pdf,454,256,1.7734,slide,
EC1011A_-_Harvard_University,4_ec107_Day1_PS1.pdf,.pdf,596,842,0.7078,document,
EC1011A_-_Harvard_University,5_day2_exercises.pdf,.pdf,596,842,0.7078,document,
EC1011A_-_Harvard_University,6_day2_slides.pdf,.pdf,454,256,1.7734,slide,
EC1011A_-_Harvard_University,7_ec107-day2.pdf,.pdf,454,256,1.7734,slide,
EC1011A_-_Harvard_University,8_ec107_Day2_PS2.pdf,.pdf,596,842,0.7078,document,
EC1011A_-_Harvard_University,9_day3_exercises.pdf,.pdf,596,842,0.7078,document,
EC107_-_Tufts_University,10_day3_slides.pdf,.pdf,454,256,1.7734,slide,
EC107_-_Tufts_University,11_ec107-day3.pdf,.pdf,454,256,1.7734,slide,
EC107_-_Tufts_University,12_ec107_Day3_PS3.pdf,.pdf,596,842,0.7078,document,
EC107_-_Tufts_University,13_day4_exercises.pdf,.pdf,596,842,0.7078,document,
EC107_-_Tufts_University,14_day4_slides.pdf,.pdf,454,256,1.7734,slide,
EC107_-_Tufts_University,15_ec107-day4.pdf,.pdf,454,256,1.7734,slide,
EC107_-_Tufts_University,16_ec107_Day4_PS4.pdf,.pdf,596,842,0.7078,document,
EC107_-_Tufts_University,17_Handbook.pdf,.pdf,596,842,0.7078,document,
EC107_-_Tufts_University,1_day1_exercises.pdf,.pdf,596,842,0.7078,document,
EC107_-_Tufts_University,2_day1_slides.pdf,.pdf,454,256,1.7734,slide,
EC107_-_Tufts_University,3_ec107-day1.pdf,.pdf,454,256,1.7734,slide,
EC107_-_Tufts_University,4_ec107_Day1_PS1.pdf,.pdf,596,842,0.7078,document,
EC107_-_Tufts_University,5_day2_exercises.pdf,.pdf,596,842,0.7078,document,
EC107_-_Tufts_University,6_day2_slides.pdf,.pdf,454,256,1.7734,slide,
EC107_-_Tufts_University,7_ec107-day2.pdf,.pdf,454,256,1.7734,slide,
EC107_-_Tufts_University,8_ec107_Day2_PS2.pdf,.pdf,596,842,0.7078,document,
EC107_-_Tufts_University,9_day3_exercises.pdf,.pdf,596,842,0.7078,document,
EC144_-_Tufts_University,10_day3_slides.pdf,.pdf,454,256,1.7734,slide,
EC144_-_Tufts_University,11_ec107-day3.pdf,.pdf,454,256,1.7734,slide,
EC144_-_Tufts_University,12_ec107_Day3_PS3.pdf,.pdf,596,842,0.7078,document,
EC144_-_Tufts_University,13_day4_exercises.pdf,.pdf,596,842,0.7078,document,
EC144_-_Tufts_University,14_day4_slides.pdf,.pdf,454,256,1.7734,slide,
EC144_-_Tufts_University,15_ec107-day4.pdf,.pdf,454,256,1.7734,slide,
EC144_-_Tufts_University,16_ec107_Day4_PS4.pdf,.pdf,596,842,0.7078,document,
EC144_-_Tufts_University,17_Handbook.pdf,.pdf,596,842,0.7078,document,
EC144_-_Tufts_University,1_day1_exercises.pdf,.pdf,596,842,0.7078,document,
EC144_-_Tufts_University,2_day1_slides.pdf,.pdf,454,256,1.7734,slide,
EC144_-_Tufts_University,3_ec107-day1.pdf,.pdf,454,256,1.7734,slide,
EC144_-_Tufts_University,4_ec107_Day1_PS1.pdf,.pdf,596,842,0.7078,document,
EC144_-_Tufts_University,5_day2_exercises.pdf,.pdf,596,842,0.7078,document,
EC144_-_Tufts_University,6_day2_slides.pdf,.pdf,454,256,1.7734,slide,
EC144_-_Tufts_University,7_ec107-day2.pdf,.pdf,454,256,1.7734,slide,
EC144_-_Tufts_University,8_ec107_Day2_PS2.pdf,.pdf,596,842,0.7078,document,
EC144_-_Tufts_University,9_day3_exercises.pdf,.pdf,596,842,0.7078,document,
EC170_-_Tufts_University,10_day3_slides.pdf,.pdf,454,256,1.7734,slide,
EC170_-_Tufts_University,11_ec107-day3.pdf,.pdf,454,256,1.7734,slide,
EC170_-_Tufts_University,12_ec107_Day3_PS3.pdf,.pdf,596,842,0.7078,document,
EC170_-_Tufts_University,13_day4_exercises.pdf,.pdf,596,842,0.7078,document,
EC170_-_Tufts_University,14_day4_slides.pdf,.pdf,454,256,1.7734,slide,
EC170_-_Tufts_University,15_ec107-day4.pdf,.pdf,454,256,1.7734,slide,
EC170_-_Tufts_University,16_ec107_Day4_PS4.pdf,.pdf,596,842,0.7078,document,
EC170_-_Tufts_University,17_Handbook.pdf,.pdf,596,842,0.7078,document,
EC170_-_Tufts_University,1_day1_exercises.pdf,.pdf,596,842,0.7078,document,
EC170_-_Tufts_University,2_day1_slides.pdf,.pdf,454,256,1.7734,slide,
EC170_-_Tufts_University,3_ec107-day1.pdf,.pdf,454,256,1.7734,slide,
EC170_-_Tufts_University,4_ec107_Day1_PS1.pdf,.pdf,596,842,0.7078,document,
EC170_-_Tufts_University,5_day2_exercises.pdf,.pdf,596,842,0.7078,document,
EC170_-_Tufts_University,6_day2_slides.pdf,.pdf,454,256,1.7734,slide,
EC170_-_Tufts_University,7_ec107-day2.pdf,.pdf,454,256,1.7734,slide,
EC170_-_Tufts_University,8_ec107_Day2_PS2.pdf,.pdf,596,842,0.7078,document,
EC170_-_Tufts_University,9_day3_exercises.pdf,.pdf,596,842,0.7078,document,
EC275_-_Colorado_College,10_Ch4slides.pdf,.pdf,792,612,1.2941,slide,
EC275_-_Colorado_College,11_Ch5slide.pdf,.pdf,792,612,1.2941,slide,
EC275_-_Colorado_College,12_Ch6slide.pdf,.pdf,792,612,1.2941,slide,
EC275_-_Colorado_College,13_Ch6slides.pdf,.pdf,792,612,1.2941,slide,
EC275_-_Colorado_College,14_Ch7slide.pdf,.pdf,792,612,1.2941,slide,
EC275_-_Colorado_College,15_Ch8slide.pdf,.pdf,792,612,1.2941,slide,
EC275_-_Colorado_College,16_Ch8slides.pdf,.pdf,792,612,1.2941,slide,
EC275_-_Colorado_College,17_Ch9slide.pdf,.pdf,792,612,1.2941,slide,
EC275_-_Colorado_College,18_Ch9slides.pdf,.pdf,792,612,1.2941,slide,
EC275_-_Colorado_College,19_Ch10slide.pdf,.pdf,792,612,1.2941,slide,
EC275_-_Colorado_College,1_Ch1slide.pdf,.pdf,792,612,1.2941,slide,
EC275_-_Colorado_College,20_Ch10slides.pdf,.pdf,792,612,1.2941,slide,
EC275_-_Colorado_College,21_Ch11slide.pdf,.pdf,792,612,1.2941,slide,
EC275_-_Colorado_College,22_Ch11slides.pdf,.pdf,792,612,1.2941,slide,
EC275_-_Colorado_College,23_Ch12slide.pdf,.pdf,792,612,1.2941,slide,
EC275_-_Colorado_College,24_Ch13slide.pdf,.pdf,792,612,1.2941,slide,
EC275_-_Colorado_College,25_Ch13slides.pdf,.pdf,792,612,1.2941,slide,
EC275_-_Colorado_College,26_Ch14slide.pdf,.pdf,792,612,1.2941,slide,
EC275_-_Colorado_College,27_Ch14slides.pdf,.pdf,792,612,1.2941,slide,
EC275_-_Colorado_College,28_Ch15slide.pdf,.pdf,792,612,1.2941,slide,
EC275_-_Colorado_College,29_Ch15slides.pdf,.pdf,792,612,1.2941,slide,
EC275_-_Colorado_College,2_Ch1slides.pdf,.pdf,792,612,1.2941,slide,
EC275_-_Colorado_College,30_Ch16slide.pdf,.pdf,792,612,1.2941,slide,
EC275_-_Colorado_College,31_Ch16slides.pdf,.pdf,792,612,1.2941,slide,
EC275_-_Colorado_College,32_Ch17slide.pdf,.pdf,792,612,1.2941,slide,
EC275_-_Colorado_College,33_Ch17slides.pdf,.pdf,792,612,1.2941,slide,
EC275_-_Colorado_College,34_Ch18slide.pdf,.pdf,792,612,1.2941,slide,
EC275_-_Colorado_College,35_Ch19slide.pdf,.pdf,792,612,1.2941,slide,
EC275_-_Colorado_College,36_Ch20slide.pdf,.pdf,792,612,1.2941,slide,
EC275_-_Colorado_College,37_Ap1slide.pdf,.pdf,792,612,1.2941,slide,
EC275_-_Colorado_College,38_Ap2slide.pdf,.pdf,612,792,0.7727,document,
EC275_-_Colorado_College,39_Ap3slide.pdf,.pdf,792,612,1.2941,slide,
EC275_-_Colorado_College,3_Ch1slidesb.ppt,.ppt,372,283,1.3145,slide,
EC275_-_Colorado_College,4_Ch2slide.pdf,.pdf,792,612,1.2941,slide,
EC275_-_Colorado_College,5_Ch2slides.pdf,.pdf,792,612,1.2941,slide,
EC275_-_Colorado_College,6_Ch2slidesb.ppt,.ppt,372,283,1.3145,slide,
EC275_-_Colorado_College,7_Ch3slide.pdf,.pdf,792,612,1.2941,slide,
EC275_-_Colorado_College,8_Ch3slides.pdf,.pdf,792,612,1.2941,slide,
EC275_-_Colorado_College,9_Ch4slide.pdf,.pdf,792,612,1.2941,slide,
ECE101_-_George_Mason_University,1_ece101-1.ppt,.ppt,960,720,1.3333,slide,
ECE101_-_George_Mason_University,2_ece101-2.ppt,.ppt,960,720,1.3333,slide,
ECE101_-_George_Mason_University,3_ece101-3.ppt,.ppt,960,720,1.3333,slide,
ECE101_-_George_Mason_University,4_ece101-4.ppt,.ppt,960,720,1.3333,slide,
ECE101_-_George_Mason_University,5_ece101-5.ppt,.ppt,960,720,1.3333,slide,
ECE101_-_George_Mason_University,6_ece101-6.ppt,.ppt,960,720,1.3333,slide,
ECE101_-_George_Mason_University,7_ece101-7.ppt,.ppt,960,720,1.3333,slide,
ECE101_-_George_Mason_University,8_ece101-8.ppt,.ppt,960,720,1.3333,slide,
ECE101_-_George_Mason_University,9_ece101-9.ppt,.ppt,960,720,1.3333,slide,
ECE150_-_Cooper_Union,10_L10-slides.pdf,.pdf,363,273,1.3297,slide,
ECE150_-_Cooper_Union,11_L11-slides.pdf,.pdf,363,273,1.3297,slide,
ECE150_-_Cooper_Union,12_L12-slides.pdf,.pdf,363,273,1.3297,slide,
ECE150_-_Cooper_Union,13_L13-slides.pdf,.pdf,363,273,1.3297,slide,
ECE150_-_Cooper_Union,14_L14-slides.pdf,.pdf,363,273,1.3297,slide,
ECE150_-_Cooper_Union,15_L15-slides.pdf,.pdf,363,273,1.3297,slide,
ECE150_-_Cooper_Union,16_L16-slides.pdf,.pdf,363,273,1.3297,slide,
ECE150_-_Cooper_Union,17_L17-slides.pdf,.pdf,363,273,1.3297,slide,
ECE150_-_Cooper_Union,18_L18-slides.pdf,.pdf,363,273,1.3297,slide,
ECE150_-_Cooper_Union,19_L19-slides.pdf,.pdf,363,273,1.3297,slide,
ECE150_-_Cooper_Union,1_L01-slides.pdf,.pdf,363,273,1.3297,slide,
ECE150_-_Cooper_Union,20_L20-slides.pdf,.pdf,363,273,1.3297,slide,
ECE150_-_Cooper_Union,21_L21-slides.pdf,.pdf,363,273,1.3297,slide,
ECE150_-_Cooper_Union,22_L22-slides.pdf,.pdf,363,273,1.3297,slide,
ECE150_-_Cooper_Union,23_L23-slides.pdf,.pdf,363,273,1.3297,slide,
ECE150_-_Cooper_Union,24_L24-slides.pdf,.pdf,363,273,1.3297,slide,
ECE150_-_Cooper_Union,25_L25-slides.pdf,.pdf,363,273,1.3297,slide,
ECE150_-_Cooper_Union,26_L26-slides.pdf,.pdf,363,273,1.3297,slide,
ECE150_-_Cooper_Union,27_L27-slides.pdf,.pdf,363,273,1.3297,slide,
ECE150_-_Cooper_Union,28_L28-slides.pdf,.pdf,363,273,1.3297,slide,
ECE150_-_Cooper_Union,29_L29-slides.pdf,.pdf,363,273,1.3297,slide,
ECE150_-_Cooper_Union,2_L02-slides.pdf,.pdf,363,273,1.3297,slide,
ECE150_-_Cooper_Union,30_L30-slides.pdf,.pdf,363,273,1.3297,slide,
ECE150_-_Cooper_Union,31_L31-slides.pdf,.pdf,363,273,1.3297,slide,
ECE150_-_Cooper_Union,32_L32-slides.pdf,.pdf,363,273,1.3297,slide,
ECE150_-_Cooper_Union,33_L33-slides.pdf,.pdf,363,273,1.3297,slide,
ECE150_-_Cooper_Union,34_L34-slides.pdf,.pdf,363,273,1.3297,slide,
ECE150_-_Cooper_Union,35_L35-slides.pdf,.pdf,363,273,1.3297,slide,
ECE150_-_Cooper_Union,36_L00-slides.pdf,.pdf,363,273,1.3297,slide,
ECE150_-_Cooper_Union,3_L03-slides.pdf,.pdf,363,273,1.3297,slide,
ECE150_-_Cooper_Union,4_L04-slides.pdf,.pdf,363,273,1.3297,slide,
ECE150_-_Cooper_Union,5_L05-slides.pdf,.pdf,363,273,1.3297,slide,
ECE150_-_Cooper_Union,6_L06-slides.pdf,.pdf,363,273,1.3297,slide,
ECE150_-_Cooper_Union,7_L07-slides.pdf,.pdf,363,273,1.3297,slide,
ECE150_-_Cooper_Union,8_L08-slides.pdf,.pdf,363,273,1.3297,slide,
ECE150_-_Cooper_Union,9_L09-slides.pdf,.pdf,363,273,1.3297,slide,
ECE15_-_University_of_California_San_Diego,1_lecture1.pdf,.pdf,1024,768,1.3333,slide,
ECE15_-_University_of_California_San_Diego,2_lecture2.pdf,.pdf,720,540,1.3333,slide,
ECE15_-_University_of_California_San_Diego,3_lecture3.pdf,.pdf,1024,768,1.3333,slide,
ECE15_-_University_of_California_San_Diego,4_lecture4.pdf,.pdf,1024,768,1.3333,slide,
ECE15_-_University_of_California_San_Diego,5_lecture5.pdf,.pdf,1024,768,1.3333,slide,
ECE15_-_University_of_California_San_Diego,6_lecture6.pdf,.pdf,1024,768,1.3333,slide,
ECE15_-_University_of_California_San_Diego,7_lecture7.pdf,.pdf,1024,768,1.3333,slide,
ECE15_-_University_of_California_San_Diego,8_lecture8.pdf,.pdf,1024,768,1.3333,slide,
ECE15_-_University_of_California_San_Diego,9_lecture9.pdf,.pdf,1024,768,1.3333,slide,
ECE250_-_Duke_University,10_10-virtual-memory.pdf,.pdf,720,540,1.3333,slide,
ECE250_-_Duke_University,11_11-io.pdf,.pdf,720,540,1.3333,slide,
ECE250_-_Duke_University,12_12-pipelining.pdf,.pdf,720,540,1.3333,slide,
ECE250_-_Duke_University,13_13-multicore.pdf,.pdf,720,540,1.3333,slide,
ECE250_-_Duke_University,14_14-x86.pdf,.pdf,720,540,1.3333,slide,
ECE250_-_Duke_University,15_15-review.pdf,.pdf,720,540,1.3333,slide,
ECE250_-_Duke_University,1_01-intro.pdf,.pdf,720,540,1.3333,slide,
ECE250_-_Duke_University,2_02-c.pdf,.pdf,720,540,1.3333,slide,
ECE250_-_Duke_University,3_03-from-C-to-binary.pdf,.pdf,720,540,1.3333,slide,
ECE250_-_Duke_University,4_04-assembly.pdf,.pdf,720,540,1.3333,slide,
ECE250_-_Duke_University,5_05-combinational-logic.pdf,.pdf,720,540,1.3333,slide,
ECE250_-_Duke_University,6_06-sequential-logic.pdf,.pdf,720,540,1.3333,slide,
ECE250_-_Duke_University,7_07-FSM.pdf,.pdf,720,540,1.3333,slide,
ECE250_-_Duke_University,8_08-datapath-and-control.pdf,.pdf,720,540,1.3333,slide,
ECE250_-_Duke_University,9_09-caches.pdf,.pdf,720,540,1.3333,slide,
ECE350_-_Duke_University,10_L05-slides-Access_Control_DAC_MAC_Capabilities_and_Sandboxing.pdf,.pdf,363,273,1.3297,slide,
ECE350_-_Duke_University,11_L06-Review_of_Concurrency_Control.pdf,.pdf,612,792,0.7727,document,
ECE350_-_Duke_University,12_L06-slides-Review_of_Concurrency_Control.pdf,.pdf,363,273,1.3297,slide,
ECE350_-_Duke_University,13_L07-Concurrency_Control_Implementation.pdf,.pdf,612,792,0.7727,document,
ECE350_-_Duke_University,14_L07-slides-Concurrency_Control_Implementation.pdf,.pdf,363,273,1.3297,slide,
ECE350_-_Duke_University,15_L08-Memory.pdf,.pdf,612,792,0.7727,document,
ECE350_-_Duke_University,16_L08-slides-Memory.pdf,.pdf,363,273,1.3297,slide,
ECE350_-_Duke_University,17_L09-Dynamic_Memory_Allocation.pdf,.pdf,612,792,0.7727,document,
ECE350_-_Duke_University,18_L09-slides-Dynamic_Memory_Allocation.pdf,.pdf,363,273,1.3297,slide,
ECE350_-_Duke_University,19_L10-Memory_Segmentation_and_Paging.pdf,.pdf,612,792,0.7727,document,
ECE350_-_Duke_University,1_L01-Introduction_Operating_Systems_Security.pdf,.pdf,612,792,0.7727,document,
ECE350_-_Duke_University,20_L10-slides-Memory_Segmentation_Paging.pdf,.pdf,363,273,1.3297,slide,
ECE350_-_Duke_University,21_L11-Caching.pdf,.pdf,612,792,0.7727,document,
ECE350_-_Duke_University,22_L11-slides-Caching.pdf,.pdf,363,273,1.3297,slide,
ECE350_-_Duke_University,23_L12-Virtual_Memory.pdf,.pdf,612,792,0.7727,document,
ECE350_-_Duke_University,24_L12-slides-Virtual_Memory.pdf,.pdf,363,273,1.3297,slide,
ECE350_-_Duke_University,25_L13-Virtual_Memory_II.pdf,.pdf,612,792,0.7727,document,
ECE350_-_Duke_University,26_L13-slides-Virtual_Memory_II.pdf,.pdf,363,273,1.3297,slide,
ECE350_-_Duke_University,27_L14-Uniprocessor_Scheduling.pdf,.pdf,612,792,0.7727,document,
ECE350_-_Duke_University,28_L14-slides-Uniprocessor_Scheduling.pdf,.pdf,363,273,1.3297,slide,
ECE350_-_Duke_University,29_L15-Scheduling_Algorithms.pdf,.pdf,612,792,0.7727,document,
ECE350_-_Duke_University,2_L01-slides-Introduction_Operating_Systems_Security.pdf,.pdf,363,273,1.3297,slide,
ECE350_-_Duke_University,30_L15-slides-Scheduling_Algorithms.pdf,.pdf,363,273,1.3297,slide,
ECE350_-_Duke_University,31_L16-Scheduling_Idling_Priorities_Multiprocessor.pdf,.pdf,612,792,0.7727,document,
ECE350_-_Duke_University,32_L16-slides-Scheduling_Idling_Priorities_Multiprocessor.pdf,.pdf,363,273,1.3297,slide,
ECE350_-_Duke_University,33_L17-Real_Time_Scheduling.pdf,.pdf,612,792,0.7727,document,
ECE350_-_Duke_University,34_L17-slides-Real-Time_Scheduling.pdf,.pdf,363,273,1.3297,slide,
ECE350_-_Duke_University,35_L18-Real-Time_Scheduling_Algorithms.pdf,.pdf,612,792,0.7727,document,
ECE350_-_Duke_University,36_L18-slides-Real-Time_Scheduling_Algorithms.pdf,.pdf,363,273,1.3297,slide,
ECE350_-_Duke_University,37_L19-Scheduling_Algorithm_Evaluation_UNIX_Windows.pdf,.pdf,612,792,0.7727,document,
ECE350_-_Duke_University,38_L19-slides-Scheduling_Algorithm_Evaluation_UNIX_Windows.pdf,.pdf,363,273,1.3297,slide,
ECE350_-_Duke_University,39_L20-Scheduling_in_Linux.pdf,.pdf,612,792,0.7727,document,
ECE350_-_Duke_University,3_L02-Review_of_Processes_and_Threads.pdf,.pdf,612,792,0.7727,document,
ECE350_-_Duke_University,40_L20-slides-Scheduling_in_Linux.pdf,.pdf,363,273,1.3297,slide,
ECE350_-_Duke_University,41_L21-Power_Management_and_Energy-Aware_Scheduling.pdf,.pdf,612,792,0.7727,document,
ECE350_-_Duke_University,42_L21-slides-Power_Management_and_Energy-Aware_Scheduling.pdf,.pdf,363,273,1.3297,slide,
ECE350_-_Duke_University,43_L22-Extending_the_Kernel.pdf,.pdf,612,792,0.7727,document,
ECE350_-_Duke_University,44_L22-slides-Extending_the_Kernel.pdf,.pdf,363,273,1.3297,slide,
ECE350_-_Duke_University,45_L23-Input_Output_Devices_Drivers.pdf,.pdf,612,792,0.7727,document,
ECE350_-_Duke_University,46_L23-slides-Input_Output_Devices_Drivers.pdf,.pdf,363,273,1.3297,slide,
ECE350_-_Duke_University,47_L24-More_About_Input_Output_Devices.pdf,.pdf,612,792,0.7727,document,
ECE350_-_Duke_University,48_L24-slides-More_About_Input_Output_Devices.pdf,.pdf,363,273,1.3297,slide,
ECE350_-_Duke_University,49_L25-Disk_Scheduling.pdf,.pdf,612,792,0.7727,document,
ECE350_-_Duke_University,4_L02-slides-Review_of_Processes_and_Threads.pdf,.pdf,363,273,1.3297,slide,
ECE350_-_Duke_University,50_L25-slides-Disk_Scheduling.pdf,.pdf,363,273,1.3297,slide,
ECE350_-_Duke_University,51_L26-Flash_Storage_SSDs_and_Log-Structured_File_Systems.pdf,.pdf,612,792,0.7727,document,
ECE350_-_Duke_University,52_L26-slides-Flash_Storage_SSDs_and_Log-Structured_File_Systems.pdf,.pdf,363,273,1.3297,slide,
ECE350_-_Duke_University,53_L27-File_System_Implementation.pdf,.pdf,612,792,0.7727,document,
ECE350_-_Duke_University,54_L27-slides-File_System_Implementation.pdf,.pdf,363,273,1.3297,slide,
ECE350_-_Duke_University,55_L28-File_Allocation_Methods.pdf,.pdf,612,792,0.7727,document,
ECE350_-_Duke_University,56_L28-slides-File_Allocation_Methods.pdf,.pdf,363,273,1.3297,slide,
ECE350_-_Duke_University,57_L29-Reliability_RAID.pdf,.pdf,612,792,0.7727,document,
ECE350_-_Duke_University,58_L29-slides-Reliability_RAID.pdf,.pdf,363,273,1.3297,slide,
ECE350_-_Duke_University,59_L30-Reliability_Fail-Soft_Operation.pdf,.pdf,612,792,0.7727,document,
ECE350_-_Duke_University,5_L03-The_Execution_Model_Stack_Heap_and_the_Process_Address_Space.pdf,.pdf,612,792,0.7727,document,
ECE350_-_Duke_University,60_L30-slides-Reliability_Fail-Soft_Operation.pdf,.pdf,363,273,1.3297,slide,
ECE350_-_Duke_University,61_L31-Live_Kernel_Patching.pdf,.pdf,612,792,0.7727,document,
ECE350_-_Duke_University,62_L31-slides-Live_Kernel_Patching.pdf,.pdf,363,273,1.3297,slide,
ECE350_-_Duke_University,63_L32-Virtualization_and_Containers.pdf,.pdf,612,792,0.7727,document,
ECE350_-_Duke_University,64_L32-slides-Virtualization_and_Containers.pdf,.pdf,363,273,1.3297,slide,
ECE350_-_Duke_University,65_L33-Trusted_Computing_Secure_Boot_TPMs_and_Confidential_Computing.pdf,.pdf,612,792,0.7727,document,
ECE350_-_Duke_University,66_L33-slides-Trusted_Computing_Secure_Boot_TPMs_and_Confidential_Computing.pdf,.pdf,363,273,1.3297,slide,
ECE350_-_Duke_University,67_L34-Containers_Namespaces_and_cgroups.pdf,.pdf,612,792,0.7727,document,
ECE350_-_Duke_University,68_L34-slides-Containers_Namespaces_and_cgroups.pdf,.pdf,363,273,1.3297,slide,
ECE350_-_Duke_University,69_L35-slides-Preparing_for_the_Final.pdf,.pdf,363,273,1.3297,slide,
ECE350_-_Duke_University,6_L03-slides-The_Execution_Model_Stack_Heap_and_the_Process_Address_Space.pdf,.pdf,363,273,1.3297,slide,
ECE350_-_Duke_University,70_midterm-slides.pdf,.pdf,363,273,1.3297,slide,
ECE350_-_Duke_University,71_notebook.pdf,.pdf,596,842,0.7078,document,
ECE350_-_Duke_University,7_L04-Sunrise_to_Sunset.pdf,.pdf,612,792,0.7727,document,
ECE350_-_Duke_University,8_L04-slides-Sunrise_to_Sunset.pdf,.pdf,363,273,1.3297,slide,
ECE350_-_Duke_University,9_L05-Access_Control_DAC_MAC_Capabilities_and_Sandboxing.pdf,.pdf,612,792,0.7727,document,
ECE352_-_Arizona_State_University,1_Gupta_Lecture1.ppt,.ppt,960,720,1.3333,slide,
ECE352_-_Arizona_State_University,2_Gupta_Lecture2.ppt,.ppt,960,720,1.3333,slide,
ECE352_-_Arizona_State_University,3_Gupta_Lecture3.ppt,.ppt,960,720,1.3333,slide,
ECE352_-_Arizona_State_University,4_Gupta_Lecture4.ppt,.ppt,960,720,1.3333,slide,
ECE352_-_Arizona_State_University,5_Fourier.ppt,.ppt,960,720,1.3333,slide,
ECE374_-_New_Jersey_Institute_of_Technology,11_lec4.pdf,.pdf,454,256,1.7734,slide,
ECE374_-_New_Jersey_Institute_of_Technology,12_lec4_scribbles_fa25.pdf,.pdf,792,447,1.7718,slide,
ECE374_-_New_Jersey_Institute_of_Technology,14_lec5.pdf,.pdf,454,256,1.7734,slide,
ECE374_-_New_Jersey_Institute_of_Technology,15_lec5_scribbles_fa25.pdf,.pdf,792,447,1.7718,slide,
ECE374_-_New_Jersey_Institute_of_Technology,17_lec6.pdf,.pdf,454,256,1.7734,slide,
ECE374_-_New_Jersey_Institute_of_Technology,18_lec6_scribbles_fa25.pdf,.pdf,792,447,1.7718,slide,
ECE374_-_New_Jersey_Institute_of_Technology,20_lec7.pdf,.pdf,454,256,1.7734,slide,
ECE374_-_New_Jersey_Institute_of_Technology,21_lec7_scribbles_fa25.pdf,.pdf,792,447,1.7718,slide,
ECE374_-_New_Jersey_Institute_of_Technology,23_lec8.pdf,.pdf,454,256,1.7734,slide,
ECE374_-_New_Jersey_Institute_of_Technology,24_lec8_scribbles_fa25.pdf,.pdf,792,447,1.7718,slide,
ECE374_-_New_Jersey_Institute_of_Technology,26_lec9.pdf,.pdf,454,256,1.7734,slide,
ECE374_-_New_Jersey_Institute_of_Technology,27_lec9_scribbles_fa25.pdf,.pdf,792,447,1.7718,slide,
ECE374_-_New_Jersey_Institute_of_Technology,29_lec10.pdf,.pdf,454,256,1.7734,slide,
ECE374_-_New_Jersey_Institute_of_Technology,2_lec1.pdf,.pdf,454,256,1.7734,slide,
ECE374_-_New_Jersey_Institute_of_Technology,30_lec10_scribbles_fa25.pdf,.pdf,792,447,1.7718,slide,
ECE374_-_New_Jersey_Institute_of_Technology,32_lec11.pdf,.pdf,454,256,1.7734,slide,
ECE374_-_New_Jersey_Institute_of_Technology,33_lec11_scribbles_fa25.pdf,.pdf,792,447,1.7718,slide,
ECE374_-_New_Jersey_Institute_of_Technology,35_lec12.pdf,.pdf,454,256,1.7734,slide,
ECE374_-_New_Jersey_Institute_of_Technology,36_lec12_scribbles_fa25.pdf,.pdf,792,447,1.7718,slide,
ECE374_-_New_Jersey_Institute_of_Technology,38_lec13.pdf,.pdf,454,256,1.7734,slide,
ECE374_-_New_Jersey_Institute_of_Technology,39_lec13_scribbles_fa25.pdf,.pdf,792,447,1.7718,slide,
ECE374_-_New_Jersey_Institute_of_Technology,3_lec1_scribbles_fa25.pdf,.pdf,792,447,1.7718,slide,
ECE374_-_New_Jersey_Institute_of_Technology,41_lec14.pdf,.pdf,454,256,1.7734,slide,
ECE374_-_New_Jersey_Institute_of_Technology,42_lec14_scribbles_fa25.pdf,.pdf,792,447,1.7718,slide,
ECE374_-_New_Jersey_Institute_of_Technology,44_lec15.pdf,.pdf,454,256,1.7734,slide,
ECE374_-_New_Jersey_Institute_of_Technology,45_lec15_scribbles_fa25.pdf,.pdf,792,447,1.7718,slide,
ECE374_-_New_Jersey_Institute_of_Technology,47_lec16.pdf,.pdf,454,256,1.7734,slide,
ECE374_-_New_Jersey_Institute_of_Technology,48_lec16_scribbles_fa25.pdf,.pdf,792,447,1.7718,slide,
ECE374_-_New_Jersey_Institute_of_Technology,50_lec17.pdf,.pdf,454,256,1.7734,slide,
ECE374_-_New_Jersey_Institute_of_Technology,51_lec17_scribbles_fa25.pdf,.pdf,792,447,1.7718,slide,
ECE374_-_New_Jersey_Institute_of_Technology,53_lec18.pdf,.pdf,454,256,1.7734,slide,
ECE374_-_New_Jersey_Institute_of_Technology,54_lec18_scribbles_fa25.pdf,.pdf,792,447,1.7718,slide,
ECE374_-_New_Jersey_Institute_of_Technology,56_lec19.pdf,.pdf,454,256,1.7734,slide,
ECE374_-_New_Jersey_Institute_of_Technology,57_lec19_scribbles_fa25.pdf,.pdf,792,447,1.7718,slide,
ECE374_-_New_Jersey_Institute_of_Technology,59_lec20.pdf,.pdf,454,256,1.7734,slide,
ECE374_-_New_Jersey_Institute_of_Technology,5_lec2.pdf,.pdf,454,256,1.7734,slide,
ECE374_-_New_Jersey_Institute_of_Technology,60_lec20_scribbles_fa25.pdf,.pdf,792,447,1.7718,slide,
ECE374_-_New_Jersey_Institute_of_Technology,62_lec21.pdf,.pdf,454,256,1.7734,slide,
ECE374_-_New_Jersey_Institute_of_Technology,63_lec21_scribbles_fa25.pdf,.pdf,792,447,1.7718,slide,
ECE374_-_New_Jersey_Institute_of_Technology,65_lec22.pdf,.pdf,454,256,1.7734,slide,
ECE374_-_New_Jersey_Institute_of_Technology,66_lec22_scribbles_fa25.pdf,.pdf,792,447,1.7718,slide,
ECE374_-_New_Jersey_Institute_of_Technology,68_lec23.pdf,.pdf,454,256,1.7734,slide,
ECE374_-_New_Jersey_Institute_of_Technology,69_lec23_scribbles_fa25.pdf,.pdf,792,447,1.7718,slide,
ECE374_-_New_Jersey_Institute_of_Technology,6_lec2_scribbles_fa25.pdf,.pdf,792,447,1.7718,slide,
ECE374_-_New_Jersey_Institute_of_Technology,71_lec24.pdf,.pdf,454,256,1.7734,slide,
ECE374_-_New_Jersey_Institute_of_Technology,72_lec24_scribbles_fa25.pdf,.pdf,792,447,1.7718,slide,
ECE374_-_New_Jersey_Institute_of_Technology,74_lec25.pdf,.pdf,454,256,1.7734,slide,
ECE374_-_New_Jersey_Institute_of_Technology,75_lec25_scribbles_fa23.pdf,.pdf,792,447,1.7718,slide,
ECE374_-_New_Jersey_Institute_of_Technology,77_lec0.pdf,.pdf,454,256,1.7734,slide,
ECE374_-_New_Jersey_Institute_of_Technology,78_lec0_scribbles_fa25.pdf,.pdf,792,447,1.7718,slide,
ECE374_-_New_Jersey_Institute_of_Technology,8_lec3.pdf,.pdf,454,256,1.7734,slide,
ECE374_-_New_Jersey_Institute_of_Technology,9_lec3_scribbles_fa25.pdf,.pdf,792,447,1.7718,slide,
ECE4330_-_Wayne_State_University,10_lecture_10_ece4330t.pdf,.pdf,612,792,0.7727,document,
ECE4330_-_Wayne_State_University,11_lecture_11_ece4330t.pdf,.pdf,612,792,0.7727,document,
ECE4330_-_Wayne_State_University,12_lecture_12_ece4330t.pdf,.pdf,612,792,0.7727,document,
ECE4330_-_Wayne_State_University,13_lecture_13_ece4330_extra.pdf,.pdf,612,792,0.7727,document,
ECE4330_-_Wayne_State_University,14_lecture_13_ece4330t.pdf,.pdf,612,792,0.7727,document,
ECE4330_-_Wayne_State_University,15_lecture_14_ece4330t.pdf,.pdf,612,792,0.7727,document,
ECE4330_-_Wayne_State_University,16_lecture_15_ece4330t.pdf,.pdf,612,792,0.7727,document,
ECE4330_-_Wayne_State_University,17_lecture_16_ece4330t.pdf,.pdf,612,792,0.7727,document,
ECE4330_-_Wayne_State_University,18_lecture_17_ece4330t.pdf,.pdf,612,792,0.7727,document,
ECE4330_-_Wayne_State_University,19_lecture_18_ece4330t.pdf,.pdf,612,792,0.7727,document,
ECE4330_-_Wayne_State_University,1_lecture_1_ece4330t.pdf,.pdf,612,792,0.7727,document,
ECE4330_-_Wayne_State_University,20_lecture_19_ece4330t.pdf,.pdf,612,792,0.7727,document,
ECE4330_-_Wayne_State_University,21_lecture_20_ece4330t.pdf,.pdf,612,792,0.7727,document,
ECE4330_-_Wayne_State_University,22_lecture_21_ece4330t.pdf,.pdf,612,792,0.7727,document,
ECE4330_-_Wayne_State_University,23_lecture_22_ece4330t.pdf,.pdf,612,792,0.7727,document,
ECE4330_-_Wayne_State_University,24_lecture_23_ece4330t.pdf,.pdf,612,792,0.7727,document,
ECE4330_-_Wayne_State_University,25_lecture_24_ece4330t.pdf,.pdf,612,792,0.7727,document,
ECE4330_-_Wayne_State_University,26_calculus_of_variations_hassoun.pdf,.pdf,612,792,0.7727,document,
ECE4330_-_Wayne_State_University,27_difference_equations_primer.pdf,.pdf,612,792,0.7727,document,
ECE4330_-_Wayne_State_University,28_matlab_for_ece4330.pdf,.pdf,612,792,0.7727,document,
ECE4330_-_Wayne_State_University,29_nonlinear_ode_examples.pdf,.pdf,612,792,0.7727,document,
ECE4330_-_Wayne_State_University,2_lecture_2_ece4330t.pdf,.pdf,612,792,0.7727,document,
ECE4330_-_Wayne_State_University,30_nonlinear_static_circuits.pdf,.pdf,612,792,0.7727,document,
ECE4330_-_Wayne_State_University,31_numerical_analysis_nonlinear_systems.pdf,.pdf,612,792,0.7727,document,
ECE4330_-_Wayne_State_University,32_square_root_recursion.pdf,.pdf,612,792,0.7727,document,
ECE4330_-_Wayne_State_University,3_lecture_3_ece4330t.pdf,.pdf,612,792,0.7727,document,
ECE4330_-_Wayne_State_University,4_lecture_4_ece4330t.pdf,.pdf,612,792,0.7727,document,
ECE4330_-_Wayne_State_University,5_lecture_5_ece4330t.pdf,.pdf,612,792,0.7727,document,
ECE4330_-_Wayne_State_University,6_lecture_6_ece4330t.pdf,.pdf,612,792,0.7727,document,
ECE4330_-_Wayne_State_University,7_lecture_7_ece4330t.pdf,.pdf,612,792,0.7727,document,
ECE4330_-_Wayne_State_University,8_lecture_8_ece4330t.pdf,.pdf,612,792,0.7727,document,
ECE4330_-_Wayne_State_University,9_lecture_9_ece4330t.pdf,.pdf,612,792,0.7727,document,
ECE461_-_North_Dakota_State_University,10_10_LaPlace_Transforms.pdf,.pdf,612,792,0.7727,document,
ECE461_-_North_Dakota_State_University,11_11_First_and_Second_Order_Approximations.pdf,.pdf,612,792,0.7727,document,
ECE461_-_North_Dakota_State_University,12_11_First_and_Second_Order_Approximations.pdf,.pdf,792,612,1.2941,slide,
ECE461_-_North_Dakota_State_University,13_12_Block_Diagrams.pdf,.pdf,612,792,0.7727,document,
ECE461_-_North_Dakota_State_University,14_12_Block_Diagrams.pdf,.pdf,792,612,1.2941,slide,
ECE461_-_North_Dakota_State_University,15_13_State_Space_and_Canonical_Forms.pdf,.pdf,612,792,0.7727,document,
ECE461_-_North_Dakota_State_University,16_13_State_Space_and_Canonical_Forms.pdf,.pdf,792,612,1.2941,slide,
ECE461_-_North_Dakota_State_University,17_14_Electric_Circuits_and_the_Heat_Equation.pdf,.pdf,612,792,0.7727,document,
ECE461_-_North_Dakota_State_University,18_14_Electric_Circuits_and_the_Heat_Equation.pdf,.pdf,792,612,1.2941,slide,
ECE461_-_North_Dakota_State_University,19_15_Mass_Spring_Systems_The_Wave_Equation.pdf,.pdf,612,792,0.7727,document,
ECE461_-_North_Dakota_State_University,1_01_PLC_Intro.pdf,.pdf,612,792,0.7727,document,
ECE461_-_North_Dakota_State_University,20_15_Mass_Spring_Systems_The_Wave_Equation.pdf,.pdf,792,612,1.2941,slide,
ECE461_-_North_Dakota_State_University,21_16_Rotational_Systems_and_Gears.pdf,.pdf,612,792,0.7727,document,
ECE461_-_North_Dakota_State_University,22_16_Rotational_Systems_and_Gears.pdf,.pdf,792,612,1.2941,slide,
ECE461_-_North_Dakota_State_University,23_17_Modeling_a_DC_Servo_Motor.pdf,.pdf,792,612,1.2941,slide,
ECE461_-_North_Dakota_State_University,24_18_Error_Constants.pdf,.pdf,612,792,0.7727,document,
ECE461_-_North_Dakota_State_University,25_18_Error_Constants.pdf,.pdf,792,612,1.2941,slide,
ECE461_-_North_Dakota_State_University,26_19_Routh_Criteria.pdf,.pdf,612,792,0.7727,document,
ECE461_-_North_Dakota_State_University,27_19_Routh_Criteria.pdf,.pdf,792,612,1.2941,slide,
ECE461_-_North_Dakota_State_University,28_20_Root_Locus.pdf,.pdf,612,792,0.7727,document,
ECE461_-_North_Dakota_State_University,29_20_Root_Locus.pdf,.pdf,792,612,1.2941,slide,
ECE461_-_North_Dakota_State_University,2_02_PLC_and_Code_Composer.pdf,.pdf,612,792,0.7727,document,
ECE461_-_North_Dakota_State_University,30_21_Root_Locus_with_Complex_Poles_and_Zeros.pdf,.pdf,612,792,0.7727,document,
ECE461_-_North_Dakota_State_University,31_21_Root_Locus_with_Complex_Poles_and_Zeros.pdf,.pdf,792,612,1.2941,slide,
ECE461_-_North_Dakota_State_University,32_22_Gain_Compensation_using_Root_Locus.pdf,.pdf,792,612,1.2941,slide,
ECE461_-_North_Dakota_State_University,33_22_Gain_Compensation_with_Root_Locus.pdf,.pdf,612,792,0.7727,document,
ECE461_-_North_Dakota_State_University,34_23_Lead_Compensators_using_Root_Locus.pdf,.pdf,792,612,1.2941,slide,
ECE461_-_North_Dakota_State_University,35_23_Lead_Compensators_with_Root_Locus.pdf,.pdf,612,792,0.7727,document,
ECE461_-_North_Dakota_State_University,36_24_PID_Compensators_using_Root_Locus.pdf,.pdf,612,792,0.7727,document,
ECE461_-_North_Dakota_State_University,37_24_PID_Compensators_using_Root_Locus.pdf,.pdf,792,612,1.2941,slide,
ECE461_-_North_Dakota_State_University,38_25_Control_of_a_DC_Servo_Motor.pdf,.pdf,792,612,1.2941,slide,
ECE461_-_North_Dakota_State_University,39_26_Meeting_Design_Specs_Using_Root_Locus.pdf,.pdf,792,612,1.2941,slide,
ECE461_-_North_Dakota_State_University,3_03_PLC_and_State_Transistion_Logic.pdf,.pdf,612,792,0.7727,document,
ECE461_-_North_Dakota_State_University,40_26_Meeting_Design_Specs_using_Root_Locus.pdf,.pdf,612,792,0.7727,document,
ECE461_-_North_Dakota_State_University,41_27_Root_Locus_for_Systems_with_Delays.pdf,.pdf,612,792,0.7727,document,
ECE461_-_North_Dakota_State_University,42_27_Systems_with_Delays.pdf,.pdf,792,612,1.2941,slide,
ECE461_-_North_Dakota_State_University,43_28_Unstable_Poles_and_Multiloop_Feedback.pdf,.pdf,792,612,1.2941,slide,
ECE461_-_North_Dakota_State_University,44_28_Unstable_Systems_and_Multiloop_Feedback.pdf,.pdf,612,792,0.7727,document,
ECE461_-_North_Dakota_State_University,45_29_z_Transform.pdf,.pdf,792,612,1.2941,slide,
ECE461_-_North_Dakota_State_University,46_29_z_Transforms.pdf,.pdf,612,792,0.7727,document,
ECE461_-_North_Dakota_State_University,47_30_Converting_Gs_to_Gz.pdf,.pdf,612,792,0.7727,document,
ECE461_-_North_Dakota_State_University,48_30_Converting_Gs_to_Gz.pdf,.pdf,792,612,1.2941,slide,
ECE461_-_North_Dakota_State_University,49_31_Root_Locus_in_the_z_Plane.pdf,.pdf,612,792,0.7727,document,
ECE461_-_North_Dakota_State_University,4_04_PLC_and_Timers.pdf,.pdf,612,792,0.7727,document,
ECE461_-_North_Dakota_State_University,50_31_Root_Locus_in_the_z_Plane.pdf,.pdf,792,612,1.2941,slide,
ECE461_-_North_Dakota_State_University,51_32_Digital_PID_Control.pdf,.pdf,792,612,1.2941,slide,
ECE461_-_North_Dakota_State_University,52_32_PID_in_the_z_Domain.pdf,.pdf,612,792,0.7727,document,
ECE461_-_North_Dakota_State_University,53_33_Meeting_Design_Specs_in_the_z_Plane.pdf,.pdf,612,792,0.7727,document,
ECE461_-_North_Dakota_State_University,54_33_Meeting_Design_Specs_in_the_z_Plane.pdf,.pdf,792,612,1.2941,slide,
ECE461_-_North_Dakota_State_University,55_34_Digital_Control_of_a_DC_Servo_Motor.pdf,.pdf,792,612,1.2941,slide,
ECE461_-_North_Dakota_State_University,56_35_Bode_Plots.pdf,.pdf,612,792,0.7727,document,
ECE461_-_North_Dakota_State_University,57_35_Bode_Plots.pdf,.pdf,792,612,1.2941,slide,
ECE461_-_North_Dakota_State_University,58_36_Gain_Compensation_and_Nichols_Charts.pdf,.pdf,612,792,0.7727,document,
ECE461_-_North_Dakota_State_University,59_36_Gain_Compensation_and_Nichols_Charts.pdf,.pdf,792,612,1.2941,slide,
ECE461_-_North_Dakota_State_University,5_05_PLC_and_Counters.pdf,.pdf,612,792,0.7727,document,
ECE461_-_North_Dakota_State_University,60_37_Compensator_Design_using_Bode_Plots.pdf,.pdf,612,792,0.7727,document,
ECE461_-_North_Dakota_State_University,61_37_Gain_and_Lead_with_Bode_Plots.pdf,.pdf,792,612,1.2941,slide,
ECE461_-_North_Dakota_State_University,62_38_Lag_Compensators.pdf,.pdf,612,792,0.7727,document,
ECE461_-_North_Dakota_State_University,63_38_Lag_Compensators.pdf,.pdf,792,612,1.2941,slide,
ECE461_-_North_Dakota_State_University,64_39_Meeting_Design_Specs_using_Bode_Plots.pdf,.pdf,612,792,0.7727,document,
ECE461_-_North_Dakota_State_University,65_39_Meeting_Design_Specs_using_Bode_Plots.pdf,.pdf,792,612,1.2941,slide,
ECE461_-_North_Dakota_State_University,6_06_PLC_and_Analog_Inputs.pdf,.pdf,612,792,0.7727,document,
ECE461_-_North_Dakota_State_University,7_07_PLC_and_Loops.pdf,.pdf,612,792,0.7727,document,
ECE461_-_North_Dakota_State_University,8_08_PLC_Structured_Text.pdf,.pdf,612,792,0.7727,document,
ECE461_-_North_Dakota_State_University,9_10_LaPlace_Transform_Review.pdf,.pdf,792,612,1.2941,slide,
ECE484_-_University_of_Alabama,10_Spring26_Lecture5_perceptionNN2_CT.pdf,.pdf,720,406,1.7734,slide,
ECE484_-_University_of_Alabama,11_Spring26_Lecture6_Camera.pdf,.pdf,720,406,1.7734,slide,
ECE484_-_University_of_Alabama,12_Fall25_Lecture7_Stereo.pdf,.pdf,720,405,1.7778,slide,
ECE484_-_University_of_Alabama,13_Spring26_Lecture7_Stereo.pdf,.pdf,720,406,1.7734,slide,
ECE484_-_University_of_Alabama,14_Fall25-Lecture8_Control1.pdf,.pdf,960,540,1.7778,slide,
ECE484_-_University_of_Alabama,15_Spring26_Lecture8_Control.pdf,.pdf,454,256,1.7734,slide,
ECE484_-_University_of_Alabama,16_Fall25_lecture9_control2.pdf,.pdf,960,540,1.7778,slide,
ECE484_-_University_of_Alabama,17_Spring26_Lecture9_LTI.pdf,.pdf,454,256,1.7734,slide,
ECE484_-_University_of_Alabama,18_Fall25_Lecture10_Control3.pdf,.pdf,960,540,1.7778,slide,
ECE484_-_University_of_Alabama,19_Spring26_Lecture10_Lyapunov.pdf,.pdf,454,256,1.7734,slide,
ECE484_-_University_of_Alabama,1_Fall25_Lecture1_Overview.pdf,.pdf,960,540,1.7778,slide,
ECE484_-_University_of_Alabama,20_Fall25-Lecture11_localization.pdf,.pdf,960,540,1.7778,slide,
ECE484_-_University_of_Alabama,21_Spring26_Lecture11_filtering.pdf,.pdf,960,540,1.7778,slide,
ECE484_-_University_of_Alabama,22_Fall25-Lecture12_localization.pdf,.pdf,960,540,1.7778,slide,
ECE484_-_University_of_Alabama,24_Fall25-Lecture13_localization.pdf,.pdf,960,540,1.7778,slide,
ECE484_-_University_of_Alabama,25_Spring26_Lecture13_KF.pdf,.pdf,960,540,1.7778,slide,
ECE484_-_University_of_Alabama,26_Fall25-Lecture14_SLAM.pdf,.pdf,960,540,1.7778,slide,
ECE484_-_University_of_Alabama,27_Spring26-Lecture14_search_plan.pdf,.pdf,960,540,1.7778,slide,
ECE484_-_University_of_Alabama,28_Fall25-Lecture15_search_plan.pdf,.pdf,960,540,1.7778,slide,
ECE484_-_University_of_Alabama,29_Spring26-Lecture15_DP2LQR.pdf,.pdf,960,540,1.7778,slide,
ECE484_-_University_of_Alabama,2_Spring26_Lecture1.pdf,.pdf,960,540,1.7778,slide,
ECE484_-_University_of_Alabama,30_Fall25_Lecture16_Aplan.pdf,.pdf,960,540,1.7778,slide,
ECE484_-_University_of_Alabama,31_Spring26-Lecture16_prm.pdf,.pdf,960,540,1.7778,slide,
ECE484_-_University_of_Alabama,32_Fall25_Lecture17_HybridAStar_PRM.pdf,.pdf,960,540,1.7778,slide,
ECE484_-_University_of_Alabama,33_Spring26-Lecture17_rrt.pdf,.pdf,960,540,1.7778,slide,
ECE484_-_University_of_Alabama,34_Fall25-Lecture18_rrt.pdf,.pdf,960,540,1.7778,slide,
ECE484_-_University_of_Alabama,3_Fall25_Lecture2_Safety.pdf,.pdf,960,540,1.7778,slide,
ECE484_-_University_of_Alabama,4_Spring26_Lecture2_Safety2.pdf,.pdf,960,540,1.7778,slide,
ECE484_-_University_of_Alabama,5_Fall25_Lecture3_Safety.pdf,.pdf,960,540,1.7778,slide,
ECE484_-_University_of_Alabama,6_Spring26_Lecture3_Safety.pdf,.pdf,960,540,1.7778,slide,
ECE484_-_University_of_Alabama,7_Fall25_Lecture4_perceptionNN.pdf,.pdf,720,405,1.7778,slide,
ECE484_-_University_of_Alabama,8_Spring26_Lecture4_perceptionNN.pdf,.pdf,720,406,1.7734,slide,
ECE484_-_University_of_Alabama,9_Fall25_Lecture5_Camera.pdf,.pdf,720,405,1.7778,slide,
ECE581_-_Portland_State_University,10_L10_out.pdf,.pdf,960,540,1.7778,slide,
ECE581_-_Portland_State_University,11_L11_out.pdf,.pdf,960,540,1.7778,slide,
ECE581_-_Portland_State_University,12_L12_out.pdf,.pdf,960,540,1.7778,slide,
ECE581_-_Portland_State_University,13_L13_out.pdf,.pdf,960,540,1.7778,slide,
ECE581_-_Portland_State_University,14_L14_out.pdf,.pdf,960,540,1.7778,slide,
ECE581_-_Portland_State_University,15_L15_out.pdf,.pdf,960,540,1.7778,slide,
ECE581_-_Portland_State_University,16_L16_out.pdf,.pdf,960,540,1.7778,slide,
ECE581_-_Portland_State_University,17_L17_out.pdf,.pdf,960,540,1.7778,slide,
ECE581_-_Portland_State_University,18_L18_out.pdf,.pdf,960,540,1.7778,slide,
ECE581_-_Portland_State_University,19_L19_out.pdf,.pdf,960,540,1.7778,slide,
ECE581_-_Portland_State_University,1_L1_out.pdf,.pdf,960,540,1.7778,slide,
ECE581_-_Portland_State_University,20_L20_out.pdf,.pdf,960,540,1.7778,slide,
ECE581_-_Portland_State_University,21_L21_out.pdf,.pdf,960,540,1.7778,slide,
ECE581_-_Portland_State_University,22_L22_out.pdf,.pdf,960,540,1.7778,slide,
ECE581_-_Portland_State_University,23_L23_out.pdf,.pdf,960,540,1.7778,slide,
ECE581_-_Portland_State_University,24_L24_out.pdf,.pdf,960,540,1.7778,slide,
ECE581_-_Portland_State_University,25_L25_out.pdf,.pdf,960,540,1.7778,slide,
ECE581_-_Portland_State_University,26_L26_out.pdf,.pdf,960,540,1.7778,slide,
ECE581_-_Portland_State_University,27_L27_out.pdf,.pdf,960,540,1.7778,slide,
ECE581_-_Portland_State_University,28_L28_out.pdf,.pdf,960,540,1.7778,slide,
ECE581_-_Portland_State_University,29_L29_out.pdf,.pdf,960,540,1.7778,slide,
ECE581_-_Portland_State_University,2_L2_out.pdf,.pdf,960,540,1.7778,slide,
ECE581_-_Portland_State_University,30_L30_out.pdf,.pdf,960,540,1.7778,slide,
ECE581_-_Portland_State_University,31_L31_out.pdf,.pdf,960,540,1.7778,slide,
ECE581_-_Portland_State_University,32_L32_out.pdf,.pdf,960,540,1.7778,slide,
ECE581_-_Portland_State_University,33_L33_out.pdf,.pdf,960,540,1.7778,slide,
ECE581_-_Portland_State_University,34_L34_out.pdf,.pdf,960,540,1.7778,slide,
ECE581_-_Portland_State_University,35_L35_out.pdf,.pdf,960,540,1.7778,slide,
ECE581_-_Portland_State_University,36_L36_out.pdf,.pdf,960,540,1.7778,slide,
ECE581_-_Portland_State_University,37_L37_out.pdf,.pdf,960,540,1.7778,slide,
ECE581_-_Portland_State_University,38_L38_out.pdf,.pdf,960,540,1.7778,slide,
ECE581_-_Portland_State_University,39_L39_out.pdf,.pdf,960,540,1.7778,slide,
ECE581_-_Portland_State_University,3_L3_out.pdf,.pdf,960,540,1.7778,slide,
ECE581_-_Portland_State_University,4_L4_out.pdf,.pdf,960,540,1.7778,slide,
ECE581_-_Portland_State_University,5_L5_out.pdf,.pdf,960,540,1.7778,slide,
ECE581_-_Portland_State_University,6_L6_out.pdf,.pdf,960,540,1.7778,slide,
ECE581_-_Portland_State_University,7_L7_out.pdf,.pdf,960,540,1.7778,slide,
ECE581_-_Portland_State_University,8_L8_out.pdf,.pdf,960,540,1.7778,slide,
ECE581_-_Portland_State_University,9_L9_out.pdf,.pdf,960,540,1.7778,slide,
ECE6254_-_Georgia_Institute_of_Technology,10_10-LR-NB.pdf,.pdf,720,540,1.3333,slide,
ECE6254_-_Georgia_Institute_of_Technology,11_11-unconstrained-opt.pdf,.pdf,720,540,1.3333,slide,
ECE6254_-_Georgia_Institute_of_Technology,12_12-perceptron-max-margin-kernels.pdf,.pdf,960,540,1.7778,slide,
ECE6254_-_Georgia_Institute_of_Technology,13_13-SVMs.pdf,.pdf,960,540,1.7778,slide,
ECE6254_-_Georgia_Institute_of_Technology,14_14-kernel-regression.pdf,.pdf,960,540,1.7778,slide,
ECE6254_-_Georgia_Institute_of_Technology,15_15-nonlinearDR.pdf,.pdf,960,540,1.7778,slide,
ECE6254_-_Georgia_Institute_of_Technology,16_16-SMF.pdf,.pdf,960,540,1.7778,slide,
ECE6254_-_Georgia_Institute_of_Technology,17_17-model-selection-validation.pdf,.pdf,960,540,1.7778,slide,
ECE6254_-_Georgia_Institute_of_Technology,18_18-decision-trees.pdf,.pdf,960,540,1.7778,slide,
ECE6254_-_Georgia_Institute_of_Technology,19_19-neural-networks.pdf,.pdf,960,540,1.7778,slide,
ECE6254_-_Georgia_Institute_of_Technology,1_01-intro.pdf,.pdf,960,540,1.7778,slide,
ECE6254_-_Georgia_Institute_of_Technology,20_20-NNs-practice-theory.pdf,.pdf,960,540,1.7778,slide,
ECE6254_-_Georgia_Institute_of_Technology,21_21-Kmeans-GMMs.pdf,.pdf,960,540,1.7778,slide,
ECE6254_-_Georgia_Institute_of_Technology,22_22-SC-DBC-HC.pdf,.pdf,960,540,1.7778,slide,
ECE6254_-_Georgia_Institute_of_Technology,2_02-first-model-of-learning.pdf,.pdf,960,540,1.7778,slide,
ECE6254_-_Georgia_Institute_of_Technology,3_03-bayes-nearest-neighbors.pdf,.pdf,960,540,1.7778,slide,
ECE6254_-_Georgia_Institute_of_Technology,4_04-growth-function.pdf,.pdf,960,540,1.7778,slide,
ECE6254_-_Georgia_Institute_of_Technology,5_05-vc-bound.pdf,.pdf,960,540,1.7778,slide,
ECE6254_-_Georgia_Institute_of_Technology,6_06-bias-variance.pdf,.pdf,960,540,1.7778,slide,
ECE6254_-_Georgia_Institute_of_Technology,7_07-regression-regularization.pdf,.pdf,960,540,1.7778,slide,
ECE6254_-_Georgia_Institute_of_Technology,8_08-PCA-LASSO.pdf,.pdf,960,540,1.7778,slide,
ECE6254_-_Georgia_Institute_of_Technology,9_09-plugin-LDA-LR.pdf,.pdf,960,540,1.7778,slide,
ECE700_-_University_of_Waterloo,10_Lecture5.pptx,.pptx,1280,720,1.7778,slide,
ECE700_-_University_of_Waterloo,11_Lecture6.pdf,.pdf,960,540,1.7778,slide,
ECE700_-_University_of_Waterloo,12_Lecture6.pptx,.pptx,1280,720,1.7778,slide,
ECE700_-_University_of_Waterloo,13_Lecture7.pdf,.pdf,960,540,1.7778,slide,
ECE700_-_University_of_Waterloo,14_Lecture7.pptx,.pptx,1280,720,1.7778,slide,
ECE700_-_University_of_Waterloo,1_Lecture1.pdf,.pdf,960,540,1.7778,slide,
ECE700_-_University_of_Waterloo,2_Lecture1.pptx,.pptx,1280,720,1.7778,slide,
ECE700_-_University_of_Waterloo,3_Lecture2.pdf,.pdf,960,540,1.7778,slide,
ECE700_-_University_of_Waterloo,4_Lecture2.pptx,.pptx,1280,720,1.7778,slide,
ECE700_-_University_of_Waterloo,5_Lecture3.pdf,.pdf,960,540,1.7778,slide,
ECE700_-_University_of_Waterloo,6_Lecture3.pptx,.pptx,1280,720,1.7778,slide,
ECE700_-_University_of_Waterloo,7_Lecture4.pdf,.pdf,960,540,1.7778,slide,
ECE700_-_University_of_Waterloo,8_Lecture4.pptx,.pptx,1280,720,1.7778,slide,
ECE700_-_University_of_Waterloo,9_Lecture5.pdf,.pdf,960,540,1.7778,slide,
ECE710_-_University_of_Waterloo,100_6.04_Exception_classes.pptx,.pptx,960,720,1.3333,slide,
ECE710_-_University_of_Waterloo,101_6.05_A_widget_class_for_grphaical_user_interfaces.pdf,.pdf,720,540,1.3333,slide,
ECE710_-_University_of_Waterloo,102_6.05_A_widget_class_for_grphaical_user_interfaces.pptx,.pptx,960,720,1.3333,slide,
ECE710_-_University_of_Waterloo,103_7.13_Switch_statement.pptx,.pptx,960,720,1.3333,slide,
ECE710_-_University_of_Waterloo,104_7.5_Counting_sort.pptx,.pptx,960,720,1.3333,slide,
ECE710_-_University_of_Waterloo,105_0.Welcome.pptx,.pptx,960,720,1.3333,slide,
ECE710_-_University_of_Waterloo,106_A_polynomial_class.pdf,.pdf,612,792,0.7727,document,
ECE710_-_University_of_Waterloo,107_Date_class.pdf,.pdf,612,792,0.7727,document,
ECE710_-_University_of_Waterloo,10_1.09_Logical_operators.pptx,.pptx,960,720,1.3333,slide,
ECE710_-_University_of_Waterloo,11_1.11_For_loops.pptx,.pptx,960,720,1.3333,slide,
ECE710_-_University_of_Waterloo,12_1.11_For_loops.pptx,.pptx,960,720,1.3333,slide,
ECE710_-_University_of_Waterloo,13_1.12_Scope_of_local_variables.pptx,.pptx,960,720,1.3333,slide,
ECE710_-_University_of_Waterloo,14_1.12_Scope_of_local_variables.pptx,.pptx,960,720,1.3333,slide,
ECE710_-_University_of_Waterloo,15_1.13_Break_statements.pptx,.pptx,960,720,1.3333,slide,
ECE710_-_University_of_Waterloo,16_1.13_Break_statements.pptx,.pptx,960,720,1.3333,slide,
ECE710_-_University_of_Waterloo,17_1.14_While_loops.pptx,.pptx,960,720,1.3333,slide,
ECE710_-_University_of_Waterloo,18_1.15_Structured_programming_theorem.pptx,.pptx,960,720,1.3333,slide,
ECE710_-_University_of_Waterloo,19_1.16_The_call_stack.pptx,.pptx,960,720,1.3333,slide,
ECE710_-_University_of_Waterloo,1_1.01_Hello_world.pptx,.pptx,960,720,1.3333,slide,
ECE710_-_University_of_Waterloo,20_1.16_The_call_stack.pptx,.pptx,960,720,1.3333,slide,
ECE710_-_University_of_Waterloo,21_1.17_Libraries_and_calling_functions.pptx,.pptx,960,720,1.3333,slide,
ECE710_-_University_of_Waterloo,22_1.17_Libraries_and_calling_functions.pptx,.pptx,960,720,1.3333,slide,
ECE710_-_University_of_Waterloo,23_1.18_Writing_functions.pptx,.pptx,960,720,1.3333,slide,
ECE710_-_University_of_Waterloo,24_1.18_Writing_functions.pptx,.pptx,960,720,1.3333,slide,
ECE710_-_University_of_Waterloo,25_1.18a_Function_tutorial.pptx,.pptx,960,720,1.3333,slide,
ECE710_-_University_of_Waterloo,26_1.18b_Compiler_errors.pptx,.pptx,960,720,1.3333,slide,
ECE710_-_University_of_Waterloo,27_1.19_Assertions.pptx,.pptx,960,720,1.3333,slide,
ECE710_-_University_of_Waterloo,28_1.20_Code_development_strategies.pptx,.pptx,960,720,1.3333,slide,
ECE710_-_University_of_Waterloo,29_1.21_Testing.pptx,.pptx,960,720,1.3333,slide,
ECE710_-_University_of_Waterloo,2_1.02_Anatomy_of_a_program.pptx,.pptx,960,720,1.3333,slide,
ECE710_-_University_of_Waterloo,30_1.22_Comments.pptx,.pptx,960,720,1.3333,slide,
ECE710_-_University_of_Waterloo,31_1.23_Logging.pptx,.pptx,960,720,1.3333,slide,
ECE710_-_University_of_Waterloo,32_1.24_Debugging.pptx,.pptx,960,720,1.3333,slide,
ECE710_-_University_of_Waterloo,33_1.25_Binary_and_hexadecimal.pptx,.pptx,960,720,1.3333,slide,
ECE710_-_University_of_Waterloo,34_1.26_Integer_data_types.pptx,.pptx,960,720,1.3333,slide,
ECE710_-_University_of_Waterloo,35_1.27_Bit-wise_and_-shift_operators.pptx,.pptx,960,720,1.3333,slide,
ECE710_-_University_of_Waterloo,36_1.28_Floating-point_data_types.pptx,.pptx,960,720,1.3333,slide,
ECE710_-_University_of_Waterloo,37_1.29_The_const_keyword.pptx,.pptx,960,720,1.3333,slide,
ECE710_-_University_of_Waterloo,38_1.30_Default_values_of_parameters.pptx,.pptx,960,720,1.3333,slide,
ECE710_-_University_of_Waterloo,39_1.31_References_and_aliases.pptx,.pptx,960,720,1.3333,slide,
ECE710_-_University_of_Waterloo,3_1.03_Literal_data.pptx,.pptx,960,720,1.3333,slide,
ECE710_-_University_of_Waterloo,40_1.32_Arrays.pptx,.pptx,960,720,1.3333,slide,
ECE710_-_University_of_Waterloo,41_1.33_More_on_arrays.pptx,.pptx,960,720,1.3333,slide,
ECE710_-_University_of_Waterloo,42_1.34_Main_memory.pptx,.pptx,960,720,1.3333,slide,
ECE710_-_University_of_Waterloo,43_1.35_Call_stack.pptx,.pptx,960,720,1.3333,slide,
ECE710_-_University_of_Waterloo,44_1.36_C-style_strings.pptx,.pptx,960,720,1.3333,slide,
ECE710_-_University_of_Waterloo,45_1.37_Section_1_summary.pptx,.pptx,960,720,1.3333,slide,
ECE710_-_University_of_Waterloo,46_1.A_Ternary_operator.pptx,.pptx,960,720,1.3333,slide,
ECE710_-_University_of_Waterloo,47_2.01_Addresses_and_pointers.pptx,.pptx,960,720,1.3333,slide,
ECE710_-_University_of_Waterloo,48_2.02_Dynamic_memory_allocation.pptx,.pptx,960,720,1.3333,slide,
ECE710_-_University_of_Waterloo,49_2.03_Dynamic_allocation_of_arrays.pptx,.pptx,960,720,1.3333,slide,
ECE710_-_University_of_Waterloo,4_1.04_Identifiers.pptx,.pptx,960,720,1.3333,slide,
ECE710_-_University_of_Waterloo,50_2.04_Lifetime_of_dynamically_allocated_memory.pptx,.pptx,960,720,1.3333,slide,
ECE710_-_University_of_Waterloo,51_2.05_Problems_with_pointers.pptx,.pptx,960,720,1.3333,slide,
ECE710_-_University_of_Waterloo,52_2.05.1_Wild_pointers.pptx,.pptx,960,720,1.3333,slide,
ECE710_-_University_of_Waterloo,53_2.05.2_Dangling_pointers.pptx,.pptx,960,720,1.3333,slide,
ECE710_-_University_of_Waterloo,54_2.05.3_Memory_leaks.pptx,.pptx,960,720,1.3333,slide,
ECE710_-_University_of_Waterloo,55_2.06_Using_dynamic_memory_allocation.pptx,.pptx,960,720,1.3333,slide,
ECE710_-_University_of_Waterloo,56_2.07_Protecting_pointers.pptx,.pptx,960,720,1.3333,slide,
ECE710_-_University_of_Waterloo,57_3_Algorithms.pptx,.pptx,960,720,1.3333,slide,
ECE710_-_University_of_Waterloo,58_3.01_Searchign_an_array.pptx,.pptx,960,720,1.3333,slide,
ECE710_-_University_of_Waterloo,59_3.02_Sorted_arrays.pptx,.pptx,960,720,1.3333,slide,
ECE710_-_University_of_Waterloo,5_1.05_Local_variables.pptx,.pptx,960,720,1.3333,slide,
ECE710_-_University_of_Waterloo,60_3.03_Binary_search.pptx,.pptx,960,720,1.3333,slide,
ECE710_-_University_of_Waterloo,61_3.04_Selection_sort.pptx,.pptx,960,720,1.3333,slide,
ECE710_-_University_of_Waterloo,62_3.05_Insertion_sort.pptx,.pptx,960,720,1.3333,slide,
ECE710_-_University_of_Waterloo,63_3.06_Recursive_algorithms.pptx,.pptx,960,720,1.3333,slide,
ECE710_-_University_of_Waterloo,64_3.07_Recursive_mathematical_functions.pptx,.pptx,960,720,1.3333,slide,
ECE710_-_University_of_Waterloo,65_3.08_Solving_problems_recursively.pptx,.pptx,960,720,1.3333,slide,
ECE710_-_University_of_Waterloo,66_3.13_Reduce.pptx,.pptx,960,720,1.3333,slide,
ECE710_-_University_of_Waterloo,67_3.15_Partition.pptx,.pptx,960,720,1.3333,slide,
ECE710_-_University_of_Waterloo,68_3.16_Transform-reduce.pptx,.pptx,960,720,1.3333,slide,
ECE710_-_University_of_Waterloo,69_3.17_Inner_product.pptx,.pptx,960,720,1.3333,slide,
ECE710_-_University_of_Waterloo,6_1.07_Arithmetic_operators.pptx,.pptx,960,720,1.3333,slide,
ECE710_-_University_of_Waterloo,70_3.18_Adjacent_difference.pptx,.pptx,960,720,1.3333,slide,
ECE710_-_University_of_Waterloo,71_3.21_Catalan_numbers.pptx,.pptx,960,720,1.3333,slide,
ECE710_-_University_of_Waterloo,72_3.25_Non-binary_partitions.pptx,.pptx,960,720,1.3333,slide,
ECE710_-_University_of_Waterloo,73_3.26_Swapping_between_arrays.pptx,.pptx,960,720,1.3333,slide,
ECE710_-_University_of_Waterloo,74_3.9_Rotating_an_array_to_the_left_using_reverse.pptx,.pptx,960,720,1.3333,slide,
ECE710_-_University_of_Waterloo,75_4_Introduction_to_classes.pptx,.pptx,960,720,1.3333,slide,
ECE710_-_University_of_Waterloo,76_4.01_class_data_structures.pdf,.pdf,720,540,1.3333,slide,
ECE710_-_University_of_Waterloo,77_4.01_class_data_structures.pptx,.pptx,960,720,1.3333,slide,
ECE710_-_University_of_Waterloo,78_4.02_Namespaces_and_cout.pptx,.pptx,960,720,1.3333,slide,
ECE710_-_University_of_Waterloo,79_4.03_Functions_on_objects.pptx,.pptx,960,720,1.3333,slide,
ECE710_-_University_of_Waterloo,7_1.08_Conditional_statements_and_comparison_operators.pptx,.pptx,960,720,1.3333,slide,
ECE710_-_University_of_Waterloo,80_4.04_Operator_overloading.pptx,.pptx,960,720,1.3333,slide,
ECE710_-_University_of_Waterloo,81_4.05_Issues_with_member_variables.pptx,.pptx,960,720,1.3333,slide,
ECE710_-_University_of_Waterloo,82_4.06_Using_member_functions.pptx,.pptx,960,720,1.3333,slide,
ECE710_-_University_of_Waterloo,83_4.07_Throwing_and_catching_exceptions.pptx,.pptx,960,720,1.3333,slide,
ECE710_-_University_of_Waterloo,84_4.08_Classes_encapsulation_and_constructors.pptx,.pptx,960,720,1.3333,slide,
ECE710_-_University_of_Waterloo,85_4.09_Classes_and_the_need_for_encapsulation.pptx,.pptx,960,720,1.3333,slide,
ECE710_-_University_of_Waterloo,86_4.11_Classes_arrays_and_dynamic_allocation.pptx,.pptx,960,720,1.3333,slide,
ECE710_-_University_of_Waterloo,87_4.12_Character_set_class.pdf,.pdf,720,540,1.3333,slide,
ECE710_-_University_of_Waterloo,88_4.12_Character_set_class.pptx,.pptx,960,720,1.3333,slide,
ECE710_-_University_of_Waterloo,89_5.01_Issues_with_arrays.pptx,.pptx,960,720,1.3333,slide,
ECE710_-_University_of_Waterloo,8_1.08_Conditional_statements_and_comparison_operators.pptx,.pptx,960,720,1.3333,slide,
ECE710_-_University_of_Waterloo,90_5.02_Introduction_to_linked_lists.pptx,.pptx,960,720,1.3333,slide,
ECE710_-_University_of_Waterloo,91_5.03_Linked_lists_with_dynamic_allocation.pptx,.pptx,960,720,1.3333,slide,
ECE710_-_University_of_Waterloo,92_5.04_A_linked_list_with_a_list-size_member_variable.pptx,.pptx,960,720,1.3333,slide,
ECE710_-_University_of_Waterloo,93_5.05_A_linked_list_with_a_back_pointer.pptx,.pptx,960,720,1.3333,slide,
ECE710_-_University_of_Waterloo,94_5.06_Concatenating_two_linked_lists.pptx,.pptx,960,720,1.3333,slide,
ECE710_-_University_of_Waterloo,95_6.01_Inheritance.pptx,.pptx,960,720,1.3333,slide,
ECE710_-_University_of_Waterloo,96_6.02_A_base_linked_list_class.pdf,.pdf,720,540,1.3333,slide,
ECE710_-_University_of_Waterloo,97_6.02_A_base_linked_list_class.pptx,.pptx,960,720,1.3333,slide,
ECE710_-_University_of_Waterloo,98_6.03_A_window_class_for_grphaical_user_interfaces.pdf,.pdf,720,540,1.3333,slide,
ECE710_-_University_of_Waterloo,99_6.03_A_window_class_for_grphaical_user_interfaces.pptx,.pptx,960,720,1.3333,slide,
ECE710_-_University_of_Waterloo,9_1.09_Logical_operators.pptx,.pptx,960,720,1.3333,slide,
ECEG270_-_Bucknell_University,1_2-Mod1_NQ_2019.pdf,.pdf,612,792,0.7727,document,
ECEG270_-_Bucknell_University,2_2-Mod2_NQ_2019.pdf,.pdf,612,792,0.7727,document,
ECEG270_-_Bucknell_University,3_2-Mod3_LS_2019.pdf,.pdf,612,792,0.7727,document,
ECEG270_-_Bucknell_University,4_2-Mod3_NQ_2019.pdf,.pdf,612,792,0.7727,document,
ECEG270_-_Bucknell_University,5_2-Mod4_LS_2019.pdf,.pdf,612,792,0.7727,document,
ECEG270_-_Bucknell_University,6_2-Mod4_NQ_2019.pdf,.pdf,612,792,0.7727,document,
ECEG270_-_Bucknell_University,7_pu_ddpp-5E-supplement_copyright_DGMeyer_2018.pdf,.pdf,612,792,0.7727,document,
ECET210_-_Purdue_University,1_2-Mod1_NQ_2019.pdf,.pdf,612,792,0.7727,document,
ECET210_-_Purdue_University,2_2-Mod2_NQ_2019.pdf,.pdf,612,792,0.7727,document,
ECET210_-_Purdue_University,3_2-Mod3_LS_2019.pdf,.pdf,612,792,0.7727,document,
ECET210_-_Purdue_University,4_2-Mod3_NQ_2019.pdf,.pdf,612,792,0.7727,document,
ECET210_-_Purdue_University,5_2-Mod4_LS_2019.pdf,.pdf,612,792,0.7727,document,
ECET210_-_Purdue_University,6_2-Mod4_NQ_2019.pdf,.pdf,612,792,0.7727,document,
ECET210_-_Purdue_University,7_pu_ddpp-5E-supplement_copyright_DGMeyer_2018.pdf,.pdf,612,792,0.7727,document,
ECN111_-_Furman_University,10_day3_slides.pdf,.pdf,454,256,1.7734,slide,
ECN111_-_Furman_University,11_ec107-day3.pdf,.pdf,454,256,1.7734,slide,
ECN111_-_Furman_University,12_ec107_Day3_PS3.pdf,.pdf,596,842,0.7078,document,
ECN111_-_Furman_University,13_day4_exercises.pdf,.pdf,596,842,0.7078,document,
ECN111_-_Furman_University,14_day4_slides.pdf,.pdf,454,256,1.7734,slide,
ECN111_-_Furman_University,15_ec107-day4.pdf,.pdf,454,256,1.7734,slide,
ECN111_-_Furman_University,16_ec107_Day4_PS4.pdf,.pdf,596,842,0.7078,document,
ECN111_-_Furman_University,17_Handbook.pdf,.pdf,596,842,0.7078,document,
ECN111_-_Furman_University,1_day1_exercises.pdf,.pdf,596,842,0.7078,document,
ECN111_-_Furman_University,2_day1_slides.pdf,.pdf,454,256,1.7734,slide,
ECN111_-_Furman_University,3_ec107-day1.pdf,.pdf,454,256,1.7734,slide,
ECN111_-_Furman_University,4_ec107_Day1_PS1.pdf,.pdf,596,842,0.7078,document,
ECN111_-_Furman_University,5_day2_exercises.pdf,.pdf,596,842,0.7078,document,
ECN111_-_Furman_University,6_day2_slides.pdf,.pdf,454,256,1.7734,slide,
ECN111_-_Furman_University,7_ec107-day2.pdf,.pdf,454,256,1.7734,slide,
ECN111_-_Furman_University,8_ec107_Day2_PS2.pdf,.pdf,596,842,0.7078,document,
ECN111_-_Furman_University,9_day3_exercises.pdf,.pdf,596,842,0.7078,document,
ECO3410_-_Florida_International_University,10_day3_slides.pdf,.pdf,454,256,1.7734,slide,
ECO3410_-_Florida_International_University,11_ec107-day3.pdf,.pdf,454,256,1.7734,slide,
ECO3410_-_Florida_International_University,12_ec107_Day3_PS3.pdf,.pdf,596,842,0.7078,document,
ECO3410_-_Florida_International_University,13_day4_exercises.pdf,.pdf,596,842,0.7078,document,
ECO3410_-_Florida_International_University,14_day4_slides.pdf,.pdf,454,256,1.7734,slide,
ECO3410_-_Florida_International_University,15_ec107-day4.pdf,.pdf,454,256,1.7734,slide,
ECO3410_-_Florida_International_University,16_ec107_Day4_PS4.pdf,.pdf,596,842,0.7078,document,
ECO3410_-_Florida_International_University,17_Handbook.pdf,.pdf,596,842,0.7078,document,
ECO3410_-_Florida_International_University,1_day1_exercises.pdf,.pdf,596,842,0.7078,document,
ECO3410_-_Florida_International_University,2_day1_slides.pdf,.pdf,454,256,1.7734,slide,
ECO3410_-_Florida_International_University,3_ec107-day1.pdf,.pdf,454,256,1.7734,slide,
ECO3410_-_Florida_International_University,4_ec107_Day1_PS1.pdf,.pdf,596,842,0.7078,document,
ECO3410_-_Florida_International_University,5_day2_exercises.pdf,.pdf,596,842,0.7078,document,
ECO3410_-_Florida_International_University,6_day2_slides.pdf,.pdf,454,256,1.7734,slide,
ECO3410_-_Florida_International_University,7_ec107-day2.pdf,.pdf,454,256,1.7734,slide,
ECO3410_-_Florida_International_University,8_ec107_Day2_PS2.pdf,.pdf,596,842,0.7078,document,
ECO3410_-_Florida_International_University,9_day3_exercises.pdf,.pdf,596,842,0.7078,document,
ECON10010_-_University_of_Notre_Dame,10_Class10.pdf,.pdf,454,256,1.7734,slide,
ECON10010_-_University_of_Notre_Dame,11_Class11.pdf,.pdf,454,256,1.7734,slide,
ECON10010_-_University_of_Notre_Dame,12_Class12.pdf,.pdf,454,256,1.7734,slide,
ECON10010_-_University_of_Notre_Dame,13_Class13.pdf,.pdf,454,256,1.7734,slide,
ECON10010_-_University_of_Notre_Dame,14_Class14.pdf,.pdf,454,256,1.7734,slide,
ECON10010_-_University_of_Notre_Dame,15_Class15.pdf,.pdf,454,256,1.7734,slide,
ECON10010_-_University_of_Notre_Dame,16_Class16.pdf,.pdf,454,256,1.7734,slide,
ECON10010_-_University_of_Notre_Dame,17_Class17.pdf,.pdf,454,256,1.7734,slide,
ECON10010_-_University_of_Notre_Dame,18_Class18.pdf,.pdf,454,256,1.7734,slide,
ECON10010_-_University_of_Notre_Dame,19_Class19.pdf,.pdf,454,256,1.7734,slide,
ECON10010_-_University_of_Notre_Dame,1_Class1_redacted.pdf,.pdf,454,256,1.7734,slide,
ECON10010_-_University_of_Notre_Dame,20_Class20.pdf,.pdf,454,256,1.7734,slide,
ECON10010_-_University_of_Notre_Dame,21_Class21.pdf,.pdf,454,256,1.7734,slide,
ECON10010_-_University_of_Notre_Dame,22_Class22.pdf,.pdf,454,256,1.7734,slide,
ECON10010_-_University_of_Notre_Dame,2_Class2.pdf,.pdf,454,256,1.7734,slide,
ECON10010_-_University_of_Notre_Dame,3_Class3.pdf,.pdf,454,256,1.7734,slide,
ECON10010_-_University_of_Notre_Dame,4_Class4.pdf,.pdf,454,256,1.7734,slide,
ECON10010_-_University_of_Notre_Dame,5_Class5.pdf,.pdf,454,256,1.7734,slide,
ECON10010_-_University_of_Notre_Dame,6_Class6.pdf,.pdf,454,256,1.7734,slide,
ECON10010_-_University_of_Notre_Dame,7_Class7.pdf,.pdf,454,256,1.7734,slide,
ECON10010_-_University_of_Notre_Dame,8_Class8.pdf,.pdf,454,256,1.7734,slide,
ECON10010_-_University_of_Notre_Dame,9_Class9.pdf,.pdf,454,256,1.7734,slide,
ECON1056_-_Georgetown_University,10_day3_slides.pdf,.pdf,454,256,1.7734,slide,
ECON1056_-_Georgetown_University,11_ec107-day3.pdf,.pdf,454,256,1.7734,slide,
ECON1056_-_Georgetown_University,12_ec107_Day3_PS3.pdf,.pdf,596,842,0.7078,document,
ECON1056_-_Georgetown_University,13_day4_exercises.pdf,.pdf,596,842,0.7078,document,
ECON1056_-_Georgetown_University,14_day4_slides.pdf,.pdf,454,256,1.7734,slide,
ECON1056_-_Georgetown_University,15_ec107-day4.pdf,.pdf,454,256,1.7734,slide,
ECON1056_-_Georgetown_University,16_ec107_Day4_PS4.pdf,.pdf,596,842,0.7078,document,
ECON1056_-_Georgetown_University,17_Handbook.pdf,.pdf,596,842,0.7078,document,
ECON1056_-_Georgetown_University,1_day1_exercises.pdf,.pdf,596,842,0.7078,document,
ECON1056_-_Georgetown_University,2_day1_slides.pdf,.pdf,454,256,1.7734,slide,
ECON1056_-_Georgetown_University,3_ec107-day1.pdf,.pdf,454,256,1.7734,slide,
ECON1056_-_Georgetown_University,4_ec107_Day1_PS1.pdf,.pdf,596,842,0.7078,document,
ECON1056_-_Georgetown_University,5_day2_exercises.pdf,.pdf,596,842,0.7078,document,
ECON1056_-_Georgetown_University,6_day2_slides.pdf,.pdf,454,256,1.7734,slide,
ECON1056_-_Georgetown_University,7_ec107-day2.pdf,.pdf,454,256,1.7734,slide,
ECON1056_-_Georgetown_University,8_ec107_Day2_PS2.pdf,.pdf,596,842,0.7078,document,
ECON1056_-_Georgetown_University,9_day3_exercises.pdf,.pdf,596,842,0.7078,document,
ECON113_-_Le_Moyne_College,10_Lecture5_Slides.pdf,.pdf,792,612,1.2941,slide,
ECON113_-_Le_Moyne_College,11_Lecture_6.pdf,.pdf,792,612,1.2941,slide,
ECON113_-_Le_Moyne_College,12_Lecture6_Slides.pdf,.pdf,792,612,1.2941,slide,
ECON113_-_Le_Moyne_College,13_Lecture_7.pdf,.pdf,792,612,1.2941,slide,
ECON113_-_Le_Moyne_College,1_Lecture_1_F12.pdf,.pdf,792,612,1.2941,slide,
ECON113_-_Le_Moyne_College,2_Lecture1_Slides.pdf,.pdf,792,612,1.2941,slide,
ECON113_-_Le_Moyne_College,3_Lecture_2.pdf,.pdf,792,612,1.2941,slide,
ECON113_-_Le_Moyne_College,4_Lecture2_Slides.ppt,.ppt,960,720,1.3333,slide,
ECON113_-_Le_Moyne_College,5_Lecture_3.pdf,.pdf,792,612,1.2941,slide,
ECON113_-_Le_Moyne_College,6_Lecture3_Slides.pdf,.pdf,792,612,1.2941,slide,
ECON113_-_Le_Moyne_College,7_Lecture_4.pdf,.pdf,792,612,1.2941,slide,
ECON113_-_Le_Moyne_College,8_Lecture4_Slides.pdf,.pdf,792,612,1.2941,slide,
ECON113_-_Le_Moyne_College,9_Lecture_5.pdf,.pdf,792,612,1.2941,slide,
ECON1210_-_University_of_Manitoba,10_day3_slides.pdf,.pdf,454,256,1.7734,slide,
ECON1210_-_University_of_Manitoba,11_ec107-day3.pdf,.pdf,454,256,1.7734,slide,
ECON1210_-_University_of_Manitoba,12_ec107_Day3_PS3.pdf,.pdf,596,842,0.7078,document,
ECON1210_-_University_of_Manitoba,13_day4_exercises.pdf,.pdf,596,842,0.7078,document,
ECON1210_-_University_of_Manitoba,14_day4_slides.pdf,.pdf,454,256,1.7734,slide,
ECON1210_-_University_of_Manitoba,15_ec107-day4.pdf,.pdf,454,256,1.7734,slide,
ECON1210_-_University_of_Manitoba,16_ec107_Day4_PS4.pdf,.pdf,596,842,0.7078,document,
ECON1210_-_University_of_Manitoba,17_Handbook.pdf,.pdf,596,842,0.7078,document,
ECON1210_-_University_of_Manitoba,1_day1_exercises.pdf,.pdf,596,842,0.7078,document,
ECON1210_-_University_of_Manitoba,2_day1_slides.pdf,.pdf,454,256,1.7734,slide,
ECON1210_-_University_of_Manitoba,3_ec107-day1.pdf,.pdf,454,256,1.7734,slide,
ECON1210_-_University_of_Manitoba,4_ec107_Day1_PS1.pdf,.pdf,596,842,0.7078,document,
ECON1210_-_University_of_Manitoba,5_day2_exercises.pdf,.pdf,596,842,0.7078,document,
ECON1210_-_University_of_Manitoba,6_day2_slides.pdf,.pdf,454,256,1.7734,slide,
ECON1210_-_University_of_Manitoba,7_ec107-day2.pdf,.pdf,454,256,1.7734,slide,
ECON1210_-_University_of_Manitoba,8_ec107_Day2_PS2.pdf,.pdf,596,842,0.7078,document,
ECON1210_-_University_of_Manitoba,9_day3_exercises.pdf,.pdf,596,842,0.7078,document,
ECON1357_-_Georgetown_University,10_day3_slides.pdf,.pdf,454,256,1.7734,slide,
ECON1357_-_Georgetown_University,11_ec107-day3.pdf,.pdf,454,256,1.7734,slide,
ECON1357_-_Georgetown_University,12_ec107_Day3_PS3.pdf,.pdf,596,842,0.7078,document,
ECON1357_-_Georgetown_University,13_day4_exercises.pdf,.pdf,596,842,0.7078,document,
ECON1357_-_Georgetown_University,14_day4_slides.pdf,.pdf,454,256,1.7734,slide,
ECON1357_-_Georgetown_University,15_ec107-day4.pdf,.pdf,454,256,1.7734,slide,
ECON1357_-_Georgetown_University,16_ec107_Day4_PS4.pdf,.pdf,596,842,0.7078,document,
ECON1357_-_Georgetown_University,17_Handbook.pdf,.pdf,596,842,0.7078,document,
ECON1357_-_Georgetown_University,1_day1_exercises.pdf,.pdf,596,842,0.7078,document,
ECON1357_-_Georgetown_University,2_day1_slides.pdf,.pdf,454,256,1.7734,slide,
ECON1357_-_Georgetown_University,3_ec107-day1.pdf,.pdf,454,256,1.7734,slide,
ECON1357_-_Georgetown_University,4_ec107_Day1_PS1.pdf,.pdf,596,842,0.7078,document,
ECON1357_-_Georgetown_University,5_day2_exercises.pdf,.pdf,596,842,0.7078,document,
ECON1357_-_Georgetown_University,6_day2_slides.pdf,.pdf,454,256,1.7734,slide,
ECON1357_-_Georgetown_University,7_ec107-day2.pdf,.pdf,454,256,1.7734,slide,
ECON1357_-_Georgetown_University,8_ec107_Day2_PS2.pdf,.pdf,596,842,0.7078,document,
ECON1357_-_Georgetown_University,9_day3_exercises.pdf,.pdf,596,842,0.7078,document,
ECON172B_-_Brandeis_University,10_day3_slides.pdf,.pdf,454,256,1.7734,slide,
ECON172B_-_Brandeis_University,11_ec107-day3.pdf,.pdf,454,256,1.7734,slide,
ECON172B_-_Brandeis_University,12_ec107_Day3_PS3.pdf,.pdf,596,842,0.7078,document,
ECON172B_-_Brandeis_University,13_day4_exercises.pdf,.pdf,596,842,0.7078,document,
ECON172B_-_Brandeis_University,14_day4_slides.pdf,.pdf,454,256,1.7734,slide,
ECON172B_-_Brandeis_University,15_ec107-day4.pdf,.pdf,454,256,1.7734,slide,
ECON172B_-_Brandeis_University,16_ec107_Day4_PS4.pdf,.pdf,596,842,0.7078,document,
ECON172B_-_Brandeis_University,17_Handbook.pdf,.pdf,596,842,0.7078,document,
ECON172B_-_Brandeis_University,1_day1_exercises.pdf,.pdf,596,842,0.7078,document,
ECON172B_-_Brandeis_University,2_day1_slides.pdf,.pdf,454,256,1.7734,slide,
ECON172B_-_Brandeis_University,3_ec107-day1.pdf,.pdf,454,256,1.7734,slide,
ECON172B_-_Brandeis_University,4_ec107_Day1_PS1.pdf,.pdf,596,842,0.7078,document,
ECON172B_-_Brandeis_University,5_day2_exercises.pdf,.pdf,596,842,0.7078,document,
ECON172B_-_Brandeis_University,6_day2_slides.pdf,.pdf,454,256,1.7734,slide,
ECON172B_-_Brandeis_University,7_ec107-day2.pdf,.pdf,454,256,1.7734,slide,
ECON172B_-_Brandeis_University,8_ec107_Day2_PS2.pdf,.pdf,596,842,0.7078,document,
ECON172B_-_Brandeis_University,9_day3_exercises.pdf,.pdf,596,842,0.7078,document,
ECON2106H_-_University_of_Georgia,10_day3_slides.pdf,.pdf,454,256,1.7734,slide,
ECON2106H_-_University_of_Georgia,11_ec107-day3.pdf,.pdf,454,256,1.7734,slide,
ECON2106H_-_University_of_Georgia,12_ec107_Day3_PS3.pdf,.pdf,596,842,0.7078,document,
ECON2106H_-_University_of_Georgia,13_day4_exercises.pdf,.pdf,596,842,0.7078,document,
ECON2106H_-_University_of_Georgia,14_day4_slides.pdf,.pdf,454,256,1.7734,slide,
ECON2106H_-_University_of_Georgia,15_ec107-day4.pdf,.pdf,454,256,1.7734,slide,
ECON2106H_-_University_of_Georgia,16_ec107_Day4_PS4.pdf,.pdf,596,842,0.7078,document,
ECON2106H_-_University_of_Georgia,17_Handbook.pdf,.pdf,596,842,0.7078,document,
ECON2106H_-_University_of_Georgia,1_day1_exercises.pdf,.pdf,596,842,0.7078,document,
ECON2106H_-_University_of_Georgia,2_day1_slides.pdf,.pdf,454,256,1.7734,slide,
ECON2106H_-_University_of_Georgia,3_ec107-day1.pdf,.pdf,454,256,1.7734,slide,
ECON2106H_-_University_of_Georgia,4_ec107_Day1_PS1.pdf,.pdf,596,842,0.7078,document,
ECON2106H_-_University_of_Georgia,5_day2_exercises.pdf,.pdf,596,842,0.7078,document,
ECON2106H_-_University_of_Georgia,6_day2_slides.pdf,.pdf,454,256,1.7734,slide,
ECON2106H_-_University_of_Georgia,7_ec107-day2.pdf,.pdf,454,256,1.7734,slide,
ECON2106H_-_University_of_Georgia,8_ec107_Day2_PS2.pdf,.pdf,596,842,0.7078,document,
ECON2106H_-_University_of_Georgia,9_day3_exercises.pdf,.pdf,596,842,0.7078,document,
ECON277_-_University_of_Montreal,10_Lecture2_2149.pdf,.pdf,363,273,1.3297,slide,
ECON277_-_University_of_Montreal,11_Lecture2_EC2B1_Moll_supplement.pdf,.pdf,612,792,0.7727,document,
ECON277_-_University_of_Montreal,12_Lecture2_ECO503.pdf,.pdf,363,273,1.3297,slide,
ECON277_-_University_of_Montreal,13_Lecture2_ECO521.pdf,.pdf,363,273,1.3297,slide,
ECON277_-_University_of_Montreal,14_Lecture2_ECO521_web.pdf,.pdf,363,273,1.3297,slide,
ECON277_-_University_of_Montreal,16_Lecture2_LAquila.pdf,.pdf,363,273,1.3297,slide,
ECON277_-_University_of_Montreal,17_Lecture2_Rochester.pdf,.pdf,363,273,1.3297,slide,
ECON277_-_University_of_Montreal,18_Pontus_Lecture2.pdf,.pdf,363,273,1.3297,slide,
ECON277_-_University_of_Montreal,1_Lecture1_2149.pdf,.pdf,363,273,1.3297,slide,
ECON277_-_University_of_Montreal,20_Lecture3_2149.pdf,.pdf,363,273,1.3297,slide,
ECON277_-_University_of_Montreal,21_Lecture3_EC2B1_Moll_supplement.pdf,.pdf,612,792,0.7727,document,
ECON277_-_University_of_Montreal,22_Lecture3_ECO503.pdf,.pdf,363,273,1.3297,slide,
ECON277_-_University_of_Montreal,23_Lecture3_ECO521.pdf,.pdf,363,273,1.3297,slide,
ECON277_-_University_of_Montreal,24_Lecture3_ECO521_web.pdf,.pdf,363,273,1.3297,slide,
ECON277_-_University_of_Montreal,25_viscosity_slides.pdf,.pdf,363,273,1.3297,slide,
ECON277_-_University_of_Montreal,26_Lecture4_2149.pdf,.pdf,363,273,1.3297,slide,
ECON277_-_University_of_Montreal,27_Lecture4_ECO503.pdf,.pdf,363,273,1.3297,slide,
ECON277_-_University_of_Montreal,28_Lecture4_ECO521.pdf,.pdf,363,273,1.3297,slide,
ECON277_-_University_of_Montreal,29_Lecture4_ECO521_web.pdf,.pdf,363,273,1.3297,slide,
ECON277_-_University_of_Montreal,2_Lecture1_EC2B1_Moll_supplement.pdf,.pdf,612,792,0.7727,document,
ECON277_-_University_of_Montreal,30_Lecture5_EC2B1_Moll_model_writeup.pdf,.pdf,612,792,0.7727,document,
ECON277_-_University_of_Montreal,31_Lecture5_ECO503.pdf,.pdf,363,273,1.3297,slide,
ECON277_-_University_of_Montreal,32_Lecture5_ECO521.pdf,.pdf,363,273,1.3297,slide,
ECON277_-_University_of_Montreal,33_Lecture5_ECO521_web.pdf,.pdf,363,273,1.3297,slide,
ECON277_-_University_of_Montreal,34_Lectures5_6_2149.pdf,.pdf,363,273,1.3297,slide,
ECON277_-_University_of_Montreal,35_Lecture6_ECO503.pdf,.pdf,363,273,1.3297,slide,
ECON277_-_University_of_Montreal,36_Lecture6_ECO521_web.pdf,.pdf,363,273,1.3297,slide,
ECON277_-_University_of_Montreal,37_Lectures6_7_ECO521.pdf,.pdf,363,273,1.3297,slide,
ECON277_-_University_of_Montreal,38_Lecture7_EC2B1_Moll_model_writeup.pdf,.pdf,612,792,0.7727,document,
ECON277_-_University_of_Montreal,39_Lecture7_ECO503.pdf,.pdf,363,273,1.3297,slide,
ECON277_-_University_of_Montreal,3_Lecture1_ECO521.pdf,.pdf,363,273,1.3297,slide,
ECON277_-_University_of_Montreal,40_Lecture7_ECO521_web.pdf,.pdf,363,273,1.3297,slide,
ECON277_-_University_of_Montreal,41_Lectures7_8_2149.pdf,.pdf,363,273,1.3297,slide,
ECON277_-_University_of_Montreal,42_inequality_macro.pdf,.pdf,363,273,1.3297,slide,
ECON277_-_University_of_Montreal,43_Lecture8_EC2B1_Moll_model_writeup_TANK.pdf,.pdf,612,792,0.7727,document,
ECON277_-_University_of_Montreal,44_Lecture8_ECO503.pdf,.pdf,363,273,1.3297,slide,
ECON277_-_University_of_Montreal,45_Lecture8_ECO521.pdf,.pdf,363,273,1.3297,slide,
ECON277_-_University_of_Montreal,46_Lecture9_2149.pdf,.pdf,363,273,1.3297,slide,
ECON277_-_University_of_Montreal,47_Lecture9_EC2B1_Moll_model_writeup_bubbles.pdf,.pdf,612,792,0.7727,document,
ECON277_-_University_of_Montreal,48_Lecture9_EC2B1_Moll_model_writeup_financial_amplification.pdf,.pdf,612,792,0.7727,document,
ECON277_-_University_of_Montreal,49_Lecture9_ECO503.pdf,.pdf,363,273,1.3297,slide,
ECON277_-_University_of_Montreal,4_Lecture1_ECO521_web.pdf,.pdf,363,273,1.3297,slide,
ECON277_-_University_of_Montreal,50_Lecture9_ECO521.pdf,.pdf,363,273,1.3297,slide,
ECON277_-_University_of_Montreal,51_Lecture9_ECO521_web.pdf,.pdf,363,273,1.3297,slide,
ECON277_-_University_of_Montreal,52_Lecture10_2149.pdf,.pdf,363,273,1.3297,slide,
ECON277_-_University_of_Montreal,53_Lecture10_EC2B1_Moll_model_writeup_unemployment.pdf,.pdf,612,792,0.7727,document,
ECON277_-_University_of_Montreal,54_Lecture10_ECO503.pdf,.pdf,363,273,1.3297,slide,
ECON277_-_University_of_Montreal,55_Lecture10_ECO521.pdf,.pdf,363,273,1.3297,slide,
ECON277_-_University_of_Montreal,56_Lecture11_12_ECO503.pdf,.pdf,363,273,1.3297,slide,
ECON277_-_University_of_Montreal,57_Lecture11_2149.pdf,.pdf,363,273,1.3297,slide,
ECON277_-_University_of_Montreal,58_Lecture11_ECO521.pdf,.pdf,363,273,1.3297,slide,
ECON277_-_University_of_Montreal,59_Lecture12_ECO521.pdf,.pdf,363,273,1.3297,slide,
ECON277_-_University_of_Montreal,60_Lecture13_ECO503.pdf,.pdf,363,273,1.3297,slide,
ECON277_-_University_of_Montreal,6_Lecture1_LAquila.pdf,.pdf,363,273,1.3297,slide,
ECON277_-_University_of_Montreal,7_Lecture1_Rochester.pdf,.pdf,363,273,1.3297,slide,
ECON277_-_University_of_Montreal,8_Pontus_Lecture1.pdf,.pdf,363,273,1.3297,slide,
ECON3100_-_University_of_Iowa,10_day3_slides.pdf,.pdf,454,256,1.7734,slide,
ECON3100_-_University_of_Iowa,11_ec107-day3.pdf,.pdf,454,256,1.7734,slide,
ECON3100_-_University_of_Iowa,12_ec107_Day3_PS3.pdf,.pdf,596,842,0.7078,document,
ECON3100_-_University_of_Iowa,13_day4_exercises.pdf,.pdf,596,842,0.7078,document,
ECON3100_-_University_of_Iowa,14_day4_slides.pdf,.pdf,454,256,1.7734,slide,
ECON3100_-_University_of_Iowa,15_ec107-day4.pdf,.pdf,454,256,1.7734,slide,
ECON3100_-_University_of_Iowa,16_ec107_Day4_PS4.pdf,.pdf,596,842,0.7078,document,
ECON3100_-_University_of_Iowa,17_Handbook.pdf,.pdf,596,842,0.7078,document,
ECON3100_-_University_of_Iowa,1_day1_exercises.pdf,.pdf,596,842,0.7078,document,
ECON3100_-_University_of_Iowa,2_day1_slides.pdf,.pdf,454,256,1.7734,slide,
ECON3100_-_University_of_Iowa,3_ec107-day1.pdf,.pdf,454,256,1.7734,slide,
ECON3100_-_University_of_Iowa,4_ec107_Day1_PS1.pdf,.pdf,596,842,0.7078,document,
ECON3100_-_University_of_Iowa,5_day2_exercises.pdf,.pdf,596,842,0.7078,document,
ECON3100_-_University_of_Iowa,6_day2_slides.pdf,.pdf,454,256,1.7734,slide,
ECON3100_-_University_of_Iowa,7_ec107-day2.pdf,.pdf,454,256,1.7734,slide,
ECON3100_-_University_of_Iowa,8_ec107_Day2_PS2.pdf,.pdf,596,842,0.7078,document,
ECON3100_-_University_of_Iowa,9_day3_exercises.pdf,.pdf,596,842,0.7078,document,
ECON3345_-_University_of_Iowa,10_day3_slides.pdf,.pdf,454,256,1.7734,slide,
ECON3345_-_University_of_Iowa,11_ec107-day3.pdf,.pdf,454,256,1.7734,slide,
ECON3345_-_University_of_Iowa,12_ec107_Day3_PS3.pdf,.pdf,596,842,0.7078,document,
ECON3345_-_University_of_Iowa,13_day4_exercises.pdf,.pdf,596,842,0.7078,document,
ECON3345_-_University_of_Iowa,14_day4_slides.pdf,.pdf,454,256,1.7734,slide,
ECON3345_-_University_of_Iowa,15_ec107-day4.pdf,.pdf,454,256,1.7734,slide,
ECON3345_-_University_of_Iowa,16_ec107_Day4_PS4.pdf,.pdf,596,842,0.7078,document,
ECON3345_-_University_of_Iowa,17_Handbook.pdf,.pdf,596,842,0.7078,document,
ECON3345_-_University_of_Iowa,1_day1_exercises.pdf,.pdf,596,842,0.7078,document,
ECON3345_-_University_of_Iowa,2_day1_slides.pdf,.pdf,454,256,1.7734,slide,
ECON3345_-_University_of_Iowa,3_ec107-day1.pdf,.pdf,454,256,1.7734,slide,
ECON3345_-_University_of_Iowa,4_ec107_Day1_PS1.pdf,.pdf,596,842,0.7078,document,
ECON3345_-_University_of_Iowa,5_day2_exercises.pdf,.pdf,596,842,0.7078,document,
ECON3345_-_University_of_Iowa,6_day2_slides.pdf,.pdf,454,256,1.7734,slide,
ECON3345_-_University_of_Iowa,7_ec107-day2.pdf,.pdf,454,256,1.7734,slide,
ECON3345_-_University_of_Iowa,8_ec107_Day2_PS2.pdf,.pdf,596,842,0.7078,document,
ECON3345_-_University_of_Iowa,9_day3_exercises.pdf,.pdf,596,842,0.7078,document,
ECON361_-_University_of_Arizona,10_day3_slides.pdf,.pdf,454,256,1.7734,slide,
ECON361_-_University_of_Arizona,11_ec107-day3.pdf,.pdf,454,256,1.7734,slide,
ECON361_-_University_of_Arizona,12_ec107_Day3_PS3.pdf,.pdf,596,842,0.7078,document,
ECON361_-_University_of_Arizona,13_day4_exercises.pdf,.pdf,596,842,0.7078,document,
ECON361_-_University_of_Arizona,14_day4_slides.pdf,.pdf,454,256,1.7734,slide,
ECON361_-_University_of_Arizona,15_ec107-day4.pdf,.pdf,454,256,1.7734,slide,
ECON361_-_University_of_Arizona,16_ec107_Day4_PS4.pdf,.pdf,596,842,0.7078,document,
ECON361_-_University_of_Arizona,17_Handbook.pdf,.pdf,596,842,0.7078,document,
ECON361_-_University_of_Arizona,1_day1_exercises.pdf,.pdf,596,842,0.7078,document,
ECON361_-_University_of_Arizona,2_day1_slides.pdf,.pdf,454,256,1.7734,slide,
ECON361_-_University_of_Arizona,3_ec107-day1.pdf,.pdf,454,256,1.7734,slide,
ECON361_-_University_of_Arizona,4_ec107_Day1_PS1.pdf,.pdf,596,842,0.7078,document,
ECON361_-_University_of_Arizona,5_day2_exercises.pdf,.pdf,596,842,0.7078,document,
ECON361_-_University_of_Arizona,6_day2_slides.pdf,.pdf,454,256,1.7734,slide,
ECON361_-_University_of_Arizona,7_ec107-day2.pdf,.pdf,454,256,1.7734,slide,
ECON361_-_University_of_Arizona,8_ec107_Day2_PS2.pdf,.pdf,596,842,0.7078,document,
ECON361_-_University_of_Arizona,9_day3_exercises.pdf,.pdf,596,842,0.7078,document,
ECON3670_-_University_of_Manitoba,10_day3_slides.pdf,.pdf,454,256,1.7734,slide,
ECON3670_-_University_of_Manitoba,11_ec107-day3.pdf,.pdf,454,256,1.7734,slide,
ECON3670_-_University_of_Manitoba,12_ec107_Day3_PS3.pdf,.pdf,596,842,0.7078,document,
ECON3670_-_University_of_Manitoba,13_day4_exercises.pdf,.pdf,596,842,0.7078,document,
ECON3670_-_University_of_Manitoba,14_day4_slides.pdf,.pdf,454,256,1.7734,slide,
ECON3670_-_University_of_Manitoba,15_ec107-day4.pdf,.pdf,454,256,1.7734,slide,
ECON3670_-_University_of_Manitoba,16_ec107_Day4_PS4.pdf,.pdf,596,842,0.7078,document,
ECON3670_-_University_of_Manitoba,17_Handbook.pdf,.pdf,596,842,0.7078,document,
ECON3670_-_University_of_Manitoba,1_day1_exercises.pdf,.pdf,596,842,0.7078,document,
ECON3670_-_University_of_Manitoba,2_day1_slides.pdf,.pdf,454,256,1.7734,slide,
ECON3670_-_University_of_Manitoba,3_ec107-day1.pdf,.pdf,454,256,1.7734,slide,
ECON3670_-_University_of_Manitoba,4_ec107_Day1_PS1.pdf,.pdf,596,842,0.7078,document,
ECON3670_-_University_of_Manitoba,5_day2_exercises.pdf,.pdf,596,842,0.7078,document,
ECON3670_-_University_of_Manitoba,6_day2_slides.pdf,.pdf,454,256,1.7734,slide,
ECON3670_-_University_of_Manitoba,7_ec107-day2.pdf,.pdf,454,256,1.7734,slide,
ECON3670_-_University_of_Manitoba,8_ec107_Day2_PS2.pdf,.pdf,596,842,0.7078,document,
ECON3670_-_University_of_Manitoba,9_day3_exercises.pdf,.pdf,596,842,0.7078,document,
ECON3710_-_University_of_Manitoba,10_day3_slides.pdf,.pdf,454,256,1.7734,slide,
ECON3710_-_University_of_Manitoba,11_ec107-day3.pdf,.pdf,454,256,1.7734,slide,
ECON3710_-_University_of_Manitoba,12_ec107_Day3_PS3.pdf,.pdf,596,842,0.7078,document,
ECON3710_-_University_of_Manitoba,13_day4_exercises.pdf,.pdf,596,842,0.7078,document,
ECON3710_-_University_of_Manitoba,14_day4_slides.pdf,.pdf,454,256,1.7734,slide,
ECON3710_-_University_of_Manitoba,15_ec107-day4.pdf,.pdf,454,256,1.7734,slide,
ECON3710_-_University_of_Manitoba,16_ec107_Day4_PS4.pdf,.pdf,596,842,0.7078,document,
ECON3710_-_University_of_Manitoba,17_Handbook.pdf,.pdf,596,842,0.7078,document,
ECON3710_-_University_of_Manitoba,1_day1_exercises.pdf,.pdf,596,842,0.7078,document,
ECON3710_-_University_of_Manitoba,2_day1_slides.pdf,.pdf,454,256,1.7734,slide,
ECON3710_-_University_of_Manitoba,3_ec107-day1.pdf,.pdf,454,256,1.7734,slide,
ECON3710_-_University_of_Manitoba,4_ec107_Day1_PS1.pdf,.pdf,596,842,0.7078,document,
ECON3710_-_University_of_Manitoba,5_day2_exercises.pdf,.pdf,596,842,0.7078,document,
ECON3710_-_University_of_Manitoba,6_day2_slides.pdf,.pdf,454,256,1.7734,slide,
ECON3710_-_University_of_Manitoba,7_ec107-day2.pdf,.pdf,454,256,1.7734,slide,
ECON3710_-_University_of_Manitoba,8_ec107_Day2_PS2.pdf,.pdf,596,842,0.7078,document,
ECON3710_-_University_of_Manitoba,9_day3_exercises.pdf,.pdf,596,842,0.7078,document,
ECON55D_-_Duke_University,11_06-fsm.pdf,.pdf,720,540,1.3333,slide,
ECON55D_-_Duke_University,13_07-isa.pdf,.pdf,720,540,1.3333,slide,
ECON55D_-_Duke_University,15_08-datapath.pdf,.pdf,720,540,1.3333,slide,
ECON55D_-_Duke_University,17_09-memory-hierarchy.pdf,.pdf,720,540,1.3333,slide,
ECON55D_-_Duke_University,19_10-virtual-memory.pdf,.pdf,720,540,1.3333,slide,
ECON55D_-_Duke_University,1_01-intro.pdf,.pdf,720,540,1.3333,slide,
ECON55D_-_Duke_University,21_11-interrupts.pdf,.pdf,720,540,1.3333,slide,
ECON55D_-_Duke_University,23_12-io.pdf,.pdf,720,540,1.3333,slide,
ECON55D_-_Duke_University,25_13-os.pdf,.pdf,720,540,1.3333,slide,
ECON55D_-_Duke_University,27_14-network.pdf,.pdf,720,540,1.3333,slide,
ECON55D_-_Duke_University,29_15-pipeline.pdf,.pdf,720,540,1.3333,slide,
ECON55D_-_Duke_University,31_16-x86.pdf,.pdf,720,540,1.3333,slide,
ECON55D_-_Duke_University,3_02-gates.pdf,.pdf,720,540,1.3333,slide,
ECON55D_-_Duke_University,5_03-combo-logic.pdf,.pdf,720,540,1.3333,slide,
ECON55D_-_Duke_University,7_04-arithmetic.pdf,.pdf,720,540,1.3333,slide,
ECON55D_-_Duke_University,9_05-storage-clocking.pdf,.pdf,720,540,1.3333,slide,
ECT250_-_DePaul_University,10_security.ppt,.ppt,960,720,1.3333,slide,
ECT250_-_DePaul_University,11_software.ppt,.ppt,960,720,1.3333,slide,
ECT250_-_DePaul_University,12_unix.ppt,.ppt,960,720,1.3333,slide,
ECT250_-_DePaul_University,1_FrontPage.ppt,.ppt,960,720,1.3333,slide,
ECT250_-_DePaul_University,2_info-architecture.ppt,.ppt,960,720,1.3333,slide,
ECT250_-_DePaul_University,3_internet-WWW.ppt,.ppt,960,720,1.3333,slide,
ECT250_-_DePaul_University,4_introduction.ppt,.ppt,960,720,1.3333,slide,
ECT250_-_DePaul_University,5_legal.ppt,.ppt,960,720,1.3333,slide,
ECT250_-_DePaul_University,6_marketing.ppt,.ppt,960,720,1.3333,slide,
ECT250_-_DePaul_University,7_markup.ppt,.ppt,960,720,1.3333,slide,
ECT250_-_DePaul_University,8_networking.ppt,.ppt,960,720,1.3333,slide,
ECT250_-_DePaul_University,9_purchasing.ppt,.ppt,960,720,1.3333,slide,
ECUR320_-_University_of_Montreal,10_100-compile.pdf,.pdf,866,578,1.4983,slide,
ECUR320_-_University_of_Montreal,11_110-compile.pdf,.pdf,866,578,1.4983,slide,
ECUR320_-_University_of_Montreal,12_120-compile.pdf,.pdf,866,578,1.4983,slide,
ECUR320_-_University_of_Montreal,1_010-compile.pdf,.pdf,866,578,1.4983,slide,
ECUR320_-_University_of_Montreal,2_020-compile.pdf,.pdf,866,578,1.4983,slide,
ECUR320_-_University_of_Montreal,3_030-compile.pdf,.pdf,866,578,1.4983,slide,
ECUR320_-_University_of_Montreal,4_040-compile.pdf,.pdf,866,578,1.4983,slide,
ECUR320_-_University_of_Montreal,5_050-compile.pdf,.pdf,866,578,1.4983,slide,
ECUR320_-_University_of_Montreal,6_060-compile.pdf,.pdf,866,578,1.4983,slide,
ECUR320_-_University_of_Montreal,7_070-compile.pdf,.pdf,866,578,1.4983,slide,
ECUR320_-_University_of_Montreal,8_080-compile.pdf,.pdf,866,578,1.4983,slide,
ECUR320_-_University_of_Montreal,9_090-compile.pdf,.pdf,866,578,1.4983,slide,
ED01_-_Stanford_University,10_Lecture6-compressed.pdf,.pdf,720,540,1.3333,slide,
ED01_-_Stanford_University,11_preLecture6.pdf,.pdf,612,792,0.7727,document,
ED01_-_Stanford_University,12_Lecture7-compressed.pdf,.pdf,720,540,1.3333,slide,
ED01_-_Stanford_University,13_preLecture7.pdf,.pdf,612,792,0.7727,document,
ED01_-_Stanford_University,14_Lecture8-compressed.pdf,.pdf,720,540,1.3333,slide,
ED01_-_Stanford_University,15_preLecture8.pdf,.pdf,612,792,0.7727,document,
ED01_-_Stanford_University,16_Lecture9-compressed.pdf,.pdf,720,540,1.3333,slide,
ED01_-_Stanford_University,17_preLecture9.pdf,.pdf,612,792,0.7727,document,
ED01_-_Stanford_University,18_Lecture10-compressed.pdf,.pdf,720,540,1.3333,slide,
ED01_-_Stanford_University,19_preLecture10.pdf,.pdf,612,792,0.7727,document,
ED01_-_Stanford_University,1_Lecture1-compressed.pdf,.pdf,720,540,1.3333,slide,
ED01_-_Stanford_University,20_Lecture11-compressed.pdf,.pdf,720,540,1.3333,slide,
ED01_-_Stanford_University,21_preLecture11.pdf,.pdf,612,792,0.7727,document,
ED01_-_Stanford_University,22_Lecture12-compressed.pdf,.pdf,720,540,1.3333,slide,
ED01_-_Stanford_University,23_preLecture12.pdf,.pdf,612,792,0.7727,document,
ED01_-_Stanford_University,24_Lecture13-compressed.pdf,.pdf,720,540,1.3333,slide,
ED01_-_Stanford_University,25_preLecture13.pdf,.pdf,612,792,0.7727,document,
ED01_-_Stanford_University,26_Lecture14-compressed.pdf,.pdf,720,540,1.3333,slide,
ED01_-_Stanford_University,27_preLecture14.pdf,.pdf,612,792,0.7727,document,
ED01_-_Stanford_University,28_Lecture15-compressed.pdf,.pdf,720,540,1.3333,slide,
ED01_-_Stanford_University,29_preLecture15.pdf,.pdf,612,792,0.7727,document,
ED01_-_Stanford_University,2_Lecture2-compressed.pdf,.pdf,720,540,1.3333,slide,
ED01_-_Stanford_University,30_Lecture16-compressed.pdf,.pdf,720,540,1.3333,slide,
ED01_-_Stanford_University,31_preLecture16.pdf,.pdf,612,792,0.7727,document,
ED01_-_Stanford_University,32_Lecture17-compressed.pdf,.pdf,720,540,1.3333,slide,
ED01_-_Stanford_University,33_Abstraction_and_Idealization.pdf,.pdf,720,405,1.7778,slide,
ED01_-_Stanford_University,34_Incommensurability_WickedProblems_Discretion-1-14.pdf,.pdf,960,540,1.7778,slide,
ED01_-_Stanford_University,3_preLecture2.pdf,.pdf,612,792,0.7727,document,
ED01_-_Stanford_University,4_Lecture3-compressed.pdf,.pdf,720,540,1.3333,slide,
ED01_-_Stanford_University,5_preLecture3.pdf,.pdf,612,792,0.7727,document,
ED01_-_Stanford_University,6_Lecture4-compressed.pdf,.pdf,720,540,1.3333,slide,
ED01_-_Stanford_University,7_preLecture4.pdf,.pdf,612,792,0.7727,document,
ED01_-_Stanford_University,8_Lecture5-compressed.pdf,.pdf,720,540,1.3333,slide,
ED01_-_Stanford_University,9_preLecture5.pdf,.pdf,612,792,0.7727,document,
EDU249_-_Stanford_University,10_lecture04.pdf,.pdf,600,450,1.3333,slide,
EDU249_-_Stanford_University,11_lecture04.pdf,.pdf,792,612,1.2941,slide,
EDU249_-_Stanford_University,12_lecture04_annotated.pdf,.pdf,1640,1229,1.3344,slide,
EDU249_-_Stanford_University,13_lecture05.pdf,.pdf,640,480,1.3333,slide,
EDU249_-_Stanford_University,14_lecture05.pdf,.pdf,792,612,1.2941,slide,
EDU249_-_Stanford_University,15_lecture05_annotated.pdf,.pdf,1430,1051,1.3606,slide,
EDU249_-_Stanford_University,16_lecture06.pdf,.pdf,600,450,1.3333,slide,
EDU249_-_Stanford_University,17_lecture06.pdf,.pdf,792,612,1.2941,slide,
EDU249_-_Stanford_University,18_lecture06_annotated.pdf,.pdf,1366,1024,1.334,slide,
EDU249_-_Stanford_University,19_lecture07.pdf,.pdf,792,612,1.2941,slide,
EDU249_-_Stanford_University,1_lecture01.pdf,.pdf,640,480,1.3333,slide,
EDU249_-_Stanford_University,20_lecture07_annotated.pdf,.pdf,1640,1229,1.3344,slide,
EDU249_-_Stanford_University,21_transistors.pdf,.pdf,612,792,0.7727,document,
EDU249_-_Stanford_University,22_lecture08.pdf,.pdf,792,612,1.2941,slide,
EDU249_-_Stanford_University,23_lecture08_annotated.pdf,.pdf,1366,1024,1.334,slide,
EDU249_-_Stanford_University,24_logicgates.pdf,.pdf,612,792,0.7727,document,
EDU249_-_Stanford_University,25_lecture09.pdf,.pdf,792,612,1.2941,slide,
EDU249_-_Stanford_University,26_lecture09_annotated.pdf,.pdf,1366,1024,1.334,slide,
EDU249_-_Stanford_University,27_lecture10.pdf,.pdf,600,450,1.3333,slide,
EDU249_-_Stanford_University,28_lecture10.pdf,.pdf,792,612,1.2941,slide,
EDU249_-_Stanford_University,29_lecture10_annotated.pdf,.pdf,1640,1229,1.3344,slide,
EDU249_-_Stanford_University,2_lecture01.pdf,.pdf,792,612,1.2941,slide,
EDU249_-_Stanford_University,30_lecture11.pdf,.pdf,600,450,1.3333,slide,
EDU249_-_Stanford_University,31_lecture11.pdf,.pdf,792,612,1.2941,slide,
EDU249_-_Stanford_University,32_lecture11_annotated.pdf,.pdf,1640,1229,1.3344,slide,
EDU249_-_Stanford_University,33_lecture12.pdf,.pdf,792,612,1.2941,slide,
EDU249_-_Stanford_University,34_lecture12_annotated.pdf,.pdf,1640,1229,1.3344,slide,
EDU249_-_Stanford_University,35_reactives.pdf,.pdf,612,792,0.7727,document,
EDU249_-_Stanford_University,36_lecture13.pdf,.pdf,792,612,1.2941,slide,
EDU249_-_Stanford_University,37_lecture13_annotated.pdf,.pdf,1366,1024,1.334,slide,
EDU249_-_Stanford_University,38_transient.pdf,.pdf,612,792,0.7727,document,
EDU249_-_Stanford_University,39_lecture14.pdf,.pdf,792,612,1.2941,slide,
EDU249_-_Stanford_University,3_lecture01_annotated.pdf,.pdf,1640,1229,1.3344,slide,
EDU249_-_Stanford_University,40_lecture14_annotated.pdf,.pdf,1366,1024,1.334,slide,
EDU249_-_Stanford_University,41_lecture15.pdf,.pdf,792,612,1.2941,slide,
EDU249_-_Stanford_University,42_lecture15_annotated.pdf,.pdf,1640,1229,1.3344,slide,
EDU249_-_Stanford_University,43_signals.pdf,.pdf,612,792,0.7727,document,
EDU249_-_Stanford_University,44_impedance.pdf,.pdf,612,792,0.7727,document,
EDU249_-_Stanford_University,45_lecture16.pdf,.pdf,792,612,1.2941,slide,
EDU249_-_Stanford_University,46_bodeplots.pdf,.pdf,612,792,0.7727,document,
EDU249_-_Stanford_University,47_opamps.pdf,.pdf,612,792,0.7727,document,
EDU249_-_Stanford_University,48_opampfilters.pdf,.pdf,612,792,0.7727,document,
EDU249_-_Stanford_University,49_lecture20.pdf,.pdf,600,450,1.3333,slide,
EDU249_-_Stanford_University,4_lecture02.pdf,.pdf,640,480,1.3333,slide,
EDU249_-_Stanford_University,50_lecture21.pdf,.pdf,600,450,1.3333,slide,
EDU249_-_Stanford_University,51_lecture22.pdf,.pdf,600,450,1.3333,slide,
EDU249_-_Stanford_University,52_arduino.pdf,.pdf,612,792,0.7727,document,
EDU249_-_Stanford_University,53_computer-history.pdf,.pdf,720,540,1.3333,slide,
EDU249_-_Stanford_University,54_cubemapping.pdf,.pdf,960,540,1.7778,slide,
EDU249_-_Stanford_University,55_fsm-example.pdf,.pdf,363,273,1.3297,slide,
EDU249_-_Stanford_University,56_fsm-example.pdf,.pdf,363,273,1.3297,slide,
EDU249_-_Stanford_University,57_keyboard_breakingbreak.pdf,.pdf,612,792,0.7727,document,
EDU249_-_Stanford_University,58_lablecture1.pdf,.pdf,720,540,1.3333,slide,
EDU249_-_Stanford_University,59_lablecture1_annotated.pdf,.pdf,1640,1229,1.3344,slide,
EDU249_-_Stanford_University,5_lecture02.pdf,.pdf,792,612,1.2941,slide,
EDU249_-_Stanford_University,60_lablecture2.pdf,.pdf,720,540,1.3333,slide,
EDU249_-_Stanford_University,61_lablecture2_annotated.pdf,.pdf,1640,1229,1.3344,slide,
EDU249_-_Stanford_University,62_lablecture3a.pdf,.pdf,720,540,1.3333,slide,
EDU249_-_Stanford_University,63_lablecture3a_annotated.pdf,.pdf,1640,1229,1.3344,slide,
EDU249_-_Stanford_University,64_lablecture3b.pdf,.pdf,720,540,1.3333,slide,
EDU249_-_Stanford_University,65_lablecture3b_annotated.pdf,.pdf,1366,1024,1.334,slide,
EDU249_-_Stanford_University,66_lablecture3c.pdf,.pdf,720,540,1.3333,slide,
EDU249_-_Stanford_University,67_lablecture3c_annotated.pdf,.pdf,1640,1229,1.3344,slide,
EDU249_-_Stanford_University,68_signals-slides.pdf,.pdf,454,256,1.7734,slide,
EDU249_-_Stanford_University,6_lecture02_annotated.pdf,.pdf,1640,1229,1.3344,slide,
EDU249_-_Stanford_University,7_lecture03.pdf,.pdf,640,480,1.3333,slide,
EDU249_-_Stanford_University,8_lecture03.pdf,.pdf,792,612,1.2941,slide,
EDU249_-_Stanford_University,9_lecture03_annotated.pdf,.pdf,1640,1229,1.3344,slide,
EDUC02_-_Stanford_University,10_lecture_9.pdf,.pdf,720,405,1.7778,slide,
EDUC02_-_Stanford_University,11_lecture_10.pdf,.pdf,1224,792,1.5455,slide,
EDUC02_-_Stanford_University,12_lecture_11.pdf,.pdf,720,405,1.7778,slide,
EDUC02_-_Stanford_University,13_lecture_12.pdf,.pdf,720,405,1.7778,slide,
EDUC02_-_Stanford_University,14_lecture_13.pdf,.pdf,720,405,1.7778,slide,
EDUC02_-_Stanford_University,15_lecture_14.pdf,.pdf,720,405,1.7778,slide,
EDUC02_-_Stanford_University,16_lecture_15.pdf,.pdf,960,540,1.7778,slide,
EDUC02_-_Stanford_University,17_lecture_16.pdf,.pdf,1224,792,1.5455,slide,
EDUC02_-_Stanford_University,18_lecture_17.pdf,.pdf,960,540,1.7778,slide,
EDUC02_-_Stanford_University,19_section_2.pdf,.pdf,363,273,1.3297,slide,
EDUC02_-_Stanford_University,1_lecture_1_part_1.pdf,.pdf,720,405,1.7778,slide,
EDUC02_-_Stanford_University,20_section_3.pdf,.pdf,720,405,1.7778,slide,
EDUC02_-_Stanford_University,21_section_5.pdf,.pdf,720,405,1.7778,slide,
EDUC02_-_Stanford_University,22_section_6.pdf,.pdf,612,792,0.7727,document,
EDUC02_-_Stanford_University,23_section_6_sol.pdf,.pdf,612,792,0.7727,document,
EDUC02_-_Stanford_University,2_lecture_1_part_2.pdf,.pdf,720,405,1.7778,slide,
EDUC02_-_Stanford_University,3_lecture_2.pdf,.pdf,720,405,1.7778,slide,
EDUC02_-_Stanford_University,4_lecture_3.pdf,.pdf,720,405,1.7778,slide,
EDUC02_-_Stanford_University,5_lecture_4.pdf,.pdf,720,405,1.7778,slide,
EDUC02_-_Stanford_University,6_lecture_5.pdf,.pdf,720,405,1.7778,slide,
EDUC02_-_Stanford_University,7_lecture_6.pdf,.pdf,1224,792,1.5455,slide,
EDUC02_-_Stanford_University,8_lecture_7.pdf,.pdf,1224,792,1.5455,slide,
EDUC02_-_Stanford_University,9_lecture_8.pdf,.pdf,720,405,1.7778,slide,
EE150_-_Cooper_Union,10_EE_150_Lecture_10_Slides.pdf,.pdf,363,273,1.3297,slide,
EE150_-_Cooper_Union,11_EE_150_Lecture_11_Slides.pdf,.pdf,363,273,1.3297,slide,
EE150_-_Cooper_Union,12_EE_150_Lecture_12_Slides.pdf,.pdf,363,273,1.3297,slide,
EE150_-_Cooper_Union,13_EE_150_Lecture_13_Slides.pdf,.pdf,363,273,1.3297,slide,
EE150_-_Cooper_Union,14_EE_150_Lecture_14_Slides.pdf,.pdf,363,273,1.3297,slide,
EE150_-_Cooper_Union,15_EE_150_Lecture_15_Slides.pdf,.pdf,363,273,1.3297,slide,
EE150_-_Cooper_Union,16_EE_150_Lecture_16_Slides.pdf,.pdf,363,273,1.3297,slide,
EE150_-_Cooper_Union,17_EE_150_Lecture_17_Slides.pdf,.pdf,363,273,1.3297,slide,
EE150_-_Cooper_Union,18_EE_150_Lecture_18_Slides.pdf,.pdf,363,273,1.3297,slide,
EE150_-_Cooper_Union,1_EE_150_Lecture_1_Slides.pdf,.pdf,363,273,1.3297,slide,
EE150_-_Cooper_Union,2_EE_150_Lecture_2_Slides.pdf,.pdf,363,273,1.3297,slide,
EE150_-_Cooper_Union,3_EE_150_Lecture_3_Slides.pdf,.pdf,363,273,1.3297,slide,
EE150_-_Cooper_Union,4_EE_150_Lecture_4_Slides.pdf,.pdf,363,273,1.3297,slide,
EE150_-_Cooper_Union,5_EE_150_Lecture_5_Slides.pdf,.pdf,363,273,1.3297,slide,
EE150_-_Cooper_Union,6_EE_150_Lecture_6_Slides.pdf,.pdf,363,273,1.3297,slide,
EE150_-_Cooper_Union,7_EE_150_Lecture_7_Slides.pdf,.pdf,363,273,1.3297,slide,
EE150_-_Cooper_Union,8_EE_150_Lecture_8_Slides.pdf,.pdf,363,273,1.3297,slide,
EE150_-_Cooper_Union,9_EE_150_Lecture_9_Slides.pdf,.pdf,363,273,1.3297,slide,
EE450_-_University_of_Southern_California,10_EE450-handwritten-notes-9-12.pdf,.pdf,1700,2200,0.7727,document,
EE450_-_University_of_Southern_California,11_EE450-Discussion-Applications.pdf,.pdf,720,540,1.3333,slide,
EE450_-_University_of_Southern_California,12_EE450-Introduction-Sockets-1-3.pdf,.pdf,720,540,1.3333,slide,
EE450_-_University_of_Southern_California,13_EE450-Sockets-1-3.pdf,.pdf,720,540,1.3333,slide,
EE450_-_University_of_Southern_California,14_Discussion7.pdf,.pdf,540,720,0.75,document,
EE450_-_University_of_Southern_California,15_EE450-10-1-notesv2.pdf,.pdf,1700,2200,0.7727,document,
EE450_-_University_of_Southern_California,16_EE450-9-24-handwritten.pdf,.pdf,1700,2340,0.7265,document,
EE450_-_University_of_Southern_California,17_EE450-9-26-notesv2.pdf,.pdf,1700,2200,0.7727,document,
EE450_-_University_of_Southern_California,18_EE450-DLC-2-1-3.pdf,.pdf,720,540,1.3333,slide,
EE450_-_University_of_Southern_California,19_EE450-Mutliplexing-2.pdf,.pdf,720,540,1.3333,slide,
EE450_-_University_of_Southern_California,1_EE450-Discussion-1.pdf,.pdf,720,540,1.3333,slide,
EE450_-_University_of_Southern_California,20_EE450_Discussion_Notes_00272024.pdf,.pdf,612,792,0.7727,document,
EE450_-_University_of_Southern_California,21_Discussion7.pdf,.pdf,540,720,0.75,document,
EE450_-_University_of_Southern_California,22_EE450-MAC-3.pdf,.pdf,720,540,1.3333,slide,
EE450_-_University_of_Southern_California,23_EE450-hand-written-notes-10-1-2024.pdf,.pdf,1700,2200,0.7727,document,
EE450_-_University_of_Southern_California,24_Q3-Discussion.pdf,.pdf,612,792,0.7727,document,
EE450_-_University_of_Southern_California,25_Question4_errorcheck.pdf,.pdf,596,648,0.9198,document,
EE450_-_University_of_Southern_California,26_EE450-discussion_9-1.pdf,.pdf,720,540,1.3333,slide,
EE450_-_University_of_Southern_California,27_Discussion8_ProblemSet.pdf,.pdf,612,792,0.7727,document,
EE450_-_University_of_Southern_California,28_EE450-IP-Protocol-2-1-1.pdf,.pdf,720,540,1.3333,slide,
EE450_-_University_of_Southern_California,29_EE450-Discussion-week9.pdf,.pdf,720,540,1.3333,slide,
EE450_-_University_of_Southern_California,2_EE450-Overview1-1.pdf,.pdf,720,540,1.3333,slide,
EE450_-_University_of_Southern_California,30_EE45-Discussion-11.pdf,.pdf,612,793,0.7718,document,
EE450_-_University_of_Southern_California,31_EE450-Discussion-10-2-1-11-1.pdf,.pdf,720,540,1.3333,slide,
EE450_-_University_of_Southern_California,32_EE450-Routing-Protocols-4-1.pdf,.pdf,720,540,1.3333,slide,
EE450_-_University_of_Southern_California,33_EE450_Discussion_Notes_11012024.pdf,.pdf,612,792,0.7727,document,
EE450_-_University_of_Southern_California,34_EE450-Transport-Layer-Protocols-1-2.pdf,.pdf,720,540,1.3333,slide,
EE450_-_University_of_Southern_California,35_Discussion-WK-12_Routing.pdf,.pdf,612,792,0.7727,document,
EE450_-_University_of_Southern_California,36_EE450-Discussion-131.pdf,.pdf,720,540,1.3333,slide,
EE450_-_University_of_Southern_California,37_EE450-hand-written-notes-11-12.pdf,.pdf,1700,2200,0.7727,document,
EE450_-_University_of_Southern_California,38_EE450-introduction-VPN-5-1.pdf,.pdf,720,540,1.3333,slide,
EE450_-_University_of_Southern_California,39_EE450_Network_Security-1-1.pdf,.pdf,792,612,1.2941,slide,
EE450_-_University_of_Southern_California,3_EE450-hand-written-notes-10-8-part_1.pdf,.pdf,1700,2200,0.7727,document,
EE450_-_University_of_Southern_California,40_EE450_Network_Security_Supplement-3-1.pdf,.pdf,960,540,1.7778,slide,
EE450_-_University_of_Southern_California,41_EE450-Discussion-14-NOV22.pdf,.pdf,612,792,0.7727,document,
EE450_-_University_of_Southern_California,42_EE450_Discussion_Notes_11222024.pdf,.pdf,612,792,0.7727,document,
EE450_-_University_of_Southern_California,43_IP-Tunnel-Addressing.pdf,.pdf,1700,2200,0.7727,document,
EE450_-_University_of_Southern_California,44_EE450-SDN-CC.pdf,.pdf,720,540,1.3333,slide,
EE450_-_University_of_Southern_California,45_EE450-Last-Discussion.pdf,.pdf,612,792,0.7727,document,
EE450_-_University_of_Southern_California,46_EE450-Virtualization.pdf,.pdf,720,540,1.3333,slide,
EE450_-_University_of_Southern_California,47_EE450_Discussion_Notes_12062024.pdf,.pdf,612,792,0.7727,document,
EE450_-_University_of_Southern_California,48_CourseNote.pdf,.pdf,612,792,0.7727,document,
EE450_-_University_of_Southern_California,49_EE450_Midterm_Fall2022.pdf,.pdf,596,842,0.7078,document,
EE450_-_University_of_Southern_California,4_EE450-Discussion-2-1.pdf,.pdf,720,540,1.3333,slide,
EE450_-_University_of_Southern_California,50_EE450_Midterm_Spring2021_1.pdf,.pdf,612,792,0.7727,document,
EE450_-_University_of_Southern_California,51_EE450-Course-Administartion-Fall-2024.pdf,.pdf,720,540,1.3333,slide,
EE450_-_University_of_Southern_California,52_EE450-Final-2020-Fall.pdf,.pdf,612,792,0.7727,document,
EE450_-_University_of_Southern_California,53_EE450-Final-2020-Spring-Sol.pdf,.pdf,596,842,0.7078,document,
EE450_-_University_of_Southern_California,54_EE450-Final-2020-Spring.pdf,.pdf,612,793,0.7718,document,
EE450_-_University_of_Southern_California,55_EE450-Final-2021-Spring-Sol.pdf,.pdf,596,842,0.7078,document,
EE450_-_University_of_Southern_California,56_EE450-Final-2021-Spring.pdf,.pdf,612,793,0.7718,document,
EE450_-_University_of_Southern_California,57_EE450-Final-2022-Fall.pdf,.pdf,612,792,0.7727,document,
EE450_-_University_of_Southern_California,58_EE450-Final-2022-Spring.pdf,.pdf,612,792,0.7727,document,
EE450_-_University_of_Southern_California,59_EE450-Final-Spring-2021-Solutions_Shaoen_Qin.pdf,.pdf,596,842,0.7078,document,
EE450_-_University_of_Southern_California,5_EE450-hand-written-notes-10-8-part_2.pdf,.pdf,1700,2200,0.7727,document,
EE450_-_University_of_Southern_California,60_EE450-Midterm-Solutions-Fall-2024.pdf,.pdf,612,792,0.7727,document,
EE450_-_University_of_Southern_California,61_EE450-Syllabus-2-1.pdf,.pdf,612,792,0.7727,document,
EE450_-_University_of_Southern_California,62_EE450_Fall2024_Socket_Programming_Project_REV01.pdf,.pdf,612,792,0.7727,document,
EE450_-_University_of_Southern_California,63_EE450_Midterm_Spring_2021_Solutions.pdf_1_1.pdf,.pdf,612,792,0.7727,document,
EE450_-_University_of_Southern_California,64_final_fall_2020.pdf,.pdf,612,792,0.7727,document,
EE450_-_University_of_Southern_California,65_final_solution.pdf,.pdf,612,785,0.7796,document,
EE450_-_University_of_Southern_California,66_final_spring_2020.pdf,.pdf,612,793,0.7718,document,
EE450_-_University_of_Southern_California,67_midterm_fall_2020.pdf,.pdf,612,792,0.7727,document,
EE450_-_University_of_Southern_California,68_midterm_spring_2021.pdf,.pdf,612,792,0.7727,document,
EE450_-_University_of_Southern_California,6_EE450-handwritten-notes-9-5v2.pdf,.pdf,1700,2200,0.7727,document,
EE450_-_University_of_Southern_California,7_EE450-Pieces-of-the-puzzle-3-1-1.pdf,.pdf,720,540,1.3333,slide,
EE450_-_University_of_Southern_California,8_EE450-Protocol-Architecture-1-1-1.pdf,.pdf,720,540,1.3333,slide,
EE450_-_University_of_Southern_California,9_EE450-Unix_Commands_More_Detailed_from_UNIX_IN_A_NUTSHELL_-1_1_-1_1_-1.pdf,.pdf,612,792,0.7727,document,
EECE2310_-_Northeastern_University,10_slides10.pdf,.pdf,792,612,1.2941,slide,
EECE2310_-_Northeastern_University,11_slides11.pdf,.pdf,792,612,1.2941,slide,
EECE2310_-_Northeastern_University,12_slides12.pdf,.pdf,792,612,1.2941,slide,
EECE2310_-_Northeastern_University,13_slides13.pdf,.pdf,792,612,1.2941,slide,
EECE2310_-_Northeastern_University,14_slides14.pdf,.pdf,792,612,1.2941,slide,
EECE2310_-_Northeastern_University,1_slides1.pdf,.pdf,792,612,1.2941,slide,
EECE2310_-_Northeastern_University,2_slides2.pdf,.pdf,792,612,1.2941,slide,
EECE2310_-_Northeastern_University,3_slides3.pdf,.pdf,792,612,1.2941,slide,
EECE2310_-_Northeastern_University,4_slides4.pdf,.pdf,792,612,1.2941,slide,
EECE2310_-_Northeastern_University,5_slides5.pdf,.pdf,792,612,1.2941,slide,
EECE2310_-_Northeastern_University,6_slides6.pdf,.pdf,792,612,1.2941,slide,
EECE2310_-_Northeastern_University,7_slides7.pdf,.pdf,792,612,1.2941,slide,
EECE2310_-_Northeastern_University,8_slides8.pdf,.pdf,792,612,1.2941,slide,
EECE2310_-_Northeastern_University,9_slides9.pdf,.pdf,792,612,1.2941,slide,
EECE351_-_Queens_College,1_view.pdf,.pdf,720,540,1.3333,slide,
EECE351_-_Queens_College,2_view.pdf,.pdf,720,540,1.3333,slide,
EECE351_-_Queens_College,3_view.pdf,.pdf,720,540,1.3333,slide,
EECS330_-_University_of_Kansas,10_open.pdf,.pdf,720,540,1.3333,slide,
EECS330_-_University_of_Kansas,11_open.pdf,.pdf,720,540,1.3333,slide,
EECS330_-_University_of_Kansas,12_open.pdf,.pdf,720,540,1.3333,slide,
EECS330_-_University_of_Kansas,13_open.pdf,.pdf,720,540,1.3333,slide,
EECS330_-_University_of_Kansas,14_open.pdf,.pdf,720,540,1.3333,slide,
EECS330_-_University_of_Kansas,15_open.pdf,.pdf,720,540,1.3333,slide,
EECS330_-_University_of_Kansas,16_open.pdf,.pdf,720,540,1.3333,slide,
EECS330_-_University_of_Kansas,17_open.pdf,.pdf,720,540,1.3333,slide,
EECS330_-_University_of_Kansas,18_open.pdf,.pdf,720,540,1.3333,slide,
EECS330_-_University_of_Kansas,19_open.pdf,.pdf,720,540,1.3333,slide,
EECS330_-_University_of_Kansas,1_open.pdf,.pdf,720,540,1.3333,slide,
EECS330_-_University_of_Kansas,20_open.pdf,.pdf,720,540,1.3333,slide,
EECS330_-_University_of_Kansas,21_open.pdf,.pdf,720,540,1.3333,slide,
EECS330_-_University_of_Kansas,22_open.pdf,.pdf,720,540,1.3333,slide,
EECS330_-_University_of_Kansas,23_open.pdf,.pdf,720,540,1.3333,slide,
EECS330_-_University_of_Kansas,24_open.pdf,.pdf,720,540,1.3333,slide,
EECS330_-_University_of_Kansas,25_open.pdf,.pdf,720,540,1.3333,slide,
EECS330_-_University_of_Kansas,26_open.pdf,.pdf,720,540,1.3333,slide,
EECS330_-_University_of_Kansas,27_open.pdf,.pdf,720,540,1.3333,slide,
EECS330_-_University_of_Kansas,28_open.pdf,.pdf,720,540,1.3333,slide,
EECS330_-_University_of_Kansas,29_open.pdf,.pdf,720,540,1.3333,slide,
EECS330_-_University_of_Kansas,2_open.pdf,.pdf,720,540,1.3333,slide,
EECS330_-_University_of_Kansas,3_open.pdf,.pdf,720,540,1.3333,slide,
EECS330_-_University_of_Kansas,4_open.pdf,.pdf,720,540,1.3333,slide,
EECS330_-_University_of_Kansas,5_open.pdf,.pdf,720,540,1.3333,slide,
EECS330_-_University_of_Kansas,6_open.pdf,.pdf,720,540,1.3333,slide,
EECS330_-_University_of_Kansas,7_open.pdf,.pdf,720,540,1.3333,slide,
EECS330_-_University_of_Kansas,8_open.pdf,.pdf,720,540,1.3333,slide,
EECS330_-_University_of_Kansas,9_open.pdf,.pdf,720,540,1.3333,slide,
EN120_-_Boston_University,10_10-as-given.pdf,.pdf,792,612,1.2941,slide,
EN120_-_Boston_University,11_11-as-given.pdf,.pdf,792,612,1.2941,slide,
EN120_-_Boston_University,12_12-as-given.pdf,.pdf,792,612,1.2941,slide,
EN120_-_Boston_University,13_13-as-given.pdf,.pdf,792,612,1.2941,slide,
EN120_-_Boston_University,14_14-as-given.pdf,.pdf,792,612,1.2941,slide,
EN120_-_Boston_University,15_15-as-given.pdf,.pdf,792,612,1.2941,slide,
EN120_-_Boston_University,16_16-as-given.pdf,.pdf,792,612,1.2941,slide,
EN120_-_Boston_University,17_17-as-given.pdf,.pdf,792,612,1.2941,slide,
EN120_-_Boston_University,18_18-as-given.pdf,.pdf,792,612,1.2941,slide,
EN120_-_Boston_University,1_01-as-given.pdf,.pdf,792,612,1.2941,slide,
EN120_-_Boston_University,20_00-as-given.pdf,.pdf,792,612,1.2941,slide,
EN120_-_Boston_University,2_02-as-given.pdf,.pdf,792,612,1.2941,slide,
EN120_-_Boston_University,3_03-as-given.pdf,.pdf,792,612,1.2941,slide,
EN120_-_Boston_University,4_04-as-given.pdf,.pdf,792,612,1.2941,slide,
EN120_-_Boston_University,5_05-as-given.pdf,.pdf,792,612,1.2941,slide,
EN120_-_Boston_University,6_06-as-given.pdf,.pdf,792,612,1.2941,slide,
EN120_-_Boston_University,7_07-as-given.pdf,.pdf,792,612,1.2941,slide,
EN120_-_Boston_University,8_08-as-given.pdf,.pdf,792,612,1.2941,slide,
EN120_-_Boston_University,9_09-as-given.pdf,.pdf,792,612,1.2941,slide,
ENES100_-_University_of_Maryland,10_chapter4-7.pdf,.pdf,,,,unknown,ValueError: pdf has no pages
ENES100_-_University_of_Maryland,11_chapter4-8.pdf,.pdf,,,,unknown,ValueError: pdf has no pages
ENES100_-_University_of_Maryland,12_chapter4-9.pdf,.pdf,,,,unknown,ValueError: pdf has no pages
ENES100_-_University_of_Maryland,13_chapter5.pdf,.pdf,,,,unknown,ValueError: pdf has no pages
ENES100_-_University_of_Maryland,14_chapter6.pdf,.pdf,,,,unknown,ValueError: pdf has no pages
ENES100_-_University_of_Maryland,15_chapter7.pdf,.pdf,,,,unknown,ValueError: pdf has no pages
ENES100_-_University_of_Maryland,16_chapter8.pdf,.pdf,,,,unknown,ValueError: pdf has no pages
ENES100_-_University_of_Maryland,1_chapter1.pdf,.pdf,,,,unknown,ValueError: pdf has no pages
ENES100_-_University_of_Maryland,2_chapter2.pdf,.pdf,,,,unknown,ValueError: pdf has no pages
ENES100_-_University_of_Maryland,3_chapter3.pdf,.pdf,,,,unknown,ValueError: pdf has no pages
ENES100_-_University_of_Maryland,4_chapter4-1.pdf,.pdf,,,,unknown,ValueError: pdf has no pages
ENES100_-_University_of_Maryland,5_chapter4-2.pdf,.pdf,,,,unknown,ValueError: pdf has no pages
ENES100_-_University_of_Maryland,6_chapter4-3.pdf,.pdf,,,,unknown,ValueError: pdf has no pages
ENES100_-_University_of_Maryland,7_chapter4-4.pdf,.pdf,,,,unknown,ValueError: pdf has no pages
ENES100_-_University_of_Maryland,8_chapter4-5.pdf,.pdf,,,,unknown,ValueError: pdf has no pages
ENES100_-_University_of_Maryland,9_chapter4-6.pdf,.pdf,,,,unknown,ValueError: pdf has no pages
ENES102_-_University_of_Maryland,10_4-4-9.pdf,.pdf,,,,unknown,ValueError: pdf has no pages
ENES102_-_University_of_Maryland,11_5-1-1-2.pdf,.pdf,,,,unknown,ValueError: pdf has no pages
ENES102_-_University_of_Maryland,12_5-2-3-4.pdf,.pdf,,,,unknown,ValueError: pdf has no pages
ENES102_-_University_of_Maryland,13_5-3-5-7.pdf,.pdf,,,,unknown,ValueError: pdf has no pages
ENES102_-_University_of_Maryland,14_6-1-1-3.pdf,.pdf,,,,unknown,ValueError: pdf has no pages
ENES102_-_University_of_Maryland,15_6-2-4.pdf,.pdf,,,,unknown,ValueError: pdf has no pages
ENES102_-_University_of_Maryland,16_6-3-6.pdf,.pdf,,,,unknown,ValueError: pdf has no pages
ENES102_-_University_of_Maryland,17_7-1-1.pdf,.pdf,,,,unknown,ValueError: pdf has no pages
ENES102_-_University_of_Maryland,18_7-2-2-3.pdf,.pdf,,,,unknown,ValueError: pdf has no pages
ENES102_-_University_of_Maryland,19_8-1-1-2.pdf,.pdf,,,,unknown,ValueError: pdf has no pages
ENES102_-_University_of_Maryland,1_1-1.pdf,.pdf,,,,unknown,ValueError: pdf has no pages
ENES102_-_University_of_Maryland,20_9-1-1.pdf,.pdf,,,,unknown,ValueError: pdf has no pages
ENES102_-_University_of_Maryland,21_9-2-2.pdf,.pdf,,,,unknown,ValueError: pdf has no pages
ENES102_-_University_of_Maryland,22_10-1-1-4.pdf,.pdf,,,,unknown,ValueError: pdf has no pages
ENES102_-_University_of_Maryland,23_10-2-8.pdf,.pdf,,,,unknown,ValueError: pdf has no pages
ENES102_-_University_of_Maryland,2_2-1-1-4.pdf,.pdf,,,,unknown,ValueError: pdf has no pages
ENES102_-_University_of_Maryland,3_2-2-5-6.pdf,.pdf,,,,unknown,ValueError: pdf has no pages
ENES102_-_University_of_Maryland,4_2-3-7-8.pdf,.pdf,,,,unknown,ValueError: pdf has no pages
ENES102_-_University_of_Maryland,5_2-4-9.pdf,.pdf,,,,unknown,ValueError: pdf has no pages
ENES102_-_University_of_Maryland,6_3-1.pdf,.pdf,,,,unknown,ValueError: pdf has no pages
ENES102_-_University_of_Maryland,7_4-1-1-4.pdf,.pdf,,,,unknown,ValueError: pdf has no pages
ENES102_-_University_of_Maryland,8_4-2-5-6.pdf,.pdf,,,,unknown,ValueError: pdf has no pages
ENES102_-_University_of_Maryland,9_4-3-7-8.pdf,.pdf,,,,unknown,ValueError: pdf has no pages
ENG155_-_Duke_University,10_10-virtual-memory.pdf,.pdf,720,540,1.3333,slide,
ENG155_-_Duke_University,11_11-interrupts.pdf,.pdf,720,540,1.3333,slide,
ENG155_-_Duke_University,12_12-io.pdf,.pdf,720,540,1.3333,slide,
ENG155_-_Duke_University,13_13-os.pdf,.pdf,720,540,1.3333,slide,
ENG155_-_Duke_University,14_14-network.pdf,.pdf,720,540,1.3333,slide,
ENG155_-_Duke_University,15_15-pipeline.pdf,.pdf,720,540,1.3333,slide,
ENG155_-_Duke_University,16_16-x86.pdf,.pdf,720,540,1.3333,slide,
ENG155_-_Duke_University,1_01-intro.pdf,.pdf,720,540,1.3333,slide,
ENG155_-_Duke_University,2_02-gates.pdf,.pdf,720,540,1.3333,slide,
ENG155_-_Duke_University,3_03-combo-logic.pdf,.pdf,720,540,1.3333,slide,
ENG155_-_Duke_University,4_04-arithmetic.pdf,.pdf,720,540,1.3333,slide,
ENG155_-_Duke_University,5_05-storage-clocking.pdf,.pdf,720,540,1.3333,slide,
ENG155_-_Duke_University,6_06-fsm.pdf,.pdf,720,540,1.3333,slide,
ENG155_-_Duke_University,7_07-isa.pdf,.pdf,720,540,1.3333,slide,
ENG155_-_Duke_University,8_08-datapath.pdf,.pdf,720,540,1.3333,slide,
ENG155_-_Duke_University,9_09-memory-hierarchy.pdf,.pdf,720,540,1.3333,slide,
ENG3420_-_University_of_Connecticut,10_Lec10-pipeline-adv.pdf,.pdf,454,284,1.5986,slide,
ENG3420_-_University_of_Connecticut,11_Lec11-performance.pdf,.pdf,454,284,1.5986,slide,
ENG3420_-_University_of_Connecticut,12_Lec12-memory.pdf,.pdf,454,284,1.5986,slide,
ENG3420_-_University_of_Connecticut,13_Lec13-cache.pdf,.pdf,454,284,1.5986,slide,
ENG3420_-_University_of_Connecticut,14_Lec14-cache-disc.pdf,.pdf,454,284,1.5986,slide,
ENG3420_-_University_of_Connecticut,15_Lec15-vm.pdf,.pdf,454,284,1.5986,slide,
ENG3420_-_University_of_Connecticut,16_Lec16-ILP.pdf,.pdf,454,284,1.5986,slide,
ENG3420_-_University_of_Connecticut,19_lab0.pdf,.pdf,454,284,1.5986,slide,
ENG3420_-_University_of_Connecticut,1_Lec01-intro.pdf,.pdf,454,284,1.5986,slide,
ENG3420_-_University_of_Connecticut,20_lab1-1.pdf,.pdf,454,284,1.5986,slide,
ENG3420_-_University_of_Connecticut,21_lab1-2.pdf,.pdf,454,284,1.5986,slide,
ENG3420_-_University_of_Connecticut,22_lab1-3.pdf,.pdf,454,284,1.5986,slide,
ENG3420_-_University_of_Connecticut,23_lab2-1.pdf,.pdf,454,284,1.5986,slide,
ENG3420_-_University_of_Connecticut,24_lab2-2.pdf,.pdf,454,284,1.5986,slide,
ENG3420_-_University_of_Connecticut,2_Lec02-ISA-intro.pdf,.pdf,454,284,1.5986,slide,
ENG3420_-_University_of_Connecticut,3_Lec03-arithmetic.pdf,.pdf,454,284,1.5986,slide,
ENG3420_-_University_of_Connecticut,4_Lec04-control.pdf,.pdf,454,284,1.5986,slide,
ENG3420_-_University_of_Connecticut,5_Lec05-logic-basis.pdf,.pdf,454,284,1.5986,slide,
ENG3420_-_University_of_Connecticut,6_Lec06-ALU.pdf,.pdf,454,284,1.5986,slide,
ENG3420_-_University_of_Connecticut,7_Lec07-floating-num.pdf,.pdf,454,284,1.5986,slide,
ENG3420_-_University_of_Connecticut,8_Lec08-datapath.pdf,.pdf,454,284,1.5986,slide,
ENG3420_-_University_of_Connecticut,9_Lec09-pipeline.pdf,.pdf,454,284,1.5986,slide,
ENGL2159_-_University_of_Cincinnati,10_music5.pdf,.pdf,612,792,0.7727,document,
ENGL2159_-_University_of_Cincinnati,11_1330_wk6.pdf,.pdf,960,540,1.7778,slide,
ENGL2159_-_University_of_Cincinnati,12_music6.pdf,.pdf,612,792,0.7727,document,
ENGL2159_-_University_of_Cincinnati,13_music7.pdf,.pdf,612,792,0.7727,document,
ENGL2159_-_University_of_Cincinnati,14_music8.pdf,.pdf,612,792,0.7727,document,
ENGL2159_-_University_of_Cincinnati,15_4633_egypitian_art_not_compliant.pdf,.pdf,960,540,1.7778,slide,
ENGL2159_-_University_of_Cincinnati,16_aging_at_home.pdf,.pdf,960,540,1.7778,slide,
ENGL2159_-_University_of_Cincinnati,17_brain_nutrition.pdf,.pdf,960,540,1.7778,slide,
ENGL2159_-_University_of_Cincinnati,18_egypt_q_a.pdf,.pdf,612,792,0.7727,document,
ENGL2159_-_University_of_Cincinnati,19_library.pdf,.pdf,960,540,1.7778,slide,
ENGL2159_-_University_of_Cincinnati,1_1330_wk1.pdf,.pdf,960,540,1.7778,slide,
ENGL2159_-_University_of_Cincinnati,20_vision.pdf,.pdf,960,540,1.7778,slide,
ENGL2159_-_University_of_Cincinnati,2_music1_2.pdf,.pdf,612,792,0.7727,document,
ENGL2159_-_University_of_Cincinnati,3_1330_wk2.pdf,.pdf,960,540,1.7778,slide,
ENGL2159_-_University_of_Cincinnati,4_music2.pdf,.pdf,612,792,0.7727,document,
ENGL2159_-_University_of_Cincinnati,5_1330_wk3.pdf,.pdf,960,540,1.7778,slide,
ENGL2159_-_University_of_Cincinnati,6_music3.pdf,.pdf,612,792,0.7727,document,
ENGL2159_-_University_of_Cincinnati,7_1330_wk4.pdf,.pdf,960,540,1.7778,slide,
ENGL2159_-_University_of_Cincinnati,8_music4.pdf,.pdf,612,792,0.7727,document,
ENGL2159_-_University_of_Cincinnati,9_1330_wk5.pdf,.pdf,960,540,1.7778,slide,
ENGL2184_-_University_of_Cincinnati,10_music5.pdf,.pdf,612,792,0.7727,document,
ENGL2184_-_University_of_Cincinnati,11_1330_wk6.pdf,.pdf,960,540,1.7778,slide,
ENGL2184_-_University_of_Cincinnati,12_music6.pdf,.pdf,612,792,0.7727,document,
ENGL2184_-_University_of_Cincinnati,13_music7.pdf,.pdf,612,792,0.7727,document,
ENGL2184_-_University_of_Cincinnati,14_music8.pdf,.pdf,612,792,0.7727,document,
ENGL2184_-_University_of_Cincinnati,15_4633_egypitian_art_not_compliant.pdf,.pdf,960,540,1.7778,slide,
ENGL2184_-_University_of_Cincinnati,16_aging_at_home.pdf,.pdf,960,540,1.7778,slide,
ENGL2184_-_University_of_Cincinnati,17_brain_nutrition.pdf,.pdf,960,540,1.7778,slide,
ENGL2184_-_University_of_Cincinnati,18_egypt_q_a.pdf,.pdf,612,792,0.7727,document,
ENGL2184_-_University_of_Cincinnati,19_library.pdf,.pdf,960,540,1.7778,slide,
ENGL2184_-_University_of_Cincinnati,1_1330_wk1.pdf,.pdf,960,540,1.7778,slide,
ENGL2184_-_University_of_Cincinnati,20_vision.pdf,.pdf,960,540,1.7778,slide,
ENGL2184_-_University_of_Cincinnati,2_music1_2.pdf,.pdf,612,792,0.7727,document,
ENGL2184_-_University_of_Cincinnati,3_1330_wk2.pdf,.pdf,960,540,1.7778,slide,
ENGL2184_-_University_of_Cincinnati,4_music2.pdf,.pdf,612,792,0.7727,document,
ENGL2184_-_University_of_Cincinnati,5_1330_wk3.pdf,.pdf,960,540,1.7778,slide,
ENGL2184_-_University_of_Cincinnati,6_music3.pdf,.pdf,612,792,0.7727,document,
ENGL2184_-_University_of_Cincinnati,7_1330_wk4.pdf,.pdf,960,540,1.7778,slide,
ENGL2184_-_University_of_Cincinnati,8_music4.pdf,.pdf,612,792,0.7727,document,
ENGL2184_-_University_of_Cincinnati,9_1330_wk5.pdf,.pdf,960,540,1.7778,slide,
ENGR190_-_Purdue_University,10_Professor_Kimia_LOR.pdf,.pdf,612,792,0.7727,document,
ENGR190_-_Purdue_University,11_Sustainability_Assignment.pdf,.pdf,612,792,0.7727,document,
ENGR190_-_Purdue_University,1_ENGR19000_Lecture_1.pdf,.pdf,720,540,1.3333,slide,
ENGR190_-_Purdue_University,2_Lec_01.pptx,.pptx,960,720,1.3333,slide,
ENGR190_-_Purdue_University,3_ENGR19000_MCE_Lec2.pdf,.pdf,720,540,1.3333,slide,
ENGR190_-_Purdue_University,4_ENGR19000_MCE_Lec3.pptx,.pptx,960,720,1.3333,slide,
ENGR190_-_Purdue_University,5_ENGR19000_MCE_Lec4.pdf,.pdf,720,540,1.3333,slide,
ENGR190_-_Purdue_University,6_ENGR19000_MCE_Lec5.pdf,.pdf,720,540,1.3333,slide,
ENGR190_-_Purdue_University,7_ENGR190_MCE_Assignment_2.pdf,.pdf,612,792,0.7727,document,
ENSC251_-_Simon_Fraser_University,10_Lecture_Set_7_15.pdf,.pdf,792,612,1.2941,slide,
ENSC251_-_Simon_Fraser_University,11_Lecture_Set_8_15.pdf,.pdf,792,612,1.2941,slide,
ENSC251_-_Simon_Fraser_University,12_Lecture_Set_9_15.pdf,.pdf,792,612,1.2941,slide,
ENSC251_-_Simon_Fraser_University,1_Lecture_Set_0_15.pdf,.pdf,792,612,1.2941,slide,
ENSC251_-_Simon_Fraser_University,2_Lecture_Set_10_15.pdf,.pdf,792,612,1.2941,slide,
ENSC251_-_Simon_Fraser_University,3_Lecture_Set_11_15.pdf,.pdf,792,612,1.2941,slide,
ENSC251_-_Simon_Fraser_University,4_Lecture_Set_1_15.pdf,.pdf,792,612,1.2941,slide,
ENSC251_-_Simon_Fraser_University,5_Lecture_Set_2_15.pdf,.pdf,792,612,1.2941,slide,
ENSC251_-_Simon_Fraser_University,6_Lecture_Set_3_15.pdf,.pdf,792,612,1.2941,slide,
ENSC251_-_Simon_Fraser_University,7_Lecture_Set_4_15.pdf,.pdf,792,612,1.2941,slide,
ENSC251_-_Simon_Fraser_University,8_Lecture_Set_5_15.pdf,.pdf,792,612,1.2941,slide,
ENSC251_-_Simon_Fraser_University,9_Lecture_Set_6_15.pdf,.pdf,792,612,1.2941,slide,
ENTR3071_-_University_of_Cincinnati,10_music5.pdf,.pdf,612,792,0.7727,document,
ENTR3071_-_University_of_Cincinnati,11_1330_wk6.pdf,.pdf,960,540,1.7778,slide,
ENTR3071_-_University_of_Cincinnati,12_music6.pdf,.pdf,612,792,0.7727,document,
ENTR3071_-_University_of_Cincinnati,13_music7.pdf,.pdf,612,792,0.7727,document,
ENTR3071_-_University_of_Cincinnati,14_music8.pdf,.pdf,612,792,0.7727,document,
ENTR3071_-_University_of_Cincinnati,15_4633_egypitian_art_not_compliant.pdf,.pdf,960,540,1.7778,slide,
ENTR3071_-_University_of_Cincinnati,16_aging_at_home.pdf,.pdf,960,540,1.7778,slide,
ENTR3071_-_University_of_Cincinnati,17_brain_nutrition.pdf,.pdf,960,540,1.7778,slide,
ENTR3071_-_University_of_Cincinnati,18_egypt_q_a.pdf,.pdf,612,792,0.7727,document,
ENTR3071_-_University_of_Cincinnati,19_library.pdf,.pdf,960,540,1.7778,slide,
ENTR3071_-_University_of_Cincinnati,1_1330_wk1.pdf,.pdf,960,540,1.7778,slide,
ENTR3071_-_University_of_Cincinnati,20_vision.pdf,.pdf,960,540,1.7778,slide,
ENTR3071_-_University_of_Cincinnati,2_music1_2.pdf,.pdf,612,792,0.7727,document,
ENTR3071_-_University_of_Cincinnati,3_1330_wk2.pdf,.pdf,960,540,1.7778,slide,
ENTR3071_-_University_of_Cincinnati,4_music2.pdf,.pdf,612,792,0.7727,document,
ENTR3071_-_University_of_Cincinnati,5_1330_wk3.pdf,.pdf,960,540,1.7778,slide,
ENTR3071_-_University_of_Cincinnati,6_music3.pdf,.pdf,612,792,0.7727,document,
ENTR3071_-_University_of_Cincinnati,7_1330_wk4.pdf,.pdf,960,540,1.7778,slide,
ENTR3071_-_University_of_Cincinnati,8_music4.pdf,.pdf,612,792,0.7727,document,
ENTR3071_-_University_of_Cincinnati,9_1330_wk5.pdf,.pdf,960,540,1.7778,slide,
ENTR4005_-_University_of_Cincinnati,10_music5.pdf,.pdf,612,792,0.7727,document,
ENTR4005_-_University_of_Cincinnati,11_1330_wk6.pdf,.pdf,960,540,1.7778,slide,
ENTR4005_-_University_of_Cincinnati,12_music6.pdf,.pdf,612,792,0.7727,document,
ENTR4005_-_University_of_Cincinnati,13_music7.pdf,.pdf,612,792,0.7727,document,
ENTR4005_-_University_of_Cincinnati,14_music8.pdf,.pdf,612,792,0.7727,document,
ENTR4005_-_University_of_Cincinnati,15_4633_egypitian_art_not_compliant.pdf,.pdf,960,540,1.7778,slide,
ENTR4005_-_University_of_Cincinnati,16_aging_at_home.pdf,.pdf,960,540,1.7778,slide,
ENTR4005_-_University_of_Cincinnati,17_brain_nutrition.pdf,.pdf,960,540,1.7778,slide,
ENTR4005_-_University_of_Cincinnati,18_egypt_q_a.pdf,.pdf,612,792,0.7727,document,
ENTR4005_-_University_of_Cincinnati,19_library.pdf,.pdf,960,540,1.7778,slide,
ENTR4005_-_University_of_Cincinnati,1_1330_wk1.pdf,.pdf,960,540,1.7778,slide,
ENTR4005_-_University_of_Cincinnati,20_vision.pdf,.pdf,960,540,1.7778,slide,
ENTR4005_-_University_of_Cincinnati,2_music1_2.pdf,.pdf,612,792,0.7727,document,
ENTR4005_-_University_of_Cincinnati,3_1330_wk2.pdf,.pdf,960,540,1.7778,slide,
ENTR4005_-_University_of_Cincinnati,4_music2.pdf,.pdf,612,792,0.7727,document,
ENTR4005_-_University_of_Cincinnati,5_1330_wk3.pdf,.pdf,960,540,1.7778,slide,
ENTR4005_-_University_of_Cincinnati,6_music3.pdf,.pdf,612,792,0.7727,document,
ENTR4005_-_University_of_Cincinnati,7_1330_wk4.pdf,.pdf,960,540,1.7778,slide,
ENTR4005_-_University_of_Cincinnati,8_music4.pdf,.pdf,612,792,0.7727,document,
ENTR4005_-_University_of_Cincinnati,9_1330_wk5.pdf,.pdf,960,540,1.7778,slide,
EPSY240_-_SUNY_Oneonta,1_Chapter-1-Slides-for-Hub.pdf,.pdf,720,405,1.7778,slide,
EPSY240_-_SUNY_Oneonta,2_Chapter-2-Slides-for-Hub.pptx,.pptx,960,540,1.7778,slide,
EPSY240_-_SUNY_Oneonta,3_Chapter-3-Slides-for-Hub.pptx,.pptx,960,540,1.7778,slide,
EPSY240_-_SUNY_Oneonta,4_Chapter-4-Slides-for-Hub.pptx,.pptx,960,540,1.7778,slide,
EPSY240_-_SUNY_Oneonta,5_Chapter-5-Slides-for-Hub.pptx,.pptx,960,540,1.7778,slide,
EPSY240_-_SUNY_Oneonta,6_Chapter-6-Slides-for-Hub.pptx,.pptx,960,540,1.7778,slide,
ERC20_-_University_of_California_San_Diego,10_Web3_Development_for_Beginners_Blockchain_Fundamentals_How_does_the_blockchain_work.pptx,.pptx,960,540,1.7778,slide,
ERC20_-_University_of_California_San_Diego,11_Web3_Development_for_Beginners_Blockchain_Fundamentals_Liquidity_Pools.pptx,.pptx,960,540,1.7778,slide,
ERC20_-_University_of_California_San_Diego,12_Web3_Development_for_Beginners_Blockchain_Fundamentals_Markets.pptx,.pptx,960,540,1.7778,slide,
ERC20_-_University_of_California_San_Diego,13_Web3_Development_for_Beginners_Blockchain_Fundamentals_NFTs.pptx,.pptx,960,540,1.7778,slide,
ERC20_-_University_of_California_San_Diego,14_Web3_Development_for_Beginners_Blockchain_Fundamentals_NodeJS_Javascript.pptx,.pptx,960,540,1.7778,slide,
ERC20_-_University_of_California_San_Diego,15_Web3_Development_for_Beginners_Blockchain_Fundamentals_Programming_boiled_down_for_5_year_olds.pptx,.pptx,960,540,1.7778,slide,
ERC20_-_University_of_California_San_Diego,16_Web3_Development_for_Beginners_Blockchain_Fundamentals_Standards.pptx,.pptx,960,540,1.7778,slide,
ERC20_-_University_of_California_San_Diego,17_Web3_Development_for_Beginners_Blockchain_Fundamentals_Supply_Demand.pptx,.pptx,960,540,1.7778,slide,
ERC20_-_University_of_California_San_Diego,18_Web3_Development_for_Beginners_Blockchain_Fundamentals_What_are_Layer-2_Blockchains.pptx,.pptx,960,540,1.7778,slide,
ERC20_-_University_of_California_San_Diego,19_Web3_Development_for_Beginners_Blockchain_Fundamentals_What_blockchains_you_need_to_know.pptx,.pptx,960,540,1.7778,slide,
ERC20_-_University_of_California_San_Diego,1_Web3_Development_for_Beginners_Blockchain_Development_Connecting_a_Smart_Contract_to_a_Website.pptx,.pptx,960,540,1.7778,slide,
ERC20_-_University_of_California_San_Diego,20_Web3_Development_for_Beginners_Blockchain_Fundamentals_Why_Blockchain_Economics_matter.pptx,.pptx,960,540,1.7778,slide,
ERC20_-_University_of_California_San_Diego,21_Web3_Development_for_Beginners_Intro.pptx,.pptx,960,540,1.7778,slide,
ERC20_-_University_of_California_San_Diego,22_Web3_Development_for_Beginners_Introduction_Introduction.pptx,.pptx,960,540,1.7778,slide,
ERC20_-_University_of_California_San_Diego,23_Web3_Development_for_Beginners_Introduction_Blockchain_Introduction.pptx,.pptx,960,540,1.7778,slide,
ERC20_-_University_of_California_San_Diego,24_Web3_Development_for_Beginners_Introduction_Programming_Introduction.pptx,.pptx,960,540,1.7778,slide,
ERC20_-_University_of_California_San_Diego,25_Web3_Development_for_Beginners_Introduction_Web3_Introduction.pptx,.pptx,960,540,1.7778,slide,
ERC20_-_University_of_California_San_Diego,26_Web3_Development_for_Beginners_Programming_Fundamentals_Programming_Logic.pptx,.pptx,960,540,1.7778,slide,
ERC20_-_University_of_California_San_Diego,27_Web3_Development_for_Beginners_Programming_Fundamentals_Solidity_Fundamentals.pptx,.pptx,960,540,1.7778,slide,
ERC20_-_University_of_California_San_Diego,28_Web3_Development_for_Beginners_Where_to_go_from_here_General_Guidance.pptx,.pptx,960,540,1.7778,slide,
ERC20_-_University_of_California_San_Diego,2_Web3_Development_for_Beginners_Blockchain_Development_Extended_Smart_Contract_Features.pptx,.pptx,960,540,1.7778,slide,
ERC20_-_University_of_California_San_Diego,3_Web3_Development_for_Beginners_Blockchain_Development_Connecting_an_NFT_to_OpenSea.pptx,.pptx,960,540,1.7778,slide,
ERC20_-_University_of_California_San_Diego,4_Web3_Development_for_Beginners_Blockchain_Development_Getting_the_tools_ready.pptx,.pptx,960,540,1.7778,slide,
ERC20_-_University_of_California_San_Diego,5_Web3_Development_for_Beginners_Blockchain_Development_Setup_Metadata_for_an_NFT.pptx,.pptx,960,540,1.7778,slide,
ERC20_-_University_of_California_San_Diego,6_Web3_Development_for_Beginners_Blockchain_Development_Verifying_a_Contract_on_Etherscan.pptx,.pptx,960,540,1.7778,slide,
ERC20_-_University_of_California_San_Diego,7_Web3_Development_for_Beginners_Blockchain_Fundamentals_Deep_Dive_into_Ethereum.pptx,.pptx,960,540,1.7778,slide,
ERC20_-_University_of_California_San_Diego,8_Web3_Development_for_Beginners_Blockchain_Fundamentals_ERC20_Tokens.pptx,.pptx,960,540,1.7778,slide,
ERC20_-_University_of_California_San_Diego,9_Web3_Development_for_Beginners_Blockchain_Fundamentals_Etherscan_Wallets_other_tools.pptx,.pptx,960,540,1.7778,slide,
ES100_-_Clarkson_University,10_lect10_2d_plotting_curve_fitting.ppt,.ppt,960,720,1.3333,slide,
ES100_-_Clarkson_University,11_lect11_loops_for_repetitive_computations.ppt,.ppt,960,720,1.3333,slide,
ES100_-_Clarkson_University,12_lect12_another_loop_for_repetition.ppt,.ppt,960,720,1.3333,slide,
ES100_-_Clarkson_University,13_lect13_decision_structures.ppt,.ppt,960,720,1.3333,slide,
ES100_-_Clarkson_University,14_lect14_user-defined_functions.ppt,.ppt,960,720,1.3333,slide,
ES100_-_Clarkson_University,15_lect15_practice_exploration.ppt,.ppt,960,720,1.3333,slide,
ES100_-_Clarkson_University,16_lect16_symbolic_mathematics.ppt,.ppt,960,720,1.3333,slide,
ES100_-_Clarkson_University,17_lect00_preface.ppt,.ppt,960,720,1.3333,slide,
ES100_-_Clarkson_University,1_lect01_introduction.ppt,.ppt,960,720,1.3333,slide,
ES100_-_Clarkson_University,2_lect02_matlab_fundamentals.ppt,.ppt,960,720,1.3333,slide,
ES100_-_Clarkson_University,3_lect03_creating_m-files.ppt,.ppt,960,720,1.3333,slide,
ES100_-_Clarkson_University,4_lect04_structure_plan.ppt,.ppt,960,720,1.3333,slide,
ES100_-_Clarkson_University,5_lect05_input_and_output.ppt,.ppt,960,720,1.3333,slide,
ES100_-_Clarkson_University,6_lect06_matlab_functions.ppt,.ppt,960,720,1.3333,slide,
ES100_-_Clarkson_University,7_lect07_debugging_code_data_import_export.ppt,.ppt,960,720,1.3333,slide,
ES100_-_Clarkson_University,8_lect08_logical_operations.ppt,.ppt,960,720,1.3333,slide,
ES100_-_Clarkson_University,9_lect09_plotting_in_2d.ppt,.ppt,960,720,1.3333,slide,
ES2501_-_Worcester_Polytechnic_Institute,10_2501_L10.ppt,.ppt,960,720,1.3333,slide,
ES2501_-_Worcester_Polytechnic_Institute,11_2501_L11.ppt,.ppt,960,720,1.3333,slide,
ES2501_-_Worcester_Polytechnic_Institute,12_2501_L12.ppt,.ppt,960,720,1.3333,slide,
ES2501_-_Worcester_Polytechnic_Institute,13_2501_L13.ppt,.ppt,960,720,1.3333,slide,
ES2501_-_Worcester_Polytechnic_Institute,14_2501_L14.ppt,.ppt,960,720,1.3333,slide,
ES2501_-_Worcester_Polytechnic_Institute,15_2501_L15.ppt,.ppt,960,720,1.3333,slide,
ES2501_-_Worcester_Polytechnic_Institute,16_2501_L16.ppt,.ppt,960,720,1.3333,slide,
ES2501_-_Worcester_Polytechnic_Institute,17_2501_L17.ppt,.ppt,960,720,1.3333,slide,
ES2501_-_Worcester_Polytechnic_Institute,18_2501_L18.ppt,.ppt,960,720,1.3333,slide,
ES2501_-_Worcester_Polytechnic_Institute,19_2501_L19.ppt,.ppt,960,720,1.3333,slide,
ES2501_-_Worcester_Polytechnic_Institute,1_2501_L01.ppt,.ppt,960,720,1.3333,slide,
ES2501_-_Worcester_Polytechnic_Institute,20_2501_L20.ppt,.ppt,960,720,1.3333,slide,
ES2501_-_Worcester_Polytechnic_Institute,21_2501_L21.ppt,.ppt,960,720,1.3333,slide,
ES2501_-_Worcester_Polytechnic_Institute,22_2501_L22.ppt,.ppt,960,720,1.3333,slide,
ES2501_-_Worcester_Polytechnic_Institute,23_2501_L23.ppt,.ppt,960,720,1.3333,slide,
ES2501_-_Worcester_Polytechnic_Institute,24_2501_L24.ppt,.ppt,960,720,1.3333,slide,
ES2501_-_Worcester_Polytechnic_Institute,2_2501_L02.ppt,.ppt,960,720,1.3333,slide,
ES2501_-_Worcester_Polytechnic_Institute,3_2501_L03.ppt,.ppt,960,720,1.3333,slide,
ES2501_-_Worcester_Polytechnic_Institute,4_2501_L04.ppt,.ppt,960,720,1.3333,slide,
ES2501_-_Worcester_Polytechnic_Institute,5_2501_L05.ppt,.ppt,960,720,1.3333,slide,
ES2501_-_Worcester_Polytechnic_Institute,6_2501_L06.ppt,.ppt,960,720,1.3333,slide,
ES2501_-_Worcester_Polytechnic_Institute,7_2501_L07.ppt,.ppt,960,720,1.3333,slide,
ES2501_-_Worcester_Polytechnic_Institute,8_2501_L08.ppt,.ppt,960,720,1.3333,slide,
ES2501_-_Worcester_Polytechnic_Institute,9_2501_L09.ppt,.ppt,960,720,1.3333,slide,
ES2502_-_Worcester_Polytechnic_Institute,10_Lect10.pdf,.pdf,720,540,1.3333,slide,
ES2502_-_Worcester_Polytechnic_Institute,11_Lect11.pdf,.pdf,720,540,1.3333,slide,
ES2502_-_Worcester_Polytechnic_Institute,12_Lect12.pdf,.pdf,720,540,1.3333,slide,
ES2502_-_Worcester_Polytechnic_Institute,13_Lect13.pdf,.pdf,720,540,1.3333,slide,
ES2502_-_Worcester_Polytechnic_Institute,14_Lect14.pdf,.pdf,720,540,1.3333,slide,
ES2502_-_Worcester_Polytechnic_Institute,15_Lect15.pdf,.pdf,720,540,1.3333,slide,
ES2502_-_Worcester_Polytechnic_Institute,16_Lect16.pdf,.pdf,720,540,1.3333,slide,
ES2502_-_Worcester_Polytechnic_Institute,17_Lect17.pdf,.pdf,720,540,1.3333,slide,
ES2502_-_Worcester_Polytechnic_Institute,18_Lect18.pdf,.pdf,720,540,1.3333,slide,
ES2502_-_Worcester_Polytechnic_Institute,19_Lect19.pdf,.pdf,720,540,1.3333,slide,
ES2502_-_Worcester_Polytechnic_Institute,1_Lect01.pdf,.pdf,720,540,1.3333,slide,
ES2502_-_Worcester_Polytechnic_Institute,20_Lect20.pdf,.pdf,720,540,1.3333,slide,
ES2502_-_Worcester_Polytechnic_Institute,21_Lect21.pdf,.pdf,720,540,1.3333,slide,
ES2502_-_Worcester_Polytechnic_Institute,22_Lect22.pdf,.pdf,720,540,1.3333,slide,
ES2502_-_Worcester_Polytechnic_Institute,23_Lect23.pdf,.pdf,720,540,1.3333,slide,
ES2502_-_Worcester_Polytechnic_Institute,24_Lect24.pdf,.pdf,720,540,1.3333,slide,
ES2502_-_Worcester_Polytechnic_Institute,25_Lect25.pdf,.pdf,720,540,1.3333,slide,
ES2502_-_Worcester_Polytechnic_Institute,26_Lect26.pdf,.pdf,720,540,1.3333,slide,
ES2502_-_Worcester_Polytechnic_Institute,27_Lect27.pdf,.pdf,720,540,1.3333,slide,
ES2502_-_Worcester_Polytechnic_Institute,2_Lect02.pdf,.pdf,720,540,1.3333,slide,
ES2502_-_Worcester_Polytechnic_Institute,3_Lect03.pdf,.pdf,720,540,1.3333,slide,
ES2502_-_Worcester_Polytechnic_Institute,4_Lect04.pdf,.pdf,720,540,1.3333,slide,
ES2502_-_Worcester_Polytechnic_Institute,5_Lect05.pdf,.pdf,720,540,1.3333,slide,
ES2502_-_Worcester_Polytechnic_Institute,6_Lect06.pdf,.pdf,720,540,1.3333,slide,
ES2502_-_Worcester_Polytechnic_Institute,7_Lect07.pdf,.pdf,720,540,1.3333,slide,
ES2502_-_Worcester_Polytechnic_Institute,8_Lect08.pdf,.pdf,720,540,1.3333,slide,
ES2502_-_Worcester_Polytechnic_Institute,9_Lect09.pdf,.pdf,720,540,1.3333,slide,
ESE305_-_Stony_Brook_University,10_view.pdf,.pdf,720,540,1.3333,slide,
ESE305_-_Stony_Brook_University,11_view.pdf,.pdf,720,540,1.3333,slide,
ESE305_-_Stony_Brook_University,12_view.pdf,.pdf,720,540,1.3333,slide,
ESE305_-_Stony_Brook_University,13_view.pdf,.pdf,720,540,1.3333,slide,
ESE305_-_Stony_Brook_University,1_view.pdf,.pdf,720,540,1.3333,slide,
ESE305_-_Stony_Brook_University,2_view.pdf,.pdf,720,540,1.3333,slide,
ESE305_-_Stony_Brook_University,3_view.pdf,.pdf,720,540,1.3333,slide,
ESE305_-_Stony_Brook_University,4_view.pdf,.pdf,720,540,1.3333,slide,
ESE305_-_Stony_Brook_University,5_view.pdf,.pdf,720,540,1.3333,slide,
ESE305_-_Stony_Brook_University,6_view.pdf,.pdf,720,540,1.3333,slide,
ESE305_-_Stony_Brook_University,7_view.pdf,.pdf,720,540,1.3333,slide,
ESE305_-_Stony_Brook_University,8_view.pdf,.pdf,720,540,1.3333,slide,
ESE305_-_Stony_Brook_University,9_view.pdf,.pdf,720,540,1.3333,slide,
ESL2089_-_University_of_Cincinnati,10_music5.pdf,.pdf,612,792,0.7727,document,
ESL2089_-_University_of_Cincinnati,11_1330_wk6.pdf,.pdf,960,540,1.7778,slide,
ESL2089_-_University_of_Cincinnati,12_music6.pdf,.pdf,612,792,0.7727,document,
ESL2089_-_University_of_Cincinnati,13_music7.pdf,.pdf,612,792,0.7727,document,
ESL2089_-_University_of_Cincinnati,14_music8.pdf,.pdf,612,792,0.7727,document,
ESL2089_-_University_of_Cincinnati,15_4633_egypitian_art_not_compliant.pdf,.pdf,960,540,1.7778,slide,
ESL2089_-_University_of_Cincinnati,16_aging_at_home.pdf,.pdf,960,540,1.7778,slide,
ESL2089_-_University_of_Cincinnati,17_brain_nutrition.pdf,.pdf,960,540,1.7778,slide,
ESL2089_-_University_of_Cincinnati,18_egypt_q_a.pdf,.pdf,612,792,0.7727,document,
ESL2089_-_University_of_Cincinnati,19_library.pdf,.pdf,960,540,1.7778,slide,
ESL2089_-_University_of_Cincinnati,1_1330_wk1.pdf,.pdf,960,540,1.7778,slide,
ESL2089_-_University_of_Cincinnati,20_vision.pdf,.pdf,960,540,1.7778,slide,
ESL2089_-_University_of_Cincinnati,2_music1_2.pdf,.pdf,612,792,0.7727,document,
ESL2089_-_University_of_Cincinnati,3_1330_wk2.pdf,.pdf,960,540,1.7778,slide,
ESL2089_-_University_of_Cincinnati,4_music2.pdf,.pdf,612,792,0.7727,document,
ESL2089_-_University_of_Cincinnati,5_1330_wk3.pdf,.pdf,960,540,1.7778,slide,
ESL2089_-_University_of_Cincinnati,6_music3.pdf,.pdf,612,792,0.7727,document,
ESL2089_-_University_of_Cincinnati,7_1330_wk4.pdf,.pdf,960,540,1.7778,slide,
ESL2089_-_University_of_Cincinnati,8_music4.pdf,.pdf,612,792,0.7727,document,
ESL2089_-_University_of_Cincinnati,9_1330_wk5.pdf,.pdf,960,540,1.7778,slide,
ETST256_-_Colorado_State_University,10_Ch4slides.pdf,.pdf,792,612,1.2941,slide,
ETST256_-_Colorado_State_University,11_Ch5slide.pdf,.pdf,792,612,1.2941,slide,
ETST256_-_Colorado_State_University,12_Ch6slide.pdf,.pdf,792,612,1.2941,slide,
ETST256_-_Colorado_State_University,13_Ch6slides.pdf,.pdf,792,612,1.2941,slide,
ETST256_-_Colorado_State_University,14_Ch7slide.pdf,.pdf,792,612,1.2941,slide,
ETST256_-_Colorado_State_University,15_Ch8slide.pdf,.pdf,792,612,1.2941,slide,
ETST256_-_Colorado_State_University,16_Ch8slides.pdf,.pdf,792,612,1.2941,slide,
ETST256_-_Colorado_State_University,17_Ch9slide.pdf,.pdf,792,612,1.2941,slide,
ETST256_-_Colorado_State_University,18_Ch9slides.pdf,.pdf,792,612,1.2941,slide,
ETST256_-_Colorado_State_University,19_Ch10slide.pdf,.pdf,792,612,1.2941,slide,
ETST256_-_Colorado_State_University,1_Ch1slide.pdf,.pdf,792,612,1.2941,slide,
ETST256_-_Colorado_State_University,20_Ch10slides.pdf,.pdf,792,612,1.2941,slide,
ETST256_-_Colorado_State_University,21_Ch11slide.pdf,.pdf,792,612,1.2941,slide,
ETST256_-_Colorado_State_University,22_Ch11slides.pdf,.pdf,792,612,1.2941,slide,
ETST256_-_Colorado_State_University,23_Ch12slide.pdf,.pdf,792,612,1.2941,slide,
ETST256_-_Colorado_State_University,24_Ch13slide.pdf,.pdf,792,612,1.2941,slide,
ETST256_-_Colorado_State_University,25_Ch13slides.pdf,.pdf,792,612,1.2941,slide,
ETST256_-_Colorado_State_University,26_Ch14slide.pdf,.pdf,792,612,1.2941,slide,
ETST256_-_Colorado_State_University,27_Ch14slides.pdf,.pdf,792,612,1.2941,slide,
ETST256_-_Colorado_State_University,28_Ch15slide.pdf,.pdf,792,612,1.2941,slide,
ETST256_-_Colorado_State_University,29_Ch15slides.pdf,.pdf,792,612,1.2941,slide,
ETST256_-_Colorado_State_University,2_Ch1slides.pdf,.pdf,792,612,1.2941,slide,
ETST256_-_Colorado_State_University,30_Ch16slide.pdf,.pdf,792,612,1.2941,slide,
ETST256_-_Colorado_State_University,31_Ch16slides.pdf,.pdf,792,612,1.2941,slide,
ETST256_-_Colorado_State_University,32_Ch17slide.pdf,.pdf,792,612,1.2941,slide,
ETST256_-_Colorado_State_University,33_Ch17slides.pdf,.pdf,792,612,1.2941,slide,
ETST256_-_Colorado_State_University,34_Ch18slide.pdf,.pdf,792,612,1.2941,slide,
ETST256_-_Colorado_State_University,35_Ch19slide.pdf,.pdf,792,612,1.2941,slide,
ETST256_-_Colorado_State_University,36_Ch20slide.pdf,.pdf,792,612,1.2941,slide,
ETST256_-_Colorado_State_University,37_Ap1slide.pdf,.pdf,792,612,1.2941,slide,
ETST256_-_Colorado_State_University,38_Ap2slide.pdf,.pdf,612,792,0.7727,document,
ETST256_-_Colorado_State_University,39_Ap3slide.pdf,.pdf,792,612,1.2941,slide,
ETST256_-_Colorado_State_University,3_Ch1slidesb.ppt,.ppt,372,283,1.3145,slide,
ETST256_-_Colorado_State_University,4_Ch2slide.pdf,.pdf,792,612,1.2941,slide,
ETST256_-_Colorado_State_University,5_Ch2slides.pdf,.pdf,792,612,1.2941,slide,
ETST256_-_Colorado_State_University,6_Ch2slidesb.ppt,.ppt,372,283,1.3145,slide,
ETST256_-_Colorado_State_University,7_Ch3slide.pdf,.pdf,792,612,1.2941,slide,
ETST256_-_Colorado_State_University,8_Ch3slides.pdf,.pdf,792,612,1.2941,slide,
ETST256_-_Colorado_State_University,9_Ch4slide.pdf,.pdf,792,612,1.2941,slide,
EVST2000_-_University_of_Cincinnati,10_music5.pdf,.pdf,612,792,0.7727,document,
EVST2000_-_University_of_Cincinnati,11_1330_wk6.pdf,.pdf,960,540,1.7778,slide,
EVST2000_-_University_of_Cincinnati,12_music6.pdf,.pdf,612,792,0.7727,document,
EVST2000_-_University_of_Cincinnati,13_music7.pdf,.pdf,612,792,0.7727,document,
EVST2000_-_University_of_Cincinnati,14_music8.pdf,.pdf,612,792,0.7727,document,
EVST2000_-_University_of_Cincinnati,15_4633_egypitian_art_not_compliant.pdf,.pdf,960,540,1.7778,slide,
EVST2000_-_University_of_Cincinnati,16_aging_at_home.pdf,.pdf,960,540,1.7778,slide,
EVST2000_-_University_of_Cincinnati,17_brain_nutrition.pdf,.pdf,960,540,1.7778,slide,
EVST2000_-_University_of_Cincinnati,18_egypt_q_a.pdf,.pdf,612,792,0.7727,document,
EVST2000_-_University_of_Cincinnati,19_library.pdf,.pdf,960,540,1.7778,slide,
EVST2000_-_University_of_Cincinnati,1_1330_wk1.pdf,.pdf,960,540,1.7778,slide,
EVST2000_-_University_of_Cincinnati,20_vision.pdf,.pdf,960,540,1.7778,slide,
EVST2000_-_University_of_Cincinnati,2_music1_2.pdf,.pdf,612,792,0.7727,document,
EVST2000_-_University_of_Cincinnati,3_1330_wk2.pdf,.pdf,960,540,1.7778,slide,
EVST2000_-_University_of_Cincinnati,4_music2.pdf,.pdf,612,792,0.7727,document,
EVST2000_-_University_of_Cincinnati,5_1330_wk3.pdf,.pdf,960,540,1.7778,slide,
EVST2000_-_University_of_Cincinnati,6_music3.pdf,.pdf,612,792,0.7727,document,
EVST2000_-_University_of_Cincinnati,7_1330_wk4.pdf,.pdf,960,540,1.7778,slide,
EVST2000_-_University_of_Cincinnati,8_music4.pdf,.pdf,612,792,0.7727,document,
EVST2000_-_University_of_Cincinnati,9_1330_wk5.pdf,.pdf,960,540,1.7778,slide,
EX345_-_Colorado_State_University,10_Ch4slides.pdf,.pdf,792,612,1.2941,slide,
EX345_-_Colorado_State_University,11_Ch5slide.pdf,.pdf,792,612,1.2941,slide,
EX345_-_Colorado_State_University,12_Ch6slide.pdf,.pdf,792,612,1.2941,slide,
EX345_-_Colorado_State_University,13_Ch6slides.pdf,.pdf,792,612,1.2941,slide,
EX345_-_Colorado_State_University,14_Ch7slide.pdf,.pdf,792,612,1.2941,slide,
EX345_-_Colorado_State_University,15_Ch8slide.pdf,.pdf,792,612,1.2941,slide,
EX345_-_Colorado_State_University,16_Ch8slides.pdf,.pdf,792,612,1.2941,slide,
EX345_-_Colorado_State_University,17_Ch9slide.pdf,.pdf,792,612,1.2941,slide,
EX345_-_Colorado_State_University,18_Ch9slides.pdf,.pdf,792,612,1.2941,slide,
EX345_-_Colorado_State_University,19_Ch10slide.pdf,.pdf,792,612,1.2941,slide,
EX345_-_Colorado_State_University,1_Ch1slide.pdf,.pdf,792,612,1.2941,slide,
EX345_-_Colorado_State_University,20_Ch10slides.pdf,.pdf,792,612,1.2941,slide,
EX345_-_Colorado_State_University,21_Ch11slide.pdf,.pdf,792,612,1.2941,slide,
EX345_-_Colorado_State_University,22_Ch11slides.pdf,.pdf,792,612,1.2941,slide,
EX345_-_Colorado_State_University,23_Ch12slide.pdf,.pdf,792,612,1.2941,slide,
EX345_-_Colorado_State_University,24_Ch13slide.pdf,.pdf,792,612,1.2941,slide,
EX345_-_Colorado_State_University,25_Ch13slides.pdf,.pdf,792,612,1.2941,slide,
EX345_-_Colorado_State_University,26_Ch14slide.pdf,.pdf,792,612,1.2941,slide,
EX345_-_Colorado_State_University,27_Ch14slides.pdf,.pdf,792,612,1.2941,slide,
EX345_-_Colorado_State_University,28_Ch15slide.pdf,.pdf,792,612,1.2941,slide,
EX345_-_Colorado_State_University,29_Ch15slides.pdf,.pdf,792,612,1.2941,slide,
EX345_-_Colorado_State_University,2_Ch1slides.pdf,.pdf,792,612,1.2941,slide,
EX345_-_Colorado_State_University,30_Ch16slide.pdf,.pdf,792,612,1.2941,slide,
EX345_-_Colorado_State_University,31_Ch16slides.pdf,.pdf,792,612,1.2941,slide,
EX345_-_Colorado_State_University,32_Ch17slide.pdf,.pdf,792,612,1.2941,slide,
EX345_-_Colorado_State_University,33_Ch17slides.pdf,.pdf,792,612,1.2941,slide,
EX345_-_Colorado_State_University,34_Ch18slide.pdf,.pdf,792,612,1.2941,slide,
EX345_-_Colorado_State_University,35_Ch19slide.pdf,.pdf,792,612,1.2941,slide,
EX345_-_Colorado_State_University,36_Ch20slide.pdf,.pdf,792,612,1.2941,slide,
EX345_-_Colorado_State_University,37_Ap1slide.pdf,.pdf,792,612,1.2941,slide,
EX345_-_Colorado_State_University,38_Ap2slide.pdf,.pdf,612,792,0.7727,document,
EX345_-_Colorado_State_University,39_Ap3slide.pdf,.pdf,792,612,1.2941,slide,
EX345_-_Colorado_State_University,3_Ch1slidesb.ppt,.ppt,372,283,1.3145,slide,
EX345_-_Colorado_State_University,4_Ch2slide.pdf,.pdf,792,612,1.2941,slide,
EX345_-_Colorado_State_University,5_Ch2slides.pdf,.pdf,792,612,1.2941,slide,
EX345_-_Colorado_State_University,6_Ch2slidesb.ppt,.ppt,372,283,1.3145,slide,
EX345_-_Colorado_State_University,7_Ch3slide.pdf,.pdf,792,612,1.2941,slide,
EX345_-_Colorado_State_University,8_Ch3slides.pdf,.pdf,792,612,1.2941,slide,
EX345_-_Colorado_State_University,9_Ch4slide.pdf,.pdf,792,612,1.2941,slide,
FAM2011_-_University_of_Cincinnati,10_music5.pdf,.pdf,612,792,0.7727,document,
FAM2011_-_University_of_Cincinnati,11_1330_wk6.pdf,.pdf,960,540,1.7778,slide,
FAM2011_-_University_of_Cincinnati,12_music6.pdf,.pdf,612,792,0.7727,document,
FAM2011_-_University_of_Cincinnati,13_music7.pdf,.pdf,612,792,0.7727,document,
FAM2011_-_University_of_Cincinnati,14_music8.pdf,.pdf,612,792,0.7727,document,
FAM2011_-_University_of_Cincinnati,15_4633_egypitian_art_not_compliant.pdf,.pdf,960,540,1.7778,slide,
FAM2011_-_University_of_Cincinnati,16_aging_at_home.pdf,.pdf,960,540,1.7778,slide,
FAM2011_-_University_of_Cincinnati,17_brain_nutrition.pdf,.pdf,960,540,1.7778,slide,
FAM2011_-_University_of_Cincinnati,18_egypt_q_a.pdf,.pdf,612,792,0.7727,document,
FAM2011_-_University_of_Cincinnati,19_library.pdf,.pdf,960,540,1.7778,slide,
FAM2011_-_University_of_Cincinnati,1_1330_wk1.pdf,.pdf,960,540,1.7778,slide,
FAM2011_-_University_of_Cincinnati,20_vision.pdf,.pdf,960,540,1.7778,slide,
FAM2011_-_University_of_Cincinnati,2_music1_2.pdf,.pdf,612,792,0.7727,document,
FAM2011_-_University_of_Cincinnati,3_1330_wk2.pdf,.pdf,960,540,1.7778,slide,
FAM2011_-_University_of_Cincinnati,4_music2.pdf,.pdf,612,792,0.7727,document,
FAM2011_-_University_of_Cincinnati,5_1330_wk3.pdf,.pdf,960,540,1.7778,slide,
FAM2011_-_University_of_Cincinnati,6_music3.pdf,.pdf,612,792,0.7727,document,
FAM2011_-_University_of_Cincinnati,7_1330_wk4.pdf,.pdf,960,540,1.7778,slide,
FAM2011_-_University_of_Cincinnati,8_music4.pdf,.pdf,612,792,0.7727,document,
FAM2011_-_University_of_Cincinnati,9_1330_wk5.pdf,.pdf,960,540,1.7778,slide,
FIN3710_-_Baruch_College,10_CD_lecture_6b_finance.pdf,.pdf,792,612,1.2941,slide,
FIN3710_-_Baruch_College,11_CD_lecture_7_finance.pdf,.pdf,792,612,1.2941,slide,
FIN3710_-_Baruch_College,12_CD_lecture_8_finance.pdf,.pdf,792,612,1.2941,slide,
FIN3710_-_Baruch_College,13_lecture_intro_finance.pdf,.pdf,792,612,1.2941,slide,
FIN3710_-_Baruch_College,14_time_value_money_presentation2.pptx,.pptx,1280,720,1.7778,slide,
FIN3710_-_Baruch_College,1_cd_chapter_1_problems_pdf.pdf,.pdf,612,792,0.7727,document,
FIN3710_-_Baruch_College,2_lecture_1_finance.pdf,.pdf,792,612,1.2941,slide,
FIN3710_-_Baruch_College,3_chapter_2_problems.pdf,.pdf,612,792,0.7727,document,
FIN3710_-_Baruch_College,4_lecture_2_finance.pdf,.pdf,792,612,1.2941,slide,
FIN3710_-_Baruch_College,5_lecture_3_finance.pdf,.pdf,792,612,1.2941,slide,
FIN3710_-_Baruch_College,6_lecture_3b_finance.pdf,.pdf,792,612,1.2941,slide,
FIN3710_-_Baruch_College,7_lecture_4_finance.pdf,.pdf,792,612,1.2941,slide,
FIN3710_-_Baruch_College,8_lecture_5_finance.pdf,.pdf,792,612,1.2941,slide,
FIN3710_-_Baruch_College,9_CD_lecture_6_finance.pdf,.pdf,792,612,1.2941,slide,
FIN470_-_California_State_University_Long_Beach,10_FIN470_S12.2_Portfolio_Statistics_and_Diversification_Excel.pptx,.pptx,960,720,1.3333,slide,
FIN470_-_California_State_University_Long_Beach,11_FIN470_S13.1_Pivot_Tables.pptx,.pptx,960,720,1.3333,slide,
FIN470_-_California_State_University_Long_Beach,12_FIN470_S14.1_VBA.pptx,.pptx,960,720,1.3333,slide,
FIN470_-_California_State_University_Long_Beach,13_FIN470_S15.1_Power_BI.pptx,.pptx,960,720,1.3333,slide,
FIN470_-_California_State_University_Long_Beach,14_FIN470_S2.1_Financial_Statements_Theory.pptx,.pptx,960,720,1.3333,slide,
FIN470_-_California_State_University_Long_Beach,15_FIN470_S2.2_Financial_Statements_Excel.pptx,.pptx,960,720,1.3333,slide,
FIN470_-_California_State_University_Long_Beach,16_FIN470_S3.1_PF_Forecasting_Theory.pptx,.pptx,960,720,1.3333,slide,
FIN470_-_California_State_University_Long_Beach,17_FIN470_S3.2_PF_Forecasting_Excel.pptx,.pptx,960,720,1.3333,slide,
FIN470_-_California_State_University_Long_Beach,18_FIN470_S4.1_TS_Forecasting_I.pptx,.pptx,960,720,1.3333,slide,
FIN470_-_California_State_University_Long_Beach,19_FIN470_S4.2_TS_Forecasting_I.pptx,.pptx,960,720,1.3333,slide,
FIN470_-_California_State_University_Long_Beach,1_FIN470_Attendance.pptx,.pptx,960,720,1.3333,slide,
FIN470_-_California_State_University_Long_Beach,20_FIN470_S4.2_TS_Forecasting_II.pptx,.pptx,960,720,1.3333,slide,
FIN470_-_California_State_University_Long_Beach,21_FIN470_S5.1_Break-Even_Leverage_Analysis_I.pptx,.pptx,960,720,1.3333,slide,
FIN470_-_California_State_University_Long_Beach,22_FIN470_S5.2_Break-Even_Leverage_Analysis_II.pptx,.pptx,960,720,1.3333,slide,
FIN470_-_California_State_University_Long_Beach,23_FIN470_S6.1_Time_Value_of_Money_Theory.pptx,.pptx,960,720,1.3333,slide,
FIN470_-_California_State_University_Long_Beach,24_FIN470_S6.2_Time_Value_of_Money_Excel.pptx,.pptx,960,720,1.3333,slide,
FIN470_-_California_State_University_Long_Beach,25_FIN470_S6.3_Time_Value_of_Money_Problems.pptx,.pptx,960,720,1.3333,slide,
FIN470_-_California_State_University_Long_Beach,26_FIN470_S7.1_Stock_Valuation_Theory.pptx,.pptx,960,720,1.3333,slide,
FIN470_-_California_State_University_Long_Beach,27_FIN470_S7.2_Stock_Valuation_Excel.pptx,.pptx,960,720,1.3333,slide,
FIN470_-_California_State_University_Long_Beach,28_FIN470_S8.1_Bond_Valuation_Theory.pptx,.pptx,960,720,1.3333,slide,
FIN470_-_California_State_University_Long_Beach,29_FIN470_S8.2_Bond_Valuation_Excel.pptx,.pptx,960,720,1.3333,slide,
FIN470_-_California_State_University_Long_Beach,2_FIN470_S1.1_Class_Intro.pptx,.pptx,960,720,1.3333,slide,
FIN470_-_California_State_University_Long_Beach,30_FIN470_S9.1_The_Cost_of_Capital_Theory.pptx,.pptx,960,720,1.3333,slide,
FIN470_-_California_State_University_Long_Beach,3_FIN470_S1.2_Excel_Intro.pptx,.pptx,960,720,1.3333,slide,
FIN470_-_California_State_University_Long_Beach,4_FIN470_S1.3_Excel_Details.pptx,.pptx,960,720,1.3333,slide,
FIN470_-_California_State_University_Long_Beach,5_FIN470_S10.1_Capital_Budgeting_Theory.pptx,.pptx,960,720,1.3333,slide,
FIN470_-_California_State_University_Long_Beach,6_FIN470_S10.2_Capital_Budgeting_Excel.pptx,.pptx,960,720,1.3333,slide,
FIN470_-_California_State_University_Long_Beach,7_FIN470_S11.1_Risk_and_Capital_Budgeting_Theory.pptx,.pptx,960,720,1.3333,slide,
FIN470_-_California_State_University_Long_Beach,8_FIN470_S11.1_Risk_and_Capital_Budgeting.pptx,.pptx,960,720,1.3333,slide,
FIN470_-_California_State_University_Long_Beach,9_FIN470_S12.1_Portfolio_Statistics_and_Diversification_Theory.pptx,.pptx,960,720,1.3333,slide,
FINA205_-_University_of_Calgary,10_ch5.ppt,.ppt,960,720,1.3333,slide,
FINA205_-_University_of_Calgary,11_ch6.pdf,.pdf,718,538,1.3346,slide,
FINA205_-_University_of_Calgary,12_ch6.ppt,.ppt,960,720,1.3333,slide,
FINA205_-_University_of_Calgary,13_ch7.pdf,.pdf,718,538,1.3346,slide,
FINA205_-_University_of_Calgary,14_ch7v2.ppt,.ppt,960,720,1.3333,slide,
FINA205_-_University_of_Calgary,15_ch8.pdf,.pdf,720,540,1.3333,slide,
FINA205_-_University_of_Calgary,16_ch8.ppt,.ppt,960,720,1.3333,slide,
FINA205_-_University_of_Calgary,17_ch9.pdf,.pdf,720,540,1.3333,slide,
FINA205_-_University_of_Calgary,18_ch9.ppt,.ppt,960,720,1.3333,slide,
FINA205_-_University_of_Calgary,19_ch10.pdf,.pdf,720,540,1.3333,slide,
FINA205_-_University_of_Calgary,1_ch1.pdf,.pdf,720,540,1.3333,slide,
FINA205_-_University_of_Calgary,20_ch10.ppt,.ppt,960,720,1.3333,slide,
FINA205_-_University_of_Calgary,21_ch11.pdf,.pdf,718,538,1.3346,slide,
FINA205_-_University_of_Calgary,22_ch11.ppt,.ppt,960,720,1.3333,slide,
FINA205_-_University_of_Calgary,23_ch12.pdf,.pdf,718,538,1.3346,slide,
FINA205_-_University_of_Calgary,24_ch12.ppt,.ppt,960,720,1.3333,slide,
FINA205_-_University_of_Calgary,2_ch1.ppt,.ppt,960,720,1.3333,slide,
FINA205_-_University_of_Calgary,3_ch2.pdf,.pdf,720,540,1.3333,slide,
FINA205_-_University_of_Calgary,4_ch2.ppt,.ppt,960,720,1.3333,slide,
FINA205_-_University_of_Calgary,5_ch3.pdf,.pdf,720,540,1.3333,slide,
FINA205_-_University_of_Calgary,6_ch3.ppt,.ppt,960,720,1.3333,slide,
FINA205_-_University_of_Calgary,7_ch4.pdf,.pdf,720,540,1.3333,slide,
FINA205_-_University_of_Calgary,8_ch4.ppt,.ppt,960,720,1.3333,slide,
FINA205_-_University_of_Calgary,9_ch5.pdf,.pdf,718,538,1.3346,slide,
FINC311_-_University_of_Delaware,1_Chapter-1-z4hod3.pdf,.pdf,720,540,1.3333,slide,
FINC311_-_University_of_Delaware,2_Chapter-2-1htgzyb.pdf,.pdf,720,540,1.3333,slide,
FINC311_-_University_of_Delaware,3_Chapter-3-1e6zb9d.pdf,.pdf,720,540,1.3333,slide,
FINC311_-_University_of_Delaware,4_Chapter-4-2io812u.pdf,.pdf,960,540,1.7778,slide,
FINN3003_-_University_of_Arkansas,10_Kapoor_Ch10.pptx,.pptx,960,720,1.3333,slide,
FINN3003_-_University_of_Arkansas,11_Kapoor_Ch11.pptx,.pptx,960,720,1.3333,slide,
FINN3003_-_University_of_Arkansas,12_Kapoor_Ch12.pptx,.pptx,960,720,1.3333,slide,
FINN3003_-_University_of_Arkansas,13_Kapoor_Ch13.pptx,.pptx,960,720,1.3333,slide,
FINN3003_-_University_of_Arkansas,14_Kapoor_Ch14.pptx,.pptx,960,720,1.3333,slide,
FINN3003_-_University_of_Arkansas,15_Kapoor_Ch15.pptx,.pptx,960,720,1.3333,slide,
FINN3003_-_University_of_Arkansas,16_Kapoor_Ch16.pptx,.pptx,960,720,1.3333,slide,
FINN3003_-_University_of_Arkansas,17_Kapoor_Ch17.pptx,.pptx,960,720,1.3333,slide,
FINN3003_-_University_of_Arkansas,18_Kapoor_Ch18.pptx,.pptx,960,720,1.3333,slide,
FINN3003_-_University_of_Arkansas,19_Kapoor_Ch19.pptx,.pptx,960,720,1.3333,slide,
FINN3003_-_University_of_Arkansas,1_Kapoor_Ch01.pptx,.pptx,960,720,1.3333,slide,
FINN3003_-_University_of_Arkansas,20_FINN3003_MF.ppt,.ppt,960,720,1.3333,slide,
FINN3003_-_University_of_Arkansas,2_Kapoor_Ch02.pptx,.pptx,960,720,1.3333,slide,
FINN3003_-_University_of_Arkansas,3_Kapoor_Ch03.pptx,.pptx,960,720,1.3333,slide,
FINN3003_-_University_of_Arkansas,4_Kapoor_Ch04.pptx,.pptx,960,720,1.3333,slide,
FINN3003_-_University_of_Arkansas,5_Kapoor_Ch05.pptx,.pptx,960,720,1.3333,slide,
FINN3003_-_University_of_Arkansas,6_Kapoor_Ch06.pptx,.pptx,960,720,1.3333,slide,
FINN3003_-_University_of_Arkansas,7_Kapoor_Ch07.pptx,.pptx,960,720,1.3333,slide,
FINN3003_-_University_of_Arkansas,8_Kapoor_Ch08.pptx,.pptx,960,720,1.3333,slide,
FINN3003_-_University_of_Arkansas,9_Kapoor_Ch09.pptx,.pptx,960,720,1.3333,slide,
FR0001_-_Tufts_University,10_10.models.pptx,.pptx,960,720,1.3333,slide,
FR0001_-_Tufts_University,11_11.visual.pptx,.pptx,960,720,1.3333,slide,
FR0001_-_Tufts_University,12_12.research.pptx,.pptx,960,720,1.3333,slide,
FR0001_-_Tufts_University,13_13.uisoftware.pptx,.pptx,960,720,1.3333,slide,
FR0001_-_Tufts_University,14_14.end.pptx,.pptx,960,720,1.3333,slide,
FR0001_-_Tufts_University,1_01.introduction.pptx,.pptx,960,720,1.3333,slide,
FR0001_-_Tufts_University,2_02.methodology.pptx,.pptx,960,720,1.3333,slide,
FR0001_-_Tufts_University,3_03.design.pptx,.pptx,960,720,1.3333,slide,
FR0001_-_Tufts_University,4_04.prototyping.pptx,.pptx,960,720,1.3333,slide,
FR0001_-_Tufts_University,5_05.evaluation.pptx,.pptx,960,720,1.3333,slide,
FR0001_-_Tufts_University,6_06.guidelines.pptx,.pptx,960,720,1.3333,slide,
FR0001_-_Tufts_University,7_07.styles.pptx,.pptx,960,720,1.3333,slide,
FR0001_-_Tufts_University,8_08.techniques.pptx,.pptx,960,720,1.3333,slide,
FR0001_-_Tufts_University,9_09.expt.pptx,.pptx,960,720,1.3333,slide,
FREN2015_-_University_of_Cincinnati,10_music5.pdf,.pdf,612,792,0.7727,document,
FREN2015_-_University_of_Cincinnati,11_1330_wk6.pdf,.pdf,960,540,1.7778,slide,
FREN2015_-_University_of_Cincinnati,12_music6.pdf,.pdf,612,792,0.7727,document,
FREN2015_-_University_of_Cincinnati,13_music7.pdf,.pdf,612,792,0.7727,document,
FREN2015_-_University_of_Cincinnati,14_music8.pdf,.pdf,612,792,0.7727,document,
FREN2015_-_University_of_Cincinnati,15_4633_egypitian_art_not_compliant.pdf,.pdf,960,540,1.7778,slide,
FREN2015_-_University_of_Cincinnati,16_aging_at_home.pdf,.pdf,960,540,1.7778,slide,
FREN2015_-_University_of_Cincinnati,17_brain_nutrition.pdf,.pdf,960,540,1.7778,slide,
FREN2015_-_University_of_Cincinnati,18_egypt_q_a.pdf,.pdf,612,792,0.7727,document,
FREN2015_-_University_of_Cincinnati,19_library.pdf,.pdf,960,540,1.7778,slide,
FREN2015_-_University_of_Cincinnati,1_1330_wk1.pdf,.pdf,960,540,1.7778,slide,
FREN2015_-_University_of_Cincinnati,20_vision.pdf,.pdf,960,540,1.7778,slide,
FREN2015_-_University_of_Cincinnati,2_music1_2.pdf,.pdf,612,792,0.7727,document,
FREN2015_-_University_of_Cincinnati,3_1330_wk2.pdf,.pdf,960,540,1.7778,slide,
FREN2015_-_University_of_Cincinnati,4_music2.pdf,.pdf,612,792,0.7727,document,
FREN2015_-_University_of_Cincinnati,5_1330_wk3.pdf,.pdf,960,540,1.7778,slide,
FREN2015_-_University_of_Cincinnati,6_music3.pdf,.pdf,612,792,0.7727,document,
FREN2015_-_University_of_Cincinnati,7_1330_wk4.pdf,.pdf,960,540,1.7778,slide,
FREN2015_-_University_of_Cincinnati,8_music4.pdf,.pdf,612,792,0.7727,document,
FREN2015_-_University_of_Cincinnati,9_1330_wk5.pdf,.pdf,960,540,1.7778,slide,
FTM280_-_Quinnipiac_University,10_Lecture6-compressed.pdf,.pdf,720,540,1.3333,slide,
FTM280_-_Quinnipiac_University,11_preLecture6.pdf,.pdf,612,792,0.7727,document,
FTM280_-_Quinnipiac_University,1_Lecture1-compressed.pdf,.pdf,720,540,1.3333,slide,
FTM280_-_Quinnipiac_University,2_Lecture2-compressed.pdf,.pdf,720,540,1.3333,slide,
FTM280_-_Quinnipiac_University,3_preLecture2.pdf,.pdf,612,792,0.7727,document,
FTM280_-_Quinnipiac_University,4_Lecture3-compressed.pdf,.pdf,720,540,1.3333,slide,
FTM280_-_Quinnipiac_University,5_preLecture3.pdf,.pdf,612,792,0.7727,document,
FTM280_-_Quinnipiac_University,6_Lecture4-compressed.pdf,.pdf,720,540,1.3333,slide,
FTM280_-_Quinnipiac_University,7_preLecture4.pdf,.pdf,612,792,0.7727,document,
FTM280_-_Quinnipiac_University,8_Lecture5-compressed.pdf,.pdf,720,540,1.3333,slide,
FTM280_-_Quinnipiac_University,9_preLecture5.pdf,.pdf,612,792,0.7727,document,
GEB4890_-_Florida_Gulf_Coast_University,10_4890_CH10.ppt,.ppt,960,720,1.3333,slide,
GEB4890_-_Florida_Gulf_Coast_University,11_4890_CH11.ppt,.ppt,960,720,1.3333,slide,
GEB4890_-_Florida_Gulf_Coast_University,12_4890_CH12.ppt,.ppt,960,720,1.3333,slide,
GEB4890_-_Florida_Gulf_Coast_University,13_4890_CH13.ppt,.ppt,960,720,1.3333,slide,
GEB4890_-_Florida_Gulf_Coast_University,14_4890_CH14.ppt,.ppt,960,720,1.3333,slide,
GEB4890_-_Florida_Gulf_Coast_University,15_BSG.ppt,.ppt,960,720,1.3333,slide,
GEB4890_-_Florida_Gulf_Coast_University,16_COB_mission.ppt,.ppt,960,720,1.3333,slide,
GEB4890_-_Florida_Gulf_Coast_University,17_The_Best_and_Worst_Boards.ppt,.ppt,960,720,1.3333,slide,
GEB4890_-_Florida_Gulf_Coast_University,18_cases.ppt,.ppt,960,720,1.3333,slide,
GEB4890_-_Florida_Gulf_Coast_University,1_4890_CH01.ppt,.ppt,960,720,1.3333,slide,
GEB4890_-_Florida_Gulf_Coast_University,2_4890_CH02.ppt,.ppt,960,720,1.3333,slide,
GEB4890_-_Florida_Gulf_Coast_University,3_4890_CH03.ppt,.ppt,960,720,1.3333,slide,
GEB4890_-_Florida_Gulf_Coast_University,4_4890_CH04.ppt,.ppt,960,720,1.3333,slide,
GEB4890_-_Florida_Gulf_Coast_University,5_4890_CH05.ppt,.ppt,960,720,1.3333,slide,
GEB4890_-_Florida_Gulf_Coast_University,6_4890_CH06.ppt,.ppt,960,720,1.3333,slide,
GEB4890_-_Florida_Gulf_Coast_University,7_4890_CH07.ppt,.ppt,960,720,1.3333,slide,
GEB4890_-_Florida_Gulf_Coast_University,8_4890_CH08.ppt,.ppt,960,720,1.3333,slide,
GEB4890_-_Florida_Gulf_Coast_University,9_4890_CH09.ppt,.ppt,960,720,1.3333,slide,
GEOG451_-_University_of_Calgary,10_ch5.ppt,.ppt,960,720,1.3333,slide,
GEOG451_-_University_of_Calgary,11_ch6.pdf,.pdf,718,538,1.3346,slide,
GEOG451_-_University_of_Calgary,12_ch6.ppt,.ppt,960,720,1.3333,slide,
GEOG451_-_University_of_Calgary,13_ch7.pdf,.pdf,718,538,1.3346,slide,
GEOG451_-_University_of_Calgary,14_ch7v2.ppt,.ppt,960,720,1.3333,slide,
GEOG451_-_University_of_Calgary,15_ch8.pdf,.pdf,720,540,1.3333,slide,
GEOG451_-_University_of_Calgary,16_ch8.ppt,.ppt,960,720,1.3333,slide,
GEOG451_-_University_of_Calgary,17_ch9.pdf,.pdf,720,540,1.3333,slide,
GEOG451_-_University_of_Calgary,18_ch9.ppt,.ppt,960,720,1.3333,slide,
GEOG451_-_University_of_Calgary,19_ch10.pdf,.pdf,720,540,1.3333,slide,
GEOG451_-_University_of_Calgary,1_ch1.pdf,.pdf,720,540,1.3333,slide,
GEOG451_-_University_of_Calgary,20_ch10.ppt,.ppt,960,720,1.3333,slide,
GEOG451_-_University_of_Calgary,21_ch11.pdf,.pdf,718,538,1.3346,slide,
GEOG451_-_University_of_Calgary,22_ch11.ppt,.ppt,960,720,1.3333,slide,
GEOG451_-_University_of_Calgary,23_ch12.pdf,.pdf,718,538,1.3346,slide,
GEOG451_-_University_of_Calgary,24_ch12.ppt,.ppt,960,720,1.3333,slide,
GEOG451_-_University_of_Calgary,2_ch1.ppt,.ppt,960,720,1.3333,slide,
GEOG451_-_University_of_Calgary,3_ch2.pdf,.pdf,720,540,1.3333,slide,
GEOG451_-_University_of_Calgary,4_ch2.ppt,.ppt,960,720,1.3333,slide,
GEOG451_-_University_of_Calgary,5_ch3.pdf,.pdf,720,540,1.3333,slide,
GEOG451_-_University_of_Calgary,6_ch3.ppt,.ppt,960,720,1.3333,slide,
GEOG451_-_University_of_Calgary,7_ch4.pdf,.pdf,720,540,1.3333,slide,
GEOG451_-_University_of_Calgary,8_ch4.ppt,.ppt,960,720,1.3333,slide,
GEOG451_-_University_of_Calgary,9_ch5.pdf,.pdf,718,538,1.3346,slide,
GEOG5171C_-_University_of_Cincinnati,10_music5.pdf,.pdf,612,792,0.7727,document,
GEOG5171C_-_University_of_Cincinnati,11_1330_wk6.pdf,.pdf,960,540,1.7778,slide,
GEOG5171C_-_University_of_Cincinnati,12_music6.pdf,.pdf,612,792,0.7727,document,
GEOG5171C_-_University_of_Cincinnati,13_music7.pdf,.pdf,612,792,0.7727,document,
GEOG5171C_-_University_of_Cincinnati,14_music8.pdf,.pdf,612,792,0.7727,document,
GEOG5171C_-_University_of_Cincinnati,15_4633_egypitian_art_not_compliant.pdf,.pdf,960,540,1.7778,slide,
GEOG5171C_-_University_of_Cincinnati,16_aging_at_home.pdf,.pdf,960,540,1.7778,slide,
GEOG5171C_-_University_of_Cincinnati,17_brain_nutrition.pdf,.pdf,960,540,1.7778,slide,
GEOG5171C_-_University_of_Cincinnati,18_egypt_q_a.pdf,.pdf,612,792,0.7727,document,
GEOG5171C_-_University_of_Cincinnati,19_library.pdf,.pdf,960,540,1.7778,slide,
GEOG5171C_-_University_of_Cincinnati,1_1330_wk1.pdf,.pdf,960,540,1.7778,slide,
GEOG5171C_-_University_of_Cincinnati,20_vision.pdf,.pdf,960,540,1.7778,slide,
GEOG5171C_-_University_of_Cincinnati,2_music1_2.pdf,.pdf,612,792,0.7727,document,
GEOG5171C_-_University_of_Cincinnati,3_1330_wk2.pdf,.pdf,960,540,1.7778,slide,
GEOG5171C_-_University_of_Cincinnati,4_music2.pdf,.pdf,612,792,0.7727,document,
GEOG5171C_-_University_of_Cincinnati,5_1330_wk3.pdf,.pdf,960,540,1.7778,slide,
GEOG5171C_-_University_of_Cincinnati,6_music3.pdf,.pdf,612,792,0.7727,document,
GEOG5171C_-_University_of_Cincinnati,7_1330_wk4.pdf,.pdf,960,540,1.7778,slide,
GEOG5171C_-_University_of_Cincinnati,8_music4.pdf,.pdf,612,792,0.7727,document,
GEOG5171C_-_University_of_Cincinnati,9_1330_wk5.pdf,.pdf,960,540,1.7778,slide,
GEOL161_-_University_of_Cincinnati,10_music5.pdf,.pdf,612,792,0.7727,document,
GEOL161_-_University_of_Cincinnati,11_1330_wk6.pdf,.pdf,960,540,1.7778,slide,
GEOL161_-_University_of_Cincinnati,12_music6.pdf,.pdf,612,792,0.7727,document,
GEOL161_-_University_of_Cincinnati,13_music7.pdf,.pdf,612,792,0.7727,document,
GEOL161_-_University_of_Cincinnati,14_music8.pdf,.pdf,612,792,0.7727,document,
GEOL161_-_University_of_Cincinnati,15_4633_egypitian_art_not_compliant.pdf,.pdf,960,540,1.7778,slide,
GEOL161_-_University_of_Cincinnati,16_aging_at_home.pdf,.pdf,960,540,1.7778,slide,
GEOL161_-_University_of_Cincinnati,17_brain_nutrition.pdf,.pdf,960,540,1.7778,slide,
GEOL161_-_University_of_Cincinnati,18_egypt_q_a.pdf,.pdf,612,792,0.7727,document,
GEOL161_-_University_of_Cincinnati,19_library.pdf,.pdf,960,540,1.7778,slide,
GEOL161_-_University_of_Cincinnati,1_1330_wk1.pdf,.pdf,960,540,1.7778,slide,
GEOL161_-_University_of_Cincinnati,20_vision.pdf,.pdf,960,540,1.7778,slide,
GEOL161_-_University_of_Cincinnati,2_music1_2.pdf,.pdf,612,792,0.7727,document,
GEOL161_-_University_of_Cincinnati,3_1330_wk2.pdf,.pdf,960,540,1.7778,slide,
GEOL161_-_University_of_Cincinnati,4_music2.pdf,.pdf,612,792,0.7727,document,
GEOL161_-_University_of_Cincinnati,5_1330_wk3.pdf,.pdf,960,540,1.7778,slide,
GEOL161_-_University_of_Cincinnati,6_music3.pdf,.pdf,612,792,0.7727,document,
GEOL161_-_University_of_Cincinnati,7_1330_wk4.pdf,.pdf,960,540,1.7778,slide,
GEOL161_-_University_of_Cincinnati,8_music4.pdf,.pdf,612,792,0.7727,document,
GEOL161_-_University_of_Cincinnati,9_1330_wk5.pdf,.pdf,960,540,1.7778,slide,
GLGY297_-_University_of_Calgary,10_ch5.ppt,.ppt,960,720,1.3333,slide,
GLGY297_-_University_of_Calgary,11_ch6.pdf,.pdf,718,538,1.3346,slide,
GLGY297_-_University_of_Calgary,12_ch6.ppt,.ppt,960,720,1.3333,slide,
GLGY297_-_University_of_Calgary,13_ch7.pdf,.pdf,718,538,1.3346,slide,
GLGY297_-_University_of_Calgary,14_ch7v2.ppt,.ppt,960,720,1.3333,slide,
GLGY297_-_University_of_Calgary,15_ch8.pdf,.pdf,720,540,1.3333,slide,
GLGY297_-_University_of_Calgary,16_ch8.ppt,.ppt,960,720,1.3333,slide,
GLGY297_-_University_of_Calgary,17_ch9.pdf,.pdf,720,540,1.3333,slide,
GLGY297_-_University_of_Calgary,18_ch9.ppt,.ppt,960,720,1.3333,slide,
GLGY297_-_University_of_Calgary,19_ch10.pdf,.pdf,720,540,1.3333,slide,
GLGY297_-_University_of_Calgary,1_ch1.pdf,.pdf,720,540,1.3333,slide,
GLGY297_-_University_of_Calgary,20_ch10.ppt,.ppt,960,720,1.3333,slide,
GLGY297_-_University_of_Calgary,21_ch11.pdf,.pdf,718,538,1.3346,slide,
GLGY297_-_University_of_Calgary,22_ch11.ppt,.ppt,960,720,1.3333,slide,
GLGY297_-_University_of_Calgary,23_ch12.pdf,.pdf,718,538,1.3346,slide,
GLGY297_-_University_of_Calgary,24_ch12.ppt,.ppt,960,720,1.3333,slide,
GLGY297_-_University_of_Calgary,2_ch1.ppt,.ppt,960,720,1.3333,slide,
GLGY297_-_University_of_Calgary,3_ch2.pdf,.pdf,720,540,1.3333,slide,
GLGY297_-_University_of_Calgary,4_ch2.ppt,.ppt,960,720,1.3333,slide,
GLGY297_-_University_of_Calgary,5_ch3.pdf,.pdf,720,540,1.3333,slide,
GLGY297_-_University_of_Calgary,6_ch3.ppt,.ppt,960,720,1.3333,slide,
GLGY297_-_University_of_Calgary,7_ch4.pdf,.pdf,720,540,1.3333,slide,
GLGY297_-_University_of_Calgary,8_ch4.ppt,.ppt,960,720,1.3333,slide,
GLGY297_-_University_of_Calgary,9_ch5.pdf,.pdf,718,538,1.3346,slide,
GLGY443_-_University_of_Calgary,10_Chapter5-v8.pptx,.pptx,1280,720,1.7778,slide,
GLGY443_-_University_of_Calgary,11_Chapter6-v8.pdf,.pdf,960,540,1.7778,slide,
GLGY443_-_University_of_Calgary,12_Chapter6-v8.pptx,.pptx,1280,720,1.7778,slide,
GLGY443_-_University_of_Calgary,13_Chapter7-v8.pdf,.pdf,960,540,1.7778,slide,
GLGY443_-_University_of_Calgary,14_Chapter7-v8.pptx,.pptx,1280,720,1.7778,slide,
GLGY443_-_University_of_Calgary,15_HTTP-TCP.pdf,.pdf,720,540,1.3333,slide,
GLGY443_-_University_of_Calgary,16_HTTP-TCP.pptx,.pptx,960,720,1.3333,slide,
GLGY443_-_University_of_Calgary,17_Highlights-v1.pdf,.pdf,720,540,1.3333,slide,
GLGY443_-_University_of_Calgary,18_Intro441.pdf,.pdf,720,540,1.3333,slide,
GLGY443_-_University_of_Calgary,19_Intro441.ppt,.ppt,960,720,1.3333,slide,
GLGY443_-_University_of_Calgary,1_Chapter1-v8.pdf,.pdf,960,540,1.7778,slide,
GLGY443_-_University_of_Calgary,20_NetworkBasics.pdf,.pdf,720,540,1.3333,slide,
GLGY443_-_University_of_Calgary,21_NetworkBasics.pptx,.pptx,960,720,1.3333,slide,
GLGY443_-_University_of_Calgary,23_tcptrace-annotated.pdf,.pdf,612,792,0.7727,document,
GLGY443_-_University_of_Calgary,2_Chapter1-v8.pptx,.pptx,1280,720,1.7778,slide,
GLGY443_-_University_of_Calgary,3_Chapter2-v8.pdf,.pdf,960,540,1.7778,slide,
GLGY443_-_University_of_Calgary,4_Chapter2-v8.pptx,.pptx,1280,720,1.7778,slide,
GLGY443_-_University_of_Calgary,5_Chapter3-v8.pdf,.pdf,960,540,1.7778,slide,
GLGY443_-_University_of_Calgary,6_Chapter3-v8.pptx,.pptx,1280,720,1.7778,slide,
GLGY443_-_University_of_Calgary,7_Chapter4-v8.pdf,.pdf,960,540,1.7778,slide,
GLGY443_-_University_of_Calgary,8_Chapter4-v8.pptx,.pptx,1280,720,1.7778,slide,
GLGY443_-_University_of_Calgary,9_Chapter5-v8.pdf,.pdf,960,540,1.7778,slide,
HI539_-_Boston_University,10_10_TertQuatProteinStruct25.pdf,.pdf,612,792,0.7727,document,
HI539_-_Boston_University,11_11a_TertQuatProteinStruct25.pdf,.pdf,612,792,0.7727,document,
HI539_-_Boston_University,12_12a_TertQuatProteinStructCollagen25.pdf,.pdf,612,792,0.7727,document,
HI539_-_Boston_University,13_12b_Enzymes25.pdf,.pdf,612,792,0.7727,document,
HI539_-_Boston_University,14_13_Enzymes25.pdf,.pdf,612,792,0.7727,document,
HI539_-_Boston_University,15_14_Enzymes25.pdf,.pdf,612,792,0.7727,document,
HI539_-_Boston_University,16_15_Enzymes25.pdf,.pdf,612,792,0.7727,document,
HI539_-_Boston_University,17_16ab_Enzymes25.pdf,.pdf,612,792,0.7727,document,
HI539_-_Boston_University,18_17_Enzymes_Regulation25.pdf,.pdf,612,792,0.7727,document,
HI539_-_Boston_University,19_18_EnzymesRegulation25_backup.pdf,.pdf,612,792,0.7727,document,
HI539_-_Boston_University,1_1_IntroThermo25.pdf,.pdf,612,792,0.7727,document,
HI539_-_Boston_University,20_19_Hemoglobin25.pdf,.pdf,612,792,0.7727,document,
HI539_-_Boston_University,21_20a_ProteinStabFolding25.pdf,.pdf,612,792,0.7727,document,
HI539_-_Boston_University,22_20b_ProteinStabFolding25.pdf,.pdf,612,792,0.7727,document,
HI539_-_Boston_University,23_21_Carbohydrates_25.pdf,.pdf,612,792,0.7727,document,
HI539_-_Boston_University,24_22_Carbohydrates_25.pdf,.pdf,612,792,0.7727,document,
HI539_-_Boston_University,25_23ab_Carbohydrates_25.pdf,.pdf,612,792,0.7727,document,
HI539_-_Boston_University,26_24_NucleicAcids_Intro25.pdf,.pdf,612,792,0.7727,document,
HI539_-_Boston_University,27_25_NucleicAcids_Intro25.pdf,.pdf,612,792,0.7727,document,
HI539_-_Boston_University,28_26a_NucleicAcids_Intro25.pdf,.pdf,612,792,0.7727,document,
HI539_-_Boston_University,29_26b_recDNA25.pdf,.pdf,612,792,0.7727,document,
HI539_-_Boston_University,2_2ab_WaterMolecForcespH25.pdf,.pdf,612,792,0.7727,document,
HI539_-_Boston_University,30_27_Replication_v4_25.pdf,.pdf,612,792,0.7727,document,
HI539_-_Boston_University,31_27a_recDNA25.pdf,.pdf,612,792,0.7727,document,
HI539_-_Boston_University,32_28ab_TranscriptionTranslation25.pdf,.pdf,612,792,0.7727,document,
HI539_-_Boston_University,33_29_Lipids_Membranes25.pdf,.pdf,612,792,0.7727,document,
HI539_-_Boston_University,34_30_Lipids_Membranes25.pdf,.pdf,612,792,0.7727,document,
HI539_-_Boston_University,35_31a_Lipids_Membranes25.pdf,.pdf,612,792,0.7727,document,
HI539_-_Boston_University,36_31b_Vitamins_Bioenergetics25.pdf,.pdf,612,792,0.7727,document,
HI539_-_Boston_University,37_32_Vitamins_Bioenergetics25.pdf,.pdf,612,792,0.7727,document,
HI539_-_Boston_University,38_0_Intro421_2025.pdf,.pdf,612,792,0.7727,document,
HI539_-_Boston_University,3_3_ProteinsIntro25.pdf,.pdf,612,792,0.7727,document,
HI539_-_Boston_University,4_4_5_AminoAcids25.pdf,.pdf,612,792,0.7727,document,
HI539_-_Boston_University,5_5ab_AminoAcids25.pdf,.pdf,612,792,0.7727,document,
HI539_-_Boston_University,6_6_ProteinPurif25.pdf,.pdf,612,792,0.7727,document,
HI539_-_Boston_University,7_7_ProtStruct25.pdf,.pdf,612,792,0.7727,document,
HI539_-_Boston_University,8_8_ProtStruct.pdf,.pdf,612,792,0.7727,document,
HI539_-_Boston_University,9_9_ProtStruct.pdf,.pdf,612,792,0.7727,document,
HIST1089_-_University_of_Cincinnati,10_music5.pdf,.pdf,612,792,0.7727,document,
HIST1089_-_University_of_Cincinnati,11_1330_wk6.pdf,.pdf,960,540,1.7778,slide,
HIST1089_-_University_of_Cincinnati,12_music6.pdf,.pdf,612,792,0.7727,document,
HIST1089_-_University_of_Cincinnati,13_music7.pdf,.pdf,612,792,0.7727,document,
HIST1089_-_University_of_Cincinnati,14_music8.pdf,.pdf,612,792,0.7727,document,
HIST1089_-_University_of_Cincinnati,15_4633_egypitian_art_not_compliant.pdf,.pdf,960,540,1.7778,slide,
HIST1089_-_University_of_Cincinnati,16_aging_at_home.pdf,.pdf,960,540,1.7778,slide,
HIST1089_-_University_of_Cincinnati,17_brain_nutrition.pdf,.pdf,960,540,1.7778,slide,
HIST1089_-_University_of_Cincinnati,18_egypt_q_a.pdf,.pdf,612,792,0.7727,document,
HIST1089_-_University_of_Cincinnati,19_library.pdf,.pdf,960,540,1.7778,slide,
HIST1089_-_University_of_Cincinnati,1_1330_wk1.pdf,.pdf,960,540,1.7778,slide,
HIST1089_-_University_of_Cincinnati,20_vision.pdf,.pdf,960,540,1.7778,slide,
HIST1089_-_University_of_Cincinnati,2_music1_2.pdf,.pdf,612,792,0.7727,document,
HIST1089_-_University_of_Cincinnati,3_1330_wk2.pdf,.pdf,960,540,1.7778,slide,
HIST1089_-_University_of_Cincinnati,4_music2.pdf,.pdf,612,792,0.7727,document,
HIST1089_-_University_of_Cincinnati,5_1330_wk3.pdf,.pdf,960,540,1.7778,slide,
HIST1089_-_University_of_Cincinnati,6_music3.pdf,.pdf,612,792,0.7727,document,
HIST1089_-_University_of_Cincinnati,7_1330_wk4.pdf,.pdf,960,540,1.7778,slide,
HIST1089_-_University_of_Cincinnati,8_music4.pdf,.pdf,612,792,0.7727,document,
HIST1089_-_University_of_Cincinnati,9_1330_wk5.pdf,.pdf,960,540,1.7778,slide,
HIST165A_-_Stanford_University,10_Lecture6-compressed.pdf,.pdf,720,540,1.3333,slide,
HIST165A_-_Stanford_University,11_preLecture6.pdf,.pdf,612,792,0.7727,document,
HIST165A_-_Stanford_University,12_Lecture7-compressed.pdf,.pdf,720,540,1.3333,slide,
HIST165A_-_Stanford_University,13_preLecture7.pdf,.pdf,612,792,0.7727,document,
HIST165A_-_Stanford_University,14_Lecture8-compressed.pdf,.pdf,720,540,1.3333,slide,
HIST165A_-_Stanford_University,15_preLecture8.pdf,.pdf,612,792,0.7727,document,
HIST165A_-_Stanford_University,16_Lecture9-compressed.pdf,.pdf,720,540,1.3333,slide,
HIST165A_-_Stanford_University,17_preLecture9.pdf,.pdf,612,792,0.7727,document,
HIST165A_-_Stanford_University,18_Lecture10-compressed.pdf,.pdf,720,540,1.3333,slide,
HIST165A_-_Stanford_University,19_preLecture10.pdf,.pdf,612,792,0.7727,document,
HIST165A_-_Stanford_University,1_Lecture1-compressed.pdf,.pdf,720,540,1.3333,slide,
HIST165A_-_Stanford_University,20_Lecture11-compressed.pdf,.pdf,720,540,1.3333,slide,
HIST165A_-_Stanford_University,21_preLecture11.pdf,.pdf,612,792,0.7727,document,
HIST165A_-_Stanford_University,22_Lecture12-compressed.pdf,.pdf,720,540,1.3333,slide,
HIST165A_-_Stanford_University,23_preLecture12.pdf,.pdf,612,792,0.7727,document,
HIST165A_-_Stanford_University,24_Lecture13-compressed.pdf,.pdf,720,540,1.3333,slide,
HIST165A_-_Stanford_University,25_preLecture13.pdf,.pdf,612,792,0.7727,document,
HIST165A_-_Stanford_University,26_Lecture14-compressed.pdf,.pdf,720,540,1.3333,slide,
HIST165A_-_Stanford_University,27_preLecture14.pdf,.pdf,612,792,0.7727,document,
HIST165A_-_Stanford_University,28_Lecture15-compressed.pdf,.pdf,720,540,1.3333,slide,
HIST165A_-_Stanford_University,29_preLecture15.pdf,.pdf,612,792,0.7727,document,
HIST165A_-_Stanford_University,2_Lecture2-compressed.pdf,.pdf,720,540,1.3333,slide,
HIST165A_-_Stanford_University,30_Lecture16-compressed.pdf,.pdf,720,540,1.3333,slide,
HIST165A_-_Stanford_University,31_preLecture16.pdf,.pdf,612,792,0.7727,document,
HIST165A_-_Stanford_University,32_Lecture17-compressed.pdf,.pdf,720,540,1.3333,slide,
HIST165A_-_Stanford_University,33_Abstraction_and_Idealization.pdf,.pdf,720,405,1.7778,slide,
HIST165A_-_Stanford_University,34_Incommensurability_WickedProblems_Discretion-1-14.pdf,.pdf,960,540,1.7778,slide,
HIST165A_-_Stanford_University,3_preLecture2.pdf,.pdf,612,792,0.7727,document,
HIST165A_-_Stanford_University,4_Lecture3-compressed.pdf,.pdf,720,540,1.3333,slide,
HIST165A_-_Stanford_University,5_preLecture3.pdf,.pdf,612,792,0.7727,document,
HIST165A_-_Stanford_University,6_Lecture4-compressed.pdf,.pdf,720,540,1.3333,slide,
HIST165A_-_Stanford_University,7_preLecture4.pdf,.pdf,612,792,0.7727,document,
HIST165A_-_Stanford_University,8_Lecture5-compressed.pdf,.pdf,720,540,1.3333,slide,
HIST165A_-_Stanford_University,9_preLecture5.pdf,.pdf,612,792,0.7727,document,
HIST166B_-_Stanford_University,10_lecture4-slides.pdf,.pdf,720,540,1.3333,slide,
HIST166B_-_Stanford_University,11_lecture4-slides.pptx,.pptx,960,720,1.3333,slide,
HIST166B_-_Stanford_University,12_lecture5-pre.pdf,.pdf,612,792,0.7727,document,
HIST166B_-_Stanford_University,13_lecture5-slides.pdf,.pdf,720,540,1.3333,slide,
HIST166B_-_Stanford_University,14_lecture5-slides.pptx,.pptx,960,720,1.3333,slide,
HIST166B_-_Stanford_University,15_lecture6-pre.pdf,.pdf,612,792,0.7727,document,
HIST166B_-_Stanford_University,16_lecture6-slides.pdf,.pdf,720,540,1.3333,slide,
HIST166B_-_Stanford_University,17_lecture6-slides.pptx,.pptx,960,720,1.3333,slide,
HIST166B_-_Stanford_University,18_lecture7-pre.pdf,.pdf,612,792,0.7727,document,
HIST166B_-_Stanford_University,19_lecture7-slides.pdf,.pdf,720,540,1.3333,slide,
HIST166B_-_Stanford_University,1_lecture1-slides.pdf,.pdf,720,540,1.3333,slide,
HIST166B_-_Stanford_University,20_lecture7-slides.pptx,.pptx,960,720,1.3333,slide,
HIST166B_-_Stanford_University,21_lecture8-pre.pdf,.pdf,612,792,0.7727,document,
HIST166B_-_Stanford_University,22_lecture8-slides.pdf,.pdf,720,540,1.3333,slide,
HIST166B_-_Stanford_University,23_lecture8-slides.pptx,.pptx,960,720,1.3333,slide,
HIST166B_-_Stanford_University,24_lecture9-pre.pdf,.pdf,612,792,0.7727,document,
HIST166B_-_Stanford_University,25_lecture9-slides.pdf,.pdf,720,540,1.3333,slide,
HIST166B_-_Stanford_University,26_lecture9-slides.pptx,.pptx,960,720,1.3333,slide,
HIST166B_-_Stanford_University,27_lecture10-pre.pdf,.pdf,612,792,0.7727,document,
HIST166B_-_Stanford_University,28_lecture10-slides.pdf,.pdf,720,540,1.3333,slide,
HIST166B_-_Stanford_University,29_lecture10-slides.pptx,.pptx,960,720,1.3333,slide,
HIST166B_-_Stanford_University,2_lecture1-slides.pptx,.pptx,960,720,1.3333,slide,
HIST166B_-_Stanford_University,30_lecture11-pre.pdf,.pdf,612,792,0.7727,document,
HIST166B_-_Stanford_University,31_lecture11-slides.pdf,.pdf,720,540,1.3333,slide,
HIST166B_-_Stanford_University,32_lecture11-slides.pptx,.pptx,960,720,1.3333,slide,
HIST166B_-_Stanford_University,33_lecture12-pre.pdf,.pdf,612,792,0.7727,document,
HIST166B_-_Stanford_University,34_lecture12-slides.pdf,.pdf,720,540,1.3333,slide,
HIST166B_-_Stanford_University,35_lecture12-slides.pptx,.pptx,960,720,1.3333,slide,
HIST166B_-_Stanford_University,36_lecture13-slides.pdf,.pdf,720,540,1.3333,slide,
HIST166B_-_Stanford_University,37_lecture13-slides.pptx,.pptx,960,720,1.3333,slide,
HIST166B_-_Stanford_University,38_lecture14-pre.pdf,.pdf,612,792,0.7727,document,
HIST166B_-_Stanford_University,39_lecture14-slides.pdf,.pdf,720,540,1.3333,slide,
HIST166B_-_Stanford_University,3_lecture2-pre.pdf,.pdf,612,792,0.7727,document,
HIST166B_-_Stanford_University,40_lecture14-slides.pptx,.pptx,960,720,1.3333,slide,
HIST166B_-_Stanford_University,41_lecture15-pre.pdf,.pdf,612,792,0.7727,document,
HIST166B_-_Stanford_University,42_lecture15-slides.pdf,.pdf,720,540,1.3333,slide,
HIST166B_-_Stanford_University,43_lecture15-slides.pptx,.pptx,960,720,1.3333,slide,
HIST166B_-_Stanford_University,44_lecture16-pre.pdf,.pdf,612,792,0.7727,document,
HIST166B_-_Stanford_University,45_lecture16-slides.pdf,.pdf,720,540,1.3333,slide,
HIST166B_-_Stanford_University,46_lecture16-slides.pptx,.pptx,960,720,1.3333,slide,
HIST166B_-_Stanford_University,47_lecture17-pre.pdf,.pdf,612,792,0.7727,document,
HIST166B_-_Stanford_University,48_lecture17-slides.pdf,.pdf,720,540,1.3333,slide,
HIST166B_-_Stanford_University,49_lecture17-slides.pptx,.pptx,960,720,1.3333,slide,
HIST166B_-_Stanford_University,4_lecture2-slides.pdf,.pdf,720,540,1.3333,slide,
HIST166B_-_Stanford_University,50_lecture18-slides.pdf,.pdf,720,540,1.3333,slide,
HIST166B_-_Stanford_University,51_lecture18-slides.pptx,.pptx,960,720,1.3333,slide,
HIST166B_-_Stanford_University,5_lecture2-slides.pptx,.pptx,960,720,1.3333,slide,
HIST166B_-_Stanford_University,6_lecture3-pre.pdf,.pdf,612,792,0.7727,document,
HIST166B_-_Stanford_University,7_lecture3-slides.pdf,.pdf,720,540,1.3333,slide,
HIST166B_-_Stanford_University,8_lecture3-slides.pptx,.pptx,960,720,1.3333,slide,
HIST166B_-_Stanford_University,9_lecture4-pre.pdf,.pdf,612,792,0.7727,document,
HIST2067_-_University_of_Cincinnati,10_music5.pdf,.pdf,612,792,0.7727,document,
HIST2067_-_University_of_Cincinnati,11_1330_wk6.pdf,.pdf,960,540,1.7778,slide,
HIST2067_-_University_of_Cincinnati,12_music6.pdf,.pdf,612,792,0.7727,document,
HIST2067_-_University_of_Cincinnati,13_music7.pdf,.pdf,612,792,0.7727,document,
HIST2067_-_University_of_Cincinnati,14_music8.pdf,.pdf,612,792,0.7727,document,
HIST2067_-_University_of_Cincinnati,15_4633_egypitian_art_not_compliant.pdf,.pdf,960,540,1.7778,slide,
HIST2067_-_University_of_Cincinnati,16_aging_at_home.pdf,.pdf,960,540,1.7778,slide,
HIST2067_-_University_of_Cincinnati,17_brain_nutrition.pdf,.pdf,960,540,1.7778,slide,
HIST2067_-_University_of_Cincinnati,18_egypt_q_a.pdf,.pdf,612,792,0.7727,document,
HIST2067_-_University_of_Cincinnati,19_library.pdf,.pdf,960,540,1.7778,slide,
HIST2067_-_University_of_Cincinnati,1_1330_wk1.pdf,.pdf,960,540,1.7778,slide,
HIST2067_-_University_of_Cincinnati,20_vision.pdf,.pdf,960,540,1.7778,slide,
HIST2067_-_University_of_Cincinnati,2_music1_2.pdf,.pdf,612,792,0.7727,document,
HIST2067_-_University_of_Cincinnati,3_1330_wk2.pdf,.pdf,960,540,1.7778,slide,
HIST2067_-_University_of_Cincinnati,4_music2.pdf,.pdf,612,792,0.7727,document,
HIST2067_-_University_of_Cincinnati,5_1330_wk3.pdf,.pdf,960,540,1.7778,slide,
HIST2067_-_University_of_Cincinnati,6_music3.pdf,.pdf,612,792,0.7727,document,
HIST2067_-_University_of_Cincinnati,7_1330_wk4.pdf,.pdf,960,540,1.7778,slide,
HIST2067_-_University_of_Cincinnati,8_music4.pdf,.pdf,612,792,0.7727,document,
HIST2067_-_University_of_Cincinnati,9_1330_wk5.pdf,.pdf,960,540,1.7778,slide,
HS810_-_Purdue_University,1_2-Mod1_NQ_2019.pdf,.pdf,612,792,0.7727,document,
HS810_-_Purdue_University,2_2-Mod2_NQ_2019.pdf,.pdf,612,792,0.7727,document,
HS810_-_Purdue_University,3_2-Mod3_LS_2019.pdf,.pdf,612,792,0.7727,document,
HS810_-_Purdue_University,4_2-Mod3_NQ_2019.pdf,.pdf,612,792,0.7727,document,
HS810_-_Purdue_University,5_2-Mod4_LS_2019.pdf,.pdf,612,792,0.7727,document,
HS810_-_Purdue_University,6_2-Mod4_NQ_2019.pdf,.pdf,612,792,0.7727,document,
HS810_-_Purdue_University,7_pu_ddpp-5E-supplement_copyright_DGMeyer_2018.pdf,.pdf,612,792,0.7727,document,
HTST406_-_University_of_Calgary,10_ch5.ppt,.ppt,960,720,1.3333,slide,
HTST406_-_University_of_Calgary,11_ch6.pdf,.pdf,718,538,1.3346,slide,
HTST406_-_University_of_Calgary,12_ch6.ppt,.ppt,960,720,1.3333,slide,
HTST406_-_University_of_Calgary,13_ch7.pdf,.pdf,718,538,1.3346,slide,
HTST406_-_University_of_Calgary,14_ch7v2.ppt,.ppt,960,720,1.3333,slide,
HTST406_-_University_of_Calgary,15_ch8.pdf,.pdf,720,540,1.3333,slide,
HTST406_-_University_of_Calgary,16_ch8.ppt,.ppt,960,720,1.3333,slide,
HTST406_-_University_of_Calgary,17_ch9.pdf,.pdf,720,540,1.3333,slide,
HTST406_-_University_of_Calgary,18_ch9.ppt,.ppt,960,720,1.3333,slide,
HTST406_-_University_of_Calgary,19_ch10.pdf,.pdf,720,540,1.3333,slide,
HTST406_-_University_of_Calgary,1_ch1.pdf,.pdf,720,540,1.3333,slide,
HTST406_-_University_of_Calgary,20_ch10.ppt,.ppt,960,720,1.3333,slide,
HTST406_-_University_of_Calgary,21_ch11.pdf,.pdf,718,538,1.3346,slide,
HTST406_-_University_of_Calgary,22_ch11.ppt,.ppt,960,720,1.3333,slide,
HTST406_-_University_of_Calgary,23_ch12.pdf,.pdf,718,538,1.3346,slide,
HTST406_-_University_of_Calgary,24_ch12.ppt,.ppt,960,720,1.3333,slide,
HTST406_-_University_of_Calgary,2_ch1.ppt,.ppt,960,720,1.3333,slide,
HTST406_-_University_of_Calgary,3_ch2.pdf,.pdf,720,540,1.3333,slide,
HTST406_-_University_of_Calgary,4_ch2.ppt,.ppt,960,720,1.3333,slide,
HTST406_-_University_of_Calgary,5_ch3.pdf,.pdf,720,540,1.3333,slide,
HTST406_-_University_of_Calgary,6_ch3.ppt,.ppt,960,720,1.3333,slide,
HTST406_-_University_of_Calgary,7_ch4.pdf,.pdf,720,540,1.3333,slide,
HTST406_-_University_of_Calgary,8_ch4.ppt,.ppt,960,720,1.3333,slide,
HTST406_-_University_of_Calgary,9_ch5.pdf,.pdf,718,538,1.3346,slide,
IBUS300_-_American_University,10_Intl_Monetary_System_Ch._10.ppt,.ppt,960,720,1.3333,slide,
IBUS300_-_American_University,11_Strategy_Ch._11.ppt,.ppt,960,720,1.3333,slide,
IBUS300_-_American_University,12_Market_Entry_Ch._12.ppt,.ppt,960,720,1.3333,slide,
IBUS300_-_American_University,13_Ex-Im_Countertrade_Ch._13.ppt,.ppt,960,720,1.3333,slide,
IBUS300_-_American_University,14_Production_Outsourcing_Logistics_Ch._14.ppt,.ppt,960,720,1.3333,slide,
IBUS300_-_American_University,15_Marketing_Ch._15.ppt,.ppt,960,720,1.3333,slide,
IBUS300_-_American_University,16_HRM_Ch.16.ppt,.ppt,960,720,1.3333,slide,
IBUS300_-_American_University,1_Globalization_Ch_1.ppt,.ppt,960,720,1.3333,slide,
IBUS300_-_American_University,2_Political_Economies_Ch._2.ppt,.ppt,960,720,1.3333,slide,
IBUS300_-_American_University,3_Culture_Ch_3.ppt,.ppt,960,720,1.3333,slide,
IBUS300_-_American_University,4_Ethics.ppt,.ppt,960,720,1.3333,slide,
IBUS300_-_American_University,5_Trade_Theory_Ch._5.ppt,.ppt,960,720,1.3333,slide,
IBUS300_-_American_University,6_Political_Economy_of_Trade_Ch._6.ppt,.ppt,960,720,1.3333,slide,
IBUS300_-_American_University,7_FDI_Ch.7.ppt,.ppt,960,720,1.3333,slide,
IBUS300_-_American_University,8_Regional_Economic_Development_Ch._8.ppt,.ppt,960,720,1.3333,slide,
IBUS300_-_American_University,9_Forex_Ch._9.ppt,.ppt,960,720,1.3333,slide,
ICS125_-_Duke_University,10_10-virtual-memory.pdf,.pdf,720,540,1.3333,slide,
ICS125_-_Duke_University,11_11-io.pdf,.pdf,720,540,1.3333,slide,
ICS125_-_Duke_University,12_12-pipelining.pdf,.pdf,720,540,1.3333,slide,
ICS125_-_Duke_University,13_13-multicore.pdf,.pdf,720,540,1.3333,slide,
ICS125_-_Duke_University,14_14-x86.pdf,.pdf,720,540,1.3333,slide,
ICS125_-_Duke_University,15_15-review.pdf,.pdf,720,540,1.3333,slide,
ICS125_-_Duke_University,1_01-intro.pdf,.pdf,720,540,1.3333,slide,
ICS125_-_Duke_University,2_02-c.pdf,.pdf,720,540,1.3333,slide,
ICS125_-_Duke_University,3_03-from-C-to-binary.pdf,.pdf,720,540,1.3333,slide,
ICS125_-_Duke_University,4_04-assembly.pdf,.pdf,720,540,1.3333,slide,
ICS125_-_Duke_University,5_05-combinational-logic.pdf,.pdf,720,540,1.3333,slide,
ICS125_-_Duke_University,6_06-sequential-logic.pdf,.pdf,720,540,1.3333,slide,
ICS125_-_Duke_University,7_07-FSM.pdf,.pdf,720,540,1.3333,slide,
ICS125_-_Duke_University,8_08-datapath-and-control.pdf,.pdf,720,540,1.3333,slide,
ICS125_-_Duke_University,9_09-caches.pdf,.pdf,720,540,1.3333,slide,
IE250_-_Duke_University,10_10-virtual-memory.pdf,.pdf,720,540,1.3333,slide,
IE250_-_Duke_University,11_11-io.pdf,.pdf,720,540,1.3333,slide,
IE250_-_Duke_University,12_12-pipelining.pdf,.pdf,720,540,1.3333,slide,
IE250_-_Duke_University,13_13-multicore.pdf,.pdf,720,540,1.3333,slide,
IE250_-_Duke_University,14_14-x86.pdf,.pdf,720,540,1.3333,slide,
IE250_-_Duke_University,15_15-review.pdf,.pdf,720,540,1.3333,slide,
IE250_-_Duke_University,1_01-intro.pdf,.pdf,720,540,1.3333,slide,
IE250_-_Duke_University,2_02-c.pdf,.pdf,720,540,1.3333,slide,
IE250_-_Duke_University,3_03-from-C-to-binary.pdf,.pdf,720,540,1.3333,slide,
IE250_-_Duke_University,4_04-assembly.pdf,.pdf,720,540,1.3333,slide,
IE250_-_Duke_University,5_05-combinational-logic.pdf,.pdf,720,540,1.3333,slide,
IE250_-_Duke_University,6_06-sequential-logic.pdf,.pdf,720,540,1.3333,slide,
IE250_-_Duke_University,7_07-FSM.pdf,.pdf,720,540,1.3333,slide,
IE250_-_Duke_University,8_08-datapath-and-control.pdf,.pdf,720,540,1.3333,slide,
IE250_-_Duke_University,9_09-caches.pdf,.pdf,720,540,1.3333,slide,
INFO1301_-_University_of_Colorado_Boulder,10_slides-10_booleans.pdf,.pdf,720,540,1.3333,slide,
INFO1301_-_University_of_Colorado_Boulder,11_slides-11_probability.pdf,.pdf,720,540,1.3333,slide,
INFO1301_-_University_of_Colorado_Boulder,12_slides-12_probability2.pdf,.pdf,720,540,1.3333,slide,
INFO1301_-_University_of_Colorado_Boulder,13_slides-13_probability3.pdf,.pdf,720,540,1.3333,slide,
INFO1301_-_University_of_Colorado_Boulder,14_slides-14_uncertainty.pdf,.pdf,720,540,1.3333,slide,
INFO1301_-_University_of_Colorado_Boulder,15_slides-15_review.pdf,.pdf,720,540,1.3333,slide,
INFO1301_-_University_of_Colorado_Boulder,16_slides-16_normal.pdf,.pdf,720,540,1.3333,slide,
INFO1301_-_University_of_Colorado_Boulder,17_slides-17_normal2.pdf,.pdf,720,540,1.3333,slide,
INFO1301_-_University_of_Colorado_Boulder,18_slides-18_clt.pdf,.pdf,720,540,1.3333,slide,
INFO1301_-_University_of_Colorado_Boulder,19_slides-19_clt2.pdf,.pdf,720,540,1.3333,slide,
INFO1301_-_University_of_Colorado_Boulder,1_slides-1_intro.pdf,.pdf,960,540,1.7778,slide,
INFO1301_-_University_of_Colorado_Boulder,20_slides-20_lines.pdf,.pdf,720,540,1.3333,slide,
INFO1301_-_University_of_Colorado_Boulder,21_slides-21_lines2.pdf,.pdf,720,540,1.3333,slide,
INFO1301_-_University_of_Colorado_Boulder,22_slides-22_fitting.pdf,.pdf,720,540,1.3333,slide,
INFO1301_-_University_of_Colorado_Boulder,23_slides-23_fitting2.pdf,.pdf,720,540,1.3333,slide,
INFO1301_-_University_of_Colorado_Boulder,24_slides-24_derivatives.pdf,.pdf,720,540,1.3333,slide,
INFO1301_-_University_of_Colorado_Boulder,2_slides-2_what-is-data.pdf,.pdf,720,540,1.3333,slide,
INFO1301_-_University_of_Colorado_Boulder,3_slides-3_relationships.pdf,.pdf,720,540,1.3333,slide,
INFO1301_-_University_of_Colorado_Boulder,4_slides-4_sets.pdf,.pdf,720,540,1.3333,slide,
INFO1301_-_University_of_Colorado_Boulder,5_slides-5_collecting.pdf,.pdf,720,540,1.3333,slide,
INFO1301_-_University_of_Colorado_Boulder,6_slides-6_descriptive.pdf,.pdf,720,540,1.3333,slide,
INFO1301_-_University_of_Colorado_Boulder,7_slides-7_descriptive2.pdf,.pdf,720,540,1.3333,slide,
INFO1301_-_University_of_Colorado_Boulder,8_slides-8_comb.pdf,.pdf,960,540,1.7778,slide,
INFO1301_-_University_of_Colorado_Boulder,9_slides-9_comb2.pdf,.pdf,720,540,1.3333,slide,
IOOP101_-_Rowan_University,10_Chapter08.pptx,.pptx,960,720,1.3333,slide,
IOOP101_-_Rowan_University,11_Chapter09.pptx,.pptx,960,720,1.3333,slide,
IOOP101_-_Rowan_University,12_Chapter10.pptx,.pptx,960,720,1.3333,slide,
IOOP101_-_Rowan_University,13_Chapter11.pptx,.pptx,960,720,1.3333,slide,
IOOP101_-_Rowan_University,14_Chapter12.pptx,.pptx,960,720,1.3333,slide,
IOOP101_-_Rowan_University,15_Chapter13.pptx,.pptx,960,720,1.3333,slide,
IOOP101_-_Rowan_University,16_Chapter14.pptx,.pptx,960,720,1.3333,slide,
IOOP101_-_Rowan_University,17_Chapter15.pptx,.pptx,960,720,1.3333,slide,
IOOP101_-_Rowan_University,18_Chapter16.pptx,.pptx,960,720,1.3333,slide,
IOOP101_-_Rowan_University,19_Bits_Bytes.ppt,.ppt,960,720,1.3333,slide,
IOOP101_-_Rowan_University,1_Chapter01.pptx,.pptx,960,720,1.3333,slide,
IOOP101_-_Rowan_University,20_Check-Code.ppt,.ppt,960,720,1.3333,slide,
IOOP101_-_Rowan_University,21_Class-Object-Diagrams.ppt,.ppt,960,720,1.3333,slide,
IOOP101_-_Rowan_University,22_Java-without-Bluej.pptx,.pptx,960,720,1.3333,slide,
IOOP101_-_Rowan_University,23_Recursion-Sorting.ppt,.ppt,960,720,1.3333,slide,
IOOP101_-_Rowan_University,24_ReviewIOOP-1.ppt,.ppt,960,720,1.3333,slide,
IOOP101_-_Rowan_University,25_ReviewIOOP-2.ppt,.ppt,960,720,1.3333,slide,
IOOP101_-_Rowan_University,2_Chapter02.pptx,.pptx,960,720,1.3333,slide,
IOOP101_-_Rowan_University,3_Chapter03.pptx,.pptx,960,720,1.3333,slide,
IOOP101_-_Rowan_University,4_Chapter04-Week1.pptx,.pptx,960,720,1.3333,slide,
IOOP101_-_Rowan_University,5_Chapter04-Week2.pptx,.pptx,960,720,1.3333,slide,
IOOP101_-_Rowan_University,6_Chapter04-Week3.pptx,.pptx,960,720,1.3333,slide,
IOOP101_-_Rowan_University,7_Chapter05.pptx,.pptx,1280,720,1.7778,slide,
IOOP101_-_Rowan_University,8_Chapter06.pptx,.pptx,960,720,1.3333,slide,
IOOP101_-_Rowan_University,9_Chapter07.pptx,.pptx,960,720,1.3333,slide,
IS6640_-_University_of_Utah,10_10_Balanced_Scorecard_Analysis_OKRs.pdf,.pdf,792,612,1.2941,slide,
IS6640_-_University_of_Utah,11_11_Sourcing_Strategies_and_IS_Governance.pdf,.pdf,720,540,1.3333,slide,
IS6640_-_University_of_Utah,1_1_Introduction.pdf,.pdf,842,596,1.4128,slide,
IS6640_-_University_of_Utah,2_2_Business_Strategy.pdf,.pdf,960,540,1.7778,slide,
IS6640_-_University_of_Utah,3_3_Business_Model.pdf,.pdf,960,540,1.7778,slide,
IS6640_-_University_of_Utah,4_4_Strategic_Alignment_of_Business_and_IS_Digital_Transformation_AI.pdf,.pdf,792,612,1.2941,slide,
IS6640_-_University_of_Utah,5_5_Tools_of_Analysis_1.pdf,.pdf,792,612,1.2941,slide,
IS6640_-_University_of_Utah,6_6_Tools_of_Analysis_2.pdf,.pdf,792,612,1.2941,slide,
IS6640_-_University_of_Utah,7_7_IS_Strategy_Planning.pdf,.pdf,792,612,1.2941,slide,
IS6640_-_University_of_Utah,8_8_Application_Portfolio_Approach.pdf,.pdf,792,612,1.2941,slide,
IS6640_-_University_of_Utah,9_9_eBusiness_Models_and_Strategies_Cases.pdf,.pdf,720,540,1.3333,slide,
IT101_-_George_Mason_University,10_lecture10.ppt,.ppt,960,720,1.3333,slide,
IT101_-_George_Mason_University,11_lecture11.ppt,.ppt,960,720,1.3333,slide,
IT101_-_George_Mason_University,12_lecture12.ppt,.ppt,960,720,1.3333,slide,
IT101_-_George_Mason_University,13_lecture13.ppt,.ppt,960,720,1.3333,slide,
IT101_-_George_Mason_University,14_lecture14.ppt,.ppt,960,720,1.3333,slide,
IT101_-_George_Mason_University,15_lecture15.ppt,.ppt,960,720,1.3333,slide,
IT101_-_George_Mason_University,16_lecture16.ppt,.ppt,960,720,1.3333,slide,
IT101_-_George_Mason_University,17_lecture17.ppt,.ppt,960,720,1.3333,slide,
IT101_-_George_Mason_University,18_lecture18.ppt,.ppt,960,720,1.3333,slide,
IT101_-_George_Mason_University,19_lecture19.ppt,.ppt,960,720,1.3333,slide,
IT101_-_George_Mason_University,1_lecture1.ppt,.ppt,960,720,1.3333,slide,
IT101_-_George_Mason_University,2_lecture2.ppt,.ppt,960,720,1.3333,slide,
IT101_-_George_Mason_University,3_lecture3.ppt,.ppt,960,720,1.3333,slide,
IT101_-_George_Mason_University,4_lecture4.ppt,.ppt,960,720,1.3333,slide,
IT101_-_George_Mason_University,5_lecture5.ppt,.ppt,960,720,1.3333,slide,
IT101_-_George_Mason_University,6_lecture6.ppt,.ppt,960,720,1.3333,slide,
IT101_-_George_Mason_University,7_lecture7.ppt,.ppt,960,720,1.3333,slide,
IT101_-_George_Mason_University,8_lecture8.ppt,.ppt,960,720,1.3333,slide,
IT101_-_George_Mason_University,9_lecture9.ppt,.ppt,960,720,1.3333,slide,
IT108_-_George_Mason_University,10_lecture10.ppt,.ppt,960,720,1.3333,slide,
IT108_-_George_Mason_University,11_lecture11.ppt,.ppt,960,720,1.3333,slide,
IT108_-_George_Mason_University,12_lecture12.ppt,.ppt,960,720,1.3333,slide,
IT108_-_George_Mason_University,13_lecture13.ppt,.ppt,960,720,1.3333,slide,
IT108_-_George_Mason_University,14_lecture14.ppt,.ppt,960,720,1.3333,slide,
IT108_-_George_Mason_University,15_lecture15.ppt,.ppt,960,720,1.3333,slide,
IT108_-_George_Mason_University,16_lecture16.ppt,.ppt,960,720,1.3333,slide,
IT108_-_George_Mason_University,17_lecture17.ppt,.ppt,960,720,1.3333,slide,
IT108_-_George_Mason_University,18_lecture18.ppt,.ppt,960,720,1.3333,slide,
IT108_-_George_Mason_University,19_lecture19.ppt,.ppt,960,720,1.3333,slide,
IT108_-_George_Mason_University,1_lecture1.ppt,.ppt,960,720,1.3333,slide,
IT108_-_George_Mason_University,2_lecture2.ppt,.ppt,960,720,1.3333,slide,
IT108_-_George_Mason_University,3_lecture3.ppt,.ppt,960,720,1.3333,slide,
IT108_-_George_Mason_University,4_lecture4.ppt,.ppt,960,720,1.3333,slide,
IT108_-_George_Mason_University,5_lecture5.ppt,.ppt,960,720,1.3333,slide,
IT108_-_George_Mason_University,6_lecture6.ppt,.ppt,960,720,1.3333,slide,
IT108_-_George_Mason_University,7_lecture7.ppt,.ppt,960,720,1.3333,slide,
IT108_-_George_Mason_University,8_lecture8.ppt,.ppt,960,720,1.3333,slide,
IT108_-_George_Mason_University,9_lecture9.ppt,.ppt,960,720,1.3333,slide,
IT1090C_-_University_of_Cincinnati,10_music5.pdf,.pdf,612,792,0.7727,document,
IT1090C_-_University_of_Cincinnati,11_1330_wk6.pdf,.pdf,960,540,1.7778,slide,
IT1090C_-_University_of_Cincinnati,12_music6.pdf,.pdf,612,792,0.7727,document,
IT1090C_-_University_of_Cincinnati,13_music7.pdf,.pdf,612,792,0.7727,document,
IT1090C_-_University_of_Cincinnati,14_music8.pdf,.pdf,612,792,0.7727,document,
IT1090C_-_University_of_Cincinnati,15_4633_egypitian_art_not_compliant.pdf,.pdf,960,540,1.7778,slide,
IT1090C_-_University_of_Cincinnati,16_aging_at_home.pdf,.pdf,960,540,1.7778,slide,
IT1090C_-_University_of_Cincinnati,17_brain_nutrition.pdf,.pdf,960,540,1.7778,slide,
IT1090C_-_University_of_Cincinnati,18_egypt_q_a.pdf,.pdf,612,792,0.7727,document,
IT1090C_-_University_of_Cincinnati,19_library.pdf,.pdf,960,540,1.7778,slide,
IT1090C_-_University_of_Cincinnati,1_1330_wk1.pdf,.pdf,960,540,1.7778,slide,
IT1090C_-_University_of_Cincinnati,20_vision.pdf,.pdf,960,540,1.7778,slide,
IT1090C_-_University_of_Cincinnati,2_music1_2.pdf,.pdf,612,792,0.7727,document,
IT1090C_-_University_of_Cincinnati,3_1330_wk2.pdf,.pdf,960,540,1.7778,slide,
IT1090C_-_University_of_Cincinnati,4_music2.pdf,.pdf,612,792,0.7727,document,
IT1090C_-_University_of_Cincinnati,5_1330_wk3.pdf,.pdf,960,540,1.7778,slide,
IT1090C_-_University_of_Cincinnati,6_music3.pdf,.pdf,612,792,0.7727,document,
IT1090C_-_University_of_Cincinnati,7_1330_wk4.pdf,.pdf,960,540,1.7778,slide,
IT1090C_-_University_of_Cincinnati,8_music4.pdf,.pdf,612,792,0.7727,document,
IT1090C_-_University_of_Cincinnati,9_1330_wk5.pdf,.pdf,960,540,1.7778,slide,
IT2021_-_University_of_Cincinnati,10_music5.pdf,.pdf,612,792,0.7727,document,
IT2021_-_University_of_Cincinnati,11_1330_wk6.pdf,.pdf,960,540,1.7778,slide,
IT2021_-_University_of_Cincinnati,12_music6.pdf,.pdf,612,792,0.7727,document,
IT2021_-_University_of_Cincinnati,13_music7.pdf,.pdf,612,792,0.7727,document,
IT2021_-_University_of_Cincinnati,14_music8.pdf,.pdf,612,792,0.7727,document,
IT2021_-_University_of_Cincinnati,15_4633_egypitian_art_not_compliant.pdf,.pdf,960,540,1.7778,slide,
IT2021_-_University_of_Cincinnati,16_aging_at_home.pdf,.pdf,960,540,1.7778,slide,
IT2021_-_University_of_Cincinnati,17_brain_nutrition.pdf,.pdf,960,540,1.7778,slide,
IT2021_-_University_of_Cincinnati,18_egypt_q_a.pdf,.pdf,612,792,0.7727,document,
IT2021_-_University_of_Cincinnati,19_library.pdf,.pdf,960,540,1.7778,slide,
IT2021_-_University_of_Cincinnati,1_1330_wk1.pdf,.pdf,960,540,1.7778,slide,
IT2021_-_University_of_Cincinnati,20_vision.pdf,.pdf,960,540,1.7778,slide,
IT2021_-_University_of_Cincinnati,2_music1_2.pdf,.pdf,612,792,0.7727,document,
IT2021_-_University_of_Cincinnati,3_1330_wk2.pdf,.pdf,960,540,1.7778,slide,
IT2021_-_University_of_Cincinnati,4_music2.pdf,.pdf,612,792,0.7727,document,
IT2021_-_University_of_Cincinnati,5_1330_wk3.pdf,.pdf,960,540,1.7778,slide,
IT2021_-_University_of_Cincinnati,6_music3.pdf,.pdf,612,792,0.7727,document,
IT2021_-_University_of_Cincinnati,7_1330_wk4.pdf,.pdf,960,540,1.7778,slide,
IT2021_-_University_of_Cincinnati,8_music4.pdf,.pdf,612,792,0.7727,document,
IT2021_-_University_of_Cincinnati,9_1330_wk5.pdf,.pdf,960,540,1.7778,slide,
IT2030C_-_University_of_Cincinnati,10_music5.pdf,.pdf,612,792,0.7727,document,
IT2030C_-_University_of_Cincinnati,11_1330_wk6.pdf,.pdf,960,540,1.7778,slide,
IT2030C_-_University_of_Cincinnati,12_music6.pdf,.pdf,612,792,0.7727,document,
IT2030C_-_University_of_Cincinnati,13_music7.pdf,.pdf,612,792,0.7727,document,
IT2030C_-_University_of_Cincinnati,14_music8.pdf,.pdf,612,792,0.7727,document,
IT2030C_-_University_of_Cincinnati,15_4633_egypitian_art_not_compliant.pdf,.pdf,960,540,1.7778,slide,
IT2030C_-_University_of_Cincinnati,16_aging_at_home.pdf,.pdf,960,540,1.7778,slide,
IT2030C_-_University_of_Cincinnati,17_brain_nutrition.pdf,.pdf,960,540,1.7778,slide,
IT2030C_-_University_of_Cincinnati,18_egypt_q_a.pdf,.pdf,612,792,0.7727,document,
IT2030C_-_University_of_Cincinnati,19_library.pdf,.pdf,960,540,1.7778,slide,
IT2030C_-_University_of_Cincinnati,1_1330_wk1.pdf,.pdf,960,540,1.7778,slide,
IT2030C_-_University_of_Cincinnati,20_vision.pdf,.pdf,960,540,1.7778,slide,
IT2030C_-_University_of_Cincinnati,2_music1_2.pdf,.pdf,612,792,0.7727,document,
IT2030C_-_University_of_Cincinnati,3_1330_wk2.pdf,.pdf,960,540,1.7778,slide,
IT2030C_-_University_of_Cincinnati,4_music2.pdf,.pdf,612,792,0.7727,document,
IT2030C_-_University_of_Cincinnati,5_1330_wk3.pdf,.pdf,960,540,1.7778,slide,
IT2030C_-_University_of_Cincinnati,6_music3.pdf,.pdf,612,792,0.7727,document,
IT2030C_-_University_of_Cincinnati,7_1330_wk4.pdf,.pdf,960,540,1.7778,slide,
IT2030C_-_University_of_Cincinnati,8_music4.pdf,.pdf,612,792,0.7727,document,
IT2030C_-_University_of_Cincinnati,9_1330_wk5.pdf,.pdf,960,540,1.7778,slide,
IT410_-_George_Mason_University,10_lecture10.ppt,.ppt,960,720,1.3333,slide,
IT410_-_George_Mason_University,11_lecture11.ppt,.ppt,960,720,1.3333,slide,
IT410_-_George_Mason_University,12_lecture12.ppt,.ppt,960,720,1.3333,slide,
IT410_-_George_Mason_University,13_lecture13.ppt,.ppt,960,720,1.3333,slide,
IT410_-_George_Mason_University,14_lecture14.ppt,.ppt,960,720,1.3333,slide,
IT410_-_George_Mason_University,15_lecture15.ppt,.ppt,960,720,1.3333,slide,
IT410_-_George_Mason_University,16_lecture16.ppt,.ppt,960,720,1.3333,slide,
IT410_-_George_Mason_University,17_lecture17.ppt,.ppt,960,720,1.3333,slide,
IT410_-_George_Mason_University,18_lecture18.ppt,.ppt,960,720,1.3333,slide,
IT410_-_George_Mason_University,19_lecture19.ppt,.ppt,960,720,1.3333,slide,
IT410_-_George_Mason_University,1_lecture1.ppt,.ppt,960,720,1.3333,slide,
IT410_-_George_Mason_University,2_lecture2.ppt,.ppt,960,720,1.3333,slide,
IT410_-_George_Mason_University,3_lecture3.ppt,.ppt,960,720,1.3333,slide,
IT410_-_George_Mason_University,4_lecture4.ppt,.ppt,960,720,1.3333,slide,
IT410_-_George_Mason_University,5_lecture5.ppt,.ppt,960,720,1.3333,slide,
IT410_-_George_Mason_University,6_lecture6.ppt,.ppt,960,720,1.3333,slide,
IT410_-_George_Mason_University,7_lecture7.ppt,.ppt,960,720,1.3333,slide,
IT410_-_George_Mason_University,8_lecture8.ppt,.ppt,960,720,1.3333,slide,
IT410_-_George_Mason_University,9_lecture9.ppt,.ppt,960,720,1.3333,slide,
JPNS114_-_University_of_Montreal,10_Module-10.pdf,.pdf,454,256,1.7734,slide,
JPNS114_-_University_of_Montreal,1_Module-01.pdf,.pdf,454,256,1.7734,slide,
JPNS114_-_University_of_Montreal,2_Module-02.pdf,.pdf,454,256,1.7734,slide,
JPNS114_-_University_of_Montreal,3_Module-03.pdf,.pdf,454,256,1.7734,slide,
JPNS114_-_University_of_Montreal,4_Module-04.pdf,.pdf,454,256,1.7734,slide,
JPNS114_-_University_of_Montreal,5_Module-05.pdf,.pdf,454,256,1.7734,slide,
JPNS114_-_University_of_Montreal,6_Module-06.pdf,.pdf,454,256,1.7734,slide,
JPNS114_-_University_of_Montreal,7_Module-07.pdf,.pdf,454,256,1.7734,slide,
JPNS114_-_University_of_Montreal,8_Module-08.pdf,.pdf,454,256,1.7734,slide,
JPNS114_-_University_of_Montreal,9_Module-09.pdf,.pdf,454,256,1.7734,slide,
KANT3304_-_Laval_University,10_Plato-Euthyphro-lect-102-S18.pptx,.pptx,960,720,1.3333,slide,
KANT3304_-_Laval_University,1_Epicurus-AtomsArg-overhead-Spring2018.pdf,.pdf,612,792,0.7727,document,
KANT3304_-_Laval_University,2_Epicurus-PHIL102-S18-1.pptx,.pptx,1365,1024,1.333,slide,
KANT3304_-_Laval_University,3_Mozi-102-S18.pptx,.pptx,960,720,1.3333,slide,
KANT3304_-_Laval_University,4_Nagel-Death-102-S18.pptx,.pptx,960,720,1.3333,slide,
KANT3304_-_Laval_University,5_KantEthics-102-Feb2018.pptx,.pptx,1280,720,1.7778,slide,
KANT3304_-_Laval_University,6_MillUtil-all-102-S18.pptx,.pptx,960,720,1.3333,slide,
KANT3304_-_Laval_University,7_Kant-ONeill-CI2poverty-102-S18.pptx,.pptx,960,720,1.3333,slide,
KANT3304_-_Laval_University,8_MoralRelativism-102-S18.pptx,.pptx,1280,720,1.7778,slide,
KANT3304_-_Laval_University,9_Plato-Apology-lect-102-S18.pptx,.pptx,960,720,1.3333,slide,
KIN104_-_University_of_Waterloo,10_l10.pdf,.pdf,720,540,1.3333,slide,
KIN104_-_University_of_Waterloo,11_l11.pdf,.pdf,720,540,1.3333,slide,
KIN104_-_University_of_Waterloo,12_l12.pdf,.pdf,720,540,1.3333,slide,
KIN104_-_University_of_Waterloo,13_l13.pdf,.pdf,720,540,1.3333,slide,
KIN104_-_University_of_Waterloo,14_l14.pdf,.pdf,720,540,1.3333,slide,
KIN104_-_University_of_Waterloo,15_l15.pdf,.pdf,720,540,1.3333,slide,
KIN104_-_University_of_Waterloo,16_l16.pdf,.pdf,720,540,1.3333,slide,
KIN104_-_University_of_Waterloo,17_l17.pdf,.pdf,720,540,1.3333,slide,
KIN104_-_University_of_Waterloo,18_l18.pdf,.pdf,720,540,1.3333,slide,
KIN104_-_University_of_Waterloo,19_l19.pdf,.pdf,720,540,1.3333,slide,
KIN104_-_University_of_Waterloo,1_l01.pdf,.pdf,720,540,1.3333,slide,
KIN104_-_University_of_Waterloo,20_l20.pdf,.pdf,720,540,1.3333,slide,
KIN104_-_University_of_Waterloo,21_l21.pdf,.pdf,720,540,1.3333,slide,
KIN104_-_University_of_Waterloo,22_l22.pdf,.pdf,720,540,1.3333,slide,
KIN104_-_University_of_Waterloo,23_l23.pdf,.pdf,720,540,1.3333,slide,
KIN104_-_University_of_Waterloo,2_l02.pdf,.pdf,720,540,1.3333,slide,
KIN104_-_University_of_Waterloo,3_l03.pdf,.pdf,720,540,1.3333,slide,
KIN104_-_University_of_Waterloo,4_l04.pdf,.pdf,720,540,1.3333,slide,
KIN104_-_University_of_Waterloo,5_l05.pdf,.pdf,720,540,1.3333,slide,
KIN104_-_University_of_Waterloo,6_l06.pdf,.pdf,720,540,1.3333,slide,
KIN104_-_University_of_Waterloo,7_l07.pdf,.pdf,720,540,1.3333,slide,
KIN104_-_University_of_Waterloo,8_l08.pdf,.pdf,720,540,1.3333,slide,
KIN104_-_University_of_Waterloo,9_l09.pdf,.pdf,720,540,1.3333,slide,
KIN340_-_University_of_Waterloo,10_l10.pdf,.pdf,720,540,1.3333,slide,
KIN340_-_University_of_Waterloo,11_l11.pdf,.pdf,720,540,1.3333,slide,
KIN340_-_University_of_Waterloo,12_l12.pdf,.pdf,720,540,1.3333,slide,
KIN340_-_University_of_Waterloo,13_l13.pdf,.pdf,720,540,1.3333,slide,
KIN340_-_University_of_Waterloo,14_l14.pdf,.pdf,720,540,1.3333,slide,
KIN340_-_University_of_Waterloo,15_l15.pdf,.pdf,720,540,1.3333,slide,
KIN340_-_University_of_Waterloo,16_l16.pdf,.pdf,720,540,1.3333,slide,
KIN340_-_University_of_Waterloo,17_l17.pdf,.pdf,720,540,1.3333,slide,
KIN340_-_University_of_Waterloo,18_l18.pdf,.pdf,720,540,1.3333,slide,
KIN340_-_University_of_Waterloo,19_l19.pdf,.pdf,720,540,1.3333,slide,
KIN340_-_University_of_Waterloo,1_l01.pdf,.pdf,720,540,1.3333,slide,
KIN340_-_University_of_Waterloo,20_l20.pdf,.pdf,720,540,1.3333,slide,
KIN340_-_University_of_Waterloo,21_l21.pdf,.pdf,720,540,1.3333,slide,
KIN340_-_University_of_Waterloo,22_l22.pdf,.pdf,720,540,1.3333,slide,
KIN340_-_University_of_Waterloo,23_l23.pdf,.pdf,720,540,1.3333,slide,
KIN340_-_University_of_Waterloo,2_l02.pdf,.pdf,720,540,1.3333,slide,
KIN340_-_University_of_Waterloo,3_l03.pdf,.pdf,720,540,1.3333,slide,
KIN340_-_University_of_Waterloo,4_l04.pdf,.pdf,720,540,1.3333,slide,
KIN340_-_University_of_Waterloo,5_l05.pdf,.pdf,720,540,1.3333,slide,
KIN340_-_University_of_Waterloo,6_l06.pdf,.pdf,720,540,1.3333,slide,
KIN340_-_University_of_Waterloo,7_l07.pdf,.pdf,720,540,1.3333,slide,
KIN340_-_University_of_Waterloo,8_l08.pdf,.pdf,720,540,1.3333,slide,
KIN340_-_University_of_Waterloo,9_l09.pdf,.pdf,720,540,1.3333,slide,
KREN011_-_Georgetown_University,10_Lecture_4_Annotated.pdf,.pdf,960,540,1.7778,slide,
KREN011_-_Georgetown_University,11_Lecture_4_Summary.pdf,.pdf,596,842,0.7078,document,
KREN011_-_Georgetown_University,12_Lecture_5.pdf,.pdf,960,540,1.7778,slide,
KREN011_-_Georgetown_University,13_Lecture_5_Annotated.pdf,.pdf,960,540,1.7778,slide,
KREN011_-_Georgetown_University,14_Lecture_5_Summary.pdf,.pdf,596,842,0.7078,document,
KREN011_-_Georgetown_University,15_Lecture_6.pdf,.pdf,960,540,1.7778,slide,
KREN011_-_Georgetown_University,16_Lecture_6_Summary.pdf,.pdf,596,842,0.7078,document,
KREN011_-_Georgetown_University,17_Lecture_7.pdf,.pdf,960,540,1.7778,slide,
KREN011_-_Georgetown_University,18_Lecture_7_Annotated.pdf,.pdf,960,540,1.7778,slide,
KREN011_-_Georgetown_University,19_Lecture_7_Summary.pdf,.pdf,596,842,0.7078,document,
KREN011_-_Georgetown_University,1_Lecture_1.pdf,.pdf,960,540,1.7778,slide,
KREN011_-_Georgetown_University,20_Lecture_8.pdf,.pdf,960,540,1.7778,slide,
KREN011_-_Georgetown_University,21_Lecture_8_Summary.pdf,.pdf,596,842,0.7078,document,
KREN011_-_Georgetown_University,22_Lecture_9.pdf,.pdf,960,540,1.7778,slide,
KREN011_-_Georgetown_University,23_Lecture_9_Annotated.pdf,.pdf,960,540,1.7778,slide,
KREN011_-_Georgetown_University,24_Lecture_9_Summary.pdf,.pdf,596,842,0.7078,document,
KREN011_-_Georgetown_University,25_Lecture_10.pdf,.pdf,960,540,1.7778,slide,
KREN011_-_Georgetown_University,26_Lecture_10_Summary.pdf,.pdf,596,842,0.7078,document,
KREN011_-_Georgetown_University,27_Lecture_11.pdf,.pdf,960,540,1.7778,slide,
KREN011_-_Georgetown_University,28_Lecture_11_Summary.pdf,.pdf,596,842,0.7078,document,
KREN011_-_Georgetown_University,29_Lecture_12.pdf,.pdf,960,540,1.7778,slide,
KREN011_-_Georgetown_University,2_Lecture_1_Summary.pdf,.pdf,596,842,0.7078,document,
KREN011_-_Georgetown_University,30_Lecture_12_Annotated.pdf,.pdf,960,540,1.7778,slide,
KREN011_-_Georgetown_University,31_Lecture_12_Summary.pdf,.pdf,596,842,0.7078,document,
KREN011_-_Georgetown_University,3_Lecture_2.pdf,.pdf,960,540,1.7778,slide,
KREN011_-_Georgetown_University,4_Lecture_2_Annotated.pdf,.pdf,960,540,1.7778,slide,
KREN011_-_Georgetown_University,5_Lecture_2_Summary.pdf,.pdf,596,842,0.7078,document,
KREN011_-_Georgetown_University,6_Lecture_3.pdf,.pdf,960,540,1.7778,slide,
KREN011_-_Georgetown_University,7_Lecture_3_Annotated.pdf,.pdf,960,540,1.7778,slide,
KREN011_-_Georgetown_University,8_Lecture_3_Summary.pdf,.pdf,596,842,0.7078,document,
KREN011_-_Georgetown_University,9_Lecture_4.pdf,.pdf,960,540,1.7778,slide,
LF306_-_Boston_University,10_10_TertQuatProteinStruct25.pdf,.pdf,612,792,0.7727,document,
LF306_-_Boston_University,11_11a_TertQuatProteinStruct25.pdf,.pdf,612,792,0.7727,document,
LF306_-_Boston_University,12_12a_TertQuatProteinStructCollagen25.pdf,.pdf,612,792,0.7727,document,
LF306_-_Boston_University,13_12b_Enzymes25.pdf,.pdf,612,792,0.7727,document,
LF306_-_Boston_University,14_13_Enzymes25.pdf,.pdf,612,792,0.7727,document,
LF306_-_Boston_University,15_14_Enzymes25.pdf,.pdf,612,792,0.7727,document,
LF306_-_Boston_University,16_15_Enzymes25.pdf,.pdf,612,792,0.7727,document,
LF306_-_Boston_University,17_16ab_Enzymes25.pdf,.pdf,612,792,0.7727,document,
LF306_-_Boston_University,18_17_Enzymes_Regulation25.pdf,.pdf,612,792,0.7727,document,
LF306_-_Boston_University,19_18_EnzymesRegulation25_backup.pdf,.pdf,612,792,0.7727,document,
LF306_-_Boston_University,1_1_IntroThermo25.pdf,.pdf,612,792,0.7727,document,
LF306_-_Boston_University,20_19_Hemoglobin25.pdf,.pdf,612,792,0.7727,document,
LF306_-_Boston_University,21_20a_ProteinStabFolding25.pdf,.pdf,612,792,0.7727,document,
LF306_-_Boston_University,22_20b_ProteinStabFolding25.pdf,.pdf,612,792,0.7727,document,
LF306_-_Boston_University,23_21_Carbohydrates_25.pdf,.pdf,612,792,0.7727,document,
LF306_-_Boston_University,24_22_Carbohydrates_25.pdf,.pdf,612,792,0.7727,document,
LF306_-_Boston_University,25_23ab_Carbohydrates_25.pdf,.pdf,612,792,0.7727,document,
LF306_-_Boston_University,26_24_NucleicAcids_Intro25.pdf,.pdf,612,792,0.7727,document,
LF306_-_Boston_University,27_25_NucleicAcids_Intro25.pdf,.pdf,612,792,0.7727,document,
LF306_-_Boston_University,28_26a_NucleicAcids_Intro25.pdf,.pdf,612,792,0.7727,document,
LF306_-_Boston_University,29_26b_recDNA25.pdf,.pdf,612,792,0.7727,document,
LF306_-_Boston_University,2_2ab_WaterMolecForcespH25.pdf,.pdf,612,792,0.7727,document,
LF306_-_Boston_University,30_27_Replication_v4_25.pdf,.pdf,612,792,0.7727,document,
LF306_-_Boston_University,31_27a_recDNA25.pdf,.pdf,612,792,0.7727,document,
LF306_-_Boston_University,32_28ab_TranscriptionTranslation25.pdf,.pdf,612,792,0.7727,document,
LF306_-_Boston_University,33_29_Lipids_Membranes25.pdf,.pdf,612,792,0.7727,document,
LF306_-_Boston_University,34_30_Lipids_Membranes25.pdf,.pdf,612,792,0.7727,document,
LF306_-_Boston_University,35_31a_Lipids_Membranes25.pdf,.pdf,612,792,0.7727,document,
LF306_-_Boston_University,36_31b_Vitamins_Bioenergetics25.pdf,.pdf,612,792,0.7727,document,
LF306_-_Boston_University,37_32_Vitamins_Bioenergetics25.pdf,.pdf,612,792,0.7727,document,
LF306_-_Boston_University,38_0_Intro421_2025.pdf,.pdf,612,792,0.7727,document,
LF306_-_Boston_University,3_3_ProteinsIntro25.pdf,.pdf,612,792,0.7727,document,
LF306_-_Boston_University,4_4_5_AminoAcids25.pdf,.pdf,612,792,0.7727,document,
LF306_-_Boston_University,5_5ab_AminoAcids25.pdf,.pdf,612,792,0.7727,document,
LF306_-_Boston_University,6_6_ProteinPurif25.pdf,.pdf,612,792,0.7727,document,
LF306_-_Boston_University,7_7_ProtStruct25.pdf,.pdf,612,792,0.7727,document,
LF306_-_Boston_University,8_8_ProtStruct.pdf,.pdf,612,792,0.7727,document,
LF306_-_Boston_University,9_9_ProtStruct.pdf,.pdf,612,792,0.7727,document,
M408C_-_University_of_Texas_at_Austin,100_5_1-AreaAndDistance.pdf,.pdf,595,842,0.7067,document,
M408C_-_University_of_Texas_at_Austin,101_5_2_1-DefInt.pdf,.pdf,595,842,0.7067,document,
M408C_-_University_of_Texas_at_Austin,102_5_2_2-Properties.pdf,.pdf,595,842,0.7067,document,
M408C_-_University_of_Texas_at_Austin,103_HW11_-_4.9_5.1_5.2-problems.pdf,.pdf,612,792,0.7727,document,
M408C_-_University_of_Texas_at_Austin,104_HW11.pdf,.pdf,612,792,0.7727,document,
M408C_-_University_of_Texas_at_Austin,105_Week11HW.pdf,.pdf,612,792,0.7727,document,
M408C_-_University_of_Texas_at_Austin,106_11-07_1230.pdf,.pdf,612,804,0.7612,document,
M408C_-_University_of_Texas_at_Austin,107_5_3_1-FTCI.pdf,.pdf,595,842,0.7067,document,
M408C_-_University_of_Texas_at_Austin,108_5_3_2-FTCII.pdf,.pdf,595,842,0.7067,document,
M408C_-_University_of_Texas_at_Austin,109_5_4_1-IndefiniteIntegral.pdf,.pdf,595,842,0.7067,document,
M408C_-_University_of_Texas_at_Austin,10_1.5-InverseAndLogs-Part2.pdf,.pdf,595,842,0.7067,document,
M408C_-_University_of_Texas_at_Austin,110_5_4_2-NetChangeTheorem.pdf,.pdf,595,842,0.7067,document,
M408C_-_University_of_Texas_at_Austin,111_Week12HW.pdf,.pdf,612,792,0.7727,document,
M408C_-_University_of_Texas_at_Austin,112_11-30_1230.pdf,.pdf,612,804,0.7612,document,
M408C_-_University_of_Texas_at_Austin,113_5_5_1-USubIntro.pdf,.pdf,595,842,0.7067,document,
M408C_-_University_of_Texas_at_Austin,114_5_5_2-USubDefinite.pdf,.pdf,595,842,0.7067,document,
M408C_-_University_of_Texas_at_Austin,115_5_5_3-USubMore.pdf,.pdf,595,842,0.7067,document,
M408C_-_University_of_Texas_at_Austin,116_6_1_1-AreaIntro.pdf,.pdf,595,842,0.7067,document,
M408C_-_University_of_Texas_at_Austin,117_6_1_2-AreaExamples.pdf,.pdf,595,842,0.7067,document,
M408C_-_University_of_Texas_at_Austin,118_6_2_1-VolumeIntro.pdf,.pdf,595,842,0.7067,document,
M408C_-_University_of_Texas_at_Austin,119_Week13HW.pdf,.pdf,612,792,0.7727,document,
M408C_-_University_of_Texas_at_Austin,11_2.1-VelocityAndTangentLines.pdf,.pdf,595,842,0.7067,document,
M408C_-_University_of_Texas_at_Austin,120_M408C_1pm_F2023_Lecture_19.pdf,.pdf,612,804,0.7612,document,
M408C_-_University_of_Texas_at_Austin,121_HW_00_-_Algebra_and_Trig_Review_Problems.pdf,.pdf,612,792,0.7727,document,
M408C_-_University_of_Texas_at_Austin,122_HW00-InfoModule_Copy.pdf,.pdf,612,792,0.7727,document,
M408C_-_University_of_Texas_at_Austin,123_HW00-InfoModule.pdf,.pdf,612,792,0.7727,document,
M408C_-_University_of_Texas_at_Austin,124_M408C_Exam1A.pdf,.pdf,612,792,0.7727,document,
M408C_-_University_of_Texas_at_Austin,125_M408C_Exam1B.pdf,.pdf,612,792,0.7727,document,
M408C_-_University_of_Texas_at_Austin,126_M408C_Exam1C.pdf,.pdf,612,792,0.7727,document,
M408C_-_University_of_Texas_at_Austin,127_M408C_Exam2A.pdf,.pdf,612,792,0.7727,document,
M408C_-_University_of_Texas_at_Austin,128_M408C_Exam2B.pdf,.pdf,612,792,0.7727,document,
M408C_-_University_of_Texas_at_Austin,129_M408C_Exam3A1.pdf,.pdf,612,792,0.7727,document,
M408C_-_University_of_Texas_at_Austin,12_2.2.1-TheLimitOfAFunction.pdf,.pdf,595,842,0.7067,document,
M408C_-_University_of_Texas_at_Austin,130_M408C_Exam3A2.pdf,.pdf,612,792,0.7727,document,
M408C_-_University_of_Texas_at_Austin,131_M408C_Exam3B1.pdf,.pdf,612,792,0.7727,document,
M408C_-_University_of_Texas_at_Austin,132_M408C_Exam3B2.pdf,.pdf,612,792,0.7727,document,
M408C_-_University_of_Texas_at_Austin,133_M408C_Schedule.pdf,.pdf,612,792,0.7727,document,
M408C_-_University_of_Texas_at_Austin,134_M408C_Syllabus.pdf,.pdf,612,792,0.7727,document,
M408C_-_University_of_Texas_at_Austin,135_Review_1_Problems.pdf,.pdf,612,792,0.7727,document,
M408C_-_University_of_Texas_at_Austin,136_Review_1_Solutions.pdf,.pdf,612,792,0.7727,document,
M408C_-_University_of_Texas_at_Austin,137_Review_2_Problems_-_9.19.23.pdf,.pdf,612,792,0.7727,document,
M408C_-_University_of_Texas_at_Austin,138_Review_2_Solutions_-_9.19.23.pdf,.pdf,612,792,0.7727,document,
M408C_-_University_of_Texas_at_Austin,13_2.3.1-CalculatingLimitsUsingLaws.pdf,.pdf,595,842,0.7067,document,
M408C_-_University_of_Texas_at_Austin,14_2.3.2-CalculatingLimitsUsingLaws.pdf,.pdf,595,842,0.7067,document,
M408C_-_University_of_Texas_at_Austin,15_8-29_1230.pdf,.pdf,612,804,0.7612,document,
M408C_-_University_of_Texas_at_Austin,16_HW02_-_2.1-2.4-problems.pdf,.pdf,612,792,0.7727,document,
M408C_-_University_of_Texas_at_Austin,17_Textbook_HW02_-_Refined.pdf,.pdf,612,792,0.7727,document,
M408C_-_University_of_Texas_at_Austin,18_Textbook_Homework_02.pdf,.pdf,612,792,0.7727,document,
M408C_-_University_of_Texas_at_Austin,19_Week02HW.pdf,.pdf,612,792,0.7727,document,
M408C_-_University_of_Texas_at_Austin,1_1.4-ExponentialFuctions-Part1.pdf,.pdf,595,842,0.7067,document,
M408C_-_University_of_Texas_at_Austin,20_2.4-DefnOfALimit.pdf,.pdf,595,842,0.7067,document,
M408C_-_University_of_Texas_at_Austin,21_2.5.1-ContinuousFunctions.pdf,.pdf,595,842,0.7067,document,
M408C_-_University_of_Texas_at_Austin,22_2.5.2-ContinuousFunctions.pdf,.pdf,595,842,0.7067,document,
M408C_-_University_of_Texas_at_Austin,23_2.6-LimitsAtInfinity.pdf,.pdf,595,842,0.7067,document,
M408C_-_University_of_Texas_at_Austin,24_2.7.1-DerivativesAndRatesOfChange.pdf,.pdf,595,842,0.7067,document,
M408C_-_University_of_Texas_at_Austin,25_2.7.2-DerivativesAndRatesOfChange.pdf,.pdf,595,842,0.7067,document,
M408C_-_University_of_Texas_at_Austin,26_9-05_1230_Lecture_Notes.pdf,.pdf,612,804,0.7612,document,
M408C_-_University_of_Texas_at_Austin,27_9-07_1230.pdf,.pdf,612,804,0.7612,document,
M408C_-_University_of_Texas_at_Austin,28_HW03_-_2.5-2.7_Problems.pdf,.pdf,612,792,0.7727,document,
M408C_-_University_of_Texas_at_Austin,29_HW03Solutions.pdf,.pdf,595,842,0.7067,document,
M408C_-_University_of_Texas_at_Austin,2_1.5-InverseAndLogs-Part1.pdf,.pdf,595,842,0.7067,document,
M408C_-_University_of_Texas_at_Austin,30_Textbook_Homework_03_-_Abdon_Morales.pdf,.pdf,612,792,0.7727,document,
M408C_-_University_of_Texas_at_Austin,31_Textbook_Homework_03.pdf,.pdf,596,842,0.7078,document,
M408C_-_University_of_Texas_at_Austin,32_Week03HW.pdf,.pdf,612,792,0.7727,document,
M408C_-_University_of_Texas_at_Austin,33_2.7.1-DerivativesAndRatesOfChange.pdf,.pdf,595,842,0.7067,document,
M408C_-_University_of_Texas_at_Austin,34_2.8.1-DerivativeAsAFunction.pdf,.pdf,595,842,0.7067,document,
M408C_-_University_of_Texas_at_Austin,35_2.8.2-DerivativeAsAFunction.pdf,.pdf,595,842,0.7067,document,
M408C_-_University_of_Texas_at_Austin,36_3_1-DerivPolyandExp.pdf,.pdf,595,842,0.7067,document,
M408C_-_University_of_Texas_at_Austin,37_9-12_1230.pdf,.pdf,612,804,0.7612,document,
M408C_-_University_of_Texas_at_Austin,38_9-14_1230.pdf,.pdf,612,804,0.7612,document,
M408C_-_University_of_Texas_at_Austin,39_HW04_Solutions.pdf,.pdf,595,842,0.7067,document,
M408C_-_University_of_Texas_at_Austin,3_HW01_-_Textbook_1.4.pdf,.pdf,612,792,0.7727,document,
M408C_-_University_of_Texas_at_Austin,40_Textbook_Homework_04_-_Completed.pdf,.pdf,612,804,0.7612,document,
M408C_-_University_of_Texas_at_Austin,41_Textbook_Homework_HW04.pdf,.pdf,612,792,0.7727,document,
M408C_-_University_of_Texas_at_Austin,42_Week04HW.pdf,.pdf,612,792,0.7727,document,
M408C_-_University_of_Texas_at_Austin,43_3_2_1-ProductRule.pdf,.pdf,595,842,0.7067,document,
M408C_-_University_of_Texas_at_Austin,44_3_2_2-QuotientRule.pdf,.pdf,595,842,0.7067,document,
M408C_-_University_of_Texas_at_Austin,45_3_3-TrigDerivatives.pdf,.pdf,595,842,0.7067,document,
M408C_-_University_of_Texas_at_Austin,46_9-21_1230.pdf,.pdf,612,804,0.7612,document,
M408C_-_University_of_Texas_at_Austin,47_HW05_Solutions.pdf,.pdf,595,842,0.7067,document,
M408C_-_University_of_Texas_at_Austin,48_Quest_Review_Week_5_-_Week_7-solutions.pdf,.pdf,612,792,0.7727,document,
M408C_-_University_of_Texas_at_Austin,49_Textbook_Homework_05_R.pdf,.pdf,612,792,0.7727,document,
M408C_-_University_of_Texas_at_Austin,4_HW01_-_Textbook_1.5.pdf,.pdf,612,792,0.7727,document,
M408C_-_University_of_Texas_at_Austin,50_Week05HW.pdf,.pdf,612,792,0.7727,document,
M408C_-_University_of_Texas_at_Austin,51_3_3-TrigDerivatives.pdf,.pdf,595,842,0.7067,document,
M408C_-_University_of_Texas_at_Austin,52_3_4-ChainRule.pdf,.pdf,595,842,0.7067,document,
M408C_-_University_of_Texas_at_Austin,53_3_5_1-Implicit.pdf,.pdf,595,842,0.7067,document,
M408C_-_University_of_Texas_at_Austin,54_3_5_2-InverseTrig.pdf,.pdf,595,842,0.7067,document,
M408C_-_University_of_Texas_at_Austin,55_3_6-LnDerivative.pdf,.pdf,595,842,0.7067,document,
M408C_-_University_of_Texas_at_Austin,56_9-26_1230.pdf,.pdf,612,804,0.7612,document,
M408C_-_University_of_Texas_at_Austin,57_HW06_-_3.3_-_3.5-problems.pdf,.pdf,612,792,0.7727,document,
M408C_-_University_of_Texas_at_Austin,58_Textbook_Homework_06.pdf,.pdf,612,792,0.7727,document,
M408C_-_University_of_Texas_at_Austin,59_Week06HW.pdf,.pdf,612,792,0.7727,document,
M408C_-_University_of_Texas_at_Austin,5_HW01_-_Textbook_Homework.pdf,.pdf,612,792,0.7727,document,
M408C_-_University_of_Texas_at_Austin,60_10-03_1230.pdf,.pdf,612,804,0.7612,document,
M408C_-_University_of_Texas_at_Austin,61_10-05_1230.pdf,.pdf,612,804,0.7612,document,
M408C_-_University_of_Texas_at_Austin,62_3_10_1-Linearization.pdf,.pdf,595,842,0.7067,document,
M408C_-_University_of_Texas_at_Austin,63_3_10_2-Differentials.pdf,.pdf,595,842,0.7067,document,
M408C_-_University_of_Texas_at_Austin,64_3_8_1-LawOfNaturalGrowth.pdf,.pdf,595,842,0.7067,document,
M408C_-_University_of_Texas_at_Austin,65_3_8_2-LoNG_Examples.pdf,.pdf,595,842,0.7067,document,
M408C_-_University_of_Texas_at_Austin,66_3_9_1-RRIntro.pdf,.pdf,595,842,0.7067,document,
M408C_-_University_of_Texas_at_Austin,67_3_9_2-RRExamples1.pdf,.pdf,595,842,0.7067,document,
M408C_-_University_of_Texas_at_Austin,68_3_9_3-RRExamples2.pdf,.pdf,595,842,0.7067,document,
M408C_-_University_of_Texas_at_Austin,69_HW07_-_3.6_3.9_3.10-problems.pdf,.pdf,612,792,0.7727,document,
M408C_-_University_of_Texas_at_Austin,6_HW01Solutions.pdf,.pdf,595,842,0.7067,document,
M408C_-_University_of_Texas_at_Austin,70_Textbook_Homework_07_R1.pdf,.pdf,612,792,0.7727,document,
M408C_-_University_of_Texas_at_Austin,71_Week07HW.pdf,.pdf,612,792,0.7727,document,
M408C_-_University_of_Texas_at_Austin,72_10-10_1230.pdf,.pdf,612,804,0.7612,document,
M408C_-_University_of_Texas_at_Austin,73_3_10_1-Linearization.pdf,.pdf,595,842,0.7067,document,
M408C_-_University_of_Texas_at_Austin,74_3_10_2-Differentials.pdf,.pdf,595,842,0.7067,document,
M408C_-_University_of_Texas_at_Austin,75_4_1-MinsAndMaxs.mp4.pdf,.pdf,595,842,0.7067,document,
M408C_-_University_of_Texas_at_Austin,76_4_2-MVT.pdf,.pdf,595,842,0.7067,document,
M408C_-_University_of_Texas_at_Austin,77_HW08_-_3.11_4.1-4.2-problems.pdf,.pdf,612,792,0.7727,document,
M408C_-_University_of_Texas_at_Austin,78_Quest_Review-problems.pdf,.pdf,612,792,0.7727,document,
M408C_-_University_of_Texas_at_Austin,79_Week08HW.pdf,.pdf,612,792,0.7727,document,
M408C_-_University_of_Texas_at_Austin,7_Homework.pdf,.pdf,612,792,0.7727,document,
M408C_-_University_of_Texas_at_Austin,80_10-19_1230.pdf,.pdf,612,804,0.7612,document,
M408C_-_University_of_Texas_at_Austin,81_4_3_1-1stDeriv.pdf,.pdf,595,842,0.7067,document,
M408C_-_University_of_Texas_at_Austin,82_4_3_2-2ndDeriv.pdf,.pdf,595,842,0.7067,document,
M408C_-_University_of_Texas_at_Austin,83_HW09_-_4.3-problems.pdf,.pdf,612,792,0.7727,document,
M408C_-_University_of_Texas_at_Austin,84_Week09HW.pdf,.pdf,612,792,0.7727,document,
M408C_-_University_of_Texas_at_Austin,85_10-24_1230.pdf,.pdf,612,804,0.7612,document,
M408C_-_University_of_Texas_at_Austin,86_4_4_1-LR1.pdf,.pdf,595,842,0.7067,document,
M408C_-_University_of_Texas_at_Austin,87_4_4_2-LR2.pdf,.pdf,595,842,0.7067,document,
M408C_-_University_of_Texas_at_Austin,88_4_4_3-LR3.pdf,.pdf,595,842,0.7067,document,
M408C_-_University_of_Texas_at_Austin,89_4_5-Sketching.pdf,.pdf,595,842,0.7067,document,
M408C_-_University_of_Texas_at_Austin,8_Week01HW.pdf,.pdf,612,792,0.7727,document,
M408C_-_University_of_Texas_at_Austin,90_4_7-Optimization.pdf,.pdf,595,842,0.7067,document,
M408C_-_University_of_Texas_at_Austin,91_4_9_1-Antiderivatives.pdf,.pdf,595,842,0.7067,document,
M408C_-_University_of_Texas_at_Austin,92_4_9_2-Antiderivatives.pdf,.pdf,595,842,0.7067,document,
M408C_-_University_of_Texas_at_Austin,93_HW_10_-_Final.pdf,.pdf,612,792,0.7727,document,
M408C_-_University_of_Texas_at_Austin,94_HW10_-_4.4_4.5_4.7-problems.pdf,.pdf,612,792,0.7727,document,
M408C_-_University_of_Texas_at_Austin,95_Week_10_HW.pdf,.pdf,612,792,0.7727,document,
M408C_-_University_of_Texas_at_Austin,96_Week10HW.pdf,.pdf,612,792,0.7727,document,
M408C_-_University_of_Texas_at_Austin,97_10-31_1230.pdf,.pdf,612,804,0.7612,document,
M408C_-_University_of_Texas_at_Austin,98_4_9_1-Antiderivatives.pdf,.pdf,595,842,0.7067,document,
M408C_-_University_of_Texas_at_Austin,99_4_9_2-Antiderivatives.pdf,.pdf,595,842,0.7067,document,
M408C_-_University_of_Texas_at_Austin,9_1.4-ExponentialFuctions-Part2.pdf,.pdf,595,842,0.7067,document,
M408D_-_University_of_Texas_at_Austin,10_Section_7.8_part_1-solutions.pdf,.pdf,612,792,0.7727,document,
M408D_-_University_of_Texas_at_Austin,11_Substitution_Problems_-problems.pdf,.pdf,612,792,0.7727,document,
M408D_-_University_of_Texas_at_Austin,12_Substitution_Problems_-solutions.pdf,.pdf,612,792,0.7727,document,
M408D_-_University_of_Texas_at_Austin,13_Pset_4_7.3_M_408D.pdf,.pdf,2146,2601,0.8251,document,
M408D_-_University_of_Texas_at_Austin,14_Section_7.3-problems.pdf,.pdf,612,792,0.7727,document,
M408D_-_University_of_Texas_at_Austin,15_Section_7.3-solutions.pdf,.pdf,612,792,0.7727,document,
M408D_-_University_of_Texas_at_Austin,16_Section_7.4-problems.pdf,.pdf,612,792,0.7727,document,
M408D_-_University_of_Texas_at_Austin,17_Section_7.4-solutions.pdf,.pdf,612,792,0.7727,document,
M408D_-_University_of_Texas_at_Austin,18_Section_7.8_part_2-problems.pdf,.pdf,612,792,0.7727,document,
M408D_-_University_of_Texas_at_Austin,19_Section_7.8_part_2-solutions.pdf,.pdf,612,792,0.7727,document,
M408D_-_University_of_Texas_at_Austin,1_Pset_1_Sol_-_Substitution_M_408D_2024-08-27_21_35_15.pdf,.pdf,1354,2988,0.4531,document,
M408D_-_University_of_Texas_at_Austin,20_Pset_5_7.4_M_408D_Partial_Fractions.pdf,.pdf,1401,4953,0.2829,document,
M408D_-_University_of_Texas_at_Austin,21_Pset_6_M408D_7.8_Part_I_and_II.pdf,.pdf,1300,1863,0.6978,document,
M408D_-_University_of_Texas_at_Austin,22_Pset_7_M_408D_9.1_Diffy_Eq.pdf,.pdf,1119,777,1.4402,slide,
M408D_-_University_of_Texas_at_Austin,23_Section_9.1-problems.pdf,.pdf,612,792,0.7727,document,
M408D_-_University_of_Texas_at_Austin,24_Section_9.1-solutions.pdf,.pdf,612,792,0.7727,document,
M408D_-_University_of_Texas_at_Austin,25_Pset_8_M_408D_Section_9.3.pdf,.pdf,1110,1349,0.8228,document,
M408D_-_University_of_Texas_at_Austin,26_Pset_9_M_408D_Section_9.5.pdf,.pdf,1083,1119,0.9678,document,
M408D_-_University_of_Texas_at_Austin,27_Section_9.3-problems.pdf,.pdf,612,792,0.7727,document,
M408D_-_University_of_Texas_at_Austin,28_Section_9.3-solutions.pdf,.pdf,612,792,0.7727,document,
M408D_-_University_of_Texas_at_Austin,29_Section_9.5-problems.pdf,.pdf,612,792,0.7727,document,
M408D_-_University_of_Texas_at_Austin,2_Pset_2_7.1_M408D_Sol_2024-08-29_22_27_22.pdf,.pdf,1893,3565,0.531,document,
M408D_-_University_of_Texas_at_Austin,30_Section_9.5-solutions.pdf,.pdf,612,792,0.7727,document,
M408D_-_University_of_Texas_at_Austin,31_Pset_10_M408D_10.1.pdf,.pdf,435,1034,0.4207,document,
M408D_-_University_of_Texas_at_Austin,32_Section_10.1-problems.pdf,.pdf,612,792,0.7727,document,
M408D_-_University_of_Texas_at_Austin,33_Section_10.1-solutions.pdf,.pdf,612,792,0.7727,document,
M408D_-_University_of_Texas_at_Austin,34_Section_10.2-problems.pdf,.pdf,612,792,0.7727,document,
M408D_-_University_of_Texas_at_Austin,35_Section_10.2-solutions.pdf,.pdf,612,792,0.7727,document,
M408D_-_University_of_Texas_at_Austin,36_M_408D_Pset_12_10.3.pdf,.pdf,762,530,1.4377,slide,
M408D_-_University_of_Texas_at_Austin,37_M_408D_Pset_13_10.4.pdf,.pdf,864,1193,0.7242,document,
M408D_-_University_of_Texas_at_Austin,38_Pset_11_M_408D_11.1.pdf,.pdf,367,731,0.5021,document,
M408D_-_University_of_Texas_at_Austin,39_Section_10.3-problems.pdf,.pdf,612,792,0.7727,document,
M408D_-_University_of_Texas_at_Austin,3_Pset_3_7.2_M408D_Sol_2024-08-30_13_54_31.pdf,.pdf,1413,2476,0.5707,document,
M408D_-_University_of_Texas_at_Austin,40_Section_10.3-solutions.pdf,.pdf,612,792,0.7727,document,
M408D_-_University_of_Texas_at_Austin,41_Section_10.4-problems.pdf,.pdf,612,792,0.7727,document,
M408D_-_University_of_Texas_at_Austin,42_Section_10.4-solutions.pdf,.pdf,612,792,0.7727,document,
M408D_-_University_of_Texas_at_Austin,43_Section_11.1-problems.pdf,.pdf,612,792,0.7727,document,
M408D_-_University_of_Texas_at_Austin,44_Section_11.1-solutions.pdf,.pdf,612,792,0.7727,document,
M408D_-_University_of_Texas_at_Austin,45_Section_11.2-problems.pdf,.pdf,612,792,0.7727,document,
M408D_-_University_of_Texas_at_Austin,46_Section_11.2-solutions.pdf,.pdf,612,792,0.7727,document,
M408D_-_University_of_Texas_at_Austin,47_Section_11.3-problems.pdf,.pdf,612,792,0.7727,document,
M408D_-_University_of_Texas_at_Austin,48_Section_11.3-solutions.pdf,.pdf,612,792,0.7727,document,
M408D_-_University_of_Texas_at_Austin,49_M_408D_Pset_15_11.3.pdf,.pdf,734,979,0.7497,document,
M408D_-_University_of_Texas_at_Austin,4_Section_7.1-problems.pdf,.pdf,612,792,0.7727,document,
M408D_-_University_of_Texas_at_Austin,50_Section_11.4-problems.pdf,.pdf,612,792,0.7727,document,
M408D_-_University_of_Texas_at_Austin,51_Section_11.4-solutions.pdf,.pdf,612,792,0.7727,document,
M408D_-_University_of_Texas_at_Austin,52_M_408D_Pset_15_11.6_and_11.5.pdf,.pdf,901,2268,0.3973,document,
M408D_-_University_of_Texas_at_Austin,53_Pset_18_M_408D_11.9.pdf,.pdf,582,543,1.0718,slide,
M408D_-_University_of_Texas_at_Austin,54_Section_11.5_11.6-solutions.pdf,.pdf,612,792,0.7727,document,
M408D_-_University_of_Texas_at_Austin,55_Section_11.5_and_11.6-problems.pdf,.pdf,612,792,0.7727,document,
M408D_-_University_of_Texas_at_Austin,56_Section_11.8-problems.pdf,.pdf,612,792,0.7727,document,
M408D_-_University_of_Texas_at_Austin,57_Section_11.8-solutions.pdf,.pdf,612,792,0.7727,document,
M408D_-_University_of_Texas_at_Austin,58_Section_11.9-problems.pdf,.pdf,612,792,0.7727,document,
M408D_-_University_of_Texas_at_Austin,59_Section_11.9-solutions.pdf,.pdf,612,792,0.7727,document,
M408D_-_University_of_Texas_at_Austin,5_Section_7.1-solutions.pdf,.pdf,612,792,0.7727,document,
M408D_-_University_of_Texas_at_Austin,60_Chapter_11_Section_8_Problems.pdf,.pdf,733,1527,0.48,document,
M408D_-_University_of_Texas_at_Austin,61_Section_11.10-problems.pdf,.pdf,612,792,0.7727,document,
M408D_-_University_of_Texas_at_Austin,62_Section_11.10-solutions.pdf,.pdf,612,792,0.7727,document,
M408D_-_University_of_Texas_at_Austin,63_Section_11.11-problems.pdf,.pdf,612,792,0.7727,document,
M408D_-_University_of_Texas_at_Austin,64_Section_11.11-solutions.pdf,.pdf,612,792,0.7727,document,
M408D_-_University_of_Texas_at_Austin,65_Section_14.1-problems.pdf,.pdf,612,792,0.7727,document,
M408D_-_University_of_Texas_at_Austin,66_Section_14.1-solutions.pdf,.pdf,612,792,0.7727,document,
M408D_-_University_of_Texas_at_Austin,67_Pset_19_M_408D_14.5.pdf,.pdf,963,722,1.3338,slide,
M408D_-_University_of_Texas_at_Austin,68_Section_14.2-problems.pdf,.pdf,612,792,0.7727,document,
M408D_-_University_of_Texas_at_Austin,69_Section_14.2-solutions.pdf,.pdf,612,792,0.7727,document,
M408D_-_University_of_Texas_at_Austin,6_Section_7.2-problems.pdf,.pdf,612,792,0.7727,document,
M408D_-_University_of_Texas_at_Austin,70_Section_14.3-problems.pdf,.pdf,612,792,0.7727,document,
M408D_-_University_of_Texas_at_Austin,71_Section_14.3-solutions.pdf,.pdf,612,792,0.7727,document,
M408D_-_University_of_Texas_at_Austin,72_Section_14.5-problems.pdf,.pdf,612,792,0.7727,document,
M408D_-_University_of_Texas_at_Austin,73_Section_14.5-solutions.pdf,.pdf,612,792,0.7727,document,
M408D_-_University_of_Texas_at_Austin,74_Pset_20_M_408D_15.1.pdf,.pdf,1120,1187,0.9436,document,
M408D_-_University_of_Texas_at_Austin,75_Section_15.1-problems.pdf,.pdf,612,792,0.7727,document,
M408D_-_University_of_Texas_at_Austin,76_Section_15.2-problems.pdf,.pdf,612,792,0.7727,document,
M408D_-_University_of_Texas_at_Austin,77_Section_15.3-problems.pdf,.pdf,612,792,0.7727,document,
M408D_-_University_of_Texas_at_Austin,78_Section_15.6-problems.pdf,.pdf,612,792,0.7727,document,
M408D_-_University_of_Texas_at_Austin,7_Section_7.2-solutions.pdf,.pdf,612,792,0.7727,document,
M408D_-_University_of_Texas_at_Austin,80_Derivative_rules_408D.pdf,.pdf,612,792,0.7727,document,
M408D_-_University_of_Texas_at_Austin,81_Exponents-and-Logarithms.pdf,.pdf,596,842,0.7078,document,
M408D_-_University_of_Texas_at_Austin,82_Integration_Practice_Problems.pdf,.pdf,612,792,0.7727,document,
M408D_-_University_of_Texas_at_Austin,83_Practice_Problem_Set_1.pdf,.pdf,854,598,1.4281,slide,
M408D_-_University_of_Texas_at_Austin,84_Section_14.3_Practice_Problems_Partial_Derivatives.pdf,.pdf,784,1009,0.777,document,
M408D_-_University_of_Texas_at_Austin,85_Section_7.8_Problems.pdf,.pdf,612,792,0.7727,document,
M408D_-_University_of_Texas_at_Austin,86_Series_and_Sequences_Summary.pdf,.pdf,612,792,0.7727,document,
M408D_-_University_of_Texas_at_Austin,87_Syllabus_408D_Fall_2024_10_am.pdf,.pdf,612,792,0.7727,document,
M408D_-_University_of_Texas_at_Austin,88_Trig_Integration_and_Substitution_Refresh.pdf,.pdf,612,804,0.7612,document,
M408D_-_University_of_Texas_at_Austin,89_graphs_and_level_curves.pdf,.pdf,792,612,1.2941,slide,
M408D_-_University_of_Texas_at_Austin,8_Section_7.8_part_1-problems.pdf,.pdf,612,792,0.7727,document,
M408D_-_University_of_Texas_at_Austin,90_integral_formulas.pdf,.pdf,612,792,0.7727,document,
M408D_-_University_of_Texas_at_Austin,9_Section_7.8_part_1-problems.pdf,.pdf,612,792,0.7727,document,
MA1023_-_Worcester_Polytechnic_Institute,1_lecture1.pdf,.pdf,612,792,0.7727,document,
MA1023_-_Worcester_Polytechnic_Institute,2_lecture2.pdf,.pdf,612,792,0.7727,document,
MA1023_-_Worcester_Polytechnic_Institute,3_lecture3.pdf,.pdf,612,792,0.7727,document,
MA1023_-_Worcester_Polytechnic_Institute,4_lecture4.pdf,.pdf,612,792,0.7727,document,
MA1023_-_Worcester_Polytechnic_Institute,5_lecture5.pdf,.pdf,612,792,0.7727,document,
MA1023_-_Worcester_Polytechnic_Institute,6_lecture6.pdf,.pdf,612,792,0.7727,document,
MA1023_-_Worcester_Polytechnic_Institute,7_lecture7.pdf,.pdf,612,792,0.7727,document,
MA1023_-_Worcester_Polytechnic_Institute,8_lecture8.pdf,.pdf,612,792,0.7727,document,
MA1023_-_Worcester_Polytechnic_Institute,9_lecture9.pdf,.pdf,612,792,0.7727,document,
MACA101_-_Simon_Fraser_University,10_logic3.pdf,.pdf,363,273,1.3297,slide,
MACA101_-_Simon_Fraser_University,11_logic4.pdf,.pdf,363,273,1.3297,slide,
MACA101_-_Simon_Fraser_University,12_logic5.pdf,.pdf,363,273,1.3297,slide,
MACA101_-_Simon_Fraser_University,13_logic6.pdf,.pdf,363,273,1.3297,slide,
MACA101_-_Simon_Fraser_University,14_logic7.pdf,.pdf,363,273,1.3297,slide,
MACA101_-_Simon_Fraser_University,15_logic8.pdf,.pdf,363,273,1.3297,slide,
MACA101_-_Simon_Fraser_University,16_permutations.pdf,.pdf,363,273,1.3297,slide,
MACA101_-_Simon_Fraser_University,17_pigeonhole.pdf,.pdf,363,273,1.3297,slide,
MACA101_-_Simon_Fraser_University,18_probability1.pdf,.pdf,363,273,1.3297,slide,
MACA101_-_Simon_Fraser_University,19_probability2.pdf,.pdf,363,273,1.3297,slide,
MACA101_-_Simon_Fraser_University,1_introduction.pdf,.pdf,363,273,1.3297,slide,
MACA101_-_Simon_Fraser_University,20_probability3.pdf,.pdf,363,273,1.3297,slide,
MACA101_-_Simon_Fraser_University,21_recap.pdf,.pdf,363,273,1.3297,slide,
MACA101_-_Simon_Fraser_University,22_relations1.pdf,.pdf,363,273,1.3297,slide,
MACA101_-_Simon_Fraser_University,23_relations2.pdf,.pdf,363,273,1.3297,slide,
MACA101_-_Simon_Fraser_University,24_relations3.pdf,.pdf,363,273,1.3297,slide,
MACA101_-_Simon_Fraser_University,25_relations4.pdf,.pdf,363,273,1.3297,slide,
MACA101_-_Simon_Fraser_University,26_reminder.pptx,.pptx,960,720,1.3333,slide,
MACA101_-_Simon_Fraser_University,27_sets1.pdf,.pdf,363,273,1.3297,slide,
MACA101_-_Simon_Fraser_University,28_sets2.pdf,.pdf,363,273,1.3297,slide,
MACA101_-_Simon_Fraser_University,2_bincoeffs.pdf,.pdf,363,273,1.3297,slide,
MACA101_-_Simon_Fraser_University,3_cardinality.pdf,.pdf,363,273,1.3297,slide,
MACA101_-_Simon_Fraser_University,4_combinations.pdf,.pdf,363,273,1.3297,slide,
MACA101_-_Simon_Fraser_University,5_functions.pdf,.pdf,363,273,1.3297,slide,
MACA101_-_Simon_Fraser_University,6_induction1.pdf,.pdf,363,273,1.3297,slide,
MACA101_-_Simon_Fraser_University,7_induction2.pdf,.pdf,363,273,1.3297,slide,
MACA101_-_Simon_Fraser_University,8_logic1.pdf,.pdf,363,273,1.3297,slide,
MACA101_-_Simon_Fraser_University,9_logic2.pdf,.pdf,363,273,1.3297,slide,
MACM101_-_Simon_Fraser_University,10_logic3.pdf,.pdf,363,273,1.3297,slide,
MACM101_-_Simon_Fraser_University,11_logic4.pdf,.pdf,363,273,1.3297,slide,
MACM101_-_Simon_Fraser_University,12_logic5.pdf,.pdf,363,273,1.3297,slide,
MACM101_-_Simon_Fraser_University,13_logic6.pdf,.pdf,363,273,1.3297,slide,
MACM101_-_Simon_Fraser_University,14_logic7.pdf,.pdf,363,273,1.3297,slide,
MACM101_-_Simon_Fraser_University,15_logic8.pdf,.pdf,363,273,1.3297,slide,
MACM101_-_Simon_Fraser_University,16_permutations.pdf,.pdf,363,273,1.3297,slide,
MACM101_-_Simon_Fraser_University,17_pigeonhole.pdf,.pdf,363,273,1.3297,slide,
MACM101_-_Simon_Fraser_University,18_probability1.pdf,.pdf,363,273,1.3297,slide,
MACM101_-_Simon_Fraser_University,19_probability2.pdf,.pdf,363,273,1.3297,slide,
MACM101_-_Simon_Fraser_University,1_introduction.pdf,.pdf,363,273,1.3297,slide,
MACM101_-_Simon_Fraser_University,20_probability3.pdf,.pdf,363,273,1.3297,slide,
MACM101_-_Simon_Fraser_University,21_recap.pdf,.pdf,363,273,1.3297,slide,
MACM101_-_Simon_Fraser_University,22_relations1.pdf,.pdf,363,273,1.3297,slide,
MACM101_-_Simon_Fraser_University,23_relations2.pdf,.pdf,363,273,1.3297,slide,
MACM101_-_Simon_Fraser_University,24_relations3.pdf,.pdf,363,273,1.3297,slide,
MACM101_-_Simon_Fraser_University,25_relations4.pdf,.pdf,363,273,1.3297,slide,
MACM101_-_Simon_Fraser_University,26_reminder.pptx,.pptx,960,720,1.3333,slide,
MACM101_-_Simon_Fraser_University,27_sets1.pdf,.pdf,363,273,1.3297,slide,
MACM101_-_Simon_Fraser_University,28_sets2.pdf,.pdf,363,273,1.3297,slide,
MACM101_-_Simon_Fraser_University,2_bincoeffs.pdf,.pdf,363,273,1.3297,slide,
MACM101_-_Simon_Fraser_University,3_cardinality.pdf,.pdf,363,273,1.3297,slide,
MACM101_-_Simon_Fraser_University,4_combinations.pdf,.pdf,363,273,1.3297,slide,
MACM101_-_Simon_Fraser_University,5_functions.pdf,.pdf,363,273,1.3297,slide,
MACM101_-_Simon_Fraser_University,6_induction1.pdf,.pdf,363,273,1.3297,slide,
MACM101_-_Simon_Fraser_University,7_induction2.pdf,.pdf,363,273,1.3297,slide,
MACM101_-_Simon_Fraser_University,8_logic1.pdf,.pdf,363,273,1.3297,slide,
MACM101_-_Simon_Fraser_University,9_logic2.pdf,.pdf,363,273,1.3297,slide,
MAT021B_-_University_of_California_Davis,10_MAT21B_week8.pdf,.pdf,363,273,1.3297,slide,
MAT021B_-_University_of_California_Davis,11_MAT21B_week9.pdf,.pdf,363,273,1.3297,slide,
MAT021B_-_University_of_California_Davis,12_MAT21B_week10.pdf,.pdf,363,273,1.3297,slide,
MAT021B_-_University_of_California_Davis,1_MAT21B_week1.pdf,.pdf,363,273,1.3297,slide,
MAT021B_-_University_of_California_Davis,2_MAT21B_week2.pdf,.pdf,363,273,1.3297,slide,
MAT021B_-_University_of_California_Davis,3_MAT21B_week3.pdf,.pdf,363,273,1.3297,slide,
MAT021B_-_University_of_California_Davis,4_MAT21B_week4.pdf,.pdf,363,273,1.3297,slide,
MAT021B_-_University_of_California_Davis,5_MAT21B_week5.pdf,.pdf,363,273,1.3297,slide,
MAT021B_-_University_of_California_Davis,6_Ch6Pra_Thomas13.pdf,.pdf,612,782,0.7826,document,
MAT021B_-_University_of_California_Davis,7_MAT21B_week6.pdf,.pdf,363,273,1.3297,slide,
MAT021B_-_University_of_California_Davis,8_MAT21B_week7.pdf,.pdf,363,273,1.3297,slide,
MAT021B_-_University_of_California_Davis,9_Ch8Pra_Thomas13.pdf,.pdf,612,782,0.7826,document,
MAT21B_-_University_of_California_Davis,10_MAT21B_week8.pdf,.pdf,363,273,1.3297,slide,
MAT21B_-_University_of_California_Davis,11_MAT21B_week9.pdf,.pdf,363,273,1.3297,slide,
MAT21B_-_University_of_California_Davis,12_MAT21B_week10.pdf,.pdf,363,273,1.3297,slide,
MAT21B_-_University_of_California_Davis,1_MAT21B_week1.pdf,.pdf,363,273,1.3297,slide,
MAT21B_-_University_of_California_Davis,2_MAT21B_week2.pdf,.pdf,363,273,1.3297,slide,
MAT21B_-_University_of_California_Davis,3_MAT21B_week3.pdf,.pdf,363,273,1.3297,slide,
MAT21B_-_University_of_California_Davis,4_MAT21B_week4.pdf,.pdf,363,273,1.3297,slide,
MAT21B_-_University_of_California_Davis,5_MAT21B_week5.pdf,.pdf,363,273,1.3297,slide,
MAT21B_-_University_of_California_Davis,6_Ch6Pra_Thomas13.pdf,.pdf,612,782,0.7826,document,
MAT21B_-_University_of_California_Davis,7_MAT21B_week6.pdf,.pdf,363,273,1.3297,slide,
MAT21B_-_University_of_California_Davis,8_MAT21B_week7.pdf,.pdf,363,273,1.3297,slide,
MAT21B_-_University_of_California_Davis,9_Ch8Pra_Thomas13.pdf,.pdf,612,782,0.7826,document,
MATH2341_-_Northeastern_University,1_2341-Week-1-Newsletter.pdf,.pdf,612,792,0.7727,document,
MATH2341_-_Northeastern_University,2_2341-Week-2-Newsletter.pdf,.pdf,612,792,0.7727,document,
MATH2341_-_Northeastern_University,3_2341-Week-3-Newsletter.pdf,.pdf,612,792,0.7727,document,
MATH2341_-_Northeastern_University,4_2341-Week-4-Newsletter.pdf,.pdf,612,792,0.7727,document,
ML09_-_Stanford_University,10_lecture_8.pdf,.pdf,720,406,1.7734,slide,
ML09_-_Stanford_University,11_lecture_9.pdf,.pdf,720,406,1.7734,slide,
ML09_-_Stanford_University,12_lecture_10.pdf,.pdf,720,406,1.7734,slide,
ML09_-_Stanford_University,13_lecture_11.pdf,.pdf,720,406,1.7734,slide,
ML09_-_Stanford_University,14_lecture_12.pdf,.pdf,720,406,1.7734,slide,
ML09_-_Stanford_University,15_lecture_13.pdf,.pdf,720,406,1.7734,slide,
ML09_-_Stanford_University,16_lecture_14.pdf,.pdf,720,406,1.7734,slide,
ML09_-_Stanford_University,17_lecture_15.pdf,.pdf,720,406,1.7734,slide,
ML09_-_Stanford_University,18_lecture_16.pdf,.pdf,720,406,1.7734,slide,
ML09_-_Stanford_University,19_section_2_backprop.pdf,.pdf,363,273,1.3297,slide,
ML09_-_Stanford_University,1_lecture_1_part_1.pdf,.pdf,720,406,1.7734,slide,
ML09_-_Stanford_University,20_section_3_project.pdf,.pdf,960,540,1.7778,slide,
ML09_-_Stanford_University,21_section_5.pdf,.pdf,720,405,1.7778,slide,
ML09_-_Stanford_University,2_lecture_1_part_2.pdf,.pdf,720,406,1.7734,slide,
ML09_-_Stanford_University,4_lecture_2.pdf,.pdf,720,406,1.7734,slide,
ML09_-_Stanford_University,5_lecture_3.pdf,.pdf,720,406,1.7734,slide,
ML09_-_Stanford_University,6_lecture_4.pdf,.pdf,720,406,1.7734,slide,
ML09_-_Stanford_University,7_lecture_5.pdf,.pdf,720,406,1.7734,slide,
ML09_-_Stanford_University,8_lecture_6.pdf,.pdf,720,406,1.7734,slide,
ML09_-_Stanford_University,9_lecture_7.pdf,.pdf,720,406,1.7734,slide,
NEURO102_-_Duke_University,1_Part_1_Medical_Neuroscience_Notes.pdf,.pdf,550,792,0.6944,document,
NEURO102_-_Duke_University,2_Part_2_Medical_Neuroscience_Notes.pdf,.pdf,574,792,0.7247,document,
NEURO102_-_Duke_University,3_Part_3_Medical_Neuroscience_Notes.pdf,.pdf,572,792,0.7222,document,
NEURO102_-_Duke_University,4_Part_4_Medical_Neuroscience_Notes.pdf,.pdf,532,792,0.6717,document,
SE240_-_University_of_Waterloo,10_module10.pdf,.pdf,363,273,1.3297,slide,
SE240_-_University_of_Waterloo,11_module11.pdf,.pdf,363,273,1.3297,slide,
SE240_-_University_of_Waterloo,12_module00.pdf,.pdf,363,273,1.3297,slide,
SE240_-_University_of_Waterloo,1_module01.pdf,.pdf,363,273,1.3297,slide,
SE240_-_University_of_Waterloo,2_module02.pdf,.pdf,363,273,1.3297,slide,
SE240_-_University_of_Waterloo,3_module03.pdf,.pdf,363,273,1.3297,slide,
SE240_-_University_of_Waterloo,4_module04.pdf,.pdf,363,273,1.3297,slide,
SE240_-_University_of_Waterloo,5_module05.pdf,.pdf,363,273,1.3297,slide,
SE240_-_University_of_Waterloo,6_module06.pdf,.pdf,363,273,1.3297,slide,
SE240_-_University_of_Waterloo,7_module07.pdf,.pdf,363,273,1.3297,slide,
SE240_-_University_of_Waterloo,8_module08.pdf,.pdf,363,273,1.3297,slide,
SE240_-_University_of_Waterloo,9_module09.pdf,.pdf,363,273,1.3297,slide,
SEG3101_-_University_of_Ottawa,10_SEG3101-ch3-4_-_Non-Functional_Requirements_-_Qualities.ppt,.ppt,960,720,1.3333,slide,
SEG3101_-_University_of_Ottawa,11_SEG3101-ch3-5_-_Goal_modeling_-_GRL.ppt,.ppt,960,720,1.3333,slide,
SEG3101_-_University_of_Ottawa,12_SEG3101-ch3-5-bis_-_URN_overview_and_tool.ppt,.ppt,960,720,1.3333,slide,
SEG3101_-_University_of_Ottawa,13_SEG3101-ch3-6-a_-_Functional_Modeling_-_Requirement_patterns.ppt,.ppt,960,720,1.3333,slide,
SEG3101_-_University_of_Ottawa,14_SEG3101-ch3-6-b_-_Structural_Modeling.ppt,.ppt,960,720,1.3333,slide,
SEG3101_-_University_of_Ottawa,15_SEG3101-ch3-6-c_-_Behavioral_Modeling.ppt,.ppt,960,720,1.3333,slide,
SEG3101_-_University_of_Ottawa,16_SEG3101-ch3-6-d_-_UCM.ppt,.ppt,960,720,1.3333,slide,
SEG3101_-_University_of_Ottawa,17_SEG3101-ch4-1_-_Verification_and_Valildation.ppt,.ppt,960,720,1.3333,slide,
SEG3101_-_University_of_Ottawa,18_SEG3101-ch5_-_Management.ppt,.ppt,960,720,1.3333,slide,
SEG3101_-_University_of_Ottawa,19_SEG3101-ch6_-_RE_Processes.ppt,.ppt,960,720,1.3333,slide,
SEG3101_-_University_of_Ottawa,1_SEG3101-ch1-1_-_Basics_-_purpose_and_nature_of_requirements.ppt,.ppt,960,720,1.3333,slide,
SEG3101_-_University_of_Ottawa,20_DOORS-ChangeManagement.ppt,.ppt,960,720,1.3333,slide,
SEG3101_-_University_of_Ottawa,2_SEG3101-ch1-2_-_Basics_-_the_RE_process.ppt,.ppt,960,720,1.3333,slide,
SEG3101_-_University_of_Ottawa,3_SEG3101-ch2-1_-_Inception.ppt,.ppt,960,720,1.3333,slide,
SEG3101_-_University_of_Ottawa,4_SEG3101-ch2-2_-_IntroductionToElicitation.ppt,.ppt,960,720,1.3333,slide,
SEG3101_-_University_of_Ottawa,5_SEG3101-ch2-3_-_ElicitationTechniques.ppt,.ppt,960,720,1.3333,slide,
SEG3101_-_University_of_Ottawa,6_SEG3101-ch2-4_-_Requirements_Triage_and_Negotiation.ppt,.ppt,960,720,1.3333,slide,
SEG3101_-_University_of_Ottawa,7_SEG3101-ch3-1_-_Intro_to_Analysis_and_Specification.ppt,.ppt,960,720,1.3333,slide,
SEG3101_-_University_of_Ottawa,8_SEG3101-ch3-2_-_Requirements_documentation_standards_-_IEEE830.ppt,.ppt,960,720,1.3333,slide,
SEG3101_-_University_of_Ottawa,9_SEG3101-ch3-3_-_WritingBetterRequirements.ppt,.ppt,960,720,1.3333,slide,
STA100_-_University_of_California_Davis,10_Ch10.slides.pdf,.pdf,750,546,1.3736,slide,
STA100_-_University_of_California_Davis,11_Ch11.slides.pdf,.pdf,750,546,1.3736,slide,
STA100_-_University_of_California_Davis,12_Ch12.slides.pdf,.pdf,750,546,1.3736,slide,
STA100_-_University_of_California_Davis,1_Ch1.slides.pdf,.pdf,750,546,1.3736,slide,
STA100_-_University_of_California_Davis,2_Ch2.slides.pdf,.pdf,750,546,1.3736,slide,
STA100_-_University_of_California_Davis,3_Ch3.slides.pdf,.pdf,750,546,1.3736,slide,
STA100_-_University_of_California_Davis,4_Ch4.slides.pdf,.pdf,750,546,1.3736,slide,
STA100_-_University_of_California_Davis,5_Ch5.slides.pdf,.pdf,750,546,1.3736,slide,
STA100_-_University_of_California_Davis,6_Ch6.slides.pdf,.pdf,750,546,1.3736,slide,
STA100_-_University_of_California_Davis,7_Ch7.slides.pdf,.pdf,750,546,1.3736,slide,
STA100_-_University_of_California_Davis,8_Ch8.slides.pdf,.pdf,750,546,1.3736,slide,
STA100_-_University_of_California_Davis,9_Ch9.slides.pdf,.pdf,750,546,1.3736,slide,
