10716 slide-rich courses (>= 4 ratings) [chemistry:1307, cs:2810, ece:278, economics:958, engineering:2051, math:2146, physics:766, stats:400]; gold: 242 adopted, 445 no-slides (0 dropped); 2498 labelled; 3053 cached + 4720 live to do
[1/7773] 'SIS731 - American University': no usable link (cache)
[2/7773] 'ACT415 - Arizona State University': no usable link (cache)
[3/7773] 'BME350 - Arizona State University': no usable link (cache)
[4/7773] 'CEE212 - Arizona State University': no usable link (cache)
[5/7773] 'CHE334 - Arizona State University': no usable link (cache)
[6/7773] 'CHE384 - Arizona State University': no usable link (cache)
[7/7773] 'CHEM101 - Arizona State University': no usable link (cache)
[8/7773] 'CHEM113 - Arizona State University': no usable link (cache)
[9/7773] 'CHM1113 - Arizona State University': no usable link (cache)
[10/7773] 'CHM113 - Arizona State University': no usable link (cache)
[11/7773] 'CHM116 - Arizona State University': no usable link (cache)
[12/7773] 'CHM231 - Arizona State University': no usable link (cache)
[13/7773] 'CHM233 - Arizona State University': no usable link (cache)
[14/7773] 'CHM234 - Arizona State University': no usable link (cache)
[15/7773] 'CHM341 - Arizona State University': no usable link (cache)
[16/7773] 'CHM433 - Arizona State University': no usable link (cache)
[17/7773] 'CIS235 - Arizona State University': no usable link (cache)
[18/7773] 'CIS236 - Arizona State University': no usable link (cache)
[19/7773] 'CIS340 - Arizona State University': no usable link (cache)
[20/7773] 'CIS425 - Arizona State University': no usable link (cache)
[21/7773] 'CIS446 - Arizona State University': no usable link (cache)
[22/7773] 'CSE230 - Arizona State University': no usable link (cache)
[23/7773] 'CSE412 - Arizona State University': no usable link (cache)
[24/7773] 'CSE563 - Arizona State University': no usable link (cache)
[25/7773] 'CSE564 - Arizona State University': no usable link (cache)
[26/7773] 'CSE579 - Arizona State University': no usable link (cache)
[27/7773] 'DAT300 - Arizona State University': no usable link (cache)
[28/7773] 'ECE100 - Arizona State University': no usable link (cache)
[29/7773] 'ECN221 - Arizona State University': no usable link (cache)
[30/7773] 'ECN312 - Arizona State University': no usable link (cache)
[31/7773] 'ECN441 - Arizona State University': no usable link (cache)
[32/7773] 'ECON211 - Arizona State University': no usable link (cache)
[33/7773] 'EEE120 - Arizona State University': no usable link (cache)
[34/7773] 'EEE304 - Arizona State University': no usable link (cache)
[35/7773] 'EEE350 - Arizona State University': no usable link (cache)
[36/7773] 'EEE423 - Arizona State University': no usable link (cache)
[37/7773] 'EEE425 - Arizona State University': no usable link (cache)
[38/7773] 'EEE436 - Arizona State University': no usable link (cache)
[39/7773] 'EEE525 - Arizona State University': no usable link (cache)
[40/7773] 'EGR101 - Arizona State University': no usable link (cache)
[41/7773] 'EGR102 - Arizona State University': no usable link (cache)
[42/7773] 'EVE261 - Arizona State University': no usable link (cache)
[43/7773] 'FOR286 - Arizona State University': no usable link (cache)
[44/7773] 'FSE100 - Arizona State University': no usable link (cache)
[45/7773] 'FSE150 - Arizona State University': no usable link (cache)
[46/7773] 'IEE100 - Arizona State University': no usable link (cache)
[47/7773] 'IEE300 - Arizona State University': no usable link (cache)
[48/7773] 'IEE385 - Arizona State University': no usable link (cache)
[49/7773] 'IEE461 - Arizona State University': no usable link (cache)
[50/7773] 'MAE213 - Arizona State University': no usable link (cache)
[51/7773] 'MAE241 - Arizona State University': no usable link (cache)
[52/7773] 'MAT251 - Arizona State University': no usable link (cache)
[53/7773] 'MAT300 - Arizona State University': no usable link (cache)
[54/7773] 'MAT371 - Arizona State University': no usable link (cache)
[55/7773] 'MAT410 - Arizona State University': no usable link (cache)
[56/7773] 'MAT443 - Arizona State University': no usable link (cache)
[57/7773] 'PHY111 - Arizona State University': no usable link (cache)
[58/7773] 'PHY121 - Arizona State University': no usable link (cache)
[59/7773] 'PHY252 - Arizona State University': no usable link (cache)
[60/7773] 'STP421 - Arizona State University': no usable link (cache)
[61/7773] 'AERO3110 - Auburn University': no usable link (cache)
[62/7773] 'AERO3230 - Auburn University': no usable link (cache)
[63/7773] 'AERO4710 - Auburn University': no usable link (cache)
[64/7773] 'AVMG3600 - Auburn University': no usable link (cache)
[65/7773] 'AVMG4200 - Auburn University': no usable link (cache)
[66/7773] 'BUSI3500 - Auburn University': no usable link (cache)
[67/7773] 'BUSI3510 - Auburn University': no usable link (cache)
[68/7773] 'CAL1610 - Auburn University': no usable link (cache)
[69/7773] 'CAL1680 - Auburn University': no usable link (cache)
[70/7773] 'CAL2 - Auburn University': no usable link (cache)
[71/7773] 'CALC1610 - Auburn University': no usable link (cache)
[72/7773] 'CHEM1030 - Auburn University': no usable link (cache)
[73/7773] 'CHEM1031 - Auburn University': no usable link (cache)
[74/7773] 'CHEM1040 - Auburn University': no usable link (cache)
[75/7773] 'CHEM1041 - Auburn University': no usable link (cache)
[76/7773] 'CHEM1117 - Auburn University': no usable link (cache)
[77/7773] 'CHEM2070 - Auburn University': no usable link (cache)
[78/7773] 'CHEM2080 - Auburn University': no usable link (cache)
[79/7773] 'CHEM3050 - Auburn University': no usable link (cache)
[80/7773] 'CHEN2110 - Auburn University': no usable link (cache)
[81/7773] 'CHEN3600 - Auburn University': no usable link (cache)
[82/7773] 'CIVL2010 - Auburn University': no usable link (cache)
[83/7773] 'CIVL3010 - Auburn University': no usable link (cache)
[84/7773] 'CIVL3110 - Auburn University': no usable link (cache)
[85/7773] 'CIVL3230 - Auburn University': no usable link (cache)
[86/7773] 'CIVL3310 - Auburn University': no usable link (cache)
[87/7773] 'CIVL3610 - Auburn University': no usable link (cache)
[88/7773] 'COMP3510 - Auburn University': no usable link (cache)
[89/7773] 'CPSC3270 - Auburn University': no usable link (cache)
[90/7773] 'ECCON2020 - Auburn University': no usable link (cache)
[91/7773] 'ECN143 - Auburn University': no usable link (cache)
[92/7773] 'ECON1020 - Auburn University': no usable link (cache)
[93/7773] 'ECON2030 - Auburn University': no usable link (cache)
[94/7773] 'ECON3020 - Auburn University': no usable link (cache)
[95/7773] 'ELEC2110 - Auburn University': no usable link (cache)
[96/7773] 'ENGR1100 - Auburn University': no usable link (cache)
[97/7773] 'ENGR2010 - Auburn University': no usable link (cache)
[98/7773] 'ENGR2100 - Auburn University': no usable link (cache)
[99/7773] 'ENGR2200 - Auburn University': no usable link (cache)
[100/7773] 'MATH1000 - Auburn University': no usable link (cache)
[101/7773] 'MATH1600 - Auburn University': no usable link (cache)
[102/7773] 'MATH1620 - Auburn University': no usable link (cache)
[103/7773] 'MATH1680 - Auburn University': no usable link (cache)
[104/7773] 'MATH2650 - Auburn University': no usable link (cache)
[105/7773] 'MATH5180 - Auburn University': no usable link (cache)
[106/7773] 'MATL2100 - Auburn University': no usable link (cache)
[107/7773] 'MATL3100 - Auburn University': no usable link (cache)
[108/7773] 'MECH2020 - Auburn University': no usable link (cache)
[109/7773] 'MECH2130 - Auburn University': no usable link (cache)
[110/7773] 'MECH2140 - Auburn University': no usable link (cache)
[111/7773] 'MECH3020 - Auburn University': no usable link (cache)
[112/7773] 'MECH3030 - Auburn University': no usable link (cache)
[113/7773] 'MECH3120 - Auburn University': no usable link (cache)
[114/7773] 'MTH1680 - Auburn University': no usable link (cache)
[115/7773] 'PHSY1610 - Auburn University': no usable link (cache)
[116/7773] 'PHYS1150 - Auburn University': no usable link (cache)
[117/7773] 'PHYS1400 - Auburn University': no usable link (cache)
[118/7773] 'PHYS1600 - Auburn University': no usable link (cache)
[119/7773] 'PHYS1610 - Auburn University': no usable link (cache)
[120/7773] 'STAT2510 - Auburn University': no usable link (cache)
[121/7773] 'AQM1000 - Babson College': no usable link (cache)
[122/7773] 'AQM2000 - Babson College': no usable link (cache)
[123/7773] 'ECN3615 - Babson College': no usable link (cache)
[124/7773] 'ECN3675 - Babson College': no usable link (cache)
[125/7773] 'MBA7365 - Babson College': no usable link (cache)
[126/7773] 'QTM1010 - Babson College': no usable link (cache)
[127/7773] 'QTM1300 - Babson College': no usable link (cache)
[128/7773] 'QTM1310 - Babson College': no usable link (cache)
[129/7773] 'QTM2420 - Babson College': no usable link (cache)
[130/7773] 'SME2001 - Babson College': no usable link (cache)
[131/7773] 'CALC132 - Ball State University': no usable link (cache)
[132/7773] 'MATHS125 - Ball State University': no usable link (cache)
[133/7773] 'MATHS201 - Ball State University': no usable link (cache)
[134/7773] 'MATHS391 - Ball State University': no usable link (cache)
[135/7773] 'PHYC110 - Ball State University': no usable link (cache)
[136/7773] 'PHYS215 - Ball State University': no usable link (cache)
[137/7773] 'CHM1000 - Baruch College': no usable link (cache)
[138/7773] 'CHM2003 - Baruch College': no usable link (cache)
[139/7773] 'CHM3001 - Baruch College': no usable link (cache)
[140/7773] 'CHM3003 - Baruch College': no usable link (cache)
[141/7773] 'CHM4900 - Baruch College': no usable link (cache)
[142/7773] 'CIS2000 - Baruch College': no usable link (cache)
[143/7773] 'CIS9001 - Baruch College': no usable link (cache)
[144/7773] 'CIS9002 - Baruch College': no usable link (cache)
[145/7773] 'ECO 1001 - Baruch College': no usable link (cache)
[146/7773] 'ECO1001 - Baruch College': no usable link (cache)
[147/7773] 'ECO1002 - Baruch College': no usable link (cache)
[148/7773] 'ECO3100 - Baruch College': no usable link (cache)
[149/7773] 'ECO4120 - Baruch College': no usable link (cache)
[150/7773] 'ECON1001 - Baruch College': no usable link (cache)
[151/7773] 'MATH2003 - Baruch College': no usable link (cache)
[152/7773] 'MATH2009 - Baruch College': no usable link (cache)
[153/7773] 'MATH2207 - Baruch College': no usable link (cache)
[154/7773] 'MATH2610 - Baruch College': no usable link (cache)
[155/7773] 'STA2000 - Baruch College': no usable link (cache)
[156/7773] 'STA3000 - Baruch College': no usable link (cache)
[157/7773] 'STA3154 - Baruch College': no usable link (cache)
[158/7773] 'STA3155 - Baruch College': no usable link (cache)
[159/7773] 'STA9705 - Baruch College': no usable link (cache)
[160/7773] 'STA9708 - Baruch College': no usable link (cache)
[161/7773] 'STA9719 - Baruch College': no usable link (cache)
[162/7773] 'STAT9708 - Baruch College': no usable link (cache)
[163/7773] 'CHE1301 - Baylor University': no usable link (cache)
[164/7773] 'CHE1302 - Baylor University': no usable link (cache)
[165/7773] 'CHEM1316 - Baylor University': no usable link (cache)
[166/7773] 'MTH1308 - Baylor University': no usable link (cache)
[167/7773] 'MTH1320 - Baylor University': no usable link (cache)
[168/7773] 'MTH1322 - Baylor University': no usable link (cache)
[169/7773] 'PHY1408 - Baylor University': no usable link (cache)
[170/7773] 'PHY1420 - Baylor University': no usable link (cache)
[171/7773] 'PHY1455 - Baylor University': no usable link (cache)
[172/7773] 'STA1380 - Baylor University': no usable link (cache)
[173/7773] 'AST201 - Bentley University': no usable link (cache)
[174/7773] 'CS305 - Bentley University': no usable link (cache)
[175/7773] 'EC225 - Bentley University': no usable link (cache)
[176/7773] 'EC225H - Bentley University': no usable link (cache)
[177/7773] 'EC321 - Bentley University': no usable link (cache)
[178/7773] 'EC382 - Bentley University': no usable link (cache)
[179/7773] 'FDS100 - Bentley University': no usable link (cache)
[180/7773] 'GB210 - Bentley University': no usable link (cache)
[181/7773] 'MA139 - Bentley University': no usable link (cache)
[182/7773] 'MA239 - Bentley University': no usable link (cache)
[183/7773] 'MA380 - Bentley University': no usable link (cache)
[184/7773] 'ST113 - Bentley University': no usable link (cache)
[185/7773] 'BCHM301 - Binghamton University': no usable link (cache)
[186/7773] 'BCHM401 - Binghamton University': no usable link (cache)
[187/7773] 'CHEM102 - Binghamton University': no usable link (cache)
[188/7773] 'CHEM104 - Binghamton University': no usable link (cache)
[189/7773] 'CHEM105 - Binghamton University': no usable link (cache)
[190/7773] 'CHEM106 - Binghamton University': no usable link (cache)
[191/7773] 'CHEM108 - Binghamton University': no usable link (cache)
[192/7773] 'CHEM111 - Binghamton University': no usable link (cache)
[193/7773] 'CHEM221 - Binghamton University': no usable link (cache)
[194/7773] 'CHEM231 - Binghamton University': no usable link (cache)
[195/7773] 'CHEM311 - Binghamton University': no usable link (cache)
[196/7773] 'CHEM332 - Binghamton University': no usable link (cache)
[197/7773] 'CS105 - Binghamton University': no usable link (cache)
[198/7773] 'ECO162B - Binghamton University': no usable link (cache)
[199/7773] 'ECON160C1 - Binghamton University': no usable link (cache)
[200/7773] 'ECON162 - Binghamton University': no usable link (cache)
[201/7773] 'ECON162B - Binghamton University': no usable link (cache)
[202/7773] 'ECON350 - Binghamton University': no usable link (cache)
[203/7773] 'EDD111LAB - Binghamton University': no usable link (cache)
[204/7773] 'EDD112 - Binghamton University': no usable link (cache)
[205/7773] 'ISE231 - Binghamton University': no usable link (cache)
[206/7773] 'MAT108 - Binghamton University': no usable link (cache)
[207/7773] 'MAT304 - Binghamton University': no usable link (cache)
[208/7773] 'MATH130 - Binghamton University': no usable link (cache)
[209/7773] 'MATH221 - Binghamton University': no usable link (cache)
[210/7773] 'MATH222 - Binghamton University': no usable link (cache)
[211/7773] 'MATH227 - Binghamton University': no usable link (cache)
[212/7773] 'MATH314 - Binghamton University': no usable link (cache)
[213/7773] 'MATH323 - Binghamton University': no usable link (cache)
[214/7773] 'MATH324 - Binghamton University': no usable link (cache)
[215/7773] 'MATH401 - Binghamton University': no usable link (cache)
[216/7773] 'MATH450 - Binghamton University': no usable link (cache)
[217/7773] 'MATH458 - Binghamton University': no usable link (cache)
[218/7773] 'MATH478 - Binghamton University': no usable link (cache)
[219/7773] 'ME212 - Binghamton University': no usable link (cache)
[220/7773] 'ME362 - Binghamton University': no usable link (cache)
[221/7773] 'ME421 - Binghamton University': no usable link (cache)
[222/7773] 'MGMT311 - Binghamton University': no usable link (cache)
[223/7773] 'MGMT411 - Binghamton University': no usable link (cache)
[224/7773] 'MGMT508 - Binghamton University': no usable link (cache)
[225/7773] 'PHYS122 - Binghamton University': no usable link (cache)
[226/7773] 'PHYS131 - Binghamton University': no usable link (cache)
[227/7773] 'PHYS132 - Binghamton University': no usable link (cache)
[228/7773] 'PHYS323 - Binghamton University': no usable link (cache)
[229/7773] 'PHYS341 - Binghamton University': no usable link (cache)
[230/7773] 'WTSN111 - Binghamton University': no usable link (cache)
[231/7773] 'WTSN111LAB - Binghamton University': no usable link (cache)
[232/7773] 'CAL170 - Boise State University': no usable link (cache)
[233/7773] 'MSE321 - Boise State University': no usable link (cache)
[234/7773] 'CHEM1109 - Boston College': no usable link (cache)
[235/7773] 'CHEM1161 - Boston College': no usable link (cache)
[236/7773] 'CHEM2231 - Boston College': no usable link (cache)
[237/7773] 'CHEM2233 - Boston College': no usable link (cache)
[238/7773] 'ECON1151 - Boston College': no usable link (cache)
[239/7773] 'ECON1702 - Boston College': no usable link (cache)
[240/7773] 'ECON2269 - Boston College': no usable link (cache)
[241/7773] 'MF801 - Boston College': no usable link (cache)
[242/7773] 'UNAS1725 - Boston College': no usable link (cache)
[243/7773] 'AM413 - Boston University': no usable link (cache)
[244/7773] 'EK126 - Boston University': no usable link (cache)
[245/7773] 'EK304 - Boston University': no usable link (cache)
[246/7773] 'ENGEK126 - Boston University': no usable link (cache)
[247/7773] 'SC410 - Boston University': no usable link (cache)
[248/7773] 'ECON228 - Bowdoin College': no usable link (cache)
[249/7773] 'BA1600 - Bowling Green State University': no usable link (cache)
[250/7773] 'BA1700 - Bowling Green State University': no usable link (cache)
[251/7773] 'BA2110 - Bowling Green State University': no usable link (cache)
[252/7773] 'CHEM1230 - Bowling Green State University': no usable link (cache)
[253/7773] 'CHEM1240 - Bowling Green State University': no usable link (cache)
[254/7773] 'CHEM1270 - Bowling Green State University': no usable link (cache)
[255/7773] 'CHEM1280 - Bowling Green State University': no usable link (cache)
[256/7773] 'CHEM1350 - Bowling Green State University': no usable link (cache)
[257/7773] 'CHEM1350H - Bowling Green State University': no usable link (cache)
[258/7773] 'CONS2350 - Bowling Green State University': no usable link (cache)
[259/7773] 'ECON3350 - Bowling Green State University': no usable link (cache)
[260/7773] 'BCHEM88 - Brandeis University': no usable link (cache)
[261/7773] 'BCHM100 - Brandeis University': no usable link (cache)
[262/7773] 'BCHM100A - Brandeis University': no usable link (cache)
[263/7773] 'CHEM132B - Brandeis University': no usable link (cache)
[264/7773] 'CHEM15 - Brandeis University': no usable link (cache)
[265/7773] 'CHEM15B - Brandeis University': no usable link (cache)
[266/7773] 'ECON202A - Brandeis University': no usable link (cache)
[267/7773] 'CEEN101 - Brigham Young University': no usable link (cache)
[268/7773] 'CEEN170 - Brigham Young University': no usable link (cache)
[269/7773] 'CEEN270 - Brigham Young University': no usable link (cache)
[270/7773] 'CEEN341 - Brigham Young University': no usable link (cache)
[271/7773] 'CEEN545 - Brigham Young University': no usable link (cache)
[272/7773] 'CAL1 - Brooklyn College': no usable link (cache)
[273/7773] 'CHEM1 - Brooklyn College': no usable link (cache)
[274/7773] 'CHEM1007 - Brooklyn College': no usable link (cache)
[275/7773] 'CHEM1100LAB - Brooklyn College': no usable link (cache)
[276/7773] 'CHEM1200REC - Brooklyn College': no usable link (cache)
[277/7773] 'CHEM2 - Brooklyn College': no usable link (cache)
[278/7773] 'CHEM2100 - Brooklyn College': no usable link (cache)
[279/7773] 'CHEM2500 - Brooklyn College': no usable link (cache)
[280/7773] 'CHEM3511 - Brooklyn College': no usable link (cache)
[281/7773] 'CHEM3512 - Brooklyn College': no usable link (cache)
[282/7773] 'CHEM3521 - Brooklyn College': no usable link (cache)
[283/7773] 'CHEM3522 - Brooklyn College': no usable link (cache)
[284/7773] 'ECO101 - Brooklyn College': no usable link (cache)
[285/7773] 'ECON102 - Brooklyn College': no usable link (cache)
[286/7773] 'ECON2100 - Brooklyn College': no usable link (cache)
[287/7773] 'ECON3320 - Brooklyn College': no usable link (cache)
[288/7773] 'ECON3410 - Brooklyn College': no usable link (cache)
[289/7773] 'ECON701 - Brooklyn College': no usable link (cache)
[290/7773] 'CHEM0330 - Brown University': no usable link (cache)
[291/7773] 'EC11 - Brown University': no usable link (cache)
[292/7773] 'EC162 - Brown University': no usable link (cache)
[293/7773] 'EN90 - Brown University': no usable link (cache)
[294/7773] 'EN93 - Brown University': no usable link (cache)
[295/7773] 'EN990 - Brown University': no usable link (cache)
[296/7773] 'ECONB105 - Bryn Mawr College': no usable link (cache)
[297/7773] 'ECEG240 - Bucknell University': no usable link (cache)
[298/7773] 'BIO111 - Buffalo State University': no usable link (cache)
[299/7773] 'ECO103 - Buffalo State University': no usable link (cache)
[300/7773] 'ECO202 - Buffalo State University': no usable link (cache)
[301/7773] 'AR212 - Butler University': no usable link (cache)
[302/7773] 'EC231 - Butler University': no usable link (cache)
[303/7773] 'EC232 - Butler University': no usable link (cache)
[304/7773] 'EC355 - Butler University': no usable link (cache)
[305/7773] 'EE212 - California Polytechnic State University': no usable link (cache)
[306/7773] 'EE242 - California Polytechnic State University': no usable link (cache)
[307/7773] 'AR03261 - California State Polytechnic University, Pomona': no usable link (cache)
[308/7773] 'ARO101 - California State Polytechnic University, Pomona': no usable link (cache)
[309/7773] 'ARO1011L - California State Polytechnic University, Pomona': no usable link (cache)
[310/7773] 'ARO101L - California State Polytechnic University, Pomona': no usable link (cache)
[311/7773] 'ARO1021L - California State Polytechnic University, Pomona': no usable link (cache)
[312/7773] 'ARO2041 - California State Polytechnic University, Pomona': no usable link (cache)
[313/7773] 'ARO2150 - California State Polytechnic University, Pomona': no usable link (cache)
[314/7773] 'ARO3011 - California State Polytechnic University, Pomona': no usable link (cache)
[315/7773] 'ARO3180 - California State Polytechnic University, Pomona': no usable link (cache)
[316/7773] 'ARO3220 - California State Polytechnic University, Pomona': no usable link (cache)
[317/7773] 'ARO326 - California State Polytechnic University, Pomona': no usable link (cache)
[318/7773] 'ARO327 - California State Polytechnic University, Pomona': no usable link (cache)
[319/7773] 'ARO3271 - California State Polytechnic University, Pomona': no usable link (cache)
[320/7773] 'ARO329 - California State Polytechnic University, Pomona': no usable link (cache)
[321/7773] 'ARO357L - California State Polytechnic University, Pomona': no usable link (cache)
[322/7773] 'ARO4080 - California State Polytechnic University, Pomona': no usable link (cache)
[323/7773] 'ARO435 - California State Polytechnic University, Pomona': no usable link (cache)
[324/7773] 'ARO4351L - California State Polytechnic University, Pomona': no usable link (cache)
[325/7773] 'ARO436 - California State Polytechnic University, Pomona': no usable link (cache)
[326/7773] 'ARO4360 - California State Polytechnic University, Pomona': no usable link (cache)
[327/7773] 'ARO499 - California State Polytechnic University, Pomona': no usable link (cache)
[328/7773] 'CE2021 - California State Polytechnic University, Pomona': no usable link (cache)
[329/7773] 'CE2041 - California State Polytechnic University, Pomona': no usable link (cache)
[330/7773] 'CE304 - California State Polytechnic University, Pomona': no usable link (cache)
[331/7773] 'CE3501 - California State Polytechnic University, Pomona': no usable link (cache)
[332/7773] 'CE3501L - California State Polytechnic University, Pomona': no usable link (cache)
[333/7773] 'CHE1311 - California State Polytechnic University, Pomona': no usable link (cache)
[334/7773] 'CHEM1210L - California State Polytechnic University, Pomona': no usable link (cache)
[335/7773] 'CHM1210L - California State Polytechnic University, Pomona': no usable link (cache)
[336/7773] 'CHM1220L - California State Polytechnic University, Pomona': no usable link (cache)
[337/7773] 'CHM2910 - California State Polytechnic University, Pomona': no usable link (cache)
[338/7773] 'CHM2910A - California State Polytechnic University, Pomona': no usable link (cache)
[339/7773] 'CHM3210 - California State Polytechnic University, Pomona': no usable link (cache)
[340/7773] 'ECE1101L - California State Polytechnic University, Pomona': no usable link (cache)
[341/7773] 'ECE1310 - California State Polytechnic University, Pomona': no usable link (cache)
[342/7773] 'ECE2300L - California State Polytechnic University, Pomona': no usable link (cache)
[343/7773] 'ECE3101 - California State Polytechnic University, Pomona': no usable link (cache)
[344/7773] 'ECE3200 - California State Polytechnic University, Pomona': no usable link (cache)
[345/7773] 'ECE3709L - California State Polytechnic University, Pomona': no usable link (cache)
[346/7773] 'ECE3715 - California State Polytechnic University, Pomona': no usable link (cache)
[347/7773] 'EGR1000 - California State Polytechnic University, Pomona': no usable link (cache)
[348/7773] 'CHEM70 - California State University, Chico': no usable link (cache)
[349/7773] 'CINS220 - California State University, Chico': no usable link (cache)
[350/7773] 'CINS370 - California State University, Chico': no usable link (cache)
[351/7773] 'CINS448 - California State University, Chico': no usable link (cache)
[352/7773] 'CSCI152 - California State University, Chico': no usable link (cache)
[353/7773] 'CSCI15B - California State University, Chico': no usable link (cache)
[354/7773] 'CSCI346 - California State University, Chico': no usable link (cache)
[355/7773] 'CSCI515 - California State University, Chico': no usable link (cache)
[356/7773] 'EECE211 - California State University, Chico': no usable link (cache)
[357/7773] 'EECE446 - California State University, Chico': no usable link (cache)
[358/7773] 'CECS326 - California State University, Long Beach': no usable link (cache)
[359/7773] 'CECS574 - California State University, Long Beach': no usable link (cache)
[360/7773] 'CHEM449 - California State University, Long Beach': no usable link (cache)
[361/7773] 'ASTR1510 - California State University, Los Angeles': no usable link (cache)
[362/7773] 'BIOCH432B - California State University, Los Angeles': no usable link (cache)
[363/7773] 'CE2020 - California State University, Los Angeles': no usable link (cache)
[364/7773] 'CHEM1020 - California State University, Los Angeles': no usable link (cache)
[365/7773] 'CHEM2200 - California State University, Los Angeles': no usable link (cache)
[366/7773] 'CHEM2201 - California State University, Los Angeles': no usable link (cache)
[367/7773] 'CHEM291 - California State University, Los Angeles': no usable link (cache)
[368/7773] 'CHEM291A - California State University, Los Angeles': no usable link (cache)
[369/7773] 'CHEM3000 - California State University, Los Angeles': no usable link (cache)
[370/7773] 'CHEM353 - California State University, Los Angeles': no usable link (cache)
[371/7773] 'CHEM432B - California State University, Los Angeles': no usable link (cache)
[372/7773] 'CIS283 - California State University, Los Angeles': no usable link (cache)
[373/7773] 'CIS2830 - California State University, Los Angeles': no usable link (cache)
[374/7773] 'CIS3060 - California State University, Los Angeles': no usable link (cache)
[375/7773] 'CIS3610 - California State University, Los Angeles': no usable link (cache)
[376/7773] 'CIS4100 - California State University, Los Angeles': no usable link (cache)
[377/7773] 'CIS4510 - California State University, Los Angeles': no usable link (cache)
[378/7773] 'CIS4540 - California State University, Los Angeles': no usable link (cache)
[379/7773] 'CIS4580 - California State University, Los Angeles': no usable link (cache)
[380/7773] 'CIS484 - California State University, Los Angeles': no usable link (cache)
[381/7773] 'CS2148 - California State University, Los Angeles': no usable link (cache)
[382/7773] 'ECON3060 - California State University, Los Angeles': no usable link (cache)
[383/7773] 'EDFN1090 - California State University, Los Angeles': no usable link (cache)
[384/7773] 'EDFN1092 - California State University, Los Angeles': no usable link (cache)
[385/7773] 'EDFN3520 - California State University, Los Angeles': no usable link (cache)
[386/7773] 'EE3445 - California State University, Los Angeles': no usable link (cache)
[387/7773] 'CE20 - California State University, Northridge': no usable link (cache)
[388/7773] 'CHEM128A - California State University, Northridge': no usable link (cache)
[389/7773] 'CHEM128B - California State University, Northridge': no usable link (cache)
[390/7773] 'CHEM129A - California State University, Northridge': no usable link (cache)
[391/7773] 'CHEM129B - California State University, Northridge': no usable link (cache)
[392/7773] 'CHEM1BLAB - California State University, Northridge': no usable link (cache)
[393/7773] 'CHEM1BLEC - California State University, Northridge': no usable link (cache)
[394/7773] 'CHEM8 - California State University, Northridge': no usable link (cache)
[395/7773] 'CSCI117 - California State University, Northridge': no usable link (cache)
[396/7773] 'CSCI126 - California State University, Northridge': no usable link (cache)
[397/7773] 'CSCI191T - California State University, Northridge': no usable link (cache)
[398/7773] 'CSCI41 - California State University, Northridge': no usable link (cache)
[399/7773] 'DS123 - California State University, Northridge': no usable link (cache)
[400/7773] 'DS71 - California State University, Northridge': no usable link (cache)
[401/7773] 'CALC30 - California State University, Sacramento': no usable link (cache)
[402/7773] 'CE160L - California State University, Sacramento': no usable link (cache)
[403/7773] 'CE164 - California State University, Sacramento': no usable link (cache)
[404/7773] 'CE4 - California State University, Sacramento': no usable link (cache)
[405/7773] 'CE9 - California State University, Sacramento': no usable link (cache)
[406/7773] 'CHEM20 - California State University, Sacramento': no usable link (cache)
[407/7773] 'CSC135 - California State University, Sacramento': no usable link (cache)
[408/7773] 'CSC138 - California State University, Sacramento': no usable link (cache)
[409/7773] 'E30 - California State University, Sacramento': no usable link (cache)
[410/7773] 'CH123 - Carleton College': no usable link (cache)
[411/7773] 'ECON262 - Carleton College': no usable link (cache)
[412/7773] 'ECON278 - Carleton College': no usable link (cache)
[413/7773] 'ECON329 - Carleton College': no usable link (cache)
[414/7773] 'AERO2001 - Carleton University': no usable link (cache)
[415/7773] 'AERO3700 - Carleton University': no usable link (cache)
[416/7773] 'AERO4003 - Carleton University': no usable link (cache)
[417/7773] 'AERO4302 - Carleton University': no usable link (cache)
[418/7773] 'BIOC2200 - Carleton University': no usable link (cache)
[419/7773] 'BIOC3100 - Carleton University': no usable link (cache)
[420/7773] 'BIOC3101 - Carleton University': no usable link (cache)
[421/7773] 'BIOC3102 - Carleton University': no usable link (cache)
[422/7773] 'BIT1000 - Carleton University': no usable link (cache)
[423/7773] 'BIT1001 - Carleton University': no usable link (cache)
[424/7773] 'BIT1100 - Carleton University': no usable link (cache)
[425/7773] 'BIT2009 - Carleton University': no usable link (cache)
[426/7773] 'CIVE2004 - Carleton University': no usable link (cache)
[427/7773] 'CIVE2200 - Carleton University': no usable link (cache)
[428/7773] 'CIVE3205 - Carleton University': no usable link (cache)
[429/7773] 'CIVE3304 - Carleton University': no usable link (cache)
[430/7773] 'CIVE4303 - Carleton University': no usable link (cache)
[431/7773] 'CIVE4400 - Carleton University': no usable link (cache)
[432/7773] 'CIVE4614 - Carleton University': no usable link (cache)
[433/7773] 'CRCJ3001 - Carleton University': no usable link (cache)
[434/7773] 'ECMP5005D - Carleton University': no usable link (cache)
[435/7773] 'ECO1000 - Carleton University': no usable link (cache)
[436/7773] 'ECON3601 - Carleton University': no usable link (cache)
[437/7773] 'ECON3803 - Carleton University': no usable link (cache)
[438/7773] 'ECON3808 - Carleton University': no usable link (cache)
[439/7773] 'ECON3920 - Carleton University': no usable link (cache)
[440/7773] 'ECOR1033 - Carleton University': no usable link (cache)
[441/7773] 'ECOR1034 - Carleton University': no usable link (cache)
[442/7773] 'ECOR1041 - Carleton University': no usable link (cache)
[443/7773] 'ECOR1042 - Carleton University': no usable link (cache)
[444/7773] 'ECOR1045 - Carleton University': no usable link (cache)
[445/7773] 'ECOR1046 - Carleton University': no usable link (cache)
[446/7773] 'ECOR1047 - Carleton University': no usable link (cache)
[447/7773] 'ECOR1048 - Carleton University': no usable link (cache)
[448/7773] 'ECOR1053 - Carleton University': no usable link (cache)
[449/7773] 'ECOR1101 - Carleton University': no usable link (cache)
[450/7773] 'ECOR2606 - Carleton University': no usable link (cache)
[451/7773] 'ECOR3800 - Carleton University': no usable link (cache)
[452/7773] 'ELEC2607 - Carleton University': no usable link (cache)
[453/7773] 'ELEC3500 - Carleton University': no usable link (cache)
[454/7773] 'ELEC3509 - Carleton University': no usable link (cache)
[455/7773] 'ELEC3909 - Carleton University': no usable link (cache)
[456/7773] 'ELEC4706 - Carleton University': no usable link (cache)
[457/7773] 'ELEC5301 - Carleton University': no usable link (cache)
[458/7773] 'ELEC5705 - Carleton University': no usable link (cache)
[459/7773] 'CALC122 - Carnegie Mellon University': no usable link (cache)
[460/7773] 'CALC21256 - Carnegie Mellon University': no usable link (cache)
[461/7773] 'CALC21259 - Carnegie Mellon University': no usable link (cache)
[462/7773] 'CALC256 - Carnegie Mellon University': no usable link (cache)
[463/7773] 'CALC3D - Carnegie Mellon University': no usable link (cache)
[464/7773] 'CHEM09105 - Carnegie Mellon University': no usable link (cache)
[465/7773] 'CHEM09107 - Carnegie Mellon University': no usable link (cache)
[466/7773] 'CHEM09217 - Carnegie Mellon University': no usable link (cache)
[467/7773] 'DATA36200 - Carnegie Mellon University': no usable link (cache)
[468/7773] 'DIFEQ260 - Carnegie Mellon University': no usable link (cache)
[469/7773] 'ECON73103 - Carnegie Mellon University': no usable link (cache)
[470/7773] 'ENG18100 - Carnegie Mellon University': no usable link (cache)
[471/7773] 'BIOC308 - Case Western Reserve University': no usable link (cache)
[472/7773] 'BIOC334 - Case Western Reserve University': no usable link (cache)
[473/7773] 'CHEM323 - Case Western Reserve University': no usable link (cache)
[474/7773] 'EBME202 - Case Western Reserve University': no usable link (cache)
[475/7773] 'EBME306 - Case Western Reserve University': no usable link (cache)
[476/7773] 'EBME310 - Case Western Reserve University': no usable link (cache)
[477/7773] 'ECHE363 - Case Western Reserve University': no usable link (cache)
[478/7773] 'ECSE245 - Case Western Reserve University': no usable link (cache)
[479/7773] 'ECSE246 - Case Western Reserve University': no usable link (cache)
[480/7773] 'EMAE181 - Case Western Reserve University': no usable link (cache)
[481/7773] 'EMAE250 - Case Western Reserve University': no usable link (cache)
[482/7773] 'EMAE370 - Case Western Reserve University': no usable link (cache)
[483/7773] 'EMAE376 - Case Western Reserve University': no usable link (cache)
[484/7773] 'BUS300QR - Central Michigan University': no usable link (cache)
[485/7773] 'CHM132 - Central Michigan University': no usable link (cache)
[486/7773] 'CHM161H - Central Michigan University': no usable link (cache)
[487/7773] 'CHM346 - Central Michigan University': no usable link (cache)
[488/7773] 'CPS240 - Central Michigan University': no usable link (cache)
[489/7773] 'CPS340 - Central Michigan University': no usable link (cache)
[490/7773] 'CPS450 - Central Michigan University': no usable link (cache)
[491/7773] 'ECO306 - Central Michigan University': no usable link (cache)
[492/7773] 'ECO365 - Central Michigan University': no usable link (cache)
[493/7773] 'ECO508 - Central Michigan University': no usable link (cache)
[494/7773] 'ECO616 - Central Michigan University': no usable link (cache)
[495/7773] 'ECO620 - Central Michigan University': no usable link (cache)
[496/7773] 'EGR200 - Central Michigan University': no usable link (cache)
[497/7773] 'CHEM230L - Chapman University': no usable link (cache)
[498/7773] 'CHEM331L - Chapman University': no usable link (cache)
[499/7773] 'CIV10 - Claremont McKenna College': no usable link (cache)
[500/7773] 'ECON086 - Claremont McKenna College': no usable link (cache)
[501/7773] 'ECON154 - Claremont McKenna College': no usable link (cache)
[502/7773] 'ECON86 - Claremont McKenna College': no usable link (cache)
[503/7773] 'AE212 - Clarkson University': no usable link (cache)
[504/7773] 'AE350 - Clarkson University': no usable link (cache)
[505/7773] 'CE301 - Clarkson University': no usable link (cache)
[506/7773] 'CE320 - Clarkson University': no usable link (cache)
[507/7773] 'CH320 - Clarkson University': no usable link (cache)
[508/7773] 'CHEM131 - Clarkson University': no usable link (cache)
[509/7773] 'CM241 - Clarkson University': no usable link (cache)
[510/7773] 'CM242 - Clarkson University': no usable link (cache)
[511/7773] 'EE331 - Clarkson University': no usable link (cache)
[512/7773] 'CE2010 - Clemson University': no usable link (cache)
[513/7773] 'CH1050 - Clemson University': no usable link (cache)
[514/7773] 'CH2010 - Clemson University': no usable link (cache)
[515/7773] 'CH2240 - Clemson University': no usable link (cache)
[516/7773] 'CHE1300 - Clemson University': no usable link (cache)
[517/7773] 'CPSC1060 - Clemson University': no usable link (cache)
[518/7773] 'ECON2120 - Clemson University': no usable link (cache)
[519/7773] 'EG209 - Clemson University': no usable link (cache)
[520/7773] 'EG210 - Clemson University': no usable link (cache)
[521/7773] 'CHM261H - Cleveland State University': no usable link (cache)
[522/7773] 'CHM262 - Cleveland State University': no usable link (cache)
[523/7773] 'CIS620 - Cleveland State University': no usable link (cache)
[524/7773] 'EEC311 - Cleveland State University': no usable link (cache)
[525/7773] 'EEC313 - Cleveland State University': no usable link (cache)
[526/7773] 'EEC318 - Cleveland State University': no usable link (cache)
[527/7773] 'EET207 - Cleveland State University': no usable link (cache)
[528/7773] 'ASTR112 - Coastal Carolina University': no usable link (cache)
[529/7773] 'CBAD291 - Coastal Carolina University': no usable link (cache)
[530/7773] 'CHEM11107 - Coastal Carolina University': no usable link (cache)
[531/7773] 'EC223 - Colby College': no usable link (cache)
[532/7773] 'EC393 - Colby College': no usable link (cache)
[533/7773] 'ECON151 - Colgate University': no usable link (cache)
[534/7773] 'AST100 - College of Staten Island': no usable link (cache)
[535/7773] 'AST101 - College of Staten Island': no usable link (cache)
[536/7773] 'AST102 - College of Staten Island': no usable link (cache)
[537/7773] 'AST103 - College of Staten Island': no usable link (cache)
[538/7773] 'CHEM127 - College of Staten Island': no usable link (cache)
[539/7773] 'CHEM142 - College of Staten Island': no usable link (cache)
[540/7773] 'CHEM240 - College of Staten Island': no usable link (cache)
[541/7773] 'CHM100 - College of Staten Island': no usable link (cache)
[542/7773] 'CHM110 - College of Staten Island': no usable link (cache)
[543/7773] 'CHM121 - College of Staten Island': no usable link (cache)
[544/7773] 'CHM127 - College of Staten Island': no usable link (cache)
[545/7773] 'CHM141 - College of Staten Island': no usable link (cache)
[546/7773] 'CHM240 - College of Staten Island': no usable link (cache)
[547/7773] 'CHM250 - College of Staten Island': no usable link (cache)
[548/7773] 'CHM256 - College of Staten Island': no usable link (cache)
[549/7773] 'CSC211 - College of Staten Island': no usable link (cache)
[550/7773] 'CSC220 - College of Staten Island': no usable link (cache)
[551/7773] 'CSC315 - College of Staten Island': no usable link (cache)
[552/7773] 'EC0112 - College of Staten Island': no usable link (cache)
[553/7773] 'ECO111 - College of Staten Island': no usable link (cache)
[554/7773] 'ECO112 - College of Staten Island': no usable link (cache)
[555/7773] 'ECO210 - College of Staten Island': no usable link (cache)
[556/7773] 'ECO212 - College of Staten Island': no usable link (cache)
[557/7773] 'ECO230 - College of Staten Island': no usable link (cache)
[558/7773] 'ECO251 - College of Staten Island': no usable link (cache)
[559/7773] 'ECO370 - College of Staten Island': no usable link (cache)
[560/7773] 'ECON210 - College of Staten Island': no usable link (cache)
[561/7773] 'CHEM314 - College of William & Mary': no usable link (cache)
[562/7773] 'CH107 - Colorado College': no usable link (cache)
[563/7773] 'CH108 - Colorado College': no usable link (cache)
[564/7773] 'CH250 - Colorado College': no usable link (cache)
[565/7773] 'CH382 - Colorado College': no usable link (cache)
[566/7773] 'CP115 - Colorado College': no usable link (cache)
[567/7773] 'CP116 - Colorado College': no usable link (cache)
[568/7773] 'CBEN110 - Colorado School of Mines': no usable link (cache)
[569/7773] 'CBEN201 - Colorado School of Mines': no usable link (cache)
[570/7773] 'CBEN210 - Colorado School of Mines': no usable link (cache)
[571/7773] 'CBEN307 - Colorado School of Mines': no usable link (cache)
[572/7773] 'CBEN314 - Colorado School of Mines': no usable link (cache)
[573/7773] 'CBEN357 - Colorado School of Mines': no usable link (cache)
[574/7773] 'CBEN375 - Colorado School of Mines': no usable link (cache)
[575/7773] 'CBEN418 - Colorado School of Mines': no usable link (cache)
[576/7773] 'CEEN241 - Colorado School of Mines': no usable link (cache)
[577/7773] 'CEEN381 - Colorado School of Mines': no usable link (cache)
[578/7773] 'CHEN307 - Colorado School of Mines': no usable link (cache)
[579/7773] 'CHGN121 - Colorado School of Mines': no usable link (cache)
[580/7773] 'CHGN121LAB - Colorado School of Mines': no usable link (cache)
[581/7773] 'CHGN122 - Colorado School of Mines': no usable link (cache)
[582/7773] 'CHGN223 - Colorado School of Mines': no usable link (cache)
[583/7773] 'CHGN311 - Colorado School of Mines': no usable link (cache)
[584/7773] 'CHGN341 - Colorado School of Mines': no usable link (cache)
[585/7773] 'EBGN321 - Colorado School of Mines': no usable link (cache)
[586/7773] 'EBGN345 - Colorado School of Mines': no usable link (cache)
[587/7773] 'EENG281 - Colorado School of Mines': no usable link (cache)
[588/7773] 'EENG282 - Colorado School of Mines': no usable link (cache)
[589/7773] 'EENG307 - Colorado School of Mines': no usable link (cache)
[590/7773] 'CIVE203 - Colorado State University': no usable link (cache)
[591/7773] 'APPH4100 - Columbia University': no usable link (cache)
[592/7773] 'ECON UN1105 - Columbia University': no usable link (cache)
[593/7773] 'BSTA450 - Concordia University': no usable link (cache)
[594/7773] 'CH110 - Cooper Union': no usable link (cache)
[595/7773] 'CH111 - Cooper Union': no usable link (cache)
[596/7773] 'CH160 - Cooper Union': no usable link (cache)
[597/7773] 'CHE131 - Cooper Union': no usable link (cache)
[598/7773] 'BTRY3010 - Cornell University': no usable link (cache)
[599/7773] 'CHEM1560 - Cornell University': no usable link (cache)
[600/7773] 'CHEM208 - Cornell University': no usable link (cache)
[601/7773] 'CHEM2090 - Cornell University': no usable link (cache)
[602/7773] 'CHEM2150 - Cornell University': no usable link (cache)
[603/7773] 'CHEM257 - Cornell University': no usable link (cache)
[604/7773] 'CHEM3590 - Cornell University': no usable link (cache)
[605/7773] 'CHEM389 - Cornell University': no usable link (cache)
[606/7773] 'CHEM4100 - Cornell University': no usable link (cache)
[607/7773] 'CHEME3130 - Cornell University': no usable link (cache)
[608/7773] 'ECON3120 - Cornell University': no usable link (cache)
[609/7773] 'ECON3140 - Cornell University': no usable link (cache)
[610/7773] 'ECON3210 - Cornell University': no usable link (cache)
[611/7773] 'ECON4660 - Cornell University': no usable link (cache)
[612/7773] 'BIOC432 - Creighton University': no usable link (cache)
[613/7773] 'CALC245 - Creighton University': no usable link (cache)
[614/7773] 'CHM203 - Creighton University': no usable link (cache)
[615/7773] 'CHM204 - Creighton University': no usable link (cache)
[616/7773] 'CHM285 - Creighton University': no usable link (cache)
[617/7773] 'CHM322 - Creighton University': no usable link (cache)
[618/7773] 'CHM342 - Creighton University': no usable link (cache)
[619/7773] 'CHM371 - Creighton University': no usable link (cache)
[620/7773] 'CHM381 - Creighton University': no usable link (cache)
[621/7773] 'CHM532 - Creighton University': no usable link (cache)
[622/7773] 'BIOC2300 - Dalhousie University': no usable link (cache)
[623/7773] 'BIOC3200 - Dalhousie University': no usable link (cache)
[624/7773] 'CHEM2401 - Dalhousie University': no usable link (cache)
[625/7773] 'CIVIL3200 - Dalhousie University': no usable link (cache)
[626/7773] 'CIVIL4111 - Dalhousie University': no usable link (cache)
[627/7773] 'CIVL3200 - Dalhousie University': no usable link (cache)
[628/7773] 'CIVL3505 - Dalhousie University': no usable link (cache)
[629/7773] 'CIVL4111 - Dalhousie University': no usable link (cache)
[630/7773] 'CIVL4711 - Dalhousie University': no usable link (cache)
[631/7773] 'ECED2000 - Dalhousie University': no usable link (cache)
[632/7773] 'ECED2001 - Dalhousie University': no usable link (cache)
[633/7773] 'ECED3101 - Dalhousie University': no usable link (cache)
[634/7773] 'ECED3301 - Dalhousie University': no usable link (cache)
[635/7773] 'ECED3501 - Dalhousie University': no usable link (cache)
[636/7773] 'ECED4513 - Dalhousie University': no usable link (cache)
[637/7773] 'ECED4602 - Dalhousie University': no usable link (cache)
[638/7773] 'ECON3331 - Dalhousie University': no usable link (cache)
[639/7773] 'ECON3800 - Dalhousie University': no usable link (cache)
[640/7773] 'ENGI1103 - Dalhousie University': no usable link (cache)
[641/7773] 'ENGI2204 - Dalhousie University': no usable link (cache)
[642/7773] 'ECON26 - Dartmouth College': no usable link (cache)
[643/7773] 'CALC135 - Denison University': no usable link (cache)
[644/7773] 'CHEM258 - Denison University': no usable link (cache)
[645/7773] 'ACC615 - DePaul University': no usable link (cache)
[646/7773] 'BMS126 - DePaul University': no usable link (cache)
[647/7773] 'CHE130 - DePaul University': no usable link (cache)
[648/7773] 'CHE175 - DePaul University': no usable link (cache)
[649/7773] 'CSC672 - DePaul University': no usable link (cache)
[650/7773] 'DSC341 - DePaul University': no usable link (cache)
[651/7773] 'DSC425 - DePaul University': no usable link (cache)
[652/7773] 'ECO555 - DePaul University': no usable link (cache)
[653/7773] 'ECT583 - DePaul University': no usable link (cache)
[654/7773] 'ECON288 - Dickinson College': no usable link (cache)
[655/7773] 'AST001 - Drake University': no usable link (cache)
[656/7773] 'CHEM097 - Drake University': no usable link (cache)
[657/7773] 'CS137 - Drake University': no usable link (cache)
[658/7773] 'CHEM253 - Drexel University': no usable link (cache)
[659/7773] 'CT312 - Drexel University': no usable link (cache)
[660/7773] 'CHEM101L - Duke University': no usable link (cache)
[661/7773] 'CHEM110DL - Duke University': no usable link (cache)
[662/7773] 'CHEM151 - Duke University': no usable link (cache)
[663/7773] 'CHEM151L - Duke University': no usable link (cache)
[664/7773] 'CHEM201DL - Duke University': no usable link (cache)
[665/7773] 'CHEM201L - Duke University': no usable link (cache)
[666/7773] 'CHEM202D - Duke University': no usable link (cache)
[667/7773] 'CHEM202L - Duke University': no usable link (cache)
[668/7773] 'CHEM21 - Duke University': no usable link (cache)
[669/7773] 'CHEM210DL - Duke University': no usable link (cache)
[670/7773] 'CHEM21L - Duke University': no usable link (cache)
[671/7773] 'ECON190FS - Duke University': no usable link (cache)
[672/7773] 'ECON196 - Duke University': no usable link (cache)
[673/7773] 'ECON201D - Duke University': no usable link (cache)
[674/7773] 'ECON270 - Duke University': no usable link (cache)
[675/7773] 'ECON443 - Duke University': no usable link (cache)
[676/7773] 'EGR244 - Duke University': no usable link (cache)
[677/7773] 'CALC2121 - East Carolina University': no usable link (cache)
[678/7773] 'CALC2122 - East Carolina University': no usable link (cache)
[679/7773] 'CH1160 - East Carolina University': no usable link (cache)
[680/7773] 'CHEM0150 - East Carolina University': no usable link (cache)
[681/7773] 'CHEM2251 - East Carolina University': no usable link (cache)
[682/7773] 'CHEM2750 - East Carolina University': no usable link (cache)
[683/7773] 'CHEM2760 - East Carolina University': no usable link (cache)
[684/7773] 'CSCI2405 - East Carolina University': no usable link (cache)
[685/7773] 'CSCI3584 - East Carolina University': no usable link (cache)
[686/7773] 'CSCI3700 - East Carolina University': no usable link (cache)
[687/7773] 'ECON2113 - East Carolina University': no usable link (cache)
[688/7773] 'ECON2133 - East Carolina University': no usable link (cache)
[689/7773] 'ECON3144 - East Carolina University': no usable link (cache)
[690/7773] 'ECON3323 - East Carolina University': no usable link (cache)
[691/7773] 'AVMT170 - Eastern Michigan University': no usable link (cache)
[692/7773] 'CIS173 - Eastern Michigan University': no usable link (cache)
[693/7773] 'CIS175 - Eastern Michigan University': no usable link (cache)
[694/7773] 'EGR165 - Eastern Michigan University': no usable link (cache)
[695/7773] 'EGR350 - Eastern Michigan University': no usable link (cache)
[696/7773] 'BADM570 - Eastern Washington University': no usable link (cache)
[697/7773] 'CHEM171L - Eastern Washington University': no usable link (cache)
[698/7773] 'CHEM172L - Eastern Washington University': no usable link (cache)
[699/7773] 'CHEM173 - Eastern Washington University': no usable link (cache)
[700/7773] 'CHEM422 - Eastern Washington University': no usable link (cache)
[701/7773] 'CSCD300 - Eastern Washington University': no usable link (cache)
[702/7773] 'EDUC381 - Eastern Washington University': no usable link (cache)
[703/7773] 'EENG160 - Eastern Washington University': no usable link (cache)
[704/7773] 'EENG210 - Eastern Washington University': no usable link (cache)
[705/7773] 'EENG401 - Eastern Washington University': no usable link (cache)
[706/7773] 'CHML112 - Elon University': no usable link (cache)
[707/7773] 'ECO1410 - Elon University': no usable link (cache)
[708/7773] 'EGR206 - Elon University': no usable link (cache)
[709/7773] 'CHEM171 - Emory University': no usable link (cache)
[710/7773] 'CHEM202Z - Emory University': no usable link (cache)
[711/7773] 'CHEM202ZL - Emory University': no usable link (cache)
[712/7773] 'CHEM203 - Emory University': no usable link (cache)
[713/7773] 'CHEM203L - Emory University': no usable link (cache)
[714/7773] 'CHEM203Z - Emory University': no usable link (cache)
[715/7773] 'CHEM203ZL - Emory University': no usable link (cache)
[716/7773] 'CHEM204L - Emory University': no usable link (cache)
[717/7773] 'CHEM222 - Emory University': no usable link (cache)
[718/7773] 'CHEM222Z - Emory University': no usable link (cache)
[719/7773] 'CHEM300L - Emory University': no usable link (cache)
[720/7773] 'CHEM335LW - Emory University': no usable link (cache)
[721/7773] 'ECON215 - Emory University': no usable link (cache)
[722/7773] 'ECON231 - Emory University': no usable link (cache)
[723/7773] 'ECON315 - Emory University': no usable link (cache)
[724/7773] 'ECON385 - Emory University': no usable link (cache)
[725/7773] 'CALC1171 - Fairfield University': no usable link (cache)
[726/7773] 'CH1171L - Fairfield University': no usable link (cache)
[727/7773] 'CHEM1171 - Fairfield University': no usable link (cache)
[728/7773] 'CHEM1172 - Fairfield University': no usable link (cache)
[729/7773] 'DATA1101 - Fairfield University': no usable link (cache)
[730/7773] 'DATA3210 - Fairfield University': no usable link (cache)
[731/7773] 'ELEG2213 - Fairfield University': no usable link (cache)
[732/7773] 'COP1500 - Florida Gulf Coast University': no usable link (cache)
[733/7773] 'ECP6705 - Florida Gulf Coast University': no usable link (cache)
[734/7773] 'BCN3740 - Florida International University': no usable link (cache)
[735/7773] 'CEG4011 - Florida International University': no usable link (cache)
[736/7773] 'CEM2210 - Florida International University': no usable link (cache)
[737/7773] 'CGS3767 - Florida International University': no usable link (cache)
[738/7773] 'CHEM1032L - Florida International University': no usable link (cache)
[739/7773] 'CHM1032L - Florida International University': no usable link (cache)
[740/7773] 'CHM3410 - Florida International University': no usable link (cache)
[741/7773] 'CHM4220 - Florida International University': no usable link (cache)
[742/7773] 'CHM4300 - Florida International University': no usable link (cache)
[743/7773] 'CHS3501 - Florida International University': no usable link (cache)
[744/7773] 'EML3126 - Florida International University': no usable link (cache)
[745/7773] 'CES4702 - Florida State University': no usable link (cache)
[746/7773] 'CHM1020 - Florida State University': no usable link (cache)
[747/7773] 'ECO2013 - Florida State University': no usable link (cache)
[748/7773] 'ECO2023 - Florida State University': no usable link (cache)
[749/7773] 'ECO3303 - Florida State University': no usable link (cache)
[750/7773] 'CALC1000 - Fordham University': no usable link (cache)
[751/7773] 'CALC1206 - Fordham University': no usable link (cache)
[752/7773] 'CHEM1322 - Fordham University': no usable link (cache)
[753/7773] 'CHEM1323 - Fordham University': no usable link (cache)
[754/7773] 'CHEM1331 - Fordham University': no usable link (cache)
[755/7773] 'CISC3500 - Fordham University': no usable link (cache)
[756/7773] 'CISC3593 - Fordham University': no usable link (cache)
[757/7773] 'COMP1102 - Fordham University': no usable link (cache)
[758/7773] 'ECON1200 - Fordham University': no usable link (cache)
[759/7773] 'ECON1250 - Fordham University': no usable link (cache)
[760/7773] 'ECON2140 - Fordham University': no usable link (cache)
[761/7773] 'ECON2142 - Fordham University': no usable link (cache)
[762/7773] 'AST220 - Furman University': no usable link (cache)
[763/7773] 'CHEM16 - Furman University': no usable link (cache)
[764/7773] 'CHM11 - Furman University': no usable link (cache)
[765/7773] 'CHM118 - Furman University': no usable link (cache)
[766/7773] 'CHM16 - Furman University': no usable link (cache)
[767/7773] 'CHM18 - Furman University': no usable link (cache)
[768/7773] 'ECN11 - Furman University': no usable link (cache)
[769/7773] 'APSC2113 - George Washington University': no usable link (cache)
[770/7773] 'CALC1232 - George Washington University': no usable link (cache)
[771/7773] 'CHEM2151 - George Washington University': no usable link (cache)
[772/7773] 'CHEM2152 - George Washington University': no usable link (cache)
[773/7773] 'DATS2104 - George Washington University': no usable link (cache)
[774/7773] 'DNSC1001 - George Washington University': no usable link (cache)
[775/7773] 'ECE1120 - George Washington University': no usable link (cache)
[776/7773] 'ECON2151 - George Washington University': no usable link (cache)
[777/7773] 'ECON2167 - George Washington University': no usable link (cache)
[778/7773] 'ECON2169 - George Washington University': no usable link (cache)
[779/7773] 'ECON2180 - George Washington University': no usable link (cache)
[780/7773] 'ECON2181 - George Washington University': no usable link (cache)
[781/7773] 'ECON4198 - George Washington University': no usable link (cache)
[782/7773] 'EMSE4197 - George Washington University': no usable link (cache)
[783/7773] 'EMSE4574 - George Washington University': no usable link (cache)
[784/7773] 'EMSE6115 - George Washington University': no usable link (cache)
[785/7773] 'CHEM002 - Georgetown University': no usable link (cache)
[786/7773] 'CHEM012 - Georgetown University': no usable link (cache)
[787/7773] 'CHEM055 - Georgetown University': no usable link (cache)
[788/7773] 'CHEM1100 - Georgetown University': no usable link (cache)
[789/7773] 'CHEM1105 - Georgetown University': no usable link (cache)
[790/7773] 'CHEM1300 - Georgetown University': no usable link (cache)
[791/7773] 'COS051 - Georgetown University': no usable link (cache)
[792/7773] 'COSC1020 - Georgetown University': no usable link (cache)
[793/7773] 'COSC255 - Georgetown University': no usable link (cache)
[794/7773] 'ECON2056 - Georgetown University': no usable link (cache)
[795/7773] 'ECON2544 - Georgetown University': no usable link (cache)
[796/7773] 'AE2220 - Georgia Institute of Technology': no usable link (cache)
[797/7773] 'AE2610 - Georgia Institute of Technology': no usable link (cache)
[798/7773] 'AE2611 - Georgia Institute of Technology': no usable link (cache)
[799/7773] 'BIOS1107 - Georgia Institute of Technology': no usable link (cache)
[800/7773] 'BIOS1108 - Georgia Institute of Technology': no usable link (cache)
[801/7773] 'BIOS1207 - Georgia Institute of Technology': no usable link (cache)
[802/7773] 'BIOS1208 - Georgia Institute of Technology': no usable link (cache)
[803/7773] 'BIOS1208L - Georgia Institute of Technology': no usable link (cache)
[804/7773] 'BIOS2600 - Georgia Institute of Technology': no usable link (cache)
[805/7773] 'BIOS2610 - Georgia Institute of Technology': no usable link (cache)
[806/7773] 'BIOS3755 - Georgia Institute of Technology': no usable link (cache)
[807/7773] 'BIOS4401 - Georgia Institute of Technology': no usable link (cache)
[808/7773] 'BME2210 - Georgia Institute of Technology': no usable link (cache)
[809/7773] 'BMED2110 - Georgia Institute of Technology': no usable link (cache)
[810/7773] 'BMED2400 - Georgia Institute of Technology': no usable link (cache)
[811/7773] 'BMED3410 - Georgia Institute of Technology': no usable link (cache)
[812/7773] 'CALC1502 - Georgia Institute of Technology': no usable link (cache)
[813/7773] 'CALC1552 - Georgia Institute of Technology': no usable link (cache)
[814/7773] 'CHBE2120 - Georgia Institute of Technology': no usable link (cache)
[815/7773] 'CHEM1311 - Georgia Institute of Technology': no usable link (cache)
[816/7773] 'CHEM2601 - Georgia Institute of Technology': no usable link (cache)
[817/7773] 'CS2050 - Georgia Institute of Technology': no usable link (cache)
[818/7773] 'CS4605 - Georgia Institute of Technology': no usable link (cache)
[819/7773] 'CS6235 - Georgia Institute of Technology': no usable link (cache)
[820/7773] 'ECON2105 - Georgia Institute of Technology': no usable link (cache)
[821/7773] 'ECON2106 - Georgia Institute of Technology': no usable link (cache)
[822/7773] 'AIP2023 - Georgia State University': no usable link (cache)
[823/7773] 'BIOCH4600 - Georgia State University': no usable link (cache)
[824/7773] 'CALC2211 - Georgia State University': no usable link (cache)
[825/7773] 'CHEM1151LAB - Georgia State University': no usable link (cache)
[826/7773] 'CHEM1152 - Georgia State University': no usable link (cache)
[827/7773] 'CHEM1152K - Georgia State University': no usable link (cache)
[828/7773] 'CHEM1152L - Georgia State University': no usable link (cache)
[829/7773] 'CHEM3110 - Georgia State University': no usable link (cache)
[830/7773] 'CHEM4600 - Georgia State University': no usable link (cache)
[831/7773] 'CIS4680 - Georgia State University': no usable link (cache)
[832/7773] 'CSC4260 - Georgia State University': no usable link (cache)
[833/7773] 'CSC4760 - Georgia State University': no usable link (cache)
[834/7773] 'ECON3910 - Georgia State University': no usable link (cache)
[835/7773] 'ECON4999 - Georgia State University': no usable link (cache)
[836/7773] 'CHEM107LABA - Gettysburg College': no usable link (cache)
[837/7773] 'BFIN320 - Gonzaga University': no usable link (cache)
[838/7773] 'BFIN322 - Gonzaga University': no usable link (cache)
[839/7773] 'BFIN327 - Gonzaga University': no usable link (cache)
[840/7773] 'BUSN114 - Gonzaga University': no usable link (cache)
[841/7773] 'BUSN230 - Gonzaga University': no usable link (cache)
[842/7773] 'CALC157 - Gonzaga University': no usable link (cache)
[843/7773] 'CHEM443 - Gonzaga University': no usable link (cache)
[844/7773] 'BCM262 - Grinnell College': no usable link (cache)
[845/7773] 'ECN215 - Grinnell College': no usable link (cache)
[846/7773] 'ECN235 - Grinnell College': no usable link (cache)
[847/7773] 'ECN280 - Grinnell College': no usable link (cache)
[848/7773] 'ECN282 - Grinnell College': no usable link (cache)
[849/7773] 'ECN286 - Grinnell College': no usable link (cache)
[850/7773] 'ECN295 - Grinnell College': no usable link (cache)
[851/7773] 'CALC113 - Hamilton College': no usable link (cache)
[852/7773] 'CHEM190 - Hamilton College': no usable link (cache)
[853/7773] 'CHEM255 - Hamilton College': no usable link (cache)
[854/7773] 'ECON166 - Hamilton College': no usable link (cache)
[855/7773] 'ECON265 - Hamilton College': no usable link (cache)
[856/7773] 'ECON266 - Hamilton College': no usable link (cache)
[857/7773] 'ECON432 - Hamilton College': no usable link (cache)
[858/7773] 'AM21B - Harvard University': no usable link (cache)
[859/7773] 'BIOS129 - Harvard University': no usable link (cache)
[860/7773] 'BIOS61 - Harvard University': no usable link (cache)
[861/7773] 'CHEM163 - Harvard University': no usable link (cache)
[862/7773] 'CHEM17 - Harvard University': no usable link (cache)
[863/7773] 'CHEME1A - Harvard University': no usable link (cache)
[864/7773] 'CSCIE109B - Harvard University': no usable link (cache)
[865/7773] 'ECONS10AB - Harvard University': no usable link (cache)
[866/7773] 'CHEM023A - Harvey Mudd College': no usable link (cache)
[867/7773] 'CHEM056 - Harvey Mudd College': no usable link (cache)
[868/7773] 'CHEM56 - Harvey Mudd College': no usable link (cache)
[869/7773] 'CS5GR - Harvey Mudd College': no usable link (cache)
[870/7773] 'CSCI153 - Harvey Mudd College': no usable link (cache)
[871/7773] 'E79 - Harvey Mudd College': no usable link (cache)
[872/7773] 'CHEMH111LAB - Haverford College': no usable link (cache)
[873/7773] '4A - Hofstra University': no usable link (cache)
[874/7773] 'BCHEM162 - Hofstra University': no usable link (cache)
[875/7773] 'BCHM162 - Hofstra University': no usable link (cache)
[876/7773] 'CALC071 - Hofstra University': no usable link (cache)
[877/7773] 'CALC072 - Hofstra University': no usable link (cache)
[878/7773] 'CHEM003 - Hofstra University': no usable link (cache)
[879/7773] 'CHEM003A - Hofstra University': no usable link (cache)
[880/7773] 'CHEM003B - Hofstra University': no usable link (cache)
[881/7773] 'CHEM003LAB - Hofstra University': no usable link (cache)
[882/7773] 'CHEM004 - Hofstra University': no usable link (cache)
[883/7773] 'CHEM004B - Hofstra University': no usable link (cache)
[884/7773] 'CHEM03A - Hofstra University': no usable link (cache)
[885/7773] 'CHEM04 - Hofstra University': no usable link (cache)
[886/7773] 'CHEM04A - Hofstra University': no usable link (cache)
[887/7773] 'CHEM109 - Hofstra University': no usable link (cache)
[888/7773] 'CHEM3 - Hofstra University': no usable link (cache)
[889/7773] 'CHEM3A - Hofstra University': no usable link (cache)
[890/7773] 'CHEM3B - Hofstra University': no usable link (cache)
[891/7773] 'CHEM4A - Hofstra University': no usable link (cache)
[892/7773] 'CSC183 - Hofstra University': no usable link (cache)
[893/7773] 'ECO001 - Hofstra University': no usable link (cache)
[894/7773] 'ECO014F - Hofstra University': no usable link (cache)
[895/7773] 'ECO142 - Hofstra University': no usable link (cache)
[896/7773] 'ECO14F - Hofstra University': no usable link (cache)
[897/7773] 'ECO2 - Hofstra University': no usable link (cache)
[898/7773] 'ECO200 - Hofstra University': no usable link (cache)
[899/7773] 'ENGG027 - Hofstra University': no usable link (cache)
[900/7773] 'ENGG028 - Hofstra University': no usable link (cache)
[901/7773] 'ENGG25 - Hofstra University': no usable link (cache)
[902/7773] 'CIEG202 - Howard University': no usable link (cache)
[903/7773] 'CIEG302 - Howard University': no usable link (cache)
[904/7773] 'COMP003 - Howard University': no usable link (cache)
[905/7773] 'CSCI135 - Howard University': no usable link (cache)
[906/7773] 'A103 - Indiana University Bloomington': no usable link (cache)
[907/7773] 'BUSE201 - Indiana University Bloomington': no usable link (cache)
[908/7773] 'C291 - Indiana University Bloomington': no usable link (cache)
[909/7773] 'CHEM343 - Indiana University Bloomington': no usable link (cache)
[910/7773] 'CHEMS117 - Indiana University Bloomington': no usable link (cache)
[911/7773] 'CSCIC291 - Indiana University Bloomington': no usable link (cache)
[912/7773] 'ECONE211 - Indiana University Bloomington': no usable link (cache)
[913/7773] 'ECONE251 - Indiana University Bloomington': no usable link (cache)
[914/7773] 'CSCI207 - Indiana University-Purdue University Indianapolis': no usable link (cache)
[915/7773] 'CSCIC200 - Indiana University-Purdue University Indianapolis': no usable link (cache)
[916/7773] 'CSCIN211 - Indiana University-Purdue University Indianapolis': no usable link (cache)
[917/7773] 'CSCN207 - Indiana University-Purdue University Indianapolis': no usable link (cache)
[918/7773] 'ECE263 - Indiana University-Purdue University Indianapolis': no usable link (cache)
[919/7773] 'ECE32100 - Indiana University-Purdue University Indianapolis': no usable link (cache)
[920/7773] 'AERE351 - Iowa State University': no usable link (cache)
[921/7773] 'BBMB101 - Iowa State University': no usable link (cache)
[922/7773] 'CE274 - Iowa State University': no usable link (cache)
[923/7773] 'CE306 - Iowa State University': no usable link (cache)
[924/7773] 'CHE1600 - Iowa State University': no usable link (cache)
[925/7773] 'CHE2050 - Iowa State University': no usable link (cache)
[926/7773] 'CHE2310 - Iowa State University': no usable link (cache)
[927/7773] 'COMS330 - Iowa State University': no usable link (cache)
[928/7773] 'COMS362 - Iowa State University': no usable link (cache)
[929/7773] 'CONE441 - Iowa State University': no usable link (cache)
[930/7773] 'CPRE531 - Iowa State University': no usable link (cache)
[931/7773] 'CS228 - Iowa State University': no usable link (cache)
[932/7773] 'EM274 - Iowa State University': no usable link (cache)
[933/7773] 'BIO121 - Ithaca College': no usable link (cache)
[934/7773] 'CHEM11000 - Ithaca College': no usable link (cache)
[935/7773] 'CHEM12100 - Ithaca College': no usable link (cache)
[936/7773] 'CHEM22100 - Ithaca College': no usable link (cache)
[937/7773] 'ECON20200 - Ithaca College': no usable link (cache)
[938/7773] 'CHEM132L - James Madison University': no usable link (cache)
[939/7773] 'CIS204 - James Madison University': no usable link (cache)
[940/7773] 'CIS304 - James Madison University': no usable link (cache)
[941/7773] 'CALC241 - John Jay College of Criminal Justice': no usable link (cache)
[942/7773] 'CHE102 - John Jay College of Criminal Justice': no usable link (cache)
[943/7773] 'CHE103 - John Jay College of Criminal Justice': no usable link (cache)
[944/7773] 'CJBS300 - John Jay College of Criminal Justice': no usable link (cache)
[945/7773] 'CRJ716 - John Jay College of Criminal Justice': no usable link (cache)
[946/7773] 'CSCI274 - John Jay College of Criminal Justice': no usable link (cache)
[947/7773] 'CSCI375 - John Jay College of Criminal Justice': no usable link (cache)
[948/7773] 'CSCI377 - John Jay College of Criminal Justice': no usable link (cache)
[949/7773] 'CSCI379 - John Jay College of Criminal Justice': no usable link (cache)
[950/7773] 'CSCI412 - John Jay College of Criminal Justice': no usable link (cache)
[951/7773] 'ECO105 - John Jay College of Criminal Justice': no usable link (cache)
[952/7773] 'ECO10501 - John Jay College of Criminal Justice': no usable link (cache)
[953/7773] 'ECO170 - John Jay College of Criminal Justice': no usable link (cache)
[954/7773] 'ECO231 - John Jay College of Criminal Justice': no usable link (cache)
[955/7773] 'ECO245 - John Jay College of Criminal Justice': no usable link (cache)
[956/7773] 'ECO310 - John Jay College of Criminal Justice': no usable link (cache)
[957/7773] 'ACM615 - Johns Hopkins University': no usable link (cache)
[958/7773] 'AMS171 - Johns Hopkins University': no usable link (cache)
[959/7773] 'AS103 - Johns Hopkins University': no usable link (cache)
[960/7773] 'AS109 - Johns Hopkins University': no usable link (cache)
[961/7773] 'CHEM030 - Johns Hopkins University': no usable link (cache)
[962/7773] 'CHEM226 - Johns Hopkins University': no usable link (cache)
[963/7773] 'EN433 - Johns Hopkins University': no usable link (cache)
[964/7773] 'BIOCH110 - Kansas State University': no usable link (cache)
[965/7773] 'BIOCH265 - Kansas State University': no usable link (cache)
[966/7773] 'BIOCH521 - Kansas State University': no usable link (cache)
[967/7773] 'BIOCH571 - Kansas State University': no usable link (cache)
[968/7773] 'BIOCH765 - Kansas State University': no usable link (cache)
[969/7773] 'CE333 - Kansas State University': no usable link (cache)
[970/7773] 'CHE521 - Kansas State University': no usable link (cache)
[971/7773] 'CHE530 - Kansas State University': no usable link (cache)
[972/7773] 'CHE565 - Kansas State University': no usable link (cache)
[973/7773] 'CHE570 - Kansas State University': no usable link (cache)
[974/7773] 'CHM220 - Kansas State University': no usable link (cache)
[975/7773] 'CHM350 - Kansas State University': no usable link (cache)
[976/7773] 'CHM550 - Kansas State University': no usable link (cache)
[977/7773] 'CIS415 - Kansas State University': no usable link (cache)
[978/7773] 'CIS551 - Kansas State University': no usable link (cache)
[979/7773] 'CIS751 - Kansas State University': no usable link (cache)
[980/7773] 'CE3703 - Kennesaw State University': no usable link (cache)
[981/7773] 'CHEM1211L - Kennesaw State University': no usable link (cache)
[982/7773] 'CHEM2512 - Kennesaw State University': no usable link (cache)
[983/7773] 'CHEM3361 - Kennesaw State University': no usable link (cache)
[984/7773] 'CHEM3361L - Kennesaw State University': no usable link (cache)
[985/7773] 'CHEM3362 - Kennesaw State University': no usable link (cache)
[986/7773] 'CHEM3362L - Kennesaw State University': no usable link (cache)
[987/7773] 'CS3502 - Kennesaw State University': no usable link (cache)
[988/7773] 'CSE3801 - Kennesaw State University': no usable link (cache)
[989/7773] 'ECE2250 - Kennesaw State University': no usable link (cache)
[990/7773] 'ECE3305 - Kennesaw State University': no usable link (cache)
[991/7773] 'ECE3320 - Kennesaw State University': no usable link (cache)
[992/7773] 'ECET1000 - Kennesaw State University': no usable link (cache)
[993/7773] 'ECET2210 - Kennesaw State University': no usable link (cache)
[994/7773] 'ECET3220 - Kennesaw State University': no usable link (cache)
[995/7773] 'ECON4410 - Kennesaw State University': no usable link (cache)
[996/7773] 'EE1000 - Kennesaw State University': no usable link (cache)
[997/7773] 'EE1001 - Kennesaw State University': no usable link (cache)
[998/7773] 'EE2501 - Kennesaw State University': no usable link (cache)
[999/7773] 'EE4701 - Kennesaw State University': no usable link (cache)
[1000/7773] 'COMP0411 - Lakehead University': no usable link (cache)
[1001/7773] 'COMP1411 - Lakehead University': no usable link (cache)
[1002/7773] 'COMP1431 - Lakehead University': no usable link (cache)
[1003/7773] 'COMP4453 - Lakehead University': no usable link (cache)
[1004/7773] 'CS2453 - Lakehead University': no usable link (cache)
[1005/7773] 'CS2477 - Lakehead University': no usable link (cache)
[1006/7773] 'ECIV1533 - Lakehead University': no usable link (cache)
[1007/7773] 'ECIV3056 - Lakehead University': no usable link (cache)
[1008/7773] 'ECIV3738 - Lakehead University': no usable link (cache)
[1009/7773] 'ECIV4135 - Lakehead University': no usable link (cache)
[1010/7773] 'ECIV5691 - Lakehead University': no usable link (cache)
[1011/7773] 'ECON5118 - Lakehead University': no usable link (cache)
[1012/7773] 'EELE2151 - Lakehead University': no usable link (cache)
[1013/7773] 'EMEC1230 - Lakehead University': no usable link (cache)
[1014/7773] 'EMEC3337 - Lakehead University': no usable link (cache)
[1015/7773] 'ENCI317 - Lakehead University': no usable link (cache)
[1016/7773] 'ENG1553 - Lakehead University': no usable link (cache)
[1017/7773] 'ENG3015 - Lakehead University': no usable link (cache)
[1018/7773] 'ENG3022 - Lakehead University': no usable link (cache)
[1019/7773] 'ENGI1111 - Lakehead University': no usable link (cache)
[1020/7773] 'ENGI1553 - Lakehead University': no usable link (cache)
[1021/7773] 'ENGI2033 - Lakehead University': no usable link (cache)
[1022/7773] 'ENGI2333 - Lakehead University': no usable link (cache)
[1023/7773] 'ENGI2518 - Lakehead University': no usable link (cache)
[1024/7773] 'ENGI3014 - Lakehead University': no usable link (cache)
[1025/7773] 'ENGI3015 - Lakehead University': no usable link (cache)
[1026/7773] 'ENGI3021 - Lakehead University': no usable link (cache)
[1027/7773] 'ENGI3050 - Lakehead University': no usable link (cache)
[1028/7773] 'ENGI3336 - Lakehead University': no usable link (cache)
[1029/7773] 'ENGI3433 - Lakehead University': no usable link (cache)
[1030/7773] 'ENGI3655 - Lakehead University': no usable link (cache)
[1031/7773] 'ENGI3738 - Lakehead University': no usable link (cache)
[1032/7773] 'ENGI4032 - Lakehead University': no usable link (cache)
[1033/7773] 'ENGI4250 - Lakehead University': no usable link (cache)
[1034/7773] 'ENGI4436 - Lakehead University': no usable link (cache)
[1035/7773] 'ENGI4438 - Lakehead University': no usable link (cache)
[1036/7773] 'CHM152 - Le Moyne College': no usable link (cache)
[1037/7773] 'CHM223 - Le Moyne College': no usable link (cache)
[1038/7773] 'CHM224 - Le Moyne College': no usable link (cache)
[1039/7773] 'CHM327 - Le Moyne College': no usable link (cache)
[1040/7773] 'CHM460 - Le Moyne College': no usable link (cache)
[1041/7773] 'CSC176 - Le Moyne College': no usable link (cache)
[1042/7773] 'CYS167 - Le Moyne College': no usable link (cache)
[1043/7773] 'CYS331 - Le Moyne College': no usable link (cache)
[1044/7773] 'BIOS377 - Lehigh University': no usable link (cache)
[1045/7773] 'BIOS397 - Lehigh University': no usable link (cache)
[1046/7773] 'BIOS41 - Lehigh University': no usable link (cache)
[1047/7773] 'CALC023 - Lehigh University': no usable link (cache)
[1048/7773] 'CEE003 - Lehigh University': no usable link (cache)
[1049/7773] 'CEE012 - Lehigh University': no usable link (cache)
[1050/7773] 'CEE159 - Lehigh University': no usable link (cache)
[1051/7773] 'CHE031 - Lehigh University': no usable link (cache)
[1052/7773] 'CHE179 - Lehigh University': no usable link (cache)
[1053/7773] 'CHEM040 - Lehigh University': no usable link (cache)
[1054/7773] 'CHEM75 - Lehigh University': no usable link (cache)
[1055/7773] 'CHM030 - Lehigh University': no usable link (cache)
[1056/7773] 'CHM031 - Lehigh University': no usable link (cache)
[1057/7773] 'CHM041 - Lehigh University': no usable link (cache)
[1058/7773] 'CHM31 - Lehigh University': no usable link (cache)
[1059/7773] 'ECE033 - Lehigh University': no usable link (cache)
[1060/7773] 'ECE081 - Lehigh University': no usable link (cache)
[1061/7773] 'ECE123 - Lehigh University': no usable link (cache)
[1062/7773] 'ECE132 - Lehigh University': no usable link (cache)
[1063/7773] 'ECO045 - Lehigh University': no usable link (cache)
[1064/7773] 'BBA207 - Lehman College': no usable link (cache)
[1065/7773] 'BBA307 - Lehman College': no usable link (cache)
[1066/7773] 'BBA310 - Lehman College': no usable link (cache)
[1067/7773] 'BBA322 - Lehman College': no usable link (cache)
[1068/7773] 'BBA332 - Lehman College': no usable link (cache)
[1069/7773] 'BBA433 - Lehman College': no usable link (cache)
[1070/7773] 'CHE342 - Lehman College': no usable link (cache)
[1071/7773] 'CHEM166 - Lehman College': no usable link (cache)
[1072/7773] 'CHEM167 - Lehman College': no usable link (cache)
[1073/7773] 'CHEM234 - Lehman College': no usable link (cache)
[1074/7773] 'CIS212 - Lehman College': no usable link (cache)
[1075/7773] 'CIS244 - Lehman College': no usable link (cache)
[1076/7773] 'CMP157 - Lehman College': no usable link (cache)
[1077/7773] 'ECO166 - Lehman College': no usable link (cache)
[1078/7773] 'ECO308 - Lehman College': no usable link (cache)
[1079/7773] 'ECO324 - Lehman College': no usable link (cache)
[1080/7773] 'CSCN342 - Liberty University': no usable link (cache)
[1081/7773] 'ECNC213 - Liberty University': no usable link (cache)
[1082/7773] 'ECNC214 - Liberty University': no usable link (cache)
[1083/7773] 'ENGE321 - Liberty University': no usable link (cache)
[1084/7773] 'CALC001 - Louisiana State University': no usable link (cache)
[1085/7773] 'CALC1550 - Louisiana State University': no usable link (cache)
[1086/7773] 'CE2450 - Louisiana State University': no usable link (cache)
[1087/7773] 'CHE2176 - Louisiana State University': no usable link (cache)
[1088/7773] 'CHE4151 - Louisiana State University': no usable link (cache)
[1089/7773] 'CHEM1001 - Louisiana State University': no usable link (cache)
[1090/7773] 'CHEM1201 - Louisiana State University': no usable link (cache)
[1091/7773] 'CHEM1202 - Louisiana State University': no usable link (cache)
[1092/7773] 'CHEM1421 - Louisiana State University': no usable link (cache)
[1093/7773] 'CHEM1422 - Louisiana State University': no usable link (cache)
[1094/7773] 'CHEM2060 - Louisiana State University': no usable link (cache)
[1095/7773] 'CHEM2261 - Louisiana State University': no usable link (cache)
[1096/7773] 'CHEM2364 - Louisiana State University': no usable link (cache)
[1097/7773] 'CHEM3493 - Louisiana State University': no usable link (cache)
[1098/7773] 'CM1112 - Louisiana State University': no usable link (cache)
[1099/7773] 'CM2100 - Louisiana State University': no usable link (cache)
[1100/7773] 'CM2112 - Louisiana State University': no usable link (cache)
[1101/7773] 'CM3111 - Louisiana State University': no usable link (cache)
[1102/7773] 'CM4101 - Louisiana State University': no usable link (cache)
[1103/7773] 'CSC2610 - Louisiana State University': no usable link (cache)
[1104/7773] 'ECON2000 - Louisiana State University': no usable link (cache)
[1105/7773] 'ECON2035 - Louisiana State University': no usable link (cache)
[1106/7773] 'ECON4070 - Louisiana State University': no usable link (cache)
[1107/7773] 'ECON4520 - Louisiana State University': no usable link (cache)
[1108/7773] 'ECON4710 - Louisiana State University': no usable link (cache)
[1109/7773] 'ECON4900 - Louisiana State University': no usable link (cache)
[1110/7773] 'BIOE1000 - Loyola Marymount University': no usable link (cache)
[1111/7773] 'BUS270 - Loyola Marymount University': no usable link (cache)
[1112/7773] 'CMSI185 - Loyola Marymount University': no usable link (cache)
[1113/7773] 'CMSI2021 - Loyola Marymount University': no usable link (cache)
[1114/7773] 'ECON1050 - Loyola Marymount University': no usable link (cache)
[1115/7773] 'ECON4998 - Loyola Marymount University': no usable link (cache)
[1116/7773] 'CHEM386 - Loyola University Chicago': no usable link (cache)
[1117/7773] 'COMP264 - Loyola University Chicago': no usable link (cache)
[1118/7773] 'CHEM354 - Macalester College': no usable link (cache)
[1119/7773] 'CHEM411 - Macalester College': no usable link (cache)
[1120/7773] 'CALC123 - Manhattan College': no usable link (cache)
[1121/7773] 'CEEN308 - Manhattan College': no usable link (cache)
[1122/7773] 'CIS210 - Manhattan College': no usable link (cache)
[1123/7773] 'CIVIL201 - Manhattan College': no usable link (cache)
[1124/7773] 'CIVIL305 - Manhattan College': no usable link (cache)
[1125/7773] 'CIVL201 - Manhattan College': no usable link (cache)
[1126/7773] 'CIVL202 - Manhattan College': no usable link (cache)
[1127/7773] 'CIVL230 - Manhattan College': no usable link (cache)
[1128/7773] 'CIVL302 - Manhattan College': no usable link (cache)
[1129/7773] 'CIVL305 - Manhattan College': no usable link (cache)
[1130/7773] 'CIVL309 - Manhattan College': no usable link (cache)
[1131/7773] 'CIVL310 - Manhattan College': no usable link (cache)
[1132/7773] 'CIVL406 - Manhattan College': no usable link (cache)
[1133/7773] 'CIVL409 - Manhattan College': no usable link (cache)
[1134/7773] 'CIVL410 - Manhattan College': no usable link (cache)
[1135/7773] 'CIVL414 - Manhattan College': no usable link (cache)
[1136/7773] 'CMPT101 - Manhattan College': no usable link (cache)
[1137/7773] 'CMPT312 - Manhattan College': no usable link (cache)
[1138/7773] 'CMPT335 - Manhattan College': no usable link (cache)
[1139/7773] 'EECE201 - Manhattan College': no usable link (cache)
[1140/7773] 'EECE229 - Manhattan College': no usable link (cache)
[1141/7773] 'EECE321 - Manhattan College': no usable link (cache)
[1142/7773] 'BUS310 - Marist College': no usable link (cache)
[1143/7773] 'CALC115 - Marist College': no usable link (cache)
[1144/7773] 'CALC241L - Marist College': no usable link (cache)
[1145/7773] 'CHEM112L - Marist College': no usable link (cache)
[1146/7773] 'CMPT105L - Marist College': no usable link (cache)
[1147/7773] 'CMPT230L - Marist College': no usable link (cache)
[1148/7773] 'CMPT306 - Marist College': no usable link (cache)
[1149/7773] 'CMPT421 - Marist College': no usable link (cache)
[1150/7773] 'CSIS103 - Marist College': no usable link (cache)
[1151/7773] 'ECON103 - Marist College': no usable link (cache)
[1152/7773] 'ARSC1020 - Marquette University': no usable link (cache)
[1153/7773] 'BIEN1120 - Marquette University': no usable link (cache)
[1154/7773] 'BIEN2300 - Marquette University': no usable link (cache)
[1155/7773] 'CHEM1001AND2 - Marquette University': no usable link (cache)
[1156/7773] 'CHEM1001H - Marquette University': no usable link (cache)
[1157/7773] 'CHEM1002H - Marquette University': no usable link (cache)
[1158/7773] 'CHEM1013H - Marquette University': no usable link (cache)
[1159/7773] 'CHEM2111 - Marquette University': no usable link (cache)
[1160/7773] 'CHEM2112 - Marquette University': no usable link (cache)
[1161/7773] 'COSC1820 - Marquette University': no usable link (cache)
[1162/7773] 'EECE6010 - Marquette University': no usable link (cache)
[1163/7773] 'CALC1802 - Massachusetts Institute of Technology': no usable link (cache)
[1164/7773] 'CHEM5111 - Massachusetts Institute of Technology': no usable link (cache)
[1165/7773] 'CS61000 - Massachusetts Institute of Technology': no usable link (cache)
[1166/7773] 'EECS6207 - Massachusetts Institute of Technology': no usable link (cache)
[1167/7773] 'AECH120 - McGill University': no usable link (cache)
[1168/7773] 'CIVE202 - McGill University': no usable link (cache)
[1169/7773] 'COMP514 - McGill University': no usable link (cache)
[1170/7773] 'ECIN208 - McGill University': no usable link (cache)
[1171/7773] 'ECON219 - McGill University': no usable link (cache)
[1172/7773] 'ECON250 - McGill University': no usable link (cache)
[1173/7773] 'ECON250D1 - McGill University': no usable link (cache)
[1174/7773] 'ECON257 - McGill University': no usable link (cache)
[1175/7773] 'ECON257D - McGill University': no usable link (cache)
[1176/7773] 'ECON257D1 - McGill University': no usable link (cache)
[1177/7773] 'ECON314 - McGill University': no usable link (cache)
[1178/7773] 'ECON408 - McGill University': no usable link (cache)
[1179/7773] 'ECON409 - McGill University': no usable link (cache)
[1180/7773] 'ECSE351 - McGill University': no usable link (cache)
[1181/7773] '1AA3 - McMaster University': no usable link (cache)
[1182/7773] '1AC3 - McMaster University': no usable link (cache)
[1183/7773] '1BA3 - McMaster University': no usable link (cache)
[1184/7773] '1BB3 - McMaster University': no usable link (cache)
[1185/7773] '1CH3 - McMaster University': no usable link (cache)
[1186/7773] '1CP3 - McMaster University': no usable link (cache)
[1187/7773] '1EL3 - McMaster University': no usable link (cache)
[1188/7773] '1MD3 - McMaster University': no usable link (cache)
[1189/7773] '1MM3 - McMaster University': no usable link (cache)
[1190/7773] '1PH3 - McMaster University': no usable link (cache)
[1191/7773] '1PR3 - McMaster University': no usable link (cache)
[1192/7773] '1XD3 - McMaster University': no usable link (cache)
[1193/7773] '1ZA3 - McMaster University': no usable link (cache)
[1194/7773] '1ZC3 - McMaster University': no usable link (cache)
[1195/7773] '2BA3 - McMaster University': no usable link (cache)
[1196/7773] '2DA3 - McMaster University': no usable link (cache)
[1197/7773] '2DA4 - McMaster University': no usable link (cache)
[1198/7773] '2LC3 - McMaster University': no usable link (cache)
[1199/7773] '2ME3 - McMaster University': no usable link (cache)
[1200/7773] '3DB3 - McMaster University': no usable link (cache)
[1201/7773] '3DE3 - McMaster University': no usable link (cache)
[1202/7773] '3IE3 - McMaster University': no usable link (cache)
[1203/7773] '3MA3 - McMaster University': no usable link (cache)
[1204/7773] '3MF3 - McMaster University': no usable link (cache)
[1205/7773] '3TD3 - McMaster University': no usable link (cache)
[1206/7773] '4TN4 - McMaster University': no usable link (cache)
[1207/7773] 'CALC1LS3 - McMaster University': no usable link (cache)
[1208/7773] 'CALCU1ZB3 - McMaster University': no usable link (cache)
[1209/7773] 'CAS702 - McMaster University': no usable link (cache)
[1210/7773] 'CAS704 - McMaster University': no usable link (cache)
[1211/7773] 'CHEM1AA3 - McMaster University': no usable link (cache)
[1212/7773] 'CHEM20B3 - McMaster University': no usable link (cache)
[1213/7773] 'CHEM2OA3 - McMaster University': no usable link (cache)
[1214/7773] 'CHEM2OB3 - McMaster University': no usable link (cache)
[1215/7773] 'CHEM3II3 - McMaster University': no usable link (cache)
[1216/7773] 'CS1MC3 - McMaster University': no usable link (cache)
[1217/7773] 'CS2DM3 - McMaster University': no usable link (cache)
[1218/7773] 'CS3DB3 - McMaster University': no usable link (cache)
[1219/7773] 'ECON1BB3 - McMaster University': no usable link (cache)
[1220/7773] 'ENG2P4 - McMaster University': no usable link (cache)
[1221/7773] 'AMAT3260 - Memorial University of Newfoundland': no usable link (cache)
[1222/7773] 'BIOC1430 - Memorial University of Newfoundland': no usable link (cache)
[1223/7773] 'BIOC2901 - Memorial University of Newfoundland': no usable link (cache)
[1224/7773] 'BIOC3206 - Memorial University of Newfoundland': no usable link (cache)
[1225/7773] 'BIOC4230 - Memorial University of Newfoundland': no usable link (cache)
[1226/7773] 'BUSI3401 - Memorial University of Newfoundland': no usable link (cache)
[1227/7773] 'CHEM2440 - Memorial University of Newfoundland': no usable link (cache)
[1228/7773] 'CIV3440 - Memorial University of Newfoundland': no usable link (cache)
[1229/7773] 'COMP2002 - Memorial University of Newfoundland': no usable link (cache)
[1230/7773] 'COMP3202 - Memorial University of Newfoundland': no usable link (cache)
[1231/7773] 'CS1003 - Memorial University of Newfoundland': no usable link (cache)
[1232/7773] 'CS1700 - Memorial University of Newfoundland': no usable link (cache)
[1233/7773] 'CS2801 - Memorial University of Newfoundland': no usable link (cache)
[1234/7773] 'CS3400 - Memorial University of Newfoundland': no usable link (cache)
[1235/7773] 'ECE4300 - Memorial University of Newfoundland': no usable link (cache)
[1236/7773] 'ECE4600 - Memorial University of Newfoundland': no usable link (cache)
[1237/7773] 'ENG1333 - Memorial University of Newfoundland': no usable link (cache)
[1238/7773] 'ENGI1010 - Memorial University of Newfoundland': no usable link (cache)
[1239/7773] 'ENGI1030 - Memorial University of Newfoundland': no usable link (cache)
[1240/7773] 'ENGI1040 - Memorial University of Newfoundland': no usable link (cache)
[1241/7773] 'ENGI1333 - Memorial University of Newfoundland': no usable link (cache)
[1242/7773] 'ENGI3934 - Memorial University of Newfoundland': no usable link (cache)
[1243/7773] 'ENGI4602 - Memorial University of Newfoundland': no usable link (cache)
[1244/7773] 'ENGI4961 - Memorial University of Newfoundland': no usable link (cache)
[1245/7773] 'CEC266 - Miami University': no usable link (cache)
[1246/7773] 'CEC266H - Miami University': no usable link (cache)
[1247/7773] 'CHEM145 - Miami University': no usable link (cache)
[1248/7773] 'CHM142 - Miami University': no usable link (cache)
[1249/7773] 'CHM145 - Miami University': no usable link (cache)
[1250/7773] 'CHM242 - Miami University': no usable link (cache)
[1251/7773] 'CSA163 - Miami University': no usable link (cache)
[1252/7773] 'CSE148 - Miami University': no usable link (cache)
[1253/7773] 'EAS266 - Miami University': no usable link (cache)
[1254/7773] 'ECO201H - Miami University': no usable link (cache)
[1255/7773] 'ECO462 - Miami University': no usable link (cache)
[1256/7773] 'CSE380 - Michigan State University': no usable link (cache)
[1257/7773] 'EC302 - Michigan State University': no usable link (cache)
[1258/7773] 'EC340 - Michigan State University': no usable link (cache)
[1259/7773] 'ECE202 - Michigan State University': no usable link (cache)
[1260/7773] 'ABE3303 - Mississippi State University': no usable link (cache)
[1261/7773] 'BCH4613 - Mississippi State University': no usable link (cache)
[1262/7773] 'CE3313 - Mississippi State University': no usable link (cache)
[1263/7773] 'CE4973 - Mississippi State University': no usable link (cache)
[1264/7773] 'CH1043 - Mississippi State University': no usable link (cache)
[1265/7773] 'CH1123 - Mississippi State University': no usable link (cache)
[1266/7773] 'CH1213 - Mississippi State University': no usable link (cache)
[1267/7773] 'CH1223 - Mississippi State University': no usable link (cache)
[1268/7773] 'CH2114 - Mississippi State University': no usable link (cache)
[1269/7773] 'CH4511 - Mississippi State University': no usable link (cache)
[1270/7773] 'CH4513 - Mississippi State University': no usable link (cache)
[1271/7773] 'CH4523 - Mississippi State University': no usable link (cache)
[1272/7773] 'CHE2114 - Mississippi State University': no usable link (cache)
[1273/7773] 'CSE1011 - Mississippi State University': no usable link (cache)
[1274/7773] 'CSE1233 - Mississippi State University': no usable link (cache)
[1275/7773] 'CSE1384 - Mississippi State University': no usable link (cache)
[1276/7773] 'CSE2213 - Mississippi State University': no usable link (cache)
[1277/7773] 'EC2123 - Mississippi State University': no usable link (cache)
[1278/7773] 'ECE8990 - Mississippi State University': no usable link (cache)
[1279/7773] 'ECON2123 - Mississippi State University': no usable link (cache)
[1280/7773] 'EG1143 - Mississippi State University': no usable link (cache)
[1281/7773] 'EM2413 - Mississippi State University': no usable link (cache)
[1282/7773] 'EM3313 - Mississippi State University': no usable link (cache)
[1283/7773] 'CHM170 - Missouri State University': no usable link (cache)
[1284/7773] 'CIS388 - Missouri State University': no usable link (cache)
[1285/7773] 'CIS429 - Missouri State University': no usable link (cache)
[1286/7773] 'CSC690 - Missouri State University': no usable link (cache)
[1287/7773] 'CSC703 - Missouri State University': no usable link (cache)
[1288/7773] 'ECO155 - Missouri State University': no usable link (cache)
[1289/7773] 'ECO165 - Missouri State University': no usable link (cache)
[1290/7773] 'ECO316 - Missouri State University': no usable link (cache)
[1291/7773] 'ECO397 - Missouri State University': no usable link (cache)
[1292/7773] 'ECO504 - Missouri State University': no usable link (cache)
[1293/7773] 'ASTR110IN - Montana State University': no usable link (cache)
[1294/7773] 'CHBE213 - Montana State University': no usable link (cache)
[1295/7773] 'CHMY121IN - Montana State University': no usable link (cache)
[1296/7773] 'CHMY123 - Montana State University': no usable link (cache)
[1297/7773] 'CHMY141 - Montana State University': no usable link (cache)
[1298/7773] 'CHMY143 - Montana State University': no usable link (cache)
[1299/7773] 'CHMY321 - Montana State University': no usable link (cache)
[1300/7773] 'CS145RA - Montana State University': no usable link (cache)
[1301/7773] 'ECNS101IS - Montana State University': no usable link (cache)
[1302/7773] 'ECNS313 - Montana State University': no usable link (cache)
[1303/7773] 'EELE261 - Montana State University': no usable link (cache)
[1304/7773] 'EELE321 - Montana State University': no usable link (cache)
[1305/7773] 'EELE371 - Montana State University': no usable link (cache)
[1306/7773] 'EGEN205 - Montana State University': no usable link (cache)
[1307/7773] 'EGEN330 - Montana State University': no usable link (cache)
[1308/7773] 'EMEC405 - Montana State University': no usable link (cache)
[1309/7773] 'C350 - New Jersey Institute of Technology': no usable link (cache)
[1310/7773] 'CALC112H - New Jersey Institute of Technology': no usable link (cache)
[1311/7773] 'CALC213B - New Jersey Institute of Technology': no usable link (cache)
[1312/7773] 'CE210 - New Jersey Institute of Technology': no usable link (cache)
[1313/7773] 'CE320A - New Jersey Institute of Technology': no usable link (cache)
[1314/7773] 'CIS280 - New Jersey Institute of Technology': no usable link (cache)
[1315/7773] 'CIS490 - New Jersey Institute of Technology': no usable link (cache)
[1316/7773] 'CIS491 - New Jersey Institute of Technology': no usable link (cache)
[1317/7773] 'CIS631 - New Jersey Institute of Technology': no usable link (cache)
[1318/7773] 'CIS635 - New Jersey Institute of Technology': no usable link (cache)
[1319/7773] 'CIS734 - New Jersey Institute of Technology': no usable link (cache)
[1320/7773] 'CPT330 - New Jersey Institute of Technology': no usable link (cache)
[1321/7773] 'ECE372 - New Jersey Institute of Technology': no usable link (cache)
[1322/7773] 'ECE374 - New Jersey Institute of Technology': no usable link (cache)
[1323/7773] 'ECET412 - New Jersey Institute of Technology': no usable link (cache)
[1324/7773] 'ARE201 - North Carolina State University': no usable link (cache)
[1325/7773] 'ARE433 - North Carolina State University': no usable link (cache)
[1326/7773] 'BCH455 - North Carolina State University': no usable link (cache)
[1327/7773] 'BMME209 - North Carolina State University': no usable link (cache)
[1328/7773] 'CE413 - North Carolina State University': no usable link (cache)
[1329/7773] 'CE487 - North Carolina State University': no usable link (cache)
[1330/7773] 'CH101 - North Carolina State University': no usable link (cache)
[1331/7773] 'CH201 - North Carolina State University': no usable link (cache)
[1332/7773] 'CH221 - North Carolina State University': no usable link (cache)
[1333/7773] 'CSC113 - North Carolina State University': no usable link (cache)
[1334/7773] 'CSC591 - North Carolina State University': no usable link (cache)
[1335/7773] 'E144 - North Carolina State University': no usable link (cache)
[1336/7773] 'E304 - North Carolina State University': no usable link (cache)
[1337/7773] 'EC202 - North Carolina State University': no usable link (cache)
[1338/7773] 'EC404 - North Carolina State University': no usable link (cache)
[1339/7773] 'AGEC244 - North Dakota State University': no usable link (cache)
[1340/7773] 'AGEC350 - North Dakota State University': no usable link (cache)
[1341/7773] 'BIOC260 - North Dakota State University': no usable link (cache)
[1342/7773] 'BIOC460 - North Dakota State University': no usable link (cache)
[1343/7773] 'BIOC487 - North Dakota State University': no usable link (cache)
[1344/7773] 'CALC165 - North Dakota State University': no usable link (cache)
[1345/7773] 'CE309 - North Dakota State University': no usable link (cache)
[1346/7773] 'CSCI227 - North Dakota State University': no usable link (cache)
[1347/7773] 'ECE461 - North Dakota State University': no usable link (cache)
[1348/7773] 'BIO3611 - Northeastern University': no usable link (cache)
[1349/7773] 'BIOL4705 - Northeastern University': no usable link (cache)
[1350/7773] 'BUSN1231 - Northeastern University': no usable link (cache)
[1351/7773] 'CHEM2315 - Northeastern University': no usable link (cache)
[1352/7773] 'CS1802 - Northeastern University': no usable link (cache)
[1353/7773] 'ECN1115 - Northeastern University': no usable link (cache)
[1354/7773] 'ECN1116 - Northeastern University': no usable link (cache)
[1355/7773] 'ECN115 - Northeastern University': no usable link (cache)
[1356/7773] 'ECNU115 - Northeastern University': no usable link (cache)
[1357/7773] 'ECNU116 - Northeastern University': no usable link (cache)
[1358/7773] 'ECON1115 - Northeastern University': no usable link (cache)
[1359/7773] 'ECON1711 - Northeastern University': no usable link (cache)
[1360/7773] 'ECON2316 - Northeastern University': no usable link (cache)
[1361/7773] 'ECON2560 - Northeastern University': no usable link (cache)
[1362/7773] 'ECON3423 - Northeastern University': no usable link (cache)
[1363/7773] 'BIOS308 - Northern Illinois University': no usable link (cache)
[1364/7773] 'BIOS313 - Northern Illinois University': no usable link (cache)
[1365/7773] 'BIOS454 - Northern Illinois University': no usable link (cache)
[1366/7773] 'BIOS470 - Northern Illinois University': no usable link (cache)
[1367/7773] 'ELE210 - Northern Illinois University': no usable link (cache)
[1368/7773] 'ELE250 - Northern Illinois University': no usable link (cache)
[1369/7773] 'ELE315 - Northern Illinois University': no usable link (cache)
[1370/7773] 'ELE340 - Northern Illinois University': no usable link (cache)
[1371/7773] 'ELE370 - Northern Illinois University': no usable link (cache)
[1372/7773] 'ELE380 - Northern Illinois University': no usable link (cache)
[1373/7773] 'ELE420 - Northern Illinois University': no usable link (cache)
[1374/7773] 'CHEM2102 - Northwestern University': no usable link (cache)
[1375/7773] 'CIS417 - Northwestern University': no usable link (cache)
[1376/7773] 'CHEM339 - Oberlin College': no usable link (cache)
[1377/7773] 'CHEM374 - Oberlin College': no usable link (cache)
[1378/7773] 'ASTRO1000 - Ohio University': no usable link (cache)
[1379/7773] 'BIOS1000 - Ohio University': no usable link (cache)
[1380/7773] 'BIOS1300 - Ohio University': no usable link (cache)
[1381/7773] 'BIOS2050 - Ohio University': no usable link (cache)
[1382/7773] 'BIOS2200 - Ohio University': no usable link (cache)
[1383/7773] 'BIOS221 - Ohio University': no usable link (cache)
[1384/7773] 'BIOS4630 - Ohio University': no usable link (cache)
[1385/7773] 'CHEM1510 - Ohio University': no usable link (cache)
[1386/7773] 'CHEM1520 - Ohio University': no usable link (cache)
[1387/7773] 'CHEM3080 - Ohio University': no usable link (cache)
[1388/7773] 'CHEM3090 - Ohio University': no usable link (cache)
[1389/7773] 'CHEM4310 - Ohio University': no usable link (cache)
[1390/7773] 'EE2114 - Ohio University': no usable link (cache)
[1391/7773] 'EE3343 - Ohio University': no usable link (cache)
[1392/7773] 'EMGT6200 - Ohio University': no usable link (cache)
[1393/7773] 'ASTR1023 - Oklahoma State University': no usable link (cache)
[1394/7773] 'CET2263 - Oklahoma State University': no usable link (cache)
[1395/7773] 'CHEM1014 - Oklahoma State University': no usable link (cache)
[1396/7773] 'CHEM1414 - Oklahoma State University': no usable link (cache)
[1397/7773] 'CHEM1515 - Oklahoma State University': no usable link (cache)
[1398/7773] 'CHEM3013 - Oklahoma State University': no usable link (cache)
[1399/7773] 'CHEM3053 - Oklahoma State University': no usable link (cache)
[1400/7773] 'CS5313 - Oklahoma State University': no usable link (cache)
[1401/7773] 'ECEN3513 - Oklahoma State University': no usable link (cache)
[1402/7773] 'CHEM101N - Old Dominion University': no usable link (cache)
[1403/7773] 'CHEM105N - Old Dominion University': no usable link (cache)
[1404/7773] 'CHEM106N - Old Dominion University': no usable link (cache)
[1405/7773] 'CHEM121N - Old Dominion University': no usable link (cache)
[1406/7773] 'CHEM123N - Old Dominion University': no usable link (cache)
[1407/7773] 'CHEM173T - Old Dominion University': no usable link (cache)
[1408/7773] 'ECON202S - Old Dominion University': no usable link (cache)
[1409/7773] 'EET225 - Old Dominion University': no usable link (cache)
[1410/7773] 'AEC251 - Oregon State University': no usable link (cache)
[1411/7773] 'BB451 - Oregon State University': no usable link (cache)
[1412/7773] 'CS534 - Oregon State University': no usable link (cache)
[1413/7773] 'CS612 - Pace University': no usable link (cache)
[1414/7773] 'ECO106 - Pace University': no usable link (cache)
[1415/7773] 'ASTR7N - Penn State University': no usable link (cache)
[1416/7773] 'ASTRO020S - Penn State University': no usable link (cache)
[1417/7773] 'ASTRO7N - Penn State University': no usable link (cache)
[1418/7773] 'BIOE409 - Penn State University': no usable link (cache)
[1419/7773] 'BME402 - Penn State University': no usable link (cache)
[1420/7773] 'BME409 - Penn State University': no usable link (cache)
[1421/7773] 'CHE210 - Penn State University': no usable link (cache)
[1422/7773] 'CHE350 - Penn State University': no usable link (cache)
[1423/7773] 'CHE480 - Penn State University': no usable link (cache)
[1424/7773] 'CHEM210H - Penn State University': no usable link (cache)
[1425/7773] 'CHEM212B - Penn State University': no usable link (cache)
[1426/7773] 'CHEM38H - Penn State University': no usable link (cache)
[1427/7773] 'CHEM39 - Penn State University': no usable link (cache)
[1428/7773] 'CHEM450 - Penn State University': no usable link (cache)
[1429/7773] 'CHEM466 - Penn State University': no usable link (cache)
[1430/7773] 'CMPCS201 - Penn State University': no usable link (cache)
[1431/7773] 'CMPEN221 - Penn State University': no usable link (cache)
[1432/7773] 'CMPEN270 - Penn State University': no usable link (cache)
[1433/7773] 'CMPEN311 - Penn State University': no usable link (cache)
[1434/7773] 'CMPSC100 - Penn State University': no usable link (cache)
[1435/7773] 'CMPSC200 - Penn State University': no usable link (cache)
[1436/7773] 'CMPSC360 - Penn State University': no usable link (cache)
[1437/7773] 'ECE453 - Penn State University': no usable link (cache)
[1438/7773] 'ECON106 - Penn State University': no usable link (cache)
[1439/7773] 'ECON306 - Penn State University': no usable link (cache)
[1440/7773] 'EDSGN100 - Penn State University': no usable link (cache)
[1441/7773] 'EDSGN100H - Penn State University': no usable link (cache)
[1442/7773] 'EE320 - Penn State University': no usable link (cache)
[1443/7773] 'EE387 - Penn State University': no usable link (cache)
[1444/7773] 'EMCH211 - Penn State University': no usable link (cache)
[1445/7773] 'EMCH212 - Penn State University': no usable link (cache)
[1446/7773] 'EMCH212H - Penn State University': no usable link (cache)
[1447/7773] 'EMCH213 - Penn State University': no usable link (cache)
[1448/7773] 'EMECH211 - Penn State University': no usable link (cache)
[1449/7773] 'EMECH212 - Penn State University': no usable link (cache)
[1450/7773] 'BA210 - Pepperdine University': no usable link (cache)
[1451/7773] 'CHEM23 - Pomona College': no usable link (cache)
[1452/7773] 'EA010 - Pomona College': no usable link (cache)
[1453/7773] 'BST325 - Portland State University': no usable link (cache)
[1454/7773] 'BST359U - Portland State University': no usable link (cache)
[1455/7773] 'CE324 - Portland State University': no usable link (cache)
[1456/7773] 'CE325 - Portland State University': no usable link (cache)
[1457/7773] 'CE362 - Portland State University': no usable link (cache)
[1458/7773] 'CE410 - Portland State University': no usable link (cache)
[1459/7773] 'CH221H - Portland State University': no usable link (cache)
[1460/7773] 'CH223H - Portland State University': no usable link (cache)
[1461/7773] 'CH426 - Portland State University': no usable link (cache)
[1462/7773] 'CH491 - Portland State University': no usable link (cache)
[1463/7773] 'EAS212 - Portland State University': no usable link (cache)
[1464/7773] 'EC456 - Portland State University': no usable link (cache)
[1465/7773] 'ECE172 - Portland State University': no usable link (cache)
[1466/7773] 'CALC108 - Providence College': no usable link (cache)
[1467/7773] 'CHM102L - Providence College': no usable link (cache)
[1468/7773] 'ECN214 - Providence College': no usable link (cache)
[1469/7773] 'CHM115 - Purdue University': no usable link (cache)
[1470/7773] 'CHM119 - Purdue University': no usable link (cache)
[1471/7773] 'CHM22000 - Purdue University': no usable link (cache)
[1472/7773] 'CHM255 - Purdue University': no usable link (cache)
[1473/7773] 'CS12600 - Purdue University': no usable link (cache)
[1474/7773] 'ECON252 - Purdue University': no usable link (cache)
[1475/7773] 'BUS241 - Queens College': no usable link (cache)
[1476/7773] 'CALC131 - Queens College': no usable link (cache)
[1477/7773] 'CHEM019 - Queens College': no usable link (cache)
[1478/7773] 'CHEM1011 - Queens College': no usable link (cache)
[1479/7773] 'CHEM1023 - Queens College': no usable link (cache)
[1480/7773] 'CHEM1131 - Queens College': no usable link (cache)
[1481/7773] 'CHEM1131LAB - Queens College': no usable link (cache)
[1482/7773] 'CHEM1134 - Queens College': no usable link (cache)
[1483/7773] 'CHEM1141 - Queens College': no usable link (cache)
[1484/7773] 'CHEM1144 - Queens College': no usable link (cache)
[1485/7773] 'CHEM114LAB - Queens College': no usable link (cache)
[1486/7773] 'CHEM251 - Queens College': no usable link (cache)
[1487/7773] 'CHEM2514 - Queens College': no usable link (cache)
[1488/7773] 'CHEM371 - Queens College': no usable link (cache)
[1489/7773] 'CISI012 - Queens College': no usable link (cache)
[1490/7773] 'CS12 - Queens College': no usable link (cache)
[1491/7773] 'CS340 - Queens College': no usable link (cache)
[1492/7773] 'CS715 - Queens College': no usable link (cache)
[1493/7773] 'CSC323 - Queens College': no usable link (cache)
[1494/7773] 'CSCI012 - Queens College': no usable link (cache)
[1495/7773] 'CSCI211 - Queens College': no usable link (cache)
[1496/7773] 'CSCI220 - Queens College': no usable link (cache)
[1497/7773] 'CSCI316 - Queens College': no usable link (cache)
[1498/7773] 'CSCI320 - Queens College': no usable link (cache)
[1499/7773] 'DATA205 - Queens College': no usable link (cache)
[1500/7773] 'ECO205 - Queens College': no usable link (cache)
[1501/7773] 'ECO246 - Queens College': no usable link (cache)
[1502/7773] 'ECO382 - Queens College': no usable link (cache)
[1503/7773] 'ECON246 - Queens College': no usable link (cache)
[1504/7773] 'ECON249 - Queens College': no usable link (cache)
[1505/7773] 'EECE351 - Queens College': no usable link (cache)
[1506/7773] 'EECE800 - Queens College': no usable link (cache)
[1507/7773] 'CORE122 - Queens University': no usable link (cache)
[1508/7773] 'CH110L - Quinnipiac University': no usable link (cache)
[1509/7773] 'CH210 - Quinnipiac University': no usable link (cache)
[1510/7773] 'CH210L - Quinnipiac University': no usable link (cache)
[1511/7773] 'CHE110L - Quinnipiac University': no usable link (cache)
[1512/7773] 'CHE210L - Quinnipiac University': no usable link (cache)
[1513/7773] 'CHE211L - Quinnipiac University': no usable link (cache)
[1514/7773] 'BIOL4760 - Rensselaer Polytechnic Institute': no usable link (cache)
[1515/7773] 'BME2050 - Rensselaer Polytechnic Institute': no usable link (cache)
[1516/7773] 'BMED2050 - Rensselaer Polytechnic Institute': no usable link (cache)
[1517/7773] 'BMED2500 - Rensselaer Polytechnic Institute': no usable link (cache)
[1518/7773] 'BMED4010 - Rensselaer Polytechnic Institute': no usable link (cache)
[1519/7773] 'CAD1200 - Rensselaer Polytechnic Institute': no usable link (cache)
[1520/7773] 'CALC1100 - Rensselaer Polytechnic Institute': no usable link (cache)
[1521/7773] 'CALC1200 - Rensselaer Polytechnic Institute': no usable link (cache)
[1522/7773] 'CHEM2030 - Rensselaer Polytechnic Institute': no usable link (cache)
[1523/7773] 'CHEM2260 - Rensselaer Polytechnic Institute': no usable link (cache)
[1524/7773] 'CHME2010 - Rensselaer Polytechnic Institute': no usable link (cache)
[1525/7773] 'CHME2020 - Rensselaer Polytechnic Institute': no usable link (cache)
[1526/7773] 'CHME4010 - Rensselaer Polytechnic Institute': no usable link (cache)
[1527/7773] 'CHME4020 - Rensselaer Polytechnic Institute': no usable link (cache)
[1528/7773] 'CIVL2030 - Rensselaer Polytechnic Institute': no usable link (cache)
[1529/7773] 'CIVL2050 - Rensselaer Polytechnic Institute': no usable link (cache)
[1530/7773] 'CIVL2670 - Rensselaer Polytechnic Institute': no usable link (cache)
[1531/7773] 'CS2500 - Rensselaer Polytechnic Institute': no usable link (cache)
[1532/7773] 'CSCI2500 - Rensselaer Polytechnic Institute': no usable link (cache)
[1533/7773] 'CSCI4370 - Rensselaer Polytechnic Institute': no usable link (cache)
[1534/7773] 'CSCI4800 - Rensselaer Polytechnic Institute': no usable link (cache)
[1535/7773] 'ECON4130 - Rensselaer Polytechnic Institute': no usable link (cache)
[1536/7773] 'ECSE2010 - Rensselaer Polytechnic Institute': no usable link (cache)
[1537/7773] 'ECSE2110 - Rensselaer Polytechnic Institute': no usable link (cache)
[1538/7773] 'ECSE2210 - Rensselaer Polytechnic Institute': no usable link (cache)
[1539/7773] 'ECSE2410 - Rensselaer Polytechnic Institute': no usable link (cache)
[1540/7773] 'ECSE2610 - Rensselaer Polytechnic Institute': no usable link (cache)
[1541/7773] 'ECSE4480 - Rensselaer Polytechnic Institute': no usable link (cache)
[1542/7773] 'ECSE4900 - Rensselaer Polytechnic Institute': no usable link (cache)
[1543/7773] 'ENG1300 - Rensselaer Polytechnic Institute': no usable link (cache)
[1544/7773] 'BIOS201 - Rice University': no usable link (cache)
[1545/7773] 'BIOS301 - Rice University': no usable link (cache)
[1546/7773] 'CALC181 - Rochester Institute of Technology': no usable link (cache)
[1547/7773] 'CALC182 - Rochester Institute of Technology': no usable link (cache)
[1548/7773] 'CALC272 - Rochester Institute of Technology': no usable link (cache)
[1549/7773] 'CALC282 - Rochester Institute of Technology': no usable link (cache)
[1550/7773] 'CALC283 - Rochester Institute of Technology': no usable link (cache)
[1551/7773] 'CALC305 - Rochester Institute of Technology': no usable link (cache)
[1552/7773] 'CAST271 - Rochester Institute of Technology': no usable link (cache)
[1553/7773] 'CHMG141 - Rochester Institute of Technology': no usable link (cache)
[1554/7773] 'CHMG142 - Rochester Institute of Technology': no usable link (cache)
[1555/7773] 'CHMG145 - Rochester Institute of Technology': no usable link (cache)
[1556/7773] 'CHMO231 - Rochester Institute of Technology': no usable link (cache)
[1557/7773] 'CHMO332 - Rochester Institute of Technology': no usable link (cache)
[1558/7773] 'CMPE570 - Rochester Institute of Technology': no usable link (cache)
[1559/7773] 'CSC1141 - Rochester Institute of Technology': no usable link (cache)
[1560/7773] 'CSCI250 - Rochester Institute of Technology': no usable link (cache)
[1561/7773] 'CSCI651 - Rochester Institute of Technology': no usable link (cache)
[1562/7773] 'CSCI720 - Rochester Institute of Technology': no usable link (cache)
[1563/7773] 'CSCI788 - Rochester Institute of Technology': no usable link (cache)
[1564/7773] 'CSEC101 - Rochester Institute of Technology': no usable link (cache)
[1565/7773] 'CSEC102 - Rochester Institute of Technology': no usable link (cache)
[1566/7773] 'CVET150 - Rochester Institute of Technology': no usable link (cache)
[1567/7773] 'CVET181 - Rochester Institute of Technology': no usable link (cache)
[1568/7773] 'DIFFY1 - Rochester Institute of Technology': no usable link (cache)
[1569/7773] 'DISC109 - Rochester Institute of Technology': no usable link (cache)
[1570/7773] 'DISC206 - Rochester Institute of Technology': no usable link (cache)
[1571/7773] 'DSIC190 - Rochester Institute of Technology': no usable link (cache)
[1572/7773] 'EEEE120 - Rochester Institute of Technology': no usable link (cache)
[1573/7773] 'EEEE281 - Rochester Institute of Technology': no usable link (cache)
[1574/7773] 'EEEE346 - Rochester Institute of Technology': no usable link (cache)
[1575/7773] 'EEEE620 - Rochester Institute of Technology': no usable link (cache)
[1576/7773] 'EEET122 - Rochester Institute of Technology': no usable link (cache)
[1577/7773] 'EEET211 - Rochester Institute of Technology': no usable link (cache)
[1578/7773] 'EEET313 - Rochester Institute of Technology': no usable link (cache)
[1579/7773] 'EEET433 - Rochester Institute of Technology': no usable link (cache)
[1580/7773] 'ECE180 - Rose-Hulman Institute of Technology': no usable link (cache)
[1581/7773] 'ECE233 - Rose-Hulman Institute of Technology': no usable link (cache)
[1582/7773] 'ECONS151 - Rose-Hulman Institute of Technology': no usable link (cache)
[1583/7773] 'ECONS152 - Rose-Hulman Institute of Technology': no usable link (cache)
[1584/7773] 'EM203 - Rose-Hulman Institute of Technology': no usable link (cache)
[1585/7773] 'EM204 - Rose-Hulman Institute of Technology': no usable link (cache)
[1586/7773] 'ENGD100 - Rose-Hulman Institute of Technology': no usable link (cache)
[1587/7773] 'ENGD240 - Rose-Hulman Institute of Technology': no usable link (cache)
[1588/7773] 'CEE08102 - Rowan University': no usable link (cache)
[1589/7773] 'CHEM01600 - Rowan University': no usable link (cache)
[1590/7773] 'CHEM05100 - Rowan University': no usable link (cache)
[1591/7773] 'CHEM05249 - Rowan University': no usable link (cache)
[1592/7773] 'CHEM06100 - Rowan University': no usable link (cache)
[1593/7773] 'CHEM06101 - Rowan University': no usable link (cache)
[1594/7773] 'CHEM07200 - Rowan University': no usable link (cache)
[1595/7773] 'CHEM07201 - Rowan University': no usable link (cache)
[1596/7773] 'CHEM08410 - Rowan University': no usable link (cache)
[1597/7773] 'COMP01111 - Rowan University': no usable link (cache)
[1598/7773] 'COMP01112 - Rowan University': no usable link (cache)
[1599/7773] 'COMP2 - Rowan University': no usable link (cache)
[1600/7773] 'CS01104 - Rowan University': no usable link (cache)
[1601/7773] 'CS02530 - Rowan University': no usable link (cache)
[1602/7773] 'CS03351 - Rowan University': no usable link (cache)
[1603/7773] 'ECON04101 - Rowan University': no usable link (cache)
[1604/7773] 'ECON04102 - Rowan University': no usable link (cache)
[1605/7773] 'CH119 - Sacred Heart University': no usable link (cache)
[1606/7773] 'CH120 - Sacred Heart University': no usable link (cache)
[1607/7773] 'CH152 - Sacred Heart University': no usable link (cache)
[1608/7773] 'CH153 - Sacred Heart University': no usable link (cache)
[1609/7773] 'CH224 - Sacred Heart University': no usable link (cache)
[1610/7773] 'CTL125 - Sacred Heart University': no usable link (cache)
[1611/7773] 'CY212 - Sacred Heart University': no usable link (cache)
[1612/7773] 'AENG3410 - Saint Louis University': no usable link (cache)
[1613/7773] 'AENG4410 - Saint Louis University': no usable link (cache)
[1614/7773] 'CHEM462 - Saint Louis University': no usable link (cache)
[1615/7773] 'ECE1200 - Saint Louis University': no usable link (cache)
[1616/7773] 'ECNB190 - Saint Louis University': no usable link (cache)
[1617/7773] 'ECON1900 - Saint Louis University': no usable link (cache)
[1618/7773] 'CHEM1406 - Sam Houston State University': no usable link (cache)
[1619/7773] 'CHEM1407 - Sam Houston State University': no usable link (cache)
[1620/7773] 'CHEM2123 - Sam Houston State University': no usable link (cache)
[1621/7773] 'CHEM2323 - Sam Houston State University': no usable link (cache)
[1622/7773] 'COS4320 - Sam Houston State University': no usable link (cache)
[1623/7773] 'COSC1436 - Sam Houston State University': no usable link (cache)
[1624/7773] 'COSC2327 - Sam Houston State University': no usable link (cache)
[1625/7773] 'COSC2329 - Sam Houston State University': no usable link (cache)
[1626/7773] 'COSC3319 - Sam Houston State University': no usable link (cache)
[1627/7773] 'COSC4316 - Sam Houston State University': no usable link (cache)
[1628/7773] 'COSC4319 - Sam Houston State University': no usable link (cache)
[1629/7773] 'DFSC1316 - Sam Houston State University': no usable link (cache)
[1630/7773] 'DFSC1317 - Sam Houston State University': no usable link (cache)
[1631/7773] 'DFSC2316 - Sam Houston State University': no usable link (cache)
[1632/7773] 'DFSC3316 - Sam Houston State University': no usable link (cache)
[1633/7773] 'ECO233 - Sam Houston State University': no usable link (cache)
[1634/7773] 'ECON3357 - Sam Houston State University': no usable link (cache)
[1635/7773] 'ECON4357 - Sam Houston State University': no usable link (cache)
[1636/7773] 'ECON5357 - Sam Houston State University': no usable link (cache)
[1637/7773] 'AE320 - San Diego State University': no usable link (cache)
[1638/7773] 'AE340 - San Diego State University': no usable link (cache)
[1639/7773] 'CHEM560 - San Diego State University': no usable link (cache)
[1640/7773] 'CIV218 - San Diego State University': no usable link (cache)
[1641/7773] 'CIVE218 - San Diego State University': no usable link (cache)
[1642/7773] 'CIVE301 - San Diego State University': no usable link (cache)
[1643/7773] 'CIVE421 - San Diego State University': no usable link (cache)
[1644/7773] 'CIVE462 - San Diego State University': no usable link (cache)
[1645/7773] 'CIVE465 - San Diego State University': no usable link (cache)
[1646/7773] 'CONE240 - San Diego State University': no usable link (cache)
[1647/7773] 'EE340 - San Diego State University': no usable link (cache)
[1648/7773] 'ASTR115 - San Francisco State University': no usable link (cache)
[1649/7773] 'CHEM336 - San Francisco State University': no usable link (cache)
[1650/7773] 'CHEM349 - San Francisco State University': no usable link (cache)
[1651/7773] 'CSC213 - San Francisco State University': no usable link (cache)
[1652/7773] 'ASTRO10A - San Jose State University': no usable link (cache)
[1653/7773] 'CE170 - San Jose State University': no usable link (cache)
[1654/7773] 'CHEM30A - San Jose State University': no usable link (cache)
[1655/7773] 'CMPE130 - San Jose State University': no usable link (cache)
[1656/7773] 'CMPE148 - San Jose State University': no usable link (cache)
[1657/7773] 'CMPE18092 - San Jose State University': no usable link (cache)
[1658/7773] 'CMPE294 - San Jose State University': no usable link (cache)
[1659/7773] 'CS46A - San Jose State University': no usable link (cache)
[1660/7773] 'EE118 - San Jose State University': no usable link (cache)
[1661/7773] 'EE153 - San Jose State University': no usable link (cache)
[1662/7773] 'CIVIL7L - Santa Clara University': no usable link (cache)
[1663/7773] 'COEN19 - Santa Clara University': no usable link (cache)
[1664/7773] 'COEN210 - Santa Clara University': no usable link (cache)
[1665/7773] 'COEN235 - Santa Clara University': no usable link (cache)
[1666/7773] 'COEN276 - Santa Clara University': no usable link (cache)
[1667/7773] 'COEN283 - Santa Clara University': no usable link (cache)
[1668/7773] 'COEN338 - Santa Clara University': no usable link (cache)
[1669/7773] 'COEN380 - Santa Clara University': no usable link (cache)
[1670/7773] 'COEN383 - Santa Clara University': no usable link (cache)
[1671/7773] 'COEN70 - Santa Clara University': no usable link (cache)
[1672/7773] 'CSEN12 - Santa Clara University': no usable link (cache)
[1673/7773] 'CSEN177 - Santa Clara University': no usable link (cache)
[1674/7773] 'CSEN20 - Santa Clara University': no usable link (cache)
[1675/7773] 'ECON27 - Santa Clara University': no usable link (cache)
[1676/7773] 'ELEN153 - Santa Clara University': no usable link (cache)
[1677/7773] 'EMGT345 - Santa Clara University': no usable link (cache)
[1678/7773] 'CEEGR3310 - Seattle University': no usable link (cache)
[1679/7773] 'CHEM1501 - Seattle University': no usable link (cache)
[1680/7773] 'CHEM1511 - Seattle University': no usable link (cache)
[1681/7773] 'CHEM2501 - Seattle University': no usable link (cache)
[1682/7773] 'CPSC2430 - Seattle University': no usable link (cache)
[1683/7773] 'CPSC3500 - Seattle University': no usable link (cache)
[1684/7773] 'ECON2130 - Seattle University': no usable link (cache)
[1685/7773] 'BFIN4235 - Seton Hall University': no usable link (cache)
[1686/7773] 'BQUA2811 - Seton Hall University': no usable link (cache)
[1687/7773] 'BQUA2812 - Seton Hall University': no usable link (cache)
[1688/7773] 'CALC1401 - Seton Hall University': no usable link (cache)
[1689/7773] 'CHEM2215 - Seton Hall University': no usable link (cache)
[1690/7773] 'CHEM2322 - Seton Hall University': no usable link (cache)
[1691/7773] 'CSAS1113 - Seton Hall University': no usable link (cache)
[1692/7773] 'DIPL1002 - Seton Hall University': no usable link (cache)
[1693/7773] 'DIPL6155 - Seton Hall University': no usable link (cache)
[1694/7773] 'ECON1402 - Seton Hall University': no usable link (cache)
[1695/7773] 'ECON1402NA - Seton Hall University': no usable link (cache)
[1696/7773] 'ECON2408 - Seton Hall University': no usable link (cache)
[1697/7773] 'BAAS130 - Siena College': no usable link (cache)
[1698/7773] 'BAAS330 - Siena College': no usable link (cache)
[1699/7773] 'CSIS010 - Siena College': no usable link (cache)
[1700/7773] 'CSIS011 - Siena College': no usable link (cache)
[1701/7773] 'CSIS120 - Siena College': no usable link (cache)
[1702/7773] 'CSIS210 - Siena College': no usable link (cache)
[1703/7773] 'CSIS350 - Siena College': no usable link (cache)
[1704/7773] 'BUS333 - Simon Fraser University': no usable link (cache)
[1705/7773] 'CHEM281LAB - Simon Fraser University': no usable link (cache)
[1706/7773] 'CHEM286LAB - Simon Fraser University': no usable link (cache)
[1707/7773] 'CMPT126 - Simon Fraser University': no usable link (cache)
[1708/7773] 'CMPT150 - Simon Fraser University': no usable link (cache)
[1709/7773] 'CMPT300 - Simon Fraser University': no usable link (cache)
[1710/7773] 'CH105 - Skidmore College': no usable link (cache)
[1711/7773] 'EC104 - Skidmore College': no usable link (cache)
[1712/7773] 'CHM118LAB - Smith College': no usable link (cache)
[1713/7773] 'CHEM140A - Southern Illinois University Carbondale': no usable link (cache)
[1714/7773] 'CHEM200H - Southern Illinois University Carbondale': no usable link (cache)
[1715/7773] 'CHEM205H - Southern Illinois University Carbondale': no usable link (cache)
[1716/7773] 'CALC1338 - Southern Methodist University': no usable link (cache)
[1717/7773] 'CEE2304 - Southern Methodist University': no usable link (cache)
[1718/7773] 'ECO1312 - Southern Methodist University': no usable link (cache)
[1719/7773] 'ECO3302 - Southern Methodist University': no usable link (cache)
[1720/7773] 'ECO4301 - Southern Methodist University': no usable link (cache)
[1721/7773] 'ECO4337 - Southern Methodist University': no usable link (cache)
[1722/7773] 'ECO4341 - Southern Methodist University': no usable link (cache)
[1723/7773] 'ECO4351 - Southern Methodist University': no usable link (cache)
[1724/7773] 'ECO4368 - Southern Methodist University': no usable link (cache)
[1725/7773] 'ECON1301 - Southern Methodist University': no usable link (cache)
[1726/7773] 'ECON1311 - Southern Methodist University': no usable link (cache)
[1727/7773] 'EMIS3360 - Southern Methodist University': no usable link (cache)
[1728/7773] 'EMIS3361 - Southern Methodist University': no usable link (cache)
[1729/7773] "CHE1112R - St. John's University": no usable link (cache)
[1730/7773] "CHE1130 - St. John's University": no usable link (cache)
[1731/7773] "CHE1210 - St. John's University": no usable link (cache)
[1732/7773] "CHE1220 - St. John's University": no usable link (cache)
[1733/7773] "CUS1126 - St. John's University": no usable link (cache)
[1734/7773] 'BT243 - Stevens Institute of Technology': no usable link (cache)
[1735/7773] 'EE605A - Stevens Institute of Technology': no usable link (cache)
[1736/7773] 'BME100 - Stony Brook University': no usable link (cache)
[1737/7773] 'BME205 - Stony Brook University': no usable link (cache)
[1738/7773] 'BME304 - Stony Brook University': no usable link (cache)
[1739/7773] 'CHE132 - Stony Brook University': no usable link (cache)
[1740/7773] 'CHE133 - Stony Brook University': no usable link (cache)
[1741/7773] 'CHE301 - Stony Brook University': no usable link (cache)
[1742/7773] 'CHE312 - Stony Brook University': no usable link (cache)
[1743/7773] 'CHE321 - Stony Brook University': no usable link (cache)
[1744/7773] 'CHE322 - Stony Brook University': no usable link (cache)
[1745/7773] 'CHE327 - Stony Brook University': no usable link (cache)
[1746/7773] 'CHE385 - Stony Brook University': no usable link (cache)
[1747/7773] 'CME322 - Stony Brook University': no usable link (cache)
[1748/7773] 'ECO321 - Stony Brook University': no usable link (cache)
[1749/7773] 'ECON108 - Stony Brook University': no usable link (cache)
[1750/7773] 'CMPSC131 - Suffolk University': no usable link (cache)
[1751/7773] 'CMPSC331 - Suffolk University': no usable link (cache)
[1752/7773] 'CHEM260 - SUNY Brockport': no usable link (cache)
[1753/7773] 'CHM260 - SUNY Brockport': no usable link (cache)
[1754/7773] 'CIS117 - SUNY Brockport': no usable link (cache)
[1755/7773] 'CSC419 - SUNY Brockport': no usable link (cache)
[1756/7773] 'CYB105 - SUNY Brockport': no usable link (cache)
[1757/7773] 'ECN100 - SUNY Brockport': no usable link (cache)
[1758/7773] 'ECN201 - SUNY Brockport': no usable link (cache)
[1759/7773] 'ECN202 - SUNY Brockport': no usable link (cache)
[1760/7773] 'ECN204 - SUNY Brockport': no usable link (cache)
[1761/7773] 'ECN304 - SUNY Brockport': no usable link (cache)
[1762/7773] 'ECN305 - SUNY Brockport': no usable link (cache)
[1763/7773] 'CSIT151 - SUNY Fredonia': no usable link (cache)
[1764/7773] 'CSIT221 - SUNY Fredonia': no usable link (cache)
[1765/7773] 'CSIT311 - SUNY Fredonia': no usable link (cache)
[1766/7773] 'ASTR105 - SUNY Geneseo': no usable link (cache)
[1767/7773] 'ASTRO110 - SUNY Geneseo': no usable link (cache)
[1768/7773] 'CHEM118 - SUNY Geneseo': no usable link (cache)
[1769/7773] 'CHEM302 - SUNY Geneseo': no usable link (cache)
[1770/7773] 'CALCU2 - SUNY New Paltz': no usable link (cache)
[1771/7773] 'CHE212 - SUNY New Paltz': no usable link (cache)
[1772/7773] 'CHE319 - SUNY New Paltz': no usable link (cache)
[1773/7773] 'CPS21004 - SUNY New Paltz': no usable link (cache)
[1774/7773] 'EC0351 - SUNY New Paltz': no usable link (cache)
[1775/7773] 'ECO130 - SUNY New Paltz': no usable link (cache)
[1776/7773] 'ELECT1 - SUNY New Paltz': no usable link (cache)
[1777/7773] 'ASTRO115 - SUNY Oneonta': no usable link (cache)
[1778/7773] 'COMP10012 - SUNY Oneonta': no usable link (cache)
[1779/7773] 'COMP200 - SUNY Oneonta': no usable link (cache)
[1780/7773] 'CSCI3440 - SUNY Oneonta': no usable link (cache)
[1781/7773] 'CHE112LAB - SUNY Plattsburgh': no usable link (cache)
[1782/7773] 'CHE271 - SUNY Plattsburgh': no usable link (cache)
[1783/7773] 'ECO260 - SUNY Plattsburgh': no usable link (cache)
[1784/7773] 'ECO362 - SUNY Plattsburgh': no usable link (cache)
[1785/7773] 'CHEM451 - SUNY Potsdam': no usable link (cache)
[1786/7773] 'ECON105 - SUNY Potsdam': no usable link (cache)
[1787/7773] 'CHE1560 - SUNY Purchase': no usable link (cache)
[1788/7773] 'CHE3310 - SUNY Purchase': no usable link (cache)
[1789/7773] 'CHE3320 - SUNY Purchase': no usable link (cache)
[1790/7773] 'CHEM022 - Swarthmore College': no usable link (cache)
[1791/7773] 'CHEM032 - Swarthmore College': no usable link (cache)
[1792/7773] 'CHEM10H - Swarthmore College': no usable link (cache)
[1793/7773] 'CPSC021 - Swarthmore College': no usable link (cache)
[1794/7773] 'CPSC35 - Swarthmore College': no usable link (cache)
[1795/7773] 'E41 - Swarthmore College': no usable link (cache)
[1796/7773] 'E59 - Swarthmore College': no usable link (cache)
[1797/7773] 'ECON012 - Swarthmore College': no usable link (cache)
[1798/7773] 'ECON021 - Swarthmore College': no usable link (cache)
[1799/7773] 'BEN231 - Syracuse University': no usable link (cache)
[1800/7773] 'CEE337 - Syracuse University': no usable link (cache)
[1801/7773] 'CHE107 - Syracuse University': no usable link (cache)
[1802/7773] 'CHE326 - Syracuse University': no usable link (cache)
[1803/7773] 'CIE331 - Syracuse University': no usable link (cache)
[1804/7773] 'ECN311 - Syracuse University': no usable link (cache)
[1805/7773] 'ECN410 - Syracuse University': no usable link (cache)
[1806/7773] 'ECON522 - Syracuse University': no usable link (cache)
[1807/7773] 'AOD2176 - Temple University': no usable link (cache)
[1808/7773] 'BIOE0844 - Temple University': no usable link (cache)
[1809/7773] 'BIOE0944 - Temple University': no usable link (cache)
[1810/7773] 'BIOL0848 - Temple University': no usable link (cache)
[1811/7773] 'CALC1041 - Temple University': no usable link (cache)
[1812/7773] 'CALC1042 - Temple University': no usable link (cache)
[1813/7773] 'CALC1941 - Temple University': no usable link (cache)
[1814/7773] 'CALC1942 - Temple University': no usable link (cache)
[1815/7773] 'CHEM0821 - Temple University': no usable link (cache)
[1816/7773] 'CHEM2202 - Temple University': no usable link (cache)
[1817/7773] 'CHEM61 - Temple University': no usable link (cache)
[1818/7773] 'CHEM71 - Temple University': no usable link (cache)
[1819/7773] 'CIS1055 - Temple University': no usable link (cache)
[1820/7773] 'CIS835 - Temple University': no usable link (cache)
[1821/7773] 'CIS935 - Temple University': no usable link (cache)
[1822/7773] 'CMT3121 - Temple University': no usable link (cache)
[1823/7773] 'ECNO1102 - Temple University': no usable link (cache)
[1824/7773] 'ECON3563 - Temple University': no usable link (cache)
[1825/7773] 'ECON3564 - Temple University': no usable link (cache)
[1826/7773] 'CHEM1405 - Texas A&M University': no usable link (cache)
[1827/7773] 'CHEM4324 - Texas A&M University': no usable link (cache)
[1828/7773] 'CS2322 - Texas A&M University': no usable link (cache)
[1829/7773] 'CS2337 - Texas A&M University': no usable link (cache)
[1830/7773] 'ECON2302 - Texas A&M University': no usable link (cache)
[1831/7773] 'ECON3311 - Texas A&M University': no usable link (cache)
[1832/7773] 'ECON4301 - Texas A&M University': no usable link (cache)
[1833/7773] 'ECON6305 - Texas A&M University': no usable link (cache)
[1834/7773] 'ECON6306 - Texas A&M University': no usable link (cache)
[1835/7773] 'ECON6370 - Texas A&M University': no usable link (cache)
[1836/7773] 'CHEM10113 - Texas Christian University': no usable link (cache)
[1837/7773] 'CHEM20123 - Texas Christian University': no usable link (cache)
[1838/7773] 'COSC20803 - Texas Christian University': no usable link (cache)
[1839/7773] 'ECO10223 - Texas Christian University': no usable link (cache)
[1840/7773] 'ECON1022 - Texas Christian University': no usable link (cache)
[1841/7773] 'ECON10233 - Texas Christian University': no usable link (cache)
[1842/7773] 'ECON30233 - Texas Christian University': no usable link (cache)
[1843/7773] 'ECON30253 - Texas Christian University': no usable link (cache)
[1844/7773] 'ECON30523 - Texas Christian University': no usable link (cache)
[1845/7773] 'CHEM1142 - Texas State University': no usable link (cache)
[1846/7773] 'CHEM1341 - Texas State University': no usable link (cache)
[1847/7773] 'CHEM1342 - Texas State University': no usable link (cache)
[1848/7773] 'CHEM3410 - Texas State University': no usable link (cache)
[1849/7773] 'CHEM4375 - Texas State University': no usable link (cache)
[1850/7773] 'CIS1323 - Texas State University': no usable link (cache)
[1851/7773] 'CIS2324 - Texas State University': no usable link (cache)
[1852/7773] 'CIS3374 - Texas State University': no usable link (cache)
[1853/7773] 'CIS3380 - Texas State University': no usable link (cache)
[1854/7773] 'CS3358 - Texas State University': no usable link (cache)
[1855/7773] 'CS4318 - Texas State University': no usable link (cache)
[1856/7773] 'CS4350 - Texas State University': no usable link (cache)
[1857/7773] 'ECO2314 - Texas State University': no usable link (cache)
[1858/7773] 'ECO3317 - Texas State University': no usable link (cache)
[1859/7773] 'AGSC2301 - Texas Tech University': no usable link (cache)
[1860/7773] 'BA3306 - Texas Tech University': no usable link (cache)
[1861/7773] 'BECO4310 - Texas Tech University': no usable link (cache)
[1862/7773] 'CE2301 - Texas Tech University': no usable link (cache)
[1863/7773] 'CE3303 - Texas Tech University': no usable link (cache)
[1864/7773] 'CE3321 - Texas Tech University': no usable link (cache)
[1865/7773] 'CE3440 - Texas Tech University': no usable link (cache)
[1866/7773] 'CE5368 - Texas Tech University': no usable link (cache)
[1867/7773] 'CHE3315 - Texas Tech University': no usable link (cache)
[1868/7773] 'CHE3322 - Texas Tech University': no usable link (cache)
[1869/7773] 'CHE3323 - Texas Tech University': no usable link (cache)
[1870/7773] 'CHE3326 - Texas Tech University': no usable link (cache)
[1871/7773] 'CHE3330 - Texas Tech University': no usable link (cache)
[1872/7773] 'CHE4455 - Texas Tech University': no usable link (cache)
[1873/7773] 'CHEM1108 - Texas Tech University': no usable link (cache)
[1874/7773] 'CHEM1305 - Texas Tech University': no usable link (cache)
[1875/7773] 'CHEM1306 - Texas Tech University': no usable link (cache)
[1876/7773] 'CHEM1307 - Texas Tech University': no usable link (cache)
[1877/7773] 'CHEM1308 - Texas Tech University': no usable link (cache)
[1878/7773] 'CHEM3305 - Texas Tech University': no usable link (cache)
[1879/7773] 'CS1382 - Texas Tech University': no usable link (cache)
[1880/7773] 'CS1412 - Texas Tech University': no usable link (cache)
[1881/7773] 'CS2350 - Texas Tech University': no usable link (cache)
[1882/7773] 'CS3375 - Texas Tech University': no usable link (cache)
[1883/7773] 'CS4331 - Texas Tech University': no usable link (cache)
[1884/7773] 'ECE2372 - Texas Tech University': no usable link (cache)
[1885/7773] 'ENCO3365 - Texas Tech University': no usable link (cache)
[1886/7773] 'AIT616 - Towson University': no usable link (cache)
[1887/7773] 'COCS237 - Towson University': no usable link (cache)
[1888/7773] 'COSC165 - Towson University': no usable link (cache)
[1889/7773] 'COSC236 - Towson University': no usable link (cache)
[1890/7773] 'COSC237 - Towson University': no usable link (cache)
[1891/7773] 'COSC336 - Towson University': no usable link (cache)
[1892/7773] 'COSC457 - Towson University': no usable link (cache)
[1893/7773] 'COSC467 - Towson University': no usable link (cache)
[1894/7773] 'COSC484 - Towson University': no usable link (cache)
[1895/7773] 'DISC263 - Towson University': no usable link (cache)
[1896/7773] 'ADMN3750 - Trent University': no usable link (cache)
[1897/7773] 'AST0006 - Tufts University': no usable link (cache)
[1898/7773] 'AST006 - Tufts University': no usable link (cache)
[1899/7773] 'BIO0006 - Tufts University': no usable link (cache)
[1900/7773] 'BME33 - Tufts University': no usable link (cache)
[1901/7773] 'CEE154 - Tufts University': no usable link (cache)
[1902/7773] 'CEE32 - Tufts University': no usable link (cache)
[1903/7773] 'CH54 - Tufts University': no usable link (cache)
[1904/7773] 'CHEM0001 - Tufts University': no usable link (cache)
[1905/7773] 'CHEM0003 - Tufts University': no usable link (cache)
[1906/7773] 'CHEM0006 - Tufts University': no usable link (cache)
[1907/7773] 'CHEM0011 - Tufts University': no usable link (cache)
[1908/7773] 'CHEM0012 - Tufts University': no usable link (cache)
[1909/7773] 'CHEM0051 - Tufts University': no usable link (cache)
[1910/7773] 'CHEM0157 - Tufts University': no usable link (cache)
[1911/7773] 'CHEM0171 - Tufts University': no usable link (cache)
[1912/7773] 'CHEM051 - Tufts University': no usable link (cache)
[1913/7773] 'CHEM31 - Tufts University': no usable link (cache)
[1914/7773] 'CHEM45 - Tufts University': no usable link (cache)
[1915/7773] 'EC0012 - Tufts University': no usable link (cache)
[1916/7773] 'EC0030 - Tufts University': no usable link (cache)
[1917/7773] 'EC005 - Tufts University': no usable link (cache)
[1918/7773] 'EC13 - Tufts University': no usable link (cache)
[1919/7773] 'EC16 - Tufts University': no usable link (cache)
[1920/7773] 'EC161 - Tufts University': no usable link (cache)
[1921/7773] 'EC17 - Tufts University': no usable link (cache)
[1922/7773] 'EC18 - Tufts University': no usable link (cache)
[1923/7773] 'EC24 - Tufts University': no usable link (cache)
[1924/7773] 'EC60 - Tufts University': no usable link (cache)
[1925/7773] 'BIOS6290 - Tulane University': no usable link (cache)
[1926/7773] 'CELL4010 - Tulane University': no usable link (cache)
[1927/7773] 'CHEM1085 - Tulane University': no usable link (cache)
[1928/7773] 'CHM101L - Union College': no usable link (cache)
[1929/7773] 'CHM102 - Union College': no usable link (cache)
[1930/7773] 'CHM232 - Union College': no usable link (cache)
[1931/7773] 'ECE225 - Union College': no usable link (cache)
[1932/7773] 'ECO243 - Union College': no usable link (cache)
[1933/7773] 'ACHM115 - University at Albany': no usable link (cache)
[1934/7773] 'ACHM121 - University at Albany': no usable link (cache)
[1935/7773] 'ACHM124 - University at Albany': no usable link (cache)
[1936/7773] 'ACHM220 - University at Albany': no usable link (cache)
[1937/7773] 'ACHM221 - University at Albany': no usable link (cache)
[1938/7773] 'AECO111 - University at Albany': no usable link (cache)
[1939/7773] 'AECO330 - University at Albany': no usable link (cache)
[1940/7773] 'AECO350 - University at Albany': no usable link (cache)
[1941/7773] 'AECO420W - University at Albany': no usable link (cache)
[1942/7773] 'AMAT100 - University at Albany': no usable link (cache)
[1943/7773] 'AMAT108 - University at Albany': no usable link (cache)
[1944/7773] 'AMAT113 - University at Albany': no usable link (cache)
[1945/7773] 'AMAT214 - University at Albany': no usable link (cache)
[1946/7773] 'AMAT301 - University at Albany': no usable link (cache)
[1947/7773] 'AMAT362 - University at Albany': no usable link (cache)
[1948/7773] 'APHY101 - University at Albany': no usable link (cache)
[1949/7773] 'APHY103 - University at Albany': no usable link (cache)
[1950/7773] 'APHY105 - University at Albany': no usable link (cache)
[1951/7773] 'APHY140 - University at Albany': no usable link (cache)
[1952/7773] 'APHY150 - University at Albany': no usable link (cache)
[1953/7773] 'APHY240 - University at Albany': no usable link (cache)
[1954/7773] 'CEHC242 - University at Albany': no usable link (cache)
[1955/7773] 'CINF203 - University at Albany': no usable link (cache)
[1956/7773] 'CINF308 - University at Albany': no usable link (cache)
[1957/7773] 'CSI201 - University at Albany': no usable link (cache)
[1958/7773] 'CSI210 - University at Albany': no usable link (cache)
[1959/7773] 'CSI409 - University at Albany': no usable link (cache)
[1960/7773] 'CHE 107 - University at Buffalo': no usable link (cache)
[1961/7773] 'AEM508 - University of Alabama': no usable link (cache)
[1962/7773] 'BER345 - University of Alabama': no usable link (cache)
[1963/7773] 'CH117 - University of Alabama': no usable link (cache)
[1964/7773] 'CH118 - University of Alabama': no usable link (cache)
[1965/7773] 'CH338 - University of Alabama': no usable link (cache)
[1966/7773] 'CH340 - University of Alabama': no usable link (cache)
[1967/7773] 'CS428 - University of Alabama': no usable link (cache)
[1968/7773] 'EC110 - University of Alabama': no usable link (cache)
[1969/7773] 'EC113 - University of Alabama': no usable link (cache)
[1970/7773] 'EC308 - University of Alabama': no usable link (cache)
[1971/7773] 'EC309 - University of Alabama': no usable link (cache)
[1972/7773] 'EC310 - University of Alabama': no usable link (cache)
[1973/7773] 'EC413 - University of Alabama': no usable link (cache)
[1974/7773] 'EC416 - University of Alabama': no usable link (cache)
[1975/7773] 'CMPUT261 - University of Alberta': no usable link (cache)
[1976/7773] 'AME250 - University of Arizona': no usable link (cache)
[1977/7773] 'AME324A - University of Arizona': no usable link (cache)
[1978/7773] 'AME331 - University of Arizona': no usable link (cache)
[1979/7773] 'BNAD301 - University of Arizona': no usable link (cache)
[1980/7773] 'CALC124 - University of Arizona': no usable link (cache)
[1981/7773] 'CHEM101A - University of Arizona': no usable link (cache)
[1982/7773] 'CHEM101B - University of Arizona': no usable link (cache)
[1983/7773] 'CHEM103A - University of Arizona': no usable link (cache)
[1984/7773] 'CHEM241A - University of Arizona': no usable link (cache)
[1985/7773] 'CHEM242A - University of Arizona': no usable link (cache)
[1986/7773] 'CHEM246A - University of Arizona': no usable link (cache)
[1987/7773] 'CHEM380 - University of Arizona': no usable link (cache)
[1988/7773] 'CHEM480A - University of Arizona': no usable link (cache)
[1989/7773] 'CSC244 - University of Arizona': no usable link (cache)
[1990/7773] 'ECON150C - University of Arizona': no usable link (cache)
[1991/7773] 'ECON431 - University of Arizona': no usable link (cache)
[1992/7773] 'BMEG26104 - University of Arkansas': no usable link (cache)
[1993/7773] 'BMEG3824 - University of Arkansas': no usable link (cache)
[1994/7773] 'CAL2554 - University of Arkansas': no usable link (cache)
[1995/7773] 'CALC2554 - University of Arkansas': no usable link (cache)
[1996/7773] 'CALC2654 - University of Arkansas': no usable link (cache)
[1997/7773] 'CHEM1003 - University of Arkansas': no usable link (cache)
[1998/7773] 'CHEM1053 - University of Arkansas': no usable link (cache)
[1999/7773] 'CHEM1073 - University of Arkansas': no usable link (cache)
[2000/7773] 'CHEM1103 - University of Arkansas': no usable link (cache)
[2001/7773] 'CHEM1123 - University of Arkansas': no usable link (cache)
[2002/7773] 'CHEM1203 - University of Arkansas': no usable link (cache)
[2003/7773] 'CHEM14203 - University of Arkansas': no usable link (cache)
[2004/7773] 'CHEM3603 - University of Arkansas': no usable link (cache)
[2005/7773] 'CHEM36053 - University of Arkansas': no usable link (cache)
[2006/7773] 'CHEM3613 - University of Arkansas': no usable link (cache)
[2007/7773] 'CHEM3613H - University of Arkansas': no usable link (cache)
[2008/7773] 'CHEM36203 - University of Arkansas': no usable link (cache)
[2009/7773] 'CSCE21104 - University of Arkansas': no usable link (cache)
[2010/7773] 'CSCE31903 - University of Arkansas': no usable link (cache)
[2011/7773] 'CSCE3193H - University of Arkansas': no usable link (cache)
[2012/7773] 'CSCE4013 - University of Arkansas': no usable link (cache)
[2013/7773] 'CSCE4323 - University of Arkansas': no usable link (cache)
[2014/7773] 'DASC1204 - University of Arkansas': no usable link (cache)
[2015/7773] 'ECON22003 - University of Arkansas': no usable link (cache)
[2016/7773] 'ECON3853 - University of Arkansas': no usable link (cache)
[2017/7773] 'BIOC305 - University of British Columbia': no usable link (cache)
[2018/7773] 'BMEG230 - University of British Columbia': no usable link (cache)
[2019/7773] 'CHEM135 - University of British Columbia': no usable link (cache)
[2020/7773] 'CPEN291 - University of British Columbia': no usable link (cache)
[2021/7773] 'CPSC221 - University of British Columbia': no usable link (cache)
[2022/7773] 'ECON221 - University of British Columbia': no usable link (cache)
[2023/7773] 'ECON456 - University of British Columbia': no usable link (cache)
[2024/7773] 'EECE259 - University of British Columbia': no usable link (cache)
[2025/7773] 'EECE281 - University of British Columbia': no usable link (cache)
[2026/7773] 'EECE364 - University of British Columbia': no usable link (cache)
[2027/7773] 'ELEC281 - University of British Columbia': no usable link (cache)
[2028/7773] 'AMAT217 - University of Calgary': no usable link (cache)
[2029/7773] 'AMAT219 - University of Calgary': no usable link (cache)
[2030/7773] 'CHEM3513 - University of Calgary': no usable link (cache)
[2031/7773] 'CHEM35135 - University of Calgary': no usable link (cache)
[2032/7773] 'CHEM515 - University of Calgary': no usable link (cache)
[2033/7773] 'CHEM559 - University of Calgary': no usable link (cache)
[2034/7773] 'CPSC453 - University of Calgary': no usable link (cache)
[2035/7773] 'ECON349 - University of Calgary': no usable link (cache)
[2036/7773] 'ECON377 - University of Calgary': no usable link (cache)
[2037/7773] 'ECON387 - University of Calgary': no usable link (cache)
[2038/7773] 'ENCH423 - University of Calgary': no usable link (cache)
[2039/7773] 'ENCH539 - University of Calgary': no usable link (cache)
[2040/7773] 'ENCI423 - University of Calgary': no usable link (cache)
[2041/7773] 'ENCM467 - University of Calgary': no usable link (cache)
[2042/7773] 'ENEE505 - University of Calgary': no usable link (cache)
[2043/7773] 'ENEL343 - University of Calgary': no usable link (cache)
[2044/7773] 'ENEL419 - University of Calgary': no usable link (cache)
[2045/7773] 'ENEL467 - University of Calgary': no usable link (cache)
[2046/7773] 'ENEL559 - University of Calgary': no usable link (cache)
[2047/7773] 'ENER400 - University of Calgary': no usable link (cache)
[2048/7773] 'ENGG200 - University of Calgary': no usable link (cache)
[2049/7773] 'ENGG202 - University of Calgary': no usable link (cache)
[2050/7773] 'ENGG205 - University of Calgary': no usable link (cache)
[2051/7773] 'ENGG225 - University of Calgary': no usable link (cache)
[2052/7773] 'ENGG319 - University of Calgary': no usable link (cache)
[2053/7773] 'ENGG407 - University of Calgary': no usable link (cache)
[2054/7773] 'ENGG423 - University of Calgary': no usable link (cache)
[2055/7773] 'ENGG481 - University of Calgary': no usable link (cache)
[2056/7773] 'ENGG525 - University of Calgary': no usable link (cache)
[2057/7773] 'ENGG681 - University of Calgary': no usable link (cache)
[2058/7773] 'ENGG686 - University of Calgary': no usable link (cache)
[2059/7773] 'ARE100B - University of California, Davis': no usable link (cache)
[2060/7773] 'ARE146 - University of California, Davis': no usable link (cache)
[2061/7773] 'ARE175 - University of California, Davis': no usable link (cache)
[2062/7773] 'ARE18 - University of California, Davis': no usable link (cache)
[2063/7773] 'BIM001 - University of California, Davis': no usable link (cache)
[2064/7773] 'BIO2A - University of California, Davis': no usable link (cache)
[2065/7773] 'BIS2A - University of California, Davis': no usable link (cache)
[2066/7773] 'CHE002A - University of California, Davis': no usable link (cache)
[2067/7773] 'CHE118A - University of California, Davis': no usable link (cache)
[2068/7773] 'CHE118C - University of California, Davis': no usable link (cache)
[2069/7773] 'CHE128B - University of California, Davis': no usable link (cache)
[2070/7773] 'CHE1V - University of California, Davis': no usable link (cache)
[2071/7773] 'CHE2A - University of California, Davis': no usable link (cache)
[2072/7773] 'CHE2AB - University of California, Davis': no usable link (cache)
[2073/7773] 'CHE2B - University of California, Davis': no usable link (cache)
[2074/7773] 'CHE8B - University of California, Davis': no usable link (cache)
[2075/7773] 'CHEM2A - University of California, Davis': no usable link (cache)
[2076/7773] 'ECI100 - University of California, Davis': no usable link (cache)
[2077/7773] 'ECN100A - University of California, Davis': no usable link (cache)
[2078/7773] 'ECN140 - University of California, Davis': no usable link (cache)
[2079/7773] 'ECN162 - University of California, Davis': no usable link (cache)
[2080/7773] 'ECS10 - University of California, Davis': no usable link (cache)
[2081/7773] 'ECS89L - University of California, Davis': no usable link (cache)
[2082/7773] 'EEC007 - University of California, Davis': no usable link (cache)
[2083/7773] 'EEC07 - University of California, Davis': no usable link (cache)
[2084/7773] 'EEC7 - University of California, Davis': no usable link (cache)
[2085/7773] 'EME106 - University of California, Davis': no usable link (cache)
[2086/7773] 'ENG003Y - University of California, Davis': no usable link (cache)
[2087/7773] 'ENG006 - University of California, Davis': no usable link (cache)
[2088/7773] 'BCH110A - University of California, Irvine': no usable link (cache)
[2089/7773] 'BUS163 - University of California, Irvine': no usable link (cache)
[2090/7773] 'CHEM008A - University of California, Irvine': no usable link (cache)
[2091/7773] 'CHEM008B - University of California, Irvine': no usable link (cache)
[2092/7773] 'CHEM008LC - University of California, Irvine': no usable link (cache)
[2093/7773] 'CHEM08A - University of California, Irvine': no usable link (cache)
[2094/7773] 'CHEM8B - University of California, Irvine': no usable link (cache)
[2095/7773] 'CS009B - University of California, Irvine': no usable link (cache)
[2096/7773] 'CS08 - University of California, Irvine': no usable link (cache)
[2097/7773] 'ECON003 - University of California, Irvine': no usable link (cache)
[2098/7773] 'ECON102A - University of California, Irvine': no usable link (cache)
[2099/7773] 'ECON132 - University of California, Irvine': no usable link (cache)
[2100/7773] 'ECON178 - University of California, Irvine': no usable link (cache)
[2101/7773] 'C115 - University of California, Los Angeles': no usable link (cache)
[2102/7773] 'C225 - University of California, Los Angeles': no usable link (cache)
[2103/7773] 'CHEM20B - University of California, Los Angeles': no usable link (cache)
[2104/7773] 'CHEM114B - University of California, San Diego': no usable link (cache)
[2105/7773] 'CHEM140B - University of California, San Diego': no usable link (cache)
[2106/7773] 'CHEM40A - University of California, San Diego': no usable link (cache)
[2107/7773] 'CHEM40B - University of California, San Diego': no usable link (cache)
[2108/7773] 'CHEM41A - University of California, San Diego': no usable link (cache)
[2109/7773] 'CHEM41B - University of California, San Diego': no usable link (cache)
[2110/7773] 'CHEM43A - University of California, San Diego': no usable link (cache)
[2111/7773] 'CHEM6A - University of California, San Diego': no usable link (cache)
[2112/7773] 'CHEM6B - University of California, San Diego': no usable link (cache)
[2113/7773] 'CHEM6C - University of California, San Diego': no usable link (cache)
[2114/7773] 'CHEM6CH - University of California, San Diego': no usable link (cache)
[2115/7773] 'CHEM7L - University of California, San Diego': no usable link (cache)
[2116/7773] 'CSE134B - University of California, San Diego': no usable link (cache)
[2117/7773] 'ECE102 - University of California, San Diego': no usable link (cache)
[2118/7773] 'ECE35 - University of California, San Diego': no usable link (cache)
[2119/7773] 'ECON04 - University of California, San Diego': no usable link (cache)
[2120/7773] 'ECON100B - University of California, San Diego': no usable link (cache)
[2121/7773] 'ECON100C - University of California, San Diego': no usable link (cache)
[2122/7773] 'ECON120A - University of California, San Diego': no usable link (cache)
[2123/7773] 'ECON138 - University of California, San Diego': no usable link (cache)
[2124/7773] 'ECON4 - University of California, San Diego': no usable link (cache)
[2125/7773] '1ABC - University of California, Santa Barbara': no usable link (cache)
[2126/7773] '1C - University of California, Santa Barbara': no usable link (cache)
[2127/7773] '6A - University of California, Santa Barbara': no usable link (cache)
[2128/7773] '6AB - University of California, Santa Barbara': no usable link (cache)
[2129/7773] '6C - University of California, Santa Barbara': no usable link (cache)
[2130/7773] 'CHEM109B - University of California, Santa Barbara': no usable link (cache)
[2131/7773] 'CHEM1ABC - University of California, Santa Barbara': no usable link (cache)
[2132/7773] 'CHEM1AC - University of California, Santa Barbara': no usable link (cache)
[2133/7773] 'CHEM1BC - University of California, Santa Barbara': no usable link (cache)
[2134/7773] 'CHEM2AL - University of California, Santa Barbara': no usable link (cache)
[2135/7773] 'CMPSC64 - University of California, Santa Barbara': no usable link (cache)
[2136/7773] 'CMPSC8 - University of California, Santa Barbara': no usable link (cache)
[2137/7773] 'COMM88 - University of California, Santa Barbara': no usable link (cache)
[2138/7773] 'ECON132A - University of California, Santa Barbara': no usable link (cache)
[2139/7773] 'ECON134A - University of California, Santa Barbara': no usable link (cache)
[2140/7773] 'ECON136A - University of California, Santa Barbara': no usable link (cache)
[2141/7773] 'ECON137A - University of California, Santa Barbara': no usable link (cache)
[2142/7773] 'ECON150B - University of California, Santa Barbara': no usable link (cache)
[2143/7773] 'ECON3B - University of California, Santa Barbara': no usable link (cache)
[2144/7773] 'ECON9 - University of California, Santa Barbara': no usable link (cache)
[2145/7773] 'ECO3411 - University of Central Florida': no usable link (cache)
[2146/7773] 'EGN3613 - University of Central Florida': no usable link (cache)
[2147/7773] 'BIOS101 - University of Chicago': no usable link (cache)
[2148/7773] 'BIOS1013 - University of Chicago': no usable link (cache)
[2149/7773] 'BIOS12114 - University of Chicago': no usable link (cache)
[2150/7773] 'CHEM11200 - University of Chicago': no usable link (cache)
[2151/7773] 'ECON118 - University of Chicago': no usable link (cache)
[2152/7773] 'BME3020 - University of Cincinnati': no usable link (cache)
[2153/7773] 'CS1021C - University of Cincinnati': no usable link (cache)
[2154/7773] 'ECON4082 - University of Cincinnati': no usable link (cache)
[2155/7773] 'EECE2060C - University of Cincinnati': no usable link (cache)
[2156/7773] 'AAPM1350 - University of Colorado Boulder': no usable link (cache)
[2157/7773] 'APPM1350 - University of Colorado Boulder': no usable link (cache)
[2158/7773] 'ASEN1022 - University of Colorado Boulder': no usable link (cache)
[2159/7773] 'ASEN2401 - University of Colorado Boulder': no usable link (cache)
[2160/7773] 'ASEN2402 - University of Colorado Boulder': no usable link (cache)
[2161/7773] 'ASTR1000 - University of Colorado Boulder': no usable link (cache)
[2162/7773] 'ATLS2100 - University of Colorado Boulder': no usable link (cache)
[2163/7773] 'CSCI1310 - University of Colorado Boulder': no usable link (cache)
[2164/7773] 'ECEN1200 - University of Colorado Boulder': no usable link (cache)
[2165/7773] 'ECON3080 - University of Colorado Boulder': no usable link (cache)
[2166/7773] 'ECON4818 - University of Colorado Boulder': no usable link (cache)
[2167/7773] 'ECON4848 - University of Colorado Boulder': no usable link (cache)
[2168/7773] 'CE3630 - University of Connecticut': no usable link (cache)
[2169/7773] 'CHEG2111 - University of Connecticut': no usable link (cache)
[2170/7773] 'CHEG3124 - University of Connecticut': no usable link (cache)
[2171/7773] 'CHEG3151 - University of Connecticut': no usable link (cache)
[2172/7773] 'CHEM1122 - University of Connecticut': no usable link (cache)
[2173/7773] 'CHEM1124Q - University of Connecticut': no usable link (cache)
[2174/7773] 'CHEM1125 - University of Connecticut': no usable link (cache)
[2175/7773] 'CHEM1125Q - University of Connecticut': no usable link (cache)
[2176/7773] 'CHEM1126 - University of Connecticut': no usable link (cache)
[2177/7773] 'CHEM1127Q - University of Connecticut': no usable link (cache)
[2178/7773] 'CHEM1128Q - University of Connecticut': no usable link (cache)
[2179/7773] 'CHEM124 - University of Connecticut': no usable link (cache)
[2180/7773] 'CHEM127Q - University of Connecticut': no usable link (cache)
[2181/7773] 'CHEM128 - University of Connecticut': no usable link (cache)
[2182/7773] 'CHEM128Q - University of Connecticut': no usable link (cache)
[2183/7773] 'CHEM2243 - University of Connecticut': no usable link (cache)
[2184/7773] 'CSE1010 - University of Connecticut': no usable link (cache)
[2185/7773] 'ECE4225 - University of Connecticut': no usable link (cache)
[2186/7773] 'ECON1107 - University of Connecticut': no usable link (cache)
[2187/7773] 'ECON2102 - University of Connecticut': no usable link (cache)
[2188/7773] 'ECON2441 - University of Connecticut': no usable link (cache)
[2189/7773] 'ECON2444 - University of Connecticut': no usable link (cache)
[2190/7773] 'ECON3422 - University of Connecticut': no usable link (cache)
[2191/7773] 'ECON3438W - University of Connecticut': no usable link (cache)
[2192/7773] 'ASI150 - University of Dayton': no usable link (cache)
[2193/7773] 'CEE333 - University of Dayton': no usable link (cache)
[2194/7773] 'CHEM124L - University of Dayton': no usable link (cache)
[2195/7773] 'CHM123L - University of Dayton': no usable link (cache)
[2196/7773] 'CHM124 - University of Dayton': no usable link (cache)
[2197/7773] 'CHM124L - University of Dayton': no usable link (cache)
[2198/7773] 'CHM313 - University of Dayton': no usable link (cache)
[2199/7773] 'CHM313L - University of Dayton': no usable link (cache)
[2200/7773] 'CHM314 - University of Dayton': no usable link (cache)
[2201/7773] 'CHM314L - University of Dayton': no usable link (cache)
[2202/7773] 'CJS322 - University of Dayton': no usable link (cache)
[2203/7773] 'CME281 - University of Dayton': no usable link (cache)
[2204/7773] 'CME311 - University of Dayton': no usable link (cache)
[2205/7773] 'CME324 - University of Dayton': no usable link (cache)
[2206/7773] 'CME465 - University of Dayton': no usable link (cache)
[2207/7773] 'CPS149 - University of Dayton': no usable link (cache)
[2208/7773] 'CPS150 - University of Dayton': no usable link (cache)
[2209/7773] 'CPS250 - University of Dayton': no usable link (cache)
[2210/7773] 'CPS430 - University of Dayton': no usable link (cache)
[2211/7773] 'DSC211 - University of Dayton': no usable link (cache)
[2212/7773] 'ECO203H - University of Dayton': no usable link (cache)
[2213/7773] 'EDT109 - University of Dayton': no usable link (cache)
[2214/7773] 'EGM201 - University of Dayton': no usable link (cache)
[2215/7773] 'EGM202 - University of Dayton': no usable link (cache)
[2216/7773] 'EGM303 - University of Dayton': no usable link (cache)
[2217/7773] 'EGR202 - University of Dayton': no usable link (cache)
[2218/7773] 'EGR203 - University of Dayton': no usable link (cache)
[2219/7773] 'CHEG325 - University of Delaware': no usable link (cache)
[2220/7773] 'CHEM133L - University of Delaware': no usable link (cache)
[2221/7773] 'CIEG211 - University of Delaware': no usable link (cache)
[2222/7773] 'CIEG321 - University of Delaware': no usable link (cache)
[2223/7773] 'CISC106 - University of Delaware': no usable link (cache)
[2224/7773] 'CISC320 - University of Delaware': no usable link (cache)
[2225/7773] 'CISC684 - University of Delaware': no usable link (cache)
[2226/7773] 'ECON308H - University of Delaware': no usable link (cache)
[2227/7773] 'CALC1952 - University of Denver': no usable link (cache)
[2228/7773] 'CALC1953 - University of Denver': no usable link (cache)
[2229/7773] 'CHEM2011 - University of Denver': no usable link (cache)
[2230/7773] 'CHEM2131 - University of Denver': no usable link (cache)
[2231/7773] 'CHEM2452 - University of Denver': no usable link (cache)
[2232/7773] 'CHEM2453 - University of Denver': no usable link (cache)
[2233/7773] 'COMP2381 - University of Denver': no usable link (cache)
[2234/7773] 'ECON2280 - University of Denver': no usable link (cache)
[2235/7773] 'ENCE2101 - University of Denver': no usable link (cache)
[2236/7773] 'CGS2414 - University of Florida': no usable link (cache)
[2237/7773] 'CHEM2046 - University of Florida': no usable link (cache)
[2238/7773] 'CHEM2210 - University of Florida': no usable link (cache)
[2239/7773] 'CHM2010 - University of Florida': no usable link (cache)
[2240/7773] 'CHM2011 - University of Florida': no usable link (cache)
[2241/7773] 'CHM2025L - University of Florida': no usable link (cache)
[2242/7773] 'CHM2045 - University of Florida': no usable link (cache)
[2243/7773] 'CHM2045L - University of Florida': no usable link (cache)
[2244/7773] 'CHM2046 - University of Florida': no usable link (cache)
[2245/7773] 'CHM2046L - University of Florida': no usable link (cache)
[2246/7773] 'CHM2095 - University of Florida': no usable link (cache)
[2247/7773] 'CHM2111 - University of Florida': no usable link (cache)
[2248/7773] 'CHM2211L - University of Florida': no usable link (cache)
[2249/7773] 'CHM3217 - University of Florida': no usable link (cache)
[2250/7773] 'CHM3610 - University of Florida': no usable link (cache)
[2251/7773] 'CIS3020 - University of Florida': no usable link (cache)
[2252/7773] 'CIS3022 - University of Florida': no usable link (cache)
[2253/7773] 'CIS4301 - University of Florida': no usable link (cache)
[2254/7773] 'CIS4715 - University of Florida': no usable link (cache)
[2255/7773] 'CNT4007 - University of Florida': no usable link (cache)
[2256/7773] 'CSG2531 - University of Florida': no usable link (cache)
[2257/7773] 'EC02023 - University of Florida': no usable link (cache)
[2258/7773] 'ECH3023 - University of Florida': no usable link (cache)
[2259/7773] 'ECO20203 - University of Florida': no usable link (cache)
[2260/7773] 'EEL3003 - University of Florida': no usable link (cache)
[2261/7773] 'EEL4744 - University of Florida': no usable link (cache)
[2262/7773] 'EGM2511 - University of Florida': no usable link (cache)
[2263/7773] 'EGM3250 - University of Florida': no usable link (cache)
[2264/7773] 'EGM3400 - University of Florida': no usable link (cache)
[2265/7773] 'EGM3520 - University of Florida': no usable link (cache)
[2266/7773] 'EGM6611 - University of Florida': no usable link (cache)
[2267/7773] 'EGN2020C - University of Florida': no usable link (cache)
[2268/7773] 'EGN3353 - University of Florida': no usable link (cache)
[2269/7773] 'EMA3010 - University of Florida': no usable link (cache)
[2270/7773] 'EML2322L - University of Florida': no usable link (cache)
[2271/7773] 'EML3301C - University of Florida': no usable link (cache)
[2272/7773] 'ADSC3130 - University of Georgia': no usable link (cache)
[2273/7773] 'BCM3100 - University of Georgia': no usable link (cache)
[2274/7773] 'BIOS2010 - University of Georgia': no usable link (cache)
[2275/7773] 'BUSN3000H - University of Georgia': no usable link (cache)
[2276/7773] 'CALC2200 - University of Georgia': no usable link (cache)
[2277/7773] 'CALC2250 - University of Georgia': no usable link (cache)
[2278/7773] 'CALC2260 - University of Georgia': no usable link (cache)
[2279/7773] 'CS1730 - University of Georgia': no usable link (cache)
[2280/7773] 'CSC11301 - University of Georgia': no usable link (cache)
[2281/7773] 'CVLE2210 - University of Georgia': no usable link (cache)
[2282/7773] 'ECON4450 - University of Georgia': no usable link (cache)
[2283/7773] 'ECSE1100 - University of Georgia': no usable link (cache)
[2284/7773] 'ELEE1030 - University of Georgia': no usable link (cache)
[2285/7773] 'ASTR110L - University of Hawaii at Manoa': no usable link (cache)
[2286/7773] 'BIOC441 - University of Hawaii at Manoa': no usable link (cache)
[2287/7773] 'CHEM1372 - University of Houston': no usable link (cache)
[2288/7773] 'CHEM3369 - University of Houston': no usable link (cache)
[2289/7773] 'CHEM4373 - University of Houston': no usable link (cache)
[2290/7773] 'CIS2332 - University of Houston': no usable link (cache)
[2291/7773] 'CIS3320 - University of Houston': no usable link (cache)
[2292/7773] 'COCS2320 - University of Houston': no usable link (cache)
[2293/7773] 'COSC1304 - University of Houston': no usable link (cache)
[2294/7773] 'COSC1336 - University of Houston': no usable link (cache)
[2295/7773] 'COSC2320 - University of Houston': no usable link (cache)
[2296/7773] 'COSC4358 - University of Houston': no usable link (cache)
[2297/7773] 'COSC4393 - University of Houston': no usable link (cache)
[2298/7773] 'ECON2304 - University of Houston': no usable link (cache)
[2299/7773] 'ECON3371 - University of Houston': no usable link (cache)
[2300/7773] 'ELET3403 - University of Houston': no usable link (cache)
[2301/7773] 'ENG11331 - University of Houston': no usable link (cache)
[2302/7773] 'BIOC130 - University of Iowa': no usable link (cache)
[2303/7773] 'BIOC3130 - University of Iowa': no usable link (cache)
[2304/7773] 'CALC1380 - University of Iowa': no usable link (cache)
[2305/7773] 'CEE4560 - University of Iowa': no usable link (cache)
[2306/7773] 'ECE2410 - University of Iowa': no usable link (cache)
[2307/7773] 'ECE3410 - University of Iowa': no usable link (cache)
[2308/7773] 'ECE36 - University of Iowa': no usable link (cache)
[2309/7773] 'AE211 - University of Kansas': no usable link (cache)
[2310/7773] 'AE345 - University of Kansas': no usable link (cache)
[2311/7773] 'ARCE350 - University of Kansas': no usable link (cache)
[2312/7773] 'ASTR191 - University of Kansas': no usable link (cache)
[2313/7773] 'CHEM624 - University of Kansas': no usable link (cache)
[2314/7773] 'CHEM625 - University of Kansas': no usable link (cache)
[2315/7773] 'CHEM646 - University of Kansas': no usable link (cache)
[2316/7773] 'CPE211 - University of Kansas': no usable link (cache)
[2317/7773] 'EECS221 - University of Kansas': no usable link (cache)
[2318/7773] 'EECS461 - University of Kansas': no usable link (cache)
[2319/7773] 'EECS645 - University of Kansas': no usable link (cache)
[2320/7773] 'AST191 - University of Kentucky': no usable link (cache)
[2321/7773] 'CE106 - University of Kentucky': no usable link (cache)
[2322/7773] 'CIS111 - University of Kentucky': no usable link (cache)
[2323/7773] 'ECO383 - University of Kentucky': no usable link (cache)
[2324/7773] 'ECO471 - University of Kentucky': no usable link (cache)
[2325/7773] 'ECO472 - University of Kentucky': no usable link (cache)
[2326/7773] 'EGR103 - University of Kentucky': no usable link (cache)
[2327/7773] 'EM221 - University of Kentucky': no usable link (cache)
[2328/7773] 'CECS419 - University of Louisville': no usable link (cache)
[2329/7773] 'CEE205 - University of Louisville': no usable link (cache)
[2330/7773] 'CEE450 - University of Louisville': no usable link (cache)
[2331/7773] 'CHE207 - University of Louisville': no usable link (cache)
[2332/7773] 'CHEM10175 - University of Louisville': no usable link (cache)
[2333/7773] 'CIS150 - University of Louisville': no usable link (cache)
[2334/7773] 'CIS205 - University of Louisville': no usable link (cache)
[2335/7773] 'CIS444 - University of Louisville': no usable link (cache)
[2336/7773] 'CSE545 - University of Louisville': no usable link (cache)
[2337/7773] 'EAC101 - University of Louisville': no usable link (cache)
[2338/7773] 'AST109 - University of Maine': no usable link (cache)
[2339/7773] 'BEN477 - University of Maine': no usable link (cache)
[2340/7773] 'BEN502 - University of Maine': no usable link (cache)
[2341/7773] 'CET101 - University of Maine': no usable link (cache)
[2342/7773] 'CHY122 - University of Maine': no usable link (cache)
[2343/7773] 'CIE210 - University of Maine': no usable link (cache)
[2344/7773] 'CIE340 - University of Maine': no usable link (cache)
[2345/7773] 'COS482 - University of Maine': no usable link (cache)
[2346/7773] 'COS535 - University of Maine': no usable link (cache)
[2347/7773] 'ECO254 - University of Maine': no usable link (cache)
[2348/7773] 'CHEM2720 - University of Manitoba': no usable link (cache)
[2349/7773] 'CHEM2740 - University of Manitoba': no usable link (cache)
[2350/7773] 'CHEM3760 - University of Manitoba': no usable link (cache)
[2351/7773] 'CIV3770 - University of Manitoba': no usable link (cache)
[2352/7773] 'CIVL3700 - University of Manitoba': no usable link (cache)
[2353/7773] 'CIVL3770 - University of Manitoba': no usable link (cache)
[2354/7773] 'CMOP3010 - University of Manitoba': no usable link (cache)
[2355/7773] 'COM3020 - University of Manitoba': no usable link (cache)
[2356/7773] 'ECE3540 - University of Manitoba': no usable link (cache)
[2357/7773] 'ECON1220 - University of Manitoba': no usable link (cache)
[2358/7773] 'ECON2040 - University of Manitoba': no usable link (cache)
[2359/7773] 'ECON2050 - University of Manitoba': no usable link (cache)
[2360/7773] 'ECON2390 - University of Manitoba': no usable link (cache)
[2361/7773] 'ECON2630 - University of Manitoba': no usable link (cache)
[2362/7773] 'ECON3392 - University of Manitoba': no usable link (cache)
[2363/7773] 'ECON3650 - University of Manitoba': no usable link (cache)
[2364/7773] 'ECON3680 - University of Manitoba': no usable link (cache)
[2365/7773] 'ECON3692 - University of Manitoba': no usable link (cache)
[2366/7773] 'ENG1450 - University of Manitoba': no usable link (cache)
[2367/7773] 'ENG2040 - University of Manitoba': no usable link (cache)
[2368/7773] 'BIOE120 - University of Maryland': no usable link (cache)
[2369/7773] 'CHEM272 - University of Maryland': no usable link (cache)
[2370/7773] 'ECON424 - University of Maryland': no usable link (cache)
[2371/7773] 'ENCE305 - University of Maryland': no usable link (cache)
[2372/7773] 'CALC140 - University of Miami': no usable link (cache)
[2373/7773] 'CALC161 - University of Miami': no usable link (cache)
[2374/7773] 'CHM207 - University of Miami': no usable link (cache)
[2375/7773] 'ECO211 - University of Miami': no usable link (cache)
[2376/7773] 'ECO303 - University of Miami': no usable link (cache)
[2377/7773] 'ECO441 - University of Miami': no usable link (cache)
[2378/7773] 'ECO690 - University of Miami': no usable link (cache)
[2379/7773] 'EEN118 - University of Miami': no usable link (cache)
[2380/7773] 'EEN218 - University of Miami': no usable link (cache)
[2381/7773] 'EEN336 - University of Miami': no usable link (cache)
[2382/7773] 'EEN511 - University of Miami': no usable link (cache)
[2383/7773] 'EGN123 - University of Miami': no usable link (cache)
[2384/7773] 'ASTRO1010 - University of Missouri': no usable link (cache)
[2385/7773] 'BIOCH3630 - University of Missouri': no usable link (cache)
[2386/7773] 'CECS103 - University of Missouri': no usable link (cache)
[2387/7773] 'CECS203 - University of Missouri': no usable link (cache)
[2388/7773] 'CHEM1320H - University of Missouri': no usable link (cache)
[2389/7773] 'CHEM1330 - University of Missouri': no usable link (cache)
[2390/7773] 'CHEM1330H - University of Missouri': no usable link (cache)
[2391/7773] 'CHEM2110 - University of Missouri': no usable link (cache)
[2392/7773] 'CHENG2225 - University of Missouri': no usable link (cache)
[2393/7773] 'CMPSC3330 - University of Missouri': no usable link (cache)
[2394/7773] 'CMPSC4050 - University of Missouri': no usable link (cache)
[2395/7773] 'CMPSC4320 - University of Missouri': no usable link (cache)
[2396/7773] 'CS1050 - University of Missouri': no usable link (cache)
[2397/7773] 'ECON1015 - University of Missouri': no usable link (cache)
[2398/7773] 'ECON3229 - University of Missouri': no usable link (cache)
[2399/7773] 'ECON4371 - University of Missouri': no usable link (cache)
[2400/7773] 'BCHEM200 - University of Montreal': no usable link (cache)
[2401/7773] 'BIOCH200 - University of Montreal': no usable link (cache)
[2402/7773] 'CMPT141 - University of Montreal': no usable link (cache)
[2403/7773] 'CMPT260 - University of Montreal': no usable link (cache)
[2404/7773] 'CMPT487 - University of Montreal': no usable link (cache)
[2405/7773] 'COMM213 - University of Montreal': no usable link (cache)
[2406/7773] 'ECON376 - University of Montreal': no usable link (cache)
[2407/7773] 'BIOS111 - University of Nebraska-Lincoln': no usable link (cache)
[2408/7773] 'BIOS312 - University of Nebraska-Lincoln': no usable link (cache)
[2409/7773] 'BIOS314 - University of Nebraska-Lincoln': no usable link (cache)
[2410/7773] 'BIOS443 - University of Nebraska-Lincoln': no usable link (cache)
[2411/7773] 'BSEN100 - University of Nebraska-Lincoln': no usable link (cache)
[2412/7773] 'BSEN317 - University of Nebraska-Lincoln': no usable link (cache)
[2413/7773] 'CHEM264 - University of Nebraska-Lincoln': no usable link (cache)
[2414/7773] 'CIVE221 - University of Nebraska-Lincoln': no usable link (cache)
[2415/7773] 'CIVE440 - University of Nebraska-Lincoln': no usable link (cache)
[2416/7773] 'CSCE155A - University of Nebraska-Lincoln': no usable link (cache)
[2417/7773] 'CSCE155N - University of Nebraska-Lincoln': no usable link (cache)
[2418/7773] 'CSCE231 - University of Nebraska-Lincoln': no usable link (cache)
[2419/7773] 'CSCE310 - University of Nebraska-Lincoln': no usable link (cache)
[2420/7773] 'CSCE428 - University of Nebraska-Lincoln': no usable link (cache)
[2421/7773] 'CSCE466 - University of Nebraska-Lincoln': no usable link (cache)
[2422/7773] 'CSCE469 - University of Nebraska-Lincoln': no usable link (cache)
[2423/7773] 'CSCE477 - University of Nebraska-Lincoln': no usable link (cache)
[2424/7773] 'ECEN102 - University of Nebraska-Lincoln': no usable link (cache)
[2425/7773] 'ECEN211 - University of Nebraska-Lincoln': no usable link (cache)
[2426/7773] 'ECEN215 - University of Nebraska-Lincoln': no usable link (cache)
[2427/7773] 'ECEN216 - University of Nebraska-Lincoln': no usable link (cache)
[2428/7773] 'ELEC370 - University of Nebraska-Lincoln': no usable link (cache)
[2429/7773] 'CEE250 - University of Nevada, Las Vegas': no usable link (cache)
[2430/7773] 'CHEM121A - University of Nevada, Las Vegas': no usable link (cache)
[2431/7773] 'CHEM122A - University of Nevada, Las Vegas': no usable link (cache)
[2432/7773] 'CHEM474 - University of Nevada, Las Vegas': no usable link (cache)
[2433/7773] 'EE460 - University of Nevada, Las Vegas': no usable link (cache)
[2434/7773] 'BMS501 - University of New Hampshire': no usable link (cache)
[2435/7773] 'CHE603 - University of New Hampshire': no usable link (cache)
[2436/7773] 'CHEM545 - University of New Hampshire': no usable link (cache)
[2437/7773] 'CHEM546 - University of New Hampshire': no usable link (cache)
[2438/7773] 'CHEM651 - University of New Hampshire': no usable link (cache)
[2439/7773] 'ECE617 - University of New Hampshire': no usable link (cache)
[2440/7773] 'CS251L - University of New Mexico': no usable link (cache)
[2441/7773] 'ENG130L - University of New Mexico': no usable link (cache)
[2442/7773] 'APPL110 - University of North Carolina at Chapel Hill': no usable link (cache)
[2443/7773] 'ASTR100 - University of North Carolina at Chapel Hill': no usable link (cache)
[2444/7773] 'ASTR103 - University of North Carolina at Chapel Hill': no usable link (cache)
[2445/7773] 'BMME302 - University of North Carolina at Chapel Hill': no usable link (cache)
[2446/7773] 'CHEM102H - University of North Carolina at Chapel Hill': no usable link (cache)
[2447/7773] 'CHEM41 - University of North Carolina at Chapel Hill': no usable link (cache)
[2448/7773] 'CHEM430 - University of North Carolina at Chapel Hill': no usable link (cache)
[2449/7773] 'CHEM480 - University of North Carolina at Chapel Hill': no usable link (cache)
[2450/7773] 'COMP283 - University of North Carolina at Chapel Hill': no usable link (cache)
[2451/7773] 'DATA120 - University of North Carolina at Chapel Hill': no usable link (cache)
[2452/7773] 'ECON101H - University of North Carolina at Chapel Hill': no usable link (cache)
[2453/7773] 'ECON420H - University of North Carolina at Chapel Hill': no usable link (cache)
[2454/7773] 'ECON440 - University of North Carolina at Chapel Hill': no usable link (cache)
[2455/7773] 'ECON470 - University of North Carolina at Chapel Hill': no usable link (cache)
[2456/7773] 'ECON480 - University of North Carolina at Chapel Hill': no usable link (cache)
[2457/7773] 'ECON510 - University of North Carolina at Chapel Hill': no usable link (cache)
[2458/7773] 'ECON511 - University of North Carolina at Chapel Hill': no usable link (cache)
[2459/7773] 'ENEC380 - University of North Carolina at Chapel Hill': no usable link (cache)
[2460/7773] 'CEGR3155 - University of North Carolina at Charlotte': no usable link (cache)
[2461/7773] 'CEGR4146 - University of North Carolina at Charlotte': no usable link (cache)
[2462/7773] 'CHEM1204 - University of North Carolina at Charlotte': no usable link (cache)
[2463/7773] 'CHEM1251 - University of North Carolina at Charlotte': no usable link (cache)
[2464/7773] 'CHEM1252 - University of North Carolina at Charlotte': no usable link (cache)
[2465/7773] 'CHEM2132 - University of North Carolina at Charlotte': no usable link (cache)
[2466/7773] 'CMET3224 - University of North Carolina at Charlotte': no usable link (cache)
[2467/7773] 'ECGR2112 - University of North Carolina at Charlotte': no usable link (cache)
[2468/7773] 'ECGR2254 - University of North Carolina at Charlotte': no usable link (cache)
[2469/7773] 'ECGR3111 - University of North Carolina at Charlotte': no usable link (cache)
[2470/7773] 'ECON2021 - University of North Carolina at Charlotte': no usable link (cache)
[2471/7773] 'ECON3125 - University of North Carolina at Charlotte': no usable link (cache)
[2472/7773] 'BMEN1300 - University of North Texas': no usable link (cache)
[2473/7773] 'CHEM4631 - University of North Texas': no usable link (cache)
[2474/7773] 'CSCE1030 - University of North Texas': no usable link (cache)
[2475/7773] 'CSCE2610 - University of North Texas': no usable link (cache)
[2476/7773] 'CSCE3600 - University of North Texas': no usable link (cache)
[2477/7773] 'CSCE4600 - University of North Texas': no usable link (cache)
[2478/7773] 'CSCE4901 - University of North Texas': no usable link (cache)
[2479/7773] 'CSCE5150 - University of North Texas': no usable link (cache)
[2480/7773] 'CSCE5210 - University of North Texas': no usable link (cache)
[2481/7773] 'CSCE5290 - University of North Texas': no usable link (cache)
[2482/7773] 'CSCE5933 - University of North Texas': no usable link (cache)
[2483/7773] 'DSCI4330 - University of North Texas': no usable link (cache)
[2484/7773] 'DSCI5330 - University of North Texas': no usable link (cache)
[2485/7773] 'ECON3550 - University of North Texas': no usable link (cache)
[2486/7773] 'ECON4140 - University of North Texas': no usable link (cache)
[2487/7773] 'ECON4440 - University of North Texas': no usable link (cache)
[2488/7773] 'EE2710 - University of North Texas': no usable link (cache)
[2489/7773] 'EENG2610 - University of North Texas': no usable link (cache)
[2490/7773] 'EENG2710 - University of North Texas': no usable link (cache)
[2491/7773] 'ACMS10140 - University of Notre Dame': no usable link (cache)
[2492/7773] 'ACMS10145 - University of Notre Dame': no usable link (cache)
[2493/7773] 'ACMS10560 - University of Notre Dame': no usable link (cache)
[2494/7773] 'ACMS30440 - University of Notre Dame': no usable link (cache)
[2495/7773] 'BIOS10115 - University of Notre Dame': no usable link (cache)
[2496/7773] 'BIOS10169 - University of Notre Dame': no usable link (cache)
[2497/7773] 'BIOS10170 - University of Notre Dame': no usable link (cache)
[2498/7773] 'BIOS10171 - University of Notre Dame': no usable link (cache)
[2499/7773] 'BIOS11174 - University of Notre Dame': no usable link (cache)
[2500/7773] 'BIOS20241 - University of Notre Dame': no usable link (cache)
[2501/7773] 'BIOS30401 - University of Notre Dame': no usable link (cache)
[2502/7773] 'CHEM10171 - University of Notre Dame': no usable link (cache)
[2503/7773] 'CHEM10181 - University of Notre Dame': no usable link (cache)
[2504/7773] 'CHEM10182 - University of Notre Dame': no usable link (cache)
[2505/7773] 'CHEM11171 - University of Notre Dame': no usable link (cache)
[2506/7773] 'CHEM172 - University of Notre Dame': no usable link (cache)
[2507/7773] 'CHEM20274 - University of Notre Dame': no usable link (cache)
[2508/7773] 'CHEM21274 - University of Notre Dame': no usable link (cache)
[2509/7773] 'CSE10101 - University of Notre Dame': no usable link (cache)
[2510/7773] 'ECON10010 - University of Notre Dame': no usable link (cache)
[2511/7773] 'ECON30400 - University of Notre Dame': no usable link (cache)
[2512/7773] 'AME2113 - University of Oklahoma': no usable link (cache)
[2513/7773] 'AME3723 - University of Oklahoma': no usable link (cache)
[2514/7773] 'ASTR1504 - University of Oklahoma': no usable link (cache)
[2515/7773] 'ASTR1514 - University of Oklahoma': no usable link (cache)
[2516/7773] 'CHEM1335 - University of Oklahoma': no usable link (cache)
[2517/7773] 'CHEM1435 - University of Oklahoma': no usable link (cache)
[2518/7773] 'CHEM1513 - University of Oklahoma': no usable link (cache)
[2519/7773] 'CHEM3653 - University of Oklahoma': no usable link (cache)
[2520/7773] 'CHEM3753 - University of Oklahoma': no usable link (cache)
[2521/7773] 'CHEM3853 - University of Oklahoma': no usable link (cache)
[2522/7773] 'CS2813 - University of Oklahoma': no usable link (cache)
[2523/7773] 'ECE2214 - University of Oklahoma': no usable link (cache)
[2524/7773] 'ECE2723 - University of Oklahoma': no usable link (cache)
[2525/7773] 'ECON1113 - University of Oklahoma': no usable link (cache)
[2526/7773] 'ECON1123 - University of Oklahoma': no usable link (cache)
[2527/7773] 'ECON2843 - University of Oklahoma': no usable link (cache)
[2528/7773] 'ECON3513 - University of Oklahoma': no usable link (cache)
[2529/7773] 'ECON4313 - University of Oklahoma': no usable link (cache)
[2530/7773] 'BA715 - University of Oregon': no usable link (cache)
[2531/7773] 'CH222 - University of Oregon': no usable link (cache)
[2532/7773] 'CH331 - University of Oregon': no usable link (cache)
[2533/7773] 'CH341 - University of Oregon': no usable link (cache)
[2534/7773] 'CH461 - University of Oregon': no usable link (cache)
[2535/7773] 'CHEM335 - University of Oregon': no usable link (cache)
[2536/7773] 'DSC335 - University of Oregon': no usable link (cache)
[2537/7773] 'EC460 - University of Oregon': no usable link (cache)
[2538/7773] 'EC481 - University of Oregon': no usable link (cache)
[2539/7773] 'EC482 - University of Oregon': no usable link (cache)
[2540/7773] 'ADM1305 - University of Ottawa': no usable link (cache)
[2541/7773] 'ADM1705 - University of Ottawa': no usable link (cache)
[2542/7773] 'ADM2304 - University of Ottawa': no usable link (cache)
[2543/7773] 'BMG5109 - University of Ottawa': no usable link (cache)
[2544/7773] 'BPS1501 - University of Ottawa': no usable link (cache)
[2545/7773] 'BPS2110 - University of Ottawa': no usable link (cache)
[2546/7773] 'CH1311 - University of Ottawa': no usable link (cache)
[2547/7773] 'CHG2317 - University of Ottawa': no usable link (cache)
[2548/7773] 'CHG3127 - University of Ottawa': no usable link (cache)
[2549/7773] 'CHG4360 - University of Ottawa': no usable link (cache)
[2550/7773] 'CHM1130 - University of Ottawa': no usable link (cache)
[2551/7773] 'CHM1131 - University of Ottawa': no usable link (cache)
[2552/7773] 'CHM1131LAB - University of Ottawa': no usable link (cache)
[2553/7773] 'CHM1301 - University of Ottawa': no usable link (cache)
[2554/7773] 'CHM1310 - University of Ottawa': no usable link (cache)
[2555/7773] 'CHM1310B - University of Ottawa': no usable link (cache)
[2556/7773] 'CHM1310C - University of Ottawa': no usable link (cache)
[2557/7773] 'CHM1311LAB - University of Ottawa': no usable link (cache)
[2558/7773] 'CHM1321 - University of Ottawa': no usable link (cache)
[2559/7773] 'CHM1321LAB - University of Ottawa': no usable link (cache)
[2560/7773] 'CHM1711 - University of Ottawa': no usable link (cache)
[2561/7773] 'CHM1721 - University of Ottawa': no usable link (cache)
[2562/7773] 'CHM2131 - University of Ottawa': no usable link (cache)
[2563/7773] 'CHM2132 - University of Ottawa': no usable link (cache)
[2564/7773] 'CHM2330 - University of Ottawa': no usable link (cache)
[2565/7773] 'CHM2520 - University of Ottawa': no usable link (cache)
[2566/7773] 'CHM3122 - University of Ottawa': no usable link (cache)
[2567/7773] 'CHM4155 - University of Ottawa': no usable link (cache)
[2568/7773] 'CSI5134 - University of Ottawa': no usable link (cache)
[2569/7773] 'CVG2149 - University of Ottawa': no usable link (cache)
[2570/7773] 'CVG4142 - University of Ottawa': no usable link (cache)
[2571/7773] 'DTI5126 - University of Ottawa': no usable link (cache)
[2572/7773] 'EBC5125 - University of Ottawa': no usable link (cache)
[2573/7773] 'EC01104 - University of Ottawa': no usable link (cache)
[2574/7773] 'ECO1101 - University of Ottawa': no usable link (cache)
[2575/7773] 'ECO1104 - University of Ottawa': no usable link (cache)
[2576/7773] 'ECO1502 - University of Ottawa': no usable link (cache)
[2577/7773] 'ECO1504 - University of Ottawa': no usable link (cache)
[2578/7773] 'ECO2147 - University of Ottawa': no usable link (cache)
[2579/7773] 'ECO2150 - University of Ottawa': no usable link (cache)
[2580/7773] 'ECO2517 - University of Ottawa': no usable link (cache)
[2581/7773] 'ECO3145 - University of Ottawa': no usable link (cache)
[2582/7773] 'ECO3150 - University of Ottawa': no usable link (cache)
[2583/7773] 'ECO4145 - University of Ottawa': no usable link (cache)
[2584/7773] 'ECO4170 - University of Ottawa': no usable link (cache)
[2585/7773] 'ELG2137 - University of Ottawa': no usable link (cache)
[2586/7773] 'ELG3101 - University of Ottawa': no usable link (cache)
[2587/7773] 'CHEM053 - University of Pennsylvania': no usable link (cache)
[2588/7773] 'CHEM054 - University of Pennsylvania': no usable link (cache)
[2589/7773] 'CHEM245 - University of Pennsylvania': no usable link (cache)
[2590/7773] 'EE581 - University of Pennsylvania': no usable link (cache)
[2591/7773] 'ASTR0089 - University of Pittsburgh': no usable link (cache)
[2592/7773] 'ASTRN0089 - University of Pittsburgh': no usable link (cache)
[2593/7773] 'ASTRO0089 - University of Pittsburgh': no usable link (cache)
[2594/7773] 'BIOS0057 - University of Pittsburgh': no usable link (cache)
[2595/7773] 'BIOS0150 - University of Pittsburgh': no usable link (cache)
[2596/7773] 'CALC0220 - University of Pittsburgh': no usable link (cache)
[2597/7773] 'CALC0230 - University of Pittsburgh': no usable link (cache)
[2598/7773] 'CALC0235 - University of Pittsburgh': no usable link (cache)
[2599/7773] 'CHEM0110 - University of Pittsburgh': no usable link (cache)
[2600/7773] 'CHEM0250 - University of Pittsburgh': no usable link (cache)
[2601/7773] 'CHEM0420 - University of Pittsburgh': no usable link (cache)
[2602/7773] 'CHEM0910 - University of Pittsburgh': no usable link (cache)
[2603/7773] 'CHEM0970 - University of Pittsburgh': no usable link (cache)
[2604/7773] 'CHEM1480 - University of Pittsburgh': no usable link (cache)
[2605/7773] 'ECE0201 - University of Pittsburgh': no usable link (cache)
[2606/7773] 'ECON0100 - University of Pittsburgh': no usable link (cache)
[2607/7773] 'CHE314 - University of Rhode Island': no usable link (cache)
[2608/7773] 'CMB210 - University of Rhode Island': no usable link (cache)
[2609/7773] 'CSC104 - University of Rhode Island': no usable link (cache)
[2610/7773] 'CVE374 - University of Rhode Island': no usable link (cache)
[2611/7773] 'ECN328 - University of Rhode Island': no usable link (cache)
[2612/7773] 'ECN333 - University of Rhode Island': no usable link (cache)
[2613/7773] 'ECN33X - University of Rhode Island': no usable link (cache)
[2614/7773] 'ELE338 - University of Rhode Island': no usable link (cache)
[2615/7773] 'ELE446 - University of Rhode Island': no usable link (cache)
[2616/7773] 'ASTR113 - University of Saskatchewan': no usable link (cache)
[2617/7773] 'CE225 - University of Saskatchewan': no usable link (cache)
[2618/7773] 'CE318 - University of Saskatchewan': no usable link (cache)
[2619/7773] 'CME331 - University of Saskatchewan': no usable link (cache)
[2620/7773] 'EE232 - University of Saskatchewan': no usable link (cache)
[2621/7773] 'EE862 - University of Saskatchewan': no usable link (cache)
[2622/7773] 'AESP101 - University of South Carolina': no usable link (cache)
[2623/7773] 'BMEN240 - University of South Carolina': no usable link (cache)
[2624/7773] 'BMEN290 - University of South Carolina': no usable link (cache)
[2625/7773] 'CHEM333H - University of South Carolina': no usable link (cache)
[2626/7773] 'CHEM555 - University of South Carolina': no usable link (cache)
[2627/7773] 'CHM531 - University of South Carolina': no usable link (cache)
[2628/7773] 'CSCE101 - University of South Carolina': no usable link (cache)
[2629/7773] 'CSCE102 - University of South Carolina': no usable link (cache)
[2630/7773] 'CSCE215 - University of South Carolina': no usable link (cache)
[2631/7773] 'CSCE311 - University of South Carolina': no usable link (cache)
[2632/7773] 'ECHE101 - University of South Carolina': no usable link (cache)
[2633/7773] 'ECHE310 - University of South Carolina': no usable link (cache)
[2634/7773] 'ECON222 - University of South Carolina': no usable link (cache)
[2635/7773] 'ECON222H - University of South Carolina': no usable link (cache)
[2636/7773] 'ECON508 - University of South Carolina': no usable link (cache)
[2637/7773] 'EDPY401 - University of South Carolina': no usable link (cache)
[2638/7773] 'ELCT222 - University of South Carolina': no usable link (cache)
[2639/7773] 'ELCT321 - University of South Carolina': no usable link (cache)
[2640/7773] 'EMCH200 - University of South Carolina': no usable link (cache)
[2641/7773] 'EMCH260 - University of South Carolina': no usable link (cache)
[2642/7773] 'EMCH290 - University of South Carolina': no usable link (cache)
[2643/7773] 'EMCH310 - University of South Carolina': no usable link (cache)
[2644/7773] 'EMCH327 - University of South Carolina': no usable link (cache)
[2645/7773] 'EMCH332 - University of South Carolina': no usable link (cache)
[2646/7773] 'EMCH394 - University of South Carolina': no usable link (cache)
[2647/7773] 'EMCH507 - University of South Carolina': no usable link (cache)
[2648/7773] 'EMCH530 - University of South Carolina': no usable link (cache)
[2649/7773] 'AME204 - University of Southern California': no usable link (cache)
[2650/7773] 'AME305 - University of Southern California': no usable link (cache)
[2651/7773] 'AME309 - University of Southern California': no usable link (cache)
[2652/7773] 'AME403 - University of Southern California': no usable link (cache)
[2653/7773] 'AME420 - University of Southern California': no usable link (cache)
[2654/7773] 'AME485 - University of Southern California': no usable link (cache)
[2655/7773] 'AME486 - University of Southern California': no usable link (cache)
[2656/7773] 'ASTR200 - University of Southern California': no usable link (cache)
[2657/7773] 'BME202 - University of Southern California': no usable link (cache)
[2658/7773] 'CE119 - University of Southern California': no usable link (cache)
[2659/7773] 'CHEM105A - University of Southern California': no usable link (cache)
[2660/7773] 'CHEM105AB - University of Southern California': no usable link (cache)
[2661/7773] 'CHEM105B - University of Southern California': no usable link (cache)
[2662/7773] 'CHEM322A - University of Southern California': no usable link (cache)
[2663/7773] 'CSCI103 - University of Southern California': no usable link (cache)
[2664/7773] 'CSCI103L - University of Southern California': no usable link (cache)
[2665/7773] 'CSCI360 - University of Southern California': no usable link (cache)
[2666/7773] 'CSCI545 - University of Southern California': no usable link (cache)
[2667/7773] 'CSCI575 - University of Southern California': no usable link (cache)
[2668/7773] 'DSCI351 - University of Southern California': no usable link (cache)
[2669/7773] 'ECON252X - University of Southern California': no usable link (cache)
[2670/7773] 'ECON318 - University of Southern California': no usable link (cache)
[2671/7773] 'ECON471 - University of Southern California': no usable link (cache)
[2672/7773] 'EE105 - University of Southern California': no usable link (cache)
[2673/7773] 'EE354 - University of Southern California': no usable link (cache)
[2674/7773] 'EE357 - University of Southern California': no usable link (cache)
[2675/7773] 'EE454 - University of Southern California': no usable link (cache)
[2676/7773] 'EE577B - University of Southern California': no usable link (cache)
[2677/7773] 'BIOL3250 - University of Tennessee': no usable link (cache)
[2678/7773] 'CHEM1050L - University of Tennessee': no usable link (cache)
[2679/7773] 'CHEM1110L - University of Tennessee': no usable link (cache)
[2680/7773] 'CHEM1110LAB - University of Tennessee': no usable link (cache)
[2681/7773] 'CHEM3010 - University of Tennessee': no usable link (cache)
[2682/7773] 'CHEM3020 - University of Tennessee': no usable link (cache)
[2683/7773] 'CHEM3020L - University of Tennessee': no usable link (cache)
[2684/7773] 'COMM2200 - University of Tennessee': no usable link (cache)
[2685/7773] 'CPSC2100 - University of Tennessee': no usable link (cache)
[2686/7773] 'ENEE3720 - University of Tennessee': no usable link (cache)
[2687/7773] 'ASE320 - University of Texas at Austin': no usable link (cache)
[2688/7773] 'ASE330M - University of Texas at Austin': no usable link (cache)
[2689/7773] 'ASE366K - University of Texas at Austin': no usable link (cache)
[2690/7773] 'AST301 - University of Texas at Austin': no usable link (cache)
[2691/7773] 'CE333T - University of Texas at Austin': no usable link (cache)
[2692/7773] 'CH301C - University of Texas at Austin': no usable link (cache)
[2693/7773] 'CH302 - University of Texas at Austin': no usable link (cache)
[2694/7773] 'CH302M - University of Texas at Austin': no usable link (cache)
[2695/7773] 'CH320M - University of Texas at Austin': no usable link (cache)
[2696/7773] 'CH328M - University of Texas at Austin': no usable link (cache)
[2697/7773] 'CH353 - University of Texas at Austin': no usable link (cache)
[2698/7773] 'ECO304K - University of Texas at Austin': no usable link (cache)
[2699/7773] 'ECO320L - University of Texas at Austin': no usable link (cache)
[2700/7773] 'ECO348K - University of Texas at Austin': no usable link (cache)
[2701/7773] 'ECO352K - University of Texas at Austin': no usable link (cache)
[2702/7773] 'ECO353K - University of Texas at Austin': no usable link (cache)
[2703/7773] 'ECO441K - University of Texas at Austin': no usable link (cache)
[2704/7773] 'EE333T - University of Texas at Austin': no usable link (cache)
[2705/7773] 'ATCM3308 - University of Texas at Dallas': no usable link (cache)
[2706/7773] 'ATCM3311 - University of Texas at Dallas': no usable link (cache)
[2707/7773] 'BMEN3399 - University of Texas at Dallas': no usable link (cache)
[2708/7773] 'CALC1326 - University of Texas at Dallas': no usable link (cache)
[2709/7773] 'CE1100 - University of Texas at Dallas': no usable link (cache)
[2710/7773] 'CS1334 - University of Texas at Dallas': no usable link (cache)
[2711/7773] 'CS4301 - University of Texas at Dallas': no usable link (cache)
[2712/7773] 'CS4341 - University of Texas at Dallas': no usable link (cache)
[2713/7773] 'CS4389 - University of Texas at Dallas': no usable link (cache)
[2714/7773] 'CS6326 - University of Texas at Dallas': no usable link (cache)
[2715/7773] 'CS6343 - University of Texas at Dallas': no usable link (cache)
[2716/7773] 'CS6390 - University of Texas at Dallas': no usable link (cache)
[2717/7773] 'EE1202 - University of Texas at Dallas': no usable link (cache)
[2718/7773] 'EE2310 - University of Texas at Dallas': no usable link (cache)
[2719/7773] 'EE3320 - University of Texas at Dallas': no usable link (cache)
[2720/7773] 'EEPE6357 - University of Texas at Dallas': no usable link (cache)
[2721/7773] 'AST1013 - University of Texas at San Antonio': no usable link (cache)
[2722/7773] 'AST1033 - University of Texas at San Antonio': no usable link (cache)
[2723/7773] 'CAL1214 - University of Texas at San Antonio': no usable link (cache)
[2724/7773] 'CAL1224 - University of Texas at San Antonio': no usable link (cache)
[2725/7773] 'CE3103 - University of Texas at San Antonio': no usable link (cache)
[2726/7773] 'CH1121 - University of Texas at San Antonio': no usable link (cache)
[2727/7773] 'CHE1103 - University of Texas at San Antonio': no usable link (cache)
[2728/7773] 'CHE1113 - University of Texas at San Antonio': no usable link (cache)
[2729/7773] 'CHE1120 - University of Texas at San Antonio': no usable link (cache)
[2730/7773] 'CHE1121 - University of Texas at San Antonio': no usable link (cache)
[2731/7773] 'CHE2603 - University of Texas at San Antonio': no usable link (cache)
[2732/7773] 'CHE2612 - University of Texas at San Antonio': no usable link (cache)
[2733/7773] 'CHE3643 - University of Texas at San Antonio': no usable link (cache)
[2734/7773] 'CHE3652 - University of Texas at San Antonio': no usable link (cache)
[2735/7773] 'CO1083 - University of Texas at San Antonio': no usable link (cache)
[2736/7773] 'CS1173 - University of Texas at San Antonio': no usable link (cache)
[2737/7773] 'CS2713 - University of Texas at San Antonio': no usable link (cache)
[2738/7773] 'CS3753 - University of Texas at San Antonio': no usable link (cache)
[2739/7773] 'CS3793 - University of Texas at San Antonio': no usable link (cache)
[2740/7773] 'CS3844 - University of Texas at San Antonio': no usable link (cache)
[2741/7773] 'CS4653 - University of Texas at San Antonio': no usable link (cache)
[2742/7773] 'ECO3113 - University of Texas at San Antonio': no usable link (cache)
[2743/7773] 'ECO6113 - University of Texas at San Antonio': no usable link (cache)
[2744/7773] 'EE3463 - University of Texas at San Antonio': no usable link (cache)
[2745/7773] 'CHEM1220 - University of Utah': no usable link (cache)
[2746/7773] 'CHEM3100 - University of Utah': no usable link (cache)
[2747/7773] 'CHEN1705 - University of Utah': no usable link (cache)
[2748/7773] 'CHEN2300 - University of Utah': no usable link (cache)
[2749/7773] 'CHEN3853 - University of Utah': no usable link (cache)
[2750/7773] 'CMP4010 - University of Utah': no usable link (cache)
[2751/7773] 'CVEEN2010 - University of Utah': no usable link (cache)
[2752/7773] 'ECE1240 - University of Utah': no usable link (cache)
[2753/7773] 'ECE2280 - University of Utah': no usable link (cache)
[2754/7773] 'ENGIN5030 - University of Utah': no usable link (cache)
[2755/7773] 'CALS002 - University of Vermont': no usable link (cache)
[2756/7773] 'CDAE254 - University of Vermont': no usable link (cache)
[2757/7773] 'CDAE266 - University of Vermont': no usable link (cache)
[2758/7773] 'CHEM026 - University of Vermont': no usable link (cache)
[2759/7773] 'CHEM026A - University of Vermont': no usable link (cache)
[2760/7773] 'CS064 - University of Vermont': no usable link (cache)
[2761/7773] 'EC010 - University of Vermont': no usable link (cache)
[2762/7773] 'EC011 - University of Vermont': no usable link (cache)
[2763/7773] 'EC171 - University of Vermont': no usable link (cache)
[2764/7773] 'CENG255 - University of Victoria': no usable link (cache)
[2765/7773] 'CHEM432 - University of Victoria': no usable link (cache)
[2766/7773] 'ECON405B - University of Victoria': no usable link (cache)
[2767/7773] 'APMA2120 - University of Virginia': no usable link (cache)
[2768/7773] 'APMA308 - University of Virginia': no usable link (cache)
[2769/7773] 'APMA3080 - University of Virginia': no usable link (cache)
[2770/7773] 'ASTR124 - University of Virginia': no usable link (cache)
[2771/7773] 'ASTR1270 - University of Virginia': no usable link (cache)
[2772/7773] 'ASTR3450 - University of Virginia': no usable link (cache)
[2773/7773] 'CHEM1610 - University of Virginia': no usable link (cache)
[2774/7773] 'COLA1500 - University of Virginia': no usable link (cache)
[2775/7773] 'CS3710 - University of Virginia': no usable link (cache)
[2776/7773] 'ECOCN201 - University of Virginia': no usable link (cache)
[2777/7773] 'BB310 - University of Washington': no usable link (cache)
[2778/7773] 'BBUS215 - University of Washington': no usable link (cache)
[2779/7773] 'BCHEM239 - University of Washington': no usable link (cache)
[2780/7773] 'BCHEM241 - University of Washington': no usable link (cache)
[2781/7773] 'BCORE107 - University of Washington': no usable link (cache)
[2782/7773] 'BCUSP122 - University of Washington': no usable link (cache)
[2783/7773] 'BCUSP123 - University of Washington': no usable link (cache)
[2784/7773] 'BEE215 - University of Washington': no usable link (cache)
[2785/7773] 'BEE233 - University of Washington': no usable link (cache)
[2786/7773] 'BEE361 - University of Washington': no usable link (cache)
[2787/7773] 'BIS200 - University of Washington': no usable link (cache)
[2788/7773] 'BMATH121 - University of Washington': no usable link (cache)
[2789/7773] 'BMATH122 - University of Washington': no usable link (cache)
[2790/7773] 'BMATH123 - University of Washington': no usable link (cache)
[2791/7773] 'BMATH144 - University of Washington': no usable link (cache)
[2792/7773] 'CHEM164 - University of Washington': no usable link (cache)
[2793/7773] 'CSS310 - University of Washington': no usable link (cache)
[2794/7773] 'CSS360 - University of Washington': no usable link (cache)
[2795/7773] 'CSS507 - University of Washington': no usable link (cache)
[2796/7773] 'CSS508 - University of Washington': no usable link (cache)
[2797/7773] 'AE115 - University of Waterloo': no usable link (cache)
[2798/7773] 'BU283 - University of Waterloo': no usable link (cache)
[2799/7773] 'BU383 - University of Waterloo': no usable link (cache)
[2800/7773] 'BU393 - University of Waterloo': no usable link (cache)
[2801/7773] 'CHEM129L - University of Waterloo': no usable link (cache)
[2802/7773] 'CIVE127 - University of Waterloo': no usable link (cache)
[2803/7773] 'CIVE153 - University of Waterloo': no usable link (cache)
[2804/7773] 'CIVE222 - University of Waterloo': no usable link (cache)
[2805/7773] 'CIVE224 - University of Waterloo': no usable link (cache)
[2806/7773] 'CO103 - University of Waterloo': no usable link (cache)
[2807/7773] 'CO602 - University of Waterloo': no usable link (cache)
[2808/7773] 'CP264 - University of Waterloo': no usable link (cache)
[2809/7773] 'EC238 - University of Waterloo': no usable link (cache)
[2810/7773] 'ECE205 - University of Waterloo': no usable link (cache)
[2811/7773] 'ECE417 - University of Waterloo': no usable link (cache)
[2812/7773] 'ECON290 - University of Waterloo': no usable link (cache)
[2813/7773] 'ECON393 - University of Waterloo': no usable link (cache)
[2814/7773] 'ECON601 - University of Waterloo': no usable link (cache)
[2815/7773] 'ECON621 - University of Waterloo': no usable link (cache)
[2816/7773] 'CEE370 - University of Wisconsin-Madison': no usable link (cache)
[2817/7773] 'CHEM561 - University of Wisconsin-Madison': no usable link (cache)
[2818/7773] 'CS502 - University of Wisconsin-Madison': no usable link (cache)
[2819/7773] 'ECN330 - University of Wisconsin-Madison': no usable link (cache)
[2820/7773] 'ECON475 - University of Wisconsin-Madison': no usable link (cache)
[2821/7773] 'EMA200 - University of Wisconsin-Madison': no usable link (cache)
[2822/7773] 'EMA201 - University of Wisconsin-Madison': no usable link (cache)
[2823/7773] 'EMA202 - University of Wisconsin-Madison': no usable link (cache)
[2824/7773] 'EMA303 - University of Wisconsin-Madison': no usable link (cache)
[2825/7773] 'BIOCH103 - University of Wisconsin-Milwaukee': no usable link (cache)
[2826/7773] 'CE203 - University of Wisconsin-Milwaukee': no usable link (cache)
[2827/7773] 'CE456 - University of Wisconsin-Milwaukee': no usable link (cache)
[2828/7773] 'APEC2010 - Utah State University': no usable link (cache)
[2829/7773] 'CEE2870 - Utah State University': no usable link (cache)
[2830/7773] 'CS5000 - Utah State University': no usable link (cache)
[2831/7773] 'CS5110 - Utah State University': no usable link (cache)
[2832/7773] 'DATA2100 - Utah State University': no usable link (cache)
[2833/7773] 'ECN1500 - Utah State University': no usable link (cache)
[2834/7773] 'ECN4010 - Utah State University': no usable link (cache)
[2835/7773] 'CHEM1601 - Vanderbilt University': no usable link (cache)
[2836/7773] 'CHEM1602 - Vanderbilt University': no usable link (cache)
[2837/7773] 'CHEM2100L - Vanderbilt University': no usable link (cache)
[2838/7773] 'CHEM2221 - Vanderbilt University': no usable link (cache)
[2839/7773] 'CHEM2222 - Vanderbilt University': no usable link (cache)
[2840/7773] 'CHEM3300 - Vanderbilt University': no usable link (cache)
[2841/7773] 'CHEM3310 - Vanderbilt University': no usable link (cache)
[2842/7773] 'CHEM3315 - Vanderbilt University': no usable link (cache)
[2843/7773] 'CS1151 - Vanderbilt University': no usable link (cache)
[2844/7773] 'CS2231 - Vanderbilt University': no usable link (cache)
[2845/7773] 'CS3265 - Vanderbilt University': no usable link (cache)
[2846/7773] 'CSET2500 - Vanderbilt University': no usable link (cache)
[2847/7773] 'DF2100 - Vanderbilt University': no usable link (cache)
[2848/7773] 'DS3262 - Vanderbilt University': no usable link (cache)
[2849/7773] 'ECE2123 - Vanderbilt University': no usable link (cache)
[2850/7773] 'ECON2220 - Vanderbilt University': no usable link (cache)
[2851/7773] 'ECON2300 - Vanderbilt University': no usable link (cache)
[2852/7773] 'ECON3022 - Vanderbilt University': no usable link (cache)
[2853/7773] 'ECON3035 - Vanderbilt University': no usable link (cache)
[2854/7773] 'ECON3160 - Vanderbilt University': no usable link (cache)
[2855/7773] 'ECON3893 - Vanderbilt University': no usable link (cache)
[2856/7773] 'EECE112 - Vanderbilt University': no usable link (cache)
[2857/7773] 'EECE2112 - Vanderbilt University': no usable link (cache)
[2858/7773] 'EECE3235 - Vanderbilt University': no usable link (cache)
[2859/7773] 'CHEM125LAB - Vassar College': no usable link (cache)
[2860/7773] 'CHEM244 - Vassar College': no usable link (cache)
[2861/7773] 'CMPU101 - Vassar College': no usable link (cache)
[2862/7773] 'CHM1103 - Villanova University': no usable link (cache)
[2863/7773] 'CHM1135 - Villanova University': no usable link (cache)
[2864/7773] 'CHM2202 - Villanova University': no usable link (cache)
[2865/7773] 'CHM3211 - Villanova University': no usable link (cache)
[2866/7773] 'CHM4603 - Villanova University': no usable link (cache)
[2867/7773] 'ECO2101 - Villanova University': no usable link (cache)
[2868/7773] 'CHEZ101 - Virginia Commonwealth University': no usable link (cache)
[2869/7773] 'CHEZ102 - Virginia Commonwealth University': no usable link (cache)
[2870/7773] 'CHEZ301 - Virginia Commonwealth University': no usable link (cache)
[2871/7773] 'CHEZ302 - Virginia Commonwealth University': no usable link (cache)
[2872/7773] 'CMSC235 - Virginia Commonwealth University': no usable link (cache)
[2873/7773] 'EGMN215 - Virginia Commonwealth University': no usable link (cache)
[2874/7773] 'EGMN312 - Virginia Commonwealth University': no usable link (cache)
[2875/7773] 'EGRE101 - Virginia Commonwealth University': no usable link (cache)
[2876/7773] 'EGRE303 - Virginia Commonwealth University': no usable link (cache)
[2877/7773] 'EGRE310 - Virginia Commonwealth University': no usable link (cache)
[2878/7773] 'EGRE335 - Virginia Commonwealth University': no usable link (cache)
[2879/7773] 'EGRE364 - Virginia Commonwealth University': no usable link (cache)
[2880/7773] 'AAEC1005 - Virginia Tech': no usable link (cache)
[2881/7773] 'CEE2814 - Virginia Tech': no usable link (cache)
[2882/7773] 'CEE3804 - Virginia Tech': no usable link (cache)
[2883/7773] 'CHE2164 - Virginia Tech': no usable link (cache)
[2884/7773] 'CHE3114 - Virginia Tech': no usable link (cache)
[2885/7773] 'CHEM1016 - Virginia Tech': no usable link (cache)
[2886/7773] 'CHEM1035 - Virginia Tech': no usable link (cache)
[2887/7773] 'CHEM1036 - Virginia Tech': no usable link (cache)
[2888/7773] 'CHEM1055 - Virginia Tech': no usable link (cache)
[2889/7773] 'CHEM1056 - Virginia Tech': no usable link (cache)
[2890/7773] 'CHEM2535 - Virginia Tech': no usable link (cache)
[2891/7773] 'CHEM3615 - Virginia Tech': no usable link (cache)
[2892/7773] 'CHEM3625 - Virginia Tech': no usable link (cache)
[2893/7773] 'ECE2024 - Virginia Tech': no usable link (cache)
[2894/7773] 'ECE2054 - Virginia Tech': no usable link (cache)
[2895/7773] 'ECE2544 - Virginia Tech': no usable link (cache)
[2896/7773] 'ECE2804 - Virginia Tech': no usable link (cache)
[2897/7773] 'ECON2005 - Virginia Tech': no usable link (cache)
[2898/7773] 'EDTE1004 - Virginia Tech': no usable link (cache)
[2899/7773] 'ENGE1216 - Virginia Tech': no usable link (cache)
[2900/7773] 'ECN150 - Wake Forest University': no usable link (cache)
[2901/7773] 'ECN205 - Wake Forest University': no usable link (cache)
[2902/7773] 'ECN209 - Wake Forest University': no usable link (cache)
[2903/7773] 'CE211 - Washington State University': no usable link (cache)
[2904/7773] 'CE302 - Washington State University': no usable link (cache)
[2905/7773] 'CHE541 - Washington State University': no usable link (cache)
[2906/7773] 'CPT121 - Washington State University': no usable link (cache)
[2907/7773] 'CPT122 - Washington State University': no usable link (cache)
[2908/7773] 'CPTS355 - Washington State University': no usable link (cache)
[2909/7773] 'CPTS516 - Washington State University': no usable link (cache)
[2910/7773] 'CPTS581 - Washington State University': no usable link (cache)
[2911/7773] 'ECONS101 - Washington State University': no usable link (cache)
[2912/7773] 'BME301B - Washington University in St. Louis': no usable link (cache)
[2913/7773] 'BME320 - Washington University in St. Louis': no usable link (cache)
[2914/7773] 'BME401 - Washington University in St. Louis': no usable link (cache)
[2915/7773] 'BME570 - Washington University in St. Louis': no usable link (cache)
[2916/7773] 'CHEM111A - Washington University in St. Louis': no usable link (cache)
[2917/7773] 'CHEM1701 - Washington University in St. Louis': no usable link (cache)
[2918/7773] 'ECON1021 - Washington University in St. Louis': no usable link (cache)
[2919/7773] 'ECON4011 - Washington University in St. Louis': no usable link (cache)
[2920/7773] 'ECON413W - Washington University in St. Louis': no usable link (cache)
[2921/7773] 'EECE101 - Washington University in St. Louis': no usable link (cache)
[2922/7773] 'EECE205 - Washington University in St. Louis': no usable link (cache)
[2923/7773] 'BA2300 - Wayne State University': no usable link (cache)
[2924/7773] 'BA3400 - Wayne State University': no usable link (cache)
[2925/7773] 'BE1010 - Wayne State University': no usable link (cache)
[2926/7773] 'BE1200 - Wayne State University': no usable link (cache)
[2927/7773] 'CALC2020 - Wayne State University': no usable link (cache)
[2928/7773] 'CHM1040 - Wayne State University': no usable link (cache)
[2929/7773] 'CHM1060 - Wayne State University': no usable link (cache)
[2930/7773] 'CHM1140 - Wayne State University': no usable link (cache)
[2931/7773] 'CHM1150 - Wayne State University': no usable link (cache)
[2932/7773] 'CHM1230 - Wayne State University': no usable link (cache)
[2933/7773] 'CHM1240 - Wayne State University': no usable link (cache)
[2934/7773] 'CHM1250 - Wayne State University': no usable link (cache)
[2935/7773] 'CHM1420 - Wayne State University': no usable link (cache)
[2936/7773] 'CHM2220 - Wayne State University': no usable link (cache)
[2937/7773] 'CHM2230 - Wayne State University': no usable link (cache)
[2938/7773] 'CSC1000 - Wayne State University': no usable link (cache)
[2939/7773] 'CSC6500 - Wayne State University': no usable link (cache)
[2940/7773] 'EET3720 - Wayne State University': no usable link (cache)
[2941/7773] 'ASTR107 - Wellesley College': no usable link (cache)
[2942/7773] 'CHEM383 - Wesleyan University': no usable link (cache)
[2943/7773] 'CPE520 - West Virginia University': no usable link (cache)
[2944/7773] 'CPE620 - West Virginia University': no usable link (cache)
[2945/7773] 'EE223 - West Virginia University': no usable link (cache)
[2946/7773] 'EE251 - West Virginia University': no usable link (cache)
[2947/7773] 'AE4700 - Western Michigan University': no usable link (cache)
[2948/7773] 'BIOS105 - Western Michigan University': no usable link (cache)
[2949/7773] 'BIOS150 - Western Michigan University': no usable link (cache)
[2950/7773] 'BIOS1500 - Western Michigan University': no usable link (cache)
[2951/7773] 'BIOS1600 - Western Michigan University': no usable link (cache)
[2952/7773] 'BIOS1610 - Western Michigan University': no usable link (cache)
[2953/7773] 'BIOS1620 - Western Michigan University': no usable link (cache)
[2954/7773] 'BIOS5470 - Western Michigan University': no usable link (cache)
[2955/7773] 'BIOS5970 - Western Michigan University': no usable link (cache)
[2956/7773] 'CCE3080 - Western Michigan University': no usable link (cache)
[2957/7773] 'CCE3360 - Western Michigan University': no usable link (cache)
[2958/7773] 'CCE4561 - Western Michigan University': no usable link (cache)
[2959/7773] 'CHEG3110 - Western Michigan University': no usable link (cache)
[2960/7773] 'CIS2700 - Western Michigan University': no usable link (cache)
[2961/7773] 'CIS2900 - Western Michigan University': no usable link (cache)
[2962/7773] 'CIS4640 - Western Michigan University': no usable link (cache)
[2963/7773] 'ECE2510 - Western Michigan University': no usable link (cache)
[2964/7773] 'ECE3100 - Western Michigan University': no usable link (cache)
[2965/7773] 'ECE3610 - Western Michigan University': no usable link (cache)
[2966/7773] 'ECE455 - Western Michigan University': no usable link (cache)
[2967/7773] 'CHEM355 - Western Washington University': no usable link (cache)
[2968/7773] 'CISS471 - Western Washington University': no usable link (cache)
[2969/7773] 'CSCI367 - Western Washington University': no usable link (cache)
[2970/7773] 'DSGN220 - Western Washington University': no usable link (cache)
[2971/7773] 'EECE210 - Western Washington University': no usable link (cache)
[2972/7773] 'AE223 - Wichita State University': no usable link (cache)
[2973/7773] 'AE227 - Wichita State University': no usable link (cache)
[2974/7773] 'AE333 - Wichita State University': no usable link (cache)
[2975/7773] 'AE373 - Wichita State University': no usable link (cache)
[2976/7773] 'AE415 - Wichita State University': no usable link (cache)
[2977/7773] 'AE424 - Wichita State University': no usable link (cache)
[2978/7773] 'AE502 - Wichita State University': no usable link (cache)
[2979/7773] 'AE512 - Wichita State University': no usable link (cache)
[2980/7773] 'AE525 - Wichita State University': no usable link (cache)
[2981/7773] 'AE625 - Wichita State University': no usable link (cache)
[2982/7773] 'BADM100 - Wichita State University': no usable link (cache)
[2983/7773] 'CHEM661 - Wichita State University': no usable link (cache)
[2984/7773] 'ECE282 - Wichita State University': no usable link (cache)
[2985/7773] 'ECE492 - Wichita State University': no usable link (cache)
[2986/7773] 'AE2110 - Worcester Polytechnic Institute': no usable link (cache)
[2987/7773] 'AR2101 - Worcester Polytechnic Institute': no usable link (cache)
[2988/7773] 'BME2511 - Worcester Polytechnic Institute': no usable link (cache)
[2989/7773] 'CALC1021 - Worcester Polytechnic Institute': no usable link (cache)
[2990/7773] 'CE2001 - Worcester Polytechnic Institute': no usable link (cache)
[2991/7773] 'CE3008 - Worcester Polytechnic Institute': no usable link (cache)
[2992/7773] 'CE3010 - Worcester Polytechnic Institute': no usable link (cache)
[2993/7773] 'CE3026 - Worcester Polytechnic Institute': no usable link (cache)
[2994/7773] 'CE3086 - Worcester Polytechnic Institute': no usable link (cache)
[2995/7773] 'CH1010LAB - Worcester Polytechnic Institute': no usable link (cache)
[2996/7773] 'CH1030 - Worcester Polytechnic Institute': no usable link (cache)
[2997/7773] 'CH3410 - Worcester Polytechnic Institute': no usable link (cache)
[2998/7773] 'CH3510 - Worcester Polytechnic Institute': no usable link (cache)
[2999/7773] 'CH4110 - Worcester Polytechnic Institute': no usable link (cache)
[3000/7773] 'CS4445 - Worcester Polytechnic Institute': no usable link (cache)
[3001/7773] 'DIFEQ2051 - Worcester Polytechnic Institute': no usable link (cache)
[3002/7773] 'ECE2011 - Worcester Polytechnic Institute': no usable link (cache)
[3003/7773] 'ECE2029 - Worcester Polytechnic Institute': no usable link (cache)
[3004/7773] 'ECE2799 - Worcester Polytechnic Institute': no usable link (cache)
[3005/7773] 'ECE5511 - Worcester Polytechnic Institute': no usable link (cache)
[3006/7773] 'EE2201 - Worcester Polytechnic Institute': no usable link (cache)
[3007/7773] 'BME1110 - Wright State University': no usable link (cache)
[3008/7773] 'CEG260 - Wright State University': no usable link (cache)
[3009/7773] 'CEG3110 - Wright State University': no usable link (cache)
[3010/7773] 'CEG320 - Wright State University': no usable link (cache)
[3011/7773] 'CEG3400 - Wright State University': no usable link (cache)
[3012/7773] 'CEG4120 - Wright State University': no usable link (cache)
[3013/7773] 'CEG4420 - Wright State University': no usable link (cache)
[3014/7773] 'CEG4422 - Wright State University': no usable link (cache)
[3015/7773] 'CEG4424 - Wright State University': no usable link (cache)
[3016/7773] 'CEG4430 - Wright State University': no usable link (cache)
[3017/7773] 'CEG4750 - Wright State University': no usable link (cache)
[3018/7773] 'CHEM2110L - Wright State University': no usable link (cache)
[3019/7773] 'CHEM2120 - Wright State University': no usable link (cache)
[3020/7773] 'CHM2110 - Wright State University': no usable link (cache)
[3021/7773] 'CHM2450 - Wright State University': no usable link (cache)
[3022/7773] 'CHM246 - Wright State University': no usable link (cache)
[3023/7773] 'CS1160 - Wright State University': no usable link (cache)
[3024/7773] 'CST241 - Wright State University': no usable link (cache)
[3025/7773] 'EC1050 - Wright State University': no usable link (cache)
[3026/7773] 'EC200 - Wright State University': no usable link (cache)
[3027/7773] 'EC2000 - Wright State University': no usable link (cache)
[3028/7773] 'EC2040 - Wright State University': no usable link (cache)
[3029/7773] 'EC2050 - Wright State University': no usable link (cache)
[3030/7773] 'EC2900 - Wright State University': no usable link (cache)
[3031/7773] 'EC3010 - Wright State University': no usable link (cache)
[3032/7773] 'EC4400 - Wright State University': no usable link (cache)
[3033/7773] 'EE4120 - Wright State University': no usable link (cache)
[3034/7773] 'EE6440 - Wright State University': no usable link (cache)
[3035/7773] 'EE741 - Wright State University': no usable link (cache)
[3036/7773] 'EGR1010 - Wright State University': no usable link (cache)
[3037/7773] 'CALC150 - Xavier University': no usable link (cache)
[3038/7773] 'CHEM116L - Yale University': no usable link (cache)
[3039/7773] 'ECON558 - Yale University': no usable link (cache)
[3040/7773] 'CHM17 - York College': no usable link (cache)
[3041/7773] 'EDU230 - York College': no usable link (cache)
[3042/7773] 'ALG1510 - Youngstown State University': no usable link (cache)
[3043/7773] 'ASTRO1504 - Youngstown State University': no usable link (cache)
[3044/7773] 'ASTRO1504L - Youngstown State University': no usable link (cache)
[3045/7773] 'CHEM1506 - Youngstown State University': no usable link (cache)
[3046/7773] 'CHEM3785 - Youngstown State University': no usable link (cache)
[3047/7773] 'CSIS1590 - Youngstown State University': no usable link (cache)
[3048/7773] 'CSIS3726 - Youngstown State University': no usable link (cache)
[3049/7773] 'ECEN2614 - Youngstown State University': no usable link (cache)
[3050/7773] 'ECO2610 - Youngstown State University': no usable link (cache)
[3051/7773] 'ECON2601 - Youngstown State University': no usable link (cache)
[3052/7773] 'ECON3712 - Youngstown State University': no usable link (cache)
[3053/7773] 'EET1501 - Youngstown State University': no usable link (cache)
[3054/7773] 'SISU300 - American University': no usable link (live)
[3055/7773] 'STAT360 - Amherst College' (live): SAVED top 2 -> https://www.amherst.edu/academiclife/departments/courses/2526F/STAT/STAT-360-2526F + https://www.amherst.edu/academiclife/departments/courses/1819F/STAT/STAT-360-1819F
[3056/7773] 'EEE598 - Arizona State University': no usable link (live)
[3057/7773] 'IEE380 - Arizona State University' (live): SAVED top 2 -> https://asuonline-dev.asu.edu/ce/PDFs/IEE380-F19.pdf + https://github.com/asu-cse-source-code/iee-380
[3058/7773] 'MAT117 - Arizona State University': no usable link (live)
[3059/7773] 'MAT119 - Arizona State University' (live): SAVED top 1 -> https://math.asu.edu/mat119
[3060/7773] 'MAT142 - Arizona State University': no usable link (live)
