47656 all courses [chemistry:1543, cs:3426, ece:371, economics:1236, engineering:2613, math:2614, other:34411, physics:963, stats:479]; gold: 242 adopted, 445 no-slides (0 dropped); 6281 labelled; 12949 cached + 27981 live to do
[1/40930] 'ACCT607 - American University': no usable link (cache)
[2/40930] 'APDS100 - American University': no usable link (cache)
[3/40930] 'APDS200 - American University': no usable link (cache)
[4/40930] 'ARTS245 - American University': no usable link (cache)
[5/40930] 'ATEC101 - American University': no usable link (cache)
[6/40930] 'ATEC210 - American University': no usable link (cache)
[7/40930] 'ATEC225 - American University': no usable link (cache)
[8/40930] 'AWST115 - American University': no usable link (cache)
[9/40930] 'AWST350 - American University': no usable link (cache)
[10/40930] 'AWST440 - American University': no usable link (cache)
[11/40930] 'CHIN220 - American University': no usable link (cache)
[12/40930] 'CHIN312 - American University': no usable link (cache)
[13/40930] 'CORE106 - American University': no usable link (cache)
[14/40930] 'CORE107 - American University': no usable link (cache)
[15/40930] 'CORE201 - American University': no usable link (cache)
[16/40930] 'ELTA100 - American University': no usable link (cache)
[17/40930] 'FREN123 - American University': no usable link (cache)
[18/40930] 'FREN433 - American University': no usable link (cache)
[19/40930] 'FREN496 - American University': no usable link (cache)
[20/40930] 'GDES200 - American University': no usable link (cache)
[21/40930] 'GDES315 - American University': no usable link (cache)
[22/40930] 'GDES360 - American University': no usable link (cache)
[23/40930] 'GDES400 - American University': no usable link (cache)
[24/40930] 'GDES405 - American University': no usable link (cache)
[25/40930] 'GDES420 - American University': no usable link (cache)
[26/40930] 'GER332 - American University': no usable link (cache)
[27/40930] 'GERM232 - American University': no usable link (cache)
[28/40930] 'GERM332 - American University': no usable link (cache)
[29/40930] 'GERM340 - American University': no usable link (cache)
[30/40930] 'GNED150 - American University': no usable link (cache)
[31/40930] 'GOV235 - American University': no usable link (cache)
[32/40930] 'GOV455 - American University': no usable link (cache)
[33/40930] 'GOV615 - American University': no usable link (cache)
[34/40930] 'GOVT105 - American University': no usable link (cache)
[35/40930] 'GOVT110 - American University': no usable link (cache)
[36/40930] 'GOVT211 - American University': no usable link (cache)
[37/40930] 'GOVT235 - American University': no usable link (cache)
[38/40930] 'GOVT322 - American University': no usable link (cache)
[39/40930] 'GOVT415 - American University': no usable link (cache)
[40/40930] 'GOVT435 - American University': no usable link (cache)
[41/40930] 'GOVT444 - American University': no usable link (cache)
[42/40930] 'GOVT455 - American University': no usable link (cache)
[43/40930] 'GOVT596 - American University': no usable link (cache)
[44/40930] 'GOVT653 - American University': no usable link (cache)
[45/40930] 'GOVT734 - American University': no usable link (cache)
[46/40930] 'HLTH240 - American University': no usable link (cache)
[47/40930] 'HNRS151 - American University': no usable link (cache)
[48/40930] 'IBUS200 - American University': no usable link (cache)
[49/40930] 'IBUS300 - American University': no usable link (cache)
[50/40930] 'IBUS408 - American University': no usable link (cache)
[51/40930] 'ICSI275 - American University': no usable link (cache)
[52/40930] 'ITEC200 - American University': no usable link (cache)
[53/40930] 'ITEC355 - American University': no usable link (cache)
[54/40930] 'JLC100 - American University': no usable link (cache)
[55/40930] 'JLC101 - American University': no usable link (cache)
[56/40930] 'JLC103 - American University': no usable link (cache)
[57/40930] 'JLC104 - American University': no usable link (cache)
[58/40930] 'JLC110 - American University': no usable link (cache)
[59/40930] 'JLC210 - American University': no usable link (cache)
[60/40930] 'JLC225 - American University': no usable link (cache)
[61/40930] 'JLC281 - American University': no usable link (cache)
[62/40930] 'JLC302 - American University': no usable link (cache)
[63/40930] 'JLC309 - American University': no usable link (cache)
[64/40930] 'JLC413 - American University': no usable link (cache)
[65/40930] 'JLC420 - American University': no usable link (cache)
[66/40930] 'JLC436 - American University': no usable link (cache)
[67/40930] 'JLC458 - American University': no usable link (cache)
[68/40930] 'JLC482 - American University': no usable link (cache)
[69/40930] 'JLC496 - American University': no usable link (cache)
[70/40930] 'JLS101 - American University': no usable link (cache)
[71/40930] 'JLS110 - American University': no usable link (cache)
[72/40930] 'JLS253 - American University': no usable link (cache)
[73/40930] 'JLS307H - American University': no usable link (cache)
[74/40930] 'KSB112 - American University': no usable link (cache)
[75/40930] 'KSB113 - American University': no usable link (cache)
[76/40930] 'KSB121 - American University': no usable link (cache)
[77/40930] 'KSB620 - American University': no usable link (cache)
[78/40930] 'LIT107 - American University': no usable link (cache)
[79/40930] 'LIT120 - American University': no usable link (cache)
[80/40930] 'LIT130 - American University': no usable link (cache)
[81/40930] 'LIT130H - American University': no usable link (cache)
[82/40930] 'LIT135 - American University': no usable link (cache)
[83/40930] 'LIT135G - American University': no usable link (cache)
[84/40930] 'LIT146 - American University': no usable link (cache)
[85/40930] 'LIT235 - American University': no usable link (cache)
[86/40930] 'LIT245 - American University': no usable link (cache)
[87/40930] 'LIT247 - American University': no usable link (cache)
[88/40930] 'LIT267 - American University': no usable link (cache)
[89/40930] 'LIT281 - American University': no usable link (cache)
[90/40930] 'LIT367 - American University': no usable link (cache)
[91/40930] 'PERF231 - American University': no usable link (cache)
[92/40930] 'PERS103 - American University': no usable link (cache)
[93/40930] 'PHIL105G - American University': no usable link (cache)
[94/40930] 'PSYCH115 - American University': no usable link (cache)
[95/40930] 'PUAD612 - American University': no usable link (cache)
[96/40930] 'PUAD684 - American University': no usable link (cache)
[97/40930] 'RELG145 - American University': no usable link (cache)
[98/40930] 'RELG185 - American University': no usable link (cache)
[99/40930] 'RELG240 - American University': no usable link (cache)
[100/40930] 'RELG470 - American University': no usable link (cache)
[101/40930] 'SIS106 - American University': no usable link (cache)
[102/40930] 'SIS140 - American University': no usable link (cache)
[103/40930] 'SIS210 - American University': no usable link (cache)
[104/40930] 'SIS215 - American University': no usable link (cache)
[105/40930] 'SIS230 - American University': no usable link (cache)
[106/40930] 'SIS240 - American University': no usable link (cache)
[107/40930] 'SIS255 - American University': no usable link (cache)
[108/40930] 'SIS280 - American University': no usable link (cache)
[109/40930] 'SIS308 - American University': no usable link (cache)
[110/40930] 'SIS330 - American University': no usable link (cache)
[111/40930] 'SIS419 - American University': no usable link (cache)
[112/40930] 'SIS731 - American University': no usable link (cache)
[113/40930] 'SISU106 - American University': no usable link (cache)
[114/40930] 'SISU140 - American University': no usable link (cache)
[115/40930] 'SISU215 - American University': no usable link (cache)
[116/40930] 'SISU230 - American University': no usable link (cache)
[117/40930] 'SISU280 - American University': no usable link (cache)
[118/40930] 'SISU306 - American University': no usable link (cache)
[119/40930] 'SISU330 - American University': no usable link (cache)
[120/40930] 'SISU349 - American University': no usable link (cache)
[121/40930] 'SISU419 - American University': no usable link (cache)
[122/40930] 'SPA220 - American University': no usable link (cache)
[123/40930] 'THTR203 - American University': no usable link (cache)
[124/40930] 'WRTG100 - American University': no usable link (cache)
[125/40930] 'WSSG150 - American University': no usable link (cache)
[126/40930] 'ASLC175 - Amherst College': no usable link (cache)
[127/40930] 'ASLC533 - Amherst College': no usable link (cache)
[128/40930] 'ENG34 - Amherst College': no usable link (cache)
[129/40930] 'FYS123 - Amherst College': no usable link (cache)
[130/40930] 'FYSE110 - Amherst College': no usable link (cache)
[131/40930] 'LJST10 - Amherst College': no usable link (cache)
[132/40930] 'LJST18 - Amherst College': no usable link (cache)
[133/40930] 'LJST217 - Amherst College': no usable link (cache)
[134/40930] 'LJST23 - Amherst College': no usable link (cache)
[135/40930] 'LJST36 - Amherst College': no usable link (cache)
[136/40930] 'NEURO214 - Amherst College': no usable link (cache)
[137/40930] 'RELA355 - Amherst College': no usable link (cache)
[138/40930] 'ACC2110 - Appalachian State University': no usable link (cache)
[139/40930] 'LAW2150 - Appalachian State University': no usable link (cache)
[140/40930] 'ABS302 - Arizona State University': no usable link (cache)
[141/40930] 'ABS357 - Arizona State University': no usable link (cache)
[142/40930] 'ABS372 - Arizona State University': no usable link (cache)
[143/40930] 'ACC231 - Arizona State University': no usable link (cache)
[144/40930] 'ACC232 - Arizona State University': no usable link (cache)
[145/40930] 'ACC241 - Arizona State University': no usable link (cache)
[146/40930] 'ACC261 - Arizona State University': no usable link (cache)
[147/40930] 'ACC320 - Arizona State University': no usable link (cache)
[148/40930] 'ACC326 - Arizona State University': no usable link (cache)
[149/40930] 'ACC327 - Arizona State University': no usable link (cache)
[150/40930] 'ACC340 - Arizona State University': no usable link (cache)
[151/40930] 'ACC354 - Arizona State University': no usable link (cache)
[152/40930] 'ACC382 - Arizona State University': no usable link (cache)
[153/40930] 'ACC502 - Arizona State University': no usable link (cache)
[154/40930] 'ACC503 - Arizona State University': no usable link (cache)
[155/40930] 'ACT415 - Arizona State University': no usable link (cache)
[156/40930] 'AFR317 - Arizona State University': no usable link (cache)
[157/40930] 'AFR375 - Arizona State University': no usable link (cache)
[158/40930] 'ALA121 - Arizona State University': no usable link (cache)
[159/40930] 'APH100 - Arizona State University': no usable link (cache)
[160/40930] 'APH405 - Arizona State University': no usable link (cache)
[161/40930] 'APH414 - Arizona State University': no usable link (cache)
[162/40930] 'APH494 - Arizona State University': no usable link (cache)
[163/40930] 'APM581 - Arizona State University': no usable link (cache)
[164/40930] 'ARB102 - Arizona State University': no usable link (cache)
[165/40930] 'ARB201 - Arizona State University': no usable link (cache)
[166/40930] 'ARC101 - Arizona State University': no usable link (cache)
[167/40930] 'ARC111 - Arizona State University': no usable link (cache)
[168/40930] 'ARS201 - Arizona State University': no usable link (cache)
[169/40930] 'ART294 - Arizona State University': no usable link (cache)
[170/40930] 'ART346 - Arizona State University': no usable link (cache)
[171/40930] 'ART348 - Arizona State University': no usable link (cache)
[172/40930] 'ART462 - Arizona State University': no usable link (cache)
[173/40930] 'ASB100 - Arizona State University': no usable link (cache)
[174/40930] 'ASB202 - Arizona State University': no usable link (cache)
[175/40930] 'ASB222 - Arizona State University': no usable link (cache)
[176/40930] 'ASB275 - Arizona State University': no usable link (cache)
[177/40930] 'ASB337 - Arizona State University': no usable link (cache)
[178/40930] 'ASB350 - Arizona State University': no usable link (cache)
[179/40930] 'ASB357 - Arizona State University': no usable link (cache)
[180/40930] 'ASB362 - Arizona State University': no usable link (cache)
[181/40930] 'ASB462 - Arizona State University': no usable link (cache)
[182/40930] 'ASM104 - Arizona State University': no usable link (cache)
[183/40930] 'ASM294 - Arizona State University': no usable link (cache)
[184/40930] 'BIO182 - Arizona State University': no usable link (cache)
[185/40930] 'BIO202 - Arizona State University': no usable link (cache)
[186/40930] 'BIO345 - Arizona State University': no usable link (cache)
[187/40930] 'BIO353 - Arizona State University': no usable link (cache)
[188/40930] 'BIO357 - Arizona State University': no usable link (cache)
[189/40930] 'BIS301 - Arizona State University': no usable link (cache)
[190/40930] 'BIS302 - Arizona State University': no usable link (cache)
[191/40930] 'BME350 - Arizona State University': no usable link (cache)
[192/40930] 'BME394 - Arizona State University': no usable link (cache)
[193/40930] 'C105 - Arizona State University': no usable link (cache)
[194/40930] 'CAP220 - Arizona State University': no usable link (cache)
[195/40930] 'CAP310 - Arizona State University': no usable link (cache)
[196/40930] 'CDE232 - Arizona State University': no usable link (cache)
[197/40930] 'CDE430 - Arizona State University': no usable link (cache)
[198/40930] 'CEE212 - Arizona State University': no usable link (cache)
[199/40930] 'CEL100 - Arizona State University': no usable link (cache)
[200/40930] 'CEL200 - Arizona State University': no usable link (cache)
[201/40930] 'CHE334 - Arizona State University': no usable link (cache)
[202/40930] 'CHE384 - Arizona State University': no usable link (cache)
[203/40930] 'CHEM101 - Arizona State University': no usable link (cache)
[204/40930] 'CHEM113 - Arizona State University': no usable link (cache)
[205/40930] 'CHM1113 - Arizona State University': no usable link (cache)
[206/40930] 'CHM116 - Arizona State University': no usable link (cache)
[207/40930] 'CHM231 - Arizona State University': no usable link (cache)
[208/40930] 'CHM233 - Arizona State University': no usable link (cache)
[209/40930] 'CHM234 - Arizona State University': no usable link (cache)
[210/40930] 'CHM341 - Arizona State University': no usable link (cache)
[211/40930] 'CHM433 - Arizona State University': no usable link (cache)
[212/40930] 'CHS340 - Arizona State University': no usable link (cache)
[213/40930] 'CIS236 - Arizona State University': no usable link (cache)
[214/40930] 'CIS340 - Arizona State University': no usable link (cache)
[215/40930] 'CIS425 - Arizona State University': no usable link (cache)
[216/40930] 'CIS446 - Arizona State University': no usable link (cache)
[217/40930] 'COM207 - Arizona State University': no usable link (cache)
[218/40930] 'COM230 - Arizona State University': no usable link (cache)
[219/40930] 'COM250 - Arizona State University': no usable link (cache)
[220/40930] 'COM259 - Arizona State University': no usable link (cache)
[221/40930] 'COM308 - Arizona State University': no usable link (cache)
[222/40930] 'COM310 - Arizona State University': no usable link (cache)
[223/40930] 'COM400 - Arizona State University': no usable link (cache)
[224/40930] 'COM450 - Arizona State University': no usable link (cache)
[225/40930] 'COM494 - Arizona State University': no usable link (cache)
[226/40930] 'CON221 - Arizona State University': no usable link (cache)
[227/40930] 'CON244 - Arizona State University': no usable link (cache)
[228/40930] 'CON251 - Arizona State University': no usable link (cache)
[229/40930] 'CON271 - Arizona State University': no usable link (cache)
[230/40930] 'CON310 - Arizona State University': no usable link (cache)
[231/40930] 'CPI421 - Arizona State University': no usable link (cache)
[232/40930] 'CRD301 - Arizona State University': no usable link (cache)
[233/40930] 'CRJ240 - Arizona State University': no usable link (cache)
[234/40930] 'CRJ308 - Arizona State University': no usable link (cache)
[235/40930] 'CRJ309 - Arizona State University': no usable link (cache)
[236/40930] 'CRJ511 - Arizona State University': no usable link (cache)
[237/40930] 'CRJ5XX - Arizona State University': no usable link (cache)
[238/40930] 'CSE230 - Arizona State University': no usable link (cache)
[239/40930] 'CSE412 - Arizona State University': no usable link (cache)
[240/40930] 'CSE579 - Arizona State University': no usable link (cache)
[241/40930] 'DAT300 - Arizona State University': no usable link (cache)
[242/40930] 'ECE203 - Arizona State University': no usable link (cache)
[243/40930] 'ECN221 - Arizona State University': no usable link (cache)
[244/40930] 'ECN312 - Arizona State University': no usable link (cache)
[245/40930] 'ECN441 - Arizona State University': no usable link (cache)
[246/40930] 'ECON211 - Arizona State University': no usable link (cache)
[247/40930] 'EEE304 - Arizona State University': no usable link (cache)
[248/40930] 'EEE423 - Arizona State University': no usable link (cache)
[249/40930] 'EEE425 - Arizona State University': no usable link (cache)
[250/40930] 'EEE436 - Arizona State University': no usable link (cache)
[251/40930] 'EGR101 - Arizona State University': no usable link (cache)
[252/40930] 'EGR102 - Arizona State University': no usable link (cache)
[253/40930] 'ENG200 - Arizona State University': no usable link (cache)
[254/40930] 'ENG305 - Arizona State University': no usable link (cache)
[255/40930] 'ENG317 - Arizona State University': no usable link (cache)
[256/40930] 'ENG359 - Arizona State University': no usable link (cache)
[257/40930] 'EVE261 - Arizona State University': no usable link (cache)
[258/40930] 'FAS330 - Arizona State University': no usable link (cache)
[259/40930] 'FAS331 - Arizona State University': no usable link (cache)
[260/40930] 'FAS370 - Arizona State University': no usable link (cache)
[261/40930] 'FAS431 - Arizona State University': no usable link (cache)
[262/40930] 'FAS598 - Arizona State University': no usable link (cache)
[263/40930] 'FIN300 - Arizona State University': no usable link (cache)
[264/40930] 'FIN302 - Arizona State University': no usable link (cache)
[265/40930] 'FIN361 - Arizona State University': no usable link (cache)
[266/40930] 'FIN385 - Arizona State University': no usable link (cache)
[267/40930] 'FIN791 - Arizona State University': no usable link (cache)
[268/40930] 'FMP261 - Arizona State University': no usable link (cache)
[269/40930] 'FMP403 - Arizona State University': no usable link (cache)
[270/40930] 'FMP405 - Arizona State University': no usable link (cache)
[271/40930] 'FOR286 - Arizona State University': no usable link (cache)
[272/40930] 'FRE101 - Arizona State University': no usable link (cache)
[273/40930] 'FRE102 - Arizona State University': no usable link (cache)
[274/40930] 'FRE201 - Arizona State University': no usable link (cache)
[275/40930] 'FSE100 - Arizona State University': no usable link (cache)
[276/40930] 'FSH325 - Arizona State University': no usable link (cache)
[277/40930] 'GIT135 - Arizona State University': no usable link (cache)
[278/40930] 'GIT237 - Arizona State University': no usable link (cache)
[279/40930] 'GIT413 - Arizona State University': no usable link (cache)
[280/40930] 'GLG101 - Arizona State University': no usable link (cache)
[281/40930] 'GRA294 - Arizona State University': no usable link (cache)
[282/40930] 'GRK223 - Arizona State University': no usable link (cache)
[283/40930] 'HCD400 - Arizona State University': no usable link (cache)
[284/40930] 'HCR241 - Arizona State University': no usable link (cache)
[285/40930] 'HIST110 - Arizona State University': no usable link (cache)
[286/40930] 'HON272 - Arizona State University': no usable link (cache)
[287/40930] 'HON394 - Arizona State University': no usable link (cache)
[288/40930] 'HON494 - Arizona State University': no usable link (cache)
[289/40930] 'HSC300 - Arizona State University': no usable link (cache)
[290/40930] 'HSC320 - Arizona State University': no usable link (cache)
[291/40930] 'HSC435 - Arizona State University': no usable link (cache)
[292/40930] 'HST204 - Arizona State University': no usable link (cache)
[293/40930] 'HST272 - Arizona State University': no usable link (cache)
[294/40930] 'HST303 - Arizona State University': no usable link (cache)
[295/40930] 'HST306 - Arizona State University': no usable link (cache)
[296/40930] 'HST318 - Arizona State University': no usable link (cache)
[297/40930] 'HST319 - Arizona State University': no usable link (cache)
[298/40930] 'HST330 - Arizona State University': no usable link (cache)
[299/40930] 'HST332 - Arizona State University': no usable link (cache)
[300/40930] 'HST337 - Arizona State University': no usable link (cache)
[301/40930] 'HST340 - Arizona State University': no usable link (cache)
[302/40930] 'HST426 - Arizona State University': no usable link (cache)
[303/40930] 'HST443 - Arizona State University': no usable link (cache)
[304/40930] 'HST456 - Arizona State University': no usable link (cache)
[305/40930] 'HST494 - Arizona State University': no usable link (cache)
[306/40930] 'IAL598 - Arizona State University': no usable link (cache)
[307/40930] 'IEE100 - Arizona State University': no usable link (cache)
[308/40930] 'IEE300 - Arizona State University': no usable link (cache)
[309/40930] 'IEE385 - Arizona State University': no usable link (cache)
[310/40930] 'IEE461 - Arizona State University': no usable link (cache)
[311/40930] 'IFT101 - Arizona State University': no usable link (cache)
[312/40930] 'IFT103 - Arizona State University': no usable link (cache)
[313/40930] 'IFT210 - Arizona State University': no usable link (cache)
[314/40930] 'IFT220 - Arizona State University': no usable link (cache)
[315/40930] 'IFT300 - Arizona State University': no usable link (cache)
[316/40930] 'JUS105 - Arizona State University': no usable link (cache)
[317/40930] 'JUS207 - Arizona State University': no usable link (cache)
[318/40930] 'JUS305 - Arizona State University': no usable link (cache)
[319/40930] 'JUS320 - Arizona State University': no usable link (cache)
[320/40930] 'JUS321 - Arizona State University': no usable link (cache)
[321/40930] 'JUS350 - Arizona State University': no usable link (cache)
[322/40930] 'JUS435 - Arizona State University': no usable link (cache)
[323/40930] 'LAW609 - Arizona State University': no usable link (cache)
[324/40930] 'LIA194 - Arizona State University': no usable link (cache)
[325/40930] 'MAE213 - Arizona State University': no usable link (cache)
[326/40930] 'MAE241 - Arizona State University': no usable link (cache)
[327/40930] 'MAT251 - Arizona State University': no usable link (cache)
[328/40930] 'MAT300 - Arizona State University': no usable link (cache)
[329/40930] 'MAT342 - Arizona State University': no usable link (cache)
[330/40930] 'MAT371 - Arizona State University': no usable link (cache)
[331/40930] 'MAT394 - Arizona State University': no usable link (cache)
[332/40930] 'MAT410 - Arizona State University': no usable link (cache)
[333/40930] 'MAT443 - Arizona State University': no usable link (cache)
[334/40930] 'MATH117 - Arizona State University': no usable link (cache)
[335/40930] 'MCO433 - Arizona State University': no usable link (cache)
[336/40930] 'MCO434 - Arizona State University': no usable link (cache)
[337/40930] 'MCO450 - Arizona State University': no usable link (cache)
[338/40930] 'MED320 - Arizona State University': no usable link (cache)
[339/40930] 'MG380 - Arizona State University': no usable link (cache)
[340/40930] 'MGMT300 - Arizona State University': no usable link (cache)
[341/40930] 'MGT300 - Arizona State University': no usable link (cache)
[342/40930] 'MGT380 - Arizona State University': no usable link (cache)
[343/40930] 'MGT400 - Arizona State University': no usable link (cache)
[344/40930] 'MGT411 - Arizona State University': no usable link (cache)
[345/40930] 'MGT420 - Arizona State University': no usable link (cache)
[346/40930] 'MGT421 - Arizona State University': no usable link (cache)
[347/40930] 'MIC205 - Arizona State University': no usable link (cache)
[348/40930] 'MIC206 - Arizona State University': no usable link (cache)
[349/40930] 'MIC220 - Arizona State University': no usable link (cache)
[350/40930] 'MKT303 - Arizona State University': no usable link (cache)
[351/40930] 'MKT311 - Arizona State University': no usable link (cache)
[352/40930] 'MKT352 - Arizona State University': no usable link (cache)
[353/40930] 'MKT402 - Arizona State University': no usable link (cache)
[354/40930] 'MKT450 - Arizona State University': no usable link (cache)
[355/40930] 'MTE181 - Arizona State University': no usable link (cache)
[356/40930] 'NEU101 - Arizona State University': no usable link (cache)
[357/40930] 'NEU290 - Arizona State University': no usable link (cache)
[358/40930] 'NEU307 - Arizona State University': no usable link (cache)
[359/40930] 'NEU394 - Arizona State University': no usable link (cache)
[360/40930] 'NLM410 - Arizona State University': no usable link (cache)
[361/40930] 'OGL300 - Arizona State University': no usable link (cache)
[362/40930] 'OGL355 - Arizona State University': no usable link (cache)
[363/40930] 'PAF201 - Arizona State University': no usable link (cache)
[364/40930] 'PAF505 - Arizona State University': no usable link (cache)
[365/40930] 'PGS324 - Arizona State University': no usable link (cache)
[366/40930] 'PH304 - Arizona State University': no usable link (cache)
[367/40930] 'PHI100 - Arizona State University': no usable link (cache)
[368/40930] 'PHI302 - Arizona State University': no usable link (cache)
[369/40930] 'PHI304 - Arizona State University': no usable link (cache)
[370/40930] 'PHI306 - Arizona State University': no usable link (cache)
[371/40930] 'PHI309 - Arizona State University': no usable link (cache)
[372/40930] 'PHI318 - Arizona State University': no usable link (cache)
[373/40930] 'PHI332 - Arizona State University': no usable link (cache)
[374/40930] 'PHI334 - Arizona State University': no usable link (cache)
[375/40930] 'PHI335 - Arizona State University': no usable link (cache)
[376/40930] 'PHI336 - Arizona State University': no usable link (cache)
[377/40930] 'PHI406 - Arizona State University': no usable link (cache)
[378/40930] 'PHI420 - Arizona State University': no usable link (cache)
[379/40930] 'PMG423 - Arizona State University': no usable link (cache)
[380/40930] 'POP100 - Arizona State University': no usable link (cache)
[381/40930] 'POS112 - Arizona State University': no usable link (cache)
[382/40930] 'POS150 - Arizona State University': no usable link (cache)
[383/40930] 'POS351 - Arizona State University': no usable link (cache)
[384/40930] 'POS394 - Arizona State University': no usable link (cache)
[385/40930] 'POS465 - Arizona State University': no usable link (cache)
[386/40930] 'PPE240 - Arizona State University': no usable link (cache)
[387/40930] 'PSG101 - Arizona State University': no usable link (cache)
[388/40930] 'PSY100 - Arizona State University': no usable link (cache)
[389/40930] 'PSY290 - Arizona State University': no usable link (cache)
[390/40930] 'PSY320 - Arizona State University': no usable link (cache)
[391/40930] 'PSY323 - Arizona State University': no usable link (cache)
[392/40930] 'PSY324 - Arizona State University': no usable link (cache)
[393/40930] 'PSY325 - Arizona State University': no usable link (cache)
[394/40930] 'PSY350 - Arizona State University': no usable link (cache)
[395/40930] 'PSY394 - Arizona State University': no usable link (cache)
[396/40930] 'PSY502 - Arizona State University': no usable link (cache)
[397/40930] 'PSY513 - Arizona State University': no usable link (cache)
[398/40930] 'PSY550 - Arizona State University': no usable link (cache)
[399/40930] 'PSY598 - Arizona State University': no usable link (cache)
[400/40930] 'PUP100 - Arizona State University': no usable link (cache)
[401/40930] 'REA380 - Arizona State University': no usable link (cache)
[402/40930] 'REA494 - Arizona State University': no usable link (cache)
[403/40930] 'REL202 - Arizona State University': no usable link (cache)
[404/40930] 'REL371 - Arizona State University': no usable link (cache)
[405/40930] 'SCM200 - Arizona State University': no usable link (cache)
[406/40930] 'SCM355 - Arizona State University': no usable link (cache)
[407/40930] 'SHS250 - Arizona State University': no usable link (cache)
[408/40930] 'SLC123 - Arizona State University': no usable link (cache)
[409/40930] 'SLC223 - Arizona State University': no usable link (cache)
[410/40930] 'SOC100 - Arizona State University': no usable link (cache)
[411/40930] 'SOC1O1 - Arizona State University': no usable link (cache)
[412/40930] 'SOC270 - Arizona State University': no usable link (cache)
[413/40930] 'SOC315 - Arizona State University': no usable link (cache)
[414/40930] 'SOC340 - Arizona State University': no usable link (cache)
[415/40930] 'SOC363 - Arizona State University': no usable link (cache)
[416/40930] 'SOC390 - Arizona State University': no usable link (cache)
[417/40930] 'SOS232 - Arizona State University': no usable link (cache)
[418/40930] 'SOS314 - Arizona State University': no usable link (cache)
[419/40930] 'SPA316 - Arizona State University': no usable link (cache)
[420/40930] 'SPA400 - Arizona State University': no usable link (cache)
[421/40930] 'SPA413 - Arizona State University': no usable link (cache)
[422/40930] 'STP421 - Arizona State University': no usable link (cache)
[423/40930] 'SWU250 - Arizona State University': no usable link (cache)
[424/40930] 'SWU321 - Arizona State University': no usable link (cache)
[425/40930] 'TCL101 - Arizona State University': no usable link (cache)
[426/40930] 'TCL332 - Arizona State University': no usable link (cache)
[427/40930] 'TDM205 - Arizona State University': no usable link (cache)
[428/40930] 'TDM480 - Arizona State University': no usable link (cache)
[429/40930] 'TDM481 - Arizona State University': no usable link (cache)
[430/40930] 'THE220 - Arizona State University': no usable link (cache)
[431/40930] 'THE405 - Arizona State University': no usable link (cache)
[432/40930] 'WPC470 - Arizona State University': no usable link (cache)
[433/40930] 'WST100 - Arizona State University': no usable link (cache)
[434/40930] 'WST276 - Arizona State University': no usable link (cache)
[435/40930] 'WST313 - Arizona State University': no usable link (cache)
[436/40930] 'WST320 - Arizona State University': no usable link (cache)
[437/40930] 'WWS564 - Arizona State University': no usable link (cache)
[438/40930] 'ACCT2700 - Auburn University': no usable link (cache)
[439/40930] 'ACCT3310 - Auburn University': no usable link (cache)
[440/40930] 'ACCT3510 - Auburn University': no usable link (cache)
[441/40930] 'ACCT3520 - Auburn University': no usable link (cache)
[442/40930] 'ACCT5110 - Auburn University': no usable link (cache)
[443/40930] 'ACCT5510 - Auburn University': no usable link (cache)
[444/40930] 'ACCT7510 - Auburn University': no usable link (cache)
[445/40930] 'AERO3230 - Auburn University': no usable link (cache)
[446/40930] 'AERO4710 - Auburn University': no usable link (cache)
[447/40930] 'ANTH1000 - Auburn University': no usable link (cache)
[448/40930] 'AVMG1010 - Auburn University': no usable link (cache)
[449/40930] 'AVMG3600 - Auburn University': no usable link (cache)
[450/40930] 'AVMG4130 - Auburn University': no usable link (cache)
[451/40930] 'AVMG4200 - Auburn University': no usable link (cache)
[452/40930] 'BIO1000 - Auburn University': no usable link (cache)
[453/40930] 'BIO4000 - Auburn University': no usable link (cache)
[454/40930] 'BIO4100 - Auburn University': no usable link (cache)
[455/40930] 'BIOL1000 - Auburn University': no usable link (cache)
[456/40930] 'BIOL1010 - Auburn University': no usable link (cache)
[457/40930] 'BIOL1020 - Auburn University': no usable link (cache)
[458/40930] 'BIOL1027 - Auburn University': no usable link (cache)
[459/40930] 'BIOL1030 - Auburn University': no usable link (cache)
[460/40930] 'BIOL1037 - Auburn University': no usable link (cache)
[461/40930] 'BIOL2250 - Auburn University': no usable link (cache)
[462/40930] 'BIOL2500 - Auburn University': no usable link (cache)
[463/40930] 'BIOL2510 - Auburn University': no usable link (cache)
[464/40930] 'BIOL3000 - Auburn University': no usable link (cache)
[465/40930] 'BIOL3040 - Auburn University': no usable link (cache)
[466/40930] 'BIOL3200 - Auburn University': no usable link (cache)
[467/40930] 'BIOL4000 - Auburn University': no usable link (cache)
[468/40930] 'BIOL4100 - Auburn University': no usable link (cache)
[469/40930] 'BIOL5230 - Auburn University': no usable link (cache)
[470/40930] 'BIOL5650 - Auburn University': no usable link (cache)
[471/40930] 'BSCI1100 - Auburn University': no usable link (cache)
[472/40930] 'BSCI3200 - Auburn University': no usable link (cache)
[473/40930] 'BSCI4350 - Auburn University': no usable link (cache)
[474/40930] 'BUAL2600 - Auburn University': no usable link (cache)
[475/40930] 'BUAL2650 - Auburn University': no usable link (cache)
[476/40930] 'BUAL5610 - Auburn University': no usable link (cache)
[477/40930] 'BUSI1010 - Auburn University': no usable link (cache)
[478/40930] 'BUSI2010 - Auburn University': no usable link (cache)
[479/40930] 'BUSI3510 - Auburn University': no usable link (cache)
[480/40930] 'BUSI7120 - Auburn University': no usable link (cache)
[481/40930] 'BUSI7126 - Auburn University': no usable link (cache)
[482/40930] 'CADS2040 - Auburn University': no usable link (cache)
[483/40930] 'CADS5760 - Auburn University': no usable link (cache)
[484/40930] 'CADS5850 - Auburn University': no usable link (cache)
[485/40930] 'CAL1610 - Auburn University': no usable link (cache)
[486/40930] 'CAL1680 - Auburn University': no usable link (cache)
[487/40930] 'CAL2 - Auburn University': no usable link (cache)
[488/40930] 'CALC1610 - Auburn University': no usable link (cache)
[489/40930] 'CALC1680 - Auburn University': no usable link (cache)
[490/40930] 'CHEM1030 - Auburn University': no usable link (cache)
[491/40930] 'CHEM1031 - Auburn University': no usable link (cache)
[492/40930] 'CHEM1040 - Auburn University': no usable link (cache)
[493/40930] 'CHEM1041 - Auburn University': no usable link (cache)
[494/40930] 'CHEM1117 - Auburn University': no usable link (cache)
[495/40930] 'CHEM1127 - Auburn University': no usable link (cache)
[496/40930] 'CHEM2070 - Auburn University': no usable link (cache)
[497/40930] 'CHEM3050 - Auburn University': no usable link (cache)
[498/40930] 'CHEN2110 - Auburn University': no usable link (cache)
[499/40930] 'CHEN2610 - Auburn University': no usable link (cache)
[500/40930] 'CHEN3700 - Auburn University': no usable link (cache)
[501/40930] 'CIVL2010 - Auburn University': no usable link (cache)
[502/40930] 'CIVL3010 - Auburn University': no usable link (cache)
[503/40930] 'CIVL3110 - Auburn University': no usable link (cache)
[504/40930] 'CIVL3310 - Auburn University': no usable link (cache)
[505/40930] 'CIVL3610 - Auburn University': no usable link (cache)
[506/40930] 'CIVL6620 - Auburn University': no usable link (cache)
[507/40930] 'COMP4230 - Auburn University': no usable link (cache)
[508/40930] 'COMP6130 - Auburn University': no usable link (cache)
[509/40930] 'COUN4000 - Auburn University': no usable link (cache)
[510/40930] 'CPSC3270 - Auburn University': no usable link (cache)
[511/40930] 'CPSC3280 - Auburn University': no usable link (cache)
[512/40930] 'CTEE4030 - Auburn University': no usable link (cache)
[513/40930] 'ECCON2020 - Auburn University': no usable link (cache)
[514/40930] 'ECN143 - Auburn University': no usable link (cache)
[515/40930] 'ECON1000 - Auburn University': no usable link (cache)
[516/40930] 'ECON1010 - Auburn University': no usable link (cache)
[517/40930] 'ECON1020 - Auburn University': no usable link (cache)
[518/40930] 'ECON2030 - Auburn University': no usable link (cache)
[519/40930] 'ECON2037 - Auburn University': no usable link (cache)
[520/40930] 'ECON3300 - Auburn University': no usable link (cache)
[521/40930] 'ELEC2110 - Auburn University': no usable link (cache)
[522/40930] 'ELEC3810 - Auburn University': no usable link (cache)
[523/40930] 'ENG1110 - Auburn University': no usable link (cache)
[524/40930] 'ENG1120 - Auburn University': no usable link (cache)
[525/40930] 'ENGL1103 - Auburn University': no usable link (cache)
[526/40930] 'ENGL1120 - Auburn University': no usable link (cache)
[527/40930] 'ENGL2200 - Auburn University': no usable link (cache)
[528/40930] 'ENGL2230 - Auburn University': no usable link (cache)
[529/40930] 'ENGL2240 - Auburn University': no usable link (cache)
[530/40930] 'ENGL2250 - Auburn University': no usable link (cache)
[531/40930] 'ENGL2260 - Auburn University': no usable link (cache)
[532/40930] 'ENGL2270 - Auburn University': no usable link (cache)
[533/40930] 'ENGL3080 - Auburn University': no usable link (cache)
[534/40930] 'ENGL3110 - Auburn University': no usable link (cache)
[535/40930] 'ENGR1100 - Auburn University': no usable link (cache)
[536/40930] 'ENGR2010 - Auburn University': no usable link (cache)
[537/40930] 'ENGR2100 - Auburn University': no usable link (cache)
[538/40930] 'ENGR2200 - Auburn University': no usable link (cache)
[539/40930] 'ENGR3710 - Auburn University': no usable link (cache)
[540/40930] 'ENVD2040 - Auburn University': no usable link (cache)
[541/40930] 'ETHIC1030 - Auburn University': no usable link (cache)
[542/40930] 'FLFR1010 - Auburn University': no usable link (cache)
[543/40930] 'FLFR2010 - Auburn University': no usable link (cache)
[544/40930] 'FLSP1010 - Auburn University': no usable link (cache)
[545/40930] 'FLSP1020 - Auburn University': no usable link (cache)
[546/40930] 'FLSP1023 - Auburn University': no usable link (cache)
[547/40930] 'FREN1010 - Auburn University': no usable link (cache)
[548/40930] 'GEOL1100 - Auburn University': no usable link (cache)
[549/40930] 'GEOL1110 - Auburn University': no usable link (cache)
[550/40930] 'HIST1000 - Auburn University': no usable link (cache)
[551/40930] 'HIST1013 - Auburn University': no usable link (cache)
[552/40930] 'HIST1020 - Auburn University': no usable link (cache)
[553/40930] 'HIST1220 - Auburn University': no usable link (cache)
[554/40930] 'HIST2 - Auburn University': no usable link (cache)
[555/40930] 'HIST2010 - Auburn University': no usable link (cache)
[556/40930] 'HIST2020 - Auburn University': no usable link (cache)
[557/40930] 'HIST3000 - Auburn University': no usable link (cache)
[558/40930] 'HIST3080 - Auburn University': no usable link (cache)
[559/40930] 'HIST3330 - Auburn University': no usable link (cache)
[560/40930] 'HIST3800 - Auburn University': no usable link (cache)
[561/40930] 'HIST3970 - Auburn University': no usable link (cache)
[562/40930] 'HIST5640 - Auburn University': no usable link (cache)
[563/40930] 'HONR3987 - Auburn University': no usable link (cache)
[564/40930] 'HOSP2300 - Auburn University': no usable link (cache)
[565/40930] 'HOSP2500 - Auburn University': no usable link (cache)
[566/40930] 'HST1020 - Auburn University': no usable link (cache)
[567/40930] 'IDSC1010 - Auburn University': no usable link (cache)
[568/40930] 'ISMN2140 - Auburn University': no usable link (cache)
[569/40930] 'ISMN5040 - Auburn University': no usable link (cache)
[570/40930] 'ISMN5730 - Auburn University': no usable link (cache)
[571/40930] 'MATH1000 - Auburn University': no usable link (cache)
[572/40930] 'MATH1100 - Auburn University': no usable link (cache)
[573/40930] 'MATH1617 - Auburn University': no usable link (cache)
[574/40930] 'MATH1620 - Auburn University': no usable link (cache)
[575/40930] 'MATH1623 - Auburn University': no usable link (cache)
[576/40930] 'MATH1680 - Auburn University': no usable link (cache)
[577/40930] 'MATH2650 - Auburn University': no usable link (cache)
[578/40930] 'MATH5180 - Auburn University': no usable link (cache)
[579/40930] 'MATL2100 - Auburn University': no usable link (cache)
[580/40930] 'MATL3100 - Auburn University': no usable link (cache)
[581/40930] 'MECH2020 - Auburn University': no usable link (cache)
[582/40930] 'MECH2130 - Auburn University': no usable link (cache)
[583/40930] 'MECH2140 - Auburn University': no usable link (cache)
[584/40930] 'MECH3020 - Auburn University': no usable link (cache)
[585/40930] 'MECH3030 - Auburn University': no usable link (cache)
[586/40930] 'MECH3120 - Auburn University': no usable link (cache)
[587/40930] 'MGNT3100 - Auburn University': no usable link (cache)
[588/40930] 'MICRO1000 - Auburn University': no usable link (cache)
[589/40930] 'MKT3310 - Auburn University': no usable link (cache)
[590/40930] 'MKTG3110 - Auburn University': no usable link (cache)
[591/40930] 'MKTG3310 - Auburn University': no usable link (cache)
[592/40930] 'MKTG4350 - Auburn University': no usable link (cache)
[593/40930] 'MKTG4390 - Auburn University': no usable link (cache)
[594/40930] 'MKTG5360 - Auburn University': no usable link (cache)
[595/40930] 'MNGT3100 - Auburn University': no usable link (cache)
[596/40930] 'MNGT3460 - Auburn University': no usable link (cache)
[597/40930] 'MTH1680 - Auburn University': no usable link (cache)
[598/40930] 'MUSI2730 - Auburn University': no usable link (cache)
[599/40930] 'MUSI2737 - Auburn University': no usable link (cache)
[600/40930] 'MUSI2740 - Auburn University': no usable link (cache)
[601/40930] 'NTRI2000 - Auburn University': no usable link (cache)
[602/40930] 'NTRI2070 - Auburn University': no usable link (cache)
[603/40930] 'NTRI3750 - Auburn University': no usable link (cache)
[604/40930] 'PHIL1000 - Auburn University': no usable link (cache)
[605/40930] 'PHIL1027 - Auburn University': no usable link (cache)
[606/40930] 'PHIL1030 - Auburn University': no usable link (cache)
[607/40930] 'PHIL1040 - Auburn University': no usable link (cache)
[608/40930] 'PHIL1080 - Auburn University': no usable link (cache)
[609/40930] 'PHSY1610 - Auburn University': no usable link (cache)
[610/40930] 'PHYS1510 - Auburn University': no usable link (cache)
[611/40930] 'PHYS1600 - Auburn University': no usable link (cache)
[612/40930] 'POLI1050 - Auburn University': no usable link (cache)
[613/40930] 'POLI1090 - Auburn University': no usable link (cache)
[614/40930] 'POLI3180 - Auburn University': no usable link (cache)
[615/40930] 'POLI3550 - Auburn University': no usable link (cache)
[616/40930] 'PSYC1100 - Auburn University': no usable link (cache)
[617/40930] 'PSYC2010 - Auburn University': no usable link (cache)
[618/40930] 'PSYC3120 - Auburn University': no usable link (cache)
[619/40930] 'PSYC3123 - Auburn University': no usable link (cache)
[620/40930] 'PSYC3560 - Auburn University': no usable link (cache)
[621/40930] 'PSYC3580 - Auburn University': no usable link (cache)
[622/40930] 'PSYC3620 - Auburn University': no usable link (cache)
[623/40930] 'PSYCH2010 - Auburn University': no usable link (cache)
[624/40930] 'SCHM1010 - Auburn University': no usable link (cache)
[625/40930] 'SCMH1010 - Auburn University': no usable link (cache)
[626/40930] 'SCMH1890 - Auburn University': no usable link (cache)
[627/40930] 'SCMN3720 - Auburn University': no usable link (cache)
[628/40930] 'SCMN3740 - Auburn University': no usable link (cache)
[629/40930] 'SCMN4700 - Auburn University': no usable link (cache)
[630/40930] 'SOCY1100 - Auburn University': no usable link (cache)
[631/40930] 'SOCY3500 - Auburn University': no usable link (cache)
[632/40930] 'STAT2510 - Auburn University': no usable link (cache)
[633/40930] 'TH1010 - Auburn University': no usable link (cache)
[634/40930] 'THEA1010 - Auburn University': no usable link (cache)
[635/40930] 'THEA2010 - Auburn University': no usable link (cache)
[636/40930] 'UNIV1100 - Auburn University': no usable link (cache)
[637/40930] 'UNIV1150 - Auburn University': no usable link (cache)
[638/40930] 'WILD3280 - Auburn University': no usable link (cache)
[639/40930] 'ACC1000 - Babson College': no usable link (cache)
[640/40930] 'ACC1300 - Babson College': no usable link (cache)
[641/40930] 'ACC3501 - Babson College': no usable link (cache)
[642/40930] 'AHF1300 - Babson College': no usable link (cache)
[643/40930] 'AHS1000 - Babson College': no usable link (cache)
[644/40930] 'ANT4601 - Babson College': no usable link (cache)
[645/40930] 'AQM1000 - Babson College': no usable link (cache)
[646/40930] 'AQM2000 - Babson College': no usable link (cache)
[647/40930] 'ASM3300 - Babson College': no usable link (cache)
[648/40930] 'BLAW1000 - Babson College': no usable link (cache)
[649/40930] 'CVA2026 - Babson College': no usable link (cache)
[650/40930] 'CVA2057 - Babson College': no usable link (cache)
[651/40930] 'CVA2090 - Babson College': no usable link (cache)
[652/40930] 'CVA2431 - Babson College': no usable link (cache)
[653/40930] 'CVA2457 - Babson College': no usable link (cache)
[654/40930] 'ECN3606 - Babson College': no usable link (cache)
[655/40930] 'ECN3645 - Babson College': no usable link (cache)
[656/40930] 'ECN3675 - Babson College': no usable link (cache)
[657/40930] 'EPS3508 - Babson College': no usable link (cache)
[658/40930] 'EPS4510 - Babson College': no usable link (cache)
[659/40930] 'EPS4530 - Babson College': no usable link (cache)
[660/40930] 'FIN3555 - Babson College': no usable link (cache)
[661/40930] 'FIN3560 - Babson College': no usable link (cache)
[662/40930] 'FIN4560 - Babson College': no usable link (cache)
[663/40930] 'FME1000 - Babson College': no usable link (cache)
[664/40930] 'HIS46 - Babson College': no usable link (cache)
[665/40930] 'HIS4626 - Babson College': no usable link (cache)
[666/40930] 'HS2 - Babson College': no usable link (cache)
[667/40930] 'HSF1 - Babson College': no usable link (cache)
[668/40930] 'HSF1300 - Babson College': no usable link (cache)
[669/40930] 'HSF1311 - Babson College': no usable link (cache)
[670/40930] 'HSS2006 - Babson College': no usable link (cache)
[671/40930] 'HSS2018 - Babson College': no usable link (cache)
[672/40930] 'HSS2019 - Babson College': no usable link (cache)
[673/40930] 'HSS2020 - Babson College': no usable link (cache)
[674/40930] 'HSS2030 - Babson College': no usable link (cache)
[675/40930] 'HSS2032 - Babson College': no usable link (cache)
[676/40930] 'HSS2401 - Babson College': no usable link (cache)
[677/40930] 'HSS2460 - Babson College': no usable link (cache)
[678/40930] 'LAW1300 - Babson College': no usable link (cache)
[679/40930] 'LIT4607 - Babson College': no usable link (cache)
[680/40930] 'LVA1 - Babson College': no usable link (cache)
[681/40930] 'LVA2032 - Babson College': no usable link (cache)
[682/40930] 'LVA2069 - Babson College': no usable link (cache)
[683/40930] 'LVA2075 - Babson College': no usable link (cache)
[684/40930] 'LVA2078 - Babson College': no usable link (cache)
[685/40930] 'LVA2403 - Babson College': no usable link (cache)
[686/40930] 'LVA2409 - Babson College': no usable link (cache)
[687/40930] 'LVA2446 - Babson College': no usable link (cache)
[688/40930] 'MBA7302 - Babson College': no usable link (cache)
[689/40930] 'MBA7365 - Babson College': no usable link (cache)
[690/40930] 'MCE2313 - Babson College': no usable link (cache)
[691/40930] 'MICRO7 - Babson College': no usable link (cache)
[692/40930] 'MKT1000 - Babson College': no usable link (cache)
[693/40930] 'MKT3502 - Babson College': no usable link (cache)
[694/40930] 'MKT3574 - Babson College': no usable link (cache)
[695/40930] 'MKT3752 - Babson College': no usable link (cache)
[696/40930] 'MOB1000 - Babson College': no usable link (cache)
[697/40930] 'MOB3506 - Babson College': no usable link (cache)
[698/40930] 'MOB3511 - Babson College': no usable link (cache)
[699/40930] 'NST1010 - Babson College': no usable link (cache)
[700/40930] 'NST1030 - Babson College': no usable link (cache)
[701/40930] 'NST1040 - Babson College': no usable link (cache)
[702/40930] 'NST1080 - Babson College': no usable link (cache)
[703/40930] 'OIM2001 - Babson College': no usable link (cache)
[704/40930] 'QTM1 - Babson College': no usable link (cache)
[705/40930] 'QTM1000 - Babson College': no usable link (cache)
[706/40930] 'QTM1010 - Babson College': no usable link (cache)
[707/40930] 'QTM2 - Babson College': no usable link (cache)
[708/40930] 'QTM2420 - Babson College': no usable link (cache)
[709/40930] 'QTM3620 - Babson College': no usable link (cache)
[710/40930] 'QTM9515 - Babson College': no usable link (cache)
[711/40930] 'RHT1 - Babson College': no usable link (cache)
[712/40930] 'RHT1000 - Babson College': no usable link (cache)
[713/40930] 'RHT1001 - Babson College': no usable link (cache)
[714/40930] 'RHT1300 - Babson College': no usable link (cache)
[715/40930] 'RHT1303 - Babson College': no usable link (cache)
[716/40930] 'RHT2 - Babson College': no usable link (cache)
[717/40930] 'SCN1320 - Babson College': no usable link (cache)
[718/40930] 'SCN2410 - Babson College': no usable link (cache)
[719/40930] 'SCN3630 - Babson College': no usable link (cache)
[720/40930] 'SES2000 - Babson College': no usable link (cache)
[721/40930] 'SME2000 - Babson College': no usable link (cache)
[722/40930] 'SME2001 - Babson College': no usable link (cache)
[723/40930] 'SME2002 - Babson College': no usable link (cache)
[724/40930] 'SME2011 - Babson College': no usable link (cache)
[725/40930] 'SME2021 - Babson College': no usable link (cache)
[726/40930] 'SME2031 - Babson College': no usable link (cache)
[727/40930] 'SPN2600 - Babson College': no usable link (cache)
[728/40930] 'SPN4610 - Babson College': no usable link (cache)
[729/40930] 'WRT1000 - Babson College': no usable link (cache)
[730/40930] 'AHS100 - Ball State University': no usable link (cache)
[731/40930] 'AQUA190 - Ball State University': no usable link (cache)
[732/40930] 'ARCH229 - Ball State University': no usable link (cache)
[733/40930] 'BA205 - Ball State University': no usable link (cache)
[734/40930] 'BA310 - Ball State University': no usable link (cache)
[735/40930] 'BED622 - Ball State University': no usable link (cache)
[736/40930] 'BIO457 - Ball State University': no usable link (cache)
[737/40930] 'CALC132 - Ball State University': no usable link (cache)
[738/40930] 'CHEM111LAB - Ball State University': no usable link (cache)
[739/40930] 'CHEM235 - Ball State University': no usable link (cache)
[740/40930] 'CJC102 - Ball State University': no usable link (cache)
[741/40930] 'CJC230 - Ball State University': no usable link (cache)
[742/40930] 'CT100 - Ball State University': no usable link (cache)
[743/40930] 'CT115 - Ball State University': no usable link (cache)
[744/40930] 'CTE569 - Ball State University': no usable link (cache)
[745/40930] 'CTE622 - Ball State University': no usable link (cache)
[746/40930] 'ECON509 - Ball State University': no usable link (cache)
[747/40930] 'ECON683 - Ball State University': no usable link (cache)
[748/40930] 'ECON693 - Ball State University': no usable link (cache)
[749/40930] 'EDEL100 - Ball State University': no usable link (cache)
[750/40930] 'EDEL464 - Ball State University': no usable link (cache)
[751/40930] 'EDFO420 - Ball State University': no usable link (cache)
[752/40930] 'EDPHY260 - Ball State University': no usable link (cache)
[753/40930] 'EDPS254 - Ball State University': no usable link (cache)
[754/40930] 'EDPS260 - Ball State University': no usable link (cache)
[755/40930] 'EDPS606 - Ball State University': no usable link (cache)
[756/40930] 'EDPSY260 - Ball State University': no usable link (cache)
[757/40930] 'EDRD204 - Ball State University': no usable link (cache)
[758/40930] 'FCFN250 - Ball State University': no usable link (cache)
[759/40930] 'HCS160 - Ball State University': no usable link (cache)
[760/40930] 'HONR189 - Ball State University': no usable link (cache)
[761/40930] 'HONR201 - Ball State University': no usable link (cache)
[762/40930] 'HONR390 - Ball State University': no usable link (cache)
[763/40930] 'HONRS298 - Ball State University': no usable link (cache)
[764/40930] 'HSC150 - Ball State University': no usable link (cache)
[765/40930] 'HSC160 - Ball State University': no usable link (cache)
[766/40930] 'HSC250 - Ball State University': no usable link (cache)
[767/40930] 'HSC301 - Ball State University': no usable link (cache)
[768/40930] 'HSC367 - Ball State University': no usable link (cache)
[769/40930] 'HSC371 - Ball State University': no usable link (cache)
[770/40930] 'HSC467 - Ball State University': no usable link (cache)
[771/40930] 'INTRO180 - Ball State University': no usable link (cache)
[772/40930] 'ISOM210 - Ball State University': no usable link (cache)
[773/40930] 'ISOM300 - Ball State University': no usable link (cache)
[774/40930] 'ITDPT154 - Ball State University': no usable link (cache)
[775/40930] 'ITGRA180 - Ball State University': no usable link (cache)
[776/40930] 'ITGRA184 - Ball State University': no usable link (cache)
[777/40930] 'JAPA201 - Ball State University': no usable link (cache)
[778/40930] 'JAPA202 - Ball State University': no usable link (cache)
[779/40930] 'JOUR104 - Ball State University': no usable link (cache)
[780/40930] 'JOUR302 - Ball State University': no usable link (cache)
[781/40930] 'JOUR311 - Ball State University': no usable link (cache)
[782/40930] 'JOUR323 - Ball State University': no usable link (cache)
[783/40930] 'JOUR355 - Ball State University': no usable link (cache)
[784/40930] 'LA100 - Ball State University': no usable link (cache)
[785/40930] 'MATHS125 - Ball State University': no usable link (cache)
[786/40930] 'MATHS201 - Ball State University': no usable link (cache)
[787/40930] 'MATHS391 - Ball State University': no usable link (cache)
[788/40930] 'MDIA101 - Ball State University': no usable link (cache)
[789/40930] 'MDIA115 - Ball State University': no usable link (cache)
[790/40930] 'MDIA324 - Ball State University': no usable link (cache)
[791/40930] 'MDIA350 - Ball State University': no usable link (cache)
[792/40930] 'METC230 - Ball State University': no usable link (cache)
[793/40930] 'METC330 - Ball State University': no usable link (cache)
[794/40930] 'MKG300 - Ball State University': no usable link (cache)
[795/40930] 'MKG325 - Ball State University': no usable link (cache)
[796/40930] 'MKG350 - Ball State University': no usable link (cache)
[797/40930] 'MKG505 - Ball State University': no usable link (cache)
[798/40930] 'MMP100 - Ball State University': no usable link (cache)
[799/40930] 'MUHI139 - Ball State University': no usable link (cache)
[800/40930] 'NEWS132 - Ball State University': no usable link (cache)
[801/40930] 'NEWS133 - Ball State University': no usable link (cache)
[802/40930] 'NUTR340 - Ball State University': no usable link (cache)
[803/40930] 'PEPFW217 - Ball State University': no usable link (cache)
[804/40930] 'PFW100 - Ball State University': no usable link (cache)
[805/40930] 'PFW103 - Ball State University': no usable link (cache)
[806/40930] 'PFW103L - Ball State University': no usable link (cache)
[807/40930] 'PFW148 - Ball State University': no usable link (cache)
[808/40930] 'PHYS215 - Ball State University': no usable link (cache)
[809/40930] 'PHYSC110 - Ball State University': no usable link (cache)
[810/40930] 'POLS141 - Ball State University': no usable link (cache)
[811/40930] 'POLS431 - Ball State University': no usable link (cache)
[812/40930] 'PSYCH241 - Ball State University': no usable link (cache)
[813/40930] 'PSYS100 - Ball State University': no usable link (cache)
[814/40930] 'PSYS241 - Ball State University': no usable link (cache)
[815/40930] 'PSYS295 - Ball State University': no usable link (cache)
[816/40930] 'PSYS317 - Ball State University': no usable link (cache)
[817/40930] 'PSYS368 - Ball State University': no usable link (cache)
[818/40930] 'PSYSC100 - Ball State University': no usable link (cache)
[819/40930] 'PSYSC241 - Ball State University': no usable link (cache)
[820/40930] 'SNLN251 - Ball State University': no usable link (cache)
[821/40930] 'SOC343 - Ball State University': no usable link (cache)
[822/40930] 'SOCW100 - Ball State University': no usable link (cache)
[823/40930] 'SOCW310 - Ball State University': no usable link (cache)
[824/40930] 'SOCWK330 - Ball State University': no usable link (cache)
[825/40930] 'SP301 - Ball State University': no usable link (cache)
[826/40930] 'SPAA344 - Ball State University': no usable link (cache)
[827/40930] 'SPCE200 - Ball State University': no usable link (cache)
[828/40930] 'SPCE201 - Ball State University': no usable link (cache)
[829/40930] 'SPCE331 - Ball State University': no usable link (cache)
[830/40930] 'SPCED331 - Ball State University': no usable link (cache)
[831/40930] 'SPTA190 - Ball State University': no usable link (cache)
[832/40930] 'SPTA290 - Ball State University': no usable link (cache)
[833/40930] 'TCOM101 - Ball State University': no usable link (cache)
[834/40930] 'TCOM204 - Ball State University': no usable link (cache)
[835/40930] 'TCOM206 - Ball State University': no usable link (cache)
[836/40930] 'TCOM305 - Ball State University': no usable link (cache)
[837/40930] 'TCOM334 - Ball State University': no usable link (cache)
[838/40930] 'TCOM335 - Ball State University': no usable link (cache)
[839/40930] 'TCOM350 - Ball State University': no usable link (cache)
[840/40930] 'TGRA180 - Ball State University': no usable link (cache)
[841/40930] 'TGRA184 - Ball State University': no usable link (cache)
[842/40930] 'THEA103 - Ball State University': no usable link (cache)
[843/40930] 'THEA232 - Ball State University': no usable link (cache)
[844/40930] 'THEA333 - Ball State University': no usable link (cache)
[845/40930] 'THEAT317 - Ball State University': no usable link (cache)
[846/40930] 'THEAT319 - Ball State University': no usable link (cache)
[847/40930] 'WGS210 - Ball State University': no usable link (cache)
[848/40930] 'ZOOL445 - Ball State University': no usable link (cache)
[849/40930] 'BC2129 - Barnard College': no usable link (cache)
[850/40930] 'ENG2150 - Barnard College': no usable link (cache)
[851/40930] 'LAW1101 - Barnard College': no usable link (cache)
[852/40930] 'PSYCX2156 - Barnard College': no usable link (cache)
[853/40930] 'AC3000 - Baruch College': no usable link (cache)
[854/40930] 'AC3100 - Baruch College': no usable link (cache)
[855/40930] 'ACC2101 - Baruch College': no usable link (cache)
[856/40930] 'ACC2203 - Baruch College': no usable link (cache)
[857/40930] 'ACC2303 - Baruch College': no usable link (cache)
[858/40930] 'ACC3000 - Baruch College': no usable link (cache)
[859/40930] 'ACC3100 - Baruch College': no usable link (cache)
[860/40930] 'ACC3200 - Baruch College': no usable link (cache)
[861/40930] 'ACC3202 - Baruch College': no usable link (cache)
[862/40930] 'ACC3300 - Baruch College': no usable link (cache)
[863/40930] 'ACC4300 - Baruch College': no usable link (cache)
[864/40930] 'ACC9112 - Baruch College': no usable link (cache)
[865/40930] 'ACC9115 - Baruch College': no usable link (cache)
[866/40930] 'ACC9805 - Baruch College': no usable link (cache)
[867/40930] 'ACC9811 - Baruch College': no usable link (cache)
[868/40930] 'ACCT4100 - Baruch College': no usable link (cache)
[869/40930] 'ACCT9112 - Baruch College': no usable link (cache)
[870/40930] 'ACCT9805 - Baruch College': no usable link (cache)
[871/40930] 'ACCT9811 - Baruch College': no usable link (cache)
[872/40930] 'ANT1000 - Baruch College': no usable link (cache)
[873/40930] 'ANT1001 - Baruch College': no usable link (cache)
[874/40930] 'ANT101 - Baruch College': no usable link (cache)
[875/40930] 'ANT1011 - Baruch College': no usable link (cache)
[876/40930] 'ART1000 - Baruch College': no usable link (cache)
[877/40930] 'ART1012 - Baruch College': no usable link (cache)
[878/40930] 'ART1101 - Baruch College': no usable link (cache)
[879/40930] 'ART2050 - Baruch College': no usable link (cache)
[880/40930] 'ART3040 - Baruch College': no usable link (cache)
[881/40930] 'ART3058 - Baruch College': no usable link (cache)
[882/40930] 'ART3240 - Baruch College': no usable link (cache)
[883/40930] 'ART3254 - Baruch College': no usable link (cache)
[884/40930] 'ART3256 - Baruch College': no usable link (cache)
[885/40930] 'ART3262 - Baruch College': no usable link (cache)
[886/40930] 'ART3280 - Baruch College': no usable link (cache)
[887/40930] 'ART3282 - Baruch College': no usable link (cache)
[888/40930] 'ART5900 - Baruch College': no usable link (cache)
[889/40930] 'BIO1003 - Baruch College': no usable link (cache)
[890/40930] 'BIO1011 - Baruch College': no usable link (cache)
[891/40930] 'BIO1012 - Baruch College': no usable link (cache)
[892/40930] 'BIO2010 - Baruch College': no usable link (cache)
[893/40930] 'BIO3015 - Baruch College': no usable link (cache)
[894/40930] 'BLS1003 - Baruch College': no usable link (cache)
[895/40930] 'BPL5100 - Baruch College': no usable link (cache)
[896/40930] 'BUI9551 - Baruch College': no usable link (cache)
[897/40930] 'BUS1000 - Baruch College': no usable link (cache)
[898/40930] 'BUS10000 - Baruch College': no usable link (cache)
[899/40930] 'BUS1001 - Baruch College': no usable link (cache)
[900/40930] 'BUS2000 - Baruch College': no usable link (cache)
[901/40930] 'BUS2000LEC - Baruch College': no usable link (cache)
[902/40930] 'BUS2000R - Baruch College': no usable link (cache)
[903/40930] 'BUS2000REC - Baruch College': no usable link (cache)
[904/40930] 'BUS9430 - Baruch College': no usable link (cache)
[905/40930] 'BUS9551 - Baruch College': no usable link (cache)
[906/40930] 'BUS9552 - Baruch College': no usable link (cache)
[907/40930] 'BUS9558 - Baruch College': no usable link (cache)
[908/40930] 'CHI3001 - Baruch College': no usable link (cache)
[909/40930] 'CHI3002 - Baruch College': no usable link (cache)
[910/40930] 'CHI3005 - Baruch College': no usable link (cache)
[911/40930] 'CHI4181 - Baruch College': no usable link (cache)
[912/40930] 'CHI4182 - Baruch College': no usable link (cache)
[913/40930] 'CHI4224 - Baruch College': no usable link (cache)
[914/40930] 'CHM1000 - Baruch College': no usable link (cache)
[915/40930] 'CHM2003 - Baruch College': no usable link (cache)
[916/40930] 'CHM3001 - Baruch College': no usable link (cache)
[917/40930] 'CHM3003 - Baruch College': no usable link (cache)
[918/40930] 'CHM3006 - Baruch College': no usable link (cache)
[919/40930] 'CHM4900 - Baruch College': no usable link (cache)
[920/40930] 'CIS2000 - Baruch College': no usable link (cache)
[921/40930] 'CIS2100 - Baruch College': no usable link (cache)
[922/40930] 'CIS3150 - Baruch College': no usable link (cache)
[923/40930] 'CIS3555 - Baruch College': no usable link (cache)
[924/40930] 'CIS9001 - Baruch College': no usable link (cache)
[925/40930] 'CIS9002 - Baruch College': no usable link (cache)
[926/40930] 'CMP2800 - Baruch College': no usable link (cache)
[927/40930] 'COM2020 - Baruch College': no usable link (cache)
[928/40930] 'COM3021 - Baruch College': no usable link (cache)
[929/40930] 'COM3059 - Baruch College': no usable link (cache)
[930/40930] 'COM3800 - Baruch College': no usable link (cache)
[931/40930] 'COM4000 - Baruch College': no usable link (cache)
[932/40930] 'COM4005 - Baruch College': no usable link (cache)
[933/40930] 'ECO 1001 - Baruch College': no usable link (cache)
[934/40930] 'ECO1001 - Baruch College': no usable link (cache)
[935/40930] 'ECO1002 - Baruch College': no usable link (cache)
[936/40930] 'ECO3100 - Baruch College': no usable link (cache)
[937/40930] 'ECO4120 - Baruch College': no usable link (cache)
[938/40930] 'ECO9723 - Baruch College': no usable link (cache)
[939/40930] 'ECON1001 - Baruch College': no usable link (cache)
[940/40930] 'EN2850 - Baruch College': no usable link (cache)
[941/40930] 'ENG2100 - Baruch College': no usable link (cache)
[942/40930] 'ENG2150H - Baruch College': no usable link (cache)
[943/40930] 'ENG2800 - Baruch College': no usable link (cache)
[944/40930] 'ENG3001 - Baruch College': no usable link (cache)
[945/40930] 'ENG3030 - Baruch College': no usable link (cache)
[946/40930] 'ENG3940 - Baruch College': no usable link (cache)
[947/40930] 'ENGL2800 - Baruch College': no usable link (cache)
[948/40930] 'ENV1004 - Baruch College': no usable link (cache)
[949/40930] 'FIN2000 - Baruch College': no usable link (cache)
[950/40930] 'FIN3610 - Baruch College': no usable link (cache)
[951/40930] 'FIN3710 - Baruch College': no usable link (cache)
[952/40930] 'FIN4610 - Baruch College': no usable link (cache)
[953/40930] 'FIN4710 - Baruch College': no usable link (cache)
[954/40930] 'FIN9770 - Baruch College': no usable link (cache)
[955/40930] 'FINAN4710 - Baruch College': no usable link (cache)
[956/40930] 'HIS1001 - Baruch College': no usable link (cache)
[957/40930] 'HIS1003 - Baruch College': no usable link (cache)
[958/40930] 'HIS2050 - Baruch College': no usable link (cache)
[959/40930] 'HIS2053 - Baruch College': no usable link (cache)
[960/40930] 'HIS3410 - Baruch College': no usable link (cache)
[961/40930] 'HIS4900 - Baruch College': no usable link (cache)
[962/40930] 'HIST1003 - Baruch College': no usable link (cache)
[963/40930] 'HST1005 - Baruch College': no usable link (cache)
[964/40930] 'IDC1001 - Baruch College': no usable link (cache)
[965/40930] 'IDC3001H - Baruch College': no usable link (cache)
[966/40930] 'JWS3950 - Baruch College': no usable link (cache)
[967/40930] 'LAW1001 - Baruch College': no usable link (cache)
[968/40930] 'LAW1011 - Baruch College': no usable link (cache)
[969/40930] 'MAN3121 - Baruch College': no usable link (cache)
[970/40930] 'MAT2009 - Baruch College': no usable link (cache)
[971/40930] 'MAT2207 - Baruch College': no usable link (cache)
[972/40930] 'MATH2003 - Baruch College': no usable link (cache)
[973/40930] 'MATH2009 - Baruch College': no usable link (cache)
[974/40930] 'MATH2207 - Baruch College': no usable link (cache)
[975/40930] 'MATH2610 - Baruch College': no usable link (cache)
[976/40930] 'MGMT3121 - Baruch College': no usable link (cache)
[977/40930] 'MGT3120 - Baruch College': no usable link (cache)
[978/40930] 'MGT3121 - Baruch College': no usable link (cache)
[979/40930] 'MGT3860 - Baruch College': no usable link (cache)
[980/40930] 'MGT4967 - Baruch College': no usable link (cache)
[981/40930] 'MGT9700 - Baruch College': no usable link (cache)
[982/40930] 'MGT9702 - Baruch College': no usable link (cache)
[983/40930] 'MKT3000 - Baruch College': no usable link (cache)
[984/40930] 'MKT3605 - Baruch College': no usable link (cache)
[985/40930] 'MKT3620 - Baruch College': no usable link (cache)
[986/40930] 'MKT4420 - Baruch College': no usable link (cache)
[987/40930] 'MKT4530 - Baruch College': no usable link (cache)
[988/40930] 'MKT4540 - Baruch College': no usable link (cache)
[989/40930] 'MKT4620 - Baruch College': no usable link (cache)
[990/40930] 'MKT4700 - Baruch College': no usable link (cache)
[991/40930] 'MKT4966 - Baruch College': no usable link (cache)
[992/40930] 'MKT5057 - Baruch College': no usable link (cache)
[993/40930] 'MKT9716 - Baruch College': no usable link (cache)
[994/40930] 'MKT9737 - Baruch College': no usable link (cache)
[995/40930] 'MKT9741 - Baruch College': no usable link (cache)
[996/40930] 'OPM3000 - Baruch College': no usable link (cache)
[997/40930] 'PAF3018 - Baruch College': no usable link (cache)
[998/40930] 'PAF9120 - Baruch College': no usable link (cache)
[999/40930] 'PAF9160 - Baruch College': no usable link (cache)
[1000/40930] 'PHI1001 - Baruch College': no usable link (cache)
[1001/40930] 'PHI1050 - Baruch College': no usable link (cache)
[1002/40930] 'PHI1100 - Baruch College': no usable link (cache)
[1003/40930] 'PHI1500 - Baruch College': no usable link (cache)
[1004/40930] 'PHI1700 - Baruch College': no usable link (cache)
[1005/40930] 'PHI3030 - Baruch College': no usable link (cache)
[1006/40930] 'PHI3170 - Baruch College': no usable link (cache)
[1007/40930] 'PHI4900 - Baruch College': no usable link (cache)
[1008/40930] 'PHIL1500 - Baruch College': no usable link (cache)
[1009/40930] 'PLSC2001 - Baruch College': no usable link (cache)
[1010/40930] 'POL1000 - Baruch College': no usable link (cache)
[1011/40930] 'POL1001 - Baruch College': no usable link (cache)
[1012/40930] 'POL101 - Baruch College': no usable link (cache)
[1013/40930] 'POL1011 - Baruch College': no usable link (cache)
[1014/40930] 'POL1101 - Baruch College': no usable link (cache)
[1015/40930] 'POL1101H - Baruch College': no usable link (cache)
[1016/40930] 'POL2001 - Baruch College': no usable link (cache)
[1017/40930] 'POL2321 - Baruch College': no usable link (cache)
[1018/40930] 'POL2332 - Baruch College': no usable link (cache)
[1019/40930] 'POL3104 - Baruch College': no usable link (cache)
[1020/40930] 'POL3118 - Baruch College': no usable link (cache)
[1021/40930] 'POL3220 - Baruch College': no usable link (cache)
[1022/40930] 'POL3313 - Baruch College': no usable link (cache)
[1023/40930] 'POL3318 - Baruch College': no usable link (cache)
[1024/40930] 'POL3321 - Baruch College': no usable link (cache)
[1025/40930] 'POL3323 - Baruch College': no usable link (cache)
[1026/40930] 'POL3335 - Baruch College': no usable link (cache)
[1027/40930] 'POL3336 - Baruch College': no usable link (cache)
[1028/40930] 'POL3342 - Baruch College': no usable link (cache)
[1029/40930] 'POL3347 - Baruch College': no usable link (cache)
[1030/40930] 'POL3842 - Baruch College': no usable link (cache)
[1031/40930] 'PSY1000 - Baruch College': no usable link (cache)
[1032/40930] 'PSY1001 - Baruch College': no usable link (cache)
[1033/40930] 'PSY1101 - Baruch College': no usable link (cache)
[1034/40930] 'PSY3035 - Baruch College': no usable link (cache)
[1035/40930] 'PSY3041 - Baruch College': no usable link (cache)
[1036/40930] 'PSY3055 - Baruch College': no usable link (cache)
[1037/40930] 'PSY3056 - Baruch College': no usable link (cache)
[1038/40930] 'PSY3071 - Baruch College': no usable link (cache)
[1039/40930] 'PSY3074 - Baruch College': no usable link (cache)
[1040/40930] 'PSY3155 - Baruch College': no usable link (cache)
[1041/40930] 'PSY3181 - Baruch College': no usable link (cache)
[1042/40930] 'PSY3183 - Baruch College': no usable link (cache)
[1043/40930] 'PSY4012 - Baruch College': no usable link (cache)
[1044/40930] 'PSYC1001 - Baruch College': no usable link (cache)
[1045/40930] 'PSYCH1001 - Baruch College': no usable link (cache)
[1046/40930] 'PSYCH3055 - Baruch College': no usable link (cache)
[1047/40930] 'SOC3137 - Baruch College': no usable link (cache)
[1048/40930] 'SPA1001 - Baruch College': no usable link (cache)
[1049/40930] 'SPA1002 - Baruch College': no usable link (cache)
[1050/40930] 'SPA2009 - Baruch College': no usable link (cache)
[1051/40930] 'SPA3002 - Baruch College': no usable link (cache)
[1052/40930] 'SPAN2009 - Baruch College': no usable link (cache)
[1053/40930] 'STA3000 - Baruch College': no usable link (cache)
[1054/40930] 'STA3154 - Baruch College': no usable link (cache)
[1055/40930] 'STA3155 - Baruch College': no usable link (cache)
[1056/40930] 'STA4155 - Baruch College': no usable link (cache)
[1057/40930] 'STA9705 - Baruch College': no usable link (cache)
[1058/40930] 'STA9708 - Baruch College': no usable link (cache)
[1059/40930] 'STA9719 - Baruch College': no usable link (cache)
[1060/40930] 'STAT9708 - Baruch College': no usable link (cache)
[1061/40930] 'TAX3000 - Baruch College': no usable link (cache)
[1062/40930] 'TAX3300 - Baruch College': no usable link (cache)
[1063/40930] 'THE1040 - Baruch College': no usable link (cache)
[1064/40930] 'THE1041 - Baruch College': no usable link (cache)
[1065/40930] 'THE1043 - Baruch College': no usable link (cache)
[1066/40930] 'ACD2302 - Baylor University': no usable link (cache)
[1067/40930] 'ANT1305 - Baylor University': no usable link (cache)
[1068/40930] 'ART1314 - Baylor University': no usable link (cache)
[1069/40930] 'ARTH1300 - Baylor University': no usable link (cache)
[1070/40930] 'BIO1302 - Baylor University': no usable link (cache)
[1071/40930] 'BIO1305 - Baylor University': no usable link (cache)
[1072/40930] 'BIO1306 - Baylor University': no usable link (cache)
[1073/40930] 'BIO1405 - Baylor University': no usable link (cache)
[1074/40930] 'BIO2306 - Baylor University': no usable link (cache)
[1075/40930] 'BUS3315 - Baylor University': no usable link (cache)
[1076/40930] 'CHE1301 - Baylor University': no usable link (cache)
[1077/40930] 'CHE1302 - Baylor University': no usable link (cache)
[1078/40930] 'CHE1316 - Baylor University': no usable link (cache)
[1079/40930] 'CHEM1316 - Baylor University': no usable link (cache)
[1080/40930] 'CSS1301 - Baylor University': no usable link (cache)
[1081/40930] 'CSS1302 - Baylor University': no usable link (cache)
[1082/40930] 'CST1301 - Baylor University': no usable link (cache)
[1083/40930] 'CST1303 - Baylor University': no usable link (cache)
[1084/40930] 'EDP2336 - Baylor University': no usable link (cache)
[1085/40930] 'ENG1304 - Baylor University': no usable link (cache)
[1086/40930] 'ENG3390 - Baylor University': no usable link (cache)
[1087/40930] 'FDM1301 - Baylor University': no usable link (cache)
[1088/40930] 'FDM1303 - Baylor University': no usable link (cache)
[1089/40930] 'FNS1101 - Baylor University': no usable link (cache)
[1090/40930] 'FNS2301 - Baylor University': no usable link (cache)
[1091/40930] 'FRE1301 - Baylor University': no usable link (cache)
[1092/40930] 'FRE1401 - Baylor University': no usable link (cache)
[1093/40930] 'HIS1300 - Baylor University': no usable link (cache)
[1094/40930] 'JOU1303 - Baylor University': no usable link (cache)
[1095/40930] 'MGT3325 - Baylor University': no usable link (cache)
[1096/40930] 'MTH1320 - Baylor University': no usable link (cache)
[1097/40930] 'MTH1322 - Baylor University': no usable link (cache)
[1098/40930] 'MUS1101 - Baylor University': no usable link (cache)
[1099/40930] 'MUS3325 - Baylor University': no usable link (cache)
[1100/40930] 'PHY1408 - Baylor University': no usable link (cache)
[1101/40930] 'PHY1420 - Baylor University': no usable link (cache)
[1102/40930] 'PHY1455 - Baylor University': no usable link (cache)
[1103/40930] 'PHYS1455 - Baylor University': no usable link (cache)
[1104/40930] 'PSC2302 - Baylor University': no usable link (cache)
[1105/40930] 'REL1301 - Baylor University': no usable link (cache)
[1106/40930] 'REL1302 - Baylor University': no usable link (cache)
[1107/40930] 'REL1350 - Baylor University': no usable link (cache)
[1108/40930] 'SOC1305 - Baylor University': no usable link (cache)
[1109/40930] 'SPA2310 - Baylor University': no usable link (cache)
[1110/40930] 'STA1380 - Baylor University': no usable link (cache)
[1111/40930] 'AC115 - Bentley University': no usable link (cache)
[1112/40930] 'AC201 - Bentley University': no usable link (cache)
[1113/40930] 'AC220 - Bentley University': no usable link (cache)
[1114/40930] 'AC332 - Bentley University': no usable link (cache)
[1115/40930] 'AC340 - Bentley University': no usable link (cache)
[1116/40930] 'AC350 - Bentley University': no usable link (cache)
[1117/40930] 'AC440 - Bentley University': no usable link (cache)
[1118/40930] 'AC470 - Bentley University': no usable link (cache)
[1119/40930] 'AC472 - Bentley University': no usable link (cache)
[1120/40930] 'AC731 - Bentley University': no usable link (cache)
[1121/40930] 'AC741 - Bentley University': no usable link (cache)
[1122/40930] 'AC750 - Bentley University': no usable link (cache)
[1123/40930] 'AC773 - Bentley University': no usable link (cache)
[1124/40930] 'CS305 - Bentley University': no usable link (cache)
[1125/40930] 'EC225 - Bentley University': no usable link (cache)
[1126/40930] 'EC225H - Bentley University': no usable link (cache)
[1127/40930] 'EC270 - Bentley University': no usable link (cache)
[1128/40930] 'EC382 - Bentley University': no usable link (cache)
[1129/40930] 'EMS101 - Bentley University': no usable link (cache)
[1130/40930] 'EMS101L - Bentley University': no usable link (cache)
[1131/40930] 'EMS104 - Bentley University': no usable link (cache)
[1132/40930] 'EMS203 - Bentley University': no usable link (cache)
[1133/40930] 'EMS225 - Bentley University': no usable link (cache)
[1134/40930] 'EMS272 - Bentley University': no usable link (cache)
[1135/40930] 'EMS321 - Bentley University': no usable link (cache)
[1136/40930] 'EMS343 - Bentley University': no usable link (cache)
[1137/40930] 'EMS371 - Bentley University': no usable link (cache)
[1138/40930] 'EMS372 - Bentley University': no usable link (cache)
[1139/40930] 'EXP101 - Bentley University': no usable link (cache)
[1140/40930] 'EXP201H - Bentley University': no usable link (cache)
[1141/40930] 'EXP202 - Bentley University': no usable link (cache)
[1142/40930] 'FDS100 - Bentley University': no usable link (cache)
[1143/40930] 'FDS101 - Bentley University': no usable link (cache)
[1144/40930] 'FI118 - Bentley University': no usable link (cache)
[1145/40930] 'FI305 - Bentley University': no usable link (cache)
[1146/40930] 'FI312 - Bentley University': no usable link (cache)
[1147/40930] 'FI316 - Bentley University': no usable link (cache)
[1148/40930] 'FI325 - Bentley University': no usable link (cache)
[1149/40930] 'FI331 - Bentley University': no usable link (cache)
[1150/40930] 'FI351 - Bentley University': no usable link (cache)
[1151/40930] 'FI372 - Bentley University': no usable link (cache)
[1152/40930] 'FI380 - Bentley University': no usable link (cache)
[1153/40930] 'FI392 - Bentley University': no usable link (cache)
[1154/40930] 'FI402 - Bentley University': no usable link (cache)
[1155/40930] 'FI402C - Bentley University': no usable link (cache)
[1156/40930] 'FI623 - Bentley University': no usable link (cache)
[1157/40930] 'FI631 - Bentley University': no usable link (cache)
[1158/40930] 'FI635 - Bentley University': no usable link (cache)
[1159/40930] 'FI685 - Bentley University': no usable link (cache)
[1160/40930] 'FI735 - Bentley University': no usable link (cache)
[1161/40930] 'FI751 - Bentley University': no usable link (cache)
[1162/40930] 'FI787 - Bentley University': no usable link (cache)
[1163/40930] 'FP620 - Bentley University': no usable link (cache)
[1164/40930] 'GB101 - Bentley University': no usable link (cache)
[1165/40930] 'GB110 - Bentley University': no usable link (cache)
[1166/40930] 'GB201 - Bentley University': no usable link (cache)
[1167/40930] 'GB210 - Bentley University': no usable link (cache)
[1168/40930] 'GB212 - Bentley University': no usable link (cache)
[1169/40930] 'GB215 - Bentley University': no usable link (cache)
[1170/40930] 'GB301 - Bentley University': no usable link (cache)
[1171/40930] 'GB301MKTG - Bentley University': no usable link (cache)
[1172/40930] 'GLS100 - Bentley University': no usable link (cache)
[1173/40930] 'GLS102 - Bentley University': no usable link (cache)
[1174/40930] 'GLS114 - Bentley University': no usable link (cache)
[1175/40930] 'GLS116 - Bentley University': no usable link (cache)
[1176/40930] 'GLS116H - Bentley University': no usable link (cache)
[1177/40930] 'GLS226 - Bentley University': no usable link (cache)
[1178/40930] 'GLS228 - Bentley University': no usable link (cache)
[1179/40930] 'GO120 - Bentley University': no usable link (cache)
[1180/40930] 'GR610 - Bentley University': no usable link (cache)
[1181/40930] 'GS602 - Bentley University': no usable link (cache)
[1182/40930] 'HI362 - Bentley University': no usable link (cache)
[1183/40930] 'HI381 - Bentley University': no usable link (cache)
[1184/40930] 'IDCC255 - Bentley University': no usable link (cache)
[1185/40930] 'ITX09 - Bentley University': no usable link (cache)
[1186/40930] 'LA102 - Bentley University': no usable link (cache)
[1187/40930] 'LA402 - Bentley University': no usable link (cache)
[1188/40930] 'LIB112 - Bentley University': no usable link (cache)
[1189/40930] 'LIT352 - Bentley University': no usable link (cache)
[1190/40930] 'LIT362 - Bentley University': no usable link (cache)
[1191/40930] 'MA139 - Bentley University': no usable link (cache)
[1192/40930] 'MA347 - Bentley University': no usable link (cache)
[1193/40930] 'MACRO112 - Bentley University': no usable link (cache)
[1194/40930] 'MG116 - Bentley University': no usable link (cache)
[1195/40930] 'MG240 - Bentley University': no usable link (cache)
[1196/40930] 'MG241 - Bentley University': no usable link (cache)
[1197/40930] 'MG250 - Bentley University': no usable link (cache)
[1198/40930] 'MG300 - Bentley University': no usable link (cache)
[1199/40930] 'MG317 - Bentley University': no usable link (cache)
[1200/40930] 'MG336 - Bentley University': no usable link (cache)
[1201/40930] 'MG345 - Bentley University': no usable link (cache)
[1202/40930] 'MG351 - Bentley University': no usable link (cache)
[1203/40930] 'MK250 - Bentley University': no usable link (cache)
[1204/40930] 'MK322 - Bentley University': no usable link (cache)
[1205/40930] 'MK347 - Bentley University': no usable link (cache)
[1206/40930] 'MK361 - Bentley University': no usable link (cache)
[1207/40930] 'MK367 - Bentley University': no usable link (cache)
[1208/40930] 'MK372 - Bentley University': no usable link (cache)
[1209/40930] 'MLSP203 - Bentley University': no usable link (cache)
[1210/40930] 'NAS150 - Bentley University': no usable link (cache)
[1211/40930] 'NAS345 - Bentley University': no usable link (cache)
[1212/40930] 'NASC122 - Bentley University': no usable link (cache)
[1213/40930] 'NASC130 - Bentley University': no usable link (cache)
[1214/40930] 'NASC150 - Bentley University': no usable link (cache)
[1215/40930] 'NASC199 - Bentley University': no usable link (cache)
[1216/40930] 'NASE100 - Bentley University': no usable link (cache)
[1217/40930] 'NASE301 - Bentley University': no usable link (cache)
[1218/40930] 'NASE303 - Bentley University': no usable link (cache)
[1219/40930] 'NASE305 - Bentley University': no usable link (cache)
[1220/40930] 'NASE335 - Bentley University': no usable link (cache)
[1221/40930] 'NASE402 - Bentley University': no usable link (cache)
[1222/40930] 'NS367 - Bentley University': no usable link (cache)
[1223/40930] 'PH138 - Bentley University': no usable link (cache)
[1224/40930] 'PH312 - Bentley University': no usable link (cache)
[1225/40930] 'PH312H - Bentley University': no usable link (cache)
[1226/40930] 'PRS339 - Bentley University': no usable link (cache)
[1227/40930] 'S0132 - Bentley University': no usable link (cache)
[1228/40930] 'SO132 - Bentley University': no usable link (cache)
[1229/40930] 'SO198 - Bentley University': no usable link (cache)
[1230/40930] 'SO221 - Bentley University': no usable link (cache)
[1231/40930] 'SO242 - Bentley University': no usable link (cache)
[1232/40930] 'SO271 - Bentley University': no usable link (cache)
[1233/40930] 'SO275 - Bentley University': no usable link (cache)
[1234/40930] 'ST113 - Bentley University': no usable link (cache)
[1235/40930] 'TAX604 - Bentley University': no usable link (cache)
[1236/40930] 'AAAS105 - Binghamton University': no usable link (cache)
[1237/40930] 'AAAS240 - Binghamton University': no usable link (cache)
[1238/40930] 'AAAS313 - Binghamton University': no usable link (cache)
[1239/40930] 'AAAS360 - Binghamton University': no usable link (cache)
[1240/40930] 'AAAS461 - Binghamton University': no usable link (cache)
[1241/40930] 'AAS430 - Binghamton University': no usable link (cache)
[1242/40930] 'AFST180 - Binghamton University': no usable link (cache)
[1243/40930] 'AFST1O1 - Binghamton University': no usable link (cache)
[1244/40930] 'AFST274 - Binghamton University': no usable link (cache)
[1245/40930] 'AFST450 - Binghamton University': no usable link (cache)
[1246/40930] 'ANTH000 - Binghamton University': no usable link (cache)
[1247/40930] 'ANTH111 - Binghamton University': no usable link (cache)
[1248/40930] 'ANTH167 - Binghamton University': no usable link (cache)
[1249/40930] 'ANTH280H - Binghamton University': no usable link (cache)
[1250/40930] 'ANTH335 - Binghamton University': no usable link (cache)
[1251/40930] 'ANTH336 - Binghamton University': no usable link (cache)
[1252/40930] 'ANTH338 - Binghamton University': no usable link (cache)
[1253/40930] 'ANTH374 - Binghamton University': no usable link (cache)
[1254/40930] 'ANTH380G - Binghamton University': no usable link (cache)
[1255/40930] 'ARAB101 - Binghamton University': no usable link (cache)
[1256/40930] 'ARAB150 - Binghamton University': no usable link (cache)
[1257/40930] 'ARAB180A - Binghamton University': no usable link (cache)
[1258/40930] 'ARAB204 - Binghamton University': no usable link (cache)
[1259/40930] 'ARAB281 - Binghamton University': no usable link (cache)
[1260/40930] 'ARAB305 - Binghamton University': no usable link (cache)
[1261/40930] 'ARAB330 - Binghamton University': no usable link (cache)
[1262/40930] 'ARAB385A - Binghamton University': no usable link (cache)
[1263/40930] 'ARTH103 - Binghamton University': no usable link (cache)
[1264/40930] 'ARTH104 - Binghamton University': no usable link (cache)
[1265/40930] 'ARTH279 - Binghamton University': no usable link (cache)
[1266/40930] 'ARTS215 - Binghamton University': no usable link (cache)
[1267/40930] 'BCHEM301 - Binghamton University': no usable link (cache)
[1268/40930] 'BCHM301 - Binghamton University': no usable link (cache)
[1269/40930] 'BCHM401 - Binghamton University': no usable link (cache)
[1270/40930] 'BIO114 - Binghamton University': no usable link (cache)
[1271/40930] 'BIO115 - Binghamton University': no usable link (cache)
[1272/40930] 'BIO117 - Binghamton University': no usable link (cache)
[1273/40930] 'BIO118 - Binghamton University': no usable link (cache)
[1274/40930] 'BIO251 - Binghamton University': no usable link (cache)
[1275/40930] 'BIO301 - Binghamton University': no usable link (cache)
[1276/40930] 'BIO311 - Binghamton University': no usable link (cache)
[1277/40930] 'BIO332 - Binghamton University': no usable link (cache)
[1278/40930] 'BIO347 - Binghamton University': no usable link (cache)
[1279/40930] 'BIOL114 - Binghamton University': no usable link (cache)
[1280/40930] 'BIOL117 - Binghamton University': no usable link (cache)
[1281/40930] 'BIOL118 - Binghamton University': no usable link (cache)
[1282/40930] 'BIOL301 - Binghamton University': no usable link (cache)
[1283/40930] 'BIOL304 - Binghamton University': no usable link (cache)
[1284/40930] 'BIOL330 - Binghamton University': no usable link (cache)
[1285/40930] 'BIOL332 - Binghamton University': no usable link (cache)
[1286/40930] 'BIOL347 - Binghamton University': no usable link (cache)
[1287/40930] 'BIOL355 - Binghamton University': no usable link (cache)
[1288/40930] 'BIOL379 - Binghamton University': no usable link (cache)
[1289/40930] 'BIOL401 - Binghamton University': no usable link (cache)
[1290/40930] 'BIOL402 - Binghamton University': no usable link (cache)
[1291/40930] 'BIOL427 - Binghamton University': no usable link (cache)
[1292/40930] 'BLS111 - Binghamton University': no usable link (cache)
[1293/40930] 'CHEM102 - Binghamton University': no usable link (cache)
[1294/40930] 'CHEM104 - Binghamton University': no usable link (cache)
[1295/40930] 'CHEM105 - Binghamton University': no usable link (cache)
[1296/40930] 'CHEM106 - Binghamton University': no usable link (cache)
[1297/40930] 'CHEM108 - Binghamton University': no usable link (cache)
[1298/40930] 'CHEM111 - Binghamton University': no usable link (cache)
[1299/40930] 'CHEM221 - Binghamton University': no usable link (cache)
[1300/40930] 'CHEM311 - Binghamton University': no usable link (cache)
[1301/40930] 'CHEM362 - Binghamton University': no usable link (cache)
[1302/40930] 'CHIN102 - Binghamton University': no usable link (cache)
[1303/40930] 'CHIN103 - Binghamton University': no usable link (cache)
[1304/40930] 'CHIN111 - Binghamton University': no usable link (cache)
[1305/40930] 'CHIN305 - Binghamton University': no usable link (cache)
[1306/40930] 'CHIN306 - Binghamton University': no usable link (cache)
[1307/40930] 'CINE121 - Binghamton University': no usable link (cache)
[1308/40930] 'COLI110 - Binghamton University': no usable link (cache)
[1309/40930] 'COLI111 - Binghamton University': no usable link (cache)
[1310/40930] 'COLI210 - Binghamton University': no usable link (cache)
[1311/40930] 'COLI212 - Binghamton University': no usable link (cache)
[1312/40930] 'COLI331U - Binghamton University': no usable link (cache)
[1313/40930] 'CQS312 - Binghamton University': no usable link (cache)
[1314/40930] 'CW250 - Binghamton University': no usable link (cache)
[1315/40930] 'DATA501 - Binghamton University': no usable link (cache)
[1316/40930] 'ECO162B - Binghamton University': no usable link (cache)
[1317/40930] 'ECON160 - Binghamton University': no usable link (cache)
[1318/40930] 'ECON160C1 - Binghamton University': no usable link (cache)
[1319/40930] 'ECON162 - Binghamton University': no usable link (cache)
[1320/40930] 'ECON162B - Binghamton University': no usable link (cache)
[1321/40930] 'ECON350 - Binghamton University': no usable link (cache)
[1322/40930] 'ECON416 - Binghamton University': no usable link (cache)
[1323/40930] 'EDD111LAB - Binghamton University': no usable link (cache)
[1324/40930] 'EDD112 - Binghamton University': no usable link (cache)
[1325/40930] 'EDUC410 - Binghamton University': no usable link (cache)
[1326/40930] 'EECE115 - Binghamton University': no usable link (cache)
[1327/40930] 'ENG200C - Binghamton University': no usable link (cache)
[1328/40930] 'ENG230 - Binghamton University': no usable link (cache)
[1329/40930] 'ENG300L - Binghamton University': no usable link (cache)
[1330/40930] 'ENG310 - Binghamton University': no usable link (cache)
[1331/40930] 'ENG360 - Binghamton University': no usable link (cache)
[1332/40930] 'ENG360M - Binghamton University': no usable link (cache)
[1333/40930] 'ENG380 - Binghamton University': no usable link (cache)
[1334/40930] 'ENT560 - Binghamton University': no usable link (cache)
[1335/40930] 'ENVI239 - Binghamton University': no usable link (cache)
[1336/40930] 'ENVI338 - Binghamton University': no usable link (cache)
[1337/40930] 'ENVI382B - Binghamton University': no usable link (cache)
[1338/40930] 'FIN320 - Binghamton University': no usable link (cache)
[1339/40930] 'FIN322 - Binghamton University': no usable link (cache)
[1340/40930] 'FIN555 - Binghamton University': no usable link (cache)
[1341/40930] 'GEO121 - Binghamton University': no usable link (cache)
[1342/40930] 'GEOG101 - Binghamton University': no usable link (cache)
[1343/40930] 'GEOG120 - Binghamton University': no usable link (cache)
[1344/40930] 'GEOG121 - Binghamton University': no usable link (cache)
[1345/40930] 'GEOG151 - Binghamton University': no usable link (cache)
[1346/40930] 'GEOG1O1 - Binghamton University': no usable link (cache)
[1347/40930] 'GEOG232 - Binghamton University': no usable link (cache)
[1348/40930] 'GEOG235 - Binghamton University': no usable link (cache)
[1349/40930] 'GEOG330 - Binghamton University': no usable link (cache)
[1350/40930] 'GEOG335 - Binghamton University': no usable link (cache)
[1351/40930] 'GERM101 - Binghamton University': no usable link (cache)
[1352/40930] 'GERM241N - Binghamton University': no usable link (cache)
[1353/40930] 'GERM241S - Binghamton University': no usable link (cache)
[1354/40930] 'HARP150 - Binghamton University': no usable link (cache)
[1355/40930] 'HEB203 - Binghamton University': no usable link (cache)
[1356/40930] 'HEBR101 - Binghamton University': no usable link (cache)
[1357/40930] 'HEBR204 - Binghamton University': no usable link (cache)
[1358/40930] 'HEBR311 - Binghamton University': no usable link (cache)
[1359/40930] 'HIS238 - Binghamton University': no usable link (cache)
[1360/40930] 'HIST103A - Binghamton University': no usable link (cache)
[1361/40930] 'HIST104 - Binghamton University': no usable link (cache)
[1362/40930] 'HIST104A - Binghamton University': no usable link (cache)
[1363/40930] 'HIST185A - Binghamton University': no usable link (cache)
[1364/40930] 'HIST237 - Binghamton University': no usable link (cache)
[1365/40930] 'HIST237A - Binghamton University': no usable link (cache)
[1366/40930] 'HIST238 - Binghamton University': no usable link (cache)
[1367/40930] 'HIST257 - Binghamton University': no usable link (cache)
[1368/40930] 'HIST275 - Binghamton University': no usable link (cache)
[1369/40930] 'HIST276 - Binghamton University': no usable link (cache)
[1370/40930] 'HIST278 - Binghamton University': no usable link (cache)
[1371/40930] 'HIST281K - Binghamton University': no usable link (cache)
[1372/40930] 'HIST350 - Binghamton University': no usable link (cache)
[1373/40930] 'HIST352 - Binghamton University': no usable link (cache)
[1374/40930] 'HIST373 - Binghamton University': no usable link (cache)
[1375/40930] 'HIST374 - Binghamton University': no usable link (cache)
[1376/40930] 'HIST380D - Binghamton University': no usable link (cache)
[1377/40930] 'HIST385J - Binghamton University': no usable link (cache)
[1378/40930] 'HIST480N - Binghamton University': no usable link (cache)
[1379/40930] 'HSW222 - Binghamton University': no usable link (cache)
[1380/40930] 'HWS101 - Binghamton University': no usable link (cache)
[1381/40930] 'HWS103 - Binghamton University': no usable link (cache)
[1382/40930] 'HWS114 - Binghamton University': no usable link (cache)
[1383/40930] 'HWS210 - Binghamton University': no usable link (cache)
[1384/40930] 'HWS215 - Binghamton University': no usable link (cache)
[1385/40930] 'HWS217 - Binghamton University': no usable link (cache)
[1386/40930] 'HWS250 - Binghamton University': no usable link (cache)
[1387/40930] 'ISE231 - Binghamton University': no usable link (cache)
[1388/40930] 'ISRL150 - Binghamton University': no usable link (cache)
[1389/40930] 'ISRL385Z - Binghamton University': no usable link (cache)
[1390/40930] 'LAC105 - Binghamton University': no usable link (cache)
[1391/40930] 'LACAS105 - Binghamton University': no usable link (cache)
[1392/40930] 'LEAD352 - Binghamton University': no usable link (cache)
[1393/40930] 'MAT304 - Binghamton University': no usable link (cache)
[1394/40930] 'MATH1 - Binghamton University': no usable link (cache)
[1395/40930] 'MATH130 - Binghamton University': no usable link (cache)
[1396/40930] 'MATH221 - Binghamton University': no usable link (cache)
[1397/40930] 'MATH222 - Binghamton University': no usable link (cache)
[1398/40930] 'MATH227 - Binghamton University': no usable link (cache)
[1399/40930] 'MATH314 - Binghamton University': no usable link (cache)
[1400/40930] 'MATH324 - Binghamton University': no usable link (cache)
[1401/40930] 'MATH346 - Binghamton University': no usable link (cache)
[1402/40930] 'MATH450 - Binghamton University': no usable link (cache)
[1403/40930] 'MATH458 - Binghamton University': no usable link (cache)
[1404/40930] 'MATH478 - Binghamton University': no usable link (cache)
[1405/40930] 'MATH501 - Binghamton University': no usable link (cache)
[1406/40930] 'MDVL101 - Binghamton University': no usable link (cache)
[1407/40930] 'ME212 - Binghamton University': no usable link (cache)
[1408/40930] 'ME362 - Binghamton University': no usable link (cache)
[1409/40930] 'ME421 - Binghamton University': no usable link (cache)
[1410/40930] 'ME562 - Binghamton University': no usable link (cache)
[1411/40930] 'MGMT111 - Binghamton University': no usable link (cache)
[1412/40930] 'MGMT411 - Binghamton University': no usable link (cache)
[1413/40930] 'MGMT500 - Binghamton University': no usable link (cache)
[1414/40930] 'MGMT505 - Binghamton University': no usable link (cache)
[1415/40930] 'MGMT508 - Binghamton University': no usable link (cache)
[1416/40930] 'MIS325 - Binghamton University': no usable link (cache)
[1417/40930] 'MIS480C - Binghamton University': no usable link (cache)
[1418/40930] 'MIS480K - Binghamton University': no usable link (cache)
[1419/40930] 'MKTG311 - Binghamton University': no usable link (cache)
[1420/40930] 'MKTG340 - Binghamton University': no usable link (cache)
[1421/40930] 'MKTG475 - Binghamton University': no usable link (cache)
[1422/40930] 'MKTG575 - Binghamton University': no usable link (cache)
[1423/40930] 'MUS111 - Binghamton University': no usable link (cache)
[1424/40930] 'MUS112 - Binghamton University': no usable link (cache)
[1425/40930] 'MUS304 - Binghamton University': no usable link (cache)
[1426/40930] 'NURS322 - Binghamton University': no usable link (cache)
[1427/40930] 'PHIL111J - Binghamton University': no usable link (cache)
[1428/40930] 'PHIL122 - Binghamton University': no usable link (cache)
[1429/40930] 'PHIL140 - Binghamton University': no usable link (cache)
[1430/40930] 'PHIL146 - Binghamton University': no usable link (cache)
[1431/40930] 'PHIL148 - Binghamton University': no usable link (cache)
[1432/40930] 'PHIL148A - Binghamton University': no usable link (cache)
[1433/40930] 'PHIL149 - Binghamton University': no usable link (cache)
[1434/40930] 'PHIL345 - Binghamton University': no usable link (cache)
[1435/40930] 'PHIL456L - Binghamton University': no usable link (cache)
[1436/40930] 'PHIL458J - Binghamton University': no usable link (cache)
[1437/40930] 'PHYS122 - Binghamton University': no usable link (cache)
[1438/40930] 'PHYS131 - Binghamton University': no usable link (cache)
[1439/40930] 'PHYS132 - Binghamton University': no usable link (cache)
[1440/40930] 'PHYS323 - Binghamton University': no usable link (cache)
[1441/40930] 'PHYS341 - Binghamton University': no usable link (cache)
[1442/40930] 'PLSC117 - Binghamton University': no usable link (cache)
[1443/40930] 'PLSC327 - Binghamton University': no usable link (cache)
[1444/40930] 'PLSC331 - Binghamton University': no usable link (cache)
[1445/40930] 'PLSC333 - Binghamton University': no usable link (cache)
[1446/40930] 'PLSC380 - Binghamton University': no usable link (cache)
[1447/40930] 'PLSC382 - Binghamton University': no usable link (cache)
[1448/40930] 'PLSC382G - Binghamton University': no usable link (cache)
[1449/40930] 'PLSC389 - Binghamton University': no usable link (cache)
[1450/40930] 'PLSC414 - Binghamton University': no usable link (cache)
[1451/40930] 'PS389 - Binghamton University': no usable link (cache)
[1452/40930] 'PSYC111 - Binghamton University': no usable link (cache)
[1453/40930] 'PSYC228 - Binghamton University': no usable link (cache)
[1454/40930] 'PSYC234 - Binghamton University': no usable link (cache)
[1455/40930] 'PSYC243 - Binghamton University': no usable link (cache)
[1456/40930] 'PSYC350 - Binghamton University': no usable link (cache)
[1457/40930] 'PSYC360 - Binghamton University': no usable link (cache)
[1458/40930] 'PSYC362 - Binghamton University': no usable link (cache)
[1459/40930] 'PSYCH111 - Binghamton University': no usable link (cache)
[1460/40930] 'PSYCH243 - Binghamton University': no usable link (cache)
[1461/40930] 'PSYCH344 - Binghamton University': no usable link (cache)
[1462/40930] 'PSYCH350 - Binghamton University': no usable link (cache)
[1463/40930] 'PSYCH360 - Binghamton University': no usable link (cache)
[1464/40930] 'PYSC360 - Binghamton University': no usable link (cache)
[1465/40930] 'RHET246 - Binghamton University': no usable link (cache)
[1466/40930] 'RHET350 - Binghamton University': no usable link (cache)
[1467/40930] 'RUSS101 - Binghamton University': no usable link (cache)
[1468/40930] 'RUSS102 - Binghamton University': no usable link (cache)
[1469/40930] 'RUSS110 - Binghamton University': no usable link (cache)
[1470/40930] 'RUSS131B - Binghamton University': no usable link (cache)
[1471/40930] 'RUSS203 - Binghamton University': no usable link (cache)
[1472/40930] 'RUSS204 - Binghamton University': no usable link (cache)
[1473/40930] 'RUSS212 - Binghamton University': no usable link (cache)
[1474/40930] 'RUSS240 - Binghamton University': no usable link (cache)
[1475/40930] 'RUSS280 - Binghamton University': no usable link (cache)
[1476/40930] 'RUSS321 - Binghamton University': no usable link (cache)
[1477/40930] 'RUSS341 - Binghamton University': no usable link (cache)
[1478/40930] 'RUSS380C - Binghamton University': no usable link (cache)
[1479/40930] 'SCHL280 - Binghamton University': no usable link (cache)
[1480/40930] 'SCHL280O - Binghamton University': no usable link (cache)
[1481/40930] 'SOC100A - Binghamton University': no usable link (cache)
[1482/40930] 'SOC100B - Binghamton University': no usable link (cache)
[1483/40930] 'SOC480Q - Binghamton University': no usable link (cache)
[1484/40930] 'SOC480X - Binghamton University': no usable link (cache)
[1485/40930] 'SPAN211 - Binghamton University': no usable link (cache)
[1486/40930] 'SPAN344 - Binghamton University': no usable link (cache)
[1487/40930] 'SW504 - Binghamton University': no usable link (cache)
[1488/40930] 'THEA207 - Binghamton University': no usable link (cache)
[1489/40930] 'THEA220 - Binghamton University': no usable link (cache)
[1490/40930] 'THEA289O - Binghamton University': no usable link (cache)
[1491/40930] 'THEA332 - Binghamton University': no usable link (cache)
[1492/40930] 'THEA389A - Binghamton University': no usable link (cache)
[1493/40930] 'UNIV101 - Binghamton University': no usable link (cache)
[1494/40930] 'UNIV101K - Binghamton University': no usable link (cache)
[1495/40930] 'WRIT111 - Binghamton University': no usable link (cache)
[1496/40930] 'WTSN104 - Binghamton University': no usable link (cache)
[1497/40930] 'WTSN111 - Binghamton University': no usable link (cache)
[1498/40930] 'WTSN111LAB - Binghamton University': no usable link (cache)
[1499/40930] 'ACCT206 - Boise State University': no usable link (cache)
[1500/40930] 'BIO323LAB - Boise State University': no usable link (cache)
[1501/40930] 'BIOL192 - Boise State University': no usable link (cache)
[1502/40930] 'CAL170 - Boise State University': no usable link (cache)
[1503/40930] 'CJ103 - Boise State University': no usable link (cache)
[1504/40930] 'CJ104 - Boise State University': no usable link (cache)
[1505/40930] 'CJ317 - Boise State University': no usable link (cache)
[1506/40930] 'CJ331 - Boise State University': no usable link (cache)
[1507/40930] 'CJ497 - Boise State University': no usable link (cache)
[1508/40930] 'CJ498 - Boise State University': no usable link (cache)
[1509/40930] 'CMGT110 - Boise State University': no usable link (cache)
[1510/40930] 'CMGT120 - Boise State University': no usable link (cache)
[1511/40930] 'CW402 - Boise State University': no usable link (cache)
[1512/40930] 'EDLLC300 - Boise State University': no usable link (cache)
[1513/40930] 'FINAN303 - Boise State University': no usable link (cache)
[1514/40930] 'FINAN415 - Boise State University': no usable link (cache)
[1515/40930] 'GEOS201 - Boise State University': no usable link (cache)
[1516/40930] 'GEOS305 - Boise State University': no usable link (cache)
[1517/40930] 'HUM207 - Boise State University': no usable link (cache)
[1518/40930] 'ITM497 - Boise State University': no usable link (cache)
[1519/40930] 'KINES301 - Boise State University': no usable link (cache)
[1520/40930] 'LAT211 - Boise State University': no usable link (cache)
[1521/40930] 'MEDIA117 - Boise State University': no usable link (cache)
[1522/40930] 'MKTG401 - Boise State University': no usable link (cache)
[1523/40930] 'MKTG497 - Boise State University': no usable link (cache)
[1524/40930] 'MSE308 - Boise State University': no usable link (cache)
[1525/40930] 'MSE321 - Boise State University': no usable link (cache)
[1526/40930] 'PHIL494 - Boise State University': no usable link (cache)
[1527/40930] 'PHIL497 - Boise State University': no usable link (cache)
[1528/40930] 'PO200 - Boise State University': no usable link (cache)
[1529/40930] 'POLS143 - Boise State University': no usable link (cache)
[1530/40930] 'POLS440 - Boise State University': no usable link (cache)
[1531/40930] 'PSYC487 - Boise State University': no usable link (cache)
[1532/40930] 'PSYCH219 - Boise State University': no usable link (cache)
[1533/40930] 'SCM345 - Boise State University': no usable link (cache)
[1534/40930] 'SOC504 - Boise State University': no usable link (cache)
[1535/40930] 'SPS240 - Boise State University': no usable link (cache)
[1536/40930] 'THEA233 - Boise State University': no usable link (cache)
[1537/40930] 'UF100 - Boise State University': no usable link (cache)
[1538/40930] 'UF300 - Boise State University': no usable link (cache)
[1539/40930] 'ZOOL305 - Boise State University': no usable link (cache)
[1540/40930] 'AADS1139 - Boston College': no usable link (cache)
[1541/40930] 'AADS1155 - Boston College': no usable link (cache)
[1542/40930] 'ACCT1021 - Boston College': no usable link (cache)
[1543/40930] 'APSY1031 - Boston College': no usable link (cache)
[1544/40930] 'APSY2240 - Boston College': no usable link (cache)
[1545/40930] 'ARTH2212 - Boston College': no usable link (cache)
[1546/40930] 'BIIOL4350 - Boston College': no usable link (cache)
[1547/40930] 'BIO3030 - Boston College': no usable link (cache)
[1548/40930] 'BIOL1300 - Boston College': no usable link (cache)
[1549/40930] 'BIOL2040 - Boston College': no usable link (cache)
[1550/40930] 'BIOL3030 - Boston College': no usable link (cache)
[1551/40930] 'BIOL3190 - Boston College': no usable link (cache)
[1552/40930] 'BIOL4350 - Boston College': no usable link (cache)
[1553/40930] 'BSLW1021 - Boston College': no usable link (cache)
[1554/40930] 'BZAN1021 - Boston College': no usable link (cache)
[1555/40930] 'BZAN1135 - Boston College': no usable link (cache)
[1556/40930] 'CHEM1109 - Boston College': no usable link (cache)
[1557/40930] 'CHEM1161 - Boston College': no usable link (cache)
[1558/40930] 'CHEM2231 - Boston College': no usable link (cache)
[1559/40930] 'CHEM2233 - Boston College': no usable link (cache)
[1560/40930] 'CLAS1011 - Boston College': no usable link (cache)
[1561/40930] 'CLAS1056 - Boston College': no usable link (cache)
[1562/40930] 'CLAS2250 - Boston College': no usable link (cache)
[1563/40930] 'COMM1030 - Boston College': no usable link (cache)
[1564/40930] 'ECON1151 - Boston College': no usable link (cache)
[1565/40930] 'ECON1702 - Boston College': no usable link (cache)
[1566/40930] 'ECON2205 - Boston College': no usable link (cache)
[1567/40930] 'ECON2269 - Boston College': no usable link (cache)
[1568/40930] 'EESC1150 - Boston College': no usable link (cache)
[1569/40930] 'EESC1170 - Boston College': no usable link (cache)
[1570/40930] 'EESC1180 - Boston College': no usable link (cache)
[1571/40930] 'EN1080 - Boston College': no usable link (cache)
[1572/40930] 'ENGL1151 - Boston College': no usable link (cache)
[1573/40930] 'ENGL1729 - Boston College': no usable link (cache)
[1574/40930] 'ENGL2212 - Boston College': no usable link (cache)
[1575/40930] 'ENGR1801 - Boston College': no usable link (cache)
[1576/40930] 'HIST1068 - Boston College': no usable link (cache)
[1577/40930] 'HIST1076 - Boston College': no usable link (cache)
[1578/40930] 'HIST1077 - Boston College': no usable link (cache)
[1579/40930] 'HIST1078 - Boston College': no usable link (cache)
[1580/40930] 'HIST2406 - Boston College': no usable link (cache)
[1581/40930] 'INTL2204 - Boston College': no usable link (cache)
[1582/40930] 'INTL2854 - Boston College': no usable link (cache)
[1583/40930] 'MF801 - Boston College': no usable link (cache)
[1584/40930] 'MFIN1021 - Boston College': no usable link (cache)
[1585/40930] 'MFIN1151 - Boston College': no usable link (cache)
[1586/40930] 'MFIN2235 - Boston College': no usable link (cache)
[1587/40930] 'MFIN2270 - Boston College': no usable link (cache)
[1588/40930] 'MFIN6650 - Boston College': no usable link (cache)
[1589/40930] 'MFIN7722 - Boston College': no usable link (cache)
[1590/40930] 'MFIN8807 - Boston College': no usable link (cache)
[1591/40930] 'PHIL1070 - Boston College': no usable link (cache)
[1592/40930] 'PHIL1071 - Boston College': no usable link (cache)
[1593/40930] 'PHIL1088 - Boston College': no usable link (cache)
[1594/40930] 'PHIL1090 - Boston College': no usable link (cache)
[1595/40930] 'PHIL1091 - Boston College': no usable link (cache)
[1596/40930] 'PHIL5500 - Boston College': no usable link (cache)
[1597/40930] 'POLI1041 - Boston College': no usable link (cache)
[1598/40930] 'POLI1042 - Boston College': no usable link (cache)
[1599/40930] 'POLI1091 - Boston College': no usable link (cache)
[1600/40930] 'POLI1244 - Boston College': no usable link (cache)
[1601/40930] 'POLI1266 - Boston College': no usable link (cache)
[1602/40930] 'POLI2440 - Boston College': no usable link (cache)
[1603/40930] 'POLI2508 - Boston College': no usable link (cache)
[1604/40930] 'POLI2550 - Boston College': no usable link (cache)
[1605/40930] 'POLI2617 - Boston College': no usable link (cache)
[1606/40930] 'POLI2620 - Boston College': no usable link (cache)
[1607/40930] 'PRTO1000 - Boston College': no usable link (cache)
[1608/40930] 'PSYC11101 - Boston College': no usable link (cache)
[1609/40930] 'PSYC1120 - Boston College': no usable link (cache)
[1610/40930] 'PSYC2250 - Boston College': no usable link (cache)
[1611/40930] 'PYSC1122 - Boston College': no usable link (cache)
[1612/40930] 'SPAN2215 - Boston College': no usable link (cache)
[1613/40930] 'THEO1090 - Boston College': no usable link (cache)
[1614/40930] 'THEO1401 - Boston College': no usable link (cache)
[1615/40930] 'THEO1402 - Boston College': no usable link (cache)
[1616/40930] 'THEO1421 - Boston College': no usable link (cache)
[1617/40930] 'THEO1422 - Boston College': no usable link (cache)
[1618/40930] 'THEO1431 - Boston College': no usable link (cache)
[1619/40930] 'THEO1701 - Boston College': no usable link (cache)
[1620/40930] 'THEO1710 - Boston College': no usable link (cache)
[1621/40930] 'THEO1726 - Boston College': no usable link (cache)
[1622/40930] 'THTR1125 - Boston College': no usable link (cache)
[1623/40930] 'UNAS1005 - Boston College': no usable link (cache)
[1624/40930] 'UNAS1702 - Boston College': no usable link (cache)
[1625/40930] 'UNAS1716 - Boston College': no usable link (cache)
[1626/40930] 'UNAS1725 - Boston College': no usable link (cache)
[1627/40930] 'UNCS2201 - Boston College': no usable link (cache)
[1628/40930] 'AD523 - Boston University': no usable link (cache)
[1629/40930] 'AM413 - Boston University': no usable link (cache)
[1630/40930] 'BI421 - Boston University': no usable link (cache)
[1631/40930] 'CASEE201 - Boston University': no usable link (cache)
[1632/40930] 'CASHI271 - Boston University': no usable link (cache)
[1633/40930] 'CASWR150 - Boston University': no usable link (cache)
[1634/40930] 'CGS201 - Boston University': no usable link (cache)
[1635/40930] 'CM301 - Boston University': no usable link (cache)
[1636/40930] 'COM313 - Boston University': no usable link (cache)
[1637/40930] 'EK126 - Boston University': no usable link (cache)
[1638/40930] 'EK130 - Boston University': no usable link (cache)
[1639/40930] 'EK304 - Boston University': no usable link (cache)
[1640/40930] 'ENGEK126 - Boston University': no usable link (cache)
[1641/40930] 'ES142 - Boston University': no usable link (cache)
[1642/40930] 'FR211 - Boston University': no usable link (cache)
[1643/40930] 'GE103 - Boston University': no usable link (cache)
[1644/40930] 'GE201 - Boston University': no usable link (cache)
[1645/40930] 'GG100 - Boston University': no usable link (cache)
[1646/40930] 'IR546 - Boston University': no usable link (cache)
[1647/40930] 'KHCAM101 - Boston University': no usable link (cache)
[1648/40930] 'LF303 - Boston University': no usable link (cache)
[1649/40930] 'LF304 - Boston University': no usable link (cache)
[1650/40930] 'LG112 - Boston University': no usable link (cache)
[1651/40930] 'LG250 - Boston University': no usable link (cache)
[1652/40930] 'LS221 - Boston University': no usable link (cache)
[1653/40930] 'MG448 - Boston University': no usable link (cache)
[1654/40930] 'SC330 - Boston University': no usable link (cache)
[1655/40930] 'SC410 - Boston University': no usable link (cache)
[1656/40930] 'SC455 - Boston University': no usable link (cache)
[1657/40930] 'SM151 - Boston University': no usable link (cache)
[1658/40930] 'TM520 - Boston University': no usable link (cache)
[1659/40930] 'WR097 - Boston University': no usable link (cache)
[1660/40930] 'WR100M7 - Boston University': no usable link (cache)
[1661/40930] 'WR97 - Boston University': no usable link (cache)
[1662/40930] 'ARTH213 - Bowdoin College': no usable link (cache)
[1663/40930] 'BIO1101LAB - Bowdoin College': no usable link (cache)
[1664/40930] 'BIOL1109 - Bowdoin College': no usable link (cache)
[1665/40930] 'CHEM1102 - Bowdoin College': no usable link (cache)
[1666/40930] 'CLA212 - Bowdoin College': no usable link (cache)
[1667/40930] 'ECON228 - Bowdoin College': no usable link (cache)
[1668/40930] 'EDUC1101 - Bowdoin College': no usable link (cache)
[1669/40930] 'GOV010 - Bowdoin College': no usable link (cache)
[1670/40930] 'GOV012 - Bowdoin College': no usable link (cache)
[1671/40930] 'GOV026 - Bowdoin College': no usable link (cache)
[1672/40930] 'GOV2200 - Bowdoin College': no usable link (cache)
[1673/40930] 'GOV240 - Bowdoin College': no usable link (cache)
[1674/40930] 'GOV2400 - Bowdoin College': no usable link (cache)
[1675/40930] 'GOV245 - Bowdoin College': no usable link (cache)
[1676/40930] 'GOV250 - Bowdoin College': no usable link (cache)
[1677/40930] 'HISP2204 - Bowdoin College': no usable link (cache)
[1678/40930] 'MATH1750 - Bowdoin College': no usable link (cache)
[1679/40930] 'PHIL2111 - Bowdoin College': no usable link (cache)
[1680/40930] 'ACCT221 - Bowling Green State University': no usable link (cache)
[1681/40930] 'ACCT2210 - Bowling Green State University': no usable link (cache)
[1682/40930] 'ACCT2220 - Bowling Green State University': no usable link (cache)
[1683/40930] 'ACCT6600 - Bowling Green State University': no usable link (cache)
[1684/40930] 'ADV1010 - Bowling Green State University': no usable link (cache)
[1685/40930] 'ADV4800 - Bowling Green State University': no usable link (cache)
[1686/40930] 'AHS4050 - Bowling Green State University': no usable link (cache)
[1687/40930] 'AMPD2510 - Bowling Green State University': no usable link (cache)
[1688/40930] 'AMPD2810 - Bowling Green State University': no usable link (cache)
[1689/40930] 'BA1500 - Bowling Green State University': no usable link (cache)
[1690/40930] 'BA1600 - Bowling Green State University': no usable link (cache)
[1691/40930] 'BA1700 - Bowling Green State University': no usable link (cache)
[1692/40930] 'BA203 - Bowling Green State University': no usable link (cache)
[1693/40930] 'BA2030 - Bowling Green State University': no usable link (cache)
[1694/40930] 'BA2110 - Bowling Green State University': no usable link (cache)
[1695/40930] 'BA3100 - Bowling Green State University': no usable link (cache)
[1696/40930] 'BA390 - Bowling Green State University': no usable link (cache)
[1697/40930] 'BA3900 - Bowling Green State University': no usable link (cache)
[1698/40930] 'BA4060 - Bowling Green State University': no usable link (cache)
[1699/40930] 'BIO1040 - Bowling Green State University': no usable link (cache)
[1700/40930] 'BIO1080 - Bowling Green State University': no usable link (cache)
[1701/40930] 'BIO2040 - Bowling Green State University': no usable link (cache)
[1702/40930] 'BIO204H - Bowling Green State University': no usable link (cache)
[1703/40930] 'BIO2050 - Bowling Green State University': no usable link (cache)
[1704/40930] 'BIO3320 - Bowling Green State University': no usable link (cache)
[1705/40930] 'BIOL1040 - Bowling Green State University': no usable link (cache)
[1706/40930] 'BIOL1080 - Bowling Green State University': no usable link (cache)
[1707/40930] 'BIOL204H - Bowling Green State University': no usable link (cache)
[1708/40930] 'BIOL3140 - Bowling Green State University': no usable link (cache)
[1709/40930] 'BIOL3310 - Bowling Green State University': no usable link (cache)
[1710/40930] 'BIOL3320 - Bowling Green State University': no usable link (cache)
[1711/40930] 'BIOL3740 - Bowling Green State University': no usable link (cache)
[1712/40930] 'BIOL408 - Bowling Green State University': no usable link (cache)
[1713/40930] 'BIOL4080 - Bowling Green State University': no usable link (cache)
[1714/40930] 'BIOL4390 - Bowling Green State University': no usable link (cache)
[1715/40930] 'CAST2010 - Bowling Green State University': no usable link (cache)
[1716/40930] 'CHEM1230 - Bowling Green State University': no usable link (cache)
[1717/40930] 'CHEM1240 - Bowling Green State University': no usable link (cache)
[1718/40930] 'CHEM1270 - Bowling Green State University': no usable link (cache)
[1719/40930] 'CHEM1280 - Bowling Green State University': no usable link (cache)
[1720/40930] 'CHEM1350H - Bowling Green State University': no usable link (cache)
[1721/40930] 'CHEM135H - Bowling Green State University': no usable link (cache)
[1722/40930] 'CLCV2420 - Bowling Green State University': no usable link (cache)
[1723/40930] 'CLCV3800 - Bowling Green State University': no usable link (cache)
[1724/40930] 'CONS2350 - Bowling Green State University': no usable link (cache)
[1725/40930] 'CRJU3300 - Bowling Green State University': no usable link (cache)
[1726/40930] 'CRJU3951 - Bowling Green State University': no usable link (cache)
[1727/40930] 'CS1000 - Bowling Green State University': no usable link (cache)
[1728/40930] 'ECON473 - Bowling Green State University': no usable link (cache)
[1729/40930] 'EDAS409 - Bowling Green State University': no usable link (cache)
[1730/40930] 'EDAS4090 - Bowling Green State University': no usable link (cache)
[1731/40930] 'EDFI4080 - Bowling Green State University': no usable link (cache)
[1732/40930] 'EDFI409 - Bowling Green State University': no usable link (cache)
[1733/40930] 'EDHD2010 - Bowling Green State University': no usable link (cache)
[1734/40930] 'EDIS2310 - Bowling Green State University': no usable link (cache)
[1735/40930] 'EDIS2500 - Bowling Green State University': no usable link (cache)
[1736/40930] 'EDIS3100 - Bowling Green State University': no usable link (cache)
[1737/40930] 'EDIS3320 - Bowling Green State University': no usable link (cache)
[1738/40930] 'EDTL1320 - Bowling Green State University': no usable link (cache)
[1739/40930] 'EDTL2010 - Bowling Green State University': no usable link (cache)
[1740/40930] 'EDTL2010C - Bowling Green State University': no usable link (cache)
[1741/40930] 'EDTL2020 - Bowling Green State University': no usable link (cache)
[1742/40930] 'EDTL4760 - Bowling Green State University': no usable link (cache)
[1743/40930] 'EIEC1110 - Bowling Green State University': no usable link (cache)
[1744/40930] 'ENG112H - Bowling Green State University': no usable link (cache)
[1745/40930] 'ENG3440 - Bowling Green State University': no usable link (cache)
[1746/40930] 'ENG3450 - Bowling Green State University': no usable link (cache)
[1747/40930] 'AMST100A - Brandeis University': no usable link (cache)
[1748/40930] 'ANTH112B - Brandeis University': no usable link (cache)
[1749/40930] 'ANTH133B - Brandeis University': no usable link (cache)
[1750/40930] 'ANTH140B - Brandeis University': no usable link (cache)
[1751/40930] 'ANTH155B - Brandeis University': no usable link (cache)
[1752/40930] 'ANTH60A - Brandeis University': no usable link (cache)
[1753/40930] 'ANTH7A - Brandeis University': no usable link (cache)
[1754/40930] 'BCHEM88 - Brandeis University': no usable link (cache)
[1755/40930] 'BCHM100 - Brandeis University': no usable link (cache)
[1756/40930] 'BIO15B - Brandeis University': no usable link (cache)
[1757/40930] 'BIO18 - Brandeis University': no usable link (cache)
[1758/40930] 'BIOL14A - Brandeis University': no usable link (cache)
[1759/40930] 'BIOL18A - Brandeis University': no usable link (cache)
[1760/40930] 'BIOL18B - Brandeis University': no usable link (cache)
[1761/40930] 'BIOL55 - Brandeis University': no usable link (cache)
[1762/40930] 'BUS152 - Brandeis University': no usable link (cache)
[1763/40930] 'CBIO101 - Brandeis University': no usable link (cache)
[1764/40930] 'CHEM132B - Brandeis University': no usable link (cache)
[1765/40930] 'CHEM15 - Brandeis University': no usable link (cache)
[1766/40930] 'CHEM15B - Brandeis University': no usable link (cache)
[1767/40930] 'CHIN106 - Brandeis University': no usable link (cache)
[1768/40930] 'CHIN40B - Brandeis University': no usable link (cache)
[1769/40930] 'ECON172B - Brandeis University': no usable link (cache)
[1770/40930] 'ECON202A - Brandeis University': no usable link (cache)
[1771/40930] 'ECON260 - Brandeis University': no usable link (cache)
[1772/40930] 'ECON35B - Brandeis University': no usable link (cache)
[1773/40930] 'ECON65 - Brandeis University': no usable link (cache)
[1774/40930] 'ENG125B - Brandeis University': no usable link (cache)
[1775/40930] 'ENG154B - Brandeis University': no usable link (cache)
[1776/40930] 'ENG157A - Brandeis University': no usable link (cache)
[1777/40930] 'ENG187 - Brandeis University': no usable link (cache)
[1778/40930] 'ENG19 - Brandeis University': no usable link (cache)
[1779/40930] 'ENG1A - Brandeis University': no usable link (cache)
[1780/40930] 'ENG60A - Brandeis University': no usable link (cache)
[1781/40930] 'ACC406 - Brigham Young University': no usable link (cache)
[1782/40930] 'ACC525 - Brigham Young University': no usable link (cache)
[1783/40930] 'AHGT100 - Brigham Young University': no usable link (cache)
[1784/40930] 'AHTG100 - Brigham Young University': no usable link (cache)
[1785/40930] 'AMHER100 - Brigham Young University': no usable link (cache)
[1786/40930] 'AMHTG100 - Brigham Young University': no usable link (cache)
[1787/40930] 'BM459 - Brigham Young University': no usable link (cache)
[1788/40930] 'BOM101 - Brigham Young University': no usable link (cache)
[1789/40930] 'BOM121 - Brigham Young University': no usable link (cache)
[1790/40930] 'BOM122 - Brigham Young University': no usable link (cache)
[1791/40930] 'BOM225 - Brigham Young University': no usable link (cache)
[1792/40930] 'BOM275 - Brigham Young University': no usable link (cache)
[1793/40930] 'BUSM201 - Brigham Young University': no usable link (cache)
[1794/40930] 'BUSM300 - Brigham Young University': no usable link (cache)
[1795/40930] 'BUSM301 - Brigham Young University': no usable link (cache)
[1796/40930] 'BUSM401 - Brigham Young University': no usable link (cache)
[1797/40930] 'BUSM402 - Brigham Young University': no usable link (cache)
[1798/40930] 'BUSM459 - Brigham Young University': no usable link (cache)
[1799/40930] 'BUSM494R - Brigham Young University': no usable link (cache)
[1800/40930] 'BUSM596R - Brigham Young University': no usable link (cache)
[1801/40930] 'CEEN113 - Brigham Young University': no usable link (cache)
[1802/40930] 'CEEN170 - Brigham Young University': no usable link (cache)
[1803/40930] 'CEEN270 - Brigham Young University': no usable link (cache)
[1804/40930] 'CEEN545 - Brigham Young University': no usable link (cache)
[1805/40930] 'CELL120 - Brigham Young University': no usable link (cache)
[1806/40930] 'COMD211 - Brigham Young University': no usable link (cache)
[1807/40930] 'COMD332 - Brigham Young University': no usable link (cache)
[1808/40930] 'COMMS101 - Brigham Young University': no usable link (cache)
[1809/40930] 'COMMS230 - Brigham Young University': no usable link (cache)
[1810/40930] 'COMMS235 - Brigham Young University': no usable link (cache)
[1811/40930] 'COMMS239 - Brigham Young University': no usable link (cache)
[1812/40930] 'COMMS313 - Brigham Young University': no usable link (cache)
[1813/40930] 'COMMS320 - Brigham Young University': no usable link (cache)
[1814/40930] 'COMMS321 - Brigham Young University': no usable link (cache)
[1815/40930] 'COMMS325 - Brigham Young University': no usable link (cache)
[1816/40930] 'COMMS377 - Brigham Young University': no usable link (cache)
[1817/40930] 'COMMS436 - Brigham Young University': no usable link (cache)
[1818/40930] 'COMMS482 - Brigham Young University': no usable link (cache)
[1819/40930] 'COMMS489 - Brigham Young University': no usable link (cache)
[1820/40930] 'DANCE135 - Brigham Young University': no usable link (cache)
[1821/40930] 'DANCE180 - Brigham Young University': no usable link (cache)
[1822/40930] 'DANCE235R - Brigham Young University': no usable link (cache)
[1823/40930] 'DANCE271 - Brigham Young University': no usable link (cache)
[1824/40930] 'ECON413R - Brigham Young University': no usable link (cache)
[1825/40930] 'EDLF201 - Brigham Young University': no usable link (cache)
[1826/40930] 'ELANG223 - Brigham Young University': no usable link (cache)
[1827/40930] 'ELANG324 - Brigham Young University': no usable link (cache)
[1828/40930] 'ELANG326 - Brigham Young University': no usable link (cache)
[1829/40930] 'ELED202 - Brigham Young University': no usable link (cache)
[1830/40930] 'ELED445 - Brigham Young University': no usable link (cache)
[1831/40930] 'ELED446 - Brigham Young University': no usable link (cache)
[1832/40930] 'ACC1010 - Brooklyn College': no usable link (cache)
[1833/40930] 'ACC2001 - Brooklyn College': no usable link (cache)
[1834/40930] 'ACC3011 - Brooklyn College': no usable link (cache)
[1835/40930] 'ACC3021 - Brooklyn College': no usable link (cache)
[1836/40930] 'ACC3201 - Brooklyn College': no usable link (cache)
[1837/40930] 'ACCT2001 - Brooklyn College': no usable link (cache)
[1838/40930] 'ACCT3001 - Brooklyn College': no usable link (cache)
[1839/40930] 'ACCT3021 - Brooklyn College': no usable link (cache)
[1840/40930] 'ACCT3041 - Brooklyn College': no usable link (cache)
[1841/40930] 'ACCT3051 - Brooklyn College': no usable link (cache)
[1842/40930] 'ACCT3360 - Brooklyn College': no usable link (cache)
[1843/40930] 'ACCT40 - Brooklyn College': no usable link (cache)
[1844/40930] 'ACCT4201 - Brooklyn College': no usable link (cache)
[1845/40930] 'ACCT4501W - Brooklyn College': no usable link (cache)
[1846/40930] 'ACCT7107X - Brooklyn College': no usable link (cache)
[1847/40930] 'ACT2001 - Brooklyn College': no usable link (cache)
[1848/40930] 'AFST1001 - Brooklyn College': no usable link (cache)
[1849/40930] 'AFST3135 - Brooklyn College': no usable link (cache)
[1850/40930] 'AFST3247 - Brooklyn College': no usable link (cache)
[1851/40930] 'ANTH1100 - Brooklyn College': no usable link (cache)
[1852/40930] 'ANTH1105 - Brooklyn College': no usable link (cache)
[1853/40930] 'ANTH1200 - Brooklyn College': no usable link (cache)
[1854/40930] 'ANTH1205 - Brooklyn College': no usable link (cache)
[1855/40930] 'ANTH2205 - Brooklyn College': no usable link (cache)
[1856/40930] 'ANTH3135 - Brooklyn College': no usable link (cache)
[1857/40930] 'ARAB1010 - Brooklyn College': no usable link (cache)
[1858/40930] 'ARAB1020 - Brooklyn College': no usable link (cache)
[1859/40930] 'ARTD2010 - Brooklyn College': no usable link (cache)
[1860/40930] 'ARTD2210 - Brooklyn College': no usable link (cache)
[1861/40930] 'ARTD2811 - Brooklyn College': no usable link (cache)
[1862/40930] 'BIO1001 - Brooklyn College': no usable link (cache)
[1863/40930] 'BIO1010 - Brooklyn College': no usable link (cache)
[1864/40930] 'BIO171 - Brooklyn College': no usable link (cache)
[1865/40930] 'BIO3004 - Brooklyn College': no usable link (cache)
[1866/40930] 'BIO34 - Brooklyn College': no usable link (cache)
[1867/40930] 'BIO341 - Brooklyn College': no usable link (cache)
[1868/40930] 'BIO4011 - Brooklyn College': no usable link (cache)
[1869/40930] 'BIO4013 - Brooklyn College': no usable link (cache)
[1870/40930] 'BIOL1002LAB - Brooklyn College': no usable link (cache)
[1871/40930] 'BU501 - Brooklyn College': no usable link (cache)
[1872/40930] 'BUS2300 - Brooklyn College': no usable link (cache)
[1873/40930] 'BUS302 - Brooklyn College': no usable link (cache)
[1874/40930] 'BUS3100 - Brooklyn College': no usable link (cache)
[1875/40930] 'BUS3200 - Brooklyn College': no usable link (cache)
[1876/40930] 'BUS3230 - Brooklyn College': no usable link (cache)
[1877/40930] 'BUS331 - Brooklyn College': no usable link (cache)
[1878/40930] 'BUS3430 - Brooklyn College': no usable link (cache)
[1879/40930] 'BUS50 - Brooklyn College': no usable link (cache)
[1880/40930] 'BUS507 - Brooklyn College': no usable link (cache)
[1881/40930] 'BUS704 - Brooklyn College': no usable link (cache)
[1882/40930] 'BUS7204 - Brooklyn College': no usable link (cache)
[1883/40930] 'BUS7206 - Brooklyn College': no usable link (cache)
[1884/40930] 'BUS7208 - Brooklyn College': no usable link (cache)
[1885/40930] 'BUS7210 - Brooklyn College': no usable link (cache)
[1886/40930] 'BUS7220 - Brooklyn College': no usable link (cache)
[1887/40930] 'BUS7230 - Brooklyn College': no usable link (cache)
[1888/40930] 'BUS7260 - Brooklyn College': no usable link (cache)
[1889/40930] 'BUS764 - Brooklyn College': no usable link (cache)
[1890/40930] 'BUSER6 - Brooklyn College': no usable link (cache)
[1891/40930] 'BUSN2300 - Brooklyn College': no usable link (cache)
[1892/40930] 'BUSN3300 - Brooklyn College': no usable link (cache)
[1893/40930] 'BUSN3310 - Brooklyn College': no usable link (cache)
[1894/40930] 'BUSN3350 - Brooklyn College': no usable link (cache)
[1895/40930] 'BUSN3400 - Brooklyn College': no usable link (cache)
[1896/40930] 'BUSN3421 - Brooklyn College': no usable link (cache)
[1897/40930] 'BUSN4100W - Brooklyn College': no usable link (cache)
[1898/40930] 'BUSN7131 - Brooklyn College': no usable link (cache)
[1899/40930] 'BUSN7208 - Brooklyn College': no usable link (cache)
[1900/40930] 'BUSN7257 - Brooklyn College': no usable link (cache)
[1901/40930] 'BUSN7276 - Brooklyn College': no usable link (cache)
[1902/40930] 'BUSN7279 - Brooklyn College': no usable link (cache)
[1903/40930] 'BUSN7279X - Brooklyn College': no usable link (cache)
[1904/40930] 'CAL1 - Brooklyn College': no usable link (cache)
[1905/40930] 'CALC2201 - Brooklyn College': no usable link (cache)
[1906/40930] 'CASD1113 - Brooklyn College': no usable link (cache)
[1907/40930] 'CASD1608 - Brooklyn College': no usable link (cache)
[1908/40930] 'CASD1643 - Brooklyn College': no usable link (cache)
[1909/40930] 'CASD1707 - Brooklyn College': no usable link (cache)
[1910/40930] 'CBSE3204 - Brooklyn College': no usable link (cache)
[1911/40930] 'CC1130 - Brooklyn College': no usable link (cache)
[1912/40930] 'CC23 - Brooklyn College': no usable link (cache)
[1913/40930] 'CC3203 - Brooklyn College': no usable link (cache)
[1914/40930] 'CHEM1 - Brooklyn College': no usable link (cache)
[1915/40930] 'CHEM1100LAB - Brooklyn College': no usable link (cache)
[1916/40930] 'CHEM1200 - Brooklyn College': no usable link (cache)
[1917/40930] 'CHEM1200REC - Brooklyn College': no usable link (cache)
[1918/40930] 'CHEM2 - Brooklyn College': no usable link (cache)
[1919/40930] 'CHEM2100 - Brooklyn College': no usable link (cache)
[1920/40930] 'CHEM2500 - Brooklyn College': no usable link (cache)
[1921/40930] 'CHEM3512 - Brooklyn College': no usable link (cache)
[1922/40930] 'CHEM3521 - Brooklyn College': no usable link (cache)
[1923/40930] 'CHEM3522 - Brooklyn College': no usable link (cache)
[1924/40930] 'CHI1 - Brooklyn College': no usable link (cache)
[1925/40930] 'CIS27 - Brooklyn College': no usable link (cache)
[1926/40930] 'CIS7550 - Brooklyn College': no usable link (cache)
[1927/40930] 'CISC3440 - Brooklyn College': no usable link (cache)
[1928/40930] 'COMM1001 - Brooklyn College': no usable link (cache)
[1929/40930] 'COMM2000 - Brooklyn College': no usable link (cache)
[1930/40930] 'COR3310 - Brooklyn College': no usable link (cache)
[1931/40930] 'CORC1130 - Brooklyn College': no usable link (cache)
[1932/40930] 'CORC1210 - Brooklyn College': no usable link (cache)
[1933/40930] 'CORC1230 - Brooklyn College': no usable link (cache)
[1934/40930] 'CORC1300 - Brooklyn College': no usable link (cache)
[1935/40930] 'CORC3107 - Brooklyn College': no usable link (cache)
[1936/40930] 'CORC3109 - Brooklyn College': no usable link (cache)
[1937/40930] 'CORC3203 - Brooklyn College': no usable link (cache)
[1938/40930] 'CORE10 - Brooklyn College': no usable link (cache)
[1939/40930] 'CORE1210 - Brooklyn College': no usable link (cache)
[1940/40930] 'CORE1332 - Brooklyn College': no usable link (cache)
[1941/40930] 'CORE22 - Brooklyn College': no usable link (cache)
[1942/40930] 'CORE332 - Brooklyn College': no usable link (cache)
[1943/40930] 'CORE6 - Brooklyn College': no usable link (cache)
[1944/40930] 'CORE82 - Brooklyn College': no usable link (cache)
[1945/40930] 'CORE9 - Brooklyn College': no usable link (cache)
[1946/40930] 'ECAE7108 - Brooklyn College': no usable link (cache)
[1947/40930] 'ECO101 - Brooklyn College': no usable link (cache)
[1948/40930] 'ECO2100 - Brooklyn College': no usable link (cache)
[1949/40930] 'ECO701 - Brooklyn College': no usable link (cache)
[1950/40930] 'ECON2100 - Brooklyn College': no usable link (cache)
[1951/40930] 'ECON302 - Brooklyn College': no usable link (cache)
[1952/40930] 'ECON3320 - Brooklyn College': no usable link (cache)
[1953/40930] 'ECON3400 - Brooklyn College': no usable link (cache)
[1954/40930] 'ECON3410 - Brooklyn College': no usable link (cache)
[1955/40930] 'ECON701 - Brooklyn College': no usable link (cache)
[1956/40930] 'ECON752 - Brooklyn College': no usable link (cache)
[1957/40930] 'ENG1 - Brooklyn College': no usable link (cache)
[1958/40930] 'ENG2009 - Brooklyn College': no usable link (cache)
[1959/40930] 'ENG2121 - Brooklyn College': no usable link (cache)
[1960/40930] 'ENG3189 - Brooklyn College': no usable link (cache)
[1961/40930] 'ENGL1010 - Brooklyn College': no usable link (cache)
[1962/40930] 'ENGL2009 - Brooklyn College': no usable link (cache)
[1963/40930] 'ENGL2115 - Brooklyn College': no usable link (cache)
[1964/40930] 'ENGL2116 - Brooklyn College': no usable link (cache)
[1965/40930] 'ENGL2301 - Brooklyn College': no usable link (cache)
[1966/40930] 'APMA1740 - Brown University': no usable link (cache)
[1967/40930] 'BIOL0800 - Brown University': no usable link (cache)
[1968/40930] 'CG42 - Brown University': no usable link (cache)
[1969/40930] 'CH0035 - Brown University': no usable link (cache)
[1970/40930] 'CH33 - Brown University': no usable link (cache)
[1971/40930] 'CH35 - Brown University': no usable link (cache)
[1972/40930] 'CHEM0330 - Brown University': no usable link (cache)
[1973/40930] 'CHEM0350 - Brown University': no usable link (cache)
[1974/40930] 'CL112 - Brown University': no usable link (cache)
[1975/40930] 'CLAS1120 - Brown University': no usable link (cache)
[1976/40930] 'CLPS0200 - Brown University': no usable link (cache)
[1977/40930] 'EC11 - Brown University': no usable link (cache)
[1978/40930] 'ECON1310 - Brown University': no usable link (cache)
[1979/40930] 'EL11 - Brown University': no usable link (cache)
[1980/40930] 'EL151 - Brown University': no usable link (cache)
[1981/40930] 'EN0009 - Brown University': no usable link (cache)
[1982/40930] 'EN90 - Brown University': no usable link (cache)
[1983/40930] 'EN93 - Brown University': no usable link (cache)
[1984/40930] 'EN990 - Brown University': no usable link (cache)
[1985/40930] 'ENG211 - Brown University': no usable link (cache)
[1986/40930] 'ENGIN9 - Brown University': no usable link (cache)
[1987/40930] 'ENGL0110 - Brown University': no usable link (cache)
[1988/40930] 'BIOLB110 - Bryn Mawr College': no usable link (cache)
[1989/40930] 'C185 - Bryn Mawr College': no usable link (cache)
[1990/40930] 'CNSE100 - Bryn Mawr College': no usable link (cache)
[1991/40930] 'CSTS212 - Bryn Mawr College': no usable link (cache)
[1992/40930] 'ENGLB231 - Bryn Mawr College' (cache): SAVED top 1 -> https://brynmawr.slideroom.com/
[1993/40930] 'ENGLB245 - Bryn Mawr College' (cache): SAVED top 1 -> https://brynmawr.slideroom.com/
[1994/40930] 'ENGLB250 - Bryn Mawr College' (cache): SAVED top 1 -> https://brynmawr.slideroom.com/
[1995/40930] 'ENGLB337 - Bryn Mawr College' (cache): SAVED top 1 -> https://brynmawr.slideroom.com/
[1996/40930] 'ACFM104 - Bucknell University': no usable link (cache)
[1997/40930] 'ACFM203 - Bucknell University': no usable link (cache)
[1998/40930] 'ACFM204 - Bucknell University': no usable link (cache)
[1999/40930] 'ACFM321 - Bucknell University': no usable link (cache)
[2000/40930] 'ANOP202 - Bucknell University': no usable link (cache)
[2001/40930] 'CLAS123 - Bucknell University': no usable link (cache)
[2002/40930] 'EAST254 - Bucknell University': no usable link (cache)
[2003/40930] 'ECEG270 - Bucknell University': no usable link (cache)
[2004/40930] 'ECEG370 - Bucknell University': no usable link (cache)
[2005/40930] 'ECEG408 - Bucknell University': no usable link (cache)
[2006/40930] 'ECON127 - Bucknell University': no usable link (cache)
[2007/40930] 'ENFS235 - Bucknell University': no usable link (cache)
[2008/40930] 'AAS100 - Buffalo State University': no usable link (cache)
[2009/40930] 'ART252 - Buffalo State University': no usable link (cache)
[2010/40930] 'BIO111 - Buffalo State University': no usable link (cache)
[2011/40930] 'BIO213 - Buffalo State University': no usable link (cache)
[2012/40930] 'BIO316 - Buffalo State University': no usable link (cache)
[2013/40930] 'BSC101 - Buffalo State University': no usable link (cache)
[2014/40930] 'BUS312 - Buffalo State University': no usable link (cache)
[2015/40930] 'BUS321 - Buffalo State University': no usable link (cache)
[2016/40930] 'BUS347 - Buffalo State University': no usable link (cache)
[2017/40930] 'BUS350 - Buffalo State University': no usable link (cache)
[2018/40930] 'BUS360 - Buffalo State University': no usable link (cache)
[2019/40930] 'BUS366 - Buffalo State University': no usable link (cache)
[2020/40930] 'BUS369 - Buffalo State University': no usable link (cache)
[2021/40930] 'BUS389 - Buffalo State University': no usable link (cache)
[2022/40930] 'BUS420 - Buffalo State University': no usable link (cache)
[2023/40930] 'BUS460 - Buffalo State University': no usable link (cache)
[2024/40930] 'CHE305 - Buffalo State University': no usable link (cache)
[2025/40930] 'CHI101 - Buffalo State University': no usable link (cache)
[2026/40930] 'CHI102 - Buffalo State University': no usable link (cache)
[2027/40930] 'CJR301 - Buffalo State University': no usable link (cache)
[2028/40930] 'COM304 - Buffalo State University': no usable link (cache)
[2029/40930] 'CPW102 - Buffalo State University': no usable link (cache)
[2030/40930] 'CRJ204 - Buffalo State University': no usable link (cache)
[2031/40930] 'CRJ250 - Buffalo State University': no usable link (cache)
[2032/40930] 'CRJ455 - Buffalo State University': no usable link (cache)
[2033/40930] 'CRJ605 - Buffalo State University': no usable link (cache)
[2034/40930] 'CRS201 - Buffalo State University': no usable link (cache)
[2035/40930] 'CRS205 - Buffalo State University': no usable link (cache)
[2036/40930] 'CRS303 - Buffalo State University': no usable link (cache)
[2037/40930] 'CTE302 - Buffalo State University': no usable link (cache)
[2038/40930] 'DES101 - Buffalo State University': no usable link (cache)
[2039/40930] 'DES102 - Buffalo State University': no usable link (cache)
[2040/40930] 'DES190 - Buffalo State University': no usable link (cache)
[2041/40930] 'DES307 - Buffalo State University': no usable link (cache)
[2042/40930] 'ECO103 - Buffalo State University': no usable link (cache)
[2043/40930] 'EDF203 - Buffalo State University': no usable link (cache)
[2044/40930] 'EDF207 - Buffalo State University': no usable link (cache)
[2045/40930] 'EDF500 - Buffalo State University': no usable link (cache)
[2046/40930] 'EDU211 - Buffalo State University': no usable link (cache)
[2047/40930] 'ENG130 - Buffalo State University': no usable link (cache)
[2048/40930] 'ENG131 - Buffalo State University': no usable link (cache)
[2049/40930] 'ENG160 - Buffalo State University': no usable link (cache)
[2050/40930] 'ENG190 - Buffalo State University': no usable link (cache)
[2051/40930] 'ENG190W - Buffalo State University': no usable link (cache)
[2052/40930] 'ENG210 - Buffalo State University': no usable link (cache)
[2053/40930] 'ENG221 - Buffalo State University': no usable link (cache)
[2054/40930] 'ENG260 - Buffalo State University': no usable link (cache)
[2055/40930] 'ENG301W - Buffalo State University': no usable link (cache)
[2056/40930] 'ENG311 - Buffalo State University': no usable link (cache)
[2057/40930] 'ENG315 - Buffalo State University': no usable link (cache)
[2058/40930] 'ENG354 - Buffalo State University': no usable link (cache)
[2059/40930] 'ENG361 - Buffalo State University': no usable link (cache)
[2060/40930] 'ENG418 - Buffalo State University': no usable link (cache)
[2061/40930] 'AC204 - Butler University': no usable link (cache)
[2062/40930] 'AR212 - Butler University': no usable link (cache)
[2063/40930] 'BI120 - Butler University': no usable link (cache)
[2064/40930] 'BI122 - Butler University': no usable link (cache)
[2065/40930] 'BI323 - Butler University': no usable link (cache)
[2066/40930] 'BI438 - Butler University': no usable link (cache)
[2067/40930] 'BSHS110 - Butler University': no usable link (cache)
[2068/40930] 'BSHS230 - Butler University': no usable link (cache)
[2069/40930] 'BSHS450 - Butler University': no usable link (cache)
[2070/40930] 'CC205 - Butler University': no usable link (cache)
[2071/40930] 'CCM330 - Butler University': no usable link (cache)
[2072/40930] 'CME108 - Butler University': no usable link (cache)
[2073/40930] 'CSD337 - Butler University': no usable link (cache)
[2074/40930] 'EC231 - Butler University': no usable link (cache)
[2075/40930] 'EC232 - Butler University': no usable link (cache)
[2076/40930] 'EC355 - Butler University': no usable link (cache)
[2077/40930] 'ED242 - Butler University': no usable link (cache)
[2078/40930] 'EI201 - Butler University': no usable link (cache)
[2079/40930] 'EN246 - Butler University': no usable link (cache)
[2080/40930] 'EN266 - Butler University': no usable link (cache)
[2081/40930] 'AGB214 - California Polytechnic State University': no usable link (cache)
[2082/40930] 'ASCI211 - California Polytechnic State University': no usable link (cache)
[2083/40930] 'BUS214 - California Polytechnic State University': no usable link (cache)
[2084/40930] 'BUS387 - California Polytechnic State University': no usable link (cache)
[2085/40930] 'BUS391 - California Polytechnic State University': no usable link (cache)
[2086/40930] 'BUS394 - California Polytechnic State University': no usable link (cache)
[2087/40930] 'CD131 - California Polytechnic State University': no usable link (cache)
[2088/40930] 'CD256 - California Polytechnic State University': no usable link (cache)
[2089/40930] 'CD351 - California Polytechnic State University': no usable link (cache)
[2090/40930] 'CSC231 - California Polytechnic State University': no usable link (cache)
[2091/40930] 'EE212 - California Polytechnic State University': no usable link (cache)
[2092/40930] 'EE242 - California Polytechnic State University': no usable link (cache)
[2093/40930] 'ABM3040 - California State Polytechnic University, Pomona': no usable link (cache)
[2094/40930] 'ACC2070 - California State Polytechnic University, Pomona': no usable link (cache)
[2095/40930] 'ACC3110 - California State Polytechnic University, Pomona': no usable link (cache)
[2096/40930] 'ACC3120 - California State Polytechnic University, Pomona': no usable link (cache)
[2097/40930] 'ACC3210 - California State Polytechnic University, Pomona': no usable link (cache)
[2098/40930] 'ACC4221 - California State Polytechnic University, Pomona': no usable link (cache)
[2099/40930] 'ACC4310 - California State Polytechnic University, Pomona': no usable link (cache)
[2100/40930] 'ACC4811 - California State Polytechnic University, Pomona': no usable link (cache)
[2101/40930] 'AERO3261 - California State Polytechnic University, Pomona': no usable link (cache)
[2102/40930] 'AMM301 - California State Polytechnic University, Pomona': no usable link (cache)
[2103/40930] 'AMM3100 - California State Polytechnic University, Pomona': no usable link (cache)
[2104/40930] 'AR03261 - California State Polytechnic University, Pomona': no usable link (cache)
[2105/40930] 'ARC3620 - California State Polytechnic University, Pomona': no usable link (cache)
[2106/40930] 'ARC4011A - California State Polytechnic University, Pomona': no usable link (cache)
[2107/40930] 'ARO101 - California State Polytechnic University, Pomona': no usable link (cache)
[2108/40930] 'ARO1011L - California State Polytechnic University, Pomona': no usable link (cache)
[2109/40930] 'ARO101L - California State Polytechnic University, Pomona': no usable link (cache)
[2110/40930] 'ARO1021L - California State Polytechnic University, Pomona': no usable link (cache)
[2111/40930] 'ARO2041 - California State Polytechnic University, Pomona': no usable link (cache)
[2112/40930] 'ARO3220 - California State Polytechnic University, Pomona': no usable link (cache)
[2113/40930] 'ARO326 - California State Polytechnic University, Pomona': no usable link (cache)
[2114/40930] 'ARO327 - California State Polytechnic University, Pomona': no usable link (cache)
[2115/40930] 'ARO3271 - California State Polytechnic University, Pomona': no usable link (cache)
[2116/40930] 'ARO329 - California State Polytechnic University, Pomona': no usable link (cache)
[2117/40930] 'ARO4080 - California State Polytechnic University, Pomona': no usable link (cache)
[2118/40930] 'ARO435 - California State Polytechnic University, Pomona': no usable link (cache)
[2119/40930] 'ARO4351L - California State Polytechnic University, Pomona': no usable link (cache)
[2120/40930] 'ARO436 - California State Polytechnic University, Pomona': no usable link (cache)
[2121/40930] 'ARO4360 - California State Polytechnic University, Pomona': no usable link (cache)
[2122/40930] 'ARO499 - California State Polytechnic University, Pomona': no usable link (cache)
[2123/40930] 'AVS1112 - California State Polytechnic University, Pomona': no usable link (cache)
[2124/40930] 'AVS1114L - California State Polytechnic University, Pomona': no usable link (cache)
[2125/40930] 'AVS114L - California State Polytechnic University, Pomona': no usable link (cache)
[2126/40930] 'AVS3311 - California State Polytechnic University, Pomona': no usable link (cache)
[2127/40930] 'BIO1220L - California State Polytechnic University, Pomona': no usable link (cache)
[2128/40930] 'CE1011 - California State Polytechnic University, Pomona': no usable link (cache)
[2129/40930] 'CE1011L - California State Polytechnic University, Pomona': no usable link (cache)
[2130/40930] 'CE2021 - California State Polytechnic University, Pomona': no usable link (cache)
[2131/40930] 'CE2041 - California State Polytechnic University, Pomona': no usable link (cache)
[2132/40930] 'CE304 - California State Polytechnic University, Pomona': no usable link (cache)
[2133/40930] 'CE3501 - California State Polytechnic University, Pomona': no usable link (cache)
[2134/40930] 'CE3501L - California State Polytechnic University, Pomona': no usable link (cache)
[2135/40930] 'CE5502 - California State Polytechnic University, Pomona': no usable link (cache)
[2136/40930] 'CHE1311 - California State Polytechnic University, Pomona': no usable link (cache)
[2137/40930] 'CHEM1210L - California State Polytechnic University, Pomona': no usable link (cache)
[2138/40930] 'CHM1210L - California State Polytechnic University, Pomona': no usable link (cache)
[2139/40930] 'CHM121L - California State Polytechnic University, Pomona': no usable link (cache)
[2140/40930] 'CHM1220L - California State Polytechnic University, Pomona': no usable link (cache)
[2141/40930] 'CHM2910 - California State Polytechnic University, Pomona': no usable link (cache)
[2142/40930] 'CHM2910A - California State Polytechnic University, Pomona': no usable link (cache)
[2143/40930] 'CHM3210 - California State Polytechnic University, Pomona': no usable link (cache)
[2144/40930] 'COM1100 - California State Polytechnic University, Pomona': no usable link (cache)
[2145/40930] 'COM2201 - California State Polytechnic University, Pomona': no usable link (cache)
[2146/40930] 'COM2238 - California State Polytechnic University, Pomona': no usable link (cache)
[2147/40930] 'COM3327 - California State Polytechnic University, Pomona': no usable link (cache)
[2148/40930] 'COM4133 - California State Polytechnic University, Pomona': no usable link (cache)
[2149/40930] 'CRM3350 - California State Polytechnic University, Pomona': no usable link (cache)
[2150/40930] 'EBZ3010 - California State Polytechnic University, Pomona': no usable link (cache)
[2151/40930] 'EBZ3030 - California State Polytechnic University, Pomona': no usable link (cache)
[2152/40930] 'ECE2200L - California State Polytechnic University, Pomona': no usable link (cache)
[2153/40930] 'ECE3101 - California State Polytechnic University, Pomona': no usable link (cache)
[2154/40930] 'ECS1000 - California State Polytechnic University, Pomona': no usable link (cache)
[2155/40930] 'ECS310 - California State Polytechnic University, Pomona': no usable link (cache)
[2156/40930] 'ECS3100 - California State Polytechnic University, Pomona': no usable link (cache)
[2157/40930] 'ECS3200 - California State Polytechnic University, Pomona': no usable link (cache)
[2158/40930] 'ECS3400 - California State Polytechnic University, Pomona': no usable link (cache)
[2159/40930] 'ECS3600 - California State Polytechnic University, Pomona': no usable link (cache)
[2160/40930] 'ECS3800 - California State Polytechnic University, Pomona': no usable link (cache)
[2161/40930] 'EDU5032 - California State Polytechnic University, Pomona': no usable link (cache)
[2162/40930] 'EGR1000 - California State Polytechnic University, Pomona': no usable link (cache)
[2163/40930] 'EGR402 - California State Polytechnic University, Pomona': no usable link (cache)
[2164/40930] 'ABUS261 - California State University, Chico': no usable link (cache)
[2165/40930] 'ACCT421W - California State University, Chico': no usable link (cache)
[2166/40930] 'ACCT437 - California State University, Chico': no usable link (cache)
[2167/40930] 'ACCT537 - California State University, Chico': no usable link (cache)
[2168/40930] 'AIST230 - California State University, Chico': no usable link (cache)
[2169/40930] 'ANSC276 - California State University, Chico': no usable link (cache)
[2170/40930] 'ANSC350 - California State University, Chico': no usable link (cache)
[2171/40930] 'ANSC360 - California State University, Chico': no usable link (cache)
[2172/40930] 'ANTH333 - California State University, Chico': no usable link (cache)
[2173/40930] 'ANTH340 - California State University, Chico': no usable link (cache)
[2174/40930] 'ANTH340W - California State University, Chico': no usable link (cache)
[2175/40930] 'ART002B - California State University, Chico': no usable link (cache)
[2176/40930] 'ART2B - California State University, Chico': no usable link (cache)
[2177/40930] 'ART325 - California State University, Chico': no usable link (cache)
[2178/40930] 'ART426 - California State University, Chico': no usable link (cache)
[2179/40930] 'ARTE493 - California State University, Chico': no usable link (cache)
[2180/40930] 'ARTH130 - California State University, Chico': no usable link (cache)
[2181/40930] 'ARTS227 - California State University, Chico': no usable link (cache)
[2182/40930] 'BADM300 - California State University, Chico': no usable link (cache)
[2183/40930] 'BADM300W - California State University, Chico': no usable link (cache)
[2184/40930] 'BADM495 - California State University, Chico': no usable link (cache)
[2185/40930] 'BIOL163 - California State University, Chico': no usable link (cache)
[2186/40930] 'BSIS496 - California State University, Chico': no usable link (cache)
[2187/40930] 'BSIS610 - California State University, Chico': no usable link (cache)
[2188/40930] 'CAGD110 - California State University, Chico': no usable link (cache)
[2189/40930] 'CAGD230 - California State University, Chico': no usable link (cache)
[2190/40930] 'CAGD345W - California State University, Chico': no usable link (cache)
[2191/40930] 'CAGD380 - California State University, Chico': no usable link (cache)
[2192/40930] 'CDES222 - California State University, Chico': no usable link (cache)
[2193/40930] 'CHEM28 - California State University, Chico': no usable link (cache)
[2194/40930] 'CHEM70 - California State University, Chico': no usable link (cache)
[2195/40930] 'CHILD353 - California State University, Chico': no usable link (cache)
[2196/40930] 'CHLD255 - California State University, Chico': no usable link (cache)
[2197/40930] 'CHLD272 - California State University, Chico': no usable link (cache)
[2198/40930] 'CHLD333 - California State University, Chico': no usable link (cache)
[2199/40930] 'CHLD351 - California State University, Chico': no usable link (cache)
[2200/40930] 'CHLD353 - California State University, Chico': no usable link (cache)
[2201/40930] 'CHST135 - California State University, Chico': no usable link (cache)
[2202/40930] 'CINS220 - California State University, Chico': no usable link (cache)
[2203/40930] 'CINS370 - California State University, Chico': no usable link (cache)
[2204/40930] 'CINS448 - California State University, Chico': no usable link (cache)
[2205/40930] 'CMST131 - California State University, Chico': no usable link (cache)
[2206/40930] 'CMST132 - California State University, Chico': no usable link (cache)
[2207/40930] 'CMST233 - California State University, Chico': no usable link (cache)
[2208/40930] 'CMST235 - California State University, Chico': no usable link (cache)
[2209/40930] 'CMST330 - California State University, Chico': no usable link (cache)
[2210/40930] 'CMST331 - California State University, Chico': no usable link (cache)
[2211/40930] 'CMST370 - California State University, Chico': no usable link (cache)
[2212/40930] 'CMST424 - California State University, Chico': no usable link (cache)
[2213/40930] 'CMST452 - California State University, Chico': no usable link (cache)
[2214/40930] 'CMST453 - California State University, Chico': no usable link (cache)
[2215/40930] 'CSCI152 - California State University, Chico': no usable link (cache)
[2216/40930] 'CSCI15B - California State University, Chico': no usable link (cache)
[2217/40930] 'CSCI171 - California State University, Chico': no usable link (cache)
[2218/40930] 'CSCI301 - California State University, Chico': no usable link (cache)
[2219/40930] 'CSCI346 - California State University, Chico': no usable link (cache)
[2220/40930] 'CSCI515 - California State University, Chico': no usable link (cache)
[2221/40930] 'EDTE302 - California State University, Chico': no usable link (cache)
[2222/40930] 'EECE211 - California State University, Chico': no usable link (cache)
[2223/40930] 'EECE343 - California State University, Chico': no usable link (cache)
[2224/40930] 'EECE446 - California State University, Chico': no usable link (cache)
[2225/40930] 'EECE453 - California State University, Chico': no usable link (cache)
[2226/40930] 'ENG130I - California State University, Chico': no usable link (cache)
[2227/40930] 'ENG130W - California State University, Chico': no usable link (cache)
[2228/40930] 'ENG421 - California State University, Chico': no usable link (cache)
[2229/40930] 'BLAW320 - California State University, Long Beach': no usable link (cache)
[2230/40930] 'CECS326 - California State University, Long Beach': no usable link (cache)
[2231/40930] 'CRJU230 - California State University, Long Beach': no usable link (cache)
[2232/40930] 'AAAS2100 - California State University, Los Angeles': no usable link (cache)
[2233/40930] 'ACCT421A - California State University, Los Angeles': no usable link (cache)
[2234/40930] 'ACCT5260 - California State University, Los Angeles': no usable link (cache)
[2235/40930] 'ACCT595 - California State University, Los Angeles': no usable link (cache)
[2236/40930] 'ANTH361 - California State University, Los Angeles': no usable link (cache)
[2237/40930] 'ANTH3610 - California State University, Los Angeles': no usable link (cache)
[2238/40930] 'ANTH3850 - California State University, Los Angeles': no usable link (cache)
[2239/40930] 'ANTHR310 - California State University, Los Angeles': no usable link (cache)
[2240/40930] 'ART1013 - California State University, Los Angeles': no usable link (cache)
[2241/40930] 'ART1590 - California State University, Los Angeles': no usable link (cache)
[2242/40930] 'ART2330 - California State University, Los Angeles': no usable link (cache)
[2243/40930] 'ART333 - California State University, Los Angeles': no usable link (cache)
[2244/40930] 'ART3560 - California State University, Los Angeles': no usable link (cache)
[2245/40930] 'ART3600 - California State University, Los Angeles': no usable link (cache)
[2246/40930] 'ASTR1510 - California State University, Los Angeles': no usable link (cache)
[2247/40930] 'BIO100A - California State University, Los Angeles': no usable link (cache)
[2248/40930] 'BIOL100A - California State University, Los Angeles': no usable link (cache)
[2249/40930] 'BIOL3400 - California State University, Los Angeles': no usable link (cache)
[2250/40930] 'BIOL3500 - California State University, Los Angeles': no usable link (cache)
[2251/40930] 'BIOL3800 - California State University, Los Angeles': no usable link (cache)
[2252/40930] 'BIOL3900 - California State University, Los Angeles': no usable link (cache)
[2253/40930] 'BUS1010 - California State University, Los Angeles': no usable link (cache)
[2254/40930] 'CE2020 - California State University, Los Angeles': no usable link (cache)
[2255/40930] 'CHDV01 - California State University, Los Angeles': no usable link (cache)
[2256/40930] 'CHDV140 - California State University, Los Angeles': no usable link (cache)
[2257/40930] 'CHDV1400 - California State University, Los Angeles': no usable link (cache)
[2258/40930] 'CHDV1410 - California State University, Los Angeles': no usable link (cache)
[2259/40930] 'CHDV2000 - California State University, Los Angeles': no usable link (cache)
[2260/40930] 'CHDV321 - California State University, Los Angeles': no usable link (cache)
[2261/40930] 'CHDV3500 - California State University, Los Angeles': no usable link (cache)
[2262/40930] 'CHDV4120 - California State University, Los Angeles': no usable link (cache)
[2263/40930] 'CHDV420 - California State University, Los Angeles': no usable link (cache)
[2264/40930] 'CHDV4270 - California State University, Los Angeles': no usable link (cache)
[2265/40930] 'CHDV4300 - California State University, Los Angeles': no usable link (cache)
[2266/40930] 'CHEM1020 - California State University, Los Angeles': no usable link (cache)
[2267/40930] 'CHEM2200 - California State University, Los Angeles': no usable link (cache)
[2268/40930] 'CHEM2201 - California State University, Los Angeles': no usable link (cache)
[2269/40930] 'CHEM291 - California State University, Los Angeles': no usable link (cache)
[2270/40930] 'CHEM3000 - California State University, Los Angeles': no usable link (cache)
[2271/40930] 'CHEM353 - California State University, Los Angeles': no usable link (cache)
[2272/40930] 'CHEM3600 - California State University, Los Angeles': no usable link (cache)
[2273/40930] 'CHEM432B - California State University, Los Angeles': no usable link (cache)
[2274/40930] 'CHEN1110LAB - California State University, Los Angeles': no usable link (cache)
[2275/40930] 'CHS210 - California State University, Los Angeles': no usable link (cache)
[2276/40930] 'CHS370 - California State University, Los Angeles': no usable link (cache)
[2277/40930] 'CIS283 - California State University, Los Angeles': no usable link (cache)
[2278/40930] 'CIS2830 - California State University, Los Angeles': no usable link (cache)
[2279/40930] 'CIS3060 - California State University, Los Angeles': no usable link (cache)
[2280/40930] 'CIS3610 - California State University, Los Angeles': no usable link (cache)
[2281/40930] 'CIS4100 - California State University, Los Angeles': no usable link (cache)
[2282/40930] 'CIS4510 - California State University, Los Angeles': no usable link (cache)
[2283/40930] 'CIS4540 - California State University, Los Angeles': no usable link (cache)
[2284/40930] 'CIS4580 - California State University, Los Angeles': no usable link (cache)
[2285/40930] 'CIS4730 - California State University, Los Angeles': no usable link (cache)
[2286/40930] 'CIS485 - California State University, Los Angeles': no usable link (cache)
[2287/40930] 'CLS1200 - California State University, Los Angeles': no usable link (cache)
[2288/40930] 'CLS1300 - California State University, Los Angeles': no usable link (cache)
[2289/40930] 'CLS1500 - California State University, Los Angeles': no usable link (cache)
[2290/40930] 'CLS2010 - California State University, Los Angeles': no usable link (cache)
[2291/40930] 'CLS3200 - California State University, Los Angeles': no usable link (cache)
[2292/40930] 'CLS3220 - California State University, Los Angeles': no usable link (cache)
[2293/40930] 'CLS3700 - California State University, Los Angeles': no usable link (cache)
[2294/40930] 'COMD1500 - California State University, Los Angeles': no usable link (cache)
[2295/40930] 'COMD4000 - California State University, Los Angeles': no usable link (cache)
[2296/40930] 'COMD4200 - California State University, Los Angeles': no usable link (cache)
[2297/40930] 'COMD4510 - California State University, Los Angeles': no usable link (cache)
[2298/40930] 'COMD456 - California State University, Los Angeles': no usable link (cache)
[2299/40930] 'COMD4560 - California State University, Los Angeles': no usable link (cache)
[2300/40930] 'COMD4630 - California State University, Los Angeles': no usable link (cache)
[2301/40930] 'COMM1200 - California State University, Los Angeles': no usable link (cache)
[2302/40930] 'COMM176 - California State University, Los Angeles': no usable link (cache)
[2303/40930] 'COMM3400 - California State University, Los Angeles': no usable link (cache)
[2304/40930] 'COMM4340 - California State University, Los Angeles': no usable link (cache)
[2305/40930] 'COMS105 - California State University, Los Angeles': no usable link (cache)
[2306/40930] 'CRIM2010 - California State University, Los Angeles': no usable link (cache)
[2307/40930] 'CRIM2020 - California State University, Los Angeles': no usable link (cache)
[2308/40930] 'CRIM2030 - California State University, Los Angeles': no usable link (cache)
[2309/40930] 'CRIM3010 - California State University, Los Angeles': no usable link (cache)
[2310/40930] 'CRIM3090 - California State University, Los Angeles': no usable link (cache)
[2311/40930] 'CRIM3100 - California State University, Los Angeles': no usable link (cache)
[2312/40930] 'CRIM3300 - California State University, Los Angeles': no usable link (cache)
[2313/40930] 'CRIM4030 - California State University, Los Angeles': no usable link (cache)
[2314/40930] 'CRIM4540 - California State University, Los Angeles': no usable link (cache)
[2315/40930] 'CS2148 - California State University, Los Angeles': no usable link (cache)
[2316/40930] 'ECON3060 - California State University, Los Angeles': no usable link (cache)
[2317/40930] 'ECON3090 - California State University, Los Angeles': no usable link (cache)
[2318/40930] 'ECON462 - California State University, Los Angeles': no usable link (cache)
[2319/40930] 'EDFN1090 - California State University, Los Angeles': no usable link (cache)
[2320/40930] 'EDFN1092 - California State University, Los Angeles': no usable link (cache)
[2321/40930] 'EDFN3520 - California State University, Los Angeles': no usable link (cache)
[2322/40930] 'EDSP4010 - California State University, Los Angeles': no usable link (cache)
[2323/40930] 'EE2449 - California State University, Los Angeles': no usable link (cache)
[2324/40930] 'EE304 - California State University, Los Angeles': no usable link (cache)
[2325/40930] 'EE3445 - California State University, Los Angeles': no usable link (cache)
[2326/40930] 'ENG1005A - California State University, Los Angeles': no usable link (cache)
[2327/40930] 'ENGL2030 - California State University, Los Angeles': no usable link (cache)
[2328/40930] 'ENGL4080 - California State University, Los Angeles': no usable link (cache)
[2329/40930] 'ENGL4690 - California State University, Los Angeles': no usable link (cache)
[2330/40930] 'ENGL95 - California State University, Los Angeles': no usable link (cache)
[2331/40930] 'ENGL96 - California State University, Los Angeles': no usable link (cache)
[2332/40930] 'ACC4B - California State University, Northridge': no usable link (cache)
[2333/40930] 'ACCT120A - California State University, Northridge': no usable link (cache)
[2334/40930] 'ACCT132 - California State University, Northridge': no usable link (cache)
[2335/40930] 'ACCT146 - California State University, Northridge': no usable link (cache)
[2336/40930] 'ACCT162 - California State University, Northridge': no usable link (cache)
[2337/40930] 'ACCT187 - California State University, Northridge': no usable link (cache)
[2338/40930] 'ACCTG4B - California State University, Northridge': no usable link (cache)
[2339/40930] 'AFRS135 - California State University, Northridge': no usable link (cache)
[2340/40930] 'AFRS137 - California State University, Northridge': no usable link (cache)
[2341/40930] 'AFRS27 - California State University, Northridge': no usable link (cache)
[2342/40930] 'AGBS31 - California State University, Northridge': no usable link (cache)
[2343/40930] 'AGBS32 - California State University, Northridge': no usable link (cache)
[2344/40930] 'ART37 - California State University, Northridge': no usable link (cache)
[2345/40930] 'ART60 - California State University, Northridge': no usable link (cache)
[2346/40930] 'ASCI145 - California State University, Northridge': no usable link (cache)
[2347/40930] 'ASCI165 - California State University, Northridge': no usable link (cache)
[2348/40930] 'ASCI21 - California State University, Northridge': no usable link (cache)
[2349/40930] 'ASCI67 - California State University, Northridge': no usable link (cache)
[2350/40930] 'ASCI68 - California State University, Northridge': no usable link (cache)
[2351/40930] 'BA105W - California State University, Northridge': no usable link (cache)
[2352/40930] 'BIO20 - California State University, Northridge': no usable link (cache)
[2353/40930] 'BIO67A - California State University, Northridge': no usable link (cache)
[2354/40930] 'BIOL10 - California State University, Northridge': no usable link (cache)
[2355/40930] 'BIOL1B - California State University, Northridge': no usable link (cache)
[2356/40930] 'BIOL20 - California State University, Northridge': no usable link (cache)
[2357/40930] 'BIOL67A - California State University, Northridge': no usable link (cache)
[2358/40930] 'CCDS139 - California State University, Northridge': no usable link (cache)
[2359/40930] 'CDDS139 - California State University, Northridge': no usable link (cache)
[2360/40930] 'CDDS90 - California State University, Northridge': no usable link (cache)
[2361/40930] 'CDDS91 - California State University, Northridge': no usable link (cache)
[2362/40930] 'CDDS93 - California State University, Northridge': no usable link (cache)
[2363/40930] 'CE123L - California State University, Northridge': no usable link (cache)
[2364/40930] 'CE20 - California State University, Northridge': no usable link (cache)
[2365/40930] 'CFS38 - California State University, Northridge': no usable link (cache)
[2366/40930] 'CHEM128A - California State University, Northridge': no usable link (cache)
[2367/40930] 'CHEM128B - California State University, Northridge': no usable link (cache)
[2368/40930] 'CHEM129A - California State University, Northridge': no usable link (cache)
[2369/40930] 'CHEM129B - California State University, Northridge': no usable link (cache)
[2370/40930] 'CHEM1BLAB - California State University, Northridge': no usable link (cache)
[2371/40930] 'CHEM1BLEC - California State University, Northridge': no usable link (cache)
[2372/40930] 'CHEM3ALAB - California State University, Northridge': no usable link (cache)
[2373/40930] 'CHEM8 - California State University, Northridge': no usable link (cache)
[2374/40930] 'CI135 - California State University, Northridge': no usable link (cache)
[2375/40930] 'CI151 - California State University, Northridge': no usable link (cache)
[2376/40930] 'CI161 - California State University, Northridge': no usable link (cache)
[2377/40930] 'CLAS03 - California State University, Northridge': no usable link (cache)
[2378/40930] 'CLAS114 - California State University, Northridge': no usable link (cache)
[2379/40930] 'CLAS120 - California State University, Northridge': no usable link (cache)
[2380/40930] 'CLAS3 - California State University, Northridge': no usable link (cache)
[2381/40930] 'CLAS30 - California State University, Northridge': no usable link (cache)
[2382/40930] 'CLAS3009 - California State University, Northridge': no usable link (cache)
[2383/40930] 'CLAS5 - California State University, Northridge': no usable link (cache)
[2384/40930] 'CLS114 - California State University, Northridge': no usable link (cache)
[2385/40930] 'CLS30 - California State University, Northridge': no usable link (cache)
[2386/40930] 'COMM3 - California State University, Northridge': no usable link (cache)
[2387/40930] 'COMM7 - California State University, Northridge': no usable link (cache)
[2388/40930] 'CRIM109 - California State University, Northridge': no usable link (cache)
[2389/40930] 'CRIM119 - California State University, Northridge': no usable link (cache)
[2390/40930] 'CRIM127 - California State University, Northridge': no usable link (cache)
[2391/40930] 'CRIM140 - California State University, Northridge': no usable link (cache)
[2392/40930] 'CRIM153 - California State University, Northridge': no usable link (cache)
[2393/40930] 'CRIM155 - California State University, Northridge': no usable link (cache)
[2394/40930] 'CRIM170 - California State University, Northridge': no usable link (cache)
[2395/40930] 'CRIM175 - California State University, Northridge': no usable link (cache)
[2396/40930] 'CRIM176 - California State University, Northridge': no usable link (cache)
[2397/40930] 'CRIM180 - California State University, Northridge': no usable link (cache)
[2398/40930] 'CRIM20 - California State University, Northridge': no usable link (cache)
[2399/40930] 'CRIMI50 - California State University, Northridge': no usable link (cache)
[2400/40930] 'CSCI117 - California State University, Northridge': no usable link (cache)
[2401/40930] 'CSCI191T - California State University, Northridge': no usable link (cache)
[2402/40930] 'CSCI41 - California State University, Northridge': no usable link (cache)
[2403/40930] 'CSDS103 - California State University, Northridge': no usable link (cache)
[2404/40930] 'CSDS114 - California State University, Northridge': no usable link (cache)
[2405/40930] 'CSDS139 - California State University, Northridge': no usable link (cache)
[2406/40930] 'CSDS91 - California State University, Northridge': no usable link (cache)
[2407/40930] 'CSDS98 - California State University, Northridge': no usable link (cache)
[2408/40930] 'CSM10 - California State University, Northridge': no usable link (cache)
[2409/40930] 'CSM15 - California State University, Northridge': no usable link (cache)
[2410/40930] 'DRAMA137 - California State University, Northridge': no usable link (cache)
[2411/40930] 'DRAMA62 - California State University, Northridge': no usable link (cache)
[2412/40930] 'DS123 - California State University, Northridge': no usable link (cache)
[2413/40930] 'DS71 - California State University, Northridge': no usable link (cache)
[2414/40930] 'EDH50 - California State University, Northridge': no usable link (cache)
[2415/40930] 'EES1 - California State University, Northridge': no usable link (cache)
[2416/40930] 'EES112 - California State University, Northridge': no usable link (cache)
[2417/40930] 'EHD180 - California State University, Northridge': no usable link (cache)
[2418/40930] 'EHD180T - California State University, Northridge': no usable link (cache)
[2419/40930] 'ENG117W - California State University, Northridge': no usable link (cache)
[2420/40930] 'ENG160W - California State University, Northridge': no usable link (cache)
[2421/40930] 'ENG5A - California State University, Northridge': no usable link (cache)
[2422/40930] 'ENG5B - California State University, Northridge': no usable link (cache)
[2423/40930] 'ENGL160W - California State University, Northridge': no usable link (cache)
[2424/40930] 'ENGL30 - California State University, Northridge': no usable link (cache)
[2425/40930] 'ENGL5A - California State University, Northridge': no usable link (cache)
[2426/40930] 'ENGL5B - California State University, Northridge': no usable link (cache)
[2427/40930] 'ACCT113 - California State University, Sacramento': no usable link (cache)
[2428/40930] 'ACCT171 - California State University, Sacramento': no usable link (cache)
[2429/40930] 'ACCY112 - California State University, Sacramento': no usable link (cache)
[2430/40930] 'ACCY113 - California State University, Sacramento': no usable link (cache)
[2431/40930] 'ACCY121 - California State University, Sacramento': no usable link (cache)
[2432/40930] 'ACCY141 - California State University, Sacramento': no usable link (cache)
[2433/40930] 'ACCY143 - California State University, Sacramento': no usable link (cache)
[2434/40930] 'ACCY161 - California State University, Sacramento': no usable link (cache)
[2435/40930] 'ACCY172 - California State University, Sacramento': no usable link (cache)
[2436/40930] 'ACCY190 - California State University, Sacramento': no usable link (cache)
[2437/40930] 'AIS141 - California State University, Sacramento': no usable link (cache)
[2438/40930] 'ANTH117 - California State University, Sacramento': no usable link (cache)
[2439/40930] 'ANTH147 - California State University, Sacramento': no usable link (cache)
[2440/40930] 'ANTH15 - California State University, Sacramento': no usable link (cache)
[2441/40930] 'ART22 - California State University, Sacramento': no usable link (cache)
[2442/40930] 'ART3A - California State University, Sacramento': no usable link (cache)
[2443/40930] 'ART70 - California State University, Sacramento': no usable link (cache)
[2444/40930] 'BHON102 - California State University, Sacramento': no usable link (cache)
[2445/40930] 'BIO25LAB - California State University, Sacramento': no usable link (cache)
[2446/40930] 'BIO9 - California State University, Sacramento': no usable link (cache)
[2447/40930] 'CALC31 - California State University, Sacramento': no usable link (cache)
[2448/40930] 'CE160L - California State University, Sacramento': no usable link (cache)
[2449/40930] 'CE4 - California State University, Sacramento': no usable link (cache)
[2450/40930] 'CE45 - California State University, Sacramento': no usable link (cache)
[2451/40930] 'CE9 - California State University, Sacramento': no usable link (cache)
[2452/40930] 'CHAD123 - California State University, Sacramento': no usable link (cache)
[2453/40930] 'CHAD141 - California State University, Sacramento': no usable link (cache)
[2454/40930] 'CHDV123 - California State University, Sacramento': no usable link (cache)
[2455/40930] 'CHDV135 - California State University, Sacramento': no usable link (cache)
[2456/40930] 'CHDV136 - California State University, Sacramento': no usable link (cache)
[2457/40930] 'CHEM160A - California State University, Sacramento': no usable link (cache)
[2458/40930] 'CHEM20 - California State University, Sacramento': no usable link (cache)
[2459/40930] 'CHIN1B - California State University, Sacramento': no usable link (cache)
[2460/40930] 'CM126 - California State University, Sacramento': no usable link (cache)
[2461/40930] 'CM20 - California State University, Sacramento': no usable link (cache)
[2462/40930] 'COM100B - California State University, Sacramento': no usable link (cache)
[2463/40930] 'COMMS100A - California State University, Sacramento': no usable link (cache)
[2464/40930] 'COMS04 - California State University, Sacramento': no usable link (cache)
[2465/40930] 'COMS100A - California State University, Sacramento': no usable link (cache)
[2466/40930] 'COMS100B - California State University, Sacramento': no usable link (cache)
[2467/40930] 'COMS116 - California State University, Sacramento': no usable link (cache)
[2468/40930] 'COMS128 - California State University, Sacramento': no usable link (cache)
[2469/40930] 'COMS152 - California State University, Sacramento': no usable link (cache)
[2470/40930] 'COMS153 - California State University, Sacramento': no usable link (cache)
[2471/40930] 'COMS166 - California State University, Sacramento': no usable link (cache)
[2472/40930] 'COMS179 - California State University, Sacramento': no usable link (cache)
[2473/40930] 'COMS2 - California State University, Sacramento': no usable link (cache)
[2474/40930] 'COMS21 - California State University, Sacramento': no usable link (cache)
[2475/40930] 'COMS4 - California State University, Sacramento': no usable link (cache)
[2476/40930] 'COMS4H - California State University, Sacramento': no usable link (cache)
[2477/40930] 'COMS5 - California State University, Sacramento': no usable link (cache)
[2478/40930] 'CRJ005 - California State University, Sacramento': no usable link (cache)
[2479/40930] 'CRJ108 - California State University, Sacramento': no usable link (cache)
[2480/40930] 'CRJ110 - California State University, Sacramento': no usable link (cache)
[2481/40930] 'CRJ120 - California State University, Sacramento': no usable link (cache)
[2482/40930] 'CRJ121 - California State University, Sacramento': no usable link (cache)
[2483/40930] 'CRJ130 - California State University, Sacramento': no usable link (cache)
[2484/40930] 'CRJ131 - California State University, Sacramento': no usable link (cache)
[2485/40930] 'CRJ170 - California State University, Sacramento': no usable link (cache)
[2486/40930] 'CRJ190 - California State University, Sacramento': no usable link (cache)
[2487/40930] 'CRJ192 - California State University, Sacramento': no usable link (cache)
[2488/40930] 'CRJ5 - California State University, Sacramento': no usable link (cache)
[2489/40930] 'CSC135 - California State University, Sacramento': no usable link (cache)
[2490/40930] 'CSC138 - California State University, Sacramento': no usable link (cache)
[2491/40930] 'CSC60 - California State University, Sacramento': no usable link (cache)
[2492/40930] 'DD101 - California State University, Sacramento': no usable link (cache)
[2493/40930] 'E112 - California State University, Sacramento': no usable link (cache)
[2494/40930] 'E30 - California State University, Sacramento': no usable link (cache)
[2495/40930] 'EDBM170 - California State University, Sacramento': no usable link (cache)
[2496/40930] 'EDBM172 - California State University, Sacramento': no usable link (cache)
[2497/40930] 'EDC210 - California State University, Sacramento': no usable link (cache)
[2498/40930] 'EDC250 - California State University, Sacramento': no usable link (cache)
[2499/40930] 'EDU10 - California State University, Sacramento': no usable link (cache)
[2500/40930] 'EDUC155 - California State University, Sacramento': no usable link (cache)
[2501/40930] 'EDUC158 - California State University, Sacramento': no usable link (cache)
[2502/40930] 'EDUC160 - California State University, Sacramento': no usable link (cache)
[2503/40930] 'EDUC173 - California State University, Sacramento': no usable link (cache)
[2504/40930] 'EDUC18 - California State University, Sacramento': no usable link (cache)
[2505/40930] 'EDUC21 - California State University, Sacramento': no usable link (cache)
[2506/40930] 'ENG109W - California State University, Sacramento': no usable link (cache)
[2507/40930] 'ENGL185D - California State University, Sacramento': no usable link (cache)
[2508/40930] 'ENGL20 - California State University, Sacramento': no usable link (cache)
[2509/40930] 'ENGL65 - California State University, Sacramento': no usable link (cache)
[2510/40930] 'AMST115 - Carleton College': no usable link (cache)
[2511/40930] 'AMST217 - Carleton College': no usable link (cache)
[2512/40930] 'AMST226 - Carleton College': no usable link (cache)
[2513/40930] 'ARBC144 - Carleton College': no usable link (cache)
[2514/40930] 'ARTH250 - Carleton College': no usable link (cache)
[2515/40930] 'ARTS113 - Carleton College': no usable link (cache)
[2516/40930] 'BIOL20UP - Carleton College': no usable link (cache)
[2517/40930] 'CH123 - Carleton College': no usable link (cache)
[2518/40930] 'CLAS229 - Carleton College': no usable link (cache)
[2519/40930] 'ECON262 - Carleton College': no usable link (cache)
[2520/40930] 'ECON278 - Carleton College': no usable link (cache)
[2521/40930] 'ECON282 - Carleton College': no usable link (cache)
[2522/40930] 'ECON329 - Carleton College': no usable link (cache)
[2523/40930] 'ENGL160 - Carleton College': no usable link (cache)
[2524/40930] 'ENGL295 - Carleton College': no usable link (cache)
[2525/40930] 'ADDIC3604 - Carleton University': no usable link (cache)
[2526/40930] 'AERO2001 - Carleton University': no usable link (cache)
[2527/40930] 'AERO4003 - Carleton University': no usable link (cache)
[2528/40930] 'BIOC3100 - Carleton University': no usable link (cache)
[2529/40930] 'BIOC3101 - Carleton University': no usable link (cache)
[2530/40930] 'BIOL1104 - Carleton University': no usable link (cache)
[2531/40930] 'BIOL3306 - Carleton University': no usable link (cache)
[2532/40930] 'BIOL3307 - Carleton University': no usable link (cache)
[2533/40930] 'BUSI2400 - Carleton University': no usable link (cache)
[2534/40930] 'BUSI3102E - Carleton University': no usable link (cache)
[2535/40930] 'BUSI5902 - Carleton University': no usable link (cache)
[2536/40930] 'CHIN1000 - Carleton University': no usable link (cache)
[2537/40930] 'CHIN1110 - Carleton University': no usable link (cache)
[2538/40930] 'CHIN2100 - Carleton University': no usable link (cache)
[2539/40930] 'CHST2003 - Carleton University': no usable link (cache)
[2540/40930] 'CHST3303 - Carleton University': no usable link (cache)
[2541/40930] 'CLCV2904 - Carleton University': no usable link (cache)
[2542/40930] 'CLCV2905 - Carleton University': no usable link (cache)
[2543/40930] 'COGS1001 - Carleton University': no usable link (cache)
[2544/40930] 'COMS2003 - Carleton University': no usable link (cache)
[2545/40930] 'COMS2700 - Carleton University': no usable link (cache)
[2546/40930] 'ECMP5005D - Carleton University': no usable link (cache)
[2547/40930] 'ECO1000 - Carleton University': no usable link (cache)
[2548/40930] 'ECON1OO2 - Carleton University': no usable link (cache)
[2549/40930] 'ECON3803 - Carleton University': no usable link (cache)
[2550/40930] 'ECON3920 - Carleton University': no usable link (cache)
[2551/40930] 'ECON4051 - Carleton University': no usable link (cache)
[2552/40930] 'ECOR1034 - Carleton University': no usable link (cache)
[2553/40930] 'ECOR1041 - Carleton University': no usable link (cache)
[2554/40930] 'ECOR1042 - Carleton University': no usable link (cache)
[2555/40930] 'ECOR1048 - Carleton University': no usable link (cache)
[2556/40930] 'ELEC5301 - Carleton University': no usable link (cache)
[2557/40930] 'ELEC5302 - Carleton University': no usable link (cache)
[2558/40930] 'ENG4303 - Carleton University': no usable link (cache)
[2559/40930] 'ACCT1 - Carnegie Mellon University': no usable link (cache)
[2560/40930] 'ACCTA1 - Carnegie Mellon University': no usable link (cache)
[2561/40930] 'BME42101 - Carnegie Mellon University': no usable link (cache)
[2562/40930] 'CAL259 - Carnegie Mellon University': no usable link (cache)
[2563/40930] 'CALC122 - Carnegie Mellon University': no usable link (cache)
[2564/40930] 'CALC21256 - Carnegie Mellon University': no usable link (cache)
[2565/40930] 'CALC21259 - Carnegie Mellon University': no usable link (cache)
[2566/40930] 'CALC256 - Carnegie Mellon University': no usable link (cache)
[2567/40930] 'CALC259 - Carnegie Mellon University': no usable link (cache)
[2568/40930] 'CALC3D - Carnegie Mellon University': no usable link (cache)
[2569/40930] 'CEE411 - Carnegie Mellon University': no usable link (cache)
[2570/40930] 'CEE603 - Carnegie Mellon University': no usable link (cache)
[2571/40930] 'CFA1 - Carnegie Mellon University': no usable link (cache)
[2572/40930] 'CHEM09105 - Carnegie Mellon University': no usable link (cache)
[2573/40930] 'CHEM09107 - Carnegie Mellon University': no usable link (cache)
[2574/40930] 'CHEM09217 - Carnegie Mellon University': no usable link (cache)
[2575/40930] 'CHEM09344 - Carnegie Mellon University': no usable link (cache)
[2576/40930] 'CS15210 - Carnegie Mellon University': no usable link (cache)
[2577/40930] 'DATA36200 - Carnegie Mellon University': no usable link (cache)
[2578/40930] 'DIFEQ260 - Carnegie Mellon University': no usable link (cache)
[2579/40930] 'ECE18220 - Carnegie Mellon University': no usable link (cache)
[2580/40930] 'ECE18662 - Carnegie Mellon University': no usable link (cache)
[2581/40930] 'ECON73103 - Carnegie Mellon University': no usable link (cache)
[2582/40930] 'ENG18100 - Carnegie Mellon University': no usable link (cache)
[2583/40930] 'ENG76107 - Carnegie Mellon University': no usable link (cache)
[2584/40930] 'ENG76269 - Carnegie Mellon University': no usable link (cache)
[2585/40930] 'ENG76390 - Carnegie Mellon University': no usable link (cache)
[2586/40930] 'AIQS120 - Case Western Reserve University': no usable link (cache)
[2587/40930] 'ARTS214 - Case Western Reserve University': no usable link (cache)
[2588/40930] 'BAFI341 - Case Western Reserve University': no usable link (cache)
[2589/40930] 'BIO215 - Case Western Reserve University': no usable link (cache)
[2590/40930] 'BIOC308 - Case Western Reserve University': no usable link (cache)
[2591/40930] 'BIOC334 - Case Western Reserve University': no usable link (cache)
[2592/40930] 'BIOL222L - Case Western Reserve University': no usable link (cache)
[2593/40930] 'BIOL322 - Case Western Reserve University': no usable link (cache)
[2594/40930] 'CHEM323 - Case Western Reserve University': no usable link (cache)
[2595/40930] 'COGS102 - Case Western Reserve University': no usable link (cache)
[2596/40930] 'COGS201 - Case Western Reserve University': no usable link (cache)
[2597/40930] 'COGS317 - Case Western Reserve University': no usable link (cache)
[2598/40930] 'COGS330 - Case Western Reserve University': no usable link (cache)
[2599/40930] 'CSDS356 - Case Western Reserve University': no usable link (cache)
[2600/40930] 'EBME202 - Case Western Reserve University': no usable link (cache)
[2601/40930] 'EBME306 - Case Western Reserve University': no usable link (cache)
[2602/40930] 'EBME308 - Case Western Reserve University': no usable link (cache)
[2603/40930] 'EBME310 - Case Western Reserve University': no usable link (cache)
[2604/40930] 'EBME314 - Case Western Reserve University': no usable link (cache)
[2605/40930] 'ECES233 - Case Western Reserve University': no usable link (cache)
[2606/40930] 'ECHE363 - Case Western Reserve University': no usable link (cache)
[2607/40930] 'ECIV340 - Case Western Reserve University': no usable link (cache)
[2608/40930] 'ECIV450 - Case Western Reserve University': no usable link (cache)
[2609/40930] 'ECSE245 - Case Western Reserve University': no usable link (cache)
[2610/40930] 'ECSE246 - Case Western Reserve University': no usable link (cache)
[2611/40930] 'EEPS202 - Case Western Reserve University': no usable link (cache)
[2612/40930] 'EMAE181 - Case Western Reserve University': no usable link (cache)
[2613/40930] 'EMAE250 - Case Western Reserve University': no usable link (cache)
[2614/40930] 'EMAE353 - Case Western Reserve University': no usable link (cache)
[2615/40930] 'EMAE370 - Case Western Reserve University': no usable link (cache)
[2616/40930] 'EMAE376 - Case Western Reserve University': no usable link (cache)
[2617/40930] 'ENGL257B - Case Western Reserve University': no usable link (cache)
[2618/40930] 'ENGL368C - Case Western Reserve University': no usable link (cache)
[2619/40930] 'ACC255 - Central Michigan University': no usable link (cache)
[2620/40930] 'AMD252 - Central Michigan University': no usable link (cache)
[2621/40930] 'ART285 - Central Michigan University': no usable link (cache)
[2622/40930] 'ART385 - Central Michigan University': no usable link (cache)
[2623/40930] 'ART485 - Central Michigan University': no usable link (cache)
[2624/40930] 'ASL101H - Central Michigan University': no usable link (cache)
[2625/40930] 'BCA101 - Central Michigan University': no usable link (cache)
[2626/40930] 'BCA101H - Central Michigan University': no usable link (cache)
[2627/40930] 'BCA222 - Central Michigan University': no usable link (cache)
[2628/40930] 'BCA288H - Central Michigan University': no usable link (cache)
[2629/40930] 'BCA421 - Central Michigan University': no usable link (cache)
[2630/40930] 'BCA422 - Central Michigan University': no usable link (cache)
[2631/40930] 'BCA503 - Central Michigan University': no usable link (cache)
[2632/40930] 'BCA508 - Central Michigan University': no usable link (cache)
[2633/40930] 'BCA512 - Central Michigan University': no usable link (cache)
[2634/40930] 'BCA527 - Central Michigan University': no usable link (cache)
[2635/40930] 'BIO101N - Central Michigan University': no usable link (cache)
[2636/40930] 'BIO110H - Central Michigan University': no usable link (cache)
[2637/40930] 'BIO321WI - Central Michigan University': no usable link (cache)
[2638/40930] 'BIS101WI - Central Michigan University': no usable link (cache)
[2639/40930] 'BIS315 - Central Michigan University': no usable link (cache)
[2640/40930] 'BIS320 - Central Michigan University': no usable link (cache)
[2641/40930] 'BIS422 - Central Michigan University': no usable link (cache)
[2642/40930] 'BIS582 - Central Michigan University': no usable link (cache)
[2643/40930] 'BIS647 - Central Michigan University': no usable link (cache)
[2644/40930] 'BLR202 - Central Michigan University': no usable link (cache)
[2645/40930] 'BLR222 - Central Michigan University': no usable link (cache)
[2646/40930] 'BLR222H - Central Michigan University': no usable link (cache)
[2647/40930] 'BLR222WI - Central Michigan University': no usable link (cache)
[2648/40930] 'BLR235WI - Central Michigan University': no usable link (cache)
[2649/40930] 'BLR302 - Central Michigan University': no usable link (cache)
[2650/40930] 'BLR328 - Central Michigan University': no usable link (cache)
[2651/40930] 'BUS300QR - Central Michigan University': no usable link (cache)
[2652/40930] 'BUS301S - Central Michigan University': no usable link (cache)
[2653/40930] 'CDO230 - Central Michigan University': no usable link (cache)
[2654/40930] 'CDO278 - Central Michigan University': no usable link (cache)
[2655/40930] 'CDO338 - Central Michigan University': no usable link (cache)
[2656/40930] 'CDO463 - Central Michigan University': no usable link (cache)
[2657/40930] 'CHM132 - Central Michigan University': no usable link (cache)
[2658/40930] 'CHM161 - Central Michigan University': no usable link (cache)
[2659/40930] 'CHM161H - Central Michigan University': no usable link (cache)
[2660/40930] 'CHM346 - Central Michigan University': no usable link (cache)
[2661/40930] 'CHM521 - Central Michigan University': no usable link (cache)
[2662/40930] 'CPS240 - Central Michigan University': no usable link (cache)
[2663/40930] 'CPS340 - Central Michigan University': no usable link (cache)
[2664/40930] 'CPS341 - Central Michigan University': no usable link (cache)
[2665/40930] 'CPS450 - Central Michigan University': no usable link (cache)
[2666/40930] 'DHA702 - Central Michigan University': no usable link (cache)
[2667/40930] 'ECO150 - Central Michigan University': no usable link (cache)
[2668/40930] 'ECO306 - Central Michigan University': no usable link (cache)
[2669/40930] 'ECO365 - Central Michigan University': no usable link (cache)
[2670/40930] 'ECO375 - Central Michigan University': no usable link (cache)
[2671/40930] 'ECO508 - Central Michigan University': no usable link (cache)
[2672/40930] 'ECO585 - Central Michigan University': no usable link (cache)
[2673/40930] 'ECO616 - Central Michigan University': no usable link (cache)
[2674/40930] 'ECO620 - Central Michigan University': no usable link (cache)
[2675/40930] 'EDU293 - Central Michigan University': no usable link (cache)
[2676/40930] 'EDU393 - Central Michigan University': no usable link (cache)
[2677/40930] 'EGR01 - Central Michigan University': no usable link (cache)
[2678/40930] 'EGR200 - Central Michigan University': no usable link (cache)
[2679/40930] 'EGR255 - Central Michigan University': no usable link (cache)
[2680/40930] 'ENG134WI - Central Michigan University': no usable link (cache)
[2681/40930] 'ENG175 - Central Michigan University': no usable link (cache)
[2682/40930] 'ENG175WI - Central Michigan University': no usable link (cache)
[2683/40930] 'ENG201A - Central Michigan University': no usable link (cache)
[2684/40930] 'ENG201H - Central Michigan University': no usable link (cache)
[2685/40930] 'ENG234WI - Central Michigan University': no usable link (cache)
[2686/40930] 'ENG571 - Central Michigan University': no usable link (cache)
[2687/40930] 'ENG580 - Central Michigan University': no usable link (cache)
[2688/40930] 'ENG665D - Central Michigan University': no usable link (cache)
[2689/40930] 'ACTG339 - Chapman University': no usable link (cache)
[2690/40930] 'ACTG439 - Chapman University': no usable link (cache)
[2691/40930] 'ACTG461 - Chapman University': no usable link (cache)
[2692/40930] 'AHP211 - Chapman University': no usable link (cache)
[2693/40930] 'AHP345 - Chapman University': no usable link (cache)
[2694/40930] 'ART122 - Chapman University': no usable link (cache)
[2695/40930] 'BIO208L - Chapman University': no usable link (cache)
[2696/40930] 'BJRL307 - Chapman University': no usable link (cache)
[2697/40930] 'BRJL307 - Chapman University': no usable link (cache)
[2698/40930] 'BUS15 - Chapman University': no usable link (cache)
[2699/40930] 'BUS609 - Chapman University': no usable link (cache)
[2700/40930] 'CHEM230L - Chapman University': no usable link (cache)
[2701/40930] 'CHEM331L - Chapman University': no usable link (cache)
[2702/40930] 'COM210B - Chapman University': no usable link (cache)
[2703/40930] 'COM219 - Chapman University': no usable link (cache)
[2704/40930] 'COM295 - Chapman University': no usable link (cache)
[2705/40930] 'COM334 - Chapman University': no usable link (cache)
[2706/40930] 'CRPR110 - Chapman University': no usable link (cache)
[2707/40930] 'CRPR234 - Chapman University': no usable link (cache)
[2708/40930] 'CRPR307 - Chapman University': no usable link (cache)
[2709/40930] 'DANC136 - Chapman University': no usable link (cache)
[2710/40930] 'ENG208 - Chapman University': no usable link (cache)
[2711/40930] 'ENG546 - Chapman University': no usable link (cache)
[2712/40930] 'ARBC033 - Claremont McKenna College': no usable link (cache)
[2713/40930] 'BIOL044L - Claremont McKenna College': no usable link (cache)
[2714/40930] 'BIOL175 - Claremont McKenna College': no usable link (cache)
[2715/40930] 'CHEM125L - Claremont McKenna College': no usable link (cache)
[2716/40930] 'CIV10 - Claremont McKenna College': no usable link (cache)
[2717/40930] 'CS046 - Claremont McKenna College': no usable link (cache)
[2718/40930] 'CSCI036 - Claremont McKenna College': no usable link (cache)
[2719/40930] 'ECON086 - Claremont McKenna College': no usable link (cache)
[2720/40930] 'ECON142 - Claremont McKenna College': no usable link (cache)
[2721/40930] 'ECON86 - Claremont McKenna College': no usable link (cache)
[2722/40930] 'AC203 - Clarkson University': no usable link (cache)
[2723/40930] 'AE301 - Clarkson University': no usable link (cache)
[2724/40930] 'AE350 - Clarkson University': no usable link (cache)
[2725/40930] 'AE425 - Clarkson University': no usable link (cache)
[2726/40930] 'BY140 - Clarkson University': no usable link (cache)
[2727/40930] 'BY160 - Clarkson University': no usable link (cache)
[2728/40930] 'BY222 - Clarkson University': no usable link (cache)
[2729/40930] 'CE301 - Clarkson University': no usable link (cache)
[2730/40930] 'CE320 - Clarkson University': no usable link (cache)
[2731/40930] 'CE405 - Clarkson University': no usable link (cache)
[2732/40930] 'CH320 - Clarkson University': no usable link (cache)
[2733/40930] 'CH360 - Clarkson University': no usable link (cache)
[2734/40930] 'CH370 - Clarkson University': no usable link (cache)
[2735/40930] 'CH452 - Clarkson University': no usable link (cache)
[2736/40930] 'CM104 - Clarkson University': no usable link (cache)
[2737/40930] 'CM132 - Clarkson University': no usable link (cache)
[2738/40930] 'CM242 - Clarkson University': no usable link (cache)
[2739/40930] 'EC150 - Clarkson University': no usable link (cache)
[2740/40930] 'EC151 - Clarkson University': no usable link (cache)
[2741/40930] 'EDU540 - Clarkson University': no usable link (cache)
[2742/40930] 'EE331 - Clarkson University': no usable link (cache)
[2743/40930] 'EE381 - Clarkson University': no usable link (cache)
[2744/40930] 'EM120 - Clarkson University': no usable link (cache)
[2745/40930] 'EM380 - Clarkson University': no usable link (cache)
[2746/40930] 'EM451 - Clarkson University': no usable link (cache)
[2747/40930] 'ACCT3030 - Clemson University': no usable link (cache)
[2748/40930] 'AGM2210 - Clemson University': no usable link (cache)
[2749/40930] 'AGRB2020 - Clemson University': no usable link (cache)
[2750/40930] 'AGRB2050 - Clemson University': no usable link (cache)
[2751/40930] 'AGRB3020 - Clemson University': no usable link (cache)
[2752/40930] 'AL3490 - Clemson University': no usable link (cache)
[2753/40930] 'ANAT223 - Clemson University': no usable link (cache)
[2754/40930] 'AVS3100 - Clemson University': no usable link (cache)
[2755/40930] 'BIO4610 - Clemson University': no usable link (cache)
[2756/40930] 'BIOL3080 - Clemson University': no usable link (cache)
[2757/40930] 'BIOL4700 - Clemson University': no usable link (cache)
[2758/40930] 'BIOL8420 - Clemson University': no usable link (cache)
[2759/40930] 'BIOSC222 - Clemson University': no usable link (cache)
[2760/40930] 'BIOSC223 - Clemson University': no usable link (cache)
[2761/40930] 'BUS2010 - Clemson University': no usable link (cache)
[2762/40930] 'BUS3010 - Clemson University': no usable link (cache)
[2763/40930] 'CE2010 - Clemson University': no usable link (cache)
[2764/40930] 'CH1050 - Clemson University': no usable link (cache)
[2765/40930] 'CH2010 - Clemson University': no usable link (cache)
[2766/40930] 'CH2240 - Clemson University': no usable link (cache)
[2767/40930] 'CHE1300 - Clemson University': no usable link (cache)
[2768/40930] 'CHIN3120 - Clemson University': no usable link (cache)
[2769/40930] 'COMM1501 - Clemson University': no usable link (cache)
[2770/40930] 'CPSC1060 - Clemson University': no usable link (cache)
[2771/40930] 'CPSC2910 - Clemson University': no usable link (cache)
[2772/40930] 'ECE8920 - Clemson University': no usable link (cache)
[2773/40930] 'ECON2120 - Clemson University': no usable link (cache)
[2774/40930] 'EDF3020 - Clemson University': no usable link (cache)
[2775/40930] 'EG209 - Clemson University': no usable link (cache)
[2776/40930] 'EG210 - Clemson University': no usable link (cache)
[2777/40930] 'ELE4060 - Clemson University': no usable link (cache)
[2778/40930] 'ENGL3150 - Clemson University': no usable link (cache)
[2779/40930] 'ACT331 - Cleveland State University': no usable link (cache)
[2780/40930] 'ACT361 - Cleveland State University': no usable link (cache)
[2781/40930] 'ACT600 - Cleveland State University': no usable link (cache)
[2782/40930] 'BIO414 - Cleveland State University': no usable link (cache)
[2783/40930] 'BUS151 - Cleveland State University': no usable link (cache)
[2784/40930] 'CHM251 - Cleveland State University': no usable link (cache)
[2785/40930] 'CHM261H - Cleveland State University': no usable link (cache)
[2786/40930] 'CHM262 - Cleveland State University': no usable link (cache)
[2787/40930] 'CHM266 - Cleveland State University': no usable link (cache)
[2788/40930] 'CIS620 - Cleveland State University': no usable link (cache)
[2789/40930] 'CRM335 - Cleveland State University': no usable link (cache)
[2790/40930] 'CRM341 - Cleveland State University': no usable link (cache)
[2791/40930] 'CRM347 - Cleveland State University': no usable link (cache)
[2792/40930] 'CVE422 - Cleveland State University': no usable link (cache)
[2793/40930] 'CVE461 - Cleveland State University': no usable link (cache)
[2794/40930] 'DS496 - Cleveland State University': no usable link (cache)
[2795/40930] 'ECE416 - Cleveland State University': no usable link (cache)
[2796/40930] 'ECE501 - Cleveland State University': no usable link (cache)
[2797/40930] 'EDB302 - Cleveland State University': no usable link (cache)
[2798/40930] 'EDB601 - Cleveland State University': no usable link (cache)
[2799/40930] 'EDL407 - Cleveland State University': no usable link (cache)
[2800/40930] 'EEC314 - Cleveland State University': no usable link (cache)
[2801/40930] 'EEC318 - Cleveland State University': no usable link (cache)
[2802/40930] 'EEC383 - Cleveland State University': no usable link (cache)
[2803/40930] 'EEC430 - Cleveland State University': no usable link (cache)
[2804/40930] 'EEC451 - Cleveland State University': no usable link (cache)
[2805/40930] 'EEC493 - Cleveland State University': no usable link (cache)
[2806/40930] 'EET207 - Cleveland State University': no usable link (cache)
[2807/40930] 'ACCT339 - Coastal Carolina University': no usable link (cache)
[2808/40930] 'ALG130I - Coastal Carolina University': no usable link (cache)
[2809/40930] 'ANTH101L - Coastal Carolina University': no usable link (cache)
[2810/40930] 'ASTR112 - Coastal Carolina University': no usable link (cache)
[2811/40930] 'BIO121L - Coastal Carolina University': no usable link (cache)
[2812/40930] 'BIO122L - Coastal Carolina University': no usable link (cache)
[2813/40930] 'BIO232LAB - Coastal Carolina University': no usable link (cache)
[2814/40930] 'BIOL121L - Coastal Carolina University': no usable link (cache)
[2815/40930] 'CBAD291 - Coastal Carolina University': no usable link (cache)
[2816/40930] 'CBAD292 - Coastal Carolina University': no usable link (cache)
[2817/40930] 'CBAD301 - Coastal Carolina University': no usable link (cache)
[2818/40930] 'CBAD350 - Coastal Carolina University': no usable link (cache)
[2819/40930] 'CBAD351 - Coastal Carolina University': no usable link (cache)
[2820/40930] 'CBAD363 - Coastal Carolina University': no usable link (cache)
[2821/40930] 'CBAD364 - Coastal Carolina University': no usable link (cache)
[2822/40930] 'CBAD373 - Coastal Carolina University': no usable link (cache)
[2823/40930] 'CBAD478 - Coastal Carolina University': no usable link (cache)
[2824/40930] 'CHEM11107 - Coastal Carolina University': no usable link (cache)
[2825/40930] 'EDSP322 - Coastal Carolina University': no usable link (cache)
[2826/40930] 'AD221 - Colby College': no usable link (cache)
[2827/40930] 'AY112 - Colby College': no usable link (cache)
[2828/40930] 'AY236 - Colby College': no usable link (cache)
[2829/40930] 'BI374 - Colby College': no usable link (cache)
[2830/40930] 'CL138 - Colby College': no usable link (cache)
[2831/40930] 'CL156 - Colby College': no usable link (cache)
[2832/40930] 'CL236 - Colby College': no usable link (cache)
[2833/40930] 'EC223 - Colby College': no usable link (cache)
[2834/40930] 'EC373 - Colby College': no usable link (cache)
[2835/40930] 'EC393 - Colby College': no usable link (cache)
[2836/40930] 'ED322 - Colby College': no usable link (cache)
[2837/40930] 'EN379 - Colby College': no usable link (cache)
[2838/40930] 'CORES197 - Colgate University': no usable link (cache)
[2839/40930] 'ECON151 - Colgate University': no usable link (cache)
[2840/40930] '1OO - College of Staten Island': no usable link (cache)
[2841/40930] 'AAD105 - College of Staten Island': no usable link (cache)
[2842/40930] 'ACC114 - College of Staten Island': no usable link (cache)
[2843/40930] 'ACC215 - College of Staten Island': no usable link (cache)
[2844/40930] 'ACC218 - College of Staten Island': no usable link (cache)
[2845/40930] 'ACC305 - College of Staten Island': no usable link (cache)
[2846/40930] 'ACC314 - College of Staten Island': no usable link (cache)
[2847/40930] 'ACC315 - College of Staten Island': no usable link (cache)
[2848/40930] 'ACC750 - College of Staten Island': no usable link (cache)
[2849/40930] 'ART100 - College of Staten Island': no usable link (cache)
[2850/40930] 'ART130 - College of Staten Island': no usable link (cache)
[2851/40930] 'ART150 - College of Staten Island': no usable link (cache)
[2852/40930] 'ASL112 - College of Staten Island': no usable link (cache)
[2853/40930] 'ASL113 - College of Staten Island': no usable link (cache)
[2854/40930] 'ASL114 - College of Staten Island': no usable link (cache)
[2855/40930] 'AST100 - College of Staten Island': no usable link (cache)
[2856/40930] 'AST101 - College of Staten Island': no usable link (cache)
[2857/40930] 'AST103 - College of Staten Island': no usable link (cache)
[2858/40930] 'BIO107 - College of Staten Island': no usable link (cache)
[2859/40930] 'BIO150L - College of Staten Island': no usable link (cache)
[2860/40930] 'BIO160LAB - College of Staten Island': no usable link (cache)
[2861/40930] 'BIO170 - College of Staten Island': no usable link (cache)
[2862/40930] 'BIO180 - College of Staten Island': no usable link (cache)
[2863/40930] 'BIO205LAB - College of Staten Island': no usable link (cache)
[2864/40930] 'BIO239 - College of Staten Island': no usable link (cache)
[2865/40930] 'BIO312 - College of Staten Island': no usable link (cache)
[2866/40930] 'BIO322 - College of Staten Island': no usable link (cache)
[2867/40930] 'BIO346 - College of Staten Island': no usable link (cache)
[2868/40930] 'BIO350 - College of Staten Island': no usable link (cache)
[2869/40930] 'BIO351 - College of Staten Island': no usable link (cache)
[2870/40930] 'BIO382 - College of Staten Island': no usable link (cache)
[2871/40930] 'BIO442 - College of Staten Island': no usable link (cache)
[2872/40930] 'BIO593IND - College of Staten Island': no usable link (cache)
[2873/40930] 'BUS160 - College of Staten Island': no usable link (cache)
[2874/40930] 'BUS260 - College of Staten Island': no usable link (cache)
[2875/40930] 'CHEM127 - College of Staten Island': no usable link (cache)
[2876/40930] 'CHEM142 - College of Staten Island': no usable link (cache)
[2877/40930] 'CHEM240 - College of Staten Island': no usable link (cache)
[2878/40930] 'CHM100 - College of Staten Island': no usable link (cache)
[2879/40930] 'CHM110 - College of Staten Island': no usable link (cache)
[2880/40930] 'CHM121 - College of Staten Island': no usable link (cache)
[2881/40930] 'CHM141 - College of Staten Island': no usable link (cache)
[2882/40930] 'CHM240 - College of Staten Island': no usable link (cache)
[2883/40930] 'CHM256 - College of Staten Island': no usable link (cache)
[2884/40930] 'CHN215 - College of Staten Island': no usable link (cache)
[2885/40930] 'CORE100 - College of Staten Island': no usable link (cache)
[2886/40930] 'CSC211 - College of Staten Island': no usable link (cache)
[2887/40930] 'CSC220 - College of Staten Island': no usable link (cache)
[2888/40930] 'CSC227 - College of Staten Island': no usable link (cache)
[2889/40930] 'CSC315 - College of Staten Island': no usable link (cache)
[2890/40930] 'EC0112 - College of Staten Island': no usable link (cache)
[2891/40930] 'ECO111 - College of Staten Island': no usable link (cache)
[2892/40930] 'ECO112 - College of Staten Island': no usable link (cache)
[2893/40930] 'ECO210 - College of Staten Island': no usable link (cache)
[2894/40930] 'ECO212 - College of Staten Island': no usable link (cache)
[2895/40930] 'ECO214 - College of Staten Island': no usable link (cache)
[2896/40930] 'ECO230 - College of Staten Island': no usable link (cache)
[2897/40930] 'ECO251 - College of Staten Island': no usable link (cache)
[2898/40930] 'ECO252 - College of Staten Island': no usable link (cache)
[2899/40930] 'ECO3333 - College of Staten Island': no usable link (cache)
[2900/40930] 'ECO360 - College of Staten Island': no usable link (cache)
[2901/40930] 'ECO392 - College of Staten Island': no usable link (cache)
[2902/40930] 'ECON210 - College of Staten Island': no usable link (cache)
[2903/40930] 'EDP680 - College of Staten Island': no usable link (cache)
[2904/40930] 'ACCT181 - College of the Holy Cross': no usable link (cache)
[2905/40930] 'ACCT278 - College of the Holy Cross': no usable link (cache)
[2906/40930] 'BIO261 - College of the Holy Cross': no usable link (cache)
[2907/40930] 'BIOL232 - College of the Holy Cross': no usable link (cache)
[2908/40930] 'BIOL261 - College of the Holy Cross': no usable link (cache)
[2909/40930] 'CRAW121 - College of the Holy Cross': no usable link (cache)
[2910/40930] 'CRAW2 - College of the Holy Cross': no usable link (cache)
[2911/40930] 'DFST102 - College of the Holy Cross': no usable link (cache)
[2912/40930] 'ECOA181 - College of the Holy Cross': no usable link (cache)
[2913/40930] 'AFST100 - College of William & Mary': no usable link (cache)
[2914/40930] 'AFST150 - College of William & Mary': no usable link (cache)
[2915/40930] 'AFST205 - College of William & Mary': no usable link (cache)
[2916/40930] 'AMES250 - College of William & Mary': no usable link (cache)
[2917/40930] 'AMES290 - College of William & Mary': no usable link (cache)
[2918/40930] 'AMES390 - College of William & Mary': no usable link (cache)
[2919/40930] 'AMST100 - College of William & Mary': no usable link (cache)
[2920/40930] 'AMST240 - College of William & Mary': no usable link (cache)
[2921/40930] 'AMST290 - College of William & Mary': no usable link (cache)
[2922/40930] 'APIA205 - College of William & Mary': no usable link (cache)
[2923/40930] 'ARAB311 - College of William & Mary': no usable link (cache)
[2924/40930] 'ART309 - College of William & Mary': no usable link (cache)
[2925/40930] 'ARTH252 - College of William & Mary': no usable link (cache)
[2926/40930] 'ARTH255 - College of William & Mary': no usable link (cache)
[2927/40930] 'ARTH257 - College of William & Mary': no usable link (cache)
[2928/40930] 'ARTH330 - College of William & Mary': no usable link (cache)
[2929/40930] 'ARTH342 - College of William & Mary': no usable link (cache)
[2930/40930] 'BAUD231 - College of William & Mary': no usable link (cache)
[2931/40930] 'BIO204L - College of William & Mary': no usable link (cache)
[2932/40930] 'BIO409 - College of William & Mary': no usable link (cache)
[2933/40930] 'BIO428 - College of William & Mary': no usable link (cache)
[2934/40930] 'BIO433 - College of William & Mary': no usable link (cache)
[2935/40930] 'BIOI310 - College of William & Mary': no usable link (cache)
[2936/40930] 'BIOL203D - College of William & Mary': no usable link (cache)
[2937/40930] 'BIOL203L - College of William & Mary': no usable link (cache)
[2938/40930] 'BIOL306 - College of William & Mary': no usable link (cache)
[2939/40930] 'BIOL377 - College of William & Mary': no usable link (cache)
[2940/40930] 'BIOL409 - College of William & Mary': no usable link (cache)
[2941/40930] 'BIOL433 - College of William & Mary': no usable link (cache)
[2942/40930] 'BUAD317 - College of William & Mary': no usable link (cache)
[2943/40930] 'BUAD460 - College of William & Mary': no usable link (cache)
[2944/40930] 'BUAD502C - College of William & Mary': no usable link (cache)
[2945/40930] 'BUAD5372 - College of William & Mary': no usable link (cache)
[2946/40930] 'BUAD5732 - College of William & Mary': no usable link (cache)
[2947/40930] 'CHEM314 - College of William & Mary': no usable link (cache)
[2948/40930] 'CHEM402 - College of William & Mary': no usable link (cache)
[2949/40930] 'CHIN410 - College of William & Mary': no usable link (cache)
[2950/40930] 'CLCV205 - College of William & Mary': no usable link (cache)
[2951/40930] 'CLCV207 - College of William & Mary': no usable link (cache)
[2952/40930] 'CLCV218 - College of William & Mary': no usable link (cache)
[2953/40930] 'CLCV315 - College of William & Mary': no usable link (cache)
[2954/40930] 'CLCV420 - College of William & Mary': no usable link (cache)
[2955/40930] 'COLL100 - College of William & Mary': no usable link (cache)
[2956/40930] 'COLL150 - College of William & Mary': no usable link (cache)
[2957/40930] 'CRWR212 - College of William & Mary': no usable link (cache)
[2958/40930] 'CRWR369 - College of William & Mary': no usable link (cache)
[2959/40930] 'CRWR470 - College of William & Mary': no usable link (cache)
[2960/40930] 'DANC111 - College of William & Mary': no usable link (cache)
[2961/40930] 'DANC311 - College of William & Mary': no usable link (cache)
[2962/40930] 'DATA303 - College of William & Mary': no usable link (cache)
[2963/40930] 'ENG475 - College of William & Mary': no usable link (cache)
[2964/40930] 'ENGL150W - College of William & Mary': no usable link (cache)
[2965/40930] 'ENGL357A - College of William & Mary': no usable link (cache)
[2966/40930] 'AH112 - Colorado College': no usable link (cache)
[2967/40930] 'AH255 - Colorado College': no usable link (cache)
[2968/40930] 'AN205 - Colorado College': no usable link (cache)
[2969/40930] 'BE105 - Colorado College': no usable link (cache)
[2970/40930] 'BE208 - Colorado College': no usable link (cache)
[2971/40930] 'CH107 - Colorado College': no usable link (cache)
[2972/40930] 'CH250 - Colorado College': no usable link (cache)
[2973/40930] 'CP116 - Colorado College': no usable link (cache)
[2974/40930] 'EC275 - Colorado College': no usable link (cache)
[2975/40930] 'ED250 - Colorado College': no usable link (cache)
[2976/40930] 'EN203 - Colorado College': no usable link (cache)
[2977/40930] 'EN360 - Colorado College': no usable link (cache)
[2978/40930] 'EN399 - Colorado College': no usable link (cache)
[2979/40930] 'CBEN320 - Colorado School of Mines': no usable link (cache)
[2980/40930] 'CHGN121 - Colorado School of Mines': no usable link (cache)
[2981/40930] 'CHGN121LAB - Colorado School of Mines': no usable link (cache)
[2982/40930] 'CHGN341 - Colorado School of Mines': no usable link (cache)
[2983/40930] 'EBGN345 - Colorado School of Mines': no usable link (cache)
[2984/40930] 'EENG385 - Colorado School of Mines': no usable link (cache)
[2985/40930] 'ACT350 - Colorado State University': no usable link (cache)
[2986/40930] 'AGRI116 - Colorado State University': no usable link (cache)
[2987/40930] 'ANEQ102 - Colorado State University': no usable link (cache)
[2988/40930] 'ANEQ310 - Colorado State University': no usable link (cache)
[2989/40930] 'ANTH451 - Colorado State University': no usable link (cache)
[2990/40930] 'ANTH453 - Colorado State University': no usable link (cache)
[2991/40930] 'ANTH472 - Colorado State University': no usable link (cache)
[2992/40930] 'BPSM102 - Colorado State University': no usable link (cache)
[2993/40930] 'BSPM102 - Colorado State University': no usable link (cache)
[2994/40930] 'BZ110 - Colorado State University': no usable link (cache)
[2995/40930] 'BZ220 - Colorado State University': no usable link (cache)
[2996/40930] 'BZ311 - Colorado State University': no usable link (cache)
[2997/40930] 'CBE210 - Colorado State University': no usable link (cache)
[2998/40930] 'CBE331 - Colorado State University': no usable link (cache)
[2999/40930] 'CIS370 - Colorado State University': no usable link (cache)
[3000/40930] 'CIVE203 - Colorado State University': no usable link (cache)
[3001/40930] 'CO150 - Colorado State University': no usable link (cache)
[3002/40930] 'CO300 - Colorado State University': no usable link (cache)
[3003/40930] 'CON151 - Colorado State University': no usable link (cache)
[3004/40930] 'CON265 - Colorado State University': no usable link (cache)
[3005/40930] 'CON365 - Colorado State University': no usable link (cache)
[3006/40930] 'DSCI369 - Colorado State University': no usable link (cache)
[3007/40930] 'E142 - Colorado State University': no usable link (cache)
[3008/40930] 'E232 - Colorado State University': no usable link (cache)
[3009/40930] 'E236 - Colorado State University': no usable link (cache)
[3010/40930] 'E238 - Colorado State University': no usable link (cache)
[3011/40930] 'E240 - Colorado State University': no usable link (cache)
[3012/40930] 'E270 - Colorado State University': no usable link (cache)
[3013/40930] 'E440 - Colorado State University': no usable link (cache)
[3014/40930] '6B - Columbia University': no usable link (cache)
[3015/40930] 'ACT404 - Columbia University': no usable link (cache)
[3016/40930] 'AIA101 - Columbia University': no usable link (cache)
[3017/40930] 'ALP9 - Columbia University': no usable link (cache)
[3018/40930] 'APPH4100 - Columbia University': no usable link (cache)
[3019/40930] 'ARC105 - Columbia University': no usable link (cache)
[3020/40930] 'ARC1101 - Columbia University': no usable link (cache)
[3021/40930] 'ARCH0069 - Columbia University': no usable link (cache)
[3022/40930] 'ARCH01 - Columbia University': no usable link (cache)
[3023/40930] 'ARCH1010 - Columbia University': no usable link (cache)
[3024/40930] 'ARCH4567 - Columbia University': no usable link (cache)
[3025/40930] 'ARCHI101 - Columbia University': no usable link (cache)
[3026/40930] 'ARE000 - Columbia University': no usable link (cache)
[3027/40930] 'ARE1 - Columbia University': no usable link (cache)
[3028/40930] 'ARE100 - Columbia University': no usable link (cache)
[3029/40930] 'ARE101 - Columbia University': no usable link (cache)
[3030/40930] 'ARE3 - Columbia University': no usable link (cache)
[3031/40930] 'ARE4 - Columbia University': no usable link (cache)
[3032/40930] 'ARE40 - Columbia University': no usable link (cache)
[3033/40930] 'BMEN4899 - Columbia University': no usable link (cache)
[3034/40930] 'CCPX4063 - Columbia University': no usable link (cache)
[3035/40930] 'CHIW4003 - Columbia University': no usable link (cache)
[3036/40930] 'CLMEW3032 - Columbia University': no usable link (cache)
[3037/40930] 'CM22 - Columbia University': no usable link (cache)
[3038/40930] 'COMS4497 - Columbia University': no usable link (cache)
[3039/40930] 'ECON3015 - Columbia University': no usable link (cache)
[3040/40930] 'ECON3213 - Columbia University': no usable link (cache)
[3041/40930] 'EDE713 - Columbia University': no usable link (cache)
[3042/40930] 'AHS311 - Concordia University': no usable link (cache)
[3043/40930] 'BIOL479 - Concordia University': no usable link (cache)
[3044/40930] 'EDUC302 - Concordia University': no usable link (cache)
[3045/40930] 'AHI101 - Connecticut College': no usable link (cache)
[3046/40930] 'AHI121 - Connecticut College': no usable link (cache)
[3047/40930] 'AHI123 - Connecticut College': no usable link (cache)
[3048/40930] 'AHI203 - Connecticut College': no usable link (cache)
[3049/40930] 'AHI246 - Connecticut College': no usable link (cache)
[3050/40930] 'AHI251 - Connecticut College': no usable link (cache)
[3051/40930] 'AMS201 - Connecticut College': no usable link (cache)
[3052/40930] 'ANT114 - Connecticut College': no usable link (cache)
[3053/40930] 'ANT296 - Connecticut College': no usable link (cache)
[3054/40930] 'ARC103 - Connecticut College': no usable link (cache)
[3055/40930] 'ARC241 - Connecticut College': no usable link (cache)
[3056/40930] 'ARC276 - Connecticut College': no usable link (cache)
[3057/40930] 'BIO120K - Connecticut College': no usable link (cache)
[3058/40930] 'BIO493 - Connecticut College': no usable link (cache)
[3059/40930] 'BOT115 - Connecticut College': no usable link (cache)
[3060/40930] 'BOT117 - Connecticut College': no usable link (cache)
[3061/40930] 'EAS103 - Connecticut College': no usable link (cache)
[3062/40930] 'EAS115 - Connecticut College': no usable link (cache)
[3063/40930] 'ECO248 - Connecticut College': no usable link (cache)
[3064/40930] 'EDU104 - Connecticut College': no usable link (cache)
[3065/40930] 'ENG120M - Connecticut College': no usable link (cache)
[3066/40930] 'CALC1 - Cooper Union': no usable link (cache)
[3067/40930] 'CH110 - Cooper Union': no usable link (cache)
[3068/40930] 'CH111 - Cooper Union': no usable link (cache)
[3069/40930] 'CH131 - Cooper Union': no usable link (cache)
[3070/40930] 'CH160 - Cooper Union': no usable link (cache)
[3071/40930] 'CHE131 - Cooper Union': no usable link (cache)
[3072/40930] 'AEM1101 - Cornell University': no usable link (cache)
[3073/40930] 'AEM2210 - Cornell University': no usable link (cache)
[3074/40930] 'AEM2241 - Cornell University': no usable link (cache)
[3075/40930] 'AEM2600 - Cornell University': no usable link (cache)
[3076/40930] 'AEM4450 - Cornell University': no usable link (cache)
[3077/40930] 'AEM4520 - Cornell University': no usable link (cache)
[3078/40930] 'AEM4670 - Cornell University': no usable link (cache)
[3079/40930] 'ANSC2400 - Cornell University': no usable link (cache)
[3080/40930] 'ARAB1201 - Cornell University': no usable link (cache)
[3081/40930] 'ARCH5116 - Cornell University': no usable link (cache)
[3082/40930] 'ASIAN2208 - Cornell University': no usable link (cache)
[3083/40930] 'ASIAN2247 - Cornell University': no usable link (cache)
[3084/40930] 'ASIAN2269 - Cornell University': no usable link (cache)
[3085/40930] 'BIO1540 - Cornell University': no usable link (cache)
[3086/40930] 'BIOEE1540 - Cornell University': no usable link (cache)
[3087/40930] 'BIOEE1780 - Cornell University': no usable link (cache)
[3088/40930] 'BIOG1440 - Cornell University': no usable link (cache)
[3089/40930] 'BIOMG1350 - Cornell University': no usable link (cache)
[3090/40930] 'BTRY3010 - Cornell University': no usable link (cache)
[3091/40930] 'CHEM1560 - Cornell University': no usable link (cache)
[3092/40930] 'CHEM2090 - Cornell University': no usable link (cache)
[3093/40930] 'CHEM2150 - Cornell University': no usable link (cache)
[3094/40930] 'CHEM257 - Cornell University': no usable link (cache)
[3095/40930] 'CHEM3590 - Cornell University': no usable link (cache)
[3096/40930] 'CHEM389 - Cornell University': no usable link (cache)
[3097/40930] 'CHEM4100 - Cornell University': no usable link (cache)
[3098/40930] 'CHEME3130 - Cornell University': no usable link (cache)
[3099/40930] 'CHIN2201 - Cornell University': no usable link (cache)
[3100/40930] 'CHIN2202 - Cornell University': no usable link (cache)
[3101/40930] 'CRP3850 - Cornell University': no usable link (cache)
[3102/40930] 'EAS1101 - Cornell University': no usable link (cache)
[3103/40930] 'EAS1540 - Cornell University': no usable link (cache)
[3104/40930] 'ECON2400 - Cornell University': no usable link (cache)
[3105/40930] 'ECON3120 - Cornell University': no usable link (cache)
[3106/40930] 'ECON336 - Cornell University': no usable link (cache)
[3107/40930] 'ECON358 - Cornell University': no usable link (cache)
[3108/40930] 'ECON4660 - Cornell University': no usable link (cache)
[3109/40930] 'ENGL1111 - Cornell University': no usable link (cache)
[3110/40930] 'ENGL1167 - Cornell University': no usable link (cache)
[3111/40930] 'ENGL1191 - Cornell University': no usable link (cache)
[3112/40930] 'ANT113 - Creighton University': no usable link (cache)
[3113/40930] 'ARH170 - Creighton University': no usable link (cache)
[3114/40930] 'ARH219 - Creighton University': no usable link (cache)
[3115/40930] 'ARH390 - Creighton University': no usable link (cache)
[3116/40930] 'ARH465 - Creighton University': no usable link (cache)
[3117/40930] 'BIA261 - Creighton University': no usable link (cache)
[3118/40930] 'BIA330 - Creighton University': no usable link (cache)
[3119/40930] 'BIA354 - Creighton University': no usable link (cache)
[3120/40930] 'BIA385 - Creighton University': no usable link (cache)
[3121/40930] 'BIA479 - Creighton University': no usable link (cache)
[3122/40930] 'BIA484 - Creighton University': no usable link (cache)
[3123/40930] 'BIOC432 - Creighton University': no usable link (cache)
[3124/40930] 'BMS660 - Creighton University': no usable link (cache)
[3125/40930] 'BUS229 - Creighton University': no usable link (cache)
[3126/40930] 'CALC245 - Creighton University': no usable link (cache)
[3127/40930] 'CHM203 - Creighton University': no usable link (cache)
[3128/40930] 'CHM204 - Creighton University': no usable link (cache)
[3129/40930] 'CHM285 - Creighton University': no usable link (cache)
[3130/40930] 'CHM322 - Creighton University': no usable link (cache)
[3131/40930] 'CHM342 - Creighton University': no usable link (cache)
[3132/40930] 'CHM381 - Creighton University': no usable link (cache)
[3133/40930] 'CHM532 - Creighton University': no usable link (cache)
[3134/40930] 'CNE171 - Creighton University': no usable link (cache)
[3135/40930] 'CNE230 - Creighton University': no usable link (cache)
[3136/40930] 'COM152 - Creighton University': no usable link (cache)
[3137/40930] 'COM176 - Creighton University': no usable link (cache)
[3138/40930] 'ENG15O - Creighton University': no usable link (cache)
[3139/40930] 'ASCC1400 - Dalhousie University': no usable link (cache)
[3140/40930] 'ASSC1800 - Dalhousie University': no usable link (cache)
[3141/40930] 'ASSC3150 - Dalhousie University': no usable link (cache)
[3142/40930] 'BIO2030 - Dalhousie University': no usable link (cache)
[3143/40930] 'BIOC3200 - Dalhousie University': no usable link (cache)
[3144/40930] 'BIOC3700 - Dalhousie University': no usable link (cache)
[3145/40930] 'BIOL3580 - Dalhousie University': no usable link (cache)
[3146/40930] 'BUSI5201 - Dalhousie University': no usable link (cache)
[3147/40930] 'CANA1102 - Dalhousie University': no usable link (cache)
[3148/40930] 'CHEM2401 - Dalhousie University': no usable link (cache)
[3149/40930] 'CHIN2050 - Dalhousie University': no usable link (cache)
[3150/40930] 'CIV3415 - Dalhousie University': no usable link (cache)
[3151/40930] 'CIVIL3200 - Dalhousie University': no usable link (cache)
[3152/40930] 'CIVIL4111 - Dalhousie University': no usable link (cache)
[3153/40930] 'CIVL3200 - Dalhousie University': no usable link (cache)
[3154/40930] 'CIVL3505 - Dalhousie University': no usable link (cache)
[3155/40930] 'CIVL3705 - Dalhousie University': no usable link (cache)
[3156/40930] 'CIVL4111 - Dalhousie University': no usable link (cache)
[3157/40930] 'CIVL4250 - Dalhousie University': no usable link (cache)
[3158/40930] 'CIVL4711 - Dalhousie University': no usable link (cache)
[3159/40930] 'CLAS2026 - Dalhousie University': no usable link (cache)
[3160/40930] 'CLAS2100 - Dalhousie University': no usable link (cache)
[3161/40930] 'CLAS2209 - Dalhousie University': no usable link (cache)
[3162/40930] 'CLAS2234 - Dalhousie University': no usable link (cache)
[3163/40930] 'COMM1503 - Dalhousie University': no usable link (cache)
[3164/40930] 'COMM1711 - Dalhousie University': no usable link (cache)
[3165/40930] 'COMM1715 - Dalhousie University': no usable link (cache)
[3166/40930] 'COMM1720 - Dalhousie University': no usable link (cache)
[3167/40930] 'COMM2201 - Dalhousie University': no usable link (cache)
[3168/40930] 'COMM3404 - Dalhousie University': no usable link (cache)
[3169/40930] 'CS3171 - Dalhousie University': no usable link (cache)
[3170/40930] 'DISP1500 - Dalhousie University': no usable link (cache)
[3171/40930] 'EAP2 - Dalhousie University': no usable link (cache)
[3172/40930] 'ECED3501 - Dalhousie University': no usable link (cache)
[3173/40930] 'ECED4503 - Dalhousie University': no usable link (cache)
[3174/40930] 'ECED6590 - Dalhousie University': no usable link (cache)
[3175/40930] 'ECON2218 - Dalhousie University': no usable link (cache)
[3176/40930] 'ECON3331 - Dalhousie University': no usable link (cache)
[3177/40930] 'ECON3700 - Dalhousie University': no usable link (cache)
[3178/40930] 'ECON3800 - Dalhousie University': no usable link (cache)
[3179/40930] 'ECON5525 - Dalhousie University': no usable link (cache)
[3180/40930] 'EMGM2021 - Dalhousie University': no usable link (cache)
[3181/40930] 'ENG1040 - Dalhousie University': no usable link (cache)
[3182/40930] 'ENG2205 - Dalhousie University': no usable link (cache)
[3183/40930] 'ENGI1103 - Dalhousie University': no usable link (cache)
[3184/40930] 'ENGI2204 - Dalhousie University': no usable link (cache)
[3185/40930] 'ENGL1025 - Dalhousie University': no usable link (cache)
[3186/40930] 'ENGL1040 - Dalhousie University': no usable link (cache)
[3187/40930] 'ENGL2004 - Dalhousie University': no usable link (cache)
[3188/40930] 'ENGL2205 - Dalhousie University': no usable link (cache)
[3189/40930] 'ENGL2218 - Dalhousie University': no usable link (cache)
[3190/40930] 'ENGL2238 - Dalhousie University': no usable link (cache)
[3191/40930] 'ENGL3040 - Dalhousie University': no usable link (cache)
[3192/40930] 'ANTH048 - Dartmouth College': no usable link (cache)
[3193/40930] 'CHEM81 - Dartmouth College': no usable link (cache)
[3194/40930] 'CLST2 - Dartmouth College': no usable link (cache)
[3195/40930] 'ECON26 - Dartmouth College': no usable link (cache)
[3196/40930] 'ENG27 - Dartmouth College': no usable link (cache)
[3197/40930] 'ENG65 - Dartmouth College': no usable link (cache)
[3198/40930] 'ANT340 - Davidson College': no usable link (cache)
[3199/40930] 'ECO229 - Davidson College': no usable link (cache)
[3200/40930] 'ANSO101 - Denison University': no usable link (cache)
[3201/40930] 'ANSO224 - Denison University': no usable link (cache)
[3202/40930] 'ANSO351 - Denison University': no usable link (cache)
[3203/40930] 'BIOL349 - Denison University': no usable link (cache)
[3204/40930] 'CALC135 - Denison University': no usable link (cache)
[3205/40930] 'CHEM258 - Denison University': no usable link (cache)
[3206/40930] 'CINE104 - Denison University': no usable link (cache)
[3207/40930] 'CINE312 - Denison University': no usable link (cache)
[3208/40930] 'EAST141 - Denison University': no usable link (cache)
[3209/40930] 'AAS227 - DePaul University': no usable link (cache)
[3210/40930] 'ACC101H - DePaul University': no usable link (cache)
[3211/40930] 'ACC102H - DePaul University': no usable link (cache)
[3212/40930] 'ACC304 - DePaul University': no usable link (cache)
[3213/40930] 'ACC615 - DePaul University': no usable link (cache)
[3214/40930] 'ACCT380 - DePaul University': no usable link (cache)
[3215/40930] 'AMS277 - DePaul University': no usable link (cache)
[3216/40930] 'ANI101 - DePaul University': no usable link (cache)
[3217/40930] 'ANI105 - DePaul University': no usable link (cache)
[3218/40930] 'BMS126 - DePaul University': no usable link (cache)
[3219/40930] 'BMS142 - DePaul University': no usable link (cache)
[3220/40930] 'BU2102 - DePaul University': no usable link (cache)
[3221/40930] 'BUS392 - DePaul University': no usable link (cache)
[3222/40930] 'CAN260 - DePaul University': no usable link (cache)
[3223/40930] 'CHE130 - DePaul University': no usable link (cache)
[3224/40930] 'CHE173 - DePaul University': no usable link (cache)
[3225/40930] 'CHE175 - DePaul University': no usable link (cache)
[3226/40930] 'CHEM232ORGO - DePaul University': no usable link (cache)
[3227/40930] 'CMN101 - DePaul University': no usable link (cache)
[3228/40930] 'CMN251 - DePaul University': no usable link (cache)
[3229/40930] 'CMN311 - DePaul University': no usable link (cache)
[3230/40930] 'CMNS312 - DePaul University': no usable link (cache)
[3231/40930] 'CMNS315 - DePaul University': no usable link (cache)
[3232/40930] 'CMNS318 - DePaul University': no usable link (cache)
[3233/40930] 'CNS378 - DePaul University': no usable link (cache)
[3234/40930] 'CRIM202 - DePaul University': no usable link (cache)
[3235/40930] 'CRIM205 - DePaul University': no usable link (cache)
[3236/40930] 'CRIM235 - DePaul University': no usable link (cache)
[3237/40930] 'CRIM303 - DePaul University': no usable link (cache)
[3238/40930] 'CSC672 - DePaul University': no usable link (cache)
[3239/40930] 'CSEC378 - DePaul University': no usable link (cache)
[3240/40930] 'CTH237 - DePaul University': no usable link (cache)
[3241/40930] 'CTH241 - DePaul University': no usable link (cache)
[3242/40930] 'CTH246 - DePaul University': no usable link (cache)
[3243/40930] 'CTH248 - DePaul University': no usable link (cache)
[3244/40930] 'DC100 - DePaul University': no usable link (cache)
[3245/40930] 'DC125 - DePaul University': no usable link (cache)
[3246/40930] 'DC210 - DePaul University': no usable link (cache)
[3247/40930] 'DC215 - DePaul University': no usable link (cache)
[3248/40930] 'DC220 - DePaul University': no usable link (cache)
[3249/40930] 'DCS423 - DePaul University': no usable link (cache)
[3250/40930] 'DSC341 - DePaul University': no usable link (cache)
[3251/40930] 'DSC425 - DePaul University': no usable link (cache)
[3252/40930] 'DSC578 - DePaul University': no usable link (cache)
[3253/40930] 'ECT310 - DePaul University': no usable link (cache)
[3254/40930] 'ECT436 - DePaul University': no usable link (cache)
[3255/40930] 'ARTH221 - Dickinson College': no usable link (cache)
[3256/40930] 'ASTR109 - Dickinson College': no usable link (cache)
[3257/40930] 'CLST110 - Dickinson College': no usable link (cache)
[3258/40930] 'DUMB101 - Dickinson College': no usable link (cache)
[3259/40930] 'EASN101 - Dickinson College': no usable link (cache)
[3260/40930] 'EASN206 - Dickinson College': no usable link (cache)
[3261/40930] 'ECON288 - Dickinson College': no usable link (cache)
[3262/40930] 'ACCT041 - Drake University': no usable link (cache)
[3263/40930] 'ACCT042 - Drake University': no usable link (cache)
[3264/40930] 'ACCT165 - Drake University': no usable link (cache)
[3265/40930] 'ACCT185 - Drake University': no usable link (cache)
[3266/40930] 'ACCT41 - Drake University': no usable link (cache)
[3267/40930] 'ACT042 - Drake University': no usable link (cache)
[3268/40930] 'ACT120 - Drake University': no usable link (cache)
[3269/40930] 'ACTS120 - Drake University': no usable link (cache)
[3270/40930] 'ACTS121 - Drake University': no usable link (cache)
[3271/40930] 'ACTS140 - Drake University': no usable link (cache)
[3272/40930] 'ACTS141 - Drake University': no usable link (cache)
[3273/40930] 'ACTS150 - Drake University': no usable link (cache)
[3274/40930] 'ACTS151 - Drake University': no usable link (cache)
[3275/40930] 'ART050 - Drake University': no usable link (cache)
[3276/40930] 'ART13 - Drake University': no usable link (cache)
[3277/40930] 'ART51 - Drake University': no usable link (cache)
[3278/40930] 'ASL070 - Drake University': no usable link (cache)
[3279/40930] 'AST001 - Drake University': no usable link (cache)
[3280/40930] 'BIO095 - Drake University': no usable link (cache)
[3281/40930] 'BIO186 - Drake University': no usable link (cache)
[3282/40930] 'BIO187L - Drake University': no usable link (cache)
[3283/40930] 'BIO99 - Drake University': no usable link (cache)
[3284/40930] 'BLAW060 - Drake University': no usable link (cache)
[3285/40930] 'CHEM081 - Drake University': no usable link (cache)
[3286/40930] 'CHEM097 - Drake University': no usable link (cache)
[3287/40930] 'COUN101 - Drake University': no usable link (cache)
[3288/40930] 'EDUC103 - Drake University': no usable link (cache)
[3289/40930] 'EDUC199 - Drake University': no usable link (cache)
[3290/40930] 'ENG030 - Drake University': no usable link (cache)
[3291/40930] 'ENG038 - Drake University': no usable link (cache)
[3292/40930] 'ENG080 - Drake University': no usable link (cache)
[3293/40930] 'ENG093 - Drake University': no usable link (cache)
[3294/40930] 'ENG42 - Drake University': no usable link (cache)
[3295/40930] 'ACCT115 - Drexel University': no usable link (cache)
[3296/40930] 'ACCT655 - Drexel University': no usable link (cache)
[3297/40930] 'BIO462 - Drexel University': no usable link (cache)
[3298/40930] 'BMES338 - Drexel University': no usable link (cache)
[3299/40930] 'BSAN160 - Drexel University': no usable link (cache)
[3300/40930] 'BUSN101 - Drexel University': no usable link (cache)
[3301/40930] 'BUSN102 - Drexel University': no usable link (cache)
[3302/40930] 'BUSN105 - Drexel University': no usable link (cache)
[3303/40930] 'BUSN111 - Drexel University': no usable link (cache)
[3304/40930] 'CHEM253 - Drexel University': no usable link (cache)
[3305/40930] 'COM111 - Drexel University': no usable link (cache)
[3306/40930] 'CS504 - Drexel University': no usable link (cache)
[3307/40930] 'CT620 - Drexel University': no usable link (cache)
[3308/40930] 'ECEC673 - Drexel University': no usable link (cache)
[3309/40930] 'AMES295 - Duke University': no usable link (cache)
[3310/40930] 'AMES319 - Duke University': no usable link (cache)
[3311/40930] 'AMES329 - Duke University': no usable link (cache)
[3312/40930] 'AMES695 - Duke University': no usable link (cache)
[3313/40930] 'AMES89S - Duke University': no usable link (cache)
[3314/40930] 'BIO103L - Duke University': no usable link (cache)
[3315/40930] 'BIO138FS - Duke University': no usable link (cache)
[3316/40930] 'BIO148FS - Duke University': no usable link (cache)
[3317/40930] 'BIO157 - Duke University': no usable link (cache)
[3318/40930] 'BIO202L - Duke University': no usable link (cache)
[3319/40930] 'BIO212L - Duke University': no usable link (cache)
[3320/40930] 'BIO273 - Duke University': no usable link (cache)
[3321/40930] 'CA101 - Duke University': no usable link (cache)
[3322/40930] 'CA194 - Duke University': no usable link (cache)
[3323/40930] 'CHEM101L - Duke University': no usable link (cache)
[3324/40930] 'CHEM151L - Duke University': no usable link (cache)
[3325/40930] 'CHEM201DL - Duke University': no usable link (cache)
[3326/40930] 'CHEM202D - Duke University': no usable link (cache)
[3327/40930] 'CHEM202L - Duke University': no usable link (cache)
[3328/40930] 'CHEM210DL - Duke University': no usable link (cache)
[3329/40930] 'CHEM21L - Duke University': no usable link (cache)
[3330/40930] 'CHIN101A - Duke University': no usable link (cache)
[3331/40930] 'CHIN302 - Duke University': no usable link (cache)
[3332/40930] 'CREOL1 - Duke University': no usable link (cache)
[3333/40930] 'CREOL3 - Duke University': no usable link (cache)
[3334/40930] 'CS201 - Duke University': no usable link (cache)
[3335/40930] 'ECON190FS - Duke University': no usable link (cache)
[3336/40930] 'ECON201D - Duke University': no usable link (cache)
[3337/40930] 'ECON204D - Duke University': no usable link (cache)
[3338/40930] 'ECON208D - Duke University': no usable link (cache)
[3339/40930] 'ECON270 - Duke University': no usable link (cache)
[3340/40930] 'ECON285 - Duke University': no usable link (cache)
[3341/40930] 'ECON303 - Duke University': no usable link (cache)
[3342/40930] 'ECON345 - Duke University': no usable link (cache)
[3343/40930] 'ECON443 - Duke University': no usable link (cache)
[3344/40930] 'ECS101 - Duke University': no usable link (cache)
[3345/40930] 'EGR244 - Duke University': no usable link (cache)
[3346/40930] 'ENG154 - Duke University': no usable link (cache)
[3347/40930] 'ENG184S - Duke University': no usable link (cache)
[3348/40930] 'ENG271 - Duke University': no usable link (cache)
[3349/40930] 'ENG386 - Duke University': no usable link (cache)
[3350/40930] 'AAAS1000 - East Carolina University': no usable link (cache)
[3351/40930] 'ACC4921 - East Carolina University': no usable link (cache)
[3352/40930] 'ACCT3551 - East Carolina University': no usable link (cache)
[3353/40930] 'ACCT3561 - East Carolina University': no usable link (cache)
[3354/40930] 'ACCT3621 - East Carolina University': no usable link (cache)
[3355/40930] 'ACCT3731 - East Carolina University': no usable link (cache)
[3356/40930] 'ACCT3851 - East Carolina University': no usable link (cache)
[3357/40930] 'ACCT4611 - East Carolina University': no usable link (cache)
[3358/40930] 'ACCT6521 - East Carolina University': no usable link (cache)
[3359/40930] 'ACT4611 - East Carolina University': no usable link (cache)
[3360/40930] 'ANA2140 - East Carolina University': no usable link (cache)
[3361/40930] 'ANAT2150 - East Carolina University': no usable link (cache)
[3362/40930] 'ANTH2015 - East Carolina University': no usable link (cache)
[3363/40930] 'ANTH3252 - East Carolina University': no usable link (cache)
[3364/40930] 'ART1905 - East Carolina University': no usable link (cache)
[3365/40930] 'ART4942 - East Carolina University': no usable link (cache)
[3366/40930] 'ART4944 - East Carolina University': no usable link (cache)
[3367/40930] 'BIO1200 - East Carolina University': no usable link (cache)
[3368/40930] 'BIO2131 - East Carolina University': no usable link (cache)
[3369/40930] 'BIO2141 - East Carolina University': no usable link (cache)
[3370/40930] 'BIO2150 - East Carolina University': no usable link (cache)
[3371/40930] 'BIOL2015 - East Carolina University': no usable link (cache)
[3372/40930] 'BIOL2131 - East Carolina University': no usable link (cache)
[3373/40930] 'BIOL2150 - East Carolina University': no usable link (cache)
[3374/40930] 'BIOL4880 - East Carolina University': no usable link (cache)
[3375/40930] 'CALC2121 - East Carolina University': no usable link (cache)
[3376/40930] 'CALC2122 - East Carolina University': no usable link (cache)
[3377/40930] 'CDFR2000 - East Carolina University': no usable link (cache)
[3378/40930] 'CDFR3002 - East Carolina University': no usable link (cache)
[3379/40930] 'CH1160 - East Carolina University': no usable link (cache)
[3380/40930] 'CHEM0150 - East Carolina University': no usable link (cache)
[3381/40930] 'CHEM2251 - East Carolina University': no usable link (cache)
[3382/40930] 'CHEM2750 - East Carolina University': no usable link (cache)
[3383/40930] 'CHEM2760 - East Carolina University': no usable link (cache)
[3384/40930] 'CLAS1500 - East Carolina University': no usable link (cache)
[3385/40930] 'CMGT2400 - East Carolina University': no usable link (cache)
[3386/40930] 'CMGT2950 - East Carolina University': no usable link (cache)
[3387/40930] 'COMM2420 - East Carolina University': no usable link (cache)
[3388/40930] 'CSCI2405 - East Carolina University': no usable link (cache)
[3389/40930] 'CSCI3700 - East Carolina University': no usable link (cache)
[3390/40930] 'CSCI4602 - East Carolina University': no usable link (cache)
[3391/40930] 'CSCI4630 - East Carolina University': no usable link (cache)
[3392/40930] 'DSCI3223 - East Carolina University': no usable link (cache)
[3393/40930] 'ECON2113 - East Carolina University': no usable link (cache)
[3394/40930] 'ECON2133 - East Carolina University': no usable link (cache)
[3395/40930] 'ECON2223 - East Carolina University': no usable link (cache)
[3396/40930] 'ECON3144 - East Carolina University': no usable link (cache)
[3397/40930] 'ECON3323 - East Carolina University': no usable link (cache)
[3398/40930] 'ECON3353 - East Carolina University': no usable link (cache)
[3399/40930] 'EDTC4001 - East Carolina University': no usable link (cache)
[3400/40930] 'EDUC3002 - East Carolina University': no usable link (cache)
[3401/40930] 'EDUC3200 - East Carolina University': no usable link (cache)
[3402/40930] 'EHST2110 - East Carolina University': no usable link (cache)
[3403/40930] 'ELEM2123 - East Carolina University': no usable link (cache)
[3404/40930] 'ELEM3000 - East Carolina University': no usable link (cache)
[3405/40930] 'ELEM3100 - East Carolina University': no usable link (cache)
[3406/40930] 'ELEM3200 - East Carolina University': no usable link (cache)
[3407/40930] 'ELEM3500 - East Carolina University': no usable link (cache)
[3408/40930] 'ENG3880 - East Carolina University': no usable link (cache)
[3409/40930] 'ENGL4950 - East Carolina University': no usable link (cache)
[3410/40930] 'ARH110 - Eastern Michigan University': no usable link (cache)
[3411/40930] 'AVMT170 - Eastern Michigan University': no usable link (cache)
[3412/40930] 'BI0104 - Eastern Michigan University': no usable link (cache)
[3413/40930] 'BIO167LAB - Eastern Michigan University': no usable link (cache)
[3414/40930] 'BIO168 - Eastern Michigan University': no usable link (cache)
[3415/40930] 'BIO447 - Eastern Michigan University': no usable link (cache)
[3416/40930] 'BMMT205 - Eastern Michigan University': no usable link (cache)
[3417/40930] 'BUS316 - Eastern Michigan University': no usable link (cache)
[3418/40930] 'BUS363 - Eastern Michigan University': no usable link (cache)
[3419/40930] 'BUS385 - Eastern Michigan University': no usable link (cache)
[3420/40930] 'BUS461 - Eastern Michigan University': no usable link (cache)
[3421/40930] 'CHM330 - Eastern Michigan University': no usable link (cache)
[3422/40930] 'CHN111 - Eastern Michigan University': no usable link (cache)
[3423/40930] 'CIS127 - Eastern Michigan University': no usable link (cache)
[3424/40930] 'CIS173 - Eastern Michigan University': no usable link (cache)
[3425/40930] 'CIS175 - Eastern Michigan University': no usable link (cache)
[3426/40930] 'CIS550 - Eastern Michigan University': no usable link (cache)
[3427/40930] 'COM261 - Eastern Michigan University': no usable link (cache)
[3428/40930] 'COMM124 - Eastern Michigan University': no usable link (cache)
[3429/40930] 'CRJ185 - Eastern Michigan University': no usable link (cache)
[3430/40930] 'CRTW201 - Eastern Michigan University': no usable link (cache)
[3431/40930] 'EDM100 - Eastern Michigan University': no usable link (cache)
[3432/40930] 'EDM121 - Eastern Michigan University': no usable link (cache)
[3433/40930] 'EDM122 - Eastern Michigan University': no usable link (cache)
[3434/40930] 'EECE212 - Eastern Michigan University': no usable link (cache)
[3435/40930] 'EGR110 - Eastern Michigan University': no usable link (cache)
[3436/40930] 'EGR165 - Eastern Michigan University': no usable link (cache)
[3437/40930] 'EGR260 - Eastern Michigan University': no usable link (cache)
[3438/40930] 'EGR350 - Eastern Michigan University': no usable link (cache)
[3439/40930] 'EHS220 - Eastern Michigan University': no usable link (cache)
[3440/40930] 'ENG228 - Eastern Michigan University': no usable link (cache)
[3441/40930] 'AAST214 - Eastern Washington University': no usable link (cache)
[3442/40930] 'AAST215 - Eastern Washington University': no usable link (cache)
[3443/40930] 'AAST216 - Eastern Washington University': no usable link (cache)
[3444/40930] 'AAST315 - Eastern Washington University': no usable link (cache)
[3445/40930] 'ACCT353 - Eastern Washington University': no usable link (cache)
[3446/40930] 'ADST512 - Eastern Washington University': no usable link (cache)
[3447/40930] 'ANTH445 - Eastern Washington University': no usable link (cache)
[3448/40930] 'ANTR204 - Eastern Washington University': no usable link (cache)
[3449/40930] 'BADM502 - Eastern Washington University': no usable link (cache)
[3450/40930] 'BADM503 - Eastern Washington University': no usable link (cache)
[3451/40930] 'BADM520 - Eastern Washington University': no usable link (cache)
[3452/40930] 'BADM570 - Eastern Washington University': no usable link (cache)
[3453/40930] 'BIOL171 - Eastern Washington University': no usable link (cache)
[3454/40930] 'BIOL423 - Eastern Washington University': no usable link (cache)
[3455/40930] 'CEDP460 - Eastern Washington University': no usable link (cache)
[3456/40930] 'CHEM171L - Eastern Washington University': no usable link (cache)
[3457/40930] 'CHEM172L - Eastern Washington University': no usable link (cache)
[3458/40930] 'CHEM173 - Eastern Washington University': no usable link (cache)
[3459/40930] 'CHEM422 - Eastern Washington University': no usable link (cache)
[3460/40930] 'CMST208 - Eastern Washington University': no usable link (cache)
[3461/40930] 'CRIM375 - Eastern Washington University': no usable link (cache)
[3462/40930] 'CRIM421 - Eastern Washington University': no usable link (cache)
[3463/40930] 'CSCD300 - Eastern Washington University': no usable link (cache)
[3464/40930] 'DCSI245 - Eastern Washington University': no usable link (cache)
[3465/40930] 'DCSI346 - Eastern Washington University': no usable link (cache)
[3466/40930] 'DSCI245 - Eastern Washington University': no usable link (cache)
[3467/40930] 'DSCI303 - Eastern Washington University': no usable link (cache)
[3468/40930] 'DSCI346 - Eastern Washington University': no usable link (cache)
[3469/40930] 'ECON404 - Eastern Washington University': no usable link (cache)
[3470/40930] 'EDUC310 - Eastern Washington University': no usable link (cache)
[3471/40930] 'EDUC381 - Eastern Washington University': no usable link (cache)
[3472/40930] 'EDUC507 - Eastern Washington University': no usable link (cache)
[3473/40930] 'EDUC566 - Eastern Washington University': no usable link (cache)
[3474/40930] 'EENG160 - Eastern Washington University': no usable link (cache)
[3475/40930] 'EENG210 - Eastern Washington University': no usable link (cache)
[3476/40930] 'EENG401 - Eastern Washington University': no usable link (cache)
[3477/40930] 'ELM535 - Eastern Washington University': no usable link (cache)
[3478/40930] 'ENG459 - Eastern Washington University': no usable link (cache)
[3479/40930] 'ENGL436 - Eastern Washington University': no usable link (cache)
[3480/40930] 'ENGL520 - Eastern Washington University': no usable link (cache)
[3481/40930] 'ENGL521 - Eastern Washington University': no usable link (cache)
[3482/40930] 'ABL225 - Elon University': no usable link (cache)
[3483/40930] 'ART2020 - Elon University': no usable link (cache)
[3484/40930] 'ART2600 - Elon University': no usable link (cache)
[3485/40930] 'BIO1514 - Elon University': no usable link (cache)
[3486/40930] 'BIO2412 - Elon University': no usable link (cache)
[3487/40930] 'BIO4970 - Elon University': no usable link (cache)
[3488/40930] 'BUS1110 - Elon University': no usable link (cache)
[3489/40930] 'CDE3220 - Elon University': no usable link (cache)
[3490/40930] 'CDE3580 - Elon University': no usable link (cache)
[3491/40930] 'CHML1110 - Elon University': no usable link (cache)
[3492/40930] 'CHML112 - Elon University': no usable link (cache)
[3493/40930] 'CJS357 - Elon University': no usable link (cache)
[3494/40930] 'COM452 - Elon University': no usable link (cache)
[3495/40930] 'COR3150 - Elon University': no usable link (cache)
[3496/40930] 'COR358 - Elon University': no usable link (cache)
[3497/40930] 'COR3800 - Elon University': no usable link (cache)
[3498/40930] 'CW110 - Elon University': no usable link (cache)
[3499/40930] 'CW317 - Elon University': no usable link (cache)
[3500/40930] 'ECO1410 - Elon University': no usable link (cache)
[3501/40930] 'EGR1210 - Elon University': no usable link (cache)
[3502/40930] 'EGR206 - Elon University': no usable link (cache)
[3503/40930] 'EGR2060 - Elon University': no usable link (cache)
[3504/40930] 'ENG1711 - Elon University': no usable link (cache)
[3505/40930] 'ACT200 - Emory University': no usable link (cache)
[3506/40930] 'ACT210 - Emory University': no usable link (cache)
[3507/40930] 'ACT410 - Emory University': no usable link (cache)
[3508/40930] 'ACT615 - Emory University': no usable link (cache)
[3509/40930] 'ANT200 - Emory University': no usable link (cache)
[3510/40930] 'ANT210 - Emory University': no usable link (cache)
[3511/40930] 'ANT280 - Emory University': no usable link (cache)
[3512/40930] 'ANT311 - Emory University': no usable link (cache)
[3513/40930] 'ANT319 - Emory University': no usable link (cache)
[3514/40930] 'ANT385 - Emory University': no usable link (cache)
[3515/40930] 'ANT385W - Emory University': no usable link (cache)
[3516/40930] 'BIO141 - Emory University': no usable link (cache)
[3517/40930] 'BIO142 - Emory University': no usable link (cache)
[3518/40930] 'BIO336 - Emory University': no usable link (cache)
[3519/40930] 'BIO370L - Emory University': no usable link (cache)
[3520/40930] 'BIOL190 - Emory University': no usable link (cache)
[3521/40930] 'BIOL240 - Emory University': no usable link (cache)
[3522/40930] 'BIOL336 - Emory University': no usable link (cache)
[3523/40930] 'BLAW410 - Emory University': no usable link (cache)
[3524/40930] 'BUS001 - Emory University': no usable link (cache)
[3525/40930] 'BUS210 - Emory University': no usable link (cache)
[3526/40930] 'BUS320 - Emory University': no usable link (cache)
[3527/40930] 'BUS410 - Emory University': no usable link (cache)
[3528/40930] 'CHEM171 - Emory University': no usable link (cache)
[3529/40930] 'CHEM202Z - Emory University': no usable link (cache)
[3530/40930] 'CHEM202ZL - Emory University': no usable link (cache)
[3531/40930] 'CHEM203 - Emory University': no usable link (cache)
[3532/40930] 'CHEM203Z - Emory University': no usable link (cache)
[3533/40930] 'CHEM203ZL - Emory University': no usable link (cache)
[3534/40930] 'CHEM204L - Emory University': no usable link (cache)
[3535/40930] 'CHEM205 - Emory University': no usable link (cache)
[3536/40930] 'CHEM222 - Emory University': no usable link (cache)
[3537/40930] 'CHEM222Z - Emory University': no usable link (cache)
[3538/40930] 'CHEM300L - Emory University': no usable link (cache)
[3539/40930] 'CHEM331 - Emory University': no usable link (cache)
[3540/40930] 'CHEM335LW - Emory University': no usable link (cache)
[3541/40930] 'CHN101 - Emory University': no usable link (cache)
[3542/40930] 'CHN103 - Emory University': no usable link (cache)
[3543/40930] 'CHN202 - Emory University': no usable link (cache)
[3544/40930] 'CHN375 - Emory University': no usable link (cache)
[3545/40930] 'CL150 - Emory University': no usable link (cache)
[3546/40930] 'CL202 - Emory University': no usable link (cache)
[3547/40930] 'DANC121R - Emory University': no usable link (cache)
[3548/40930] 'DANC123R - Emory University': no usable link (cache)
[3549/40930] 'ECON215 - Emory University': no usable link (cache)
[3550/40930] 'ECON231 - Emory University': no usable link (cache)
[3551/40930] 'ECON315 - Emory University': no usable link (cache)
[3552/40930] 'ECON366W - Emory University': no usable link (cache)
[3553/40930] 'ECON385 - Emory University': no usable link (cache)
[3554/40930] 'ECON410W - Emory University': no usable link (cache)
[3555/40930] 'ENG150 - Emory University': no usable link (cache)
[3556/40930] 'ENG210W - Emory University': no usable link (cache)
[3557/40930] 'ENG304W - Emory University': no usable link (cache)
[3558/40930] 'ENG308 - Emory University': no usable link (cache)
[3559/40930] 'A0 - Fairfield University': no usable link (cache)
[3560/40930] 'A1011 - Fairfield University': no usable link (cache)
[3561/40930] 'AC11 - Fairfield University': no usable link (cache)
[3562/40930] 'AC12 - Fairfield University': no usable link (cache)
[3563/40930] 'ACCT1012 - Fairfield University': no usable link (cache)
[3564/40930] 'ACCT3330 - Fairfield University': no usable link (cache)
[3565/40930] 'ACCT6500 - Fairfield University': no usable link (cache)
[3566/40930] 'AETH2291 - Fairfield University': no usable link (cache)
[3567/40930] 'AH14 - Fairfield University': no usable link (cache)
[3568/40930] 'AHST1102 - Fairfield University': no usable link (cache)
[3569/40930] 'ANTH1125 - Fairfield University': no usable link (cache)
[3570/40930] 'AY0110 - Fairfield University': no usable link (cache)
[3571/40930] 'AY115 - Fairfield University': no usable link (cache)
[3572/40930] 'BI1151 - Fairfield University': no usable link (cache)
[3573/40930] 'BI151 - Fairfield University': no usable link (cache)
[3574/40930] 'BI170 - Fairfield University': no usable link (cache)
[3575/40930] 'BIO1171 - Fairfield University': no usable link (cache)
[3576/40930] 'BIO1171L - Fairfield University': no usable link (cache)
[3577/40930] 'BIOL1018 - Fairfield University': no usable link (cache)
[3578/40930] 'BIOL1151 - Fairfield University': no usable link (cache)
[3579/40930] 'BIOL3356 - Fairfield University': no usable link (cache)
[3580/40930] 'BU211 - Fairfield University': no usable link (cache)
[3581/40930] 'BU220 - Fairfield University': no usable link (cache)
[3582/40930] 'BU3211 - Fairfield University': no usable link (cache)
[3583/40930] 'BUAN2101 - Fairfield University': no usable link (cache)
[3584/40930] 'BUSN1500 - Fairfield University': no usable link (cache)
[3585/40930] 'BUSN3211 - Fairfield University': no usable link (cache)
[3586/40930] 'CALC1171 - Fairfield University': no usable link (cache)
[3587/40930] 'CH1171L - Fairfield University': no usable link (cache)
[3588/40930] 'CHEM1171 - Fairfield University': no usable link (cache)
[3589/40930] 'CHEM1172 - Fairfield University': no usable link (cache)
[3590/40930] 'CHIN2250 - Fairfield University': no usable link (cache)
[3591/40930] 'CO100 - Fairfield University': no usable link (cache)
[3592/40930] 'CPSC2304 - Fairfield University': no usable link (cache)
[3593/40930] 'DATA1101 - Fairfield University': no usable link (cache)
[3594/40930] 'DATA3210 - Fairfield University': no usable link (cache)
[3595/40930] 'ELEG2213 - Fairfield University': no usable link (cache)
[3596/40930] 'EN0011 - Fairfield University': no usable link (cache)
[3597/40930] 'EN011 - Fairfield University': no usable link (cache)
[3598/40930] 'EN1112 - Fairfield University': no usable link (cache)
[3599/40930] 'EN161 - Fairfield University': no usable link (cache)
[3600/40930] 'EN162 - Fairfield University': no usable link (cache)
[3601/40930] 'EN333 - Fairfield University': no usable link (cache)
[3602/40930] 'ENGL1260 - Fairfield University': no usable link (cache)
[3603/40930] 'ENGL1610 - Fairfield University': no usable link (cache)
[3604/40930] 'ADE7930 - Florida Atlantic University': no usable link (cache)
[3605/40930] 'AMH3420 - Florida Atlantic University': no usable link (cache)
[3606/40930] 'CCJ4670 - Florida Atlantic University': no usable link (cache)
[3607/40930] 'CCJ4931 - Florida Atlantic University': no usable link (cache)
[3608/40930] 'CJE4610 - Florida Atlantic University': no usable link (cache)
[3609/40930] 'DEP4095 - Florida Atlantic University': no usable link (cache)
[3610/40930] 'ECP3451 - Florida Atlantic University': no usable link (cache)
[3611/40930] 'EDF3203 - Florida Atlantic University': no usable link (cache)
[3612/40930] 'EDG3610 - Florida Atlantic University': no usable link (cache)
[3613/40930] 'ACC2021 - Florida Gulf Coast University': no usable link (cache)
[3614/40930] 'ACCT2021 - Florida Gulf Coast University': no usable link (cache)
[3615/40930] 'ACG20271 - Florida Gulf Coast University': no usable link (cache)
[3616/40930] 'ACG3842 - Florida Gulf Coast University': no usable link (cache)
[3617/40930] 'ACG4684 - Florida Gulf Coast University': no usable link (cache)
[3618/40930] 'ACG6075 - Florida Gulf Coast University': no usable link (cache)
[3619/40930] 'ACG6655 - Florida Gulf Coast University': no usable link (cache)
[3620/40930] 'ALG101 - Florida Gulf Coast University': no usable link (cache)
[3621/40930] 'AM2020 - Florida Gulf Coast University': no usable link (cache)
[3622/40930] 'AMH3201 - Florida Gulf Coast University': no usable link (cache)
[3623/40930] 'AMH3547 - Florida Gulf Coast University': no usable link (cache)
[3624/40930] 'AMH4270 - Florida Gulf Coast University': no usable link (cache)
[3625/40930] 'ANT2100 - Florida Gulf Coast University': no usable link (cache)
[3626/40930] 'ANT2511C - Florida Gulf Coast University': no usable link (cache)
[3627/40930] 'ANT3520 - Florida Gulf Coast University': no usable link (cache)
[3628/40930] 'ANT3520C - Florida Gulf Coast University': no usable link (cache)
[3629/40930] 'ANT4525 - Florida Gulf Coast University': no usable link (cache)
[3630/40930] 'ART3463 - Florida Gulf Coast University': no usable link (cache)
[3631/40930] 'ART4955 - Florida Gulf Coast University': no usable link (cache)
[3632/40930] 'ASH4442 - Florida Gulf Coast University': no usable link (cache)
[3633/40930] 'BSC1007 - Florida Gulf Coast University': no usable link (cache)
[3634/40930] 'BSC1010C - Florida Gulf Coast University': no usable link (cache)
[3635/40930] 'BSC101C - Florida Gulf Coast University': no usable link (cache)
[3636/40930] 'BSC1020C - Florida Gulf Coast University': no usable link (cache)
[3637/40930] 'BUL3130 - Florida Gulf Coast University': no usable link (cache)
[3638/40930] 'CCJ3601 - Florida Gulf Coast University': no usable link (cache)
[3639/40930] 'CCJ3603 - Florida Gulf Coast University': no usable link (cache)
[3640/40930] 'CCJ3650 - Florida Gulf Coast University': no usable link (cache)
[3641/40930] 'CCJ3670 - Florida Gulf Coast University': no usable link (cache)
[3642/40930] 'CGS1000 - Florida Gulf Coast University': no usable link (cache)
[3643/40930] 'COM3343 - Florida Gulf Coast University': no usable link (cache)
[3644/40930] 'CWR3202C - Florida Gulf Coast University': no usable link (cache)
[3645/40930] 'DIG2132 - Florida Gulf Coast University': no usable link (cache)
[3646/40930] 'ECP6705 - Florida Gulf Coast University': no usable link (cache)
[3647/40930] 'EDA6061 - Florida Gulf Coast University': no usable link (cache)
[3648/40930] 'EDF2085 - Florida Gulf Coast University': no usable link (cache)
[3649/40930] 'EDF3201 - Florida Gulf Coast University': no usable link (cache)
[3650/40930] 'EDF4112 - Florida Gulf Coast University': no usable link (cache)
[3651/40930] 'EDF4650 - Florida Gulf Coast University': no usable link (cache)
[3652/40930] 'EDG3201 - Florida Gulf Coast University': no usable link (cache)
[3653/40930] 'ACG4201 - Florida International University': no usable link (cache)
[3654/40930] 'AMH1020 - Florida International University': no usable link (cache)
[3655/40930] 'AMH2041 - Florida International University': no usable link (cache)
[3656/40930] 'AMH3643 - Florida International University': no usable link (cache)
[3657/40930] 'AMH4230 - Florida International University': no usable link (cache)
[3658/40930] 'ANT3511 - Florida International University': no usable link (cache)
[3659/40930] 'BCN3740 - Florida International University': no usable link (cache)
[3660/40930] 'BCS1010 - Florida International University': no usable link (cache)
[3661/40930] 'BOT1000 - Florida International University': no usable link (cache)
[3662/40930] 'BSC1101 - Florida International University': no usable link (cache)
[3663/40930] 'BSC2023 - Florida International University': no usable link (cache)
[3664/40930] 'BSC2023L - Florida International University': no usable link (cache)
[3665/40930] 'BSC3043 - Florida International University': no usable link (cache)
[3666/40930] 'BSC4931 - Florida International University': no usable link (cache)
[3667/40930] 'CAP4830 - Florida International University': no usable link (cache)
[3668/40930] 'CC4014 - Florida International University': no usable link (cache)
[3669/40930] 'CCJ1040 - Florida International University': no usable link (cache)
[3670/40930] 'CCJ3010 - Florida International University': no usable link (cache)
[3671/40930] 'CCJ3011 - Florida International University': no usable link (cache)
[3672/40930] 'CCJ3934 - Florida International University': no usable link (cache)
[3673/40930] 'CCJ4032 - Florida International University': no usable link (cache)
[3674/40930] 'CCJ4054 - Florida International University': no usable link (cache)
[3675/40930] 'CCJ4225 - Florida International University': no usable link (cache)
[3676/40930] 'CCJ4361 - Florida International University': no usable link (cache)
[3677/40930] 'CCJ4497 - Florida International University': no usable link (cache)
[3678/40930] 'CCJ4631 - Florida International University': no usable link (cache)
[3679/40930] 'CCJ4700 - Florida International University': no usable link (cache)
[3680/40930] 'CCJ4701 - Florida International University': no usable link (cache)
[3681/40930] 'CCJ6040 - Florida International University': no usable link (cache)
[3682/40930] 'CCJ6696 - Florida International University': no usable link (cache)
[3683/40930] 'CEM2210 - Florida International University': no usable link (cache)
[3684/40930] 'CEN5064 - Florida International University': no usable link (cache)
[3685/40930] 'CGS3767 - Florida International University': no usable link (cache)
[3686/40930] 'CH1046 - Florida International University': no usable link (cache)
[3687/40930] 'CHEM1032L - Florida International University': no usable link (cache)
[3688/40930] 'CHM3410 - Florida International University': no usable link (cache)
[3689/40930] 'CHM4220 - Florida International University': no usable link (cache)
[3690/40930] 'CHM4300 - Florida International University': no usable link (cache)
[3691/40930] 'CHS2500 - Florida International University': no usable link (cache)
[3692/40930] 'CHS3501 - Florida International University': no usable link (cache)
[3693/40930] 'CJE3610 - Florida International University': no usable link (cache)
[3694/40930] 'CJJ3010 - Florida International University': no usable link (cache)
[3695/40930] 'CLP4314 - Florida International University': no usable link (cache)
[3696/40930] 'COM3714 - Florida International University': no usable link (cache)
[3697/40930] 'COP4655 - Florida International University': no usable link (cache)
[3698/40930] 'COP6727 - Florida International University': no usable link (cache)
[3699/40930] 'CPO3403 - Florida International University': no usable link (cache)
[3700/40930] 'DEP2000 - Florida International University': no usable link (cache)
[3701/40930] 'DEP3305 - Florida International University': no usable link (cache)
[3702/40930] 'DEP4164 - Florida International University': no usable link (cache)
[3703/40930] 'EAB3765 - Florida International University': no usable link (cache)
[3704/40930] 'EAB4034 - Florida International University': no usable link (cache)
[3705/40930] 'EDG3321 - Florida International University': no usable link (cache)
[3706/40930] 'EEC3070 - Florida International University': no usable link (cache)
[3707/40930] 'EEC4211 - Florida International University': no usable link (cache)
[3708/40930] 'EEL4410 - Florida International University': no usable link (cache)
[3709/40930] 'EEX3066 - Florida International University': no usable link (cache)
[3710/40930] 'EEX3070 - Florida International University': no usable link (cache)
[3711/40930] 'EGN4070 - Florida International University': no usable link (cache)
[3712/40930] 'EGS1006 - Florida International University': no usable link (cache)
[3713/40930] 'EML3126 - Florida International University': no usable link (cache)
[3714/40930] 'ENC2304 - Florida International University': no usable link (cache)
[3715/40930] 'ENC3371 - Florida International University': no usable link (cache)
[3716/40930] 'ENC3416 - Florida International University': no usable link (cache)
[3717/40930] 'ENC3491 - Florida International University': no usable link (cache)
[3718/40930] 'ENC3501 - Florida International University': no usable link (cache)
[3719/40930] 'ENC4331 - Florida International University': no usable link (cache)
[3720/40930] 'ACG4632 - Florida State University': no usable link (cache)
[3721/40930] 'BUL3310 - Florida State University': no usable link (cache)
[3722/40930] 'BUL3330 - Florida State University': no usable link (cache)
[3723/40930] 'BUL5810 - Florida State University': no usable link (cache)
[3724/40930] 'CCJ5079 - Florida State University': no usable link (cache)
[3725/40930] 'CCJ5669 - Florida State University': no usable link (cache)
[3726/40930] 'CES4702 - Florida State University': no usable link (cache)
[3727/40930] 'CHD2220 - Florida State University': no usable link (cache)
[3728/40930] 'CHM1020 - Florida State University': no usable link (cache)
[3729/40930] 'CJE3762 - Florida State University': no usable link (cache)
[3730/40930] 'CJE4615 - Florida State University': no usable link (cache)
[3731/40930] 'CJE4655 - Florida State University': no usable link (cache)
[3732/40930] 'COT4420 - Florida State University': no usable link (cache)
[3733/40930] 'CPO3103 - Florida State University': no usable link (cache)
[3734/40930] 'DEP3103 - Florida State University': no usable link (cache)
[3735/40930] 'ECO2000 - Florida State University': no usable link (cache)
[3736/40930] 'ECO2013 - Florida State University': no usable link (cache)
[3737/40930] 'ECO2023 - Florida State University': no usable link (cache)
[3738/40930] 'ECO3303 - Florida State University': no usable link (cache)
[3739/40930] 'EEE3300 - Florida State University': no usable link (cache)
[3740/40930] 'EEE4301 - Florida State University': no usable link (cache)
[3741/40930] 'ACBU1000 - Fordham University': no usable link (cache)
[3742/40930] 'ACBU2222 - Fordham University': no usable link (cache)
[3743/40930] 'ACBU2223 - Fordham University': no usable link (cache)
[3744/40930] 'ACBU3434 - Fordham University': no usable link (cache)
[3745/40930] 'ACBU3436 - Fordham University': no usable link (cache)
[3746/40930] 'ACBU3440 - Fordham University': no usable link (cache)
[3747/40930] 'ACBU3443 - Fordham University': no usable link (cache)
[3748/40930] 'ACCU2222 - Fordham University': no usable link (cache)
[3749/40930] 'ACGB6111 - Fordham University': no usable link (cache)
[3750/40930] 'AMCS3333 - Fordham University': no usable link (cache)
[3751/40930] 'ANTH4114 - Fordham University': no usable link (cache)
[3752/40930] 'ARH1102 - Fordham University': no usable link (cache)
[3753/40930] 'ARHI1100 - Fordham University': no usable link (cache)
[3754/40930] 'ARHI1102 - Fordham University': no usable link (cache)
[3755/40930] 'BISC1010 - Fordham University': no usable link (cache)
[3756/40930] 'BISC1403 - Fordham University': no usable link (cache)
[3757/40930] 'BISC1404 - Fordham University': no usable link (cache)
[3758/40930] 'BISC2531 - Fordham University': no usable link (cache)
[3759/40930] 'BISC3132 - Fordham University': no usable link (cache)
[3760/40930] 'BISC3643 - Fordham University': no usable link (cache)
[3761/40930] 'BLBU2234 - Fordham University': no usable link (cache)
[3762/40930] 'BLBU3436 - Fordham University': no usable link (cache)
[3763/40930] 'CALC1000 - Fordham University': no usable link (cache)
[3764/40930] 'CALC1206 - Fordham University': no usable link (cache)
[3765/40930] 'CBBU1001 - Fordham University': no usable link (cache)
[3766/40930] 'CBBU1003 - Fordham University': no usable link (cache)
[3767/40930] 'CELL000 - Fordham University': no usable link (cache)
[3768/40930] 'CHEM1322 - Fordham University': no usable link (cache)
[3769/40930] 'CHEM1323 - Fordham University': no usable link (cache)
[3770/40930] 'CHEM1331 - Fordham University': no usable link (cache)
[3771/40930] 'CISC3500 - Fordham University': no usable link (cache)
[3772/40930] 'CISC3593 - Fordham University': no usable link (cache)
[3773/40930] 'CLAS2000 - Fordham University': no usable link (cache)
[3774/40930] 'CLAS4020 - Fordham University': no usable link (cache)
[3775/40930] 'CMBU2264 - Fordham University': no usable link (cache)
[3776/40930] 'CMBU2664 - Fordham University': no usable link (cache)
[3777/40930] 'CMBU2666 - Fordham University': no usable link (cache)
[3778/40930] 'COMP1102 - Fordham University': no usable link (cache)
[3779/40930] 'DTEM2421 - Fordham University': no usable link (cache)
[3780/40930] 'ECON1200 - Fordham University': no usable link (cache)
[3781/40930] 'ECON1250 - Fordham University': no usable link (cache)
[3782/40930] 'ECON2140 - Fordham University': no usable link (cache)
[3783/40930] 'ECON2142 - Fordham University': no usable link (cache)
[3784/40930] 'ECON3244 - Fordham University': no usable link (cache)
[3785/40930] 'ECRU1100 - Fordham University': no usable link (cache)
[3786/40930] 'ENG1101 - Fordham University': no usable link (cache)
[3787/40930] 'ENG1102 - Fordham University': no usable link (cache)
[3788/40930] 'ENGL1000 - Fordham University': no usable link (cache)
[3789/40930] 'ENGL1002 - Fordham University': no usable link (cache)
[3790/40930] 'ENGL1102 - Fordham University': no usable link (cache)
[3791/40930] 'ENGL2001 - Fordham University': no usable link (cache)
[3792/40930] 'ENGL3037 - Fordham University': no usable link (cache)
[3793/40930] 'ENGL3138 - Fordham University': no usable link (cache)
[3794/40930] 'ENGL3145 - Fordham University': no usable link (cache)
[3795/40930] 'ENGL3438 - Fordham University': no usable link (cache)
[3796/40930] 'ENGL3673 - Fordham University': no usable link (cache)
[3797/40930] 'ANTA29 - Furman University': no usable link (cache)
[3798/40930] 'CHEM16 - Furman University': no usable link (cache)
[3799/40930] 'CHM118 - Furman University': no usable link (cache)
[3800/40930] 'CHM16 - Furman University': no usable link (cache)
[3801/40930] 'CHM18 - Furman University': no usable link (cache)
[3802/40930] 'CLS103 - Furman University': no usable link (cache)
[3803/40930] 'CLS211 - Furman University': no usable link (cache)
[3804/40930] 'ECN11 - Furman University': no usable link (cache)
[3805/40930] 'ECN346 - Furman University': no usable link (cache)
[3806/40930] 'ADJ303 - George Mason University': no usable link (cache)
[3807/40930] 'ADJ490 - George Mason University': no usable link (cache)
[3808/40930] 'BENG492 - George Mason University': no usable link (cache)
[3809/40930] 'ACCY2001 - George Washington University': no usable link (cache)
[3810/40930] 'ACCY6104 - George Washington University': no usable link (cache)
[3811/40930] 'ACCY6201 - George Washington University': no usable link (cache)
[3812/40930] 'AH032 - George Washington University': no usable link (cache)
[3813/40930] 'AH31 - George Washington University': no usable link (cache)
[3814/40930] 'AMAT1200 - George Washington University': no usable link (cache)
[3815/40930] 'AMST167 - George Washington University': no usable link (cache)
[3816/40930] 'AMST2010 - George Washington University': no usable link (cache)
[3817/40930] 'AMST2020W - George Washington University': no usable link (cache)
[3818/40930] 'AMST2440 - George Washington University': no usable link (cache)
[3819/40930] 'AMST2440W - George Washington University': no usable link (cache)
[3820/40930] 'AMST4701W - George Washington University': no usable link (cache)
[3821/40930] 'ANTH1005 - George Washington University': no usable link (cache)
[3822/40930] 'ANTH188 - George Washington University': no usable link (cache)
[3823/40930] 'APSC2113 - George Washington University': no usable link (cache)
[3824/40930] 'BADM1004 - George Washington University': no usable link (cache)
[3825/40930] 'BADM130 - George Washington University': no usable link (cache)
[3826/40930] 'BADM3103 - George Washington University': no usable link (cache)
[3827/40930] 'BADM3401 - George Washington University': no usable link (cache)
[3828/40930] 'BADM3501 - George Washington University': no usable link (cache)
[3829/40930] 'BISC1005 - George Washington University': no usable link (cache)
[3830/40930] 'BISC1006 - George Washington University': no usable link (cache)
[3831/40930] 'BISC1111 - George Washington University': no usable link (cache)
[3832/40930] 'BISC1112 - George Washington University': no usable link (cache)
[3833/40930] 'BISC2213 - George Washington University': no usable link (cache)
[3834/40930] 'BSIC2213 - George Washington University': no usable link (cache)
[3835/40930] 'CAH1031 - George Washington University': no usable link (cache)
[3836/40930] 'CAH3160 - George Washington University': no usable link (cache)
[3837/40930] 'CALC1232 - George Washington University': no usable link (cache)
[3838/40930] 'CHEM2151 - George Washington University': no usable link (cache)
[3839/40930] 'CHEM2152 - George Washington University': no usable link (cache)
[3840/40930] 'CIAR3200 - George Washington University': no usable link (cache)
[3841/40930] 'CLAS1001 - George Washington University': no usable link (cache)
[3842/40930] 'CLAS2112 - George Washington University': no usable link (cache)
[3843/40930] 'COMM040 - George Washington University': no usable link (cache)
[3844/40930] 'COMM1025 - George Washington University': no usable link (cache)
[3845/40930] 'COMM1040 - George Washington University': no usable link (cache)
[3846/40930] 'COMM1042 - George Washington University': no usable link (cache)
[3847/40930] 'COMM42 - George Washington University': no usable link (cache)
[3848/40930] 'CSCI124 - George Washington University': no usable link (cache)
[3849/40930] 'CSCI2541 - George Washington University': no usable link (cache)
[3850/40930] 'CTAD3331 - George Washington University': no usable link (cache)
[3851/40930] 'DATS2104 - George Washington University': no usable link (cache)
[3852/40930] 'DNSC1001 - George Washington University': no usable link (cache)
[3853/40930] 'DNSC4280 - George Washington University': no usable link (cache)
[3854/40930] 'EALL3811 - George Washington University': no usable link (cache)
[3855/40930] 'EALL3814 - George Washington University': no usable link (cache)
[3856/40930] 'ECON2151 - George Washington University': no usable link (cache)
[3857/40930] 'ECON2167 - George Washington University': no usable link (cache)
[3858/40930] 'ECON2169 - George Washington University': no usable link (cache)
[3859/40930] 'ECON2180 - George Washington University': no usable link (cache)
[3860/40930] 'ECON2181 - George Washington University': no usable link (cache)
[3861/40930] 'ECON4198 - George Washington University': no usable link (cache)
[3862/40930] 'EMBA216 - George Washington University': no usable link (cache)
[3863/40930] 'EMSE4197 - George Washington University': no usable link (cache)
[3864/40930] 'EMSE4574 - George Washington University': no usable link (cache)
[3865/40930] 'EMSE6115 - George Washington University': no usable link (cache)
[3866/40930] 'ENGL1510W - George Washington University': no usable link (cache)
[3867/40930] 'ENGL801 - George Washington University' (cache): SAVED top 1 -> https://silo.tips/download/engl-801-introduction-to-graduate-studies-in-english-fall-2006-mwf-1030-1120-am
[3868/40930] 'ACC101 - Georgetown University': no usable link (cache)
[3869/40930] 'ACCT001 - Georgetown University': no usable link (cache)
[3870/40930] 'ACCT1181 - Georgetown University': no usable link (cache)
[3871/40930] 'AFAM225 - Georgetown University': no usable link (cache)
[3872/40930] 'AFSP2205 - Georgetown University': no usable link (cache)
[3873/40930] 'AFSP4406 - Georgetown University': no usable link (cache)
[3874/40930] 'ANTH001 - Georgetown University': no usable link (cache)
[3875/40930] 'ARAB001 - Georgetown University': no usable link (cache)
[3876/40930] 'ARAB011 - Georgetown University': no usable link (cache)
[3877/40930] 'ARAB012 - Georgetown University': no usable link (cache)
[3878/40930] 'ARAB1011 - Georgetown University': no usable link (cache)
[3879/40930] 'ARAB2216 - Georgetown University': no usable link (cache)
[3880/40930] 'ARTH236 - Georgetown University': no usable link (cache)
[3881/40930] 'ASP3357 - Georgetown University': no usable link (cache)
[3882/40930] 'ASST5227 - Georgetown University': no usable link (cache)
[3883/40930] 'ASST540 - Georgetown University': no usable link (cache)
[3884/40930] 'BADM2099 - Georgetown University': no usable link (cache)
[3885/40930] 'BIBLI001 - Georgetown University': no usable link (cache)
[3886/40930] 'BIBLI011 - Georgetown University': no usable link (cache)
[3887/40930] 'BIO1016 - Georgetown University': no usable link (cache)
[3888/40930] 'BIO185 - Georgetown University': no usable link (cache)
[3889/40930] 'BIOL1016 - Georgetown University': no usable link (cache)
[3890/40930] 'BIOL1204 - Georgetown University': no usable link (cache)
[3891/40930] 'BIOL1520 - Georgetown University': no usable link (cache)
[3892/40930] 'CASS1400 - Georgetown University': no usable link (cache)
[3893/40930] 'CASS1491 - Georgetown University': no usable link (cache)
[3894/40930] 'CHEM002 - Georgetown University': no usable link (cache)
[3895/40930] 'CHEM012 - Georgetown University': no usable link (cache)
[3896/40930] 'CHEM055 - Georgetown University': no usable link (cache)
[3897/40930] 'CHEM1300 - Georgetown University': no usable link (cache)
[3898/40930] 'CHIN011 - Georgetown University': no usable link (cache)
[3899/40930] 'CHIN112 - Georgetown University': no usable link (cache)
[3900/40930] 'CLSG001 - Georgetown University': no usable link (cache)
[3901/40930] 'CLSS135 - Georgetown University': no usable link (cache)
[3902/40930] 'CLSS141 - Georgetown University': no usable link (cache)
[3903/40930] 'CLSS266 - Georgetown University': no usable link (cache)
[3904/40930] 'COS051 - Georgetown University': no usable link (cache)
[3905/40930] 'COSC255 - Georgetown University': no usable link (cache)
[3906/40930] 'ECON1056 - Georgetown University': no usable link (cache)
[3907/40930] 'ECON2056 - Georgetown University': no usable link (cache)
[3908/40930] 'ECON242 - Georgetown University': no usable link (cache)
[3909/40930] 'ECON2544 - Georgetown University': no usable link (cache)
[3910/40930] 'ECON411 - Georgetown University': no usable link (cache)
[3911/40930] 'ENG284 - Georgetown University': no usable link (cache)
[3912/40930] 'ENGL042 - Georgetown University': no usable link (cache)
[3913/40930] 'AE2220 - Georgia Institute of Technology': no usable link (cache)
[3914/40930] 'AE2611 - Georgia Institute of Technology': no usable link (cache)
[3915/40930] 'APPH1050 - Georgia Institute of Technology': no usable link (cache)
[3916/40930] 'ARCH2016 - Georgia Institute of Technology': no usable link (cache)
[3917/40930] 'BC4050 - Georgia Institute of Technology': no usable link (cache)
[3918/40930] 'BIOL1107 - Georgia Institute of Technology': no usable link (cache)
[3919/40930] 'BIOL1510 - Georgia Institute of Technology': no usable link (cache)
[3920/40930] 'BIOL1521 - Georgia Institute of Technology': no usable link (cache)
[3921/40930] 'BIOL2354 - Georgia Institute of Technology': no usable link (cache)
[3922/40930] 'BIOS1107 - Georgia Institute of Technology': no usable link (cache)
[3923/40930] 'BIOS1107L - Georgia Institute of Technology': no usable link (cache)
[3924/40930] 'BIOS1207 - Georgia Institute of Technology': no usable link (cache)
[3925/40930] 'BIOS1207L - Georgia Institute of Technology': no usable link (cache)
[3926/40930] 'BIOS1208 - Georgia Institute of Technology': no usable link (cache)
[3927/40930] 'BIOS1208L - Georgia Institute of Technology': no usable link (cache)
[3928/40930] 'BIOS2610 - Georgia Institute of Technology': no usable link (cache)
[3929/40930] 'BIOS3755 - Georgia Institute of Technology': no usable link (cache)
[3930/40930] 'BIOS4401 - Georgia Institute of Technology': no usable link (cache)
[3931/40930] 'BME2210 - Georgia Institute of Technology': no usable link (cache)
[3932/40930] 'BMED2110 - Georgia Institute of Technology': no usable link (cache)
[3933/40930] 'BMED2400 - Georgia Institute of Technology': no usable link (cache)
[3934/40930] 'CALC1501 - Georgia Institute of Technology': no usable link (cache)
[3935/40930] 'CALC1502 - Georgia Institute of Technology': no usable link (cache)
[3936/40930] 'CALC1552 - Georgia Institute of Technology': no usable link (cache)
[3937/40930] 'CHBE2100 - Georgia Institute of Technology': no usable link (cache)
[3938/40930] 'CHBE2120 - Georgia Institute of Technology': no usable link (cache)
[3939/40930] 'CHBE2140 - Georgia Institute of Technology': no usable link (cache)
[3940/40930] 'CHEM1311 - Georgia Institute of Technology': no usable link (cache)
[3941/40930] 'CHEM2312 - Georgia Institute of Technology': no usable link (cache)
[3942/40930] 'CHEM2601 - Georgia Institute of Technology': no usable link (cache)
[3943/40930] 'CHEM3411 - Georgia Institute of Technology': no usable link (cache)
[3944/40930] 'CHIN1501 - Georgia Institute of Technology': no usable link (cache)
[3945/40930] 'CHIN2501 - Georgia Institute of Technology': no usable link (cache)
[3946/40930] 'CS1100 - Georgia Institute of Technology': no usable link (cache)
[3947/40930] 'CS2050 - Georgia Institute of Technology': no usable link (cache)
[3948/40930] 'CS4235 - Georgia Institute of Technology': no usable link (cache)
[3949/40930] 'CS4605 - Georgia Institute of Technology': no usable link (cache)
[3950/40930] 'CS6235 - Georgia Institute of Technology': no usable link (cache)
[3951/40930] 'EAS1600 - Georgia Institute of Technology': no usable link (cache)
[3952/40930] 'EAS1601 - Georgia Institute of Technology': no usable link (cache)
[3953/40930] 'EAS3603 - Georgia Institute of Technology': no usable link (cache)
[3954/40930] 'ECON2105 - Georgia Institute of Technology': no usable link (cache)
[3955/40930] 'ECON2106 - Georgia Institute of Technology': no usable link (cache)
[3956/40930] 'AAS1140 - Georgia State University': no usable link (cache)
[3957/40930] 'AAS4120 - Georgia State University': no usable link (cache)
[3958/40930] 'AAS4180 - Georgia State University': no usable link (cache)
[3959/40930] 'AAS4230 - Georgia State University': no usable link (cache)
[3960/40930] 'AAS4620 - Georgia State University': no usable link (cache)
[3961/40930] 'ACCT4111 - Georgia State University': no usable link (cache)
[3962/40930] 'ACCT4310 - Georgia State University': no usable link (cache)
[3963/40930] 'AL2231 - Georgia State University': no usable link (cache)
[3964/40930] 'AL3021 - Georgia State University': no usable link (cache)
[3965/40930] 'ARB1001 - Georgia State University': no usable link (cache)
[3966/40930] 'BIO1104 - Georgia State University': no usable link (cache)
[3967/40930] 'BIO1104K - Georgia State University': no usable link (cache)
[3968/40930] 'BIO2108 - Georgia State University': no usable link (cache)
[3969/40930] 'BIO2108K - Georgia State University': no usable link (cache)
[3970/40930] 'BIO2120 - Georgia State University': no usable link (cache)
[3971/40930] 'BIO2120K - Georgia State University': no usable link (cache)
[3972/40930] 'BIO3800 - Georgia State University': no usable link (cache)
[3973/40930] 'BIO3810 - Georgia State University': no usable link (cache)
[3974/40930] 'BIO3820 - Georgia State University': no usable link (cache)
[3975/40930] 'BIOCH4600 - Georgia State University': no usable link (cache)
[3976/40930] 'BIOL1103K - Georgia State University': no usable link (cache)
[3977/40930] 'BIOL1104K - Georgia State University': no usable link (cache)
[3978/40930] 'BIOL2107K - Georgia State University': no usable link (cache)
[3979/40930] 'BIOL2108 - Georgia State University': no usable link (cache)
[3980/40930] 'BIOL2108K - Georgia State University': no usable link (cache)
[3981/40930] 'BIOL2110 - Georgia State University': no usable link (cache)
[3982/40930] 'BIOL2110K - Georgia State University': no usable link (cache)
[3983/40930] 'BIOL3820 - Georgia State University': no usable link (cache)
[3984/40930] 'BIOL3840 - Georgia State University': no usable link (cache)
[3985/40930] 'BIOL3880 - Georgia State University': no usable link (cache)
[3986/40930] 'BUSA1105 - Georgia State University': no usable link (cache)
[3987/40930] 'BUSA2106 - Georgia State University': no usable link (cache)
[3988/40930] 'BUSA3950 - Georgia State University': no usable link (cache)
[3989/40930] 'BUSA4000 - Georgia State University': no usable link (cache)
[3990/40930] 'CALC2211 - Georgia State University': no usable link (cache)
[3991/40930] 'CHEM1151LAB - Georgia State University': no usable link (cache)
[3992/40930] 'CHEM1152 - Georgia State University': no usable link (cache)
[3993/40930] 'CHEM1152K - Georgia State University': no usable link (cache)
[3994/40930] 'CHEM1152L - Georgia State University': no usable link (cache)
[3995/40930] 'CHEM1211LAB - Georgia State University': no usable link (cache)
[3996/40930] 'CHEM1212LAB - Georgia State University': no usable link (cache)
[3997/40930] 'CHEM4600 - Georgia State University': no usable link (cache)
[3998/40930] 'CHEM6600 - Georgia State University': no usable link (cache)
[3999/40930] 'CHEM6969K - Georgia State University': no usable link (cache)
[4000/40930] 'CHEM7900 - Georgia State University': no usable link (cache)
[4001/40930] 'CHM2400 - Georgia State University': no usable link (cache)
[4002/40930] 'CIS3001 - Georgia State University': no usable link (cache)
[4003/40930] 'CIS4680 - Georgia State University': no usable link (cache)
[4004/40930] 'CIS4690 - Georgia State University': no usable link (cache)
[4005/40930] 'CMIS2100 - Georgia State University': no usable link (cache)
[4006/40930] 'CMIS4000 - Georgia State University': no usable link (cache)
[4007/40930] 'CMIS4030 - Georgia State University': no usable link (cache)
[4008/40930] 'CMIS4910 - Georgia State University': no usable link (cache)
[4009/40930] 'CRJU3020 - Georgia State University': no usable link (cache)
[4010/40930] 'CRJU4460 - Georgia State University': no usable link (cache)
[4011/40930] 'CRJU8610 - Georgia State University': no usable link (cache)
[4012/40930] 'CSC2510 - Georgia State University': no usable link (cache)
[4013/40930] 'CSC4260 - Georgia State University': no usable link (cache)
[4014/40930] 'CSC4760 - Georgia State University': no usable link (cache)
[4015/40930] 'CSH2100 - Georgia State University': no usable link (cache)
[4016/40930] 'ECON3910 - Georgia State University': no usable link (cache)
[4017/40930] 'ECON4999 - Georgia State University': no usable link (cache)
[4018/40930] 'ECON8030 - Georgia State University': no usable link (cache)
[4019/40930] 'ARTH125 - Gettysburg College': no usable link (cache)
[4020/40930] 'ARTH131 - Gettysburg College': no usable link (cache)
[4021/40930] 'AS115 - Gettysburg College': no usable link (cache)
[4022/40930] 'CHEM107LABA - Gettysburg College': no usable link (cache)
[4023/40930] 'CIMS101 - Gettysburg College': no usable link (cache)
[4024/40930] 'ACCT260 - Gonzaga University': no usable link (cache)
[4025/40930] 'BFIN320 - Gonzaga University': no usable link (cache)
[4026/40930] 'BFIN322 - Gonzaga University': no usable link (cache)
[4027/40930] 'BFIN327 - Gonzaga University': no usable link (cache)
[4028/40930] 'BFIN422 - Gonzaga University': no usable link (cache)
[4029/40930] 'BIOL205L - Gonzaga University': no usable link (cache)
[4030/40930] 'BMIS331 - Gonzaga University': no usable link (cache)
[4031/40930] 'BMIS444 - Gonzaga University': no usable link (cache)
[4032/40930] 'BUSN114 - Gonzaga University': no usable link (cache)
[4033/40930] 'BUSN230 - Gonzaga University': no usable link (cache)
[4034/40930] 'BUSN481 - Gonzaga University': no usable link (cache)
[4035/40930] 'CALC157 - Gonzaga University': no usable link (cache)
[4036/40930] 'CALC258 - Gonzaga University': no usable link (cache)
[4037/40930] 'CHEM443 - Gonzaga University': no usable link (cache)
[4038/40930] 'CLASS201 - Gonzaga University': no usable link (cache)
[4039/40930] 'COMM184 - Gonzaga University': no usable link (cache)
[4040/40930] 'COMM193 - Gonzaga University': no usable link (cache)
[4041/40930] 'CPSC224 - Gonzaga University': no usable link (cache)
[4042/40930] 'CRIM356 - Gonzaga University': no usable link (cache)
[4043/40930] 'CRIM395 - Gonzaga University': no usable link (cache)
[4044/40930] 'CSPC326 - Gonzaga University': no usable link (cache)
[4045/40930] 'ECON270H - Gonzaga University': no usable link (cache)
[4046/40930] 'ECON324 - Gonzaga University': no usable link (cache)
[4047/40930] 'ECON403 - Gonzaga University': no usable link (cache)
[4048/40930] 'EDSE150 - Gonzaga University': no usable link (cache)
[4049/40930] 'EDSE465 - Gonzaga University': no usable link (cache)
[4050/40930] 'EDTE101 - Gonzaga University': no usable link (cache)
[4051/40930] 'EDTE193 - Gonzaga University': no usable link (cache)
[4052/40930] 'EDTE241 - Gonzaga University': no usable link (cache)
[4053/40930] 'ANT295 - Grinnell College': no usable link (cache)
[4054/40930] 'ARH295 - Grinnell College': no usable link (cache)
[4055/40930] 'ECN215 - Grinnell College': no usable link (cache)
[4056/40930] 'ECN235 - Grinnell College': no usable link (cache)
[4057/40930] 'ECN280 - Grinnell College': no usable link (cache)
[4058/40930] 'ECN282 - Grinnell College': no usable link (cache)
[4059/40930] 'ECN286 - Grinnell College': no usable link (cache)
[4060/40930] 'ECN295 - Grinnell College': no usable link (cache)
[4061/40930] 'ECN378 - Grinnell College': no usable link (cache)
[4062/40930] 'AFRST112 - Hamilton College': no usable link (cache)
[4063/40930] 'ANTH126 - Hamilton College': no usable link (cache)
[4064/40930] 'ANTHR113 - Hamilton College': no usable link (cache)
[4065/40930] 'ANTHR126 - Hamilton College': no usable link (cache)
[4066/40930] 'APP1 - Hamilton College': no usable link (cache)
[4067/40930] 'ARCH106 - Hamilton College': no usable link (cache)
[4068/40930] 'ART230 - Hamilton College': no usable link (cache)
[4069/40930] 'ARTH120 - Hamilton College': no usable link (cache)
[4070/40930] 'ARTH231 - Hamilton College': no usable link (cache)
[4071/40930] 'BIO100F - Hamilton College': no usable link (cache)
[4072/40930] 'BIO100L - Hamilton College': no usable link (cache)
[4073/40930] 'BIO233 - Hamilton College': no usable link (cache)
[4074/40930] 'CALC113 - Hamilton College': no usable link (cache)
[4075/40930] 'CHEM190 - Hamilton College': no usable link (cache)
[4076/40930] 'CHEM255 - Hamilton College': no usable link (cache)
[4077/40930] 'CHNSE101 - Hamilton College': no usable link (cache)
[4078/40930] 'CHNSE900 - Hamilton College': no usable link (cache)
[4079/40930] 'CNMS120 - Hamilton College': no usable link (cache)
[4080/40930] 'CRWR215 - Hamilton College': no usable link (cache)
[4081/40930] 'ECO01 - Hamilton College': no usable link (cache)
[4082/40930] 'ECON166 - Hamilton College': no usable link (cache)
[4083/40930] 'ECON265 - Hamilton College': no usable link (cache)
[4084/40930] 'ECON266 - Hamilton College': no usable link (cache)
[4085/40930] 'ECON432 - Hamilton College': no usable link (cache)
[4086/40930] 'ECON501 - Hamilton College': no usable link (cache)
[4087/40930] 'EDUC102 - Hamilton College': no usable link (cache)
[4088/40930] 'ENCRW215 - Hamilton College': no usable link (cache)
[4089/40930] 'ENG204 - Hamilton College': no usable link (cache)
[4090/40930] 'AM21B - Harvard University': no usable link (cache)
[4091/40930] 'BIOS129 - Harvard University': no usable link (cache)
[4092/40930] 'BIOS50 - Harvard University': no usable link (cache)
[4093/40930] 'BIOS61 - Harvard University': no usable link (cache)
[4094/40930] 'BIOSE60B - Harvard University': no usable link (cache)
[4095/40930] 'BIOSS50 - Harvard University': no usable link (cache)
[4096/40930] 'BS29 - Harvard University': no usable link (cache)
[4097/40930] 'CHEM17 - Harvard University': no usable link (cache)
[4098/40930] 'CHEME1A - Harvard University': no usable link (cache)
[4099/40930] 'CHNSE130B - Harvard University': no usable link (cache)
[4100/40930] 'CHNSE140B - Harvard University': no usable link (cache)
[4101/40930] 'CSCIE109B - Harvard University': no usable link (cache)
[4102/40930] 'CUM215 - Harvard University': no usable link (cache)
[4103/40930] 'DAS104 - Harvard University': no usable link (cache)
[4104/40930] 'DPI710 - Harvard University': no usable link (cache)
[4105/40930] 'DRAM120 - Harvard University': no usable link (cache)
[4106/40930] 'DRAM140 - Harvard University': no usable link (cache)
[4107/40930] 'DRAMA117 - Harvard University': no usable link (cache)
[4108/40930] 'DRAMA140 - Harvard University': no usable link (cache)
[4109/40930] 'DRAMS140 - Harvard University': no usable link (cache)
[4110/40930] 'EC1011A - Harvard University': no usable link (cache)
[4111/40930] 'ECON1011 - Harvard University': no usable link (cache)
[4112/40930] 'ECONS10AB - Harvard University': no usable link (cache)
[4113/40930] 'ASTRO62 - Harvey Mudd College': no usable link (cache)
[4114/40930] 'BIO52 - Harvey Mudd College': no usable link (cache)
[4115/40930] 'BIO54 - Harvey Mudd College': no usable link (cache)
[4116/40930] 'BIOL052 - Harvey Mudd College': no usable link (cache)
[4117/40930] 'CHEM023A - Harvey Mudd College': no usable link (cache)
[4118/40930] 'CHEM024 - Harvey Mudd College': no usable link (cache)
[4119/40930] 'CHEM056 - Harvey Mudd College': no usable link (cache)
[4120/40930] 'CHEM56 - Harvey Mudd College': no usable link (cache)
[4121/40930] 'CS5GR - Harvey Mudd College': no usable link (cache)
[4122/40930] 'CSCI042 - Harvey Mudd College': no usable link (cache)
[4123/40930] 'CSCI070 - Harvey Mudd College': no usable link (cache)
[4124/40930] 'CSCI081 - Harvey Mudd College': no usable link (cache)
[4125/40930] 'CSCI105 - Harvey Mudd College': no usable link (cache)
[4126/40930] 'CSCI153 - Harvey Mudd College': no usable link (cache)
[4127/40930] 'CSCI70 - Harvey Mudd College': no usable link (cache)
[4128/40930] 'CSMT183 - Harvey Mudd College': no usable link (cache)
[4129/40930] 'E83 - Harvey Mudd College': no usable link (cache)
[4130/40930] 'ENG59 - Harvey Mudd College': no usable link (cache)
[4131/40930] 'ENG82 - Harvey Mudd College': no usable link (cache)
[4132/40930] 'ENG84 - Harvey Mudd College': no usable link (cache)
[4133/40930] 'ANTH277 - Haverford College': no usable link (cache)
[4134/40930] 'CHEMH111LAB - Haverford College': no usable link (cache)
[4135/40930] 'CHSE001 - Haverford College': no usable link (cache)
[4136/40930] '4A - Hofstra University': no usable link (cache)
[4137/40930] 'ACCT102 - Hofstra University': no usable link (cache)
[4138/40930] 'ACCT131 - Hofstra University': no usable link (cache)
[4139/40930] 'ANTH004 - Hofstra University': no usable link (cache)
[4140/40930] 'B112 - Hofstra University': no usable link (cache)
[4141/40930] 'BAN001 - Hofstra University': no usable link (cache)
[4142/40930] 'BAN122 - Hofstra University': no usable link (cache)
[4143/40930] 'BBA100 - Hofstra University': no usable link (cache)
[4144/40930] 'BCHEM162 - Hofstra University': no usable link (cache)
[4145/40930] 'BCHM162 - Hofstra University': no usable link (cache)
[4146/40930] 'BCIS14 - Hofstra University': no usable link (cache)
[4147/40930] 'BIO012 - Hofstra University': no usable link (cache)
[4148/40930] 'BIO113 - Hofstra University': no usable link (cache)
[4149/40930] 'BIO12LAB - Hofstra University': no usable link (cache)
[4150/40930] 'BIO14 - Hofstra University': no usable link (cache)
[4151/40930] 'BIO140 - Hofstra University': no usable link (cache)
[4152/40930] 'BIOL112 - Hofstra University': no usable link (cache)
[4153/40930] 'CALC071 - Hofstra University': no usable link (cache)
[4154/40930] 'CALC072 - Hofstra University': no usable link (cache)
[4155/40930] 'CHEM003 - Hofstra University': no usable link (cache)
[4156/40930] 'CHEM003A - Hofstra University': no usable link (cache)
[4157/40930] 'CHEM003B - Hofstra University': no usable link (cache)
[4158/40930] 'CHEM003LAB - Hofstra University': no usable link (cache)
[4159/40930] 'CHEM004 - Hofstra University': no usable link (cache)
[4160/40930] 'CHEM004B - Hofstra University': no usable link (cache)
[4161/40930] 'CHEM03A - Hofstra University': no usable link (cache)
[4162/40930] 'CHEM04 - Hofstra University': no usable link (cache)
[4163/40930] 'CHEM04A - Hofstra University': no usable link (cache)
[4164/40930] 'CHEM137 - Hofstra University': no usable link (cache)
[4165/40930] 'CHEM3 - Hofstra University': no usable link (cache)
[4166/40930] 'CHEM3B - Hofstra University': no usable link (cache)
[4167/40930] 'CHEM4 - Hofstra University': no usable link (cache)
[4168/40930] 'CHEM4A - Hofstra University': no usable link (cache)
[4169/40930] 'CHEM4B - Hofstra University': no usable link (cache)
[4170/40930] 'CLL014F - Hofstra University': no usable link (cache)
[4171/40930] 'CLL014S - Hofstra University': no usable link (cache)
[4172/40930] 'CLL039 - Hofstra University': no usable link (cache)
[4173/40930] 'CLL042 - Hofstra University': no usable link (cache)
[4174/40930] 'CLL151 - Hofstra University': no usable link (cache)
[4175/40930] 'CLL40 - Hofstra University': no usable link (cache)
[4176/40930] 'CRIM187 - Hofstra University': no usable link (cache)
[4177/40930] 'CRWR133 - Hofstra University': no usable link (cache)
[4178/40930] 'CRWR135 - Hofstra University': no usable link (cache)
[4179/40930] 'CSC183 - Hofstra University': no usable link (cache)
[4180/40930] 'ECO001 - Hofstra University': no usable link (cache)
[4181/40930] 'ECO014F - Hofstra University': no usable link (cache)
[4182/40930] 'ECO141C - Hofstra University': no usable link (cache)
[4183/40930] 'ECO142 - Hofstra University': no usable link (cache)
[4184/40930] 'ECO14F - Hofstra University': no usable link (cache)
[4185/40930] 'ENG002 - Hofstra University': no usable link (cache)
[4186/40930] 'ENG010 - Hofstra University': no usable link (cache)
[4187/40930] 'ENG02 - Hofstra University': no usable link (cache)
[4188/40930] 'ENG052 - Hofstra University': no usable link (cache)
[4189/40930] 'ENG127 - Hofstra University': no usable link (cache)
[4190/40930] 'ENG145 - Hofstra University': no usable link (cache)
[4191/40930] 'ENG145A - Hofstra University': no usable link (cache)
[4192/40930] 'ENG153 - Hofstra University': no usable link (cache)
[4193/40930] 'ENG184Y - Hofstra University': no usable link (cache)
[4194/40930] 'ENGG027 - Hofstra University': no usable link (cache)
[4195/40930] 'ENGG028 - Hofstra University': no usable link (cache)
[4196/40930] 'ENGG25 - Hofstra University': no usable link (cache)
[4197/40930] 'ENGL115 - Hofstra University': no usable link (cache)
[4198/40930] 'ENGL127 - Hofstra University': no usable link (cache)
[4199/40930] 'ENGL153 - Hofstra University': no usable link (cache)
[4200/40930] 'ACCH301 - Howard University': no usable link (cache)
[4201/40930] 'AFR005 - Howard University': no usable link (cache)
[4202/40930] 'AFR006 - Howard University': no usable link (cache)
[4203/40930] 'AFRO006 - Howard University': no usable link (cache)
[4204/40930] 'AFRO101 - Howard University': no usable link (cache)
[4205/40930] 'AFRO186 - Howard University': no usable link (cache)
[4206/40930] 'AHCC301 - Howard University': no usable link (cache)
[4207/40930] 'BIOL344 - Howard University': no usable link (cache)
[4208/40930] 'CIEG202 - Howard University': no usable link (cache)
[4209/40930] 'CIEG302 - Howard University': no usable link (cache)
[4210/40930] 'CLAS01 - Howard University': no usable link (cache)
[4211/40930] 'CLAS014 - Howard University': no usable link (cache)
[4212/40930] 'CLAS016 - Howard University': no usable link (cache)
[4213/40930] 'CLAS109 - Howard University': no usable link (cache)
[4214/40930] 'COMC101 - Howard University': no usable link (cache)
[4215/40930] 'COMP003 - Howard University': no usable link (cache)
[4216/40930] 'CRIM070 - Howard University': no usable link (cache)
[4217/40930] 'CRIM07001 - Howard University': no usable link (cache)
[4218/40930] 'CSCI135 - Howard University': no usable link (cache)
[4219/40930] 'ENG009 - Howard University': no usable link (cache)
[4220/40930] 'ENGL055 - Howard University': no usable link (cache)
[4221/40930] 'ENGL075 - Howard University': no usable link (cache)
[4222/40930] 'ACS168 - Illinois State University': no usable link (cache)
[4223/40930] 'BSC343 - Illinois State University': no usable link (cache)
[4224/40930] 'COM162 - Illinois State University': no usable link (cache)
[4225/40930] 'EC0215 - Illinois State University': no usable link (cache)
[4226/40930] 'A100 - Indiana University Bloomington': no usable link (cache)
[4227/40930] 'A103 - Indiana University Bloomington': no usable link (cache)
[4228/40930] 'A105 - Indiana University Bloomington': no usable link (cache)
[4229/40930] 'A207 - Indiana University Bloomington': no usable link (cache)
[4230/40930] 'A295 - Indiana University Bloomington': no usable link (cache)
[4231/40930] 'A306 - Indiana University Bloomington': no usable link (cache)
[4232/40930] 'A325 - Indiana University Bloomington': no usable link (cache)
[4233/40930] 'AMST305 - Indiana University Bloomington': no usable link (cache)
[4234/40930] 'AMSTA100 - Indiana University Bloomington': no usable link (cache)
[4235/40930] 'AMSTA201 - Indiana University Bloomington': no usable link (cache)
[4236/40930] 'ANTHA200 - Indiana University Bloomington': no usable link (cache)
[4237/40930] 'ANTHB200 - Indiana University Bloomington': no usable link (cache)
[4238/40930] 'ANTHL200 - Indiana University Bloomington': no usable link (cache)
[4239/40930] 'B251 - Indiana University Bloomington': no usable link (cache)
[4240/40930] 'B252 - Indiana University Bloomington': no usable link (cache)
[4241/40930] 'B270 - Indiana University Bloomington': no usable link (cache)
[4242/40930] 'B461 - Indiana University Bloomington': no usable link (cache)
[4243/40930] 'B551 - Indiana University Bloomington': no usable link (cache)
[4244/40930] 'BIO104 - Indiana University Bloomington': no usable link (cache)
[4245/40930] 'BIOL104 - Indiana University Bloomington': no usable link (cache)
[4246/40930] 'BIOL111 - Indiana University Bloomington': no usable link (cache)
[4247/40930] 'BIOL473 - Indiana University Bloomington': no usable link (cache)
[4248/40930] 'BIOLL104 - Indiana University Bloomington': no usable link (cache)
[4249/40930] 'BIOLL111 - Indiana University Bloomington': no usable link (cache)
[4250/40930] 'BIOLL112 - Indiana University Bloomington': no usable link (cache)
[4251/40930] 'BIOLL319 - Indiana University Bloomington': no usable link (cache)
[4252/40930] 'BIOLL321 - Indiana University Bloomington': no usable link (cache)
[4253/40930] 'BIOLL473 - Indiana University Bloomington': no usable link (cache)
[4254/40930] 'BIOLZ460 - Indiana University Bloomington': no usable link (cache)
[4255/40930] 'BIOLZ466 - Indiana University Bloomington': no usable link (cache)
[4256/40930] 'BUS104 - Indiana University Bloomington': no usable link (cache)
[4257/40930] 'BUS202 - Indiana University Bloomington': no usable link (cache)
[4258/40930] 'BUSA100 - Indiana University Bloomington': no usable link (cache)
[4259/40930] 'BUSA207 - Indiana University Bloomington': no usable link (cache)
[4260/40930] 'BUSA304 - Indiana University Bloomington': no usable link (cache)
[4261/40930] 'BUSA327 - Indiana University Bloomington': no usable link (cache)
[4262/40930] 'BUSA329 - Indiana University Bloomington': no usable link (cache)
[4263/40930] 'BUSA424 - Indiana University Bloomington': no usable link (cache)
[4264/40930] 'BUSC104 - Indiana University Bloomington': no usable link (cache)
[4265/40930] 'BUSC106 - Indiana University Bloomington': no usable link (cache)
[4266/40930] 'BUSC204 - Indiana University Bloomington': no usable link (cache)
[4267/40930] 'BUSC205 - Indiana University Bloomington': no usable link (cache)
[4268/40930] 'BUSD270 - Indiana University Bloomington': no usable link (cache)
[4269/40930] 'BUSD271 - Indiana University Bloomington': no usable link (cache)
[4270/40930] 'BUSD272 - Indiana University Bloomington': no usable link (cache)
[4271/40930] 'BUSD301 - Indiana University Bloomington': no usable link (cache)
[4272/40930] 'BUSE201 - Indiana University Bloomington': no usable link (cache)
[4273/40930] 'BUSF300 - Indiana University Bloomington': no usable link (cache)
[4274/40930] 'BUSF370 - Indiana University Bloomington': no usable link (cache)
[4275/40930] 'BUSG202 - Indiana University Bloomington': no usable link (cache)
[4276/40930] 'BUSG345 - Indiana University Bloomington': no usable link (cache)
[4277/40930] 'BUSGG494 - Indiana University Bloomington': no usable link (cache)
[4278/40930] 'BUSK201 - Indiana University Bloomington': no usable link (cache)
[4279/40930] 'BUSK303 - Indiana University Bloomington': no usable link (cache)
[4280/40930] 'BUSL100 - Indiana University Bloomington': no usable link (cache)
[4281/40930] 'BUSL201 - Indiana University Bloomington': no usable link (cache)
[4282/40930] 'BUSL375 - Indiana University Bloomington': no usable link (cache)
[4283/40930] 'BUSL376 - Indiana University Bloomington': no usable link (cache)
[4284/40930] 'BUSM370 - Indiana University Bloomington': no usable link (cache)
[4285/40930] 'BUSS308 - Indiana University Bloomington': no usable link (cache)
[4286/40930] 'BUSS364 - Indiana University Bloomington': no usable link (cache)
[4287/40930] 'BUST144 - Indiana University Bloomington': no usable link (cache)
[4288/40930] 'BUST175 - Indiana University Bloomington': no usable link (cache)
[4289/40930] 'BUSW232 - Indiana University Bloomington': no usable link (cache)
[4290/40930] 'BUSX104 - Indiana University Bloomington': no usable link (cache)
[4291/40930] 'C106 - Indiana University Bloomington': no usable link (cache)
[4292/40930] 'C200 - Indiana University Bloomington': no usable link (cache)
[4293/40930] 'C204 - Indiana University Bloomington': no usable link (cache)
[4294/40930] 'C208 - Indiana University Bloomington': no usable link (cache)
[4295/40930] 'C218 - Indiana University Bloomington': no usable link (cache)
[4296/40930] 'C251 - Indiana University Bloomington': no usable link (cache)
[4297/40930] 'C301 - Indiana University Bloomington': no usable link (cache)
[4298/40930] 'C323 - Indiana University Bloomington': no usable link (cache)
[4299/40930] 'C349 - Indiana University Bloomington': no usable link (cache)
[4300/40930] 'C520 - Indiana University Bloomington': no usable link (cache)
[4301/40930] 'C521 - Indiana University Bloomington': no usable link (cache)
[4302/40930] 'C530 - Indiana University Bloomington': no usable link (cache)
[4303/40930] 'C561 - Indiana University Bloomington': no usable link (cache)
[4304/40930] 'CHEM341 - Indiana University Bloomington': no usable link (cache)
[4305/40930] 'CHEM342 - Indiana University Bloomington': no usable link (cache)
[4306/40930] 'CHEM343 - Indiana University Bloomington': no usable link (cache)
[4307/40930] 'CHEMC103 - Indiana University Bloomington': no usable link (cache)
[4308/40930] 'CHEMC117 - Indiana University Bloomington': no usable link (cache)
[4309/40930] 'CHEMC127 - Indiana University Bloomington': no usable link (cache)
[4310/40930] 'CHEMC341 - Indiana University Bloomington': no usable link (cache)
[4311/40930] 'CHEMC342 - Indiana University Bloomington': no usable link (cache)
[4312/40930] 'CHEMC343 - Indiana University Bloomington': no usable link (cache)
[4313/40930] 'CHEMC483 - Indiana University Bloomington': no usable link (cache)
[4314/40930] 'CHEMC484 - Indiana University Bloomington': no usable link (cache)
[4315/40930] 'CHEMS117 - Indiana University Bloomington': no usable link (cache)
[4316/40930] 'CMCL121 - Indiana University Bloomington': no usable link (cache)
[4317/40930] 'CMLT251 - Indiana University Bloomington': no usable link (cache)
[4318/40930] 'CMLTC110 - Indiana University Bloomington': no usable link (cache)
[4319/40930] 'COLL103 - Indiana University Bloomington': no usable link (cache)
[4320/40930] 'COLL104 - Indiana University Bloomington': no usable link (cache)
[4321/40930] 'COLL105 - Indiana University Bloomington': no usable link (cache)
[4322/40930] 'COLLC104 - Indiana University Bloomington': no usable link (cache)
[4323/40930] 'COLLC105 - Indiana University Bloomington': no usable link (cache)
[4324/40930] 'CSCIA290 - Indiana University Bloomington': no usable link (cache)
[4325/40930] 'CSCIA338 - Indiana University Bloomington': no usable link (cache)
[4326/40930] 'CSCIB351 - Indiana University Bloomington': no usable link (cache)
[4327/40930] 'CSCIB403 - Indiana University Bloomington': no usable link (cache)
[4328/40930] 'CSCIB405 - Indiana University Bloomington': no usable link (cache)
[4329/40930] 'CSCIB551 - Indiana University Bloomington': no usable link (cache)
[4330/40930] 'CSCIC291 - Indiana University Bloomington': no usable link (cache)
[4331/40930] 'CSCIC323 - Indiana University Bloomington': no usable link (cache)
[4332/40930] 'D116 - Indiana University Bloomington': no usable link (cache)
[4333/40930] 'D271 - Indiana University Bloomington': no usable link (cache)
[4334/40930] 'D272 - Indiana University Bloomington': no usable link (cache)
[4335/40930] 'D312 - Indiana University Bloomington': no usable link (cache)
[4336/40930] 'D351 - Indiana University Bloomington': no usable link (cache)
[4337/40930] 'E201 - Indiana University Bloomington': no usable link (cache)
[4338/40930] 'E252 - Indiana University Bloomington': no usable link (cache)
[4339/40930] 'E295 - Indiana University Bloomington': no usable link (cache)
[4340/40930] 'E321 - Indiana University Bloomington': no usable link (cache)
[4341/40930] 'E327 - Indiana University Bloomington': no usable link (cache)
[4342/40930] 'E332 - Indiana University Bloomington': no usable link (cache)
[4343/40930] 'E355 - Indiana University Bloomington': no usable link (cache)
[4344/40930] 'E455 - Indiana University Bloomington': no usable link (cache)
[4345/40930] 'EALCE100 - Indiana University Bloomington': no usable link (cache)
[4346/40930] 'EALCE110 - Indiana University Bloomington': no usable link (cache)
[4347/40930] 'EALCE190 - Indiana University Bloomington': no usable link (cache)
[4348/40930] 'EALCE332 - Indiana University Bloomington': no usable link (cache)
[4349/40930] 'EALCE333 - Indiana University Bloomington': no usable link (cache)
[4350/40930] 'EALCE371 - Indiana University Bloomington': no usable link (cache)
[4351/40930] 'EALCJ101 - Indiana University Bloomington': no usable link (cache)
[4352/40930] 'EALCJ201 - Indiana University Bloomington': no usable link (cache)
[4353/40930] 'EALCJ202 - Indiana University Bloomington': no usable link (cache)
[4354/40930] 'EASE144 - Indiana University Bloomington': no usable link (cache)
[4355/40930] 'ECONE201 - Indiana University Bloomington': no usable link (cache)
[4356/40930] 'ECONE211 - Indiana University Bloomington': no usable link (cache)
[4357/40930] 'ECONE251 - Indiana University Bloomington': no usable link (cache)
[4358/40930] 'ECONE309 - Indiana University Bloomington': no usable link (cache)
[4359/40930] 'ECONS202 - Indiana University Bloomington': no usable link (cache)
[4360/40930] 'EDUCH205 - Indiana University Bloomington': no usable link (cache)
[4361/40930] 'A424 - Indiana University-Purdue University Indianapolis': no usable link (cache)
[4362/40930] 'ANATN261 - Indiana University-Purdue University Indianapolis': no usable link (cache)
[4363/40930] 'ASL131 - Indiana University-Purdue University Indianapolis': no usable link (cache)
[4364/40930] 'B245 - Indiana University-Purdue University Indianapolis': no usable link (cache)
[4365/40930] 'B340 - Indiana University-Purdue University Indianapolis': no usable link (cache)
[4366/40930] 'B352 - Indiana University-Purdue University Indianapolis': no usable link (cache)
[4367/40930] 'B396 - Indiana University-Purdue University Indianapolis': no usable link (cache)
[4368/40930] 'BIO101K - Indiana University-Purdue University Indianapolis': no usable link (cache)
[4369/40930] 'BIOK101 - Indiana University-Purdue University Indianapolis': no usable link (cache)
[4370/40930] 'BIOK103 - Indiana University-Purdue University Indianapolis': no usable link (cache)
[4371/40930] 'BIOK341 - Indiana University-Purdue University Indianapolis': no usable link (cache)
[4372/40930] 'BIOLK101 - Indiana University-Purdue University Indianapolis': no usable link (cache)
[4373/40930] 'BIOLK102 - Indiana University-Purdue University Indianapolis': no usable link (cache)
[4374/40930] 'BIOLK103 - Indiana University-Purdue University Indianapolis': no usable link (cache)
[4375/40930] 'BIOLK322 - Indiana University-Purdue University Indianapolis': no usable link (cache)
[4376/40930] 'BIOLK323 - Indiana University-Purdue University Indianapolis': no usable link (cache)
[4377/40930] 'BIOLK350 - Indiana University-Purdue University Indianapolis': no usable link (cache)
[4378/40930] 'BIOLK357 - Indiana University-Purdue University Indianapolis': no usable link (cache)
[4379/40930] 'BIOLK384 - Indiana University-Purdue University Indianapolis': no usable link (cache)
[4380/40930] 'BIOLN107 - Indiana University-Purdue University Indianapolis': no usable link (cache)
[4381/40930] 'BIOLN217 - Indiana University-Purdue University Indianapolis': no usable link (cache)
[4382/40930] 'BIOLN261 - Indiana University-Purdue University Indianapolis': no usable link (cache)
[4383/40930] 'BION212 - Indiana University-Purdue University Indianapolis': no usable link (cache)
[4384/40930] 'BION261 - Indiana University-Purdue University Indianapolis': no usable link (cache)
[4385/40930] 'BUSJ401 - Indiana University-Purdue University Indianapolis': no usable link (cache)
[4386/40930] 'BUSK204 - Indiana University-Purdue University Indianapolis': no usable link (cache)
[4387/40930] 'BUSP301 - Indiana University-Purdue University Indianapolis': no usable link (cache)
[4388/40930] 'BUSX103 - Indiana University-Purdue University Indianapolis': no usable link (cache)
[4389/40930] 'BUSX204 - Indiana University-Purdue University Indianapolis': no usable link (cache)
[4390/40930] 'CHEMC106 - Indiana University-Purdue University Indianapolis': no usable link (cache)
[4391/40930] 'CIT12000 - Indiana University-Purdue University Indianapolis': no usable link (cache)
[4392/40930] 'CIT14000 - Indiana University-Purdue University Indianapolis': no usable link (cache)
[4393/40930] 'CLASC387 - Indiana University-Purdue University Indianapolis': no usable link (cache)
[4394/40930] 'COMM180 - Indiana University-Purdue University Indianapolis': no usable link (cache)
[4395/40930] 'COMMC180 - Indiana University-Purdue University Indianapolis': no usable link (cache)
[4396/40930] 'COMMG100 - Indiana University-Purdue University Indianapolis': no usable link (cache)
[4397/40930] 'COMMM150 - Indiana University-Purdue University Indianapolis': no usable link (cache)
[4398/40930] 'COMR110 - Indiana University-Purdue University Indianapolis': no usable link (cache)
[4399/40930] 'CSCI207 - Indiana University-Purdue University Indianapolis': no usable link (cache)
[4400/40930] 'CSCI50700 - Indiana University-Purdue University Indianapolis': no usable link (cache)
[4401/40930] 'CSCIC200 - Indiana University-Purdue University Indianapolis': no usable link (cache)
[4402/40930] 'CSCIN207 - Indiana University-Purdue University Indianapolis': no usable link (cache)
[4403/40930] 'CSCIN211 - Indiana University-Purdue University Indianapolis': no usable link (cache)
[4404/40930] 'CSCIN311 - Indiana University-Purdue University Indianapolis': no usable link (cache)
[4405/40930] 'CSCN207 - Indiana University-Purdue University Indianapolis': no usable link (cache)
[4406/40930] 'ECE263 - Indiana University-Purdue University Indianapolis': no usable link (cache)
[4407/40930] 'ECE59500 - Indiana University-Purdue University Indianapolis': no usable link (cache)
[4408/40930] 'EDUCP290 - Indiana University-Purdue University Indianapolis': no usable link (cache)
[4409/40930] 'ABE170 - Iowa State University': no usable link (cache)
[4410/40930] 'ACCT285 - Iowa State University': no usable link (cache)
[4411/40930] 'ACCT384 - Iowa State University': no usable link (cache)
[4412/40930] 'ACCT387 - Iowa State University': no usable link (cache)
[4413/40930] 'AECL366 - Iowa State University': no usable link (cache)
[4414/40930] 'AERE321 - Iowa State University': no usable link (cache)
[4415/40930] 'AERE351 - Iowa State University': no usable link (cache)
[4416/40930] 'AGRON180 - Iowa State University': no usable link (cache)
[4417/40930] 'AGRON183 - Iowa State University': no usable link (cache)
[4418/40930] 'AGRON206 - Iowa State University': no usable link (cache)
[4419/40930] 'AMD204 - Iowa State University': no usable link (cache)
[4420/40930] 'ANS101 - Iowa State University': no usable link (cache)
[4421/40930] 'ANS226 - Iowa State University': no usable link (cache)
[4422/40930] 'ANS229 - Iowa State University': no usable link (cache)
[4423/40930] 'ANS331 - Iowa State University': no usable link (cache)
[4424/40930] 'ANS352 - Iowa State University': no usable link (cache)
[4425/40930] 'ANS411 - Iowa State University': no usable link (cache)
[4426/40930] 'ANSCI114L - Iowa State University': no usable link (cache)
[4427/40930] 'ARABC101 - Iowa State University': no usable link (cache)
[4428/40930] 'ARCH348 - Iowa State University': no usable link (cache)
[4429/40930] 'ARTH3830 - Iowa State University': no usable link (cache)
[4430/40930] 'ASTRO1200 - Iowa State University': no usable link (cache)
[4431/40930] 'BBMB101 - Iowa State University': no usable link (cache)
[4432/40930] 'BCBIO322 - Iowa State University': no usable link (cache)
[4433/40930] 'BIOL313 - Iowa State University': no usable link (cache)
[4434/40930] 'CE274 - Iowa State University': no usable link (cache)
[4435/40930] 'CE306 - Iowa State University': no usable link (cache)
[4436/40930] 'CHE1600 - Iowa State University': no usable link (cache)
[4437/40930] 'CHE2050 - Iowa State University': no usable link (cache)
[4438/40930] 'CHE2310 - Iowa State University': no usable link (cache)
[4439/40930] 'CHE381 - Iowa State University': no usable link (cache)
[4440/40930] 'CHEM163L - Iowa State University': no usable link (cache)
[4441/40930] 'CHEM1670 - Iowa State University': no usable link (cache)
[4442/40930] 'CHEM1778 - Iowa State University': no usable link (cache)
[4443/40930] 'CHEM177L - Iowa State University': no usable link (cache)
[4444/40930] 'CHEM178 - Iowa State University': no usable link (cache)
[4445/40930] 'CHEM178L - Iowa State University': no usable link (cache)
[4446/40930] 'CHEM325 - Iowa State University': no usable link (cache)
[4447/40930] 'CJ241 - Iowa State University': no usable link (cache)
[4448/40930] 'CJ484 - Iowa State University': no usable link (cache)
[4449/40930] 'CJST241 - Iowa State University': no usable link (cache)
[4450/40930] 'CJST403 - Iowa State University': no usable link (cache)
[4451/40930] 'CJST484 - Iowa State University': no usable link (cache)
[4452/40930] 'CMST101 - Iowa State University': no usable link (cache)
[4453/40930] 'COMS229 - Iowa State University': no usable link (cache)
[4454/40930] 'COMS230 - Iowa State University': no usable link (cache)
[4455/40930] 'COMS330 - Iowa State University': no usable link (cache)
[4456/40930] 'COMS487 - Iowa State University': no usable link (cache)
[4457/40930] 'COMS5110 - Iowa State University': no usable link (cache)
[4458/40930] 'COMST102 - Iowa State University': no usable link (cache)
[4459/40930] 'CONE441 - Iowa State University': no usable link (cache)
[4460/40930] 'CPRE531 - Iowa State University': no usable link (cache)
[4461/40930] 'CS228 - Iowa State University': no usable link (cache)
[4462/40930] 'DSN102 - Iowa State University': no usable link (cache)
[4463/40930] 'DSN131 - Iowa State University': no usable link (cache)
[4464/40930] 'DSNS102 - Iowa State University': no usable link (cache)
[4465/40930] 'DSNS183 - Iowa State University': no usable link (cache)
[4466/40930] 'EE2010 - Iowa State University': no usable link (cache)
[4467/40930] 'EM274 - Iowa State University': no usable link (cache)
[4468/40930] 'EM324 - Iowa State University': no usable link (cache)
[4469/40930] 'EM345 - Iowa State University': no usable link (cache)
[4470/40930] 'EM378 - Iowa State University': no usable link (cache)
[4471/40930] 'ACCT225 - Ithaca College': no usable link (cache)
[4472/40930] 'ACCT22500 - Ithaca College': no usable link (cache)
[4473/40930] 'ACCT22600 - Ithaca College': no usable link (cache)
[4474/40930] 'ANTH10100 - Ithaca College': no usable link (cache)
[4475/40930] 'ANTH10300 - Ithaca College': no usable link (cache)
[4476/40930] 'ARTH114 - Ithaca College': no usable link (cache)
[4477/40930] 'ARTH160 - Ithaca College': no usable link (cache)
[4478/40930] 'ARTH16000 - Ithaca College': no usable link (cache)
[4479/40930] 'AUDIO21050 - Ithaca College': no usable link (cache)
[4480/40930] 'BINT101 - Ithaca College': no usable link (cache)
[4481/40930] 'BINT10100 - Ithaca College': no usable link (cache)
[4482/40930] 'BIO121 - Ithaca College': no usable link (cache)
[4483/40930] 'BIOL12200 - Ithaca College': no usable link (cache)
[4484/40930] 'CALC10800 - Ithaca College': no usable link (cache)
[4485/40930] 'CHEM11000 - Ithaca College': no usable link (cache)
[4486/40930] 'CHEM12100 - Ithaca College': no usable link (cache)
[4487/40930] 'CHEM22100 - Ithaca College': no usable link (cache)
[4488/40930] 'CHEM232 - Ithaca College': no usable link (cache)
[4489/40930] 'CLTC110 - Ithaca College': no usable link (cache)
[4490/40930] 'CLTC11000 - Ithaca College': no usable link (cache)
[4491/40930] 'CNPH01 - Ithaca College': no usable link (cache)
[4492/40930] 'CNPH10100 - Ithaca College': no usable link (cache)
[4493/40930] 'CNPH11100 - Ithaca College': no usable link (cache)
[4494/40930] 'CNPH14100 - Ithaca College': no usable link (cache)
[4495/40930] 'CNPH2000 - Ithaca College': no usable link (cache)
[4496/40930] 'CNPH24200 - Ithaca College': no usable link (cache)
[4497/40930] 'CNPH300 - Ithaca College': no usable link (cache)
[4498/40930] 'COMP17100 - Ithaca College': no usable link (cache)
[4499/40930] 'COMP172 - Ithaca College': no usable link (cache)
[4500/40930] 'CPNH11100 - Ithaca College': no usable link (cache)
[4501/40930] 'CSCR10900 - Ithaca College': no usable link (cache)
[4502/40930] 'CSCR11000 - Ithaca College': no usable link (cache)
[4503/40930] 'CSCR336 - Ithaca College': no usable link (cache)
[4504/40930] 'DEVPS100 - Ithaca College': no usable link (cache)
[4505/40930] 'ECON12200 - Ithaca College': no usable link (cache)
[4506/40930] 'ECON20200 - Ithaca College': no usable link (cache)
[4507/40930] 'ENGL18200 - Ithaca College': no usable link (cache)
[4508/40930] 'ENGL19408 - Ithaca College': no usable link (cache)
[4509/40930] 'ACTG313 - James Madison University': no usable link (cache)
[4510/40930] 'ACTG343 - James Madison University': no usable link (cache)
[4511/40930] 'ACTG344 - James Madison University': no usable link (cache)
[4512/40930] 'ACTG377 - James Madison University': no usable link (cache)
[4513/40930] 'ACTG691 - James Madison University': no usable link (cache)
[4514/40930] 'ANT195 - James Madison University': no usable link (cache)
[4515/40930] 'ANTH197 - James Madison University': no usable link (cache)
[4516/40930] 'ART304 - James Madison University': no usable link (cache)
[4517/40930] 'ART305 - James Madison University': no usable link (cache)
[4518/40930] 'ART360 - James Madison University': no usable link (cache)
[4519/40930] 'ART452 - James Madison University': no usable link (cache)
[4520/40930] 'ARTH205 - James Madison University': no usable link (cache)
[4521/40930] 'ARTH419 - James Madison University': no usable link (cache)
[4522/40930] 'BIO140L - James Madison University': no usable link (cache)
[4523/40930] 'BIO245 - James Madison University': no usable link (cache)
[4524/40930] 'BIO245L - James Madison University': no usable link (cache)
[4525/40930] 'BIO270L - James Madison University': no usable link (cache)
[4526/40930] 'BIO270LAB - James Madison University': no usable link (cache)
[4527/40930] 'BIO290L - James Madison University': no usable link (cache)
[4528/40930] 'BIO290LAB - James Madison University': no usable link (cache)
[4529/40930] 'BUS191 - James Madison University': no usable link (cache)
[4530/40930] 'C4GE - James Madison University': no usable link (cache)
[4531/40930] 'CHEM132L - James Madison University': no usable link (cache)
[4532/40930] 'CHIN490 - James Madison University': no usable link (cache)
[4533/40930] 'CIS204 - James Madison University': no usable link (cache)
[4534/40930] 'CIS304 - James Madison University': no usable link (cache)
[4535/40930] 'COB191 - James Madison University': no usable link (cache)
[4536/40930] 'COB202 - James Madison University': no usable link (cache)
[4537/40930] 'COB242 - James Madison University': no usable link (cache)
[4538/40930] 'COB300C - James Madison University': no usable link (cache)
[4539/40930] 'COB487 - James Madison University': no usable link (cache)
[4540/40930] 'ELED455 - James Madison University': no usable link (cache)
[4541/40930] 'ENG236 - James Madison University': no usable link (cache)
[4542/40930] 'ENG393 - James Madison University': no usable link (cache)
[4543/40930] 'ENGIN112 - James Madison University': no usable link (cache)
[4544/40930] 'AFR145 - John Jay College of Criminal Justice': no usable link (cache)
[4545/40930] 'AFR150 - John Jay College of Criminal Justice': no usable link (cache)
[4546/40930] 'AFR243 - John Jay College of Criminal Justice': no usable link (cache)
[4547/40930] 'AFR320 - John Jay College of Criminal Justice': no usable link (cache)
[4548/40930] 'ANT212 - John Jay College of Criminal Justice': no usable link (cache)
[4549/40930] 'ANT230 - John Jay College of Criminal Justice': no usable link (cache)
[4550/40930] 'ANT310 - John Jay College of Criminal Justice': no usable link (cache)
[4551/40930] 'ANT315 - John Jay College of Criminal Justice': no usable link (cache)
[4552/40930] 'ANT330 - John Jay College of Criminal Justice': no usable link (cache)
[4553/40930] 'ART103 - John Jay College of Criminal Justice': no usable link (cache)
[4554/40930] 'ART106 - John Jay College of Criminal Justice': no usable link (cache)
[4555/40930] 'ART201 - John Jay College of Criminal Justice': no usable link (cache)
[4556/40930] 'BIO104R - John Jay College of Criminal Justice': no usable link (cache)
[4557/40930] 'BIO412 - John Jay College of Criminal Justice': no usable link (cache)
[4558/40930] 'CALC241 - John Jay College of Criminal Justice': no usable link (cache)
[4559/40930] 'CALC242 - John Jay College of Criminal Justice': no usable link (cache)
[4560/40930] 'CEHM103 - John Jay College of Criminal Justice': no usable link (cache)
[4561/40930] 'CHE102 - John Jay College of Criminal Justice': no usable link (cache)
[4562/40930] 'CHE103 - John Jay College of Criminal Justice': no usable link (cache)
[4563/40930] 'CHE201 - John Jay College of Criminal Justice': no usable link (cache)
[4564/40930] 'CHE202 - John Jay College of Criminal Justice': no usable link (cache)
[4565/40930] 'CJBS101 - John Jay College of Criminal Justice': no usable link (cache)
[4566/40930] 'CJBS250 - John Jay College of Criminal Justice': no usable link (cache)
[4567/40930] 'CJBS300 - John Jay College of Criminal Justice': no usable link (cache)
[4568/40930] 'CJBS415 - John Jay College of Criminal Justice': no usable link (cache)
[4569/40930] 'CJBS425 - John Jay College of Criminal Justice': no usable link (cache)
[4570/40930] 'COM4900 - John Jay College of Criminal Justice': no usable link (cache)
[4571/40930] 'COR201 - John Jay College of Criminal Justice': no usable link (cache)
[4572/40930] 'COR202 - John Jay College of Criminal Justice': no usable link (cache)
[4573/40930] 'COR230 - John Jay College of Criminal Justice': no usable link (cache)
[4574/40930] 'COR250 - John Jay College of Criminal Justice': no usable link (cache)
[4575/40930] 'COR303 - John Jay College of Criminal Justice': no usable link (cache)
[4576/40930] 'COR320 - John Jay College of Criminal Justice': no usable link (cache)
[4577/40930] 'COR395 - John Jay College of Criminal Justice': no usable link (cache)
[4578/40930] 'COR397 - John Jay College of Criminal Justice': no usable link (cache)
[4579/40930] 'COR415 - John Jay College of Criminal Justice': no usable link (cache)
[4580/40930] 'CRJ321 - John Jay College of Criminal Justice': no usable link (cache)
[4581/40930] 'CRJ425 - John Jay College of Criminal Justice': no usable link (cache)
[4582/40930] 'CRJ710 - John Jay College of Criminal Justice': no usable link (cache)
[4583/40930] 'CRJ715 - John Jay College of Criminal Justice': no usable link (cache)
[4584/40930] 'CRJ716 - John Jay College of Criminal Justice': no usable link (cache)
[4585/40930] 'CRJ733 - John Jay College of Criminal Justice': no usable link (cache)
[4586/40930] 'CRJ744 - John Jay College of Criminal Justice': no usable link (cache)
[4587/40930] 'CRJ746 - John Jay College of Criminal Justice': no usable link (cache)
[4588/40930] 'CRJ752 - John Jay College of Criminal Justice': no usable link (cache)
[4589/40930] 'CRJ835 - John Jay College of Criminal Justice': no usable link (cache)
[4590/40930] 'CRJ850 - John Jay College of Criminal Justice': no usable link (cache)
[4591/40930] 'CRJBS101 - John Jay College of Criminal Justice': no usable link (cache)
[4592/40930] 'CSCI274 - John Jay College of Criminal Justice': no usable link (cache)
[4593/40930] 'CSCI374 - John Jay College of Criminal Justice': no usable link (cache)
[4594/40930] 'CSCI375 - John Jay College of Criminal Justice': no usable link (cache)
[4595/40930] 'CSCI377 - John Jay College of Criminal Justice': no usable link (cache)
[4596/40930] 'CSCI379 - John Jay College of Criminal Justice': no usable link (cache)
[4597/40930] 'CSCI412 - John Jay College of Criminal Justice': no usable link (cache)
[4598/40930] 'CSL235 - John Jay College of Criminal Justice': no usable link (cache)
[4599/40930] 'ECO105 - John Jay College of Criminal Justice': no usable link (cache)
[4600/40930] 'ECO10501 - John Jay College of Criminal Justice': no usable link (cache)
[4601/40930] 'ECO170 - John Jay College of Criminal Justice': no usable link (cache)
[4602/40930] 'ECO231 - John Jay College of Criminal Justice': no usable link (cache)
[4603/40930] 'ECO245 - John Jay College of Criminal Justice': no usable link (cache)
[4604/40930] 'ECO270 - John Jay College of Criminal Justice': no usable link (cache)
[4605/40930] 'ECO310 - John Jay College of Criminal Justice': no usable link (cache)
[4606/40930] 'EDU100 - John Jay College of Criminal Justice': no usable link (cache)
[4607/40930] 'ENG191 - John Jay College of Criminal Justice': no usable link (cache)
[4608/40930] 'ENG394 - John Jay College of Criminal Justice': no usable link (cache)
[4609/40930] 'ACM615 - Johns Hopkins University': no usable link (cache)
[4610/40930] 'AMS171 - Johns Hopkins University': no usable link (cache)
[4611/40930] 'AMS385 - Johns Hopkins University': no usable link (cache)
[4612/40930] 'AMS663 - Johns Hopkins University': no usable link (cache)
[4613/40930] 'AS03010 - Johns Hopkins University': no usable link (cache)
[4614/40930] 'AS103 - Johns Hopkins University': no usable link (cache)
[4615/40930] 'AS109 - Johns Hopkins University': no usable link (cache)
[4616/40930] 'AS316 - Johns Hopkins University': no usable link (cache)
[4617/40930] 'BBC200 - Johns Hopkins University': no usable link (cache)
[4618/40930] 'BIO151 - Johns Hopkins University': no usable link (cache)
[4619/40930] 'BIO305 - Johns Hopkins University': no usable link (cache)
[4620/40930] 'BIO315 - Johns Hopkins University': no usable link (cache)
[4621/40930] 'BME110 - Johns Hopkins University': no usable link (cache)
[4622/40930] 'BME222 - Johns Hopkins University': no usable link (cache)
[4623/40930] 'CHEM030 - Johns Hopkins University': no usable link (cache)
[4624/40930] 'CHEM206 - Johns Hopkins University': no usable link (cache)
[4625/40930] 'CHEM212 - Johns Hopkins University': no usable link (cache)
[4626/40930] 'CHEM305 - Johns Hopkins University': no usable link (cache)
[4627/40930] 'CIP101 - Johns Hopkins University': no usable link (cache)
[4628/40930] 'COG050 - Johns Hopkins University': no usable link (cache)
[4629/40930] 'EAS200 - Johns Hopkins University': no usable link (cache)
[4630/40930] 'EN433 - Johns Hopkins University': no usable link (cache)
[4631/40930] 'ACCT241 - Kansas State University': no usable link (cache)
[4632/40930] 'ACCTG231 - Kansas State University': no usable link (cache)
[4633/40930] 'ACCTG241 - Kansas State University': no usable link (cache)
[4634/40930] 'ACCTG331 - Kansas State University': no usable link (cache)
[4635/40930] 'AGEC515 - Kansas State University': no usable link (cache)
[4636/40930] 'AGRON305 - Kansas State University': no usable link (cache)
[4637/40930] 'ANTH314 - Kansas State University': no usable link (cache)
[4638/40930] 'ARCH250 - Kansas State University': no usable link (cache)
[4639/40930] 'ARCH750 - Kansas State University': no usable link (cache)
[4640/40930] 'ART270 - Kansas State University': no usable link (cache)
[4641/40930] 'ASI106 - Kansas State University': no usable link (cache)
[4642/40930] 'ASI107 - Kansas State University': no usable link (cache)
[4643/40930] 'ASI350 - Kansas State University': no usable link (cache)
[4644/40930] 'ASI400 - Kansas State University': no usable link (cache)
[4645/40930] 'ASI515 - Kansas State University': no usable link (cache)
[4646/40930] 'ASI520 - Kansas State University': no usable link (cache)
[4647/40930] 'ASI655 - Kansas State University': no usable link (cache)
[4648/40930] 'BIOCH110 - Kansas State University': no usable link (cache)
[4649/40930] 'BIOCH265 - Kansas State University': no usable link (cache)
[4650/40930] 'BIOCH521 - Kansas State University': no usable link (cache)
[4651/40930] 'BIOCH571 - Kansas State University': no usable link (cache)
[4652/40930] 'BIOCH765 - Kansas State University': no usable link (cache)
[4653/40930] 'BIOL198 - Kansas State University': no usable link (cache)
[4654/40930] 'BIOL513 - Kansas State University': no usable link (cache)
[4655/40930] 'BIOL515 - Kansas State University': no usable link (cache)
[4656/40930] 'BIOL705 - Kansas State University': no usable link (cache)
[4657/40930] 'CE333 - Kansas State University': no usable link (cache)
[4658/40930] 'CHE521 - Kansas State University': no usable link (cache)
[4659/40930] 'CHE530 - Kansas State University': no usable link (cache)
[4660/40930] 'CHE560 - Kansas State University': no usable link (cache)
[4661/40930] 'CHE565 - Kansas State University': no usable link (cache)
[4662/40930] 'CHE570 - Kansas State University': no usable link (cache)
[4663/40930] 'CHM220 - Kansas State University': no usable link (cache)
[4664/40930] 'CHM350 - Kansas State University': no usable link (cache)
[4665/40930] 'CHM550 - Kansas State University': no usable link (cache)
[4666/40930] 'CIS415 - Kansas State University': no usable link (cache)
[4667/40930] 'CIS525 - Kansas State University': no usable link (cache)
[4668/40930] 'CIS551 - Kansas State University': no usable link (cache)
[4669/40930] 'CIS705 - Kansas State University': no usable link (cache)
[4670/40930] 'CIS751 - Kansas State University': no usable link (cache)
[4671/40930] 'CNRES531 - Kansas State University': no usable link (cache)
[4672/40930] 'CNRES751 - Kansas State University': no usable link (cache)
[4673/40930] 'CNS220 - Kansas State University': no usable link (cache)
[4674/40930] 'DEN160 - Kansas State University': no usable link (cache)
[4675/40930] 'DEN161 - Kansas State University': no usable link (cache)
[4676/40930] 'EDCEP315 - Kansas State University': no usable link (cache)
[4677/40930] 'EDCI200 - Kansas State University': no usable link (cache)
[4678/40930] 'EDCI310 - Kansas State University': no usable link (cache)
[4679/40930] 'EDCI318 - Kansas State University': no usable link (cache)
[4680/40930] 'EDEL250 - Kansas State University': no usable link (cache)
[4681/40930] 'EDSEC310 - Kansas State University': no usable link (cache)
[4682/40930] 'ENGL415 - Kansas State University': no usable link (cache)
[4683/40930] 'AADS1102 - Kennesaw State University': no usable link (cache)
[4684/40930] 'ARCH2242 - Kennesaw State University': no usable link (cache)
[4685/40930] 'BIO1107L - Kennesaw State University': no usable link (cache)
[4686/40930] 'BIO2221 - Kennesaw State University': no usable link (cache)
[4687/40930] 'BIO2251 - Kennesaw State University': no usable link (cache)
[4688/40930] 'BIO2261 - Kennesaw State University': no usable link (cache)
[4689/40930] 'BIO3340 - Kennesaw State University': no usable link (cache)
[4690/40930] 'BIOL2221 - Kennesaw State University': no usable link (cache)
[4691/40930] 'BIOL2221L - Kennesaw State University': no usable link (cache)
[4692/40930] 'BIOL2251 - Kennesaw State University': no usable link (cache)
[4693/40930] 'BIOL2251L - Kennesaw State University': no usable link (cache)
[4694/40930] 'BIOL2252 - Kennesaw State University': no usable link (cache)
[4695/40930] 'BIOL4431 - Kennesaw State University': no usable link (cache)
[4696/40930] 'BISM2200 - Kennesaw State University': no usable link (cache)
[4697/40930] 'BISM3100 - Kennesaw State University': no usable link (cache)
[4698/40930] 'BISM3200 - Kennesaw State University': no usable link (cache)
[4699/40930] 'BUSA2150 - Kennesaw State University': no usable link (cache)
[4700/40930] 'CHEM1211L - Kennesaw State University': no usable link (cache)
[4701/40930] 'CHEM1212L - Kennesaw State University': no usable link (cache)
[4702/40930] 'CHEM3361 - Kennesaw State University': no usable link (cache)
[4703/40930] 'CHEM3361L - Kennesaw State University': no usable link (cache)
[4704/40930] 'CHEM3362 - Kennesaw State University': no usable link (cache)
[4705/40930] 'CHEM3362L - Kennesaw State University': no usable link (cache)
[4706/40930] 'COM2135 - Kennesaw State University': no usable link (cache)
[4707/40930] 'COM3340 - Kennesaw State University': no usable link (cache)
[4708/40930] 'COM4470 - Kennesaw State University': no usable link (cache)
[4709/40930] 'COMP1101 - Kennesaw State University': no usable link (cache)
[4710/40930] 'CS3502 - Kennesaw State University': no usable link (cache)
[4711/40930] 'CSE3801 - Kennesaw State University': no usable link (cache)
[4712/40930] 'CYBR7200 - Kennesaw State University': no usable link (cache)
[4713/40930] 'ECE3305 - Kennesaw State University': no usable link (cache)
[4714/40930] 'ECET3220 - Kennesaw State University': no usable link (cache)
[4715/40930] 'ECON1OOO - Kennesaw State University': no usable link (cache)
[4716/40930] 'ECON4310 - Kennesaw State University': no usable link (cache)
[4717/40930] 'EDCU2130 - Kennesaw State University': no usable link (cache)
[4718/40930] 'EDU2130 - Kennesaw State University': no usable link (cache)
[4719/40930] 'EDUC2130 - Kennesaw State University': no usable link (cache)
[4720/40930] 'EE2501 - Kennesaw State University': no usable link (cache)
[4721/40930] 'ENG2130 - Kennesaw State University': no usable link (cache)
[4722/40930] 'ENGL2110 - Kennesaw State University': no usable link (cache)
[4723/40930] 'ENGL2132 - Kennesaw State University': no usable link (cache)
[4724/40930] 'AMST108 - Kenyon College': no usable link (cache)
[4725/40930] 'AMST331 - Kenyon College': no usable link (cache)
[4726/40930] 'ANTH342 - Kenyon College': no usable link (cache)
[4727/40930] 'ARBC101 - Kenyon College': no usable link (cache)
[4728/40930] 'ARBC102 - Kenyon College': no usable link (cache)
[4729/40930] 'ARBC102Y - Kenyon College': no usable link (cache)
[4730/40930] 'ARBC111Y - Kenyon College': no usable link (cache)
[4731/40930] 'ARBC201 - Kenyon College': no usable link (cache)
[4732/40930] 'ARHS111 - Kenyon College': no usable link (cache)
[4733/40930] 'ARHS224 - Kenyon College': no usable link (cache)
[4734/40930] 'ARHS239 - Kenyon College': no usable link (cache)
[4735/40930] 'ARTS107 - Kenyon College': no usable link (cache)
[4736/40930] 'ATHS111 - Kenyon College': no usable link (cache)
[4737/40930] 'BIOL255 - Kenyon College': no usable link (cache)
[4738/40930] 'CLAS111 - Kenyon College': no usable link (cache)
[4739/40930] 'CWL318 - Kenyon College': no usable link (cache)
[4740/40930] 'DANC100 - Kenyon College': no usable link (cache)
[4741/40930] 'DANC107 - Kenyon College': no usable link (cache)
[4742/40930] 'DRAM111 - Kenyon College': no usable link (cache)
[4743/40930] 'DRAMA111 - Kenyon College': no usable link (cache)
[4744/40930] 'ANTH1032 - Lakehead University': no usable link (cache)
[4745/40930] 'ANTH1034 - Lakehead University': no usable link (cache)
[4746/40930] 'ANTH2112 - Lakehead University': no usable link (cache)
[4747/40930] 'ANTH2151 - Lakehead University': no usable link (cache)
[4748/40930] 'BIOL1051 - Lakehead University': no usable link (cache)
[4749/40930] 'BIOL2070 - Lakehead University': no usable link (cache)
[4750/40930] 'BUS2012 - Lakehead University': no usable link (cache)
[4751/40930] 'BUSI1031 - Lakehead University': no usable link (cache)
[4752/40930] 'BUSI2019 - Lakehead University': no usable link (cache)
[4753/40930] 'BUSI2033 - Lakehead University': no usable link (cache)
[4754/40930] 'BUSI3052 - Lakehead University': no usable link (cache)
[4755/40930] 'CHEM2411 - Lakehead University': no usable link (cache)
[4756/40930] 'CISC223 - Lakehead University': no usable link (cache)
[4757/40930] 'COMP0411 - Lakehead University': no usable link (cache)
[4758/40930] 'COMP2477 - Lakehead University': no usable link (cache)
[4759/40930] 'COMP4453 - Lakehead University': no usable link (cache)
[4760/40930] 'COMP5112 - Lakehead University': no usable link (cache)
[4761/40930] 'CRIM1030 - Lakehead University': no usable link (cache)
[4762/40930] 'CS2412 - Lakehead University': no usable link (cache)
[4763/40930] 'CS2453 - Lakehead University': no usable link (cache)
[4764/40930] 'CS3415 - Lakehead University': no usable link (cache)
[4765/40930] 'ECHE4032 - Lakehead University': no usable link (cache)
[4766/40930] 'ECIV3056 - Lakehead University': no usable link (cache)
[4767/40930] 'ECIV3738 - Lakehead University': no usable link (cache)
[4768/40930] 'ECIV4135 - Lakehead University': no usable link (cache)
[4769/40930] 'ECIV5691 - Lakehead University': no usable link (cache)
[4770/40930] 'ECON5118 - Lakehead University': no usable link (cache)
[4771/40930] 'EELE2151 - Lakehead University': no usable link (cache)
[4772/40930] 'ENG1116 - Lakehead University': no usable link (cache)
[4773/40930] 'ENG3334 - Lakehead University': no usable link (cache)
[4774/40930] 'ENGG3021 - Lakehead University': no usable link (cache)
[4775/40930] 'ENGI1135 - Lakehead University': no usable link (cache)
[4776/40930] 'ENGI1533 - Lakehead University': no usable link (cache)
[4777/40930] 'ENGI1553 - Lakehead University': no usable link (cache)
[4778/40930] 'ENGI2111 - Lakehead University': no usable link (cache)
[4779/40930] 'ENGI3014 - Lakehead University': no usable link (cache)
[4780/40930] 'ENGI3015 - Lakehead University': no usable link (cache)
[4781/40930] 'ENGI3015AA - Lakehead University': no usable link (cache)
[4782/40930] 'ENGI3022 - Lakehead University': no usable link (cache)
[4783/40930] 'ENGI3433 - Lakehead University': no usable link (cache)
[4784/40930] 'ENGI3738 - Lakehead University': no usable link (cache)
[4785/40930] 'ENGI4032 - Lakehead University': no usable link (cache)
[4786/40930] 'ENGI4034 - Lakehead University': no usable link (cache)
[4787/40930] 'ENGI4438 - Lakehead University': no usable link (cache)
[4788/40930] 'ENGL1014 - Lakehead University': no usable link (cache)
[4789/40930] 'ENGL1015 - Lakehead University': no usable link (cache)
[4790/40930] 'ENGL1016 - Lakehead University': no usable link (cache)
[4791/40930] 'ENGL1112 - Lakehead University': no usable link (cache)
[4792/40930] 'ENGL1116 - Lakehead University': no usable link (cache)
[4793/40930] 'ENGL1117 - Lakehead University': no usable link (cache)
[4794/40930] 'ENGL3415 - Lakehead University': no usable link (cache)
[4795/40930] 'ENGL4010 - Lakehead University': no usable link (cache)
[4796/40930] 'ENGL4904 - Lakehead University': no usable link (cache)
[4797/40930] 'ALL3010 - Laval University': no usable link (cache)
[4798/40930] 'BUSI1800 - Laval University': no usable link (cache)
[4799/40930] 'ACT202 - Le Moyne College': no usable link (cache)
[4800/40930] 'ACT203 - Le Moyne College': no usable link (cache)
[4801/40930] 'ANA301 - Le Moyne College': no usable link (cache)
[4802/40930] 'ANL301 - Le Moyne College': no usable link (cache)
[4803/40930] 'ANL430 - Le Moyne College': no usable link (cache)
[4804/40930] 'ANL601 - Le Moyne College': no usable link (cache)
[4805/40930] 'ANT102 - Le Moyne College': no usable link (cache)
[4806/40930] 'BCS111 - Le Moyne College': no usable link (cache)
[4807/40930] 'BIO191L - Le Moyne College': no usable link (cache)
[4808/40930] 'BIO192 - Le Moyne College': no usable link (cache)
[4809/40930] 'BIO218 - Le Moyne College': no usable link (cache)
[4810/40930] 'BIO218L - Le Moyne College': no usable link (cache)
[4811/40930] 'BIO225 - Le Moyne College': no usable link (cache)
[4812/40930] 'BSC110 - Le Moyne College': no usable link (cache)
[4813/40930] 'BSC111 - Le Moyne College': no usable link (cache)
[4814/40930] 'BUS470 - Le Moyne College': no usable link (cache)
[4815/40930] 'CHEM224 - Le Moyne College': no usable link (cache)
[4816/40930] 'CHM151LAB - Le Moyne College': no usable link (cache)
[4817/40930] 'CHM224 - Le Moyne College': no usable link (cache)
[4818/40930] 'CHM327 - Le Moyne College': no usable link (cache)
[4819/40930] 'CMM226 - Le Moyne College': no usable link (cache)
[4820/40930] 'CMM274 - Le Moyne College': no usable link (cache)
[4821/40930] 'COR100SB - Le Moyne College': no usable link (cache)
[4822/40930] 'COR100VB - Le Moyne College': no usable link (cache)
[4823/40930] 'COR100XB - Le Moyne College': no usable link (cache)
[4824/40930] 'CRW385 - Le Moyne College': no usable link (cache)
[4825/40930] 'CSC176 - Le Moyne College': no usable link (cache)
[4826/40930] 'CSC181 - Le Moyne College': no usable link (cache)
[4827/40930] 'CYS167 - Le Moyne College': no usable link (cache)
[4828/40930] 'CYS300 - Le Moyne College': no usable link (cache)
[4829/40930] 'CYS331 - Le Moyne College': no usable link (cache)
[4830/40930] 'ECO315 - Le Moyne College': no usable link (cache)
[4831/40930] 'ECON113 - Le Moyne College': no usable link (cache)
[4832/40930] 'ENG306 - Le Moyne College': no usable link (cache)
[4833/40930] 'ENG373 - Le Moyne College': no usable link (cache)
[4834/40930] 'ACCT151 - Lehigh University': no usable link (cache)
[4835/40930] 'ACCT152 - Lehigh University': no usable link (cache)
[4836/40930] 'ACCT397 - Lehigh University': no usable link (cache)
[4837/40930] 'ACCT442 - Lehigh University': no usable link (cache)
[4838/40930] 'ACCT444 - Lehigh University': no usable link (cache)
[4839/40930] 'ARCH002 - Lehigh University': no usable link (cache)
[4840/40930] 'ART002 - Lehigh University': no usable link (cache)
[4841/40930] 'ASIA090 - Lehigh University': no usable link (cache)
[4842/40930] 'BIOS044 - Lehigh University': no usable link (cache)
[4843/40930] 'BIOS41 - Lehigh University': no usable link (cache)
[4844/40930] 'BUAN044 - Lehigh University': no usable link (cache)
[4845/40930] 'BUAN346 - Lehigh University': no usable link (cache)
[4846/40930] 'BUS003 - Lehigh University': no usable link (cache)
[4847/40930] 'BUS1 - Lehigh University': no usable link (cache)
[4848/40930] 'CALC022 - Lehigh University': no usable link (cache)
[4849/40930] 'CALC023 - Lehigh University': no usable link (cache)
[4850/40930] 'CALC081 - Lehigh University': no usable link (cache)
[4851/40930] 'CEE003 - Lehigh University': no usable link (cache)
[4852/40930] 'CEE012 - Lehigh University': no usable link (cache)
[4853/40930] 'CEE122 - Lehigh University': no usable link (cache)
[4854/40930] 'CEE159 - Lehigh University': no usable link (cache)
[4855/40930] 'CEE222 - Lehigh University': no usable link (cache)
[4856/40930] 'CEE366 - Lehigh University': no usable link (cache)
[4857/40930] 'CHE031 - Lehigh University': no usable link (cache)
[4858/40930] 'CHE179 - Lehigh University': no usable link (cache)
[4859/40930] 'CHE398 - Lehigh University': no usable link (cache)
[4860/40930] 'CHEM040 - Lehigh University': no usable link (cache)
[4861/40930] 'CHEM75 - Lehigh University': no usable link (cache)
[4862/40930] 'CHM041 - Lehigh University': no usable link (cache)
[4863/40930] 'CHM31 - Lehigh University': no usable link (cache)
[4864/40930] 'ECE033 - Lehigh University': no usable link (cache)
[4865/40930] 'ECE081 - Lehigh University': no usable link (cache)
[4866/40930] 'ECO045 - Lehigh University': no usable link (cache)
[4867/40930] 'ECO119 - Lehigh University': no usable link (cache)
[4868/40930] 'ECO145 - Lehigh University': no usable link (cache)
[4869/40930] 'ECO146 - Lehigh University': no usable link (cache)
[4870/40930] 'ECO357 - Lehigh University': no usable link (cache)
[4871/40930] 'ENG005 - Lehigh University': no usable link (cache)
[4872/40930] 'AAS166 - Lehman College': no usable link (cache)
[4873/40930] 'AAS225 - Lehman College': no usable link (cache)
[4874/40930] 'AAS232 - Lehman College': no usable link (cache)
[4875/40930] 'AAS269 - Lehman College': no usable link (cache)
[4876/40930] 'AAS320 - Lehman College': no usable link (cache)
[4877/40930] 'ACC171 - Lehman College': no usable link (cache)
[4878/40930] 'ACC334 - Lehman College': no usable link (cache)
[4879/40930] 'ACC335 - Lehman College': no usable link (cache)
[4880/40930] 'ACC440 - Lehman College': no usable link (cache)
[4881/40930] 'ACC442 - Lehman College': no usable link (cache)
[4882/40930] 'ACU266 - Lehman College': no usable link (cache)
[4883/40930] 'ANT171 - Lehman College': no usable link (cache)
[4884/40930] 'ANT211 - Lehman College': no usable link (cache)
[4885/40930] 'ANT238 - Lehman College': no usable link (cache)
[4886/40930] 'BBA207 - Lehman College': no usable link (cache)
[4887/40930] 'BBA303 - Lehman College': no usable link (cache)
[4888/40930] 'BBA304 - Lehman College': no usable link (cache)
[4889/40930] 'BBA307 - Lehman College': no usable link (cache)
[4890/40930] 'BBA322 - Lehman College': no usable link (cache)
[4891/40930] 'BBA332 - Lehman College': no usable link (cache)
[4892/40930] 'BBA336 - Lehman College': no usable link (cache)
[4893/40930] 'BBA337 - Lehman College': no usable link (cache)
[4894/40930] 'BBA433 - Lehman College': no usable link (cache)
[4895/40930] 'BIO166 - Lehman College': no usable link (cache)
[4896/40930] 'BIO167 - Lehman College': no usable link (cache)
[4897/40930] 'BIO182LAB - Lehman College': no usable link (cache)
[4898/40930] 'BIO183 - Lehman College': no usable link (cache)
[4899/40930] 'BIO238 - Lehman College': no usable link (cache)
[4900/40930] 'BIO268 - Lehman College': no usable link (cache)
[4901/40930] 'BIO438 - Lehman College': no usable link (cache)
[4902/40930] 'BIO501 - Lehman College': no usable link (cache)
[4903/40930] 'BIO644 - Lehman College': no usable link (cache)
[4904/40930] 'BLS232 - Lehman College': no usable link (cache)
[4905/40930] 'BLS246 - Lehman College': no usable link (cache)
[4906/40930] 'BLS267 - Lehman College': no usable link (cache)
[4907/40930] 'CHE168 - Lehman College': no usable link (cache)
[4908/40930] 'CHE342 - Lehman College': no usable link (cache)
[4909/40930] 'CHE344 - Lehman College': no usable link (cache)
[4910/40930] 'CHEM166 - Lehman College': no usable link (cache)
[4911/40930] 'CHEM167 - Lehman College': no usable link (cache)
[4912/40930] 'CHEM234 - Lehman College': no usable link (cache)
[4913/40930] 'CIS212 - Lehman College': no usable link (cache)
[4914/40930] 'CIS244 - Lehman College': no usable link (cache)
[4915/40930] 'CMP157 - Lehman College': no usable link (cache)
[4916/40930] 'COM218 - Lehman College': no usable link (cache)
[4917/40930] 'DNC235 - Lehman College': no usable link (cache)
[4918/40930] 'ECE301 - Lehman College': no usable link (cache)
[4919/40930] 'ECO166 - Lehman College': no usable link (cache)
[4920/40930] 'ECO308 - Lehman College': no usable link (cache)
[4921/40930] 'ECO324 - Lehman College': no usable link (cache)
[4922/40930] 'ENG112 - Lehman College': no usable link (cache)
[4923/40930] 'ENG207 - Lehman College': no usable link (cache)
[4924/40930] 'ENG229 - Lehman College': no usable link (cache)
[4925/40930] 'ENG234 - Lehman College': no usable link (cache)
[4926/40930] 'ENG282 - Lehman College': no usable link (cache)
[4927/40930] 'ENG331 - Lehman College': no usable link (cache)
[4928/40930] 'ENG339 - Lehman College': no usable link (cache)
[4929/40930] 'APOL325 - Liberty University': no usable link (cache)
[4930/40930] 'ARTS301 - Liberty University': no usable link (cache)
[4931/40930] 'ARTS461 - Liberty University': no usable link (cache)
[4932/40930] 'AVIA361 - Liberty University': no usable link (cache)
[4933/40930] 'BUSI105 - Liberty University': no usable link (cache)
[4934/40930] 'BUSI307 - Liberty University': no usable link (cache)
[4935/40930] 'BUSI433 - Liberty University': no usable link (cache)
[4936/40930] 'BUSI490 - Liberty University': no usable link (cache)
[4937/40930] 'BWVW101 - Liberty University': no usable link (cache)
[4938/40930] 'BWVW102 - Liberty University': no usable link (cache)
[4939/40930] 'COAL210 - Liberty University': no usable link (cache)
[4940/40930] 'COUN501 - Liberty University': no usable link (cache)
[4941/40930] 'CSCN342 - Liberty University': no usable link (cache)
[4942/40930] 'CSCN443 - Liberty University': no usable link (cache)
[4943/40930] 'ECNC213 - Liberty University': no usable link (cache)
[4944/40930] 'ECNC214 - Liberty University': no usable link (cache)
[4945/40930] 'ENGE201 - Liberty University': no usable link (cache)
[4946/40930] 'ENGE321 - Liberty University': no usable link (cache)
[4947/40930] 'ACCT2000 - Louisiana State University': no usable link (cache)
[4948/40930] 'ANSC2050 - Louisiana State University': no usable link (cache)
[4949/40930] 'ANSC2051 - Louisiana State University': no usable link (cache)
[4950/40930] 'ANTH4040 - Louisiana State University': no usable link (cache)
[4951/40930] 'ARAB1102 - Louisiana State University': no usable link (cache)
[4952/40930] 'ARCH2007 - Louisiana State University': no usable link (cache)
[4953/40930] 'ARCH2401 - Louisiana State University': no usable link (cache)
[4954/40930] 'ART4410 - Louisiana State University': no usable link (cache)
[4955/40930] 'ARTH1440 - Louisiana State University': no usable link (cache)
[4956/40930] 'BADM7030 - Louisiana State University': no usable link (cache)
[4957/40930] 'BADM7050 - Louisiana State University': no usable link (cache)
[4958/40930] 'BADM7140 - Louisiana State University': no usable link (cache)
[4959/40930] 'BIO1201 - Louisiana State University': no usable link (cache)
[4960/40930] 'BIO1202 - Louisiana State University': no usable link (cache)
[4961/40930] 'BIO1208 - Louisiana State University': no usable link (cache)
[4962/40930] 'BIOL1005 - Louisiana State University': no usable link (cache)
[4963/40930] 'BIOL1011 - Louisiana State University': no usable link (cache)
[4964/40930] 'BIOL1012 - Louisiana State University': no usable link (cache)
[4965/40930] 'BIOL1201 - Louisiana State University': no usable link (cache)
[4966/40930] 'BIOL1209 - Louisiana State University': no usable link (cache)
[4967/40930] 'BIOL2051 - Louisiana State University': no usable link (cache)
[4968/40930] 'BIOL2153 - Louisiana State University': no usable link (cache)
[4969/40930] 'BIOL2160 - Louisiana State University': no usable link (cache)
[4970/40930] 'BIOL2501 - Louisiana State University': no usable link (cache)
[4971/40930] 'BIOL3090 - Louisiana State University': no usable link (cache)
[4972/40930] 'BIOL4087 - Louisiana State University': no usable link (cache)
[4973/40930] 'BIOL4125 - Louisiana State University': no usable link (cache)
[4974/40930] 'BIOL4190 - Louisiana State University': no usable link (cache)
[4975/40930] 'BIOL4215 - Louisiana State University': no usable link (cache)
[4976/40930] 'BIOL4246 - Louisiana State University': no usable link (cache)
[4977/40930] 'CALC001 - Louisiana State University': no usable link (cache)
[4978/40930] 'CE2450 - Louisiana State University': no usable link (cache)
[4979/40930] 'CFS3055 - Louisiana State University': no usable link (cache)
[4980/40930] 'CHE2176 - Louisiana State University': no usable link (cache)
[4981/40930] 'CHE4151 - Louisiana State University': no usable link (cache)
[4982/40930] 'CHEM1001 - Louisiana State University': no usable link (cache)
[4983/40930] 'CHEM1002 - Louisiana State University': no usable link (cache)
[4984/40930] 'CHEM1201 - Louisiana State University': no usable link (cache)
[4985/40930] 'CHEM1202 - Louisiana State University': no usable link (cache)
[4986/40930] 'CHEM1421 - Louisiana State University': no usable link (cache)
[4987/40930] 'CHEM1422 - Louisiana State University': no usable link (cache)
[4988/40930] 'CHEM2261 - Louisiana State University': no usable link (cache)
[4989/40930] 'CHEM2364 - Louisiana State University': no usable link (cache)
[4990/40930] 'CHEM3493 - Louisiana State University': no usable link (cache)
[4991/40930] 'CM1112 - Louisiana State University': no usable link (cache)
[4992/40930] 'CM2100 - Louisiana State University': no usable link (cache)
[4993/40930] 'CM2105 - Louisiana State University': no usable link (cache)
[4994/40930] 'CM2112 - Louisiana State University': no usable link (cache)
[4995/40930] 'CM3111 - Louisiana State University': no usable link (cache)
[4996/40930] 'CM4101 - Louisiana State University': no usable link (cache)
[4997/40930] 'CMST2061 - Louisiana State University': no usable link (cache)
[4998/40930] 'CMST2064 - Louisiana State University': no usable link (cache)
[4999/40930] 'COMD3150 - Louisiana State University': no usable link (cache)
[5000/40930] 'COMD4150 - Louisiana State University': no usable link (cache)
[5001/40930] 'COMD4751 - Louisiana State University': no usable link (cache)
[5002/40930] 'CSC2610 - Louisiana State University': no usable link (cache)
[5003/40930] 'CSC4610 - Louisiana State University': no usable link (cache)
[5004/40930] 'ECON2011 - Louisiana State University': no usable link (cache)
[5005/40930] 'ECON2035 - Louisiana State University': no usable link (cache)
[5006/40930] 'ECON4070 - Louisiana State University': no usable link (cache)
[5007/40930] 'ECON4520 - Louisiana State University': no usable link (cache)
[5008/40930] 'ECON4620 - Louisiana State University': no usable link (cache)
[5009/40930] 'ECON4710 - Louisiana State University': no usable link (cache)
[5010/40930] 'EDCI2700 - Louisiana State University': no usable link (cache)
[5011/40930] 'ELRC7601 - Louisiana State University': no usable link (cache)
[5012/40930] 'ELRC7605 - Louisiana State University': no usable link (cache)
[5013/40930] 'ENG2673 - Louisiana State University': no usable link (cache)
[5014/40930] 'ENG2674 - Louisiana State University': no usable link (cache)
[5015/40930] 'ENG3223 - Louisiana State University': no usable link (cache)
[5016/40930] 'ENGL1001 - Louisiana State University': no usable link (cache)
[5017/40930] 'ENGL2025 - Louisiana State University': no usable link (cache)
[5018/40930] 'ENGL2027 - Louisiana State University': no usable link (cache)
[5019/40930] 'ENGL2123 - Louisiana State University': no usable link (cache)
[5020/40930] 'ENGL2673 - Louisiana State University': no usable link (cache)
[5021/40930] 'ENGL2674 - Louisiana State University': no usable link (cache)
[5022/40930] 'ENGL2710 - Louisiana State University': no usable link (cache)
[5023/40930] 'ENGL3020 - Louisiana State University': no usable link (cache)
[5024/40930] 'ENGL3072 - Louisiana State University': no usable link (cache)
[5025/40930] 'ENGL3101 - Louisiana State University': no usable link (cache)
[5026/40930] 'ENGL4104 - Louisiana State University': no usable link (cache)
[5027/40930] '3XX - Loyola Marymount University': no usable link (cache)
[5028/40930] 'ACCT2120 - Loyola Marymount University': no usable link (cache)
[5029/40930] 'AFAM2221 - Loyola Marymount University': no usable link (cache)
[5030/40930] 'AFAM3211 - Loyola Marymount University': no usable link (cache)
[5031/40930] 'AIMS2710 - Loyola Marymount University': no usable link (cache)
[5032/40930] 'AIMS3370 - Loyola Marymount University': no usable link (cache)
[5033/40930] 'AMCS100 - Loyola Marymount University': no usable link (cache)
[5034/40930] 'AMCS105 - Loyola Marymount University': no usable link (cache)
[5035/40930] 'AMCS110 - Loyola Marymount University': no usable link (cache)
[5036/40930] 'AMCS115 - Loyola Marymount University': no usable link (cache)
[5037/40930] 'AMCS300 - Loyola Marymount University': no usable link (cache)
[5038/40930] 'AMCS350 - Loyola Marymount University': no usable link (cache)
[5039/40930] 'APAM117 - Loyola Marymount University': no usable link (cache)
[5040/40930] 'APAM2417 - Loyola Marymount University': no usable link (cache)
[5041/40930] 'APAM350 - Loyola Marymount University': no usable link (cache)
[5042/40930] 'APAM398 - Loyola Marymount University': no usable link (cache)
[5043/40930] 'APAM4350 - Loyola Marymount University': no usable link (cache)
[5044/40930] 'ART447 - Loyola Marymount University': no usable link (cache)
[5045/40930] 'BADM1030 - Loyola Marymount University': no usable link (cache)
[5046/40930] 'BADM1098 - Loyola Marymount University': no usable link (cache)
[5047/40930] 'BADM3010 - Loyola Marymount University': no usable link (cache)
[5048/40930] 'BADM4950 - Loyola Marymount University': no usable link (cache)
[5049/40930] 'BCOR1910 - Loyola Marymount University': no usable link (cache)
[5050/40930] 'BCOR2110 - Loyola Marymount University': no usable link (cache)
[5051/40930] 'BCOR2120 - Loyola Marymount University': no usable link (cache)
[5052/40930] 'BCOR2210 - Loyola Marymount University': no usable link (cache)
[5053/40930] 'BCOR2710 - Loyola Marymount University': no usable link (cache)
[5054/40930] 'BCOR2720 - Loyola Marymount University': no usable link (cache)
[5055/40930] 'BCOR3610 - Loyola Marymount University': no usable link (cache)
[5056/40930] 'BCOR3860 - Loyola Marymount University': no usable link (cache)
[5057/40930] 'BCOR4970 - Loyola Marymount University': no usable link (cache)
[5058/40930] 'BCORE3410 - Loyola Marymount University': no usable link (cache)
[5059/40930] 'BIOE1000 - Loyola Marymount University': no usable link (cache)
[5060/40930] 'BLAW205 - Loyola Marymount University': no usable link (cache)
[5061/40930] 'BLAW2210 - Loyola Marymount University': no usable link (cache)
[5062/40930] 'BLAW301 - Loyola Marymount University': no usable link (cache)
[5063/40930] 'BLAW3210 - Loyola Marymount University': no usable link (cache)
[5064/40930] 'BUS270 - Loyola Marymount University': no usable link (cache)
[5065/40930] 'CHIN2102 - Loyola Marymount University': no usable link (cache)
[5066/40930] 'CHIN4998 - Loyola Marymount University': no usable link (cache)
[5067/40930] 'CLAR2360 - Loyola Marymount University': no usable link (cache)
[5068/40930] 'CLAR3220 - Loyola Marymount University': no usable link (cache)
[5069/40930] 'CLAR4265 - Loyola Marymount University': no usable link (cache)
[5070/40930] 'CLAR4350 - Loyola Marymount University': no usable link (cache)
[5071/40930] 'CLST1116 - Loyola Marymount University': no usable link (cache)
[5072/40930] 'CLST3385 - Loyola Marymount University': no usable link (cache)
[5073/40930] 'CLST3998 - Loyola Marymount University': no usable link (cache)
[5074/40930] 'CMST140 - Loyola Marymount University': no usable link (cache)
[5075/40930] 'CMST170 - Loyola Marymount University': no usable link (cache)
[5076/40930] 'CMST335 - Loyola Marymount University': no usable link (cache)
[5077/40930] 'CMST393 - Loyola Marymount University': no usable link (cache)
[5078/40930] 'DANC163 - Loyola Marymount University': no usable link (cache)
[5079/40930] 'ECON1050 - Loyola Marymount University': no usable link (cache)
[5080/40930] 'ECON4998 - Loyola Marymount University': no usable link (cache)
[5081/40930] 'EDES401 - Loyola Marymount University': no usable link (cache)
[5082/40930] 'EDES505 - Loyola Marymount University': no usable link (cache)
[5083/40930] 'EDUC400 - Loyola Marymount University': no usable link (cache)
[5084/40930] 'EDUC5000 - Loyola Marymount University': no usable link (cache)
[5085/40930] 'EDUC7040 - Loyola Marymount University': no usable link (cache)
[5086/40930] 'A303 - Loyola University Chicago': no usable link (cache)
[5087/40930] 'ACCC202 - Loyola University Chicago': no usable link (cache)
[5088/40930] 'ACCT201H - Loyola University Chicago': no usable link (cache)
[5089/40930] 'ACCT202H - Loyola University Chicago': no usable link (cache)
[5090/40930] 'ACCT202W - Loyola University Chicago': no usable link (cache)
[5091/40930] 'ACCT399 - Loyola University Chicago': no usable link (cache)
[5092/40930] 'ANTH213 - Loyola University Chicago': no usable link (cache)
[5093/40930] 'BIO102LAB - Loyola University Chicago': no usable link (cache)
[5094/40930] 'BIO376 - Loyola University Chicago': no usable link (cache)
[5095/40930] 'BIOL242L - Loyola University Chicago': no usable link (cache)
[5096/40930] 'BIOL282GEN - Loyola University Chicago': no usable link (cache)
[5097/40930] 'BIOL366L - Loyola University Chicago': no usable link (cache)
[5098/40930] 'BIOL376 - Loyola University Chicago': no usable link (cache)
[5099/40930] 'BSAD220 - Loyola University Chicago': no usable link (cache)
[5100/40930] 'CIEP339 - Loyola University Chicago': no usable link (cache)
[5101/40930] 'CJC204 - Loyola University Chicago': no usable link (cache)
[5102/40930] 'CJC375 - Loyola University Chicago': no usable link (cache)
[5103/40930] 'CLST241 - Loyola University Chicago': no usable link (cache)
[5104/40930] 'CLST307 - Loyola University Chicago': no usable link (cache)
[5105/40930] 'CLST334 - Loyola University Chicago': no usable link (cache)
[5106/40930] 'COMM215 - Loyola University Chicago': no usable link (cache)
[5107/40930] 'COMP260 - Loyola University Chicago': no usable link (cache)
[5108/40930] 'COMP264 - Loyola University Chicago': no usable link (cache)
[5109/40930] 'ENG273 - Loyola University Chicago': no usable link (cache)
[5110/40930] 'AMST294 - Macalester College': no usable link (cache)
[5111/40930] 'ANTH194 - Macalester College': no usable link (cache)
[5112/40930] 'ANTH239 - Macalester College': no usable link (cache)
[5113/40930] 'ANTH251 - Macalester College': no usable link (cache)
[5114/40930] 'ASIA194 - Macalester College': no usable link (cache)
[5115/40930] 'BIOL369 - Macalester College': no usable link (cache)
[5116/40930] 'CHEM354 - Macalester College': no usable link (cache)
[5117/40930] 'CHEM411 - Macalester College': no usable link (cache)
[5118/40930] 'CLAS122 - Macalester College': no usable link (cache)
[5119/40930] 'CLAS194 - Macalester College': no usable link (cache)
[5120/40930] 'CLAS235 - Macalester College': no usable link (cache)
[5121/40930] 'ECON229 - Macalester College': no usable link (cache)
[5122/40930] 'ACCT201 - Manhattan College': no usable link (cache)
[5123/40930] 'ACCT410 - Manhattan College': no usable link (cache)
[5124/40930] 'BIOL209 - Manhattan College': no usable link (cache)
[5125/40930] 'CALC123 - Manhattan College': no usable link (cache)
[5126/40930] 'CEEN308 - Manhattan College': no usable link (cache)
[5127/40930] 'CHML321 - Manhattan College': no usable link (cache)
[5128/40930] 'CIS201 - Manhattan College': no usable link (cache)
[5129/40930] 'CIS227 - Manhattan College': no usable link (cache)
[5130/40930] 'CIS326 - Manhattan College': no usable link (cache)
[5131/40930] 'CIVG777 - Manhattan College': no usable link (cache)
[5132/40930] 'CIVIL201 - Manhattan College': no usable link (cache)
[5133/40930] 'CIVIL305 - Manhattan College': no usable link (cache)
[5134/40930] 'CIVL201 - Manhattan College': no usable link (cache)
[5135/40930] 'CIVL202 - Manhattan College': no usable link (cache)
[5136/40930] 'CIVL230 - Manhattan College': no usable link (cache)
[5137/40930] 'CIVL302 - Manhattan College': no usable link (cache)
[5138/40930] 'CIVL305 - Manhattan College': no usable link (cache)
[5139/40930] 'CIVL307 - Manhattan College': no usable link (cache)
[5140/40930] 'CIVL309 - Manhattan College': no usable link (cache)
[5141/40930] 'CIVL310 - Manhattan College': no usable link (cache)
[5142/40930] 'CIVL312 - Manhattan College': no usable link (cache)
[5143/40930] 'CIVL406 - Manhattan College': no usable link (cache)
[5144/40930] 'CIVL409 - Manhattan College': no usable link (cache)
[5145/40930] 'CIVL410 - Manhattan College': no usable link (cache)
[5146/40930] 'CIVL412 - Manhattan College': no usable link (cache)
[5147/40930] 'CIVL414 - Manhattan College': no usable link (cache)
[5148/40930] 'CMPT312 - Manhattan College': no usable link (cache)
[5149/40930] 'COMG602 - Manhattan College': no usable link (cache)
[5150/40930] 'COMM101 - Manhattan College': no usable link (cache)
[5151/40930] 'EDUC201 - Manhattan College': no usable link (cache)
[5152/40930] 'EDUC318 - Manhattan College': no usable link (cache)
[5153/40930] 'EECE201 - Manhattan College': no usable link (cache)
[5154/40930] 'EECE203 - Manhattan College': no usable link (cache)
[5155/40930] 'EECE229 - Manhattan College': no usable link (cache)
[5156/40930] 'EECE300 - Manhattan College': no usable link (cache)
[5157/40930] 'EECE303 - Manhattan College': no usable link (cache)
[5158/40930] 'EECE304 - Manhattan College': no usable link (cache)
[5159/40930] 'EECE305 - Manhattan College': no usable link (cache)
[5160/40930] 'EECE306 - Manhattan College': no usable link (cache)
[5161/40930] 'EECE321 - Manhattan College': no usable link (cache)
[5162/40930] 'ENGL287 - Manhattan College': no usable link (cache)
[5163/40930] 'ENGL306 - Manhattan College': no usable link (cache)
[5164/40930] 'ENGL309 - Manhattan College': no usable link (cache)
[5165/40930] 'ACCT204 - Marist College': no usable link (cache)
[5166/40930] 'ACTG211 - Marist College': no usable link (cache)
[5167/40930] 'ANTH102 - Marist College': no usable link (cache)
[5168/40930] 'ART220L - Marist College': no usable link (cache)
[5169/40930] 'BIO101L - Marist College': no usable link (cache)
[5170/40930] 'BIO237 - Marist College': no usable link (cache)
[5171/40930] 'BIOL130 - Marist College': no usable link (cache)
[5172/40930] 'BIOL131 - Marist College': no usable link (cache)
[5173/40930] 'BIOL131L - Marist College': no usable link (cache)
[5174/40930] 'BIOL237 - Marist College': no usable link (cache)
[5175/40930] 'BUS100N - Marist College': no usable link (cache)
[5176/40930] 'BUS202N - Marist College': no usable link (cache)
[5177/40930] 'BUS301N - Marist College': no usable link (cache)
[5178/40930] 'BUS380 - Marist College': no usable link (cache)
[5179/40930] 'BUS381 - Marist College': no usable link (cache)
[5180/40930] 'BUS382 - Marist College': no usable link (cache)
[5181/40930] 'BUS388 - Marist College': no usable link (cache)
[5182/40930] 'BUS388N - Marist College': no usable link (cache)
[5183/40930] 'BUS4XX - Marist College': no usable link (cache)
[5184/40930] 'CALC115 - Marist College': no usable link (cache)
[5185/40930] 'CALC241L - Marist College': no usable link (cache)
[5186/40930] 'CHEM112L - Marist College': no usable link (cache)
[5187/40930] 'CHEM115 - Marist College': no usable link (cache)
[5188/40930] 'CHEM115L - Marist College': no usable link (cache)
[5189/40930] 'CMPT105L - Marist College': no usable link (cache)
[5190/40930] 'CMPT230L - Marist College': no usable link (cache)
[5191/40930] 'CMPT306 - Marist College': no usable link (cache)
[5192/40930] 'CMPT421 - Marist College': no usable link (cache)
[5193/40930] 'CMPT428 - Marist College': no usable link (cache)
[5194/40930] 'COM110 - Marist College': no usable link (cache)
[5195/40930] 'COM329 - Marist College': no usable link (cache)
[5196/40930] 'COM354 - Marist College': no usable link (cache)
[5197/40930] 'COM410 - Marist College': no usable link (cache)
[5198/40930] 'COMM307 - Marist College': no usable link (cache)
[5199/40930] 'CRDV105N - Marist College': no usable link (cache)
[5200/40930] 'CW117 - Marist College': no usable link (cache)
[5201/40930] 'CW2 - Marist College': no usable link (cache)
[5202/40930] 'ECON422 - Marist College': no usable link (cache)
[5203/40930] 'EDUC101 - Marist College': no usable link (cache)
[5204/40930] 'EDUC180N - Marist College': no usable link (cache)
[5205/40930] 'EDUC373 - Marist College': no usable link (cache)
[5206/40930] 'EDUC377 - Marist College': no usable link (cache)
[5207/40930] 'ENG117 - Marist College': no usable link (cache)
[5208/40930] 'ENG150L - Marist College': no usable link (cache)
[5209/40930] 'ENG205L - Marist College': no usable link (cache)
[5210/40930] 'ENG213 - Marist College': no usable link (cache)
[5211/40930] 'ENG232 - Marist College': no usable link (cache)
[5212/40930] 'ENG280 - Marist College': no usable link (cache)
[5213/40930] 'ENG280L - Marist College': no usable link (cache)
[5214/40930] 'ENG340 - Marist College': no usable link (cache)
[5215/40930] 'ENG356 - Marist College': no usable link (cache)
[5216/40930] 'ENG367 - Marist College': no usable link (cache)
[5217/40930] 'ENG382 - Marist College': no usable link (cache)
[5218/40930] 'ENGCW1 - Marist College': no usable link (cache)
[5219/40930] 'ENGH120L - Marist College': no usable link (cache)
[5220/40930] 'ACC03001 - Marquette University': no usable link (cache)
[5221/40930] 'ACCO1030 - Marquette University': no usable link (cache)
[5222/40930] 'ACCO1031 - Marquette University': no usable link (cache)
[5223/40930] 'ACCO3001 - Marquette University': no usable link (cache)
[5224/40930] 'ACCO4000 - Marquette University': no usable link (cache)
[5225/40930] 'ACCO4020 - Marquette University': no usable link (cache)
[5226/40930] 'ACCO4030 - Marquette University': no usable link (cache)
[5227/40930] 'ACCO4080 - Marquette University': no usable link (cache)
[5228/40930] 'ACCO4170 - Marquette University': no usable link (cache)
[5229/40930] 'ACCO5080 - Marquette University': no usable link (cache)
[5230/40930] 'ACCO6525 - Marquette University': no usable link (cache)
[5231/40930] 'ACCO6535 - Marquette University': no usable link (cache)
[5232/40930] 'ADPR4600 - Marquette University': no usable link (cache)
[5233/40930] 'ANTH2203 - Marquette University': no usable link (cache)
[5234/40930] 'ANTH2301 - Marquette University': no usable link (cache)
[5235/40930] 'ARBC1001 - Marquette University': no usable link (cache)
[5236/40930] 'ARBC2001 - Marquette University': no usable link (cache)
[5237/40930] 'ARBC3200 - Marquette University': no usable link (cache)
[5238/40930] 'ARBC3220 - Marquette University': no usable link (cache)
[5239/40930] 'ARSC1020 - Marquette University': no usable link (cache)
[5240/40930] 'ARSC1953 - Marquette University': no usable link (cache)
[5241/40930] 'BIEN1120 - Marquette University': no usable link (cache)
[5242/40930] 'BIEN2300 - Marquette University': no usable link (cache)
[5243/40930] 'BIO2001 - Marquette University': no usable link (cache)
[5244/40930] 'BIO2301 - Marquette University': no usable link (cache)
[5245/40930] 'BIOL3201 - Marquette University': no usable link (cache)
[5246/40930] 'BIOL4501 - Marquette University': no usable link (cache)
[5247/40930] 'BIOL4806 - Marquette University': no usable link (cache)
[5248/40930] 'BISC1015 - Marquette University': no usable link (cache)
[5249/40930] 'BISC1035 - Marquette University': no usable link (cache)
[5250/40930] 'BISC2015 - Marquette University': no usable link (cache)
[5251/40930] 'BISC3115 - Marquette University': no usable link (cache)
[5252/40930] 'BISC3125 - Marquette University': no usable link (cache)
[5253/40930] 'BISC3135 - Marquette University': no usable link (cache)
[5254/40930] 'BISC4020 - Marquette University': no usable link (cache)
[5255/40930] 'BUAD1001 - Marquette University': no usable link (cache)
[5256/40930] 'BUAD2100 - Marquette University': no usable link (cache)
[5257/40930] 'CEEN3410 - Marquette University': no usable link (cache)
[5258/40930] 'CHEM1001AND2 - Marquette University': no usable link (cache)
[5259/40930] 'CHEM1002H - Marquette University': no usable link (cache)
[5260/40930] 'CHEM1013H - Marquette University': no usable link (cache)
[5261/40930] 'CHEM2112 - Marquette University': no usable link (cache)
[5262/40930] 'CMST010 - Marquette University': no usable link (cache)
[5263/40930] 'CMST10 - Marquette University': no usable link (cache)
[5264/40930] 'CORE1929 - Marquette University': no usable link (cache)
[5265/40930] 'CORE1929H - Marquette University': no usable link (cache)
[5266/40930] 'CORE4929 - Marquette University': no usable link (cache)
[5267/40930] 'COSC1820 - Marquette University': no usable link (cache)
[5268/40930] 'COSC3570 - Marquette University': no usable link (cache)
[5269/40930] 'COSC4820 - Marquette University': no usable link (cache)
[5270/40930] 'COSC5931 - Marquette University': no usable link (cache)
[5271/40930] 'CRLS1001 - Marquette University': no usable link (cache)
[5272/40930] 'CRLS3350 - Marquette University': no usable link (cache)
[5273/40930] 'ECON4016 - Marquette University': no usable link (cache)
[5274/40930] 'EDUC1000 - Marquette University': no usable link (cache)
[5275/40930] 'EECE206 - Marquette University': no usable link (cache)
[5276/40930] 'EECE6010 - Marquette University': no usable link (cache)
[5277/40930] 'ENGL2011 - Marquette University': no usable link (cache)
[5278/40930] 'ENGL3421 - Marquette University': no usable link (cache)
[5279/40930] 'ENGL3860 - Marquette University': no usable link (cache)
[5280/40930] 'ENGL4480 - Marquette University': no usable link (cache)
[5281/40930] 'ANNDH4 - Massachusetts Institute of Technology': no usable link (cache)
[5282/40930] 'CALC1802 - Massachusetts Institute of Technology': no usable link (cache)
[5283/40930] 'CHEM5111 - Massachusetts Institute of Technology': no usable link (cache)
[5284/40930] 'CMPSC900 - Massachusetts Institute of Technology': no usable link (cache)
[5285/40930] 'CS61000 - Massachusetts Institute of Technology': no usable link (cache)
[5286/40930] 'ECON1432 - Massachusetts Institute of Technology': no usable link (cache)
[5287/40930] 'EECS6207 - Massachusetts Institute of Technology': no usable link (cache)
[5288/40930] 'AECH120 - McGill University': no usable link (cache)
[5289/40930] 'BIO200 - McGill University': no usable link (cache)
[5290/40930] 'BUSA250 - McGill University': no usable link (cache)
[5291/40930] 'CCOM206 - McGill University': no usable link (cache)
[5292/40930] 'CIVE202 - McGill University': no usable link (cache)
[5293/40930] 'CMS500 - McGill University': no usable link (cache)
[5294/40930] 'COMM227 - McGill University': no usable link (cache)
[5295/40930] 'COMM401 - McGill University': no usable link (cache)
[5296/40930] 'COMP623 - McGill University': no usable link (cache)
[5297/40930] 'ECIN208 - McGill University': no usable link (cache)
[5298/40930] 'ECON227D2 - McGill University': no usable link (cache)
[5299/40930] 'ECON250D1 - McGill University': no usable link (cache)
[5300/40930] 'ENG275 - McGill University': no usable link (cache)
[5301/40930] 'ENG277 - McGill University': no usable link (cache)
[5302/40930] 'ENGL545 - McGill University' (cache): SAVED top 1 -> https://www.mcgill.ca/study/2024-2025/courses/engl-545
[5303/40930] '1BB3 - McMaster University': no usable link (cache)
[5304/40930] '1CH3 - McMaster University': no usable link (cache)
[5305/40930] '1HA3 - McMaster University': no usable link (cache)
[5306/40930] '1HB3 - McMaster University': no usable link (cache)
[5307/40930] '1MM3 - McMaster University': no usable link (cache)
[5308/40930] '1PO3 - McMaster University': no usable link (cache)
[5309/40930] '2AA3 - McMaster University': no usable link (cache)
[5310/40930] '2AP3 - McMaster University': no usable link (cache)
[5311/40930] '2BC3 - McMaster University': no usable link (cache)
[5312/40930] '2BM3 - McMaster University': no usable link (cache)
[5313/40930] '2CC3 - McMaster University': no usable link (cache)
[5314/40930] '2DA4 - McMaster University': no usable link (cache)
[5315/40930] '2NG3 - McMaster University': no usable link (cache)
[5316/40930] '2RW3 - McMaster University': no usable link (cache)
[5317/40930] '2TT3 - McMaster University': no usable link (cache)
[5318/40930] '3DB3 - McMaster University': no usable link (cache)
[5319/40930] '3GF3 - McMaster University': no usable link (cache)
[5320/40930] '3JJ3 - McMaster University': no usable link (cache)
[5321/40930] '3MF3 - McMaster University': no usable link (cache)
[5322/40930] '3SM4 - McMaster University': no usable link (cache)
[5323/40930] '4BN3 - McMaster University': no usable link (cache)
[5324/40930] 'BIO1A3 - McMaster University': no usable link (cache)
[5325/40930] 'BIO1AA3 - McMaster University': no usable link (cache)
[5326/40930] 'BIO1AO3 - McMaster University': no usable link (cache)
[5327/40930] 'BIO2EE3 - McMaster University': no usable link (cache)
[5328/40930] 'BIO3PG3 - McMaster University': no usable link (cache)
[5329/40930] 'CALC1LS3 - McMaster University': no usable link (cache)
[5330/40930] 'CALCU1ZB3 - McMaster University': no usable link (cache)
[5331/40930] 'CHEM20B3 - McMaster University': no usable link (cache)
[5332/40930] 'CHEM2OA3 - McMaster University': no usable link (cache)
[5333/40930] 'CHEM2OB3 - McMaster University': no usable link (cache)
[5334/40930] 'COM1BA3 - McMaster University': no usable link (cache)
[5335/40930] 'CHEM3OA3 - McMaster University': no usable link (cache)
[5336/40930] 'COM3FA3 - McMaster University': no usable link (cache)
[5337/40930] 'COMM103 - McMaster University': no usable link (cache)
[5338/40930] 'COMM1BA3 - McMaster University': no usable link (cache)
[5339/40930] 'COMM1EO3 - McMaster University': no usable link (cache)
[5340/40930] 'COMM2AB3 - McMaster University': no usable link (cache)
[5341/40930] 'COMME103 - McMaster University': no usable link (cache)
[5342/40930] 'COMP2SI4 - McMaster University': no usable link (cache)
[5343/40930] 'ECON1BB3 - McMaster University': no usable link (cache)
[5344/40930] 'ENG2P4 - McMaster University': no usable link (cache)
[5345/40930] 'AMAT3260 - Memorial University of Newfoundland': no usable link (cache)
[5346/40930] 'ARCH1005 - Memorial University of Newfoundland': no usable link (cache)
[5347/40930] 'ARCH1030 - Memorial University of Newfoundland': no usable link (cache)
[5348/40930] 'ARCH2430 - Memorial University of Newfoundland': no usable link (cache)
[5349/40930] 'ARCH2495 - Memorial University of Newfoundland': no usable link (cache)
[5350/40930] 'ARCH3520 - Memorial University of Newfoundland': no usable link (cache)
[5351/40930] 'ARCH4182 - Memorial University of Newfoundland': no usable link (cache)
[5352/40930] 'B1201 - Memorial University of Newfoundland': no usable link (cache)
[5353/40930] 'B1210 - Memorial University of Newfoundland': no usable link (cache)
[5354/40930] 'B2101 - Memorial University of Newfoundland': no usable link (cache)
[5355/40930] 'B2205 - Memorial University of Newfoundland': no usable link (cache)
[5356/40930] 'B2210 - Memorial University of Newfoundland': no usable link (cache)
[5357/40930] 'B2220 - Memorial University of Newfoundland': no usable link (cache)
[5358/40930] 'B6230 - Memorial University of Newfoundland': no usable link (cache)
[5359/40930] 'BIO10001 - Memorial University of Newfoundland': no usable link (cache)
[5360/40930] 'BIO2041 - Memorial University of Newfoundland': no usable link (cache)
[5361/40930] 'BIO2900LAB - Memorial University of Newfoundland': no usable link (cache)
[5362/40930] 'BIOC1430 - Memorial University of Newfoundland': no usable link (cache)
[5363/40930] 'BIOC2901 - Memorial University of Newfoundland': no usable link (cache)
[5364/40930] 'BIOC3206 - Memorial University of Newfoundland': no usable link (cache)
[5365/40930] 'BIOC3906 - Memorial University of Newfoundland': no usable link (cache)
[5366/40930] 'BIOC4230 - Memorial University of Newfoundland': no usable link (cache)
[5367/40930] 'BIOL2041 - Memorial University of Newfoundland': no usable link (cache)
[5368/40930] 'BIOL2120LAB - Memorial University of Newfoundland': no usable link (cache)
[5369/40930] 'BIOL2122 - Memorial University of Newfoundland': no usable link (cache)
[5370/40930] 'BIOL2900 - Memorial University of Newfoundland': no usable link (cache)
[5371/40930] 'BIOL3053 - Memorial University of Newfoundland': no usable link (cache)
[5372/40930] 'BIOL3710 - Memorial University of Newfoundland': no usable link (cache)
[5373/40930] 'BN1600 - Memorial University of Newfoundland': no usable link (cache)
[5374/40930] 'BN2600 - Memorial University of Newfoundland': no usable link (cache)
[5375/40930] 'BUS1201 - Memorial University of Newfoundland': no usable link (cache)
[5376/40930] 'BUS1210 - Memorial University of Newfoundland': no usable link (cache)
[5377/40930] 'BUS2201 - Memorial University of Newfoundland': no usable link (cache)
[5378/40930] 'BUS2205 - Memorial University of Newfoundland': no usable link (cache)
[5379/40930] 'BUS2210 - Memorial University of Newfoundland': no usable link (cache)
[5380/40930] 'BUS3335 - Memorial University of Newfoundland': no usable link (cache)
[5381/40930] 'BUSI1201 - Memorial University of Newfoundland': no usable link (cache)
[5382/40930] 'BUSI1600 - Memorial University of Newfoundland': no usable link (cache)
[5383/40930] 'BUSI2111 - Memorial University of Newfoundland': no usable link (cache)
[5384/40930] 'BUSI2112 - Memorial University of Newfoundland': no usable link (cache)
[5385/40930] 'BUSI2201 - Memorial University of Newfoundland': no usable link (cache)
[5386/40930] 'BUSI2210 - Memorial University of Newfoundland': no usable link (cache)
[5387/40930] 'BUSI3160 - Memorial University of Newfoundland': no usable link (cache)
[5388/40930] 'BUSI3401 - Memorial University of Newfoundland': no usable link (cache)
[5389/40930] 'BUSI3550 - Memorial University of Newfoundland': no usable link (cache)
[5390/40930] 'BUSI4050 - Memorial University of Newfoundland': no usable link (cache)
[5391/40930] 'BUSI4241 - Memorial University of Newfoundland': no usable link (cache)
[5392/40930] 'BUSI6217 - Memorial University of Newfoundland': no usable link (cache)
[5393/40930] 'BUSI7000 - Memorial University of Newfoundland': no usable link (cache)
[5394/40930] 'BUSI9322 - Memorial University of Newfoundland': no usable link (cache)
[5395/40930] 'CHEM2440 - Memorial University of Newfoundland': no usable link (cache)
[5396/40930] 'CIV3440 - Memorial University of Newfoundland': no usable link (cache)
[5397/40930] 'CLAS3020 - Memorial University of Newfoundland': no usable link (cache)
[5398/40930] 'CMST2000 - Memorial University of Newfoundland': no usable link (cache)
[5399/40930] 'CRIM2400 - Memorial University of Newfoundland': no usable link (cache)
[5400/40930] 'CRIM4001 - Memorial University of Newfoundland': no usable link (cache)
[5401/40930] 'CS2801 - Memorial University of Newfoundland': no usable link (cache)
[5402/40930] 'CS3400 - Memorial University of Newfoundland': no usable link (cache)
[5403/40930] 'DEVO3530 - Memorial University of Newfoundland': no usable link (cache)
[5404/40930] 'EASC2030 - Memorial University of Newfoundland': no usable link (cache)
[5405/40930] 'ECE4600 - Memorial University of Newfoundland': no usable link (cache)
[5406/40930] 'ECE6200 - Memorial University of Newfoundland': no usable link (cache)
[5407/40930] 'ECONO2010 - Memorial University of Newfoundland': no usable link (cache)
[5408/40930] 'ED4142 - Memorial University of Newfoundland': no usable link (cache)
[5409/40930] 'ED4390 - Memorial University of Newfoundland': no usable link (cache)
[5410/40930] 'ED4750 - Memorial University of Newfoundland': no usable link (cache)
[5411/40930] 'ED6420 - Memorial University of Newfoundland': no usable link (cache)
[5412/40930] 'ED6610 - Memorial University of Newfoundland': no usable link (cache)
[5413/40930] 'ED6668 - Memorial University of Newfoundland': no usable link (cache)
[5414/40930] 'ED6822 - Memorial University of Newfoundland': no usable link (cache)
[5415/40930] 'EN1101 - Memorial University of Newfoundland': no usable link (cache)
[5416/40930] 'ENG1090 - Memorial University of Newfoundland': no usable link (cache)
[5417/40930] 'ENG1192 - Memorial University of Newfoundland': no usable link (cache)
[5418/40930] 'ENG1193 - Memorial University of Newfoundland': no usable link (cache)
[5419/40930] 'ENG1333 - Memorial University of Newfoundland': no usable link (cache)
[5420/40930] 'ENG2212 - Memorial University of Newfoundland': no usable link (cache)
[5421/40930] 'ENG2213 - Memorial University of Newfoundland': no usable link (cache)
[5422/40930] 'ENG2218 - Memorial University of Newfoundland': no usable link (cache)
[5423/40930] 'ENG2870 - Memorial University of Newfoundland': no usable link (cache)
[5424/40930] 'ENG3830 - Memorial University of Newfoundland': no usable link (cache)
[5425/40930] 'ENG4851 - Memorial University of Newfoundland': no usable link (cache)
[5426/40930] 'ENGI1010 - Memorial University of Newfoundland': no usable link (cache)
[5427/40930] 'ENGI1030 - Memorial University of Newfoundland': no usable link (cache)
[5428/40930] 'ENGI1040 - Memorial University of Newfoundland': no usable link (cache)
[5429/40930] 'ENGI1333 - Memorial University of Newfoundland': no usable link (cache)
[5430/40930] 'ENGI3301 - Memorial University of Newfoundland': no usable link (cache)
[5431/40930] 'ENGI3934 - Memorial University of Newfoundland': no usable link (cache)
[5432/40930] 'ENGI4602 - Memorial University of Newfoundland': no usable link (cache)
[5433/40930] 'ENGI4961 - Memorial University of Newfoundland': no usable link (cache)
[5434/40930] 'ENGL1090 - Memorial University of Newfoundland': no usable link (cache)
[5435/40930] 'ENGL1192 - Memorial University of Newfoundland': no usable link (cache)
[5436/40930] 'ENGL2870 - Memorial University of Newfoundland': no usable link (cache)
[5437/40930] 'ENGL3200 - Memorial University of Newfoundland': no usable link (cache)
[5438/40930] 'ENGL4817 - Memorial University of Newfoundland': no usable link (cache)
[5439/40930] 'AAA207 - Miami University': no usable link (cache)
[5440/40930] 'ACC361 - Miami University': no usable link (cache)
[5441/40930] 'ACC422 - Miami University': no usable link (cache)
[5442/40930] 'AMS101 - Miami University': no usable link (cache)
[5443/40930] 'AMS205 - Miami University': no usable link (cache)
[5444/40930] 'AMS207 - Miami University': no usable link (cache)
[5445/40930] 'ATH185 - Miami University': no usable link (cache)
[5446/40930] 'B10172 - Miami University': no usable link (cache)
[5447/40930] 'BIO115H - Miami University': no usable link (cache)
[5448/40930] 'BIO121H - Miami University': no usable link (cache)
[5449/40930] 'BIO159 - Miami University': no usable link (cache)
[5450/40930] 'BIO203W - Miami University': no usable link (cache)
[5451/40930] 'BLS342 - Miami University': no usable link (cache)
[5452/40930] 'BLS442 - Miami University': no usable link (cache)
[5453/40930] 'BMZ115 - Miami University': no usable link (cache)
[5454/40930] 'BMZ115H - Miami University': no usable link (cache)
[5455/40930] 'BOT121 - Miami University': no usable link (cache)
[5456/40930] 'CCA111 - Miami University': no usable link (cache)
[5457/40930] 'CEC112 - Miami University': no usable link (cache)
[5458/40930] 'CEC266 - Miami University': no usable link (cache)
[5459/40930] 'CEC266H - Miami University': no usable link (cache)
[5460/40930] 'CHEM145 - Miami University': no usable link (cache)
[5461/40930] 'CHI257 - Miami University': no usable link (cache)
[5462/40930] 'CHI311 - Miami University': no usable link (cache)
[5463/40930] 'CHM142 - Miami University': no usable link (cache)
[5464/40930] 'CHM145 - Miami University': no usable link (cache)
[5465/40930] 'CHM242 - Miami University': no usable link (cache)
[5466/40930] 'CMR105 - Miami University': no usable link (cache)
[5467/40930] 'CMR340 - Miami University': no usable link (cache)
[5468/40930] 'CS4121 - Miami University': no usable link (cache)
[5469/40930] 'CSA163 - Miami University': no usable link (cache)
[5470/40930] 'CSE276 - Miami University': no usable link (cache)
[5471/40930] 'CSE385 - Miami University': no usable link (cache)
[5472/40930] 'CSE386 - Miami University': no usable link (cache)
[5473/40930] 'EAS266 - Miami University': no usable link (cache)
[5474/40930] 'ECO201H - Miami University': no usable link (cache)
[5475/40930] 'ECO462 - Miami University': no usable link (cache)
[5476/40930] 'EDL204 - Miami University': no usable link (cache)
[5477/40930] 'EDP256 - Miami University': no usable link (cache)
[5478/40930] 'EDP493 - Miami University': no usable link (cache)
[5479/40930] 'EDT181 - Miami University': no usable link (cache)
[5480/40930] 'EDT190 - Miami University': no usable link (cache)
[5481/40930] 'EDT221 - Miami University': no usable link (cache)
[5482/40930] 'EDT242P - Miami University': no usable link (cache)
[5483/40930] 'EDT246M - Miami University': no usable link (cache)
[5484/40930] 'EDT346 - Miami University': no usable link (cache)
[5485/40930] 'EDT346M - Miami University': no usable link (cache)
[5486/40930] 'EDT362 - Miami University': no usable link (cache)
[5487/40930] 'EDT442 - Miami University': no usable link (cache)
[5488/40930] 'EDT448 - Miami University': no usable link (cache)
[5489/40930] 'EDT454 - Miami University': no usable link (cache)
[5490/40930] 'ENG298 - Miami University': no usable link (cache)
[5491/40930] 'BS110 - Michigan State University': no usable link (cache)
[5492/40930] 'CEP345 - Michigan State University': no usable link (cache)
[5493/40930] 'CJ110 - Michigan State University': no usable link (cache)
[5494/40930] 'CJ335 - Michigan State University': no usable link (cache)
[5495/40930] 'EC302 - Michigan State University': no usable link (cache)
[5496/40930] 'EC340 - Michigan State University': no usable link (cache)
[5497/40930] 'CLAS0150 - Middlebury College': no usable link (cache)
[5498/40930] 'ABE3303 - Mississippi State University': no usable link (cache)
[5499/40930] 'ACC2013 - Mississippi State University': no usable link (cache)
[5500/40930] 'ACC2023 - Mississippi State University': no usable link (cache)
[5501/40930] 'ACC3023 - Mississippi State University': no usable link (cache)
[5502/40930] 'ACC3033 - Mississippi State University': no usable link (cache)
[5503/40930] 'ACC4013 - Mississippi State University': no usable link (cache)
[5504/40930] 'ADS1113 - Mississippi State University': no usable link (cache)
[5505/40930] 'ADS1121 - Mississippi State University': no usable link (cache)
[5506/40930] 'ADSPO1013 - Mississippi State University': no usable link (cache)
[5507/40930] 'AN1103 - Mississippi State University': no usable link (cache)
[5508/40930] 'AN1103HO1 - Mississippi State University': no usable link (cache)
[5509/40930] 'AN1344 - Mississippi State University': no usable link (cache)
[5510/40930] 'ART1213 - Mississippi State University': no usable link (cache)
[5511/40930] 'BCH4613 - Mississippi State University': no usable link (cache)
[5512/40930] 'BIO1023 - Mississippi State University': no usable link (cache)
[5513/40930] 'BIO1123 - Mississippi State University': no usable link (cache)
[5514/40930] 'BIO4133 - Mississippi State University': no usable link (cache)
[5515/40930] 'BIO4413 - Mississippi State University': no usable link (cache)
[5516/40930] 'BIS1012 - Mississippi State University': no usable link (cache)
[5517/40930] 'BQA3123 - Mississippi State University': no usable link (cache)
[5518/40930] 'CE3313 - Mississippi State University': no usable link (cache)
[5519/40930] 'CE4433 - Mississippi State University': no usable link (cache)
[5520/40930] 'CE4973 - Mississippi State University': no usable link (cache)
[5521/40930] 'CH1043 - Mississippi State University': no usable link (cache)
[5522/40930] 'CH1123 - Mississippi State University': no usable link (cache)
[5523/40930] 'CH1213 - Mississippi State University': no usable link (cache)
[5524/40930] 'CH1223 - Mississippi State University': no usable link (cache)
[5525/40930] 'CH4511 - Mississippi State University': no usable link (cache)
[5526/40930] 'CH4513 - Mississippi State University': no usable link (cache)
[5527/40930] 'CH4523 - Mississippi State University': no usable link (cache)
[5528/40930] 'CHE2114 - Mississippi State University': no usable link (cache)
[5529/40930] 'CO1003 - Mississippi State University': no usable link (cache)
[5530/40930] 'CO3863 - Mississippi State University': no usable link (cache)
[5531/40930] 'CO4803 - Mississippi State University': no usable link (cache)
[5532/40930] 'CRM2003 - Mississippi State University': no usable link (cache)
[5533/40930] 'CRM3503 - Mississippi State University': no usable link (cache)
[5534/40930] 'CSE1011 - Mississippi State University': no usable link (cache)
[5535/40930] 'CSE1233 - Mississippi State University': no usable link (cache)
[5536/40930] 'CSE1384 - Mississippi State University': no usable link (cache)
[5537/40930] 'CSE2213 - Mississippi State University': no usable link (cache)
[5538/40930] 'DSCI2013 - Mississippi State University': no usable link (cache)
[5539/40930] 'EC2123 - Mississippi State University': no usable link (cache)
[5540/40930] 'EC4643 - Mississippi State University': no usable link (cache)
[5541/40930] 'ECE3434 - Mississippi State University': no usable link (cache)
[5542/40930] 'ECON2123 - Mississippi State University': no usable link (cache)
[5543/40930] 'EG1143 - Mississippi State University': no usable link (cache)
[5544/40930] 'EM2413 - Mississippi State University': no usable link (cache)
[5545/40930] 'EM3313 - Mississippi State University': no usable link (cache)
[5546/40930] 'EN1103 - Mississippi State University': no usable link (cache)
[5547/40930] 'EN1113 - Mississippi State University': no usable link (cache)
[5548/40930] 'EN2243 - Mississippi State University': no usable link (cache)
[5549/40930] 'EN2253 - Mississippi State University': no usable link (cache)
[5550/40930] 'EN4893 - Mississippi State University': no usable link (cache)
[5551/40930] 'ACC300 - Missouri State University': no usable link (cache)
[5552/40930] 'ART273 - Missouri State University': no usable link (cache)
[5553/40930] 'ART430 - Missouri State University': no usable link (cache)
[5554/40930] 'BIO574 - Missouri State University': no usable link (cache)
[5555/40930] 'BIO575 - Missouri State University': no usable link (cache)
[5556/40930] 'BMS110 - Missouri State University': no usable link (cache)
[5557/40930] 'BMS230 - Missouri State University': no usable link (cache)
[5558/40930] 'BMS308LAB - Missouri State University': no usable link (cache)
[5559/40930] 'BMS525 - Missouri State University': no usable link (cache)
[5560/40930] 'CFD150 - Missouri State University': no usable link (cache)
[5561/40930] 'CFD155 - Missouri State University': no usable link (cache)
[5562/40930] 'CFD250 - Missouri State University': no usable link (cache)
[5563/40930] 'CFD305 - Missouri State University': no usable link (cache)
[5564/40930] 'CFD505 - Missouri State University': no usable link (cache)
[5565/40930] 'CFD560 - Missouri State University': no usable link (cache)
[5566/40930] 'CHM107H - Missouri State University': no usable link (cache)
[5567/40930] 'CHM170 - Missouri State University': no usable link (cache)
[5568/40930] 'CIS388 - Missouri State University': no usable link (cache)
[5569/40930] 'CIS429 - Missouri State University': no usable link (cache)
[5570/40930] 'COM328 - Missouri State University': no usable link (cache)
[5571/40930] 'COM439 - Missouri State University': no usable link (cache)
[5572/40930] 'COM703 - Missouri State University': no usable link (cache)
[5573/40930] 'CRM330 - Missouri State University': no usable link (cache)
[5574/40930] 'CRM334 - Missouri State University': no usable link (cache)
[5575/40930] 'CRM383 - Missouri State University': no usable link (cache)
[5576/40930] 'CRM410 - Missouri State University': no usable link (cache)
[5577/40930] 'CRM415 - Missouri State University': no usable link (cache)
[5578/40930] 'CSC690 - Missouri State University': no usable link (cache)
[5579/40930] 'DES202 - Missouri State University': no usable link (cache)
[5580/40930] 'DTN240 - Missouri State University': no usable link (cache)
[5581/40930] 'DTN334 - Missouri State University': no usable link (cache)
[5582/40930] 'EAD768 - Missouri State University': no usable link (cache)
[5583/40930] 'ECO165 - Missouri State University': no usable link (cache)
[5584/40930] 'ECO397 - Missouri State University': no usable link (cache)
[5585/40930] 'ACTG223 - Montana State University': no usable link (cache)
[5586/40930] 'ALG096 - Montana State University': no usable link (cache)
[5587/40930] 'ANTY215 - Montana State University': no usable link (cache)
[5588/40930] 'ARTZ251 - Montana State University': no usable link (cache)
[5589/40930] 'ASTR110IN - Montana State University': no usable link (cache)
[5590/40930] 'BFIN211 - Montana State University': no usable link (cache)
[5591/40930] 'BFIN357 - Montana State University': no usable link (cache)
[5592/40930] 'BGEN204 - Montana State University': no usable link (cache)
[5593/40930] 'BGEN361 - Montana State University': no usable link (cache)
[5594/40930] 'BGMT335 - Montana State University': no usable link (cache)
[5595/40930] 'BIOB100 - Montana State University': no usable link (cache)
[5596/40930] 'BIOB258 - Montana State University': no usable link (cache)
[5597/40930] 'BIOB260 - Montana State University': no usable link (cache)
[5598/40930] 'BIOE405 - Montana State University': no usable link (cache)
[5599/40930] 'BIOH185 - Montana State University': no usable link (cache)
[5600/40930] 'BIOH201 - Montana State University': no usable link (cache)
[5601/40930] 'BIOH211 - Montana State University': no usable link (cache)
[5602/40930] 'BIOM250 - Montana State University': no usable link (cache)
[5603/40930] 'BIOO262 - Montana State University': no usable link (cache)
[5604/40930] 'BIOO310 - Montana State University': no usable link (cache)
[5605/40930] 'BIOO412 - Montana State University': no usable link (cache)
[5606/40930] 'BMGT499 - Montana State University': no usable link (cache)
[5607/40930] 'BMIS211 - Montana State University': no usable link (cache)
[5608/40930] 'BMKT325 - Montana State University': no usable link (cache)
[5609/40930] 'BMKT327 - Montana State University': no usable link (cache)
[5610/40930] 'BMKT343 - Montana State University': no usable link (cache)
[5611/40930] 'CHBE213 - Montana State University': no usable link (cache)
[5612/40930] 'CHE213 - Montana State University': no usable link (cache)
[5613/40930] 'CHMY121IN - Montana State University': no usable link (cache)
[5614/40930] 'CHMY123 - Montana State University': no usable link (cache)
[5615/40930] 'CHMY141 - Montana State University': no usable link (cache)
[5616/40930] 'CHMY143 - Montana State University': no usable link (cache)
[5617/40930] 'CHMY321 - Montana State University': no usable link (cache)
[5618/40930] 'CHMY322 - Montana State University': no usable link (cache)
[5619/40930] 'CLS201 - Montana State University': no usable link (cache)
[5620/40930] 'CS145RA - Montana State University': no usable link (cache)
[5621/40930] 'ECNS101IS - Montana State University': no usable link (cache)
[5622/40930] 'ECNS301 - Montana State University': no usable link (cache)
[5623/40930] 'ECNS310 - Montana State University': no usable link (cache)
[5624/40930] 'ECNS313 - Montana State University': no usable link (cache)
[5625/40930] 'EDEL305 - Montana State University': no usable link (cache)
[5626/40930] 'EDU101US - Montana State University': no usable link (cache)
[5627/40930] 'EDU370 - Montana State University': no usable link (cache)
[5628/40930] 'EELE261 - Montana State University': no usable link (cache)
[5629/40930] 'EELE321 - Montana State University': no usable link (cache)
[5630/40930] 'EELE371 - Montana State University': no usable link (cache)
[5631/40930] 'EGEN330 - Montana State University': no usable link (cache)
[5632/40930] 'EGEN335 - Montana State University': no usable link (cache)
[5633/40930] 'EMAT251 - Montana State University': no usable link (cache)
[5634/40930] 'EMEC103 - Montana State University': no usable link (cache)
[5635/40930] 'EMEC303 - Montana State University': no usable link (cache)
[5636/40930] 'EMEC342 - Montana State University': no usable link (cache)
[5637/40930] 'EMEC405 - Montana State University': no usable link (cache)
[5638/40930] 'ARCH195 - New Jersey Institute of Technology': no usable link (cache)
[5639/40930] 'ARCH464 - New Jersey Institute of Technology': no usable link (cache)
[5640/40930] 'ARCH563 - New Jersey Institute of Technology': no usable link (cache)
[5641/40930] 'ARCH564 - New Jersey Institute of Technology': no usable link (cache)
[5642/40930] 'C350 - New Jersey Institute of Technology': no usable link (cache)
[5643/40930] 'CALC112H - New Jersey Institute of Technology': no usable link (cache)
[5644/40930] 'CALC213B - New Jersey Institute of Technology': no usable link (cache)
[5645/40930] 'CE210 - New Jersey Institute of Technology': no usable link (cache)
[5646/40930] 'CE320A - New Jersey Institute of Technology': no usable link (cache)
[5647/40930] 'CIS491 - New Jersey Institute of Technology': no usable link (cache)
[5648/40930] 'CIS631 - New Jersey Institute of Technology': no usable link (cache)
[5649/40930] 'CIS635 - New Jersey Institute of Technology': no usable link (cache)
[5650/40930] 'CIS650 - New Jersey Institute of Technology': no usable link (cache)
[5651/40930] 'CIS667 - New Jersey Institute of Technology': no usable link (cache)
[5652/40930] 'CIS744 - New Jersey Institute of Technology': no usable link (cache)
[5653/40930] 'CPT330 - New Jersey Institute of Technology': no usable link (cache)
[5654/40930] 'ECE372 - New Jersey Institute of Technology': no usable link (cache)
[5655/40930] 'ECE374 - New Jersey Institute of Technology': no usable link (cache)
[5656/40930] 'ECET412 - New Jersey Institute of Technology': no usable link (cache)
[5657/40930] 'ECET415 - New Jersey Institute of Technology': no usable link (cache)
[5658/40930] 'ECT344 - New Jersey Institute of Technology': no usable link (cache)
[5659/40930] 'EM631 - New Jersey Institute of Technology': no usable link (cache)
[5660/40930] 'CSCI4 - New York University': no usable link (cache)
[5661/40930] 'ACC510 - North Carolina State University': no usable link (cache)
[5662/40930] 'AND281 - North Carolina State University': no usable link (cache)
[5663/40930] 'ANS105 - North Carolina State University': no usable link (cache)
[5664/40930] 'ANS205 - North Carolina State University': no usable link (cache)
[5665/40930] 'ANS220 - North Carolina State University': no usable link (cache)
[5666/40930] 'ANS225 - North Carolina State University': no usable link (cache)
[5667/40930] 'ANS281 - North Carolina State University': no usable link (cache)
[5668/40930] 'ANS400 - North Carolina State University': no usable link (cache)
[5669/40930] 'ANT251 - North Carolina State University': no usable link (cache)
[5670/40930] 'ANT252 - North Carolina State University': no usable link (cache)
[5671/40930] 'ANT450 - North Carolina State University': no usable link (cache)
[5672/40930] 'ARE201 - North Carolina State University': no usable link (cache)
[5673/40930] 'ARE304 - North Carolina State University': no usable link (cache)
[5674/40930] 'ARE433 - North Carolina State University': no usable link (cache)
[5675/40930] 'ARS259 - North Carolina State University': no usable link (cache)
[5676/40930] 'ARS306 - North Carolina State University': no usable link (cache)
[5677/40930] 'BCH455 - North Carolina State University': no usable link (cache)
[5678/40930] 'BIO267 - North Carolina State University': no usable link (cache)
[5679/40930] 'BIO434 - North Carolina State University': no usable link (cache)
[5680/40930] 'BMME209 - North Carolina State University': no usable link (cache)
[5681/40930] 'BUS351 - North Carolina State University': no usable link (cache)
[5682/40930] 'BUS442 - North Carolina State University': no usable link (cache)
[5683/40930] 'BUS458 - North Carolina State University': no usable link (cache)
[5684/40930] 'CALC231 - North Carolina State University': no usable link (cache)
[5685/40930] 'CE487 - North Carolina State University': no usable link (cache)
[5686/40930] 'CH101 - North Carolina State University': no usable link (cache)
[5687/40930] 'CH201 - North Carolina State University': no usable link (cache)
[5688/40930] 'CH202 - North Carolina State University': no usable link (cache)
[5689/40930] 'CH211 - North Carolina State University': no usable link (cache)
[5690/40930] 'CH223 - North Carolina State University': no usable link (cache)
[5691/40930] 'CH442 - North Carolina State University': no usable link (cache)
[5692/40930] 'CHE205 - North Carolina State University': no usable link (cache)
[5693/40930] 'CHE315 - North Carolina State University': no usable link (cache)
[5694/40930] 'COMM112 - North Carolina State University': no usable link (cache)
[5695/40930] 'CSC591 - North Carolina State University': no usable link (cache)
[5696/40930] 'D101 - North Carolina State University': no usable link (cache)
[5697/40930] 'D104 - North Carolina State University': no usable link (cache)
[5698/40930] 'D105 - North Carolina State University': no usable link (cache)
[5699/40930] 'E144 - North Carolina State University': no usable link (cache)
[5700/40930] 'E304 - North Carolina State University': no usable link (cache)
[5701/40930] 'EC202 - North Carolina State University': no usable link (cache)
[5702/40930] 'EC404 - North Carolina State University': no usable link (cache)
[5703/40930] 'ECE403 - North Carolina State University': no usable link (cache)
[5704/40930] 'ECE489 - North Carolina State University': no usable link (cache)
[5705/40930] 'AGEC244 - North Dakota State University': no usable link (cache)
[5706/40930] 'AGEC350 - North Dakota State University': no usable link (cache)
[5707/40930] 'ANTH491 - North Dakota State University': no usable link (cache)
[5708/40930] 'BIOC260 - North Dakota State University': no usable link (cache)
[5709/40930] 'BIOC460 - North Dakota State University': no usable link (cache)
[5710/40930] 'BIOC487 - North Dakota State University': no usable link (cache)
[5711/40930] 'BUSBN431 - North Dakota State University': no usable link (cache)
[5712/40930] 'CALC146 - North Dakota State University': no usable link (cache)
[5713/40930] 'CALC165 - North Dakota State University': no usable link (cache)
[5714/40930] 'CDFS242 - North Dakota State University': no usable link (cache)
[5715/40930] 'CE309 - North Dakota State University': no usable link (cache)
[5716/40930] 'CHP190 - North Dakota State University': no usable link (cache)
[5717/40930] 'CJ406 - North Dakota State University': no usable link (cache)
[5718/40930] 'CJ465 - North Dakota State University': no usable link (cache)
[5719/40930] 'COMM431 - North Dakota State University': no usable link (cache)
[5720/40930] 'COMM436 - North Dakota State University': no usable link (cache)
[5721/40930] 'CSCI227 - North Dakota State University': no usable link (cache)
[5722/40930] 'CSCI228 - North Dakota State University': no usable link (cache)
[5723/40930] 'DREM101 - North Dakota State University': no usable link (cache)
[5724/40930] 'ACCT1201 - Northeastern University': no usable link (cache)
[5725/40930] 'ACCU201 - Northeastern University': no usable link (cache)
[5726/40930] 'ARCH1000 - Northeastern University': no usable link (cache)
[5727/40930] 'ARCH1310 - Northeastern University': no usable link (cache)
[5728/40930] 'ARCH5220 - Northeastern University': no usable link (cache)
[5729/40930] 'ARTG1290 - Northeastern University': no usable link (cache)
[5730/40930] 'BINF6310 - Northeastern University': no usable link (cache)
[5731/40930] 'BIO2219 - Northeastern University': no usable link (cache)
[5732/40930] 'BIO3611 - Northeastern University': no usable link (cache)
[5733/40930] 'BIOL2301 - Northeastern University': no usable link (cache)
[5734/40930] 'BIOL2309 - Northeastern University': no usable link (cache)
[5735/40930] 'BIOL3405 - Northeastern University': no usable link (cache)
[5736/40930] 'BIOL3413 - Northeastern University': no usable link (cache)
[5737/40930] 'BIOL4705 - Northeastern University': no usable link (cache)
[5738/40930] 'BIOL5593 - Northeastern University': no usable link (cache)
[5739/40930] 'BIOU701 - Northeastern University': no usable link (cache)
[5740/40930] 'BUSN1101 - Northeastern University': no usable link (cache)
[5741/40930] 'BUSN1231 - Northeastern University': no usable link (cache)
[5742/40930] 'CALC1231 - Northeastern University': no usable link (cache)
[5743/40930] 'CALC1241 - Northeastern University': no usable link (cache)
[5744/40930] 'CALC1340 - Northeastern University': no usable link (cache)
[5745/40930] 'CALC1342 - Northeastern University': no usable link (cache)
[5746/40930] 'CHEM2315 - Northeastern University': no usable link (cache)
[5747/40930] 'CHME3322 - Northeastern University': no usable link (cache)
[5748/40930] 'CHNS1101 - Northeastern University': no usable link (cache)
[5749/40930] 'CJ510 - Northeastern University': no usable link (cache)
[5750/40930] 'CJU110 - Northeastern University': no usable link (cache)
[5751/40930] 'CLTR1700 - Northeastern University': no usable link (cache)
[5752/40930] 'COMM1131 - Northeastern University': no usable link (cache)
[5753/40930] 'COMM2131 - Northeastern University': no usable link (cache)
[5754/40930] 'COMM2301 - Northeastern University': no usable link (cache)
[5755/40930] 'CRIM1000 - Northeastern University': no usable link (cache)
[5756/40930] 'CRIM2100 - Northeastern University': no usable link (cache)
[5757/40930] 'CRIM4120 - Northeastern University': no usable link (cache)
[5758/40930] 'CS1802 - Northeastern University': no usable link (cache)
[5759/40930] 'ECN1115 - Northeastern University': no usable link (cache)
[5760/40930] 'ECN1116 - Northeastern University': no usable link (cache)
[5761/40930] 'ECON1115 - Northeastern University': no usable link (cache)
[5762/40930] 'ECON1711 - Northeastern University': no usable link (cache)
[5763/40930] 'ECON2316 - Northeastern University': no usable link (cache)
[5764/40930] 'ECON2560 - Northeastern University': no usable link (cache)
[5765/40930] 'ECON3423 - Northeastern University': no usable link (cache)
[5766/40930] 'ECON3520 - Northeastern University': no usable link (cache)
[5767/40930] 'ECON3711 - Northeastern University': no usable link (cache)
[5768/40930] 'EDLE722 - Northeastern University': no usable link (cache)
[5769/40930] 'EECE3410 - Northeastern University': no usable link (cache)
[5770/40930] 'ENG1111 - Northeastern University': no usable link (cache)
[5771/40930] 'ENG3105 - Northeastern University': no usable link (cache)
[5772/40930] 'BBA380 - Northern Arizona University': no usable link (cache)
[5773/40930] 'BIO181L - Northern Arizona University': no usable link (cache)
[5774/40930] 'CMF122 - Northern Arizona University': no usable link (cache)
[5775/40930] 'ECI330 - Northern Arizona University': no usable link (cache)
[5776/40930] 'ACCT670 - Northern Illinois University': no usable link (cache)
[5777/40930] 'ACCY206 - Northern Illinois University': no usable link (cache)
[5778/40930] 'ACCY310 - Northern Illinois University': no usable link (cache)
[5779/40930] 'ACCY310A - Northern Illinois University': no usable link (cache)
[5780/40930] 'ACCY415 - Northern Illinois University': no usable link (cache)
[5781/40930] 'ACCY432 - Northern Illinois University': no usable link (cache)
[5782/40930] 'ACCY462 - Northern Illinois University': no usable link (cache)
[5783/40930] 'ACCY670 - Northern Illinois University': no usable link (cache)
[5784/40930] 'ACHD318 - Northern Illinois University': no usable link (cache)
[5785/40930] 'AHRS200 - Northern Illinois University': no usable link (cache)
[5786/40930] 'AHRS492 - Northern Illinois University': no usable link (cache)
[5787/40930] 'ARTE342 - Northern Illinois University': no usable link (cache)
[5788/40930] 'ARTE344 - Northern Illinois University': no usable link (cache)
[5789/40930] 'ARTE383 - Northern Illinois University': no usable link (cache)
[5790/40930] 'ARTH282 - Northern Illinois University': no usable link (cache)
[5791/40930] 'ARTH396 - Northern Illinois University': no usable link (cache)
[5792/40930] 'BIOCH470X - Northern Illinois University': no usable link (cache)
[5793/40930] 'BIOS109 - Northern Illinois University': no usable link (cache)
[5794/40930] 'BIOS308 - Northern Illinois University': no usable link (cache)
[5795/40930] 'BIOS313 - Northern Illinois University': no usable link (cache)
[5796/40930] 'BIOS454 - Northern Illinois University': no usable link (cache)
[5797/40930] 'BIOS470 - Northern Illinois University': no usable link (cache)
[5798/40930] 'CHEM211T - Northern Illinois University': no usable link (cache)
[5799/40930] 'COMS303 - Northern Illinois University': no usable link (cache)
[5800/40930] 'COMS358 - Northern Illinois University': no usable link (cache)
[5801/40930] 'COMS361 - Northern Illinois University': no usable link (cache)
[5802/40930] 'COMS404 - Northern Illinois University': no usable link (cache)
[5803/40930] 'COMS405 - Northern Illinois University': no usable link (cache)
[5804/40930] 'COMS466 - Northern Illinois University': no usable link (cache)
[5805/40930] 'COMS480 - Northern Illinois University': no usable link (cache)
[5806/40930] 'COMS508 - Northern Illinois University': no usable link (cache)
[5807/40930] 'ELE100 - Northern Illinois University': no usable link (cache)
[5808/40930] 'ELE250 - Northern Illinois University': no usable link (cache)
[5809/40930] 'ELE315 - Northern Illinois University': no usable link (cache)
[5810/40930] 'ELE340 - Northern Illinois University': no usable link (cache)
[5811/40930] 'ELE370 - Northern Illinois University': no usable link (cache)
[5812/40930] 'ELE380 - Northern Illinois University': no usable link (cache)
[5813/40930] 'ELE420 - Northern Illinois University': no usable link (cache)
[5814/40930] 'ELE540 - Northern Illinois University': no usable link (cache)
[5815/40930] 'ENG300A - Northern Illinois University': no usable link (cache)
[5816/40930] 'ENGL300A - Northern Illinois University': no usable link (cache)
[5817/40930] 'ENGL602 - Northern Illinois University' (cache): SAVED top 1 -> https://dcfwfuaf91uza.cloudfront.net/online/wp-content/uploads/ENGL602_Course_Guide.pdf
[5818/40930] 'BIO210 - Northwestern University': no usable link (cache)
[5819/40930] 'CHEM2101 - Northwestern University': no usable link (cache)
[5820/40930] 'CHEM2102 - Northwestern University': no usable link (cache)
[5821/40930] 'COMM360 - Northwestern University': no usable link (cache)
[5822/40930] 'COMM363 - Northwestern University': no usable link (cache)
[5823/40930] 'COUN481 - Northwestern University': no usable link (cache)
[5824/40930] 'EE501 - Northwestern University': no usable link (cache)
[5825/40930] 'AAST132 - Oberlin College': no usable link (cache)
[5826/40930] 'AAST235 - Oberlin College': no usable link (cache)
[5827/40930] 'AAST261 - Oberlin College': no usable link (cache)
[5828/40930] 'ARST110 - Oberlin College': no usable link (cache)
[5829/40930] 'ARST124 - Oberlin College': no usable link (cache)
[5830/40930] 'ARTH215 - Oberlin College': no usable link (cache)
[5831/40930] 'ARTS011 - Oberlin College': no usable link (cache)
[5832/40930] 'ARTS052 - Oberlin College': no usable link (cache)
[5833/40930] 'ARTS206 - Oberlin College': no usable link (cache)
[5834/40930] 'BIOL035 - Oberlin College': no usable link (cache)
[5835/40930] 'CHEM339 - Oberlin College': no usable link (cache)
[5836/40930] 'CHEM374 - Oberlin College': no usable link (cache)
[5837/40930] 'CME101 - Oberlin College': no usable link (cache)
[5838/40930] 'CMUS103 - Oberlin College': no usable link (cache)
[5839/40930] 'CSCI280 - Oberlin College': no usable link (cache)
[5840/40930] 'EAS131 - Oberlin College': no usable link (cache)
[5841/40930] 'EAST137 - Oberlin College': no usable link (cache)
[5842/40930] 'ECON099 - Oberlin College': no usable link (cache)
[5843/40930] 'AFAM251 - Ohio State University': no usable link (cache)
[5844/40930] 'ARABI101 - Ohio State University': no usable link (cache)
[5845/40930] 'AS101 - Ohio State University': no usable link (cache)
[5846/40930] 'ASL1103 - Ohio State University': no usable link (cache)
[5847/40930] 'BIO1113 - Ohio State University': no usable link (cache)
[5848/40930] 'CLASS222 - Ohio State University': no usable link (cache)
[5849/40930] 'COMMS440 - Ohio State University': no usable link (cache)
[5850/40930] 'EDUTL3160 - Ohio State University': no usable link (cache)
[5851/40930] 'EEOB2510 - Ohio State University': no usable link (cache)
[5852/40930] 'EEOB2520 - Ohio State University': no usable link (cache)
[5853/40930] 'ENG109 - Ohio State University': no usable link (cache)
[5854/40930] 'ENG2201 - Ohio State University': no usable link (cache)
[5855/40930] 'ENG2220 - Ohio State University': no usable link (cache)
[5856/40930] 'AAS1500 - Ohio University': no usable link (cache)
[5857/40930] 'AAS3100 - Ohio University': no usable link (cache)
[5858/40930] 'ACCT1020 - Ohio University': no usable link (cache)
[5859/40930] 'ASTRO1000 - Ohio University': no usable link (cache)
[5860/40930] 'AVN3100 - Ohio University': no usable link (cache)
[5861/40930] 'BIOS1300 - Ohio University': no usable link (cache)
[5862/40930] 'BIOS2050 - Ohio University': no usable link (cache)
[5863/40930] 'BIOS2200 - Ohio University': no usable link (cache)
[5864/40930] 'BIOS221 - Ohio University': no usable link (cache)
[5865/40930] 'BIOS3220 - Ohio University': no usable link (cache)
[5866/40930] 'BIOS4230 - Ohio University': no usable link (cache)
[5867/40930] 'BIOS4630 - Ohio University': no usable link (cache)
[5868/40930] 'BMT2500 - Ohio University': no usable link (cache)
[5869/40930] 'CAS1415 - Ohio University': no usable link (cache)
[5870/40930] 'CAS2000 - Ohio University': no usable link (cache)
[5871/40930] 'CAS2500 - Ohio University': no usable link (cache)
[5872/40930] 'CHEM1500 - Ohio University': no usable link (cache)
[5873/40930] 'CHEM1510 - Ohio University': no usable link (cache)
[5874/40930] 'CHEM1520 - Ohio University': no usable link (cache)
[5875/40930] 'CHEM3080 - Ohio University': no usable link (cache)
[5876/40930] 'CHEM3090 - Ohio University': no usable link (cache)
[5877/40930] 'CHEM4310 - Ohio University': no usable link (cache)
[5878/40930] 'COMS1030 - Ohio University': no usable link (cache)
[5879/40930] 'CSD1080 - Ohio University': no usable link (cache)
[5880/40930] 'CSD1110 - Ohio University': no usable link (cache)
[5881/40930] 'CSD2130 - Ohio University': no usable link (cache)
[5882/40930] 'CSD3800 - Ohio University': no usable link (cache)
[5883/40930] 'EDTE2300 - Ohio University': no usable link (cache)
[5884/40930] 'EE3343 - Ohio University': no usable link (cache)
[5885/40930] 'EMGT6200 - Ohio University': no usable link (cache)
[5886/40930] 'ENG2310 - Ohio University': no usable link (cache)
[5887/40930] 'ENG2510 - Ohio University': no usable link (cache)
[5888/40930] 'ENG3060J - Ohio University': no usable link (cache)
[5889/40930] 'ENG307J - Ohio University': no usable link (cache)
[5890/40930] 'ENG3110 - Ohio University': no usable link (cache)
[5891/40930] 'ENG3510 - Ohio University': no usable link (cache)
[5892/40930] 'ENG4600 - Ohio University': no usable link (cache)
[5893/40930] 'ACC2003 - Oklahoma State University': no usable link (cache)
[5894/40930] 'ACCT2003 - Oklahoma State University': no usable link (cache)
[5895/40930] 'ACCT3603 - Oklahoma State University': no usable link (cache)
[5896/40930] 'ACCT5103 - Oklahoma State University': no usable link (cache)
[5897/40930] 'AGCM3123 - Oklahoma State University': no usable link (cache)
[5898/40930] 'AGCM3503 - Oklahoma State University': no usable link (cache)
[5899/40930] 'AGEC3333 - Oklahoma State University': no usable link (cache)
[5900/40930] 'AGEC3423 - Oklahoma State University': no usable link (cache)
[5901/40930] 'AMST2103 - Oklahoma State University': no usable link (cache)
[5902/40930] 'ANSCI1124 - Oklahoma State University': no usable link (cache)
[5903/40930] 'ANSCI2233 - Oklahoma State University': no usable link (cache)
[5904/40930] 'ANSCI3423 - Oklahoma State University': no usable link (cache)
[5905/40930] 'ANSI1023 - Oklahoma State University': no usable link (cache)
[5906/40930] 'ANSI1114 - Oklahoma State University': no usable link (cache)
[5907/40930] 'ANSI1124 - Oklahoma State University': no usable link (cache)
[5908/40930] 'ANSI2233 - Oklahoma State University': no usable link (cache)
[5909/40930] 'ANSI2253 - Oklahoma State University': no usable link (cache)
[5910/40930] 'ANSI3333 - Oklahoma State University': no usable link (cache)
[5911/40930] 'ANSI3443 - Oklahoma State University': no usable link (cache)
[5912/40930] 'ART3693 - Oklahoma State University': no usable link (cache)
[5913/40930] 'ART4663 - Oklahoma State University': no usable link (cache)
[5914/40930] 'ART4673 - Oklahoma State University': no usable link (cache)
[5915/40930] 'ASL1813 - Oklahoma State University': no usable link (cache)
[5916/40930] 'ASL3713 - Oklahoma State University': no usable link (cache)
[5917/40930] 'ASTR1023 - Oklahoma State University': no usable link (cache)
[5918/40930] 'AVED3433 - Oklahoma State University': no usable link (cache)
[5919/40930] 'AVED3513 - Oklahoma State University': no usable link (cache)
[5920/40930] 'AVED3523 - Oklahoma State University': no usable link (cache)
[5921/40930] 'AVED3543 - Oklahoma State University': no usable link (cache)
[5922/40930] 'AVED3563 - Oklahoma State University': no usable link (cache)
[5923/40930] 'AVED3663 - Oklahoma State University': no usable link (cache)
[5924/40930] 'AVED4113 - Oklahoma State University': no usable link (cache)
[5925/40930] 'AVED4883 - Oklahoma State University': no usable link (cache)
[5926/40930] 'AVED4993 - Oklahoma State University': no usable link (cache)
[5927/40930] 'BADM1111 - Oklahoma State University': no usable link (cache)
[5928/40930] 'BADM2111 - Oklahoma State University': no usable link (cache)
[5929/40930] 'BADM3111 - Oklahoma State University': no usable link (cache)
[5930/40930] 'BADM4010 - Oklahoma State University': no usable link (cache)
[5931/40930] 'BADM4513 - Oklahoma State University': no usable link (cache)
[5932/40930] 'BCOM3113 - Oklahoma State University': no usable link (cache)
[5933/40930] 'BIO3214 - Oklahoma State University': no usable link (cache)
[5934/40930] 'BIOL1114 - Oklahoma State University': no usable link (cache)
[5935/40930] 'BIOL1604 - Oklahoma State University': no usable link (cache)
[5936/40930] 'BIOL3023 - Oklahoma State University': no usable link (cache)
[5937/40930] 'BIOL3114 - Oklahoma State University': no usable link (cache)
[5938/40930] 'BIOL3204 - Oklahoma State University': no usable link (cache)
[5939/40930] 'BIOL3214 - Oklahoma State University': no usable link (cache)
[5940/40930] 'BLAW3113 - Oklahoma State University': no usable link (cache)
[5941/40930] 'BOT3013 - Oklahoma State University': no usable link (cache)
[5942/40930] 'BOT3233 - Oklahoma State University': no usable link (cache)
[5943/40930] 'CDIS3203 - Oklahoma State University': no usable link (cache)
[5944/40930] 'CDIS3313 - Oklahoma State University': no usable link (cache)
[5945/40930] 'CET2263 - Oklahoma State University': no usable link (cache)
[5946/40930] 'CHEM1014 - Oklahoma State University': no usable link (cache)
[5947/40930] 'CHEM1414 - Oklahoma State University': no usable link (cache)
[5948/40930] 'CHEM1515 - Oklahoma State University': no usable link (cache)
[5949/40930] 'CHEM2890 - Oklahoma State University': no usable link (cache)
[5950/40930] 'CHEM3013 - Oklahoma State University': no usable link (cache)
[5951/40930] 'CHEM3053 - Oklahoma State University': no usable link (cache)
[5952/40930] 'CHEM3433 - Oklahoma State University': no usable link (cache)
[5953/40930] 'CIED3133 - Oklahoma State University': no usable link (cache)
[5954/40930] 'CS5313 - Oklahoma State University': no usable link (cache)
[5955/40930] 'DHM4433 - Oklahoma State University': no usable link (cache)
[5956/40930] 'ECEN3513 - Oklahoma State University': no usable link (cache)
[5957/40930] 'EET1104 - Oklahoma State University': no usable link (cache)
[5958/40930] 'EET3354 - Oklahoma State University': no usable link (cache)
[5959/40930] 'ENG1113 - Oklahoma State University': no usable link (cache)
[5960/40930] 'ENGL1213 - Oklahoma State University': no usable link (cache)
[5961/40930] 'ENGL2453 - Oklahoma State University': no usable link (cache)
[5962/40930] 'ENGL3473 - Oklahoma State University': no usable link (cache)
[5963/40930] 'ARTH121A - Old Dominion University': no usable link (cache)
[5964/40930] 'ARTH320W - Old Dominion University': no usable link (cache)
[5965/40930] 'BAC103 - Old Dominion University': no usable link (cache)
[5966/40930] 'BIO105N - Old Dominion University': no usable link (cache)
[5967/40930] 'BIO108N - Old Dominion University': no usable link (cache)
[5968/40930] 'BIO110N - Old Dominion University': no usable link (cache)
[5969/40930] 'BIO291 - Old Dominion University': no usable link (cache)
[5970/40930] 'BIOL105N - Old Dominion University': no usable link (cache)
[5971/40930] 'BIOL110N - Old Dominion University': no usable link (cache)
[5972/40930] 'BIOL112N - Old Dominion University': no usable link (cache)
[5973/40930] 'BIOL401W - Old Dominion University': no usable link (cache)
[5974/40930] 'BNAL206 - Old Dominion University': no usable link (cache)
[5975/40930] 'BNAL476 - Old Dominion University': no usable link (cache)
[5976/40930] 'CET120 - Old Dominion University': no usable link (cache)
[5977/40930] 'CHEM101N - Old Dominion University': no usable link (cache)
[5978/40930] 'CHEM105N - Old Dominion University': no usable link (cache)
[5979/40930] 'CHEM106N - Old Dominion University': no usable link (cache)
[5980/40930] 'CHEM121N - Old Dominion University': no usable link (cache)
[5981/40930] 'CHEM123N - Old Dominion University': no usable link (cache)
[5982/40930] 'CHEM173T - Old Dominion University': no usable link (cache)
[5983/40930] 'CHP390 - Old Dominion University': no usable link (cache)
[5984/40930] 'CJRS262 - Old Dominion University': no usable link (cache)
[5985/40930] 'CJRS421 - Old Dominion University': no usable link (cache)
[5986/40930] 'CJS262 - Old Dominion University': no usable link (cache)
[5987/40930] 'COM101R - Old Dominion University': no usable link (cache)
[5988/40930] 'COMM314 - Old Dominion University': no usable link (cache)
[5989/40930] 'COMM315W - Old Dominion University': no usable link (cache)
[5990/40930] 'COMM335W - Old Dominion University': no usable link (cache)
[5991/40930] 'CRIM262 - Old Dominion University': no usable link (cache)
[5992/40930] 'CRJ462 - Old Dominion University': no usable link (cache)
[5993/40930] 'CRJS222 - Old Dominion University': no usable link (cache)
[5994/40930] 'CRJS262 - Old Dominion University': no usable link (cache)
[5995/40930] 'CRJS323 - Old Dominion University': no usable link (cache)
[5996/40930] 'CRJS462 - Old Dominion University': no usable link (cache)
[5997/40930] 'DANCE185 - Old Dominion University': no usable link (cache)
[5998/40930] 'DANCE185A - Old Dominion University': no usable link (cache)
[5999/40930] 'DNTH304 - Old Dominion University': no usable link (cache)
[6000/40930] 'ECE313 - Old Dominion University': no usable link (cache)
[6001/40930] 'ECON618 - Old Dominion University': no usable link (cache)
[6002/40930] 'EET310 - Old Dominion University': no usable link (cache)
[6003/40930] 'END231C - Old Dominion University': no usable link (cache)
[6004/40930] 'ENG114L - Old Dominion University': no usable link (cache)
[6005/40930] 'ENG144L - Old Dominion University': no usable link (cache)
[6006/40930] 'ENG211C - Old Dominion University': no usable link (cache)
[6007/40930] 'ENGL112L - Old Dominion University': no usable link (cache)
[6008/40930] 'ENGL114L - Old Dominion University': no usable link (cache)
[6009/40930] 'ENGL144L - Old Dominion University': no usable link (cache)
[6010/40930] 'ENGL221C - Old Dominion University': no usable link (cache)
[6011/40930] 'ENGL231C - Old Dominion University': no usable link (cache)
[6012/40930] 'ACTG321 - Oregon State University': no usable link (cache)
[6013/40930] 'AEC251 - Oregon State University': no usable link (cache)
[6014/40930] 'AEC252 - Oregon State University': no usable link (cache)
[6015/40930] 'AREC352 - Oregon State University': no usable link (cache)
[6016/40930] 'ATS210 - Oregon State University': no usable link (cache)
[6017/40930] 'BA160 - Oregon State University': no usable link (cache)
[6018/40930] 'BA161 - Oregon State University': no usable link (cache)
[6019/40930] 'BA162 - Oregon State University': no usable link (cache)
[6020/40930] 'BA16X - Oregon State University': no usable link (cache)
[6021/40930] 'BA230 - Oregon State University': no usable link (cache)
[6022/40930] 'BA260 - Oregon State University': no usable link (cache)
[6023/40930] 'BA275 - Oregon State University': no usable link (cache)
[6024/40930] 'BA275H - Oregon State University': no usable link (cache)
[6025/40930] 'BA276 - Oregon State University': no usable link (cache)
[6026/40930] 'BA282 - Oregon State University': no usable link (cache)
[6027/40930] 'BA352H - Oregon State University': no usable link (cache)
[6028/40930] 'BA354 - Oregon State University': no usable link (cache)
[6029/40930] 'BA375 - Oregon State University': no usable link (cache)
[6030/40930] 'BA375H - Oregon State University': no usable link (cache)
[6031/40930] 'BA376 - Oregon State University': no usable link (cache)
[6032/40930] 'BA412 - Oregon State University': no usable link (cache)
[6033/40930] 'BA413 - Oregon State University': no usable link (cache)
[6034/40930] 'BA440 - Oregon State University': no usable link (cache)
[6035/40930] 'BA457 - Oregon State University': no usable link (cache)
[6036/40930] 'BA460 - Oregon State University': no usable link (cache)
[6037/40930] 'BA555 - Oregon State University': no usable link (cache)
[6038/40930] 'BANA270 - Oregon State University': no usable link (cache)
[6039/40930] 'BB451 - Oregon State University': no usable link (cache)
[6040/40930] 'BI331 - Oregon State University': no usable link (cache)
[6041/40930] 'CEM443 - Oregon State University': no usable link (cache)
[6042/40930] 'CH12123 - Oregon State University': no usable link (cache)
[6043/40930] 'CH221Z - Oregon State University': no usable link (cache)
[6044/40930] 'CH222Z - Oregon State University': no usable link (cache)
[6045/40930] 'CH23123 - Oregon State University': no usable link (cache)
[6046/40930] 'COMM218Z - Oregon State University': no usable link (cache)
[6047/40930] 'CS411 - Oregon State University': no usable link (cache)
[6048/40930] 'CS579PANC - Oregon State University': no usable link (cache)
[6049/40930] 'DSGN282 - Oregon State University': no usable link (cache)
[6050/40930] 'DSGN475 - Oregon State University': no usable link (cache)
[6051/40930] 'ED216 - Oregon State University': no usable link (cache)
[6052/40930] 'ED219 - Oregon State University': no usable link (cache)
[6053/40930] 'ART102 - Pace University': no usable link (cache)
[6054/40930] 'BIO123 - Pace University': no usable link (cache)
[6055/40930] 'BUS255 - Pace University': no usable link (cache)
[6056/40930] 'CHE223 - Pace University': no usable link (cache)
[6057/40930] 'CMS280 - Pace University': no usable link (cache)
[6058/40930] 'CS612 - Pace University': no usable link (cache)
[6059/40930] 'ECO106 - Pace University': no usable link (cache)
[6060/40930] 'ACCT406 - Penn State University': no usable link (cache)
[6061/40930] 'ACCTG406 - Penn State University': no usable link (cache)
[6062/40930] 'ACCTG821 - Penn State University': no usable link (cache)
[6063/40930] 'AFAM100 - Penn State University': no usable link (cache)
[6064/40930] 'AFAM110 - Penn State University': no usable link (cache)
[6065/40930] 'AFAM211 - Penn State University': no usable link (cache)
[6066/40930] 'ANSC001 - Penn State University': no usable link (cache)
[6067/40930] 'ANSC1 - Penn State University': no usable link (cache)
[6068/40930] 'ANSC201 - Penn State University': no usable link (cache)
[6069/40930] 'ANSCI001 - Penn State University': no usable link (cache)
[6070/40930] 'ANSCI201 - Penn State University': no usable link (cache)
[6071/40930] 'ANTH009 - Penn State University': no usable link (cache)
[6072/40930] 'ANTH045 - Penn State University': no usable link (cache)
[6073/40930] 'ANTH083S - Penn State University': no usable link (cache)
[6074/40930] 'ART105N - Penn State University': no usable link (cache)
[6075/40930] 'ARTH301 - Penn State University': no usable link (cache)
[6076/40930] 'ARTH311 - Penn State University': no usable link (cache)
[6077/40930] 'ASIA100 - Penn State University': no usable link (cache)
[6078/40930] 'ASTR7N - Penn State University': no usable link (cache)
[6079/40930] 'ASTRO7N - Penn State University': no usable link (cache)
[6080/40930] 'BA241 - Penn State University': no usable link (cache)
[6081/40930] 'BBH210 - Penn State University': no usable link (cache)
[6082/40930] 'BBH305 - Penn State University': no usable link (cache)
[6083/40930] 'BBH311 - Penn State University': no usable link (cache)
[6084/40930] 'BBH390A - Penn State University': no usable link (cache)
[6085/40930] 'BBH416 - Penn State University': no usable link (cache)
[6086/40930] 'BBH451 - Penn State University': no usable link (cache)
[6087/40930] 'BIO129 - Penn State University': no usable link (cache)
[6088/40930] 'BIO133 - Penn State University': no usable link (cache)
[6089/40930] 'BIO162 - Penn State University': no usable link (cache)
[6090/40930] 'BIO230W - Penn State University': no usable link (cache)
[6091/40930] 'BIO33 - Penn State University': no usable link (cache)
[6092/40930] 'BIOE401 - Penn State University': no usable link (cache)
[6093/40930] 'BIOE409 - Penn State University': no usable link (cache)
[6094/40930] 'BIOE419 - Penn State University': no usable link (cache)
[6095/40930] 'BIOL129 - Penn State University': no usable link (cache)
[6096/40930] 'BIOL220W - Penn State University': no usable link (cache)
[6097/40930] 'BIOL415 - Penn State University': no usable link (cache)
[6098/40930] 'BIOL472 - Penn State University': no usable link (cache)
[6099/40930] 'BISC2 - Penn State University': no usable link (cache)
[6100/40930] 'BLAW243 - Penn State University': no usable link (cache)
[6101/40930] 'BLAW342 - Penn State University': no usable link (cache)
[6102/40930] 'BLAW424 - Penn State University': no usable link (cache)
[6103/40930] 'BLAW445 - Penn State University': no usable link (cache)
[6104/40930] 'BLAW447 - Penn State University': no usable link (cache)
[6105/40930] 'BMB442 - Penn State University': no usable link (cache)
[6106/40930] 'BME402 - Penn State University': no usable link (cache)
[6107/40930] 'BME443 - Penn State University': no usable link (cache)
[6108/40930] 'CAS084S - Penn State University': no usable link (cache)
[6109/40930] 'CAS137H - Penn State University': no usable link (cache)
[6110/40930] 'CAS373 - Penn State University': no usable link (cache)
[6111/40930] 'CHE210 - Penn State University': no usable link (cache)
[6112/40930] 'CHE230 - Penn State University': no usable link (cache)
[6113/40930] 'CHE350 - Penn State University': no usable link (cache)
[6114/40930] 'CHE480 - Penn State University': no usable link (cache)
[6115/40930] 'CHEM210H - Penn State University': no usable link (cache)
[6116/40930] 'CHEM212B - Penn State University': no usable link (cache)
[6117/40930] 'CHEM38H - Penn State University': no usable link (cache)
[6118/40930] 'CHEM450 - Penn State University': no usable link (cache)
[6119/40930] 'CHEM466 - Penn State University': no usable link (cache)
[6120/40930] 'CHNS110 - Penn State University': no usable link (cache)
[6121/40930] 'CHNS120 - Penn State University': no usable link (cache)
[6122/40930] 'CHNS2 - Penn State University': no usable link (cache)
[6123/40930] 'CLJ453 - Penn State University': no usable link (cache)
[6124/40930] 'CLJ467 - Penn State University': no usable link (cache)
[6125/40930] 'CMLIT108 - Penn State University': no usable link (cache)
[6126/40930] 'CMPCS201 - Penn State University': no usable link (cache)
[6127/40930] 'CMPEN221 - Penn State University': no usable link (cache)
[6128/40930] 'CMPEN270 - Penn State University': no usable link (cache)
[6129/40930] 'CMPEN311 - Penn State University': no usable link (cache)
[6130/40930] 'CMPSC100 - Penn State University': no usable link (cache)
[6131/40930] 'COM150 - Penn State University': no usable link (cache)
[6132/40930] 'COMM333 - Penn State University': no usable link (cache)
[6133/40930] 'COMM372 - Penn State University': no usable link (cache)
[6134/40930] 'COMM410 - Penn State University': no usable link (cache)
[6135/40930] 'COMM451 - Penn State University': no usable link (cache)
[6136/40930] 'COMM455 - Penn State University': no usable link (cache)
[6137/40930] 'COMM471 - Penn State University': no usable link (cache)
[6138/40930] 'COMM473 - Penn State University': no usable link (cache)
[6139/40930] 'CPEN270 - Penn State University': no usable link (cache)
[6140/40930] 'CRIM012 - Penn State University': no usable link (cache)
[6141/40930] 'CRIM100 - Penn State University': no usable link (cache)
[6142/40930] 'CRIM12 - Penn State University': no usable link (cache)
[6143/40930] 'CRIM406 - Penn State University': no usable link (cache)
[6144/40930] 'CRIM423 - Penn State University': no usable link (cache)
[6145/40930] 'CRIM430 - Penn State University': no usable link (cache)
[6146/40930] 'CRIM432 - Penn State University': no usable link (cache)
[6147/40930] 'ECON106 - Penn State University': no usable link (cache)
[6148/40930] 'ECON306 - Penn State University': no usable link (cache)
[6149/40930] 'ECON323 - Penn State University': no usable link (cache)
[6150/40930] 'EDPSY101 - Penn State University': no usable link (cache)
[6151/40930] 'EE387 - Penn State University': no usable link (cache)
[6152/40930] 'EE453 - Penn State University': no usable link (cache)
[6153/40930] 'EMCH211 - Penn State University': no usable link (cache)
[6154/40930] 'EMCH212 - Penn State University': no usable link (cache)
[6155/40930] 'EMCH212H - Penn State University': no usable link (cache)
[6156/40930] 'EMCH213 - Penn State University': no usable link (cache)
[6157/40930] 'EME301 - Penn State University': no usable link (cache)
[6158/40930] 'EMECH12 - Penn State University': no usable link (cache)
[6159/40930] 'EMECH211 - Penn State University': no usable link (cache)
[6160/40930] 'EMECH212 - Penn State University': no usable link (cache)
[6161/40930] 'EMECH213 - Penn State University': no usable link (cache)
[6162/40930] 'ENG015 - Penn State University': no usable link (cache)
[6163/40930] 'ENG15 - Penn State University': no usable link (cache)
[6164/40930] 'ENG15S - Penn State University': no usable link (cache)
[6165/40930] 'ENG202A - Penn State University': no usable link (cache)
[6166/40930] 'ENGL050 - Penn State University': no usable link (cache)
[6167/40930] 'ENGL202D - Penn State University': no usable link (cache)
[6168/40930] 'ENGL50 - Penn State University' (cache): SAVED top 1 -> https://sites.google.com/psu.edu/engl50/home
[6169/40930] 'AC224 - Pepperdine University': no usable link (cache)
[6170/40930] 'ADV275 - Pepperdine University': no usable link (cache)
[6171/40930] 'ADV375 - Pepperdine University': no usable link (cache)
[6172/40930] 'ADV475 - Pepperdine University': no usable link (cache)
[6173/40930] 'ADV561 - Pepperdine University': no usable link (cache)
[6174/40930] 'BA210 - Pepperdine University': no usable link (cache)
[6175/40930] 'BA216 - Pepperdine University': no usable link (cache)
[6176/40930] 'BA321 - Pepperdine University': no usable link (cache)
[6177/40930] 'BA355 - Pepperdine University': no usable link (cache)
[6178/40930] 'BA358 - Pepperdine University': no usable link (cache)
[6179/40930] 'BA366 - Pepperdine University': no usable link (cache)
[6180/40930] 'BA400 - Pepperdine University': no usable link (cache)
[6181/40930] 'BA448 - Pepperdine University': no usable link (cache)
[6182/40930] 'BA598 - Pepperdine University': no usable link (cache)
[6183/40930] 'BSCI468 - Pepperdine University': no usable link (cache)
[6184/40930] 'BSI480 - Pepperdine University': no usable link (cache)
[6185/40930] 'CHIN251 - Pepperdine University': no usable link (cache)
[6186/40930] 'CRWR203 - Pepperdine University': no usable link (cache)
[6187/40930] 'ECON2OO - Pepperdine University': no usable link (cache)
[6188/40930] 'ARH186L - Pomona College': no usable link (cache)
[6189/40930] 'ARHI131 - Pomona College': no usable link (cache)
[6190/40930] 'ARHI140 - Pomona College': no usable link (cache)
[6191/40930] 'ARHI141M - Pomona College': no usable link (cache)
[6192/40930] 'ARHI144B - Pomona College': no usable link (cache)
[6193/40930] 'ARHI178 - Pomona College': no usable link (cache)
[6194/40930] 'ART025 - Pomona College': no usable link (cache)
[6195/40930] 'ART029PO - Pomona College': no usable link (cache)
[6196/40930] 'BIO163 - Pomona College': no usable link (cache)
[6197/40930] 'BIO41C - Pomona College': no usable link (cache)
[6198/40930] 'CHEM001AL - Pomona College': no usable link (cache)
[6199/40930] 'CHEM23 - Pomona College': no usable link (cache)
[6200/40930] 'CHIN51A - Pomona College': no usable link (cache)
[6201/40930] 'CHIN51B - Pomona College': no usable link (cache)
[6202/40930] 'CLAS113 - Pomona College': no usable link (cache)
[6203/40930] 'CLAS115 - Pomona College': no usable link (cache)
[6204/40930] 'CLAS64 - Pomona College': no usable link (cache)
[6205/40930] 'EA010 - Pomona College': no usable link (cache)
[6206/40930] 'EA030 - Pomona College': no usable link (cache)
[6207/40930] 'EA20 - Pomona College': no usable link (cache)
[6208/40930] 'EA85 - Pomona College': no usable link (cache)
[6209/40930] 'ENGL084 - Pomona College': no usable link (cache)
[6210/40930] 'AAB292 - Portland State University': no usable link (cache)
[6211/40930] 'ACCT381 - Portland State University': no usable link (cache)
[6212/40930] 'ACCTG335 - Portland State University': no usable link (cache)
[6213/40930] 'ACTG335 - Portland State University': no usable link (cache)
[6214/40930] 'ACTG383 - Portland State University': no usable link (cache)
[6215/40930] 'ACTG395 - Portland State University': no usable link (cache)
[6216/40930] 'ACTG421 - Portland State University': no usable link (cache)
[6217/40930] 'ACTG430 - Portland State University': no usable link (cache)
[6218/40930] 'ARCH120 - Portland State University': no usable link (cache)
[6219/40930] 'ARCH230 - Portland State University': no usable link (cache)
[6220/40930] 'ARCH280 - Portland State University': no usable link (cache)
[6221/40930] 'ART224 - Portland State University': no usable link (cache)
[6222/40930] 'ART254 - Portland State University': no usable link (cache)
[6223/40930] 'ART282 - Portland State University': no usable link (cache)
[6224/40930] 'ART354 - Portland State University': no usable link (cache)
[6225/40930] 'B211 - Portland State University': no usable link (cache)
[6226/40930] 'BA301H - Portland State University': no usable link (cache)
[6227/40930] 'BA302 - Portland State University': no usable link (cache)
[6228/40930] 'BA311 - Portland State University': no usable link (cache)
[6229/40930] 'BA311HN - Portland State University': no usable link (cache)
[6230/40930] 'BA326 - Portland State University': no usable link (cache)
[6231/40930] 'BA327 - Portland State University': no usable link (cache)
[6232/40930] 'BA339 - Portland State University': no usable link (cache)
[6233/40930] 'BA340 - Portland State University': no usable link (cache)
[6234/40930] 'BA385 - Portland State University': no usable link (cache)
[6235/40930] 'BA445 - Portland State University': no usable link (cache)
[6236/40930] 'BBST335 - Portland State University': no usable link (cache)
[6237/40930] 'BI201 - Portland State University': no usable link (cache)
[6238/40930] 'BI251 - Portland State University': no usable link (cache)
[6239/40930] 'BI334 - Portland State University': no usable link (cache)
[6240/40930] 'BI341 - Portland State University': no usable link (cache)
[6241/40930] 'BI344 - Portland State University': no usable link (cache)
[6242/40930] 'BI455 - Portland State University': no usable link (cache)
[6243/40930] 'BST207 - Portland State University': no usable link (cache)
[6244/40930] 'BST325 - Portland State University': no usable link (cache)
[6245/40930] 'BST359U - Portland State University': no usable link (cache)
[6246/40930] 'BTA428 - Portland State University': no usable link (cache)
[6247/40930] 'CCJ200 - Portland State University': no usable link (cache)
[6248/40930] 'CCJ235 - Portland State University': no usable link (cache)
[6249/40930] 'CCJ240 - Portland State University': no usable link (cache)
[6250/40930] 'CCJ299 - Portland State University': no usable link (cache)
[6251/40930] 'CCJ310 - Portland State University': no usable link (cache)
[6252/40930] 'CCJ330 - Portland State University': no usable link (cache)
[6253/40930] 'CCJ330U - Portland State University': no usable link (cache)
[6254/40930] 'CCJ350 - Portland State University': no usable link (cache)
[6255/40930] 'CCJ350U - Portland State University': no usable link (cache)
[6256/40930] 'CCJ355 - Portland State University': no usable link (cache)
[6257/40930] 'CCJ355U - Portland State University': no usable link (cache)
[6258/40930] 'CCJ365 - Portland State University': no usable link (cache)
[6259/40930] 'CCJ375 - Portland State University': no usable link (cache)
[6260/40930] 'CCJ375U - Portland State University': no usable link (cache)
[6261/40930] 'CCJ380 - Portland State University': no usable link (cache)
[6262/40930] 'CCJ410 - Portland State University': no usable link (cache)
[6263/40930] 'CCJ410U - Portland State University': no usable link (cache)
[6264/40930] 'CE324 - Portland State University': no usable link (cache)
[6265/40930] 'CE362 - Portland State University': no usable link (cache)
[6266/40930] 'CE410 - Portland State University': no usable link (cache)
[6267/40930] 'CFS312 - Portland State University': no usable link (cache)
[6268/40930] 'CFS380 - Portland State University': no usable link (cache)
[6269/40930] 'CFS390 - Portland State University': no usable link (cache)
[6270/40930] 'CFS481 - Portland State University': no usable link (cache)
[6271/40930] 'CFS486 - Portland State University': no usable link (cache)
[6272/40930] 'CH221H - Portland State University': no usable link (cache)
[6273/40930] 'CH223H - Portland State University': no usable link (cache)
[6274/40930] 'CH411 - Portland State University': no usable link (cache)
[6275/40930] 'CH426 - Portland State University': no usable link (cache)
[6276/40930] 'CH491 - Portland State University': no usable link (cache)
[6277/40930] 'CHLA201 - Portland State University': no usable link (cache)
[6278/40930] 'CHLA303 - Portland State University': no usable link (cache)
[6279/40930] 'CHLA303U - Portland State University': no usable link (cache)
[6280/40930] 'CJA410 - Portland State University': no usable link (cache)
[6281/40930] 'COMM111Z - Portland State University': no usable link (cache)
[6282/40930] 'COMM314U - Portland State University': no usable link (cache)
[6283/40930] 'EAS212 - Portland State University': no usable link (cache)
[6284/40930] 'EC415 - Portland State University': no usable link (cache)
[6285/40930] 'EC456 - Portland State University': no usable link (cache)
[6286/40930] 'EC469 - Portland State University': no usable link (cache)
[6287/40930] 'ECE172 - Portland State University': no usable link (cache)
[6288/40930] 'ECE322 - Portland State University': no usable link (cache)
[6289/40930] 'ECE581 - Portland State University': no usable link (cache)
[6290/40930] 'ADE201 - Pratt Institute': no usable link (cache)
[6291/40930] 'ADE309 - Pratt Institute': no usable link (cache)
[6292/40930] 'ARCH111 - Pratt Institute': no usable link (cache)
[6293/40930] 'ARCH131 - Pratt Institute': no usable link (cache)
[6294/40930] 'ARCH152 - Pratt Institute': no usable link (cache)
[6295/40930] 'ARCH200 - Pratt Institute': no usable link (cache)
[6296/40930] 'ARCH206 - Pratt Institute': no usable link (cache)
[6297/40930] 'ARCH301 - Pratt Institute': no usable link (cache)
[6298/40930] 'ARCH363 - Pratt Institute': no usable link (cache)
[6299/40930] 'ARCH400 - Pratt Institute': no usable link (cache)
[6300/40930] 'ARCH402 - Pratt Institute': no usable link (cache)
[6301/40930] 'CDGD376 - Pratt Institute': no usable link (cache)
[6302/40930] 'CH300 - Pratt Institute': no usable link (cache)
[6303/40930] 'CH400 - Pratt Institute': no usable link (cache)
[6304/40930] 'COMD235 - Pratt Institute': no usable link (cache)
[6305/40930] 'COMD240 - Pratt Institute': no usable link (cache)
[6306/40930] 'COMD241 - Pratt Institute': no usable link (cache)
[6307/40930] 'COMD242 - Pratt Institute': no usable link (cache)
[6308/40930] 'COMD250 - Pratt Institute': no usable link (cache)
[6309/40930] 'COMD301 - Pratt Institute': no usable link (cache)
[6310/40930] 'COMD313 - Pratt Institute': no usable link (cache)
[6311/40930] 'COMD381 - Pratt Institute': no usable link (cache)
[6312/40930] 'COMD401 - Pratt Institute': no usable link (cache)
[6313/40930] 'COMD405 - Pratt Institute': no usable link (cache)
[6314/40930] 'ENGL097 - Pratt Institute': no usable link (cache)
[6315/40930] 'ENGL103 - Pratt Institute': no usable link (cache)
[6316/40930] 'AQUIN240 - Providence College': no usable link (cache)
[6317/40930] 'ARH106 - Providence College': no usable link (cache)
[6318/40930] 'CALC108 - Providence College': no usable link (cache)
[6319/40930] 'CHM102L - Providence College': no usable link (cache)
[6320/40930] 'CIV202 - Providence College': no usable link (cache)
[6321/40930] 'CLA201 - Providence College': no usable link (cache)
[6322/40930] 'DWC101 - Providence College': no usable link (cache)
[6323/40930] 'DWC101HON - Providence College': no usable link (cache)
[6324/40930] 'DWC200 - Providence College': no usable link (cache)
[6325/40930] 'DWC201 - Providence College': no usable link (cache)
[6326/40930] 'EDU125 - Providence College': no usable link (cache)
[6327/40930] 'EDU178 - Providence College': no usable link (cache)
[6328/40930] 'AC114 - Purdue University': no usable link (cache)
[6329/40930] 'AP21300 - Purdue University': no usable link (cache)
[6330/40930] 'BIO21300 - Purdue University': no usable link (cache)
[6331/40930] 'BIO22100 - Purdue University': no usable link (cache)
[6332/40930] 'BIO243 - Purdue University': no usable link (cache)
[6333/40930] 'BIOL213 - Purdue University': no usable link (cache)
[6334/40930] 'BIOL21300 - Purdue University': no usable link (cache)
[6335/40930] 'BIOL214 - Purdue University': no usable link (cache)
[6336/40930] 'BIOL357 - Purdue University': no usable link (cache)
[6337/40930] 'BU204 - Purdue University': no usable link (cache)
[6338/40930] 'BUSM101 - Purdue University': no usable link (cache)
[6339/40930] 'BUSM10100 - Purdue University': no usable link (cache)
[6340/40930] 'BUSM354 - Purdue University': no usable link (cache)
[6341/40930] 'BUSM35400 - Purdue University': no usable link (cache)
[6342/40930] 'BUSM380 - Purdue University': no usable link (cache)
[6343/40930] 'CE27300 - Purdue University': no usable link (cache)
[6344/40930] 'CE33400 - Purdue University': no usable link (cache)
[6345/40930] 'CET16000 - Purdue University': no usable link (cache)
[6346/40930] 'CET280 - Purdue University': no usable link (cache)
[6347/40930] 'CGT111 - Purdue University': no usable link (cache)
[6348/40930] 'CGT211 - Purdue University': no usable link (cache)
[6349/40930] 'CHM115 - Purdue University': no usable link (cache)
[6350/40930] 'CHM119 - Purdue University': no usable link (cache)
[6351/40930] 'CHM11900 - Purdue University': no usable link (cache)
[6352/40930] 'CHM22000 - Purdue University': no usable link (cache)
[6353/40930] 'CIS20400 - Purdue University': no usable link (cache)
[6354/40930] 'CJ227 - Purdue University': no usable link (cache)
[6355/40930] 'CJ230 - Purdue University': no usable link (cache)
[6356/40930] 'CJ50301 - Purdue University': no usable link (cache)
[6357/40930] 'CM115 - Purdue University': no usable link (cache)
[6358/40930] 'CM220M3 - Purdue University': no usable link (cache)
[6359/40930] 'CMET325 - Purdue University': no usable link (cache)
[6360/40930] 'COM204 - Purdue University': no usable link (cache)
[6361/40930] 'COM228 - Purdue University': no usable link (cache)
[6362/40930] 'COM253 - Purdue University': no usable link (cache)
[6363/40930] 'COM309 - Purdue University': no usable link (cache)
[6364/40930] 'CS12300 - Purdue University': no usable link (cache)
[6365/40930] 'CS12600 - Purdue University': no usable link (cache)
[6366/40930] 'CS27500 - Purdue University': no usable link (cache)
[6367/40930] 'EAS223 - Purdue University': no usable link (cache)
[6368/40930] 'ECON322 - Purdue University': no usable link (cache)
[6369/40930] 'ED710 - Purdue University': no usable link (cache)
[6370/40930] 'EM101 - Purdue University': no usable link (cache)
[6371/40930] 'ENGL231 - Purdue University': no usable link (cache)
[6372/40930] 'AACS107 - Queens College': no usable link (cache)
[6373/40930] 'AC202 - Queens College': no usable link (cache)
[6374/40930] 'ACC202 - Queens College': no usable link (cache)
[6375/40930] 'ACC306 - Queens College': no usable link (cache)
[6376/40930] 'ACC322 - Queens College': no usable link (cache)
[6377/40930] 'ACC341 - Queens College': no usable link (cache)
[6378/40930] 'ACC343 - Queens College': no usable link (cache)
[6379/40930] 'ACC367 - Queens College': no usable link (cache)
[6380/40930] 'ACC747 - Queens College': no usable link (cache)
[6381/40930] 'ACC773 - Queens College': no usable link (cache)
[6382/40930] 'ACCT305 - Queens College': no usable link (cache)
[6383/40930] 'ACCT306 - Queens College': no usable link (cache)
[6384/40930] 'ACCT367 - Queens College': no usable link (cache)
[6385/40930] 'ACCT367TAX - Queens College': no usable link (cache)
[6386/40930] 'ACCT372 - Queens College': no usable link (cache)
[6387/40930] 'ACCT747 - Queens College': no usable link (cache)
[6388/40930] 'ACE015 - Queens College': no usable link (cache)
[6389/40930] 'ACT305 - Queens College': no usable link (cache)
[6390/40930] 'ACT367 - Queens College': no usable link (cache)
[6391/40930] 'ANT103 - Queens College': no usable link (cache)
[6392/40930] 'ANT104 - Queens College': no usable link (cache)
[6393/40930] 'ANTH208W - Queens College': no usable link (cache)
[6394/40930] 'ANTH243 - Queens College': no usable link (cache)
[6395/40930] 'ANTHR101 - Queens College': no usable link (cache)
[6396/40930] 'ARTH001 - Queens College': no usable link (cache)
[6397/40930] 'ARTS246 - Queens College': no usable link (cache)
[6398/40930] 'ARTS248 - Queens College': no usable link (cache)
[6399/40930] 'BALA100 - Queens College': no usable link (cache)
[6400/40930] 'BALA200 - Queens College': no usable link (cache)
[6401/40930] 'BI286 - Queens College': no usable link (cache)
[6402/40930] 'BIO043 - Queens College': no usable link (cache)
[6403/40930] 'BIO286 - Queens College': no usable link (cache)
[6404/40930] 'BIO326 - Queens College': no usable link (cache)
[6405/40930] 'BIO345W - Queens College': no usable link (cache)
[6406/40930] 'BIO366 - Queens College': no usable link (cache)
[6407/40930] 'BIO40 - Queens College': no usable link (cache)
[6408/40930] 'BIO43 - Queens College': no usable link (cache)
[6409/40930] 'BIOL105 - Queens College': no usable link (cache)
[6410/40930] 'BIOL286 - Queens College': no usable link (cache)
[6411/40930] 'BIOL345W - Queens College': no usable link (cache)
[6412/40930] 'BIOL366 - Queens College': no usable link (cache)
[6413/40930] 'BIOL41 - Queens College': no usable link (cache)
[6414/40930] 'BU241 - Queens College': no usable link (cache)
[6415/40930] 'BUS341W - Queens College': no usable link (cache)
[6416/40930] 'CAL141 - Queens College': no usable link (cache)
[6417/40930] 'CALC131 - Queens College': no usable link (cache)
[6418/40930] 'CHE1134 - Queens College': no usable link (cache)
[6419/40930] 'CHE114 - Queens College': no usable link (cache)
[6420/40930] 'CHEM019 - Queens College': no usable link (cache)
[6421/40930] 'CHEM1011 - Queens College': no usable link (cache)
[6422/40930] 'CHEM1023 - Queens College': no usable link (cache)
[6423/40930] 'CHEM1131 - Queens College': no usable link (cache)
[6424/40930] 'CHEM1131LAB - Queens College': no usable link (cache)
[6425/40930] 'CHEM1134 - Queens College': no usable link (cache)
[6426/40930] 'CHEM1141 - Queens College': no usable link (cache)
[6427/40930] 'CHEM1144 - Queens College': no usable link (cache)
[6428/40930] 'CHEM114LAB - Queens College': no usable link (cache)
[6429/40930] 'CHEM251 - Queens College': no usable link (cache)
[6430/40930] 'CHEM2514 - Queens College': no usable link (cache)
[6431/40930] 'CHEM371 - Queens College': no usable link (cache)
[6432/40930] 'CISI012 - Queens College': no usable link (cache)
[6433/40930] 'CMLIT101 - Queens College': no usable link (cache)
[6434/40930] 'CMLIT102W - Queens College': no usable link (cache)
[6435/40930] 'CMLIT215W - Queens College': no usable link (cache)
[6436/40930] 'CNLAW1 - Queens College': no usable link (cache)
[6437/40930] 'CS12 - Queens College': no usable link (cache)
[6438/40930] 'CS12LAB - Queens College': no usable link (cache)
[6439/40930] 'CS320 - Queens College': no usable link (cache)
[6440/40930] 'CS715 - Queens College': no usable link (cache)
[6441/40930] 'CSC323 - Queens College': no usable link (cache)
[6442/40930] 'CSCI012 - Queens College': no usable link (cache)
[6443/40930] 'CSCI12 - Queens College': no usable link (cache)
[6444/40930] 'CSCI212LAB - Queens College': no usable link (cache)
[6445/40930] 'CSCI316 - Queens College': no usable link (cache)
[6446/40930] 'CSCI320 - Queens College': no usable link (cache)
[6447/40930] 'DATA205 - Queens College': no usable link (cache)
[6448/40930] 'DRAM100 - Queens College': no usable link (cache)
[6449/40930] 'DRAM121 - Queens College': no usable link (cache)
[6450/40930] 'DRAM222 - Queens College': no usable link (cache)
[6451/40930] 'DRAMA100 - Queens College': no usable link (cache)
[6452/40930] 'DRAMA101 - Queens College': no usable link (cache)
[6453/40930] 'DRAMA121 - Queens College': no usable link (cache)
[6454/40930] 'E120 - Queens College': no usable link (cache)
[6455/40930] 'EAST132 - Queens College': no usable link (cache)
[6456/40930] 'ECO205 - Queens College': no usable link (cache)
[6457/40930] 'ECO246 - Queens College': no usable link (cache)
[6458/40930] 'ECO382 - Queens College': no usable link (cache)
[6459/40930] 'ECON246 - Queens College': no usable link (cache)
[6460/40930] 'ECON249 - Queens College': no usable link (cache)
[6461/40930] 'EECE351 - Queens College': no usable link (cache)
[6462/40930] 'EECE800 - Queens College': no usable link (cache)
[6463/40930] 'ENG161W - Queens College': no usable link (cache)
[6464/40930] 'ENG162W - Queens College': no usable link (cache)
[6465/40930] 'ENG165W - Queens College': no usable link (cache)
[6466/40930] 'ENG170W - Queens College': no usable link (cache)
[6467/40930] 'ENGL110H - Queens College': no usable link (cache)
[6468/40930] 'ENGL130 - Queens College': no usable link (cache)
[6469/40930] 'ENGL152W - Queens College': no usable link (cache)
[6470/40930] 'ENGL157W - Queens College': no usable link (cache)
[6471/40930] 'ENGL165 - Queens College': no usable link (cache)
[6472/40930] 'ENGL211W - Queens College': no usable link (cache)
[6473/40930] 'ENGL301W - Queens College': no usable link (cache)
[6474/40930] 'ACC208 - Queens University': no usable link (cache)
[6475/40930] 'BIOL2120 - Queens University': no usable link (cache)
[6476/40930] 'BUSN207 - Queens University': no usable link (cache)
[6477/40930] 'BUSN350 - Queens University': no usable link (cache)
[6478/40930] 'COM327 - Queens University': no usable link (cache)
[6479/40930] 'COMM320 - Queens University': no usable link (cache)
[6480/40930] 'CORE110 - Queens University': no usable link (cache)
[6481/40930] 'CORE112 - Queens University': no usable link (cache)
[6482/40930] 'CORE122 - Queens University': no usable link (cache)
[6483/40930] 'CORE210 - Queens University': no usable link (cache)
[6484/40930] 'CORE222 - Queens University': no usable link (cache)
[6485/40930] 'EL101 - Queens University': no usable link (cache)
[6486/40930] 'ADPR101H - Quinnipiac University': no usable link (cache)
[6487/40930] 'ADPR102 - Quinnipiac University': no usable link (cache)
[6488/40930] 'AN104 - Quinnipiac University': no usable link (cache)
[6489/40930] 'AN250 - Quinnipiac University': no usable link (cache)
[6490/40930] 'AR102 - Quinnipiac University': no usable link (cache)
[6491/40930] 'AR158 - Quinnipiac University': no usable link (cache)
[6492/40930] 'AR300 - Quinnipiac University': no usable link (cache)
[6493/40930] 'BIO568 - Quinnipiac University': no usable link (cache)
[6494/40930] 'BMS200 - Quinnipiac University': no usable link (cache)
[6495/40930] 'BMS370 - Quinnipiac University': no usable link (cache)
[6496/40930] 'CAS105 - Quinnipiac University': no usable link (cache)
[6497/40930] 'CH110L - Quinnipiac University': no usable link (cache)
[6498/40930] 'CH111L - Quinnipiac University': no usable link (cache)
[6499/40930] 'CH210 - Quinnipiac University': no usable link (cache)
[6500/40930] 'CH210L - Quinnipiac University': no usable link (cache)
[6501/40930] 'CHE106L - Quinnipiac University': no usable link (cache)
[6502/40930] 'CHE110L - Quinnipiac University': no usable link (cache)
[6503/40930] 'CHE211L - Quinnipiac University': no usable link (cache)
[6504/40930] 'EC272 - Quinnipiac University': no usable link (cache)
[6505/40930] 'EN102H - Quinnipiac University': no usable link (cache)
[6506/40930] 'ANTH211 - Reed College': no usable link (cache)
[6507/40930] 'BIOL381 - Reed College': no usable link (cache)
[6508/40930] 'CHIN110 - Reed College': no usable link (cache)
[6509/40930] 'CLAS371 - Reed College': no usable link (cache)
[6510/40930] 'CLAS382 - Reed College': no usable link (cache)
[6511/40930] 'ARTS1030 - Rensselaer Polytechnic Institute': no usable link (cache)
[6512/40930] 'BIOL4620 - Rensselaer Polytechnic Institute': no usable link (cache)
[6513/40930] 'BIOL4760 - Rensselaer Polytechnic Institute': no usable link (cache)
[6514/40930] 'BMED2050 - Rensselaer Polytechnic Institute': no usable link (cache)
[6515/40930] 'BMED2500 - Rensselaer Polytechnic Institute': no usable link (cache)
[6516/40930] 'BMED4010 - Rensselaer Polytechnic Institute': no usable link (cache)
[6517/40930] 'CAD1200 - Rensselaer Polytechnic Institute': no usable link (cache)
[6518/40930] 'CALC1100 - Rensselaer Polytechnic Institute': no usable link (cache)
[6519/40930] 'CALC1200 - Rensselaer Polytechnic Institute': no usable link (cache)
[6520/40930] 'CHEM2030 - Rensselaer Polytechnic Institute': no usable link (cache)
[6521/40930] 'CHEM2260 - Rensselaer Polytechnic Institute': no usable link (cache)
[6522/40930] 'CHME2010 - Rensselaer Polytechnic Institute': no usable link (cache)
[6523/40930] 'CHME2020 - Rensselaer Polytechnic Institute': no usable link (cache)
[6524/40930] 'CHME4010 - Rensselaer Polytechnic Institute': no usable link (cache)
[6525/40930] 'CIVL2030 - Rensselaer Polytechnic Institute': no usable link (cache)
[6526/40930] 'CIVL2050 - Rensselaer Polytechnic Institute': no usable link (cache)
[6527/40930] 'CIVL2670 - Rensselaer Polytechnic Institute': no usable link (cache)
[6528/40930] 'CS2500 - Rensselaer Polytechnic Institute': no usable link (cache)
[6529/40930] 'CSCI2500 - Rensselaer Polytechnic Institute': no usable link (cache)
[6530/40930] 'CSCI4350 - Rensselaer Polytechnic Institute': no usable link (cache)
[6531/40930] 'CSCI4370 - Rensselaer Polytechnic Institute': no usable link (cache)
[6532/40930] 'CSCI4800 - Rensselaer Polytechnic Institute': no usable link (cache)
[6533/40930] 'ECON4130 - Rensselaer Polytechnic Institute': no usable link (cache)
[6534/40930] 'ECON4570 - Rensselaer Polytechnic Institute': no usable link (cache)
[6535/40930] 'ECSE2010 - Rensselaer Polytechnic Institute': no usable link (cache)
[6536/40930] 'ECSE2110 - Rensselaer Polytechnic Institute': no usable link (cache)
[6537/40930] 'ECSE2210 - Rensselaer Polytechnic Institute': no usable link (cache)
[6538/40930] 'ECSE2410 - Rensselaer Polytechnic Institute': no usable link (cache)
[6539/40930] 'ECSE2500 - Rensselaer Polytechnic Institute': no usable link (cache)
[6540/40930] 'ECSE2610 - Rensselaer Polytechnic Institute': no usable link (cache)
[6541/40930] 'ECSE4480 - Rensselaer Polytechnic Institute': no usable link (cache)
[6542/40930] 'ANSO103 - Rhodes College': no usable link (cache)
[6543/40930] 'ANSO379 - Rhodes College': no usable link (cache)
[6544/40930] 'ART152 - Rhodes College': no usable link (cache)
[6545/40930] 'ART218 - Rhodes College': no usable link (cache)
[6546/40930] 'ART232 - Rhodes College': no usable link (cache)
[6547/40930] 'ART365 - Rhodes College': no usable link (cache)
[6548/40930] 'BIO14003 - Rhodes College': no usable link (cache)
[6549/40930] 'CHINE101 - Rhodes College': no usable link (cache)
[6550/40930] 'ECO290 - Rhodes College': no usable link (cache)
[6551/40930] 'ACCO305 - Rice University': no usable link (cache)
[6552/40930] 'ARAB301 - Rice University': no usable link (cache)
[6553/40930] 'BIOS201 - Rice University': no usable link (cache)
[6554/40930] 'BIOS301 - Rice University': no usable link (cache)
[6555/40930] 'BUSI305 - Rice University': no usable link (cache)
[6556/40930] 'BUSI310 - Rice University': no usable link (cache)
[6557/40930] 'EDUC305 - Rice University': no usable link (cache)
[6558/40930] 'ELEC502 - Rice University': no usable link (cache)
[6559/40930] 'ENGL200 - Rice University': no usable link (cache)
[6560/40930] 'ENGL401 - Rice University': no usable link (cache)
[6561/40930] 'ACCT110 - Rochester Institute of Technology': no usable link (cache)
[6562/40930] 'ACCT430 - Rochester Institute of Technology': no usable link (cache)
[6563/40930] 'ACCT490 - Rochester Institute of Technology': no usable link (cache)
[6564/40930] 'ANTH102H - Rochester Institute of Technology': no usable link (cache)
[6565/40930] 'ARTH136 - Rochester Institute of Technology': no usable link (cache)
[6566/40930] 'BANA225 - Rochester Institute of Technology': no usable link (cache)
[6567/40930] 'BIME370 - Rochester Institute of Technology': no usable link (cache)
[6568/40930] 'BIOG125 - Rochester Institute of Technology': no usable link (cache)
[6569/40930] 'BIOL102 - Rochester Institute of Technology': no usable link (cache)
[6570/40930] 'BIOL204 - Rochester Institute of Technology': no usable link (cache)
[6571/40930] 'BIOLB205 - Rochester Institute of Technology': no usable link (cache)
[6572/40930] 'CALC181 - Rochester Institute of Technology': no usable link (cache)
[6573/40930] 'CALC182 - Rochester Institute of Technology': no usable link (cache)
[6574/40930] 'CALC262 - Rochester Institute of Technology': no usable link (cache)
[6575/40930] 'CALC272 - Rochester Institute of Technology': no usable link (cache)
[6576/40930] 'CALC281 - Rochester Institute of Technology': no usable link (cache)
[6577/40930] 'CALC282 - Rochester Institute of Technology': no usable link (cache)
[6578/40930] 'CALC283 - Rochester Institute of Technology': no usable link (cache)
[6579/40930] 'CALC305 - Rochester Institute of Technology': no usable link (cache)
[6580/40930] 'CAST271 - Rochester Institute of Technology': no usable link (cache)
[6581/40930] 'CGNS222 - Rochester Institute of Technology': no usable link (cache)
[6582/40930] 'CHMB240 - Rochester Institute of Technology': no usable link (cache)
[6583/40930] 'CHMG131 - Rochester Institute of Technology': no usable link (cache)
[6584/40930] 'CHMG141 - Rochester Institute of Technology': no usable link (cache)
[6585/40930] 'CHMG142 - Rochester Institute of Technology': no usable link (cache)
[6586/40930] 'CHMO231 - Rochester Institute of Technology': no usable link (cache)
[6587/40930] 'CHMO332 - Rochester Institute of Technology': no usable link (cache)
[6588/40930] 'CMPE570 - Rochester Institute of Technology': no usable link (cache)
[6589/40930] 'COMM0535 - Rochester Institute of Technology': no usable link (cache)
[6590/40930] 'COMM142 - Rochester Institute of Technology': no usable link (cache)
[6591/40930] 'COMM202 - Rochester Institute of Technology': no usable link (cache)
[6592/40930] 'COMM212 - Rochester Institute of Technology': no usable link (cache)
[6593/40930] 'COMM253 - Rochester Institute of Technology': no usable link (cache)
[6594/40930] 'CRIM220 - Rochester Institute of Technology': no usable link (cache)
[6595/40930] 'CSC1141 - Rochester Institute of Technology': no usable link (cache)
[6596/40930] 'CSCI472 - Rochester Institute of Technology': no usable link (cache)
[6597/40930] 'CSCI720 - Rochester Institute of Technology': no usable link (cache)
[6598/40930] 'CSCI788 - Rochester Institute of Technology': no usable link (cache)
[6599/40930] 'CSD220 - Rochester Institute of Technology': no usable link (cache)
[6600/40930] 'CSEC101 - Rochester Institute of Technology': no usable link (cache)
[6601/40930] 'CSEC102 - Rochester Institute of Technology': no usable link (cache)
[6602/40930] 'CVET150 - Rochester Institute of Technology': no usable link (cache)
[6603/40930] 'CVET181 - Rochester Institute of Technology': no usable link (cache)
[6604/40930] 'CVET300 - Rochester Institute of Technology': no usable link (cache)
[6605/40930] 'CYBOR451 - Rochester Institute of Technology': no usable link (cache)
[6606/40930] 'DATA1 - Rochester Institute of Technology': no usable link (cache)
[6607/40930] 'DDDD102 - Rochester Institute of Technology': no usable link (cache)
[6608/40930] 'DDDD103 - Rochester Institute of Technology': no usable link (cache)
[6609/40930] 'DDDD202 - Rochester Institute of Technology': no usable link (cache)
[6610/40930] 'DECS310 - Rochester Institute of Technology': no usable link (cache)
[6611/40930] 'DESCR2 - Rochester Institute of Technology': no usable link (cache)
[6612/40930] 'DHAP1 - Rochester Institute of Technology': no usable link (cache)
[6613/40930] 'DHSS101 - Rochester Institute of Technology': no usable link (cache)
[6614/40930] 'DHSS377 - Rochester Institute of Technology': no usable link (cache)
[6615/40930] 'DIFFY1 - Rochester Institute of Technology': no usable link (cache)
[6616/40930] 'DISC109 - Rochester Institute of Technology': no usable link (cache)
[6617/40930] 'DISC206 - Rochester Institute of Technology': no usable link (cache)
[6618/40930] 'DISCR1 - Rochester Institute of Technology': no usable link (cache)
[6619/40930] 'DSIC190 - Rochester Institute of Technology': no usable link (cache)
[6620/40930] 'EEEE120 - Rochester Institute of Technology': no usable link (cache)
[6621/40930] 'EEEE281 - Rochester Institute of Technology': no usable link (cache)
[6622/40930] 'EEEE346 - Rochester Institute of Technology': no usable link (cache)
[6623/40930] 'EEEE620 - Rochester Institute of Technology': no usable link (cache)
[6624/40930] 'EEET111 - Rochester Institute of Technology': no usable link (cache)
[6625/40930] 'EEET112 - Rochester Institute of Technology': no usable link (cache)
[6626/40930] 'EEET121 - Rochester Institute of Technology': no usable link (cache)
[6627/40930] 'EEET122 - Rochester Institute of Technology': no usable link (cache)
[6628/40930] 'EEET211 - Rochester Institute of Technology': no usable link (cache)
[6629/40930] 'EEET221 - Rochester Institute of Technology': no usable link (cache)
[6630/40930] 'EEET433 - Rochester Institute of Technology': no usable link (cache)
[6631/40930] 'EGEN100 - Rochester Institute of Technology': no usable link (cache)
[6632/40930] 'ENDO425 - Rochester Institute of Technology': no usable link (cache)
[6633/40930] 'ENGL210 - Rochester Institute of Technology': no usable link (cache)
[6634/40930] 'ENGL325H - Rochester Institute of Technology': no usable link (cache)
[6635/40930] 'ENGL418 - Rochester Institute of Technology': no usable link (cache)
[6636/40930] 'BE100 - Rose-Hulman Institute of Technology': no usable link (cache)
[6637/40930] 'ECE180 - Rose-Hulman Institute of Technology': no usable link (cache)
[6638/40930] 'ECE233 - Rose-Hulman Institute of Technology': no usable link (cache)
[6639/40930] 'EM203 - Rose-Hulman Institute of Technology': no usable link (cache)
[6640/40930] 'EM204 - Rose-Hulman Institute of Technology': no usable link (cache)
[6641/40930] 'ACALC1 - Rowan University': no usable link (cache)
[6642/40930] 'ACC03150 - Rowan University': no usable link (cache)
[6643/40930] 'ACC03210 - Rowan University': no usable link (cache)
[6644/40930] 'ACC03211 - Rowan University': no usable link (cache)
[6645/40930] 'ACC03310 - Rowan University': no usable link (cache)
[6646/40930] 'ACC03311 - Rowan University': no usable link (cache)
[6647/40930] 'ACC03410 - Rowan University': no usable link (cache)
[6648/40930] 'AFST11104 - Rowan University': no usable link (cache)
[6649/40930] 'ANTH02221 - Rowan University': no usable link (cache)
[6650/40930] 'ARHS03220 - Rowan University': no usable link (cache)
[6651/40930] 'ARHS1 - Rowan University': no usable link (cache)
[6652/40930] 'ARHS3205 - Rowan University': no usable link (cache)
[6653/40930] 'ASL01102 - Rowan University': no usable link (cache)
[6654/40930] 'BIO01104 - Rowan University': no usable link (cache)
[6655/40930] 'BIO01106 - Rowan University': no usable link (cache)
[6656/40930] 'BIO10204 - Rowan University': no usable link (cache)
[6657/40930] 'BIO20330 - Rowan University': no usable link (cache)
[6658/40930] 'BIO3T - Rowan University': no usable link (cache)
[6659/40930] 'BIOL01106 - Rowan University': no usable link (cache)
[6660/40930] 'BIOL01204 - Rowan University': no usable link (cache)
[6661/40930] 'BIOL10210 - Rowan University': no usable link (cache)
[6662/40930] 'BIOL1041 - Rowan University': no usable link (cache)
[6663/40930] 'BIOL1205 - Rowan University': no usable link (cache)
[6664/40930] 'BIOL21401 - Rowan University': no usable link (cache)
[6665/40930] 'BIOLO1204 - Rowan University': no usable link (cache)
[6666/40930] 'BUS01100 - Rowan University': no usable link (cache)
[6667/40930] 'CEE08102 - Rowan University': no usable link (cache)
[6668/40930] 'CEE08361 - Rowan University': no usable link (cache)
[6669/40930] 'CHEM01600 - Rowan University': no usable link (cache)
[6670/40930] 'CHEM05249 - Rowan University': no usable link (cache)
[6671/40930] 'CHEM06100 - Rowan University': no usable link (cache)
[6672/40930] 'CHEM06101 - Rowan University': no usable link (cache)
[6673/40930] 'CHEM07201 - Rowan University': no usable link (cache)
[6674/40930] 'CHEM08410 - Rowan University': no usable link (cache)
[6675/40930] 'CM01408 - Rowan University': no usable link (cache)
[6676/40930] 'CMS0406 - Rowan University': no usable link (cache)
[6677/40930] 'CMS0420 - Rowan University': no usable link (cache)
[6678/40930] 'CMS04206 - Rowan University': no usable link (cache)
[6679/40930] 'CMS04210 - Rowan University': no usable link (cache)
[6680/40930] 'COMP01111 - Rowan University': no usable link (cache)
[6681/40930] 'COMTH101 - Rowan University': no usable link (cache)
[6682/40930] 'COTH1 - Rowan University': no usable link (cache)
[6683/40930] 'CRMPR1 - Rowan University': no usable link (cache)
[6684/40930] 'CS02480 - Rowan University': no usable link (cache)
[6685/40930] 'CS02530 - Rowan University': no usable link (cache)
[6686/40930] 'CS07210 - Rowan University': no usable link (cache)
[6687/40930] 'CSM04206 - Rowan University': no usable link (cache)
[6688/40930] 'DOC1020 - Rowan University': no usable link (cache)
[6689/40930] 'ECON04101 - Rowan University': no usable link (cache)
[6690/40930] 'ECON04102 - Rowan University': no usable link (cache)
[6691/40930] 'ECON4101 - Rowan University': no usable link (cache)
[6692/40930] 'ECONO101 - Rowan University': no usable link (cache)
[6693/40930] 'EDSU28100 - Rowan University': no usable link (cache)
[6694/40930] 'EDSU28210 - Rowan University': no usable link (cache)
[6695/40930] 'EDUC01270 - Rowan University': no usable link (cache)
[6696/40930] 'EDUC1270 - Rowan University': no usable link (cache)
[6697/40930] 'ENG02113 - Rowan University': no usable link (cache)
[6698/40930] 'ENG02313 - Rowan University': no usable link (cache)
[6699/40930] 'ENGL02313 - Rowan University': no usable link (cache)
[6700/40930] 'ENGL02315 - Rowan University': no usable link (cache)
[6701/40930] 'AH102 - Rutgers University': no usable link (cache)
[6702/40930] 'AC222 - Sacred Heart University': no usable link (cache)
[6703/40930] 'BI127 - Sacred Heart University': no usable link (cache)
[6704/40930] 'BI129 - Sacred Heart University': no usable link (cache)
[6705/40930] 'BI162 - Sacred Heart University': no usable link (cache)
[6706/40930] 'BI206 - Sacred Heart University': no usable link (cache)
[6707/40930] 'BU221 - Sacred Heart University': no usable link (cache)
[6708/40930] 'BU301 - Sacred Heart University': no usable link (cache)
[6709/40930] 'BUAN201 - Sacred Heart University': no usable link (cache)
[6710/40930] 'CH030 - Sacred Heart University': no usable link (cache)
[6711/40930] 'CH119 - Sacred Heart University': no usable link (cache)
[6712/40930] 'CH120 - Sacred Heart University': no usable link (cache)
[6713/40930] 'CH152 - Sacred Heart University': no usable link (cache)
[6714/40930] 'CH153 - Sacred Heart University': no usable link (cache)
[6715/40930] 'CH224 - Sacred Heart University': no usable link (cache)
[6716/40930] 'CIT101 - Sacred Heart University': no usable link (cache)
[6717/40930] 'CIT216 - Sacred Heart University': no usable link (cache)
[6718/40930] 'CJ203 - Sacred Heart University': no usable link (cache)
[6719/40930] 'CJ209 - Sacred Heart University': no usable link (cache)
[6720/40930] 'CJ253 - Sacred Heart University': no usable link (cache)
[6721/40930] 'CM101E - Sacred Heart University': no usable link (cache)
[6722/40930] 'CM102 - Sacred Heart University': no usable link (cache)
[6723/40930] 'CM128 - Sacred Heart University': no usable link (cache)
[6724/40930] 'CM372 - Sacred Heart University': no usable link (cache)
[6725/40930] 'CM602 - Sacred Heart University': no usable link (cache)
[6726/40930] 'CMD201 - Sacred Heart University': no usable link (cache)
[6727/40930] 'CTL125 - Sacred Heart University': no usable link (cache)
[6728/40930] 'CY212 - Sacred Heart University': no usable link (cache)
[6729/40930] 'DA100BO - Sacred Heart University': no usable link (cache)
[6730/40930] 'DA310 - Sacred Heart University': no usable link (cache)
[6731/40930] 'EC299 - Sacred Heart University': no usable link (cache)
[6732/40930] 'ED404 - Sacred Heart University': no usable link (cache)
[6733/40930] 'ENCC101 - Sacred Heart University': no usable link (cache)
[6734/40930] 'ACCT411 - Saint Louis University': no usable link (cache)
[6735/40930] 'ACCT4110 - Saint Louis University': no usable link (cache)
[6736/40930] 'ACCT4250 - Saint Louis University': no usable link (cache)
[6737/40930] 'AENG3410 - Saint Louis University': no usable link (cache)
[6738/40930] 'AENG4410 - Saint Louis University': no usable link (cache)
[6739/40930] 'ANTH2240 - Saint Louis University': no usable link (cache)
[6740/40930] 'ANTH2510 - Saint Louis University': no usable link (cache)
[6741/40930] 'ANTH3200 - Saint Louis University': no usable link (cache)
[6742/40930] 'ANTH3280 - Saint Louis University': no usable link (cache)
[6743/40930] 'ARHA101 - Saint Louis University': no usable link (cache)
[6744/40930] 'BIO1240 - Saint Louis University': no usable link (cache)
[6745/40930] 'BIO1260 - Saint Louis University': no usable link (cache)
[6746/40930] 'BIO424 - Saint Louis University': no usable link (cache)
[6747/40930] 'BIOL1060 - Saint Louis University': no usable link (cache)
[6748/40930] 'BIOL3480 - Saint Louis University': no usable link (cache)
[6749/40930] 'BIZ100 - Saint Louis University': no usable link (cache)
[6750/40930] 'BIZ1000 - Saint Louis University': no usable link (cache)
[6751/40930] 'BIZ1001 - Saint Louis University': no usable link (cache)
[6752/40930] 'BIZ1002 - Saint Louis University': no usable link (cache)
[6753/40930] 'BLA104 - Saint Louis University': no usable link (cache)
[6754/40930] 'BTM2000 - Saint Louis University': no usable link (cache)
[6755/40930] 'CALC1510 - Saint Louis University': no usable link (cache)
[6756/40930] 'CCJ1010 - Saint Louis University': no usable link (cache)
[6757/40930] 'CCJ2200 - Saint Louis University': no usable link (cache)
[6758/40930] 'CCJ2250 - Saint Louis University': no usable link (cache)
[6759/40930] 'CHEM1130 - Saint Louis University': no usable link (cache)
[6760/40930] 'CHEM462 - Saint Louis University': no usable link (cache)
[6761/40930] 'CMM1200 - Saint Louis University': no usable link (cache)
[6762/40930] 'CMM280 - Saint Louis University': no usable link (cache)
[6763/40930] 'CMM320 - Saint Louis University': no usable link (cache)
[6764/40930] 'CORE1500 - Saint Louis University': no usable link (cache)
[6765/40930] 'CS4930 - Saint Louis University': no usable link (cache)
[6766/40930] 'CSCI5530 - Saint Louis University': no usable link (cache)
[6767/40930] 'CSDI1000 - Saint Louis University': no usable link (cache)
[6768/40930] 'ECNB190 - Saint Louis University': no usable link (cache)
[6769/40930] 'ECNB314 - Saint Louis University': no usable link (cache)
[6770/40930] 'ECON606 - Saint Louis University': no usable link (cache)
[6771/40930] 'ENG1500 - Saint Louis University': no usable link (cache)
[6772/40930] 'ENG1900 - Saint Louis University': no usable link (cache)
[6773/40930] 'ENG270FILM - Saint Louis University': no usable link (cache)
[6774/40930] 'ENGL1900 - Saint Louis University': no usable link (cache)
[6775/40930] 'ACC2302 - Sam Houston State University': no usable link (cache)
[6776/40930] 'ACCT4325 - Sam Houston State University': no usable link (cache)
[6777/40930] 'ACCT4360 - Sam Houston State University': no usable link (cache)
[6778/40930] 'ACCT4363 - Sam Houston State University': no usable link (cache)
[6779/40930] 'ACCT4372 - Sam Houston State University': no usable link (cache)
[6780/40930] 'AG2385 - Sam Houston State University': no usable link (cache)
[6781/40930] 'AG2389 - Sam Houston State University': no usable link (cache)
[6782/40930] 'AGBU2385 - Sam Houston State University': no usable link (cache)
[6783/40930] 'AGBU2389 - Sam Houston State University': no usable link (cache)
[6784/40930] 'AGBU3367 - Sam Houston State University': no usable link (cache)
[6785/40930] 'AGBU3385 - Sam Houston State University': no usable link (cache)
[6786/40930] 'AGR110 - Sam Houston State University': no usable link (cache)
[6787/40930] 'AGRI1113 - Sam Houston State University': no usable link (cache)
[6788/40930] 'AGRI1131 - Sam Houston State University': no usable link (cache)
[6789/40930] 'AGRI1319 - Sam Houston State University': no usable link (cache)
[6790/40930] 'AGRI2385 - Sam Houston State University': no usable link (cache)
[6791/40930] 'AGRI3367 - Sam Houston State University': no usable link (cache)
[6792/40930] 'AP12403 - Sam Houston State University': no usable link (cache)
[6793/40930] 'ARAB1311 - Sam Houston State University': no usable link (cache)
[6794/40930] 'ARAB1411 - Sam Houston State University': no usable link (cache)
[6795/40930] 'ART1303 - Sam Houston State University': no usable link (cache)
[6796/40930] 'ART1316 - Sam Houston State University': no usable link (cache)
[6797/40930] 'ART2375 - Sam Houston State University': no usable link (cache)
[6798/40930] 'ART3385 - Sam Houston State University': no usable link (cache)
[6799/40930] 'ARTS1302 - Sam Houston State University': no usable link (cache)
[6800/40930] 'ARTS1316 - Sam Houston State University': no usable link (cache)
[6801/40930] 'ARTS1317 - Sam Houston State University': no usable link (cache)
[6802/40930] 'ARTS2317 - Sam Houston State University': no usable link (cache)
[6803/40930] 'ARTS2344 - Sam Houston State University': no usable link (cache)
[6804/40930] 'ARTS2370 - Sam Houston State University': no usable link (cache)
[6805/40930] 'ARTS2375 - Sam Houston State University': no usable link (cache)
[6806/40930] 'BAN232 - Sam Houston State University': no usable link (cache)
[6807/40930] 'BAN363 - Sam Houston State University': no usable link (cache)
[6808/40930] 'BANA3363 - Sam Houston State University': no usable link (cache)
[6809/40930] 'BAUD2301 - Sam Houston State University': no usable link (cache)
[6810/40930] 'BAUD3355 - Sam Houston State University': no usable link (cache)
[6811/40930] 'BESL2301 - Sam Houston State University': no usable link (cache)
[6812/40930] 'BIO1301 - Sam Houston State University': no usable link (cache)
[6813/40930] 'BIO1308 - Sam Houston State University': no usable link (cache)
[6814/40930] 'BIO134 - Sam Houston State University': no usable link (cache)
[6815/40930] 'BIO1408 - Sam Houston State University': no usable link (cache)
[6816/40930] 'BIO2401 - Sam Houston State University': no usable link (cache)
[6817/40930] 'BIO2402 - Sam Houston State University': no usable link (cache)
[6818/40930] 'BIO2403 - Sam Houston State University': no usable link (cache)
[6819/40930] 'BIO2404 - Sam Houston State University': no usable link (cache)
[6820/40930] 'BIO2440 - Sam Houston State University': no usable link (cache)
[6821/40930] 'BIOL1401 - Sam Houston State University': no usable link (cache)
[6822/40930] 'BIOL2401 - Sam Houston State University': no usable link (cache)
[6823/40930] 'BIOL2402 - Sam Houston State University': no usable link (cache)
[6824/40930] 'BIOL2403 - Sam Houston State University': no usable link (cache)
[6825/40930] 'BIOL2404 - Sam Houston State University': no usable link (cache)
[6826/40930] 'BIOL2440 - Sam Houston State University': no usable link (cache)
[6827/40930] 'BIOL3409 - Sam Houston State University': no usable link (cache)
[6828/40930] 'BIOL4361 - Sam Houston State University': no usable link (cache)
[6829/40930] 'BUAD1305 - Sam Houston State University': no usable link (cache)
[6830/40930] 'BUAD2301 - Sam Houston State University': no usable link (cache)
[6831/40930] 'BUAD3355 - Sam Houston State University': no usable link (cache)
[6832/40930] 'BUAD5310 - Sam Houston State University': no usable link (cache)
[6833/40930] 'CATM4360 - Sam Houston State University': no usable link (cache)
[6834/40930] 'CHEM138 - Sam Houston State University': no usable link (cache)
[6835/40930] 'CHEM1407 - Sam Houston State University': no usable link (cache)
[6836/40930] 'CHEM2123 - Sam Houston State University': no usable link (cache)
[6837/40930] 'CHEM2323 - Sam Houston State University': no usable link (cache)
[6838/40930] 'CHEM3438 - Sam Houston State University': no usable link (cache)
[6839/40930] 'CHEM4367 - Sam Houston State University': no usable link (cache)
[6840/40930] 'CIME3376 - Sam Houston State University': no usable link (cache)
[6841/40930] 'CJ339 - Sam Houston State University': no usable link (cache)
[6842/40930] 'CJ394 - Sam Houston State University': no usable link (cache)
[6843/40930] 'CJ4362 - Sam Houston State University': no usable link (cache)
[6844/40930] 'CJ4368 - Sam Houston State University': no usable link (cache)
[6845/40930] 'CJ468 - Sam Houston State University': no usable link (cache)
[6846/40930] 'CJ477 - Sam Houston State University': no usable link (cache)
[6847/40930] 'COS4320 - Sam Houston State University': no usable link (cache)
[6848/40930] 'COSC1436 - Sam Houston State University': no usable link (cache)
[6849/40930] 'COSC2327 - Sam Houston State University': no usable link (cache)
[6850/40930] 'COSC2329 - Sam Houston State University': no usable link (cache)
[6851/40930] 'COSC3316 - Sam Houston State University': no usable link (cache)
[6852/40930] 'COSC3319 - Sam Houston State University': no usable link (cache)
[6853/40930] 'COSC4316 - Sam Houston State University': no usable link (cache)
[6854/40930] 'COSC4319 - Sam Houston State University': no usable link (cache)
[6855/40930] 'CRIJ2361 - Sam Houston State University': no usable link (cache)
[6856/40930] 'CRIJ2362 - Sam Houston State University': no usable link (cache)
[6857/40930] 'CRIJ2365 - Sam Houston State University': no usable link (cache)
[6858/40930] 'CRIJ2367 - Sam Houston State University': no usable link (cache)
[6859/40930] 'CRIJ2394 - Sam Houston State University': no usable link (cache)
[6860/40930] 'CRIJ3340 - Sam Houston State University': no usable link (cache)
[6861/40930] 'CRIJ3363 - Sam Houston State University': no usable link (cache)
[6862/40930] 'CRIJ3396 - Sam Houston State University': no usable link (cache)
[6863/40930] 'CRIJ4330 - Sam Houston State University': no usable link (cache)
[6864/40930] 'CRIJ4336 - Sam Houston State University': no usable link (cache)
[6865/40930] 'CRIJ4360 - Sam Houston State University': no usable link (cache)
[6866/40930] 'CRIJ4367 - Sam Houston State University': no usable link (cache)
[6867/40930] 'CRIJ4377 - Sam Houston State University': no usable link (cache)
[6868/40930] 'CRIJ4385 - Sam Houston State University': no usable link (cache)
[6869/40930] 'CRIJ6339 - Sam Houston State University': no usable link (cache)
[6870/40930] 'CRIJ6360 - Sam Houston State University': no usable link (cache)
[6871/40930] 'CRJ3363 - Sam Houston State University': no usable link (cache)
[6872/40930] 'DFSC1316 - Sam Houston State University': no usable link (cache)
[6873/40930] 'DFSC1317 - Sam Houston State University': no usable link (cache)
[6874/40930] 'DFSC2316 - Sam Houston State University': no usable link (cache)
[6875/40930] 'DFSC3316 - Sam Houston State University': no usable link (cache)
[6876/40930] 'ECO233 - Sam Houston State University': no usable link (cache)
[6877/40930] 'ECO3357 - Sam Houston State University': no usable link (cache)
[6878/40930] 'ECO367 - Sam Houston State University': no usable link (cache)
[6879/40930] 'ECO467 - Sam Houston State University': no usable link (cache)
[6880/40930] 'ECON3357 - Sam Houston State University': no usable link (cache)
[6881/40930] 'ECON4357 - Sam Houston State University': no usable link (cache)
[6882/40930] 'ECON5357 - Sam Houston State University': no usable link (cache)
[6883/40930] 'ENG2342 - Sam Houston State University': no usable link (cache)
[6884/40930] 'ENGL3336 - Sam Houston State University': no usable link (cache)
[6885/40930] 'ENGL3391 - Sam Houston State University': no usable link (cache)
[6886/40930] 'ENGL3392 - Sam Houston State University': no usable link (cache)
[6887/40930] 'ENGL4335 - Sam Houston State University': no usable link (cache)
[6888/40930] 'ENGL4378 - Sam Houston State University': no usable link (cache)
[6889/40930] 'ACC325 - San Diego State University': no usable link (cache)
[6890/40930] 'ACCT332 - San Diego State University': no usable link (cache)
[6891/40930] 'ACCT503 - San Diego State University': no usable link (cache)
[6892/40930] 'ACCTG326 - San Diego State University': no usable link (cache)
[6893/40930] 'ACCTG332 - San Diego State University': no usable link (cache)
[6894/40930] 'ACCTG334 - San Diego State University': no usable link (cache)
[6895/40930] 'ACCTG503 - San Diego State University': no usable link (cache)
[6896/40930] 'ACCTG673 - San Diego State University': no usable link (cache)
[6897/40930] 'AE320 - San Diego State University': no usable link (cache)
[6898/40930] 'AE340 - San Diego State University': no usable link (cache)
[6899/40930] 'AFRAS100 - San Diego State University': no usable link (cache)
[6900/40930] 'AFRAS140 - San Diego State University': no usable link (cache)
[6901/40930] 'AFRAS170B - San Diego State University': no usable link (cache)
[6902/40930] 'AMIN140 - San Diego State University': no usable link (cache)
[6903/40930] 'AMIND140 - San Diego State University': no usable link (cache)
[6904/40930] 'AMIND141 - San Diego State University': no usable link (cache)
[6905/40930] 'AMIND225 - San Diego State University': no usable link (cache)
[6906/40930] 'AMIND370 - San Diego State University': no usable link (cache)
[6907/40930] 'AMIND435 - San Diego State University': no usable link (cache)
[6908/40930] 'AMIND460 - San Diego State University': no usable link (cache)
[6909/40930] 'ANTH355 - San Diego State University': no usable link (cache)
[6910/40930] 'ANTH406 - San Diego State University': no usable link (cache)
[6911/40930] 'ART409 - San Diego State University': no usable link (cache)
[6912/40930] 'ART558 - San Diego State University': no usable link (cache)
[6913/40930] 'ASIAN106 - San Diego State University': no usable link (cache)
[6914/40930] 'BA323 - San Diego State University': no usable link (cache)
[6915/40930] 'BA350 - San Diego State University': no usable link (cache)
[6916/40930] 'BA360 - San Diego State University': no usable link (cache)
[6917/40930] 'BA626 - San Diego State University': no usable link (cache)
[6918/40930] 'BIO526 - San Diego State University': no usable link (cache)
[6919/40930] 'BIOL525 - San Diego State University': no usable link (cache)
[6920/40930] 'BIOL526 - San Diego State University': no usable link (cache)
[6921/40930] 'CCS0120B - San Diego State University': no usable link (cache)
[6922/40930] 'CCS110 - San Diego State University': no usable link (cache)
[6923/40930] 'CCS120A - San Diego State University': no usable link (cache)
[6924/40930] 'CCS120B - San Diego State University': no usable link (cache)
[6925/40930] 'CCS141B - San Diego State University': no usable link (cache)
[6926/40930] 'CCS301 - San Diego State University': no usable link (cache)
[6927/40930] 'CCS350 - San Diego State University': no usable link (cache)
[6928/40930] 'CCS350A - San Diego State University': no usable link (cache)
[6929/40930] 'CE218 - San Diego State University': no usable link (cache)
[6930/40930] 'CE462 - San Diego State University': no usable link (cache)
[6931/40930] 'CHEM560 - San Diego State University': no usable link (cache)
[6932/40930] 'CHEM560A - San Diego State University': no usable link (cache)
[6933/40930] 'CIV218 - San Diego State University': no usable link (cache)
[6934/40930] 'CIVE218 - San Diego State University': no usable link (cache)
[6935/40930] 'CIVE301 - San Diego State University': no usable link (cache)
[6936/40930] 'CIVE302 - San Diego State University': no usable link (cache)
[6937/40930] 'CIVE421 - San Diego State University': no usable link (cache)
[6938/40930] 'CIVE462 - San Diego State University': no usable link (cache)
[6939/40930] 'CIVE465 - San Diego State University': no usable link (cache)
[6940/40930] 'CIVE479 - San Diego State University': no usable link (cache)
[6941/40930] 'CLT440 - San Diego State University': no usable link (cache)
[6942/40930] 'CLT594 - San Diego State University': no usable link (cache)
[6943/40930] 'CLT595 - San Diego State University': no usable link (cache)
[6944/40930] 'COMM0103 - San Diego State University': no usable link (cache)
[6945/40930] 'COMM103LECT - San Diego State University': no usable link (cache)
[6946/40930] 'COMM137 - San Diego State University': no usable link (cache)
[6947/40930] 'COMM174 - San Diego State University': no usable link (cache)
[6948/40930] 'COMM441 - San Diego State University': no usable link (cache)
[6949/40930] 'CONE240 - San Diego State University': no usable link (cache)
[6950/40930] 'DLE101 - San Diego State University': no usable link (cache)
[6951/40930] 'DLE102 - San Diego State University': no usable link (cache)
[6952/40930] 'DLE201 - San Diego State University': no usable link (cache)
[6953/40930] 'E220 - San Diego State University': no usable link (cache)
[6954/40930] 'ECL157 - San Diego State University': no usable link (cache)
[6955/40930] 'ECL440 - San Diego State University': no usable link (cache)
[6956/40930] 'ECL595 - San Diego State University': no usable link (cache)
[6957/40930] 'ECS3250 - San Diego State University': no usable link (cache)
[6958/40930] 'EE340 - San Diego State University': no usable link (cache)
[6959/40930] 'ENG260A - San Diego State University': no usable link (cache)
[6960/40930] 'ENG260B - San Diego State University': no usable link (cache)
[6961/40930] 'ENG540B - San Diego State University': no usable link (cache)
[6962/40930] 'ENGL540B - San Diego State University': no usable link (cache)
[6963/40930] 'AA585 - San Francisco State University': no usable link (cache)
[6964/40930] 'AAS206 - San Francisco State University': no usable link (cache)
[6965/40930] 'AAS210 - San Francisco State University': no usable link (cache)
[6966/40930] 'AAS216 - San Francisco State University': no usable link (cache)
[6967/40930] 'AAS323 - San Francisco State University': no usable link (cache)
[6968/40930] 'AAS331 - San Francisco State University': no usable link (cache)
[6969/40930] 'AAS332 - San Francisco State University': no usable link (cache)
[6970/40930] 'AAS352 - San Francisco State University': no usable link (cache)
[6971/40930] 'AAS375 - San Francisco State University': no usable link (cache)
[6972/40930] 'AAS393 - San Francisco State University': no usable link (cache)
[6973/40930] 'AAS510 - San Francisco State University': no usable link (cache)
[6974/40930] 'AAS585 - San Francisco State University': no usable link (cache)
[6975/40930] 'AAS697 - San Francisco State University': no usable link (cache)
[6976/40930] 'ACCT517 - San Francisco State University': no usable link (cache)
[6977/40930] 'ACCT551 - San Francisco State University': no usable link (cache)
[6978/40930] 'ACCT802 - San Francisco State University': no usable link (cache)
[6979/40930] 'AFRS214 - San Francisco State University': no usable link (cache)
[6980/40930] 'AFRS326 - San Francisco State University': no usable link (cache)
[6981/40930] 'AIS162 - San Francisco State University': no usable link (cache)
[6982/40930] 'AIS205 - San Francisco State University': no usable link (cache)
[6983/40930] 'AIS216 - San Francisco State University': no usable link (cache)
[6984/40930] 'AIS230 - San Francisco State University': no usable link (cache)
[6985/40930] 'AIS235 - San Francisco State University': no usable link (cache)
[6986/40930] 'AIS325 - San Francisco State University': no usable link (cache)
[6987/40930] 'ANTH552 - San Francisco State University': no usable link (cache)
[6988/40930] 'AU301 - San Francisco State University': no usable link (cache)
[6989/40930] 'BECA235 - San Francisco State University': no usable link (cache)
[6990/40930] 'BECA546 - San Francisco State University': no usable link (cache)
[6991/40930] 'BIO0585 - San Francisco State University': no usable link (cache)
[6992/40930] 'BIO530 - San Francisco State University': no usable link (cache)
[6993/40930] 'BIO585 - San Francisco State University': no usable link (cache)
[6994/40930] 'BUS300GWAR - San Francisco State University': no usable link (cache)
[6995/40930] 'BUS650 - San Francisco State University': no usable link (cache)
[6996/40930] 'BUS682 - San Francisco State University': no usable link (cache)
[6997/40930] 'BUS780 - San Francisco State University': no usable link (cache)
[6998/40930] 'BUS859 - San Francisco State University': no usable link (cache)
[6999/40930] 'CAD410 - San Francisco State University': no usable link (cache)
[7000/40930] 'CHEM336 - San Francisco State University': no usable link (cache)
[7001/40930] 'CHEM349 - San Francisco State University': no usable link (cache)
[7002/40930] 'CINE325 - San Francisco State University': no usable link (cache)
[7003/40930] 'CINE333 - San Francisco State University': no usable link (cache)
[7004/40930] 'CJ435 - San Francisco State University': no usable link (cache)
[7005/40930] 'CJ530 - San Francisco State University': no usable link (cache)
[7006/40930] 'CLAR515 - San Francisco State University': no usable link (cache)
[7007/40930] 'CLAS260 - San Francisco State University': no usable link (cache)
[7008/40930] 'CLAS410 - San Francisco State University': no usable link (cache)
[7009/40930] 'CLAS490 - San Francisco State University': no usable link (cache)
[7010/40930] 'CLASS230 - San Francisco State University': no usable link (cache)
[7011/40930] 'COMM362 - San Francisco State University': no usable link (cache)
[7012/40930] 'COMM522 - San Francisco State University': no usable link (cache)
[7013/40930] 'COMM541 - San Francisco State University': no usable link (cache)
[7014/40930] 'COMM552 - San Francisco State University': no usable link (cache)
[7015/40930] 'COMM553 - San Francisco State University': no usable link (cache)
[7016/40930] 'COMM566 - San Francisco State University': no usable link (cache)
[7017/40930] 'COMM661 - San Francisco State University': no usable link (cache)
[7018/40930] 'COMMS150 - San Francisco State University': no usable link (cache)
[7019/40930] 'CSC213 - San Francisco State University': no usable link (cache)
[7020/40930] 'CSC615 - San Francisco State University': no usable link (cache)
[7021/40930] 'CW301 - San Francisco State University': no usable link (cache)
[7022/40930] 'DAI300 - San Francisco State University': no usable link (cache)
[7023/40930] 'DANC350 - San Francisco State University': no usable link (cache)
[7024/40930] 'DS604 - San Francisco State University': no usable link (cache)
[7025/40930] 'ECON10201 - San Francisco State University': no usable link (cache)
[7026/40930] 'ENG501 - San Francisco State University': no usable link (cache)
[7027/40930] 'ENG512 - San Francisco State University': no usable link (cache)
[7028/40930] 'ENG555 - San Francisco State University': no usable link (cache)
[7029/40930] 'AAS1 - San Jose State University': no usable link (cache)
[7030/40930] 'AAS33 - San Jose State University': no usable link (cache)
[7031/40930] 'AAS33B - San Jose State University': no usable link (cache)
[7032/40930] 'AFAM158 - San Jose State University': no usable link (cache)
[7033/40930] 'AFAM2A - San Jose State University': no usable link (cache)
[7034/40930] 'ANTH136 - San Jose State University': no usable link (cache)
[7035/40930] 'ANTH149 - San Jose State University': no usable link (cache)
[7036/40930] 'ARTH15 - San Jose State University': no usable link (cache)
[7037/40930] 'ARTH70A - San Jose State University': no usable link (cache)
[7038/40930] 'ARTH72 - San Jose State University': no usable link (cache)
[7039/40930] 'ASTR10 - San Jose State University': no usable link (cache)
[7040/40930] 'ASTRO10A - San Jose State University': no usable link (cache)
[7041/40930] 'AVIA1 - San Jose State University': no usable link (cache)
[7042/40930] 'AVIA141 - San Jose State University': no usable link (cache)
[7043/40930] 'BIO30 - San Jose State University': no usable link (cache)
[7044/40930] 'BIOL136 - San Jose State University': no usable link (cache)
[7045/40930] 'BIOL30 - San Jose State University': no usable link (cache)
[7046/40930] 'BIOL6 - San Jose State University': no usable link (cache)
[7047/40930] 'BIOL66 - San Jose State University': no usable link (cache)
[7048/40930] 'BUS092 - San Jose State University': no usable link (cache)
[7049/40930] 'BUS110A - San Jose State University': no usable link (cache)
[7050/40930] 'BUS1120A - San Jose State University': no usable link (cache)
[7051/40930] 'BUS1121A - San Jose State University': no usable link (cache)
[7052/40930] 'BUS12 - San Jose State University': no usable link (cache)
[7053/40930] 'BUS121A - San Jose State University': no usable link (cache)
[7054/40930] 'BUS134C - San Jose State University': no usable link (cache)
[7055/40930] 'BUS140 - San Jose State University': no usable link (cache)
[7056/40930] 'BUS144 - San Jose State University': no usable link (cache)
[7057/40930] 'BUS146 - San Jose State University': no usable link (cache)
[7058/40930] 'BUS162 - San Jose State University': no usable link (cache)
[7059/40930] 'BUS165 - San Jose State University': no usable link (cache)
[7060/40930] 'BUS165A - San Jose State University': no usable link (cache)
[7061/40930] 'BUS166 - San Jose State University': no usable link (cache)
[7062/40930] 'BUS171A - San Jose State University': no usable link (cache)
[7063/40930] 'BUS173A - San Jose State University': no usable link (cache)
[7064/40930] 'BUS187 - San Jose State University': no usable link (cache)
[7065/40930] 'BUS188 - San Jose State University': no usable link (cache)
[7066/40930] 'BUS189 - San Jose State University': no usable link (cache)
[7067/40930] 'BUS20 - San Jose State University': no usable link (cache)
[7068/40930] 'BUS2189 - San Jose State University': no usable link (cache)
[7069/40930] 'BUS2190 - San Jose State University': no usable link (cache)
[7070/40930] 'BUS21A - San Jose State University': no usable link (cache)
[7071/40930] 'BUS3160 - San Jose State University': no usable link (cache)
[7072/40930] 'BUS3189 - San Jose State University': no usable link (cache)
[7073/40930] 'BUS4111 - San Jose State University': no usable link (cache)
[7074/40930] 'BUS5140 - San Jose State University': no usable link (cache)
[7075/40930] 'BUS5147 - San Jose State University': no usable link (cache)
[7076/40930] 'BUS5187 - San Jose State University': no usable link (cache)
[7077/40930] 'BUS91L - San Jose State University': no usable link (cache)
[7078/40930] 'BUS92L - San Jose State University': no usable link (cache)
[7079/40930] 'CE170 - San Jose State University': no usable link (cache)
[7080/40930] 'CHAD106 - San Jose State University': no usable link (cache)
[7081/40930] 'CHAD157 - San Jose State University': no usable link (cache)
[7082/40930] 'CHAD161 - San Jose State University': no usable link (cache)
[7083/40930] 'CHAD162 - San Jose State University': no usable link (cache)
[7084/40930] 'CHAD164 - San Jose State University': no usable link (cache)
[7085/40930] 'CMPE130 - San Jose State University': no usable link (cache)
[7086/40930] 'CMPE148 - San Jose State University': no usable link (cache)
[7087/40930] 'CMPE18092 - San Jose State University': no usable link (cache)
[7088/40930] 'COMM020 - San Jose State University': no usable link (cache)
[7089/40930] 'COMM100W - San Jose State University': no usable link (cache)
[7090/40930] 'COMM101C - San Jose State University': no usable link (cache)
[7091/40930] 'COMM173F - San Jose State University': no usable link (cache)
[7092/40930] 'COMM199 - San Jose State University': no usable link (cache)
[7093/40930] 'COMM20N - San Jose State University': no usable link (cache)
[7094/40930] 'COMM96PS - San Jose State University': no usable link (cache)
[7095/40930] 'ENGL117A - San Jose State University': no usable link (cache)
[7096/40930] 'ACCT182 - Santa Clara University': no usable link (cache)
[7097/40930] 'ACTG12 - Santa Clara University': no usable link (cache)
[7098/40930] 'ACTG120 - Santa Clara University': no usable link (cache)
[7099/40930] 'ACTG131 - Santa Clara University': no usable link (cache)
[7100/40930] 'ANTH27693 - Santa Clara University': no usable link (cache)
[7101/40930] 'ANTH6 - Santa Clara University': no usable link (cache)
[7102/40930] 'ART63 - Santa Clara University': no usable link (cache)
[7103/40930] 'ARTH11A - Santa Clara University': no usable link (cache)
[7104/40930] 'ARTH12A - Santa Clara University': no usable link (cache)
[7105/40930] 'ARTH23 - Santa Clara University': no usable link (cache)
[7106/40930] 'ARTS177 - Santa Clara University': no usable link (cache)
[7107/40930] 'ARTS33 - Santa Clara University': no usable link (cache)
[7108/40930] 'BIO25 - Santa Clara University': no usable link (cache)
[7109/40930] 'BIOL158 - Santa Clara University': no usable link (cache)
[7110/40930] 'BIOL1A - Santa Clara University': no usable link (cache)
[7111/40930] 'BIOL1C - Santa Clara University': no usable link (cache)
[7112/40930] 'BUS179 - Santa Clara University': no usable link (cache)
[7113/40930] 'BUSN179 - Santa Clara University': no usable link (cache)
[7114/40930] 'BUSN85 - Santa Clara University': no usable link (cache)
[7115/40930] 'CHEM12L - Santa Clara University': no usable link (cache)
[7116/40930] 'CIVIL7L - Santa Clara University': no usable link (cache)
[7117/40930] 'COEN19 - Santa Clara University': no usable link (cache)
[7118/40930] 'COEN210 - Santa Clara University': no usable link (cache)
[7119/40930] 'COEN235 - Santa Clara University': no usable link (cache)
[7120/40930] 'COEN338 - Santa Clara University': no usable link (cache)
[7121/40930] 'COEN383 - Santa Clara University': no usable link (cache)
[7122/40930] 'COEN70 - Santa Clara University': no usable link (cache)
[7123/40930] 'COMM172 - Santa Clara University': no usable link (cache)
[7124/40930] 'COMM20 - Santa Clara University': no usable link (cache)
[7125/40930] 'CPSY212 - Santa Clara University': no usable link (cache)
[7126/40930] 'CPSY227 - Santa Clara University': no usable link (cache)
[7127/40930] 'CSEN12 - Santa Clara University': no usable link (cache)
[7128/40930] 'CSEN177 - Santa Clara University': no usable link (cache)
[7129/40930] 'CSEN20 - Santa Clara University': no usable link (cache)
[7130/40930] 'CSEN283 - Santa Clara University': no usable link (cache)
[7131/40930] 'CTW12 - Santa Clara University': no usable link (cache)
[7132/40930] 'CTW1AND2 - Santa Clara University': no usable link (cache)
[7133/40930] 'ECON1E - Santa Clara University': no usable link (cache)
[7134/40930] 'ECON27 - Santa Clara University': no usable link (cache)
[7135/40930] 'ELEN153 - Santa Clara University': no usable link (cache)
[7136/40930] 'EMGT345 - Santa Clara University': no usable link (cache)
[7137/40930] 'ENGL171 - Santa Clara University': no usable link (cache)
[7138/40930] 'ENGL2 - Santa Clara University': no usable link (cache)
[7139/40930] 'ENGL2A - Santa Clara University': no usable link (cache)
[7140/40930] 'ENGL70 - Santa Clara University' (cache): SAVED top 1 -> https://www.bruinwalk.com/classes/engl-70/
[7141/40930] 'ACCT2310 - Seattle University': no usable link (cache)
[7142/40930] 'ANTHR120 - Seattle University': no usable link (cache)
[7143/40930] 'BCOM2800 - Seattle University': no usable link (cache)
[7144/40930] 'BETH351 - Seattle University': no usable link (cache)
[7145/40930] 'BIO2700 - Seattle University': no usable link (cache)
[7146/40930] 'BIO4700 - Seattle University': no usable link (cache)
[7147/40930] 'BIOL1630 - Seattle University': no usable link (cache)
[7148/40930] 'BIOL2200 - Seattle University': no usable link (cache)
[7149/40930] 'BIOL2220 - Seattle University': no usable link (cache)
[7150/40930] 'BIOL2700 - Seattle University': no usable link (cache)
[7151/40930] 'BUAN4210 - Seattle University': no usable link (cache)
[7152/40930] 'BUSN300 - Seattle University': no usable link (cache)
[7153/40930] 'CEE431 - Seattle University': no usable link (cache)
[7154/40930] 'CEEGR3020 - Seattle University': no usable link (cache)
[7155/40930] 'CEEGR3310 - Seattle University': no usable link (cache)
[7156/40930] 'CHEM1501 - Seattle University': no usable link (cache)
[7157/40930] 'CHEM1511 - Seattle University': no usable link (cache)
[7158/40930] 'CMJR225 - Seattle University': no usable link (cache)
[7159/40930] 'CMJR230 - Seattle University': no usable link (cache)
[7160/40930] 'CMME2000 - Seattle University': no usable link (cache)
[7161/40930] 'CMME2100 - Seattle University': no usable link (cache)
[7162/40930] 'CONT100 - Seattle University': no usable link (cache)
[7163/40930] 'CPSC2430 - Seattle University': no usable link (cache)
[7164/40930] 'CPSC3500 - Seattle University': no usable link (cache)
[7165/40930] 'CRJS1100 - Seattle University': no usable link (cache)
[7166/40930] 'CRJS2100 - Seattle University': no usable link (cache)
[7167/40930] 'CSSE103 - Seattle University': no usable link (cache)
[7168/40930] 'ECON2130 - Seattle University': no usable link (cache)
[7169/40930] 'ADULT1 - Seton Hall University': no usable link (cache)
[7170/40930] 'AFAM2330 - Seton Hall University': no usable link (cache)
[7171/40930] 'ANTH1202 - Seton Hall University': no usable link (cache)
[7172/40930] 'ARAB1101 - Seton Hall University': no usable link (cache)
[7173/40930] 'ARTH1107 - Seton Hall University': no usable link (cache)
[7174/40930] 'ASIA6121 - Seton Hall University': no usable link (cache)
[7175/40930] 'BACC2103 - Seton Hall University': no usable link (cache)
[7176/40930] 'BACC4101 - Seton Hall University': no usable link (cache)
[7177/40930] 'BFIN2201 - Seton Hall University': no usable link (cache)
[7178/40930] 'BFIN4000 - Seton Hall University': no usable link (cache)
[7179/40930] 'BFIN4227 - Seton Hall University': no usable link (cache)
[7180/40930] 'BFIN4260AB - Seton Hall University': no usable link (cache)
[7181/40930] 'BFIN7245 - Seton Hall University': no usable link (cache)
[7182/40930] 'BIBL6529 - Seton Hall University': no usable link (cache)
[7183/40930] 'BILL2211 - Seton Hall University': no usable link (cache)
[7184/40930] 'BIO1122 - Seton Hall University': no usable link (cache)
[7185/40930] 'BIO1222 - Seton Hall University': no usable link (cache)
[7186/40930] 'BIO1223 - Seton Hall University': no usable link (cache)
[7187/40930] 'BIO2211 - Seton Hall University': no usable link (cache)
[7188/40930] 'BIO3411 - Seton Hall University': no usable link (cache)
[7189/40930] 'BIOL1122 - Seton Hall University': no usable link (cache)
[7190/40930] 'BIOL1133 - Seton Hall University': no usable link (cache)
[7191/40930] 'BIOL1222 - Seton Hall University': no usable link (cache)
[7192/40930] 'BIOL2111 - Seton Hall University': no usable link (cache)
[7193/40930] 'BIOL2141 - Seton Hall University': no usable link (cache)
[7194/40930] 'BIOL2211 - Seton Hall University': no usable link (cache)
[7195/40930] 'BIOL3336 - Seton Hall University': no usable link (cache)
[7196/40930] 'BIOL3411 - Seton Hall University': no usable link (cache)
[7197/40930] 'BITM3724 - Seton Hall University': no usable link (cache)
[7198/40930] 'BITM3727 - Seton Hall University': no usable link (cache)
[7199/40930] 'BITM3744 - Seton Hall University': no usable link (cache)
[7200/40930] 'BMBA9102 - Seton Hall University': no usable link (cache)
[7201/40930] 'BMBA9400 - Seton Hall University': no usable link (cache)
[7202/40930] 'BMBA9456 - Seton Hall University': no usable link (cache)
[7203/40930] 'BMGT2501 - Seton Hall University': no usable link (cache)
[7204/40930] 'BMGT3515 - Seton Hall University': no usable link (cache)
[7205/40930] 'BMKT2601 - Seton Hall University': no usable link (cache)
[7206/40930] 'BQUA2811 - Seton Hall University': no usable link (cache)
[7207/40930] 'BQUA2812 - Seton Hall University': no usable link (cache)
[7208/40930] 'BSAN7001 - Seton Hall University': no usable link (cache)
[7209/40930] 'CALC1401 - Seton Hall University': no usable link (cache)
[7210/40930] 'CALC1411 - Seton Hall University': no usable link (cache)
[7211/40930] 'CHEM2215 - Seton Hall University': no usable link (cache)
[7212/40930] 'CHEM2314 - Seton Hall University': no usable link (cache)
[7213/40930] 'CHEM2322 - Seton Hall University': no usable link (cache)
[7214/40930] 'CHEM7512 - Seton Hall University': no usable link (cache)
[7215/40930] 'COBF2223 - Seton Hall University': no usable link (cache)
[7216/40930] 'COMM2623 - Seton Hall University': no usable link (cache)
[7217/40930] 'CORE1101 - Seton Hall University': no usable link (cache)
[7218/40930] 'CORE1102 - Seton Hall University': no usable link (cache)
[7219/40930] 'CORE1201 - Seton Hall University': no usable link (cache)
[7220/40930] 'CORE2101 - Seton Hall University': no usable link (cache)
[7221/40930] 'CORE3600 - Seton Hall University': no usable link (cache)
[7222/40930] 'CORE3752 - Seton Hall University': no usable link (cache)
[7223/40930] 'CORE3810 - Seton Hall University': no usable link (cache)
[7224/40930] 'COST1600 - Seton Hall University': no usable link (cache)
[7225/40930] 'COST2623 - Seton Hall University': no usable link (cache)
[7226/40930] 'COST2625 - Seton Hall University': no usable link (cache)
[7227/40930] 'COTH2626 - Seton Hall University': no usable link (cache)
[7228/40930] 'CRIM2613 - Seton Hall University': no usable link (cache)
[7229/40930] 'CRIM2616 - Seton Hall University': no usable link (cache)
[7230/40930] 'CRIM2910 - Seton Hall University': no usable link (cache)
[7231/40930] 'CSAS1113 - Seton Hall University': no usable link (cache)
[7232/40930] 'DIPL3800 - Seton Hall University': no usable link (cache)
[7233/40930] 'DIPL6115 - Seton Hall University': no usable link (cache)
[7234/40930] 'DIPL6155 - Seton Hall University': no usable link (cache)
[7235/40930] 'ECON1402 - Seton Hall University': no usable link (cache)
[7236/40930] 'ECON1402NA - Seton Hall University': no usable link (cache)
[7237/40930] 'ECON2408 - Seton Hall University': no usable link (cache)
[7238/40930] 'ECON2421 - Seton Hall University': no usable link (cache)
[7239/40930] 'ENG1201 - Seton Hall University': no usable link (cache)
[7240/40930] 'ENG1202 - Seton Hall University': no usable link (cache)
[7241/40930] 'ENGL1202 - Seton Hall University': no usable link (cache)
[7242/40930] 'ENGL2103 - Seton Hall University': no usable link (cache)
[7243/40930] 'ENGL2516 - Seton Hall University': no usable link (cache)
[7244/40930] 'ACCT200 - Siena College': no usable link (cache)
[7245/40930] 'ACCT205 - Siena College': no usable link (cache)
[7246/40930] 'ACCT370 - Siena College': no usable link (cache)
[7247/40930] 'ATDV110 - Siena College': no usable link (cache)
[7248/40930] 'BAAS130 - Siena College': no usable link (cache)
[7249/40930] 'BAAS200 - Siena College': no usable link (cache)
[7250/40930] 'BAAS300 - Siena College': no usable link (cache)
[7251/40930] 'BAAS320 - Siena College': no usable link (cache)
[7252/40930] 'BAAS330 - Siena College': no usable link (cache)
[7253/40930] 'BIBL101 - Siena College': no usable link (cache)
[7254/40930] 'BIO010 - Siena College': no usable link (cache)
[7255/40930] 'BIO110LAB - Siena College': no usable link (cache)
[7256/40930] 'BIO260 - Siena College': no usable link (cache)
[7257/40930] 'BIOL025 - Siena College': no usable link (cache)
[7258/40930] 'BIOL170 - Siena College': no usable link (cache)
[7259/40930] 'BIOL195 - Siena College': no usable link (cache)
[7260/40930] 'BLAW200 - Siena College': no usable link (cache)
[7261/40930] 'BUDV450 - Siena College': no usable link (cache)
[7262/40930] 'CALC2A - Siena College': no usable link (cache)
[7263/40930] 'CREA100 - Siena College': no usable link (cache)
[7264/40930] 'CREA101 - Siena College': no usable link (cache)
[7265/40930] 'CREA102 - Siena College': no usable link (cache)
[7266/40930] 'CREA103 - Siena College': no usable link (cache)
[7267/40930] 'CREA112 - Siena College': no usable link (cache)
[7268/40930] 'CREA120 - Siena College': no usable link (cache)
[7269/40930] 'CREA210 - Siena College': no usable link (cache)
[7270/40930] 'CSIS010 - Siena College': no usable link (cache)
[7271/40930] 'CSIS011 - Siena College': no usable link (cache)
[7272/40930] 'CSIS210 - Siena College': no usable link (cache)
[7273/40930] 'CSIS350 - Siena College': no usable link (cache)
[7274/40930] 'ENG011 - Siena College': no usable link (cache)
[7275/40930] 'ENGL011 - Siena College': no usable link (cache)
[7276/40930] 'ALS602 - Simon Fraser University': no usable link (cache)
[7277/40930] 'BISC312 - Simon Fraser University': no usable link (cache)
[7278/40930] 'BISC326 - Simon Fraser University': no usable link (cache)
[7279/40930] 'BUS108 - Simon Fraser University': no usable link (cache)
[7280/40930] 'BUS232 - Simon Fraser University': no usable link (cache)
[7281/40930] 'BUS238 - Simon Fraser University': no usable link (cache)
[7282/40930] 'BUS275 - Simon Fraser University': no usable link (cache)
[7283/40930] 'BUS333 - Simon Fraser University': no usable link (cache)
[7284/40930] 'BUS343 - Simon Fraser University': no usable link (cache)
[7285/40930] 'CHEM281LAB - Simon Fraser University': no usable link (cache)
[7286/40930] 'CHEM286LAB - Simon Fraser University': no usable link (cache)
[7287/40930] 'CHI100 - Simon Fraser University': no usable link (cache)
[7288/40930] 'CMNS346 - Simon Fraser University': no usable link (cache)
[7289/40930] 'CMNS348 - Simon Fraser University': no usable link (cache)
[7290/40930] 'CMNS448 - Simon Fraser University': no usable link (cache)
[7291/40930] 'CMPT126 - Simon Fraser University': no usable link (cache)
[7292/40930] 'CMPT150 - Simon Fraser University': no usable link (cache)
[7293/40930] 'CMPT250 - Simon Fraser University': no usable link (cache)
[7294/40930] 'CMPT300 - Simon Fraser University': no usable link (cache)
[7295/40930] 'COM002 - Simon Fraser University': no usable link (cache)
[7296/40930] 'CRIM231 - Simon Fraser University': no usable link (cache)
[7297/40930] 'CRIM316 - Simon Fraser University': no usable link (cache)
[7298/40930] 'CRIM343 - Simon Fraser University': no usable link (cache)
[7299/40930] 'CRIM3XX - Simon Fraser University': no usable link (cache)
[7300/40930] 'EASC101 - Simon Fraser University': no usable link (cache)
[7301/40930] 'EASC103 - Simon Fraser University': no usable link (cache)
[7302/40930] 'EASC106 - Simon Fraser University': no usable link (cache)
[7303/40930] 'EASC209W - Simon Fraser University': no usable link (cache)
[7304/40930] 'EDU471 - Simon Fraser University': no usable link (cache)
[7305/40930] 'AA201 - Skidmore College': no usable link (cache)
[7306/40930] 'AH107 - Skidmore College': no usable link (cache)
[7307/40930] 'AH151D - Skidmore College': no usable link (cache)
[7308/40930] 'AH221 - Skidmore College': no usable link (cache)
[7309/40930] 'AH251 - Skidmore College': no usable link (cache)
[7310/40930] 'AM233 - Skidmore College': no usable link (cache)
[7311/40930] 'AN101 - Skidmore College': no usable link (cache)
[7312/40930] 'AN252 - Skidmore College': no usable link (cache)
[7313/40930] 'AR131 - Skidmore College': no usable link (cache)
[7314/40930] 'AR133 - Skidmore College': no usable link (cache)
[7315/40930] 'AR134 - Skidmore College': no usable link (cache)
[7316/40930] 'AR136 - Skidmore College': no usable link (cache)
[7317/40930] 'AR211 - Skidmore College': no usable link (cache)
[7318/40930] 'AR217 - Skidmore College': no usable link (cache)
[7319/40930] 'BI105 - Skidmore College': no usable link (cache)
[7320/40930] 'BI106 - Skidmore College': no usable link (cache)
[7321/40930] 'BI107 - Skidmore College': no usable link (cache)
[7322/40930] 'BI108 - Skidmore College': no usable link (cache)
[7323/40930] 'BI1O7 - Skidmore College': no usable link (cache)
[7324/40930] 'BIO107LAB - Skidmore College': no usable link (cache)
[7325/40930] 'CH105 - Skidmore College': no usable link (cache)
[7326/40930] 'CH115 - Skidmore College': no usable link (cache)
[7327/40930] 'CH313 - Skidmore College': no usable link (cache)
[7328/40930] 'DANCE2 - Skidmore College': no usable link (cache)
[7329/40930] 'EC104 - Skidmore College': no usable link (cache)
[7330/40930] 'EC236 - Skidmore College': no usable link (cache)
[7331/40930] 'EN103 - Skidmore College': no usable link (cache)
[7332/40930] 'EN105 - Skidmore College': no usable link (cache)
[7333/40930] 'EN211 - Skidmore College': no usable link (cache)
[7334/40930] 'EN225 - Skidmore College': no usable link (cache)
[7335/40930] 'EN228 - Skidmore College': no usable link (cache)
[7336/40930] 'AAS111 - Smith College': no usable link (cache)
[7337/40930] 'AFR111 - Smith College': no usable link (cache)
[7338/40930] 'AMS215IR - Smith College': no usable link (cache)
[7339/40930] 'ANT135 - Smith College': no usable link (cache)
[7340/40930] 'ANT229 - Smith College': no usable link (cache)
[7341/40930] 'ARH281 - Smith College': no usable link (cache)
[7342/40930] 'ARS161 - Smith College': no usable link (cache)
[7343/40930] 'ARS162 - Smith College': no usable link (cache)
[7344/40930] 'ARS163 - Smith College': no usable link (cache)
[7345/40930] 'CHI351 - Smith College': no usable link (cache)
[7346/40930] 'CHM118LAB - Smith College': no usable link (cache)
[7347/40930] 'EAL273 - Smith College': no usable link (cache)
[7348/40930] 'ECO258 - Smith College': no usable link (cache)
[7349/40930] 'EDC239 - Smith College': no usable link (cache)
[7350/40930] 'EDC342 - Smith College': no usable link (cache)
[7351/40930] 'EGR374 - Smith College': no usable link (cache)
[7352/40930] 'ACCT441 - Southern Illinois University Carbondale': no usable link (cache)
[7353/40930] 'AD223 - Southern Illinois University Carbondale': no usable link (cache)
[7354/40930] 'AD489D - Southern Illinois University Carbondale': no usable link (cache)
[7355/40930] 'AF260 - Southern Illinois University Carbondale': no usable link (cache)
[7356/40930] 'AH241 - Southern Illinois University Carbondale': no usable link (cache)
[7357/40930] 'AJ408 - Southern Illinois University Carbondale': no usable link (cache)
[7358/40930] 'ANS200 - Southern Illinois University Carbondale': no usable link (cache)
[7359/40930] 'ARC502 - Southern Illinois University Carbondale': no usable link (cache)
[7360/40930] 'ARC553 - Southern Illinois University Carbondale': no usable link (cache)
[7361/40930] 'ASL120A - Southern Illinois University Carbondale': no usable link (cache)
[7362/40930] 'AUT120 - Southern Illinois University Carbondale': no usable link (cache)
[7363/40930] 'AUT340 - Southern Illinois University Carbondale': no usable link (cache)
[7364/40930] 'AVM373 - Southern Illinois University Carbondale': no usable link (cache)
[7365/40930] 'BA304 - Southern Illinois University Carbondale': no usable link (cache)
[7366/40930] 'BA550 - Southern Illinois University Carbondale': no usable link (cache)
[7367/40930] 'BAT200 - Southern Illinois University Carbondale': no usable link (cache)
[7368/40930] 'CCJ340 - Southern Illinois University Carbondale': no usable link (cache)
[7369/40930] 'CCJ408 - Southern Illinois University Carbondale': no usable link (cache)
[7370/40930] 'CHEM200H - Southern Illinois University Carbondale': no usable link (cache)
[7371/40930] 'CHEM205H - Southern Illinois University Carbondale': no usable link (cache)
[7372/40930] 'CI120 - Southern Illinois University Carbondale': no usable link (cache)
[7373/40930] 'CI227 - Southern Illinois University Carbondale': no usable link (cache)
[7374/40930] 'CI431 - Southern Illinois University Carbondale': no usable link (cache)
[7375/40930] 'CI433 - Southern Illinois University Carbondale': no usable link (cache)
[7376/40930] 'CI435 - Southern Illinois University Carbondale': no usable link (cache)
[7377/40930] 'DH218 - Southern Illinois University Carbondale': no usable link (cache)
[7378/40930] 'EDUC211 - Southern Illinois University Carbondale': no usable link (cache)
[7379/40930] 'EDUC319 - Southern Illinois University Carbondale': no usable link (cache)
[7380/40930] 'ACCT4315 - Southern Methodist University': no usable link (cache)
[7381/40930] 'ACCT6218 - Southern Methodist University': no usable link (cache)
[7382/40930] 'ACT6201 - Southern Methodist University': no usable link (cache)
[7383/40930] 'ADV1300 - Southern Methodist University': no usable link (cache)
[7384/40930] 'ADV1321 - Southern Methodist University': no usable link (cache)
[7385/40930] 'ADV1331 - Southern Methodist University': no usable link (cache)
[7386/40930] 'ADV2301 - Southern Methodist University': no usable link (cache)
[7387/40930] 'ADV3333 - Southern Methodist University': no usable link (cache)
[7388/40930] 'ADV3361 - Southern Methodist University': no usable link (cache)
[7389/40930] 'ADV3385 - Southern Methodist University': no usable link (cache)
[7390/40930] 'ANT2302 - Southern Methodist University': no usable link (cache)
[7391/40930] 'ANTH2363 - Southern Methodist University': no usable link (cache)
[7392/40930] 'ANTH3344 - Southern Methodist University': no usable link (cache)
[7393/40930] 'ANTH3361 - Southern Methodist University': no usable link (cache)
[7394/40930] 'APSM2301 - Southern Methodist University': no usable link (cache)
[7395/40930] 'APSM3322 - Southern Methodist University': no usable link (cache)
[7396/40930] 'ASPR1300 - Southern Methodist University': no usable link (cache)
[7397/40930] 'ASPR3300 - Southern Methodist University': no usable link (cache)
[7398/40930] 'BIO1303 - Southern Methodist University': no usable link (cache)
[7399/40930] 'BIO3323 - Southern Methodist University': no usable link (cache)
[7400/40930] 'BIOL1303 - Southern Methodist University': no usable link (cache)
[7401/40930] 'BIOL1305 - Southern Methodist University': no usable link (cache)
[7402/40930] 'BIOL3222 - Southern Methodist University': no usable link (cache)
[7403/40930] 'BIOL3303 - Southern Methodist University': no usable link (cache)
[7404/40930] 'BL6325 - Southern Methodist University': no usable link (cache)
[7405/40930] 'BLI3302 - Southern Methodist University': no usable link (cache)
[7406/40930] 'BUSE2311 - Southern Methodist University': no usable link (cache)
[7407/40930] 'CALC1338 - Southern Methodist University': no usable link (cache)
[7408/40930] 'CCPA2300 - Southern Methodist University': no usable link (cache)
[7409/40930] 'CCPA2310 - Southern Methodist University': no usable link (cache)
[7410/40930] 'CCPA2327 - Southern Methodist University': no usable link (cache)
[7411/40930] 'CCPA3393 - Southern Methodist University': no usable link (cache)
[7412/40930] 'CEE2304 - Southern Methodist University': no usable link (cache)
[7413/40930] 'CHIN1402 - Southern Methodist University': no usable link (cache)
[7414/40930] 'CHIN2401 - Southern Methodist University': no usable link (cache)
[7415/40930] 'CHIN3311 - Southern Methodist University': no usable link (cache)
[7416/40930] 'CHIN4382 - Southern Methodist University': no usable link (cache)
[7417/40930] 'CISB6222 - Southern Methodist University': no usable link (cache)
[7418/40930] 'ECO4301 - Southern Methodist University': no usable link (cache)
[7419/40930] 'ECO4337 - Southern Methodist University': no usable link (cache)
[7420/40930] 'ECO4341 - Southern Methodist University': no usable link (cache)
[7421/40930] 'ECO4351 - Southern Methodist University': no usable link (cache)
[7422/40930] 'ECO4368 - Southern Methodist University': no usable link (cache)
[7423/40930] 'ECO5337 - Southern Methodist University': no usable link (cache)
[7424/40930] 'ECON1301 - Southern Methodist University': no usable link (cache)
[7425/40930] 'ECON1311 - Southern Methodist University': no usable link (cache)
[7426/40930] 'EDU2349 - Southern Methodist University': no usable link (cache)
[7427/40930] 'EDU2350 - Southern Methodist University': no usable link (cache)
[7428/40930] 'EMIS3360 - Southern Methodist University': no usable link (cache)
[7429/40930] 'EMIS3361 - Southern Methodist University': no usable link (cache)
[7430/40930] 'EMIS3375 - Southern Methodist University': no usable link (cache)
[7431/40930] 'ENG2305 - Southern Methodist University': no usable link (cache)
[7432/40930] 'ENGL2306 - Southern Methodist University': no usable link (cache)
[7433/40930] "CHE1112R - St. John's University": no usable link (cache)
[7434/40930] "CHE1130 - St. John's University": no usable link (cache)
[7435/40930] "CHE1210 - St. John's University": no usable link (cache)
[7436/40930] "CHE1220 - St. John's University": no usable link (cache)
[7437/40930] "CJ2002 - St. John's University": no usable link (cache)
[7438/40930] "CMC1005 - St. John's University": no usable link (cache)
[7439/40930] "CRJ2000 - St. John's University": no usable link (cache)
[7440/40930] "CRJ2001 - St. John's University": no usable link (cache)
[7441/40930] "CRJ2003 - St. John's University": no usable link (cache)
[7442/40930] "CRJ2004 - St. John's University": no usable link (cache)
[7443/40930] "CSD1000 - St. John's University": no usable link (cache)
[7444/40930] "CUS1126 - St. John's University": no usable link (cache)
[7445/40930] "ECO1320 - St. John's University": no usable link (cache)
[7446/40930] 'BT243 - Stevens Institute of Technology': no usable link (cache)
[7447/40930] 'CAL105 - Stevens Institute of Technology': no usable link (cache)
[7448/40930] 'EE605A - Stevens Institute of Technology': no usable link (cache)
[7449/40930] 'AAS220 - Stony Brook University': no usable link (cache)
[7450/40930] 'AAS280 - Stony Brook University': no usable link (cache)
[7451/40930] 'ADV201 - Stony Brook University': no usable link (cache)
[7452/40930] 'AFH249 - Stony Brook University': no usable link (cache)
[7453/40930] 'AFH329 - Stony Brook University': no usable link (cache)
[7454/40930] 'AFH330 - Stony Brook University': no usable link (cache)
[7455/40930] 'AFS101 - Stony Brook University': no usable link (cache)
[7456/40930] 'AFS102 - Stony Brook University': no usable link (cache)
[7457/40930] 'AFS320 - Stony Brook University': no usable link (cache)
[7458/40930] 'AFS339 - Stony Brook University': no usable link (cache)
[7459/40930] 'AFS365 - Stony Brook University': no usable link (cache)
[7460/40930] 'ANP300 - Stony Brook University': no usable link (cache)
[7461/40930] 'ANP391 - Stony Brook University': no usable link (cache)
[7462/40930] 'ANT215 - Stony Brook University': no usable link (cache)
[7463/40930] 'ANT222 - Stony Brook University': no usable link (cache)
[7464/40930] 'ARH107 - Stony Brook University': no usable link (cache)
[7465/40930] 'ARH210 - Stony Brook University': no usable link (cache)
[7466/40930] 'ARH335 - Stony Brook University': no usable link (cache)
[7467/40930] 'ARH345 - Stony Brook University': no usable link (cache)
[7468/40930] 'ARS105 - Stony Brook University': no usable link (cache)
[7469/40930] 'ARS154 - Stony Brook University': no usable link (cache)
[7470/40930] 'ARS205 - Stony Brook University': no usable link (cache)
[7471/40930] 'ARS225 - Stony Brook University': no usable link (cache)
[7472/40930] 'BIO204 - Stony Brook University': no usable link (cache)
[7473/40930] 'BIO362 - Stony Brook University': no usable link (cache)
[7474/40930] 'BME100 - Stony Brook University': no usable link (cache)
[7475/40930] 'BME205 - Stony Brook University': no usable link (cache)
[7476/40930] 'BME304 - Stony Brook University': no usable link (cache)
[7477/40930] 'BME353 - Stony Brook University': no usable link (cache)
[7478/40930] 'BUS353 - Stony Brook University': no usable link (cache)
[7479/40930] 'BUS355 - Stony Brook University': no usable link (cache)
[7480/40930] 'BUS371 - Stony Brook University': no usable link (cache)
[7481/40930] 'BUS372 - Stony Brook University': no usable link (cache)
[7482/40930] 'CEE565 - Stony Brook University': no usable link (cache)
[7483/40930] 'CEG523 - Stony Brook University': no usable link (cache)
[7484/40930] 'CHE132 - Stony Brook University': no usable link (cache)
[7485/40930] 'CHE133 - Stony Brook University': no usable link (cache)
[7486/40930] 'CHE198 - Stony Brook University': no usable link (cache)
[7487/40930] 'CHE301 - Stony Brook University': no usable link (cache)
[7488/40930] 'CHE312 - Stony Brook University': no usable link (cache)
[7489/40930] 'CHE321 - Stony Brook University': no usable link (cache)
[7490/40930] 'CHE322 - Stony Brook University': no usable link (cache)
[7491/40930] 'CHE327 - Stony Brook University': no usable link (cache)
[7492/40930] 'CHE383 - Stony Brook University': no usable link (cache)
[7493/40930] 'CHE385 - Stony Brook University': no usable link (cache)
[7494/40930] 'CHI111 - Stony Brook University': no usable link (cache)
[7495/40930] 'CHI120 - Stony Brook University': no usable link (cache)
[7496/40930] 'CLT121 - Stony Brook University': no usable link (cache)
[7497/40930] 'CME322 - Stony Brook University': no usable link (cache)
[7498/40930] 'ECO320 - Stony Brook University': no usable link (cache)
[7499/40930] 'ECO321 - Stony Brook University': no usable link (cache)
[7500/40930] 'ECON108 - Stony Brook University': no usable link (cache)
[7501/40930] 'EGL372 - Stony Brook University': no usable link (cache)
[7502/40930] 'EGL382 - Stony Brook University': no usable link (cache)
[7503/40930] 'ACCT150A - Suffolk University': no usable link (cache)
[7504/40930] 'ACCT331 - Suffolk University': no usable link (cache)
[7505/40930] 'ADPR101 - Suffolk University': no usable link (cache)
[7506/40930] 'ADPR103 - Suffolk University': no usable link (cache)
[7507/40930] 'ADPR2277 - Suffolk University': no usable link (cache)
[7508/40930] 'ADPR235 - Suffolk University': no usable link (cache)
[7509/40930] 'ADPR257 - Suffolk University': no usable link (cache)
[7510/40930] 'ADPR289 - Suffolk University': no usable link (cache)
[7511/40930] 'ADPR383 - Suffolk University': no usable link (cache)
[7512/40930] 'ADPR441 - Suffolk University': no usable link (cache)
[7513/40930] 'AUDIT431 - Suffolk University': no usable link (cache)
[7514/40930] 'BIO274 - Suffolk University': no usable link (cache)
[7515/40930] 'BIO285 - Suffolk University': no usable link (cache)
[7516/40930] 'CASH101 - Suffolk University': no usable link (cache)
[7517/40930] 'CI106 - Suffolk University': no usable link (cache)
[7518/40930] 'CI115 - Suffolk University': no usable link (cache)
[7519/40930] 'CI11O - Suffolk University': no usable link (cache)
[7520/40930] 'CI143 - Suffolk University': no usable link (cache)
[7521/40930] 'CI199 - Suffolk University': no usable link (cache)
[7522/40930] 'CIH133 - Suffolk University': no usable link (cache)
[7523/40930] 'CJN101 - Suffolk University': no usable link (cache)
[7524/40930] 'CJN103 - Suffolk University': no usable link (cache)
[7525/40930] 'CJN112 - Suffolk University': no usable link (cache)
[7526/40930] 'CJN121 - Suffolk University': no usable link (cache)
[7527/40930] 'CJN152 - Suffolk University': no usable link (cache)
[7528/40930] 'CJN177 - Suffolk University': no usable link (cache)
[7529/40930] 'CJN212 - Suffolk University': no usable link (cache)
[7530/40930] 'CJN2277 - Suffolk University': no usable link (cache)
[7531/40930] 'CJN2355 - Suffolk University': no usable link (cache)
[7532/40930] 'CJN255 - Suffolk University': no usable link (cache)
[7533/40930] 'CJN257 - Suffolk University': no usable link (cache)
[7534/40930] 'CJN292 - Suffolk University': no usable link (cache)
[7535/40930] 'CJN363 - Suffolk University': no usable link (cache)
[7536/40930] 'CJN405 - Suffolk University': no usable link (cache)
[7537/40930] 'CJN455 - Suffolk University': no usable link (cache)
[7538/40930] 'CJN477 - Suffolk University': no usable link (cache)
[7539/40930] 'CJN777 - Suffolk University': no usable link (cache)
[7540/40930] 'CJNH177 - Suffolk University': no usable link (cache)
[7541/40930] 'CMPSC131 - Suffolk University': no usable link (cache)
[7542/40930] 'CMPSC331 - Suffolk University': no usable link (cache)
[7543/40930] 'CMPSC353 - Suffolk University': no usable link (cache)
[7544/40930] 'CMPSC355 - Suffolk University': no usable link (cache)
[7545/40930] 'EHS264 - Suffolk University': no usable link (cache)
[7546/40930] 'EHS361 - Suffolk University': no usable link (cache)
[7547/40930] 'ENGH266 - Suffolk University': no usable link (cache)
[7548/40930] 'AAS271 - SUNY Brockport': no usable link (cache)
[7549/40930] 'ACC383 - SUNY Brockport': no usable link (cache)
[7550/40930] 'ACC386 - SUNY Brockport': no usable link (cache)
[7551/40930] 'ACC387 - SUNY Brockport': no usable link (cache)
[7552/40930] 'ACC660 - SUNY Brockport': no usable link (cache)
[7553/40930] 'AMS327 - SUNY Brockport': no usable link (cache)
[7554/40930] 'ANT203 - SUNY Brockport': no usable link (cache)
[7555/40930] 'ANT256 - SUNY Brockport': no usable link (cache)
[7556/40930] 'ANT303 - SUNY Brockport': no usable link (cache)
[7557/40930] 'ANT304 - SUNY Brockport': no usable link (cache)
[7558/40930] 'ANT380 - SUNY Brockport': no usable link (cache)
[7559/40930] 'ANT415 - SUNY Brockport': no usable link (cache)
[7560/40930] 'ARH201 - SUNY Brockport': no usable link (cache)
[7561/40930] 'ARH420 - SUNY Brockport': no usable link (cache)
[7562/40930] 'ART22102 - SUNY Brockport': no usable link (cache)
[7563/40930] 'ART555 - SUNY Brockport': no usable link (cache)
[7564/40930] 'BIO310 - SUNY Brockport': no usable link (cache)
[7565/40930] 'BUS278 - SUNY Brockport': no usable link (cache)
[7566/40930] 'BUS335 - SUNY Brockport': no usable link (cache)
[7567/40930] 'BUS345 - SUNY Brockport': no usable link (cache)
[7568/40930] 'BUS378 - SUNY Brockport': no usable link (cache)
[7569/40930] 'BUS438 - SUNY Brockport': no usable link (cache)
[7570/40930] 'BUS462 - SUNY Brockport': no usable link (cache)
[7571/40930] 'BUS617 - SUNY Brockport': no usable link (cache)
[7572/40930] 'CHEM260 - SUNY Brockport': no usable link (cache)
[7573/40930] 'CHM206 - SUNY Brockport': no usable link (cache)
[7574/40930] 'CHM260 - SUNY Brockport': no usable link (cache)
[7575/40930] 'CHM468 - SUNY Brockport': no usable link (cache)
[7576/40930] 'CMC000 - SUNY Brockport': no usable link (cache)
[7577/40930] 'CMC111 - SUNY Brockport': no usable link (cache)
[7578/40930] 'CMC200 - SUNY Brockport': no usable link (cache)
[7579/40930] 'CMC201 - SUNY Brockport': no usable link (cache)
[7580/40930] 'CMC202 - SUNY Brockport': no usable link (cache)
[7581/40930] 'CMC208 - SUNY Brockport': no usable link (cache)
[7582/40930] 'CMC211 - SUNY Brockport': no usable link (cache)
[7583/40930] 'CMC219 - SUNY Brockport': no usable link (cache)
[7584/40930] 'CMC242 - SUNY Brockport': no usable link (cache)
[7585/40930] 'CMC243 - SUNY Brockport': no usable link (cache)
[7586/40930] 'CMC317 - SUNY Brockport': no usable link (cache)
[7587/40930] 'CMC348 - SUNY Brockport': no usable link (cache)
[7588/40930] 'CMC377 - SUNY Brockport': no usable link (cache)
[7589/40930] 'CMC410 - SUNY Brockport': no usable link (cache)
[7590/40930] 'CMC472 - SUNY Brockport': no usable link (cache)
[7591/40930] 'CMC473 - SUNY Brockport': no usable link (cache)
[7592/40930] 'CRJ304 - SUNY Brockport': no usable link (cache)
[7593/40930] 'CRJ343 - SUNY Brockport': no usable link (cache)
[7594/40930] 'CRJ434 - SUNY Brockport': no usable link (cache)
[7595/40930] 'CRJ473 - SUNY Brockport': no usable link (cache)
[7596/40930] 'CRJ479 - SUNY Brockport': no usable link (cache)
[7597/40930] 'CSC312 - SUNY Brockport': no usable link (cache)
[7598/40930] 'CYB105 - SUNY Brockport': no usable link (cache)
[7599/40930] 'DANCE101 - SUNY Brockport': no usable link (cache)
[7600/40930] 'DNS200 - SUNY Brockport': no usable link (cache)
[7601/40930] 'ECN100 - SUNY Brockport': no usable link (cache)
[7602/40930] 'ECN201 - SUNY Brockport': no usable link (cache)
[7603/40930] 'ECN204 - SUNY Brockport': no usable link (cache)
[7604/40930] 'ECN304 - SUNY Brockport': no usable link (cache)
[7605/40930] 'EDC614 - SUNY Brockport': no usable link (cache)
[7606/40930] 'EDI407 - SUNY Brockport': no usable link (cache)
[7607/40930] 'EDI413 - SUNY Brockport': no usable link (cache)
[7608/40930] 'ENG396 - SUNY Brockport': no usable link (cache)
[7609/40930] 'ENG482 - SUNY Brockport': no usable link (cache)
[7610/40930] 'ENG433 - SUNY Cortland': no usable link (cache)
[7611/40930] 'ACCT304 - SUNY Fredonia': no usable link (cache)
[7612/40930] 'ARTS260 - SUNY Fredonia': no usable link (cache)
[7613/40930] 'ARTS460 - SUNY Fredonia': no usable link (cache)
[7614/40930] 'BIO109 - SUNY Fredonia': no usable link (cache)
[7615/40930] 'BUAD320 - SUNY Fredonia': no usable link (cache)
[7616/40930] 'BUAD327 - SUNY Fredonia': no usable link (cache)
[7617/40930] 'BUAD328 - SUNY Fredonia': no usable link (cache)
[7618/40930] 'BUAD410 - SUNY Fredonia': no usable link (cache)
[7619/40930] 'BUAD411 - SUNY Fredonia': no usable link (cache)
[7620/40930] 'CDS115 - SUNY Fredonia': no usable link (cache)
[7621/40930] 'CDS225 - SUNY Fredonia': no usable link (cache)
[7622/40930] 'COM105 - SUNY Fredonia': no usable link (cache)
[7623/40930] 'COMM105 - SUNY Fredonia': no usable link (cache)
[7624/40930] 'COMM155 - SUNY Fredonia': no usable link (cache)
[7625/40930] 'COMM221 - SUNY Fredonia': no usable link (cache)
[7626/40930] 'COMM295 - SUNY Fredonia': no usable link (cache)
[7627/40930] 'COMM315 - SUNY Fredonia': no usable link (cache)
[7628/40930] 'COMM345 - SUNY Fredonia': no usable link (cache)
[7629/40930] 'CRMJ230 - SUNY Fredonia': no usable link (cache)
[7630/40930] 'CRMJ331 - SUNY Fredonia': no usable link (cache)
[7631/40930] 'CSIT151 - SUNY Fredonia': no usable link (cache)
[7632/40930] 'CSIT207 - SUNY Fredonia': no usable link (cache)
[7633/40930] 'CSIT241 - SUNY Fredonia': no usable link (cache)
[7634/40930] 'CSIT251 - SUNY Fredonia': no usable link (cache)
[7635/40930] 'EDU105 - SUNY Fredonia': no usable link (cache)
[7636/40930] 'EDU221 - SUNY Fredonia': no usable link (cache)
[7637/40930] 'EDU225 - SUNY Fredonia': no usable link (cache)
[7638/40930] 'EDU295 - SUNY Fredonia': no usable link (cache)
[7639/40930] 'EDU305 - SUNY Fredonia': no usable link (cache)
[7640/40930] 'ENG126 - SUNY Fredonia': no usable link (cache)
[7641/40930] 'ENGL372 - SUNY Fredonia': no usable link (cache)
[7642/40930] 'ACCT103 - SUNY Geneseo': no usable link (cache)
[7643/40930] 'ACCT270 - SUNY Geneseo': no usable link (cache)
[7644/40930] 'AMST201 - SUNY Geneseo': no usable link (cache)
[7645/40930] 'ANTH302 - SUNY Geneseo': no usable link (cache)
[7646/40930] 'ANTH306 - SUNY Geneseo': no usable link (cache)
[7647/40930] 'ANTH313 - SUNY Geneseo': no usable link (cache)
[7648/40930] 'ANTH319 - SUNY Geneseo': no usable link (cache)
[7649/40930] 'ARTH172 - SUNY Geneseo': no usable link (cache)
[7650/40930] 'ASTR105 - SUNY Geneseo': no usable link (cache)
[7651/40930] 'ASTRO110 - SUNY Geneseo': no usable link (cache)
[7652/40930] 'BIO241 - SUNY Geneseo': no usable link (cache)
[7653/40930] 'BIO300CELL - SUNY Geneseo': no usable link (cache)
[7654/40930] 'BIO335 - SUNY Geneseo': no usable link (cache)
[7655/40930] 'BIO349 - SUNY Geneseo': no usable link (cache)
[7656/40930] 'BIOL242 - SUNY Geneseo': no usable link (cache)
[7657/40930] 'BIOL354 - SUNY Geneseo': no usable link (cache)
[7658/40930] 'BLKS200 - SUNY Geneseo': no usable link (cache)
[7659/40930] 'CDSC242 - SUNY Geneseo': no usable link (cache)
[7660/40930] 'CHEM118 - SUNY Geneseo': no usable link (cache)
[7661/40930] 'CHEM223 - SUNY Geneseo': no usable link (cache)
[7662/40930] 'CHEM302 - SUNY Geneseo': no usable link (cache)
[7663/40930] 'CHEM324 - SUNY Geneseo': no usable link (cache)
[7664/40930] 'CURR213 - SUNY Geneseo': no usable link (cache)
[7665/40930] 'CURR313 - SUNY Geneseo': no usable link (cache)
[7666/40930] 'CURR317 - SUNY Geneseo': no usable link (cache)
[7667/40930] 'DANC221 - SUNY Geneseo': no usable link (cache)
[7668/40930] 'DANC222 - SUNY Geneseo': no usable link (cache)
[7669/40930] 'ECED326 - SUNY Geneseo': no usable link (cache)
[7670/40930] 'ECED351 - SUNY Geneseo': no usable link (cache)
[7671/40930] 'ECED355 - SUNY Geneseo': no usable link (cache)
[7672/40930] 'ED215 - SUNY Geneseo': no usable link (cache)
[7673/40930] 'EDU215 - SUNY Geneseo': no usable link (cache)
[7674/40930] 'ENGL142 - SUNY Geneseo': no usable link (cache)
[7675/40930] 'ENGL282 - SUNY Geneseo': no usable link (cache)
[7676/40930] 'ENGL337 - SUNY Geneseo': no usable link (cache)
[7677/40930] 'ENGL388 - SUNY Geneseo': no usable link (cache)
[7678/40930] 'ENGL468 - SUNY Geneseo': no usable link (cache)
[7679/40930] 'ARE348 - SUNY New Paltz': no usable link (cache)
[7680/40930] 'ARH363 - SUNY New Paltz': no usable link (cache)
[7681/40930] 'ARH393 - SUNY New Paltz': no usable link (cache)
[7682/40930] 'CHE 101 - SUNY New Paltz': no usable link (cache)
[7683/40930] 'CALCU2 - SUNY New Paltz': no usable link (cache)
[7684/40930] 'CMS101 - SUNY New Paltz': no usable link (cache)
[7685/40930] 'ACCT100 - SUNY Oneonta': no usable link (cache)
[7686/40930] 'AHIS200 - SUNY Oneonta': no usable link (cache)
[7687/40930] 'AHIS204 - SUNY Oneonta': no usable link (cache)
[7688/40930] 'AHIS240 - SUNY Oneonta': no usable link (cache)
[7689/40930] 'AHIS241 - SUNY Oneonta': no usable link (cache)
[7690/40930] 'ALIT201 - SUNY Oneonta': no usable link (cache)
[7691/40930] 'ALIT210 - SUNY Oneonta': no usable link (cache)
[7692/40930] 'ALIT226 - SUNY Oneonta': no usable link (cache)
[7693/40930] 'ALS104 - SUNY Oneonta': no usable link (cache)
[7694/40930] 'ALS2730 - SUNY Oneonta': no usable link (cache)
[7695/40930] 'ANTH1300 - SUNY Oneonta': no usable link (cache)
[7696/40930] 'ANTH140 - SUNY Oneonta': no usable link (cache)
[7697/40930] 'ANTH145 - SUNY Oneonta': no usable link (cache)
[7698/40930] 'ART141 - SUNY Oneonta': no usable link (cache)
[7699/40930] 'ARTS1083 - SUNY Oneonta': no usable link (cache)
[7700/40930] 'ARTS130 - SUNY Oneonta': no usable link (cache)
[7701/40930] 'ASTRO108 - SUNY Oneonta': no usable link (cache)
[7702/40930] 'ASTRO115 - SUNY Oneonta': no usable link (cache)
[7703/40930] 'ASTRO1150 - SUNY Oneonta': no usable link (cache)
[7704/40930] 'BIO216 - SUNY Oneonta': no usable link (cache)
[7705/40930] 'BIO3 - SUNY Oneonta': no usable link (cache)
[7706/40930] 'BIOL181 - SUNY Oneonta': no usable link (cache)
[7707/40930] 'BIOL181LAB - SUNY Oneonta': no usable link (cache)
[7708/40930] 'BIOL269 - SUNY Oneonta': no usable link (cache)
[7709/40930] 'BIOL356 - SUNY Oneonta': no usable link (cache)
[7710/40930] 'BIOL362 - SUNY Oneonta': no usable link (cache)
[7711/40930] 'CART201 - SUNY Oneonta': no usable link (cache)
[7712/40930] 'CHLD274 - SUNY Oneonta': no usable link (cache)
[7713/40930] 'COMM120 - SUNY Oneonta': no usable link (cache)
[7714/40930] 'COMM241 - SUNY Oneonta': no usable link (cache)
[7715/40930] 'COMM254 - SUNY Oneonta': no usable link (cache)
[7716/40930] 'COMM294 - SUNY Oneonta': no usable link (cache)
[7717/40930] 'COMP10012 - SUNY Oneonta': no usable link (cache)
[7718/40930] 'CRJ267 - SUNY Oneonta': no usable link (cache)
[7719/40930] 'CSCI311 - SUNY Oneonta': no usable link (cache)
[7720/40930] 'CSCI3440 - SUNY Oneonta': no usable link (cache)
[7721/40930] 'DRGN1000 - SUNY Oneonta': no usable link (cache)
[7722/40930] 'ED201 - SUNY Oneonta': no usable link (cache)
[7723/40930] 'EDUC1060 - SUNY Oneonta': no usable link (cache)
[7724/40930] 'EDUC206 - SUNY Oneonta': no usable link (cache)
[7725/40930] 'EDUC246 - SUNY Oneonta': no usable link (cache)
[7726/40930] 'EHIS294 - SUNY Oneonta': no usable link (cache)
[7727/40930] 'ELIT202 - SUNY Oneonta': no usable link (cache)
[7728/40930] 'ELIT217 - SUNY Oneonta': no usable link (cache)
[7729/40930] 'ELIT275 - SUNY Oneonta': no usable link (cache)
[7730/40930] 'ELIT294 - SUNY Oneonta': no usable link (cache)
[7731/40930] 'ENED546 - SUNY Oneonta': no usable link (cache)
[7732/40930] 'BRC229 - SUNY Oswego': no usable link (cache)
[7733/40930] 'CSC103 - SUNY Oswego': no usable link (cache)
[7734/40930] 'ACC301 - SUNY Plattsburgh': no usable link (cache)
[7735/40930] 'ACC302 - SUNY Plattsburgh': no usable link (cache)
[7736/40930] 'ACC307 - SUNY Plattsburgh': no usable link (cache)
[7737/40930] 'ACC351 - SUNY Plattsburgh': no usable link (cache)
[7738/40930] 'ACC352 - SUNY Plattsburgh': no usable link (cache)
[7739/40930] 'ART137 - SUNY Plattsburgh': no usable link (cache)
[7740/40930] 'ART139 - SUNY Plattsburgh': no usable link (cache)
[7741/40930] 'ART205 - SUNY Plattsburgh': no usable link (cache)
[7742/40930] 'ART231 - SUNY Plattsburgh': no usable link (cache)
[7743/40930] 'ART255 - SUNY Plattsburgh': no usable link (cache)
[7744/40930] 'ART280 - SUNY Plattsburgh': no usable link (cache)
[7745/40930] 'AST116 - SUNY Plattsburgh': no usable link (cache)
[7746/40930] 'BIO305A - SUNY Plattsburgh': no usable link (cache)
[7747/40930] 'BUS203 - SUNY Plattsburgh': no usable link (cache)
[7748/40930] 'CAS111B - SUNY Plattsburgh': no usable link (cache)
[7749/40930] 'CFS1889 - SUNY Plattsburgh': no usable link (cache)
[7750/40930] 'CFS1889S - SUNY Plattsburgh': no usable link (cache)
[7751/40930] 'CHE111A - SUNY Plattsburgh': no usable link (cache)
[7752/40930] 'CHE112LAB - SUNY Plattsburgh': no usable link (cache)
[7753/40930] 'CHE271 - SUNY Plattsburgh': no usable link (cache)
[7754/40930] 'CMM101 - SUNY Plattsburgh': no usable link (cache)
[7755/40930] 'CMM304 - SUNY Plattsburgh': no usable link (cache)
[7756/40930] 'CMM305 - SUNY Plattsburgh': no usable link (cache)
[7757/40930] 'CMM325 - SUNY Plattsburgh': no usable link (cache)
[7758/40930] 'CMM416 - SUNY Plattsburgh': no usable link (cache)
[7759/40930] 'CRI251 - SUNY Plattsburgh': no usable link (cache)
[7760/40930] 'CRI270 - SUNY Plattsburgh': no usable link (cache)
[7761/40930] 'CRI344A - SUNY Plattsburgh': no usable link (cache)
[7762/40930] 'CRI352 - SUNY Plattsburgh': no usable link (cache)
[7763/40930] 'CRI384 - SUNY Plattsburgh': no usable link (cache)
[7764/40930] 'CSC433 - SUNY Plattsburgh': no usable link (cache)
[7765/40930] 'CSD211 - SUNY Plattsburgh': no usable link (cache)
[7766/40930] 'ECO11O - SUNY Plattsburgh': no usable link (cache)
[7767/40930] 'ECO260 - SUNY Plattsburgh': no usable link (cache)
[7768/40930] 'ECO362 - SUNY Plattsburgh': no usable link (cache)
[7769/40930] 'EDR522 - SUNY Plattsburgh': no usable link (cache)
[7770/40930] 'EDS523 - SUNY Plattsburgh': no usable link (cache)
[7771/40930] 'EDU5150 - SUNY Plattsburgh': no usable link (cache)
[7772/40930] 'ENG163 - SUNY Plattsburgh': no usable link (cache)
[7773/40930] 'ENG422 - SUNY Plattsburgh': no usable link (cache)
[7774/40930] 'ENG461 - SUNY Plattsburgh': no usable link (cache)
[7775/40930] 'ANT367 - SUNY Potsdam': no usable link (cache)
[7776/40930] 'ANTH106 - SUNY Potsdam': no usable link (cache)
[7777/40930] 'ANTH353 - SUNY Potsdam': no usable link (cache)
[7778/40930] 'ANTH395 - SUNY Potsdam': no usable link (cache)
[7779/40930] 'ARTS120 - SUNY Potsdam': no usable link (cache)
[7780/40930] 'ARTS201 - SUNY Potsdam': no usable link (cache)
[7781/40930] 'BIO125 - SUNY Potsdam': no usable link (cache)
[7782/40930] 'BIO151LAB - SUNY Potsdam': no usable link (cache)
[7783/40930] 'BIOL152 - SUNY Potsdam': no usable link (cache)
[7784/40930] 'BIOL404 - SUNY Potsdam': no usable link (cache)
[7785/40930] 'CHEM451 - SUNY Potsdam': no usable link (cache)
[7786/40930] 'CHILD200 - SUNY Potsdam': no usable link (cache)
[7787/40930] 'COMM430 - SUNY Potsdam': no usable link (cache)
[7788/40930] 'DRAM210 - SUNY Potsdam': no usable link (cache)
[7789/40930] 'AMG1100 - SUNY Purchase': no usable link (cache)
[7790/40930] 'AMG3100 - SUNY Purchase': no usable link (cache)
[7791/40930] 'ARH2050 - SUNY Purchase': no usable link (cache)
[7792/40930] 'ARH2060 - SUNY Purchase': no usable link (cache)
[7793/40930] 'BIO3170 - SUNY Purchase': no usable link (cache)
[7794/40930] 'BIO4990 - SUNY Purchase': no usable link (cache)
[7795/40930] 'CAP4800 - SUNY Purchase': no usable link (cache)
[7796/40930] 'CHE1560 - SUNY Purchase': no usable link (cache)
[7797/40930] 'CHE3220 - SUNY Purchase': no usable link (cache)
[7798/40930] 'CHE3310 - SUNY Purchase': no usable link (cache)
[7799/40930] 'CHE3320 - SUNY Purchase': no usable link (cache)
[7800/40930] 'CHE4610 - SUNY Purchase': no usable link (cache)
[7801/40930] 'CHEM4610 - SUNY Purchase': no usable link (cache)
[7802/40930] 'CIN1500 - SUNY Purchase': no usable link (cache)
[7803/40930] 'CIN1510 - SUNY Purchase': no usable link (cache)
[7804/40930] 'COM1500 - SUNY Purchase': no usable link (cache)
[7805/40930] 'COM2050 - SUNY Purchase': no usable link (cache)
[7806/40930] 'COM3100 - SUNY Purchase': no usable link (cache)
[7807/40930] 'CSW2 - SUNY Purchase': no usable link (cache)
[7808/40930] 'EDG1050 - SUNY Purchase': no usable link (cache)
[7809/40930] 'ANTH043E - Swarthmore College': no usable link (cache)
[7810/40930] 'ARTH001E - Swarthmore College': no usable link (cache)
[7811/40930] 'BIO009 - Swarthmore College': no usable link (cache)
[7812/40930] 'BIO016 - Swarthmore College': no usable link (cache)
[7813/40930] 'BIOL037 - Swarthmore College': no usable link (cache)
[7814/40930] 'CHEM022 - Swarthmore College': no usable link (cache)
[7815/40930] 'CHEM032 - Swarthmore College': no usable link (cache)
[7816/40930] 'CHEM10H - Swarthmore College': no usable link (cache)
[7817/40930] 'CPSC021 - Swarthmore College': no usable link (cache)
[7818/40930] 'CPSC035 - Swarthmore College': no usable link (cache)
[7819/40930] 'CPSC041 - Swarthmore College': no usable link (cache)
[7820/40930] 'CPSC066 - Swarthmore College': no usable link (cache)
[7821/40930] 'CPSC35 - Swarthmore College': no usable link (cache)
[7822/40930] 'CPSC41 - Swarthmore College': no usable link (cache)
[7823/40930] 'E41 - Swarthmore College': no usable link (cache)
[7824/40930] 'E59 - Swarthmore College': no usable link (cache)
[7825/40930] 'E65 - Swarthmore College': no usable link (cache)
[7826/40930] 'ECON012 - Swarthmore College': no usable link (cache)
[7827/40930] 'ECON021 - Swarthmore College': no usable link (cache)
[7828/40930] 'ECON031 - Swarthmore College': no usable link (cache)
[7829/40930] 'ECON12 - Swarthmore College': no usable link (cache)
[7830/40930] 'EDUC021 - Swarthmore College': no usable link (cache)
[7831/40930] 'ENG52A - Swarthmore College': no usable link (cache)
[7832/40930] 'ENGL009 - Swarthmore College': no usable link (cache)
[7833/40930] 'ENGL009A - Swarthmore College': no usable link (cache)
[7834/40930] 'ENGL009E - Swarthmore College': no usable link (cache)
[7835/40930] 'ENGL009R - Swarthmore College': no usable link (cache)
[7836/40930] 'ENGL014 - Swarthmore College': no usable link (cache)
[7837/40930] 'AAS402 - Syracuse University': no usable link (cache)
[7838/40930] 'ACC477 - Syracuse University': no usable link (cache)
[7839/40930] 'ADV208 - Syracuse University': no usable link (cache)
[7840/40930] 'ADV401 - Syracuse University': no usable link (cache)
[7841/40930] 'ADV431 - Syracuse University': no usable link (cache)
[7842/40930] 'ANT111 - Syracuse University': no usable link (cache)
[7843/40930] 'ANT121 - Syracuse University': no usable link (cache)
[7844/40930] 'ANT131 - Syracuse University': no usable link (cache)
[7845/40930] 'ANT141 - Syracuse University': no usable link (cache)
[7846/40930] 'ANT249 - Syracuse University': no usable link (cache)
[7847/40930] 'ANT349 - Syracuse University': no usable link (cache)
[7848/40930] 'ANT433 - Syracuse University': no usable link (cache)
[7849/40930] 'BEN231 - Syracuse University': no usable link (cache)
[7850/40930] 'BIO217 - Syracuse University': no usable link (cache)
[7851/40930] 'BUA451 - Syracuse University': no usable link (cache)
[7852/40930] 'CEE327 - Syracuse University': no usable link (cache)
[7853/40930] 'CEE337 - Syracuse University': no usable link (cache)
[7854/40930] 'CHE107 - Syracuse University': no usable link (cache)
[7855/40930] 'CHE275 - Syracuse University': no usable link (cache)
[7856/40930] 'CHE276 - Syracuse University': no usable link (cache)
[7857/40930] 'CHE326 - Syracuse University': no usable link (cache)
[7858/40930] 'CIE331 - Syracuse University': no usable link (cache)
[7859/40930] 'COG301 - Syracuse University': no usable link (cache)
[7860/40930] 'COM117 - Syracuse University': no usable link (cache)
[7861/40930] 'COM346 - Syracuse University': no usable link (cache)
[7862/40930] 'COM350 - Syracuse University': no usable link (cache)
[7863/40930] 'COM617 - Syracuse University': no usable link (cache)
[7864/40930] 'CRS181 - Syracuse University': no usable link (cache)
[7865/40930] 'CRS336 - Syracuse University': no usable link (cache)
[7866/40930] 'CRS347 - Syracuse University': no usable link (cache)
[7867/40930] 'CRS400 - Syracuse University': no usable link (cache)
[7868/40930] 'CRS435 - Syracuse University': no usable link (cache)
[7869/40930] 'DES100 - Syracuse University': no usable link (cache)
[7870/40930] 'DES113 - Syracuse University': no usable link (cache)
[7871/40930] 'DES114 - Syracuse University': no usable link (cache)
[7872/40930] 'DES203 - Syracuse University': no usable link (cache)
[7873/40930] 'DES324 - Syracuse University': no usable link (cache)
[7874/40930] 'DES441 - Syracuse University': no usable link (cache)
[7875/40930] 'EAR105 - Syracuse University': no usable link (cache)
[7876/40930] 'EAR110 - Syracuse University': no usable link (cache)
[7877/40930] 'EAR111 - Syracuse University': no usable link (cache)
[7878/40930] 'EAR117 - Syracuse University': no usable link (cache)
[7879/40930] 'EAR225 - Syracuse University': no usable link (cache)
[7880/40930] 'ECN101 - Syracuse University': no usable link (cache)
[7881/40930] 'ECN311 - Syracuse University': no usable link (cache)
[7882/40930] 'ECN410 - Syracuse University': no usable link (cache)
[7883/40930] 'ECON522 - Syracuse University': no usable link (cache)
[7884/40930] 'ECS221 - Syracuse University': no usable link (cache)
[7885/40930] 'ECS325 - Syracuse University': no usable link (cache)
[7886/40930] 'ACCTW300 - Temple University': no usable link (cache)
[7887/40930] 'ADVCL101 - Temple University': no usable link (cache)
[7888/40930] 'AMST0848 - Temple University': no usable link (cache)
[7889/40930] 'AOD2176 - Temple University': no usable link (cache)
[7890/40930] 'ARCH2141 - Temple University': no usable link (cache)
[7891/40930] 'ARTH1155 - Temple University': no usable link (cache)
[7892/40930] 'ARTH2000 - Temple University': no usable link (cache)
[7893/40930] 'ARTH803 - Temple University': no usable link (cache)
[7894/40930] 'ASST2511 - Temple University': no usable link (cache)
[7895/40930] 'BIO1111 - Temple University': no usable link (cache)
[7896/40930] 'BIO1911 - Temple University': no usable link (cache)
[7897/40930] 'BIO2223 - Temple University': no usable link (cache)
[7898/40930] 'BIO2233 - Temple University': no usable link (cache)
[7899/40930] 'BIO2296 - Temple University': no usable link (cache)
[7900/40930] 'BIOE0844 - Temple University': no usable link (cache)
[7901/40930] 'BIOE0944 - Temple University': no usable link (cache)
[7902/40930] 'BIOE2101 - Temple University': no usable link (cache)
[7903/40930] 'BIOL0848 - Temple University': no usable link (cache)
[7904/40930] 'BIOL1911 - Temple University': no usable link (cache)
[7905/40930] 'BIOL2233 - Temple University': no usable link (cache)
[7906/40930] 'BTMM011 - Temple University': no usable link (cache)
[7907/40930] 'BTMM1011 - Temple University': no usable link (cache)
[7908/40930] 'BTMM1021 - Temple University': no usable link (cache)
[7909/40930] 'BTMM1041 - Temple University': no usable link (cache)
[7910/40930] 'BTMM11 - Temple University': no usable link (cache)
[7911/40930] 'BTMM20 - Temple University': no usable link (cache)
[7912/40930] 'BTMM40 - Temple University': no usable link (cache)
[7913/40930] 'BTMM4445 - Temple University': no usable link (cache)
[7914/40930] 'CALC1041 - Temple University': no usable link (cache)
[7915/40930] 'CALC1042 - Temple University': no usable link (cache)
[7916/40930] 'CALC1941 - Temple University': no usable link (cache)
[7917/40930] 'CALC1942 - Temple University': no usable link (cache)
[7918/40930] 'CEE3048 - Temple University': no usable link (cache)
[7919/40930] 'CEE3331 - Temple University': no usable link (cache)
[7920/40930] 'CHEM0821 - Temple University': no usable link (cache)
[7921/40930] 'CHEM1027 - Temple University': no usable link (cache)
[7922/40930] 'CHEM1033 - Temple University': no usable link (cache)
[7923/40930] 'CHEM2202 - Temple University': no usable link (cache)
[7924/40930] 'CHEM61 - Temple University': no usable link (cache)
[7925/40930] 'CHEM71 - Temple University': no usable link (cache)
[7926/40930] 'CIS024 - Temple University': no usable link (cache)
[7927/40930] 'CIS1055 - Temple University': no usable link (cache)
[7928/40930] 'CIS230 - Temple University': no usable link (cache)
[7929/40930] 'CIS3229 - Temple University': no usable link (cache)
[7930/40930] 'CIS835 - Temple University': no usable link (cache)
[7931/40930] 'CIS935 - Temple University': no usable link (cache)
[7932/40930] 'CISC055 - Temple University': no usable link (cache)
[7933/40930] 'CJ0812 - Temple University': no usable link (cache)
[7934/40930] 'CJ2201 - Temple University': no usable link (cache)
[7935/40930] 'CJ2601 - Temple University': no usable link (cache)
[7936/40930] 'CJ2696 - Temple University': no usable link (cache)
[7937/40930] 'CSCD2197 - Temple University': no usable link (cache)
[7938/40930] 'CSI0836 - Temple University': no usable link (cache)
[7939/40930] 'DANC0828 - Temple University': no usable link (cache)
[7940/40930] 'DIA0849 - Temple University': no usable link (cache)
[7941/40930] 'ECNO1102 - Temple University': no usable link (cache)
[7942/40930] 'ECON1901 - Temple University': no usable link (cache)
[7943/40930] 'ECON3563 - Temple University': no usable link (cache)
[7944/40930] 'ECON3564 - Temple University': no usable link (cache)
[7945/40930] 'EDAD855 - Temple University': no usable link (cache)
[7946/40930] 'EDUC0823 - Temple University': no usable link (cache)
[7947/40930] 'EDUC1016 - Temple University': no usable link (cache)
[7948/40930] 'ENG0701 - Temple University': no usable link (cache)
[7949/40930] 'ENG0702 - Temple University': no usable link (cache)
[7950/40930] 'ENG0802 - Temple University': no usable link (cache)
[7951/40930] 'ENG0857 - Temple University': no usable link (cache)
[7952/40930] 'ENG0902 - Temple University': no usable link (cache)
[7953/40930] 'ENG2097 - Temple University': no usable link (cache)
[7954/40930] 'ENG2501 - Temple University': no usable link (cache)
[7955/40930] 'ENG3020 - Temple University': no usable link (cache)
[7956/40930] 'ENG3513 - Temple University': no usable link (cache)
[7957/40930] 'ENG3711 - Temple University': no usable link (cache)
[7958/40930] 'ENG40 - Temple University': no usable link (cache)
[7959/40930] 'ENG802 - Temple University': no usable link (cache)
[7960/40930] 'ENG902 - Temple University': no usable link (cache)
[7961/40930] 'ENGL0802 - Temple University': no usable link (cache)
[7962/40930] 'ACCT6300 - Texas A&M University': no usable link (cache)
[7963/40930] 'ACCT6305 - Texas A&M University': no usable link (cache)
[7964/40930] 'AGBE3301 - Texas A&M University': no usable link (cache)
[7965/40930] 'AGRI2300 - Texas A&M University': no usable link (cache)
[7966/40930] 'ARTS1311 - Texas A&M University': no usable link (cache)
[7967/40930] 'BIO1406 - Texas A&M University': no usable link (cache)
[7968/40930] 'BIOL1406 - Texas A&M University': no usable link (cache)
[7969/40930] 'BIOL1407 - Texas A&M University': no usable link (cache)
[7970/40930] 'BIOL2374 - Texas A&M University': no usable link (cache)
[7971/40930] 'BIOL3434 - Texas A&M University': no usable link (cache)
[7972/40930] 'BIOL4434 - Texas A&M University': no usable link (cache)
[7973/40930] 'CHEM1405 - Texas A&M University': no usable link (cache)
[7974/40930] 'CHEM1412 - Texas A&M University': no usable link (cache)
[7975/40930] 'CIDM6305 - Texas A&M University': no usable link (cache)
[7976/40930] 'CIDM6310 - Texas A&M University': no usable link (cache)
[7977/40930] 'CIDM6390 - Texas A&M University': no usable link (cache)
[7978/40930] 'COM1318 - Texas A&M University': no usable link (cache)
[7979/40930] 'COMM1318 - Texas A&M University': no usable link (cache)
[7980/40930] 'COMM1321 - Texas A&M University': no usable link (cache)
[7981/40930] 'CS2337 - Texas A&M University': no usable link (cache)
[7982/40930] 'ECON2302 - Texas A&M University': no usable link (cache)
[7983/40930] 'ECON3311 - Texas A&M University': no usable link (cache)
[7984/40930] 'ECON4301 - Texas A&M University': no usable link (cache)
[7985/40930] 'ECON4370 - Texas A&M University': no usable link (cache)
[7986/40930] 'ECON6370 - Texas A&M University': no usable link (cache)
[7987/40930] 'EMA4348 - Texas A&M University': no usable link (cache)
[7988/40930] 'ENGL1302 - Texas A&M University': no usable link (cache)
[7989/40930] 'ACCT2015 - Texas Christian University': no usable link (cache)
[7990/40930] 'ACCT20153 - Texas Christian University': no usable link (cache)
[7991/40930] 'ACCT20253 - Texas Christian University': no usable link (cache)
[7992/40930] 'ACCT20353 - Texas Christian University': no usable link (cache)
[7993/40930] 'ACCT2065 - Texas Christian University': no usable link (cache)
[7994/40930] 'ACCT20653 - Texas Christian University': no usable link (cache)
[7995/40930] 'ACCT30253 - Texas Christian University': no usable link (cache)
[7996/40930] 'ACCT30273 - Texas Christian University': no usable link (cache)
[7997/40930] 'ANTH2062 - Texas Christian University': no usable link (cache)
[7998/40930] 'ANTH20623 - Texas Christian University': no usable link (cache)
[7999/40930] 'ARHI10043 - Texas Christian University': no usable link (cache)
[8000/40930] 'ARLE20103 - Texas Christian University': no usable link (cache)
[8001/40930] 'BIO10003 - Texas Christian University': no usable link (cache)
[8002/40930] 'BIO10513 - Texas Christian University': no usable link (cache)
[8003/40930] 'BIO20204 - Texas Christian University': no usable link (cache)
[8004/40930] 'BIO20214 - Texas Christian University': no usable link (cache)
[8005/40930] 'BIO2023 - Texas Christian University': no usable link (cache)
[8006/40930] 'BIOL10003 - Texas Christian University': no usable link (cache)
[8007/40930] 'BIOL10503 - Texas Christian University': no usable link (cache)
[8008/40930] 'BIOL20204 - Texas Christian University': no usable link (cache)
[8009/40930] 'BIOL2023 - Texas Christian University': no usable link (cache)
[8010/40930] 'BIOL20234 - Texas Christian University': no usable link (cache)
[8011/40930] 'BIOL30463 - Texas Christian University': no usable link (cache)
[8012/40930] 'BIS12023 - Texas Christian University': no usable link (cache)
[8013/40930] 'BIS2015 - Texas Christian University': no usable link (cache)
[8014/40930] 'BUS10153 - Texas Christian University': no usable link (cache)
[8015/40930] 'BUS20173 - Texas Christian University': no usable link (cache)
[8016/40930] 'BUSI10151 - Texas Christian University': no usable link (cache)
[8017/40930] 'BUSI10153 - Texas Christian University': no usable link (cache)
[8018/40930] 'BUSI20173 - Texas Christian University': no usable link (cache)
[8019/40930] 'BUSI30383 - Texas Christian University': no usable link (cache)
[8020/40930] 'CHEM10125 - Texas Christian University': no usable link (cache)
[8021/40930] 'CHEM20123 - Texas Christian University': no usable link (cache)
[8022/40930] 'CHIN10033 - Texas Christian University': no usable link (cache)
[8023/40930] 'CHIN10043 - Texas Christian University': no usable link (cache)
[8024/40930] 'CITE10003 - Texas Christian University': no usable link (cache)
[8025/40930] 'CJ40503 - Texas Christian University': no usable link (cache)
[8026/40930] 'COMM10213 - Texas Christian University': no usable link (cache)
[8027/40930] 'COSC20803 - Texas Christian University': no usable link (cache)
[8028/40930] 'CRITR2103 - Texas Christian University': no usable link (cache)
[8029/40930] 'CRJU20413 - Texas Christian University': no usable link (cache)
[8030/40930] 'CRJU20873 - Texas Christian University': no usable link (cache)
[8031/40930] 'CRJU30853 - Texas Christian University': no usable link (cache)
[8032/40930] 'CRJU40503 - Texas Christian University': no usable link (cache)
[8033/40930] 'DANC10331 - Texas Christian University': no usable link (cache)
[8034/40930] 'DANC10453 - Texas Christian University': no usable link (cache)
[8035/40930] 'ECO10223 - Texas Christian University': no usable link (cache)
[8036/40930] 'ECON080 - Texas Christian University': no usable link (cache)
[8037/40930] 'ECON10233 - Texas Christian University': no usable link (cache)
[8038/40930] 'ECON1203 - Texas Christian University': no usable link (cache)
[8039/40930] 'ECON30233 - Texas Christian University': no usable link (cache)
[8040/40930] 'ECON3024 - Texas Christian University': no usable link (cache)
[8041/40930] 'ECON30243 - Texas Christian University': no usable link (cache)
[8042/40930] 'ECON30253 - Texas Christian University': no usable link (cache)
[8043/40930] 'ECON30483 - Texas Christian University': no usable link (cache)
[8044/40930] 'ECON30523 - Texas Christian University': no usable link (cache)
[8045/40930] 'ECON30773 - Texas Christian University': no usable link (cache)
[8046/40930] 'ECON40153 - Texas Christian University': no usable link (cache)
[8047/40930] 'ECON4023 - Texas Christian University': no usable link (cache)
[8048/40930] 'EDUC30123 - Texas Christian University': no usable link (cache)
[8049/40930] 'EDUC3014 - Texas Christian University': no usable link (cache)
[8050/40930] 'EDUC30143 - Texas Christian University': no usable link (cache)
[8051/40930] 'ENG10803 - Texas Christian University': no usable link (cache)
[8052/40930] 'ENG10833 - Texas Christian University': no usable link (cache)
[8053/40930] 'ENG2013 - Texas Christian University': no usable link (cache)
[8054/40930] 'ENGL10133 - Texas Christian University': no usable link (cache)
[8055/40930] 'ENGL1083 - Texas Christian University': no usable link (cache)
[8056/40930] 'ENGL20213 - Texas Christian University': no usable link (cache)
[8057/40930] 'ENGL20403 - Texas Christian University': no usable link (cache)
[8058/40930] 'ENGL20423 - Texas Christian University': no usable link (cache)
[8059/40930] 'ENGL20623 - Texas Christian University': no usable link (cache)
[8060/40930] 'ENGL20703 - Texas Christian University': no usable link (cache)
[8061/40930] 'ENGL20803 - Texas Christian University': no usable link (cache)
[8062/40930] 'ENGL30633 - Texas Christian University': no usable link (cache)
[8063/40930] 'AAS2310 - Texas State University': no usable link (cache)
[8064/40930] 'ACC2362 - Texas State University': no usable link (cache)
[8065/40930] 'ACC3305 - Texas State University': no usable link (cache)
[8066/40930] 'ACC3308 - Texas State University': no usable link (cache)
[8067/40930] 'ACC3313 - Texas State University': no usable link (cache)
[8068/40930] 'ACC3314 - Texas State University': no usable link (cache)
[8069/40930] 'ACC3363 - Texas State University': no usable link (cache)
[8070/40930] 'ACC3365 - Texas State University': no usable link (cache)
[8071/40930] 'ACC3385 - Texas State University': no usable link (cache)
[8072/40930] 'ACC4328 - Texas State University': no usable link (cache)
[8073/40930] 'ACC5355 - Texas State University': no usable link (cache)
[8074/40930] 'ACCT2362 - Texas State University': no usable link (cache)
[8075/40930] 'ACCT3313 - Texas State University': no usable link (cache)
[8076/40930] 'AG4325 - Texas State University': no usable link (cache)
[8077/40930] 'ANT3305 - Texas State University': no usable link (cache)
[8078/40930] 'ANTH3350 - Texas State University': no usable link (cache)
[8079/40930] 'ARAB1410 - Texas State University': no usable link (cache)
[8080/40930] 'ART1302 - Texas State University': no usable link (cache)
[8081/40930] 'ARTF1301 - Texas State University': no usable link (cache)
[8082/40930] 'ARTF1302 - Texas State University': no usable link (cache)
[8083/40930] 'BA1310 - Texas State University': no usable link (cache)
[8084/40930] 'BA3110 - Texas State University': no usable link (cache)
[8085/40930] 'BA5352 - Texas State University': no usable link (cache)
[8086/40930] 'BIO1310 - Texas State University': no usable link (cache)
[8087/40930] 'BIO1320 - Texas State University': no usable link (cache)
[8088/40930] 'BIO1321 - Texas State University': no usable link (cache)
[8089/40930] 'BIO1420 - Texas State University': no usable link (cache)
[8090/40930] 'BIO2452 - Texas State University': no usable link (cache)
[8091/40930] 'BIO3465 - Texas State University': no usable link (cache)
[8092/40930] 'BIO4455 - Texas State University': no usable link (cache)
[8093/40930] 'BUS2333 - Texas State University': no usable link (cache)
[8094/40930] 'CA1341 - Texas State University': no usable link (cache)
[8095/40930] 'CA1347 - Texas State University': no usable link (cache)
[8096/40930] 'CA3341 - Texas State University': no usable link (cache)
[8097/40930] 'CHEM1341 - Texas State University': no usable link (cache)
[8098/40930] 'CHEM3410 - Texas State University': no usable link (cache)
[8099/40930] 'CHEM4375 - Texas State University': no usable link (cache)
[8100/40930] 'CI2355 - Texas State University': no usable link (cache)
[8101/40930] 'CIS1323 - Texas State University': no usable link (cache)
[8102/40930] 'CIS2324 - Texas State University': no usable link (cache)
[8103/40930] 'CIS3374 - Texas State University': no usable link (cache)
[8104/40930] 'CIS3380 - Texas State University': no usable link (cache)
[8105/40930] 'CIS4332 - Texas State University': no usable link (cache)
[8106/40930] 'COMM1301 - Texas State University': no usable link (cache)
[8107/40930] 'COMM1310 - Texas State University': no usable link (cache)
[8108/40930] 'COMM1320 - Texas State University': no usable link (cache)
[8109/40930] 'CS3358 - Texas State University': no usable link (cache)
[8110/40930] 'CS4318 - Texas State University': no usable link (cache)
[8111/40930] 'ECO2314 - Texas State University': no usable link (cache)
[8112/40930] 'ECO3317 - Texas State University': no usable link (cache)
[8113/40930] 'ECO4313 - Texas State University': no usable link (cache)
[8114/40930] 'EG3385 - Texas State University': no usable link (cache)
[8115/40930] 'ENG2340 - Texas State University': no usable link (cache)
[8116/40930] 'ENG2360 - Texas State University': no usable link (cache)
[8117/40930] 'ENG3342 - Texas State University': no usable link (cache)
[8118/40930] 'ENG3385 - Texas State University': no usable link (cache)
[8119/40930] 'ENG3386 - Texas State University': no usable link (cache)
[8120/40930] 'ENG3388 - Texas State University': no usable link (cache)
[8121/40930] 'ENGL3385 - Texas State University': no usable link (cache)
[8122/40930] 'AAEC3315 - Texas Tech University': no usable link (cache)
[8123/40930] 'ACCT3306 - Texas Tech University': no usable link (cache)
[8124/40930] 'ACCT3307 - Texas Tech University': no usable link (cache)
[8125/40930] 'ADV3310 - Texas Tech University': no usable link (cache)
[8126/40930] 'AGSC2301 - Texas Tech University': no usable link (cache)
[8127/40930] 'ANTH2306 - Texas Tech University': no usable link (cache)
[8128/40930] 'ARCG3314 - Texas Tech University': no usable link (cache)
[8129/40930] 'ARCH2311 - Texas Tech University': no usable link (cache)
[8130/40930] 'ART1309 - Texas Tech University': no usable link (cache)
[8131/40930] 'ART2302 - Texas Tech University': no usable link (cache)
[8132/40930] 'ART3301 - Texas Tech University': no usable link (cache)
[8133/40930] 'BA1301 - Texas Tech University': no usable link (cache)
[8134/40930] 'BA3302 - Texas Tech University': no usable link (cache)
[8135/40930] 'BA3303 - Texas Tech University': no usable link (cache)
[8136/40930] 'BA3304 - Texas Tech University': no usable link (cache)
[8137/40930] 'BA3306 - Texas Tech University': no usable link (cache)
[8138/40930] 'BCOM3373 - Texas Tech University': no usable link (cache)
[8139/40930] 'BECO4310 - Texas Tech University': no usable link (cache)
[8140/40930] 'BIO3416 - Texas Tech University': no usable link (cache)
[8141/40930] 'BIOL1403 - Texas Tech University': no usable link (cache)
[8142/40930] 'BIOL1404 - Texas Tech University': no usable link (cache)
[8143/40930] 'BIOL3416 - Texas Tech University': no usable link (cache)
[8144/40930] 'BIOL4305 - Texas Tech University': no usable link (cache)
[8145/40930] 'CARS2300 - Texas Tech University': no usable link (cache)
[8146/40930] 'CE2301 - Texas Tech University': no usable link (cache)
[8147/40930] 'CE3303 - Texas Tech University': no usable link (cache)
[8148/40930] 'CE3440 - Texas Tech University': no usable link (cache)
[8149/40930] 'CE5368 - Texas Tech University': no usable link (cache)
[8150/40930] 'CHE3315 - Texas Tech University': no usable link (cache)
[8151/40930] 'CHE3322 - Texas Tech University': no usable link (cache)
[8152/40930] 'CHE3323 - Texas Tech University': no usable link (cache)
[8153/40930] 'CHE3326 - Texas Tech University': no usable link (cache)
[8154/40930] 'CHE3330 - Texas Tech University': no usable link (cache)
[8155/40930] 'CHEM1108 - Texas Tech University': no usable link (cache)
[8156/40930] 'CHEM1305 - Texas Tech University': no usable link (cache)
[8157/40930] 'CHEM1306 - Texas Tech University': no usable link (cache)
[8158/40930] 'CHEM1307 - Texas Tech University': no usable link (cache)
[8159/40930] 'CHEM1308 - Texas Tech University': no usable link (cache)
[8160/40930] 'CHEM3105 - Texas Tech University': no usable link (cache)
[8161/40930] 'CHEM3305 - Texas Tech University': no usable link (cache)
[8162/40930] 'CMI3355 - Texas Tech University': no usable link (cache)
[8163/40930] 'COMMS1301 - Texas Tech University': no usable link (cache)
[8164/40930] 'COMS1301 - Texas Tech University': no usable link (cache)
[8165/40930] 'COMS3310 - Texas Tech University': no usable link (cache)
[8166/40930] 'CS1382 - Texas Tech University': no usable link (cache)
[8167/40930] 'CS1412 - Texas Tech University': no usable link (cache)
[8168/40930] 'CS2350 - Texas Tech University': no usable link (cache)
[8169/40930] 'CS3375 - Texas Tech University': no usable link (cache)
[8170/40930] 'CS4331 - Texas Tech University': no usable link (cache)
[8171/40930] 'ECE2372 - Texas Tech University': no usable link (cache)
[8172/40930] 'EDIT5342 - Texas Tech University': no usable link (cache)
[8173/40930] 'EDSE2300 - Texas Tech University': no usable link (cache)
[8174/40930] 'EE1304 - Texas Tech University': no usable link (cache)
[8175/40930] 'ENCO3365 - Texas Tech University': no usable link (cache)
[8176/40930] 'ENG2307 - Texas Tech University': no usable link (cache)
[8177/40930] 'ENGL2351 - Texas Tech University': no usable link (cache)
[8178/40930] 'ENGL3390 - Texas Tech University': no usable link (cache)
[8179/40930] 'ENGL4313 - Texas Tech University': no usable link (cache)
[8180/40930] 'AIT616 - Towson University': no usable link (cache)
[8181/40930] 'AIT618 - Towson University': no usable link (cache)
[8182/40930] 'ARTH109 - Towson University': no usable link (cache)
[8183/40930] 'BIO221L - Towson University': no usable link (cache)
[8184/40930] 'BIOL120L - Towson University': no usable link (cache)
[8185/40930] 'BIOL191L - Towson University': no usable link (cache)
[8186/40930] 'BIOL458 - Towson University': no usable link (cache)
[8187/40930] 'BSUX301 - Towson University': no usable link (cache)
[8188/40930] 'BUSX300 - Towson University': no usable link (cache)
[8189/40930] 'BUSX360 - Towson University': no usable link (cache)
[8190/40930] 'BUSX460 - Towson University': no usable link (cache)
[8191/40930] 'CBEC301 - Towson University': no usable link (cache)
[8192/40930] 'CBEC460 - Towson University': no usable link (cache)
[8193/40930] 'CHNS101 - Towson University': no usable link (cache)
[8194/40930] 'CIS377 - Towson University': no usable link (cache)
[8195/40930] 'COCS237 - Towson University': no usable link (cache)
[8196/40930] 'COMM131 - Towson University': no usable link (cache)
[8197/40930] 'COSC165 - Towson University': no usable link (cache)
[8198/40930] 'COSC236 - Towson University': no usable link (cache)
[8199/40930] 'COSC237 - Towson University': no usable link (cache)
[8200/40930] 'COSC457 - Towson University': no usable link (cache)
[8201/40930] 'COSC467 - Towson University': no usable link (cache)
[8202/40930] 'CRMJ345 - Towson University': no usable link (cache)
[8203/40930] 'DANCE235 - Towson University': no usable link (cache)
[8204/40930] 'DISC263 - Towson University': no usable link (cache)
[8205/40930] 'EBTM250 - Towson University': no usable link (cache)
[8206/40930] 'EBTM311 - Towson University': no usable link (cache)
[8207/40930] 'EBTM337 - Towson University': no usable link (cache)
[8208/40930] 'EBTM350 - Towson University': no usable link (cache)
[8209/40930] 'EBTM365 - Towson University': no usable link (cache)
[8210/40930] 'EBTM367 - Towson University': no usable link (cache)
[8211/40930] 'EBTM411 - Towson University': no usable link (cache)
[8212/40930] 'EBTM446 - Towson University': no usable link (cache)
[8213/40930] 'EBUS411 - Towson University': no usable link (cache)
[8214/40930] 'ENGL485 - Towson University': no usable link (cache)
[8215/40930] 'ADMN1021 - Trent University': no usable link (cache)
[8216/40930] 'ADMN2021 - Trent University': no usable link (cache)
[8217/40930] 'ADMN3430 - Trent University': no usable link (cache)
[8218/40930] 'ADMN3750 - Trent University': no usable link (cache)
[8219/40930] 'CCTH1000 - Trent University': no usable link (cache)
[8220/40930] 'CHYS1000 - Trent University': no usable link (cache)
[8221/40930] 'CHYS1001 - Trent University': no usable link (cache)
[8222/40930] 'CHYS2006 - Trent University': no usable link (cache)
[8223/40930] 'CHYS2010 - Trent University': no usable link (cache)
[8224/40930] 'CHYS3500 - Trent University': no usable link (cache)
[8225/40930] 'CHYS4006 - Trent University': no usable link (cache)
[8226/40930] 'CUST1520H - Trent University': no usable link (cache)
[8227/40930] 'ENGL1001H - Trent University': no usable link (cache)
[8228/40930] 'ENGL3704 - Trent University': no usable link (cache)
[8229/40930] 'AHIS210 - Trinity College': no usable link (cache)
[8230/40930] 'AMST298 - Trinity College': no usable link (cache)
[8231/40930] 'BIO1523 - Trinity College': no usable link (cache)
[8232/40930] 'BIO183LAB - Trinity College': no usable link (cache)
[8233/40930] 'BIOL182 - Trinity College': no usable link (cache)
[8234/40930] 'BIOL182LAB - Trinity College': no usable link (cache)
[8235/40930] 'CACT101 - Trinity College': no usable link (cache)
[8236/40930] 'CTYP202 - Trinity College': no usable link (cache)
[8237/40930] 'ECON247 - Trinity College': no usable link (cache)
[8238/40930] 'ANTH0032 - Tufts University': no usable link (cache)
[8239/40930] 'ANTH0040 - Tufts University': no usable link (cache)
[8240/40930] 'ANTH32 - Tufts University': no usable link (cache)
[8241/40930] 'ANTH40 - Tufts University': no usable link (cache)
[8242/40930] 'ANTH44 - Tufts University': no usable link (cache)
[8243/40930] 'AST0006 - Tufts University': no usable link (cache)
[8244/40930] 'AST006 - Tufts University': no usable link (cache)
[8245/40930] 'BIO0006 - Tufts University': no usable link (cache)
[8246/40930] 'BIO0013 - Tufts University': no usable link (cache)
[8247/40930] 'BIO0035 - Tufts University': no usable link (cache)
[8248/40930] 'BIO46 - Tufts University': no usable link (cache)
[8249/40930] 'BME33 - Tufts University': no usable link (cache)
[8250/40930] 'BYZ101 - Tufts University': no usable link (cache)
[8251/40930] 'CEE32 - Tufts University': no usable link (cache)
[8252/40930] 'CEE54 - Tufts University': no usable link (cache)
[8253/40930] 'CH0001 - Tufts University': no usable link (cache)
[8254/40930] 'CH0002 - Tufts University': no usable link (cache)
[8255/40930] 'CH0011 - Tufts University': no usable link (cache)
[8256/40930] 'CH11 - Tufts University': no usable link (cache)
[8257/40930] 'CH31 - Tufts University': no usable link (cache)
[8258/40930] 'CH54 - Tufts University': no usable link (cache)
[8259/40930] 'CH56 - Tufts University': no usable link (cache)
[8260/40930] 'CH99 - Tufts University': no usable link (cache)
[8261/40930] 'CHEM0001 - Tufts University': no usable link (cache)
[8262/40930] 'CHEM0006 - Tufts University': no usable link (cache)
[8263/40930] 'CHEM0011 - Tufts University': no usable link (cache)
[8264/40930] 'CHEM0012 - Tufts University': no usable link (cache)
[8265/40930] 'CHEM0051 - Tufts University': no usable link (cache)
[8266/40930] 'CHEM0157 - Tufts University': no usable link (cache)
[8267/40930] 'CHEM0171 - Tufts University': no usable link (cache)
[8268/40930] 'CHEM31 - Tufts University': no usable link (cache)
[8269/40930] 'CHEM45 - Tufts University': no usable link (cache)
[8270/40930] 'CHNS0022 - Tufts University': no usable link (cache)
[8271/40930] 'CHNS0061 - Tufts University': no usable link (cache)
[8272/40930] 'CHNS0122 - Tufts University': no usable link (cache)
[8273/40930] 'CHNS21 - Tufts University': no usable link (cache)
[8274/40930] 'CHNS81 - Tufts University': no usable link (cache)
[8275/40930] 'CHNS91 - Tufts University': no usable link (cache)
[8276/40930] 'CLS0037 - Tufts University': no usable link (cache)
[8277/40930] 'CLS0039A - Tufts University': no usable link (cache)
[8278/40930] 'CLS0185 - Tufts University': no usable link (cache)
[8279/40930] 'CR41 - Tufts University': no usable link (cache)
[8280/40930] 'CS185 - Tufts University': no usable link (cache)
[8281/40930] 'CSHD0125 - Tufts University': no usable link (cache)
[8282/40930] 'CSHD167 - Tufts University': no usable link (cache)
[8283/40930] 'CSHD169 - Tufts University': no usable link (cache)
[8284/40930] 'DNC91 - Tufts University': no usable link (cache)
[8285/40930] 'DR65 - Tufts University': no usable link (cache)
[8286/40930] 'EC0012 - Tufts University': no usable link (cache)
[8287/40930] 'EC0030 - Tufts University': no usable link (cache)
[8288/40930] 'EC13 - Tufts University': no usable link (cache)
[8289/40930] 'EC144 - Tufts University': no usable link (cache)
[8290/40930] 'EC159 - Tufts University': no usable link (cache)
[8291/40930] 'EC16 - Tufts University': no usable link (cache)
[8292/40930] 'EC161 - Tufts University': no usable link (cache)
[8293/40930] 'EC17 - Tufts University': no usable link (cache)
[8294/40930] 'EC170 - Tufts University': no usable link (cache)
[8295/40930] 'EC18 - Tufts University': no usable link (cache)
[8296/40930] 'EC24 - Tufts University': no usable link (cache)
[8297/40930] 'EC60 - Tufts University': no usable link (cache)
[8298/40930] 'EC63 - Tufts University': no usable link (cache)
[8299/40930] 'ECS0007 - Tufts University': no usable link (cache)
[8300/40930] 'EE23 - Tufts University': no usable link (cache)
[8301/40930] 'EM255 - Tufts University': no usable link (cache)
[8302/40930] 'ENG0001 - Tufts University': no usable link (cache)
[8303/40930] 'ENG0006 - Tufts University': no usable link (cache)
[8304/40930] 'ENG0042 - Tufts University': no usable link (cache)
[8305/40930] 'ENG0158 - Tufts University': no usable link (cache)
[8306/40930] 'ENG0191 - Tufts University': no usable link (cache)
[8307/40930] 'ENG158 - Tufts University': no usable link (cache)
[8308/40930] 'ENG80 - Tufts University': no usable link (cache)
[8309/40930] 'ENG91 - Tufts University': no usable link (cache)
[8310/40930] 'ENG92 - Tufts University': no usable link (cache)
[8311/40930] 'ACCN1010 - Tulane University': no usable link (cache)
[8312/40930] 'ACCN2010 - Tulane University': no usable link (cache)
[8313/40930] 'ACCN3010 - Tulane University': no usable link (cache)
[8314/40930] 'ACCN310 - Tulane University': no usable link (cache)
[8315/40930] 'ACCN3100 - Tulane University': no usable link (cache)
[8316/40930] 'ACCN4100 - Tulane University': no usable link (cache)
[8317/40930] 'ACCN4110 - Tulane University': no usable link (cache)
[8318/40930] 'ACCN7120 - Tulane University': no usable link (cache)
[8319/40930] 'ACCN7140 - Tulane University': no usable link (cache)
[8320/40930] 'AFRS2000 - Tulane University': no usable link (cache)
[8321/40930] 'AFRS3200 - Tulane University': no usable link (cache)
[8322/40930] 'AFRS3300 - Tulane University': no usable link (cache)
[8323/40930] 'AHST1010 - Tulane University': no usable link (cache)
[8324/40930] 'AHST1110 - Tulane University': no usable link (cache)
[8325/40930] 'AHST3540 - Tulane University': no usable link (cache)
[8326/40930] 'ANTH3090 - Tulane University': no usable link (cache)
[8327/40930] 'ANTH3091 - Tulane University': no usable link (cache)
[8328/40930] 'ANTH3310 - Tulane University': no usable link (cache)
[8329/40930] 'APMS217 - Tulane University': no usable link (cache)
[8330/40930] 'APMS2170 - Tulane University': no usable link (cache)
[8331/40930] 'ARCH1111 - Tulane University': no usable link (cache)
[8332/40930] 'ARCH3731 - Tulane University': no usable link (cache)
[8333/40930] 'ARHS3510 - Tulane University': no usable link (cache)
[8334/40930] 'ARHS3540 - Tulane University': no usable link (cache)
[8335/40930] 'ARHS3872 - Tulane University': no usable link (cache)
[8336/40930] 'ARHS6050 - Tulane University': no usable link (cache)
[8337/40930] 'ARHS6540 - Tulane University': no usable link (cache)
[8338/40930] 'ARST1350 - Tulane University': no usable link (cache)
[8339/40930] 'ASTC1010 - Tulane University': no usable link (cache)
[8340/40930] 'ASTC1020 - Tulane University': no usable link (cache)
[8341/40930] 'ASTC3050 - Tulane University': no usable link (cache)
[8342/40930] 'ASTC3060 - Tulane University': no usable link (cache)
[8343/40930] 'ASTJ1010 - Tulane University': no usable link (cache)
[8344/40930] 'ASTJ1020 - Tulane University': no usable link (cache)
[8345/40930] 'ASTJ2030 - Tulane University': no usable link (cache)
[8346/40930] 'BIOS6290 - Tulane University': no usable link (cache)
[8347/40930] 'CELL1010 - Tulane University': no usable link (cache)
[8348/40930] 'CELL1030 - Tulane University': no usable link (cache)
[8349/40930] 'CELL205 - Tulane University': no usable link (cache)
[8350/40930] 'CELL2050 - Tulane University': no usable link (cache)
[8351/40930] 'CELL331 - Tulane University': no usable link (cache)
[8352/40930] 'CELL3310 - Tulane University': no usable link (cache)
[8353/40930] 'CELL4010 - Tulane University': no usable link (cache)
[8354/40930] 'CENG1200 - Tulane University': no usable link (cache)
[8355/40930] 'CHEM1085 - Tulane University': no usable link (cache)
[8356/40930] 'CHEM242ORGO - Tulane University': no usable link (cache)
[8357/40930] 'CLAS2310 - Tulane University': no usable link (cache)
[8358/40930] 'COLQ1030 - Tulane University': no usable link (cache)
[8359/40930] 'COMM1250 - Tulane University': no usable link (cache)
[8360/40930] 'COMM1650 - Tulane University': no usable link (cache)
[8361/40930] 'COMM2450 - Tulane University': no usable link (cache)
[8362/40930] 'COMM2700 - Tulane University': no usable link (cache)
[8363/40930] 'COMM2813 - Tulane University': no usable link (cache)
[8364/40930] 'COMM2900 - Tulane University': no usable link (cache)
[8365/40930] 'COMM3150 - Tulane University': no usable link (cache)
[8366/40930] 'COMM3260 - Tulane University': no usable link (cache)
[8367/40930] 'COMM3825 - Tulane University': no usable link (cache)
[8368/40930] 'DESG2120 - Tulane University': no usable link (cache)
[8369/40930] 'DESG4930 - Tulane University': no usable link (cache)
[8370/40930] 'EBIO1015 - Tulane University': no usable link (cache)
[8371/40930] 'EBIO2030 - Tulane University': no usable link (cache)
[8372/40930] 'EBIO2040 - Tulane University': no usable link (cache)
[8373/40930] 'EBIO2210 - Tulane University': no usable link (cache)
[8374/40930] 'ECON3370 - Tulane University': no usable link (cache)
[8375/40930] 'ECON3980 - Tulane University': no usable link (cache)
[8376/40930] 'EMBA7660 - Tulane University': no usable link (cache)
[8377/40930] 'ENGL3610 - Tulane University': no usable link (cache)
[8378/40930] 'AAH103 - Union College': no usable link (cache)
[8379/40930] 'AAH222 - Union College': no usable link (cache)
[8380/40930] 'AAH265 - Union College': no usable link (cache)
[8381/40930] 'AHA103 - Union College': no usable link (cache)
[8382/40930] 'ARB100 - Union College': no usable link (cache)
[8383/40930] 'AST51 - Union College': no usable link (cache)
[8384/40930] 'AVA260 - Union College': no usable link (cache)
[8385/40930] 'CHM101L - Union College': no usable link (cache)
[8386/40930] 'CLS121 - Union College': no usable link (cache)
[8387/40930] 'CLS151 - Union College': no usable link (cache)
[8388/40930] 'ECO243 - Union College': no usable link (cache)
[8389/40930] 'ECO354 - Union College': no usable link (cache)
[8390/40930] 'EGL101 - Union College': no usable link (cache)
[8391/40930] 'EGL102 - Union College': no usable link (cache)
[8392/40930] 'EGL105 - Union College': no usable link (cache)
[8393/40930] 'EGL110 - Union College': no usable link (cache)
[8394/40930] 'EGL253 - Union College': no usable link (cache)
[8395/40930] 'AAAS322 - University at Albany': no usable link (cache)
[8396/40930] 'AAFS287 - University at Albany': no usable link (cache)
[8397/40930] 'AAFS322 - University at Albany': no usable link (cache)
[8398/40930] 'AANT111 - University at Albany': no usable link (cache)
[8399/40930] 'AANT340 - University at Albany': no usable link (cache)
[8400/40930] 'AARH265 - University at Albany': no usable link (cache)
[8401/40930] 'AAS286 - University at Albany': no usable link (cache)
[8402/40930] 'AATM200 - University at Albany': no usable link (cache)
[8403/40930] 'ABIO117 - University at Albany': no usable link (cache)
[8404/40930] 'ABIO120 - University at Albany': no usable link (cache)
[8405/40930] 'ABIO121 - University at Albany': no usable link (cache)
[8406/40930] 'ABIO130 - University at Albany': no usable link (cache)
[8407/40930] 'ABIO175 - University at Albany': no usable link (cache)
[8408/40930] 'ABIO314 - University at Albany': no usable link (cache)
[8409/40930] 'ABIO330 - University at Albany': no usable link (cache)
[8410/40930] 'ABIO335 - University at Albany': no usable link (cache)
[8411/40930] 'ABIO429 - University at Albany': no usable link (cache)
[8412/40930] 'ABIO477 - University at Albany': no usable link (cache)
[8413/40930] 'ACC211 - University at Albany': no usable link (cache)
[8414/40930] 'ACCT222 - University at Albany': no usable link (cache)
[8415/40930] 'ACHM115 - University at Albany': no usable link (cache)
[8416/40930] 'ACHM121 - University at Albany': no usable link (cache)
[8417/40930] 'ACHM124 - University at Albany': no usable link (cache)
[8418/40930] 'ACHM220 - University at Albany': no usable link (cache)
[8419/40930] 'ACHM221 - University at Albany': no usable link (cache)
[8420/40930] 'ACHM223 - University at Albany': no usable link (cache)
[8421/40930] 'ACOM100 - University at Albany': no usable link (cache)
[8422/40930] 'ACOM101 - University at Albany': no usable link (cache)
[8423/40930] 'ACOM304 - University at Albany': no usable link (cache)
[8424/40930] 'ACOMM100 - University at Albany': no usable link (cache)
[8425/40930] 'AEAK376 - University at Albany': no usable link (cache)
[8426/40930] 'AEAK389 - University at Albany': no usable link (cache)
[8427/40930] 'AECO111 - University at Albany': no usable link (cache)
[8428/40930] 'AECO330 - University at Albany': no usable link (cache)
[8429/40930] 'AECO350 - University at Albany': no usable link (cache)
[8430/40930] 'AECO420W - University at Albany': no usable link (cache)
[8431/40930] 'AENG102Z - University at Albany': no usable link (cache)
[8432/40930] 'AENG110 - University at Albany': no usable link (cache)
[8433/40930] 'AENG110Z - University at Albany': no usable link (cache)
[8434/40930] 'AENG121 - University at Albany': no usable link (cache)
[8435/40930] 'AENG222 - University at Albany': no usable link (cache)
[8436/40930] 'AENG261 - University at Albany': no usable link (cache)
[8437/40930] 'AENG272 - University at Albany': no usable link (cache)
[8438/40930] 'AENG302 - University at Albany': no usable link (cache)
[8439/40930] 'AENG357 - University at Albany': no usable link (cache)
[8440/40930] 'AENG412 - University at Albany': no usable link (cache)
[8441/40930] 'AGLO103 - University at Albany': no usable link (cache)
[8442/40930] 'AGOG102 - University at Albany': no usable link (cache)
[8443/40930] 'AHIS100 - University at Albany': no usable link (cache)
[8444/40930] 'AHIS101 - University at Albany': no usable link (cache)
[8445/40930] 'AHIS131 - University at Albany': no usable link (cache)
[8446/40930] 'AHIS158 - University at Albany': no usable link (cache)
[8447/40930] 'AHIS292 - University at Albany': no usable link (cache)
[8448/40930] 'AHIS325 - University at Albany': no usable link (cache)
[8449/40930] 'AHIS327 - University at Albany': no usable link (cache)
[8450/40930] 'AHIS336 - University at Albany': no usable link (cache)
[8451/40930] 'AHIS355 - University at Albany': no usable link (cache)
[8452/40930] 'AHIS389 - University at Albany': no usable link (cache)
[8453/40930] 'AITA100 - University at Albany': no usable link (cache)
[8454/40930] 'AJRL200Z - University at Albany': no usable link (cache)
[8455/40930] 'ALCS201 - University at Albany': no usable link (cache)
[8456/40930] 'ALIN321 - University at Albany': no usable link (cache)
[8457/40930] 'AMAT301 - University at Albany': no usable link (cache)
[8458/40930] 'AMAT362 - University at Albany': no usable link (cache)
[8459/40930] 'AMUS181 - University at Albany': no usable link (cache)
[8460/40930] 'APH112 - University at Albany': no usable link (cache)
[8461/40930] 'APHI110 - University at Albany': no usable link (cache)
[8462/40930] 'APHI112 - University at Albany': no usable link (cache)
[8463/40930] 'APHI114 - University at Albany': no usable link (cache)
[8464/40930] 'APHI115 - University at Albany': no usable link (cache)
[8465/40930] 'APHI210 - University at Albany': no usable link (cache)
[8466/40930] 'APHI212 - University at Albany': no usable link (cache)
[8467/40930] 'APHI338 - University at Albany': no usable link (cache)
[8468/40930] 'APHI417 - University at Albany': no usable link (cache)
[8469/40930] 'APHY101 - University at Albany': no usable link (cache)
[8470/40930] 'APHY103 - University at Albany': no usable link (cache)
[8471/40930] 'APHY105 - University at Albany': no usable link (cache)
[8472/40930] 'APHY140 - University at Albany': no usable link (cache)
[8473/40930] 'APHY150 - University at Albany': no usable link (cache)
[8474/40930] 'APHY240 - University at Albany': no usable link (cache)
[8475/40930] 'APSY101 - University at Albany': no usable link (cache)
[8476/40930] 'APSY210 - University at Albany': no usable link (cache)
[8477/40930] 'APSY211 - University at Albany': no usable link (cache)
[8478/40930] 'APSY214 - University at Albany': no usable link (cache)
[8479/40930] 'APSY270 - University at Albany': no usable link (cache)
[8480/40930] 'APSY314 - University at Albany': no usable link (cache)
[8481/40930] 'APSY382 - University at Albany': no usable link (cache)
[8482/40930] 'APSY387 - University at Albany': no usable link (cache)
[8483/40930] 'APSY388 - University at Albany': no usable link (cache)
[8484/40930] 'APSY450T - University at Albany': no usable link (cache)
[8485/40930] 'ARH265 - University at Albany': no usable link (cache)
[8486/40930] 'ASO115 - University at Albany': no usable link (cache)
[8487/40930] 'ASOC115 - University at Albany': no usable link (cache)
[8488/40930] 'ASOC255 - University at Albany': no usable link (cache)
[8489/40930] 'ASOC262 - University at Albany': no usable link (cache)
[8490/40930] 'ASOC282 - University at Albany': no usable link (cache)
[8491/40930] 'ASOC380 - University at Albany': no usable link (cache)
[8492/40930] 'ASOC382 - University at Albany': no usable link (cache)
[8493/40930] 'ASPY270 - University at Albany': no usable link (cache)
[8494/40930] 'AWSS281X - University at Albany': no usable link (cache)
[8495/40930] 'BACC211 - University at Albany': no usable link (cache)
[8496/40930] 'BACC222 - University at Albany': no usable link (cache)
[8497/40930] 'BACC311 - University at Albany': no usable link (cache)
[8498/40930] 'BACC312 - University at Albany': no usable link (cache)
[8499/40930] 'BACC440 - University at Albany': no usable link (cache)
[8500/40930] 'BBUS300 - University at Albany': no usable link (cache)
[8501/40930] 'BFOR306 - University at Albany': no usable link (cache)
[8502/40930] 'BIO175 - University at Albany': no usable link (cache)
[8503/40930] 'BIO343 - University at Albany': no usable link (cache)
[8504/40930] 'BITM215 - University at Albany': no usable link (cache)
[8505/40930] 'BITM330 - University at Albany': no usable link (cache)
[8506/40930] 'BITM331 - University at Albany': no usable link (cache)
[8507/40930] 'BITM415 - University at Albany': no usable link (cache)
[8508/40930] 'BITM434 - University at Albany': no usable link (cache)
[8509/40930] 'BITM522 - University at Albany': no usable link (cache)
[8510/40930] 'BLAW220 - University at Albany': no usable link (cache)
[8511/40930] 'BLAW321 - University at Albany': no usable link (cache)
[8512/40930] 'BMGMT481W - University at Albany': no usable link (cache)
[8513/40930] 'BMGT430 - University at Albany': no usable link (cache)
[8514/40930] 'BMGT470 - University at Albany': no usable link (cache)
[8515/40930] 'BMGT481W - University at Albany': no usable link (cache)
[8516/40930] 'BMKT351 - University at Albany': no usable link (cache)
[8517/40930] 'CALC112 - University at Albany': no usable link (cache)
[8518/40930] 'CEHC101 - University at Albany': no usable link (cache)
[8519/40930] 'CEHC242 - University at Albany': no usable link (cache)
[8520/40930] 'CEHC345 - University at Albany': no usable link (cache)
[8521/40930] 'CINF200 - University at Albany': no usable link (cache)
[8522/40930] 'CINF203 - University at Albany': no usable link (cache)
[8523/40930] 'CINF308 - University at Albany': no usable link (cache)
[8524/40930] 'CRJ353 - University at Albany': no usable link (cache)
[8525/40930] 'CRJ416Z - University at Albany': no usable link (cache)
[8526/40930] 'CSI201 - University at Albany': no usable link (cache)
[8527/40930] 'EHC101 - University at Albany': no usable link (cache)
[8528/40930] 'CHE 107 - University at Buffalo': no usable link (cache)
[8529/40930] 'CIE 334 - University at Buffalo': no usable link (cache)
[8530/40930] 'EAS 199 - University at Buffalo': no usable link (cache)
[8531/40930] 'ECO 182 - University at Buffalo': no usable link (cache)
[8532/40930] 'ECO 181 - University at Buffalo': no usable link (cache)
[8533/40930] 'AAST201 - University of Alabama': no usable link (cache)
[8534/40930] 'AAST249 - University of Alabama': no usable link (cache)
[8535/40930] 'AC211 - University of Alabama': no usable link (cache)
[8536/40930] 'AC371 - University of Alabama': no usable link (cache)
[8537/40930] 'AC389 - University of Alabama': no usable link (cache)
[8538/40930] 'AC432 - University of Alabama': no usable link (cache)
[8539/40930] 'AC456 - University of Alabama': no usable link (cache)
[8540/40930] 'AC471 - University of Alabama': no usable link (cache)
[8541/40930] 'AEM508 - University of Alabama': no usable link (cache)
[8542/40930] 'ARH151 - University of Alabama': no usable link (cache)
[8543/40930] 'BCS108 - University of Alabama': no usable link (cache)
[8544/40930] 'BCS114 - University of Alabama': no usable link (cache)
[8545/40930] 'BER345 - University of Alabama': no usable link (cache)
[8546/40930] 'BSC109 - University of Alabama': no usable link (cache)
[8547/40930] 'BSC114 - University of Alabama': no usable link (cache)
[8548/40930] 'BSC116 - University of Alabama': no usable link (cache)
[8549/40930] 'BSC118 - University of Alabama': no usable link (cache)
[8550/40930] 'BSC215 - University of Alabama': no usable link (cache)
[8551/40930] 'BSC216 - University of Alabama': no usable link (cache)
[8552/40930] 'BSC300 - University of Alabama': no usable link (cache)
[8553/40930] 'BSC310 - University of Alabama': no usable link (cache)
[8554/40930] 'BSC475 - University of Alabama': no usable link (cache)
[8555/40930] 'BY108 - University of Alabama': no usable link (cache)
[8556/40930] 'CH117 - University of Alabama': no usable link (cache)
[8557/40930] 'CH118 - University of Alabama': no usable link (cache)
[8558/40930] 'CH338 - University of Alabama': no usable link (cache)
[8559/40930] 'CH340 - University of Alabama': no usable link (cache)
[8560/40930] 'CJ100 - University of Alabama': no usable link (cache)
[8561/40930] 'CJ240 - University of Alabama': no usable link (cache)
[8562/40930] 'CJ280 - University of Alabama': no usable link (cache)
[8563/40930] 'CJ300 - University of Alabama': no usable link (cache)
[8564/40930] 'CJ381 - University of Alabama': no usable link (cache)
[8565/40930] 'COM220 - University of Alabama': no usable link (cache)
[8566/40930] 'CTD121 - University of Alabama': no usable link (cache)
[8567/40930] 'E209 - University of Alabama': no usable link (cache)
[8568/40930] 'EC110 - University of Alabama': no usable link (cache)
[8569/40930] 'EC113 - University of Alabama': no usable link (cache)
[8570/40930] 'EC308 - University of Alabama': no usable link (cache)
[8571/40930] 'EC309 - University of Alabama': no usable link (cache)
[8572/40930] 'EC413 - University of Alabama': no usable link (cache)
[8573/40930] 'EN102 - University of Alabama': no usable link (cache)
[8574/40930] 'EN205 - University of Alabama': no usable link (cache)
[8575/40930] 'EN206 - University of Alabama': no usable link (cache)
[8576/40930] 'EN207 - University of Alabama': no usable link (cache)
[8577/40930] 'EN208 - University of Alabama': no usable link (cache)
[8578/40930] 'EN249 - University of Alabama': no usable link (cache)
[8579/40930] 'ANSC100 - University of Alberta': no usable link (cache)
[8580/40930] 'BUS303 - University of Alberta': no usable link (cache)
[8581/40930] 'CHEM303 - University of Alberta': no usable link (cache)
[8582/40930] 'CLASS102 - University of Alberta': no usable link (cache)
[8583/40930] 'CMPUT261 - University of Alberta': no usable link (cache)
[8584/40930] 'ABCS160 - University of Arizona': no usable link (cache)
[8585/40930] 'ACBS160 - University of Arizona': no usable link (cache)
[8586/40930] 'ACBS160D1 - University of Arizona': no usable link (cache)
[8587/40930] 'ACBS313 - University of Arizona': no usable link (cache)
[8588/40930] 'ACBS316 - University of Arizona': no usable link (cache)
[8589/40930] 'ACBS445 - University of Arizona': no usable link (cache)
[8590/40930] 'ACBS471 - University of Arizona': no usable link (cache)
[8591/40930] 'ACCNT200 - University of Arizona': no usable link (cache)
[8592/40930] 'ACCT400 - University of Arizona': no usable link (cache)
[8593/40930] 'ACCT400B - University of Arizona': no usable link (cache)
[8594/40930] 'ACCT400C - University of Arizona': no usable link (cache)
[8595/40930] 'ACCT542 - University of Arizona': no usable link (cache)
[8596/40930] 'AFAF306 - University of Arizona': no usable link (cache)
[8597/40930] 'AFAS150B1 - University of Arizona': no usable link (cache)
[8598/40930] 'AFAS160 - University of Arizona': no usable link (cache)
[8599/40930] 'AFAS160D1 - University of Arizona': no usable link (cache)
[8600/40930] 'AFAS200 - University of Arizona': no usable link (cache)
[8601/40930] 'AFAS218 - University of Arizona': no usable link (cache)
[8602/40930] 'AFAS220 - University of Arizona': no usable link (cache)
[8603/40930] 'AFAS222 - University of Arizona': no usable link (cache)
[8604/40930] 'AFAS224 - University of Arizona': no usable link (cache)
[8605/40930] 'AFAS230 - University of Arizona': no usable link (cache)
[8606/40930] 'AFAS304 - University of Arizona': no usable link (cache)
[8607/40930] 'AFAS304A - University of Arizona': no usable link (cache)
[8608/40930] 'AFAS306 - University of Arizona': no usable link (cache)
[8609/40930] 'AFAS320 - University of Arizona': no usable link (cache)
[8610/40930] 'AFAS373 - University of Arizona': no usable link (cache)
[8611/40930] 'AME250 - University of Arizona': no usable link (cache)
[8612/40930] 'AME302 - University of Arizona': no usable link (cache)
[8613/40930] 'AME324A - University of Arizona': no usable link (cache)
[8614/40930] 'AME331 - University of Arizona': no usable link (cache)
[8615/40930] 'AME427 - University of Arizona': no usable link (cache)
[8616/40930] 'ANS334 - University of Arizona': no usable link (cache)
[8617/40930] 'ANT235 - University of Arizona': no usable link (cache)
[8618/40930] 'ANTH160 - University of Arizona': no usable link (cache)
[8619/40930] 'ANTH160A1 - University of Arizona': no usable link (cache)
[8620/40930] 'ANTH170C - University of Arizona': no usable link (cache)
[8621/40930] 'ANTH170C1 - University of Arizona': no usable link (cache)
[8622/40930] 'ANTH261 - University of Arizona': no usable link (cache)
[8623/40930] 'ANTH364 - University of Arizona': no usable link (cache)
[8624/40930] 'ARC101B - University of Arizona': no usable link (cache)
[8625/40930] 'ARC131AB - University of Arizona': no usable link (cache)
[8626/40930] 'ARE130 - University of Arizona': no usable link (cache)
[8627/40930] 'ART150B2 - University of Arizona': no usable link (cache)
[8628/40930] 'ART466 - University of Arizona': no usable link (cache)
[8629/40930] 'ASL431B - University of Arizona': no usable link (cache)
[8630/40930] 'BCOM314R - University of Arizona': no usable link (cache)
[8631/40930] 'BCOM510 - University of Arizona': no usable link (cache)
[8632/40930] 'BIO181R - University of Arizona': no usable link (cache)
[8633/40930] 'BNAD276 - University of Arizona': no usable link (cache)
[8634/40930] 'BNAD301 - University of Arizona': no usable link (cache)
[8635/40930] 'BNAD304 - University of Arizona': no usable link (cache)
[8636/40930] 'BNAN276 - University of Arizona': no usable link (cache)
[8637/40930] 'BSM101 - University of Arizona': no usable link (cache)
[8638/40930] 'CALC124 - University of Arizona': no usable link (cache)
[8639/40930] 'CARDI485 - University of Arizona': no usable link (cache)
[8640/40930] 'CHEM101A - University of Arizona': no usable link (cache)
[8641/40930] 'CHEM101B - University of Arizona': no usable link (cache)
[8642/40930] 'CHEM103A - University of Arizona': no usable link (cache)
[8643/40930] 'CHEM241A - University of Arizona': no usable link (cache)
[8644/40930] 'CHEM242A - University of Arizona': no usable link (cache)
[8645/40930] 'CHEM246A - University of Arizona': no usable link (cache)
[8646/40930] 'CHEM380 - University of Arizona': no usable link (cache)
[8647/40930] 'CHEM480A - University of Arizona': no usable link (cache)
[8648/40930] 'CLAS150C1 - University of Arizona': no usable link (cache)
[8649/40930] 'CLAS160 - University of Arizona': no usable link (cache)
[8650/40930] 'CLAS160B - University of Arizona': no usable link (cache)
[8651/40930] 'CLAS160B1 - University of Arizona': no usable link (cache)
[8652/40930] 'CLAS160D - University of Arizona': no usable link (cache)
[8653/40930] 'CLAS160D1 - University of Arizona': no usable link (cache)
[8654/40930] 'CLAS240 - University of Arizona': no usable link (cache)
[8655/40930] 'CLAS305 - University of Arizona': no usable link (cache)
[8656/40930] 'CLAS315 - University of Arizona': no usable link (cache)
[8657/40930] 'COMM318 - University of Arizona': no usable link (cache)
[8658/40930] 'COMM417 - University of Arizona': no usable link (cache)
[8659/40930] 'CPH200 - University of Arizona': no usable link (cache)
[8660/40930] 'CPH387 - University of Arizona': no usable link (cache)
[8661/40930] 'CSC244 - University of Arizona': no usable link (cache)
[8662/40930] 'ECOL181R - University of Arizona': no usable link (cache)
[8663/40930] 'ECOL182 - University of Arizona': no usable link (cache)
[8664/40930] 'ECOL182R - University of Arizona': no usable link (cache)
[8665/40930] 'ECOL320 - University of Arizona': no usable link (cache)
[8666/40930] 'ECOL320H - University of Arizona': no usable link (cache)
[8667/40930] 'ECOL340 - University of Arizona': no usable link (cache)
[8668/40930] 'ECOL409 - University of Arizona': no usable link (cache)
[8669/40930] 'ECOL485 - University of Arizona': no usable link (cache)
[8670/40930] 'ECON150C - University of Arizona': no usable link (cache)
[8671/40930] 'ECON276 - University of Arizona': no usable link (cache)
[8672/40930] 'ECON431 - University of Arizona': no usable link (cache)
[8673/40930] 'ENG101A - University of Arizona': no usable link (cache)
[8674/40930] 'ENG109H - University of Arizona': no usable link (cache)
[8675/40930] 'ENGL104H - University of Arizona': no usable link (cache)
[8676/40930] 'ENGL263 - University of Arizona': no usable link (cache)
[8677/40930] 'ACCT1023 - University of Arkansas': no usable link (cache)
[8678/40930] 'ACCT20103 - University of Arkansas': no usable link (cache)
[8679/40930] 'ACCT202H3 - University of Arkansas': no usable link (cache)
[8680/40930] 'ACCT3753 - University of Arkansas': no usable link (cache)
[8681/40930] 'ACCT3843 - University of Arkansas': no usable link (cache)
[8682/40930] 'ADPR3723 - University of Arkansas': no usable link (cache)
[8683/40930] 'AFLS1023H - University of Arkansas': no usable link (cache)
[8684/40930] 'AGEC4613 - University of Arkansas': no usable link (cache)
[8685/40930] 'AMPD2053 - University of Arkansas': no usable link (cache)
[8686/40930] 'AMPD3053 - University of Arkansas': no usable link (cache)
[8687/40930] 'ANSC1023H - University of Arkansas': no usable link (cache)
[8688/40930] 'ANSC10303 - University of Arkansas': no usable link (cache)
[8689/40930] 'ANSC1032 - University of Arkansas': no usable link (cache)
[8690/40930] 'ANSC1033 - University of Arkansas': no usable link (cache)
[8691/40930] 'ANTH3433 - University of Arkansas': no usable link (cache)
[8692/40930] 'ANTH3923 - University of Arkansas': no usable link (cache)
[8693/40930] 'ARCH1013 - University of Arkansas': no usable link (cache)
[8694/40930] 'BIOL10104 - University of Arkansas': no usable link (cache)
[8695/40930] 'BIOL1541L - University of Arkansas': no usable link (cache)
[8696/40930] 'BIOL2323 - University of Arkansas': no usable link (cache)
[8697/40930] 'BIOL24003 - University of Arkansas': no usable link (cache)
[8698/40930] 'BIOL2443 - University of Arkansas': no usable link (cache)
[8699/40930] 'BIOL2533 - University of Arkansas': no usable link (cache)
[8700/40930] 'BIOL4313 - University of Arkansas': no usable link (cache)
[8701/40930] 'BIOL4653 - University of Arkansas': no usable link (cache)
[8702/40930] 'BIOL480V - University of Arkansas': no usable link (cache)
[8703/40930] 'BIOL5334 - University of Arkansas': no usable link (cache)
[8704/40930] 'BLAW20003 - University of Arkansas': no usable link (cache)
[8705/40930] 'BMEG26104 - University of Arkansas': no usable link (cache)
[8706/40930] 'BMEG3653 - University of Arkansas': no usable link (cache)
[8707/40930] 'BMEG3824 - University of Arkansas': no usable link (cache)
[8708/40930] 'BMEG470V - University of Arkansas': no usable link (cache)
[8709/40930] 'BUSI1033 - University of Arkansas': no usable link (cache)
[8710/40930] 'CAL2554 - University of Arkansas': no usable link (cache)
[8711/40930] 'CALC200 - University of Arkansas': no usable link (cache)
[8712/40930] 'CALC2554 - University of Arkansas': no usable link (cache)
[8713/40930] 'CALC2654 - University of Arkansas': no usable link (cache)
[8714/40930] 'CHEM1003 - University of Arkansas': no usable link (cache)
[8715/40930] 'CHEM1053 - University of Arkansas': no usable link (cache)
[8716/40930] 'CHEM1073 - University of Arkansas': no usable link (cache)
[8717/40930] 'CHEM1103 - University of Arkansas': no usable link (cache)
[8718/40930] 'CHEM1123 - University of Arkansas': no usable link (cache)
[8719/40930] 'CHEM1203 - University of Arkansas': no usable link (cache)
[8720/40930] 'CHEM14103 - University of Arkansas': no usable link (cache)
[8721/40930] 'CHEM14203 - University of Arkansas': no usable link (cache)
[8722/40930] 'CHEM3603 - University of Arkansas': no usable link (cache)
[8723/40930] 'CHEM36053 - University of Arkansas': no usable link (cache)
[8724/40930] 'CHEM3613 - University of Arkansas': no usable link (cache)
[8725/40930] 'CHEM3613H - University of Arkansas': no usable link (cache)
[8726/40930] 'CHEM36203 - University of Arkansas': no usable link (cache)
[8727/40930] 'CHEM3703H - University of Arkansas': no usable link (cache)
[8728/40930] 'CHEM3713 - University of Arkansas': no usable link (cache)
[8729/40930] 'CHEM3813 - University of Arkansas': no usable link (cache)
[8730/40930] 'CHIN1003 - University of Arkansas': no usable link (cache)
[8731/40930] 'CIED1013 - University of Arkansas': no usable link (cache)
[8732/40930] 'CMJS2043 - University of Arkansas': no usable link (cache)
[8733/40930] 'CMJS3003 - University of Arkansas': no usable link (cache)
[8734/40930] 'COMM1003 - University of Arkansas': no usable link (cache)
[8735/40930] 'COMM1003H - University of Arkansas': no usable link (cache)
[8736/40930] 'COMM4143 - University of Arkansas': no usable link (cache)
[8737/40930] 'COMM4633 - University of Arkansas': no usable link (cache)
[8738/40930] 'CRIM2043 - University of Arkansas': no usable link (cache)
[8739/40930] 'CSCE21104 - University of Arkansas': no usable link (cache)
[8740/40930] 'CSCE2214 - University of Arkansas': no usable link (cache)
[8741/40930] 'CSCE3123 - University of Arkansas': no usable link (cache)
[8742/40930] 'CSCE31903 - University of Arkansas': no usable link (cache)
[8743/40930] 'CSCE40103 - University of Arkansas': no usable link (cache)
[8744/40930] 'CSCE4013 - University of Arkansas': no usable link (cache)
[8745/40930] 'CSCE4133 - University of Arkansas': no usable link (cache)
[8746/40930] 'CSCE4143 - University of Arkansas': no usable link (cache)
[8747/40930] 'CSCE4561 - University of Arkansas': no usable link (cache)
[8748/40930] 'DASC1204 - University of Arkansas': no usable link (cache)
[8749/40930] 'DASC21103 - University of Arkansas': no usable link (cache)
[8750/40930] 'ECON2143 - University of Arkansas': no usable link (cache)
[8751/40930] 'ECON3853 - University of Arkansas': no usable link (cache)
[8752/40930] 'ENGL2303 - University of Arkansas': no usable link (cache)
[8753/40930] 'ENGL2323 - University of Arkansas': no usable link (cache)
[8754/40930] 'ENGL3833 - University of Arkansas': no usable link (cache)
[8755/40930] 'ENGL4573 - University of Arkansas': no usable link (cache)
[8756/40930] 'ACCT293 - University of British Columbia': no usable link (cache)
[8757/40930] 'ANTH331A - University of British Columbia': no usable link (cache)
[8758/40930] 'APSC201 - University of British Columbia': no usable link (cache)
[8759/40930] 'APSC377 - University of British Columbia': no usable link (cache)
[8760/40930] 'ARCL103 - University of British Columbia': no usable link (cache)
[8761/40930] 'ARCL405 - University of British Columbia': no usable link (cache)
[8762/40930] 'ASIA258 - University of British Columbia': no usable link (cache)
[8763/40930] 'ASTU04B - University of British Columbia': no usable link (cache)
[8764/40930] 'ASTU150 - University of British Columbia': no usable link (cache)
[8765/40930] 'ASTU204A - University of British Columbia': no usable link (cache)
[8766/40930] 'BIO155 - University of British Columbia': no usable link (cache)
[8767/40930] 'BIOC305 - University of British Columbia': no usable link (cache)
[8768/40930] 'BIOL1111 - University of British Columbia': no usable link (cache)
[8769/40930] 'BIOL234 - University of British Columbia': no usable link (cache)
[8770/40930] 'BIOL327 - University of British Columbia': no usable link (cache)
[8771/40930] 'BMEG230 - University of British Columbia': no usable link (cache)
[8772/40930] 'BUS315 - University of British Columbia': no usable link (cache)
[8773/40930] 'BUSI294 - University of British Columbia': no usable link (cache)
[8774/40930] 'BUSI295 - University of British Columbia': no usable link (cache)
[8775/40930] 'BUSI370 - University of British Columbia': no usable link (cache)
[8776/40930] 'BUSI450 - University of British Columbia': no usable link (cache)
[8777/40930] 'C354 - University of British Columbia': no usable link (cache)
[8778/40930] 'CENS202 - University of British Columbia': no usable link (cache)
[8779/40930] 'CENS303B - University of British Columbia': no usable link (cache)
[8780/40930] 'CHBE250 - University of British Columbia': no usable link (cache)
[8781/40930] 'CHEM135 - University of British Columbia': no usable link (cache)
[8782/40930] 'CHEM406 - University of British Columbia': no usable link (cache)
[8783/40930] 'CHIN113 - University of British Columbia': no usable link (cache)
[8784/40930] 'CHIN213 - University of British Columbia': no usable link (cache)
[8785/40930] 'CHIN471 - University of British Columbia': no usable link (cache)
[8786/40930] 'CHIN481 - University of British Columbia': no usable link (cache)
[8787/40930] 'CHIN483 - University of British Columbia': no usable link (cache)
[8788/40930] 'COMM186E - University of British Columbia': no usable link (cache)
[8789/40930] 'COMM290 - University of British Columbia': no usable link (cache)
[8790/40930] 'COMM292 - University of British Columbia': no usable link (cache)
[8791/40930] 'COMM299 - University of British Columbia': no usable link (cache)
[8792/40930] 'COMM397 - University of British Columbia': no usable link (cache)
[8793/40930] 'COMM399 - University of British Columbia': no usable link (cache)
[8794/40930] 'COMM457 - University of British Columbia': no usable link (cache)
[8795/40930] 'COMM458 - University of British Columbia': no usable link (cache)
[8796/40930] 'CONS127 - University of British Columbia': no usable link (cache)
[8797/40930] 'CPSC252 - University of British Columbia': no usable link (cache)
[8798/40930] 'CPSC261 - University of British Columbia': no usable link (cache)
[8799/40930] 'ECON447 - University of British Columbia': no usable link (cache)
[8800/40930] 'ECON457 - University of British Columbia': no usable link (cache)
[8801/40930] 'EECE281 - University of British Columbia': no usable link (cache)
[8802/40930] 'EECE364 - University of British Columbia': no usable link (cache)
[8803/40930] 'EESC106 - University of British Columbia': no usable link (cache)
[8804/40930] 'ELEC281 - University of British Columbia': no usable link (cache)
[8805/40930] 'EN221 - University of British Columbia': no usable link (cache)
[8806/40930] 'ENDS231 - University of British Columbia': no usable link (cache)
[8807/40930] 'ENG225 - University of British Columbia': no usable link (cache)
[8808/40930] 'ENG462 - University of British Columbia': no usable link (cache)
[8809/40930] 'ENGL220 - University of British Columbia': no usable link (cache)
[8810/40930] 'ENGL347 - University of British Columbia': no usable link (cache)
[8811/40930] 'ENGL395 - University of British Columbia': no usable link (cache)
[8812/40930] 'ENGL412 - University of British Columbia': no usable link (cache)
[8813/40930] 'ENGL464 - University of British Columbia': no usable link (cache)
[8814/40930] 'ENGL472 - University of British Columbia': no usable link (cache)
[8815/40930] 'ACCCT343 - University of Calgary': no usable link (cache)
[8816/40930] 'ACCT423 - University of Calgary': no usable link (cache)
[8817/40930] 'ACCT443 - University of Calgary': no usable link (cache)
[8818/40930] 'ACCT601 - University of Calgary': no usable link (cache)
[8819/40930] 'ALMC317 - University of Calgary': no usable link (cache)
[8820/40930] 'ALMC360 - University of Calgary': no usable link (cache)
[8821/40930] 'AMAT217 - University of Calgary': no usable link (cache)
[8822/40930] 'AMAT219 - University of Calgary': no usable link (cache)
[8823/40930] 'ARHI201 - University of Calgary': no usable link (cache)
[8824/40930] 'ARHI333 - University of Calgary': no usable link (cache)
[8825/40930] 'ARHI365 - University of Calgary': no usable link (cache)
[8826/40930] 'ART344 - University of Calgary': no usable link (cache)
[8827/40930] 'ART399 - University of Calgary': no usable link (cache)
[8828/40930] 'BCEM393 - University of Calgary': no usable link (cache)
[8829/40930] 'BCEM401 - University of Calgary': no usable link (cache)
[8830/40930] 'BCEM561 - University of Calgary': no usable link (cache)
[8831/40930] 'BTMA317 - University of Calgary': no usable link (cache)
[8832/40930] 'CALC249 - University of Calgary': no usable link (cache)
[8833/40930] 'CHEM3513 - University of Calgary': no usable link (cache)
[8834/40930] 'CHEM35135 - University of Calgary': no usable link (cache)
[8835/40930] 'CHEM515 - University of Calgary': no usable link (cache)
[8836/40930] 'CHEM559 - University of Calgary': no usable link (cache)
[8837/40930] 'CMMB403 - University of Calgary': no usable link (cache)
[8838/40930] 'CMMB451 - University of Calgary': no usable link (cache)
[8839/40930] 'COMS381 - University of Calgary': no usable link (cache)
[8840/40930] 'COMS471 - University of Calgary': no usable link (cache)
[8841/40930] 'DRAM203 - University of Calgary': no usable link (cache)
[8842/40930] 'DRAMA242 - University of Calgary': no usable link (cache)
[8843/40930] 'ECON377 - University of Calgary': no usable link (cache)
[8844/40930] 'ECON387 - University of Calgary': no usable link (cache)
[8845/40930] 'ECON659 - University of Calgary': no usable link (cache)
[8846/40930] 'ECON667 - University of Calgary': no usable link (cache)
[8847/40930] 'ENEE505 - University of Calgary': no usable link (cache)
[8848/40930] 'ENEL467 - University of Calgary': no usable link (cache)
[8849/40930] 'ENEL686 - University of Calgary': no usable link (cache)
[8850/40930] 'ENER400 - University of Calgary': no usable link (cache)
[8851/40930] 'ENGG205 - University of Calgary': no usable link (cache)
[8852/40930] 'ENGG407 - University of Calgary': no usable link (cache)
[8853/40930] 'ENGG423 - University of Calgary': no usable link (cache)
[8854/40930] 'ENGG481 - University of Calgary': no usable link (cache)
[8855/40930] 'ENGG681 - University of Calgary': no usable link (cache)
[8856/40930] 'ENGG686 - University of Calgary': no usable link (cache)
[8857/40930] 'ENGL25303 - University of Calgary': no usable link (cache)
[8858/40930] 'ENGL408 - University of Calgary': no usable link (cache)
[8859/40930] 'ENGL429 - University of Calgary': no usable link (cache)
[8860/40930] 'AMS010 - University of California, Davis': no usable link (cache)
[8861/40930] 'ANS001 - University of California, Davis': no usable link (cache)
[8862/40930] 'ANT107 - University of California, Davis': no usable link (cache)
[8863/40930] 'ANT130BN - University of California, Davis': no usable link (cache)
[8864/40930] 'ANT153 - University of California, Davis': no usable link (cache)
[8865/40930] 'ARE100B - University of California, Davis': no usable link (cache)
[8866/40930] 'ARE146 - University of California, Davis': no usable link (cache)
[8867/40930] 'ARE175 - University of California, Davis': no usable link (cache)
[8868/40930] 'ARE18 - University of California, Davis': no usable link (cache)
[8869/40930] 'ATM005 - University of California, Davis': no usable link (cache)
[8870/40930] 'ATM116 - University of California, Davis': no usable link (cache)
[8871/40930] 'BIO2A - University of California, Davis': no usable link (cache)
[8872/40930] 'BIS2D - University of California, Davis': no usable link (cache)
[8873/40930] 'CDM001 - University of California, Davis': no usable link (cache)
[8874/40930] 'CHE110A - University of California, Davis': no usable link (cache)
[8875/40930] 'CHE2AB - University of California, Davis': no usable link (cache)
[8876/40930] 'CHI121 - University of California, Davis': no usable link (cache)
[8877/40930] 'CHI150 - University of California, Davis': no usable link (cache)
[8878/40930] 'CHN003 - University of California, Davis': no usable link (cache)
[8879/40930] 'CHN1 - University of California, Davis': no usable link (cache)
[8880/40930] 'CHN106 - University of California, Davis': no usable link (cache)
[8881/40930] 'CHN109G - University of California, Davis': no usable link (cache)
[8882/40930] 'CHN110 - University of California, Davis': no usable link (cache)
[8883/40930] 'CHN131 - University of California, Davis': no usable link (cache)
[8884/40930] 'CHN2 - University of California, Davis': no usable link (cache)
[8885/40930] 'CMN001 - University of California, Davis': no usable link (cache)
[8886/40930] 'CMN102 - University of California, Davis': no usable link (cache)
[8887/40930] 'CMN131 - University of California, Davis': no usable link (cache)
[8888/40930] 'CMN149 - University of California, Davis': no usable link (cache)
[8889/40930] 'CMN189D - University of California, Davis': no usable link (cache)
[8890/40930] 'COM4 - University of California, Davis': no usable link (cache)
[8891/40930] 'DES051 - University of California, Davis': no usable link (cache)
[8892/40930] 'DES150A - University of California, Davis': no usable link (cache)
[8893/40930] 'DES77 - University of California, Davis': no usable link (cache)
[8894/40930] 'ECN100A - University of California, Davis': no usable link (cache)
[8895/40930] 'ECN105 - University of California, Davis': no usable link (cache)
[8896/40930] 'ECN110 - University of California, Davis': no usable link (cache)
[8897/40930] 'ECN140 - University of California, Davis': no usable link (cache)
[8898/40930] 'ECS89L - University of California, Davis': no usable link (cache)
[8899/40930] 'EDU181 - University of California, Davis': no usable link (cache)
[8900/40930] 'EEC07 - University of California, Davis': no usable link (cache)
[8901/40930] 'EEC7 - University of California, Davis': no usable link (cache)
[8902/40930] 'ANTH127 - University of California, Irvine': no usable link (cache)
[8903/40930] 'ANTH140G - University of California, Irvine': no usable link (cache)
[8904/40930] 'ART3 - University of California, Irvine': no usable link (cache)
[8905/40930] 'BCH110A - University of California, Irvine': no usable link (cache)
[8906/40930] 'BIO005A - University of California, Irvine': no usable link (cache)
[8907/40930] 'BIO05A - University of California, Irvine': no usable link (cache)
[8908/40930] 'BIO5A - University of California, Irvine': no usable link (cache)
[8909/40930] 'BIO5BLAB - University of California, Irvine': no usable link (cache)
[8910/40930] 'BIOL005C - University of California, Irvine': no usable link (cache)
[8911/40930] 'BIOL05A - University of California, Irvine': no usable link (cache)
[8912/40930] 'BIOL107A - University of California, Irvine': no usable link (cache)
[8913/40930] 'BIOL171A - University of California, Irvine': no usable link (cache)
[8914/40930] 'BIOL171B - University of California, Irvine': no usable link (cache)
[8915/40930] 'BSAD121 - University of California, Irvine': no usable link (cache)
[8916/40930] 'BSWT003 - University of California, Irvine': no usable link (cache)
[8917/40930] 'BUS010 - University of California, Irvine': no usable link (cache)
[8918/40930] 'BUS020 - University of California, Irvine': no usable link (cache)
[8919/40930] 'BUS10 - University of California, Irvine': no usable link (cache)
[8920/40930] 'BUS107 - University of California, Irvine': no usable link (cache)
[8921/40930] 'BUS112 - University of California, Irvine': no usable link (cache)
[8922/40930] 'BUS121 - University of California, Irvine': no usable link (cache)
[8923/40930] 'BUS124 - University of California, Irvine': no usable link (cache)
[8924/40930] 'BUS155 - University of California, Irvine': no usable link (cache)
[8925/40930] 'BUS171 - University of California, Irvine': no usable link (cache)
[8926/40930] 'CBNS120 - University of California, Irvine': no usable link (cache)
[8927/40930] 'CHEM008A - University of California, Irvine': no usable link (cache)
[8928/40930] 'CHEM008B - University of California, Irvine': no usable link (cache)
[8929/40930] 'CHEM08A - University of California, Irvine': no usable link (cache)
[8930/40930] 'CHN46 - University of California, Irvine': no usable link (cache)
[8931/40930] 'CS009B - University of California, Irvine': no usable link (cache)
[8932/40930] 'CS08 - University of California, Irvine': no usable link (cache)
[8933/40930] 'ECON003 - University of California, Irvine': no usable link (cache)
[8934/40930] 'ECON132 - University of California, Irvine': no usable link (cache)
[8935/40930] 'ECON178 - University of California, Irvine': no usable link (cache)
[8936/40930] 'ENGL001C - University of California, Irvine': no usable link (cache)
[8937/40930] 'ENGL01B - University of California, Irvine': no usable link (cache)
[8938/40930] 'ENGL134 - University of California, Irvine': no usable link (cache)
[8939/40930] 'ENGL1B - University of California, Irvine': no usable link (cache)
[8940/40930] 'ENGL4L - University of California, Irvine' (cache): SAVED top 1 -> https://uci.icourses.com/
[8941/40930] 'AAAS200 - University of California, Los Angeles': no usable link (cache)
[8942/40930] 'AH185 - University of California, Los Angeles': no usable link (cache)
[8943/40930] 'AH56B - University of California, Los Angeles': no usable link (cache)
[8944/40930] 'ANTH124A - University of California, Los Angeles': no usable link (cache)
[8945/40930] 'ANTH135B - University of California, Los Angeles': no usable link (cache)
[8946/40930] 'ANTHR135B - University of California, Los Angeles': no usable link (cache)
[8947/40930] 'ANTHR33 - University of California, Los Angeles': no usable link (cache)
[8948/40930] 'ANTRO176 - University of California, Los Angeles': no usable link (cache)
[8949/40930] 'ARCH467 - University of California, Los Angeles': no usable link (cache)
[8950/40930] 'AUD289 - University of California, Los Angeles': no usable link (cache)
[8951/40930] 'C115 - University of California, Los Angeles': no usable link (cache)
[8952/40930] 'C225 - University of California, Los Angeles': no usable link (cache)
[8953/40930] 'COM165 - University of California, Los Angeles': no usable link (cache)
[8954/40930] 'COMM165 - University of California, Los Angeles': no usable link (cache)
[8955/40930] 'DENT101 - University of California, Los Angeles': no usable link (cache)
[8956/40930] 'ED130 - University of California, Los Angeles': no usable link (cache)
[8957/40930] 'EDUC523 - University of California, Los Angeles': no usable link (cache)
[8958/40930] 'ENG10A - University of California, Los Angeles': no usable link (cache)
[8959/40930] 'ENG115D - University of California, Los Angeles': no usable link (cache)
[8960/40930] 'ENG141A - University of California, Los Angeles': no usable link (cache)
[8961/40930] 'ENGL115D - University of California, Los Angeles': no usable link (cache)
[8962/40930] 'ENGL174B - University of California, Los Angeles': no usable link (cache)
[8963/40930] 'BIBC100 - University of California, San Diego': no usable link (cache)
[8964/40930] 'BIC100 - University of California, San Diego': no usable link (cache)
[8965/40930] 'BIEB102 - University of California, San Diego': no usable link (cache)
[8966/40930] 'BIEB150 - University of California, San Diego': no usable link (cache)
[8967/40930] 'BILD1 - University of California, San Diego': no usable link (cache)
[8968/40930] 'BILD10 - University of California, San Diego': no usable link (cache)
[8969/40930] 'BILD26 - University of California, San Diego': no usable link (cache)
[8970/40930] 'BILD4 - University of California, San Diego': no usable link (cache)
[8971/40930] 'BILD5 - University of California, San Diego': no usable link (cache)
[8972/40930] 'BIMM100 - University of California, San Diego': no usable link (cache)
[8973/40930] 'BIMM112 - University of California, San Diego': no usable link (cache)
[8974/40930] 'BIMM120 - University of California, San Diego': no usable link (cache)
[8975/40930] 'BIO40348 - University of California, San Diego': no usable link (cache)
[8976/40930] 'BIO40368 - University of California, San Diego': no usable link (cache)
[8977/40930] 'BIOL40352 - University of California, San Diego': no usable link (cache)
[8978/40930] 'BIOL40368 - University of California, San Diego': no usable link (cache)
[8979/40930] 'BIPN160 - University of California, San Diego': no usable link (cache)
[8980/40930] 'CCE1 - University of California, San Diego': no usable link (cache)
[8981/40930] 'CHEM40A - University of California, San Diego': no usable link (cache)
[8982/40930] 'CHEM40B - University of California, San Diego': no usable link (cache)
[8983/40930] 'CHEM43A - University of California, San Diego': no usable link (cache)
[8984/40930] 'CHEM6A - University of California, San Diego': no usable link (cache)
[8985/40930] 'CHEM6C - University of California, San Diego': no usable link (cache)
[8986/40930] 'CHEM7L - University of California, San Diego': no usable link (cache)
[8987/40930] 'CHIN100M - University of California, San Diego': no usable link (cache)
[8988/40930] 'CHIN11A - University of California, San Diego': no usable link (cache)
[8989/40930] 'CHIN20AN - University of California, San Diego': no usable link (cache)
[8990/40930] 'CHIN20ANCN - University of California, San Diego': no usable link (cache)
[8991/40930] 'CHIN20BN - University of California, San Diego': no usable link (cache)
[8992/40930] 'CHIN20CN - University of California, San Diego': no usable link (cache)
[8993/40930] 'COGS10 - University of California, San Diego': no usable link (cache)
[8994/40930] 'COGS13 - University of California, San Diego': no usable link (cache)
[8995/40930] 'COGS164 - University of California, San Diego': no usable link (cache)
[8996/40930] 'COGS172 - University of California, San Diego': no usable link (cache)
[8997/40930] 'COGS177 - University of California, San Diego': no usable link (cache)
[8998/40930] 'COMM132 - University of California, San Diego': no usable link (cache)
[8999/40930] 'DOC100 - University of California, San Diego': no usable link (cache)
[9000/40930] 'DOC123 - University of California, San Diego': no usable link (cache)
[9001/40930] 'ECE53B - University of California, San Diego': no usable link (cache)
[9002/40930] 'ECON04 - University of California, San Diego': no usable link (cache)
[9003/40930] 'ECON120A - University of California, San Diego': no usable link (cache)
[9004/40930] 'ECON138 - University of California, San Diego': no usable link (cache)
[9005/40930] 'ECON4 - University of California, San Diego': no usable link (cache)
[9006/40930] '1ABC - University of California, Santa Barbara': no usable link (cache)
[9007/40930] '1C - University of California, Santa Barbara': no usable link (cache)
[9008/40930] '6A - University of California, Santa Barbara': no usable link (cache)
[9009/40930] '6AB - University of California, Santa Barbara': no usable link (cache)
[9010/40930] 'ANTH125 - University of California, Santa Barbara': no usable link (cache)
[9011/40930] 'ANTH129MG - University of California, Santa Barbara': no usable link (cache)
[9012/40930] 'ANTH133 - University of California, Santa Barbara': no usable link (cache)
[9013/40930] 'ANTH135 - University of California, Santa Barbara': no usable link (cache)
[9014/40930] 'ANTH169 - University of California, Santa Barbara': no usable link (cache)
[9015/40930] 'ANTH193 - University of California, Santa Barbara': no usable link (cache)
[9016/40930] 'ART18 - University of California, Santa Barbara': no usable link (cache)
[9017/40930] 'ART1C - University of California, Santa Barbara': no usable link (cache)
[9018/40930] 'ARTH6J - University of California, Santa Barbara': no usable link (cache)
[9019/40930] 'ARTHI136D - University of California, Santa Barbara': no usable link (cache)
[9020/40930] 'ARTHI136K - University of California, Santa Barbara': no usable link (cache)
[9021/40930] 'ARTHI136M - University of California, Santa Barbara': no usable link (cache)
[9022/40930] 'ARTHI136O - University of California, Santa Barbara': no usable link (cache)
[9023/40930] 'ARTHI192A - University of California, Santa Barbara': no usable link (cache)
[9024/40930] 'ARTHI5A - University of California, Santa Barbara': no usable link (cache)
[9025/40930] 'ARTHI6A - University of California, Santa Barbara': no usable link (cache)
[9026/40930] 'ARTHI6G - University of California, Santa Barbara': no usable link (cache)
[9027/40930] 'ARTHI6J - University of California, Santa Barbara': no usable link (cache)
[9028/40930] 'ARTST18 - University of California, Santa Barbara': no usable link (cache)
[9029/40930] 'ARTST1A - University of California, Santa Barbara': no usable link (cache)
[9030/40930] 'ASAM1 - University of California, Santa Barbara': no usable link (cache)
[9031/40930] 'ASAM100CC - University of California, Santa Barbara': no usable link (cache)
[9032/40930] 'ASAM133 - University of California, Santa Barbara': no usable link (cache)
[9033/40930] 'ASAM137 - University of California, Santa Barbara': no usable link (cache)
[9034/40930] 'ASAM139 - University of California, Santa Barbara': no usable link (cache)
[9035/40930] 'ASAM2 - University of California, Santa Barbara': no usable link (cache)
[9036/40930] 'BLACK1 - University of California, Santa Barbara': no usable link (cache)
[9037/40930] 'BLKST1 - University of California, Santa Barbara': no usable link (cache)
[9038/40930] 'BLST106 - University of California, Santa Barbara': no usable link (cache)
[9039/40930] 'BLST133 - University of California, Santa Barbara': no usable link (cache)
[9040/40930] 'BLST169BR - University of California, Santa Barbara': no usable link (cache)
[9041/40930] 'BLST7 - University of California, Santa Barbara': no usable link (cache)
[9042/40930] 'CHEM109B - University of California, Santa Barbara': no usable link (cache)
[9043/40930] 'CHEM1ABC - University of California, Santa Barbara': no usable link (cache)
[9044/40930] 'CHEM1AC - University of California, Santa Barbara': no usable link (cache)
[9045/40930] 'CHEM1BC - University of California, Santa Barbara': no usable link (cache)
[9046/40930] 'CHEM2AL - University of California, Santa Barbara': no usable link (cache)
[9047/40930] 'CHIN144 - University of California, Santa Barbara': no usable link (cache)
[9048/40930] 'CHIN176 - University of California, Santa Barbara': no usable link (cache)
[9049/40930] 'CHIN185A - University of California, Santa Barbara': no usable link (cache)
[9050/40930] 'CHIN82 - University of California, Santa Barbara': no usable link (cache)
[9051/40930] 'CHST138 - University of California, Santa Barbara': no usable link (cache)
[9052/40930] 'CHST1C - University of California, Santa Barbara': no usable link (cache)
[9053/40930] 'CLASS40 - University of California, Santa Barbara': no usable link (cache)
[9054/40930] 'CLIT148 - University of California, Santa Barbara': no usable link (cache)
[9055/40930] 'CLIT30 - University of California, Santa Barbara': no usable link (cache)
[9056/40930] 'CLIT30A - University of California, Santa Barbara': no usable link (cache)
[9057/40930] 'CLIT30C - University of California, Santa Barbara': no usable link (cache)
[9058/40930] 'CLIT31 - University of California, Santa Barbara': no usable link (cache)
[9059/40930] 'CLIT35 - University of California, Santa Barbara': no usable link (cache)
[9060/40930] 'CMPSC64 - University of California, Santa Barbara': no usable link (cache)
[9061/40930] 'CMPSC8 - University of California, Santa Barbara': no usable link (cache)
[9062/40930] 'CMST352 - University of California, Santa Barbara': no usable link (cache)
[9063/40930] 'COMM136 - University of California, Santa Barbara': no usable link (cache)
[9064/40930] 'COMM151 - University of California, Santa Barbara': no usable link (cache)
[9065/40930] 'COMM177 - University of California, Santa Barbara': no usable link (cache)
[9066/40930] 'COMM179 - University of California, Santa Barbara': no usable link (cache)
[9067/40930] 'COMM88 - University of California, Santa Barbara': no usable link (cache)
[9068/40930] 'CS279 - University of California, Santa Barbara': no usable link (cache)
[9069/40930] 'EACS40 - University of California, Santa Barbara': no usable link (cache)
[9070/40930] 'EACS4A - University of California, Santa Barbara': no usable link (cache)
[9071/40930] 'EACS4B - University of California, Santa Barbara': no usable link (cache)
[9072/40930] 'EARTH10 - University of California, Santa Barbara': no usable link (cache)
[9073/40930] 'EARTH124IG - University of California, Santa Barbara': no usable link (cache)
[9074/40930] 'EARTH4 - University of California, Santa Barbara': no usable link (cache)
[9075/40930] 'ECON136A - University of California, Santa Barbara': no usable link (cache)
[9076/40930] 'ECON150B - University of California, Santa Barbara': no usable link (cache)
[9077/40930] 'ECON9 - University of California, Santa Barbara': no usable link (cache)
[9078/40930] 'EEMB113 - University of California, Santa Barbara': no usable link (cache)
[9079/40930] 'EEMB127 - University of California, Santa Barbara': no usable link (cache)
[9080/40930] 'EEMB140 - University of California, Santa Barbara': no usable link (cache)
[9081/40930] 'EEMB3 - University of California, Santa Barbara': no usable link (cache)
[9082/40930] 'EEMB7 - University of California, Santa Barbara': no usable link (cache)
[9083/40930] 'ASL2140 - University of Central Florida': no usable link (cache)
[9084/40930] 'BIO2010C - University of Central Florida': no usable link (cache)
[9085/40930] 'CPO3104 - University of Central Florida': no usable link (cache)
[9086/40930] 'EDF4467 - University of Central Florida': no usable link (cache)
[9087/40930] 'EDG4410 - University of Central Florida': no usable link (cache)
[9088/40930] 'EGN3613 - University of Central Florida': no usable link (cache)
[9089/40930] 'EML3701H - University of Central Florida': no usable link (cache)
[9090/40930] 'BIOS1013 - University of Chicago': no usable link (cache)
[9091/40930] 'BIOS10130 - University of Chicago': no usable link (cache)
[9092/40930] 'BIOS12114 - University of Chicago': no usable link (cache)
[9093/40930] 'BIOS1347 - University of Chicago': no usable link (cache)
[9094/40930] 'BIOS20175 - University of Chicago': no usable link (cache)
[9095/40930] 'BIOS20200 - University of Chicago': no usable link (cache)
[9096/40930] 'BIOS5108 - University of Chicago': no usable link (cache)
[9097/40930] 'CHEM11100 - University of Chicago': no usable link (cache)
[9098/40930] 'CHEM11200 - University of Chicago': no usable link (cache)
[9099/40930] 'BANA2080 - University of Cincinnati': no usable link (cache)
[9100/40930] 'BIO1081 - University of Cincinnati': no usable link (cache)
[9101/40930] 'BIO1082 - University of Cincinnati': no usable link (cache)
[9102/40930] 'BIOL1082 - University of Cincinnati': no usable link (cache)
[9103/40930] 'BIOL2001 - University of Cincinnati': no usable link (cache)
[9104/40930] 'BME3020 - University of Cincinnati': no usable link (cache)
[9105/40930] 'CALC1060 - University of Cincinnati': no usable link (cache)
[9106/40930] 'CHE3025 - University of Cincinnati': no usable link (cache)
[9107/40930] 'CS1021C - University of Cincinnati': no usable link (cache)
[9108/40930] 'ECON4082 - University of Cincinnati': no usable link (cache)
[9109/40930] 'EDST1001 - University of Cincinnati': no usable link (cache)
[9110/40930] 'EECE2060C - University of Cincinnati': no usable link (cache)
[9111/40930] 'AAPM1350 - University of Colorado Boulder': no usable link (cache)
[9112/40930] 'APPM1350 - University of Colorado Boulder': no usable link (cache)
[9113/40930] 'ASEN1022 - University of Colorado Boulder': no usable link (cache)
[9114/40930] 'ASEN3712 - University of Colorado Boulder': no usable link (cache)
[9115/40930] 'ATLS2100 - University of Colorado Boulder': no usable link (cache)
[9116/40930] 'ATLS5420 - University of Colorado Boulder': no usable link (cache)
[9117/40930] 'BCOR1000 - University of Colorado Boulder': no usable link (cache)
[9118/40930] 'BCOR2200 - University of Colorado Boulder': no usable link (cache)
[9119/40930] 'BCOR3010 - University of Colorado Boulder': no usable link (cache)
[9120/40930] 'CLAS1100 - University of Colorado Boulder': no usable link (cache)
[9121/40930] 'CLAS2029 - University of Colorado Boulder': no usable link (cache)
[9122/40930] 'COMM2360 - University of Colorado Boulder': no usable link (cache)
[9123/40930] 'CSCI1310 - University of Colorado Boulder': no usable link (cache)
[9124/40930] 'ECEN1200 - University of Colorado Boulder': no usable link (cache)
[9125/40930] 'ECON4818 - University of Colorado Boulder': no usable link (cache)
[9126/40930] 'ECON4848 - University of Colorado Boulder': no usable link (cache)
[9127/40930] 'EMO1001 - University of Colorado Boulder': no usable link (cache)
[9128/40930] 'ENG3000 - University of Colorado Boulder': no usable link (cache)
[9129/40930] 'ENGL2665 - University of Colorado Boulder': no usable link (cache)
[9130/40930] 'ENGL3655 - University of Colorado Boulder': no usable link (cache)
[9131/40930] 'AFRA3106 - University of Connecticut': no usable link (cache)
[9132/40930] 'AH4092 - University of Connecticut': no usable link (cache)
[9133/40930] 'ANTH1010E - University of Connecticut': no usable link (cache)
[9134/40930] 'ANTH3202W - University of Connecticut': no usable link (cache)
[9135/40930] 'ARAB1002 - University of Connecticut': no usable link (cache)
[9136/40930] 'ARAB1004 - University of Connecticut': no usable link (cache)
[9137/40930] 'ARAB1111 - University of Connecticut': no usable link (cache)
[9138/40930] 'ARAB1112 - University of Connecticut': no usable link (cache)
[9139/40930] 'ARAB1122 - University of Connecticut': no usable link (cache)
[9140/40930] 'ARAB300 - University of Connecticut': no usable link (cache)
[9141/40930] 'BADM3104 - University of Connecticut': no usable link (cache)
[9142/40930] 'BUSN2235 - University of Connecticut': no usable link (cache)
[9143/40930] 'BUSN3005 - University of Connecticut': no usable link (cache)
[9144/40930] 'CAL1132 - University of Connecticut': no usable link (cache)
[9145/40930] 'CAMS101 - University of Connecticut': no usable link (cache)
[9146/40930] 'CAMS103 - University of Connecticut': no usable link (cache)
[9147/40930] 'CAMS1103 - University of Connecticut': no usable link (cache)
[9148/40930] 'CE2120 - University of Connecticut': no usable link (cache)
[9149/40930] 'CE3630 - University of Connecticut': no usable link (cache)
[9150/40930] 'CHEG2111 - University of Connecticut': no usable link (cache)
[9151/40930] 'CHEG3124 - University of Connecticut': no usable link (cache)
[9152/40930] 'CHEG3151 - University of Connecticut': no usable link (cache)
[9153/40930] 'CHEM1122 - University of Connecticut': no usable link (cache)
[9154/40930] 'CHEM1124Q - University of Connecticut': no usable link (cache)
[9155/40930] 'CHEM1125 - University of Connecticut': no usable link (cache)
[9156/40930] 'CHEM1125Q - University of Connecticut': no usable link (cache)
[9157/40930] 'CHEM1126 - University of Connecticut': no usable link (cache)
[9158/40930] 'CHEM1126Q - University of Connecticut': no usable link (cache)
[9159/40930] 'CHEM1127Q - University of Connecticut': no usable link (cache)
[9160/40930] 'CHEM124 - University of Connecticut': no usable link (cache)
[9161/40930] 'CHEM127Q - University of Connecticut': no usable link (cache)
[9162/40930] 'CHEM128Q - University of Connecticut': no usable link (cache)
[9163/40930] 'CHEM2243 - University of Connecticut': no usable link (cache)
[9164/40930] 'CHEM3563 - University of Connecticut': no usable link (cache)
[9165/40930] 'CLCS1101 - University of Connecticut': no usable link (cache)
[9166/40930] 'COGS2201 - University of Connecticut': no usable link (cache)
[9167/40930] 'CSE1010 - University of Connecticut': no usable link (cache)
[9168/40930] 'CSE2300 - University of Connecticut': no usable link (cache)
[9169/40930] 'ECE3211 - University of Connecticut': no usable link (cache)
[9170/40930] 'ECE4225 - University of Connecticut': no usable link (cache)
[9171/40930] 'ECON107 - University of Connecticut': no usable link (cache)
[9172/40930] 'ECON1107 - University of Connecticut': no usable link (cache)
[9173/40930] 'ECON1201 - University of Connecticut': no usable link (cache)
[9174/40930] 'ECON2102 - University of Connecticut': no usable link (cache)
[9175/40930] 'ECON2301 - University of Connecticut': no usable link (cache)
[9176/40930] 'ECON2311 - University of Connecticut': no usable link (cache)
[9177/40930] 'ECON2411 - University of Connecticut': no usable link (cache)
[9178/40930] 'ECON2441 - University of Connecticut': no usable link (cache)
[9179/40930] 'ECON2444 - University of Connecticut': no usable link (cache)
[9180/40930] 'ECON2498 - University of Connecticut': no usable link (cache)
[9181/40930] 'ECON3422 - University of Connecticut': no usable link (cache)
[9182/40930] 'ECON3438W - University of Connecticut': no usable link (cache)
[9183/40930] 'ECON3466 - University of Connecticut': no usable link (cache)
[9184/40930] 'EDCI3010 - University of Connecticut': no usable link (cache)
[9185/40930] 'EDCI5250 - University of Connecticut': no usable link (cache)
[9186/40930] 'EEB2214 - University of Connecticut': no usable link (cache)
[9187/40930] 'EEB2244 - University of Connecticut': no usable link (cache)
[9188/40930] 'EEB2244E - University of Connecticut': no usable link (cache)
[9189/40930] 'EEB3244W - University of Connecticut': no usable link (cache)
[9190/40930] 'ENG3420 - University of Connecticut': no usable link (cache)
[9191/40930] 'ENGL1003 - University of Connecticut': no usable link (cache)
[9192/40930] 'ENGL1701 - University of Connecticut': no usable link (cache)
[9193/40930] 'ENGL2401 - University of Connecticut': no usable link (cache)
[9194/40930] 'ENGL2603 - University of Connecticut': no usable link (cache)
[9195/40930] 'ENGL2701 - University of Connecticut': no usable link (cache)
[9196/40930] 'ANT150 - University of Dayton': no usable link (cache)
[9197/40930] 'ANT306 - University of Dayton': no usable link (cache)
[9198/40930] 'ASI110 - University of Dayton': no usable link (cache)
[9199/40930] 'ASI111 - University of Dayton': no usable link (cache)
[9200/40930] 'ASI120 - University of Dayton': no usable link (cache)
[9201/40930] 'ASI150 - University of Dayton': no usable link (cache)
[9202/40930] 'BIO151L - University of Dayton': no usable link (cache)
[9203/40930] 'BIO152L - University of Dayton': no usable link (cache)
[9204/40930] 'BIZ201 - University of Dayton': no usable link (cache)
[9205/40930] 'CALC168 - University of Dayton': no usable link (cache)
[9206/40930] 'CEE333 - University of Dayton': no usable link (cache)
[9207/40930] 'CHEM124L - University of Dayton': no usable link (cache)
[9208/40930] 'CHM124 - University of Dayton': no usable link (cache)
[9209/40930] 'CHM124L - University of Dayton': no usable link (cache)
[9210/40930] 'CHM313 - University of Dayton': no usable link (cache)
[9211/40930] 'CHM313L - University of Dayton': no usable link (cache)
[9212/40930] 'CHM314 - University of Dayton': no usable link (cache)
[9213/40930] 'CHM314L - University of Dayton': no usable link (cache)
[9214/40930] 'CME311 - University of Dayton': no usable link (cache)
[9215/40930] 'CME324 - University of Dayton': no usable link (cache)
[9216/40930] 'CME326L - University of Dayton': no usable link (cache)
[9217/40930] 'CMM100H - University of Dayton': no usable link (cache)
[9218/40930] 'CMM110 - University of Dayton': no usable link (cache)
[9219/40930] 'CMM112 - University of Dayton': no usable link (cache)
[9220/40930] 'CMM201 - University of Dayton': no usable link (cache)
[9221/40930] 'CMM360 - University of Dayton': no usable link (cache)
[9222/40930] 'CMM365 - University of Dayton': no usable link (cache)
[9223/40930] 'CPS149 - University of Dayton': no usable link (cache)
[9224/40930] 'CPS150 - University of Dayton': no usable link (cache)
[9225/40930] 'CPS250 - University of Dayton': no usable link (cache)
[9226/40930] 'CPS430 - University of Dayton': no usable link (cache)
[9227/40930] 'DSC211 - University of Dayton': no usable link (cache)
[9228/40930] 'EC533 - University of Dayton': no usable link (cache)
[9229/40930] 'ECO203H - University of Dayton': no usable link (cache)
[9230/40930] 'EDT110 - University of Dayton': no usable link (cache)
[9231/40930] 'EGM201 - University of Dayton': no usable link (cache)
[9232/40930] 'EGM202 - University of Dayton': no usable link (cache)
[9233/40930] 'EGR203 - University of Dayton': no usable link (cache)
[9234/40930] 'ENG200H - University of Dayton': no usable link (cache)
[9235/40930] 'ACCT413 - University of Delaware': no usable link (cache)
[9236/40930] 'ACCT415 - University of Delaware': no usable link (cache)
[9237/40930] 'ACCT800 - University of Delaware': no usable link (cache)
[9238/40930] 'AFRA206 - University of Delaware': no usable link (cache)
[9239/40930] 'AFRA215 - University of Delaware': no usable link (cache)
[9240/40930] 'AFRA220 - University of Delaware': no usable link (cache)
[9241/40930] 'AFRA240 - University of Delaware': no usable link (cache)
[9242/40930] 'AFRA340 - University of Delaware': no usable link (cache)
[9243/40930] 'ARAB105 - University of Delaware': no usable link (cache)
[9244/40930] 'ARTH204 - University of Delaware': no usable link (cache)
[9245/40930] 'BAMS110 - University of Delaware': no usable link (cache)
[9246/40930] 'BAOD306 - University of Delaware': no usable link (cache)
[9247/40930] 'BICS300 - University of Delaware': no usable link (cache)
[9248/40930] 'BISC107 - University of Delaware': no usable link (cache)
[9249/40930] 'BISC208 - University of Delaware': no usable link (cache)
[9250/40930] 'BISC300 - University of Delaware': no usable link (cache)
[9251/40930] 'BUAD110 - University of Delaware': no usable link (cache)
[9252/40930] 'BUAD167 - University of Delaware': no usable link (cache)
[9253/40930] 'BUAD301H - University of Delaware': no usable link (cache)
[9254/40930] 'BUAD309 - University of Delaware': no usable link (cache)
[9255/40930] 'BUAD346 - University of Delaware': no usable link (cache)
[9256/40930] 'BUAD441 - University of Delaware': no usable link (cache)
[9257/40930] 'BUAD890 - University of Delaware': no usable link (cache)
[9258/40930] 'CHEG325 - University of Delaware': no usable link (cache)
[9259/40930] 'CHEG341 - University of Delaware': no usable link (cache)
[9260/40930] 'CHEM103H - University of Delaware': no usable link (cache)
[9261/40930] 'CHEM104L - University of Delaware': no usable link (cache)
[9262/40930] 'CHEM111H - University of Delaware': no usable link (cache)
[9263/40930] 'CHEM444 - University of Delaware': no usable link (cache)
[9264/40930] 'CIEG211 - University of Delaware': no usable link (cache)
[9265/40930] 'CIEG321 - University of Delaware': no usable link (cache)
[9266/40930] 'CISC101 - University of Delaware': no usable link (cache)
[9267/40930] 'CISC106 - University of Delaware': no usable link (cache)
[9268/40930] 'CISC108 - University of Delaware': no usable link (cache)
[9269/40930] 'CISC320 - University of Delaware': no usable link (cache)
[9270/40930] 'CISC355 - University of Delaware': no usable link (cache)
[9271/40930] 'CJ201 - University of Delaware': no usable link (cache)
[9272/40930] 'CJRU202 - University of Delaware': no usable link (cache)
[9273/40930] 'COMM209 - University of Delaware': no usable link (cache)
[9274/40930] 'COMM313 - University of Delaware': no usable link (cache)
[9275/40930] 'COMM423 - University of Delaware': no usable link (cache)
[9276/40930] 'CPEG465 - University of Delaware': no usable link (cache)
[9277/40930] 'CRJU110 - University of Delaware': no usable link (cache)
[9278/40930] 'CRJU202 - University of Delaware': no usable link (cache)
[9279/40930] 'CRJU302 - University of Delaware': no usable link (cache)
[9280/40930] 'CRJU340 - University of Delaware': no usable link (cache)
[9281/40930] 'CRJU344 - University of Delaware': no usable link (cache)
[9282/40930] 'ECON308H - University of Delaware': no usable link (cache)
[9283/40930] 'EGGG101 - University of Delaware': no usable link (cache)
[9284/40930] 'ACTG2200 - University of Denver': no usable link (cache)
[9285/40930] 'ACTG3038 - University of Denver': no usable link (cache)
[9286/40930] 'ANT2420 - University of Denver': no usable link (cache)
[9287/40930] 'ANTH2420 - University of Denver': no usable link (cache)
[9288/40930] 'ASEM2060 - University of Denver': no usable link (cache)
[9289/40930] 'BECK1 - University of Denver': no usable link (cache)
[9290/40930] 'BIO1261 - University of Denver': no usable link (cache)
[9291/40930] 'BIO2011 - University of Denver': no usable link (cache)
[9292/40930] 'BIOL1261 - University of Denver': no usable link (cache)
[9293/40930] 'BIOL2121 - University of Denver': no usable link (cache)
[9294/40930] 'BIOL2511 - University of Denver': no usable link (cache)
[9295/40930] 'BIOL3640 - University of Denver': no usable link (cache)
[9296/40930] 'BIOL3642 - University of Denver': no usable link (cache)
[9297/40930] 'BIOL3656 - University of Denver': no usable link (cache)
[9298/40930] 'BIOL3675 - University of Denver': no usable link (cache)
[9299/40930] 'BIOL3702 - University of Denver': no usable link (cache)
[9300/40930] 'BUS1440 - University of Denver': no usable link (cache)
[9301/40930] 'BUS2099 - University of Denver': no usable link (cache)
[9302/40930] 'CALC1952 - University of Denver': no usable link (cache)
[9303/40930] 'CALC1953 - University of Denver': no usable link (cache)
[9304/40930] 'CHEM2011 - University of Denver': no usable link (cache)
[9305/40930] 'CHEM2131 - University of Denver': no usable link (cache)
[9306/40930] 'CHEM2451 - University of Denver': no usable link (cache)
[9307/40930] 'CHEM2452 - University of Denver': no usable link (cache)
[9308/40930] 'CHEM2453 - University of Denver': no usable link (cache)
[9309/40930] 'CHEM3811 - University of Denver': no usable link (cache)
[9310/40930] 'CHIN1516 - University of Denver': no usable link (cache)
[9311/40930] 'CLTR2100 - University of Denver': no usable link (cache)
[9312/40930] 'COMN1002 - University of Denver': no usable link (cache)
[9313/40930] 'COMN1012 - University of Denver': no usable link (cache)
[9314/40930] 'COMP2381 - University of Denver': no usable link (cache)
[9315/40930] 'COMP2673 - University of Denver': no usable link (cache)
[9316/40930] 'COMP3371 - University of Denver': no usable link (cache)
[9317/40930] 'CRJU3100 - University of Denver': no usable link (cache)
[9318/40930] 'DMBA4340 - University of Denver': no usable link (cache)
[9319/40930] 'ECO1200 - University of Denver': no usable link (cache)
[9320/40930] 'ECON2280 - University of Denver': no usable link (cache)
[9321/40930] 'EDPX2730 - University of Denver': no usable link (cache)
[9322/40930] 'ENCE2101 - University of Denver': no usable link (cache)
[9323/40930] 'ENGG1122 - University of Denver': no usable link (cache)
[9324/40930] 'ENGL2374 - University of Denver': no usable link (cache)
[9325/40930] 'ENGL2741 - University of Denver': no usable link (cache)
[9326/40930] 'AC2021 - University of Florida': no usable link (cache)
[9327/40930] 'ACG3401 - University of Florida': no usable link (cache)
[9328/40930] 'ACG4111 - University of Florida': no usable link (cache)
[9329/40930] 'ACG4133 - University of Florida': no usable link (cache)
[9330/40930] 'ACG5005 - University of Florida': no usable link (cache)
[9331/40930] 'ACG6136 - University of Florida': no usable link (cache)
[9332/40930] 'AEC3030C - University of Florida': no usable link (cache)
[9333/40930] 'AEC3033C - University of Florida': no usable link (cache)
[9334/40930] 'AEC3073 - University of Florida': no usable link (cache)
[9335/40930] 'AFA2000 - University of Florida': no usable link (cache)
[9336/40930] 'AGR3303 - University of Florida': no usable link (cache)
[9337/40930] 'ALS5932 - University of Florida': no usable link (cache)
[9338/40930] 'AMH3931 - University of Florida': no usable link (cache)
[9339/40930] 'AMH4612 - University of Florida': no usable link (cache)
[9340/40930] 'ANS3008 - University of Florida': no usable link (cache)
[9341/40930] 'ANS3440 - University of Florida': no usable link (cache)
[9342/40930] 'ANT2140 - University of Florida': no usable link (cache)
[9343/40930] 'ANT3140 - University of Florida': no usable link (cache)
[9344/40930] 'ARC1701 - University of Florida': no usable link (cache)
[9345/40930] 'ASH3442 - University of Florida': no usable link (cache)
[9346/40930] 'ASH3931 - University of Florida': no usable link (cache)
[9347/40930] 'ASH4930 - University of Florida': no usable link (cache)
[9348/40930] 'ASL1110 - University of Florida': no usable link (cache)
[9349/40930] 'ASL1120 - University of Florida': no usable link (cache)
[9350/40930] 'AST1002 - University of Florida': no usable link (cache)
[9351/40930] 'AST2003 - University of Florida': no usable link (cache)
[9352/40930] 'AST3018 - University of Florida': no usable link (cache)
[9353/40930] 'AST3019 - University of Florida': no usable link (cache)
[9354/40930] 'AST3043 - University of Florida': no usable link (cache)
[9355/40930] 'BCH4024 - University of Florida': no usable link (cache)
[9356/40930] 'BCN1251C - University of Florida': no usable link (cache)
[9357/40930] 'BCN1582 - University of Florida': no usable link (cache)
[9358/40930] 'BOT3503 - University of Florida': no usable link (cache)
[9359/40930] 'BSC0000 - University of Florida': no usable link (cache)
[9360/40930] 'BSC2005 - University of Florida': no usable link (cache)
[9361/40930] 'BSC2007 - University of Florida': no usable link (cache)
[9362/40930] 'BSC2008 - University of Florida': no usable link (cache)
[9363/40930] 'BSC3307C - University of Florida': no usable link (cache)
[9364/40930] 'BSC4936 - University of Florida': no usable link (cache)
[9365/40930] 'BUL4443 - University of Florida': no usable link (cache)
[9366/40930] 'CCJ3701 - University of Florida': no usable link (cache)
[9367/40930] 'CGS2414 - University of Florida': no usable link (cache)
[9368/40930] 'CHEM2046 - University of Florida': no usable link (cache)
[9369/40930] 'CHEM2210 - University of Florida': no usable link (cache)
[9370/40930] 'CHI1130 - University of Florida': no usable link (cache)
[9371/40930] 'CHI1131 - University of Florida': no usable link (cache)
[9372/40930] 'CHI2231 - University of Florida': no usable link (cache)
[9373/40930] 'CHM1025 - University of Florida': no usable link (cache)
[9374/40930] 'CHM1030 - University of Florida': no usable link (cache)
[9375/40930] 'CHM2011 - University of Florida': no usable link (cache)
[9376/40930] 'CHM2025L - University of Florida': no usable link (cache)
[9377/40930] 'CHM2045 - University of Florida': no usable link (cache)
[9378/40930] 'CHM2046 - University of Florida': no usable link (cache)
[9379/40930] 'CHM2046L - University of Florida': no usable link (cache)
[9380/40930] 'CHM2095 - University of Florida': no usable link (cache)
[9381/40930] 'CHM2095L - University of Florida': no usable link (cache)
[9382/40930] 'CHM211 - University of Florida': no usable link (cache)
[9383/40930] 'CHM2111 - University of Florida': no usable link (cache)
[9384/40930] 'CHM2210 - University of Florida': no usable link (cache)
[9385/40930] 'CHM2211L - University of Florida': no usable link (cache)
[9386/40930] 'CHM3217 - University of Florida': no usable link (cache)
[9387/40930] 'CHM3610 - University of Florida': no usable link (cache)
[9388/40930] 'CIS3020 - University of Florida': no usable link (cache)
[9389/40930] 'CIS3022 - University of Florida': no usable link (cache)
[9390/40930] 'CIS4301 - University of Florida': no usable link (cache)
[9391/40930] 'CIS4715 - University of Florida': no usable link (cache)
[9392/40930] 'CLA3433 - University of Florida': no usable link (cache)
[9393/40930] 'CLA3930 - University of Florida': no usable link (cache)
[9394/40930] 'CLP3144 - University of Florida': no usable link (cache)
[9395/40930] 'CLT2044 - University of Florida': no usable link (cache)
[9396/40930] 'CLT3041 - University of Florida': no usable link (cache)
[9397/40930] 'CLT3291 - University of Florida': no usable link (cache)
[9398/40930] 'CLT3370 - University of Florida': no usable link (cache)
[9399/40930] 'CNT4007 - University of Florida': no usable link (cache)
[9400/40930] 'COP3502 - University of Florida': no usable link (cache)
[9401/40930] 'COP3504 - University of Florida': no usable link (cache)
[9402/40930] 'COT5405 - University of Florida': no usable link (cache)
[9403/40930] 'CPO2001 - University of Florida': no usable link (cache)
[9404/40930] 'CPO3204 - University of Florida': no usable link (cache)
[9405/40930] 'CPO3614 - University of Florida': no usable link (cache)
[9406/40930] 'CPO4931 - University of Florida': no usable link (cache)
[9407/40930] 'CSG2531 - University of Florida': no usable link (cache)
[9408/40930] 'DEP3053 - University of Florida': no usable link (cache)
[9409/40930] 'DIG1814 - University of Florida': no usable link (cache)
[9410/40930] 'DIG2005 - University of Florida': no usable link (cache)
[9411/40930] 'DIG3124 - University of Florida': no usable link (cache)
[9412/40930] 'DIG3433 - University of Florida': no usable link (cache)
[9413/40930] 'EAB3002 - University of Florida': no usable link (cache)
[9414/40930] 'EC02023 - University of Florida': no usable link (cache)
[9415/40930] 'ECH3023 - University of Florida': no usable link (cache)
[9416/40930] 'ECO20203 - University of Florida': no usable link (cache)
[9417/40930] 'ECP5705 - University of Florida': no usable link (cache)
[9418/40930] 'EDH6053 - University of Florida': no usable link (cache)
[9419/40930] 'EEE5283 - University of Florida': no usable link (cache)
[9420/40930] 'EEL3003 - University of Florida': no usable link (cache)
[9421/40930] 'EEL3008 - University of Florida': no usable link (cache)
[9422/40930] 'EEL3135 - University of Florida': no usable link (cache)
[9423/40930] 'EEL3701 - University of Florida': no usable link (cache)
[9424/40930] 'EEL5934 - University of Florida': no usable link (cache)
[9425/40930] 'EEX3093 - University of Florida': no usable link (cache)
[9426/40930] 'EGM2511 - University of Florida': no usable link (cache)
[9427/40930] 'EGM3250 - University of Florida': no usable link (cache)
[9428/40930] 'EGN1935 - University of Florida': no usable link (cache)
[9429/40930] 'EIN3354 - University of Florida': no usable link (cache)
[9430/40930] 'EMA3010 - University of Florida': no usable link (cache)
[9431/40930] 'EMA3800 - University of Florida': no usable link (cache)
[9432/40930] 'EML2322L - University of Florida': no usable link (cache)
[9433/40930] 'EML3005 - University of Florida': no usable link (cache)
[9434/40930] 'EML3301 - University of Florida': no usable link (cache)
[9435/40930] 'EML3301C - University of Florida': no usable link (cache)
[9436/40930] 'EML4220 - University of Florida': no usable link (cache)
[9437/40930] 'EML4601 - University of Florida': no usable link (cache)
[9438/40930] 'ENC3246 - University of Florida': no usable link (cache)
[9439/40930] 'ENC3414 - University of Florida': no usable link (cache)
[9440/40930] 'ENC4953 - University of Florida': no usable link (cache)
[9441/40930] 'AAEC4510 - University of Georgia': no usable link (cache)
[9442/40930] 'ACCT5010 - University of Georgia': no usable link (cache)
[9443/40930] 'ACCT5020 - University of Georgia': no usable link (cache)
[9444/40930] 'ACCT5100 - University of Georgia': no usable link (cache)
[9445/40930] 'ACCT5310 - University of Georgia': no usable link (cache)
[9446/40930] 'ADPR3120 - University of Georgia': no usable link (cache)
[9447/40930] 'ADSC2520 - University of Georgia': no usable link (cache)
[9448/40930] 'ADSC3130 - University of Georgia': no usable link (cache)
[9449/40930] 'ALDR8200E - University of Georgia': no usable link (cache)
[9450/40930] 'ANTH2002 - University of Georgia': no usable link (cache)
[9451/40930] 'ANTH2120H - University of Georgia': no usable link (cache)
[9452/40930] 'ARHI2300 - University of Georgia': no usable link (cache)
[9453/40930] 'ARHI2400 - University of Georgia': no usable link (cache)
[9454/40930] 'ARHI3010 - University of Georgia': no usable link (cache)
[9455/40930] 'ARST1060 - University of Georgia': no usable link (cache)
[9456/40930] 'ARST2020 - University of Georgia': no usable link (cache)
[9457/40930] 'ARTS2000 - University of Georgia': no usable link (cache)
[9458/40930] 'ARTS2050 - University of Georgia': no usable link (cache)
[9459/40930] 'ASFT2100 - University of Georgia': no usable link (cache)
[9460/40930] 'BCHE3145 - University of Georgia': no usable link (cache)
[9461/40930] 'BCM3100 - University of Georgia': no usable link (cache)
[9462/40930] 'BCMB3100 - University of Georgia': no usable link (cache)
[9463/40930] 'BCMB3100H - University of Georgia': no usable link (cache)
[9464/40930] 'BCMB4010 - University of Georgia': no usable link (cache)
[9465/40930] 'BIO1007 - University of Georgia': no usable link (cache)
[9466/40930] 'BIO1103 - University of Georgia': no usable link (cache)
[9467/40930] 'BIO1107 - University of Georgia': no usable link (cache)
[9468/40930] 'BIOL1008 - University of Georgia': no usable link (cache)
[9469/40930] 'BIOS2010 - University of Georgia': no usable link (cache)
[9470/40930] 'BIOS3000 - University of Georgia': no usable link (cache)
[9471/40930] 'BUSN3000H - University of Georgia': no usable link (cache)
[9472/40930] 'BUSN4900 - University of Georgia': no usable link (cache)
[9473/40930] 'CALC2200 - University of Georgia': no usable link (cache)
[9474/40930] 'CALC2250 - University of Georgia': no usable link (cache)
[9475/40930] 'CALC2260 - University of Georgia': no usable link (cache)
[9476/40930] 'CBIO2200 - University of Georgia': no usable link (cache)
[9477/40930] 'CBIO3800 - University of Georgia': no usable link (cache)
[9478/40930] 'CBIO4500 - University of Georgia': no usable link (cache)
[9479/40930] 'CHEM1311H - University of Georgia': no usable link (cache)
[9480/40930] 'CHEM1312H - University of Georgia': no usable link (cache)
[9481/40930] 'CHEM2212 - University of Georgia': no usable link (cache)
[9482/40930] 'CHEM2311H - University of Georgia': no usable link (cache)
[9483/40930] 'CHEM3400 - University of Georgia': no usable link (cache)
[9484/40930] 'CHEM4190 - University of Georgia': no usable link (cache)
[9485/40930] 'CLAS1000 - University of Georgia': no usable link (cache)
[9486/40930] 'CLAS1010 - University of Georgia': no usable link (cache)
[9487/40930] 'CLAS1010H - University of Georgia': no usable link (cache)
[9488/40930] 'CLAS1020 - University of Georgia': no usable link (cache)
[9489/40930] 'CLAS1020H - University of Georgia': no usable link (cache)
[9490/40930] 'CLAS3010 - University of Georgia': no usable link (cache)
[9491/40930] 'CLAS3050 - University of Georgia': no usable link (cache)
[9492/40930] 'CLAS4000 - University of Georgia': no usable link (cache)
[9493/40930] 'CMLT2100 - University of Georgia': no usable link (cache)
[9494/40930] 'CMLT3001 - University of Georgia': no usable link (cache)
[9495/40930] 'COMM1110 - University of Georgia': no usable link (cache)
[9496/40930] 'COMM3330 - University of Georgia': no usable link (cache)
[9497/40930] 'CS1730 - University of Georgia': no usable link (cache)
[9498/40930] 'CS4070 - University of Georgia': no usable link (cache)
[9499/40930] 'CSC11301 - University of Georgia': no usable link (cache)
[9500/40930] 'CSCI3030 - University of Georgia': no usable link (cache)
[9501/40930] 'CSCI4070 - University of Georgia': no usable link (cache)
[9502/40930] 'CSCI4900 - University of Georgia': no usable link (cache)
[9503/40930] 'CVLE2210 - University of Georgia': no usable link (cache)
[9504/40930] 'DANC2010 - University of Georgia': no usable link (cache)
[9505/40930] 'DANC2642 - University of Georgia': no usable link (cache)
[9506/40930] 'ECOL3500 - University of Georgia': no usable link (cache)
[9507/40930] 'ECOL4540 - University of Georgia': no usable link (cache)
[9508/40930] 'ECON2106H - University of Georgia': no usable link (cache)
[9509/40930] 'ECON4450 - University of Georgia': no usable link (cache)
[9510/40930] 'ECSE1100 - University of Georgia': no usable link (cache)
[9511/40930] 'ELEE1030 - University of Georgia': no usable link (cache)
[9512/40930] 'ENGL1102M - University of Georgia': no usable link (cache)
[9513/40930] 'ENGL2340 - University of Georgia': no usable link (cache)
[9514/40930] 'ENGL2400 - University of Georgia': no usable link (cache)
[9515/40930] 'ENGL3460 - University of Georgia': no usable link (cache)
[9516/40930] 'ENGL3800 - University of Georgia': no usable link (cache)
[9517/40930] 'ENGL4800 - University of Georgia': no usable link (cache)
[9518/40930] 'ACC409 - University of Hawaii at Manoa': no usable link (cache)
[9519/40930] 'ACM255 - University of Hawaii at Manoa': no usable link (cache)
[9520/40930] 'ACM350 - University of Hawaii at Manoa': no usable link (cache)
[9521/40930] 'ACM370 - University of Hawaii at Manoa': no usable link (cache)
[9522/40930] 'ACM385 - University of Hawaii at Manoa': no usable link (cache)
[9523/40930] 'AMST310 - University of Hawaii at Manoa': no usable link (cache)
[9524/40930] 'AMST440 - University of Hawaii at Manoa': no usable link (cache)
[9525/40930] 'ANSC200 - University of Hawaii at Manoa': no usable link (cache)
[9526/40930] 'ASTR110L - University of Hawaii at Manoa': no usable link (cache)
[9527/40930] 'BIOC441 - University of Hawaii at Manoa': no usable link (cache)
[9528/40930] 'BOT135 - University of Hawaii at Manoa': no usable link (cache)
[9529/40930] 'CHN470 - University of Hawaii at Manoa': no usable link (cache)
[9530/40930] 'COMG151 - University of Hawaii at Manoa': no usable link (cache)
[9531/40930] 'COMG251 - University of Hawaii at Manoa': no usable link (cache)
[9532/40930] 'COMG364 - University of Hawaii at Manoa': no usable link (cache)
[9533/40930] 'DNCE301 - University of Hawaii at Manoa': no usable link (cache)
[9534/40930] 'EALL363C - University of Hawaii at Manoa': no usable link (cache)
[9535/40930] 'EALL366 - University of Hawaii at Manoa': no usable link (cache)
[9536/40930] 'EDCS417 - University of Hawaii at Manoa': no usable link (cache)
[9537/40930] 'ENG100A - University of Hawaii at Manoa': no usable link (cache)
[9538/40930] 'ACC2332 - University of Houston': no usable link (cache)
[9539/40930] 'ACC3336 - University of Houston': no usable link (cache)
[9540/40930] 'ACCT3366 - University of Houston': no usable link (cache)
[9541/40930] 'ANAT1334 - University of Houston': no usable link (cache)
[9542/40930] 'ARCH1500 - University of Houston': no usable link (cache)
[9543/40930] 'ARCH2500 - University of Houston': no usable link (cache)
[9544/40930] 'ART3331 - University of Houston': no usable link (cache)
[9545/40930] 'ART3360 - University of Houston': no usable link (cache)
[9546/40930] 'ART3396 - University of Houston': no usable link (cache)
[9547/40930] 'ART4360 - University of Houston': no usable link (cache)
[9548/40930] 'ART4361 - University of Houston': no usable link (cache)
[9549/40930] 'ARTH3302 - University of Houston': no usable link (cache)
[9550/40930] 'ARTH3332 - University of Houston': no usable link (cache)
[9551/40930] 'ARTH3394 - University of Houston': no usable link (cache)
[9552/40930] 'ARTH4394 - University of Houston': no usable link (cache)
[9553/40930] 'ASL1301 - University of Houston': no usable link (cache)
[9554/40930] 'ASLI1301 - University of Houston': no usable link (cache)
[9555/40930] 'BIO1344 - University of Houston': no usable link (cache)
[9556/40930] 'BIO3324 - University of Houston': no usable link (cache)
[9557/40930] 'BIOL1144 - University of Houston': no usable link (cache)
[9558/40930] 'BIOL1334 - University of Houston': no usable link (cache)
[9559/40930] 'BIOL1344 - University of Houston': no usable link (cache)
[9560/40930] 'BIOL3311 - University of Houston': no usable link (cache)
[9561/40930] 'BIOL3324 - University of Houston': no usable link (cache)
[9562/40930] 'BIOL3341 - University of Houston': no usable link (cache)
[9563/40930] 'BIOL4103 - University of Houston': no usable link (cache)
[9564/40930] 'BTEC1322 - University of Houston': no usable link (cache)
[9565/40930] 'BUSI1301 - University of Houston': no usable link (cache)
[9566/40930] 'BUSI2305 - University of Houston': no usable link (cache)
[9567/40930] 'BUSI3302 - University of Houston': no usable link (cache)
[9568/40930] 'CAL1431 - University of Houston': no usable link (cache)
[9569/40930] 'CALC2433 - University of Houston': no usable link (cache)
[9570/40930] 'CHEE3363 - University of Houston': no usable link (cache)
[9571/40930] 'CHEE3369 - University of Houston': no usable link (cache)
[9572/40930] 'CHEE6332 - University of Houston': no usable link (cache)
[9573/40930] 'CHEM3222 - University of Houston': no usable link (cache)
[9574/40930] 'CHEM3369 - University of Houston': no usable link (cache)
[9575/40930] 'CHEM4373 - University of Houston': no usable link (cache)
[9576/40930] 'CIS2332 - University of Houston': no usable link (cache)
[9577/40930] 'CIS3320 - University of Houston': no usable link (cache)
[9578/40930] 'COCS2320 - University of Houston': no usable link (cache)
[9579/40930] 'COGN3350 - University of Houston': no usable link (cache)
[9580/40930] 'COMD2338 - University of Houston': no usable link (cache)
[9581/40930] 'COMD2339 - University of Houston': no usable link (cache)
[9582/40930] 'COMD3375 - University of Houston': no usable link (cache)
[9583/40930] 'COMD3383 - University of Houston': no usable link (cache)
[9584/40930] 'COMD3385 - University of Houston': no usable link (cache)
[9585/40930] 'COMM1302 - University of Houston': no usable link (cache)
[9586/40930] 'COMM3318 - University of Houston': no usable link (cache)
[9587/40930] 'COMM3353 - University of Houston': no usable link (cache)
[9588/40930] 'COSC1304 - University of Houston': no usable link (cache)
[9589/40930] 'COSC1336 - University of Houston': no usable link (cache)
[9590/40930] 'COSC2320 - University of Houston': no usable link (cache)
[9591/40930] 'COSC4211 - University of Houston': no usable link (cache)
[9592/40930] 'COSC4358 - University of Houston': no usable link (cache)
[9593/40930] 'COSC4393 - University of Houston': no usable link (cache)
[9594/40930] 'COSC6380 - University of Houston': no usable link (cache)
[9595/40930] 'CRIM3313 - University of Houston': no usable link (cache)
[9596/40930] 'CUST2300 - University of Houston': no usable link (cache)
[9597/40930] 'DISC2372 - University of Houston': no usable link (cache)
[9598/40930] 'DISC2373 - University of Houston': no usable link (cache)
[9599/40930] 'DISC3300 - University of Houston': no usable link (cache)
[9600/40930] 'DRAM1310 - University of Houston': no usable link (cache)
[9601/40930] 'ECON3371 - University of Houston': no usable link (cache)
[9602/40930] 'EDU4310 - University of Houston': no usable link (cache)
[9603/40930] 'ELED3320 - University of Houston': no usable link (cache)
[9604/40930] 'ELED4310 - University of Houston': no usable link (cache)
[9605/40930] 'ELET3403 - University of Houston': no usable link (cache)
[9606/40930] 'EN1301 - University of Houston': no usable link (cache)
[9607/40930] 'ENG11331 - University of Houston': no usable link (cache)
[9608/40930] 'ENGL3322 - University of Houston': no usable link (cache)
[9609/40930] 'ENGL3350 - University of Houston': no usable link (cache)
[9610/40930] 'ENGL4304 - University of Houston': no usable link (cache)
[9611/40930] 'ENGL4394 - University of Houston': no usable link (cache)
[9612/40930] 'CRIM1L - University of Illinois Urbana-Champaign': no usable link (cache)
[9613/40930] 'ACCT3500 - University of Iowa': no usable link (cache)
[9614/40930] 'ACTS4180 - University of Iowa': no usable link (cache)
[9615/40930] 'AFAM2070 - University of Iowa': no usable link (cache)
[9616/40930] 'AMST2025 - University of Iowa': no usable link (cache)
[9617/40930] 'ANTH0301 - University of Iowa': no usable link (cache)
[9618/40930] 'ANTH1201 - University of Iowa': no usable link (cache)
[9619/40930] 'ANTH1301 - University of Iowa': no usable link (cache)
[9620/40930] 'ANTH2136 - University of Iowa': no usable link (cache)
[9621/40930] 'ANTH2190 - University of Iowa': no usable link (cache)
[9622/40930] 'ANTH3308 - University of Iowa': no usable link (cache)
[9623/40930] 'ARTH1040 - University of Iowa': no usable link (cache)
[9624/40930] 'ARTH1070 - University of Iowa': no usable link (cache)
[9625/40930] 'ASIA1510 - University of Iowa': no usable link (cache)
[9626/40930] 'BAIS1500 - University of Iowa': no usable link (cache)
[9627/40930] 'BAIS3000 - University of Iowa': no usable link (cache)
[9628/40930] 'BAIS3020 - University of Iowa': no usable link (cache)
[9629/40930] 'BAIS9140 - University of Iowa': no usable link (cache)
[9630/40930] 'BIO1141 - University of Iowa': no usable link (cache)
[9631/40930] 'BIO1411 - University of Iowa': no usable link (cache)
[9632/40930] 'BIO1412 - University of Iowa': no usable link (cache)
[9633/40930] 'BIOC130 - University of Iowa': no usable link (cache)
[9634/40930] 'BIOC3120 - University of Iowa': no usable link (cache)
[9635/40930] 'BIOC3130 - University of Iowa': no usable link (cache)
[9636/40930] 'BIOL1141 - University of Iowa': no usable link (cache)
[9637/40930] 'BIOL2723 - University of Iowa': no usable link (cache)
[9638/40930] 'CALC1380 - University of Iowa': no usable link (cache)
[9639/40930] 'CALC4BUS - University of Iowa': no usable link (cache)
[9640/40930] 'CCC2220 - University of Iowa': no usable link (cache)
[9641/40930] 'CCCC2220 - University of Iowa': no usable link (cache)
[9642/40930] 'CINE1602 - University of Iowa': no usable link (cache)
[9643/40930] 'CINE1610 - University of Iowa': no usable link (cache)
[9644/40930] 'CINE1625 - University of Iowa': no usable link (cache)
[9645/40930] 'CLAS1840 - University of Iowa': no usable link (cache)
[9646/40930] 'CLSA2016 - University of Iowa': no usable link (cache)
[9647/40930] 'CLSL1001 - University of Iowa': no usable link (cache)
[9648/40930] 'COMM1174 - University of Iowa': no usable link (cache)
[9649/40930] 'COMM1898 - University of Iowa': no usable link (cache)
[9650/40930] 'COMM2041 - University of Iowa': no usable link (cache)
[9651/40930] 'COMM2054 - University of Iowa': no usable link (cache)
[9652/40930] 'CONLA116 - University of Iowa': no usable link (cache)
[9653/40930] 'CRIM1400 - University of Iowa': no usable link (cache)
[9654/40930] 'CRIM1447 - University of Iowa': no usable link (cache)
[9655/40930] 'CRIM2430 - University of Iowa': no usable link (cache)
[9656/40930] 'CRIM2460 - University of Iowa': no usable link (cache)
[9657/40930] 'CRIM2470 - University of Iowa': no usable link (cache)
[9658/40930] 'CRIM3250 - University of Iowa': no usable link (cache)
[9659/40930] 'CRIM3417 - University of Iowa': no usable link (cache)
[9660/40930] 'CS21 - University of Iowa': no usable link (cache)
[9661/40930] 'ECE2410 - University of Iowa': no usable link (cache)
[9662/40930] 'ECE36 - University of Iowa': no usable link (cache)
[9663/40930] 'ECE6999 - University of Iowa': no usable link (cache)
[9664/40930] 'ECON2800 - University of Iowa': no usable link (cache)
[9665/40930] 'ECON3100 - University of Iowa': no usable link (cache)
[9666/40930] 'ECON3325 - University of Iowa': no usable link (cache)
[9667/40930] 'ECON3345 - University of Iowa': no usable link (cache)
[9668/40930] 'ECON3850 - University of Iowa': no usable link (cache)
[9669/40930] 'EDTL2111 - University of Iowa': no usable link (cache)
[9670/40930] 'EES108 - University of Iowa': no usable link (cache)
[9671/40930] 'EES1085 - University of Iowa': no usable link (cache)
[9672/40930] 'EES1170 - University of Iowa': no usable link (cache)
[9673/40930] 'ENG2560 - University of Iowa': no usable link (cache)
[9674/40930] 'ENGL2020 - University of Iowa': no usable link (cache)
[9675/40930] 'ENGL2571 - University of Iowa': no usable link (cache)
[9676/40930] 'ENGL3520 - University of Iowa': no usable link (cache)
[9677/40930] 'AAAS300 - University of Kansas': no usable link (cache)
[9678/40930] 'AAAS320 - University of Kansas': no usable link (cache)
[9679/40930] 'ABSC160 - University of Kansas': no usable link (cache)
[9680/40930] 'AE211 - University of Kansas': no usable link (cache)
[9681/40930] 'AE345 - University of Kansas': no usable link (cache)
[9682/40930] 'AE571 - University of Kansas': no usable link (cache)
[9683/40930] 'ARCE217 - University of Kansas': no usable link (cache)
[9684/40930] 'ARCE350 - University of Kansas': no usable link (cache)
[9685/40930] 'ARCH108 - University of Kansas': no usable link (cache)
[9686/40930] 'ARCH109 - University of Kansas': no usable link (cache)
[9687/40930] 'ARCH114 - University of Kansas': no usable link (cache)
[9688/40930] 'ARCH340 - University of Kansas': no usable link (cache)
[9689/40930] 'ARCH531 - University of Kansas': no usable link (cache)
[9690/40930] 'ASTR191 - University of Kansas': no usable link (cache)
[9691/40930] 'BE301 - University of Kansas': no usable link (cache)
[9692/40930] 'BIO246 - University of Kansas': no usable link (cache)
[9693/40930] 'BIOL246 - University of Kansas': no usable link (cache)
[9694/40930] 'BIOL599 - University of Kansas': no usable link (cache)
[9695/40930] 'BIOL636 - University of Kansas': no usable link (cache)
[9696/40930] 'BSAN202 - University of Kansas': no usable link (cache)
[9697/40930] 'CE480 - University of Kansas': no usable link (cache)
[9698/40930] 'CHEM624 - University of Kansas': no usable link (cache)
[9699/40930] 'CHEM625 - University of Kansas': no usable link (cache)
[9700/40930] 'CHIN104 - University of Kansas': no usable link (cache)
[9701/40930] 'COMS131 - University of Kansas': no usable link (cache)
[9702/40930] 'COMS235 - University of Kansas': no usable link (cache)
[9703/40930] 'CPE111 - University of Kansas': no usable link (cache)
[9704/40930] 'CPE211 - University of Kansas': no usable link (cache)
[9705/40930] 'CPE221 - University of Kansas': no usable link (cache)
[9706/40930] 'DANC150 - University of Kansas': no usable link (cache)
[9707/40930] 'DCSI301 - University of Kansas': no usable link (cache)
[9708/40930] 'DSCI202 - University of Kansas': no usable link (cache)
[9709/40930] 'DSCI301 - University of Kansas': no usable link (cache)
[9710/40930] 'DSCI305 - University of Kansas': no usable link (cache)
[9711/40930] 'EALC105 - University of Kansas': no usable link (cache)
[9712/40930] 'ECON700 - University of Kansas': no usable link (cache)
[9713/40930] 'EECS221 - University of Kansas': no usable link (cache)
[9714/40930] 'EECS360 - University of Kansas': no usable link (cache)
[9715/40930] 'EECS461 - University of Kansas': no usable link (cache)
[9716/40930] 'EECS645 - University of Kansas': no usable link (cache)
[9717/40930] 'EECS660 - University of Kansas': no usable link (cache)
[9718/40930] 'ENGL532 - University of Kansas': no usable link (cache)
[9719/40930] 'ACC308 - University of Kentucky': no usable link (cache)
[9720/40930] 'ACC424 - University of Kentucky': no usable link (cache)
[9721/40930] 'ACC490 - University of Kentucky': no usable link (cache)
[9722/40930] 'AEC302 - University of Kentucky': no usable link (cache)
[9723/40930] 'AEC303 - University of Kentucky': no usable link (cache)
[9724/40930] 'AEC324 - University of Kentucky': no usable link (cache)
[9725/40930] 'AIS101 - University of Kentucky': no usable link (cache)
[9726/40930] 'AIS201 - University of Kentucky': no usable link (cache)
[9727/40930] 'AIS228 - University of Kentucky': no usable link (cache)
[9728/40930] 'AIS302 - University of Kentucky': no usable link (cache)
[9729/40930] 'AIS338 - University of Kentucky': no usable link (cache)
[9730/40930] 'AIS340 - University of Kentucky': no usable link (cache)
[9731/40930] 'AN306 - University of Kentucky': no usable link (cache)
[9732/40930] 'ANT101H - University of Kentucky': no usable link (cache)
[9733/40930] 'ANT221 - University of Kentucky': no usable link (cache)
[9734/40930] 'ANT242 - University of Kentucky': no usable link (cache)
[9735/40930] 'ANT322 - University of Kentucky': no usable link (cache)
[9736/40930] 'ANT332 - University of Kentucky': no usable link (cache)
[9737/40930] 'ANT334 - University of Kentucky': no usable link (cache)
[9738/40930] 'ANT353 - University of Kentucky': no usable link (cache)
[9739/40930] 'AS102 - University of Kentucky': no usable link (cache)
[9740/40930] 'AS125 - University of Kentucky': no usable link (cache)
[9741/40930] 'AS161 - University of Kentucky': no usable link (cache)
[9742/40930] 'ASC325 - University of Kentucky': no usable link (cache)
[9743/40930] 'BE201 - University of Kentucky': no usable link (cache)
[9744/40930] 'BE250 - University of Kentucky': no usable link (cache)
[9745/40930] 'BI152 - University of Kentucky': no usable link (cache)
[9746/40930] 'BIO148 - University of Kentucky': no usable link (cache)
[9747/40930] 'BIO308 - University of Kentucky': no usable link (cache)
[9748/40930] 'BIO430G - University of Kentucky': no usable link (cache)
[9749/40930] 'CE106 - University of Kentucky': no usable link (cache)
[9750/40930] 'CHE108 - University of Kentucky': no usable link (cache)
[9751/40930] 'CHE109 - University of Kentucky': no usable link (cache)
[9752/40930] 'CHE410G - University of Kentucky': no usable link (cache)
[9753/40930] 'CJ316 - University of Kentucky': no usable link (cache)
[9754/40930] 'CLA131 - University of Kentucky': no usable link (cache)
[9755/40930] 'CLA135 - University of Kentucky': no usable link (cache)
[9756/40930] 'CLA555 - University of Kentucky': no usable link (cache)
[9757/40930] 'CLD430 - University of Kentucky': no usable link (cache)
[9758/40930] 'CLM323 - University of Kentucky': no usable link (cache)
[9759/40930] 'COM252 - University of Kentucky': no usable link (cache)
[9760/40930] 'COM311 - University of Kentucky': no usable link (cache)
[9761/40930] 'COM482 - University of Kentucky': no usable link (cache)
[9762/40930] 'COM535 - University of Kentucky': no usable link (cache)
[9763/40930] 'COM553 - University of Kentucky': no usable link (cache)
[9764/40930] 'CPE282 - University of Kentucky': no usable link (cache)
[9765/40930] 'CPH201 - University of Kentucky': no usable link (cache)
[9766/40930] 'CPH203 - University of Kentucky': no usable link (cache)
[9767/40930] 'CPH423 - University of Kentucky': no usable link (cache)
[9768/40930] 'CPH440 - University of Kentucky': no usable link (cache)
[9769/40930] 'CSD277 - University of Kentucky': no usable link (cache)
[9770/40930] 'DHN101 - University of Kentucky': no usable link (cache)
[9771/40930] 'DHN212 - University of Kentucky': no usable link (cache)
[9772/40930] 'DIS300 - University of Kentucky': no usable link (cache)
[9773/40930] 'DSP130 - University of Kentucky': no usable link (cache)
[9774/40930] 'ECO379 - University of Kentucky': no usable link (cache)
[9775/40930] 'ECO471 - University of Kentucky': no usable link (cache)
[9776/40930] 'ECO472 - University of Kentucky': no usable link (cache)
[9777/40930] 'ECO499 - University of Kentucky': no usable link (cache)
[9778/40930] 'EE280 - University of Kentucky': no usable link (cache)
[9779/40930] 'EES110 - University of Kentucky': no usable link (cache)
[9780/40930] 'EES120 - University of Kentucky': no usable link (cache)
[9781/40930] 'EES150 - University of Kentucky': no usable link (cache)
[9782/40930] 'EES180 - University of Kentucky': no usable link (cache)
[9783/40930] 'EGR215 - University of Kentucky': no usable link (cache)
[9784/40930] 'EM221 - University of Kentucky': no usable link (cache)
[9785/40930] 'ENG495G - University of Kentucky': no usable link (cache)
[9786/40930] 'ANLY625 - University of Louisville': no usable link (cache)
[9787/40930] 'ARTH290 - University of Louisville': no usable link (cache)
[9788/40930] 'BIO257 - University of Louisville': no usable link (cache)
[9789/40930] 'BIOL258 - University of Louisville': no usable link (cache)
[9790/40930] 'BSTA201 - University of Louisville': no usable link (cache)
[9791/40930] 'CECS419 - University of Louisville': no usable link (cache)
[9792/40930] 'CEE205 - University of Louisville': no usable link (cache)
[9793/40930] 'CEE450 - University of Louisville': no usable link (cache)
[9794/40930] 'CHE207 - University of Louisville': no usable link (cache)
[9795/40930] 'CHEM10150 - University of Louisville': no usable link (cache)
[9796/40930] 'CHEM10175 - University of Louisville': no usable link (cache)
[9797/40930] 'CIS150 - University of Louisville': no usable link (cache)
[9798/40930] 'CIS444 - University of Louisville': no usable link (cache)
[9799/40930] 'CJ305 - University of Louisville': no usable link (cache)
[9800/40930] 'CJ306 - University of Louisville': no usable link (cache)
[9801/40930] 'CJ326 - University of Louisville': no usable link (cache)
[9802/40930] 'EAC101 - University of Louisville': no usable link (cache)
[9803/40930] 'EAC102 - University of Louisville': no usable link (cache)
[9804/40930] 'EDSP240 - University of Louisville': no usable link (cache)
[9805/40930] 'EDTP201 - University of Louisville': no usable link (cache)
[9806/40930] 'ARH155 - University of Maine': no usable link (cache)
[9807/40930] 'ARH156 - University of Maine': no usable link (cache)
[9808/40930] 'ARH256 - University of Maine': no usable link (cache)
[9809/40930] 'AST109 - University of Maine': no usable link (cache)
[9810/40930] 'BEN477 - University of Maine': no usable link (cache)
[9811/40930] 'BEN502 - University of Maine': no usable link (cache)
[9812/40930] 'BIS267 - University of Maine': no usable link (cache)
[9813/40930] 'BIS468 - University of Maine': no usable link (cache)
[9814/40930] 'BMB207 - University of Maine': no usable link (cache)
[9815/40930] 'BMB322 - University of Maine': no usable link (cache)
[9816/40930] 'BMB420 - University of Maine': no usable link (cache)
[9817/40930] 'BUA101 - University of Maine': no usable link (cache)
[9818/40930] 'BUA201 - University of Maine': no usable link (cache)
[9819/40930] 'BUA301 - University of Maine': no usable link (cache)
[9820/40930] 'BUA302 - University of Maine': no usable link (cache)
[9821/40930] 'BUA343 - University of Maine': no usable link (cache)
[9822/40930] 'BUA370 - University of Maine': no usable link (cache)
[9823/40930] 'BUA449 - University of Maine': no usable link (cache)
[9824/40930] 'BUA609 - University of Maine': no usable link (cache)
[9825/40930] 'BUA651 - University of Maine': no usable link (cache)
[9826/40930] 'CET101 - University of Maine': no usable link (cache)
[9827/40930] 'CET355 - University of Maine': no usable link (cache)
[9828/40930] 'CHF201 - University of Maine': no usable link (cache)
[9829/40930] 'CHF431 - University of Maine': no usable link (cache)
[9830/40930] 'CHF434 - University of Maine': no usable link (cache)
[9831/40930] 'CHY122 - University of Maine': no usable link (cache)
[9832/40930] 'CIE101 - University of Maine': no usable link (cache)
[9833/40930] 'CIE210 - University of Maine': no usable link (cache)
[9834/40930] 'CIE340 - University of Maine': no usable link (cache)
[9835/40930] 'CMJ100 - University of Maine': no usable link (cache)
[9836/40930] 'CMJ103 - University of Maine': no usable link (cache)
[9837/40930] 'CMJ347 - University of Maine': no usable link (cache)
[9838/40930] 'COS482 - University of Maine': no usable link (cache)
[9839/40930] 'COS535 - University of Maine': no usable link (cache)
[9840/40930] 'ECO254 - University of Maine': no usable link (cache)
[9841/40930] 'EES100 - University of Maine': no usable link (cache)
[9842/40930] 'EHD202 - University of Maine': no usable link (cache)
[9843/40930] 'ACC1100 - University of Manitoba': no usable link (cache)
[9844/40930] 'ACC1110 - University of Manitoba': no usable link (cache)
[9845/40930] 'ACC3030 - University of Manitoba': no usable link (cache)
[9846/40930] 'ACT4020 - University of Manitoba': no usable link (cache)
[9847/40930] 'ARTS1160 - University of Manitoba': no usable link (cache)
[9848/40930] 'ASIA1430 - University of Manitoba': no usable link (cache)
[9849/40930] 'BIO1410 - University of Manitoba': no usable link (cache)
[9850/40930] 'BIO2242 - University of Manitoba': no usable link (cache)
[9851/40930] 'BIOL2242 - University of Manitoba': no usable link (cache)
[9852/40930] 'BIOL2380 - University of Manitoba': no usable link (cache)
[9853/40930] 'BIOL2390 - University of Manitoba': no usable link (cache)
[9854/40930] 'BIOL2410 - University of Manitoba': no usable link (cache)
[9855/40930] 'BIOL2520 - University of Manitoba': no usable link (cache)
[9856/40930] 'BIOL3542 - University of Manitoba': no usable link (cache)
[9857/40930] 'BUS2 - University of Manitoba': no usable link (cache)
[9858/40930] 'CDN1000 - University of Manitoba': no usable link (cache)
[9859/40930] 'CHEM2720 - University of Manitoba': no usable link (cache)
[9860/40930] 'CHEM2740 - University of Manitoba': no usable link (cache)
[9861/40930] 'CHEM3760 - University of Manitoba': no usable link (cache)
[9862/40930] 'CIV3770 - University of Manitoba': no usable link (cache)
[9863/40930] 'CIVL3590 - University of Manitoba': no usable link (cache)
[9864/40930] 'CIVL3700 - University of Manitoba': no usable link (cache)
[9865/40930] 'CIVL3770 - University of Manitoba': no usable link (cache)
[9866/40930] 'CLAS1210 - University of Manitoba': no usable link (cache)
[9867/40930] 'CLAS1270 - University of Manitoba': no usable link (cache)
[9868/40930] 'CLAS1280 - University of Manitoba': no usable link (cache)
[9869/40930] 'CLAS1520 - University of Manitoba': no usable link (cache)
[9870/40930] 'CLAS2170 - University of Manitoba': no usable link (cache)
[9871/40930] 'CLAS2520 - University of Manitoba': no usable link (cache)
[9872/40930] 'CMOP3010 - University of Manitoba': no usable link (cache)
[9873/40930] 'COM3020 - University of Manitoba': no usable link (cache)
[9874/40930] 'CORP2200 - University of Manitoba': no usable link (cache)
[9875/40930] 'ECE3540 - University of Manitoba': no usable link (cache)
[9876/40930] 'ECON1210 - University of Manitoba': no usable link (cache)
[9877/40930] 'ECON1220 - University of Manitoba': no usable link (cache)
[9878/40930] 'ECON2040 - University of Manitoba': no usable link (cache)
[9879/40930] 'ECON2050 - University of Manitoba': no usable link (cache)
[9880/40930] 'ECON2390 - University of Manitoba': no usable link (cache)
[9881/40930] 'ECON2550 - University of Manitoba': no usable link (cache)
[9882/40930] 'ECON2610 - University of Manitoba': no usable link (cache)
[9883/40930] 'ECON2630 - University of Manitoba': no usable link (cache)
[9884/40930] 'ECON2700 - University of Manitoba': no usable link (cache)
[9885/40930] 'ECON3392 - University of Manitoba': no usable link (cache)
[9886/40930] 'ECON3640 - University of Manitoba': no usable link (cache)
[9887/40930] 'ECON3650 - University of Manitoba': no usable link (cache)
[9888/40930] 'ECON3670 - University of Manitoba': no usable link (cache)
[9889/40930] 'ECON3680 - University of Manitoba': no usable link (cache)
[9890/40930] 'ECON3690 - University of Manitoba': no usable link (cache)
[9891/40930] 'ECON3692 - University of Manitoba': no usable link (cache)
[9892/40930] 'ECON3710 - University of Manitoba': no usable link (cache)
[9893/40930] 'ECON3810 - University of Manitoba': no usable link (cache)
[9894/40930] 'EDU5680 - University of Manitoba': no usable link (cache)
[9895/40930] 'ENG1310 - University of Manitoba': no usable link (cache)
[9896/40930] 'ENG1430 - University of Manitoba': no usable link (cache)
[9897/40930] 'ENG1450 - University of Manitoba': no usable link (cache)
[9898/40930] 'ENG1460 - University of Manitoba': no usable link (cache)
[9899/40930] 'ENG2040 - University of Manitoba': no usable link (cache)
[9900/40930] 'ENGL1300 - University of Manitoba': no usable link (cache)
[9901/40930] 'ENGL1340 - University of Manitoba': no usable link (cache)
[9902/40930] 'ENGL1400 - University of Manitoba': no usable link (cache)
[9903/40930] 'ENGL2090 - University of Manitoba': no usable link (cache)
[9904/40930] 'ENGL2140 - University of Manitoba': no usable link (cache)
[9905/40930] 'AASP100 - University of Maryland': no usable link (cache)
[9906/40930] 'AASP101 - University of Maryland': no usable link (cache)
[9907/40930] 'AASP211 - University of Maryland': no usable link (cache)
[9908/40930] 'AASP317 - University of Maryland': no usable link (cache)
[9909/40930] 'AASP398B - University of Maryland': no usable link (cache)
[9910/40930] 'AAST262 - University of Maryland': no usable link (cache)
[9911/40930] 'ADMN872 - University of Maryland': no usable link (cache)
[9912/40930] 'AMST213 - University of Maryland': no usable link (cache)
[9913/40930] 'ANSC212 - University of Maryland': no usable link (cache)
[9914/40930] 'ANSC232 - University of Maryland': no usable link (cache)
[9915/40930] 'ANSC330 - University of Maryland': no usable link (cache)
[9916/40930] 'AREC326 - University of Maryland': no usable link (cache)
[9917/40930] 'ARTT200 - University of Maryland': no usable link (cache)
[9918/40930] 'ARTT354 - University of Maryland': no usable link (cache)
[9919/40930] 'ARTT357 - University of Maryland': no usable link (cache)
[9920/40930] 'BCHM463 - University of Maryland': no usable link (cache)
[9921/40930] 'BCSI330 - University of Maryland': no usable link (cache)
[9922/40930] 'BGMT444 - University of Maryland': no usable link (cache)
[9923/40930] 'BIOE120 - University of Maryland': no usable link (cache)
[9924/40930] 'BMGT301 - University of Maryland': no usable link (cache)
[9925/40930] 'BMGT301F - University of Maryland': no usable link (cache)
[9926/40930] 'BMGT326 - University of Maryland': no usable link (cache)
[9927/40930] 'BMGT350 - University of Maryland': no usable link (cache)
[9928/40930] 'BMGT360 - University of Maryland': no usable link (cache)
[9929/40930] 'BMGT364 - University of Maryland': no usable link (cache)
[9930/40930] 'BMGT440 - University of Maryland': no usable link (cache)
[9931/40930] 'BMGT452 - University of Maryland': no usable link (cache)
[9932/40930] 'BMGT495 - University of Maryland': no usable link (cache)
[9933/40930] 'BSCC1222 - University of Maryland': no usable link (cache)
[9934/40930] 'BSCI105 - University of Maryland': no usable link (cache)
[9935/40930] 'BSCI124 - University of Maryland': no usable link (cache)
[9936/40930] 'BSCI125 - University of Maryland': no usable link (cache)
[9937/40930] 'BSCI135 - University of Maryland': no usable link (cache)
[9938/40930] 'BSCI201 - University of Maryland': no usable link (cache)
[9939/40930] 'BSCI222 - University of Maryland': no usable link (cache)
[9940/40930] 'BSCI422 - University of Maryland': no usable link (cache)
[9941/40930] 'BUDT758T - University of Maryland': no usable link (cache)
[9942/40930] 'BUS0703 - University of Maryland': no usable link (cache)
[9943/40930] 'BUSM761 - University of Maryland': no usable link (cache)
[9944/40930] 'BUSO703 - University of Maryland': no usable link (cache)
[9945/40930] 'CCJS225 - University of Maryland': no usable link (cache)
[9946/40930] 'CCJS230 - University of Maryland': no usable link (cache)
[9947/40930] 'CCJS301 - University of Maryland': no usable link (cache)
[9948/40930] 'CCJS342 - University of Maryland': no usable link (cache)
[9949/40930] 'CCJS360 - University of Maryland': no usable link (cache)
[9950/40930] 'CCJS450 - University of Maryland': no usable link (cache)
[9951/40930] 'CHEEM131 - University of Maryland': no usable link (cache)
[9952/40930] 'CHEM134 - University of Maryland': no usable link (cache)
[9953/40930] 'CHEM232V - University of Maryland': no usable link (cache)
[9954/40930] 'CHEM272 - University of Maryland': no usable link (cache)
[9955/40930] 'CHEM401 - University of Maryland': no usable link (cache)
[9956/40930] 'CHM241 - University of Maryland': no usable link (cache)
[9957/40930] 'CINE329 - University of Maryland': no usable link (cache)
[9958/40930] 'CINE359C - University of Maryland': no usable link (cache)
[9959/40930] 'CINE469E - University of Maryland': no usable link (cache)
[9960/40930] 'CMSC122 - University of Maryland': no usable link (cache)
[9961/40930] 'CMSC250 - University of Maryland': no usable link (cache)
[9962/40930] 'COMM400 - University of Maryland': no usable link (cache)
[9963/40930] 'DS772 - University of Maryland': no usable link (cache)
[9964/40930] 'ECON424 - University of Maryland': no usable link (cache)
[9965/40930] 'EDCI288W - University of Maryland': no usable link (cache)
[9966/40930] 'EDCI467 - University of Maryland': no usable link (cache)
[9967/40930] 'ELGL391 - University of Maryland': no usable link (cache)
[9968/40930] 'ENAE641 - University of Maryland': no usable link (cache)
[9969/40930] 'ENCE305 - University of Maryland': no usable link (cache)
[9970/40930] 'ENEE140 - University of Maryland': no usable link (cache)
[9971/40930] 'ENES102 - University of Maryland': no usable link (cache)
[9972/40930] 'ENES102H - University of Maryland': no usable link (cache)
[9973/40930] 'ENES140 - University of Maryland': no usable link (cache)
[9974/40930] 'ENES461 - University of Maryland': no usable link (cache)
[9975/40930] 'ENGL391H - University of Maryland': no usable link (cache)
[9976/40930] 'ENGL393 - University of Maryland': no usable link (cache)
[9977/40930] 'ENGL394 - University of Maryland': no usable link (cache)
[9978/40930] 'ENGL398C - University of Maryland': no usable link (cache)
[9979/40930] 'BA407 - University of Massachusetts Amherst': no usable link (cache)
[9980/40930] 'BI141 - University of Massachusetts Amherst': no usable link (cache)
[9981/40930] 'ACC212 - University of Miami': no usable link (cache)
[9982/40930] 'ARC121 - University of Miami': no usable link (cache)
[9983/40930] 'ARC122 - University of Miami': no usable link (cache)
[9984/40930] 'ARC685 - University of Miami': no usable link (cache)
[9985/40930] 'ARH132 - University of Miami': no usable link (cache)
[9986/40930] 'ARH343 - University of Miami': no usable link (cache)
[9987/40930] 'ART253 - University of Miami': no usable link (cache)
[9988/40930] 'BIL104 - University of Miami': no usable link (cache)
[9989/40930] 'BIL150 - University of Miami': no usable link (cache)
[9990/40930] 'BIL151 - University of Miami': no usable link (cache)
[9991/40930] 'BIL153 - University of Miami': no usable link (cache)
[9992/40930] 'BIL160 - University of Miami': no usable link (cache)
[9993/40930] 'BIL255 - University of Miami': no usable link (cache)
[9994/40930] 'BIL469 - University of Miami': no usable link (cache)
[9995/40930] 'BIO255 - University of Miami': no usable link (cache)
[9996/40930] 'BLS212 - University of Miami': no usable link (cache)
[9997/40930] 'BPH206 - University of Miami': no usable link (cache)
[9998/40930] 'BSL211 - University of Miami': no usable link (cache)
[9999/40930] 'BSL304 - University of Miami': no usable link (cache)
[10000/40930] 'BSL333 - University of Miami': no usable link (cache)
[10001/40930] 'BSL405 - University of Miami': no usable link (cache)
[10002/40930] 'BSL485 - University of Miami': no usable link (cache)
[10003/40930] 'BTE601 - University of Miami': no usable link (cache)
[10004/40930] 'BUS211 - University of Miami': no usable link (cache)
[10005/40930] 'BUS603 - University of Miami': no usable link (cache)
[10006/40930] 'BUS610 - University of Miami': no usable link (cache)
[10007/40930] 'CALC140 - University of Miami': no usable link (cache)
[10008/40930] 'CALC161 - University of Miami': no usable link (cache)
[10009/40930] 'CHM207 - University of Miami': no usable link (cache)
[10010/40930] 'CHM592 - University of Miami': no usable link (cache)
[10011/40930] 'CLA101 - University of Miami': no usable link (cache)
[10012/40930] 'CLA102 - University of Miami': no usable link (cache)
[10013/40930] 'CLA220 - University of Miami': no usable link (cache)
[10014/40930] 'CLA226 - University of Miami': no usable link (cache)
[10015/40930] 'CLA233 - University of Miami': no usable link (cache)
[10016/40930] 'CLA304 - University of Miami': no usable link (cache)
[10017/40930] 'CON1 - University of Miami': no usable link (cache)
[10018/40930] 'CON2 - University of Miami': no usable link (cache)
[10019/40930] 'COS211 - University of Miami': no usable link (cache)
[10020/40930] 'COS391 - University of Miami': no usable link (cache)
[10021/40930] 'ECO211 - University of Miami': no usable link (cache)
[10022/40930] 'ECO303 - University of Miami': no usable link (cache)
[10023/40930] 'ECS377 - University of Miami': no usable link (cache)
[10024/40930] 'EEN118 - University of Miami': no usable link (cache)
[10025/40930] 'EEN218 - University of Miami': no usable link (cache)
[10026/40930] 'EEN511 - University of Miami': no usable link (cache)
[10027/40930] 'EEN521 - University of Miami': no usable link (cache)
[10028/40930] 'EGN123 - University of Miami': no usable link (cache)
[10029/40930] 'ENG106LOVE - University of Miami': no usable link (cache)
[10030/40930] 'ENG395 - University of Miami': no usable link (cache)
[10031/40930] 'ACC3326 - University of Missouri': no usable link (cache)
[10032/40930] 'ACCT2036 - University of Missouri': no usable link (cache)
[10033/40930] 'ACCT2037 - University of Missouri': no usable link (cache)
[10034/40930] 'ACCT2258 - University of Missouri': no usable link (cache)
[10035/40930] 'ACCTY2258 - University of Missouri': no usable link (cache)
[10036/40930] 'ACCTY3328 - University of Missouri': no usable link (cache)
[10037/40930] 'ACCY2036 - University of Missouri': no usable link (cache)
[10038/40930] 'ANCI2010 - University of Missouri': no usable link (cache)
[10039/40930] 'ANSCI1165 - University of Missouri': no usable link (cache)
[10040/40930] 'ANTHR2040 - University of Missouri': no usable link (cache)
[10041/40930] 'ANTHR3600 - University of Missouri': no usable link (cache)
[10042/40930] 'ASTRO1010 - University of Missouri': no usable link (cache)
[10043/40930] 'ATM1050 - University of Missouri': no usable link (cache)
[10044/40930] 'ATM2022 - University of Missouri': no usable link (cache)
[10045/40930] 'ATMO1050 - University of Missouri': no usable link (cache)
[10046/40930] 'ATMS1050 - University of Missouri': no usable link (cache)
[10047/40930] 'BIO15OO - University of Missouri': no usable link (cache)
[10048/40930] 'BIO2200H - University of Missouri': no usable link (cache)
[10049/40930] 'BIO2300 - University of Missouri': no usable link (cache)
[10050/40930] 'BIO3400 - University of Missouri': no usable link (cache)
[10051/40930] 'BIO3700 - University of Missouri': no usable link (cache)
[10052/40930] 'BIO4600 - University of Missouri': no usable link (cache)
[10053/40930] 'BIOCH3630 - University of Missouri': no usable link (cache)
[10054/40930] 'BIOSC2300 - University of Missouri': no usable link (cache)
[10055/40930] 'CE3600 - University of Missouri': no usable link (cache)
[10056/40930] 'CECS103 - University of Missouri': no usable link (cache)
[10057/40930] 'CECS203 - University of Missouri': no usable link (cache)
[10058/40930] 'CHEM1320H - University of Missouri': no usable link (cache)
[10059/40930] 'CHEM1330 - University of Missouri': no usable link (cache)
[10060/40930] 'CHEM1330H - University of Missouri': no usable link (cache)
[10061/40930] 'CHEM2110 - University of Missouri': no usable link (cache)
[10062/40930] 'CHENG2225 - University of Missouri': no usable link (cache)
[10063/40930] 'CHINS1100 - University of Missouri': no usable link (cache)
[10064/40930] 'CMPSC2050 - University of Missouri': no usable link (cache)
[10065/40930] 'CMPSC3330 - University of Missouri': no usable link (cache)
[10066/40930] 'CMPSC4050 - University of Missouri': no usable link (cache)
[10067/40930] 'CMPSC4320 - University of Missouri': no usable link (cache)
[10068/40930] 'CMPSC8050 - University of Missouri': no usable link (cache)
[10069/40930] 'CS1050 - University of Missouri': no usable link (cache)
[10070/40930] 'CV3600 - University of Missouri': no usable link (cache)
[10071/40930] 'CVENG2200 - University of Missouri': no usable link (cache)
[10072/40930] 'CVENG3600 - University of Missouri': no usable link (cache)
[10073/40930] 'ECON1015 - University of Missouri': no usable link (cache)
[10074/40930] 'ECON3229 - University of Missouri': no usable link (cache)
[10075/40930] 'ECON4371 - University of Missouri': no usable link (cache)
[10076/40930] 'ENG1160 - University of Missouri': no usable link (cache)
[10077/40930] 'ABE311 - University of Montreal': no usable link (cache)
[10078/40930] 'AGRC111 - University of Montreal': no usable link (cache)
[10079/40930] 'AGRIC111 - University of Montreal': no usable link (cache)
[10080/40930] 'AREC315 - University of Montreal': no usable link (cache)
[10081/40930] 'AREC820 - University of Montreal': no usable link (cache)
[10082/40930] 'ARTH121 - University of Montreal': no usable link (cache)
[10083/40930] 'BCHEM200 - University of Montreal': no usable link (cache)
[10084/40930] 'BIO224 - University of Montreal': no usable link (cache)
[10085/40930] 'BIOC200 - University of Montreal': no usable link (cache)
[10086/40930] 'BIOCH200 - University of Montreal': no usable link (cache)
[10087/40930] 'BIOL224 - University of Montreal': no usable link (cache)
[10088/40930] 'BIOL226 - University of Montreal': no usable link (cache)
[10089/40930] 'BMIS340 - University of Montreal': no usable link (cache)
[10090/40930] 'BMSC207 - University of Montreal': no usable link (cache)
[10091/40930] 'BMSC208 - University of Montreal': no usable link (cache)
[10092/40930] 'BMSC220 - University of Montreal': no usable link (cache)
[10093/40930] 'CHE146 - University of Montreal': no usable link (cache)
[10094/40930] 'CHE423 - University of Montreal': no usable link (cache)
[10095/40930] 'CLAS104 - University of Montreal': no usable link (cache)
[10096/40930] 'CME332 - University of Montreal': no usable link (cache)
[10097/40930] 'CMPT111 - University of Montreal': no usable link (cache)
[10098/40930] 'CMPT115 - University of Montreal': no usable link (cache)
[10099/40930] 'CMPT141 - University of Montreal': no usable link (cache)
[10100/40930] 'CMPT260 - University of Montreal': no usable link (cache)
[10101/40930] 'CMRS110 - University of Montreal': no usable link (cache)
[10102/40930] 'COMM104 - University of Montreal': no usable link (cache)
[10103/40930] 'COMM119 - University of Montreal': no usable link (cache)
[10104/40930] 'COMM121 - University of Montreal': no usable link (cache)
[10105/40930] 'COMM210 - University of Montreal': no usable link (cache)
[10106/40930] 'COMM213 - University of Montreal': no usable link (cache)
[10107/40930] 'COMM304 - University of Montreal': no usable link (cache)
[10108/40930] 'COMM306 - University of Montreal': no usable link (cache)
[10109/40930] 'COMM329 - University of Montreal': no usable link (cache)
[10110/40930] 'COMM364 - University of Montreal': no usable link (cache)
[10111/40930] 'COMM368 - University of Montreal': no usable link (cache)
[10112/40930] 'COMM405 - University of Montreal': no usable link (cache)
[10113/40930] 'COMM433 - University of Montreal': no usable link (cache)
[10114/40930] 'CPPS302 - University of Montreal': no usable link (cache)
[10115/40930] 'DRAMA110 - University of Montreal': no usable link (cache)
[10116/40930] 'ECON254 - University of Montreal': no usable link (cache)
[10117/40930] 'ECON256 - University of Montreal': no usable link (cache)
[10118/40930] 'ECON277 - University of Montreal': no usable link (cache)
[10119/40930] 'ECUR163 - University of Montreal': no usable link (cache)
[10120/40930] 'ECUR312 - University of Montreal': no usable link (cache)
[10121/40930] 'ECUR320 - University of Montreal': no usable link (cache)
[10122/40930] 'ECUR362 - University of Montreal': no usable link (cache)
[10123/40930] 'EDFT265 - University of Montreal': no usable link (cache)
[10124/40930] 'EDFT301 - University of Montreal': no usable link (cache)
[10125/40930] 'EDFT313 - University of Montreal': no usable link (cache)
[10126/40930] 'EDFT411 - University of Montreal': no usable link (cache)
[10127/40930] 'EFDT101 - University of Montreal': no usable link (cache)
[10128/40930] 'ENG254 - University of Montreal': no usable link (cache)
[10129/40930] 'ACTS430 - University of Nebraska-Lincoln': no usable link (cache)
[10130/40930] 'ACTS473 - University of Nebraska-Lincoln': no usable link (cache)
[10131/40930] 'ARCH232 - University of Nebraska-Lincoln': no usable link (cache)
[10132/40930] 'ARCH241 - University of Nebraska-Lincoln': no usable link (cache)
[10133/40930] 'ARCH262 - University of Nebraska-Lincoln': no usable link (cache)
[10134/40930] 'ARTP160 - University of Nebraska-Lincoln': no usable link (cache)
[10135/40930] 'ARTP189H - University of Nebraska-Lincoln': no usable link (cache)
[10136/40930] 'BIOS111 - University of Nebraska-Lincoln': no usable link (cache)
[10137/40930] 'BIOS312 - University of Nebraska-Lincoln': no usable link (cache)
[10138/40930] 'BIOS314 - University of Nebraska-Lincoln': no usable link (cache)
[10139/40930] 'BIOS443 - University of Nebraska-Lincoln': no usable link (cache)
[10140/40930] 'BLAW377 - University of Nebraska-Lincoln': no usable link (cache)
[10141/40930] 'BSAD320 - University of Nebraska-Lincoln': no usable link (cache)
[10142/40930] 'BSAD420 - University of Nebraska-Lincoln': no usable link (cache)
[10143/40930] 'BSEN100 - University of Nebraska-Lincoln': no usable link (cache)
[10144/40930] 'BSEN317 - University of Nebraska-Lincoln': no usable link (cache)
[10145/40930] 'CHEM264 - University of Nebraska-Lincoln': no usable link (cache)
[10146/40930] 'CIVE321 - University of Nebraska-Lincoln': no usable link (cache)
[10147/40930] 'CIVE425 - University of Nebraska-Lincoln': no usable link (cache)
[10148/40930] 'CIVE440 - University of Nebraska-Lincoln': no usable link (cache)
[10149/40930] 'CSCE155A - University of Nebraska-Lincoln': no usable link (cache)
[10150/40930] 'CSCE155N - University of Nebraska-Lincoln': no usable link (cache)
[10151/40930] 'CSCE231 - University of Nebraska-Lincoln': no usable link (cache)
[10152/40930] 'CSCE310 - University of Nebraska-Lincoln': no usable link (cache)
[10153/40930] 'CSCE378 - University of Nebraska-Lincoln': no usable link (cache)
[10154/40930] 'CSCE428 - University of Nebraska-Lincoln': no usable link (cache)
[10155/40930] 'CSCE461 - University of Nebraska-Lincoln': no usable link (cache)
[10156/40930] 'CSCE466 - University of Nebraska-Lincoln': no usable link (cache)
[10157/40930] 'CSCE469 - University of Nebraska-Lincoln': no usable link (cache)
[10158/40930] 'CSCE477 - University of Nebraska-Lincoln': no usable link (cache)
[10159/40930] 'CYAF160 - University of Nebraska-Lincoln': no usable link (cache)
[10160/40930] 'CYAF471 - University of Nebraska-Lincoln': no usable link (cache)
[10161/40930] 'DGN111 - University of Nebraska-Lincoln': no usable link (cache)
[10162/40930] 'DSGN111 - University of Nebraska-Lincoln': no usable link (cache)
[10163/40930] 'ECEN102 - University of Nebraska-Lincoln': no usable link (cache)
[10164/40930] 'ECEN211 - University of Nebraska-Lincoln': no usable link (cache)
[10165/40930] 'ECEN215 - University of Nebraska-Lincoln': no usable link (cache)
[10166/40930] 'ECEN216 - University of Nebraska-Lincoln': no usable link (cache)
[10167/40930] 'ECEN436 - University of Nebraska-Lincoln': no usable link (cache)
[10168/40930] 'ECON482 - University of Nebraska-Lincoln': no usable link (cache)
[10169/40930] 'ELEC370 - University of Nebraska-Lincoln': no usable link (cache)
[10170/40930] 'ENGL230A - University of Nebraska-Lincoln': no usable link (cache)
[10171/40930] 'ACC410 - University of Nevada, Las Vegas': no usable link (cache)
[10172/40930] 'ACC473 - University of Nevada, Las Vegas': no usable link (cache)
[10173/40930] 'ACC701 - University of Nevada, Las Vegas': no usable link (cache)
[10174/40930] 'BIO196 - University of Nevada, Las Vegas': no usable link (cache)
[10175/40930] 'BIO196L - University of Nevada, Las Vegas': no usable link (cache)
[10176/40930] 'BIO197 - University of Nevada, Las Vegas': no usable link (cache)
[10177/40930] 'BIOL189 - University of Nevada, Las Vegas': no usable link (cache)
[10178/40930] 'BIOL191A - University of Nevada, Las Vegas': no usable link (cache)
[10179/40930] 'BIOL196 - University of Nevada, Las Vegas': no usable link (cache)
[10180/40930] 'BIOL197 - University of Nevada, Las Vegas': no usable link (cache)
[10181/40930] 'BIOL453 - University of Nevada, Las Vegas': no usable link (cache)
[10182/40930] 'BLW302 - University of Nevada, Las Vegas': no usable link (cache)
[10183/40930] 'CEE250 - University of Nevada, Las Vegas': no usable link (cache)
[10184/40930] 'CEM480 - University of Nevada, Las Vegas': no usable link (cache)
[10185/40930] 'CFT350 - University of Nevada, Las Vegas': no usable link (cache)
[10186/40930] 'CFT370 - University of Nevada, Las Vegas': no usable link (cache)
[10187/40930] 'CHEM121A - University of Nevada, Las Vegas': no usable link (cache)
[10188/40930] 'CHEM122A - University of Nevada, Las Vegas': no usable link (cache)
[10189/40930] 'CHEM355L - University of Nevada, Las Vegas': no usable link (cache)
[10190/40930] 'CHEM474 - University of Nevada, Las Vegas': no usable link (cache)
[10191/40930] 'CHI113 - University of Nevada, Las Vegas': no usable link (cache)
[10192/40930] 'CMI376 - University of Nevada, Las Vegas': no usable link (cache)
[10193/40930] 'COE202 - University of Nevada, Las Vegas': no usable link (cache)
[10194/40930] 'COLA100LA - University of Nevada, Las Vegas': no usable link (cache)
[10195/40930] 'CRJ104 - University of Nevada, Las Vegas': no usable link (cache)
[10196/40930] 'ECO190 - University of Nevada, Las Vegas': no usable link (cache)
[10197/40930] 'EDH626 - University of Nevada, Las Vegas': no usable link (cache)
[10198/40930] 'ENG401A - University of Nevada, Las Vegas': no usable link (cache)
[10199/40930] 'ENG407A - University of Nevada, Las Vegas': no usable link (cache)
[10200/40930] 'ENG407B - University of Nevada, Las Vegas': no usable link (cache)
[10201/40930] 'ENG411B - University of Nevada, Las Vegas': no usable link (cache)
[10202/40930] 'ENG426B - University of Nevada, Las Vegas': no usable link (cache)
[10203/40930] 'ENG705 - University of Nevada, Las Vegas': no usable link (cache)
[10204/40930] 'ENG98 - University of Nevada, Las Vegas': no usable link (cache)
[10205/40930] 'ACFI702 - University of New Hampshire': no usable link (cache)
[10206/40930] 'ADM570 - University of New Hampshire': no usable link (cache)
[10207/40930] 'ADMN401 - University of New Hampshire': no usable link (cache)
[10208/40930] 'ADMN503 - University of New Hampshire': no usable link (cache)
[10209/40930] 'ADMN570 - University of New Hampshire': no usable link (cache)
[10210/40930] 'ADMN575 - University of New Hampshire': no usable link (cache)
[10211/40930] 'ADMN580 - University of New Hampshire': no usable link (cache)
[10212/40930] 'ANSC421 - University of New Hampshire': no usable link (cache)
[10213/40930] 'BI0411 - University of New Hampshire': no usable link (cache)
[10214/40930] 'BIO411H - University of New Hampshire': no usable link (cache)
[10215/40930] 'BIOL541 - University of New Hampshire': no usable link (cache)
[10216/40930] 'BIOT866 - University of New Hampshire': no usable link (cache)
[10217/40930] 'BMCB658 - University of New Hampshire': no usable link (cache)
[10218/40930] 'BMS407 - University of New Hampshire': no usable link (cache)
[10219/40930] 'BMS501 - University of New Hampshire': no usable link (cache)
[10220/40930] 'BMS503 - University of New Hampshire': no usable link (cache)
[10221/40930] 'BMS705 - University of New Hampshire': no usable link (cache)
[10222/40930] 'CEE778 - University of New Hampshire': no usable link (cache)
[10223/40930] 'CHE603 - University of New Hampshire': no usable link (cache)
[10224/40930] 'CHEM545 - University of New Hampshire': no usable link (cache)
[10225/40930] 'CHEM546 - University of New Hampshire': no usable link (cache)
[10226/40930] 'CHEM651 - University of New Hampshire': no usable link (cache)
[10227/40930] 'CMN01 - University of New Hampshire': no usable link (cache)
[10228/40930] 'CMN455 - University of New Hampshire': no usable link (cache)
[10229/40930] 'CMN456 - University of New Hampshire': no usable link (cache)
[10230/40930] 'CMN504 - University of New Hampshire': no usable link (cache)
[10231/40930] 'CMN525 - University of New Hampshire': no usable link (cache)
[10232/40930] 'CMN535 - University of New Hampshire': no usable link (cache)
[10233/40930] 'CMN545 - University of New Hampshire': no usable link (cache)
[10234/40930] 'CMN572 - University of New Hampshire': no usable link (cache)
[10235/40930] 'CMN596 - University of New Hampshire': no usable link (cache)
[10236/40930] 'CMN670 - University of New Hampshire': no usable link (cache)
[10237/40930] 'CMN696 - University of New Hampshire': no usable link (cache)
[10238/40930] 'CMN772 - University of New Hampshire': no usable link (cache)
[10239/40930] 'CRIM401 - University of New Hampshire': no usable link (cache)
[10240/40930] 'ECE548 - University of New Hampshire': no usable link (cache)
[10241/40930] 'ECE617 - University of New Hampshire': no usable link (cache)
[10242/40930] 'ECE647 - University of New Hampshire': no usable link (cache)
[10243/40930] 'ECON726 - University of New Hampshire': no usable link (cache)
[10244/40930] 'ENGL502 - University of New Hampshire': no usable link (cache)
[10245/40930] 'ENGL581 - University of New Hampshire' (cache): SAVED top 1 -> https://tedunderwood.com/2012/01/28/syllabus-engl581-digital-tools-and-critical-theory/
[10246/40930] 'ENGL622 - University of New Hampshire' (cache): SAVED top 1 -> https://unh.youscheduler.com/
[10247/40930] 'ENGL623 - University of New Hampshire' (cache): SAVED top 1 -> https://unh.youscheduler.com/
[10248/40930] 'ENGL650R - University of New Hampshire': no usable link (cache)
[10249/40930] 'AMST182 - University of New Mexico': no usable link (cache)
[10250/40930] 'ANTH497 - University of New Mexico': no usable link (cache)
[10251/40930] 'ARTH351 - University of New Mexico': no usable link (cache)
[10252/40930] 'BIO110L - University of New Mexico': no usable link (cache)
[10253/40930] 'BIO1140L - University of New Mexico': no usable link (cache)
[10254/40930] 'BIO2101 - University of New Mexico': no usable link (cache)
[10255/40930] 'BIO2110C - University of New Mexico': no usable link (cache)
[10256/40930] 'BIOL2110C - University of New Mexico': no usable link (cache)
[10257/40930] 'BIOL2410C - University of New Mexico': no usable link (cache)
[10258/40930] 'BIOL302C - University of New Mexico': no usable link (cache)
[10259/40930] 'CHEM303L - University of New Mexico': no usable link (cache)
[10260/40930] 'CJ314 - University of New Mexico': no usable link (cache)
[10261/40930] 'CJ318 - University of New Mexico': no usable link (cache)
[10262/40930] 'CLST1110 - University of New Mexico': no usable link (cache)
[10263/40930] 'CLST205 - University of New Mexico': no usable link (cache)
[10264/40930] 'COMMS1145 - University of New Mexico': no usable link (cache)
[10265/40930] 'CRP181 - University of New Mexico': no usable link (cache)
[10266/40930] 'CRP265 - University of New Mexico': no usable link (cache)
[10267/40930] 'CS251L - University of New Mexico': no usable link (cache)
[10268/40930] 'ENG130L - University of New Mexico': no usable link (cache)
[10269/40930] 'ENG2660 - University of New Mexico': no usable link (cache)
[10270/40930] 'AAAD101 - University of North Carolina at Chapel Hill': no usable link (cache)
[10271/40930] 'AAAD318 - University of North Carolina at Chapel Hill': no usable link (cache)
[10272/40930] 'AAAD320 - University of North Carolina at Chapel Hill': no usable link (cache)
[10273/40930] 'AAAD53 - University of North Carolina at Chapel Hill': no usable link (cache)
[10274/40930] 'AISA235 - University of North Carolina at Chapel Hill': no usable link (cache)
[10275/40930] 'ANTH121 - University of North Carolina at Chapel Hill': no usable link (cache)
[10276/40930] 'ANTH290 - University of North Carolina at Chapel Hill': no usable link (cache)
[10277/40930] 'ANTH89 - University of North Carolina at Chapel Hill': no usable link (cache)
[10278/40930] 'APPL101 - University of North Carolina at Chapel Hill': no usable link (cache)
[10279/40930] 'APPL110 - University of North Carolina at Chapel Hill': no usable link (cache)
[10280/40930] 'ARTH159 - University of North Carolina at Chapel Hill': no usable link (cache)
[10281/40930] 'ARTH285H - University of North Carolina at Chapel Hill': no usable link (cache)
[10282/40930] 'ARTS104 - University of North Carolina at Chapel Hill': no usable link (cache)
[10283/40930] 'ASIA152 - University of North Carolina at Chapel Hill': no usable link (cache)
[10284/40930] 'ASIA235 - University of North Carolina at Chapel Hill': no usable link (cache)
[10285/40930] 'ASIA261 - University of North Carolina at Chapel Hill': no usable link (cache)
[10286/40930] 'ASIA262 - University of North Carolina at Chapel Hill': no usable link (cache)
[10287/40930] 'ASIA358 - University of North Carolina at Chapel Hill': no usable link (cache)
[10288/40930] 'ASIA65 - University of North Carolina at Chapel Hill': no usable link (cache)
[10289/40930] 'ASTR103 - University of North Carolina at Chapel Hill': no usable link (cache)
[10290/40930] 'BIO202H - University of North Carolina at Chapel Hill': no usable link (cache)
[10291/40930] 'BIO252 - University of North Carolina at Chapel Hill': no usable link (cache)
[10292/40930] 'BIO89 - University of North Carolina at Chapel Hill': no usable link (cache)
[10293/40930] 'BIOL202H - University of North Carolina at Chapel Hill': no usable link (cache)
[10294/40930] 'BIOL205 - University of North Carolina at Chapel Hill': no usable link (cache)
[10295/40930] 'BIOL220 - University of North Carolina at Chapel Hill': no usable link (cache)
[10296/40930] 'BIOL220H - University of North Carolina at Chapel Hill': no usable link (cache)
[10297/40930] 'BIOL227 - University of North Carolina at Chapel Hill': no usable link (cache)
[10298/40930] 'BIOL252 - University of North Carolina at Chapel Hill': no usable link (cache)
[10299/40930] 'BIOL253 - University of North Carolina at Chapel Hill': no usable link (cache)
[10300/40930] 'BIOL422 - University of North Carolina at Chapel Hill': no usable link (cache)
[10301/40930] 'BIOL439 - University of North Carolina at Chapel Hill': no usable link (cache)
[10302/40930] 'BIOL448 - University of North Carolina at Chapel Hill': no usable link (cache)
[10303/40930] 'BIOL490 - University of North Carolina at Chapel Hill': no usable link (cache)
[10304/40930] 'BIOL514H - University of North Carolina at Chapel Hill': no usable link (cache)
[10305/40930] 'BIOL89 - University of North Carolina at Chapel Hill': no usable link (cache)
[10306/40930] 'BMME302 - University of North Carolina at Chapel Hill': no usable link (cache)
[10307/40930] 'BUSI401 - University of North Carolina at Chapel Hill': no usable link (cache)
[10308/40930] 'BUSI403 - University of North Carolina at Chapel Hill': no usable link (cache)
[10309/40930] 'BUSI405 - University of North Carolina at Chapel Hill': no usable link (cache)
[10310/40930] 'BUSI411 - University of North Carolina at Chapel Hill': no usable link (cache)
[10311/40930] 'BUSI523 - University of North Carolina at Chapel Hill': no usable link (cache)
[10312/40930] 'CHEM102H - University of North Carolina at Chapel Hill': no usable link (cache)
[10313/40930] 'CHEM241H - University of North Carolina at Chapel Hill': no usable link (cache)
[10314/40930] 'CHEM241L - University of North Carolina at Chapel Hill': no usable link (cache)
[10315/40930] 'CHEM41 - University of North Carolina at Chapel Hill': no usable link (cache)
[10316/40930] 'CHEM430 - University of North Carolina at Chapel Hill': no usable link (cache)
[10317/40930] 'CHEM480 - University of North Carolina at Chapel Hill': no usable link (cache)
[10318/40930] 'CHIN238 - University of North Carolina at Chapel Hill': no usable link (cache)
[10319/40930] 'CHIN252 - University of North Carolina at Chapel Hill': no usable link (cache)
[10320/40930] 'CHIN253 - University of North Carolina at Chapel Hill': no usable link (cache)
[10321/40930] 'CHIN346 - University of North Carolina at Chapel Hill': no usable link (cache)
[10322/40930] 'CLAR120 - University of North Carolina at Chapel Hill': no usable link (cache)
[10323/40930] 'CMPL120 - University of North Carolina at Chapel Hill': no usable link (cache)
[10324/40930] 'CMPL121 - University of North Carolina at Chapel Hill': no usable link (cache)
[10325/40930] 'CMPL374 - University of North Carolina at Chapel Hill': no usable link (cache)
[10326/40930] 'CMPL89 - University of North Carolina at Chapel Hill': no usable link (cache)
[10327/40930] 'COMM171 - University of North Carolina at Chapel Hill': no usable link (cache)
[10328/40930] 'COMM312 - University of North Carolina at Chapel Hill': no usable link (cache)
[10329/40930] 'COMM348 - University of North Carolina at Chapel Hill': no usable link (cache)
[10330/40930] 'COMM490 - University of North Carolina at Chapel Hill': no usable link (cache)
[10331/40930] 'COMP283 - University of North Carolina at Chapel Hill': no usable link (cache)
[10332/40930] 'DATA120 - University of North Carolina at Chapel Hill': no usable link (cache)
[10333/40930] 'DRAM015 - University of North Carolina at Chapel Hill': no usable link (cache)
[10334/40930] 'DRAM081H - University of North Carolina at Chapel Hill': no usable link (cache)
[10335/40930] 'DRAM15 - University of North Carolina at Chapel Hill': no usable link (cache)
[10336/40930] 'DRAM151 - University of North Carolina at Chapel Hill': no usable link (cache)
[10337/40930] 'DRAM292 - University of North Carolina at Chapel Hill': no usable link (cache)
[10338/40930] 'DRAM81H - University of North Carolina at Chapel Hill': no usable link (cache)
[10339/40930] 'DRAMA115 - University of North Carolina at Chapel Hill': no usable link (cache)
[10340/40930] 'DRAMA15 - University of North Carolina at Chapel Hill': no usable link (cache)
[10341/40930] 'ECON420H - University of North Carolina at Chapel Hill': no usable link (cache)
[10342/40930] 'ECON440 - University of North Carolina at Chapel Hill': no usable link (cache)
[10343/40930] 'ECON511 - University of North Carolina at Chapel Hill': no usable link (cache)
[10344/40930] 'ECON552 - University of North Carolina at Chapel Hill': no usable link (cache)
[10345/40930] 'EDUC140 - University of North Carolina at Chapel Hill': no usable link (cache)
[10346/40930] 'EDUC181 - University of North Carolina at Chapel Hill': no usable link (cache)
[10347/40930] 'EDUC375 - University of North Carolina at Chapel Hill': no usable link (cache)
[10348/40930] 'EDUC403 - University of North Carolina at Chapel Hill': no usable link (cache)
[10349/40930] 'EDUC41 - University of North Carolina at Chapel Hill': no usable link (cache)
[10350/40930] 'EDUC441 - University of North Carolina at Chapel Hill': no usable link (cache)
[10351/40930] 'EDUC505 - University of North Carolina at Chapel Hill': no usable link (cache)
[10352/40930] 'EDUC508 - University of North Carolina at Chapel Hill': no usable link (cache)
[10353/40930] 'EDUC532 - University of North Carolina at Chapel Hill': no usable link (cache)
[10354/40930] 'EDUC583 - University of North Carolina at Chapel Hill': no usable link (cache)
[10355/40930] 'EDUC615 - University of North Carolina at Chapel Hill': no usable link (cache)
[10356/40930] 'EMES103 - University of North Carolina at Chapel Hill': no usable link (cache)
[10357/40930] 'EMES442 - University of North Carolina at Chapel Hill': no usable link (cache)
[10358/40930] 'ENEC380 - University of North Carolina at Chapel Hill': no usable link (cache)
[10359/40930] 'ENG066 - University of North Carolina at Chapel Hill': no usable link (cache)
[10360/40930] 'ENGL087 - University of North Carolina at Chapel Hill': no usable link (cache)
[10361/40930] 'ENGL117 - University of North Carolina at Chapel Hill': no usable link (cache)
[10362/40930] 'ENGL133H - University of North Carolina at Chapel Hill': no usable link (cache)
[10363/40930] 'ENGL143 - University of North Carolina at Chapel Hill': no usable link (cache)
[10364/40930] 'ENGL437 - University of North Carolina at Chapel Hill': no usable link (cache)
[10365/40930] 'ENGL66 - University of North Carolina at Chapel Hill': no usable link (cache)
[10366/40930] 'ENGL87 - University of North Carolina at Chapel Hill': no usable link (cache)
[10367/40930] 'ENGL89 - University of North Carolina at Chapel Hill': no usable link (cache)
[10368/40930] 'ACCCT2122 - University of North Carolina at Charlotte': no usable link (cache)
[10369/40930] 'ACCT2121 - University of North Carolina at Charlotte': no usable link (cache)
[10370/40930] 'AFRS3270 - University of North Carolina at Charlotte': no usable link (cache)
[10371/40930] 'AMST3090 - University of North Carolina at Charlotte': no usable link (cache)
[10372/40930] 'ANTH1501 - University of North Carolina at Charlotte': no usable link (cache)
[10373/40930] 'ANTH2122 - University of North Carolina at Charlotte': no usable link (cache)
[10374/40930] 'ANTH3101 - University of North Carolina at Charlotte': no usable link (cache)
[10375/40930] 'ANTH3127 - University of North Carolina at Charlotte': no usable link (cache)
[10376/40930] 'ANTH3222 - University of North Carolina at Charlotte': no usable link (cache)
[10377/40930] 'ARBC1202 - University of North Carolina at Charlotte': no usable link (cache)
[10378/40930] 'ARBC3051 - University of North Carolina at Charlotte': no usable link (cache)
[10379/40930] 'ARTA1211 - University of North Carolina at Charlotte': no usable link (cache)
[10380/40930] 'ARTA1212 - University of North Carolina at Charlotte': no usable link (cache)
[10381/40930] 'ARTH1201 - University of North Carolina at Charlotte': no usable link (cache)
[10382/40930] 'ARTH1211 - University of North Carolina at Charlotte': no usable link (cache)
[10383/40930] 'ARTH1212 - University of North Carolina at Charlotte': no usable link (cache)
[10384/40930] 'ARTH2140 - University of North Carolina at Charlotte': no usable link (cache)
[10385/40930] 'ARTH2614 - University of North Carolina at Charlotte': no usable link (cache)
[10386/40930] 'ARTH3001 - University of North Carolina at Charlotte': no usable link (cache)
[10387/40930] 'ARTH3351 - University of North Carolina at Charlotte': no usable link (cache)
[10388/40930] 'ARTH3360 - University of North Carolina at Charlotte': no usable link (cache)
[10389/40930] 'BINF6210 - University of North Carolina at Charlotte': no usable link (cache)
[10390/40930] 'BIO2130 - University of North Carolina at Charlotte': no usable link (cache)
[10391/40930] 'BIO2259 - University of North Carolina at Charlotte': no usable link (cache)
[10392/40930] 'BIO3111 - University of North Carolina at Charlotte': no usable link (cache)
[10393/40930] 'BIO3144 - University of North Carolina at Charlotte': no usable link (cache)
[10394/40930] 'BIO3161 - University of North Carolina at Charlotte': no usable link (cache)
[10395/40930] 'BIO3166 - University of North Carolina at Charlotte': no usable link (cache)
[10396/40930] 'BIO4250 - University of North Carolina at Charlotte': no usable link (cache)
[10397/40930] 'BIO4251 - University of North Carolina at Charlotte': no usable link (cache)
[10398/40930] 'BIOL2120L - University of North Carolina at Charlotte': no usable link (cache)
[10399/40930] 'BIOL2130 - University of North Carolina at Charlotte': no usable link (cache)
[10400/40930] 'BIOL2140 - University of North Carolina at Charlotte': no usable link (cache)
[10401/40930] 'BIOL2259 - University of North Carolina at Charlotte': no usable link (cache)
[10402/40930] 'BIOL2273L - University of North Carolina at Charlotte': no usable link (cache)
[10403/40930] 'BIOL3111 - University of North Carolina at Charlotte': no usable link (cache)
[10404/40930] 'BIOL3144 - University of North Carolina at Charlotte': no usable link (cache)
[10405/40930] 'BIOL3161 - University of North Carolina at Charlotte': no usable link (cache)
[10406/40930] 'BIOL3166 - University of North Carolina at Charlotte': no usable link (cache)
[10407/40930] 'BIOL4111 - University of North Carolina at Charlotte': no usable link (cache)
[10408/40930] 'BIOL4167 - University of North Carolina at Charlotte': no usable link (cache)
[10409/40930] 'BIOL4251 - University of North Carolina at Charlotte': no usable link (cache)
[10410/40930] 'CEGR3143 - University of North Carolina at Charlotte': no usable link (cache)
[10411/40930] 'CEGR3155 - University of North Carolina at Charlotte': no usable link (cache)
[10412/40930] 'CEGR4090 - University of North Carolina at Charlotte': no usable link (cache)
[10413/40930] 'CEGR4144 - University of North Carolina at Charlotte': no usable link (cache)
[10414/40930] 'CEGR4146 - University of North Carolina at Charlotte': no usable link (cache)
[10415/40930] 'CHEM1204 - University of North Carolina at Charlotte': no usable link (cache)
[10416/40930] 'CHEM1251 - University of North Carolina at Charlotte': no usable link (cache)
[10417/40930] 'CHEM1252 - University of North Carolina at Charlotte': no usable link (cache)
[10418/40930] 'CHEM2132 - University of North Carolina at Charlotte': no usable link (cache)
[10419/40930] 'CHESS300 - University of North Carolina at Charlotte': no usable link (cache)
[10420/40930] 'CHNS1201 - University of North Carolina at Charlotte': no usable link (cache)
[10421/40930] 'CJUS1101 - University of North Carolina at Charlotte': no usable link (cache)
[10422/40930] 'CJUS1511 - University of North Carolina at Charlotte': no usable link (cache)
[10423/40930] 'CJUS2360 - University of North Carolina at Charlotte': no usable link (cache)
[10424/40930] 'CJUS2380 - University of North Carolina at Charlotte': no usable link (cache)
[10425/40930] 'CJUS3380 - University of North Carolina at Charlotte': no usable link (cache)
[10426/40930] 'CMET2135 - University of North Carolina at Charlotte': no usable link (cache)
[10427/40930] 'CMET3224 - University of North Carolina at Charlotte': no usable link (cache)
[10428/40930] 'COM3101 - University of North Carolina at Charlotte': no usable link (cache)
[10429/40930] 'COM3160 - University of North Carolina at Charlotte': no usable link (cache)
[10430/40930] 'COMM3051 - University of North Carolina at Charlotte': no usable link (cache)
[10431/40930] 'DANC1502 - University of North Carolina at Charlotte': no usable link (cache)
[10432/40930] 'ECGR2111 - University of North Carolina at Charlotte': no usable link (cache)
[10433/40930] 'ECGR2112 - University of North Carolina at Charlotte': no usable link (cache)
[10434/40930] 'ECGR2254 - University of North Carolina at Charlotte': no usable link (cache)
[10435/40930] 'ECON2021 - University of North Carolina at Charlotte': no usable link (cache)
[10436/40930] 'ECON3125 - University of North Carolina at Charlotte': no usable link (cache)
[10437/40930] 'ECSI1101 - University of North Carolina at Charlotte': no usable link (cache)
[10438/40930] 'EDUC1511 - University of North Carolina at Charlotte': no usable link (cache)
[10439/40930] 'EDUC5100 - University of North Carolina at Charlotte': no usable link (cache)
[10440/40930] 'ELED3221 - University of North Carolina at Charlotte': no usable link (cache)
[10441/40930] 'ACCT3720 - University of North Texas': no usable link (cache)
[10442/40930] 'ACCT5270 - University of North Texas': no usable link (cache)
[10443/40930] 'ACCT5440 - University of North Texas': no usable link (cache)
[10444/40930] 'ADVG3110 - University of North Texas': no usable link (cache)
[10445/40930] 'AEAH4848 - University of North Texas': no usable link (cache)
[10446/40930] 'ARTH4841 - University of North Texas': no usable link (cache)
[10447/40930] 'BCIS2610 - University of North Texas': no usable link (cache)
[10448/40930] 'BCIS3610 - University of North Texas': no usable link (cache)
[10449/40930] 'BCIS4342 - University of North Texas': no usable link (cache)
[10450/40930] 'BCIS4379 - University of North Texas': no usable link (cache)
[10451/40930] 'BIO1710 - University of North Texas': no usable link (cache)
[10452/40930] 'BIO1720 - University of North Texas': no usable link (cache)
[10453/40930] 'BIO1760 - University of North Texas': no usable link (cache)
[10454/40930] 'BIOL1112 - University of North Texas': no usable link (cache)
[10455/40930] 'BIOL1710 - University of North Texas': no usable link (cache)
[10456/40930] 'BIOL1720 - University of North Texas': no usable link (cache)
[10457/40930] 'BIOL1740 - University of North Texas': no usable link (cache)
[10458/40930] 'BIOL1760 - University of North Texas': no usable link (cache)
[10459/40930] 'BIOL2302 - University of North Texas': no usable link (cache)
[10460/40930] 'BIOL2312 - University of North Texas': no usable link (cache)
[10461/40930] 'BIOL3452 - University of North Texas': no usable link (cache)
[10462/40930] 'BIOL3810 - University of North Texas': no usable link (cache)
[10463/40930] 'BIOL4092 - University of North Texas': no usable link (cache)
[10464/40930] 'BLAW3403 - University of North Texas': no usable link (cache)
[10465/40930] 'BLAW3430 - University of North Texas': no usable link (cache)
[10466/40930] 'BMEN1300 - University of North Texas': no usable link (cache)
[10467/40930] 'BMEN2320 - University of North Texas': no usable link (cache)
[10468/40930] 'BUSI1200 - University of North Texas': no usable link (cache)
[10469/40930] 'BUSI3660 - University of North Texas': no usable link (cache)
[10470/40930] 'CHEM1430 - University of North Texas': no usable link (cache)
[10471/40930] 'CHEM4631 - University of North Texas': no usable link (cache)
[10472/40930] 'CJUS3500 - University of North Texas': no usable link (cache)
[10473/40930] 'COUN2610 - University of North Texas': no usable link (cache)
[10474/40930] 'CSCE1030 - University of North Texas': no usable link (cache)
[10475/40930] 'CSCE2100 - University of North Texas': no usable link (cache)
[10476/40930] 'CSCE3530 - University of North Texas': no usable link (cache)
[10477/40930] 'CSCE3600 - University of North Texas': no usable link (cache)
[10478/40930] 'CSCE4010 - University of North Texas': no usable link (cache)
[10479/40930] 'CSCE4210 - University of North Texas': no usable link (cache)
[10480/40930] 'CSCE4901 - University of North Texas': no usable link (cache)
[10481/40930] 'CSCE5150 - University of North Texas': no usable link (cache)
[10482/40930] 'CSCE5200 - University of North Texas': no usable link (cache)
[10483/40930] 'CSCE5210 - University of North Texas': no usable link (cache)
[10484/40930] 'CSCE5290 - University of North Texas': no usable link (cache)
[10485/40930] 'DCIS3710 - University of North Texas': no usable link (cache)
[10486/40930] 'DCSI3710 - University of North Texas': no usable link (cache)
[10487/40930] 'DSCI2710 - University of North Texas': no usable link (cache)
[10488/40930] 'DSCI4330 - University of North Texas': no usable link (cache)
[10489/40930] 'DSCI4700 - University of North Texas': no usable link (cache)
[10490/40930] 'DSCI5240 - University of North Texas': no usable link (cache)
[10491/40930] 'DSCI5330 - University of North Texas': no usable link (cache)
[10492/40930] 'DSCI5420 - University of North Texas': no usable link (cache)
[10493/40930] 'ECON3550 - University of North Texas': no usable link (cache)
[10494/40930] 'ECON4140 - University of North Texas': no usable link (cache)
[10495/40930] 'ECON4440 - University of North Texas': no usable link (cache)
[10496/40930] 'EDBE3050 - University of North Texas': no usable link (cache)
[10497/40930] 'EDSP4330 - University of North Texas': no usable link (cache)
[10498/40930] 'EDSP5740 - University of North Texas': no usable link (cache)
[10499/40930] 'EE2710 - University of North Texas': no usable link (cache)
[10500/40930] 'EENG2610 - University of North Texas': no usable link (cache)
[10501/40930] 'EENG2620 - University of North Texas': no usable link (cache)
[10502/40930] 'ENG3430 - University of North Texas': no usable link (cache)
[10503/40930] 'ENGL1320 - University of North Texas': no usable link (cache)
[10504/40930] 'ENGL3450 - University of North Texas': no usable link (cache)
[10505/40930] 'ENGL4430 - University of North Texas': no usable link (cache)
[10506/40930] 'ACCT30110 - University of Notre Dame': no usable link (cache)
[10507/40930] 'ACCT70571 - University of Notre Dame': no usable link (cache)
[10508/40930] 'ACMS10140 - University of Notre Dame': no usable link (cache)
[10509/40930] 'ACMS10145 - University of Notre Dame': no usable link (cache)
[10510/40930] 'ACMS10560 - University of Notre Dame': no usable link (cache)
[10511/40930] 'ACMS30440 - University of Notre Dame': no usable link (cache)
[10512/40930] 'ALHN13195 - University of Notre Dame': no usable link (cache)
[10513/40930] 'AME20216 - University of Notre Dame': no usable link (cache)
[10514/40930] 'AMST10100 - University of Notre Dame': no usable link (cache)
[10515/40930] 'ANTH20202 - University of Notre Dame': no usable link (cache)
[10516/40930] 'ARHI13182 - University of Notre Dame': no usable link (cache)
[10517/40930] 'BES30795 - University of Notre Dame': no usable link (cache)
[10518/40930] 'BIO10115 - University of Notre Dame': no usable link (cache)
[10519/40930] 'BIO10171 - University of Notre Dame': no usable link (cache)
[10520/40930] 'BIOS10115 - University of Notre Dame': no usable link (cache)
[10521/40930] 'BIOS10169 - University of Notre Dame': no usable link (cache)
[10522/40930] 'BIOS10170 - University of Notre Dame': no usable link (cache)
[10523/40930] 'BIOS10171 - University of Notre Dame': no usable link (cache)
[10524/40930] 'BIOS11174 - University of Notre Dame': no usable link (cache)
[10525/40930] 'BIOS20241 - University of Notre Dame': no usable link (cache)
[10526/40930] 'BIOS30401 - University of Notre Dame': no usable link (cache)
[10527/40930] 'BIOS40310 - University of Notre Dame': no usable link (cache)
[10528/40930] 'CE30460 - University of Notre Dame': no usable link (cache)
[10529/40930] 'CHEM10171 - University of Notre Dame': no usable link (cache)
[10530/40930] 'CHEM10172 - University of Notre Dame': no usable link (cache)
[10531/40930] 'CHEM10181 - University of Notre Dame': no usable link (cache)
[10532/40930] 'CHEM10182 - University of Notre Dame': no usable link (cache)
[10533/40930] 'CHEM11171 - University of Notre Dame': no usable link (cache)
[10534/40930] 'CHEM172 - University of Notre Dame': no usable link (cache)
[10535/40930] 'CHEM20274 - University of Notre Dame': no usable link (cache)
[10536/40930] 'CHEM21274 - University of Notre Dame': no usable link (cache)
[10537/40930] 'CSE10101 - University of Notre Dame': no usable link (cache)
[10538/40930] 'CSE20221 - University of Notre Dame': no usable link (cache)
[10539/40930] 'CSE40793 - University of Notre Dame': no usable link (cache)
[10540/40930] 'DESN20203 - University of Notre Dame': no usable link (cache)
[10541/40930] 'EALC10111 - University of Notre Dame': no usable link (cache)
[10542/40930] 'ECON10010 - University of Notre Dame': no usable link (cache)
[10543/40930] 'ECON10011 - University of Notre Dame': no usable link (cache)
[10544/40930] 'ECON10020 - University of Notre Dame': no usable link (cache)
[10545/40930] 'ECON20010 - University of Notre Dame': no usable link (cache)
[10546/40930] 'ECON30010 - University of Notre Dame': no usable link (cache)
[10547/40930] 'ECON30020 - University of Notre Dame': no usable link (cache)
[10548/40930] 'ECON30340 - University of Notre Dame': no usable link (cache)
[10549/40930] 'ECON30400 - University of Notre Dame': no usable link (cache)
[10550/40930] 'EG10118 - University of Notre Dame': no usable link (cache)
[10551/40930] 'ENGL13186 - University of Notre Dame': no usable link (cache)
[10552/40930] 'ENGL20960 - University of Notre Dame': no usable link (cache)
[10553/40930] 'ACCT2113 - University of Oklahoma': no usable link (cache)
[10554/40930] 'ACCT2123 - University of Oklahoma': no usable link (cache)
[10555/40930] 'AME2113 - University of Oklahoma': no usable link (cache)
[10556/40930] 'AME3723 - University of Oklahoma': no usable link (cache)
[10557/40930] 'AME4970 - University of Oklahoma': no usable link (cache)
[10558/40930] 'ARCH1263 - University of Oklahoma': no usable link (cache)
[10559/40930] 'ARCH2456 - University of Oklahoma': no usable link (cache)
[10560/40930] 'ASTR1504 - University of Oklahoma': no usable link (cache)
[10561/40930] 'ASTR1514 - University of Oklahoma': no usable link (cache)
[10562/40930] 'BAD1001 - University of Oklahoma': no usable link (cache)
[10563/40930] 'BIO1124 - University of Oklahoma': no usable link (cache)
[10564/40930] 'BIO2255 - University of Oklahoma': no usable link (cache)
[10565/40930] 'BIOL1124 - University of Oklahoma': no usable link (cache)
[10566/40930] 'BIOL2255 - University of Oklahoma': no usable link (cache)
[10567/40930] 'BIOL3113 - University of Oklahoma': no usable link (cache)
[10568/40930] 'BIOL3333 - University of Oklahoma': no usable link (cache)
[10569/40930] 'BIOL3403 - University of Oklahoma': no usable link (cache)
[10570/40930] 'BIOL4843 - University of Oklahoma': no usable link (cache)
[10571/40930] 'BOT1113 - University of Oklahoma': no usable link (cache)
[10572/40930] 'BOT1114 - University of Oklahoma': no usable link (cache)
[10573/40930] 'CAS1543 - University of Oklahoma': no usable link (cache)
[10574/40930] 'CEES2213 - University of Oklahoma': no usable link (cache)
[10575/40930] 'CHEM1335 - University of Oklahoma': no usable link (cache)
[10576/40930] 'CHEM1513 - University of Oklahoma': no usable link (cache)
[10577/40930] 'CHEM3038 - University of Oklahoma': no usable link (cache)
[10578/40930] 'CHEM3653 - University of Oklahoma': no usable link (cache)
[10579/40930] 'CHEM3753 - University of Oklahoma': no usable link (cache)
[10580/40930] 'CHEM3853 - University of Oklahoma': no usable link (cache)
[10581/40930] 'CHIN1115 - University of Oklahoma': no usable link (cache)
[10582/40930] 'COMM3023 - University of Oklahoma': no usable link (cache)
[10583/40930] 'CS2813 - University of Oklahoma': no usable link (cache)
[10584/40930] 'CS4413 - University of Oklahoma': no usable link (cache)
[10585/40930] 'ECE2214 - University of Oklahoma': no usable link (cache)
[10586/40930] 'ECE2723 - University of Oklahoma': no usable link (cache)
[10587/40930] 'ECON1113 - University of Oklahoma': no usable link (cache)
[10588/40930] 'ECON1123 - University of Oklahoma': no usable link (cache)
[10589/40930] 'ECON2813 - University of Oklahoma': no usable link (cache)
[10590/40930] 'ECON2843 - University of Oklahoma': no usable link (cache)
[10591/40930] 'ECON3513 - University of Oklahoma': no usable link (cache)
[10592/40930] 'ECON4313 - University of Oklahoma': no usable link (cache)
[10593/40930] 'EDLT3911 - University of Oklahoma': no usable link (cache)
[10594/40930] 'EDSS3553 - University of Oklahoma': no usable link (cache)
[10595/40930] 'ENG1213 - University of Oklahoma': no usable link (cache)
[10596/40930] 'ENGL2773 - University of Oklahoma': no usable link (cache)
[10597/40930] 'ENGL3403 - University of Oklahoma': no usable link (cache)
[10598/40930] 'CTL3002 - University of Ontario Institute of Technology': no usable link (cache)
[10599/40930] 'A173 - University of Oregon': no usable link (cache)
[10600/40930] 'ACTG213 - University of Oregon': no usable link (cache)
[10601/40930] 'ACTG340 - University of Oregon': no usable link (cache)
[10602/40930] 'ACTG350 - University of Oregon': no usable link (cache)
[10603/40930] 'ACTG351 - University of Oregon': no usable link (cache)
[10604/40930] 'ACTG360 - University of Oregon': no usable link (cache)
[10605/40930] 'ACTG470 - University of Oregon': no usable link (cache)
[10606/40930] 'ANAT331 - University of Oregon': no usable link (cache)
[10607/40930] 'ANT173 - University of Oregon': no usable link (cache)
[10608/40930] 'ANTH470 - University of Oregon': no usable link (cache)
[10609/40930] 'ANTHR173 - University of Oregon': no usable link (cache)
[10610/40930] 'ARH341 - University of Oregon': no usable link (cache)
[10611/40930] 'ARTD361 - University of Oregon': no usable link (cache)
[10612/40930] 'ASIA399 - University of Oregon': no usable link (cache)
[10613/40930] 'BA169Z - University of Oregon': no usable link (cache)
[10614/40930] 'BA211Z - University of Oregon': no usable link (cache)
[10615/40930] 'BA308 - University of Oregon': no usable link (cache)
[10616/40930] 'BA317 - University of Oregon': no usable link (cache)
[10617/40930] 'BA425 - University of Oregon': no usable link (cache)
[10618/40930] 'BE325 - University of Oregon': no usable link (cache)
[10619/40930] 'CALC252 - University of Oregon': no usable link (cache)
[10620/40930] 'CH217 - University of Oregon': no usable link (cache)
[10621/40930] 'CH225 - University of Oregon': no usable link (cache)
[10622/40930] 'CH331 - University of Oregon': no usable link (cache)
[10623/40930] 'CH341 - University of Oregon': no usable link (cache)
[10624/40930] 'CH461 - University of Oregon': no usable link (cache)
[10625/40930] 'CH466 - University of Oregon': no usable link (cache)
[10626/40930] 'CHEM335 - University of Oregon': no usable link (cache)
[10627/40930] 'CINE260M - University of Oregon': no usable link (cache)
[10628/40930] 'CINE490 - University of Oregon': no usable link (cache)
[10629/40930] 'CIS624 - University of Oregon': no usable link (cache)
[10630/40930] 'CLAS110 - University of Oregon': no usable link (cache)
[10631/40930] 'CLAS202 - University of Oregon': no usable link (cache)
[10632/40930] 'COLT103 - University of Oregon': no usable link (cache)
[10633/40930] 'CRES410 - University of Oregon': no usable link (cache)
[10634/40930] 'DSC335 - University of Oregon': no usable link (cache)
[10635/40930] 'EC411 - University of Oregon': no usable link (cache)
[10636/40930] 'EC460 - University of Oregon': no usable link (cache)
[10637/40930] 'EC481 - University of Oregon': no usable link (cache)
[10638/40930] 'EC482 - University of Oregon': no usable link (cache)
[10639/40930] 'ECON427 - University of Oregon': no usable link (cache)
[10640/40930] 'EDST111 - University of Oregon': no usable link (cache)
[10641/40930] 'ENG323 - University of Oregon': no usable link (cache)
[10642/40930] 'ADM1301 - University of Ottawa': no usable link (cache)
[10643/40930] 'ADM1305 - University of Ottawa': no usable link (cache)
[10644/40930] 'ADM1370 - University of Ottawa': no usable link (cache)
[10645/40930] 'ADM1705 - University of Ottawa': no usable link (cache)
[10646/40930] 'ADM2302 - University of Ottawa': no usable link (cache)
[10647/40930] 'ADM2303 - University of Ottawa': no usable link (cache)
[10648/40930] 'ADM2336 - University of Ottawa': no usable link (cache)
[10649/40930] 'ADM2337 - University of Ottawa': no usable link (cache)
[10650/40930] 'ADM2341 - University of Ottawa': no usable link (cache)
[10651/40930] 'ADM2350 - University of Ottawa': no usable link (cache)
[10652/40930] 'ADM2352 - University of Ottawa': no usable link (cache)
[10653/40930] 'ADM2372 - University of Ottawa': no usable link (cache)
[10654/40930] 'ADM2702 - University of Ottawa': no usable link (cache)
[10655/40930] 'ADM2732 - University of Ottawa': no usable link (cache)
[10656/40930] 'ADM2742 - University of Ottawa': no usable link (cache)
[10657/40930] 'ADM3319 - University of Ottawa': no usable link (cache)
[10658/40930] 'ADM3350 - University of Ottawa': no usable link (cache)
[10659/40930] 'ADM3745 - University of Ottawa': no usable link (cache)
[10660/40930] 'ADM4311 - University of Ottawa': no usable link (cache)
[10661/40930] 'ADM4317 - University of Ottawa': no usable link (cache)
[10662/40930] 'ADM4357 - University of Ottawa': no usable link (cache)
[10663/40930] 'ADM4396 - University of Ottawa': no usable link (cache)
[10664/40930] 'ALG1901 - University of Ottawa': no usable link (cache)
[10665/40930] 'ALG1902 - University of Ottawa': no usable link (cache)
[10666/40930] 'ANP1105D - University of Ottawa': no usable link (cache)
[10667/40930] 'ANP1107 - University of Ottawa': no usable link (cache)
[10668/40930] 'ANP1111 - University of Ottawa': no usable link (cache)
[10669/40930] 'ANP1115 - University of Ottawa': no usable link (cache)
[10670/40930] 'ANP1303 - University of Ottawa': no usable link (cache)
[10671/40930] 'ANP1505 - University of Ottawa': no usable link (cache)
[10672/40930] 'ANP1506 - University of Ottawa': no usable link (cache)
[10673/40930] 'ANT2103 - University of Ottawa': no usable link (cache)
[10674/40930] 'ANT2111 - University of Ottawa': no usable link (cache)
[10675/40930] 'ANT3132 - University of Ottawa': no usable link (cache)
[10676/40930] 'ANT3133 - University of Ottawa': no usable link (cache)
[10677/40930] 'APA1302 - University of Ottawa': no usable link (cache)
[10678/40930] 'APA2180 - University of Ottawa': no usable link (cache)
[10679/40930] 'APA2312 - University of Ottawa': no usable link (cache)
[10680/40930] 'APA2511 - University of Ottawa': no usable link (cache)
[10681/40930] 'APA3301 - University of Ottawa': no usable link (cache)
[10682/40930] 'ARB1911 - University of Ottawa': no usable link (cache)
[10683/40930] 'BCH2333 - University of Ottawa': no usable link (cache)
[10684/40930] 'BCH3120 - University of Ottawa': no usable link (cache)
[10685/40930] 'BCH3520 - University of Ottawa': no usable link (cache)
[10686/40930] 'BIO1109 - University of Ottawa': no usable link (cache)
[10687/40930] 'BIO1130 - University of Ottawa': no usable link (cache)
[10688/40930] 'BIO1140 - University of Ottawa': no usable link (cache)
[10689/40930] 'BIO1530 - University of Ottawa': no usable link (cache)
[10690/40930] 'BIO1700 - University of Ottawa': no usable link (cache)
[10691/40930] 'BIO3151 - University of Ottawa': no usable link (cache)
[10692/40930] 'BIO3524 - University of Ottawa': no usable link (cache)
[10693/40930] 'BIO3551 - University of Ottawa': no usable link (cache)
[10694/40930] 'BIO3703 - University of Ottawa': no usable link (cache)
[10695/40930] 'BIO4145 - University of Ottawa': no usable link (cache)
[10696/40930] 'BMG5109 - University of Ottawa': no usable link (cache)
[10697/40930] 'BPS2110 - University of Ottawa': no usable link (cache)
[10698/40930] 'BPS3501 - University of Ottawa': no usable link (cache)
[10699/40930] 'BPS4101 - University of Ottawa': no usable link (cache)
[10700/40930] 'CH1311 - University of Ottawa': no usable link (cache)
[10701/40930] 'CHG2317 - University of Ottawa': no usable link (cache)
[10702/40930] 'CHG3127 - University of Ottawa': no usable link (cache)
[10703/40930] 'CHG4305 - University of Ottawa': no usable link (cache)
[10704/40930] 'CHIN1901 - University of Ottawa': no usable link (cache)
[10705/40930] 'CHM1101 - University of Ottawa': no usable link (cache)
[10706/40930] 'CHM1130 - University of Ottawa': no usable link (cache)
[10707/40930] 'CHM1131 - University of Ottawa': no usable link (cache)
[10708/40930] 'CHM1131LAB - University of Ottawa': no usable link (cache)
[10709/40930] 'CHM1301 - University of Ottawa': no usable link (cache)
[10710/40930] 'CHM1310 - University of Ottawa': no usable link (cache)
[10711/40930] 'CHM1310B - University of Ottawa': no usable link (cache)
[10712/40930] 'CHM1310C - University of Ottawa': no usable link (cache)
[10713/40930] 'CHM1311LAB - University of Ottawa': no usable link (cache)
[10714/40930] 'CHM1321 - University of Ottawa': no usable link (cache)
[10715/40930] 'CHM1321LAB - University of Ottawa': no usable link (cache)
[10716/40930] 'CHM1330 - University of Ottawa': no usable link (cache)
[10717/40930] 'CHM1701 - University of Ottawa': no usable link (cache)
[10718/40930] 'CHM1711 - University of Ottawa': no usable link (cache)
[10719/40930] 'CHM212O - University of Ottawa': no usable link (cache)
[10720/40930] 'CHM2131 - University of Ottawa': no usable link (cache)
[10721/40930] 'CHM2132 - University of Ottawa': no usable link (cache)
[10722/40930] 'CHM2330 - University of Ottawa': no usable link (cache)
[10723/40930] 'CHM2520 - University of Ottawa': no usable link (cache)
[10724/40930] 'CHM4155 - University of Ottawa': no usable link (cache)
[10725/40930] 'CHN1902 - University of Ottawa': no usable link (cache)
[10726/40930] 'CHN2101 - University of Ottawa': no usable link (cache)
[10727/40930] 'CHN2902 - University of Ottawa': no usable link (cache)
[10728/40930] 'CML1102 - University of Ottawa': no usable link (cache)
[10729/40930] 'CML1103 - University of Ottawa': no usable link (cache)
[10730/40930] 'CML1107 - University of Ottawa': no usable link (cache)
[10731/40930] 'CML1503 - University of Ottawa': no usable link (cache)
[10732/40930] 'CML3204 - University of Ottawa': no usable link (cache)
[10733/40930] 'CML3377 - University of Ottawa': no usable link (cache)
[10734/40930] 'CMN1160 - University of Ottawa': no usable link (cache)
[10735/40930] 'CMN1300 - University of Ottawa': no usable link (cache)
[10736/40930] 'CMN1548 - University of Ottawa': no usable link (cache)
[10737/40930] 'CMN2148 - University of Ottawa': no usable link (cache)
[10738/40930] 'CMN2152 - University of Ottawa': no usable link (cache)
[10739/40930] 'CMN3182 - University of Ottawa': no usable link (cache)
[10740/40930] 'CRIM1300 - University of Ottawa': no usable link (cache)
[10741/40930] 'CRIM1301 - University of Ottawa': no usable link (cache)
[10742/40930] 'CRIM1301D - University of Ottawa': no usable link (cache)
[10743/40930] 'CRIM1701 - University of Ottawa': no usable link (cache)
[10744/40930] 'CRM1100 - University of Ottawa': no usable link (cache)
[10745/40930] 'CRM1101 - University of Ottawa': no usable link (cache)
[10746/40930] 'CRM1300 - University of Ottawa': no usable link (cache)
[10747/40930] 'CRM1301 - University of Ottawa': no usable link (cache)
[10748/40930] 'CRM1701 - University of Ottawa': no usable link (cache)
[10749/40930] 'CRM2300 - University of Ottawa': no usable link (cache)
[10750/40930] 'CRM2301 - University of Ottawa': no usable link (cache)
[10751/40930] 'CRM2302 - University of Ottawa': no usable link (cache)
[10752/40930] 'CRM2303 - University of Ottawa': no usable link (cache)
[10753/40930] 'CRM2305 - University of Ottawa': no usable link (cache)
[10754/40930] 'CRM2306 - University of Ottawa': no usable link (cache)
[10755/40930] 'CRM2307 - University of Ottawa': no usable link (cache)
[10756/40930] 'CRM2308 - University of Ottawa': no usable link (cache)
[10757/40930] 'CRM2311 - University of Ottawa': no usable link (cache)
[10758/40930] 'CRM2713 - University of Ottawa': no usable link (cache)
[10759/40930] 'CRM3301 - University of Ottawa': no usable link (cache)
[10760/40930] 'CRM3305 - University of Ottawa': no usable link (cache)
[10761/40930] 'CRM3306 - University of Ottawa': no usable link (cache)
[10762/40930] 'CRM3307 - University of Ottawa': no usable link (cache)
[10763/40930] 'CRM3308 - University of Ottawa': no usable link (cache)
[10764/40930] 'CRM3312 - University of Ottawa': no usable link (cache)
[10765/40930] 'CRM3317 - University of Ottawa': no usable link (cache)
[10766/40930] 'CRM3325 - University of Ottawa': no usable link (cache)
[10767/40930] 'CRM4302 - University of Ottawa': no usable link (cache)
[10768/40930] 'CRM4304 - University of Ottawa': no usable link (cache)
[10769/40930] 'CRM4322 - University of Ottawa': no usable link (cache)
[10770/40930] 'CSI5134 - University of Ottawa': no usable link (cache)
[10771/40930] 'CVG4142 - University of Ottawa': no usable link (cache)
[10772/40930] 'DCL5737 - University of Ottawa': no usable link (cache)
[10773/40930] 'DRC1514 - University of Ottawa': no usable link (cache)
[10774/40930] 'DRC1705B - University of Ottawa': no usable link (cache)
[10775/40930] 'DRC1714 - University of Ottawa': no usable link (cache)
[10776/40930] 'DRC3500 - University of Ottawa': no usable link (cache)
[10777/40930] 'DTI5126 - University of Ottawa': no usable link (cache)
[10778/40930] 'DVM2750 - University of Ottawa': no usable link (cache)
[10779/40930] 'EAS2101 - University of Ottawa': no usable link (cache)
[10780/40930] 'EBC5125 - University of Ottawa': no usable link (cache)
[10781/40930] 'EBC6240 - University of Ottawa': no usable link (cache)
[10782/40930] 'EBC7100 - University of Ottawa': no usable link (cache)
[10783/40930] 'EC01104 - University of Ottawa': no usable link (cache)
[10784/40930] 'ECH1500 - University of Ottawa': no usable link (cache)
[10785/40930] 'ECH1500A - University of Ottawa': no usable link (cache)
[10786/40930] 'ECH2330 - University of Ottawa': no usable link (cache)
[10787/40930] 'ECH2700 - University of Ottawa': no usable link (cache)
[10788/40930] 'ECH2720 - University of Ottawa': no usable link (cache)
[10789/40930] 'ECH3320 - University of Ottawa': no usable link (cache)
[10790/40930] 'ECH3710 - University of Ottawa': no usable link (cache)
[10791/40930] 'ECH3740A - University of Ottawa': no usable link (cache)
[10792/40930] 'ECH4710A - University of Ottawa': no usable link (cache)
[10793/40930] 'ECO1101 - University of Ottawa': no usable link (cache)
[10794/40930] 'ECO1104 - University of Ottawa': no usable link (cache)
[10795/40930] 'ECO1502 - University of Ottawa': no usable link (cache)
[10796/40930] 'ECO2147 - University of Ottawa': no usable link (cache)
[10797/40930] 'ECO2517 - University of Ottawa': no usable link (cache)
[10798/40930] 'ECO3150 - University of Ottawa': no usable link (cache)
[10799/40930] 'ECO4145 - University of Ottawa': no usable link (cache)
[10800/40930] 'ECO4170 - University of Ottawa': no usable link (cache)
[10801/40930] 'ELG2137 - University of Ottawa': no usable link (cache)
[10802/40930] 'ELG3101 - University of Ottawa': no usable link (cache)
[10803/40930] 'ELG6372 - University of Ottawa': no usable link (cache)
[10804/40930] 'ENG1100AA - University of Ottawa': no usable link (cache)
[10805/40930] 'ENG1112 - University of Ottawa': no usable link (cache)
[10806/40930] 'ENG1121 - University of Ottawa': no usable link (cache)
[10807/40930] 'ENG1123 - University of Ottawa': no usable link (cache)
[10808/40930] 'ENG1124 - University of Ottawa': no usable link (cache)
[10809/40930] 'ENG1131 - University of Ottawa': no usable link (cache)
[10810/40930] 'ENG2105 - University of Ottawa': no usable link (cache)
[10811/40930] 'ENG2110 - University of Ottawa': no usable link (cache)
[10812/40930] 'ENG2116 - University of Ottawa': no usable link (cache)
[10813/40930] 'ENG2124 - University of Ottawa': no usable link (cache)
[10814/40930] 'ENG2334 - University of Ottawa': no usable link (cache)
[10815/40930] 'ENG2400 - University of Ottawa': no usable link (cache)
[10816/40930] 'ENG3340 - University of Ottawa': no usable link (cache)
[10817/40930] 'ENG3384 - University of Ottawa': no usable link (cache)
[10818/40930] 'ENG4330 - University of Ottawa': no usable link (cache)
[10819/40930] 'CBE451 - University of Pennsylvania': no usable link (cache)
[10820/40930] 'CBE611 - University of Pennsylvania': no usable link (cache)
[10821/40930] 'CHEM053 - University of Pennsylvania': no usable link (cache)
[10822/40930] 'CHEM054 - University of Pennsylvania': no usable link (cache)
[10823/40930] 'CHEM245 - University of Pennsylvania': no usable link (cache)
[10824/40930] 'CIS320 - University of Pennsylvania': no usable link (cache)
[10825/40930] 'EDUC723 - University of Pennsylvania': no usable link (cache)
[10826/40930] 'EE581 - University of Pennsylvania': no usable link (cache)
[10827/40930] 'ENG0052 - University of Pennsylvania': no usable link (cache)
[10828/40930] 'AFRCN0385 - University of Pittsburgh': no usable link (cache)
[10829/40930] 'ANTH0536 - University of Pittsburgh': no usable link (cache)
[10830/40930] 'ANTH0630 - University of Pittsburgh': no usable link (cache)
[10831/40930] 'ANTH0681 - University of Pittsburgh': no usable link (cache)
[10832/40930] 'ANTH0711 - University of Pittsburgh': no usable link (cache)
[10833/40930] 'ANTH1540 - University of Pittsburgh': no usable link (cache)
[10834/40930] 'ARC0112 - University of Pittsburgh': no usable link (cache)
[10835/40930] 'ARC0116 - University of Pittsburgh': no usable link (cache)
[10836/40930] 'ASTR0089 - University of Pittsburgh': no usable link (cache)
[10837/40930] 'ASTRN0089 - University of Pittsburgh': no usable link (cache)
[10838/40930] 'ASTRO0089 - University of Pittsburgh': no usable link (cache)
[10839/40930] 'BIO0050 - University of Pittsburgh': no usable link (cache)
[10840/40930] 'BIO0060 - University of Pittsburgh': no usable link (cache)
[10841/40930] 'BIO0100 - University of Pittsburgh': no usable link (cache)
[10842/40930] 'BIO0150 - University of Pittsburgh': no usable link (cache)
[10843/40930] 'BIO0160 - University of Pittsburgh': no usable link (cache)
[10844/40930] 'BIOL0150 - University of Pittsburgh': no usable link (cache)
[10845/40930] 'BIOS0057 - University of Pittsburgh': no usable link (cache)
[10846/40930] 'BIOS0150 - University of Pittsburgh': no usable link (cache)
[10847/40930] 'BIOSC0057 - University of Pittsburgh': no usable link (cache)
[10848/40930] 'BIOSC0058 - University of Pittsburgh': no usable link (cache)
[10849/40930] 'BIOSC0068 - University of Pittsburgh': no usable link (cache)
[10850/40930] 'BIOSC01060 - University of Pittsburgh': no usable link (cache)
[10851/40930] 'BIOSC0350 - University of Pittsburgh': no usable link (cache)
[10852/40930] 'BIOSC0370 - University of Pittsburgh': no usable link (cache)
[10853/40930] 'BIOSC1000 - University of Pittsburgh': no usable link (cache)
[10854/40930] 'BIOSC1010 - University of Pittsburgh': no usable link (cache)
[10855/40930] 'BIOSC1070 - University of Pittsburgh': no usable link (cache)
[10856/40930] 'BIOSC150 - University of Pittsburgh': no usable link (cache)
[10857/40930] 'BIOSC1950 - University of Pittsburgh': no usable link (cache)
[10858/40930] 'BISOC0150 - University of Pittsburgh': no usable link (cache)
[10859/40930] 'BSFIN1030 - University of Pittsburgh': no usable link (cache)
[10860/40930] 'BUSEN0060 - University of Pittsburgh': no usable link (cache)
[10861/40930] 'BUSFI1030 - University of Pittsburgh': no usable link (cache)
[10862/40930] 'BUSOR1020 - University of Pittsburgh': no usable link (cache)
[10863/40930] 'CALC0220 - University of Pittsburgh': no usable link (cache)
[10864/40930] 'CALC0230 - University of Pittsburgh': no usable link (cache)
[10865/40930] 'CALC0235 - University of Pittsburgh': no usable link (cache)
[10866/40930] 'CHEM0110 - University of Pittsburgh': no usable link (cache)
[10867/40930] 'CHEM0200 - University of Pittsburgh': no usable link (cache)
[10868/40930] 'CHEM0250 - University of Pittsburgh': no usable link (cache)
[10869/40930] 'CHEM0910 - University of Pittsburgh': no usable link (cache)
[10870/40930] 'CHEM1480 - University of Pittsburgh': no usable link (cache)
[10871/40930] 'CHIN0085 - University of Pittsburgh': no usable link (cache)
[10872/40930] 'CHIN1047 - University of Pittsburgh': no usable link (cache)
[10873/40930] 'CHIN1084 - University of Pittsburgh': no usable link (cache)
[10874/40930] 'CHIN1090 - University of Pittsburgh': no usable link (cache)
[10875/40930] 'CLAS1142 - University of Pittsburgh': no usable link (cache)
[10876/40930] 'CLAS1220 - University of Pittsburgh': no usable link (cache)
[10877/40930] 'CLASS0020 - University of Pittsburgh': no usable link (cache)
[10878/40930] 'CLASS1142 - University of Pittsburgh': no usable link (cache)
[10879/40930] 'CLASS1210 - University of Pittsburgh': no usable link (cache)
[10880/40930] 'COMM0520 - University of Pittsburgh': no usable link (cache)
[10881/40930] 'COMP0400 - University of Pittsburgh': no usable link (cache)
[10882/40930] 'ECE0201 - University of Pittsburgh': no usable link (cache)
[10883/40930] 'ECE1247 - University of Pittsburgh': no usable link (cache)
[10884/40930] 'ECON0100 - University of Pittsburgh': no usable link (cache)
[10885/40930] 'ENCMP0200 - University of Pittsburgh': no usable link (cache)
[10886/40930] 'ENG0011 - University of Pittsburgh': no usable link (cache)
[10887/40930] 'AAF120 - University of Rhode Island': no usable link (cache)
[10888/40930] 'AVS331 - University of Rhode Island': no usable link (cache)
[10889/40930] 'BAI109 - University of Rhode Island': no usable link (cache)
[10890/40930] 'BAI111 - University of Rhode Island': no usable link (cache)
[10891/40930] 'BAI113 - University of Rhode Island': no usable link (cache)
[10892/40930] 'BAI210 - University of Rhode Island': no usable link (cache)
[10893/40930] 'BUS265 - University of Rhode Island': no usable link (cache)
[10894/40930] 'CCJ230 - University of Rhode Island': no usable link (cache)
[10895/40930] 'CCJ274 - University of Rhode Island': no usable link (cache)
[10896/40930] 'CCJ332 - University of Rhode Island': no usable link (cache)
[10897/40930] 'CCJ370 - University of Rhode Island': no usable link (cache)
[10898/40930] 'CHE314 - University of Rhode Island': no usable link (cache)
[10899/40930] 'CHN231 - University of Rhode Island': no usable link (cache)
[10900/40930] 'CMB201 - University of Rhode Island': no usable link (cache)
[10901/40930] 'CMB210 - University of Rhode Island': no usable link (cache)
[10902/40930] 'CMB211 - University of Rhode Island': no usable link (cache)
[10903/40930] 'CMB341 - University of Rhode Island': no usable link (cache)
[10904/40930] 'CMD160 - University of Rhode Island': no usable link (cache)
[10905/40930] 'CMD273 - University of Rhode Island': no usable link (cache)
[10906/40930] 'COM246 - University of Rhode Island': no usable link (cache)
[10907/40930] 'COM307 - University of Rhode Island': no usable link (cache)
[10908/40930] 'COM441 - University of Rhode Island': no usable link (cache)
[10909/40930] 'COM445 - University of Rhode Island': no usable link (cache)
[10910/40930] 'CSC104 - University of Rhode Island': no usable link (cache)
[10911/40930] 'CVE374 - University of Rhode Island': no usable link (cache)
[10912/40930] 'ECN328 - University of Rhode Island': no usable link (cache)
[10913/40930] 'ECN33X - University of Rhode Island': no usable link (cache)
[10914/40930] 'EDC282 - University of Rhode Island': no usable link (cache)
[10915/40930] 'EDC423 - University of Rhode Island': no usable link (cache)
[10916/40930] 'EDC452 - University of Rhode Island': no usable link (cache)
[10917/40930] 'EDC457 - University of Rhode Island': no usable link (cache)
[10918/40930] 'EEC310 - University of Rhode Island': no usable link (cache)
[10919/40930] 'ELE338 - University of Rhode Island': no usable link (cache)
[10920/40930] 'ASTR113 - University of Saskatchewan': no usable link (cache)
[10921/40930] 'CE225 - University of Saskatchewan': no usable link (cache)
[10922/40930] 'CE318 - University of Saskatchewan': no usable link (cache)
[10923/40930] 'CE419 - University of Saskatchewan': no usable link (cache)
[10924/40930] 'CLASS103 - University of Saskatchewan': no usable link (cache)
[10925/40930] 'CLASS110 - University of Saskatchewan': no usable link (cache)
[10926/40930] 'CME331 - University of Saskatchewan': no usable link (cache)
[10927/40930] 'COMM349 - University of Saskatchewan': no usable link (cache)
[10928/40930] 'CPPS306 - University of Saskatchewan': no usable link (cache)
[10929/40930] 'ECUR265 - University of Saskatchewan': no usable link (cache)
[10930/40930] 'ECUR450 - University of Saskatchewan': no usable link (cache)
[10931/40930] 'EE232 - University of Saskatchewan': no usable link (cache)
[10932/40930] 'EE862 - University of Saskatchewan': no usable link (cache)
[10933/40930] 'ACCT226 - University of South Carolina': no usable link (cache)
[10934/40930] 'ACCT405 - University of South Carolina': no usable link (cache)
[10935/40930] 'ACCT726 - University of South Carolina': no usable link (cache)
[10936/40930] 'AESP101 - University of South Carolina': no usable link (cache)
[10937/40930] 'AFAM201 - University of South Carolina': no usable link (cache)
[10938/40930] 'ARTE520 - University of South Carolina': no usable link (cache)
[10939/40930] 'ARTE525 - University of South Carolina': no usable link (cache)
[10940/40930] 'ARTE540 - University of South Carolina': no usable link (cache)
[10941/40930] 'ARTH105 - University of South Carolina': no usable link (cache)
[10942/40930] 'ARTH105H - University of South Carolina': no usable link (cache)
[10943/40930] 'BIO101H - University of South Carolina': no usable link (cache)
[10944/40930] 'BIO102H - University of South Carolina': no usable link (cache)
[10945/40930] 'BIO243LAB - University of South Carolina': no usable link (cache)
[10946/40930] 'BIO244 - University of South Carolina': no usable link (cache)
[10947/40930] 'BIO244L - University of South Carolina': no usable link (cache)
[10948/40930] 'BIO301H - University of South Carolina': no usable link (cache)
[10949/40930] 'BIO302H - University of South Carolina': no usable link (cache)
[10950/40930] 'BIO534 - University of South Carolina': no usable link (cache)
[10951/40930] 'BIOL102H - University of South Carolina': no usable link (cache)
[10952/40930] 'BIOL243L - University of South Carolina': no usable link (cache)
[10953/40930] 'BIOL250L - University of South Carolina': no usable link (cache)
[10954/40930] 'BIOL301H - University of South Carolina': no usable link (cache)
[10955/40930] 'BIOL425 - University of South Carolina': no usable link (cache)
[10956/40930] 'BIOL536 - University of South Carolina': no usable link (cache)
[10957/40930] 'BIOL552 - University of South Carolina': no usable link (cache)
[10958/40930] 'BIOL610 - University of South Carolina': no usable link (cache)
[10959/40930] 'BIOL671 - University of South Carolina': no usable link (cache)
[10960/40930] 'BMEN240 - University of South Carolina': no usable link (cache)
[10961/40930] 'BMEN290 - University of South Carolina': no usable link (cache)
[10962/40930] 'CHEM333H - University of South Carolina': no usable link (cache)
[10963/40930] 'CHEM333M - University of South Carolina': no usable link (cache)
[10964/40930] 'CHEM555 - University of South Carolina': no usable link (cache)
[10965/40930] 'CHM531 - University of South Carolina': no usable link (cache)
[10966/40930] 'CLASS220 - University of South Carolina': no usable link (cache)
[10967/40930] 'CRJU101 - University of South Carolina': no usable link (cache)
[10968/40930] 'CRJU203 - University of South Carolina': no usable link (cache)
[10969/40930] 'CRJU312 - University of South Carolina': no usable link (cache)
[10970/40930] 'CRJU313 - University of South Carolina': no usable link (cache)
[10971/40930] 'CRJU314 - University of South Carolina': no usable link (cache)
[10972/40930] 'CRJU322 - University of South Carolina': no usable link (cache)
[10973/40930] 'CRJU341 - University of South Carolina': no usable link (cache)
[10974/40930] 'CRJU351 - University of South Carolina': no usable link (cache)
[10975/40930] 'CRJU425 - University of South Carolina': no usable link (cache)
[10976/40930] 'CRJU591 - University of South Carolina': no usable link (cache)
[10977/40930] 'CSCE101 - University of South Carolina': no usable link (cache)
[10978/40930] 'CSCE102 - University of South Carolina': no usable link (cache)
[10979/40930] 'CSCE311 - University of South Carolina': no usable link (cache)
[10980/40930] 'CSCE330 - University of South Carolina': no usable link (cache)
[10981/40930] 'CSCE355 - University of South Carolina': no usable link (cache)
[10982/40930] 'CSCE547 - University of South Carolina': no usable link (cache)
[10983/40930] 'ECHE101 - University of South Carolina': no usable link (cache)
[10984/40930] 'ECHE300 - University of South Carolina': no usable link (cache)
[10985/40930] 'ECIV330 - University of South Carolina': no usable link (cache)
[10986/40930] 'ECON222 - University of South Carolina': no usable link (cache)
[10987/40930] 'ECON222H - University of South Carolina': no usable link (cache)
[10988/40930] 'ECON224 - University of South Carolina': no usable link (cache)
[10989/40930] 'ECON508 - University of South Carolina': no usable link (cache)
[10990/40930] 'EDEL460 - University of South Carolina': no usable link (cache)
[10991/40930] 'EDML470 - University of South Carolina': no usable link (cache)
[10992/40930] 'EDPY401 - University of South Carolina': no usable link (cache)
[10993/40930] 'EDRM423 - University of South Carolina': no usable link (cache)
[10994/40930] 'EDTE500 - University of South Carolina': no usable link (cache)
[10995/40930] 'EDTE713 - University of South Carolina': no usable link (cache)
[10996/40930] 'ELCT321 - University of South Carolina': no usable link (cache)
[10997/40930] 'EMCH200 - University of South Carolina': no usable link (cache)
[10998/40930] 'EMCH260 - University of South Carolina': no usable link (cache)
[10999/40930] 'EMCH290 - University of South Carolina': no usable link (cache)
[11000/40930] 'EMCH310 - University of South Carolina': no usable link (cache)
[11001/40930] 'EMCH327 - University of South Carolina': no usable link (cache)
[11002/40930] 'EMCH332 - University of South Carolina': no usable link (cache)
[11003/40930] 'EMCH360 - University of South Carolina': no usable link (cache)
[11004/40930] 'EMCH361 - University of South Carolina': no usable link (cache)
[11005/40930] 'EMCH394 - University of South Carolina': no usable link (cache)
[11006/40930] 'EMCH507 - University of South Carolina': no usable link (cache)
[11007/40930] 'EMCH530 - University of South Carolina': no usable link (cache)
[11008/40930] 'ENG285 - University of South Carolina': no usable link (cache)
[11009/40930] 'ENGL102H - University of South Carolina': no usable link (cache)
[11010/40930] 'ENGL430E - University of South Carolina': no usable link (cache)
[11011/40930] 'ACCT280 - University of Southern California': no usable link (cache)
[11012/40930] 'AME309 - University of Southern California': no usable link (cache)
[11013/40930] 'AME420 - University of Southern California': no usable link (cache)
[11014/40930] 'AME486 - University of Southern California': no usable link (cache)
[11015/40930] 'AMST301 - University of Southern California': no usable link (cache)
[11016/40930] 'ANTH263 - University of Southern California': no usable link (cache)
[11017/40930] 'ANTH440 - University of Southern California': no usable link (cache)
[11018/40930] 'ARLT100 - University of Southern California': no usable link (cache)
[11019/40930] 'ASCJ210 - University of Southern California': no usable link (cache)
[11020/40930] 'BAEP452 - University of Southern California': no usable link (cache)
[11021/40930] 'BAUD311 - University of Southern California': no usable link (cache)
[11022/40930] 'BISC120 - University of Southern California': no usable link (cache)
[11023/40930] 'BISC220 - University of Southern California': no usable link (cache)
[11024/40930] 'BISC220L - University of Southern California': no usable link (cache)
[11025/40930] 'BISC221 - University of Southern California': no usable link (cache)
[11026/40930] 'BISC320 - University of Southern California': no usable link (cache)
[11027/40930] 'BISC320L - University of Southern California': no usable link (cache)
[11028/40930] 'BISC325 - University of Southern California': no usable link (cache)
[11029/40930] 'BME202 - University of Southern California': no usable link (cache)
[11030/40930] 'BUAD250B - University of Southern California': no usable link (cache)
[11031/40930] 'BUAD252 - University of Southern California': no usable link (cache)
[11032/40930] 'BUAD285A - University of Southern California': no usable link (cache)
[11033/40930] 'BUAD286A - University of Southern California': no usable link (cache)
[11034/40930] 'BUAD302 - University of Southern California': no usable link (cache)
[11035/40930] 'BUAD305 - University of Southern California': no usable link (cache)
[11036/40930] 'BUAD311 - University of Southern California': no usable link (cache)
[11037/40930] 'BUAD315 - University of Southern California': no usable link (cache)
[11038/40930] 'BUAD352 - University of Southern California': no usable link (cache)
[11039/40930] 'CE119 - University of Southern California': no usable link (cache)
[11040/40930] 'CHEM105AB - University of Southern California': no usable link (cache)
[11041/40930] 'CLAS499 - University of Southern California': no usable link (cache)
[11042/40930] 'CORE111 - University of Southern California': no usable link (cache)
[11043/40930] 'CSCI545 - University of Southern California': no usable link (cache)
[11044/40930] 'CSCI575 - University of Southern California': no usable link (cache)
[11045/40930] 'CTWR211 - University of Southern California': no usable link (cache)
[11046/40930] 'DSO530 - University of Southern California': no usable link (cache)
[11047/40930] 'DSO547 - University of Southern California': no usable link (cache)
[11048/40930] 'EALC103A - University of Southern California': no usable link (cache)
[11049/40930] 'EALC104 - University of Southern California': no usable link (cache)
[11050/40930] 'EALC106 - University of Southern California': no usable link (cache)
[11051/40930] 'ECON318 - University of Southern California': no usable link (cache)
[11052/40930] 'ECON471 - University of Southern California': no usable link (cache)
[11053/40930] 'EE102 - University of Southern California': no usable link (cache)
[11054/40930] 'EE354L - University of Southern California': no usable link (cache)
[11055/40930] 'EE357 - University of Southern California': no usable link (cache)
[11056/40930] 'EE577B - University of Southern California': no usable link (cache)
[11057/40930] 'ACC2010 - University of Tennessee': no usable link (cache)
[11058/40930] 'ACC3050 - University of Tennessee': no usable link (cache)
[11059/40930] 'ACC3070 - University of Tennessee': no usable link (cache)
[11060/40930] 'ACC4080 - University of Tennessee': no usable link (cache)
[11061/40930] 'ACC4110 - University of Tennessee': no usable link (cache)
[11062/40930] 'ACT3000 - University of Tennessee': no usable link (cache)
[11063/40930] 'ANTH1500 - University of Tennessee': no usable link (cache)
[11064/40930] 'ANTH208 - University of Tennessee': no usable link (cache)
[11065/40930] 'ANTH2080 - University of Tennessee': no usable link (cache)
[11066/40930] 'BIO1110 - University of Tennessee': no usable link (cache)
[11067/40930] 'BIO1910 - University of Tennessee': no usable link (cache)
[11068/40930] 'BIO2060 - University of Tennessee': no usable link (cache)
[11069/40930] 'BIO2080 - University of Tennessee': no usable link (cache)
[11070/40930] 'BIO3060 - University of Tennessee': no usable link (cache)
[11071/40930] 'BIO3110 - University of Tennessee': no usable link (cache)
[11072/40930] 'BIO3350 - University of Tennessee': no usable link (cache)
[11073/40930] 'BIOL1110 - University of Tennessee': no usable link (cache)
[11074/40930] 'BIOL1130 - University of Tennessee': no usable link (cache)
[11075/40930] 'BIOL2060 - University of Tennessee': no usable link (cache)
[11076/40930] 'BIOL2080 - University of Tennessee': no usable link (cache)
[11077/40930] 'BIOL3250 - University of Tennessee': no usable link (cache)
[11078/40930] 'BIOL3350 - University of Tennessee': no usable link (cache)
[11079/40930] 'BIOL342 - University of Tennessee': no usable link (cache)
[11080/40930] 'BIOL4210 - University of Tennessee': no usable link (cache)
[11081/40930] 'BIOL4220 - University of Tennessee': no usable link (cache)
[11082/40930] 'CHEM1050L - University of Tennessee': no usable link (cache)
[11083/40930] 'CHEM1110LAB - University of Tennessee': no usable link (cache)
[11084/40930] 'CHEM3010 - University of Tennessee': no usable link (cache)
[11085/40930] 'CHEM3020 - University of Tennessee': no usable link (cache)
[11086/40930] 'CHEM3020L - University of Tennessee': no usable link (cache)
[11087/40930] 'CHEM3710 - University of Tennessee': no usable link (cache)
[11088/40930] 'CHEML1110 - University of Tennessee': no usable link (cache)
[11089/40930] 'COMM2200 - University of Tennessee': no usable link (cache)
[11090/40930] 'COMM2250 - University of Tennessee': no usable link (cache)
[11091/40930] 'COMM2300 - University of Tennessee': no usable link (cache)
[11092/40930] 'COMM2310 - University of Tennessee': no usable link (cache)
[11093/40930] 'COMM2330 - University of Tennessee': no usable link (cache)
[11094/40930] 'COMM3350 - University of Tennessee': no usable link (cache)
[11095/40930] 'COMM3630 - University of Tennessee': no usable link (cache)
[11096/40930] 'COMM3700 - University of Tennessee': no usable link (cache)
[11097/40930] 'CPSC2100 - University of Tennessee': no usable link (cache)
[11098/40930] 'CPSC4430 - University of Tennessee': no usable link (cache)
[11099/40930] 'CRIM1110 - University of Tennessee': no usable link (cache)
[11100/40930] 'CRIM3110 - University of Tennessee': no usable link (cache)
[11101/40930] 'CRMJ1000 - University of Tennessee': no usable link (cache)
[11102/40930] 'CRMJ1010 - University of Tennessee': no usable link (cache)
[11103/40930] 'CRMJ110 - University of Tennessee': no usable link (cache)
[11104/40930] 'CRMJ1100 - University of Tennessee': no usable link (cache)
[11105/40930] 'CRMJ2100 - University of Tennessee': no usable link (cache)
[11106/40930] 'CRMJ3030 - University of Tennessee': no usable link (cache)
[11107/40930] 'CRMJ3120 - University of Tennessee': no usable link (cache)
[11108/40930] 'CRMJ3500 - University of Tennessee': no usable link (cache)
[11109/40930] 'CRMJ4300 - University of Tennessee': no usable link (cache)
[11110/40930] 'DATA3600 - University of Tennessee': no usable link (cache)
[11111/40930] 'ECHD2450 - University of Tennessee': no usable link (cache)
[11112/40930] 'ECON3240 - University of Tennessee': no usable link (cache)
[11113/40930] 'EHLS317 - University of Tennessee': no usable link (cache)
[11114/40930] 'ENEE3720 - University of Tennessee': no usable link (cache)
[11115/40930] 'ENG1011 - University of Tennessee': no usable link (cache)
[11116/40930] 'ENG1330 - University of Tennessee': no usable link (cache)
[11117/40930] 'ENG2700 - University of Tennessee': no usable link (cache)
[11118/40930] 'ENG2880 - University of Tennessee': no usable link (cache)
[11119/40930] 'ENGL1020 - University of Tennessee': no usable link (cache)
[11120/40930] 'ENGL1130 - University of Tennessee': no usable link (cache)
[11121/40930] 'ENGL122 - University of Tennessee': no usable link (cache)
[11122/40930] 'ENGL1310 - University of Tennessee': no usable link (cache)
[11123/40930] 'ENGL1330 - University of Tennessee': no usable link (cache)
[11124/40930] 'ENGL2290 - University of Tennessee': no usable link (cache)
[11125/40930] 'ADV319 - University of Texas at Austin': no usable link (cache)
[11126/40930] 'ADV339K - University of Texas at Austin': no usable link (cache)
[11127/40930] 'ADV344K - University of Texas at Austin': no usable link (cache)
[11128/40930] 'AFR303 - University of Texas at Austin': no usable link (cache)
[11129/40930] 'AFR320C - University of Texas at Austin': no usable link (cache)
[11130/40930] 'ANS361E - University of Texas at Austin': no usable link (cache)
[11131/40930] 'ANT349D - University of Texas at Austin': no usable link (cache)
[11132/40930] 'ARH331K - University of Texas at Austin': no usable link (cache)
[11133/40930] 'ARH331P - University of Texas at Austin': no usable link (cache)
[11134/40930] 'ART303K - University of Texas at Austin': no usable link (cache)
[11135/40930] 'ASE320 - University of Texas at Austin': no usable link (cache)
[11136/40930] 'ASE330M - University of Texas at Austin': no usable link (cache)
[11137/40930] 'ASE366K - University of Texas at Austin': no usable link (cache)
[11138/40930] 'BA324 - University of Texas at Austin': no usable link (cache)
[11139/40930] 'BAX305 - University of Texas at Austin': no usable link (cache)
[11140/40930] 'BAX357 - University of Texas at Austin': no usable link (cache)
[11141/40930] 'BCH219L - University of Texas at Austin': no usable link (cache)
[11142/40930] 'BCH339 - University of Texas at Austin': no usable link (cache)
[11143/40930] 'BCH339M - University of Texas at Austin': no usable link (cache)
[11144/40930] 'BIO301C - University of Texas at Austin': no usable link (cache)
[11145/40930] 'BIO311D - University of Texas at Austin': no usable link (cache)
[11146/40930] 'BIO366R - University of Texas at Austin': no usable link (cache)
[11147/40930] 'BIO371L - University of Texas at Austin': no usable link (cache)
[11148/40930] 'CC304C - University of Texas at Austin': no usable link (cache)
[11149/40930] 'CE333T - University of Texas at Austin': no usable link (cache)
[11150/40930] 'CH302M - University of Texas at Austin': no usable link (cache)
[11151/40930] 'CH320M - University of Texas at Austin': no usable link (cache)
[11152/40930] 'CH328M - University of Texas at Austin': no usable link (cache)
[11153/40930] 'CH328N - University of Texas at Austin': no usable link (cache)
[11154/40930] 'CH353 - University of Texas at Austin': no usable link (cache)
[11155/40930] 'CMS313M - University of Texas at Austin': no usable link (cache)
[11156/40930] 'CSCE464 - University of Texas at Austin': no usable link (cache)
[11157/40930] 'CSD306K - University of Texas at Austin': no usable link (cache)
[11158/40930] 'DCH604 - University of Texas at Austin': no usable link (cache)
[11159/40930] 'DES334C - University of Texas at Austin': no usable link (cache)
[11160/40930] 'E314J - University of Texas at Austin': no usable link (cache)
[11161/40930] 'E314L - University of Texas at Austin': no usable link (cache)
[11162/40930] 'ECO320L - University of Texas at Austin': no usable link (cache)
[11163/40930] 'ECO352K - University of Texas at Austin': no usable link (cache)
[11164/40930] 'ECO353K - University of Texas at Austin': no usable link (cache)
[11165/40930] 'ECO441K - University of Texas at Austin': no usable link (cache)
[11166/40930] 'EDP358D - University of Texas at Austin': no usable link (cache)
[11167/40930] 'EE333T - University of Texas at Austin': no usable link (cache)
[11168/40930] 'ACC3331 - University of Texas at Dallas': no usable link (cache)
[11169/40930] 'ACCT3331 - University of Texas at Dallas': no usable link (cache)
[11170/40930] 'ACCT3350 - University of Texas at Dallas': no usable link (cache)
[11171/40930] 'ACCT4334 - University of Texas at Dallas': no usable link (cache)
[11172/40930] 'ACCT4337 - University of Texas at Dallas': no usable link (cache)
[11173/40930] 'ACCT6202 - University of Texas at Dallas': no usable link (cache)
[11174/40930] 'ACCT6301 - University of Texas at Dallas': no usable link (cache)
[11175/40930] 'ACCT6330 - University of Texas at Dallas': no usable link (cache)
[11176/40930] 'ACCT6332 - University of Texas at Dallas': no usable link (cache)
[11177/40930] 'ACCT6333 - University of Texas at Dallas': no usable link (cache)
[11178/40930] 'ACCT6335 - University of Texas at Dallas': no usable link (cache)
[11179/40930] 'ACCT6344 - University of Texas at Dallas': no usable link (cache)
[11180/40930] 'ACCT6350 - University of Texas at Dallas': no usable link (cache)
[11181/40930] 'ACCT6353 - University of Texas at Dallas': no usable link (cache)
[11182/40930] 'ACCT6356 - University of Texas at Dallas': no usable link (cache)
[11183/40930] 'ACN6374 - University of Texas at Dallas': no usable link (cache)
[11184/40930] 'AMS2300 - University of Texas at Dallas': no usable link (cache)
[11185/40930] 'ANGM3304 - University of Texas at Dallas': no usable link (cache)
[11186/40930] 'ANGM3314 - University of Texas at Dallas': no usable link (cache)
[11187/40930] 'ARAB1312 - University of Texas at Dallas': no usable link (cache)
[11188/40930] 'ATCM2350 - University of Texas at Dallas': no usable link (cache)
[11189/40930] 'ATCM3305 - University of Texas at Dallas': no usable link (cache)
[11190/40930] 'ATCM3308 - University of Texas at Dallas': no usable link (cache)
[11191/40930] 'ATCM3311 - University of Texas at Dallas': no usable link (cache)
[11192/40930] 'ATCM4319 - University of Texas at Dallas': no usable link (cache)
[11193/40930] 'BA1320 - University of Texas at Dallas': no usable link (cache)
[11194/40930] 'BA2301 - University of Texas at Dallas': no usable link (cache)
[11195/40930] 'BA3105 - University of Texas at Dallas': no usable link (cache)
[11196/40930] 'BA3200 - University of Texas at Dallas': no usable link (cache)
[11197/40930] 'BA3300 - University of Texas at Dallas': no usable link (cache)
[11198/40930] 'BCOM3300 - University of Texas at Dallas': no usable link (cache)
[11199/40930] 'BCOM3310 - University of Texas at Dallas': no usable link (cache)
[11200/40930] 'BCOM4300 - University of Texas at Dallas': no usable link (cache)
[11201/40930] 'BIO2311 - University of Texas at Dallas': no usable link (cache)
[11202/40930] 'BIO3301 - University of Texas at Dallas': no usable link (cache)
[11203/40930] 'BIOL2281 - University of Texas at Dallas': no usable link (cache)
[11204/40930] 'BIOL3302 - University of Texas at Dallas': no usable link (cache)
[11205/40930] 'BIOL3318 - University of Texas at Dallas': no usable link (cache)
[11206/40930] 'BIOL3357 - University of Texas at Dallas': no usable link (cache)
[11207/40930] 'BIOL3361 - University of Texas at Dallas': no usable link (cache)
[11208/40930] 'BIOL3362 - University of Texas at Dallas': no usable link (cache)
[11209/40930] 'BIOL3402 - University of Texas at Dallas': no usable link (cache)
[11210/40930] 'BIOL3455 - University of Texas at Dallas': no usable link (cache)
[11211/40930] 'BIOL3456 - University of Texas at Dallas': no usable link (cache)
[11212/40930] 'BIOL4345 - University of Texas at Dallas': no usable link (cache)
[11213/40930] 'BLAW1301 - University of Texas at Dallas': no usable link (cache)
[11214/40930] 'BLAW2301HON - University of Texas at Dallas': no usable link (cache)
[11215/40930] 'BMEN1100 - University of Texas at Dallas': no usable link (cache)
[11216/40930] 'BMEN3399 - University of Texas at Dallas': no usable link (cache)
[11217/40930] 'BPS4395 - University of Texas at Dallas': no usable link (cache)
[11218/40930] 'BUAN6312 - University of Texas at Dallas': no usable link (cache)
[11219/40930] 'BUAN6320 - University of Texas at Dallas': no usable link (cache)
[11220/40930] 'BUAN6337 - University of Texas at Dallas': no usable link (cache)
[11221/40930] 'BUAN6346 - University of Texas at Dallas': no usable link (cache)
[11222/40930] 'BUAN6359 - University of Texas at Dallas': no usable link (cache)
[11223/40930] 'BUAN6398 - University of Texas at Dallas': no usable link (cache)
[11224/40930] 'CALC1326 - University of Texas at Dallas': no usable link (cache)
[11225/40930] 'CE1100 - University of Texas at Dallas': no usable link (cache)
[11226/40930] 'CHEM3472 - University of Texas at Dallas': no usable link (cache)
[11227/40930] 'CS1324 - University of Texas at Dallas': no usable link (cache)
[11228/40930] 'CS1334 - University of Texas at Dallas': no usable link (cache)
[11229/40930] 'CS1335 - University of Texas at Dallas': no usable link (cache)
[11230/40930] 'CS2336 - University of Texas at Dallas': no usable link (cache)
[11231/40930] 'CS3341 - University of Texas at Dallas': no usable link (cache)
[11232/40930] 'CS4301 - University of Texas at Dallas': no usable link (cache)
[11233/40930] 'CS4340 - University of Texas at Dallas': no usable link (cache)
[11234/40930] 'CS4341 - University of Texas at Dallas': no usable link (cache)
[11235/40930] 'CS4389 - University of Texas at Dallas': no usable link (cache)
[11236/40930] 'CS4393 - University of Texas at Dallas': no usable link (cache)
[11237/40930] 'CS4398 - University of Texas at Dallas': no usable link (cache)
[11238/40930] 'CS6313 - University of Texas at Dallas': no usable link (cache)
[11239/40930] 'CS6326 - University of Texas at Dallas': no usable link (cache)
[11240/40930] 'CS6343 - University of Texas at Dallas': no usable link (cache)
[11241/40930] 'CS6353 - University of Texas at Dallas': no usable link (cache)
[11242/40930] 'CS6360 - University of Texas at Dallas': no usable link (cache)
[11243/40930] 'CS6378 - University of Texas at Dallas': no usable link (cache)
[11244/40930] 'CS6390 - University of Texas at Dallas': no usable link (cache)
[11245/40930] 'ECS3390 - University of Texas at Dallas': no usable link (cache)
[11246/40930] 'EE1202 - University of Texas at Dallas': no usable link (cache)
[11247/40930] 'EE2300 - University of Texas at Dallas': no usable link (cache)
[11248/40930] 'EE2310 - University of Texas at Dallas': no usable link (cache)
[11249/40930] 'EE3320 - University of Texas at Dallas': no usable link (cache)
[11250/40930] 'EEPE6357 - University of Texas at Dallas': no usable link (cache)
[11251/40930] 'ACC1013 - University of Texas at San Antonio': no usable link (cache)
[11252/40930] 'ACC2033 - University of Texas at San Antonio': no usable link (cache)
[11253/40930] 'ACC3043 - University of Texas at San Antonio': no usable link (cache)
[11254/40930] 'ACC5163 - University of Texas at San Antonio': no usable link (cache)
[11255/40930] 'ACCT2033 - University of Texas at San Antonio': no usable link (cache)
[11256/40930] 'AIS1263 - University of Texas at San Antonio': no usable link (cache)
[11257/40930] 'ARC1113 - University of Texas at San Antonio': no usable link (cache)
[11258/40930] 'ARC1513 - University of Texas at San Antonio': no usable link (cache)
[11259/40930] 'ARC2423 - University of Texas at San Antonio': no usable link (cache)
[11260/40930] 'ARC6126 - University of Texas at San Antonio': no usable link (cache)
[11261/40930] 'ARCH2413 - University of Texas at San Antonio': no usable link (cache)
[11262/40930] 'AST1013 - University of Texas at San Antonio': no usable link (cache)
[11263/40930] 'AST1033 - University of Texas at San Antonio': no usable link (cache)
[11264/40930] 'BIO1013 - University of Texas at San Antonio': no usable link (cache)
[11265/40930] 'BIO1233 - University of Texas at San Antonio': no usable link (cache)
[11266/40930] 'BIO1243 - University of Texas at San Antonio': no usable link (cache)
[11267/40930] 'BIO2053 - University of Texas at San Antonio': no usable link (cache)
[11268/40930] 'BIO2083 - University of Texas at San Antonio': no usable link (cache)
[11269/40930] 'BIO3413 - University of Texas at San Antonio': no usable link (cache)
[11270/40930] 'BIO3422 - University of Texas at San Antonio': no usable link (cache)
[11271/40930] 'BIO3433 - University of Texas at San Antonio': no usable link (cache)
[11272/40930] 'BIO4453 - University of Texas at San Antonio': no usable link (cache)
[11273/40930] 'CAL1214 - University of Texas at San Antonio': no usable link (cache)
[11274/40930] 'CAL1224 - University of Texas at San Antonio': no usable link (cache)
[11275/40930] 'CANDI4543 - University of Texas at San Antonio': no usable link (cache)
[11276/40930] 'CANDL4303 - University of Texas at San Antonio': no usable link (cache)
[11277/40930] 'CE3103 - University of Texas at San Antonio': no usable link (cache)
[11278/40930] 'CH1121 - University of Texas at San Antonio': no usable link (cache)
[11279/40930] 'CHE1103 - University of Texas at San Antonio': no usable link (cache)
[11280/40930] 'CHE1113 - University of Texas at San Antonio': no usable link (cache)
[11281/40930] 'CHE1120 - University of Texas at San Antonio': no usable link (cache)
[11282/40930] 'CHE1121 - University of Texas at San Antonio': no usable link (cache)
[11283/40930] 'CHE1131 - University of Texas at San Antonio': no usable link (cache)
[11284/40930] 'CHE2603 - University of Texas at San Antonio': no usable link (cache)
[11285/40930] 'CHE2612 - University of Texas at San Antonio': no usable link (cache)
[11286/40930] 'CHE3643 - University of Texas at San Antonio': no usable link (cache)
[11287/40930] 'CHEM3643 - University of Texas at San Antonio': no usable link (cache)
[11288/40930] 'CHS1213 - University of Texas at San Antonio': no usable link (cache)
[11289/40930] 'CLA2023 - University of Texas at San Antonio': no usable link (cache)
[11290/40930] 'CLA2033 - University of Texas at San Antonio': no usable link (cache)
[11291/40930] 'CO1083 - University of Texas at San Antonio': no usable link (cache)
[11292/40930] 'COM1043 - University of Texas at San Antonio': no usable link (cache)
[11293/40930] 'COM1053 - University of Texas at San Antonio': no usable link (cache)
[11294/40930] 'COM2113 - University of Texas at San Antonio': no usable link (cache)
[11295/40930] 'COM3023 - University of Texas at San Antonio': no usable link (cache)
[11296/40930] 'COM3073 - University of Texas at San Antonio': no usable link (cache)
[11297/40930] 'COM3083 - University of Texas at San Antonio': no usable link (cache)
[11298/40930] 'COM3113 - University of Texas at San Antonio': no usable link (cache)
[11299/40930] 'COM3243 - University of Texas at San Antonio': no usable link (cache)
[11300/40930] 'CRIM3322 - University of Texas at San Antonio': no usable link (cache)
[11301/40930] 'CRJ1113 - University of Texas at San Antonio': no usable link (cache)
[11302/40930] 'CRJ2153 - University of Texas at San Antonio': no usable link (cache)
[11303/40930] 'CRJ2813 - University of Texas at San Antonio': no usable link (cache)
[11304/40930] 'CS2233 - University of Texas at San Antonio': no usable link (cache)
[11305/40930] 'CS2713 - University of Texas at San Antonio': no usable link (cache)
[11306/40930] 'CS3753 - University of Texas at San Antonio': no usable link (cache)
[11307/40930] 'CS3793 - University of Texas at San Antonio': no usable link (cache)
[11308/40930] 'CS3843 - University of Texas at San Antonio': no usable link (cache)
[11309/40930] 'CS3844 - University of Texas at San Antonio': no usable link (cache)
[11310/40930] 'CS4653 - University of Texas at San Antonio': no usable link (cache)
[11311/40930] 'CS4833 - University of Texas at San Antonio': no usable link (cache)
[11312/40930] 'CS5153 - University of Texas at San Antonio': no usable link (cache)
[11313/40930] 'DEVEL2503 - University of Texas at San Antonio': no usable link (cache)
[11314/40930] 'ECO3113 - University of Texas at San Antonio': no usable link (cache)
[11315/40930] 'ECO6113 - University of Texas at San Antonio': no usable link (cache)
[11316/40930] 'EDU3303 - University of Texas at San Antonio': no usable link (cache)
[11317/40930] 'EE3463 - University of Texas at San Antonio': no usable link (cache)
[11318/40930] 'ENG1023 - University of Texas at San Antonio': no usable link (cache)
[11319/40930] 'ENG2433 - University of Texas at San Antonio': no usable link (cache)
[11320/40930] 'ENG4953 - University of Texas at San Antonio': no usable link (cache)
[11321/40930] 'ACCTG3600 - University of Utah': no usable link (cache)
[11322/40930] 'ACCTG5120 - University of Utah': no usable link (cache)
[11323/40930] 'ARCH1615 - University of Utah': no usable link (cache)
[11324/40930] 'ARCH1632 - University of Utah': no usable link (cache)
[11325/40930] 'ARCH2632 - University of Utah': no usable link (cache)
[11326/40930] 'ART1010 - University of Utah': no usable link (cache)
[11327/40930] 'ART2200 - University of Utah': no usable link (cache)
[11328/40930] 'ART2250 - University of Utah': no usable link (cache)
[11329/40930] 'ART2400 - University of Utah': no usable link (cache)
[11330/40930] 'ART3130 - University of Utah': no usable link (cache)
[11331/40930] 'ART3330 - University of Utah': no usable link (cache)
[11332/40930] 'ART4130 - University of Utah': no usable link (cache)
[11333/40930] 'BCOR2020 - University of Utah': no usable link (cache)
[11334/40930] 'BCOR3020 - University of Utah': no usable link (cache)
[11335/40930] 'BCOR3030 - University of Utah': no usable link (cache)
[11336/40930] 'BIO1610 - University of Utah': no usable link (cache)
[11337/40930] 'BIO1620 - University of Utah': no usable link (cache)
[11338/40930] 'BIO2420 - University of Utah': no usable link (cache)
[11339/40930] 'BIO3380 - University of Utah': no usable link (cache)
[11340/40930] 'BIOL1210 - University of Utah': no usable link (cache)
[11341/40930] 'BIOL2325 - University of Utah': no usable link (cache)
[11342/40930] 'BIOL2420 - University of Utah': no usable link (cache)
[11343/40930] 'BIOL3205 - University of Utah': no usable link (cache)
[11344/40930] 'BIOL3665 - University of Utah': no usable link (cache)
[11345/40930] 'BUS1050 - University of Utah': no usable link (cache)
[11346/40930] 'BUS1051 - University of Utah': no usable link (cache)
[11347/40930] 'BUS3800 - University of Utah': no usable link (cache)
[11348/40930] 'BUS3900 - University of Utah': no usable link (cache)
[11349/40930] 'CHEM1215 - University of Utah': no usable link (cache)
[11350/40930] 'CHEM2325 - University of Utah': no usable link (cache)
[11351/40930] 'CHEM3100 - University of Utah': no usable link (cache)
[11352/40930] 'CHEN1705 - University of Utah': no usable link (cache)
[11353/40930] 'CHEN2300 - University of Utah': no usable link (cache)
[11354/40930] 'CHEN3853 - University of Utah': no usable link (cache)
[11355/40930] 'CMP4010 - University of Utah': no usable link (cache)
[11356/40930] 'COMM3030 - University of Utah': no usable link (cache)
[11357/40930] 'COMM3710 - University of Utah': no usable link (cache)
[11358/40930] 'CVEEN2010 - University of Utah': no usable link (cache)
[11359/40930] 'ECE2280 - University of Utah': no usable link (cache)
[11360/40930] 'ECON5180 - University of Utah': no usable link (cache)
[11361/40930] 'ECON5190 - University of Utah' (cache): SAVED top 1 -> https://class-tools.app.utah.edu/syllabus/1218/14935/2021_Fall_ECON_5190-6190_Syllabus.docx
[11362/40930] 'EDPS2030 - University of Utah': no usable link (cache)
[11363/40930] 'ENG2010 - University of Utah': no usable link (cache)
[11364/40930] 'ENGIN5030 - University of Utah' (cache): SAVED top 1 -> https://www.educatly.com/program/694724/engin-5030-patent-law-and-strategy
[11365/40930] 'ENGL2085 - University of Utah' (cache): SAVED top 1 -> https://blaketillman.github.io/CourseAnalyzer/courses/ENGL/2085.html
[11366/40930] 'ENGL3510 - University of Utah' (cache): SAVED top 1 -> https://class-tools.app.utah.edu/syllabus/1258/5101/ENGL3510_Fall2025.pdf
[11367/40930] 'ALE1210 - University of Vermont' (cache): SAVED top 1 -> https://vtrans.vermont.gov/sites/aot/files/Research/2025%20Symposium/Presentation%20Slides/MC10%20-%20Vermont%20Symposium%202025%20-%20Allium%20Slides.pdf
[11368/40930] 'ANPS1190 - University of Vermont': no usable link (cache)
[11369/40930] 'ANPS1200 - University of Vermont': no usable link (cache)
[11370/40930] 'ANTH021 - University of Vermont': no usable link (cache)
[11371/40930] 'ANTH026 - University of Vermont': no usable link (cache)
[11372/40930] 'ANTH095 - University of Vermont': no usable link (cache)
[11373/40930] 'ANTH096 - University of Vermont': no usable link (cache)
[11374/40930] 'ANTH1190 - University of Vermont' (cache): SAVED top 1 -> https://langaracourses.ca/courses/anth-1190
[11375/40930] 'ANTH26 - University of Vermont': no usable link (cache)
[11376/40930] 'ART3000 - University of Vermont' (cache): SAVED top 1 -> https://vtrans.vermont.gov/sites/aot/files/Research/2025%20Symposium/Presentation%20Slides/MC10%20-%20Vermont%20Symposium%202025%20-%20Allium%20Slides.pdf
[11377/40930] 'ARTS114 - University of Vermont' (cache): SAVED top 1 -> https://dcfwfuaf91uza.cloudfront.net/online/wp-content/uploads/ARTS114_CourseGuide.pdf
[11378/40930] 'ARTS148 - University of Vermont': no usable link (cache)
[11379/40930] 'ARTS2220 - University of Vermont' (cache): SAVED top 1 -> https://vtrans.vermont.gov/sites/aot/files/Research/2025%20Symposium/Presentation%20Slides/MC10%20-%20Vermont%20Symposium%202025%20-%20Allium%20Slides.pdf
[11380/40930] 'ARTS2720 - University of Vermont': no usable link (cache)
[11381/40930] 'ARTS3910 - University of Vermont' (cache): SAVED top 1 -> https://vtrans.vermont.gov/sites/aot/files/Research/2025%20Symposium/Presentation%20Slides/MC10%20-%20Vermont%20Symposium%202025%20-%20Allium%20Slides.pdf
[11382/40930] 'ARTTS1100 - University of Vermont': no usable link (cache)
[11383/40930] 'AT158 - University of Vermont' (cache): SAVED top 1 -> https://uvm.uloop.com/course-notes/6688-AT/11487574-AT-158-Fundamentals-of-Athletic-Training
[11384/40930] 'BASAD040 - University of Vermont': no usable link (cache)
[11385/40930] 'BASD40 - University of Vermont': no usable link (cache)
[11386/40930] 'BCOR011 - University of Vermont': no usable link (cache)
[11387/40930] 'BCOR012 - University of Vermont': no usable link (cache)
[11388/40930] 'BCOR101 - University of Vermont': no usable link (cache)
[11389/40930] 'BCOR102 - University of Vermont' (cache): SAVED top 1 -> https://gotellilab.github.io/BCOR-102-Notes/BCOR_LECTURE_NOTES.pdf
[11390/40930] 'BCOR103 - University of Vermont': no usable link (cache)
[11391/40930] 'BCOR12 - University of Vermont': no usable link (cache)
[11392/40930] 'BCOR1400 - University of Vermont': no usable link (cache)
[11393/40930] 'BCOR1425 - University of Vermont': no usable link (cache)
[11394/40930] 'BCOR1450 - University of Vermont': no usable link (cache)
[11395/40930] 'BCOR2100 - University of Vermont': no usable link (cache)
[11396/40930] 'BIOC3001 - University of Vermont': no usable link (cache)
[11397/40930] 'BIOL095 - University of Vermont': no usable link (cache)
[11398/40930] 'BIOL1029 - University of Vermont' (cache): SAVED top 1 -> https://soton.rl.talis.com/modules/biol1029.html
[11399/40930] 'BIOL1450 - University of Vermont' (cache): SAVED top 1 -> https://uvm.uloop.com/course-notes/11212-BIOL/36475852-BIOL-1450-1450
[11400/40930] 'BSAD010 - University of Vermont' (cache): SAVED top 1 -> https://vtrans.vermont.gov/sites/aot/files/Research/2025%20Symposium/Presentation%20Slides/MC10%20-%20Vermont%20Symposium%202025%20-%20Allium%20Slides.pdf
[11401/40930] 'BSAD015 - University of Vermont': no usable link (cache)
[11402/40930] 'BSAD020 - University of Vermont': no usable link (cache)
[11403/40930] 'BSAD040 - University of Vermont': no usable link (cache)
[11404/40930] 'BSAD1130 - University of Vermont': no usable link (cache)
[11405/40930] 'BSAD141 - University of Vermont' (cache): SAVED top 1 -> https://uvm.uloop.com/course-notes/4903-BSAD/4017648-BSAD-141-Mgmt-Information-Systems
[11406/40930] 'BSAD147 - University of Vermont': no usable link (cache)
[11407/40930] 'BSAD150 - University of Vermont': no usable link (cache)
[11408/40930] 'BSAD180 - University of Vermont' (cache): SAVED top 1 -> https://uvm.uloop.com/course-notes/4903-BSAD/4017716-BSAD-180-Managerial-Finance
[11409/40930] 'BSAD192A - University of Vermont': no usable link (cache)
[11410/40930] 'BSAD40 - University of Vermont': no usable link (cache)
[11411/40930] 'BUS1101 - University of Vermont' (cache): SAVED top 1 -> https://github.com/rubwexler/BUS1101
[11412/40930] 'BUS1120 - University of Vermont' (cache): SAVED top 1 -> https://syllabus.ancoraed.com/SyllabusDocs/FullPdf/MMOP/Online/Mod/BUS1120.pdf
[11413/40930] 'BUS1130 - University of Vermont': no usable link (cache)
[11414/40930] 'BUS1140 - University of Vermont': no usable link (cache)
[11415/40930] 'BUS1190 - University of Vermont': no usable link (cache)
[11416/40930] 'BUS2150 - University of Vermont' (cache): SAVED top 1 -> https://vtrans.vermont.gov/sites/aot/files/Research/2025%20Symposium/Presentation%20Slides/MC10%20-%20Vermont%20Symposium%202025%20-%20Allium%20Slides.pdf
[11417/40930] 'CALS002 - University of Vermont' (cache): SAVED top 1 -> https://uvm.uloop.com/course-notes/253242-CALS/1101059-CALS-2-FOUNDATIONS-INFORMATION-TECHNOLOGY
[11418/40930] 'CALS085 - University of Vermont': no usable link (cache)
[11419/40930] 'CALS1020 - University of Vermont': no usable link (cache)
[11420/40930] 'CAS1722 - University of Vermont': no usable link (cache)
[11421/40930] 'CDAE024 - University of Vermont': no usable link (cache)
[11422/40930] 'CDAE1240 - University of Vermont': no usable link (cache)
[11423/40930] 'CDAE166 - University of Vermont': no usable link (cache)
[11424/40930] 'CDAE2270 - University of Vermont': no usable link (cache)
[11425/40930] 'CDAE254 - University of Vermont': no usable link (cache)
[11426/40930] 'CDAE266 - University of Vermont' (cache): SAVED top 1 -> http://vermontchineseschool.org/files/CDAE266class052.ppt
[11427/40930] 'CDAE2660 - University of Vermont': no usable link (cache)
[11428/40930] 'CHEM023 - University of Vermont' (cache): SAVED top 1 -> https://uvm.uloop.com/course-notes/6701-CHEM/246723-CHEM-23-Outline-of-General-Chemistry
[11429/40930] 'CHEM026 - University of Vermont': no usable link (cache)
[11430/40930] 'CHEM026A - University of Vermont': no usable link (cache)
[11431/40930] 'CHEM036 - University of Vermont': no usable link (cache)
[11432/40930] 'CHEM1580 - University of Vermont': no usable link (cache)
[11433/40930] 'CHEM2580 - University of Vermont': no usable link (cache)
[11434/40930] 'CHIN051 - University of Vermont': no usable link (cache)
[11435/40930] 'CHIN052 - University of Vermont' (cache): SAVED top 1 -> https://vtrans.vermont.gov/sites/aot/files/Research/2025%20Symposium/Presentation%20Slides/MC10%20-%20Vermont%20Symposium%202025%20-%20Allium%20Slides.pdf
[11436/40930] 'CLAS095 - University of Vermont': no usable link (cache)
[11437/40930] 'CLAS258 - University of Vermont': no usable link (cache)
[11438/40930] 'CLAS42 - University of Vermont': no usable link (cache)
[11439/40930] 'CRES061 - University of Vermont': no usable link (cache)
[11440/40930] 'CRES065 - University of Vermont': no usable link (cache)
[11441/40930] 'CRES1811 - University of Vermont': no usable link (cache)
[11442/40930] 'CRES1881 - University of Vermont' (cache): SAVED top 1 -> https://vtrans.vermont.gov/sites/aot/files/Research/2025%20Symposium/Presentation%20Slides/MC10%20-%20Vermont%20Symposium%202025%20-%20Allium%20Slides.pdf
[11443/40930] 'CS064 - University of Vermont': no usable link (cache)
[11444/40930] 'CS1210 - University of Vermont' (cache): SAVED top 1 -> https://github.com/dakotasteel/CS-1210
[11445/40930] 'CS2240 - University of Vermont' (cache): SAVED top 1 -> https://cs2240.graphics/
[11446/40930] 'CS266 - University of Vermont' (cache): SAVED top 1 -> https://angom.myweb.cs.uwindsor.ca/teaching/cs266/cs266.html
[11447/40930] 'EC010 - University of Vermont': no usable link (cache)
[11448/40930] 'EC011 - University of Vermont': no usable link (cache)
[11449/40930] 'EC120 - University of Vermont' (cache): SAVED top 1 -> https://www.readkong.com/page/ec120-introduction-to-microeconomics-tammy-schirle-9990379
[11450/40930] 'EC171 - University of Vermont': no usable link (cache)
[11451/40930] 'ECLD056 - University of Vermont': no usable link (cache)
[11452/40930] 'EDEL158 - University of Vermont' (cache): SAVED top 1 -> https://www.facebook.com/uvmcess/posts/working-with-makeblock-robots-mbots-in-matt-chandlers-edel-158-teaching-science-/5222229704502519/
[11453/40930] 'EDFS001 - University of Vermont': no usable link (cache)
[11454/40930] 'EDFS1010 - University of Vermont': no usable link (cache)
[11455/40930] 'EDHE050 - University of Vermont': no usable link (cache)
[11456/40930] 'EDHE146 - University of Vermont': no usable link (cache)
[11457/40930] 'EDSC050 - University of Vermont': no usable link (cache)
[11458/40930] 'EDSC207 - University of Vermont': no usable link (cache)
[11459/40930] 'EDSC209 - University of Vermont': no usable link (cache)
[11460/40930] 'EDSC4300 - University of Vermont': no usable link (cache)
[11461/40930] 'EDSC50 - University of Vermont': no usable link (cache)
[11462/40930] 'EE131 - University of Vermont': no usable link (cache)
[11463/40930] 'EE2125 - University of Vermont': no usable link (cache)
[11464/40930] 'ENG053 - University of Vermont': no usable link (cache)
[11465/40930] 'ENG086 - University of Vermont': no usable link (cache)
[11466/40930] 'ENG137 - University of Vermont': no usable link (cache)
[11467/40930] 'ENG86 - University of Vermont': no usable link (cache)
[11468/40930] 'ENGL1112B - University of Vermont': no usable link (cache)
[11469/40930] 'ENGL1124 - University of Vermont': no usable link (cache)
[11470/40930] 'ENGL1702 - University of Vermont': no usable link (cache)
[11471/40930] 'ENGL1730 - University of Vermont': no usable link (cache)
[11472/40930] 'ANTH348 - University of Victoria' (cache): SAVED top 1 -> https://mcgill.courses/course/ANTH-348
[11473/40930] 'ANTH394 - University of Victoria': no usable link (cache)
[11474/40930] 'ANTH397 - University of Victoria': no usable link (cache)
[11475/40930] 'ANTH398 - University of Victoria': no usable link (cache)
[11476/40930] 'ASL100A - University of Victoria': no usable link (cache)
[11477/40930] 'ASL100B - University of Victoria' (cache): SAVED top 1 -> https://www.victorialabalme.com/wp-content/uploads/2025/05/Victoria-Labalme-Keynote-Slides-LCoC-Risk-Forward-5-1-25.pdf
[11478/40930] 'ATWP135 - University of Victoria': no usable link (cache)
[11479/40930] 'BIDA301 - University of Victoria': no usable link (cache)
[11480/40930] 'BIO150B - University of Victoria': no usable link (cache)
[11481/40930] 'BIO190A - University of Victoria': no usable link (cache)
[11482/40930] 'BIO190AB - University of Victoria': no usable link (cache)
[11483/40930] 'BIO190B - University of Victoria': no usable link (cache)
[11484/40930] 'BIOC299 - University of Victoria' (cache): SAVED top 1 -> https://blakedyer.github.io/curriculum_atlas/courses/BIOC299.html
[11485/40930] 'BIOC300A - University of Victoria' (cache): SAVED top 1 -> https://blakedyer.github.io/curriculum_atlas/courses/BIOC300A.html
[11486/40930] 'BIOC404 - University of Victoria' (cache): SAVED top 1 -> https://www.ufv.ca/calendar/CourseOutlines/PDFs/BIOC/BIOC404-20260424.pdf
[11487/40930] 'BIOL150A - University of Victoria' (cache): SAVED top 1 -> https://blakedyer.github.io/curriculum_atlas/courses/BIOL150A.html
[11488/40930] 'BIOL184 - University of Victoria' (cache): SAVED top 1 -> https://blakedyer.github.io/curriculum_atlas/courses/BIOL184.html
[11489/40930] 'BIOL190A - University of Victoria': no usable link (cache)
[11490/40930] 'BIOL190B - University of Victoria': no usable link (cache)
[11491/40930] 'BIOL248 - University of Victoria': no usable link (cache)
[11492/40930] 'BIOL409A - University of Victoria': no usable link (cache)
[11493/40930] 'BIOL438 - University of Victoria' (cache): SAVED top 1 -> https://blakedyer.github.io/curriculum_atlas/courses/BIOL438.html
[11494/40930] 'BIOL459 - University of Victoria' (cache): SAVED top 1 -> http://www.yjhco.com/science/biology/assets/docs/course-outlines/202409/biol-459.pdf
[11495/40930] 'CENG255 - University of Victoria': no usable link (cache)
[11496/40930] 'CENG455 - University of Victoria' (cache): SAVED top 1 -> https://github.com/gregjcdyer/ceng455
[11497/40930] 'CHEM347 - University of Victoria': no usable link (cache)
[11498/40930] 'CHEM432 - University of Victoria': no usable link (cache)
[11499/40930] 'CIVE350 - University of Victoria': no usable link (cache)
[11500/40930] 'COM206 - University of Victoria': no usable link (cache)
[11501/40930] 'COM206C - University of Victoria': no usable link (cache)
[11502/40930] 'COM435 - University of Victoria' (cache): SAVED top 1 -> https://com435.fandom.com/wiki/Com435_Wiki
[11503/40930] 'CSC502 - University of Victoria' (cache): SAVED top 1 -> https://github.com/thomouvic/CSC502
[11504/40930] 'CSC503 - University of Victoria' (cache): SAVED top 1 -> https://github.com/Uncle-Solomon/CSC-503-Data-Mining-Project/blob/master/Presentation%20Slides_csc_503.pdf
[11505/40930] 'CSC571 - University of Victoria': no usable link (cache)
[11506/40930] 'ECE255 - University of Victoria': no usable link (cache)
[11507/40930] 'ECE299 - University of Victoria' (cache): SAVED top 1 -> https://github.com/D-bit-rgb/ECE_299_Design
[11508/40930] 'ECE335 - University of Victoria' (cache): SAVED top 1 -> https://github.com/pleppyy/ECE335-Notes
[11509/40930] 'ECE503 - University of Victoria': no usable link (cache)
[11510/40930] 'ECO104 - University of Victoria' (cache): SAVED top 1 -> https://github.com/ewu-econ/eco104/tree/main/slides
[11511/40930] 'ECON405A - University of Victoria': no usable link (cache)
[11512/40930] 'ECON405B - University of Victoria': no usable link (cache)
[11513/40930] 'EDCI336 - University of Victoria' (cache): SAVED top 1 -> https://edtechuvic.ca/edci336/2025/09/08/class-1-introduction-2/
[11514/40930] 'EDCI339 - University of Victoria' (cache): SAVED top 1 -> https://cmadland.github.io/edci339/
[11515/40930] 'ELEC360 - University of Victoria' (cache): SAVED top 1 -> http://uvicnotes.github.io/ELEC-360/
[11516/40930] 'ELEC365 - University of Victoria': no usable link (cache)
[11517/40930] 'ELEC450 - University of Victoria': no usable link (cache)
[11518/40930] 'ELEC482 - University of Victoria': no usable link (cache)
[11519/40930] 'ELEC488 - University of Victoria': no usable link (cache)
[11520/40930] 'ENG200A - University of Victoria': no usable link (cache)
[11521/40930] 'ENG366B - University of Victoria': no usable link (cache)
[11522/40930] 'ENG366C - University of Victoria': no usable link (cache)
[11523/40930] 'ENG414A - University of Victoria': no usable link (cache)
[11524/40930] 'ENG437A - University of Victoria': no usable link (cache)
[11525/40930] 'ENG439 - University of Victoria': no usable link (cache)
[11526/40930] 'ENGL200A - University of Victoria': no usable link (cache)
[11527/40930] 'ENGL200C - University of Victoria': no usable link (cache)
[11528/40930] 'ENGL366B - University of Victoria' (cache): SAVED top 1 -> https://www.ufv.ca/calendar/CourseOutlines/PDFs/ENGL/ENGL366-20101001.pdf
[11529/40930] 'ENGL366C - University of Victoria' (cache): SAVED top 1 -> https://janellejenstad.com/wp-content/uploads/2020/03/engl366c_completionplan.pdf
[11530/40930] 'ENGL414A - University of Victoria': no usable link (cache)
[11531/40930] 'ENGL429C - University of Victoria' (cache): SAVED top 1 -> https://jentery.github.io/engl429C/
[11532/40930] 'ENGL437A - University of Victoria': no usable link (cache)
[11533/40930] 'AMEL247 - University of Virginia': no usable link (cache)
[11534/40930] 'AMST2753 - University of Virginia' (cache): SAVED top 1 -> https://thecourseforum.com/course/AMST/2753/
[11535/40930] 'ANTH1010 - University of Virginia' (cache): SAVED top 1 -> https://www.semesteratsea.org/wp-content/uploads/sas_courses/Everett_ANTH-1010_Intro-to-Anth.pdf
[11536/40930] 'APMA1090 - University of Virginia' (cache): SAVED top 1 -> https://academicsupport.virginia.edu/apma1090
[11537/40930] 'APMA1110 - University of Virginia' (cache): SAVED top 1 -> https://academicsupport.virginia.edu/apma1110
[11538/40930] 'APMA2120 - University of Virginia' (cache): SAVED top 1 -> https://thecourseforum.com/course/APMA/2120/
[11539/40930] 'APMA2130 - University of Virginia' (cache): SAVED top 1 -> https://huynguyen04.github.io/teaching/apma2130-teaching-assistant
[11540/40930] 'APMA308 - University of Virginia': no usable link (cache)
[11541/40930] 'APMA3080 - University of Virginia' (cache): SAVED top 1 -> https://virginia.uloop.com/course-notes/12566-APMA/730590-APMA-3080-Linear-Algebra
[11542/40930] 'APMA3100 - University of Virginia' (cache): SAVED top 1 -> https://thecourseforum.com/course/APMA/3100/
[11543/40930] 'ARH101 - University of Virginia' (cache): SAVED top 1 -> https://courseplayer.avalearning.com/nweb/ARH101/ARH101_Course_Overview.pdf
[11544/40930] 'ARTH1503 - University of Virginia' (cache): SAVED top 1 -> https://thecourseforum.com/course/ARTH/1503/
[11545/40930] 'ARTH222 - University of Virginia': no usable link (cache)
[11546/40930] 'ARTS161 - University of Virginia' (cache): SAVED top 1 -> https://virginia.slideroom.com/
[11547/40930] 'ARTS2672 - University of Virginia' (cache): SAVED top 1 -> https://thecourseforum.com/course/ARTS/2672/
[11548/40930] 'ASTR1210 - University of Virginia' (cache): SAVED top 1 -> https://rwoconne.github.io/rwoclass/astr1210/index.html
[11549/40930] 'ASTR124 - University of Virginia': no usable link (cache)
[11550/40930] 'ASTR1270 - University of Virginia' (cache): SAVED top 1 -> https://thecourseforum.com/course/ASTR/1270/
[11551/40930] 'ASTR3450 - University of Virginia' (cache): SAVED top 1 -> https://thecourseforum.com/course/ASTR/3450/Spring%202025
[11552/40930] 'BIO2100 - University of Virginia': no usable link (cache)
[11553/40930] 'BIOL3410 - University of Virginia' (cache): SAVED top 1 -> https://thecourseforum.com/course/BIOL/3410/
[11554/40930] 'BIOL431 - University of Virginia': no usable link (cache)
[11555/40930] 'CCFA202 - University of Virginia': no usable link (cache)
[11556/40930] 'CHEM1410 - University of Virginia' (cache): SAVED top 1 -> https://academicsupport.virginia.edu/chem1410
[11557/40930] 'CHEM1420 - University of Virginia' (cache): SAVED top 1 -> https://academicsupport.virginia.edu/chem1420
[11558/40930] 'CHEM1610 - University of Virginia' (cache): SAVED top 1 -> https://thecourseforum.com/course/CHEM/1610/Fall%202024
[11559/40930] 'CHEM2410 - University of Virginia' (cache): SAVED top 1 -> https://academicsupport.virginia.edu/chem2410
[11560/40930] 'CHEM2420 - University of Virginia' (cache): SAVED top 1 -> https://academicsupport.virginia.edu/chem2420
[11561/40930] 'COLA1500 - University of Virginia' (cache): SAVED top 1 -> https://thecourseforum.com/course/COLA/1500/
[11562/40930] 'COMM3010 - University of Virginia' (cache): SAVED top 1 -> https://thecourseforum.com/course/COMM/3010/?latest=false
[11563/40930] 'CS3710 - University of Virginia' (cache): SAVED top 1 -> https://cs3710.kernelmethod.org/slides/
[11564/40930] 'ECOCN201 - University of Virginia': no usable link (cache)
[11565/40930] 'EDIS5820 - University of Virginia' (cache): SAVED top 1 -> https://thecourseforum.com/course/EDIS/5820/
[11566/40930] 'EGMT1520 - University of Virginia' (cache): SAVED top 1 -> https://engagements.as.virginia.edu/egmt-1520-empirical-and-scientific-engagement
[11567/40930] 'ENEC340 - University of Virginia': no usable link (cache)
[11568/40930] 'ENGL2506 - University of Virginia' (cache): SAVED top 1 -> https://guides.lib.virginia.edu/engl2506/poetry/access
[11569/40930] 'ACCT435 - University of Washington' (cache): SAVED top 1 -> https://acsenda.com/acct435/
[11570/40930] 'AMATH301 - University of Washington' (cache): SAVED top 1 -> https://github.com/tallamjr/amath301
[11571/40930] 'AMATH352 - University of Washington' (cache): SAVED top 1 -> https://github.com/ax-95174/uwash-course-notes/blob/main/amath/amath352-notes.pdf
[11572/40930] 'BB310 - University of Washington': no usable link (cache)
[11573/40930] 'BBIO180 - University of Washington': no usable link (cache)
[11574/40930] 'BBIO180A - University of Washington': no usable link (cache)
[11575/40930] 'BBIO200 - University of Washington': no usable link (cache)
[11576/40930] 'BBIO220 - University of Washington': no usable link (cache)
[11577/40930] 'BBIO351 - University of Washington' (cache): SAVED top 1 -> https://faculty.washington.edu/crowther/Teaching/BBIO351/
[11578/40930] 'BBIO352 - University of Washington': no usable link (cache)
[11579/40930] 'BBIO360 - University of Washington': no usable link (cache)
[11580/40930] 'BBIO365 - University of Washington' (cache): SAVED top 1 -> https://courses.washington.edu/bio356/notes.htm
[11581/40930] 'BBIO370 - University of Washington': no usable link (cache)
[11582/40930] 'BBIO380 - University of Washington': no usable link (cache)
[11583/40930] 'BBIO466 - University of Washington': no usable link (cache)
[11584/40930] 'BBIO495 - University of Washington': no usable link (cache)
[11585/40930] 'BBUS210 - University of Washington': no usable link (cache)
[11586/40930] 'BBUS210A - University of Washington': no usable link (cache)
[11587/40930] 'BBUS211A - University of Washington': no usable link (cache)
[11588/40930] 'BBUS215 - University of Washington' (cache): SAVED top 1 -> https://scholarfriends.com/singlePaper/269586/bbus-215-genkin-winter-2017-university-of-washington-bbus-215
[11589/40930] 'BBUS220 - University of Washington' (cache): SAVED top 1 -> https://faculty.washington.edu/cnedita/index_files/bbus220.htm
[11590/40930] 'BBUS221 - University of Washington' (cache): SAVED top 1 -> https://faculty.washington.edu/cnedita/index_files/bbus221.htm
[11591/40930] 'BBUS305 - University of Washington': no usable link (cache)
[11592/40930] 'BBUS310 - University of Washington' (cache): SAVED top 1 -> https://faculty.washington.edu/cameliab/teaching/BBus310/
[11593/40930] 'BBUS320 - University of Washington' (cache): SAVED top 1 -> https://guides.lib.uw.edu/bothell/busdatabases/BBUS320
[11594/40930] 'BBUS330 - University of Washington': no usable link (cache)
[11595/40930] 'BBUS340 - University of Washington': no usable link (cache)
[11596/40930] 'BBUS350 - University of Washington' (cache): SAVED top 1 -> https://www.washington.edu/students/icd/B/bbus/350uince.html
[11597/40930] 'BBUS361 - University of Washington': no usable link (cache)
[11598/40930] 'BBUS362 - University of Washington': no usable link (cache)
[11599/40930] 'BBUS373 - University of Washington' (cache): SAVED top 1 -> https://www.cs.washington.edu/education/courses/373/05wi/slides/slides.html
[11600/40930] 'BBUS423 - University of Washington': no usable link (cache)
[11601/40930] 'BBUS426 - University of Washington': no usable link (cache)
[11602/40930] 'BBUS431 - University of Washington': no usable link (cache)
[11603/40930] 'BBUS435 - University of Washington': no usable link (cache)
[11604/40930] 'BBUS438 - University of Washington': no usable link (cache)
[11605/40930] 'BBUS443 - University of Washington' (cache): SAVED top 1 -> https://www.washington.edu/students/icd/B/bbus/443leonga.html
[11606/40930] 'BBUS450 - University of Washington': no usable link (cache)
[11607/40930] 'BBUS451 - University of Washington': no usable link (cache)
[11608/40930] 'BBUS454 - University of Washington' (cache): SAVED top 1 -> https://courses.cs.washington.edu/courses/csep548/05sp/lectures/
[11609/40930] 'BBUS465 - University of Washington': no usable link (cache)
[11610/40930] 'BBUS470 - University of Washington' (cache): SAVED top 1 -> https://faculty.washington.edu/laverty/470/winter2012/BBUS_470_Syl_Sched_W12_010512.pdf
[11611/40930] 'BBUS480 - University of Washington': no usable link (cache)
[11612/40930] 'BCHEM139 - University of Washington': no usable link (cache)
[11613/40930] 'BCHEM143B - University of Washington': no usable link (cache)
[11614/40930] 'BCHEM144 - University of Washington': no usable link (cache)
[11615/40930] 'BCHEM153 - University of Washington': no usable link (cache)
[11616/40930] 'BCHEM154 - University of Washington': no usable link (cache)
[11617/40930] 'BCHEM163 - University of Washington': no usable link (cache)
[11618/40930] 'BCHEM237 - University of Washington': no usable link (cache)
[11619/40930] 'BCHEM238 - University of Washington': no usable link (cache)
[11620/40930] 'BCHEM239 - University of Washington': no usable link (cache)
[11621/40930] 'BCHEM241 - University of Washington': no usable link (cache)
[11622/40930] 'BCHEM312 - University of Washington': no usable link (cache)
[11623/40930] 'BCORE104 - University of Washington': no usable link (cache)
[11624/40930] 'BCORE107 - University of Washington': no usable link (cache)
[11625/40930] 'BCORE118 - University of Washington' (cache): SAVED top 1 -> https://github.com/Bac26094/UWB-BCORE118
[11626/40930] 'BCUSP122 - University of Washington': no usable link (cache)
[11627/40930] 'BCUSP123 - University of Washington': no usable link (cache)
[11628/40930] 'BCUSP124 - University of Washington' (cache): SAVED top 1 -> https://www.washington.edu/students/icd/B/bcusp/124bilin.html
[11629/40930] 'BCUSP126 - University of Washington' (cache): SAVED top 1 -> https://sites.math.washington.edu/~aloveles/Math126Spring2021/lecture.html
[11630/40930] 'BCUSP134 - University of Washington' (cache): SAVED top 1 -> https://courses.washington.edu/bcusp134/anderson/notes.html
[11631/40930] 'BCUSP140 - University of Washington' (cache): SAVED top 1 -> https://faculty.washington.edu/salathe/BCUSP140/
[11632/40930] 'BCUSP167 - University of Washington' (cache): SAVED top 1 -> https://instructorresource.continuum.uw.edu/wp-content/uploads/2024/07/PPT_Template_Std-GrayAngle-ADA_v2.pptx
[11633/40930] 'BCUSP203 - University of Washington' (cache): SAVED top 1 -> https://www.washington.edu/students/icd/B/bcusp/203scheuler.html
[11634/40930] 'BEDUC205 - University of Washington': no usable link (cache)
[11635/40930] 'BEDUC220 - University of Washington': no usable link (cache)
[11636/40930] 'BEDUC230 - University of Washington': no usable link (cache)
[11637/40930] 'BEDUC255 - University of Washington': no usable link (cache)
[11638/40930] 'BEDUC300 - University of Washington': no usable link (cache)
[11639/40930] 'BEE200 - University of Washington': no usable link (cache)
[11640/40930] 'BEE215 - University of Washington': no usable link (cache)
[11641/40930] 'BEE233 - University of Washington': no usable link (cache)
[11642/40930] 'BEE271 - University of Washington' (cache): SAVED top 1 -> https://faculty.washington.edu/kd1uj/BEE271/
[11643/40930] 'BEE331 - University of Washington' (cache): SAVED top 1 -> https://faculty.washington.edu/tadg/BEE331S10/
[11644/40930] 'BEE361 - University of Washington': no usable link (cache)
[11645/40930] 'BEE477 - University of Washington': no usable link (cache)
[11646/40930] 'BENGR310 - University of Washington' (cache): SAVED top 1 -> https://github.com/shimaabadi/BENGR310
[11647/40930] 'BES301 - University of Washington' (cache): SAVED top 1 -> https://faculty.washington.edu/beccap/bes301.2026w/index.html
[11648/40930] 'BHLTH199 - University of Washington': no usable link (cache)
[11649/40930] 'BHLTH201 - University of Washington': no usable link (cache)
[11650/40930] 'BHLTH225 - University of Washington': no usable link (cache)
[11651/40930] 'BHLTH297 - University of Washington': no usable link (cache)
[11652/40930] 'BHS201A - University of Washington' (cache): SAVED top 1 -> http://teachingabouthealth.weebly.com/uploads/8/8/5/9/8859143/bhs201a-sp15-syllabus.docx
[11653/40930] 'BHS210 - University of Washington': no usable link (cache)
[11654/40930] 'BHS300 - University of Washington': no usable link (cache)
[11655/40930] 'BHS302 - University of Washington' (cache): SAVED top 1 -> https://myplan.uw.edu/plan/?rd=/student/myplan/course/BHS302
[11656/40930] 'BHS305 - University of Washington': no usable link (cache)
[11657/40930] 'BHS423 - University of Washington' (cache): SAVED top 1 -> https://instructorresource.continuum.uw.edu/wp-content/uploads/2024/07/PPT_Template_Std-GrayAngle-ADA_v2.pptx
[11658/40930] 'BIMD233 - University of Washington' (cache): SAVED top 1 -> https://github.com/crispipear/BIMD233-Guide/blob/master/index.html
[11659/40930] 'BIMD250 - University of Washington' (cache): SAVED top 1 -> https://instructorresource.continuum.uw.edu/wp-content/uploads/2024/07/PPT_Template_Std-GrayAngle-ADA_v2.pptx
[11660/40930] 'BIO466EVOL - University of Washington': no usable link (cache)
[11661/40930] 'BIS111 - University of Washington' (cache): SAVED top 1 -> https://github.com/ScarlettHall8776/SOLVED-BIS-111-Introduction
[11662/40930] 'BIS133 - University of Washington': no usable link (cache)
[11663/40930] 'BIS161 - University of Washington': no usable link (cache)
[11664/40930] 'BIS165A - University of Washington': no usable link (cache)
[11665/40930] 'BIS200 - University of Washington' (cache): SAVED top 1 -> https://myplan.uw.edu/plan/?rd=/student/myplan/course/BIS200
[11666/40930] 'BIS203 - University of Washington' (cache): SAVED top 1 -> https://courses.washington.edu/webrhet/bis203/syl.php
[11667/40930] 'BIS215 - University of Washington' (cache): SAVED top 1 -> https://faculty.washington.edu/beccap/bis215.2026sp/index.html
[11668/40930] 'BIS216 - University of Washington': no usable link (cache)
[11669/40930] 'BIS217 - University of Washington': no usable link (cache)
[11670/40930] 'BIS220 - University of Washington': no usable link (cache)
[11671/40930] 'BIS221 - University of Washington' (cache): SAVED top 1 -> https://www.washington.edu/students/icd/B/bis/221lredwood.html
[11672/40930] 'BIS222 - University of Washington': no usable link (cache)
[11673/40930] 'BIS237 - University of Washington': no usable link (cache)
[11674/40930] 'BIS242 - University of Washington': no usable link (cache)
[11675/40930] 'BIS245 - University of Washington' (cache): SAVED top 1 -> https://www.powershow.com/view0/8636fd-M2IwN/BIS_245Course_Real_Knowledge_bis245_dotcom_powerpoint_ppt_presentation
[11676/40930] 'BIS258 - University of Washington': no usable link (cache)
[11677/40930] 'BIS261 - University of Washington': no usable link (cache)
[11678/40930] 'BIS265 - University of Washington': no usable link (cache)
[11679/40930] 'BIS270 - University of Washington': no usable link (cache)
[11680/40930] 'BIS279 - University of Washington' (cache): SAVED top 1 -> https://sites.google.com/uw.edu/bis-279/home
[11681/40930] 'BIS283 - University of Washington': no usable link (cache)
[11682/40930] 'BIS293 - University of Washington': no usable link (cache)
[11683/40930] 'BIS304 - University of Washington': no usable link (cache)
[11684/40930] 'BIS312 - University of Washington' (cache): SAVED top 1 -> https://myplan.uw.edu/plan/?rd=/student/myplan/course/BIS312
[11685/40930] 'BIS313 - University of Washington': no usable link (cache)
[11686/40930] 'BIS316 - University of Washington': no usable link (cache)
[11687/40930] 'BIS324 - University of Washington': no usable link (cache)
[11688/40930] 'BIS337 - University of Washington': no usable link (cache)
[11689/40930] 'BIS338 - University of Washington' (cache): SAVED top 1 -> https://sites.google.com/uw.edu/bis-338a/home
[11690/40930] 'BIS339 - University of Washington': no usable link (cache)
[11691/40930] 'BIS340 - University of Washington' (cache): SAVED top 1 -> https://guides.lib.uw.edu/bothell/culturalstudies/BIS340
[11692/40930] 'BIS341 - University of Washington' (cache): SAVED top 1 -> https://courses.cs.washington.edu/courses/cse341/01au/slides/Intro/index.htm
[11693/40930] 'BIS347 - University of Washington': no usable link (cache)
[11694/40930] 'BIS351 - University of Washington' (cache): SAVED top 1 -> https://courses.cs.washington.edu/courses/cse351/22au/lectures/01/CSE351-L01-binary_22au.pdf
[11695/40930] 'BIS353 - University of Washington': no usable link (cache)
[11696/40930] 'BIS355 - University of Washington': no usable link (cache)
[11697/40930] 'BIS361 - University of Washington' (cache): SAVED top 1 -> https://faculty.washington.edu/davidgs/BIS361Syl.html
[11698/40930] 'BIS363 - University of Washington': no usable link (cache)
[11699/40930] 'BIS364 - University of Washington' (cache): SAVED top 1 -> https://www.washington.edu/students/icd/B/bis/364lswatts.html
[11700/40930] 'BIS370 - University of Washington': no usable link (cache)
[11701/40930] 'BIS371 - University of Washington' (cache): SAVED top 1 -> https://faculty.washington.edu/davidgs/BIS371.html
[11702/40930] 'BIS372 - University of Washington' (cache): SAVED top 1 -> https://myplan.uw.edu/plan/?rd=/student/myplan/course/BIS372
[11703/40930] 'BIS379 - University of Washington' (cache): SAVED top 1 -> https://faculty.washington.edu/davidgs/BIS379.html
[11704/40930] 'BIS380 - University of Washington': no usable link (cache)
[11705/40930] 'BIS384 - University of Washington' (cache): SAVED top 1 -> https://courses.washington.edu/webrhet/bis384/
[11706/40930] 'BIS387 - University of Washington' (cache): SAVED top 1 -> https://www.washington.edu/students/icd/B/bis/387egayton.html
[11707/40930] 'BIS397 - University of Washington' (cache): SAVED top 1 -> https://www.washington.edu/students/icd/B/bis/397lambea.html
[11708/40930] 'BIS406 - University of Washington': no usable link (cache)
[11709/40930] 'BIS407 - University of Washington': no usable link (cache)
[11710/40930] 'BIS414 - University of Washington': no usable link (cache)
[11711/40930] 'BIS420 - University of Washington': no usable link (cache)
[11712/40930] 'BIS466 - University of Washington' (cache): SAVED top 1 -> https://www.washington.edu/students/icd/B/bis/466alkak.html
[11713/40930] 'BIS490 - University of Washington' (cache): SAVED top 1 -> https://faculty.washington.edu/davidgs/BIS490.html
[11714/40930] 'BIS499 - University of Washington' (cache): SAVED top 1 -> https://faculty.washington.edu/beccap/files/BIS499.Price.Sp18.pdf
[11715/40930] 'BISCP343 - University of Washington': no usable link (cache)
[11716/40930] 'BISIA230 - University of Washington': no usable link (cache)
[11717/40930] 'BMATH121 - University of Washington': no usable link (cache)
[11718/40930] 'BMATH122 - University of Washington': no usable link (cache)
[11719/40930] 'BMATH123 - University of Washington' (cache): SAVED top 1 -> https://www.ubookstore.com/products/bmath-123-course-pack-2020
[11720/40930] 'BMATH125 - University of Washington': no usable link (cache)
[11721/40930] 'BMATH144 - University of Washington': no usable link (cache)
[11722/40930] 'BMCS240 - University of Washington': no usable link (cache)
[11723/40930] 'BPHYS122 - University of Washington' (cache): SAVED top 1 -> https://archive.int.washington.edu/users/mjs5/Class_122_07/lectures/Physi122B_L00_mjs.ppt
[11724/40930] 'BUS221 - University of Washington' (cache): SAVED top 1 -> https://faculty.washington.edu/cnedita/index_files/bbus221.htm
[11725/40930] 'BUS307 - University of Washington' (cache): SAVED top 1 -> https://issuu.com/veda1/docs/bus_307_entire_course__ash_
[11726/40930] 'BUS307C - University of Washington': no usable link (cache)
[11727/40930] 'BUS480A - University of Washington' (cache): SAVED top 1 -> https://staff.washington.edu/giambatt/ibus480/index.html
[11728/40930] 'BUZ480 - University of Washington': no usable link (cache)
[11729/40930] 'BWRIT132 - University of Washington' (cache): SAVED top 1 -> https://instructorresource.continuum.uw.edu/wp-content/uploads/2024/07/PPT_Template_Std-GrayAngle-ADA_v2.pptx
[11730/40930] 'BWRIT134 - University of Washington' (cache): SAVED top 1 -> https://github.com/asherkamal/bwrit134-final-presentation/branches
[11731/40930] 'BWRIT135 - University of Washington' (cache): SAVED top 1 -> https://guides.lib.uw.edu/bothell/bwrit135morse/home
[11732/40930] 'CHEM139 - University of Washington': no usable link (cache)
[11733/40930] 'CHEM164 - University of Washington': no usable link (cache)
[11734/40930] 'CHEM237 - University of Washington' (cache): SAVED top 1 -> https://github.com/ax-95174/uwash-course-notes/blob/main/chem/chem237-notes.pdf
[11735/40930] 'CS508 - University of Washington' (cache): SAVED top 1 -> https://vuedu.dev/handout/cs508-modern-programming-languages
[11736/40930] 'CSS107 - University of Washington' (cache): SAVED top 1 -> https://education.uw.edu/sites/default/files/templates/COE_Template_16x9-Solid-ADA.pptx
[11737/40930] 'CSS132 - University of Washington' (cache): SAVED top 1 -> https://nounstudy.com/courses/CSS132/
[11738/40930] 'CSS142 - University of Washington': no usable link (cache)
[11739/40930] 'CSS143 - University of Washington' (cache): SAVED top 1 -> https://github.com/yiyunxu/CSS143B
[11740/40930] 'CSS162 - University of Washington' (cache): SAVED top 1 -> https://courses.washington.edu/css162/
[11741/40930] 'CSS211 - University of Washington': no usable link (cache)
[11742/40930] 'CSS301 - University of Washington' (cache): SAVED top 1 -> https://github.com/chndlrm/CSS-301
[11743/40930] 'CSS310 - University of Washington': no usable link (cache)
[11744/40930] 'CSS340 - University of Washington' (cache): SAVED top 1 -> https://courses.cs.washington.edu/courses/cse340/21sp/slides/wk01/intro.html
[11745/40930] 'CSS342 - University of Washington' (cache): SAVED top 1 -> https://courses.washington.edu/css342/dimpsey/
[11746/40930] 'CSS343 - University of Washington' (cache): SAVED top 1 -> https://courses.washington.edu/css343/zander/
[11747/40930] 'CSS350 - University of Washington' (cache): SAVED top 1 -> https://instructorresource.continuum.uw.edu/wp-content/uploads/2024/07/PPT_Template_Std-GrayAngle-ADA_v2.pptx
[11748/40930] 'CSS360 - University of Washington': no usable link (cache)
[11749/40930] 'CSS370 - University of Washington' (cache): SAVED top 1 -> https://courses.cs.washington.edu/courses/cse370/01sp/slides/
[11750/40930] 'CSS385 - University of Washington' (cache): SAVED top 1 -> https://instructorresource.continuum.uw.edu/wp-content/uploads/2024/07/PPT_Template_Std-GrayAngle-ADA-MSFonts_v2.pptx
[11751/40930] 'CSS390 - University of Washington': no usable link (cache)
[11752/40930] 'CSS415 - University of Washington' (cache): SAVED top 1 -> https://myplan.uw.edu/plan/?rd=/student/myplan/course/CSS415
[11753/40930] 'CSS421 - University of Washington' (cache): SAVED top 1 -> https://instructorresource.continuum.uw.edu/wp-content/uploads/2024/07/PPT_Template_Std-GrayAngle-ADA_v2.pptx
[11754/40930] 'CSS422 - University of Washington' (cache): SAVED top 1 -> https://github.com/tbdye/css422/blob/master/Documentation/Presentation%20Slides.pptx
[11755/40930] 'CSS430 - University of Washington' (cache): SAVED top 1 -> https://courses.washington.edu/css430/
[11756/40930] 'CSS434 - University of Washington' (cache): SAVED top 1 -> https://courses.washington.edu/css434/
[11757/40930] 'CSS475 - University of Washington' (cache): SAVED top 1 -> https://courses.washington.edu/css475/
[11758/40930] 'CSS478 - University of Washington' (cache): SAVED top 1 -> https://courses.cs.washington.edu/courses/cse482a/25wi/slides/
[11759/40930] 'CSS481 - University of Washington' (cache): SAVED top 1 -> https://courses.cs.washington.edu/courses/cse482a/25wi/slides/
[11760/40930] 'CSS487 - University of Washington' (cache): SAVED top 1 -> https://courses.washington.edu/css487/lecture.shtml
[11761/40930] 'CSS490 - University of Washington' (cache): SAVED top 1 -> https://courses.washington.edu/css490/2012.Winter/lecture_slides/01_intro.pdf
[11762/40930] 'CSS501 - University of Washington' (cache): SAVED top 1 -> https://courses.cs.washington.edu/courses/cse501/96/slides/
[11763/40930] 'CSS506 - University of Washington' (cache): SAVED top 1 -> https://courses.cs.washington.edu/courses/cse482a/25wi/slides/
[11764/40930] 'CSS507 - University of Washington': no usable link (cache)
[11765/40930] 'CSS508 - University of Washington': no usable link (cache)
[11766/40930] 'CSS535 - University of Washington' (cache): SAVED top 1 -> https://instructorresource.continuum.uw.edu/wp-content/uploads/2024/07/PPT_Template_Std-GrayAngle-ADA_v2.pptx
[11767/40930] 'CSS549 - University of Washington' (cache): SAVED top 1 -> https://courses.washington.edu/css549/cfolson/
[11768/40930] 'CSS590 - University of Washington' (cache): SAVED top 1 -> https://faculty.washington.edu/lagesse/teaching/CSS590.pdf
[11769/40930] 'CUSP123 - University of Washington': no usable link (cache)
[11770/40930] 'CUSP126 - University of Washington': no usable link (cache)
[11771/40930] 'EDUC205 - University of Washington' (cache): SAVED top 1 -> https://dcfwfuaf91uza.cloudfront.net/online/wp-content/uploads/EDUC205_CourseGuide.pdf
[11772/40930] 'EDUC340 - University of Washington' (cache): SAVED top 1 -> https://rlichtieducation.weebly.com/educ-340.html
[11773/40930] 'EE215 - University of Washington' (cache): SAVED top 1 -> https://faculty.washington.edu/tcchen/EE215/
[11774/40930] 'EE271 - University of Washington' (cache): SAVED top 1 -> https://www.ece.uw.edu/courses/ee271/
[11775/40930] 'EE474 - University of Washington' (cache): SAVED top 1 -> https://www.ece.uw.edu/courses/ee474/
[11776/40930] 'ACC652 - University of Waterloo' (cache): SAVED top 1 -> http://uwaterloo.icourses.com/
[11777/40930] 'ACTSC221 - University of Waterloo': no usable link (cache)
[11778/40930] 'ACTSC231 - University of Waterloo' (cache): SAVED top 1 -> https://student.cs.uwaterloo.ca/~cs231/lectures.shtml
[11779/40930] 'ACTSC232 - University of Waterloo' (cache): SAVED top 1 -> https://www.uwflow.com/course/actsc232
[11780/40930] 'ACTSC371 - University of Waterloo': no usable link (cache)
[11781/40930] 'ACTSC372 - University of Waterloo' (cache): SAVED top 1 -> https://unotes.net/documents/eefecfe3-8a90-4f0b-b791-8e8240419235/actsc-372-course-notes-waterloo
[11782/40930] 'ACTSC445 - University of Waterloo' (cache): SAVED top 1 -> https://wwkong.github.io/files/notes/actsc445_CouseNotes_S13.pdf
[11783/40930] 'AE115 - University of Waterloo': no usable link (cache)
[11784/40930] 'AFM101 - University of Waterloo': no usable link (cache)
[11785/40930] 'AFM102 - University of Waterloo': no usable link (cache)
[11786/40930] 'AFM273 - University of Waterloo': no usable link (cache)
[11787/40930] 'AFM391 - University of Waterloo': no usable link (cache)
[11788/40930] 'AMATH351 - University of Waterloo' (cache): SAVED top 1 -> https://uwaterloo.ca/applied-mathematics/current-undergraduates/undergraduate-course-list/amath-351-ordinary-differential-equations-2
[11789/40930] 'ARBUS300 - University of Waterloo': no usable link (cache)
[11790/40930] 'ARCH110 - University of Waterloo': no usable link (cache)
[11791/40930] 'ARTS160 - University of Waterloo' (cache): SAVED top 1 -> https://uwaterloo.ca/arts-faculty-staff-resources/sites/default/files/uploads/documents/arts-160-professional-development-menu.pdf
[11792/40930] 'BIOL240L - University of Waterloo' (cache): SAVED top 1 -> https://student.cs.uwaterloo.ca/~cs240/w25/lectures.phtml
[11793/40930] 'BIOL273 - University of Waterloo': no usable link (cache)
[11794/40930] 'BIOL308 - University of Waterloo': no usable link (cache)
[11795/40930] 'BIOL444 - University of Waterloo': no usable link (cache)
[11796/40930] 'BIOL483 - University of Waterloo': no usable link (cache)
[11797/40930] 'BU127 - University of Waterloo' (cache): SAVED top 1 -> https://laurierflow.ca/course/BU127
[11798/40930] 'BU283 - University of Waterloo': no usable link (cache)
[11799/40930] 'BU383 - University of Waterloo' (cache): SAVED top 1 -> https://www.thinkswap.com/ca/wlu/bu-383-finance-1/finance-1
[11800/40930] 'BU393 - University of Waterloo': no usable link (cache)
[11801/40930] 'CHE610 - University of Waterloo': no usable link (cache)
[11802/40930] 'CHEM129L - University of Waterloo' (cache): SAVED top 1 -> http://uwaterloo.icourses.com/
[11803/40930] 'CHEM140L - University of Waterloo' (cache): SAVED top 1 -> https://uwaterloo.ca/chemistry/undergraduate-studies/course/chem-140
[11804/40930] 'CHEM250L - University of Waterloo' (cache): SAVED top 1 -> https://uwaterloo.ca/chemistry/undergraduate-studies/course/chem-250l
[11805/40930] 'CHEM254 - University of Waterloo' (cache): SAVED top 1 -> https://www.richardwu.ca/notes/chem254-notes.pdf
[11806/40930] 'CHEM350L - University of Waterloo' (cache): SAVED top 1 -> https://uwaterloo.ca/chemistry/undergraduate-studies/course/chem-350l
[11807/40930] 'CIVE127 - University of Waterloo' (cache): SAVED top 1 -> https://www.uwflow.com/course/cive127
[11808/40930] 'CIVE153 - University of Waterloo' (cache): SAVED top 1 -> https://www.uwflow.com/course/cive153
[11809/40930] 'CIVE222 - University of Waterloo': no usable link (cache)
[11810/40930] 'CIVE224 - University of Waterloo': no usable link (cache)
[11811/40930] 'CIVE353 - University of Waterloo' (cache): SAVED top 1 -> http://www.civil.uwaterloo.ca/maknight/courses/CIVE353/lectures.htm
[11812/40930] 'CIVE413 - University of Waterloo' (cache): SAVED top 1 -> https://benklassen77.github.io/documents/courses/design/steel/CivE413-2022-A1.pdf
[11813/40930] 'CO103 - University of Waterloo' (cache): SAVED top 1 -> http://uwaterloo.icourses.com/
[11814/40930] 'CO372 - University of Waterloo' (cache): SAVED top 1 -> https://www.math.uwaterloo.ca/~mjbest/co372w11.html
[11815/40930] 'CO602 - University of Waterloo' (cache): SAVED top 1 -> https://uwflow.com/course/co602
[11816/40930] 'CP264 - University of Waterloo' (cache): SAVED top 1 -> https://bohr.wlu.ca/cp264/
[11817/40930] 'CS135 - University of Waterloo' (cache): SAVED top 1 -> https://student.cs.uwaterloo.ca/~cs135/slides/index.html
[11818/40930] 'CVL423 - University of Waterloo' (cache): SAVED top 1 -> http://uwaterloo.icourses.com/
[11819/40930] 'DAC300 - University of Waterloo' (cache): SAVED top 1 -> https://www.uwflow.com/course/dac300
[11820/40930] 'DAC305 - University of Waterloo' (cache): SAVED top 1 -> http://uwaterloo.icourses.com/
[11821/40930] 'DEI626 - University of Waterloo' (cache): SAVED top 1 -> https://contensis.uwaterloo.ca/sites/courses/1211-Winter-2021/DEI-626/table-of-contents.aspx
[11822/40930] 'EC238 - University of Waterloo': no usable link (cache)
[11823/40930] 'ECE106 - University of Waterloo' (cache): SAVED top 1 -> https://online.cs.uwaterloo.ca/courses/course-v1:UW+ECE106+2025_01/about
[11824/40930] 'ECE204 - University of Waterloo' (cache): SAVED top 1 -> https://github.com/sovanp/ECE-204
[11825/40930] 'ECE205 - University of Waterloo': no usable link (cache)
[11826/40930] 'ECE316 - University of Waterloo' (cache): SAVED top 1 -> https://cst.uwaterloo.ca/courses/ece316/
[11827/40930] 'ECE417 - University of Waterloo': no usable link (cache)
[11828/40930] 'ECE454 - University of Waterloo' (cache): SAVED top 1 -> https://cs.uwaterloo.ca/~tozsu/courses/cs454/notes.html
[11829/40930] 'ECE602 - University of Waterloo' (cache): SAVED top 1 -> https://ece.uwaterloo.ca/~ece602/
[11830/40930] 'ECE604 - University of Waterloo' (cache): SAVED top 1 -> https://uwaterloo.ca/electrical-computer-engineering/sites/default/files/uploads/documents/handout_604_2021_1.pdf
[11831/40930] 'ECE606 - University of Waterloo' (cache): SAVED top 1 -> https://github.com/muniah/ECE-606-Algorithm-Design-Analysis
[11832/40930] 'ECE610 - University of Waterloo' (cache): SAVED top 1 -> https://uwaterloo.ca/electrical-computer-engineering/graduate-students/courses/ece-610-broadband-communication-networks
[11833/40930] 'ECE614 - University of Waterloo' (cache): SAVED top 1 -> https://uwaterloo.ca/electrical-computer-engineering/sites/default/files/uploads/documents/ece614_overview_s22_v3_0.pdf
[11834/40930] 'ECE700 - University of Waterloo' (cache): SAVED top 1 -> https://eceweb.uwaterloo.ca/~smzahedi/crs/ece700/slides/Lecture1.pptx
[11835/40930] 'ECON290 - University of Waterloo': no usable link (cache)
[11836/40930] 'ECON391 - University of Waterloo' (cache): SAVED top 1 -> https://uwaterloo.ca/economics/sites/default/files/uploads/files/econ391_f20.pdf
[11837/40930] 'ECON393 - University of Waterloo': no usable link (cache)
[11838/40930] 'ECON436 - University of Waterloo' (cache): SAVED top 1 -> http://www.arts.uwaterloo.ca/~hrus/Econ436.htm
[11839/40930] 'ECON601 - University of Waterloo': no usable link (cache)
[11840/40930] 'ECON621 - University of Waterloo' (cache): SAVED top 1 -> https://cdn.prod.website-files.com/6658690ee7999b2f76a336a5/68dce74ebacc71a27cf1f81d_REVISED_ECON621%20Programming%20in%20Python%202025-2026%5B56%5D.pdf
[11841/40930] 'EMLS129R - University of Waterloo': no usable link (cache)
[11842/40930] 'ENBUS202 - University of Waterloo': no usable link (cache)
[11843/40930] 'ENBUS203 - University of Waterloo' (cache): SAVED top 1 -> http://uwaterloo.icourses.com/
[11844/40930] 'ENBUS204 - University of Waterloo': no usable link (cache)
[11845/40930] 'ENGL108H - University of Waterloo' (cache): SAVED top 1 -> https://uwaterloo.ca/english-teaching-portal/engl-108h
[11846/40930] 'ENGL109 - University of Waterloo' (cache): SAVED top 1 -> https://uwaterloo.ca/english-teaching-portal/engl-109-online
[11847/40930] 'ENGL251B - University of Waterloo' (cache): SAVED top 1 -> https://uwaterloo.ca/english/undergraduate-studies/english-syllabus-archive/engl-251-s22-beresford
[11848/40930] 'AGR377 - University of Wisconsin-Madison': no usable link (cache)
[11849/40930] 'AGRON377 - University of Wisconsin-Madison': no usable link (cache)
[11850/40930] 'AH130 - University of Wisconsin-Madison': no usable link (cache)
[11851/40930] 'AH354 - University of Wisconsin-Madison': no usable link (cache)
[11852/40930] 'AH431 - University of Wisconsin-Madison': no usable link (cache)
[11853/40930] 'ANTHR321 - University of Wisconsin-Madison': no usable link (cache)
[11854/40930] 'AOS101 - University of Wisconsin-Madison': no usable link (cache)
[11855/40930] 'ASAM101 - University of Wisconsin-Madison': no usable link (cache)
[11856/40930] 'ASNAM101 - University of Wisconsin-Madison': no usable link (cache)
[11857/40930] 'ASNAM240 - University of Wisconsin-Madison': no usable link (cache)
[11858/40930] 'BMI877 - University of Wisconsin-Madison': no usable link (cache)
[11859/40930] 'BOT130 - University of Wisconsin-Madison': no usable link (cache)
[11860/40930] 'CA266 - University of Wisconsin-Madison': no usable link (cache)
[11861/40930] 'CA575 - University of Wisconsin-Madison': no usable link (cache)
[11862/40930] 'CA699 - University of Wisconsin-Madison': no usable link (cache)
[11863/40930] 'CEE370 - University of Wisconsin-Madison': no usable link (cache)
[11864/40930] 'CHEM345 - University of Wisconsin-Madison' (cache): SAVED top 1 -> https://uwcourses.com/courses/CHEM_345
[11865/40930] 'CHEM561 - University of Wisconsin-Madison' (cache): SAVED top 1 -> https://uwcourses.com/courses/CHEM_561
[11866/40930] 'COMM266 - University of Wisconsin-Madison': no usable link (cache)
[11867/40930] 'CS400 - University of Wisconsin-Madison' (cache): SAVED top 1 -> https://github.com/markwu7/CS400
[11868/40930] 'CS502 - University of Wisconsin-Madison': no usable link (cache)
[11869/40930] 'CS559 - University of Wisconsin-Madison' (cache): SAVED top 1 -> https://cs559.github.io/LectureNotesPDFs/2023/01-getting-started.pdf
[11870/40930] 'CS577 - University of Wisconsin-Madison' (cache): SAVED top 1 -> https://github.com/Mahir-2003/CS577-algorithms-spring24
[11871/40930] 'CSD110 - University of Wisconsin-Madison': no usable link (cache)
[11872/40930] 'CSD202 - University of Wisconsin-Madison': no usable link (cache)
[11873/40930] 'CSD210 - University of Wisconsin-Madison': no usable link (cache)
[11874/40930] 'CSD303 - University of Wisconsin-Madison': no usable link (cache)
[11875/40930] 'CSD315 - University of Wisconsin-Madison': no usable link (cache)
[11876/40930] 'EA255 - University of Wisconsin-Madison': no usable link (cache)
[11877/40930] 'DS120 - University of Wisconsin-Madison' (cache): SAVED top 1 -> https://uwcourses.com/courses/DS_120
[11878/40930] 'DS221 - University of Wisconsin-Madison' (cache): SAVED top 1 -> https://uwcourses.com/courses/DS_221
[11879/40930] 'ECE252 - University of Wisconsin-Madison' (cache): SAVED top 1 -> https://github.com/LZYEIL/UW-Madison-ECE252
[11880/40930] 'ECE552 - University of Wisconsin-Madison' (cache): SAVED top 1 -> https://github.com/riser44/ECE552_intro_to_computer_architecture
[11881/40930] 'ECN330 - University of Wisconsin-Madison': no usable link (cache)
[11882/40930] 'ECON475 - University of Wisconsin-Madison' (cache): SAVED top 1 -> https://uwcourses.com/courses/ECON_475
[11883/40930] 'EDPOL240 - University of Wisconsin-Madison' (cache): SAVED top 1 -> https://uwcourses.com/courses/EDPOL_240
[11884/40930] 'EDPOL300 - University of Wisconsin-Madison' (cache): SAVED top 1 -> https://uwcourses.com/courses/EDPOL_300
[11885/40930] 'EMA200 - University of Wisconsin-Madison' (cache): SAVED top 1 -> https://uwcourses.com/courses/EMA_200
[11886/40930] 'EMA201 - University of Wisconsin-Madison' (cache): SAVED top 1 -> https://uwcourses.com/courses/EMA_201
[11887/40930] 'EMA202 - University of Wisconsin-Madison' (cache): SAVED top 1 -> https://uwcourses.com/courses/EMA_202
[11888/40930] 'EMA303 - University of Wisconsin-Madison' (cache): SAVED top 1 -> https://uwcourses.com/courses/EMA_303
[11889/40930] 'ENGL176 - University of Wisconsin-Madison' (cache): SAVED top 1 -> https://uwcourses.com/courses/ENGL_176
[11890/40930] 'ENGL178 - University of Wisconsin-Madison' (cache): SAVED top 1 -> https://uwcourses.com/courses/ENGL_178
[11891/40930] 'ANTHR156 - University of Wisconsin-Milwaukee': no usable link (cache)
[11892/40930] 'ANTHR306 - University of Wisconsin-Milwaukee': no usable link (cache)
[11893/40930] 'ANTHR307 - University of Wisconsin-Milwaukee': no usable link (cache)
[11894/40930] 'ARCH303 - University of Wisconsin-Milwaukee': no usable link (cache)
[11895/40930] 'ASTRO103 - University of Wisconsin-Milwaukee': no usable link (cache)
[11896/40930] 'ASTRO400 - University of Wisconsin-Milwaukee': no usable link (cache)
[11897/40930] 'BA370 - University of Wisconsin-Milwaukee': no usable link (cache)
[11898/40930] 'BA441 - University of Wisconsin-Milwaukee': no usable link (cache)
[11899/40930] 'BIOCH103 - University of Wisconsin-Milwaukee': no usable link (cache)
[11900/40930] 'BIOSC202 - University of Wisconsin-Milwaukee': no usable link (cache)
[11901/40930] 'BMS205 - University of Wisconsin-Milwaukee': no usable link (cache)
[11902/40930] 'BMS332 - University of Wisconsin-Milwaukee': no usable link (cache)
[11903/40930] 'BUS434 - University of Wisconsin-Milwaukee' (cache): SAVED top 1 -> https://www.powershow.com/view0/88d538-MWM0Z/BUS_434_Education_Specialist_bus434_com_powerpoint_ppt_presentation
[11904/40930] 'BUSA441 - University of Wisconsin-Milwaukee': no usable link (cache)
[11905/40930] 'BUSA996 - University of Wisconsin-Milwaukee': no usable link (cache)
[11906/40930] 'BUSM441 - University of Wisconsin-Milwaukee': no usable link (cache)
[11907/40930] 'BUSMG709 - University of Wisconsin-Milwaukee': no usable link (cache)
[11908/40930] 'CE203 - University of Wisconsin-Milwaukee': no usable link (cache)
[11909/40930] 'CE456 - University of Wisconsin-Milwaukee': no usable link (cache)
[11910/40930] 'CE490 - University of Wisconsin-Milwaukee': no usable link (cache)
[11911/40930] 'CES210 - University of Wisconsin-Milwaukee': no usable link (cache)
[11912/40930] 'CHEM601 - University of Wisconsin-Milwaukee': no usable link (cache)
[11913/40930] 'CJ271 - University of Wisconsin-Milwaukee': no usable link (cache)
[11914/40930] 'CJ663 - University of Wisconsin-Milwaukee': no usable link (cache)
[11915/40930] 'CS395 - University of Wisconsin-Milwaukee' (cache): SAVED top 1 -> https://github-wiki-see.page/m/douglascraigschmidt/CS395/wiki/CS-395-FAQ
[11916/40930] 'CS431 - University of Wisconsin-Milwaukee' (cache): SAVED top 1 -> https://github.com/AnhTrung732/Deep-Learning-Techniques-and-Applications---CS431-UIT
[11917/40930] 'CURIN300 - University of Wisconsin-Milwaukee': no usable link (cache)
[11918/40930] 'DANCE370 - University of Wisconsin-Milwaukee' (cache): SAVED top 1 -> https://www.yumpu.com/en/document/view/42920949/dance-370-801-syllabus-uw-milwaukee
[11919/40930] 'DIVE1 - University of Wisconsin-Milwaukee': no usable link (cache)
[11920/40930] 'EE234 - University of Wisconsin-Milwaukee' (cache): SAVED top 1 -> https://github.com/Cool-Coder174/FP_EE234
[11921/40930] 'EE330 - University of Wisconsin-Milwaukee' (cache): SAVED top 1 -> https://sites.google.com/site/rmzshan/courses/ee-330-digital-signal-processing/lecture-slides
[11922/40930] 'ACCT4510 - Utah State University' (cache): SAVED top 1 -> https://ust.space/review/ACCT4510
[11923/40930] 'ACT2020 - Utah State University': no usable link (cache)
[11924/40930] 'ADVS4200 - Utah State University' (cache): SAVED top 1 -> https://content.csbs.utah.edu/~fan/fcs3200/slides/
[11925/40930] 'APEC2010 - Utah State University': no usable link (cache)
[11926/40930] 'ARTH2700 - Utah State University': no usable link (cache)
[11927/40930] 'ARTH2710 - Utah State University': no usable link (cache)
[11928/40930] 'ARTH2720 - Utah State University': no usable link (cache)
[11929/40930] 'ARTH3320 - Utah State University': no usable link (cache)
[11930/40930] 'AV1930 - Utah State University' (cache): SAVED top 1 -> https://content.csbs.utah.edu/~fan/fcs3200/slides/
[11931/40930] 'AV3010 - Utah State University': no usable link (cache)
[11932/40930] 'BIO2320 - Utah State University': no usable link (cache)
[11933/40930] 'BIO3090 - Utah State University': no usable link (cache)
[11934/40930] 'BIOL1625 - Utah State University' (cache): SAVED top 1 -> https://class-tools.app.utah.edu/syllabus/1218/13718/BIOL1625_all_F21.pdf
[11935/40930] 'BIOL2320 - Utah State University': no usable link (cache)
[11936/40930] 'BIOL3070 - Utah State University' (cache): SAVED top 1 -> https://github.com/saarman/BIOL3070
[11937/40930] 'BIOL5240 - Utah State University': no usable link (cache)
[11938/40930] 'BIOL5250 - Utah State University': no usable link (cache)
[11939/40930] 'BIOL5600 - Utah State University': no usable link (cache)
[11940/40930] 'BUS3110 - Utah State University': no usable link (cache)
[11941/40930] 'BUSN1021 - Utah State University': no usable link (cache)
[11942/40930] 'CEE2870 - Utah State University': no usable link (cache)
[11943/40930] 'CJ1010 - Utah State University': no usable link (cache)
[11944/40930] 'CJ2110 - Utah State University': no usable link (cache)
[11945/40930] 'CJ3320 - Utah State University' (cache): SAVED top 1 -> https://content.csbs.utah.edu/~fan/fcs3200/slides/
[11946/40930] 'COMD2500 - Utah State University': no usable link (cache)
[11947/40930] 'COMD3200 - Utah State University': no usable link (cache)
[11948/40930] 'CS1440 - Utah State University': no usable link (cache)
[11949/40930] 'CS5000 - Utah State University': no usable link (cache)
[11950/40930] 'CS5050 - Utah State University' (cache): SAVED top 1 -> https://ucron.vercel.app/university/utah-state-university/subjects/CS/5050
[11951/40930] 'CS5080 - Utah State University' (cache): SAVED top 1 -> https://content.csbs.utah.edu/~fan/fcs3200/slides/
[11952/40930] 'CS5110 - Utah State University': no usable link (cache)
[11953/40930] 'CS5250 - Utah State University' (cache): SAVED top 1 -> https://content.csbs.utah.edu/~fan/fcs3200/slides/
[11954/40930] 'CS5600 - Utah State University' (cache): SAVED top 1 -> https://www.usu.edu/cs/~degaris/CS5600/CS5600-Informed-search.ppt
[11955/40930] 'CS6890 - Utah State University' (cache): SAVED top 1 -> https://www.usu.edu/cs/~erbacher/Courses/6890/Slides/index.html
[11956/40930] 'DATA2100 - Utah State University': no usable link (cache)
[11957/40930] 'DATA5400 - Utah State University' (cache): SAVED top 1 -> https://www.usu.edu/cs/~erbacher/Courses/5400/Slides/Tcl.pdf
[11958/40930] 'ECE1400 - Utah State University' (cache): SAVED top 1 -> https://github.com/Zachmau5/ECE1400
[11959/40930] 'ECE2700 - Utah State University' (cache): SAVED top 1 -> https://github.com/jmine83/ece2700
[11960/40930] 'ECE5780 - Utah State University' (cache): SAVED top 1 -> https://github.com/jaxonparker18/ECE5780
[11961/40930] 'ECN1500 - Utah State University': no usable link (cache)
[11962/40930] 'ECN3400 - Utah State University': no usable link (cache)
[11963/40930] 'ECN4010 - Utah State University' (cache): SAVED top 1 -> https://ucron.vercel.app/university/utah-state-university/subjects/ECN/4010/sections
[11964/40930] 'ELED1010 - Utah State University': no usable link (cache)
[11965/40930] 'ELED3000 - Utah State University': no usable link (cache)
[11966/40930] 'ENG3335 - Utah State University': no usable link (cache)
[11967/40930] 'ENGL2630 - Utah State University': no usable link (cache)
[11968/40930] 'ENGL3440 - Utah State University': no usable link (cache)
[11969/40930] 'AADS1016 - Vanderbilt University': no usable link (cache)
[11970/40930] 'AADS1111 - Vanderbilt University': no usable link (cache)
[11971/40930] 'ANTH1601 - Vanderbilt University': no usable link (cache)
[11972/40930] 'ANTH3890 - Vanderbilt University': no usable link (cache)
[11973/40930] 'ARA1101 - Vanderbilt University': no usable link (cache)
[11974/40930] 'ASIA2609W - Vanderbilt University': no usable link (cache)
[11975/40930] 'BIO1511 - Vanderbilt University': no usable link (cache)
[11976/40930] 'BSCI110B - Vanderbilt University' (cache): SAVED top 1 -> https://cdn.vanderbilt.edu/vu-wpfsx/wp-content/uploads/sites/16/2025/07/Transfer-Credit-Course-Review-2025-slides.pdf
[11977/40930] 'BSCI1111 - Vanderbilt University': no usable link (cache)
[11978/40930] 'BSCI115F - Vanderbilt University': no usable link (cache)
[11979/40930] 'BSCI118 - Vanderbilt University': no usable link (cache)
[11980/40930] 'BSCI1510 - Vanderbilt University': no usable link (cache)
[11981/40930] 'BSCI1510L - Vanderbilt University' (cache): SAVED top 1 -> https://vanderbilt.uloop.com/course-notes/6585-BSCI/246491-BSCI-1510-Introduction-to-Biological-Sciences
[11982/40930] 'BSCI1511 - Vanderbilt University': no usable link (cache)
[11983/40930] 'BSCI1511L - Vanderbilt University': no usable link (cache)
[11984/40930] 'BSCI220 - Vanderbilt University': no usable link (cache)
[11985/40930] 'BSCI2210 - Vanderbilt University': no usable link (cache)
[11986/40930] 'BSCI236 - Vanderbilt University': no usable link (cache)
[11987/40930] 'BSCI2520 - Vanderbilt University': no usable link (cache)
[11988/40930] 'BSCI3226 - Vanderbilt University' (cache): SAVED top 1 -> https://www.vanderbilt.edu/vise/category/slides/
[11989/40930] 'BSCI3230 - Vanderbilt University': no usable link (cache)
[11990/40930] 'BSCI3232 - Vanderbilt University': no usable link (cache)
[11991/40930] 'BUS1600 - Vanderbilt University': no usable link (cache)
[11992/40930] 'BUS1700 - Vanderbilt University' (cache): SAVED top 1 -> https://vanderbilt.uloop.com/course-notes/245156-BUS/25024372-BUS-1700-1700
[11993/40930] 'BUS2335 - Vanderbilt University': no usable link (cache)
[11994/40930] 'BUS2400 - Vanderbilt University': no usable link (cache)
[11995/40930] 'BUS2700 - Vanderbilt University': no usable link (cache)
[11996/40930] 'BUS3105 - Vanderbilt University': no usable link (cache)
[11997/40930] 'BUS3720 - Vanderbilt University': no usable link (cache)
[11998/40930] 'BUSA2160 - Vanderbilt University': no usable link (cache)
[11999/40930] 'BUSA2705 - Vanderbilt University': no usable link (cache)
[12000/40930] 'BUSA3105 - Vanderbilt University': no usable link (cache)
[12001/40930] 'CAL1005 - Vanderbilt University': no usable link (cache)
[12002/40930] 'CAL2300 - Vanderbilt University': no usable link (cache)
[12003/40930] 'CHEM102A - Vanderbilt University' (cache): SAVED top 1 -> https://www.vanderbilt.edu/AnS/Chemistry/courses/chem102/
[12004/40930] 'CHEM102B - Vanderbilt University' (cache): SAVED top 1 -> https://www.vanderbilt.edu/AnS/Chemistry/courses/chem102/
[12005/40930] 'CHEM1601 - Vanderbilt University' (cache): SAVED top 1 -> https://studylast.com/upload-course/general-chemistry-chem-1601/
[12006/40930] 'CHEM1602 - Vanderbilt University': no usable link (cache)
[12007/40930] 'CHEM2100L - Vanderbilt University': no usable link (cache)
[12008/40930] 'CHEM2221 - Vanderbilt University': no usable link (cache)
[12009/40930] 'CHEM2222 - Vanderbilt University': no usable link (cache)
[12010/40930] 'CHEM3135W - Vanderbilt University': no usable link (cache)
[12011/40930] 'CHEM3300 - Vanderbilt University' (cache): SAVED top 1 -> https://vanderbilt.uloop.com/course-notes/2984-CHEM/4273166-CHEM-3300-Physical-Chemistry-I
[12012/40930] 'CHEM3310 - Vanderbilt University': no usable link (cache)
[12013/40930] 'CHEM3315 - Vanderbilt University': no usable link (cache)
[12014/40930] 'CHEM3320 - Vanderbilt University': no usable link (cache)
[12015/40930] 'CHIN214 - Vanderbilt University': no usable link (cache)
[12016/40930] 'CHIN2211 - Vanderbilt University': no usable link (cache)
[12017/40930] 'CHIN225 - Vanderbilt University': no usable link (cache)
[12018/40930] 'CMST3150 - Vanderbilt University': no usable link (cache)
[12019/40930] 'CMST3620W - Vanderbilt University': no usable link (cache)
[12020/40930] 'CORE1010 - Vanderbilt University' (cache): SAVED top 1 -> https://core1010reading.weebly.com/the-syllabus.html
[12021/40930] 'CORE1020 - Vanderbilt University': no usable link (cache)
[12022/40930] 'CS1151 - Vanderbilt University': no usable link (cache)
[12023/40930] 'CS204 - Vanderbilt University' (cache): SAVED top 1 -> https://vuacedmy.com/academic/handouts/cs/cs204.php
[12024/40930] 'CS2201 - Vanderbilt University' (cache): SAVED top 1 -> https://github.com/xuezzou/Vanderbilt-course-notes/blob/master/data-structure-and-program-design/CS2201_notes_Xue_1.pdf
[12025/40930] 'CS2204 - Vanderbilt University': no usable link (cache)
[12026/40930] 'CS2212 - Vanderbilt University' (cache): SAVED top 1 -> https://github.com/wngo1337/CS2212
[12027/40930] 'CS2231 - Vanderbilt University': no usable link (cache)
[12028/40930] 'CS252 - Vanderbilt University' (cache): SAVED top 1 -> https://github.com/LDY681/CS-252-Systems-Programming/blob/master/CS252-Slides-New.pdf
[12029/40930] 'CS276 - Vanderbilt University' (cache): SAVED top 1 -> https://www.powershow.com/view4/7de324-NjQxO/CS276_Information_Retrieval_and_Web_Search_powerpoint_ppt_presentation
[12030/40930] 'CS3265 - Vanderbilt University': no usable link (cache)
[12031/40930] 'CS3276 - Vanderbilt University' (cache): SAVED top 1 -> https://cumberland.isis.vanderbilt.edu/cs3276/
[12032/40930] 'CS3892 - Vanderbilt University' (cache): SAVED top 1 -> https://github.com/jmscslgroup/cs3892-2025F
[12033/40930] 'CS4278 - Vanderbilt University' (cache): SAVED top 1 -> https://huang.isis.vanderbilt.edu/cs4278-sp26/lectures.php
[12034/40930] 'CS4283 - Vanderbilt University' (cache): SAVED top 1 -> https://github.com/minhsang25/CS4283_Computer_Network
[12035/40930] 'CS4288 - Vanderbilt University' (cache): SAVED top 1 -> https://cumberland.isis.vanderbilt.edu/cs4288/
[12036/40930] 'CS8395 - Vanderbilt University' (cache): SAVED top 1 -> https://cumberland.isis.vanderbilt.edu/cs8395/
[12037/40930] 'CSET2100 - Vanderbilt University' (cache): SAVED top 1 -> https://sites.google.com/view/cset2100blogkendallsebasky/home
[12038/40930] 'CSET2500 - Vanderbilt University': no usable link (cache)
[12039/40930] 'DF2100 - Vanderbilt University': no usable link (cache)
[12040/40930] 'DS2100 - Vanderbilt University': no usable link (cache)
[12041/40930] 'DS3262 - Vanderbilt University': no usable link (cache)
[12042/40930] 'EAS115F - Vanderbilt University': no usable link (cache)
[12043/40930] 'ECE2123 - Vanderbilt University': no usable link (cache)
[12044/40930] 'ECON1500 - Vanderbilt University' (cache): SAVED top 1 -> https://nfb77.github.io/Files/ECON1500Fall24.pdf
[12045/40930] 'ECON2150 - Vanderbilt University': no usable link (cache)
[12046/40930] 'ECON2220 - Vanderbilt University': no usable link (cache)
[12047/40930] 'ECON2300 - Vanderbilt University': no usable link (cache)
[12048/40930] 'ECON3022 - Vanderbilt University': no usable link (cache)
[12049/40930] 'ECON3032 - Vanderbilt University': no usable link (cache)
[12050/40930] 'ECON3035 - Vanderbilt University' (cache): SAVED top 1 -> https://psantanna.com/Econ3035/R_Basics.html
[12051/40930] 'ECON3160 - Vanderbilt University': no usable link (cache)
[12052/40930] 'ECON3330 - Vanderbilt University': no usable link (cache)
[12053/40930] 'ECON3893 - Vanderbilt University': no usable link (cache)
[12054/40930] 'ECON4230 - Vanderbilt University' (cache): SAVED top 1 -> https://www.studocu.vn/vn/document/truong-dai-hoc-van-lang/xac-xuat-thong-ke/econ-4230-psci-3400-syllabus-political-economy-of-elections-fall-2024/128076361
[12055/40930] 'ECON4260 - Vanderbilt University' (cache): SAVED top 1 -> https://www.kirillsevdokimov.com/econ4260/
[12056/40930] 'EDUC2117 - Vanderbilt University': no usable link (cache)
[12057/40930] 'EDUC3212 - Vanderbilt University': no usable link (cache)
[12058/40930] 'EDUC3750 - Vanderbilt University': no usable link (cache)
[12059/40930] 'EECE112 - Vanderbilt University': no usable link (cache)
[12060/40930] 'EECE2112 - Vanderbilt University': no usable link (cache)
[12061/40930] 'EECE235 - Vanderbilt University' (cache): SAVED top 1 -> https://www.vanderbilt.edu/vise/category/slides/
[12062/40930] 'EECE3235 - Vanderbilt University': no usable link (cache)
[12063/40930] 'EES1001 - Vanderbilt University': no usable link (cache)
[12064/40930] 'EES1510L - Vanderbilt University' (cache): SAVED top 1 -> https://patrickpei.github.io/vu/ees1510/
[12065/40930] 'EES240 - Vanderbilt University': no usable link (cache)
[12066/40930] 'EES3340 - Vanderbilt University': no usable link (cache)
[12067/40930] 'EHLP3110 - Vanderbilt University': no usable link (cache)
[12068/40930] 'ENG118W - Vanderbilt University': no usable link (cache)
[12069/40930] 'ENG3230 - Vanderbilt University': no usable link (cache)
[12070/40930] 'ENGL104W - Vanderbilt University': no usable link (cache)
[12071/40930] 'ENGL118W - Vanderbilt University': no usable link (cache)
[12072/40930] 'ENGL1210W - Vanderbilt University': no usable link (cache)
[12073/40930] 'ENGL1240 - Vanderbilt University' (cache): SAVED top 1 -> https://vanderbilt.uloop.com/course-notes/4651-ENGL/25471057-ENGL-1240-1240
[12074/40930] 'AFRS175 - Vassar College' (cache): SAVED top 1 -> https://vassar.slideroom.com/
[12075/40930] 'AMST222 - Vassar College' (cache): SAVED top 1 -> https://vassar.slideroom.com/
[12076/40930] 'ANTH223 - Vassar College': no usable link (cache)
[12077/40930] 'ANTH232 - Vassar College': no usable link (cache)
[12078/40930] 'ANTH245 - Vassar College': no usable link (cache)
[12079/40930] 'ART222 - Vassar College' (cache): SAVED top 1 -> https://vassar.slideroom.com/
[12080/40930] 'ART264 - Vassar College': no usable link (cache)
[12081/40930] 'ART268 - Vassar College' (cache): SAVED top 1 -> https://vassar.slideroom.com/
[12082/40930] 'ASIA101 - Vassar College' (cache): SAVED top 1 -> https://vassar.slideroom.com/
[12083/40930] 'ASIA111 - Vassar College' (cache): SAVED top 1 -> https://sites.google.com/macalester.edu/asia111-01/readings
[12084/40930] 'ASIA362 - Vassar College' (cache): SAVED top 1 -> https://vassar.slideroom.com/
[12085/40930] 'BIOL218 - Vassar College': no usable link (cache)
[12086/40930] 'BIOL228 - Vassar College': no usable link (cache)
[12087/40930] 'CHEM125LAB - Vassar College': no usable link (cache)
[12088/40930] 'CHEM244 - Vassar College': no usable link (cache)
[12089/40930] 'CHJA120 - Vassar College': no usable link (cache)
[12090/40930] 'CMPU101 - Vassar College': no usable link (cache)
[12091/40930] 'CMPU224 - Vassar College' (cache): SAVED top 1 -> https://cs224.cs.vassar.edu/slides/Introduction.pdf
[12092/40930] 'CMPU241 - Vassar College' (cache): SAVED top 1 -> https://www.cs.vassar.edu/courses/cmpu241-201801/syllabus
[12093/40930] 'CMPU334 - Vassar College': no usable link (cache)
[12094/40930] 'COGS100 - Vassar College': no usable link (cache)
[12095/40930] 'COGS215 - Vassar College': no usable link (cache)
[12096/40930] 'COGSC101 - Vassar College': no usable link (cache)
[12097/40930] 'DRAM103 - Vassar College' (cache): SAVED top 1 -> https://exeter.rl.talis.com/modules/dram103.html
[12098/40930] 'DRAM221 - Vassar College': no usable link (cache)
[12099/40930] 'EDUC162 - Vassar College': no usable link (cache)
[12100/40930] 'ENG170A - Vassar College': no usable link (cache)
[12101/40930] 'ENGL10114 - Vassar College': no usable link (cache)
[12102/40930] 'ENGL17055 - Vassar College' (cache): SAVED top 1 -> https://vassar.slideroom.com/
[12103/40930] 'ENGL214 - Vassar College': no usable link (cache)
[12104/40930] 'ENGL255 - Vassar College': no usable link (cache)
[12105/40930] 'ASL1111 - Villanova University' (cache): SAVED top 1 -> https://clashandbook.villanova.edu/sites/default/files/pdf/class/asl-1111.pdf
[12106/40930] 'ASL1112 - Villanova University' (cache): SAVED top 1 -> https://live-villanova-catalog.cleancatalog.io/sites/default/files/pdf/class/asl-1112.pdf
[12107/40930] 'BIO1205 - Villanova University': no usable link (cache)
[12108/40930] 'BIO2105 - Villanova University' (cache): SAVED top 1 -> https://live-villanova-catalog.cleancatalog.io/sites/default/files/pdf/class/bio-2105.pdf
[12109/40930] 'BIO3351 - Villanova University' (cache): SAVED top 1 -> https://clashandbook.villanova.edu/sites/default/files/pdf/class/bio-3351.pdf
[12110/40930] 'BIO3595 - Villanova University' (cache): SAVED top 1 -> https://clashandbook.villanova.edu/sites/default/files/pdf/class/bio-3595.pdf
[12111/40930] 'CHE2031 - Villanova University': no usable link (cache)
[12112/40930] 'CHE2101 - Villanova University' (cache): SAVED top 1 -> https://live-villanova-catalog.cleancatalog.io/sites/default/files/pdf/class/che-2101.pdf
[12113/40930] 'CHI1111 - Villanova University': no usable link (cache)
[12114/40930] 'CHI1122 - Villanova University' (cache): SAVED top 1 -> https://www.villanova.edu/content/dam/villanova/VSB/assets/VSB-PPT-TEMPLATE-16-9.pptx
[12115/40930] 'CHM1103 - Villanova University' (cache): SAVED top 1 -> https://live-villanova-catalog.cleancatalog.io/sites/default/files/pdf/class/chm-1103.pdf
[12116/40930] 'CHM1134 - Villanova University' (cache): SAVED top 1 -> https://clashandbook.villanova.edu/sites/default/files/pdf/class/chm-1134.pdf
[12117/40930] 'CHM1135 - Villanova University' (cache): SAVED top 1 -> https://live-villanova-catalog.cleancatalog.io/sites/default/files/pdf/class/chm-1135.pdf
[12118/40930] 'CHM1151 - Villanova University' (cache): SAVED top 1 -> https://clashandbook.villanova.edu/sites/default/files/pdf/class/chm-1151.pdf
[12119/40930] 'CHM1152 - Villanova University' (cache): SAVED top 1 -> https://clashandbook.villanova.edu/sites/default/files/pdf/class/chm-1152.pdf
[12120/40930] 'CHM1156 - Villanova University' (cache): SAVED top 1 -> https://homepage.villanova.edu/paul.fazen/chm1156.html
[12121/40930] 'CHM2201 - Villanova University' (cache): SAVED top 1 -> https://clashandbook.villanova.edu/sites/default/files/pdf/class/chm-2201.pdf
[12122/40930] 'CHM2202 - Villanova University': no usable link (cache)
[12123/40930] 'CHM3211 - Villanova University' (cache): SAVED top 1 -> http://www.villanovau.com/
[12124/40930] 'CHM4292 - Villanova University' (cache): SAVED top 1 -> https://clashandbook.villanova.edu/sites/default/files/pdf/class/chm-4292.pdf
[12125/40930] 'CHM4603 - Villanova University': no usable link (cache)
[12126/40930] 'COM2400 - Villanova University' (cache): SAVED top 1 -> https://live-villanova-catalog.cleancatalog.io/sites/default/files/pdf/class/com-2400.pdf
[12127/40930] 'CRJ3000 - Villanova University': no usable link (cache)
[12128/40930] 'CRM3330 - Villanova University' (cache): SAVED top 1 -> http://www.villanovau.com/
[12129/40930] 'CRM3400 - Villanova University' (cache): SAVED top 1 -> https://www.villanova.edu/content/dam/villanova/VSB/assets/VSB-PPT-TEMPLATE-16-9.pptx
[12130/40930] 'CSC1010 - Villanova University' (cache): SAVED top 1 -> https://csc.villanova.edu/~tway/courses/csc1010/f2019/slides/Lecture%201.pdf
[12131/40930] 'CSC1051 - Villanova University' (cache): SAVED top 1 -> http://www.csc.villanova.edu/~nadi/csc1051/
[12132/40930] 'CSC1052 - Villanova University' (cache): SAVED top 1 -> http://www.csc.villanova.edu/~tway/courses/csc1052/f2024/
[12133/40930] 'CSC1300 - Villanova University' (cache): SAVED top 1 -> http://www.csc.villanova.edu/~japaridz/Archive/1300/csc1300-lectures.html
[12134/40930] 'DYNAM1111 - Villanova University' (cache): SAVED top 1 -> https://www.villanova.edu/content/dam/villanova/VSB/assets/VSB-PPT-TEMPLATE-16-9.pptx
[12135/40930] 'ECE1260 - Villanova University' (cache): SAVED top 1 -> https://www.ece.villanova.edu/outlines/.archive/202330/ECE-1260/config/courseExpectation
[12136/40930] 'ECE3242 - Villanova University' (cache): SAVED top 1 -> https://www.ece.villanova.edu/outlines/ECE-3242/outline.pdf
[12137/40930] 'ECO2101 - Villanova University' (cache): SAVED top 1 -> https://live-villanova-catalog.cleancatalog.io/sites/default/files/pdf/class/eco-2101.pdf
[12138/40930] 'ECO2102 - Villanova University' (cache): SAVED top 1 -> https://clashandbook.villanova.edu/sites/default/files/pdf/class/eco-2102.pdf
[12139/40930] 'ECO3108 - Villanova University' (cache): SAVED top 1 -> https://clashandbook.villanova.edu/sites/default/files/pdf/class/eco-3108.pdf
[12140/40930] 'ECO3137 - Villanova University' (cache): SAVED top 1 -> https://www.villanova.edu/content/dam/villanova/VSB/assets/VSB-PPT-TEMPLATE-16-9.pptx
[12141/40930] 'ECO4200 - Villanova University' (cache): SAVED top 1 -> https://live-villanova-catalog.cleancatalog.io/sites/default/files/pdf/class/eco-4200.pdf
[12142/40930] 'EGR1200 - Villanova University' (cache): SAVED top 1 -> https://www.villanova.edu/content/dam/villanova/VSB/assets/VSB-PPT-TEMPLATE-16-9.pptx
[12143/40930] 'ENG1050 - Villanova University' (cache): SAVED top 1 -> https://live-villanova-catalog.cleancatalog.io/sites/default/files/pdf/class/eng-1050.pdf
[12144/40930] 'ENG1975 - Villanova University' (cache): SAVED top 1 -> https://villanova-arts.cleancatalog.net/sites/default/files/pdf/class/eng-1975.pdf
[12145/40930] 'ENG4646 - Villanova University' (cache): SAVED top 1 -> https://www.villanova.edu/content/dam/villanova/VSB/assets/VSB-PPT-TEMPLATE-16-9.pptx
[12146/40930] 'ENG4648 - Villanova University' (cache): SAVED top 1 -> https://www.villanova.edu/content/dam/villanova/VSB/assets/VSB-PPT-TEMPLATE-16-9.pptx
[12147/40930] 'AFAM103 - Virginia Commonwealth University': no usable link (cache)
[12148/40930] 'AFAM322 - Virginia Commonwealth University': no usable link (cache)
[12149/40930] 'ARTF103 - Virginia Commonwealth University': no usable link (cache)
[12150/40930] 'ARTF121 - Virginia Commonwealth University': no usable link (cache)
[12151/40930] 'ARTF131 - Virginia Commonwealth University': no usable link (cache)
[12152/40930] 'ARTF133 - Virginia Commonwealth University': no usable link (cache)
[12153/40930] 'ARTF134 - Virginia Commonwealth University' (cache): SAVED top 1 -> https://www.facebook.com/vega_artwork-101844115081280/videos/vcu-artf-134-2-time-studio-short-video-1min-40sec-music-rosalia-pale-and-aunque-/278995443934216/
[12154/40930] 'ARTF139 - Virginia Commonwealth University': no usable link (cache)
[12155/40930] 'BIO391 - Virginia Commonwealth University': no usable link (cache)
[12156/40930] 'BIOL391 - Virginia Commonwealth University': no usable link (cache)
[12157/40930] 'BIOL455 - Virginia Commonwealth University': no usable link (cache)
[12158/40930] 'BIOZ101 - Virginia Commonwealth University': no usable link (cache)
[12159/40930] 'BNFO591 - Virginia Commonwealth University': no usable link (cache)
[12160/40930] 'BUSN201 - Virginia Commonwealth University': no usable link (cache)
[12161/40930] 'BUSN202 - Virginia Commonwealth University': no usable link (cache)
[12162/40930] 'BUSN205 - Virginia Commonwealth University': no usable link (cache)
[12163/40930] 'BUSN225 - Virginia Commonwealth University': no usable link (cache)
[12164/40930] 'BUSN323 - Virginia Commonwealth University': no usable link (cache)
[12165/40930] 'CHEZ101 - Virginia Commonwealth University': no usable link (cache)
[12166/40930] 'CHEZ102 - Virginia Commonwealth University': no usable link (cache)
[12167/40930] 'CHEZ301 - Virginia Commonwealth University': no usable link (cache)
[12168/40930] 'CHEZ302 - Virginia Commonwealth University': no usable link (cache)
[12169/40930] 'CMSC235 - Virginia Commonwealth University': no usable link (cache)
[12170/40930] 'CMSC255 - Virginia Commonwealth University' (cache): SAVED top 1 -> https://github.com/ChadwickAnderson123/VCU_Fall2022_CMSC255_Repository
[12171/40930] 'CMSC256 - Virginia Commonwealth University': no usable link (cache)
[12172/40930] 'CMSC304 - Virginia Commonwealth University': no usable link (cache)
[12173/40930] 'CMSC311 - Virginia Commonwealth University': no usable link (cache)
[12174/40930] 'CMSC312 - Virginia Commonwealth University' (cache): SAVED top 1 -> https://github.com/StevenmHernandez/cmsc312-operating-system-simulator
[12175/40930] 'COAR121 - Virginia Commonwealth University': no usable link (cache)
[12176/40930] 'COAR201 - Virginia Commonwealth University': no usable link (cache)
[12177/40930] 'COAR202 - Virginia Commonwealth University': no usable link (cache)
[12178/40930] 'COAR300 - Virginia Commonwealth University': no usable link (cache)
[12179/40930] 'COAR302 - Virginia Commonwealth University': no usable link (cache)
[12180/40930] 'COAR307 - Virginia Commonwealth University': no usable link (cache)
[12181/40930] 'COAR320 - Virginia Commonwealth University': no usable link (cache)
[12182/40930] 'COAR352 - Virginia Commonwealth University' (cache): SAVED top 1 -> https://vcu.uloop.com/course-notes/432022-COAR/4080901-COAR-352-HISTORY-OF-VISUAL-COMMNCTNS-I
[12183/40930] 'COAR353 - Virginia Commonwealth University': no usable link (cache)
[12184/40930] 'COAR391 - Virginia Commonwealth University': no usable link (cache)
[12185/40930] 'CRAFT251 - Virginia Commonwealth University': no usable link (cache)
[12186/40930] 'CRJS181 - Virginia Commonwealth University': no usable link (cache)
[12187/40930] 'CRJS253 - Virginia Commonwealth University' (cache): SAVED top 1 -> https://vcu.uloop.com/course-notes/315104-CRJS/4080755-CRJS-253-INTRODUCTION-TO-CORRECTIONS
[12188/40930] 'CRJS254 - Virginia Commonwealth University': no usable link (cache)
[12189/40930] 'CRJS380 - Virginia Commonwealth University': no usable link (cache)
[12190/40930] 'CRJS425 - Virginia Commonwealth University': no usable link (cache)
[12191/40930] 'CRJS463 - Virginia Commonwealth University': no usable link (cache)
[12192/40930] 'CRJS468 - Virginia Commonwealth University': no usable link (cache)
[12193/40930] 'CRJS550 - Virginia Commonwealth University': no usable link (cache)
[12194/40930] 'EGMN103 - Virginia Commonwealth University': no usable link (cache)
[12195/40930] 'EGMN215 - Virginia Commonwealth University': no usable link (cache)
[12196/40930] 'EGMN312 - Virginia Commonwealth University' (cache): SAVED top 1 -> https://freecourseherounlocks.net/study-resources/lab-report/80151/egmn-312-thermal-science-lab-leaf-blower-energy-equation
[12197/40930] 'EGRE101 - Virginia Commonwealth University': no usable link (cache)
[12198/40930] 'EGRE303 - Virginia Commonwealth University': no usable link (cache)
[12199/40930] 'EGRE310 - Virginia Commonwealth University': no usable link (cache)
[12200/40930] 'EGRE335 - Virginia Commonwealth University': no usable link (cache)
[12201/40930] 'EGRE337 - Virginia Commonwealth University': no usable link (cache)
[12202/40930] 'EGRE364 - Virginia Commonwealth University': no usable link (cache)
[12203/40930] 'EGRM101 - Virginia Commonwealth University': no usable link (cache)
[12204/40930] 'ENGL236 - Virginia Commonwealth University': no usable link (cache)
[12205/40930] 'AAEC1005 - Virginia Tech': no usable link (cache)
[12206/40930] 'ACCT1504 - Virginia Tech': no usable link (cache)
[12207/40930] 'ACIS1004 - Virginia Tech' (cache): SAVED top 1 -> https://www.thinkswap.com/us/virginia-tech/acis-1004-accounting-foundations/midterm-notes
[12208/40930] 'ACIS1015 - Virginia Tech': no usable link (cache)
[12209/40930] 'ACIS1504 - Virginia Tech': no usable link (cache)
[12210/40930] 'ACIS2115 - Virginia Tech' (cache): SAVED top 1 -> https://acis2115.com/
[12211/40930] 'ACIS2116 - Virginia Tech': no usable link (cache)
[12212/40930] 'ACIS3115 - Virginia Tech': no usable link (cache)
[12213/40930] 'ACIS4194 - Virginia Tech': no usable link (cache)
[12214/40930] 'ACIS4414 - Virginia Tech': no usable link (cache)
[12215/40930] 'ALS2504 - Virginia Tech' (cache): SAVED top 1 -> https://odyadvisor.com/vt/courses/als-2504
[12216/40930] 'ALS3104 - Virginia Tech' (cache): SAVED top 1 -> http://morotalab.org/als3104-2022/ALS3104_Spring2022.pdf
[12217/40930] 'AOE5204 - Virginia Tech': no usable link (cache)
[12218/40930] 'APSC2164 - Virginia Tech': no usable link (cache)
[12219/40930] 'APSC2424 - Virginia Tech': no usable link (cache)
[12220/40930] 'ARCH2015 - Virginia Tech': no usable link (cache)
[12221/40930] 'ART1004 - Virginia Tech': no usable link (cache)
[12222/40930] 'ART1204 - Virginia Tech' (cache): SAVED top 1 -> https://odyadvisor.com/vt/courses/art-1204
[12223/40930] 'BC2044 - Virginia Tech': no usable link (cache)
[12224/40930] 'BIOL1034 - Virginia Tech': no usable link (cache)
[12225/40930] 'BIOL2604 - Virginia Tech' (cache): SAVED top 1 -> https://www.thinkswap.com/us/virginia-tech/biol2604-general-microbiology
[12226/40930] 'BIOL2804 - Virginia Tech': no usable link (cache)
[12227/40930] 'BIOL3404 - Virginia Tech': no usable link (cache)
[12228/40930] 'BIT1984 - Virginia Tech': no usable link (cache)
[12229/40930] 'BIT3444 - Virginia Tech': no usable link (cache)
[12230/40930] 'BIT3554 - Virginia Tech': no usable link (cache)
[12231/40930] 'BIT4484 - Virginia Tech': no usable link (cache)
[12232/40930] 'BIT4604 - Virginia Tech': no usable link (cache)
[12233/40930] 'BIT4624 - Virginia Tech': no usable link (cache)
[12234/40930] 'BMSP2135 - Virginia Tech': no usable link (cache)
[12235/40930] 'BMSP2136 - Virginia Tech': no usable link (cache)
[12236/40930] 'CEE2814 - Virginia Tech': no usable link (cache)
[12237/40930] 'CEE3804 - Virginia Tech' (cache): SAVED top 1 -> http://128.173.204.63/cee3804/ce_3804.html
[12238/40930] 'CHE2164 - Virginia Tech': no usable link (cache)
[12239/40930] 'CHE3114 - Virginia Tech': no usable link (cache)
[12240/40930] 'CHE3124 - Virginia Tech': no usable link (cache)
[12241/40930] 'CHEM1016 - Virginia Tech' (cache): SAVED top 1 -> https://vtechtutor.com/
[12242/40930] 'CHEM1035 - Virginia Tech': no usable link (cache)
[12243/40930] 'CHEM1036 - Virginia Tech': no usable link (cache)
[12244/40930] 'CHEM1055 - Virginia Tech': no usable link (cache)
[12245/40930] 'CHEM1056 - Virginia Tech' (cache): SAVED top 1 -> https://vtechtutor.com/
[12246/40930] 'CHEM2535 - Virginia Tech': no usable link (cache)
[12247/40930] 'CHEM3615 - Virginia Tech': no usable link (cache)
[12248/40930] 'CHEM3625 - Virginia Tech': no usable link (cache)
[12249/40930] 'CMDA1634 - Virginia Tech': no usable link (cache)
[12250/40930] 'CMDA3605 - Virginia Tech': no usable link (cache)
[12251/40930] 'CMST3124 - Virginia Tech' (cache): SAVED top 1 -> https://odyadvisor.com/vt/courses/cmst-3124
[12252/40930] 'COMM1016 - Virginia Tech' (cache): SAVED top 1 -> https://vt.uloop.com/course-notes/2178-COMM/966259-COMM-1016-COMMUNICATION-SKILLS
[12253/40930] 'COMM2004 - Virginia Tech': no usable link (cache)
[12254/40930] 'COMM2014 - Virginia Tech': no usable link (cache)
[12255/40930] 'COMM2024 - Virginia Tech': no usable link (cache)
[12256/40930] 'CONS2304 - Virginia Tech': no usable link (cache)
[12257/40930] 'CRIM1001 - Virginia Tech': no usable link (cache)
[12258/40930] 'CRIM3414 - Virginia Tech' (cache): SAVED top 1 -> https://odyadvisor.com/vt/courses/crim-3414
[12259/40930] 'CS1054 - Virginia Tech' (cache): SAVED top 1 -> https://courses.cs.vt.edu/~cs1054/
[12260/40930] 'CS1064 - Virginia Tech' (cache): SAVED top 1 -> https://people.cs.vt.edu/ribbens/upc/courses/CS1064Proposal.pdf
[12261/40930] 'CS2114 - Virginia Tech' (cache): SAVED top 1 -> https://courses.cs.vt.edu/~cs2114/
[12262/40930] 'CS3114 - Virginia Tech' (cache): SAVED top 1 -> https://courses.cs.vt.edu/cs3114/
[12263/40930] 'CS3714 - Virginia Tech' (cache): SAVED top 1 -> https://manta.cs.vt.edu/cs3714/Course.html
[12264/40930] 'CS3754 - Virginia Tech' (cache): SAVED top 1 -> https://courses.cs.vt.edu/cs3704/2025fall/slides/
[12265/40930] 'CS4104 - Virginia Tech' (cache): SAVED top 1 -> https://courses.cs.vt.edu/cs4104/
[12266/40930] 'ECE2024 - Virginia Tech' (cache): SAVED top 1 -> https://odyadvisor.com/vt/courses/ece-2024
[12267/40930] 'ECE2054 - Virginia Tech': no usable link (cache)
[12268/40930] 'ECE2504 - Virginia Tech' (cache): SAVED top 1 -> https://github.com/bowei437/Intro-to-Computer-Engineering-ECE-2504
[12269/40930] 'ECE2514 - Virginia Tech' (cache): SAVED top 1 -> https://soysal.ece.vt.edu/teaching/VT_ECE2514/
[12270/40930] 'ECE2544 - Virginia Tech': no usable link (cache)
[12271/40930] 'ECE2714 - Virginia Tech': no usable link (cache)
[12272/40930] 'ECE2804 - Virginia Tech' (cache): SAVED top 1 -> https://sites.google.com/vt.edu/vtecevirtualexpo/home/ece-2804-integrated-design
[12273/40930] 'ECON1204 - Virginia Tech' (cache): SAVED top 1 -> https://www.facebook.com/LGBTQatVT/videos/econ-1204-economics-of-race/755282825244862/
[12274/40930] 'ECON2005 - Virginia Tech': no usable link (cache)
[12275/40930] 'EDTE1004 - Virginia Tech' (cache): SAVED top 1 -> https://odyadvisor.com/vt/courses/edte-1004
[12276/40930] 'ENG1105 - Virginia Tech' (cache): SAVED top 1 -> https://engl1105materials.vt.domains/?page_id=40
[12277/40930] 'ENGE1215 - Virginia Tech' (cache): SAVED top 1 -> https://fye.vt.edu/parents-and-students/fye-courses-by-college/coe/enge-1215.html
[12278/40930] 'ENGE1216 - Virginia Tech' (cache): SAVED top 1 -> https://odyadvisor.com/vt/courses/enge-1216
[12279/40930] 'ENGE1414 - Virginia Tech' (cache): SAVED top 1 -> https://github.com/andydotmp3/ENGE-1414
[12280/40930] 'ENGL1105 - Virginia Tech' (cache): SAVED top 1 -> https://engl1105materials.vt.domains/?page_id=37
[12281/40930] 'ENGL1106 - Virginia Tech' (cache): SAVED top 1 -> https://hokieswrite.com/document-category/engl-1106-resources/
[12282/40930] 'ENGL1204 - Virginia Tech': no usable link (cache)
[12283/40930] 'ARB111 - Wake Forest University': no usable link (cache)
[12284/40930] 'ARB231 - Wake Forest University': no usable link (cache)
[12285/40930] 'BEM201 - Wake Forest University' (cache): SAVED top 1 -> https://guides.zsr.wfu.edu/BEM201
[12286/40930] 'CHI153 - Wake Forest University' (cache): SAVED top 1 -> http://wfuchinese.weebly.com/chi-153-student-presentations.html
[12287/40930] 'CHM280 - Wake Forest University' (cache): SAVED top 1 -> https://summer.college.wfu.edu/2023/12/chm-280l-theory-and-methods-of-quantitative-analysis-lab-1-credit-hour/
[12288/40930] 'EAL221 - Wake Forest University': no usable link (cache)
[12289/40930] 'ECN150 - Wake Forest University' (cache): SAVED top 1 -> https://sites.google.com/site/mcfallecon/home/ecn150
[12290/40930] 'ECN205 - Wake Forest University' (cache): SAVED top 1 -> https://sites.google.com/site/mcfallecon/home/ecn205
[12291/40930] 'ECN209 - Wake Forest University' (cache): SAVED top 1 -> https://qmul.rl.talis.com/modules/ecn209.html
[12292/40930] 'EDU112 - Wake Forest University' (cache): SAVED top 1 -> https://nounstudy.com/courses/EDU112/
[12293/40930] 'EGR112 - Wake Forest University' (cache): SAVED top 1 -> https://guides.zsr.wfu.edu/EGR112_Stormwater
[12294/40930] 'ACCTG330 - Washington State University': no usable link (cache)
[12295/40930] 'ACCTG433 - Washington State University' (cache): SAVED top 1 -> https://apps.aoi.wsu.edu/onlineMedia/transcripts/acctg433_03_v(c123).pdf
[12296/40930] 'AMDT210 - Washington State University': no usable link (cache)
[12297/40930] 'AMDT496 - Washington State University': no usable link (cache)
[12298/40930] 'ANTH468 - Washington State University' (cache): SAVED top 1 -> https://anthropology.washington.edu/courses/2025/autumn/anth/468/a
[12299/40930] 'AS205 - Washington State University': no usable link (cache)
[12300/40930] 'AS313 - Washington State University': no usable link (cache)
[12301/40930] 'BA204 - Washington State University': no usable link (cache)
[12302/40930] 'BLAW210 - Washington State University': no usable link (cache)
[12303/40930] 'CE211 - Washington State University': no usable link (cache)
[12304/40930] 'CE302 - Washington State University': no usable link (cache)
[12305/40930] 'CHE541 - Washington State University': no usable link (cache)
[12306/40930] 'COM138 - Washington State University': no usable link (cache)
[12307/40930] 'CPT121 - Washington State University': no usable link (cache)
[12308/40930] 'CPT122 - Washington State University': no usable link (cache)
[12309/40930] 'CPTS121 - Washington State University' (cache): SAVED top 1 -> https://users.tricity.wsu.edu/~bobl/cpts121/
[12310/40930] 'CPTS223 - Washington State University' (cache): SAVED top 1 -> https://eecs.wsu.edu/~ananth/CptS223/Lectures/index.htm
[12311/40930] 'CPTS260 - Washington State University' (cache): SAVED top 1 -> https://users.tricity.wsu.edu/~bobl/cpts260/
[12312/40930] 'CPTS321 - Washington State University' (cache): SAVED top 1 -> https://github.com/MarkShinozaki/CPTS321-SoftwareEngineeringPrinciples
[12313/40930] 'CPTS350 - Washington State University' (cache): SAVED top 1 -> https://gitlab.eecs.wsu.edu/pfreilin/cpts350-bdd/-/tree/master?ref_type=heads
[12314/40930] 'CPTS355 - Washington State University' (cache): SAVED top 1 -> https://www.powershow.com/view/11f828-YmY5Z/CptS_355_Programming_Language_Design_powerpoint_ppt_presentation
[12315/40930] 'CPTS489 - Washington State University' (cache): SAVED top 1 -> https://github.com/CptS-489-WSU
[12316/40930] 'CPTS516 - Washington State University': no usable link (cache)
[12317/40930] 'CPTS581 - Washington State University': no usable link (cache)
[12318/40930] 'CRIMJ320 - Washington State University': no usable link (cache)
[12319/40930] 'CRMJ320 - Washington State University': no usable link (cache)
[12320/40930] 'CRMJ420 - Washington State University': no usable link (cache)
[12321/40930] 'DTC101 - Washington State University' (cache): SAVED top 1 -> https://dtc-wsuv.org/cmdc/nouspace-pub/dtc101/index.html
[12322/40930] 'DTC201 - Washington State University' (cache): SAVED top 1 -> https://dtc-wsuv.org/wp/dtc201/
[12323/40930] 'DTC336 - Washington State University' (cache): SAVED top 1 -> https://dtc-wsuv.org/wp/dtc336/syllabus/
[12324/40930] 'DTC355 - Washington State University' (cache): SAVED top 1 -> https://dtc-wsuv.org/wp/dtc355/template/
[12325/40930] 'DTC477 - Washington State University' (cache): SAVED top 1 -> https://github.com/madelyn-lease/DTC477_Final
[12326/40930] 'ECONS101 - Washington State University': no usable link (cache)
[12327/40930] 'EE483 - Washington State University' (cache): SAVED top 1 -> https://usc.simplesyllabus.com/api2/file-download/38006/Fall%202020_EE-483_30609.20203_30609.pdf
[12328/40930] 'EE491 - Washington State University' (cache): SAVED top 1 -> https://www.jimsquire.com/teaching/ee491/ee491.htm
[12329/40930] 'EE496 - Washington State University' (cache): SAVED top 1 -> https://courses.washington.edu/ee496/index.html
[12330/40930] 'EE571 - Washington State University' (cache): SAVED top 1 -> https://www.ee.washington.edu/courses/ee571/
[12331/40930] 'ACCT2610 - Washington University in St. Louis': no usable link (cache)
[12332/40930] 'ACCT2620 - Washington University in St. Louis': no usable link (cache)
[12333/40930] 'ACCT5001 - Washington University in St. Louis' (cache): SAVED top 1 -> https://sprott.carleton.ca/wp-content/uploads/2025/04/ACCT5001-.pdf
[12334/40930] 'ACCT5011 - Washington University in St. Louis' (cache): SAVED top 1 -> https://sprott.carleton.ca/wp-content/uploads/ACCT5011-W20-Alisher-M.pdf
[12335/40930] 'AFAS321 - Washington University in St. Louis': no usable link (cache)
[12336/40930] 'AFAS322 - Washington University in St. Louis': no usable link (cache)
[12337/40930] 'AFAS3255 - Washington University in St. Louis': no usable link (cache)
[12338/40930] 'AMCS330S - Washington University in St. Louis': no usable link (cache)
[12339/40930] 'ARAB107 - Washington University in St. Louis': no usable link (cache)
[12340/40930] 'ARAB107D - Washington University in St. Louis': no usable link (cache)
[12341/40930] 'ARC190B - Washington University in St. Louis': no usable link (cache)
[12342/40930] 'BIO2960 - Washington University in St. Louis': no usable link (cache)
[12343/40930] 'BIO2970 - Washington University in St. Louis': no usable link (cache)
[12344/40930] 'BIO451 - Washington University in St. Louis': no usable link (cache)
[12345/40930] 'BIOL1500 - Washington University in St. Louis': no usable link (cache)
[12346/40930] 'BIOL2960 - Washington University in St. Louis': no usable link (cache)
[12347/40930] 'BIOL3057 - Washington University in St. Louis' (cache): SAVED top 1 -> https://soton.rl.talis.com/modules/biol3057.html
[12348/40930] 'BIOL4580 - Washington University in St. Louis': no usable link (cache)
[12349/40930] 'BME301B - Washington University in St. Louis': no usable link (cache)
[12350/40930] 'BME320 - Washington University in St. Louis': no usable link (cache)
[12351/40930] 'BME401 - Washington University in St. Louis' (cache): SAVED top 1 -> https://bme401svit.blogspot.com/
[12352/40930] 'BME570 - Washington University in St. Louis': no usable link (cache)
[12353/40930] 'BME578 - Washington University in St. Louis': no usable link (cache)
[12354/40930] 'CHEM111A - Washington University in St. Louis': no usable link (cache)
[12355/40930] 'CHEM1701 - Washington University in St. Louis': no usable link (cache)
[12356/40930] 'CSE131 - Washington University in St. Louis' (cache): SAVED top 1 -> https://github.com/alexMCTeng/CSE131-Intro-to-Computer-Science
[12357/40930] 'CSE132 - Washington University in St. Louis' (cache): SAVED top 1 -> https://github.com/TomWang233/WUSTL_CSE132
[12358/40930] 'CSE204A - Washington University in St. Louis' (cache): SAVED top 1 -> https://github.com/cse204-2024
[12359/40930] 'CSE361 - Washington University in St. Louis' (cache): SAVED top 1 -> https://securitee.org/teaching/cse361/slides/cse361_lecture02_clientsidetech.pdf
[12360/40930] 'CSE417 - Washington University in St. Louis' (cache): SAVED top 1 -> https://courses.cs.washington.edu/courses/cse417/25au/index.html
[12361/40930] 'CSE417T - Washington University in St. Louis' (cache): SAVED top 1 -> https://courses.cs.washington.edu/courses/cse417/25au/index.html
[12362/40930] 'CSE427S - Washington University in St. Louis' (cache): SAVED top 1 -> https://sites.google.com/cs.washington.edu/cse427f2023/lecture-notes
[12363/40930] 'CSE431 - Washington University in St. Louis' (cache): SAVED top 1 -> https://courses.cs.washington.edu/courses/cse431/21sp/
[12364/40930] 'CSE517A - Washington University in St. Louis' (cache): SAVED top 1 -> https://github.com/Lancelot-Zhang/washu-cse517a-machine-learning
[12365/40930] 'CSE541T - Washington University in St. Louis' (cache): SAVED top 1 -> https://courses.cs.washington.edu/courses/cse541/
[12366/40930] 'CSE543 - Washington University in St. Louis' (cache): SAVED top 1 -> https://syed-rafiul-hussain.github.io/index.php/teaching/cse543-f20/slides/cse543-web-security.pdf
[12367/40930] 'CW113 - Washington University in St. Louis': no usable link (cache)
[12368/40930] 'CWP100 - Washington University in St. Louis': no usable link (cache)
[12369/40930] 'CWP111 - Washington University in St. Louis': no usable link (cache)
[12370/40930] 'CWP112 - Washington University in St. Louis': no usable link (cache)
[12371/40930] 'CWP113 - Washington University in St. Louis': no usable link (cache)
[12372/40930] 'CWP114 - Washington University in St. Louis': no usable link (cache)
[12373/40930] 'CWP116 - Washington University in St. Louis': no usable link (cache)
[12374/40930] 'CWP118 - Washington University in St. Louis': no usable link (cache)
[12375/40930] 'CWP1508 - Washington University in St. Louis': no usable link (cache)
[12376/40930] 'DAT121 - Washington University in St. Louis': no usable link (cache)
[12377/40930] 'EALC3166 - Washington University in St. Louis': no usable link (cache)
[12378/40930] 'ECON1021 - Washington University in St. Louis': no usable link (cache)
[12379/40930] 'ECON1502 - Washington University in St. Louis': no usable link (cache)
[12380/40930] 'ECON4011 - Washington University in St. Louis': no usable link (cache)
[12381/40930] 'ECON413W - Washington University in St. Louis': no usable link (cache)
[12382/40930] 'EECE101 - Washington University in St. Louis': no usable link (cache)
[12383/40930] 'EECE202 - Washington University in St. Louis': no usable link (cache)
[12384/40930] 'EECE205 - Washington University in St. Louis': no usable link (cache)
[12385/40930] 'EEPS125 - Washington University in St. Louis': no usable link (cache)
[12386/40930] 'EEPS342 - Washington University in St. Louis': no usable link (cache)
[12387/40930] 'ELIT2152 - Washington University in St. Louis': no usable link (cache)
[12388/40930] 'ELIT262 - Washington University in St. Louis': no usable link (cache)
[12389/40930] 'ELIT314 - Washington University in St. Louis': no usable link (cache)
[12390/40930] 'EN257 - Washington University in St. Louis' (cache): SAVED top 1 -> https://standards.globalspec.com/std/14570927/en-257
[12391/40930] 'ACC5110 - Wayne State University': no usable link (cache)
[12392/40930] 'ACC5115 - Wayne State University': no usable link (cache)
[12393/40930] 'ACO1230 - Wayne State University' (cache): SAVED top 1 -> https://waynestatebookstore.com/course/1/WAYNE_STATE_UNIVERSITY/FALL_2025/ACO/1230/13534
[12394/40930] 'ADN3100 - Wayne State University': no usable link (cache)
[12395/40930] 'ADR2070 - Wayne State University' (cache): SAVED top 1 -> https://waynestatebookstore.com/course/1/WAYNE_STATE_UNIVERSITY/FALL_2025/ADR/2070/12876
[12396/40930] 'AF3610 - Wayne State University': no usable link (cache)
[12397/40930] 'AFS1010 - Wayne State University': no usable link (cache)
[12398/40930] 'AFS3610 - Wayne State University' (cache): SAVED top 1 -> https://guides.lib.wayne.edu/AFS3610
[12399/40930] 'AID100 - Wayne State University': no usable link (cache)
[12400/40930] 'ANT1100 - Wayne State University' (cache): SAVED top 1 -> https://youclass.ai/schools/waynestate/departments/ant/courses/ant-1100-introduction-to-anthropology
[12401/40930] 'ANT2050 - Wayne State University': no usable link (cache)
[12402/40930] 'AST2010 - Wayne State University' (cache): SAVED top 1 -> https://clas.wayne.edu/physics/syllabi/ast2010.pdf
[12403/40930] 'AUD5400 - Wayne State University' (cache): SAVED top 1 -> https://youclass.ai/schools/waynestate/departments/aud/courses/aud-5400-introduction-to-audiology
[12404/40930] 'BA1010 - Wayne State University' (cache): SAVED top 1 -> https://archive.org/details/ba1010waynestate0000na
[12405/40930] 'BA2300 - Wayne State University': no usable link (cache)
[12406/40930] 'BA3400 - Wayne State University' (cache): SAVED top 1 -> https://cramx.ai/universities/wayne-state-university/courses/ba-3400
[12407/40930] 'BA6000 - Wayne State University': no usable link (cache)
[12408/40930] 'BA6020 - Wayne State University': no usable link (cache)
[12409/40930] 'BA7040 - Wayne State University': no usable link (cache)
[12410/40930] 'BA7080 - Wayne State University': no usable link (cache)
[12411/40930] 'BE1010 - Wayne State University': no usable link (cache)
[12412/40930] 'BE1200 - Wayne State University' (cache): SAVED top 1 -> https://prezi.com/indyvmwn_swa/wayne-state-be-1200-inside-tool-and-die-presentation/
[12413/40930] 'BIO2870 - Wayne State University' (cache): SAVED top 1 -> https://clas.wayne.edu/biosci/syllabi/bio_2870_lecture_w2019.pdf
[12414/40930] 'BIO3070 - Wayne State University' (cache): SAVED top 1 -> https://clas.wayne.edu/biosci/syllabi/bio_3070_w_17.pdf
[12415/40930] 'BIO3200 - Wayne State University' (cache): SAVED top 1 -> https://clas.wayne.edu/biosci/syllabi/bio_3200_ss2020.pdf
[12416/40930] 'BIO4110 - Wayne State University' (cache): SAVED top 1 -> https://clas.wayne.edu/biosci/syllabi/bio4110_f201_.pdf
[12417/40930] 'BIO4690 - Wayne State University': no usable link (cache)
[12418/40930] 'BIO5080 - Wayne State University' (cache): SAVED top 1 -> https://clas.wayne.edu/biosci/syllabi/bio_5080_w2018_1.pdf
[12419/40930] 'BIO6330 - Wayne State University': no usable link (cache)
[12420/40930] 'CALC2020 - Wayne State University': no usable link (cache)
[12421/40930] 'CHEM1140 - Wayne State University': no usable link (cache)
[12422/40930] 'CHI1010 - Wayne State University' (cache): SAVED top 1 -> https://youclass.ai/schools/waynestate/departments/chi/courses/chi-1010-elementary-chinese-i
[12423/40930] 'CHM1040 - Wayne State University' (cache): SAVED top 1 -> https://waynestatebookstore.com/course/1/WAYNE_STATE_UNIVERSITY/FALL_2025/CHM/1040/11080
[12424/40930] 'CHM1060 - Wayne State University' (cache): SAVED top 1 -> https://waynestatebookstore.com/course/1/WAYNE_STATE_UNIVERSITY/SPRINGSUMMER_2026/CHM/1060/33663
[12425/40930] 'CHM1140 - Wayne State University' (cache): SAVED top 1 -> https://waynestatebookstore.com/course/1/WAYNE_STATE_UNIVERSITY/WINTER_2026/CHM/1140/23282
[12426/40930] 'CHM1150 - Wayne State University': no usable link (cache)
[12427/40930] 'CHM1230 - Wayne State University': no usable link (cache)
[12428/40930] 'CHM1240 - Wayne State University': no usable link (cache)
[12429/40930] 'CHM1250 - Wayne State University': no usable link (cache)
[12430/40930] 'CHM1420 - Wayne State University': no usable link (cache)
[12431/40930] 'CHM2220 - Wayne State University' (cache): SAVED top 1 -> https://youclass.ai/schools/waynestate/departments/chm/courses/chm-2220-organic-chemistry-ii
[12432/40930] 'CHM2230 - Wayne State University': no usable link (cache)
[12433/40930] 'CJR1010 - Wayne State University': no usable link (cache)
[12434/40930] 'COM2010 - Wayne State University': no usable link (cache)
[12435/40930] 'COM3170 - Wayne State University' (cache): SAVED top 1 -> https://wayne.uloop.com/course-notes/321293-COM-Communication/9169192-COM-3170-Fundamentals-of-Public-Relations
[12436/40930] 'COM3300 - Wayne State University' (cache): SAVED top 1 -> https://youclass.ai/schools/waynestate/departments/com/courses/com-3300-business-and-professional-presentations
[12437/40930] 'COM4130 - Wayne State University': no usable link (cache)
[12438/40930] 'COM4170 - Wayne State University': no usable link (cache)
[12439/40930] 'COM4210 - Wayne State University': no usable link (cache)
[12440/40930] 'COM5010 - Wayne State University': no usable link (cache)
[12441/40930] 'COM5160 - Wayne State University': no usable link (cache)
[12442/40930] 'COM5510 - Wayne State University': no usable link (cache)
[12443/40930] 'COM7000 - Wayne State University' (cache): SAVED top 1 -> https://wayne-public.courseleaf.com/
[12444/40930] 'CRJ1010 - Wayne State University' (cache): SAVED top 1 -> https://youclass.ai/schools/waynestate/departments/crj/courses/crj-1010-introduction-to-criminal-justice
[12445/40930] 'CRJ2550 - Wayne State University': no usable link (cache)
[12446/40930] 'CRJ2650 - Wayne State University' (cache): SAVED top 1 -> https://wayne.uloop.com/course-notes/316413-CRJ-Criminal-Justice/13488581-CRJ-2650-Gender-and-Crime
[12447/40930] 'CRJ2750 - Wayne State University': no usable link (cache)
[12448/40930] 'CRJ3110 - Wayne State University': no usable link (cache)
[12449/40930] 'CRJ3350 - Wayne State University': no usable link (cache)
[12450/40930] 'CRJ3350CORR - Wayne State University': no usable link (cache)
[12451/40930] 'CRJ4300 - Wayne State University': no usable link (cache)
[12452/40930] 'CSC1000 - Wayne State University': no usable link (cache)
[12453/40930] 'CSC1100 - Wayne State University' (cache): SAVED top 1 -> https://github.com/BraveLilToaster/CSC1100
[12454/40930] 'CSC1500 - Wayne State University' (cache): SAVED top 1 -> https://github.com/Wandyez/Wayne-State-University---CSC-1500
[12455/40930] 'CSC2110 - Wayne State University' (cache): SAVED top 1 -> https://github.com/Wandyez/Wayne-State-University---CSC-2110
[12456/40930] 'CSC3100 - Wayne State University' (cache): SAVED top 1 -> https://docslib.org/doc/10700957/1-csc-3100-computer-architecture-and-organization-course-syllabus
[12457/40930] 'CSC3110 - Wayne State University' (cache): SAVED top 1 -> https://github.com/JeffTM/CSC-3110-Algorithms-List
[12458/40930] 'CSC4420 - Wayne State University' (cache): SAVED top 1 -> https://lihaoxu.eng.wayne.edu/Courses/CSC4420/Note/sch-1.html
[12459/40930] 'CSC4500 - Wayne State University' (cache): SAVED top 1 -> https://github.com/kilosandwich/Wayne-State-CSC-4500
[12460/40930] 'CSC4710 - Wayne State University' (cache): SAVED top 1 -> https://github.com/frinojais/CSC4710project
[12461/40930] 'CSC4996 - Wayne State University': no usable link (cache)
[12462/40930] 'CSC6500 - Wayne State University': no usable link (cache)
[12463/40930] 'ECE2050 - Wayne State University' (cache): SAVED top 1 -> https://sites.google.com/view/ece2050/home
[12464/40930] 'ECE2620 - Wayne State University' (cache): SAVED top 1 -> https://neuron.eng.wayne.edu/auth/ECE3620/LAB%20CD/lectures/lectures.html
[12465/40930] 'ECE3570 - Wayne State University' (cache): SAVED top 1 -> https://engweb.eng.wayne.edu/~ad5781/ABETsyllabus/Syllabus_ECE3570.htm
[12466/40930] 'ECE3620 - Wayne State University' (cache): SAVED top 1 -> https://neuron.eng.wayne.edu/auth/ECE3620/Macam%20ECE3620%20Lectures/ECE3620Unit_1LectureSlides/ECE3620Unit_1_PartI_B.ppsx
[12467/40930] 'ECE4330 - Wayne State University' (cache): SAVED top 1 -> http://niceitems4u.com/auth/ece4330/lectures/lecture_8_ece4330t.pdf
[12468/40930] 'ECE5575 - Wayne State University' (cache): SAVED top 1 -> https://ece.eng.wayne.edu/~smahmud/eceuglinks/ABETsyllabus/Syllabus_ECE5575.htm
[12469/40930] 'ECO2020 - Wayne State University' (cache): SAVED top 1 -> https://waynestatebookstore.com/course/1/WAYNE_STATE_UNIVERSITY/SPRINGSUMMER_2026/ECO/2020/31188
[12470/40930] 'EET2720 - Wayne State University' (cache): SAVED top 1 -> https://yaprak.eng.wayne.edu/lectures/index.html
[12471/40930] 'EET3720 - Wayne State University': no usable link (cache)
[12472/40930] 'ELE6500 - Wayne State University': no usable link (cache)
[12473/40930] 'ENG2390 - Wayne State University': no usable link (cache)
[12474/40930] 'ENG3010 - Wayne State University' (cache): SAVED top 1 -> https://guides.lib.wayne.edu/ENG3010
[12475/40930] 'ENG3050 - Wayne State University' (cache): SAVED top 1 -> https://guides.lib.wayne.edu/ENG3050/3060
[12476/40930] 'ENG3060 - Wayne State University' (cache): SAVED top 1 -> https://guides.lib.wayne.edu/ENG3060
[12477/40930] 'ENG5830 - Wayne State University' (cache): SAVED top 1 -> https://eng5830.wordpress.com/syllabus/
[12478/40930] 'ARTH224 - Wellesley College': no usable link (cache)
[12479/40930] 'ARTH248 - Wellesley College': no usable link (cache)
[12480/40930] 'ASTR107 - Wellesley College': no usable link (cache)
[12481/40930] 'BISC110 - Wellesley College' (cache): SAVED top 1 -> https://openwetware.org/wiki/BISC110:Resources
[12482/40930] 'BISC112 - Wellesley College': no usable link (cache)
[12483/40930] 'BISC209 - Wellesley College' (cache): SAVED top 1 -> https://openwetware.org/wiki/BISC209:BootCamp
[12484/40930] 'CLSC110 - Wellesley College': no usable link (cache)
[12485/40930] 'CPLT238 - Wellesley College' (cache): SAVED top 1 -> https://sites.google.com/a/wellesley.edu/cplt-238-es-238-fa20/syllabus
[12486/40930] 'EDUC103Y - Wellesley College': no usable link (cache)
[12487/40930] 'ENG150Y - Wellesley College' (cache): SAVED top 1 -> https://mahukaenglish.weebly.com/eng-150.html
[12488/40930] 'AFAM176 - Wesleyan University': no usable link (cache)
[12489/40930] 'AMST119 - Wesleyan University': no usable link (cache)
[12490/40930] 'AMST179 - Wesleyan University' (cache): SAVED top 1 -> https://careercenter.wesleyan.edu/classes/amst179-contemporary-u-s-politics-an-introduction-to-american-studies/
[12491/40930] 'AMST225 - Wesleyan University': no usable link (cache)
[12492/40930] 'AMST241 - Wesleyan University': no usable link (cache)
[12493/40930] 'ARCP210 - Wesleyan University': no usable link (cache)
[12494/40930] 'ARHA109 - Wesleyan University': no usable link (cache)
[12495/40930] 'ARHA233 - Wesleyan University' (cache): SAVED top 1 -> https://wesleyan.uloop.com/course-notes/386867-ARHA/1971405-ARHA-233-Italian-Baroque-Ar
[12496/40930] 'ARHA265 - Wesleyan University' (cache): SAVED top 1 -> http://wesmaps-archive.wesleyan.edu/wesmaps/course0102/arha265f.htm
[12497/40930] 'BIOL145 - Wesleyan University' (cache): SAVED top 1 -> https://www.teacherspayteachers.com/Product/Cellular-Structures-BIOL145-9671378
[12498/40930] 'CEAS210 - Wesleyan University': no usable link (cache)
[12499/40930] 'CHEM383 - Wesleyan University': no usable link (cache)
[12500/40930] 'CIS250 - Wesleyan University' (cache): SAVED top 1 -> https://www.wesleyan.edu/slc/projects-courses/CIS_250.html
[12501/40930] 'COL115F - Wesleyan University': no usable link (cache)
[12502/40930] 'COL150 - Wesleyan University': no usable link (cache)
[12503/40930] 'COL202 - Wesleyan University' (cache): SAVED top 1 -> https://www.cse.iitd.ernet.in/~bagchi/courses/COL202_24-25/2025COL202tut6.pdf
[12504/40930] 'COL208 - Wesleyan University': no usable link (cache)
[12505/40930] 'COL228 - Wesleyan University': no usable link (cache)
[12506/40930] 'COL253 - Wesleyan University': no usable link (cache)
[12507/40930] 'COL2O1 - Wesleyan University' (cache): SAVED top 1 -> https://wesleyan.slideroom.com/
[12508/40930] 'COMP114 - Wesleyan University': no usable link (cache)
[12509/40930] 'COMP131F - Wesleyan University' (cache): SAVED top 1 -> http://wesmaps-archive.wesleyan.edu/wesmaps/course9798/comp131f.htm
[12510/40930] 'COMP321 - Wesleyan University': no usable link (cache)
[12511/40930] 'EDST226 - Wesleyan University': no usable link (cache)
[12512/40930] 'ADPR215 - West Virginia University': no usable link (cache)
[12513/40930] 'ARHS120 - West Virginia University' (cache): SAVED top 1 -> https://wvu.uloop.com/course-notes/339548-ARHS/1575365-ARHS-120
[12514/40930] 'ARSC120 - West Virginia University': no usable link (cache)
[12515/40930] 'BCOR121 - West Virginia University': no usable link (cache)
[12516/40930] 'BCOR199 - West Virginia University': no usable link (cache)
[12517/40930] 'BCOR299 - West Virginia University': no usable link (cache)
[12518/40930] 'BCOR315 - West Virginia University': no usable link (cache)
[12519/40930] 'BCOR320 - West Virginia University': no usable link (cache)
[12520/40930] 'BCOR330 - West Virginia University': no usable link (cache)
[12521/40930] 'BCOR340 - West Virginia University': no usable link (cache)
[12522/40930] 'BCOR350 - West Virginia University': no usable link (cache)
[12523/40930] 'BCOR370 - West Virginia University': no usable link (cache)
[12524/40930] 'BCOR380 - West Virginia University': no usable link (cache)
[12525/40930] 'BIBY615 - West Virginia University': no usable link (cache)
[12526/40930] 'CDFS416 - West Virginia University': no usable link (cache)
[12527/40930] 'CE453 - West Virginia University' (cache): SAVED top 1 -> https://cee.statler.wvu.edu/files/d/59af52d4-90e0-4ad7-b910-8ce73c7c2f9e/ce-453.pdf
[12528/40930] 'CPE520 - West Virginia University' (cache): SAVED top 1 -> https://static.tp-link.com/res/down/doc/CPE520_V1.1_IG.pdf
[12529/40930] 'CPE620 - West Virginia University': no usable link (cache)
[12530/40930] 'CRIM232 - West Virginia University': no usable link (cache)
[12531/40930] 'CRIM464 - West Virginia University': no usable link (cache)
[12532/40930] 'EE223 - West Virginia University': no usable link (cache)
[12533/40930] 'EE251 - West Virginia University' (cache): SAVED top 1 -> https://www.jbgilmer.com/EE251/EE251.htm
[12534/40930] 'ACTY2110 - Western Michigan University': no usable link (cache)
[12535/40930] 'ACTY3240 - Western Michigan University': no usable link (cache)
[12536/40930] 'ADA2250 - Western Michigan University': no usable link (cache)
[12537/40930] 'AE4700 - Western Michigan University': no usable link (cache)
[12538/40930] 'ANTH3470 - Western Michigan University': no usable link (cache)
[12539/40930] 'ANTH3560 - Western Michigan University': no usable link (cache)
[12540/40930] 'ART1200 - Western Michigan University': no usable link (cache)
[12541/40930] 'AVS1210 - Western Michigan University': no usable link (cache)
[12542/40930] 'AVS1230 - Western Michigan University': no usable link (cache)
[12543/40930] 'AVS1235 - Western Michigan University': no usable link (cache)
[12544/40930] 'AVS2620 - Western Michigan University': no usable link (cache)
[12545/40930] 'BCM1420 - Western Michigan University': no usable link (cache)
[12546/40930] 'BCM4540 - Western Michigan University': no usable link (cache)
[12547/40930] 'BIO5620 - Western Michigan University': no usable link (cache)
[12548/40930] 'BIOS105 - Western Michigan University': no usable link (cache)
[12549/40930] 'BIOS150 - Western Michigan University': no usable link (cache)
[12550/40930] 'BIOS1500 - Western Michigan University': no usable link (cache)
[12551/40930] 'BIOS1510 - Western Michigan University': no usable link (cache)
[12552/40930] 'BIOS1600 - Western Michigan University': no usable link (cache)
[12553/40930] 'BIOS1610 - Western Michigan University': no usable link (cache)
[12554/40930] 'BIOS1620 - Western Michigan University': no usable link (cache)
[12555/40930] 'BIOS4430 - Western Michigan University': no usable link (cache)
[12556/40930] 'BIOS5470 - Western Michigan University': no usable link (cache)
[12557/40930] 'BIOS5970 - Western Michigan University': no usable link (cache)
[12558/40930] 'BUS1750 - Western Michigan University' (cache): SAVED top 1 -> https://michellecalco.wordpress.com/teaching/bus1750/
[12559/40930] 'BUS3750 - Western Michigan University': no usable link (cache)
[12560/40930] 'BUS4500 - Western Michigan University': no usable link (cache)
[12561/40930] 'BUS4750 - Western Michigan University': no usable link (cache)
[12562/40930] 'BUS6160 - Western Michigan University': no usable link (cache)
[12563/40930] 'CCE3080 - Western Michigan University': no usable link (cache)
[12564/40930] 'CCE3360 - Western Michigan University': no usable link (cache)
[12565/40930] 'CCE4561 - Western Michigan University': no usable link (cache)
[12566/40930] 'CECP6020 - Western Michigan University': no usable link (cache)
[12567/40930] 'CHEG1810 - Western Michigan University': no usable link (cache)
[12568/40930] 'CHEG3110 - Western Michigan University': no usable link (cache)
[12569/40930] 'CHEG3200 - Western Michigan University': no usable link (cache)
[12570/40930] 'CHIN2750 - Western Michigan University': no usable link (cache)
[12571/40930] 'CHIN2800 - Western Michigan University': no usable link (cache)
[12572/40930] 'CIS2500 - Western Michigan University' (cache): SAVED top 1 -> https://github.com/kasrasn/W24-CIS2500-A1
[12573/40930] 'CIS2700 - Western Michigan University': no usable link (cache)
[12574/40930] 'CIS2900 - Western Michigan University': no usable link (cache)
[12575/40930] 'CIS3900 - Western Michigan University': no usable link (cache)
[12576/40930] 'CIS4640 - Western Michigan University': no usable link (cache)
[12577/40930] 'COM1700 - Western Michigan University': no usable link (cache)
[12578/40930] 'COM2000 - Western Michigan University': no usable link (cache)
[12579/40930] 'COM2410 - Western Michigan University': no usable link (cache)
[12580/40930] 'COM3050 - Western Michigan University': no usable link (cache)
[12581/40930] 'COM3480 - Western Michigan University': no usable link (cache)
[12582/40930] 'COM4430 - Western Michigan University': no usable link (cache)
[12583/40930] 'COM4790 - Western Michigan University': no usable link (cache)
[12584/40930] 'COMM2400 - Western Michigan University': no usable link (cache)
[12585/40930] 'COMM3050 - Western Michigan University': no usable link (cache)
[12586/40930] 'CS4430 - Western Michigan University': no usable link (cache)
[12587/40930] 'ECE2510 - Western Michigan University': no usable link (cache)
[12588/40930] 'ECE3100 - Western Michigan University': no usable link (cache)
[12589/40930] 'ECE3610 - Western Michigan University': no usable link (cache)
[12590/40930] 'ECE455 - Western Michigan University': no usable link (cache)
[12591/40930] 'ECE5550 - Western Michigan University': no usable link (cache)
[12592/40930] 'ECE655 - Western Michigan University' (cache): SAVED top 1 -> https://github.com/Aranjay97/ECE-655---Protocols-Software-Issues-in-Mobile-Systems
[12593/40930] 'ECE6950 - Western Michigan University' (cache): SAVED top 1 -> https://github.com/abdelfattah-class/ece6950/blob/master/index.html
[12594/40930] 'ECE697 - Western Michigan University' (cache): SAVED top 1 -> https://github.com/clowak/ECE-697
[12595/40930] 'ENG1420 - Western Michigan University': no usable link (cache)
[12596/40930] 'ENG3840 - Western Michigan University': no usable link (cache)
[12597/40930] 'ENGL3680 - Western Michigan University': no usable link (cache)
[12598/40930] 'ENGL5680 - Western Michigan University': no usable link (cache)
[12599/40930] 'ENGL5970 - Western Michigan University': no usable link (cache)
[12600/40930] 'ACC240 - Western Washington University': no usable link (cache)
[12601/40930] 'CHEM355 - Western Washington University' (cache): SAVED top 1 -> https://chem.libretexts.org/Bookshelves/Analytical_Chemistry/Supplemental_Modules_(Analytical_Chemistry)/Analytical_Sciences_Digital_Library/Courseware/CHEM355%3A_A_Flipped_Analytical_Chemistry_Course_(Fitzgerald)
[12602/40930] 'CISS470 - Western Washington University' (cache): SAVED top 1 -> https://courses.cs.washington.edu/courses/cse470/24sp/lectures/
[12603/40930] 'CISS471 - Western Washington University': no usable link (cache)
[12604/40930] 'COM235 - Western Washington University': no usable link (cache)
[12605/40930] 'COMM224 - Western Washington University': no usable link (cache)
[12606/40930] 'COMM244 - Western Washington University': no usable link (cache)
[12607/40930] 'COMM260 - Western Washington University': no usable link (cache)
[12608/40930] 'COMM319 - Western Washington University': no usable link (cache)
[12609/40930] 'COMM331 - Western Washington University' (cache): SAVED top 1 -> https://wp.wwu.edu/storytelling/comm-courses/comm-331/
[12610/40930] 'COMM398 - Western Washington University': no usable link (cache)
[12611/40930] 'COMM427 - Western Washington University' (cache): SAVED top 1 -> https://commgrad.substack.com/p/comm427-media-literacy-with-cecilia
[12612/40930] 'CSCI145 - Western Washington University' (cache): SAVED top 1 -> https://argoc.github.io/syllabub/CSCI145.html
[12613/40930] 'CSCI305 - Western Washington University' (cache): SAVED top 1 -> https://csci305.github.io/lectures/l15_types.html
[12614/40930] 'CSCI367 - Western Washington University': no usable link (cache)
[12615/40930] 'CSCI447 - Western Washington University' (cache): SAVED top 1 -> https://courses.cs.washington.edu/courses/cse447/20wi/slides/DeepLearning.pdf
[12616/40930] 'CSCI461 - Western Washington University': no usable link (cache)
[12617/40930] 'DCSCI305 - Western Washington University': no usable link (cache)
[12618/40930] 'DCSI305 - Western Washington University': no usable link (cache)
[12619/40930] 'DSCI407 - Western Washington University' (cache): SAVED top 1 -> https://cpb-us-e1.wpmucdn.com/wp.wwu.edu/dist/3/5411/files/2019/03/MIS-Elective-Night-2018-BA-minor-and-DSCI-407-rxjt4m.pptx
[12620/40930] 'DSGN220 - Western Washington University': no usable link (cache)
[12621/40930] 'EAST210 - Western Washington University' (cache): SAVED top 1 -> https://courses.washington.edu/ess210/Lectures.html
[12622/40930] 'EDUC309 - Western Washington University' (cache): SAVED top 1 -> https://wp.wwu.edu/storytelling/ed-courses/educ-309-storytelling/
[12623/40930] 'EE374 - Western Washington University' (cache): SAVED top 1 -> https://courses.cs.washington.edu/courses/cse374/23wi/lectures.html
[12624/40930] 'EECE210 - Western Washington University': no usable link (cache)
[12625/40930] 'ELED305 - Western Washington University': no usable link (cache)
[12626/40930] 'ELED310 - Western Washington University': no usable link (cache)
[12627/40930] 'ENG0220 - Western Washington University': no usable link (cache)
[12628/40930] 'ACCNT210 - Wichita State University': no usable link (cache)
[12629/40930] 'ACCT620 - Wichita State University': no usable link (cache)
[12630/40930] 'ACCT640 - Wichita State University': no usable link (cache)
[12631/40930] 'AE223 - Wichita State University': no usable link (cache)
[12632/40930] 'AE227 - Wichita State University': no usable link (cache)
[12633/40930] 'AE333 - Wichita State University': no usable link (cache)
[12634/40930] 'AE373 - Wichita State University': no usable link (cache)
[12635/40930] 'AE415 - Wichita State University': no usable link (cache)
[12636/40930] 'AE424 - Wichita State University': no usable link (cache)
[12637/40930] 'AE502 - Wichita State University': no usable link (cache)
[12638/40930] 'AE512 - Wichita State University': no usable link (cache)
[12639/40930] 'AE525 - Wichita State University': no usable link (cache)
[12640/40930] 'AE625 - Wichita State University': no usable link (cache)
[12641/40930] 'ART125D - Wichita State University': no usable link (cache)
[12642/40930] 'ARTF189 - Wichita State University': no usable link (cache)
[12643/40930] 'ARTG234 - Wichita State University': no usable link (cache)
[12644/40930] 'ARTG235 - Wichita State University': no usable link (cache)
[12645/40930] 'ARTH125C - Wichita State University': no usable link (cache)
[12646/40930] 'BADM100 - Wichita State University': no usable link (cache)
[12647/40930] 'BIO661 - Wichita State University': no usable link (cache)
[12648/40930] 'BIOL220L - Wichita State University': no usable link (cache)
[12649/40930] 'BIOL540 - Wichita State University': no usable link (cache)
[12650/40930] 'BLAW431 - Wichita State University': no usable link (cache)
[12651/40930] 'CHEM661 - Wichita State University': no usable link (cache)
[12652/40930] 'CI711 - Wichita State University': no usable link (cache)
[12653/40930] 'CJ191 - Wichita State University': no usable link (cache)
[12654/40930] 'CJ315 - Wichita State University': no usable link (cache)
[12655/40930] 'CJ407 - Wichita State University': no usable link (cache)
[12656/40930] 'COMM111H - Wichita State University': no usable link (cache)
[12657/40930] 'CS664 - Wichita State University' (cache): SAVED top 1 -> https://karkare.github.io/cs664/CourseContents.html
[12658/40930] 'CS898AE - Wichita State University': no usable link (cache)
[12659/40930] 'CSD306 - Wichita State University': no usable link (cache)
[12660/40930] 'DANC140 - Wichita State University': no usable link (cache)
[12661/40930] 'DS350 - Wichita State University': no usable link (cache)
[12662/40930] 'ECE282 - Wichita State University': no usable link (cache)
[12663/40930] 'ECE492 - Wichita State University' (cache): SAVED top 1 -> https://ncsu-wong.org/ece492-45_19Fall/
[12664/40930] 'ECON660 - Wichita State University': no usable link (cache)
[12665/40930] 'EE282 - Wichita State University' (cache): SAVED top 1 -> https://cepdnaclk.github.io/undergraduate-courses/semester3/EE282/
[12666/40930] 'EE754 - Wichita State University': no usable link (cache)
[12667/40930] 'EE782 - Wichita State University' (cache): SAVED top 1 -> https://ee-damp.github.io/Elective%20Reviews/Others/EE782_2023_2nd/
[12668/40930] 'AE2110 - Worcester Polytechnic Institute': no usable link (cache)
[12669/40930] 'AE4220 - Worcester Polytechnic Institute': no usable link (cache)
[12670/40930] 'AR2101 - Worcester Polytechnic Institute': no usable link (cache)
[12671/40930] 'BB1004 - Worcester Polytechnic Institute': no usable link (cache)
[12672/40930] 'BB1025 - Worcester Polytechnic Institute': no usable link (cache)
[12673/40930] 'BB2550 - Worcester Polytechnic Institute' (cache): SAVED top 1 -> https://github.com/Mcdonoughd/BB2550/tree/master/Lecture%20Slides
[12674/40930] 'BB2902 - Worcester Polytechnic Institute': no usable link (cache)
[12675/40930] 'BB2950 - Worcester Polytechnic Institute' (cache): SAVED top 1 -> https://github.com/Mcdonoughd/BB2950
[12676/40930] 'BME2511 - Worcester Polytechnic Institute': no usable link (cache)
[12677/40930] 'CALC1021 - Worcester Polytechnic Institute': no usable link (cache)
[12678/40930] 'CE2001 - Worcester Polytechnic Institute': no usable link (cache)
[12679/40930] 'CE2002 - Worcester Polytechnic Institute': no usable link (cache)
[12680/40930] 'CE3008 - Worcester Polytechnic Institute': no usable link (cache)
[12681/40930] 'CE3010 - Worcester Polytechnic Institute': no usable link (cache)
[12682/40930] 'CE3026 - Worcester Polytechnic Institute': no usable link (cache)
[12683/40930] 'CE3086 - Worcester Polytechnic Institute': no usable link (cache)
[12684/40930] 'CH1010LAB - Worcester Polytechnic Institute': no usable link (cache)
[12685/40930] 'CH1020LAB - Worcester Polytechnic Institute': no usable link (cache)
[12686/40930] 'CH1030 - Worcester Polytechnic Institute': no usable link (cache)
[12687/40930] 'CH2310 - Worcester Polytechnic Institute': no usable link (cache)
[12688/40930] 'CH2320 - Worcester Polytechnic Institute': no usable link (cache)
[12689/40930] 'CH3410 - Worcester Polytechnic Institute': no usable link (cache)
[12690/40930] 'CH3510 - Worcester Polytechnic Institute': no usable link (cache)
[12691/40930] 'CH4110 - Worcester Polytechnic Institute': no usable link (cache)
[12692/40930] 'CN1541 - Worcester Polytechnic Institute': no usable link (cache)
[12693/40930] 'CN1542 - Worcester Polytechnic Institute' (cache): SAVED top 1 -> https://web.wpi.edu/Images/CMS/HR2/Session_5_Performance_Management(1).pptx
[12694/40930] 'CS1004 - Worcester Polytechnic Institute' (cache): SAVED top 1 -> https://web.cs.wpi.edu/~cs1004/a16/Protected/LectureNotes_A16/Week0_Introduction.pdf
[12695/40930] 'CS1102 - Worcester Polytechnic Institute' (cache): SAVED top 1 -> https://web.cs.wpi.edu/~cs1102/a05/
[12696/40930] 'CS2022 - Worcester Polytechnic Institute' (cache): SAVED top 1 -> https://web.cs.wpi.edu/~sms/cs2022/
[12697/40930] 'CS2102 - Worcester Polytechnic Institute' (cache): SAVED top 1 -> https://github.com/ChristianR839/WPI-CS-2102
[12698/40930] 'CS2223 - Worcester Polytechnic Institute' (cache): SAVED top 1 -> https://web.cs.wpi.edu/~cs2223/d13/resources.html
[12699/40930] 'CS3043 - Worcester Polytechnic Institute' (cache): SAVED top 1 -> https://aldencutler.github.io/CS3043/
[12700/40930] 'CS340X - Worcester Polytechnic Institute' (cache): SAVED top 1 -> https://stevetarzia.com/teaching/340/slides/CS-340%20Lecture%2001%20-%20Introduction.pdf
[12701/40930] 'CS3431 - Worcester Polytechnic Institute' (cache): SAVED top 1 -> https://web.cs.wpi.edu/~cs3431/a09/slides/project1.pdf
[12702/40930] 'CS3516 - Worcester Polytechnic Institute' (cache): SAVED top 1 -> https://users.wpi.edu/~yli15/courses/CS3516Fall24B/ClassInfo.html
[12703/40930] 'CS4445 - Worcester Polytechnic Institute': no usable link (cache)
[12704/40930] 'CS4513 - Worcester Polytechnic Institute' (cache): SAVED top 1 -> https://web.cs.wpi.edu/~cs4513/c16/slides/admin.pptx
[12705/40930] 'CS539 - Worcester Polytechnic Institute' (cache): SAVED top 1 -> https://github.com/devtechster/CS539-Machine-Learning/blob/main/lecture%20slides/note1-shared.pdf
[12706/40930] 'CS541 - Worcester Polytechnic Institute' (cache): SAVED top 1 -> https://github.com/Gampa-Varun/CS541-DL_Varun
[12707/40930] 'CS542 - Worcester Polytechnic Institute' (cache): SAVED top 1 -> https://web.cs.wpi.edu/~cs542/s17/lectures.html
[12708/40930] 'DIFEQ2051 - Worcester Polytechnic Institute': no usable link (cache)
[12709/40930] 'ECE2010 - Worcester Polytechnic Institute' (cache): SAVED top 1 -> https://users.wpi.edu/~orourke/ece2010revjor/
[12710/40930] 'ECE2011 - Worcester Polytechnic Institute': no usable link (cache)
[12711/40930] 'ECE2019 - Worcester Polytechnic Institute' (cache): SAVED top 1 -> https://web.wpi.edu/Images/CMS/ECE/ECE2019_Course_Description.pdf
[12712/40930] 'ECE2029 - Worcester Polytechnic Institute': no usable link (cache)
[12713/40930] 'ECE2201 - Worcester Polytechnic Institute': no usable link (cache)
[12714/40930] 'ECE2311 - Worcester Polytechnic Institute' (cache): SAVED top 1 -> https://users.wpi.edu/~ludwig/XXece2311/Lecture_PPTs/ECE_2311_Lecture1.pdf
[12715/40930] 'ECE2799 - Worcester Polytechnic Institute': no usable link (cache)
[12716/40930] 'ECE5511 - Worcester Polytechnic Institute': no usable link (cache)
[12717/40930] 'EE2011 - Worcester Polytechnic Institute' (cache): SAVED top 1 -> https://github.com/Anirbankc1992/nus-ee2011
[12718/40930] 'EE2201 - Worcester Polytechnic Institute': no usable link (cache)
[12719/40930] 'EN1221 - Worcester Polytechnic Institute': no usable link (cache)
[12720/40930] 'EN1251 - Worcester Polytechnic Institute': no usable link (cache)
[12721/40930] 'EN2219 - Worcester Polytechnic Institute': no usable link (cache)
[12722/40930] 'EN3223 - Worcester Polytechnic Institute' (cache): SAVED top 1 -> https://nusmods.com/courses/EN3223/nineteenth-century-literature-culture
[12723/40930] 'AFS2000 - Wright State University': no usable link (cache)
[12724/40930] 'ANT2120 - Wright State University' (cache): SAVED top 1 -> https://wright.ecampus.com/ant-21203120-lecture-notes-lab-manual/bk/9781645655466
[12725/40930] 'ANT3100 - Wright State University': no usable link (cache)
[12726/40930] 'ANT312 - Wright State University': no usable link (cache)
[12727/40930] 'ANT3120 - Wright State University' (cache): SAVED top 1 -> https://slides.com/enkerli/ant3120mtg1
[12728/40930] 'ASL1010 - Wright State University' (cache): SAVED top 1 -> https://sites.google.com/view/asl-1010-summer-21/learning-modules-and-links
[12729/40930] 'ASL2020 - Wright State University': no usable link (cache)
[12730/40930] 'ATH2150 - Wright State University': no usable link (cache)
[12731/40930] 'BIO1070 - Wright State University': no usable link (cache)
[12732/40930] 'BIO2140 - Wright State University': no usable link (cache)
[12733/40930] 'BIO3450 - Wright State University': no usable link (cache)
[12734/40930] 'BIO4010 - Wright State University': no usable link (cache)
[12735/40930] 'BIO4020 - Wright State University': no usable link (cache)
[12736/40930] 'BME1110 - Wright State University': no usable link (cache)
[12737/40930] 'CEG2170 - Wright State University': no usable link (cache)
[12738/40930] 'CEG2350 - Wright State University' (cache): SAVED top 1 -> https://pattonsgirl.github.io/CEG2350/
[12739/40930] 'CEG260 - Wright State University': no usable link (cache)
[12740/40930] 'CEG3110 - Wright State University': no usable link (cache)
[12741/40930] 'CEG3120 - Wright State University' (cache): SAVED top 1 -> https://github.com/pattonsgirl/CEG3120
[12742/40930] 'CEG320 - Wright State University': no usable link (cache)
[12743/40930] 'CEG3400 - Wright State University': no usable link (cache)
[12744/40930] 'CEG360 - Wright State University' (cache): SAVED top 1 -> https://dokumen.tips/documents/section-iii-complex-system-design-wright-state-tdoomcoursesceg360notessectioniiinotespdf.html
[12745/40930] 'CEG4110 - Wright State University' (cache): SAVED top 1 -> https://github.com/CameronWFox/College_Courses/tree/master/Computer_Engineering_CEG/4110_Introduction_To_Software_Engineering/HW_Rubric
[12746/40930] 'CEG4120 - Wright State University': no usable link (cache)
[12747/40930] 'CEG4420 - Wright State University': no usable link (cache)
[12748/40930] 'CEG4422 - Wright State University': no usable link (cache)
[12749/40930] 'CEG4424 - Wright State University' (cache): SAVED top 1 -> https://www.javaonlinehelp.com/post/ceg-4424-security-attacks-and-defenses-assignment-help-wright-state-university
[12750/40930] 'CEG4430 - Wright State University': no usable link (cache)
[12751/40930] 'CEG4750 - Wright State University' (cache): SAVED top 1 -> https://www.javaonlinehelp.com/post/ceg-4750-information-security-programming-assignment-help-wright-state-university
[12752/40930] 'CHEM2110L - Wright State University': no usable link (cache)
[12753/40930] 'CHEM2120 - Wright State University': no usable link (cache)
[12754/40930] 'CHM2110 - Wright State University': no usable link (cache)
[12755/40930] 'CHM213 - Wright State University': no usable link (cache)
[12756/40930] 'CHM2450 - Wright State University': no usable link (cache)
[12757/40930] 'CHM246 - Wright State University' (cache): SAVED top 1 -> https://wright.uloop.com/course-notes/148895-CHM-Chemistry/4209894-CHM-246-Concepts-in-Chemistry-I
[12758/40930] 'CHM4170 - Wright State University': no usable link (cache)
[12759/40930] 'CL1500 - Wright State University': no usable link (cache)
[12760/40930] 'CLS150 - Wright State University': no usable link (cache)
[12761/40930] 'COM2460 - Wright State University': no usable link (cache)
[12762/40930] 'COM457 - Wright State University': no usable link (cache)
[12763/40930] 'CS1160 - Wright State University': no usable link (cache)
[12764/40930] 'CS1181 - Wright State University' (cache): SAVED top 1 -> https://github.com/mraymer/CS1181_FA24
[12765/40930] 'CS3180 - Wright State University' (cache): SAVED top 1 -> http://cecs.wright.edu/~tkprasad/courses/cs3180/LP.ppt
[12766/40930] 'CST232 - Wright State University': no usable link (cache)
[12767/40930] 'CST241 - Wright State University': no usable link (cache)
[12768/40930] 'CST2410 - Wright State University': no usable link (cache)
[12769/40930] 'EC1050 - Wright State University': no usable link (cache)
[12770/40930] 'EC200 - Wright State University': no usable link (cache)
[12771/40930] 'EC2000 - Wright State University': no usable link (cache)
[12772/40930] 'EC2040 - Wright State University': no usable link (cache)
[12773/40930] 'EC2050 - Wright State University': no usable link (cache)
[12774/40930] 'EC2900 - Wright State University': no usable link (cache)
[12775/40930] 'EC3010 - Wright State University': no usable link (cache)
[12776/40930] 'EC320 - Wright State University' (cache): SAVED top 1 -> https://ajdickinson.github.io/EC320S24/slides/000-intro/000-main.html
[12777/40930] 'EC4400 - Wright State University': no usable link (cache)
[12778/40930] 'ED2800 - Wright State University': no usable link (cache)
[12779/40930] 'ED664 - Wright State University': no usable link (cache)
[12780/40930] 'EE3210 - Wright State University' (cache): SAVED top 1 -> https://rocketappslab.github.io/teaching/EE3210-Signals-and-Systems
[12781/40930] 'EE3450 - Wright State University' (cache): SAVED top 1 -> https://github.com/JerryWang0520/ee3450_pa1
[12782/40930] 'EE4120 - Wright State University': no usable link (cache)
[12783/40930] 'EE413 - Wright State University' (cache): SAVED top 1 -> https://github.com/yutkuer/VLSI-project/blob/main/2304541_EE413_Phase1.pdf
[12784/40930] 'EE4130 - Wright State University': no usable link (cache)
[12785/40930] 'EE636 - Wright State University' (cache): SAVED top 1 -> https://mechdampiitb.github.io/EE636_debasattam/
[12786/40930] 'EE6440 - Wright State University' (cache): SAVED top 1 -> https://nusmods.com/courses/EE6440
[12787/40930] 'EE741 - Wright State University' (cache): SAVED top 1 -> https://www.ece.mcmaster.ca/~chihhung/Course/EE741/ee741.html
[12788/40930] 'EE7410 - Wright State University': no usable link (cache)
[12789/40930] 'EE742 - Wright State University': no usable link (cache)
[12790/40930] 'EE7420 - Wright State University': no usable link (cache)
[12791/40930] 'EE7430 - Wright State University': no usable link (cache)
[12792/40930] 'EED3200 - Wright State University': no usable link (cache)
[12793/40930] 'EED4100 - Wright State University': no usable link (cache)
[12794/40930] 'EGR1010 - Wright State University': no usable link (cache)
[12795/40930] 'ANAT140 - Xavier University': no usable link (cache)
[12796/40930] 'AP1 - Xavier University': no usable link (cache)
[12797/40930] 'AP2LAB - Xavier University' (cache): SAVED top 1 -> https://sites.google.com/site/apiiclscc/ap2-lab-powerpoints
[12798/40930] 'ASLN102 - Xavier University': no usable link (cache)
[12799/40930] 'BAIS210 - Xavier University': no usable link (cache)
[12800/40930] 'BAIS220 - Xavier University' (cache): SAVED top 1 -> https://xavier.uloop.com/course-notes/1179080-BAIS/17055671-BAIS-220
[12801/40930] 'BAIS358 - Xavier University': no usable link (cache)
[12802/40930] 'BIIO160 - Xavier University': no usable link (cache)
[12803/40930] 'BLAW300 - Xavier University': no usable link (cache)
[12804/40930] 'CALC150 - Xavier University': no usable link (cache)
[12805/40930] 'CJUS101 - Xavier University' (cache): SAVED top 1 -> https://xavier.uloop.com/course-notes/433693-CJUS/4215311-CJUS-101-Introduction-to-Criminal-Justice
[12806/40930] 'CJUS103 - Xavier University' (cache): SAVED top 1 -> https://xavier.uloop.com/course-notes/433693-CJUS/4215278-CJUS-103-Introduction-to-Corrections
[12807/40930] 'CJUS206 - Xavier University' (cache): SAVED top 1 -> https://xavier.uloop.com/course-notes/433693-CJUS/4215272-CJUS-206-Criminology
[12808/40930] 'CJUS381 - Xavier University' (cache): SAVED top 1 -> https://dcfwfuaf91uza.cloudfront.net/online/wp-content/uploads/CJUS381_CourseGuide.pdf
[12809/40930] 'CLAS261 - Xavier University': no usable link (cache)
[12810/40930] 'COMM123 - Xavier University': no usable link (cache)
[12811/40930] 'CORE105 - Xavier University' (cache): SAVED top 1 -> https://www.xavier.edu/core/facstaff/transfer-students/core-105
[12812/40930] 'CSCI160 - Xavier University' (cache): SAVED top 1 -> https://mtlynch3.github.io/csci160/lecture-notes.html
[12813/40930] 'DIFT254 - Xavier University': no usable link (cache)
[12814/40930] 'EDEL260 - Xavier University': no usable link (cache)
[12815/40930] 'EDFD110 - Xavier University': no usable link (cache)
[12816/40930] 'ENGL575 - Xavier University': no usable link (cache)
[12817/40930] 'ANTH172 - Yale University': no usable link (cache)
[12818/40930] 'ANTH464 - Yale University': no usable link (cache)
[12819/40930] 'ASTR155 - Yale University' (cache): SAVED top 1 -> https://campuspress.yale.edu/vdbosch/lecture-notes/
[12820/40930] 'BHSID127 - Yale University': no usable link (cache)
[12821/40930] 'CGSC110 - Yale University': no usable link (cache)
[12822/40930] 'CHEM116L - Yale University' (cache): SAVED top 1 -> https://yale.uloop.com/course-notes/64207-CHEM/362148-CHEM-116-GENERAL-CHEMISTRY-LABORATORY
[12823/40930] 'CHEM134L - Yale University': no usable link (cache)
[12824/40930] 'CPSC183 - Yale University' (cache): SAVED top 1 -> https://yalelawtech.org/
[12825/40930] 'CSTC360 - Yale University': no usable link (cache)
[12826/40930] 'CZEC110 - Yale University': no usable link (cache)
[12827/40930] 'CZEC120 - Yale University': no usable link (cache)
[12828/40930] 'CZEC140 - Yale University': no usable link (cache)
[12829/40930] 'DRST002 - Yale University': no usable link (cache)
[12830/40930] 'ECON115 - Yale University' (cache): SAVED top 1 -> https://science.yalecollege.yale.edu/academics/faculty-resources/qr-courses-without-prerequisite/qr-courses/econ-115a-or-b-introductory
[12831/40930] 'ECON153 - Yale University': no usable link (cache)
[12832/40930] 'ECON476 - Yale University' (cache): SAVED top 1 -> https://yale.uloop.com/course-notes/196-ECON/4230492-ECON-476-TopicsInInternationalEconomics
[12833/40930] 'ECON558 - Yale University': no usable link (cache)
[12834/40930] 'ECONS328 - Yale University' (cache): SAVED top 1 -> https://summer.yale.edu/sites/default/files/uploaded-files/syllabi/econ-s328-updated.pdf
[12835/40930] 'ENGL125 - Yale University': no usable link (cache)
[12836/40930] 'ANT152 - York College': no usable link (cache)
[12837/40930] 'BIO201LAB - York College': no usable link (cache)
[12838/40930] 'BIO201LEC - York College': no usable link (cache)
[12839/40930] 'BIO202LAB - York College': no usable link (cache)
[12840/40930] 'BIO234 - York College': no usable link (cache)
[12841/40930] 'BIO234L - York College': no usable link (cache)
[12842/40930] 'BIO234LAB - York College': no usable link (cache)
[12843/40930] 'BIO235 - York College': no usable link (cache)
[12844/40930] 'BIO235LAB - York College': no usable link (cache)
[12845/40930] 'BIO265 - York College': no usable link (cache)
[12846/40930] 'BIO265L - York College': no usable link (cache)
[12847/40930] 'BIO265LAB - York College': no usable link (cache)
[12848/40930] 'BIO420 - York College': no usable link (cache)
[12849/40930] 'BIO444 - York College': no usable link (cache)
[12850/40930] 'BIO465 - York College' (cache): SAVED top 1 -> https://courses.edx.org/asset-v1:EPFLx+BIO465.1x+2T2018+type@asset+block/slides_lecture3.1.pdf
[12851/40930] 'BIO466 - York College': no usable link (cache)
[12852/40930] 'BIO489 - York College': no usable link (cache)
[12853/40930] 'BLST103 - York College': no usable link (cache)
[12854/40930] 'BLSTT103 - York College': no usable link (cache)
[12855/40930] 'BUS220 - York College' (cache): SAVED top 1 -> https://www.york.cuny.edu/pre-college/syllabus/bus-220-fundamentals-in-cyber-security-syllabus_fall-taslim-yakub.pdf/@@download/file
[12856/40930] 'BUS240 - York College' (cache): SAVED top 1 -> https://sites.google.com/southside.edu/scales/classes/bus-240/bus-240-slides
[12857/40930] 'BUS348 - York College': no usable link (cache)
[12858/40930] 'BUS357 - York College' (cache): SAVED top 1 -> https://customwriting.studyace.net/bus357-starting-and-managing-a-business-end-of-course-assessment-2026-suss/
[12859/40930] 'BUS481 - York College': no usable link (cache)
[12860/40930] 'CHM17 - York College': no usable link (cache)
[12861/40930] 'CHSS624 - York College': no usable link (cache)
[12862/40930] 'CLDV100 - York College': no usable link (cache)
[12863/40930] 'CLDV100M - York College' (cache): SAVED top 1 -> https://sun3.york.cuny.edu/file-repository/cldv100-t-williams.pdf
[12864/40930] 'CLDV210 - York College': no usable link (cache)
[12865/40930] 'CS172 - York College' (cache): SAVED top 1 -> https://www.york.cuny.edu/pre-college/syllabus/cs-172-collegenow-coursesyllabus.pdf/@@download/file
[12866/40930] 'CS291 - York College' (cache): SAVED top 1 -> https://cs291.com/slides/
[12867/40930] 'ECO311 - York College' (cache): SAVED top 1 -> https://nounupdate.com/file-course-materials/ECO311.pdf
[12868/40930] 'EDU230 - York College': no usable link (cache)
[12869/40930] 'EDU280 - York College' (cache): SAVED top 1 -> https://nounupdate.com/file-course-materials/EDU280.pdf
[12870/40930] 'EDUC280 - York College' (cache): SAVED top 1 -> https://www.york.cuny.edu/pre-college/syllabus/educ-280-syllabus-fall-2023.pdf/@@download/file
[12871/40930] 'EHS110 - York College': no usable link (cache)
[12872/40930] 'EHS140 - York College' (cache): SAVED top 1 -> https://www.atlas.org/explore/eh-s140-slides-4oaNZUHa94VnchxCaGkx4R/spaces
[12873/40930] 'ENG286 - York College' (cache): SAVED top 1 -> https://github.com/kev-santos/eng286-tut-2025
[12874/40930] 'ABA1 - Youngstown State University': no usable link (cache)
[12875/40930] 'ACCT1503 - Youngstown State University': no usable link (cache)
[12876/40930] 'ACCT2602 - Youngstown State University': no usable link (cache)
[12877/40930] 'ACCT2603 - Youngstown State University': no usable link (cache)
[12878/40930] 'ACCT3701 - Youngstown State University': no usable link (cache)
[12879/40930] 'ACCT3711 - Youngstown State University': no usable link (cache)
[12880/40930] 'ACCT4813 - Youngstown State University': no usable link (cache)
[12881/40930] 'ADV3711 - Youngstown State University': no usable link (cache)
[12882/40930] 'AHLT5840 - Youngstown State University': no usable link (cache)
[12883/40930] 'ALG1510 - Youngstown State University': no usable link (cache)
[12884/40930] 'ANTH1503 - Youngstown State University': no usable link (cache)
[12885/40930] 'AST1501 - Youngstown State University' (cache): SAVED top 1 -> https://github.com/jobovy/AST1501-Intro-to-Research/blob/main/slides/L1-AST1501-2024-intro.pdf
[12886/40930] 'ASTR1504L - Youngstown State University': no usable link (cache)
[12887/40930] 'ASTRO1504 - Youngstown State University': no usable link (cache)
[12888/40930] 'ASTRO1504L - Youngstown State University': no usable link (cache)
[12889/40930] 'BIO1505 - Youngstown State University': no usable link (cache)
[12890/40930] 'BIO1551 - Youngstown State University': no usable link (cache)
[12891/40930] 'BIO2601 - Youngstown State University': no usable link (cache)
[12892/40930] 'BIO3705 - Youngstown State University': no usable link (cache)
[12893/40930] 'BIOL1505 - Youngstown State University': no usable link (cache)
[12894/40930] 'BIOL1551 - Youngstown State University': no usable link (cache)
[12895/40930] 'BIOL2601 - Youngstown State University': no usable link (cache)
[12896/40930] 'BIOL2602 - Youngstown State University': no usable link (cache)
[12897/40930] 'BIOL3725 - Youngstown State University': no usable link (cache)
[12898/40930] 'BIOL3759 - Youngstown State University': no usable link (cache)
[12899/40930] 'BIOL3780 - Youngstown State University': no usable link (cache)
[12900/40930] 'BIOL4801 - Youngstown State University': no usable link (cache)
[12901/40930] 'BIOL4809 - Youngstown State University': no usable link (cache)
[12902/40930] 'BUS2600 - Youngstown State University': no usable link (cache)
[12903/40930] 'BUS2610 - Youngstown State University' (cache): SAVED top 1 -> https://ysu.givepulse.com/group/1879270-Collab-Write-and-Present-in-Bus-2610-Section-A01
[12904/40930] 'BUS3715 - Youngstown State University': no usable link (cache)
[12905/40930] 'CALC1548 - Youngstown State University': no usable link (cache)
[12906/40930] 'CEEN5855 - Youngstown State University': no usable link (cache)
[12907/40930] 'CHEM1505 - Youngstown State University' (cache): SAVED top 1 -> http://rmoser.people.ysu.edu/chem1505/studentinfolab.html
[12908/40930] 'CHEM1506 - Youngstown State University': no usable link (cache)
[12909/40930] 'CHEM1510L - Youngstown State University': no usable link (cache)
[12910/40930] 'CHEM3719 - Youngstown State University' (cache): SAVED top 1 -> http://pnorris.people.ysu.edu/Semesters/3719F2001/slides/lecture2web.PDF
[12911/40930] 'CHEM3785 - Youngstown State University': no usable link (cache)
[12912/40930] 'CJFS1500 - Youngstown State University': no usable link (cache)
[12913/40930] 'CJFS2603 - Youngstown State University': no usable link (cache)
[12914/40930] 'CMST1545 - Youngstown State University': no usable link (cache)
[12915/40930] 'CMST2610 - Youngstown State University': no usable link (cache)
[12916/40930] 'CMST3717 - Youngstown State University': no usable link (cache)
[12917/40930] 'COMM1545 - Youngstown State University': no usable link (cache)
[12918/40930] 'CRJS2602 - Youngstown State University': no usable link (cache)
[12919/40930] 'CSCI5806 - Youngstown State University': no usable link (cache)
[12920/40930] 'CSIS1590 - Youngstown State University': no usable link (cache)
[12921/40930] 'CSIS2610 - Youngstown State University' (cache): SAVED top 1 -> https://jwdittrich.people.ysu.edu/CSIS_2610/
[12922/40930] 'CSIS3726 - Youngstown State University': no usable link (cache)
[12923/40930] 'DDT1503 - Youngstown State University': no usable link (cache)
[12924/40930] 'ECEN1521 - Youngstown State University' (cache): SAVED top 1 -> https://jazapka.people.ysu.edu/ECEN1521.html
[12925/40930] 'ECEN2614 - Youngstown State University': no usable link (cache)
[12926/40930] 'ECEN3771 - Youngstown State University': no usable link (cache)
[12927/40930] 'ECO208 - Youngstown State University' (cache): SAVED top 1 -> https://github.com/TianyuDu/Spikey_UofT_Notes/blob/master/2018Summer/ECO208/ECO208%20Final%20Review%20Complete%20Version.pdf
[12928/40930] 'ECO2610 - Youngstown State University': no usable link (cache)
[12929/40930] 'ECON1501 - Youngstown State University': no usable link (cache)
[12930/40930] 'ECON1503 - Youngstown State University' (cache): SAVED top 1 -> https://ust.space/review/ECON1503
[12931/40930] 'ECON2601 - Youngstown State University': no usable link (cache)
[12932/40930] 'ECON2620 - Youngstown State University': no usable link (cache)
[12933/40930] 'ECON3712 - Youngstown State University': no usable link (cache)
[12934/40930] 'ECON3780 - Youngstown State University': no usable link (cache)
[12935/40930] 'ECON3788 - Youngstown State University': no usable link (cache)
[12936/40930] 'ECON3790 - Youngstown State University' (cache): SAVED top 1 -> http://yuppal.people.ysu.edu/econ_3790/lecture_slides_1.pdf
[12937/40930] 'ECON6976 - Youngstown State University' (cache): SAVED top 1 -> http://eeusip.people.ysu.edu/econ6976.htm
[12938/40930] 'EDFN1501 - Youngstown State University': no usable link (cache)
[12939/40930] 'EDFN3708 - Youngstown State University': no usable link (cache)
[12940/40930] 'EET1501 - Youngstown State University': no usable link (cache)
[12941/40930] 'ENG1549 - Youngstown State University': no usable link (cache)
[12942/40930] 'ENG1550 - Youngstown State University': no usable link (cache)
[12943/40930] 'ENG1551 - Youngstown State University': no usable link (cache)
[12944/40930] 'ENG3743 - Youngstown State University': no usable link (cache)
[12945/40930] 'ENGL1540 - Youngstown State University': no usable link (cache)
[12946/40930] 'ENGL1549 - Youngstown State University': no usable link (cache)
[12947/40930] 'ENGL1550 - Youngstown State University' (cache): SAVED top 1 -> https://maag.guides.ysu.edu/engl1550
[12948/40930] 'ENGL1551 - Youngstown State University': no usable link (cache)
[12949/40930] 'ENGL2618 - Youngstown State University': no usable link (cache)
[12950/40930] 'FREN323 - American University' (live): SAVED top 1 -> https://www.kiis.org/wp-content/uploads/2025/10/FREN323-GraphicNovels-Sauer-Paris-II-2026.pdf
