CCR >4-review slide fetch: 646 course(s)
output folder: /home/b-ysonale/slidefetch/downloads/ccr673
metadata db:   /home/b-ysonale/slidefetch/ccr673_slides.db

===== [1/646] =====

### 1MD3 - McMaster University  (ratings=6.0)
    url: https://www.cas.mcmaster.ca/~carette/CS1MD3/2006/index.html
    [found] 1 slide link(s) at reduction 0
    ! fail   https://www.cas.mcmaster.ca/~carette/CS1MD3/2006/slides.html  (not a recognized HTML slideshow)
    [retry] links found but none downloaded; reducing further
    [reduce 1] https://www.cas.mcmaster.ca/~carette/CS1MD3/2006/
    [found] 1 slide link(s) at reduction 1
    ! fail   https://www.cas.mcmaster.ca/~carette/CS1MD3/2006/slides.html  (not a recognized HTML slideshow)
    [retry] links found but none downloaded; reducing further
    [reduce 2] https://www.cas.mcmaster.ca/~carette/CS1MD3/
    -> partial: 0 new, 0 skip, 0 dup, 1 fail  (https://www.cas.mcmaster.ca/~carette/CS1MD3/2006/index.html)
===== [2/646] =====

### 2GA3 - McMaster University  (ratings=17.0)
    url: https://github.com/chowdhaj/McMaster/tree/main/My%20Courses/CompSci%202GA3/2021/Slides
    [found] 6 slide link(s) at reduction 0
    + saved  1_Chapter0.pdf
    + saved  2_Chapter1.pdf
    + saved  3_Chapter2.pdf
    + saved  4_Chapter3.pdf
    + saved  5_Chapter4.pdf
    + saved  6_Chapter5.pdf
    -> saved: 6 new, 0 skip, 0 dup, 0 fail  (https://github.com/chowdhaj/McMaster/tree/main/My%20Courses/CompSci%202GA3/2021/Slides)
===== [3/646] =====

### 2LC3 - McMaster University  (ratings=81.0)
    url: https://www.cas.mcmaster.ca/~kahl/CS2LC3/2024
    [found] 2 slide link(s) at reduction 0
    ! fail   https://www.cas.mcmaster.ca/~kahl/CS2LC3/CompSci2LC3-2024_AllSlides_3up-letter.pdf  (http 404)
    ! fail   https://www.cas.mcmaster.ca/~kahl/CS2LC3/CompSci2LC3-2024_AllSlides_10up_A4.pdf  (http 404)
    [retry] links found but none downloaded; reducing further
    [reduce 1] https://www.cas.mcmaster.ca/~kahl/CS2LC3/
    [fetch] status=403
    -> partial: 0 new, 0 skip, 0 dup, 2 fail  (https://www.cas.mcmaster.ca/~kahl/CS2LC3/2024)
===== [4/646] =====

### 2ME3 - McMaster University  (ratings=14.0)
    url: https://gitlab.cas.mcmaster.ca/smiths/se2aa4_cs2me3
    [reduce 1] https://gitlab.cas.mcmaster.ca/smiths/
    -> no slides found on any reduced URL
===== [5/646] =====

### 3DB3 - McMaster University  (ratings=16.0)
    url: https://notes.aarnphm.xyz/thoughts/university/twenty-four-twenty-five/sfwr-3db3/intro.pdf
    [found] 1 slide link(s) at reduction 0
    + saved  1_intro.pdf
    -> saved: 1 new, 0 skip, 0 dup, 0 fail  (https://notes.aarnphm.xyz/thoughts/university/twenty-four-twenty-five/sfwr-3db3/intro.pdf)
===== [6/646] =====

### A105 - Indiana University Bloomington  (ratings=7.0)
    url: https://astro.indiana.edu/student-portal/courses/index.html
    [follow] no slides here; checking 40 sub-page(s)
    [found] 4 slide link(s) at reduction 0
    + saved  1_edmndson-lecture-mihos-lecture-2024.pdf
    + saved  2_edmondson-lecture-konstantin-batygin.pdf
    + saved  3_concept-sf-paper.ppt
    + saved  4_dustydisks.ppt
    -> saved: 4 new, 0 skip, 0 dup, 0 fail  (https://astro.indiana.edu/student-portal/courses/index.html)
===== [7/646] =====

### AE3450 - Georgia Institute of Technology  (ratings=6.0)
    url: https://seitzman.gatech.edu/classes/ae3450/outline.html
    [found] 24 slide link(s) at reduction 0
    + saved  1_phases_two.pdf
    + saved  2_controlvolumes_two.pdf
    + saved  3_CVenergy_two.pdf
    + saved  4_energycontrolvolumeexamples_two.pdf
    + saved  5_entropyapproach_two.pdf
    + saved  6_classicalapproach_two.pdf
    + saved  7_speedofsound_two.pdf
    + saved  8_machanglenumber_two.pdf
    + saved  9_stagpropmachnumber_two.pdf
    + saved  10_isentropicflow_two.pdf
    + saved  11_isentropicnozzles_two.pdf
    + saved  12_movingnormalshocks_two.pdf
    + saved  13_reflectednormalshocks_two.pdf
    + saved  14_obliqueshocks_two.pdf
    + saved  15_strongweakoblique_two.pdf
    + saved  16_supersonicinlets_two.pdf
    + saved  17_prandtlmeyer_two.pdf
    + saved  18_reflectedwaves_two.pdf
    + saved  19_underoverexpanded_two.pdf
    + saved  20_plugaerospike_two.pdf
    + saved  21_frictionheattransfer_two.pdf
    + saved  22_fannoflow_two.pdf
    + saved  23_rayleighflow_two.pdf
    ! fail   https://seitzman.gatech.edu/classes/ae3450/rayleighflow.ppt  (http 404)
    -> saved: 23 new, 0 skip, 0 dup, 1 fail  (https://seitzman.gatech.edu/classes/ae3450/outline.html)
===== [8/646] =====

### AE450 - Clarkson University  (ratings=6.0)
    url: https://github.com/SKYnSPACE/AE450/blob/master/Lec10/AE450_Lec10_Quadcopter_Dynamics_and_Control.pdf
    [found] 1 slide link(s) at reduction 0
    + saved  1_AE450_Lec10_Quadcopter_Dynamics_and_Control.pdf
    -> saved: 1 new, 0 skip, 0 dup, 0 fail  (https://github.com/SKYnSPACE/AE450/blob/master/Lec10/AE450_Lec10_Quadcopter_Dynamics_and_Control.pdf)
===== [9/646] =====

### AECO110 - University at Albany  (ratings=6.0)
    url: https://www.albany.edu/~aeco110k/day3.ppt
    [found] 1 slide link(s) at reduction 0
    ! fail   https://www.albany.edu/~aeco110k/day3.ppt  (http 522)
    [retry] links found but none downloaded; reducing further
    -> partial: 0 new, 0 skip, 0 dup, 1 fail  (https://www.albany.edu/~aeco110k/day3.ppt)
===== [10/646] =====

### AECO300 - University at Albany  (ratings=31.0)
    url: https://www.albany.edu/~aeco300k/slides.html
    -> no slides found on any reduced URL
===== [11/646] =====

### AEM250 - University of Alabama  (ratings=14.0)
    url: http://mbarkey.eng.ua.edu/courses/AEM250/AEM250.htm
    [follow] no slides here; checking 1 sub-page(s)
    [found] 5 slide link(s) at reduction 0
    ! fail   http://mbarkey.eng.ua.edu/courses/AEM250/Lecture%20Slides/current/slides.htm  (not a recognized HTML slideshow)
    + saved  2_example-chapter3.pdf
    + saved  3_example-chapter5.pdf
    + saved  4_example-chapter8.pdf
    + saved  5_example-chapter9.pdf
    -> saved: 4 new, 0 skip, 0 dup, 1 fail  (http://mbarkey.eng.ua.edu/courses/AEM250/AEM250.htm)
===== [12/646] =====

### AERE361 - Iowa State University  (ratings=7.0)
    url: https://aere361.github.io/aere361_lectures/
    [found] 25 slide link(s) at reduction 0
    + saved  1_Lecture_1.slides.pdf
    + saved  2_Lecture_2.slides.pdf
    + saved  3_Lecture_3.slides.pdf
    + saved  4_Lecture_4_student.slides.pdf
    + saved  5_Lecture_5.slides.pdf
    + saved  6_Lecture_6.slides.pdf
    + saved  7_Lecture_7.slides.pdf
    + saved  8_Lecture_8_student.slides.pdf
    + saved  9_Lecture_9.slides.pdf
    + saved  10_Lecture_10_student.slides.pdf
    + saved  11_Lecture_11_student.slides.pdf
    + saved  12_Lecture_12.slides.pdf
    + saved  13_Lecture_13.slides.pdf
    + saved  14_Lecture_14.slides.pdf
    + saved  15_Lecture_15.slides.pdf
    + saved  16_Lecture_16.slides.pdf
    + saved  17_Lecture_17.slides.pdf
    + saved  18_Lecture_18.slides.pdf
    + saved  19_Lecture_19.slides.pdf
    + saved  20_Lecture_20.slides.pdf
    + saved  21_Lecture_21.slides.pdf
    + saved  22_Birthday_problem.slides.pdf
    + saved  23_Lecture_bayes.slides.pdf
    + saved  24_Lecture_fft.slides.pdf
    + saved  25_Lecture_MonteCarlo_rockets.slides.pdf
    -> saved: 25 new, 0 skip, 0 dup, 0 fail  (https://aere361.github.io/aere361_lectures/)
===== [13/646] =====

### AI534 - Oregon State University  (ratings=7.0)
    url: https://web.engr.oregonstate.edu/~huanlian/teaching/ML/2024fall/
    [found] 1 slide link(s) at reduction 0
    + saved  1_LA-geometry.pdf
    -> saved: 1 new, 0 skip, 0 dup, 0 fail  (https://web.engr.oregonstate.edu/~huanlian/teaching/ML/2024fall/)
===== [14/646] =====

### AMAT220 - University at Albany  (ratings=21.0)
    url: http://math.albany.edu/pers/hammond/course/mat220/slides/lslidesIPx.xhtml
    [found] 1 slide link(s) at reduction 0
    ! fail   http://www.w3.org/Talks/Tools/Slidy/help.html  (not a recognized HTML slideshow)
    [retry] links found but none downloaded; reducing further
    [reduce 1] http://math.albany.edu/pers/hammond/course/mat220/slides/
    [found] 16 slide link(s) at reduction 1
    + saved  1_lslidesIP.pdf
    + saved  2_lslides080501.pdf
    + saved  3_lslides080320.pdf
    + saved  4_lslides080313.pdf
    + saved  5_lslides080311.pdf
    + saved  6_lslides080306.pdf
    + saved  7_lslides080304.pdf
    + saved  8_lslides080228.pdf
    + saved  9_lslides080226.pdf
    + saved  10_lslides080221.pdf
    + saved  11_lslides080214.pdf
    + saved  12_lslides080212.pdf
    + saved  13_lslides080207.pdf
    + saved  14_lslides080205.pdf
    + saved  15_lslides080131.pdf
    + saved  16_lslides080129.pdf
    -> saved: 16 new, 0 skip, 0 dup, 0 fail  (http://math.albany.edu/pers/hammond/course/mat220/slides/)
===== [15/646] =====

### AMAT307 - University of Calgary  (ratings=9.0)
    url: https://cspages.ucalgary.ca/~cwill/CPSC457/slides.html
    [found] 25 slide link(s) at reduction 0
    ! fail   https://cspages.ucalgary.ca/~cwill/CPSC457/slides.html  (not a recognized HTML slideshow)
    + saved  2_ch1.ppt
    + saved  3_ch1.pdf
    + saved  4_ch2.ppt
    + saved  5_ch2.pdf
    + saved  6_ch3.ppt
    + saved  7_ch3.pdf
    + saved  8_ch4.ppt
    + saved  9_ch4.pdf
    + saved  10_ch5.ppt
    + saved  11_ch5.pdf
    + saved  12_ch6.ppt
    + saved  13_ch6.pdf
    + saved  14_ch7v2.ppt
    + saved  15_ch7.pdf
    + saved  16_ch8.ppt
    + saved  17_ch8.pdf
    + saved  18_ch9.ppt
    + saved  19_ch9.pdf
    + saved  20_ch10.ppt
    + saved  21_ch10.pdf
    + saved  22_ch11.ppt
    + saved  23_ch11.pdf
    + saved  24_ch12.ppt
    + saved  25_ch12.pdf
    -> saved: 24 new, 0 skip, 0 dup, 1 fail  (https://cspages.ucalgary.ca/~cwill/CPSC457/slides.html)
===== [16/646] =====

### AMAT502 - University at Albany  (ratings=6.0)
    url: https://amat502.github.io/
    -> no slides found on any reduced URL
===== [17/646] =====

### AMATH301 - University of Washington  (ratings=5.0)
    url: https://courses.washington.edu/am301/
    -> no slides found on any reduced URL
===== [18/646] =====

### AMS301 - Stony Brook University  (ratings=9.0)
    url: https://www.ams.stonybrook.edu/~tucker/ams301.html
    -> no slides found on any reduced URL
===== [19/646] =====

### AMS361 - Johns Hopkins University  (ratings=5.0)
    url: https://github.com/stupefy007/SBU-AMS361/blob/master/Lectures%2C%20Problems%20And%20Solutions%20For%20Ordinary%20Differential%20Equations%20by%20Yuefan%20Deng.pdf
    [found] 1 slide link(s) at reduction 0
    + saved  1_Lectures_Problems_And_Solutions_For_Ordinary_Differential_Equations_by_Yuefan_Deng.pdf
    -> saved: 1 new, 0 skip, 0 dup, 0 fail  (https://github.com/stupefy007/SBU-AMS361/blob/master/Lectures%2C%20Problems%20And%20Solutions%20For%20Ordinary%20Differential%20Equations%20by%20Yuefan%20Deng.pdf)
===== [20/646] =====

### APSC115 - George Washington University  (ratings=10.0)
    url: https://courses.washington.edu/phy115a/slides/01-115sp14-intro.pdf
    [found] 1 slide link(s) at reduction 0
    + saved  1_01-115sp14-intro.pdf
    -> saved: 1 new, 0 skip, 0 dup, 0 fail  (https://courses.washington.edu/phy115a/slides/01-115sp14-intro.pdf)
===== [21/646] =====

### APSC160 - University of British Columbia  (ratings=73.0)
    url: https://apsc160ubc.github.io/www/resources/
    [follow] no slides here; checking 1 sub-page(s)
    [found] 35 slide link(s) at reduction 0
    + saved  1_S01-slides.pdf
    + saved  2_S02-slides.pdf
    + saved  3_S03-slides.pdf
    + saved  4_S04-slides.pdf
    + saved  5_S05-slides.pdf
    + saved  6_S06-slides.pdf
    + saved  7_S07-slides.pdf
    + saved  8_S08-slides.pdf
    + saved  9_S09-slides.pdf
    + saved  10_S10-slides.pdf
    + saved  11_S11-call-log-skeleton.pdf
    + saved  12_S11-call-log.pdf
    + saved  13_S11-slides.pdf
    + saved  14_S13-slides-skeleton.pdf
    + saved  15_S13-slides.pdf
    + saved  16_S14-slides-skeleton.pdf
    + saved  17_S14-slides.pdf
    + saved  18_S15-slides.pdf
    + saved  19_S16-slides.pdf
    + saved  20_S17-slides.pdf
    + saved  21_S19-slides.pdf
    + saved  22_S20-slides.pdf
    + saved  23_S21-slides.pdf
    + saved  24_S22-slides.pdf
    + saved  25_S23-slides.pdf
    + saved  26_S24-slides.pdf
    + saved  27_S25-slides.pdf
    + saved  28_S26-slides.pdf
    + saved  29_S27-slides.pdf
    + saved  30_S28-slides.pdf
    + saved  31_S29-slides.pdf
    + saved  32_S30-slides.pdf
    + saved  33_closest-pair-slides.pdf
    + saved  34_S31-slides.pdf
    ! fail   https://apsc160ubc.github.io/www/assets/slides/SS-pid-slides.pdf  (http 404)
    -> saved: 34 new, 0 skip, 0 dup, 1 fail  (https://apsc160ubc.github.io/www/resources/)
===== [22/646] =====

### AR212 - Butler University  (ratings=50.0)
    url: https://www.butler.edu/arts-sciences/mathematical-sciences/courses/
    [follow] no slides here; checking 5 sub-page(s)
    [found] 2 slide link(s) at reduction 0
    + saved  1_Academic-Calendar-2025-2026-7WK_9.2update.pdf
    + saved  2_Academic-Calendar-2025-2026-6WK-Revised.pdf
    -> saved: 2 new, 0 skip, 0 dup, 0 fail  (https://www.butler.edu/arts-sciences/mathematical-sciences/courses/)
===== [23/646] =====

### AST1001 - Stanford University  (ratings=7.0)
    url: https://stanford-cs161.github.io/winter2025/lectures/
    [found] 50 slide link(s) at reduction 0
    + saved  1_lecture1-slides.pdf
    + saved  2_lecture1-slides.pptx
    + saved  3_lecture2-pre.pdf
    + saved  4_lecture2-slides.pdf
    + saved  5_lecture2-slides.pptx
    + saved  6_lecture3-pre.pdf
    + saved  7_lecture3-slides.pdf
    ! fail   https://stanford-cs161.github.io/winter2025/assets/files/lecture3-slides.pptx  (http 404)
    + saved  9_lecture4-pre.pdf
    + saved  10_lecture4-slides.pdf
    + saved  11_lecture4-slides.pptx
    + saved  12_lecture5-pre.pdf
    + saved  13_lecture5-slides.pdf
    + saved  14_lecture5-slides.pptx
    + saved  15_lecture6-pre.pdf
    + saved  16_lecture6-slides.pdf
    + saved  17_lecture6-slides.pptx
    + saved  18_lecture7-pre.pdf
    + saved  19_lecture7-slides.pdf
    + saved  20_lecture7-slides.pptx
    + saved  21_lecture8-pre.pdf
    + saved  22_lecture8-slides.pdf
    + saved  23_lecture8-slides.pptx
    + saved  24_lecture9-pre.pdf
    + saved  25_lecture9-slides.pdf
    + saved  26_lecture9-slides.pptx
    + saved  27_lecture10-pre.pdf
    + saved  28_lecture10-slides.pdf
    + saved  29_lecture10-slides.pptx
    + saved  30_lecture11-pre.pdf
    + saved  31_lecture11-slides.pdf
    + saved  32_lecture11-slides.pptx
    + saved  33_lecture12-pre.pdf
    + saved  34_lecture12-slides.pdf
    + saved  35_lecture12-slides.pptx
    + saved  36_lecture13-slides.pdf
    + saved  37_lecture13-slides.pptx
    + saved  38_lecture14-pre.pdf
    + saved  39_lecture14-slides.pdf
    + saved  40_lecture14-slides.pptx
    + saved  41_lecture15-pre.pdf
    + saved  42_lecture15-slides.pdf
    + saved  43_lecture15-slides.pptx
    + saved  44_lecture16-pre.pdf
    + saved  45_lecture16-slides.pdf
    + saved  46_lecture16-slides.pptx
    + saved  47_lecture17-slides.pdf
    + saved  48_lecture17-slides.pptx
    + saved  49_lecture18-slides.pdf
    + saved  50_lecture18-slides.pptx
    -> saved: 49 new, 0 skip, 0 dup, 1 fail  (https://stanford-cs161.github.io/winter2025/lectures/)
===== [24/646] =====

### ASTR001 - Penn State University  (ratings=30.0)
    url: https://personal.science.psu.edu/wnb3/astro1/class-notes/class-notes.html
    [reduce 1] https://personal.science.psu.edu/wnb3/astro1/class-notes/
    [fetch] status=404
    [reduce 2] https://personal.science.psu.edu/wnb3/astro1/
    [fetch] status=404
    [reduce 3] https://personal.science.psu.edu/wnb3/
    -> no slides found on any reduced URL
===== [25/646] =====

### ASTR1010K - Georgia State University  (ratings=24.0)
    url: https://chara.gsu.edu/~crenshaw/astr1010.html
    [found] 13 slide link(s) at reduction 0
    + saved  1_chapter01.pdf
    + saved  2_chapter02.pdf
    + saved  3_chapter03.pdf
    + saved  4_chapter04.pdf
    + saved  5_chapter05.pdf
    + saved  6_chapter06.pdf
    + saved  7_chapter07.pdf
    + saved  8_chapter08.pdf
    + saved  9_chapter09.pdf
    + saved  10_chapter10.pdf
    + saved  11_chapter11.pdf
    + saved  12_chapter12.pdf
    + saved  13_chapter13.pdf
    -> saved: 13 new, 0 skip, 0 dup, 0 fail  (https://chara.gsu.edu/~crenshaw/astr1010.html)
===== [26/646] =====

### ASTR1101 - Louisiana State University  (ratings=13.0)
    url: https://www.phys.lsu.edu/faculty/tohline/courses/astr1101/calendar.shtml
    [found] 31 slide link(s) at reduction 0
    + saved  1_Lecture01.ppt
    + saved  2_Lecture02.ppt
    + saved  3_Lecture03.ppt
    + saved  4_Lecture04.ppt
    ~ dup    5_Lecture05.ppt
    + saved  6_Lecture06.ppt
    + saved  7_Lecture07.ppt
    + saved  8_TohlineEclipses_08.ppt
    + saved  9_Lecture09.ppt
    + saved  10_Lecture10.ppt
    + saved  11_Lecture11.ppt
    + saved  12_Lecture12.ppt
    + saved  13_Lecture12a.ppt
    + saved  14_ASTR1101_Formulae.pdf
    + saved  15_Lecture14.ppt
    + saved  16_Lecture15.ppt
    + saved  17_Lecture17.ppt
    + saved  18_Lecture18.ppt
    + saved  19_Lecture19.ppt
    + saved  20_Lecture20.ppt
    + saved  21_Lecture21.ppt
    + saved  22_Lecture22.ppt
    + saved  23_HynesLecture.ppt
    + saved  24_UniverseCh07.ppt
    + saved  25_Lecture24.ppt
    + saved  26_Lecture25.ppt
    + saved  27_Lecture26.ppt
    + saved  28_Lecture27.ppt
    + saved  29_Lecture28.ppt
    + saved  30_Lecture29.ppt
    + saved  31_Lecture30a.ppt
    -> saved: 30 new, 0 skip, 1 dup, 0 fail  (https://www.phys.lsu.edu/faculty/tohline/courses/astr1101/calendar.shtml)
===== [27/646] =====

### ASTR1210 - University of Virginia  (ratings=36.0)
    url: https://rwoconne.github.io/rwoclass/astr1210/index.html
    [follow] no slides here; checking 1 sub-page(s)
    [reduce 1] https://rwoconne.github.io/rwoclass/astr1210/
    [follow] no slides here; checking 1 sub-page(s)
    [reduce 2] https://rwoconne.github.io/rwoclass/
    -> no slides found on any reduced URL
===== [28/646] =====

### ASTR122 - University of Oregon  (ratings=7.0)
    url: https://pages.uoregon.edu/jimbrau/astr122/Notes/Intro.html
    [follow] no slides here; checking 1 sub-page(s)
    [reduce 1] https://pages.uoregon.edu/jimbrau/astr122/Notes/
    [found] 11 slide link(s) at reduction 1
    ! fail   https://pages.uoregon.edu/jimbrau/astr122/Notes/Chapter1_2.html  (not a recognized HTML slideshow)
    ! fail   https://pages.uoregon.edu/jimbrau/astr122/Notes/Chapter3.html  (not a recognized HTML slideshow)
    ! fail   https://pages.uoregon.edu/jimbrau/astr122/Notes/Chapter4.html  (not a recognized HTML slideshow)
    ! fail   https://pages.uoregon.edu/jimbrau/astr122/Notes/Chapter5.html  (not a recognized HTML slideshow)
    ! fail   https://pages.uoregon.edu/jimbrau/astr122/Notes/Chapter16.html  (not a recognized HTML slideshow)
    ! fail   https://pages.uoregon.edu/jimbrau/astr122/Notes/Chapter17.html  (not a recognized HTML slideshow)
    ! fail   https://pages.uoregon.edu/jimbrau/astr122/Notes/Chapter18.html  (not a recognized HTML slideshow)
    ! fail   https://pages.uoregon.edu/jimbrau/astr122/Notes/Chapter19.html  (not a recognized HTML slideshow)
    ! fail   https://pages.uoregon.edu/jimbrau/astr122/Notes/Chapter20.html  (not a recognized HTML slideshow)
    ! fail   https://pages.uoregon.edu/jimbrau/astr122/Notes/Chapter21.html  (not a recognized HTML slideshow)
    ! fail   https://pages.uoregon.edu/jimbrau/astr122/Notes/Chapter22.html  (not a recognized HTML slideshow)
    [retry] links found but none downloaded; reducing further
    [reduce 2] https://pages.uoregon.edu/jimbrau/astr122/
    [follow] no slides here; checking 2 sub-page(s)
    [reduce 3] https://pages.uoregon.edu/jimbrau/
    [follow] no slides here; checking 1 sub-page(s)
    [found] 98 slide link(s) at reduction 3
    + saved  1_2025-quarknet-brau.pdf
    + saved  2_2024-quarknet-brau.pdf
    + saved  3_Higgs-Factory-quarknet.pdf
    + saved  4_220622-quarknet-Brau.pdf
    + saved  5_brau_age-rotary.pdf
    + saved  6_210630-quarknet-brau.pdf
    + saved  7_YAAS_2019-05-04_James_Brau.pdf
    + saved  8_181109-facebook-pdf.pdf
    + saved  9_EUG_2018.pdf
    + saved  10_brau_eclipse-omsi.pdf
    + saved  11_EUG_2016_2.pdf
    + saved  12_EUG_2016.pdf
    + saved  13_ltcc_flier.pdf
    + saved  14_brau_wright_state_public.pdf
    + saved  15_public_lecture_EUG-library.pdf
    + saved  16_public_lecture_121029.pdf
    + saved  17_public_lecture_101123.pdf
    ! fail   http://education.jlab.org/scienceseries/mysterious_universe.html  (not a recognized HTML slideshow)
    + saved  19_slide_show_prelude.pdf
    + saved  20_public_lecture_091001.pdf
    + saved  21_roseburg_topics_on_tap.pdf
    + saved  22_eugene_rotary.pdf
    + saved  23_rose_city_astronomers.pdf
    + saved  24_lane_county_medical.pdf
    + saved  25_star_party.pdf
    + saved  26_Public_talk.pdf
    + saved  27_prelude.ppt
    + saved  28_gravsearch-lane.pdf
    + saved  29_gravsearch-rr.pdf
    + saved  30_ECFA_brau.pdf
    + saved  31_APS09_brau.pdf
    + saved  32_Purdue.pdf
    + saved  33_Illinois.pdf
    + saved  34_Particles-Mysteries-LCs.ppt
    + saved  35_NLC-talk-Riverside-final.ppt
    + saved  36_NLC-talk-OSU.pdf
    + saved  37_NLC-talk-gen.pdf
    + saved  38_NLC-talk.pdf
    + saved  39_gravsearch.pdf
    + saved  40_Hi-Gran-Cal-brau.pdf
    + saved  41_0.pdf
    + saved  42_brau_edit_2012.pdf
    + saved  43_dpf_brau.pdf
    + saved  44_krakow_brau.pdf
    + saved  45_NSS07_brau.pdf
    ! fail   https://pages.uoregon.edu/jimbrau/LC/talks/nss07_brau.pdf  (http 404)
    + saved  47_Erice_brau.pdf
    + saved  48_brau_c2cr07.pdf
    + saved  49_c2cr_brau.pdf
    + saved  50_aspen07.pdf
    + saved  51_abefest_brau.pdf
    + saved  52_brau_ilc.pdf
    + saved  53_snic_brau.pdf
    + saved  54_snic06_brau.pdf
    + saved  55_WHY_SiD.pdf
    + saved  56_vxd-brau-bangalore.pdf
    + saved  57_chronopix-lcws06.pdf
    + saved  58_sid_ecal.pdf
    + saved  59_siw-lcws06.pdf
    ! fail   https://pages.uoregon.edu/jimbrau/talks/cornell-seminar.pdf  (http 404)
    + saved  61_SiD-BNL.pdf
    + saved  62_PLEN0059.pdf
    + saved  63_Detector-RD.ppt
    + saved  64_ichep-rd.pdf
    + saved  65_Alt-det.ppt
    + saved  66_Amsterdam.pdf
    + saved  67_wrapup.pdf
    + saved  68_LCrnd.pdf
    + saved  69_LC-detectors-1.pdf
    + saved  70_LC-detectors-2.pdf
    + saved  71_LC-detectors-SLAC-05-02.pdf
    + saved  72_Hopkins-det-01.pdf
    + saved  73_sluo-ecal.pdf
    + saved  74_sluo-hcal.pdf
    + saved  75_brau_lcws07_charge.pdf
    + saved  76_ucla.pdf
    + saved  77_CHARGE.ppt
    ! fail   https://pages.uoregon.edu/jimbrau/LC/talks/Loopfest3.ppt  (http 404)
    ! fail   https://pages.uoregon.edu/jimbrau/LC/talks/Aspen04.ppt  (http 404)
    + saved  80_Aspen04.pdf
    + saved  81_ewsb-lc.pdf
    + saved  82_mini-review.pdf
    + saved  83_ccd-tutorial.pdf
    + saved  84_NLC-detectors.pdf
    + saved  85_vxd-studies.pdf
    + saved  86_flavor-tagging.pdf
    + saved  87_HBRslides-hopkins.pdf
    + saved  88_Acfa-99.pdf
    + saved  89_ieee99.pdf
    + saved  90_Models.pdf
    + saved  91_vxd.pdf
    + saved  92_Tampere99.pdf
    + saved  93_tampere.pdf
    + saved  94_Models.pdf
    + saved  95_sitges-models.pdf
    + saved  96_CCDs.pdf
    + saved  97_sitges-ccd.pdf
    + saved  98_boulder.pdf
    -> saved: 93 new, 0 skip, 0 dup, 5 fail  (https://pages.uoregon.edu/jimbrau/)
===== [29/646] =====

### ASTR125 - Stanford University  (ratings=8.0)
    url: https://web.stanford.edu/class/archive/engr/engr40m.1178/slides.html
    [found] 69 slide link(s) at reduction 0
    ! fail   https://web.stanford.edu/class/archive/engr/engr40m.1178/slides.html  (not a recognized HTML slideshow)
    + saved  2_lecture01.pdf
    + saved  3_lecture02.pdf
    + saved  4_lecture03.pdf
    + saved  5_lecture04.pdf
    + saved  6_lecture05.pdf
    + saved  7_lecture06.pdf
    + saved  8_transistors.pdf
    + saved  9_computer-history.pdf
    + saved  10_logicgates.pdf
    + saved  11_arduino.pdf
    + saved  12_fsm-example.pdf
    + saved  13_lecture10.pdf
    + saved  14_keyboard_breakingbreak.pdf
    + saved  15_lecture11.pdf
    + saved  16_reactives.pdf
    + saved  17_transient.pdf
    + saved  18_cubemapping.pdf
    + saved  19_signals.pdf
    + saved  20_signals-slides.pdf
    + saved  21_impedance.pdf
    + saved  22_bodeplots.pdf
    + saved  23_opamps.pdf
    + saved  24_opampfilters.pdf
    + saved  25_lecture20.pdf
    + saved  26_lecture21.pdf
    + saved  27_lecture22.pdf
    + saved  28_lecture01.pdf
    + saved  29_lecture01_annotated.pdf
    + saved  30_lecture02.pdf
    + saved  31_lecture02_annotated.pdf
    + saved  32_lecture03.pdf
    + saved  33_lecture03_annotated.pdf
    + saved  34_lecture04.pdf
    + saved  35_lecture04_annotated.pdf
    + saved  36_lecture05.pdf
    + saved  37_lecture05_annotated.pdf
    + saved  38_lecture06.pdf
    + saved  39_lecture06_annotated.pdf
    + saved  40_lecture07.pdf
    + saved  41_lecture07_annotated.pdf
    + saved  42_lecture08.pdf
    + saved  43_lecture08_annotated.pdf
    + saved  44_lecture09.pdf
    + saved  45_lecture09_annotated.pdf
    + saved  46_lecture10.pdf
    + saved  47_lecture10_annotated.pdf
    + saved  48_lecture11.pdf
    + saved  49_lecture11_annotated.pdf
    + saved  50_lecture12.pdf
    + saved  51_lecture12_annotated.pdf
    + saved  52_lecture13.pdf
    + saved  53_lecture13_annotated.pdf
    + saved  54_lecture14.pdf
    + saved  55_lecture14_annotated.pdf
    + saved  56_lecture15.pdf
    + saved  57_lecture15_annotated.pdf
    + saved  58_lecture16.pdf
    + saved  59_lablecture1.pdf
    + saved  60_lablecture1_annotated.pdf
    + saved  61_lablecture2.pdf
    + saved  62_lablecture2_annotated.pdf
    ~ dup    63_fsm-example.pdf
    + saved  64_lablecture3a.pdf
    + saved  65_lablecture3a_annotated.pdf
    + saved  66_lablecture3b.pdf
    + saved  67_lablecture3b_annotated.pdf
    + saved  68_lablecture3c.pdf
    + saved  69_lablecture3c_annotated.pdf
    -> saved: 67 new, 0 skip, 1 dup, 1 fail  (https://web.stanford.edu/class/archive/engr/engr40m.1178/slides.html)
===== [30/646] =====

### ASTRO001 - Penn State University  (ratings=62.0)
    url: https://personal.science.psu.edu/wnb3/astro1/astro1.html
    [found] 16 slide link(s) at reduction 0
    ! fail   https://personal.science.psu.edu/wnb3/astro1/slideshows/class01/slides-01.html  (not a recognized HTML slideshow)
    ! fail   https://personal.science.psu.edu/wnb3/astro1/slideshows/class15/slides-15.html  (not a recognized HTML slideshow)
    ! fail   https://personal.science.psu.edu/wnb3/astro1/slideshows/class19/slides-19.html  (not a recognized HTML slideshow)
    ! fail   https://personal.science.psu.edu/wnb3/astro1/slideshows/class21/slides-21.html  (not a recognized HTML slideshow)
    ! fail   https://personal.science.psu.edu/wnb3/astro1/slideshows/class22/slides-22.html  (not a recognized HTML slideshow)
    ! fail   https://personal.science.psu.edu/wnb3/astro1/slideshows/class25/slides-25.html  (not a recognized HTML slideshow)
    ! fail   https://personal.science.psu.edu/wnb3/astro1/slideshows/class28/slides-28.html  (not a recognized HTML slideshow)
    ! fail   https://personal.science.psu.edu/wnb3/astro1/slideshows/class29/slides-29.html  (not a recognized HTML slideshow)
    ! fail   https://personal.science.psu.edu/wnb3/astro1/slideshows/class31/slides-31.html  (not a recognized HTML slideshow)
    ! fail   https://personal.science.psu.edu/wnb3/astro1/slideshows/class37/slides-37.html  (not a recognized HTML slideshow)
    ! fail   https://personal.science.psu.edu/wnb3/astro1/slideshows/class38/slides-38.html  (not a recognized HTML slideshow)
    ! fail   https://personal.science.psu.edu/wnb3/astro1/slideshows/class39/slides-39.html  (not a recognized HTML slideshow)
    ! fail   https://personal.science.psu.edu/wnb3/astro1/slideshows/class41/slides-41.html  (not a recognized HTML slideshow)
    ! fail   https://personal.science.psu.edu/wnb3/astro1/slideshows/class43/slides-43.html  (not a recognized HTML slideshow)
    ! fail   https://personal.science.psu.edu/wnb3/astro1/slideshows/class44/slides-44.html  (not a recognized HTML slideshow)
    ! fail   http://www.hao.ucar.edu/public/education/slides/slides.html  (not a recognized HTML slideshow)
    [retry] links found but none downloaded; reducing further
    [reduce 1] https://personal.science.psu.edu/wnb3/astro1/
    [fetch] status=404
    [reduce 2] https://personal.science.psu.edu/wnb3/
    -> partial: 0 new, 0 skip, 0 dup, 16 fail  (https://personal.science.psu.edu/wnb3/astro1/astro1.html)
===== [31/646] =====

### ASTRO001V - Penn State University  (ratings=6.0)
    url: https://personal.science.psu.edu/wnb3/astro1/astro1.html
    [found] 16 slide link(s) at reduction 0
    ! fail   https://personal.science.psu.edu/wnb3/astro1/slideshows/class01/slides-01.html  (not a recognized HTML slideshow)
    ! fail   https://personal.science.psu.edu/wnb3/astro1/slideshows/class15/slides-15.html  (not a recognized HTML slideshow)
    ! fail   https://personal.science.psu.edu/wnb3/astro1/slideshows/class19/slides-19.html  (not a recognized HTML slideshow)
    ! fail   https://personal.science.psu.edu/wnb3/astro1/slideshows/class21/slides-21.html  (not a recognized HTML slideshow)
    ! fail   https://personal.science.psu.edu/wnb3/astro1/slideshows/class22/slides-22.html  (not a recognized HTML slideshow)
    ! fail   https://personal.science.psu.edu/wnb3/astro1/slideshows/class25/slides-25.html  (not a recognized HTML slideshow)
    ! fail   https://personal.science.psu.edu/wnb3/astro1/slideshows/class28/slides-28.html  (not a recognized HTML slideshow)
    ! fail   https://personal.science.psu.edu/wnb3/astro1/slideshows/class29/slides-29.html  (not a recognized HTML slideshow)
    ! fail   https://personal.science.psu.edu/wnb3/astro1/slideshows/class31/slides-31.html  (not a recognized HTML slideshow)
    ! fail   https://personal.science.psu.edu/wnb3/astro1/slideshows/class37/slides-37.html  (not a recognized HTML slideshow)
    ! fail   https://personal.science.psu.edu/wnb3/astro1/slideshows/class38/slides-38.html  (not a recognized HTML slideshow)
    ! fail   https://personal.science.psu.edu/wnb3/astro1/slideshows/class39/slides-39.html  (not a recognized HTML slideshow)
    ! fail   https://personal.science.psu.edu/wnb3/astro1/slideshows/class41/slides-41.html  (not a recognized HTML slideshow)
    ! fail   https://personal.science.psu.edu/wnb3/astro1/slideshows/class43/slides-43.html  (not a recognized HTML slideshow)
    ! fail   https://personal.science.psu.edu/wnb3/astro1/slideshows/class44/slides-44.html  (not a recognized HTML slideshow)
    ! fail   http://www.hao.ucar.edu/public/education/slides/slides.html  (not a recognized HTML slideshow)
    [retry] links found but none downloaded; reducing further
    [reduce 1] https://personal.science.psu.edu/wnb3/astro1/
    [fetch] status=404
    [reduce 2] https://personal.science.psu.edu/wnb3/
    -> partial: 0 new, 0 skip, 0 dup, 16 fail  (https://personal.science.psu.edu/wnb3/astro1/astro1.html)
===== [32/646] =====

### ASTRO001WEB - Penn State University  (ratings=13.0)
    url: https://personal.science.psu.edu/wnb3/astro1/class-notes/class-notes.html
    [reduce 1] https://personal.science.psu.edu/wnb3/astro1/class-notes/
    [fetch] status=404
    [reduce 2] https://personal.science.psu.edu/wnb3/astro1/
    [fetch] status=404
    [reduce 3] https://personal.science.psu.edu/wnb3/
    -> no slides found on any reduced URL
===== [33/646] =====

### ASTRO1 - Penn State University  (ratings=12.0)
    url: https://personal.science.psu.edu/wnb3/astro1/class-notes/class-notes.html
    [reduce 1] https://personal.science.psu.edu/wnb3/astro1/class-notes/
    [fetch] status=404
    [reduce 2] https://personal.science.psu.edu/wnb3/astro1/
    [fetch] status=404
    [reduce 3] https://personal.science.psu.edu/wnb3/
    -> no slides found on any reduced URL
===== [34/646] =====

### ASTRO1WEB - Penn State University  (ratings=8.0)
    url: https://personal.science.psu.edu/wnb3/astro1/class-notes/class-notes.html
    [reduce 1] https://personal.science.psu.edu/wnb3/astro1/class-notes/
    [fetch] status=404
    [reduce 2] https://personal.science.psu.edu/wnb3/astro1/
    [fetch] status=404
    [reduce 3] https://personal.science.psu.edu/wnb3/
    -> no slides found on any reduced URL
===== [35/646] =====

### AY101 - University of Alabama  (ratings=12.0)
    url: https://pages.astronomy.ua.edu/jairwin/AY101/AY101.html
    [fetch] error: Page.goto: Timeout 30000ms exceeded.
Call log:
  - navigating to "https://pages.astronomy.ua.edu/jairwin/AY101/AY101.html", waiting until "domcontentloaded"

    [reduce 1] https://pages.astronomy.ua.edu/jairwin/AY101/
    [fetch] error: Page.goto: Timeout 30000ms exceeded.
Call log:
  - navigating to "https://pages.astronomy.ua.edu/jairwin/AY101/", waiting until "domcontentloaded"

    [reduce 2] https://pages.astronomy.ua.edu/jairwin/
    [fetch] error: Page.goto: Timeout 30000ms exceeded.
Call log:
  - navigating to "https://pages.astronomy.ua.edu/jairwin/", waiting until "domcontentloaded"

    -> no slides found on any reduced URL
===== [36/646] =====

### BB450 - Oregon State University  (ratings=5.0)
    url: https://courses.ecampus.oregonstate.edu/bb450/lecture/glycogenoutline.html
    [found] 1 slide link(s) at reduction 0
    ! fail   https://courses.ecampus.oregonstate.edu/bb450/lecture/glycogennotes.html  (not a recognized HTML slideshow)
    [retry] links found but none downloaded; reducing further
    [reduce 1] https://courses.ecampus.oregonstate.edu/bb450/lecture/
    [fetch] status=403
    [reduce 2] https://courses.ecampus.oregonstate.edu/bb450/
    [fetch] status=403
    -> partial: 0 new, 0 skip, 0 dup, 1 fail  (https://courses.ecampus.oregonstate.edu/bb450/lecture/glycogenoutline.html)
===== [37/646] =====

### BBA207 - Lehman College  (ratings=17.0)
    url: https://www.lehman.edu/academics/courses.php
    [follow] no slides here; checking 15 sub-page(s)
    [found] 3 slide link(s) at reduction 0
    + saved  1_Summer-2026-Academic-Calendar-Session-N.pdf
    + saved  2_Fall-2026-7-Week-Session-1-Graduate-Academic-Calendar.pdf
    + saved  3_Fall-2026-7-Week-Session-2-Graduate-Academic-Calendar.pdf
    -> saved: 3 new, 0 skip, 0 dup, 0 fail  (https://www.lehman.edu/academics/courses.php)
===== [38/646] =====

### BBA307 - Lehman College  (ratings=13.0)
    url: https://www.lehman.edu/academics/courses.php
    [follow] no slides here; checking 15 sub-page(s)
    [found] 3 slide link(s) at reduction 0
    + saved  1_Summer-2026-Academic-Calendar-Session-N.pdf
    + saved  2_Fall-2026-7-Week-Session-1-Graduate-Academic-Calendar.pdf
    + saved  3_Fall-2026-7-Week-Session-2-Graduate-Academic-Calendar.pdf
    -> saved: 3 new, 0 skip, 0 dup, 0 fail  (https://www.lehman.edu/academics/courses.php)
===== [39/646] =====

### BBA310 - Lehman College  (ratings=5.0)
    url: https://www.lehman.edu/academics/courses.php
    [follow] no slides here; checking 15 sub-page(s)
    [found] 3 slide link(s) at reduction 0
    + saved  1_Summer-2026-Academic-Calendar-Session-N.pdf
    + saved  2_Fall-2026-7-Week-Session-1-Graduate-Academic-Calendar.pdf
    + saved  3_Fall-2026-7-Week-Session-2-Graduate-Academic-Calendar.pdf
    -> saved: 3 new, 0 skip, 0 dup, 0 fail  (https://www.lehman.edu/academics/courses.php)
===== [40/646] =====

### BBA322 - Lehman College  (ratings=8.0)
    url: https://www.lehman.edu/academics/courses.php
    [follow] no slides here; checking 15 sub-page(s)
    [found] 3 slide link(s) at reduction 0
    + saved  1_Summer-2026-Academic-Calendar-Session-N.pdf
    + saved  2_Fall-2026-7-Week-Session-1-Graduate-Academic-Calendar.pdf
    + saved  3_Fall-2026-7-Week-Session-2-Graduate-Academic-Calendar.pdf
    -> saved: 3 new, 0 skip, 0 dup, 0 fail  (https://www.lehman.edu/academics/courses.php)
===== [41/646] =====

### BBA332 - Lehman College  (ratings=22.0)
    url: https://www.lehman.edu/academics/courses.php
    [follow] no slides here; checking 15 sub-page(s)
    [found] 3 slide link(s) at reduction 0
    + saved  1_Summer-2026-Academic-Calendar-Session-N.pdf
    + saved  2_Fall-2026-7-Week-Session-1-Graduate-Academic-Calendar.pdf
    + saved  3_Fall-2026-7-Week-Session-2-Graduate-Academic-Calendar.pdf
    -> saved: 3 new, 0 skip, 0 dup, 0 fail  (https://www.lehman.edu/academics/courses.php)
===== [42/646] =====

### BBA433 - Lehman College  (ratings=46.0)
    url: https://www.lehman.edu/academics/courses.php
    [follow] no slides here; checking 15 sub-page(s)
    [found] 3 slide link(s) at reduction 0
    + saved  1_Summer-2026-Academic-Calendar-Session-N.pdf
    + saved  2_Fall-2026-7-Week-Session-1-Graduate-Academic-Calendar.pdf
    + saved  3_Fall-2026-7-Week-Session-2-Graduate-Academic-Calendar.pdf
    -> saved: 3 new, 0 skip, 0 dup, 0 fail  (https://www.lehman.edu/academics/courses.php)
===== [43/646] =====

### BCH210 - University of Toronto  (ratings=10.0)
    url: http://individual.utoronto.ca/jhsieh/
    [found] 13 slide link(s) at reduction 0
    ! fail   http://individual.utoronto.ca/jhsieh/Sept12Tutorial.pdf  (http 404)
    ! fail   http://individual.utoronto.ca/jhsieh/Sept17Tutorial.pdf  (http 404)
    ! fail   http://individual.utoronto.ca/jhsieh/Sept24Tutorial.pdf  (http 404)
    ! fail   http://individual.utoronto.ca/jhsieh/Oct1Tutorial.pdf  (http 404)
    ! fail   http://individual.utoronto.ca/jhsieh/Oct8Tutorial.pdf  (http 404)
    ! fail   http://individual.utoronto.ca/jhsieh/Oct15Tutorial.pdf  (http 404)
    ! fail   http://individual.utoronto.ca/jhsieh/LipidsSlides.pdf  (http 404)
    ! fail   http://individual.utoronto.ca/jhsieh/Oct22Tutorial.pdf  (http 404)
    ! fail   http://individual.utoronto.ca/jhsieh/Oct29Tutorial.pdf  (http 404)
    ! fail   http://individual.utoronto.ca/jhsieh/Nov5Tutorial.pdf  (http 404)
    ! fail   http://individual.utoronto.ca/jhsieh/Nov19Tutorial.pdf  (http 404)
    ! fail   http://individual.utoronto.ca/jhsieh/Nov26Tutorial.pdf  (http 404)
    ! fail   http://individual.utoronto.ca/jhsieh/Dec3Tutorial.pdf  (http 404)
    [retry] links found but none downloaded; reducing further
    -> partial: 0 new, 0 skip, 0 dup, 13 fail  (http://individual.utoronto.ca/jhsieh/)
===== [44/646] =====

### BCUSP126 - University of Washington  (ratings=5.0)
    url: https://sites.math.washington.edu/~aloveles/Math126Spring2021/lecture.html
    [found] 22 slide link(s) at reduction 0
    + saved  1_12-1_Lecture_-_sp20.pdf
    + saved  2_12-2_Lecture_-_sp20.pdf
    + saved  3_12-3_Lecture_-_sp18.pdf
    + saved  4_12-4_Lecture_-_sp19.pdf
    + saved  5_12-5_Lecture_-_sp19.pdf
    + saved  6_13-1_Lecture_-_f18.pdf
    + saved  7_13-2_Lecture_-_sp19.pdf
    + saved  8_13-3_Lecture_-_sp19.pdf
    + saved  9_13-4_Lecture_-_sp19.pdf
    + saved  10_14-3_Lecture_-_sp19.pdf
    + saved  11_14-4_Lecture_-_sp18.pdf
    + saved  12_14-4_and_14-7_Lecture_-_sp19.pdf
    + saved  13_14-7_Lecture_2_-_sp19.pdf
    + saved  14_15-1_and_15-2_Lecture_-_sp19.pdf
    + saved  15_15-2_Lecture_-_sp18.pdf
    + saved  16_10-3_Lecture_-_sp19.pdf
    + saved  17_15-3_Lecture_-_sp19.pdf
    + saved  18_15-4_Lecture_-_sp18.pdf
    + saved  19_TN_1-3_Lecture_-_sp18.pdf
    + saved  20_TN_2-3_Lecture_-_sp19.pdf
    + saved  21_TN_4_Lecture_-_sp19.pdf
    + saved  22_TN_5_Lecture_-_f18.pdf
    -> saved: 22 new, 0 skip, 0 dup, 0 fail  (https://sites.math.washington.edu/~aloveles/Math126Spring2021/lecture.html)
===== [45/646] =====

### BEE215 - University of Washington  (ratings=16.0)
    url: https://faculty.washington.edu/tadg/BEE331S10/
    [follow] no slides here; checking 2 sub-page(s)
    [found] 9 slide link(s) at reduction 0
    ! fail   https://faculty.washington.edu/tadg/BEE331S10/Lessons/Week1/BEE 331LessonWeek1.pptx  (http 404)
    ! fail   https://faculty.washington.edu/tadg/BEE331S10/Lessons/week2/BEE331LessonWeek2.pptx  (http 404)
    ! fail   https://faculty.washington.edu/tadg/BEE331S10/Lessons/week3/BEE331LessonWeek3.pptx  (http 404)
    ! fail   https://faculty.washington.edu/tadg/BEE331S10/Lessons/week4/BEE331LessonWeek4.pptx  (http 404)
    ! fail   https://faculty.washington.edu/tadg/BEE331S10/Lessons/week5/BEE331LessonWeek5.pptx  (http 404)
    ! fail   https://faculty.washington.edu/tadg/BEE331S10/Lessons/week7/BEE331LessonWeek7.pptx  (http 404)
    ! fail   https://faculty.washington.edu/tadg/BEE331S10/Lessons/week8/BEE331LessonWeek8.pptx  (http 404)
    ! fail   https://faculty.washington.edu/tadg/BEE331S10/Lessons/week9/BEE331LessonWeek9.pptx  (http 404)
    ! fail   https://faculty.washington.edu/tadg/BEE331S10/Lessons/week10/BEE331LessonWeek10.pptx  (http 404)
    [retry] links found but none downloaded; reducing further
    [reduce 1] https://faculty.washington.edu/tadg/
    -> partial: 0 new, 0 skip, 0 dup, 9 fail  (https://faculty.washington.edu/tadg/BEE331S10/)
===== [46/646] =====

### BEE233 - University of Washington  (ratings=27.0)
    url: https://faculty.washington.edu/tadg/BEE235S10/Lessons/index.htm
    [found] 9 slide link(s) at reduction 0
    + saved  1_LessonWeek1.pptx
    + saved  2_LessonWeek2.pptx
    + saved  3_LessonWeek3.pptx
    + saved  4_LessonWeek4.pptx
    + saved  5_LessonWeek5.pptx
    + saved  6_LessonWeek7.pptx
    + saved  7_LessonWeek8.pptx
    + saved  8_LessonWeek9.ppt
    + saved  9_LessonWeek10.ppt
    -> saved: 9 new, 0 skip, 0 dup, 0 fail  (https://faculty.washington.edu/tadg/BEE235S10/Lessons/index.htm)
===== [47/646] =====

### BEE271 - University of Washington  (ratings=11.0)
    url: https://faculty.washington.edu/kd1uj/BEE271/
    [found] 22 slide link(s) at reduction 0
    + saved  1_BEE_271_Lecture_1_-_Orientation_and_intro_to_logic_circuits_-_2017-03-27.pdf
    ! fail   https://faculty.washington.edu/kd1uj/BEE271/BEE 271 Lecture 1 - Scans - 2017-03-27.pdf  (http 404)
    + saved  3_BEE_271_Lecture_2_-_Logic_circuits_and_Karnaugh_maps_-_2017-03-29.pdf
    + saved  4_BEE_271_Lecture_2_-_Scans_-_2017-03-29.pdf
    + saved  5_BEE_271_Lecture_3_-_Logic_circuits_and_Karnaugh_maps_-_2017-04-03.pdf
    + saved  6_BEE_271_Lecture_3_-_Scans_-_2017-04-03.pdf
    + saved  7_BEE_271_Lecture_4_-_Karnaugh_maps_and_Verilog_-_2017-04-05.pdf
    + saved  8_BEE_271_Lecture_5_-_Verilog_Signed_numbers_-_2017-04-10.pdf
    + saved  9_BEE_271_Lecture_5_-_Scans_-_2017-04-10.pdf
    + saved  10_BEE_271_Lecture_6_-_Signed_numbers_adders_-_2017-04-12.pdf
    + saved  11_BEE_271_Lecture_6_-_Scans_-_2017-04-12.pdf
    + saved  12_BEE_271_Lecture_7_-_Multiplexers_and_Shannons_expansion_-_2017-04-17.pdf
    + saved  13_BEE_271_Lecture_7_-_Scans_-_2017-04-17.pdf
    + saved  14_BEE_271_Lecture_8_-_Multiplexers_and_Shannons_expansion_-_2017-04-19.pdf
    + saved  15_BEE_271_Lecture_8_-_Scans_-_2017-04-19.pdf
    + saved  16_BEE_271_Lecture_9_-_Sequential_circuits_-_2017-04-24.pdf
    + saved  17_BEE_271_Lecture_10_-_Sequential_circuits_-_2017-04-26.pdf
    + saved  18_BEE_271_Lecture_11_-_Sequential_circuits_-_2017-05-08.pdf
    + saved  19_BEE_271_Lecture_12_-_State_machines_-_2017-05-17.pdf
    + saved  20_BEE_271_Lecture_13_-_State_machines_-_2017-05-22.pdf
    + saved  21_BEE_271_Lecture_13_-_Scans_-_2017-05-24.pdf
    + saved  22_BEE_271_Lecture_14_-_FSMs_memories_and_FPGAs_-_2017-05-31.pdf
    -> saved: 21 new, 0 skip, 0 dup, 1 fail  (https://faculty.washington.edu/kd1uj/BEE271/)
===== [48/646] =====

### BIO211 - Buffalo State University  (ratings=9.0)
    url: https://faculty.buffalostate.edu/wadswogj/courses/BIO211%20Page/lectures/211lec.htm
    [fetch] error: Page.goto: Timeout 30000ms exceeded.
Call log:
  - navigating to "https://faculty.buffalostate.edu/wadswogj/courses/BIO211%20Page/lectures/211lec.htm", waiting until "domcontentloaded"

    [reduce 1] https://faculty.buffalostate.edu/wadswogj/courses/BIO211%20Page/lectures/
    [fetch] error: Page.goto: Timeout 30000ms exceeded.
Call log:
  - navigating to "https://faculty.buffalostate.edu/wadswogj/courses/BIO211%20Page/lectures/", waiting until "domcontentloaded"

    [reduce 2] https://faculty.buffalostate.edu/wadswogj/courses/BIO211%20Page/
    [fetch] error: Page.goto: Timeout 30000ms exceeded.
Call log:
  - navigating to "https://faculty.buffalostate.edu/wadswogj/courses/BIO211%20Page/", waiting until "domcontentloaded"

    [reduce 3] https://faculty.buffalostate.edu/wadswogj/courses/
    [fetch] error: Page.goto: Timeout 30000ms exceeded.
Call log:
  - navigating to "https://faculty.buffalostate.edu/wadswogj/courses/", waiting until "domcontentloaded"

    [reduce 4] https://faculty.buffalostate.edu/wadswogj/
    [fetch] error: Page.goto: Timeout 30000ms exceeded.
Call log:
  - navigating to "https://faculty.buffalostate.edu/wadswogj/", waiting until "domcontentloaded"

    -> no slides found on any reduced URL
===== [49/646] =====

### BIOC461 - North Dakota State University  (ratings=6.0)
    url: https://github.com/mikblack/BIOC461-datasci/blob/main/bioc461-lecture1.pdf
    [found] 1 slide link(s) at reduction 0
    + saved  1_bioc461-lecture1.pdf
    -> saved: 1 new, 0 skip, 0 dup, 0 fail  (https://github.com/mikblack/BIOC461-datasci/blob/main/bioc461-lecture1.pdf)
===== [50/646] =====

### BMATH121 - University of Washington  (ratings=7.0)
    url: https://courses.washington.edu/phy121c/
    [found] 2 slide link(s) at reduction 0
    ! fail   https://courses.washington.edu/phy121c/Lectures/lectures.htm  (not a recognized HTML slideshow)
    + saved  2_Top_10_Experiments.pdf
    -> saved: 1 new, 0 skip, 0 dup, 1 fail  (https://courses.washington.edu/phy121c/)
===== [51/646] =====

### BME2081 - University of Cincinnati  (ratings=6.0)
    url: https://www.ccps.uc.edu/academics/olli/resources/handouts.html
    [found] 20 slide link(s) at reduction 0
    + saved  1_library.pdf
    + saved  2_1330_wk1.pdf
    + saved  3_1330_wk2.pdf
    + saved  4_1330_wk3.pdf
    + saved  5_1330_wk4.pdf
    + saved  6_1330_wk5.pdf
    + saved  7_1330_wk6.pdf
    + saved  8_vision.pdf
    + saved  9_music1_2.pdf
    + saved  10_music2.pdf
    + saved  11_music3.pdf
    + saved  12_music4.pdf
    + saved  13_music5.pdf
    + saved  14_music6.pdf
    + saved  15_music7.pdf
    + saved  16_music8.pdf
    + saved  17_brain_nutrition.pdf
    + saved  18_4633_egypitian_art_not_compliant.pdf
    + saved  19_egypt_q_a.pdf
    + saved  20_aging_at_home.pdf
    -> saved: 20 new, 0 skip, 0 dup, 0 fail  (https://www.ccps.uc.edu/academics/olli/resources/handouts.html)
===== [52/646] =====

### BMED3410 - Georgia Institute of Technology  (ratings=9.0)
    url: https://sites.gatech.edu/intro-to-biomechanics/
    [found] 23 slide link(s) at reduction 0
    ! fail   https://drive.google.com/drive/folders/1Acd59GIu8PTAFTNyS8SDcnjI23_gb1Fk  (html response, not a file)
    + saved  2_Lecture-1-Overview-and-Statics-1.pdf
    + saved  3_Lecture-1-Overview-and-Statics-1.pptx
    + saved  4_Lecture-03-_-Model-of-Simple-Axial-Loading-1-_-revised.pdf
    + saved  5_Lecture-03-trapeze_stand_design_problem_20150119.pdf
    + saved  6_Lecture-03-stainless_steel_chain_specifications_downloaded_20160119.pdf
    + saved  7_Lecture-04-_-Model-of-Simple-Axial-Loading-2.pdf
    + saved  8_Lecture-04-trapeze_design_problem_wrap_up.pdf
    + saved  9_Lecture-04-_-surgical_robot_cable.pdf
    + saved  10_Lecture-04-surgical_robot_cable_design_problem.pdf
    + saved  11_Lecture-05-_-Model-of-Axial-Loading-1.pdf
    + saved  12_Lecture-05-_-axial_loading_chart_v1.1.pdf
    + saved  13_Lecture-05-_-piecewise_low_order_polynomials_and_two_simple_examples.pdf
    + saved  14_Lecture-06-_-Model-of-Axial-Loading-2.pdf
    + saved  15_Lecture-06-_-catheter_modeling_problem_20160128.pdf
    + saved  16_Lecture-07-_-concentrated_load_with_dirac_delta_function.pdf
    + saved  17_Lecture-07-_-graphs_of_axial_loading_with_compression_and_tension.pdf
    + saved  18_Lecture-07-_-graphs_of_axial_loading_with_varying_materials_and_area.pdf
    + saved  19_Lecture-08-_-three_examples_of_static_indeterminacy.pdf
    + saved  20_Lecture-08-_-Statically-Indeterminate-Systems-1.pdf
    + saved  21_Lecture-09-_-Statically-Indeterminate-Systems-2.pdf
    + saved  22_Lecture-09-_-simple_model_superposition.pdf
    + saved  23_Lecture-09-_-linear_systems_and_two_examples.pdf
    -> saved: 22 new, 0 skip, 0 dup, 1 fail  (https://sites.gatech.edu/intro-to-biomechanics/)
===== [53/646] =====

### BUEC333 - Simon Fraser University  (ratings=48.0)
    url: https://www.sfu.ca/~swoodcoc/teaching/sp2011/buec333/lectures.htm
    [found] 18 slide link(s) at reduction 0
    ! fail   https://www.sfu.ca/~swoodcoc/teaching/sp2011/buec333/01.intro.ppt  (http 404)
    ! fail   https://www.sfu.ca/~swoodcoc/teaching/sp2011/buec333/02.stats-review1-1rv.ppt  (http 404)
    ! fail   https://www.sfu.ca/~swoodcoc/teaching/sp2011/buec333/03.stats-review2-2rv.ppt  (http 404)
    ! fail   https://www.sfu.ca/~swoodcoc/teaching/sp2011/buec333/04.stats-review3.ppt  (http 404)
    ! fail   https://www.sfu.ca/~swoodcoc/teaching/sp2011/buec333/05.stats-review4-sampling.ppt  (http 404)
    ! fail   https://www.sfu.ca/~swoodcoc/teaching/sp2011/buec333/06.testing.ppt  (http 404)
    ! fail   https://www.sfu.ca/~swoodcoc/teaching/sp2011/buec333/07.whatisregression.ppt  (http 404)
    ! fail   https://www.sfu.ca/~swoodcoc/teaching/sp2011/buec333/08.leastsquares.ppt  (http 404)
    ! fail   https://www.sfu.ca/~swoodcoc/teaching/sp2011/buec333/09.variation.ppt  (http 404)
    ! fail   https://www.sfu.ca/~swoodcoc/teaching/sp2011/buec333/10.realworldregression.ppt  (http 404)
    ! fail   https://www.sfu.ca/~swoodcoc/teaching/sp2011/buec333/11.clrm.ppt  (http 404)
    ! fail   https://www.sfu.ca/~swoodcoc/teaching/sp2011/buec333/12.cnlrm.ppt  (http 404)
    ! fail   https://www.sfu.ca/~swoodcoc/teaching/sp2011/buec333/13.regression-testing.ppt  (http 404)
    ! fail   https://www.sfu.ca/~swoodcoc/teaching/sp2011/buec333/14.specification1.ppt  (http 404)
    ! fail   https://www.sfu.ca/~swoodcoc/teaching/sp2011/buec333/15.specification2.ppt  (http 404)
    ! fail   https://www.sfu.ca/~swoodcoc/teaching/sp2011/buec333/16.multicollinearity.ppt  (http 404)
    ! fail   https://www.sfu.ca/~swoodcoc/teaching/sp2011/buec333/17.serialcorrelation.ppt  (http 404)
    ! fail   https://www.sfu.ca/~swoodcoc/teaching/sp2011/buec333/18.heteroskedasticity.ppt  (http 404)
    [retry] links found but none downloaded; reducing further
    [reduce 1] https://www.sfu.ca/~swoodcoc/teaching/sp2011/buec333/
    [reduce 2] https://www.sfu.ca/~swoodcoc/teaching/sp2011/
    [reduce 3] https://www.sfu.ca/~swoodcoc/teaching/
    -> partial: 0 new, 0 skip, 0 dup, 18 fail  (https://www.sfu.ca/~swoodcoc/teaching/sp2011/buec333/lectures.htm)
===== [54/646] =====

### BUS270 - Loyola Marymount University  (ratings=7.0)
    url: https://registrar.lmu.edu/scheduleofclasses/
    [found] 4 slide link(s) at reduction 0
    + saved  1_Schedule_of_Classes_Summer_2026_Session_II.pdf
    + saved  2_Schedule_of_Classes_Summer_2026_Session_I.pdf
    + saved  3_Schedule_of_Classes_Summer_2025_Session_II.pdf
    + saved  4_Schedule_of_Classes_Summer_2025_Session_I.pdf
    -> saved: 4 new, 0 skip, 0 dup, 0 fail  (https://registrar.lmu.edu/scheduleofclasses/)
===== [55/646] =====

### BUSN1231 - Northeastern University  (ratings=11.0)
    url: https://hewang.sites.northeastern.edu/math1231/
    [found] 28 slide link(s) at reduction 0
    + saved  1_Math1231Lecture1.pdf
    + saved  2_Math1231Lecture2PPT.pdf
    + saved  3_Math1231Lecture3.pdf
    + saved  4_Math1231Lecture4.pdf
    + saved  5_Math1231Lecture5.pdf
    + saved  6_Math1231Lecture6.pdf
    + saved  7_Math1231Lecture7.pdf
    + saved  8_Math1231Lecture8.pdf
    + saved  9_Math1231Lecture9.pdf
    + saved  10_Math1231Lecture10.pdf
    + saved  11_Math1231Lecture11.pdf
    + saved  12_Math1231Lecture12PPT.pdf
    + saved  13_Math1231Lecture13PPT.pdf
    + saved  14_Math1231Lecture14.pdf
    + saved  15_Math1231Lecture15.pdf
    + saved  16_Math1231Lecture16.pdf
    + saved  17_Math1231Lecture17.pdf
    + saved  18_Math1231Lecture18.pdf
    + saved  19_Math1231Lecture19.pdf
    + saved  20_Math1231Lecture19PPT.pdf
    + saved  21_Math1231Lecture20PPT.pdf
    + saved  22_Math1231Lecture21.pdf
    + saved  23_Math1231Lecture22.pdf
    + saved  24_Math1231Lecture25.pdf
    + saved  25_Math1231Lecture26.pdf
    + saved  26_Math1231Lecture27.pdf
    + saved  27_Math1231Lecture28.pdf
    + saved  28_Math1231Lecture29.pdf
    -> saved: 28 new, 0 skip, 0 dup, 0 fail  (https://hewang.sites.northeastern.edu/math1231/)
===== [56/646] =====

### C1045 - Florida International University  (ratings=5.0)
    url: https://faculty.fiu.edu/~gravesp/1045%20help.html
    [found] 4 slide link(s) at reduction 0
    ! fail   https://faculty.fiu.edu/~gravesp/ch4%20wksht.pdf  (http 404)
    ! fail   https://faculty.fiu.edu/~gravesp/Quantum%20Wksht.pdf  (http 404)
    ! fail   https://faculty.fiu.edu/~gravesp/therm%20worksheet.pdf  (http 404)
    ! fail   https://faculty.fiu.edu/~gravesp/gaslaws.pdf  (http 404)
    [retry] links found but none downloaded; reducing further
    -> partial: 0 new, 0 skip, 0 dup, 4 fail  (https://faculty.fiu.edu/~gravesp/1045%20help.html)
===== [57/646] =====

### CALC1120 - University of North Carolina at Charlotte  (ratings=19.0)
    url: https://webpages.charlotte.edu/~hbreiter/m1120/lect.htm
    [found] 36 slide link(s) at reduction 0
    ! fail   https://webpages.charlotte.edu/~hbreiter/m1120/lectures/lecture1.htm  (not a recognized HTML slideshow)
    ! fail   https://webpages.charlotte.edu/~hbreiter/m1120/lectures/lecture2.htm  (not a recognized HTML slideshow)
    ! fail   https://webpages.charlotte.edu/~hbreiter/m1120/lectures/lecture4.htm  (not a recognized HTML slideshow)
    ! fail   https://webpages.charlotte.edu/~hbreiter/m1120/lectures/lecture5.htm  (not a recognized HTML slideshow)
    ! fail   https://webpages.charlotte.edu/~hbreiter/m1120/lectures/lecture7.htm  (not a recognized HTML slideshow)
    ! fail   https://webpages.charlotte.edu/~hbreiter/m1120/lectures/lecture8.htm  (not a recognized HTML slideshow)
    ! fail   https://webpages.charlotte.edu/~hbreiter/m1120/lectures/lect10.htm  (not a recognized HTML slideshow)
    ! fail   https://webpages.charlotte.edu/~hbreiter/m1120/lectures/lect11.htm  (not a recognized HTML slideshow)
    ! fail   https://webpages.charlotte.edu/~hbreiter/m1120/lectures/lect12.htm  (not a recognized HTML slideshow)
    ! fail   https://webpages.charlotte.edu/~hbreiter/m1120/lectures/lect13.htm  (not a recognized HTML slideshow)
    ! fail   https://webpages.charlotte.edu/~hbreiter/m1120/lectures/lect14.htm  (not a recognized HTML slideshow)
    ! fail   https://webpages.charlotte.edu/~hbreiter/m1120/lectures/lect16.htm  (not a recognized HTML slideshow)
    ! fail   https://webpages.charlotte.edu/~hbreiter/m1120/lectures/lect17.htm  (not a recognized HTML slideshow)
    ! fail   https://webpages.charlotte.edu/~hbreiter/m1120/lectures/lect19.htm  (not a recognized HTML slideshow)
    ! fail   https://webpages.charlotte.edu/~hbreiter/m1120/lectures/lect20.htm  (not a recognized HTML slideshow)
    ! fail   https://webpages.charlotte.edu/~hbreiter/m1120/lectures/lect21.htm  (not a recognized HTML slideshow)
    ! fail   https://webpages.charlotte.edu/~hbreiter/m1120/lectures/lect22.htm  (not a recognized HTML slideshow)
    ! fail   https://webpages.charlotte.edu/~hbreiter/m1120/lectures/lect23.htm  (not a recognized HTML slideshow)
    ! fail   https://webpages.charlotte.edu/~hbreiter/m1120/lectures/lect25.htm  (not a recognized HTML slideshow)
    ! fail   https://webpages.charlotte.edu/~hbreiter/m1120/lectures/lect26.htm  (not a recognized HTML slideshow)
    ! fail   https://webpages.charlotte.edu/~hbreiter/m1120/lectures/lect28.htm  (not a recognized HTML slideshow)
    ! fail   https://webpages.charlotte.edu/~hbreiter/m1120/lectures/lect29.htm  (not a recognized HTML slideshow)
    ! fail   https://webpages.charlotte.edu/~hbreiter/m1120/lectures/lect30.htm  (not a recognized HTML slideshow)
    ! fail   https://webpages.charlotte.edu/~hbreiter/m1120/lectures/lect31.htm  (not a recognized HTML slideshow)
    ! fail   https://webpages.charlotte.edu/~hbreiter/m1120/lectures/lect32.htm  (not a recognized HTML slideshow)
    ! fail   https://webpages.charlotte.edu/~hbreiter/m1120/lectures/lect34.htm  (not a recognized HTML slideshow)
    ! fail   https://webpages.charlotte.edu/~hbreiter/m1120/lectures/lect35.htm  (not a recognized HTML slideshow)
    ! fail   https://webpages.charlotte.edu/~hbreiter/m1120/lectures/lect37.htm  (not a recognized HTML slideshow)
    ! fail   https://webpages.charlotte.edu/~hbreiter/m1120/lectures/lect38.htm  (not a recognized HTML slideshow)
    ! fail   https://webpages.charlotte.edu/~hbreiter/m1120/lectures/lect40.htm  (not a recognized HTML slideshow)
    ! fail   https://webpages.charlotte.edu/~hbreiter/m1120/lectures/lect41.htm  (not a recognized HTML slideshow)
    ! fail   https://webpages.charlotte.edu/~hbreiter/m1120/lectures/lect42.htm  (not a recognized HTML slideshow)
    ! fail   https://webpages.charlotte.edu/~hbreiter/m1120/lectures/lect43.htm  (not a recognized HTML slideshow)
    ! fail   https://webpages.charlotte.edu/~hbreiter/m1120/lectures/lect44.htm  (not a recognized HTML slideshow)
    ! fail   https://webpages.charlotte.edu/~hbreiter/m1120/lectures/lect45.htm  (not a recognized HTML slideshow)
    ! fail   https://webpages.charlotte.edu/~hbreiter/m1120/lectures/lect46.htm  (not a recognized HTML slideshow)
    [retry] links found but none downloaded; reducing further
    [reduce 1] https://webpages.charlotte.edu/~hbreiter/m1120/
    -> partial: 0 new, 0 skip, 0 dup, 36 fail  (https://webpages.charlotte.edu/~hbreiter/m1120/lect.htm)
===== [58/646] =====

### CALC1190 - Kennesaw State University  (ratings=20.0)
    url: https://facultyweb.kennesaw.edu/ykang4/math1190.php
    [reduce 1] https://facultyweb.kennesaw.edu/ykang4/
    -> no slides found on any reduced URL
===== [59/646] =====

### CALC120 - Carnegie Mellon University  (ratings=7.0)
    url: https://www.math.cmu.edu/~amanita/math120/handouts/handouts.html
    [found] 1 slide link(s) at reduction 0
    + saved  1_math120_w09_day1a.pdf
    -> saved: 1 new, 0 skip, 0 dup, 0 fail  (https://www.math.cmu.edu/~amanita/math120/handouts/handouts.html)
===== [60/646] =====

### CALC122 - Carnegie Mellon University  (ratings=17.0)
    url: https://www.math.cmu.edu/~amanita/math122/
    -> no slides found on any reduced URL
===== [61/646] =====

### CALC1231 - Northeastern University  (ratings=14.0)
    url: https://hewang.sites.northeastern.edu/math1231/
    [found] 28 slide link(s) at reduction 0
    + saved  1_Math1231Lecture1.pdf
    + saved  2_Math1231Lecture2PPT.pdf
    + saved  3_Math1231Lecture3.pdf
    + saved  4_Math1231Lecture4.pdf
    + saved  5_Math1231Lecture5.pdf
    + saved  6_Math1231Lecture6.pdf
    + saved  7_Math1231Lecture7.pdf
    + saved  8_Math1231Lecture8.pdf
    + saved  9_Math1231Lecture9.pdf
    + saved  10_Math1231Lecture10.pdf
    + saved  11_Math1231Lecture11.pdf
    + saved  12_Math1231Lecture12PPT.pdf
    + saved  13_Math1231Lecture13PPT.pdf
    + saved  14_Math1231Lecture14.pdf
    + saved  15_Math1231Lecture15.pdf
    + saved  16_Math1231Lecture16.pdf
    + saved  17_Math1231Lecture17.pdf
    + saved  18_Math1231Lecture18.pdf
    + saved  19_Math1231Lecture19.pdf
    + saved  20_Math1231Lecture19PPT.pdf
    + saved  21_Math1231Lecture20PPT.pdf
    + saved  22_Math1231Lecture21.pdf
    + saved  23_Math1231Lecture22.pdf
    + saved  24_Math1231Lecture25.pdf
    + saved  25_Math1231Lecture26.pdf
    + saved  26_Math1231Lecture27.pdf
    + saved  27_Math1231Lecture28.pdf
    + saved  28_Math1231Lecture29.pdf
    -> saved: 28 new, 0 skip, 0 dup, 0 fail  (https://hewang.sites.northeastern.edu/math1231/)
===== [62/646] =====

### CALC1431 - University of Houston  (ratings=10.0)
    url: https://www.math.uh.edu/~jmorgan/Math1431/
    [found] 47 slide link(s) at reduction 0
    ! fail   https://www.math.uh.edu/~jmorgan/Math1431/video/day01video/day01video.html  (not a recognized HTML slideshow)
    ! fail   https://www.math.uh.edu/~jmorgan/Math1431/video/day02/day02.html  (not a recognized HTML slideshow)
    ! fail   https://www.math.uh.edu/~jmorgan/Math1431/video/day03video/day03video.html  (not a recognized HTML slideshow)
    ! fail   https://www.math.uh.edu/~jmorgan/Math1431/video/day04/day04.html  (not a recognized HTML slideshow)
    ! fail   https://www.math.uh.edu/~jmorgan/Math1431/video/day05/day05.html  (not a recognized HTML slideshow)
    ! fail   https://www.math.uh.edu/~jmorgan/Math1431/video/day06/day06.html  (not a recognized HTML slideshow)
    ! fail   https://www.math.uh.edu/~jmorgan/Math1431/video/day07/day07.html  (not a recognized HTML slideshow)
    ! fail   https://www.math.uh.edu/~jmorgan/Math1431/video/day08/day08.html  (not a recognized HTML slideshow)
    ! fail   https://www.math.uh.edu/~jmorgan/Math1431/video/day09/day09.html  (not a recognized HTML slideshow)
    ! fail   https://www.math.uh.edu/~jmorgan/Math1431/video/day10/day10.html  (not a recognized HTML slideshow)
    ! fail   https://www.math.uh.edu/~jmorgan/Math1431/video/day11/day11.html  (not a recognized HTML slideshow)
    ! fail   https://www.math.uh.edu/~jmorgan/Math1431/video/day12/day12.html  (not a recognized HTML slideshow)
    ! fail   https://www.math.uh.edu/~jmorgan/Math1431/video/day13/day13.html  (not a recognized HTML slideshow)
    ! fail   https://www.math.uh.edu/~jmorgan/Math1431/video/day14/day14.html  (not a recognized HTML slideshow)
    + saved  15_Test2_review_problems.pdf
    ! fail   https://www.math.uh.edu/~jmorgan/Math1431/video/day15/day15.html  (not a recognized HTML slideshow)
    + saved  17_Test_2_Review_Redux.pdf
    ! fail   https://www.math.uh.edu/~jmorgan/Math1431/video/day16/day16.html  (not a recognized HTML slideshow)
    ! fail   https://www.math.uh.edu/~jmorgan/Math1431/video/day17/day17.html  (not a recognized HTML slideshow)
    ! fail   https://www.math.uh.edu/~jmorgan/Math1431/video/day18/day18.html  (not a recognized HTML slideshow)
    ! fail   https://www.math.uh.edu/~jmorgan/Math1431/video/day19/day19.html  (not a recognized HTML slideshow)
    ! fail   https://www.math.uh.edu/~jmorgan/Math1431/video/day20/day20.html  (not a recognized HTML slideshow)
    ! fail   https://www.math.uh.edu/~jmorgan/Math1431/video/day21/day21.html  (not a recognized HTML slideshow)
    ! fail   https://www.math.uh.edu/~jmorgan/Math1431/video/day22/day22.html  (not a recognized HTML slideshow)
    ! fail   https://www.math.uh.edu/~jmorgan/Math1431/video/day23/day23.html  (not a recognized HTML slideshow)
    ! fail   https://www.math.uh.edu/~jmorgan/Math1431/video/day24/day24.html  (not a recognized HTML slideshow)
    ! fail   https://www.math.uh.edu/~jmorgan/Math1431/video/day25/day25.html  (not a recognized HTML slideshow)
    ! fail   https://www.math.uh.edu/~jmorgan/Math1431/video/day26/day26.html  (not a recognized HTML slideshow)
    + saved  29_sec_44_45_help.pdf
    + saved  30_sec_47_48_help.pdf
    + saved  31_day25done.pdf
    + saved  32_day26done.pdf
    + saved  33_Test3_review3_slides.pdf
    ! fail   https://www.math.uh.edu/~jmorgan/Math1431/video/day28/day28.html  (not a recognized HTML slideshow)
    ! fail   https://www.math.uh.edu/~jmorgan/Math1431/video/day29/day29.html  (not a recognized HTML slideshow)
    ! fail   https://www.math.uh.edu/~jmorgan/Math1431/video/day30/day30.html  (not a recognized HTML slideshow)
    ! fail   https://www.math.uh.edu/~jmorgan/Math1431/video/day31/day31.html  (not a recognized HTML slideshow)
    ! fail   https://www.math.uh.edu/~jmorgan/Math1431/video/day32/day32.html  (not a recognized HTML slideshow)
    ! fail   https://www.math.uh.edu/~jmorgan/Math1431/video/day33/day33.html  (not a recognized HTML slideshow)
    ! fail   https://www.math.uh.edu/~jmorgan/Math1431/video/day34/day34.html  (not a recognized HTML slideshow)
    ! fail   https://www.math.uh.edu/~jmorgan/Math1431/video/day35/day35.html  (not a recognized HTML slideshow)
    ! fail   https://www.math.uh.edu/~jmorgan/Math1431/video/day36/day36.html  (not a recognized HTML slideshow)
    ! fail   https://www.math.uh.edu/~jmorgan/Math1431/video/day37/day37.html  (not a recognized HTML slideshow)
    ! fail   https://www.math.uh.edu/~jmorgan/Math1431/video/day38new/day38new.html  (not a recognized HTML slideshow)
    ! fail   https://www.math.uh.edu/~jmorgan/Math1431/video/day39a/day39a.html  (not a recognized HTML slideshow)
    + saved  46_Test4_Review.pdf
    + saved  47_More_Test4_review.pdf
    -> saved: 9 new, 0 skip, 0 dup, 38 fail  (https://www.math.uh.edu/~jmorgan/Math1431/)
===== [63/646] =====

### CALC1432 - University of Houston  (ratings=6.0)
    url: https://www.math.uh.edu/~jmorgan/Math1432/
    [found] 122 slide link(s) at reduction 0
    + saved  1_day02.pdf
    + saved  2_day02-4per.pdf
    + saved  3_day02done.pdf
    + saved  4_day02done-4per.pdf
    ! fail   https://www.math.uh.edu/~jmorgan/Math1432/video/day02/day02.html  (not a recognized HTML slideshow)
    + saved  6_day03.pdf
    + saved  7_day03-2per.pdf
    + saved  8_day03done.pdf
    + saved  9_day03done-2per.pdf
    ! fail   https://www.math.uh.edu/~jmorgan/Math1432/video/day03/day03.html  (not a recognized HTML slideshow)
    ! fail   https://www.math.uh.edu/~jmorgan/Math1432/video/day04/day04.html  (not a recognized HTML slideshow)
    ! fail   https://www.math.uh.edu/~jmorgan/Math1432/video/day05/day05.html  (not a recognized HTML slideshow)
    + saved  13_day06.pdf
    + saved  14_day06-4per.pdf
    ! fail   https://www.math.uh.edu/~jmorgan/Math1432/video/day06/day06.html  (not a recognized HTML slideshow)
    + saved  16_day07.pdf
    + saved  17_day07-4per.pdf
    ! fail   https://www.math.uh.edu/~jmorgan/Math1432/video/day07/day07.html  (not a recognized HTML slideshow)
    + saved  19_day08.pdf
    + saved  20_day08-4per.pdf
    ! fail   https://www.math.uh.edu/~jmorgan/Math1432/video/day08/day08.html  (not a recognized HTML slideshow)
    + saved  22_s77help.pdf
    + saved  23_s78help.pdf
    + saved  24_day09.pdf
    + saved  25_day09-4per.pdf
    ! fail   https://www.math.uh.edu/~jmorgan/Math1432/video/day09/day09.html  (not a recognized HTML slideshow)
    + saved  27_day10.pdf
    + saved  28_day10-4per.pdf
    ! fail   https://www.math.uh.edu/~jmorgan/Math1432/video/day10/day10.html  (not a recognized HTML slideshow)
    + saved  30_test2reviewproblems.pdf
    + saved  31_day11.pdf
    + saved  32_day11-4per.pdf
    + saved  33_day12.pdf
    + saved  34_day12-4per.pdf
    ! fail   https://www.math.uh.edu/~jmorgan/Math1432/video/day12/day12.html  (not a recognized HTML slideshow)
    + saved  36_day13.pdf
    + saved  37_day13-4per.pdf
    ! fail   https://www.math.uh.edu/~jmorgan/Math1432/video/day13/day13.html  (not a recognized HTML slideshow)
    + saved  39_day14.pdf
    + saved  40_day14-4per.pdf
    ! fail   https://www.math.uh.edu/~jmorgan/Math1432/video/day14/day14.html  (not a recognized HTML slideshow)
    + saved  42_day15.pdf
    + saved  43_day15-4per.pdf
    + saved  44_day16.pdf
    + saved  45_day16-4per.pdf
    ! fail   https://www.math.uh.edu/~jmorgan/Math1432/video/day16/day16.html  (not a recognized HTML slideshow)
    + saved  47_day17.pdf
    + saved  48_day17-4per.pdf
    ! fail   https://www.math.uh.edu/~jmorgan/Math1432/video/day17/day17.html  (not a recognized HTML slideshow)
    + saved  50_day18.pdf
    + saved  51_day18-4per.pdf
    ! fail   https://www.math.uh.edu/~jmorgan/Math1432/video/day18/day18.html  (not a recognized HTML slideshow)
    + saved  53_day19.pdf
    + saved  54_day19-4per.pdf
    ! fail   https://www.math.uh.edu/~jmorgan/Math1432/video/day19/day19.html  (not a recognized HTML slideshow)
    + saved  56_day20.pdf
    + saved  57_day20-4per.pdf
    ! fail   https://www.math.uh.edu/~jmorgan/Math1432/video/day20/day20.html  (not a recognized HTML slideshow)
    + saved  59_day21.pdf
    + saved  60_day21-4per.pdf
    ! fail   https://www.math.uh.edu/~jmorgan/Math1432/video/day21/day21.html  (not a recognized HTML slideshow)
    + saved  62_day22.pdf
    + saved  63_day22-4per.pdf
    ! fail   https://www.math.uh.edu/~jmorgan/Math1432/video/day22/day22.html  (not a recognized HTML slideshow)
    + saved  65_day23.pdf
    + saved  66_day23-4per.pdf
    + saved  67_day24.pdf
    + saved  68_day24-4per.pdf
    + saved  69_day25.pdf
    + saved  70_day25-4per.pdf
    ! fail   https://www.math.uh.edu/~jmorgan/Math1432/video/day25/day25.html  (not a recognized HTML slideshow)
    + saved  72_day26.pdf
    + saved  73_day26-4per.pdf
    ! fail   https://www.math.uh.edu/~jmorgan/Math1432/video/day26/day26.html  (not a recognized HTML slideshow)
    + saved  75_test3review_problems.pdf
    + saved  76_test3onlinereview.pdf
    + saved  77_day27.pdf
    + saved  78_day27-4per.pdf
    ! fail   https://www.math.uh.edu/~jmorgan/Math1432/video/day27/day27.html  (not a recognized HTML slideshow)
    + saved  80_day28.pdf
    + saved  81_day28-4per.pdf
    ! fail   https://www.math.uh.edu/~jmorgan/Math1432/video/day28/day28.html  (not a recognized HTML slideshow)
    + saved  83_day29.pdf
    + saved  84_day29-4per.pdf
    ! fail   https://www.math.uh.edu/~jmorgan/Math1432/video/day29/day29.html  (not a recognized HTML slideshow)
    + saved  86_day30.pdf
    + saved  87_day30-4per.pdf
    ! fail   https://www.math.uh.edu/~jmorgan/Math1432/video/day30/day30.html  (not a recognized HTML slideshow)
    + saved  89_day31.pdf
    + saved  90_day31-4per.pdf
    ! fail   https://www.math.uh.edu/~jmorgan/Math1432/video/day31/day31.html  (not a recognized HTML slideshow)
    + saved  92_day32.pdf
    + saved  93_day32-4per.pdf
    ! fail   https://www.math.uh.edu/~jmorgan/Math1432/video/day32/day32.html  (not a recognized HTML slideshow)
    + saved  95_day33.pdf
    + saved  96_day33-4per.pdf
    ! fail   https://www.math.uh.edu/~jmorgan/Math1432/video/day33/day33.html  (not a recognized HTML slideshow)
    + saved  98_day34.pdf
    + saved  99_day34-4per.pdf
    ! fail   https://www.math.uh.edu/~jmorgan/Math1432/video/day34/day34.html  (not a recognized HTML slideshow)
    + saved  101_day35.pdf
    + saved  102_day35-4per.pdf
    ! fail   https://www.math.uh.edu/~jmorgan/Math1432/video/day35/day35.html  (not a recognized HTML slideshow)
    + saved  104_test4review_slides.pdf
    + saved  105_day36.pdf
    + saved  106_day36-4per.pdf
    ! fail   https://www.math.uh.edu/~jmorgan/Math1432/video/day36/day36.html  (not a recognized HTML slideshow)
    + saved  108_day37.pdf
    + saved  109_day37-4per.pdf
    + saved  110_day38.pdf
    + saved  111_day38-4per.pdf
    ! fail   https://www.math.uh.edu/~jmorgan/Math1432/video/day38/day38.html  (not a recognized HTML slideshow)
    + saved  113_Test4_online_review.pdf
    + saved  114_day39.pdf
    + saved  115_day39-4per.pdf
    ! fail   https://www.math.uh.edu/~jmorgan/Math1432/video/day39/day39.html  (not a recognized HTML slideshow)
    + saved  117_day40.pdf
    + saved  118_day40-4per.pdf
    + saved  119_day41.pdf
    + saved  120_day41-4per.pdf
    + saved  121_day42.pdf
    + saved  122_day42-4per.pdf
    -> saved: 89 new, 0 skip, 0 dup, 33 fail  (https://www.math.uh.edu/~jmorgan/Math1432/)
===== [64/646] =====

### CALC150 - Xavier University  (ratings=7.0)
    url: https://www.xavier.edu/digital-media-services/faculty-staff/graphic-design/templates
    [found] 4 slide link(s) at reduction 0
    + saved  1_presentation-01.pptx
    + saved  2_presentation-02.pptx
    + saved  3_presentation-03.pptx
    + saved  4_presentation-04.pptx
    -> saved: 4 new, 0 skip, 0 dup, 0 fail  (https://www.xavier.edu/digital-media-services/faculty-staff/graphic-design/templates)
===== [65/646] =====

### CALC1552 - Georgia Institute of Technology  (ratings=12.0)
    url: https://mccuan.math.gatech.edu/courses/1552/
    [found] 1 slide link(s) at reduction 0
    + saved  1_int.pdf
    -> saved: 1 new, 0 skip, 0 dup, 0 fail  (https://mccuan.math.gatech.edu/courses/1552/)
===== [66/646] =====

### CALC21 - Lehigh University  (ratings=11.0)
    url: https://www.lehigh.edu/~dlj0/courses/online-21/content/Contents.html
    [reduce 1] https://www.lehigh.edu/~dlj0/courses/online-21/content/
    [reduce 2] https://www.lehigh.edu/~dlj0/courses/online-21/
    [reduce 3] https://www.lehigh.edu/~dlj0/courses/
    -> no slides found on any reduced URL
===== [67/646] =====

### CALC2202 - Kennesaw State University  (ratings=12.0)
    url: https://facultyweb.kennesaw.edu/ykang4/math2202.php
    [reduce 1] https://facultyweb.kennesaw.edu/ykang4/
    -> no slides found on any reduced URL
===== [68/646] =====

### CALC259 - Carnegie Mellon University  (ratings=13.0)
    url: https://www.math.cmu.edu/~amanita/math259/
    -> no slides found on any reduced URL
===== [69/646] =====

### CALCU1ZB3 - McMaster University  (ratings=5.0)
    url: https://annahuynhly.github.io/pages/teaching/math1aa3_1zb3winter2025.html
    [found] 2 slide link(s) at reduction 0
    + saved  1_calc2_tut9.pdf
    + saved  2_calc2_tut12_slides.pdf
    -> saved: 2 new, 0 skip, 0 dup, 0 fail  (https://annahuynhly.github.io/pages/teaching/math1aa3_1zb3winter2025.html)
===== [70/646] =====

### CAP4053 - University of Florida  (ratings=8.0)
    url: https://github.com/maxkrieger2000/cap4053-student-materials/tree/main/Lecture%20Slides
    [found] 18 slide link(s) at reduction 0
    + saved  1_AI4G-00A_-_History_of_Computer_Games.pptx
    + saved  2_AI4G-00B_-_Game_Design_Fundamentals.pptx
    + saved  3_AI4G-01A_-_AI_Fundamentals.pptx
    + saved  4_AI4G-01B_-_Search_Spaces.pptx
    + saved  5_AI4G-02A_-_Breadth-First_Searches.pptx
    + saved  6_AI4G-02B_-_Optimal-Cost_Search.pptx
    + saved  7_AI4G-03A_-_Search_Graphs.pptx
    + saved  8_AI4G-03B_-_Graph_Optimizations.pptx
    + saved  9_AI4G-04A_-_Other_Search_Techniques.pptx
    + saved  10_AI4G-04B_-_Genetic_Algorithms.pptx
    + saved  11_AI4G-05_-_Steering_Behaviors.pptx
    + saved  12_AI4G-06_-_Game_Playing.pptx
    + saved  13_AI4G-07_-_Decision-Making_Fundamentals.pptx
    + saved  14_AI4G-08A_-_Irrational_Agents.pptx
    + saved  15_AI4G-08B_-_Utility_Risk.pptx
    + saved  16_AI4G-09A_-_Rule-Based_Systems.pptx
    + saved  17_AI4G-09B_-_Neural_Networks.pptx
    + saved  18_AI4G-09C_-_Influence_Maps.pptx
    -> saved: 18 new, 0 skip, 0 dup, 0 fail  (https://github.com/maxkrieger2000/cap4053-student-materials/tree/main/Lecture%20Slides)
===== [71/646] =====

### CAP4601 - Florida State University  (ratings=5.0)
    url: https://www.cs.fsu.edu/~lacher/courses/CAP4601/ch1_files/slide0012.htm
    [fetch] status=403
    [reduce 1] https://www.cs.fsu.edu/~lacher/courses/CAP4601/ch1_files/
    [fetch] status=403
    [reduce 2] https://www.cs.fsu.edu/~lacher/courses/CAP4601/
    [fetch] status=403
    [reduce 3] https://www.cs.fsu.edu/~lacher/courses/
    [fetch] status=403
    -> no slides found on any reduced URL
===== [72/646] =====

### CAP5510 - University of Florida  (ratings=12.0)
    url: https://www.cise.ufl.edu/~tamer/teaching/fall2025/lectures/01-CAP5510.pptx
    [found] 1 slide link(s) at reduction 0
    + saved  1_01-CAP5510.pptx
    -> saved: 1 new, 0 skip, 0 dup, 0 fail  (https://www.cise.ufl.edu/~tamer/teaching/fall2025/lectures/01-CAP5510.pptx)
===== [73/646] =====

### CE3110 - Clemson University  (ratings=5.0)
    url: https://github.com/kunkunworld/ECE3110J-2023SU
    [found] 23 slide link(s) at reduction 0
    + saved  1_SU2023_VE311_Midterm.pdf
    + saved  2_VE311_2023SU_Final.pdf
    + saved  3_VE311_Lecture10_Mosfet.pdf
    + saved  4_VE311_Lecture11_Mosfet_LargeSignal.pdf
    + saved  5_VE311_Lecture12_DiodeConnectedLoad.pdf
    + saved  6_VE311_Lecture13_CS_Variations.pdf
    + saved  7_VE311_Lecture14_SourceFollower.pdf
    + saved  8_VE311_Lecture15_EF_CG.pdf
    + saved  9_VE311_Lecture16_Cascode_Amps.pdf
    + saved  10_VE311_Lecture17_differential_Amp.pdf
    + saved  11_VE311_Lecture18_Frequency_Domain.pdf
    + saved  12_VE311_Lecture19_Time_Constant_Method.pdf
    + saved  13_VE311_Lecture1_Introduction.pdf
    + saved  14_VE311_Lecture20_Miller_Effect.pdf
    + saved  15_VE311_Lecture2_SemiconductorBasics.pdf
    + saved  16_VE311_Lecture3_Diode.pdf
    + saved  17_VE311_Lecture4_Diode_Circuits.pdf
    + saved  18_VE311_Lecture5_Opamps.pdf
    + saved  19_VE311_Lecture6_Opamp2.pdf
    + saved  20_VE311_Lecture7_BJT.pdf
    + saved  21_VE311_Lecture8_BJT_Circuits.pdf
    + saved  22_VE311_Lecture9_BJT_Circuits2.pdf
    + saved  23_VE311_SU24_RC5.pdf
    -> saved: 23 new, 0 skip, 0 dup, 0 fail  (https://github.com/kunkunworld/ECE3110J-2023SU)
===== [74/646] =====

### CECS201 - California State University, Long Beach  (ratings=5.0)
    url: https://gozorp.github.io/cecs201-study-hub/
    -> no slides found on any reduced URL
===== [75/646] =====

### CECS378 - California State University, Long Beach  (ratings=31.0)
    url: https://github.com/agiacalone/cecs-378-lecture-slides
    [found] 2 slide link(s) at reduction 0
    ! fail   https://github.com/agiacalone/cecs-378-lecture-slides/blob/main/lecture_2_cryptograpgy.html  (not a recognized HTML slideshow)
    ! fail   https://github.com/agiacalone/cecs-378-lecture-slides/blob/main/lecture_2_cryptograpgy.nb.html  (not a recognized HTML slideshow)
    [retry] links found but none downloaded; reducing further
    [reduce 1] https://github.com/agiacalone/
    [follow] no slides here; checking 9 sub-page(s)
    -> partial: 0 new, 0 skip, 0 dup, 2 fail  (https://github.com/agiacalone/cecs-378-lecture-slides)
===== [76/646] =====

### CEE313 - University of Dayton  (ratings=13.0)
    url: https://ecommons.udayton.edu/cee_hydraulics/
    [follow] no slides here; checking 1 sub-page(s)
    -> no slides found on any reduced URL
===== [77/646] =====

### CEG3120 - Wright State University  (ratings=7.0)
    url: https://github.com/pattonsgirl/CEG3120
    [follow] no slides here; checking 10 sub-page(s)
    [reduce 1] https://github.com/pattonsgirl/
    [follow] no slides here; checking 9 sub-page(s)
    -> no slides found on any reduced URL
===== [78/646] =====

### CEG402 - Wright State University  (ratings=7.0)
    url: https://cecs.wright.edu/~bwang/course/ceg402/Lecture1.ppt
    [found] 1 slide link(s) at reduction 0
    + saved  1_Lecture1.ppt
    -> saved: 1 new, 0 skip, 0 dup, 0 fail  (https://cecs.wright.edu/~bwang/course/ceg402/Lecture1.ppt)
===== [79/646] =====

### CEM141 - Michigan State University  (ratings=144.0)
    url: https://www2.chemistry.msu.edu/faculty/geiger/cem141lect1-4.pdf
    [found] 1 slide link(s) at reduction 0
    + saved  1_cem141lect1-4.pdf
    -> saved: 1 new, 0 skip, 0 dup, 0 fail  (https://www2.chemistry.msu.edu/faculty/geiger/cem141lect1-4.pdf)
===== [80/646] =====

### CEM151 - Michigan State University  (ratings=34.0)
    url: https://www2.chemistry.msu.edu/courses/cem151/lecturesched.htm
    [found] 22 slide link(s) at reduction 0
    + saved  1_chap1lect_2016.pdf
    + saved  2_chap1lect_2016.ppt
    ! fail   https://www2.chemistry.msu.edu/courses/cem151/Chapter%25252525252525252525252525252525252525252525252525203probs.pdf  (http 404)
    + saved  4_chap3lect_2009.pdf
    + saved  5_chap3lect_2009.ppt
    ! fail   https://www2.chemistry.msu.edu/courses/cem151/Chapter%25252525252525252525252525252525252525252525252525204probs.pdf  (http 404)
    + saved  7_chap5lect_2016.pdf
    ! fail   https://www2.chemistry.msu.edu/courses/cem151/Chapter%25252525252525252525252525252525252525252525252525205probs.pdf  (http 404)
    + saved  9_Nobel_2009.ppt
    ! fail   https://www2.chemistry.msu.edu/courses/cem151/Chapter%25252525252525252525252525252525252525252525252525206probs.pdf  (http 404)
    + saved  11_chap7lect_2013.pdf
    ! fail   https://www2.chemistry.msu.edu/courses/cem151/Chapter%25252525252525252525252525252525252525252525252525207probs.pdf  (http 404)
    + saved  13_chap8lect_2015.ppt
    + saved  14_chap8lect_2015.pdf
    ! fail   https://www2.chemistry.msu.edu/courses/cem151/Chapter%25252525252525252525252525252525252525252525252525208probs.pdf  (http 404)
    + saved  16_chap9lect_2013.ppt
    + saved  17_chap9lect_2013.pdf
    ! fail   https://www2.chemistry.msu.edu/courses/cem151/Chapter%25252525252525252525252525252525252525252525252525209probs.pdf  (http 404)
    + saved  19_chap24lect_2009.pdf
    ! fail   https://www2.chemistry.msu.edu/courses/cem151/Chapter%252525252525252525252525252525252525252525252525252024probs.pdf  (http 404)
    + saved  21_chap25_lect2016.pdf
    ! fail   https://www2.chemistry.msu.edu/courses/cem151/Chapter%252525252525252525252525252525252525252525252525252025probs.pdf  (http 404)
    -> saved: 13 new, 0 skip, 0 dup, 9 fail  (https://www2.chemistry.msu.edu/courses/cem151/lecturesched.htm)
===== [81/646] =====

### CEN4010 - Florida International University  (ratings=21.0)
    url: https://users.cs.fiu.edu/~clarkep/courses/Fall2005/cen4010/syllabus.html
    [reduce 1] https://users.cs.fiu.edu/~clarkep/courses/Fall2005/cen4010/
    [reduce 2] https://users.cs.fiu.edu/~clarkep/courses/Fall2005/
    [reduce 3] https://users.cs.fiu.edu/~clarkep/courses/
    -> no slides found on any reduced URL
===== [82/646] =====

### CENG255 - University of Victoria  (ratings=22.0)
    url: https://www.ece.uvic.ca/~kinli/home.htm
    [found] 11 slide link(s) at reduction 0
    ! fail   https://www.ece.uvic.ca/~kinli/InClassNotes-for-Test3.pdf  (http 404)
    ! fail   https://www.ece.uvic.ca/~kinli/ECE255-202209-Lab2.pdf  (http 404)
    ! fail   https://www.ece.uvic.ca/~kinli/1-ECE255-202209-LECTURE-PLAN-revised-v2.pdf  (http 404)
    ! fail   https://www.ece.uvic.ca/~kinli/1-ECE255-202209-LECTURE-PLAN-revised.pdf  (http 404)
    ! fail   https://www.ece.uvic.ca/~kinli/ECE255-202209-Lab1.pdf  (http 404)
    ! fail   https://www.ece.uvic.ca/~kinli/ECE255-202209-Lab0.pdf  (http 404)
    ! fail   https://www.ece.uvic.ca/~kinli/InClassNotes-Sep13-14-16.pdf  (http 404)
    ! fail   https://www.ece.uvic.ca/~kinli/InClassNotes-Sep9-Introduction_22.pdf  (http 404)
    ! fail   https://www.ece.uvic.ca/~kinli/ECE 255 LECTURE PLAN 2019.pdf  (http 404)
    ! fail   https://www.ece.uvic.ca/~kinli/1-ECE255-202209-LECTURE-PLAN.pdf  (http 404)
    ! fail   https://www.ece.uvic.ca/~kinli/1-ECE255 LECTURE PLAN 2021.pdf  (http 404)
    [retry] links found but none downloaded; reducing further
    -> partial: 0 new, 0 skip, 0 dup, 11 fail  (https://www.ece.uvic.ca/~kinli/home.htm)
===== [83/646] =====

### CGS1100 - Florida Gulf Coast University  (ratings=92.0)
    url: http://ruby.fgcu.edu/courses/mhepp/cgs1100-1a.pdf
    [found] 1 slide link(s) at reduction 0
    + saved  1_cgs1100-1a.pdf
    -> saved: 1 new, 0 skip, 0 dup, 0 fail  (http://ruby.fgcu.edu/courses/mhepp/cgs1100-1a.pdf)
===== [84/646] =====

### CH1020 - Worcester Polytechnic Institute  (ratings=54.0)
    url: https://github.com/Mcdonoughd/CH1020/tree/master/Class%20Slides/Lecture%20Slides
    [found] 5 slide link(s) at reduction 0
    + saved  1_Lecture_1.pdf
    + saved  2_Lecture_2.pdf
    + saved  3_Lecture_4.pdf
    + saved  4_Lecture_5.pdf
    + saved  5_Lecture_6.pdf
    -> saved: 5 new, 0 skip, 0 dup, 0 fail  (https://github.com/Mcdonoughd/CH1020/tree/master/Class%20Slides/Lecture%20Slides)
===== [85/646] =====

### CH1311 - University of Ottawa  (ratings=9.0)
    url: https://mysite.science.uottawa.ca/astamant/index_CHM1311-G.html
    [found] 1 slide link(s) at reduction 0
    + saved  1_vsepr-english.ppt
    -> saved: 1 new, 0 skip, 0 dup, 0 fail  (https://mysite.science.uottawa.ca/astamant/index_CHM1311-G.html)
===== [86/646] =====

### CH141 - Colby College  (ratings=35.0)
    url: https://web.colby.edu/ch141/
    [fetch] status=403
    -> no slides found on any reduced URL
===== [87/646] =====

### CH142 - Colby College  (ratings=5.0)
    url: https://web.colby.edu/ch142/lecture-notes/
    [fetch] status=403
    [reduce 1] https://web.colby.edu/ch142/
    [fetch] status=403
    -> no slides found on any reduced URL
===== [88/646] =====

### CH204 - University of Texas at Austin  (ratings=108.0)
    url: http://anderson.cm.utexas.edu/courses/ch204/ppts.html
    [found] 11 slide link(s) at reduction 0
    + saved  1_CH204Lecture0.pdf
    + saved  2_CH204Lecture1.pdf
    + saved  3_CH204Lecture2.pdf
    + saved  4_CH204Lecture3.pdf
    + saved  5_CH204Lecture4.pdf
    + saved  6_CH204Lecture5.pdf
    + saved  7_CH204Lecture6.pdf
    + saved  8_CH204Lecture7.pdf
    + saved  9_CH204Lecture8.pdf
    + saved  10_CH204Lecture9.pdf
    + saved  11_CH204Lecture10.pdf
    -> saved: 11 new, 0 skip, 0 dup, 0 fail  (http://anderson.cm.utexas.edu/courses/ch204/ppts.html)
===== [89/646] =====

### CH231H - Oregon State University  (ratings=15.0)
    url: http://gable.chemistry.oregonstate.edu/content/ch-231h/
    [reduce 1] http://gable.chemistry.oregonstate.edu/content/
    -> no slides found on any reduced URL
===== [90/646] =====

### CH242 - Colby College  (ratings=13.0)
    url: https://www.colby.edu/chemistry/CH242/CH242%20Lecture.html
    [fetch] status=403
    [reduce 1] https://www.colby.edu/chemistry/CH242/
    [fetch] status=403
    [reduce 2] https://www.colby.edu/chemistry/
    [fetch] status=403
    -> no slides found on any reduced URL
===== [91/646] =====

### CH310M - University of Texas at Austin  (ratings=11.0)
    url: http://anslyn.cm.utexas.edu/courses/ch310n/Site/Class_Handouts.html
    [found] 2 slide link(s) at reduction 0
    + saved  1_Chapter_19_Retrosynthetic_Flashcards.pdf
    + saved  2_Slides_for_Anslyn_s_Class_May_2010_Sessler.ppt
    -> saved: 2 new, 0 skip, 0 dup, 0 fail  (http://anslyn.cm.utexas.edu/courses/ch310n/Site/Class_Handouts.html)
===== [92/646] =====

### CH320M - University of Texas at Austin  (ratings=449.0)
    url: http://iverson.cm.utexas.edu/courses/310M/Index.html
    [follow] no slides here; checking 2 sub-page(s)
    [found] 1 slide link(s) at reduction 0
    + saved  1_Mechanism_Sheets_Through_2nd_Midterm_2025.pdf
    -> saved: 1 new, 0 skip, 0 dup, 0 fail  (http://iverson.cm.utexas.edu/courses/310M/Index.html)
===== [93/646] =====

### CH320N - University of Texas at Austin  (ratings=645.0)
    url: https://iverson.cm.utexas.edu/courses/310N/MainPagesSp06/Handouts.html
    [reduce 1] https://iverson.cm.utexas.edu/courses/310N/MainPagesSp06/
    [found] 1 slide link(s) at reduction 1
    ! fail   https://iverson.cm.utexas.edu/courses/310N/MainPagesSp06/Introduction%20to%20NMR%20Lectures.html  (not a recognized HTML slideshow)
    [retry] links found but none downloaded; reducing further
    [reduce 2] https://iverson.cm.utexas.edu/courses/310N/
    [found] 1 slide link(s) at reduction 2
    + saved  1_Spring_25.pdf
    -> saved: 1 new, 0 skip, 0 dup, 0 fail  (https://iverson.cm.utexas.edu/courses/310N/)
===== [94/646] =====

### CHE179 - Lehigh University  (ratings=7.0)
    url: https://learning.lehigh.edu/citl
    [follow] no slides here; checking 1 sub-page(s)
    [found] 3 slide link(s) at reduction 0
    + saved  1_open.pdf
    + saved  2_open.pdf
    + saved  3_view.pdf
    -> saved: 3 new, 0 skip, 0 dup, 0 fail  (https://learning.lehigh.edu/citl)
===== [95/646] =====

### CHE220 - Penn State University  (ratings=21.0)
    url: https://sites.psu.edu/fcet/lecture-notes/
    [found] 23 slide link(s) at reduction 0
    + saved  1_L1.pdf
    + saved  2_L2.pdf
    + saved  3_L3.pdf
    + saved  4_L4.pdf
    + saved  5_L5.pdf
    + saved  6_L6.pdf
    + saved  7_L7.pdf
    + saved  8_L8.pdf
    + saved  9_L9.pdf
    + saved  10_L10.pdf
    + saved  11_L11.pdf
    + saved  12_L12.pdf
    + saved  13_L13.pdf
    + saved  14_L14.pdf
    + saved  15_L15.pdf
    + saved  16_L16.pdf
    + saved  17_L17.pdf
    + saved  18_L18.pdf
    + saved  19_L19.pdf
    + saved  20_L20.pdf
    + saved  21_L21.pdf
    + saved  22_L22.pdf
    + saved  23_L23.pdf
    -> saved: 23 new, 0 skip, 0 dup, 0 fail  (https://sites.psu.edu/fcet/lecture-notes/)
===== [96/646] =====

### CHE230ORGO - DePaul University  (ratings=14.0)
    url: https://condor.depaul.edu/~kthompso/mgt300/lecturenotes/
    [found] 18 slide link(s) at reduction 0
    ! fail   https://condor.depaul.edu/~kthompso/mgt300/lecturenotes/ses1.htm  (not a recognized HTML slideshow)
    + saved  2_ses1.ppt
    ! fail   https://condor.depaul.edu/~kthompso/mgt300/lecturenotes/ses2.htm  (not a recognized HTML slideshow)
    + saved  4_ses2.ppt
    ! fail   https://condor.depaul.edu/~kthompso/mgt300/lecturenotes/ses3.htm  (not a recognized HTML slideshow)
    + saved  6_ses3.ppt
    ! fail   https://condor.depaul.edu/~kthompso/mgt300/lecturenotes/ses5.htm  (not a recognized HTML slideshow)
    + saved  8_ses5.ppt
    ! fail   https://condor.depaul.edu/~kthompso/mgt300/lecturenotes/ses6.htm  (not a recognized HTML slideshow)
    + saved  10_ses6.ppt
    ! fail   https://condor.depaul.edu/~kthompso/mgt300/lecturenotes/ses7.htm  (not a recognized HTML slideshow)
    + saved  12_ses7.ppt
    ! fail   https://condor.depaul.edu/~kthompso/mgt300/lecturenotes/ses8.htm  (not a recognized HTML slideshow)
    + saved  14_ses8.ppt
    ! fail   https://condor.depaul.edu/~kthompso/mgt300/lecturenotes/ses9.htm  (not a recognized HTML slideshow)
    + saved  16_ses9.ppt
    ! fail   https://condor.depaul.edu/~kthompso/mgt300/lecturenotes/ses10.htm  (not a recognized HTML slideshow)
    + saved  18_ses10.ppt
    -> saved: 9 new, 0 skip, 0 dup, 9 fail  (https://condor.depaul.edu/~kthompso/mgt300/lecturenotes/)
===== [97/646] =====

### CHE320 - Penn State University  (ratings=6.0)
    url: https://sites.psu.edu/fcet/lecture-notes/
    [found] 23 slide link(s) at reduction 0
    + saved  1_L1.pdf
    + saved  2_L2.pdf
    + saved  3_L3.pdf
    + saved  4_L4.pdf
    + saved  5_L5.pdf
    + saved  6_L6.pdf
    + saved  7_L7.pdf
    + saved  8_L8.pdf
    + saved  9_L9.pdf
    + saved  10_L10.pdf
    + saved  11_L11.pdf
    + saved  12_L12.pdf
    + saved  13_L13.pdf
    + saved  14_L14.pdf
    + saved  15_L15.pdf
    + saved  16_L16.pdf
    + saved  17_L17.pdf
    + saved  18_L18.pdf
    + saved  19_L19.pdf
    + saved  20_L20.pdf
    + saved  21_L21.pdf
    + saved  22_L22.pdf
    + saved  23_L23.pdf
    -> saved: 23 new, 0 skip, 0 dup, 0 fail  (https://sites.psu.edu/fcet/lecture-notes/)
===== [98/646] =====

### CHEM001A - University of California, Irvine  (ratings=198.0)
    url: https://open.uci.edu/courses/chem_1a_general_chemistry.html
    [found] 23 slide link(s) at reduction 0
    ! fail   https://open.uci.edu/lectures.html  (not a recognized HTML slideshow)
    ! fail   https://open.uci.edu/lectures/chem_1a_lec_01_general_chemistry_introduction_to_general_chemistry.html  (not a recognized HTML slideshow)
    ! fail   https://open.uci.edu/lectures/chem_1a_lec_02_general_chemistry_acids__covalent_nomenclaturemole_masses__energy.html  (not a recognized HTML slideshow)
    ! fail   https://open.uci.edu/lectures/chem_1a_lec_03_general_chemistry_introduction_to_quantum_mechanics.html  (not a recognized HTML slideshow)
    ! fail   https://open.uci.edu/lectures/chem_1a_lec_04_general_chemistry_wavelengths.html  (not a recognized HTML slideshow)
    ! fail   https://open.uci.edu/lectures/chem_1a_lec_05_general_chemistry_emission_spectra.html  (not a recognized HTML slideshow)
    ! fail   https://open.uci.edu/lectures/chem_1a_lec_06_general_chemistry_quantum_numbers.html  (not a recognized HTML slideshow)
    ! fail   https://open.uci.edu/lectures/chem_1a_lec_07_general_chemistry_periodic_trends_continued.html  (not a recognized HTML slideshow)
    ! fail   https://open.uci.edu/lectures/chem_1a_lec_08_general_chemistry_chemical_bonds.html  (not a recognized HTML slideshow)
    ! fail   https://open.uci.edu/lectures/chem_1a_lec_09_general_chemistry_breaking_the_octet_rule.html  (not a recognized HTML slideshow)
    ! fail   https://open.uci.edu/lectures/chem_1a_lec_10_general_chemistry_polarizing_power_and_covalent_character.html  (not a recognized HTML slideshow)
    ! fail   https://open.uci.edu/lectures/chem_1a_lec_11_general_chemistry_dipole_moment.html  (not a recognized HTML slideshow)
    ! fail   https://open.uci.edu/lectures/chem_1a_lec_12_general_chemistry_two_theories_of_bonding.html  (not a recognized HTML slideshow)
    ! fail   https://open.uci.edu/lectures/chem_1a_lec_13_general_chemistry_hybridization_examples_and_mo_diagram_introduction.html  (not a recognized HTML slideshow)
    ! fail   https://open.uci.edu/lectures/chem_1a_lec_14_general_chemistry_molecular_orbital_theory.html  (not a recognized HTML slideshow)
    ! fail   https://open.uci.edu/lectures/chem_1a_lec_15_general_chemistry_molecular_orbital_theory_part_2.html  (not a recognized HTML slideshow)
    ! fail   https://open.uci.edu/lectures/chem_1a_lec_16_general_chemistry_dipole_forces_dispersion_forces.html  (not a recognized HTML slideshow)
    ! fail   https://open.uci.edu/lectures/chem_1a_lec_17_general_chemistry_review.html  (not a recognized HTML slideshow)
    ! fail   https://open.uci.edu/lectures/chem_1a_lec_18_general_chemistry_gas_laws_part_1.html  (not a recognized HTML slideshow)
    ! fail   https://open.uci.edu/lectures/chem_1a_lec_19_general_chemistry_gas_laws_part_2.html  (not a recognized HTML slideshow)
    ! fail   https://open.uci.edu/lectures/chem_1a_lec_20_general_chemistry_daltons_law_of_partial_pressures.html  (not a recognized HTML slideshow)
    ! fail   https://open.uci.edu/lectures/chem_1a_lec_21_general_chemistry_kinetic_molecular_theory.html  (not a recognized HTML slideshow)
    ! fail   https://open.uci.edu/lectures/chem_1a_lec_22_general_chemistry_effusion_continued_and_real_gasses.html  (not a recognized HTML slideshow)
    [retry] links found but none downloaded; reducing further
    [reduce 1] https://open.uci.edu/courses/
    [fetch] status=403
    -> partial: 0 new, 0 skip, 0 dup, 23 fail  (https://open.uci.edu/courses/chem_1a_general_chemistry.html)
===== [99/646] =====

### CHEM001B - University of California, Irvine  (ratings=68.0)
    url: https://ocw.uci.edu/courses/chem_1b_general_chemistry.html
    [found] 17 slide link(s) at reduction 0
    ! fail   https://ocw.uci.edu/lectures.html  (not a recognized HTML slideshow)
    ! fail   https://ocw.uci.edu/lectures/chem_1b_lec_01_general_chemistry_winter_2013_intermolecular_forces_liquids__solids_part_1.html  (not a recognized HTML slideshow)
    ! fail   https://ocw.uci.edu/lectures/chem_1b_lec_02_general_chemistry_winter_2013_intermolecular_forces_liquids__solids_part_2.html  (not a recognized HTML slideshow)
    ! fail   https://ocw.uci.edu/lectures/chem_1b_lec_03_general_chemistry_winter_2013_intermolecular_forcesreal_world_examples.html  (not a recognized HTML slideshow)
    ! fail   https://ocw.uci.edu/lectures/chem_1b_lec_04_general_chemistry_winter_2013_intermolecular_forces_liquids__solids_part_4.html  (not a recognized HTML slideshow)
    ! fail   https://ocw.uci.edu/lectures/chem_1b_lec_05_general_chemistry_winter_2013_thermodynamics__first_law_part_1.html  (not a recognized HTML slideshow)
    ! fail   https://ocw.uci.edu/lectures/chem_1b_lec_06_general_chemistry_winter_2013_thermodynamics__first_law_part_2.html  (not a recognized HTML slideshow)
    ! fail   https://ocw.uci.edu/lectures/chem_1b_lec_07_general_chemistry_winter_2013_thermodynamics__second__third_law_part_1.html  (not a recognized HTML slideshow)
    ! fail   https://ocw.uci.edu/lectures/chem_1b_lec_08_general_chemistry_winter_2013_thermodynamics__second__thrid_law_part_2.html  (not a recognized HTML slideshow)
    ! fail   https://ocw.uci.edu/lectures/chem_1b_lec_09_general_chemistry_winter_2013_thermodynamics__second__third_law_part_3.html  (not a recognized HTML slideshow)
    ! fail   https://ocw.uci.edu/lectures/chem_1b_lec_10_general_chemistry_winter_2013_physical_equilibrium_part_1.html  (not a recognized HTML slideshow)
    ! fail   https://ocw.uci.edu/lectures/chem_1b_lec_11_general_chemistry_winter_2013_global_warming__why_when_and_how.html  (not a recognized HTML slideshow)
    ! fail   https://ocw.uci.edu/lectures/chem_1b_lec_12_general_chemistry_winter_2013_physical_equilibrium_part_2.html  (not a recognized HTML slideshow)
    ! fail   https://ocw.uci.edu/lectures/chem_1b_lec_13_general_chemistry_winter_2013_physical_equilibirum_part_3.html  (not a recognized HTML slideshow)
    ! fail   https://ocw.uci.edu/lectures/chem_1b_lec_14_general_chemistry_winter_2013_chemical_equilibrium_part_1.html  (not a recognized HTML slideshow)
    ! fail   https://ocw.uci.edu/lectures/chem_1b_lec_15_general_chemistry_winter_2013_chemical_equilibrium_part_2.html  (not a recognized HTML slideshow)
    ! fail   https://ocw.uci.edu/lectures/chem_1b_lec_16_general_chemistry_winter_2013_chemical_equilibrium_part_3.html  (not a recognized HTML slideshow)
    [retry] links found but none downloaded; reducing further
    [reduce 1] https://ocw.uci.edu/courses/
    [fetch] status=403
    -> partial: 0 new, 0 skip, 0 dup, 17 fail  (https://ocw.uci.edu/courses/chem_1b_general_chemistry.html)
===== [100/646] =====

### CHEM001C - University of California, Irvine  (ratings=33.0)
    url: https://open.uci.edu/courses/chem_1c_general_chemistry.html
    [found] 25 slide link(s) at reduction 0
    ! fail   https://open.uci.edu/lectures.html  (not a recognized HTML slideshow)
    ! fail   https://open.uci.edu/lectures/chem_1c_lec_01_general_chemistry_chemical_equilibrium_pt_1.html  (not a recognized HTML slideshow)
    ! fail   https://open.uci.edu/lectures/chem_1c_lec_02_general_chemistry_chemical_equilibrium_pt_2.html  (not a recognized HTML slideshow)
    ! fail   https://open.uci.edu/lectures/chem_1c_lec_03_general_chemistry_chemical_equilibrium_pt_3.html  (not a recognized HTML slideshow)
    ! fail   https://open.uci.edu/lectures/chem_1c_lec_04_general_chemistry_acids_and_bases_pt_1.html  (not a recognized HTML slideshow)
    ! fail   https://open.uci.edu/lectures/chem_1c_lec_05_general_chemistry_acids_and_bases_pt_2.html  (not a recognized HTML slideshow)
    ! fail   https://open.uci.edu/lectures/chem_1c_lec_06_general_chemistry_acids_and_bases_pt_3.html  (not a recognized HTML slideshow)
    ! fail   https://open.uci.edu/lectures/chem_1c_lec_07_general_chemistry_acids_and_bases_pt_4.html  (not a recognized HTML slideshow)
    ! fail   https://open.uci.edu/lectures/chem_1c_lec_08_general_chemistry_acids_and_bases_pt_5.html  (not a recognized HTML slideshow)
    ! fail   https://open.uci.edu/lectures/chem_1c_lec_09_general_chemistry_acids_and_bases_pt_6.html  (not a recognized HTML slideshow)
    ! fail   https://open.uci.edu/lectures/chem_1c_lec_12_general_chemistry_aqueous_equlibria_pt_1.html  (not a recognized HTML slideshow)
    ! fail   https://open.uci.edu/lectures/chem_1c_lec_13_general_chemistry_aqueous_equilibria_pt_2.html  (not a recognized HTML slideshow)
    ! fail   https://open.uci.edu/lectures/chem_1c_lec_14_general_chemistry_aqueous_equilibria_pt_3.html  (not a recognized HTML slideshow)
    ! fail   https://open.uci.edu/lectures/chem_1c_lec_15_general_chemistry_aqueous_equilibria_pt_4.html  (not a recognized HTML slideshow)
    ! fail   https://open.uci.edu/lectures/chem_1c_lec_16_general_chemistry_electrochemistry_pt_1.html  (not a recognized HTML slideshow)
    ! fail   https://open.uci.edu/lectures/chem_1c_lec_17_general_chemistry_electrochemistry_pt_2.html  (not a recognized HTML slideshow)
    ! fail   https://open.uci.edu/lectures/chem_1c_lec_18_general_chemistry_electrochemistry_pt_3.html  (not a recognized HTML slideshow)
    ! fail   https://open.uci.edu/lectures/chem_1c_lec_19_general_chemistry_electrochemistry_pt_4.html  (not a recognized HTML slideshow)
    ! fail   https://open.uci.edu/lectures/chem_1c_lec_20_general_chemistry_electrochemistry_pt_5.html  (not a recognized HTML slideshow)
    ! fail   https://open.uci.edu/lectures/chem_1c_lec_21_general_chemistry_electrochemistry_pt_6.html  (not a recognized HTML slideshow)
    ! fail   https://open.uci.edu/lectures/chem_1c_lec_22_general_chemistry_chemical_kinetics_pt_1.html  (not a recognized HTML slideshow)
    ! fail   https://open.uci.edu/lectures/chem_1c_lec_23_general_chemistry_chemical_kinetics_pt_2.html  (not a recognized HTML slideshow)
    ! fail   https://open.uci.edu/lectures/chem_1c_lec_24_general_chemistry_chemical_kinetics_pt_3.html  (not a recognized HTML slideshow)
    ! fail   https://open.uci.edu/lectures/chem_1c_lec_25_general_chemistry_chemical_kinetics_pt_4.html  (not a recognized HTML slideshow)
    ! fail   https://open.uci.edu/lectures/chem_1c_lec_26_general_chemistry_chemical_kinetics_pt_5.html  (not a recognized HTML slideshow)
    [retry] links found but none downloaded; reducing further
    [reduce 1] https://open.uci.edu/courses/
    [fetch] status=403
    -> partial: 0 new, 0 skip, 0 dup, 25 fail  (https://open.uci.edu/courses/chem_1c_general_chemistry.html)
===== [101/646] =====

### CHEM008C - University of California, Irvine  (ratings=9.0)
    url: https://ocw.uci.edu/lectures/chem_1p_lec_09_general_chemistry_prep_organic_compounds.html
    [found] 2 slide link(s) at reduction 0
    ! fail   https://ocw.uci.edu/lectures/chem_1p_lec_09_general_chemistry_prep_organic_compounds.html  (not a recognized HTML slideshow)
    ! fail   https://ocw.uci.edu/lectures.html  (not a recognized HTML slideshow)
    [retry] links found but none downloaded; reducing further
    [reduce 1] https://ocw.uci.edu/lectures/
    [fetch] status=403
    -> partial: 0 new, 0 skip, 0 dup, 2 fail  (https://ocw.uci.edu/lectures/chem_1p_lec_09_general_chemistry_prep_organic_compounds.html)
===== [102/646] =====

### CHEM01A - University of California, Irvine  (ratings=6.0)
    url: https://open.uci.edu/courses/chem_1a_general_chemistry.html
    [found] 23 slide link(s) at reduction 0
    ! fail   https://open.uci.edu/lectures.html  (not a recognized HTML slideshow)
    ! fail   https://open.uci.edu/lectures/chem_1a_lec_01_general_chemistry_introduction_to_general_chemistry.html  (not a recognized HTML slideshow)
    ! fail   https://open.uci.edu/lectures/chem_1a_lec_02_general_chemistry_acids__covalent_nomenclaturemole_masses__energy.html  (not a recognized HTML slideshow)
    ! fail   https://open.uci.edu/lectures/chem_1a_lec_03_general_chemistry_introduction_to_quantum_mechanics.html  (not a recognized HTML slideshow)
    ! fail   https://open.uci.edu/lectures/chem_1a_lec_04_general_chemistry_wavelengths.html  (not a recognized HTML slideshow)
    ! fail   https://open.uci.edu/lectures/chem_1a_lec_05_general_chemistry_emission_spectra.html  (not a recognized HTML slideshow)
    ! fail   https://open.uci.edu/lectures/chem_1a_lec_06_general_chemistry_quantum_numbers.html  (not a recognized HTML slideshow)
    ! fail   https://open.uci.edu/lectures/chem_1a_lec_07_general_chemistry_periodic_trends_continued.html  (not a recognized HTML slideshow)
    ! fail   https://open.uci.edu/lectures/chem_1a_lec_08_general_chemistry_chemical_bonds.html  (not a recognized HTML slideshow)
    ! fail   https://open.uci.edu/lectures/chem_1a_lec_09_general_chemistry_breaking_the_octet_rule.html  (not a recognized HTML slideshow)
    ! fail   https://open.uci.edu/lectures/chem_1a_lec_10_general_chemistry_polarizing_power_and_covalent_character.html  (not a recognized HTML slideshow)
    ! fail   https://open.uci.edu/lectures/chem_1a_lec_11_general_chemistry_dipole_moment.html  (not a recognized HTML slideshow)
    ! fail   https://open.uci.edu/lectures/chem_1a_lec_12_general_chemistry_two_theories_of_bonding.html  (not a recognized HTML slideshow)
    ! fail   https://open.uci.edu/lectures/chem_1a_lec_13_general_chemistry_hybridization_examples_and_mo_diagram_introduction.html  (not a recognized HTML slideshow)
    ! fail   https://open.uci.edu/lectures/chem_1a_lec_14_general_chemistry_molecular_orbital_theory.html  (not a recognized HTML slideshow)
    ! fail   https://open.uci.edu/lectures/chem_1a_lec_15_general_chemistry_molecular_orbital_theory_part_2.html  (not a recognized HTML slideshow)
    ! fail   https://open.uci.edu/lectures/chem_1a_lec_16_general_chemistry_dipole_forces_dispersion_forces.html  (not a recognized HTML slideshow)
    ! fail   https://open.uci.edu/lectures/chem_1a_lec_17_general_chemistry_review.html  (not a recognized HTML slideshow)
    ! fail   https://open.uci.edu/lectures/chem_1a_lec_18_general_chemistry_gas_laws_part_1.html  (not a recognized HTML slideshow)
    ! fail   https://open.uci.edu/lectures/chem_1a_lec_19_general_chemistry_gas_laws_part_2.html  (not a recognized HTML slideshow)
    ! fail   https://open.uci.edu/lectures/chem_1a_lec_20_general_chemistry_daltons_law_of_partial_pressures.html  (not a recognized HTML slideshow)
    ! fail   https://open.uci.edu/lectures/chem_1a_lec_21_general_chemistry_kinetic_molecular_theory.html  (not a recognized HTML slideshow)
    ! fail   https://open.uci.edu/lectures/chem_1a_lec_22_general_chemistry_effusion_continued_and_real_gasses.html  (not a recognized HTML slideshow)
    [retry] links found but none downloaded; reducing further
    [reduce 1] https://open.uci.edu/courses/
    [fetch] status=403
    -> partial: 0 new, 0 skip, 0 dup, 23 fail  (https://open.uci.edu/courses/chem_1a_general_chemistry.html)
===== [103/646] =====

### CHEM0320 - University of Pittsburgh  (ratings=94.0)
    url: http://ccc.chem.pitt.edu/wipf/courses/0320_05_files/Notes.html
    [follow] no slides here; checking 1 sub-page(s)
    [reduce 1] http://ccc.chem.pitt.edu/wipf/courses/0320_05_files/
    [fetch] status=403
    [reduce 2] http://ccc.chem.pitt.edu/wipf/courses/
    [fetch] status=403
    [reduce 3] http://ccc.chem.pitt.edu/wipf/
    -> no slides found on any reduced URL
===== [104/646] =====

### CHEM1014 - Oklahoma State University  (ratings=5.0)
    url: https://intro.chem.okstate.edu/1014/menu.html
    [reduce 1] https://intro.chem.okstate.edu/1014/
    -> no slides found on any reduced URL
===== [105/646] =====

### CHEM1020L - Florida International University  (ratings=19.0)
    url: https://sfwsc.fiu.edu/Presentations/SF%20WSC%20PMP%20Slides_Bolson.pptx
    [found] 1 slide link(s) at reduction 0
    + saved  1_SF_WSC_PMP_Slides_Bolson.pptx
    -> saved: 1 new, 0 skip, 0 dup, 0 fail  (https://sfwsc.fiu.edu/Presentations/SF%20WSC%20PMP%20Slides_Bolson.pptx)
===== [106/646] =====

### CHEM109A - University of California, Santa Barbara  (ratings=33.0)
    url: https://labs.chem.ucsb.edu/zakarian/armen/01_02_lecture_01_19_2018ppt.pdf
    [found] 1 slide link(s) at reduction 0
    + saved  1_01_02_lecture_01_19_2018ppt.pdf
    -> saved: 1 new, 0 skip, 0 dup, 0 fail  (https://labs.chem.ucsb.edu/zakarian/armen/01_02_lecture_01_19_2018ppt.pdf)
===== [107/646] =====

### CIS1115 - Brooklyn College  (ratings=31.0)
    url: https://huichen-cs.github.io/course/CISC1115/24SP/syllabus/
    [follow] no slides here; checking 2 sub-page(s)
    [found] 47 slide link(s) at reduction 0
    + saved  1_overviewintrojava.pdf
    + saved  2_helloworldrevisited.pdf
    + saved  3_elementaryinout_1.pdf
    + saved  4_toolsenv.pdf
    + saved  5_elementarynumbers_2.pdf
    + saved  6_elementarysystime_4.pdf
    + saved  7_elementaryerrors_5.pdf
    + saved  8_boolean.pdf
    + saved  9_ifstmt.pdf
    + saved  10_ifstmtex.pdf
    ~ dup    11_ifstmt.pdf
    + saved  12_ifstmtlogicops.pdf
    + saved  13_switchstmt.pdf
    + saved  14_condop.pdf
    + saved  15_oprules.pdf
    + saved  16_whileloopintro.pdf
    + saved  17_whileloopdesign.pdf
    + saved  18_nestedwhileloop.pdf
    + saved  19_fordowhileloops.pdf
    + saved  20_chars.pdf
    + saved  21_string.pdf
    + saved  22_strcharex.pdf
    + saved  23_math.pdf
    + saved  24_format.pdf
    + saved  25_strcharmathex.pdf
    + saved  26_looppitfalls.pdf
    + saved  27_nestedloop.pdf
    + saved  28_breakcontinue.pdf
    + saved  29_loopexamples.pdf
    + saved  30_midterm.pdf
    + saved  31_methodsintro.pdf
    + saved  32_methodsoverload.pdf
    + saved  33_methodsvariables.pdf
    + saved  34_methodsmodule.pdf
    ~ dup    35_methodsmodule.pdf
    + saved  36_methodsdev.pdf
    + saved  37_arrayintro.pdf
    + saved  38_arrayprocess1.pdf
    + saved  39_arrayprocess2.pdf
    + saved  40_arrayprocess3.pdf
    + saved  41_arraymethods.pdf
    + saved  42_arraycmdline.pdf
    + saved  43_arrayprocess4.pdf
    + saved  44_arraysort.pdf
    + saved  45_textfileio.pdf
    + saved  46_arrayfiles.pdf
    + saved  47_array2dintro.pdf
    -> saved: 45 new, 0 skip, 2 dup, 0 fail  (https://huichen-cs.github.io/course/CISC1115/24SP/syllabus/)
===== [108/646] =====

### CIS15 - Brooklyn College  (ratings=41.0)
    url: https://huichen-cs.github.io/course/CISC3115/24SP/syllabus/
    [follow] no slides here; checking 2 sub-page(s)
    [found] 78 slide link(s) at reduction 0
    + saved  1_toolsenv.pdf
    + saved  2_devabc.pdf
    ~ dup    3_toolsenv.pdf
    ~ dup    4_devabc.pdf
    + saved  5_classdef.pdf
    ~ dup    6_classdef.pdf
    ~ dup    7_classdef.pdf
    + saved  8_makeobjs.pdf
    + saved  9_makeclz.pdf
    ~ dup    10_makeobjs.pdf
    + saved  11_visibility.pdf
    + saved  12_thisobject.pdf
    ~ dup    13_visibility.pdf
    + saved  14_methodobjs.pdf
    + saved  15_apidaterandom.pdf
    ~ dup    16_methodobjs.pdf
    + saved  17_apiwrapperstrings.pdf
    + saved  18_thinkingobjs.pdf
    + saved  19_classrelation.pdf
    ~ dup    20_thinkingobjs.pdf
    ~ dup    21_classrelation.pdf
    + saved  22_inheritance.pdf
    ~ dup    23_inheritance.pdf
    ~ dup    24_inheritance.pdf
    ~ dup    25_inheritance.pdf
    + saved  26_objectclass.pdf
    + saved  27_polymorphism.pdf
    + saved  28_dynamicbinding.pdf
    ~ dup    29_objectclass.pdf
    ~ dup    30_polymorphism.pdf
    + saved  31_protected.pdf
    + saved  32_finalmodifier.pdf
    ~ dup    33_dynamicbinding.pdf
    ~ dup    34_protected.pdf
    + saved  35_apiarraylist.pdf
    ~ dup    36_apiarraylist.pdf
    + saved  37_midterm.pdf
    + saved  38_exceptionconcept.pdf
    + saved  39_exceptiondeclthrow.pdf
    + saved  40_exceptionfinally.pdf
    ~ dup    41_exceptiondeclthrow.pdf
    + saved  42_exceptionrethrowing.pdf
    + saved  43_exceptioncallstack.pdf
    + saved  44_customexception.pdf
    + saved  45_exceptionpractice.pdf
    ~ dup    46_customexception.pdf
    + saved  47_pathconcept.pdf
    + saved  48_textfileio_filepath.pdf
    + saved  49_textfileio_more.pdf
    + saved  50_textfileio_exes.pdf
    ~ dup    51_textfileio_more.pdf
    ~ dup    52_textfileio_more.pdf
    + saved  53_absclass.pdf
    + saved  54_interface.pdf
    ~ dup    55_absclass.pdf
    ~ dup    56_absclass.pdf
    + saved  57_apiinterfaces.pdf
    + saved  58_interfaceexes.pdf
    + saved  59_lambdaexpression.pdf
    + saved  60_collectionslist.pdf
    + saved  61_collectionssortsearch.pdf
    ~ dup    62_absclass.pdf
    ~ dup    63_interfaceexes.pdf
    ~ dup    64_interfaceexes.pdf
    ~ dup    65_interfaceexes.pdf
    ~ dup    66_interfaceexes.pdf
    ~ dup    67_interfaceexes.pdf
    ~ dup    68_interfaceexes.pdf
    + saved  69_collectionsset.pdf
    + saved  70_collectionsmap.pdf
    + saved  71_collectionsstackqueue.pdf
    + saved  72_collectionslistexes.pdf
    + saved  73_collectionsstackqueueexes.pdf
    + saved  74_recursionmath.pdf
    + saved  75_recursionstring.pdf
    + saved  76_recursionhelper.pdf
    + saved  77_recursiontail.pdf
    + saved  78_recursionexercises.pdf
    -> saved: 48 new, 0 skip, 30 dup, 0 fail  (https://huichen-cs.github.io/course/CISC3115/24SP/syllabus/)
===== [109/646] =====

### CIS166 - Lehman College  (ratings=8.0)
    url: https://stjohn.github.io/teaching/cmp/cis166/s15.html
    [reduce 1] https://stjohn.github.io/teaching/cmp/cis166/
    [fetch] status=404
    [reduce 2] https://stjohn.github.io/teaching/cmp/
    [reduce 3] https://stjohn.github.io/teaching/
    -> no slides found on any reduced URL
===== [110/646] =====

### CIS200 - Kansas State University  (ratings=42.0)
    url: https://textbooks.cs.ksu.edu/cis200/
    [follow] no slides here; checking 8 sub-page(s)
    -> no slides found on any reduced URL
===== [111/646] =====

### CIS2033 - Temple University  (ratings=5.0)
    url: https://nymph332088.github.io/CIS2033/schedule.html
    [found] 2 slide link(s) at reduction 0
    + saved  1_Chapter2_summary.pdf
    + saved  2_Chapter3_summary.pdf
    -> saved: 2 new, 0 skip, 0 dup, 0 fail  (https://nymph332088.github.io/CIS2033/schedule.html)
===== [112/646] =====

### CIS2166 - Temple University  (ratings=37.0)
    url: https://cis-linux1.temple.edu/~latecki/Courses/CIS2166-Spring25/
    [follow] no slides here; checking 1 sub-page(s)
    [found] 13 slide link(s) at reduction 0
    + saved  1_Chapter3.pptx
    + saved  2_Chapter5.pptx
    + saved  3_ch10.1-3.pptx
    + saved  4_ch10.4.ppt
    + saved  5_ch10.6.pptx
    + saved  6_ch10.5.pptx
    + saved  7_MidtermPrep2025.pdf
    + saved  8_Chapter_1.pptx
    + saved  9_Chapter_2.pptx
    + saved  10_Chapter_5.pptx
    + saved  11_Ch3-4.pptx
    + saved  12_NNv1.pptx
    + saved  13_FinalPrep2025.pdf
    -> saved: 13 new, 0 skip, 0 dup, 0 fail  (https://cis-linux1.temple.edu/~latecki/Courses/CIS2166-Spring25/)
===== [113/646] =====

### CIS301 - Kansas State University  (ratings=10.0)
    url: https://textbooks.cs.ksu.edu/cis301
    -> no slides found on any reduced URL
===== [114/646] =====

### CIS308 - Kansas State University  (ratings=15.0)
    url: https://textbooks.cs.ksu.edu/cis308
    -> no slides found on any reduced URL
===== [115/646] =====

### CIS331 - Lehman College  (ratings=6.0)
    url: https://www.lehman.edu/academics/courses.php
    [follow] no slides here; checking 15 sub-page(s)
    [found] 3 slide link(s) at reduction 0
    + saved  1_Summer-2026-Academic-Calendar-Session-N.pdf
    + saved  2_Fall-2026-7-Week-Session-1-Graduate-Academic-Calendar.pdf
    + saved  3_Fall-2026-7-Week-Session-2-Graduate-Academic-Calendar.pdf
    -> saved: 3 new, 0 skip, 0 dup, 0 fail  (https://www.lehman.edu/academics/courses.php)
===== [116/646] =====

### CIS335 - Eastern Michigan University  (ratings=6.0)
    url: https://rahatibnrafiq.github.io/cis335/
    [found] 12 slide link(s) at reduction 0
    ! fail   https://drive.google.com/drive/folders/1BnjV_1sPjtAg0D85ocPDhGozX_FXD4k2?usp=sharing  (html response, not a file)
    ! fail   https://drive.google.com/drive/folders/1l1-k2PxIQ3Zo7zgQREKn2kfMc9nUnCHK?usp=sharing  (html response, not a file)
    ! fail   https://drive.google.com/drive/folders/1iBr4rB7pT_jS8m2ozWVzvDEP7-oI3Uq6?usp=sharing  (html response, not a file)
    ! fail   https://drive.google.com/drive/folders/1lsFiH9GvkLwoMwJDY0uFvo7xqYSKZkuP?usp=sharing  (html response, not a file)
    ! fail   https://drive.google.com/drive/folders/1mgCPAeL8w7rlmCuxZVrQRwcXiJC-GMBQ?usp=sharing  (html response, not a file)
    ! fail   https://drive.google.com/drive/folders/1mnUa4Oo-iOV352Dw9dt-yf94ZUbsPWQI?usp=sharing  (html response, not a file)
    ! fail   https://drive.google.com/drive/folders/1mtHnsUmnm53Lpx_CAKIn8F7w0AfhH06Q?usp=sharing  (html response, not a file)
    ! fail   https://drive.google.com/drive/folders/1oLx9goDsfbs5CPZeQ8JD916I3VzRGxbs?usp=sharing  (html response, not a file)
    ! fail   https://drive.google.com/drive/folders/1q_1Q9H8u42QXs48-UXfKW7y7JtsCt5xI?usp=drive_link  (html response, not a file)
    ! fail   https://drive.google.com/drive/folders/1rYtsqy4SOQxpQ1HU8u4JORP8px1dFXcg?usp=sharing  (html response, not a file)
    ! fail   https://drive.google.com/drive/folders/1oz-oWD59Png9UQZ2NHTBxCDQgoxgIaus?usp=sharing  (html response, not a file)
    ! fail   https://drive.google.com/drive/folders/1t5wuRLA9q66XeWdCoDtkkNScrdlljwat?usp=sharing  (html response, not a file)
    [retry] links found but none downloaded; reducing further
    -> partial: 0 new, 0 skip, 0 dup, 12 fail  (https://rahatibnrafiq.github.io/cis335/)
===== [117/646] =====

### CIS344 - Lehman College  (ratings=6.0)
    url: https://www.lehman.edu/academics/courses.php
    [follow] no slides here; checking 15 sub-page(s)
    [found] 3 slide link(s) at reduction 0
    + saved  1_Summer-2026-Academic-Calendar-Session-N.pdf
    + saved  2_Fall-2026-7-Week-Session-1-Graduate-Academic-Calendar.pdf
    + saved  3_Fall-2026-7-Week-Session-2-Graduate-Academic-Calendar.pdf
    -> saved: 3 new, 0 skip, 0 dup, 0 fail  (https://www.lehman.edu/academics/courses.php)
===== [118/646] =====

### CIS3550 - Baruch College  (ratings=15.0)
    url: https://academicworks.cuny.edu/bb_oers/5/
    [follow] no slides here; checking 3 sub-page(s)
    [reduce 1] https://academicworks.cuny.edu/bb_oers/
    [follow] no slides here; checking 21 sub-page(s)
    -> no slides found on any reduced URL
===== [119/646] =====

### CIS502 - University of Pennsylvania  (ratings=7.0)
    url: https://github.com/nachonavarro/cis502-notes
    [follow] no slides here; checking 9 sub-page(s)
    [reduce 1] https://github.com/nachonavarro/
    [follow] no slides here; checking 9 sub-page(s)
    -> no slides found on any reduced URL
===== [120/646] =====

### CIS55 - Temple University  (ratings=67.0)
    url: https://cis.temple.edu/~pwang/5511-PT/5511-index.htm
    [found] 13 slide link(s) at reduction 0
    ! fail   https://cis.temple.edu/~pwang/5511-PT/Lecture/5511-01.htm  (not a recognized HTML slideshow)
    ! fail   https://cis.temple.edu/~pwang/5511-PT/Lecture/5511-02.htm  (not a recognized HTML slideshow)
    ! fail   https://cis.temple.edu/~pwang/5511-PT/Lecture/5511-03.htm  (not a recognized HTML slideshow)
    ! fail   https://cis.temple.edu/~pwang/5511-PT/Lecture/5511-04.htm  (not a recognized HTML slideshow)
    ! fail   https://cis.temple.edu/~pwang/5511-PT/Lecture/5511-05.htm  (not a recognized HTML slideshow)
    ! fail   https://cis.temple.edu/~pwang/5511-PT/Lecture/5511-06.htm  (not a recognized HTML slideshow)
    ! fail   https://cis.temple.edu/~pwang/5511-PT/Lecture/5511-07.htm  (not a recognized HTML slideshow)
    ! fail   https://cis.temple.edu/~pwang/5511-PT/Lecture/5511-08.htm  (not a recognized HTML slideshow)
    ! fail   https://cis.temple.edu/~pwang/5511-PT/Lecture/5511-09.htm  (not a recognized HTML slideshow)
    ! fail   https://cis.temple.edu/~pwang/5511-PT/Lecture/5511-10.htm  (not a recognized HTML slideshow)
    ! fail   https://cis.temple.edu/~pwang/5511-PT/Lecture/5511-11.htm  (not a recognized HTML slideshow)
    ! fail   https://cis.temple.edu/~pwang/5511-PT/Lecture/5511-12.htm  (not a recognized HTML slideshow)
    ! fail   https://cis.temple.edu/~pwang/5511-PT/Lecture/5511-13.htm  (not a recognized HTML slideshow)
    [retry] links found but none downloaded; reducing further
    [reduce 1] https://cis.temple.edu/~pwang/5511-PT/
    [fetch] status=403
    -> partial: 0 new, 0 skip, 0 dup, 13 fail  (https://cis.temple.edu/~pwang/5511-PT/5511-index.htm)
===== [121/646] =====

### CIS631 - New Jersey Institute of Technology  (ratings=5.0)
    url: https://web.njit.edu/~egan/CIS365/
    [found] 14 slide link(s) at reduction 0
    ! fail   https://web.njit.edu/~egan/CIS365/ppt/ch01-class.ppt  (http 404)
    ! fail   https://web.njit.edu/~egan/CIS365/wiley_stuff/ch01.ppt  (http 404)
    ! fail   https://web.njit.edu/~egan/CIS365/ppt/ch02-class.ppt  (http 404)
    ! fail   https://web.njit.edu/~egan/CIS365/wiley_stuff/ch02.ppt  (http 404)
    ! fail   https://web.njit.edu/~egan/CIS365/ppt/ch03-class.ppt  (http 404)
    ! fail   https://web.njit.edu/~egan/CIS365/wiley_stuff/ch03.ppt  (http 404)
    ! fail   https://web.njit.edu/~egan/CIS365/ppt/ch04-class.ppt  (http 404)
    ! fail   https://web.njit.edu/~egan/CIS365/ppt/ch05-class.ppt  (http 404)
    ! fail   https://web.njit.edu/~egan/CIS365/ppt/ch06-class.ppt  (http 404)
    + saved  10_lecture3-exercise.pdf
    ! fail   https://web.njit.edu/~egan/CIS365/ppt/ch13.ppt  (http 404)
    ! fail   https://web.njit.edu/~egan/CIS365/ppt/ch14.ppt  (http 404)
    ! fail   https://web.njit.edu/~egan/CIS365/ppt/ch10.ppt  (http 404)
    ! fail   https://web.njit.edu/~egan/CIS365/ppt/ch15.ppt  (http 404)
    -> saved: 1 new, 0 skip, 0 dup, 13 fail  (https://web.njit.edu/~egan/CIS365/)
===== [122/646] =====

### CIS650 - New Jersey Institute of Technology  (ratings=5.0)
    url: https://web.njit.edu/~egan/CIS365/
    [found] 14 slide link(s) at reduction 0
    ! fail   https://web.njit.edu/~egan/CIS365/ppt/ch01-class.ppt  (http 404)
    ! fail   https://web.njit.edu/~egan/CIS365/wiley_stuff/ch01.ppt  (http 404)
    ! fail   https://web.njit.edu/~egan/CIS365/ppt/ch02-class.ppt  (http 404)
    ! fail   https://web.njit.edu/~egan/CIS365/wiley_stuff/ch02.ppt  (http 404)
    ! fail   https://web.njit.edu/~egan/CIS365/ppt/ch03-class.ppt  (http 404)
    ! fail   https://web.njit.edu/~egan/CIS365/wiley_stuff/ch03.ppt  (http 404)
    ! fail   https://web.njit.edu/~egan/CIS365/ppt/ch04-class.ppt  (http 404)
    ! fail   https://web.njit.edu/~egan/CIS365/ppt/ch05-class.ppt  (http 404)
    ! fail   https://web.njit.edu/~egan/CIS365/ppt/ch06-class.ppt  (http 404)
    + saved  10_lecture3-exercise.pdf
    ! fail   https://web.njit.edu/~egan/CIS365/ppt/ch13.ppt  (http 404)
    ! fail   https://web.njit.edu/~egan/CIS365/ppt/ch14.ppt  (http 404)
    ! fail   https://web.njit.edu/~egan/CIS365/ppt/ch10.ppt  (http 404)
    ! fail   https://web.njit.edu/~egan/CIS365/ppt/ch15.ppt  (http 404)
    -> saved: 1 new, 0 skip, 0 dup, 13 fail  (https://web.njit.edu/~egan/CIS365/)
===== [123/646] =====

### CIS734 - New Jersey Institute of Technology  (ratings=6.0)
    url: https://web.njit.edu/~egan/CIS365/
    [found] 14 slide link(s) at reduction 0
    ! fail   https://web.njit.edu/~egan/CIS365/ppt/ch01-class.ppt  (http 404)
    ! fail   https://web.njit.edu/~egan/CIS365/wiley_stuff/ch01.ppt  (http 404)
    ! fail   https://web.njit.edu/~egan/CIS365/ppt/ch02-class.ppt  (http 404)
    ! fail   https://web.njit.edu/~egan/CIS365/wiley_stuff/ch02.ppt  (http 404)
    ! fail   https://web.njit.edu/~egan/CIS365/ppt/ch03-class.ppt  (http 404)
    ! fail   https://web.njit.edu/~egan/CIS365/wiley_stuff/ch03.ppt  (http 404)
    ! fail   https://web.njit.edu/~egan/CIS365/ppt/ch04-class.ppt  (http 404)
    ! fail   https://web.njit.edu/~egan/CIS365/ppt/ch05-class.ppt  (http 404)
    ! fail   https://web.njit.edu/~egan/CIS365/ppt/ch06-class.ppt  (http 404)
    + saved  10_lecture3-exercise.pdf
    ! fail   https://web.njit.edu/~egan/CIS365/ppt/ch13.ppt  (http 404)
    ! fail   https://web.njit.edu/~egan/CIS365/ppt/ch14.ppt  (http 404)
    ! fail   https://web.njit.edu/~egan/CIS365/ppt/ch10.ppt  (http 404)
    ! fail   https://web.njit.edu/~egan/CIS365/ppt/ch15.ppt  (http 404)
    -> saved: 1 new, 0 skip, 0 dup, 13 fail  (https://web.njit.edu/~egan/CIS365/)
===== [124/646] =====

### CIS9001 - Baruch College  (ratings=34.0)
    url: https://toolkit.baruch.cuny.edu/wp-content/uploads/sites/11/2023/05/BaruchCollegePPT-Template.pptx
    [found] 1 slide link(s) at reduction 0
    + saved  1_BaruchCollegePPT-Template.pptx
    -> saved: 1 new, 0 skip, 0 dup, 0 fail  (https://toolkit.baruch.cuny.edu/wp-content/uploads/sites/11/2023/05/BaruchCollegePPT-Template.pptx)
===== [125/646] =====

### CISC1050 - Brooklyn College  (ratings=5.0)
    url: http://www.sci.brooklyn.cuny.edu/~dzhu/cisc1050/
    [found] 2 slide link(s) at reduction 0
    + saved  1_M01-Creating_and_Editing_a_Presentation_with_Pictures.pdf
    + saved  2_M02-Enhancing_Presentations_with_Shapes_and_SmartArt.pdf
    -> saved: 2 new, 0 skip, 0 dup, 0 fail  (http://www.sci.brooklyn.cuny.edu/~dzhu/cisc1050/)
===== [126/646] =====

### CISC1100 - Fordham University  (ratings=19.0)
    url: https://storm.cis.fordham.edu/~gweiss/classes/cisc1100
    [follow] no slides here; checking 1 sub-page(s)
    [reduce 1] https://storm.cis.fordham.edu/~gweiss/classes/
    [follow] no slides here; checking 1 sub-page(s)
    -> no slides found on any reduced URL
===== [127/646] =====

### CISC1115 - Brooklyn College  (ratings=72.0)
    url: https://huichen-cs.github.io/course/CISC1115/24SP/syllabus/
    [follow] no slides here; checking 2 sub-page(s)
    [found] 47 slide link(s) at reduction 0
    + saved  1_overviewintrojava.pdf
    + saved  2_helloworldrevisited.pdf
    + saved  3_elementaryinout_1.pdf
    + saved  4_toolsenv.pdf
    + saved  5_elementarynumbers_2.pdf
    + saved  6_elementarysystime_4.pdf
    + saved  7_elementaryerrors_5.pdf
    + saved  8_boolean.pdf
    + saved  9_ifstmt.pdf
    + saved  10_ifstmtex.pdf
    ~ dup    11_ifstmt.pdf
    + saved  12_ifstmtlogicops.pdf
    + saved  13_switchstmt.pdf
    + saved  14_condop.pdf
    + saved  15_oprules.pdf
    + saved  16_whileloopintro.pdf
    + saved  17_whileloopdesign.pdf
    + saved  18_nestedwhileloop.pdf
    + saved  19_fordowhileloops.pdf
    + saved  20_chars.pdf
    + saved  21_string.pdf
    + saved  22_strcharex.pdf
    + saved  23_math.pdf
    + saved  24_format.pdf
    + saved  25_strcharmathex.pdf
    + saved  26_looppitfalls.pdf
    + saved  27_nestedloop.pdf
    + saved  28_breakcontinue.pdf
    + saved  29_loopexamples.pdf
    + saved  30_midterm.pdf
    + saved  31_methodsintro.pdf
    + saved  32_methodsoverload.pdf
    + saved  33_methodsvariables.pdf
    + saved  34_methodsmodule.pdf
    ~ dup    35_methodsmodule.pdf
    + saved  36_methodsdev.pdf
    + saved  37_arrayintro.pdf
    + saved  38_arrayprocess1.pdf
    + saved  39_arrayprocess2.pdf
    + saved  40_arrayprocess3.pdf
    + saved  41_arraymethods.pdf
    + saved  42_arraycmdline.pdf
    + saved  43_arrayprocess4.pdf
    + saved  44_arraysort.pdf
    + saved  45_textfileio.pdf
    + saved  46_arrayfiles.pdf
    + saved  47_array2dintro.pdf
    -> saved: 45 new, 0 skip, 2 dup, 0 fail  (https://huichen-cs.github.io/course/CISC1115/24SP/syllabus/)
===== [128/646] =====

### CISC1400 - Fordham University  (ratings=18.0)
    url: https://www.dsm.fordham.edu/~agw/discrete/handouts/
    [reduce 1] https://www.dsm.fordham.edu/~agw/discrete/
    -> no slides found on any reduced URL
===== [129/646] =====

### CISC1600 - Brooklyn College  (ratings=5.0)
    url: http://www.sci.brooklyn.cuny.edu/~meyer/CISC1600/
    [follow] no slides here; checking 1 sub-page(s)
    -> no slides found on any reduced URL
===== [130/646] =====

### CISC2100 - Fordham University  (ratings=10.0)
    url: https://storm.cis.fordham.edu/zhang/cs2100/
    [follow] no slides here; checking 1 sub-page(s)
    [found] 18 slide link(s) at reduction 0
    + saved  1_Introduction.pptx
    + saved  2_Introduction.pdf
    + saved  3_Logic.pptx
    + saved  4_Logic.pdf
    + saved  5_PredicateLogic.pptx
    + saved  6_PredicateLogic.pdf
    + saved  7_DirectProof.pptx
    + saved  8_DirectProof.pdf
    + saved  9_EppDm4_04_06.ppt
    + saved  10_EppDm4_04_06.pdf
    + saved  11_EppDm4_04_07.ppt
    + saved  12_EppDm4_04_07.pdf
    + saved  13_EppDm4_04_08.ppt
    + saved  14_EppDm4_04_08.pdf
    + saved  15_RSAProof.pdf
    + saved  16_GraphTree.pptx
    + saved  17_GraphTree.pdf
    + saved  18_GCDProof.pdf
    -> saved: 18 new, 0 skip, 0 dup, 0 fail  (https://storm.cis.fordham.edu/zhang/cs2100/)
===== [131/646] =====

### CISC2210 - Brooklyn College  (ratings=25.0)
    url: https://www.sci.brooklyn.cuny.edu/~briskman/cisc/2210/lecture_notes/topic_07/01.html
    [reduce 1] https://www.sci.brooklyn.cuny.edu/~briskman/cisc/2210/lecture_notes/topic_07/
    [reduce 2] https://www.sci.brooklyn.cuny.edu/~briskman/cisc/2210/lecture_notes/
    [reduce 3] https://www.sci.brooklyn.cuny.edu/~briskman/cisc/2210/
    [reduce 4] https://www.sci.brooklyn.cuny.edu/~briskman/cisc/
    -> no slides found on any reduced URL
===== [132/646] =====

### CISC3130 - Brooklyn College  (ratings=39.0)
    url: https://libguides.brooklyn.cuny.edu/cisc3130/schedule
    [reduce 1] https://libguides.brooklyn.cuny.edu/cisc3130/
    [follow] no slides here; checking 1 sub-page(s)
    -> no slides found on any reduced URL
===== [133/646] =====

### CISC4080 - Fordham University  (ratings=10.0)
    url: https://storm.cis.fordham.edu/~zhang/cs4080/schedule.htm
    [found] 6 slide link(s) at reduction 0
    + saved  1_C_3elatest.pdf
    ! fail   https://drive.google.com/file/d/1FgQO3-NFT14UGcy11WnZ1jnmRA4nobe2/view?usp=share_link  (html response, not a file)
    ! fail   https://drive.google.com/file/d/1vJmNGuLeXy8vCgj8qWOeUcDzGD9Or04Y/view?usp=share_link  (html response, not a file)
    + saved  4_02-backtracking.pdf
    ! fail   https://drive.google.com/file/d/1k6xrJoHIW7rLBe3HZYVwG5Eg_7Asycs1/view?usp=sharing  (html response, not a file)
    + saved  6_finalReview.pdf
    -> saved: 3 new, 0 skip, 0 dup, 3 fail  (https://storm.cis.fordham.edu/~zhang/cs4080/schedule.htm)
===== [134/646] =====

### CISC684 - University of Delaware  (ratings=15.0)
    url: https://github.com/DesiPilla/MachineLearning/tree/master/Lecture%20Slides
    [found] 5 slide link(s) at reduction 0
    + saved  1_Artificial_Neural_Networks.pdf
    + saved  2_Decision_Tree.pdf
    + saved  3_Naive_Bayes.pdf
    + saved  4_Preception_and_Sigmoid.pdf
    + saved  5_Regression.pdf
    -> saved: 5 new, 0 skip, 0 dup, 0 fail  (https://github.com/DesiPilla/MachineLearning/tree/master/Lecture%20Slides)
===== [135/646] =====

### CIT592 - University of Pennsylvania  (ratings=15.0)
    url: https://www.cis.upenn.edu/~bhusnur4/cit592_fall2014/schedule.html
    [found] 1 slide link(s) at reduction 0
    + saved  1_Intro.pptx
    -> saved: 1 new, 0 skip, 0 dup, 0 fail  (https://www.cis.upenn.edu/~bhusnur4/cit592_fall2014/schedule.html)
===== [136/646] =====

### CMPE142 - San Jose State University  (ratings=25.0)
    url: https://www.cs.sjsu.edu/~mak/archive/CMPE142/index.html
    [found] 14 slide link(s) at reduction 0
    + saved  1_CMPE142-210129.pptx
    + saved  2_CMPE142-210205.pptx
    + saved  3_CMPE142-210212.pptx
    + saved  4_CMPE142-210219.pptx
    + saved  5_CMPE142-210226.pptx
    + saved  6_CMPE142-210305.pptx
    + saved  7_CMPE142-210312.pptx
    + saved  8_CMPE142-210319.pptx
    + saved  9_CMPE142-210409.pptx
    + saved  10_CMPE142-210416.pptx
    + saved  11_CMPE142-210423.pptx
    + saved  12_CMPE142-210430.pptx
    + saved  13_CMPE142-210507.pptx
    + saved  14_CMPE142-210514.pptx
    -> saved: 14 new, 0 skip, 0 dup, 0 fail  (https://www.cs.sjsu.edu/~mak/archive/CMPE142/index.html)
===== [137/646] =====

### CMPE148 - San Jose State University  (ratings=9.0)
    url: https://www.sjsu.edu/curriculum/courses/syllabus-info.php
    [found] 2 slide link(s) at reduction 0
    + saved  1_F15-3.pdf
    + saved  2_S12-7.pdf
    -> saved: 2 new, 0 skip, 0 dup, 0 fail  (https://www.sjsu.edu/curriculum/courses/syllabus-info.php)
===== [138/646] =====

### CMPEN454 - Penn State University  (ratings=15.0)
    url: https://www.cse.psu.edu/~rtc12/CSE486/lecture01.pdf
    [found] 1 slide link(s) at reduction 0
    + saved  1_lecture01.pdf
    -> saved: 1 new, 0 skip, 0 dup, 0 fail  (https://www.cse.psu.edu/~rtc12/CSE486/lecture01.pdf)
===== [139/646] =====

### CMPSC111 - University of California, Santa Barbara  (ratings=5.0)
    url: https://github.com/ucsb-cs111/w20-lecture-files/tree/master/lecture_files
    [found] 5 slide link(s) at reduction 0
    + saved  1_cs111-slides-01-Temperature.pdf
    + saved  2_cs111-slides-02-InterestingMatrices.pdf
    + saved  3_cs111-slides-03-CG.pdf
    + saved  4_cs111-slides-04-PageRank.pdf
    + saved  5_cs111-slides-05-ODEs.pdf
    -> saved: 5 new, 0 skip, 0 dup, 0 fail  (https://github.com/ucsb-cs111/w20-lecture-files/tree/master/lecture_files)
===== [140/646] =====

### CMPSC16 - University of California, Santa Barbara  (ratings=8.0)
    url: https://ucsb-cs16.github.io/w20/info/syllabus/
    [follow] no slides here; checking 5 sub-page(s)
    [found] 34 slide link(s) at reduction 0
    ! fail   https://drive.google.com/drive/folders/1nyBcNr8wpmkSrTtD4rsO_X3I0zPsGdvG?usp=sharing  (html response, not a file)
    + saved  2_CS16_Lecture1.pdf
    ~ dup    3_CS16_Lecture1_ann.pdf
    + saved  4_CS16_Lecture2.pdf
    + saved  5_CS16_Lecture2_ann.pdf
    + saved  6_CS16_Lecture3.pdf
    + saved  7_CS16_Lecture3_ann.pdf
    + saved  8_CS16_Lecture4.pdf
    + saved  9_CS16_Lecture4_ann.pdf
    + saved  10_CS16_Lecture5.pdf
    + saved  11_CS16_Lecture5_ann.pdf
    + saved  12_CS16_Lecture6.pdf
    + saved  13_CS16_Lecture7.pdf
    + saved  14_CS16_Lecture7_ann.pdf
    + saved  15_CS16_Lecture8.pdf
    + saved  16_CS16_Lecture8_ann.pdf
    + saved  17_CS16_Lecture9.pdf
    + saved  18_CS16_Lecture9_ann.pdf
    + saved  19_CS16_Lecture10.pdf
    + saved  20_CS16_Lecture10_ann.pdf
    + saved  21_CS16_Lecture11.pdf
    + saved  22_CS16_Lecture11_ann.pdf
    + saved  23_CS16_Lecture12.pdf
    + saved  24_CS16_Lecture12_ann.pdf
    + saved  25_CS16_Lecture13.pdf
    + saved  26_CS16_Lecture13_ann.pdf
    + saved  27_CS16_Lecture14.pdf
    + saved  28_CS16_Lecture14_ann.pdf
    + saved  29_CS16_Lecture15.pdf
    + saved  30_CS16_Lecture15_ann.pdf
    ! fail   https://ucsb-cs16.github.io/w20/lectures/CS16_Lecture16.pdf  (http 404)
    + saved  32_CS16_Lecture16_ann.pdf
    + saved  33_CS16_Lecture17.pdf
    + saved  34_CS16_Lecture17_ann.pdf
    -> saved: 31 new, 0 skip, 1 dup, 2 fail  (https://ucsb-cs16.github.io/w20/info/syllabus/)
===== [141/646] =====

### CMPSC311 - Penn State University  (ratings=5.0)
    url: https://github.com/PSUCMPSC311/psucmpsc311.github.io
    [found] 5 slide link(s) at reduction 0
    + saved  1_cmpsc297_week1.pdf
    + saved  2_cmpsc297_week2.pdf
    + saved  3_cmpsc297_week3.pdf
    + saved  4_cmpsc297_week4.pdf
    + saved  5_cmpsc297_week5.pdf
    -> saved: 5 new, 0 skip, 0 dup, 0 fail  (https://github.com/PSUCMPSC311/psucmpsc311.github.io)
===== [142/646] =====

### CMPSC431W - Penn State University  (ratings=48.0)
    url: http://yusanlin.com/cmpsc431w/lectures.html
    [found] 74 slide link(s) at reduction 0
    ! fail   http://yusanlin.com/cmpsc431w/lectures.html  (not a recognized HTML slideshow)
    ! fail   http://yusanlin.com/cmpsc431w/lectures.html#lec01  (not a recognized HTML slideshow)
    ! fail   http://yusanlin.com/cmpsc431w/lectures.html#lec02  (not a recognized HTML slideshow)
    ! fail   http://yusanlin.com/cmpsc431w/lectures.html#lec03  (not a recognized HTML slideshow)
    ! fail   http://yusanlin.com/cmpsc431w/lectures.html#lec04  (not a recognized HTML slideshow)
    ! fail   http://yusanlin.com/cmpsc431w/lectures.html#lec05  (not a recognized HTML slideshow)
    ! fail   http://yusanlin.com/cmpsc431w/lectures.html#lec06  (not a recognized HTML slideshow)
    ! fail   http://yusanlin.com/cmpsc431w/lectures.html#lec07  (not a recognized HTML slideshow)
    ! fail   http://yusanlin.com/cmpsc431w/lectures.html#lec08  (not a recognized HTML slideshow)
    ! fail   http://yusanlin.com/cmpsc431w/lectures.html#lec09  (not a recognized HTML slideshow)
    ! fail   http://yusanlin.com/cmpsc431w/lectures.html#lec10  (not a recognized HTML slideshow)
    ! fail   http://yusanlin.com/cmpsc431w/lectures.html#lec11  (not a recognized HTML slideshow)
    ! fail   http://yusanlin.com/cmpsc431w/lectures.html#lec12  (not a recognized HTML slideshow)
    ! fail   http://yusanlin.com/cmpsc431w/lectures.html#lec13  (not a recognized HTML slideshow)
    ! fail   http://yusanlin.com/cmpsc431w/lectures.html#lec14  (not a recognized HTML slideshow)
    ! fail   http://yusanlin.com/cmpsc431w/lectures.html#lec15  (not a recognized HTML slideshow)
    ! fail   http://yusanlin.com/cmpsc431w/lectures.html#lec16  (not a recognized HTML slideshow)
    ! fail   http://yusanlin.com/cmpsc431w/lectures.html#lec17  (not a recognized HTML slideshow)
    ! fail   http://yusanlin.com/cmpsc431w/lectures.html#lec18  (not a recognized HTML slideshow)
    ! fail   http://yusanlin.com/cmpsc431w/lectures.html#lec19  (not a recognized HTML slideshow)
    ! fail   http://yusanlin.com/cmpsc431w/lectures.html#lec20  (not a recognized HTML slideshow)
    ! fail   http://yusanlin.com/cmpsc431w/lectures.html#lec21  (not a recognized HTML slideshow)
    ! fail   http://yusanlin.com/cmpsc431w/lectures.html#lec22  (not a recognized HTML slideshow)
    ! fail   http://yusanlin.com/cmpsc431w/lectures.html#lec23  (not a recognized HTML slideshow)
    ! fail   http://yusanlin.com/cmpsc431w/lectures.html#lec24  (not a recognized HTML slideshow)
    ! fail   http://yusanlin.com/cmpsc431w/lectures.html#lec25  (not a recognized HTML slideshow)
    ! fail   http://yusanlin.com/cmpsc431w/lectures.html#lec26  (not a recognized HTML slideshow)
    ! fail   http://yusanlin.com/cmpsc431w/lectures.html#lec27  (not a recognized HTML slideshow)
    ! fail   http://yusanlin.com/cmpsc431w/lectures.html#lec28  (not a recognized HTML slideshow)
    ! fail   http://yusanlin.com/cmpsc431w/lectures.html#lec29  (not a recognized HTML slideshow)
    ! fail   http://yusanlin.com/cmpsc431w/lectures.html#lec30  (not a recognized HTML slideshow)
    ! fail   http://yusanlin.com/cmpsc431w/lectures.html#lec31  (not a recognized HTML slideshow)
    ! fail   http://yusanlin.com/cmpsc431w/lectures.html#lec32  (not a recognized HTML slideshow)
    ! fail   http://yusanlin.com/cmpsc431w/lectures.html#lec33  (not a recognized HTML slideshow)
    ! fail   http://yusanlin.com/cmpsc431w/lectures.html#lec34  (not a recognized HTML slideshow)
    ! fail   http://yusanlin.com/cmpsc431w/lectures.html#lec35  (not a recognized HTML slideshow)
    ! fail   http://yusanlin.com/cmpsc431w/lectures.html#lec36  (not a recognized HTML slideshow)
    + saved  38_cmpsc431w_lec36_student_ver.pdf
    + saved  39_cmpsc431w_lec35_student_ver.pdf
    + saved  40_cmpsc431w_lec34_student_ver.pdf
    + saved  41_cmpsc431w_lec33_student_ver.pdf
    + saved  42_cmpsc431w_lec32_student_ver.pdf
    + saved  43_cmpsc431w_lec31_student_ver.pdf
    + saved  44_cmpsc431w_lec30_student_ver.pdf
    + saved  45_cmpsc431w_lec29_student_ver.pdf
    + saved  46_cmpsc431w_lec28_student_ver.pdf
    + saved  47_cmpsc431w_lec27_student_ver.pdf
    + saved  48_cmpsc431w_lec26_student_ver.pdf
    + saved  49_cmpsc431w_lec25_student_ver.pdf
    + saved  50_cmpsc431w_lec24_student_ver.pdf
    + saved  51_cmpsc431w_lec23_student_ver.pdf
    + saved  52_cmpsc431w_lec22_student_ver.pdf
    + saved  53_cmpsc431w_lec21_student_ver.pdf
    + saved  54_cmpsc431w_lec20_student_ver.pdf
    + saved  55_cmpsc431w_lec19_student_ver.pdf
    + saved  56_cmpsc431w_lec18_student_ver.pdf
    + saved  57_cmpsc431w_lec17_student_ver.pdf
    + saved  58_cmpsc431w_lec16_student_ver.pdf
    + saved  59_cmpsc431w_lec15_student_ver.pdf
    + saved  60_cmpsc431w_lec14_student_ver.pdf
    + saved  61_cmpsc431w_lec13_student_ver.pdf
    + saved  62_cmpsc431w_lec12_student_ver.pdf
    + saved  63_cmpsc431w_lec11_student_ver.pdf
    + saved  64_cmpsc431w_lec10_student_ver.pdf
    + saved  65_cmpsc431w_lec09_student_ver.pdf
    + saved  66_cmpsc431w_lec08_student_ver.pdf
    + saved  67_cmpsc431w_lec07_student_ver.pdf
    + saved  68_cmpsc431w_lec06_student_ver.pdf
    + saved  69_cmpsc431w_lec05_student_ver.pdf
    + saved  70_cmpsc431w_lec04_student_ver.pdf
    + saved  71_cmpsc431w_lec03_student_ver.pdf
    + saved  72_cmpsc431w_lec02_student_ver.pdf
    + saved  73_cmpsc431w_lec01_student_ver.pdf
    ! fail   http://yusanlin.com/cmpsc431w/lectures.html#top  (not a recognized HTML slideshow)
    -> saved: 36 new, 0 skip, 0 dup, 38 fail  (http://yusanlin.com/cmpsc431w/lectures.html)
===== [143/646] =====

### CMPT125 - Simon Fraser University  (ratings=19.0)
    url: https://www2.cs.sfu.ca/CourseCentral/125/bfraser/
    [reduce 1] https://www2.cs.sfu.ca/CourseCentral/125/
    [fetch] error: Page.content: Unable to retrieve content because the page is navigating and changing the content.
    [reduce 2] https://www2.cs.sfu.ca/CourseCentral/
    [fetch] error: Page.content: Unable to retrieve content because the page is navigating and changing the content.
    -> no slides found on any reduced URL
===== [144/646] =====

### CMPT130 - Simon Fraser University  (ratings=87.0)
    url: https://opencoursehub.cs.sfu.ca/bfraser/grav-cms/cmpt130/modules
    [found] 3 slide link(s) at reduction 0
    + saved  1_0-DiscoragingAH.pdf
    + saved  2_10-Representation-c.pdf
    + saved  3_10-Representation.pdf
    -> saved: 3 new, 0 skip, 0 dup, 0 fail  (https://opencoursehub.cs.sfu.ca/bfraser/grav-cms/cmpt130/modules)
===== [145/646] =====

### CMPT135 - Simon Fraser University  (ratings=32.0)
    url: https://github.com/tjd1234/cmpt135spring2024
    [follow] no slides here; checking 10 sub-page(s)
    [reduce 1] https://github.com/tjd1234/
    [follow] no slides here; checking 9 sub-page(s)
    -> no slides found on any reduced URL
===== [146/646] =====

### CMPT150 - Simon Fraser University  (ratings=55.0)
    url: https://www2.cs.sfu.ca/CourseCentral/150/eyal/schedule.html
    [found] 36 slide link(s) at reduction 0
    + saved  1_lecture1.pdf
    + saved  2_lecture2.pdf
    + saved  3_lecture3.pdf
    + saved  4_lab1.pdf
    + saved  5_lecture4.pdf
    + saved  6_CMPT150_TitlePage.pdf
    + saved  7_lecture5.pdf
    + saved  8_lab2.pdf
    + saved  9_lecture6.pdf
    + saved  10_lecture7.pdf
    + saved  11_lab3.pdf
    + saved  12_lecture8.pdf
    + saved  13_lecture9.pdf
    + saved  14_lab4.pdf
    + saved  15_lecture10.pdf
    + saved  16_lecture11.pdf
    + saved  17_lecture12.pdf
    + saved  18_lab5.pdf
    + saved  19_lecture13.pdf
    + saved  20_lecture14.pdf
    + saved  21_lab6.pdf
    + saved  22_lecture15.pdf
    + saved  23_lecture16.pdf
    + saved  24_lab7.pdf
    + saved  25_lecture17.pdf
    + saved  26_lecture18.pdf
    + saved  27_lab8.pdf
    + saved  28_lecture19.pdf
    + saved  29_lecture20.pdf
    + saved  30_lab9.pdf
    + saved  31_lab10.pdf
    + saved  32_lecture21.pdf
    + saved  33_lecture22.pdf
    + saved  34_lab11.pdf
    + saved  35_lecture23.pdf
    + saved  36_lecture24.pdf
    -> saved: 36 new, 0 skip, 0 dup, 0 fail  (https://www2.cs.sfu.ca/CourseCentral/150/eyal/schedule.html)
===== [147/646] =====

### CMPT213 - Simon Fraser University  (ratings=26.0)
    url: https://opencoursehub.cs.sfu.ca/bfraser/grav-cms/cmpt213/notes
    [found] 2 slide link(s) at reduction 0
    + saved  1_0-DiscoragingAH.pdf
    + saved  2_07-ClassDesign.pdf
    -> saved: 2 new, 0 skip, 0 dup, 0 fail  (https://opencoursehub.cs.sfu.ca/bfraser/grav-cms/cmpt213/notes)
===== [148/646] =====

### CMPT225 - Simon Fraser University  (ratings=43.0)
    url: https://coursys.sfu.ca/2020fa-cmpt-225-d2/pages/slides2/view
    [fetch] error: Page.goto: net::ERR_ABORTED at https://coursys.sfu.ca/2020fa-cmpt-225-d2/pages/slides2/view
Call log:
  - navigating to "https://coursys.sfu.ca/2020fa-cmpt-225-d2/pages/slides2/view", waiting until "domcontentloaded"

    [reduce 1] https://coursys.sfu.ca/2020fa-cmpt-225-d2/pages/slides2/
    [reduce 2] https://coursys.sfu.ca/2020fa-cmpt-225-d2/pages/
    [follow] no slides here; checking 1 sub-page(s)
    [reduce 3] https://coursys.sfu.ca/2020fa-cmpt-225-d2/
    -> no slides found on any reduced URL
===== [149/646] =====

### CMPT275 - Simon Fraser University  (ratings=55.0)
    url: https://www2.cs.sfu.ca/CourseCentral/275/jregan/notes.html
    [found] 73 slide link(s) at reduction 0
    + saved  1_L1_courseInfo.pdf
    + saved  2_L1_courseInfo.pptx
    + saved  3_L1_introtoSE.pdf
    + saved  4_L1_introtoSE.pptx
    + saved  5_L2_reqOverview.pdf
    + saved  6_L2_reqOverview.pptx
    + saved  7_L2_reqGath.pdf
    + saved  8_L2_reqGath.pptx
    + saved  9_L3_communic.pdf
    + saved  10_L3_communic.pptx
    + saved  11_L3_reqSpec.pdf
    + saved  12_L3_reqSpec.pptx
    + saved  13_L4_softVers.pdf
    + saved  14_L4_softVers.pptx
    + saved  15_L4_risks_revhist.pdf
    + saved  16_L4_risks_revhist.pptx
    + saved  17_L5_reqAnalysisAct.pdf
    + saved  18_L5_reqAnalysisAct.pptx
    + saved  19_L6_useCases.pdf
    + saved  20_L6_useCases.pptx
    + saved  21_L6_useCaseDiagrams.pdf
    + saved  22_L6_useCaseDiagrams.pptx
    + saved  23_L6_useCaseDiagramsEx.pdf
    + saved  24_L6_useCaseDiagramsEx.pptx
    + saved  25_L7_primaryClass.pdf
    + saved  26_L7_primaryClass.pptx
    + saved  27_L7_classDiagram.pdf
    + saved  28_L7_classDiagram.pptx
    + saved  29_L7_classDiagram2.pdf
    + saved  30_L7_classDiagram2.pptx
    ! fail   http://www.cs.sfu.ca/CC/275/jregan/lectures/L8_UI.pdf  (http 404)
    + saved  32_L8_UI.pptx
    + saved  33_L8_UIexample.pdf
    + saved  34_L8_UIexample.ppt
    + saved  35_L9_architecture.pdf
    + saved  36_L9_architecture.pptx
    + saved  37_L10_modularization.pdf
    + saved  38_L10_modularization.pptx
    + saved  39_L11_datapers.pdf
    + saved  40_L11_datapers.pptx
    + saved  41_L11_normalization.pdf
    + saved  42_L11_normalization.pptx
    + saved  43_L12_attributes.pdf
    + saved  44_L12_attributes.ppt
    + saved  45_L12_llsequence.pdf
    + saved  46_L12_llsequence.pptx
    + saved  47_L13_collab.pdf
    + saved  48_L13_collab.ppt
    + saved  49_L13_refClassDiag.pdf
    + saved  50_L13_refClassDiag.ppt
    + saved  51_L14_skel.pdf
    + saved  52_L14_skel.ppt
    + saved  53_L14_CodeStand.pdf
    + saved  54_L14_CodeStand.ppt
    + saved  55_L16_codeRev.pdf
    + saved  56_L16_codeRev.ppt
    + saved  57_L14_impTopBottomThread.pdf
    + saved  58_L14_impTopBottomThread.ppt
    + saved  59_L15_testOver.pdf
    + saved  60_L15_testOver.ppt
    + saved  61_L15_implTestPlan.pdf
    + saved  62_L15_implTestPlan.ppt
    + saved  63_L17_whitebox.pdf
    + saved  64_L17_whitebox.ppt
    + saved  65_L16_blackbox.pdf
    + saved  66_L16_blackbox.pptx
    + saved  67_L18_testing.pdf
    + saved  68_L18_testing.ppt
    + saved  69_L5_lifeCycle.pdf
    + saved  70_L5_lifeCycle.pptx
    + saved  71_configMan.pdf
    + saved  72_configMan.ppt
    + saved  73_ProjMan.pdf
    -> saved: 72 new, 0 skip, 0 dup, 1 fail  (https://www2.cs.sfu.ca/CourseCentral/275/jregan/notes.html)
===== [150/646] =====

### CMPT276 - Simon Fraser University  (ratings=63.0)
    url: https://opencoursehub.cs.sfu.ca/jackt/grav-cms/cmpt276/notes/files/Upload_00-Admin.pdf
    [found] 1 slide link(s) at reduction 0
    + saved  1_Upload_00-Admin.pdf
    -> saved: 1 new, 0 skip, 0 dup, 0 fail  (https://opencoursehub.cs.sfu.ca/jackt/grav-cms/cmpt276/notes/files/Upload_00-Admin.pdf)
===== [151/646] =====

### CMPT295 - Simon Fraser University  (ratings=219.0)
    url: https://cmpt-295-sfu.github.io/website/labs
    [reduce 1] https://cmpt-295-sfu.github.io/website/
    -> no slides found on any reduced URL
===== [152/646] =====

### CMPT307 - Simon Fraser University  (ratings=160.0)
    url: https://www2.cs.sfu.ca/~kabanets/307/
    [found] 2 slide link(s) at reduction 0
    + saved  1_Lectures_1-2.pdf
    + saved  2_Lecture3.pdf
    -> saved: 2 new, 0 skip, 0 dup, 0 fail  (https://www2.cs.sfu.ca/~kabanets/307/)
===== [153/646] =====

### CMPT308 - Simon Fraser University  (ratings=18.0)
    url: http://www.sfu.ca/~kabanets/308/
    [found] 49 slide link(s) at reduction 0
    + saved  1_lec1.pdf
    + saved  2_Lecture_1.pdf
    + saved  3_lec2.pdf
    + saved  4_Lecture_2.pdf
    + saved  5_Lecture_3.pdf
    + saved  6_lec3.pdf
    + saved  7_Lecture_4.pdf
    + saved  8_Lecture_5.pdf
    + saved  9_lec4.pdf
    + saved  10_Lecture_6.pdf
    + saved  11_lec5.pdf
    + saved  12_Lecture_7.pdf
    + saved  13_lec6.pdf
    + saved  14_Lecture_8.pdf
    + saved  15_Lecture_9.pdf
    + saved  16_lec7.pdf
    + saved  17_Lecture_10.pdf
    + saved  18_lec8.pdf
    + saved  19_Lecture_11.pdf
    + saved  20_Lecture_12.pdf
    + saved  21_Lecture_13.pdf
    + saved  22_lec9.pdf
    + saved  23_Lecture_14.pdf
    + saved  24_lec10.pdf
    + saved  25_Lecture_15.pdf
    + saved  26_lec11.pdf
    + saved  27_Lecture_16.pdf
    + saved  28_Lecture_17.pdf
    + saved  29_Lecture_18.pdf
    + saved  30_lec12.pdf
    + saved  31_Lecture_19.pdf
    + saved  32_lec13.pdf
    + saved  33_Lecture_20.pdf
    + saved  34_lec14.pdf
    + saved  35_Lecture_21.pdf
    + saved  36_Lecture_22.pdf
    + saved  37_lec15.pdf
    + saved  38_Lecture_23.pdf
    + saved  39_lec16.pdf
    + saved  40_Lecture_24.pdf
    + saved  41_Lecture_25.pdf
    + saved  42_lec17.pdf
    + saved  43_Lecture_26.pdf
    + saved  44_lec18.pdf
    + saved  45_Lecture_27.pdf
    + saved  46_lec19.pdf
    + saved  47_Lecture_28.pdf
    + saved  48_lec20.pdf
    + saved  49_Lecture_29.pdf
    -> saved: 49 new, 0 skip, 0 dup, 0 fail  (http://www.sfu.ca/~kabanets/308/)
===== [154/646] =====

### CMPT310 - Simon Fraser University  (ratings=13.0)
    url: https://www2.cs.sfu.ca/CourseCentral/310/oschulte/
    [found] 13 slide link(s) at reduction 0
    + saved  1_chapter1.pptx
    + saved  2_chapter2.ppt
    + saved  3_mychapter3.ppt
    + saved  4_mychapter3a.ppt
    + saved  5_mychapter4.ppt
    + saved  6_mychapter5.pdf
    + saved  7_mychapter6.pdf
    + saved  8_mychapter7.ppt
    + saved  9_mychapter8.ppt
    + saved  10_inference-fol.ppt
    + saved  11_inference-propositional.ppt
    + saved  12_mychapter13.ppt
    + saved  13_mychapter14.pptx
    -> saved: 13 new, 0 skip, 0 dup, 0 fail  (https://www2.cs.sfu.ca/CourseCentral/310/oschulte/)
===== [155/646] =====

### CMPT320 - Simon Fraser University  (ratings=22.0)
    url: https://coursys.sfu.ca/2022sp-cmpt-320-d1/pages/
    [follow] no slides here; checking 4 sub-page(s)
    [reduce 1] https://coursys.sfu.ca/2022sp-cmpt-320-d1/
    -> no slides found on any reduced URL
===== [156/646] =====

### CMPT354 - Simon Fraser University  (ratings=55.0)
    url: https://sfu-db.github.io/cmpt354/
    [found] 14 slide link(s) at reduction 0
    + saved  1_lec1-1-intro.pdf
    + saved  2_database-history.pdf
    + saved  3_lec2-relational-model.pdf
    + saved  4_lec3-sql-basics.pdf
    + saved  5_lec4-sql-advanced.pdf
    + saved  6_lec5-relational-algebra.pdf
    + saved  7_lec6-qp-indexing.pdf
    + saved  8_midterm.pdf
    + saved  9_lec8-er-model.pdf
    + saved  10_lec9-design-theory.pdf
    + saved  11_lec10-application.pdf
    + saved  12_lec11-transaction.pdf
    + saved  13_lec12-query-optimization.pdf
    + saved  14_lec13-where-to-go-from-here.pdf
    -> saved: 14 new, 0 skip, 0 dup, 0 fail  (https://sfu-db.github.io/cmpt354/)
===== [157/646] =====

### CMPT371 - Simon Fraser University  (ratings=51.0)
    url: https://coursys.sfu.ca/2017sp-cmpt-371-e1/pages/_all
    [found] 1 slide link(s) at reduction 0
    ! fail   https://coursys.sfu.ca/2017sp-cmpt-371-e1/pages/Chapter-1.ppt  (html response, not a file)
    [retry] links found but none downloaded; reducing further
    [reduce 1] https://coursys.sfu.ca/2017sp-cmpt-371-e1/pages/
    [fetch] status=403
    [reduce 2] https://coursys.sfu.ca/2017sp-cmpt-371-e1/
    -> partial: 0 new, 0 skip, 0 dup, 1 fail  (https://coursys.sfu.ca/2017sp-cmpt-371-e1/pages/_all)
===== [158/646] =====

### CMPT373 - Simon Fraser University  (ratings=8.0)
    url: https://www2.cs.sfu.ca/~wsumner/teaching/373/25/schedule.html
    [found] 15 slide link(s) at reduction 0
    + saved  1_slides.pdf
    + saved  2_slides.pdf
    + saved  3_slides.pdf
    + saved  4_slides.pdf
    + saved  5_slides.pdf
    + saved  6_slides.pdf
    + saved  7_slides.pdf
    + saved  8_slides.pdf
    + saved  9_slides.pdf
    + saved  10_slides.pdf
    + saved  11_slides.pdf
    + saved  12_slides.pdf
    + saved  13_slides.pdf
    + saved  14_slides.pdf
    + saved  15_slides.pdf
    -> saved: 15 new, 0 skip, 0 dup, 0 fail  (https://www2.cs.sfu.ca/~wsumner/teaching/373/25/schedule.html)
===== [159/646] =====

### CMPT383 - Simon Fraser University  (ratings=28.0)
    url: https://coursys.sfu.ca/2025su-cmpt-383-d1/pages/
    [follow] no slides here; checking 1 sub-page(s)
    [reduce 1] https://coursys.sfu.ca/2025su-cmpt-383-d1/
    -> no slides found on any reduced URL
===== [160/646] =====

### CMPT405 - Simon Fraser University  (ratings=12.0)
    url: https://www2.cs.sfu.ca/~kabanets/405/
    [found] 15 slide link(s) at reduction 0
    + saved  1_Lecture1.pdf
    + saved  2_Lecture3.pdf
    + saved  3_Lecture4.pdf
    + saved  4_Lecture6.pdf
    + saved  5_Lecture7.pdf
    + saved  6_Lecture9.pdf
    + saved  7_Lecture12.pdf
    + saved  8_Lecture13.pdf
    + saved  9_Lecture15.pdf
    + saved  10_Lecture17.pdf
    + saved  11_Lecture19.pdf
    + saved  12_Lecture21.pdf
    + saved  13_Lecture24.pdf
    + saved  14_Lecture28.pdf
    + saved  15_Lecture30.pdf
    -> saved: 15 new, 0 skip, 0 dup, 0 fail  (https://www2.cs.sfu.ca/~kabanets/405/)
===== [161/646] =====

### CMPT433 - Simon Fraser University  (ratings=12.0)
    url: https://opencoursehub.cs.sfu.ca/bfraser/grav-cms/cmpt433/notes
    [follow] no slides here; checking 1 sub-page(s)
    [found] 2 slide link(s) at reduction 0
    + saved  1_BLE_USB_Adapter_bleak_module_Python.pdf
    ! fail   https://www.tenouk.com/Module41c.html  (Page.goto: net::ERR_CONNECTION_REFUSED at https://www.tenouk.com/Module41c.html
Call log:
  - navigating to "https://www.tenouk.com/Module41c.html", waiting until "domcontentloaded"
)
    -> saved: 1 new, 0 skip, 0 dup, 1 fail  (https://opencoursehub.cs.sfu.ca/bfraser/grav-cms/cmpt433/notes)
===== [162/646] =====

### CMPT471 - Simon Fraser University  (ratings=9.0)
    url: https://coursys.sfu.ca/2024sp-cmpt-471-d1/pages/_all
    [follow] no slides here; checking 1 sub-page(s)
    [reduce 1] https://coursys.sfu.ca/2024sp-cmpt-471-d1/pages/
    [follow] no slides here; checking 1 sub-page(s)
    [reduce 2] https://coursys.sfu.ca/2024sp-cmpt-471-d1/
    -> no slides found on any reduced URL
===== [163/646] =====

### CMPT705 - Simon Fraser University  (ratings=6.0)
    url: https://www2.cs.sfu.ca/~kabanets/705/
    -> no slides found on any reduced URL
===== [164/646] =====

### CMPT756 - Simon Fraser University  (ratings=13.0)
    url: https://coursys.sfu.ca/2022sp-cmpt-756-g1/pages/
    [follow] no slides here; checking 1 sub-page(s)
    [reduce 1] https://coursys.sfu.ca/2022sp-cmpt-756-g1/
    -> no slides found on any reduced URL
===== [165/646] =====

### CMPUT366 - University of Alberta  (ratings=7.0)
    url: https://webdocs.cs.ualberta.ca/~dale/cmput366/notes.html
    [reduce 1] https://webdocs.cs.ualberta.ca/~dale/cmput366/
    [follow] no slides here; checking 4 sub-page(s)
    -> no slides found on any reduced URL
===== [166/646] =====

### CMSC122 - University of Maryland  (ratings=15.0)
    url: https://www.cs.umd.edu/class/fall2024/cmsc122-0101/schedule.shtml
    [found] 19 slide link(s) at reduction 0
    ! fail   https://www.cs.umd.edu/class/fall2024/cmsc122-0101/lectures/Week1/CourseIntro_Lec0.pdf  (http 401)
    ! fail   https://www.cs.umd.edu/class/fall2024/cmsc122-0101/lectures/Week1/HTML_Lec1.pdf  (http 401)
    ! fail   https://www.cs.umd.edu/class/fall2024/cmsc122-0101/lectures/Week2/HTML_Lec2.pdf  (http 401)
    ! fail   https://www.cs.umd.edu/class/fall2024/cmsc122-0101/lectures/Week2/InClass1.pdf  (http 401)
    ! fail   https://www.cs.umd.edu/class/fall2024/cmsc122-0101/lectures/Week2/CSS_Lec3.pdf  (http 401)
    ! fail   https://www.cs.umd.edu/class/fall2024/cmsc122-0101/lectures/Week3/CSS_Lec4.pdf  (http 401)
    ! fail   https://www.cs.umd.edu/class/fall2024/cmsc122-0101/lectures/Week3/CSS_Lec5.pdf  (http 401)
    ! fail   https://www.cs.umd.edu/class/fall2024/cmsc122-0101/lectures/Week4/JS_Lec6.pdf  (http 401)
    ! fail   https://www.cs.umd.edu/class/fall2024/cmsc122-0101/lectures/Week4/JS_Lec7.pdf  (http 401)
    ! fail   https://www.cs.umd.edu/class/fall2024/cmsc122-0101/lectures/Week5/JS_Lec8.pdf  (http 401)
    ! fail   https://www.cs.umd.edu/class/fall2024/cmsc122-0101/lectures/Week6/JS_Lec9.pdf  (http 401)
    ! fail   https://www.cs.umd.edu/class/fall2024/cmsc122-0101/lectures/Week6/JS_Lec10.pdf  (http 401)
    ! fail   https://www.cs.umd.edu/class/fall2024/cmsc122-0101/lectures/Week7/JS_Lec11.pdf  (http 401)
    ! fail   https://www.cs.umd.edu/class/fall2024/cmsc122-0101/lectures/Week8/JS_Lec12.pdf  (http 401)
    ! fail   https://www.cs.umd.edu/class/fall2024/cmsc122-0101/lectures/Week9/JS_Lec13.pdf  (http 401)
    ! fail   https://www.cs.umd.edu/class/fall2024/cmsc122-0101/lectures/Week10/JS_Lec14.pdf  (http 401)
    ! fail   https://www.cs.umd.edu/class/fall2024/cmsc122-0101/lectures/Week11/Forms_Lec15.pdf  (http 401)
    ! fail   https://www.cs.umd.edu/class/fall2024/cmsc122-0101/lectures/Week12/Forms_Lec16.pdf  (http 401)
    ! fail   https://www.cs.umd.edu/class/fall2024/cmsc122-0101/lectures/Week15/Recursion.pdf  (http 401)
    [retry] links found but none downloaded; reducing further
    [reduce 1] https://www.cs.umd.edu/class/fall2024/cmsc122-0101/
    [follow] no slides here; checking 15 sub-page(s)
    [found] 19 slide link(s) at reduction 1
    ! fail   https://www.cs.umd.edu/class/fall2024/cmsc122-0101/lectures/Week1/CourseIntro_Lec0.pdf  (http 401)
    ! fail   https://www.cs.umd.edu/class/fall2024/cmsc122-0101/lectures/Week1/HTML_Lec1.pdf  (http 401)
    ! fail   https://www.cs.umd.edu/class/fall2024/cmsc122-0101/lectures/Week2/HTML_Lec2.pdf  (http 401)
    ! fail   https://www.cs.umd.edu/class/fall2024/cmsc122-0101/lectures/Week2/InClass1.pdf  (http 401)
    ! fail   https://www.cs.umd.edu/class/fall2024/cmsc122-0101/lectures/Week2/CSS_Lec3.pdf  (http 401)
    ! fail   https://www.cs.umd.edu/class/fall2024/cmsc122-0101/lectures/Week3/CSS_Lec4.pdf  (http 401)
    ! fail   https://www.cs.umd.edu/class/fall2024/cmsc122-0101/lectures/Week3/CSS_Lec5.pdf  (http 401)
    ! fail   https://www.cs.umd.edu/class/fall2024/cmsc122-0101/lectures/Week4/JS_Lec6.pdf  (http 401)
    ! fail   https://www.cs.umd.edu/class/fall2024/cmsc122-0101/lectures/Week4/JS_Lec7.pdf  (http 401)
    ! fail   https://www.cs.umd.edu/class/fall2024/cmsc122-0101/lectures/Week5/JS_Lec8.pdf  (http 401)
    ! fail   https://www.cs.umd.edu/class/fall2024/cmsc122-0101/lectures/Week6/JS_Lec9.pdf  (http 401)
    ! fail   https://www.cs.umd.edu/class/fall2024/cmsc122-0101/lectures/Week6/JS_Lec10.pdf  (http 401)
    ! fail   https://www.cs.umd.edu/class/fall2024/cmsc122-0101/lectures/Week7/JS_Lec11.pdf  (http 401)
    ! fail   https://www.cs.umd.edu/class/fall2024/cmsc122-0101/lectures/Week8/JS_Lec12.pdf  (http 401)
    ! fail   https://www.cs.umd.edu/class/fall2024/cmsc122-0101/lectures/Week9/JS_Lec13.pdf  (http 401)
    ! fail   https://www.cs.umd.edu/class/fall2024/cmsc122-0101/lectures/Week10/JS_Lec14.pdf  (http 401)
    ! fail   https://www.cs.umd.edu/class/fall2024/cmsc122-0101/lectures/Week11/Forms_Lec15.pdf  (http 401)
    ! fail   https://www.cs.umd.edu/class/fall2024/cmsc122-0101/lectures/Week12/Forms_Lec16.pdf  (http 401)
    ! fail   https://www.cs.umd.edu/class/fall2024/cmsc122-0101/lectures/Week15/Recursion.pdf  (http 401)
    [retry] links found but none downloaded; reducing further
    [reduce 2] https://www.cs.umd.edu/class/fall2024/
    [fetch] status=403
    [reduce 3] https://www.cs.umd.edu/class/
    [follow] no slides here; checking 40 sub-page(s)
    [found] 67 slide link(s) at reduction 3
    ! fail   https://www.cs.umd.edu/class/summer2026/cmsc430/Slides.html  (not a recognized HTML slideshow)
    ! fail   https://www.cs.umd.edu/class/spring2026/protected/lectures/lecture23.pdf  (http 404)
    ! fail   https://www.cs.umd.edu/class/spring2026/protected/lectures/lecture25.pdf  (http 404)
    ! fail   https://www.cs.umd.edu/class/spring2026/protected/lectures/example06-function-call.pdf  (http 404)
    ! fail   https://www.cs.umd.edu/class/spring2026/protected/lectures/lecture26.pdf  (http 404)
    ! fail   https://www.cs.umd.edu/class/spring2026/protected/lectures/example07-simple-recursion.pdf  (http 404)
    ! fail   https://www.cs.umd.edu/class/spring2026/protected/lectures/example08-local-variables.pdf  (http 404)
    ! fail   https://www.cs.umd.edu/class/spring2026/protected/lectures/example09-recursive-parameter.pdf  (http 404)
    ! fail   https://www.cs.umd.edu/class/spring2026/protected/lectures/example10-param+ret-value.pdf  (http 404)
    ! fail   https://www.cs.umd.edu/class/spring2026/protected/lectures/lecture27.pdf  (http 404)
    + saved  11_1_overview_and_foundations.pptx
    + saved  12_2_foundations_arch.pptx
    + saved  13_3_internetworking_DV_routing.pptx
    + saved  14_4_internetworking_DV_LS_routing.pptx
    + saved  15_5_internetworking_LSRouting_IP.pptx
    + saved  16_6_internetworking_IP.pptx
    + saved  17_7_internetworking_IP_addresses.pptx
    + saved  18_8_internetworking_subnet_CIDR_DHCP.pptx
    + saved  19_9_internetworking_subnet_CIDR_DHCP_part2.pptx
    + saved  20_10_DHCP_NAT_ARP_ICMP_VPN_IPV6.pptx
    + saved  21_11_ICMP_VPN_IPV6.pptx
    + saved  22_12_IPV6_TransportLayer.pptx
    + saved  23_13_TransportLayer.pptx
    + saved  24_14_TransportLayer_ARQ_FlowControl.pptx
    + saved  25_15_TransportLayer_FlowControl.pptx
    + saved  26_16_TransportLayer_Flow_and_Congestion_control.pptx
    + saved  27_17_TransportLayer_Congestion_control.pptx
    + saved  28_18_Chord_protocol.pptx
    + saved  29_19_AdvancedTCP.pptx
    + saved  30_20_AdvancedTCP_LinkLayer.pptx
    + saved  31_21_LinkLayer.pptx
    + saved  32_22_LinkLayerDevices_BGP.pptx
    + saved  33_23_BGP_policies_ApplicationLayer.pptx
    + saved  34_24_ApplicationLayer.pptx
    + saved  35_lecture1-intro.pdf
    + saved  36_lecture1-dfa.pdf
    + saved  37_lecture2-dfa-closure.pdf
    + saved  38_lecture3-nfa.pdf
    + saved  39_lecture4-nfa-equiv.pdf
    + saved  40_lecture5-small-state.pdf
    + saved  41_lecture6-pumping-lemma.pdf
    + saved  42_lecture7-pumping-lemma.pdf
    + saved  43_lecture8-regex.pdf
    + saved  44_reu452.pdf
    + saved  45_lecture9-cfl.pdf
    + saved  46_lecture10-cfl-P.pdf
    + saved  47_lecture11-small-cfg.pdf
    + saved  48_lecture13-tm.pdf
    + saved  49_lecture14-halt.pdf
    + saved  50_lecture15-time-hierarchy.pdf
    + saved  51_lecture16-np.pdf
    + saved  52_lecture17-npc.pdf
    + saved  53_lecture18-npc-graph.pdf
    + saved  54_lecture19-npc-dich.pdf
    + saved  55_lecture21-space.pdf
    + saved  56_lecture22-circuit.pdf
    + saved  57_03_vectorcalc_slides.pdf
    + saved  58_w1-Intro2XR.pdf
    + saved  59_w3-Intro2Graphics.pdf
    + saved  60_w4-Intro2Audio.pdf
    + saved  61_w5_6-sound_synthesis.pdf
    + saved  62_w8-DigitalHuman.pdf
    + saved  63_w9-presence.pdf
    + saved  64_w12-locomote-Niall.pdf
    + saved  65_w13-AR.pdf
    + saved  66_w14-haptics.pdf
    ! fail   https://www.cs.umd.edu/class/spring2026/cmsc754/lectures.html  (not a recognized HTML slideshow)
    -> saved: 56 new, 0 skip, 0 dup, 11 fail  (https://www.cs.umd.edu/class/)
===== [167/646] =====

### CMSC131 - University of Maryland  (ratings=20.0)
    url: https://www.cs.umd.edu/class/summer2024/cmsc131/index.shtml
    [follow] no slides here; checking 10 sub-page(s)
    [found] 30 slide link(s) at reduction 0
    ! fail   https://www.cs.umd.edu/class/summer2024/cmsc131/lectures/Week1/CourseIntro.pdf  (http 401)
    ! fail   https://www.cs.umd.edu/class/summer2024/cmsc131/lectures/Week1/CompOrgEclipseIntro.pdf  (http 401)
    ! fail   https://www.cs.umd.edu/class/summer2024/cmsc131/lectures/Week1/JavaIntro.pdf  (http 401)
    ! fail   https://www.cs.umd.edu/class/summer2024/cmsc131/lectures/Week1/JavaVariablesTypes.pdf  (http 401)
    ! fail   https://www.cs.umd.edu/class/summer2024/cmsc131/lectures/Week2/StringScanner.pdf  (http 401)
    ! fail   https://www.cs.umd.edu/class/summer2024/cmsc131/lectures/Week2/CondStmtStyle.pdf  (http 401)
    ! fail   https://www.cs.umd.edu/class/summer2024/cmsc131/lectures/Week2/LoopsWhileDoWhile.pdf  (http 401)
    ! fail   https://www.cs.umd.edu/class/summer2024/cmsc131/lectures/Week3/ForNestedLoops.pdf  (http 401)
    ! fail   https://www.cs.umd.edu/class/summer2024/cmsc131/lectures/Week3/StaticMethods.pdf  (http 401)
    ! fail   https://www.cs.umd.edu/class/summer2024/cmsc131/lectures/Week4/Libraries.pdf  (http 401)
    ! fail   https://www.cs.umd.edu/class/summer2024/cmsc131/lectures/Week4/PrecAssocCasting.pdf  (http 401)
    ! fail   https://www.cs.umd.edu/class/summer2024/cmsc131/lectures/Week4/StringMathLib.pdf  (http 401)
    ! fail   https://www.cs.umd.edu/class/summer2024/cmsc131/lectures/Week5/ClassesI.pdf  (http 401)
    ! fail   https://www.cs.umd.edu/class/summer2024/cmsc131/lectures/Week5/ClassesII.pdf  (http 401)
    ! fail   https://www.cs.umd.edu/class/summer2024/cmsc131/lectures/Week5/MemoryDiagrams.pdf  (http 401)
    ! fail   https://www.cs.umd.edu/class/summer2024/cmsc131/lectures/Week7/Exceptions.pdf  (http 401)
    ! fail   https://www.cs.umd.edu/class/summer2024/cmsc131/lectures/Week7/TestingDebugging.pdf  (http 401)
    ! fail   https://www.cs.umd.edu/class/summer2024/cmsc131/lectures/Week8/ArraysI.pdf  (http 401)
    ! fail   https://www.cs.umd.edu/class/summer2024/cmsc131/lectures/Week8/ArraysII.pdf  (http 401)
    ! fail   https://www.cs.umd.edu/class/summer2024/cmsc131/lectures/Week9/TernarySwitch.pdf  (http 401)
    ! fail   https://www.cs.umd.edu/class/summer2024/cmsc131/lectures/Week9/PrivacyLeakCopying.pdf  (http 401)
    ! fail   https://www.cs.umd.edu/class/summer2024/cmsc131/lectures/Week9/WrappersOverloading.pdf  (http 401)
    ! fail   https://www.cs.umd.edu/class/summer2024/cmsc131/lectures/Week10/Abstraction.pdf  (http 401)
    ! fail   https://www.cs.umd.edu/class/summer2024/cmsc131/lectures/Week10/ArrayListInterfaces.pdf  (http 401)
    ! fail   https://www.cs.umd.edu/class/summer2024/cmsc131/lectures/Week11/TwoDimArrays.pdf  (http 401)
    ! fail   https://www.cs.umd.edu/class/summer2024/cmsc131/lectures/Week12/Recursion.pdf  (http 401)
    ! fail   https://www.cs.umd.edu/class/summer2024/cmsc131/lectures/Week13/InheritanceIntro.pdf  (http 401)
    ! fail   https://www.cs.umd.edu/class/summer2024/cmsc131/lectures/Week13/FindObjectClass.pdf  (http 401)
    ! fail   https://www.cs.umd.edu/class/summer2024/cmsc131/lectures/Week13/MultipleInheritance.pdf  (http 401)
    ! fail   https://www.cs.umd.edu/class/summer2024/cmsc131/lectures/Week13/CmdLineArgsLoops.pdf  (http 401)
    [retry] links found but none downloaded; reducing further
    [reduce 1] https://www.cs.umd.edu/class/summer2024/cmsc131/
    [follow] no slides here; checking 11 sub-page(s)
    [found] 30 slide link(s) at reduction 1
    ! fail   https://www.cs.umd.edu/class/summer2024/cmsc131/lectures/Week1/CourseIntro.pdf  (http 401)
    ! fail   https://www.cs.umd.edu/class/summer2024/cmsc131/lectures/Week1/CompOrgEclipseIntro.pdf  (http 401)
    ! fail   https://www.cs.umd.edu/class/summer2024/cmsc131/lectures/Week1/JavaIntro.pdf  (http 401)
    ! fail   https://www.cs.umd.edu/class/summer2024/cmsc131/lectures/Week1/JavaVariablesTypes.pdf  (http 401)
    ! fail   https://www.cs.umd.edu/class/summer2024/cmsc131/lectures/Week2/StringScanner.pdf  (http 401)
    ! fail   https://www.cs.umd.edu/class/summer2024/cmsc131/lectures/Week2/CondStmtStyle.pdf  (http 401)
    ! fail   https://www.cs.umd.edu/class/summer2024/cmsc131/lectures/Week2/LoopsWhileDoWhile.pdf  (http 401)
    ! fail   https://www.cs.umd.edu/class/summer2024/cmsc131/lectures/Week3/ForNestedLoops.pdf  (http 401)
    ! fail   https://www.cs.umd.edu/class/summer2024/cmsc131/lectures/Week3/StaticMethods.pdf  (http 401)
    ! fail   https://www.cs.umd.edu/class/summer2024/cmsc131/lectures/Week4/Libraries.pdf  (http 401)
    ! fail   https://www.cs.umd.edu/class/summer2024/cmsc131/lectures/Week4/PrecAssocCasting.pdf  (http 401)
    ! fail   https://www.cs.umd.edu/class/summer2024/cmsc131/lectures/Week4/StringMathLib.pdf  (http 401)
    ! fail   https://www.cs.umd.edu/class/summer2024/cmsc131/lectures/Week5/ClassesI.pdf  (http 401)
    ! fail   https://www.cs.umd.edu/class/summer2024/cmsc131/lectures/Week5/ClassesII.pdf  (http 401)
    ! fail   https://www.cs.umd.edu/class/summer2024/cmsc131/lectures/Week5/MemoryDiagrams.pdf  (http 401)
    ! fail   https://www.cs.umd.edu/class/summer2024/cmsc131/lectures/Week7/Exceptions.pdf  (http 401)
    ! fail   https://www.cs.umd.edu/class/summer2024/cmsc131/lectures/Week7/TestingDebugging.pdf  (http 401)
    ! fail   https://www.cs.umd.edu/class/summer2024/cmsc131/lectures/Week8/ArraysI.pdf  (http 401)
    ! fail   https://www.cs.umd.edu/class/summer2024/cmsc131/lectures/Week8/ArraysII.pdf  (http 401)
    ! fail   https://www.cs.umd.edu/class/summer2024/cmsc131/lectures/Week9/TernarySwitch.pdf  (http 401)
    ! fail   https://www.cs.umd.edu/class/summer2024/cmsc131/lectures/Week9/PrivacyLeakCopying.pdf  (http 401)
    ! fail   https://www.cs.umd.edu/class/summer2024/cmsc131/lectures/Week9/WrappersOverloading.pdf  (http 401)
    ! fail   https://www.cs.umd.edu/class/summer2024/cmsc131/lectures/Week10/Abstraction.pdf  (http 401)
    ! fail   https://www.cs.umd.edu/class/summer2024/cmsc131/lectures/Week10/ArrayListInterfaces.pdf  (http 401)
    ! fail   https://www.cs.umd.edu/class/summer2024/cmsc131/lectures/Week11/TwoDimArrays.pdf  (http 401)
    ! fail   https://www.cs.umd.edu/class/summer2024/cmsc131/lectures/Week12/Recursion.pdf  (http 401)
    ! fail   https://www.cs.umd.edu/class/summer2024/cmsc131/lectures/Week13/InheritanceIntro.pdf  (http 401)
    ! fail   https://www.cs.umd.edu/class/summer2024/cmsc131/lectures/Week13/FindObjectClass.pdf  (http 401)
    ! fail   https://www.cs.umd.edu/class/summer2024/cmsc131/lectures/Week13/MultipleInheritance.pdf  (http 401)
    ! fail   https://www.cs.umd.edu/class/summer2024/cmsc131/lectures/Week13/CmdLineArgsLoops.pdf  (http 401)
    [retry] links found but none downloaded; reducing further
    [reduce 2] https://www.cs.umd.edu/class/summer2024/
    [fetch] status=403
    [reduce 3] https://www.cs.umd.edu/class/
    [follow] no slides here; checking 40 sub-page(s)
    [found] 67 slide link(s) at reduction 3
    ! fail   https://www.cs.umd.edu/class/summer2026/cmsc430/Slides.html  (not a recognized HTML slideshow)
    ! fail   https://www.cs.umd.edu/class/spring2026/protected/lectures/lecture23.pdf  (http 404)
    ! fail   https://www.cs.umd.edu/class/spring2026/protected/lectures/lecture25.pdf  (http 404)
    ! fail   https://www.cs.umd.edu/class/spring2026/protected/lectures/example06-function-call.pdf  (http 404)
    ! fail   https://www.cs.umd.edu/class/spring2026/protected/lectures/lecture26.pdf  (http 404)
    ! fail   https://www.cs.umd.edu/class/spring2026/protected/lectures/example07-simple-recursion.pdf  (http 404)
    ! fail   https://www.cs.umd.edu/class/spring2026/protected/lectures/example08-local-variables.pdf  (http 404)
    ! fail   https://www.cs.umd.edu/class/spring2026/protected/lectures/example09-recursive-parameter.pdf  (http 404)
    ! fail   https://www.cs.umd.edu/class/spring2026/protected/lectures/example10-param+ret-value.pdf  (http 404)
    ! fail   https://www.cs.umd.edu/class/spring2026/protected/lectures/lecture27.pdf  (http 404)
    + saved  11_1_overview_and_foundations.pptx
    + saved  12_2_foundations_arch.pptx
    + saved  13_3_internetworking_DV_routing.pptx
    + saved  14_4_internetworking_DV_LS_routing.pptx
    + saved  15_5_internetworking_LSRouting_IP.pptx
    + saved  16_6_internetworking_IP.pptx
    + saved  17_7_internetworking_IP_addresses.pptx
    + saved  18_8_internetworking_subnet_CIDR_DHCP.pptx
    + saved  19_9_internetworking_subnet_CIDR_DHCP_part2.pptx
    + saved  20_10_DHCP_NAT_ARP_ICMP_VPN_IPV6.pptx
    + saved  21_11_ICMP_VPN_IPV6.pptx
    + saved  22_12_IPV6_TransportLayer.pptx
    + saved  23_13_TransportLayer.pptx
    + saved  24_14_TransportLayer_ARQ_FlowControl.pptx
    + saved  25_15_TransportLayer_FlowControl.pptx
    + saved  26_16_TransportLayer_Flow_and_Congestion_control.pptx
    + saved  27_17_TransportLayer_Congestion_control.pptx
    + saved  28_18_Chord_protocol.pptx
    + saved  29_19_AdvancedTCP.pptx
    + saved  30_20_AdvancedTCP_LinkLayer.pptx
    + saved  31_21_LinkLayer.pptx
    + saved  32_22_LinkLayerDevices_BGP.pptx
    + saved  33_23_BGP_policies_ApplicationLayer.pptx
    + saved  34_24_ApplicationLayer.pptx
    + saved  35_lecture1-intro.pdf
    + saved  36_lecture1-dfa.pdf
    + saved  37_lecture2-dfa-closure.pdf
    + saved  38_lecture3-nfa.pdf
    + saved  39_lecture4-nfa-equiv.pdf
    + saved  40_lecture5-small-state.pdf
    + saved  41_lecture6-pumping-lemma.pdf
    + saved  42_lecture7-pumping-lemma.pdf
    + saved  43_lecture8-regex.pdf
    + saved  44_reu452.pdf
    + saved  45_lecture9-cfl.pdf
    + saved  46_lecture10-cfl-P.pdf
    + saved  47_lecture11-small-cfg.pdf
    + saved  48_lecture13-tm.pdf
    + saved  49_lecture14-halt.pdf
    + saved  50_lecture15-time-hierarchy.pdf
    + saved  51_lecture16-np.pdf
    + saved  52_lecture17-npc.pdf
    + saved  53_lecture18-npc-graph.pdf
    + saved  54_lecture19-npc-dich.pdf
    + saved  55_lecture21-space.pdf
    + saved  56_lecture22-circuit.pdf
    + saved  57_03_vectorcalc_slides.pdf
    + saved  58_w1-Intro2XR.pdf
    + saved  59_w3-Intro2Graphics.pdf
    + saved  60_w4-Intro2Audio.pdf
    + saved  61_w5_6-sound_synthesis.pdf
    + saved  62_w8-DigitalHuman.pdf
    + saved  63_w9-presence.pdf
    + saved  64_w12-locomote-Niall.pdf
    + saved  65_w13-AR.pdf
    + saved  66_w14-haptics.pdf
    ! fail   https://www.cs.umd.edu/class/spring2026/cmsc754/lectures.html  (not a recognized HTML slideshow)
    -> saved: 56 new, 0 skip, 0 dup, 11 fail  (https://www.cs.umd.edu/class/)
===== [168/646] =====

### CMSC132 - University of Maryland  (ratings=40.0)
    url: https://www.cs.umd.edu/class/spring2025/cmsc132-010X-020X/index.shtml
    [follow] no slides here; checking 10 sub-page(s)
    [found] 27 slide link(s) at reduction 0
    ! fail   https://www.cs.umd.edu/class/spring2025/cmsc132-010X-020X/lectures/Week1/JavaBasics.pdf  (http 401)
    ! fail   https://www.cs.umd.edu/class/spring2025/cmsc132-010X-020X/lectures/Week1/InheritanceOne.pdf  (http 401)
    ! fail   https://www.cs.umd.edu/class/spring2025/cmsc132-010X-020X/lectures/Week1/InheritanceTwo.pdf  (http 401)
    ! fail   https://www.cs.umd.edu/class/spring2025/cmsc132-010X-020X/lectures/Week2/AbstractClassesInheritance.pdf  (http 401)
    ! fail   https://www.cs.umd.edu/class/spring2025/cmsc132-010X-020X/lectures/Week2/Abstraction.pdf  (http 401)
    ! fail   https://www.cs.umd.edu/class/spring2025/cmsc132-010X-020X/lectures/Week2/JCF.pdf  (http 401)
    ! fail   https://www.cs.umd.edu/class/spring2025/cmsc132-010X-020X/lectures/Week3/Stack.pdf  (http 401)
    ! fail   https://www.cs.umd.edu/class/spring2025/cmsc132-010X-020X/lectures/Week3/Queue.pdf  (http 401)
    ! fail   https://www.cs.umd.edu/class/spring2025/cmsc132-010X-020X/lectures/Week3/Exceptions.pdf  (http 401)
    ! fail   https://www.cs.umd.edu/class/spring2025/cmsc132-010X-020X/lectures/Week4/Generics.pdf  (http 401)
    ! fail   https://www.cs.umd.edu/class/spring2025/cmsc132-010X-020X/lectures/Week5/AlgorithmicComplexityI.pdf  (http 401)
    ! fail   https://www.cs.umd.edu/class/spring2025/cmsc132-010X-020X/lectures/Week6/NestedTypes.pdf  (http 401)
    ! fail   https://www.cs.umd.edu/class/spring2025/cmsc132-010X-020X/lectures/Week6/LinkedList.pdf  (http 401)
    ! fail   https://www.cs.umd.edu/class/spring2025/cmsc132-010X-020X/lectures/Week8/SetsMaps.pdf  (http 401)
    ! fail   https://www.cs.umd.edu/class/spring2025/cmsc132-010X-020X/lectures/Week8/Hashing1.pdf  (http 401)
    ! fail   https://www.cs.umd.edu/class/spring2025/cmsc132-010X-020X/lectures/Week9/Hashing2.pdf  (http 401)
    ! fail   https://www.cs.umd.edu/class/spring2025/cmsc132-010X-020X/lectures/Week9/Hashing3.pdf  (http 401)
    ! fail   https://www.cs.umd.edu/class/spring2025/cmsc132-010X-020X/lectures/Week10/RootedTrees.pdf  (http 401)
    ! fail   https://www.cs.umd.edu/class/spring2025/cmsc132-010X-020X/lectures/Week10/BinaryTrees.pdf  (http 401)
    ! fail   https://www.cs.umd.edu/class/spring2025/cmsc132-010X-020X/lectures/Week11/BST.pdf  (http 401)
    ! fail   https://www.cs.umd.edu/class/spring2025/cmsc132-010X-020X/lectures/Week12/PQ1.pdf  (http 401)
    ! fail   https://www.cs.umd.edu/class/spring2025/cmsc132-010X-020X/lectures/Week12/PQ2.pdf  (http 401)
    ! fail   https://www.cs.umd.edu/class/spring2025/cmsc132-010X-020X/lectures/Week13/HeapSort.pdf  (http 401)
    ! fail   https://www.cs.umd.edu/class/spring2025/cmsc132-010X-020X/lectures/Week13/GraphImp.pdf  (http 401)
    ! fail   https://www.cs.umd.edu/class/spring2025/cmsc132-010X-020X/lectures/Week13/GraphTraversal.pdf  (http 401)
    ! fail   https://www.cs.umd.edu/class/spring2025/cmsc132-010X-020X/lectures/Week14/DijkstrasAlgorithm.pdf  (http 401)
    ! fail   https://www.cs.umd.edu/class/spring2025/cmsc132-010X-020X/lectures/Week14/DijkstrasExample.pdf  (http 401)
    [retry] links found but none downloaded; reducing further
    [reduce 1] https://www.cs.umd.edu/class/spring2025/cmsc132-010X-020X/
    [follow] no slides here; checking 11 sub-page(s)
    [found] 27 slide link(s) at reduction 1
    ! fail   https://www.cs.umd.edu/class/spring2025/cmsc132-010X-020X/lectures/Week1/JavaBasics.pdf  (http 401)
    ! fail   https://www.cs.umd.edu/class/spring2025/cmsc132-010X-020X/lectures/Week1/InheritanceOne.pdf  (http 401)
    ! fail   https://www.cs.umd.edu/class/spring2025/cmsc132-010X-020X/lectures/Week1/InheritanceTwo.pdf  (http 401)
    ! fail   https://www.cs.umd.edu/class/spring2025/cmsc132-010X-020X/lectures/Week2/AbstractClassesInheritance.pdf  (http 401)
    ! fail   https://www.cs.umd.edu/class/spring2025/cmsc132-010X-020X/lectures/Week2/Abstraction.pdf  (http 401)
    ! fail   https://www.cs.umd.edu/class/spring2025/cmsc132-010X-020X/lectures/Week2/JCF.pdf  (http 401)
    ! fail   https://www.cs.umd.edu/class/spring2025/cmsc132-010X-020X/lectures/Week3/Stack.pdf  (http 401)
    ! fail   https://www.cs.umd.edu/class/spring2025/cmsc132-010X-020X/lectures/Week3/Queue.pdf  (http 401)
    ! fail   https://www.cs.umd.edu/class/spring2025/cmsc132-010X-020X/lectures/Week3/Exceptions.pdf  (http 401)
    ! fail   https://www.cs.umd.edu/class/spring2025/cmsc132-010X-020X/lectures/Week4/Generics.pdf  (http 401)
    ! fail   https://www.cs.umd.edu/class/spring2025/cmsc132-010X-020X/lectures/Week5/AlgorithmicComplexityI.pdf  (http 401)
    ! fail   https://www.cs.umd.edu/class/spring2025/cmsc132-010X-020X/lectures/Week6/NestedTypes.pdf  (http 401)
    ! fail   https://www.cs.umd.edu/class/spring2025/cmsc132-010X-020X/lectures/Week6/LinkedList.pdf  (http 401)
    ! fail   https://www.cs.umd.edu/class/spring2025/cmsc132-010X-020X/lectures/Week8/SetsMaps.pdf  (http 401)
    ! fail   https://www.cs.umd.edu/class/spring2025/cmsc132-010X-020X/lectures/Week8/Hashing1.pdf  (http 401)
    ! fail   https://www.cs.umd.edu/class/spring2025/cmsc132-010X-020X/lectures/Week9/Hashing2.pdf  (http 401)
    ! fail   https://www.cs.umd.edu/class/spring2025/cmsc132-010X-020X/lectures/Week9/Hashing3.pdf  (http 401)
    ! fail   https://www.cs.umd.edu/class/spring2025/cmsc132-010X-020X/lectures/Week10/RootedTrees.pdf  (http 401)
    ! fail   https://www.cs.umd.edu/class/spring2025/cmsc132-010X-020X/lectures/Week10/BinaryTrees.pdf  (http 401)
    ! fail   https://www.cs.umd.edu/class/spring2025/cmsc132-010X-020X/lectures/Week11/BST.pdf  (http 401)
    ! fail   https://www.cs.umd.edu/class/spring2025/cmsc132-010X-020X/lectures/Week12/PQ1.pdf  (http 401)
    ! fail   https://www.cs.umd.edu/class/spring2025/cmsc132-010X-020X/lectures/Week12/PQ2.pdf  (http 401)
    ! fail   https://www.cs.umd.edu/class/spring2025/cmsc132-010X-020X/lectures/Week13/HeapSort.pdf  (http 401)
    ! fail   https://www.cs.umd.edu/class/spring2025/cmsc132-010X-020X/lectures/Week13/GraphImp.pdf  (http 401)
    ! fail   https://www.cs.umd.edu/class/spring2025/cmsc132-010X-020X/lectures/Week13/GraphTraversal.pdf  (http 401)
    ! fail   https://www.cs.umd.edu/class/spring2025/cmsc132-010X-020X/lectures/Week14/DijkstrasAlgorithm.pdf  (http 401)
    ! fail   https://www.cs.umd.edu/class/spring2025/cmsc132-010X-020X/lectures/Week14/DijkstrasExample.pdf  (http 401)
    [retry] links found but none downloaded; reducing further
    [reduce 2] https://www.cs.umd.edu/class/spring2025/
    [fetch] status=403
    [reduce 3] https://www.cs.umd.edu/class/
    [follow] no slides here; checking 40 sub-page(s)
    [found] 67 slide link(s) at reduction 3
    ! fail   https://www.cs.umd.edu/class/summer2026/cmsc430/Slides.html  (not a recognized HTML slideshow)
    ! fail   https://www.cs.umd.edu/class/spring2026/protected/lectures/lecture23.pdf  (http 404)
    ! fail   https://www.cs.umd.edu/class/spring2026/protected/lectures/lecture25.pdf  (http 404)
    ! fail   https://www.cs.umd.edu/class/spring2026/protected/lectures/example06-function-call.pdf  (http 404)
    ! fail   https://www.cs.umd.edu/class/spring2026/protected/lectures/lecture26.pdf  (http 404)
    ! fail   https://www.cs.umd.edu/class/spring2026/protected/lectures/example07-simple-recursion.pdf  (http 404)
    ! fail   https://www.cs.umd.edu/class/spring2026/protected/lectures/example08-local-variables.pdf  (http 404)
    ! fail   https://www.cs.umd.edu/class/spring2026/protected/lectures/example09-recursive-parameter.pdf  (http 404)
    ! fail   https://www.cs.umd.edu/class/spring2026/protected/lectures/example10-param+ret-value.pdf  (http 404)
    ! fail   https://www.cs.umd.edu/class/spring2026/protected/lectures/lecture27.pdf  (http 404)
    + saved  11_1_overview_and_foundations.pptx
    + saved  12_2_foundations_arch.pptx
    + saved  13_3_internetworking_DV_routing.pptx
    + saved  14_4_internetworking_DV_LS_routing.pptx
    + saved  15_5_internetworking_LSRouting_IP.pptx
    + saved  16_6_internetworking_IP.pptx
    + saved  17_7_internetworking_IP_addresses.pptx
    + saved  18_8_internetworking_subnet_CIDR_DHCP.pptx
    + saved  19_9_internetworking_subnet_CIDR_DHCP_part2.pptx
    + saved  20_10_DHCP_NAT_ARP_ICMP_VPN_IPV6.pptx
    + saved  21_11_ICMP_VPN_IPV6.pptx
    + saved  22_12_IPV6_TransportLayer.pptx
    + saved  23_13_TransportLayer.pptx
    + saved  24_14_TransportLayer_ARQ_FlowControl.pptx
    + saved  25_15_TransportLayer_FlowControl.pptx
    + saved  26_16_TransportLayer_Flow_and_Congestion_control.pptx
    + saved  27_17_TransportLayer_Congestion_control.pptx
    + saved  28_18_Chord_protocol.pptx
    + saved  29_19_AdvancedTCP.pptx
    + saved  30_20_AdvancedTCP_LinkLayer.pptx
    + saved  31_21_LinkLayer.pptx
    + saved  32_22_LinkLayerDevices_BGP.pptx
    + saved  33_23_BGP_policies_ApplicationLayer.pptx
    + saved  34_24_ApplicationLayer.pptx
    + saved  35_lecture1-intro.pdf
    + saved  36_lecture1-dfa.pdf
    + saved  37_lecture2-dfa-closure.pdf
    + saved  38_lecture3-nfa.pdf
    + saved  39_lecture4-nfa-equiv.pdf
    + saved  40_lecture5-small-state.pdf
    + saved  41_lecture6-pumping-lemma.pdf
    + saved  42_lecture7-pumping-lemma.pdf
    + saved  43_lecture8-regex.pdf
    + saved  44_reu452.pdf
    + saved  45_lecture9-cfl.pdf
    + saved  46_lecture10-cfl-P.pdf
    + saved  47_lecture11-small-cfg.pdf
    + saved  48_lecture13-tm.pdf
    + saved  49_lecture14-halt.pdf
    + saved  50_lecture15-time-hierarchy.pdf
    + saved  51_lecture16-np.pdf
    + saved  52_lecture17-npc.pdf
    + saved  53_lecture18-npc-graph.pdf
    + saved  54_lecture19-npc-dich.pdf
    + saved  55_lecture21-space.pdf
    + saved  56_lecture22-circuit.pdf
    + saved  57_03_vectorcalc_slides.pdf
    + saved  58_w1-Intro2XR.pdf
    + saved  59_w3-Intro2Graphics.pdf
    + saved  60_w4-Intro2Audio.pdf
    + saved  61_w5_6-sound_synthesis.pdf
    + saved  62_w8-DigitalHuman.pdf
    + saved  63_w9-presence.pdf
    + saved  64_w12-locomote-Niall.pdf
    + saved  65_w13-AR.pdf
    + saved  66_w14-haptics.pdf
    ! fail   https://www.cs.umd.edu/class/spring2026/cmsc754/lectures.html  (not a recognized HTML slideshow)
    -> saved: 56 new, 0 skip, 0 dup, 11 fail  (https://www.cs.umd.edu/class/)
===== [169/646] =====

### CMSC23000 - University of Chicago  (ratings=14.0)
    url: https://super.cs.uchicago.edu/usable19/
    [found] 15 slide link(s) at reduction 0
    + saved  1_lecture01.pdf
    + saved  2_lecture02.pdf
    + saved  3_lecture03.pdf
    + saved  4_lecture04.pdf
    + saved  5_lecture05.pdf
    + saved  6_lecture06.pdf
    + saved  7_lecture07.pdf
    + saved  8_lecture08.pdf
    + saved  9_lecture09.pdf
    + saved  10_lecture10.pdf
    + saved  11_lecture13.pdf
    + saved  12_lecture14.pdf
    + saved  13_lecture15.pdf
    + saved  14_lecture16.pdf
    + saved  15_lecture17.pdf
    -> saved: 15 new, 0 skip, 0 dup, 0 fail  (https://super.cs.uchicago.edu/usable19/)
===== [170/646] =====

### CMSC231 - Haverford College  (ratings=5.0)
    url: https://thao-nguyen-ai.github.io/courses/cs105/s25/index.html
    [found] 19 slide link(s) at reduction 0
    + saved  1_lec01.pdf
    + saved  2_lec02.pdf
    + saved  3_lec03.pdf
    + saved  4_lec04.pdf
    + saved  5_lec05.pdf
    + saved  6_lec06.pdf
    + saved  7_lec07.pdf
    + saved  8_lec08.pdf
    + saved  9_lec09.pdf
    + saved  10_lec10.pdf
    + saved  11_lec11.pdf
    + saved  12_lec12.pdf
    + saved  13_lec13.pdf
    + saved  14_lec14.pdf
    + saved  15_lec15.pdf
    + saved  16_lec16.pdf
    + saved  17_lec17.pdf
    + saved  18_lec18.pdf
    + saved  19_lec19.pdf
    -> saved: 19 new, 0 skip, 0 dup, 0 fail  (https://thao-nguyen-ai.github.io/courses/cs105/s25/index.html)
===== [171/646] =====

### CMSC235 - Virginia Commonwealth University  (ratings=11.0)
    url: https://connected.vcu.edu/students/course/
    [follow] no slides here; checking 2 sub-page(s)
    [found] 3 slide link(s) at reduction 0
    ! fail   https://drive.google.com/file/d/1VsutFJMCIyURL2j_k2htdvljSJFH1wCa/view?usp=share_link  (html response, not a file)
    + saved  2_session1.pdf
    + saved  3_session2.pdf
    -> saved: 2 new, 0 skip, 0 dup, 1 fail  (https://connected.vcu.edu/students/course/)
===== [172/646] =====

### CMSI185 - Loyola Marymount University  (ratings=9.0)
    url: https://cs.lmu.edu/~ray/classes/cp/
    [follow] no slides here; checking 1 sub-page(s)
    [reduce 1] https://cs.lmu.edu/~ray/classes/
    -> no slides found on any reduced URL
===== [173/646] =====

### COEN250 - Santa Clara University  (ratings=11.0)
    url: https://github.com/mySCU/COEN250
    [follow] no slides here; checking 12 sub-page(s)
    [reduce 1] https://github.com/mySCU/
    [follow] no slides here; checking 9 sub-page(s)
    -> no slides found on any reduced URL
===== [174/646] =====

### COEN276 - Santa Clara University  (ratings=8.0)
    url: https://www.scu.edu/engineering/current-student-resources/current-undergraduate-students/presentation-templates-and-graphics/
    [found] 2 slide link(s) at reduction 0
    ! fail   https://www.scu.edu/media/school-of-engineering/pdfs/current-student-resources/undergraduate/SoE-ADA-Compliant-Google-Slides.ppt  (not a ppt (bad magic bytes))
    + saved  2_Proposal-preparation.pdf
    -> saved: 1 new, 0 skip, 0 dup, 1 fail  (https://www.scu.edu/engineering/current-student-resources/current-undergraduate-students/presentation-templates-and-graphics/)
===== [175/646] =====

### COEN380 - Santa Clara University  (ratings=15.0)
    url: https://www.scu.edu/engineering/current-student-resources/current-undergraduate-students/presentation-templates-and-graphics/
    [found] 2 slide link(s) at reduction 0
    ! fail   https://www.scu.edu/media/school-of-engineering/pdfs/current-student-resources/undergraduate/SoE-ADA-Compliant-Google-Slides.ppt  (not a ppt (bad magic bytes))
    + saved  2_Proposal-preparation.pdf
    -> saved: 1 new, 0 skip, 0 dup, 1 fail  (https://www.scu.edu/engineering/current-student-resources/current-undergraduate-students/presentation-templates-and-graphics/)
===== [176/646] =====

### COEN383 - Santa Clara University  (ratings=8.0)
    url: https://www.scu.edu/engineering/current-student-resources/current-undergraduate-students/presentation-templates-and-graphics/
    [found] 2 slide link(s) at reduction 0
    ! fail   https://www.scu.edu/media/school-of-engineering/pdfs/current-student-resources/undergraduate/SoE-ADA-Compliant-Google-Slides.ppt  (not a ppt (bad magic bytes))
    + saved  2_Proposal-preparation.pdf
    -> saved: 1 new, 0 skip, 0 dup, 1 fail  (https://www.scu.edu/engineering/current-student-resources/current-undergraduate-students/presentation-templates-and-graphics/)
===== [177/646] =====

### COMP0015 - Tufts University  (ratings=8.0)
    url: https://sites.tufts.edu/comp15/
    [follow] no slides here; checking 12 sub-page(s)
    -> no slides found on any reduced URL
===== [178/646] =====

### COMP130 - Dickinson College  (ratings=9.0)
    url: https://www.dickinson.edu/johnmaccormick
    [found] 5 slide link(s) at reduction 0
    + saved  1_thinkingAI-CELT-may-2025.pptx
    + saved  2_CELT-akl-uni-aug2024.pptx
    + saved  3_func-prog-ccscne.pptx
    + saved  4_maccormick-lightning-talk-slides-SIGCSE2017.pdf
    + saved  5_public-key-slides.pdf
    -> saved: 5 new, 0 skip, 0 dup, 0 fail  (https://www.dickinson.edu/johnmaccormick)
===== [179/646] =====

### COMP1411 - Lakehead University  (ratings=7.0)
    url: https://hosam.lakeheadu.ca/courses.html
    [found] 2 slide link(s) at reduction 0
    + saved  1_Assignments-homepage.ppt
    + saved  2_Assignments1-homepage.ppt
    -> saved: 2 new, 0 skip, 0 dup, 0 fail  (https://hosam.lakeheadu.ca/courses.html)
===== [180/646] =====

### COMP1431 - Lakehead University  (ratings=6.0)
    url: https://hosam.lakeheadu.ca/courses.html
    [found] 2 slide link(s) at reduction 0
    + saved  1_Assignments-homepage.ppt
    + saved  2_Assignments1-homepage.ppt
    -> saved: 2 new, 0 skip, 0 dup, 0 fail  (https://hosam.lakeheadu.ca/courses.html)
===== [181/646] =====

### COMP15 - Tufts University  (ratings=40.0)
    url: https://www.cs.tufts.edu/comp/15/schedule/lectures/intro/intro.pdf
    [found] 1 slide link(s) at reduction 0
    + saved  1_intro.pdf
    -> saved: 1 new, 0 skip, 0 dup, 0 fail  (https://www.cs.tufts.edu/comp/15/schedule/lectures/intro/intro.pdf)
===== [182/646] =====

### COMP2002 - Memorial University of Newfoundland  (ratings=10.0)
    url: http://www.cs.mun.ca/~kol/courses/1002-f20
    [found] 34 slide link(s) at reduction 0
    ! fail   http://www.cs.mun.ca/~kol/courses/1002-f20/overviews/unit0-overview.html  (not a recognized HTML slideshow)
    ! fail   http://www.cs.mun.ca/~kol/courses/1002-f20/overviews/unit1-overview.html  (not a recognized HTML slideshow)
    + saved  3_COMP1002-1-propositional.pptx
    + saved  4_COMP1002-1-propositional.pdf
    + saved  5_COMP1002-tutorial-1-blank.pptx
    ! fail   http://www.cs.mun.ca/~kol/courses/1002-f20/overviews/unit2-overview.html  (not a recognized HTML slideshow)
    + saved  7_COMP1002-2-reasoning.pptx
    + saved  8_COMP1002-2-reasoning.pdf
    ! fail   http://www.cs.mun.ca/~kol/courses/1002-f20/overviews/unit3-overview.html  (not a recognized HTML slideshow)
    + saved  10_COMP1002-3-predicate.pptx
    + saved  11_COMP1002-3-predicate.pdf
    ! fail   http://www.cs.mun.ca/~kol/courses/1002-f20/overviews/unit4-overview.html  (not a recognized HTML slideshow)
    + saved  13_COMP1002-4-proofs.pptx
    + saved  14_COMP1002-4-proofs.pdf
    ! fail   http://www.cs.mun.ca/~kol/courses/1002-f20/overviews/unit5-overview.html  (not a recognized HTML slideshow)
    + saved  16_COMP1002-5-relations.pptx
    + saved  17_COMP1002-5-relations.pdf
    ! fail   http://www.cs.mun.ca/~kol/courses/1002-f20/overviews/unit6-overview.html  (not a recognized HTML slideshow)
    + saved  19_COMP1002-6-induction.pptx
    + saved  20_COMP1002-6-induction.pdf
    ! fail   http://www.cs.mun.ca/~kol/courses/1002-f20/overviews/unit7-overview.html  (not a recognized HTML slideshow)
    + saved  22_COMP1002-7-recursion.pptx
    + saved  23_COMP1002-7-recursion.pdf
    ! fail   http://www.cs.mun.ca/~kol/courses/1002-f20/overviews/unit8-overview.html  (not a recognized HTML slideshow)
    + saved  25_COMP1002-8-counting.pptx
    + saved  26_COMP1002-8-counting.pdf
    ! fail   http://www.cs.mun.ca/~kol/courses/1002-f20/overviews/unit9-overview.html  (not a recognized HTML slideshow)
    + saved  28_COMP1002-9-probability.pptx
    + saved  29_COMP1002-9-probability.pdf
    + saved  30_COMP1002-tutorial-9-blank.pptx
    ! fail   http://www.cs.mun.ca/~kol/courses/1002-f20/overviews/unit10-overview.html  (not a recognized HTML slideshow)
    + saved  32_COMP1002-10-algorithms.pptx
    + saved  33_COMP1002-10-algorithms.pdf
    + saved  34_COMP1002-tutorial-10-blank.pptx
    -> saved: 23 new, 0 skip, 0 dup, 11 fail  (http://www.cs.mun.ca/~kol/courses/1002-f20)
===== [183/646] =====

### COMP201 - SUNY Potsdam  (ratings=17.0)
    url: https://aykuterdem.github.io/classes/comp201.f25/slides/lect25-wrapping-up.pdf
    [found] 1 slide link(s) at reduction 0
    + saved  1_lect25-wrapping-up.pdf
    -> saved: 1 new, 0 skip, 0 dup, 0 fail  (https://aykuterdem.github.io/classes/comp201.f25/slides/lect25-wrapping-up.pdf)
===== [184/646] =====

### COMP202 - McGill University  (ratings=151.0)
    url: https://www.cs.mcgill.ca/~carlton/COMP202
    [found] 8 slide link(s) at reduction 0
    ! fail   https://www.cs.mcgill.ca/~carlton/week1.pdf  (http 403)
    ! fail   https://www.cs.mcgill.ca/~carlton/week2.pdf  (http 403)
    ! fail   https://www.cs.mcgill.ca/~carlton/week3.pdf  (http 403)
    ! fail   https://www.cs.mcgill.ca/~carlton/week4.pdf  (http 403)
    ! fail   https://www.cs.mcgill.ca/~carlton/week5.pdf  (http 403)
    ! fail   https://www.cs.mcgill.ca/~carlton/week6.pdf  (http 403)
    ! fail   https://www.cs.mcgill.ca/~carlton/week7.pdf  (http 403)
    ! fail   https://www.cs.mcgill.ca/~carlton/week8_9.pdf  (http 403)
    [retry] links found but none downloaded; reducing further
    -> partial: 0 new, 0 skip, 0 dup, 8 fail  (https://www.cs.mcgill.ca/~carlton/COMP202)
===== [185/646] =====

### COMP206 - McGill University  (ratings=41.0)
    url: https://www.cs.mcgill.ca/media/academic/courses/5_COMP_206_4fKefep.pdf
    [found] 1 slide link(s) at reduction 0
    + saved  1_5_COMP_206_4fKefep.pdf
    -> saved: 1 new, 0 skip, 0 dup, 0 fail  (https://www.cs.mcgill.ca/media/academic/courses/5_COMP_206_4fKefep.pdf)
===== [186/646] =====

### COMP208 - McGill University  (ratings=14.0)
    url: http://cs.mcgill.edu/media/academic/courses/6_COMP_208_aKSbV5S.pdf
    [found] 1 slide link(s) at reduction 0
    + saved  1_6_COMP_208_aKSbV5S.pdf
    -> saved: 1 new, 0 skip, 0 dup, 0 fail  (http://cs.mcgill.edu/media/academic/courses/6_COMP_208_aKSbV5S.pdf)
===== [187/646] =====

### COMP230 - McGill University  (ratings=23.0)
    url: https://www.cs.mcgill.ca/media/academic/courses/7_COMP_230_lctTNCP.pdf
    [found] 1 slide link(s) at reduction 0
    + saved  1_7_COMP_230_lctTNCP.pdf
    -> saved: 1 new, 0 skip, 0 dup, 0 fail  (https://www.cs.mcgill.ca/media/academic/courses/7_COMP_230_lctTNCP.pdf)
===== [188/646] =====

### COMP250 - McGill University  (ratings=151.0)
    url: https://cim.mcgill.ca/~langer/250/lecturenotes-all.pdf
    [found] 1 slide link(s) at reduction 0
    + saved  1_lecturenotes-all.pdf
    -> saved: 1 new, 0 skip, 0 dup, 0 fail  (https://cim.mcgill.ca/~langer/250/lecturenotes-all.pdf)
===== [189/646] =====

### COMP251 - McGill University  (ratings=12.0)
    url: https://www.cs.mcgill.ca/~jeromew/comp251.html
    [found] 25 slide link(s) at reduction 0
    + saved  1_COMP251_Intro_F2022.pdf
    + saved  2_COMP251_Lecture1_F2022.pdf
    + saved  3_COMP251_Lecture2_F2022.pdf
    + saved  4_COMP251_Lecture3_F2022.pdf
    + saved  5_COMP251_Lecture4_F2022.pdf
    + saved  6_COMP251_Lecture5_F2022.pdf
    + saved  7_COMP251_Lecture6_F2022.pdf
    + saved  8_COMP251_Lecture7_F2022.pdf
    + saved  9_COMP251_Lecture8_F2022.pdf
    + saved  10_COMP251_Lecture9_F2022.pdf
    + saved  11_COMP251_Lecture10_F2022.pdf
    + saved  12_COMP251_Lecture11_F2022.pdf
    + saved  13_COMP251_Lecture12_F2022.pdf
    + saved  14_COMP251_Lecture13_F2022.pdf
    + saved  15_COMP251_Lecture14_F2022.pdf
    + saved  16_COMP251_Lecture15_F2022.pdf
    + saved  17_COMP251_Lecture16_F2022.pdf
    + saved  18_COMP251_Lecture17_F2022.pdf
    + saved  19_COMP251_Lecture18_F2022.pdf
    + saved  20_COMP251_Lecture19_F2022.pdf
    + saved  21_COMP251_Lecture20_F2022.pdf
    + saved  22_COMP251_Lecture21_F2022.pdf
    + saved  23_COMP251_Lecture22_F2022.pdf
    + saved  24_COMP251_Lecture23_F2022.pdf
    + saved  25_COMP251_Lecture24_F2022.pdf
    -> saved: 25 new, 0 skip, 0 dup, 0 fail  (https://www.cs.mcgill.ca/~jeromew/comp251.html)
===== [190/646] =====

### COMP2710 - Auburn University  (ratings=76.0)
    url: https://www.eng.auburn.edu/~xqin/courses/comp2710/fall09/lectures.htm
    [found] 28 slide link(s) at reduction 0
    ! fail   https://www.eng.auburn.edu/~xqin/courses/comp2710/fall09/Lec01a.ppt  (http 404)
    ! fail   https://www.eng.auburn.edu/~xqin/courses/comp2710/fall09/Lec01b.ppt  (http 404)
    ! fail   https://www.eng.auburn.edu/~xqin/courses/comp2710/fall09/Unix.ppt  (http 404)
    ! fail   http://www.eng.auburn.edu/%7Exqin/courses/comp2710/Lec02a.ppt  (http 404)
    ! fail   http://www.eng.auburn.edu/%7Exqin/courses/comp2710/Lec02b.ppt  (http 404)
    ! fail   http://www.eng.auburn.edu/%7Exqin/courses/comp2710/Lec03a.ppt  (http 404)
    ! fail   http://www.eng.auburn.edu/%7Exqin/courses/comp2710/Lec03b.ppt  (http 404)
    ! fail   http://www.eng.auburn.edu/%7Exqin/courses/comp2710/Lec04a.ppt  (http 404)
    ! fail   http://www.eng.auburn.edu/%7Exqin/courses/comp2710/Lec04b.ppt  (http 404)
    ! fail   http://www.eng.auburn.edu/%7Exqin/courses/comp2710/Lec05a.ppt  (http 404)
    ! fail   http://www.eng.auburn.edu/%7Exqin/courses/comp2710/Lec05b.ppt  (http 404)
    ! fail   http://www.eng.auburn.edu/%7Exqin/courses/comp2710/Lec06a.ppt  (http 404)
    ! fail   https://www.eng.auburn.edu/~xqin/courses/comp2710/fall09/accesspriv.ppt  (http 404)
    ! fail   http://www.eng.auburn.edu/%7Exqin/courses/comp2710/Lec07a.ppt  (http 404)
    ! fail   http://www.eng.auburn.edu/%7Exqin/courses/comp2710/Lec07b.ppt  (http 404)
    ! fail   http://www.eng.auburn.edu/%7Exqin/courses/comp2710/Lec09a.ppt  (http 404)
    ! fail   http://www.eng.auburn.edu/%7Exqin/courses/comp2710/Lec09b.ppt  (http 404)
    ! fail   http://www.eng.auburn.edu/%7Exqin/courses/comp2710/Lec10a.ppt  (http 404)
    ! fail   http://www.eng.auburn.edu/%7Exqin/courses/comp2710/Lec11a.ppt  (http 404)
    ! fail   http://www.eng.auburn.edu/%7Exqin/courses/comp2710/Lec11b.ppt  (<urlopen error timed out>)
    ! fail   http://www.eng.auburn.edu/%7Exqin/courses/comp2710/useCases.ppt  (<urlopen error timed out>)
    ! fail   http://www.eng.auburn.edu/%7Exqin/courses/comp2710/Lec13a.ppt  (<urlopen error timed out>)
    ! fail   http://www.eng.auburn.edu/%7Exqin/courses/comp2710/Lec13b.ppt  (<urlopen error timed out>)
    ! fail   http://www.eng.auburn.edu/%7Exqin/courses/comp2710/makefile.ppt  (<urlopen error timed out>)
    ! fail   http://www.eng.auburn.edu/%7Exqin/courses/comp2710/Lec14a.ppt  (<urlopen error timed out>)
    ! fail   https://www.eng.auburn.edu/~xqin/courses/comp2710/fall09/Lec14b.ppt  (<urlopen error timed out>)
    ! fail   http://www.eng.auburn.edu/%7Exqin/courses/comp2710/Lec16a.ppt  (<urlopen error timed out>)
    ! fail   http://www.eng.auburn.edu/~xqin/courses/comp2710/Lec16b.ppt  (<urlopen error timed out>)
    [retry] links found but none downloaded; reducing further
    [reduce 1] https://www.eng.auburn.edu/~xqin/courses/comp2710/fall09/
    [fetch] error: Page.goto: Timeout 30000ms exceeded.
Call log:
  - navigating to "https://www.eng.auburn.edu/~xqin/courses/comp2710/fall09/", waiting until "domcontentloaded"

    [reduce 2] https://www.eng.auburn.edu/~xqin/courses/comp2710/
    [fetch] error: Page.goto: Timeout 30000ms exceeded.
Call log:
  - navigating to "https://www.eng.auburn.edu/~xqin/courses/comp2710/", waiting until "domcontentloaded"

    [reduce 3] https://www.eng.auburn.edu/~xqin/courses/
    [fetch] error: Page.goto: Timeout 30000ms exceeded.
Call log:
  - navigating to "https://www.eng.auburn.edu/~xqin/courses/", waiting until "domcontentloaded"

    -> partial: 0 new, 0 skip, 0 dup, 28 fail  (https://www.eng.auburn.edu/~xqin/courses/comp2710/fall09/lectures.htm)
===== [191/646] =====

### COMP273 - McGill University  (ratings=82.0)
    url: https://www.cs.mcgill.ca/media/academic/courses/11_COMP_273_qtDlIoA.pdf
    [found] 1 slide link(s) at reduction 0
    + saved  1_11_COMP_273_qtDlIoA.pdf
    -> saved: 1 new, 0 skip, 0 dup, 0 fail  (https://www.cs.mcgill.ca/media/academic/courses/11_COMP_273_qtDlIoA.pdf)
===== [192/646] =====

### COMP2804 - Carleton University  (ratings=30.0)
    url: https://people.scs.carleton.ca/~maheshwa/courses/2804/W16/2804-W16.html
    [reduce 1] https://people.scs.carleton.ca/~maheshwa/courses/2804/W16/
    [follow] no slides here; checking 1 sub-page(s)
    [found] 21 slide link(s) at reduction 1
    + saved  1_L1.pdf
    + saved  2_L2.pdf
    + saved  3_L3.pdf
    + saved  4_L4.pdf
    + saved  5_L5.pdf
    + saved  6_L6.pdf
    + saved  7_L7.pdf
    + saved  8_L8.pdf
    + saved  9_L9.pdf
    + saved  10_L10.pdf
    + saved  11_L11.pdf
    + saved  12_L12.pdf
    + saved  13_L13.pdf
    + saved  14_L15-16.pdf
    + saved  15_L17.pdf
    + saved  16_L18.pdf
    + saved  17_L19.pdf
    + saved  18_L20.pdf
    + saved  19_L21.pdf
    + saved  20_L22.pdf
    + saved  21_L23.pdf
    -> saved: 21 new, 0 skip, 0 dup, 0 fail  (https://people.scs.carleton.ca/~maheshwa/courses/2804/W16/)
===== [193/646] =====

### COMP303 - McGill University  (ratings=47.0)
    url: https://www.cs.mcgill.ca/media/academic/courses/14_COMP_303_RWZgnKC.pdf
    [found] 1 slide link(s) at reduction 0
    + saved  1_14_COMP_303_RWZgnKC.pdf
    -> saved: 1 new, 0 skip, 0 dup, 0 fail  (https://www.cs.mcgill.ca/media/academic/courses/14_COMP_303_RWZgnKC.pdf)
===== [194/646] =====

### COMP310 - McGill University  (ratings=8.0)
    url: http://cs.mcgill.edu/media/academic/courses/17_COMP_310_7ixXA0V.pdf
    [found] 1 slide link(s) at reduction 0
    + saved  1_17_COMP_310_7ixXA0V.pdf
    -> saved: 1 new, 0 skip, 0 dup, 0 fail  (http://cs.mcgill.edu/media/academic/courses/17_COMP_310_7ixXA0V.pdf)
===== [195/646] =====

### COMP322 - McGill University  (ratings=8.0)
    url: http://cs.mcgill.edu/media/academic/courses/19_COMP_322_Pv4bTGh.pdf
    [found] 1 slide link(s) at reduction 0
    + saved  1_19_COMP_322_Pv4bTGh.pdf
    -> saved: 1 new, 0 skip, 0 dup, 0 fail  (http://cs.mcgill.edu/media/academic/courses/19_COMP_322_Pv4bTGh.pdf)
===== [196/646] =====

### COMP3220 - Auburn University  (ratings=9.0)
    url: https://github.com/gongzhitaao/comp3220
    [follow] no slides here; checking 10 sub-page(s)
    [reduce 1] https://github.com/gongzhitaao/
    [follow] no slides here; checking 9 sub-page(s)
    -> no slides found on any reduced URL
===== [197/646] =====

### COMP3350 - Auburn University  (ratings=31.0)
    url: https://github.com/PalaceOfSallas/AU_COMP_3350/tree/main/Lecture%20Notes
    [follow] no slides here; checking 9 sub-page(s)
    [reduce 1] https://github.com/PalaceOfSallas/AU_COMP_3350/tree/main/
    [follow] no slides here; checking 9 sub-page(s)
    [reduce 2] https://github.com/PalaceOfSallas/AU_COMP_3350/tree/
    [fetch] status=404
    [reduce 3] https://github.com/PalaceOfSallas/AU_COMP_3350/
    [follow] no slides here; checking 9 sub-page(s)
    [reduce 4] https://github.com/PalaceOfSallas/
    [follow] no slides here; checking 9 sub-page(s)
    -> no slides found on any reduced URL
===== [198/646] =====

### COMP3500 - Auburn University  (ratings=115.0)
    url: https://github.com/kmoreland126/COMP-3500
    [follow] no slides here; checking 10 sub-page(s)
    [found] 8 slide link(s) at reduction 0
    + saved  1_M1-Ch1-Introduction.pdf
    + saved  2_M4_-_Part_I.pptx
    + saved  3_M4_-_Part_II.pptx
    + saved  4_M5.pptx
    + saved  5_Module_2.pdf
    + saved  6_Module_3.pdf
    + saved  7_Module_6.pdf
    + saved  8_Module_7.pdf
    -> saved: 8 new, 0 skip, 0 dup, 0 fail  (https://github.com/kmoreland126/COMP-3500)
===== [199/646] =====

### COMP3700 - Auburn University  (ratings=58.0)
    url: https://github.com/kmoreland126/COMP-3700
    [follow] no slides here; checking 10 sub-page(s)
    [found] 4 slide link(s) at reduction 0
    + saved  1_Lec1.pdf
    + saved  2_Lec2.pdf
    + saved  3_Lec3.pdf
    + saved  4_Lec4.pdf
    -> saved: 4 new, 0 skip, 0 dup, 0 fail  (https://github.com/kmoreland126/COMP-3700)
===== [200/646] =====

### COMP40 - Tufts University  (ratings=30.0)
    url: https://www.cs.tufts.edu/comp/40-2011f/notes.html
    [follow] no slides here; checking 40 sub-page(s)
    [reduce 1] https://www.cs.tufts.edu/comp/40-2011f/
    [follow] no slides here; checking 2 sub-page(s)
    [reduce 2] https://www.cs.tufts.edu/comp/
    -> no slides found on any reduced URL
===== [201/646] =====

### COMP409 - McGill University  (ratings=12.0)
    url: https://www.cs.mcgill.ca/media/academic/courses/33_COMP_409_6jNnXzK.pdf
    [found] 1 slide link(s) at reduction 0
    + saved  1_33_COMP_409_6jNnXzK.pdf
    -> saved: 1 new, 0 skip, 0 dup, 0 fail  (https://www.cs.mcgill.ca/media/academic/courses/33_COMP_409_6jNnXzK.pdf)
===== [202/646] =====

### COMP411 - University of North Carolina at Chapel Hill  (ratings=13.0)
    url: https://www.cs.unc.edu/~porter/courses/comp411/s18/syllabus.html
    [found] 20 slide link(s) at reduction 0
    + saved  1_introduction.pptx
    + saved  2_c-programming.pptx
    + saved  3_performance.pptx
    + saved  4_representing-info.pptx
    + saved  5_instruction-sets1.pptx
    + saved  6_pointers.pptx
    + saved  7_instruction-sets2.pptx
    + saved  8_assembly.pptx
    + saved  9_addressing-modes.pptx
    + saved  10_Istvan-comp411-MIPSComputer.pdf
    + saved  11_procedures-stacks.pptx
    + saved  12_transistors-logic1.pptx
    + saved  13_transistors-logic2.pptx
    + saved  14_arithmetic-circuits.pptx
    + saved  15_mult-div.pptx
    + saved  16_memory.pptx
    + saved  17_build-compy.pptx
    + saved  18_caches.pptx
    + saved  19_pipelining.pptx
    + saved  20_wrap-up.pptx
    -> saved: 20 new, 0 skip, 0 dup, 0 fail  (https://www.cs.unc.edu/~porter/courses/comp411/s18/syllabus.html)
===== [203/646] =====

### COMP4620 - University of Manitoba  (ratings=11.0)
    url: https://github.com/wemonster/comp4620-Material
    [found] 14 slide link(s) at reduction 0
    + saved  1_03-representation.pdf
    + saved  2_Lecture_9-1.pdf
    + saved  3_Lecture10_1.pdf
    + saved  4_Lecture7_2_maindebates.pdf
    + saved  5_Lecture_7_1_Introduction_Background.pdf
    + saved  6_Week_11_Lecture_1.pdf
    + saved  7_lecture11v2.pdf
    + saved  8_lecture12v2.pdf
    + saved  9_lecture4-secondupdate.pdf
    + saved  10_lecture5.pdf
    + saved  11_lecture7.pdf
    + saved  12_pomdp-lec1-aftClass.pdf
    + saved  13_pomdp-lec2.pdf
    + saved  14_pomdp-lec3.pdf
    -> saved: 14 new, 0 skip, 0 dup, 0 fail  (https://github.com/wemonster/comp4620-Material)
===== [204/646] =====

### COMP521 - McGill University  (ratings=14.0)
    url: https://github.com/francis-piche/study-guides-mcgill/blob/master/IN_PROGRESS-COMP521_Modern_Computer_Games.pdf
    [found] 1 slide link(s) at reduction 0
    + saved  1_IN_PROGRESS-COMP521_Modern_Computer_Games.pdf
    -> saved: 1 new, 0 skip, 0 dup, 0 fail  (https://github.com/francis-piche/study-guides-mcgill/blob/master/IN_PROGRESS-COMP521_Modern_Computer_Games.pdf)
===== [205/646] =====

### COMP5413 - Lakehead University  (ratings=6.0)
    url: https://hosam.lakeheadu.ca/courses.html
    [found] 2 slide link(s) at reduction 0
    + saved  1_Assignments-homepage.ppt
    + saved  2_Assignments1-homepage.ppt
    -> saved: 2 new, 0 skip, 0 dup, 0 fail  (https://hosam.lakeheadu.ca/courses.html)
===== [206/646] =====

### COMP551 - McGill University  (ratings=17.0)
    url: https://www.cs.mcgill.ca/~isabeau/COMP551/F24/lectures.html
    [found] 19 slide link(s) at reduction 0
    + saved  1_1-introduction.pdf
    + saved  2_2-maximumlikelihood.pdf
    + saved  3_3-linearregression.pdf
    + saved  4_4-logisticregression.pdf
    + saved  5_5-gradientdescent.pdf
    + saved  6_6-regularization.pdf
    + saved  7_7-generalization.pdf
    + saved  8_75-review1.pdf
    + saved  9_8-mlp.pdf
    + saved  10_9-backprop.pdf
    + saved  11_10-convnets.pdf
    + saved  12_11-rnn.pdf
    + saved  13_12-attn.pdf
    + saved  14_13-naivebayes.pdf
    + saved  15_14-nearestneighbours.pdf
    + saved  16_15-decisiontree.pdf
    + saved  17_16-ensemble-learning.pdf
    + saved  18_18-unsupervised.pdf
    + saved  19_19-pca.pdf
    -> saved: 19 new, 0 skip, 0 dup, 0 fail  (https://www.cs.mcgill.ca/~isabeau/COMP551/F24/lectures.html)
===== [207/646] =====

### COMP557 - McGill University  (ratings=31.0)
    url: https://cim.mcgill.ca/~langer/557.html
    [found] 46 slide link(s) at reduction 0
    + saved  1_1-slides.pdf
    + saved  2_E1.pdf
    + saved  3_2-slides.pdf
    + saved  4_E2.pdf
    + saved  5_3-slides.pdf
    + saved  6_E3.pdf
    + saved  7_4-slides.pdf
    + saved  8_E4.pdf
    + saved  9_5-slides.pdf
    + saved  10_E5.pdf
    + saved  11_6-slides.pdf
    + saved  12_E6.pdf
    + saved  13_7-slides.pdf
    + saved  14_E7.pdf
    + saved  15_8-slides.pdf
    + saved  16_E8.pdf
    + saved  17_9-slides.pdf
    + saved  18_E9.pdf
    + saved  19_10-slides.pdf
    + saved  20_E10.pdf
    + saved  21_11-slides.pdf
    + saved  22_E11.pdf
    + saved  23_12-slides.pdf
    + saved  24_E12.pdf
    + saved  25_13-slides.pdf
    + saved  26_15-slides.pdf
    + saved  27_16-slides.pdf
    + saved  28_E16.pdf
    + saved  29_17-slides.pdf
    + saved  30_E17.pdf
    + saved  31_18-slides.pdf
    + saved  32_E18.pdf
    + saved  33_19-slides.pdf
    + saved  34_E19.pdf
    + saved  35_20-slides.pdf
    + saved  36_E20.pdf
    + saved  37_21-slides.pdf
    + saved  38_E21.pdf
    + saved  39_22-slides.pdf
    ! fail   http://www.cim.mcgill.ca/%7Elanger/557/E22.pdf  (http 404)
    + saved  41_23-slides.pdf
    + saved  42_E23.pdf
    + saved  43_24-slides.pdf
    + saved  44_E24.pdf
    + saved  45_25-slides.pdf
    + saved  46_E25.pdf
    -> saved: 45 new, 0 skip, 0 dup, 1 fail  (https://cim.mcgill.ca/~langer/557.html)
===== [208/646] =====

### COMP5630 - Auburn University  (ratings=42.0)
    url: https://bonsai.auburn.edu/dtauritz/courses/ec/intro/2020fall/
    [found] 10 slide link(s) at reduction 0
    + saved  1_lecture_slides.pptx
    + saved  2_EC-ConstraintSatisfactionMethods.pdf
    + saved  3_Self-configuring_EAs.pptx
    + saved  4_Hyper-heuristics_Tutorial.pptx
    + saved  5_CIAO-Plots.pptx
    + saved  6_theory_slides.pdf
    + saved  7_IEA.pptx
    + saved  8_Akari1aPresentation.pptx
    + saved  9_IntroGPacPresentation.pptx
    + saved  10_GPacTreePresentation.pptx
    -> saved: 10 new, 0 skip, 0 dup, 0 fail  (https://bonsai.auburn.edu/dtauritz/courses/ec/intro/2020fall/)
===== [209/646] =====

### COMP599 - McGill University  (ratings=5.0)
    url: https://cim.mcgill.ca/~dudek/599.html
    [found] 7 slide link(s) at reduction 0
    + saved  1_CPMR_3rd_edition_-_Chapter_1.pdf
    ! fail   https://cim.mcgill.ca/~dudek/599/L1_history-1-13.pdf  (http 404)
    ! fail   https://cim.mcgill.ca/~dudek/L2_planning_c-space-pt2.key.pdf  (http 404)
    ! fail   https://cim.mcgill.ca/~dudek/L2_planning_c-space-pt1.pdf  (http 404)
    ! fail   https://cim.mcgill.ca/~dudek/probabilistic_planning.pdf  (http 404)
    + saved  6_A.pdf
    ! fail   https://www.cim.mcgill.ca/~dudek/599/saved_presentations_599.html  (not a recognized HTML slideshow)
    -> saved: 2 new, 0 skip, 0 dup, 5 fail  (https://cim.mcgill.ca/~dudek/599.html)
===== [210/646] =====

### COMP61 - Tufts University  (ratings=21.0)
    url: http://www.eecs.tufts.edu/~aloupis/comp61/
    [found] 12 slide link(s) at reduction 0
    + saved  1_lecture1.pdf
    + saved  2_lecture2.pdf
    + saved  3_lecture3.pdf
    + saved  4_lecture4.pdf
    + saved  5_lecture5.pdf
    + saved  6_lecture8.pdf
    + saved  7_lecture9.pdf
    + saved  8_lecture10.pdf
    + saved  9_lecture12.pdf
    + saved  10_lecture13.pdf
    + saved  11_lecture14.pdf
    + saved  12_lecture15.pdf
    -> saved: 12 new, 0 skip, 0 dup, 0 fail  (http://www.eecs.tufts.edu/~aloupis/comp61/)
===== [211/646] =====

### COMP7500 - Auburn University  (ratings=22.0)
    url: https://www.eng.auburn.edu/~xqin/courses/comp7500/lectures.htm
    [fetch] error: Page.goto: Timeout 30000ms exceeded.
Call log:
  - navigating to "https://www.eng.auburn.edu/~xqin/courses/comp7500/lectures.htm", waiting until "domcontentloaded"

    [reduce 1] https://www.eng.auburn.edu/~xqin/courses/comp7500/
    [fetch] error: Page.goto: Timeout 30000ms exceeded.
Call log:
  - navigating to "https://www.eng.auburn.edu/~xqin/courses/comp7500/", waiting until "domcontentloaded"

    [reduce 2] https://www.eng.auburn.edu/~xqin/courses/
    [fetch] error: Page.goto: Timeout 30000ms exceeded.
Call log:
  - navigating to "https://www.eng.auburn.edu/~xqin/courses/", waiting until "domcontentloaded"

    -> no slides found on any reduced URL
===== [212/646] =====

### COMS207 - Iowa State University  (ratings=11.0)
    url: https://home.engineering.iastate.edu/alexs/classes/2006_Spring_207/slides/01_Intro.ppt
    [found] 1 slide link(s) at reduction 0
    ! fail   https://home.engineering.iastate.edu/alexs/classes/2006_Spring_207/slides/01_Intro.ppt  (html response, not a file)
    [retry] links found but none downloaded; reducing further
    [reduce 1] https://home.engineering.iastate.edu/alexs/classes/2006_Spring_207/slides/
    [reduce 2] https://home.engineering.iastate.edu/alexs/classes/2006_Spring_207/
    [reduce 3] https://home.engineering.iastate.edu/alexs/classes/
    [reduce 4] https://home.engineering.iastate.edu/alexs/
    -> partial: 0 new, 0 skip, 0 dup, 1 fail  (https://home.engineering.iastate.edu/alexs/classes/2006_Spring_207/slides/01_Intro.ppt)
===== [213/646] =====

### COMS228 - Iowa State University  (ratings=55.0)
    url: https://cs.ucf.edu/~leavens/ComS228.html
    [follow] no slides here; checking 1 sub-page(s)
    -> no slides found on any reduced URL
===== [214/646] =====

### COMS4995 - Columbia University  (ratings=149.0)
    url: https://amueller.github.io/COMS4995-s20/slides/aml-01-introduction/
    [reduce 1] https://amueller.github.io/COMS4995-s20/slides/
    [follow] no slides here; checking 21 sub-page(s)
    [found] 2 slide link(s) at reduction 1
    ! fail   https://amueller.github.io/COMS4995-s20/slides/20http:/robotics.stanford.edu/~ang/papers/cv-final.pdf  (http 404)
    + saved  2_5021-distributed-representations-of-words-and-phrases-and-their-compositionality.pdf
    -> saved: 1 new, 0 skip, 0 dup, 1 fail  (https://amueller.github.io/COMS4995-s20/slides/)
===== [215/646] =====

### COP1500 - Florida Gulf Coast University  (ratings=23.0)
    url: https://sites.google.com/site/profvanselow/course/cop-1500
    [follow] no slides here; checking 2 sub-page(s)
    [reduce 1] https://sites.google.com/site/profvanselow/course/
    [follow] no slides here; checking 1 sub-page(s)
    [reduce 2] https://sites.google.com/site/profvanselow/
    [follow] no slides here; checking 1 sub-page(s)
    [reduce 3] https://sites.google.com/site/
    [fetch] status=404
    -> no slides found on any reduced URL
===== [216/646] =====

### COP3363 - Florida State University  (ratings=7.0)
    url: https://www.cs.fsu.edu/~myers/c++/notes/index3363.html
    [found] 5 slide link(s) at reduction 0
    + saved  1_Lecture1.pdf
    + saved  2_Lecture2.pdf
    + saved  3_Lecture4.pdf
    + saved  4_Lecture5.pdf
    + saved  5_Lecture6.pdf
    -> saved: 5 new, 0 skip, 0 dup, 0 fail  (https://www.cs.fsu.edu/~myers/c++/notes/index3363.html)
===== [217/646] =====

### COP3530 - University of Florida  (ratings=8.0)
    url: https://uwf-fang.github.io/presentations/cop3530/main.html
    [found] 17 slide link(s) at reduction 0
    + saved  1_ch01.pdf
    + saved  2_ch02a.pdf
    + saved  3_ch02.pdf
    + saved  4_ch03.pdf
    + saved  5_ch04.pdf
    + saved  6_ch05.pdf
    + saved  7_ch06.pdf
    + saved  8_ch07.pdf
    + saved  9_ch08.pdf
    + saved  10_ch09.pdf
    + saved  11_ch10.pdf
    + saved  12_ch11.pdf
    + saved  13_ch12.pdf
    + saved  14_ch13.pdf
    + saved  15_ch14.pdf
    + saved  16_course_summary.pdf
    + saved  17_main.pdf
    -> saved: 17 new, 0 skip, 0 dup, 0 fail  (https://uwf-fang.github.io/presentations/cop3530/main.html)
===== [218/646] =====

### COP4521 - Florida State University  (ratings=5.0)
    url: https://www.cs.fsu.edu/~xyuan/cop4521/lect1_syllabus4521.pptx
    [found] 1 slide link(s) at reduction 0
    + saved  1_lect1_syllabus4521.pptx
    -> saved: 1 new, 0 skip, 0 dup, 0 fail  (https://www.cs.fsu.edu/~xyuan/cop4521/lect1_syllabus4521.pptx)
===== [219/646] =====

### COP4531 - Florida State University  (ratings=8.0)
    url: https://www.cs.fsu.edu/~piyush/teach/4531_06/handouts/summary.pdf
    [found] 1 slide link(s) at reduction 0
    + saved  1_summary.pdf
    -> saved: 1 new, 0 skip, 0 dup, 0 fail  (https://www.cs.fsu.edu/~piyush/teach/4531_06/handouts/summary.pdf)
===== [220/646] =====

### COP4610 - Florida State University  (ratings=10.0)
    url: https://www.cs.fsu.edu/~awang/courses/cop4610_f2025
    [found] 40 slide link(s) at reduction 0
    ! fail   https://www.cs.fsu.edu/~awang/courses/lecture_1_course_information.ppt  (http 404)
    ! fail   https://www.cs.fsu.edu/~awang/courses/lecture_1_introduction_and_history.pptx  (http 404)
    ! fail   https://www.cs.fsu.edu/~awang/courses/lecture_2_concurrency.pptx  (http 404)
    ! fail   https://www.cs.fsu.edu/~awang/courses/lecture_2_genesis.pptx  (http 404)
    ! fail   https://www.cs.fsu.edu/~awang/courses/lecture_4_cpu_scheduling.ppt  (http 404)
    ! fail   https://www.cs.fsu.edu/~awang/courses/applying_for_graduate_schools.pptx  (http 404)
    ! fail   https://www.cs.fsu.edu/~awang/courses/round_robin.ppt  (http 404)
    ! fail   https://www.cs.fsu.edu/~awang/courses/lecture_5_cooperating_threads.ppt  (http 404)
    ! fail   https://www.cs.fsu.edu/~awang/courses/lecture_5_synchronization.ppt  (http 404)
    ! fail   https://www.cs.fsu.edu/~awang/courses/lecture_5_mutual_exclusion.ppt  (http 404)
    ! fail   https://www.cs.fsu.edu/~awang/courses/project_1_hints.ppt  (http 404)
    ! fail   https://www.cs.fsu.edu/~awang/courses/lecture_5_semaphores.ppt  (http 404)
    ! fail   https://www.cs.fsu.edu/~awang/courses/lecture_6_more_on_semaphores.ppt  (http 404)
    ! fail   https://www.cs.fsu.edu/~awang/courses/lecture_7_deadlocks.ppt  (http 404)
    ! fail   https://www.cs.fsu.edu/~awang/courses/review1.ppt  (http 404)
    ! fail   https://www.cs.fsu.edu/~awang/courses/lecture_6_monitors.ppt  (http 404)
    ! fail   https://www.cs.fsu.edu/~awang/courses/lecture_7_concurrency_conclusion.ppt  (http 404)
    ! fail   https://www.cs.fsu.edu/~awang/courses/threads.pptx  (http 404)
    ! fail   https://www.cs.fsu.edu/~awang/courses/lecture_12_memory_protection.ppt  (http 404)
    ! fail   https://www.cs.fsu.edu/~awang/courses/lecture_12_address_translation.pptx  (http 404)
    ! fail   https://www.cs.fsu.edu/~awang/courses/lecture_13_caching_and_tlbs.ppt  (http 404)
    ! fail   https://www.cs.fsu.edu/~awang/courses/lecture_14_virtual_memory.ppt  (http 404)
    ! fail   https://www.cs.fsu.edu/~awang/courses/lecture_14_device_management.ppt  (http 404)
    ! fail   https://www.cs.fsu.edu/~awang/courses/review2.ppt  (http 404)
    ! fail   https://www.cs.fsu.edu/~awang/courses/lecture_15_file_management.ppt  (http 404)
    ! fail   https://www.cs.fsu.edu/~awang/courses/lecture_15_naming_and_directories.ppt  (http 404)
    ! fail   https://www.cs.fsu.edu/~awang/courses/lecture_20_transactions.ppt  (http 404)
    ! fail   https://www.cs.fsu.edu/~awang/courses/CFFS.pptx  (http 404)
    ! fail   https://www.cs.fsu.edu/~awang/courses/lecture_20_security.ppt  (http 404)
    ! fail   https://www.cs.fsu.edu/~awang/courses/trueerase.pptx  (http 404)
    ! fail   https://www.cs.fsu.edu/~awang/courses/lecture_25_network_protocols.ppt  (http 404)
    ! fail   https://www.cs.fsu.edu/~awang/courses/lecture_25_networks_and_distributed_systems.ppt  (http 404)
    ! fail   https://www.cs.fsu.edu/~awang/courses/lecture_26_rpc.ppt  (http 404)
    ! fail   https://www.cs.fsu.edu/~awang/courses/lecture_26_distributed_fs.ppt  (http 404)
    ! fail   https://www.cs.fsu.edu/~awang/courses/lecture_26_vm.pptx  (http 404)
    ! fail   https://www.cs.fsu.edu/~awang/courses/lecture_26_meltdown.pptx  (http 404)
    ! fail   https://www.cs.fsu.edu/~awang/courses/fingerprinting.ppt  (http 404)
    ! fail   https://www.cs.fsu.edu/~awang/courses/bitcoin.pptx  (http 404)
    ! fail   https://www.cs.fsu.edu/~awang/courses/review3.ppt  (http 404)
    ! fail   https://www.cs.fsu.edu/~awang/courses/silhouette.pptx  (http 404)
    [retry] links found but none downloaded; reducing further
    [reduce 1] https://www.cs.fsu.edu/~awang/courses/
    [fetch] status=403
    -> partial: 0 new, 0 skip, 0 dup, 40 fail  (https://www.cs.fsu.edu/~awang/courses/cop4610_f2025)
===== [221/646] =====

### COP4703 - Florida International University  (ratings=6.0)
    url: http://users.cis.fiu.edu/~aleroque/COP4703/index.html
    [found] 22 slide link(s) at reduction 0
    + saved  1_COP4703_Ch01_8e.ppt
    + saved  2_COP4703_Ch01_8e.pdf
    + saved  3_COP4703_Ch02_8e.ppt
    + saved  4_COP4703_Ch02_8e.pdf
    + saved  5_COP4703_Ch03_8e.ppt
    ! fail   http://users.cis.fiu.edu/~aleroque/COP4703/Lectures/COP4703_Ch03_8e.pdf  (http 404)
    + saved  7_COP4703_Ch04_8e.ppt
    ! fail   http://users.cis.fiu.edu/~aleroque/COP4703/Lectures/COP4703_Ch04_e.pdf  (http 404)
    + saved  9_COP4703_Ch05_8e.ppt
    ! fail   http://users.cis.fiu.edu/~aleroque/COP4703/Lectures/COP4703_Ch05_8e.pdf  (http 404)
    + saved  11_COP4703_Ch06_8e.ppt
    ! fail   http://users.cis.fiu.edu/~aleroque/COP4703/Lectures/COP4703_Ch06_8e.pdf  (http 404)
    + saved  13_COP4703_Ch07_8e.ppt
    ! fail   http://users.cis.fiu.edu/~aleroque/COP4703/Lectures/COP4703_Ch07_8e.pdf  (http 404)
    + saved  15_MimicALockWithTransactions.pdf
    + saved  16_SQL_Server-_The_Transaction_Log.pdf
    + saved  17_DBARole.pdf
    + saved  18_COP4703_Ch08_8e.ppt
    ! fail   http://users.cis.fiu.edu/~aleroque/COP4703/Lectures/COP4703_Ch08_8e.pdf  (http 404)
    + saved  20_Database_Health_Monitoring.pdf
    + saved  21_COP4703_Ch09_8e.ppt
    ! fail   http://users.cis.fiu.edu/~aleroque/COP4703/Lectures/COP4703_Ch09_8e.pdf  (http 404)
    -> saved: 15 new, 0 skip, 0 dup, 7 fail  (http://users.cis.fiu.edu/~aleroque/COP4703/index.html)
===== [222/646] =====

### COSC1306 - University of Houston  (ratings=24.0)
    url: https://www2.cs.uh.edu/~acl/cs1336/Resource/index.html
    [found] 17 slide link(s) at reduction 0
    + saved  1_P-00-CS1336.pdf
    + saved  2_P-01-Setting_up_Python.pdf
    + saved  3_CSP-01-Computer_Organization.pdf
    + saved  4_CSP-02-Programming.pdf
    + saved  5_CSP-03-Computational_Thinking.pdf
    + saved  6_00-Intro_Python.pdf
    + saved  7_01-Python_Basics.pdf
    + saved  8_02-Control_Flow.pdf
    + saved  9_03-Loops.pdf
    + saved  10_04-Functions-I.pdf
    + saved  11_05-Lists.pdf
    + saved  12_06-Sorting_and_Searching.pdf
    + saved  13_07-Exceptions.pdf
    + saved  14_08-Strings.pdf
    + saved  15_09-Functions-II.pdf
    + saved  16_10-Files.pdf
    + saved  17_11-Dictionaries.pdf
    -> saved: 17 new, 0 skip, 0 dup, 0 fail  (https://www2.cs.uh.edu/~acl/cs1336/Resource/index.html)
===== [223/646] =====

### COSC1320 - University of Houston  (ratings=25.0)
    url: https://www2.cs.uh.edu/~chengu/Teaching/Spring2014/Spring2014_COSC1320.html
    [found] 17 slide link(s) at reduction 0
    ! fail   http://www2.cs.uh.edu/~chengu/Teaching/Spring2014/Reviews.pptx  (http 404)
    ! fail   http://www2.cs.uh.edu/~chengu/Teaching/Spring2014/Inheritance_and_Derived_Classes.pptx  (http 404)
    ! fail   http://www2.cs.uh.edu/~chengu/Teaching/Spring2014/copy_constructor.pptx  (http 404)
    ! fail   http://www2.cs.uh.edu/~chengu/Teaching/Spring2014/Polymorphism_Virtual_Functions.pptx  (http 404)
    ! fail   http://www2.cs.uh.edu/~chengu/Teaching/Spring2014/ExceptionHandling.pptx  (http 404)
    ! fail   http://www2.cs.uh.edu/~chengu/Teaching/Spring2014/Templates.pptx  (http 404)
    ! fail   http://www2.cs.uh.edu/~chengu/Teaching/Spring2014/java_class_and_interitance.pptx  (http 404)
    ! fail   http://www2.cs.uh.edu/~chengu/Teaching/Spring2014/java_polymorphism.pptx  (http 404)
    ! fail   http://www2.cs.uh.edu/~chengu/Teaching/Spring2014/java_File_IO.pptx  (http 404)
    ! fail   http://www2.cs.uh.edu/~chengu/Teaching/Spring2014/Mid-term2_review.pptx  (http 404)
    ! fail   http://www2.cs.uh.edu/~chengu/Teaching/Spring2014/java_File_IO_2.pptx  (http 404)
    ! fail   http://www2.cs.uh.edu/~chengu/Teaching/Spring2014/java_ExceptionHandling.pptx  (http 404)
    ! fail   http://www2.cs.uh.edu/~chengu/Teaching/Spring2014/TermProjectRules.pdf  (http 404)
    ! fail   http://www2.cs.uh.edu/~chengu/Teaching/Spring2014/UML_recap.ppt  (http 404)
    ! fail   http://www2.cs.uh.edu/~chengu/Teaching/Spring2014/Java_Swing_I.pptx  (http 404)
    ! fail   http://www2.cs.uh.edu/~chengu/Teaching/Spring2014/Java_Swing_II.pptx  (http 404)
    ! fail   http://www2.cs.uh.edu/~chengu/Teaching/Spring2014/final_reviews.pptx  (http 404)
    [retry] links found but none downloaded; reducing further
    [reduce 1] https://www2.cs.uh.edu/~chengu/Teaching/Spring2014/
    [fetch] status=403
    [reduce 2] https://www2.cs.uh.edu/~chengu/Teaching/
    [fetch] status=403
    -> partial: 0 new, 0 skip, 0 dup, 17 fail  (https://www2.cs.uh.edu/~chengu/Teaching/Spring2014/Spring2014_COSC1320.html)
===== [224/646] =====

### COSC1336 - University of Houston  (ratings=61.0)
    url: https://www2.cs.uh.edu/~acl/cs1336/
    [follow] no slides here; checking 2 sub-page(s)
    -> no slides found on any reduced URL
===== [225/646] =====

### COSC175 - Towson University  (ratings=51.0)
    url: https://tigerweb.towson.edu/btaylor/cosc175/syllabus/syll_175fa16.html
    [found] 8 slide link(s) at reduction 0
    + saved  1_lec1.ppt
    + saved  2_Data.ppt
    + saved  3_Algorithms_Operators.ppt
    + saved  4_Selection.ppt
    + saved  5_loopc.ppt
    + saved  6_files.ppt
    + saved  7_modularityc.ppt
    + saved  8_arraysrecsptrs.ppt
    -> saved: 8 new, 0 skip, 0 dup, 0 fail  (https://tigerweb.towson.edu/btaylor/cosc175/syllabus/syll_175fa16.html)
===== [226/646] =====

### COSC240 - Georgetown University  (ratings=7.0)
    url: https://disc.georgetown.domains/COSC240/algo2019.htm
    [found] 4 slide link(s) at reduction 0
    ! fail   https://ocw.mit.edu/courses/electrical-engineering-and-computer-science/6-046j-introduction-to-algorithms-sma-5503-fall-2005/video-lectures/lecture-12-skip-lists/lec12.pdf  (html response, not a file)
    + saved  2_lecture32.pdf
    + saved  3_lect1106.pdf
    + saved  4_lecture20.pdf
    -> saved: 3 new, 0 skip, 0 dup, 1 fail  (https://disc.georgetown.domains/COSC240/algo2019.htm)
===== [227/646] =====

### COSC2430 - University of Houston  (ratings=14.0)
    url: https://uh.edu/nouhadrizk/about/courses/programming-and-data-structures/resources/cosc-2430--ds-linux-server-environment-.pptx.pdf
    [found] 1 slide link(s) at reduction 0
    + saved  1_cosc-2430--ds-linux-server-environment-.pptx.pdf
    -> saved: 1 new, 0 skip, 0 dup, 0 fail  (https://uh.edu/nouhadrizk/about/courses/programming-and-data-structures/resources/cosc-2430--ds-linux-server-environment-.pptx.pdf)
===== [228/646] =====

### COSC270 - Georgetown University  (ratings=5.0)
    url: https://people.cs.georgetown.edu/~maloof/cosc270.s22
    -> no slides found on any reduced URL
===== [229/646] =====

### COSC3320 - University of Houston  (ratings=92.0)
    url: https://www2.cs.uh.edu/~rmverma/courses.html
    [found] 7 slide link(s) at reduction 0
    + saved  1_M1.ppt.pdf
    + saved  2_M2L1.ppt
    + saved  3_M2L2.ppt
    + saved  4_M2L3.ppt
    + saved  5_netsec1.ppt
    + saved  6_Chapter3.ppt
    + saved  7_Chapter4.ppt
    -> saved: 7 new, 0 skip, 0 dup, 0 fail  (https://www2.cs.uh.edu/~rmverma/courses.html)
===== [230/646] =====

### COSC3330 - University of Houston  (ratings=7.0)
    url: https://www2.cs.uh.edu/~rmverma/courses.html
    [found] 7 slide link(s) at reduction 0
    + saved  1_M1.ppt.pdf
    + saved  2_M2L1.ppt
    + saved  3_M2L2.ppt
    + saved  4_M2L3.ppt
    + saved  5_netsec1.ppt
    + saved  6_Chapter3.ppt
    + saved  7_Chapter4.ppt
    -> saved: 7 new, 0 skip, 0 dup, 0 fail  (https://www2.cs.uh.edu/~rmverma/courses.html)
===== [231/646] =====

### COSC3340 - University of Houston  (ratings=46.0)
    url: https://www2.cs.uh.edu/~rmverma/courses.html
    [found] 7 slide link(s) at reduction 0
    + saved  1_M1.ppt.pdf
    + saved  2_M2L1.ppt
    + saved  3_M2L2.ppt
    + saved  4_M2L3.ppt
    + saved  5_netsec1.ppt
    + saved  6_Chapter3.ppt
    + saved  7_Chapter4.ppt
    -> saved: 7 new, 0 skip, 0 dup, 0 fail  (https://www2.cs.uh.edu/~rmverma/courses.html)
===== [232/646] =====

### COSC3360 - University of Houston  (ratings=59.0)
    url: https://www2.cs.uh.edu/~acheng/previous-courses.htm
    [found] 14 slide link(s) at reduction 0
    + saved  1_overview.pdf
    + saved  2_rtss2012LiChengSlides.pdf
    ~ dup    3_overview.pdf
    ! fail   http://www.cs.uh.edu/~acheng/rtss2012LiChengSlides.pdf  (http 404)
    ! fail   http://www.cs.uh.edu/~acheng/MokPhDthesis.pdf  (http 404)
    ! fail   http://pi.informatik.uni-siegen.de/niere/lehre/SS04/SeminarFinal/6_sun/Folien.pdf  (<urlopen error [Errno -2] Name or service not known>)
    ! fail   http://www.cs.uh.edu/~acheng/book-chapter3.ppt  (http 404)
    ! fail   http://www.cs.uh.edu/~acheng/tutorial.ppt  (http 404)
    ! fail   http://www.cs.uh.edu/~acheng/rtas2009.pdf  (http 404)
    ! fail   http://www.cs.uh.edu/~acheng/seminar_2009.ppt  (http 404)
    ! fail   http://www.cs.uh.edu/~acheng/rtl.ppt  (http 404)
    ! fail   http://www.cs.uh.edu/~acheng/rtss2006slides.ppt  (http 404)
    ! fail   http://www.cs.uh.edu/~acheng/LRTL.pptx  (http 404)
    ! fail   http://www.cs.uh.edu/~acheng/rtss2007slides.ppt  (http 404)
    -> saved: 2 new, 0 skip, 1 dup, 11 fail  (https://www2.cs.uh.edu/~acheng/previous-courses.htm)
===== [233/646] =====

### COSC6335 - University of Houston  (ratings=5.0)
    url: https://www2.cs.uh.edu/~ceick/DM/DM.html
    [found] 34 slide link(s) at reduction 0
    + saved  1_Data_Mining_2012.pptx
    + saved  2_Task3-2026.pptx
    + saved  3_GroupD.pptx
    + saved  4_DM-Part1a.pptx
    + saved  5_DM-Part1b.pptx
    + saved  6_DM-Part1c.pptx
    + saved  7_DM-EDA.pptx
    + saved  8_Tan_Chapter3.pdf
    + saved  9_Arko_R_Sh_Intro.pptx
    + saved  10_DecisionTreesinR.pptx
    + saved  11_Functions_and_Loops_in_R.pptx
    + saved  12_SA.pptx
    + saved  13_PDE.pptx
    + saved  14_D24-PDE.pptx
    + saved  15_NPDE.pptx
    + saved  16_AutoEncoders.pptx
    + saved  17_OLD.pptx
    + saved  18_dm_clustering1.pptx
    + saved  19_DBC.pptx
    + saved  20_HC.pptx
    + saved  21_EM.pptx
    + saved  22_DM-CLVALIDITY.pptx
    + saved  23_dm_classification1.pptx
    + saved  24_Overfitting.pptx
    + saved  25_NN2026.pptx
    + saved  26_Prince_Fitting.pptx
    + saved  27_Prince_Regularization.pptx
    + saved  28_KNN_SVM.pptx
    + saved  29_AA1.pptx
    + saved  30_AA2.pptx
    + saved  31_spdm_intro.pptx
    + saved  32_DM_PP.pptx
    + saved  33_AdvancedClustering.pptx
    + saved  34_DataStorytelling.pptx
    -> saved: 34 new, 0 skip, 0 dup, 0 fail  (https://www2.cs.uh.edu/~ceick/DM/DM.html)
===== [234/646] =====

### COSC6389 - University of Houston  (ratings=5.0)
    url: https://www2.cs.uh.edu/~rmverma/courses.html
    [found] 7 slide link(s) at reduction 0
    + saved  1_M1.ppt.pdf
    + saved  2_M2L1.ppt
    + saved  3_M2L2.ppt
    + saved  4_M2L3.ppt
    + saved  5_netsec1.ppt
    + saved  6_Chapter3.ppt
    + saved  7_Chapter4.ppt
    -> saved: 7 new, 0 skip, 0 dup, 0 fail  (https://www2.cs.uh.edu/~rmverma/courses.html)
===== [235/646] =====

### CPS100 - Duke University  (ratings=16.0)
    url: https://courses.cs.duke.edu/fall01/cps100/materials.html
    [follow] no slides here; checking 1 sub-page(s)
    [reduce 1] https://courses.cs.duke.edu/fall01/cps100/
    [reduce 2] https://courses.cs.duke.edu/fall01/
    -> no slides found on any reduced URL
===== [236/646] =====

### CPS108 - Duke University  (ratings=5.0)
    url: https://courses.cs.duke.edu/cps108/spring03/notes/
    [found] 29 slide link(s) at reduction 0
    + saved  1_slides1.pdf
    + saved  2_slides1.ppt
    + saved  3_slides2.pdf
    + saved  4_slides2.ppt
    + saved  5_slides3.pdf
    + saved  6_slides3.ppt
    + saved  7_slides4.pdf
    + saved  8_slides4.ppt
    + saved  9_slides5.pdf
    + saved  10_slides5.ppt
    + saved  11_slides6.pdf
    + saved  12_slides6.ppt
    + saved  13_slides7.pdf
    + saved  14_slides7.ppt
    + saved  15_slides8.pdf
    + saved  16_slides8.ppt
    + saved  17_slides9.pdf
    + saved  18_slides9.ppt
    + saved  19_slides10.pdf
    + saved  20_slides10.ppt
    + saved  21_slides11.pdf
    + saved  22_slides11.ppt
    + saved  23_slides12.pdf
    + saved  24_slides12.ppt
    + saved  25_slides13.pdf
    + saved  26_slides13.ppt
    + saved  27_slides14.pdf
    + saved  28_slides14.ppt
    ! fail   https://courses.cs.duke.edu/cps108/spring03/notes/xslt.ppt  (http 403)
    -> saved: 28 new, 0 skip, 0 dup, 1 fail  (https://courses.cs.duke.edu/cps108/spring03/notes/)
===== [237/646] =====

### CPS181 - Central Michigan University  (ratings=22.0)
    url: http://www.cs.cmu.edu/~ninamf/courses/601sp15/lectures.shtml
    [found] 39 slide link(s) at reduction 0
    + saved  1_01_DTreesAndOverfitting-1-12-2015.pdf
    + saved  2_02_Overfitting_ProbReview-1-14-2015.pdf
    + saved  3_02_Overfitting_ProbReview-1-14-2015_ann.pdf
    + saved  4_03_MLE_MAP_NBayes-1-21-2015.pdf
    + saved  5_03_MLE_MAP_NBayes-1-21-2015_ann.pdf
    + saved  6_04_NBayes-1-26-2015.pptx.pdf
    + saved  7_04_NBayes-1-26-2015-ann.pdf
    + saved  8_05_GNB_1-28-2015.pdf
    + saved  9_05_GNB_1-28-2015-ann.pdf
    + saved  10_06_GenDiscr_LR_2-2-2015.pdf
    + saved  11_06_GenDiscr_LR_2-2-2015-ann.pdf
    + saved  12_07_GenDiscr2_2-4-2015.pdf
    + saved  13_07_GenDiscr2_2-4-2015-ann.pdf
    + saved  14_08_Theory_2-9-2015.pdf
    + saved  15_09_Theory2_2-11-2015.pdf
    + saved  16_10_Theory3_2-16-2015.pdf
    + saved  17_11_GrMod1_2-18-2015.pdf
    + saved  18_11_GrMod1_2-18-2015-ann.pdf
    + saved  19_12_GrMod1_2-23-2015-ann.pdf
    + saved  20_13_GrMod3_2-25-2015.pdf
    + saved  21_13_GrMod3_2-25-2015-ann.pdf
    + saved  22_14_GrMod4_3-4-2015.pdf
    + saved  23_14_GrMod4_3-4-2015-ann.pdf
    ! fail   http://www.cs.princeton.edu/~schapire/talks/nips-tutorial.pdf  (http 404)
    + saved  25_15_boosting_3-16-2015.pdf
    + saved  26_16_boosting-percepton-margins_03-18-2015.pdf
    + saved  27_16_boosting-percepton-margins_03-18-2015.pptx
    + saved  28_17_margins-kernels_03-23-2015.pdf
    + saved  29_18_svm-ssl_03-25-2015.pdf
    + saved  30_19_ssl_03-30-2015.pdf
    + saved  31_20_al_4-1-2015.pdf
    + saved  32_cluster-chapter.pdf
    + saved  33_21_clustering_4-6-2015.pdf
    + saved  34_22_pca-04-09-2015.pdf
    + saved  35_23_nell_4-13-2015.pdf
    + saved  36_24_nn_4-15-2015.pdf
    + saved  37_25_rl_4-20-2015.pdf
    + saved  38_26_privacy_4-22-2015.pdf
    + saved  39_26_deep_4-22-2015.pdf
    -> saved: 38 new, 0 skip, 0 dup, 1 fail  (http://www.cs.cmu.edu/~ninamf/courses/601sp15/lectures.shtml)
===== [238/646] =====

### CPSC1010 - Clemson University  (ratings=19.0)
    url: http://andrewd.ces.clemson.edu/courses/cpsc111/lectures/lectures/Chp%2000%20-%20Introduction/chp00-slides.pptx
    [found] 1 slide link(s) at reduction 0
    + saved  1_chp00-slides.pptx
    -> saved: 1 new, 0 skip, 0 dup, 0 fail  (http://andrewd.ces.clemson.edu/courses/cpsc111/lectures/lectures/Chp%2000%20-%20Introduction/chp00-slides.pptx)
===== [239/646] =====

### CPSC320 - University of British Columbia  (ratings=25.0)
    url: https://www.cs.ubc.ca/~liorma/cpsc320/lectures.html
    [reduce 1] https://www.cs.ubc.ca/~liorma/cpsc320/
    -> no slides found on any reduced URL
===== [240/646] =====

### CPSC346 - Gonzaga University  (ratings=7.0)
    url: https://www.cs.gonzaga.edu/faculty/depalma/course_indices/CPSC346.html
    [fetch] error: Page.goto: net::ERR_CERT_COMMON_NAME_INVALID at https://www.cs.gonzaga.edu/faculty/depalma/course_indices/CPSC346.html
Call log:
  - navigating to "https://www.cs.gonzaga.edu/faculty/depalma/course_indices/CPSC346.html", waiting until "domcontentloaded"

    [reduce 1] https://www.cs.gonzaga.edu/faculty/depalma/course_indices/
    [fetch] error: Page.goto: net::ERR_CERT_COMMON_NAME_INVALID at https://www.cs.gonzaga.edu/faculty/depalma/course_indices/
Call log:
  - navigating to "https://www.cs.gonzaga.edu/faculty/depalma/course_indices/", waiting until "domcontentloaded"

    [reduce 2] https://www.cs.gonzaga.edu/faculty/depalma/
    [fetch] error: Page.goto: net::ERR_CERT_COMMON_NAME_INVALID at https://www.cs.gonzaga.edu/faculty/depalma/
Call log:
  - navigating to "https://www.cs.gonzaga.edu/faculty/depalma/", waiting until "domcontentloaded"

    [reduce 3] https://www.cs.gonzaga.edu/faculty/
    [fetch] error: Page.goto: net::ERR_CERT_COMMON_NAME_INVALID at https://www.cs.gonzaga.edu/faculty/
Call log:
  - navigating to "https://www.cs.gonzaga.edu/faculty/", waiting until "domcontentloaded"

    -> no slides found on any reduced URL
===== [241/646] =====

### CPSC368 - University of British Columbia  (ratings=6.0)
    url: https://github.com/NatChng/cpsc368/blob/main/CPSC_368_Notes.pdf
    [found] 1 slide link(s) at reduction 0
    + saved  1_CPSC_368_Notes.pdf
    -> saved: 1 new, 0 skip, 0 dup, 0 fail  (https://github.com/NatChng/cpsc368/blob/main/CPSC_368_Notes.pdf)
===== [242/646] =====

### CPSC449 - University of Calgary  (ratings=19.0)
    url: https://pages.cpsc.ucalgary.ca/~robin/class/449/webnotes.html
    [follow] no slides here; checking 7 sub-page(s)
    [reduce 1] https://pages.cpsc.ucalgary.ca/~robin/class/449/
    [fetch] status=403
    [reduce 2] https://pages.cpsc.ucalgary.ca/~robin/class/
    [fetch] status=403
    -> no slides found on any reduced URL
===== [243/646] =====

### CPT122 - Washington State University  (ratings=6.0)
    url: https://eecs.wsu.edu/~ananth/CptS317/Spring2015-webpage/Lectures/Course.ppt
    [found] 1 slide link(s) at reduction 0
    + saved  1_Course.ppt
    -> saved: 1 new, 0 skip, 0 dup, 0 fail  (https://eecs.wsu.edu/~ananth/CptS317/Spring2015-webpage/Lectures/Course.ppt)
===== [244/646] =====

### CPTS223 - Washington State University  (ratings=13.0)
    url: https://eecs.wsu.edu/~ananth/CptS223/index.htm
    [found] 1 slide link(s) at reduction 0
    ! fail   https://eecs.wsu.edu/~ananth/CptS317/Lectures/OSBLE-gettingstarted.htm  (not a recognized HTML slideshow)
    [retry] links found but none downloaded; reducing further
    [reduce 1] https://eecs.wsu.edu/~ananth/CptS223/
    [follow] no slides here; checking 2 sub-page(s)
    [found] 25 slide link(s) at reduction 1
    + saved  1_AVL_insertion_examples_bycases.pdf
    + saved  2_BinaryTree_inductionexample.pdf
    + saved  3_BinomialHeap-InsertAnalysis.pdf
    + saved  4_BuildHeapAnalysis.pdf
    + saved  5_C_-review.pdf
    + saved  6_Course.pdf
    + saved  7_CourseReview-Finals.pdf
    + saved  8_CourseReview-I.pdf
    + saved  9_Introduction.pdf
    + saved  10_SpecializedDataStructures.pdf
    ! fail   https://eecs.wsu.edu/~ananth/CptS223/Lectures/TailRecursion.htm  (not a recognized HTML slideshow)
    + saved  12_UnionFind.pdf
    + saved  13_adt.pdf
    + saved  14_analysis.pdf
    + saved  15_graphintro.pdf
    + saved  16_hashing.pdf
    + saved  17_heaps.pdf
    ! fail   https://eecs.wsu.edu/~ananth/CptS223/Lectures/index.htm  (not a recognized HTML slideshow)
    + saved  19_math-review_Compatibility_Mode.pdf
    + saved  20_math-review.pdf
    + saved  21_mst.pdf
    + saved  22_netflow.pdf
    + saved  23_shortestpath.pdf
    + saved  24_sorting.pdf
    + saved  25_trees.pdf
    -> saved: 23 new, 0 skip, 0 dup, 2 fail  (https://eecs.wsu.edu/~ananth/CptS223/)
===== [245/646] =====

### CPTS260 - Washington State University  (ratings=14.0)
    url: https://users.tricity.wsu.edu/~bobl/cpts260/
    [found] 1 slide link(s) at reduction 0
    + saved  1_quantum_computing_for_computer_scientists_slides.pdf
    -> saved: 1 new, 0 skip, 0 dup, 0 fail  (https://users.tricity.wsu.edu/~bobl/cpts260/)
===== [246/646] =====

### CPTS317 - Washington State University  (ratings=26.0)
    url: https://eecs.wsu.edu/~ananth/CptS317/Lectures/index.htm
    [found] 33 slide link(s) at reduction 0
    + saved  1_Course.pdf
    + saved  2_Course.pptx
    + saved  3_IntroToAutomataTheory.pdf
    + saved  4_IntroToAutomataTheory.pptx
    + saved  5_FiniteAutomata_anim.pdf
    + saved  6_FiniteAutomata_anim.pptx
    + saved  7_RegularExpressions.pdf
    + saved  8_RegularExpressions.pptx
    + saved  9_RegularLanguageProperties.pdf
    + saved  10_RegularLanguageProperties.pptx
    + saved  11_PumpingLemma_inclassExercises.pdf
    + saved  12_MidtermI-review.pptx
    + saved  13_MidtermI-review.pdf
    + saved  14_ContextFreeGrammars.pdf
    + saved  15_ContextFreeGrammars.pptx
    + saved  16_CFG_inclass_exercises.pdf
    + saved  17_PDA.pdf
    + saved  18_PDA.pptx
    + saved  19_CFLProperties.pdf
    + saved  20_CFLProperties.pptx
    + saved  21_SimplifyingCFGs_examples.pdf
    + saved  22_CFL_pumping_lemma_ex1.pdf
    + saved  23_CFL_pumping_lemma_ex3.pdf
    + saved  24_CFL_pumping_lemma_ex4.pdf
    + saved  25_Substitution_Example.pdf
    + saved  26_MidtermII-review.pptx
    + saved  27_MidtermII-review.pdf
    + saved  28_TuringMachines.pdf
    + saved  29_TuringMachines.pptx
    + saved  30_Undecidability.pdf
    + saved  31_Undecidability.pptx
    + saved  32_Finals-review.pdf
    + saved  33_Finals-review.pptx
    -> saved: 33 new, 0 skip, 0 dup, 0 fail  (https://eecs.wsu.edu/~ananth/CptS317/Lectures/index.htm)
===== [247/646] =====

### CS0007 - University of Pittsburgh  (ratings=5.0)
    url: https://www.chs.pitt.edu/sites/default/files/Course-Outlines/CS%200007%20Introduction%20to%20Computer%20Programming%20%28Java%29%2C%2024-25.pdf
    [found] 1 slide link(s) at reduction 0
    ! fail   https://www.chs.pitt.edu/sites/default/files/Course-Outlines/CS%200007%20Introduction%20to%20Computer%20Programming%20%28Java%29%2C%2024-25.pdf  (html response, not a file)
    [retry] links found but none downloaded; reducing further
    [reduce 1] https://www.chs.pitt.edu/sites/default/files/Course-Outlines/
    [reduce 2] https://www.chs.pitt.edu/sites/default/files/
    [reduce 3] https://www.chs.pitt.edu/sites/default/
    [reduce 4] https://www.chs.pitt.edu/sites/
    -> partial: 0 new, 0 skip, 0 dup, 1 fail  (https://www.chs.pitt.edu/sites/default/files/Course-Outlines/CS%200007%20Introduction%20to%20Computer%20Programming%20%28Java%29%2C%2024-25.pdf)
===== [248/646] =====

### CS0015 - Brown University  (ratings=6.0)
    url: https://cs.brown.edu/courses/cs015/
    [found] 2 slide link(s) at reduction 0
    ! fail   https://drive.google.com/file/d/1liqxyWFugIMZf1r9OXM1nG2yVFOGohcJ/view?usp=sharing  (not a pdf (bad magic bytes))
    ! fail   https://drive.google.com/file/d/1Ge-LX5SjYtpzTXviGKGjgnJZ_tV9D-te/view?usp=sharing  (not a pdf (bad magic bytes))
    [retry] links found but none downloaded; reducing further
    [reduce 1] https://cs.brown.edu/courses/
    [follow] no slides here; checking 2 sub-page(s)
    -> partial: 0 new, 0 skip, 0 dup, 2 fail  (https://cs.brown.edu/courses/cs015/)
===== [249/646] =====

### CS0441 - University of Pittsburgh  (ratings=67.0)
    url: https://people.cs.pitt.edu/~xiangxiao/cs0441/index.htm
    [found] 11 slide link(s) at reduction 0
    + saved  1_Recitation-1.pdf
    + saved  2_Recitation-2.pdf
    + saved  3_Recitation-3.pdf
    + saved  4_Recitation-4.pdf
    + saved  5_Recitation-5.pdf
    + saved  6_Recitation-6.pdf
    + saved  7_Recitation-7.pdf
    + saved  8_Recitation-8.pdf
    + saved  9_Recitation-9.pdf
    + saved  10_Recitation-10.pdf
    + saved  11_Recitation-11.pdf
    -> saved: 11 new, 0 skip, 0 dup, 0 fail  (https://people.cs.pitt.edu/~xiangxiao/cs0441/index.htm)
===== [250/646] =====

### CS0447 - University of Pittsburgh  (ratings=124.0)
    url: https://people.cs.pitt.edu/~jmisurda/teaching/cs0447-2134-index.htm
    [found] 21 slide link(s) at reduction 0
    ! fail   https://people.cs.pitt.edu/~jmisurda/teaching/cs0447-2134-index.htm#Slides  (not a recognized HTML slideshow)
    ! fail   https://people.cs.pitt.edu/~jmisurda/teaching/cs447/slides/cs0447-numbers.pdf  (http 404)
    ! fail   https://people.cs.pitt.edu/~jmisurda/teaching/cs447/slides/cs0447-representations.pdf  (http 404)
    ! fail   https://people.cs.pitt.edu/~jmisurda/teaching/cs447/slides/cs0447-general.pdf  (http 404)
    ! fail   https://people.cs.pitt.edu/~jmisurda/teaching/cs447/slides/cs0447-mips1.pdf  (http 404)
    ! fail   https://people.cs.pitt.edu/~jmisurda/teaching/cs447/slides/cs0447-mips2.pdf  (http 404)
    ! fail   https://people.cs.pitt.edu/~jmisurda/teaching/cs447/slides/cs0447-midterm1review.pdf  (http 404)
    ! fail   https://people.cs.pitt.edu/~jmisurda/teaching/cs447/slides/cs0447-mips3.pdf  (http 404)
    ! fail   https://people.cs.pitt.edu/~jmisurda/teaching/cs447/slides/cs0447-logic1.pdf  (http 404)
    ! fail   https://people.cs.pitt.edu/~jmisurda/teaching/cs447/slides/cs0447-logic2.pdf  (http 404)
    ! fail   https://people.cs.pitt.edu/~jmisurda/teaching/cs447/slides/cs0447-math1.pdf  (http 404)
    ! fail   https://people.cs.pitt.edu/~jmisurda/teaching/cs447/slides/cs0447-logic3.pdf  (http 404)
    ! fail   https://people.cs.pitt.edu/~jmisurda/teaching/cs447/slides/cs0447-logic4.pdf  (http 404)
    ! fail   https://people.cs.pitt.edu/~jmisurda/teaching/cs447/slides/cs0447-midterm2review.pdf  (http 404)
    ! fail   https://people.cs.pitt.edu/~jmisurda/teaching/cs447/slides/cs0447-math2.pdf  (http 404)
    + saved  16_Booth_Example.pdf
    ! fail   https://people.cs.pitt.edu/~jmisurda/teaching/cs447/slides/cs0447-control.pdf  (http 404)
    ! fail   https://people.cs.pitt.edu/~jmisurda/teaching/cs447/slides/cs0447-multicycle.pdf  (http 404)
    ! fail   https://people.cs.pitt.edu/~jmisurda/teaching/cs447/slides/cs0447-fsm.pdf  (http 404)
    ! fail   https://people.cs.pitt.edu/~jmisurda/teaching/cs447/slides/cs0447-performance.pdf  (http 404)
    ! fail   https://people.cs.pitt.edu/~jmisurda/teaching/cs447/slides/cs0447-pipelining.pdf  (http 404)
    -> saved: 1 new, 0 skip, 0 dup, 20 fail  (https://people.cs.pitt.edu/~jmisurda/teaching/cs0447-2134-index.htm)
===== [251/646] =====

### CS0449 - University of Pittsburgh  (ratings=15.0)
    url: https://people.cs.pitt.edu/~jacklange/teaching/cs449-s15/
    [found] 13 slide link(s) at reduction 0
    + saved  1_asm2.pdf
    + saved  2_linking.pdf
    + saved  3_os.pdf
    + saved  4_processes.pdf
    + saved  5_virtual-memory.pdf
    + saved  6_midterm-review.pdf
    + saved  7_malloc-implementation.pdf
    + saved  8_Threads.pdf
    + saved  9_Synchronization.pdf
    + saved  10_device_drivers.pdf
    + saved  11_networking.pdf
    + saved  12_misc.pdf
    + saved  13_final_review.pdf
    -> saved: 13 new, 0 skip, 0 dup, 0 fail  (https://people.cs.pitt.edu/~jacklange/teaching/cs449-s15/)
===== [252/646] =====

### CS065 - Drake University  (ratings=18.0)
    url: https://analytics.drake.edu/~reza/teaching/cs65_fall25/lecture_slides/
    [found] 26 slide link(s) at reduction 0
    + saved  1_cs65_lecture1.pdf
    + saved  2_cs65_lecture2.pdf
    + saved  3_cs65_lecture3.pdf
    + saved  4_cs65_lecture4.pdf
    + saved  5_cs65_lecture5.pdf
    + saved  6_cs65_lecture6.pdf
    + saved  7_cs65_lecture7.pdf
    + saved  8_cs65_lecture8.pdf
    + saved  9_cs65_lecture9.pdf
    + saved  10_cs65_lecture10.pdf
    + saved  11_cs65_lecture11.pdf
    + saved  12_cs65_lecture12.pdf
    + saved  13_cs65_lecture12_sec3.pdf
    + saved  14_cs65_lecture13.pdf
    + saved  15_cs65_lecture14.pdf
    + saved  16_cs65_lecture15.pdf
    + saved  17_cs65_lecture16.pdf
    + saved  18_cs65_lecture17.pdf
    + saved  19_cs65_lecture18.pdf
    + saved  20_cs65_lecture19.pdf
    + saved  21_cs65_lecture20.pdf
    + saved  22_cs65_lecture21.pdf
    + saved  23_cs65_lecture22.pdf
    + saved  24_cs65_lecture23.pdf
    + saved  25_cs65_lecture24.pdf
    + saved  26_cs65_lecture25.pdf
    -> saved: 26 new, 0 skip, 0 dup, 0 fail  (https://analytics.drake.edu/~reza/teaching/cs65_fall25/lecture_slides/)
===== [253/646] =====

### CS066 - Drake University  (ratings=23.0)
    url: https://analytics.drake.edu/~manley/CS66/Spring2023/
    [follow] no slides here; checking 1 sub-page(s)
    [reduce 1] https://analytics.drake.edu/~manley/CS66/
    -> no slides found on any reduced URL
===== [254/646] =====

### CS100 - Cornell University  (ratings=9.0)
    url: https://www.cs.cornell.edu/courses/cs100/1999su/
    [found] 9 slide link(s) at reduction 0
    ! fail   https://www.cs.cornell.edu/courses/cs100/1999su/lectures/review4.htm  (not a recognized HTML slideshow)
    ! fail   https://www.cs.cornell.edu/courses/cs100/1999su/lectures/lecture20/index.htm  (not a recognized HTML slideshow)
    + saved  3_lecture20.ppt
    ! fail   https://www.cs.cornell.edu/courses/cs100/1999su/lectures/lecture21/index.htm  (not a recognized HTML slideshow)
    + saved  5_lecture21.ppt
    ! fail   https://www.cs.cornell.edu/courses/cs100/1999su/lectures/lecture22/index.htm  (not a recognized HTML slideshow)
    + saved  7_lecture22.ppt
    ! fail   https://www.cs.cornell.edu/courses/cs100/1999su/lectures/lecture23/index.htm  (not a recognized HTML slideshow)
    + saved  9_lecture23.ppt
    -> saved: 4 new, 0 skip, 0 dup, 5 fail  (https://www.cs.cornell.edu/courses/cs100/1999su/)
===== [255/646] =====

### CS100J - Cornell University  (ratings=6.0)
    url: https://courses.cs.cornell.edu/cs100j/2002fa/overview.htm
    [reduce 1] https://courses.cs.cornell.edu/cs100j/2002fa/
    [reduce 2] https://courses.cs.cornell.edu/cs100j/
    [follow] no slides here; checking 1 sub-page(s)
    -> no slides found on any reduced URL
===== [256/646] =====

### CS100M - Cornell University  (ratings=36.0)
    url: https://www.cs.cornell.edu/courses/cs100m/2008sp/Notes/notes.html
    [found] 26 slide link(s) at reduction 0
    + saved  1_L3_slides.pdf
    + saved  2_L4_slides.pdf
    + saved  3_L5_slides.pdf
    + saved  4_L6_slides.pdf
    + saved  5_L7_slides.pdf
    + saved  6_L8_slides.pdf
    + saved  7_L9_slides.pdf
    + saved  8_L10_slides.pdf
    + saved  9_L11_slides.pdf
    + saved  10_L12_slides.pdf
    + saved  11_L13_slides.pdf
    + saved  12_L14_slides.pdf
    + saved  13_L15_slides.pdf
    + saved  14_L16_slides.pdf
    + saved  15_L17_slides.pdf
    + saved  16_L18_slides.pdf
    + saved  17_L19_slides.pdf
    + saved  18_L20_slides.pdf
    + saved  19_L21_slides.pdf
    + saved  20_L22_slides.pdf
    + saved  21_L23_slides.pdf
    + saved  22_L24_slides.pdf
    + saved  23_L25_slides.pdf
    + saved  24_L26_slides.pdf
    + saved  25_L27_slides.pdf
    + saved  26_L28_slides.pdf
    -> saved: 26 new, 0 skip, 0 dup, 0 fail  (https://www.cs.cornell.edu/courses/cs100m/2008sp/Notes/notes.html)
===== [257/646] =====

### CS102 - Cooper Union  (ratings=34.0)
    url: https://hong3cooper.github.io/cs102c_fall2024.html
    -> no slides found on any reduced URL
===== [258/646] =====

### CS1021C - University of Cincinnati  (ratings=11.0)
    url: https://www.ccps.uc.edu/academics/olli/resources/handouts.html
    [found] 20 slide link(s) at reduction 0
    + saved  1_library.pdf
    + saved  2_1330_wk1.pdf
    + saved  3_1330_wk2.pdf
    + saved  4_1330_wk3.pdf
    + saved  5_1330_wk4.pdf
    + saved  6_1330_wk5.pdf
    + saved  7_1330_wk6.pdf
    + saved  8_vision.pdf
    + saved  9_music1_2.pdf
    + saved  10_music2.pdf
    + saved  11_music3.pdf
    + saved  12_music4.pdf
    + saved  13_music5.pdf
    + saved  14_music6.pdf
    + saved  15_music7.pdf
    + saved  16_music8.pdf
    + saved  17_brain_nutrition.pdf
    + saved  18_4633_egypitian_art_not_compliant.pdf
    + saved  19_egypt_q_a.pdf
    + saved  20_aging_at_home.pdf
    -> saved: 20 new, 0 skip, 0 dup, 0 fail  (https://www.ccps.uc.edu/academics/olli/resources/handouts.html)
===== [259/646] =====

### CS104 - University of Southern California  (ratings=30.0)
    url: https://ee.usc.edu/~redekopp/cs104/slides/L01_Overview.pdf
    [found] 1 slide link(s) at reduction 0
    + saved  1_L01_Overview.pdf
    -> saved: 1 new, 0 skip, 0 dup, 0 fail  (https://ee.usc.edu/~redekopp/cs104/slides/L01_Overview.pdf)
===== [260/646] =====

### CS106A - Stanford University  (ratings=38.0)
    url: https://cs.stanford.edu/people/eroberts/courses/cs106a/lectures/index.html
    [found] 26 slide link(s) at reduction 0
    + saved  1_01-Introduction.ppt
    + saved  2_02-ProgrammingInKarel.ppt
    + saved  3_03-StepwiseRefinement.ppt
    + saved  4_04-SimpleJava.ppt
    + saved  5_05-Expressions.ppt
    + saved  6_06-ControlStatements.ppt
    + saved  7_07-Methods.ppt
    + saved  8_08-RandomNumbers.ppt
    + saved  9_09-ObjectsAndClasses.ppt
    + saved  10_10-InteractiveGraphics.ppt
    + saved  11_11-GraphicalStructures.ppt
    + saved  12_12-CharactersAndStrings.ppt
    + saved  13_13-StringProcessing.ppt
    + saved  14_14-ObjectsAndMemory.ppt
    + saved  15_MidtermReview.ppt
    + saved  16_15-Debugging.ppt
    + saved  17_16-SimpleArrays.ppt
    + saved  18_17-ArraysAndArrayLists.ppt
    + saved  19_18-ImageManipulation.ppt
    + saved  20_19-Interactors.ppt
    + saved  21_21-Collections.ppt
    + saved  22_22-DataDrivenPrograms.ppt
    + saved  23_23-Adventure.ppt
    + saved  24_24-BuildingGUIs.ppt
    + saved  25_25-SearchingAndSorting.ppt
    + saved  26_FinalReview.ppt
    -> saved: 26 new, 0 skip, 0 dup, 0 fail  (https://cs.stanford.edu/people/eroberts/courses/cs106a/lectures/index.html)
===== [261/646] =====

### CS106B - Stanford University  (ratings=24.0)
    url: https://cs106b.stanford.edu/
    [follow] no slides here; checking 32 sub-page(s)
    -> no slides found on any reduced URL
===== [262/646] =====

### CS106X - Stanford University  (ratings=6.0)
    url: https://web.stanford.edu/class/cs106x/
    [follow] no slides here; checking 7 sub-page(s)
    [reduce 1] https://web.stanford.edu/class/
    [fetch] status=404
    -> no slides found on any reduced URL
===== [263/646] =====

### CS107 - Stanford University  (ratings=48.0)
    url: https://web.stanford.edu/class/archive/cs/cs107/cs107.1268/lectures/
    [follow] no slides here; checking 38 sub-page(s)
    [found] 98 slide link(s) at reduction 0
    + saved  1_Lecture01.pdf
    + saved  2_Lecture01.pptx
    + saved  3_Lecture1.pdf
    + saved  4_Lecture1.pptx
    ! fail   https://web.stanford.edu/class/archive/cs/cs107/cs107.1268/lectures/01/~$Lecture01.pptx  (not a pptx (bad magic bytes))
    + saved  6_Lecture03.pdf
    + saved  7_Lecture03.pptx
    + saved  8_Lecture03Extras.pdf
    + saved  9_Lecture03Extras.pptx
    + saved  10_Lecture3.pdf
    + saved  11_Lecture3.pptx
    + saved  12_Lecture04.pdf
    + saved  13_Lecture04.pptx
    + saved  14_Lecture4.pdf
    + saved  15_Lecture4.pptx
    + saved  16_Lecture05.pdf
    + saved  17_Lecture05.pptx
    + saved  18_Lecture5.pdf
    + saved  19_Lecture5.pptx
    + saved  20_Lecture06.pdf
    + saved  21_Lecture06.pptx
    + saved  22_Lecture6.pdf
    + saved  23_Lecture6.pptx
    + saved  24_Lecture07.pdf
    + saved  25_Lecture07.pptx
    + saved  26_Lecture7.pdf
    + saved  27_Lecture7.pptx
    + saved  28_Lecture08.pdf
    + saved  29_Lecture08.pptx
    + saved  30_Lecture8.pdf
    + saved  31_Lecture8.pptx
    + saved  32_Lecture09.pdf
    + saved  33_Lecture09.pptx
    + saved  34_Lecture9.pdf
    + saved  35_Lecture9.pptx
    + saved  36_Lecture1.pdf
    ~ dup    37_Lecture1.pptx
    ~ dup    38_oldLecture1.pdf
    + saved  39_Lecture2.pdf
    + saved  40_Lecture3.pdf
    + saved  41_Lecture3.pptx
    + saved  42_oldLecture3.pdf
    + saved  43_Lecture4.pdf
    + saved  44_Lecture4.pptx
    + saved  45_Lecture5.pdf
    + saved  46_Lecture5.pptx
    + saved  47_Lecture5OLD.pdf
    + saved  48_Lecture6.pdf
    + saved  49_Lecture6.pptx
    + saved  50_Lecture7.pdf
    + saved  51_Lecture7.pptx
    + saved  52_Lecture_7_Worksheet.pdf
    + saved  53_Lecture8.pdf
    + saved  54_Lecture8.pptx
    + saved  55_Lecture8OLD.pdf
    + saved  56_Lecture8Worksheet.pdf
    ~ dup    57_Lecture_8.pdf
    + saved  58_Lecture9.pdf
    + saved  59_Lecture9.pptx
    + saved  60_Lecture10.pdf
    + saved  61_Lecture10.pptx
    ! fail   https://web.stanford.edu/class/archive/cs/cs107/cs107.1268/lectures/10/~$Lecture10.pptx  (not a pptx (bad magic bytes))
    + saved  63_Lecture11.pdf
    + saved  64_Lecture11.pptx
    ! fail   https://web.stanford.edu/class/archive/cs/cs107/cs107.1268/lectures/11/~$Lecture11.pptx  (not a pptx (bad magic bytes))
    + saved  66_Lecture12.pdf
    + saved  67_Lecture12.pptx
    + saved  68_Lecture13.pdf
    + saved  69_Lecture13.pptx
    + saved  70_Lecture14.pdf
    + saved  71_Lecture14.pptx
    + saved  72_Lecture15.pdf
    + saved  73_Lecture15.pptx
    + saved  74_Lecture16.pdf
    + saved  75_Lecture16.pptx
    + saved  76_Lecture16Worksheet.pdf
    + saved  77_Lecture17.pdf
    + saved  78_Lecture17.pptx
    + saved  79_Lecture17Worksheet.pdf
    + saved  80_Lecture18.pdf
    + saved  81_Lecture18.pptx
    + saved  82_Lecture18Worksheet.pdf
    + saved  83_Lecture19.pdf
    + saved  84_Lecture19.pptx
    + saved  85_Lecture20.pdf
    + saved  86_Lecture20.pptx
    + saved  87_Lecture21.pdf
    + saved  88_Lecture21.pptx
    + saved  89_Lecture22.pdf
    + saved  90_Lecture22.pptx
    + saved  91_Lecture23.pdf
    + saved  92_Lecture23.pptx
    + saved  93_Lecture24.pdf
    + saved  94_Lecture24.pptx
    + saved  95_Lecture25.pdf
    + saved  96_Lecture25.pptx
    + saved  97_Lecture26.pdf
    + saved  98_Lecture26.pptx
    -> saved: 92 new, 0 skip, 3 dup, 3 fail  (https://web.stanford.edu/class/archive/cs/cs107/cs107.1268/lectures/)
===== [264/646] =====

### CS1083 - University of Texas at San Antonio  (ratings=57.0)
    url: https://www.cs.utsa.edu/~cs1083/
    -> no slides found on any reduced URL
===== [265/646] =====

### CS109 - Harvard University  (ratings=11.0)
    url: https://cs109.github.io/2015/pages/videos.html
    [found] 46 slide link(s) at reduction 0
    + saved  1_01-Introduction.pdf
    ~ dup    2_01-Introduction.pdf
    + saved  3_03-EDA.pdf
    ~ dup    4_03-EDA.pdf
    + saved  5_04-PandasSQL.pdf
    ~ dup    6_04-PandasSQL.pdf
    + saved  7_05-StatisticalModels.pdf
    ~ dup    8_05-StatisticalModels.pdf
    + saved  9_06-StoryTelling.pdf
    ~ dup    10_06-StoryTelling.pdf
    + saved  11_07-BiasAndRegression.pdf
    ~ dup    12_07-BiasAndRegression.pdf
    + saved  13_08-RegressionContinued.pdf
    ~ dup    14_08-RegressionContinued.pdf
    + saved  15_09-ClassificationPCA.pdf
    ~ dup    16_09-ClassificationPCA.pdf
    + saved  17_10-SVMAndEvaluation.pdf
    ~ dup    18_10-SVMAndEvaluation.pdf
    + saved  19_11-DecisionTreesAndRandomForest.pdf
    ~ dup    20_11-DecisionTreesAndRandomForest.pdf
    + saved  21_12-Ensemble_Learning_and_Random_Forests.pdf
    ~ dup    22_12-Ensemble_Learning_and_Random_Forests.pdf
    + saved  23_13-BestPractices_Recommendations.pdf
    ~ dup    24_13-BestPractices_Recommendations.pdf
    + saved  25_14-Recommendations_MapReduce.pdf
    ~ dup    26_14-Recommendations_MapReduce.pdf
    + saved  27_15a-MapReduce_Combiner.pdf
    ~ dup    28_15a-MapReduce_Combiner.pdf
    + saved  29_15b-Spark.pdf
    ~ dup    30_15b-Spark.pdf
    + saved  31_16-BayesianMethods.pdf
    ~ dup    32_16-BayesianMethods.pdf
    + saved  33_17BayesianMethodsContinued.pdf
    ~ dup    34_17BayesianMethodsContinued.pdf
    + saved  35_18TextData.pdf
    ~ dup    36_18TextData.pdf
    + saved  37_19-Clustering.pdf
    ~ dup    38_19-Clustering.pdf
    + saved  39_20-Presentations.pdf
    ~ dup    40_20-Presentations.pdf
    + saved  41_22ExperimentalDesign.pdf
    ~ dup    42_22ExperimentalDesign.pdf
    + saved  43_23-DeepLearning.pdf
    ~ dup    44_23-DeepLearning.pdf
    + saved  45_23-WrapUp.pdf
    ~ dup    46_23-WrapUp.pdf
    -> saved: 23 new, 0 skip, 23 dup, 0 fail  (https://cs109.github.io/2015/pages/videos.html)
===== [266/646] =====

### CS1110 - Cornell University  (ratings=6.0)
    url: https://www.cs.cornell.edu/courses/cs1110/2016sp/lectures/index.php.html
    [found] 50 slide link(s) at reduction 0
    ! fail   https://www.cs.cornell.edu/courses/cs1110/2016sp/lectures/index.php.html  (not a recognized HTML slideshow)
    ! fail   https://www.cs.cornell.edu/courses/cs1110/2016sp/lectures/09-04-14/modules/module.py.html  (not a recognized HTML slideshow)
    + saved  3_0.Intro.pdf
    + saved  4_1.AssignAndTypes.pdf
    + saved  5_2.ModulesAndScripts.pdf
    + saved  6_3.ConditionalExec.pdf
    + saved  7_BeforeNextTuesday.pdf
    + saved  8_4.ModulesAndFunctions.pdf
    + saved  9_ReadMe.pdf
    + saved  10_5.GraphicsProcedures.pdf
    ! fail   https://www.cs.cornell.edu/courses/cs1110/2016sp/lectures/09-11-14/modules/tuple3d.py.html  (not a recognized HTML slideshow)
    + saved  12_6.FuncMechanics.pdf
    + saved  13_7.IntroStringMethods.pdf
    + saved  14_8.Iteration_Strings.pdf
    + saved  15_9A.IterRangeH.pdf
    + saved  16_9A.IterRange.pdf
    + saved  17_9B.RandomnessH.pdf
    + saved  18_9B.Randomness.pdf
    + saved  19_10WhileWalk.pdf
    + saved  20_11.Iteration_While.pdf
    + saved  21_12.LogicalManeuvers.pdf
    + saved  22_README.pdf
    ! fail   https://www.cs.cornell.edu/courses/cs1110/2016sp/lectures/10-07-14/modules/transpose.py.html  (not a recognized HTML slideshow)
    + saved  24_AllClickerQs.pdf
    + saved  25_PracticePre.pdf
    + saved  26_Pre1.pdf
    + saved  27_13A.ListsOfNumbersH.pdf
    + saved  28_13A.ListsOfNumbers.pdf
    + saved  29_13B.LoopsAndListsH.pdf
    + saved  30_13B.LoopsAndLists.pdf
    + saved  31_14.ListsOfStrings.pdf
    + saved  32_README.pdf
    + saved  33_15.ListsAreObjects.pdf
    + saved  34_17.Dictionaries.pdf
    + saved  35_18.IntroClasses.pdf
    + saved  36_19.ListsOfObjects.pdf
    + saved  37_20.MoreClasses.pdf
    + saved  38_21.Recursion.pdf
    + saved  39_22.Search.pdf
    + saved  40_Pre2Review.pdf
    + saved  41_ClickerQ2.pdf
    + saved  42_24.Sorting.pdf
    + saved  43_25.InheritanceOOP.pdf
    + saved  44_26.NumpyPlotting.pdf
    + saved  45_27.TwoDArrays.pdf
    + saved  46_PageRank.pdf
    + saved  47_Final.pdf
    + saved  48_FinalSol.pdf
    + saved  49_FinalFacts.pdf
    + saved  50_LastLecs.pdf
    -> saved: 46 new, 0 skip, 0 dup, 4 fail  (https://www.cs.cornell.edu/courses/cs1110/2016sp/lectures/index.php.html)
===== [267/646] =====

### CS1114 - Virginia Tech  (ratings=14.0)
    url: https://github.com/mikesir87/cs1114/blob/master/slides/01-intro/slides.md
    [follow] no slides here; checking 21 sub-page(s)
    [found] 1 slide link(s) at reduction 0
    + saved  1_slides.pdf
    -> saved: 1 new, 0 skip, 0 dup, 0 fail  (https://github.com/mikesir87/cs1114/blob/master/slides/01-intro/slides.md)
===== [268/646] =====

### CS111L - Wellesley College  (ratings=6.0)
    url: http://cs111.wellesley.edu/archive/cs111_fall15/public_html/notes/lectures/01_course_overview_4up.pdf
    [found] 1 slide link(s) at reduction 0
    + saved  1_01_course_overview_4up.pdf
    -> saved: 1 new, 0 skip, 0 dup, 0 fail  (http://cs111.wellesley.edu/archive/cs111_fall15/public_html/notes/lectures/01_course_overview_4up.pdf)
===== [269/646] =====

### CS112 - Carnegie Mellon University  (ratings=30.0)
    url: https://www.cs.cmu.edu/~112-f23/
    [follow] no slides here; checking 1 sub-page(s)
    [found] 44 slide link(s) at reduction 0
    + saved  1_15112_F23_Lec2_Week1_Basics.pptx
    + saved  2_15112_F23_Lec2_Week1_Basics_inked.pptx
    + saved  3_15112_F23_Lec2_Week1_Basics.pdf
    + saved  4_15112_F23_Lec2_Week1_Basics_inked.pdf
    + saved  5_15112_F23_Lec2_Week2_Loops.pptx
    + saved  6_15112_F23_Lec2_Week2_Loops_inked.pptx
    + saved  7_15112_F23_Lec2_Week2_Loops.pdf
    + saved  8_15112_F23_Lec2_Week2_Loops_inked.pdf
    + saved  9_15112_F23_Lec2_Week3_Strings.pptx
    + saved  10_15112_F23_Lec2_Week3_Strings_inked.pptx
    + saved  11_15112_F23_Lec2_Week3_Strings.pdf
    + saved  12_15112_F23_Lec2_Week3_Strings_inked.pdf
    + saved  13_15112_F23_Lec2_Week3_Graphics_Intro.pptx
    + saved  14_15112_F23_Lec2_Week3_Graphics_Intro_inked.pptx
    + saved  15_15112_F23_Lec2_Week3_Graphics_Intro.pdf
    + saved  16_15112_F23_Lec2_Week3_Graphics_Intro_inked.pdf
    + saved  17_15112_F23_Lec2_Week4_Animations.pptx
    + saved  18_15112_F23_Lec2_Week4_Animations_inked.pptx
    + saved  19_15112_F23_Lec2_Week4_Animations.pdf
    + saved  20_15112_F23_Lec2_Week4_Animations_inked.pdf
    + saved  21_15112_F23_Lec2_Week5_Lists.pptx
    + saved  22_15112_F23_Lec2_Week5_Lists_inked.pptx
    + saved  23_15112_F23_Lec2_Week5_Lists.pdf
    + saved  24_15112_F23_Lec2_Week5_Lists_inked.pdf
    + saved  25_15112_F23_Lec2_Week7_Animations_with_Lists.pptx
    + saved  26_15112_F23_Lec2_Week7_Animations_with_Lists_inked.pptx
    + saved  27_15112_F23_Lec2_Week7_Animations_with_Lists.pdf
    + saved  28_15112_F23_Lec2_Week7_Animations_with_Lists_inked.pdf
    + saved  29_15112_F23_Lec2_Week8_Sets_Dictionaries.pptx
    + saved  30_15112_F23_Lec2_Week8_Sets_Dictionaries_inked.pptx
    + saved  31_15112_F23_Lec2_Week8_Sets_Dictionaries.pdf
    + saved  32_15112_F23_Lec2_Week8_Sets_Dictionaries_inked.pdf
    + saved  33_15112_F23_Lec2_Week9_Recursion.pptx
    + saved  34_15112_F23_Lec2_Week9_Recursion_inked.pptx
    + saved  35_15112_F23_Lec2_Week9_Recursion.pdf
    + saved  36_15112_F23_Lec2_Week9_Recursion_inked.pdf
    + saved  37_15112_F23_Lec2_Week10_OOP1.pptx
    + saved  38_15112_F23_Lec2_Week10_OOP1_inked.pptx
    + saved  39_15112_F23_Lec2_Week10_OOP1.pdf
    + saved  40_15112_F23_Lec2_Week10_OOP1_inked.pdf
    + saved  41_15112_F23_Lec2_Week12_OOP2.pptx
    + saved  42_15112_F23_Lec2_Week12_OOP2_inked.pptx
    + saved  43_15112_F23_Lec2_Week12_OOP2.pdf
    + saved  44_15112_F23_Lec2_Week12_OOP2_inked.pdf
    -> saved: 44 new, 0 skip, 0 dup, 0 fail  (https://www.cs.cmu.edu/~112-f23/)
===== [270/646] =====

### CS122 - Carnegie Mellon University  (ratings=32.0)
    url: https://www.cs.cmu.edu/~15122
    [follow] no slides here; checking 1 sub-page(s)
    -> no slides found on any reduced URL
===== [271/646] =====

### CS125 - University of Waterloo  (ratings=12.0)
    url: https://cs.uwaterloo.ca/~tmjvasig/cs125/course_notes/
    [reduce 1] https://cs.uwaterloo.ca/~tmjvasig/cs125/
    -> no slides found on any reduced URL
===== [272/646] =====

### CS1301 - Georgia Institute of Technology  (ratings=290.0)
    url: https://faculty.cc.gatech.edu/~bleahy/
    [found] 64 slide link(s) at reduction 0
    ! fail   http://www.cc.gatech.edu/classes/AY2001/cs1311_spring/lectures/index.html  (not a recognized HTML slideshow)
    ! fail   http://www.cc.gatech.edu/fac/David.Smith/download.html  (not a recognized HTML slideshow)
    + saved  3_cs1311lecture01.ppt
    + saved  4_cs1311lecture02.ppt
    + saved  5_cs1311lecture03.ppt
    + saved  6_cs1311lecture04.ppt
    + saved  7_cs1311lecture05.ppt
    + saved  8_cs1311lecture06.ppt
    + saved  9_cs1311lecture07.ppt
    + saved  10_cs1311lecture08.ppt
    + saved  11_cs1311lecture09wdl.ppt
    + saved  12_cs1311lecture11wdl.ppt
    + saved  13_cs1311lecture12wdl.ppt
    + saved  14_cs1311lecture13wdl.ppt
    + saved  15_cs1311lecture14wdl.ppt
    + saved  16_cs1311lecture15wdl.ppt
    + saved  17_cs1311lecture16wdl.ppt
    + saved  18_cs1311lecture17wdl.ppt
    + saved  19_cs1311lecture18wdl.ppt
    + saved  20_cs1311lecture19wdl.ppt
    + saved  21_cs1311lecture20wdl.ppt
    + saved  22_cs1311lecture21wdl.ppt
    + saved  23_cs1311lecture22wdl.ppt
    + saved  24_cs1311lecture23wdl.ppt
    + saved  25_cs1311lecture24wdl.ppt
    + saved  26_cs1311lecture25dms.ppt
    + saved  27_cs1311lecture25wdl.ppt
    + saved  28_cs1311lecture26wdl.ppt
    + saved  29_cs1311lecture27wdl.ppt
    + saved  30_cs1311lecture28wdl.ppt
    + saved  31_cs1311lecture29wdl.ppt
    + saved  32_cs1311lecture30wdl.ppt
    ! fail   https://faculty.cc.gatech.edu/~bleahy/excitement.ppt  (http 404)
    + saved  34_Labmidterm.ppt
    + saved  35_howtodostuff.ppt
    + saved  36_09.0.0.0_Java01_Intro_to_OOP.ppt
    + saved  37_09.0.0.1_Java01_Abstraction.ppt
    + saved  38_09.0.1_Java01_Compiling.ppt
    + saved  39_09.0.2_Java02_Syntax.ppt
    + saved  40_09.0.3_Java02_Control.ppt
    + saved  41_09.0.4_Java02_Modules.ppt
    + saved  42_09.0.5_Java03_Programs.ppt
    + saved  43_09.0.6_Java04_Dynamic_Data.ppt
    + saved  44_09.1.0.0_Java05_Intro_to_OOP_Reprise.ppt
    + saved  45_09.1.0.1_Java05_Abstraction_and_Objects.ppt
    + saved  46_09.1.0_Java05_Classes.ppt
    + saved  47_09.1.1_Java05_Initializing_Objects.ppt
    + saved  48_09.1.2_Java06_Debugging.ppt
    + saved  49_09.1.3_Java06_Linked_List_Class.ppt
    + saved  50_09.1.4_Java07_References.ppt
    + saved  51_09.5.0_Java07_Inheritance.ppt
    + saved  52_09.5.2.1_Java08_Arrays.ppt
    + saved  53_09.5.2_Java08_Abstract_Classes.ppt
    + saved  54_09.5.3.0_Java08_Intro_to_Polymorphism.ppt
    + saved  55_09.5.3.1_Java09_Advanced_Polymorphism.ppt
    + saved  56_09.5.3.2_Java09_JavaDoc.ppt
    + saved  57_09.5.3.3_Java09_Vector_Class.ppt
    + saved  58_09.6_Java10_Event_Driven_Programming.ppt
    + saved  59_Cs1311XJava01_Intro.ppt
    + saved  60_cs1311xjava02_begin.ppt
    + saved  61_cs1311xjava03_structure.ppt
    + saved  62_cs1311xjava04_haveacoke.ppt
    + saved  63_cs1311xjava05_poly.ppt
    + saved  64_cs1311xjava06_queue.ppt
    -> saved: 61 new, 0 skip, 0 dup, 3 fail  (https://faculty.cc.gatech.edu/~bleahy/)
===== [273/646] =====

### CS1302 - Georgia State University  (ratings=9.0)
    url: https://tinman.cs.gsu.edu/~raj/1302/sp25/
    [reduce 1] https://tinman.cs.gsu.edu/~raj/1302/
    -> no slides found on any reduced URL
===== [274/646] =====

### CS1315 - Georgia Institute of Technology  (ratings=37.0)
    url: https://faculty.cc.gatech.edu/~bleahy/cs1315/
    [found] 8 slide link(s) at reduction 0
    + saved  1_01_IntroductionToCourse.ppt
    + saved  2_02_IntroductionToMediaComp.ppt
    + saved  3_03_IntroductionToProgramming.ppt
    + saved  4_04_PictureEncoding.ppt
    + saved  5_05_LoopsForPicturesAndGrayscales.ppt
    + saved  6_06_color-replacements.ppt
    + saved  7_07_MakingSenseOfFunctions.ppt
    + saved  8_13_designing-debugging.ppt
    -> saved: 8 new, 0 skip, 0 dup, 0 fail  (https://faculty.cc.gatech.edu/~bleahy/cs1315/)
===== [275/646] =====

### CS132 - Boston University  (ratings=22.0)
    url: https://nmmull.github.io/CS132-F23/index.html
    [follow] no slides here; checking 2 sub-page(s)
    [found] 61 slide link(s) at reduction 0
    + saved  1_01-linear-equations.pdf
    + saved  2_00-administrivia.pdf
    + saved  3_02-numerics.pdf
    + saved  4_03-gaussian-elimination.pdf
    + saved  5_04-vector-equations.pdf
    + saved  6_05-matrix-vector-equations.pdf
    + saved  7_06-linear-independence.pdf
    + saved  8_07-linear-transformations.pdf
    + saved  9_07-linear-transformations-A1.pdf
    + saved  10_07-linear-transformations-B1.pdf
    + saved  11_08-matrix-of-a-linear-transformation.pdf
    + saved  12_08-matrix-of-a-linear-transformation-A1.pdf
    + saved  13_08-matrix-of-a-linear-transformation-B1.pdf
    + saved  14_09-matrix-algebra.pdf
    + saved  15_09-matrix-algebra-A1.pdf
    + saved  16_09-matrix-algebra-B1.pdf
    + saved  17_10-matrix-inverses.pdf
    + saved  18_10-matrix-inverses-A1.pdf
    + saved  19_10-matrix-inverses-B1.pdf
    + saved  20_11-imt.pdf
    + saved  21_11-imt-A1.pdf
    + saved  22_11-imt-B1.pdf
    + saved  23_12-markov-chains.pdf
    + saved  24_13-matrix-factorization.pdf
    + saved  25_13-matrix-factorization-A1.pdf
    + saved  26_13-matrix-factorization-B1.pdf
    + saved  27_14-lu-graphics.pdf
    + saved  28_15-subspaces.pdf
    + saved  29_15-subspaces-A1.pdf
    + saved  30_15-subspaces-B1.pdf
    + saved  31_16-dimension-and-rank.pdf
    + saved  32_16-dimension-and-rank-A1.pdf
    + saved  33_16-dimension-and-rank-B1.pdf
    + saved  34_17-eigenvalues-and-eigenvectors.pdf
    + saved  35_17-eigenvalues-and-eigenvectors-A1.pdf
    + saved  36_17-eigenvalues-and-eigenvectors-B1.pdf
    + saved  37_18-characterstic-equation.pdf
    + saved  38_18-characterstic-equation-A1.pdf
    + saved  39_18-characterstic-equation-B1.pdf
    + saved  40_19-diagonalization.pdf
    + saved  41_19-diagonalization-A1.pdf
    + saved  42_19-diagonalization-B1.pdf
    + saved  43_20-pagerank.pdf
    + saved  44_21-analytic-geometry.pdf
    + saved  45_21-analytic-geometry-A1.pdf
    + saved  46_21-analytic-geometry-B1.pdf
    + saved  47_22-orthogonal-sets.pdf
    + saved  48_22-orthogonal-sets-A1.pdf
    + saved  49_22-orthogonal-sets-B1.pdf
    + saved  50_23-least-squares.pdf
    + saved  51_23-least-squares-A1.pdf
    + saved  52_23-least-squares-B1.pdf
    + saved  53_24-linear-models.pdf
    + saved  54_24-linear-models-A1.pdf
    + saved  55_24-linear-models-B1.pdf
    + saved  56_25-symmetric-matrices.pdf
    + saved  57_25-symmetric-matrices-A1.pdf
    + saved  58_25-symmetric-matrices-B1.pdf
    + saved  59_26-final-lecture.pdf
    + saved  60_26-final-lecture-A1.pdf
    + saved  61_26-final-lecture-B1.pdf
    -> saved: 61 new, 0 skip, 0 dup, 0 fail  (https://nmmull.github.io/CS132-F23/index.html)
===== [276/646] =====

### CS1331 - Georgia Institute of Technology  (ratings=235.0)
    url: https://cs1331.gitlab.io/slides/introduction.pdf
    [found] 1 slide link(s) at reduction 0
    + saved  1_introduction.pdf
    -> saved: 1 new, 0 skip, 0 dup, 0 fail  (https://cs1331.gitlab.io/slides/introduction.pdf)
===== [277/646] =====

### CS1340 - Southern Methodist University  (ratings=9.0)
    url: https://smu-cs1340.github.io/cs1340-f2020/syllabus/syllabus/
    [follow] no slides here; checking 1 sub-page(s)
    [found] 5 slide link(s) at reduction 0
    + saved  1_lecture01.md.slides.pdf
    + saved  2_lecture02.md.slides.pdf
    + saved  3_lecture03.md.slides.pdf
    + saved  4_lecture04.md.slides.pdf
    + saved  5_lecture05.md.slides.pdf
    -> saved: 5 new, 0 skip, 0 dup, 0 fail  (https://smu-cs1340.github.io/cs1340-f2020/syllabus/syllabus/)
===== [278/646] =====

### CS141 - Brown University  (ratings=6.0)
    url: https://csci1410-2023.vercel.app/
    [found] 1 slide link(s) at reduction 0
    ! fail   https://drive.google.com/file/d/1GFRHJ7rqLEOMo-xifVzPqWcXb-xL7QE4/view  (html response, not a file)
    [retry] links found but none downloaded; reducing further
    -> partial: 0 new, 0 skip, 0 dup, 1 fail  (https://csci1410-2023.vercel.app/)
===== [279/646] =====

### CS143 - Stanford University  (ratings=5.0)
    url: https://web.stanford.edu/class/cs143/
    [found] 17 slide link(s) at reduction 0
    + saved  1_lecture01.pdf
    + saved  2_lecture02.pdf
    + saved  3_lecture03.pdf
    + saved  4_lecture04.pdf
    + saved  5_lecture05.pdf
    + saved  6_lecture06.pdf
    + saved  7_lecture07.pdf
    + saved  8_lecture08.pdf
    + saved  9_lecture09.pdf
    + saved  10_lecture10.pdf
    + saved  11_lecture11.pdf
    + saved  12_lecture12.pdf
    + saved  13_lecture13.pdf
    + saved  14_lecture14.pdf
    + saved  15_lecture15.pdf
    + saved  16_lecture16.pdf
    + saved  17_lecture17.pdf
    -> saved: 17 new, 0 skip, 0 dup, 0 fail  (https://web.stanford.edu/class/cs143/)
===== [280/646] =====

### CS144 - Stanford University  (ratings=5.0)
    url: https://www.scs.stanford.edu/10au-cs144/notes/
    [found] 27 slide link(s) at reduction 0
    + saved  1_l1.pdf
    + saved  2_l2.pdf
    + saved  3_l3.pdf
    + saved  4_l4.pdf
    + saved  5_l5.pdf
    + saved  6_l6.pdf
    + saved  7_l7.pdf
    + saved  8_l8.pdf
    + saved  9_l9.pdf
    + saved  10_l10.pdf
    + saved  11_l11.pdf
    + saved  12_l12.pdf
    + saved  13_l13.pdf
    + saved  14_l14.pdf
    + saved  15_l15.pdf
    + saved  16_l16.pdf
    + saved  17_l17.pdf
    + saved  18_tcpcrypt.pdf
    + saved  19_l18.pdf
    + saved  20_gdb-tutorial.pdf
    + saved  21_gdbquickref.pdf
    + saved  22_tcpoverview.pdf
    + saved  23_routerSecNotes.pdf
    + saved  24_midtermreview.pdf
    + saved  25_Lab4.pdf
    + saved  26_security.pdf
    + saved  27_144Review_8.pdf
    -> saved: 27 new, 0 skip, 0 dup, 0 fail  (https://www.scs.stanford.edu/10au-cs144/notes/)
===== [281/646] =====

### CS146 - San Jose State University  (ratings=184.0)
    url: https://www.cs.sjsu.edu/~mak/archive/CS146/index.html
    [found] 18 slide link(s) at reduction 0
    + saved  1_CS146-150602.pptx
    + saved  2_CS146-150604.pptx
    + saved  3_CS146-150609.pptx
    + saved  4_CS146-150611.pptx
    + saved  5_CS146-150616.pptx
    + saved  6_CS146-150618.pptx
    + saved  7_CS146-150623.pptx
    + saved  8_CS146-150625.pptx
    + saved  9_CS146-150630.pptx
    + saved  10_CS146-150707.pptx
    + saved  11_CS146-150709.pptx
    + saved  12_CS146-150714.pptx
    + saved  13_CS146-150716.pptx
    + saved  14_CS146-150721.pptx
    + saved  15_CS146-150723.pptx
    + saved  16_CS146-150728.pptx
    + saved  17_CS146-150730.pptx
    + saved  18_CS146-150804.pptx
    -> saved: 18 new, 0 skip, 0 dup, 0 fail  (https://www.cs.sjsu.edu/~mak/archive/CS146/index.html)
===== [282/646] =====

### CS149 - James Madison University  (ratings=10.0)
    url: https://w3.cs.jmu.edu/simmonsj/cs149
    [follow] no slides here; checking 5 sub-page(s)
    [reduce 1] https://w3.cs.jmu.edu/simmonsj/
    -> no slides found on any reduced URL
===== [283/646] =====

### CS150 - Carnegie Mellon University  (ratings=5.0)
    url: https://www.cs.cmu.edu/~15150/lect.html
    [found] 19 slide link(s) at reduction 0
    ! fail   https://www.cs.cmu.edu/~15150/resources/lectures/01/lecture01.html  (not a recognized HTML slideshow)
    ! fail   https://www.cs.cmu.edu/~15150/resources/lectures/02/lecture02.html  (not a recognized HTML slideshow)
    ! fail   https://www.cs.cmu.edu/~15150/resources/lectures/03/lecture03.html  (not a recognized HTML slideshow)
    ! fail   https://www.cs.cmu.edu/~15150/resources/lectures/04/lecture04.html  (not a recognized HTML slideshow)
    ! fail   https://www.cs.cmu.edu/~15150/resources/lectures/05/lecture05.html  (not a recognized HTML slideshow)
    ! fail   https://www.cs.cmu.edu/~15150/resources/lectures/06/lecture06.html  (not a recognized HTML slideshow)
    ! fail   https://www.cs.cmu.edu/~15150/resources/lectures/07/lecture07.html  (not a recognized HTML slideshow)
    ! fail   https://www.cs.cmu.edu/~15150/resources/lectures/08/lecture08.html  (not a recognized HTML slideshow)
    ! fail   https://www.cs.cmu.edu/~15150/resources/lectures/09/lecture09.html  (not a recognized HTML slideshow)
    ! fail   https://www.cs.cmu.edu/~15150/resources/lectures/10/lecture10.html  (not a recognized HTML slideshow)
    ! fail   https://www.cs.cmu.edu/~15150/resources/lectures/11/lecture11.html  (not a recognized HTML slideshow)
    ! fail   https://www.cs.cmu.edu/~15150/resources/lectures/12/lecture12.html  (not a recognized HTML slideshow)
    ! fail   https://www.cs.cmu.edu/~15150/resources/lectures/bonus1/lectureb1.html  (not a recognized HTML slideshow)
    ! fail   https://www.cs.cmu.edu/~15150/resources/lectures/13/lecture13.html  (not a recognized HTML slideshow)
    ! fail   https://www.cs.cmu.edu/~15150/resources/lectures/14/lecture14.html  (not a recognized HTML slideshow)
    ! fail   https://www.cs.cmu.edu/~15150/resources/lectures/15/lecture15.html  (not a recognized HTML slideshow)
    ! fail   https://www.cs.cmu.edu/~15150/resources/lectures/16/lecture16.html  (not a recognized HTML slideshow)
    ! fail   https://www.cs.cmu.edu/~15150/resources/lectures/17/lecture17.html  (not a recognized HTML slideshow)
    ! fail   https://www.cs.cmu.edu/~15150/resources/lectures/18/lecture18.html  (not a recognized HTML slideshow)
    [retry] links found but none downloaded; reducing further
    -> partial: 0 new, 0 skip, 0 dup, 19 fail  (https://www.cs.cmu.edu/~15150/lect.html)
===== [284/646] =====

### CS1502 - University of Pittsburgh  (ratings=58.0)
    url: https://people.cs.pitt.edu/~wiebe/courses/CS1502/lectures/
    [found] 1 slide link(s) at reduction 0
    + saved  1_lec1.ppt
    -> saved: 1 new, 0 skip, 0 dup, 0 fail  (https://people.cs.pitt.edu/~wiebe/courses/CS1502/lectures/)
===== [285/646] =====

### CS15112 - Carnegie Mellon University  (ratings=25.0)
    url: https://www.cs.cmu.edu/~112-f23/
    [follow] no slides here; checking 1 sub-page(s)
    [found] 44 slide link(s) at reduction 0
    + saved  1_15112_F23_Lec2_Week1_Basics.pptx
    + saved  2_15112_F23_Lec2_Week1_Basics_inked.pptx
    + saved  3_15112_F23_Lec2_Week1_Basics.pdf
    + saved  4_15112_F23_Lec2_Week1_Basics_inked.pdf
    + saved  5_15112_F23_Lec2_Week2_Loops.pptx
    + saved  6_15112_F23_Lec2_Week2_Loops_inked.pptx
    + saved  7_15112_F23_Lec2_Week2_Loops.pdf
    + saved  8_15112_F23_Lec2_Week2_Loops_inked.pdf
    + saved  9_15112_F23_Lec2_Week3_Strings.pptx
    + saved  10_15112_F23_Lec2_Week3_Strings_inked.pptx
    + saved  11_15112_F23_Lec2_Week3_Strings.pdf
    + saved  12_15112_F23_Lec2_Week3_Strings_inked.pdf
    + saved  13_15112_F23_Lec2_Week3_Graphics_Intro.pptx
    + saved  14_15112_F23_Lec2_Week3_Graphics_Intro_inked.pptx
    + saved  15_15112_F23_Lec2_Week3_Graphics_Intro.pdf
    + saved  16_15112_F23_Lec2_Week3_Graphics_Intro_inked.pdf
    + saved  17_15112_F23_Lec2_Week4_Animations.pptx
    + saved  18_15112_F23_Lec2_Week4_Animations_inked.pptx
    + saved  19_15112_F23_Lec2_Week4_Animations.pdf
    + saved  20_15112_F23_Lec2_Week4_Animations_inked.pdf
    + saved  21_15112_F23_Lec2_Week5_Lists.pptx
    + saved  22_15112_F23_Lec2_Week5_Lists_inked.pptx
    + saved  23_15112_F23_Lec2_Week5_Lists.pdf
    + saved  24_15112_F23_Lec2_Week5_Lists_inked.pdf
    + saved  25_15112_F23_Lec2_Week7_Animations_with_Lists.pptx
    + saved  26_15112_F23_Lec2_Week7_Animations_with_Lists_inked.pptx
    + saved  27_15112_F23_Lec2_Week7_Animations_with_Lists.pdf
    + saved  28_15112_F23_Lec2_Week7_Animations_with_Lists_inked.pdf
    + saved  29_15112_F23_Lec2_Week8_Sets_Dictionaries.pptx
    + saved  30_15112_F23_Lec2_Week8_Sets_Dictionaries_inked.pptx
    + saved  31_15112_F23_Lec2_Week8_Sets_Dictionaries.pdf
    + saved  32_15112_F23_Lec2_Week8_Sets_Dictionaries_inked.pdf
    + saved  33_15112_F23_Lec2_Week9_Recursion.pptx
    + saved  34_15112_F23_Lec2_Week9_Recursion_inked.pptx
    + saved  35_15112_F23_Lec2_Week9_Recursion.pdf
    + saved  36_15112_F23_Lec2_Week9_Recursion_inked.pdf
    + saved  37_15112_F23_Lec2_Week10_OOP1.pptx
    + saved  38_15112_F23_Lec2_Week10_OOP1_inked.pptx
    + saved  39_15112_F23_Lec2_Week10_OOP1.pdf
    + saved  40_15112_F23_Lec2_Week10_OOP1_inked.pdf
    + saved  41_15112_F23_Lec2_Week12_OOP2.pptx
    + saved  42_15112_F23_Lec2_Week12_OOP2_inked.pptx
    + saved  43_15112_F23_Lec2_Week12_OOP2.pdf
    + saved  44_15112_F23_Lec2_Week12_OOP2_inked.pdf
    -> saved: 44 new, 0 skip, 0 dup, 0 fail  (https://www.cs.cmu.edu/~112-f23/)
===== [286/646] =====

### CS15122 - Carnegie Mellon University  (ratings=74.0)
    url: https://www.cs.cmu.edu/~15122/handouts.shtml
    [found] 55 slide link(s) at reduction 0
    + saved  1_01-contracts.pdf
    + saved  2_01-contracts.pdf
    + saved  3_02-ints.pdf
    + saved  4_02-ints.pdf
    + saved  5_03-arrays.pdf
    + saved  6_03-arrays.pdf
    + saved  7_04-linsearch.pdf
    + saved  8_04-linsearch.pdf
    + saved  9_05-bigo.pdf
    + saved  10_05-bigo.pdf
    + saved  11_06-binsearch.pdf
    + saved  12_06-binsearch.pdf
    + saved  13_07-quicksort.pdf
    + saved  14_07-quicksort.pdf
    + saved  15_08-libraries.pdf
    + saved  16_08-libraries.pdf
    + saved  17_08-pointers.pdf
    + saved  18_09-stackqueue.pdf
    + saved  19_09-stackqueue.pdf
    + saved  20_10-linkedlist.pdf
    + saved  21_10-linkedlist.pdf
    + saved  22_11-uba.pdf
    + saved  23_11-uba.pdf
    + saved  24_12-hashing.pdf
    + saved  25_12-hashing.pdf
    + saved  26_13-hdict.pdf
    + saved  27_13-hdict.pdf
    + saved  28_12-voidstar.pdf
    + saved  29_14-generic.pdf
    + saved  30_14-generic.pdf
    + saved  31_14-fpointer.pdf
    + saved  32_15-bst.pdf
    + saved  33_15-bst.pdf
    + saved  34_16-avl.pdf
    + saved  35_16-avl.pdf
    + saved  36_17-cintro.pdf
    + saved  37_17-cintro.pdf
    + saved  38_18-cmem.pdf
    + saved  39_18-cmem.pdf
    + saved  40_19-cnum.pdf
    + saved  41_19-cnum.pdf
    + saved  42_20-c0vm.pdf
    + saved  43_20-c0vm.pdf
    + saved  44_21-graphs.pdf
    + saved  45_21-graphs.pdf
    + saved  46_22-dfs.pdf
    + saved  47_22-dfs.pdf
    + saved  48_23-spanning.pdf
    + saved  49_23-spanning.pdf
    + saved  50_24-unionfind.pdf
    + saved  51_24-unionfind.pdf
    + saved  52_25-pq.pdf
    + saved  53_25-pq.pdf
    + saved  54_26-heap.pdf
    + saved  55_26-heap.pdf
    -> saved: 55 new, 0 skip, 0 dup, 0 fail  (https://www.cs.cmu.edu/~15122/handouts.shtml)
===== [287/646] =====

### CS15281 - Carnegie Mellon University  (ratings=10.0)
    url: https://www.cs.cmu.edu/~./15281/
    [found] 55 slide link(s) at reduction 0
    + saved  1_15281_S26_Lec1_Introduction.pptx
    + saved  2_15281_S26_Lec1_Introduction.pdf
    + saved  3_15281_S25_Lecture_2_Agents_and_Uninformed_Search.pptx
    + saved  4_15281_S25_Lecture_2_Agents_and_Uninformed_Search.pptx.pdf
    + saved  5_15281_S25_Lecture_3_Informed_Search.pptx
    + saved  6_15281_S25_Lecture_3_Informed_Search.pptx.pdf
    + saved  7_15281_S25_Lec4_Adversarial_Search.pptx
    + saved  8_15281_S25_Lec4_Adversarial_Search.pdf
    + saved  9_15281_S25_Lec5_CSPs.pptx
    + saved  10_15281_S25_Lec5_CSPs.pdf
    + saved  11_15281_S25_Lecture_6_Local_Search.pptx
    + saved  12_15281_S25_Lecture_6_Local_Search.pptx.pdf
    + saved  13_15281_S25_Lec7_Linear_Programming.pptx
    + saved  14_15281_S25_Lec7_Linear_Programming.pdf
    + saved  15_15281_S25_Lec8_Integer_Programming.pptx
    + saved  16_15281_S25_Lec8_Integer_Programming.pdf
    + saved  17_15281_S25_Lec9_Propositional_Logic.pptx
    + saved  18_15281_S25_Lec9_Propositional_Logic.pdf
    + saved  19_15281_s26_mt1_review.pptx
    + saved  20_15281_S25_Lec10_AI_Ethics.pptx
    + saved  21_15281_S25_Lec10_AI_Ethics.pdf
    + saved  22_15281_S25_Lec_11_Classical_Planning.pptx
    + saved  23_15281_S25_Lec_11_Classical_Planning.pdf
    + saved  24_15281_S25_Lec_12_Intro_Machine_Learning.ppt
    + saved  25_15281_S25_Lec_12_Intro_Machine_Learning.pdf
    + saved  26_15281_S25_Lec_13_MDPs_I.pptx
    + saved  27_15281_S25_Lec_13_MDPs_I.pdf
    + saved  28_15281_S25_Lec14_MDPs_II.pptx
    + saved  29_15281_S25_Lec14_MDPs_II.pdf
    + saved  30_15281_S25_Lec15_RL_I.pptx
    + saved  31_15281_S25_Lec15_RL_I.pdf
    + saved  32_15281_S25_Lec16_RL_II.pptx
    + saved  33_15281_S25_Lec16_RL_II.pdf
    + saved  34_15281_s26_mt2_review.pptx
    + saved  35_15281_S25_Lec17_Bayes_I.pptx
    + saved  36_15281_S25_Lec17_Bayes_I.pdf
    + saved  37_15281_S25_Lec18_Bayes_II_Independence.pptx
    + saved  38_15281_S25_Lec18_Bayes_II_Independence.pdf
    + saved  39_15281_S25_Lec18_Bayes_II_Independence_annotated.pdf
    + saved  40_15281_S25_Lec19_Bayes_III_Inference.pptx
    + saved  41_15281_S25_Lec19_Bayes_III_Inference.pdf
    + saved  42_15281_S25_Lec20_Bayes_IV_Sampling.pptx
    + saved  43_15281_S25_Lec20_Bayes_IV_Sampling.pdf
    + saved  44_15281_S25_Lec20_Bayes_IV_Sampling_annotated.pdf
    + saved  45_15281_S25_Lec21_Bayes_Nets_HMMs.pptx
    + saved  46_15281_S25_Lec21_Bayes_Nets_HMMs.pdf
    + saved  47_15281_S25_Lec21_Bayes_Nets_HMMs_annotated.pdf
    + saved  48_15281_S25_Lec22_Particle_Filtering.pptx
    + saved  49_15281_S25_Lec22_Particle_Filtering.pdf
    + saved  50_15281_S25_Lec22_Particle_Filtering_annotated.pdf
    + saved  51_15281_S25_Lec23_Game_Theory.pptx
    + saved  52_15281_S25_Lec23_Game_Theory.pdf
    + saved  53_15281_S25_Lec24_Game_Theory_II.pptx
    + saved  54_15281_S25_Lec24_Game_Theory_II.pdf
    ! fail   https://drive.google.com/drive/folders/1MlRk8KqIfhk98_XBEsZ4XLDvoOuJJLmh?usp=sharing  (html response, not a file)
    -> saved: 54 new, 0 skip, 0 dup, 1 fail  (https://www.cs.cmu.edu/~./15281/)
===== [288/646] =====

### CS152L - University of New Mexico  (ratings=5.0)
    url: https://cs.unm.edu/~jhaugh/slide-list-cs152.html
    [found] 20 slide link(s) at reduction 0
    + saved  1_lecture01-Intro.pdf
    + saved  2_lecture02-Review.pdf
    + saved  3_lecture03-Java-Intro.pdf
    + saved  4_lecture04-Expressions.pdf
    + saved  5_lecture05-Functions.pdf
    + saved  6_lecture06-If-While.pdf
    + saved  7_lecture07-More-Control.pdf
    + saved  8_lecture08-Strings.pdf
    + saved  9_lecture09-Switch.pdf
    + saved  10_lecture10-Nested-Loops.pdf
    + saved  11_lecture11-Arrays.pdf
    + saved  12_lecture12-Searching-Sorting.pdf
    + saved  13_lecture14-Classes.pdf
    + saved  14_lecture15-Static-Final.pdf
    + saved  15_lecture16-Enums.pdf
    + saved  16_lecture17-Lists.pdf
    + saved  17_lecture18-Recursion.pdf
    + saved  18_lecture19-Recursion2.pdf
    + saved  19_lecture20-Testing-Debugging.pdf
    + saved  20_lecture21-PrisonersDilemma.pdf
    -> saved: 20 new, 0 skip, 0 dup, 0 fail  (https://cs.unm.edu/~jhaugh/slide-list-cs152.html)
===== [289/646] =====

### CS159 - James Madison University  (ratings=13.0)
    url: https://w3.cs.jmu.edu/mayfiecs/cs159
    [follow] no slides here; checking 1 sub-page(s)
    [reduce 1] https://w3.cs.jmu.edu/mayfiecs/
    -> no slides found on any reduced URL
===== [290/646] =====

### CS164 - Drexel University  (ratings=83.0)
    url: https://www.cs.drexel.edu/~jpopyack/Courses/CSP/Fa17/notes/01.x_CourseIntro/firstDayInfo.html
    [reduce 1] https://www.cs.drexel.edu/~jpopyack/Courses/CSP/Fa17/notes/01.x_CourseIntro/
    [fetch] status=403
    [reduce 2] https://www.cs.drexel.edu/~jpopyack/Courses/CSP/Fa17/notes/
    [fetch] status=403
    [reduce 3] https://www.cs.drexel.edu/~jpopyack/Courses/CSP/Fa17/
    [reduce 4] https://www.cs.drexel.edu/~jpopyack/Courses/CSP/
    [fetch] error: Page.content: Unable to retrieve content because the page is navigating and changing the content.
    [reduce 5] https://www.cs.drexel.edu/~jpopyack/Courses/
    -> no slides found on any reduced URL
===== [291/646] =====

### CS167 - Drake University  (ratings=9.0)
    url: https://analytics.drake.edu/~reza/teaching/cs167_sp26/lecture_slides/
    [found] 26 slide link(s) at reduction 0
    + saved  1_cs167_lecture1.pdf
    + saved  2_cs167_lecture2.pdf
    + saved  3_cs167_lecture3.pdf
    + saved  4_cs167_lecture4.pdf
    + saved  5_cs167_lecture5.pdf
    + saved  6_cs167_lecture6.pdf
    + saved  7_cs167_lecture7.pdf
    + saved  8_cs167_lecture8.pdf
    + saved  9_cs167_lecture9.pdf
    + saved  10_cs167_lecture10.pdf
    + saved  11_cs167_lecture11.pdf
    + saved  12_cs167_lecture12.pdf
    + saved  13_cs167_lecture13.pdf
    + saved  14_cs167_lecture14.pdf
    + saved  15_cs167_lecture15.pdf
    + saved  16_cs167_lecture16.pdf
    + saved  17_cs167_lecture17.pdf
    + saved  18_cs167_lecture18.pdf
    + saved  19_cs167_lecture19.pdf
    + saved  20_cs167_lecture20.pdf
    + saved  21_cs167_lecture21.pdf
    + saved  22_cs167_lecture22.pdf
    + saved  23_cs167_lecture23.pdf
    + saved  24_cs167_lecture23.pptx
    + saved  25_cs167_lecture24.pdf
    + saved  26_cs167_lecture25.pdf
    -> saved: 26 new, 0 skip, 0 dup, 0 fail  (https://analytics.drake.edu/~reza/teaching/cs167_sp26/lecture_slides/)
===== [292/646] =====

### CS17 - Brown University  (ratings=6.0)
    url: https://cs.brown.edu/courses/cs017/content/lectures/01welcome-racket.pdf
    [found] 1 slide link(s) at reduction 0
    + saved  1_01welcome-racket.pdf
    -> saved: 1 new, 0 skip, 0 dup, 0 fail  (https://cs.brown.edu/courses/cs017/content/lectures/01welcome-racket.pdf)
===== [293/646] =====

### CS171 - Emory University  (ratings=37.0)
    url: https://www.cs.emory.edu/~cs171000/share/slides/
    [found] 31 slide link(s) at reduction 0
    + saved  1_0119_intro.pdf
    + saved  2_0124_java.pdf
    + saved  3_0126_inheritance.pdf
    + saved  4_0130_Eclipse1.ppt
    + saved  5_0130_Eclipse2.ppt
    + saved  6_0131_arrays.pdf
    + saved  7_0202_analysis.pdf
    + saved  8_0207_analysis_sort.pdf
    + saved  9_0209_sort_interface.pdf
    + saved  10_0214_stacks_generics.pdf
    + saved  11_0216_stacks_queues.pdf
    + saved  12_0221_stacks_queues.pdf
    + saved  13_0223_linkedlist.pdf
    + saved  14_0228_recursion.pdf
    + saved  15_0301_recursion.pdf
    + saved  16_0306_mergesort.pdf
    + saved  17_0308_DemoPartitioning.pdf
    + saved  18_0308_quicksort.pdf
    + saved  19_0320_quicksort.pdf
    + saved  20_0322_BST.pdf
    + saved  21_0327_BST.pdf
    + saved  22_0403_balanced.pdf
    + saved  23_0405_hashing.pdf
    + saved  24_0410_PQ.pdf
    + saved  25_0412_graphs.pdf
    + saved  26_0417_graphs.pdf
    + saved  27_0419_graphs.pdf
    + saved  28_0424_graphs.pdf
    + saved  29_0426_graphs.pdf
    + saved  30_0501_review.pdf
    + saved  31_0829_intro.pdf
    -> saved: 31 new, 0 skip, 0 dup, 0 fail  (https://www.cs.emory.edu/~cs171000/share/slides/)
===== [294/646] =====

### CS181 - Stanford University  (ratings=5.0)
    url: https://stanfordcs181.github.io/
    [found] 3 slide link(s) at reduction 0
    + saved  1_feynman.pdf
    + saved  2_slides--the-greatest-good.pdf
    + saved  3_shonubi.pdf
    -> saved: 3 new, 0 skip, 0 dup, 0 fail  (https://stanfordcs181.github.io/)
===== [295/646] =====

### CS200 - University of Wisconsin-Madison  (ratings=33.0)
    url: https://pages.cs.wisc.edu/~vinitskys/cs200_files/lectures/1_Welcome_to_CS200.pdf
    [found] 1 slide link(s) at reduction 0
    + saved  1_1_Welcome_to_CS200.pdf
    -> saved: 1 new, 0 skip, 0 dup, 0 fail  (https://pages.cs.wisc.edu/~vinitskys/cs200_files/lectures/1_Welcome_to_CS200.pdf)
===== [296/646] =====

### CS203 - Duke University  (ratings=5.0)
    url: https://github.com/ktk53x/Course_Material/blob/master/CS203%20Lectures%20and%20Homework/hw2.pdf
    [found] 1 slide link(s) at reduction 0
    + saved  1_hw2.pdf
    -> saved: 1 new, 0 skip, 0 dup, 0 fail  (https://github.com/ktk53x/Course_Material/blob/master/CS203%20Lectures%20and%20Homework/hw2.pdf)
===== [297/646] =====

### CS208 - Carleton College  (ratings=6.0)
    url: https://cs.carleton.edu/faculty/jondich/courses/cs208_w26/
    [found] 22 slide link(s) at reduction 0
    + saved  1_slides-20260105.pdf
    + saved  2_slides-20260107.pdf
    + saved  3_slides-20260109.pdf
    + saved  4_slides-20260112.pdf
    + saved  5_slides-20260114.pdf
    + saved  6_slides-20260116.pdf
    + saved  7_slides-20260119.pdf
    + saved  8_slides-20260121.pdf
    + saved  9_slides-20260126.pdf
    + saved  10_slides-20260128.pdf
    + saved  11_slides-20260202.pdf
    + saved  12_slides-20260204.pdf
    + saved  13_slides-20260206.pdf
    + saved  14_slides-20260213.pdf
    + saved  15_slides-20260216.pdf
    + saved  16_slides-20260218.pdf
    + saved  17_slides-20260220.pdf
    + saved  18_slides-20260223.pdf
    + saved  19_slides-20260225.pdf
    + saved  20_slides-20260227.pdf
    ! fail   https://cs.carleton.edu/faculty/jondich/courses/cs208_w26/classnotes/slides-20260302.pdf  (http 404)
    + saved  22_slides-20260306.pdf
    -> saved: 21 new, 0 skip, 0 dup, 1 fail  (https://cs.carleton.edu/faculty/jondich/courses/cs208_w26/)
===== [298/646] =====

### CS2103 - Worcester Polytechnic Institute  (ratings=11.0)
    url: https://nus-cs2103-ay1718s2.github.io/website/
    [found] 4 slide link(s) at reduction 0
    + saved  1_L12P3._Project_-_The_Last_Mile.pptx
    + saved  2_L12P1._Other_useful_UML_models.pptx
    + saved  3_L12P2._One_destination_many_paths_-_software_process_models.pptx
    + saved  4_L12P5._Module_wrap_up.pptx
    -> saved: 4 new, 0 skip, 0 dup, 0 fail  (https://nus-cs2103-ay1718s2.github.io/website/)
===== [299/646] =====

### CS2104 - Virginia Tech  (ratings=5.0)
    url: https://courses.cs.vt.edu/cs2104/Spring12Onufriev/
    [follow] no slides here; checking 1 sub-page(s)
    [found] 18 slide link(s) at reduction 0
    + saved  1_01-Intro.ppt
    + saved  2_02-Interview.pptx
    + saved  3_DaCunha.pdf
    + saved  4_04-MB.ppt
    + saved  5_05-Pairs.ppt
    + saved  6_WASI.Spring10.ppt
    + saved  7_03-Errors.ppt
    + saved  8_06-Starting.ppt
    + saved  9_08-Analogy-1.ppt
    + saved  10_09-Externalize.ppt
    + saved  11_10-Visualize-1.ppt
    + saved  12_11-Teamwork.RealLifeProblems.ppt
    + saved  13_12-Combinatorics.ppt
    + saved  14_DNA.computing.pptx
    + saved  15_13-SimpleTrends.LateralThinking.pptx
    + saved  16_14-symmetry.pptx
    + saved  17_16-PigeonHole.ppt
    + saved  18_17-Invariant.pptx
    -> saved: 18 new, 0 skip, 0 dup, 0 fail  (https://courses.cs.vt.edu/cs2104/Spring12Onufriev/)
===== [300/646] =====

### CS2110 - Cornell University  (ratings=9.0)
    url: https://www.cs.cornell.edu/courses/cs2110/2026sp/
    [found] 28 slide link(s) at reduction 0
    + saved  1_lec01-slides.pdf
    + saved  2_lec02-slides.pdf
    + saved  3_lec03-slides.pdf
    + saved  4_lec04-slides.pdf
    + saved  5_lec05-slides.pdf
    + saved  6_lec06-slides.pdf
    + saved  7_lec07-slides.pdf
    + saved  8_lec08-slides.pdf
    + saved  9_lec09-slides.pdf
    + saved  10_lec10-slides.pdf
    + saved  11_lec11-slides.pdf
    + saved  12_lec12-slides.pdf
    + saved  13_lec13-slides.pdf
    + saved  14_lec14-slides.pdf
    + saved  15_lec15-slides.pdf
    + saved  16_lec16-slides.pdf
    + saved  17_lec17-slides.pdf
    + saved  18_lec18-slides.pdf
    + saved  19_lec19-slides.pdf
    + saved  20_lec20-slides.pdf
    + saved  21_lec21-slides.pdf
    + saved  22_lec22-slides.pdf
    + saved  23_lec23-slides.pdf
    + saved  24_lec24-slides.pdf
    + saved  25_lec25-slides.pdf
    + saved  26_lec26-slides.pdf
    + saved  27_lec27-slides.pdf
    + saved  28_lec28-slides.pdf
    -> saved: 28 new, 0 skip, 0 dup, 0 fail  (https://www.cs.cornell.edu/courses/cs2110/2026sp/)
===== [301/646] =====

### CS213 - Carnegie Mellon University  (ratings=5.0)
    url: https://www.cs.cmu.edu/afs/cs/academic/class/15213-f01/www/lectures.html
    [found] 84 slide link(s) at reduction 0
    + saved  1_class01a.pdf
    + saved  2_class01a.4up.pdf
    + saved  3_class01a.ppt
    + saved  4_class01b.pdf
    + saved  5_class01b.4up.pdf
    + saved  6_class01b.ppt
    + saved  7_class02.pdf
    + saved  8_class02.4up.pdf
    + saved  9_class02.ppt
    + saved  10_class03.pdf
    + saved  11_class03.4up.pdf
    + saved  12_class03.ppt
    + saved  13_class04.pdf
    + saved  14_class04.4up.pdf
    + saved  15_class04.ppt
    + saved  16_class05.pdf
    + saved  17_class05.4up.pdf
    + saved  18_class05.ppt
    + saved  19_class06.pdf
    + saved  20_class06.4up.pdf
    + saved  21_class06.ppt
    + saved  22_class07.pdf
    + saved  23_class07.4up.pdf
    + saved  24_class07.ppt
    + saved  25_class08.pdf
    + saved  26_class08.4up.pdf
    + saved  27_class08.ppt
    + saved  28_class09.pdf
    + saved  29_class09.4up.pdf
    + saved  30_class09.ppt
    + saved  31_class10.pdf
    + saved  32_class10.4up.pdf
    + saved  33_class10.ppt
    + saved  34_class11.pdf
    + saved  35_class11.4up.pdf
    + saved  36_class11.ppt
    + saved  37_class12.pdf
    + saved  38_class12.4up.pdf
    + saved  39_class12.ppt
    + saved  40_class14.pdf
    + saved  41_class14.4up.pdf
    + saved  42_class14.ppt
    + saved  43_class15.pdf
    + saved  44_class15.4up.pdf
    + saved  45_class15.ppt
    + saved  46_class16.pdf
    + saved  47_class16.4up.pdf
    + saved  48_class16.ppt
    + saved  49_class17.pdf
    + saved  50_class17.4up.pdf
    + saved  51_class17.ppt
    + saved  52_class18.pdf
    + saved  53_class18.4up.pdf
    + saved  54_class18.ppt
    + saved  55_class19.pdf
    + saved  56_class19.4up.pdf
    + saved  57_class19.ppt
    + saved  58_class20.pdf
    + saved  59_class20.4up.pdf
    + saved  60_class20.ppt
    + saved  61_class21.pdf
    + saved  62_class21.4up.pdf
    + saved  63_class21.ppt
    + saved  64_class22.pdf
    + saved  65_class22.4up.pdf
    + saved  66_class22.ppt
    + saved  67_class24.pdf
    + saved  68_class24.4up.pdf
    + saved  69_class24.ppt
    + saved  70_class25.pdf
    + saved  71_class25.4up.pdf
    + saved  72_class25.ppt
    + saved  73_class26.pdf
    + saved  74_class26.4up.pdf
    + saved  75_class26.ppt
    + saved  76_class27.pdf
    + saved  77_class27.4up.pdf
    + saved  78_class27.ppt
    + saved  79_class28.pdf
    + saved  80_class28.4up.pdf
    + saved  81_class28.ppt
    + saved  82_class29.pdf
    + saved  83_class29.4up.pdf
    + saved  84_class29.ppt
    -> saved: 84 new, 0 skip, 0 dup, 0 fail  (https://www.cs.cmu.edu/afs/cs/academic/class/15213-f01/www/lectures.html)
===== [302/646] =====

### CS2200 - Georgia Institute of Technology  (ratings=142.0)
    url: https://faculty.cc.gatech.edu/~rama/CS2200-External
    [found] 20 slide link(s) at reduction 0
    ! fail   https://faculty.cc.gatech.edu/~rama/learning-outcome/CS2200LearningOutcomes.pdf  (http 404)
    ! fail   https://faculty.cc.gatech.edu/~rama/exams/CS2200Spring2008Test1.pdf  (http 404)
    ! fail   https://faculty.cc.gatech.edu/~rama/exams/CS2200Spring2008Test2.pdf  (http 404)
    ! fail   https://faculty.cc.gatech.edu/~rama/TOC.pdf  (http 404)
    ! fail   https://faculty.cc.gatech.edu/~rama/misc/ProspectusRev01.pdf  (http 404)
    ! fail   https://faculty.cc.gatech.edu/~rama/ppt-slides/Chapter01.pptx  (http 404)
    ! fail   https://faculty.cc.gatech.edu/~rama/ppt-slides/Chapter02.pptx  (http 404)
    ! fail   https://faculty.cc.gatech.edu/~rama/ppt-slides/Chapter03.pptx  (http 404)
    ! fail   https://faculty.cc.gatech.edu/~rama/ppt-slides/Chapter04.pptx  (http 404)
    ! fail   https://faculty.cc.gatech.edu/~rama/ppt-slides/Chapter05.pptx  (http 404)
    ! fail   https://faculty.cc.gatech.edu/~rama/ppt-slides/Chapter06.pptx  (http 404)
    ! fail   https://faculty.cc.gatech.edu/~rama/ppt-slides/Chapter07.pptx  (http 404)
    ! fail   https://faculty.cc.gatech.edu/~rama/ppt-slides/Chapter08.pptx  (http 404)
    ! fail   https://faculty.cc.gatech.edu/~rama/ppt-slides/Chapter09.pptx  (http 404)
    ! fail   https://faculty.cc.gatech.edu/~rama/ppt-slides/Chapter10.pptx  (http 404)
    ! fail   https://faculty.cc.gatech.edu/~rama/ppt-slides/Chapter11.pptx  (http 404)
    ! fail   https://faculty.cc.gatech.edu/~rama/ppt-slides/Chapter12.pptx  (http 404)
    ! fail   https://faculty.cc.gatech.edu/~rama/ppt-slides/Chapter13.pptx  (http 404)
    ! fail   https://faculty.cc.gatech.edu/~rama/ppt-slides/Chapter14.pptx  (http 404)
    ! fail   https://faculty.cc.gatech.edu/~rama/misc/GT-KR-WCAE-07-camera-ready.pdf  (http 404)
    [retry] links found but none downloaded; reducing further
    -> partial: 0 new, 0 skip, 0 dup, 20 fail  (https://faculty.cc.gatech.edu/~rama/CS2200-External)
===== [303/646] =====

### CS2201 - Vanderbilt University  (ratings=118.0)
    url: https://cs2201-iitp.github.io/lectures/
    [found] 11 slide link(s) at reduction 0
    + saved  1_Lect-FA.pdf
    + saved  2_Lect-RE_Part-I.pdf
    + saved  3_Lect-RE_Part-II.pdf
    + saved  4_Lect-RE-Closure.pdf
    + saved  5_RegEX_Additional.pdf
    + saved  6_Lect-CFG-Feb2026.pdf
    + saved  7_PDA.pdf
    + saved  8_Lect-PDA.pdf
    + saved  9_Top_down_parser.pdf
    + saved  10_Bottom-up-Parser.pdf
    + saved  11_Lec_2201-TM.pdf
    -> saved: 11 new, 0 skip, 0 dup, 0 fail  (https://cs2201-iitp.github.io/lectures/)
===== [304/646] =====

### CS229 - Stanford University  (ratings=15.0)
    url: https://cs229.stanford.edu/syllabus-spring2021.html
    [found] 26 slide link(s) at reduction 0
    + saved  1_lecture1.pdf
    + saved  2_lecture2_draft.pdf
    + saved  3_friday_lecture1.pdf
    + saved  4_lecture3_draft.pdf
    + saved  5_lecture4_draft.pdf
    + saved  6_friday_lecture2.pdf
    + saved  7_lecture5_live.pdf
    + saved  8_lecture6_live.pdf
    + saved  9_friday_lecture3.pdf
    + saved  10_lecture7_live.pdf
    + saved  11_lecture8_live.pdf
    + saved  12_friday_lecture4.pdf
    + saved  13_lecture9_live.pdf
    + saved  14_lecture10_live.pdf
    + saved  15_friday_lecture5.pdf
    + saved  16_cs229_deep_learning_friday.pptx
    + saved  17_lecture11_draft.pdf
    + saved  18_lecture12_draft.pdf
    + saved  19_lecture13_draft.pdf
    + saved  20_WeakSupervise_229.pdf
    + saved  21_Decision_Trees_CS229.pdf
    + saved  22_cs229_lecture_selfsupervision_final.pdf
    + saved  23_ml_advice.pdf
    + saved  24_friday_lecture_ml_critique.pdf
    + saved  25_lecture17_live.pdf
    + saved  26_lecture18_live.pdf
    -> saved: 26 new, 0 skip, 0 dup, 0 fail  (https://cs229.stanford.edu/syllabus-spring2021.html)
===== [305/646] =====

### CS230 - Duke University  (ratings=87.0)
    url: https://donaldlab.cs.duke.edu/Teaching/discretemath/Online/materials.shtml
    [found] 15 slide link(s) at reduction 0
    + saved  1_l16a-integers-real-numbers-cartesian-products.pdf
    + saved  2_l16-fundamental-theorem-of-algebra-induction.pdf
    + saved  3_Expected-number-of-different-birthdays.pdf
    + saved  4_l20c-permutations-combinations.pdf
    + saved  5_l20b-probability-bioinfo-slides2-22.pdf
    + saved  6_l20d-probability-distribution-of-structures.pdf
    ! fail   https://donaldlab.cs.duke.edu/Teaching/discretemath/Online/lectures/l20e-fermat.html  (not a recognized HTML slideshow)
    + saved  8_l23-convex-hull.pdf
    + saved  9_l14-set-theory-and-logic.pdf
    + saved  10_l15-functions.pdf
    + saved  11_l16b-finite-and-infinite-sets.pdf
    + saved  12_l19-ReductionNotes.pdf
    + saved  13_l20a-intro-combinatorics-prob.pdf
    + saved  14_l21-axioms-prob.pdf
    + saved  15_l22-conditional-prob.pdf
    -> saved: 14 new, 0 skip, 0 dup, 1 fail  (https://donaldlab.cs.duke.edu/Teaching/discretemath/Online/materials.shtml)
===== [306/646] =====

### CS2303 - Worcester Polytechnic Institute  (ratings=6.0)
    url: https://web.cs.wpi.edu/~cs2303/c10/Protected/Lectures-C10/Week0_Introduction.ppt
    [found] 1 slide link(s) at reduction 0
    + saved  1_Week0_Introduction.ppt
    -> saved: 1 new, 0 skip, 0 dup, 0 fail  (https://web.cs.wpi.edu/~cs2303/c10/Protected/Lectures-C10/Week0_Introduction.ppt)
===== [307/646] =====

### CS2316 - Georgia Institute of Technology  (ratings=29.0)
    url: https://faculty.cc.gatech.edu/~sweat/cs2316/syllabus.html
    [follow] no slides here; checking 1 sub-page(s)
    [found] 4 slide link(s) at reduction 0
    + saved  1_cs2316-where_it_fits.pdf
    ! fail   https://faculty.cc.gatech.edu/~sweat/cs2316/presentations/VariablesTypesMath.ppt  (http 404)
    + saved  3_Python-review1.pdf
    ! fail   https://faculty.cc.gatech.edu/~sweat/cs2316/presentations/Python-Review2.pdf  (http 404)
    -> saved: 2 new, 0 skip, 0 dup, 2 fail  (https://faculty.cc.gatech.edu/~sweat/cs2316/syllabus.html)
===== [308/646] =====

### CS240 - Binghamton University  (ratings=6.0)
    url: https://github.com/RichardLee0211/CS240DS_Lewis/slides
    [fetch] status=404
    [reduce 1] https://github.com/RichardLee0211/CS240DS_Lewis/
    [follow] no slides here; checking 10 sub-page(s)
    [found] 19 slide link(s) at reduction 1
    + saved  1_CS240_GDBValgrind.pdf
    + saved  2_cs240-AVLabbreviated.ppt
    + saved  3_cs240-BigOh.ppt
    + saved  4_cs240-BigOhWithSamples.ppt
    + saved  5_cs240-FileIOClassIntro.ppt
    + saved  6_cs240-GraphsFall2017.pptx
    + saved  7_cs240-HashTables.ppt
    + saved  8_cs240-Heaps.pptx
    + saved  9_cs240-IntroSyllabus_1.ppt
    + saved  10_cs240-Lists.ppt
    + saved  11_cs240-MemoryModel.ppt
    + saved  12_cs240-MinSpanTree.ppt
    + saved  13_cs240-Recursion.ppt
    + saved  14_cs240-ShortestPathFall2017.pptx
    + saved  15_cs240-Sort.ppt
    + saved  16_cs240-Templates.ppt
    + saved  17_cs240-Trees.ppt
    + saved  18_cs240-Types.ppt
    + saved  19_cs240Fall17-C_Basics_1.ppt
    -> saved: 19 new, 0 skip, 0 dup, 0 fail  (https://github.com/RichardLee0211/CS240DS_Lewis/)
===== [309/646] =====

### CS251 - Carnegie Mellon University  (ratings=18.0)
    url: http://www.cs.cmu.edu/~15251/
    [follow] no slides here; checking 3 sub-page(s)
    [found] 42 slide link(s) at reduction 0
    ! fail   http://www.cs.cmu.edu/~15251/slides/lec1.pdf  (http 404)
    ! fail   http://www.cs.cmu.edu/~15251/slides/lec1-5.pdf  (http 404)
    ! fail   http://www.cs.cmu.edu/~15251/slides/lec2.pdf  (http 404)
    ! fail   http://www.cs.cmu.edu/~15251/slides/lec3.pdf  (http 404)
    ! fail   http://www.cs.cmu.edu/~15251/slides/lec4.pdf  (http 404)
    ! fail   http://www.cs.cmu.edu/~15251/slides/lec5slides.pdf  (http 404)
    ! fail   http://www.cs.cmu.edu/~15251/slides/lec5HA.pdf  (http 404)
    ! fail   http://www.cs.cmu.edu/~15251/slides/lec6slides.pdf  (http 404)
    ! fail   http://www.cs.cmu.edu/~15251/slides/lec6HA.pdf  (http 404)
    ! fail   http://www.cs.cmu.edu/~15251/slides/lec7slides.pdf  (http 404)
    ! fail   http://www.cs.cmu.edu/~15251/slides/lec7HA.pdf  (http 404)
    ! fail   http://www.cs.cmu.edu/~15251/slides/lec8slides.pdf  (http 404)
    ! fail   http://www.cs.cmu.edu/~15251/slides/lec8HA.pdf  (http 404)
    ! fail   http://www.cs.cmu.edu/~15251/slides/lec9slides.pdf  (http 404)
    ! fail   http://www.cs.cmu.edu/~15251/slides/lec9HA.pdf  (http 404)
    ! fail   http://www.cs.cmu.edu/~15251/slides/lec10slides.pdf  (http 404)
    ! fail   http://www.cs.cmu.edu/~15251/slides/lec10HA.pdf  (http 404)
    ! fail   http://www.cs.cmu.edu/~15251/slides/lec11slides.pdf  (http 404)
    ! fail   http://www.cs.cmu.edu/~15251/slides/lec11HA.pdf  (http 404)
    ! fail   http://www.cs.cmu.edu/~15251/slides/lec12.pdf  (http 404)
    ! fail   http://www.cs.cmu.edu/~15251/slides/lec13.pdf  (http 404)
    ! fail   http://www.cs.cmu.edu/~15251/slides/lec14slides.pdf  (http 404)
    ! fail   http://www.cs.cmu.edu/~15251/slides/lec14HA.pdf  (http 404)
    ! fail   http://www.cs.cmu.edu/~15251/slides/lec15.pdf  (http 404)
    ! fail   http://www.cs.cmu.edu/~15251/slides/lec16.pdf  (http 404)
    ! fail   http://www.cs.cmu.edu/~15251/slides/lec17slides.pdf  (http 404)
    ! fail   http://www.cs.cmu.edu/~15251/slides/lec17HA.pdf  (http 404)
    ! fail   http://www.cs.cmu.edu/~15251/slides/lec18.pdf  (http 404)
    ! fail   http://www.cs.cmu.edu/~15251/slides/lec19.pdf  (http 404)
    ! fail   http://www.cs.cmu.edu/~15251/slides/lec20.pdf  (http 404)
    ! fail   http://www.cs.cmu.edu/~15251/slides/lec21.pdf  (http 404)
    ! fail   http://www.cs.cmu.edu/~15251/slides/lec22slides.pdf  (http 404)
    ! fail   http://www.cs.cmu.edu/~15251/slides/lec22HA.pdf  (http 404)
    ! fail   http://www.cs.cmu.edu/~15251/slides/lec23slides.pdf  (http 404)
    ! fail   http://www.cs.cmu.edu/~15251/slides/lec23HA.pdf  (http 404)
    ! fail   http://www.cs.cmu.edu/~15251/slides/lec24.pdf  (http 404)
    ! fail   http://www.cs.cmu.edu/~15251/slides/lec25slides.pdf  (http 404)
    ! fail   http://www.cs.cmu.edu/~15251/slides/lec25HA.pdf  (http 404)
    ! fail   http://www.cs.cmu.edu/~15251/slides/lec26slides.pdf  (http 404)
    ! fail   http://www.cs.cmu.edu/~15251/slides/lec26HA.pdf  (http 404)
    ! fail   http://www.cs.cmu.edu/~15251/slides/lec27slides.pdf  (http 404)
    ! fail   http://www.cs.cmu.edu/~15251/slides/lec27HA.pdf  (http 404)
    [retry] links found but none downloaded; reducing further
    -> partial: 0 new, 0 skip, 0 dup, 42 fail  (http://www.cs.cmu.edu/~15251/)
===== [310/646] =====

### CS280 - Johns Hopkins University  (ratings=9.0)
    url: https://cs280fa23.github.io/
    -> no slides found on any reduced URL
===== [311/646] =====

### CS2800 - Cornell University  (ratings=33.0)
    url: https://www.cs.cornell.edu/courses/cs2800/2009fa/notes.htm
    [found] 14 slide link(s) at reduction 0
    + saved  1_CS2800-intro_v.3.ppt
    + saved  2_CS2800-Logic_part1_v.2.ppt
    + saved  3_CS2800-Logic_part2_v.5.ppt
    + saved  4_CS2800-Sets_v.4.ppt
    + saved  5_CS2800-Functions-Seqs_v.5.ppt
    + saved  6_CS2800-Algorithms-Growth-Rates_v.4.ppt
    + saved  7_CS2800-Induction_v.6.ppt
    + saved  8_CS2800-Number-theory_v.11.ppt
    + saved  9_CS2800-Counting_v.6.ppt
    + saved  10_CS2800-Probability_part_a_v.2.ppt
    + saved  11_CS2800-Probability_part_b_v.2.ppt
    + saved  12_CS2800-Probability_part_c_v.2.ppt
    + saved  13_CS2800-Probability_part_d_v.3.ppt
    + saved  14_CS2800-Probability_part_e_v.2.ppt
    -> saved: 14 new, 0 skip, 0 dup, 0 fail  (https://www.cs.cornell.edu/courses/cs2800/2009fa/notes.htm)
===== [312/646] =====

### CS2DM3 - McMaster University  (ratings=12.0)
    url: https://ms.mcmaster.ca/~dasils19/current_courses.html
    [found] 18 slide link(s) at reduction 0
    + saved  1_January_7.pdf
    + saved  2_January_9.pdf
    + saved  3_January_14.pdf
    + saved  4_January_16.pdf
    + saved  5_January_21.pdf
    + saved  6_January_23.pdf
    + saved  7_January_28.pdf
    + saved  8_January_30.pdf
    + saved  9_February_4.pdf
    + saved  10_February_6.pdf
    + saved  11_February_11.pdf
    + saved  12_February_13.pdf
    + saved  13_February_25.pdf
    + saved  14_February_27.pdf
    + saved  15_March_3.pdf
    + saved  16_March_5.pdf
    + saved  17_March_10.pdf
    + saved  18_March_12.pdf
    -> saved: 18 new, 0 skip, 0 dup, 0 fail  (https://ms.mcmaster.ca/~dasils19/current_courses.html)
===== [313/646] =====

### CS3000 - Northeastern University  (ratings=7.0)
    url: https://tlarock.github.io/teaching/cs3000/slides/Lecture01_withNotes.pdf
    [found] 1 slide link(s) at reduction 0
    + saved  1_Lecture01_withNotes.pdf
    -> saved: 1 new, 0 skip, 0 dup, 0 fail  (https://tlarock.github.io/teaching/cs3000/slides/Lecture01_withNotes.pdf)
===== [314/646] =====

### CS3001 - Georgia Institute of Technology  (ratings=20.0)
    url: http://www.munmund.net/CS3001C_Spring2022.html
    [found] 37 slide link(s) at reduction 0
    + saved  1_Week1_Jan10.pdf
    + saved  2_Week1_Jan12.pdf
    + saved  3_Week1-SectionGuide.pdf
    + saved  4_Week2_Jan19.pdf
    + saved  5_Week2-SectionGuide.pdf
    + saved  6_Week3_Jan24.pdf
    + saved  7_Week3_Jan26.pdf
    + saved  8_Week3-SectionGuide.pdf
    + saved  9_Week4_Jan31.pdf
    + saved  10_Week4_Feb2.pdf
    + saved  11_Week4-SectionGuide.pdf
    + saved  12_Week5_Feb7.pdf
    + saved  13_Week5_Feb9.pdf
    + saved  14_Week5-SectionGuide.pdf
    + saved  15_Week6_Feb14.pdf
    + saved  16_Week6_Feb16.pdf
    + saved  17_Week6-SectionGuide.pdf
    + saved  18_Week7_Feb21.pdf
    + saved  19_Week7_Feb23.pdf
    + saved  20_Week7-SectionGuide.pdf
    + saved  21_Week9_Mar7.pdf
    + saved  22_Week9_Mar9.pdf
    + saved  23_Week9-SectionGuide.pdf
    + saved  24_Week10_Mar14.pdf
    + saved  25_Week10-SectionGuide.pdf
    + saved  26_Week12_Mar28.pdf
    + saved  27_Week12_Mar30.pdf
    + saved  28_Week12-SectionGuide.pdf
    + saved  29_Week13_Apr4.pdf
    + saved  30_Week13_Apr6.pdf
    + saved  31_Week13-SectionGuide.pdf
    + saved  32_Week14_Apr11.pdf
    + saved  33_Week14_Apr13.pdf
    + saved  34_Week14-SectionGuide.pdf
    + saved  35_Week15_Apr18.pdf
    + saved  36_Week15-SectionGuide.pdf
    + saved  37_Week16_Apr25.pdf
    -> saved: 37 new, 0 skip, 0 dup, 0 fail  (http://www.munmund.net/CS3001C_Spring2022.html)
===== [315/646] =====

### CS3013 - Worcester Polytechnic Institute  (ratings=27.0)
    url: https://web.cs.wpi.edu/~cs3013/c07/
    [found] 26 slide link(s) at reduction 0
    + saved  1_Section01-Overview.ppt
    + saved  2_Section01-Overview.pdf
    + saved  3_Section02-Structures.ppt
    + saved  4_Section02-Structures.pdf
    + saved  5_Section03-Processes.ppt
    + saved  6_Section03-Processes.pdf
    + saved  7_Section04-Threads.ppt
    + saved  8_Section04-Threads.pdf
    + saved  9_Section05-Scheduling.ppt
    + saved  10_Section05-Scheduling.pdf
    + saved  11_Section05-SystemOverview.ppt
    + saved  12_Section05-SystemOverview.pdf
    + saved  13_Section06-Sync.ppt
    + saved  14_Section06-Sync.pdf
    + saved  15_Section07-Deadlocks.ppt
    + saved  16_Section07-Deadlocks.pdf
    + saved  17_Section08-Memory_Management.ppt
    + saved  18_Section08-Memory_Management.pdf
    + saved  19_Section09-Virtual_Memory.ppt
    + saved  20_Section09-Virtual_Memory.pdf
    + saved  21_Section09.1-Intel.ppt
    + saved  22_Section09.1-Intel.pdf
    + saved  23_Section10-File_Systems.ppt
    + saved  24_Section10-File_Systems.pdf
    + saved  25_Section12-IO_Systems.ppt
    + saved  26_Section12-IO_Systems.pdf
    -> saved: 26 new, 0 skip, 0 dup, 0 fail  (https://web.cs.wpi.edu/~cs3013/c07/)
===== [316/646] =====

### CS303 - College of William & Mary  (ratings=6.0)
    url: https://www.cs.wm.edu/~tadavis/cs303/
    -> no slides found on any reduced URL
===== [317/646] =====

### CS303E - University of Texas at Austin  (ratings=62.0)
    url: https://www.cs.utexas.edu/~scottm/cs303e/handouts/slides_su_2021/00slide.pdf
    [found] 1 slide link(s) at reduction 0
    + saved  1_00slide.pdf
    -> saved: 1 new, 0 skip, 0 dup, 0 fail  (https://www.cs.utexas.edu/~scottm/cs303e/handouts/slides_su_2021/00slide.pdf)
===== [318/646] =====

### CS310 - Arizona State University  (ratings=6.0)
    url: https://amessbee.github.io/310S26/
    -> no slides found on any reduced URL
===== [319/646] =====

### CS316 - Duke University  (ratings=14.0)
    url: https://sites.duke.edu/compsci_316d_001_f25/
    -> no slides found on any reduced URL
===== [320/646] =====

### CS3210 - Georgia Institute of Technology  (ratings=20.0)
    url: https://tc.gts3.org/cs3210/2020/spring/info.html
    [follow] no slides here; checking 2 sub-page(s)
    [found] 17 slide link(s) at reduction 0
    ! fail   https://tc.gts3.org/cs3210/2020/spring/l/lec01/lec01.html  (not a recognized HTML slideshow)
    ! fail   https://tc.gts3.org/cs3210/2020/spring/l/lec02/lec02.html  (not a recognized HTML slideshow)
    ! fail   https://tc.gts3.org/cs3210/2020/spring/l/lec03/lec03.html  (not a recognized HTML slideshow)
    ! fail   https://tc.gts3.org/cs3210/2020/spring/l/lec04/lec04.html  (not a recognized HTML slideshow)
    ! fail   https://tc.gts3.org/cs3210/2020/spring/l/lec05/lec05.html  (not a recognized HTML slideshow)
    ! fail   https://tc.gts3.org/cs3210/2020/spring/l/lec06/lec06.html  (not a recognized HTML slideshow)
    ! fail   https://tc.gts3.org/cs3210/2020/spring/l/lec07/lec07.html  (not a recognized HTML slideshow)
    ! fail   https://tc.gts3.org/cs3210/2020/spring/l/lec08/lec08.html  (not a recognized HTML slideshow)
    ! fail   https://tc.gts3.org/cs3210/2020/spring/l/lec09/lec09.html  (not a recognized HTML slideshow)
    ! fail   https://tc.gts3.org/cs3210/2020/spring/l/lec11/lec11.html  (not a recognized HTML slideshow)
    ! fail   https://tc.gts3.org/cs3210/2020/spring/l/lec12/lec12.html  (not a recognized HTML slideshow)
    ! fail   https://tc.gts3.org/cs3210/2020/spring/l/lec13/lec13.html  (not a recognized HTML slideshow)
    ! fail   https://tc.gts3.org/cs3210/2020/spring/l/lec14/lec14.html  (not a recognized HTML slideshow)
    ! fail   https://tc.gts3.org/cs3210/2020/spring/l/lec15/lec15.html  (not a recognized HTML slideshow)
    ! fail   https://tc.gts3.org/cs3210/2020/spring/l/lec16/lec16.html  (not a recognized HTML slideshow)
    ! fail   https://tc.gts3.org/cs3210/2020/spring/l/lec17/lec17.html  (not a recognized HTML slideshow)
    ! fail   https://tc.gts3.org/cs3210/2020/spring/l/lec18/lec18.html  (not a recognized HTML slideshow)
    [retry] links found but none downloaded; reducing further
    [reduce 1] https://tc.gts3.org/cs3210/2020/spring/
    [follow] no slides here; checking 2 sub-page(s)
    [found] 17 slide link(s) at reduction 1
    ! fail   https://tc.gts3.org/cs3210/2020/spring/l/lec01/lec01.html  (not a recognized HTML slideshow)
    ! fail   https://tc.gts3.org/cs3210/2020/spring/l/lec02/lec02.html  (not a recognized HTML slideshow)
    ! fail   https://tc.gts3.org/cs3210/2020/spring/l/lec03/lec03.html  (not a recognized HTML slideshow)
    ! fail   https://tc.gts3.org/cs3210/2020/spring/l/lec04/lec04.html  (not a recognized HTML slideshow)
    ! fail   https://tc.gts3.org/cs3210/2020/spring/l/lec05/lec05.html  (not a recognized HTML slideshow)
    ! fail   https://tc.gts3.org/cs3210/2020/spring/l/lec06/lec06.html  (not a recognized HTML slideshow)
    ! fail   https://tc.gts3.org/cs3210/2020/spring/l/lec07/lec07.html  (not a recognized HTML slideshow)
    ! fail   https://tc.gts3.org/cs3210/2020/spring/l/lec08/lec08.html  (not a recognized HTML slideshow)
    ! fail   https://tc.gts3.org/cs3210/2020/spring/l/lec09/lec09.html  (not a recognized HTML slideshow)
    ! fail   https://tc.gts3.org/cs3210/2020/spring/l/lec11/lec11.html  (not a recognized HTML slideshow)
    ! fail   https://tc.gts3.org/cs3210/2020/spring/l/lec12/lec12.html  (not a recognized HTML slideshow)
    ! fail   https://tc.gts3.org/cs3210/2020/spring/l/lec13/lec13.html  (not a recognized HTML slideshow)
    ! fail   https://tc.gts3.org/cs3210/2020/spring/l/lec14/lec14.html  (not a recognized HTML slideshow)
    ! fail   https://tc.gts3.org/cs3210/2020/spring/l/lec15/lec15.html  (not a recognized HTML slideshow)
    ! fail   https://tc.gts3.org/cs3210/2020/spring/l/lec16/lec16.html  (not a recognized HTML slideshow)
    ! fail   https://tc.gts3.org/cs3210/2020/spring/l/lec17/lec17.html  (not a recognized HTML slideshow)
    ! fail   https://tc.gts3.org/cs3210/2020/spring/l/lec18/lec18.html  (not a recognized HTML slideshow)
    [retry] links found but none downloaded; reducing further
    [reduce 2] https://tc.gts3.org/cs3210/2020/
    [fetch] status=403
    [reduce 3] https://tc.gts3.org/cs3210/
    [fetch] error: Page.content: Unable to retrieve content because the page is navigating and changing the content.
    -> partial: 0 new, 0 skip, 0 dup, 17 fail  (https://tc.gts3.org/cs3210/2020/spring/info.html)
===== [321/646] =====

### CS3251 - Vanderbilt University  (ratings=83.0)
    url: https://www.dre.vanderbilt.edu/~schmidt/cs251/C++/lectures/PPTs/1-Introduction.pptx
    [found] 1 slide link(s) at reduction 0
    + saved  1_1-Introduction.pptx
    -> saved: 1 new, 0 skip, 0 dup, 0 fail  (https://www.dre.vanderbilt.edu/~schmidt/cs251/C++/lectures/PPTs/1-Introduction.pptx)
===== [322/646] =====

### CS3265 - Vanderbilt University  (ratings=14.0)
    url: https://my.vanderbilt.edu/cs265/
    [follow] no slides here; checking 2 sub-page(s)
    [found] 8 slide link(s) at reduction 0
    + saved  1_RAlecture.pdf
    + saved  2_Functional-Dependency-initialS18.pdf
    + saved  3_Functional-Dependency-secondS18.pdf
    + saved  4_QueryEvaluation.pdf
    + saved  5_TransactionsLecture.pdf
    + saved  6_LearningFDs.pdf
    + saved  7_DecisionTrees.pdf
    + saved  8_BuildingTestSetsFrorProject.pdf
    -> saved: 8 new, 0 skip, 0 dup, 0 fail  (https://my.vanderbilt.edu/cs265/)
===== [323/646] =====

### CS3276 - Vanderbilt University  (ratings=7.0)
    url: https://cumberland.isis.vanderbilt.edu/cs3276/schedule.php
    [found] 1 slide link(s) at reduction 0
    ! fail   https://cumberland.isis.vanderbilt.edu/shib/cs3276/f24/l/l23.pdf  (html response, not a file)
    [retry] links found but none downloaded; reducing further
    [reduce 1] https://cumberland.isis.vanderbilt.edu/cs3276/
    [follow] no slides here; checking 1 sub-page(s)
    [found] 1 slide link(s) at reduction 1
    ! fail   https://cumberland.isis.vanderbilt.edu/shib/cs3276/f24/l/l23.pdf  (html response, not a file)
    [retry] links found but none downloaded; reducing further
    -> partial: 0 new, 0 skip, 0 dup, 1 fail  (https://cumberland.isis.vanderbilt.edu/cs3276/schedule.php)
===== [324/646] =====

### CS3281 - Vanderbilt University  (ratings=8.0)
    url: https://patrickpei.github.io/vu/cs3281/
    [reduce 1] https://patrickpei.github.io/vu/
    -> no slides found on any reduced URL
===== [325/646] =====

### CS331 - Queens College  (ratings=45.0)
    url: https://github.com/ps-keerthana/COURSE_WORKS/blob/main/Computer_Networks/Lec_Slides/CS331_TranportLayer_Lec13-15.pdf
    [found] 1 slide link(s) at reduction 0
    + saved  1_CS331_TranportLayer_Lec13-15.pdf
    -> saved: 1 new, 0 skip, 0 dup, 0 fail  (https://github.com/ps-keerthana/COURSE_WORKS/blob/main/Computer_Networks/Lec_Slides/CS331_TranportLayer_Lec13-15.pdf)
===== [326/646] =====

### CS3333 - University of Texas at San Antonio  (ratings=23.0)
    url: https://www.cs.utsa.edu/faculty/boppana/3333/
    [found] 23 slide link(s) at reduction 0
    + saved  1_12s3333-lec01a.pdf
    + saved  2_12s3333-lec01b.pdf
    + saved  3_12s3333-lec03a.pdf
    + saved  4_12s3333-lec04a.pdf
    + saved  5_12s3333-lec05a.pdf
    + saved  6_12s3333-lec05b.pdf
    + saved  7_12s3333-lec05c.pdf
    + saved  8_12s3333-lec05d.pdf
    + saved  9_12s3333-lec11a.pdf
    + saved  10_12s3333-lec11b.pdf
    + saved  11_12s3333-lec13a.pdf
    + saved  12_12s3333-lec14a.pdf
    + saved  13_12s3333-lec15a.pdf
    + saved  14_12s3333-lec16a.pdf
    + saved  15_12s3333-lec18a.pdf
    + saved  16_12s3333-lec21a.pdf
    + saved  17_12s3333-lec21b.pdf
    + saved  18_12s3333-lec23a.pdf
    + saved  19_12s3333-lec23b.pdf
    + saved  20_12s3333-lec23c.pdf
    + saved  21_12s3333-lec26a.pdf
    + saved  22_12s3333-lec26b.pdf
    + saved  23_12s3333-lec28a.pdf
    -> saved: 23 new, 0 skip, 0 dup, 0 fail  (https://www.cs.utsa.edu/faculty/boppana/3333/)
===== [327/646] =====

### CS3343 - University of Texas at San Antonio  (ratings=29.0)
    url: https://www.cs.utexas.edu/~djimenez/utsa/cs3343/
    [found] 25 slide link(s) at reduction 0
    ! fail   https://www.cs.utexas.edu/~djimenez/utsa/cs3343/lecture1.html  (not a recognized HTML slideshow)
    ! fail   https://www.cs.utexas.edu/~djimenez/utsa/cs3343/lecture2.html  (not a recognized HTML slideshow)
    ! fail   https://www.cs.utexas.edu/~djimenez/utsa/cs3343/lecture3.html  (not a recognized HTML slideshow)
    ! fail   https://www.cs.utexas.edu/~djimenez/utsa/cs3343/lecture4.html  (not a recognized HTML slideshow)
    ! fail   https://www.cs.utexas.edu/~djimenez/utsa/cs3343/lecture5.html  (not a recognized HTML slideshow)
    ! fail   https://www.cs.utexas.edu/~djimenez/utsa/cs3343/lecture6.html  (not a recognized HTML slideshow)
    ! fail   https://www.cs.utexas.edu/~djimenez/utsa/cs3343/lecture7.html  (not a recognized HTML slideshow)
    ! fail   https://www.cs.utexas.edu/~djimenez/utsa/cs3343/lecture8.html  (not a recognized HTML slideshow)
    ! fail   https://www.cs.utexas.edu/~djimenez/utsa/cs3343/lecture9.html  (not a recognized HTML slideshow)
    ! fail   https://www.cs.utexas.edu/~djimenez/utsa/cs3343/lecture10.html  (not a recognized HTML slideshow)
    ! fail   https://www.cs.utexas.edu/~djimenez/utsa/cs3343/lecture11.html  (not a recognized HTML slideshow)
    ! fail   https://www.cs.utexas.edu/~djimenez/utsa/cs3343/lecture12.html  (not a recognized HTML slideshow)
    ! fail   https://www.cs.utexas.edu/~djimenez/utsa/cs3343/lecture13.html  (not a recognized HTML slideshow)
    ! fail   https://www.cs.utexas.edu/~djimenez/utsa/cs3343/lecture14.html  (not a recognized HTML slideshow)
    ! fail   https://www.cs.utexas.edu/~djimenez/utsa/cs3343/lecture15.html  (not a recognized HTML slideshow)
    ! fail   https://www.cs.utexas.edu/~djimenez/utsa/cs3343/lecture16.html  (not a recognized HTML slideshow)
    ! fail   https://www.cs.utexas.edu/~djimenez/utsa/cs3343/lecture17.html  (not a recognized HTML slideshow)
    ! fail   https://www.cs.utexas.edu/~djimenez/utsa/cs3343/lecture18.html  (not a recognized HTML slideshow)
    ! fail   https://www.cs.utexas.edu/~djimenez/utsa/cs3343/lecture19.html  (not a recognized HTML slideshow)
    ! fail   https://www.cs.utexas.edu/~djimenez/utsa/cs3343/lecture20.html  (not a recognized HTML slideshow)
    ! fail   https://www.cs.utexas.edu/~djimenez/utsa/cs3343/lecture21.html  (not a recognized HTML slideshow)
    ! fail   https://www.cs.utexas.edu/~djimenez/utsa/cs3343/lecture22.html  (not a recognized HTML slideshow)
    ! fail   https://www.cs.utexas.edu/~djimenez/utsa/cs3343/lecture23.html  (not a recognized HTML slideshow)
    ! fail   https://www.cs.utexas.edu/~djimenez/utsa/cs3343/lecture24.html  (not a recognized HTML slideshow)
    ! fail   https://www.cs.utexas.edu/~djimenez/utsa/cs3343/lecture25.html  (not a recognized HTML slideshow)
    [retry] links found but none downloaded; reducing further
    [reduce 1] https://www.cs.utexas.edu/~djimenez/utsa/
    -> partial: 0 new, 0 skip, 0 dup, 25 fail  (https://www.cs.utexas.edu/~djimenez/utsa/cs3343/)
===== [328/646] =====

### CS3353 - Oklahoma State University  (ratings=15.0)
    url: https://congpu.github.io/course/cs3353.html
    [found] 21 slide link(s) at reduction 0
    + saved  1_CS3353_Lecture_01_Intro_Fall_2022.pdf
    + saved  2_CS3353_Lecture_02_Complex_Fall_2022.pdf
    + saved  3_CS3353_Lecture_03_Link_Fall_2022.pdf
    + saved  4_CS3353_Lecture_04_Link_Fall_2022.pdf
    + saved  5_CS3353_Lecture_05_Link_Fall_2022.pdf
    + saved  6_CS3353_Lecture_06_Link_Fall_2022.pdf
    + saved  7_CS3353_Lecture_07_Stack_Q_Fall_2022.pdf
    + saved  8_CS3353_Lecture_08_Stack_Q_Fall_2022.pdf
    + saved  9_CS3353_Lecture_09_Recursive_Fall_2022.pdf
    + saved  10_CS3353_Lecture_10_Recursive_Fall_2022.pdf
    + saved  11_CS3353_Lecture_11_Tree_Fall_2022.pdf
    + saved  12_CS3353_Lecture_12_Tree_Fall_2022.pdf
    + saved  13_CS3353_Lecture_13_Tree_Fall_2022.pdf
    + saved  14_CS3353_Lecture_14_Tree_Fall_2022.pdf
    + saved  15_CS3353_Lecture_15_Multiway_Tree_Fall_2022.pdf
    + saved  16_CS3353_Lecture_16_Graph_Fall_2022.pdf
    + saved  17_CS3353_Lecture_17_Graph_Fall_2022.pdf
    + saved  18_CS3353_Lecture_18_Graph_Fall_2022.pdf
    + saved  19_CS3353_Lecture_19_Sorting_Fall_2022.pdf
    + saved  20_CS3353_Lecture_20_Sorting_Fall_2022.pdf
    + saved  21_CS3353_Lecture_21_Hashing_Fall_2022.pdf
    -> saved: 21 new, 0 skip, 0 dup, 0 fail  (https://congpu.github.io/course/cs3353.html)
===== [329/646] =====

### CS3398 - Texas State University  (ratings=37.0)
    url: https://userweb.cs.txstate.edu/~rp31/cs3398SumMain.html
    [follow] no slides here; checking 1 sub-page(s)
    [found] 14 slide link(s) at reduction 0
    + saved  1_01b-software_crisis2.pdf
    + saved  2_SilverBullet.pdf
    + saved  3_qualities.pdf
    + saved  4_Requirements.pdf
    + saved  5_agile.pdf
    + saved  6_ch2.ppt
    + saved  7_ch3.ppt
    + saved  8_ch4_1.ppt
    + saved  9_ch4_2.ppt
    + saved  10_ch5_1.ppt
    + saved  11_ch5_2.ppt
    + saved  12_VandV.pdf
    + saved  13_Lecture4rp.pdf
    + saved  14_symbEval.pdf
    -> saved: 14 new, 0 skip, 0 dup, 0 fail  (https://userweb.cs.txstate.edu/~rp31/cs3398SumMain.html)
===== [330/646] =====

### CS344 - Queens College  (ratings=14.0)
    url: https://github.com/udacity/cs344/blob/master/Lesson%20Slides/CS344_Lesson2_Slides.pdf
    [found] 1 slide link(s) at reduction 0
    + saved  1_CS344_Lesson2_Slides.pdf
    -> saved: 1 new, 0 skip, 0 dup, 0 fail  (https://github.com/udacity/cs344/blob/master/Lesson%20Slides/CS344_Lesson2_Slides.pdf)
===== [331/646] =====

### CS3502 - Kennesaw State University  (ratings=25.0)
    url: https://campus.kennesaw.edu/faculty-staff/academic-affairs/faculty-affairs/docs/faculty-justifications-presentation.pptx
    [found] 1 slide link(s) at reduction 0
    + saved  1_faculty-justifications-presentation.pptx
    -> saved: 1 new, 0 skip, 0 dup, 0 fail  (https://campus.kennesaw.edu/faculty-staff/academic-affairs/faculty-affairs/docs/faculty-justifications-presentation.pptx)
===== [332/646] =====

### CS3510 - Georgia Institute of Technology  (ratings=145.0)
    url: http://www.cs3510.com/lectures
    [found] 18 slide link(s) at reduction 0
    + saved  1_Lec01_0517.pdf
    + saved  2_Lec02_0519.pdf
    + saved  3_Lec03_0524.pdf
    + saved  4_Lec04_0526.pdf
    + saved  5_Lec05_0531.pdf
    + saved  6_Lec06_0602.pdf
    + saved  7_Lec07_0607.pdf
    + saved  8_Lec08_0614_v2.pdf
    + saved  9_Lec09_0616_v2.pdf
    + saved  10_Lec10_0621_v2.pdf
    + saved  11_Lec11_0623.pdf
    + saved  12_Lec12_0628.pdf
    + saved  13_Lec13_0630.pdf
    + saved  14_Lec14_0712.pdf
    + saved  15_Lec15_0714.pdf
    + saved  16_Lec16_0719.pdf
    + saved  17_Lec17_0721.pdf
    + saved  18_Lec18_0726.pdf
    -> saved: 18 new, 0 skip, 0 dup, 0 fail  (http://www.cs3510.com/lectures)
===== [333/646] =====

### CS3650 - Northeastern University  (ratings=23.0)
    url: https://course.khoury.northeastern.edu/cs3650/
    [found] 1 slide link(s) at reduction 0
    ! fail   http://users.ece.gatech.edu/~sudha/academic/class/ece4100-6100/Lectures/Module13-MultiCore/multicore-introduction.pdf  (<urlopen error [Errno -2] Name or service not known>)
    [retry] links found but none downloaded; reducing further
    -> partial: 0 new, 0 skip, 0 dup, 1 fail  (https://course.khoury.northeastern.edu/cs3650/)
===== [334/646] =====

### CS3733 - Worcester Polytechnic Institute  (ratings=15.0)
    url: https://web.cs.wpi.edu/~kfisler/Courses/CS3733/Lectures/
    [found] 2 slide link(s) at reduction 0
    + saved  1_b00midterm.pdf
    + saved  2_b00final.pdf
    -> saved: 2 new, 0 skip, 0 dup, 0 fail  (https://web.cs.wpi.edu/~kfisler/Courses/CS3733/Lectures/)
===== [335/646] =====

### CS3810 - University of Utah  (ratings=7.0)
    url: https://users.cs.utah.edu/~rajeev/cs3810/slides/
    [found] 789 slide link(s) at reduction 0
    + saved  1_3810-01.pdf
    + saved  2_3810-01.ppt
    + saved  3_3810-02.pdf
    + saved  4_3810-02.ppt
    + saved  5_3810-03.pdf
    + saved  6_3810-03.ppt
    + saved  7_3810-04.pdf
    + saved  8_3810-04.ppt
    + saved  9_3810-05.pdf
    + saved  10_3810-05.ppt
    + saved  11_3810-06.pdf
    + saved  12_3810-06.ppt
    + saved  13_3810-07.pdf
    + saved  14_3810-07.ppt
    + saved  15_3810-08.pdf
    + saved  16_3810-08.ppt
    + saved  17_3810-09.pdf
    + saved  18_3810-09.ppt
    + saved  19_3810-10.pdf
    + saved  20_3810-10.ppt
    + saved  21_3810-11.pdf
    + saved  22_3810-11.ppt
    + saved  23_3810-12.pdf
    + saved  24_3810-12.ppt
    + saved  25_3810-13.pdf
    + saved  26_3810-13.ppt
    + saved  27_3810-14.pdf
    + saved  28_3810-14.ppt
    + saved  29_3810-15-01.pdf
    + saved  30_3810-15-01.ppt
    + saved  31_3810-15-02.pdf
    + saved  32_3810-15-02.ppt
    + saved  33_3810-15-03.pdf
    + saved  34_3810-15-03.ppt
    + saved  35_3810-15-04.pdf
    + saved  36_3810-15-04.ppt
    + saved  37_3810-15-05.pdf
    + saved  38_3810-15-05.ppt
    + saved  39_3810-15-06.pdf
    + saved  40_3810-15-06.ppt
    + saved  41_3810-15-07.pdf
    + saved  42_3810-15-07.ppt
    + saved  43_3810-15-08.pdf
    + saved  44_3810-15-08.ppt
    + saved  45_3810-15-09.pdf
    + saved  46_3810-15-09.ppt
    + saved  47_3810-15-10.pdf
    + saved  48_3810-15-10.ppt
    + saved  49_3810-15-11.pdf
    + saved  50_3810-15-11.ppt
    + saved  51_3810-15-12.pdf
    + saved  52_3810-15-12.ppt
    + saved  53_3810-15-13.pdf
    + saved  54_3810-15-13.ppt
    + saved  55_3810-15-14.pdf
    + saved  56_3810-15-14.ppt
    + saved  57_3810-15-15.pdf
    + saved  58_3810-15-15.ppt
    + saved  59_3810-15-16.pdf
    + saved  60_3810-15-16.ppt
    + saved  61_3810-15-17.pdf
    + saved  62_3810-15-17.ppt
    + saved  63_3810-15-18.pdf
    + saved  64_3810-15-18.ppt
    + saved  65_3810-15-19.pdf
    + saved  66_3810-15-19.ppt
    + saved  67_3810-15-20.pdf
    + saved  68_3810-15-20.ppt
    + saved  69_3810-15-21.pdf
    + saved  70_3810-15-21.ppt
    + saved  71_3810-15-22.pdf
    + saved  72_3810-15-22.ppt
    + saved  73_3810-15-23.pdf
    + saved  74_3810-15-23.ppt
    + saved  75_3810-15-24.pdf
    + saved  76_3810-15-24.ppt
    + saved  77_3810-15-25.pdf
    + saved  78_3810-15-25.ppt
    + saved  79_3810-15-26.pdf
    + saved  80_3810-15-26.ppt
    + saved  81_3810-15-27.pdf
    + saved  82_3810-15-27.ppt
    + saved  83_3810-15.pdf
    + saved  84_3810-15.ppt
    + saved  85_3810-16.pdf
    + saved  86_3810-16.ppt
    + saved  87_3810-17-01.pdf
    + saved  88_3810-17-01.ppt
    + saved  89_3810-17-02.pdf
    + saved  90_3810-17-02.ppt
    + saved  91_3810-17-03.pdf
    + saved  92_3810-17-03.ppt
    + saved  93_3810-17-04.pdf
    + saved  94_3810-17-04.ppt
    + saved  95_3810-17-05.pdf
    + saved  96_3810-17-05.ppt
    + saved  97_3810-17-06.pdf
    + saved  98_3810-17-06.ppt
    + saved  99_3810-17-07.pdf
    + saved  100_3810-17-07.ppt
    + saved  101_3810-17-08.pdf
    + saved  102_3810-17-08.ppt
    + saved  103_3810-17-09.pdf
    + saved  104_3810-17-09.ppt
    + saved  105_3810-17-10.pdf
    + saved  106_3810-17-10.ppt
    + saved  107_3810-17-11.pdf
    + saved  108_3810-17-11.ppt
    + saved  109_3810-17-12.pdf
    + saved  110_3810-17-12.ppt
    + saved  111_3810-17-13.pdf
    + saved  112_3810-17-13.ppt
    + saved  113_3810-17-14.pdf
    + saved  114_3810-17-14.ppt
    ~ dup    115_3810-17-15.pdf
    ~ dup    116_3810-17-15.ppt
    + saved  117_3810-17-16.pdf
    + saved  118_3810-17-16.ppt
    + saved  119_3810-17-17.pdf
    + saved  120_3810-17-17.ppt
    + saved  121_3810-17-18.pdf
    + saved  122_3810-17-18.ppt
    + saved  123_3810-17-19.pdf
    + saved  124_3810-17-19.ppt
    + saved  125_3810-17-20.pdf
    + saved  126_3810-17-20.ppt
    + saved  127_3810-17-21.pdf
    + saved  128_3810-17-21.ppt
    + saved  129_3810-17-22.pdf
    + saved  130_3810-17-22.ppt
    + saved  131_3810-17-23.pdf
    + saved  132_3810-17-23.ppt
    + saved  133_3810-17-24.pdf
    + saved  134_3810-17-24.ppt
    + saved  135_3810-17-25.pdf
    + saved  136_3810-17-25.ppt
    + saved  137_3810-17-26.pdf
    + saved  138_3810-17-26.ppt
    + saved  139_3810-17-27.pdf
    + saved  140_3810-17-27.ppt
    + saved  141_3810-17-28.pdf
    + saved  142_3810-17-28.ppt
    + saved  143_3810-17.pdf
    + saved  144_3810-17.ppt
    + saved  145_3810-18-01.pdf
    + saved  146_3810-18-01.ppt
    + saved  147_3810-18-02.pdf
    + saved  148_3810-18-02.ppt
    + saved  149_3810-18-03.pdf
    + saved  150_3810-18-03.ppt
    + saved  151_3810-18-04.pdf
    + saved  152_3810-18-04.ppt
    + saved  153_3810-18-05.pdf
    + saved  154_3810-18-05.ppt
    + saved  155_3810-18-06.pdf
    + saved  156_3810-18-06.ppt
    + saved  157_3810-18-07.pdf
    + saved  158_3810-18-07.ppt
    + saved  159_3810-18-08.pdf
    + saved  160_3810-18-08.ppt
    ~ dup    161_3810-18-09.pdf
    ~ dup    162_3810-18-09.ppt
    ~ dup    163_3810-18-10.pdf
    ~ dup    164_3810-18-10.ppt
    + saved  165_3810-18-11.pdf
    + saved  166_3810-18-11.ppt
    + saved  167_3810-18-12.pdf
    + saved  168_3810-18-12.ppt
    + saved  169_3810-18-13.pdf
    + saved  170_3810-18-13.ppt
    + saved  171_3810-18-15.pdf
    + saved  172_3810-18-15.ppt
    + saved  173_3810-18-16.pdf
    + saved  174_3810-18-16.ppt
    + saved  175_3810-18-17.pdf
    + saved  176_3810-18-17.ppt
    + saved  177_3810-18-18.pdf
    + saved  178_3810-18-18.ppt
    ~ dup    179_3810-18-19.pdf
    ~ dup    180_3810-18-19.ppt
    + saved  181_3810-18-20.pdf
    + saved  182_3810-18-20.ppt
    + saved  183_3810-18-21.pdf
    + saved  184_3810-18-21.ppt
    + saved  185_3810-18-22.pdf
    + saved  186_3810-18-22.ppt
    + saved  187_3810-18-23.pdf
    + saved  188_3810-18-23.ppt
    + saved  189_3810-18-24.pdf
    + saved  190_3810-18-24.ppt
    + saved  191_3810-18-25.pdf
    + saved  192_3810-18-25.ppt
    + saved  193_3810-18-26.pdf
    + saved  194_3810-18-26.ppt
    + saved  195_3810-18-27.pdf
    + saved  196_3810-18-27.ppt
    + saved  197_3810-18.pdf
    + saved  198_3810-18.ppt
    + saved  199_3810-19.pdf
    + saved  200_3810-19.ppt
    + saved  201_3810-20-01.pdf
    + saved  202_3810-20-01.pptx
    + saved  203_3810-20-02.pdf
    + saved  204_3810-20-02.pptx
    + saved  205_3810-20-03.pdf
    + saved  206_3810-20-03.pptx
    + saved  207_3810-20-04.pdf
    + saved  208_3810-20-04.pptx
    + saved  209_3810-20-05.pdf
    + saved  210_3810-20-05.pptx
    + saved  211_3810-20-06.pdf
    + saved  212_3810-20-06.pptx
    + saved  213_3810-20-07.pdf
    + saved  214_3810-20-07.pptx
    + saved  215_3810-20-08.pdf
    + saved  216_3810-20-08.pptx
    + saved  217_3810-20-09.pdf
    + saved  218_3810-20-09.pptx
    + saved  219_3810-20-10.pdf
    + saved  220_3810-20-10.pptx
    + saved  221_3810-20-11.pdf
    + saved  222_3810-20-11.pptx
    + saved  223_3810-20-12.pdf
    + saved  224_3810-20-12.pptx
    + saved  225_3810-20-13.pdf
    + saved  226_3810-20-13.pptx
    + saved  227_3810-20-14.pdf
    + saved  228_3810-20-14.pptx
    + saved  229_3810-20-15.pdf
    + saved  230_3810-20-15.pptx
    + saved  231_3810-20-16.pdf
    + saved  232_3810-20-16.pptx
    + saved  233_3810-20-17.pdf
    + saved  234_3810-20-17.pptx
    + saved  235_3810-20-18.pdf
    + saved  236_3810-20-18.pptx
    + saved  237_3810-20-19.pdf
    + saved  238_3810-20-19.pptx
    + saved  239_3810-20-20.pdf
    + saved  240_3810-20-20.pptx
    + saved  241_3810-20-21.pdf
    + saved  242_3810-20-21.pptx
    + saved  243_3810-20-22.pdf
    + saved  244_3810-20-22.pptx
    + saved  245_3810-20-23.pdf
    + saved  246_3810-20-23.pptx
    + saved  247_3810-20-24.pdf
    + saved  248_3810-20-24.pptx
    + saved  249_3810-20-25.pdf
    + saved  250_3810-20-25.pptx
    + saved  251_3810-20-26.pdf
    + saved  252_3810-20-26.pptx
    + saved  253_3810-20-27.pdf
    + saved  254_3810-20-27.pptx
    + saved  255_3810-20-28.pdf
    + saved  256_3810-20-28.pptx
    + saved  257_3810-20.pdf
    + saved  258_3810-20.ppt
    + saved  259_3810-21.pdf
    + saved  260_3810-21.ppt
    + saved  261_3810-22-01.pdf
    + saved  262_3810-22-01.pptx
    + saved  263_3810-22-01a.pptx
    + saved  264_3810-22-02.pdf
    + saved  265_3810-22-02.pptx
    + saved  266_3810-22-02a.pptx
    + saved  267_3810-22-03.pdf
    + saved  268_3810-22-03.pptx
    + saved  269_3810-22-03a.pptx
    + saved  270_3810-22-04.pdf
    + saved  271_3810-22-04.pptx
    + saved  272_3810-22-04a.pptx
    + saved  273_3810-22-05.pdf
    + saved  274_3810-22-05.pptx
    + saved  275_3810-22-05a.pptx
    + saved  276_3810-22-06.pdf
    + saved  277_3810-22-06.pptx
    + saved  278_3810-22-06a.pptx
    + saved  279_3810-22-07.pdf
    + saved  280_3810-22-07.pptx
    + saved  281_3810-22-07a.pptx
    + saved  282_3810-22-08.pdf
    + saved  283_3810-22-08.pptx
    + saved  284_3810-22-08a.pptx
    + saved  285_3810-22-09.pdf
    + saved  286_3810-22-09.pptx
    + saved  287_3810-22-09a.pptx
    + saved  288_3810-22-10.pdf
    + saved  289_3810-22-10.pptx
    + saved  290_3810-22-10a.pptx
    + saved  291_3810-22-11.pdf
    + saved  292_3810-22-11.pptx
    + saved  293_3810-22-11a.pptx
    + saved  294_3810-22-12.pdf
    + saved  295_3810-22-12.pptx
    + saved  296_3810-22-12a.pptx
    + saved  297_3810-22-13.pdf
    + saved  298_3810-22-13.pptx
    + saved  299_3810-22-13a.pptx
    + saved  300_3810-22-14.pdf
    + saved  301_3810-22-14.pptx
    + saved  302_3810-22-14a.pptx
    + saved  303_3810-22-15.pdf
    + saved  304_3810-22-15.pptx
    + saved  305_3810-22-15a.pptx
    + saved  306_3810-22-16.pdf
    + saved  307_3810-22-16.pptx
    + saved  308_3810-22-16a.pptx
    + saved  309_3810-22-17.pdf
    + saved  310_3810-22-17.pptx
    + saved  311_3810-22-17a.pptx
    + saved  312_3810-22-18.pdf
    + saved  313_3810-22-18.pptx
    + saved  314_3810-22-18a.pptx
    + saved  315_3810-22-19.pdf
    + saved  316_3810-22-19.pptx
    + saved  317_3810-22-19a.pptx
    + saved  318_3810-22-20.pdf
    + saved  319_3810-22-20.pptx
    + saved  320_3810-22-20a.pptx
    + saved  321_3810-22-21.pdf
    + saved  322_3810-22-21.pptx
    + saved  323_3810-22-21a.pptx
    + saved  324_3810-22-22.pdf
    + saved  325_3810-22-22.pptx
    + saved  326_3810-22-22a.pptx
    + saved  327_3810-22-23.pdf
    + saved  328_3810-22-23.pptx
    + saved  329_3810-22-23a.pptx
    + saved  330_3810-22-24.pdf
    + saved  331_3810-22-24.pptx
    + saved  332_3810-22-24a.pptx
    + saved  333_3810-22-25.pdf
    + saved  334_3810-22-25.pptx
    + saved  335_3810-22-25a.pptx
    + saved  336_3810-22-26.pdf
    + saved  337_3810-22-26.pptx
    + saved  338_3810-22-26a.pptx
    + saved  339_3810-22-27.pdf
    + saved  340_3810-22-27.pptx
    + saved  341_3810-22-27a.pptx
    + saved  342_3810-22-28.pdf
    + saved  343_3810-22-28.pptx
    + saved  344_3810-22-28a.pptx
    + saved  345_3810-22.pdf
    + saved  346_3810-22.ppt
    + saved  347_3810-23-01.pdf
    + saved  348_3810-23-01.pptx
    + saved  349_3810-23-01a.pdf
    + saved  350_3810-23-01a.pptx
    + saved  351_3810-23-02.pdf
    + saved  352_3810-23-02.pptx
    + saved  353_3810-23-02a.pdf
    + saved  354_3810-23-02a.pptx
    + saved  355_3810-23-03.pdf
    + saved  356_3810-23-03.pptx
    + saved  357_3810-23-03a.pdf
    + saved  358_3810-23-03a.pptx
    + saved  359_3810-23-04.pdf
    + saved  360_3810-23-04.pptx
    + saved  361_3810-23-04a.pdf
    + saved  362_3810-23-04a.pptx
    + saved  363_3810-23-05.pdf
    + saved  364_3810-23-05.pptx
    + saved  365_3810-23-05a.pdf
    + saved  366_3810-23-05a.pptx
    + saved  367_3810-23-06.pdf
    + saved  368_3810-23-06.pptx
    + saved  369_3810-23-06a.pdf
    + saved  370_3810-23-06a.pptx
    + saved  371_3810-23-07.pdf
    + saved  372_3810-23-07.pptx
    + saved  373_3810-23-07a.pptx
    + saved  374_3810-23-08.pdf
    + saved  375_3810-23-08.pptx
    + saved  376_3810-23-08a.pdf
    + saved  377_3810-23-08a.pptx
    + saved  378_3810-23-09.pdf
    + saved  379_3810-23-09.pptx
    + saved  380_3810-23-09a.pdf
    + saved  381_3810-23-09a.pptx
    + saved  382_3810-23-10.pdf
    + saved  383_3810-23-10.pptx
    + saved  384_3810-23-10a.pdf
    + saved  385_3810-23-10a.pptx
    + saved  386_3810-23-11.pdf
    + saved  387_3810-23-11.pptx
    + saved  388_3810-23-11a.pdf
    + saved  389_3810-23-11a.pptx
    + saved  390_3810-23-12.pdf
    + saved  391_3810-23-12.pptx
    + saved  392_3810-23-12a.pdf
    + saved  393_3810-23-12a.pptx
    + saved  394_3810-23-13.pdf
    + saved  395_3810-23-13.pptx
    + saved  396_3810-23-13a.pdf
    + saved  397_3810-23-13a.pptx
    + saved  398_3810-23-14.pdf
    + saved  399_3810-23-14.pptx
    + saved  400_3810-23-14a.pdf
    + saved  401_3810-23-14a.pptx
    + saved  402_3810-23-15.pdf
    + saved  403_3810-23-15.pptx
    + saved  404_3810-23-15a.pdf
    + saved  405_3810-23-15a.pptx
    + saved  406_3810-23-16.pdf
    + saved  407_3810-23-16.pptx
    + saved  408_3810-23-16a.pdf
    + saved  409_3810-23-16a.pptx
    + saved  410_3810-23-17.pdf
    + saved  411_3810-23-17.pptx
    + saved  412_3810-23-17a.pdf
    + saved  413_3810-23-17a.pptx
    + saved  414_3810-23-18.pdf
    + saved  415_3810-23-18.pptx
    + saved  416_3810-23-18a.pdf
    + saved  417_3810-23-18a.pptx
    + saved  418_3810-23-19.pdf
    + saved  419_3810-23-19.pptx
    + saved  420_3810-23-19a.pdf
    + saved  421_3810-23-19a.pptx
    + saved  422_3810-23-20.pdf
    + saved  423_3810-23-20.pptx
    + saved  424_3810-23-20a.pdf
    + saved  425_3810-23-20a.pptx
    + saved  426_3810-23-21.pdf
    + saved  427_3810-23-21.pptx
    + saved  428_3810-23-21a.pdf
    + saved  429_3810-23-21a.pptx
    + saved  430_3810-23-22.pdf
    + saved  431_3810-23-22.pptx
    + saved  432_3810-23-22a.pdf
    + saved  433_3810-23-22a.pptx
    + saved  434_3810-23-23.pdf
    + saved  435_3810-23-23.pptx
    + saved  436_3810-23-23a.pdf
    + saved  437_3810-23-23a.pptx
    + saved  438_3810-23-24.pdf
    + saved  439_3810-23-24.pptx
    + saved  440_3810-23-24a.pdf
    + saved  441_3810-23-24a.pptx
    + saved  442_3810-23-25.pdf
    + saved  443_3810-23-25.pptx
    + saved  444_3810-23-25a.pdf
    + saved  445_3810-23-25a.pptx
    + saved  446_3810-23-26.pdf
    + saved  447_3810-23-26.pptx
    + saved  448_3810-23-26a.pdf
    + saved  449_3810-23-26a.pptx
    + saved  450_3810-23-27.pdf
    + saved  451_3810-23-27.pptx
    + saved  452_3810-23-27a.pdf
    + saved  453_3810-23-27a.pptx
    + saved  454_3810-23-28.pdf
    + saved  455_3810-23-28.pptx
    + saved  456_3810-23-28a.pdf
    + saved  457_3810-23-28a.pptx
    + saved  458_3810-23.pdf
    + saved  459_3810-23.ppt
    + saved  460_3810-24-01.pdf
    + saved  461_3810-24-01.pptx
    + saved  462_3810-24-01a.pdf
    + saved  463_3810-24-01a.pptx
    + saved  464_3810-24-02.pdf
    + saved  465_3810-24-02.pptx
    + saved  466_3810-24-02a.pdf
    + saved  467_3810-24-02a.pptx
    + saved  468_3810-24-03.pdf
    + saved  469_3810-24-03.pptx
    + saved  470_3810-24-03a.pdf
    + saved  471_3810-24-03a.pptx
    + saved  472_3810-24-04.pdf
    + saved  473_3810-24-04.pptx
    + saved  474_3810-24-04a.pdf
    + saved  475_3810-24-04a.pptx
    + saved  476_3810-24-05.pdf
    + saved  477_3810-24-05.pptx
    + saved  478_3810-24-05a.pdf
    + saved  479_3810-24-05a.pptx
    + saved  480_3810-24-06.pdf
    + saved  481_3810-24-06.pptx
    + saved  482_3810-24-06a.pdf
    + saved  483_3810-24-06a.pptx
    + saved  484_3810-24-07.pdf
    + saved  485_3810-24-07.pptx
    + saved  486_3810-24-07a.pdf
    + saved  487_3810-24-07a.pptx
    + saved  488_3810-24-08.pdf
    + saved  489_3810-24-08.pptx
    + saved  490_3810-24-08a.pdf
    + saved  491_3810-24-08a.pptx
    + saved  492_3810-24-09.pdf
    + saved  493_3810-24-09.pptx
    + saved  494_3810-24-09a.pdf
    + saved  495_3810-24-09a.pptx
    + saved  496_3810-24-10.pdf
    + saved  497_3810-24-10.pptx
    + saved  498_3810-24-10a.pdf
    + saved  499_3810-24-10a.pptx
    + saved  500_3810-24-11.pdf
    + saved  501_3810-24-11.pptx
    + saved  502_3810-24-11a.pdf
    + saved  503_3810-24-11a.pptx
    + saved  504_3810-24-12.pdf
    + saved  505_3810-24-12.pptx
    + saved  506_3810-24-12a.pdf
    + saved  507_3810-24-12a.pptx
    + saved  508_3810-24-13.pdf
    + saved  509_3810-24-13.pptx
    + saved  510_3810-24-13a.pdf
    + saved  511_3810-24-13a.pptx
    + saved  512_3810-24-14.pdf
    + saved  513_3810-24-14.pptx
    + saved  514_3810-24-14a.pdf
    + saved  515_3810-24-14a.pptx
    + saved  516_3810-24-15.pdf
    + saved  517_3810-24-15.pptx
    + saved  518_3810-24-15a.pdf
    + saved  519_3810-24-15a.pptx
    + saved  520_3810-24-16.pdf
    + saved  521_3810-24-16.pptx
    + saved  522_3810-24-16a.pdf
    + saved  523_3810-24-16a.pptx
    + saved  524_3810-24-17.pdf
    + saved  525_3810-24-17.pptx
    + saved  526_3810-24-17a.pdf
    + saved  527_3810-24-17a.pptx
    + saved  528_3810-24-18.pdf
    + saved  529_3810-24-18.pptx
    + saved  530_3810-24-18a.pdf
    + saved  531_3810-24-18a.pptx
    + saved  532_3810-24-19.pdf
    + saved  533_3810-24-19.pptx
    + saved  534_3810-24-19a.pdf
    + saved  535_3810-24-19a.pptx
    + saved  536_3810-24-20.pdf
    + saved  537_3810-24-20.pptx
    + saved  538_3810-24-20a.pdf
    + saved  539_3810-24-20a.pptx
    + saved  540_3810-24-21.pdf
    + saved  541_3810-24-21.pptx
    + saved  542_3810-24-21a.pdf
    + saved  543_3810-24-21a.pptx
    + saved  544_3810-24-22.pdf
    + saved  545_3810-24-22.pptx
    + saved  546_3810-24-22a.pdf
    + saved  547_3810-24-22a.pptx
    + saved  548_3810-24-23.pdf
    + saved  549_3810-24-23.pptx
    + saved  550_3810-24-23a.pdf
    + saved  551_3810-24-23a.pptx
    + saved  552_3810-24-24.pdf
    + saved  553_3810-24-24.pptx
    + saved  554_3810-24-24a.pdf
    + saved  555_3810-24-24a.pptx
    + saved  556_3810-24-25.pdf
    + saved  557_3810-24-25.pptx
    + saved  558_3810-24-25a.pdf
    + saved  559_3810-24-25a.pptx
    + saved  560_3810-24-26.pdf
    + saved  561_3810-24-26.pptx
    + saved  562_3810-24-26a.pdf
    + saved  563_3810-24-26a.pptx
    + saved  564_3810-24-27.pdf
    + saved  565_3810-24-27.pptx
    + saved  566_3810-24-27a.pdf
    + saved  567_3810-24-27a.pptx
    + saved  568_3810-24-28.pdf
    + saved  569_3810-24-28.pptx
    + saved  570_3810-24-28a.pdf
    + saved  571_3810-24-28a.pptx
    + saved  572_3810-24.pdf
    + saved  573_3810-24.ppt
    + saved  574_3810-25-01.pdf
    + saved  575_3810-25-01.pptx
    + saved  576_3810-25-01a.pdf
    + saved  577_3810-25-01a.pptx
    + saved  578_3810-25-02.pdf
    + saved  579_3810-25-02.pptx
    + saved  580_3810-25-02a.pdf
    + saved  581_3810-25-02a.pptx
    ~ dup    582_3810-25-03.pdf
    ~ dup    583_3810-25-03.pptx
    + saved  584_3810-25-03a.pdf
    + saved  585_3810-25-03a.pptx
    ~ dup    586_3810-25-04.pdf
    ~ dup    587_3810-25-04.pptx
    + saved  588_3810-25-04a.pdf
    + saved  589_3810-25-04a.pptx
    + saved  590_3810-25-05.pdf
    + saved  591_3810-25-05.pptx
    + saved  592_3810-25-05a.pdf
    + saved  593_3810-25-05a.pptx
    + saved  594_3810-25-06.pdf
    + saved  595_3810-25-06.pptx
    + saved  596_3810-25-06a.pdf
    + saved  597_3810-25-06a.pptx
    + saved  598_3810-25-07.pdf
    + saved  599_3810-25-07.pptx
    + saved  600_3810-25-08.pdf
    + saved  601_3810-25-08.pptx
    + saved  602_3810-25-08a.pdf
    + saved  603_3810-25-08a.pptx
    + saved  604_3810-25-09.pdf
    + saved  605_3810-25-09.pptx
    + saved  606_3810-25-09a.pdf
    + saved  607_3810-25-09a.pptx
    + saved  608_3810-25-10.pdf
    + saved  609_3810-25-10.pptx
    + saved  610_3810-25-10a.pdf
    + saved  611_3810-25-10a.pptx
    + saved  612_3810-25-11.pdf
    + saved  613_3810-25-11.pptx
    + saved  614_3810-25-11a.pdf
    + saved  615_3810-25-11a.pptx
    + saved  616_3810-25-12.pdf
    + saved  617_3810-25-12.pptx
    + saved  618_3810-25-12a.pdf
    + saved  619_3810-25-12a.pptx
    + saved  620_3810-25-13.pdf
    + saved  621_3810-25-13.pptx
    + saved  622_3810-25-13a.pdf
    + saved  623_3810-25-13a.pptx
    + saved  624_3810-25-14.pdf
    + saved  625_3810-25-14.pptx
    + saved  626_3810-25-14a.pdf
    + saved  627_3810-25-14a.pptx
    + saved  628_3810-25-15.pdf
    + saved  629_3810-25-15.pptx
    + saved  630_3810-25-15a.pdf
    + saved  631_3810-25-15a.pptx
    + saved  632_3810-25-16.pdf
    + saved  633_3810-25-16.pptx
    + saved  634_3810-25-16a.pdf
    + saved  635_3810-25-16a.pptx
    + saved  636_3810-25-17.pdf
    + saved  637_3810-25-17.pptx
    + saved  638_3810-25-17a.pdf
    + saved  639_3810-25-17a.pptx
    + saved  640_3810-25-18.pdf
    + saved  641_3810-25-18.pptx
    + saved  642_3810-25-18a.pdf
    + saved  643_3810-25-18a.pptx
    + saved  644_3810-25-19.pdf
    + saved  645_3810-25-19.pptx
    + saved  646_3810-25-19a.pdf
    + saved  647_3810-25-19a.pptx
    + saved  648_3810-25-20.pdf
    + saved  649_3810-25-20.pptx
    + saved  650_3810-25-20a.pdf
    + saved  651_3810-25-20a.pptx
    + saved  652_3810-25-21.pdf
    + saved  653_3810-25-21.pptx
    + saved  654_3810-25-21a.pdf
    + saved  655_3810-25-21a.pptx
    + saved  656_3810-25-22.pdf
    + saved  657_3810-25-22.pptx
    + saved  658_3810-25-22a.pdf
    + saved  659_3810-25-22a.pptx
    + saved  660_3810-25-23.pdf
    + saved  661_3810-25-23.pptx
    + saved  662_3810-25-23a.pdf
    + saved  663_3810-25-23a.pptx
    + saved  664_3810-25-24.pdf
    + saved  665_3810-25-24.pptx
    + saved  666_3810-25-24a.pdf
    + saved  667_3810-25-24a.pptx
    + saved  668_3810-25-25.pdf
    + saved  669_3810-25-25.pptx
    + saved  670_3810-25-25a.pdf
    + saved  671_3810-25-25a.pptx
    + saved  672_3810-25-26.pdf
    + saved  673_3810-25-26.pptx
    + saved  674_3810-25-26a.pdf
    + saved  675_3810-25-26a.pptx
    + saved  676_3810-25-27.pdf
    + saved  677_3810-25-27.pptx
    + saved  678_3810-25-27a.pdf
    + saved  679_3810-25-27a.pptx
    + saved  680_3810-25.pdf
    + saved  681_3810-25.ppt
    + saved  682_3810-26-01.pdf
    + saved  683_3810-26-01.pptx
    + saved  684_3810-26-01a.pdf
    + saved  685_3810-26-01a.pptx
    + saved  686_3810-26-02.pdf
    + saved  687_3810-26-02.pptx
    + saved  688_3810-26-02a.pdf
    + saved  689_3810-26-02a.pptx
    + saved  690_3810-26-03.pdf
    + saved  691_3810-26-03.pptx
    + saved  692_3810-26-03a.pdf
    + saved  693_3810-26-03a.pptx
    + saved  694_3810-26-04.pdf
    + saved  695_3810-26-04.pptx
    + saved  696_3810-26-04a.pdf
    + saved  697_3810-26-04a.pptx
    + saved  698_3810-26-05.pdf
    + saved  699_3810-26-05.pptx
    + saved  700_3810-26-05a.pdf
    + saved  701_3810-26-05a.pptx
    + saved  702_3810-26-06.pdf
    + saved  703_3810-26-06.pptx
    + saved  704_3810-26-06a.pdf
    + saved  705_3810-26-06a.pptx
    + saved  706_3810-26-07.pdf
    + saved  707_3810-26-07.pptx
    + saved  708_3810-26-07a.pdf
    + saved  709_3810-26-07a.pptx
    + saved  710_3810-26-08.pdf
    + saved  711_3810-26-08.pptx
    + saved  712_3810-26-08a.pdf
    + saved  713_3810-26-08a.pptx
    + saved  714_3810-26-09.pdf
    + saved  715_3810-26-09.pptx
    + saved  716_3810-26-09a.pdf
    + saved  717_3810-26-09a.pptx
    + saved  718_3810-26-10.pdf
    + saved  719_3810-26-10.pptx
    + saved  720_3810-26-10a.pdf
    + saved  721_3810-26-10a.pptx
    + saved  722_3810-26-11.pdf
    + saved  723_3810-26-11.pptx
    + saved  724_3810-26-11a.pdf
    + saved  725_3810-26-11a.pptx
    + saved  726_3810-26-12.pdf
    + saved  727_3810-26-12.pptx
    + saved  728_3810-26-12a.pdf
    + saved  729_3810-26-12a.pptx
    + saved  730_3810-26-13.pdf
    + saved  731_3810-26-13.pptx
    + saved  732_3810-26-13a.pdf
    + saved  733_3810-26-13a.pptx
    + saved  734_3810-26-14.pdf
    + saved  735_3810-26-14.pptx
    + saved  736_3810-26-14a.pdf
    + saved  737_3810-26-14a.pptx
    + saved  738_3810-26-15.pdf
    + saved  739_3810-26-15.pptx
    + saved  740_3810-26-15a.pdf
    + saved  741_3810-26-15a.pptx
    + saved  742_3810-26-16.pdf
    + saved  743_3810-26-16.pptx
    + saved  744_3810-26-16a.pdf
    + saved  745_3810-26-16a.pptx
    + saved  746_3810-26-17.pdf
    + saved  747_3810-26-17.pptx
    + saved  748_3810-26-17a.pdf
    + saved  749_3810-26-17a.pptx
    + saved  750_3810-26-18.pdf
    + saved  751_3810-26-18.pptx
    + saved  752_3810-26-18a.pdf
    + saved  753_3810-26-18a.pptx
    + saved  754_3810-26-19.pdf
    + saved  755_3810-26-19.pptx
    + saved  756_3810-26-19a.pdf
    + saved  757_3810-26-19a.pptx
    + saved  758_3810-26-20.pdf
    + saved  759_3810-26-20.pptx
    + saved  760_3810-26-20a.pdf
    + saved  761_3810-26-20a.pptx
    + saved  762_3810-26-21.pdf
    + saved  763_3810-26-21.pptx
    + saved  764_3810-26-21a.pdf
    + saved  765_3810-26-22.pdf
    + saved  766_3810-26-22.pptx
    + saved  767_3810-26-22a.pdf
    + saved  768_3810-26-23.pdf
    + saved  769_3810-26-23.pptx
    + saved  770_3810-26-23a.pdf
    + saved  771_3810-26-23a.pptx
    + saved  772_3810-26-24.pdf
    + saved  773_3810-26-24.pptx
    + saved  774_3810-26-24a.pdf
    + saved  775_3810-26-24a.pptx
    + saved  776_3810-26-25.pdf
    + saved  777_3810-26-25.pptx
    + saved  778_3810-26-25a.pdf
    + saved  779_3810-26-25a.pptx
    + saved  780_3810-26-26.pdf
    + saved  781_3810-26-26.pptx
    + saved  782_3810-26-26a.pdf
    + saved  783_3810-26-26a.pptx
    + saved  784_3810-26-27.pdf
    + saved  785_3810-26-27.pptx
    + saved  786_3810-26-27a.pdf
    + saved  787_3810-26-27a.pptx
    + saved  788_3810-26.pdf
    + saved  789_3810-26.ppt
    -> saved: 777 new, 0 skip, 12 dup, 0 fail  (https://users.cs.utah.edu/~rajeev/cs3810/slides/)
===== [336/646] =====

### CS3853 - University of Texas at San Antonio  (ratings=19.0)
    url: https://wwang.github.io/teaching/slides/Comp_Arch/Midterm1_PreparationU.pdf
    [found] 1 slide link(s) at reduction 0
    + saved  1_Midterm1_PreparationU.pdf
    -> saved: 1 new, 0 skip, 0 dup, 0 fail  (https://wwang.github.io/teaching/slides/Comp_Arch/Midterm1_PreparationU.pdf)
===== [337/646] =====

### CS390 - Old Dominion University  (ratings=6.0)
    url: https://www.cs.odu.edu/~zeil/cs390/latest/Public/orientationSlides/orientationSlides__slides.html
    [found] 8 slide link(s) at reduction 0
    ! fail   https://www.cs.odu.edu/~zeil/cs390/latest/Public/orientationSlides/orientationSlides__scroll.html  (not a recognized HTML slideshow)
    ! fail   https://www.cs.odu.edu/~zeil/cs390/latest/Public/orientationSlides/orientationSlides__slides.html#course-themes  (not a recognized HTML slideshow)
    ! fail   https://www.cs.odu.edu/~zeil/cs390/latest/Public/orientationSlides/orientationSlides__slides.html#course-website  (not a recognized HTML slideshow)
    ! fail   https://www.cs.odu.edu/~zeil/cs390/latest/Public/orientationSlides/orientationSlides__slides.html#course-policies  (not a recognized HTML slideshow)
    ! fail   https://www.cs.odu.edu/~zeil/cs390/latest/Public/orientationSlides/orientationSlides__slides.html#communications  (not a recognized HTML slideshow)
    ! fail   https://www.cs.odu.edu/~zeil/cs390/latest/Public/orientationSlides/orientationSlides__slides.html#grading  (not a recognized HTML slideshow)
    ! fail   https://www.cs.odu.edu/~zeil/cs390/latest/Public/orientationSlides/orientationSlides__slides.html#keys-to-success-in-this-course  (not a recognized HTML slideshow)
    ! fail   https://www.cs.odu.edu/~zeil/cs390/latest/Public/orientationSlides/orientationSlides__slides.html#where-to-go-from-here-  (not a recognized HTML slideshow)
    [retry] links found but none downloaded; reducing further
    [reduce 1] https://www.cs.odu.edu/~zeil/cs390/latest/Public/orientationSlides/
    [found] 1 slide link(s) at reduction 1
    ! fail   https://www.cs.odu.edu/~zeil/cs390/latest/Public/orientationSlides/orientationSlides__slides.html  (not a recognized HTML slideshow)
    [retry] links found but none downloaded; reducing further
    [reduce 2] https://www.cs.odu.edu/~zeil/cs390/latest/Public/
    [reduce 3] https://www.cs.odu.edu/~zeil/cs390/latest/
    [fetch] error: Page.content: Unable to retrieve content because the page is navigating and changing the content.
    [reduce 4] https://www.cs.odu.edu/~zeil/cs390/
    -> partial: 0 new, 0 skip, 0 dup, 8 fail  (https://www.cs.odu.edu/~zeil/cs390/latest/Public/orientationSlides/orientationSlides__slides.html)
===== [338/646] =====

### CS402 - Binghamton University  (ratings=5.0)
    url: https://github.com/niMgnoeSeeL/CS402/blob/master/cs402-slide09-handout.pdf
    [found] 1 slide link(s) at reduction 0
    + saved  1_cs402-slide09-handout.pdf
    -> saved: 1 new, 0 skip, 0 dup, 0 fail  (https://github.com/niMgnoeSeeL/CS402/blob/master/cs402-slide09-handout.pdf)
===== [339/646] =====

### CS4100 - Northeastern University  (ratings=13.0)
    url: http://www.ccs.neu.edu/home/camato/4100summaryS25.html
    [follow] no slides here; checking 1 sub-page(s)
    [reduce 1] http://www.ccs.neu.edu/home/camato/
    [reduce 2] http://www.ccs.neu.edu/home/
    [fetch] status=404
    -> no slides found on any reduced URL
===== [340/646] =====

### CS4220 - Georgia Institute of Technology  (ratings=7.0)
    url: https://sites.gatech.edu/cse6220fall24/
    [found] 22 slide link(s) at reduction 0
    + saved  1_lec1-intro.pdf
    + saved  2_lec2-parallel-analysis.pdf
    + saved  3_lec3-mtalg.pdf
    + saved  4_lec4-cache-pt1.pdf
    + saved  5_lec5-cache-pt2.pdf
    + saved  6_lec6-mpi.pdf
    + saved  7_lec7-prefixsums.pdf
    + saved  8_lec8-prefixapplications.pdf
    + saved  9_lec9-commprimitives-1.pdf
    + saved  10_lec10-mpiprimitives.pdf
    + saved  11_lec11-bitonicsort.pdf
    + saved  12_lec12-samplesort-1.pdf
    + saved  13_lec13-embeddings.pdf
    + saved  14_lec14-densematrix.pdf
    + saved  15_lec15-densematrix2.pdf
    + saved  16_lec16-mpitopologies.pdf
    + saved  17_lec17-fft.pdf
    + saved  18_lec18-nbody.pdf
    + saved  19_lec19-interconnects.pdf
    + saved  20_lec20-spmv.pdf
    + saved  21_lec21-graphs.pdf
    + saved  22_lec22-graphoptimization.pdf
    -> saved: 22 new, 0 skip, 0 dup, 0 fail  (https://sites.gatech.edu/cse6220fall24/)
===== [341/646] =====

### CS4278 - Vanderbilt University  (ratings=14.0)
    url: https://huang.isis.vanderbilt.edu/cs4278-sp22/lectures.php
    [found] 2 slide link(s) at reduction 0
    + saved  1_vanderbilt-ford-mar2022-shared.pdf
    + saved  2_se-human-ai.pdf
    -> saved: 2 new, 0 skip, 0 dup, 0 fail  (https://huang.isis.vanderbilt.edu/cs4278-sp22/lectures.php)
===== [342/646] =====

### CS4301 - University of Texas at Dallas  (ratings=14.0)
    url: https://personal.utdallas.edu/~nrr150130/cs4301/2020fa/lects/
    [found] 15 slide link(s) at reduction 0
    + saved  1_Lecture_1_Gradients_and_More.pptx
    + saved  2_Lecture_2_Convex_Sets_and_Functions.pptx
    + saved  3_Lecture_3_Gradient_Descent.pptx
    + saved  4_Lecture_4_Convex_Optimization.pptx
    + saved  5_Lecture_5_Projected_Gradient_Descent.pptx
    + saved  6_Lecture_6_Duality.pptx
    + saved  7_Lecture_7_Newton.pptx
    + saved  8_Lecture_8_Applications.pptx
    + saved  9_Lecture_9_LA_Review.pptx
    + saved  10_Lecture_10_SVD.pptx
    + saved  11_Lecture_12_MF.pptx
    + saved  12_Lecture_13_Submodular.pptx
    + saved  13_Lecture_14_Alternating_Projection.pptx
    + saved  14_Lecture_15_Proximal_Gradient_Descent.pptx
    + saved  15_Lecture_16_Review.pptx
    -> saved: 15 new, 0 skip, 0 dup, 0 fail  (https://personal.utdallas.edu/~nrr150130/cs4301/2020fa/lects/)
===== [343/646] =====

### CS4320 - Cornell University  (ratings=15.0)
    url: http://www.databaselecture.com/
    [found] 5 slide link(s) at reduction 0
    + saved  1_1_New_Intro.pdf
    + saved  2_2_SQL_1.pdf
    + saved  3_3_SQL_2.pdf
    + saved  4_4_SQL_3.pdf
    + saved  5_5_Data_Storage.pdf
    -> saved: 5 new, 0 skip, 0 dup, 0 fail  (http://www.databaselecture.com/)
===== [344/646] =====

### CS4349 - University of Texas at Dallas  (ratings=7.0)
    url: https://www.utdallas.edu/~daescu/cs4349spr10.html
    -> no slides found on any reduced URL
===== [345/646] =====

### CS4384 - University of Texas at Dallas  (ratings=49.0)
    url: https://personal.utdallas.edu/~pervin/cs4384.html
    [found] 1 slide link(s) at reduction 0
    ! fail   https://personal.utdallas.edu/~pervin/cs4384/lectures.html  (not a recognized HTML slideshow)
    [retry] links found but none downloaded; reducing further
    -> partial: 0 new, 0 skip, 0 dup, 1 fail  (https://personal.utdallas.edu/~pervin/cs4384.html)
===== [346/646] =====

### CS439 - University of Texas at Austin  (ratings=155.0)
    url: https://www.cs.utexas.edu/~ans/classes/cs439/index.html
    [follow] no slides here; checking 6 sub-page(s)
    [found] 1 slide link(s) at reduction 0
    + saved  1_intro.pdf
    -> saved: 1 new, 0 skip, 0 dup, 0 fail  (https://www.cs.utexas.edu/~ans/classes/cs439/index.html)
===== [347/646] =====

### CS441 - University of Pittsburgh  (ratings=24.0)
    url: https://nineil.github.io/courses/fall24_cs441/
    [found] 44 slide link(s) at reduction 0
    + saved  1_lec_1.intro.pdf
    + saved  2_lec_1.intro.pptx
    + saved  3_lec_2.prop-logic.pdf
    + saved  4_lec_2.prop-logic.pptx
    + saved  5_lec_4.prop-equiv.pdf
    + saved  6_lec_4.prop-equiv.pptx
    + saved  7_lec_5.predicates.pdf
    + saved  8_lec_5.predicates.pptx
    + saved  9_lec_6.nested-quantifiers.pdf
    + saved  10_lec_6.nested-quantifiers.pptx
    + saved  11_lec_7.rules-of-inference.pdf
    + saved  12_lec_7.rules-of-inference.pptx
    + saved  13_lec_8.informal-proofs.pdf
    + saved  14_lec_8.informal-proofs.pptx
    + saved  15_lec_9.proof-methods.pdf
    + saved  16_lec_9.proof-methods.pptx
    + saved  17_lec_10.sets.pdf
    + saved  18_lec_10.sets.pptx
    + saved  19_lec_11.set-identities.pdf
    + saved  20_lec_11.set-identities.pptx
    + saved  21_lec_12.functions.pdf
    + saved  22_lec_12.functions.pptx
    + saved  23_lec_13.sequences-summations.pdf
    + saved  24_lec_13.sequences-summations.pptx
    + saved  25_lec_14.infinite-cardinalities.pdf
    + saved  26_lec_14.infinite-cardinalities.pptx
    + saved  27_lec_15.algorithms.pdf
    + saved  28_lec_15.algorithms.pptx
    + saved  29_lec_16.growth-rates.pdf
    + saved  30_lec_16.growth-rates.pptx
    + saved  31_lec_17.complexity.pdf
    + saved  32_lec_17.complexity.pptx
    + saved  33_lec_18.divisibility.pdf
    + saved  34_lec_18.divisibility.pptx
    + saved  35_lec_19.integer-representations.pdf
    + saved  36_lec_19.integer-representations.pptx
    + saved  37_lec_20.primes.pdf
    + saved  38_lec_20.primes.pptx
    + saved  39_lec_21.congruences.pdf
    + saved  40_lec_21.congruences.pptx
    + saved  41_lec_22.cryptography.pdf
    + saved  42_lec_22.cryptography.pptx
    + saved  43_lec_23.induction.pdf
    + saved  44_lec_23.induction.pptx
    -> saved: 44 new, 0 skip, 0 dup, 0 fail  (https://nineil.github.io/courses/fall24_cs441/)
===== [348/646] =====

### CS4430 - Western Michigan University  (ratings=8.0)
    url: https://cs.wmich.edu/gupta/teaching/cs4430/cs4430SummII19web/cs4430dbms.php
    [fetch] error: Page.goto: net::ERR_CERT_DATE_INVALID at https://cs.wmich.edu/gupta/teaching/cs4430/cs4430SummII19web/cs4430dbms.php
Call log:
  - navigating to "https://cs.wmich.edu/gupta/teaching/cs4430/cs4430SummII19web/cs4430dbms.php", waiting until "domcontentloaded"

    [reduce 1] https://cs.wmich.edu/gupta/teaching/cs4430/cs4430SummII19web/
    [fetch] error: Page.goto: net::ERR_CERT_DATE_INVALID at https://cs.wmich.edu/gupta/teaching/cs4430/cs4430SummII19web/
Call log:
  - navigating to "https://cs.wmich.edu/gupta/teaching/cs4430/cs4430SummII19web/", waiting until "domcontentloaded"

    [reduce 2] https://cs.wmich.edu/gupta/teaching/cs4430/
    [fetch] error: Page.goto: net::ERR_CERT_DATE_INVALID at https://cs.wmich.edu/gupta/teaching/cs4430/
Call log:
  - navigating to "https://cs.wmich.edu/gupta/teaching/cs4430/", waiting until "domcontentloaded"

    [reduce 3] https://cs.wmich.edu/gupta/teaching/
    [fetch] error: Page.goto: net::ERR_CERT_DATE_INVALID at https://cs.wmich.edu/gupta/teaching/
Call log:
  - navigating to "https://cs.wmich.edu/gupta/teaching/", waiting until "domcontentloaded"

    [reduce 4] https://cs.wmich.edu/gupta/
    [fetch] error: Page.goto: net::ERR_CERT_DATE_INVALID at https://cs.wmich.edu/gupta/
Call log:
  - navigating to "https://cs.wmich.edu/gupta/", waiting until "domcontentloaded"

    -> no slides found on any reduced URL
===== [349/646] =====

### CS4450 - Cornell University  (ratings=6.0)
    url: https://www.cs.cornell.edu/courses/cs4450/2022fa/schedule.html
    [found] 28 slide link(s) at reduction 0
    + saved  1_lecture01-fa22.pdf
    + saved  2_lecture02-fa22.pdf
    + saved  3_lecture03-fa22.pdf
    + saved  4_lecture04-fa22.pdf
    + saved  5_lecture05-fa22.pdf
    + saved  6_lecture06-fa22.pdf
    + saved  7_lecture07-fa22.pdf
    + saved  8_lecture08-fa22.pdf
    + saved  9_lecture09-fa22.pdf
    + saved  10_lecture10-fa22.pdf
    + saved  11_lecture11-fa22.pdf
    + saved  12_lecture12-fa22.pdf
    + saved  13_lecture13-fa22.pdf
    + saved  14_lecture14-fa22.pdf
    + saved  15_lecture15-fa22.pdf
    + saved  16_lecture18-prelim-review.pdf
    + saved  17_lecture16-fa22.pdf
    + saved  18_lecture17-fa22.pdf
    + saved  19_lecture18-fa22.pdf
    + saved  20_lecture19-fa22.pdf
    + saved  21_lecture20-fa22.pdf
    + saved  22_lecture21-fa22.pdf
    + saved  23_lecture22-fa22.pdf
    + saved  24_lecture23-fa22.pdf
    + saved  25_lecture24-fa22.pdf
    + saved  26_lecture25-fa22.pdf
    + saved  27_lecture25-datacenters.pdf
    + saved  28_lecture26-final.pdf
    -> saved: 28 new, 0 skip, 0 dup, 0 fail  (https://www.cs.cornell.edu/courses/cs4450/2022fa/schedule.html)
===== [350/646] =====

### CS4453 - Lakehead University  (ratings=9.0)
    url: https://github.com/ConnorAustin/CS4453/blob/master/chapter01.pdf
    [found] 1 slide link(s) at reduction 0
    + saved  1_chapter01.pdf
    -> saved: 1 new, 0 skip, 0 dup, 0 fail  (https://github.com/ConnorAustin/CS4453/blob/master/chapter01.pdf)
===== [351/646] =====

### CS4476 - Georgia Institute of Technology  (ratings=5.0)
    url: https://faculty.cc.gatech.edu/~hays/compvision
    [found] 50 slide link(s) at reduction 0
    ! fail   https://faculty.cc.gatech.edu/~hays/lectures/01.pdf  (http 404)
    ! fail   https://faculty.cc.gatech.edu/~hays/lectures/01.pptx  (http 404)
    ! fail   https://faculty.cc.gatech.edu/~hays/lectures/02.pdf  (http 404)
    ! fail   https://faculty.cc.gatech.edu/~hays/lectures/02.pptx  (http 404)
    ! fail   https://faculty.cc.gatech.edu/~hays/lectures/03.pdf  (http 404)
    ! fail   https://faculty.cc.gatech.edu/~hays/lectures/03.pptx  (http 404)
    ! fail   https://faculty.cc.gatech.edu/~hays/lectures/04.pdf  (http 404)
    ! fail   https://faculty.cc.gatech.edu/~hays/lectures/04.pptx  (http 404)
    ! fail   https://faculty.cc.gatech.edu/~hays/lectures/05.pdf  (http 404)
    ! fail   https://faculty.cc.gatech.edu/~hays/lectures/05.pptx  (http 404)
    ! fail   https://faculty.cc.gatech.edu/~hays/lectures/06.pdf  (http 404)
    ! fail   https://faculty.cc.gatech.edu/~hays/lectures/06.pptx  (http 404)
    ! fail   https://faculty.cc.gatech.edu/~hays/lectures/07.pdf  (http 404)
    ! fail   https://faculty.cc.gatech.edu/~hays/lectures/07.pptx  (http 404)
    ! fail   https://faculty.cc.gatech.edu/~hays/lectures/08.pdf  (http 404)
    ! fail   https://faculty.cc.gatech.edu/~hays/lectures/08.pptx  (http 404)
    ! fail   https://faculty.cc.gatech.edu/~hays/lectures/09.pdf  (http 404)
    ! fail   https://faculty.cc.gatech.edu/~hays/lectures/09.pptx  (http 404)
    ! fail   https://faculty.cc.gatech.edu/~hays/lectures/10.pdf  (http 404)
    ! fail   https://faculty.cc.gatech.edu/~hays/lectures/10.pptx  (http 404)
    ! fail   https://faculty.cc.gatech.edu/~hays/lectures/11a.pdf  (http 404)
    ! fail   https://faculty.cc.gatech.edu/~hays/lectures/11a.pptx  (http 404)
    ! fail   https://faculty.cc.gatech.edu/~hays/lectures/11b.pdf  (http 404)
    ! fail   https://faculty.cc.gatech.edu/~hays/lectures/11b.pptx  (http 404)
    ! fail   https://faculty.cc.gatech.edu/~hays/lectures/12.pdf  (http 404)
    ! fail   https://faculty.cc.gatech.edu/~hays/lectures/12.pptx  (http 404)
    ! fail   https://faculty.cc.gatech.edu/~hays/lectures/13.pdf  (http 404)
    ! fail   https://faculty.cc.gatech.edu/~hays/lectures/13.pptx  (http 404)
    ! fail   https://faculty.cc.gatech.edu/~hays/lectures/14.pdf  (http 404)
    ! fail   https://faculty.cc.gatech.edu/~hays/lectures/14.pptx  (http 404)
    ! fail   https://faculty.cc.gatech.edu/~hays/lectures/15.pdf  (http 404)
    ! fail   https://faculty.cc.gatech.edu/~hays/lectures/15.pptx  (http 404)
    ! fail   https://faculty.cc.gatech.edu/~hays/lectures/16.pdf  (http 404)
    ! fail   https://faculty.cc.gatech.edu/~hays/lectures/16.pptx  (http 404)
    ! fail   https://faculty.cc.gatech.edu/~hays/lectures/17.pdf  (http 404)
    ! fail   https://faculty.cc.gatech.edu/~hays/lectures/17.pptx  (http 404)
    ! fail   https://faculty.cc.gatech.edu/~hays/lectures/18.pdf  (http 404)
    ! fail   https://faculty.cc.gatech.edu/~hays/lectures/18.pptx  (http 404)
    ! fail   https://faculty.cc.gatech.edu/~hays/lectures/19.pdf  (http 404)
    ! fail   https://faculty.cc.gatech.edu/~hays/lectures/19.pptx  (http 404)
    ! fail   https://faculty.cc.gatech.edu/~hays/lectures/20.pdf  (http 404)
    ! fail   https://faculty.cc.gatech.edu/~hays/lectures/20.pptx  (http 404)
    ! fail   https://faculty.cc.gatech.edu/~hays/lectures/21.pdf  (http 404)
    ! fail   https://faculty.cc.gatech.edu/~hays/lectures/21.pptx  (http 404)
    ! fail   https://faculty.cc.gatech.edu/~hays/lectures/22.pdf  (http 404)
    ! fail   https://faculty.cc.gatech.edu/~hays/lectures/22.pptx  (http 404)
    ! fail   https://faculty.cc.gatech.edu/~hays/lectures/23.pdf  (http 404)
    ! fail   https://faculty.cc.gatech.edu/~hays/lectures/23.pptx  (http 404)
    ! fail   https://faculty.cc.gatech.edu/~hays/lectures/24.pdf  (http 404)
    ! fail   https://faculty.cc.gatech.edu/~hays/lectures/24.pptx  (http 404)
    [retry] links found but none downloaded; reducing further
    -> partial: 0 new, 0 skip, 0 dup, 50 fail  (https://faculty.cc.gatech.edu/~hays/compvision)
===== [352/646] =====

### CS449 - University of Pittsburgh  (ratings=67.0)
    url: https://cs0449.gitlab.io/fa2025/slides/01_CS449_Introduction.pdf
    [found] 1 slide link(s) at reduction 0
    + saved  1_01_CS449_Introduction.pdf
    -> saved: 1 new, 0 skip, 0 dup, 0 fail  (https://cs0449.gitlab.io/fa2025/slides/01_CS449_Introduction.pdf)
===== [353/646] =====

### CS4510 - Georgia Institute of Technology  (ratings=27.0)
    url: https://faculty.cc.gatech.edu/~ladha/S24/4510
    [found] 1 slide link(s) at reduction 0
    ! fail   https://faculty.cc.gatech.edu/~ladha/S24/ctt.pdf  (http 404)
    [retry] links found but none downloaded; reducing further
    [reduce 1] https://faculty.cc.gatech.edu/~ladha/S24/
    [fetch] status=403
    -> partial: 0 new, 0 skip, 0 dup, 1 fail  (https://faculty.cc.gatech.edu/~ladha/S24/4510)
===== [354/646] =====

### CS458 - University of Waterloo  (ratings=11.0)
    url: https://crysp.uwaterloo.ca/courses/cs458/F08-lectures/
    [found] 7 slide link(s) at reduction 0
    + saved  1_Module1.pdf
    + saved  2_Module2.pdf
    + saved  3_Module3.pdf
    + saved  4_Module4.pdf
    + saved  5_Module5.pdf
    + saved  6_Module6.pdf
    + saved  7_Module7.pdf
    -> saved: 7 new, 0 skip, 0 dup, 0 fail  (https://crysp.uwaterloo.ca/courses/cs458/F08-lectures/)
===== [355/646] =====

### CS4675 - Georgia Institute of Technology  (ratings=12.0)
    url: https://faculty.cc.gatech.edu/~lingliu/courses/cs6675/14Spring/lectures.htm
    [found] 22 slide link(s) at reduction 0
    ! fail   http://www.cc.gatech.edu/~lingliu/courses/cs8803/notes/2.Intro.pdf  (http 404)
    ! fail   http://www.cc.gatech.edu/~lingliu/courses/cs8803/notes/3.SE.pdf  (http 404)
    ! fail   http://www.cc.gatech.edu/~lingliu/courses/cs8803/notes/4.WebIR.pdf  (http 404)
    ! fail   http://www-static.cc.gatech.edu/~lingliu/courses/cs8803/notes/5.SNA.pdf  (<urlopen error [Errno -2] Name or service not known>)
    ! fail   http://www.cc.gatech.edu/~lingliu/courses/cs8803/notes/6.CF.pdf  (http 404)
    ! fail   http://www-static.cc.gatech.edu/~lingliu/courses/cs8803/notes/7.RoadTrackRoadAlarm.pdf  (<urlopen error [Errno -2] Name or service not known>)
    ! fail   http://www.cc.gatech.edu/~lingliu/courses/cs8803/notes/8.LBS.pdf  (http 404)
    ! fail   http://www-static.cc.gatech.edu/~lingliu/courses/cs8803/notes/9.Hadoop.pdf  (<urlopen error [Errno -2] Name or service not known>)
    ! fail   http://www.cc.gatech.edu/~lingliu/courses/cs8803/notes/10.MapReduce.pdf  (http 404)
    ! fail   http://www.cc.gatech.edu/~lingliu/courses/cs8803/notes/AppServerWSProxy.pdf  (http 404)
    ! fail   http://www.cc.gatech.edu/~lingliu/courses/cs8803/notes/AppServers.pdf  (http 404)
    ! fail   http://www.cc.gatech.edu/~lingliu/courses/cs8803/notes/Group16.ppt  (http 404)
    ! fail   http://www.cc.gatech.edu/~lingliu/courses/cs8803/notes/14.SpatialAlarms.pdf  (http 404)
    ! fail   http://www.cc.gatech.edu/~lingliu/courses/cs8803/notes/9.p2pCrawl.pdf  (http 404)
    ! fail   http://www.cc.gatech.edu/~lingliu/courses/cs8803/notes/13.WebIR.pdf  (http 404)
    ! fail   http://www.cc.gatech.edu/~lingliu/courses/cs8803/notes/23.SOS.pdf  (http 404)
    ! fail   http://www-static.cc.gatech.edu/~lingliu/courses/cs8803/notes/29.WebPerformance.pdf  (<urlopen error [Errno -2] Name or service not known>)
    ! fail   http://www.cc.gatech.edu/~lingliu/courses/cs8803/notes/CloudComputing.pdf  (http 404)
    ! fail   http://www.cc.gatech.edu/~lingliu/courses/cs8803/notes/PubSub.pdf  (http 404)
    ! fail   http://www-static.cc.gatech.edu/~lingliu/courses/cs8803/notes/23.CDN.pdf  (<urlopen error [Errno -2] Name or service not known>)
    ! fail   http://www.cc.gatech.edu/~lingliu/courses/cs8803/notes/24.VoIP-IPTV.pdf  (http 404)
    ! fail   http://www.cc.gatech.edu/~lingliu/courses/cs8803/notes/25.InternetFuture.pdf  (http 404)
    [retry] links found but none downloaded; reducing further
    [reduce 1] https://faculty.cc.gatech.edu/~lingliu/courses/cs6675/14Spring/
    [fetch] status=403
    [reduce 2] https://faculty.cc.gatech.edu/~lingliu/courses/cs6675/
    [fetch] status=403
    [reduce 3] https://faculty.cc.gatech.edu/~lingliu/courses/
    [fetch] status=403
    -> partial: 0 new, 0 skip, 0 dup, 22 fail  (https://faculty.cc.gatech.edu/~lingliu/courses/cs6675/14Spring/lectures.htm)
===== [356/646] =====

### CS4787 - Cornell University  (ratings=8.0)
    url: https://www.cs.cornell.edu/courses/cs4787/2025fa/
    [found] 26 slide link(s) at reduction 0
    ! fail   https://www.cs.cornell.edu/courses/cs4787/2025fa/lectures/lecture2.html  (not a recognized HTML slideshow)
    ! fail   https://www.cs.cornell.edu/courses/cs4787/2025fa/lectures/lecture3.html  (not a recognized HTML slideshow)
    ! fail   https://www.cs.cornell.edu/courses/cs4787/2025fa/lectures/lecture4.html  (not a recognized HTML slideshow)
    ! fail   https://www.cs.cornell.edu/courses/cs4787/2025fa/lectures/lecture5.html  (not a recognized HTML slideshow)
    ! fail   https://www.cs.cornell.edu/courses/cs4787/2025fa/lectures/lecture6.html  (not a recognized HTML slideshow)
    ! fail   https://www.cs.cornell.edu/courses/cs4787/2025fa/lectures/lecture7.html  (not a recognized HTML slideshow)
    ! fail   https://www.cs.cornell.edu/courses/cs4787/2025fa/lectures/lecture8.html  (not a recognized HTML slideshow)
    ! fail   https://www.cs.cornell.edu/courses/cs4787/2025fa/lectures/lecture9.html  (not a recognized HTML slideshow)
    ! fail   https://www.cs.cornell.edu/courses/cs4787/2025fa/lectures/lecture9-demo.html  (not a recognized HTML slideshow)
    ! fail   https://www.cs.cornell.edu/courses/cs4787/2025fa/lectures/lecture10.html  (not a recognized HTML slideshow)
    ! fail   https://www.cs.cornell.edu/courses/cs4787/2025fa/lectures/lecture11.html  (not a recognized HTML slideshow)
    ! fail   https://www.cs.cornell.edu/courses/cs4787/2025fa/lectures/lecture12.html  (not a recognized HTML slideshow)
    ! fail   https://www.cs.cornell.edu/courses/cs4787/2025fa/lectures/lecture13.html  (not a recognized HTML slideshow)
    ! fail   https://www.cs.cornell.edu/courses/cs4787/2025fa/lectures/lecture15.html  (not a recognized HTML slideshow)
    ! fail   https://www.cs.cornell.edu/courses/cs4787/2025fa/lectures/lecture16.html  (not a recognized HTML slideshow)
    ! fail   https://www.cs.cornell.edu/courses/cs4787/2025fa/lectures/lecture16-demo.html  (not a recognized HTML slideshow)
    ! fail   https://www.cs.cornell.edu/courses/cs4787/2025fa/lectures/lecture19.html  (not a recognized HTML slideshow)
    ! fail   https://www.cs.cornell.edu/courses/cs4787/2025fa/lectures/lecture19-demo.html  (not a recognized HTML slideshow)
    ! fail   https://www.cs.cornell.edu/courses/cs4787/2025fa/lectures/lecture20.html  (not a recognized HTML slideshow)
    + saved  20_lecture20-slides.pdf
    + saved  21_lecture21-slides.pdf
    + saved  22_lecture22-slides.pdf
    + saved  23_lecture23-slides.pdf
    ! fail   https://www.cs.cornell.edu/courses/cs4787/2025fa/lectures/lecture26.html  (not a recognized HTML slideshow)
    ! fail   https://www.cs.cornell.edu/courses/cs4787/2025fa/lectures/lecture27.html  (not a recognized HTML slideshow)
    ! fail   https://www.cs.cornell.edu/courses/cs4787/2025fa/lectures/lecture28.html  (not a recognized HTML slideshow)
    -> saved: 4 new, 0 skip, 0 dup, 22 fail  (https://www.cs.cornell.edu/courses/cs4787/2025fa/)
===== [357/646] =====

### CS4820 - Cornell University  (ratings=18.0)
    url: https://www.cs.cornell.edu/courses/cs4820/2024sp/lectures/
    [follow] no slides here; checking 1 sub-page(s)
    [reduce 1] https://www.cs.cornell.edu/courses/cs4820/2024sp/
    [follow] no slides here; checking 2 sub-page(s)
    [reduce 2] https://www.cs.cornell.edu/courses/cs4820/
    [found] 1 slide link(s) at reduction 2
    ! fail   https://www.cs.cornell.edu/courses/cs4820/lectures/index.html  (not a recognized HTML slideshow)
    [retry] links found but none downloaded; reducing further
    [reduce 3] https://www.cs.cornell.edu/courses/
    [follow] no slides here; checking 19 sub-page(s)
    -> partial: 0 new, 0 skip, 0 dup, 1 fail  (https://www.cs.cornell.edu/courses/cs4820/)
===== [358/646] =====

### CS5004 - Northeastern University  (ratings=10.0)
    url: https://course.ccs.neu.edu/cs5004/
    [found] 1 slide link(s) at reduction 0
    ! fail   https://course.ccs.neu.edu/cs5004/Lectures.html  (not a recognized HTML slideshow)
    [retry] links found but none downloaded; reducing further
    -> partial: 0 new, 0 skip, 0 dup, 1 fail  (https://course.ccs.neu.edu/cs5004/)
===== [359/646] =====

### CS5010 - Northeastern University  (ratings=12.0)
    url: https://cs5010pdp2017fall.github.io/
    [found] 9 slide link(s) at reduction 0
    + saved  1_PDP_week_1.pdf
    + saved  2_CS5010_Fall2017_Lecture2.pdf
    + saved  3_Lecture_03.pdf
    + saved  4_Lecture6-supplementary.pdf
    + saved  5_CS5010_Fall2017_Lecture7.pdf
    + saved  6_CS5010_Fall2017_Lecture8.pdf
    ! fail   https://cs5010pdp2017fall.github.io/.Supplementary Files/CS5010_Fall2017_Lecture8_Additional_example_for_Maps.pdf  (http 404)
    + saved  8_CS5010_Fall2017_Lecture9.pdf
    + saved  9_PDP_Concurrency_Intro_-_week_9.pdf
    -> saved: 8 new, 0 skip, 0 dup, 1 fail  (https://cs5010pdp2017fall.github.io/)
===== [360/646] =====

### CS504 - Drexel University  (ratings=8.0)
    url: https://cci.drexel.edu/SeniorDesign/syllabus.html
    [found] 2 slide link(s) at reduction 0
    + saved  1_RequirementsReview.ppt
    + saved  2_PresentationInstructions_2019-2020.pdf
    -> saved: 2 new, 0 skip, 0 dup, 0 fail  (https://cci.drexel.edu/SeniorDesign/syllabus.html)
===== [361/646] =====

### CS50X - Harvard University  (ratings=29.0)
    url: https://cs50.harvard.edu/x/notes/0/
    [follow] no slides here; checking 13 sub-page(s)
    [found] 22 slide link(s) at reduction 0
    + saved  1_lecture0.pdf
    + saved  2_lecture1.pdf
    + saved  3_src1.pdf
    + saved  4_lecture2.pdf
    + saved  5_src2.pdf
    + saved  6_lecture3.pdf
    + saved  7_src3.pdf
    + saved  8_lecture4.pdf
    + saved  9_src4.pdf
    + saved  10_lecture5.pdf
    + saved  11_src5.pdf
    + saved  12_lecture6.pdf
    + saved  13_src6.pdf
    + saved  14_lecture7.pdf
    + saved  15_src7.pdf
    + saved  16_ai.pdf
    + saved  17_src.pdf
    + saved  18_lecture8.pdf
    + saved  19_src8.pdf
    + saved  20_lecture9.pdf
    + saved  21_src9.pdf
    + saved  22_lecture10.pdf
    -> saved: 22 new, 0 skip, 0 dup, 0 fail  (https://cs50.harvard.edu/x/notes/0/)
===== [362/646] =====

### CS5100 - Northeastern University  (ratings=17.0)
    url: https://www.khoury.northeastern.edu/home/camato/5100scheduleS24.html
    [reduce 1] https://www.khoury.northeastern.edu/home/camato/
    [reduce 2] https://www.khoury.northeastern.edu/home/
    [fetch] status=404
    -> no slides found on any reduced URL
===== [363/646] =====

### CS5170 - University of Cincinnati  (ratings=39.0)
    url: https://www.ccps.uc.edu/academics/olli/resources/handouts.html
    [found] 20 slide link(s) at reduction 0
    + saved  1_library.pdf
    + saved  2_1330_wk1.pdf
    + saved  3_1330_wk2.pdf
    + saved  4_1330_wk3.pdf
    + saved  5_1330_wk4.pdf
    + saved  6_1330_wk5.pdf
    + saved  7_1330_wk6.pdf
    + saved  8_vision.pdf
    + saved  9_music1_2.pdf
    + saved  10_music2.pdf
    + saved  11_music3.pdf
    + saved  12_music4.pdf
    + saved  13_music5.pdf
    + saved  14_music6.pdf
    + saved  15_music7.pdf
    + saved  16_music8.pdf
    + saved  17_brain_nutrition.pdf
    + saved  18_4633_egypitian_art_not_compliant.pdf
    + saved  19_egypt_q_a.pdf
    + saved  20_aging_at_home.pdf
    -> saved: 20 new, 0 skip, 0 dup, 0 fail  (https://www.ccps.uc.edu/academics/olli/resources/handouts.html)
===== [364/646] =====

### CS534 - Oregon State University  (ratings=25.0)
    url: https://web.engr.oregonstate.edu/~tgd/classes/534/index.html
    [found] 15 slide link(s) at reduction 0
    + saved  1_part1.pdf
    + saved  2_part2.pdf
    + saved  3_part3.pdf
    + saved  4_part4.pdf
    + saved  5_part5.pdf
    + saved  6_part6.pdf
    + saved  7_part7.pdf
    + saved  8_part8.pdf
    + saved  9_part9.pdf
    + saved  10_part10.pdf
    + saved  11_part11.pdf
    + saved  12_part12.pdf
    + saved  13_part13.pdf
    + saved  14_bonus.pdf
    + saved  15_part14.pdf
    -> saved: 15 new, 0 skip, 0 dup, 0 fail  (https://web.engr.oregonstate.edu/~tgd/classes/534/index.html)
===== [365/646] =====

### CS5340 - Northeastern University  (ratings=6.0)
    url: https://www.ccs.neu.edu/home/intille/teaching/HCI/Slides/L2Final.pdf
    [found] 1 slide link(s) at reduction 0
    + saved  1_L2Final.pdf
    -> saved: 1 new, 0 skip, 0 dup, 0 fail  (https://www.ccs.neu.edu/home/intille/teaching/HCI/Slides/L2Final.pdf)
===== [366/646] =====

### CS537 - University of Wisconsin-Madison  (ratings=22.0)
    url: https://pages.cs.wisc.edu/~oliphant/cs537-sp24/
    [follow] no slides here; checking 2 sub-page(s)
    [found] 27 slide link(s) at reduction 0
    + saved  1_0_Administration.pdf
    + saved  2_1_Introduction.pdf
    + saved  3_2_Processes.pdf
    + saved  4_3_CPU_Scheduling.pdf
    + saved  5_4_Memory_Introduction.pdf
    + saved  6_5_Segmentation.pdf
    + saved  7_5b_Paging.pdf
    + saved  8_6_TLB.pdf
    + saved  9_7_Smaller_Tables.pdf
    + saved  10_8_Beyond_Physical_Memory.pdf
    + saved  11_9_Advanced_Virtual_Memory.pdf
    + saved  12_11_Threads.pdf
    + saved  13_12_Locks.pdf
    + saved  14_13_Locked_Data_Structures.pdf
    + saved  15_14_Condition_Variables.pdf
    + saved  16_15_Semaphores.pdf
    + saved  17_16_Concurrency_Problems.pdf
    + saved  18_17_Persistence_Intro.pdf
    + saved  19_18_Disks_RAID.pdf
    + saved  20_19_File_System_API.pdf
    + saved  21_20_File_System_Implementation.pdf
    + saved  22_21_FFS.pdf
    + saved  23_22_Journaling.pdf
    + saved  24_23_LFS.pdf
    + saved  25_24_SSD.pdf
    + saved  26_25_Distributed_Systems.pdf
    + saved  27_26_NFS.pdf
    -> saved: 27 new, 0 skip, 0 dup, 0 fail  (https://pages.cs.wisc.edu/~oliphant/cs537-sp24/)
===== [367/646] =====

### CS543 - Drexel University  (ratings=10.0)
    url: https://cci.drexel.edu/SeniorDesign/syllabus.html
    [found] 2 slide link(s) at reduction 0
    + saved  1_RequirementsReview.ppt
    + saved  2_PresentationInstructions_2019-2020.pdf
    -> saved: 2 new, 0 skip, 0 dup, 0 fail  (https://cci.drexel.edu/SeniorDesign/syllabus.html)
===== [368/646] =====

### CS5500 - Northeastern University  (ratings=12.0)
    url: https://www.khoury.northeastern.edu/home/lieber/courses/se-courses/cs5500/sp11/lectures/
    [found] 15 slide link(s) at reduction 0
    + saved  1_02-Design-LawOfDemeter.pdf
    + saved  2_Agile_Software_Development.ppt
    + saved  3_Ehrensberger-Zinn-DiaLog.pdf
    + saved  4_Kurt-LoD.pdf
    ! fail   https://www.khoury.northeastern.edu/home/lieber/courses/se-courses/cs5500/sp11/lectures/L23_UnitTesting_ch11lect1-Modified.ppt  (http 404)
    + saved  6_MSD-sp11-midterm-2.ppt
    + saved  7_PhD_Open_House_2011.ppt
    + saved  8_SCG_Expo.ppt
    + saved  9_SCG_Expo_Poster_PDF_1.pdf
    + saved  10_SCG_intro.ppt
    + saved  11_SCG_layers.ppt
    + saved  12_TALKSchaeferAOSD11_1.pdf
    + saved  13_The_Scientific_Community_Game_Report.ppt
    + saved  14_chpkim-aosd2011-presentation.pptx
    + saved  15_chpkim-aosd2011-presentation_1.ppt
    -> saved: 14 new, 0 skip, 0 dup, 1 fail  (https://www.khoury.northeastern.edu/home/lieber/courses/se-courses/cs5500/sp11/lectures/)
===== [369/646] =====

### CS5523 - University of Texas at San Antonio  (ratings=5.0)
    url: https://www.cs.utsa.edu/~korkmaz/teaching/cs5523/
    [follow] no slides here; checking 6 sub-page(s)
    [found] 3 slide link(s) at reduction 0
    ! fail   https://www.cs.utsa.edu/~korkmaz/teaching/resources-os-grad/aaa-learning-tips.pdf  (http 404)
    ! fail   https://www.cs.utsa.edu/~korkmaz/teaching/resources-os-grad/aaa-learning-tips.pptx  (http 404)
    ! fail   https://www.cs.utsa.edu/~korkmaz/teaching/resources-os-grad/cs5523-midterm1-results.pptx  (http 404)
    [retry] links found but none downloaded; reducing further
    [reduce 1] https://www.cs.utsa.edu/~korkmaz/teaching/
    -> partial: 0 new, 0 skip, 0 dup, 3 fail  (https://www.cs.utsa.edu/~korkmaz/teaching/cs5523/)
===== [370/646] =====

### CS5700 - Northeastern University  (ratings=5.0)
    url: https://cnitarot.github.io/courses/nt_Fall_2017/index.html
    [reduce 1] https://cnitarot.github.io/courses/nt_Fall_2017/
    [follow] no slides here; checking 1 sub-page(s)
    [reduce 2] https://cnitarot.github.io/courses/
    [fetch] status=404
    -> no slides found on any reduced URL
===== [371/646] =====

### CS5770 - Northeastern University  (ratings=28.0)
    url: https://zzm7000.github.io/teaching/2024fallcy5770/index.html
    [found] 15 slide link(s) at reduction 0
    + saved  1_L1_Class_Overview.pdf
    + saved  2_L2_Background_Knowledge.pdf
    + saved  3_L3_Buffer_Overflow_Local_Variables.pdf
    + saved  4_L4_Buffer_Overflow_RET_address.pdf
    + saved  5_L5_Buffer_Overflow_Return_to_Shellcode.pdf
    + saved  6_L6_Buffer_Overflow_Frame_Pointer_Attack.pdf
    + saved  7_L7_Buffer_Overflow_DEP_Shadow_Stack_Stack_Canary.pdf
    + saved  8_L8_ASLR_and_Seccomp.pdf
    + saved  9_L9_Shellcoding.pdf
    + saved  10_L10_Buffer_Overflow_Real-world_Examples.pdf
    + saved  11_L11_Format_String_Memory_Read.pdf
    + saved  12_L12_Format_String_Memory_Write.pdf
    + saved  13_L13_Return-oriented_Programming.pdf
    + saved  14_L14_Heap_Exploitation.pdf
    + saved  15_L15_Cache_and_cache_side-channel.pdf
    -> saved: 15 new, 0 skip, 0 dup, 0 fail  (https://zzm7000.github.io/teaching/2024fallcy5770/index.html)
===== [372/646] =====

### CS5800 - Northeastern University  (ratings=31.0)
    url: https://www.khoury.northeastern.edu/home/vip/teach/Algorithms/html/aboutcs5800_mod.html
    [follow] no slides here; checking 1 sub-page(s)
    [found] 27 slide link(s) at reduction 0
    + saved  1_1.pdf
    + saved  2_podcast_Strassen.pdf
    + saved  3_podcast_matrix_exponent.pdf
    + saved  4_2.pdf
    + saved  5_podcast_Master_Theorem.pdf
    + saved  6_21-linear-recurrences.pdf
    + saved  7_3.pdf
    + saved  8_podcast_heapsort_maxheapify.pdf
    + saved  9_4_sorting.pdf
    + saved  10_greedy.pdf
    + saved  11_DynamicProgramming_A.pdf
    + saved  12_DynamicProgramming_B.pdf
    + saved  13_Lecture_DP2_062421.pdf
    + saved  14_hash_RBtree_slides.pdf
    + saved  15_skiplists.pdf
    + saved  16_AA_intro.pdf
    + saved  17_AA_MTF_1.pdf
    + saved  18_AA_fibonacci-heap.pdf
    ! fail   https://www.khoury.northeastern.edu/home/vip/teach/Algorithms/9_graphsA/slides/graphs1_MST.pdf  (http 404)
    ! fail   https://www.khoury.northeastern.edu/home/vip/teach/Algorithms/10_graphsB/slides/Graphs2_ShortestPaths.pdf  (http 404)
    ! fail   https://www.khoury.northeastern.edu/home/vip/teach/Algorithms/11_graphsC_networks/slides/Graphs3_network_flow.pdf  (http 404)
    ! fail   https://www.khoury.northeastern.edu/home/vip/teach/Algorithms/11_graphsC_networks/slides/Klawitter-push-relabel-short.pdf  (http 404)
    ! fail   https://www.khoury.northeastern.edu/home/vip/teach/Algorithms/11_graphsC_networks/slides/07maxflow-applications.ppt  (http 404)
    ! fail   https://www.khoury.northeastern.edu/home/vip/teach/Algorithms/12_LP_RSA/slides/linear_programming.pdf  (http 404)
    ! fail   https://www.khoury.northeastern.edu/home/vip/teach/Algorithms/12_LP_RSA/slides/IntegerProgramming.pdf  (http 404)
    ! fail   https://www.khoury.northeastern.edu/home/vip/teach/Algorithms/12_LP_RSA/slides/RSA.pdf  (http 404)
    ! fail   https://www.khoury.northeastern.edu/home/vip/teach/Algorithms/13_NP_Approx/slides/NP_approx.pdf  (http 404)
    -> saved: 18 new, 0 skip, 0 dup, 9 fail  (https://www.khoury.northeastern.edu/home/vip/teach/Algorithms/html/aboutcs5800_mod.html)
===== [373/646] =====

### CS600 - East Carolina University  (ratings=13.0)
    url: http://wangshusen.github.io/teaching/CS600A21Fall/index.html
    [reduce 1] http://wangshusen.github.io/teaching/CS600A21Fall/
    [reduce 2] http://wangshusen.github.io/teaching/
    [fetch] status=404
    -> no slides found on any reduced URL
===== [374/646] =====

### CS605 - Bentley University  (ratings=9.0)
    url: https://vulms.vu.edu.pk/Courses/CS605/Downloads/SoftwareEngineeringII.pdf
    [found] 1 slide link(s) at reduction 0
    + saved  1_SoftwareEngineeringII.pdf
    -> saved: 1 new, 0 skip, 0 dup, 0 fail  (https://vulms.vu.edu.pk/Courses/CS605/Downloads/SoftwareEngineeringII.pdf)
===== [375/646] =====

### CS61000 - Massachusetts Institute of Technology  (ratings=6.0)
    url: https://introcomp.mit.edu/fall25
    [found] 24 slide link(s) at reduction 0
    + saved  1_lec01-slides.pdf
    + saved  2_lec02-slides.pdf
    + saved  3_lec03-slides.pdf
    + saved  4_lec04-slides.pdf
    + saved  5_lec05-slides.pdf
    + saved  6_lec06-slides.pdf
    + saved  7_lec07-slides.pdf
    + saved  8_lec08-slides.pdf
    + saved  9_lec09-slides.pdf
    + saved  10_lec11-slides.pdf
    + saved  11_lec12-slides.pdf
    + saved  12_lec13-slides.pdf
    + saved  13_lec14-slides.pdf
    + saved  14_lec15-slides.pdf
    + saved  15_lec16-slides.pdf
    + saved  16_lec17-slides.pdf
    + saved  17_lec18-slides.pdf
    + saved  18_lec20-slides.pdf
    + saved  19_lec21-slides.pdf
    + saved  20_lec22-slides.pdf
    + saved  21_lec23-slides.pdf
    + saved  22_lec24-slides.pdf
    + saved  23_lec25-slides.pdf
    + saved  24_lec26-slides.pdf
    -> saved: 24 new, 0 skip, 0 dup, 0 fail  (https://introcomp.mit.edu/fall25)
===== [376/646] =====

### CS6220 - Georgia Institute of Technology  (ratings=16.0)
    url: https://faculty.cc.gatech.edu/~lingliu/courses/cs6220/2020
    [reduce 1] https://faculty.cc.gatech.edu/~lingliu/courses/cs6220/
    [reduce 2] https://faculty.cc.gatech.edu/~lingliu/courses/
    [fetch] status=403
    -> no slides found on any reduced URL
===== [377/646] =====

### CS6301 - University of Texas at Dallas  (ratings=8.0)
    url: https://labs.utdallas.edu/irvl/courses/fall-2024-cs-6301/
    [found] 50 slide link(s) at reduction 0
    + saved  1_CS_6301_Project_Presentation_and_Final_Report_Fall_2024.pdf
    + saved  2_lecture_01_introduction.pdf
    + saved  3_lecture_02_configuration_space.pdf
    + saved  4_lecture_03_task_space_workspace_ros.pdf
    + saved  5_lecture_04_course_project.pdf
    + saved  6_lecture_05_rigid_body_motions_rotation_matrices.pdf
    + saved  7_lecture_06_angular_velocities_exponential_coordinates.pdf
    + saved  8_lecture_07_matrix_logarithm_homogeneous_transformation.pdf
    + saved  9_lecture_08_homogenous_transformations_twists.pdf
    + saved  10_lecture_09_twists_screw_axes.pdf
    + saved  11_lecture_10_screw_axes_exponential_coordinates.pdf
    + saved  12_lecture_11_forward_kinematics_DH.pdf
    + saved  13_lecture_12_forward_kinematics_poe.pdf
    + saved  14_lecture_13_poe_urdf.pdf
    + saved  15_lecture_14_velocity_kinematics_1.pdf
    + saved  16_lecture_15_velocity_kinematics_2.pdf
    + saved  17_lecture_16_grasp_planning.pdf
    + saved  18_lecture_17_ros_navigation.pdf
    + saved  19_lecture_18_inverse_kinematics.pdf
    + saved  20_lecture_19_dynamics_single_rigid_body.pdf
    + saved  21_lecture_20_dynamics_single_rigid_body_2.pdf
    + saved  22_lecture_21_dynamics_open_chain.pdf
    + saved  23_lecture_22_motion_planning_overview.pdf
    + saved  24_lecture_23_motion_planning_algorithms.pdf
    + saved  25_lecture_24_motion_control_velocity.pdf
    + saved  26_lecture_25_motion_force_control.pdf
    + saved  27_UTDallas_Guest_Lecture_kdesingh.pdf
    + saved  28_project_group_1.pdf
    + saved  29_project_group_4.pdf
    + saved  30_project_group_5.pdf
    + saved  31_project_group_6.pdf
    + saved  32_project_group_7.pdf
    + saved  33_project_group_8.pdf
    + saved  34_project_group_9.pdf
    + saved  35_project_group_10.pdf
    + saved  36_project_group_11.pdf
    + saved  37_project_group_12.pdf
    + saved  38_project_group_13.pdf
    + saved  39_project_group_14.pdf
    + saved  40_project_group_15.pdf
    + saved  41_project_group_16.pdf
    + saved  42_project_group_17.pdf
    + saved  43_project_group_18.pdf
    + saved  44_project_group_19.pdf
    + saved  45_project_group_20.pdf
    + saved  46_project_group_21.pdf
    + saved  47_project_group_22.pdf
    + saved  48_project_group_23.pdf
    + saved  49_project_group_24.pdf
    + saved  50_project_group_25.pdf
    -> saved: 50 new, 0 skip, 0 dup, 0 fail  (https://labs.utdallas.edu/irvl/courses/fall-2024-cs-6301/)
===== [378/646] =====

### CS6301UID - University of Texas at Dallas  (ratings=6.0)
    url: https://labs.utdallas.edu/irvl/courses/fall-2024-cs-6301/
    [found] 50 slide link(s) at reduction 0
    + saved  1_CS_6301_Project_Presentation_and_Final_Report_Fall_2024.pdf
    + saved  2_lecture_01_introduction.pdf
    + saved  3_lecture_02_configuration_space.pdf
    + saved  4_lecture_03_task_space_workspace_ros.pdf
    + saved  5_lecture_04_course_project.pdf
    + saved  6_lecture_05_rigid_body_motions_rotation_matrices.pdf
    + saved  7_lecture_06_angular_velocities_exponential_coordinates.pdf
    + saved  8_lecture_07_matrix_logarithm_homogeneous_transformation.pdf
    + saved  9_lecture_08_homogenous_transformations_twists.pdf
    + saved  10_lecture_09_twists_screw_axes.pdf
    + saved  11_lecture_10_screw_axes_exponential_coordinates.pdf
    + saved  12_lecture_11_forward_kinematics_DH.pdf
    + saved  13_lecture_12_forward_kinematics_poe.pdf
    + saved  14_lecture_13_poe_urdf.pdf
    + saved  15_lecture_14_velocity_kinematics_1.pdf
    + saved  16_lecture_15_velocity_kinematics_2.pdf
    + saved  17_lecture_16_grasp_planning.pdf
    + saved  18_lecture_17_ros_navigation.pdf
    + saved  19_lecture_18_inverse_kinematics.pdf
    + saved  20_lecture_19_dynamics_single_rigid_body.pdf
    + saved  21_lecture_20_dynamics_single_rigid_body_2.pdf
    + saved  22_lecture_21_dynamics_open_chain.pdf
    + saved  23_lecture_22_motion_planning_overview.pdf
    + saved  24_lecture_23_motion_planning_algorithms.pdf
    + saved  25_lecture_24_motion_control_velocity.pdf
    + saved  26_lecture_25_motion_force_control.pdf
    + saved  27_UTDallas_Guest_Lecture_kdesingh.pdf
    + saved  28_project_group_1.pdf
    + saved  29_project_group_4.pdf
    + saved  30_project_group_5.pdf
    + saved  31_project_group_6.pdf
    + saved  32_project_group_7.pdf
    + saved  33_project_group_8.pdf
    + saved  34_project_group_9.pdf
    + saved  35_project_group_10.pdf
    + saved  36_project_group_11.pdf
    + saved  37_project_group_12.pdf
    + saved  38_project_group_13.pdf
    + saved  39_project_group_14.pdf
    + saved  40_project_group_15.pdf
    + saved  41_project_group_16.pdf
    + saved  42_project_group_17.pdf
    + saved  43_project_group_18.pdf
    + saved  44_project_group_19.pdf
    + saved  45_project_group_20.pdf
    + saved  46_project_group_21.pdf
    + saved  47_project_group_22.pdf
    + saved  48_project_group_23.pdf
    + saved  49_project_group_24.pdf
    + saved  50_project_group_25.pdf
    -> saved: 50 new, 0 skip, 0 dup, 0 fail  (https://labs.utdallas.edu/irvl/courses/fall-2024-cs-6301/)
===== [379/646] =====

### CS6360 - University of Texas at Dallas  (ratings=10.0)
    url: https://utdallas.edu/~muratk/courses/db08.htm
    [found] 18 slide link(s) at reduction 0
    ! fail   http://www.cs.wisc.edu/%7Edbbook/openAccess/thirdEdition/slides/slides3ed-english/Ch1_Intro.pdf  (empty body)
    ! fail   http://www.cs.wisc.edu/%7Edbbook/openAccess/thirdEdition/slides/slides3ed-english/Ch2_ER.pdf  (empty body)
    ! fail   http://www.cs.wisc.edu/%7Edbbook/openAccess/thirdEdition/slides/slides3ed-english/Ch3_Rel_Model.pdf  (empty body)
    ! fail   http://www.cs.wisc.edu/%7Edbbook/openAccess/thirdEdition/slides/slides3ed-english/Ch4_Algebra.pdf  (empty body)
    ! fail   http://www.cs.wisc.edu/%7Edbbook/openAccess/thirdEdition/slides/slides3ed-english/Ch5_SQL.pdf  (empty body)
    ! fail   http://www.cs.wisc.edu/%7Edbbook/openAccess/thirdEdition/slides/slides3ed-english/Ch8_Storage_Indexing_Overview.pdf  (empty body)
    + saved  7_Ch10_Tree_Index.pdf
    ! fail   http://www.cs.wisc.edu/%7Edbbook/openAccess/thirdEdition/slides/slides3ed-english/Ch13_ExtSort.pdf  (empty body)
    ! fail   http://www.cs.wisc.edu/%7Edbbook/openAccess/thirdEdition/slides/slides3ed-english/Ch14a_Opimple_Joins.pdf  (empty body)
    ! fail   http://www.cs.wisc.edu/%7Edbbook/openAccess/thirdEdition/slides/slides3ed-english/Ch14b_Opimpl_Other.pdf  (empty body)
    ! fail   http://www.cs.wisc.edu/%7Edbbook/openAccess/thirdEdition/slides/slides3ed-english/Ch15_QOpt.pdf  (empty body)
    + saved  12_Ch16_Overview_Xacts.pdf
    ! fail   http://www.cs.wisc.edu/%7Edbbook/openAccess/thirdEdition/slides/slides3ed-english/Ch17_CC-95.pdf  (empty body)
    ! fail   http://www.cs.wisc.edu/%7Edbbook/openAccess/thirdEdition/slides/slides3ed-english/Ch18_Recovery-95.pdf  (empty body)
    ! fail   https://utdallas.edu/~muratk/courses/db08files/serializable-defs.pdf  (<urlopen error [SSL: CERTIFICATE_VERIFY_FAILED] certificate verify failed: unable to get local issuer certificate (_ssl.c:1000)>)
    ! fail   http://www.cs.wisc.edu/%7Edbbook/openAccess/thirdEdition/slides/slides3ed-english/Ch19_FDs-95.pdf  (empty body)
    ! fail   http://codex.cs.yale.edu/avi/db-book/slide-dir/ch7.ppt  (http 404)
    ! fail   http://www.cs.wisc.edu/%7Edbbook/openAccess/thirdEdition/slides/slides3ed-english/Ch21_Security-95.pdf  (empty body)
    -> saved: 2 new, 0 skip, 0 dup, 16 fail  (https://utdallas.edu/~muratk/courses/db08.htm)
===== [380/646] =====

### CS6375 - University of Texas at Dallas  (ratings=34.0)
    url: https://www.utdallas.edu/~nicholas.ruozzi/cs6375/2022sp/
    [found] 21 slide link(s) at reduction 0
    ! fail   https://www.utdallas.edu/~nicholas.ruozzi/cs6375/2022sp/lects/Lecture_1_Intro.pdf  (<urlopen error [SSL: CERTIFICATE_VERIFY_FAILED] certificate verify failed: unable to get local issuer certificate (_ssl.c:1000)>)
    ! fail   https://www.utdallas.edu/~nicholas.ruozzi/cs6375/2022sp/lects/Lecture_2_Perceptron.pdf  (<urlopen error [SSL: CERTIFICATE_VERIFY_FAILED] certificate verify failed: unable to get local issuer certificate (_ssl.c:1000)>)
    ! fail   https://www.utdallas.edu/~nicholas.ruozzi/cs6375/2022sp/lects/Lecture_3_SVM.pdf  (<urlopen error [SSL: CERTIFICATE_VERIFY_FAILED] certificate verify failed: unable to get local issuer certificate (_ssl.c:1000)>)
    ! fail   https://www.utdallas.edu/~nicholas.ruozzi/cs6375/2022sp/lects/Lecture_4_LM_and_Kernel.pdf  (<urlopen error [SSL: CERTIFICATE_VERIFY_FAILED] certificate verify failed: unable to get local issuer certificate (_ssl.c:1000)>)
    ! fail   https://www.utdallas.edu/~nicholas.ruozzi/cs6375/2022sp/lects/Lecture_5_SVMs_Slack.pdf  (<urlopen error [SSL: CERTIFICATE_VERIFY_FAILED] certificate verify failed: unable to get local issuer certificate (_ssl.c:1000)>)
    ! fail   https://www.utdallas.edu/~nicholas.ruozzi/cs6375/2022sp/lects/Lecture_6_Decision.pdf  (<urlopen error [SSL: CERTIFICATE_VERIFY_FAILED] certificate verify failed: unable to get local issuer certificate (_ssl.c:1000)>)
    ! fail   https://www.utdallas.edu/~nicholas.ruozzi/cs6375/2022sp/lects/Lecture_7_kNN.pdf  (<urlopen error [SSL: CERTIFICATE_VERIFY_FAILED] certificate verify failed: unable to get local issuer certificate (_ssl.c:1000)>)
    ! fail   https://www.utdallas.edu/~nicholas.ruozzi/cs6375/2022sp/lects/Lecture_8_CLT.pdf  (<urlopen error [SSL: CERTIFICATE_VERIFY_FAILED] certificate verify failed: unable to get local issuer certificate (_ssl.c:1000)>)
    ! fail   https://www.utdallas.edu/~nicholas.ruozzi/cs6375/2022sp/lects/Lecture_9_VC.pdf  (<urlopen error [SSL: CERTIFICATE_VERIFY_FAILED] certificate verify failed: unable to get local issuer certificate (_ssl.c:1000)>)
    ! fail   https://www.utdallas.edu/~nicholas.ruozzi/cs6375/2022sp/lects/Lecture_10_Ensemble.pdf  (<urlopen error [SSL: CERTIFICATE_VERIFY_FAILED] certificate verify failed: unable to get local issuer certificate (_ssl.c:1000)>)
    ! fail   https://www.utdallas.edu/~nicholas.ruozzi/cs6375/2022sp/lects/Lecture_11_Boosting.pdf  (<urlopen error [SSL: CERTIFICATE_VERIFY_FAILED] certificate verify failed: unable to get local issuer certificate (_ssl.c:1000)>)
    ! fail   https://www.utdallas.edu/~nicholas.ruozzi/cs6375/2022sp/lects/Lecture_12_Clustering.pdf  (<urlopen error [SSL: CERTIFICATE_VERIFY_FAILED] certificate verify failed: unable to get local issuer certificate (_ssl.c:1000)>)
    ! fail   https://www.utdallas.edu/~nicholas.ruozzi/cs6375/2022sp/lects/Lecture_13_PCA.pdf  (<urlopen error [SSL: CERTIFICATE_VERIFY_FAILED] certificate verify failed: unable to get local issuer certificate (_ssl.c:1000)>)
    ! fail   https://www.utdallas.edu/~nicholas.ruozzi/cs6375/2022sp/lects/Lecture_14_Bayes.pdf  (<urlopen error [SSL: CERTIFICATE_VERIFY_FAILED] certificate verify failed: unable to get local issuer certificate (_ssl.c:1000)>)
    ! fail   https://www.utdallas.edu/~nicholas.ruozzi/cs6375/2022sp/lects/Lecture_15_NaiveBayes.pdf  (<urlopen error [SSL: CERTIFICATE_VERIFY_FAILED] certificate verify failed: unable to get local issuer certificate (_ssl.c:1000)>)
    ! fail   https://www.utdallas.edu/~nicholas.ruozzi/cs6375/2022sp/lects/Lecture_16_Logistic.pdf  (<urlopen error [SSL: CERTIFICATE_VERIFY_FAILED] certificate verify failed: unable to get local issuer certificate (_ssl.c:1000)>)
    ! fail   https://www.utdallas.edu/~nicholas.ruozzi/cs6375/2022sp/lects/Lecture_17_GMM.pdf  (<urlopen error [SSL: CERTIFICATE_VERIFY_FAILED] certificate verify failed: unable to get local issuer certificate (_ssl.c:1000)>)
    ! fail   https://www.utdallas.edu/~nicholas.ruozzi/cs6375/2022sp/lects/Lecture_18_NN.pdf  (<urlopen error [SSL: CERTIFICATE_VERIFY_FAILED] certificate verify failed: unable to get local issuer certificate (_ssl.c:1000)>)
    ! fail   http://neuralnetworksanddeeplearning.com/chap1.html  (not a recognized HTML slideshow)
    ! fail   https://www.utdallas.edu/~nicholas.ruozzi/cs6375/2022sp/lects/Lecture_19_RL.pdf  (<urlopen error [SSL: CERTIFICATE_VERIFY_FAILED] certificate verify failed: unable to get local issuer certificate (_ssl.c:1000)>)
    ! fail   http://neuralnetworksanddeeplearning.com/chap3.html  (not a recognized HTML slideshow)
    [retry] links found but none downloaded; reducing further
    [reduce 1] https://www.utdallas.edu/~nicholas.ruozzi/cs6375/
    -> partial: 0 new, 0 skip, 0 dup, 21 fail  (https://www.utdallas.edu/~nicholas.ruozzi/cs6375/2022sp/)
===== [381/646] =====

### CS64 - University of California, Santa Barbara  (ratings=16.0)
    url: https://github.com/ucsb-cs64-f18/ucsb-cs64-f18.github.io/tree/master/_lectures
    [found] 16 slide link(s) at reduction 0
    + saved  1_CS64_Lecture01.pdf
    + saved  2_CS64_Lecture02.pdf
    + saved  3_CS64_Lecture03.pdf
    + saved  4_CS64_Lecture04.pdf
    + saved  5_CS64_Lecture05.pdf
    + saved  6_CS64_Lecture06.pdf
    + saved  7_CS64_Lecture07.pdf
    + saved  8_CS64_Lecture08.pdf
    + saved  9_CS64_Lecture09.pdf
    + saved  10_CS64_Lecture10.pdf
    + saved  11_CS64_Lecture11.pdf
    + saved  12_CS64_Lecture12.pdf
    + saved  13_CS64_Lecture13.pdf
    + saved  14_CS64_Lecture14.pdf
    + saved  15_CS64_Lecture15.pdf
    + saved  16_CS64_Lecture16.pdf
    -> saved: 16 new, 0 skip, 0 dup, 0 fail  (https://github.com/ucsb-cs64-f18/ucsb-cs64-f18.github.io/tree/master/_lectures)
===== [382/646] =====

### CS6476 - Georgia Institute of Technology  (ratings=6.0)
    url: https://dellaert.github.io/20F-6476/syllabus.html
    [follow] no slides here; checking 2 sub-page(s)
    [found] 38 slide link(s) at reduction 0
    + saved  1_S01-Logistics.pptx
    + saved  2_S01-Logistics.pdf
    + saved  3_S02-Introduction.pptx
    + saved  4_S02-Introduction.pdf
    + saved  5_S03-Geometry.pptx
    + saved  6_S03-Geometry.pdf
    + saved  7_S04-Photometry.pptx
    + saved  8_S04-Photometry.pdf
    ! fail   https://dellaert.github.io/20F-6476/Slides/.pptx  (http 404)
    ! fail   https://dellaert.github.io/20F-6476/Slides/.pdf  (http 404)
    + saved  11_S05-Image-Processing.pptx
    + saved  12_S05-Image-Processing.pdf
    + saved  13_S06-Deep-Learning.pptx
    + saved  14_S06-Deep-Learning.pdf
    + saved  15_S07-Learning-CNNs.pptx
    + saved  16_S07-Learning-CNNs.pdf
    + saved  17_S08-Recognition.pptx
    + saved  18_S08-Recognition.pdf
    + saved  19_S09-Deep-Object-Recognition.pptx
    + saved  20_S09-Deep-Object-Recognition.pdf
    + saved  21_S10-Detection.pptx
    + saved  22_S10-Detection.pdf
    + saved  23_S11-Descriptors-Matching.pptx
    + saved  24_S11-Descriptors-Matching.pdf
    + saved  25_S12-Alignment.pptx
    + saved  26_S12-Alignment.pdf
    ! fail   https://dellaert.github.io/20F-6476/Slides/S13-Motion.pptx  (http 404)
    + saved  28_S13-Motion.pdf
    + saved  29_S14-SFM.pptx
    + saved  30_S14-SFM.pdf
    + saved  31_S15-SFM-2.pptx
    + saved  32_S15-SFM-2.pdf
    + saved  33_S16-Dense-Stereo.pptx
    + saved  34_S16-Dense-Stereo.pdf
    + saved  35_S17-Deep-Stereo.pptx
    + saved  36_S17-Deep-Stereo.pdf
    + saved  37_S18-Segmentation.pptx
    + saved  38_S18-Segmentation.pdf
    -> saved: 35 new, 0 skip, 0 dup, 3 fail  (https://dellaert.github.io/20F-6476/syllabus.html)
===== [383/646] =====

### CS65 - Drake University  (ratings=16.0)
    url: https://analytics.drake.edu/~klinge/teaching/2020s/cs65-1/slides/2020-03-24-design-techniques/
    [fetch] status=403
    [reduce 1] https://analytics.drake.edu/~klinge/teaching/2020s/cs65-1/slides/
    [fetch] status=403
    [reduce 2] https://analytics.drake.edu/~klinge/teaching/2020s/cs65-1/
    [fetch] status=403
    [reduce 3] https://analytics.drake.edu/~klinge/teaching/2020s/
    [fetch] status=403
    [reduce 4] https://analytics.drake.edu/~klinge/teaching/
    [fetch] status=403
    -> no slides found on any reduced URL
===== [384/646] =====

### CS66 - Drake University  (ratings=5.0)
    url: https://analytics.drake.edu/~manley/CS66/Spring2023/syllabus
    [follow] no slides here; checking 1 sub-page(s)
    [reduce 1] https://analytics.drake.edu/~manley/CS66/Spring2023/
    [follow] no slides here; checking 1 sub-page(s)
    [reduce 2] https://analytics.drake.edu/~manley/CS66/
    -> no slides found on any reduced URL
===== [385/646] =====

### CS6601 - Georgia Institute of Technology  (ratings=8.0)
    url: https://coursedocs.readthedocs.io/en/latest/gatech/cs6601
    [found] 2 slide link(s) at reduction 0
    ! fail   https://coursedocs.readthedocs.io/en/latest/cs8803-O08/chapter1.html  (not a recognized HTML slideshow)
    ! fail   https://coursedocs.readthedocs.io/en/latest/cs8803-O08/chapter2.html  (not a recognized HTML slideshow)
    [retry] links found but none downloaded; reducing further
    [reduce 1] https://coursedocs.readthedocs.io/en/latest/gatech/
    [found] 2 slide link(s) at reduction 1
    ! fail   https://coursedocs.readthedocs.io/en/latest/gatech/cs8803-O08/chapter1.html  (not a recognized HTML slideshow)
    ! fail   https://coursedocs.readthedocs.io/en/latest/gatech/cs8803-O08/chapter2.html  (not a recognized HTML slideshow)
    [retry] links found but none downloaded; reducing further
    [reduce 2] https://coursedocs.readthedocs.io/en/latest/
    [found] 2 slide link(s) at reduction 2
    ! fail   https://coursedocs.readthedocs.io/en/latest/gatech/cs8803-O08/chapter1.html  (not a recognized HTML slideshow)
    ! fail   https://coursedocs.readthedocs.io/en/latest/gatech/cs8803-O08/chapter2.html  (not a recognized HTML slideshow)
    [retry] links found but none downloaded; reducing further
    [reduce 3] https://coursedocs.readthedocs.io/en/
    [found] 2 slide link(s) at reduction 3
    ! fail   https://coursedocs.readthedocs.io/en/gatech/cs8803-O08/chapter1.html  (not a recognized HTML slideshow)
    ! fail   https://coursedocs.readthedocs.io/en/gatech/cs8803-O08/chapter2.html  (not a recognized HTML slideshow)
    [retry] links found but none downloaded; reducing further
    -> partial: 0 new, 0 skip, 0 dup, 2 fail  (https://coursedocs.readthedocs.io/en/latest/gatech/cs6601)
===== [386/646] =====

### CS6750 - Georgia Institute of Technology  (ratings=12.0)
    url: https://sites.cc.gatech.edu/computing/classes/AY2010/cs6750_fall/
    [found] 23 slide link(s) at reduction 0
    + saved  1_1-intro.ppt
    + saved  2_2-history.ppt
    + saved  3_3-ucd.ppt
    + saved  4_4-usability.ppt
    + saved  5_5-human.ppt
    + saved  6_6-human2.ppt
    + saved  7_7-task.ppt
    + saved  8_9-DOET.ppt
    + saved  9_10-tao.ppt
    + saved  10_11-design.ppt
    + saved  11_12-InteractionStyles.ppt
    + saved  12_14-errors.ppt
    + saved  13_15-prototyping.ppt
    + saved  14_18-eval_intro.ppt
    + saved  15_19-eval2.ppt
    + saved  16_20-eval3.ppt
    + saved  17_16-modeling1.ppt
    + saved  18_17-modeling2.ppt
    + saved  19_23-at.ppt
    + saved  20_24-web.ppt
    + saved  21_21-pen.ppt
    + saved  22_22-speech.ppt
    + saved  23_25-ubicomp.ppt
    -> saved: 23 new, 0 skip, 0 dup, 0 fail  (https://sites.cc.gatech.edu/computing/classes/AY2010/cs6750_fall/)
===== [387/646] =====

### CS680 - University of Waterloo  (ratings=6.0)
    url: https://cs.uwaterloo.ca/~ppoupart/teaching/cs480-fall20/
    [follow] no slides here; checking 2 sub-page(s)
    [found] 24 slide link(s) at reduction 0
    + saved  1_cs480-lecture1.pdf
    + saved  2_cs480-lecture2.pdf
    + saved  3_cs480-lecture3.pdf
    + saved  4_Notation_Reference_Sheet.pdf
    + saved  5_cs480-lecture4.pdf
    + saved  6_cs480-lecture5.pdf
    + saved  7_cs480-lecture7.pdf
    + saved  8_cs480-lecture8.pdf
    + saved  9_cs480-lecture9.pdf
    + saved  10_cs480-lecture10.pdf
    + saved  11_cs480-lecture11.pdf
    + saved  12_cs480-lecture12.pdf
    + saved  13_cs480-lecture13.pdf
    + saved  14_cs480-lecture14.pdf
    + saved  15_cs480-lecture15.pdf
    + saved  16_cs480-lecture16.pdf
    + saved  17_cs480-lecture17.pdf
    + saved  18_cs480-lecture18.pdf
    + saved  19_cs480-lecture19.pdf
    + saved  20_cs480-lecture20.pdf
    + saved  21_cs480-lecture21.pdf
    + saved  22_cs480-lecture23.pdf
    + saved  23_cs480-lecture22.pdf
    + saved  24_cs480-lecture24.pdf
    -> saved: 24 new, 0 skip, 0 dup, 0 fail  (https://cs.uwaterloo.ca/~ppoupart/teaching/cs480-fall20/)
===== [388/646] =====

### CS6810 - University of Utah  (ratings=7.0)
    url: https://users.cs.utah.edu/~rajeev/cs6810/
    [found] 28 slide link(s) at reduction 0
    + saved  1_22-6810-01.pptx
    + saved  2_22-6810-02.pptx
    + saved  3_22-6810-03.pptx
    + saved  4_22-6810-04.pptx
    + saved  5_22-6810-05.pptx
    + saved  6_22-6810-06.pptx
    + saved  7_22-6810-07.pptx
    + saved  8_22-6810-08.pptx
    + saved  9_22-6810-09.pptx
    + saved  10_22-6810-10.pptx
    + saved  11_22-6810-11.pptx
    + saved  12_22-6810-12.pptx
    + saved  13_22-6810-13.pptx
    + saved  14_22-6810-14.pptx
    + saved  15_22-6810-15.pptx
    + saved  16_22-6810-16.pptx
    + saved  17_22-6810-17.pptx
    + saved  18_22-6810-18.pptx
    + saved  19_22-6810-19.pptx
    + saved  20_22-6810-20.pptx
    + saved  21_22-6810-21.pptx
    + saved  22_22-6810-22.pptx
    + saved  23_22-6810-23.pptx
    + saved  24_22-6810-24.pptx
    + saved  25_22-6810-25.pptx
    + saved  26_22-6810-26.pptx
    + saved  27_21-6810-27.pptx
    + saved  28_22-6810-28.pptx
    -> saved: 28 new, 0 skip, 0 dup, 0 fail  (https://users.cs.utah.edu/~rajeev/cs6810/)
===== [389/646] =====

### CS7140 - Northeastern University  (ratings=8.0)
    url: https://www.khoury.northeastern.edu/home/radivojac/classes/2024fallcs6140/
    [found] 22 slide link(s) at reduction 0
    + saved  1_cs6140slides-kernelsvm.pdf
    + saved  2_cs6140slides-pca.pdf
    + saved  3_cs6140slides-svm.pdf
    + saved  4_cs6140slides-committee.pdf
    + saved  5_cs6140slides-evaluation.pdf
    + saved  6_cs6140slides-dnn.pdf
    + saved  7_cs6140slides-nn.pdf
    + saved  8_cs6140slides-preprocessing.pdf
    + saved  9_cs6140slides-trees.pdf
    + saved  10_cs6140slides-glm.pdf
    + saved  11_cs6140slides-logisticregression.pdf
    + saved  12_cs6140slides-optimization.pdf
    + saved  13_cs6140slides-perceptron.pdf
    + saved  14_cs6140slides-miniproject.pdf
    + saved  15_cs6140slides-linearregression.pdf
    + saved  16_cs6140slides-linearregressionnonlinear.pdf
    + saved  17_cs6140slides-clustering.pdf
    + saved  18_cs6140slides-prediction.pdf
    + saved  19_cs6140slides-randomvariables.pdf
    + saved  20_cs6140slides-estimation.pdf
    + saved  21_cs6140slides-introduction.pdf
    + saved  22_cs6140slides-probability.pdf
    -> saved: 22 new, 0 skip, 0 dup, 0 fail  (https://www.khoury.northeastern.edu/home/radivojac/classes/2024fallcs6140/)
===== [390/646] =====

### CS7637 - Georgia Institute of Technology  (ratings=5.0)
    url: https://github.com/parthi2929/gt_cs7637/tree/master/Slides
    [found] 12 slide link(s) at reduction 0
    + saved  1_01_-_Introduction_to_KBAI.pptx
    + saved  2_02_-_Introduction_to_CS7637.pptx
    + saved  3_03_-_Semantic_Networks.pptx
    + saved  4_04_-_Generate_and_Test.pptx
    + saved  5_05_-_Means-End_Analysis.pptx
    + saved  6_06_-_ProductionSystems.pptx
    + saved  7_07_-_Frames.pptx
    + saved  8_08_-_Learning_By_Recording_Cases.pptx
    + saved  9_09_-_Case-Based_Reasoning.pptx
    + saved  10_17_-_Explanation-Based_Learning.pptx
    + saved  11_18_-_Analogical_Reasoning.pptx
    + saved  12_19_-_Version_Spaces.pptx
    -> saved: 12 new, 0 skip, 0 dup, 0 fail  (https://github.com/parthi2929/gt_cs7637/tree/master/Slides)
===== [391/646] =====

### CS7643 - Georgia Institute of Technology  (ratings=12.0)
    url: https://faculty.cc.gatech.edu/~zk15/teaching/AY2025_cs7643_spring/index.html
    [found] 29 slide link(s) at reduction 0
    + saved  1_L1_intro.pdf
    + saved  2_L2_LinearClassifiers.pdf
    + saved  3_L3_LinearClassifiers_GradientDescent.pdf
    + saved  4_L4_GradientDescent_NNs.pdf
    + saved  5_L5_NNs_Backprop_LinearAlgebraView.pdf
    + saved  6_L6_Jacobians_AutoDiff.pdf
    + saved  7_L6_Jacobians_AutoDiff_Annotated.pdf
    + saved  8_L7_Optimization.pdf
    + saved  9_L8_Optimization_Conv.pdf
    + saved  10_L9_Conv_Backprop.pdf
    + saved  11_L10_Pooling_CNNs.pdf
    + saved  12_L11_CNNs_Regularization_TransferLearning.pdf
    + saved  13_L12_RNNs_LSTMs.pdf
    + saved  14_L13_Attention_Transformers.pdf
    + saved  15_L14_Transformers_VisionTransformers.pdf
    + saved  16_L15_AdvancedArchs.pdf
    + saved  17_L16_GenerativeModels1.pdf
    + saved  18_L17_GenerativeModels2.pdf
    + saved  19_L18_GenerativeModels3_VAEs.pdf
    + saved  20_L19_LLMGuestLecture.pdf
    + saved  21_L20_DeepDenoisingModelsForVisualRepresentationLearning.pdf
    + saved  22_L21_LLM_Agents_Hao_Zhu.pdf
    + saved  23_L22_RL1.pdf
    + saved  24_RLbook2018.pdf
    + saved  25_L23_RL2.pdf
    + saved  26_L24_RL3.pdf
    + saved  27_L25_Charlie_Snell_Scaling_TestTime_Compute.pdf
    ! fail   https://faculty.cc.gatech.edu/~zk15/teaching/AY2025_cs7643_spring/assets/L26_VisionLanguageModels.pdf  (http 404)
    + saved  29_L27_Wrapup.pdf
    -> saved: 28 new, 0 skip, 0 dup, 1 fail  (https://faculty.cc.gatech.edu/~zk15/teaching/AY2025_cs7643_spring/index.html)
===== [392/646] =====

### CS8803 - Georgia Institute of Technology  (ratings=5.0)
    url: https://faculty.cc.gatech.edu/~jarulraj/courses/8803-f19
    [reduce 1] https://faculty.cc.gatech.edu/~jarulraj/courses/
    [fetch] status=403
    -> no slides found on any reduced URL
===== [393/646] =====

### CSC005 - Hofstra University  (ratings=42.0)
    url: https://cs.hofstra.edu/~cscvjc/Fall06/
    [found] 78 slide link(s) at reduction 0
    ! fail   https://cs.hofstra.edu/~cscvjc/Fall06/Slides/Sess01/CSC005_Sess_01.html  (not a recognized HTML slideshow)
    + saved  2_CSC005_Sess_01.ppt
    + saved  3_CSC005_Sess_01.pdf
    ! fail   https://cs.hofstra.edu/~cscvjc/Fall06/Slides/Sess02/CSC005_Sess_02.html  (not a recognized HTML slideshow)
    + saved  5_CSC005_Sess_02.ppt
    + saved  6_CSC005_Sess_02.pdf
    ! fail   https://cs.hofstra.edu/~cscvjc/Fall06/Slides/Sess03/CSC005_Sess_03a.html  (not a recognized HTML slideshow)
    ! fail   https://cs.hofstra.edu/~cscvjc/Fall06/Slides/Sess03/CSC005_Sess_03a.ppt  (http 404)
    ! fail   https://cs.hofstra.edu/~cscvjc/Fall06/Slides/Sess03/CSC005_Sess_03a.pdf  (http 404)
    ! fail   https://cs.hofstra.edu/~cscvjc/Fall06/Slides/Sess04/CSC005_Sess_03b.html  (not a recognized HTML slideshow)
    ! fail   https://cs.hofstra.edu/~cscvjc/Fall06/Slides/Sess04/CSC005_Sess_03b.ppt  (http 404)
    ! fail   https://cs.hofstra.edu/~cscvjc/Fall06/Slides/Sess04/CSC005_Sess_03b.pdf  (http 404)
    ! fail   https://cs.hofstra.edu/~cscvjc/Fall06/Slides/Sess05/CSC005_Sess_05.html  (not a recognized HTML slideshow)
    + saved  14_CSC005_Sess_05.ppt
    + saved  15_CSC005_Sess_05.pdf
    ! fail   https://cs.hofstra.edu/~cscvjc/Fall06/Slides/Sess06/CSC005_Sess_06.html  (not a recognized HTML slideshow)
    + saved  17_CSC005_Sess_06.ppt
    + saved  18_CSC005_Sess_06.pdf
    ! fail   https://cs.hofstra.edu/~cscvjc/Fall06/Slides/Sess07/CSC005_Sess_07.html  (not a recognized HTML slideshow)
    + saved  20_CSC005_Sess_07.ppt
    + saved  21_CSC005_Sess_07.pdf
    ! fail   https://cs.hofstra.edu/~cscvjc/Fall06/Slides/Sess08/CSC005_Sess_08.html  (not a recognized HTML slideshow)
    + saved  23_CSC005_Sess_08.ppt
    + saved  24_CSC005_Sess_08.pdf
    ! fail   https://cs.hofstra.edu/~cscvjc/Fall06/Slides/Sess09/CSC005_Sess_09.html  (not a recognized HTML slideshow)
    + saved  26_CSC005_Sess_09.ppt
    + saved  27_CSC005_Sess_09.pdf
    ! fail   https://cs.hofstra.edu/~cscvjc/Fall06/Slides/Sess10/CSC005_Sess_10.html  (not a recognized HTML slideshow)
    + saved  29_CSC005_Sess_10.ppt
    + saved  30_CSC005_Sess_10.pdf
    ! fail   https://cs.hofstra.edu/~cscvjc/Fall06/Slides/Sess11/CSC005_Sess_11.html  (not a recognized HTML slideshow)
    + saved  32_CSC005_Sess_11.ppt
    + saved  33_CSC005_Sess_11.pdf
    ! fail   https://cs.hofstra.edu/~cscvjc/Fall06/Slides/Sess12/CSC005_Sess_12.html  (not a recognized HTML slideshow)
    + saved  35_CSC005_Sess_12.ppt
    + saved  36_CSC005_Sess_12.pdf
    ! fail   https://cs.hofstra.edu/~cscvjc/Fall06/Slides/Sess13/CSC005_Sess_13.html  (not a recognized HTML slideshow)
    + saved  38_CSC005_Sess_13.ppt
    + saved  39_CSC005_Sess_13.pdf
    ! fail   https://cs.hofstra.edu/~cscvjc/Fall06/Slides/Sess14/CSC005_Sess_14.html  (not a recognized HTML slideshow)
    + saved  41_CSC005_Sess_14.ppt
    + saved  42_CSC005_Sess_14.pdf
    ! fail   https://cs.hofstra.edu/~cscvjc/Fall06/Slides/Sess15/CSC005_Sess_15.html  (not a recognized HTML slideshow)
    + saved  44_CSC005_Sess_15.ppt
    + saved  45_CSC005_Sess_15.pdf
    ! fail   https://cs.hofstra.edu/~cscvjc/Fall06/Slides/Sess16/CSC005_Sess_16.html  (not a recognized HTML slideshow)
    + saved  47_CSC005_Sess_16.ppt
    + saved  48_CSC005_Sess_16.pdf
    ! fail   https://cs.hofstra.edu/~cscvjc/Fall06/Slides/Sess17/CSC005_Sess_17.html  (not a recognized HTML slideshow)
    + saved  50_CSC005_Sess_17.ppt
    + saved  51_CSC005_Sess_17.pdf
    ! fail   https://cs.hofstra.edu/~cscvjc/Fall06/Slides/Sess18/CSC005_Sess_18.html  (not a recognized HTML slideshow)
    + saved  53_CSC005_Sess_18.ppt
    + saved  54_CSC005_Sess_18.pdf
    ! fail   https://cs.hofstra.edu/~cscvjc/Fall06/Slides/Sess19/CSC005_Sess_19.html  (not a recognized HTML slideshow)
    + saved  56_CSC005_Sess_19.ppt
    + saved  57_CSC005_Sess_19.pdf
    ! fail   https://cs.hofstra.edu/~cscvjc/Fall06/Slides/Sess20/CSC005_Sess_20.html  (not a recognized HTML slideshow)
    + saved  59_CSC005_Sess_20.ppt
    + saved  60_CSC005_Sess_20.pdf
    ! fail   https://cs.hofstra.edu/~cscvjc/Fall06/Slides/Sess21/CSC005_Sess_21.html  (not a recognized HTML slideshow)
    + saved  62_CSC005_Sess_21.ppt
    + saved  63_CSC005_Sess_21.pdf
    ! fail   https://cs.hofstra.edu/~cscvjc/Fall06/Slides/Sess22/CSC005_Sess_22.html  (not a recognized HTML slideshow)
    + saved  65_CSC005_Sess_22.ppt
    + saved  66_CSC005_Sess_22.pdf
    ! fail   https://cs.hofstra.edu/~cscvjc/Fall06/Slides/Sess23/CSC005_Sess_23.html  (not a recognized HTML slideshow)
    + saved  68_CSC005_Sess_23.ppt
    + saved  69_CSC005_Sess_23.pdf
    ! fail   https://cs.hofstra.edu/~cscvjc/Fall06/Slides/Sess24/CSC005_Sess_24.html  (not a recognized HTML slideshow)
    + saved  71_CSC005_Sess_24.ppt
    + saved  72_CSC005_Sess_24.pdf
    ! fail   https://cs.hofstra.edu/~cscvjc/Fall06/Slides/Sess25/CSC005_Sess_25.html  (not a recognized HTML slideshow)
    + saved  74_CSC005_Sess_25.ppt
    + saved  75_CSC005_Sess_25.pdf
    + saved  76_Final-CSC005.pdf
    + saved  77_MidTerm-CSC05.pdf
    + saved  78_SyllabusFall06.pdf
    -> saved: 49 new, 0 skip, 0 dup, 29 fail  (https://cs.hofstra.edu/~cscvjc/Fall06/)
===== [394/646] =====

### CSC015 - Hofstra University  (ratings=20.0)
    url: https://cs.hofstra.edu/~knarig/csc015/
    [found] 2 slide link(s) at reduction 0
    ! fail   https://cs.hofstra.edu/~knarig/csc015/Lecture1.pdf  (http 404)
    ! fail   https://cs.hofstra.edu/~knarig/csc015/Lecture2.pdf  (http 404)
    [retry] links found but none downloaded; reducing further
    -> partial: 0 new, 0 skip, 0 dup, 2 fail  (https://cs.hofstra.edu/~knarig/csc015/)
===== [395/646] =====

### CSC1052 - Villanova University  (ratings=16.0)
    url: http://csc.villanova.edu/~tway/courses/csc1052/f2024/
    [follow] no slides here; checking 2 sub-page(s)
    [found] 30 slide link(s) at reduction 0
    ! fail   http://csc.villanova.edu/~tway/courses/csc1052/f2024/slides/00%20Welcome.pdf  (http 404)
    ! fail   http://csc.villanova.edu/~tway/courses/csc1052/f2024/slides/00%20Welcome.pptx  (http 404)
    ! fail   http://csc.villanova.edu/~tway/courses/csc1052/f2024/slides/01%20Review%20of%20Java.pdf  (http 404)
    ! fail   http://csc.villanova.edu/~tway/courses/csc1052/f2024/slides/01%20Review%20of%20Java.pptx  (http 404)
    ! fail   http://csc.villanova.edu/~tway/courses/csc1052/f2024/slides/02%20Encapulation%20and%20Efficiency.pdf  (http 404)
    ! fail   http://csc.villanova.edu/~tway/courses/csc1052/f2024/slides/02%20Encapulation%20and%20Efficiency.pptx  (http 404)
    ! fail   http://csc.villanova.edu/~tway/courses/csc1052/f2024/slides/03%20Inheritance%20and%20Exceptions.pdf  (http 404)
    ! fail   http://csc.villanova.edu/~tway/courses/csc1052/f2024/slides/03%20Inheritance%20and%20Exceptions.pptx  (http 404)
    ! fail   http://csc.villanova.edu/~tway/courses/csc1052/f2024/slides/04%20Lists%20and%20Interfaces.pdf  (http 404)
    ! fail   http://csc.villanova.edu/~tway/courses/csc1052/f2024/slides/04%20Lists%20and%20Interfaces.pptx  (http 404)
    ! fail   http://csc.villanova.edu/~tway/courses/csc1052/f2024/slides/05%20Stacks.pdf  (http 404)
    ! fail   http://csc.villanova.edu/~tway/courses/csc1052/f2024/slides/05%20Stacks.pptx  (http 404)
    ! fail   http://csc.villanova.edu/~tway/courses/csc1052/f2024/slides/06%20Recursion.pdf  (http 404)
    ! fail   http://csc.villanova.edu/~tway/courses/csc1052/f2024/slides/06%20Recursion.pptx  (http 404)
    ! fail   http://csc.villanova.edu/~tway/courses/csc1052/f2024/slides/07%20Linked%20Lists.pdf  (http 404)
    ! fail   http://csc.villanova.edu/~tway/courses/csc1052/f2024/slides/07%20Linked%20Lists.pptx  (http 404)
    ! fail   http://csc.villanova.edu/~tway/courses/csc1052/f2024/slides/08%20Queues.pdf  (http 404)
    ! fail   http://csc.villanova.edu/~tway/courses/csc1052/f2024/slides/08%20Queues.pptx  (http 404)
    ! fail   http://csc.villanova.edu/~tway/courses/csc1052/f2024/slides/09%20Searching%20and%20Sorting.pdf  (http 404)
    ! fail   http://csc.villanova.edu/~tway/courses/csc1052/f2024/slides/09%20Searching%20and%20Sorting.pptx  (http 404)
    ! fail   http://csc.villanova.edu/~tway/courses/csc1052/f2024/slides/10%20Sets.pdf  (http 404)
    ! fail   http://csc.villanova.edu/~tway/courses/csc1052/f2024/slides/10%20Sets.pptx  (http 404)
    ! fail   http://csc.villanova.edu/~tway/courses/csc1052/f2024/slides/11%20Maps.pdf  (http 404)
    ! fail   http://csc.villanova.edu/~tway/courses/csc1052/f2024/slides/11%20Maps.pptx  (http 404)
    ! fail   http://csc.villanova.edu/~tway/courses/csc1052/f2024/slides/12%20Hash%20Tables.pdf  (http 404)
    ! fail   http://csc.villanova.edu/~tway/courses/csc1052/f2024/slides/12%20Hash%20Tables.pptx  (http 404)
    ! fail   http://csc.villanova.edu/~tway/courses/csc1052/f2024/slides/13%20Trees.pdf  (http 404)
    ! fail   http://csc.villanova.edu/~tway/courses/csc1052/f2024/slides/13%20Trees.pptx  (http 404)
    ! fail   http://csc.villanova.edu/~tway/courses/csc1052/f2024/slides/Polymorphism.pdf  (http 404)
    ! fail   http://csc.villanova.edu/~tway/courses/csc1052/f2024/slides/Polymorphism.pptx  (http 404)
    [retry] links found but none downloaded; reducing further
    [reduce 1] http://csc.villanova.edu/~tway/courses/csc1052/
    [fetch] status=404
    [reduce 2] http://csc.villanova.edu/~tway/courses/
    [fetch] status=404
    -> partial: 0 new, 0 skip, 0 dup, 30 fail  (http://csc.villanova.edu/~tway/courses/csc1052/f2024/)
===== [396/646] =====

### CSC111L - Quinnipiac University  (ratings=6.0)
    url: https://plantarc.github.io/csslides/csc111.html
    [found] 18 slide link(s) at reduction 0
    + saved  1_Slide_1-Introduction_OF_Programing_1.pdf
    + saved  2_NetBeans-Csc_111.pdf
    + saved  3_Setting_up_Java.pdf
    + saved  4_Hello_World_Program.pdf
    + saved  5_primitive-data-definite_1.pdf
    + saved  6_primitive-data-definite.pdf
    + saved  7_Array-Part_1.pdf
    + saved  8_Array-Part_2.pdf
    + saved  9_Math_class_Strings._and_Char._pptx.pdf
    + saved  10_Chapter_3_Branches.pdf
    + saved  11_For_Loop-_Part1.pdf
    + saved  12_Nested_For_Loops.pdf
    + saved  13_Loops-_While_Loop-Slide.pdf
    + saved  14_Input_and_Output_1.pdf
    + saved  15_Classes_and_Objects-_Part_1_1.pptx
    + saved  16_Classes_and_Objects-Part_2.pptx
    + saved  17_Method-Part_1-Fall_2022.pdf
    + saved  18_Review_Questions_CSC_111.pdf
    -> saved: 18 new, 0 skip, 0 dup, 0 fail  (https://plantarc.github.io/csslides/csc111.html)
===== [397/646] =====

### CSC1300 - Villanova University  (ratings=7.0)
    url: http://www.csc.villanova.edu/~japaridz/Archive/1300/csc1300-lectures.html
    [reduce 1] http://www.csc.villanova.edu/~japaridz/Archive/1300/
    [fetch] status=404
    [reduce 2] http://www.csc.villanova.edu/~japaridz/Archive/
    [fetch] status=404
    -> no slides found on any reduced URL
===== [398/646] =====

### CSC1302 - Georgia State University  (ratings=52.0)
    url: https://tinman.cs.gsu.edu/~raj/1302/sp25/
    [reduce 1] https://tinman.cs.gsu.edu/~raj/1302/
    -> no slides found on any reduced URL
===== [399/646] =====

### CSC134 - California State University, Sacramento  (ratings=25.0)
    url: https://zedchance.github.io/notes/134-6.pdf
    [found] 1 slide link(s) at reduction 0
    + saved  1_134-6.pdf
    -> saved: 1 new, 0 skip, 0 dup, 0 fail  (https://zedchance.github.io/notes/134-6.pdf)
===== [400/646] =====

### CSC139 - California State University, Sacramento  (ratings=39.0)
    url: https://athena.ecs.csus.edu/~zhangd/csc139/csc139.htm
    [reduce 1] https://athena.ecs.csus.edu/~zhangd/csc139/
    [fetch] status=403
    -> no slides found on any reduced URL
===== [401/646] =====

### CSC144 - University of Arizona  (ratings=10.0)
    url: https://cs.arizona.edu/classes/cs144/spring24-002/
    [found] 20 slide link(s) at reduction 0
    ! fail   http://mccann.cs.arizona.edu/secured/kneel/chapter1.pdf  (http 401)
    ! fail   http://mccann.cs.arizona.edu/secured/kneel/chapter2.pdf  (http 401)
    ! fail   http://mccann.cs.arizona.edu/secured/kneel/chapter3.pdf  (http 401)
    ! fail   http://mccann.cs.arizona.edu/secured/kneel/chapter4.pdf  (http 401)
    ! fail   http://mccann.cs.arizona.edu/secured/kneel/chapter5.pdf  (http 401)
    ! fail   http://mccann.cs.arizona.edu/secured/kneel/chapter6.pdf  (http 401)
    ! fail   http://mccann.cs.arizona.edu/secured/kneel/chapter7.pdf  (http 401)
    ! fail   http://mccann.cs.arizona.edu/secured/kneel/chapter8.pdf  (http 401)
    + saved  9_topic01guided.pdf
    + saved  10_topic02guided.pdf
    + saved  11_topic03guided.pdf
    + saved  12_topic04guided.pdf
    + saved  13_topic05guided.pdf
    + saved  14_topic06guided.pdf
    + saved  15_topic07guided.pdf
    + saved  16_topic08guided.pdf
    + saved  17_topic09guided.pdf
    + saved  18_topic10guided.pdf
    + saved  19_topic11guided.pdf
    + saved  20_topic12guided.pdf
    -> saved: 12 new, 0 skip, 0 dup, 8 fail  (https://cs.arizona.edu/classes/cs144/spring24-002/)
===== [402/646] =====

### CSC161 - Hofstra University  (ratings=9.0)
    url: https://curtsinger.cs.grinnell.edu/teaching/2026S/CSC161/
    [follow] no slides here; checking 1 sub-page(s)
    [found] 28 slide link(s) at reduction 0
    + saved  1_01-introduction.pdf
    + saved  2_PairProgramming.pdf
    + saved  3_02-c-basics.pdf
    + saved  4_03-loops-conditionals.pdf
    + saved  5_04-functions.pdf
    + saved  6_05-pointers.pdf
    + saved  7_06-arrays-strings.pdf
    + saved  8_07-more-arrays-strings.pdf
    + saved  9_08-pause.pdf
    + saved  10_09-structs-unions-enums.pdf
    + saved  11_10-number-representation.pdf
    + saved  12_11-make-multifile.pdf
    + saved  13_12-gdb.pdf
    + saved  14_13-review.pdf
    + saved  15_15-ncurses.pdf
    ! fail   https://curtsinger.cs.grinnell.edu/teaching/2026S/CSC161/labs/maze-editor/day1.html  (not a recognized HTML slideshow)
    + saved  17_16-file-io.pdf
    ! fail   https://curtsinger.cs.grinnell.edu/teaching/2026S/CSC161/labs/maze-editor/day2.html  (not a recognized HTML slideshow)
    + saved  19_17-malloc.pdf
    + saved  20_18-ownership-asan.pdf
    + saved  21_19-adts.pdf
    + saved  22_20-using-stacks-queues.pdf
    + saved  23_21-linked-lists.pdf
    + saved  24_22-linked-lists-continued.pdf
    + saved  25_23-sdl.pdf
    + saved  26_24-project.pdf
    + saved  27_25-sdl-continued.pdf
    + saved  28_26-project-work.pdf
    -> saved: 26 new, 0 skip, 0 dup, 2 fail  (https://curtsinger.cs.grinnell.edu/teaching/2026S/CSC161/)
===== [403/646] =====

### CSC180 - University of Toronto  (ratings=11.0)
    url: http://www.cs.toronto.edu/~guerzhoy/180f16/
    [found] 130 slide link(s) at reduction 0
    + saved  1_welcome.pdf
    ! fail   http://www.cs.toronto.edu/~guerzhoy/180f16/lectures/W01/lec1/ExpressionsVariables.html  (not a recognized HTML slideshow)
    ! fail   http://www.cs.toronto.edu/~guerzhoy/180f16/lectures/W01/lec1/SimpleProgram.html  (not a recognized HTML slideshow)
    ! fail   http://www.cs.toronto.edu/~guerzhoy/180f16/lectures/W01/lec1/Conditionals.html  (not a recognized HTML slideshow)
    + saved  5_intro2.pdf
    ! fail   http://www.cs.toronto.edu/~guerzhoy/180f16/lectures/W01/lec2/SecretMagic.html  (not a recognized HTML slideshow)
    ! fail   http://www.cs.toronto.edu/~guerzhoy/180f16/lectures/W01/lec2/ConditionalPirates.html  (not a recognized HTML slideshow)
    ! fail   http://www.cs.toronto.edu/~guerzhoy/180f16/lectures/W01/lec2/Quadratic.html  (not a recognized HTML slideshow)
    ! fail   http://www.cs.toronto.edu/~guerzhoy/180f16/lectures/W01/lec3/strings.html  (not a recognized HTML slideshow)
    ! fail   http://www.cs.toronto.edu/~guerzhoy/180f16/lectures/W01/lec3/numericalTypes.html  (not a recognized HTML slideshow)
    ! fail   http://www.cs.toronto.edu/~guerzhoy/180f16/lectures/W01/lec3/quadraticMore.html  (not a recognized HTML slideshow)
    ! fail   http://www.cs.toronto.edu/~guerzhoy/180f16/lectures/W02/Booleans.html  (not a recognized HTML slideshow)
    ! fail   http://www.cs.toronto.edu/~guerzhoy/180f16/lectures/W02/Scope.html  (not a recognized HTML slideshow)
    ! fail   http://www.cs.toronto.edu/~guerzhoy/180f16/lectures/W02/lec1/FuncsGlobLoc.html  (not a recognized HTML slideshow)
    ! fail   http://www.cs.toronto.edu/~guerzhoy/180f16/lectures/W02/lec1/MultAssignSwap.html  (not a recognized HTML slideshow)
    ! fail   http://www.cs.toronto.edu/~guerzhoy/180f16/lectures/W02/lec2/VariableNamingConvetions.html  (not a recognized HTML slideshow)
    ! fail   http://www.cs.toronto.edu/~guerzhoy/180f16/lectures/W02/lec2/Booleans.html  (not a recognized HTML slideshow)
    ! fail   http://www.cs.toronto.edu/~guerzhoy/180f16/lectures/W02/lec2/HasRoots.html  (not a recognized HTML slideshow)
    ! fail   http://www.cs.toronto.edu/~guerzhoy/180f16/lectures/W02/lec2/ConvertingBooleans.html  (not a recognized HTML slideshow)
    ! fail   http://www.cs.toronto.edu/~guerzhoy/180f16/lectures/W02/lec3/PassingData.html  (not a recognized HTML slideshow)
    ! fail   http://www.cs.toronto.edu/~guerzhoy/180f16/lectures/W02/lec3/Swap2.html  (not a recognized HTML slideshow)
    ! fail   http://www.cs.toronto.edu/~guerzhoy/180f16/lectures/W03/lec1/return_control_flow.html  (not a recognized HTML slideshow)
    ! fail   http://www.cs.toronto.edu/~guerzhoy/180f16/lectures/W03/lec1/for_loops.html  (not a recognized HTML slideshow)
    ! fail   http://www.cs.toronto.edu/~guerzhoy/180f16/lectures/W03/lec1/while_loops.html  (not a recognized HTML slideshow)
    ! fail   http://www.cs.toronto.edu/~guerzhoy/180f16/lectures/W03/lec1/is_prime.html  (not a recognized HTML slideshow)
    ! fail   http://www.cs.toronto.edu/~guerzhoy/180f16/lectures/W03/lec2/IntDiv.html  (not a recognized HTML slideshow)
    ! fail   http://www.cs.toronto.edu/~guerzhoy/180f16/lectures/W03/lec2/range.html  (not a recognized HTML slideshow)
    ! fail   http://www.cs.toronto.edu/~guerzhoy/180f16/lectures/W03/lec2/morefor.html  (not a recognized HTML slideshow)
    ! fail   http://www.cs.toronto.edu/~guerzhoy/180f16/lectures/W03/lec2/fact.html  (not a recognized HTML slideshow)
    ! fail   http://www.cs.toronto.edu/~guerzhoy/180f16/lectures/W03/lec2/TestCalc.html  (not a recognized HTML slideshow)
    ! fail   http://www.cs.toronto.edu/~guerzhoy/180f16/lectures/W03/lec2/SwapSoln.html  (not a recognized HTML slideshow)
    ! fail   http://www.cs.toronto.edu/~guerzhoy/180f16/lectures/W03/lec3/PiRandom.html  (not a recognized HTML slideshow)
    ! fail   http://www.cs.toronto.edu/~guerzhoy/180f16/lectures/W03/lec3/InfiniteLoops.html  (not a recognized HTML slideshow)
    ! fail   http://www.cs.toronto.edu/~guerzhoy/180f16/lectures/W03/lec3/WhileBreakContinue.html  (not a recognized HTML slideshow)
    ! fail   http://www.cs.toronto.edu/~guerzhoy/180f16/lectures/W03/lec3/InputDesign.html  (not a recognized HTML slideshow)
    + saved  36_academic_integrity.pdf
    ! fail   http://www.cs.toronto.edu/~guerzhoy/180f16/lectures/W04/lec1/MainBlock.html  (not a recognized HTML slideshow)
    ! fail   http://www.cs.toronto.edu/~guerzhoy/180f16/lectures/W04/lec1/Lists1.html  (not a recognized HTML slideshow)
    ! fail   http://www.cs.toronto.edu/~guerzhoy/180f16/lectures/W04/lec2/HeterogenousLists.html  (not a recognized HTML slideshow)
    ! fail   http://www.cs.toronto.edu/~guerzhoy/180f16/lectures/W04/lec2/ListsInsertAppendIn.html  (not a recognized HTML slideshow)
    ! fail   http://www.cs.toronto.edu/~guerzhoy/180f16/lectures/W04/lec2/WhileInput.html  (not a recognized HTML slideshow)
    ! fail   http://www.cs.toronto.edu/~guerzhoy/180f16/lectures/W04/lec2/Passwords.html  (not a recognized HTML slideshow)
    ! fail   http://www.cs.toronto.edu/~guerzhoy/180f16/lectures/W04/lec2/Slicing.html  (not a recognized HTML slideshow)
    ! fail   http://www.cs.toronto.edu/~guerzhoy/180f16/lectures/W04/lec2/SlicingManual.html  (not a recognized HTML slideshow)
    ! fail   http://www.cs.toronto.edu/~guerzhoy/180f16/lectures/W04/lec3/Lists4.html  (not a recognized HTML slideshow)
    ! fail   http://www.cs.toronto.edu/~guerzhoy/180f16/lectures/W04/lec3/MissingK.html  (not a recognized HTML slideshow)
    ! fail   http://www.cs.toronto.edu/~guerzhoy/180f16/lectures/W04/extra/tutorial.html  (not a recognized HTML slideshow)
    + saved  48_lovelace.pdf
    ! fail   http://www.cs.toronto.edu/~guerzhoy/180f16/lectures/W05/lec1/Lists5.html  (not a recognized HTML slideshow)
    ! fail   http://www.cs.toronto.edu/~guerzhoy/180f16/lectures/W05/lec1/TrailingZeros.html  (not a recognized HTML slideshow)
    ! fail   http://www.cs.toronto.edu/~guerzhoy/180f16/lectures/W05/lec1/MissingK.html  (not a recognized HTML slideshow)
    ! fail   http://www.cs.toronto.edu/~guerzhoy/180f16/lectures/W05/lec2/MissngKSorted.html  (not a recognized HTML slideshow)
    ! fail   http://www.cs.toronto.edu/~guerzhoy/180f16/lectures/W05/lec2/NestedLoops.html  (not a recognized HTML slideshow)
    ! fail   http://www.cs.toronto.edu/~guerzhoy/180f16/lectures/W05/lec2/NestedLoopsNestedLists.html  (not a recognized HTML slideshow)
    ! fail   http://www.cs.toronto.edu/~guerzhoy/180f16/lectures/W05/OH/return.html  (not a recognized HTML slideshow)
    ! fail   http://www.cs.toronto.edu/~guerzhoy/180f16/lectures/W06/lec1/AliasingMutability.html  (not a recognized HTML slideshow)
    ! fail   http://www.cs.toronto.edu/~guerzhoy/180f16/lectures/W06/lec1/MutabilityFuncs.html  (not a recognized HTML slideshow)
    ! fail   http://www.cs.toronto.edu/~guerzhoy/180/lectures/W06/lec1/notetaking.pdf  (http 404)
    ! fail   http://www.cs.toronto.edu/~guerzhoy/180f16/lectures/W06/lec3/CreateObj.html  (not a recognized HTML slideshow)
    ! fail   http://www.cs.toronto.edu/~guerzhoy/180f16/lectures/W06/lec3/AddExtendLists.html  (not a recognized HTML slideshow)
    ! fail   http://www.cs.toronto.edu/~guerzhoy/180f16/lectures/W06/lec3/ShallowDeepCopy.html  (not a recognized HTML slideshow)
    ! fail   http://www.cs.toronto.edu/~guerzhoy/180f16/lectures/W06/ExtraOct21.html  (not a recognized HTML slideshow)
    ! fail   http://www.cs.toronto.edu/~guerzhoy/180f16/lectures/W07/lec1/TTTattack.html  (not a recognized HTML slideshow)
    ! fail   http://www.cs.toronto.edu/~guerzhoy/180f16/lectures/W07/lec1/DeepCopyTwo.html  (not a recognized HTML slideshow)
    ! fail   http://www.cs.toronto.edu/~guerzhoy/180f16/lectures/W07/lec1/IntroStrings.html  (not a recognized HTML slideshow)
    ! fail   http://www.cs.toronto.edu/~guerzhoy/180f16/lectures/W07/lec2/RandomPacket.html  (not a recognized HTML slideshow)
    ! fail   http://www.cs.toronto.edu/~guerzhoy/180f16/lectures/W07/lec2/ReverseStr.html  (not a recognized HTML slideshow)
    ! fail   http://www.cs.toronto.edu/~guerzhoy/180f16/lectures/W07/lec2/Anagrams.html  (not a recognized HTML slideshow)
    ! fail   http://www.cs.toronto.edu/~guerzhoy/180f16/lectures/W07/lec2/LongestRun.html  (not a recognized HTML slideshow)
    ! fail   http://www.cs.toronto.edu/~guerzhoy/180f16/lectures/W07/lec3/StringFormatting.html  (not a recognized HTML slideshow)
    ! fail   http://www.cs.toronto.edu/~guerzhoy/180f16/lectures/W07/lec3/exec.html  (not a recognized HTML slideshow)
    ! fail   http://www.cs.toronto.edu/~guerzhoy/180f16/lectures/W07/lec3/PasswordsExec.html  (not a recognized HTML slideshow)
    ! fail   http://www.cs.toronto.edu/~guerzhoy/180f16/lectures/W07/lec3/PasswordsContinue.html  (not a recognized HTML slideshow)
    ! fail   http://www.cs.toronto.edu/~guerzhoy/180f16/lectures/W07/lec3/StateVars.html  (not a recognized HTML slideshow)
    ! fail   http://www.cs.toronto.edu/~guerzhoy/180f16/lectures/W07/lec3/IterateMutable.html  (not a recognized HTML slideshow)
    ! fail   http://www.cs.toronto.edu/~guerzhoy/180f16/lectures/W08/lec1/IterModify2.html  (not a recognized HTML slideshow)
    ! fail   http://www.cs.toronto.edu/~guerzhoy/180f16/lectures/W08/lec1/SelectionSort.html  (not a recognized HTML slideshow)
    ! fail   http://www.cs.toronto.edu/~guerzhoy/180f16/lectures/W08/lec2/Tuples.html  (not a recognized HTML slideshow)
    ! fail   http://www.cs.toronto.edu/~guerzhoy/180f16/lectures/W08/lec2/Dictionaries.html  (not a recognized HTML slideshow)
    ! fail   http://www.cs.toronto.edu/~guerzhoy/180f16/lectures/W08/lec2/InvertDict.html  (not a recognized HTML slideshow)
    ! fail   http://www.cs.toronto.edu/~guerzhoy/180f16/lectures/W08/lec3/SparseMatrix.html  (not a recognized HTML slideshow)
    ! fail   http://www.cs.toronto.edu/~guerzhoy/180f16/lectures/W08/lec3/IterDict.html  (not a recognized HTML slideshow)
    ! fail   http://www.cs.toronto.edu/~guerzhoy/180f16/lectures/W08/lec3/InvertDict2.html  (not a recognized HTML slideshow)
    ! fail   http://www.cs.toronto.edu/~guerzhoy/180f16/lectures/W09/lec1/Files2.html  (not a recognized HTML slideshow)
    ! fail   http://www.cs.toronto.edu/~guerzhoy/180f16/lectures/W09/lec1/IntroRuntime.html  (not a recognized HTML slideshow)
    ! fail   http://www.cs.toronto.edu/~guerzhoy/180f16/lectures/W09/lec2/Complexity2.html  (not a recognized HTML slideshow)
    ! fail   http://www.cs.toronto.edu/~guerzhoy/180f16/lectures/W09/lec2/BinarySearch.html  (not a recognized HTML slideshow)
    ! fail   http://www.cs.toronto.edu/~guerzhoy/180f16/lectures/W09/lec3/LongestRunComplexity.html  (not a recognized HTML slideshow)
    ! fail   http://www.cs.toronto.edu/~guerzhoy/180f16/lectures/W09/lec3/TimingFuncs.html  (not a recognized HTML slideshow)
    ! fail   http://www.cs.toronto.edu/~guerzhoy/180f16/lectures/W09/lec3/FuncVars.html  (not a recognized HTML slideshow)
    ! fail   http://www.cs.toronto.edu/~guerzhoy/180f16/lectures/W09/lec3/ComplexityPlot.html  (not a recognized HTML slideshow)
    ! fail   http://www.cs.toronto.edu/~guerzhoy/180f16/lectures/W10/lec1/Sets.html  (not a recognized HTML slideshow)
    ! fail   http://www.cs.toronto.edu/~guerzhoy/180f16/lectures/W10/lec1/DictGetUpdate.html  (not a recognized HTML slideshow)
    ! fail   http://www.cs.toronto.edu/~guerzhoy/180f16/lectures/W10/lec1/SelectionSortCompl.html  (not a recognized HTML slideshow)
    ! fail   http://www.cs.toronto.edu/~guerzhoy/180f16/lectures/W10/lec2/MonteCarloInt.html  (not a recognized HTML slideshow)
    ! fail   http://www.cs.toronto.edu/~guerzhoy/180f16/lectures/W10/lec2/SelectionSortCompl2.html  (not a recognized HTML slideshow)
    ! fail   http://www.cs.toronto.edu/~guerzhoy/180f16/lectures/W10/lec2/BubbleSort.html  (not a recognized HTML slideshow)
    ! fail   http://www.cs.toronto.edu/~guerzhoy/180f16/lectures/W10/lec3/BubbleSortCompl.html  (not a recognized HTML slideshow)
    ! fail   http://www.cs.toronto.edu/~guerzhoy/180f16/lectures/W10/lec3/Bozosort.html  (not a recognized HTML slideshow)
    ! fail   http://www.cs.toronto.edu/~guerzhoy/180f16/lectures/W10/lec3/BucketCounting.html  (not a recognized HTML slideshow)
    ! fail   http://www.cs.toronto.edu/~guerzhoy/180f16/lectures/W11/lec1/BucketSortCompl.html  (not a recognized HTML slideshow)
    ! fail   http://www.cs.toronto.edu/~guerzhoy/180f16/lectures/W11/lec1/ComplFermat.html  (not a recognized HTML slideshow)
    ! fail   http://www.cs.toronto.edu/~guerzhoy/180f16/lectures/W11/lec1/ComplArithm.html  (not a recognized HTML slideshow)
    ! fail   http://www.cs.toronto.edu/~guerzhoy/180f16/lectures/W11/lec2/MultCompl2.html  (not a recognized HTML slideshow)
    ! fail   http://www.cs.toronto.edu/~guerzhoy/180f16/lectures/W11/lec2/nfactRec.html  (not a recognized HTML slideshow)
    ! fail   http://www.cs.toronto.edu/~guerzhoy/180f16/lectures/W11/lec2/fib.html  (not a recognized HTML slideshow)
    ! fail   http://www.cs.toronto.edu/~guerzhoy/180f16/lectures/W11/lec2/isEven.html  (not a recognized HTML slideshow)
    ! fail   http://www.cs.toronto.edu/~guerzhoy/180f16/lectures/W11/lec2/PrintListRec.html  (not a recognized HTML slideshow)
    ! fail   http://www.cs.toronto.edu/~guerzhoy/180f16/lectures/W11/lec3/TracePrintList.html  (not a recognized HTML slideshow)
    ! fail   http://www.cs.toronto.edu/~guerzhoy/180f16/lectures/W11/lec3/TraceIsEven.html  (not a recognized HTML slideshow)
    ! fail   http://www.cs.toronto.edu/~guerzhoy/180f16/lectures/W11/lec3/Race21.html  (not a recognized HTML slideshow)
    ! fail   http://www.cs.toronto.edu/~guerzhoy/180f16/lectures/W11/lec3/SumList.html  (not a recognized HTML slideshow)
    ! fail   http://www.cs.toronto.edu/~guerzhoy/180f16/lectures/W12/lec1/IterRec.html  (not a recognized HTML slideshow)
    ! fail   http://www.cs.toronto.edu/~guerzhoy/180f16/lectures/W12/lec1/NamedArgs.html  (not a recognized HTML slideshow)
    ! fail   http://www.cs.toronto.edu/~guerzhoy/180f16/lectures/W12/lec1/ComplFastSlowFact.html  (not a recognized HTML slideshow)
    ! fail   http://www.cs.toronto.edu/~guerzhoy/180f16/lectures/W12/lec1/ComplSumList.html  (not a recognized HTML slideshow)
    ! fail   http://www.cs.toronto.edu/~guerzhoy/180f16/lectures/W12/lec2/ComplExp.html  (not a recognized HTML slideshow)
    ! fail   http://www.cs.toronto.edu/~guerzhoy/180f16/lectures/W12/lec2/ComplFib.html  (not a recognized HTML slideshow)
    ! fail   http://www.cs.toronto.edu/~guerzhoy/180f16/lectures/W12/lec2/MergeSortIntro.html  (not a recognized HTML slideshow)
    ! fail   http://www.cs.toronto.edu/~guerzhoy/180f16/lectures/W12/lec3/MergeSortCompl.html  (not a recognized HTML slideshow)
    ! fail   http://www.cs.toronto.edu/~guerzhoy/180f16/lectures/W12/lec3/MergeSortOpt.html  (not a recognized HTML slideshow)
    ! fail   http://www.cs.toronto.edu/~guerzhoy/180f16/lectures/W12/lec3/InsertionSort.html  (not a recognized HTML slideshow)
    ! fail   http://www.cs.toronto.edu/~guerzhoy/180f16/lectures/W12/lec3/DeepCopy.html  (not a recognized HTML slideshow)
    ! fail   http://www.cs.toronto.edu/~guerzhoy/180f16/lectures/W13/lec1/print_all.html  (not a recognized HTML slideshow)
    + saved  125_futurecs.pdf
    ! fail   http://www.cs.toronto.edu/~guerzhoy/180f16/lectures/W13/lec2/FastExp.html  (not a recognized HTML slideshow)
    ! fail   http://www.cs.toronto.edu/~guerzhoy/180f16/lectures/W13/lec2/MergeRec.html  (not a recognized HTML slideshow)
    ! fail   http://www.cs.toronto.edu/~guerzhoy/180f16/lectures/W13/lec2/CallTrees.html  (not a recognized HTML slideshow)
    ! fail   http://www.cs.toronto.edu/~guerzhoy/180f16/lectures/W13/lec2/TuringGodel.html  (not a recognized HTML slideshow)
    ! fail   http://www.scottaaronson.com/democritus/lec3.html  (not a recognized HTML slideshow)
    -> saved: 5 new, 0 skip, 0 dup, 125 fail  (http://www.cs.toronto.edu/~guerzhoy/180f16/)
===== [404/646] =====

### CSC207 - Grinnell College  (ratings=10.0)
    url: https://rebelsky.cs.grinnell.edu/Courses/CSC207/2024Fa/syllabus/
    [follow] no slides here; checking 1 sub-page(s)
    [found] 1 slide link(s) at reduction 0
    + saved  1_chap12.pdf
    -> saved: 1 new, 0 skip, 0 dup, 0 fail  (https://rebelsky.cs.grinnell.edu/Courses/CSC207/2024Fa/syllabus/)
===== [405/646] =====

### CSC211 - College of Staten Island  (ratings=10.0)
    url: http://www.cs.csi.cuny.edu/~gu/teaching/courses/csc211/csc211.html
    [found] 24 slide link(s) at reduction 0
    + saved  1_chap1.pptx
    + saved  2_chap2.pptx
    + saved  3_chap3.pptx
    + saved  4_chap4.pptx
    + saved  5_chap5.pptx
    + saved  6_Enumeration.pptx
    + saved  7_Variables.pptx
    + saved  8_chap6.pptx
    + saved  9_struct_and_union.pptx
    + saved  10_Intro_to_pointers.pptx
    + saved  11_chap10.pptx
    + saved  12_pointer2.pptx
    + saved  13_dynamic_arrays.pptx
    + saved  14_multiple_files.pptx
    + saved  15_chap7.pptx
    + saved  16_constructor_and_deconstructor.pptx
    + saved  17_chap8.pptx
    + saved  18_Inline_functions.pptx
    + saved  19_Arrays_and_classes.pptx
    + saved  20_Classes_and_pointers.pptx
    + saved  21_chap16.pptx
    + saved  22_Sorting.pptx
    + saved  23_copy_constructor.pptx
    + saved  24_chap13.pptx
    -> saved: 24 new, 0 skip, 0 dup, 0 fail  (http://www.cs.csi.cuny.edu/~gu/teaching/courses/csc211/csc211.html)
===== [406/646] =====

### CSC222 - Creighton University  (ratings=10.0)
    url: https://dave-reed.com/csc222.S12/
    [fetch] error: Page.goto: net::ERR_CERT_AUTHORITY_INVALID at https://dave-reed.com/csc222.S12/
Call log:
  - navigating to "https://dave-reed.com/csc222.S12/", waiting until "domcontentloaded"

    -> no slides found on any reduced URL
===== [407/646] =====

### CSC241 - DePaul University  (ratings=87.0)
    url: https://reed.cs.depaul.edu/lperkovic/csc241/;jsessionid=B2041D2200446011DC3D683FBCA87E66
    [found] 2 slide link(s) at reduction 0
    ! fail   https://reed.cs.depaul.edu/lperkovic/csc241/lecture4/Lecture4.html  (not a recognized HTML slideshow)
    ! fail   https://reed.cs.depaul.edu/lperkovic/csc241/lecture9/Lecture9.html  (not a recognized HTML slideshow)
    [retry] links found but none downloaded; reducing further
    [reduce 1] https://reed.cs.depaul.edu/lperkovic/csc241/
    [found] 2 slide link(s) at reduction 1
    ! fail   https://reed.cs.depaul.edu/lperkovic/csc241/lecture4/Lecture4.html  (not a recognized HTML slideshow)
    ! fail   https://reed.cs.depaul.edu/lperkovic/csc241/lecture9/Lecture9.html  (not a recognized HTML slideshow)
    [retry] links found but none downloaded; reducing further
    [reduce 2] https://reed.cs.depaul.edu/lperkovic/
    -> partial: 0 new, 0 skip, 0 dup, 2 fail  (https://reed.cs.depaul.edu/lperkovic/csc241/;jsessionid=B2041D2200446011DC3D683FBCA87E66)
===== [408/646] =====

### CSC243 - DePaul University  (ratings=22.0)
    url: http://reed.cs.depaul.edu/lperkovic/csc243/
    [found] 10 slide link(s) at reduction 0
    + saved  1_Lecture1.pptx
    + saved  2_Lecture2.pptx
    + saved  3_Lecture3.pptx
    + saved  4_Lecture4.pptx
    + saved  5_Lecture5.pptx
    + saved  6_Lecture6.pptx
    + saved  7_Lecture7.pptx
    + saved  8_Lecture8.pptx
    + saved  9_Lecture9.pptx
    + saved  10_Lecture10.pptx
    -> saved: 10 new, 0 skip, 0 dup, 0 fail  (http://reed.cs.depaul.edu/lperkovic/csc243/)
===== [409/646] =====

### CSC272 - Furman University  (ratings=10.0)
    url: http://cs.furman.edu/~pbatchelor/mis/Slides
    [found] 49 slide link(s) at reduction 0
    ! fail   http://cs.furman.edu/~pbatchelor/mis/Barbarians%20at%20the%20Gateway.pdf  (http 404)
    ! fail   http://cs.furman.edu/~pbatchelor/mis/Cloud%20%20Software.pptx  (http 404)
    ! fail   http://cs.furman.edu/~pbatchelor/mis/Cloud%20and%20Open%20Source%20Software.pptx  (http 404)
    ! fail   http://cs.furman.edu/~pbatchelor/mis/Databases%202013.pdf  (http 404)
    ! fail   http://cs.furman.edu/~pbatchelor/mis/Databases%202013.pptx  (http 404)
    ! fail   http://cs.furman.edu/~pbatchelor/mis/Decision%20Analysis%20and%20Decision%20Trees.ppt  (http 404)
    ! fail   http://cs.furman.edu/~pbatchelor/mis/Decision%20Making.pptx  (http 404)
    ! fail   http://cs.furman.edu/~pbatchelor/mis/Decision%20Support%202.pdf  (http 404)
    ! fail   http://cs.furman.edu/~pbatchelor/mis/E-Commerce%20L.pdf  (http 404)
    ! fail   http://cs.furman.edu/~pbatchelor/mis/E-Commerce%20L.pptx  (http 404)
    ! fail   http://cs.furman.edu/~pbatchelor/mis/E-Commerce%20My%20lecture.pdf  (http 404)
    ! fail   http://cs.furman.edu/~pbatchelor/mis/EDI.pptx  (http 404)
    ! fail   http://cs.furman.edu/~pbatchelor/mis/Enterprise%20Systems.pdf  (http 404)
    ! fail   http://cs.furman.edu/~pbatchelor/mis/Enterprise%20Systems.pptx  (http 404)
    ! fail   http://cs.furman.edu/~pbatchelor/mis/FILE%20VS%20DB.pptx  (http 404)
    ! fail   http://cs.furman.edu/~pbatchelor/mis/Infrastructure%20Hardware%20and%20Software%20Week%202.pdf  (http 404)
    ! fail   http://cs.furman.edu/~pbatchelor/mis/Infrastructure%20Hardware%20and%20Software%20Week%202.pptx  (http 404)
    ! fail   http://cs.furman.edu/~pbatchelor/mis/Intelligent%20Systems%20for%20Decision%20Support.pptx  (http 404)
    ! fail   http://cs.furman.edu/~pbatchelor/mis/Intro%20to%20Data%20Mining.pptx  (http 404)
    ! fail   http://cs.furman.edu/~pbatchelor/mis/Intro%20to%20Databases.pptx  (http 404)
    ! fail   http://cs.furman.edu/~pbatchelor/mis/Knowledge%20SystemsMy%20version.ppt  (http 404)
    ! fail   http://cs.furman.edu/~pbatchelor/mis/Monte%20Carlo%20Simulation%20in%20Decision%20Making.pptx  (http 404)
    ! fail   http://cs.furman.edu/~pbatchelor/mis/Netflix.pptx  (http 404)
    ! fail   http://cs.furman.edu/~pbatchelor/mis/Optimization%20and%20LP.pptx  (http 404)
    ! fail   http://cs.furman.edu/~pbatchelor/mis/PROTECTING%20INFORMATION%20RESOURCES.pptx  (http 404)
    ! fail   http://cs.furman.edu/~pbatchelor/mis/Porter%20Strategy%20Article.pdf  (http 404)
    ! fail   http://cs.furman.edu/~pbatchelor/mis/Porters%205%20Forces.pdf  (http 404)
    ! fail   http://cs.furman.edu/~pbatchelor/mis/Porters%205%20Forces.pptx  (http 404)
    ! fail   http://cs.furman.edu/~pbatchelor/mis/PowerPivot%20and%20Dashboards.pptx  (http 404)
    ! fail   http://cs.furman.edu/~pbatchelor/mis/SA475.ppt  (http 404)
    ! fail   http://cs.furman.edu/~pbatchelor/mis/SA475_2010%202.ppt  (http 404)
    ! fail   http://cs.furman.edu/~pbatchelor/mis/SA475_2010%203.ppt  (http 404)
    ! fail   http://cs.furman.edu/~pbatchelor/mis/Securing%20Information%20Systems.pdf  (http 404)
    ! fail   http://cs.furman.edu/~pbatchelor/mis/Securing%20Information%20Systems.ppt  (http 404)
    ! fail   http://cs.furman.edu/~pbatchelor/mis/Securing%20Information%20Systems.pptx  (http 404)
    ! fail   http://cs.furman.edu/~pbatchelor/mis/Strategy%20and%20Sustaining%20and%20Disruptive%20Technologies.pptx  (http 404)
    ! fail   http://cs.furman.edu/~pbatchelor/mis/Strategy%20and%20Technology.pdf  (http 404)
    ! fail   http://cs.furman.edu/~pbatchelor/mis/Strategy%20%20week%201.pdf  (http 404)
    ! fail   http://cs.furman.edu/~pbatchelor/mis/System%20Development%202012.pptx  (http 404)
    ! fail   http://cs.furman.edu/~pbatchelor/mis/System%20Development%202013.pptx  (http 404)
    ! fail   http://cs.furman.edu/~pbatchelor/mis/TUN_Introduction_to_OLAP.ppt  (http 404)
    ! fail   http://cs.furman.edu/~pbatchelor/mis/The%20Internet%20of%20Things%20(IoT)-%20ver%201.pptx  (http 404)
    ! fail   http://cs.furman.edu/~pbatchelor/mis/Types%20of%20Information%20Systems.pptx  (http 404)
    ! fail   http://cs.furman.edu/~pbatchelor/mis/Understanding%20SoftwareA%20Primer%20for%20Managers.ppt  (http 404)
    ! fail   http://cs.furman.edu/~pbatchelor/mis/Web%202.0%20Cloud%20ComputingVer2.pptx  (http 404)
    ! fail   http://cs.furman.edu/~pbatchelor/mis/What%20is%20Strategy.ppt  (http 404)
    ! fail   http://cs.furman.edu/~pbatchelor/mis/cloud%20computing.pptx  (http 404)
    ! fail   http://cs.furman.edu/~pbatchelor/mis/wallace_iso1_stppt06.pptx  (http 404)
    ! fail   http://cs.furman.edu/~pbatchelor/mis/wallace_iso1_stppt08.pptx  (http 404)
    [retry] links found but none downloaded; reducing further
    [reduce 1] http://cs.furman.edu/~pbatchelor/mis/
    [found] 2 slide link(s) at reduction 1
    + saved  1_Case_of_the_Misconnecting_Passengers_-_Marketing_Version.ppt
    + saved  2_SA475_2013.ppt
    -> saved: 2 new, 0 skip, 0 dup, 0 fail  (http://cs.furman.edu/~pbatchelor/mis/)
===== [410/646] =====

### CSC28 - California State University, Sacramento  (ratings=6.0)
    url: http://devincook.com/csc/28/notes.html
    [follow] no slides here; checking 1 sub-page(s)
    [reduce 1] http://devincook.com/csc/28/
    [reduce 2] http://devincook.com/csc/
    [follow] no slides here; checking 2 sub-page(s)
    -> no slides found on any reduced URL
===== [411/646] =====

### CSC280 - American University  (ratings=6.0)
    url: https://github.com/knappa/csc280
    [follow] no slides here; checking 10 sub-page(s)
    [reduce 1] https://github.com/knappa/
    [follow] no slides here; checking 9 sub-page(s)
    -> no slides found on any reduced URL
===== [412/646] =====

### CSC3010 - Wayne State University  (ratings=8.0)
    url: https://fengweiz.github.io/19sp-csc3010/index.html
    [reduce 1] https://fengweiz.github.io/19sp-csc3010/
    -> no slides found on any reduced URL
===== [413/646] =====

### CSC310 - University of Rhode Island  (ratings=15.0)
    url: https://homepage.cs.uri.edu/faculty/hamel/courses/2018/spring2018/csc310/lecture-notes/
    [reduce 1] https://homepage.cs.uri.edu/faculty/hamel/courses/2018/spring2018/csc310/
    [reduce 2] https://homepage.cs.uri.edu/faculty/hamel/courses/2018/spring2018/
    [fetch] status=403
    [reduce 3] https://homepage.cs.uri.edu/faculty/hamel/courses/2018/
    [fetch] status=403
    [reduce 4] https://homepage.cs.uri.edu/faculty/hamel/courses/
    [fetch] status=403
    [reduce 5] https://homepage.cs.uri.edu/faculty/hamel/
    [fetch] error: Page.content: Unable to retrieve content because the page is navigating and changing the content.
    [reduce 6] https://homepage.cs.uri.edu/faculty/
    [fetch] status=403
    -> no slides found on any reduced URL
===== [414/646] =====

### CSC322 - University of Miami  (ratings=17.0)
    url: https://www.cs.miami.edu/home/geoff/Courses/CSC322-25F/
    [reduce 1] https://www.cs.miami.edu/home/geoff/Courses/
    [reduce 2] https://www.cs.miami.edu/home/geoff/
    [reduce 3] https://www.cs.miami.edu/home/
    -> no slides found on any reduced URL
===== [415/646] =====

### CSC345 - University of Arizona  (ratings=25.0)
    url: https://plantarc.github.io/csslides/csc345.html
    [found] 35 slide link(s) at reduction 0
    + saved  1_Compilers_-_Overview.pdf
    + saved  2_Compilers_-_Lexical_Analysis_Finite_Automata_and_Regular_Expressions.pdf
    + saved  3_Compilers_-_Java_PushbackReader.pdf
    + saved  4_Java_-_JUnit_and_Automated_Testing_IntelliJ.pdf
    + saved  5_Compilers_-_Scanner.pdf
    + saved  6_Compilers_-_Grammar.pdf
    + saved  7_Compilers_-_First_Set.pdf
    + saved  8_Compilers_-_Follow_and_First_Sets.pdf
    + saved  9_Compilers_-_Parsing.pdf
    + saved  10_Compilers_-_Recursive_Descent_Parsers.pdf
    + saved  11_Java_-_Inheritance_and_Aggregation.pdf
    + saved  12_Java_-_Adv_Object_Oriented_-_abstract_static.pdf
    + saved  13_Data_Structures_-_Binary_Search_Tree_-_Linked.pdf
    + saved  14_Compilers_-_Abstract_Syntax_Tree.pdf
    + saved  15_Compilers_-_Computer_Architecture_and_Assembler_Overview.pdf
    + saved  16_Compilers_-_Semantic_Analysis.pdf
    + saved  17_Pseudo_Assembler_Overview_v4.pdf
    + saved  18_Java_-_Import_a_Maven_Library_into_an_IntelliJ_Project.pdf
    + saved  19_Compilers_-_Code_Generation.pdf
    + saved  20_Compilers_-_Register_Allocation.pdf
    + saved  21_Compilers_-_Instruction_Scheduling.pdf
    + saved  22_Compilers_-_Lab_-_PushbackReader.pdf
    + saved  23_Compilers_-_Lab_-_Scanner.pdf
    + saved  24_Lab_-_Java_-_JUnit_IntelliJ.pdf
    + saved  25_Compilers_-_Lab_-_Grammar.pdf
    + saved  26_Compilers_-_Lab_-_First_Follow_and_First_Sets.pdf
    + saved  27_Compilers_-_Lab_-_Recursive_Descent_Parser.pdf
    + saved  28_Compilers_-_Lab_-_Abstract_Syntax_Tree_Diagrams.pdf
    + saved  29_Compilers_-_Lab_-_Abstract_Syntax_Tree_Code.pdf
    + saved  30_Compilers_-_Lab_-_Import_PseudoAssemblyObf_Library_and_Run_Program.pdf
    + saved  31_Compilers_-_Lab_-_Assembly_Language_Programming.pdf
    + saved  32_Compilers_-_Lab_-_Code_Generation_-_Conceptual.pdf
    + saved  33_Compilers_-_Lab_-_Code_Generation_-_Coding.pdf
    + saved  34_Compilers_-_Lab_-_Register_Allocation_-_Conceptual.pdf
    + saved  35_Compilers_-_Lab_-_Instruction_Scheduling_-_Conceptual.pdf
    -> saved: 35 new, 0 skip, 0 dup, 0 fail  (https://plantarc.github.io/csslides/csc345.html)
===== [416/646] =====

### CSC360 - University of Victoria  (ratings=78.0)
    url: https://webhome.cs.uvic.ca/~pan/csc360f14/
    -> no slides found on any reduced URL
===== [417/646] =====

### CSC4101 - Louisiana State University  (ratings=8.0)
    url: https://www.cct.lsu.edu/~kosar/csc4101-spring06/
    [found] 24 slide link(s) at reduction 0
    + saved  1_01-Introduction.pdf
    + saved  2_02-Compilation.pdf
    + saved  3_03-Context_Free_Grammars.pdf
    + saved  4_05-Finite_Automata.pdf
    + saved  5_06-Parsing.pdf
    + saved  6_07-Names_Scopes-I.pdf
    + saved  7_08-Names_Scopes-II.pdf
    + saved  8_09-Semantic_Analysis-I.pdf
    + saved  9_10-Semantic_Analysis-II.pdf
    + saved  10_11-Control_Flow.pdf
    + saved  11_12-Iteration_Recursion.pdf
    + saved  12_13-Functional_Languages_and_Scheme-I.pdf
    + saved  13_14-Functional_Languages_and_Scheme-II.pdf
    + saved  14_15-Type_Checking.pdf
    + saved  15_16-Records.pdf
    + saved  16_17-Variants_Arrays.pdf
    + saved  17_18-Arrays_Pointers.pdf
    + saved  18_19-Logic_Languages_and_Prolog.pdf
    + saved  19_20-Subroutines.pdf
    + saved  20_24-Object_Oriented_Programming.pdf
    + saved  21_25-Concurrent_Programming.pdf
    + saved  22_26-Shared_Memory.pdf
    + saved  23_27-Message_Passing.pdf
    + saved  24_28-Review.pdf
    -> saved: 24 new, 0 skip, 0 dup, 0 fail  (https://www.cct.lsu.edu/~kosar/csc4101-spring06/)
===== [418/646] =====

### CSC415 - San Francisco State University  (ratings=93.0)
    url: https://msucsis.github.io/csc415/resources/pdfs/allslides.pdf
    [found] 1 slide link(s) at reduction 0
    + saved  1_allslides.pdf
    -> saved: 1 new, 0 skip, 0 dup, 0 fail  (https://msucsis.github.io/csc415/resources/pdfs/allslides.pdf)
===== [419/646] =====

### CSC443 - University of Toronto  (ratings=9.0)
    url: https://www.teach.cs.toronto.edu/~csc443h/winter/
    [found] 10 slide link(s) at reduction 0
    + saved  1_Introduction_to_DBMS.pdf
    + saved  2_Storage_and_inexing.pdf
    + saved  3_Storing_Data.pdf
    + saved  4_Index_Structure.pdf
    + saved  5_Hash-based_Indexes_-_Externl_Sorting.pdf
    + saved  6_Overview_of_Query_Evaluation.pdf
    + saved  7_Evaluation_of_Relational_Operations.pdf
    + saved  8_Relational_Query_Optimization.pdf
    + saved  9_Cuncurrency-Control.pdf
    + saved  10_Crash_Recovery.pdf
    -> saved: 10 new, 0 skip, 0 dup, 0 fail  (https://www.teach.cs.toronto.edu/~csc443h/winter/)
===== [420/646] =====

### CSC4480 - Villanova University  (ratings=6.0)
    url: http://www.csc.villanova.edu/~enwafor/database/
    [found] 14 slide link(s) at reduction 0
    + saved  1_lecture_1.pdf
    + saved  2_lecture_2.pdf
    + saved  3_lecture_3.pdf
    + saved  4_lecture_3.5.pdf
    + saved  5_lecture_5.1.pdf
    + saved  6_lecture_6_normalization.pdf
    + saved  7_lecture_7_basic_sql.pdf
    + saved  8_lecture_8_advanced_sql.pdf
    + saved  9_lecture_9_database_programming.pdf
    + saved  10_lecture_10_nosql.pdf
    + saved  11_Lecture_11_filestorage_organization.pdf
    + saved  12_Lecture_12_indexes.pdf
    + saved  13_Lecture_13_transactions.pdf
    + saved  14_Lecture_14_concurrency.pdf
    -> saved: 14 new, 0 skip, 0 dup, 0 fail  (http://www.csc.villanova.edu/~enwafor/database/)
===== [421/646] =====

### CSC476 - American University  (ratings=6.0)
    url: https://calpoly-iandunn.github.io/csc476/lectures/
    [follow] no slides here; checking 21 sub-page(s)
    [found] 1 slide link(s) at reduction 0
    ! fail   http://www.dice.se/wp-content/uploads/2014/12/Introduction_to_Data-Oriented_Design.pdf  (http 404)
    [retry] links found but none downloaded; reducing further
    [reduce 1] https://calpoly-iandunn.github.io/csc476/
    [follow] no slides here; checking 22 sub-page(s)
    [found] 2 slide link(s) at reduction 1
    ! fail   http://www.dice.se/wp-content/uploads/2014/12/Introduction_to_Data-Oriented_Design.pdf  (http 404)
    + saved  2_s2015_pbs_physics_math_slides.pdf
    -> saved: 1 new, 0 skip, 0 dup, 1 fail  (https://calpoly-iandunn.github.io/csc476/)
===== [422/646] =====

### CSC545 - University of Miami  (ratings=7.0)
    url: https://www.cs.miami.edu/~geoff/Courses/CSC545-08S/
    [follow] no slides here; checking 1 sub-page(s)
    [reduce 1] https://www.cs.miami.edu/~geoff/Courses/
    -> no slides found on any reduced URL
===== [423/646] =====

### CSCDO1 - University of Toronto  (ratings=8.0)
    url: https://www.cs.toronto.edu/~rgrosse/courses/csc411_f18/slides/lec01-slides.pdf
    [found] 1 slide link(s) at reduction 0
    + saved  1_lec01-slides.pdf
    -> saved: 1 new, 0 skip, 0 dup, 0 fail  (https://www.cs.toronto.edu/~rgrosse/courses/csc411_f18/slides/lec01-slides.pdf)
===== [424/646] =====

### CSCE145 - University of South Carolina  (ratings=5.0)
    url: https://cse.sc.edu/~shephejj/csce145/LectureSlides/00CourseInformation145.pdf
    [found] 1 slide link(s) at reduction 0
    + saved  1_00CourseInformation145.pdf
    -> saved: 1 new, 0 skip, 0 dup, 0 fail  (https://cse.sc.edu/~shephejj/csce145/LectureSlides/00CourseInformation145.pdf)
===== [425/646] =====

### CSCE2214 - University of Arkansas  (ratings=23.0)
    url: https://ahnelson.uark.edu/courses/csce-2214-computer-organization-spring-2020/
    [found] 18 slide link(s) at reduction 0
    ! fail   http://csce.uark.edu/~ahnelson/CSCE2214/lectures/lecture1-8-great-ideas.pdf  (<urlopen error timed out>)
    ! fail   http://csce.uark.edu/~ahnelson/CSCE2214/lectures/lecture2-below-your-program.pdf  (<urlopen error timed out>)
    ! fail   http://csce.uark.edu/~ahnelson/CSCE2214/lectures/lecture3-processors-performance-power.pdf  (<urlopen error timed out>)
    ! fail   http://csce.uark.edu/~ahnelson/CSCE2214/lectures/lecture4-instructions-language-computer.pdf  (<urlopen error timed out>)
    ! fail   http://csce.uark.edu/~ahnelson/CSCE2214/lectures/lecture5-procedures-data-representation.pdf  (<urlopen error timed out>)
    ! fail   http://csce.uark.edu/~ahnelson/CSCE2214/lectures/lecture6-putting-it-together.pdf  (<urlopen error timed out>)
    ! fail   http://csce.uark.edu/~ahnelson/CSCE2214/lectures/lecture7-procedure-call-convention.pdf  (<urlopen error timed out>)
    ! fail   http://csce.uark.edu/~ahnelson/CSCE2214/lectures/lecture8-arithmetic-for-computers.pdf  (<urlopen error timed out>)
    ! fail   http://csce.uark.edu/~ahnelson/CSCE2214/lectures/lecture9-number-representation.pdf  (<urlopen error timed out>)
    ! fail   http://csce.uark.edu/~ahnelson/CSCE2214/lectures/lecture10-arithmetic-significance.pdf  (<urlopen error timed out>)
    ! fail   http://csce.uark.edu/~ahnelson/CSCE2214/lectures/lecture11-intro-the-processor.pdf  (<urlopen error timed out>)
    ! fail   http://csce.uark.edu/~ahnelson/CSCE2214/lectures/lecture12-pipelining.pdf  (<urlopen error timed out>)
    ! fail   http://csce.uark.edu/~ahnelson/CSCE2214/lectures/lecture10-and-a-half.pdf  (<urlopen error timed out>)
    ! fail   http://csce.uark.edu/~ahnelson/CSCE2214/lectures/study-guide-midterm2.pdf  (<urlopen error timed out>)
    ! fail   http://csce.uark.edu/~ahnelson/CSCE2214/lectures/lecture13-exceptions-parallelism-fallacies.pdf  (<urlopen error timed out>)
    ! fail   http://csce.uark.edu/~ahnelson/CSCE2214/lectures/lecture14-memory-cache.pdf  (<urlopen error timed out>)
    ! fail   http://csce.uark.edu/~ahnelson/CSCE2214/lectures/lecture15-virtual-machines-memory.pdf  (<urlopen error timed out>)
    ! fail   http://csce.uark.edu/~ahnelson/CSCE2214/lectures/lecture16-conclusion.pdf  (<urlopen error timed out>)
    [retry] links found but none downloaded; reducing further
    [reduce 1] https://ahnelson.uark.edu/courses/
    -> partial: 0 new, 0 skip, 0 dup, 18 fail  (https://ahnelson.uark.edu/courses/csce-2214-computer-organization-spring-2020/)
===== [426/646] =====

### CSCE390 - University of South Carolina  (ratings=10.0)
    url: https://www.cse.sc.edu/~mgv/csce390f23/index.html
    [found] 20 slide link(s) at reduction 0
    + saved  1_390_Ch1_supplement.pptx
    + saved  2_390_Ch3_a.pptx
    + saved  3_JobFairPreparation_f22.pptx
    + saved  4_390_HambyCareer_f21.pptx
    + saved  5_CSCE_390_Career_Fair_Prep_Internship_Search.pptx
    + saved  6_390_Mosich_Career_2018.pdf
    + saved  7_390_waugh_f16.pptx
    + saved  8_390_Powers_Career_f15.pdf
    + saved  9_390f19_Buell.pdf
    + saved  10_390_Ch3_b.pptx
    + saved  11_390_Ch3_supplement.pptx
    + saved  12_390_Ch6.pptx
    ! fail   https://www.cse.sc.edu/~mgv/csce390f23/notes/390_Farkas_2016.pptx  (http 404)
    + saved  14_390_Ch7.pptx
    + saved  15_390_Ch8.pptx
    + saved  16_390_Ch9.pptx
    + saved  17_390_BargerCases.pptx
    + saved  18_view.pdf
    + saved  19_Ziehl_Paul_Overview_Research_CEC.pptx
    ! fail   https://www.cse.sc.edu/~mgv/csce390f23/presentations/index.html  (not a recognized HTML slideshow)
    -> saved: 18 new, 0 skip, 0 dup, 2 fail  (https://www.cse.sc.edu/~mgv/csce390f23/index.html)
===== [427/646] =====

### CSCE4613 - University of Arkansas  (ratings=23.0)
    url: https://github.com/uark-cviu/uark-cviu.github.io/blob/master/classes/csce4613/index.html
    [follow] no slides here; checking 13 sub-page(s)
    [reduce 1] https://github.com/uark-cviu/uark-cviu.github.io/blob/master/classes/csce4613/
    [follow] no slides here; checking 16 sub-page(s)
    [found] 23 slide link(s) at reduction 1
    + saved  1_02.Class_Overview.pdf
    + saved  2_03.Intro.pdf
    + saved  3_04.DFS_BFS.pdf
    + saved  4_05.InformedSearch.pdf
    + saved  5_06.PythonTutorial.pdf
    + saved  6_07.InformedSearch-cont.pdf
    + saved  7_09.CSP.pdf
    + saved  8_0A.Asymptotic_analysis.pdf
    + saved  9_10.Probability.pdf
    + saved  10_11.Bayesian_networks.pdf
    + saved  11_12.Reviews.pdf
    + saved  12_13.NN_Introduction.pdf
    + saved  13_14.PyTorchTutorial.pdf
    + saved  14_15.LeNet.pdf
    + saved  15_16.IntroCNN.pdf
    + saved  16_19.Transformers.pdf
    + saved  17_20.Research-directions.pdf
    + saved  18_21.Bayesian_networks_ext.pdf
    + saved  19_22.ML_Projects.pdf
    + saved  20_23.AgenticAI.pdf
    + saved  21_Bonus_Project.pdf
    + saved  22_Final_2025-A.pdf
    + saved  23_Midterm_Sample.pdf
    -> saved: 23 new, 0 skip, 0 dup, 0 fail  (https://github.com/uark-cviu/uark-cviu.github.io/blob/master/classes/csce4613/)
===== [428/646] =====

### CSCE476 - University of Nebraska-Lincoln  (ratings=7.0)
    url: https://cse.unl.edu/~choueiry/F20-476-876/
    [follow] no slides here; checking 2 sub-page(s)
    -> no slides found on any reduced URL
===== [429/646] =====

### CSCE790 - University of South Carolina  (ratings=5.0)
    url: https://cse.sc.edu/~mgv/csce790sp19/index.html
    [found] 4 slide link(s) at reduction 0
    + saved  1_introBN.pptx
    + saved  2_introBNExamples.ppt
    ! fail   https://cse.sc.edu/~mgv/csce790sp19/presentations/index.html  (not a recognized HTML slideshow)
    + saved  4_580Ch4.pptx
    -> saved: 3 new, 0 skip, 0 dup, 1 fail  (https://cse.sc.edu/~mgv/csce790sp19/index.html)
===== [430/646] =====

### CSCI1000 - University of Colorado Boulder  (ratings=34.0)
    url: https://basil.colorado.edu/courses/fa25/csci7000/logistics/
    [follow] no slides here; checking 1 sub-page(s)
    [reduce 1] https://basil.colorado.edu/courses/fa25/csci7000/
    [fetch] status=403
    [reduce 2] https://basil.colorado.edu/courses/fa25/
    [fetch] status=403
    [reduce 3] https://basil.colorado.edu/courses/
    [fetch] status=403
    -> no slides found on any reduced URL
===== [431/646] =====

### CSCI1010 - East Carolina University  (ratings=20.0)
    url: https://github.com/Mao-ECU/Fall2021_CSCI1010
    [follow] no slides here; checking 9 sub-page(s)
    [reduce 1] https://github.com/Mao-ECU/
    [follow] no slides here; checking 9 sub-page(s)
    -> no slides found on any reduced URL
===== [432/646] =====

### CSCI1012 - George Washington University  (ratings=99.0)
    url: https://www2.seas.gwu.edu/~cs4all/1012/
    [found] 23 slide link(s) at reduction 0
    ! fail   https://www2.seas.gwu.edu/~cs4all/1012/unit1/week1.html  (not a recognized HTML slideshow)
    ! fail   https://www2.seas.gwu.edu/~cs4all/1012/unit1/week2.html  (not a recognized HTML slideshow)
    ! fail   https://www2.seas.gwu.edu/~cs4all/1012/unit1/week3.html  (not a recognized HTML slideshow)
    ! fail   https://www2.seas.gwu.edu/~cs4all/1012/unit1/week4.html  (not a recognized HTML slideshow)
    ! fail   https://www2.seas.gwu.edu/~cs4all/1012/unit1/week5.html  (not a recognized HTML slideshow)
    ! fail   https://www2.seas.gwu.edu/~cs4all/1012/unit1/week6.html  (not a recognized HTML slideshow)
    ! fail   https://www2.seas.gwu.edu/~cs4all/1012/unit2/week7.html  (not a recognized HTML slideshow)
    ! fail   https://www2.seas.gwu.edu/~cs4all/1012/unit2/week8.html  (not a recognized HTML slideshow)
    ! fail   https://www2.seas.gwu.edu/~cs4all/1012/unit2/week9.html  (not a recognized HTML slideshow)
    ! fail   https://www2.seas.gwu.edu/~cs4all/1012/unit2/week10.html  (not a recognized HTML slideshow)
    ! fail   https://www2.seas.gwu.edu/~cs4all/1012/unit2/week11.html  (not a recognized HTML slideshow)
    ! fail   https://www2.seas.gwu.edu/~cs4all/1012/unit2/week12.html  (not a recognized HTML slideshow)
    ! fail   https://www2.seas.gwu.edu/~cs4all/1012/lectures/01/lec01.html  (not a recognized HTML slideshow)
    ! fail   https://www2.seas.gwu.edu/~cs4all/1012/lectures/03/lec03.html  (not a recognized HTML slideshow)
    ! fail   https://www2.seas.gwu.edu/~cs4all/1012/lectures/04/lec04.html  (not a recognized HTML slideshow)
    ! fail   https://www2.seas.gwu.edu/~cs4all/1012/lectures/05/lec05.html  (not a recognized HTML slideshow)
    ! fail   https://www2.seas.gwu.edu/~cs4all/1012/lectures/06/lec06.html  (not a recognized HTML slideshow)
    ! fail   https://www2.seas.gwu.edu/~cs4all/1012/lectures/07/lec07.html  (not a recognized HTML slideshow)
    ! fail   https://www2.seas.gwu.edu/~cs4all/1012/lectures/08/lec08.html  (not a recognized HTML slideshow)
    ! fail   https://www2.seas.gwu.edu/~cs4all/1012/lectures/09/lec09.html  (not a recognized HTML slideshow)
    ! fail   https://www2.seas.gwu.edu/~cs4all/1012/lectures/10/lec10.html  (not a recognized HTML slideshow)
    ! fail   https://www2.seas.gwu.edu/~cs4all/1012/lectures/11/lec11.html  (not a recognized HTML slideshow)
    ! fail   https://www2.seas.gwu.edu/~cs4all/1012/lectures/13/lec13.html  (not a recognized HTML slideshow)
    [retry] links found but none downloaded; reducing further
    -> partial: 0 new, 0 skip, 0 dup, 23 fail  (https://www2.seas.gwu.edu/~cs4all/1012/)
===== [433/646] =====

### CSCI1100 - Rensselaer Polytechnic Institute  (ratings=55.0)
    url: https://www.cs.rpi.edu/~mushtu/CS1100/index.html
    [found] 1 slide link(s) at reduction 0
    ! fail   https://www.cs.rpi.edu/~mushtu/CS1100/weekly_lecture_lab.html  (not a recognized HTML slideshow)
    [retry] links found but none downloaded; reducing further
    [reduce 1] https://www.cs.rpi.edu/~mushtu/CS1100/
    [found] 1 slide link(s) at reduction 1
    ! fail   https://www.cs.rpi.edu/~mushtu/CS1100/weekly_lecture_lab.html  (not a recognized HTML slideshow)
    [retry] links found but none downloaded; reducing further
    -> partial: 0 new, 0 skip, 0 dup, 1 fail  (https://www.cs.rpi.edu/~mushtu/CS1100/index.html)
===== [434/646] =====

### CSCI111 - Queens College  (ratings=32.0)
    url: https://github.com/hackettccp/CSCI111
    [follow] no slides here; checking 10 sub-page(s)
    [found] 11 slide link(s) at reduction 0
    + saved  1_10_CSCI111_Text_Processing_Hackett.pdf
    + saved  2_11_CSCI111_Basic_File_IO_Hackett.pdf
    + saved  3_1_CSCI111_Introduction_to_Computing_MH.pdf
    + saved  4_2_CSCI111_Object_Oriented_Programming_I_Hackett.pdf
    + saved  5_3_CSCI111_Object_Oriented_Programming_II_Hackett.pdf
    + saved  6_4_CSCI111_Object_Oriented_Programming_III_Hackett.pdf
    + saved  7_5_CSCI111_Logic_and_Branching_Hackett.pdf
    + saved  8_6_CSCI111_Repetitive_Structures_Hackett.pdf
    + saved  9_7_CSCI111_Arrays_I_Hackett.pdf
    + saved  10_8_CSCI111_Arrays_II_Hackett.pdf
    + saved  11_9_CSCI111_Object_Oriented_Programming_IV_Hackett.pdf
    -> saved: 11 new, 0 skip, 0 dup, 0 fail  (https://github.com/hackettccp/CSCI111)
===== [435/646] =====

### CSCI1111 - George Washington University  (ratings=53.0)
    url: https://www2.seas.gwu.edu/~kinga/CS1111_S26/index.html
    [follow] no slides here; checking 2 sub-page(s)
    [found] 4 slide link(s) at reduction 0
    ! fail   https://www2.seas.gwu.edu/~kinga/CS1111_S26/lectures/lectureNotes01.html  (not a recognized HTML slideshow)
    ! fail   https://www2.seas.gwu.edu/~kinga/CS1111_S26/lectures/compilation.html  (not a recognized HTML slideshow)
    ! fail   https://www2.seas.gwu.edu/~kinga/CS1111_S26/lectures/compilation_array_loop.html  (not a recognized HTML slideshow)
    ! fail   https://www2.seas.gwu.edu/~kinga/CS1111_S26/lectures/lectureNotes02.html#but-how-does-a-computer-work  (not a recognized HTML slideshow)
    [retry] links found but none downloaded; reducing further
    [reduce 1] https://www2.seas.gwu.edu/~kinga/CS1111_S26/
    [follow] no slides here; checking 1 sub-page(s)
    [found] 4 slide link(s) at reduction 1
    ! fail   https://www2.seas.gwu.edu/~kinga/CS1111_S26/lectures/lectureNotes01.html  (not a recognized HTML slideshow)
    ! fail   https://www2.seas.gwu.edu/~kinga/CS1111_S26/lectures/compilation.html  (not a recognized HTML slideshow)
    ! fail   https://www2.seas.gwu.edu/~kinga/CS1111_S26/lectures/compilation_array_loop.html  (not a recognized HTML slideshow)
    ! fail   https://www2.seas.gwu.edu/~kinga/CS1111_S26/lectures/lectureNotes02.html#but-how-does-a-computer-work  (not a recognized HTML slideshow)
    [retry] links found but none downloaded; reducing further
    -> partial: 0 new, 0 skip, 0 dup, 4 fail  (https://www2.seas.gwu.edu/~kinga/CS1111_S26/index.html)
===== [436/646] =====

### CSCI1170 - Dalhousie University  (ratings=28.0)
    url: https://web.cs.dal.ca/~tt/fundamentals/slides/pdf%20Dec09/
    [found] 11 slide link(s) at reduction 0
    + saved  1_Chapter3.pdf
    + saved  2_SlidesChapter1.pdf
    + saved  3_SlidesChapter2.pdf
    + saved  4_SlidesChapter3.pdf
    + saved  5_SlidesChapter4.pdf
    + saved  6_SlidesChapter5.pdf
    + saved  7_SlidesChapter6.pdf
    + saved  8_SlidesChapter7.pdf
    + saved  9_SlidesChapter8.pdf
    + saved  10_SlidesChapter9.pdf
    + saved  11_SlidesChapter10.pdf
    -> saved: 11 new, 0 skip, 0 dup, 0 fail  (https://web.cs.dal.ca/~tt/fundamentals/slides/pdf%20Dec09/)
===== [437/646] =====

### CSCI1200 - Rensselaer Polytechnic Institute  (ratings=96.0)
    url: http://www.cs.rpi.edu/academics/courses/fall22/csci1200/crash_course_cpp_syntax.php
    [follow] no slides here; checking 2 sub-page(s)
    [found] 28 slide link(s) at reduction 0
    + saved  1_01_introduction.pdf
    + saved  2_02_classes_I.pdf
    + saved  3_03_classes_II.pdf
    + saved  4_04_pointers.pdf
    + saved  5_05_memory.pdf
    + saved  6_06_vector_implementation.pdf
    + saved  7_07_big_o_notation_recursion.pdf
    + saved  8_08_lists_and_iterators.pdf
    + saved  9_09_linked_lists.pdf
    + saved  10_10_list_implementation.pdf
    + saved  11_11_advanced_recursion.pdf
    + saved  12_12_problem_solving_I.pdf
    + saved  13_13_problem_solving_II.pdf
    + saved  14_14_operators.pdf
    + saved  15_15_maps_I.pdf
    + saved  16_16_maps_II.pdf
    + saved  17_17_trees_I.pdf
    + saved  18_18_trees_II.pdf
    + saved  19_19_trees_III.pdf
    + saved  20_20_trees_IV.pdf
    + saved  21_21_hybrid_data_structures.pdf
    + saved  22_22_hash_tables_I.pdf
    + saved  23_23_hash_tables_II.pdf
    + saved  24_24_inheritance.pdf
    + saved  25_25_priority_queues.pdf
    + saved  26_26_exceptions.pdf
    + saved  27_27_garbage_collection.pdf
    + saved  28_28_concurrency.pdf
    -> saved: 28 new, 0 skip, 0 dup, 0 fail  (http://www.cs.rpi.edu/academics/courses/fall22/csci1200/crash_course_cpp_syntax.php)
===== [438/646] =====

### CSCI127 - Montana State University  (ratings=11.0)
    url: https://www.cs.montana.edu/defrance/classes/127
    [found] 26 slide link(s) at reduction 0
    ! fail   https://www.cs.montana.edu/defrance/classes/127/lectures/Intro/installpython/index.html  (not a recognized HTML slideshow)
    ! fail   https://www.cs.montana.edu/defrance/classes/127/lectures/Intro/TurtleGraphics/events.html  (not a recognized HTML slideshow)
    ! fail   https://www.cs.montana.edu/defrance/classes/127/lectures/Lists/lists-1.html  (not a recognized HTML slideshow)
    ! fail   https://www.cs.montana.edu/defrance/classes/127/lectures/Lists/lists-2.html  (not a recognized HTML slideshow)
    ! fail   https://www.cs.montana.edu/defrance/classes/127/lectures/Lists/lists-3.html  (not a recognized HTML slideshow)
    ! fail   https://www.cs.montana.edu/defrance/classes/127/lectures/Files/files-1.html  (not a recognized HTML slideshow)
    ! fail   https://www.cs.montana.edu/defrance/classes/127/lectures/Files/files-2.html  (not a recognized HTML slideshow)
    ! fail   https://www.cs.montana.edu/defrance/classes/127/lectures/Files/files-3.html  (not a recognized HTML slideshow)
    ! fail   https://www.cs.montana.edu/defrance/classes/127/lectures/Dictionaries/day-1.html  (not a recognized HTML slideshow)
    ! fail   https://www.cs.montana.edu/defrance/classes/127/lectures/Dictionaries/day-2.html  (not a recognized HTML slideshow)
    ! fail   https://www.cs.montana.edu/defrance/classes/127/lectures/Dictionaries/day-3.html  (not a recognized HTML slideshow)
    ! fail   https://www.cs.montana.edu/defrance/classes/127/lectures/OOP/day-1.html  (not a recognized HTML slideshow)
    ! fail   https://www.cs.montana.edu/defrance/classes/127/lectures/OOP/day-2.html  (not a recognized HTML slideshow)
    ! fail   https://www.cs.montana.edu/defrance/classes/127/lectures/OOP/day-3.html  (not a recognized HTML slideshow)
    ! fail   https://www.cs.montana.edu/defrance/classes/127/lectures/OOP-2/day-1.html  (not a recognized HTML slideshow)
    ! fail   https://www.cs.montana.edu/defrance/classes/127/lectures/OOP-2/day-2.html  (not a recognized HTML slideshow)
    ! fail   https://www.cs.montana.edu/defrance/classes/127/lectures/Numeric/day1.html  (not a recognized HTML slideshow)
    ! fail   https://www.cs.montana.edu/defrance/classes/127/lectures/Numeric/day2.html  (not a recognized HTML slideshow)
    ! fail   https://www.cs.montana.edu/defrance/classes/127/lectures/Numeric/day3.html  (not a recognized HTML slideshow)
    ! fail   https://www.cs.montana.edu/defrance/classes/127/lectures/Plot/day1.html  (not a recognized HTML slideshow)
    ! fail   https://www.cs.montana.edu/defrance/classes/127/lectures/Plot/day2.html  (not a recognized HTML slideshow)
    ! fail   https://www.cs.montana.edu/defrance/classes/127/lectures/Plot/day3.html  (not a recognized HTML slideshow)
    ! fail   https://www.cs.montana.edu/defrance/classes/127/lectures/pandas/day1.html  (not a recognized HTML slideshow)
    ! fail   https://www.cs.montana.edu/defrance/classes/127/lectures/pandas/day2.html  (not a recognized HTML slideshow)
    ! fail   https://www.cs.montana.edu/defrance/classes/127/lectures/pandas/day3.html  (not a recognized HTML slideshow)
    ! fail   https://www.cs.montana.edu/defrance/classes/127/lectures/Learning/day1.html  (not a recognized HTML slideshow)
    [retry] links found but none downloaded; reducing further
    [reduce 1] https://www.cs.montana.edu/defrance/classes/
    [follow] no slides here; checking 5 sub-page(s)
    [found] 26 slide link(s) at reduction 1
    ! fail   https://www.cs.montana.edu/defrance/classes/127/lectures/Intro/installpython/index.html  (not a recognized HTML slideshow)
    ! fail   https://www.cs.montana.edu/defrance/classes/127/lectures/Intro/TurtleGraphics/events.html  (not a recognized HTML slideshow)
    ! fail   https://www.cs.montana.edu/defrance/classes/127/lectures/Lists/lists-1.html  (not a recognized HTML slideshow)
    ! fail   https://www.cs.montana.edu/defrance/classes/127/lectures/Lists/lists-2.html  (not a recognized HTML slideshow)
    ! fail   https://www.cs.montana.edu/defrance/classes/127/lectures/Lists/lists-3.html  (not a recognized HTML slideshow)
    ! fail   https://www.cs.montana.edu/defrance/classes/127/lectures/Files/files-1.html  (not a recognized HTML slideshow)
    ! fail   https://www.cs.montana.edu/defrance/classes/127/lectures/Files/files-2.html  (not a recognized HTML slideshow)
    ! fail   https://www.cs.montana.edu/defrance/classes/127/lectures/Files/files-3.html  (not a recognized HTML slideshow)
    ! fail   https://www.cs.montana.edu/defrance/classes/127/lectures/Dictionaries/day-1.html  (not a recognized HTML slideshow)
    ! fail   https://www.cs.montana.edu/defrance/classes/127/lectures/Dictionaries/day-2.html  (not a recognized HTML slideshow)
    ! fail   https://www.cs.montana.edu/defrance/classes/127/lectures/Dictionaries/day-3.html  (not a recognized HTML slideshow)
    ! fail   https://www.cs.montana.edu/defrance/classes/127/lectures/OOP/day-1.html  (not a recognized HTML slideshow)
    ! fail   https://www.cs.montana.edu/defrance/classes/127/lectures/OOP/day-2.html  (not a recognized HTML slideshow)
    ! fail   https://www.cs.montana.edu/defrance/classes/127/lectures/OOP/day-3.html  (not a recognized HTML slideshow)
    ! fail   https://www.cs.montana.edu/defrance/classes/127/lectures/OOP-2/day-1.html  (not a recognized HTML slideshow)
    ! fail   https://www.cs.montana.edu/defrance/classes/127/lectures/OOP-2/day-2.html  (not a recognized HTML slideshow)
    ! fail   https://www.cs.montana.edu/defrance/classes/127/lectures/Numeric/day1.html  (not a recognized HTML slideshow)
    ! fail   https://www.cs.montana.edu/defrance/classes/127/lectures/Numeric/day2.html  (not a recognized HTML slideshow)
    ! fail   https://www.cs.montana.edu/defrance/classes/127/lectures/Numeric/day3.html  (not a recognized HTML slideshow)
    ! fail   https://www.cs.montana.edu/defrance/classes/127/lectures/Plot/day1.html  (not a recognized HTML slideshow)
    ! fail   https://www.cs.montana.edu/defrance/classes/127/lectures/Plot/day2.html  (not a recognized HTML slideshow)
    ! fail   https://www.cs.montana.edu/defrance/classes/127/lectures/Plot/day3.html  (not a recognized HTML slideshow)
    ! fail   https://www.cs.montana.edu/defrance/classes/127/lectures/pandas/day1.html  (not a recognized HTML slideshow)
    ! fail   https://www.cs.montana.edu/defrance/classes/127/lectures/pandas/day2.html  (not a recognized HTML slideshow)
    ! fail   https://www.cs.montana.edu/defrance/classes/127/lectures/pandas/day3.html  (not a recognized HTML slideshow)
    ! fail   https://www.cs.montana.edu/defrance/classes/127/lectures/Learning/day1.html  (not a recognized HTML slideshow)
    [retry] links found but none downloaded; reducing further
    [reduce 2] https://www.cs.montana.edu/defrance/
    [follow] no slides here; checking 2 sub-page(s)
    -> partial: 0 new, 0 skip, 0 dup, 26 fail  (https://www.cs.montana.edu/defrance/classes/127)
===== [439/646] =====

### CSCI1301 - University of Georgia  (ratings=256.0)
    url: https://csci-1301.github.io/slides.html
    [found] 50 slide link(s) at reduction 0
    + saved  1_slides.pdf
    + saved  2_slides.pdf
    ! fail   https://github.com/csci-1301/csci-1301.github.io/raw/main/lectures/010_general_concepts/Programming-Intro.pptx  (http 404)
    ! fail   https://github.com/csci-1301/csci-1301.github.io/raw/main/lectures/010_general_concepts/Programming-Intro.pdf  (http 404)
    ! fail   https://github.com/csci-1301/csci-1301.github.io/raw/main/lectures/020_first_program/C%23-Intro-WriteLine.pptx  (http 404)
    ! fail   https://github.com/csci-1301/csci-1301.github.io/raw/main/lectures/020_first_program/C%23-Intro-WriteLine.pdf  (http 404)
    ! fail   https://github.com/csci-1301/csci-1301.github.io/raw/main/lectures/030_datatypes_and_variables/Datatypes-Variables.pptx  (http 404)
    ! fail   https://github.com/csci-1301/csci-1301.github.io/raw/main/lectures/030_datatypes_and_variables/Datatypes-Variables.pdf  (http 404)
    ! fail   https://github.com/csci-1301/csci-1301.github.io/raw/main/lectures/030_datatypes_and_variables/Datatypes-Variables-Details.pptx  (http 404)
    ! fail   https://github.com/csci-1301/csci-1301.github.io/raw/main/lectures/030_datatypes_and_variables/Datatypes-Variables-Details.pdf  (http 404)
    ! fail   https://github.com/csci-1301/csci-1301.github.io/raw/main/lectures/040_operators/Operators-Conversions.pptx  (http 404)
    ! fail   https://github.com/csci-1301/csci-1301.github.io/raw/main/lectures/040_operators/Operators-Conversions.pdf  (http 404)
    ! fail   https://github.com/csci-1301/csci-1301.github.io/raw/main/lectures/040_operators/Arithmetic-Conversions.pptx  (http 404)
    ! fail   https://github.com/csci-1301/csci-1301.github.io/raw/main/lectures/040_operators/Arithmetic-Conversions.pdf  (http 404)
    ! fail   https://github.com/csci-1301/csci-1301.github.io/raw/main/lectures/050_reading_and_displaying/Input-Output-Concatenation.pptx  (http 404)
    ! fail   https://github.com/csci-1301/csci-1301.github.io/raw/main/lectures/050_reading_and_displaying/Input-Output-Concatenation.pdf  (http 404)
    ! fail   https://github.com/csci-1301/csci-1301.github.io/raw/main/lectures/060_object_oriented_intro/Objects-Intro.pptx  (http 404)
    ! fail   https://github.com/csci-1301/csci-1301.github.io/raw/main/lectures/060_object_oriented_intro/Objects-Intro.pdf  (http 404)
    ! fail   https://github.com/csci-1301/csci-1301.github.io/raw/main/lectures/060_object_oriented_intro/Method-Details-UML.pptx  (http 404)
    ! fail   https://github.com/csci-1301/csci-1301.github.io/raw/main/lectures/060_object_oriented_intro/Method-Details-UML.pdf  (http 404)
    ! fail   https://github.com/csci-1301/csci-1301.github.io/raw/main/lectures/060_object_oriented_intro/Scope-Reference-Types.pptx  (http 404)
    ! fail   https://github.com/csci-1301/csci-1301.github.io/raw/main/lectures/060_object_oriented_intro/Scope-Reference-Types.pdf  (http 404)
    ! fail   https://github.com/csci-1301/csci-1301.github.io/raw/main/lectures/070_object_oriented_contd/Constructors-ToString.pptx  (http 404)
    ! fail   https://github.com/csci-1301/csci-1301.github.io/raw/main/lectures/070_object_oriented_contd/Constructors-ToString.pdf  (http 404)
    ! fail   https://github.com/csci-1301/csci-1301.github.io/raw/main/lectures/070_object_oriented_contd/Overloads-Properties.pptx  (http 404)
    ! fail   https://github.com/csci-1301/csci-1301.github.io/raw/main/lectures/070_object_oriented_contd/Overloads-Properties.pdf  (http 404)
    ! fail   https://github.com/csci-1301/csci-1301.github.io/raw/main/lectures/080_decisions_booleans_and_comparisons/Booleans-Comparisons.pptx  (http 404)
    ! fail   https://github.com/csci-1301/csci-1301.github.io/raw/main/lectures/080_decisions_booleans_and_comparisons/Booleans-Comparisons.pdf  (http 404)
    ! fail   https://github.com/csci-1301/csci-1301.github.io/raw/main/lectures/090_if/If-Else.pptx  (http 404)
    ! fail   https://github.com/csci-1301/csci-1301.github.io/raw/main/lectures/090_if/If-Else.pdf  (http 404)
    ! fail   https://github.com/csci-1301/csci-1301.github.io/raw/main/lectures/100_switch/Switch.pptx  (http 404)
    ! fail   https://github.com/csci-1301/csci-1301.github.io/raw/main/lectures/100_switch/Switch.pdf  (http 404)
    ! fail   https://github.com/csci-1301/csci-1301.github.io/raw/main/lectures/110_while_loops_and_vocabulary/While-Increment.pptx  (http 404)
    ! fail   https://github.com/csci-1301/csci-1301.github.io/raw/main/lectures/110_while_loops_and_vocabulary/While-Increment.pdf  (http 404)
    ! fail   https://github.com/csci-1301/csci-1301.github.io/raw/main/lectures/110_while_loops_and_vocabulary/Do-While-Vocab.pptx  (http 404)
    ! fail   https://github.com/csci-1301/csci-1301.github.io/raw/main/lectures/110_while_loops_and_vocabulary/Do-While-Vocab.pdf  (http 404)
    ! fail   https://github.com/csci-1301/csci-1301.github.io/raw/main/lectures/130_combining_decision_and_classes/If-With-Classes.pptx  (http 404)
    ! fail   https://github.com/csci-1301/csci-1301.github.io/raw/main/lectures/130_combining_decision_and_classes/If-With-Classes.pdf  (http 404)
    ! fail   https://github.com/csci-1301/csci-1301.github.io/raw/main/lectures/130_combining_decision_and_classes/While-With-Classes.pptx  (http 404)
    ! fail   https://github.com/csci-1301/csci-1301.github.io/raw/main/lectures/130_combining_decision_and_classes/While-With-Classes.pdf  (http 404)
    ! fail   https://github.com/csci-1301/csci-1301.github.io/raw/main/lectures/140_arrays/Arrays.pptx  (http 404)
    ! fail   https://github.com/csci-1301/csci-1301.github.io/raw/main/lectures/140_arrays/Arrays.pdf  (http 404)
    ! fail   https://github.com/csci-1301/csci-1301.github.io/raw/main/lectures/150_for_loops/For-Loops.pptx  (http 404)
    ! fail   https://github.com/csci-1301/csci-1301.github.io/raw/main/lectures/150_for_loops/For-Loops.pdf  (http 404)
    ! fail   https://github.com/csci-1301/csci-1301.github.io/raw/main/lectures/160_foreach/Arrays-Foreach.pptx  (http 404)
    ! fail   https://github.com/csci-1301/csci-1301.github.io/raw/main/lectures/160_foreach/Arrays-Foreach.pdf  (http 404)
    ! fail   https://github.com/csci-1301/csci-1301.github.io/raw/main/lectures/170_static_elements/Static.pptx  (http 404)
    ! fail   https://github.com/csci-1301/csci-1301.github.io/raw/main/lectures/170_static_elements/Static.pdf  (http 404)
    + saved  49_slides.pdf
    + saved  50_slides.pdf
    -> saved: 4 new, 0 skip, 0 dup, 46 fail  (https://csci-1301.github.io/slides.html)
===== [440/646] =====

### CSCI131 - College of the Holy Cross  (ratings=5.0)
    url: https://mathcs.holycross.edu/~croyden/csci131/index.html
    [found] 1 slide link(s) at reduction 0
    ! fail   https://mathcs.holycross.edu/~croyden/csci131/lectures/lectures.html  (not a recognized HTML slideshow)
    [retry] links found but none downloaded; reducing further
    [reduce 1] https://mathcs.holycross.edu/~croyden/csci131/
    [found] 1 slide link(s) at reduction 1
    ! fail   https://mathcs.holycross.edu/~croyden/csci131/lectures/lectures.html  (not a recognized HTML slideshow)
    [retry] links found but none downloaded; reducing further
    -> partial: 0 new, 0 skip, 0 dup, 1 fail  (https://mathcs.holycross.edu/~croyden/csci131/index.html)
===== [441/646] =====

### CSCI2132 - Dalhousie University  (ratings=10.0)
    url: https://web.cs.dal.ca/~vlado/csci2132/slides/sd01-slides.pdf
    [found] 1 slide link(s) at reduction 0
    + saved  1_sd01-slides.pdf
    -> saved: 1 new, 0 skip, 0 dup, 0 fail  (https://web.cs.dal.ca/~vlado/csci2132/slides/sd01-slides.pdf)
===== [442/646] =====

### CSCI2141 - Dalhousie University  (ratings=25.0)
    url: https://web.cs.dal.ca/~hawkey/2141/index.htm
    [found] 30 slide link(s) at reduction 0
    ! fail   http://pages.cs.wisc.edu/~dbbook/openAccess/thirdEdition/slides/slides3ed.html  (not a recognized HTML slideshow)
    + saved  2_2141_W1D1_intro.pptx
    + saved  3_2_Intro_data_modelling.pptx
    + saved  4_Transit_Schedules_Scenario.pdf
    + saved  5_TransitSchedulesTaskScenarios.pdf
    + saved  6_ERModellingExercise.pdf
    ! fail   https://web.cs.dal.ca/~hawkey/2141/ER_diagram_Jan21.pdf  (http 404)
    + saved  8_ER_to_tables.ppt
    + saved  9_data_anomalies.ppt
    + saved  10_W2013_Relational_Algebra.ppt
    + saved  11_W2013_Relational_Algebra2.ppt
    + saved  12_divpresentation.pdf
    + saved  13_Mid-term_review.pptx
    + saved  14_Normalization_new.ppt
    + saved  15_Normalization_review.ppt
    + saved  16_RelationalAlgebraToSQL.ppt
    + saved  17_constraints_transactions.ppt
    + saved  18_queryopt.ppt
    + saved  19_NoSQL.ppt
    + saved  20_SQLSecurity.ppt
    + saved  21_2141_A1_W2013.pdf
    + saved  22_2141_A2_W2013.pdf
    + saved  23_2141_W2013_A3.pdf
    + saved  24_2141_W2013_A4.pdf
    + saved  25_2141_W2013_A5.pdf
    + saved  26_W2013_Ass5_fix.pdf
    + saved  27_Ass5_clarification.pptx
    + saved  28_2141_W2013_A6.pdf
    + saved  29_2141_W2013_project.pdf
    + saved  30_2141_W2013_project_v2.pdf
    -> saved: 28 new, 0 skip, 0 dup, 2 fail  (https://web.cs.dal.ca/~hawkey/2141/index.htm)
===== [443/646] =====

### CSCI221 - Reed College  (ratings=7.0)
    url: https://jimfix.github.io/csci221/index.html
    [found] 50 slide link(s) at reduction 0
    + saved  1_Lec01-1.pdf
    ! fail   https://jimfix.github.io/csci221/lectures/Lec01-1.html  (not a recognized HTML slideshow)
    + saved  3_Lec01-2.pdf
    ! fail   https://jimfix.github.io/csci221/lectures/C-examples-wk01/index.html  (not a recognized HTML slideshow)
    ! fail   https://jimfix.github.io/csci221/lectures/Lec01-2.html  (not a recognized HTML slideshow)
    ! fail   https://jimfix.github.io/csci221/lectures/C-grammar-wk01.html  (not a recognized HTML slideshow)
    ! fail   https://jimfix.github.io/csci221/lectures/install.html  (not a recognized HTML slideshow)
    + saved  8_Lec02-1.pdf
    ! fail   https://jimfix.github.io/csci221/lectures/Lec02-1.html  (not a recognized HTML slideshow)
    + saved  10_Lec03-1.pdf
    ! fail   https://jimfix.github.io/csci221/lectures/Lec03-1.html  (not a recognized HTML slideshow)
    + saved  12_Lec03-2.pdf
    ! fail   https://jimfix.github.io/csci221/lectures/Lec03-2.html  (not a recognized HTML slideshow)
    + saved  14_Lec04-1.pdf
    ! fail   https://jimfix.github.io/csci221/lectures/Lec04-1.html  (not a recognized HTML slideshow)
    + saved  16_Lec04-2.pdf
    ! fail   https://jimfix.github.io/csci221/lectures/Lec04-2.html  (not a recognized HTML slideshow)
    + saved  18_Lec05-1.pdf
    ! fail   https://jimfix.github.io/csci221/lectures/Lec05-1.html  (not a recognized HTML slideshow)
    ! fail   https://jimfix.github.io/csci221/lectures/Lec05-2.html  (not a recognized HTML slideshow)
    + saved  21_Lec06-1.pdf
    ! fail   https://jimfix.github.io/csci221/lectures/Lec06-1.html  (not a recognized HTML slideshow)
    + saved  23_Lec06-2.pdf
    ! fail   https://jimfix.github.io/csci221/lectures/Lec06-2.html  (not a recognized HTML slideshow)
    ! fail   https://jimfix.github.io/csci221/lectures/Lec07-1/RFcircuits.html  (not a recognized HTML slideshow)
    ! fail   https://jimfix.github.io/csci221/lectures/Lec07-1.html  (not a recognized HTML slideshow)
    ! fail   https://jimfix.github.io/csci221/lectures/Lec07-2.html  (not a recognized HTML slideshow)
    ! fail   https://jimfix.github.io/csci221/lectures/Lec08-1/Lec08-1.html  (not a recognized HTML slideshow)
    ! fail   https://jimfix.github.io/csci221/lectures/Lec08-1.html  (not a recognized HTML slideshow)
    + saved  30_Lec08-1.pdf
    + saved  31_Lec09-1.pdf
    ! fail   https://jimfix.github.io/csci221/lectures/Lec09-1.html  (not a recognized HTML slideshow)
    ! fail   https://jimfix.github.io/csci221/lectures/Lec09-1/Lec09-1.html  (not a recognized HTML slideshow)
    + saved  34_Lec09-2.pdf
    ! fail   https://jimfix.github.io/csci221/lectures/Lec09-2.html  (not a recognized HTML slideshow)
    + saved  36_Lec10-1.pdf
    ! fail   https://jimfix.github.io/csci221/lectures/Lec10-1.html  (not a recognized HTML slideshow)
    + saved  38_Lec10-2.pdf
    ! fail   https://jimfix.github.io/csci221/lectures/Lec10-2.html  (not a recognized HTML slideshow)
    + saved  40_Lec11-1.pdf
    ! fail   https://jimfix.github.io/csci221/lectures/Lec11-1.html  (not a recognized HTML slideshow)
    + saved  42_Lec11-2.pdf
    ! fail   https://jimfix.github.io/csci221/lectures/Lec11-2.html  (not a recognized HTML slideshow)
    + saved  44_Lec12-1.pdf
    ! fail   https://jimfix.github.io/csci221/lectures/Lec12-1.html  (not a recognized HTML slideshow)
    + saved  46_Lec12-2.pdf
    ! fail   https://jimfix.github.io/csci221/lectures/Lec12-2.html  (not a recognized HTML slideshow)
    + saved  48_Lec13-1.pdf
    + saved  49_Lec13-2.pdf
    + saved  50_Lec14-1.pdf
    -> saved: 22 new, 0 skip, 0 dup, 28 fail  (https://jimfix.github.io/csci221/index.html)
===== [444/646] =====

### CSCI246 - Montana State University  (ratings=6.0)
    url: https://www.cs.montana.edu/users/murphy/courses/csci246/spring26.html
    [found] 31 slide link(s) at reduction 0
    + saved  1_01_14_26_intro.pptx
    + saved  2_01_16_26_definition.pptx
    + saved  3_01_21_26_theorems.pptx
    + saved  4_01_23_26_proofs.pptx
    + saved  5_01_26_26_counter_examples.pptx
    + saved  6_01_28_26_boolean_algebra.pptx
    + saved  7_01_30_26_proof_systems.pptx
    + saved  8_02_02_26_lists.pptx
    + saved  9_02_04_26_factorial.pptx
    + saved  10_02_06_26_sets.pptx
    + saved  11_02_09_26_quantifiers.pptx
    + saved  12_02_11_26_set_operations.pptx
    + saved  13_02_13_26_relations.pptx
    + saved  14_02_18_26_equivalence_relations.pptx
    + saved  15_02_20_26_partitions.pptx
    + saved  16_02_23_26_binomial_coefficients.pptx
    + saved  17_02_25_26_contradiction.pptx
    + saved  18_02_27_26_smallest_counterexample.pptx
    + saved  19_03_02_26_induction.pptx
    + saved  20_03_04_26_recurrence_relations.pptx
    + saved  21_03_06_26_functions.pptx
    + saved  22_03_09_26_real_functions.pptx
    + saved  23_03_11_26_big_o_notation.pptx
    + saved  24_03_13_26_algorithmic_analysis.pptx
    + saved  25_04_06_26_expectation.pptx
    + saved  26_04_08_26_graphs1.pptx
    + saved  27_04_10_26_graphs2.pptx
    + saved  28_04_13_26_graphs3.pptx
    + saved  29_04_15_26_graph_coloring.pptx
    + saved  30_04_17_26_trees.pptx
    ! fail   https://www.cs.montana.edu/users/murphy/courses/csci246/spring26/presentation.html  (not a recognized HTML slideshow)
    -> saved: 30 new, 0 skip, 0 dup, 1 fail  (https://www.cs.montana.edu/users/murphy/courses/csci246/spring26.html)
===== [445/646] =====

### CSCI2510 - Saint Louis University  (ratings=7.0)
    url: https://dferry.github.io/courses/csci2510/
    [found] 14 slide link(s) at reduction 0
    + saved  1_System_Calls.pdf
    + saved  2_Processes.pptx
    + saved  3_Fork_Exec.pptx
    + saved  4_SLUSH_Discussion.pptx
    + saved  5_Threads.pptx
    + saved  6_Race_Conditions.pptx
    + saved  7_Atomicity_Mutex.pptx
    + saved  8_Deadlock.pptx
    + saved  9_Networks.pptx
    + saved  10_Physical_and_Data_Link.pptx
    + saved  11_Network_Layer.pptx
    + saved  12_Transport_Layer.pptx
    + saved  13_Userspace_Layers.pptx
    + saved  14_WashU_Talk.pptx
    -> saved: 14 new, 0 skip, 0 dup, 0 fail  (https://dferry.github.io/courses/csci2510/)
===== [446/646] =====

### CSCI2820 - University of Colorado Boulder  (ratings=9.0)
    url: https://home.cs.colorado.edu/~alko5368/indexCSCI2820.html
    [found] 28 slide link(s) at reduction 0
    + saved  1_lecture0.pdf
    + saved  2_lecture1ink.pdf
    + saved  3_lecture2ink.pdf
    + saved  4_lecture3ink.pdf
    + saved  5_lecture4ink.pdf
    + saved  6_lecture5ink.pdf
    + saved  7_lecture6ink.pdf
    + saved  8_lecture7ink.pdf
    + saved  9_lecture8ink.pdf
    + saved  10_lecture9ink.pdf
    + saved  11_lecture10ink.pdf
    + saved  12_lecture11ink.pdf
    + saved  13_lecture11aink.pdf
    + saved  14_lecture12ink.pdf
    + saved  15_lecture13ink.pdf
    + saved  16_lecture14ink.pdf
    + saved  17_lecture15ink.pdf
    + saved  18_lecture16ink.pdf
    + saved  19_lecture17ink.pdf
    + saved  20_lecture18ink.pdf
    + saved  21_lecture19ink.pdf
    + saved  22_lecture20ink.pdf
    + saved  23_lecture21ink.pdf
    ! fail   https://home.cs.colorado.edu/~alko5368/lecturesCSCI2820/lecture22ink.pdf  (http 404)
    + saved  25_lecture23ink.pdf
    + saved  26_lecture24ink.pdf
    + saved  27_review2.pdf
    + saved  28_lecture25ink.pdf
    -> saved: 27 new, 0 skip, 0 dup, 1 fail  (https://home.cs.colorado.edu/~alko5368/indexCSCI2820.html)
===== [447/646] =====

### CSCI2824 - University of Colorado Boulder  (ratings=5.0)
    url: https://home.cs.colorado.edu/~srirams/courses/csci2824-spr14/introductionToCombinatorics-23.html
    [reduce 1] https://home.cs.colorado.edu/~srirams/courses/csci2824-spr14/
    [found] 4 slide link(s) at reduction 1
    ! fail   https://home.cs.colorado.edu/~srirams/courses/csci2824-spr14/binaryLecture.html  (not a recognized HTML slideshow)
    ! fail   https://home.cs.colorado.edu/~srirams/courses/csci2824-spr14/sequencesLecture-1.html  (not a recognized HTML slideshow)
    ! fail   https://home.cs.colorado.edu/~srirams/courses/csci2824-spr14/booleanLecture-2.html  (not a recognized HTML slideshow)
    ! fail   https://home.cs.colorado.edu/~srirams/courses/csci2824-spr14/logicLecture-3.html  (not a recognized HTML slideshow)
    [retry] links found but none downloaded; reducing further
    [reduce 2] https://home.cs.colorado.edu/~srirams/courses/
    -> partial: 0 new, 0 skip, 0 dup, 4 fail  (https://home.cs.colorado.edu/~srirams/courses/csci2824-spr14/)
===== [448/646] =====

### CSCI3022 - University of Colorado Boulder  (ratings=31.0)
    url: https://home.cs.colorado.edu/~ketelsen/files/courses/csci3022/slides/
    [found] 26 slide link(s) at reduction 0
    + saved  1_lesson01.pdf
    + saved  2_lesson02.pdf
    + saved  3_lesson03.pdf
    + saved  4_lesson04.pdf
    + saved  5_lesson05.pdf
    + saved  6_lesson06.pdf
    + saved  7_lesson07.pdf
    + saved  8_lesson08.pdf
    + saved  9_lesson09.pdf
    + saved  10_lesson10.pdf
    + saved  11_lesson11.pdf
    + saved  12_lesson12.pdf
    + saved  13_lesson13.pdf
    + saved  14_lesson14.pdf
    + saved  15_lesson15.pdf
    + saved  16_lesson16.pdf
    + saved  17_lesson17.pdf
    + saved  18_lesson18.pdf
    + saved  19_lesson19.pdf
    + saved  20_lesson20.pdf
    + saved  21_lesson21.pdf
    + saved  22_lesson22.pdf
    + saved  23_lesson23.pdf
    + saved  24_lesson24.pdf
    + saved  25_lesson25.pdf
    + saved  26_lesson26.pdf
    -> saved: 26 new, 0 skip, 0 dup, 0 fail  (https://home.cs.colorado.edu/~ketelsen/files/courses/csci3022/slides/)
===== [449/646] =====

### CSCI3104 - University of Colorado Boulder  (ratings=14.0)
    url: https://home.cs.colorado.edu/~srirams/courses/csci3104-fall16/index.html
    [reduce 1] https://home.cs.colorado.edu/~srirams/courses/csci3104-fall16/
    [reduce 2] https://home.cs.colorado.edu/~srirams/courses/
    -> no slides found on any reduced URL
===== [450/646] =====

### CSCI3120 - Dalhousie University  (ratings=21.0)
    url: https://www.cs.dal.ca/~hawkey/3120/May5Intro.ppt
    [found] 1 slide link(s) at reduction 0
    + saved  1_May5Intro.ppt
    -> saved: 1 new, 0 skip, 0 dup, 0 fail  (https://www.cs.dal.ca/~hawkey/3120/May5Intro.ppt)
===== [451/646] =====

### CSCI3130 - Dalhousie University  (ratings=28.0)
    url: https://web.cs.dal.ca/~arc/teaching/CS3130/index.html
    [found] 16 slide link(s) at reduction 0
    + saved  1_1-Intro.ppt
    + saved  2_2-ProcessModels.ppt
    + saved  3_2-OtherProcesses.pptx
    + saved  4_2-OtherProcesses_-_Communication_Facilitation.pptx
    + saved  5_2-OtherProcesses_-_Risk_Managment.pptx
    + saved  6_3-Requirements.ppt
    + saved  7_3-Requirements_Struct_Analysis.ppt
    + saved  8_3-Requirements_Sizing.ppt
    + saved  9_5-ProjPlanning.ppt
    + saved  10_PMPexample.pdf
    + saved  11_2013-csci3130-sw-architecture-1.pdf
    + saved  12_2013-csci3130-sw-architecture-2.pdf
    + saved  13_Testing_Introduction.pptx
    + saved  14_Testing_Test_Management.pptx
    + saved  15_Testing_Test_Design.pptx
    + saved  16_Testing_Bug_Reporting.pptx
    -> saved: 16 new, 0 skip, 0 dup, 0 fail  (https://web.cs.dal.ca/~arc/teaching/CS3130/index.html)
===== [452/646] =====

### CSCI3171 - Dalhousie University  (ratings=21.0)
    url: https://web.cs.dal.ca/~eem/3171/
    -> no slides found on any reduced URL
===== [453/646] =====

### CSCI3411 - George Washington University  (ratings=10.0)
    url: https://www2.seas.gwu.edu/~gparmer/courses/f13_3411/
    [found] 2 slide link(s) at reduction 0
    ! fail   http://www.seas.gwu.edu/~simhaweb/cs143/lectures.html  (not a recognized HTML slideshow)
    + saved  2_dean-keynote-ladis2009.pdf
    -> saved: 1 new, 0 skip, 0 dup, 1 fail  (https://www2.seas.gwu.edu/~gparmer/courses/f13_3411/)
===== [454/646] =====

### CSCI403 - Colorado School of Mines  (ratings=12.0)
    url: https://cs-courses.mines.edu/csci403/spring2020/
    [reduce 1] https://cs-courses.mines.edu/csci403/
    -> no slides found on any reduced URL
===== [455/646] =====

### CSCI4100 - Rensselaer Polytechnic Institute  (ratings=13.0)
    url: https://www.cs.rpi.edu/~magdon/courses/learn.php
    [found] 1 slide link(s) at reduction 0
    ! fail   https://www.cs.rpi.edu/~magdon/courses/learn/slides.html  (not a recognized HTML slideshow)
    [retry] links found but none downloaded; reducing further
    [reduce 1] https://www.cs.rpi.edu/~magdon/courses/
    [follow] no slides here; checking 2 sub-page(s)
    [found] 145 slide link(s) at reduction 1
    + saved  1_SlidesLect01-CH.pdf
    + saved  2_SlidesLect01-H.pdf
    + saved  3_SlidesLect01.pdf
    + saved  4_SlidesLect01b-CH.pdf
    + saved  5_SlidesLect01b-H.pdf
    + saved  6_SlidesLect01b.pdf
    + saved  7_SlidesLect02-CH.pdf
    + saved  8_SlidesLect02-H.pdf
    + saved  9_SlidesLect02.pdf
    + saved  10_SlidesLect03-CH.pdf
    + saved  11_SlidesLect03-H.pdf
    + saved  12_SlidesLect03.pdf
    + saved  13_SlidesLect04-CH.pdf
    + saved  14_SlidesLect04-H.pdf
    + saved  15_SlidesLect04.pdf
    + saved  16_SlidesLect05-CH.pdf
    + saved  17_SlidesLect05-H.pdf
    + saved  18_SlidesLect05.pdf
    + saved  19_SlidesLect06-CH.pdf
    + saved  20_SlidesLect06-H.pdf
    + saved  21_SlidesLect06.pdf
    + saved  22_SlidesLect07-CH.pdf
    + saved  23_SlidesLect07-H.pdf
    + saved  24_SlidesLect07.pdf
    + saved  25_SlidesLect08-CH.pdf
    + saved  26_SlidesLect08-H.pdf
    + saved  27_SlidesLect08-RH.pdf
    + saved  28_SlidesLect08.pdf
    + saved  29_SlidesLect09-CH.pdf
    + saved  30_SlidesLect09-H.pdf
    + saved  31_SlidesLect09.pdf
    + saved  32_SlidesLect10-CH.pdf
    + saved  33_SlidesLect10-H.pdf
    + saved  34_SlidesLect10.pdf
    + saved  35_SlidesLect11-CH.pdf
    + saved  36_SlidesLect11-H.pdf
    + saved  37_SlidesLect11.pdf
    + saved  38_SlidesLect12-CH.pdf
    + saved  39_SlidesLect12-H.pdf
    + saved  40_SlidesLect12.pdf
    + saved  41_SlidesLect13-CH.pdf
    + saved  42_SlidesLect13-H.pdf
    + saved  43_SlidesLect13.pdf
    + saved  44_SlidesLect14-CH.pdf
    + saved  45_SlidesLect14-H.pdf
    + saved  46_SlidesLect14.pdf
    + saved  47_SlidesLect15-CH.pdf
    + saved  48_SlidesLect15-H.pdf
    + saved  49_SlidesLect15.pdf
    + saved  50_SlidesLect16-CH.pdf
    + saved  51_SlidesLect16-H.pdf
    + saved  52_SlidesLect16.pdf
    + saved  53_SlidesLect17-CH.pdf
    + saved  54_SlidesLect17-H.pdf
    + saved  55_SlidesLect17.pdf
    + saved  56_SlidesLect18-CH.pdf
    + saved  57_SlidesLect18-H.pdf
    + saved  58_SlidesLect18.pdf
    + saved  59_SlidesLect19-CH.pdf
    + saved  60_SlidesLect19-H.pdf
    + saved  61_SlidesLect19.pdf
    + saved  62_SlidesLect20-CH.pdf
    + saved  63_SlidesLect20-H.pdf
    + saved  64_SlidesLect20.pdf
    + saved  65_SlidesLect21-CH.pdf
    + saved  66_SlidesLect21-H.pdf
    + saved  67_SlidesLect21.pdf
    + saved  68_SlidesLect22-CH.pdf
    + saved  69_SlidesLect22-H.pdf
    + saved  70_SlidesLect22.pdf
    + saved  71_SlidesLect23-CH.pdf
    + saved  72_SlidesLect23-H.pdf
    + saved  73_SlidesLect23.pdf
    + saved  74_SlidesLect24-CH.pdf
    + saved  75_SlidesLect24-H.pdf
    + saved  76_SlidesLect24.pdf
    + saved  77_SlidesLect25-CH.pdf
    + saved  78_SlidesLect25-H.pdf
    + saved  79_SlidesLect25.pdf
    + saved  80_SlidesLect26-CH.pdf
    + saved  81_SlidesLect26-H.pdf
    + saved  82_SlidesLect26.pdf
    + saved  83_SlidesLect27-CH.pdf
    + saved  84_SlidesLect27-H.pdf
    + saved  85_SlidesLect27.pdf
    + saved  86_SlidesLect28.pdf
    + saved  87_SlidesLect01-C.pdf
    + saved  88_SlidesLect01.pdf
    + saved  89_SlidesLect02-C.pdf
    + saved  90_SlidesLect02.pdf
    + saved  91_SlidesLect03-C.pdf
    + saved  92_SlidesLect03.pdf
    + saved  93_SlidesLect04-C.pdf
    + saved  94_SlidesLect04.pdf
    + saved  95_SlidesLect04Supp-C.pdf
    + saved  96_SlidesLect04Supp.pdf
    + saved  97_SlidesLect05-C.pdf
    + saved  98_SlidesLect05.pdf
    + saved  99_SlidesLect06-C.pdf
    + saved  100_SlidesLect06.pdf
    + saved  101_SlidesLect07-C.pdf
    + saved  102_SlidesLect07.pdf
    + saved  103_SlidesLect08-C.pdf
    + saved  104_SlidesLect08.pdf
    + saved  105_SlidesLect08.ps.pdf
    + saved  106_SlidesLect09-C.pdf
    + saved  107_SlidesLect09.pdf
    + saved  108_SlidesLect10-C.pdf
    + saved  109_SlidesLect10.pdf
    + saved  110_SlidesLect11-C.pdf
    + saved  111_SlidesLect11.pdf
    + saved  112_SlidesLect12-C.pdf
    + saved  113_SlidesLect12.pdf
    + saved  114_SlidesLect13-C.pdf
    + saved  115_SlidesLect13.pdf
    + saved  116_SlidesLect14-C.pdf
    + saved  117_SlidesLect14.pdf
    + saved  118_SlidesLect15-C.pdf
    + saved  119_SlidesLect15.pdf
    + saved  120_SlidesLect16-C.pdf
    + saved  121_SlidesLect16.pdf
    + saved  122_SlidesLect17-C.pdf
    + saved  123_SlidesLect17.pdf
    + saved  124_SlidesLect18-C.pdf
    + saved  125_SlidesLect18.pdf
    + saved  126_SlidesLect19-C.pdf
    + saved  127_SlidesLect19.pdf
    + saved  128_SlidesLect20-C.pdf
    + saved  129_SlidesLect20.pdf
    + saved  130_SlidesLect21-C.pdf
    + saved  131_SlidesLect21.pdf
    + saved  132_SlidesLect22-C.pdf
    + saved  133_SlidesLect22.pdf
    + saved  134_SlidesLect23-C.pdf
    + saved  135_SlidesLect23.pdf
    + saved  136_SlidesLect24-C.pdf
    + saved  137_SlidesLect24.pdf
    + saved  138_SlidesLect25-C.pdf
    + saved  139_SlidesLect25.pdf
    + saved  140_SlidesLect26-C.pdf
    + saved  141_SlidesLect26.pdf
    + saved  142_SlidesLect27-C.pdf
    + saved  143_SlidesLect27.pdf
    + saved  144_SlidesLect28-C.pdf
    + saved  145_SlidesLect28.pdf
    -> saved: 145 new, 0 skip, 0 dup, 0 fail  (https://www.cs.rpi.edu/~magdon/courses/)
===== [456/646] =====

### CSCI4150 - Rensselaer Polytechnic Institute  (ratings=5.0)
    url: http://www.cs.rpi.edu/academics/courses/fall02/ai/
    [found] 2 slide link(s) at reduction 0
    ! fail   http://www.cs.berkeley.edu/~russell/slides/chapter16.pdf  (http 403)
    ! fail   http://www.cs.berkeley.edu/~russell/slides/chapter17a.pdf  (http 403)
    [retry] links found but none downloaded; reducing further
    [reduce 1] http://www.cs.rpi.edu/academics/courses/fall02/
    [follow] no slides here; checking 1 sub-page(s)
    [reduce 2] http://www.cs.rpi.edu/academics/courses/
    [reduce 3] http://www.cs.rpi.edu/academics/
    [fetch] error: Page.content: Unable to retrieve content because the page is navigating and changing the content.
    -> partial: 0 new, 0 skip, 0 dup, 2 fail  (http://www.cs.rpi.edu/academics/courses/fall02/ai/)
===== [457/646] =====

### CSCI4380 - Rensselaer Polytechnic Institute  (ratings=37.0)
    url: https://www.cs.rpi.edu/~sibel/csci4380/fall2023/course_notes.html
    [found] 1 slide link(s) at reduction 0
    ! fail   https://www.cs.rpi.edu/~sibel/csci4380/fall2025/lecture_notes/lecture4.html  (not a recognized HTML slideshow)
    [retry] links found but none downloaded; reducing further
    [reduce 1] https://www.cs.rpi.edu/~sibel/csci4380/fall2023/
    [found] 1 slide link(s) at reduction 1
    ! fail   https://www.cs.rpi.edu/~sibel/csci4380/fall2025/lecture_notes/lecture4.html  (not a recognized HTML slideshow)
    [retry] links found but none downloaded; reducing further
    [reduce 2] https://www.cs.rpi.edu/~sibel/csci4380/
    [follow] no slides here; checking 1 sub-page(s)
    -> partial: 0 new, 0 skip, 0 dup, 1 fail  (https://www.cs.rpi.edu/~sibel/csci4380/fall2023/course_notes.html)
===== [458/646] =====

### CSCI4430 - Rensselaer Polytechnic Institute  (ratings=20.0)
    url: https://www.cs.rpi.edu/academics/courses/fall24/csci4430/
    [found] 41 slide link(s) at reduction 0
    + saved  1_Intro_PDCS2A.pdf
    + saved  2_Intro_PDCS2A.ppt
    + saved  3_PDCS2B.pdf
    + saved  4_PDCS2B.ppt
    + saved  5_PDCS2C.pdf
    + saved  6_PDCS2C.ppt
    + saved  7_slide.pdf
    + saved  8_slide.ppt
    + saved  9_CTM3.2_3.6.1.pdf
    + saved  10_CTM3.2_3.6.1.ppt
    + saved  11_CTM1.9_3.6_4.7.pdf
    + saved  12_CTM1.9_3.6_4.7.ppt
    + saved  13_CTM1.8_4.5_GIH3.4.pdf
    + saved  14_CTM1.8_4.5_GIH3.4.ppt
    + saved  15_CTM2.8.3_3.7_EPL4_GIH.pdf
    + saved  16_CTM2.8.3_3.7_EPL4_GIH.ppt
    + saved  17_PDCS4A.pdf
    + saved  18_PDCS4-PDCS9-CPE5-Actors.pdf
    + saved  19_PDCS9.2.4-ControlAbstractions.pdf
    + saved  20_PDCS9.2.4-ControlAbstractions.ppt
    + saved  21_CPE5-ControlAbstractions.pdf
    + saved  22_CPE5-ControlAbstractions.ppt
    + saved  23_PDCS9-CPE6.pdf
    + saved  24_PDCS9-CPE6.ppt
    + saved  25_CPE7.pdf
    + saved  26_CPE7.ppt
    + saved  27_PDCS9-MobilityGCVisualization.pdf
    + saved  28_PDCS9-MobilityGCVisualization.ppt
    + saved  29_PLP11A.pdf
    + saved  30_PLP11A.ppt
    + saved  31_PLP11B.pdf
    + saved  32_PLP11C.pdf
    + saved  33_PLP11C.ppt
    + saved  34_PLP11D-CTM9.2_9.4_12.1-12.2.pdf
    + saved  35_PLP11D-CTM9.2_9.4_12.1-12.2.ppt
    + saved  36_PLP11E.pdf
    + saved  37_PLP11E.ppt
    + saved  38_CTM3.4.3-3.4.4.pdf
    + saved  39_CTM3.4.3-3.4.4.ppt
    + saved  40_CTM12.3-12.5.pdf
    + saved  41_CTM12.3-12.5.ppt
    -> saved: 41 new, 0 skip, 0 dup, 0 fail  (https://www.cs.rpi.edu/academics/courses/fall24/csci4430/)
===== [459/646] =====

### CSCI4448 - University of Colorado Boulder  (ratings=7.0)
    url: https://home.cs.colorado.edu/~ralex/courses/csci4448/
    [follow] no slides here; checking 1 sub-page(s)
    [found] 25 slide link(s) at reduction 0
    + saved  1_slides_8-29.ppt
    + saved  2_slides_9-3.ppt
    + saved  3_slides_9-5.ppt
    + saved  4_slides_9-10.ppt
    + saved  5_slides_9-12.ppt
    + saved  6_slides_9-17.ppt
    + saved  7_slides_9-24.ppt
    + saved  8_slides_9-26.ppt
    + saved  9_slides_10-1.ppt
    + saved  10_slides_10-3.ppt
    + saved  11_slides_10-8.ppt
    + saved  12_slides_10-15.ppt
    + saved  13_slides_10-17.ppt
    + saved  14_slides_10-22.ppt
    + saved  15_slides_10-24.ppt
    + saved  16_slides_10-29.ppt
    + saved  17_slides_11-5.ppt
    + saved  18_slides_11-7.ppt
    + saved  19_slides_11-12.ppt
    + saved  20_slides_11-14.ppt
    + saved  21_slides_11-21.ppt
    + saved  22_slides_11-26.ppt
    + saved  23_slides_12-3.ppt
    + saved  24_slides_12-5.ppt
    + saved  25_slides_12-12.ppt
    -> saved: 25 new, 0 skip, 0 dup, 0 fail  (https://home.cs.colorado.edu/~ralex/courses/csci4448/)
===== [460/646] =====

### CSCI4531 - George Washington University  (ratings=10.0)
    url: https://jiezhoucs.github.io/courses/csci-4531/spring-2025/
    [follow] no slides here; checking 1 sub-page(s)
    [reduce 1] https://jiezhoucs.github.io/courses/csci-4531/
    [fetch] status=404
    [reduce 2] https://jiezhoucs.github.io/courses/
    [fetch] status=404
    -> no slides found on any reduced URL
===== [461/646] =====

### CSCI467 - University of Southern California  (ratings=8.0)
    url: https://usc-csci467.github.io/spring2024/
    [found] 31 slide link(s) at reduction 0
    + saved  1_01_intro.pdf
    + saved  2_02_linreg.pdf
    + saved  3_03_linreg2.pdf
    + saved  4_04_classification.pdf
    + saved  5_05_overfitting.pdf
    + saved  6_06_biasvariance.pdf
    + saved  7_07_naivebayes.pdf
    + saved  8_08_nonparametric.pdf
    + saved  9_09_kernels.pdf
    + saved  10_10_neuralnets.pdf
    + saved  11_11_backprop.pdf
    + saved  12_12_nnoptim.pdf
    + saved  13_13_convnets.pdf
    + saved  14_14_wordvec.pdf
    + saved  15_15_rnns.pdf
    + saved  16_16_attention.pdf
    + saved  17_17_trees.pdf
    + saved  18_18_transformers.pdf
    + saved  19_19_transformers2.pdf
    + saved  20_20_kmeans.pdf
    + saved  21_21_gmm.pdf
    + saved  22_22_em.pdf
    + saved  23_23_pca.pdf
    + saved  24_24_mdp.pdf
    + saved  25_25_qlearning.pdf
    + saved  26_26_policygrad.pdf
    + saved  27_26_adversarial.pdf
    + saved  28_27_fairness.pdf
    + saved  29_28_chatgpt.pdf
    + saved  30_29_summary.pdf
    + saved  31_29_conclusion.pdf
    -> saved: 31 new, 0 skip, 0 dup, 0 fail  (https://usc-csci467.github.io/spring2024/)
===== [462/646] =====

### CSCI567 - University of Southern California  (ratings=22.0)
    url: https://usc-tamagotchi.github.io/csci-567/24f/slides/lec10%20f24.pdf
    [found] 1 slide link(s) at reduction 0
    + saved  1_lec10_f24.pdf
    -> saved: 1 new, 0 skip, 0 dup, 0 fail  (https://usc-tamagotchi.github.io/csci-567/24f/slides/lec10%20f24.pdf)
===== [463/646] =====

### CSCI585 - University of Southern California  (ratings=20.0)
    url: https://github.com/ruch0401/CSCI585-DB
    [follow] no slides here; checking 17 sub-page(s)
    [found] 2 slide link(s) at reduction 0
    + saved  1_Finals_Lectures.pdf
    + saved  2_Midterm_Lectures.pdf
    -> saved: 2 new, 0 skip, 0 dup, 0 fail  (https://github.com/ruch0401/CSCI585-DB)
===== [464/646] =====

### CSCI670 - University of Southern California  (ratings=10.0)
    url: https://github.com/tmlabonte/usc-csci-670-advanced-algos-notes
    [follow] no slides here; checking 9 sub-page(s)
    [reduce 1] https://github.com/tmlabonte/
    [follow] no slides here; checking 9 sub-page(s)
    -> no slides found on any reduced URL
===== [465/646] =====

### CSE11 - University of California, San Diego  (ratings=77.0)
    url: https://cseweb.ucsd.edu/classes/sp25/cse11-a/
    [found] 18 slide link(s) at reduction 0
    + saved  1_lec1.pdf
    + saved  2_lec2.pdf
    + saved  3_lec3.pdf
    + saved  4_lec4.pdf
    + saved  5_lec5.pdf
    + saved  6_lec6.pdf
    + saved  7_lec7.pdf
    + saved  8_lec8.pdf
    + saved  9_lec9.pdf
    + saved  10_lec10.pdf
    + saved  11_lec11.pdf
    + saved  12_lec12.pdf
    + saved  13_lec13.pdf
    + saved  14_lec14.pdf
    + saved  15_lec15.pdf
    + saved  16_lec16.pdf
    + saved  17_lec17.pdf
    + saved  18_lec18.pdf
    -> saved: 18 new, 0 skip, 0 dup, 0 fail  (https://cseweb.ucsd.edu/classes/sp25/cse11-a/)
===== [466/646] =====

### CSE114 - Stony Brook University  (ratings=22.0)
    url: https://www3.cs.stonybrook.edu/~pfodor/courses/cse114.html
    [reduce 1] https://www3.cs.stonybrook.edu/~pfodor/courses/
    [fetch] error: Page.content: Unable to retrieve content because the page is navigating and changing the content.
    -> no slides found on any reduced URL
===== [467/646] =====

### CSE120 - Arizona State University  (ratings=15.0)
    url: https://bmoraffa.github.io/EEE_CSE120_Fall2020.html
    [found] 1 slide link(s) at reduction 0
    ! fail   https://bmoraffa.github.io/presentation.html  (not a recognized HTML slideshow)
    [retry] links found but none downloaded; reducing further
    -> partial: 0 new, 0 skip, 0 dup, 1 fail  (https://bmoraffa.github.io/EEE_CSE120_Fall2020.html)
===== [468/646] =====

### CSE132 - Washington University in St. Louis  (ratings=12.0)
    url: https://www.cs.wustl.edu/~cytron/102Pages/s11/
    [reduce 1] https://www.cs.wustl.edu/~cytron/102Pages/
    -> no slides found on any reduced URL
===== [469/646] =====

### CSE150 - Stony Brook University  (ratings=8.0)
    url: https://www.seclab.cs.sunysb.edu/sekar/cse150/
    [found] 15 slide link(s) at reduction 0
    + saved  1_intro.pdf
    + saved  2_lang.pdf
    + saved  3_sets.pdf
    + saved  4_prop.pdf
    + saved  5_dml.pdf
    + saved  6_pred.pdf
    + saved  7_summation.pdf
    + saved  8_recurse.pdf
    + saved  9_proofs.pdf
    + saved  10_rels.pdf
    + saved  11_counting.pdf
    + saved  12_prob.pdf
    + saved  13_structures.pdf
    + saved  14_infinite.pdf
    + saved  15_sum.pdf
    -> saved: 15 new, 0 skip, 0 dup, 0 fail  (https://www.seclab.cs.sunysb.edu/sekar/cse150/)
===== [470/646] =====

### CSE156 - University of California, San Diego  (ratings=11.0)
    url: http://cseweb.ucsd.edu/~nnakashole/teaching/156_sp19.html
    [found] 5 slide link(s) at reduction 0
    + saved  1_1.pdf
    + saved  2_eisenstein-nov18.pdf
    + saved  3_5021-distributed-representations-of-words-and-phrases-and-their-compositionality.pdf
    + saved  4_12.pdf
    + saved  5_24.pdf
    -> saved: 5 new, 0 skip, 0 dup, 0 fail  (http://cseweb.ucsd.edu/~nnakashole/teaching/156_sp19.html)
===== [471/646] =====

### CSE167 - University of California, San Diego  (ratings=6.0)
    url: https://cseweb.ucsd.edu/~tzli/cse167/fa2023/
    [found] 27 slide link(s) at reduction 0
    + saved  1_01_why_graphics.pdf
    + saved  2_02_vector_graphics.pdf
    + saved  3_03_linear_transformation.pdf
    + saved  4_04_cameras.pdf
    + saved  5_05_rasterization.pdf
    + saved  6_06_ray_tracing.pdf
    + saved  7_07_3d_transformation.pdf
    + saved  8_08_3d_rotation.pdf
    + saved  9_09_graphics_pipeline.pdf
    + saved  10_10_textures.pdf
    + saved  11_11_lighting.pdf
    + saved  12_12_materials.pdf
    + saved  13_13_colors.pdf
    + saved  14_14_global_illumination.pdf
    + saved  15_15_shadow.pdf
    + saved  16_16_antialiasing.pdf
    + saved  17_17_nonphotorealistic_rendering.pdf
    + saved  18_18_procedural_modeling.pdf
    + saved  19_19_geometry_processing.pdf
    + saved  20_20_curves_and_surfaces.pdf
    + saved  21_21_animation.pdf
    + saved  22_22_particles_and_mass_spring.pdf
    + saved  23_23_rigging_skinning_blendshapes.pdf
    + saved  24_25_graphics_dsl.pdf
    + saved  25_27_volume_rendering.pdf
    + saved  26_28_neural_networks.pdf
    + saved  27_29_sneak_peak.pdf
    -> saved: 27 new, 0 skip, 0 dup, 0 fail  (https://cseweb.ucsd.edu/~tzli/cse167/fa2023/)
===== [472/646] =====

### CSE215 - Stony Brook University  (ratings=55.0)
    url: https://www3.cs.stonybrook.edu/~pfodor/courses/cse215.html
    [reduce 1] https://www3.cs.stonybrook.edu/~pfodor/courses/
    [fetch] error: Page.content: Unable to retrieve content because the page is navigating and changing the content.
    -> no slides found on any reduced URL
===== [473/646] =====

### CSE231 - Michigan State University  (ratings=103.0)
    url: https://ucsd-pl.github.io/cse231/wi20/lectures.html
    [found] 52 slide link(s) at reduction 0
    ! fail   https://ucsd-pl.github.io/cse231/wi20/lectures.html  (not a recognized HTML slideshow)
    + saved  2_A-intro-blank.ppt
    + saved  3_A-intro-blank.pdf
    + saved  4_A-intro-blank-small.pdf
    + saved  5_B-tour-of-opts-blank.ppt
    + saved  6_B-tour-of-opts-blank.pdf
    + saved  7_B-tour-of-opts-blank-small.pdf
    + saved  8_B-tour-of-opts-mkup.ppt
    + saved  9_B-tour-of-opts-mkup.pdf
    + saved  10_B-tour-of-opts-mkup-small.pdf
    + saved  11_C-DFA-blank.ppt
    + saved  12_C-DFA-blank.pdf
    + saved  13_C-DFA-blank-small.pdf
    + saved  14_C-DFA-mkup.ppt
    + saved  15_C-DFA-mkup.pdf
    + saved  16_C-DFA-mkup-small.pdf
    + saved  17_D-lattices-blank.ppt
    + saved  18_D-lattices-blank.pdf
    + saved  19_D-lattices-blank-small.pdf
    + saved  20_D-lattices-mkup.ppt
    + saved  21_D-lattices-mkup.pdf
    + saved  22_D-lattices-mkup-small.pdf
    + saved  23_E-DFA-using-lattices-blank.ppt
    + saved  24_E-DFA-using-lattices-blank.pdf
    + saved  25_E-DFA-using-lattices-blank-small.pdf
    + saved  26_E-DFA-using-lattices-mkup.ppt
    + saved  27_E-DFA-using-lattices-mkup.pdf
    + saved  28_E-DFA-using-lattices-mkup-small.pdf
    + saved  29_F-DFA-examples-blank.ppt
    + saved  30_F-DFA-examples-blank.pdf
    + saved  31_F-DFA-examples-blank-small.pdf
    + saved  32_F-DFA-examples-mkup.ppt
    + saved  33_F-DFA-examples-mkup.pdf
    + saved  34_F-DFA-examples-mkup-small.pdf
    + saved  35_G-reps-blank.ppt
    + saved  36_G-reps-blank.pdf
    + saved  37_G-reps-blank-small.pdf
    + saved  38_G-reps-mkup.ppt
    + saved  39_G-reps-mkup.pdf
    + saved  40_G-reps-mkup-small.pdf
    + saved  41_H-interproc-blank.ppt
    + saved  42_H-interproc-blank.pdf
    + saved  43_H-interproc-blank-small.pdf
    + saved  44_H-interproc-mkup.ppt
    + saved  45_H-interproc-mkup.pdf
    + saved  46_H-interproc-mkup-small.pdf
    + saved  47_I-pointer-analysis-blank.ppt
    + saved  48_I-pointer-analysis-blank.pdf
    + saved  49_I-pointer-analysis-blank-small.pdf
    + saved  50_I-pointer-analysis-mkup.ppt
    + saved  51_I-pointer-analysis-mkup.pdf
    + saved  52_I-pointer-analysis-mkup-small.pdf
    -> saved: 51 new, 0 skip, 0 dup, 1 fail  (https://ucsd-pl.github.io/cse231/wi20/lectures.html)
===== [474/646] =====

### CSE232 - Michigan State University  (ratings=193.0)
    url: https://cse.msu.edu/~cse232/us22/slides/cse232_us22_introduction.pdf
    [found] 1 slide link(s) at reduction 0
    + saved  1_cse232_us22_introduction.pdf
    -> saved: 1 new, 0 skip, 0 dup, 0 fail  (https://cse.msu.edu/~cse232/us22/slides/cse232_us22_introduction.pdf)
===== [475/646] =====

### CSE252A - University of California, San Diego  (ratings=14.0)
    url: https://cseweb.ucsd.edu/classes/fa25/cse252A-a/
    [found] 18 slide link(s) at reduction 0
    + saved  1_lec1.pdf
    + saved  2_lec2.pdf
    + saved  3_lec3.pdf
    + saved  4_lec4.pdf
    + saved  5_lec5.pdf
    + saved  6_lec6.pdf
    + saved  7_lec7.pdf
    + saved  8_lec8.pdf
    + saved  9_lec9.pdf
    + saved  10_lec10.pdf
    + saved  11_lec11.pdf
    + saved  12_lec12.pdf
    + saved  13_lec13.pdf
    + saved  14_lec14.pdf
    + saved  15_lec15.pdf
    + saved  16_lec16.pdf
    + saved  17_lec17.pdf
    + saved  18_lec18.pdf
    -> saved: 18 new, 0 skip, 0 dup, 0 fail  (https://cseweb.ucsd.edu/classes/fa25/cse252A-a/)
===== [476/646] =====

### CSE256 - University of California, San Diego  (ratings=10.0)
    url: https://cseweb.ucsd.edu/~nnakashole/teaching/256_sp19.html
    [found] 5 slide link(s) at reduction 0
    + saved  1_1.pdf
    + saved  2_eisenstein-nov18.pdf
    + saved  3_5021-distributed-representations-of-words-and-phrases-and-their-compositionality.pdf
    + saved  4_12.pdf
    + saved  5_24.pdf
    -> saved: 5 new, 0 skip, 0 dup, 0 fail  (https://cseweb.ucsd.edu/~nnakashole/teaching/256_sp19.html)
===== [477/646] =====

### CSE260 - Michigan State University  (ratings=27.0)
    url: https://cse.msu.edu/~cse260/syllabus.html
    -> no slides found on any reduced URL
===== [478/646] =====

### CSE303 - Stony Brook University  (ratings=17.0)
    url: https://www3.cs.stonybrook.edu/~cse303/
    [found] 20 slide link(s) at reduction 0
    + saved  1_lecture1.pdf
    + saved  2_lecture2.pdf
    + saved  3_lecture3.pdf
    + saved  4_lecture4.pdf
    + saved  5_lecture4a.pdf
    + saved  6_lecture5.pdf
    + saved  7_lecture6.pdf
    + saved  8_lecture6a.pdf
    + saved  9_lecture7.pdf
    + saved  10_lecture8.pdf
    + saved  11_lecture9.pdf
    + saved  12_lecture10.pdf
    + saved  13_lecture11.pdf
    + saved  14_lecture12.pdf
    + saved  15_lecture13.pdf
    + saved  16_lecture14.pdf
    + saved  17_chapter1.pdf
    + saved  18_chapter2.pdf
    ! fail   https://www3.cs.stonybrook.edu/~cse303/chapter3.pdf  (http 404)
    ! fail   https://www3.cs.stonybrook.edu/~cse303/lchapter4.pdf  (http 404)
    -> saved: 18 new, 0 skip, 0 dup, 2 fail  (https://www3.cs.stonybrook.edu/~cse303/)
===== [479/646] =====

### CSE328 - Stony Brook University  (ratings=11.0)
    url: https://www3.cs.stonybrook.edu/~cse328/lecture_notes.html
    [follow] no slides here; checking 1 sub-page(s)
    -> no slides found on any reduced URL
===== [480/646] =====

### CSE342 - Lehigh University  (ratings=5.0)
    url: https://www.cse.lehigh.edu/~chuah/courses/cse342/Welcome.pdf
    [found] 1 slide link(s) at reduction 0
    + saved  1_Welcome.pdf
    -> saved: 1 new, 0 skip, 0 dup, 0 fail  (https://www.cse.lehigh.edu/~chuah/courses/cse342/Welcome.pdf)
===== [481/646] =====

### CSE3666 - University of Connecticut  (ratings=38.0)
    url: https://zhijieshi.github.io/cse3666/
    -> no slides found on any reduced URL
===== [482/646] =====

### CSE404 - Michigan State University  (ratings=11.0)
    url: https://www.cse.msu.edu/~kordjams/CSE-404-Spring-23
    [found] 2 slide link(s) at reduction 0
    ! fail   http://cgi.csc.liv.ac.uk/~frank/teaching/comp118/lecture2.pdf  (http 403)
    + saved  2_propositional_logic.pdf
    -> saved: 1 new, 0 skip, 0 dup, 1 fail  (https://www.cse.msu.edu/~kordjams/CSE-404-Spring-23)
===== [483/646] =====

### CSE411 - Penn State University  (ratings=5.0)
    url: https://www.cse.psu.edu/~buu1/teaching/fall06/411/slides/lecture2-sept08.pdf
    [found] 1 slide link(s) at reduction 0
    + saved  1_lecture2-sept08.pdf
    -> saved: 1 new, 0 skip, 0 dup, 0 fail  (https://www.cse.psu.edu/~buu1/teaching/fall06/411/slides/lecture2-sept08.pdf)
===== [484/646] =====

### CSE417 - Washington University in St. Louis  (ratings=6.0)
    url: https://github.com/alexMCTeng/CSE417-Intro-to-Machine-Learning-WUSTL
    [follow] no slides here; checking 10 sub-page(s)
    [found] 5 slide link(s) at reduction 0
    + saved  1_6-Jan2015.pdf
    + saved  2_7-Jan2015.pdf
    + saved  3_8-Jan2015.pdf
    + saved  4_9-Jan2015.pdf
    + saved  5_SlidesLect13.pdf
    -> saved: 5 new, 0 skip, 0 dup, 0 fail  (https://github.com/alexMCTeng/CSE417-Intro-to-Machine-Learning-WUSTL)
===== [485/646] =====

### CSE417T - Washington University in St. Louis  (ratings=22.0)
    url: https://github.com/alexMCTeng/CSE417-Intro-to-Machine-Learning-WUSTL
    [follow] no slides here; checking 10 sub-page(s)
    [found] 5 slide link(s) at reduction 0
    + saved  1_6-Jan2015.pdf
    + saved  2_7-Jan2015.pdf
    + saved  3_8-Jan2015.pdf
    + saved  4_9-Jan2015.pdf
    + saved  5_SlidesLect13.pdf
    -> saved: 5 new, 0 skip, 0 dup, 0 fail  (https://github.com/alexMCTeng/CSE417-Intro-to-Machine-Learning-WUSTL)
===== [486/646] =====

### CSE427S - Washington University in St. Louis  (ratings=6.0)
    url: http://courses.cs.washington.edu/courses/csep590/06au/lectures/
    [found] 26 slide link(s) at reduction 0
    ! fail   http://courses.cs.washington.edu/courses/csep590/06au/lectures/slides/Maurer_Sept_27.pdf  (html response, not a file)
    ! fail   http://courses.cs.washington.edu/courses/csep590/06au/lectures/slides/Maurer_Sept_27.ppt  (html response, not a file)
    ! fail   http://courses.cs.washington.edu/courses/csep590/06au/lectures/slides/Maurer_Oct_4.pdf  (html response, not a file)
    ! fail   http://courses.cs.washington.edu/courses/csep590/06au/lectures/slides/Maurer_Oct_4.ppt  (html response, not a file)
    ! fail   http://courses.cs.washington.edu/courses/csep590/06au/lectures/slides/Lazowska_Oct_4.pdf  (html response, not a file)
    ! fail   http://courses.cs.washington.edu/courses/csep590/06au/lectures/slides/Lazowska_Oct_4.ppt  (html response, not a file)
    ! fail   http://courses.cs.washington.edu/courses/csep590/06au/lectures/slides/GBell_Oct_11.pdf  (html response, not a file)
    ! fail   http://courses.cs.washington.edu/courses/csep590/06au/lectures/slides/GBell_Oct_11.ppt  (html response, not a file)
    ! fail   http://courses.cs.washington.edu/courses/csep590/06au/lectures/slides/Lampson_Oct_18.pdf  (html response, not a file)
    ! fail   http://courses.cs.washington.edu/courses/csep590/06au/lectures/slides/Lampson_Oct_18.ppt  (html response, not a file)
    ! fail   http://courses.cs.washington.edu/courses/csep590/06au/lectures/slides/Fox_Oct_25.pdf  (html response, not a file)
    ! fail   http://courses.cs.washington.edu/courses/csep590/06au/lectures/slides/Fox_Oct_25.ppt  (html response, not a file)
    ! fail   http://courses.cs.washington.edu/courses/csep590/06au/lectures/slides/Maurer_Oct_25.pdf  (html response, not a file)
    ! fail   http://courses.cs.washington.edu/courses/csep590/06au/lectures/slides/Maurer_Oct_25.ppt  (html response, not a file)
    ! fail   http://courses.cs.washington.edu/courses/csep590/06au/lectures/slides/Smith_Nov_8.pdf  (html response, not a file)
    ! fail   http://courses.cs.washington.edu/courses/csep590/06au/lectures/slides/Smith_Nov_8.ppt  (html response, not a file)
    ! fail   http://courses.cs.washington.edu/courses/csep590/06au/lectures/slides/Lazowska_Nov_15.pdf  (html response, not a file)
    ! fail   http://courses.cs.washington.edu/courses/csep590/06au/lectures/slides/Lazowska_Nov_15.ppt  (html response, not a file)
    ! fail   http://courses.cs.washington.edu/courses/csep590/06au/lectures/slides/Deibel_Nov_22.pdf  (html response, not a file)
    ! fail   http://courses.cs.washington.edu/courses/csep590/06au/lectures/slides/Deibel_Nov_22.ppt  (html response, not a file)
    ! fail   http://courses.cs.washington.edu/courses/csep590/06au/lectures/slides/Markoff_Nov_29.pdf  (html response, not a file)
    ! fail   http://courses.cs.washington.edu/courses/csep590/06au/lectures/slides/Markoff_Nov_29.ppt  (html response, not a file)
    ! fail   http://courses.cs.washington.edu/courses/csep590/06au/lectures/slides/Papadimitriou_Dec_6.pdf  (html response, not a file)
    ! fail   http://courses.cs.washington.edu/courses/csep590/06au/lectures/slides/Papadimitriou_Dec_6.ppt  (html response, not a file)
    ! fail   http://courses.cs.washington.edu/courses/csep590/06au/lectures/slides/Koss_Dec_6.pdf  (html response, not a file)
    ! fail   http://courses.cs.washington.edu/courses/csep590/06au/lectures/slides/Koss_Dec_6.ppt  (html response, not a file)
    [retry] links found but none downloaded; reducing further
    [reduce 1] http://courses.cs.washington.edu/courses/csep590/06au/
    [follow] no slides here; checking 1 sub-page(s)
    [found] 26 slide link(s) at reduction 1
    ! fail   http://courses.cs.washington.edu/courses/csep590/06au/lectures/slides/Maurer_Sept_27.pdf  (html response, not a file)
    ! fail   http://courses.cs.washington.edu/courses/csep590/06au/lectures/slides/Maurer_Sept_27.ppt  (html response, not a file)
    ! fail   http://courses.cs.washington.edu/courses/csep590/06au/lectures/slides/Maurer_Oct_4.pdf  (html response, not a file)
    ! fail   http://courses.cs.washington.edu/courses/csep590/06au/lectures/slides/Maurer_Oct_4.ppt  (html response, not a file)
    ! fail   http://courses.cs.washington.edu/courses/csep590/06au/lectures/slides/Lazowska_Oct_4.pdf  (html response, not a file)
    ! fail   http://courses.cs.washington.edu/courses/csep590/06au/lectures/slides/Lazowska_Oct_4.ppt  (html response, not a file)
    ! fail   http://courses.cs.washington.edu/courses/csep590/06au/lectures/slides/GBell_Oct_11.pdf  (html response, not a file)
    ! fail   http://courses.cs.washington.edu/courses/csep590/06au/lectures/slides/GBell_Oct_11.ppt  (html response, not a file)
    ! fail   http://courses.cs.washington.edu/courses/csep590/06au/lectures/slides/Lampson_Oct_18.pdf  (html response, not a file)
    ! fail   http://courses.cs.washington.edu/courses/csep590/06au/lectures/slides/Lampson_Oct_18.ppt  (html response, not a file)
    ! fail   http://courses.cs.washington.edu/courses/csep590/06au/lectures/slides/Fox_Oct_25.pdf  (html response, not a file)
    ! fail   http://courses.cs.washington.edu/courses/csep590/06au/lectures/slides/Fox_Oct_25.ppt  (html response, not a file)
    ! fail   http://courses.cs.washington.edu/courses/csep590/06au/lectures/slides/Maurer_Oct_25.pdf  (html response, not a file)
    ! fail   http://courses.cs.washington.edu/courses/csep590/06au/lectures/slides/Maurer_Oct_25.ppt  (html response, not a file)
    ! fail   http://courses.cs.washington.edu/courses/csep590/06au/lectures/slides/Smith_Nov_8.pdf  (html response, not a file)
    ! fail   http://courses.cs.washington.edu/courses/csep590/06au/lectures/slides/Smith_Nov_8.ppt  (html response, not a file)
    ! fail   http://courses.cs.washington.edu/courses/csep590/06au/lectures/slides/Lazowska_Nov_15.pdf  (html response, not a file)
    ! fail   http://courses.cs.washington.edu/courses/csep590/06au/lectures/slides/Lazowska_Nov_15.ppt  (html response, not a file)
    ! fail   http://courses.cs.washington.edu/courses/csep590/06au/lectures/slides/Deibel_Nov_22.pdf  (html response, not a file)
    ! fail   http://courses.cs.washington.edu/courses/csep590/06au/lectures/slides/Deibel_Nov_22.ppt  (html response, not a file)
    ! fail   http://courses.cs.washington.edu/courses/csep590/06au/lectures/slides/Markoff_Nov_29.pdf  (html response, not a file)
    ! fail   http://courses.cs.washington.edu/courses/csep590/06au/lectures/slides/Markoff_Nov_29.ppt  (html response, not a file)
    ! fail   http://courses.cs.washington.edu/courses/csep590/06au/lectures/slides/Papadimitriou_Dec_6.pdf  (html response, not a file)
    ! fail   http://courses.cs.washington.edu/courses/csep590/06au/lectures/slides/Papadimitriou_Dec_6.ppt  (html response, not a file)
    ! fail   http://courses.cs.washington.edu/courses/csep590/06au/lectures/slides/Koss_Dec_6.pdf  (html response, not a file)
    ! fail   http://courses.cs.washington.edu/courses/csep590/06au/lectures/slides/Koss_Dec_6.ppt  (html response, not a file)
    [retry] links found but none downloaded; reducing further
    [reduce 2] http://courses.cs.washington.edu/courses/csep590/
    [reduce 3] http://courses.cs.washington.edu/courses/
    [follow] no slides here; checking 2 sub-page(s)
    -> partial: 0 new, 0 skip, 0 dup, 26 fail  (http://courses.cs.washington.edu/courses/csep590/06au/lectures/)
===== [487/646] =====

### CSE4300 - University of Connecticut  (ratings=12.0)
    url: https://github.com/cseuconn/CSE-OS-2023-FALL/blob/master/CSE-4300/Ryan_Gavin_Caleb_Aaron/CSE%204300%20Presentation.pdf
    [found] 1 slide link(s) at reduction 0
    + saved  1_CSE_4300_Presentation.pdf
    -> saved: 1 new, 0 skip, 0 dup, 0 fail  (https://github.com/cseuconn/CSE-OS-2023-FALL/blob/master/CSE-4300/Ryan_Gavin_Caleb_Aaron/CSE%204300%20Presentation.pdf)
===== [488/646] =====

### CSE435 - Michigan State University  (ratings=8.0)
    url: https://www.cse.msu.edu/~cse435/Lectures/2015-Lectures/cse435_Lecture_1.pdf
    [found] 1 slide link(s) at reduction 0
    + saved  1_cse435_Lecture_1.pdf
    -> saved: 1 new, 0 skip, 0 dup, 0 fail  (https://www.cse.msu.edu/~cse435/Lectures/2015-Lectures/cse435_Lecture_1.pdf)
===== [489/646] =====

### CSE4733 - Mississippi State University  (ratings=10.0)
    url: https://ramkumarmsu.github.io/s224733.html
    -> no slides found on any reduced URL
===== [490/646] =====

### CSE480 - Michigan State University  (ratings=9.0)
    url: https://www.cse.msu.edu/~pramanik/teaching/courses/cse480/14s/
    [follow] no slides here; checking 1 sub-page(s)
    [found] 22 slide link(s) at reduction 0
    ! fail   https://www.cse.msu.edu/~pramanik/teaching/courses/cse480/14s/12/lecture1.ppt  (http 404)
    ! fail   https://www.cse.msu.edu/~pramanik/teaching/courses/cse480/14s/12/lecture2.ppt  (http 404)
    ! fail   https://www.cse.msu.edu/~pramanik/teaching/courses/cse480/14s/12/lecture2b.ppt  (http 404)
    ! fail   https://www.cse.msu.edu/~pramanik/teaching/courses/cse480/14s/12/lecture3.ppt  (http 404)
    ! fail   https://www.cse.msu.edu/~pramanik/teaching/courses/cse480/14s/12/lecture4.ppt  (http 404)
    ! fail   https://www.cse.msu.edu/~pramanik/teaching/courses/cse480/14s/12/lecture5.ppt  (http 404)
    ! fail   https://www.cse.msu.edu/~pramanik/teaching/courses/cse480/14s/12/lecture6.ppt  (http 404)
    ! fail   https://www.cse.msu.edu/~pramanik/teaching/courses/cse480/14s/12/lecture8.ppt  (http 404)
    ! fail   https://www.cse.msu.edu/~pramanik/teaching/courses/cse480/14s/6_sql/lec.pdf  (http 404)
    ! fail   https://www.cse.msu.edu/~pramanik/teaching/courses/cse480/14s/12/lecture9.ppt  (http 404)
    ! fail   https://www.cse.msu.edu/~pramanik/teaching/courses/cse480/14s/12/lecture10.ppt  (http 404)
    ! fail   https://www.cse.msu.edu/~pramanik/teaching/courses/cse480/14s/12/lecture11.ppt  (http 404)
    ! fail   https://www.cse.msu.edu/~pramanik/teaching/courses/cse480/14s/12/lecture12.ppt  (http 404)
    ! fail   https://www.cse.msu.edu/~pramanik/teaching/courses/cse480/14s/12/lecture13.ppt  (http 404)
    ! fail   https://www.cse.msu.edu/~pramanik/teaching/courses/cse480/14s/12_triggers/lec.pdf  (http 404)
    ! fail   https://www.cse.msu.edu/~pramanik/teaching/courses/cse480/14s/12/lecture14.ppt  (http 404)
    ! fail   https://www.cse.msu.edu/~pramanik/teaching/courses/cse480/14s/12/lecture23.ppt  (http 404)
    ! fail   https://www.cse.msu.edu/~pramanik/teaching/courses/cse480/14s/12/lecture24.ppt  (http 404)
    ! fail   https://www.cse.msu.edu/~pramanik/teaching/courses/cse480/14s/11-isolation/lec.pdf  (http 404)
    ! fail   https://www.cse.msu.edu/~pramanik/teaching/courses/cse480/14s/12/lecture22.ppt  (http 404)
    ! fail   https://www.cse.msu.edu/~pramanik/teaching/courses/cse480/14s/12/lecture20.ppt  (http 404)
    ! fail   https://www.cse.msu.edu/~pramanik/teaching/courses/cse480/14s/12/lecture18.tmp.ppt  (http 404)
    [retry] links found but none downloaded; reducing further
    [reduce 1] https://www.cse.msu.edu/~pramanik/teaching/courses/cse480/
    [reduce 2] https://www.cse.msu.edu/~pramanik/teaching/courses/
    [reduce 3] https://www.cse.msu.edu/~pramanik/teaching/
    -> partial: 0 new, 0 skip, 0 dup, 22 fail  (https://www.cse.msu.edu/~pramanik/teaching/courses/cse480/14s/)
===== [491/646] =====

### CSE498 - Michigan State University  (ratings=35.0)
    url: https://cse498.github.io
    [follow] no slides here; checking 3 sub-page(s)
    [found] 13 slide link(s) at reduction 0
    + saved  1_view.pdf
    + saved  2_view.pdf
    + saved  3_view.pdf
    + saved  4_view.pdf
    + saved  5_view.pdf
    + saved  6_view.pdf
    + saved  7_view.pdf
    + saved  8_view.pdf
    + saved  9_view.pdf
    + saved  10_view.pdf
    + saved  11_view.pdf
    + saved  12_view.pdf
    + saved  13_view.pdf
    -> saved: 13 new, 0 skip, 0 dup, 0 fail  (https://cse498.github.io)
===== [492/646] =====

### CSE504 - Stony Brook University  (ratings=6.0)
    url: https://www3.cs.stonybrook.edu/~cram/cse504/Spring16/Lectures/index.html
    [found] 14 slide link(s) at reduction 0
    + saved  1_org.pdf
    + saved  2_intro.pdf
    + saved  3_lexer.pdf
    + saved  4_automata.pdf
    + saved  5_parser.pdf
    + saved  6_lrparser.pdf
    + saved  7_attributes.pdf
    + saved  8_types.pdf
    + saved  9_procedures.pdf
    + saved  10_codegen.pdf
    + saved  11_dataflow.pdf
    + saved  12_register.pdf
    + saved  13_opt.pdf
    ! fail   https://www3.cs.stonybrook.edu/~cram/cse504/Spring16/Lectures/Spring15/index.html  (not a recognized HTML slideshow)
    -> saved: 13 new, 0 skip, 0 dup, 1 fail  (https://www3.cs.stonybrook.edu/~cram/cse504/Spring16/Lectures/index.html)
===== [493/646] =====

### CSE512 - Arizona State University  (ratings=22.0)
    url: https://courses.cs.washington.edu/courses/cse512/25sp/index.html
    [found] 19 slide link(s) at reduction 0
    + saved  1_CSE512-Introduction.pdf
    + saved  2_CSE512-ToolsPart1.pdf
    + saved  3_CSE512-VisualEncoding.pdf
    ! fail   https://courses.cs.washington.edu/courses/cse512/25sp/uwnetid/readings/design/norman-ch3.pdf  (html response, not a file)
    + saved  5_number-representation.pdf
    + saved  6_CSE512-DeceptiveVisualization.pdf
    + saved  7_CSE512-DataTransformation.pdf
    + saved  8_CSE512-Interaction.pdf
    + saved  9_CSE512-Maps.pdf
    ! fail   https://courses.cs.washington.edu/courses/cse512/25sp/uwnetid/readings/map/Dent-Chap11.pdf  (html response, not a file)
    + saved  11_CSE512-ToolsPart2.pdf
    + saved  12_CSE512-Animation.pdf
    + saved  13_CSE512-Color.pdf
    + saved  14_CSE512-Perception.pdf
    + saved  15_CSE512-FinalProject.pdf
    + saved  16_CSE512-Networks.pdf
    + saved  17_CSE512-Uncertainty.pdf
    + saved  18_CSE512-Scalability.pdf
    + saved  19_CSE512-Evaluation.pdf
    -> saved: 17 new, 0 skip, 0 dup, 2 fail  (https://courses.cs.washington.edu/courses/cse512/25sp/index.html)
===== [494/646] =====

### CSE528 - Stony Brook University  (ratings=6.0)
    url: https://www3.cs.stonybrook.edu/~mueller/teaching/cse528/syllabus.html
    [found] 13 slide link(s) at reduction 0
    + saved  1_01-HistoricalPerspective.ppt
    + saved  2_03-InteractionElements.ppt
    + saved  3_linear-algebra_primer.ppt
    + saved  4_OpenGL_transformations.ppt
    + saved  5_OpenGL_viewing.ppt
    + saved  6_04-ScientificFoundations.ppt
    + saved  7_05-DesigningHCIExperiments.ppt
    + saved  8_cos426_s11_lecture13_ray.pdf
    + saved  9_cos426_s11_lecture14_light.pdf
    + saved  10_06-HypothesisTesting_KM.ppt
    + saved  11_cos426_s11_lecture15_global.pdf
    + saved  12_radiosity.ppt
    + saved  13_cos426_s11_lecture08_parametric.pdf
    -> saved: 13 new, 0 skip, 0 dup, 0 fail  (https://www3.cs.stonybrook.edu/~mueller/teaching/cse528/syllabus.html)
===== [495/646] =====

### CSE537 - Stony Brook University  (ratings=9.0)
    url: https://www3.cs.stonybrook.edu/~sael/teaching/cse537/
    [found] 30 slide link(s) at reduction 0
    ! fail   http://www3.cs.stonybrook.edu/~sael/teaching/cse549/Slides/CSE549_Project_guideline.pdf  (http 404)
    ! fail   http://www3.cs.stonybrook.edu/~sael/teaching/cse549/Slides/CSE549_Project_guideline_ppt.pdf  (http 404)
    + saved  3_chapter01.pdf
    + saved  4_chapter02.pdf
    + saved  5_chapter03a.pdf
    + saved  6_chapter03b.pdf
    + saved  7_chapter04a.pdf
    + saved  8_chapter04c-beyond.pdf
    + saved  9_chapter05.pdf
    + saved  10_chapter06a.pdf
    + saved  11_chapter06b.pdf
    + saved  12_chapter07a.pdf
    + saved  13_chapter07b.pdf
    + saved  14_chapter10a.pdf
    + saved  15_chapter10b.pdf
    + saved  16_chapter12_KR.pdf
    + saved  17_chapter13_extend.pdf
    + saved  18_chapter14a.pdf
    + saved  19_chapter14b.pdf
    + saved  20_chapter14c.pdf
    + saved  21_chapter14d_BP.pdf
    + saved  22_chapter15a.pdf
    + saved  23_chapter15b.pdf
    + saved  24_ch18a.pdf
    + saved  25_ch18b.pdf
    + saved  26_ch18c.pdf
    + saved  27_ch18d.pdf
    + saved  28_ch18e.pdf
    + saved  29_chapter20a.pdf
    + saved  30_Presentation.pdf
    -> saved: 28 new, 0 skip, 0 dup, 2 fail  (https://www3.cs.stonybrook.edu/~sael/teaching/cse537/)
===== [496/646] =====

### CSE539 - Arizona State University  (ratings=5.0)
    url: https://jedcrandall.github.io/courses/cse539spring2023/
    [found] 17 slide link(s) at reduction 0
    + saved  1_courseintro.pdf
    + saved  2_informationtheoryprng.pdf
    + saved  3_otrpaperthoughts.pdf
    + saved  4_cryptooverview1.pdf
    + saved  5_cryptooverview2.pdf
    + saved  6_hashfunctions.pdf
    + saved  7_cbcpaddingoracle.pdf
    + saved  8_fields.pdf
    + saved  9_ciphermodestreammac.pdf
    + saved  10_otrandsignal.pdf
    + saved  11_sidechannelscrypto.pdf
    + saved  12_rsa.pdf
    + saved  13_rsapadding.pdf
    + saved  14_rsaoaep.pdf
    + saved  15_ecc.pdf
    + saved  16_zkpotetc.pdf
    + saved  17_postquantum.pdf
    -> saved: 17 new, 0 skip, 0 dup, 0 fail  (https://jedcrandall.github.io/courses/cse539spring2023/)
===== [497/646] =====

### CSE541 - Penn State University  (ratings=6.0)
    url: https://github.com/saptab/CSE541-DatabaseSystems-I-Project-report-presentation/blob/main/CSE_541_DatabaseSystems-I-Final_Project_Presentation.pdf
    [found] 1 slide link(s) at reduction 0
    + saved  1_CSE_541_DatabaseSystems-I-Final_Project_Presentation.pdf
    -> saved: 1 new, 0 skip, 0 dup, 0 fail  (https://github.com/saptab/CSE541-DatabaseSystems-I-Project-report-presentation/blob/main/CSE_541_DatabaseSystems-I-Final_Project_Presentation.pdf)
===== [498/646] =====

### CSE543 - Washington University in St. Louis  (ratings=7.0)
    url: https://courses.cs.washington.edu/courses/cse543/25au/
    [follow] no slides here; checking 1 sub-page(s)
    [found] 34 slide link(s) at reduction 0
    + saved  1_au25_lecture1.pdf
    + saved  2_au25_lecture1_live.pdf
    + saved  3_au25_lecture2.pdf
    + saved  4_au25_lecture2_live.pdf
    + saved  5_au25_lecture3.pdf
    + saved  6_au25_lecture3_live.pdf
    + saved  7_au25_lecture4.pdf
    + saved  8_au25_lecture4_live.pdf
    + saved  9_au25_lecture5.pdf
    + saved  10_au25_lecture5_live.pdf
    + saved  11_au25_lecture6.pdf
    + saved  12_au25_lecture6_live.pdf
    + saved  13_au25_lecture7.pdf
    + saved  14_au25_lecture7_live.pdf
    + saved  15_au25_lecture8.pdf
    + saved  16_au25_lecture8_live.pdf
    + saved  17_au25_lecture9.pdf
    + saved  18_au25_lecture9_live.pdf
    + saved  19_au25_lecture10.pdf
    + saved  20_au25_lecture10_live.pdf
    + saved  21_au25_lecture11.pdf
    + saved  22_au25_lecture11_live.pdf
    + saved  23_au25_lecture12.pdf
    + saved  24_au25_lecture12_live.pdf
    + saved  25_au25_lecture13.pdf
    + saved  26_au25_lecture13_live.pdf
    + saved  27_au25_lecture14.pdf
    + saved  28_au25_lecture14_live.pdf
    + saved  29_au25_lecture15.pdf
    + saved  30_au25_lecture15_live.pdf
    + saved  31_au25_lecture16.pdf
    + saved  32_au25_lecture16_live.pdf
    + saved  33_au25_lecture17.pdf
    + saved  34_au25_lecture17_live.pdf
    -> saved: 34 new, 0 skip, 0 dup, 0 fail  (https://courses.cs.washington.edu/courses/cse543/25au/)
===== [499/646] =====

### CSE6740 - Georgia Institute of Technology  (ratings=7.0)
    url: https://faculty.cc.gatech.edu/~zk15/teaching/AY2025_cs7643_spring/index.html
    [found] 29 slide link(s) at reduction 0
    + saved  1_L1_intro.pdf
    + saved  2_L2_LinearClassifiers.pdf
    + saved  3_L3_LinearClassifiers_GradientDescent.pdf
    + saved  4_L4_GradientDescent_NNs.pdf
    + saved  5_L5_NNs_Backprop_LinearAlgebraView.pdf
    + saved  6_L6_Jacobians_AutoDiff.pdf
    + saved  7_L6_Jacobians_AutoDiff_Annotated.pdf
    + saved  8_L7_Optimization.pdf
    + saved  9_L8_Optimization_Conv.pdf
    + saved  10_L9_Conv_Backprop.pdf
    + saved  11_L10_Pooling_CNNs.pdf
    + saved  12_L11_CNNs_Regularization_TransferLearning.pdf
    + saved  13_L12_RNNs_LSTMs.pdf
    + saved  14_L13_Attention_Transformers.pdf
    + saved  15_L14_Transformers_VisionTransformers.pdf
    + saved  16_L15_AdvancedArchs.pdf
    + saved  17_L16_GenerativeModels1.pdf
    + saved  18_L17_GenerativeModels2.pdf
    + saved  19_L18_GenerativeModels3_VAEs.pdf
    + saved  20_L19_LLMGuestLecture.pdf
    + saved  21_L20_DeepDenoisingModelsForVisualRepresentationLearning.pdf
    + saved  22_L21_LLM_Agents_Hao_Zhu.pdf
    + saved  23_L22_RL1.pdf
    + saved  24_RLbook2018.pdf
    + saved  25_L23_RL2.pdf
    + saved  26_L24_RL3.pdf
    + saved  27_L25_Charlie_Snell_Scaling_TestTime_Compute.pdf
    ! fail   https://faculty.cc.gatech.edu/~zk15/teaching/AY2025_cs7643_spring/assets/L26_VisionLanguageModels.pdf  (http 404)
    + saved  29_L27_Wrapup.pdf
    -> saved: 28 new, 0 skip, 0 dup, 1 fail  (https://faculty.cc.gatech.edu/~zk15/teaching/AY2025_cs7643_spring/index.html)
===== [500/646] =====

### CSE7314 - Southern Methodist University  (ratings=7.0)
    url: https://s2.smu.edu/~tian/class/7314.05s/
    [follow] no slides here; checking 4 sub-page(s)
    [found] 1 slide link(s) at reduction 0
    + saved  1_cssop.pdf
    -> saved: 1 new, 0 skip, 0 dup, 0 fail  (https://s2.smu.edu/~tian/class/7314.05s/)
===== [501/646] =====

### CSI1430 - Baylor University  (ratings=5.0)
    url: https://github.com/xiangmind/csi_1430
    [follow] no slides here; checking 13 sub-page(s)
    [reduce 1] https://github.com/xiangmind/
    [follow] no slides here; checking 9 sub-page(s)
    -> no slides found on any reduced URL
===== [502/646] =====

### CSI2111 - University of Ottawa  (ratings=22.0)
    url: https://www.site.uottawa.ca/~anayak/CSI2111F05/coursenotes.html
    [found] 3 slide link(s) at reduction 0
    + saved  1_booth_multiply.pdf
    + saved  2_register_counter.pdf
    + saved  3_4x3_ram_example.pdf
    -> saved: 3 new, 0 skip, 0 dup, 0 fail  (https://www.site.uottawa.ca/~anayak/CSI2111F05/coursenotes.html)
===== [503/646] =====

### CSI213 - University at Albany  (ratings=6.0)
    url: http://www.cs.albany.edu/~petko/classes/FALL16-CSI403.php
    [found] 8 slide link(s) at reduction 0
    + saved  1_01-Intro.pdf
    + saved  2_02-Analysis_of_Insertion_Sort.pdf
    + saved  3_04-Asymptotic_Notation.pdf
    + saved  4_05-Graphs-And-Trees.pdf
    + saved  5_06-Heaps-1.pdf
    + saved  6_07-Heaps-2.pdf
    + saved  7_08-Quicksort.pdf
    + saved  8_09-Decision-Trees-Closest-Pair.pdf
    -> saved: 8 new, 0 skip, 0 dup, 0 fail  (http://www.cs.albany.edu/~petko/classes/FALL16-CSI403.php)
===== [504/646] =====

### CSI3131 - University of Ottawa  (ratings=13.0)
    url: https://www.site.uottawa.ca/~nat/Courses/csi3131/
    [reduce 1] https://www.site.uottawa.ca/~nat/Courses/
    [found] 1 slide link(s) at reduction 1
    ! fail   https://www.site.uottawa.ca/~nat/Courses/studentpresentations.html  (not a recognized HTML slideshow)
    [retry] links found but none downloaded; reducing further
    -> partial: 0 new, 0 skip, 0 dup, 1 fail  (https://www.site.uottawa.ca/~nat/Courses/)
===== [505/646] =====

### CSI4106 - University of Ottawa  (ratings=7.0)
    url: https://www.site.uottawa.ca/~nat/Courses/csi4106_2008/csi4106_2008.htm
    [reduce 1] https://www.site.uottawa.ca/~nat/Courses/csi4106_2008/
    [reduce 2] https://www.site.uottawa.ca/~nat/Courses/
    [found] 1 slide link(s) at reduction 2
    ! fail   https://www.site.uottawa.ca/~nat/Courses/studentpresentations.html  (not a recognized HTML slideshow)
    [retry] links found but none downloaded; reducing further
    -> partial: 0 new, 0 skip, 0 dup, 1 fail  (https://www.site.uottawa.ca/~nat/Courses/)
===== [506/646] =====

### CSI4118 - University of Ottawa  (ratings=7.0)
    url: https://www.site.uottawa.ca/~bob/csi4118/notes.html
    [found] 22 slide link(s) at reduction 0
    + saved  1_RPCandMiddleware.ppt
    + saved  2_VoIP.ppt
    + saved  3_SIPVulnerability.ppt
    + saved  4_bp4118security.ppt
    + saved  5_4.0-CGI_WebDocumentTechnologies.ppt
    + saved  6_MySQLPHP.ppt
    + saved  7_3.0-InternetApplications.ppt
    + saved  8_4.0-WebDocumentTechnologies.ppt
    + saved  9_2.6-UDP.ppt
    + saved  10_3.0-Internet2005Software.ppt
    + saved  11_3.1-2005JavaSockets.ppt
    + saved  12_RLPprt1intro.ppt
    + saved  13_1.0datatrans.ppt
    + saved  14_1.1-SignalsAndDataMultiplexing.ppt
    + saved  15_1.2-WebPacketsErrorDetection.ppt
    + saved  16_LowerLevelNetworkingHardwareV2.ppt
    + saved  17_Part3.1WANrouting0920.ppt
    + saved  18_Part2.1Performance0922.ppt
    + saved  19_Part2.2LayeringProtocols0922.ppt
    + saved  20_Part2.3InternetworkingAddressingCh17to20.ppt
    + saved  21_2.4-Datagrams.ppt
    + saved  22_2.5-TransportProtocols.ppt
    -> saved: 22 new, 0 skip, 0 dup, 0 fail  (https://www.site.uottawa.ca/~bob/csi4118/notes.html)
===== [507/646] =====

### CSIS2610 - Youngstown State University  (ratings=12.0)
    url: https://jwdittrich.people.ysu.edu/CSIS_2610/
    -> no slides found on any reduced URL
===== [508/646] =====

### CSIT221 - SUNY Fredonia  (ratings=14.0)
    url: http://www.cs.fredonia.edu/arnavut/classes/cs221.html
    [found] 2 slide link(s) at reduction 0
    + saved  1_class_1.pdf
    + saved  2_class_2.pdf
    -> saved: 2 new, 0 skip, 0 dup, 0 fail  (http://www.cs.fredonia.edu/arnavut/classes/cs221.html)
===== [509/646] =====

### CSS385 - University of Washington  (ratings=5.0)
    url: https://courses.washington.edu/css385/2016.Spring/
    [found] 14 slide link(s) at reduction 0
    ! fail   https://courses.washington.edu/css385/2016.Spring/StatCharts/week4.html  (not a recognized HTML slideshow)
    ! fail   https://courses.washington.edu/css385/2016.Spring/StatCharts/week5.html  (not a recognized HTML slideshow)
    ! fail   https://courses.washington.edu/css385/2016.Spring/Pitch/CurlyFries%20Productions.pptx.pptx  (http 404)
    ! fail   https://courses.washington.edu/css385/2016.Spring/Pitch/TeamAlmostGood.pptx  (http 404)
    ! fail   https://courses.washington.edu/css385/2016.Spring/Pitch/ImaginationStudio.pptx  (http 404)
    ! fail   https://courses.washington.edu/css385/2016.Spring/Pitch/MetaGames.pptx  (http 404)
    ! fail   https://courses.washington.edu/css385/2016.Spring/Pitch/BeardBearPresentation.pdf  (http 404)
    ! fail   https://courses.washington.edu/css385/2016.Spring/Pitch/TeamD4D_Pitch.pptx  (http 404)
    ! fail   https://courses.washington.edu/css385/2016.Spring/Pitch/ExperienceMachine_Pitch.pptx  (http 404)
    ! fail   https://courses.washington.edu/css385/2016.Spring/StatCharts/week6.html  (not a recognized HTML slideshow)
    ! fail   https://courses.washington.edu/css385/2016.Spring/StatCharts/week7.html  (not a recognized HTML slideshow)
    ! fail   https://courses.washington.edu/css385/2016.Spring/StatCharts/week8.html  (not a recognized HTML slideshow)
    ! fail   https://courses.washington.edu/css385/2016.Spring/StatCharts/week9.html  (not a recognized HTML slideshow)
    ! fail   https://courses.washington.edu/css385/2016.Spring/StatCharts/week10.html  (not a recognized HTML slideshow)
    [retry] links found but none downloaded; reducing further
    [reduce 1] https://courses.washington.edu/css385/
    -> partial: 0 new, 0 skip, 0 dup, 14 fail  (https://courses.washington.edu/css385/2016.Spring/)
===== [510/646] =====

### CSS421 - University of Washington  (ratings=16.0)
    url: https://courses.cs.washington.edu/courses/cse421/24au/
    [found] 76 slide link(s) at reduction 0
    + saved  1_lecture01-intro-stablematching.pdf
    + saved  2_lecture01-intro-stablematching-A.pdf
    + saved  3_section01-slides-nosol.pdf
    + saved  4_section01-slides.pdf
    + saved  5_lecture02-stablematching-properties.pdf
    + saved  6_lecture02-stablematching-properties-A.pdf
    + saved  7_lecture03-overview-graphsearch.pdf
    + saved  8_lecture03-overview-graphsearch-A.pdf
    + saved  9_lecture04-bfs-dfs-properties.pdf
    + saved  10_lecture04-bfs-dfs-properties-A.pdf
    + saved  11_section02-slides-nosol.pdf
    + saved  12_section02-slides.pdf
    + saved  13_lecture05-greedy.pdf
    + saved  14_lecture05-greedy-A.pdf
    + saved  15_lecture06-moregreedy.pdf
    + saved  16_lecture06-moregreedy-A.pdf
    + saved  17_lecture07-mst.pdf
    + saved  18_lecture07-mst-A.pdf
    + saved  19_section03-slides-nosol.pdf
    + saved  20_section03-slides.pdf
    + saved  21_lecture08-divideandconquer.pdf
    + saved  22_lecture08-divideandconquer-A.pdf
    + saved  23_lecture09-dandc-multiplication.pdf
    + saved  24_lecture09-dandc-multiplication-A.pdf
    + saved  25_lecture10-dandc-median-quicksort.pdf
    + saved  26_lecture10-dandc-median-quicksort-A.pdf
    + saved  27_section04-slides-nosol.pdf
    + saved  28_section04-slides.pdf
    + saved  29_lecture11-dynamicprogramming.pdf
    + saved  30_lecture11-dynamicprogramming-A.pdf
    + saved  31_lecture12-dp-lis-knapsack.pdf
    + saved  32_lecture12-dp-lis-knapsack-A.pdf
    + saved  33_lecture13-dp-biology.pdf
    + saved  34_lecture13-dp-biology-A.pdf
    + saved  35_section05-slides-nosol.pdf
    + saved  36_section05-slides.pdf
    + saved  37_lecture14-dp-bellmanford.pdf
    + saved  38_lecture14-dp-bellmanford-A.pdf
    + saved  39_lecture15-flow.pdf
    + saved  40_lecture16-fordfulkerson.pdf
    ! fail   https://courses.cs.washington.edu/courses/cse421/24au/lectures/lecture16-fordfulkerson-A.pdf  (http 404)
    + saved  42_section06-slides-nosol.pdf
    + saved  43_section06-slides.pdf
    + saved  44_lecture17-augmentingmethods.pdf
    + saved  45_lecture17-augmentingmethods-A.pdf
    + saved  46_lecture18-flowapplications.pdf
    + saved  47_lecture18-flowapplications-A.pdf
    + saved  48_section07-slides-nosol.pdf
    + saved  49_section07-slides.pdf
    + saved  50_lecture19-moreflowapplications.pdf
    + saved  51_lecture19-moreflowapplications-A.pdf
    + saved  52_lecture20-linearprogramming.pdf
    + saved  53_lecture20-linearprogramming-A.pdf
    + saved  54_section08-slides-nosol.pdf
    + saved  55_section08-slides.pdf
    + saved  56_lecture21-lpduality.pdf
    + saved  57_lecture21-lpduality-A.pdf
    + saved  58_lecture22-reductions.pdf
    + saved  59_lecture22-reductions-A.pdf
    + saved  60_lecture23-np.pdf
    + saved  61_lecture23-np-A.pdf
    + saved  62_section09-slides-nosol.pdf
    + saved  63_section09-slides.pdf
    + saved  64_lecture24-more-np.pdf
    + saved  65_lecture25-approximation.pdf
    + saved  66_lecture25-approximation-A.pdf
    + saved  67_lecture26-lpalgorithms.pdf
    + saved  68_lecture26-lpalgorithms-A.pdf
    + saved  69_lecture27-dealing.pdf
    + saved  70_lecture27-dealing-A.pdf
    + saved  71_lecture28-fixedparm-sat.pdf
    + saved  72_lecture28-fixedparm-sat-A.pdf
    + saved  73_section10-slides-nosol.pdf
    + saved  74_section10-slides.pdf
    + saved  75_lecture29-wrap-up.pdf
    + saved  76_lecture29-wrap-up-A.pdf
    -> saved: 75 new, 0 skip, 0 dup, 1 fail  (https://courses.cs.washington.edu/courses/cse421/24au/)
===== [511/646] =====

### CSS590 - University of Washington  (ratings=5.0)
    url: https://courses.washington.edu/css590/2012.Spring/
    [found] 7 slide link(s) at reduction 0
    ! fail   https://courses.washington.edu/css590/2012.Spring/LectureNotes/Week1/index.htm  (not a recognized HTML slideshow)
    ! fail   https://courses.washington.edu/css590/2012.Spring/LectureNotes/Week2/index.htm  (not a recognized HTML slideshow)
    ! fail   https://courses.washington.edu/css590/2012.Spring/LectureNotes/Week3/index.htm  (not a recognized HTML slideshow)
    ! fail   https://courses.washington.edu/css590/2012.Spring/LectureNotes/Week4/index.htm  (not a recognized HTML slideshow)
    ! fail   https://courses.washington.edu/css590/2012.Spring/LectureNotes/Week5/index.htm  (not a recognized HTML slideshow)
    ! fail   https://courses.washington.edu/css590/2012.Spring/LectureNotes/Week6/index.htm  (not a recognized HTML slideshow)
    + saved  7_PresentationSchedule.pdf
    -> saved: 1 new, 0 skip, 0 dup, 6 fail  (https://courses.washington.edu/css590/2012.Spring/)
===== [512/646] =====

### CSSE120 - Rose-Hulman Institute of Technology  (ratings=20.0)
    url: https://www.rose-hulman.edu/class/csse/archive/csse120-old/csse120-old-terms/201120robotics/Slides/01-IntroToCourseEclipseAndPython.pdf
    [found] 1 slide link(s) at reduction 0
    + saved  1_01-IntroToCourseEclipseAndPython.pdf
    -> saved: 1 new, 0 skip, 0 dup, 0 fail  (https://www.rose-hulman.edu/class/csse/archive/csse120-old/csse120-old-terms/201120robotics/Slides/01-IntroToCourseEclipseAndPython.pdf)
===== [513/646] =====

### CSSE220 - Rose-Hulman Institute of Technology  (ratings=39.0)
    url: https://www.rose-hulman.edu/class/csse/csse220/201720/Slides/01%20JavaIntro.pdf
    [found] 1 slide link(s) at reduction 0
    + saved  1_01_JavaIntro.pdf
    -> saved: 1 new, 0 skip, 0 dup, 0 fail  (https://www.rose-hulman.edu/class/csse/csse220/201720/Slides/01%20JavaIntro.pdf)
===== [514/646] =====

### CSSE221 - Rose-Hulman Institute of Technology  (ratings=6.0)
    url: https://www.rose-hulman.edu/class/csse/csse221/201210/Slides/01%20Introduction.pdf
    [found] 1 slide link(s) at reduction 0
    + saved  1_01_Introduction.pdf
    -> saved: 1 new, 0 skip, 0 dup, 0 fail  (https://www.rose-hulman.edu/class/csse/csse221/201210/Slides/01%20Introduction.pdf)
===== [515/646] =====

### CSSE280 - Rose-Hulman Institute of Technology  (ratings=22.0)
    url: https://www.rose-hulman.edu/class/csse/csse280/201710/Slides/Intro-Internet.pdf
    [found] 1 slide link(s) at reduction 0
    + saved  1_Intro-Internet.pdf
    -> saved: 1 new, 0 skip, 0 dup, 0 fail  (https://www.rose-hulman.edu/class/csse/csse280/201710/Slides/Intro-Internet.pdf)
===== [516/646] =====

### CSSE333 - Rose-Hulman Institute of Technology  (ratings=14.0)
    url: https://www.rose-hulman.edu/class/cs/csse333/Slides/BFViews.ppt
    [found] 1 slide link(s) at reduction 0
    + saved  1_BFViews.ppt
    -> saved: 1 new, 0 skip, 0 dup, 0 fail  (https://www.rose-hulman.edu/class/cs/csse333/Slides/BFViews.ppt)
===== [517/646] =====

### CSSE371 - Rose-Hulman Institute of Technology  (ratings=12.0)
    url: https://www.rose-hulman.edu/academics/course-catalog/2021-2022/programs/Computer%20Science/csse-371.html
    [follow] no slides here; checking 3 sub-page(s)
    [reduce 1] https://www.rose-hulman.edu/academics/course-catalog/2021-2022/programs/Computer%20Science/
    [follow] no slides here; checking 3 sub-page(s)
    [reduce 2] https://www.rose-hulman.edu/academics/course-catalog/2021-2022/programs/
    [fetch] status=403
    [reduce 3] https://www.rose-hulman.edu/academics/course-catalog/2021-2022/
    [follow] no slides here; checking 3 sub-page(s)
    [reduce 4] https://www.rose-hulman.edu/academics/course-catalog/
    [fetch] status=403
    [reduce 5] https://www.rose-hulman.edu/academics/
    [follow] no slides here; checking 4 sub-page(s)
    [found] 2 slide link(s) at reduction 5
    ! fail   https://www.rose-hulman.edu/news/2021/undergraduate-presents-machine-learning-work-in-tinyml-webcast-and-guest-lecture.html  (not a recognized HTML slideshow)
    ! fail   https://www.rose-hulman.edu/news/2019/World-Renowned-Anthropologist-to-Discuss-Future-of-Rapa-Nui-Statues-in-First-Guerri-Lecture.html  (not a recognized HTML slideshow)
    [retry] links found but none downloaded; reducing further
    -> partial: 0 new, 0 skip, 0 dup, 2 fail  (https://www.rose-hulman.edu/academics/)
===== [518/646] =====

### CSSE376 - Rose-Hulman Institute of Technology  (ratings=10.0)
    url: https://www.rose-hulman.edu/class/cs/csse376/Lectures/CSSE376-070315-problemtracking.ppt
    [found] 1 slide link(s) at reduction 0
    + saved  1_CSSE376-070315-problemtracking.ppt
    -> saved: 1 new, 0 skip, 0 dup, 0 fail  (https://www.rose-hulman.edu/class/cs/csse376/Lectures/CSSE376-070315-problemtracking.ppt)
===== [519/646] =====

### CY2550 - Northeastern University  (ratings=40.0)
    url: https://www.ccs.neu.edu/home/alina/classes/Spring2020/Lecture1.pdf
    [found] 1 slide link(s) at reduction 0
    + saved  1_Lecture1.pdf
    -> saved: 1 new, 0 skip, 0 dup, 0 fail  (https://www.ccs.neu.edu/home/alina/classes/Spring2020/Lecture1.pdf)
===== [520/646] =====

### DATA202 - College of William & Mary  (ratings=7.0)
    url: https://anwala.github.io/teaching/2024-fall-data-202-01
    [reduce 1] https://anwala.github.io/teaching/
    -> no slides found on any reduced URL
===== [521/646] =====

### DS110 - Boston University  (ratings=23.0)
    url: https://dl4ds.github.io/sp2025/lectures/
    [found] 23 slide link(s) at reduction 0
    + saved  1_01_course_intro.pdf
    + saved  2_02_supervised_learning.pdf
    + saved  3_03_shallow_networks.pdf
    + saved  4_04_deep_networks.pdf
    + saved  5_05_loss_functions.pdf
    + saved  6_06_fitting_models.pdf
    + saved  7_07a_gradients.pdf
    + saved  8_07b_initialization.pdf
    + saved  9_07_how_to_read_paper.pdf
    + saved  10_08_measuring_performance.pdf
    + saved  11_09_regularization.pdf
    + saved  12_10_convolutional_networks.pdf
    + saved  13_11_residual_networks.pdf
    + saved  14_12_recurrent_networks.pdf
    ! fail   https://dl4ds.github.io/sp2025/static_files/lectures/11a_recurrent_networks_v2.pdf  (http 404)
    + saved  16_13_transformers_export.pdf
    + saved  17_14_transformers_part2.pdf
    + saved  18_15_vision_tranformers.pdf
    + saved  19_16_Training_Tuning_LLMs.pdf
    + saved  20_18_unsup_learning_gan.pdf
    + saved  21_19_VAEs.pdf
    + saved  22_20_diffusion_models.pdf
    + saved  23_21_graph_neural_networks.pdf
    -> saved: 22 new, 0 skip, 0 dup, 1 fail  (https://dl4ds.github.io/sp2025/lectures/)
===== [522/646] =====

### DS4400 - Northeastern University  (ratings=20.0)
    url: http://khoury.northeastern.edu/home/eelhami/courses_nu_ds4400_fall21.htm
    [found] 5 slide link(s) at reduction 0
    ! fail   http://khoury.neu.edu/home/eelhami/courses/CS6140_Fall16/lecture0_review_linearAlgebra_1.pdf  (<urlopen error [Errno -2] Name or service not known>)
    ! fail   http://khoury.neu.edu/home/eelhami/courses/CS6140_Fall16/lecture0_review_probability_1.pdf  (<urlopen error [Errno -2] Name or service not known>)
    ! fail   http://khoury.neu.edu/home/eelhami/courses/CS6140_Fall16/lecture0_review_probability_2.pdf  (<urlopen error [Errno -2] Name or service not known>)
    ! fail   http://khoury.neu.edu/home/eelhami/courses/CS6140_Fall16/lecture0_review_linearAlgebra_2.pdf  (<urlopen error [Errno -2] Name or service not known>)
    ! fail   http://khoury.neu.edu/home/eelhami/courses/CS6140_Fall16/lecture0_matrixCookbook.pdf  (<urlopen error [Errno -2] Name or service not known>)
    [retry] links found but none downloaded; reducing further
    [reduce 1] http://khoury.northeastern.edu/home/eelhami/
    [reduce 2] http://khoury.northeastern.edu/home/
    [fetch] status=404
    -> partial: 0 new, 0 skip, 0 dup, 5 fail  (http://khoury.northeastern.edu/home/eelhami/courses_nu_ds4400_fall21.htm)
===== [523/646] =====

### DS442 - Penn State University  (ratings=5.0)
    url: https://ryanzhumich.github.io/442.html
    -> no slides found on any reduced URL
===== [524/646] =====

### DSCI553 - University of Southern California  (ratings=50.0)
    url: https://github.com/HaoyueXU99/USC-DSCI-553-Fall23/tree/main/Slides
    [follow] no slides here; checking 22 sub-page(s)
    [found] 19 slide link(s) at reduction 0
    + saved  1_1-MapReduce-1.pptx
    + saved  2_1-introduction.pptx
    + saved  3_10-Clustering.pptx
    + saved  4_11-linkAnalysis-I.pptx
    + saved  5_12-linkAnalysis-II.pptx
    + saved  6_13-WebAdvertising.pptx
    + saved  7_2-MapReduce-2.pptx
    + saved  8_2-Spark-Scala.pptx
    + saved  9_3-FrequentItemsets-1.pptx
    + saved  10_3-FrequentItemsets-2.pptx
    + saved  11_4-SimilarSets-1.pptx
    + saved  12_4-SimilarSets-2.pptx
    + saved  13_5-recommenderSystemsPart1.pptx
    + saved  14_5-recommenderSystemsPart2.pptx
    + saved  15_6-recommendation-3.pptx
    + saved  16_6-recommendation-4.pptx
    + saved  17_7-SocialNetworks-1.pptx
    + saved  18_8-SocialNetworks-2.pptx
    + saved  19_9-Streaming.pptx
    -> saved: 19 new, 0 skip, 0 dup, 0 fail  (https://github.com/HaoyueXU99/USC-DSCI-553-Fall23/tree/main/Slides)
===== [525/646] =====

### EC365 - Boston University  (ratings=19.0)
    url: https://jamesfeigenbaum.github.io/lectures/ec365/slides_intro.pdf
    [found] 1 slide link(s) at reduction 0
    + saved  1_slides_intro.pdf
    -> saved: 1 new, 0 skip, 0 dup, 0 fail  (https://jamesfeigenbaum.github.io/lectures/ec365/slides_intro.pdf)
===== [526/646] =====

### ECE033 - Lehigh University  (ratings=33.0)
    url: https://www.lehigh.edu/~mdw0/ece33.html
    -> no slides found on any reduced URL
===== [527/646] =====

### ECE101 - George Mason University  (ratings=8.0)
    url: https://mason.gmu.edu/~abaranie/ece101
    [found] 9 slide link(s) at reduction 0
    + saved  1_ece101-1.ppt
    + saved  2_ece101-2.ppt
    + saved  3_ece101-3.ppt
    + saved  4_ece101-4.ppt
    + saved  5_ece101-5.ppt
    + saved  6_ece101-6.ppt
    + saved  7_ece101-7.ppt
    + saved  8_ece101-8.ppt
    + saved  9_ece101-9.ppt
    -> saved: 9 new, 0 skip, 0 dup, 0 fail  (https://mason.gmu.edu/~abaranie/ece101)
===== [528/646] =====

### ECE102 - University of California, San Diego  (ratings=12.0)
    url: https://ipower3es.ucsd.edu/wp-content/uploads/2024/09/Lecture-0-Class-Introduction.pdf
    [found] 1 slide link(s) at reduction 0
    + saved  1_Lecture-0-Class-Introduction.pdf
    -> saved: 1 new, 0 skip, 0 dup, 0 fail  (https://ipower3es.ucsd.edu/wp-content/uploads/2024/09/Lecture-0-Class-Introduction.pdf)
===== [529/646] =====

### ECE152A - University of California, Santa Barbara  (ratings=9.0)
    url: https://web.ece.ucsb.edu/Faculty/Johnson/ECE152A/
    [found] 28 slide link(s) at reduction 0
    ! fail   http://www.ece.ucsb.edu/Faculty/Johnson/ECE152A/L1%20-%20Introduction.pdf  (<urlopen error [SSL: CERTIFICATE_VERIFY_FAILED] certificate verify failed: unable to get issuer certificate (_ssl.c:1000)>)
    ! fail   http://www.ece.ucsb.edu/Faculty/Johnson/ECE152A/handouts/L1%20-%20Introduction.pdf  (<urlopen error [SSL: CERTIFICATE_VERIFY_FAILED] certificate verify failed: unable to get issuer certificate (_ssl.c:1000)>)
    ! fail   http://www.ece.ucsb.edu/Faculty/Johnson/ECE152A/L2%20-%20Boolean%20Algebra.pdf  (<urlopen error [SSL: CERTIFICATE_VERIFY_FAILED] certificate verify failed: unable to get issuer certificate (_ssl.c:1000)>)
    ! fail   http://www.ece.ucsb.edu/Faculty/Johnson/ECE152A/handouts/L2%20-%20Boolean%20Algebra.pdf  (<urlopen error [SSL: CERTIFICATE_VERIFY_FAILED] certificate verify failed: unable to get issuer certificate (_ssl.c:1000)>)
    ! fail   http://www.ece.ucsb.edu/Faculty/Johnson/ECE152A/L3%20-%20Karnaugh%20Maps%20&%20Combinational%20Logic%20Design.pdf  (<urlopen error [SSL: CERTIFICATE_VERIFY_FAILED] certificate verify failed: unable to get issuer certificate (_ssl.c:1000)>)
    ! fail   http://www.ece.ucsb.edu/Faculty/Johnson/ECE152A/handouts/L3%20-%20Karnaugh%20Maps%20&%20Combinational%20Logic%20Design.pdf  (<urlopen error [SSL: CERTIFICATE_VERIFY_FAILED] certificate verify failed: unable to get issuer certificate (_ssl.c:1000)>)
    ! fail   http://www.ece.ucsb.edu/Faculty/Johnson/ECE152A/L4%20-%20Propagation%20Delay,%20Circuit%20Timing%20&%20Adder%20Design.pdf  (<urlopen error [SSL: CERTIFICATE_VERIFY_FAILED] certificate verify failed: unable to get issuer certificate (_ssl.c:1000)>)
    ! fail   http://www.ece.ucsb.edu/Faculty/Johnson/ECE152A/handouts/L4%20-%20Propagation%20Delay,%20Circuit%20Timing%20&%20Adder%20Design.pdf  (<urlopen error [SSL: CERTIFICATE_VERIFY_FAILED] certificate verify failed: unable to get issuer certificate (_ssl.c:1000)>)
    ! fail   http://www.ece.ucsb.edu/Faculty/Johnson/ECE152A/L5%20-%20Combinational%20Logic%20Design%20with%20Verilog.pdf  (<urlopen error [SSL: CERTIFICATE_VERIFY_FAILED] certificate verify failed: unable to get issuer certificate (_ssl.c:1000)>)
    ! fail   http://www.ece.ucsb.edu/Faculty/Johnson/ECE152A/handouts/L5%20-%20Combinational%20Logic%20Design%20with%20Verilog.pdf  (<urlopen error [SSL: CERTIFICATE_VERIFY_FAILED] certificate verify failed: unable to get issuer certificate (_ssl.c:1000)>)
    ! fail   http://www.ece.ucsb.edu/Faculty/Johnson/ECE152A/L6%20-%20Latches,%20the%20D%20Flip-Flop%20and%20Counter%20Design.pdf  (<urlopen error [SSL: CERTIFICATE_VERIFY_FAILED] certificate verify failed: unable to get issuer certificate (_ssl.c:1000)>)
    ! fail   http://www.ece.ucsb.edu/Faculty/Johnson/ECE152A/handouts/L6%20-%20Latches,%20the%20D%20Flip-Flop%20and%20Counter%20Design.pdf  (<urlopen error [SSL: CERTIFICATE_VERIFY_FAILED] certificate verify failed: unable to get issuer certificate (_ssl.c:1000)>)
    ! fail   http://www.ece.ucsb.edu/Faculty/Johnson/ECE152A/L7%20-%20Flip-Flops%20and%20Sequential%20Circuit%20Design.pdf  (<urlopen error [SSL: CERTIFICATE_VERIFY_FAILED] certificate verify failed: unable to get issuer certificate (_ssl.c:1000)>)
    ! fail   http://www.ece.ucsb.edu/Faculty/Johnson/ECE152A/handouts/L7%20-%20Flip-Flops%20and%20Sequential%20Circuit%20Design.pdf  (<urlopen error [SSL: CERTIFICATE_VERIFY_FAILED] certificate verify failed: unable to get issuer certificate (_ssl.c:1000)>)
    ! fail   http://www.ece.ucsb.edu/Faculty/Johnson/ECE152A/L8%20-%20Sequential%20Circuit%20Design%20with%20Verilog.pdf  (<urlopen error [SSL: CERTIFICATE_VERIFY_FAILED] certificate verify failed: unable to get issuer certificate (_ssl.c:1000)>)
    ! fail   http://www.ece.ucsb.edu/Faculty/Johnson/ECE152A/handouts/L8%20-%20Sequential%20Circuit%20Design%20with%20Verilog.pdf  (<urlopen error [SSL: CERTIFICATE_VERIFY_FAILED] certificate verify failed: unable to get issuer certificate (_ssl.c:1000)>)
    ! fail   http://www.ece.ucsb.edu/Faculty/Johnson/ECE152A/L9%20-%20Mealy%20and%20Moore%20Machines.pdf  (<urlopen error [SSL: CERTIFICATE_VERIFY_FAILED] certificate verify failed: unable to get issuer certificate (_ssl.c:1000)>)
    ! fail   http://www.ece.ucsb.edu/Faculty/Johnson/ECE152A/handouts/L9%20-%20Mealy%20and%20Moore%20Machines.pdf  (<urlopen error [SSL: CERTIFICATE_VERIFY_FAILED] certificate verify failed: unable to get issuer certificate (_ssl.c:1000)>)
    ! fail   http://www.ece.ucsb.edu/Faculty/Johnson/ECE152A/L10%20-%20Finite%20State%20Recognizers.pdf  (<urlopen error [SSL: CERTIFICATE_VERIFY_FAILED] certificate verify failed: unable to get issuer certificate (_ssl.c:1000)>)
    ! fail   http://www.ece.ucsb.edu/Faculty/Johnson/ECE152A/handouts/L10%20-%20Finite%20State%20Recognizers.pdf  (<urlopen error [SSL: CERTIFICATE_VERIFY_FAILED] certificate verify failed: unable to get issuer certificate (_ssl.c:1000)>)
    ! fail   http://www.ece.ucsb.edu/Faculty/Johnson/ECE152A/L11%20-%20Controller%20Design.pdf  (<urlopen error [SSL: CERTIFICATE_VERIFY_FAILED] certificate verify failed: unable to get issuer certificate (_ssl.c:1000)>)
    ! fail   http://www.ece.ucsb.edu/Faculty/Johnson/ECE152A/handouts/L11%20-%20Controller%20Design.pdf  (<urlopen error [SSL: CERTIFICATE_VERIFY_FAILED] certificate verify failed: unable to get issuer certificate (_ssl.c:1000)>)
    ! fail   http://www.ece.ucsb.edu/Faculty/Johnson/ECE152A/L12%20-%20Machine%20Minimization.pdf  (<urlopen error [SSL: CERTIFICATE_VERIFY_FAILED] certificate verify failed: unable to get issuer certificate (_ssl.c:1000)>)
    ! fail   http://www.ece.ucsb.edu/Faculty/Johnson/ECE152A/handouts/L12%20-%20Machine%20Minimization.pdf  (<urlopen error [SSL: CERTIFICATE_VERIFY_FAILED] certificate verify failed: unable to get issuer certificate (_ssl.c:1000)>)
    ! fail   http://www.ece.ucsb.edu/Faculty/Johnson/ECE152A/L13%20-%20RAM%20&%20ROM%20Based%20Digital%20Design.pdf  (<urlopen error [SSL: CERTIFICATE_VERIFY_FAILED] certificate verify failed: unable to get issuer certificate (_ssl.c:1000)>)
    ! fail   http://www.ece.ucsb.edu/Faculty/Johnson/ECE152A/handouts/L13%20-%20RAM%20&%20ROM%20Based%20Digital%20Design.pdf  (<urlopen error [SSL: CERTIFICATE_VERIFY_FAILED] certificate verify failed: unable to get issuer certificate (_ssl.c:1000)>)
    ! fail   http://www.ece.ucsb.edu/Faculty/Johnson/ECE152A/L14%20-%20Combinational%20Logic%20Building%20Blocks%20and%20Bus%20Structure.pdf  (<urlopen error [SSL: CERTIFICATE_VERIFY_FAILED] certificate verify failed: unable to get issuer certificate (_ssl.c:1000)>)
    ! fail   http://www.ece.ucsb.edu/Faculty/Johnson/ECE152A/handouts/L14%20-%20Combinational%20Logic%20Building%20Blocks%20and%20Bus%20Structure.pdf  (<urlopen error [SSL: CERTIFICATE_VERIFY_FAILED] certificate verify failed: unable to get issuer certificate (_ssl.c:1000)>)
    [retry] links found but none downloaded; reducing further
    [reduce 1] https://web.ece.ucsb.edu/Faculty/Johnson/
    [reduce 2] https://web.ece.ucsb.edu/Faculty/
    -> partial: 0 new, 0 skip, 0 dup, 28 fail  (https://web.ece.ucsb.edu/Faculty/Johnson/ECE152A/)
===== [530/646] =====

### ECE177 - University of Maine  (ratings=5.0)
    url: https://web.eece.maine.edu/~vweaver/classes/ece177_2026s/
    [follow] no slides here; checking 10 sub-page(s)
    [reduce 1] https://web.eece.maine.edu/~vweaver/classes/
    [follow] no slides here; checking 40 sub-page(s)
    [found] 35 slide link(s) at reduction 1
    + saved  1_ece214_lec01.pdf
    + saved  2_ece214_lec02.pdf
    + saved  3_ece214_lec03.pdf
    + saved  4_ece214_lec04.pdf
    + saved  5_ece214_lec05.pdf
    + saved  6_ece214_lec06.pdf
    + saved  7_ece214_lec07.pdf
    + saved  8_ece214_lec08.pdf
    + saved  9_ece214_lec09.pdf
    + saved  10_ece214_lec10.pdf
    + saved  11_ece214_lec11.pdf
    ~ dup    12_ece214_lec01.pdf
    ~ dup    13_ece214_lec02.pdf
    ~ dup    14_ece214_lec03.pdf
    ~ dup    15_ece214_lec04.pdf
    ~ dup    16_ece214_lec05.pdf
    ~ dup    17_ece214_lec06.pdf
    ~ dup    18_ece214_lec07.pdf
    ~ dup    19_ece214_lec08.pdf
    ~ dup    20_ece214_lec09.pdf
    ~ dup    21_ece214_lec10.pdf
    ~ dup    22_ece214_lec11.pdf
    + saved  23_sample_project.pdf
    + saved  24_sample_project.pdf
    ~ dup    25_sample_project.pdf
    + saved  26_sample_project.pdf
    ~ dup    27_sample_project.pdf
    + saved  28_sample_project.pdf
    ~ dup    29_sample_project.pdf
    + saved  30_sample_project.pdf
    + saved  31_sample_project.pdf
    + saved  32_sample_project.pdf
    + saved  33_sample_project.pdf
    ~ dup    34_sample_project.pdf
    ! fail   https://web.eece.maine.edu/~vweaver/classes/ece471_2026f/sample_project.pdf  (http 404)
    -> saved: 19 new, 0 skip, 15 dup, 1 fail  (https://web.eece.maine.edu/~vweaver/classes/)
===== [531/646] =====

### ECE202 - Michigan State University  (ratings=5.0)
    url: https://www.egr.msu.edu/~wierzba/index_Page397.htm
    -> no slides found on any reduced URL
===== [532/646] =====

### ECE2020 - Georgia Institute of Technology  (ratings=94.0)
    url: https://samueltalkington.com/teaching/ece2020/
    [found] 29 slide link(s) at reduction 0
    + saved  1_talkington_cv.pdf
    + saved  2_ECE_2020_IE3_schedule_fa24.pdf
    + saved  3_Fall2024_Evaluations_ECE_2020.pdf
    + saved  4_lecture0-1.pdf
    + saved  5_lecture2-3_unmarked.pdf
    + saved  6_lecture2-3_marked.pdf
    + saved  7_lecture4_unmarked.pdf
    + saved  8_lecture4_marked.pdf
    + saved  9_lecture5_unmarked.pdf
    + saved  10_lecture5_marked.pdf
    + saved  11_lecture6_unmarked.pdf
    + saved  12_lecture6_marked.pdf
    + saved  13_lecture7_unmarked.pdf
    + saved  14_lecture7_marked.pdf
    + saved  15_lecture8_unmarked.pdf
    + saved  16_lecture8_marked.pdf
    + saved  17_lecture9_unmarked.pdf
    + saved  18_lecture9_marked.pdf
    + saved  19_lecture10.pdf
    + saved  20_lecture11_unmarked.pdf
    + saved  21_lecture11_marked.pdf
    + saved  22_lecture12_unmarked.pdf
    + saved  23_lecture12_marked.pdf
    + saved  24_lecture13_unmarked.pdf
    + saved  25_lecture13_marked.pdf
    + saved  26_lecture14_unmarked.pdf
    + saved  27_lecture14_marked.pdf
    + saved  28_ECE2020_IE3_Fa24_RedemptionExam.pdf
    + saved  29_ECE_2020_FinalExam.pdf
    -> saved: 29 new, 0 skip, 0 dup, 0 fail  (https://samueltalkington.com/teaching/ece2020/)
===== [533/646] =====

### ECE2100 - Cornell University  (ratings=12.0)
    url: https://ocw.ece.cornell.edu/ece-2100-lecture-notes/
    -> no slides found on any reduced URL
===== [534/646] =====

### ECE2210 - University of Utah  (ratings=18.0)
    url: https://my.ece.utah.edu/~ece2210/ECE2210hw_F06.htm
    [found] 2 slide link(s) at reduction 0
    + saved  1_Lect_18_2tran_ex_F06.pdf
    + saved  2_Lect_19_Systems_F06.pdf
    -> saved: 2 new, 0 skip, 0 dup, 0 fail  (https://my.ece.utah.edu/~ece2210/ECE2210hw_F06.htm)
===== [535/646] =====

### ECE2250 - Kennesaw State University  (ratings=10.0)
    url: https://campus.kennesaw.edu/faculty-staff/academic-affairs/faculty-affairs/docs/faculty-justifications-presentation.pptx
    [found] 1 slide link(s) at reduction 0
    + saved  1_faculty-justifications-presentation.pptx
    -> saved: 1 new, 0 skip, 0 dup, 0 fail  (https://campus.kennesaw.edu/faculty-staff/academic-affairs/faculty-affairs/docs/faculty-justifications-presentation.pptx)
===== [536/646] =====

### ECE2311 - Worcester Polytechnic Institute  (ratings=7.0)
    url: https://spinlab.wpi.edu/teaching.html
    [found] 2 slide link(s) at reduction 0
    + saved  1_dspworkshop_part1_2009.pdf
    + saved  2_dspworkshop_part2_2009.pdf
    -> saved: 2 new, 0 skip, 0 dup, 0 fail  (https://spinlab.wpi.edu/teaching.html)
===== [537/646] =====

### ECE240 - Carnegie Mellon University  (ratings=5.0)
    url: https://courses.ece.cmu.edu/18240
    -> no slides found on any reduced URL
===== [538/646] =====

### ECE2400 - Cornell University  (ratings=8.0)
    url: https://www.csl.cornell.edu/courses/ece2400/handouts.shtml
    [found] 14 slide link(s) at reduction 0
    + saved  1_ece2400-T01-intro-c.pdf
    + saved  2_ece2400-T02-recursion.pdf
    + saved  3_ece2400-T03-types.pdf
    + saved  4_ece2400-T04-pointers.pdf
    + saved  5_ece2400-T05-arrays.pdf
    + saved  6_ece2400-T06-dynamic-alloc.pdf
    + saved  7_ece2400-T07-lists-vectors.pdf
    + saved  8_ece2400-T08-complexity-prefill.pdf
    + saved  9_ece2400-T09-sorting.pdf
    + saved  10_ece2400-T10-adts.pdf
    + saved  11_ece2400-T11-transition-cpp.pdf
    + saved  12_ece2400-T13-generic-staged.pdf
    + saved  13_ece2400-T15-tables.pdf
    + saved  14_ece2400-T16-graphs.pdf
    -> saved: 14 new, 0 skip, 0 dup, 0 fail  (https://www.csl.cornell.edu/courses/ece2400/handouts.shtml)
===== [539/646] =====

### ECE250 - Duke University  (ratings=18.0)
    url: https://people.duke.edu/~tkb13/courses/ece250-2025su/slides/01-intro.pdf
    [found] 1 slide link(s) at reduction 0
    + saved  1_01-intro.pdf
    -> saved: 1 new, 0 skip, 0 dup, 0 fail  (https://people.duke.edu/~tkb13/courses/ece250-2025su/slides/01-intro.pdf)
===== [540/646] =====

### ECE255 - University of Victoria  (ratings=12.0)
    url: https://studentweb.uvic.ca/~phibal12/teaching_courses/ECE-255-2018_Lab_2_Notes.pdf
    [found] 1 slide link(s) at reduction 0
    + saved  1_ECE-255-2018_Lab_2_Notes.pdf
    -> saved: 1 new, 0 skip, 0 dup, 0 fail  (https://studentweb.uvic.ca/~phibal12/teaching_courses/ECE-255-2018_Lab_2_Notes.pdf)
===== [541/646] =====

### ECE310 - University of Miami  (ratings=5.0)
    url: https://github.com/matia6170/ece310slides/blob/main/ECE_310_Slides_Spring_2025_Lecture_1_Complete.pdf
    [found] 1 slide link(s) at reduction 0
    + saved  1_ECE_310_Slides_Spring_2025_Lecture_1_Complete.pdf
    -> saved: 1 new, 0 skip, 0 dup, 0 fail  (https://github.com/matia6170/ece310slides/blob/main/ECE_310_Slides_Spring_2025_Lecture_1_Complete.pdf)
===== [542/646] =====

### ECE3301L - California State Polytechnic University, Pomona  (ratings=21.0)
    url: https://www.cpp.edu/faculty/mrafiquzzama/ece3301l.shtml
    [reduce 1] https://www.cpp.edu/faculty/mrafiquzzama/
    [reduce 2] https://www.cpp.edu/faculty/
    -> no slides found on any reduced URL
===== [543/646] =====

### ECE343 - North Dakota State University  (ratings=38.0)
    url: https://www.bisonacademy.com/ECE343/Index.htm
    [found] 22 slide link(s) at reduction 0
    + saved  1_00_Introduction.pdf
    + saved  2_01_Phasors.pdf
    + saved  3_02_Circuit_Analysis_with_Phasors.pdf
    + saved  4_03_Superposition.pdf
    + saved  5_04_Fourier_Transform.pdf
    + saved  6_06_Properties_of_Fourier_Transform.pdf
    + saved  7_07_Solving_Differnetial_Equations_using_Fourier_Transform.pdf
    + saved  8_08_Circuit_Analysis_using_Fourier_Transforms.pdf
    + saved  9_10_Natural_and_Impulse_Response.pdf
    + saved  10_11_Convolution.pdf
    + saved  11_12_LaPlace_Transforms.pdf
    + saved  12_13_Properties_of_LaPlace_Transforms.pdf
    + saved  13_14_Natual_Response.pdf
    + saved  14_15_Forced_Response.pdf
    + saved  15_16_Circuit_Analysis_with_LaPlace_Transforms.pdf
    + saved  16_17_Circuit_Analysis_with_Forcing_Functions.pdf
    + saved  17_20_Difference_Equations_and_Convolution.pdf
    + saved  18_21_z_Transforms.pdf
    + saved  19_22_Properties_of_z_Transforms.pdf
    + saved  20_23_Solving_Difference_Equations_with_z_Transforms.pdf
    + saved  21_24_s_to_z_conversion.pdf
    + saved  22_25_Hybrid_Systems.pdf
    -> saved: 22 new, 0 skip, 0 dup, 0 fail  (https://www.bisonacademy.com/ECE343/Index.htm)
===== [544/646] =====

### ECE3530 - University of Utah  (ratings=15.0)
    url: https://my.ece.utah.edu/~ece3530/
    [found] 1 slide link(s) at reduction 0
    + saved  1_ECE3530SlidesIntroduction.pdf
    -> saved: 1 new, 0 skip, 0 dup, 0 fail  (https://my.ece.utah.edu/~ece3530/)
===== [545/646] =====

### ECE408 - Indiana University-Purdue University Indianapolis  (ratings=5.0)
    url: https://github.com/eedalong/ECE408
    [follow] no slides here; checking 14 sub-page(s)
    [found] 23 slide link(s) at reduction 0
    + saved  1_GPU-Memory-Hierarchy.pdf
    + saved  2_Lecture-4-4-scan.pdf
    + saved  3_Lecture-4-5-naive-scan-kernel.pdf
    + saved  4_Lecture-4-6-work-efficient-scan-kernel.pdf
    + saved  5_Lecture-4-7-more-on-scan.pdf
    + saved  6_MPI_Cuda.pdf
    + saved  7_StreamsAndConcurrency.pdf
    + saved  8_atomic_operation.pdf
    + saved  9_ece408-Lecture11_reduction_tree_2015_1.pptx
    + saved  10_ece408-lecture10-convolution-analysis-2015.pptx
    + saved  11_ece408-lecture12-reduction-tree-part2-2015_1.pptx
    + saved  12_ece408-lecture2-CUDA-introduction-fall-2015.ppt
    + saved  13_ece408-lecture3-CUDA-introduction-Part2-fall-2015.pptx
    + saved  14_ece408-lecture4-CUDA_parallelism-model-2015.pptx
    + saved  15_ece408-lecture5-6-CUDA-memory-model-2015.pptx
    + saved  16_ece408-lecture7-dram-fall-2015.pptx
    + saved  17_ece408-lecture8-convolution-constant-memory-2015_3.pptx
    + saved  18_multi-gpu-programming-with-mpi.pdf
    + saved  19_parallel_reduction.pdf
    + saved  20_prefix_scan.pdf
    + saved  21_s7122-stephen-jones-cuda-optimization-tips-tricks-and-techniques.pdf
    ~ dup    22_s8314-multi-gpu-programming-with-mpi.pdf
    ~ dup    23_scan.pdf
    -> saved: 21 new, 0 skip, 2 dup, 0 fail  (https://github.com/eedalong/ECE408)
===== [546/646] =====

### ECE417 - University of Waterloo  (ratings=5.0)
    url: https://ece.uwaterloo.ca/~dwharder/Presentations/
    [found] 2 slide link(s) at reduction 0
    + saved  1_OnTechnicalPresentations.1.pptx
    + saved  2_OnTechnicalPresentations.2.pptx
    -> saved: 2 new, 0 skip, 0 dup, 0 fail  (https://ece.uwaterloo.ca/~dwharder/Presentations/)
===== [547/646] =====

### ECE4330 - Wayne State University  (ratings=46.0)
    url: https://neuron.eng.wayne.edu/auth/ece4330/lectures.html
    [found] 32 slide link(s) at reduction 0
    + saved  1_matlab_for_ece4330.pdf
    + saved  2_lecture_1_ece4330t.pdf
    + saved  3_lecture_2_ece4330t.pdf
    + saved  4_lecture_3_ece4330t.pdf
    + saved  5_lecture_4_ece4330t.pdf
    + saved  6_lecture_5_ece4330t.pdf
    + saved  7_lecture_6_ece4330t.pdf
    + saved  8_lecture_7_ece4330t.pdf
    + saved  9_lecture_8_ece4330t.pdf
    + saved  10_lecture_9_ece4330t.pdf
    + saved  11_lecture_10_ece4330t.pdf
    + saved  12_lecture_11_ece4330t.pdf
    + saved  13_lecture_12_ece4330t.pdf
    + saved  14_lecture_13_ece4330t.pdf
    + saved  15_lecture_13_ece4330_extra.pdf
    + saved  16_lecture_14_ece4330t.pdf
    + saved  17_lecture_15_ece4330t.pdf
    + saved  18_lecture_16_ece4330t.pdf
    + saved  19_lecture_17_ece4330t.pdf
    + saved  20_lecture_18_ece4330t.pdf
    + saved  21_lecture_19_ece4330t.pdf
    + saved  22_lecture_20_ece4330t.pdf
    + saved  23_lecture_21_ece4330t.pdf
    + saved  24_lecture_22_ece4330t.pdf
    + saved  25_difference_equations_primer.pdf
    + saved  26_lecture_23_ece4330t.pdf
    + saved  27_lecture_24_ece4330t.pdf
    + saved  28_nonlinear_static_circuits.pdf
    + saved  29_numerical_analysis_nonlinear_systems.pdf
    + saved  30_nonlinear_ode_examples.pdf
    + saved  31_calculus_of_variations_hassoun.pdf
    + saved  32_square_root_recursion.pdf
    -> saved: 32 new, 0 skip, 0 dup, 0 fail  (https://neuron.eng.wayne.edu/auth/ece4330/lectures.html)
===== [548/646] =====

### ECE560 - Duke University  (ratings=5.0)
    url: https://people.duke.edu/~tkb13/courses/ece560-2024fa
    [found] 18 slide link(s) at reduction 0
    ! fail   https://people.duke.edu/~tkb13/courses/slides/02-overview.pdf  (http 404)
    ! fail   https://people.duke.edu/~tkb13/courses/slides/03-networking.pdf  (http 404)
    ! fail   https://people.duke.edu/~tkb13/courses/slides/04-crypto.pdf  (http 404)
    ! fail   https://people.duke.edu/~tkb13/courses/slides/05-user-access.pdf  (http 404)
    ! fail   https://people.duke.edu/~tkb13/courses/slides/06-shell.pdf  (http 404)
    ! fail   https://people.duke.edu/~tkb13/courses/slides/07-malware.pdf  (http 404)
    ! fail   https://people.duke.edu/~tkb13/courses/slides/08-dos.pdf  (http 404)
    ! fail   https://people.duke.edu/~tkb13/courses/slides/09-overflow.pdf  (http 404)
    ! fail   https://people.duke.edu/~tkb13/courses/slides/10-software.pdf  (http 404)
    ! fail   https://people.duke.edu/~tkb13/courses/slides/11-endpoint.pdf  (http 404)
    ! fail   https://people.duke.edu/~tkb13/courses/slides/12-database.pdf  (http 404)
    ! fail   https://people.duke.edu/~tkb13/courses/slides/13-cloud.pdf  (http 404)
    ! fail   https://people.duke.edu/~tkb13/courses/slides/14-reverse.pdf  (http 404)
    ! fail   https://people.duke.edu/~tkb13/courses/slides/15-ids-ips.pdf  (http 404)
    ! fail   https://people.duke.edu/~tkb13/courses/slides/16-wireless.pdf  (http 404)
    ! fail   https://people.duke.edu/~tkb13/courses/slides/17-phys-org-audit-legal-ethical.pdf  (http 404)
    ! fail   https://people.duke.edu/~tkb13/courses/slides/18-human.pdf  (http 404)
    ! fail   https://people.duke.edu/~tkb13/courses/slides/19-bitcoin.pdf  (http 404)
    [retry] links found but none downloaded; reducing further
    [reduce 1] https://people.duke.edu/~tkb13/courses/
    -> partial: 0 new, 0 skip, 0 dup, 18 fail  (https://people.duke.edu/~tkb13/courses/ece560-2024fa)
===== [549/646] =====

### ECE6100 - Georgia Institute of Technology  (ratings=5.0)
    url: https://hsienhsinlee.github.io/course_slides/ECE6100.html
    [found] 17 slide link(s) at reduction 0
    ! fail   https://www.dropbox.com/s/0ahnl7isqkl2kpu/Lec0-intro.ppt?dl=0  (html response, not a file)
    ! fail   https://www.dropbox.com/scl/fi/51gnqdq8cfonv9jfidc5h/Lec1-pipeline.ppt?dl=0&rlkey=0bhmwhna5mn02aqqdgmyyd8rw  (html response, not a file)
    ! fail   https://www.dropbox.com/s/fgf42caxthfzsse/Lec2-ilp.ppt?dl=0  (html response, not a file)
    ! fail   https://www.dropbox.com/s/nkd2nr3p98bpxht/Lec3-perf.ppt?dl=0  (html response, not a file)
    ! fail   https://www.dropbox.com/s/v06glhjoh52ec5f/Lec4-isa.ppt?dl=0  (html response, not a file)
    ! fail   https://www.dropbox.com/s/67dg17ss9wr00s8/Lec5-bpred.ppt?dl=0  (html response, not a file)
    ! fail   https://www.dropbox.com/s/wjts2culcpd8qrf/Lec6-ifetch.ppt?dl=0  (html response, not a file)
    ! fail   https://www.dropbox.com/s/hob1wsle6jfdptp/Lec7-dyn_schedule1.ppt?dl=0  (html response, not a file)
    ! fail   https://www.dropbox.com/s/pkqoavh1zgt6rqc/Lec8-dyn_schedule2.ppt?dl=0  (html response, not a file)
    ! fail   https://www.dropbox.com/s/wlulk78zoyzhkhh/Lec9-mem1.ppt?dl=0  (html response, not a file)
    ! fail   https://www.dropbox.com/s/vzzv7z8i1rpkdor/Lec10-mem2.ppt?dl=0  (html response, not a file)
    ! fail   https://www.dropbox.com/s/t5kfac9oe1vxjtz/Lec11-mem3.ppt?dl=0  (html response, not a file)
    ! fail   https://www.dropbox.com/s/cgxqfjl02369t5s/Lec12-p6_P4.ppt?dl=0  (html response, not a file)
    ! fail   https://www.dropbox.com/s/dtwjn386ddbofi4/Lec13-multicore.ppt?dl=0  (html response, not a file)
    ! fail   https://www.dropbox.com/s/7cvd1xx1fwchy9i/Lec14-coherence.ppt?dl=0  (html response, not a file)
    ! fail   https://www.dropbox.com/s/vlrmfsvo1racj2z/Lec15-EPIC.ppt?dl=0  (html response, not a file)
    ! fail   https://www.dropbox.com/s/ws9jlgmo8uxpswe/Lec1x-TM.ppt?dl=0  (html response, not a file)
    [retry] links found but none downloaded; reducing further
    [reduce 1] https://hsienhsinlee.github.io/course_slides/
    [fetch] status=404
    -> partial: 0 new, 0 skip, 0 dup, 17 fail  (https://hsienhsinlee.github.io/course_slides/ECE6100.html)
===== [550/646] =====

### ECE710 - University of Waterloo  (ratings=28.0)
    url: https://ece.uwaterloo.ca/~ece150/Lecture_materials/
    [found] 107 slide link(s) at reduction 0
    + saved  1_0.Welcome.pptx
    + saved  2_1.01_Hello_world.pptx
    + saved  3_1.02_Anatomy_of_a_program.pptx
    + saved  4_1.03_Literal_data.pptx
    + saved  5_1.04_Identifiers.pptx
    + saved  6_1.05_Local_variables.pptx
    + saved  7_1.07_Arithmetic_operators.pptx
    + saved  8_1.08_Conditional_statements_and_comparison_operators.pptx
    + saved  9_1.08_Conditional_statements_and_comparison_operators.pptx
    + saved  10_1.09_Logical_operators.pptx
    + saved  11_1.09_Logical_operators.pptx
    + saved  12_1.11_For_loops.pptx
    + saved  13_1.11_For_loops.pptx
    + saved  14_1.12_Scope_of_local_variables.pptx
    + saved  15_1.12_Scope_of_local_variables.pptx
    + saved  16_1.13_Break_statements.pptx
    + saved  17_1.13_Break_statements.pptx
    + saved  18_1.14_While_loops.pptx
    + saved  19_1.15_Structured_programming_theorem.pptx
    + saved  20_1.16_The_call_stack.pptx
    + saved  21_1.16_The_call_stack.pptx
    + saved  22_1.17_Libraries_and_calling_functions.pptx
    + saved  23_1.17_Libraries_and_calling_functions.pptx
    + saved  24_1.18_Writing_functions.pptx
    + saved  25_1.18_Writing_functions.pptx
    + saved  26_1.18a_Function_tutorial.pptx
    + saved  27_1.18b_Compiler_errors.pptx
    + saved  28_1.19_Assertions.pptx
    + saved  29_1.20_Code_development_strategies.pptx
    + saved  30_1.21_Testing.pptx
    + saved  31_1.22_Comments.pptx
    + saved  32_1.23_Logging.pptx
    + saved  33_1.24_Debugging.pptx
    + saved  34_1.25_Binary_and_hexadecimal.pptx
    + saved  35_1.26_Integer_data_types.pptx
    + saved  36_1.27_Bit-wise_and_-shift_operators.pptx
    + saved  37_1.28_Floating-point_data_types.pptx
    + saved  38_1.29_The_const_keyword.pptx
    + saved  39_1.30_Default_values_of_parameters.pptx
    + saved  40_1.31_References_and_aliases.pptx
    + saved  41_1.32_Arrays.pptx
    + saved  42_1.33_More_on_arrays.pptx
    + saved  43_1.34_Main_memory.pptx
    + saved  44_1.35_Call_stack.pptx
    + saved  45_1.36_C-style_strings.pptx
    + saved  46_1.37_Section_1_summary.pptx
    + saved  47_1.A_Ternary_operator.pptx
    + saved  48_2.01_Addresses_and_pointers.pptx
    + saved  49_2.02_Dynamic_memory_allocation.pptx
    + saved  50_2.03_Dynamic_allocation_of_arrays.pptx
    + saved  51_2.04_Lifetime_of_dynamically_allocated_memory.pptx
    + saved  52_2.05_Problems_with_pointers.pptx
    + saved  53_2.05.1_Wild_pointers.pptx
    + saved  54_2.05.2_Dangling_pointers.pptx
    + saved  55_2.05.3_Memory_leaks.pptx
    + saved  56_2.06_Using_dynamic_memory_allocation.pptx
    + saved  57_2.07_Protecting_pointers.pptx
    + saved  58_3_Algorithms.pptx
    + saved  59_3.01_Searchign_an_array.pptx
    + saved  60_3.02_Sorted_arrays.pptx
    + saved  61_3.03_Binary_search.pptx
    + saved  62_3.04_Selection_sort.pptx
    + saved  63_3.05_Insertion_sort.pptx
    + saved  64_3.06_Recursive_algorithms.pptx
    + saved  65_3.07_Recursive_mathematical_functions.pptx
    + saved  66_3.08_Solving_problems_recursively.pptx
    + saved  67_3.9_Rotating_an_array_to_the_left_using_reverse.pptx
    + saved  68_3.13_Reduce.pptx
    + saved  69_3.15_Partition.pptx
    + saved  70_3.16_Transform-reduce.pptx
    + saved  71_3.17_Inner_product.pptx
    + saved  72_3.18_Adjacent_difference.pptx
    + saved  73_3.21_Catalan_numbers.pptx
    + saved  74_3.25_Non-binary_partitions.pptx
    + saved  75_3.26_Swapping_between_arrays.pptx
    + saved  76_4_Introduction_to_classes.pptx
    + saved  77_4.01_class_data_structures.pdf
    + saved  78_4.01_class_data_structures.pptx
    + saved  79_4.02_Namespaces_and_cout.pptx
    + saved  80_4.03_Functions_on_objects.pptx
    + saved  81_4.04_Operator_overloading.pptx
    + saved  82_4.05_Issues_with_member_variables.pptx
    + saved  83_4.06_Using_member_functions.pptx
    + saved  84_4.07_Throwing_and_catching_exceptions.pptx
    + saved  85_4.08_Classes_encapsulation_and_constructors.pptx
    + saved  86_Date_class.pdf
    + saved  87_4.09_Classes_and_the_need_for_encapsulation.pptx
    + saved  88_4.11_Classes_arrays_and_dynamic_allocation.pptx
    + saved  89_A_polynomial_class.pdf
    + saved  90_4.12_Character_set_class.pdf
    + saved  91_4.12_Character_set_class.pptx
    + saved  92_5.01_Issues_with_arrays.pptx
    + saved  93_5.02_Introduction_to_linked_lists.pptx
    + saved  94_5.03_Linked_lists_with_dynamic_allocation.pptx
    + saved  95_5.04_A_linked_list_with_a_list-size_member_variable.pptx
    + saved  96_5.05_A_linked_list_with_a_back_pointer.pptx
    + saved  97_5.06_Concatenating_two_linked_lists.pptx
    + saved  98_6.01_Inheritance.pptx
    + saved  99_6.02_A_base_linked_list_class.pdf
    + saved  100_6.02_A_base_linked_list_class.pptx
    + saved  101_6.03_A_window_class_for_grphaical_user_interfaces.pdf
    + saved  102_6.03_A_window_class_for_grphaical_user_interfaces.pptx
    + saved  103_6.04_Exception_classes.pptx
    + saved  104_6.05_A_widget_class_for_grphaical_user_interfaces.pdf
    + saved  105_6.05_A_widget_class_for_grphaical_user_interfaces.pptx
    + saved  106_7.5_Counting_sort.pptx
    + saved  107_7.13_Switch_statement.pptx
    -> saved: 107 new, 0 skip, 0 dup, 0 fail  (https://ece.uwaterloo.ca/~ece150/Lecture_materials/)
===== [551/646] =====

### ECON2030 - Auburn University  (ratings=105.0)
    url: https://webhome.auburn.edu/~garriro/2syl11spring.htm
    [found] 27 slide link(s) at reduction 0
    + saved  1_101_min_wag.ppt
    + saved  2_ppcalcun.ppt
    + saved  3_circflowpost.ppt
    + saved  4_stabpost.ppt
    + saved  5_kc_and_cc.ppt
    + saved  6_01norway.ppt
    + saved  7_mpc.ppt
    + saved  8_bubba.ppt
    + saved  9_ppslope.ppt
    + saved  10_10crowding_out.ppt
    + saved  11_ppyeg.ppt
    + saved  12_01micmac.ppt
    + saved  13_jmksays.ppt
    + saved  14_mvpq1.ppt
    + saved  15_mvpq2.ppt
    + saved  16_mvpq3.ppt
    + saved  17_mag.ppt
    + saved  18_bob.ppt
    + saved  19_keynescritpost.ppt
    + saved  20_ppf.ppt
    + saved  21_cbm.ppt
    + saved  22_ppsus.ppt
    + saved  23_ivan.ppt
    + saved  24_kandh.ppt
    + saved  25_yeppf.ppt
    + saved  26_3schools.ppt
    + saved  27_polbuscyc.ppt
    -> saved: 27 new, 0 skip, 0 dup, 0 fail  (https://webhome.auburn.edu/~garriro/2syl11spring.htm)
===== [552/646] =====

### ECON2228 - Boston College  (ratings=10.0)
    url: http://fmwww.bc.edu/EC-C/F2016/2228/ECON2228_2014_0.slides.pdf
    [found] 1 slide link(s) at reduction 0
    + saved  1_ECON2228_2014_0.slides.pdf
    -> saved: 1 new, 0 skip, 0 dup, 0 fail  (http://fmwww.bc.edu/EC-C/F2016/2228/ECON2228_2014_0.slides.pdf)
===== [553/646] =====

### ECON362 - Binghamton University  (ratings=40.0)
    url: https://bingweb.binghamton.edu/~chanes/teaching/econ362/econ_362.html
    [found] 2 slide link(s) at reduction 0
    + saved  1_InfoforAdders.pdf
    + saved  2_FiguresforPhillipsCurveDiscussion.pdf
    -> saved: 2 new, 0 skip, 0 dup, 0 fail  (https://bingweb.binghamton.edu/~chanes/teaching/econ362/econ_362.html)
===== [554/646] =====

### ECON379 - American University  (ratings=7.0)
    url: https://pjakiela.github.io/ECON379/lectures.html
    [found] 9 slide link(s) at reduction 0
    ! fail   https://pjakiela.github.io/ECON379/lectures.html  (not a recognized HTML slideshow)
    + saved  2_ECON379-L1-Why-Evaluate-PUBLIC.pdf
    + saved  3_ECON379-L2-Selection-Bias-PUBLIC.pdf
    + saved  4_ECON379-L3-False-Counterfactuals-PUBLIC.pdf
    + saved  5_ECON379-L4-DD1-PUBLIC.pdf
    ! fail   https://pjakiela.github.io/ECON379/lectures/L5-DD2/ECON379-L5-DD2-PUBLIC.pdf  (http 404)
    + saved  7_ECON379-L6-DD3-PUBLIC.pdf
    ! fail   https://pjakiela.github.io/ECON379/lectures/L7-TWFE/ECON379-L7-TWFE-PUBLIC.pdf  (http 404)
    + saved  9_ECON379-L8-TOT-PUBLIC.pdf
    -> saved: 6 new, 0 skip, 0 dup, 3 fail  (https://pjakiela.github.io/ECON379/lectures.html)
===== [555/646] =====

### ECOR1041 - Carleton University  (ratings=59.0)
    url: https://carleton.ca/engineering-design/wp-content/uploads/sites/63/20-21-ELEC.pdf
    [found] 1 slide link(s) at reduction 0
    + saved  1_20-21-ELEC.pdf
    -> saved: 1 new, 0 skip, 0 dup, 0 fail  (https://carleton.ca/engineering-design/wp-content/uploads/sites/63/20-21-ELEC.pdf)
===== [556/646] =====

### ECS088 - University of California, Davis  (ratings=8.0)
    url: https://web.cs.ucdavis.edu/~koehl/Teaching/ECS088/lectures.html
    [found] 4 slide link(s) at reduction 0
    ! fail   https://web.cs.ucdavis.edu/~koehl/Teaching/ECS088/lectures.html  (not a recognized HTML slideshow)
    + saved  2_berman.pdf
    + saved  3_Intro.pdf
    + saved  4_FinalThoughts.pdf
    -> saved: 3 new, 0 skip, 0 dup, 1 fail  (https://web.cs.ucdavis.edu/~koehl/Teaching/ECS088/lectures.html)
===== [557/646] =====

### ECS120 - University of California, Davis  (ratings=36.0)
    url: https://web.cs.ucdavis.edu/~doty/ecs120slides/01a_Introduction-deck.html
    [found] 1 slide link(s) at reduction 0
    + saved  1_01a_Introduction-deck.pdf
    -> saved: 1 new, 0 skip, 0 dup, 0 fail  (https://web.cs.ucdavis.edu/~doty/ecs120slides/01a_Introduction-deck.html)
===== [558/646] =====

### ECS129 - University of California, Davis  (ratings=14.0)
    url: https://www.cs.ucdavis.edu/~koehl/Teaching/ECS129/index.html
    [follow] no slides here; checking 1 sub-page(s)
    [reduce 1] https://www.cs.ucdavis.edu/~koehl/Teaching/ECS129/
    [follow] no slides here; checking 1 sub-page(s)
    [reduce 2] https://www.cs.ucdavis.edu/~koehl/Teaching/
    -> no slides found on any reduced URL
===== [559/646] =====

### ECS154A - University of California, Davis  (ratings=17.0)
    url: https://heather.cs.ucdavis.edu/~matloff/154a.html
    [follow] no slides here; checking 1 sub-page(s)
    -> no slides found on any reduced URL
===== [560/646] =====

### ECS162 - University of California, Davis  (ratings=9.0)
    url: https://web.cs.ucdavis.edu/~amenta/s19/lectures.html
    [found] 21 slide link(s) at reduction 0
    + saved  1_lec-4-1.pdf
    + saved  2_lec-4-3.pdf
    + saved  3_lec-4-8.pdf
    + saved  4_lec-4-10.pdf
    + saved  5_lec-4-12.pdf
    + saved  6_lec-4-15.pdf
    + saved  7_lec-4-17.pdf
    + saved  8_lec-4-19.pdf
    + saved  9_lec-4-22.pdf
    + saved  10_lec-4-24.pdf
    + saved  11_lec-4-29.pdf
    + saved  12_lec-5-1.pdf
    + saved  13_lec-5-3.pdf
    + saved  14_lec-5-8.pdf
    + saved  15_lec-5-10.pdf
    + saved  16_lec-5-13.pdf
    + saved  17_lec-5-15.pdf
    + saved  18_lec-5-17.pdf
    + saved  19_lec-5-20.pdf
    + saved  20_lec-5-22.pdf
    + saved  21_lec-5-24.pdf
    -> saved: 21 new, 0 skip, 0 dup, 0 fail  (https://web.cs.ucdavis.edu/~amenta/s19/lectures.html)
===== [561/646] =====

### ECS170 - University of California, Davis  (ratings=60.0)
    url: https://web.cs.ucdavis.edu/~vemuri/classes/ecs170/outline.html
    [found] 14 slide link(s) at reduction 0
    ! fail   https://web.cs.ucdavis.edu/~vemuri/classes/ecs170/lecture%201-his.htm  (not a recognized HTML slideshow)
    ! fail   https://web.cs.ucdavis.edu/~vemuri/classes/ecs170/lecture%202-intro.htm  (not a recognized HTML slideshow)
    + saved  3_search1-notation.ppt
    + saved  4_search2-formulation.ppt
    + saved  5_search3b-blind.ppt
    + saved  6_bfs.ppt
    + saved  7_ucs.ppt
    + saved  8_dfs.ppt
    + saved  9_ids.ppt
    + saved  10_astar.ppt
    + saved  11_search5-adversarial.ppt
    + saved  12_knowledge.ppt
    + saved  13_propositional.ppt
    + saved  14_predlogic.ppt
    -> saved: 12 new, 0 skip, 0 dup, 2 fail  (https://web.cs.ucdavis.edu/~vemuri/classes/ecs170/outline.html)
===== [562/646] =====

### ECS20 - University of California, Davis  (ratings=124.0)
    url: https://mae.engr.ucdavis.edu/dsouza/Classes/ECS20_schedule.html
    [found] 8 slide link(s) at reduction 0
    + saved  1_Lec1_ecs20.pdf
    + saved  2_Lec2_ecs20.pdf
    + saved  3_Lec3_ecs20.pdf
    + saved  4_Lec4_ecs20.pdf
    + saved  5_Lec5_ecs20.pdf
    + saved  6_Lec6_ecs20.pdf
    + saved  7_Lec7_ecs20.pdf
    + saved  8_Lec12_ecs20.pdf
    -> saved: 8 new, 0 skip, 0 dup, 0 fail  (https://mae.engr.ucdavis.edu/dsouza/Classes/ECS20_schedule.html)
===== [563/646] =====

### ECS30 - University of California, Davis  (ratings=7.0)
    url: https://web.cs.ucdavis.edu/~bai/ECS30/
    [follow] no slides here; checking 1 sub-page(s)
    -> no slides found on any reduced URL
===== [564/646] =====

### ECS36C - University of California, Davis  (ratings=20.0)
    url: https://luplab.cs.ucdavis.edu/2021/06/08/publishing-ecs-36c-course-materials.html
    [reduce 1] https://luplab.cs.ucdavis.edu/2021/06/08/
    [fetch] status=404
    [reduce 2] https://luplab.cs.ucdavis.edu/2021/06/
    [fetch] status=404
    [reduce 3] https://luplab.cs.ucdavis.edu/2021/
    [fetch] status=404
    -> no slides found on any reduced URL
===== [565/646] =====

### ECSE4900 - Rensselaer Polytechnic Institute  (ratings=12.0)
    url: https://sites.ecse.rpi.edu/courses/F23/ECSE-1010/in_class_activities/Class_1_Design_Ideation_Activity_Poster_F23.pptx
    [found] 1 slide link(s) at reduction 0
    + saved  1_Class_1_Design_Ideation_Activity_Poster_F23.pptx
    -> saved: 1 new, 0 skip, 0 dup, 0 fail  (https://sites.ecse.rpi.edu/courses/F23/ECSE-1010/in_class_activities/Class_1_Design_Ideation_Activity_Poster_F23.pptx)
===== [566/646] =====

### ECT250 - DePaul University  (ratings=9.0)
    url: http://facweb.cs.depaul.edu/asettle/research/ect250/notes/introduction.ppt
    [found] 1 slide link(s) at reduction 0
    + saved  1_introduction.ppt
    -> saved: 1 new, 0 skip, 0 dup, 0 fail  (http://facweb.cs.depaul.edu/asettle/research/ect250/notes/introduction.ppt)
===== [567/646] =====

### EE230 - Iowa State University  (ratings=71.0)
    url: http://class.ece.iastate.edu/ee230
    [found] 86 slide link(s) at reduction 0
    ! fail   http://class.ece.iastate.edu/Lectures/EE 230 Lecture 1 Spring 2010.pdf  (http 404)
    ! fail   http://class.ece.iastate.edu/Lectures/EE 230 Lecture 2 Spring 2010.pdf  (http 404)
    ! fail   http://class.ece.iastate.edu/Lectures/EE 230 Lecture 3 Spring 2010.pdf  (http 404)
    ! fail   http://class.ece.iastate.edu/Lectures/MLK Day.pdf  (http 404)
    ! fail   http://class.ece.iastate.edu/Lectures/EE 230 Lecture 4 Spring 2010.pdf  (http 404)
    ! fail   http://class.ece.iastate.edu/Lectures/EE 230 Lecture 5 Spring 2010.pdf  (http 404)
    ! fail   http://class.ece.iastate.edu/Lectures/EE 230 Lecture 6 Spring 2010.pdf  (http 404)
    ! fail   http://class.ece.iastate.edu/lectures/EE 230 Lecture 7 Spring 2010.pdf  (http 404)
    ! fail   http://class.ece.iastate.edu/lectures/EE 230 Lecture 8 Spring 2010.pdf  (http 404)
    ! fail   http://class.ece.iastate.edu/lectures/EE 230 Lecture 9 Spring 2010.pdf  (http 404)
    ! fail   http://class.ece.iastate.edu/lectures/EE 230 Lecture 10 Spring 2010.pdf  (http 404)
    ! fail   http://class.ece.iastate.edu/lectures/EE 230 Lecture 11 Spring 2010.pdf  (http 404)
    ! fail   http://class.ece.iastate.edu/lectures/EE 230 Lecture 12 Spring 2010.pdf  (http 404)
    ! fail   http://class.ece.iastate.edu/lectures/EE 230 Lecture 14 Spring 2010.pdf  (http 404)
    ! fail   http://class.ece.iastate.edu/lectures/EE 230 Lecture 15 Spring 2010.pdf  (http 404)
    ! fail   http://class.ece.iastate.edu/lectures/EE 230 Lecture 16 Spring 2010.pdf  (http 404)
    ! fail   http://class.ece.iastate.edu/lectures/EE 230 Lecture 17 Spring 2010.pdf  (http 404)
    ! fail   http://class.ece.iastate.edu/lectures/EE 230 Lecture 18 Spring 2010.pdf  (http 404)
    ! fail   http://class.ece.iastate.edu/lectures/EE 230 Lecture 19 Spring 2010.pdf  (http 404)
    ! fail   http://class.ece.iastate.edu/lectures/EE 230 Lecture 20 Spring 2010.pdf  (http 404)
    ! fail   http://class.ece.iastate.edu/lectures/EE 230 Lecture 21 Spring 2010.pdf  (http 404)
    ! fail   http://class.ece.iastate.edu/lectures/EE 230 Lecture 22 Spring 2010.pdf  (http 404)
    ! fail   http://class.ece.iastate.edu/lectures/EE 230 Lecture 23 Spring 2010.pdf  (http 404)
    ! fail   http://class.ece.iastate.edu/lectures/EE 230 Lecture 24 Spring 2010.pdf  (http 404)
    ! fail   http://class.ece.iastate.edu/lectures/EE 230 Lecture 25 Spring 2010.pdf  (http 404)
    ! fail   http://class.ece.iastate.edu/lectures/EE 230 Lecture 27 Spring 2010.pdf  (http 404)
    ! fail   http://class.ece.iastate.edu/lectures/EE 230 Lecture 28 Spring 2010.pdf  (http 404)
    ! fail   http://class.ece.iastate.edu/lectures/EE 230 Lecture 29 Spring 2010.pdf  (http 404)
    ! fail   http://class.ece.iastate.edu/lectures/EE 230 Lecture 30 Spring 2010.pdf  (http 404)
    ! fail   http://class.ece.iastate.edu/lectures/EE 230 Lecture 31 Spring 2010.pdf  (http 404)
    ! fail   http://class.ece.iastate.edu/lectures/EE 230 Lecture 32 Spring 2010.pdf  (http 404)
    ! fail   http://class.ece.iastate.edu/lectures/EE 230 Lecture 33 Spring 2010.pdf  (http 404)
    ! fail   http://class.ece.iastate.edu/lectures/EE 230 Lecture 34 Spring 2010.pdf  (http 404)
    ! fail   http://class.ece.iastate.edu/lectures/EE 230 Lecture 35 Spring 2010.pdf  (http 404)
    ! fail   http://class.ece.iastate.edu/lectures/EE 230 Lecture 36 Spring 2010.pdf  (http 404)
    ! fail   http://class.ece.iastate.edu/lectures/EE 230 Lecture 37 Spring 2010.pdf  (http 404)
    ! fail   http://class.ece.iastate.edu/lectures/EE 230 Lecture 38 Spring 2010.pdf  (http 404)
    ! fail   http://class.ece.iastate.edu/lectures/EE 230 Lecture 39 Spring 2010.pdf  (http 404)
    ! fail   http://class.ece.iastate.edu/lectures/EE 230 Lecture 40 Spring 2010.pdf  (http 404)
    ! fail   http://class.ece.iastate.edu/lectures/EE 230 Lecture 42 Spring 2010.pdf  (http 404)
    ! fail   http://class.ece.iastate.edu/lectures/EE 230 Lecture 43 Spring 2010.pdf  (http 404)
    ! fail   http://class.ece.iastate.edu/lectures/EE 230 Lecture 44 Spring 2010.pdf  (http 404)
    ! fail   http://class.ece.iastate.edu/Lectures/EE 230 Lecture 1 Fall 2006.pdf  (http 404)
    ! fail   http://class.ece.iastate.edu/Lectures/EE 230 Lecture 2 Fall 2006.pdf  (http 404)
    ! fail   http://class.ece.iastate.edu/Lectures/EE 230 Lecture 3 Fall 2006.pdf  (http 404)
    ! fail   http://class.ece.iastate.edu/Lectures/EE 230 Lecture 4 Fall 2006.pdf  (http 404)
    ! fail   http://class.ece.iastate.edu/Lectures/EE 230 Lecture 5 Fall 2006.pdf  (http 404)
    ! fail   http://class.ece.iastate.edu/Lectures/EE 230 Lecture 6 Fall 2006.pdf  (http 404)
    ! fail   http://class.ece.iastate.edu/Lectures/Labor Day.pdf  (http 404)
    ! fail   http://class.ece.iastate.edu/lectures/EE 230 Lecture 7 Fall 2006.pdf  (http 404)
    ! fail   http://class.ece.iastate.edu/lectures/EE 230 Lecture 8 Fall 2006.pdf  (http 404)
    ! fail   http://class.ece.iastate.edu/lectures/EE 230 Lecture 9 Fall 2006.pdf  (http 404)
    ! fail   http://class.ece.iastate.edu/lectures/EE 230 Lecture 10 Fall 2006.pdf  (http 404)
    ! fail   http://class.ece.iastate.edu/lectures/EE 230 Lecture 11 Fall 2006.pdf  (http 404)
    ! fail   http://class.ece.iastate.edu/lectures/EE 230 Lecture 12 Fall 2006.pdf  (http 404)
    ! fail   http://class.ece.iastate.edu/lectures/EE 230 Lecture 13 Fall 2006.pdf  (http 404)
    ! fail   http://class.ece.iastate.edu/lectures/EE 230 Lecture 15 Fall 2006.pdf  (http 404)
    ! fail   http://class.ece.iastate.edu/lectures/EE 230 Lecture 16 Fall 2006.pdf  (http 404)
    ! fail   http://class.ece.iastate.edu/lectures/EE 230 Lecture 17 Fall 2006.pdf  (http 404)
    ! fail   http://class.ece.iastate.edu/lectures/EE 230 Lecture 18 Fall 2006.pdf  (http 404)
    ! fail   http://class.ece.iastate.edu/lectures/EE 230 Lecture 19 Fall 2006.pdf  (http 404)
    ! fail   http://class.ece.iastate.edu/lectures/EE 230 Lecture 20 Fall 2006.pdf  (http 404)
    ! fail   http://class.ece.iastate.edu/lectures/EE 230 Lecture 21 Fall 2006.pdf  (http 404)
    ! fail   http://class.ece.iastate.edu/lectures/EE 230 Lecture 22 Fall 2006.pdf  (http 404)
    ! fail   http://class.ece.iastate.edu/lectures/EE 230 Lecture 23 Fall 2006.pdf  (http 404)
    ! fail   http://class.ece.iastate.edu/lectures/EE 230 Lecture 24 Fall 2006.pdf  (http 404)
    ! fail   http://class.ece.iastate.edu/lectures/EE 230 Lecture 25 Fall 2006.pdf  (http 404)
    ! fail   http://class.ece.iastate.edu/lectures/EE 230 Lecture 27 Fall 2006.pdf  (http 404)
    ! fail   http://class.ece.iastate.edu/lectures/EE 230 Lecture 28 Fall 2006.pdf  (http 404)
    ! fail   http://class.ece.iastate.edu/lectures/EE 230 Lecture 29 Fall 2006.pdf  (http 404)
    ! fail   http://class.ece.iastate.edu/lectures/EE 230 Lecture 30 Fall 2006.pdf  (http 404)
    ! fail   http://class.ece.iastate.edu/lectures/EE 230 Lecture 31 Fall 2006.pdf  (http 404)
    ! fail   http://class.ece.iastate.edu/lectures/EE 230 Lecture 32 Fall 2006.pdf  (http 404)
    ! fail   http://class.ece.iastate.edu/lectures/EE 230 Lecture 33 Fall 2006.pdf  (http 404)
    ! fail   http://class.ece.iastate.edu/lectures/EE 230 Lecture 34 Fall 2006.pdf  (http 404)
    ! fail   http://class.ece.iastate.edu/lectures/EE 230 Lecture 35 Fall 2006.pdf  (http 404)
    ! fail   http://class.ece.iastate.edu/lectures/EE 230 Lecture 36 Fall 2006.pdf  (http 404)
    ! fail   http://class.ece.iastate.edu/lectures/EE 230 Lecture 37 Fall 2006.pdf  (http 404)
    ! fail   http://class.ece.iastate.edu/lectures/EE 230 Lecture 38 Fall 2006.pdf  (http 404)
    ! fail   http://class.ece.iastate.edu/lectures/EE 230 Lecture 39 Fall 2006.pdf  (http 404)
    ! fail   http://class.ece.iastate.edu/lectures/EE 230 Lecture 40 Fall 2006.pdf  (http 404)
    ! fail   http://class.ece.iastate.edu/lectures/EE 230 Lecture 42 Fall 2006.pdf  (http 404)
    ! fail   http://class.ece.iastate.edu/lectures/EE 230 Lecture 43 Fall 2006.pdf  (http 404)
    ! fail   http://class.ece.iastate.edu/lectures/EE 230 Lecture 44 Fall 2006.pdf  (http 404)
    ! fail   http://class.ece.iastate.edu/Labs/EE 230 Lab 12 Spring 2010 Data Converters Revised2.pdf  (http 404)
    ! fail   http://class.ece.iastate.edu/Support/Kundert Chapter 1.pdf  (http 404)
    [retry] links found but none downloaded; reducing further
    -> partial: 0 new, 0 skip, 0 dup, 86 fail  (http://class.ece.iastate.edu/ee230)
===== [568/646] =====

### EE3160 - Louisiana State University  (ratings=11.0)
    url: https://www.ece.lsu.edu/ee3755/ln.html
    [found] 6 slide link(s) at reduction 0
    + saved  1_lsli00.pdf
    + saved  2_lsli01.pdf
    ! fail   http://www.ece.lsu.edu/ee3755/2013f/l01.v.html  (not a recognized HTML slideshow)
    + saved  4_cla.pdf
    ! fail   http://www.ece.lsu.edu/ee3755/2013f/l06-pop.v.html  (not a recognized HTML slideshow)
    + saved  6_syn.pdf
    -> saved: 4 new, 0 skip, 0 dup, 2 fail  (https://www.ece.lsu.edu/ee3755/ln.html)
===== [569/646] =====

### EE3343 - Ohio University  (ratings=5.0)
    url: https://www.ohio.edu/engineering/sites/ohio.edu.engineering/files/sites/engineering/3-2022%204%20year%20template-CPE%20(2).pdf
    [found] 1 slide link(s) at reduction 0
    + saved  1_3-2022_4_year_template-CPE_2.pdf
    -> saved: 1 new, 0 skip, 0 dup, 0 fail  (https://www.ohio.edu/engineering/sites/ohio.edu.engineering/files/sites/engineering/3-2022%204%20year%20template-CPE%20(2).pdf)
===== [570/646] =====

### EE550 - Princeton University  (ratings=6.0)
    url: https://www.cs.princeton.edu/courses/archive/fall22/cos597G/
    [found] 21 slide link(s) at reduction 0
    + saved  1_lec01.pdf
    + saved  2_lec02.pdf
    + saved  3_lec03.pdf
    + saved  4_lec04.pdf
    + saved  5_lec05.pdf
    + saved  6_lec06.pdf
    + saved  7_lec07.pdf
    + saved  8_lec08.pdf
    + saved  9_lec09.pdf
    + saved  10_lec10.pdf
    + saved  11_lec11.pdf
    + saved  12_lec12.pdf
    + saved  13_lec13.pdf
    + saved  14_lec14.pdf
    + saved  15_lec15.pdf
    + saved  16_lec16.pdf
    + saved  17_lec17.pdf
    + saved  18_lec18.pdf
    + saved  19_lec19.pdf
    + saved  20_lec20.pdf
    + saved  21_lec22.pdf
    -> saved: 21 new, 0 skip, 0 dup, 0 fail  (https://www.cs.princeton.edu/courses/archive/fall22/cos597G/)
===== [571/646] =====

### EE598 - Princeton University  (ratings=24.0)
    url: https://planetlab.cs.princeton.edu/courseware.html
    [found] 9 slide link(s) at reduction 0
    ! fail   https://planetlab.cs.princeton.edu/presentations.html  (not a recognized HTML slideshow)
    ! fail   http://code.google.com/edu/submissions/mapreduce-minilecture/lec1-intro.ppt  (http 302)
    ! fail   http://nslab.ee.ntu.edu.tw/courses/net-simtest-spring-08/slides/net-simtest-planetlab.pdf  (<urlopen error timed out>)
    ! fail   http://www.apan.net/meetings/tokyo2006/presentation/apan_planetlab.pdf  (http 404)
    ! fail   http://www.arl.wustl.edu/~fredk/Courses/cse522/lectures/PlanetLab.ppt  (http 404)
    + saved  6_L9.pdf
    + saved  7_bullet.ppt
    ! fail   http://www.cs.huji.ac.il/labs/danss/p2p/evergrow-workshop/PlanetLab.ppt  (html response, not a file)
    ! fail   http://www.cse.ohio-state.edu/~anish/788Notes/Lecture8.ppt  (http 404)
    -> saved: 2 new, 0 skip, 0 dup, 7 fail  (https://planetlab.cs.princeton.edu/courseware.html)
===== [572/646] =====

### EECS268 - University of Kansas  (ratings=41.0)
    url: http://ittc.ku.edu/~kulkarni/teaching/EECS268/
    [found] 13 slide link(s) at reduction 0
    + saved  1_chap0.pdf
    + saved  2_chap1.pdf
    + saved  3_chap2.pdf
    + saved  4_chap2_fig.pdf
    + saved  5_chap3.pdf
    + saved  6_chap4.pdf
    + saved  7_chap6.pdf
    + saved  8_chap7.pdf
    + saved  9_chap8.pdf
    + saved  10_chap9.pdf
    + saved  11_chap10.pdf
    + saved  12_chap11.pdf
    + saved  13_chap12.pdf
    -> saved: 13 new, 0 skip, 0 dup, 0 fail  (http://ittc.ku.edu/~kulkarni/teaching/EECS268/)
===== [573/646] =====

### EECS388 - University of Kansas  (ratings=12.0)
    url: http://www.ittc.ku.edu/~heechul/courses/eecs388/W1.Intro.pdf
    [found] 1 slide link(s) at reduction 0
    + saved  1_W1.Intro.pdf
    -> saved: 1 new, 0 skip, 0 dup, 0 fail  (http://www.ittc.ku.edu/~heechul/courses/eecs388/W1.Intro.pdf)
===== [574/646] =====

### EECS563 - University of Kansas  (ratings=11.0)
    url: https://www.ittc.ku.edu/~frost/EECS_563/LOCAL/EECS_563_Class_Notes-Spring-2024/index-class-notes-fall-2024.html
    [reduce 1] https://www.ittc.ku.edu/~frost/EECS_563/LOCAL/EECS_563_Class_Notes-Spring-2024/
    [reduce 2] https://www.ittc.ku.edu/~frost/EECS_563/LOCAL/
    [reduce 3] https://www.ittc.ku.edu/~frost/EECS_563/
    [found] 5 slide link(s) at reduction 3
    + saved  1_BGP-101_Freedman-bigbgp_1.ppt
    + saved  2_BGP-102_Freedambgp102_1.ppt
    + saved  3_EECS_563_Equations_Tests.pptx
    + saved  4_WiFi_Leture-ZJU-UIUC-Wireless-SU2020_Lec6.pdf
    + saved  5_ZJU-UIUC-Wireless-SU2020_Lec6.pdf
    -> saved: 5 new, 0 skip, 0 dup, 0 fail  (https://www.ittc.ku.edu/~frost/EECS_563/)
===== [575/646] =====

### EECS6893 - Columbia University  (ratings=5.0)
    url: https://www.ee.columbia.edu/~cylin/course/bigdata/
    [fetch] status=403
    [reduce 1] https://www.ee.columbia.edu/~cylin/course/
    [fetch] status=403
    -> no slides found on any reduced URL
===== [576/646] =====

### EECS690 - University of Kansas  (ratings=7.0)
    url: https://people.eecs.ku.edu/~jerzygb/syllabus690.html
    -> no slides found on any reduced URL
===== [577/646] =====

### EEE202 - Arizona State University  (ratings=168.0)
    url: https://tsakalis.faculty.asu.edu/202.htm
    -> no slides found on any reduced URL
===== [578/646] =====

### EEE591 - Arizona State University  (ratings=9.0)
    url: https://ecee.engineering.asu.edu/wp-content/uploads/sites/40/2019/05/EEE-498-591-Introduction-to-Python-for-Rapid-Engineering-Solutions.pdf
    [found] 1 slide link(s) at reduction 0
    ! fail   https://ecee.engineering.asu.edu/wp-content/uploads/sites/40/2019/05/EEE-498-591-Introduction-to-Python-for-Rapid-Engineering-Solutions.pdf  (http 403)
    [retry] links found but none downloaded; reducing further
    [reduce 1] https://ecee.engineering.asu.edu/wp-content/uploads/sites/40/2019/05/
    [fetch] status=403
    [reduce 2] https://ecee.engineering.asu.edu/wp-content/uploads/sites/40/2019/
    [fetch] status=403
    [reduce 3] https://ecee.engineering.asu.edu/wp-content/uploads/sites/40/
    [fetch] status=403
    [reduce 4] https://ecee.engineering.asu.edu/wp-content/uploads/sites/
    [fetch] status=403
    [reduce 5] https://ecee.engineering.asu.edu/wp-content/uploads/
    [fetch] status=403
    [reduce 6] https://ecee.engineering.asu.edu/wp-content/
    -> partial: 0 new, 0 skip, 0 dup, 1 fail  (https://ecee.engineering.asu.edu/wp-content/uploads/sites/40/2019/05/EEE-498-591-Introduction-to-Python-for-Rapid-Engineering-Solutions.pdf)
===== [579/646] =====

### EGN1002 - Florida International University  (ratings=7.0)
    url: https://web.eng.fiu.edu/ARELLANO/1002/1Introduction/IntroductionS.pptx
    [found] 1 slide link(s) at reduction 0
    + saved  1_IntroductionS.pptx
    -> saved: 1 new, 0 skip, 0 dup, 0 fail  (https://web.eng.fiu.edu/ARELLANO/1002/1Introduction/IntroductionS.pptx)
===== [580/646] =====

### EK307 - Boston University  (ratings=40.0)
    url: https://sites.bu.edu/engcourses/ek307/
    [found] 17 slide link(s) at reduction 0
    + saved  1_voltage-and-current.ppt
    + saved  2_Ohms-Law.ppt
    + saved  3_kirchhoffs-laws.ppt
    + saved  4_Voltage-and-Current-Division.ppt
    + saved  5_Dependent-Sources.ppt
    + saved  6_Resistive-Circuits-and-Applications.ppt
    + saved  7_NodeMesh.ppt
    + saved  8_Superposition.ppt
    + saved  9_thevandnorton.ppt
    + saved  10_Thevenin-Circuits-II.ppt
    + saved  11_Op-Amps-I.ppt
    + saved  12_Op-Amps-II.ppt
    + saved  13_capacitors-and-inductors-1.ppt
    + saved  14_capacitors-and-inductors-2.ppt
    + saved  15_inductor-circuits.ppt
    + saved  16_RLC.ppt
    + saved  17_Impedances-in-Freq.-Domain.ppt
    -> saved: 17 new, 0 skip, 0 dup, 0 fail  (https://sites.bu.edu/engcourses/ek307/)
===== [581/646] =====

### ELEC2507 - Carleton University  (ratings=6.0)
    url: https://carleton.ca/engineering-design/wp-content/uploads/sites/63/20-21-ELEC.pdf
    [found] 1 slide link(s) at reduction 0
    + saved  1_20-21-ELEC.pdf
    -> saved: 1 new, 0 skip, 0 dup, 0 fail  (https://carleton.ca/engineering-design/wp-content/uploads/sites/63/20-21-ELEC.pdf)
===== [582/646] =====

### ELEC275 - Concordia University  (ratings=7.0)
    url: http://www.ece.concordia.ca/~pouya/ELEC275/ELEC275.htm
    [reduce 1] http://www.ece.concordia.ca/~pouya/ELEC275/
    -> no slides found on any reduced URL
===== [583/646] =====

### ELEC3509 - Carleton University  (ratings=15.0)
    url: https://carleton.ca/engineering-design/wp-content/uploads/sites/63/20-21-ELEC.pdf
    [found] 1 slide link(s) at reduction 0
    + saved  1_20-21-ELEC.pdf
    -> saved: 1 new, 0 skip, 0 dup, 0 fail  (https://carleton.ca/engineering-design/wp-content/uploads/sites/63/20-21-ELEC.pdf)
===== [584/646] =====

### ELEC4706 - Carleton University  (ratings=5.0)
    url: https://serc.carleton.edu/NAGTWorkshops/structure/presentations.html
    [found] 5 slide link(s) at reduction 0
    ! fail   https://serc.carleton.edu/NAGTWorkshops/structure/presentations.html#content  (not a recognized HTML slideshow)
    ! fail   https://serc.carleton.edu/NAGTWorkshops/structure/presentations.html#nav  (not a recognized HTML slideshow)
    ! fail   https://serc.carleton.edu/NAGTWorkshops/structure/presentations.html  (not a recognized HTML slideshow)
    + saved  4_Indiv_diffs_in_spatial_perception.ppt
    + saved  5_Problem_Based_Learning.ppt
    -> saved: 2 new, 0 skip, 0 dup, 3 fail  (https://serc.carleton.edu/NAGTWorkshops/structure/presentations.html)
===== [585/646] =====

### ELEC5301 - Carleton University  (ratings=8.0)
    url: https://carleton.ca/engineering-design/wp-content/uploads/sites/63/20-21-ELEC.pdf
    [found] 1 slide link(s) at reduction 0
    + saved  1_20-21-ELEC.pdf
    -> saved: 1 new, 0 skip, 0 dup, 0 fail  (https://carleton.ca/engineering-design/wp-content/uploads/sites/63/20-21-ELEC.pdf)
===== [586/646] =====

### ELEC6271 - Concordia University  (ratings=7.0)
    url: https://users.encs.concordia.ca/~mojtaba/ELEC6271.html
    -> no slides found on any reduced URL
===== [587/646] =====

### ENGR1110 - Auburn University  (ratings=62.0)
    url: https://www.eng.auburn.edu/~tdenney/ENGR1110/
    [fetch] error: Page.goto: Timeout 30000ms exceeded.
Call log:
  - navigating to "https://www.eng.auburn.edu/~tdenney/ENGR1110/", waiting until "domcontentloaded"

    -> no slides found on any reduced URL
===== [588/646] =====

### ENGR203 - Oregon State University  (ratings=8.0)
    url: https://web.engr.oregonstate.edu/~webbky/ENGR203.htm
    -> no slides found on any reduced URL
===== [589/646] =====

### ENSC251 - Simon Fraser University  (ratings=8.0)
    url: http://www2.ensc.sfu.ca/~lshannon/courses/ensc251/lecture_sets.html
    [found] 12 slide link(s) at reduction 0
    + saved  1_Lecture_Set_0_15.pdf
    + saved  2_Lecture_Set_1_15.pdf
    + saved  3_Lecture_Set_2_15.pdf
    + saved  4_Lecture_Set_3_15.pdf
    + saved  5_Lecture_Set_4_15.pdf
    + saved  6_Lecture_Set_5_15.pdf
    + saved  7_Lecture_Set_6_15.pdf
    + saved  8_Lecture_Set_7_15.pdf
    + saved  9_Lecture_Set_8_15.pdf
    + saved  10_Lecture_Set_9_15.pdf
    + saved  11_Lecture_Set_10_15.pdf
    + saved  12_Lecture_Set_11_15.pdf
    -> saved: 12 new, 0 skip, 0 dup, 0 fail  (http://www2.ensc.sfu.ca/~lshannon/courses/ensc251/lecture_sets.html)
===== [590/646] =====

### FED101 - New Jersey Institute of Technology  (ratings=35.0)
    url: https://engineering.njit.edu/fundamentals-engineering-design
    [follow] no slides here; checking 2 sub-page(s)
    [found] 7 slide link(s) at reduction 0
    + saved  1_Xanthos_invitation_2021.r1.DC_1.pdf
    + saved  2_Xanthos_Lecture_Program2020_10.2.pdf
    + saved  3_Xanthos_invitation_2019_9.25lo_res.pdf
    + saved  4_Xanthos_invitation_2018_9.19_0.pdf
    + saved  5_Xanthos_Memorial_Lecture_Program_2017.pdf
    + saved  6_Xanthos_Memorial_Lecture_Program_2016.pdf
    + saved  7_Xanthos_Memorial_Lecture_Program_2015.pdf
    -> saved: 7 new, 0 skip, 0 dup, 0 fail  (https://engineering.njit.edu/fundamentals-engineering-design)
===== [591/646] =====

### GIF1003 - Laval University  (ratings=23.0)
    url: https://www.cs.virginia.edu/c++programdesign/slides/
    [found] 15 slide link(s) at reduction 0
    + saved  1_slides-all.ppt
    + saved  2_chap01.ppt
    + saved  3_chap02.ppt
    + saved  4_chap03.ppt
    + saved  5_chap04-conditional.ppt
    + saved  6_chap04-iterative.ppt
    + saved  7_chap05.ppt
    + saved  8_chap06.ppt
    + saved  9_chap07.ppt
    + saved  10_chap08.ppt
    + saved  11_chap09.ppt
    + saved  12_chap13.ppt
    + saved  13_chap11.ppt
    + saved  14_chap14.ppt
    + saved  15_chap10.ppt
    -> saved: 15 new, 0 skip, 0 dup, 0 fail  (https://www.cs.virginia.edu/c++programdesign/slides/)
===== [592/646] =====

### ICSI213 - University at Albany  (ratings=10.0)
    url: http://www.cs.albany.edu/~petko/classes/FALL16-CSI403.php
    [found] 8 slide link(s) at reduction 0
    + saved  1_01-Intro.pdf
    + saved  2_02-Analysis_of_Insertion_Sort.pdf
    + saved  3_04-Asymptotic_Notation.pdf
    + saved  4_05-Graphs-And-Trees.pdf
    + saved  5_06-Heaps-1.pdf
    + saved  6_07-Heaps-2.pdf
    + saved  7_08-Quicksort.pdf
    + saved  8_09-Decision-Trees-Closest-Pair.pdf
    -> saved: 8 new, 0 skip, 0 dup, 0 fail  (http://www.cs.albany.edu/~petko/classes/FALL16-CSI403.php)
===== [593/646] =====

### ICSI403 - University at Albany  (ratings=5.0)
    url: http://www.cs.albany.edu/~petko/classes/FALL16-CSI403.php
    [found] 8 slide link(s) at reduction 0
    + saved  1_01-Intro.pdf
    + saved  2_02-Analysis_of_Insertion_Sort.pdf
    + saved  3_04-Asymptotic_Notation.pdf
    + saved  4_05-Graphs-And-Trees.pdf
    + saved  5_06-Heaps-1.pdf
    + saved  6_07-Heaps-2.pdf
    + saved  7_08-Quicksort.pdf
    + saved  8_09-Decision-Trees-Closest-Pair.pdf
    -> saved: 8 new, 0 skip, 0 dup, 0 fail  (http://www.cs.albany.edu/~petko/classes/FALL16-CSI403.php)
===== [594/646] =====

### INFO1301 - University of Colorado Boulder  (ratings=9.0)
    url: https://cmci.colorado.edu/classes/INFO-1301/
    [found] 24 slide link(s) at reduction 0
    + saved  1_slides-1_intro.pdf
    + saved  2_slides-2_what-is-data.pdf
    + saved  3_slides-3_relationships.pdf
    + saved  4_slides-4_sets.pdf
    + saved  5_slides-5_collecting.pdf
    + saved  6_slides-6_descriptive.pdf
    + saved  7_slides-7_descriptive2.pdf
    + saved  8_slides-8_comb.pdf
    + saved  9_slides-9_comb2.pdf
    + saved  10_slides-10_booleans.pdf
    + saved  11_slides-11_probability.pdf
    + saved  12_slides-12_probability2.pdf
    + saved  13_slides-13_probability3.pdf
    + saved  14_slides-14_uncertainty.pdf
    + saved  15_slides-15_review.pdf
    + saved  16_slides-16_normal.pdf
    + saved  17_slides-17_normal2.pdf
    + saved  18_slides-18_clt.pdf
    + saved  19_slides-19_clt2.pdf
    + saved  20_slides-20_lines.pdf
    + saved  21_slides-21_lines2.pdf
    + saved  22_slides-22_fitting.pdf
    + saved  23_slides-23_fitting2.pdf
    + saved  24_slides-24_derivatives.pdf
    -> saved: 24 new, 0 skip, 0 dup, 0 fail  (https://cmci.colorado.edu/classes/INFO-1301/)
===== [595/646] =====

### INFO333 - University of Illinois Urbana-Champaign  (ratings=15.0)
    url: https://www.aits.uillinois.edu/services/reports_and_data/help_and_training/training
    [found] 5 slide link(s) at reduction 0
    + saved  1_Finance_Basics.pdf
    + saved  2_Emburse_Enterprise_sourced_data_training.pdf
    ! fail   https://aits.content.uillinois.edu/userfiles/servers/server_474/file/ds/business-objects/Student-Reporting-Data.pdf  (http 403)
    ! fail   https://aits.content.uillinois.edu/userfiles/servers/server_474/file/ds/business-objects/HR-Reporting-Data.pdf  (http 403)
    + saved  5_TDX_Service_Desk_Data_overview.pdf
    -> saved: 3 new, 0 skip, 0 dup, 2 fail  (https://www.aits.uillinois.edu/services/reports_and_data/help_and_training/training)
===== [596/646] =====

### INFO4940 - Cornell University  (ratings=9.0)
    url: https://info4940.infosci.cornell.edu/
    [found] 23 slide link(s) at reduction 0
    + saved  1_01-welcome-info4940.pdf
    + saved  2_02-ml-property-assessment.pdf
    + saved  3_03-make-a-model.pdf
    + saved  4_04-use-your-data.pdf
    + saved  5_05-build-better-data-i.pdf
    ! fail   https://info4940.infosci.cornell.edu/slides/06-build-better-data-ii.html  (Page.content: Unable to retrieve content because the page is navigating and changing the content.)
    + saved  7_07-tune-your-workflows.pdf
    + saved  8_08-evaluate-models.pdf
    + saved  9_09-feature-selection.pdf
    + saved  10_10-eda.pdf
    + saved  11_11-project-management.pdf
    + saved  12_12-data-prep.pdf
    + saved  13_13-interpret-explain.pdf
    + saved  14_14-documentation.pdf
    + saved  15_15-model-api.pdf
    + saved  16_16-cloud-deploy.pdf
    + saved  17_17-intro-llm.pdf
    + saved  18_18-program-with-llms.pdf
    + saved  19_19-prompt-engineering.pdf
    + saved  20_20-rag.pdf
    + saved  21_21-tools.pdf
    + saved  22_22-beyond-tools.pdf
    + saved  23_23-wrap-up.pdf
    -> saved: 22 new, 0 skip, 0 dup, 1 fail  (https://info4940.infosci.cornell.edu/)
===== [597/646] =====

### IT1090C - University of Cincinnati  (ratings=10.0)
    url: https://www.ccps.uc.edu/academics/olli/resources/handouts.html
    [found] 20 slide link(s) at reduction 0
    + saved  1_library.pdf
    + saved  2_1330_wk1.pdf
    + saved  3_1330_wk2.pdf
    + saved  4_1330_wk3.pdf
    + saved  5_1330_wk4.pdf
    + saved  6_1330_wk5.pdf
    + saved  7_1330_wk6.pdf
    + saved  8_vision.pdf
    + saved  9_music1_2.pdf
    + saved  10_music2.pdf
    + saved  11_music3.pdf
    + saved  12_music4.pdf
    + saved  13_music5.pdf
    + saved  14_music6.pdf
    + saved  15_music7.pdf
    + saved  16_music8.pdf
    + saved  17_brain_nutrition.pdf
    + saved  18_4633_egypitian_art_not_compliant.pdf
    + saved  19_egypt_q_a.pdf
    + saved  20_aging_at_home.pdf
    -> saved: 20 new, 0 skip, 0 dup, 0 fail  (https://www.ccps.uc.edu/academics/olli/resources/handouts.html)
===== [598/646] =====

### IT130 - DePaul University  (ratings=29.0)
    url: http://facweb.cs.depaul.edu/mobasher/classes/it130/schedule.html
    [found] 13 slide link(s) at reduction 0
    + saved  1_Client-Server-Basics.ppt
    + saved  2_system.ppt
    + saved  3_html1.ppt
    + saved  4_html2.ppt
    + saved  5_html3.ppt
    + saved  6_networks.ppt
    + saved  7_info-rep.ppt
    + saved  8_JavaScript1.ppt
    + saved  9_JavaScript2.ppt
    + saved  10_JavaScript3.ppt
    + saved  11_JavaScript4.ppt
    + saved  12_JavaScript5.ppt
    + saved  13_JavaScript6.ppt
    -> saved: 13 new, 0 skip, 0 dup, 0 fail  (http://facweb.cs.depaul.edu/mobasher/classes/it130/schedule.html)
===== [599/646] =====

### IT2021 - University of Cincinnati  (ratings=5.0)
    url: https://www.ccps.uc.edu/academics/olli/resources/handouts.html
    [found] 20 slide link(s) at reduction 0
    + saved  1_library.pdf
    + saved  2_1330_wk1.pdf
    + saved  3_1330_wk2.pdf
    + saved  4_1330_wk3.pdf
    + saved  5_1330_wk4.pdf
    + saved  6_1330_wk5.pdf
    + saved  7_1330_wk6.pdf
    + saved  8_vision.pdf
    + saved  9_music1_2.pdf
    + saved  10_music2.pdf
    + saved  11_music3.pdf
    + saved  12_music4.pdf
    + saved  13_music5.pdf
    + saved  14_music6.pdf
    + saved  15_music7.pdf
    + saved  16_music8.pdf
    + saved  17_brain_nutrition.pdf
    + saved  18_4633_egypitian_art_not_compliant.pdf
    + saved  19_egypt_q_a.pdf
    + saved  20_aging_at_home.pdf
    -> saved: 20 new, 0 skip, 0 dup, 0 fail  (https://www.ccps.uc.edu/academics/olli/resources/handouts.html)
===== [600/646] =====

### IT238 - DePaul University  (ratings=9.0)
    url: https://facsrv.cdm.depaul.edu/~cmiller/it238
    [found] 11 slide link(s) at reduction 0
    ! fail   https://facsrv.cdm.depaul.edu/~cmiller/materials/week1.html  (not a recognized HTML slideshow)
    ! fail   https://facsrv.cdm.depaul.edu/~cmiller/materials/week2.html  (not a recognized HTML slideshow)
    ! fail   https://facsrv.cdm.depaul.edu/~cmiller/materials/week3.html  (not a recognized HTML slideshow)
    ! fail   https://facsrv.cdm.depaul.edu/~cmiller/materials/week4.html  (not a recognized HTML slideshow)
    ! fail   https://facsrv.cdm.depaul.edu/~cmiller/materials/week5.html  (not a recognized HTML slideshow)
    ! fail   https://facsrv.cdm.depaul.edu/~cmiller/materials/week6.html  (not a recognized HTML slideshow)
    ! fail   https://facsrv.cdm.depaul.edu/~cmiller/materials/week7.html  (not a recognized HTML slideshow)
    ! fail   https://facsrv.cdm.depaul.edu/~cmiller/materials/week8.html  (not a recognized HTML slideshow)
    ! fail   https://facsrv.cdm.depaul.edu/~cmiller/materials/week9.html  (not a recognized HTML slideshow)
    ! fail   https://facsrv.cdm.depaul.edu/~cmiller/materials/week10.html  (not a recognized HTML slideshow)
    ! fail   https://facsrv.cdm.depaul.edu/~cmiller/materials/week11.html  (not a recognized HTML slideshow)
    [retry] links found but none downloaded; reducing further
    -> partial: 0 new, 0 skip, 0 dup, 11 fail  (https://facsrv.cdm.depaul.edu/~cmiller/it238)
===== [601/646] =====

### IT279 - Illinois State University  (ratings=23.0)
    url: https://itk.ilstu.edu/faculty/chungli/IT279/index.html
    [reduce 1] https://itk.ilstu.edu/faculty/chungli/IT279/
    [reduce 2] https://itk.ilstu.edu/faculty/chungli/
    [found] 4 slide link(s) at reduction 2
    + saved  1_dis300chapter2.pdf
    + saved  2_dis300chapter3.pdf
    + saved  3_dis300chapter6.pdf
    + saved  4_dis300chapter8.pdf
    -> saved: 4 new, 0 skip, 0 dup, 0 fail  (https://itk.ilstu.edu/faculty/chungli/)
===== [602/646] =====

### ITCS4120 - University of North Carolina at Charlotte  (ratings=9.0)
    url: https://viscenter.charlotte.edu/about/courses/itcs-61208120-computer-graphics/
    [found] 13 slide link(s) at reduction 0
    ! fail   http://coitweb.uncc.edu/~zwartell/ITCS%206120/current/lectures/ITCS%204120-Introduction%20(C).ppt  (<urlopen error timed out>)
    ! fail   http://coitweb.uncc.edu/~zwartell/ITCS%206120/current/lectures/ITCS%204120-Scan%20Conversion.ppt  (<urlopen error timed out>)
    ! fail   http://coitweb.uncc.edu/~zwartell/ITCS%206120/current/lectures/ITCS%204120-Scan%20Conversion%202.ppt  (<urlopen error timed out>)
    ! fail   http://coitweb.uncc.edu/~zwartell/ITCS%206120/current/lectures/ITCS%204120-Anti-Aliasing.ppt  (<urlopen error timed out>)
    ! fail   http://coitweb.uncc.edu/~zwartell/ITCS%206120/current/lectures/ITCS%204120-2D%20Transforms.ppt  (<urlopen error timed out>)
    ! fail   http://coitweb.uncc.edu/~zwartell/ITCS%206120/current/lectures/ITCS%204120-2D%20Coordinates.ppt  (<urlopen error timed out>)
    ! fail   http://coitweb.uncc.edu/~zwartell/ITCS%206120/current/lectures/ITCS%204120-2D%20Viewing.ppt  (<urlopen error timed out>)
    ! fail   http://coitweb.uncc.edu/~zwartell/ITCS%206120/current/lectures/ITCS%204120-OpenGL%20Transforms.ppt  (<urlopen error timed out>)
    ! fail   http://www.glprogramming.com/red/chapter03.html#name6  (not a recognized HTML slideshow)
    ! fail   http://coitweb.uncc.edu/~zwartell/ITCS%206120/current/lectures/ITCS%204120-3D%20Viewing.ppt  (<urlopen error timed out>)
    ! fail   http://coitweb.uncc.edu/~zwartell/ITCS%206120/current/lectures/ITCS%204120-Homogenous%20Coordinates.ppt  (<urlopen error timed out>)
    ! fail   http://coitweb.uncc.edu/~zwartell/ITCS%206120/current/lectures/ITCS%204120-Visible-Surface%20Detection.ppt  (<urlopen error timed out>)
    ! fail   http://coitweb.uncc.edu/~zwartell/ITCS%206120/current/lectures/ITCS%204120-Illumination.ppt  (<urlopen error timed out>)
    [retry] links found but none downloaded; reducing further
    [reduce 1] https://viscenter.charlotte.edu/about/courses/
    [reduce 2] https://viscenter.charlotte.edu/about/
    -> partial: 0 new, 0 skip, 0 dup, 13 fail  (https://viscenter.charlotte.edu/about/courses/itcs-61208120-computer-graphics/)
===== [603/646] =====

### ITI1120 - University of Ottawa  (ratings=44.0)
    url: https://www.site.uottawa.ca/~diana/iti1120/
    [found] 2 slide link(s) at reduction 0
    + saved  1_CircleArea.ppt
    + saved  2_MarkResultAlgo.pptx
    -> saved: 2 new, 0 skip, 0 dup, 0 fail  (https://www.site.uottawa.ca/~diana/iti1120/)
===== [604/646] =====

### ITK168 - Illinois State University  (ratings=12.0)
    url: https://itk.ilstu.edu/faculty/chungli/ITK168/index.html
    [reduce 1] https://itk.ilstu.edu/faculty/chungli/ITK168/
    [reduce 2] https://itk.ilstu.edu/faculty/chungli/
    [found] 4 slide link(s) at reduction 2
    + saved  1_dis300chapter2.pdf
    + saved  2_dis300chapter3.pdf
    + saved  3_dis300chapter6.pdf
    + saved  4_dis300chapter8.pdf
    -> saved: 4 new, 0 skip, 0 dup, 0 fail  (https://itk.ilstu.edu/faculty/chungli/)
===== [605/646] =====

### ITSC2600 - University of North Carolina at Charlotte  (ratings=6.0)
    url: https://teaching.charlotte.edu/dlfpresentations/
    [found] 22 slide link(s) at reduction 0
    + saved  1_KeynotePresentation.pptx
    + saved  2_HowardDLFPresentation.pdf
    + saved  3_AsalaPresentation.pdf
    + saved  4_AsalaPoster.pdf
    ! fail   https://drive.google.com/file/d/0B3a9ZeaHvJnHbXpidWVLVi15czQ/view  (html response, not a file)
    + saved  6_AcrobatiqPresentation.pdf
    + saved  7_CWIC.pdf
    + saved  8_LatulipePoster.pdf
    + saved  9_HinklePresentation.pptx
    + saved  10_HinklePoster.pdf
    + saved  11_CourseMappingPresentation.pdf
    + saved  12_ALEKS-and-College-Algebra-Presentation.pptx
    + saved  13_PeachPresentation.pptx
    + saved  14_Adaptive-Learning-Presentation.pdf
    + saved  15_Adaptive-Learning-Poster.pptx
    + saved  16_KazemiBumgardnerPoster.pdf
    + saved  17_DaviesPresentation.pptx
    + saved  18_MaggioPresentation.pdf
    + saved  19_MaggioPoster.pdf
    + saved  20_CampusStrategiesPresentation.pdf
    + saved  21_ImplementationPresentation.pdf
    + saved  22_ImplementationInfographic.pdf
    -> saved: 21 new, 0 skip, 0 dup, 1 fail  (https://teaching.charlotte.edu/dlfpresentations/)
===== [606/646] =====

### MACA101 - Simon Fraser University  (ratings=5.0)
    url: https://www2.cs.sfu.ca/CourseCentral/101.MACM/ramesh/lectureslides.html
    [found] 28 slide link(s) at reduction 0
    + saved  1_introduction.pdf
    + saved  2_logic1.pdf
    + saved  3_logic2.pdf
    + saved  4_logic3.pdf
    + saved  5_logic4.pdf
    + saved  6_logic5.pdf
    + saved  7_logic6.pdf
    + saved  8_logic7.pdf
    + saved  9_logic8.pdf
    + saved  10_sets1.pdf
    + saved  11_sets2.pdf
    + saved  12_functions.pdf
    + saved  13_cardinality.pdf
    + saved  14_relations1.pdf
    + saved  15_relations2.pdf
    + saved  16_relations3.pdf
    + saved  17_relations4.pdf
    + saved  18_induction1.pdf
    + saved  19_induction2.pdf
    + saved  20_permutations.pdf
    + saved  21_combinations.pdf
    + saved  22_bincoeffs.pdf
    + saved  23_pigeonhole.pdf
    + saved  24_probability1.pdf
    + saved  25_probability2.pdf
    + saved  26_probability3.pdf
    + saved  27_recap.pdf
    + saved  28_reminder.pptx
    -> saved: 28 new, 0 skip, 0 dup, 0 fail  (https://www2.cs.sfu.ca/CourseCentral/101.MACM/ramesh/lectureslides.html)
===== [607/646] =====

### MACM101 - Simon Fraser University  (ratings=108.0)
    url: https://www2.cs.sfu.ca/CourseCentral/101.MACM/ramesh/lectureslides.html
    [found] 28 slide link(s) at reduction 0
    + saved  1_introduction.pdf
    + saved  2_logic1.pdf
    + saved  3_logic2.pdf
    + saved  4_logic3.pdf
    + saved  5_logic4.pdf
    + saved  6_logic5.pdf
    + saved  7_logic6.pdf
    + saved  8_logic7.pdf
    + saved  9_logic8.pdf
    + saved  10_sets1.pdf
    + saved  11_sets2.pdf
    + saved  12_functions.pdf
    + saved  13_cardinality.pdf
    + saved  14_relations1.pdf
    + saved  15_relations2.pdf
    + saved  16_relations3.pdf
    + saved  17_relations4.pdf
    + saved  18_induction1.pdf
    + saved  19_induction2.pdf
    + saved  20_permutations.pdf
    + saved  21_combinations.pdf
    + saved  22_bincoeffs.pdf
    + saved  23_pigeonhole.pdf
    + saved  24_probability1.pdf
    + saved  25_probability2.pdf
    + saved  26_probability3.pdf
    + saved  27_recap.pdf
    + saved  28_reminder.pptx
    -> saved: 28 new, 0 skip, 0 dup, 0 fail  (https://www2.cs.sfu.ca/CourseCentral/101.MACM/ramesh/lectureslides.html)
===== [608/646] =====

### MAT161 - Buffalo State University  (ratings=25.0)
    url: https://math.buffalostate.edu/dwilson/MAT161/index.html
    [reduce 1] https://math.buffalostate.edu/dwilson/MAT161/
    [reduce 2] https://math.buffalostate.edu/dwilson/
    -> no slides found on any reduced URL
===== [609/646] =====

### MAT243 - Arizona State University  (ratings=59.0)
    url: https://math.asu.edu/mat243
    [found] 2 slide link(s) at reduction 0
    + saved  1_11.Integer_Representation.pdf
    + saved  2_4.2_Integer_Representations_expanded.pdf
    -> saved: 2 new, 0 skip, 0 dup, 0 fail  (https://math.asu.edu/mat243)
===== [610/646] =====

### MAT304 - Binghamton University  (ratings=17.0)
    url: https://people.math.binghamton.edu/alex/Math304-2_Fall2024.html
    [reduce 1] https://people.math.binghamton.edu/alex/
    -> no slides found on any reduced URL
===== [611/646] =====

### MATH0350 - Brown University  (ratings=5.0)
    url: https://sites.brown.edu/drpeyam/apma0350/
    [found] 35 slide link(s) at reduction 0
    + saved  1_APMA-0350-Lecture-1.pdf
    + saved  2_APMA-0350-Lecture-2.pdf
    + saved  3_APMA-0350-Lecture-3.pdf
    + saved  4_APMA-0350-Lecture-4.pdf
    + saved  5_APMA-0350-Lecture-5.pdf
    + saved  6_APMA-0350-Lecture-6.pdf
    + saved  7_APMA-0350-Lecture-7.pdf
    + saved  8_APMA-0350-Lecture-8.pdf
    + saved  9_APMA-0350-Lecture-9.pdf
    + saved  10_APMA-0350-Lecture-10.pdf
    + saved  11_APMA-0350-Lecture-11.pdf
    + saved  12_APMA-0350-Lecture-12.pdf
    + saved  13_APMA-0350-Lecture-13.pdf
    + saved  14_APMA-0350-Lecture-15.pdf
    + saved  15_APMA-0350-Lecture-16.pdf
    + saved  16_APMA-0350-Lecture-17.pdf
    + saved  17_APMA-0350-Lecture-18.pdf
    + saved  18_APMA-0350-Lecture-19.pdf
    + saved  19_APMA-0350-Lecture-20.pdf
    + saved  20_APMA-0350-Lecture-21.pdf
    + saved  21_APMA-0350-Lecture-22.pdf
    + saved  22_APMA-0350-Lecture-23.pdf
    + saved  23_APMA-0350-Lecture-24.pdf
    + saved  24_APMA-0350-Lecture-25.pdf
    + saved  25_APMA-0350-Lecture-26.pdf
    + saved  26_APMA-0350-Lecture-27.pdf
    + saved  27_APMA-0350-Lecture-28.pdf
    + saved  28_APMA-0350-Lecture-29.pdf
    + saved  29_APMA-0350-Lecture-30.pdf
    + saved  30_APMA-0350-Lecture-31.pdf
    + saved  31_APMA-0350-Lecture-34.pdf
    + saved  32_APMA-0350-Lecture-32.pdf
    + saved  33_APMA-0350-Lecture-34.pdf
    + saved  34_APMA-0350-Lecture-35.pdf
    + saved  35_APMA-0350-Lecture-36.pdf
    -> saved: 35 new, 0 skip, 0 dup, 0 fail  (https://sites.brown.edu/drpeyam/apma0350/)
===== [612/646] =====

### MATH108 - Binghamton University  (ratings=14.0)
    url: https://github.com/yanbenjamin/MathNotes/blob/main/math108_notes.pdf
    [found] 1 slide link(s) at reduction 0
    + saved  1_math108_notes.pdf
    -> saved: 1 new, 0 skip, 0 dup, 0 fail  (https://github.com/yanbenjamin/MathNotes/blob/main/math108_notes.pdf)
===== [613/646] =====

### MATH148 - Binghamton University  (ratings=99.0)
    url: https://people.math.binghamton.edu/mfochler/bu-mfx/bu-math-arv/math-148-arv/math-148-2022-02/html/math-148-course-mat.html
    [found] 2 slide link(s) at reduction 0
    + saved  1_bu-ln-finals-prep-chapter-comments.pdf
    + saved  2_bu-ln-148-sdm-slides-shift-scale.pdf
    -> saved: 2 new, 0 skip, 0 dup, 0 fail  (https://people.math.binghamton.edu/mfochler/bu-mfx/bu-math-arv/math-148-arv/math-148-2022-02/html/math-148-course-mat.html)
===== [614/646] =====

### MATH2630 - Auburn University  (ratings=78.0)
    url: https://www.auburn.edu/~huanghu/math2630/
    [found] 4 slide link(s) at reduction 0
    ! fail   https://www.auburn.edu/~huanghu/math2630/ch11-test-answer.pdf  (http 404)
    ! fail   https://www.auburn.edu/~huanghu/math2630/ch12-test-answer.pdf  (http 404)
    ! fail   https://www.auburn.edu/~huanghu/math2630/ch13-test-answer.pdf  (http 404)
    ! fail   https://www.auburn.edu/~huanghu/math2630/ch14-test-answer.pdf  (http 404)
    [retry] links found but none downloaded; reducing further
    -> partial: 0 new, 0 skip, 0 dup, 4 fail  (https://www.auburn.edu/~huanghu/math2630/)
===== [615/646] =====

### MATH2637 - Auburn University  (ratings=10.0)
    url: https://webhome.auburn.edu/~huanghu/math2637/
    [found] 4 slide link(s) at reduction 0
    ! fail   https://webhome.auburn.edu/~huanghu/math2637/ch11-test-answer.pdf  (http 404)
    ! fail   https://webhome.auburn.edu/~huanghu/math2637/ch12-test-answer.pdf  (http 404)
    ! fail   https://webhome.auburn.edu/~huanghu/math2637/ch13-test-answer.pdf  (http 404)
    ! fail   https://webhome.auburn.edu/~huanghu/math2637/ch14-test-answer.pdf  (http 404)
    [retry] links found but none downloaded; reducing further
    -> partial: 0 new, 0 skip, 0 dup, 4 fail  (https://webhome.auburn.edu/~huanghu/math2637/)
===== [616/646] =====

### MATH2660 - Auburn University  (ratings=152.0)
    url: https://webhome.auburn.edu/~mip0024/teaching/math2660
    [found] 39 slide link(s) at reduction 0
    + saved  1_01-welcome-slides.pdf
    + saved  2_02-vectors-slides.pdf
    + saved  3_03-linear-combinations-slides.pdf
    + saved  4_04-matrix-multiplication-slides.pdf
    + saved  5_05-linear-transformations-slides.pdf
    + saved  6_06-solving-linear-equations-slides.pdf
    + saved  7_07-inverse-matrices-slides.pdf
    + saved  8_08-elementary-matrices-slides.pdf
    + saved  9_09-review-1-slides.pdf
    + saved  10_10-applications-1-slides.pdf
    + saved  11_11-vector-spaces-slides.pdf
    + saved  12_12-spanning-sets-slides.pdf
    + saved  13_13-vector-spaces-2-slides.pdf
    + saved  14_14-linear-independence-slides.pdf
    + saved  15_15-dot-products-slides.pdf
    + saved  16_16-orthogonality-slides.pdf
    + saved  17_17-dot-products-2-slides.pdf
    + saved  18_18-least-squares-slides.pdf
    + saved  19_19-fundamental-subspaces-slides.pdf
    + saved  20_20-determinants-slides.pdf
    + saved  21_21-cofactor-expansions-slides.pdf
    + saved  22_22-det-properties-slides.pdf
    + saved  23_23-review-2-slides.pdf
    + saved  24_24-post-break-slides.pdf
    + saved  25_25-det-applications-slides.pdf
    + saved  26_26-eigenvalues-slides.pdf
    + saved  27_27-eigenvalues-2-slides.pdf
    + saved  28_28-diagonalization-slides.pdf
    + saved  29_29-ode-slides.pdf
    + saved  30_30-complex-slides.pdf
    + saved  31_31-svd-slides.pdf
    + saved  32_32-svd-applications-slides.pdf
    + saved  33_33-pca-slides.pdf
    + saved  34_34-review-3-slides.pdf
    + saved  35_35-image-processing-slides.pdf
    + saved  36_36-balancing-equations-slides.pdf
    + saved  37_37-gradient-descent-slides.pdf
    + saved  38_38-final-review-1-slides.pdf
    + saved  39_39-final-review-2-slides.pdf
    -> saved: 39 new, 0 skip, 0 dup, 0 fail  (https://webhome.auburn.edu/~mip0024/teaching/math2660)
===== [617/646] =====

### MATH304 - Binghamton University  (ratings=60.0)
    url: https://people.math.binghamton.edu/alex/Math304-2_Fall2024.html
    [reduce 1] https://people.math.binghamton.edu/alex/
    -> no slides found on any reduced URL
===== [618/646] =====

### MATH330 - Binghamton University  (ratings=42.0)
    url: https://people.math.binghamton.edu/mfochler/bu-mfx/bu-math-arv/math-330-arv/math-330-2024-02/html/math-330-course-mat.html
    [follow] no slides here; checking 1 sub-page(s)
    [reduce 1] https://people.math.binghamton.edu/mfochler/bu-mfx/bu-math-arv/math-330-arv/math-330-2024-02/html/
    [fetch] status=404
    [reduce 2] https://people.math.binghamton.edu/mfochler/bu-mfx/bu-math-arv/math-330-arv/math-330-2024-02/
    [fetch] status=404
    [reduce 3] https://people.math.binghamton.edu/mfochler/bu-mfx/bu-math-arv/math-330-arv/
    [fetch] status=404
    [reduce 4] https://people.math.binghamton.edu/mfochler/bu-mfx/bu-math-arv/
    [fetch] status=404
    [reduce 5] https://people.math.binghamton.edu/mfochler/bu-mfx/
    [fetch] status=404
    [reduce 6] https://people.math.binghamton.edu/mfochler/
    -> no slides found on any reduced URL
===== [619/646] =====

### MATH346 - Binghamton University  (ratings=11.0)
    url: https://people.math.binghamton.edu/arcones/346/index-nf.html
    [reduce 1] https://people.math.binghamton.edu/arcones/346/
    [reduce 2] https://people.math.binghamton.edu/arcones/
    -> no slides found on any reduced URL
===== [620/646] =====

### MATH450 - Binghamton University  (ratings=7.0)
    url: https://people.math.binghamton.edu/arcones/450/index-nf.html
    [reduce 1] https://people.math.binghamton.edu/arcones/450/
    [reduce 2] https://people.math.binghamton.edu/arcones/
    -> no slides found on any reduced URL
===== [621/646] =====

### MATH5630 - Auburn University  (ratings=7.0)
    url: https://webhome.auburn.edu/~smith01/math5630/
    -> no slides found on any reduced URL
===== [622/646] =====

### MATHS201 - Ball State University  (ratings=6.0)
    url: https://www.bsu.edu/about/administrativeoffices/vice-provost/faculty-services/syllabus-resources
    [found] 5 slide link(s) at reduction 0
    ! fail   https://www.bsu.edu/-/media/www/departmentalcontent/vice-provost/files/faculty-services/syllabus-resources/bsu-tips-week-1.pdf?sc_lang=en&hash=330B3F41E9F8F238D31F67A25085AA2440D1A0EB  (http 403)
    ! fail   https://www.bsu.edu/-/media/www/departmentalcontent/vice-provost/files/faculty-services/syllabus-resources/faculty-tips-week-2-(2).pdf?sc_lang=en&hash=D02A0F92C30F5D8D1741252435902128338B8A3F  (http 403)
    ! fail   https://www.bsu.edu/-/media/www/departmentalcontent/vice-provost/files/faculty-services/syllabus-resources/faculty-tips-week-3.pdf?sc_lang=en&hash=D91E93647FA316B4730E6A1EC500E552E4149905  (http 403)
    ! fail   https://www.bsu.edu/-/media/www/departmentalcontent/vice-provost/files/faculty-services/syllabus-resources/faculty-tips-week-4.pdf?sc_lang=en&hash=9F50FB06A622101FC71F439375182416E0AC9B37  (http 403)
    ! fail   https://www.bsu.edu/-/media/www/departmentalcontent/vice-provost/files/faculty-services/syllabus-resources/faculty-tips-week-5.pdf?sc_lang=en&hash=E854C9910D3C388AC6397EA296FB859BD739547D  (http 403)
    [retry] links found but none downloaded; reducing further
    [reduce 1] https://www.bsu.edu/about/administrativeoffices/vice-provost/faculty-services/
    [found] 5 slide link(s) at reduction 1
    ! fail   https://www.bsu.edu/-/media/www/departmentalcontent/vice-provost/files/faculty-services/syllabus-resources/bsu-tips-week-1.pdf?sc_lang=en&hash=330B3F41E9F8F238D31F67A25085AA2440D1A0EB  (http 403)
    ! fail   https://www.bsu.edu/-/media/www/departmentalcontent/vice-provost/files/faculty-services/syllabus-resources/faculty-tips-week-2-(2).pdf?sc_lang=en&hash=D02A0F92C30F5D8D1741252435902128338B8A3F  (http 403)
    ! fail   https://www.bsu.edu/-/media/www/departmentalcontent/vice-provost/files/faculty-services/syllabus-resources/faculty-tips-week-3.pdf?sc_lang=en&hash=D91E93647FA316B4730E6A1EC500E552E4149905  (http 403)
    ! fail   https://www.bsu.edu/-/media/www/departmentalcontent/vice-provost/files/faculty-services/syllabus-resources/faculty-tips-week-4.pdf?sc_lang=en&hash=9F50FB06A622101FC71F439375182416E0AC9B37  (http 403)
    ! fail   https://www.bsu.edu/-/media/www/departmentalcontent/vice-provost/files/faculty-services/syllabus-resources/faculty-tips-week-5.pdf?sc_lang=en&hash=E854C9910D3C388AC6397EA296FB859BD739547D  (http 403)
    [retry] links found but none downloaded; reducing further
    [reduce 2] https://www.bsu.edu/about/administrativeoffices/vice-provost/
    [follow] no slides here; checking 3 sub-page(s)
    [reduce 3] https://www.bsu.edu/about/administrativeoffices/
    [follow] no slides here; checking 5 sub-page(s)
    [reduce 4] https://www.bsu.edu/about/
    [follow] no slides here; checking 2 sub-page(s)
    -> partial: 0 new, 0 skip, 0 dup, 5 fail  (https://www.bsu.edu/about/administrativeoffices/vice-provost/faculty-services/syllabus-resources)
===== [623/646] =====

### MCIT592 - University of Pennsylvania  (ratings=12.0)
    url: https://github.com/cit-5920
    [follow] no slides here; checking 9 sub-page(s)
    -> no slides found on any reduced URL
===== [624/646] =====

### MECH2110 - Auburn University  (ratings=7.0)
    url: https://www.eng.auburn.edu/~marghitu/MECH2110/mech2110.htm
    [fetch] error: Page.goto: Timeout 30000ms exceeded.
Call log:
  - navigating to "https://www.eng.auburn.edu/~marghitu/MECH2110/mech2110.htm", waiting until "domcontentloaded"

    [reduce 1] https://www.eng.auburn.edu/~marghitu/MECH2110/
    [fetch] error: Page.goto: Timeout 30000ms exceeded.
Call log:
  - navigating to "https://www.eng.auburn.edu/~marghitu/MECH2110/", waiting until "domcontentloaded"

    -> no slides found on any reduced URL
===== [625/646] =====

### MECH3140 - Auburn University  (ratings=5.0)
    url: https://www.eng.auburn.edu/~dmbevly/mech3140/
    [fetch] error: Page.goto: Timeout 30000ms exceeded.
Call log:
  - navigating to "https://www.eng.auburn.edu/~dmbevly/mech3140/", waiting until "domcontentloaded"

    -> no slides found on any reduced URL
===== [626/646] =====

### MIS1305 - Baylor University  (ratings=8.0)
    url: https://business.baylor.edu/gina_green/teaching/mis1305/summ15/lectures/class_setup.pptx
    [found] 1 slide link(s) at reduction 0
    + saved  1_class_setup.pptx
    -> saved: 1 new, 0 skip, 0 dup, 0 fail  (https://business.baylor.edu/gina_green/teaching/mis1305/summ15/lectures/class_setup.pptx)
===== [627/646] =====

### MIS3690 - Babson College  (ratings=7.0)
    url: https://github.com/gscholer/OIM3690-resources/blob/main/slides
    [found] 24 slide link(s) at reduction 0
    + saved  1_lec01-intro.pdf
    + saved  2_lec02-intro-html.pdf
    + saved  3_lec03-images.pdf
    + saved  4_lec03-links.pdf
    + saved  5_lec04-styles.pdf
    + saved  6_lec05-lists.pdf
    + saved  7_lec06-advanced-css-selectors.pdf
    + saved  8_lec06-id-class.pdf
    + saved  9_lec07-external-inline-css.pdf
    + saved  10_lec08-tables.pdf
    + saved  11_lec09-forms.pdf
    + saved  12_lec10-publish-website.pdf
    + saved  13_lec10-web-design.pdf
    + saved  14_lec11-multimedia.pdf
    + saved  15_lec12-intro-to-js.pdf
    + saved  16_lec13-js-variables-functions.pdf
    + saved  17_lec14-js-if.pdf
    + saved  18_lec15-js-form.pdf
    + saved  19_lec16-js-validate-form.pdf
    + saved  20_lec17-js-array.pdf
    + saved  21_lec18-js-animation.pdf
    + saved  22_lec19-js-image-processing.pdf
    + saved  23_lec20-jquery.pdf
    + saved  24_lec21-bootstrap.pdf
    -> saved: 24 new, 0 skip, 0 dup, 0 fail  (https://github.com/gscholer/OIM3690-resources/blob/main/slides)
===== [628/646] =====

### ML09 - Stanford University  (ratings=5.0)
    url: https://cs231n.stanford.edu/schedule.html
    [found] 21 slide link(s) at reduction 0
    + saved  1_lecture_1_part_1.pdf
    + saved  2_lecture_1_part_2.pdf
    + saved  3_lecture_2.pdf
    + saved  4_lecture_3.pdf
    + saved  5_lecture_4.pdf
    ! fail   http://neuralnetworksanddeeplearning.com/chap2.html  (not a recognized HTML slideshow)
    + saved  7_section_2_backprop.pdf
    + saved  8_lecture_5.pdf
    + saved  9_lecture_6.pdf
    + saved  10_section_3_project.pdf
    + saved  11_lecture_7.pdf
    + saved  12_lecture_8.pdf
    + saved  13_lecture_9.pdf
    + saved  14_lecture_10.pdf
    + saved  15_section_5.pdf
    + saved  16_lecture_11.pdf
    + saved  17_lecture_12.pdf
    + saved  18_lecture_13.pdf
    + saved  19_lecture_14.pdf
    + saved  20_lecture_15.pdf
    + saved  21_lecture_16.pdf
    -> saved: 20 new, 0 skip, 0 dup, 1 fail  (https://cs231n.stanford.edu/schedule.html)
===== [629/646] =====

### ML10601 - Carnegie Mellon University  (ratings=6.0)
    url: https://www.cs.cmu.edu/afs/cs/academic/class/10601-f10/lecture.html
    [found] 38 slide link(s) at reduction 0
    ! fail   https://www.cs.cmu.edu/afs/cs/academic/class/10601-f10/lecture.html  (not a recognized HTML slideshow)
    + saved  2_lec1.pdf
    + saved  3_recitationIntro.pdf
    + saved  4_lec2.pdf
    + saved  5_lec3.pdf
    + saved  6_matlab_quickref.pdf
    ! fail   https://www.cs.cmu.edu/afs/cs/academic/class/10601-f10/lecture/MATLAB_tutorial.html  (not a recognized HTML slideshow)
    + saved  8_lec4.pdf
    ! fail   https://www.cs.cmu.edu/afs/cs/academic/class/10601-f10/lecture/recitationMatlab2.pdf  (http 404)
    + saved  10_lec5.pdf
    ! fail   https://www.cs.cmu.edu/afs/cs/academic/class/10601-f10/lecture/recitationPS1.pdf  (http 404)
    + saved  12_lec6.pdf
    + saved  13_lec7.pdf
    + saved  14_recitationRegDt.pdf
    + saved  15_lec8.pdf
    + saved  16_lec9.pdf
    + saved  17_recitationPs2.pdf
    + saved  18_lec10.pdf
    + saved  19_lec11.pdf
    + saved  20_recitationBstNnLt.pdf
    + saved  21_cribsheetLT.pdf
    + saved  22_lec1213.pdf
    + saved  23_recitationSupervisedLearning.pdf
    + saved  24_lec14.pdf
    + saved  25_lec15.pdf
    + saved  26_recitationSVM.pdf
    + saved  27_lec16.pdf
    + saved  28_recitationModelSelect.pdf
    + saved  29_lec17.pdf
    + saved  30_recitationMidTermRev.pdf
    + saved  31_recitationBayesNet.pdf
    + saved  32_lec18.pdf
    + saved  33_lec19.pdf
    + saved  34_recitationHmm.pdf
    + saved  35_lec20.pdf
    + saved  36_lec21.pdf
    + saved  37_lec22.pdf
    + saved  38_lec23.pdf
    -> saved: 34 new, 0 skip, 0 dup, 4 fail  (https://www.cs.cmu.edu/afs/cs/academic/class/10601-f10/lecture.html)
===== [630/646] =====

### PHY107 - Buffalo State University  (ratings=5.0)
    url: https://github.com/mosroormofizarman/PHY107-Physics-I
    [follow] no slides here; checking 11 sub-page(s)
    [found] 17 slide link(s) at reduction 0
    + saved  1_1D_motion.pdf
    + saved  2_Center_of_mass_and_Linear_momentum.pdf
    + saved  3_Potential_Energy_and_conservational_energy.pdf
    + saved  4_ProjectileMotion_Example1.pdf
    + saved  5_ProjectileMotion_Example2.pdf
    + saved  6_Rotation_Example01.pdf
    + saved  7_Rotation_Example02.pdf
    + saved  8_Rotation.pdf
    + saved  9_Work_and_Energy.pdf
    + saved  10_force_and_motion_1.pdf
    + saved  11_force_and_motion_1_Ex1.pdf
    + saved  12_force_and_motion_1_Ex2.pdf
    + saved  13_force_and_motion_1_Ex3.pdf
    + saved  14_force_and_motion_2.pdf
    + saved  15_measurement.pdf
    + saved  16_motion_in_2_3_D.pdf
    + saved  17_vector_scalar.pdf
    -> saved: 17 new, 0 skip, 0 dup, 0 fail  (https://github.com/mosroormofizarman/PHY107-Physics-I)
===== [631/646] =====

### PHY131 - Arizona State University  (ratings=29.0)
    url: http://qinglab.physics.asu.edu/LabNotes/doku.php?id=teaching:phy131:phy131_recordings
    [reduce 1] http://qinglab.physics.asu.edu/LabNotes/
    -> no slides found on any reduced URL
===== [632/646] =====

### PHY1409 - Baylor University  (ratings=5.0)
    url: https://sites.baylor.edu/jared_fier/phy-1409/
    [found] 14 slide link(s) at reduction 0
    + saved  1_Ch.-16.pptx
    + saved  2_Ch.-17.pptx
    + saved  3_Ch.-18.pptx
    + saved  4_Ch.-19.pptx
    + saved  5_Ch.-20.pptx
    + saved  6_Ch.-21.pptx
    + saved  7_Ch.-22.pptx
    + saved  8_Ch.-23-and-25.pptx
    + saved  9_Ch.-24.pptx
    + saved  10_Ch.-26.pptx
    + saved  11_Ch.-27.pptx
    + saved  12_Ch.-28.pptx
    + saved  13_Ch.-30.pptx
    + saved  14_Ch.-31.pptx
    -> saved: 14 new, 0 skip, 0 dup, 0 fail  (https://sites.baylor.edu/jared_fier/phy-1409/)
===== [633/646] =====

### PHYS131 - Binghamton University  (ratings=54.0)
    url: https://bingweb.binghamton.edu/~suzuki/GeneralPhysLN.html
    [found] 45 slide link(s) at reduction 0
    + saved  1_LN01v4.pdf
    + saved  2_LN02v5.pdf
    + saved  3_LN03v3.pdf
    + saved  4_LN04v6.pdf
    + saved  5_LN05v4.pdf
    + saved  6_LN06v4.pdf
    + saved  7_LN07v4.pdf
    + saved  8_LN08v4.pdf
    + saved  9_LN09v5.pdf
    + saved  10_LN10v5.pdf
    + saved  11_LN11v12.pdf
    + saved  12_LN12v6.pdf
    + saved  13_LN13v9.pdf
    + saved  14_LN14v9.pdf
    + saved  15_LN15v9.pdf
    + saved  16_LN16v7.pdf
    + saved  17_LN17v5.pdf
    + saved  18_LN18v9.pdf
    + saved  19_LN19v7.pdf
    + saved  20_LN20v10.pdf
    + saved  21_LN20Sv6.pdf
    + saved  22_LN21v4.pdf
    + saved  23_LN21Sv2.pdf
    + saved  24_LN22v4.pdf
    + saved  25_LN23v4.pdf
    + saved  26_LN24v5.pdf
    + saved  27_LN24Sv4.pdf
    + saved  28_LN25v7.pdf
    + saved  29_LN25Sv3.pdf
    + saved  30_LN26v6.pdf
    + saved  31_LN26Sv1.pdf
    + saved  32_LN27v7.pdf
    + saved  33_LN28v8.pdf
    + saved  34_LN28Sv1.pdf
    + saved  35_LN29v8.pdf
    + saved  36_LN29Sv3.pdf
    + saved  37_LN30v6.pdf
    + saved  38_LN31v6.pdf
    + saved  39_LN32v6.pdf
    + saved  40_LN33v10.pdf
    + saved  41_LN34v8.pdf
    + saved  42_LN35v7.pdf
    + saved  43_LN36v6.pdf
    + saved  44_LN37v5.pdf
    + saved  45_LN37Sv4.pdf
    -> saved: 45 new, 0 skip, 0 dup, 0 fail  (https://bingweb.binghamton.edu/~suzuki/GeneralPhysLN.html)
===== [634/646] =====

### PHYS1510 - Auburn University  (ratings=18.0)
    url: https://www.auburn.edu/cosam/departments/physics/intro-courses/ugrad-lab/physics1500/index%201510.htm
    [follow] no slides here; checking 1 sub-page(s)
    [reduce 1] https://www.auburn.edu/cosam/departments/physics/intro-courses/ugrad-lab/physics1500/
    [fetch] status=403
    [reduce 2] https://www.auburn.edu/cosam/departments/physics/intro-courses/ugrad-lab/
    [follow] no slides here; checking 2 sub-page(s)
    [reduce 3] https://www.auburn.edu/cosam/departments/physics/intro-courses/
    [follow] no slides here; checking 2 sub-page(s)
    [reduce 4] https://www.auburn.edu/cosam/departments/physics/
    [follow] no slides here; checking 14 sub-page(s)
    [reduce 5] https://www.auburn.edu/cosam/departments/
    [follow] no slides here; checking 2 sub-page(s)
    [reduce 6] https://www.auburn.edu/cosam/
    -> no slides found on any reduced URL
===== [635/646] =====

### PHYS1610 - Auburn University  (ratings=16.0)
    url: https://www.auburn.edu/cosam/departments/physics/intro-courses/ugrad-lab/physics1500/index%201610-1617.htm
    [follow] no slides here; checking 1 sub-page(s)
    [reduce 1] https://www.auburn.edu/cosam/departments/physics/intro-courses/ugrad-lab/physics1500/
    [fetch] status=403
    [reduce 2] https://www.auburn.edu/cosam/departments/physics/intro-courses/ugrad-lab/
    [follow] no slides here; checking 2 sub-page(s)
    [reduce 3] https://www.auburn.edu/cosam/departments/physics/intro-courses/
    [follow] no slides here; checking 2 sub-page(s)
    [reduce 4] https://www.auburn.edu/cosam/departments/physics/
    [follow] no slides here; checking 14 sub-page(s)
    [reduce 5] https://www.auburn.edu/cosam/departments/
    [follow] no slides here; checking 2 sub-page(s)
    [reduce 6] https://www.auburn.edu/cosam/
    -> no slides found on any reduced URL
===== [636/646] =====

### PY106 - Boston University  (ratings=12.0)
    url: http://buphy.bu.edu/py106/
    [follow] no slides here; checking 2 sub-page(s)
    -> no slides found on any reduced URL
===== [637/646] =====

### SC410 - Boston University  (ratings=15.0)
    url: https://sites.bu.edu/engcourses/ec410/
    [found] 9 slide link(s) at reduction 0
    + saved  1_Chapter-1.pdf
    + saved  2_Chapter-3.pdf
    + saved  3_Chapter-4.pdf
    + saved  4_Chapter-5.pdf
    + saved  5_Chapter-6.pdf
    + saved  6_Chapter-7.pdf
    + saved  7_Chapter-8.pdf
    + saved  8_Chapter-9.pdf
    + saved  9_Chapter-16.pdf
    -> saved: 9 new, 0 skip, 0 dup, 0 fail  (https://sites.bu.edu/engcourses/ec410/)
===== [638/646] =====

### SE240 - University of Waterloo  (ratings=5.0)
    url: https://student.cs.uwaterloo.ca/~cs240/f25/lectures.phtml
    [found] 12 slide link(s) at reduction 0
    + saved  1_module00.pdf
    + saved  2_module01.pdf
    + saved  3_module02.pdf
    + saved  4_module03.pdf
    + saved  5_module04.pdf
    + saved  6_module05.pdf
    + saved  7_module06.pdf
    + saved  8_module07.pdf
    + saved  9_module08.pdf
    + saved  10_module09.pdf
    + saved  11_module10.pdf
    + saved  12_module11.pdf
    -> saved: 12 new, 0 skip, 0 dup, 0 fail  (https://student.cs.uwaterloo.ca/~cs240/f25/lectures.phtml)
===== [639/646] =====

### SEG3101 - University of Ottawa  (ratings=7.0)
    url: https://www.site.uottawa.ca/~bochmann/SEG3101/Notes/index.html
    [found] 20 slide link(s) at reduction 0
    + saved  1_SEG3101-ch1-1_-_Basics_-_purpose_and_nature_of_requirements.ppt
    + saved  2_SEG3101-ch1-2_-_Basics_-_the_RE_process.ppt
    + saved  3_SEG3101-ch3-2_-_Requirements_documentation_standards_-_IEEE830.ppt
    + saved  4_SEG3101-ch3-3_-_WritingBetterRequirements.ppt
    + saved  5_SEG3101-ch2-1_-_Inception.ppt
    + saved  6_SEG3101-ch2-2_-_IntroductionToElicitation.ppt
    + saved  7_SEG3101-ch2-3_-_ElicitationTechniques.ppt
    + saved  8_SEG3101-ch3-1_-_Intro_to_Analysis_and_Specification.ppt
    + saved  9_SEG3101-ch3-4_-_Non-Functional_Requirements_-_Qualities.ppt
    + saved  10_SEG3101-ch3-5_-_Goal_modeling_-_GRL.ppt
    + saved  11_SEG3101-ch3-5-bis_-_URN_overview_and_tool.ppt
    + saved  12_SEG3101-ch3-6-a_-_Functional_Modeling_-_Requirement_patterns.ppt
    + saved  13_SEG3101-ch3-6-b_-_Structural_Modeling.ppt
    + saved  14_SEG3101-ch3-6-c_-_Behavioral_Modeling.ppt
    + saved  15_SEG3101-ch3-6-d_-_UCM.ppt
    + saved  16_SEG3101-ch2-4_-_Requirements_Triage_and_Negotiation.ppt
    + saved  17_SEG3101-ch4-1_-_Verification_and_Valildation.ppt
    + saved  18_SEG3101-ch5_-_Management.ppt
    + saved  19_DOORS-ChangeManagement.ppt
    + saved  20_SEG3101-ch6_-_RE_Processes.ppt
    -> saved: 20 new, 0 skip, 0 dup, 0 fail  (https://www.site.uottawa.ca/~bochmann/SEG3101/Notes/index.html)
===== [640/646] =====

### SENG474 - University of Victoria  (ratings=13.0)
    url: https://webhome.cs.uvic.ca/~thomo/seng474/index.html
    [found] 29 slide link(s) at reduction 0
    + saved  1_intro.ppt
    + saved  2_data.ppt
    ! fail   https://webhome.cs.uvic.ca/~thomo/seng474/decision_trees.ppt  (http 403)
    + saved  4_rules.ppt
    + saved  5_bayesI.ppt
    + saved  6_bayesII.ppt
    + saved  7_bayesIII.ppt
    + saved  8_eval1.ppt
    + saved  9_eval2.ppt
    + saved  10_roc.ppt
    + saved  11_precision-recall.ppt
    + saved  12_linear.ppt
    + saved  13_nn.ppt
    + saved  14_midreview.ppt
    + saved  15_association1.ppt
    + saved  16_association2.ppt
    + saved  17_association3.ppt
    + saved  18_association4.ppt
    + saved  19_association4b.ppt
    + saved  20_association5.ppt
    + saved  21_association6.ppt
    + saved  22_FPTreePractice.ppt
    + saved  23_association7.ppt
    + saved  24_clustering1.ppt
    + saved  25_som.ppt
    + saved  26_clustering2.ppt
    + saved  27_web.ppt
    + saved  28_review.ppt
    + saved  29_exercisesRev.ppt
    -> saved: 28 new, 0 skip, 0 dup, 1 fail  (https://webhome.cs.uvic.ca/~thomo/seng474/index.html)
===== [641/646] =====

### SFWR3BB4 - McMaster University  (ratings=5.0)
    url: https://github.com/gucci-ninja/Soft-Eng-Lecture-Notes
    [follow] no slides here; checking 9 sub-page(s)
    [reduce 1] https://github.com/gucci-ninja/
    [follow] no slides here; checking 9 sub-page(s)
    -> no slides found on any reduced URL
===== [642/646] =====

### STAT2000 - Baruch College  (ratings=17.0)
    url: https://github.com/VLC-05L/STAT2000_Slides
    [follow] no slides here; checking 40 sub-page(s)
    [reduce 1] https://github.com/VLC-05L/
    [follow] no slides here; checking 10 sub-page(s)
    -> no slides found on any reduced URL
===== [643/646] =====

### STAT3600 - Auburn University  (ratings=33.0)
    url: https://webhome.auburn.edu/~huanghu/stat3600/
    [found] 10 slide link(s) at reduction 0
    + saved  1_stat3600_ch1.pdf
    + saved  2_stat3600_ch2.pdf
    + saved  3_stat3600_ch3.pdf
    + saved  4_stat3600_ch4.pdf
    + saved  5_stat3600_ch5.pdf
    ! fail   https://webhome.auburn.edu/~huanghu/stat3600/ch1-test-answer.pdf  (http 404)
    ! fail   https://webhome.auburn.edu/~huanghu/stat3600/ch2-test-answer.pdf  (http 404)
    ! fail   https://webhome.auburn.edu/~huanghu/stat3600/ch3-test-answer.pdf  (http 404)
    ! fail   https://webhome.auburn.edu/~huanghu/stat3600/ch4-test-answer.pdf  (http 404)
    ! fail   https://webhome.auburn.edu/~huanghu/stat3600/ch5-test-answer.pdf  (http 404)
    -> saved: 5 new, 0 skip, 0 dup, 5 fail  (https://webhome.auburn.edu/~huanghu/stat3600/)
===== [644/646] =====

### STAT3610 - Auburn University  (ratings=6.0)
    url: https://webhome.auburn.edu/~carpedm/courses/stat3610b/CourseNotesPowerPoint/DevStat8e_02_04.ppt
    [found] 1 slide link(s) at reduction 0
    + saved  1_DevStat8e_02_04.ppt
    -> saved: 1 new, 0 skip, 0 dup, 0 fail  (https://webhome.auburn.edu/~carpedm/courses/stat3610b/CourseNotesPowerPoint/DevStat8e_02_04.ppt)
===== [645/646] =====

### STATS3400 - Brooklyn College  (ratings=7.0)
    url: https://github.com/CrumpLab/psyc3400
    [follow] no slides here; checking 13 sub-page(s)
    [reduce 1] https://github.com/CrumpLab/
    [follow] no slides here; checking 9 sub-page(s)
    -> no slides found on any reduced URL
===== [646/646] =====

### SWEN262 - Rochester Institute of Technology  (ratings=10.0)
    url: https://www.se.rit.edu/~swen-262/schedule/2255-2per.html
    [found] 1 slide link(s) at reduction 0
    + saved  1_Observer_Mini_Design_Presentation.pdf
    -> saved: 1 new, 0 skip, 0 dup, 0 fail  (https://www.se.rit.edu/~swen-262/schedule/2255-2per.html)

DONE. processed=646 skipped(existing)=0 total=646
