2810 CS courses (>= 4 ratings); 121 already labelled; 16 cached + 2673 live to do
[1/2689] 'CIS340 - Arizona State University': no usable link (cache)
[2/2689] 'CIS425 - Arizona State University': no usable link (cache)
[3/2689] 'CIS446 - Arizona State University': no usable link (cache)
[4/2689] 'CSE412 - Arizona State University': no usable link (cache)
[5/2689] 'CSE579 - Arizona State University': no usable link (cache)
[6/2689] 'CIS2000 - Baruch College': no usable link (cache)
[7/2689] 'CIS9001 - Baruch College': no usable link (cache)
[8/2689] 'CS105 - Binghamton University': no usable link (cache)
[9/2689] '1CP3 - McMaster University': no usable link (cache)
[10/2689] '1MD3 - McMaster University': no usable link (cache)
[11/2689] '1PR3 - McMaster University': no usable link (cache)
[12/2689] '1XD3 - McMaster University': no usable link (cache)
[13/2689] '2DA4 - McMaster University': no usable link (cache)
[14/2689] '2LC3 - McMaster University': no usable link (cache)
[15/2689] '2ME3 - McMaster University': no usable link (cache)
[16/2689] '3DB3 - McMaster University': no usable link (cache)
2810 CS courses (>= 4 ratings); 121 already labelled; 16 cached + 2673 live to do
[1/2689] 'CIS340 - Arizona State University': no usable link (cache)
[2/2689] 'CIS425 - Arizona State University': no usable link (cache)
[3/2689] 'CIS446 - Arizona State University': no usable link (cache)
[4/2689] 'CSE412 - Arizona State University': no usable link (cache)
[5/2689] 'CSE579 - Arizona State University': no usable link (cache)
[6/2689] 'CIS2000 - Baruch College': no usable link (cache)
[7/2689] 'CIS9001 - Baruch College': no usable link (cache)
[8/2689] 'CS105 - Binghamton University': no usable link (cache)
[9/2689] '1CP3 - McMaster University': no usable link (cache)
[10/2689] '1MD3 - McMaster University': no usable link (cache)
[11/2689] '1PR3 - McMaster University': no usable link (cache)
[12/2689] '1XD3 - McMaster University': no usable link (cache)
[13/2689] '2DA4 - McMaster University': no usable link (cache)
[14/2689] '2LC3 - McMaster University': no usable link (cache)
[15/2689] '2ME3 - McMaster University': no usable link (cache)
[16/2689] '3DB3 - McMaster University': no usable link (cache)
2810 CS courses (>= 4 ratings); 122 already labelled; 16 cached + 2672 live to do
[1/2688] 'CIS340 - Arizona State University': no usable link (cache)
[2/2688] 'CIS425 - Arizona State University': no usable link (cache)
[3/2688] 'CIS446 - Arizona State University': no usable link (cache)
[4/2688] 'CSE412 - Arizona State University': no usable link (cache)
[5/2688] 'CSE579 - Arizona State University': no usable link (cache)
[6/2688] 'CIS2000 - Baruch College': no usable link (cache)
[7/2688] 'CIS9001 - Baruch College': no usable link (cache)
[8/2688] 'CS105 - Binghamton University': no usable link (cache)
[9/2688] '1CP3 - McMaster University': no usable link (cache)
[10/2688] '1MD3 - McMaster University': no usable link (cache)
[11/2688] '1PR3 - McMaster University': no usable link (cache)
[12/2688] '1XD3 - McMaster University': no usable link (cache)
[13/2688] '2DA4 - McMaster University': no usable link (cache)
[14/2688] '2LC3 - McMaster University': no usable link (cache)
[15/2688] '2ME3 - McMaster University': no usable link (cache)
[16/2688] '3DB3 - McMaster University': no usable link (cache)
[17/2688] 'CIS235 - Arizona State University' (live): SAVED top 1 -> https://degrees.apps.asu.edu/checksheet/2026/CBA/BACISBS/null/fetchpdf
[18/2688] 'CIS236 - Arizona State University' (live): SAVED top 2 -> https://provost.asu.edu/sites/g/files/litvpz671/files/gsc/1691/cis_236_cs_mandatory_review.pdf + https://news.wpcarey.asu.edu/20100608-cis-236-challenging-crash-course-reality
[19/2688] 'CSE120 - Arizona State University' (live): SAVED top 2 -> https://cseweb.ucsd.edu/classes/fa21/cse120-a/lectures/lec1.pdf + https://bmoraffa.github.io/EEE_CSE120_Fall2020.html
[20/2688] 'CSE230 - Arizona State University' (live): SAVED top 2 -> https://scai.engineering.asu.edu/wp-content/uploads/sites/31/2020/05/CSE230-SyllabusAndSchedule-1.pdf + https://scai.engineering.asu.edu/wp-content/uploads/sites/31/2025/03/CSE-230-Syllabus-SP25.pdf
[21/2688] 'CSE430 - Arizona State University' (live): SAVED top 2 -> https://cen.engineering.asu.edu/wp-content/uploads/sites/23/2023/06/2013-2014-MS.pdf + https://degrees.apps.asu.edu/checksheet/2026/CES/ESCSESBS/null
[22/2688] 'CSE563 - Arizona State University' (live): SAVED top 1 -> https://instruction.thecollege.asu.edu/video-lecture-resources
[23/2688] 'CSE564 - Arizona State University' (live): SAVED top 1 -> https://instruction.thecollege.asu.edu/video-lecture-resources
[24/2688] 'EEE120 - Arizona State University' (live): SAVED top 2 -> https://instruction.thecollege.asu.edu/video-lecture-resources + https://github.com/msp430launchpad/EEE120
[25/2688] 'EEE591 - Arizona State University' (live): SAVED top 2 -> https://ecee.engineering.asu.edu/wp-content/uploads/sites/40/2019/05/EEE-498-591-Introduction-to-Python-for-Rapid-Engineering-Solutions.pdf + https://ecee.engineering.asu.edu/students/graduate/course-prerequisites-and-topics/
[26/2688] 'COMP5630 - Auburn University' (live): SAVED top 2 -> https://bonsai.auburn.edu/dtauritz/courses/ec/intro/2020fall/ + https://github.com/wumphlett/COMP-5630
[27/2688] 'OIM3690 - Babson College' (live): SAVED top 1 -> https://edinburgh-global.ed.ac.uk/sites/default/files/2024-09/2024-2025%20Babson%20College%20Fact%20Sheet.pdf
[28/2688] 'CIS9660 - Baruch College' (live): SAVED top 2 -> https://www.baruch.cuny.edu/courseinfo/detail/CIS9660 + https://zicklin.baruch.cuny.edu/current/graduate-advisement-hub/academic-programs-curriculum/ms-programs/ms-business-analytics/ms-business-analytics-course-recommendations/
[29/2688] 'CS311 - Binghamton University' (live): SAVED top 1 -> http://ryanlb.github.io/CS311/lectures/
[30/2688] 'GIMM110 - Boise State University' (live): SAVED top 2 -> https://www.boisestate.edu/gimm/student-information/ + https://www.boisestate.edu/registrar-catalog/
[31/2688] 'CS2010 - Bowling Green State University' (live): SAVED top 2 -> https://www.bgsu.edu/arts-and-sciences/computer-science/model-course-syllabi/cs2010.html + https://www.bgsu.edu/arts-and-sciences/computer-science/model-course-syllabi.html
[32/2688] 'CS2190 - Bowling Green State University' (live): SAVED top 2 -> https://www.bgsu.edu/arts-and-sciences/computer-science/model-course-syllabi/cs2190.html + https://www.bgsu.edu/arts-and-sciences/computer-science/model-course-syllabi.html
[33/2688] 'CS2310 - Bowling Green State University' (live): SAVED top 2 -> https://www.bgsu.edu/arts-and-sciences/computer-science/model-course-syllabi/cs2310.html + https://www.bgsu.edu/arts-and-sciences/computer-science/model-course-syllabi.html
[34/2688] 'CS2900 - Bowling Green State University' (live): SAVED top 2 -> https://www.bgsu.edu/arts-and-sciences/computer-science/model-course-syllabi/cs2900.html + https://www.bgsu.edu/arts-and-sciences/computer-science/model-course-syllabi.html
[35/2688] 'CS3060 - Bowling Green State University' (live): SAVED top 2 -> https://www.bgsu.edu/arts-and-sciences/computer-science/model-course-syllabi/cs3060.html + https://www.bgsu.edu/arts-and-sciences/computer-science/model-course-syllabi.html
[36/2688] 'CS3350 - Bowling Green State University' (live): SAVED top 2 -> https://www.bgsu.edu/arts-and-sciences/computer-science/model-course-syllabi/cs3350.html + https://www.bgsu.edu/arts-and-sciences/computer-science/model-course-syllabi.html
[37/2688] 'CS4120 - Bowling Green State University' (live): SAVED top 2 -> https://www.cs.cornell.edu/courses/cs4120/2022sp/ + https://www.bgsu.edu/arts-and-sciences/computer-science/model-course-syllabi/cs4120.html
[38/2688] 'COMP1B - Brandeis University' (live): SAVED top 2 -> https://www.brandeis.edu/registrar/schedule/search + https://www.brandeis.edu/registrar/registration/schedule.html
[39/2688] 'COS10A - Brandeis University' (live): SAVED top 2 -> https://www.brandeis.edu/registrar/schedule/search + https://www.brandeis.edu/registrar/registration/schedule.html
[40/2688] 'COS12B - Brandeis University' (live): SAVED top 2 -> https://www.brandeis.edu/registrar/schedule/search + https://www.brandeis.edu/registrar/registration/schedule.html
[41/2688] 'COS21A - Brandeis University' (live): SAVED top 2 -> https://www.brandeis.edu/registrar/registration/schedule.html + https://www.brandeis.edu/registrar/schedule/search
[42/2688] 'COSI10A - Brandeis University' (live): SAVED top 2 -> https://www.brandeis.edu/summer/courses/syllabi/2024/cosi10a.pdf + https://www.brandeis.edu/registrar/bulletin/provisional/includes/subjects/1400.html
[43/2688] 'COSI114A - Brandeis University' (live): SAVED top 2 -> https://scholarworks.brandeis.edu/esploro/activity/teaching/COSI-114A-1---Fundamentals-of-Natural/26257600310001921?institution=01BRAND_INST + https://scholarworks.brandeis.edu/esploro/activity/teaching/COSI-114A-1---Fundamentals-of-Natural/26235204750001921?institution=01BRAND_INST
[44/2688] 'COSI11A - Brandeis University' (live): SAVED top 2 -> https://www.brandeis.edu/registrar/schedule/search + https://www.brandeis.edu/registrar/registration/schedule.html
[45/2688] 'COSI12B - Brandeis University' (live): SAVED top 2 -> https://scholarworks.brandeis.edu/esploro/activity/teaching/COSI-12B-1---Advanced-Programming-Techniques/26235391200001921 + https://slate.brandeis.edu/portal/course_offerings?cmd=details&guid=5dfc4ff6-bca8-4275-8429-5289db8f2289
[46/2688] 'COSI131A - Brandeis University' (live): SAVED top 2 -> https://scholarworks.brandeis.edu/esploro/activity/teaching/COSI-131A-1---Fundamentals-of-Computer/29617087630001921 + https://www.cs.brandeis.edu/~cs131a/
[47/2688] 'COSI21A - Brandeis University' (live): SAVED top 2 -> https://slate.brandeis.edu/portal/course_offerings?cmd=details&guid=6c2b9840-d161-40e1-b16e-d20abe7b57b3 + https://www.brandeis.edu/computer-science/undergraduate/courses.html
[48/2688] 'CC312 - Brooklyn College' (live): SAVED top 2 -> http://www.sci.brooklyn.cuny.edu/~ziegler/CC3_12/REQUIREM_CC3_12_Online.pdf + https://www.brooklyn.edu/advisement/pathways/2024-2025/
[49/2688] 'CIS10 - Brooklyn College' (live): SAVED top 2 -> http://www.cs.cmu.edu/~yuqingt/teachings/cis10/cis10.html + https://static.brooklyn.edu/web/aca_naturalsciences_cis/CISC1001.pdf
[50/2688] 'CIS1031 - Brooklyn College' (live): SAVED top 2 -> https://www.brooklyn.edu/cis/undergraduate/ + https://websql.brooklyn.cuny.edu/courses/acad/courses_list.jsp?div=U&disc=CISC.
[51/2688] 'CIS11 - Brooklyn College' (live): SAVED top 2 -> https://websql.brooklyn.cuny.edu/courses/acad/courses_list.jsp?div=U&disc=CISC. + https://www.brooklyn.edu/cis/undergraduate/
[52/2688] 'CIS1115 - Brooklyn College' (live): SAVED top 2 -> https://huichen-cs.github.io/course/CISC1115/24SP/syllabus/ + https://websql.brooklyn.cuny.edu/courses/ShowCourse.do?redirect=%2Facad%2Fcourse_info.jsp&dsc=CISC.&crs_num=1115&div=U
[53/2688] 'CIS15 - Brooklyn College' (live): SAVED top 2 -> https://www.sci.brooklyn.cuny.edu/~sklar/teaching/f07/cis15/notes/lecI.1-notes.pdf + https://huichen-cs.github.io/course/CISC3115/24SP/syllabus/
[54/2688] 'CIS2210 - Brooklyn College' (live): SAVED top 2 -> http://www.sci.brooklyn.cuny.edu/~ziegler/CISC2210/CISC2210.html + https://static.brooklyn.edu/web/aca_naturalsciences_cis/CISC2210.pdf
[55/2688] 'CIS23 - Brooklyn College' (live): SAVED top 2 -> http://www.sci.brooklyn.cuny.edu/~ziegler/Cis5_2/cis5_2.html + https://static.brooklyn.edu/web/aca_naturalsciences_cis/Advice_to_Undergrads_Cpp.pdf
[56/2688] 'CIS24 - Brooklyn College' (live): SAVED top 2 -> https://www.brooklyn.edu/cis/graduate/ + https://websql.brooklyn.cuny.edu/courses/ShowCourse.do?redirect=%2Facad%2Fcourse_info.jsp&1=1&dsc=CISC.&crs_num=7124X&div=G
[57/2688] 'CIS26 - Brooklyn College' (live): SAVED top 2 -> https://www.brooklyn.edu/advisement/pathways/2025-26/ + https://www.brooklyn.edu/wp-content/uploads/2025/10/CIS-registration-advice-winter-spring-26.pdf
[58/2688] 'CIS31 - Brooklyn College' (live): SAVED top 2 -> https://www.brooklyn.edu/cis/graduate/ + https://websql.brooklyn.cuny.edu/courses/acad/courses_list.jsp?div=U&disc=CISC.
[59/2688] 'CIS52 - Brooklyn College' (live): SAVED top 2 -> http://eilat.sci.brooklyn.cuny.edu/cis52/ + https://www.brooklyn.edu/cis/
[60/2688] 'CIS7500 - Brooklyn College' (live): SAVED top 2 -> https://websql.brooklyn.cuny.edu/courses/ShowCourse.do?redirect=%2Facad%2Fcourse_info.jsp&dsc=CISC.&crs_num=7500&div=U + https://www.brooklyn.edu/cis/graduate/
[61/2688] 'CISC1050 - Brooklyn College' (live): SAVED top 2 -> http://www.sci.brooklyn.cuny.edu/~dzhu/cisc1050/ + https://libguides.brooklyn.cuny.edu/cisc1050-briskman
[62/2688] 'CISC1110 - Brooklyn College' (live): SAVED top 2 -> http://www.sci.brooklyn.cuny.edu/~ziegler/CISC1110/CISC1110.html + https://static.brooklyn.edu/web/aca_naturalsciences_cis/CISC1110.pdf
[63/2688] 'CISC1115 - Brooklyn College' (live): SAVED top 2 -> http://www.sci.brooklyn.cuny.edu/cisc1115/ + https://huichen-cs.github.io/course/CISC1115/24SP/syllabus/
[64/2688] 'CISC1600 - Brooklyn College' (live): SAVED top 2 -> http://www.sci.brooklyn.cuny.edu/~meyer/CISC1600/ + https://static.brooklyn.edu/web/aca_naturalsciences_cis/CISC1600.pdf
[65/2688] 'CISC2210 - Brooklyn College' (live): SAVED top 2 -> https://www.sci.brooklyn.cuny.edu/~briskman/cisc/2210/lecture_notes/topic_07/01.html + https://static.brooklyn.edu/web/aca_naturalsciences_cis/CISC2210.pdf
[66/2688] 'CISC3110 - Brooklyn College' (live): SAVED top 2 -> https://static.brooklyn.edu/web/aca_naturalsciences_cis/CISC3110.pdf + https://websql.brooklyn.cuny.edu/courses/ShowCourse.do?redirect=%2Facad%2Fcourse_info.jsp&dsc=CISC.&crs_num=3110&div=U
[67/2688] 'CISC3115 - Brooklyn College' (live): SAVED top 2 -> http://www.sci.brooklyn.cuny.edu/~ziegler/CISC3115/CISC3115.html + https://static.brooklyn.edu/web/aca_naturalsciences_cis/A-IV_CISC_3115_Introduction_to_Modern_Programming_Techniques.pdf
[68/2688] 'CISC3130 - Brooklyn College' (live): SAVED top 2 -> https://libguides.brooklyn.cuny.edu/cisc3130/schedule + https://libguides.brooklyn.cuny.edu/cisc3130
[69/2688] 'CISC3140 - Brooklyn College' (live): SAVED top 2 -> https://static.brooklyn.edu/web/aca_naturalsciences_cis/CISC3140.pdf + https://websql.brooklyn.cuny.edu/courses/ShowCourse.do?redirect=%2Facad%2Fcourse_info.jsp&dsc=CISC.&crs_num=3140&div=U
[70/2688] 'CISC3142 - Brooklyn College' (live): SAVED top 2 -> https://www.sci.brooklyn.cuny.edu/~levitan/cisc3142/index.php?q=syllabus + https://static.brooklyn.edu/web/aca_naturalsciences_cis/CISC3142.pdf
[71/2688] 'CISC3150 - Brooklyn College' (live): SAVED top 2 -> https://websql.brooklyn.cuny.edu/courses/ShowCourse.do?dsc=CISC.&crs_num=3150&div=U + https://static.brooklyn.edu/web/aca_naturalsciences_cis/Prerequisite_Diagram_IS_Java.pdf
[72/2688] 'CISC3160 - Brooklyn College' (live): SAVED top 2 -> https://static.brooklyn.edu/web/aca_naturalsciences_cis/CISC3160.pdf + http://www.sci.brooklyn.cuny.edu/~zhou/teaching/cis3160/index.html
[73/2688] 'CISC3171 - Brooklyn College' (live): SAVED top 2 -> https://static.brooklyn.edu/web/aca_naturalsciences_cis/CISC3171.pdf + https://huichen-cs.github.io/course/CISC3171/23SP/syllabus/
[74/2688] 'CISC3410 - Brooklyn College' (live): SAVED top 2 -> https://static.brooklyn.edu/web/aca_naturalsciences_cis/CISC3410.pdf + https://www.sci.brooklyn.cuny.edu/~levitan/ai/
[75/2688] 'CORC1312 - Brooklyn College' (live): SAVED top 2 -> http://www.sci.brooklyn.cuny.edu/~ziegler/CORC1312/CORC1312_F11.html + https://www.brooklyn.edu/advisement/pathways/2013-2017/
[76/2688] 'CORE312 - Brooklyn College' (live): SAVED top 2 -> https://www.brooklyn.cuny.edu/web/off_budget/Brooklyn_College_Knowledge_Slides.pdf + http://www.brooklyn.cuny.edu/courses/ShowCourse.do?redirect=/acad/course_info.jsp&amp;dsc=CORC.&amp;crs_num=1210&amp;div=U
[77/2688] 'CORE5 - Brooklyn College' (live): SAVED top 2 -> https://www.brooklyn.edu/ctl/general-pedagogical-resources/course-design/ + http://www.brooklyn.cuny.edu/bc/faculty/ccfreport04.pdf
[78/2688] 'CORE51 - Brooklyn College' (live): SAVED top 2 -> https://www.brooklyn.edu/advisement/pathways/2024-2025/ + https://www.brooklyn.edu/
[79/2688] 'CORE52 - Brooklyn College' (live): SAVED top 2 -> https://www.brooklyn.edu/advisement/pathways/2025-26/ + https://websql.brooklyn.cuny.edu/courses/ShowCourse.do?redirect=%2Facad%2Fcourse_info.jsp&dsc=CASD.&crs_num=1110&div=U
[80/2688] 'CS0015 - Brown University' (live): SAVED top 2 -> https://brown-cs1570.pages.dev/ + https://cs.brown.edu/courses/course-slides/
[81/2688] 'CS0170 - Brown University' (live): SAVED top 2 -> https://cs.brown.edu/courses/cs017/content/slides/01welcome-slides.pdf + https://cs.brown.edu/courses/course-slides/
[82/2688] 'CS141 - Brown University' (live): SAVED top 2 -> https://cs.brown.edu/courses/course-slides/ + https://www.cs.ucr.edu/~yihans/teaching/141/f20/141F20/index.html
[83/2688] 'CS17 - Brown University' (live): SAVED top 2 -> https://cs.brown.edu/courses/cs017/content/lectures/01welcome-racket.pdf + https://cs17-fall2025.github.io/
[84/2688] 'CSCI204 - Bucknell University' (live): SAVED top 2 -> https://csci.courses.bucknell.edu/204/fall-2023-csci-204-data-structures-algorithms/ + https://csci.courses.bucknell.edu/204/data-structures-s23/
[85/2688] 'CSCI315 - Bucknell University' (live): SAVED top 2 -> https://csci31501fa2025.courses.bucknell.edu/ + https://csci31501fa2025.courses.bucknell.edu/syllabus/
[86/2688] 'CIS151 - Buffalo State University' (live): SAVED top 2 -> https://bsuacad.buffalostate.edu/~gerlanjr/cis/151/ + https://cis.buffalostate.edu/sites/cis/files/documents/cis_roadmap.pdf
[87/2688] 'CIS251 - Buffalo State University' (live): SAVED top 2 -> https://cis.buffalostate.edu/sites/cis/files/documents/cis_roadmap.pdf + https://suny.buffalostate.edu/programs/bpid/209
[88/2688] 'CIS315 - Buffalo State University' (live): SAVED top 2 -> https://cis.buffalostate.edu/sites/cis/files/documents/cis_roadmap.pdf + https://suny.buffalostate.edu/programs/bpid/53
[89/2688] 'CIS375 - Buffalo State University' (live): SAVED top 2 -> https://bsuacad.buffalostate.edu/~gerlanjr/cis/375/ + https://cis.buffalostate.edu/sites/cis/files/documents/cis_roadmap.pdf
[90/2688] 'CIS400 - Buffalo State University' (live): SAVED top 2 -> https://bsuacad.buffalostate.edu/~gerlanjr/cis/400/ + https://digitalcommons.buffalostate.edu/curprop/1119/
[91/2688] 'CIS410 - Buffalo State University' (live): SAVED top 2 -> https://cis.buffalostate.edu/sites/cis/files/documents/cis_roadmap.pdf + https://suny.buffalostate.edu/programs/bpid/53
[92/2688] 'CIS411 - Buffalo State University' (live): SAVED top 2 -> https://bsuacad.buffalostate.edu/~gerlanjr/cis/411/ + https://cis.buffalostate.edu/sites/cis/files/documents/cis_roadmap.pdf
[93/2688] 'CIS411W - Buffalo State University' (live): SAVED top 2 -> https://registrar.buffalostate.edu/course-offerings + https://cis.buffalostate.edu/sites/cis/files/documents/cis_roadmap.pdf
[94/2688] 'CPE123 - California Polytechnic State University' (live): SAVED top 2 -> https://www.lapc.edu/sites/lapc.edu/files/2022-08/cal-poly-slo-21-22.pdf + http://users.csc.calpoly.edu/~zwood/teaching/csc123/material/123syllabus11.pdf
[95/2688] 'CS2250 - California Polytechnic State University' (live): SAVED top 2 -> https://icarus.cs.weber.edu/syllabus/Spring_2018/Spr_18_CS2250_Valle.pdf + https://www.sdmesa.edu/about-mesa/articulation/_assets/documents/curriculums/csu/19-20/CAL%20POLY%20San%20Louis%20Obisbo%202019%20%202020%20%20SUMMARY%20OF%20CURRICULAR%20CHANGES.pdf
[96/2688] 'CSC141 - California Polytechnic State University' (live): SAVED top 2 -> https://www.lapc.edu/sites/lapc.edu/files/2022-08/cal-poly-slo-21-22.pdf + https://csc.calpoly.edu/expanded-course-outlines/
[97/2688] 'CIS1010 - California State Polytechnic University, Pomona' (live): SAVED top 2 -> https://libguides.library.cpp.edu/cis1010 + https://www.cpp.edu/faculty/ghcarlton/courses.shtml
[98/2688] 'CIS3100 - California State Polytechnic University, Pomona' (live): SAVED top 1 -> https://www.cpp.edu/
[99/2688] 'CIS3650 - California State Polytechnic University, Pomona' (live): SAVED top 1 -> https://www.cpp.edu/
[100/2688] 'CIS4333 - California State Polytechnic University, Pomona' (live): SAVED top 2 -> https://libguides.library.cpp.edu/cis4333 + https://libguides.library.cpp.edu/subject/cis
[101/2688] 'CS2400 - California State Polytechnic University, Pomona' (live): SAVED top 1 -> https://www.cpp.edu/
[102/2688] 'CS3110 - California State Polytechnic University, Pomona': no usable link (live)
[103/2688] 'ECE1101 - California State Polytechnic University, Pomona' (live): SAVED top 1 -> https://reserves.calstate.edu/pomona/course/5051249790002915
[104/2688] 'ECE1101L - California State Polytechnic University, Pomona': no usable link (live)
[105/2688] 'ECE1310 - California State Polytechnic University, Pomona': no usable link (live)
[106/2688] 'ECE2300L - California State Polytechnic University, Pomona': no usable link (live)
[107/2688] 'ECE3101 - California State Polytechnic University, Pomona': no usable link (live)
[108/2688] 'ECE3200 - California State Polytechnic University, Pomona': no usable link (live)
[109/2688] 'ECE3300 - California State Polytechnic University, Pomona': no usable link (live)
[110/2688] 'ECE3301L - California State Polytechnic University, Pomona': no usable link (live)
[111/2688] 'ECE3709L - California State Polytechnic University, Pomona': no usable link (live)
[112/2688] 'ECE3715 - California State Polytechnic University, Pomona': no usable link (live)
[113/2688] 'ECE4305 - California State Polytechnic University, Pomona': no usable link (live)
[114/2688] 'GBA6050 - California State Polytechnic University, Pomona': no usable link (live)
[115/2688] 'CINS220 - California State University, Chico': no usable link (live)
[116/2688] 'CINS370 - California State University, Chico': no usable link (live)
[117/2688] 'CINS448 - California State University, Chico': no usable link (live)
[118/2688] 'CINS465 - California State University, Chico': no usable link (live)
[119/2688] 'CINS548 - California State University, Chico': no usable link (live)
[120/2688] 'CSCI112 - California State University, Chico': no usable link (live)
[121/2688] 'CSCI152 - California State University, Chico': no usable link (live)
[122/2688] 'CSCI15B - California State University, Chico': no usable link (live)
[123/2688] 'CSCI278 - California State University, Chico': no usable link (live)
[124/2688] 'CSCI346 - California State University, Chico': no usable link (live)
[125/2688] 'CSCI446 - California State University, Chico': no usable link (live)
[126/2688] 'CSCI515 - California State University, Chico': no usable link (live)
[127/2688] 'CECS100 - California State University, Long Beach': no usable link (live)
[128/2688] 'CECS174 - California State University, Long Beach': no usable link (live)
[129/2688] 'CECS225 - California State University, Long Beach': no usable link (live)
[130/2688] 'CECS228 - California State University, Long Beach': no usable link (live)
[131/2688] 'CECS229 - California State University, Long Beach': no usable link (live)
[132/2688] 'CECS274 - California State University, Long Beach': no usable link (live)
[133/2688] 'CECS277 - California State University, Long Beach': no usable link (live)
[134/2688] 'CECS326 - California State University, Long Beach': no usable link (live)
[135/2688] 'CECS327 - California State University, Long Beach' (live): SAVED top 2 -> https://www.csulb.edu/student-records/schedule-of-classes + https://www.csulb.edu/academic-affairs/curriculum
[136/2688] 'CECS328 - California State University, Long Beach': no usable link (live)
[137/2688] 'CECS329 - California State University, Long Beach': no usable link (live)
[138/2688] 'CECS343 - California State University, Long Beach': no usable link (live)
[139/2688] 'CECS378 - California State University, Long Beach': no usable link (live)
[140/2688] 'CECS491 - California State University, Long Beach': no usable link (live)
[141/2688] 'CECS574 - California State University, Long Beach': no usable link (live)
[142/2688] 'CIS283 - California State University, Los Angeles': no usable link (live)
[143/2688] 'CIS2830 - California State University, Los Angeles': no usable link (live)
[144/2688] 'CIS3060 - California State University, Los Angeles': no usable link (live)
[145/2688] 'CIS3610 - California State University, Los Angeles': no usable link (live)
[146/2688] 'CIS4100 - California State University, Los Angeles': no usable link (live)
[147/2688] 'CIS4510 - California State University, Los Angeles': no usable link (live)
[148/2688] 'CIS454 - California State University, Los Angeles': no usable link (live)
[149/2688] 'CIS4540 - California State University, Los Angeles': no usable link (live)
[150/2688] 'CIS4580 - California State University, Los Angeles': no usable link (live)
[151/2688] 'CIS484 - California State University, Los Angeles': no usable link (live)
[152/2688] 'CS2148 - California State University, Los Angeles': no usable link (live)
[153/2688] 'CS3337 - California State University, Los Angeles': no usable link (live)
[154/2688] 'CS440 - California State University, Los Angeles': no usable link (live)
[155/2688] 'EE3445 - California State University, Los Angeles': no usable link (live)
[156/2688] 'CSCI115 - California State University, Northridge' (live): SAVED top 2 -> https://www.csun.edu/engineering-computer-science/cs-it-courses/ + https://reserves.calstate.edu/northridge/
[157/2688] 'CSCI117 - California State University, Northridge' (live): SAVED top 2 -> https://www.csun.edu/current-students/class-search + https://ocs.calstate.edu/quarry/exemplars?sort=0&page=1&pageSize=500&mt=0&obs=0&obss=0&inst=223
[158/2688] 'CSCI126 - California State University, Northridge' (live): SAVED top 2 -> https://www.csun.edu/current-students/class-search + https://ocs.calstate.edu/quarry/exemplars?sort=0&page=1&pageSize=500&mt=0&obs=0&obss=0&inst=223
[159/2688] 'CSCI130 - California State University, Northridge' (live): SAVED top 2 -> https://www.csun.edu/engineering-computer-science/cs-it-courses/ + https://www.elac.edu/academics/aos/computer-science
[160/2688] 'CSCI144 - California State University, Northridge' (live): SAVED top 2 -> https://www.csun.edu/current-students/class-search + https://ocs.calstate.edu/quarry/exemplars?sort=0&page=1&pageSize=500&mt=0&obs=0&obss=0&inst=223
[161/2688] 'CSCI156 - California State University, Northridge' (live): SAVED top 2 -> https://online.randolphcollege.edu/wp-content/uploads/sites/102/2021/02/CSCI_156_syllabus.pdf + https://www.csun.edu/engineering-computer-science/cs-it-courses/
[162/2688] 'CSCI164 - California State University, Northridge' (live): SAVED top 2 -> https://www.csun.edu/current-students/class-search + https://reserves.calstate.edu/northridge/
[163/2688] 'CSCI191T - California State University, Northridge' (live): SAVED top 2 -> https://www.csun.edu/engineering-computer-science/cs-it-courses/ + https://reserves.calstate.edu/northridge/
[164/2688] 'CSCI40 - California State University, Northridge' (live): SAVED top 2 -> https://www.csun.edu/engineering-computer-science/cs-it-courses/ + https://catalogs.nmsu.edu/nmsu/course-listings/csci/csci.pdf
[165/2688] 'CSCI41 - California State University, Northridge' (live): SAVED top 2 -> https://www.csun.edu/current-students/class-search + https://ocs.calstate.edu/quarry/exemplars?sort=0&page=1&pageSize=500&mt=0&obs=0&obss=0&inst=223
[166/2688] 'CSC10 - California State University, Sacramento' (live): SAVED top 2 -> https://athena.ecs.csus.edu/~mei/10/CSC10.htm + https://www.csus.edu/class-schedule/spring2021/csc
[167/2688] 'CSC130 - California State University, Sacramento' (live): SAVED top 2 -> https://www.csus.edu/class-schedule/fall-2024/csc + https://github.com/ahmedtaha100/CSUS-B.S.-C.S.
[168/2688] 'CSC134 - California State University, Sacramento' (live): SAVED top 2 -> https://blogs.dsu.edu/wp-content/uploads/sites/18/2020/08/CSC-134-Intro-to-Cyber-Operations.pdf + https://zedchance.github.io/notes/134-6.pdf
[169/2688] 'CSC135 - California State University, Sacramento' (live): SAVED top 2 -> https://github.com/d0n601/CSUS-CSC135 + https://www.csus.edu/class-schedule/fall-2024/csc
[170/2688] 'CSC138 - California State University, Sacramento' (live): SAVED top 2 -> https://www.csus.edu/class-schedule/spring2021/csc + https://github.com/d0n601/CSUS-CSC138
[171/2688] 'CSC139 - California State University, Sacramento' (live): SAVED top 2 -> https://athena.ecs.csus.edu/~zhangd/csc139/csc139.htm + https://www.csus.edu/class-schedule/fall-2024/csc
[172/2688] 'CSC153 - California State University, Sacramento' (live): SAVED top 2 -> https://www.csus.edu/class-schedule/spring2021/csc + https://www.csus.edu/class-schedule/fall-2024/csc
[173/2688] 'CSC20 - California State University, Sacramento' (live): SAVED top 2 -> https://www.csus.edu/class-schedule/spring2021/csc + https://www.csus.edu/class-schedule/fall-2024/csc
[174/2688] 'CSC258 - California State University, Sacramento' (live): SAVED top 2 -> https://github.com/ICPRplshelp/UofT-Notes/blob/main/CSC258.pdf + https://www.csus.edu/class-schedule/spring2021/csc
[175/2688] 'CSC28 - California State University, Sacramento' (live): SAVED top 2 -> https://www.csus.edu/class-schedule/spring2021/csc + https://www.csus.edu/class-schedule/fall-2024/csc
[176/2688] 'CSC60 - California State University, Sacramento' (live): SAVED top 2 -> https://www.csus.edu/class-schedule/spring2021/csc + https://ocs.calstate.edu/quarry/exemplars?sort=2&page=1&pageSize=5&mt=0&inst=225&obs=0&obss=0
[177/2688] 'MIS101 - California State University, Sacramento' (live): SAVED top 1 -> https://www.csus.edu/class-schedule/fall-2024/mis
[178/2688] 'CS208 - Carleton College' (live): SAVED top 2 -> https://www.cs.carleton.edu/faculty/jondich/courses/cs208_w22/assignments/02-lab-vscode.html + https://www.carleton.edu/computer-science/courses/
[179/2688] 'CS254 - Carleton College' (live): SAVED top 2 -> https://mathcs.bethel.edu/yang/teaching/carleton/cs254.17f/syllabus.pdf + https://serc.carleton.edu/NAGTWorkshops/structure/presentations.html
[180/2688] 'COM2402 - Carleton University' (live): SAVED top 2 -> https://www.carleton.edu/computer-science/courses/ + https://www.carleton.edu/asc/syllabusstatements/
[181/2688] 'COMP1001 - Carleton University' (live): SAVED top 2 -> https://carletoncomputersciencesociety.github.io/slides/courseRegistration.pdf + https://www.carleton.edu/computer-science/courses/
[182/2688] 'COMP1005 - Carleton University' (live): SAVED top 1 -> https://www.carleton.edu/computer-science/courses/
[183/2688] 'COMP1405 - Carleton University' (live): SAVED top 1 -> https://www.carleton.edu/computer-science/courses/
[184/2688] 'COMP1406 - Carleton University' (live): SAVED top 1 -> https://www.carleton.edu/computer-science/courses/
[185/2688] 'COMP1501 - Carleton University' (live): SAVED top 2 -> https://www.carleton.edu/computer-science/courses/ + https://www.carleton.edu/computer-science/major/progress/
[186/2688] 'COMP1805 - Carleton University': no usable link (live)
[187/2688] 'COMP1805A - Carleton University' (live): SAVED top 2 -> https://julianmendoza.github.io/Portfolio/assets/Course%20Outlines/COMP1805.pdf + https://serc.carleton.edu/details/files/5947.html
[188/2688] 'COMP2401 - Carleton University' (live): SAVED top 2 -> https://github.com/jonniesweb/comp2401 + https://www.carleton.edu/computer-science/courses/
[189/2688] 'COMP2402 - Carleton University' (live): SAVED top 1 -> https://github.com/riconaranjo/COMP-2402
[190/2688] 'COMP2406 - Carleton University' (live): SAVED top 1 -> https://www.carleton.edu/computer-science/courses/
[191/2688] 'COMP2801 - Carleton University' (live): SAVED top 2 -> https://www.carleton.edu/computer-science/courses/ + https://www.carleton.edu/computer-science/major/progress/
[192/2688] 'COMP2804 - Carleton University': no usable link (live)
[193/2688] 'COMP3000 - Carleton University' (live): SAVED top 2 -> https://github.com/owencraston/COMP3000 + https://www.carleton.edu/computer-science/courses/
[194/2688] 'COMP3004 - Carleton University' (live): SAVED top 2 -> https://github.com/riconaranjo/COMP-3004-Notes/blob/master/Sections/Section%203.md + https://www.carleton.edu/computer-science/courses/
[195/2688] 'COMP3005 - Carleton University' (live): SAVED top 1 -> https://www.carleton.edu/computer-science/courses/
[196/2688] 'COMP3007 - Carleton University' (live): SAVED top 1 -> https://www.carleton.edu/computer-science/courses/
[197/2688] 'COMP3106 - Carleton University' (live): SAVED top 1 -> https://www.carleton.edu/computer-science/courses/
[198/2688] 'COMP4004 - Carleton University' (live): SAVED top 1 -> https://www.carleton.edu/computer-science/courses/
[199/2688] 'COMP4102 - Carleton University' (live): SAVED top 2 -> https://www.carleton.edu/computer-science/courses/ + https://www.carleton.edu/computer-science/major/progress/
[200/2688] 'COMP4107 - Carleton University' (live): SAVED top 2 -> https://www.carleton.edu/computer-science/courses/ + https://www.carleton.edu/computer-science/major/progress/
[201/2688] 'COMP4900 - Carleton University' (live): SAVED top 1 -> https://www.carleton.edu/computer-science/courses/
[202/2688] 'COMP5117 - Carleton University' (live): SAVED top 2 -> https://carletoncomputersciencesociety.github.io/slides/courseRegistration.pdf + https://www.carleton.edu/computer-science/courses/
[203/2688] 'ECOR1031 - Carleton University' (live): SAVED top 1 -> https://www.carleton.edu/computer-science/courses/
[204/2688] 'ECOR1041 - Carleton University': no usable link (live)
[205/2688] 'ECOR1042 - Carleton University': no usable link (live)
[206/2688] 'SYSC2004 - Carleton University' (live): SAVED top 1 -> https://julianmendoza.github.io/Portfolio/assets/Course%20Outlines/SYSC2004.pdf
[207/2688] 'SYSC2006 - Carleton University' (live): SAVED top 1 -> https://julianmendoza.github.io/Portfolio/assets/Course%20Outlines/SYSC2006.pdf
[208/2688] 'CS112 - Carnegie Mellon University' (live): SAVED top 2 -> https://15362.courses.cs.cmu.edu/fall2024/lecture/intro/slide_021 + https://www.cs.cmu.edu/~112-f23/
[209/2688] 'CS122 - Carnegie Mellon University': no usable link (live)
[210/2688] 'CS150 - Carnegie Mellon University' (live): SAVED top 2 -> https://15362.courses.cs.cmu.edu/fall2025/lecture/lec-15 + http://www.cs.cmu.edu/~15150/
[211/2688] 'CS151 - Carnegie Mellon University' (live): SAVED top 2 -> https://www.csd.cmu.edu/course/15151/s24 + https://deeplearning.cs.cmu.edu/
[212/2688] 'CS15110 - Carnegie Mellon University' (live): SAVED top 2 -> https://web2.qatar.cmu.edu/cs/15110/ + https://www.csd.cs.cmu.edu/course/15110/f26
[213/2688] 'CS15112 - Carnegie Mellon University' (live): SAVED top 2 -> https://www.cs.cmu.edu/~112-f23/ + https://csd.cmu.edu/15112-fundamentals-of-programming-computer-science
[214/2688] 'CS15122 - Carnegie Mellon University' (live): SAVED top 2 -> https://www.cs.cmu.edu/~15122/handouts.shtml + http://www.cs.cmu.edu/~15122/about.shtml
[215/2688] 'CS15150 - Carnegie Mellon University' (live): SAVED top 2 -> https://web2.qatar.cmu.edu/cs/15150/ + https://www.cs.cmu.edu/~./15150/lect.html
[216/2688] 'CS15251 - Carnegie Mellon University' (live): SAVED top 2 -> https://www.csd.cmu.edu/course/15251/s24 + http://www.cs.cmu.edu/~15251/
[217/2688] 'CS15281 - Carnegie Mellon University' (live): SAVED top 2 -> https://www.cs.cmu.edu/~./15281/ + https://deeplearning.cs.cmu.edu/
[218/2688] 'CS211 - Carnegie Mellon University' (live): SAVED top 2 -> https://csd.cmu.edu/course/15111/s26 + https://www.csd.cs.cmu.edu/academics/courses
[219/2688] 'CS213 - Carnegie Mellon University' (live): SAVED top 2 -> https://www.cs.cmu.edu/afs/cs/academic/class/15213-f98/lectures/class01b.pdf + https://www.cs.cmu.edu/~213/schedule.html
[220/2688] 'CS251 - Carnegie Mellon University' (live): SAVED top 2 -> https://15362.courses.cs.cmu.edu/spring2025/lecture/digital + http://www.cs.cmu.edu/~15251/
[221/2688] 'DATA36200 - Carnegie Mellon University' (live): SAVED top 2 -> https://web-docs.stern.nyu.edu/marketing/syllabi/syllabiS17/MKTG-GB.2354.30_D3M_Tech_Liu_S17.pdf + https://deeplearning.cs.cmu.edu/
[222/2688] 'ECE240 - Carnegie Mellon University' (live): SAVED top 2 -> https://www.ece.iastate.edu/wp-content/blogs.dir/11/files/2012/12/Carnegie-Mellon-ECE-Curriculum-Presentation.pdf + https://courses.ece.cmu.edu/18240
[223/2688] 'ML10601 - Carnegie Mellon University' (live): SAVED top 2 -> https://www.cs.cmu.edu/afs/cs/academic/class/10601-f10/lecture.html + https://www.cs.cmu.edu/~mgormley/courses/10601/schedule.html
[224/2688] 'CSDS101 - Case Western Reserve University' (live): SAVED top 2 -> https://webapps.case.edu/registrar/course-listings?subject=CSDS&term=2268 + https://bulletin.case.edu/course-descriptions/csds/
[225/2688] 'CSDS132 - Case Western Reserve University' (live): SAVED top 2 -> https://case.edu/summer/courses/csds-132-programming-java + https://webapps.case.edu/registrar/course-listings?subject=CSDS&term=2248
[226/2688] 'CSDS221 - Case Western Reserve University' (live): SAVED top 2 -> https://bulletin.case.edu/course-descriptions/csds/ + https://webapps.case.edu/registrar/course-listings?subject=CSDS&term=2238
[227/2688] 'CSDS233 - Case Western Reserve University' (live): SAVED top 2 -> https://case.edu/summer/courses/csds-233-introduction-data-structures + https://bulletin.case.edu/course-descriptions/csds/
[228/2688] 'CSDS234 - Case Western Reserve University' (live): SAVED top 2 -> https://bulletin.case.edu/course-descriptions/csds/ + https://webapps.case.edu/registrar/course-listings?subject=CSDS&term=2268
[229/2688] 'CSDS293 - Case Western Reserve University' (live): SAVED top 2 -> https://bulletin.case.edu/course-descriptions/csds/ + https://webapps.case.edu/registrar/course-listings?subject=CSDS&term=2268
[230/2688] 'CSDS305 - Case Western Reserve University' (live): SAVED top 2 -> https://webapps.case.edu/registrar/course-listings?subject=CSDS&term=2248 + https://bulletin.case.edu/course-descriptions/course-descriptions.pdf
[231/2688] 'CSDS310 - Case Western Reserve University' (live): SAVED top 2 -> https://case.edu/summer/courses/csds-310-algorithms + https://bulletin.case.edu/course-descriptions/csds/
[232/2688] 'CSDS340 - Case Western Reserve University' (live): SAVED top 2 -> https://bulletin.case.edu/course-descriptions/csds/ + https://webapps.case.edu/registrar/course-listings?subject=CSDS&term=2248
[233/2688] 'CSDS341 - Case Western Reserve University': no usable link (live)
[234/2688] 'CSDS345 - Case Western Reserve University' (live): SAVED top 2 -> https://bulletin.case.edu/course-descriptions/csds/ + https://webapps.case.edu/registrar/course-listings?subject=CSDS&term=2248
[235/2688] 'CSDS391 - Case Western Reserve University' (live): SAVED top 2 -> https://bulletin.case.edu/course-descriptions/csds/ + https://webapps.case.edu/registrar/course-listings?subject=CSDS&term=2248
[236/2688] 'CSDS393 - Case Western Reserve University' (live): SAVED top 2 -> https://bulletin.case.edu/course-descriptions/csds/ + https://webapps.case.edu/registrar/course-listings?subject=CSDS&term=2221
[237/2688] 'CSDS464 - Case Western Reserve University' (live): SAVED top 2 -> https://onlineprograms.case.edu/mscs/course/csds-464-computational-perception-3-credits-2/ + https://bulletin.case.edu/course-descriptions/course-descriptions.pdf
[238/2688] 'DSCI234 - Case Western Reserve University' (live): SAVED top 2 -> https://bulletin.case.edu/course-descriptions/course-descriptions.pdf + https://bulletin.case.edu/engineering/computer-data-sciences/data-science-ms/data-science-ms.pdf
[239/2688] 'EECS132 - Case Western Reserve University' (live): SAVED top 2 -> https://webapps.case.edu/registrar/course-listings?subject=EECS&term=2161 + https://webapps.case.edu/registrar/course-listings?subject=EECS&term=2188
[240/2688] 'EECS233 - Case Western Reserve University' (live): SAVED top 2 -> https://webapps.case.edu/registrar/course-listings?subject=EECS&term=2161 + https://webapps.case.edu/registrar/course-listings?subject=EECS&term=2088
[241/2688] 'EECS293 - Case Western Reserve University' (live): SAVED top 2 -> https://webapps.case.edu/registrar/course-listings?subject=EECS&term=2188 + https://bulletin.case.edu/course-descriptions/course-descriptions.pdf
[242/2688] 'EECS302 - Case Western Reserve University' (live): SAVED top 2 -> https://webapps.case.edu/registrar/course-listings?subject=EECS&term=2138 + https://webapps.case.edu/registrar/course-listings?subject=EECS&term=2088
[243/2688] 'EECS321 - Case Western Reserve University' (live): SAVED top 2 -> https://webapps.case.edu/registrar/course-listings?subject=EECS&term=2161 + https://bulletin.case.edu/course-descriptions/ecse/
[244/2688] 'EECS322 - Case Western Reserve University' (live): SAVED top 2 -> http://bear.ces.case.edu/eecs_314/eecs_322_20010129.pdf + http://bear.ces.cwru.edu/eecs_314/eecs_322_20010404.ppt
[245/2688] 'EECS340 - Case Western Reserve University' (live): SAVED top 2 -> https://www.cs.northwestern.edu/~ychen/classes/cs340-w12/lectures.html + https://case.edu/registrar/registration-classes/course-catalog-general-bulletin
[246/2688] 'EECS341 - Case Western Reserve University': no usable link (live)
[247/2688] 'EECS345 - Case Western Reserve University' (live): SAVED top 2 -> http://www.oldaqualab.cs.northwestern.edu/class/356-eecs-345-s18 + https://github.com/wesrupert/eecs345
[248/2688] 'CPS110 - Central Michigan University' (live): SAVED top 2 -> https://github.com/sschaub/cps110 + https://www.cmich.edu/offices-departments/curriculum-instructional-support/select-or-develop-materials-and-tools/graphics-slides-and-posters/graphic-and-learning-media-design-services-and-resources
[249/2688] 'CPS180 - Central Michigan University' (live): SAVED top 2 -> https://www.cmich.edu/offices-departments/curriculum-instructional-support/academic-bulletins + https://people.se.cmich.edu/liao1q/teaching.htm
[250/2688] 'CPS181 - Central Michigan University': no usable link (live)
[251/2688] 'CPS240 - Central Michigan University': no usable link (live)
[252/2688] 'CPS280S - Central Michigan University' (live): SAVED top 2 -> https://www.cmich.edu/offices-departments/curriculum-instructional-support/select-or-develop-materials-and-tools + https://www.cmich.edu/offices-departments/curriculum-instructional-support/academic-bulletins
[253/2688] 'CPS280V - Central Michigan University' (live): SAVED top 2 -> https://www.cmich.edu/offices-departments/curriculum-instructional-support/select-or-develop-materials-and-tools + https://www.cmich.edu/
[254/2688] 'CPS340 - Central Michigan University': no usable link (live)
[255/2688] 'CPS360 - Central Michigan University': no usable link (live)
[256/2688] 'CPS450 - Central Michigan University': no usable link (live)
[257/2688] 'ITC341 - Central Michigan University': no usable link (live)
[258/2688] 'ITC466 - Central Michigan University': no usable link (live)
[259/2688] 'CPSC230 - Chapman University' (live): SAVED top 2 -> https://github.com/chelseaparlett/CPSC230ParlettPelleriti/blob/master/Syllabus.md + https://github.com/MurphyStudebaker/cpsc-230
[260/2688] 'CPSC236 - Chapman University' (live): SAVED top 2 -> https://github.com/dsm1015/CPSC-236 + https://github.com/cwchilvers/CPSC-236-Project
[261/2688] 'CPSC330 - Chapman University' (live): SAVED top 2 -> https://www.chapman.edu/students/academic-resources/course-schedule.aspx + https://www.chapman.edu/academics/course-catalogs/index.aspx
[262/2688] 'CPSC353 - Chapman University': no usable link (live)
[263/2688] 'CS530 - Chapman University': no usable link (live)
[264/2688] 'EENG398 - Chapman University' (live): SAVED top 2 -> https://web.stanford.edu/class/archive/engr/engr40m.1178/slides.html + https://github.com/annontopicmodel/unsupervised_topic_modeling/blob/master/topics/en/17/100/50/topics
[265/2688] 'CS046 - Claremont McKenna College': no usable link (live)
[266/2688] 'CSC040 - Claremont McKenna College' (live): SAVED top 2 -> https://cs.stanford.edu/people/alee/cs40/handouts/ho0/ho0.pdf + https://portal.claremontmckenna.edu/ICS/Portal_Homepage.jnz?portlet=External_Content
[267/2688] 'CSCI040 - Claremont McKenna College' (live): SAVED top 2 -> https://github.com/mikeizbicki/cmc-csci040/blob/2026spring/README.md + https://github.com/mikeizbicki/cmc-csci040/blob/2025spring/README.md
[268/2688] 'CS242 - Clarkson University' (live): SAVED top 2 -> https://people.clarkson.edu/~jlynch/cs242/ + https://www.clarkson.edu/admissions-financial-aid/sas/course-descriptions-class-schedules
[269/2688] 'CS341 - Clarkson University': no usable link (live)
[270/2688] 'CS348 - Clarkson University': no usable link (live)
[271/2688] 'CS445 - Clarkson University' (live): SAVED top 2 -> https://courses.grainger.illinois.edu/cs445/sp2025/ + https://yxw.cs.illinois.edu/course/CS445/F24/
[272/2688] 'CS447 - Clarkson University' (live): SAVED top 2 -> https://people.cs.pitt.edu/~wiebe/courses/CS447/lectures/slides1.ppt + https://github.com/luisfnqoliveira/cs447-1/blob/master/slides/08_CS0447_Functions.pptx
[273/2688] 'EE261 - Clarkson University': no usable link (live)
[274/2688] 'IS400 - Clarkson University': no usable link (live)
[275/2688] 'IS437 - Clarkson University': no usable link (live)
[276/2688] 'CPSC1010 - Clemson University' (live): SAVED top 2 -> http://andrewd.ces.clemson.edu/courses/cpsc111/lectures/lectures/Chp%2001%20-%20Fundamentals/chp01-slides.pptx + http://andrewd.ces.clemson.edu/courses/cpsc111/lectures/lectures/Chp%2000%20-%20Introduction/chp00-slides.pptx
[277/2688] 'CPSC102 - Clemson University' (live): SAVED top 2 -> http://andrewd.ces.clemson.edu/courses/cpsc102/spring20/slides/11C++%20Classes%20Part%203.pptx + https://www.tctc.edu/media/ycoc2x2r/computer-science-bs.pdf
[278/2688] 'CPSC1020 - Clemson University': no usable link (live)
[279/2688] 'CPSC1060 - Clemson University': no usable link (live)
[280/2688] 'CPSC1070 - Clemson University': no usable link (live)
[281/2688] 'CPSC120 - Clemson University' (live): SAVED top 2 -> https://computing.clemson.edu/course/cpsc120/index.html + https://www.clemson.edu/institutional-effectiveness/accreditation/syllabus-repository.html
[282/2688] 'CPSC2150 - Clemson University' (live): SAVED top 2 -> https://github.com/jdkenne/CPSC-2150 + https://github.com/keenanlg/SoftwareDevelopmentFoundations
[283/2688] 'CPSC2310 - Clemson University' (live): SAVED top 2 -> https://github.com/dharve3/CPSC2310 + https://github.com/jdkenne/CPSC-2310
[284/2688] 'CPSC3220 - Clemson University' (live): SAVED top 2 -> https://robertu94.github.io/cpsc3220-f18/ + https://www.clemson.edu/institutional-effectiveness/accreditation/syllabus-repository.html
[285/2688] 'CPSC3600 - Clemson University': no usable link (live)
[286/2688] 'CPSC4240 - Clemson University' (live): SAVED top 1 -> https://github.com/mdrodgers/cpsc4240-project
[287/2688] 'CIS345 - Cleveland State University' (live): SAVED top 2 -> https://engineering.csuohio.edu/sites/default/files/CIS-345.pdf + https://courses.cs.colostate.edu/cs345/syllabus/
[288/2688] 'CIS408 - Cleveland State University' (live): SAVED top 2 -> https://eecs.csuohio.edu/~sschung/CIS408/SyllabusCIS408_SunnieChung_2.pdf + https://engineering.csuohio.edu/sites/default/files/CIS-408.pdf
[289/2688] 'CIS424 - Cleveland State University' (live): SAVED top 2 -> https://engineering.csuohio.edu/sites/default/files/CIS-424-524.pdf + https://zhangatcs.github.io/teaching.html
[290/2688] 'CIS457 - Cleveland State University': no usable link (live)
[291/2688] 'CIS480 - Cleveland State University': no usable link (live)
[292/2688] 'CIS524 - Cleveland State University': no usable link (live)
[293/2688] 'CIS554 - Cleveland State University': no usable link (live)
[294/2688] 'CIS620 - Cleveland State University': no usable link (live)
[295/2688] 'ECE400 - Cleveland State University': no usable link (live)
[296/2688] 'ECE416 - Cleveland State University': no usable link (live)
[297/2688] 'ECE501 - Cleveland State University': no usable link (live)
[298/2688] 'EEC493 - Cleveland State University': no usable link (live)
[299/2688] 'EEC494 - Cleveland State University': no usable link (live)
[300/2688] 'IST203 - Cleveland State University': no usable link (live)
[301/2688] 'CSCI110 - Coastal Carolina University' (live): SAVED top 2 -> https://www.coastal.edu/computing/studentresources/assistance/csci110/ + https://sniyaz.github.io/csci-110-su24/
[302/2688] 'CSC115 - College of Staten Island' (live): SAVED top 2 -> https://www.csi.cuny.edu/academics-and-research/catalog + https://github.com/gatewaycat/csi
[303/2688] 'CSC126 - College of Staten Island' (live): SAVED top 1 -> http://www.cs.csi.cuny.edu/~orit/syllabus.htm
[304/2688] 'CSC211 - College of Staten Island': no usable link (live)
[305/2688] 'CSC220 - College of Staten Island': no usable link (live)
[306/2688] 'CSC226 - College of Staten Island': no usable link (live)
[307/2688] 'CSC315 - College of Staten Island': no usable link (live)
[308/2688] 'CSC326 - College of Staten Island' (live): SAVED top 2 -> http://www.cs.csi.cuny.edu/~zelikovi/csc326/326main.htm + http://www.cs.csi.cuny.edu/~imberman/csc326/syllabusfall10.htm
[309/2688] 'CSC330 - College of Staten Island' (live): SAVED top 1 -> https://github.com/sureshmelvinsigera/CSC-330-Object-Oriented-Software-Design
[310/2688] 'CSC332 - College of Staten Island' (live): SAVED top 2 -> http://www.cs.csi.cuny.edu/~yumei/csc332/CSC%20332syllabus.doc + https://www.csi.cuny.edu/academics-and-research/catalog
[311/2688] 'CSC346 - College of Staten Island' (live): SAVED top 2 -> https://github.com/noynaert/csc346handouts + https://www.csi.cuny.edu/academics-and-research/catalog
[312/2688] 'CSC382 - College of Staten Island' (live): SAVED top 1 -> http://www.cs.csi.cuny.edu/~petingi/CSC382.html
[313/2688] 'CSC446 - College of Staten Island': no usable link (live)
[314/2688] 'CSCI131 - College of the Holy Cross': no usable link (live)
[315/2688] 'CSCI132 - College of the Holy Cross' (live): SAVED top 2 -> https://mathcs.holycross.edu/~csci132/schedule.html + https://www.cs.hunter.cuny.edu/~sweiss/course_materials/csci132/csci132_f14_syllabus.pdf
[316/2688] 'CS303 - College of William & Mary' (live): SAVED top 2 -> https://www.cs.wm.edu/~tadavis/cs303/ + https://www.cs.wm.edu/~tadavis/cs303/syllabus.pdf
[317/2688] 'CSCI304 - College of William & Mary' (live): SAVED top 2 -> https://www.cs.wm.edu/~bren/cs304au25/slides/slides1.pdf + https://jren73.github.io/teaching/
[318/2688] 'DATA201 - College of William & Mary': no usable link (live)
[319/2688] 'DATA202 - College of William & Mary': no usable link (live)
[320/2688] 'DATA301 - College of William & Mary' (live): SAVED top 2 -> https://www.wm.edu/offices/registrar/catalogs-calendars-exams/catalogs/ + https://github.com/lmmohney/DATA_301
[321/2688] 'DATA310 - College of William & Mary' (live): SAVED top 2 -> https://www.wm.edu/offices/registrar/catalogs-calendars-exams/catalogs/ + https://github.com/RichardBKeck/DATA310-Project-2
[322/2688] 'CC120 - Colorado College' (live): SAVED top 2 -> https://www.coloradocollege.edu/offices/academicprograms/fyp/cc100-cc120/ + https://www.coloradocollege.edu/offices/academicprograms/fyp/cc100-cc120/thematic-clusters/2025/2025-making.html
[323/2688] 'CP115 - Colorado College': no usable link (live)
[324/2688] 'CP116 - Colorado College': no usable link (live)
[325/2688] 'CP274 - Colorado College' (live): SAVED top 2 -> https://www.coloradocollege.edu/academics/curriculum/catalog/courses/cp274.html + https://www.coloradocollege.edu/academics/curriculum/catalog/schedule.html
[326/2688] 'CSCI128 - Colorado School of Mines' (live): SAVED top 2 -> https://github.com/CSCI128 + https://github.com/CSCI128/CourseSetup/pulse
[327/2688] 'CSCI200 - Colorado School of Mines': no usable link (live)
[328/2688] 'CSCI306 - Colorado School of Mines': no usable link (live)
[329/2688] 'CSCI341 - Colorado School of Mines': no usable link (live)
[330/2688] 'CSCI358 - Colorado School of Mines' (live): SAVED top 2 -> https://cs-courses.mines.edu/csci358/index.html + https://minds.mines.edu/course/discrete-maths/
[331/2688] 'CSCI400 - Colorado School of Mines' (live): SAVED top 2 -> https://inside.mines.edu/~ndantam/csci-400/syllabus.pdf + https://github.com/mines-csci400/f23-syllabus
[332/2688] 'CSCI403 - Colorado School of Mines' (live): SAVED top 2 -> https://cs-courses.mines.edu/csci403/spring2020/ + https://cs-courses.mines.edu/csci403/spring2021/
[333/2688] 'CSCI555 - Colorado School of Mines' (live): SAVED top 2 -> https://ccsp.mines.edu/education/ + https://github.com/CarsonStevens/Mines-Courses
[334/2688] 'CIS370 - Colorado State University': no usable link (live)
[335/2688] 'CS150B - Colorado State University': no usable link (live)
[336/2688] 'CS567 - Colorado State University' (live): SAVED top 2 -> https://www.cs.colostate.edu/~cs567/ + https://online.colostate.edu/courses/CS/CS567.dot
[337/2688] 'CT301 - Colorado State University' (live): SAVED top 2 -> https://www.cs.colostate.edu/~ct301/ + https://online.colostate.edu/courses/CT/CT301.dot
[338/2688] 'ECE571 - Colorado State University': no usable link (live)
[339/2688] 'COMS4995 - Columbia University' (live): SAVED top 2 -> https://amueller.github.io/COMS4995-s20/slides/aml-01-introduction/ + https://columbia-coms4995.github.io/aml-spring2026/
[340/2688] 'COMSE6998 - Columbia University': no usable link (live)
[341/2688] 'CSE1 - Columbia University' (live): SAVED top 2 -> https://www.cs.columbia.edu/~julia/courses/CS6998-24/Slides/week1-intro.pptx + https://github.com/TongWu/CSEE-W4119-Computer_Networking/tree/main/Slides
[342/2688] 'CSE101 - Columbia University' (live): SAVED top 2 -> https://www3.cs.stonybrook.edu/~alexkuhn/cse101-spring2021/slides/CSE101-Course%20Introduction-S21.pdf + https://cseweb.ucsd.edu/~dakane/CSE101LectureArchive/index.html
[343/2688] 'CSEE4119 - Columbia University' (live): SAVED top 2 -> https://doc.sis.columbia.edu/subj/CSEE/W4119-20261-001/ + http://www.cs.columbia.edu/~danr/4119/4119-info.pdf
[344/2688] 'EECS6893 - Columbia University' (live): SAVED top 2 -> https://www.ee.columbia.edu/~cylin/course/bigdata/EECS6893-BigDataAnalytics-Lecture1.pdf + https://www.ee.columbia.edu/~cylin/course/bigdata/EECS6893-BigDataAnalytics-Lecture3.pdf
[345/2688] 'W4118 - Columbia University' (live): SAVED top 2 -> https://www.cs.columbia.edu/~nieh/teaching/w4118/ + http://www.cs.columbia.edu/~nahum/w4118/discussion.html
[346/2688] 'BSTA450 - Concordia University': no usable link (live)
[347/2688] 'COMP233 - Concordia University' (live): SAVED top 1 -> https://users.encs.concordia.ca/~doedel/courses/comp-233/course_outline.pdf
[348/2688] 'COMP333 - Concordia University' (live): SAVED top 2 -> http://users.encs.concordia.ca/~gregb/home/PDF/comp333-data-analytics-course-outline-f2021.pdf + https://www.concordia.ca/academics/undergraduate/calendar/current/section-71-gina-cody-school-of-engineering-and-computer-science/section-71-70-department-of-computer-science-and-software-engineering/section-71-70-10-computer-science-and-software-engineering-courses.html
[349/2688] 'COMP346 - Concordia University' (live): SAVED top 1 -> https://users.encs.concordia.ca/~mokhov/comp346/
[350/2688] 'COMP352 - Concordia University' (live): SAVED top 2 -> https://users.encs.concordia.ca/~sthiel/comp352/2017_Summer1/COMP352_outline.pdf + https://www.concordia.ca/academics/undergraduate/calendar/current/section-71-gina-cody-school-of-engineering-and-computer-science/section-71-70-department-of-computer-science-and-software-engineering/section-71-70-10-computer-science-and-software-engineering-courses.html
[351/2688] 'COMP433 - Concordia University' (live): SAVED top 1 -> https://www.concordia.ca/academics/undergraduate/calendar/current/section-71-gina-cody-school-of-engineering-and-computer-science/section-71-70-department-of-computer-science-and-software-engineering/section-71-70-10-computer-science-and-software-engineering-courses.html
[352/2688] 'COMP472 - Concordia University' (live): SAVED top 1 -> https://library.concordia.ca/apps/swallow2/Uploads/21661/machine%20learning%20text%20only.pdf
[353/2688] 'COMP478 - Concordia University' (live): SAVED top 2 -> https://www.concordia.ca/academics/undergraduate/calendar/current/section-71-gina-cody-school-of-engineering-and-computer-science/section-71-70-department-of-computer-science-and-software-engineering/section-71-70-10-computer-science-and-software-engineering-courses.html + https://libguides.cuchicago.edu/c.php?g=1186597&p=9947938
[354/2688] 'COMP6321 - Concordia University' (live): SAVED top 2 -> https://github.com/benymaxparsa/Concordia-COMP6321-MachineLearning + https://users.encs.concordia.ca/~wayang/6321outline.pdf
[355/2688] 'COMP6461 - Concordia University' (live): SAVED top 2 -> https://www.concordia.ca/academics/graduate/calendar/current/gina-cody-school-of-engineering-and-computer-science-courses/computer-science-and-software-engineering-master-s-and-phd-courses.html + https://github.com/yan-ren/comp6461-computer-networks-protocols
[356/2688] 'COMP6721 - Concordia University' (live): SAVED top 1 -> https://www.concordia.ca/academics/graduate/calendar/current/gina-cody-school-of-engineering-and-computer-science-courses/computer-science-and-software-engineering-master-s-and-phd-courses.html
[357/2688] 'SOEN6461 - Concordia University' (live): SAVED top 2 -> http://users.encs.concordia.ca/~gregb/home/PDF/soen6461_f2018_course_outline.pdf + https://www.concordia.ca/academics/graduate/calendar/current/gina-cody-school-of-engineering-and-computer-science-courses/computer-science-and-software-engineering-master-s-and-phd-courses.html
[358/2688] 'CS102 - Cooper Union' (live): SAVED top 2 -> https://hong3cooper.github.io/cs102c_fall2024.html + https://cooper.edu/engineering/courses/computer-science/cs-102
[359/2688] 'ECE150 - Cooper Union' (live): SAVED top 2 -> https://cooper.edu/engineering/courses/electrical-and-computer-engineering-undergraduate/ece-150 + https://ece.uwaterloo.ca/~ece150/Lecture_materials/
[360/2688] 'ECE160 - Cooper Union' (live): SAVED top 2 -> https://cooper.edu/engineering/courses/electrical-and-computer-engineering-undergraduate/ece-160 + https://hong3cooper.github.io/ece160_spring2024.html
[361/2688] 'COMS100M - Cornell University' (live): SAVED top 2 -> https://ocw.ece.cornell.edu/ece-2100-lecture-notes/ + https://ecornell.cornell.edu/certificates/engineering/presentation-design-and-delivery/
[362/2688] 'CS100 - Cornell University' (live): SAVED top 2 -> https://www.cs.cornell.edu/courses/cs100/1999su/ + https://courses.cs.cornell.edu/cs100m/2000FA/overview.htm
[363/2688] 'CS100J - Cornell University' (live): SAVED top 2 -> https://courses.cs.cornell.edu/cs100m/2000FA/overview.htm + https://courses.cs.cornell.edu/cs100j/2002fa/overview.htm
[364/2688] 'CS100M - Cornell University' (live): SAVED top 2 -> https://www.cs.cornell.edu/courses/cs5670/2025sp/lectures/ + https://ocw.ece.cornell.edu/ece-2100-lecture-notes/
[365/2688] 'CS1110 - Cornell University' (live): SAVED top 2 -> https://www.cs.cornell.edu/courses/cs1110/2023fa/materials/lectures/ + https://vod.video.cornell.edu/channel/CS+1110+Fall+2020/179890731
[366/2688] 'CS1112 - Cornell University': no usable link (live)
[367/2688] 'CS2110 - Cornell University' (live): SAVED top 2 -> https://www.cs.cornell.edu/courses/cs2110/2026sp/about/syllabus/ + https://www.cs.cornell.edu/courses/cs2110/2025fa/
[368/2688] 'CS2800 - Cornell University' (live): SAVED top 2 -> https://www.cs.cornell.edu/courses/cs2800/2009fa/notes.htm + https://www.cs.cornell.edu/courses/cs2800/2013fa/
[369/2688] 'CS4320 - Cornell University' (live): SAVED top 2 -> https://www.cs.cornell.edu/courses/cs4320/2021fa/ + https://www.cs.cornell.edu/courses/cs4320/2020fa/
[370/2688] 'CS4450 - Cornell University' (live): SAVED top 2 -> https://www.cs.cornell.edu/courses/cs4450/2025sp/lecture02-circuits-packets.pdf + https://www.cs.cornell.edu/courses/cs4450/2022fa/schedule.html
[371/2688] 'CS4780 - Cornell University' (live): SAVED top 2 -> https://www.cs.cornell.edu/courses/cs4780/2018sp/page16/ + https://www.cs.cornell.edu/courses/cs4780/2019fa/
[372/2688] 'CS4787 - Cornell University' (live): SAVED top 2 -> https://www.cs.cornell.edu/courses/cs4787/2025fa/ + https://www.cs.cornell.edu/courses/cs4787/2023fa/
[373/2688] 'CS4820 - Cornell University' (live): SAVED top 2 -> https://courses.cs.cornell.edu/cs4820/2025fa/syllabus/ + https://cornellcswiki.gitlab.io/classes/CS4820.html
[374/2688] 'ECE2100 - Cornell University' (live): SAVED top 2 -> https://ocw.ece.cornell.edu/ece-2100-lecture-notes/ + https://ocw.ece.cornell.edu/ece-2100-course-details/
[375/2688] 'ECE2300 - Cornell University' (live): SAVED top 2 -> https://www.csl.cornell.edu/courses/ece2300/ + https://ocw.ece.cornell.edu/courses/ece-2300-digital-logic-and-computer-organization/
[376/2688] 'ECE2400 - Cornell University' (live): SAVED top 2 -> https://www.csl.cornell.edu/courses/ece2400/handouts.shtml + https://www.csl.cornell.edu/courses/ece2400/
[377/2688] 'ECE2720 - Cornell University' (live): SAVED top 1 -> https://ieeeatcornell.github.io/wiki/
[378/2688] 'ECE4750 - Cornell University' (live): SAVED top 2 -> https://www.csl.cornell.edu/courses/ece4750/handouts.shtml + https://ocw.ece.cornell.edu/courses/ece-4750-computer-architecture/
[379/2688] 'ECE4960 - Cornell University' (live): SAVED top 2 -> https://ocw.ece.cornell.edu/courses/ece-4960-computational-and-software-engineering/ece-4960-lectures-notes-and-handouts/ + https://ocw.ece.cornell.edu/courses/ece-4960-computational-and-software-engineering/
[380/2688] 'INFO1300 - Cornell University' (live): SAVED top 2 -> https://anniehughey.github.io/images/info1300-images/syllabus.pdf + https://cornellcswiki.gitlab.io/classes/CS1300.html
[381/2688] 'INFO2040 - Cornell University' (live): SAVED top 1 -> https://blogs.cornell.edu/info2040/
[382/2688] 'INFO2300 - Cornell University' (live): SAVED top 1 -> https://cornellcswiki.gitlab.io/classes/CS2300.html
[383/2688] 'INFO3450 - Cornell University': no usable link (live)
[384/2688] 'INFO3460 - Cornell University' (live): SAVED top 2 -> https://ocw.ece.cornell.edu/ + https://causal3900.github.io/
[385/2688] 'INFO4200 - Cornell University': no usable link (live)
[386/2688] 'INFO4940 - Cornell University' (live): SAVED top 2 -> https://info4940.infosci.cornell.edu/ + https://github.com/wilkens-teaching/info4940-s24
[387/2688] 'CPS170 - Creighton University' (live): SAVED top 2 -> https://www.creighton.edu/about/office-registrar/catalogs-and-course-schedules + https://culibraries.creighton.edu/presenting/visuals
[388/2688] 'CSC222 - Creighton University' (live): SAVED top 2 -> https://courses.vccs.edu/colleges/gcc/courses/CSC222-ObjectOrientedProgramming + https://novaonline.nvcc.edu/Canvas_template/CSC/CSC222/textbooks-materials824.htm
[389/2688] 'CSC414 - Creighton University' (live): SAVED top 2 -> https://culibraries.creighton.edu/presenting/visuals + https://www.creighton.edu/student-success/careercenter/students/grow-your-skills
[390/2688] 'CSC548 - Creighton University' (live): SAVED top 2 -> https://culibraries.creighton.edu/presenting/visuals + https://www.creighton.edu/student-success/careercenter/students/grow-your-skills
[391/2688] 'MTH366 - Creighton University' (live): SAVED top 2 -> https://www.suss.edu.sg/courses/detail/mth366 + https://www.creighton.edu/about/office-registrar/catalogs-and-course-schedules
[392/2688] 'CS2112 - Dalhousie University' (live): SAVED top 2 -> https://www.cs.cornell.edu/courses/cs2112/ + https://fermat.github.io/document/teaching/cs2112/syllabus-2112.pdf
[393/2688] 'CSCI1106 - Dalhousie University' (live): SAVED top 2 -> https://web.cs.dal.ca/~tt/CSCI110608/index.html + https://hallab.cs.dal.ca/CSCI1106
[394/2688] 'CSCI1109 - Dalhousie University' (live): SAVED top 2 -> https://web.cs.dal.ca/~rudzicz/Teaching/CSCI1109/2026/CSCI1109_PracticalDataScience.pdf + https://academiccalendar.dal.ca/Catalog/ViewCatalog.aspx?pageid=viewcatalog&topicgroupid=37709&entitytype=CID&entitycode=CSCI+1109
[395/2688] 'CSCI1110 - Dalhousie University': no usable link (live)
[396/2688] 'CSCI1120 - Dalhousie University' (live): SAVED top 2 -> https://academiccalendar.dal.ca/Catalog/ViewCatalog.aspx?pageid=viewcatalog&topicgroupid=40381&entitytype=CID&entitycode=CSCI+1120 + https://www.dal.ca/faculty/computerscience/undergraduate-programs/first-year.html
[397/2688] 'CSCI1170 - Dalhousie University' (live): SAVED top 2 -> https://web.cs.dal.ca/~tt/fundamentals/slides/ + https://academiccalendar.dal.ca/Catalog/ViewCatalog.aspx?pageid=viewcatalog&topicgroupid=43393&entitytype=CID&entitycode=CSCI+1170
[398/2688] 'CSCI1315 - Dalhousie University' (live): SAVED top 2 -> https://academiccalendar.dal.ca/Catalog/ViewCatalog.aspx?pageid=viewcatalog&topicgroupid=39480&entitytype=CID&entitycode=CSCI+1315 + https://academiccalendar.dal.ca/Catalog/ViewCatalog.aspx?pageid=viewcatalog&topicgroupid=38015&entitytype=CID&entitycode=CSCI+1315
[399/2688] 'CSCI2100 - Dalhousie University' (live): SAVED top 2 -> https://www.cse.cuhk.edu.hk/~taoyf/course/2100/25-spring/ + https://academiccalendar.dal.ca/Catalog/ViewCatalog.aspx?pageid=viewcatalog&topicgroupid=37703&entitytype=CID&entitycode=CSCI+2100
[400/2688] 'CSCI2110 - Dalhousie University' (live): SAVED top 2 -> https://web.cs.dal.ca/~arc/teaching/CS2110/Outline.html + http://www.cs.toronto.edu/~kfraser/coursestaken.html
[401/2688] 'CSCI2112 - Dalhousie University' (live): SAVED top 2 -> https://cse.sc.edu/~pfu/document/teaching/cs2112/syllabus-2112.pdf + https://cdn.dal.ca/content/dam/dalhousie/pdf/faculty/science/math-stats/Math%202112%20CSCI%202112%20Syllabus%20Summer%202020%20-%20Fu.pdf
[402/2688] 'CSCI2115 - Dalhousie University' (live): SAVED top 2 -> https://academiccalendar.dal.ca/Catalog/ViewCatalog.aspx?pageid=viewcatalog&topicgroupid=40375&entitytype=CID&entitycode=CSCI+2115 + https://academiccalendar.dal.ca/Content/Default/Controls/Catalog/ViewCatalog.aspx?pageid=viewcatalog&catalogid=129&chapterid=8563&topicgroupid=37710&loaduseredits=False&pg=2
[403/2688] 'CSCI2121 - Dalhousie University' (live): SAVED top 2 -> https://web.cs.dal.ca/~nauzerk/csci2121/Outline_W16.pdf + http://www.cs.toronto.edu/~kfraser/coursestaken.html
[404/2688] 'CSCI2122 - Dalhousie University' (live): SAVED top 2 -> https://web.cs.dal.ca/~nauzerk/syllabus_2122.pdf + https://academiccalendar.dal.ca/Catalog/ViewCatalog.aspx?pageid=viewcatalog&topicgroupid=40375&entitytype=CID&entitycode=CSCI+2122
[405/2688] 'CSCI2132 - Dalhousie University' (live): SAVED top 2 -> https://web.cs.dal.ca/~vlado/csci2132/coursecalendar.html + https://web.cs.dal.ca/~vlado/csci2132/slides/sd01-slides.pdf
[406/2688] 'CSCI2140 - Dalhousie University' (live): SAVED top 2 -> https://www.cs.dal.ca/~sraza/CSCI2140/chapter01_DF.pdf + https://www2.cs.arizona.edu/~pachecoj/courses/csc380_fall21/index.html
[407/2688] 'CSCI2141 - Dalhousie University' (live): SAVED top 2 -> https://web.cs.dal.ca/~hawkey/2141/2141_W2013_project_v2.pdf + https://web.cs.dal.ca/~hawkey/2141/index.htm
[408/2688] 'CSCI2201 - Dalhousie University' (live): SAVED top 2 -> https://cdn.dal.ca/content/dam/dalhousie/pdf/healthsciences/_2025-2026%20Online%20Course%20Electives.pdf.pdf + https://web.cs.dal.ca/~bmackay/cs1101/syllabus_formatted.pdf
[409/2688] 'CSCI2202 - Dalhousie University' (live): SAVED top 2 -> https://www.dal.ca/faculty/computerscience/about/study_here/cs-electives/computer_modelling_scientists.html + https://academiccalendar.dal.ca/Catalog/ViewCatalog.aspx?pageid=viewcatalog&topicgroupid=40379&entitytype=CID&entitycode=CSCI+2202
[410/2688] 'CSCI2203 - Dalhousie University' (live): SAVED top 2 -> https://www.dal.ca/faculty/management/minor-entrepreneurship-innovation/courses-and-curriculum/course-spotlights/spotlight-data-science-for-everyone.html + https://academiccalendar.dal.ca/Catalog/ViewCatalog.aspx?pageid=viewcatalog&topicgroupid=42973&entitytype=CID&entitycode=CSCI+2203
[411/2688] 'CSCI3110 - Dalhousie University' (live): SAVED top 2 -> https://web.cs.dal.ca/~whidden/CSCI3110/notes/final-review.pdf + https://www.cs.dal.ca/~whidden/CSCI3110/syllabus.pdf
[412/2688] 'CSCI3120 - Dalhousie University' (live): SAVED top 2 -> https://github.com/danteWei/CSCI-3120 + https://www.cs.dal.ca/~hawkey/3120/May5Intro.ppt
[413/2688] 'CSCI3130 - Dalhousie University' (live): SAVED top 2 -> https://web.cs.dal.ca/~hawkey/3130/3130_syllabus.pdf + https://web.cs.dal.ca/~arc/teaching/CS3130/index.html
[414/2688] 'CSCI3136 - Dalhousie University' (live): SAVED top 2 -> https://web.cs.dal.ca/~vlado/2004/csci3136/coursecalendar.html + https://www.cs.dal.ca/~vlado/csci3136
[415/2688] 'CSCI3151 - Dalhousie University' (live): SAVED top 2 -> https://web.cs.dal.ca/~rudzicz/Teaching/CSCI3151/2026/CSCI3151_FoundationsOfML.pdf + https://web.cs.dal.ca/~rudzicz/Teaching/CSCI3151/2026/
[416/2688] 'CSCI3160 - Dalhousie University' (live): SAVED top 2 -> https://xiao-liang.github.io/Resources/Courses/CSCI3160-25Fall/CSCI3160-25Fall.html + https://web.cs.dal.ca/~jamie/course/CS/3160/HiddenFiles/CSCI3160%20sample%20documentsSHRUNK.pdf
[417/2688] 'CSCI3171 - Dalhousie University' (live): SAVED top 2 -> https://web.cs.dal.ca/~eem/3171/ + http://www.cs.toronto.edu/~kfraser/coursestaken.html
[418/2688] 'CSCI4144 - Dalhousie University' (live): SAVED top 2 -> https://web.cs.dal.ca/~eem/6505/ML.html + https://academiccalendar.dal.ca/Catalog/ViewCatalog.aspx?pageid=viewcatalog&entitytype=CID&entitycode=CSCI+4144
[419/2688] 'CSCI5308 - Dalhousie University' (live): SAVED top 2 -> https://academiccalendar.dal.ca/Catalog/ViewCatalog.aspx?pageid=viewcatalog&topicgroupid=44730&entitytype=CID&entitycode=CSCI+5308 + https://academiccalendar.dal.ca/Catalog/ViewCatalog.aspx?pageid=viewcatalog&catalogid=142&chapterid=10385&topicgroupid=44730&loaduseredits=False
[420/2688] 'CSCI5902 - Dalhousie University' (live): SAVED top 2 -> https://www.cs.cornell.edu/courses/cs5670/2025sp/lectures/ + https://web.cs.dal.ca/~tt/fundamentals/slides/
[421/2688] 'CSCI6509 - Dalhousie University' (live): SAVED top 2 -> https://web.cs.dal.ca/~vlado/csci6509/coursecalendar.html + https://web.cs.dal.ca/~vlado/csci6509/
[422/2688] 'MATH2112 - Dalhousie University' (live): SAVED top 2 -> https://cse.sc.edu/~pfu/document/teaching/cs2112/syllabus-2112.pdf + https://cdn.dal.ca/content/dam/dalhousie/pdf/faculty/science/math-stats/syllabi/Math%20CSCI%202112%20syllabus.pdf
[423/2688] 'COSC30 - Dartmouth College' (live): SAVED top 2 -> https://www.cs.dartmouth.edu/~deepc/cs30-lecture-notes.htm + https://www.cs.dartmouth.edu/~deepc/Courses/W20/CS30.html
[424/2688] 'CS174 - Dartmouth College' (live): SAVED top 2 -> https://cs87-dartmouth.github.io/Fall2021/ + https://math.dartmouth.edu/~m146f23/
[425/2688] 'CS49 - Dartmouth College' (live): SAVED top 2 -> https://www.cs.dartmouth.edu/~ac/Teach/CS49-Fall11/presentations.html + https://www.cs.dartmouth.edu/~ac/Teach/CS49-Fall11/
[426/2688] 'CS173 - Denison University' (live): SAVED top 2 -> https://mfleck.cs.illinois.edu/discrete-structures/index.html + https://computing-in-the-liberal-arts.github.io/SIGCSE2020-PreSymposium-Event/curricula/denison/
[427/2688] 'CS281 - Denison University' (live): SAVED top 2 -> https://denison.edu/academics/computer-science/courses + https://denison.edu/academics/computational-science/courses
[428/2688] 'CSC241 - DePaul University' (live): SAVED top 2 -> http://reed.cs.depaul.edu/lperkovic/csc241 + https://blogs.depaul.edu/deblogs/project/a-quick-guide-to-depauls-computer-science-curriculum/
[429/2688] 'CSC242 - DePaul University' (live): SAVED top 2 -> https://facsrv.cdm.depaul.edu/~cmiller/csc242/ + https://reed.cs.depaul.edu/lperkovic/csc242/syllabus.html
[430/2688] 'CSC243 - DePaul University' (live): SAVED top 2 -> http://reed.cs.depaul.edu/lperkovic/csc243/ + https://condor.depaul.edu/ymendels/243/syllabus_243.html
[431/2688] 'CSC371 - DePaul University' (live): SAVED top 1 -> https://www.cdm.depaul.edu/academics/pages/courseinfo.aspx?CrseId=011629
[432/2688] 'CSC461 - DePaul University' (live): SAVED top 2 -> https://www.cdm.depaul.edu/academics/pages/courseinfo.aspx?crseId=012906 + https://srtate.github.io/classes/100.f17/lectures.php.html
[433/2688] 'CSC471 - DePaul University' (live): SAVED top 1 -> https://github.com/dzoolander/CSC471_iOSDev_Homeworks
[434/2688] 'CSC540 - DePaul University' (live): SAVED top 2 -> https://home.uncg.edu/~nlgreen/csc540/ + https://github.com/AuroraTD/CSC540
[435/2688] 'CSC672 - DePaul University': no usable link (live)
[436/2688] 'DCS672 - DePaul University' (live): SAVED top 2 -> https://www.cdm.depaul.edu/academics/pages/classinfo.aspx?Term=20261&amp;ClassNbr=13107&amp;fid=940397 + https://github.com/sa6335/dsc672/
[437/2688] 'DSC323 - DePaul University' (live): SAVED top 2 -> https://github.com/SachitPatel2003/DSC323FinalProject + https://my.cdm.depaul.edu/v2/public/Catalog/CourseInfo?CrseId=001395
[438/2688] 'DSC341 - DePaul University': no usable link (live)
[439/2688] 'DSC423 - DePaul University' (live): SAVED top 2 -> https://github.com/Triffycodes/DSC-423-Data-Analysis-and-Regression + https://www.cdm.depaul.edu/academics/pages/classinfo.aspx?action=download&amp;term=20193&amp;classNbr=36255&amp;fid=368627
[440/2688] 'DSC425 - DePaul University': no usable link (live)
[441/2688] 'DSC441 - DePaul University': no usable link (live)
[442/2688] 'DSC540 - DePaul University': no usable link (live)
[443/2688] 'DSC578 - DePaul University': no usable link (live)
[444/2688] 'DSC672 - DePaul University' (live): SAVED top 2 -> https://github.com/theBraindonor/DSC672 + https://github.com/sa6335/dsc672/
[445/2688] 'ECT250 - DePaul University' (live): SAVED top 2 -> http://facweb.cs.depaul.edu/asettle/research/ect250/notes/introduction.ppt + http://facweb.cs.depaul.edu/asettle//research/ect250/faq.htm
[446/2688] 'ECT583 - DePaul University': no usable link (live)
[447/2688] 'GAM224 - DePaul University' (live): SAVED top 2 -> https://my.cdm.depaul.edu/v2/Public/Catalog/CourseInfo?subject=GAM&amp;CatalogNbr=224 + https://www.cdm.depaul.edu/academics/pages/classinfo.aspx?action=download&amp;term=20243&amp;classNbr=32871&amp;fid=121023
[448/2688] 'ICS392 - DePaul University' (live): SAVED top 1 -> https://github.com/matthelbig/ICS392/blob/master/Midterm-Matt-Helbig/page1.html
[449/2688] 'IS208 - DePaul University' (live): SAVED top 2 -> https://my.cdm.depaul.edu/v2/Public/Syllabus/DownloadSyllabusFile/37792 + https://www.cdm.depaul.edu/academics/pages/classinfo.aspx?Term=20261&amp;ClassNbr=13434&amp;fid=1645
[450/2688] 'IS373 - DePaul University': no usable link (live)
[451/2688] 'IS468 - DePaul University': no usable link (live)
[452/2688] 'ISP103 - DePaul University': no usable link (live)
[453/2688] 'IT123 - DePaul University': no usable link (live)
[454/2688] 'IT130 - DePaul University' (live): SAVED top 2 -> http://facweb.cs.depaul.edu/mobasher/classes/it130/schedule.html + https://ovid.cs.depaul.edu/Classes/IT130-F06/IT130.htm
[455/2688] 'IT230 - DePaul University' (live): SAVED top 2 -> http://facweb.cs.depaul.edu/sjost/it230/notes.htm + http://facweb.cs.depaul.edu/sjost/it230/
[456/2688] 'IT238 - DePaul University': no usable link (live)
[457/2688] 'LSP110 - DePaul University': no usable link (live)
[458/2688] 'LSP121 - DePaul University': no usable link (live)
[459/2688] 'SE359 - DePaul University' (live): SAVED top 1 -> https://www.cdm.depaul.edu/academics/pages/classinfo.aspx?term=20251&amp;classNbr=14631&amp;fid=258484
[460/2688] 'SE433 - DePaul University' (live): SAVED top 2 -> https://condor.depaul.edu/dmumaugh/se433/ + https://github.com/rtalukder/se433
[461/2688] 'SE441 - DePaul University' (live): SAVED top 2 -> https://github.com/depaul-se441-winter2025/assignment-0-learn-github-fundamentals-bramesh1 + https://github.com/depaul-se441-winter2025/
[462/2688] 'SE456 - DePaul University': no usable link (live)
[463/2688] 'COMP130 - Dickinson College': no usable link (live)
[464/2688] 'CS065 - Drake University' (live): SAVED top 2 -> https://analytics.drake.edu/~reza/teaching/cs65_fall25/lecture_slides/cs65_lecture1.pdf + https://analytics.drake.edu/~reza/teaching/cs65_fall22/lecture_slides/cs65_lecture1.pdf
[465/2688] 'CS066 - Drake University' (live): SAVED top 2 -> https://analytics.drake.edu/~manley/CS66/Spring2023/ + https://homes.luddy.indiana.edu/mdreza/cs65_sp22/lecture_slides/cs65_lecture1.pdf
[466/2688] 'CS083 - Drake University': no usable link (live)
[467/2688] 'CS137 - Drake University': no usable link (live)
[468/2688] 'CS167 - Drake University' (live): SAVED top 2 -> https://analytics.drake.edu/~reza/teaching/cs167_sp26/lecture_slides/cs167_lecture1.pdf + https://analytics.drake.edu/~reza/teaching/cs167_sp26/lecture_slides/cs167_lecture2.pdf
[469/2688] 'CS178 - Drake University' (live): SAVED top 2 -> https://ics.uci.edu/~smyth/courses/cs178slides/Lecture01_Introduction.pptx + https://graphics.stanford.edu/courses/cs178/
[470/2688] 'CS65 - Drake University' (live): SAVED top 2 -> https://analytics.drake.edu/~klinge/teaching/2020s/cs65-1/slides/2020-03-24-design-techniques/ + https://analytics.drake.edu/~klinge/teaching/2020s/cs65-0/syllabus/
[471/2688] 'CS66 - Drake University': no usable link (live)
[472/2688] 'FYS018 - Drake University': no usable link (live)
[473/2688] 'CI101 - Drexel University' (live): SAVED top 2 -> https://www.cs.drexel.edu/~trp74/CI101/index.html + https://www.cs.drexel.edu/~trp74/CI101/syllabus/index.html
[474/2688] 'CI103 - Drexel University': no usable link (live)
[475/2688] 'CS164 - Drexel University' (live): SAVED top 2 -> https://www.cs.drexel.edu/~bls96/cs164/ + https://www.cs.drexel.edu/~jpopyack/Courses/CSP/Fa17/notes/01.x_CourseIntro/firstDayInfo.html
[476/2688] 'CS260 - Drexel University': no usable link (live)
[477/2688] 'CS265 - Drexel University' (live): SAVED top 2 -> https://www.cs.drexel.edu/~kss35/CS265/lectures.html + https://www.cs.drexel.edu/~nkl43/cs265/
[478/2688] 'CS504 - Drexel University': no usable link (live)
[479/2688] 'CS543 - Drexel University': no usable link (live)
[480/2688] 'CT312 - Drexel University': no usable link (live)
[481/2688] 'INFO101 - Drexel University': no usable link (live)
[482/2688] 'INFO102 - Drexel University': no usable link (live)
[483/2688] 'INFO103 - Drexel University' (live): SAVED top 2 -> https://jakerylandwilliams.github.io/Intro2DS/index.html + https://leipzig.github.io/Intro2DS/syllabus.pdf
[484/2688] 'INFO151 - Drexel University': no usable link (live)
[485/2688] 'INFO200 - Drexel University': no usable link (live)
[486/2688] 'INFO250 - Drexel University' (live): SAVED top 2 -> https://github.com/kikyo01/info250_team18_projects + https://github.com/LukeIngram/INFO-250-Final-Project
[487/2688] 'INFO355 - Drexel University' (live): SAVED top 1 -> https://github.com/annontopicmodel/unsupervised_topic_modeling/blob/master/topics/en/15/100/100/topics
[488/2688] 'INFO365 - Drexel University' (live): SAVED top 2 -> https://cci.drexel.edu/faculty/thu/Teaching/INFO365/info365.htm + https://cci.drexel.edu/faculty/thu/Teaching/INFO365/365-Syllabus.htm
[489/2688] 'INFO405 - Drexel University': no usable link (live)
[490/2688] 'INFO605 - Drexel University': no usable link (live)
[491/2688] 'SE181 - Drexel University': no usable link (live)
[492/2688] 'SE310 - Drexel University' (live): SAVED top 2 -> https://www.cs.drexel.edu/~aalban/SE310/SE_310_syllabus.pdf + https://www.cs.drexel.edu/~yc349/CS350-SE310.html
[493/2688] 'SE575 - Drexel University': no usable link (live)
[494/2688] 'COMP390 - Duke University' (live): SAVED top 2 -> https://courses.cs.duke.edu/fall25/compsci390.2/ + https://courses.cs.duke.edu/fall22/compsci390/
[495/2688] 'COMP4 - Duke University': no usable link (live)
[496/2688] 'COMPS101L - Duke University' (live): SAVED top 2 -> https://courses.cs.duke.edu/fall25/compsci101/lects/slides/250826/cps101-250826lect.pdf + https://courses.cs.duke.edu/spring25/compsci101/lects/slides/250109/cps101-250109lect.pdf
[497/2688] 'CPS100 - Duke University' (live): SAVED top 2 -> https://courses.cs.duke.edu/fall03/cps100/notes/slides1.pdf + https://courses.cs.duke.edu/fall01/cps100/materials.html
[498/2688] 'CPS108 - Duke University' (live): SAVED top 2 -> https://courses.cs.duke.edu/fall01/cps108/notes/slides1.pdf + https://courses.cs.duke.edu/cps108/spring03/notes/slides1.pdf
[499/2688] 'CS201 - Duke University': no usable link (live)
[500/2688] 'CS203 - Duke University' (live): SAVED top 2 -> https://github.com/ktk53x/Course_Material/blob/master/CS203%20Lectures%20and%20Homework/structs.pdf + https://github.com/ktk53x/Course_Material/blob/master/CS203%20Lectures%20and%20Homework/hw2.pdf
[501/2688] 'CS210 - Duke University': no usable link (live)
[502/2688] 'CS230 - Duke University': no usable link (live)
[503/2688] 'CS290 - Duke University': no usable link (live)
[504/2688] 'CS316 - Duke University' (live): SAVED top 2 -> https://sites.duke.edu/compsci_316d_001_f25/ + https://courses.cs.duke.edu/fall22/compsci316d/
[505/2688] 'CS330 - Duke University' (live): SAVED top 2 -> https://courses.cs.duke.edu/spring26/compsci330/lectures.html + https://sites.duke.edu/spring25compsci330/
[506/2688] 'CS371 - Duke University' (live): SAVED top 2 -> https://dnas.dukekunshan.edu.cn/course-content-type/cs371-duke/ + https://courses.cs.duke.edu/fall22/compsci371/
[507/2688] 'CS6 - Duke University': no usable link (live)
[508/2688] 'CS671 - Duke University': no usable link (live)
[509/2688] 'CS671D - Duke University' (live): SAVED top 2 -> https://courses.cs.duke.edu/fall21/compsci671d/ + https://registrar.duke.edu/registration/course-catalog-schedule-classes/
[510/2688] 'ECE110L - Duke University': no usable link (live)
[511/2688] 'ECE230 - Duke University' (live): SAVED top 2 -> https://ece230.engr.wisc.edu/ + https://github.com/janujc/ECE230
[512/2688] 'ECE250 - Duke University' (live): SAVED top 2 -> https://people.duke.edu/~tkb13/courses/ece250-2025su/slides/01-intro.pdf + https://people.duke.edu/~tkb13/courses/ece250-2026su/slides/01-intro.pdf
[513/2688] 'ECE350 - Duke University' (live): SAVED top 2 -> https://people.duke.edu/~tkb13/courses/ece350-2024fa/ + https://github.com/jzarnett/ece350/tree/main/lectures/compiled
[514/2688] 'ECE560 - Duke University': no usable link (live)
[515/2688] 'ICS125 - Duke University': no usable link (live)
[516/2688] 'CS600 - East Carolina University' (live): SAVED top 2 -> http://wangshusen.github.io/teaching/CS600A21Fall/index.html + http://wangshusen.github.io/teaching/CS600A20Fall/index.html
[517/2688] 'CSCI1010 - East Carolina University' (live): SAVED top 1 -> https://github.com/Mao-ECU/Fall2021_CSCI1010
[518/2688] 'CSCI2405 - East Carolina University': no usable link (live)
[519/2688] 'CSCI2540 - East Carolina University' (live): SAVED top 2 -> https://github.com/guyr18/CSCI-2540 + https://github.com/guyr18/CSCI-2540/blob/main/README.md
[520/2688] 'CSCI3010 - East Carolina University': no usable link (live)
[521/2688] 'CSCI3584 - East Carolina University': no usable link (live)
[522/2688] 'CSCI3650 - East Carolina University' (live): SAVED top 1 -> http://www.cs.ecu.edu/karl/accreditation/public/academic/courses/2022-2023/csci3650/syllabus.html
[523/2688] 'CSCI3700 - East Carolina University': no usable link (live)
[524/2688] 'CSCI4230 - East Carolina University': no usable link (live)
[525/2688] 'CIS128 - Eastern Michigan University': no usable link (live)
[526/2688] 'CIS173 - Eastern Michigan University': no usable link (live)
[527/2688] 'CIS175 - Eastern Michigan University': no usable link (live)
[528/2688] 'CIS335 - Eastern Michigan University' (live): SAVED top 1 -> https://rahatibnrafiq.github.io/cis335/
[529/2688] 'CIS550 - Eastern Michigan University': no usable link (live)
[530/2688] 'CSC121 - Eastern Michigan University' (live): SAVED top 2 -> https://github.com/nadeemabdulhamid/csc121-fall2023/blob/main/syllabus.md + https://kawilliams.github.io/teaching/csc121/
[531/2688] 'CSC122 - Eastern Michigan University' (live): SAVED top 2 -> https://commons.emich.edu/cgi/viewcontent.cgi?article=1149&context=course_sched + https://www.wccnet.edu/webfiles/curriculum-assessment/web/articulation-agreements/college-articulation/EMU%20Information%20Assurance%20and%20Cyber%20Defense%20BS%20-%20AAS%20in%20Cybersecurity.pdf
[532/2688] 'CSC123 - Eastern Michigan University': no usable link (live)
[533/2688] 'CSC127 - Eastern Michigan University' (live): SAVED top 1 -> https://www.emich.edu/computer-science/documents/Simplified%20Course%20Rotation%204.27.23.pdf
[534/2688] 'CSC152 - Eastern Michigan University': no usable link (live)
[535/2688] 'CSC270 - Eastern Michigan University' (live): SAVED top 1 -> https://commons.emich.edu/cgi/viewcontent.cgi?article=1149&context=course_sched
[536/2688] 'CSC273 - Eastern Michigan University' (live): SAVED top 2 -> https://commons.emich.edu/cgi/viewcontent.cgi?article=1149&context=course_sched + https://www.emich.edu/univ/index.php
[537/2688] 'CSC535 - Eastern Michigan University' (live): SAVED top 2 -> https://commons.emich.edu/cgi/viewcontent.cgi?article=1149&context=course_sched + https://guides.emich.edu/classbooks
[538/2688] 'CSC592 - Eastern Michigan University' (live): SAVED top 2 -> https://commons.emich.edu/cgi/viewcontent.cgi?article=1149&context=course_sched + https://guides.emich.edu/az/databases
[539/2688] 'BADM570 - Eastern Washington University': no usable link (live)
[540/2688] 'CSCD240 - Eastern Washington University': no usable link (live)
[541/2688] 'CSCD300 - Eastern Washington University': no usable link (live)
[542/2688] 'CSCD320 - Eastern Washington University' (live): SAVED top 1 -> https://dc.ewu.edu/catalogs/
[543/2688] 'CSCD470 - Eastern Washington University' (live): SAVED top 2 -> https://dc.ewu.edu/catalogs/ + https://support.ewu.edu/support/solutions/folders/10000086943
[544/2688] 'MISC371 - Eastern Washington University' (live): SAVED top 2 -> https://dc.ewu.edu/catalogs/ + https://support.ewu.edu/support/solutions/folders/10000086943
[545/2688] 'CIS211 - Elon University' (live): SAVED top 2 -> https://www.elon.edu/u/registrar/registration/course-section-offerings/ + https://www.elon.edu/u/directory/profile/hajjan/
[546/2688] 'CSC3300 - Elon University' (live): SAVED top 2 -> https://www.elon.edu/u/academics/arts-and-sciences/computer-science/majors-minors/faq/ + https://www.elon.edu/u/academics/koenigsberger-learning-center/academic-advising/video-tutorials/
[547/2688] 'GAM3100 - Elon University' (live): SAVED top 2 -> https://www.elon.edu/u/academics/data-nexus/item-details/mgt-3100/ + https://www.elon.edu/u/academics/core-curriculum/first-year-foundations/
[548/2688] 'CS171 - Emory University' (live): SAVED top 2 -> http://www.cs.emory.edu/~cs171000/ + http://www.cs.emory.edu/~cheung/Courses/171/
[549/2688] 'CS224 - Emory University' (live): SAVED top 2 -> https://registrar.emory.edu/registration/scheduling-tools/course-atlas.html + https://computerscience.emory.edu/
[550/2688] 'CS255 - Emory University' (live): SAVED top 2 -> http://www.cs.emory.edu/~cheung/Courses/255/Syllabus/00/Canvas/CS255-1-Syllabus.pdf + http://www.cs.emory.edu/~cheung/Courses/255/Syllabus/00/Canvas/CS255-Syllabus-MoWe-Spr.pdf
[551/2688] 'CS326 - Emory University' (live): SAVED top 2 -> http://www.cs.emory.edu/~mic/vita.pdf + https://registrar.emory.edu/registration/scheduling-tools/course-atlas.html
[552/2688] 'CS334 - Emory University' (live): SAVED top 2 -> https://computerscience.emory.edu/undergraduate/degrees-and-requirements/cs-bs.html + https://registrar.emory.edu/registration/scheduling-tools/course-atlas.html
[553/2688] 'CS377 - Emory University' (live): SAVED top 2 -> http://www.cs.emory.edu/~nelsay2/cs377.html + https://joyceho.github.io/cs377-s18/syllabus.html
[554/2688] 'CPSC1101 - Fairfield University' (live): SAVED top 1 -> https://www.fairfield.edu/academics/academic-support/catalog/
[555/2688] 'CPSC1131 - Fairfield University' (live): SAVED top 2 -> http://faculty.fairfield.edu/magiscore/documents/sig_elements_sp2020.pdf + https://www.fairfield.edu/academics/academic-support/catalog/
[556/2688] 'CPSC3354 - Fairfield University' (live): SAVED top 2 -> https://github.com/Fairfield-University-CPSC3354-Spring26 + https://course-search-net.fairfield.edu/
[557/2688] 'CPSC4331 - Fairfield University' (live): SAVED top 2 -> https://www.fairfield.edu/academics/academic-support/catalog/ + https://www.fairfield.edu/news/press-releases/2025/september/quick-center-for-the-arts-announces-four-influential-ovf-speakers.html
[558/2688] 'DATA1101 - Fairfield University': no usable link (live)
[559/2688] 'DATA1101L - Fairfield University' (live): SAVED top 2 -> https://digitalcommons.fairfield.edu/archives-coursecatalogs/ + https://www.fairfield.edu/academics/academic-support/catalog/
[560/2688] 'DATA2101 - Fairfield University' (live): SAVED top 2 -> https://www.fairfield.edu/academics/academic-support/catalog/ + https://digitalcommons.fairfield.edu/archives-coursecatalogs/
[561/2688] 'DATA3210 - Fairfield University': no usable link (live)
[562/2688] 'SWEG5360 - Fairfield University': no usable link (live)
[563/2688] 'CEN3073 - Florida Gulf Coast University' (live): SAVED top 2 -> https://www.flbog.edu/wp-content/uploads/2025/03/2025-26_FGCU_General_Education_List.pdf + https://gulfline.fgcu.edu/pls/fgpo/szkschd.p_showform
[564/2688] 'CGS1100 - Florida Gulf Coast University' (live): SAVED top 2 -> https://www.southflorida.edu/wp-content/uploads/2023/10/CGS-1100-Syllabus-Template_Simplified.pdf + http://ruby.fgcu.edu/courses/mhepp/cgs1100-1a.pdf
[565/2688] 'COP1500 - Florida Gulf Coast University': no usable link (live)
[566/2688] 'COP2001 - Florida Gulf Coast University' (live): SAVED top 2 -> https://www.flbog.edu/wp-content/uploads/2025/03/2025-26_FGCU_General_Education_List.pdf + https://gulfline.fgcu.edu/pls/fgpo/szkschd.p_showform
[567/2688] 'COP2006 - Florida Gulf Coast University' (live): SAVED top 2 -> https://gulfline.fgcu.edu/pls/fgpo/szkschd.p_showform + https://fgcu-web02.fgcu.edu/CourseDescriptions/
[568/2688] 'COP3003 - Florida Gulf Coast University' (live): SAVED top 2 -> https://www.gulfcoast.edu/catalog/current/courses/cop/index.html + https://fgcu-web04.fgcu.edu/syllabi/202201/10417/10417_202201.pdf
[569/2688] 'COT3400 - Florida Gulf Coast University' (live): SAVED top 2 -> https://gulfline.fgcu.edu/pls/fgpo/szkschd.p_showform + https://www.gulfcoast.edu/catalog/current/courses/index.pdf
[570/2688] 'ENT3607 - Florida Gulf Coast University' (live): SAVED top 2 -> https://www.flbog.edu/wp-content/uploads/2025/03/2025-26_FGCU_General_Education_List.pdf + https://gulfline.fgcu.edu/pls/fgpo/szkschd.p_showform
[571/2688] 'ISM3053 - Florida Gulf Coast University' (live): SAVED top 2 -> https://gulfcoast.edu/catalog/current/courses/index.html + https://www.gulfcoast.edu/catalog/current/catalog.pdf
[572/2688] 'ISM3230 - Florida Gulf Coast University' (live): SAVED top 2 -> https://gulfline.fgcu.edu/pls/fgpo/szkschd.p_showform + https://fgcu-web04.fgcu.edu/syllabi/202001/11061/11061_202001.pdf
[573/2688] 'ISM4332 - Florida Gulf Coast University' (live): SAVED top 2 -> https://gulfline.fgcu.edu/pls/fgpo/szkschd.p_showform + https://fgcu-web04.fgcu.edu/syllabi/202001/13336/13336_202001.pdf
[574/2688] 'CAP4506 - Florida International University' (live): SAVED top 2 -> https://users.cs.fiu.edu/~prabakar/upc/Syllabus_2021-06-08_backup/CAP_4506.pdf + https://learnermarketplace.fiu.edu/
[575/2688] 'CAP4630 - Florida International University' (live): SAVED top 2 -> https://users.cs.fiu.edu/~prabakar/upc/2018-19/restructure/syllabi/MissingCourseSyllabus/CAP_4630.pdf + http://users.cis.fiu.edu/~jabobadi/CAP4630/
[576/2688] 'CAP5507 - Florida International University' (live): SAVED top 1 -> https://syllabi.fiu.edu/
[577/2688] 'CAP5640 - Florida International University' (live): SAVED top 2 -> https://users.cs.fiu.edu/~prabakar/upc/Syllabus_2021-06-08_backup/CAP_5640.pdf + https://www.cis.fiu.edu/wp-content/uploads/2024/04/MS-in-Information-Tech-1.pdf
[578/2688] 'CDA3102 - Florida International University' (live): SAVED top 2 -> https://users.cs.fiu.edu/~prabakar/ugc/Syllabus_2021-06-08_backup/CDA_3102.pdf + http://visa.lab.asu.edu/web/wp-content/uploads/2015/12/syllabus-adv-comp-architecture.pdf
[579/2688] 'CDA3103 - Florida International University' (live): SAVED top 2 -> https://users.cs.fiu.edu/~prabakar/upc/Syllabus_2021-06-08_backup/CDA_3103.pdf + https://users.cs.fiu.edu/~prabakar/cda4101/Common/presentation/3103Topics.pdf
[580/2688] 'CEN3721 - Florida International University' (live): SAVED top 1 -> https://users.cs.fiu.edu/~prabakar/ugc/2014-15/b_Cloud_HCI/CEN3721/CEN_3721Syllabus.doc
[581/2688] 'CEN4010 - Florida International University' (live): SAVED top 1 -> https://users.cs.fiu.edu/~clarkep/courses/Fall2005/cen4010/syllabus.html
[582/2688] 'CEN4072 - Florida International University' (live): SAVED top 2 -> https://users.cs.fiu.edu/~prabakar/upc/Syllabus_2021-06-08_backup/CEN_4072.pdf + http://www3.cis.fiu.edu/services/ica/samples/index.cgi?course_number=CEN-4072
[583/2688] 'CEN5011 - Florida International University' (live): SAVED top 2 -> https://users.cs.fiu.edu/~prabakar/upc/Syllabus_2021-06-08_backup/CEN_5011.pdf + https://www.cis.fiu.edu/wp-content/uploads/2024/04/MS-in-Information-Tech-1.pdf
[584/2688] 'CEN5087 - Florida International University': no usable link (live)
[585/2688] 'CGS2518 - Florida International University' (live): SAVED top 1 -> https://users.cs.fiu.edu/~mrobi002/teaching/cgs2518/syl_cgs2518_2025Spring.php?days=MW&id=01
[586/2688] 'CGS3092 - Florida International University' (live): SAVED top 2 -> https://nweb.eng.fiu.edu/sminer/cop3835/COP3835.htm + https://goglobal.fiu.edu/faculty-staff/
[587/2688] 'CGS3095 - Florida International University' (live): SAVED top 1 -> https://library.fiu.edu/cgs3095
[588/2688] 'CGS3767 - Florida International University': no usable link (live)
[589/2688] 'CGS4285 - Florida International University' (live): SAVED top 2 -> https://users.cs.fiu.edu/~esj/cgs4285/syllabus.html + https://brand.fiu.edu/downloads/
[590/2688] 'CGS4825 - Florida International University' (live): SAVED top 2 -> https://users.cs.fiu.edu/~prabakar/upc/Syllabus_2021-06-08_backup/CGS_4825.pdf + https://lacc.fiu.edu/academics/undergraduate-courses/
[591/2688] 'CNT4182 - Florida International University' (live): SAVED top 1 -> https://news.fiu.edu/2020/how-to-prepare-for-online-classes
[592/2688] 'CNT4403 - Florida International University' (live): SAVED top 2 -> https://users.cs.fiu.edu/~prabakar/ugc/2023/B6/2022-2023-B6-CRSCHG-5185_CNT-4403.pdf + https://users.cs.fiu.edu/~prabakar/ugc/Syllabus_2021-06-08_backup/CNT_4403.pdf
[593/2688] 'CNT4513 - Florida International University' (live): SAVED top 2 -> https://users.cs.fiu.edu/~prabakar/upc/Syllabus_2021-06-08_backup/CNT_4513.pdf + https://careertraining.fiu.edu/
[594/2688] 'CNT6141 - Florida International University' (live): SAVED top 2 -> https://lacc.fiu.edu/academics/undergraduate-courses/ + https://digitalcommons.fiu.edu/record/2183?ln=en
[595/2688] 'COP2210 - Florida International University' (live): SAVED top 2 -> https://users.cs.fiu.edu/~weiss/cop2210_f98/ + http://users.cis.fiu.edu/~shawg/2210/cop2210.html
[596/2688] 'COP2250 - Florida International University' (live): SAVED top 2 -> https://users.cs.fiu.edu/~prabakar/upc/Syllabus_2021-06-08_backup/COP_2250.pdf + https://users.cs.fiu.edu/~downeyt/cop2250/syl2250.01.shtml
[597/2688] 'COP3337 - Florida International University' (live): SAVED top 2 -> https://users.cs.fiu.edu/~pestaina/cop3337.html + http://users.cis.fiu.edu/~shawg/3337/cop3337.html
[598/2688] 'COP4005 - Florida International University' (live): SAVED top 1 -> https://users.cs.fiu.edu/~prabakar/upc/2008-09/catalog/cop4005/cop4005_detailed_syllabusV3.pdf
[599/2688] 'COP4226 - Florida International University' (live): SAVED top 1 -> https://users.cs.fiu.edu/~downeyt/cop4226/old/1308/syl4226.01.shtml
[600/2688] 'COP4338 - Florida International University' (live): SAVED top 2 -> https://users.cis.fiu.edu/~weiss/cop4338_sum03/ + https://github.com/iukac001/teach-COP4338F14
[601/2688] 'COP4534 - Florida International University' (live): SAVED top 1 -> https://users.cs.fiu.edu/~weiss/cop4534_f14/syllabus.html
[602/2688] 'COP4555 - Florida International University' (live): SAVED top 2 -> https://users.cs.fiu.edu/~downeyt/cop4555/syl.shtml?room=Remote%3AZoom&section=01&time=TR%3A5%3A00-6%3A15PM + https://brand.fiu.edu/downloads/
[603/2688] 'COP4703 - Florida International University': no usable link (live)
[604/2688] 'COP4814 - Florida International University' (live): SAVED top 2 -> https://users.cs.fiu.edu/~prabakar/ugc/2014-15/g_ITreview/cop4814Revision/Previous_COP_4814Syllabus.pdf + https://users.cs.fiu.edu/~prabakar/ugc/2016-17/h_mtg/COP4814/COP4814_Course_Outline_2015-02-24.docx
[605/2688] 'COT3541 - Florida International University' (live): SAVED top 2 -> https://users.cs.fiu.edu/~prabakar/upc/2016-17/b_mtg/5_COT-3541_CourseChange/COT_3541_Syllabus.doc + https://users.cs.fiu.edu/~pelina/COT3541/Syllabus.txt
[606/2688] 'COT5407 - Florida International University' (live): SAVED top 2 -> http://users.cis.fiu.edu/~jabobadi/COT5407/ + https://www.usf.edu/ai-cybersecurity-computing/academics/graduate-certificates/pathway-to-computing/cot-5407-algorithms-essentials.aspx
[607/2688] 'CTS1120 - Florida International University' (live): SAVED top 2 -> https://www.mdc.edu/asa/documents/competencies/pdf/CTS1120%20Cybersecurity%20Fundamentals.pdf + https://gordoninstitute.fiu.edu/academics/certificates/undergraduate-certificate-in-global-cybersecurity-policy/assets/summer-2025-cipp-course-catalog.docx
[608/2688] 'CTS4408 - Florida International University' (live): SAVED top 2 -> https://users.cs.fiu.edu/~prabakar/upc/Syllabus_2021-06-08_backup/CTS_4408.pdf + https://users.cs.fiu.edu/~prabakar/upc/Syllabus_2021-06-08_backup/CTS_4408.doc
[609/2688] 'EEE3303 - Florida International University' (live): SAVED top 1 -> https://cec.fiu.edu/about/schools-departments/electrical-computer-engineering/
[610/2688] 'EEL3712L - Florida International University' (live): SAVED top 1 -> https://web.eng.fiu.edu/watsonh/EEL3712/EEL3712.html
[611/2688] 'EGN1002 - Florida International University' (live): SAVED top 1 -> https://web.eng.fiu.edu/ARELLANO/1002/1Introduction/IntroductionS.pptx
[612/2688] 'CAP4601 - Florida State University' (live): SAVED top 2 -> https://www.cs.fsu.edu/~lacher/courses/CAP4601/ch1_files/slide0012.htm + https://www.cs.fsu.edu/~cap5605/syl.pdf
[613/2688] 'CCJ3071 - Florida State University' (live): SAVED top 2 -> https://ap.bulletin.fsu.edu/courses/6669381 + https://ap.bulletin.fsu.edu/courses
[614/2688] 'CIS3250 - Florida State University' (live): SAVED top 2 -> https://www.cs.fsu.edu/UCC/2023-2024UGCC/march-22-2024/Trad-CIS3250.docx + https://registrar.fsu.edu/course-descriptions
[615/2688] 'CJE4615 - Florida State University': no usable link (live)
[616/2688] 'COP3014 - Florida State University': no usable link (live)
[617/2688] 'COP3330 - Florida State University' (live): SAVED top 2 -> https://www.cs.fsu.edu/~myers/cop3330/ + https://gaosh.github.io/courses/cop_3330_spring26/
[618/2688] 'COP3363 - Florida State University': no usable link (live)
[619/2688] 'COP4521 - Florida State University' (live): SAVED top 2 -> https://www.cs.fsu.edu/~xyuan/cop4521/lect1_syllabus4521.pptx + https://www.cs.fsu.edu/~xyuan/cop4521/syllabus.html
[620/2688] 'COP4531 - Florida State University': no usable link (live)
[621/2688] 'COP4610 - Florida State University': no usable link (live)
[622/2688] 'COP4710 - Florida State University' (live): SAVED top 2 -> https://www.cs.fsu.edu/~zhao/cop4710/slides/Introduction.pptx + https://www.cs.fsu.edu/~zhao/cop4710/main.html
[623/2688] 'COT4420 - Florida State University': no usable link (live)
[624/2688] 'CISC1100 - Fordham University': no usable link (live)
[625/2688] 'CISC1400 - Fordham University' (live): SAVED top 2 -> https://www.dsm.fordham.edu/~agw/discrete/handouts/ + https://www.dsm.fordham.edu/~agw/discrete/index.html
[626/2688] 'CISC2000 - Fordham University': no usable link (live)
[627/2688] 'CISC2100 - Fordham University' (live): SAVED top 2 -> https://storm.cis.fordham.edu/~zhang/cs2100/slides/Introduction.pptx + https://storm.cis.fordham.edu/zhang/cs2100/
[628/2688] 'CISC3500 - Fordham University' (live): SAVED top 2 -> https://bulletin.fordham.edu/courses/ + https://bulletin.fordham.edu/courses/cisc/
[629/2688] 'CISC3593 - Fordham University': no usable link (live)
[630/2688] 'CISC4080 - Fordham University' (live): SAVED top 2 -> https://storm.cis.fordham.edu/~zhang/cs4080/schedule.htm + https://storm.cis.fordham.edu/zhang/cs4080/schedule.htm
[631/2688] 'CISC4615 - Fordham University' (live): SAVED top 2 -> https://www.dsm.fordham.edu/~moniot/Classes/DataComm23F/cisc4615.html + https://www.dsm.fordham.edu/~moniot/Classes/DataComm23F/cisc4615.pdf
[632/2688] 'COMP101 - Fordham University': no usable link (live)
[633/2688] 'COMP1100 - Fordham University': no usable link (live)
[634/2688] 'COMP1102 - Fordham University': no usable link (live)
[635/2688] 'CSC272 - Furman University': no usable link (live)
[636/2688] 'ECE101 - George Mason University': no usable link (live)
[637/2688] 'CS1111 - George Washington University': no usable link (live)
[638/2688] 'CSCI1012 - George Washington University' (live): SAVED top 2 -> https://gwu-csci1012.github.io/units/additional-resources/insructor-notes/week-4.html + https://www2.seas.gwu.edu/~cs4all/1012/
[639/2688] 'CSCI1111 - George Washington University' (live): SAVED top 2 -> https://www2.seas.gwu.edu/~pfrank/classes/cs1111/lectures/lectureNotes0.html + https://www2.seas.gwu.edu/~kinga/CS1111_S26/index.html
[640/2688] 'CSCI2113 - George Washington University' (live): SAVED top 2 -> https://github.com/akhilvanka/gw-csci2113 + https://cs.engineering.gwu.edu/notes-cs-courses-offered-undergraduate-cs-majors-spring-2024
[641/2688] 'CSCI2312 - George Washington University': no usable link (live)
[642/2688] 'CSCI2541 - George Washington University': no usable link (live)
[643/2688] 'CSCI3411 - George Washington University' (live): SAVED top 2 -> https://www2.seas.gwu.edu/~gparmer/courses/f13_3411/l1.pdf + https://www2.seas.gwu.edu/~gparmer/courses/f13_3411/l3.pdf
[644/2688] 'CSCI4531 - George Washington University' (live): SAVED top 2 -> https://jiezhoucs.github.io/courses/csci-4531/spring-2025/ + https://bulletin.gwu.edu/courses/csci/
[645/2688] 'DATS2104 - George Washington University': no usable link (live)
[646/2688] 'ECE1120 - George Washington University': no usable link (live)
[647/2688] 'ECE2110 - George Washington University' (live): SAVED top 2 -> https://blogs.gwu.edu/ece2110/ + https://blogs.gwu.edu/ece2110/lab/
[648/2688] 'COS051 - Georgetown University': no usable link (live)
[649/2688] 'COSC030 - Georgetown University': no usable link (live)
[650/2688] 'COSC051 - Georgetown University' (live): SAVED top 2 -> https://people.cs.georgetown.edu/~addison/files/syllabus/Syllabus-COSC051-Fall2014.pdf + https://static.scs.georgetown.edu/upload/files/syllabi/term_201620/course_COSC-051/section_10/COSC-051-10.pdf
[651/2688] 'COSC052 - Georgetown University' (live): SAVED top 2 -> https://people.cs.georgetown.edu/~maloof/cosc052.s20/ + https://people.cs.georgetown.edu/~maloof/cosc052.s23/
[652/2688] 'COSC072 - Georgetown University': no usable link (live)
[653/2688] 'COSC1020 - Georgetown University' (live): SAVED top 2 -> https://bulletin.georgetown.edu/schools-programs/college/degree-programs/computer-science/ + https://cs.georgetown.edu/
[654/2688] 'COSC1030 - Georgetown University': no usable link (live)
[655/2688] 'COSC160 - Georgetown University' (live): SAVED top 1 -> https://people.cs.georgetown.edu/~maloof/cosc160.f21/
[656/2688] 'COSC240 - Georgetown University': no usable link (live)
[657/2688] 'COSC255 - Georgetown University': no usable link (live)
[658/2688] 'COSC270 - Georgetown University': no usable link (live)
[659/2688] 'CPS121 - Georgetown University': no usable link (live)
[660/2688] 'CS1100 - Georgia Institute of Technology': no usable link (live)
[661/2688] 'CS1301 - Georgia Institute of Technology' (live): SAVED top 2 -> https://syllabus.gatech.edu/syllabi/1301/a + https://oscar.gatech.edu/bprod/bwckctlg.p_disp_course_detail?cat_term_in=202208&amp;subj_code_in=CS&amp;crse_numb_in=1301
[662/2688] 'CS130A - Georgia Institute of Technology': no usable link (live)
[663/2688] 'CS130B - Georgia Institute of Technology': no usable link (live)
[664/2688] 'CS1315 - Georgia Institute of Technology' (live): SAVED top 2 -> https://faculty.cc.gatech.edu/~bleahy/cs1315/ + https://faculty.cc.gatech.edu/~bleahy/cs1315/01_IntroductionToCourse.ppt
[665/2688] 'CS1331 - Georgia Institute of Technology' (live): SAVED top 2 -> https://cs1331.gitlab.io/slides/introduction.pdf + https://cs1331.gitlab.io/syllabus.html
[666/2688] 'CS1332 - Georgia Institute of Technology': no usable link (live)
[667/2688] 'CS1371 - Georgia Institute of Technology': no usable link (live)
[668/2688] 'CS2050 - Georgia Institute of Technology' (live): SAVED top 2 -> https://syllabus.gatech.edu/sites/default/files/2026-04/CS2050%20Syllabus.pdf + https://github.com/CS-2050
[669/2688] 'CS2051 - Georgia Institute of Technology': no usable link (live)
[670/2688] 'CS2200 - Georgia Institute of Technology': no usable link (live)
[671/2688] 'CS2316 - Georgia Institute of Technology' (live): SAVED top 2 -> https://europe.gatech.edu/sites/default/files/2023-10/CS2316_Syllabus.pdf + https://faculty.cc.gatech.edu/~sweat/cs2316/syllabus.html
[672/2688] 'CS2340 - Georgia Institute of Technology': no usable link (live)
[673/2688] 'CS3001 - Georgia Institute of Technology' (live): SAVED top 2 -> https://faculty.cc.gatech.edu/~asb/teaching/3001/spring23/index.html + https://oscar.gatech.edu/bprod/bwckctlg.p_disp_course_detail?cat_term_in=202302&amp;subj_code_in=CS&amp;crse_numb_in=3001
[674/2688] 'CS3210 - Georgia Institute of Technology': no usable link (live)
[675/2688] 'CS3220 - Georgia Institute of Technology': no usable link (live)
[676/2688] 'CS3300 - Georgia Institute of Technology': no usable link (live)
[677/2688] 'CS3311 - Georgia Institute of Technology': no usable link (live)
[678/2688] 'CS3312 - Georgia Institute of Technology' (live): SAVED top 2 -> https://github.com/OsamuSkyhacker/SJTU-CS3312-Lab + https://syllabus.gatech.edu/
[679/2688] 'CS3510 - Georgia Institute of Technology': no usable link (live)
[680/2688] 'CS3600 - Georgia Institute of Technology': no usable link (live)
[681/2688] 'CS3630 - Georgia Institute of Technology' (live): SAVED top 2 -> https://faculty.cc.gatech.edu/~seth/Teaching/cs3630/index2018.php + https://faculty.cc.gatech.edu/~seth/Teaching/cs3630/index2018.php?u=schedule
[682/2688] 'CS3790 - Georgia Institute of Technology' (live): SAVED top 2 -> https://github.com/shlad9/CS-3790-Cognitive-Science/blob/main/ + https://oscar.gatech.edu/bprod/bwckctlg.p_disp_course_detail?cat_term_in=201405&amp;subj_code_in=CS&amp;crse_numb_in=3790
[683/2688] 'CS4220 - Georgia Institute of Technology' (live): SAVED top 2 -> https://sites.gatech.edu/cse6220fall24/ + https://oscar.gatech.edu/bprod/bwckctlg.p_disp_course_detail?cat_term_in=202108&amp;subj_code_in=CS&amp;crse_numb_in=4220
[684/2688] 'CS4240 - Georgia Institute of Technology' (live): SAVED top 2 -> https://faculty.cc.gatech.edu/~qrzhang/course/cs4240/index.html + https://bo-dai.github.io/CX4240-spring2026/slides/lecture1.pdf
[685/2688] 'CS4400 - Georgia Institute of Technology': no usable link (live)
[686/2688] 'CS4470 - Georgia Institute of Technology' (live): SAVED top 2 -> https://sites.cc.gatech.edu/classes/AY2001/cs4470_fall/ + https://sites.cc.gatech.edu/classes/AY2002/cs4470_fall/
[687/2688] 'CS4476 - Georgia Institute of Technology': no usable link (live)
[688/2688] 'CS4510 - Georgia Institute of Technology': no usable link (live)
[689/2688] 'CS4605 - Georgia Institute of Technology': no usable link (live)
[690/2688] 'CS4675 - Georgia Institute of Technology' (live): SAVED top 2 -> https://syllabus.gatech.edu/sites/default/files/2026-03/CS4675-Summer2026-CTL%20Syllabus%20Template%20-%20Revised-2026-03-18.pdf + https://faculty.cc.gatech.edu/~lingliu/courses/cs6675/14Spring/lectures.htm
[691/2688] 'CS4731 - Georgia Institute of Technology': no usable link (live)
[692/2688] 'CS6035 - Georgia Institute of Technology': no usable link (live)
[693/2688] 'CS6220 - Georgia Institute of Technology': no usable link (live)
[694/2688] 'CS6235 - Georgia Institute of Technology' (live): SAVED top 2 -> https://syllabus.gatech.edu/syllabi/6235/a + https://oscar.gatech.edu/bprod/bwckctlg.p_disp_course_detail?cat_term_in=202208&amp;subj_code_in=CS&amp;crse_numb_in=6235
[695/2688] 'CS6262 - Georgia Institute of Technology' (live): SAVED top 2 -> https://omscs.gatech.edu/cs-6262-network-security + https://github.com/brymon68/cs-6262
[696/2688] 'CS6365 - Georgia Institute of Technology' (live): SAVED top 2 -> https://github.com/aaarrmiinnn/GW-CS6365 + https://syllabus.gatech.edu/sites/default/files/2026-04/26Su-56655-Pu-CS-4365-IEC_1.pdf
[697/2688] 'CS6476 - Georgia Institute of Technology': no usable link (live)
[698/2688] 'CS6515 - Georgia Institute of Technology': no usable link (live)
[699/2688] 'CS6601 - Georgia Institute of Technology': no usable link (live)
[700/2688] 'CS6750 - Georgia Institute of Technology' (live): SAVED top 2 -> https://sites.cc.gatech.edu/computing/classes/AY2010/cs6750_fall/slides/1-intro.ppt + https://github.com/idkaaa/cs-6750-hci-sp22-public/blob/main/lectures/edited-lecture-notes.md
[701/2688] 'CS7632 - Georgia Institute of Technology': no usable link (live)
[702/2688] 'CS7637 - Georgia Institute of Technology' (live): SAVED top 2 -> https://github.com/parthi2929/gt_cs7637/blob/master/Slides/02%20-%20Introduction%20to%20CS7637.pptx + https://omscs.gatech.edu/cs-7637-knowledge-based-ai
[703/2688] 'CS7643 - Georgia Institute of Technology': no usable link (live)
[704/2688] 'CS8803 - Georgia Institute of Technology': no usable link (live)
[705/2688] 'CSE6040 - Georgia Institute of Technology': no usable link (live)
[706/2688] 'CSE6220 - Georgia Institute of Technology': no usable link (live)
[707/2688] 'CSE6740 - Georgia Institute of Technology' (live): SAVED top 2 -> https://github.com/PsyDak-Meng/CSE6740-Computational_Data_Analysis + https://syllabus.gatech.edu/syllabi/6740/oan-0
[708/2688] 'CX4220 - Georgia Institute of Technology' (live): SAVED top 2 -> https://jhdeerin.github.io/notesPageTest/ + https://sites.gatech.edu/cse6220fall24/
[709/2688] 'ECE2020 - Georgia Institute of Technology' (live): SAVED top 2 -> https://ece2020.ece.gatech.edu/ + https://ece.gatech.edu/courses/ece2020
[710/2688] 'ECE2026 - Georgia Institute of Technology' (live): SAVED top 2 -> https://ece.gatech.edu/courses/ece2026 + https://europe.gatech.edu/sites/default/files/2024-10/ECE%202026%20Spring%202025-%20Syllabus.pdf
[711/2688] 'ECE2031 - Georgia Institute of Technology' (live): SAVED top 2 -> https://syllabus.gatech.edu/sites/default/files/2026-04/ECE2031Syllabus_Summer2026_0.pdf + https://europe.gatech.edu/sites/default/files/academic-info/syllabus/sp20/ece_2031-syllabus.pdf
[712/2688] 'ECE2035 - Georgia Institute of Technology' (live): SAVED top 2 -> https://syllabus.gatech.edu/sites/default/files/2026-04/Fall-2026-Wills-ECE-2035A_0.pdf + https://ece.gatech.edu/courses/ece2035
[713/2688] 'ECE2040 - Georgia Institute of Technology' (live): SAVED top 2 -> https://hasler.ece.gatech.edu/Courses/ECE2040/Topics.html + https://europe.gatech.edu/sites/default/files/2024-09/ECE%202040.pdf
[714/2688] 'ECE3150 - Georgia Institute of Technology' (live): SAVED top 2 -> https://syllabus.gatech.edu/sites/default/files/2026-04/ECE3150%20Syllabus_1.pdf + https://ece.gatech.edu/courses/ece3150
[715/2688] 'ECE3741 - Georgia Institute of Technology' (live): SAVED top 2 -> https://ece3741.ece.gatech.edu/ + https://ece.gatech.edu/courses/ece3741
[716/2688] 'ECE4781 - Georgia Institute of Technology' (live): SAVED top 2 -> https://ece.gatech.edu/courses/ece4781 + https://ece.gatech.edu/courses?page=2
[717/2688] 'ECE6100 - Georgia Institute of Technology' (live): SAVED top 2 -> https://hsienhsinlee.github.io/course_slides/ECE6100.html + https://ece.gatech.edu/courses/ece6100
[718/2688] 'ECE6254 - Georgia Institute of Technology' (live): SAVED top 2 -> https://mdav.ece.gatech.edu/ece-6254-spring2024/ + https://ece.gatech.edu/courses/ece6254
[719/2688] 'ECE6550 - Georgia Institute of Technology' (live): SAVED top 2 -> https://ece.gatech.edu/courses/ece6550 + https://syllabus.gatech.edu/sites/default/files/2026-04/ECE%206550%20Summer%202026%20Syllabus_0.pdf
[720/2688] 'ECE7750 - Georgia Institute of Technology' (live): SAVED top 2 -> https://vmuthukumar.ece.gatech.edu/teaching-advising/ece-7750-mathematical-foundations-of-machine-learning-fall-2025/ + https://bloch.ece.gatech.edu/teaching/ece7750fa21/
[721/2688] 'AIP2023 - Georgia State University' (live): SAVED top 2 -> https://cdn.gsu.edu/syllabi/ + https://academic.gsu.edu/syllabi/
[722/2688] 'CIS2010 - Georgia State University' (live): SAVED top 2 -> https://www2.isye.gatech.edu/~hsharp/cis2010/cis2010_sp08.pdf + https://robinson.gsu.edu/academic-departments/computer-information-systems/undergraduate-curriculum/
[723/2688] 'CIS3260 - Georgia State University' (live): SAVED top 2 -> https://github.com/Yanran1123/CIS3260/blob/master/README.md + https://findprograms.gsu.edu/program/computer-information-systems-bba/
[724/2688] 'CIS3730 - Georgia State University' (live): SAVED top 2 -> https://digitalcollections.library.gsu.edu/digital/api/collection/catalogs/id/2348/download + https://www.gsu.edu/program/computer-information-systems-bba/
[725/2688] 'CIS4680 - Georgia State University': no usable link (live)
[726/2688] 'CIS4688 - Georgia State University' (live): SAVED top 2 -> https://publichealth.gsu.edu/teaching-resources/ + https://ebcs.gsu.edu/courses/
[727/2688] 'CS1302 - Georgia State University' (live): SAVED top 2 -> https://tinman.cs.gsu.edu/~raj/1302/sp25/ + https://csds.gsu.edu/course-descriptions-schedule/
[728/2688] 'CS2510 - Georgia State University' (live): SAVED top 2 -> https://tinman.cs.gsu.edu/~parag/Summer2025_TF_Syllabus.pdf + https://csds.gsu.edu/course-descriptions-schedule/
[729/2688] 'CSC1302 - Georgia State University' (live): SAVED top 2 -> https://tinman.cs.gsu.edu/~raj/1302/sp25/ + https://csds.gsu.edu/course-descriptions-schedule/
[730/2688] 'CSC2720 - Georgia State University' (live): SAVED top 2 -> https://csds.gsu.edu/undergraduate/two-year-course-schedule/ + https://tinman.cs.gsu.edu/~parag/DS_Syllabus.pdf
[731/2688] 'CSC3320 - Georgia State University' (live): SAVED top 2 -> https://hallertau.cs.gsu.edu/~mweeks/csc3320/ + https://hallertau.cs.gsu.edu/~mweeks/csc3320/syllab3320Fa26.html
[732/2688] 'CSC4260 - Georgia State University' (live): SAVED top 2 -> https://csds.gsu.edu/undergraduate/two-year-course-schedule/ + https://digitalcollections.library.gsu.edu/digital/api/collection/catalogs/id/668/download
[733/2688] 'CSC4760 - Georgia State University' (live): SAVED top 2 -> https://csds.gsu.edu/undergraduate/two-year-course-schedule/ + https://csds.gsu.edu/course-descriptions-schedule/
[734/2688] 'CPSC122 - Gonzaga University' (live): SAVED top 1 -> https://cs.gonzaga.edu/faculty/olivares/CPSC-122-Syllabus-Fall-2023.pdf
[735/2688] 'CPSC223 - Gonzaga University' (live): SAVED top 1 -> https://www.cs.yale.edu/homes/aspnes/classes/223/notes.html
[736/2688] 'CPSC321 - Gonzaga University': no usable link (live)
[737/2688] 'CPSC326 - Gonzaga University': no usable link (live)
[738/2688] 'CPSC332 - Gonzaga University' (live): SAVED top 1 -> https://cs.gonzaga.edu/faculty/olivares/CPSC-332-Syllabus-Fall-2022.pdf
[739/2688] 'CPSC346 - Gonzaga University': no usable link (live)
[740/2688] 'CSC207 - Grinnell College' (live): SAVED top 2 -> https://rebelsky.cs.grinnell.edu/Courses/CSC207/2024Fa/syllabus/ + https://www.teach.cs.toronto.edu/~csc207h/summer/lectures.shtml
[741/2688] 'CS109 - Harvard University' (live): SAVED top 2 -> https://cs109.github.io/2015/pages/videos.html + https://harvardonline.harvard.edu/course/introduction-data-science-python
[742/2688] 'CS20 - Harvard University' (live): SAVED top 2 -> https://embeddedethics.seas.harvard.edu/cs-20-spring-2021/ + https://lewis.seas.harvard.edu/pages/csci-e-20
[743/2688] 'CS50X - Harvard University' (live): SAVED top 2 -> https://cs50.harvard.edu/x/notes/0/ + https://cs50.harvard.edu/x/notes/1/
[744/2688] 'CSCIE109B - Harvard University' (live): SAVED top 2 -> https://qrd.college.harvard.edu/directory/stat-109b/ + https://beta.my.harvard.edu/course/STAT109B/2027-Spring/001
[745/2688] 'CS070 - Harvey Mudd College' (live): SAVED top 2 -> https://www.hmc.edu/cs/academic-programs/course-descriptions/ + https://www.hmc.edu/cs/academic-policies/passing-course-by-exam/
[746/2688] 'CS5GOLD - Harvey Mudd College' (live): SAVED top 2 -> https://www.hmc.edu/cs/academic-policies/curriculum-policies/ + https://www.hmc.edu/cs/academic-programs/course-descriptions/
[747/2688] 'CS5GR - Harvey Mudd College' (live): SAVED top 2 -> https://www.hmc.edu/academics/common-core-curriculum/ + https://www.hmc.edu/cs/academic-programs/course-descriptions/
[748/2688] 'CS81 - Harvey Mudd College' (live): SAVED top 2 -> https://www.hmc.edu/cs/academic-programs/sample-schedule/ + https://www.cs.unm.edu/~learningcomputing/readings/13_klawe.pdf
[749/2688] 'CSCI005 - Harvey Mudd College' (live): SAVED top 1 -> https://www.hmc.edu/summer-session/previous-summer-session-courses/
[750/2688] 'CSCI060 - Harvey Mudd College': no usable link (live)
[751/2688] 'CSCI070 - Harvey Mudd College' (live): SAVED top 1 -> https://www.hmc.edu/ai/courses-in-artificial-intelligence/
[752/2688] 'CSCI081 - Harvey Mudd College' (live): SAVED top 1 -> https://www.cs.unm.edu/~learningcomputing/readings/13_klawe.pdf
[753/2688] 'CSCI153 - Harvey Mudd College': no usable link (live)
[754/2688] 'CMSC231 - Haverford College' (live): SAVED top 2 -> https://www.haverford.edu/sites/default/files/Office/Registrar/Fall-Course-Guide-2025.pdf + https://thao-nguyen-ai.github.io/courses/cs105/s25/index.html
[755/2688] 'CMSC260 - Haverford College' (live): SAVED top 2 -> https://www.haverford.edu/academics/academic-catalog-result/CMSC%20H260 + https://www.haverford.edu/computer-science/courses/course-catalog
[756/2688] 'CMSC340 - Haverford College' (live): SAVED top 2 -> http://www.cs.haverford.edu/courses/cmsc340/ + https://www.haverford.edu/academics/computer-science-major-minor-and-concentration
[757/2688] 'CS14 - Hofstra University' (live): SAVED top 2 -> https://cs.hofstra.edu/~cscgzo/Courses/CS14/Admin/syllabus14Fall24.pdf + https://bulletin.hofstra.edu/content.php?catoid=140&navoid=25872&filter%5Bitem_type%5D=3&filter%5Bonly_active%5D=1&filter%5B3%5D=1&filter%5Bcpage%5D=5&expand=1
[758/2688] 'CSC001 - Hofstra University' (live): SAVED top 2 -> https://bulletin.hofstra.edu/content.php?catoid=140&navoid=25872&filter%5Bitem_type%5D=3&filter%5Bonly_active%5D=1&filter%5B3%5D=1&filter%5Bcpage%5D=5&expand=1 + https://bulletin.hofstra.edu/content.php?catoid=147&navoid=27835&expand=1
[759/2688] 'CSC005 - Hofstra University' (live): SAVED top 2 -> https://cs.hofstra.edu/~cscvjc/Fall06/ + https://www.hofstra.edu/forms/forms_coursedescriptionform.cfm?course=CSC&coursenum=005
[760/2688] 'CSC006 - Hofstra University' (live): SAVED top 2 -> https://bulletin.hofstra.edu/preview_course_nopop.php?catoid=147&coid=488533 + https://bulletin.hofstra.edu/content.php?catoid=147&navoid=27835&expand=1
[761/2688] 'CSC014 - Hofstra University' (live): SAVED top 2 -> https://bulletin.hofstra.edu/content.php?catoid=147&navoid=27835 + https://www.hofstra.edu/forms/forms_coursedescriptionform.cfm?course=CSC&coursenum=014&term=201609
[762/2688] 'CSC015 - Hofstra University' (live): SAVED top 2 -> https://cs.hofstra.edu/~knarig/csc015/ + https://www.hofstra.edu/forms/FORMS_courseDescriptionForm.cfm?course=CSC&coursenum=015&term=202009
[763/2688] 'CSC024 - Hofstra University' (live): SAVED top 2 -> https://bulletin.hofstra.edu/preview_course_nopop.php?catoid=140&coid=462340 + https://www.hofstra.edu/computer-science/computer-science-courses-undergraduate.html
[764/2688] 'CSC14 - Hofstra University' (live): SAVED top 2 -> https://www.hofstra.edu/forms/forms_coursedescriptionform.cfm?course=CSC&coursenum=014&term=201609 + https://bulletin.hofstra.edu/preview_course_nopop.php?catoid=147&coid=492062
[765/2688] 'CSC16 - Hofstra University' (live): SAVED top 2 -> https://cs.hofstra.edu/~cscccl/csc16/syllabus.html + https://cs.hofstra.edu/~cscccl/csc16/
[766/2688] 'CSC161 - Hofstra University' (live): SAVED top 2 -> https://curtsinger.cs.grinnell.edu/teaching/2026S/CSC161/ + https://bulletin.hofstra.edu/preview_course_nopop.php?catoid=147&coid=488568
[767/2688] 'CSC183 - Hofstra University' (live): SAVED top 2 -> https://bulletin.hofstra.edu/preview_course_nopop.php?catoid=147&coid=491368 + https://bulletin.hofstra.edu/content.php?catoid=140&navoid=25872&filter%5Bitem_type%5D=3&filter%5Bonly_active%5D=1&filter%5B3%5D=1&filter%5Bcpage%5D=5&expand=1
[768/2688] 'CSC5 - Hofstra University' (live): SAVED top 2 -> https://www.hofstra.edu/forms/forms_coursedescriptionform.cfm?course=CSC&coursenum=005 + https://bulletin.hofstra.edu/content.php?catoid=140&navoid=25872&filter%5Bitem_type%5D=3&filter%5Bonly_active%5D=1&filter%5B3%5D=1&filter%5Bcpage%5D=5&expand=1
[769/2688] 'COMP003 - Howard University' (live): SAVED top 2 -> https://business.howard.edu/sites/business.howard.edu/files/2024-03/Comp%20Information%20Systems%20Supply%20Chain%20Mgmt%20Scheme%20FA19.pdf + https://business.howard.edu/sites/business.howard.edu/files/2024-03/Comp%20Information%20Systems%20CyberSecurity%20Scheme%20FA19.pdf
[770/2688] 'CSCI135 - Howard University' (live): SAVED top 2 -> https://www.cs.hunter.cuny.edu/~sweiss/course_materials/csci135/csci135_36_fall12.php + https://cea.howard.edu/cs-course-descriptions
[771/2688] 'INFO0101 - Howard University' (live): SAVED top 2 -> https://bisonhub.howard.edu/sites/bisonhub.howard.edu/files/2024-09/24SEP27%20System%20of%20Record%20Slides%20%28PDF%29_0.pdf + https://business.howard.edu/sites/business.howard.edu/files/2024-03/Comp%20Information%20Systems%20CyberSecurity%20Scheme%20FA19.pdf
[772/2688] 'INFO311 - Howard University' (live): SAVED top 2 -> https://business.howard.edu/sites/business.howard.edu/files/2024-03/Comp%20Information%20Systems%20CyberSecurity%20Scheme%20FA19.pdf + https://business.howard.edu/sites/business.howard.edu/files/2023-09/ACCOUNTING%20-%20INFO%20SYSTEMS%20Curriculum%20Scheme%20revFA22.pdf
[773/2688] 'INFO335 - Howard University' (live): SAVED top 2 -> https://business.howard.edu/sites/business.howard.edu/files/2024-03/Comp%20Information%20Systems%20CyberSecurity%20Scheme%20FA19.pdf + https://financialservices.howard.edu/sites/financialaid.howard.edu/files/2022-10/howard_university_undergrad_bulletin.pdf
[774/2688] 'IT168 - Illinois State University' (live): SAVED top 2 -> https://coursefinder.illinoisstate.edu/it/168/ + http://itk.ilstu.edu/it168/
[775/2688] 'IT279 - Illinois State University' (live): SAVED top 2 -> https://coursefinder.illinoisstate.edu/it/279/ + https://itk.ilstu.edu/faculty/chungli/IT279/index.html
[776/2688] 'IT327 - Illinois State University' (live): SAVED top 2 -> https://coursefinder.illinoisstate.edu/it/327/ + https://www.itk.ilstu.edu/faculty/chungli/IT327/doc/2025-Fall-IT327.pdf
[777/2688] 'IT375 - Illinois State University' (live): SAVED top 2 -> https://coursefinder.illinoisstate.edu/com/375/ + https://coursefinder.illinoisstate.edu/
[778/2688] 'IT376 - Illinois State University' (live): SAVED top 2 -> https://coursefinder.illinoisstate.edu/it/376/ + https://coursefinder.illinoisstate.edu/
[779/2688] 'IT377 - Illinois State University' (live): SAVED top 2 -> https://coursefinder.illinoisstate.edu/it/377/ + https://coursefinder.illinoisstate.edu/com/377/
[780/2688] 'ITK168 - Illinois State University' (live): SAVED top 2 -> https://itk.ilstu.edu/faculty/chungli/ITK168/index.html + https://coursefinder.illinoisstate.edu/it/168/
[781/2688] 'ITK254 - Illinois State University' (live): SAVED top 2 -> https://coursefinder.illinoisstate.edu/it/254/ + https://coursefinder.illinoisstate.edu/
[782/2688] 'ITK279 - Illinois State University' (live): SAVED top 2 -> https://coursefinder.illinoisstate.edu/it/279/ + https://itk.ilstu.edu/faculty/chungli/ITK385/ITK385_S09.pdf
[783/2688] 'ITK375 - Illinois State University' (live): SAVED top 2 -> https://coursefinder.illinoisstate.edu/soc/375/ + https://coursefinder.illinoisstate.edu/com/375/
[784/2688] 'ITK377 - Illinois State University' (live): SAVED top 2 -> https://coursefinder.illinoisstate.edu/ctk/377/ + https://coursefinder.illinoisstate.edu/com/377/
[785/2688] 'A290 - Indiana University Bloomington' (live): SAVED top 2 -> https://bulletins.iu.edu/iub/college/2017-2018/departments/art-design/courses.shtml + https://bulletin.indiana.edu/registration/course-descriptions.html
[786/2688] 'B351 - Indiana University Bloomington' (live): SAVED top 2 -> https://academics.iu.edu/courses/bloomington/csci-b-351-introduction-to-artificial-intelligence.html + https://bulletin.indiana.edu/registration/course-descriptions.html
[787/2688] 'B461 - Indiana University Bloomington' (live): SAVED top 2 -> https://bulletin.indiana.edu/registration/course-descriptions.html + https://history.indiana.edu/undergraduate/courses.html
[788/2688] 'B551 - Indiana University Bloomington' (live): SAVED top 2 -> https://utilities.registrar.indiana.edu/course-browser/prl/soc4218fac/CSCI/CSCI-B551.shtml + https://academics.iu.edu/courses/bloomington/csci-b-551-elements-of-artificial-intelligence.html
[789/2688] 'C200 - Indiana University Bloomington': no usable link (live)
[790/2688] 'C212 - Indiana University Bloomington': no usable link (live)
[791/2688] 'C291 - Indiana University Bloomington': no usable link (live)
[792/2688] 'C343 - Indiana University Bloomington' (live): SAVED top 2 -> https://www.chem.indiana.edu/undergrad_courses/c343-organic-chemistry-i-laboratory-2-cr/ + https://www.chem.indiana.edu/courses/c343/
[793/2688] 'CSCIA290 - Indiana University Bloomington': no usable link (live)
[794/2688] 'CSCIB351 - Indiana University Bloomington': no usable link (live)
[795/2688] 'CSCIB403 - Indiana University Bloomington': no usable link (live)
[796/2688] 'CSCIB405 - Indiana University Bloomington' (live): SAVED top 2 -> https://bulletins.iu.edu/iub/phb/2024-2025/courses/index.shtml + https://registrar.indiana.edu/information/apps/course-description.html
[797/2688] 'CSCIB551 - Indiana University Bloomington' (live): SAVED top 2 -> https://utilities.registrar.indiana.edu/course-browser/prl/soc4218fac/CSCI/CSCI-B551.shtml + https://academics.iu.edu/courses/bloomington/csci-b-551-elements-of-artificial-intelligence.html
[798/2688] 'CSCIC291 - Indiana University Bloomington' (live): SAVED top 2 -> https://academics.iu.edu/courses/bloomington/csci-c-291-system-programming-with-c-and-unix.html + https://registrar.indiana.edu/information/apps/course-description.html
[799/2688] 'CSCIP465 - Indiana University Bloomington' (live): SAVED top 2 -> https://academics.iu.edu/courses/bloomington/csci-p-465-software-engineering-for-information-systems-i.html + https://registrar.indiana.edu/information/apps/course-description.html
[800/2688] 'H238 - Indiana University Bloomington': no usable link (live)
[801/2688] 'I201 - Indiana University Bloomington' (live): SAVED top 2 -> https://registrar.indiana.edu/information/apps/course-description.html + https://bulletin.indiana.edu/registration/course-descriptions.html
[802/2688] 'I308 - Indiana University Bloomington' (live): SAVED top 2 -> https://utilities.registrar.indiana.edu/course-browser/prl/soc4218/INFO/INFO-I308.shtml + https://studentcentral.indiana.edu/register/schedule-classes/index.html
[803/2688] 'INFO230 - Indiana University Bloomington' (live): SAVED top 2 -> https://registrar.indiana.edu/calendars/schedule-of-classes.html + https://academics.iu.edu/courses/bloomington/info-i-230-analytical-foundations-of-security.html
[804/2688] 'INFOI201 - Indiana University Bloomington': no usable link (live)
[805/2688] 'S202 - Indiana University Bloomington': no usable link (live)
[806/2688] 'CSCI207 - Indiana University-Purdue University Indianapolis': no usable link (live)
[807/2688] 'CSCI300 - Indiana University-Purdue University Indianapolis' (live): SAVED top 2 -> https://csci0300.github.io/schedule/ + https://science.indianapolis.iu.edu/iupui-cs/index.html
[808/2688] 'CSCIC200 - Indiana University-Purdue University Indianapolis': no usable link (live)
[809/2688] 'CSCIN207 - Indiana University-Purdue University Indianapolis': no usable link (live)
[810/2688] 'CSCIN211 - Indiana University-Purdue University Indianapolis' (live): SAVED top 2 -> https://science.indianapolis.iu.edu/iupui-cs/index.html + https://registrar.indiana.edu/information/apps/course-description.html
[811/2688] 'CSCIN317 - Indiana University-Purdue University Indianapolis': no usable link (live)
[812/2688] 'CSCN207 - Indiana University-Purdue University Indianapolis' (live): SAVED top 2 -> https://registrar.indiana.edu/calendars/schedule-of-classes.html + https://academics.iu.edu/courses/indianapolis/csci-n-207-data-analysis-using-spreadsheets.html
[813/2688] 'ECE263 - Indiana University-Purdue University Indianapolis' (live): SAVED top 2 -> https://bulletins.iu.edu/iuin/2025-2026/index.shtml + https://www.purdue.edu/indianapolis/
[814/2688] 'ECE32100 - Indiana University-Purdue University Indianapolis': no usable link (live)
[815/2688] 'ECE408 - Indiana University-Purdue University Indianapolis': no usable link (live)
[816/2688] 'ECE59500 - Indiana University-Purdue University Indianapolis': no usable link (live)
[817/2688] 'N200 - Indiana University-Purdue University Indianapolis': no usable link (live)
[818/2688] 'COMS207 - Iowa State University' (live): SAVED top 1 -> https://home.engineering.iastate.edu/alexs/classes/2006_Spring_207/slides/01_Intro.ppt
[819/2688] 'COMS228 - Iowa State University' (live): SAVED top 2 -> https://cs.ucf.edu/~leavens/ComS228.html + https://www.cs.iastate.edu/courses/com-s-2280
[820/2688] 'COMS230 - Iowa State University': no usable link (live)
[821/2688] 'COMS309 - Iowa State University': no usable link (live)
[822/2688] 'COMS311 - Iowa State University': no usable link (live)
[823/2688] 'COMS319 - Iowa State University': no usable link (live)
[824/2688] 'COMS330 - Iowa State University': no usable link (live)
[825/2688] 'COMS331 - Iowa State University': no usable link (live)
[826/2688] 'COMS362 - Iowa State University': no usable link (live)
[827/2688] 'COMS363 - Iowa State University' (live): SAVED top 2 -> https://www.cs.iastate.edu/courses/com-s-3630 + https://github.com/khushiumra/Coms363
[828/2688] 'COMS587 - Iowa State University' (live): SAVED top 1 -> https://faculty.sites.iastate.edu/yingcai/teaching
[829/2688] 'CPRE416 - Iowa State University' (live): SAVED top 2 -> https://class.ece.iastate.edu/kothari/cpre416/lectures/Lecture1-General%20Intro.ppt + https://class.ece.iastate.edu/kothari/cpre416/
[830/2688] 'CS228 - Iowa State University' (live): SAVED top 2 -> https://github.com/henesy/cs228/tree/master/hw2%20files + https://github.com/henesy/cs228
[831/2688] 'COMP171 - Ithaca College': no usable link (live)
[832/2688] 'CIS204 - James Madison University': no usable link (live)
[833/2688] 'CIS304 - James Madison University': no usable link (live)
[834/2688] 'CS149 - James Madison University': no usable link (live)
[835/2688] 'CS159 - James Madison University': no usable link (live)
[836/2688] 'DATA200 - James Madison University': no usable link (live)
[837/2688] 'IA241 - James Madison University': no usable link (live)
[838/2688] 'ISAT152 - James Madison University': no usable link (live)
[839/2688] 'ISAT241 - James Madison University': no usable link (live)
[840/2688] 'ISAT242 - James Madison University': no usable link (live)
[841/2688] 'ISAT252 - James Madison University': no usable link (live)
[842/2688] 'ISAT340 - James Madison University': no usable link (live)
[843/2688] 'CSCI274 - John Jay College of Criminal Justice' (live): SAVED top 2 -> https://www.jjay.cuny.edu/academics/college-bulletins + https://www.jjay.cuny.edu/
[844/2688] 'CSCI374 - John Jay College of Criminal Justice': no usable link (live)
[845/2688] 'CSCI375 - John Jay College of Criminal Justice': no usable link (live)
[846/2688] 'CSCI377 - John Jay College of Criminal Justice': no usable link (live)
[847/2688] 'CSCI379 - John Jay College of Criminal Justice' (live): SAVED top 1 -> https://www.jjay.cuny.edu/academics/academic-departments/department-mathematics-computer-science/academics/cyber-defense-information-assurance-certificate
[848/2688] 'CSCI412 - John Jay College of Criminal Justice': no usable link (live)
[849/2688] 'MAT375 - John Jay College of Criminal Justice': no usable link (live)
[850/2688] 'SEC270 - John Jay College of Criminal Justice' (live): SAVED top 2 -> https://www.jjay.cuny.edu/academics/college-bulletins + https://www.jjay.cuny.edu/full-list-courses
[851/2688] 'CS280 - Johns Hopkins University' (live): SAVED top 2 -> https://w3.cs.jmu.edu/mayfiecs/cs280/wk-02/slides.pdf + https://cs280fa23.github.io/
[852/2688] 'EN433 - Johns Hopkins University' (live): SAVED top 2 -> https://studentaffairs.jhu.edu/registrar/students/course-schedule/ + https://courses.jhu.edu/
[853/2688] 'CIS200 - Kansas State University' (live): SAVED top 2 -> https://textbooks.cs.ksu.edu/cis200/ + https://textbooks.cs.ksu.edu/
[854/2688] 'CIS209 - Kansas State University': no usable link (live)
[855/2688] 'CIS301 - Kansas State University': no usable link (live)
[856/2688] 'CIS308 - Kansas State University': no usable link (live)
[857/2688] 'CIS415 - Kansas State University' (live): SAVED top 2 -> https://www.k-state.edu/academics/courses/ + https://www.cs.ksu.edu/academics/courses/
[858/2688] 'CIS525 - Kansas State University' (live): SAVED top 2 -> http://groups.umd.umich.edu/cis/course.des/cis525/lectures/ + https://textbooks.cs.ksu.edu/
[859/2688] 'CIS551 - Kansas State University': no usable link (live)
[860/2688] 'CIS751 - Kansas State University' (live): SAVED top 2 -> https://www.cs.ksu.edu/academics/courses/ + https://www.cs.ksu.edu/
[861/2688] 'CS3305 - Kennesaw State University': no usable link (live)
[862/2688] 'CS3502 - Kennesaw State University': no usable link (live)
[863/2688] 'CS4253 - Kennesaw State University' (live): SAVED top 2 -> https://campus.kennesaw.edu/faculty-staff/academic-affairs/curriculum-instruction-assessment/academic-program-planning-development/docs/2024-2025-undergrad-catalog.pdf + https://campus.kennesaw.edu/current-students/d2l/index.php
[864/2688] 'CS4504 - Kennesaw State University': no usable link (live)
[865/2688] 'CSE1321 - Kennesaw State University' (live): SAVED top 2 -> https://campus.kennesaw.edu/colleges-departments/ccse/first-year-experience/cse1321_python/slides/m0_algorithms_and_abstraction_v3.pptx + https://campus.kennesaw.edu/colleges-departments/ccse/first-year-experience/cse-1321-python.php
[866/2688] 'CSE3801 - Kennesaw State University' (live): SAVED top 2 -> https://idi.kennesaw.edu/curriculum/Viewer.html?course=CSE3801 + https://owlexpress.kennesaw.edu/prodban/bwckctlg.p_disp_course_detail?cat_term_in=202201&amp;subj_code_in=CSE&amp;crse_numb_in=1321
[867/2688] 'DATA1501 - Kennesaw State University': no usable link (live)
[868/2688] 'ECE2250 - Kennesaw State University': no usable link (live)
[869/2688] 'ECE3305 - Kennesaw State University': no usable link (live)
[870/2688] 'ECE3320 - Kennesaw State University': no usable link (live)
[871/2688] 'ECE3350 - Kennesaw State University': no usable link (live)
[872/2688] 'SWE3313 - Kennesaw State University': no usable link (live)
[873/2688] 'SWE3643 - Kennesaw State University': no usable link (live)
[874/2688] 'CISC223 - Lakehead University' (live): SAVED top 2 -> https://github.com/KarishmaDaga/course-notes/blob/master/cisc223.md + https://www.cs.queensu.ca/undergraduate/courses/CISC-223
[875/2688] 'COMP0411 - Lakehead University': no usable link (live)
[876/2688] 'COMP1411 - Lakehead University': no usable link (live)
[877/2688] 'COMP1431 - Lakehead University': no usable link (live)
[878/2688] 'COMP2412 - Lakehead University' (live): SAVED top 1 -> https://github.com/forkyouabhi/COMP-2412-DSA
[879/2688] 'COMP4453 - Lakehead University': no usable link (live)
[880/2688] 'COMP5413 - Lakehead University': no usable link (live)
[881/2688] 'CS2453 - Lakehead University': no usable link (live)
[882/2688] 'CS2477 - Lakehead University': no usable link (live)
[883/2688] 'CS4453 - Lakehead University' (live): SAVED top 1 -> https://github.com/ConnorAustin/CS4453/blob/master/chapter01.pdf
[884/2688] 'GIF1001 - Laval University': no usable link (live)
[885/2688] 'GIF1003 - Laval University' (live): SAVED top 2 -> https://www.ece.uvic.ca/~frodo/cppbook/downloads/lecture_slides_for_programming_in_c++-2019-02-04.pdf + https://www.cs.virginia.edu/c++programdesign/slides/
[886/2688] 'GLO2000 - Laval University': no usable link (live)
[887/2688] 'GLO2005 - Laval University': no usable link (live)
[888/2688] 'GLO4000 - Laval University': no usable link (live)
[889/2688] 'GLO4002 - Laval University': no usable link (live)
[890/2688] 'IFT1006 - Laval University' (live): SAVED top 2 -> https://www.cs.cmu.edu/~aldrich/courses/17-363-fa23/slides/01-introduction.pdf + https://www.ece.uvic.ca/~frodo/cppbook/downloads/lecture_slides_for_programming_in_cpp-2021-04-01.pdf
[891/2688] 'IFT19022 - Laval University': no usable link (live)
[892/2688] 'IFT2002 - Laval University' (live): SAVED top 2 -> http://nr9.github.io/IFT-2002/ + https://sites.pitt.edu/~peterb/3005-001/L3.pdf
[893/2688] 'IFT2004 - Laval University' (live): SAVED top 1 -> https://opencourse.inf.ed.ac.uk/pi
[894/2688] 'IFT2006 - Laval University': no usable link (live)
[895/2688] 'IFT3001 - Laval University' (live): SAVED top 1 -> https://learn.uwaterloo.ca/d2l/le/content/539883/viewContent/3000854/View
[896/2688] 'IFT7201 - Laval University': no usable link (live)
[897/2688] 'CSC151 - Le Moyne College' (live): SAVED top 2 -> https://eikmeier.sites.grinnell.edu/csc-151-spring-2026/syllabus/ + https://echo.lemoyne.edu/courseavail/COURSE-26-SP-INT.htm
[898/2688] 'CSC175 - Le Moyne College' (live): SAVED top 2 -> https://www.lemoyne.edu/academics/classes-calendars-catalogs/ + https://www.lemoyne.edu/academics/programs/biology-computer-science/
[899/2688] 'CSC176 - Le Moyne College' (live): SAVED top 2 -> https://www.lemoyne.edu/academics/classes-calendars-catalogs/ + https://echo.lemoyne.edu/courseavail/COURSE-26-SP-INT.htm
[900/2688] 'CSC361 - Le Moyne College' (live): SAVED top 2 -> https://www.lemoyne.edu/academics/classes-calendars-catalogs/ + https://web.lemoyne.edu/kagan/COR400GSyllabusFall2025.html
[901/2688] 'CYS167 - Le Moyne College' (live): SAVED top 2 -> https://www.lemoyne.edu/academics/classes-calendars-catalogs/ + https://echo.lemoyne.edu/courseavail/TEACHER-20-FA.htm
[902/2688] 'CYS331 - Le Moyne College' (live): SAVED top 2 -> https://www.lemoyne.edu/academics/classes-calendars-catalogs/ + https://www.lemoyne.edu/compliance-accreditation-information/distance-education/
[903/2688] 'MIS601 - Le Moyne College' (live): SAVED top 2 -> https://www.lemoyne.edu/academics/classes-calendars-catalogs/ + https://resources.library.lemoyne.edu/courses/mgt601/videos
[904/2688] 'CSE007 - Lehigh University' (live): SAVED top 2 -> https://engineering.lehigh.edu/cse/change-cs-intro-sequence-cse-003-004-and-007 + https://engineering.lehigh.edu/fall-2025-courses
[905/2688] 'CSE017 - Lehigh University': no usable link (live)
[906/2688] 'CSE109 - Lehigh University' (live): SAVED top 2 -> https://github.com/Skyfly2/CSE-109 + https://engineering.lehigh.edu/fall-2025-courses
[907/2688] 'CSE140 - Lehigh University' (live): SAVED top 1 -> https://podcast.ucsd.edu/watch/s224/cse140_a00/5
[908/2688] 'CSE326 - Lehigh University' (live): SAVED top 2 -> https://engineering.lehigh.edu/cse/academics/course-index/cse-326-fundamentals-machine-learning-3 + https://www.cse.lehigh.edu/~brian/course/datascience/
[909/2688] 'CSE342 - Lehigh University' (live): SAVED top 2 -> https://www.cse.lehigh.edu/~chuah/courses/cse342/Welcome.pdf + https://engineering.lehigh.edu/fall-2025-courses
[910/2688] 'CSE403 - Lehigh University' (live): SAVED top 1 -> https://www.cse.lehigh.edu/~chuah/CSE403.html
[911/2688] 'ECE033 - Lehigh University' (live): SAVED top 1 -> https://www.lehigh.edu/~mdw0/ece33.html
[912/2688] 'ECE081 - Lehigh University': no usable link (live)
[913/2688] 'ECE123 - Lehigh University': no usable link (live)
[914/2688] 'ECE132 - Lehigh University' (live): SAVED top 2 -> https://news.lehigh.edu/video/14777 + https://engineering.lehigh.edu/sites/engineering.lehigh.edu/files/_DEPARTMENTS/ece/pdf/undergrad/curriculum/ece-compe-ug-curriculum-updates-102020.pdf
[915/2688] 'CIS166 - Lehman College' (live): SAVED top 2 -> https://stjohn.github.io/teaching/cmp/cis166/s15.html + https://www.lehman.edu/academics/natural-social-sciences/computer-science/degree-maps/computer-information-systems/
[916/2688] 'CIS212 - Lehman College' (live): SAVED top 2 -> https://www.lehman.edu/academics/natural-social-sciences/computer-science/degree-maps/computer-information-systems/ + https://www.lehman.edu/academics/natural-social-sciences/computer-science/courses/
[917/2688] 'CIS244 - Lehman College' (live): SAVED top 2 -> https://www.lehman.edu/academics/natural-social-sciences/computer-science/degree-maps/computer-information-systems/ + https://www.lehman.edu/college-senate/documents/reports/report-undergrad-math.pdf
[918/2688] 'CIS331 - Lehman College' (live): SAVED top 2 -> https://www.lehman.edu/academics/natural-social-sciences/computer-science/degree-maps/computer-information-systems/ + https://www.lehman.edu/academics/courses.php
[919/2688] 'CIS344 - Lehman College' (live): SAVED top 2 -> https://www.lehman.edu/academics/natural-social-sciences/computer-science/degree-maps/computer-information-systems/ + https://www.lehman.edu/academics/courses.php
[920/2688] 'CMP157 - Lehman College' (live): SAVED top 2 -> https://www.lehman.edu/academics/natural-social-sciences/computer-science/courses/ + https://www.lehman.edu/academics/natural-social-sciences/computer-science/degree-maps/computer-information-systems/
[921/2688] 'ECE311 - Lehman College' (live): SAVED top 2 -> http://web.cecs.pdx.edu/~tymerski/labs311.html + https://www.lehman.edu/academics/education/cpp/field-experiences/
[922/2688] 'CSCN342 - Liberty University' (live): SAVED top 2 -> https://www.liberty.edu/online/courses/csis342/ + https://www.liberty.edu/online/wp-content/uploads/BUSI342_CourseGuide.pdf
[923/2688] 'CSIS212 - Liberty University' (live): SAVED top 2 -> https://www.liberty.edu/online/courses/csis212/ + https://www.liberty.edu/online/wp-content/uploads/CSIS212_CourseGuide.pdf
[924/2688] 'CSIS312 - Liberty University' (live): SAVED top 2 -> https://www.liberty.edu/online/courses/csis312/ + https://www.liberty.edu/online/wp-content/uploads/CSIS312_CourseGuide.pdf
[925/2688] 'CSIS330 - Liberty University' (live): SAVED top 2 -> https://www.liberty.edu/online/courses/csis330/ + https://www.liberty.edu/online/wp-content/uploads/CSIS330_Course_Guide.pdf
[926/2688] 'CSIS342 - Liberty University' (live): SAVED top 2 -> https://www.liberty.edu/online/courses/csis342/ + https://www.liberty.edu/registrar/wp-content/uploads/sites/119/2022/04/CSCB-BS-D-18-19.pdf
[927/2688] 'CSIS443 - Liberty University' (live): SAVED top 2 -> https://www.liberty.edu/online/courses/csis443/ + https://www.liberty.edu/online/courses/csis110/
[928/2688] 'CSC1253 - Louisiana State University' (live): SAVED top 1 -> https://csc.lsu.edu/ugrad_files/Course_Outcomes_CSC_1253.pdf
[929/2688] 'CSC1254 - Louisiana State University' (live): SAVED top 2 -> https://csc.lsu.edu/ugrad_files/Course_Outcomes_CSC_1254.pdf + https://mybrcc.edu/academic-affairs/files/brcclsucompscias.pdf
[930/2688] 'CSC1350 - Louisiana State University' (live): SAVED top 2 -> http://csc.lsu.edu/~paymond/Syllabi/2023Spring_CSC1350_CourseSyllabus.pdf + http://csc.lsu.edu/~paymond/Syllabi/2021Fall_CSC1350_CourseSyllabus.pdf
[931/2688] 'CSC1351 - Louisiana State University' (live): SAVED top 2 -> https://csc.lsu.edu/ugrad_files/Course_Outcomes_CSC_1351.pdf + https://www.cct.lsu.edu/~knarf/teaching.html
[932/2688] 'CSC2259 - Louisiana State University' (live): SAVED top 1 -> https://csc.lsu.edu/ugrad_files/Course_Outcomes_CSC_2259.pdf
[933/2688] 'CSC2610 - Louisiana State University': no usable link (live)
[934/2688] 'CSC3102 - Louisiana State University': no usable link (live)
[935/2688] 'CSC4101 - Louisiana State University' (live): SAVED top 2 -> https://www.cct.lsu.edu/~kosar/csc4101-spring06/ + http://www.csc.lsu.edu/ugrad_files/Course_Outcomes_CSC_4101.pdf
[936/2688] 'CSC4330 - Louisiana State University' (live): SAVED top 2 -> https://www.csc.lsu.edu/~kraft/courses/csc4330.html + http://csc.lsu.edu/~mahmoud/files/CSC4330_Syllabus.pdf
[937/2688] 'ISDS1102 - Louisiana State University' (live): SAVED top 2 -> https://cemoodle.online.lsu.edu/syllabus/ISDS_1102_4.0_s1_Syllabus.pdf + https://ce.lsu.edu/search/publicCourseSearchDetails.do?method=load&courseId=1008091&selectedProgramAreaId=1007420&selectedProgramStreamId=1016117
[938/2688] 'ISDS2000 - Louisiana State University' (live): SAVED top 1 -> https://ce.lsu.edu/search/publicCourseSearchDetails.do?method=load&courseId=1008093
[939/2688] 'ISDS3110 - Louisiana State University': no usable link (live)
[940/2688] 'ISDS3115 - Louisiana State University' (live): SAVED top 2 -> https://cemoodle.online.lsu.edu/syllabus/ISDS_3115_3.0_Syllabus.pdf + https://ce.lsu.edu/search/publicCourseSearchDetails.do?method=load&courseId=1007952&selectedProgramAreaId=1007420&selectedProgramStreamId=1016117
[941/2688] 'ISDS4113 - Louisiana State University': no usable link (live)
[942/2688] 'CMSI185 - Loyola Marymount University' (live): SAVED top 2 -> https://brand.lls.edu/templatesanddownloads/digital/presentations/ + https://cs.lmu.edu/~ray/classes/cp/
[943/2688] 'CMSI2021 - Loyola Marymount University' (live): SAVED top 2 -> https://brand.lls.edu/templatesanddownloads/digital/presentations/ + https://cs.lmu.edu/~ray/classes/wa/syllabus/
[944/2688] 'CMSI284 - Loyola Marymount University' (live): SAVED top 2 -> https://brand.lls.edu/templatesanddownloads/digital/presentations/ + https://brand.lmu.edu/templatesanddownloads/digital/presentations/
[945/2688] 'CMSI3801 - Loyola Marymount University' (live): SAVED top 2 -> https://brand.lls.edu/templatesanddownloads/digital/presentations/ + https://cs.lmu.edu/~ray/classes/wa/syllabus/
[946/2688] 'CMSI386 - Loyola Marymount University' (live): SAVED top 2 -> https://brand.lls.edu/templatesanddownloads/digital/presentations/ + https://brand.lmu.edu/templatesanddownloads/digital/presentations/
[947/2688] 'COMP125 - Loyola University Chicago' (live): SAVED top 2 -> https://lucproglangcourse.github.io/ + https://lucoodevcourse.github.io/
[948/2688] 'COMP170 - Loyola University Chicago' (live): SAVED top 2 -> http://people.cs.luc.edu/whonig/Comp170/COMP170Syllabus.pdf + https://lucoodevcourse.github.io/
[949/2688] 'COMP180 - Loyola University Chicago' (live): SAVED top 2 -> https://lucproglangcourse.github.io/ + https://github.com/LoyolaChicagoBooks/lucoodevcourse
[950/2688] 'COMP260 - Loyola University Chicago' (live): SAVED top 2 -> https://coursecatalogue.mcgill.ca/courses/comp-260/ + https://lucproglangcourse.github.io/
[951/2688] 'COMP264 - Loyola University Chicago': no usable link (live)
[952/2688] 'COMP123 - Macalester College' (live): SAVED top 2 -> https://www.macalester.edu/mscs/schedules/computer_science/ + https://www.macalester.edu/academic-programs/first-semester-course-selection/first-year-courses-2023/
[953/2688] 'COMP127 - Macalester College' (live): SAVED top 2 -> https://www.macalester.edu/mscs/schedules/computer_science/ + https://www.macalester.edu/academic-programs/first-semester-course-selection/first-year-courses-2023/
[954/2688] 'COMP128 - Macalester College' (live): SAVED top 2 -> https://www.macalester.edu/mscs/schedules/computer_science/ + https://macadmsys.macalester.edu/macssb/customPage/page/classSchedule?term=202610
[955/2688] 'CIS110 - Manhattan College' (live): SAVED top 2 -> https://www.cuyamaca.edu/faculty-staff-resources/academic-senate/curriculum/outlines/files/cis/cis110.pdf + https://necc.edu/wp-content/uploads/CIS-110-Computer-Applications-Abbreviated-copy-for-student-challenge-exam-review.pdf
[956/2688] 'CIS210 - Manhattan College' (live): SAVED top 2 -> https://www.redwoods.edu/resources/syllabi/CIS/2017-2018/Spring/2018S-CIS210-E6125-Wilson.pdf + https://www.cuyamaca.edu/faculty-staff-resources/academic-senate/curriculum/outlines/files/cis/cis210.pdf
[957/2688] 'CMPT101 - Manhattan College' (live): SAVED top 2 -> https://www2.cs.sfu.ca/CourseCentral/101/tront/lectureNotes/101s01.intro.03-1.pdf + https://explore.suny.edu/courses/1448711
[958/2688] 'CMPT102 - Manhattan College' (live): SAVED top 1 -> https://www.mmm.edu/api/course-listings?PRINT=true
[959/2688] 'CMPT155 - Manhattan College' (live): SAVED top 2 -> https://selfservice.manhattan.edu/ + https://manhattantech.edu/course-search
[960/2688] 'CMPT312 - Manhattan College' (live): SAVED top 2 -> https://selfservice.manhattan.edu/ + https://manhattantech.edu/course-search
[961/2688] 'CMPT335 - Manhattan College' (live): SAVED top 2 -> https://manhattantech.edu/ + https://selfservice.manhattan.edu/
[962/2688] 'MATH153 - Manhattan College': no usable link (live)
[963/2688] 'CMPT103L - Marist College': no usable link (live)
[964/2688] 'CMPT105L - Marist College' (live): SAVED top 1 -> https://www.marist.edu/documents/86200/522464/Course+Descriptions.pdf/1ae67f42-29b4-f87a-9808-884f466d7236?t=1678715367094
[965/2688] 'CMPT120 - Marist College': no usable link (live)
[966/2688] 'CMPT120L - Marist College': no usable link (live)
[967/2688] 'CMPT220 - Marist College' (live): SAVED top 1 -> https://www.marist.edu/documents/86200/522464/Course+Descriptions.pdf/1ae67f42-29b4-f87a-9808-884f466d7236?t=1678715367094
[968/2688] 'CMPT220L - Marist College': no usable link (live)
[969/2688] 'CMPT230L - Marist College': no usable link (live)
[970/2688] 'CMPT306 - Marist College' (live): SAVED top 1 -> https://www.marist.edu/documents/86200/522464/Course+Descriptions.pdf/1ae67f42-29b4-f87a-9808-884f466d7236?t=1678715367094
[971/2688] 'CMPT421 - Marist College' (live): SAVED top 1 -> https://www.marist.edu/documents/86200/522464/Course+Descriptions.pdf/1ae67f42-29b4-f87a-9808-884f466d7236?t=1678715367094
[972/2688] 'CMPT435 - Marist College': no usable link (live)
[973/2688] 'CSIS103 - Marist College' (live): SAVED top 2 -> https://www.marist.edu/extended-learning/cls/class-handouts + https://www.marist.edu/documents/86200/522464/Course+Descriptions.pdf/1ae67f42-29b4-f87a-9808-884f466d7236?t=1678715367094
[974/2688] 'DATA220 - Marist College': no usable link (live)
[975/2688] 'IS130 - Marist College' (live): SAVED top 1 -> https://www.marist.edu/documents/86200/522464/Course+Descriptions.pdf/1ae67f42-29b4-f87a-9808-884f466d7236?t=1678715367094
[976/2688] 'COSC1820 - Marquette University' (live): SAVED top 2 -> https://www.marquette.edu/central/registrar/schedule-of-classes-class-search.php + https://bulletin.marquette.edu/course-descriptions/cosc/
[977/2688] 'COSC2100 - Marquette University' (live): SAVED top 2 -> https://www.cs.mu.edu/~brylow/cosc2100/Fall2014/ + https://bulletin.marquette.edu/course-descriptions/cosc/
[978/2688] 'MSCS6050 - Marquette University' (live): SAVED top 2 -> https://www.marquette.edu/central/registrar/schedule-of-classes-class-search.php + https://bulletin.marquette.edu/course-descriptions/
[979/2688] 'CS61000 - Massachusetts Institute of Technology' (live): SAVED top 2 -> https://cs61.seas.harvard.edu/site/2024/2024/LectureMaterial/ + https://introcomp.mit.edu/fall25
[980/2688] 'EECS6207 - Massachusetts Institute of Technology' (live): SAVED top 2 -> https://mitocw.ups.edu.ec/courses/electrical-engineering-and-computer-science/ + https://ocw.mit.edu/
[981/2688] 'CCCS300 - McGill University' (live): SAVED top 2 -> https://www.mcgill.ca/study/2024-2025/courses/cccs-300-0 + https://coursecatalogue.mcgill.ca/courses/cccs-300/
[982/2688] 'COMP202 - McGill University': no usable link (live)
[983/2688] 'COMP204 - McGill University': no usable link (live)
[984/2688] 'COMP206 - McGill University': no usable link (live)
[985/2688] 'COMP208 - McGill University': no usable link (live)
[986/2688] 'COMP230 - McGill University': no usable link (live)
[987/2688] 'COMP250 - McGill University': no usable link (live)
[988/2688] 'COMP251 - McGill University': no usable link (live)
[989/2688] 'COMP273 - McGill University': no usable link (live)
[990/2688] 'COMP302 - McGill University' (live): SAVED top 2 -> https://www.mcgill.ca/study/2024-2025/courses/comp-302 + https://coursecatalogue.mcgill.ca/courses/comp-302/index.html
[991/2688] 'COMP303 - McGill University' (live): SAVED top 2 -> https://allanwang.github.io/McGill-Public/Comp-303/notes.html + https://www.cs.mcgill.ca/media/academic/courses/14_COMP_303_RWZgnKC.pdf
[992/2688] 'COMP310 - McGill University' (live): SAVED top 2 -> https://www.mcgill.ca/study/2024-2025/courses/comp-310 + http://cs.mcgill.edu/media/academic/courses/17_COMP_310_7ixXA0V.pdf
[993/2688] 'COMP322 - McGill University' (live): SAVED top 2 -> http://cs.mcgill.edu/media/academic/courses/19_COMP_322_Pv4bTGh.pdf + http://cs.mcgill.edu/media/academic/courses/19_COMP_322.pdf
[994/2688] 'COMP350 - McGill University': no usable link (live)
[995/2688] 'COMP409 - McGill University': no usable link (live)
[996/2688] 'COMP514 - McGill University': no usable link (live)
[997/2688] 'COMP521 - McGill University' (live): SAVED top 2 -> https://www.cs.mcgill.ca/media/academic/courses/41_COMP_521_mrkKEsg.pdf + https://github.com/francis-piche/study-guides-mcgill/blob/master/IN_PROGRESS-COMP521_Modern_Computer_Games.pdf
[998/2688] 'COMP540 - McGill University' (live): SAVED top 2 -> https://www.mcgill.ca/study/2024-2025/courses/comp-540 + https://coursecatalogue.mcgill.ca/courses/comp-540/
[999/2688] 'COMP551 - McGill University': no usable link (live)
[1000/2688] 'COMP557 - McGill University': no usable link (live)
[1001/2688] 'COMP598 - McGill University' (live): SAVED top 2 -> https://www.mcgill.ca/study/2024-2025/courses/comp-598 + https://coursecatalogue.mcgill.ca/courses/comp-598/
[1002/2688] 'COMP599 - McGill University': no usable link (live)
[1003/2688] 'ECSE250 - McGill University' (live): SAVED top 2 -> https://www.mcgill.ca/study/2024-2025/courses/ecse-250 + https://coursecatalogue.mcgill.ca/courses/ecse-250/
[1004/2688] 'MGCR331 - McGill University' (live): SAVED top 2 -> https://www.mcgill.ca/study/2024-2025/courses/mgcr-331 + https://coursecatalogue.mcgill.ca/courses/mgcr-331/index.html
[1005/2688] '4TB3 - McMaster University' (live): SAVED top 1 -> https://github.com/tanyabouman/type-inferencing-4tb3
[1006/2688] 'CAS702 - McMaster University': no usable link (live)
[1007/2688] 'CAS704 - McMaster University': no usable link (live)
[1008/2688] 'CS1MC3 - McMaster University' (live): SAVED top 1 -> https://github.com/chowdhaj/McMaster
[1009/2688] 'CS2DM3 - McMaster University': no usable link (live)
[1010/2688] 'CS2ME3 - McMaster University' (live): SAVED top 1 -> https://github.com/chowdhaj/McMaster
[1011/2688] 'CS3DB3 - McMaster University': no usable link (live)
[1012/2688] 'CSE780 - McMaster University' (live): SAVED top 2 -> https://github.com/kumrud/CSE780 + https://github.com/NadaElmasry/CSE780-DataScience
[1013/2688] 'ECE3EJ4 - McMaster University': no usable link (live)
[1014/2688] 'SE2DM3 - McMaster University': no usable link (live)
[1015/2688] 'SFWR2DA4 - McMaster University' (live): SAVED top 1 -> https://github.com/chowdhaj/McMaster
[1016/2688] 'SFWR2DM3 - McMaster University': no usable link (live)
[1017/2688] 'SFWR3BB4 - McMaster University' (live): SAVED top 1 -> https://github.com/gucci-ninja/Soft-Eng-Lecture-Notes
[1018/2688] 'BUSI3401 - Memorial University of Newfoundland' (live): SAVED top 2 -> https://apps.dur.ac.uk/faculty.handbook/2024/UG/search?department=Management%20and%20Marketing + https://apps.dur.ac.uk/faculty.handbook/2025/UG/search?department=Management%20and%20Marketing
[1019/2688] 'C2001 - Memorial University of Newfoundland': no usable link (live)
[1020/2688] 'COMP2002 - Memorial University of Newfoundland': no usable link (live)
[1021/2688] 'COMP2003 - Memorial University of Newfoundland': no usable link (live)
[1022/2688] 'COMP3202 - Memorial University of Newfoundland': no usable link (live)
[1023/2688] 'CS1002 - Memorial University of Newfoundland' (live): SAVED top 1 -> https://github.com/BoltTaha/CS1002-Programming-Fundamentals/blob/main/README.md
[1024/2688] 'CS1003 - Memorial University of Newfoundland' (live): SAVED top 1 -> https://github.com/annontopicmodel/unsupervised_topic_modeling/blob/master/topics/en/15/100/50/topics
[1025/2688] 'CS1700 - Memorial University of Newfoundland' (live): SAVED top 1 -> https://gist.github.com/AshwinD24?direction=asc&amp;amp;sort=updated
[1026/2688] 'CS2801 - Memorial University of Newfoundland': no usable link (live)
[1027/2688] 'CS3400 - Memorial University of Newfoundland' (live): SAVED top 1 -> https://github.com/umama-rahman1/Foundations-of-Programming-Cplusplus
[1028/2688] 'ECE4300 - Memorial University of Newfoundland': no usable link (live)
[1029/2688] 'ECE4600 - Memorial University of Newfoundland': no usable link (live)
[1030/2688] 'CSA151 - Miami University': no usable link (live)
[1031/2688] 'CSA163 - Miami University': no usable link (live)
[1032/2688] 'CSA174 - Miami University': no usable link (live)
[1033/2688] 'CSE148 - Miami University' (live): SAVED top 2 -> https://miamioh.edu/cec/departments/computer-science-software-engineering/academics/course-descriptions/cse-courses/cse-148.html + https://bulletin.miamioh.edu/courses-instruction/cse/
[1034/2688] 'CSE174 - Miami University' (live): SAVED top 2 -> https://miamioh.edu/cec/departments/computer-science-software-engineering/academics/course-descriptions/cse-courses/cse-174.html + https://github.com/max-dupler/CSE174
[1035/2688] 'CSE271 - Miami University': no usable link (live)
[1036/2688] 'CSE274 - Miami University': no usable link (live)
[1037/2688] 'CSE432 - Miami University' (live): SAVED top 2 -> https://miamioh.edu/cec/departments/computer-science-software-engineering/academics/course-descriptions/cse-courses/cse-432.html + https://github.com/Mikeyar1/CSE432--Machine-Learning/blob/main/README.md
[1038/2688] 'CSE465 - Miami University' (live): SAVED top 2 -> https://miamioh.edu/cec/departments/computer-science-software-engineering/academics/course-descriptions/cse-courses/cse-465.html + https://ece.northsouth.edu/courses/cse-465/
[1039/2688] 'ECE306 - Miami University' (live): SAVED top 2 -> https://vanscoy.github.io/courses/ECE306/notes.pdf + https://libguides.lib.miamioh.edu/NSG706/present
[1040/2688] 'ECE345 - Miami University' (live): SAVED top 2 -> https://github.com/casseyshao/ECE345/blob/main/ECE345_Notes.pdf + https://jszhn.github.io/brain/courses/ECE345-%E2%80%94-Algorithms-and-Data-Structures
[1041/2688] 'CSE231 - Michigan State University' (live): SAVED top 2 -> https://ucsd-pl.github.io/cse231/wi20/lectures.html + https://www.cse.msu.edu/~cse231/
[1042/2688] 'CSE232 - Michigan State University': no usable link (live)
[1043/2688] 'CSE260 - Michigan State University': no usable link (live)
[1044/2688] 'CSE320 - Michigan State University' (live): SAVED top 2 -> https://www.cse.msu.edu/~cse320/19Spring/ + https://www.cse.msu.edu/~cse320/
[1045/2688] 'CSE331 - Michigan State University' (live): SAVED top 2 -> https://www.cse.msu.edu/~cse331/Section1/ + https://epibio.msu.edu/academics/directory-courses/cse-331.html
[1046/2688] 'CSE380 - Michigan State University': no usable link (live)
[1047/2688] 'CSE404 - Michigan State University': no usable link (live)
[1048/2688] 'CSE435 - Michigan State University' (live): SAVED top 2 -> https://www.cse.msu.edu/~cse435/Lectures/2015-Lectures/cse435_Lecture_1.pdf + https://www.cse.msu.edu/~cse435/Syllabus/CSE435-Syllabus-F2025-Cheng.pdf
[1049/2688] 'CSE480 - Michigan State University' (live): SAVED top 2 -> https://www.cse.msu.edu/~pramanik/teaching/courses/cse480/14s/ + http://intranet.cse.msu.edu/Courses/cse480/cse480-fs21.pdf
[1050/2688] 'CSE498 - Michigan State University': no usable link (live)
[1051/2688] 'ECE202 - Michigan State University' (live): SAVED top 2 -> https://www.egr.msu.edu/~wierzba/SYLL_202.pdf + https://www.egr.msu.edu/~wierzba/index_Page397.htm
[1052/2688] 'CSE1011 - Mississippi State University' (live): SAVED top 1 -> https://www.registrar.msstate.edu/course-catalog
[1053/2688] 'CSE1233 - Mississippi State University': no usable link (live)
[1054/2688] 'CSE1284 - Mississippi State University' (live): SAVED top 2 -> https://github.com/swperb/CSE-Linux-Resources/blob/main/cse1284.html + https://www.registrar.msstate.edu/course-catalog
[1055/2688] 'CSE1384 - Mississippi State University': no usable link (live)
[1056/2688] 'CSE2213 - Mississippi State University': no usable link (live)
[1057/2688] 'CSE4733 - Mississippi State University' (live): SAVED top 2 -> https://ramkumarmsu.github.io/s224733.html + https://www.registrar.msstate.edu/course-catalog
[1058/2688] 'CSE4833 - Mississippi State University': no usable link (live)
[1059/2688] 'ECE3724 - Mississippi State University': no usable link (live)
[1060/2688] 'ECE8990 - Mississippi State University': no usable link (live)
[1061/2688] 'CIS388 - Missouri State University' (live): SAVED top 2 -> https://www.missouristate.edu/CPM/Catalogs.htm + https://gapp.missouristate.edu/Student/scl
[1062/2688] 'CIS429 - Missouri State University': no usable link (live)
[1063/2688] 'CIS655 - Missouri State University': no usable link (live)
[1064/2688] 'CSC455 - Missouri State University' (live): SAVED top 1 -> https://computerscience.missouristate.edu/RazibIqbal/teaching.htm
[1065/2688] 'CSC690 - Missouri State University' (live): SAVED top 1 -> https://wpssb.missouristate.edu/APOLLO/bwzkwcls.p_display_catalog?term_in=202610&amp;subject_code=CSC
[1066/2688] 'CSC703 - Missouri State University': no usable link (live)
[1067/2688] 'ITC235 - Missouri State University': no usable link (live)
[1068/2688] 'ITC429 - Missouri State University': no usable link (live)
[1069/2688] 'CS145RA - Montana State University': no usable link (live)
[1070/2688] 'CSCI127 - Montana State University': no usable link (live)
[1071/2688] 'CSCI246 - Montana State University' (live): SAVED top 2 -> https://www.cs.montana.edu/users/murphy/courses/csci246/spring26/presentation.html + https://www.cs.montana.edu/users/murphy/courses/csci246/spring26.html
[1072/2688] 'CSCI338 - Montana State University': no usable link (live)
[1073/2688] 'BNFO135 - New Jersey Institute of Technology' (live): SAVED top 2 -> https://web.njit.edu/~usman/courses/bnfo135_fall12/bnfo135_lec1.ppt + https://web.njit.edu/~zhiwei/BNFO135/
[1074/2688] 'C350 - New Jersey Institute of Technology': no usable link (live)
[1075/2688] 'CIS114 - New Jersey Institute of Technology': no usable link (live)
[1076/2688] 'CIS280 - New Jersey Institute of Technology' (live): SAVED top 2 -> https://catalogs.rutgers.edu/generated/nwk-ug_0305/pg2207.html + https://digitalcommons.njit.edu/cgi/viewcontent.cgi?article=1376&context=cs-syllabi
[1077/2688] 'CIS434 - New Jersey Institute of Technology' (live): SAVED top 1 -> https://digitalcommons.njit.edu/cgi/viewcontent.cgi?article=1193&context=hist-syllabi
[1078/2688] 'CIS490 - New Jersey Institute of Technology' (live): SAVED top 2 -> https://web.njit.edu/~egan/CIS365/ + https://catalogs.rutgers.edu/generated/nwk-ug_0305/pg2207.html
[1079/2688] 'CIS491 - New Jersey Institute of Technology' (live): SAVED top 2 -> https://catalogs.rutgers.edu/generated/nwk-ug_0305/pg2207.html + https://digitalcommons.njit.edu/cgi/viewcontent.cgi?article=1724&context=hum-syllabi
[1080/2688] 'CIS610 - New Jersey Institute of Technology' (live): SAVED top 2 -> https://www.cis.upenn.edu/~cis6100/ + https://online.colostate.edu/courses/CIS/CIS610.dot
[1081/2688] 'CIS631 - New Jersey Institute of Technology' (live): SAVED top 2 -> https://informatics.njit.edu/sites/informatics/files/680-852-IS-S19-Pak.pdf + https://web.njit.edu/~egan/CIS365/
[1082/2688] 'CIS635 - New Jersey Institute of Technology' (live): SAVED top 1 -> https://web.njit.edu/~egan/CIS365/
[1083/2688] 'CIS650 - New Jersey Institute of Technology' (live): SAVED top 1 -> https://web.njit.edu/~egan/CIS365/
[1084/2688] 'CIS734 - New Jersey Institute of Technology' (live): SAVED top 2 -> https://web.njit.edu/~egan/CIS365/ + https://digitalcommons.njit.edu/coursecatalogs/
[1085/2688] 'CPT330 - New Jersey Institute of Technology' (live): SAVED top 2 -> https://digitalcommons.njit.edu/cgi/viewcontent.cgi?article=1042&context=saet-syllabi + https://digitalcommons.njit.edu/cgi/viewcontent.cgi?article=1038&context=info-syllabi
[1086/2688] 'CS288 - New Jersey Institute of Technology' (live): SAVED top 2 -> https://archives.njit.edu/vhlib/syllabi/cs/cs-2025-01-01-Sp-2025/CS-288-002-004-006-008-102-Spring-2025-Dale.pdf + https://digitalcommons.njit.edu/cgi/viewcontent.cgi?article=1555&context=cs-syllabi
[1087/2688] 'CS388 - New Jersey Institute of Technology' (live): SAVED top 2 -> https://www.cs.utexas.edu/~mooney/cs388/specs.html + https://www.cs.utexas.edu/~gdurrett/courses/online-course/materials.html
[1088/2688] 'CS435 - New Jersey Institute of Technology' (live): SAVED top 2 -> https://web.njit.edu/~ikoutis/courses/cs435-f18/cs435-f18.html + https://digitalcommons.njit.edu/cgi/viewcontent.cgi?article=1635&context=cs-syllabi
[1089/2688] 'CS491 - New Jersey Institute of Technology' (live): SAVED top 2 -> https://digitalcommons.njit.edu/cgi/viewcontent.cgi?article=1079&context=cs-syllabi + https://digitalcommons.njit.edu/cgi/viewcontent.cgi?article=1309&context=cs-syllabi
[1090/2688] 'CS506 - New Jersey Institute of Technology' (live): SAVED top 2 -> https://vulms.vu.edu.pk/Courses/CS506/Downloads/CS506%20-%20Web%20Design%20and%20Development%20(Handouts).pdf + https://digitalcommons.njit.edu/cgi/viewcontent.cgi?article=1641&context=cs-syllabi
[1091/2688] 'CS630 - New Jersey Institute of Technology' (live): SAVED top 2 -> https://ocw.mit.edu/courses/6-172-performance-engineering-of-software-systems-fall-2018/pages/lecture-slides/ + https://digitalcommons.njit.edu/cgi/viewcontent.cgi?article=1332&context=cs-syllabi
[1092/2688] 'CS631 - New Jersey Institute of Technology' (live): SAVED top 2 -> https://digitalcommons.njit.edu/cgi/viewcontent.cgi?article=1338&context=cs-syllabi + https://digitalcommons.njit.edu/cgi/viewcontent.cgi?article=1517&context=cs-syllabi
[1093/2688] 'CS635 - New Jersey Institute of Technology' (live): SAVED top 2 -> http://eceweb1.rutgers.edu/~marsic/books/SE/instructor/slides/ + https://digitalcommons.njit.edu/cgi/viewcontent.cgi?article=1523&context=cs-syllabi
[1094/2688] 'CS636 - New Jersey Institute of Technology' (live): SAVED top 2 -> https://digitalcommons.njit.edu/cgi/viewcontent.cgi?article=1157&context=cs-syllabi + https://digitalcommons.njit.edu/cs-syllabi/97/
[1095/2688] 'CS744 - New Jersey Institute of Technology' (live): SAVED top 2 -> https://pages.cs.wisc.edu/~shivaram/cs744-fa20/ + https://www.cse.iitb.ac.in/~mythili/teaching/cs744_autumn2018/index.html
[1096/2688] 'DS636 - New Jersey Institute of Technology' (live): SAVED top 2 -> https://digitalcommons.njit.edu/cgi/viewcontent.cgi?article=1388&context=cs-syllabi + https://digitalcommons.njit.edu/cgi/viewcontent.cgi?article=1019&context=ds-syllabi
[1097/2688] 'DS637 - New Jersey Institute of Technology' (live): SAVED top 2 -> https://ocw.mit.edu/courses/6-0002-introduction-to-computational-thinking-and-data-science-fall-2016/pages/lecture-slides-and-files/ + https://ift6758.github.io/lectures.html
[1098/2688] 'ECE232 - New Jersey Institute of Technology' (live): SAVED top 2 -> https://www.engr.colostate.edu/ece/wp-content/uploads/2021/10/ECE-232-syllabus-FA25.pdf + https://digitalcommons.njit.edu/cgi/viewcontent.cgi?article=1164&context=ece-syllabi
[1099/2688] 'ECE372 - New Jersey Institute of Technology' (live): SAVED top 1 -> https://digitalcommons.njit.edu/cgi/viewcontent.cgi?article=1019&context=ece-syllabi
[1100/2688] 'ECE374 - New Jersey Institute of Technology' (live): SAVED top 2 -> https://courses.grainger.illinois.edu/cs374/fa2016/lectures.html + https://wiki.hkn.illinois.edu/course%20wiki/ece%20course%20offerings/ece374b/
[1101/2688] 'ECE375 - New Jersey Institute of Technology' (live): SAVED top 2 -> https://digitalcommons.njit.edu/cgi/viewcontent.cgi?article=1036&context=ece-syllabi + https://ece.princeton.edu/academics/courses/catalog
[1102/2688] 'ECE422 - New Jersey Institute of Technology' (live): SAVED top 2 -> https://radiance.ece.utoronto.ca/ece422.html + https://digitalcommons.njit.edu/cgi/viewcontent.cgi?article=1182&context=ece-syllabi
[1103/2688] 'ECE605 - New Jersey Institute of Technology' (live): SAVED top 1 -> https://digitalcommons.njit.edu/cgi/viewcontent.cgi?article=1138&context=ece-syllabi
[1104/2688] 'IS601 - New Jersey Institute of Technology' (live): SAVED top 2 -> https://digitalcommons.njit.edu/cgi/viewcontent.cgi?article=1402&context=info-syllabi + https://digitalcommons.njit.edu/cgi/viewcontent.cgi?article=1275&context=info-syllabi
[1105/2688] 'CS0002 - New York University' (live): SAVED top 2 -> https://cs.nyu.edu/dynamic/courses/schedule/ + https://github.com/chuanyangjin/NYU-Course-Notes-and-Resources
[1106/2688] 'CS474 - New York University' (live): SAVED top 2 -> https://cs474-uic.github.io/cs474-fall2021-site/ + https://cs.nyu.edu/dynamic/courses/schedule/
[1107/2688] 'CS480 - New York University' (live): SAVED top 2 -> https://www.cs.uic.edu/~bglavic/cs480/2024-spring/pdfs/slides/allslides.pdf + https://people.csail.mit.edu/dsontag/courses/ml16/slides/lecture1.pdf
[1108/2688] 'CSCI4 - New York University' (live): SAVED top 2 -> https://cs.nyu.edu/dynamic/courses/schedule/ + https://bulletins.nyu.edu/courses/csci_ua/
[1109/2688] 'CSC113 - North Carolina State University' (live): SAVED top 2 -> https://engineeringonline.ncsu.edu/site-course-homepages-spring-2025/csc-113-introduction-to-matlab/ + https://coursetransfer.northcarolina.edu/guide/2024-2025/625
[1110/2688] 'CSC116 - North Carolina State University' (live): SAVED top 2 -> https://csc.ncsu.edu/academics/ugrad-courses/csc-116-introduction-to-computing-java/ + https://ginabai.github.io/files/Teaching/CSC116(051)_Syllabus.pdf
[1111/2688] 'CSC216 - North Carolina State University' (live): SAVED top 2 -> https://engineeringonline.ncsu.edu/wp-content/uploads/sites/280/2024/08/CSC-216-Software-Development-Fundamentals.pdf + https://sos-cer.github.io/projects/labs.html
[1112/2688] 'CSC333 - North Carolina State University' (live): SAVED top 2 -> https://csc.ncsu.edu/academics/ugrad-courses/csc-333-automata-grammars-and-computability/ + https://coursetransfer.northcarolina.edu/guide/2024-2025/625
[1113/2688] 'CSC379 - North Carolina State University' (live): SAVED top 2 -> https://csc.ncsu.edu/academics/ugrad-courses/csc-379-ethics-in-computing/ + https://coursetransfer.northcarolina.edu/guide/2024-2025/625
[1114/2688] 'CSC422 - North Carolina State University' (live): SAVED top 2 -> https://coursetransfer.northcarolina.edu/guide/2024-2025/625 + https://wolfware.ncsu.edu/courses/details/?sis_id=SIS%3A2023%3A8%3A1%3ACSC%3A422%3A001
[1115/2688] 'CSC591 - North Carolina State University' (live): SAVED top 2 -> https://mankiyoon.github.io/courses/csc591_791_ece_591/fa22/ + https://engineeringonline.ncsu.edu/online-courses/spring-2026/csc-591-artificial-intelligence-of-things/
[1116/2688] 'E115 - North Carolina State University' (live): SAVED top 2 -> https://e115.engr.ncsu.edu/ + https://e115.engr.ncsu.edu/online-textbook/
[1117/2688] 'ECE200 - North Carolina State University' (live): SAVED top 2 -> https://engineeringonline.ncsu.edu/site-course-homepages/ece-200-introduction-to-signals-circuits-and-systems/ + https://ece.ncsu.edu/video/ece-stories/
[1118/2688] 'ECE209 - North Carolina State University' (live): SAVED top 2 -> https://engineeringonline.ncsu.edu/site-course-homepages/ece-209-computer-systems-programming/ + https://engineeringonline.ncsu.edu/wp-content/uploads/sites/280/2025/08/ece-209.pdf
[1119/2688] 'ECE212 - North Carolina State University' (live): SAVED top 2 -> https://engineeringonline.ncsu.edu/site-course-homepages-spring-2025/ece-212-fundamentals-of-logic-design/ + https://engineeringonline.ncsu.edu/wp-content/uploads/sites/280/2025/01/ece212_syllabus_fall_2025.pdf
[1120/2688] 'ECE302 - North Carolina State University' (live): SAVED top 1 -> https://wolfware.ncsu.edu/courses/details/?sis_id=SIS%3A2022%3A8%3A1%3AECE%3A302%3A001
[1121/2688] 'ECE309 - North Carolina State University' (live): SAVED top 1 -> https://wolfware.ncsu.edu/courses/details/?sis_id=SIS%3A2022%3A8%3A1%3AECE%3A309%3A001
[1122/2688] 'ECE331 - North Carolina State University' (live): SAVED top 2 -> https://wolfware.ncsu.edu/courses/details/?sis_id=SIS%3A2023%3A1%3A1%3AECE%3A331%3A001 + https://ece.ncsu.edu/video/ece-stories/
[1123/2688] 'ECE434 - North Carolina State University' (live): SAVED top 1 -> https://coursetransfer.northcarolina.edu/guide/2024-2025/630
[1124/2688] 'ECE489 - North Carolina State University' (live): SAVED top 2 -> https://go.ncsu.edu/course-search + https://ece.ncsu.edu/video/ece-stories/
[1125/2688] 'ECE563 - North Carolina State University' (live): SAVED top 2 -> https://ericrotenberg.wordpress.ncsu.edu/ece-463-563-fall-2018-microprocessor-architecture/ + https://ericrotenberg.wordpress.ncsu.edu/ece-463-563-fall-2021-microprocessor-architecture/
[1126/2688] 'ECE589 - North Carolina State University' (live): SAVED top 2 -> https://engineeringonline.ncsu.edu/online-courses/spring-2024/ece-589-solid-state-solar-and-thermal-energy-harvesting/ + https://engineeringonline.ncsu.edu/student-resources/course-homepages-fall-2025/ece-589-solar-and-thermal-energy-harvesting/
[1127/2688] 'ECE745 - North Carolina State University' (live): SAVED top 2 -> https://engineeringonline.ncsu.edu/wp-content/uploads/sites/280/2026/01/ECE745-Syllabus.pdf + https://webappprd.acs.ncsu.edu/php/coursecat/index.php?subject=ECE&course-number=745&term=2231
[1128/2688] 'ECE786 - North Carolina State University' (live): SAVED top 2 -> https://engineeringonline.ncsu.edu/online-courses/spring-2023/ece-786-topics-in-advanced-computer-architecture-data-parallel-processors/ + https://engineeringonline.ncsu.edu/student-resources/online-course-homepages-spring-2025/ece-786-advanced-computer-architecture-data-parallel-processors/
[1129/2688] 'CSCI213 - North Dakota State University': no usable link (live)
[1130/2688] 'CSCI222 - North Dakota State University': no usable link (live)
[1131/2688] 'CSCI227 - North Dakota State University': no usable link (live)
[1132/2688] 'CSCI371 - North Dakota State University' (live): SAVED top 1 -> https://und.edu/
[1133/2688] 'CSCI372 - North Dakota State University' (live): SAVED top 1 -> https://web.cs.ndsu.nodak.edu/~slator/html/CS372/index.html
[1134/2688] 'ECE173 - North Dakota State University' (live): SAVED top 1 -> https://willistonstate.edu/uploads/53/Electrical%20Engineering.pdf
[1135/2688] 'ECE275 - North Dakota State University': no usable link (live)
[1136/2688] 'ECE343 - North Dakota State University': no usable link (live)
[1137/2688] 'ECE461 - North Dakota State University': no usable link (live)
[1138/2688] 'MIS370 - North Dakota State University': no usable link (live)
[1139/2688] 'CS1101 - Northeastern University' (live): SAVED top 2 -> https://www.khoury.northeastern.edu/qa-what-to-expect-from-khoury-colleges-upcoming-intro-course-changes/ + https://course.ccs.neu.edu/cs1100/index.html
[1140/2688] 'CS1800 - Northeastern University' (live): SAVED top 2 -> https://course.ccs.neu.edu/cs1800/cs1800_fall25_syllabus.pdf + https://course.ccs.neu.edu/cs1800/
[1141/2688] 'CS1802 - Northeastern University' (live): SAVED top 2 -> https://www.khoury.northeastern.edu/khoury-college-announces-redesigned-sequence-of-intro-computing-courses/ + https://course.ccs.neu.edu/cs1800/
[1142/2688] 'CS3000 - Northeastern University' (live): SAVED top 2 -> https://tlarock.github.io/teaching/cs3000/slides/Lecture01_withNotes.pdf + https://course.ccs.neu.edu/cs3000/
[1143/2688] 'CS3650 - Northeastern University' (live): SAVED top 2 -> https://course.khoury.northeastern.edu/cs3650/ + https://course.ccs.neu.edu/cs3650sp22/syllabus.html
[1144/2688] 'CS4100 - Northeastern University' (live): SAVED top 2 -> https://www.khoury.northeastern.edu/home/lsw/teaching/4100-s25-syllabus.pdf + http://www.ccs.neu.edu/home/camato/4100summaryS25.html
[1145/2688] 'CS5004 - Northeastern University' (live): SAVED top 2 -> https://www.khoury.northeastern.edu/cs5004-object-oriented-design-course-charter/ + https://course.ccs.neu.edu/cs5004/
[1146/2688] 'CS5010 - Northeastern University' (live): SAVED top 2 -> https://cs5010pdp2017fall.github.io/ + https://github.com/kiritoast/CS5010-Program-Design-Paradigms
[1147/2688] 'CS5100 - Northeastern University' (live): SAVED top 2 -> https://www.khoury.northeastern.edu/home/camato/5100scheduleS24.html + https://www.ccs.neu.edu/home/camato/5100scheduleF21.html
[1148/2688] 'CS5340 - Northeastern University' (live): SAVED top 2 -> https://actlab.sites.northeastern.edu/teaching/cs-5340-computer-human-interaction-spring-2025/ + https://www.ccs.neu.edu/home/intille/teaching/HCI/Slides/L2Final.pdf
[1149/2688] 'CS5500 - Northeastern University' (live): SAVED top 2 -> https://www.khoury.northeastern.edu/home/lieber/courses/se-courses/cs5500/sp11/lectures/ + https://neu-se.github.io/CS4530-CS5500-Spring-2021/
[1150/2688] 'CS5700 - Northeastern University' (live): SAVED top 2 -> https://www.khoury.northeastern.edu/home/noubir/Courses/CS4700-5700/F11.old/ + https://cnitarot.github.io/courses/nt_Fall_2017/index.html
[1151/2688] 'CS5770 - Northeastern University' (live): SAVED top 2 -> https://zzm7000.github.io/teaching/2024fallcy5770/index.html + https://www.khoury.northeastern.edu/khoury-college-announces-redesigned-sequence-of-intro-computing-courses/
[1152/2688] 'CS5800 - Northeastern University' (live): SAVED top 2 -> https://www.khoury.northeastern.edu/home/vip/teach/Algorithms/html/aboutcs5800_mod.html + https://github.com/isazyzhang/CS5800
[1153/2688] 'CS7140 - Northeastern University' (live): SAVED top 2 -> https://www.khoury.northeastern.edu/home/radivojac/classes/2024fallcs6140/ + http://khoury.northeastern.edu/home/eelhami/courses_nu_cs6140.htm
[1154/2688] 'CY2550 - Northeastern University' (live): SAVED top 1 -> https://www.ccs.neu.edu/home/alina/classes/Spring2020/Lecture1.pdf
[1155/2688] 'CY3740 - Northeastern University' (live): SAVED top 2 -> https://www.khoury.northeastern.edu/home/kaan/rankings.html + http://newton.neu.edu:8080/syllabusrepo/40727.pdf?t=1774063929706
[1156/2688] 'DS3000 - Northeastern University' (live): SAVED top 1 -> https://bnrordsp.neu.edu/ssb-prod/bwckctlg.p_disp_course_detail?cat_term_in=202510&subj_code_in=DS&crse_numb_in=3000
[1157/2688] 'DS4200 - Northeastern University' (live): SAVED top 2 -> https://www.khoury.northeastern.edu/home/borkin/courses/2017Fall/DS4200/ + http://www.ccs.neu.edu/home/cody/courses/ds4200-f19/
[1158/2688] 'DS4400 - Northeastern University' (live): SAVED top 2 -> http://khoury.northeastern.edu/home/eelhami/courses_nu_ds4400_fall21.htm + http://khoury.northeastern.edu/home/eelhami/courses_nu_ds4400_fall19.htm
[1159/2688] 'DS5220 - Northeastern University' (live): SAVED top 2 -> https://www.khoury.northeastern.edu/home/radivojac/classes/2023fallds5220x/ + https://www.khoury.northeastern.edu/home/eelhami/courses_nu_ds5220_spring18.htm
[1160/2688] 'CSCI330 - Northern Illinois University' (live): SAVED top 1 -> https://github.com/AaronFosco/CSCI330
[1161/2688] 'CSCI466 - Northern Illinois University' (live): SAVED top 1 -> https://www.ni-u.edu/catalog/
[1162/2688] 'CIS313 - Northwestern University' (live): SAVED top 2 -> https://psychology.northwestern.edu/courses/2021-2022/course-descriptions/ + https://www.unwsp.edu/wp-content/uploads/Registrar/2023-24-Course-Descriptions.pdf
[1163/2688] 'CIS317 - Northwestern University' (live): SAVED top 2 -> https://www.unwsp.edu/wp-content/uploads/Registrar/2023-24-Course-Descriptions.pdf + https://catalogs.northwestern.edu/sps/courses-az/undergraduate/cis/
[1164/2688] 'CIS417 - Northwestern University' (live): SAVED top 2 -> https://catalogs.northwestern.edu/sps/courses-az/graduate/cis/ + https://catalogs.northwestern.edu/sps/graduate/data-science/
[1165/2688] 'CIS465 - Northwestern University' (live): SAVED top 2 -> https://catalogs.northwestern.edu/sps/courses-az/graduate/cis/ + https://catalogs.northwestern.edu/undergraduate/courses-az/
[1166/2688] 'CSCI150 - Oberlin College' (live): SAVED top 2 -> https://cs.oberlin.edu/~aeck/Spring2025/CSCI150/handouts.html + https://cs.oberlin.edu/~aeck/Spring2025/CSCI150/syllabus.html
[1167/2688] 'CSCI151 - Oberlin College' (live): SAVED top 2 -> https://occs.cs.oberlin.edu/~aeck/Fall2024/CSCI151/handouts.html + https://cs.oberlin.edu/~aeck/Spring2025/CSCI150/handouts.html
[1168/2688] 'CSE1222 - Ohio State University': no usable link (live)
[1169/2688] 'CSE2111 - Ohio State University' (live): SAVED top 2 -> https://guides.osu.edu/cse2111 + https://cse22x1.engineering.osu.edu/2221/web-sw1/index.html
[1170/2688] 'CS2401 - Ohio University' (live): SAVED top 2 -> https://github.com/nasseef/cs2401 + https://github.com/49n3r/cs2401
[1171/2688] 'CS1103 - Oklahoma State University': no usable link (live)
[1172/2688] 'CS2133 - Oklahoma State University': no usable link (live)
[1173/2688] 'CS3353 - Oklahoma State University': no usable link (live)
[1174/2688] 'CS3613 - Oklahoma State University' (live): SAVED top 2 -> https://github.com/jcausey-astate/CS3613_lecture_notes + https://github.com/jcausey-astate/CS3613_lecture_notes/blob/master/PITCHME.md
[1175/2688] 'CS3653 - Oklahoma State University': no usable link (live)
[1176/2688] 'CS4343 - Oklahoma State University': no usable link (live)
[1177/2688] 'CS5313 - Oklahoma State University': no usable link (live)
[1178/2688] 'MSIS2013 - Oklahoma State University': no usable link (live)
[1179/2688] 'MSIS2203 - Oklahoma State University': no usable link (live)
[1180/2688] 'CS390 - Old Dominion University' (live): SAVED top 2 -> https://www.cs.odu.edu/~zeil/cs390/s17/Public/orientationSlides/index.html + https://www.cs.odu.edu/~zeil/cs390/latest/Public/orientationSlides/orientationSlides__slides.html
[1181/2688] 'ECE313 - Old Dominion University' (live): SAVED top 1 -> https://courses.odu.edu/
[1182/2688] 'AI534 - Oregon State University': no usable link (live)
[1183/2688] 'CS225 - Oregon State University': no usable link (live)
[1184/2688] 'CS325H - Oregon State University': no usable link (live)
[1185/2688] 'CS352 - Oregon State University': no usable link (live)
[1186/2688] 'CS372 - Oregon State University': no usable link (live)
[1187/2688] 'CS519 - Oregon State University': no usable link (live)
[1188/2688] 'CS534 - Oregon State University': no usable link (live)
[1189/2688] 'ENGR203 - Oregon State University': no usable link (live)
[1190/2688] 'CIS102W - Pace University': no usable link (live)
[1191/2688] 'CS612 - Pace University': no usable link (live)
[1192/2688] 'CS659 - Pace University': no usable link (live)
[1193/2688] 'IS629 - Pace University' (live): SAVED top 2 -> https://csis.pace.edu/~benjamin/courses/cs619/ + https://www.pace.edu/learning-commons/services-current-students/academic-resources
[1194/2688] 'IS638 - Pace University': no usable link (live)
[1195/2688] 'CMPCS201 - Penn State University' (live): SAVED top 2 -> https://bulletins.psu.edu/university-course-descriptions/undergraduate/cmpsc/ + https://registrar.psu.edu/course-descriptions/
[1196/2688] 'CMPEN221 - Penn State University': no usable link (live)
[1197/2688] 'CMPEN270 - Penn State University' (live): SAVED top 2 -> https://www.cse.psu.edu/~kxc104/class/cmpen270/10s/syllabus.html + https://student.worldcampus.psu.edu/course-catalog/course/2245/4062
[1198/2688] 'CMPEN311 - Penn State University': no usable link (live)
[1199/2688] 'CMPEN331 - Penn State University' (live): SAVED top 2 -> https://sites.psu.edu/zhipengfan2021/cmpen-331-computer-organization-and-design/ + https://github.com/450571066/CMPEN_331
[1200/2688] 'CMPEN454 - Penn State University': no usable link (live)
[1201/2688] 'CMPSC100 - Penn State University' (live): SAVED top 2 -> https://bulletins.psu.edu/university-course-descriptions/undergraduate/cmpsc/ + https://registrar.psu.edu/course-descriptions/
[1202/2688] 'CMPSC101 - Penn State University' (live): SAVED top 2 -> https://student.worldcampus.psu.edu/course-catalog/course/2241/10108 + https://bulletins.psu.edu/university-course-descriptions/undergraduate/cmpsc/
[1203/2688] 'CMPSC121 - Penn State University': no usable link (live)
[1204/2688] 'CMPSC132 - Penn State University' (live): SAVED top 2 -> https://github.com/KorzLight/Data-Structures-and-Algorithms-CMPSC-132 + https://bulletins.psu.edu/university-course-descriptions/undergraduate/cmpsc/
[1205/2688] 'CMPSC200 - Penn State University': no usable link (live)
[1206/2688] 'CMPSC201 - Penn State University' (live): SAVED top 2 -> https://pennstatelearning.psu.edu/cmpsc201 + https://bulletins.psu.edu/university-course-descriptions/undergraduate/cmpsc/
[1207/2688] 'CMPSC201C - Penn State University': no usable link (live)
[1208/2688] 'CMPSC203 - Penn State University' (live): SAVED top 2 -> https://github.com/devlin25-sketch/CMPSC-203 + https://bulletins.psu.edu/university-course-descriptions/undergraduate/cmpsc/
[1209/2688] 'CMPSC311 - Penn State University': no usable link (live)
[1210/2688] 'CMPSC360 - Penn State University': no usable link (live)
[1211/2688] 'CMPSC431W - Penn State University': no usable link (live)
[1212/2688] 'CMPSC442 - Penn State University': no usable link (live)
[1213/2688] 'CMPSC448 - Penn State University' (live): SAVED top 2 -> https://www.cse.psu.edu/~mzm616/cmpsc448_syllabus_spring2019.pdf + https://github.com/ashley-g/cmpsc448
[1214/2688] 'CMPSC461 - Penn State University': no usable link (live)
[1215/2688] 'CMPSC473 - Penn State University' (live): SAVED top 2 -> https://sites.psu.edu/timothyz/cmpsc-473-operating-systems/ + https://www.cse.psu.edu/~buu1/teaching/spring21/473.html
[1216/2688] 'CMPSC475 - Penn State University' (live): SAVED top 2 -> https://github.com/CMPSC-475 + https://www.eecs.psu.edu/assets/docs/handbooks/CMPSC-handbook-2024-2025.pdf
[1217/2688] 'CS442 - Penn State University': no usable link (live)
[1218/2688] 'CSE103 - Penn State University': no usable link (live)
[1219/2688] 'CSE411 - Penn State University': no usable link (live)
[1220/2688] 'CSE511 - Penn State University' (live): SAVED top 2 -> https://www.cse.psu.edu/~buu1/teaching/fall25/511.html + https://jiayuasu.github.io/files/teaching/cse511.pdf
[1221/2688] 'CSE541 - Penn State University' (live): SAVED top 2 -> https://github.com/saptab/CSE541-DatabaseSystems-I-Project-report-presentation/blob/main/CSE_541_DatabaseSystems-I-Final_Project_Presentation.pdf + https://courses.cs.washington.edu/courses/cse541/
[1222/2688] 'CSE583 - Penn State University' (live): SAVED top 2 -> https://courses.cs.washington.edu/courses/cse583/97au/slides/ + https://github.com/HaydenMM/CSE-583/tree/main/HW1
[1223/2688] 'DS442 - Penn State University': no usable link (live)
[1224/2688] 'ECE453 - Penn State University' (live): SAVED top 2 -> https://www.cse.psu.edu/~rtc12/CSE486/ + https://registrar.psu.edu/course-descriptions/
[1225/2688] 'ECE172 - Portland State University' (live): SAVED top 1 -> https://www.pdx.edu/registration/course-selection
[1226/2688] 'ECE271 - Portland State University': no usable link (live)
[1227/2688] 'ECE315 - Portland State University': no usable link (live)
[1228/2688] 'ECE322 - Portland State University' (live): SAVED top 2 -> https://web.engr.oregonstate.edu/~anandt/ECE322_Fall_2021/outline.html + https://web.engr.oregonstate.edu/~anandt/ECE322_Fall_2017/
[1229/2688] 'ECE351 - Portland State University': no usable link (live)
[1230/2688] 'ECE581 - Portland State University': no usable link (live)
[1231/2688] 'ECE582 - Portland State University' (live): SAVED top 2 -> https://ece.illinois.edu/academics/courses/ece582 + https://github.com/abfouts/W21_ECE582
[1232/2688] 'INFO651 - Pratt Institute' (live): SAVED top 2 -> https://www.cs.cornell.edu/people/sengers/Teaching/INFO651/index.php + https://www.pratt.edu/wp-content/uploads/2023/11/654-01-Syllabus-FA2023-Maceli.pdf
[1233/2688] 'CS12300 - Purdue University' (live): SAVED top 2 -> http://cs.pnw.edu/~rlkraft/cs12300-2015/cs12300.html + https://sswis.mypurdue.purdue.edu/CourseInsights/
[1234/2688] 'CS12600 - Purdue University': no usable link (live)
[1235/2688] 'CS223 - Purdue University': no usable link (live)
[1236/2688] 'CS275 - Purdue University' (live): SAVED top 2 -> http://math.pnw.edu/~rlkraft/cs275-2007/cs275.html + http://cs.pnw.edu/~rlkraft/cs275-2007/class.html
[1237/2688] 'CS27500 - Purdue University': no usable link (live)
[1238/2688] 'IT402 - Purdue University' (live): SAVED top 2 -> https://sswis.mypurdue.purdue.edu/CourseInsights/ + https://github.com/zkeulr/Notes
[1239/2688] 'ITS170 - Purdue University': no usable link (live)
[1240/2688] 'ITSY1300 - Purdue University' (live): SAVED top 2 -> https://www.lit.edu/course-detail/ITSY/1300/202510/fundamentals-of-info-security + https://www.lit.edu/course-syllabus/7349/202310-itsy1300-2a1.pdf
[1241/2688] 'CISI012 - Queens College': no usable link (live)
[1242/2688] 'CS012 - Queens College': no usable link (live)
[1243/2688] 'CS12 - Queens College' (live): SAVED top 2 -> https://www.qc.cuny.edu/academics/cs/undergraduate-courses/ + https://www.qc.cuny.edu/academics/cs/current-student-resources/
[1244/2688] 'CS313 - Queens College': no usable link (live)
[1245/2688] 'CS320 - Queens College' (live): SAVED top 1 -> https://www.qc.cuny.edu/academics/qclc/resources/
[1246/2688] 'CS331 - Queens College' (live): SAVED top 2 -> https://github.com/ps-keerthana/COURSE_WORKS/blob/main/Computer_Networks/Lec_Slides/CS331_TranportLayer_Lec13-15.pdf + https://github.com/ps-keerthana/COURSE_WORKS/blob/main/Computer_Networks/Lec_Slides/CS331-Network%20Layer-Part1.pdf
[1247/2688] 'CS340 - Queens College': no usable link (live)
[1248/2688] 'CS343 - Queens College': no usable link (live)
[1249/2688] 'CS344 - Queens College' (live): SAVED top 2 -> https://jeansalac.github.io/classes/cs344_hci/syllabus_w25.html + https://github.com/udacity/cs344/blob/master/Lesson%20Slides/CS344_Lesson2_Slides.pdf
[1250/2688] 'CS346 - Queens College' (live): SAVED top 2 -> https://cs346.stanford.edu/ + https://myaccount.queens.edu/ICS/Help/Student/Basic_Course_Search.htm
[1251/2688] 'CS355 - Queens College' (live): SAVED top 2 -> https://raymondlaw.github.io/cs355/misc/syllabus/CSCI_355___FA2025___Internet_and_Web_Technologies__TTh_.pdf + https://barbipalvin.github.io/misc/syllabus/cs355-mw.pdf
[1252/2688] 'CS381 - Queens College': no usable link (live)
[1253/2688] 'CS715 - Queens College': no usable link (live)
[1254/2688] 'CSC323 - Queens College' (live): SAVED top 2 -> https://www.qc.cuny.edu/academics/qclc/resources/ + https://apps.qc.cuny.edu/courses/
[1255/2688] 'CSCI012 - Queens College' (live): SAVED top 2 -> https://cscie12.dce.harvard.edu/lecture_notes/2024-fall/ + https://myaccount.queens.edu/ICS/Help/Student/Basic_Course_Search.htm
[1256/2688] 'CSCI111 - Queens College' (live): SAVED top 2 -> https://github.com/hackettccp/CSCI111 + https://www.qc.cuny.edu/academics/qclc/resources/
[1257/2688] 'CSCI111LAB - Queens College': no usable link (live)
[1258/2688] 'CSCI12 - Queens College' (live): SAVED top 2 -> https://www.qc.cuny.edu/academics/cs/undergraduate-courses/ + https://www.cs.qc.cuny.edu/ugradclasses.html
[1259/2688] 'CSCI211 - Queens College' (live): SAVED top 2 -> https://github.com/mdaazad/CSCI-211-Cpp-Projects + https://www.qc.cuny.edu/academics/qclc/resources/
[1260/2688] 'CSCI220 - Queens College': no usable link (live)
[1261/2688] 'CSCI240 - Queens College' (live): SAVED top 2 -> https://github.com/wang-robin/CSCI240-Computer-Organization-and-Assembly-Language + https://www.qc.cuny.edu/academics/qclc/resources/
[1262/2688] 'CSCI313 - Queens College': no usable link (live)
[1263/2688] 'CSCI316 - Queens College' (live): SAVED top 2 -> https://www.qc.cuny.edu/academics/cs/undergraduate-courses/ + https://www.cs.qc.cuny.edu/index-3.html
[1264/2688] 'CSCI320 - Queens College' (live): SAVED top 2 -> https://www.qc.cuny.edu/academics/qclc/resources/ + https://www.qc.cuny.edu/academics/cs/undergraduate-courses/
[1265/2688] 'CSCI323 - Queens College': no usable link (live)
[1266/2688] 'CSCI328 - Queens College' (live): SAVED top 2 -> https://www.qc.cuny.edu/academics/cs/undergraduate-courses/ + https://www.qc.cuny.edu/aac/wp-content/uploads/sites/84/2025/08/Computer-Science-BS.pdf
[1267/2688] 'CSCI331 - Queens College' (live): SAVED top 2 -> https://www.qc.cuny.edu/academics/cs/undergraduate-courses/ + https://github.com/eng-jonathan/Databases
[1268/2688] 'CSCI340 - Queens College' (live): SAVED top 2 -> https://www.qc.cuny.edu/academics/cs/undergraduate-courses/ + https://www.cs.qc.cuny.edu/index-3.html
[1269/2688] 'CSCI344 - Queens College' (live): SAVED top 2 -> https://www.qc.cuny.edu/academics/cs/undergraduate-courses/ + https://www.cs.qc.cuny.edu/index-3.html
[1270/2688] 'CSCI355 - Queens College': no usable link (live)
[1271/2688] 'CSCI381 - Queens College' (live): SAVED top 2 -> https://www.qc.cuny.edu/academics/cs/undergraduate-courses/ + https://www.qc.cuny.edu/academics/cs/special-topics-courses/
[1272/2688] 'DATA205 - Queens College' (live): SAVED top 2 -> https://www.qc.cuny.edu/academics/smns/data-science-courses/ + https://qcsociology.commons.gc.cuny.edu/data-analytics-course-descriptions/
[1273/2688] 'CSC111L - Quinnipiac University' (live): SAVED top 2 -> https://plantarc.github.io/csslides/csc111.html + https://github.com/bjaxqq/CSC111L
[1274/2688] 'MG210 - Quinnipiac University': no usable link (live)
[1275/2688] 'MG321 - Quinnipiac University' (live): SAVED top 1 -> https://selfservice.quinnipiac.edu/Student/Courses
[1276/2688] 'MG335 - Quinnipiac University' (live): SAVED top 2 -> https://www.qu.edu/globalassets/global/media/qu/documents/university/catalogs/2016-2017-academic-catalog.pdf + https://selfservice.quinnipiac.edu/Student/Courses
[1277/2688] 'CSCI221 - Reed College' (live): SAVED top 2 -> https://jimfix.github.io/csci221/index.html + https://www.reed.edu/computer-science/courses.html
[1278/2688] 'CSCI382 - Reed College' (live): SAVED top 2 -> https://www.reed.edu/computer-science/courses.html + https://admissions.oregonstate.edu/course-articulations-reed-college
[1279/2688] 'CSCI387 - Reed College' (live): SAVED top 2 -> https://www.reed.edu/computer-science/courses.html + https://www.reed.edu/registrar/academic-advising-handbook/sections/major-requirements/computer-science.html
[1280/2688] 'CSCI389 - Reed College' (live): SAVED top 2 -> https://www.reed.edu/computer-science/courses.html + https://www.reed.edu/registrar/academic-advising-handbook/sections/major-requirements/computer-science.html
[1281/2688] 'CS2500 - Rensselaer Polytechnic Institute': no usable link (live)
[1282/2688] 'CSCI1100 - Rensselaer Polytechnic Institute' (live): SAVED top 2 -> https://github.com/Suberj/CSCI-1100 + https://www.cs.rpi.edu/~mushtu/CS1100/index.html
[1283/2688] 'CSCI1200 - Rensselaer Polytechnic Institute' (live): SAVED top 2 -> http://www.cs.rpi.edu/academics/courses/fall22/csci1200/crash_course_cpp_syntax.php + https://github.com/ebanner/CSCI-1200
[1284/2688] 'CSCI2200 - Rensselaer Polytechnic Institute': no usable link (live)
[1285/2688] 'CSCI2300 - Rensselaer Polytechnic Institute' (live): SAVED top 2 -> https://rpi-sep.github.io/teaching/csci-2300-fall-2023 + http://www.cs.rpi.edu/~zaki/courses/algorithms/algo_syllabus/
[1286/2688] 'CSCI2500 - Rensselaer Polytechnic Institute' (live): SAVED top 1 -> https://github.com/RPISEC/MBE
[1287/2688] 'CSCI2600 - Rensselaer Polytechnic Institute' (live): SAVED top 2 -> https://principles-of-software.github.io/Principles-of-Software/ + https://github.com/Principles-of-Software/Principles-of-Software
[1288/2688] 'CSCI4100 - Rensselaer Polytechnic Institute' (live): SAVED top 1 -> https://www.cs.rpi.edu/~magdon/courses/learn.php
[1289/2688] 'CSCI4150 - Rensselaer Polytechnic Institute' (live): SAVED top 2 -> https://github.com/AlbMej/CSCI-4150-Introduction-to-Artificial-Intelligence + http://www.cs.rpi.edu/academics/courses/fall02/ai/
[1290/2688] 'CSCI4210 - Rensselaer Polytechnic Institute': no usable link (live)
[1291/2688] 'CSCI4350 - Rensselaer Polytechnic Institute' (live): SAVED top 1 -> https://tw.rpi.edu/classes/data-science-2021
[1292/2688] 'CSCI4370 - Rensselaer Polytechnic Institute' (live): SAVED top 1 -> https://dylanrees.github.io/coco/
[1293/2688] 'CSCI4380 - Rensselaer Polytechnic Institute' (live): SAVED top 2 -> https://www.cs.rpi.edu/~sibel/csci4380/fall2025/course_notes.html + https://www.cs.rpi.edu/~sibel/csci4380/fall2023/course_notes.html
[1294/2688] 'CSCI4430 - Rensselaer Polytechnic Institute' (live): SAVED top 2 -> https://www.cs.rpi.edu/~milanova/csci4430/F25_Lecture1_Intro.pdf + https://www.cs.rpi.edu/academics/courses/fall24/csci4430/
[1295/2688] 'CSCI4800 - Rensselaer Polytechnic Institute': no usable link (live)
[1296/2688] 'CSCI4964 - Rensselaer Polytechnic Institute': no usable link (live)
[1297/2688] 'CSCI6100 - Rensselaer Polytechnic Institute' (live): SAVED top 1 -> https://github.com/southwick-dan/MLfromData
[1298/2688] 'COMP140 - Rice University' (live): SAVED top 2 -> https://www.clear.rice.edu/comp140/ + https://github.com/harrychen9999/COMP140
[1299/2688] 'COMP182 - Rice University' (live): SAVED top 2 -> https://courses.rice.edu/courses/!SWKSCAT.cat?p_action=COURSE&p_term=201720&p_crn=20425 + https://esther.rice.edu/selfserve/!bwzkpsyl.v_viewDoc?term=202410&crn=15520&type=SYLLABUS
[1300/2688] 'COMP504 - Rice University' (live): SAVED top 2 -> https://www.cs.rice.edu/~eugeneng/teaching/f04/comp529/529.html + https://courses.rice.edu/courses/!SWKSCAT.cat?p_action=COURSE&p_term=202310&p_crn=10693
[1301/2688] 'CS2 - Rochester Institute of Technology' (live): SAVED top 2 -> https://www.cs.rit.edu/~rlaz/cs2/ + https://www.cfd.rit.edu/products/pfq2%20speaker%20videos/slides/
[1302/2688] 'CS3 - Rochester Institute of Technology' (live): SAVED top 2 -> https://www.rit.edu/study/computer-science-bs + https://repository.rit.edu/cgi/viewcontent.cgi?article=1110&context=archives
[1303/2688] 'CSC1141 - Rochester Institute of Technology' (live): SAVED top 2 -> https://repository.rit.edu/archives/121/ + https://all.rit.edu/EducatorResources
[1304/2688] 'CSC250 - Rochester Institute of Technology' (live): SAVED top 2 -> https://compsci.uncg.edu/wp-content/uploads/2017/11/CSC250-Syllabus-f17.pdf + https://repository.rit.edu/facsenate/1968/
[1305/2688] 'CSCI140 - Rochester Institute of Technology' (live): SAVED top 2 -> https://www.rit.edu/study/computer-science-bs + https://www.rit.edu/marketing/sites/rit.edu.marketing/files/docs/pdfs/Undergraduate_Catalog.pdf
[1306/2688] 'CSCI141 - Rochester Institute of Technology' (live): SAVED top 2 -> https://www.rit.edu/study/computer-science-bs + https://www.rit.edu/study/computer-science-minor
[1307/2688] 'CSCI142 - Rochester Institute of Technology' (live): SAVED top 2 -> https://www.rit.edu/computing/department-computer-science/resources + https://www.rit.edu/study/computer-science-bs
[1308/2688] 'CSCI243 - Rochester Institute of Technology' (live): SAVED top 2 -> https://www.cs.wm.edu/~tadavis/cs243/ + https://www.rit.edu/study/computer-science-bs
[1309/2688] 'CSCI250 - Rochester Institute of Technology' (live): SAVED top 2 -> https://www.rit.edu/study/computer-science-bs + https://www.rit.edu/study/computer-science-minor
[1310/2688] 'CSCI251 - Rochester Institute of Technology' (live): SAVED top 2 -> https://www.rit.edu/study/computer-science-bs + https://www.rit.edu/study/computer-science-minor
[1311/2688] 'CSCI261 - Rochester Institute of Technology' (live): SAVED top 2 -> https://www.rit.edu/study/computer-science-minor + https://www.rit.edu/study/computer-science-bs
[1312/2688] 'CSCI262 - Rochester Institute of Technology': no usable link (live)
[1313/2688] 'CSCI420 - Rochester Institute of Technology' (live): SAVED top 2 -> https://viterbi-web.usc.edu/~jbarbic/cs420-s21/ + https://www.rit.edu/study/computer-science-minor
[1314/2688] 'CSCI462 - Rochester Institute of Technology' (live): SAVED top 2 -> https://www.cs.purdue.edu/homes/jblocki/courses/555_Spring21/slides/Week1.pdf + https://github.com/MJVL/CSCI-462-Tools
[1315/2688] 'CSCI631 - Rochester Institute of Technology' (live): SAVED top 2 -> https://www.liberty.edu/online/courses/csci631/ + https://home.adelphi.edu/~pe16132/csc170/presentations/adelphiintro.ppt
[1316/2688] 'CSCI651 - Rochester Institute of Technology' (live): SAVED top 2 -> https://www.liberty.edu/online/courses/csci651/ + https://cse.sc.edu/~farkas/csce522/lectures/USC-Security-Education.ppt
[1317/2688] 'CSCI720 - Rochester Institute of Technology' (live): SAVED top 2 -> https://www.rit.edu/study/computer-science-minor + https://www.rit.edu/directory/thomask-thomas-kinsman
[1318/2688] 'CSCI788 - Rochester Institute of Technology' (live): SAVED top 2 -> https://www.cs.rit.edu/~rlaz/wwwProjFall2015/syllabus.html + https://www.rit.edu/study/computer-science-minor
[1319/2688] 'CSD220 - Rochester Institute of Technology' (live): SAVED top 2 -> https://www.rit.edu/teaching/2024-summer-institute-presenter-materials + https://repository.rit.edu/facsenate/1968/
[1320/2688] 'CSEC101 - Rochester Institute of Technology' (live): SAVED top 2 -> https://www.rit.edu/study/cybersecurity-minor + https://repository.rit.edu/cgi/viewcontent.cgi?article=1074&context=archives
[1321/2688] 'CSEC140 - Rochester Institute of Technology' (live): SAVED top 2 -> https://www.rit.edu/study/cybersecurity-bs + https://www.rit.edu/computing/sites/rit.edu.computing/files/docs/CSEC/BS%20Course%20Descriptions.pdf
[1322/2688] 'CSEC201 - Rochester Institute of Technology' (live): SAVED top 2 -> https://www.rit.edu/study/cybersecurity-minor + https://www.rit.edu/computing/sites/rit.edu.computing/files/docs/CSEC/BS%20Course%20Descriptions.pdf
[1323/2688] 'DATA1 - Rochester Institute of Technology' (live): SAVED top 2 -> https://infoguides.rit.edu/access/presentation + https://www.rit.edu/study/applied-statistics-and-data-analytics-bs
[1324/2688] 'GCIS123 - Rochester Institute of Technology' (live): SAVED top 2 -> https://www.se.rit.edu/~gcis-123/syllabus.html + https://www.se.rit.edu/~gcis-123/
[1325/2688] 'GCIS124 - Rochester Institute of Technology' (live): SAVED top 2 -> https://www.se.rit.edu/~gcis-124/syllabus.html + https://www.rit.edu/summer-courses?page=5
[1326/2688] 'GCIS127 - Rochester Institute of Technology' (live): SAVED top 2 -> https://www.rit.edu/generaleducation/general-education-courses?page=17 + https://www.rit.edu/computing/tutoringcenter
[1327/2688] 'NSSA220 - Rochester Institute of Technology' (live): SAVED top 2 -> https://www.rit.edu/study/networking-and-systems-administration-minor + https://www.rit.edu/study/information-technology-bs
[1328/2688] 'SWEN123 - Rochester Institute of Technology' (live): SAVED top 2 -> https://www.rit.edu/study/software-engineering-bs + https://www.monroecc.edu/auditsheets.nsf/Web+By+College/96689728B3B5390F852589C1004DFDCD
[1329/2688] 'SWEN262 - Rochester Institute of Technology' (live): SAVED top 2 -> https://www.se.rit.edu/~swen-262/schedule/2255-2per.html + https://www.se.rit.edu/~swen-262/syllabus.html
[1330/2688] 'CSSE120 - Rose-Hulman Institute of Technology' (live): SAVED top 2 -> https://www.rose-hulman.edu/class/csse/archive/csse120-old/csse120-old-terms/201120robotics/Slides/01-IntroToCourseEclipseAndPython.pdf + https://www.rose-hulman.edu/class/cs/archive/csse120-old/csse120-old-terms/201230/Slides/01-IntroToCourseEclipseAndPython.pdf
[1331/2688] 'CSSE220 - Rose-Hulman Institute of Technology' (live): SAVED top 2 -> https://www.rose-hulman.edu/class/csse/csse220/201720/Slides/01%20JavaIntro.pdf + https://www.rose-hulman.edu/class/cs/csse220/current/Slides/DesignInheritance.pdf
[1332/2688] 'CSSE221 - Rose-Hulman Institute of Technology' (live): SAVED top 2 -> https://www.rose-hulman.edu/class/csse/csse221/201210/Slides/01%20Introduction.pdf + https://www.rose-hulman.edu/class/csse/csse221/201210/Slides/09%20EventListeners.pdf
[1333/2688] 'CSSE230 - Rose-Hulman Institute of Technology' (live): SAVED top 2 -> https://www.rose-hulman.edu/academics/course-catalog/2024-2025/programs/Computer%20Science/csse-230.html + https://www.rhit.edu/academics/course-catalog/2019-2020/programs/Computer%20Science/csse-230.html
[1334/2688] 'CSSE232 - Rose-Hulman Institute of Technology': no usable link (live)
[1335/2688] 'CSSE280 - Rose-Hulman Institute of Technology' (live): SAVED top 2 -> https://www.rose-hulman.edu/class/csse/csse280/201710/Slides/ + https://www.rose-hulman.edu/class/csse/csse280/201710/Slides/Intro-Internet.pdf
[1336/2688] 'CSSE332 - Rose-Hulman Institute of Technology' (live): SAVED top 2 -> https://www.rose-hulman.edu/academics/course-catalog/2022-2023/programs/Computer%20Science/csse-332.html + https://www.rose-hulman.edu/academics/course-catalog/2017-2018/programs/Computer%20Science/csse-332.html
[1337/2688] 'CSSE333 - Rose-Hulman Institute of Technology' (live): SAVED top 2 -> https://www.rose-hulman.edu/class/cs/csse333/Slides/BFViews.ppt + https://www.rose-hulman.edu/academics/course-catalog/2022-2023/programs/Computer%20Science/csse-333.html
[1338/2688] 'CSSE371 - Rose-Hulman Institute of Technology' (live): SAVED top 2 -> https://www.rose-hulman.edu/academics/course-catalog/2021-2022/programs/Computer%20Science/csse-371.html + https://www.rose-hulman.edu/class/csse/csse371/
[1339/2688] 'CSSE374 - Rose-Hulman Institute of Technology' (live): SAVED top 2 -> https://www.rose-hulman.edu/academics/course-catalog/2020-2021/programs/Computer%20Science/csse-374.html + https://www.rose-hulman.edu/academics/course-catalog/2022-2023/programs/Computer%20Science/csse-374.html
[1340/2688] 'CSSE376 - Rose-Hulman Institute of Technology' (live): SAVED top 2 -> https://www.rose-hulman.edu/class/cs/csse376/Lectures/CSSE376-070315-problemtracking.ppt + https://www.rose-hulman.edu/academics/course-catalog/2023-2024/programs/Computer%20Science/csse-376.html
[1341/2688] 'ECE130 - Rose-Hulman Institute of Technology' (live): SAVED top 2 -> https://www.rose-hulman.edu/class/ee/laflen/ece130/ + https://www.rose-hulman.edu/academics/course-catalog/2024-2025/programs/Electrical%20Engineering/course-descriptions.html
[1342/2688] 'ECE180 - Rose-Hulman Institute of Technology' (live): SAVED top 2 -> https://www.rose-hulman.edu/academics/course-catalog/2023-2024/programs/Electrical%20Engineering/ece-180.html + https://rose-hulman.edu/academics/course-catalog/2022-2023/programs/Electrical%20Engineering/ece-180.html
[1343/2688] 'ECE233 - Rose-Hulman Institute of Technology' (live): SAVED top 2 -> https://www.rose-hulman.edu/academics/course-catalog/2019-2020/programs/Electrical%20Engineering/ece-233.html + https://www.rose-hulman.edu/academics/course-catalog/2023-2024/programs/Electrical%20Engineering/ece-233.html
[1344/2688] 'ECE312 - Rose-Hulman Institute of Technology' (live): SAVED top 2 -> https://www.rose-hulman.edu/academics/course-catalog/2022-2023/programs/Electrical%20Engineering/ece-312.html + https://www.rose-hulman.edu/academics/course-catalog/2021-2022/programs/Electrical%20Engineering/ece-312.html
[1345/2688] 'ENGD240 - Rose-Hulman Institute of Technology' (live): SAVED top 2 -> https://www.rose-hulman.edu/academics/course-catalog/2023-2024/programs/Engineering%20Design/engd-240.html + https://www.rose-hulman.edu/academics/course-catalog/2023-2024/programs/Engineering%20Design/course-descriptions.html
[1346/2688] 'COMP01111 - Rowan University' (live): SAVED top 2 -> https://banner9.rowan.edu/ords/ssb/bwckctlg.p_disp_course_detail?cat_term_in=202140&subj_code_in=COMP&crse_numb_in=01111 + https://banner9.rowan.edu/ords/ssb/bwckctlg.p_disp_course_detail?cat_term_in=201420&subj_code_in=COMP&crse_numb_in=01105
[1347/2688] 'COMP01112 - Rowan University' (live): SAVED top 2 -> https://www.rowan.edu/ric-edelman-college/departments/communication-studies/_assets/commstudies-programguide-fa25.pdf + https://banner9.rowan.edu/ords/ssb/bwckctlg.p_disp_course_detail?cat_term_in=201740&subj_code_in=COMP&crse_numb_in=01112
[1348/2688] 'COMP2 - Rowan University' (live): SAVED top 2 -> https://banner9.rowan.edu/ords/ssb/bwckctlg.p_disp_course_detail?cat_term_in=201740&subj_code_in=COMP&crse_numb_in=01112 + https://www.rowan.edu/ric-edelman-college/departments/writing-arts/about-us/first-year-writing/firstyearcoursesandplacement.html
[1349/2688] 'CS01104 - Rowan University': no usable link (live)
[1350/2688] 'CS02480 - Rowan University': no usable link (live)
[1351/2688] 'CS02505 - Rowan University': no usable link (live)
[1352/2688] 'CS02530 - Rowan University': no usable link (live)
[1353/2688] 'CS03351 - Rowan University' (live): SAVED top 2 -> https://banner9.rowan.edu/ords/ssb/bwckctlg.p_disp_course_detail?cat_term_in=202440&amp;subj_code_in=CS&amp;crse_numb_in=03351 + https://ocw.mit.edu/
[1354/2688] 'CS04222 - Rowan University': no usable link (live)
[1355/2688] 'CS06205 - Rowan University' (live): SAVED top 2 -> https://csm.rowan.edu/departments/cs/advising/resources/syllabi/cs_06205.pdf + https://banner9.rowan.edu/ords/ssb/bwckctlg.p_disp_course_detail?cat_term_in=202120&amp;subj_code_in=CS&amp;crse_numb_in=06205
[1356/2688] 'CS06395 - Rowan University' (live): SAVED top 2 -> https://csm.rowan.edu/departments/cs/advising/resources/syllabi/cs_06395.pdf + https://canvas.rowan.edu/courses/3360061/files/folder/Lecture%20Slides
[1357/2688] 'DSA01 - Rowan University': no usable link (live)
[1358/2688] 'DSA1 - Rowan University': no usable link (live)
[1359/2688] 'IOOP101 - Rowan University' (live): SAVED top 2 -> https://users.rowan.edu/~jahan/sophclinic/slides/Making%20Oral%20Presentations.ppt + https://users.rowan.edu/~chien/IOOP-OOPDA/IOOP_Syllabus_24-25-Spring.html
[1360/2688] 'MIS02234 - Rowan University': no usable link (live)
[1361/2688] 'MIS02322 - Rowan University' (live): SAVED top 2 -> https://csm.rowan.edu/departments/cs/advising/resources/standard_course_syllabi.html + https://banner9.rowan.edu/ords/ssb/bwckctlg.p_disp_course_detail?cat_term_in=201740&amp;subj_code_in=MIS&amp;crse_numb_in=02332
[1362/2688] 'CS554 - Rutgers University' (live): SAVED top 2 -> https://relate.cs.illinois.edu/course/cs554-f23/f/slides/slides_18.pdf + https://relate.cs.illinois.edu/course/cs554-f23/f/slides/slides_09.pdf
[1363/2688] 'CS319 - Sacred Heart University': no usable link (live)
[1364/2688] 'CTL125 - Sacred Heart University': no usable link (live)
[1365/2688] 'CY212 - Sacred Heart University': no usable link (live)
[1366/2688] 'CSCI1070 - Saint Louis University' (live): SAVED top 2 -> https://github.com/lexmckenz/csci_1070 + https://ssb-prod.ec.ulm.edu/PROD/bwckctlg.p_disp_course_detail?cat_term_in=202380&amp;subj_code_in=CSCI&amp;crse_numb_in=1070
[1367/2688] 'CSCI2510 - Saint Louis University': no usable link (live)
[1368/2688] 'CSCI5530 - Saint Louis University': no usable link (live)
[1369/2688] 'ECE1200 - Saint Louis University' (live): SAVED top 2 -> https://www.slu.edu/science-and-engineering/academics/electrical-and-computer-engineering/index.php + https://courses.slu.edu/
[1370/2688] 'COS4320 - Sam Houston State University': no usable link (live)
[1371/2688] 'COSC1436 - Sam Houston State University': no usable link (live)
[1372/2688] 'COSC2327 - Sam Houston State University' (live): SAVED top 1 -> https://intranet.shsu.edu/services/course-and-faculty-information
[1373/2688] 'COSC2329 - Sam Houston State University': no usable link (live)
[1374/2688] 'COSC3319 - Sam Houston State University' (live): SAVED top 2 -> https://intranet.shsu.edu/services/course-and-faculty-information + https://github.com/anonode/GNAT-Ada-Tutorial
[1375/2688] 'COSC4316 - Sam Houston State University': no usable link (live)
[1376/2688] 'COSC4319 - Sam Houston State University': no usable link (live)
[1377/2688] 'DFSC1316 - Sam Houston State University': no usable link (live)
[1378/2688] 'DFSC1317 - Sam Houston State University': no usable link (live)
[1379/2688] 'DFSC2316 - Sam Houston State University' (live): SAVED top 1 -> https://intranet.shsu.edu/services/course-and-faculty-information
[1380/2688] 'DFSC3316 - Sam Houston State University' (live): SAVED top 1 -> https://intranet.shsu.edu/services/course-and-faculty-information
[1381/2688] 'CS496 - San Diego State University': no usable link (live)
[1382/2688] 'CS596 - San Diego State University' (live): SAVED top 2 -> https://eli.sdsu.edu/courses/fall14/cs596/notes/index.html + https://eli.sdsu.edu/courses/fall98/cs596/notes/
[1383/2688] 'CSC213 - San Francisco State University' (live): SAVED top 2 -> https://bulletin.sfsu.edu/courses/csc/ + https://bulletin.sfsu.edu/courses/
[1384/2688] 'CSC300 - San Francisco State University' (live): SAVED top 2 -> https://msucsis.github.io/csc300/slides/allslides.html + https://msucsis.github.io/csc300/slides/000.html
[1385/2688] 'CSC324 - San Francisco State University': no usable link (live)
[1386/2688] 'CSC415 - San Francisco State University' (live): SAVED top 2 -> https://msucsis.github.io/csc415/slides/allslides.html + https://msucsis.github.io/csc415/resources/pdfs/allslides.pdf
[1387/2688] 'CSC510 - San Francisco State University': no usable link (live)
[1388/2688] 'CSC621 - San Francisco State University': no usable link (live)
[1389/2688] 'CSC645 - San Francisco State University' (live): SAVED top 2 -> https://github.com/sfsu-joseo/CSC645 + https://engineering.sfsu.edu/sites/default/files/documents/CSC%20645%20-%20Computer%20Networks.pdf
[1390/2688] 'CSC648 - San Francisco State University': no usable link (live)
[1391/2688] 'CSC675 - San Francisco State University': no usable link (live)
[1392/2688] 'CSC872 - San Francisco State University' (live): SAVED top 2 -> http://bidal.sfsu.edu/~kazokada/csc872/ + https://bulletin.sfsu.edu/courses/csc/
[1393/2688] 'CMPE120 - San Jose State University': no usable link (live)
[1394/2688] 'CMPE126 - San Jose State University': no usable link (live)
[1395/2688] 'CMPE130 - San Jose State University': no usable link (live)
[1396/2688] 'CMPE142 - San Jose State University' (live): SAVED top 2 -> https://www.cs.sjsu.edu/~mak/archive/CMPE142/index.html + https://github.com/Coreyboy1820/CMPE-142-Operating-systems
[1397/2688] 'CMPE148 - San Jose State University' (live): SAVED top 1 -> https://www.sjsu.edu/curriculum/courses/syllabus-info.php
[1398/2688] 'CMPE18092 - San Jose State University': no usable link (live)
[1399/2688] 'CMPE180A - San Jose State University': no usable link (live)
[1400/2688] 'CMPE206 - San Jose State University': no usable link (live)
[1401/2688] 'CMPE294 - San Jose State University': no usable link (live)
[1402/2688] 'CS146 - San Jose State University' (live): SAVED top 2 -> https://www.cs.sjsu.edu/~mak/archive/CS146/index.html + https://www.cs.sjsu.edu/~taylor/term/current/CS146/index.shtml
[1403/2688] 'CS147 - San Jose State University' (live): SAVED top 2 -> https://www2.sjsu.edu/cs/docs/pdfs/cs147_s1.-Su20.pdf + https://cs147.stanford.edu/
[1404/2688] 'CS157A - San Jose State University': no usable link (live)
[1405/2688] 'CS157C - San Jose State University' (live): SAVED top 2 -> https://www.sjsu.edu/cs/docs/Spring-2022-syllabi/spring22_cs157c_greensheet.pdf + https://github.com/Zuberbuhler/CS157C-team12
[1406/2688] 'CS267 - San Jose State University': no usable link (live)
[1407/2688] 'CS46A - San Jose State University' (live): SAVED top 2 -> https://www.sjsu.edu/cs/docs/syllabi/fall25/F25_CS46A_03_TB_Syllabus.pdf + https://gs.sjsu.edu/cs/docs/pdfs/CS46A-Section1-Winter2019.pdf
[1408/2688] 'CS46B - San Jose State University': no usable link (live)
[1409/2688] 'CS47 - San Jose State University' (live): SAVED top 2 -> https://www.ise.sjsu.edu/cs/docs/syllabi/fall25/Rao_CS47-01_Fall_2025_Green-Sheet-01.pdf + https://www.sjsu.edu/cs/docs/pdfs/CS47-Section1-S18.pdf
[1410/2688] 'CS49J - San Jose State University' (live): SAVED top 2 -> https://www.sjsu.edu/cs/docs/fall24_syllabi/Programming_in_Java_Section_01_CS_49J_Fall_2024.pdf + https://reserves.calstate.edu/sanjose/
[1411/2688] 'INFO204 - San Jose State University' (live): SAVED top 2 -> https://ischool.sjsu.edu/info-204-information-professions + https://ischoolapps.sjsu.edu/gss/ajax/showSheet.php?section=INFO&amp;N=204
[1412/2688] 'INFO248 - San Jose State University' (live): SAVED top 1 -> https://ischoolapps.sjsu.edu/gss/ajax/showSheet.php?section=INFO&amp;N=248
[1413/2688] 'INFO281 - San Jose State University' (live): SAVED top 1 -> https://ischoolapps.sjsu.edu/gss/ajax/showSheet.php?section=INFO&amp;N=281
[1414/2688] 'COEN20 - Santa Clara University': no usable link (live)
[1415/2688] 'COEN210 - Santa Clara University': no usable link (live)
[1416/2688] 'COEN235 - Santa Clara University': no usable link (live)
[1417/2688] 'COEN240 - Santa Clara University' (live): SAVED top 2 -> https://github.com/ShivaGovindaraju/COEN240_MachineLearning + https://www.scu.edu/bulletin/
[1418/2688] 'COEN250 - Santa Clara University' (live): SAVED top 2 -> https://github.com/mySCU/COEN250 + https://github.com/mySCU/COEN250/blob/master/README.md?plain=1
[1419/2688] 'COEN276 - Santa Clara University' (live): SAVED top 2 -> https://www.scu.edu/engineering/current-student-resources/current-undergraduate-students/presentation-templates-and-graphics/ + https://www.scu.edu/bulletin/
[1420/2688] 'COEN279 - Santa Clara University': no usable link (live)
[1421/2688] 'COEN283 - Santa Clara University' (live): SAVED top 2 -> https://www.cse.scu.edu/~m1wang/os/Syllabus283.pdf + https://www.scu.edu/bulletin/
[1422/2688] 'COEN380 - Santa Clara University' (live): SAVED top 2 -> https://www.scu.edu/engineering/current-student-resources/current-undergraduate-students/presentation-templates-and-graphics/ + https://www.scu.edu/bulletin/
[1423/2688] 'COEN383 - Santa Clara University' (live): SAVED top 2 -> https://www.scu.edu/engineering/current-student-resources/current-undergraduate-students/presentation-templates-and-graphics/ + https://www.scu.edu/bulletin/
[1424/2688] 'COEN70 - Santa Clara University': no usable link (live)
[1425/2688] 'COEN79 - Santa Clara University' (live): SAVED top 2 -> https://github.com/tamir71/SCU/blob/master/COEN/COEN79/Lab1/pattern + https://www.scu.edu/bulletin/
[1426/2688] 'CSCI163 - Santa Clara University': no usable link (live)
[1427/2688] 'CSCI183 - Santa Clara University' (live): SAVED top 2 -> https://github.com/klinvill/CSCI-183-Data-Science + https://github.com/cushionking2/CSCI183/
[1428/2688] 'CSCI61 - Santa Clara University' (live): SAVED top 2 -> https://github.com/DiegoMeseguer/CSCI61 + https://github.com/Kdawg1425/CSCI-61
[1429/2688] 'CSEN12 - Santa Clara University': no usable link (live)
[1430/2688] 'CSEN177 - Santa Clara University': no usable link (live)
[1431/2688] 'CSEN20 - Santa Clara University' (live): SAVED top 2 -> https://github.com/calvinuy247/CSEN_20 + https://www.scu.edu/bulletin/
[1432/2688] 'CSEN79 - Santa Clara University' (live): SAVED top 2 -> https://www.scu.edu/bulletin/ + https://santaclarauniversity.github.io/scu-bulletins/engineering-bulletin/chapter-10-department-of-computerscience-and-engineering.html
[1433/2688] 'CPSC1000 - Seattle University': no usable link (live)
[1434/2688] 'CPSC1420 - Seattle University' (live): SAVED top 2 -> https://github.com/alexpicon/CPSC1420-Seattle-University + https://github.com/alexpicon/CPSC1420-Seattle-University/blob/main/README.md
[1435/2688] 'CPSC1430 - Seattle University' (live): SAVED top 2 -> https://github.com/alexpicon/CPSC1430-Seattle-University + https://my.ec.seattleu.edu/Student/Courses
[1436/2688] 'CPSC2430 - Seattle University': no usable link (live)
[1437/2688] 'CPSC2500 - Seattle University': no usable link (live)
[1438/2688] 'CPSC2600 - Seattle University' (live): SAVED top 2 -> https://1chipp.github.io/project3700.github.io/cpsc2600page.html + https://github.com/j-balkovec/CPSC2600
[1439/2688] 'CPSC3500 - Seattle University': no usable link (live)
[1440/2688] 'CPSC4100 - Seattle University' (live): SAVED top 2 -> https://github.com/jacksonStone/cpsc4100 + https://my.ec.seattleu.edu/Student/Courses/Search?keyword=CPSC
[1441/2688] 'CPSC5070 - Seattle University' (live): SAVED top 2 -> https://tanu1208.github.io/lectures.html + https://github.com/NickCH-K/CausalitySlides
[1442/2688] 'CPSC5520 - Seattle University' (live): SAVED top 2 -> https://github.com/AladdinPP/SeattleU_CPSC5520 + https://github.com/AladdinPP/SeattleU_CPSC5520/blob/main/README.md
[1443/2688] 'CPSC5610 - Seattle University': no usable link (live)
[1444/2688] 'CSSE103 - Seattle University' (live): SAVED top 2 -> https://users.soe.ucsc.edu/~sesh/Teaching/2026/CSE103/Slides/intro-notes.pptx + https://my.ec.seattleu.edu/Student/Courses
[1445/2688] 'CSAS1113 - Seton Hall University' (live): SAVED top 2 -> https://catalogue.shu.edu/undergraduate/course-descriptions/ + https://catalogue.shu.edu/undergraduate/course-descriptions/csas/
[1446/2688] 'ICSI1117 - Seton Hall University' (live): SAVED top 2 -> https://catalogue.shu.edu/ + https://catalogue.shu.edu/undergraduate/course-descriptions/
[1447/2688] 'MATH0012 - Seton Hall University' (live): SAVED top 2 -> https://catalogue.shu.edu/undergraduate/course-descriptions/math/ + https://catalogue.shu.edu/undergraduate/course-descriptions/math/math.pdf
[1448/2688] 'CSIS010 - Siena College' (live): SAVED top 1 -> https://www.clarkson.edu/sites/default/files/2023-07/Siena%20College%204%2B1%202020.pdf
[1449/2688] 'CSIS011 - Siena College': no usable link (live)
[1450/2688] 'CSIS110 - Siena College' (live): SAVED top 1 -> https://computing-in-the-liberal-arts.github.io/SIGCSE2020-PreSymposium-Event/curricula/siena/
[1451/2688] 'CSIS114 - Siena College' (live): SAVED top 1 -> https://www.clarkson.edu/sites/default/files/2023-07/Siena%20College%204%2B1%202020.pdf
[1452/2688] 'CSIS120 - Siena College': no usable link (live)
[1453/2688] 'CSIS210 - Siena College' (live): SAVED top 1 -> https://computing-in-the-liberal-arts.github.io/SIGCSE2020-PreSymposium-Event/curricula/siena/
[1454/2688] 'CSIS220 - Siena College' (live): SAVED top 1 -> https://computing-in-the-liberal-arts.github.io/SIGCSE2020-PreSymposium-Event/curricula/siena/
[1455/2688] 'CSIS225 - Siena College' (live): SAVED top 2 -> https://www.clarkson.edu/sites/default/files/2023-07/Siena%20College%204%2B1%202020.pdf + https://computing-in-the-liberal-arts.github.io/SIGCSE2020-PreSymposium-Event/curricula/siena/
[1456/2688] 'CSIS350 - Siena College' (live): SAVED top 2 -> https://www.clarkson.edu/sites/default/files/2023-07/Siena%20College%204%2B1%202020.pdf + https://computing-in-the-liberal-arts.github.io/SIGCSE2020-PreSymposium-Event/curricula/siena/
[1457/2688] 'CSIS385 - Siena College' (live): SAVED top 1 -> https://www.clarkson.edu/sites/default/files/2023-07/Siena%20College%204%2B1%202020.pdf
[1458/2688] 'SCDV110 - Siena College': no usable link (live)
[1459/2688] 'CMPT105W - Simon Fraser University' (live): SAVED top 2 -> https://www.sfu.ca/outlines.html?2026/spring/cmpt/105w/d100 + https://www.sfu.ca/outlines.html?2025/spring/cmpt/105w/d200
[1460/2688] 'CMPT125 - Simon Fraser University' (live): SAVED top 2 -> https://www2.cs.sfu.ca/CourseCentral/125/bfraser/ + http://www.sfu.ca/outlines.html?2026/summer/cmpt/125/d100
[1461/2688] 'CMPT126 - Simon Fraser University' (live): SAVED top 2 -> https://www.sfu.ca/students/calendar/2026/fall/courses/cmpt.html + https://www2.cs.sfu.ca/CourseCentral/126/diana/topicsr.html
[1462/2688] 'CMPT128 - Simon Fraser University' (live): SAVED top 2 -> https://www.sfu.ca/students/calendar/2026/fall/courses/cmpt/128 + https://www.sfu.ca/students/calendar/2026/fall/courses/cmpt.html
[1463/2688] 'CMPT130 - Simon Fraser University' (live): SAVED top 2 -> https://opencoursehub.cs.sfu.ca/bfraser/grav-cms/cmpt130/modules + https://www.sfu.ca/outlines.html?2025/fall/cmpt/130/d100
[1464/2688] 'CMPT135 - Simon Fraser University' (live): SAVED top 2 -> https://github.com/tjd1234/cmpt135spring2024 + https://www.sfu.ca/students/calendar/2026/fall/courses/cmpt.html
[1465/2688] 'CMPT150 - Simon Fraser University' (live): SAVED top 2 -> https://www2.cs.sfu.ca/CourseCentral/150/eyal/schedule.html + https://www.sfu.ca/students/calendar/2026/fall/courses/cmpt.html
[1466/2688] 'CMPT210 - Simon Fraser University' (live): SAVED top 2 -> https://vaswanis.github.io/210-S22/A1.pdf + https://www.sfu.ca/outlines.html?2026/fall/cmpt/210/d100
[1467/2688] 'CMPT213 - Simon Fraser University' (live): SAVED top 2 -> https://opencoursehub.cs.sfu.ca/bfraser/grav-cms/cmpt213/notes + https://coursys.sfu.ca/2026su-cmpt-213-d1/pages/
[1468/2688] 'CMPT225 - Simon Fraser University' (live): SAVED top 2 -> https://coursys.sfu.ca/2020fa-cmpt-225-d2/pages/slides2/view + https://coursys.sfu.ca/2026su-cmpt-225-d1/pages/
[1469/2688] 'CMPT275 - Simon Fraser University' (live): SAVED top 2 -> https://www2.cs.sfu.ca/CourseCentral/275/jregan/notes.html + https://www.sfu.ca/students/calendar/2026/fall/courses/cmpt.html
[1470/2688] 'CMPT276 - Simon Fraser University' (live): SAVED top 2 -> https://opencoursehub.cs.sfu.ca/jackt/grav-cms/cmpt276/notes/files/Upload_00-Admin.pdf + https://github.com/CMPT276-Project-Group-6
[1471/2688] 'CMPT295 - Simon Fraser University' (live): SAVED top 2 -> https://cmpt-295-sfu.github.io/website/labs + https://www.cs.sfu.ca/~ashriram/Courses/CS295/
[1472/2688] 'CMPT300 - Simon Fraser University' (live): SAVED top 2 -> https://www.sfu.ca/students/calendar/2026/fall/courses/cmpt.html + https://www2.cs.sfu.ca/CourseCentral/300/szhoua/
[1473/2688] 'CMPT307 - Simon Fraser University' (live): SAVED top 2 -> https://www2.cs.sfu.ca/~kabanets/307/ + https://www.sfu.ca/outlines.html?2026/summer/cmpt/307/d100
[1474/2688] 'CMPT308 - Simon Fraser University' (live): SAVED top 2 -> https://www.sfu.ca/students/calendar/2026/fall/courses/cmpt/308 + http://www.sfu.ca/~kabanets/308/
[1475/2688] 'CMPT310 - Simon Fraser University' (live): SAVED top 2 -> https://www.cs.sfu.ca/~mori/courses/cmpt310/ + https://www2.cs.sfu.ca/CourseCentral/310/oschulte/
[1476/2688] 'CMPT318 - Simon Fraser University' (live): SAVED top 2 -> https://www.sfu.ca/outlines.html?2025/spring/cmpt/318/d100 + http://www.sfu.ca/outlines.html?2024/spring/cmpt/318/d100
[1477/2688] 'CMPT320 - Simon Fraser University' (live): SAVED top 2 -> https://www.sfu.ca/students/calendar/courses/cmpt/320.html + https://coursys.sfu.ca/2022sp-cmpt-320-d1/pages/
[1478/2688] 'CMPT354 - Simon Fraser University' (live): SAVED top 2 -> https://sfu-db.github.io/cmpt354/ + https://www2.cs.sfu.ca/CourseCentral/354/louie/
[1479/2688] 'CMPT361 - Simon Fraser University' (live): SAVED top 2 -> https://www.sfu.ca/outlines.html?2026/spring/cmpt/361/d100 + https://www.sfu.ca/outlines.html?2025/spring/cmpt/361/d100
[1480/2688] 'CMPT362 - Simon Fraser University' (live): SAVED top 2 -> https://www.sfu.ca/students/calendar/2026/fall/courses/cmpt/362 + https://www.sfu.ca/outlines.html?2025/fall/cmpt/362/d100
[1481/2688] 'CMPT363 - Simon Fraser University' (live): SAVED top 2 -> http://www.sfu.ca/~htsang/cmpt363/ + https://paulhibbitts.github.io/cmpt-363/
[1482/2688] 'CMPT365 - Simon Fraser University' (live): SAVED top 2 -> https://www.sfu.ca/outlines.html?2025/fall/cmpt/365/d100 + https://www.sfu.ca/outlines.html?2025/spring/cmpt/365/e100
[1483/2688] 'CMPT371 - Simon Fraser University' (live): SAVED top 2 -> https://coursys.sfu.ca/2017sp-cmpt-371-e1/pages/_all + https://www.sfu.ca/outlines.html?2026/summer/cmpt/371/d100
[1484/2688] 'CMPT373 - Simon Fraser University' (live): SAVED top 2 -> https://www2.cs.sfu.ca/~wsumner/teaching/373/lectures/01/slides.html?print-pdf + https://www.cs.sfu.ca/~wsumner/teaching/373
[1485/2688] 'CMPT383 - Simon Fraser University' (live): SAVED top 2 -> https://coursys.sfu.ca/2025su-cmpt-383-d1/pages/ + http://www.sfu.ca/~popowich/courses/cmpt383/
[1486/2688] 'CMPT405 - Simon Fraser University' (live): SAVED top 2 -> https://www2.cs.sfu.ca/~kabanets/405/ + http://www.sfu.ca/outlines.html?2024/spring/cmpt/405/d100
[1487/2688] 'CMPT431 - Simon Fraser University' (live): SAVED top 2 -> https://www.cs.sfu.ca/~ashriram/Courses/CS431/ + https://www.sfu.ca/outlines.html?2026/spring/cmpt/431/d100
[1488/2688] 'CMPT433 - Simon Fraser University' (live): SAVED top 2 -> https://opencoursehub.cs.sfu.ca/bfraser/grav-cms/cmpt433/notes + https://opencoursehub.cs.sfu.ca/bfraser/grav-cms/cmpt433/course-info
[1489/2688] 'CMPT471 - Simon Fraser University' (live): SAVED top 2 -> https://coursys.sfu.ca/2024sp-cmpt-471-d1/pages/Index + https://coursys.sfu.ca/2024sp-cmpt-471-d1/pages/_all
[1490/2688] 'CMPT474 - Simon Fraser University' (live): SAVED top 2 -> https://www.sfu.ca/students/calendar/2026/fall/courses/cmpt/474 + https://www.sfu.ca/outlines.html?2023/spring/cmpt/474/d100
[1491/2688] 'CMPT705 - Simon Fraser University' (live): SAVED top 2 -> https://xbpeng.github.io/teaching/cmpt_729/docs/Paper_Presentation.pdf + https://www2.cs.sfu.ca/~kabanets/705/
[1492/2688] 'CMPT756 - Simon Fraser University' (live): SAVED top 2 -> https://coursys.sfu.ca/2022sp-cmpt-756-g1/pages/ + https://www.sfu.ca/students/calendar/2026/fall/courses/cmpt.html
[1493/2688] 'ENSC180 - Simon Fraser University' (live): SAVED top 2 -> https://www.sfu.ca/outlines.html?2025/spring/ensc/180/d100 + http://www.sfu.ca/outlines.html?2026/spring/ensc/180/d100
[1494/2688] 'ENSC251 - Simon Fraser University' (live): SAVED top 2 -> http://www2.ensc.sfu.ca/~lshannon/courses/ensc251/lecture_sets.html + https://www.sfu.ca/outlines.html?2025/fall/ensc/251/d100
[1495/2688] 'MACA101 - Simon Fraser University' (live): SAVED top 2 -> https://www2.cs.sfu.ca/CourseCentral/101.MACM/ramesh/lectureslides.html + https://www.lib.sfu.ca/help/cite-write/citation-style-guides/mla/custom-courseware
[1496/2688] 'MACM101 - Simon Fraser University' (live): SAVED top 2 -> https://www.cs.sfu.ca/~meamy/Teaching/macm101/index.html + https://www2.cs.sfu.ca/CourseCentral/101.MACM/ramesh/lectureslides.html
[1497/2688] 'MACM201 - Simon Fraser University' (live): SAVED top 2 -> https://www.sfu.ca/outlines.html?2025/fall/macm/201/d100 + https://www.sfu.ca/outlines.html?2026/spring/macm/201/d100
[1498/2688] 'MACM316 - Simon Fraser University' (live): SAVED top 2 -> https://www.sfu.ca/students/calendar/courses/macm/316.html + https://www.sfu.ca/~jstockie/teaching/macm316/outline.html
[1499/2688] 'MSE402 - Simon Fraser University' (live): SAVED top 2 -> https://www.sfu.ca/students/calendar/2026/fall/courses/mse/402 + http://www.sfu.ca/outlines.html?2025/spring/mse/402/d100
[1500/2688] 'CSC252 - Smith College' (live): SAVED top 2 -> https://www.cs.rochester.edu/courses/252/fall2024/syllabus.html + http://cs.smith.edu/~jfrankli/department/syllabi.html
[1501/2688] 'CS436 - Southern Illinois University Carbondale' (live): SAVED top 2 -> https://soc.siu.edu/resources/course-listings/index.php + https://upskill.siu.edu/catalog?pagename=All-Courses
[1502/2688] 'ECE329 - Southern Illinois University Carbondale' (live): SAVED top 2 -> https://courses.grainger.illinois.edu/ece329/ + https://ece.illinois.edu/academics/courses/ece329-120235
[1503/2688] 'ECE456 - Southern Illinois University Carbondale' (live): SAVED top 2 -> https://ece.illinois.edu/academics/courses/ece456-120158 + https://online.siu.edu/courses/
[1504/2688] 'CS1340 - Southern Methodist University' (live): SAVED top 1 -> https://smu-cs1340.github.io/cs1340-f2020/syllabus/syllabus/
[1505/2688] 'CS1341 - Southern Methodist University': no usable link (live)
[1506/2688] 'CS2353 - Southern Methodist University' (live): SAVED top 1 -> http://www.mysmu.edu/faculty/hclau/doc/CS202-Course%20Outline.pdf
[1507/2688] 'CS4345 - Southern Methodist University' (live): SAVED top 2 -> https://www.ntu.edu.sg/docs/librariesprovider65/default-document-library/singapore-universities-student-exchange-programme-(susep)/list-of-smu-courses-for-smu-ntu-course-sharing-ay2021-2022-term-1.pdf?sfvrsn=440a9711_2 + https://publiceservices.smu.edu.sg/psc/ps/EMPLOYEE/HRMS/c/SIS_CR.SIS_CLASS_SEARCH.GBL
[1508/2688] 'CS5328 - Southern Methodist University' (live): SAVED top 2 -> https://www.smu.edu/lyle/departments/cs/undergrad-curriculum + https://www.lamar.edu/library/archive/archived-catalogs/pdfs/1998---00-lu-graduate-catalog-vol-44-no-2.pdf
[1509/2688] 'CSE1341 - Southern Methodist University' (live): SAVED top 1 -> https://www.methodist.edu/wp-content/uploads/2022/06/checksheets21-22_bs-gls.pdf
[1510/2688] 'CSE7314 - Southern Methodist University' (live): SAVED top 2 -> https://web.stanford.edu/class/archive/engr/engr40m.1178/slides.html + https://s2.smu.edu/~tian/class/7314.05s/
[1511/2688] "CUS1126 - St. John's University" (live): SAVED top 2 -> https://digitalcommons.csbsju.edu/forum_lectures/144/ + https://studyabroad.stjohns.edu/_customtags/ct_FileRetrieve.cfm?File_ID=030676774F7A0A7671047576761F727709091B7D760C056B7408767506717602717472007403077A
[1512/2688] 'CS106A - Stanford University' (live): SAVED top 2 -> https://web.stanford.edu/class/archive/cs/cs106a/cs106a.1228/lectures/01-welcome/slides + https://cs.stanford.edu/people/eroberts/courses/cs106a/lectures/index.html
[1513/2688] 'CS106B - Stanford University' (live): SAVED top 2 -> https://web.stanford.edu/class/archive/cs/cs106b/cs106b.1166/lectures.html + https://cs106b.stanford.edu/
[1514/2688] 'CS106X - Stanford University' (live): SAVED top 2 -> https://web.stanford.edu/class/archive/cs/cs106x/cs106x.1162/lectures.html + https://web.stanford.edu/class/cs106x/
[1515/2688] 'CS107 - Stanford University' (live): SAVED top 2 -> https://web.stanford.edu/class/archive/cs/cs107/cs107.1222/lectures/01/Lecture01.pdf + https://web.stanford.edu/class/cs107/
[1516/2688] 'CS143 - Stanford University' (live): SAVED top 2 -> https://web.stanford.edu/class/cs143/lectures/lecture01.pdf + https://web.stanford.edu/class/cs143/
[1517/2688] 'CS144 - Stanford University' (live): SAVED top 2 -> https://www.scs.stanford.edu/10au-cs144/notes/ + https://www.scs.stanford.edu/10au-cs144/notes/l1.pdf
[1518/2688] 'CS173A - Stanford University' (live): SAVED top 2 -> https://cs173.stanford.edu/ + https://explorecourses.stanford.edu/search?view=catalog&filter-coursestatus-Active=on&page=0&q=CS+173A%3A+Foundations+of+Computational+Human+Genomics
[1519/2688] 'CS181 - Stanford University' (live): SAVED top 2 -> https://stanfordcs181.github.io/ + https://explorecourses.stanford.edu/search?q=CS181
[1520/2688] 'CS181W - Stanford University' (live): SAVED top 2 -> https://stanfordcs181.github.io/ + https://explorecourses.stanford.edu/search?q=CS181W
[1521/2688] 'CS221 - Stanford University': no usable link (live)
[1522/2688] 'CS229 - Stanford University' (live): SAVED top 2 -> https://cs229.stanford.edu/main_notes.pdf + https://cs229.stanford.edu/syllabus-spring2021.html
[1523/2688] 'ML09 - Stanford University' (live): SAVED top 2 -> https://cs231n.stanford.edu/schedule.html + https://cs229.stanford.edu/
[1524/2688] 'CS583B - Stevens Institute of Technology' (live): SAVED top 2 -> https://web.stevens.edu/catalog/archive/2023-2024/en/catalog/academic-catalog/courses/cs-computer-science/500/cs-583.html + https://web.stevens.edu/catalog/archive/2024-2025/en/catalog/academic-catalog/courses/cs-computer-science/500/cs-583.html
[1525/2688] 'CSE102 - Stony Brook University' (live): SAVED top 2 -> https://www3.cs.stonybrook.edu/~cse102/courseinfo.html + https://www.cs.stonybrook.edu/students/undergraduate-studies/courses/cse102
[1526/2688] 'CSE114 - Stony Brook University' (live): SAVED top 2 -> https://www3.cs.stonybrook.edu/~pfodor/courses/cse114.html + https://www3.cs.stonybrook.edu/~pfodor/courses/CSE114/syllabus.html
[1527/2688] 'CSE150 - Stony Brook University' (live): SAVED top 2 -> https://www.cs.stonybrook.edu/students/undergraduate-studies/courses/cse150 + https://www.seclab.cs.sunysb.edu/sekar/cse150/
[1528/2688] 'CSE215 - Stony Brook University' (live): SAVED top 2 -> https://www3.cs.stonybrook.edu/~ckane/spring2021/cse215/CSE215_Syllabus_Spring2021.pdf + https://www3.cs.stonybrook.edu/~pfodor/courses/cse215.html
[1529/2688] 'CSE303 - Stony Brook University' (live): SAVED top 2 -> https://www3.cs.stonybrook.edu/~cse303/24syllabus303slides.pdf + https://www3.cs.stonybrook.edu/~cse303/
[1530/2688] 'CSE307 - Stony Brook University' (live): SAVED top 2 -> https://www3.cs.stonybrook.edu/~ckane/fall2025/cse307/CSE307_Syllabus_Fall2025.pdf + https://www3.cs.stonybrook.edu/~pfodor/courses/cse307.html
[1531/2688] 'CSE328 - Stony Brook University' (live): SAVED top 2 -> https://www3.cs.stonybrook.edu/~cse328/lecture_notes.html + https://www3.cs.stonybrook.edu/~cse328/lecture-notes/graphics-introduction.pdf
[1532/2688] 'CSE504 - Stony Brook University' (live): SAVED top 2 -> https://www3.cs.stonybrook.edu/~cram/cse504/Spring16/Lectures/index.html + https://www3.cs.stonybrook.edu/~dongyoon/cse504-f25/info.html
[1533/2688] 'CSE528 - Stony Brook University' (live): SAVED top 2 -> https://www3.cs.stonybrook.edu/~mueller/teaching/cse528/syllabus.html + https://www.cs.stonybrook.edu/students/graduate-studies/courses/cse528
[1534/2688] 'CSE537 - Stony Brook University' (live): SAVED top 2 -> https://www3.cs.stonybrook.edu/~sael/teaching/cse537/ + https://www3.cs.stonybrook.edu/~ram/cse537/SYLLABUS.pdf
[1535/2688] 'CSE548 - Stony Brook University' (live): SAVED top 2 -> https://www3.cs.stonybrook.edu/~rezaul/CSE548-F23.html + https://www3.cs.stonybrook.edu/~rezaul/CSE548-S19.html
[1536/2688] 'ISE316 - Stony Brook University' (live): SAVED top 2 -> https://www.cs.stonybrook.edu/students/undergraduate-studies/courses/ise316 + https://www.stonybrook.edu/sb/bulletin/current-fall24/courses/ise/
[1537/2688] 'CMPSC131 - Suffolk University': no usable link (live)
[1538/2688] 'F353 - Suffolk University' (live): SAVED top 2 -> https://www.suffolk.edu/coursesearch/courses + https://www.suffolk.edu/academics/academic-catalog-archives
[1539/2688] 'ISOM130 - Suffolk University': no usable link (live)
[1540/2688] 'CIS117 - SUNY Brockport': no usable link (live)
[1541/2688] 'CSC311 - SUNY Brockport': no usable link (live)
[1542/2688] 'CSC312 - SUNY Brockport': no usable link (live)
[1543/2688] 'CSC419 - SUNY Brockport' (live): SAVED top 2 -> https://www.brockport.edu/support/students/ + https://my.brockport.edu/my/
[1544/2688] 'CSC435 - SUNY Brockport' (live): SAVED top 2 -> https://sun.cs.lsus.edu/~mtrutsch/teaching/2022-Spring/CSC435/Slides/iw3htp5_03.ppt.pdf + https://www.brockport.edu/academics/catalogs/
[1545/2688] 'CYB105 - SUNY Brockport' (live): SAVED top 2 -> https://webapp.brockport.edu/system/catalogue/show_course.php?course=CYB105 + https://www.brockport.edu/academics/catalogs/current-courses/
[1546/2688] 'CSIT121 - SUNY Fredonia' (live): SAVED top 2 -> http://cs.fredonia.edu/~singh/CSIT121/CSIT121_Syll.htm + https://explore.suny.edu/courses/1388328
[1547/2688] 'CSIT151 - SUNY Fredonia' (live): SAVED top 2 -> https://explore.suny.edu/courses/1421980 + https://www.fredonia.edu/academics/extended-learning/online-education
[1548/2688] 'CSIT221 - SUNY Fredonia' (live): SAVED top 2 -> http://www.cs.fredonia.edu/arnavut/classes/cs221.html + https://explore.suny.edu/courses/1388330
[1549/2688] 'CSIT311 - SUNY Fredonia': no usable link (live)
[1550/2688] 'CSIT341 - SUNY Fredonia' (live): SAVED top 2 -> https://www.fredonia.edu/sites/default/files/section/about/campus-assessment/_files/CM_CIS.pdf + https://www.fredonia.edu/academics/colleges-schools/college-liberal-arts-sciences/computer-information-sciences
[1551/2688] 'CSIT435 - SUNY Fredonia' (live): SAVED top 2 -> http://www.cs.fredonia.edu/zubairi/s2k2/csit435/guides.html + http://www.cs.fredonia.edu/zubairi/s2k5/csit435/csit435syll.html
[1552/2688] 'CSCI114 - SUNY Geneseo' (live): SAVED top 2 -> https://student.cs.uwaterloo.ca/~cs114/W26/notes/ + https://github.com/HarshMohanSason/CSCI-114/blob/main/CSci114_P1.cpp
[1553/2688] 'CSCI119 - SUNY Geneseo' (live): SAVED top 2 -> https://github.com/2FLing/Lab-CSCI-119-/blob/master/Course%20Material.pdf + https://bulletin.geneseo.edu/preview_course_nopop.php?catoid=1&amp;coid=261
[1554/2688] 'CPS210 - SUNY New Paltz' (live): SAVED top 2 -> https://users.cs.duke.edu/~chase/cps210-archive/slides/intro.ppt + https://www.newpaltz.edu/classes/description.php?course=CPS210
[1555/2688] 'CPS21004 - SUNY New Paltz': no usable link (live)
[1556/2688] 'CPS310 - SUNY New Paltz' (live): SAVED top 2 -> https://github.com/sschaub/cps310 + https://github.com/samdindyal/CPS310
[1557/2688] 'CPS353 - SUNY New Paltz' (live): SAVED top 2 -> https://github.com/CPS353-Suny-New-Paltz + https://github.com/CPS353-Suny-New-Paltz/project-starter-code-koleada
[1558/2688] 'COMP100 - SUNY Oneonta': no usable link (live)
[1559/2688] 'COMP1000 - SUNY Oneonta' (live): SAVED top 2 -> https://libguides.oneonta.edu/COMP1000_Femiani + https://libguides.oneonta.edu/comp1000Green
[1560/2688] 'COMP10012 - SUNY Oneonta' (live): SAVED top 2 -> https://libguides.oneonta.edu/comp1000Green + https://libguides.oneonta.edu/COMP1000_Femiani
[1561/2688] 'COMP150 - SUNY Oneonta' (live): SAVED top 2 -> http://employees.oneonta.edu/doughtaa/sp20/comp150.html + http://employees.oneonta.edu/doughtaa/sp20/comp150syllabus.html
[1562/2688] 'COMP200 - SUNY Oneonta': no usable link (live)
[1563/2688] 'COMP290 - SUNY Oneonta' (live): SAVED top 2 -> https://github.com/comp290-24f/comp290-24f.github.io + https://github.com/Dickinson-comp290/website
[1564/2688] 'CSCI216 - SUNY Oneonta': no usable link (live)
[1565/2688] 'CSCI3440 - SUNY Oneonta': no usable link (live)
[1566/2688] 'CSC103 - SUNY Oswego' (live): SAVED top 2 -> https://www-cs.ccny.cuny.edu/~wes/CSC103/ + https://libraryguides.oswego.edu/csc101-102-103
[1567/2688] 'CSC212 - SUNY Oswego': no usable link (live)
[1568/2688] 'CSC217 - SUNY Plattsburgh': no usable link (live)
[1569/2688] 'CSC336 - SUNY Plattsburgh' (live): SAVED top 2 -> https://github.com/lance1416/CSC336-Lecture-Notes/ + https://henry-yip.github.io/assets/csc336.pdf
[1570/2688] 'CSC433 - SUNY Plattsburgh': no usable link (live)
[1571/2688] 'COMP201 - SUNY Potsdam' (live): SAVED top 2 -> https://aykuterdem.github.io/classes/comp201.f25/slides/lect25-wrapping-up.pdf + https://aykuterdem.github.io/classes/comp201.s25/slides/lect1-introduction.pdf
[1572/2688] 'MAT1020 - SUNY Purchase' (live): SAVED top 2 -> https://www.purchase.edu/academics/mathematics-computer-science/courses/ + https://www.purchase.edu/academics/college-catalog/
[1573/2688] 'MAT1520 - SUNY Purchase' (live): SAVED top 2 -> https://www.purchase.edu/academics/college-catalog/ + https://www.purchase.edu/academics/mathematics-computer-science/courses/
[1574/2688] 'CPSC021 - Swarthmore College': no usable link (live)
[1575/2688] 'CPSC35 - Swarthmore College': no usable link (live)
[1576/2688] 'CPSC41 - Swarthmore College': no usable link (live)
[1577/2688] 'CS35 - Swarthmore College': no usable link (live)
[1578/2688] 'CSE691 - Syracuse University': no usable link (live)
[1579/2688] 'ECS102 - Syracuse University': no usable link (live)
[1580/2688] 'AOD2176 - Temple University' (live): SAVED top 2 -> https://www.temple.edu/academics/courses-schedules + https://digital.library.temple.edu/digital/collection/p16002coll22
[1581/2688] 'CIS024 - Temple University' (live): SAVED top 2 -> https://www.temple.edu/academics/courses-schedules + https://bulletin.temple.edu/courses/cis/
[1582/2688] 'CIS055 - Temple University': no usable link (live)
[1583/2688] 'CIS0835 - Temple University': no usable link (live)
[1584/2688] 'CIS1051 - Temple University': no usable link (live)
[1585/2688] 'CIS1055 - Temple University' (live): SAVED top 1 -> https://bulletin.temple.edu/courses/cis/
[1586/2688] 'CIS2033 - Temple University' (live): SAVED top 2 -> https://nymph332088.github.io/CIS2033/schedule.html + https://nymph332088.github.io/CIS2033/
[1587/2688] 'CIS2166 - Temple University' (live): SAVED top 2 -> https://cis-linux1.temple.edu/~latecki/Courses/CIS2166-Spring25/ + https://www.cis.temple.edu/~pwang/2166-MC/2166-index.htm
[1588/2688] 'CIS2168 - Temple University' (live): SAVED top 2 -> https://cis.temple.edu/~wangp/2168-DS/2168-index.htm + https://github.com/jihyeleekr/CIS2168
[1589/2688] 'CIS2229 - Temple University' (live): SAVED top 2 -> https://github.com/huyenlaa/CIS2229_Lab1 + https://prd-wlssb.temple.edu/prod8/bwckctlg.p_disp_course_detail?cat_term_in=202403&amp;subj_code_in=CIS&amp;crse_numb_in=2229
[1590/2688] 'CIS230 - Temple University': no usable link (live)
[1591/2688] 'CIS3229 - Temple University' (live): SAVED top 2 -> https://cis.temple.edu/~tug29203/23fall-3329/syllabus.html + https://cis.temple.edu/~tug29203/teaching/fall2018-3329/syllabus.html
[1592/2688] 'CIS3296 - Temple University': no usable link (live)
[1593/2688] 'CIS4398 - Temple University': no usable link (live)
[1594/2688] 'CIS55 - Temple University' (live): SAVED top 2 -> https://cis.temple.edu/~qzeng/cis5512-fall2017/slides/01-introduction.pdf + https://cis.temple.edu/~pwang/5511-PT/5511-index.htm
[1595/2688] 'CIS835 - Temple University' (live): SAVED top 2 -> https://www.temple.edu/academics/courses-schedules + https://digital.library.temple.edu/digital/collection/p16002coll22
[1596/2688] 'CIS935 - Temple University': no usable link (live)
[1597/2688] 'CISC055 - Temple University' (live): SAVED top 2 -> https://www.temple.edu/academics/courses-schedules + https://bulletin.temple.edu/courses/cis/
[1598/2688] 'ECE3512 - Temple University': no usable link (live)
[1599/2688] 'CS2322 - Texas A&M University': no usable link (live)
[1600/2688] 'CS2337 - Texas A&M University': no usable link (live)
[1601/2688] 'CITE30103 - Texas Christian University': no usable link (live)
[1602/2688] 'COSC10403 - Texas Christian University' (live): SAVED top 1 -> https://cse.tcu.edu/computer-science/files/syllabi/COSC10403.pdf
[1603/2688] 'COSC20203 - Texas Christian University': no usable link (live)
[1604/2688] 'COSC20803 - Texas Christian University': no usable link (live)
[1605/2688] 'COSC30603 - Texas Christian University' (live): SAVED top 2 -> https://cse.tcu.edu/computer-science/files/syllabi/COSC30603.pdf + https://github.com/TannerTemple/database_final_project
[1606/2688] 'CIS1323 - Texas State University': no usable link (live)
[1607/2688] 'CIS2324 - Texas State University' (live): SAVED top 2 -> https://hb2504.txst.edu/browsecourses.html + https://ocw.mit.edu/
[1608/2688] 'CIS3305 - Texas State University': no usable link (live)
[1609/2688] 'CIS3374 - Texas State University' (live): SAVED top 2 -> https://hb2504.txst.edu/browsecourses.html + https://www.txst.edu/curriculumservices.html
[1610/2688] 'CIS3380 - Texas State University': no usable link (live)
[1611/2688] 'CS1342 - Texas State University' (live): SAVED top 2 -> https://github.com/CS1342-F22/lecture-materials/blob/main/README.md + https://github.com/CS1342-F22/lecture-materials
[1612/2688] 'CS1428 - Texas State University': no usable link (live)
[1613/2688] 'CS2308 - Texas State University': no usable link (live)
[1614/2688] 'CS2318 - Texas State University': no usable link (live)
[1615/2688] 'CS3320 - Texas State University' (live): SAVED top 2 -> https://userweb.cs.txstate.edu/~rp31/cs3320Main.html + https://github.com/mrw93/cs3320
[1616/2688] 'CS3339 - Texas State University': no usable link (live)
[1617/2688] 'CS3354 - Texas State University': no usable link (live)
[1618/2688] 'CS3358 - Texas State University': no usable link (live)
[1619/2688] 'CS3360 - Texas State University': no usable link (live)
[1620/2688] 'CS3398 - Texas State University' (live): SAVED top 2 -> https://userweb.cs.txstate.edu/~rp31/cs3398SumMain.html + https://github.com/CS3398Citron/CS3398_Citron
[1621/2688] 'CS4318 - Texas State University': no usable link (live)
[1622/2688] 'CS4328 - Texas State University' (live): SAVED top 2 -> https://userweb.cs.txstate.edu/~mg65/teaching/spring12/cs4328.html + https://github.com/AlexanderMuyshondt/OperatingSystems-CS4328
[1623/2688] 'CS4350 - Texas State University': no usable link (live)
[1624/2688] 'ECE4301 - Texas State University': no usable link (live)
[1625/2688] 'MATH2471 - Texas State University' (live): SAVED top 2 -> https://academicengagement.txst.edu/learning-resources.html + https://gato-docs.its.txst.edu/jcr:745bf890-87de-4342-8e3e-a77d8e87d634/Mathematics_9-24-13.pdf
[1626/2688] 'CS1382 - Texas Tech University': no usable link (live)
[1627/2688] 'CS1412 - Texas Tech University': no usable link (live)
[1628/2688] 'CS2350 - Texas Tech University': no usable link (live)
[1629/2688] 'CS3364 - Texas Tech University': no usable link (live)
[1630/2688] 'CS3365 - Texas Tech University': no usable link (live)
[1631/2688] 'CS3375 - Texas Tech University' (live): SAVED top 2 -> https://appserv.itts.ttu.edu/PACI/Pages/Courses/CourseSyllabus.aspx?6964=523030353236343233&amp;63707265666978=4353&amp;636E756D=33333735&amp;73656374=303031&amp;7465726D=46616C6C20545455&amp;79656172=32303234 + https://appserv.itts.ttu.edu/PACI/Pages/Courses/CourseSyllabus.aspx?6964=523131363130343536&amp;63707265666978=4353&amp;636E756D=33333735&amp;73656374=433031&amp;7465726D=46616C6C20545455&amp;79656172=32303233
[1632/2688] 'CS4331 - Texas Tech University' (live): SAVED top 2 -> https://appserv.itts.ttu.edu/PACI/Pages/Courses/CourseSyllabus.aspx?6964=523030383937333533&amp;63707265666978=4353&amp;636E756D=34333331&amp;73656374=303031&amp;7465726D=46616C6C20545455&amp;79656172=32303231 + https://appserv.itts.ttu.edu/PACI/Pages/Courses/CourseSyllabus.aspx?6964=523130333339343539&amp;63707265666978=4353&amp;636E756D=35333331&amp;73656374=303032&amp;7465726D=537072696E6720545455&amp;79656172=32303234
[1633/2688] 'CS4352 - Texas Tech University' (live): SAVED top 2 -> http://appserv.itts.ttu.edu/PACI/Pages/Courses/CourseSyllabus.aspx?6964=523130343037373930&63707265666978=4353&636E756D=34333532&73656374=303032&7465726D=537072696E6720545455&79656172=32303139 + http://appserv.itts.ttu.edu/PACI/Pages/Courses/CourseSyllabus.aspx?6964=523130343037373930&63707265666978=4353&636E756D=34333532&73656374=303032&7465726D=537072696E6720545455&79656172=32303232
[1634/2688] 'CS4366 - Texas Tech University' (live): SAVED top 2 -> https://www.myweb.ttu.edu/tnhondan/CS4366/CS4366_Syllabus_Fall2023.pdf + https://www.myweb.ttu.edu/tnhondan/CS4366Fall2024/4366SyllabusFall2024.pdf
[1635/2688] 'CS5374 - Texas Tech University' (live): SAVED top 2 -> https://www.ttu.edu/courseinfo/ + https://www.depts.ttu.edu/cs/grad/certificate/curriculum.php
[1636/2688] 'CS5381 - Texas Tech University' (live): SAVED top 2 -> http://appserv.itts.ttu.edu/PACI/Pages/Courses/CourseSyllabus.aspx?6964=523131363530373832&63707265666978=4353&636E756D=35333831&73656374=443031&7465726D=537072696E6720545455&79656172=32303231 + https://www.ttu.edu/courseinfo/
[1637/2688] 'ECE2372 - Texas Tech University' (live): SAVED top 2 -> https://www.depts.ttu.edu/ece/undergrad/syllabi/documents/ECE2372.pdf + http://appserv.itts.ttu.edu/PACI/Pages/Courses/CourseSyllabus.aspx?6964=523030393032333133&63707265666978=454345&636E756D=32333732&73656374=303033&7465726D=537072696E6720545455&79656172=32303233
[1638/2688] 'ECE3302 - Texas Tech University' (live): SAVED top 2 -> http://appserv.itts.ttu.edu/PACI/Pages/Courses/CourseSyllabus.aspx?6964=523030353432333533&63707265666978=454345&636E756D=33333032&73656374=303031&7465726D=53756D6D6572204920545455&79656172=32303134 + http://appserv.itts.ttu.edu/PACI/Pages/Courses/CourseSyllabus.aspx?6964=523030353432333533&63707265666978=454345&636E756D=33333032&73656374=303031&7465726D=53756D6D6572204920545455&79656172=32303136
[1639/2688] 'ECE3323 - Texas Tech University' (live): SAVED top 2 -> https://www.depts.ttu.edu/ece/undergrad/syllabi/documents/ECE3323.pdf + https://www.ece.rice.edu/~jdw/332/332_html/slides.html
[1640/2688] 'ECE3331 - Texas Tech University' (live): SAVED top 2 -> https://www.depts.ttu.edu/ece/undergrad/syllabi/documents/ECE3331.pdf + https://appserv.itts.ttu.edu/PACI/Pages/Courses/CourseSyllabus.aspx?6964=523030393033393035&63707265666978=50485953&636E756D=34333036&73656374=313031&7465726D=53756D6D6572204920545455&79656172=32303231
[1641/2688] 'ECE3362 - Texas Tech University' (live): SAVED top 2 -> https://www.depts.ttu.edu/ece/undergrad/syllabi/documents/ECE3362.pdf + https://www.southplainscollege.edu/universityguides/texas-tech/ttu2425/AStoBS-Electrical-Engineering-TTU-2024-2025.pdf
[1642/2688] 'AIT616 - Towson University' (live): SAVED top 2 -> https://www.towson.edu/academics/resources/courses.html + https://tuclasssearch.towson.edu/psp/CS9PRD/EMPLOYEE/SA/s/WEBLIB_HCX_CM.H_COURSE_CATALOG.FieldFormula.IScript_Main
[1643/2688] 'COCS237 - Towson University': no usable link (live)
[1644/2688] 'COSC109 - Towson University' (live): SAVED top 2 -> https://tigerweb.towson.edu/rhasan/cosc109/course%20syllabus.htm + https://tigerweb.towson.edu/webster/109/syllabus_schedule/syllabus_c109_rdwebster.pdf
[1645/2688] 'COSC165 - Towson University' (live): SAVED top 1 -> https://tuclasssearch.towson.edu/psp/CS9PRD/EMPLOYEE/SA/s/WEBLIB_HCX_CM.H_COURSE_CATALOG.FieldFormula.IScript_Main
[1646/2688] 'COSC175 - Towson University' (live): SAVED top 1 -> https://tigerweb.towson.edu/btaylor/cosc175/syllabus/syll_175fa16.html
[1647/2688] 'COSC236 - Towson University': no usable link (live)
[1648/2688] 'COSC237 - Towson University': no usable link (live)
[1649/2688] 'COSC336 - Towson University': no usable link (live)
[1650/2688] 'COSC350 - Towson University' (live): SAVED top 1 -> https://wp.towson.edu/wjung3/courses/
[1651/2688] 'COSC457 - Towson University': no usable link (live)
[1652/2688] 'COSC467 - Towson University' (live): SAVED top 1 -> https://www.towson.edu/academics/resources/courses.html
[1653/2688] 'COSC484 - Towson University' (live): SAVED top 2 -> https://www.une.edu.au/study/units/cloud-security-cosc484 + https://tuclasssearch.towson.edu/psp/CS9PRD/EMPLOYEE/SA/s/WEBLIB_HCX_CM.H_COURSE_CATALOG.FieldFormula.IScript_Main
[1654/2688] 'COSC617 - Towson University' (live): SAVED top 1 -> https://tuclasssearch.towson.edu/psp/CS9PRD/EMPLOYEE/SA/s/WEBLIB_HCX_CM.H_COURSE_CATALOG.FieldFormula.IScript_Main
[1655/2688] 'COSC734 - Towson University' (live): SAVED top 1 -> https://www.towson.edu/fcsm/departments/computerinfosci/grad/infotech/documents/qualifyingexam_guidelines.pdf
[1656/2688] 'COSC757 - Towson University' (live): SAVED top 1 -> https://www.towson.edu/academics/resources/courses.html
[1657/2688] 'ITEC250 - Towson University' (live): SAVED top 2 -> https://www.towson.edu/fcsm/departments/computerinfosci/resources/documents/itec-major-24-25.pdf + https://www.towson.edu/fcsm/departments/computerinfosci/resources/documents/itec-major-25-26.pdf
[1658/2688] 'ITEC274 - Towson University' (live): SAVED top 1 -> https://www.towson.edu/fcsm/departments/computerinfosci/resources/documents/itec-major-25-26.pdf
[1659/2688] 'ITEC345 - Towson University' (live): SAVED top 2 -> https://www.towson.edu/fcsm/departments/computerinfosci/resources/documents/itec-major-25-26.pdf + https://www.towson.edu/fcsm/departments/computerinfosci/resources/documents/itec-major-24-25.pdf
[1660/2688] 'ADMN3750 - Trent University' (live): SAVED top 1 -> https://mylearning.aauni.edu/files/2549972/MKT380_Fiala_F25.docx.pdf?lmsauth=17c7d6a3e7d99d5be1f1b935dcebe3f4ba2f3e50
[1661/2688] 'COIS1020 - Trent University': no usable link (live)
[1662/2688] 'CPSC114 - Trinity College' (live): SAVED top 2 -> https://www.ignou.ac.in/viewFile/ldd/qpdec2025/BPSC-114.pdf + https://www.trincoll.edu/political-science/course-descriptions/
[1663/2688] 'CPSC115 - Trinity College' (live): SAVED top 2 -> https://www.trincoll.edu/cs/course-schedule/ + https://www3.trincoll.edu/bulletin/2015-2016/bulletin.pdf
[1664/2688] 'CPSC215 - Trinity College' (live): SAVED top 2 -> https://www.trincoll.edu/cs/course-schedule/ + https://www.trincoll.edu/cs/course-descriptions/
[1665/2688] 'CPSC275 - Trinity College' (live): SAVED top 2 -> https://www.trincoll.edu/cs/course-schedule/ + https://trinity.edu/academics/departments/computer-science/computer-science-ba
[1666/2688] 'COMP0011 - Tufts University' (live): SAVED top 2 -> https://enroll.tufts.edu/search/publicCourseSearchDetails.do?method=load&courseId=24162 + https://www.cs.tufts.edu/t/courses/description/undergraduate
[1667/2688] 'COMP0015 - Tufts University' (live): SAVED top 2 -> https://sites.tufts.edu/comp15/ + https://github.com/thevedantmodi/COMP15-notes
[1668/2688] 'COMP112 - Tufts University': no usable link (live)
[1669/2688] 'COMP15 - Tufts University' (live): SAVED top 2 -> https://www.eecs.tufts.edu/~tshibata/comp15-summer2019/ + https://www.cs.tufts.edu/comp/15/schedule/lectures/intro/intro.pdf
[1670/2688] 'COMP23 - Tufts University' (live): SAVED top 2 -> https://engineering.tufts.edu/cs/current-students/courses-and-registration + https://sis.it.tufts.edu/psc/paprd/EMPLOYEE/EMPL/s/WEBLIB_PTPP_SC.HOMEPAGE.FieldFormula.IScript_AppHP?scname=TFP_GUEST&secondary=true&fname=TFP_COURSE_CATALOGS&pt_fname=TFP_COURSE_CATALOGS&PortalCacheContent=true&PSCache-Control=role%2Cmax-age%3D60&FolderPath=PORTAL_ROOT_OBJECT.TFP_TUFTS.TFP_GUEST.TFP_COURSE_CATALOGS&IsFolder=true
[1671/2688] 'COMP40 - Tufts University' (live): SAVED top 2 -> https://www.cs.tufts.edu/comp/40-2011f/notes.html + https://www.cs.tufts.edu/comp/40/
[1672/2688] 'COMP61 - Tufts University' (live): SAVED top 2 -> http://www.eecs.tufts.edu/~aloupis/comp61/ + http://www.cs.tufts.edu/comp/61/
[1673/2688] 'CS160 - Tufts University' (live): SAVED top 2 -> https://www.cs.tufts.edu/schedules/spring2024 + https://www.cs.tufts.edu/~laing/newschedulelst.html
[1674/2688] 'CS61 - Tufts University' (live): SAVED top 2 -> https://cs61.seas.harvard.edu/site/2023/LectureMaterial/ + https://www.cs.tufts.edu/t/courses/schedules
[1675/2688] 'INFO1010 - Tulane University' (live): SAVED top 1 -> https://datainstitute.tulane.edu/courses/data-1010
[1676/2688] 'CSC106 - Union College' (live): SAVED top 2 -> https://cs.union.edu/~fernandc/csc106/syllabus.html + https://cs.union.edu/intro/CSC106.html
[1677/2688] 'CSC107 - Union College' (live): SAVED top 2 -> https://cs.union.edu/~webbn/courses/csc107/ + https://cs.union.edu/intro/CSC107.html
[1678/2688] 'ECE225 - Union College' (live): SAVED top 2 -> https://www.union.edu/ecbe/electrical-engineering + https://www.puc.edu/_media/pdf/academics/catalog/current/catalog/Catalog-2025-2027.pdf
[1679/2688] 'BFOR100 - University at Albany' (live): SAVED top 2 -> https://www.albany.edu/undergraduate_bulletin_archive/2021-2022/Courses_in_Digital_Forensics.html + https://www.albany.edu/undergraduate_bulletin_archive/2023-2024/Courses_in_Digital_Forensics.html
[1680/2688] 'CEHC242 - University at Albany' (live): SAVED top 2 -> https://www.albany.edu/registrar/schedule-classes + https://www.albanytech.edu/college-catalog/2023-2024-college-catalog/courses
[1681/2688] 'CINF108 - University at Albany' (live): SAVED top 2 -> https://www.albany.edu/undergraduate_bulletin_archive/2015-2016/i_inf.html + https://www.albany.edu/undergraduate_bulletin_archive/2021-2022/87296.php
[1682/2688] 'CINF203 - University at Albany' (live): SAVED top 2 -> https://www.albany.edu/undergraduate-bulletin/informatics-courses.php + https://www.albany.edu/academic-advising/four-year-plans/bs-informatics-social-media-concentration
[1683/2688] 'CINF308 - University at Albany' (live): SAVED top 2 -> https://www.albany.edu/registrar/schedule-classes + https://www.albany.edu/undergraduate_bulletin_archive/2020-2021/index.html
[1684/2688] 'CSI201 - University at Albany' (live): SAVED top 2 -> https://www.albany.edu/undergraduate_bulletin_archive/2009-2010/a_csi.html + https://www.albany.edu/undergraduate_bulletin_archive/2019-2020/I_csi.html
[1685/2688] 'CSI203 - University at Albany' (live): SAVED top 2 -> https://www.albany.edu/registrar/schedule-classes + https://www.albany.edu/undergraduate_bulletin_archive/2019-2020/87296.php
[1686/2688] 'CSI205 - University at Albany' (live): SAVED top 2 -> https://www.albany.edu/registrar/schedule-classes + https://www.albany.edu/undergraduate_bulletin_archive/2021-2022/I_csi.html
[1687/2688] 'CSI210 - University at Albany' (live): SAVED top 2 -> https://www.albany.edu/undergraduate_bulletin_archive/2021-2022/I_csi.html + https://www.albany.edu/undergraduate_bulletin_archive/2022-2023/I_csi.html
[1688/2688] 'CSI213 - University at Albany' (live): SAVED top 2 -> http://www.cs.albany.edu/~petko/classes/FALL16-CSI403.php + https://www.cs.albany.edu/~jhh/courses/2022F.213/
[1689/2688] 'CSI405 - University at Albany' (live): SAVED top 2 -> https://www.albany.edu/registrar/schedule-classes + https://www.albany.edu/undergraduate_bulletin_archive/2021-2022/I_csi.html
[1690/2688] 'CSI409 - University at Albany' (live): SAVED top 2 -> https://www.albany.edu/registrar/schedule-classes + https://www.albany.edu/undergraduate_bulletin_archive/2021-2022/I_csi.html
[1691/2688] 'ECE231 - University at Albany': no usable link (live)
[1692/2688] 'ICSI201 - University at Albany' (live): SAVED top 2 -> https://www.albany.edu/undergraduate_bulletin_archive/2019-2020/I_csi.html + https://www.albany.edu/undergraduate_bulletin_archive/2006-2007/a_csi.html
[1693/2688] 'ICSI210 - University at Albany' (live): SAVED top 2 -> https://www.albany.edu/undergraduate_bulletin_archive/2019-2020/I_csi.html + https://www.albany.edu/undergraduate_bulletin_archive/2021-2022/I_csi.html
[1694/2688] 'ICSI212 - University at Albany' (live): SAVED top 2 -> https://www.albany.edu/undergraduate_bulletin_archive/2021-2022/I_csi.html + https://www.albany.edu/registrar/schedule-classes
[1695/2688] 'ICSI213 - University at Albany' (live): SAVED top 2 -> http://www.cs.albany.edu/~petko/classes/FALL16-CSI403.php + https://www.cs.albany.edu/~jhh/courses/2026S.213/
[1696/2688] 'ICSI311 - University at Albany' (live): SAVED top 2 -> https://www.albany.edu/undergraduate_bulletin_archive/2019-2020/I_csi.html + https://www.albany.edu/undergraduate_bulletin_archive/2021-2022/I_csi.html
[1697/2688] 'ICSI403 - University at Albany' (live): SAVED top 2 -> http://www.cs.albany.edu/~petko/classes/FALL16-CSI403.php + https://www.albany.edu/undergraduate_bulletin_archive/2019-2020/I_csi.html
[1698/2688] 'ICSI404 - University at Albany' (live): SAVED top 2 -> https://www.albany.edu/undergraduate_bulletin_archive/2021-2022/I_csi.html + https://www.albany.edu/undergraduate-bulletin/computer-science-courses.php
[1699/2688] 'ICSI405 - University at Albany' (live): SAVED top 2 -> https://www.albany.edu/undergraduate_bulletin_archive/2021-2022/I_csi.html + https://www.albany.edu/graduate-bulletin/computer-science-courses.php
[1700/2688] 'IECE111 - University at Albany' (live): SAVED top 2 -> https://www.albany.edu/undergraduate-bulletin/electrical-computer-engineering-courses.php + https://www.albany.edu/academic-advising/four-year-plans/bs-electrical-and-computer-engineering
[1701/2688] 'INF100X - University at Albany' (live): SAVED top 2 -> https://www.albany.edu/undergraduate_bulletin_archive/2019-2020/87296.php + https://www.albany.edu/undergraduate_bulletin_archive/2017-2018/i_inf.html
[1702/2688] 'INF108 - University at Albany' (live): SAVED top 2 -> https://charliezhaoyinpeng.github.io/ualbany-INF-108/ + https://www.albany.edu/registrar/schedule-classes
[1703/2688] 'INF171 - University at Albany' (live): SAVED top 2 -> https://www.albany.edu/undergraduate_bulletin_archive/2019-2020/87296.php + https://www.albany.edu/undergraduate_bulletin_archive/2021-2022/87296.php
[1704/2688] 'INF202 - University at Albany' (live): SAVED top 2 -> https://www.albany.edu/undergraduate_bulletin_archive/2019-2020/87296.php + https://www.albany.edu/undergraduate_bulletin_archive/2022-2023/87296.php
[1705/2688] 'INF203 - University at Albany' (live): SAVED top 2 -> https://www.albany.edu/registrar/schedule-classes + https://www.albany.edu/undergraduate_bulletin_archive/2019-2020/87296.php
[1706/2688] 'INF280X - University at Albany' (live): SAVED top 2 -> https://www.albany.edu/registrar/schedule-classes + https://www.albany.edu/undergraduate-bulletin/informatics-courses.php
[1707/2688] 'INF308 - University at Albany' (live): SAVED top 2 -> https://www.albany.edu/undergraduate_bulletin_archive/2019-2020/87296.php + https://www.albany.edu/undergraduate_bulletin_archive/2015-2016/i_inf.html
[1708/2688] 'CS300 - University of Alabama' (live): SAVED top 2 -> https://oira.ua.edu/syllabus/202010/15694 + https://cs.ua.edu/department-updates/
[1709/2688] 'CS351 - University of Alabama' (live): SAVED top 2 -> https://www.cs.montana.edu/courses/fall2004/351/lectures/CS351-L1.ppt + https://cs-351.github.io/sp26/
[1710/2688] 'CS403 - University of Alabama' (live): SAVED top 2 -> https://github.com/dperny/cs403-assignments + https://eng.ua.edu/wp-content/uploads/2020/01/CS-Flowchart-2025-2026-May2325-1.pdf
[1711/2688] 'CS426 - University of Alabama' (live): SAVED top 2 -> https://vikram.cs.illinois.edu/cs-426-compiler-construction/ + https://ccj.ua.edu/undergraduate-programs/major-and-minor-programs/distance-learning/dl-program-registration-faq/
[1712/2688] 'CS428 - University of Alabama': no usable link (live)
[1713/2688] 'CS470 - University of Alabama' (live): SAVED top 1 -> https://ssb.ua.edu/pls/PROD/bwckctlg.p_disp_course_detail?cat_term_in=202210&subj_code_in=CS&crse_numb_in=570
[1714/2688] 'ECE320 - University of Alabama' (live): SAVED top 2 -> https://ssb.ua.edu/pls/PROD/bwckctlg.p_disp_course_detail?cat_term_in=202010&subj_code_in=ECE&crse_numb_in=320 + https://ssb.ua.edu/pls/PROD/bwckctlg.p_disp_course_detail?cat_term_in=202510&subj_code_in=ECE&crse_numb_in=225
[1715/2688] 'ECE380 - University of Alabama' (live): SAVED top 2 -> https://apps.ualberta.ca/catalogue/course/ece/380 + https://ssb.ua.edu/pls/PROD/bwckctlg.p_disp_course_detail?cat_term_in=202010&subj_code_in=ECE&crse_numb_in=380
[1716/2688] 'ECE484 - University of Alabama' (live): SAVED top 2 -> https://ece.illinois.edu/academics/courses/ece484 + https://ece.engineering.arizona.edu/undergrad-programs/courses/ECE484
[1717/2688] 'ECE486 - University of Alabama' (live): SAVED top 2 -> https://courses.grainger.illinois.edu/ece486/fa2025/documentation/ + https://ece.engineering.arizona.edu/undergrad-programs/courses/ECE486
[1718/2688] 'CMPUT261 - University of Alberta' (live): SAVED top 2 -> https://apps.ualberta.ca/catalogue/course/cmput/261 + https://apps.ualberta.ca/catalogue/search?page=26
[1719/2688] 'CMPUT267 - University of Alberta' (live): SAVED top 2 -> https://apps.ualberta.ca/catalogue/course/cmput/267 + https://webdocs.cs.ualberta.ca/~whitem/teaching.html
[1720/2688] 'CMPUT366 - University of Alberta' (live): SAVED top 2 -> https://webdocs.cs.ualberta.ca/~dale/cmput366/notes.html + https://webdocs.cs.ualberta.ca/~dale/cmput366/
[1721/2688] 'CSC144 - University of Arizona' (live): SAVED top 2 -> https://cs.arizona.edu/classes/cs144/spring24-002/ + https://www2.cs.arizona.edu/classes/cs144/spring24-002/syllabus-brief.html
[1722/2688] 'CSC210 - University of Arizona' (live): SAVED top 2 -> https://www2.cs.arizona.edu/classes/cs210/fall17/syl.pdf + https://cs.arizona.edu/classes/cs210/fall17/
[1723/2688] 'CSC244 - University of Arizona' (live): SAVED top 2 -> https://github.com/andyjsiegel/Syllabi/blob/master/Semester%203%20-%20Fall%202024%20-%20CSC%20244.pdf + https://github.com/andyjsiegel/Syllabi
[1724/2688] 'CSC335 - University of Arizona': no usable link (live)
[1725/2688] 'CSC345 - University of Arizona' (live): SAVED top 2 -> https://plantarc.github.io/csslides/csc345.html + https://github.com/aswindle/2018-CS345-Data-Structures
[1726/2688] 'CSC380 - University of Arizona' (live): SAVED top 2 -> https://www2.cs.arizona.edu/~pachecoj/courses/csc380_fall21/CSC380_FALL2021_Syllabus.pdf + https://zcc1307.github.io/csc380-sp23/index.html
[1727/2688] 'CSC445 - University of Arizona': no usable link (live)
[1728/2688] 'CSC473 - University of Arizona': no usable link (live)
[1729/2688] 'ECE175 - University of Arizona' (live): SAVED top 2 -> https://ece.engineering.arizona.edu/ece-175-computer-programming-engineering-applications + https://infosci.arizona.edu/course/ece-175-computer-programming-engineering-applications
[1730/2688] 'ECE207 - University of Arizona' (live): SAVED top 1 -> https://ece.engineering.arizona.edu/undergrad-programs/courses/ECE207
[1731/2688] 'ECE220 - University of Arizona': no usable link (live)
[1732/2688] 'CSCE2004 - University of Arkansas' (live): SAVED top 1 -> https://github.com/masson2013/CSCE2004/blob/master/links.html
[1733/2688] 'CSCE2014 - University of Arkansas': no usable link (live)
[1734/2688] 'CSCE21104 - University of Arkansas': no usable link (live)
[1735/2688] 'CSCE2214 - University of Arkansas' (live): SAVED top 2 -> https://ahnelson.uark.edu/courses/csce-2214-computer-organization-spring-2020/ + https://github.com/masson2013/CSCE2214/blob/master/index.html
[1736/2688] 'CSCE31903 - University of Arkansas' (live): SAVED top 1 -> https://ualr.edu/catalogs/
[1737/2688] 'CSCE3193 - University of Arkansas': no usable link (live)
[1738/2688] 'CSCE3193H - University of Arkansas': no usable link (live)
[1739/2688] 'CSCE35103 - University of Arkansas': no usable link (live)
[1740/2688] 'CSCE3513 - University of Arkansas': no usable link (live)
[1741/2688] 'CSCE3613 - University of Arkansas': no usable link (live)
[1742/2688] 'CSCE4013 - University of Arkansas': no usable link (live)
[1743/2688] 'CSCE4323 - University of Arkansas' (live): SAVED top 1 -> https://cttp.uark.edu/online-training/asphalt.php
[1744/2688] 'CSCE4433 - University of Arkansas': no usable link (live)
[1745/2688] 'CSCE4561 - University of Arkansas': no usable link (live)
[1746/2688] 'CSCE4613 - University of Arkansas' (live): SAVED top 2 -> https://github.com/uark-cviu/uark-cviu.github.io/blob/master/classes/csce4613/index.html + https://engineering.uark.edu/electrical-engineering-computer-science/handbooks.php
[1747/2688] 'CSCE5013 - University of Arkansas' (live): SAVED top 2 -> https://engineering.uark.edu/electrical-engineering-computer-science/handbooks.php + https://github.com/mahayat/DL_CSCE5013
[1748/2688] 'CSCE5063 - University of Arkansas': no usable link (live)
[1749/2688] 'DASC1204 - University of Arkansas' (live): SAVED top 2 -> https://registrar.uams.edu/academic-catalog/ + https://ualr.edu/catalogs/
[1750/2688] 'CPEN291 - University of British Columbia': no usable link (live)
[1751/2688] 'CPSC103 - University of British Columbia': no usable link (live)
[1752/2688] 'CPSC110 - University of British Columbia': no usable link (live)
[1753/2688] 'CPSC111 - University of British Columbia': no usable link (live)
[1754/2688] 'CPSC121 - University of British Columbia' (live): SAVED top 2 -> https://courses.students.ubc.ca/browse-courses/course-section/CPSC_V%20121/COURSE_SECTION_DEFINITION-3-3211268093920231005 + https://www.cs.ubc.ca/students/undergrad/courses/core-curriculum
[1755/2688] 'CPSC210 - University of British Columbia': no usable link (live)
[1756/2688] 'CPSC213 - University of British Columbia' (live): SAVED top 1 -> https://www.cs.ubc.ca/~tmm/courses/213-12F/slides/213-0.pdf
[1757/2688] 'CPSC221 - University of British Columbia': no usable link (live)
[1758/2688] 'CPSC304 - University of British Columbia': no usable link (live)
[1759/2688] 'CPSC311 - University of British Columbia' (live): SAVED top 2 -> https://www.cs.ubc.ca/course-section/cpsc-311-101-2023w + https://www.cs.ubc.ca/course-section/cpsc-v-311-101-2025w
[1760/2688] 'CPSC312 - University of British Columbia': no usable link (live)
[1761/2688] 'CPSC313 - University of British Columbia' (live): SAVED top 2 -> https://github.com/markusdemedeiros/notes_cpsc313 + https://www.cs.ubc.ca/course-section/cpsc-313-204-2021w
[1762/2688] 'CPSC317 - University of British Columbia': no usable link (live)
[1763/2688] 'CPSC320 - University of British Columbia' (live): SAVED top 2 -> https://www.cs.ubc.ca/~liorma/cpsc320/lectures.html + https://www.cs.ubc.ca/~kirk/cs420/handouts.html
[1764/2688] 'CPSC368 - University of British Columbia' (live): SAVED top 2 -> https://github.com/NatChng/cpsc368/blob/main/CPSC_368_Notes.pdf + https://github.com/NatChng/cpsc368
[1765/2688] 'CPSC203 - University of Calgary' (live): SAVED top 2 -> https://wiki.ucalgary.ca/page/Courses/Computer_Science/CPSC_203/CPSC_203_Template/Lecture_Template.html + https://github.com/UBC-CS/cpsc203
[1766/2688] 'CPSC219 - University of Calgary': no usable link (live)
[1767/2688] 'CPSC231 - University of Calgary': no usable link (live)
[1768/2688] 'CPSC233 - University of Calgary': no usable link (live)
[1769/2688] 'CPSC331 - University of Calgary': no usable link (live)
[1770/2688] 'CPSC413 - University of Calgary' (live): SAVED top 2 -> https://github.com/JuandeReiset/CPSC-413 + https://cspages.ucalgary.ca/~hoyer/413.html
[1771/2688] 'CPSC449 - University of Calgary' (live): SAVED top 2 -> https://pages.cpsc.ucalgary.ca/~robin/class/449/webnotes.html + https://github.com/minhhangchu/CPSC449_Programming-Paradigms
[1772/2688] 'CPSC453 - University of Calgary' (live): SAVED top 2 -> https://github.com/jiananding/CPSC-453 + https://calendar.ucalgary.ca/courses/1072291
[1773/2688] 'CPSC457 - University of Calgary': no usable link (live)
[1774/2688] 'CPSC471 - University of Calgary' (live): SAVED top 2 -> https://github.com/aymud/CPSC471-DatabaseProject + https://calendar.ucalgary.ca/courses/1072341
[1775/2688] 'ECS017 - University of California, Davis': no usable link (live)
[1776/2688] 'ECS020 - University of California, Davis': no usable link (live)
[1777/2688] 'ECS034 - University of California, Davis': no usable link (live)
[1778/2688] 'ECS036B - University of California, Davis': no usable link (live)
[1779/2688] 'ECS036C - University of California, Davis': no usable link (live)
[1780/2688] 'ECS088 - University of California, Davis' (live): SAVED top 2 -> https://web.cs.ucdavis.edu/~koehl/Teaching/ECS088/lectures.html + https://web.cs.ucdavis.edu/~koehl/Teaching/ECS088/index.html
[1781/2688] 'ECS10 - University of California, Davis': no usable link (live)
[1782/2688] 'ECS120 - University of California, Davis' (live): SAVED top 2 -> https://web.cs.ucdavis.edu/~doty/ecs120slides/01a_Introduction-deck.html + https://www.cs.ucdavis.edu/~doty/ecs120slides/
[1783/2688] 'ECS122A - University of California, Davis': no usable link (live)
[1784/2688] 'ECS122B - University of California, Davis': no usable link (live)
[1785/2688] 'ECS124 - University of California, Davis' (live): SAVED top 2 -> https://cs.ucdavis.edu/schedules-classes/ecs-124-theory-practice-bioinformatics + https://github.com/joeycastaneda/ECS-124
[1786/2688] 'ECS129 - University of California, Davis' (live): SAVED top 2 -> https://cs.ucdavis.edu/schedules-classes/ecs-129-computational-structural-bioinformatics + https://www.cs.ucdavis.edu/~koehl/Teaching/ECS129/index.html
[1787/2688] 'ECS130 - University of California, Davis' (live): SAVED top 2 -> https://www.cs.ucdavis.edu/~bai/ECS130/Slides/mathrev.pdf + https://web.cs.ucdavis.edu/~bai/ECS130/Handouts/handout1.pdf
[1788/2688] 'ECS132 - University of California, Davis': no usable link (live)
[1789/2688] 'ECS140 - University of California, Davis' (live): SAVED top 2 -> https://cs.ucdavis.edu/schedules-classes/ecs-140a-programming-language + https://cs.ucdavis.edu/schedules-classes/ecs-140b-programming-languages
[1790/2688] 'ECS150 - University of California, Davis': no usable link (live)
[1791/2688] 'ECS154A - University of California, Davis' (live): SAVED top 2 -> https://cs.ucdavis.edu/schedules-classes/ecs-154a-computer-architecture + https://heather.cs.ucdavis.edu/~matloff/154a.html
[1792/2688] 'ECS160 - University of California, Davis': no usable link (live)
[1793/2688] 'ECS162 - University of California, Davis' (live): SAVED top 2 -> https://csiflabs.cs.ucdavis.edu/~tyfeng/ecs162/ + https://web.cs.ucdavis.edu/~amenta/s19/lectures.html
[1794/2688] 'ECS165 - University of California, Davis' (live): SAVED top 2 -> https://cs.ucdavis.edu/schedules-classes/ecs-165a-database-systems + https://www.cs.ucdavis.edu/~green/courses/ecs165a/1-intro.pdf
[1795/2688] 'ECS165A - University of California, Davis' (live): SAVED top 2 -> https://www.cs.ucdavis.edu/~ludaesch/ECS-165A-FQ13/handouts/2-misc.pdf + https://www.cs.ucdavis.edu/~ludaesch/ECS-165A-FQ13/handouts/0-logistics.pdf
[1796/2688] 'ECS170 - University of California, Davis' (live): SAVED top 2 -> https://cs.ucdavis.edu/schedules-classes/ecs-170-introduction-artificial-intelligence + https://web.cs.ucdavis.edu/~vemuri/classes/ecs170/outline.html
[1797/2688] 'ECS171 - University of California, Davis': no usable link (live)
[1798/2688] 'ECS188 - University of California, Davis': no usable link (live)
[1799/2688] 'ECS20 - University of California, Davis' (live): SAVED top 2 -> https://www.cs.usfca.edu/~sjengle/ucdavis/ecs20-s07/notes.html + https://mae.engr.ucdavis.edu/dsouza/Classes/ECS20_schedule.html
[1800/2688] 'ECS289K - University of California, Davis': no usable link (live)
[1801/2688] 'ECS30 - University of California, Davis' (live): SAVED top 2 -> https://www.cs.ucdavis.edu/~wu/ecs30/ + https://web.cs.ucdavis.edu/~bai/ECS30/
[1802/2688] 'ECS34 - University of California, Davis': no usable link (live)
[1803/2688] 'ECS36C - University of California, Davis' (live): SAVED top 2 -> https://luplab.cs.ucdavis.edu/2021/06/08/publishing-ecs-36c-course-materials.html + https://cs.ucdavis.edu/schedules-classes/ecs-036c-data-structures-algorithms-programming
[1804/2688] 'ECS40 - University of California, Davis' (live): SAVED top 2 -> https://nob.cs.ucdavis.edu/classes/ecs040-1997-04/homepage.html + https://github.com/varelycode/ecs40
[1805/2688] 'ECS60 - University of California, Davis' (live): SAVED top 2 -> https://cs.ucdavis.edu/schedules-classes + https://github.com/JCBreath/ECS-60
[1806/2688] 'ECS89L - University of California, Davis' (live): SAVED top 2 -> https://web.cs.ucdavis.edu/~koehl/Teaching/ECS089/Information_sheet.pdf + https://cs.ucdavis.edu/course-special-topics
[1807/2688] 'CS008 - University of California, Irvine': no usable link (live)
[1808/2688] 'CS009B - University of California, Irvine': no usable link (live)
[1809/2688] 'CS010A - University of California, Irvine' (live): SAVED top 2 -> https://jhu066.github.io/teaching/cs010a-intro-cpp + https://toblick.github.io/cs101/
[1810/2688] 'CS010B - University of California, Irvine': no usable link (live)
[1811/2688] 'CS010C - University of California, Irvine': no usable link (live)
[1812/2688] 'CS08 - University of California, Irvine' (live): SAVED top 2 -> https://www.cs.ucr.edu/~jinz/cs008.html + https://catalogue.uci.edu/course-search/
[1813/2688] 'EE030A - University of California, Irvine' (live): SAVED top 2 -> https://student.engr.ucr.edu/course-plans/2025/09/25/electrical-engineering + https://catalogue.uci.edu/allcourses/
[1814/2688] 'CS2011 - University of California, Los Angeles': no usable link (live)
[1815/2688] 'CS31 - University of California, Los Angeles' (live): SAVED top 2 -> https://web.cs.ucla.edu/classes/fall24/cs31/syllabus.html + https://web.cs.ucla.edu/classes/spring26/cs31/syllabus.html
[1816/2688] 'CSE11 - University of California, San Diego' (live): SAVED top 2 -> https://cseweb.ucsd.edu/classes/sp25/cse11-a/ + https://cseweb.ucsd.edu/classes/sp24/cse11-a/
[1817/2688] 'CSE12 - University of California, San Diego': no usable link (live)
[1818/2688] 'CSE131B - University of California, San Diego' (live): SAVED top 2 -> https://podcast.ucsd.edu/watch/fa19/cse131_a00/1 + https://podcast.ucsd.edu/watch/wi18/cse131_a00/5
[1819/2688] 'CSE134B - University of California, San Diego' (live): SAVED top 1 -> https://courses.ucsd.edu/coursemain.aspx?section=739758
[1820/2688] 'CSE135 - University of California, San Diego': no usable link (live)
[1821/2688] 'CSE156 - University of California, San Diego' (live): SAVED top 2 -> https://courses.engineering.ucsc.edu/courses/cse156 + http://cseweb.ucsd.edu/~nnakashole/teaching/156_sp19.html
[1822/2688] 'CSE15L - University of California, San Diego' (live): SAVED top 2 -> https://podcast.ucsd.edu/watch/sp23/cse151a_a00/2 + http://ieng6.ucsd.edu/~cs15x/
[1823/2688] 'CSE167 - University of California, San Diego' (live): SAVED top 2 -> https://cseweb.ucsd.edu/~alchern/teaching/cse167_fa22/ + https://cseweb.ucsd.edu/~tzli/cse167/fa2023/
[1824/2688] 'CSE21 - University of California, San Diego' (live): SAVED top 2 -> https://podcast.ucsd.edu/watch/sp24/cse21_a00 + https://podcast.ucsd.edu/watch/sp25/cse21_a00/12/kaltura
[1825/2688] 'CSE252A - University of California, San Diego' (live): SAVED top 2 -> https://cseweb.ucsd.edu/classes/fa25/cse252A-a/ + https://cseweb.ucsd.edu/classes/wi25/cse252A-a/
[1826/2688] 'CSE256 - University of California, San Diego' (live): SAVED top 2 -> https://cseweb.ucsd.edu/~nnakashole/teaching/256_sp19.html + https://github.com/Rshcaroline/UCSD-CSE256-Statistical-NLP
[1827/2688] 'CSE29 - University of California, San Diego' (live): SAVED top 2 -> https://podcast.ucsd.edu/watch/sp25/cse29_b00 + https://podcast.ucsd.edu/watch/sp26/cse29_a00
[1828/2688] 'CSE30 - University of California, San Diego' (live): SAVED top 2 -> https://podcast.ucsd.edu/watch/sp24/cse30_a00 + https://podcast.ucsd.edu/watch/fa21/cse30_a00/screen
[1829/2688] 'CSE8A - University of California, San Diego': no usable link (live)
[1830/2688] 'CSE8B - University of California, San Diego' (live): SAVED top 2 -> https://podcast.ucsd.edu/watch/wi24/cse8b_a00 + https://podcast.ucsd.edu/watch/wi22/cse8b_a00
[1831/2688] 'ECE102 - University of California, San Diego' (live): SAVED top 2 -> https://ipower3es.ucsd.edu/wp-content/uploads/2024/09/Lecture-0-Class-Introduction.pdf + https://courses.ucsd.edu/coursemain.aspx?section=994918
[1832/2688] 'ECE15 - University of California, San Diego' (live): SAVED top 2 -> https://podcast.ucsd.edu/watch/wi12/ece15wi12/8 + https://podcast.ucsd.edu/watch/fa18/ece35_a00/1
[1833/2688] 'ECE225A - University of California, San Diego': no usable link (live)
[1834/2688] 'ECE25 - University of California, San Diego' (live): SAVED top 2 -> https://courses.ucsd.edu/coursemain.aspx?section=744936 + https://inside.scc.losrios.edu/scc/inside/doc/e1-collegewide/counseling/UC-San-Diego-Campus-by-Campus-Update.pdf
[1835/2688] 'ECE269 - University of California, San Diego' (live): SAVED top 2 -> https://podcast.ucsd.edu/watch/FA17/ece269_fa17 + https://podcast.ucsd.edu/watch/fa16/ece111fa16/1
[1836/2688] 'ECE35 - University of California, San Diego' (live): SAVED top 2 -> https://podcast.ucsd.edu/watch/fa18/ece35_a00/1 + https://podcast.ucsd.edu/watch/fa18/ece35_a00/6
[1837/2688] 'ECE53B - University of California, San Diego' (live): SAVED top 2 -> https://podcast.ucsd.edu/watch/fa18/ece35_a00/1 + https://courses.ucsd.edu/
[1838/2688] 'SE1 - University of California, San Diego': no usable link (live)
[1839/2688] 'SE101A - University of California, San Diego' (live): SAVED top 2 -> https://podcast.ucsd.edu/watch/fa16/mae130ase101afa16/8 + https://podcast.ucsd.edu/watch/S317/ceng101a_s317/30
[1840/2688] 'SE101B - University of California, San Diego' (live): SAVED top 2 -> https://podcast.ucsd.edu/watch/fa15/se103fa15/14 + https://productdesignlab.ise.illinois.edu/ge101b
[1841/2688] 'SE101C - University of California, San Diego' (live): SAVED top 2 -> https://podcast.ucsd.edu/watch/fa16/mae130cse101cfa16/4 + https://se.ucsd.edu/academics/undergraduate-program/course-offerings
[1842/2688] 'SE103 - University of California, San Diego': no usable link (live)
[1843/2688] 'SE110A - University of California, San Diego' (live): SAVED top 2 -> https://podcast.ucsd.edu/watch/wi25/cse110_a00/11 + https://podcast.ucsd.edu/watch/SP17/se290_sp17/12
[1844/2688] 'SE110B - University of California, San Diego' (live): SAVED top 1 -> https://se.ucsd.edu/academics/undergraduate-program/course-offerings
[1845/2688] 'SE115 - University of California, San Diego' (live): SAVED top 2 -> https://podcast.ucsd.edu/watch/sp22-b/se105_a00/18 + https://inside.scc.losrios.edu/scc/inside/doc/e1-collegewide/counseling/UC-San-Diego-Campus-by-Campus-Update.pdf
[1846/2688] 'SE130A - University of California, San Diego' (live): SAVED top 2 -> https://podcast.ucsd.edu/watch/s123/se130a_a00/23 + https://podcast.ucsd.edu/watch/s123/se130a_a00/6/kaltura
[1847/2688] 'SE150 - University of California, San Diego': no usable link (live)
[1848/2688] 'SE160 - University of California, San Diego' (live): SAVED top 2 -> https://iao.shnu.edu.cn/_upload/article/files/7c/17/b48fe52149edb24c964bd61ec001/45ce8204-e602-457e-9f88-f4b1143888b2.pdf + https://extendedstudies.ucsd.edu/
[1849/2688] 'SE160A - University of California, San Diego' (live): SAVED top 2 -> https://podcast.ucsd.edu/watch/SP17/se290_sp17/8 + https://podcast.ucsd.edu/watch/SP17/se290_sp17/12
[1850/2688] 'SE3 - University of California, San Diego' (live): SAVED top 2 -> https://podcast.ucsd.edu/watch/sp18/se163se263_a00 + https://podcast.ucsd.edu/watch/fa15/se103fa15/14
[1851/2688] 'CMPSC111 - University of California, Santa Barbara' (live): SAVED top 2 -> https://www.cs.ucsb.edu/education/courses/course-descriptions + https://ucsb-cs111.github.io/
[1852/2688] 'CMPSC16 - University of California, Santa Barbara' (live): SAVED top 2 -> https://ucsb-cs16.github.io/w20/info/syllabus/ + https://www.cs.ucsb.edu/education/courses/course-descriptions
[1853/2688] 'CMPSC32 - University of California, Santa Barbara' (live): SAVED top 2 -> https://ucsb-cs32.github.io/w20/info/syllabus/ + https://www.cs.ucsb.edu/education/courses/course-descriptions
[1854/2688] 'CMPSC64 - University of California, Santa Barbara': no usable link (live)
[1855/2688] 'CMPSC8 - University of California, Santa Barbara' (live): SAVED top 2 -> https://cs.ucsb.edu/education/courses/course-descriptions/introduction-computer-science + https://ucsb-cs8.github.io/
[1856/2688] 'CMPSC9 - University of California, Santa Barbara' (live): SAVED top 2 -> https://ucsb-cs9.github.io/w24/info/syllabus/ + https://sites.cs.ucsb.edu/~richert/courses.html
[1857/2688] 'COMM169 - University of California, Santa Barbara' (live): SAVED top 1 -> https://www.comm.ucsb.edu/courses
[1858/2688] 'COMM88 - University of California, Santa Barbara': no usable link (live)
[1859/2688] 'CS24 - University of California, Santa Barbara' (live): SAVED top 2 -> https://ucsb-cs24.github.io/w24/info/syllabus/ + https://github.com/ucsb-cs24/s24
[1860/2688] 'CS279 - University of California, Santa Barbara' (live): SAVED top 2 -> https://web.stanford.edu/class/cs279/ + https://cs.ucsb.edu/education/courses/course-descriptions/advanced-topics-security
[1861/2688] 'CS64 - University of California, Santa Barbara' (live): SAVED top 2 -> https://ucsb-cs64-f18.github.io/lectures/CS64_Lecture01.pdf + https://sites.cs.ucsb.edu/~htzheng/teach/cs64s11/
[1862/2688] 'CSW8 - University of California, Santa Barbara' (live): SAVED top 2 -> https://ucsb-csw8.github.io/s22/about/ + https://ucsb-csw8.github.io/s23/about/
[1863/2688] 'ECE130C - University of California, Santa Barbara': no usable link (live)
[1864/2688] 'ECE152A - University of California, Santa Barbara' (live): SAVED top 2 -> https://web.ece.ucsb.edu/Faculty/Johnson/ECE152A/ + https://jkozerawski.github.io/teaching/2016-winter-ece152a
[1865/2688] 'ECE153B - University of California, Santa Barbara' (live): SAVED top 1 -> https://web.ece.ucsb.edu/Faculty/Johnson/ECE153B/
[1866/2688] 'INT5 - University of California, Santa Barbara' (live): SAVED top 2 -> https://ucsb-int5.github.io/f19/ + https://my.sa.ucsb.edu/public/curriculum/coursesearch.aspx
[1867/2688] 'INT84BL - University of California, Santa Barbara' (live): SAVED top 1 -> https://www.cs.ucsb.edu/education/courses/course-descriptions
[1868/2688] 'CGS2100C - University of Central Florida': no usable link (live)
[1869/2688] 'CIS3360 - University of Central Florida' (live): SAVED top 2 -> https://www.cs.ucf.edu/~czou/CIS3360-12/notes.html + https://www.cs.ucf.edu/courses/cis3360/spr2014/notes.htm
[1870/2688] 'CMSC14400 - University of Chicago' (live): SAVED top 2 -> https://cs.uchicago.edu/academics/undergraduate/new-introductory-computer-science-sequence/ + https://course-info.cs.uchicago.edu/guavaC/undergrad/index.html
[1871/2688] 'CMSC23000 - University of Chicago' (live): SAVED top 2 -> https://course-info.cs.uchicago.edu/bxms/ + https://super.cs.uchicago.edu/usable19/
[1872/2688] 'CS1005C - University of Cincinnati' (live): SAVED top 2 -> https://www.ceas.uc.edu/academics/departments/computer-science/degrees-programs/computer-science-certificate.html + https://www.cech.uc.edu/schools/it/course_descriptions.html
[1873/2688] 'CS1021C - University of Cincinnati' (live): SAVED top 2 -> https://www.ceas.uc.edu/academics/departments/electrical-computer-engineering/credit-by-exams.html + https://www.ccps.uc.edu/academics/olli/resources/handouts.html
[1874/2688] 'CS3003 - University of Cincinnati' (live): SAVED top 2 -> https://www.ucclermont.edu/academics/majors-programs/microcredentials/presentation-applications-specialist.html + https://www.cech.uc.edu/schools/it/course_descriptions.html
[1875/2688] 'CS5125 - University of Cincinnati' (live): SAVED top 2 -> https://research.uc.edu/events + https://www.skills.uc.edu/
[1876/2688] 'CS5170 - University of Cincinnati' (live): SAVED top 2 -> https://www.ccps.uc.edu/academics/olli/resources/handouts.html + https://www.admissions.uc.edu/content/dam/refresh/admissions/documents/transfer-module.pdf
[1877/2688] 'IT1090C - University of Cincinnati' (live): SAVED top 2 -> https://www.ccps.uc.edu/academics/olli/resources/handouts.html + https://www.cech.uc.edu/schools/it/course_descriptions.html
[1878/2688] 'IT2020 - University of Cincinnati' (live): SAVED top 2 -> https://www.ucclermont.edu/academics/majors-programs/microcredentials/presentation-applications-specialist.html + https://homepages.uc.edu/~hall3kj/hall/it1051.html
[1879/2688] 'IT2021 - University of Cincinnati' (live): SAVED top 2 -> https://www.ccps.uc.edu/academics/olli/resources/handouts.html + https://www.ucclermont.edu/academics/majors-programs/microcredentials/presentation-applications-specialist.html
[1880/2688] 'ATLS2100 - University of Colorado Boulder' (live): SAVED top 2 -> https://experts.colorado.edu/display/coursename_ATLS-2100 + https://www.colorado.edu/atlas/creative-technology-and-design-minor-pre-fall-2025
[1881/2688] 'ATLS5519 - University of Colorado Boulder' (live): SAVED top 2 -> https://experts.colorado.edu/display/coursename_ATLS-5519 + https://www.colorado.edu/atlas/radical-design-atls-45195519
[1882/2688] 'BUSM2011 - University of Colorado Boulder': no usable link (live)
[1883/2688] 'CMCI1010 - University of Colorado Boulder' (live): SAVED top 2 -> https://www.colorado.edu/cmdi/cmci-1010-mockup + https://cmci.colorado.edu/~palen/courses/SocialComputing/S14/
[1884/2688] 'CMDP3510 - University of Colorado Boulder' (live): SAVED top 1 -> https://www.cu.edu/controller/course-catalog
[1885/2688] 'CSCI1000 - University of Colorado Boulder' (live): SAVED top 2 -> https://basil.colorado.edu/courses/fa25/csci7000/logistics/ + https://catalog-archive.colorado.edu/2016-17/courses%3Fcollege=ENGR&department=B-CSCI&category=5029.html
[1886/2688] 'CSCI1300 - University of Colorado Boulder' (live): SAVED top 2 -> https://home.cs.colorado.edu/~mozer/Teaching/syllabi/csci1300/syllabus.html + https://home.cs.colorado.edu/~main/intro/
[1887/2688] 'CSCI1310 - University of Colorado Boulder' (live): SAVED top 2 -> https://oit.colorado.edu/news/lecture-and-presentation-recording-resources + https://catalog-archive.colorado.edu/2016-17/node/177141.html
[1888/2688] 'CSCI2270 - University of Colorado Boulder': no usable link (live)
[1889/2688] 'CSCI2820 - University of Colorado Boulder' (live): SAVED top 1 -> https://home.cs.colorado.edu/~alko5368/indexCSCI2820.html
[1890/2688] 'CSCI2824 - University of Colorado Boulder' (live): SAVED top 2 -> https://home.cs.colorado.edu/~srirams/courses/csci2824-spr14/introductionToCombinatorics-23.html + https://experts.colorado.edu/display/coursename_CSCI-2824
[1891/2688] 'CSCI3002 - University of Colorado Boulder' (live): SAVED top 2 -> https://experts.colorado.edu/display/coursename_CSCI-3002 + https://github.com/sengupta-courses/CU-Courses
[1892/2688] 'CSCI3022 - University of Colorado Boulder' (live): SAVED top 2 -> https://home.cs.colorado.edu/~ketelsen/files/courses/csci3022/slides/lesson01.pdf + https://experts.colorado.edu/display/coursename_CSCI-3022
[1893/2688] 'CSCI3104 - University of Colorado Boulder' (live): SAVED top 2 -> https://home.cs.colorado.edu/~srirams/courses/csci3104-fall16/index.html + https://www.colorado.edu/cs/cspb-3104-algorithms
[1894/2688] 'CSCI3202 - University of Colorado Boulder' (live): SAVED top 2 -> https://experts.colorado.edu/display/coursename_CSCI-3202 + https://cis.temple.edu/~latecki/Courses/AI-Fall12/ColoradoAICourse/Artificial%20Intelligence%20CSCI%203202.htm
[1895/2688] 'CSCI4448 - University of Colorado Boulder' (live): SAVED top 2 -> https://home.cs.colorado.edu/~ralex/courses/csci4448/ + https://experts.colorado.edu/display/coursename_CSCI-4448
[1896/2688] 'CSCI4502 - University of Colorado Boulder' (live): SAVED top 2 -> https://cmci.colorado.edu/~palen/courses/SocialComputing/S14/ + https://github.com/Mekeda/CSCI-4502-Data-Mining
[1897/2688] 'ECEN2370 - University of Colorado Boulder' (live): SAVED top 1 -> https://experts.colorado.edu/display/coursename_ECEN-2370
[1898/2688] 'INFO1201 - University of Colorado Boulder': no usable link (live)
[1899/2688] 'INFO1301 - University of Colorado Boulder' (live): SAVED top 2 -> https://cmci.colorado.edu/classes/INFO-1301/ + https://www.cu.edu/controller/course-catalog
[1900/2688] 'INFO1701 - University of Colorado Boulder' (live): SAVED top 2 -> https://experts.colorado.edu/display/coursename_INFO-1701 + https://www.cu.edu/controller/course-catalog
[1901/2688] 'INFO2131 - University of Colorado Boulder': no usable link (live)
[1902/2688] 'INFO2201 - University of Colorado Boulder' (live): SAVED top 2 -> https://experts.colorado.edu/display/coursename_INFO-2201 + https://vivo.colorado.edu/display/coursename_INFO-2201
[1903/2688] 'ORGN4020 - University of Colorado Boulder' (live): SAVED top 2 -> https://vivo-cub.colorado.edu/display/coursename_ORGN-4020 + https://oit.colorado.edu/services/teaching-learning-applications/syllabus-archive
[1904/2688] 'CSE1010 - University of Connecticut' (live): SAVED top 2 -> https://www.syllabus.uconn.edu/public/download.php?file=532%7C4031363438 + https://ece.uconn.edu/computer-science-and-engineering/
[1905/2688] 'CSE2050 - University of Connecticut': no usable link (live)
[1906/2688] 'CSE2500 - University of Connecticut': no usable link (live)
[1907/2688] 'CSE3100 - University of Connecticut': no usable link (live)
[1908/2688] 'CSE3140 - University of Connecticut': no usable link (live)
[1909/2688] 'CSE3150 - University of Connecticut' (live): SAVED top 2 -> https://github.com/CrashxZ/CSE3150 + https://github.com/leoapagano/cse3150_final_hw
[1910/2688] 'CSE3666 - University of Connecticut' (live): SAVED top 2 -> https://zhijieshi.github.io/cse3666/ + https://github.com/MagicCat3022/CSE-3666
[1911/2688] 'CSE4300 - University of Connecticut' (live): SAVED top 2 -> https://github.com/cseuconn/CSE-OS-2023-FALL/blob/master/CSE-4300/Ryan_Gavin_Caleb_Aaron/CSE%204300%20Presentation.pdf + https://cps.cse.uconn.edu/teaching/os/schedule/
[1912/2688] 'CSE4820 - University of Connecticut' (live): SAVED top 2 -> https://jinbo-bi.media.uconn.edu/wp-content/uploads/sites/2638/2025/01/CSE4820-CSE5819-Bi-Syllabus-2024.pdf + https://syllabus.uconn.edu/public/search_class.php?dept=CSE
[1913/2688] 'ECE2001 - University of Connecticut': no usable link (live)
[1914/2688] 'ECE2001W - University of Connecticut': no usable link (live)
[1915/2688] 'ECE3201 - University of Connecticut': no usable link (live)
[1916/2688] 'ECE3211 - University of Connecticut' (live): SAVED top 2 -> https://syllabus.uconn.edu/public/class_syllabi.php?dept=ECE&amp;number=3211 + https://www.ee.uconn.edu/undergraduate-program/course-pages/course-syllabi-with-student-outcomes
[1917/2688] 'ECE4225 - University of Connecticut': no usable link (live)
[1918/2688] 'CJS322 - University of Dayton' (live): SAVED top 1 -> https://udayton.edu/campus/learning-teaching-center/teaching-resources.php
[1919/2688] 'CPS149 - University of Dayton' (live): SAVED top 1 -> https://udayton.edu/campus/learning-teaching-center/teaching-resources.php
[1920/2688] 'CPS150 - University of Dayton': no usable link (live)
[1921/2688] 'CPS151 - University of Dayton' (live): SAVED top 2 -> https://github.com/baileydauterman/CPS-151 + https://udayton.edu/campus/learning-teaching-center/teaching-resources.php
[1922/2688] 'CPS250 - University of Dayton' (live): SAVED top 1 -> https://udayton.edu/campus/learning-teaching-center/teaching-resources.php
[1923/2688] 'CPS350 - University of Dayton': no usable link (live)
[1924/2688] 'CPS356 - University of Dayton': no usable link (live)
[1925/2688] 'CPS430 - University of Dayton' (live): SAVED top 2 -> https://udayton.edu/campus/learning-teaching-center/teaching-resources.php + https://github.com/PseudoKelloggs/DAYTON_DATABASE
[1926/2688] 'CPS570 - University of Dayton': no usable link (live)
[1927/2688] 'DSC210 - University of Dayton': no usable link (live)
[1928/2688] 'DSC211 - University of Dayton': no usable link (live)
[1929/2688] 'ECE314 - University of Dayton' (live): SAVED top 2 -> https://github.com/LinHangzheng/ECE314 + https://github.com/HugoXK/ECE-314-Probability-in-Engineering-Lab/blob/main/Lab%207.ipynb
[1930/2688] 'CISC106 - University of Delaware': no usable link (live)
[1931/2688] 'CISC108 - University of Delaware': no usable link (live)
[1932/2688] 'CISC320 - University of Delaware': no usable link (live)
[1933/2688] 'CISC355 - University of Delaware': no usable link (live)
[1934/2688] 'CISC684 - University of Delaware' (live): SAVED top 2 -> https://deep-real.github.io/pdf/Syllabus_CISC684.pdf + https://github.com/DesiPilla/MachineLearning
[1935/2688] 'COMP2381 - University of Denver': no usable link (live)
[1936/2688] 'COMP2673 - University of Denver' (live): SAVED top 2 -> https://www.cs.du.edu/~chrisg/classes/07/comp2673/index.html + https://www.cs.du.edu/~leut/COMP2673_05_spring/
[1937/2688] 'ENCE2101 - University of Denver' (live): SAVED top 2 -> https://bulletin.du.edu/undergraduate/coursedescriptions/ence/ + https://www.du.edu/registrar/registration/how-register/find-courses
[1938/2688] 'INFO1020 - University of Denver' (live): SAVED top 2 -> https://github.com/dataloveco/info1020-final-review/blob/main/README.md + https://github.com/dataloveco/info1020-final-review
[1939/2688] 'INFO2020 - University of Denver' (live): SAVED top 2 -> https://www.du.edu/registrar/academic-programs/bulletins-catalogs + https://bulletin.du.edu/undergraduate/coursedescriptions/info/
[1940/2688] 'INFO3400 - University of Denver' (live): SAVED top 2 -> https://tanu1208.github.io/lectures.html + https://www.du.edu/registrar/registration/how-register/find-courses
[1941/2688] 'CAP4053 - University of Florida': no usable link (live)
[1942/2688] 'CAP5510 - University of Florida': no usable link (live)
[1943/2688] 'CDA3031 - University of Florida' (live): SAVED top 2 -> https://elearning.ufl.edu/ + https://syllabus.ufl.edu/
[1944/2688] 'CEN3031 - University of Florida' (live): SAVED top 2 -> https://www.cise.ufl.edu/~pjd/courses/3031/admin/syllabus.html + https://www.cise.ufl.edu/~pjd/courses/3031/admin/main.html
[1945/2688] 'CGS2414 - University of Florida' (live): SAVED top 2 -> https://syllabus.ufl.edu/ + https://grad.ufl.edu/academics/catalog/
[1946/2688] 'CGS2531 - University of Florida': no usable link (live)
[1947/2688] 'CIS3020 - University of Florida' (live): SAVED top 1 -> https://github.com/jpowell-nsu?tab=repositories
[1948/2688] 'CIS3022 - University of Florida' (live): SAVED top 2 -> https://www.cise.ufl.edu/~pjd/courses/3022/admin/syllabus.html + https://www.cise.ufl.edu/~pjd/courses/3022/admin/
[1949/2688] 'CIS3023 - University of Florida': no usable link (live)
[1950/2688] 'CIS4301 - University of Florida' (live): SAVED top 2 -> https://github.com/inflmts/cis4301 + https://cise.ufl.edu/academics/course-syllabi/
[1951/2688] 'CIS4360 - University of Florida': no usable link (live)
[1952/2688] 'CIS4715 - University of Florida' (live): SAVED top 2 -> https://elearning.ufl.edu/ + https://syllabus.ufl.edu/syllabus-archive/
[1953/2688] 'CIS6930 - University of Florida': no usable link (live)
[1954/2688] 'COP2271 - University of Florida' (live): SAVED top 2 -> https://floridapoly.edu/wp-content/uploads/2026/01/COP-2271-06_SP-2026.pdf + https://www.eng.ufl.edu/eed/wp-content/uploads/sites/191/2024/01/COP2271_Spring24_Syllabus.pdf
[1955/2688] 'COP3502 - University of Florida' (live): SAVED top 2 -> https://www.cs.ucf.edu/courses/cop3502/fall2025/material/ + https://www.cs.ucf.edu/courses/cop3502/fall2025/COP3502-Sec1-Syllabus-Fall25.pdf
[1956/2688] 'COP3502C - University of Florida': no usable link (live)
[1957/2688] 'COP3503 - University of Florida': no usable link (live)
[1958/2688] 'COP3503C - University of Florida': no usable link (live)
[1959/2688] 'COP3504 - University of Florida': no usable link (live)
[1960/2688] 'COP3504C - University of Florida': no usable link (live)
[1961/2688] 'COP3530 - University of Florida' (live): SAVED top 2 -> https://users.cs.fiu.edu/~weiss/cop3530/lectures.html + https://uwf-fang.github.io/presentations/cop3530/main.html
[1962/2688] 'COP4533 - University of Florida': no usable link (live)
[1963/2688] 'COP4600 - University of Florida' (live): SAVED top 2 -> https://www.cs.ucf.edu/~lboloni/Teaching/COP4600_Spring2022/index.html + https://www.cs.ucf.edu/~lboloni/Teaching/COP4600_Fall2020/index.html
[1964/2688] 'COT3100 - University of Florida': no usable link (live)
[1965/2688] 'COT5405 - University of Florida': no usable link (live)
[1966/2688] 'COT5520 - University of Florida' (live): SAVED top 2 -> https://www.cs.ucf.edu/courses/cot5520/Lec14.ppt + https://www.cs.ucf.edu/courses/cot5520/COT5520Lec1.ppt
[1967/2688] 'CSG2531 - University of Florida': no usable link (live)
[1968/2688] 'CS1730 - University of Georgia' (live): SAVED top 2 -> https://www.cs.uga.edu/courses/content/csci-1730 + https://www.cs.uga.edu/sites/default/files/CIS_CSCI_1730.pdf
[1969/2688] 'CSC11301 - University of Georgia': no usable link (live)
[1970/2688] 'CSCI1301 - University of Georgia' (live): SAVED top 2 -> https://www.cs.uga.edu/courses/content/csci-1301-1301l + https://csci-1301.github.io/slides.html
[1971/2688] 'CSCI1302 - University of Georgia': no usable link (live)
[1972/2688] 'CSCI1730 - University of Georgia': no usable link (live)
[1973/2688] 'CSCI1730E - University of Georgia' (live): SAVED top 2 -> https://www.cs.uga.edu/courses/content/csci-1730 + https://www.cs.uga.edu/sites/default/files/CIS_CSCI_1730_1.pdf
[1974/2688] 'CSCI2610 - University of Georgia': no usable link (live)
[1975/2688] 'CSCI2670 - University of Georgia': no usable link (live)
[1976/2688] 'CSCI2720 - University of Georgia': no usable link (live)
[1977/2688] 'CSCI3030 - University of Georgia' (live): SAVED top 2 -> https://www.cs.uga.edu/courses/content/csci-3030 + https://bulletin.uga.edu/Course/Details/38195
[1978/2688] 'CSCI3360 - University of Georgia' (live): SAVED top 2 -> https://cobweb.cs.uga.edu/~maria/classes/3360-2023-Spring/slides/00-csci-3360-plan.html + https://www.cs.uga.edu/courses/content/csci-3360
[1979/2688] 'CSCI4070 - University of Georgia' (live): SAVED top 2 -> https://www.cs.uga.edu/courses/content/csci-40706070 + https://www.cs.cornell.edu/courses/cs5670/2025sp/lectures/
[1980/2688] 'CSCI4470 - University of Georgia': no usable link (live)
[1981/2688] 'CSCI4810 - University of Georgia' (live): SAVED top 2 -> https://www.cs.uga.edu/courses/content/csci-48106810 + https://www.cs.uga.edu/sites/default/files/CIS_CSCI_4810_0.pdf
[1982/2688] 'CSCI4900 - University of Georgia' (live): SAVED top 2 -> https://www.cs.uga.edu/courses/content/csci-49006900 + https://github.com/wanghaisheng/csci4900-data_mining/blob/master/Syllabus.html
[1983/2688] 'CSCI8000 - University of Georgia': no usable link (live)
[1984/2688] 'ICS101 - University of Hawaii at Manoa': no usable link (live)
[1985/2688] 'ICS222 - University of Hawaii at Manoa' (live): SAVED top 2 -> https://courses.ics.hawaii.edu/syllabuses/ICS222.html + https://www.sis.hawaii.edu/uhdad/bwckctlg.p_disp_course_detail?cat_term_in=202510&amp;inst_in=MAN&amp;subj_code_in=ICS&amp;crse_numb_in=222
[1986/2688] 'ICS311 - University of Hawaii at Manoa': no usable link (live)
[1987/2688] 'ICS312 - University of Hawaii at Manoa' (live): SAVED top 2 -> https://courses.ics.hawaii.edu/ics312_fall2026/ + https://manoa.hawaii.edu/catalog-2021-22/courses/ics-312-machine-level-and-systems-programming-3/
[1988/2688] 'ICS313 - University of Hawaii at Manoa': no usable link (live)
[1989/2688] 'ICS332 - University of Hawaii at Manoa' (live): SAVED top 2 -> https://manoa.hawaii.edu/catalog-2021-22/courses/ics-332-operating-systems-3/ + http://jrasay89.github.io/OtherWebsiteProjects/PortfolioWebsiteOld/my_courses/ics332.html
[1990/2688] 'ICS355 - University of Hawaii at Manoa': no usable link (live)
[1991/2688] 'CIS2332 - University of Houston': no usable link (live)
[1992/2688] 'CIS2348 - University of Houston' (live): SAVED top 2 -> https://github.com/totallyraddude/CIS2348 + https://github.com/DavidLim98/CIS-2348
[1993/2688] 'CIS3320 - University of Houston': no usable link (live)
[1994/2688] 'CIS3365 - University of Houston': no usable link (live)
[1995/2688] 'COCS2320 - University of Houston' (live): SAVED top 2 -> https://www2.cs.uh.edu/~acl/cs6320/Syllabus.pdf + https://publications.uh.edu/content.php?catoid=44&navoid=15983&filter%5Bitem_type%5D=3&filter%5Bonly_active%5D=1&filter%5B3%5D=1&filter%5Bcpage%5D=14&expand=1
[1996/2688] 'COSC1304 - University of Houston' (live): SAVED top 2 -> https://www2.cs.uh.edu/~chengu/Teaching/Fall2020/COSC6344_Fall2020_Syllabus.pdf + https://publications.uh.edu/preview_course_nopop.php?catoid=44&coid=210725
[1997/2688] 'COSC1306 - University of Houston' (live): SAVED top 2 -> https://www2.cs.uh.edu/~paris/1306/Syllabus.pdf + https://www2.cs.uh.edu/~acl/cs1336/Resource/index.html
[1998/2688] 'COSC1320 - University of Houston' (live): SAVED top 2 -> https://www2.cs.uh.edu/~chengu/Teaching/Spring2014/Spring2014_COSC1320.html + https://publications.uh.edu/content.php?filter%5B27%5D=COSC&filter%5B32%5D=1&filter%5Bcpage%5D=1&filter%5Bexact_match%5D=1&cur_cat_oid=52&navoid=19813&search_database=Filter&coid%5B0%5D=268651&display_location=filter_template&expand=1
[1999/2688] 'COSC1336 - University of Houston' (live): SAVED top 2 -> https://www2.cs.uh.edu/~acl/cs1336/Syllabus.pdf + https://www2.cs.uh.edu/~acl/cs1336/
[2000/2688] 'COSC1430 - University of Houston' (live): SAVED top 2 -> https://www2.cs.uh.edu/~chengu/Teaching/Spring2017/COSC%201430%20Spring%202017.pdf + https://publications.uh.edu/preview_program.php?catoid=49&poid=16874&returnto=18454
[2001/2688] 'COSC1437 - University of Houston' (live): SAVED top 2 -> https://publications.uh.edu/preview_course_nopop.php?catoid=56&coid=294358 + https://publications.uh.edu/preview_program.php?catoid=49&poid=16747&returnto=18375
[2002/2688] 'COSC2320 - University of Houston' (live): SAVED top 2 -> https://www2.cs.uh.edu/~acl/cs6320/Syllabus.pdf + https://publications.uh.edu/content.php?catoid=44&navoid=15983&filter%5Bitem_type%5D=3&filter%5Bonly_active%5D=1&filter%5B3%5D=1&filter%5Bcpage%5D=14&expand=1
[2003/2688] 'COSC2425 - University of Houston' (live): SAVED top 2 -> https://publications.uh.edu/content.php?catoid=44&navoid=15983&filter%5Bitem_type%5D=3&filter%5Bonly_active%5D=1&filter%5B3%5D=1&filter%5Bcpage%5D=14&expand=1 + https://publications.uh.edu/preview_course_nopop.php?catoid=49&coid=254838
[2004/2688] 'COSC2430 - University of Houston' (live): SAVED top 2 -> https://rizk.netlify.app/files/NouhadRizk_Syllabus_COSC2430_Spring2021_synchronous.pdf + https://uh.edu/nouhadrizk/about/courses/programming-and-data-structures/resources/cosc-2430--ds-linux-server-environment-.pptx.pdf
[2005/2688] 'COSC3320 - University of Houston' (live): SAVED top 2 -> https://www2.cs.uh.edu/~ordonez/syllabus/COSC3320.pdf + https://www2.cs.uh.edu/~rmverma/courses.html
[2006/2688] 'COSC3330 - University of Houston' (live): SAVED top 2 -> https://www2.cs.uh.edu/~paris/3330/PowerPoint/Syllabus.ppt + https://www2.cs.uh.edu/~rmverma/courses.html
[2007/2688] 'COSC3337 - University of Houston': no usable link (live)
[2008/2688] 'COSC3340 - University of Houston' (live): SAVED top 2 -> https://www2.cs.uh.edu/~rsingh/documents/automata/syllabus.pdf + https://www2.cs.uh.edu/~rmverma/courses.html
[2009/2688] 'COSC3360 - University of Houston' (live): SAVED top 2 -> https://www2.cs.uh.edu/~paris/3360/3360%20Syllabus.pdf + https://www2.cs.uh.edu/~acheng/previous-courses.htm
[2010/2688] 'COSC3380 - University of Houston' (live): SAVED top 2 -> https://www2.cs.uh.edu/~ordonez/syllabus/COSC3380.pdf + https://www2.cs.uh.edu/~ordonez/co_teaching.html
[2011/2688] 'COSC3430 - University of Houston' (live): SAVED top 2 -> https://www2.cs.uh.edu/~paris/3330/Syllabus.pdf + https://publications.uh.edu/content.php?catoid=44&navoid=15983&filter%5Bitem_type%5D=3&filter%5Bonly_active%5D=1&filter%5B3%5D=1&filter%5Bcpage%5D=14&expand=1
[2012/2688] 'COSC4351 - University of Houston' (live): SAVED top 2 -> https://www2.cs.uh.edu/~rsingh/documents/software_engineering/syllabus.pdf + https://publications.uh.edu/preview_course_nopop.php?catoid=56&coid=291707
[2013/2688] 'COSC4358 - University of Houston' (live): SAVED top 2 -> https://publications.uh.edu/preview_course_nopop.php?catoid=49&amp;coid=251957 + https://www.uh.edu/nsm/computer-science/undergraduate/courses/
[2014/2688] 'COSC4393 - University of Houston': no usable link (live)
[2015/2688] 'COSC6335 - University of Houston' (live): SAVED top 2 -> https://www2.cs.uh.edu/~ceick/DM/COSC6335Syllabus.pdf + https://www2.cs.uh.edu/~ceick/DM/DM.html
[2016/2688] 'COSC6389 - University of Houston' (live): SAVED top 2 -> https://www2.cs.uh.edu/~rmverma/courses.html + https://www.uh.edu/online/sessions/class-search.php
[2017/2688] 'IDNS2136 - University of Houston' (live): SAVED top 2 -> https://publications.uh.edu/content.php?filter%5B27%5D=DIGM&filter%5B29%5D=1300&filter%5B32%5D=1&filter%5Bcpage%5D=1&cur_cat_oid=49&navoid=18708 + https://www.ist.uh.edu/digitalmedia/program/course-sequence
[2018/2688] 'INFO333 - University of Illinois Urbana-Champaign' (live): SAVED top 2 -> https://it.umd.edu/analytics/publications-presentations + https://www.aits.uillinois.edu/services/reports_and_data/help_and_training/training
[2019/2688] 'CS1020 - University of Iowa' (live): SAVED top 2 -> https://blog.admissions.uiowa.edu/natalie/tag/cs-1020/ + https://myui.uiowa.edu/my-ui/courses/dashboard.page?q.courseSubject=CS&q.sessionId=72&q.courseNumber=1020
[2020/2688] 'ECE2410 - University of Iowa' (live): SAVED top 2 -> https://myui.uiowa.edu/my-ui/courses/dashboard.page?q.courseSubject=ECE&q.courseNumber=2410&showResults=1 + https://myui.uiowa.edu/my-ui/courses/dashboard.page?q.courseSubject=ECE&q.sessionId=75&q.courseNumber=2410
[2021/2688] 'ECE3410 - University of Iowa' (live): SAVED top 2 -> https://engineering.uiowa.edu/sites/engineering.uiowa.edu/files/2023-07/ee_electrical_interest_four_year_plan_0.pdf + https://myui.uiowa.edu/my-ui/courses/dashboard.page?q.courseSubject=ECE&showResults=1&q.courseNumber=3410&q.sessionId=64
[2022/2688] 'ECE36 - University of Iowa' (live): SAVED top 2 -> https://engineering.uiowa.edu/sites/engineering.uiowa.edu/files/2023-07/ee_electrical_interest_four_year_plan_0.pdf + https://engineering.uiowa.edu/ece/focus-areas
[2023/2688] 'ECE3700 - University of Iowa' (live): SAVED top 2 -> https://engineering.uiowa.edu/sites/engineering.uiowa.edu/files/2023-07/ee_electrical_interest_four_year_plan_0.pdf + https://myui.uiowa.edu/my-ui/courses/dashboard.page?q.courseSubject=ECE&q.sessionId=72&q.courseNumber=3700
[2024/2688] 'ECE5460 - University of Iowa' (live): SAVED top 2 -> https://engineering.uiowa.edu/ece/focus-areas/signal-and-image-processing-cse + https://myui.uiowa.edu/my-ui/courses/dashboard.page?q.courseSubject=ECE&showResults=1&q.courseNumber=5460&q.sessionId=64
[2025/2688] 'ECE6999 - University of Iowa' (live): SAVED top 2 -> https://myui.uiowa.edu/my-ui/courses/dashboard.page?q.courseSubject=ECE&q.courseNumber=5000&showResults=1 + https://test.myui.uiowa.edu/my-ui/courses/dashboard.page?q.courseSubject=ECE&q.courseNumber=3350&q.sessionId=1143
[2026/2688] 'EECS168 - University of Kansas' (live): SAVED top 2 -> https://people.eecs.ku.edu/~jwgibbo/eecs168/2023spring/MWF/2023.03.03.midterm-review/ + https://eecs.ku.edu/eecs-courses
[2027/2688] 'EECS210 - University of Kansas' (live): SAVED top 2 -> https://eecs.ku.edu/eecs-courses + https://eecs.ku.edu/news?page=14
[2028/2688] 'EECS221 - University of Kansas': no usable link (live)
[2029/2688] 'EECS268 - University of Kansas' (live): SAVED top 2 -> http://ittc.ku.edu/~kulkarni/teaching/EECS268/ + https://eecs.ku.edu/eecs-courses
[2030/2688] 'EECS330 - University of Kansas' (live): SAVED top 2 -> https://eecs.ku.edu/eecs-courses + https://eecs.ku.edu/news?page=14
[2031/2688] 'EECS348 - University of Kansas' (live): SAVED top 2 -> https://people.eecs.ku.edu/~saiedian/Teaching/348/ + https://ku-fpg.github.io/teaching/EECS_448_S20/
[2032/2688] 'EECS388 - University of Kansas' (live): SAVED top 2 -> http://www.ittc.ku.edu/~heechul/courses/eecs388/W1.Intro.pdf + https://github.com/jchinnam/eecs-388
[2033/2688] 'EECS447 - University of Kansas' (live): SAVED top 2 -> http://ittc.ku.edu/~heechul/courses/eecs750/S14/ + https://people.eecs.ku.edu/~hossein/Teaching/447/
[2034/2688] 'EECS461 - University of Kansas' (live): SAVED top 2 -> https://ece.engin.umich.edu/academics/course-information/course-descriptions/eecs-461/ + https://people.eecs.ku.edu/~perrins/class/S08_461/
[2035/2688] 'EECS560 - University of Kansas': no usable link (live)
[2036/2688] 'EECS563 - University of Kansas' (live): SAVED top 2 -> https://www.ittc.ku.edu/~frost/EECS_563/LOCAL/EECS_563_Class_Notes-Spring-2024/index-class-notes-fall-2024.html + https://www.ittc.ku.edu/~frost/EECS_563/index-Spring_2024.htm
[2037/2688] 'EECS581 - University of Kansas' (live): SAVED top 2 -> https://people.eecs.ku.edu/~saiedian/Teaching/581/ + https://eecs.ku.edu/eecs-courses
[2038/2688] 'EECS645 - University of Kansas' (live): SAVED top 2 -> http://ittc.ku.edu/~heechul/courses/eecs750/S14/ + https://people.eecs.ku.edu/~jerzygb/syllabus645.html
[2039/2688] 'EECS660 - University of Kansas': no usable link (live)
[2040/2688] 'EECS690 - University of Kansas' (live): SAVED top 2 -> https://people.eecs.ku.edu/~jerzygb/syllabus690.html + https://people.eecs.ku.edu/~hossein/Teaching/690/
[2041/2688] 'CIS111 - University of Kentucky' (live): SAVED top 2 -> https://libguides.uky.edu/cis111/evaluate + https://libguides.uky.edu/cis111
[2042/2688] 'CIS112 - University of Kentucky' (live): SAVED top 2 -> https://libguides.uky.edu/cis112/evaluate + https://libguides.uky.edu/cis112/help
[2043/2688] 'CS216 - University of Kentucky' (live): SAVED top 2 -> http://protocols.netlab.uky.edu/~davidb/cs216/CS216_Fall13_syllabus.pdf + https://www.cs.virginia.edu/~evans/cs216/classes/
[2044/2688] 'CS335 - University of Kentucky' (live): SAVED top 2 -> https://www.cs.engr.uky.edu/~cheng/cs335/cs335-syl.html + https://www.uky.edu/degreeaudit/crs-desc/CS.pdf
[2045/2688] 'CS460G - University of Kentucky' (live): SAVED top 2 -> https://aaz-imran.github.io/teaching/2024-spring-cs460g/ + https://cs.uky.edu/~sgware/courses/cs660/slides/intro.pdf
[2046/2688] 'CS463 - University of Kentucky' (live): SAVED top 2 -> https://siebelschool.illinois.edu/academics/courses/cs463 + https://chandrasekaran-group.github.io/courses/cs463/home/
[2047/2688] 'CS463G - University of Kentucky' (live): SAVED top 2 -> https://digitaldistillery.as.uky.edu/video/514-am-lecture-1-introduction-multilevel-models + https://www.uky.edu/degreeaudit/crs-desc/CS.pdf
[2048/2688] 'CS509 - University of Kentucky' (live): SAVED top 2 -> https://cs.engr.uky.edu/students-1/undergraduate-students/ai-certificate + https://myuk.uky.edu/zapps/CourseCatalog/Load/Catalog/
[2049/2688] 'CECS121 - University of Louisville' (live): SAVED top 2 -> https://student.louisville.edu/registrar/courses-advising/find-classes-plan-your-coursework + https://education.louisville.edu/academic-programs/teaching-and-learning-dual-credit-pathways/administrator-resources
[2050/2688] 'CECS130 - University of Louisville': no usable link (live)
[2051/2688] 'CECS545 - University of Louisville' (live): SAVED top 2 -> https://web.stanford.edu/class/archive/engr/engr40m.1178/slides.html + https://louisville.edu/about/departments/academic-planning-accountability
[2052/2688] 'CIS150 - University of Louisville': no usable link (live)
[2053/2688] 'CIS199 - University of Louisville' (live): SAVED top 1 -> https://louisville.edu/programs/computer-information-systems-minor
[2054/2688] 'CIS205 - University of Louisville' (live): SAVED top 2 -> https://louisville.edu/programs/computer-information-systems-minor + https://louisville.edu/its/browser-update
[2055/2688] 'CIS444 - University of Louisville': no usable link (live)
[2056/2688] 'CSE545 - University of Louisville': no usable link (live)
[2057/2688] 'COS135 - University of Maine' (live): SAVED top 2 -> https://online.umaine.edu/course-list/ + https://www.maine.edu/students/ums-class-search/
[2058/2688] 'COS475 - University of Maine' (live): SAVED top 2 -> https://online.umaine.edu/course-list/ + https://online.umaine.edu/online-undergraduate-certificate-in-engineering-applications-of-artificial-intelligence/
[2059/2688] 'COS482 - University of Maine' (live): SAVED top 2 -> https://www.maine.edu/students/ums-class-search/ + https://online.umaine.edu/course-list/
[2060/2688] 'COS535 - University of Maine' (live): SAVED top 2 -> https://online.umaine.edu/course-list/ + https://www.maine.edu/students/ums-class-search/
[2061/2688] 'ECE177 - University of Maine' (live): SAVED top 2 -> https://web.eece.maine.edu/~vweaver/classes/ece177_2026s/ + https://web.eece.maine.edu/eason/ece177/syllabus.html
[2062/2688] 'ECE342 - University of Maine' (live): SAVED top 2 -> https://web.eece.maine.edu/~hummels/classes/ece342/docs/ECE_342_Course_Syllabus.pdf + https://courses.grainger.illinois.edu/ece342/sp2024/videos.html
[2063/2688] 'ECE471 - University of Maine' (live): SAVED top 2 -> https://web.eece.maine.edu/~vweaver/classes/ece471_2022f/ + https://web.eece.maine.edu/~vweaver/classes/ece471_2024f/
[2064/2688] 'MKT327 - University of Maine' (live): SAVED top 2 -> https://umaine.edu/business/mba-program-course-offerings-su25/ + https://online.umaine.edu/course-list/
[2065/2688] 'CMOP3010 - University of Manitoba' (live): SAVED top 2 -> https://umanitoba.ca/registration/class-schedule + https://umanitoba.ca/asper/sites/asper/files/2021-04/OPM7170%20G01%20Atamanchuk%20Summer2021%20MBA.pdf
[2066/2688] 'COM3020 - University of Manitoba' (live): SAVED top 2 -> https://umanitoba.ca/science/sites/science/files/2023-08/COMP-3020.pdf + https://umanitoba.ca/registration/class-schedule
[2067/2688] 'COMP1010 - University of Manitoba' (live): SAVED top 2 -> https://umanitoba.ca/science/sites/science/files/2023-08/COMP-1010.pdf + https://umanitoba.ca/science/computer-science/course-offerings
[2068/2688] 'COMP1012 - University of Manitoba' (live): SAVED top 2 -> https://umanitoba.ca/science/sites/science/files/2023-08/COMP-1012.pdf + https://umanitoba.ca/science/computer-science/course-offerings
[2069/2688] 'COMP1020 - University of Manitoba' (live): SAVED top 2 -> https://umanitoba.ca/science/sites/science/files/2023-08/COMP-1020.pdf + https://umanitoba.ca/science/computer-science/course-offerings
[2070/2688] 'COMP1260 - University of Manitoba' (live): SAVED top 2 -> https://umanitoba.ca/science/statistics/course-and-program-changes + https://umanitoba.ca/science/computer-science/course-offerings
[2071/2688] 'COMP1600 - University of Manitoba' (live): SAVED top 2 -> https://umanitoba.ca/science/sites/science/files/2023-08/COMP-1600.pdf + https://umanitoba.ca/science/computer-science/course-offerings
[2072/2688] 'COMP2140 - University of Manitoba' (live): SAVED top 2 -> https://umanitoba.ca/science/sites/science/files/2023-08/COMP-2140.pdf + https://github.com/uofm-cs-guide/UM-CS-guide
[2073/2688] 'COMP2160 - University of Manitoba' (live): SAVED top 2 -> https://umanitoba.ca/science/sites/science/files/2023-08/COMP-2160.pdf + https://github.com/maingockien01/COMP-2160
[2074/2688] 'COMP2280 - University of Manitoba' (live): SAVED top 2 -> https://umanitoba.ca/science/sites/science/files/2023-08/COMP-2280.pdf + https://umanitoba.ca/science/computer-science/course-offerings
[2075/2688] 'COMP2450 - University of Manitoba': no usable link (live)
[2076/2688] 'COMP3010 - University of Manitoba': no usable link (live)
[2077/2688] 'COMP3020 - University of Manitoba' (live): SAVED top 2 -> https://umanitoba.ca/science/sites/science/files/2023-08/COMP-3020.pdf + https://github.com/Devin0xFFFFFF/comp3020-movie-organizer
[2078/2688] 'COMP3040 - University of Manitoba' (live): SAVED top 2 -> https://umanitoba.ca/science/sites/science/files/2023-08/COMP-3040.pdf + https://github.com/KyleLamoureux/COMP3040_A3
[2079/2688] 'COMP3370 - University of Manitoba': no usable link (live)
[2080/2688] 'COMP3380 - University of Manitoba' (live): SAVED top 2 -> https://umanitoba.ca/science/sites/science/files/2023-08/COMP-3380.pdf + https://libguides.lib.umanitoba.ca/c.php?g=298301&amp;p=1988546
[2081/2688] 'COMP3430 - University of Manitoba': no usable link (live)
[2082/2688] 'COMP3490 - University of Manitoba' (live): SAVED top 2 -> https://umanitoba.ca/science/sites/science/files/2023-08/COMP-3490.pdf + https://github.com/tommyvct/COMP3490A1
[2083/2688] 'COMP4050 - University of Manitoba': no usable link (live)
[2084/2688] 'COMP4550 - University of Manitoba' (live): SAVED top 2 -> http://www.sci.umanitoba.ca/cs/wp-content/uploads/sites/3/2019/10/comp4550.pdf + https://programsandcourses.anu.edu.au/course/COMP4550
[2085/2688] 'COMP4620 - University of Manitoba' (live): SAVED top 2 -> https://umanitoba.ca/science/sites/science/files/2023-08/COMP-4620.pdf + https://github.com/wemonster/comp4620-Material
[2086/2688] 'ECE3540 - University of Manitoba': no usable link (live)
[2087/2688] 'ECE3720 - University of Manitoba' (live): SAVED top 2 -> https://umanitoba.ca/engineering/sites/engineering/files/2021-03/ECE_3720_Outline_Fall_2020.pdf + https://umanitoba.ca/engineering/sites/engineering/files/2021-09/ECE%203720%20Course%20Outline.pdf
[2088/2688] 'ECE4290 - University of Manitoba': no usable link (live)
[2089/2688] 'CMSC122 - University of Maryland' (live): SAVED top 2 -> https://www.cs.umd.edu/class/fall2024/cmsc122-0101/schedule.shtml + https://www.cs.umd.edu/class/fall2025/cmsc122-0101/schedule.shtml
[2090/2688] 'CMSC131 - University of Maryland' (live): SAVED top 2 -> https://www.cs.umd.edu/class/summer2024/cmsc131/index.shtml + https://github.com/AndrewLChalfant/CMSC131Site/blob/master/resources.html
[2091/2688] 'CMSC132 - University of Maryland' (live): SAVED top 2 -> https://www.cs.umd.edu/class/spring2025/cmsc132-010X-020X/index.shtml + https://www.cs.umd.edu/class/summer2025/cmsc132/
[2092/2688] 'CMSC216 - University of Maryland': no usable link (live)
[2093/2688] 'CMSC250 - University of Maryland': no usable link (live)
[2094/2688] 'CMSC411 - University of Maryland' (live): SAVED top 2 -> https://www.cs.umd.edu/class/spring2025/cmsc411/ + https://userpages.cs.umbc.edu/lsebald1/cmsc411-sp2025/index.shtml
[2095/2688] 'CSC314 - University of Miami': no usable link (live)
[2096/2688] 'CSC317 - University of Miami': no usable link (live)
[2097/2688] 'CSC322 - University of Miami' (live): SAVED top 2 -> https://www.cs.miami.edu/home/geoff/Courses/CSC322-25F/ + https://www.cs.miami.edu/home/schulz/CSC322.html
[2098/2688] 'CSC545 - University of Miami' (live): SAVED top 2 -> https://www.cs.miami.edu/~geoff/Courses/CSC545-08S/ + https://www.cs.miami.edu/home/geoff/Courses/CSC545-08S/Admin/
[2099/2688] 'ECE118 - University of Miami' (live): SAVED top 2 -> http://rabbit.eng.miami.edu/students/lokesh/SyllabusECE118.html + http://rabbit.eng.miami.edu/class/een118/intro241.html
[2100/2688] 'ECE310 - University of Miami' (live): SAVED top 2 -> https://github.com/matia6170/ece310slides/blob/main/ECE_310_Slides_Spring_2025_Lecture_1_Complete.pdf + https://courses.grainger.illinois.edu/ece310/
[2101/2688] 'ECE318 - University of Miami' (live): SAVED top 2 -> http://rabbit.eng.miami.edu/class/een318/221index.html + https://github.com/nikeemda/UMiami-ECE318/blob/main/README.md
[2102/2688] 'EGN123 - University of Miami': no usable link (live)
[2103/2688] 'MSC203 - University of Miami' (live): SAVED top 2 -> https://lpt.it.miami.edu/resources/students/access-course-materials/ + https://bulletin.miami.edu/courses-az/msc/
[2104/2688] 'CECS103 - University of Missouri' (live): SAVED top 2 -> https://registrar.missouri.edu/registration-classes/current-class-offerings/ + https://canvas.umsystem.edu/index.html
[2105/2688] 'CECS203 - University of Missouri' (live): SAVED top 2 -> https://registrar.missouri.edu/faculty-staff/ + https://canvas.umsystem.edu/index.html
[2106/2688] 'CMPSC1050 - University of Missouri' (live): SAVED top 2 -> https://generaleducation.missouri.edu/course/cmp_sc-1050/ + https://generaleducation.missouri.edu/course/cmp_sc-1050h/
[2107/2688] 'CMPSC3330 - University of Missouri': no usable link (live)
[2108/2688] 'CMPSC4050 - University of Missouri': no usable link (live)
[2109/2688] 'CMPSC4320 - University of Missouri' (live): SAVED top 2 -> https://wjiang.mufaculty.umsystem.edu/courses + https://github.com/XiaoZhangR/CS-4320/blob/master/references/SYLLABUS.md
[2110/2688] 'CS1050 - University of Missouri': no usable link (live)
[2111/2688] 'CS2270 - University of Missouri': no usable link (live)
[2112/2688] 'CS3050 - University of Missouri': no usable link (live)
[2113/2688] 'CS4520 - University of Missouri': no usable link (live)
[2114/2688] 'ECE3210 - University of Missouri': no usable link (live)
[2115/2688] 'CMPT115 - University of Montreal': no usable link (live)
[2116/2688] 'CMPT141 - University of Montreal' (live): SAVED top 1 -> https://www.cs.cmu.edu/~213/schedule.html
[2117/2688] 'CMPT214 - University of Montreal' (live): SAVED top 2 -> https://dms.umontreal.ca/en/programs/courses-and-schedules + https://github.com/scw528/CMPT214
[2118/2688] 'CMPT260 - University of Montreal': no usable link (live)
[2119/2688] 'CMPT270 - University of Montreal': no usable link (live)
[2120/2688] 'CMPT280 - University of Montreal': no usable link (live)
[2121/2688] 'CMPT487 - University of Montreal' (live): SAVED top 2 -> https://dms.umontreal.ca/en/programs/courses-and-schedules + https://diro.umontreal.ca/english/programs/courses-schedule/
[2122/2688] 'COMM213 - University of Montreal': no usable link (live)
[2123/2688] 'CSCE155A - University of Nebraska-Lincoln': no usable link (live)
[2124/2688] 'CSCE155N - University of Nebraska-Lincoln' (live): SAVED top 2 -> https://mbite.unl.edu/sites/unl.edu.engineering.computing.mbite/files/media/file/Syllabus_CSCE_155N_Computer_Science_I_Fall_2023.pdf + https://github.com/rclafferty/GitHub-Demo-155N
[2125/2688] 'CSCE231 - University of Nebraska-Lincoln': no usable link (live)
[2126/2688] 'CSCE235 - University of Nebraska-Lincoln': no usable link (live)
[2127/2688] 'CSCE310 - University of Nebraska-Lincoln': no usable link (live)
[2128/2688] 'CSCE411 - University of Nebraska-Lincoln': no usable link (live)
[2129/2688] 'CSCE423 - University of Nebraska-Lincoln': no usable link (live)
[2130/2688] 'CSCE428 - University of Nebraska-Lincoln': no usable link (live)
[2131/2688] 'CSCE466 - University of Nebraska-Lincoln' (live): SAVED top 2 -> https://cas.unl.edu/course-slide-tool/ + https://github.com/cbourke/ComputerScienceI/blob/master/documents/syllabus.md
[2132/2688] 'CSCE469 - University of Nebraska-Lincoln' (live): SAVED top 2 -> https://cas.unl.edu/course-slide-tool/ + https://github.com/cbourke/ComputerScienceII
[2133/2688] 'CSCE476 - University of Nebraska-Lincoln' (live): SAVED top 2 -> https://cse.unl.edu/~choueiry/F18-476-876/syllabus.html + https://cse.unl.edu/~choueiry/F20-476-876/
[2134/2688] 'CSCE477 - University of Nebraska-Lincoln' (live): SAVED top 2 -> https://cas.unl.edu/course-slide-tool/ + https://digitalcommons.unl.edu/assyllabi/2/
[2135/2688] 'RAIK183H - University of Nebraska-Lincoln': no usable link (live)
[2136/2688] 'CS408 - University of New Hampshire': no usable link (live)
[2137/2688] 'CS518 - University of New Hampshire': no usable link (live)
[2138/2688] 'ECE541 - University of New Hampshire' (live): SAVED top 2 -> https://eceunn.github.io/ece541.html + https://courses.unh.edu/class/202410/10572
[2139/2688] 'ECE548 - University of New Hampshire' (live): SAVED top 2 -> https://heat.csc.uvic.ca/coview/course/2025011/ECE548 + https://engineeringonline.ncsu.edu/wp-content/uploads/sites/280/2025/05/ECE-448_548_592-Syllabus.pdf
[2140/2688] 'ECE617 - University of New Hampshire': no usable link (live)
[2141/2688] 'ECE633 - University of New Hampshire': no usable link (live)
[2142/2688] 'ECE651 - University of New Hampshire': no usable link (live)
[2143/2688] 'CS105L - University of New Mexico': no usable link (live)
[2144/2688] 'CS152L - University of New Mexico' (live): SAVED top 2 -> https://cs.unm.edu/~jhaugh/slide-list-cs152.html + https://cs.unm.edu/~joel/cs152/
[2145/2688] 'CS251L - University of New Mexico': no usable link (live)
[2146/2688] 'CS261 - University of New Mexico' (live): SAVED top 2 -> https://www.cs.unm.edu/~mueen/Teaching/CS261.pdf + https://www.cs.odu.edu/~zeil/cs261/latest/Directory/outline/
[2147/2688] 'CS481 - University of New Mexico': no usable link (live)
[2148/2688] 'ECE131L - University of New Mexico': no usable link (live)
[2149/2688] 'ECE322L - University of New Mexico': no usable link (live)
[2150/2688] 'COMP211 - University of North Carolina at Chapel Hill': no usable link (live)
[2151/2688] 'COMP283 - University of North Carolina at Chapel Hill': no usable link (live)
[2152/2688] 'COMP411 - University of North Carolina at Chapel Hill' (live): SAVED top 1 -> https://www.cs.unc.edu/~porter/courses/comp411/s18/syllabus.html
[2153/2688] 'COMP488 - University of North Carolina at Chapel Hill': no usable link (live)
[2154/2688] 'COMP550 - University of North Carolina at Chapel Hill': no usable link (live)
[2155/2688] 'COMP555 - University of North Carolina at Chapel Hill': no usable link (live)
[2156/2688] 'COMP590 - University of North Carolina at Chapel Hill': no usable link (live)
[2157/2688] 'DATA120 - University of North Carolina at Chapel Hill' (live): SAVED top 2 -> https://datascience.unc.edu/undergraduate-course-offerings/ + https://registrar.unc.edu/catalog/
[2158/2688] 'DATA140 - University of North Carolina at Chapel Hill' (live): SAVED top 2 -> https://github.com/erinlee316/Data-140 + https://github.com/prob140/materials-sp23
[2159/2688] 'INFO2130 - University of North Carolina at Charlotte': no usable link (live)
[2160/2688] 'INFO3130 - University of North Carolina at Charlotte': no usable link (live)
[2161/2688] 'INFO3230 - University of North Carolina at Charlotte': no usable link (live)
[2162/2688] 'INFO3231 - University of North Carolina at Charlotte': no usable link (live)
[2163/2688] 'INFO3233 - University of North Carolina at Charlotte': no usable link (live)
[2164/2688] 'INFO3234 - University of North Carolina at Charlotte': no usable link (live)
[2165/2688] 'INFO3236 - University of North Carolina at Charlotte': no usable link (live)
[2166/2688] 'INFO3237 - University of North Carolina at Charlotte': no usable link (live)
[2167/2688] 'ITCS1212 - University of North Carolina at Charlotte': no usable link (live)
[2168/2688] 'ITCS1213 - University of North Carolina at Charlotte': no usable link (live)
[2169/2688] 'ITCS2214 - University of North Carolina at Charlotte': no usable link (live)
[2170/2688] 'ITCS2600 - University of North Carolina at Charlotte' (live): SAVED top 1 -> https://cci.charlotte.edu/academics/software-and-information-systems/undergraduate-programs/course-listings
[2171/2688] 'ITCS3120 - University of North Carolina at Charlotte': no usable link (live)
[2172/2688] 'ITCS3145 - University of North Carolina at Charlotte' (live): SAVED top 2 -> https://coursetransfer.northcarolina.edu/guide/2025-2026/165 + https://cci.charlotte.edu/academics/software-and-information-systems/undergraduate-programs/course-listings/
[2173/2688] 'ITCS3146 - University of North Carolina at Charlotte' (live): SAVED top 2 -> https://cci.charlotte.edu/academics/computer-science/undergraduate-programs/courses/ + https://online.northcarolina.edu/courses/equivs.php?go=1&q%5Binst%5D=002975&q%5Bo%5D=576&q%5Bo%5D=600
[2174/2688] 'ITCS3160 - University of North Carolina at Charlotte' (live): SAVED top 2 -> https://coursetransfer.northcarolina.edu/guide/2025-2026/165 + https://github.com/Taotlema/ITCS-3160-Final-Project
[2175/2688] 'ITCS3190 - University of North Carolina at Charlotte' (live): SAVED top 2 -> https://coursetransfer.northcarolina.edu/guide/2025-2026/3061 + https://cci.charlotte.edu/academics/software-and-information-systems/undergraduate-programs/course-listings/
[2176/2688] 'ITCS4120 - University of North Carolina at Charlotte' (live): SAVED top 2 -> https://coursetransfer.northcarolina.edu/guide/2025-2026/165 + https://viscenter.charlotte.edu/about/courses/itcs-61208120-computer-graphics/
[2177/2688] 'ITCS4156 - University of North Carolina at Charlotte' (live): SAVED top 2 -> https://coursetransfer.northcarolina.edu/guide/2025-2026/165 + https://cci.charlotte.edu/academics/computer-science/undergraduate-programs/courses-0/
[2178/2688] 'ITCS5356 - University of North Carolina at Charlotte' (live): SAVED top 2 -> https://coursetransfer.northcarolina.edu/guide/2025-2026/165 + https://cci.charlotte.edu/academics/software-and-information-systems/undergraduate-programs/course-listings/
[2179/2688] 'ITCS6114 - University of North Carolina at Charlotte' (live): SAVED top 2 -> https://webpages.charlotte.edu/ras/ITCS6114.html + https://facultygovernance.charlotte.edu/wp-content/uploads/sites/1223/2024/03/computersciencemsprogramrevision.pdf
[2180/2688] 'ITIS2300 - University of North Carolina at Charlotte' (live): SAVED top 2 -> https://www.uwstout.edu/sites/default/files/cv/2025-02/TylerThomasCV2025.pdf + https://cci.charlotte.edu/node/283/
[2181/2688] 'ITIS3135 - University of North Carolina at Charlotte' (live): SAVED top 2 -> https://webpages.charlotte.edu/cmart216/itis3135/introduction.html + https://cci.charlotte.edu/academics/software-and-information-systems/undergraduate-programs/course-listings/
[2182/2688] 'ITIS4166 - University of North Carolina at Charlotte' (live): SAVED top 2 -> https://facultygovernance.charlotte.edu/request-change-prerequisite-itis-4166/ + https://www.uwstout.edu/sites/default/files/cv/2025-02/TylerThomasCV2025.pdf
[2183/2688] 'ITIS4350 - University of North Carolina at Charlotte' (live): SAVED top 2 -> https://cci.charlotte.edu/academics/software-and-information-systems/undergraduate-programs/course-listings/ + https://online.northcarolina.edu/courses/equivs.php?go=1&q%5Binst%5D=002975&q%5Bo%5D=552&q%5Bo%5D=576
[2184/2688] 'ITIS5166 - University of North Carolina at Charlotte' (live): SAVED top 2 -> https://webpages.charlotte.edu/davils/itis5166/itis5166.html + https://coursetransfer.northcarolina.edu/guide/2025-2026/165
[2185/2688] 'ITSC1212 - University of North Carolina at Charlotte' (live): SAVED top 2 -> https://coursetransfer.northcarolina.edu/guide/2025-2026/165 + https://github.com/Himeth09/ITSC-1212
[2186/2688] 'ITSC1213 - University of North Carolina at Charlotte' (live): SAVED top 2 -> https://coursetransfer.northcarolina.edu/guide/2025-2026/165 + https://cci.charlotte.edu/academics/software-and-information-systems/undergraduate-programs/course-listings/
[2187/2688] 'ITSC1600 - University of North Carolina at Charlotte' (live): SAVED top 2 -> https://coursetransfer.northcarolina.edu/guide/2025-2026/165 + https://cci.charlotte.edu/academics/software-and-information-systems/undergraduate-programs/course-listings/
[2188/2688] 'ITSC2181 - University of North Carolina at Charlotte' (live): SAVED top 2 -> https://passlab.github.io/yanyh/teach/ITSC2181_2024SpringSyllabus.pdf + https://coursetransfer.northcarolina.edu/guide/2025-2026/168
[2189/2688] 'ITSC2214 - University of North Carolina at Charlotte' (live): SAVED top 2 -> https://coursetransfer.northcarolina.edu/guide/2025-2026/168 + https://cci.charlotte.edu/academics/software-and-information-systems/undergraduate-programs/course-listings/
[2190/2688] 'ITSC2600 - University of North Carolina at Charlotte' (live): SAVED top 2 -> https://teaching.charlotte.edu/dlfpresentations/ + https://coursetransfer.northcarolina.edu/guide/2025-2026/168
[2191/2688] 'ITSC3155 - University of North Carolina at Charlotte' (live): SAVED top 2 -> https://coursetransfer.northcarolina.edu/guide/2025-2026/165 + https://cci.charlotte.edu/academics/software-and-information-systems/undergraduate-programs/course-listings/
[2192/2688] 'ITSC3181 - University of North Carolina at Charlotte': no usable link (live)
[2193/2688] 'CSCE1030 - University of North Texas' (live): SAVED top 1 -> https://cics.unt.edu/education/courses.html
[2194/2688] 'CSCE1040 - University of North Texas' (live): SAVED top 2 -> https://cics.unt.edu/education/courses.html + https://training.unt.edu/unt-bridge-author-quick-reference.html
[2195/2688] 'CSCE2100 - University of North Texas' (live): SAVED top 1 -> https://cics.unt.edu/education/courses.html
[2196/2688] 'CSCE2610 - University of North Texas' (live): SAVED top 2 -> https://cics.unt.edu/education/courses.html + https://olli.unt.edu/teach-video-powerpoint.html
[2197/2688] 'CSCE3110 - University of North Texas': no usable link (live)
[2198/2688] 'CSCE3444 - University of North Texas': no usable link (live)
[2199/2688] 'CSCE3530 - University of North Texas' (live): SAVED top 1 -> https://cics.unt.edu/education/courses.html
[2200/2688] 'CSCE3600 - University of North Texas' (live): SAVED top 2 -> https://cics.unt.edu/education/courses.html + https://digitalstrategy.unt.edu/clear/teaching-resources/unt-syllabus-template.html
[2201/2688] 'CSCE4010 - University of North Texas': no usable link (live)
[2202/2688] 'CSCE4110 - University of North Texas' (live): SAVED top 2 -> https://registrar.unt.edu/registration/schedule-of-classes.html + https://class.unt.edu/english/first-year-writing/course-descriptions.html
[2203/2688] 'CSCE4350 - University of North Texas' (live): SAVED top 1 -> https://cics.unt.edu/education/courses.html
[2204/2688] 'CSCE4444 - University of North Texas' (live): SAVED top 2 -> https://registrar.unt.edu/registration/schedule-of-classes.html + https://www.untdallas.edu/registrar/documents/2021-2022_undergraduate_catalog_livepdf.pdf
[2205/2688] 'CSCE4600 - University of North Texas' (live): SAVED top 2 -> https://ccas.unt.edu/education/courses.html + https://engineering.unt.edu/cse/index.html
[2206/2688] 'CSCE4901 - University of North Texas' (live): SAVED top 1 -> https://cics.unt.edu/education/courses.html
[2207/2688] 'CSCE5150 - University of North Texas' (live): SAVED top 2 -> https://registrar.unt.edu/registration/schedule-of-classes.html + https://cics.unt.edu/education/courses.html
[2208/2688] 'CSCE5210 - University of North Texas' (live): SAVED top 1 -> https://engineering.unt.edu/cse/graduate/non-degree.html
[2209/2688] 'CSCE5215 - University of North Texas' (live): SAVED top 2 -> https://www.cs.uic.edu/~cornelia/5215-ML-Fall16.pdf + https://engineering.unt.edu/cse/graduate/non-degree.html
[2210/2688] 'CSCE5290 - University of North Texas' (live): SAVED top 2 -> https://registrar.unt.edu/registration/schedule-of-classes.html + https://digitalstrategy.unt.edu/clear/teaching-resources/unt-syllabus-template.html
[2211/2688] 'CSCE5300 - University of North Texas' (live): SAVED top 1 -> https://engineering.unt.edu/cse/graduate/non-degree.html
[2212/2688] 'CSCE5933 - University of North Texas' (live): SAVED top 2 -> https://registrar.unt.edu/registration/schedule-of-classes.html + https://www.untdallas.edu/provost/academic-affairs/recommended-course-sequence-degree-plans.php
[2213/2688] 'DSCI4330 - University of North Texas' (live): SAVED top 2 -> https://registrar.unt.edu/registration/schedule-of-classes.html + https://www.untdallas.edu/provost/academic-affairs/recommended-course-sequence-degree-plans.php
[2214/2688] 'DSCI5330 - University of North Texas' (live): SAVED top 1 -> https://datascience.unt.edu/programs/msds/degree-structure.html
[2215/2688] 'CSE10101 - University of Notre Dame' (live): SAVED top 2 -> https://registrar.nd.edu/courses-classrooms/class-search/ + https://altech.nd.edu/programs/data-science-minor/requirements/
[2216/2688] 'CSE20221 - University of Notre Dame' (live): SAVED top 2 -> https://registrar.nd.edu/courses-classrooms/class-search/ + https://cse.nd.edu/undergraduate/computer-science-curriculum/
[2217/2688] 'CS2813 - University of Oklahoma' (live): SAVED top 2 -> https://www.ou.edu/content/dam/coe/cs/course-syllabi/spring-2026/CS_2813_Liu_Sp26.pdf + https://www.ou.edu/content/dam/coe/docs/cs/syllabi/2024-2025/CS_2813_Khanmohammadi_Fa24.pdf
[2218/2688] 'CS3323 - University of Oklahoma' (live): SAVED top 2 -> https://www.ou.edu/content/dam/coe/cs/course-syllabi/spring-2026/CS_3323_Mackay_Sp26.pdf + https://www.ou.edu/content/dam/coe/docs/cs/syllabi/2024-2025/CS_3323_Demirel_Fa24.pdf
[2219/2688] 'CS4413 - University of Oklahoma' (live): SAVED top 2 -> https://www.ou.edu/content/dam/coe/cs/course-syllabi/spring-2026/CS_4413_Cheng_Sp26.pdf + https://ou.edu/content/dam/coe/docs/cs/syllabi/2024-2025/CS_4413_Grimley_Fa24.pdf
[2220/2688] 'CS4473 - University of Oklahoma' (live): SAVED top 2 -> https://www.ou.edu/content/dam/coe/docs/cs/syllabi/2022/spring-course-syllabus-2022/syllabus_CS4473_CS5473_2022.pdf + https://www.ou.edu/content/dam/coe/docs/cs/syllabi/2023/fall-course-syllabus-2023/CS4473-5473%20Syllabus%20Fall%2023%20Veras.pdf
[2221/2688] 'ECE2214 - University of Oklahoma': no usable link (live)
[2222/2688] 'ECE2723 - University of Oklahoma' (live): SAVED top 2 -> https://www.ou.edu/registrar/enrollment-services/course-information/catalog + https://www.ou.edu/coe/cs/resources/course-syllabi
[2223/2688] 'MIS3013 - University of Oklahoma' (live): SAVED top 2 -> https://classnav.ou.edu/ + https://ou.edu/content/dam/price/MIS/files/MIS%20Course-Descriptions-June-2016.pdf
[2224/2688] 'MIS3553 - University of Oklahoma': no usable link (live)
[2225/2688] 'CIS122 - University of Oregon' (live): SAVED top 2 -> https://duckweb.uoregon.edu/duckweb/hwskdhnt.p_viewdetl?term=201203&crn=32336 + https://scds.uoregon.edu/cs-year-one-winter-start
[2226/2688] 'DSC335 - University of Oregon' (live): SAVED top 2 -> https://designfacstaff.uoregon.edu/communications/resources-for-unit-communicators/digital-displays/ + https://scds.uoregon.edu/ds/undergraduate-program/courses
[2227/2688] 'DSC340 - University of Oregon' (live): SAVED top 2 -> https://pages.uoregon.edu/erencil/papers/DSC%20340%20Syllabus.pdf + https://news.uoregon.edu/content/uo-prepares-new-digital-accessibility-standards
[2228/2688] 'DSC444 - University of Oregon' (live): SAVED top 2 -> https://duckweb.uoregon.edu/duckweb/hwskdhnt.p_search?term=202502 + https://bizweb.uoregon.edu/faculty-staff/curriculum/ptemplates
[2229/2688] 'CSI2111 - University of Ottawa' (live): SAVED top 2 -> https://www.site.uottawa.ca/~anayak/CSI2111F05/coursenotes.html + https://www.site.uottawa.ca/~anayak/CSI2111F05/csi2111.html
[2230/2688] 'CSI2372 - University of Ottawa': no usable link (live)
[2231/2688] 'CSI3131 - University of Ottawa' (live): SAVED top 2 -> https://www.site.uottawa.ca/~nat/Courses/csi3131/ + https://catalogue.uottawa.ca/en/courses/csi/
[2232/2688] 'CSI4106 - University of Ottawa' (live): SAVED top 2 -> https://www.site.uottawa.ca/~nat/Courses/csi4106_2008/csi4106_2008.htm + https://catalogue.uottawa.ca/en/courses/csi/
[2233/2688] 'CSI4118 - University of Ottawa' (live): SAVED top 2 -> https://www.site.uottawa.ca/~bob/csi4118/notes.html + https://www.site.uottawa.ca/~bob/csi4118/syllabus.html
[2234/2688] 'CSI5134 - University of Ottawa' (live): SAVED top 2 -> https://catalogue.uottawa.ca/en/courses/csi/ + https://catalogue.uottawa.ca/en/courses/csi/csi.pdf
[2235/2688] 'CSI5148 - University of Ottawa' (live): SAVED top 2 -> https://catalogue.uottawa.ca/en/courses/csi/ + https://catalogue.uottawa.ca/en/courses/
[2236/2688] 'CSI5161 - University of Ottawa' (live): SAVED top 2 -> https://catalogue.uottawa.ca/en/courses/csi/ + https://www.uottawa.ca/study/course-timetable
[2237/2688] 'DTI5125 - University of Ottawa' (live): SAVED top 2 -> https://catalogue.uottawa.ca/en/courses/dti/ + https://catalogue.uottawa.ca/en/graduate/master-digital-transformation-innovation/master-digital-transformation-innovation.pdf
[2238/2688] 'EBC5125 - University of Ottawa' (live): SAVED top 2 -> https://catalogue.uottawa.ca/en/courses/ + https://telfer.uottawa.ca/assets/bcom/documents/sequences/2023/ENG_AST_2023.pdf
[2239/2688] 'GNG5125 - University of Ottawa' (live): SAVED top 2 -> https://www.ottawa.edu/professional-and-online/academics/course-schedule + https://catalogue.uottawa.ca/en/courses/gng/
[2240/2688] 'ITI1120 - University of Ottawa' (live): SAVED top 2 -> https://www.site.uottawa.ca/~diana/iti1120/ + https://www.site.uottawa.ca/~afelty/courses/iti1120.html
[2241/2688] 'SEG3101 - University of Ottawa' (live): SAVED top 2 -> https://www.site.uottawa.ca/~bochmann/SEG3101/Notes/index.html + https://www.site.uottawa.ca/~bochmann/SEG3101/index.html
[2242/2688] 'SEG3125 - University of Ottawa' (live): SAVED top 2 -> https://github.com/uOttawa-Collabs/SEG3125-Summer-2022-Project-1 + https://catalogue.uottawa.ca/en/courses/seg/
[2243/2688] 'SEG3525 - University of Ottawa' (live): SAVED top 2 -> https://catalogue.uottawa.ca/en/courses/seg/ + https://www.uottawa.ca/faculty-engineering/undergraduate-studies/programs/software-engineering/course-sequence
[2244/2688] 'CIS160 - University of Pennsylvania' (live): SAVED top 2 -> https://www.cis.upenn.edu/~jean/cis160home10.html + https://www.cis.upenn.edu/~jean/cis16009home.html
[2245/2688] 'CIS502 - University of Pennsylvania' (live): SAVED top 2 -> https://github.com/nachonavarro/cis502-notes + https://cis-522.github.io/website/
[2246/2688] 'CIT592 - University of Pennsylvania' (live): SAVED top 2 -> https://www.cis.upenn.edu/~bhusnur4/cit592_fall2014/schedule.html + https://github.com/cit-5920
[2247/2688] 'MCIT592 - University of Pennsylvania' (live): SAVED top 2 -> https://github.com/cit-5920 + https://online.seas.upenn.edu/courses/cit-592-mathematical-foundations-of-computer-science/
[2248/2688] 'CS0007 - University of Pittsburgh' (live): SAVED top 1 -> https://www.chs.pitt.edu/sites/default/files/Course-Outlines/CS%200007%20Introduction%20to%20Computer%20Programming%20%28Java%29%2C%2024-25.pdf
[2249/2688] 'CS0441 - University of Pittsburgh' (live): SAVED top 2 -> https://people.cs.pitt.edu/~xiangxiao/cs0441/index.htm + https://courses.sci.pitt.edu/courses/view/CS-441
[2250/2688] 'CS0445 - University of Pittsburgh' (live): SAVED top 1 -> https://courses.sci.pitt.edu/courses/view/CS-445
[2251/2688] 'CS0447 - University of Pittsburgh' (live): SAVED top 2 -> https://people.cs.pitt.edu/~jmisurda/teaching/cs0447-2134-index.htm + https://courses.sci.pitt.edu/courses/view/CS-447
[2252/2688] 'CS0449 - University of Pittsburgh' (live): SAVED top 2 -> https://people.cs.pitt.edu/~jacklange/teaching/cs449-s15/ + https://courses.sci.pitt.edu/courses/view/CS-449
[2253/2688] 'CS0590 - University of Pittsburgh' (live): SAVED top 1 -> https://courses.sci.pitt.edu/courses/view/CS-590
[2254/2688] 'CS1501 - University of Pittsburgh' (live): SAVED top 1 -> https://courses.sci.pitt.edu/courses/view/CS-1501
[2255/2688] 'CS1502 - University of Pittsburgh' (live): SAVED top 1 -> https://people.cs.pitt.edu/~wiebe/courses/CS1502/lectures/
[2256/2688] 'CS1510 - University of Pittsburgh' (live): SAVED top 2 -> https://courses.sci.pitt.edu/courses/view/CS-1510 + https://github.com/BK874/CS1510
[2257/2688] 'CS1550 - University of Pittsburgh': no usable link (live)
[2258/2688] 'CS1555 - University of Pittsburgh' (live): SAVED top 2 -> https://courses.sci.pitt.edu/courses/view/CS-1555 + https://github.com/DMThompson617/pittSocial/blob/main/cs1555_PPt1.docx
[2259/2688] 'CS1566 - University of Pittsburgh': no usable link (live)
[2260/2688] 'CS1653 - University of Pittsburgh' (live): SAVED top 2 -> https://people.cs.pitt.edu/~skhattab/cs1653/index-2197.html + https://courses.sci.pitt.edu/courses/view/CS-1653
[2261/2688] 'CS1656 - University of Pittsburgh' (live): SAVED top 2 -> https://courses.sci.pitt.edu/courses/view/CS-1656 + https://github.com/arhatpradhan/CS1656
[2262/2688] 'CS1657 - University of Pittsburgh': no usable link (live)
[2263/2688] 'CS1666 - University of Pittsburgh': no usable link (live)
[2264/2688] 'CS1699 - University of Pittsburgh' (live): SAVED top 2 -> https://people.cs.pitt.edu/~kovashka/cs1699_fa15/vision_02_matlab_hw1.pptx + https://ryanzshi.github.io/f24-cs1699.html
[2265/2688] 'CS441 - University of Pittsburgh' (live): SAVED top 2 -> https://nineil.github.io/courses/fall24_cs441/ + https://nineil.github.io/courses/fall25_cs441/
[2266/2688] 'CS449 - University of Pittsburgh' (live): SAVED top 2 -> https://cs0449.gitlab.io/fa2025/slides/01_CS449_Introduction.pdf + https://courses.sci.pitt.edu/courses/view/CS-449
[2267/2688] 'ECE0201 - University of Pittsburgh': no usable link (live)
[2268/2688] 'ECE1247 - University of Pittsburgh': no usable link (live)
[2269/2688] 'CSC104 - University of Rhode Island': no usable link (live)
[2270/2688] 'CSC301 - University of Rhode Island': no usable link (live)
[2271/2688] 'CSC310 - University of Rhode Island' (live): SAVED top 2 -> https://homepage.cs.uri.edu/faculty/hamel/courses/2018/spring2018/csc310/lecture-notes/ + https://homepage.cs.uri.edu/faculty/hamel/courses/home/csc310/
[2272/2688] 'CSC481 - University of Rhode Island': no usable link (live)
[2273/2688] 'CSCE101 - University of South Carolina': no usable link (live)
[2274/2688] 'CSCE102 - University of South Carolina': no usable link (live)
[2275/2688] 'CSCE145 - University of South Carolina' (live): SAVED top 2 -> https://cse.sc.edu/~shephejj/csce145/LectureSlides/00CourseInformation145.pdf + https://github.com/noahshaw11/CSCE-145-Algorithmic-Design-I
[2276/2688] 'CSCE190 - University of South Carolina': no usable link (live)
[2277/2688] 'CSCE215 - University of South Carolina' (live): SAVED top 2 -> https://www.cse.sc.edu/class/215 + http://bulletin.usclancaster.sc.edu/preview_course_nopop.php?catoid=89&amp;coid=111764
[2278/2688] 'CSCE240 - University of South Carolina': no usable link (live)
[2279/2688] 'CSCE242 - University of South Carolina': no usable link (live)
[2280/2688] 'CSCE247 - University of South Carolina' (live): SAVED top 2 -> https://github.com/ellieebarry/CSCE247 + https://github.com/NervousGentleman/CSCE-247-Final-Project
[2281/2688] 'CSCE311 - University of South Carolina': no usable link (live)
[2282/2688] 'CSCE330 - University of South Carolina': no usable link (live)
[2283/2688] 'CSCE350 - University of South Carolina' (live): SAVED top 2 -> https://cse.sc.edu/~mgv/csce350sp05/index.html + https://www.cse.sc.edu/class/350
[2284/2688] 'CSCE390 - University of South Carolina' (live): SAVED top 2 -> https://www.cse.sc.edu/~mgv/csce390f23/index.html + https://www.cse.sc.edu/~mgv/csce390f21/index.html
[2285/2688] 'CSCE416 - University of South Carolina' (live): SAVED top 1 -> https://cse.sc.edu/~sur/csce416_f20/index.html
[2286/2688] 'CSCE547 - University of South Carolina': no usable link (live)
[2287/2688] 'CSCE790 - University of South Carolina' (live): SAVED top 2 -> https://cse.sc.edu/~sur/csce790_s21/index.html + https://cse.sc.edu/~mgv/csce790sp19/index.html
[2288/2688] 'ITEC233 - University of South Carolina': no usable link (live)
[2289/2688] 'ITEC447 - University of South Carolina': no usable link (live)
[2290/2688] 'CS103L - University of Southern California': no usable link (live)
[2291/2688] 'CS104 - University of Southern California' (live): SAVED top 2 -> https://ee.usc.edu/~redekopp/cs104/slides/L01_Overview.pdf + https://bytes.usc.edu/cs104/
[2292/2688] 'CS356 - University of Southern California': no usable link (live)
[2293/2688] 'CS475 - University of Southern California': no usable link (live)
[2294/2688] 'CS561 - University of Southern California': no usable link (live)
[2295/2688] 'CSC1570 - University of Southern California' (live): SAVED top 2 -> https://www.cs.usc.edu/academic-programs/courses/ + https://catalogue.usc.edu/preview_course_nopop.php?catoid=18&amp;coid=283469
[2296/2688] 'CSCI102 - University of Southern California': no usable link (live)
[2297/2688] 'CSCI103 - University of Southern California': no usable link (live)
[2298/2688] 'CSCI103L - University of Southern California': no usable link (live)
[2299/2688] 'CSCI109 - University of Southern California': no usable link (live)
[2300/2688] 'CSCI170 - University of Southern California': no usable link (live)
[2301/2688] 'CSCI201L - University of Southern California': no usable link (live)
[2302/2688] 'CSCI271 - University of Southern California': no usable link (live)
[2303/2688] 'CSCI350 - University of Southern California' (live): SAVED top 2 -> https://michaellevet.github.io/S25/CSCI350/Syllabus.pdf + https://michaellevet.github.io/S26/CSCI350/Syllabus_Companion.pdf
[2304/2688] 'CSCI356 - University of Southern California': no usable link (live)
[2305/2688] 'CSCI360 - University of Southern California': no usable link (live)
[2306/2688] 'CSCI467 - University of Southern California' (live): SAVED top 2 -> https://usc-csci467.github.io/spring2024/ + https://usc-csci467.github.io/
[2307/2688] 'CSCI499 - University of Southern California': no usable link (live)
[2308/2688] 'CSCI545 - University of Southern California' (live): SAVED top 2 -> https://robotics.usc.edu/~gaurav/csci545.html + https://github.com/USC-Fall-2025-CSCI-545
[2309/2688] 'CSCI561 - University of Southern California': no usable link (live)
[2310/2688] 'CSCI566 - University of Southern California': no usable link (live)
[2311/2688] 'CSCI567 - University of Southern California' (live): SAVED top 2 -> https://usc-tamagotchi.github.io/csci-567/24f/slides/lec10%20f24.pdf + https://usc-tamagotchi.github.io/csci-567/24f/slides/lec1%20f24.pdf
[2312/2688] 'CSCI575 - University of Southern California': no usable link (live)
[2313/2688] 'CSCI585 - University of Southern California' (live): SAVED top 2 -> https://github.com/ruch0401/CSCI585-DB + https://github.com/CyL97/CSCI-585
[2314/2688] 'CSCI670 - University of Southern California' (live): SAVED top 2 -> https://github.com/tmlabonte/usc-csci-670-advanced-algos-notes + https://viterbi-web.usc.edu/~shanghua/teaching/Fall2025-670/index.html
[2315/2688] 'DSCI351 - University of Southern California' (live): SAVED top 2 -> https://catalogue.usc.edu/preview_course_nopop.php?catoid=14&amp;coid=222309 + https://catalogue.usc.edu/preview_course_nopop.php?catoid=20&amp;coid=321621
[2316/2688] 'DSCI510 - University of Southern California': no usable link (live)
[2317/2688] 'DSCI551 - University of Southern California' (live): SAVED top 2 -> https://github.com/yuyingzi/USC-DSCI_551 + https://kellyzhengusc.github.io/teaching/25fall/
[2318/2688] 'DSCI553 - University of Southern California' (live): SAVED top 2 -> https://github.com/HaoyueXU99/USC-DSCI-553-Fall23/tree/main/Slides + https://github.com/HaoyueXU99/USC-DSCI-553-Fall23/tree/main/Slides/Week%2012
[2319/2688] 'INF551 - University of Southern California' (live): SAVED top 2 -> https://github.com/crystalhaohua0408/USC-INF551-Foundations-of-data-management + https://github.com/jaredhirsch/INF551
[2320/2688] 'CPSC1110 - University of Tennessee' (live): SAVED top 2 -> https://www.utc.edu/sites/default/files/2021-04/1110-syllabus.pdf + https://foodscience.tennessee.edu/better-process-control-school-course/
[2321/2688] 'CPSC2100 - University of Tennessee': no usable link (live)
[2322/2688] 'CPSC4130 - University of Tennessee': no usable link (live)
[2323/2688] 'DATA3600 - University of Tennessee': no usable link (live)
[2324/2688] 'CS104C - University of Texas at Austin' (live): SAVED top 2 -> https://www.cs.utexas.edu/~downing/cs104c/ + https://www.cs.utexas.edu/~downing/cs104c/index.html
[2325/2688] 'CS303E - University of Texas at Austin' (live): SAVED top 2 -> https://www.cs.utexas.edu/~scottm/cs303e/handouts/slides_su_2021/00slide.pdf + https://www.cs.utexas.edu/~scottm/cs303e/handouts/slides_su_2021/cs303e_all_slides.pdf
[2326/2688] 'CS311H - University of Texas at Austin': no usable link (live)
[2327/2688] 'CS312 - University of Texas at Austin': no usable link (live)
[2328/2688] 'CS313E - University of Texas at Austin' (live): SAVED top 2 -> https://cs313e-utaustin.github.io/study-guide/index.html + https://github.com/cs313e-utaustin/study-guide
[2329/2688] 'CS314 - University of Texas at Austin': no usable link (live)
[2330/2688] 'CS349 - University of Texas at Austin': no usable link (live)
[2331/2688] 'CS376 - University of Texas at Austin': no usable link (live)
[2332/2688] 'CS439 - University of Texas at Austin' (live): SAVED top 2 -> https://www.cs.utexas.edu/~ans/classes/cs439/index.html + https://github.com/kevin-nguyen-cs/CS439-pcs
[2333/2688] 'ATCM3308 - University of Texas at Dallas': no usable link (live)
[2334/2688] 'ATCM3311 - University of Texas at Dallas' (live): SAVED top 2 -> https://coursebook.utdallas.edu/ + https://uca.edu/registrar/files/tceg/Univ%20of%20Texas%20at%20Dallas.html
[2335/2688] 'CE1337 - University of Texas at Dallas': no usable link (live)
[2336/2688] 'CE4390 - University of Texas at Dallas' (live): SAVED top 2 -> https://coursebook.utdallas.edu/ce4390.001.18s + https://dox.utdallas.edu/syl153606
[2337/2688] 'CS1324 - University of Texas at Dallas' (live): SAVED top 2 -> https://coursebook.utdallas.edu/cs1324.001.19s + https://dox.utdallas.edu/syl63354
[2338/2688] 'CS1325 - University of Texas at Dallas': no usable link (live)
[2339/2688] 'CS1334 - University of Texas at Dallas': no usable link (live)
[2340/2688] 'CS1335 - University of Texas at Dallas' (live): SAVED top 2 -> https://dox.utdallas.edu/syl49900 + https://dox.utdallas.edu/syl49862
[2341/2688] 'CS1336 - University of Texas at Dallas' (live): SAVED top 2 -> https://github.com/iammaxlichter/CS1336-UTD + https://dox.utdallas.edu/syl116570
[2342/2688] 'CS1436 - University of Texas at Dallas': no usable link (live)
[2343/2688] 'CS2336 - University of Texas at Dallas' (live): SAVED top 2 -> https://coursebook.utdallas.edu/cs/2336/ + https://github.com/iammaxlichter/CS2336-UTD
[2344/2688] 'CS3162 - University of Texas at Dallas': no usable link (live)
[2345/2688] 'CS3340 - University of Texas at Dallas': no usable link (live)
[2346/2688] 'CS3341 - University of Texas at Dallas' (live): SAVED top 2 -> https://coursebook.utdallas.edu/cs3341.001.19s + https://dox.utdallas.edu/syl135141
[2347/2688] 'CS3345 - University of Texas at Dallas': no usable link (live)
[2348/2688] 'CS3376 - University of Texas at Dallas' (live): SAVED top 2 -> https://github.com/LB--/UTD-CS3376.502 + https://github.com/kennykthoang/UTD-CS-Assignments
[2349/2688] 'CS3377 - University of Texas at Dallas' (live): SAVED top 2 -> https://coursebook.utdallas.edu/cs3377.0w1.17f + https://github.com/Kevin-Roa/cs3377-c-in-unix-env/
[2350/2688] 'CS4301 - University of Texas at Dallas' (live): SAVED top 2 -> https://personal.utdallas.edu/~nrr150130/cs4301/2020fa/lects/Lecture_1_Gradients_and_More.pptx + https://personal.utdallas.edu/~hamlen/cs4301sp24.html
[2351/2688] 'CS4341 - University of Texas at Dallas' (live): SAVED top 2 -> https://dox.utdallas.edu/syl60220 + https://dox.utdallas.edu/syl133831
[2352/2688] 'CS4348 - University of Texas at Dallas' (live): SAVED top 2 -> https://github.com/iammaxlichter/CS4348-UTD + https://dox.utdallas.edu/syl127278
[2353/2688] 'CS4349 - University of Texas at Dallas' (live): SAVED top 2 -> https://www.utdallas.edu/~daescu/cs4349spr10.html + https://dox.utdallas.edu/syl158406
[2354/2688] 'CS4384 - University of Texas at Dallas' (live): SAVED top 2 -> https://personal.utdallas.edu/~pervin/cs4384.html + https://github.com/manishagupta15/Masters-CS-UT-Dallas
[2355/2688] 'CS4386 - University of Texas at Dallas' (live): SAVED top 2 -> https://coursebook.utdallas.edu/ + https://udallas.edu/academics/programs/computer-science/courses.php
[2356/2688] 'CS4389 - University of Texas at Dallas' (live): SAVED top 2 -> https://dox.utdallas.edu/syl145521 + https://github.com/manishagupta15/Masters-CS-UT-Dallas
[2357/2688] 'CS4393 - University of Texas at Dallas' (live): SAVED top 2 -> https://udallas.edu/academics/programs/cybersecurity/cyber-security-courses.php + https://github.com/manishagupta15/Masters-CS-UT-Dallas
[2358/2688] 'CS5330 - University of Texas at Dallas' (live): SAVED top 1 -> https://github.com/manishagupta15/Masters-CS-UT-Dallas
[2359/2688] 'CS5343 - University of Texas at Dallas' (live): SAVED top 2 -> https://www.utdallas.edu/~daescu/MN-CS5343Syllabus.doc.html + https://dox.utdallas.edu/syl56603
[2360/2688] 'CS5348 - University of Texas at Dallas' (live): SAVED top 2 -> https://dox.utdallas.edu/syl19001 + https://dox.utdallas.edu/syl62668
[2361/2688] 'CS6301 - University of Texas at Dallas' (live): SAVED top 2 -> https://labs.utdallas.edu/irvl/courses/cs6301_fall22/ + https://labs.utdallas.edu/irvl/courses/fall-2024-cs-6301/
[2362/2688] 'CS6301UID - University of Texas at Dallas' (live): SAVED top 2 -> https://labs.utdallas.edu/irvl/courses/cs6301_fall22/ + https://labs.utdallas.edu/irvl/courses/fall-2024-cs-6301/
[2363/2688] 'CS6304 - University of Texas at Dallas': no usable link (live)
[2364/2688] 'CS6313 - University of Texas at Dallas' (live): SAVED top 2 -> https://github.com/manishagupta15/Masters-CS-UT-Dallas + https://github.com/tanussingh/Statistics-for-Data-Science
[2365/2688] 'CS6326 - University of Texas at Dallas' (live): SAVED top 2 -> https://dox.utdallas.edu/syl114642 + https://udallas.edu/offices-services/registrar/course-catalog.php
[2366/2688] 'CS6332 - University of Texas at Dallas' (live): SAVED top 1 -> https://github.com/manishagupta15/Masters-CS-UT-Dallas
[2367/2688] 'CS6343 - University of Texas at Dallas' (live): SAVED top 2 -> https://dox.utdallas.edu/syl63714 + https://dox.utdallas.edu/syl53871
[2368/2688] 'CS6360 - University of Texas at Dallas' (live): SAVED top 2 -> https://utdallas.edu/~muratk/courses/db08.htm + https://github.com/manishagupta15/Masters-CS-UT-Dallas
[2369/2688] 'CS6364 - University of Texas at Dallas': no usable link (live)
[2370/2688] 'CS6375 - University of Texas at Dallas' (live): SAVED top 2 -> https://www.utdallas.edu/~nicholas.ruozzi/cs6375/2022sp/ + https://www.utdallas.edu/~nicholas.ruozzi/cs6375/2026sp/
[2371/2688] 'CS6378 - University of Texas at Dallas' (live): SAVED top 1 -> https://github.com/manishagupta15/Masters-CS-UT-Dallas
[2372/2688] 'CS6390 - University of Texas at Dallas' (live): SAVED top 2 -> https://k12.utdallas.edu/resources/ + https://github.com/manishagupta15/Masters-CS-UT-Dallas
[2373/2688] 'ECS2305 - University of Texas at Dallas' (live): SAVED top 2 -> https://dox.utdallas.edu/syl33372 + https://www.csueastbay.edu/directory/profiles/vitae/cs/2021-cv-jiaofeizhong-web1.pdf
[2374/2688] 'ECS2336 - University of Texas at Dallas' (live): SAVED top 1 -> https://coursebook.utdallas.edu/
[2375/2688] 'HONS3108 - University of Texas at Dallas' (live): SAVED top 2 -> https://coursebook.utdallas.edu/ + https://dox.utdallas.edu/syl165821
[2376/2688] 'ITSS3312 - University of Texas at Dallas' (live): SAVED top 1 -> https://dox.utdallas.edu/syl159044
[2377/2688] 'SE2340 - University of Texas at Dallas' (live): SAVED top 1 -> https://udallas.edu/offices-services/registrar/course-catalog.php
[2378/2688] 'SE3340 - University of Texas at Dallas' (live): SAVED top 1 -> https://coursebook.utdallas.edu/
[2379/2688] 'SE3341 - University of Texas at Dallas' (live): SAVED top 1 -> https://udallas.edu/academics/programs/mathematics/courses.php
[2380/2688] 'SE3354 - University of Texas at Dallas': no usable link (live)
[2381/2688] 'CO1083 - University of Texas at San Antonio' (live): SAVED top 1 -> https://pharmacy.tamu.edu/pharmd/course-equivalencies/University-of-Texas-at-San-Antonio_22.pdf
[2382/2688] 'CS1083 - University of Texas at San Antonio' (live): SAVED top 1 -> https://www.cs.utsa.edu/~cs1083/
[2383/2688] 'CS1173 - University of Texas at San Antonio': no usable link (live)
[2384/2688] 'CS2713 - University of Texas at San Antonio' (live): SAVED top 1 -> https://uc.utsa.edu/programs/mdst-bs/mdds.html
[2385/2688] 'CS3333 - University of Texas at San Antonio' (live): SAVED top 2 -> https://github.com/josephgalloway321/cs_3333_project + https://www.cs.utsa.edu/faculty/boppana/3333/
[2386/2688] 'CS3343 - University of Texas at San Antonio' (live): SAVED top 2 -> https://www.cs.utexas.edu/~djimenez/utsa/cs3343/ + https://www.cs.utsa.edu/~jruan/teaching/cs3343s18/1-Intro.pptx
[2387/2688] 'CS3723 - University of Texas at San Antonio' (live): SAVED top 1 -> https://students.uthscsa.edu/undergraduate-recommended-course-sequences/
[2388/2688] 'CS3743 - University of Texas at San Antonio': no usable link (live)
[2389/2688] 'CS3753 - University of Texas at San Antonio' (live): SAVED top 1 -> https://caicc.utsa.edu/computer-science/concentrations.html
[2390/2688] 'CS3793 - University of Texas at San Antonio' (live): SAVED top 1 -> https://people.umass.edu/tongping/teaching/cs3733/lecture-00-Overview.pdf
[2391/2688] 'CS3843 - University of Texas at San Antonio' (live): SAVED top 1 -> https://people.engr.tamu.edu/djimenez/taco/utsa-www/cs3843/syllabus.html
[2392/2688] 'CS3844 - University of Texas at San Antonio': no usable link (live)
[2393/2688] 'CS3853 - University of Texas at San Antonio' (live): SAVED top 1 -> https://wwang.github.io/teaching/slides/Comp_Arch/Midterm1_PreparationU.pdf
[2394/2688] 'CS4653 - University of Texas at San Antonio': no usable link (live)
[2395/2688] 'CS5163 - University of Texas at San Antonio': no usable link (live)
[2396/2688] 'CS5523 - University of Texas at San Antonio' (live): SAVED top 1 -> https://www.cs.utsa.edu/~korkmaz/teaching/cs5523/
[2397/2688] 'EE3463 - University of Texas at San Antonio': no usable link (live)
[2398/2688] 'CSC180 - University of Toronto' (live): SAVED top 2 -> https://engineering.calendar.utoronto.ca/course/csc180h1 + http://www.cs.toronto.edu/~guerzhoy/180f16/
[2399/2688] 'CSC207H1 - University of Toronto' (live): SAVED top 2 -> https://www.cs.toronto.edu/dcs/ugdocs/course-outlines/2024/Fall/CSC207H1F-Fall2024.pdf + https://www.cs.toronto.edu/dcs/ugdocs/course-outlines/2023/Fall/CSC207H1-Fall2023.pdf
[2400/2688] 'CSC236 - University of Toronto': no usable link (live)
[2401/2688] 'CSC263H1 - University of Toronto' (live): SAVED top 2 -> https://www.cs.toronto.edu/dcs/ugdocs/course-outlines/2025/Winter/CSC263H1S-Winter2025.pdf + https://www.cs.toronto.edu/dcs/ugdocs/course-outlines/2023/Winter/CSC263H1-Winter2023.pdf
[2402/2688] 'CSC428 - University of Toronto' (live): SAVED top 2 -> https://www.cs.toronto.edu/dcs/ugdocs/course-outlines/2023/Fall/CSC428H1-Fall2023.pdf + https://www.cs.toronto.edu/dcs/ugdocs/course-outlines/2023/Winter/CSC428H1-Winter2023.pdf
[2403/2688] 'CSC443 - University of Toronto' (live): SAVED top 2 -> https://www.teach.cs.toronto.edu/~csc443h/winter/ + https://artsci.calendar.utoronto.ca/course/csc443h1
[2404/2688] 'CSCDO1 - University of Toronto' (live): SAVED top 2 -> https://www.cs.toronto.edu/~rgrosse/courses/csc411_f18/slides/lec01-slides.pdf + https://www.cs.toronto.edu/~huang/courses/csc2515_2020f/
[2405/2688] 'ECE1724 - University of Toronto' (live): SAVED top 2 -> https://www.eecg.toronto.edu/~ashvin/courses/ece1724o/2007f/presentation-format.html + https://www.eecg.utoronto.ca/~ashvin/courses/ece1724/2022w/presentation-format.html
[2406/2688] 'ECE472 - University of Toronto' (live): SAVED top 2 -> https://engineering.calendar.utoronto.ca/course/ece472h1 + https://www.ece.utoronto.ca/wp-content/uploads/2024/12/ECE201-Magellan-Talk-2024_final.pdf
[2407/2688] 'CS1410 - University of Utah' (live): SAVED top 2 -> https://class-tools.app.utah.edu/syllabus/1178/1163/cs1410-f17-syllabus.pdf + https://my.suu.edu/syllabus/202530/CS-1410-01/
[2408/2688] 'CS3100 - University of Utah' (live): SAVED top 2 -> https://users.cs.utah.edu/~tch/CS3100/ + https://github.com/ksundberg/CS3100
[2409/2688] 'CS3130 - University of Utah': no usable link (live)
[2410/2688] 'CS3810 - University of Utah' (live): SAVED top 2 -> https://users.cs.utah.edu/~rajeev/cs3810/slides/3810-25-01.pdf + https://class-tools.app.utah.edu/syllabus/1238/13109/cs3810_F23_syllabus.pdf
[2411/2688] 'CS6810 - University of Utah' (live): SAVED top 2 -> https://my.eng.utah.edu/~cs6810/pres/14-6810-01.pdf + https://users.cs.utah.edu/~rajeev/cs6810/
[2412/2688] 'ECE1240 - University of Utah' (live): SAVED top 2 -> https://class-tools.app.utah.edu/syllabus/1258/18452/F25+ECE1240+Syllabus+.pdf + https://class-tools.app.utah.edu/syllabus/1214/19399/Spring2021%20ECE%201240_Syllabus.docx
[2413/2688] 'ECE1250 - University of Utah' (live): SAVED top 2 -> https://my.ece.utah.edu/~ece1250a/ECE1250hw_S12.htm + https://my.ece.utah.edu/~ece1250a/ECE1250labs_S12.htm
[2414/2688] 'ECE1900 - University of Utah' (live): SAVED top 2 -> https://my.ece.utah.edu/~ece1900/index_ECE1900F11.html + https://www.ece.utah.edu/wp-content/uploads/2016/10/ECE-1900.pdf
[2415/2688] 'ECE2210 - University of Utah' (live): SAVED top 2 -> https://my.ece.utah.edu/~ece2210/ECE2210hw_F06.htm + https://my.ece.utah.edu/~ece2210/ECE2210labs_F23.html
[2416/2688] 'ECE2240 - University of Utah' (live): SAVED top 2 -> https://my.ece.utah.edu/~ece2240/index_ECE2240F12.html + https://www.ece.utah.edu/ece-department-courses/
[2417/2688] 'ECE2280 - University of Utah' (live): SAVED top 2 -> https://class-tools.app.utah.edu/syllabus/1254/19990/S25%20ECE2280%20Syllabus.pdf + https://my.ece.utah.edu/~ece2280/
[2418/2688] 'ECE3030 - University of Utah' (live): SAVED top 2 -> https://www.ece.utah.edu/wp-content/uploads/2016/10/ECE-3030.pdf + https://class-tools.app.utah.edu/syllabus/1258/15314/ECE+3030+Core+Syllabus.pdf
[2419/2688] 'ECE3530 - University of Utah' (live): SAVED top 1 -> https://my.ece.utah.edu/~ece3530/
[2420/2688] 'IS6493 - University of Utah' (live): SAVED top 2 -> https://class-tools.app.utah.edu/syllabus/1266/3970/IS+6493-090-Syllabus-SU2026.pdf + https://class-tools.app.utah.edu/syllabus/1264/12197/IS+6493-090-Syllabus-Sp2026.pdf
[2421/2688] 'MKTG4600 - University of Utah' (live): SAVED top 2 -> https://class-schedule.app.utah.edu/main/1264/class_list.html?subject=MKTG + https://class-schedule.app.utah.edu/main/1254/class_list.html?subject=MKTG
[2422/2688] 'CALS002 - University of Vermont' (live): SAVED top 2 -> https://learn.uvm.edu/course/202609/90470/fall-2026/agriculture-life-science/computer-applications/CALS-1850-B/ + https://catalogue.uvm.edu/undergraduate/courses/courselist/cals/
[2423/2688] 'CALS1020 - University of Vermont' (live): SAVED top 2 -> https://learn.uvm.edu/course/202601/10222/spring-2026/agriculture-life-science/foundation-information-tech/CALS-1020-B/ + https://learn.uvm.edu/course/202601/10269/spring-2026/agriculture-life-science/foundation-information-tech/CALS-1020-A/
[2424/2688] 'CS064 - University of Vermont' (live): SAVED top 2 -> https://www.uvm.edu/registrar/schedule-courses + https://www.uvm.edu/~rgweb/zoo/archive/catalogue/1617cat_ug.pdf
[2425/2688] 'CS1210 - University of Vermont' (live): SAVED top 2 -> https://learn.uvm.edu/course/202609/93126/fall-2026/computer-science/comp-prog-i-for-cs-majors/CS-1210-I/ + https://learn.uvm.edu/course/202609/94493/fall-2026/computer-science/computer-programming-i/CS-1210-E/
[2426/2688] 'CS2240 - University of Vermont' (live): SAVED top 2 -> https://learn.uvm.edu/course/202601/10349/spring-2026/computer-science/data-struc-algorithms/CS-2240-A/ + https://learn.uvm.edu/course/202609/92512/fall-2026/computer-science/data-struc-algorithms/CS-2240-A/
[2427/2688] 'BIDA301 - University of Victoria' (live): SAVED top 2 -> https://continuingstudies.uvic.ca/media/u12doa5r/bida-instructor-pool-position-general-bida301-302-404.pdf + https://continuingstudies.uvic.ca/ai-data-technology/programs/business-intelligence-and-data-analytics/bida-course-schedule
[2428/2688] 'CSC225 - University of Victoria' (live): SAVED top 2 -> https://heat.csc.uvic.ca/coview/course/2019091/CSC225 + https://heat.csc.uvic.ca/coview/course/2024091/CSC225
[2429/2688] 'CSC360 - University of Victoria' (live): SAVED top 2 -> https://webhome.cs.uvic.ca/~pan/csc360f14/ + https://webhome.cs.uvic.ca/~pan/csc360f06/
[2430/2688] 'CSC503 - University of Victoria' (live): SAVED top 2 -> https://heat.csc.uvic.ca/coview/course/2022091/CSC503 + https://heat.csc.uvic.ca/coview/course/202005E0/CSC503
[2431/2688] 'ECE216 - University of Victoria' (live): SAVED top 2 -> https://heat.csc.uvic.ca/coview/course/2024091/ECE216 + https://heat.csc.uvic.ca/coview/course/2021091/ECE216
[2432/2688] 'ECE255 - University of Victoria' (live): SAVED top 2 -> https://studentweb.uvic.ca/~phibal12/teaching_courses/ECE-255-2018_Lab_2_Notes.pdf + https://heat.csc.uvic.ca/coview/course/2021091/ECE255
[2433/2688] 'ECE299 - University of Victoria' (live): SAVED top 2 -> https://heat.csc.uvic.ca/coview/course/2021051/ECE299 + https://heat.csc.uvic.ca/coview/course/2023051/ECE299
[2434/2688] 'ECE335 - University of Victoria' (live): SAVED top 2 -> https://heat.csc.uvic.ca/coview/course/2021091/ECE335 + https://heat.csc.uvic.ca/coview/course/2024091/ECE335
[2435/2688] 'ECE503 - University of Victoria' (live): SAVED top 2 -> https://heat.csc.uvic.ca/coview/course/2021051/ECE503 + https://www.uvic.ca/ecs/ece/assets/docs/current/graduate/202009/ece503.pdf
[2436/2688] 'SENG265 - University of Victoria' (live): SAVED top 2 -> https://heat.csc.uvic.ca/coview/course/2019011/SENG265 + https://heat.csc.uvic.ca/coview/course/2024011/SENG265
[2437/2688] 'SENG330 - University of Victoria' (live): SAVED top 2 -> https://heat.csc.uvic.ca/coview/course/2020011/SENG330 + https://heat.csc.uvic.ca/coview/course/2018091/SENG330
[2438/2688] 'SENG401 - University of Victoria' (live): SAVED top 2 -> https://heat.csc.uvic.ca/coview/course/2020011/SENG401 + https://heat.csc.uvic.ca/coview/course/2025011/SENG401
[2439/2688] 'SENG474 - University of Victoria' (live): SAVED top 2 -> https://webhome.cs.uvic.ca/~thomo/seng474/index.html + https://heat.csc.uvic.ca/coview/course/2020011/SENG474
[2440/2688] 'CS3710 - University of Virginia': no usable link (live)
[2441/2688] 'BIMD233 - University of Washington' (live): SAVED top 2 -> https://github.com/crispipear/BIMD233-Guide/blob/master/index.html + https://github.com/walzejon/BIMD233/blob/master/README.md
[2442/2688] 'BIS111 - University of Washington' (live): SAVED top 2 -> https://github.com/ScarlettHall8776/SOLVED-BIS-111-Introduction + https://www.washington.edu/students/crscatb/bis.html
[2443/2688] 'CS508 - University of Washington': no usable link (live)
[2444/2688] 'CSS101 - University of Washington' (live): SAVED top 2 -> https://www.tacoma.uw.edu/set/css-elective-course-descriptions + https://www.washington.edu/students/crscatb/css.html
[2445/2688] 'CSS107 - University of Washington': no usable link (live)
[2446/2688] 'CSS110 - University of Washington': no usable link (live)
[2447/2688] 'CSS132 - University of Washington': no usable link (live)
[2448/2688] 'CSS142 - University of Washington' (live): SAVED top 2 -> https://courses.cs.washington.edu/courses/cse142/ + https://github.com/NikolaiDecneut/CSS-142
[2449/2688] 'CSS143 - University of Washington': no usable link (live)
[2450/2688] 'CSS161 - University of Washington' (live): SAVED top 2 -> https://github.com/Ha11ow/CSS161 + https://github.com/Ha11ow/CSS161/blob/master/README.md
[2451/2688] 'CSS301 - University of Washington' (live): SAVED top 2 -> https://github.com/chndlrm/CSS-301 + https://www.washington.edu/students/crscatb/css.html
[2452/2688] 'CSS310 - University of Washington' (live): SAVED top 2 -> https://www.washington.edu/students/crscatb/css.html + https://www.washington.edu/students/crscat/
[2453/2688] 'CSS342 - University of Washington' (live): SAVED top 2 -> https://courses.washington.edu/css342/dimpsey/ + https://courses.washington.edu/css342/
[2454/2688] 'CSS343 - University of Washington': no usable link (live)
[2455/2688] 'CSS350 - University of Washington': no usable link (live)
[2456/2688] 'CSS360 - University of Washington' (live): SAVED top 2 -> https://www.washington.edu/students/crscatb/css.html + https://courses.cs.washington.edu/
[2457/2688] 'CSS370 - University of Washington': no usable link (live)
[2458/2688] 'CSS385 - University of Washington' (live): SAVED top 2 -> https://courses.washington.edu/css385/2016.Spring/ + https://courses.washington.edu/css385/2017.Spring/
[2459/2688] 'CSS421 - University of Washington' (live): SAVED top 2 -> https://courses.cs.washington.edu/courses/cse421/23sp/ + https://courses.cs.washington.edu/courses/cse421/24au/
[2460/2688] 'CSS422 - University of Washington': no usable link (live)
[2461/2688] 'CSS430 - University of Washington': no usable link (live)
[2462/2688] 'CSS434 - University of Washington' (live): SAVED top 2 -> https://courses.washington.edu/css434/syllabi/f23.html + https://courses.washington.edu/css434/
[2463/2688] 'CSS475 - University of Washington': no usable link (live)
[2464/2688] 'CSS487 - University of Washington' (live): SAVED top 2 -> https://courses.washington.edu/css487/lecture.shtml + https://courses.washington.edu/css487/
[2465/2688] 'CSS490 - University of Washington' (live): SAVED top 2 -> https://courses.washington.edu/css490/ + https://github.com/UWBothellStudents/css490-s2026-github-ed-github-starter-course/blob/main/README.md
[2466/2688] 'CSS501 - University of Washington' (live): SAVED top 2 -> https://courses.washington.edu/css501/ + https://courses.cs.washington.edu/courses/cse501/96/slides/
[2467/2688] 'CSS503 - University of Washington': no usable link (live)
[2468/2688] 'CSS506 - University of Washington' (live): SAVED top 2 -> https://depts.washington.edu/cssinfo/gcsdd-self-assessment/506/css506-class-project-02-feasibility.htm + https://courses.cs.washington.edu/courses/cse482a/25wi/slides/
[2469/2688] 'CSS507 - University of Washington': no usable link (live)
[2470/2688] 'CSS508 - University of Washington': no usable link (live)
[2471/2688] 'CSS535 - University of Washington' (live): SAVED top 2 -> https://www.cs.washington.edu/academics/time-schedules/ + https://courses.cs.washington.edu/courses/cse535/
[2472/2688] 'CSS549 - University of Washington' (live): SAVED top 2 -> https://courses.washington.edu/css549/cfolson/ + https://courses.washington.edu/css549/
[2473/2688] 'CSS590 - University of Washington' (live): SAVED top 2 -> https://courses.cs.washington.edu/courses/csep590b/22sp/files/lectures/lecture1_part1.pdf + https://courses.washington.edu/css590/2012.Spring/
[2474/2688] 'CS125 - University of Waterloo' (live): SAVED top 2 -> https://courses.grainger.illinois.edu/cs125/fa2016/CS.125.Lecture.1.Slides.pdf + https://cs.uwaterloo.ca/~tmjvasig/cs125/course_notes/
[2475/2688] 'CS135 - University of Waterloo': no usable link (live)
[2476/2688] 'CS458 - University of Waterloo' (live): SAVED top 2 -> https://cs.uwaterloo.ca/~m285xu/courses/cs458-w23/assets/modules/intro/slides.pdf + https://crysp.uwaterloo.ca/courses/cs458/F08-lectures/
[2477/2688] 'CS680 - University of Waterloo' (live): SAVED top 2 -> https://cs.uwaterloo.ca/~ppoupart/teaching/cs480-fall20/ + https://student.cs.uwaterloo.ca/~cs480/index.html
[2478/2688] 'ECE106 - University of Waterloo' (live): SAVED top 2 -> https://online.cs.uwaterloo.ca/courses/course-v1:UW+ECE106+2025_01/about + https://uwaterloo.ca/electrical-computer-engineering/graduate-studies/current-students/courses
[2479/2688] 'ECE205 - University of Waterloo' (live): SAVED top 2 -> https://uwaterloo.ca/electrical-computer-engineering/graduate-studies/current-students/courses + https://github.com/hann013/uw-ece-notes
[2480/2688] 'ECE316 - University of Waterloo': no usable link (live)
[2481/2688] 'ECE411 - University of Waterloo': no usable link (live)
[2482/2688] 'ECE417 - University of Waterloo' (live): SAVED top 2 -> https://ece.uwaterloo.ca/~dwharder/Presentations/ + https://uwaterloo.ca/electrical-computer-engineering/graduate-studies/current-students/courses
[2483/2688] 'ECE454 - University of Waterloo': no usable link (live)
[2484/2688] 'ECE602 - University of Waterloo': no usable link (live)
[2485/2688] 'ECE604 - University of Waterloo': no usable link (live)
[2486/2688] 'ECE606 - University of Waterloo' (live): SAVED top 2 -> https://uwaterloo.ca/electrical-computer-engineering/sites/default/files/uploads/documents/ece606-f22-syllabus-logistics-schedule.pdf + https://uwaterloo.ca/electrical-computer-engineering/sites/default/files/uploads/documents/ece-606-algorithm-design-and-analysis.pdf
[2487/2688] 'ECE610 - University of Waterloo' (live): SAVED top 2 -> https://uwaterloo.ca/electrical-computer-engineering/graduate-students/courses/ece-610-broadband-communication-networks + https://uwaterloo.ca/electrical-computer-engineering/sites/default/files/uploads/documents/610syllabus_0.pdf
[2488/2688] 'ECE700 - University of Waterloo': no usable link (live)
[2489/2688] 'ECE710 - University of Waterloo' (live): SAVED top 2 -> https://uwaterloo.ca/electrical-computer-engineering/sites/default/files/uploads/documents/course_outline_ece710_photonic_networking.pdf + https://ece.uwaterloo.ca/~ece150/Lecture_materials/
[2490/2688] 'SE240 - University of Waterloo' (live): SAVED top 2 -> https://student.cs.uwaterloo.ca/~cs240/s25/lectures.phtml + https://student.cs.uwaterloo.ca/~cs240/f25/lectures.phtml
[2491/2688] 'CS200 - University of Wisconsin-Madison' (live): SAVED top 2 -> https://pages.cs.wisc.edu/~vinitskys/cs200_files/lectures/1_Welcome_to_CS200.pdf + https://github.com/AKrishna12345/CS200StudyGuide
[2492/2688] 'CS400 - University of Wisconsin-Madison' (live): SAVED top 2 -> https://mediaspace.wisc.edu/channel/CS400%20Review%20Lectures/145422971 + https://github.com/markwu7/CS400
[2493/2688] 'CS502 - University of Wisconsin-Madison': no usable link (live)
[2494/2688] 'CS537 - University of Wisconsin-Madison' (live): SAVED top 2 -> https://pages.cs.wisc.edu/~oliphant/cs537-sp24/ + http://sd-omkar.github.io/cs537/
[2495/2688] 'CS559 - University of Wisconsin-Madison': no usable link (live)
[2496/2688] 'CS577 - University of Wisconsin-Madison': no usable link (live)
[2497/2688] 'ECE252 - University of Wisconsin-Madison': no usable link (live)
[2498/2688] 'ECE552 - University of Wisconsin-Madison': no usable link (live)
[2499/2688] 'LIS102 - University of Wisconsin-Madison': no usable link (live)
[2500/2688] 'LIS440 - University of Wisconsin-Madison': no usable link (live)
[2501/2688] 'CS395 - University of Wisconsin-Milwaukee': no usable link (live)
[2502/2688] 'CS431 - University of Wisconsin-Milwaukee' (live): SAVED top 2 -> https://k.web.umkc.edu/kumarv/cs431.html + https://github.com/RizkyWellyanto/cs431/blob/master/LectureNotes.md
[2503/2688] 'CYSE270 - University of Wisconsin-Milwaukee': no usable link (live)
[2504/2688] 'CS1440 - Utah State University' (live): SAVED top 2 -> https://cs.appstate.edu/rt/ImgProcessing/SyllabusSp01.ppt + https://github.com/funkybooboo/university
[2505/2688] 'CS5000 - Utah State University': no usable link (live)
[2506/2688] 'CS5080 - Utah State University' (live): SAVED top 2 -> https://digitalcommons.usu.edu/elearning_slides/ + https://www.usu.edu/teach/help-topics/teaching-tips/syllabus-resources
[2507/2688] 'CS5110 - Utah State University': no usable link (live)
[2508/2688] 'CS5600 - Utah State University' (live): SAVED top 2 -> https://my.eng.utah.edu/~cs5600/slides/Wk1_Color.pdf + https://www.eng.utah.edu/~cs5600/
[2509/2688] 'CS5820 - Utah State University': no usable link (live)
[2510/2688] 'CS5890 - Utah State University': no usable link (live)
[2511/2688] 'DATA2100 - Utah State University': no usable link (live)
[2512/2688] 'DATA5400 - Utah State University' (live): SAVED top 2 -> https://www.usu.edu/cs/~erbacher/Courses/5400/Slides/Tcl.pdf + https://github.com/ksundberg/CourseMaterials
[2513/2688] 'ECE1400 - Utah State University' (live): SAVED top 2 -> https://github.com/Zachmau5/ECE1400 + https://github.com/ksundberg/CourseMaterials
[2514/2688] 'ECE1410 - Utah State University': no usable link (live)
[2515/2688] 'ECE2700 - Utah State University': no usable link (live)
[2516/2688] 'CS1151 - Vanderbilt University': no usable link (live)
[2517/2688] 'CS2201 - Vanderbilt University' (live): SAVED top 2 -> https://cs2201-iitp.github.io/lectures/ + https://github.com/xuezzou/Vanderbilt-course-notes/blob/master/data-structure-and-program-design/CS2201_notes_Xue_1.pdf
[2518/2688] 'CS2204 - Vanderbilt University': no usable link (live)
[2519/2688] 'CS2212 - Vanderbilt University' (live): SAVED top 1 -> https://registrar.vanderbilt.edu/catalogs/
[2520/2688] 'CS2231 - Vanderbilt University' (live): SAVED top 2 -> https://registrar.vanderbilt.edu/catalogs/ + https://vupace.vanderbilt.edu/search/publicCourseAdvancedSearch.do?method=load
[2521/2688] 'CS252 - Vanderbilt University' (live): SAVED top 2 -> https://sites.radford.edu/~rjoyce9/classes/cs252/lectures/index.html + https://www.cs.odu.edu/~zeil/cs252/latest/Directory/outline/outline__topics.html
[2522/2688] 'CS3251 - Vanderbilt University' (live): SAVED top 2 -> https://www.dre.vanderbilt.edu/~schmidt/cs251/C++/lectures/PPTs/1-Introduction.pptx + https://www.dre.vanderbilt.edu/~schmidt/cs251/C++/lectures/PPTs/2-ProgrammingReview.pptx
[2523/2688] 'CS3265 - Vanderbilt University' (live): SAVED top 1 -> https://my.vanderbilt.edu/cs265/
[2524/2688] 'CS3276 - Vanderbilt University' (live): SAVED top 2 -> https://cumberland.isis.vanderbilt.edu/cs3276/schedule.php + https://cumberland.isis.vanderbilt.edu/cs3276/
[2525/2688] 'CS3281 - Vanderbilt University' (live): SAVED top 2 -> https://patrickpei.github.io/vu/cs3281/ + https://github.com/cs3281
[2526/2688] 'CS3891 - Vanderbilt University': no usable link (live)
[2527/2688] 'CS4278 - Vanderbilt University' (live): SAVED top 2 -> https://huang.isis.vanderbilt.edu/cs4278-sp26/lectures.php + https://huang.isis.vanderbilt.edu/cs4278-sp22/lectures.php
[2528/2688] 'CS4283 - Vanderbilt University': no usable link (live)
[2529/2688] 'CS4288 - Vanderbilt University': no usable link (live)
[2530/2688] 'DS3262 - Vanderbilt University' (live): SAVED top 2 -> https://www.vanderbilt.edu/undergrad-datascience/course-descriptions/ + https://registrar.vanderbilt.edu/catalogs/
[2531/2688] 'ECE2123 - Vanderbilt University': no usable link (live)
[2532/2688] 'CMPU101 - Vassar College': no usable link (live)
[2533/2688] 'CMPU224 - Vassar College': no usable link (live)
[2534/2688] 'CMPU241 - Vassar College': no usable link (live)
[2535/2688] 'CSC1010 - Villanova University': no usable link (live)
[2536/2688] 'CSC1051 - Villanova University': no usable link (live)
[2537/2688] 'CSC1052 - Villanova University' (live): SAVED top 2 -> http://csc.villanova.edu/~tway/courses/csc1052/f2024/ + https://clashandbook.villanova.edu/sites/default/files/pdf/degree/computer-science-bs.pdf?1623859546
[2538/2688] 'CSC1300 - Villanova University' (live): SAVED top 2 -> http://www.csc.villanova.edu/~japaridz/Archive/1300/csc1300-lectures.html + http://www.csc.villanova.edu/~japaridz/Archive/1300/csc1300.html
[2539/2688] 'CSC4480 - Villanova University' (live): SAVED top 2 -> http://www.csc.villanova.edu/~goelman/csc4480/ + http://www.csc.villanova.edu/~enwafor/database/
[2540/2688] 'ECE3242 - Villanova University' (live): SAVED top 2 -> https://www.ece.villanova.edu/outlines/ECE-3600/outline.pdf + https://www.villanova.edu/university/engineering/academic-programs/graduate-studies/Course-Catalog.html
[2541/2688] 'VSB1000 - Villanova University' (live): SAVED top 2 -> https://www.villanova.edu/content/dam/villanova/VSB/undergrad/Curriculum-Sheets_Classof25_F21.pdf + https://www.villanova.edu/university/provost/student-resources.html
[2542/2688] 'CMSC235 - Virginia Commonwealth University' (live): SAVED top 2 -> https://bulletin.vcu.edu/azcourses/cmsc/ + https://connected.vcu.edu/students/course/
[2543/2688] 'CMSC255 - Virginia Commonwealth University' (live): SAVED top 2 -> https://bulletin.vcu.edu/azcourses/cmsc/ + https://bulletin.vcu.edu/azcourses/info/
[2544/2688] 'CMSC256 - Virginia Commonwealth University' (live): SAVED top 2 -> https://cse.sc.edu/~rose/768/slides.html + https://bulletin.vcu.edu/azcourses/cmsc/
[2545/2688] 'CMSC304 - Virginia Commonwealth University': no usable link (live)
[2546/2688] 'CMSC311 - Virginia Commonwealth University' (live): SAVED top 2 -> https://bulletin.vcu.edu/azcourses/cmsc/ + https://bulletin.vcu.edu/azcourses/info/
[2547/2688] 'CMSC312 - Virginia Commonwealth University': no usable link (live)
[2548/2688] 'CMSC403 - Virginia Commonwealth University' (live): SAVED top 2 -> https://algs4.cs.princeton.edu/lectures/ + https://bulletin.vcu.edu/azcourses/cmsc/
[2549/2688] 'INF350 - Virginia Commonwealth University' (live): SAVED top 2 -> https://registrar.vcu.edu/academic-schedules/schedule-of-classes/ + https://bulletin.vcu.edu/azcourses/
[2550/2688] 'INFO202 - Virginia Commonwealth University': no usable link (live)
[2551/2688] 'INFO350 - Virginia Commonwealth University' (live): SAVED top 2 -> https://bulletin.vcu.edu/azcourses/info/ + https://bulletin.vcu.edu/azcourses/
[2552/2688] 'INFO361 - Virginia Commonwealth University' (live): SAVED top 2 -> https://bulletin.vcu.edu/azcourses/info/ + https://bulletin.vcu.edu/undergraduate/business/information-systems/information-systems-bs/
[2553/2688] 'INFO364 - Virginia Commonwealth University': no usable link (live)
[2554/2688] 'INFO370 - Virginia Commonwealth University' (live): SAVED top 2 -> https://bulletin.vcu.edu/azcourses/info/ + https://core.ac.uk/download/51289178.pdf
[2555/2688] 'CEE3804 - Virginia Tech' (live): SAVED top 2 -> https://vtechworks.lib.vt.edu/collections/a2d17483-d5d5-4733-9326-d64dd88f258d + https://www.webapps.cee.vt.edu/index.php?category=course
[2556/2688] 'CS1064 - Virginia Tech' (live): SAVED top 2 -> https://people.cs.vt.edu/ribbens/upc/courses/CS1064Proposal.pdf + https://students.cs.vt.edu/undergraduate-programs/current-students/course-information-and-course-offerings.html
[2557/2688] 'CS1114 - Virginia Tech' (live): SAVED top 2 -> https://courses.cs.vt.edu/~cs1114/ + https://github.com/mikesir87/cs1114/blob/master/slides/01-intro/slides.md
[2558/2688] 'CS2064 - Virginia Tech' (live): SAVED top 2 -> https://codeworkout.cs.vt.edu/courses/vt/cs2064/fall-2025 + https://students.cs.vt.edu/undergraduate-programs/current-students/course-information-and-course-offerings.html
[2559/2688] 'CS2104 - Virginia Tech' (live): SAVED top 2 -> https://courses.cs.vt.edu/cs2104/Fall13/notes/notes.html + https://courses.cs.vt.edu/cs2104/Spring12Onufriev/
[2560/2688] 'CS2114 - Virginia Tech' (live): SAVED top 2 -> https://courses.cs.vt.edu/~cs2114/ + https://people.cs.vt.edu/~ribbens/upc/courses/CS2114proposal.pdf
[2561/2688] 'CS3114 - Virginia Tech' (live): SAVED top 2 -> https://courses.cs.vt.edu/~cs3114/Fall17/barnette/admin/syllabus.html + https://courses.cs.vt.edu/~cs3114/Spring22McQ/3114Administration.pdf
[2562/2688] 'CS3714 - Virginia Tech' (live): SAVED top 2 -> https://people.cs.vt.edu/~ribbens/upc/courses/CS3714Proposal.pdf + https://manta.cs.vt.edu/cs3714/
[2563/2688] 'CS3754 - Virginia Tech' (live): SAVED top 2 -> https://manta.cs.vt.edu/cs3754/ + https://people.cs.vt.edu/butta/cs6204/fall2010/syllhead.html
[2564/2688] 'ECE2024 - Virginia Tech' (live): SAVED top 2 -> https://ece.vt.edu/undergrad/courses/2024.html + https://ece.vt.edu/undergrad/courses.html
[2565/2688] 'ECE2054 - Virginia Tech': no usable link (live)
[2566/2688] 'ECE2504 - Virginia Tech' (live): SAVED top 2 -> https://enge.vt.edu/content/dam/enge_vt_edu/undergraduate/ece_vccs.pdf + https://www.registrar.vt.edu/content/dam/registrar_vt_edu/documents/Updates/coe/2021/coe_ecra_21.pdf
[2567/2688] 'ECE2514 - Virginia Tech' (live): SAVED top 2 -> https://ece.vt.edu/undergrad/courses/2514.html + https://enge.vt.edu/content/dam/enge_vt_edu/undergraduate/ece_vccs.pdf
[2568/2688] 'ECE2544 - Virginia Tech': no usable link (live)
[2569/2688] 'ECE2804 - Virginia Tech' (live): SAVED top 1 -> https://ece.vt.edu/undergrad/courses/2804.html
[2570/2688] 'CPT121 - Washington State University' (live): SAVED top 2 -> https://li.wsu.edu/content-presentation-ideas/ + https://eecs.wsu.edu/~ananth/CptS317/index.htm
[2571/2688] 'CPT122 - Washington State University' (live): SAVED top 2 -> https://eecs.wsu.edu/~ananth/CptS317/Spring2015-webpage/Lectures/Course.ppt + https://li.wsu.edu/content-presentation-ideas/
[2572/2688] 'CPTS121 - Washington State University' (live): SAVED top 2 -> https://users.tricity.wsu.edu/~bobl/cpts121/ + https://li.wsu.edu/content-presentation-ideas/
[2573/2688] 'CPTS122 - Washington State University' (live): SAVED top 2 -> https://eecs.wsu.edu/~cs500/public_html-2012-03/syllabus.html + https://github.com/MarkShinozaki/CPTS122-DataStructures
[2574/2688] 'CPTS223 - Washington State University' (live): SAVED top 2 -> https://eecs.wsu.edu/~ananth/CptS223/Fall2011-webpage/index.htm + https://eecs.wsu.edu/~ananth/CptS223/index.htm
[2575/2688] 'CPTS260 - Washington State University' (live): SAVED top 2 -> https://users.tricity.wsu.edu/~bobl/cpts260/ + https://eecs.wsu.edu/~hauser/teaching/Arch-F07/syllabus/index.html
[2576/2688] 'CPTS317 - Washington State University' (live): SAVED top 2 -> https://eecs.wsu.edu/~ananth/CptS317/Lectures/index.htm + https://eecs.wsu.edu/~assefaw/courses/cpts317-fa24-syllabus.pdf
[2577/2688] 'CPTS321 - Washington State University' (live): SAVED top 2 -> https://gitlab.eecs.wsu.edu/2018080695/cpts321-in-class-exercises/-/tree/FinalExam_Done + https://eecs.wsu.edu/~hcai/cpts422/
[2578/2688] 'CPTS350 - Washington State University': no usable link (live)
[2579/2688] 'CPTS355 - Washington State University' (live): SAVED top 2 -> https://www.eecs.wsu.edu/~hauser/teaching/Concurrent-S10/syllabus/index.html + https://www.eecs.wsu.edu/~hauser/cs483/syllabus.html
[2580/2688] 'CPTS450 - Washington State University' (live): SAVED top 2 -> https://li.wsu.edu/content-presentation-ideas/ + https://pep.wsu.edu/ct-presentation-requests/
[2581/2688] 'CPTS489 - Washington State University' (live): SAVED top 2 -> https://li.wsu.edu/content-presentation-ideas/ + https://eecs.wsu.edu/~hcai/cpts322fall16/
[2582/2688] 'CPTS516 - Washington State University' (live): SAVED top 2 -> https://pep.wsu.edu/ct-presentation-requests/ + https://eecs.wsu.edu/~hcai/cpts322fall16/
[2583/2688] 'CPTS581 - Washington State University' (live): SAVED top 2 -> https://www.eecs.wsu.edu/~hauser/teaching/Concurrent-S10/syllabus/index.html + https://schedules.wsu.edu/
[2584/2688] 'CSE131 - Washington University in St. Louis' (live): SAVED top 2 -> https://www.cse.wustl.edu/~dshook/cse131/ + https://cse.washu.edu/academics/placement-exam.html
[2585/2688] 'CSE132 - Washington University in St. Louis' (live): SAVED top 2 -> https://www.cs.wustl.edu/~cytron/102Pages/s11/ + https://bulletin.wustl.edu/undergrad/engineering/computerscience/
[2586/2688] 'CSE204A - Washington University in St. Louis' (live): SAVED top 2 -> https://registrar.washu.edu/classes-registration/class-schedule/ + https://github.com/wustlcse204
[2587/2688] 'CSE217 - Washington University in St. Louis' (live): SAVED top 2 -> https://bulletin.wustl.edu/undergrad/engineering/computerscience/ + https://cse.washu.edu/academics/course-offerings.html
[2588/2688] 'CSE361 - Washington University in St. Louis' (live): SAVED top 2 -> https://www.cse.wustl.edu/~james.orr/courses/cse361/ + https://github.com/DavidMcDonnel/CSE-361
[2589/2688] 'CSE417 - Washington University in St. Louis' (live): SAVED top 2 -> https://courses.cs.washington.edu/courses/cse417/24au/ + https://github.com/alexMCTeng/CSE417-Intro-to-Machine-Learning-WUSTL
[2590/2688] 'CSE417T - Washington University in St. Louis' (live): SAVED top 2 -> https://courses.cs.washington.edu/courses/cse455/23wi/ + https://github.com/alexMCTeng/CSE417-Intro-to-Machine-Learning-WUSTL
[2591/2688] 'CSE427S - Washington University in St. Louis' (live): SAVED top 2 -> http://courses.cs.washington.edu/courses/csep590/06au/lectures/ + https://research.washu.edu/announcements/2025-researcher-forum-recordings-and-slides-now-available/
[2592/2688] 'CSE431 - Washington University in St. Louis' (live): SAVED top 2 -> https://cse.buffalo.edu/~kelinluo/teaching/cse431B:531B-fall23/slides/cse431531Bintroduction28aug.pdf + https://courses.cs.washington.edu/courses/cse431/25wi/
[2593/2688] 'CSE517A - Washington University in St. Louis' (live): SAVED top 2 -> https://courses.cs.washington.edu/courses/cse455/23wi/ + https://registrar.washu.edu/classes-registration/class-schedule/
[2594/2688] 'CSE543 - Washington University in St. Louis' (live): SAVED top 2 -> https://courses.cs.washington.edu/courses/cse543/25au/ + https://syed-rafiul-hussain.github.io/index.php/teaching/cse543-f22/
[2595/2688] 'BE1500 - Wayne State University' (live): SAVED top 2 -> https://bulletins.wayne.edu/courses/be/ + https://bulletins.wayne.edu/courses/be/be.pdf
[2596/2688] 'CSC1000 - Wayne State University' (live): SAVED top 2 -> https://bulletins.wayne.edu/courses/csc/ + https://bulletins.wayne.edu/courses/csc/csc.pdf
[2597/2688] 'CSC1100 - Wayne State University' (live): SAVED top 2 -> https://bulletins.wayne.edu/courses/csc/ + https://bulletins.wayne.edu/undergraduate/college-engineering/computer-science/computer-science-bs/
[2598/2688] 'CSC1500 - Wayne State University' (live): SAVED top 2 -> https://bulletins.wayne.edu/courses/csc/ + https://education.wayne.edu/about/syllabus-guide-and-template
[2599/2688] 'CSC3010 - Wayne State University' (live): SAVED top 2 -> https://fengweiz.github.io/19sp-csc3010/index.html + https://bulletins.wayne.edu/courses/csc/
[2600/2688] 'CSC3110 - Wayne State University' (live): SAVED top 2 -> https://bulletins.wayne.edu/courses/csc/ + https://bulletins.wayne.edu/undergraduate/college-engineering/computer-science/computer-science.pdf
[2601/2688] 'CSC4420 - Wayne State University' (live): SAVED top 2 -> https://bulletins.wayne.edu/courses/csc/ + https://dgrosu.eng.wayne.edu/teaching/index.html
[2602/2688] 'CSC4500 - Wayne State University' (live): SAVED top 2 -> https://bulletins.wayne.edu/courses/csc/ + https://bulletins.wayne.edu/graduate/college-engineering/computer-science/
[2603/2688] 'CSC4710 - Wayne State University' (live): SAVED top 2 -> https://bulletins.wayne.edu/courses/csc/ + https://bulletins.wayne.edu/courses/csc/csc.pdf
[2604/2688] 'CSC4996 - Wayne State University' (live): SAVED top 2 -> https://bulletins.wayne.edu/courses/csc/ + https://bulletins.wayne.edu/undergraduate/college-engineering/computer-science/
[2605/2688] 'CSC6500 - Wayne State University' (live): SAVED top 2 -> https://bulletins.wayne.edu/courses/csc/ + https://bulletins.wayne.edu/courses/csc/csc.pdf
[2606/2688] 'ECE2050 - Wayne State University': no usable link (live)
[2607/2688] 'ECE2620 - Wayne State University' (live): SAVED top 2 -> https://engweb.eng.wayne.edu/~ad5781/ECECourses/ECE5620/All_Semesters/F17/Syllabus_ECE5620_F17.html + https://www.thesouthend.wayne.edu/multimedia/video_ee2d725b-4819-5a93-8018-f134eb68b844.html
[2608/2688] 'ECE3570 - Wayne State University' (live): SAVED top 2 -> https://bulletins.wayne.edu/undergraduate/college-engineering/electrical-computer-engineering/ + https://engineering.wayne.edu/electrical-computer/pdfs/ece-student-handbook-625.pdf
[2609/2688] 'ECE3620 - Wayne State University' (live): SAVED top 2 -> https://ece.eng.wayne.edu/~smahmud/ECECourses/ECE3620/All_Semesters/F16/Syllabus_ECE3620_F16.htm + https://engweb.eng.wayne.edu/ad/ad57/ad5781/public_html/ECECourses/ECE3620/All_Semesters/F20/ECE3620_F20.htm
[2610/2688] 'ECE4330 - Wayne State University' (live): SAVED top 2 -> https://neuron.eng.wayne.edu/auth/ece4330/lectures.html + https://neuron.eng.wayne.edu/auth/ece4330/ece4330.html
[2611/2688] 'ECE5575 - Wayne State University' (live): SAVED top 2 -> https://engweb.eng.wayne.edu/~ad5781/ECECourses/ECE5620/All_Semesters/F17/Syllabus_ECE5620_F17.html + https://bulletins.wayne.edu/undergraduate/college-engineering/electrical-computer-engineering/
[2612/2688] 'CS111L - Wellesley College' (live): SAVED top 2 -> http://cs111.wellesley.edu/archive/cs111_fall15/public_html/notes/lectures/01_course_overview_4up.pdf + https://cs111.wellesley.edu/content/lectures/lec_course_intro/files/lec_course_intro_admin.pdf
[2613/2688] 'CIS250 - Wesleyan University' (live): SAVED top 2 -> https://www.wesleyan.edu/slc/projects-courses/CIS_250.html + https://www.wesleyan.edu/wintersession/pdfs/1250/Syllabi/Thayer-Syllabus_COMP112_W25.pdf
[2614/2688] 'CIS2500 - Western Michigan University' (live): SAVED top 2 -> https://github.com/kasrasn/W24-CIS2500-A1 + https://wmich.edu/classlookup/wskctlg.wskctlg_menu?ctrl=addinfo&amp;crn=44587&amp;term=202440&amp;campus=M&amp;subject=CIS&amp;crse=2500
[2615/2688] 'CIS2600 - Western Michigan University' (live): SAVED top 1 -> https://go.wmich.edu/s/article/Understanding-Class-Progress-in-Elearning
[2616/2688] 'CIS2640 - Western Michigan University' (live): SAVED top 1 -> https://www.sinclair.edu/course/params/subject/CIS/courseNo/2640/
[2617/2688] 'CIS2700 - Western Michigan University' (live): SAVED top 1 -> https://libguides.wmich.edu/c.php?g=1492961&p=11161347
[2618/2688] 'CIS2900 - Western Michigan University': no usable link (live)
[2619/2688] 'CIS4640 - Western Michigan University' (live): SAVED top 2 -> https://wmich.edu/x/teaching-learning/teaching-resources/intro-fcd + https://wmich.edu/registrar/courses
[2620/2688] 'CS4430 - Western Michigan University' (live): SAVED top 1 -> https://cs.wmich.edu/gupta/teaching/cs4430/cs4430SummII19web/cs4430dbms.php
[2621/2688] 'ECE2500 - Western Michigan University': no usable link (live)
[2622/2688] 'ECE2510 - Western Michigan University': no usable link (live)
[2623/2688] 'ECE3100 - Western Michigan University': no usable link (live)
[2624/2688] 'ECE3610 - Western Michigan University': no usable link (live)
[2625/2688] 'ECE455 - Western Michigan University': no usable link (live)
[2626/2688] 'ECE5550 - Western Michigan University': no usable link (live)
[2627/2688] 'ECE655 - Western Michigan University': no usable link (live)
[2628/2688] 'ECE6650 - Western Michigan University': no usable link (live)
[2629/2688] 'CISS340 - Western Washington University' (live): SAVED top 2 -> https://courses.cs.washington.edu/courses/cse340/23wi/slides/wk01/syllabus.html + https://courses.cs.washington.edu/courses/cse340/21sp/slides/wk01/intro.html
[2630/2688] 'CISS471 - Western Washington University': no usable link (live)
[2631/2688] 'CSCI145 - Western Washington University': no usable link (live)
[2632/2688] 'CSCI367 - Western Washington University': no usable link (live)
[2633/2688] 'CSCI447 - Western Washington University': no usable link (live)
[2634/2688] 'SCED480 - Western Washington University': no usable link (live)
[2635/2688] 'ECE282 - Wichita State University': no usable link (live)
[2636/2688] 'ECE492 - Wichita State University' (live): SAVED top 2 -> https://www.wichita.edu/services/registrar/schedule_of_courses.php + https://ocw.mit.edu/
[2637/2688] 'GOVT2305 - Williams College' (live): SAVED top 2 -> https://courseinfo.brazosport.edu/Syllabi/GOVT/GOVT2305%20MATTHEW%20WILLIAMS%20Syllabus%20ONLINE.pdf + https://wcjc.edu/Website_Master_Syllabi/Social_and_Behavioral_Science-SOC/Govt_Econ/MS_SOC-GOVT_GOVT2305_09.2025.pdf
[2638/2688] 'AR2101 - Worcester Polytechnic Institute': no usable link (live)
[2639/2688] 'CS1004 - Worcester Polytechnic Institute': no usable link (live)
[2640/2688] 'CS110X - Worcester Polytechnic Institute': no usable link (live)
[2641/2688] 'CS2022 - Worcester Polytechnic Institute': no usable link (live)
[2642/2688] 'CS2102 - Worcester Polytechnic Institute' (live): SAVED top 2 -> https://web.cs.wpi.edu/~cs2102/b18/day/01/CS2102_Syllabus_Slides.pdf + https://arsatis.github.io/notes-nus/cs2102/cs2102.pdf
[2643/2688] 'CS2103 - Worcester Polytechnic Institute' (live): SAVED top 2 -> https://nus-cs2103-ay1819s2.github.io/cs2103-website/admin/lectures.html + https://nus-cs2103-ay1718s2.github.io/website/
[2644/2688] 'CS2223 - Worcester Polytechnic Institute': no usable link (live)
[2645/2688] 'CS2303 - Worcester Polytechnic Institute' (live): SAVED top 2 -> https://web.cs.wpi.edu/~cs2303/c10/Protected/Lectures-C10/Week0_Introduction.ppt + https://github.com/Mcdonoughd/CS2303/blob/master/Class%20Slides/class23.pptx
[2646/2688] 'CS3013 - Worcester Polytechnic Institute' (live): SAVED top 2 -> https://web.cs.wpi.edu/~cs3013/c07/ + https://web.cs.wpi.edu/~cs3013/c14/
[2647/2688] 'CS3043 - Worcester Polytechnic Institute': no usable link (live)
[2648/2688] 'CS340X - Worcester Polytechnic Institute': no usable link (live)
[2649/2688] 'CS3431 - Worcester Polytechnic Institute': no usable link (live)
[2650/2688] 'CS3516 - Worcester Polytechnic Institute': no usable link (live)
[2651/2688] 'CS3733 - Worcester Polytechnic Institute' (live): SAVED top 2 -> https://web.cs.wpi.edu/~kfisler/Courses/CS3733/Lectures/ + https://web.cs.wpi.edu/~kfisler/Courses/CS3733/
[2652/2688] 'CS4445 - Worcester Polytechnic Institute' (live): SAVED top 2 -> https://www.wpi.edu/academics/academic-catalog + https://www.wpi.edu/academics/academic-catalog/course-descriptions
[2653/2688] 'CS5003 - Worcester Polytechnic Institute': no usable link (live)
[2654/2688] 'CS542 - Worcester Polytechnic Institute': no usable link (live)
[2655/2688] 'ECE2010 - Worcester Polytechnic Institute': no usable link (live)
[2656/2688] 'ECE2011 - Worcester Polytechnic Institute' (live): SAVED top 2 -> https://www.wpi.edu/academics/departments/electrical-computer-engineering + https://www.wpi.edu/academics/academic-catalog/course-descriptions
[2657/2688] 'ECE2019 - Worcester Polytechnic Institute' (live): SAVED top 2 -> https://web.wpi.edu/Images/CMS/ECE/ECE2019_Course_Description.pdf + https://www.wpi.edu/academics/calendar-courses/course-descriptions/3781/electrical-computer-engineering
[2658/2688] 'ECE2029 - Worcester Polytechnic Institute' (live): SAVED top 2 -> https://web.wpi.edu/Images/CMS/ECE/EEC2029_Course_Description.pdf + https://www.wpi.edu/academics/academic-catalog
[2659/2688] 'ECE2201 - Worcester Polytechnic Institute': no usable link (live)
[2660/2688] 'ECE2311 - Worcester Polytechnic Institute' (live): SAVED top 2 -> https://users.wpi.edu/~ludwig/XXece2311/Lecture_PPTs/ECE_2311_Lecture1.pdf + https://spinlab.wpi.edu/teaching.html
[2661/2688] 'ECE2799 - Worcester Polytechnic Institute' (live): SAVED top 2 -> https://libguides.wpi.edu/ElectricalandComputerEngineeringDesign + https://libguides.wpi.edu/ElectricalandComputerEngineeringDesign/home
[2662/2688] 'ECE5511 - Worcester Polytechnic Institute': no usable link (live)
[2663/2688] 'CEG2350 - Wright State University': no usable link (live)
[2664/2688] 'CEG3110 - Wright State University': no usable link (live)
[2665/2688] 'CEG3120 - Wright State University': no usable link (live)
[2666/2688] 'CEG320 - Wright State University' (live): SAVED top 2 -> https://corescholar.libraries.wright.edu/cecs_syllabi/898/ + https://wingsexpress.wright.edu/pls/PROD/bwlkffcs.p_disp_dyn_ctlg
[2667/2688] 'CEG3310 - Wright State University': no usable link (live)
[2668/2688] 'CEG3400 - Wright State University' (live): SAVED top 2 -> https://github.com/mkijowski/ceg3400/blob/master/SYLLABUS.md + https://github.com/bwheelhouse/ceg3400-fall/blob/master/SYLLABUS.md
[2669/2688] 'CEG402 - Wright State University' (live): SAVED top 2 -> https://cecs.wright.edu/~bwang/course/ceg402/Lecture1.ppt + https://cecs.wright.edu/~bwang/course/ceg402/grade.xls
[2670/2688] 'CEG4120 - Wright State University' (live): SAVED top 2 -> https://wingsexpress.wright.edu/pls/PROD/bwckctlg.p_disp_course_detail?cat_term_in=202430&amp;subj_code_in=CEG&amp;crse_numb_in=4120 + https://jzhang369.github.io/teaching/
[2671/2688] 'CEG4350 - Wright State University': no usable link (live)
[2672/2688] 'CEG4420 - Wright State University' (live): SAVED top 2 -> https://engineering-computer-science.wright.edu/sites/engineering-computer-science.wright.edu/files/page/attachments/bsceg-program-guide.pdf + https://github.com/jzhang369/cybersecuritylabs
[2673/2688] 'CEG4424 - Wright State University' (live): SAVED top 2 -> https://wingsexpress.wright.edu/pls/PROD/bwlkffcs.p_disp_dyn_ctlg + https://wingsexpress.wright.edu/pls/PROD/bwckschd.p_disp_detail_sched?term_in=202530&amp;crn_in=21211
[2674/2688] 'CEG4430 - Wright State University': no usable link (live)
[2675/2688] 'CS1160 - Wright State University' (live): SAVED top 2 -> https://corescholar.libraries.wright.edu/cecs_syllabi/447/ + https://corescholar.libraries.wright.edu/cecs_syllabi/358/
[2676/2688] 'CS1181 - Wright State University': no usable link (live)
[2677/2688] 'CS3180 - Wright State University': no usable link (live)
[2678/2688] 'CSCI160 - Xavier University': no usable link (live)
[2679/2688] 'INFO220 - Xavier University' (live): SAVED top 2 -> https://www.exhibit.xavier.edu/cgi/viewcontent.cgi?article=1353&amp;context=management_information_systems_syllabi + https://www.exhibit.xavier.edu/cgi/viewcontent.cgi?article=1130&amp;context=management_information_systems_syllabi
[2680/2688] 'INFO680 - Xavier University' (live): SAVED top 2 -> https://www.exhibit.xavier.edu/management_information_systems_syllabi/196/ + https://www.exhibit.xavier.edu/management_information_systems_syllabi/511/
[2681/2688] 'CS172 - York College' (live): SAVED top 2 -> https://www.york.cuny.edu/pre-college/syllabus/cs-172-collegenow-coursesyllabus.pdf/@@download/file + https://www.york.cuny.edu/pre-college/syllabus/cs-172-collegenow-coursesyllabus.pdf
[2682/2688] 'CS291 - York College' (live): SAVED top 2 -> https://github.com/WayneS0628/CS291-WorkSpr24 + https://cs231n.stanford.edu/
[2683/2688] 'EDU230 - York College': no usable link (live)
[2684/2688] 'EDUC280 - York College': no usable link (live)
[2685/2688] 'CSIS1590 - Youngstown State University': no usable link (live)
[2686/2688] 'CSIS2610 - Youngstown State University' (live): SAVED top 2 -> http://jwdittrich.people.ysu.edu/CSIS_2610/CSIS_2610_CRN_20795_S2024_Syllabus.pdf + https://jwdittrich.people.ysu.edu/CSIS_2610/
[2687/2688] 'CSIS3700 - Youngstown State University': no usable link (live)
[2688/2688] 'CSIS3726 - Youngstown State University' (live): SAVED top 2 -> https://ssb.oci.ysu.edu/petessb/bwckctlg.p_disp_course_detail?cat_term_in=202220&amp;subj_code_in=CSIS&amp;crse_numb_in=3726 + https://hjiang13.github.io/teaching/

done; saved 1758 this run; 1880 courses labelled in ccr_labels.db (+ ccr_auto_labels_review.md)
