2810 CS courses (>= 4 ratings); 0 already have slides; 2810 to do
[1/2810] '1CP3 - McMaster University': no slides found
[2/2810] '1JC3 - McMaster University': no slides found
[3/2810] '1MC3 - McMaster University': SAVED 2 slide links via appended -> https://github.com/JohnTheodoreNicholson/MATH1MP3/lectures.html
[4/2810] '1MD3 - McMaster University': no slides found
[5/2810] '1PR3 - McMaster University': SAVED 2 slide links via appended -> https://github.com/chowdhaj/McMaster/lectures.html
[6/2810] '1XD3 - McMaster University': SAVED 2 slide links via appended -> https://github.com/Osker35/1XD3-Web/lectures.html
[7/2810] '2DA4 - McMaster University': no slides found
[8/2810] '2DM3 - McMaster University': SAVED 2 slide links via appended -> https://github.com/chowdhaj/McMaster/lectures.html
[9/2810] '2GA3 - McMaster University': SAVED 2 slide links via appended -> https://github.com/chowdhaj/McMaster/lectures.html
[10/2810] '2LC3 - McMaster University': no slides found
[11/2810] '2ME3 - McMaster University': no slides found
[12/2810] '3DB3 - McMaster University': no slides found
[13/2810] '4HC3 - McMaster University': no slides found
[14/2810] '4TB3 - McMaster University': SAVED 1 slide links via direct -> https://github.com/tanyabouman/type-inferencing-4tb3
[15/2810] 'A290 - Indiana University Bloomington': SAVED 1 slide links via appended -> https://academics.iu.edu/courses/bloomington/lectures.html
[16/2810] 'AC230 - York College': no slides found
[17/2810] 'AC297R - Harvard University': no slides found
[18/2810] 'ADMN3750 - Trent University': no slides found
[19/2810] 'AI534 - Oregon State University': no slides found
[20/2810] 'AIP2023 - Georgia State University': no slides found
[21/2810] 'AIT616 - Towson University': SAVED 1 slide links via followed -> https://www.towson.edu/academics/resources/procedures.html
[22/2810] 'AOD2176 - Temple University': SAVED 3 slide links via appended -> https://bulletin.temple.edu/undergraduate/courses/aod/lectures.html
[23/2810] 'AR2101 - Worcester Polytechnic Institute': SAVED 1 slide links via appended -> https://www.wpi.edu/academics/academic-catalog/course-descriptions/lectures.html
[24/2810] 'ATCM3308 - University of Texas at Dallas': SAVED 4 slide links via appended -> https://uca.edu/registrar/files/tceg/lectures.html
[25/2810] 'ATCM3311 - University of Texas at Dallas': SAVED 4 slide links via direct -> https://www.uta.edu/ded/osha
[26/2810] 'ATLS2100 - University of Colorado Boulder': SAVED 183 slide links via appended -> https://oit.colorado.edu/services/teaching-learning-applications/syllabus-archive/lectures.html
[27/2810] 'ATLS5519 - University of Colorado Boulder': SAVED 2 slide links via appended -> https://www.cu.edu/controller/course-catalog/lectures.html
[28/2810] 'B351 - Indiana University Bloomington': SAVED 1 slide links via appended -> https://academics.iu.edu/courses/bloomington/lectures.html
[29/2810] 'B461 - Indiana University Bloomington': SAVED 1 slide links via appended -> https://academics.iu.edu/courses/bloomington/lectures.html
[30/2810] 'B551 - Indiana University Bloomington': SAVED 1 slide links via appended -> https://academics.iu.edu/courses/bloomington/lectures.html
[31/2810] 'BADM570 - Eastern Washington University': SAVED 2 slide links via appended -> https://github.com/Foxplot/Other/blob/master/lectures.html
[32/2810] 'BE1500 - Wayne State University': SAVED 3 slide links via appended -> https://bulletins.wayne.edu/courses/be/lectures.html
[33/2810] 'BFOR100 - University at Albany': no slides found
[34/2810] 'BIDA301 - University of Victoria': SAVED 1 slide links via appended -> https://www.vu.edu.au/about-vu/news-events/publications/course-guides/lectures.html
[35/2810] 'BIMD233 - University of Washington': SAVED 2 slide links via appended -> https://github.com/crispipear/BIMD233-Guide/blob/master/lectures.html
[36/2810] 'BIS111 - University of Washington': no slides found
[37/2810] 'BNFO135 - New Jersey Institute of Technology': SAVED 2 slide links via direct -> https://web.njit.edu/~usman/courses/bnfo135_fall12/index.html
[38/2810] 'BSTA450 - Concordia University': no slides found
[39/2810] 'BUSI3401 - Memorial University of Newfoundland': no slides found
[40/2810] 'BUSM2011 - University of Colorado Boulder': SAVED 2 slide links via appended -> https://www.cu.edu/controller/course-catalog/lectures.html
[41/2810] 'C200 - Indiana University Bloomington': no slides found
[42/2810] 'C2001 - Memorial University of Newfoundland': no slides found
[43/2810] 'C212 - Indiana University Bloomington': SAVED 1 slide links via appended -> https://academics.iu.edu/courses/bloomington/lectures.html
[44/2810] 'C291 - Indiana University Bloomington': SAVED 1 slide links via appended -> https://academics.iu.edu/courses/bloomington/lectures.html
[45/2810] 'C343 - Indiana University Bloomington': SAVED 1 slide links via appended -> https://www.chem.indiana.edu/courses/c343/lectures.html
[46/2810] 'C350 - New Jersey Institute of Technology': SAVED 32 slide links via appended -> https://www.njit.edu/lectures.html
[47/2810] 'CALS002 - University of Vermont': no slides found
2810 CS courses (>= 4 ratings); 3 already have slides; 2807 to do
[1/2807] '1CP3 - McMaster University': no slides found
[2/2807] '1JC3 - McMaster University': no slides found
[3/2807] '1MC3 - McMaster University': no slides found
[4/2807] '1MD3 - McMaster University': no slides found
[5/2807] '1PR3 - McMaster University': no slides found
[6/2807] '1XD3 - McMaster University': no slides found
[7/2807] '2DA4 - McMaster University': no slides found
[8/2807] '2DM3 - McMaster University': no slides found
[9/2807] '2GA3 - McMaster University': no slides found
[10/2807] '2LC3 - McMaster University': no slides found
[11/2807] '2ME3 - McMaster University': no slides found
[12/2807] '3DB3 - McMaster University': no slides found
[13/2807] '4HC3 - McMaster University': no slides found
[14/2807] 'A290 - Indiana University Bloomington': no slides found
[15/2807] 'AC230 - York College': no slides found
[16/2807] 'AC297R - Harvard University': no slides found
[17/2807] 'ADMN3750 - Trent University': no slides found
[18/2807] 'AI534 - Oregon State University': no slides found
[19/2807] 'AIP2023 - Georgia State University': no slides found
[20/2807] 'AIT616 - Towson University': no slides found
[21/2807] 'AOD2176 - Temple University': no slides found
[22/2807] 'AR2101 - Worcester Polytechnic Institute': no slides found
[23/2807] 'ATCM3308 - University of Texas at Dallas': no slides found
[24/2807] 'ATCM3311 - University of Texas at Dallas': no slides found
[25/2807] 'ATLS2100 - University of Colorado Boulder': no slides found
[26/2807] 'ATLS5519 - University of Colorado Boulder': no slides found
[27/2807] 'B351 - Indiana University Bloomington': no slides found
[28/2807] 'B461 - Indiana University Bloomington': no slides found
[29/2807] 'B551 - Indiana University Bloomington': no slides found
[30/2807] 'BADM570 - Eastern Washington University': no slides found
[31/2807] 'BE1500 - Wayne State University': no slides found
[32/2807] 'BFOR100 - University at Albany': no slides found
[33/2807] 'BIDA301 - University of Victoria': no slides found
[34/2807] 'BIMD233 - University of Washington': no slides found
[35/2807] 'BIS111 - University of Washington': no slides found
[36/2807] 'BSTA450 - Concordia University': no slides found
[37/2807] 'BUSI3401 - Memorial University of Newfoundland': no slides found
[38/2807] 'BUSM2011 - University of Colorado Boulder': no slides found
[39/2807] 'C200 - Indiana University Bloomington': no slides found
[40/2807] 'C2001 - Memorial University of Newfoundland': no slides found
[41/2807] 'C212 - Indiana University Bloomington': no slides found
[42/2807] 'C291 - Indiana University Bloomington': no slides found
[43/2807] 'C350 - New Jersey Institute of Technology': no slides found
[44/2807] 'CALS002 - University of Vermont': no slides found
[45/2807] 'CALS1020 - University of Vermont': no slides found
[46/2807] 'CAP4053 - University of Florida': no slides found
[47/2807] 'CAP4506 - Florida International University': no slides found
[48/2807] 'CAP4601 - Florida State University': no slides found
[49/2807] 'CAP4630 - Florida International University': SAVED 4 slide links via appended -> https://floridapoly.edu/wp-content/uploads/2026/01/lectures.html
[50/2807] 'CAP5507 - Florida International University': no slides found
[51/2807] 'CAP5510 - University of Florida': no slides found
[52/2807] 'CAP5640 - Florida International University': no slides found
[53/2807] 'CAS702 - McMaster University': no slides found
[54/2807] 'CAS704 - McMaster University': no slides found
[55/2807] 'CASCS112 - Boston University': no slides found
[56/2807] 'CASCS320 - Boston University': no slides found
[57/2807] 'CC120 - Colorado College': SAVED 2 slide links via appended -> https://www.coloradocollege.edu/offices/academicprograms/fyp/cc100-cc120/lectures.html
[58/2807] 'CC312 - Brooklyn College': SAVED 7 slide links via reduced -> https://www.sci.brooklyn.cuny.edu/~yarmish/cc312/
[59/2807] 'CCCS300 - McGill University': SAVED 1 slide links via appended -> https://www.mcgill.ca/study/2024-2025/courses/cccs-300-0/lectures.html
[60/2807] 'CCJ3071 - Florida State University': SAVED 1 slide links via followed -> https://registrar.fsu.edu/node/221
[61/2807] 'CDA3031 - University of Florida': no slides found
[62/2807] 'CDA3102 - Florida International University': no slides found
[63/2807] 'CDA3103 - Florida International University': SAVED 2 slide links via appended -> https://www.cs.ucf.edu/courses/cda3103/spring05/lectures.html
[64/2807] 'CE1337 - University of Texas at Dallas': no slides found
[65/2807] 'CE4390 - University of Texas at Dallas': no slides found
[66/2807] 'CECS100 - California State University, Long Beach': SAVED 1 slide links via direct -> https://www.csulb.edu/slide/slides
[67/2807] 'CECS103 - University of Missouri': no slides found
[68/2807] 'CECS121 - University of Louisville': no slides found
[69/2807] 'CECS130 - University of Louisville': no slides found
[70/2807] 'CECS174 - California State University, Long Beach': SAVED 1 slide links via direct -> https://www.csulb.edu/slide/slides
[71/2807] 'CECS203 - University of Missouri': no slides found
[72/2807] 'CECS225 - California State University, Long Beach': SAVED 1 slide links via direct -> https://www.csulb.edu/slide/slides
[73/2807] 'CECS228 - California State University, Long Beach': no slides found
[74/2807] 'CECS229 - California State University, Long Beach': SAVED 1 slide links via direct -> https://www.csulb.edu/slide/slides
[75/2807] 'CECS274 - California State University, Long Beach': no slides found
[76/2807] 'CECS277 - California State University, Long Beach': no slides found
[77/2807] 'CECS326 - California State University, Long Beach': no slides found
[78/2807] 'CECS327 - California State University, Long Beach': SAVED 1 slide links via direct -> https://www.csulb.edu/slide/slides
[79/2807] 'CECS328 - California State University, Long Beach': no slides found
[80/2807] 'CECS329 - California State University, Long Beach': SAVED 1 slide links via direct -> https://www.csulb.edu/slide/slides
[81/2807] 'CECS343 - California State University, Long Beach': no slides found
[82/2807] 'CECS378 - California State University, Long Beach': SAVED 2 slide links via direct -> https://github.com/agiacalone/cecs-378-lecture-slides
[83/2807] 'CECS491 - California State University, Long Beach': SAVED 1 slide links via direct -> https://www.csulb.edu/slide/slides
[84/2807] 'CECS545 - University of Louisville': no slides found
[85/2807] 'CECS574 - California State University, Long Beach': SAVED 17 slide links via direct -> https://cse.sc.edu/~yiannisr/574/2015/Lectures/index.html
[86/2807] 'CEE3804 - Virginia Tech': no slides found
[87/2807] 'CEG2350 - Wright State University': no slides found
[88/2807] 'CEG3110 - Wright State University': no slides found
[89/2807] 'CEG3120 - Wright State University': no slides found
[90/2807] 'CEG320 - Wright State University': no slides found
[91/2807] 'CEG3310 - Wright State University': no slides found
[92/2807] 'CEG3400 - Wright State University': no slides found
[93/2807] 'CEG402 - Wright State University': no slides found
[94/2807] 'CEG4120 - Wright State University': no slides found
[95/2807] 'CEG4350 - Wright State University': SAVED 9 slide links via direct -> http://avida.cs.wright.edu/courses/CEG4350/
[96/2807] 'CEG4420 - Wright State University': no slides found
[97/2807] 'CEG4424 - Wright State University': no slides found
[98/2807] 'CEG4430 - Wright State University': no slides found
[99/2807] 'CEHC242 - University at Albany': no slides found
[100/2807] 'CEN3031 - University of Florida': no slides found
[101/2807] 'CEN3073 - Florida Gulf Coast University': SAVED 3 slide links via followed -> https://gulfcoast.edu/about-gcsc/administrative-offices/human-resources/title-ix.html
[102/2807] 'CEN3721 - Florida International University': no slides found
[103/2807] 'CEN4010 - Florida International University': no slides found
[104/2807] 'CEN4072 - Florida International University': SAVED 4 slide links via appended -> https://floridapoly.edu/wp-content/uploads/2026/01/lectures.html
[105/2807] 'CEN5011 - Florida International University': SAVED 14 slide links via reduced -> https://cadse.cs.fiu.edu/courses/cen5011/
[106/2807] 'CEN5087 - Florida International University': no slides found
[107/2807] 'CGS1100 - Florida Gulf Coast University': no slides found
[108/2807] 'CGS2100C - University of Central Florida': no slides found
[109/2807] 'CGS2414 - University of Florida': no slides found
[110/2807] 'CGS2518 - Florida International University': no slides found
[111/2807] 'CGS2531 - University of Florida': no slides found
[112/2807] 'CGS3092 - Florida International University': no slides found
[113/2807] 'CGS3095 - Florida International University': no slides found
[114/2807] 'CGS3767 - Florida International University': no slides found
[115/2807] 'CGS4285 - Florida International University': no slides found
[116/2807] 'CGS4825 - Florida International University': no slides found
[117/2807] 'CI101 - Drexel University': no slides found
[118/2807] 'CI103 - Drexel University': no slides found
[119/2807] 'CINF108 - University at Albany': no slides found
[120/2807] 'CINF203 - University at Albany': no slides found
[121/2807] 'CINF308 - University at Albany': no slides found
[122/2807] 'CINS220 - California State University, Chico': SAVED 1 slide links via direct -> https://www.csuchico.edu/schedule/
[123/2807] 'CINS370 - California State University, Chico': no slides found
[124/2807] 'CINS448 - California State University, Chico': no slides found
[125/2807] 'CINS465 - California State University, Chico': no slides found
[126/2807] 'CINS548 - California State University, Chico': no slides found
[127/2807] 'CIS024 - Temple University': no slides found
[128/2807] 'CIS055 - Temple University': SAVED 16 slide links via direct -> https://tanu1208.github.io/lectures.html
[129/2807] 'CIS0835 - Temple University': SAVED 2 slide links via appended -> https://studyabroad.temple.edu/academics/courses/rome/course/gened-cyberspace-and-society-cis-0835/lectures.html
[130/2807] 'CIS10 - Brooklyn College': SAVED 13 slide links via direct -> https://www.cs.cmu.edu/~yuqingt/teachings/cis10/cis10.html
[131/2807] 'CIS1010 - California State Polytechnic University, Pomona': no slides found
[132/2807] 'CIS102W - Pace University': no slides found
[133/2807] 'CIS1031 - Brooklyn College': SAVED 4 slide links via direct -> https://www.sci.brooklyn.cuny.edu/~kopec/cis10_31/
[134/2807] 'CIS105 - Arizona State University': no slides found
[135/2807] 'CIS1051 - Temple University': SAVED 14 slide links via reduced -> https://cis.temple.edu/~tuf80213/courses/temple/cis1051/slides/
[136/2807] 'CIS1055 - Temple University': no slides found
[137/2807] 'CIS11 - Brooklyn College': SAVED 47 slide links via followed -> https://huichen-cs.github.io/course/CISC1115/24SP/schedule/
[138/2807] 'CIS110 - Manhattan College': no slides found
[139/2807] 'CIS111 - University of Kentucky': SAVED 8 slide links via followed -> https://wrd.as.uky.edu/teaching-materials-database
[140/2807] 'CIS1115 - Brooklyn College': no slides found
[141/2807] 'CIS112 - University of Kentucky': no slides found
[142/2807] 'CIS114 - New Jersey Institute of Technology': no slides found
[143/2807] 'CIS117 - SUNY Brockport': no slides found
[144/2807] 'CIS122 - University of Oregon': no slides found
[145/2807] 'CIS128 - Eastern Michigan University': no slides found
[146/2807] 'CIS1323 - Texas State University': no slides found
[147/2807] 'CIS15 - Brooklyn College': SAVED 47 slide links via followed -> https://huichen-cs.github.io/course/CISC1115/24SP/schedule/
[148/2807] 'CIS150 - University of Louisville': no slides found
[149/2807] 'CIS151 - Buffalo State University': no slides found
[150/2807] 'CIS160 - University of Pennsylvania': SAVED 11 slide links via direct -> https://www.seas.upenn.edu/~jean/cis160/cis160-notes.html
[151/2807] 'CIS166 - Lehman College': SAVED 3 slide links via followed -> http://www.lehman.edu/registrar/calendars.php
[152/2807] 'CIS173 - Eastern Michigan University': no slides found
[153/2807] 'CIS175 - Eastern Michigan University': no slides found
[154/2807] 'CIS199 - University of Louisville': no slides found
[155/2807] 'CIS200 - Kansas State University': no slides found
[156/2807] 'CIS2000 - Baruch College': no slides found
[157/2807] 'CIS2010 - Georgia State University': SAVED 15 slide links via direct -> https://www2.isye.gatech.edu/~hsharp/cis2010/
[158/2807] 'CIS2033 - Temple University': SAVED 19 slide links via reduced -> https://cis.temple.edu/~latecki/Courses/CIS2033-Spring14/PPT/
[159/2807] 'CIS204 - James Madison University': no slides found
[160/2807] 'CIS205 - University of Louisville': no slides found
[161/2807] 'CIS209 - Kansas State University': no slides found
[162/2807] 'CIS210 - Manhattan College': SAVED 65 slide links via appended -> https://www.qcc.cuny.edu/business/syllabi/lectures/
[163/2807] 'CIS211 - Elon University': no slides found
[164/2807] 'CIS212 - Lehman College': no slides found
[165/2807] 'CIS2166 - Temple University': SAVED 13 slide links via followed -> https://cis-linux1.temple.edu/~latecki/Courses/CIS2166-Spring25/scheduleCIS2166.html
[166/2807] 'CIS2168 - Temple University': no slides found
[167/2807] 'CIS2200 - Baruch College': no slides found
[168/2807] 'CIS2210 - Brooklyn College': SAVED 18 slide links via direct -> https://www.sci.brooklyn.cuny.edu/~ziegler/CISC2210/CISC2210.html
[169/2807] 'CIS2229 - Temple University': no slides found
[170/2807] 'CIS23 - Brooklyn College': no slides found
[171/2807] 'CIS230 - Temple University': no slides found
[172/2807] 'CIS2300 - Baruch College': no slides found
[173/2807] 'CIS2324 - Texas State University': no slides found
[174/2807] 'CIS2332 - University of Houston': no slides found
[175/2807] 'CIS2348 - University of Houston': no slides found
[176/2807] 'CIS235 - Arizona State University': no slides found
[177/2807] 'CIS236 - Arizona State University': SAVED 5 slide links via appended -> https://provost.asu.edu/sites/g/files/litvpz671/files/gsc/1681/lectures.html
[178/2807] 'CIS24 - Brooklyn College': SAVED 1 slide links via appended -> https://www.brooklyn.edu/wp-content/uploads/lectures.html
[179/2807] 'CIS244 - Lehman College': no slides found
[180/2807] 'CIS250 - Wesleyan University': SAVED 10 slide links via appended -> https://www.wesleyan.edu/slc/projects-courses/lectures/
[181/2807] 'CIS2500 - Western Michigan University': no slides found
[182/2807] 'CIS251 - Buffalo State University': SAVED 48 slide links via reduced -> https://cse.buffalo.edu/courses/cse250/2025-sp/slides/
[183/2807] 'CIS26 - Brooklyn College': no slides found
[184/2807] 'CIS2600 - Western Michigan University': no slides found
[185/2807] 'CIS2640 - Western Michigan University': no slides found
[186/2807] 'CIS2700 - Western Michigan University': no slides found
[187/2807] 'CIS280 - New Jersey Institute of Technology': no slides found
[188/2807] 'CIS283 - California State University, Los Angeles': no slides found
[189/2807] 'CIS2830 - California State University, Los Angeles': no slides found
[190/2807] 'CIS2900 - Western Michigan University': no slides found
[191/2807] 'CIS300 - Arizona State University': SAVED 5 slide links via direct -> https://github.com/SUCourses/cis300-18spring
[192/2807] 'CIS301 - Kansas State University': no slides found
[193/2807] 'CIS3020 - University of Florida': no slides found
[194/2807] 'CIS3022 - University of Florida': no slides found
[195/2807] 'CIS3023 - University of Florida': no slides found
[196/2807] 'CIS304 - James Madison University': no slides found
[197/2807] 'CIS3060 - California State University, Los Angeles': no slides found
[198/2807] 'CIS308 - Kansas State University': SAVED 4 slide links via direct -> https://github.com/JohnMB97/CIS308-Final/blob/master/308FinalSlides.pptx
[199/2807] 'CIS309 - Arizona State University': no slides found
[200/2807] 'CIS31 - Brooklyn College': SAVED 72 slide links via followed -> https://huichen-cs.github.io/course/CISC3115/23FA/schedule/
[201/2807] 'CIS3100 - California State Polytechnic University, Pomona': no slides found
[202/2807] 'CIS313 - Northwestern University': no slides found
[203/2807] 'CIS315 - Buffalo State University': no slides found
[204/2807] 'CIS317 - Northwestern University': SAVED 9 slide links via direct -> https://www.cs.northwestern.edu/~ychen/classes/cs317/lectures.html
[205/2807] 'CIS3229 - Temple University': SAVED 27 slide links via direct -> https://cis.temple.edu/~tug29203/23fall-3329/syllabus.html
[206/2807] 'CIS3250 - Florida State University': SAVED 4 slide links via appended -> https://www.cs.fsu.edu/UCC/2023-2024UGCC/march-22-2024/lectures.html
[207/2807] 'CIS3260 - Georgia State University': no slides found
[208/2807] 'CIS3296 - Temple University': no slides found
[209/2807] 'CIS3305 - Texas State University': no slides found
[210/2807] 'CIS331 - Lehman College': SAVED 19 slide links via appended -> http://comet.lehman.cuny.edu/sfakhouri/teaching/cis/cis331/f16/calendar.html
[211/2807] 'CIS3320 - University of Houston': no slides found
[212/2807] 'CIS335 - Eastern Michigan University': SAVED 12 slide links via direct -> https://rahatibnrafiq.github.io/cis335/
[213/2807] 'CIS3360 - University of Central Florida': SAVED 24 slide links via direct -> https://www.cs.ucf.edu/~czou/CIS3360-12/notes.html
[214/2807] 'CIS3365 - University of Houston': no slides found
[215/2807] 'CIS3374 - Texas State University': SAVED 1 slide links via direct -> https://github.com/Blucky87/cis3374
[216/2807] 'CIS3380 - Texas State University': no slides found
[217/2807] 'CIS340 - Arizona State University': no slides found
[218/2807] 'CIS3400 - Baruch College': no slides found
[219/2807] 'CIS344 - Lehman College': SAVED 3 slide links via followed -> http://www.lehman.edu/registrar/calendars.php
[220/2807] 'CIS345 - Cleveland State University': SAVED 2 slide links via appended -> https://engineering.csuohio.edu/sites/default/files/lectures.html
[221/2807] 'CIS3550 - Baruch College': no slides found
[222/2807] 'CIS3610 - California State University, Los Angeles': no slides found
[223/2807] 'CIS3650 - California State Polytechnic University, Pomona': no slides found
[224/2807] 'CIS370 - Colorado State University': no slides found
[225/2807] 'CIS3730 - Georgia State University': no slides found
[226/2807] 'CIS375 - Buffalo State University': no slides found
[227/2807] 'CIS388 - Missouri State University': no slides found
[228/2807] 'CIS3920 - Baruch College': no slides found
[229/2807] 'CIS400 - Buffalo State University': no slides found
[230/2807] 'CIS408 - Cleveland State University': SAVED 45 slide links via reduced -> https://eecs.csuohio.edu/~sschung/CIS408/
[231/2807] 'CIS4093 - Baruch College': no slides found
[232/2807] 'CIS410 - Buffalo State University': no slides found
[233/2807] 'CIS4100 - California State University, Los Angeles': no slides found
[234/2807] 'CIS411 - Buffalo State University': SAVED 1 slide links via direct -> https://github.com/Gracyp23/CIS-411---QuickMart---Retail-Store-Management-Database
[235/2807] 'CIS411W - Buffalo State University': no slides found
[236/2807] 'CIS415 - Kansas State University': no slides found
[237/2807] 'CIS417 - Northwestern University': no slides found
[238/2807] 'CIS424 - Cleveland State University': no slides found
[239/2807] 'CIS425 - Arizona State University': no slides found
[240/2807] 'CIS429 - Missouri State University': no slides found
[241/2807] 'CIS4301 - University of Florida': no slides found
[242/2807] 'CIS4333 - California State Polytechnic University, Pomona': no slides found
[243/2807] 'CIS434 - New Jersey Institute of Technology': no slides found
[244/2807] 'CIS4360 - University of Florida': SAVED 23 slide links via direct -> https://www.cise.ufl.edu/~nemo/cis4360/
[245/2807] 'CIS4398 - Temple University': no slides found
[246/2807] 'CIS444 - University of Louisville': no slides found
[247/2807] 'CIS446 - Arizona State University': no slides found
[248/2807] 'CIS4510 - California State University, Los Angeles': no slides found
[249/2807] 'CIS454 - California State University, Los Angeles': no slides found
[250/2807] 'CIS4540 - California State University, Los Angeles': no slides found
[251/2807] 'CIS457 - Cleveland State University': no slides found
[252/2807] 'CIS4580 - California State University, Los Angeles': no slides found
[253/2807] 'CIS4640 - Western Michigan University': no slides found
[254/2807] 'CIS465 - Northwestern University': SAVED 20 slide links via direct -> https://www.cs.northwestern.edu/courses/394/slides.php
[255/2807] 'CIS4680 - Georgia State University': no slides found
[256/2807] 'CIS4688 - Georgia State University': no slides found
[257/2807] 'CIS4715 - University of Florida': no slides found
[258/2807] 'CIS480 - Cleveland State University': no slides found
[259/2807] 'CIS484 - California State University, Los Angeles': no slides found
[260/2807] 'CIS490 - New Jersey Institute of Technology': no slides found
[261/2807] 'CIS491 - New Jersey Institute of Technology': no slides found
[262/2807] 'CIS502 - University of Pennsylvania': no slides found
[263/2807] 'CIS52 - Brooklyn College': SAVED 4 slide links via direct -> https://www.sci.brooklyn.cuny.edu/~sokol/CIS52/slides.html
[264/2807] 'CIS524 - Cleveland State University': no slides found
[265/2807] 'CIS525 - Kansas State University': no slides found
[266/2807] 'CIS541 - Arizona State University': no slides found
[267/2807] 'CIS55 - Temple University': SAVED 16 slide links via reduced -> https://cis.temple.edu/~qzeng/cis5512-fall2017/slides/
[268/2807] 'CIS550 - Eastern Michigan University': no slides found
[269/2807] 'CIS551 - Kansas State University': no slides found
[270/2807] 'CIS554 - Cleveland State University': SAVED 1 slide links via term-bumped -> https://academic.csuohio.edu/zhao-wenbing/wp-content/uploads/sites/67/2024/06/cis454lecture7new.pptx
[271/2807] 'CIS610 - New Jersey Institute of Technology': no slides found
[272/2807] 'CIS620 - Cleveland State University': SAVED 2 slide links via appended -> https://online.colostate.edu/courses/CIS/lectures.html
[273/2807] 'CIS631 - New Jersey Institute of Technology': no slides found
[274/2807] 'CIS635 - New Jersey Institute of Technology': no slides found
[275/2807] 'CIS650 - New Jersey Institute of Technology': no slides found
[276/2807] 'CIS655 - Missouri State University': SAVED 2 slide links via appended -> https://online.colostate.edu/courses/CIS/lectures.html
[277/2807] 'CIS6930 - University of Florida': SAVED 3 slide links via direct -> https://users.cis.fiu.edu/~jabobadi/CIS6930/contents.html
[278/2807] 'CIS734 - New Jersey Institute of Technology': no slides found
[279/2807] 'CIS7500 - Brooklyn College': no slides found
[280/2807] 'CIS751 - Kansas State University': no slides found
[281/2807] 'CIS835 - Temple University': no slides found
[282/2807] 'CIS9001 - Baruch College': no slides found
[283/2807] 'CIS9002 - Baruch College': no slides found
[284/2807] 'CIS9340 - Baruch College': no slides found
[285/2807] 'CIS935 - Temple University': no slides found
[286/2807] 'CIS9490 - Baruch College': no slides found
[287/2807] 'CIS9650 - Baruch College': no slides found
[288/2807] 'CIS9660 - Baruch College': no slides found
[289/2807] 'CISC055 - Temple University': SAVED 16 slide links via direct -> https://tanu1208.github.io/lectures.html
[290/2807] 'CISC1050 - Brooklyn College': SAVED 1 slide links via direct -> https://www.sci.brooklyn.cuny.edu/~nikolas/CISC1050/CISC1050_Fall16.html
[291/2807] 'CISC106 - University of Delaware': SAVED 1 slide links via appended -> https://www1.udel.edu/CIS/106/pconrad/lectures.html
[292/2807] 'CISC108 - University of Delaware': no slides found
[293/2807] 'CISC1100 - Fordham University': SAVED 10 slide links via direct -> https://www.dsm.fordham.edu/~agw/structures/slides/
[294/2807] 'CISC1110 - Brooklyn College': no slides found
[295/2807] 'CISC1115 - Brooklyn College': no slides found
[296/2807] 'CISC1400 - Fordham University': no slides found
[297/2807] 'CISC1600 - Brooklyn College': no slides found
[298/2807] 'CISC2000 - Fordham University': SAVED 1 slide links via direct -> https://www.dsm.fordham.edu/~agw/cs2/handouts/
[299/2807] 'CISC2100 - Fordham University': SAVED 18 slide links via followed -> https://storm.cis.fordham.edu/zhang/cs2100/schedule.htm
[300/2807] 'CISC2210 - Brooklyn College': no slides found
[301/2807] 'CISC223 - Lakehead University': SAVED 2 slide links via appended -> https://www.cs.queensu.ca/undergraduate/courses/CISC-223/lectures.html
[302/2807] 'CISC3110 - Brooklyn College': SAVED 9 slide links via direct -> https://www.sci.brooklyn.cuny.edu/~shoshana/cisc3110/classnotes.html
[303/2807] 'CISC3115 - Brooklyn College': SAVED 76 slide links via followed -> https://huichen-cs.github.io/course/CISC3115/20FA/schedule/
[304/2807] 'CISC3130 - Brooklyn College': no slides found
[305/2807] 'CISC3140 - Brooklyn College': SAVED 22 slide links via reduced -> https://www.sci.brooklyn.cuny.edu/~meyer/CISC3140/lectures/
[306/2807] 'CISC3142 - Brooklyn College': no slides found
[307/2807] 'CISC3150 - Brooklyn College': no slides found
[308/2807] 'CISC3160 - Brooklyn College': SAVED 5 slide links via direct -> https://www.sci.brooklyn.cuny.edu/~zhou/teaching/cis3160/index.html
[309/2807] 'CISC3171 - Brooklyn College': SAVED 27 slide links via followed -> https://huichen-cs.github.io/course/CISC3171/23SP/schedule/
[310/2807] 'CISC320 - University of Delaware': SAVED 1 slide links via direct -> https://www.eecis.udel.edu/~saunders/courses/320/15s/index.html
[311/2807] 'CISC3410 - Brooklyn College': SAVED 35 slide links via appended -> https://www.sci.brooklyn.cuny.edu/~parsons/courses/3410-fall-2012/notes/
[312/2807] 'CISC3500 - Fordham University': no slides found
[313/2807] 'CISC355 - University of Delaware': SAVED 1 slide links via followed -> https://www.cs.odu.edu/~zeil/cs355/f25-web/Public/orientationSlides/orientation.mmd.html
[314/2807] 'CISC3593 - Fordham University': no slides found
[315/2807] 'CISC4080 - Fordham University': SAVED 6 slide links via direct -> https://storm.cis.fordham.edu/~zhang/cs4080/schedule.htm
[316/2807] 'CISC4615 - Fordham University': no slides found
[317/2807] 'CISC684 - University of Delaware': SAVED 5 slide links via followed -> https://github.com/DesiPilla/MachineLearning/tree/master/Lecture%20Slides
[318/2807] 'CISI012 - Queens College': SAVED 1 slide links via followed -> https://www.qc.cuny.edu/ocd/diversity-week
[319/2807] 'CISS340 - Western Washington University': SAVED 108 slide links via followed -> https://courses.cs.washington.edu/courses/cse340/23wi/schedule.html
[320/2807] 'CISS471 - Western Washington University': no slides found
[321/2807] 'CIT592 - University of Pennsylvania': SAVED 1 slide links via appended -> https://mosa.seas.upenn.edu/cit-592/lectures.html
[322/2807] 'CITE30103 - Texas Christian University': SAVED 1 slide links via appended -> https://cse.tcu.edu/computer-science/files/syllabi/lectures.html
[323/2807] 'CJE4615 - Florida State University': SAVED 2 slide links via appended -> https://www.mdc.edu/asa/documents/competencies/pdf/lectures.html
[324/2807] 'CJS322 - University of Dayton': no slides found
[325/2807] 'CMCI1010 - University of Colorado Boulder': no slides found
[326/2807] 'CMDP3510 - University of Colorado Boulder': no slides found
[327/2807] 'CMOP3010 - University of Manitoba': no slides found
[328/2807] 'CMP157 - Lehman College': SAVED 3 slide links via followed -> http://www.lehman.edu/registrar/calendars.php
[329/2807] 'CMPCS201 - Penn State University': SAVED 1 slide links via appended -> https://pennstatelearning.psu.edu/cmpsc201/lectures.html
[330/2807] 'CMPE120 - San Jose State University': no slides found
[331/2807] 'CMPE126 - San Jose State University': SAVED 1 slide links via appended -> https://www.sjsu.edu/people/xiao.su/courses/cmpe126/s1/lectures.html
[332/2807] 'CMPE130 - San Jose State University': no slides found
[333/2807] 'CMPE142 - San Jose State University': SAVED 14 slide links via direct -> https://www.cs.sjsu.edu/~mak/archive/CMPE142/index.html
[334/2807] 'CMPE148 - San Jose State University': no slides found
[335/2807] 'CMPE18092 - San Jose State University': SAVED 30 slide links via followed -> https://www.sjsu.edu/classes/schedules/archive/index.php
[336/2807] 'CMPE180A - San Jose State University': SAVED 40 slide links via direct -> https://www.cs.sjsu.edu/~mak/archive/CMPE180A/index.html
[337/2807] 'CMPE206 - San Jose State University': no slides found
[338/2807] 'CMPE294 - San Jose State University': no slides found
[339/2807] 'CMPEN221 - Penn State University': no slides found
[340/2807] 'CMPEN270 - Penn State University': no slides found
[341/2807] 'CMPEN311 - Penn State University': SAVED 5 slide links via direct -> https://github.com/PSUCMPSC311/psucmpsc311.github.io
[342/2807] 'CMPEN331 - Penn State University': no slides found
[343/2807] 'CMPEN454 - Penn State University': SAVED 34 slide links via reduced -> https://www.cse.psu.edu/~rtc12/CSE486/
[344/2807] 'CMPSC100 - Penn State University': SAVED 14 slide links via direct -> https://computational-expression.github.io/course_information/
[345/2807] 'CMPSC101 - Penn State University': SAVED 1 slide links via appended -> https://student.worldcampus.psu.edu/course-catalog/course/2241/10108/lectures.html
[346/2807] 'CMPSC1050 - University of Missouri': no slides found
[347/2807] 'CMPSC111 - University of California, Santa Barbara': no slides found
[348/2807] 'CMPSC121 - Penn State University': no slides found
[349/2807] 'CMPSC131 - Suffolk University': no slides found
[350/2807] 'CMPSC132 - Penn State University': no slides found
[351/2807] 'CMPSC16 - University of California, Santa Barbara': no slides found
[352/2807] 'CMPSC200 - Penn State University': no slides found
[353/2807] 'CMPSC201 - Penn State University': SAVED 1 slide links via appended -> https://pennstatelearning.psu.edu/cmpsc201/lectures.html
[354/2807] 'CMPSC201C - Penn State University': no slides found
[355/2807] 'CMPSC203 - Penn State University': no slides found
[356/2807] 'CMPSC311 - Penn State University': SAVED 5 slide links via direct -> https://github.com/PSUCMPSC311/psucmpsc311.github.io
[357/2807] 'CMPSC32 - University of California, Santa Barbara': no slides found
[358/2807] 'CMPSC3330 - University of Missouri': no slides found
[359/2807] 'CMPSC360 - Penn State University': no slides found
[360/2807] 'CMPSC4050 - University of Missouri': no slides found
[361/2807] 'CMPSC431W - Penn State University': no slides found
[362/2807] 'CMPSC4320 - University of Missouri': no slides found
[363/2807] 'CMPSC442 - Penn State University': no slides found
[364/2807] 'CMPSC448 - Penn State University': no slides found
[365/2807] 'CMPSC461 - Penn State University': no slides found
[366/2807] 'CMPSC473 - Penn State University': no slides found
[367/2807] 'CMPSC475 - Penn State University': no slides found
[368/2807] 'CMPSC64 - University of California, Santa Barbara': SAVED 17 slide links via direct -> https://ucsb-cs64.github.io/w20/
[369/2807] 'CMPSC8 - University of California, Santa Barbara': SAVED 1 slide links via followed -> https://ucsb-cs8.github.io/w20/lec_list/
[370/2807] 'CMPSC9 - University of California, Santa Barbara': SAVED 15 slide links via direct -> http://sites.cs.ucsb.edu/~zsisco/cs9/
[371/2807] 'CMPT101 - Manhattan College': no slides found
[372/2807] 'CMPT102 - Manhattan College': no slides found
[373/2807] 'CMPT103L - Marist College': SAVED 3 slide links via appended -> https://www.marist.edu/documents/d/guest/longo-_welcome-ltr-cmpt103l721-winter-2025/lectures.html
[374/2807] 'CMPT105L - Marist College': no slides found
[375/2807] 'CMPT105W - Simon Fraser University': no slides found
[376/2807] 'CMPT115 - University of Montreal': SAVED 1 slide links via appended -> https://www.sfu.ca/students/calendar/courses/cmpt/lectures.html
[377/2807] 'CMPT120 - Marist College': no slides found
[378/2807] 'CMPT120L - Marist College': no slides found
[379/2807] 'CMPT125 - Simon Fraser University': no slides found
[380/2807] 'CMPT126 - Simon Fraser University': no slides found
[381/2807] 'CMPT128 - Simon Fraser University': SAVED 1 slide links via appended -> https://www.sfu.ca/students/calendar/courses/cmpt/lectures.html
[382/2807] 'CMPT130 - Simon Fraser University': SAVED 3 slide links via direct -> https://opencoursehub.cs.sfu.ca/bfraser/grav-cms/cmpt130/modules
[383/2807] 'CMPT135 - Simon Fraser University': no slides found
[384/2807] 'CMPT141 - University of Montreal': no slides found
[385/2807] 'CMPT150 - Simon Fraser University': SAVED 36 slide links via direct -> https://www2.cs.sfu.ca/CourseCentral/150/eyal/schedule.html
[386/2807] 'CMPT155 - Manhattan College': SAVED 3 slide links via direct -> https://github.com/IEPEREZ/CMPT155Slides/blob/master/Lecture03_S22/Lecture_03_S22.pdf
[387/2807] 'CMPT210 - Simon Fraser University': SAVED 1 slide links via appended -> https://www.sfu.ca/students/calendar/2026/summer/courses/cmpt/lectures.html
[388/2807] 'CMPT213 - Simon Fraser University': no slides found
[389/2807] 'CMPT214 - University of Montreal': no slides found
[390/2807] 'CMPT220 - Marist College': no slides found
[391/2807] 'CMPT220L - Marist College': no slides found
[392/2807] 'CMPT225 - Simon Fraser University': SAVED 1 slide links via direct -> https://www.cs.sfu.ca/~ishinkar/teaching/fall25/cmpt225/syllabus.html
[393/2807] 'CMPT230L - Marist College': no slides found
[394/2807] 'CMPT260 - University of Montreal': no slides found
[395/2807] 'CMPT270 - University of Montreal': SAVED 1 slide links via followed -> https://dms.umontreal.ca/en/resources/resources-and-forms
[396/2807] 'CMPT275 - Simon Fraser University': SAVED 73 slide links via appended -> https://www2.cs.sfu.ca/CourseCentral/275/jregan/notes/
[397/2807] 'CMPT276 - Simon Fraser University': no slides found
[398/2807] 'CMPT280 - University of Montreal': SAVED 1 slide links via followed -> https://dms.umontreal.ca/en/resources/resources-and-forms
[399/2807] 'CMPT295 - Simon Fraser University': SAVED 1 slide links via appended -> https://cmpt-295-sfu.github.io/website//lectures.html
[400/2807] 'CMPT300 - Simon Fraser University': no slides found
[401/2807] 'CMPT306 - Marist College': no slides found
[402/2807] 'CMPT307 - Simon Fraser University': no slides found
[403/2807] 'CMPT308 - Simon Fraser University': SAVED 49 slide links via direct -> https://www.sfu.ca/~kabanets/308/
[404/2807] 'CMPT310 - Simon Fraser University': SAVED 1 slide links via appended -> https://www.sfu.ca/students/calendar/courses/cmpt/lectures.html
[405/2807] 'CMPT312 - Manhattan College': no slides found
[406/2807] 'CMPT318 - Simon Fraser University': SAVED 1 slide links via appended -> https://www.sfu.ca/students/calendar/2026/fall/courses/cmpt/lectures.html
[407/2807] 'CMPT320 - Simon Fraser University': SAVED 27 slide links via direct -> https://www2.cs.sfu.ca/CourseCentral/320/mgabier/courseContent.html
[408/2807] 'CMPT335 - Manhattan College': no slides found
[409/2807] 'CMPT354 - Simon Fraser University': SAVED 14 slide links via direct -> https://sfu-db.github.io/cmpt354/
[410/2807] 'CMPT361 - Simon Fraser University': SAVED 1 slide links via appended -> https://www.sfu.ca/students/calendar/courses/cmpt/lectures.html
[411/2807] 'CMPT362 - Simon Fraser University': SAVED 1 slide links via appended -> https://www.sfu.ca/students/calendar/2026/summer/courses/cmpt/lectures.html
[412/2807] 'CMPT363 - Simon Fraser University': SAVED 1 slide links via direct -> https://opencoursehub.cs.sfu.ca/paulh/cmpt-363/202/home
[413/2807] 'CMPT365 - Simon Fraser University': SAVED 15 slide links via direct -> https://www2.cs.sfu.ca/CourseCentral/365/mark/
[414/2807] 'CMPT371 - Simon Fraser University': SAVED 1 slide links via direct -> https://www2.cs.sfu.ca/CourseCentral/371/tiko/
[415/2807] 'CMPT373 - Simon Fraser University': SAVED 1 slide links via direct -> https://opencoursehub.cs.sfu.ca/bfraser/grav-cms/cmpt373/notes
[416/2807] 'CMPT383 - Simon Fraser University': no slides found
[417/2807] 'CMPT405 - Simon Fraser University': SAVED 24 slide links via direct -> https://www.cs.sfu.ca/~ishinkar/teaching/spring22/cmpt405/lectures.html
[418/2807] 'CMPT421 - Marist College': no slides found
[419/2807] 'CMPT431 - Simon Fraser University': no slides found
[420/2807] 'CMPT433 - Simon Fraser University': SAVED 2 slide links via followed -> https://opencoursehub.cs.sfu.ca/bfraser/grav-cms/cmpt433/links
[421/2807] 'CMPT435 - Marist College': SAVED 1 slide links via appended -> https://courses.grainger.illinois.edu/NPRE435/fa2025/course%20materials/lectures.html
[422/2807] 'CMPT471 - Simon Fraser University': no slides found
[423/2807] 'CMPT474 - Simon Fraser University': SAVED 1 slide links via appended -> https://www.sfu.ca/students/calendar/2026/fall/courses/cmpt/lectures.html
[424/2807] 'CMPT487 - University of Montreal': SAVED 1 slide links via followed -> https://dms.umontreal.ca/en/resources/resources-and-forms
[425/2807] 'CMPT705 - Simon Fraser University': SAVED 9 slide links via direct -> https://www2.cs.sfu.ca/CourseCentral/705/ramesh/lectureslides.html
[426/2807] 'CMPT756 - Simon Fraser University': SAVED 1 slide links via appended -> https://www.sfu.ca/students/calendar/2026/fall/courses/cmpt/lectures.html
[427/2807] 'CMPU101 - Vassar College': no slides found
[428/2807] 'CMPU224 - Vassar College': SAVED 22 slide links via direct -> https://cs224.cs.vassar.edu/
[429/2807] 'CMPU241 - Vassar College': SAVED 14 slide links via appended -> https://www.cs.vassar.edu/~cs241/lectures.html
[430/2807] 'CMPUT261 - University of Alberta': SAVED 10 slide links via followed -> https://github.com/ChanchalKumarMaji/Reinforcement-Learning-Specialization/tree/master/David%20Silver%20RL%20slides
[431/2807] 'CMPUT267 - University of Alberta': no slides found
[432/2807] 'CMPUT366 - University of Alberta': SAVED 17 slide links via reduced -> https://web.stanford.edu/class/cme241/lecture_slides/rich_sutton_slides/
[433/2807] 'CMSC122 - University of Maryland': SAVED 19 slide links via direct -> https://www.cs.umd.edu/class/fall2025/cmsc122-0101/schedule.shtml
[434/2807] 'CMSC131 - University of Maryland': SAVED 30 slide links via direct -> https://www.cs.umd.edu/class/fall2024/cmsc131-030X-040X/schedule.shtml
[435/2807] 'CMSC132 - University of Maryland': SAVED 27 slide links via followed -> https://www.cs.umd.edu/class/spring2025/cmsc132-010X-020X/schedule.shtml
[436/2807] 'CMSC14400 - University of Chicago': no slides found
[437/2807] 'CMSC216 - University of Maryland': no slides found
[438/2807] 'CMSC23000 - University of Chicago': no slides found
[439/2807] 'CMSC231 - Haverford College': SAVED 19 slide links via direct -> https://thao-nguyen-ai.github.io/courses/cs105/s25/index.html
[440/2807] 'CMSC235 - Virginia Commonwealth University': no slides found
[441/2807] 'CMSC250 - University of Maryland': SAVED 1 slide links via term-bumped -> https://www.cs.umd.edu/class/fall2025/cmsc250-010X/
[442/2807] 'CMSC255 - Virginia Commonwealth University': no slides found
[443/2807] 'CMSC256 - Virginia Commonwealth University': no slides found
[444/2807] 'CMSC260 - Haverford College': SAVED 26 slide links via direct -> http://cs.haverford.edu/faculty/smathieson/teaching/cs260/
[445/2807] 'CMSC304 - Virginia Commonwealth University': no slides found
[446/2807] 'CMSC311 - Virginia Commonwealth University': no slides found
[447/2807] 'CMSC312 - Virginia Commonwealth University': no slides found
[448/2807] 'CMSC340 - Haverford College': SAVED 2 slide links via appended -> https://ugc.umbc.edu/files/2020/03/lectures.html
[449/2807] 'CMSC403 - Virginia Commonwealth University': no slides found
[450/2807] 'CMSC411 - University of Maryland': SAVED 1 slide links via direct -> https://www.csee.umbc.edu/~younis/CMSC411/CMSC411.htm
[451/2807] 'CMSI185 - Loyola Marymount University': no slides found
[452/2807] 'CMSI2021 - Loyola Marymount University': no slides found
[453/2807] 'CMSI284 - Loyola Marymount University': no slides found
[454/2807] 'CMSI3801 - Loyola Marymount University': SAVED 12 slide links via direct -> https://cs.lmu.edu/~ray/
[455/2807] 'CMSI386 - Loyola Marymount University': SAVED 1 slide links via followed -> https://academics.lmu.edu/cfd/resources/classobservationsreviews/
[456/2807] 'CNT4182 - Florida International University': no slides found
[457/2807] 'CNT4403 - Florida International University': SAVED 1 slide links via appended -> https://www.fau.edu/uupc/documents/materials/2019/december-2-2019/lectures.html
[458/2807] 'CNT4513 - Florida International University': no slides found
[459/2807] 'CNT6141 - Florida International University': no slides found
[460/2807] 'CO1083 - University of Texas at San Antonio': SAVED 15 slide links via appended -> https://www.cs.utsa.edu/~cs1083/lectures/
[461/2807] 'COCS2320 - University of Houston': no slides found
[462/2807] 'COCS237 - Towson University': SAVED 1 slide links via followed -> https://www.towson.edu/academics/resources/procedures.html
[463/2807] 'COEN20 - Santa Clara University': no slides found
[464/2807] 'COEN210 - Santa Clara University': no slides found
[465/2807] 'COEN235 - Santa Clara University': SAVED 21 slide links via direct -> https://santaclarauniversity.github.io/scu-bulletins/engineering-bulletin/chapter-10-department-of-computerscience-and-engineering.html
[466/2807] 'COEN240 - Santa Clara University': no slides found
[467/2807] 'COEN250 - Santa Clara University': SAVED 2 slide links via direct -> https://www.scu.edu/engineering/current-student-resources/current-undergraduate-students/presentation-templates-and-graphics/
[468/2807] 'COEN276 - Santa Clara University': no slides found
[469/2807] 'COEN279 - Santa Clara University': no slides found
[470/2807] 'COEN283 - Santa Clara University': no slides found
[471/2807] 'COEN380 - Santa Clara University': SAVED 2 slide links via direct -> https://www.scu.edu/engineering/current-student-resources/current-undergraduate-students/presentation-templates-and-graphics/
[472/2807] 'COEN383 - Santa Clara University': SAVED 2 slide links via direct -> https://www.scu.edu/engineering/current-student-resources/current-undergraduate-students/presentation-templates-and-graphics/
[473/2807] 'COEN70 - Santa Clara University': SAVED 21 slide links via direct -> https://santaclarauniversity.github.io/scu-bulletins/engineering-bulletin/chapter-10-department-of-computerscience-and-engineering.html
[474/2807] 'COEN79 - Santa Clara University': SAVED 1 slide links via followed -> https://www.scu.edu/engineering/faculty--staff/faculty--staff-resources/
[475/2807] 'COIS1020 - Trent University': no slides found
[476/2807] 'COM2402 - Carleton University': no slides found
[477/2807] 'COM3020 - University of Manitoba': SAVED 2 slide links via appended -> https://umanitoba.ca/science/sites/science/files/2023-08/lectures.html
[478/2807] 'COMM169 - University of California, Santa Barbara': no slides found
[479/2807] 'COMM213 - University of Montreal': no slides found
[480/2807] 'COMM88 - University of California, Santa Barbara': no slides found
[481/2807] 'COMP0011 - Tufts University': no slides found
[482/2807] 'COMP0015 - Tufts University': SAVED 2 slide links via appended -> https://sites.tufts.edu/comp15/lectures.html
[483/2807] 'COMP003 - Howard University': no slides found
[484/2807] 'COMP01111 - Rowan University': no slides found
[485/2807] 'COMP01112 - Rowan University': no slides found
[486/2807] 'COMP0411 - Lakehead University': no slides found
[487/2807] 'COMP100 - SUNY Oneonta': no slides found
[488/2807] 'COMP1000 - SUNY Oneonta': SAVED 2 slide links via direct -> https://github.com/dakshAg/comp10001
[489/2807] 'COMP1001 - Carleton University': no slides found
[490/2807] 'COMP10012 - SUNY Oneonta': no slides found
[491/2807] 'COMP1005 - Carleton University': no slides found
[492/2807] 'COMP101 - Fordham University': no slides found
[493/2807] 'COMP1010 - University of Manitoba': SAVED 2 slide links via appended -> https://umanitoba.ca/science/sites/science/files/2023-08/lectures.html
[494/2807] 'COMP1012 - University of Manitoba': SAVED 2 slide links via appended -> https://umanitoba.ca/science/sites/science/files/2023-08/lectures.html
[495/2807] 'COMP1020 - University of Manitoba': SAVED 2 slide links via appended -> https://umanitoba.ca/science/sites/science/files/2023-08/lectures.html
[496/2807] 'COMP1100 - Fordham University': no slides found
[497/2807] 'COMP1102 - Fordham University': no slides found
[498/2807] 'COMP112 - Tufts University': no slides found
[499/2807] 'COMP1210 - Auburn University': SAVED 1 slide links via followed -> https://www.eng.auburn.edu/~cross/comp1210/main.html
[500/2807] 'COMP123 - Macalester College': no slides found
[501/2807] 'COMP125 - Loyola University Chicago': no slides found
[502/2807] 'COMP1260 - University of Manitoba': no slides found
[503/2807] 'COMP127 - Macalester College': no slides found
[504/2807] 'COMP128 - Macalester College': SAVED 99 slide links via direct -> https://ece.uwaterloo.ca/~dwharder/aads/Lecture_materials/
[505/2807] 'COMP130 - Dickinson College': SAVED 1 slide links via followed -> https://dickinson-comp130-02-fa2025.github.io/comp130-web/resources
[506/2807] 'COMP140 - Rice University': no slides found
[507/2807] 'COMP1405 - Carleton University': no slides found
[508/2807] 'COMP1406 - Carleton University': no slides found
[509/2807] 'COMP1411 - Lakehead University': no slides found
[510/2807] 'COMP1431 - Lakehead University': no slides found
[511/2807] 'COMP15 - Tufts University': SAVED 2 slide links via appended -> https://sites.tufts.edu/comp15/lectures.html
[512/2807] 'COMP150 - SUNY Oneonta': no slides found
[513/2807] 'COMP1501 - Carleton University': no slides found
[514/2807] 'COMP1600 - University of Manitoba': no slides found
[515/2807] 'COMP170 - Loyola University Chicago': SAVED 8 slide links via direct -> https://lucproglangcourse.github.io/
[516/2807] 'COMP171 - Ithaca College': SAVED 24 slide links via direct -> https://hkleungai.github.io/learning-material-backup/COMP-171-Spring-2006/lectures.html
[517/2807] 'COMP180 - Loyola University Chicago': no slides found
[518/2807] 'COMP1805 - Carleton University': no slides found
[519/2807] 'COMP1805A - Carleton University': no slides found
[520/2807] 'COMP182 - Rice University': no slides found
[521/2807] 'COMP1B - Brandeis University': SAVED 36 slide links via direct -> https://brandeis-cosi-10a.github.io/lecture-slides/lectures/html/01_intro.html
[522/2807] 'COMP2 - Rowan University': no slides found
[523/2807] 'COMP200 - SUNY Oneonta': no slides found
[524/2807] 'COMP2002 - Memorial University of Newfoundland': no slides found
[525/2807] 'COMP2003 - Memorial University of Newfoundland': no slides found
[526/2807] 'COMP201 - SUNY Potsdam': no slides found
[527/2807] 'COMP202 - McGill University': no slides found
[528/2807] 'COMP204 - McGill University': SAVED 1 slide links via appended -> https://www.mcgill.ca/study/2024-2025/courses/comp-204/lectures.html
[529/2807] 'COMP206 - McGill University': SAVED 1 slide links via appended -> https://www.mcgill.ca/study/2024-2025/courses/comp-206/lectures.html
[530/2807] 'COMP208 - McGill University': no slides found
[531/2807] 'COMP211 - University of North Carolina at Chapel Hill': SAVED 27 slide links via reduced -> https://www.cs.unc.edu/~jbakita/teach/comp211-s23/
[532/2807] 'COMP2140 - University of Manitoba': SAVED 2 slide links via appended -> https://umanitoba.ca/science/sites/science/files/2023-08/lectures.html
[533/2807] 'COMP2160 - University of Manitoba': SAVED 2 slide links via appended -> https://umanitoba.ca/science/sites/science/files/2023-08/lectures.html
[534/2807] 'COMP2280 - University of Manitoba': SAVED 2 slide links via appended -> https://umanitoba.ca/science/sites/science/files/2023-08/lectures.html
[535/2807] 'COMP23 - Tufts University': no slides found
[536/2807] 'COMP230 - McGill University': SAVED 1 slide links via appended -> https://www.mcgill.ca/study/2024-2025/courses/comp-230/lectures.html
[537/2807] 'COMP233 - Concordia University': no slides found
[538/2807] 'COMP2381 - University of Denver': no slides found
[539/2807] 'COMP2401 - Carleton University': no slides found
[540/2807] 'COMP2402 - Carleton University': no slides found
[541/2807] 'COMP2406 - Carleton University': no slides found
[542/2807] 'COMP2412 - Lakehead University': no slides found
[543/2807] 'COMP2450 - University of Manitoba': no slides found
[544/2807] 'COMP250 - McGill University': SAVED 1 slide links via appended -> https://www.mcgill.ca/study/2024-2025/courses/comp-250/lectures.html
[545/2807] 'COMP251 - McGill University': SAVED 1 slide links via appended -> https://www.mcgill.ca/study/2024-2025/courses/comp-251/lectures.html
[546/2807] 'COMP260 - Loyola University Chicago': no slides found
[547/2807] 'COMP264 - Loyola University Chicago': no slides found
[548/2807] 'COMP2673 - University of Denver': SAVED 1 slide links via direct -> https://www.cs.du.edu/~leut/COMP2673_05_spring/
[549/2807] 'COMP2710 - Auburn University': SAVED 28 slide links via direct -> https://www.eng.auburn.edu/~xqin/courses/comp2710/fall09/lectures.htm
[550/2807] 'COMP273 - McGill University': SAVED 1 slide links via appended -> https://www.mcgill.ca/study/2024-2025/courses/comp-273/lectures.html
[551/2807] 'COMP2801 - Carleton University': no slides found
[552/2807] 'COMP2804 - Carleton University': no slides found
[553/2807] 'COMP283 - University of North Carolina at Chapel Hill': no slides found
[554/2807] 'COMP290 - SUNY Oneonta': SAVED 1 slide links via direct -> https://www.cs.unc.edu/~luv/courses/unc/comp290-089/final/
[555/2807] 'COMP3000 - Carleton University': no slides found
[556/2807] 'COMP3004 - Carleton University': SAVED 4 slide links via direct -> https://github.com/TedKachulis/COMP3004-Carleton/blob/master/Diagrams%20%26%20References/Deliverable%202-%20COMP%203004%20-%20Slides.pptx
[557/2807] 'COMP3005 - Carleton University': no slides found
[558/2807] 'COMP3007 - Carleton University': no slides found
[559/2807] 'COMP3010 - University of Manitoba': SAVED 2 slide links via appended -> https://umanitoba.ca/science/sites/science/files/2023-08/lectures.html
[560/2807] 'COMP302 - McGill University': SAVED 3 slide links via appended -> https://coursecatalogue.mcgill.ca/courses/comp-302/lectures.html
[561/2807] 'COMP3020 - University of Manitoba': SAVED 2 slide links via appended -> https://umanitoba.ca/science/sites/science/files/2023-08/lectures.html
[562/2807] 'COMP303 - McGill University': SAVED 1 slide links via direct -> https://www.sable.mcgill.ca/~hendren/303/Slides/Subversion/slide001.html
[563/2807] 'COMP3040 - University of Manitoba': no slides found
[564/2807] 'COMP310 - McGill University': no slides found
[565/2807] 'COMP3106 - Carleton University': no slides found
[566/2807] 'COMP3202 - Memorial University of Newfoundland': no slides found
[567/2807] 'COMP322 - McGill University': SAVED 13 slide links via direct -> https://www.cs.mcgill.ca/~dpomer/comp322/winter2013/lectures.html
[568/2807] 'COMP3220 - Auburn University': no slides found
[569/2807] 'COMP3240 - Auburn University': no slides found
[570/2807] 'COMP3270 - Auburn University': no slides found
[571/2807] 'COMP333 - Concordia University': SAVED 13 slide links via direct -> https://users.encs.concordia.ca/~gregb/home/comp333-f2021-lectures.html
[572/2807] 'COMP3350 - Auburn University': SAVED 6 slide links via direct -> https://github.com/PalaceOfSallas/AU_COMP_3350/tree/main/Lecture%20Notes
[573/2807] 'COMP3370 - University of Manitoba': SAVED 2 slide links via appended -> https://umanitoba.ca/science/sites/science/files/2023-08/lectures.html
[574/2807] 'COMP3380 - University of Manitoba': SAVED 2 slide links via appended -> https://umanitoba.ca/science/sites/science/files/2023-08/lectures.html
[575/2807] 'COMP3430 - University of Manitoba': SAVED 2 slide links via appended -> https://umanitoba.ca/science/sites/science/files/2023-08/lectures.html
[576/2807] 'COMP346 - Concordia University': no slides found
[577/2807] 'COMP3490 - University of Manitoba': SAVED 2 slide links via appended -> https://umanitoba.ca/science/sites/science/files/2023-08/lectures.html
[578/2807] 'COMP350 - McGill University': SAVED 3 slide links via appended -> https://coursecatalogue.mcgill.ca/courses/comp-350/lectures.html
[579/2807] 'COMP3500 - Auburn University': no slides found
[580/2807] 'COMP3510 - Auburn University': no slides found
[581/2807] 'COMP352 - Concordia University': no slides found
[582/2807] 'COMP3700 - Auburn University': no slides found
[583/2807] 'COMP390 - Duke University': SAVED 1 slide links via followed -> https://courses.cs.duke.edu/fall25/compsci390.2/classwork
[584/2807] 'COMP4 - Duke University': SAVED 1 slide links via reduced -> https://courses.cs.duke.edu/fall25/compsci94/lects/slides/0828/
[585/2807] 'COMP40 - Tufts University': SAVED 34 slide links via followed -> https://www.cs.tufts.edu/comp/40/calendar/calendar.html
[586/2807] 'COMP4004 - Carleton University': no slides found
[587/2807] 'COMP4050 - University of Manitoba': SAVED 2 slide links via appended -> https://umanitoba.ca/science/sites/science/files/2023-08/lectures.html
[588/2807] 'COMP409 - McGill University': no slides found
[589/2807] 'COMP4102 - Carleton University': no slides found
[590/2807] 'COMP4107 - Carleton University': no slides found
[591/2807] 'COMP411 - University of North Carolina at Chapel Hill': SAVED 20 slide links via direct -> https://www.cs.unc.edu/~porter/courses/comp411/s18/syllabus.html
[592/2807] 'COMP4200 - Auburn University': no slides found
[593/2807] 'COMP4300 - Auburn University': SAVED 2 slide links via direct -> https://eng.auburn.edu/~xqin/courses/comp4300/index.html
[594/2807] 'COMP4320 - Auburn University': no slides found
[595/2807] 'COMP433 - Concordia University': no slides found
[596/2807] 'COMP4453 - Lakehead University': no slides found
[597/2807] 'COMP4550 - University of Manitoba': SAVED 2 slide links via appended -> https://umanitoba.ca/science/sites/science/files/2023-08/lectures.html
[598/2807] 'COMP4620 - University of Manitoba': no slides found
[599/2807] 'COMP472 - Concordia University': no slides found
[600/2807] 'COMP478 - Concordia University': no slides found
[601/2807] 'COMP488 - University of North Carolina at Chapel Hill': no slides found
[602/2807] 'COMP4900 - Carleton University': no slides found
[603/2807] 'COMP504 - Rice University': no slides found
[604/2807] 'COMP5117 - Carleton University': no slides found
[605/2807] 'COMP5120 - Auburn University': no slides found
[606/2807] 'COMP5130 - Auburn University': no slides found
[607/2807] 'COMP514 - McGill University': SAVED 3 slide links via appended -> https://coursecatalogue.mcgill.ca/courses/comp-514/lectures.html
[608/2807] 'COMP521 - McGill University': no slides found
[609/2807] 'COMP540 - McGill University': no slides found
[610/2807] 'COMP5413 - Lakehead University': SAVED 16 slide links via direct -> https://tanu1208.github.io/lectures.html
[611/2807] 'COMP550 - University of North Carolina at Chapel Hill': SAVED 28 slide links via direct -> https://www.cs.unc.edu/~plaisted/comp550/
[612/2807] 'COMP551 - McGill University': SAVED 19 slide links via direct -> https://www.cs.mcgill.ca/~isabeau/COMP551/F24/lectures.html
[613/2807] 'COMP555 - University of North Carolina at Chapel Hill': SAVED 1 slide links via followed -> https://bio.unc.edu/resources/
[614/2807] 'COMP557 - McGill University': SAVED 1 slide links via appended -> https://www.mcgill.ca/study/2024-2025/courses/comp-557/lectures.html
[615/2807] 'COMP5630 - Auburn University': no slides found
[616/2807] 'COMP590 - University of North Carolina at Chapel Hill': no slides found
[617/2807] 'COMP5970 - Auburn University': no slides found
[618/2807] 'COMP598 - McGill University': SAVED 1 slide links via appended -> https://www.mcgill.ca/study/2024-2025/courses/comp-598/lectures.html
[619/2807] 'COMP599 - McGill University': SAVED 3 slide links via appended -> https://mcgill-nlp.github.io/teaching/comp599-ling782-484-f22/lectures.html
[620/2807] 'COMP61 - Tufts University': no slides found
[621/2807] 'COMP6321 - Concordia University': no slides found
[622/2807] 'COMP6461 - Concordia University': no slides found
[623/2807] 'COMP6721 - Concordia University': no slides found
[624/2807] 'COMP7500 - Auburn University': no slides found
[625/2807] 'COMPS101L - Duke University': SAVED 1 slide links via reduced -> https://courses.cs.duke.edu/spring25/compsci101/lects/slides/250109/
[626/2807] 'COMS100M - Cornell University': SAVED 16 slide links via direct -> https://www.cs.cmu.edu/~213/schedule.html
[627/2807] 'COMS207 - Iowa State University': no slides found
[628/2807] 'COMS228 - Iowa State University': SAVED 1 slide links via appended -> https://www.cs.iastate.edu/courses/com-s-2280/lectures.html
[629/2807] 'COMS230 - Iowa State University': no slides found
[630/2807] 'COMS309 - Iowa State University': no slides found
[631/2807] 'COMS311 - Iowa State University': SAVED 1 slide links via direct -> https://kevinliu-osu.github.io/teaching/COMS311_S20/index.html
[632/2807] 'COMS319 - Iowa State University': SAVED 1 slide links via appended -> https://www.cs.iastate.edu/courses/com-s-3190-0/lectures.html
[633/2807] 'COMS330 - Iowa State University': SAVED 1 slide links via appended -> https://faculty.sites.iastate.edu/chaudhur/cs330/lectures.html
[634/2807] 'COMS331 - Iowa State University': SAVED 1 slide links via appended -> https://faculty.sites.iastate.edu/chaudhur/cs331/lectures.html
[635/2807] 'COMS362 - Iowa State University': no slides found
[636/2807] 'COMS363 - Iowa State University': SAVED 1 slide links via appended -> https://www.cs.iastate.edu/courses/com-s-3630/lectures.html
[637/2807] 'COMS4995 - Columbia University': SAVED 11 slide links via direct -> https://columbia-coms4995.github.io/aml-spring2026/
[638/2807] 'COMS587 - Iowa State University': no slides found
[639/2807] 'COMSE6998 - Columbia University': SAVED 12 slide links via appended -> https://www.cs.columbia.edu/~djhsu/coms6998-s25/schedule.html
[640/2807] 'COP1500 - Florida Gulf Coast University': no slides found
[641/2807] 'COP2001 - Florida Gulf Coast University': no slides found
[642/2807] 'COP2006 - Florida Gulf Coast University': no slides found
[643/2807] 'COP2210 - Florida International University': no slides found
[644/2807] 'COP2250 - Florida International University': no slides found
[645/2807] 'COP2271 - University of Florida': SAVED 4 slide links via appended -> https://floridapoly.edu/wp-content/uploads/2026/01/lectures.html
[646/2807] 'COP3003 - Florida Gulf Coast University': no slides found
[647/2807] 'COP3014 - Florida State University': no slides found
[648/2807] 'COP3330 - Florida State University': no slides found
[649/2807] 'COP3337 - Florida International University': no slides found
[650/2807] 'COP3363 - Florida State University': no slides found
[651/2807] 'COP3502 - University of Florida': no slides found
[652/2807] 'COP3502C - University of Florida': no slides found
[653/2807] 'COP3503 - University of Florida': no slides found
[654/2807] 'COP3503C - University of Florida': SAVED 2 slide links via appended -> https://cpe.eng.ufl.edu/academics/core-course-topics/cop-3503c/lectures.html
[655/2807] 'COP3504 - University of Florida': SAVED 1 slide links via reduced -> https://www.cise.ufl.edu/~nemo/cop3503/
[656/2807] 'COP3504C - University of Florida': SAVED 1 slide links via reduced -> https://www.cise.ufl.edu/~nemo/cop3503/
[657/2807] 'COP3530 - University of Florida': SAVED 4 slide links via direct -> https://users.cs.fiu.edu/~weiss/cop3530/lectures.html
[658/2807] 'COP4005 - Florida International University': no slides found
[659/2807] 'COP4226 - Florida International University': SAVED 1 slide links via direct -> https://users.cs.fiu.edu/~downeyt/cop4226/c4226.shtml
[660/2807] 'COP4338 - Florida International University': no slides found
[661/2807] 'COP4521 - Florida State University': no slides found
[662/2807] 'COP4531 - Florida State University': no slides found
[663/2807] 'COP4533 - University of Florida': no slides found
[664/2807] 'COP4534 - Florida International University': no slides found
[665/2807] 'COP4555 - Florida International University': no slides found
[666/2807] 'COP4600 - University of Florida': SAVED 14 slide links via direct -> https://www.cs.ucf.edu/~lboloni/Teaching/COP4600_Spring2022/index.html
[667/2807] 'COP4610 - Florida State University': no slides found
[668/2807] 'COP4703 - Florida International University': SAVED 22 slide links via reduced -> https://users.cis.fiu.edu/~aleroque/COP4703/
[669/2807] 'COP4710 - Florida State University': SAVED 11 slide links via followed -> https://www.cs.fsu.edu/~zhao/cop4710/schedule.html
[670/2807] 'COP4814 - Florida International University': no slides found
[671/2807] 'CORC1312 - Brooklyn College': SAVED 1 slide links via direct -> https://www.sci.brooklyn.cuny.edu/~jones/corc1312/
[672/2807] 'CORE312 - Brooklyn College': SAVED 7 slide links via direct -> https://www.sci.brooklyn.cuny.edu/~yarmish/cc312/
[673/2807] 'CORE5 - Brooklyn College': no slides found
[674/2807] 'CORE51 - Brooklyn College': no slides found
[675/2807] 'CORE52 - Brooklyn College': no slides found
[676/2807] 'COS051 - Georgetown University': no slides found
[677/2807] 'COS10A - Brandeis University': SAVED 36 slide links via direct -> https://brandeis-cosi-10a.github.io/lecture-slides/lectures/html/01_intro.slides.html
[678/2807] 'COS12B - Brandeis University': no slides found
[679/2807] 'COS135 - University of Maine': no slides found
[680/2807] 'COS21A - Brandeis University': no slides found
[681/2807] 'COS4320 - Sam Houston State University': no slides found
[682/2807] 'COS475 - University of Maine': no slides found
[683/2807] 'COS482 - University of Maine': no slides found
[684/2807] 'COS535 - University of Maine': SAVED 23 slide links via direct -> https://gfx.cse.taylor.edu/courses/cos350/slides/
[685/2807] 'COSC030 - Georgetown University': no slides found
[686/2807] 'COSC051 - Georgetown University': no slides found
[687/2807] 'COSC052 - Georgetown University': no slides found
[688/2807] 'COSC072 - Georgetown University': no slides found
[689/2807] 'COSC1020 - Georgetown University': no slides found
[690/2807] 'COSC1030 - Georgetown University': SAVED 2 slide links via reduced -> https://www.cs.uwyo.edu/~nfrazie1/cosc1030/
[691/2807] 'COSC10403 - Texas Christian University': no slides found
[692/2807] 'COSC109 - Towson University': SAVED 1 slide links via appended -> https://tigerweb.towson.edu/meisel/cosc109/lectures.html
[693/2807] 'COSC111 - Amherst College': SAVED 5 slide links via appended -> https://www.amherst.edu/academiclife/departments/courses/2425S/COSC/COSC-111-2425S/lectures.html
[694/2807] 'COSC1304 - University of Houston': no slides found
[695/2807] 'COSC1306 - University of Houston': no slides found
[696/2807] 'COSC1320 - University of Houston': no slides found
[697/2807] 'COSC1336 - University of Houston': no slides found
[698/2807] 'COSC1430 - University of Houston': no slides found
[699/2807] 'COSC1436 - Sam Houston State University': no slides found
[700/2807] 'COSC1437 - University of Houston': no slides found
[701/2807] 'COSC160 - Georgetown University': no slides found
[702/2807] 'COSC165 - Towson University': SAVED 1 slide links via followed -> https://www.towson.edu/academics/resources/procedures.html
[703/2807] 'COSC175 - Towson University': SAVED 8 slide links via direct -> https://tigerweb.towson.edu/btaylor/cosc175/syllabus/syll_175fa16.html
[704/2807] 'COSC1820 - Marquette University': no slides found
[705/2807] 'COSC20203 - Texas Christian University': no slides found
[706/2807] 'COSC20803 - Texas Christian University': no slides found
[707/2807] 'COSC2100 - Marquette University': no slides found
[708/2807] 'COSC2320 - University of Houston': no slides found
[709/2807] 'COSC2327 - Sam Houston State University': no slides found
[710/2807] 'COSC2329 - Sam Houston State University': no slides found
[711/2807] 'COSC236 - Towson University': no slides found
[712/2807] 'COSC237 - Towson University': SAVED 1 slide links via followed -> https://www.towson.edu/academics/resources/procedures.html
[713/2807] 'COSC240 - Georgetown University': SAVED 1 slide links via appended -> https://aarongarrett.github.io/wofford-webs/course/spring2020/cosc240/lectures.html
[714/2807] 'COSC2425 - University of Houston': no slides found
[715/2807] 'COSC2430 - University of Houston': no slides found
[716/2807] 'COSC255 - Georgetown University': no slides found
[717/2807] 'COSC270 - Georgetown University': SAVED 1 slide links via direct -> https://people.cs.georgetown.edu/~maloof/cosc270.f19/
[718/2807] 'COSC30 - Dartmouth College': SAVED 1 slide links via followed -> https://web.cs.dartmouth.edu/undergraduate/upcoming-class-schedule
[719/2807] 'COSC30603 - Texas Christian University': SAVED 1 slide links via appended -> https://cse.tcu.edu/computer-science/files/syllabi/lectures.html
[720/2807] 'COSC3319 - Sam Houston State University': no slides found
[721/2807] 'COSC3320 - University of Houston': SAVED 5 slide links via direct -> https://www2.cs.uh.edu/~panruowu/2024f_cosc3320/course.html
[722/2807] 'COSC3330 - University of Houston': SAVED 20 slide links via reduced -> https://www2.cs.uh.edu/~paris/3330/PowerPoint/
[723/2807] 'COSC3337 - University of Houston': SAVED 36 slide links via direct -> https://www2.cs.uh.edu/~ceick/UDM/COSC3337.html
[724/2807] 'COSC3340 - University of Houston': no slides found
[725/2807] 'COSC336 - Towson University': SAVED 1 slide links via followed -> https://www.towson.edu/academics/resources/procedures.html
[726/2807] 'COSC3360 - University of Houston': SAVED 1 slide links via direct -> https://www2.cs.uh.edu/~paris/3360/resources.htm
[727/2807] 'COSC3380 - University of Houston': no slides found
[728/2807] 'COSC3430 - University of Houston': SAVED 36 slide links via direct -> https://www2.cs.uh.edu/~rizk/cosc2430/slides/home.html
[729/2807] 'COSC350 - Towson University': SAVED 1 slide links via followed -> https://www.towson.edu/academics/resources/procedures.html
[730/2807] 'COSC4316 - Sam Houston State University': no slides found
[731/2807] 'COSC4319 - Sam Houston State University': no slides found
[732/2807] 'COSC4351 - University of Houston': no slides found
[733/2807] 'COSC4358 - University of Houston': no slides found
[734/2807] 'COSC4393 - University of Houston': no slides found
[735/2807] 'COSC457 - Towson University': SAVED 1 slide links via followed -> https://www.towson.edu/academics/resources/procedures.html
[736/2807] 'COSC467 - Towson University': SAVED 1 slide links via followed -> https://www.towson.edu/academics/resources/procedures.html
[737/2807] 'COSC484 - Towson University': SAVED 1 slide links via followed -> https://www.towson.edu/academics/resources/procedures.html
[738/2807] 'COSC617 - Towson University': SAVED 6 slide links via followed -> https://github.com/abelllselam/COSC_617_ADV_WEB_DEV/tree/main/Lecture_slides
[739/2807] 'COSC6335 - University of Houston': no slides found
[740/2807] 'COSC6389 - University of Houston': no slides found
[741/2807] 'COSC734 - Towson University': SAVED 1 slide links via followed -> https://www.towson.edu/academics/resources/procedures.html
[742/2807] 'COSC757 - Towson University': SAVED 1 slide links via followed -> https://www.towson.edu/academics/resources/procedures.html
[743/2807] 'COSI10A - Brandeis University': SAVED 36 slide links via direct -> https://brandeis-cosi-10a.github.io/lecture-slides/lectures/html/01_intro.html
[744/2807] 'COSI114A - Brandeis University': no slides found
[745/2807] 'COSI11A - Brandeis University': no slides found
[746/2807] 'COSI12B - Brandeis University': no slides found
[747/2807] 'COSI131A - Brandeis University': no slides found
[748/2807] 'COSI21A - Brandeis University': no slides found
[749/2807] 'COT3100 - University of Florida': SAVED 35 slide links via direct -> https://www.cs.ucf.edu/courses/cot3100/fall2024/notes/
[750/2807] 'COT3400 - Florida Gulf Coast University': SAVED 3 slide links via followed -> https://gulfcoast.edu/about-gcsc/administrative-offices/human-resources/title-ix.html
[751/2807] 'COT3541 - Florida International University': no slides found
[752/2807] 'COT4420 - Florida State University': SAVED 1 slide links via followed -> https://registrar.fsu.edu/node/221
[753/2807] 'COT5405 - University of Florida': SAVED 24 slide links via direct -> https://www.cs.fsu.edu/~piyush/teach/AA19/slides/index.html
[754/2807] 'COT5407 - Florida International University': SAVED 1 slide links via appended -> https://users.cs.fiu.edu/~weiss/cot5407_f11/lectures.html
[755/2807] 'COT5520 - University of Florida': SAVED 1 slide links via reduced -> https://www.cs.ucf.edu/courses/cot5520/
[756/2807] 'CP115 - Colorado College': SAVED 1 slide links via followed -> https://www.coloradocollege.edu/academics/dept/mathcs/student-info/resources2.html
[757/2807] 'CP116 - Colorado College': SAVED 1 slide links via followed -> https://www.coloradocollege.edu/academics/dept/mathcs/student-info/resources2.html
[758/2807] 'CP274 - Colorado College': no slides found
[759/2807] 'CPE123 - California Polytechnic State University': no slides found
[760/2807] 'CPEN291 - University of British Columbia': no slides found
[761/2807] 'CPI111 - Arizona State University': SAVED 5 slide links via appended -> https://provost.asu.edu/sites/g/files/litvpz671/files/gsc/1683/lectures.html
[762/2807] 'CPRE416 - Iowa State University': SAVED 16 slide links via direct -> https://class.ece.iastate.edu/kothari/cpre416/
[763/2807] 'CPS100 - Duke University': SAVED 27 slide links via reduced -> https://courses.cs.duke.edu/fall03/cps100/notes/
[764/2807] 'CPS108 - Duke University': SAVED 38 slide links via reduced -> https://courses.cs.duke.edu/fall01/cps108/notes/
[765/2807] 'CPS110 - Central Michigan University': SAVED 1 slide links via followed -> https://www.cmich.edu/offices-departments/curriculum-instructional-support/select-or-develop-materials-and-tools/graphics-slides-and-posters
[766/2807] 'CPS121 - Georgetown University': SAVED 2 slide links via reduced -> https://www.math-cs.gordon.edu/courses/cps122/lectures-2019/
[767/2807] 'CPS149 - University of Dayton': no slides found
[768/2807] 'CPS150 - University of Dayton': no slides found
[769/2807] 'CPS151 - University of Dayton': no slides found
[770/2807] 'CPS170 - Creighton University': SAVED 15 slide links via direct -> https://courses.cs.duke.edu/spring09/cps170/
[771/2807] 'CPS180 - Central Michigan University': no slides found
[772/2807] 'CPS181 - Central Michigan University': no slides found
[773/2807] 'CPS210 - SUNY New Paltz': no slides found
[774/2807] 'CPS21004 - SUNY New Paltz': no slides found
[775/2807] 'CPS240 - Central Michigan University': no slides found
[776/2807] 'CPS250 - University of Dayton': no slides found
[777/2807] 'CPS280S - Central Michigan University': no slides found
[778/2807] 'CPS280V - Central Michigan University': SAVED 1 slide links via followed -> https://www.cmich.edu/offices-departments/curriculum-instructional-support/select-or-develop-materials-and-tools/graphics-slides-and-posters
[779/2807] 'CPS310 - SUNY New Paltz': no slides found
[780/2807] 'CPS340 - Central Michigan University': no slides found
[781/2807] 'CPS350 - University of Dayton': no slides found
[782/2807] 'CPS353 - SUNY New Paltz': SAVED 10 slide links via direct -> https://www.math.gordon.edu/courses/cps353/2015/lecture_notes.html
[783/2807] 'CPS356 - University of Dayton': no slides found
[784/2807] 'CPS360 - Central Michigan University': SAVED 1 slide links via followed -> https://www.cmich.edu/offices-departments/curriculum-instructional-support/select-or-develop-materials-and-tools/graphics-slides-and-posters
[785/2807] 'CPS430 - University of Dayton': no slides found
[786/2807] 'CPS450 - Central Michigan University': no slides found
[787/2807] 'CPS570 - University of Dayton': SAVED 13 slide links via reduced -> https://courses.cs.duke.edu/fall17/cps270/
[788/2807] 'CPSC021 - Swarthmore College': SAVED 1 slide links via followed -> http://www.cs.swarthmore.edu/~newhall/unixlinks.html
[789/2807] 'CPSC1000 - Seattle University': no slides found
[790/2807] 'CPSC1010 - Clemson University': SAVED 1 slide links via reduced -> http://andrewd.ces.clemson.edu/courses/cpsc111/lectures/lectures/Chp%2001%20-%20Fundamentals/
[791/2807] 'CPSC102 - Clemson University': SAVED 22 slide links via reduced -> http://andrewd.ces.clemson.edu/courses/cpsc102/spring20/slides/
[792/2807] 'CPSC1020 - Clemson University': no slides found
[793/2807] 'CPSC103 - University of British Columbia': SAVED 2 slide links via appended -> https://www.cs.ubc.ca/course/cpsc-103-v01-2021s/lectures.html
[794/2807] 'CPSC1060 - Clemson University': no slides found
[795/2807] 'CPSC1070 - Clemson University': no slides found
[796/2807] 'CPSC110 - University of British Columbia': no slides found
[797/2807] 'CPSC1101 - Fairfield University': no slides found
[798/2807] 'CPSC111 - University of British Columbia': no slides found
[799/2807] 'CPSC1110 - University of Tennessee': SAVED 3 slide links via appended -> https://www.utc.edu/sites/default/files/2021-04/lectures.html
[800/2807] 'CPSC1131 - Fairfield University': no slides found
[801/2807] 'CPSC114 - Trinity College': no slides found
[802/2807] 'CPSC115 - Trinity College': SAVED 11 slide links via direct -> https://www.cs.trincoll.edu/~ram/cpsc115/f07/powerpoints/
[803/2807] 'CPSC120 - Clemson University': no slides found
[804/2807] 'CPSC121 - University of British Columbia': SAVED 2 slide links via appended -> https://www.cs.ubc.ca/course-section/cpsc-121-201-2022w/lectures.html
[805/2807] 'CPSC122 - Gonzaga University': no slides found
[806/2807] 'CPSC1420 - Seattle University': no slides found
[807/2807] 'CPSC1430 - Seattle University': no slides found
[808/2807] 'CPSC203 - University of Calgary': SAVED 1 slide links via direct -> https://github.com/UBC-CS/cpsc203
[809/2807] 'CPSC210 - University of British Columbia': no slides found
[810/2807] 'CPSC2100 - University of Tennessee': no slides found
[811/2807] 'CPSC213 - University of British Columbia': no slides found
[812/2807] 'CPSC215 - Trinity College': no slides found
[813/2807] 'CPSC2150 - Clemson University': no slides found
[814/2807] 'CPSC219 - University of Calgary': SAVED 13 slide links via reduced -> https://cspages.ucalgary.ca/~tam/2012/219W/notes/powerPoint/
[815/2807] 'CPSC221 - University of British Columbia': SAVED 11 slide links via appended -> https://courses.students.ubc.ca/browse-courses/course-section/CPSC_V%20221/COURSE_SECTION_DEFINITION-SCI-15833/lectures.html
[816/2807] 'CPSC223 - Gonzaga University': no slides found
[817/2807] 'CPSC230 - Chapman University': no slides found
[818/2807] 'CPSC231 - University of Calgary': SAVED 13 slide links via direct -> https://pesehr.github.io/teaching/CPSC231f19
[819/2807] 'CPSC2310 - Clemson University': no slides found
[820/2807] 'CPSC233 - University of Calgary': SAVED 2 slide links via direct -> https://pesehr.github.io/teaching/CPSC233w20
[821/2807] 'CPSC236 - Chapman University': no slides found
[822/2807] 'CPSC2430 - Seattle University': no slides found
[823/2807] 'CPSC2500 - Seattle University': no slides found
[824/2807] 'CPSC2600 - Seattle University': no slides found
[825/2807] 'CPSC275 - Trinity College': SAVED 35 slide links via followed -> https://github.com/sbalbale/Trinity-CPSC275-Introduction-to-Computer-Systems/tree/main/lectures
[826/2807] 'CPSC304 - University of British Columbia': no slides found
[827/2807] 'CPSC311 - University of British Columbia': SAVED 2 slide links via appended -> https://www.cs.ubc.ca/course-section/cpsc-311-101-2023w/lectures.html
[828/2807] 'CPSC312 - University of British Columbia': no slides found
[829/2807] 'CPSC313 - University of British Columbia': SAVED 2 slide links via appended -> https://www.cs.ubc.ca/course-section/cpsc-313-204-2021w/lectures.html
[830/2807] 'CPSC317 - University of British Columbia': SAVED 2 slide links via appended -> https://www.cs.ubc.ca/course-section/cpsc-317-101-2021w/lectures.html
[831/2807] 'CPSC320 - University of British Columbia': SAVED 29 slide links via direct -> https://www.cs.ubc.ca/~kirk/cs420/handouts.html
[832/2807] 'CPSC321 - Gonzaga University': no slides found
[833/2807] 'CPSC3220 - Clemson University': no slides found
[834/2807] 'CPSC326 - Gonzaga University': no slides found
[835/2807] 'CPSC330 - Chapman University': SAVED 23 slide links via direct -> https://firasm.github.io/cpsc330-slides/slides.html
[836/2807] 'CPSC331 - University of Calgary': SAVED 11 slide links via direct -> https://cspages.ucalgary.ca/~tam/331/
[837/2807] 'CPSC332 - Gonzaga University': no slides found
[838/2807] 'CPSC3354 - Fairfield University': no slides found
[839/2807] 'CPSC346 - Gonzaga University': no slides found
[840/2807] 'CPSC35 - Swarthmore College': SAVED 10 slide links via followed -> https://www.cs.swarthmore.edu/courses/CS35/S25/schedule.php
[841/2807] 'CPSC3500 - Seattle University': no slides found
[842/2807] 'CPSC353 - Chapman University': no slides found
[843/2807] 'CPSC3600 - Clemson University': SAVED 2 slide links via appended -> https://clemson-cpsc-3600.github.io/lectures/
[844/2807] 'CPSC368 - University of British Columbia': SAVED 1 slide links via appended -> https://vancouver.calendar.ubc.ca/course-descriptions/courses/cpscv-368-databases-data-science/lectures.html
[845/2807] 'CPSC41 - Swarthmore College': no slides found
[846/2807] 'CPSC4100 - Seattle University': SAVED 28 slide links via direct -> https://cspages.ucalgary.ca/~cwill/CPSC441/slides.html
[847/2807] 'CPSC413 - University of Calgary': no slides found
[848/2807] 'CPSC4130 - University of Tennessee': no slides found
[849/2807] 'CPSC4240 - Clemson University': no slides found
[850/2807] 'CPSC4331 - Fairfield University': SAVED 1 slide links via direct -> https://github.com/GeorgeLiZhihao/CPSC-Course-Materials
[851/2807] 'CPSC449 - University of Calgary': SAVED 23 slide links via direct -> https://cspages.ucalgary.ca/~cwill/CPSC441/archive/2021/slides.html
[852/2807] 'CPSC453 - University of Calgary': SAVED 72 slide links via direct -> https://science.ucalgary.ca/computer-science/courses-and-outlines/fall-2025
[853/2807] 'CPSC457 - University of Calgary': no slides found
[854/2807] 'CPSC471 - University of Calgary': SAVED 72 slide links via direct -> https://science.ucalgary.ca/computer-science/courses-and-outlines/fall-2025
[855/2807] 'CPSC5070 - Seattle University': no slides found
[856/2807] 'CPSC5520 - Seattle University': no slides found
[857/2807] 'CPSC5610 - Seattle University': no slides found
[858/2807] 'CPT121 - Washington State University': SAVED 34 slide links via followed -> https://github.com/MarkShinozaki/CPTS317-Automata-FormalLanguages/tree/Slides-Lectures
[859/2807] 'CPT122 - Washington State University': no slides found
[860/2807] 'CPT330 - New Jersey Institute of Technology': no slides found
[861/2807] 'CPTS121 - Washington State University': no slides found
[862/2807] 'CPTS122 - Washington State University': SAVED 9 slide links via followed -> https://eecs.wsu.edu/~aofallon/cpts122/lectures/
[863/2807] 'CPTS223 - Washington State University': SAVED 28 slide links via direct -> https://eecs.wsu.edu/~ananth/CptS223/Lectures/index.htm
[864/2807] 'CPTS260 - Washington State University': no slides found
[865/2807] 'CPTS317 - Washington State University': SAVED 34 slide links via followed -> https://github.com/MarkShinozaki/CPTS317-Automata-FormalLanguages/tree/Slides-Lectures
[866/2807] 'CPTS321 - Washington State University': no slides found
[867/2807] 'CPTS350 - Washington State University': SAVED 1 slide links via direct -> https://schedules.wsu.edu/List/Pullman/20213/Cpt_S/350/01
[868/2807] 'CPTS355 - Washington State University': SAVED 34 slide links via followed -> https://github.com/MarkShinozaki/CPTS317-Automata-FormalLanguages/tree/Slides-Lectures
[869/2807] 'CPTS450 - Washington State University': SAVED 34 slide links via followed -> https://github.com/MarkShinozaki/CPTS317-Automata-FormalLanguages/tree/Slides-Lectures
[870/2807] 'CPTS489 - Washington State University': no slides found
[871/2807] 'CPTS516 - Washington State University': SAVED 34 slide links via followed -> https://github.com/MarkShinozaki/CPTS317-Automata-FormalLanguages/tree/Slides-Lectures
[872/2807] 'CPTS581 - Washington State University': SAVED 34 slide links via followed -> https://github.com/MarkShinozaki/CPTS317-Automata-FormalLanguages/tree/Slides-Lectures
[873/2807] 'CS0002 - New York University': SAVED 14 slide links via direct -> https://cs.nyu.edu/~jcf/classes/CSCI-GA.3033-012/slides/
[874/2807] 'CS0007 - University of Pittsburgh': no slides found
[875/2807] 'CS0015 - Brown University': SAVED 2 slide links via direct -> https://cs.brown.edu/courses/cs015/
[876/2807] 'CS008 - University of California, Irvine': SAVED 5 slide links via direct -> https://www.cs.ucr.edu/~jinz/cs008.html
[877/2807] 'CS009B - University of California, Irvine': SAVED 2 slide links via appended -> https://engr.ucr.edu/sites/default/files/2022-05/lectures.html
[878/2807] 'CS010A - University of California, Irvine': no slides found
[879/2807] 'CS010B - University of California, Irvine': no slides found
[880/2807] 'CS010C - University of California, Irvine': no slides found
[881/2807] 'CS01104 - Rowan University': no slides found
[882/2807] 'CS012 - Queens College': SAVED 1 slide links via followed -> https://www.qc.cuny.edu/ocd/diversity-week
[883/2807] 'CS0170 - Brown University': SAVED 4 slide links via direct -> https://brown-csci0200.github.io/lectures.html
[884/2807] 'CS02480 - Rowan University': SAVED 16 slide links via direct -> https://tanu1208.github.io/lectures.html
[885/2807] 'CS02505 - Rowan University': SAVED 2 slide links via appended -> https://csm.rowan.edu/departments/cs/advising/resources/syllabi/lectures.html
[886/2807] 'CS02530 - Rowan University': no slides found
[887/2807] 'CS03351 - Rowan University': no slides found
[888/2807] 'CS04222 - Rowan University': SAVED 2 slide links via appended -> https://csm.rowan.edu/departments/cs/advising/resources/syllabi/lectures.html
[889/2807] 'CS0441 - University of Pittsburgh': SAVED 44 slide links via direct -> https://nineil.github.io/courses/fall24_cs441/
[890/2807] 'CS0445 - University of Pittsburgh': no slides found
[891/2807] 'CS0447 - University of Pittsburgh': no slides found
[892/2807] 'CS0449 - University of Pittsburgh': SAVED 13 slide links via direct -> https://people.cs.pitt.edu/~jacklange/teaching/cs449-s15/
[893/2807] 'CS046 - Claremont McKenna College': no slides found
[894/2807] 'CS0590 - University of Pittsburgh': no slides found
[895/2807] 'CS06205 - Rowan University': SAVED 2 slide links via appended -> https://csm.rowan.edu/departments/cs/advising/resources/syllabi/lectures.html
[896/2807] 'CS06395 - Rowan University': SAVED 2 slide links via appended -> https://csm.rowan.edu/departments/cs/advising/resources/syllabi/lectures.html
[897/2807] 'CS064 - University of Vermont': no slides found
[898/2807] 'CS065 - Drake University': SAVED 26 slide links via reduced -> https://analytics.drake.edu/~reza/teaching/cs65_fall25/lecture_slides/
[899/2807] 'CS066 - Drake University': no slides found
[900/2807] 'CS070 - Harvey Mudd College': no slides found
[901/2807] 'CS08 - University of California, Irvine': SAVED 5 slide links via direct -> https://www.cs.ucr.edu/~jinz/cs008.html
[902/2807] 'CS083 - Drake University': no slides found
[903/2807] 'CS100 - Cornell University': no slides found
[904/2807] 'CS1002 - Memorial University of Newfoundland': no slides found
[905/2807] 'CS1003 - Memorial University of Newfoundland': no slides found
[906/2807] 'CS1004 - Worcester Polytechnic Institute': no slides found
[907/2807] 'CS1005C - University of Cincinnati': SAVED 20 slide links via direct -> https://www.ccps.uc.edu/academics/olli/resources/handouts.html
[908/2807] 'CS100J - Cornell University': SAVED 1 slide links via appended -> https://www.cs.cornell.edu/courses/cs100j/2002fa/lectures.html
[909/2807] 'CS100M - Cornell University': SAVED 26 slide links via direct -> https://www.cs.cornell.edu/courses/cs100m/2008sp/Notes/notes.html
[910/2807] 'CS102 - Cooper Union': SAVED 11 slide links via reduced -> https://web.stanford.edu/class/cs102/lectureslides/
[911/2807] 'CS1020 - University of Iowa': SAVED 3 slide links via appended -> https://faculty-web.msoe.edu/hornick/Courses/se1021/lectures/schedule.html
[912/2807] 'CS1021C - University of Cincinnati': no slides found
[913/2807] 'CS103L - University of Southern California': no slides found
[914/2807] 'CS104 - University of Southern California': no slides found
[915/2807] 'CS104C - University of Texas at Austin': no slides found
[916/2807] 'CS105 - Binghamton University': no slides found
[917/2807] 'CS1050 - University of Missouri': no slides found
[918/2807] 'CS105L - University of New Mexico': SAVED 9 slide links via direct -> https://www.cs.unm.edu/~jhaugh/slide-list-cs105.html
[919/2807] 'CS1064 - Virginia Tech': no slides found
[920/2807] 'CS106A - Stanford University': SAVED 26 slide links via direct -> https://cs.stanford.edu/people/eroberts/courses/cs106a/lectures/index.html
[921/2807] 'CS106B - Stanford University': SAVED 1 slide links via direct -> https://web.stanford.edu/class/archive/cs/cs106b/cs106b.1252/lectures/01-welcome/
[922/2807] 'CS106X - Stanford University': SAVED 31 slide links via direct -> https://web.stanford.edu/class/archive/cs/cs106x/cs106x.1182/lectures.shtml
[923/2807] 'CS107 - Stanford University': SAVED 2 slide links via reduced -> https://web.stanford.edu/class/archive/cs/cs107/cs107.1248/lectures/1/
[924/2807] 'CS1083 - University of Texas at San Antonio': SAVED 15 slide links via appended -> https://www.cs.utsa.edu/~cs1083/lectures/
[925/2807] 'CS109 - Harvard University': SAVED 2 slide links via followed -> https://web.stanford.edu/class/cs109/lectures/1-Welcome
[926/2807] 'CS110 - Binghamton University': SAVED 19 slide links via direct -> https://www.cs.umb.edu/~siyer/teaching/cs110/study_material.html
[927/2807] 'CS1100 - Georgia Institute of Technology': SAVED 1 slide links via appended -> https://course.ccs.neu.edu/cs1100f18/lectures.html
[928/2807] 'CS1101 - Northeastern University': SAVED 3 slide links via direct -> https://github.com/joliehawthorne/CS1101-Spring23/blob/main/Slides/ObjectBasics.pdf
[929/2807] 'CS1103 - Oklahoma State University': no slides found
[930/2807] 'CS110X - Worcester Polytechnic Institute': SAVED 25 slide links via direct -> https://web.stanford.edu/class/cs110/summer-2021/index.html
[931/2807] 'CS1110 - Cornell University': SAVED 5 slide links via followed -> http://www.cs.cornell.edu/courses/cs1110/2024fa/lectures/
[932/2807] 'CS1111 - George Washington University': SAVED 4 slide links via followed -> https://www2.seas.gwu.edu/~kinga/CS1111_S26/sched.html
[933/2807] 'CS1112 - Cornell University': no slides found
[934/2807] 'CS1114 - Virginia Tech': SAVED 1 slide links via followed -> https://github.com/mikesir87/cs1114/tree/master/slides/01-intro
[935/2807] 'CS111L - Wellesley College': SAVED 2 slide links via direct -> http://cs111.wellesley.edu/archive/cs111_spring21T3/public_html/lectures/lec_course_intro/
[936/2807] 'CS112 - Carnegie Mellon University': SAVED 9 slide links via followed -> https://www.cs.cmu.edu/~112-3/schedule.html
[937/2807] 'CS1151 - Vanderbilt University': no slides found
[938/2807] 'CS1160 - Wright State University': no slides found
[939/2807] 'CS1173 - University of Texas at San Antonio': no slides found
[940/2807] 'CS1181 - Wright State University': SAVED 11 slide links via followed -> https://github.com/mraymer/CS1181_FA24/tree/main/Lecture%20Slides
[941/2807] 'CS12 - Queens College': SAVED 1 slide links via followed -> https://www.qc.cuny.edu/ocd/diversity-week
[942/2807] 'CS120 - Binghamton University': no slides found
[943/2807] 'CS1210 - University of Vermont': no slides found
[944/2807] 'CS122 - Carnegie Mellon University': SAVED 55 slide links via direct -> https://www.cs.cmu.edu/~15122/handouts.shtml
[945/2807] 'CS12300 - Purdue University': no slides found
[946/2807] 'CS125 - University of Waterloo': SAVED 1 slide links via reduced -> https://courses.grainger.illinois.edu/cs125/fa2016/
[947/2807] 'CS12600 - Purdue University': SAVED 6 slide links via appended -> https://www.chem.purdue.edu/GeneralChemistry/docs/lectures.html
[948/2807] 'CS1301 - Georgia Institute of Technology': SAVED 3 slide links via appended -> https://syllabus.gatech.edu/syllabi/1301/a/lectures.html
[949/2807] 'CS1302 - Georgia State University': no slides found
[950/2807] 'CS130A - Georgia Institute of Technology': SAVED 12 slide links via reduced -> https://sites.cs.ucsb.edu/~suri/cs130a/
[951/2807] 'CS130B - Georgia Institute of Technology': SAVED 7 slide links via direct -> https://sites.cs.ucsb.edu/~yfwang/courses/cs130b/lecture.html
[952/2807] 'CS1315 - Georgia Institute of Technology': SAVED 8 slide links via reduced -> https://faculty.cc.gatech.edu/~bleahy/cs1315/
[953/2807] 'CS132 - Boston University': SAVED 61 slide links via followed -> https://nmmull.github.io/CS132-F23/schedule-material.html
[954/2807] 'CS1324 - University of Texas at Dallas': SAVED 16 slide links via direct -> https://github.com/oit63/CS_Courses
[955/2807] 'CS1325 - University of Texas at Dallas': no slides found
[956/2807] 'CS1331 - Georgia Institute of Technology': SAVED 1 slide links via direct -> https://cs1331.gitlab.io/
[957/2807] 'CS1332 - Georgia Institute of Technology': SAVED 3 slide links via appended -> https://syllabus.gatech.edu/sites/default/files/2026-04/lectures.html
[958/2807] 'CS1334 - University of Texas at Dallas': no slides found
[959/2807] 'CS1335 - University of Texas at Dallas': no slides found
[960/2807] 'CS1336 - University of Texas at Dallas': no slides found
[961/2807] 'CS1340 - Southern Methodist University': SAVED 5 slide links via direct -> https://smu-cs1340.github.io/cs1340-f2020/lectures/lectures/
[962/2807] 'CS1341 - Southern Methodist University': no slides found
[963/2807] 'CS1342 - Texas State University': no slides found
[964/2807] 'CS135 - University of Waterloo': SAVED 23 slide links via reduced -> https://student.cs.uwaterloo.ca/~cs135/w26-slides/
[965/2807] 'CS137 - Drake University': no slides found
[966/2807] 'CS1371 - Georgia Institute of Technology': SAVED 3 slide links via appended -> https://syllabus.gatech.edu/sites/default/files/2026-05/lectures.html
[967/2807] 'CS1382 - Texas Tech University': no slides found
[968/2807] 'CS14 - Hofstra University': SAVED 9 slide links via direct -> https://cs144.github.io/
[969/2807] 'CS141 - Brown University': no slides found
[970/2807] 'CS1410 - University of Utah': SAVED 12 slide links via appended -> https://www.cs.utahtech.edu/cs/1410/lectures.html
[971/2807] 'CS1412 - Texas Tech University': no slides found
[972/2807] 'CS1428 - Texas State University': no slides found
[973/2807] 'CS143 - Stanford University': SAVED 17 slide links via reduced -> https://web.stanford.edu/class/cs143/lectures/
[974/2807] 'CS1436 - University of Texas at Dallas': no slides found
[975/2807] 'CS144 - Stanford University': SAVED 31 slide links via direct -> https://www.scs.stanford.edu/09au-cs144/notes/
[976/2807] 'CS1440 - Utah State University': SAVED 1 slide links via reduced -> https://cs.appstate.edu/rt/ImgProcessing/
[977/2807] 'CS145RA - Montana State University': no slides found
[978/2807] 'CS146 - San Jose State University': SAVED 18 slide links via direct -> https://www.cs.sjsu.edu/~mak/archive/CS146/index.html
[979/2807] 'CS147 - San Jose State University': SAVED 38 slide links via appended -> https://cs147.stanford.edu/lectures/
[980/2807] 'CS149 - James Madison University': SAVED 1 slide links via appended -> https://chaoaj.github.io/cs149fall2024/lectures.html
[981/2807] 'CS150 - Carnegie Mellon University': SAVED 2 slide links via appended -> https://csd.cmu.edu/course/15150/s24/lectures.html
[982/2807] 'CS1501 - University of Pittsburgh': SAVED 11 slide links via followed -> https://github.com/samerosenberg/CS1501-Algorithm/tree/master/Slides
[983/2807] 'CS1502 - University of Pittsburgh': SAVED 1 slide links via direct -> https://people.cs.pitt.edu/~wiebe/courses/CS1502/lectures/
[984/2807] 'CS150B - Colorado State University': SAVED 1 slide links via appended -> https://courses.cs.colostate.edu/cs150b/lectures.html
[985/2807] 'CS151 - Carnegie Mellon University': SAVED 2 slide links via appended -> https://bmc-cs-151.github.io/slides/schedule.html
[986/2807] 'CS1510 - University of Pittsburgh': no slides found
[987/2807] 'CS15110 - Carnegie Mellon University': no slides found
[988/2807] 'CS15112 - Carnegie Mellon University': SAVED 9 slide links via followed -> https://www.cs.cmu.edu/~112-3/schedule.html
[989/2807] 'CS15122 - Carnegie Mellon University': SAVED 55 slide links via direct -> https://www.cs.cmu.edu/~15122/handouts.shtml
[990/2807] 'CS15150 - Carnegie Mellon University': SAVED 20 slide links via appended -> https://web2.qatar.cmu.edu/cs/15150/lectures/
[991/2807] 'CS15251 - Carnegie Mellon University': SAVED 2 slide links via appended -> https://csd.cmu.edu/course/15251/s24/lectures.html
[992/2807] 'CS15281 - Carnegie Mellon University': SAVED 55 slide links via direct -> https://www.cs.cmu.edu/~15281/
[993/2807] 'CS152L - University of New Mexico': SAVED 20 slide links via direct -> https://cs.unm.edu/~jhaugh/slide-list-cs152.html
[994/2807] 'CS1550 - University of Pittsburgh': SAVED 1 slide links via direct -> https://people.cs.pitt.edu/~mosse/courses/cs1550/
[995/2807] 'CS1555 - University of Pittsburgh': no slides found
[996/2807] 'CS1566 - University of Pittsburgh': no slides found
[997/2807] 'CS157A - San Jose State University': no slides found
[998/2807] 'CS157C - San Jose State University': SAVED 1 slide links via appended -> https://www.sjsu.edu/cs/docs/spring25_syllabi/lectures.html
[999/2807] 'CS159 - James Madison University': SAVED 1 slide links via appended -> https://chaoaj.github.io/cs159fall2024/lectures.html
[1000/2807] 'CS160 - Tufts University': SAVED 2 slide links via direct -> https://cs160-su22.github.io/
[1001/2807] 'CS164 - Drexel University': no slides found
[1002/2807] 'CS1653 - University of Pittsburgh': no slides found
[1003/2807] 'CS1656 - University of Pittsburgh': no slides found
[1004/2807] 'CS1657 - University of Pittsburgh': no slides found
[1005/2807] 'CS1666 - University of Pittsburgh': no slides found
[1006/2807] 'CS167 - Drake University': SAVED 26 slide links via reduced -> https://analytics.drake.edu/~reza/teaching/cs167_sp26/lecture_slides/
[1007/2807] 'CS1699 - University of Pittsburgh': SAVED 31 slide links via reduced -> https://people.cs.pitt.edu/~kovashka/cs1699_fa15/
[1008/2807] 'CS17 - Brown University': no slides found
[1009/2807] 'CS1700 - Memorial University of Newfoundland': no slides found
[1010/2807] 'CS171 - Emory University': no slides found
[1011/2807] 'CS172 - York College': SAVED 3 slide links via appended -> https://www.york.cuny.edu/pre-college/syllabus/lectures.html
[1012/2807] 'CS173 - Denison University': no slides found
[1013/2807] 'CS1730 - University of Georgia': no slides found
[1014/2807] 'CS173A - Stanford University': SAVED 2 slide links via direct -> https://courses.grainger.illinois.edu/cs173/sp2025/ALL-lectures/
[1015/2807] 'CS174 - Dartmouth College': SAVED 1 slide links via direct -> https://people.eecs.berkeley.edu/~sinclair/cs174/s25.html
[1016/2807] 'CS178 - Drake University': no slides found
[1017/2807] 'CS1800 - Northeastern University': SAVED 4 slide links via reduced -> https://course.khoury.northeastern.edu/cs1800/notes/
[1018/2807] 'CS1802 - Northeastern University': SAVED 3 slide links via followed -> https://course.khoury.northeastern.edu/cs1800/schedule.html
[1019/2807] 'CS181 - Stanford University': SAVED 15 slide links via appended -> https://cs.stanford.edu/people/eroberts/courses/cs181/lectures/
[1020/2807] 'CS181W - Stanford University': SAVED 3 slide links via direct -> https://stanfordcs181.github.io/
[1021/2807] 'CS1MC3 - McMaster University': no slides found
[1022/2807] 'CS2 - Rochester Institute of Technology': SAVED 13 slide links via direct -> https://www.cs.rit.edu/~rlaz/cs2/Slides.html
[1023/2807] 'CS20 - Harvard University': no slides found
[1024/2807] 'CS200 - University of Wisconsin-Madison': SAVED 4 slide links via reduced -> https://pages.cs.wisc.edu/~vinitskys/cs200_files/lectures/
[1025/2807] 'CS201 - Duke University': SAVED 3 slide links via appended -> https://courses.cs.duke.edu/current/compsci201/notes/
[1026/2807] 'CS2010 - Bowling Green State University': no slides found
[1027/2807] 'CS2011 - University of California, Los Angeles': no slides found
[1028/2807] 'CS2022 - Worcester Polytechnic Institute': SAVED 1 slide links via direct -> https://www.wpi.edu/academics/departments/computer-science
[1029/2807] 'CS203 - Duke University': SAVED 2 slide links via reduced -> https://github.com/ktk53x/Course_Material/blob/master/CS203%20Lectures%20and%20Homework/
[1030/2807] 'CS205 - Binghamton University': SAVED 1 slide links via direct -> https://harvard-iacs.github.io/2020-CS205/lectures/B1/
[1031/2807] 'CS2050 - Georgia Institute of Technology': no slides found
[1032/2807] 'CS2051 - Georgia Institute of Technology': no slides found
[1033/2807] 'CS2064 - Virginia Tech': no slides found
[1034/2807] 'CS208 - Carleton College': SAVED 17 slide links via direct -> https://cs.carleton.edu/faculty/jondich/courses/cs208_f25/
[1035/2807] 'CS210 - Duke University': SAVED 23 slide links via direct -> https://www.cs.umb.edu/~siyer/teaching/cs210/study_material.html
[1036/2807] 'CS2102 - Worcester Polytechnic Institute': SAVED 3 slide links via direct -> https://github.com/zanwenfu/database-system-course/blob/main/CS2102%20Lecture%20Slides/L01%2BIntroduction%2Bpost.pdf
[1037/2807] 'CS2103 - Worcester Polytechnic Institute': SAVED 1 slide links via direct -> https://nus-cs2103-ay2526s1.github.io/website/se-book-adapted/index.html
[1038/2807] 'CS2104 - Virginia Tech': SAVED 8 slide links via direct -> https://delimited-continuation.github.io/CS2104/2025-2026_Sem1/updates.html
[1039/2807] 'CS211 - Carnegie Mellon University': SAVED 20 slide links via direct -> https://www2.seas.gwu.edu/~bhagiweb/cs211/lectures/lectures.html
[1040/2807] 'CS2110 - Cornell University': SAVED 28 slide links via direct -> https://www.cs.cornell.edu/courses/cs2110/
[1041/2807] 'CS2112 - Dalhousie University': no slides found
[1042/2807] 'CS2114 - Virginia Tech': no slides found
[1043/2807] 'CS212 - Binghamton University': SAVED 20 slide links via direct -> http://www.cs.binghamton.edu/~steflik/cs212/cs212notes.htm
[1044/2807] 'CS213 - Carnegie Mellon University': SAVED 16 slide links via direct -> https://www.cs.cmu.edu/~213/schedule.html
[1045/2807] 'CS2133 - Oklahoma State University': no slides found
[1046/2807] 'CS2148 - California State University, Los Angeles': no slides found
[1047/2807] 'CS215 - Binghamton University': SAVED 16 slide links via direct -> https://www.cs.cmu.edu/~213/schedule.html
[1048/2807] 'CS216 - University of Kentucky': SAVED 15 slide links via direct -> http://protocols.netlab.uky.edu/~davidb/cs216/
[1049/2807] 'CS2190 - Bowling Green State University': SAVED 9 slide links via direct -> https://www.cs.virginia.edu/~horton/cs2190/page2/page2.html
[1050/2807] 'CS220 - Binghamton University': SAVED 5 slide links via followed -> https://github.com/RichardLee0211/CS220Arch_Prakash/tree/master/slide
[1051/2807] 'CS2200 - Georgia Institute of Technology': SAVED 20 slide links via direct -> https://faculty.cc.gatech.edu/~rama/CS2200-External/
[1052/2807] 'CS2201 - Vanderbilt University': SAVED 11 slide links via direct -> https://cs2201-iitp.github.io/lectures/
[1053/2807] 'CS2204 - Vanderbilt University': SAVED 14 slide links via appended -> https://people.cs.vt.edu/~lqzhang/cs2204/lectures/
[1054/2807] 'CS221 - Stanford University': SAVED 12 slide links via direct -> https://stanford-cs221.github.io/spring2024/
[1055/2807] 'CS2212 - Vanderbilt University': no slides found
[1056/2807] 'CS2223 - Worcester Polytechnic Institute': SAVED 14 slide links via appended -> http://www.cs.wpi.edu/~cs2223/b09/schedule.html
[1057/2807] 'CS223 - Purdue University': SAVED 18 slide links via reduced -> https://github.com/ktk53x/Course_Material/blob/master/CS223%20Lectures/
[1058/2807] 'CS2231 - Vanderbilt University': SAVED 33 slide links via reduced -> https://www.dre.vanderbilt.edu/~schmidt/cs251/C++/lectures/PPTs/
[1059/2807] 'CS224 - Emory University': SAVED 25 slide links via direct -> https://web.stanford.edu/class/cs224n/
[1060/2807] 'CS2240 - University of Vermont': no slides found
[1061/2807] 'CS225 - Oregon State University': no slides found
[1062/2807] 'CS2250 - California Polytechnic State University': no slides found
[1063/2807] 'CS2270 - University of Missouri': SAVED 38 slide links via direct -> https://github.com/johnsogg/cs2270/tree/master/lecture_slides
[1064/2807] 'CS228 - Iowa State University': SAVED 1 slide links via direct -> https://github.com/henesy/cs228/tree/master/hw2%20files
[1065/2807] 'CS229 - Stanford University': SAVED 1 slide links via appended -> https://tuan-ld.github.io/posts/cs229-machine-learning-standford-lecture-notes/lectures.html
[1066/2807] 'CS230 - Duke University': SAVED 1 slide links via direct -> https://cs230.stanford.edu/section/1/
[1067/2807] 'CS2303 - Worcester Polytechnic Institute': SAVED 58 slide links via reduced -> https://web.cs.wpi.edu/~cs2303/c10/Protected/Lectures-C10/
[1068/2807] 'CS2308 - Texas State University': no slides found
[1069/2807] 'CS2310 - Bowling Green State University': no slides found
[1070/2807] 'CS2316 - Georgia Institute of Technology': SAVED 4 slide links via followed -> https://faculty.cc.gatech.edu/~sweat/cs2316/index.html
[1071/2807] 'CS2318 - Texas State University': no slides found
[1072/2807] 'CS2322 - Texas A&M University': no slides found
[1073/2807] 'CS2336 - University of Texas at Dallas': no slides found
[1074/2807] 'CS2337 - Texas A&M University': no slides found
[1075/2807] 'CS2340 - Georgia Institute of Technology': no slides found
[1076/2807] 'CS2350 - Texas Tech University': no slides found
[1077/2807] 'CS2353 - Southern Methodist University': no slides found
[1078/2807] 'CS24 - University of California, Santa Barbara': SAVED 2 slide links via direct -> https://sites.cs.ucsb.edu/~mikec/cs24/
[1079/2807] 'CS240 - Binghamton University': SAVED 4 slide links via appended -> http://www.cs.binghamton.edu/~steflik/cs240/slides/
[1080/2807] 'CS2400 - California State Polytechnic University, Pomona': SAVED 14 slide links via followed -> https://github.com/devingineer/CS2400/tree/main/Lecture%20Slides
[1081/2807] 'CS2401 - Ohio University': no slides found
[1082/2807] 'CS242 - Clarkson University': no slides found
[1083/2807] 'CS2453 - Lakehead University': no slides found
[1084/2807] 'CS2477 - Lakehead University': no slides found
[1085/2807] 'CS2500 - Rensselaer Polytechnic Institute': no slides found
[1086/2807] 'CS251 - Carnegie Mellon University': SAVED 36 slide links via appended -> https://securitylab.github.io/cs251-fall22/syllabus.html
[1087/2807] 'CS2510 - Georgia State University': SAVED 18 slide links via direct -> http://tinman.cs.gsu.edu/~raj/2510/f07/
[1088/2807] 'CS251L - University of New Mexico': no slides found
[1089/2807] 'CS252 - Vanderbilt University': SAVED 23 slide links via direct -> https://sites.radford.edu/~rjoyce9/classes/cs252/lectures/index.html
[1090/2807] 'CS254 - Carleton College': no slides found
[1091/2807] 'CS255 - Emory University': SAVED 2 slide links via appended -> http://cs.emory.edu/~cheung/Courses/255/lectures.html
[1092/2807] 'CS260 - Drexel University': no slides found
[1093/2807] 'CS261 - University of New Mexico': no slides found
[1094/2807] 'CS265 - Drexel University': SAVED 11 slide links via direct -> https://www.cs.drexel.edu/~kss35/CS265/lectures.html
[1095/2807] 'CS267 - San Jose State University': SAVED 1 slide links via appended -> https://www.sjsu.edu/cs/docs/syllabi/spring26/lectures.html
[1096/2807] 'CS2713 - University of Texas at San Antonio': no slides found
[1097/2807] 'CS275 - Purdue University': no slides found
[1098/2807] 'CS27500 - Purdue University': no slides found
[1099/2807] 'CS279 - University of California, Santa Barbara': SAVED 18 slide links via reduced -> https://www.dre.vanderbilt.edu/~jhoffert/cs279/slides/
[1100/2807] 'CS280 - Johns Hopkins University': SAVED 14 slide links via reduced -> https://w3.cs.jmu.edu/mayfiecs/cs280/
[1101/2807] 'CS2800 - Cornell University': no slides found
[1102/2807] 'CS2801 - Memorial University of Newfoundland': no slides found
[1103/2807] 'CS281 - Denison University': no slides found
[1104/2807] 'CS2813 - University of Oklahoma': SAVED 2 slide links via appended -> https://www.ou.edu/content/dam/coe/docs/cs/syllabi/2023-2024/lectures.html
[1105/2807] 'CS288 - New Jersey Institute of Technology': no slides found
[1106/2807] 'CS290 - Duke University': no slides found
[1107/2807] 'CS2900 - Bowling Green State University': no slides found
[1108/2807] 'CS291 - York College': SAVED 21 slide links via followed -> https://cs231n.stanford.edu/schedule.html
[1109/2807] 'CS299 - Bentley University': SAVED 2 slide links via appended -> https://cissandbox.bentley.edu/sandbox/index.php/cs-299/lectures.html
[1110/2807] 'CS2DM3 - McMaster University': no slides found
[1111/2807] 'CS2ME3 - McMaster University': no slides found
[1112/2807] 'CS3 - Rochester Institute of Technology': no slides found
[1113/2807] 'CS300 - University of Alabama': no slides found
[1114/2807] 'CS3000 - Northeastern University': SAVED 26 slide links via direct -> https://course.khoury.northeastern.edu/cs3000/schedule.html
[1115/2807] 'CS3001 - Georgia Institute of Technology': no slides found
[1116/2807] 'CS3003 - University of Cincinnati': no slides found
[1117/2807] 'CS301 - Binghamton University': no slides found
[1118/2807] 'CS3013 - Worcester Polytechnic Institute': no slides found
[1119/2807] 'CS303 - College of William & Mary': SAVED 12 slide links via appended -> https://www.cs.wm.edu/~tadavis/cs303/lectures/
[1120/2807] 'CS303E - University of Texas at Austin': SAVED 52 slide links via direct -> https://www.cs.utexas.edu/~byoung/cs303e/syllabus303e.html
[1121/2807] 'CS3043 - Worcester Polytechnic Institute': SAVED 1 slide links via direct -> https://libguides.wpi.edu/cs3043/presenting
[1122/2807] 'CS305 - Bentley University': no slides found
[1123/2807] 'CS3050 - University of Missouri': no slides found
[1124/2807] 'CS3060 - Bowling Green State University': no slides found
[1125/2807] 'CS31 - University of California, Los Angeles': no slides found
[1126/2807] 'CS310 - Arizona State University': no slides found
[1127/2807] 'CS3100 - University of Utah': no slides found
[1128/2807] 'CS311 - Binghamton University': SAVED 17 slide links via direct -> http://ryanlb.github.io/CS311/lectures/
[1129/2807] 'CS3110 - California State Polytechnic University, Pomona': SAVED 2 slide links via direct -> https://yawgmoth.github.io/CS3110/slides/lecture1.html
[1130/2807] 'CS3114 - Virginia Tech': no slides found
[1131/2807] 'CS311H - University of Texas at Austin': SAVED 21 slide links via direct -> https://www.cs.utexas.edu/~isil/cs311h-csb/index.html
[1132/2807] 'CS312 - University of Texas at Austin': no slides found
[1133/2807] 'CS313 - Queens College': no slides found
[1134/2807] 'CS3130 - University of Utah': SAVED 21 slide links via direct -> https://github.com/charlesreiss/cs3130-website/tree/fall2025/slides
[1135/2807] 'CS313E - University of Texas at Austin': no slides found
[1136/2807] 'CS314 - University of Texas at Austin': no slides found
[1137/2807] 'CS316 - Duke University': SAVED 25 slide links via direct -> https://courses.cs.duke.edu/fall22/compsci316d/
[1138/2807] 'CS3162 - University of Texas at Dallas': no slides found
[1139/2807] 'CS3180 - Wright State University': SAVED 22 slide links via direct -> http://cecs.wright.edu/~tkprasad/courses/cs3180/cs3180.html
[1140/2807] 'CS319 - Sacred Heart University': no slides found
[1141/2807] 'CS320 - Queens College': SAVED 1 slide links via followed -> https://www.qc.cuny.edu/ocd/diversity-week
[1142/2807] 'CS3210 - Georgia Institute of Technology': SAVED 3 slide links via appended -> https://syllabus.gatech.edu/sites/default/files/2026-04/lectures.html
[1143/2807] 'CS3220 - Georgia Institute of Technology': no slides found
[1144/2807] 'CS3251 - Vanderbilt University': SAVED 33 slide links via reduced -> https://www.dre.vanderbilt.edu/~schmidt/cs251/C++/lectures/PPTs/
[1145/2807] 'CS325H - Oregon State University': SAVED 4 slide links via direct -> https://web.engr.oregonstate.edu/~huanlian/teaching/alg/2024spring-325/
[1146/2807] 'CS326 - Emory University': SAVED 1 slide links via followed -> https://registrar.emory.edu/faculty-staff/curriculum-management/forms.html
[1147/2807] 'CS3265 - Vanderbilt University': SAVED 8 slide links via followed -> https://my.vanderbilt.edu/cs265/database-schedule/
[1148/2807] 'CS3276 - Vanderbilt University': SAVED 1 slide links via direct -> https://cumberland.isis.vanderbilt.edu/cs3276/schedule.php
[1149/2807] 'CS3281 - Vanderbilt University': no slides found
[1150/2807] 'CS330 - Duke University': SAVED 25 slide links via direct -> https://courses.cs.duke.edu/spring20/compsci330/
[1151/2807] 'CS3300 - Georgia Institute of Technology': SAVED 3 slide links via direct -> https://github.com/teja-vardh1/cs3300_m22-kc/blob/main/slides/01_introduction.pdf
[1152/2807] 'CS3305 - Kennesaw State University': no slides found
[1153/2807] 'CS331 - Queens College': SAVED 3 slide links via direct -> https://github.com/ps-keerthana/COURSE_WORKS/blob/main/Computer_Networks/Lec_Slides/CS331_TranportLayer_Lec13-15.pdf
[1154/2807] 'CS3311 - Georgia Institute of Technology': no slides found
[1155/2807] 'CS3312 - Georgia Institute of Technology': no slides found
[1156/2807] 'CS3320 - Texas State University': SAVED 1 slide links via appended -> https://userweb.cs.txstate.edu/~rp31/slides/
[1157/2807] 'CS3323 - University of Oklahoma': SAVED 2 slide links via appended -> https://www.ou.edu/content/dam/coe/cs/course-syllabi/fall-2025/lectures.html
[1158/2807] 'CS333 - Binghamton University': no slides found
[1159/2807] 'CS3333 - University of Texas at San Antonio': no slides found
[1160/2807] 'CS3337 - California State University, Los Angeles': SAVED 2 slide links via direct -> https://github.com/Ceziech/CS3337
[1161/2807] 'CS3339 - Texas State University': no slides found
[1162/2807] 'CS334 - Emory University': SAVED 1 slide links via direct -> https://joyceho.github.io/courses/cs334_f19.html
[1163/2807] 'CS3340 - University of Texas at Dallas': no slides found
[1164/2807] 'CS3341 - University of Texas at Dallas': no slides found
[1165/2807] 'CS3343 - University of Texas at San Antonio': SAVED 21 slide links via reduced -> https://www.cs.utsa.edu/~jruan/teaching/cs3343s18/
[1166/2807] 'CS3345 - University of Texas at Dallas': no slides found
[1167/2807] 'CS335 - University of Kentucky': SAVED 13 slide links via followed -> https://ycpcs.github.io/cs335-spring2026/schedule/index.html
[1168/2807] 'CS3350 - Bowling Green State University': SAVED 25 slide links via appended -> https://www.bgsu.edu/arts-and-sciences/computer-science/model-course-syllabi/lectures.html
[1169/2807] 'CS3353 - Oklahoma State University': SAVED 21 slide links via direct -> https://congpu.github.io/course/cs3353.html
[1170/2807] 'CS3354 - Texas State University': no slides found
[1171/2807] 'CS3358 - Texas State University': no slides found
[1172/2807] 'CS3360 - Texas State University': no slides found
[1173/2807] 'CS3364 - Texas Tech University': SAVED 10 slide links via direct -> https://www.myweb.ttu.edu/tnhondan/CS3364/syllabus.html
[1174/2807] 'CS3365 - Texas Tech University': SAVED 10 slide links via direct -> https://github.com/CS3365-01/PowerPoints
[1175/2807] 'CS3375 - Texas Tech University': no slides found
[1176/2807] 'CS3376 - University of Texas at Dallas': no slides found
[1177/2807] 'CS3377 - University of Texas at Dallas': no slides found
[1178/2807] 'CS3398 - Texas State University': SAVED 14 slide links via followed -> https://userweb.cs.txstate.edu/~rp31/syllCS3398_Sum.html
[1179/2807] 'CS340 - Queens College': SAVED 9 slide links via direct -> https://www.cs.hunter.cuny.edu/~sweiss/course_materials/csci340/csci340_lecture_notes.php
[1180/2807] 'CS3400 - Memorial University of Newfoundland': no slides found
[1181/2807] 'CS340X - Worcester Polytechnic Institute': SAVED 2 slide links via reduced -> https://moss.cs.iit.edu/cs340/
[1182/2807] 'CS341 - Clarkson University': SAVED 3 slide links via direct -> https://github.com/ktk53x/Course_Material/blob/master/CS341%20Lectures/Chapter_2.pdf
[1183/2807] 'CS343 - Queens College': no slides found
[1184/2807] 'CS3431 - Worcester Polytechnic Institute': no slides found
[1185/2807] 'CS344 - Queens College': SAVED 3 slide links via direct -> https://github.com/udacity/cs344/blob/master/Lesson%20Slides/CS344_Lesson2_Slides.pdf
[1186/2807] 'CS346 - Queens College': SAVED 7 slide links via direct -> https://cs346.stanford.edu/
[1187/2807] 'CS348 - Clarkson University': SAVED 23 slide links via reduced -> https://cs.uwaterloo.ca/~xiaohu/courses/CS348/slides-S25/
[1188/2807] 'CS349 - University of Texas at Austin': SAVED 10 slide links via direct -> https://www.cs.utexas.edu/~ear/cs349/LectureSlides.html
[1189/2807] 'CS35 - Swarthmore College': no slides found
[1190/2807] 'CS350 - Binghamton University': SAVED 1 slide links via appended -> https://davidjlu.github.io/CS350/notes/
[1191/2807] 'CS3502 - Kennesaw State University': no slides found
[1192/2807] 'CS351 - University of Alabama': SAVED 1 slide links via direct -> https://cs-351.github.io/sp26/
[1193/2807] 'CS3510 - Georgia Institute of Technology': SAVED 3 slide links via appended -> https://syllabus.gatech.edu/sites/default/files/2026-04/lectures.html
[1194/2807] 'CS3516 - Worcester Polytechnic Institute': SAVED 23 slide links via followed -> https://github.com/Mcdonoughd/CS3516/tree/master/Slides
[1195/2807] 'CS352 - Oregon State University': no slides found
[1196/2807] 'CS355 - Queens College': no slides found
[1197/2807] 'CS356 - University of Southern California': SAVED 33 slide links via direct -> https://usc-cs356.github.io/schedule.html
[1198/2807] 'CS3600 - Georgia Institute of Technology': SAVED 23 slide links via direct -> https://sites.cc.gatech.edu/classes/AY2006/cs3600_fall/slides/index.html
[1199/2807] 'CS3613 - Oklahoma State University': no slides found
[1200/2807] 'CS3630 - Georgia Institute of Technology': no slides found
[1201/2807] 'CS3650 - Northeastern University': SAVED 2 slide links via direct -> https://khoury.northeastern.edu/home/awjacks/cs3650f18/lecture1.html
[1202/2807] 'CS3653 - Oklahoma State University': no slides found
[1203/2807] 'CS371 - Duke University': SAVED 3 slide links via appended -> https://dnas.dukekunshan.edu.cn/course-content-type/cs371-duke/lectures.html
[1204/2807] 'CS3710 - University of Virginia': no slides found
[1205/2807] 'CS3714 - Virginia Tech': no slides found
[1206/2807] 'CS372 - Oregon State University': SAVED 14 slide links via direct -> https://ncp38.github.io/cs372-f24/
[1207/2807] 'CS3723 - University of Texas at San Antonio': no slides found
[1208/2807] 'CS3733 - Worcester Polytechnic Institute': SAVED 2 slide links via direct -> https://web.cs.wpi.edu/~kfisler/Courses/CS3733/Lectures/
[1209/2807] 'CS3743 - University of Texas at San Antonio': no slides found
[1210/2807] 'CS375 - Binghamton University': no slides found
[1211/2807] 'CS3753 - University of Texas at San Antonio': SAVED 11 slide links via direct -> https://github.com/AbigailFernandes/CSCI3753
[1212/2807] 'CS3754 - Virginia Tech': SAVED 23 slide links via direct -> https://courses.cs.vt.edu/cs3704/2025fall/slides/
[1213/2807] 'CS376 - University of Texas at Austin': no slides found
[1214/2807] 'CS377 - Emory University': SAVED 2 slide links via appended -> https://www.cs.emory.edu/~nelsay2/lectures.html
[1215/2807] 'CS3790 - Georgia Institute of Technology': no slides found
[1216/2807] 'CS3793 - University of Texas at San Antonio': SAVED 1 slide links via direct -> https://github.com/Jeffafuh/CS3793-Final-Research-Project
[1217/2807] 'CS381 - Queens College': SAVED 7 slide links via direct -> https://github.com/engsian/cs381
[1218/2807] 'CS3810 - University of Utah': SAVED 789 slide links via reduced -> https://users.cs.utah.edu/~rajeev/cs3810/slides/
[1219/2807] 'CS3843 - University of Texas at San Antonio': SAVED 13 slide links via appended -> https://people.engr.tamu.edu/djimenez/taco/utsa-www/cs3843/schedule.html
[1220/2807] 'CS3844 - University of Texas at San Antonio': no slides found
[1221/2807] 'CS3853 - University of Texas at San Antonio': SAVED 9 slide links via appended -> https://people.engr.tamu.edu/djimenez/taco/utsa-www/cs3853/schedule.html
[1222/2807] 'CS388 - New Jersey Institute of Technology': no slides found
[1223/2807] 'CS3891 - Vanderbilt University': no slides found
[1224/2807] 'CS390 - Old Dominion University': SAVED 8 slide links via direct -> https://www.cs.odu.edu/~zeil/cs390/latest/Public/orientationSlides/orientationSlides__slides.html
[1225/2807] 'CS395 - University of Wisconsin-Milwaukee': no slides found
[1226/2807] 'CS3DB3 - McMaster University': no slides found
[1227/2807] 'CS400 - University of Wisconsin-Madison': SAVED 4 slide links via appended -> https://mediaspace.wisc.edu/channel/CS400%20Review%20Lectures/145422971/lectures.html
[1228/2807] 'CS402 - Binghamton University': SAVED 7 slide links via reduced -> https://github.com/niMgnoeSeeL/CS402/blob/master/
[1229/2807] 'CS403 - University of Alabama': SAVED 2 slide links via appended -> https://students.eng.ua.edu/courses/cs-403/lectures.html
[1230/2807] 'CS408 - University of New Hampshire': no slides found
[1231/2807] 'CS4100 - Northeastern University': no slides found
[1232/2807] 'CS4120 - Bowling Green State University': SAVED 25 slide links via appended -> https://www.bgsu.edu/arts-and-sciences/computer-science/model-course-syllabi/lectures.html
[1233/2807] 'CS4220 - Georgia Institute of Technology': SAVED 22 slide links via direct -> https://sites.gatech.edu/cse6220fall24/
[1234/2807] 'CS4240 - Georgia Institute of Technology': SAVED 19 slide links via direct -> https://bo-dai.github.io/CX4240-spring2026/lectures/
[1235/2807] 'CS4253 - Kennesaw State University': SAVED 2 slide links via direct -> https://facultyweb.kennesaw.edu/dcolebec/pptresources.php
[1236/2807] 'CS426 - University of Alabama': SAVED 1 slide links via appended -> https://courses.grainger.illinois.edu/cs426/fa2022/lectures.html
[1237/2807] 'CS4278 - Vanderbilt University': SAVED 2 slide links via direct -> https://huang.isis.vanderbilt.edu/cs4278-sp22/lectures.php
[1238/2807] 'CS428 - University of Alabama': SAVED 1 slide links via appended -> https://jacobdiaz.github.io/428landing/docs/documentation/lectures.html
[1239/2807] 'CS4283 - Vanderbilt University': SAVED 1 slide links via direct -> https://github.com/minhsang25/CS4283_Computer_Network/blob/main/README.md
[1240/2807] 'CS4288 - Vanderbilt University': SAVED 24 slide links via direct -> https://cumberland.isis.vanderbilt.edu/cs4288/
[1241/2807] 'CS4301 - University of Texas at Dallas': no slides found
[1242/2807] 'CS431 - University of Wisconsin-Milwaukee': no slides found
[1243/2807] 'CS4318 - Texas State University': no slides found
[1244/2807] 'CS4320 - Cornell University': no slides found
[1245/2807] 'CS4328 - Texas State University': no slides found
[1246/2807] 'CS4331 - Texas Tech University': no slides found
[1247/2807] 'CS4341 - University of Texas at Dallas': no slides found
[1248/2807] 'CS4343 - Oklahoma State University': no slides found
[1249/2807] 'CS4345 - Southern Methodist University': SAVED 3 slide links via direct -> https://github.com/ktk53x/Course_Material/blob/master/CS345%20Lectures/SE_DFD_Tutorial_Slides.pdf
[1250/2807] 'CS4348 - University of Texas at Dallas': no slides found
[1251/2807] 'CS4349 - University of Texas at Dallas': no slides found
[1252/2807] 'CS435 - New Jersey Institute of Technology': no slides found
[1253/2807] 'CS4350 - Texas State University': no slides found
[1254/2807] 'CS4352 - Texas Tech University': no slides found
[1255/2807] 'CS436 - Southern Illinois University Carbondale': no slides found
[1256/2807] 'CS4366 - Texas Tech University': no slides found
[1257/2807] 'CS4384 - University of Texas at Dallas': no slides found
[1258/2807] 'CS4386 - University of Texas at Dallas': no slides found
[1259/2807] 'CS4389 - University of Texas at Dallas': no slides found
[1260/2807] 'CS439 - University of Texas at Austin': no slides found
[1261/2807] 'CS4393 - University of Texas at Dallas': no slides found
[1262/2807] 'CS440 - California State University, Los Angeles': SAVED 1 slide links via followed -> https://courses.cs.colostate.edu/cs440/resources/
[1263/2807] 'CS4400 - Georgia Institute of Technology': SAVED 2 slide links via appended -> https://bioinformatics.gatech.edu/sites/default/files/lectures.html
[1264/2807] 'CS441 - University of Pittsburgh': SAVED 44 slide links via direct -> https://nineil.github.io/courses/fall24_cs441/
[1265/2807] 'CS4413 - University of Oklahoma': SAVED 2 slide links via appended -> https://www.ou.edu/content/dam/coe/cs/course-syllabi/spring-2026/lectures.html
[1266/2807] 'CS442 - Penn State University': no slides found
[1267/2807] 'CS4430 - Western Michigan University': no slides found
[1268/2807] 'CS444 - Binghamton University': SAVED 3 slide links via direct -> https://github.com/jaywoojo/cs444-slides/blob/main/lec08_cnn.pdf
[1269/2807] 'CS4445 - Worcester Polytechnic Institute': no slides found
[1270/2807] 'CS445 - Clarkson University': SAVED 55 slide links via direct -> https://yxw.cs.illinois.edu/course/CS445/F24/
[1271/2807] 'CS4450 - Cornell University': SAVED 26 slide links via direct -> https://www.cs.cornell.edu/courses/cs4450/2025sp/schedule.html
[1272/2807] 'CS4453 - Lakehead University': no slides found
[1273/2807] 'CS447 - Clarkson University': no slides found
[1274/2807] 'CS4470 - Georgia Institute of Technology': SAVED 1 slide links via direct -> https://sites.cc.gatech.edu/classes/AY2002/cs4470_fall/
[1275/2807] 'CS4473 - University of Oklahoma': SAVED 2 slide links via appended -> https://www.ou.edu/content/dam/coe/docs/cs/syllabi/2022/spring-course-syllabus-2022/lectures.html
[1276/2807] 'CS4476 - Georgia Institute of Technology': no slides found
[1277/2807] 'CS449 - University of Pittsburgh': SAVED 13 slide links via direct -> https://people.cs.pitt.edu/~jacklange/teaching/cs449-s15/
[1278/2807] 'CS4504 - Kennesaw State University': SAVED 1 slide links via direct -> https://github.com/octapi345/CS4504-PROJ-P1
[1279/2807] 'CS451 - Binghamton University': SAVED 24 slide links via direct -> https://www.cs.umb.edu/~siyer/teaching/cs451/study_material.html
[1280/2807] 'CS4510 - Georgia Institute of Technology': SAVED 3 slide links via appended -> https://syllabus.gatech.edu/sites/default/files/2026-04/lectures.html
[1281/2807] 'CS4520 - University of Missouri': no slides found
[1282/2807] 'CS458 - University of Waterloo': SAVED 1 slide links via reduced -> https://cs.uwaterloo.ca/~m285xu/courses/cs458-w23/assets/modules/intro/
[1283/2807] 'CS460 - Binghamton University': SAVED 28 slide links via direct -> https://www2.cs.arizona.edu/classes/cs460/spring26/slides/
[1284/2807] 'CS4605 - Georgia Institute of Technology': no slides found
[1285/2807] 'CS460G - University of Kentucky': no slides found
[1286/2807] 'CS463 - University of Kentucky': SAVED 26 slide links via direct -> https://cs.uky.edu/~sgware/courses/cs463g/index.syl
[1287/2807] 'CS463G - University of Kentucky': SAVED 26 slide links via direct -> https://cs.uky.edu/~sgware/courses/cs463g/index.syl
[1288/2807] 'CS4653 - University of Texas at San Antonio': no slides found
[1289/2807] 'CS4675 - Georgia Institute of Technology': no slides found
[1290/2807] 'CS46A - San Jose State University': SAVED 1 slide links via appended -> https://www.sjsu.edu/cs/docs/syllabi/fall25/lectures.html
[1291/2807] 'CS46B - San Jose State University': SAVED 18 slide links via direct -> https://www.cs.sjsu.edu/~mak/archive/CS46B/index.html
[1292/2807] 'CS47 - San Jose State University': SAVED 1 slide links via appended -> https://www.sjsu.edu/cs/docs/pdfs/fall-20-syllabi/lectures.html
[1293/2807] 'CS470 - University of Alabama': SAVED 10 slide links via direct -> https://www.cefns.nau.edu/~edo/Classes/CS470-570_WWW/materials.html
[1294/2807] 'CS4731 - Georgia Institute of Technology': SAVED 28 slide links via followed -> https://faculty.cc.gatech.edu/~surban6/2019fa-gameAI/schedule.html
[1295/2807] 'CS474 - New York University': SAVED 22 slide links via followed -> https://cs474-uic.github.io/cs474-spring2023-site/schedule
[1296/2807] 'CS475 - University of Southern California': SAVED 24 slide links via direct -> https://student.cs.uwaterloo.ca/~cs475/resources.shtml
[1297/2807] 'CS4780 - Cornell University': SAVED 29 slide links via direct -> https://www.cs.cornell.edu/courses/cs4780/2022fa/
[1298/2807] 'CS4787 - Cornell University': no slides found
[1299/2807] 'CS480 - New York University': SAVED 3 slide links via direct -> https://github.com/cs480-f20/CS480/blob/master/slides/ch1-intro.pdf
[1300/2807] 'CS481 - University of New Mexico': SAVED 1 slide links via direct -> https://github.com/0xA3B/unm_cs481
[1301/2807] 'CS4820 - Cornell University': SAVED 1 slide links via direct -> https://www.cs.cornell.edu/courses/cs4820/2025sp/
[1302/2807] 'CS49 - Dartmouth College': SAVED 6 slide links via direct -> https://www.cs.dartmouth.edu/ac/Teach/CS49-Fall11/presentations.html
[1303/2807] 'CS491 - New Jersey Institute of Technology': SAVED 19 slide links via direct -> https://github.com/nmmull/CS491-S24/tree/main/Slides
[1304/2807] 'CS496 - San Diego State University': SAVED 2 slide links via direct -> https://github.com/AGanguly13/cs496-final-project
[1305/2807] 'CS49J - San Jose State University': SAVED 1 slide links via appended -> https://www.sjsu.edu/cs/docs/fall24_syllabi/lectures.html
[1306/2807] 'CS5000 - Utah State University': no slides found
[1307/2807] 'CS5003 - Worcester Polytechnic Institute': no slides found
[1308/2807] 'CS5004 - Northeastern University': SAVED 2 slide links via appended -> https://www.khoury.northeastern.edu/cs5004-object-oriented-design-course-charter/lectures.html
[1309/2807] 'CS501 - Boston University': no slides found
[1310/2807] 'CS5010 - Northeastern University': SAVED 1 slide links via direct -> https://course.ccs.neu.edu/cs5010f19-seattle/lects/slides/CS5010_Fall2019_Lecture4.html
[1311/2807] 'CS502 - University of Wisconsin-Madison': no slides found
[1312/2807] 'CS504 - Drexel University': no slides found
[1313/2807] 'CS506 - New Jersey Institute of Technology': SAVED 20 slide links via reduced -> https://compas.cs.stonybrook.edu/~nhonarmand/courses/sp17/cse506/slides/
[1314/2807] 'CS508 - University of Washington': no slides found
[1315/2807] 'CS5080 - Utah State University': no slides found
[1316/2807] 'CS509 - University of Kentucky': no slides found
[1317/2807] 'CS50X - Harvard University': SAVED 1 slide links via followed -> https://cs50.harvard.edu/x/weeks/0/
[1318/2807] 'CS5100 - Northeastern University': no slides found
[1319/2807] 'CS5110 - Utah State University': no slides found
[1320/2807] 'CS5125 - University of Cincinnati': SAVED 20 slide links via direct -> https://www.ccps.uc.edu/academics/olli/resources/handouts.html
[1321/2807] 'CS5163 - University of Texas at San Antonio': no slides found
[1322/2807] 'CS5170 - University of Cincinnati': SAVED 1 slide links via direct -> https://www.onestop.uc.edu/registration/class-offerings.html
[1323/2807] 'CS518 - University of New Hampshire': no slides found
[1324/2807] 'CS519 - Oregon State University': SAVED 3 slide links via direct -> https://github.com/lnmduc2/CS519.O11/blob/main/slides.pdf
[1325/2807] 'CS530 - Chapman University': no slides found
[1326/2807] 'CS5313 - Oklahoma State University': no slides found
[1327/2807] 'CS5328 - Southern Methodist University': no slides found
[1328/2807] 'CS5330 - University of Texas at Dallas': no slides found
[1329/2807] 'CS534 - Oregon State University': no slides found
[1330/2807] 'CS5340 - Northeastern University': SAVED 1 slide links via direct -> https://course.ccs.neu.edu/cs5340sp13/presentationInstructions.html
[1331/2807] 'CS5343 - University of Texas at Dallas': no slides found
[1332/2807] 'CS5348 - University of Texas at Dallas': no slides found
[1333/2807] 'CS537 - University of Wisconsin-Madison': SAVED 27 slide links via followed -> https://pages.cs.wisc.edu/~oliphant/cs537-sp24/slides/
[1334/2807] 'CS5374 - Texas Tech University': no slides found
[1335/2807] 'CS5381 - Texas Tech University': no slides found
[1336/2807] 'CS542 - Worcester Polytechnic Institute': SAVED 28 slide links via direct -> https://web.cs.wpi.edu/~cs542/s17/lectures.html
[1337/2807] 'CS543 - Drexel University': SAVED 9 slide links via direct -> https://www.cs.drexel.edu/~jjohnson/2012-13/fall/cs543/
[1338/2807] 'CS550 - Binghamton University': no slides found
[1339/2807] 'CS5500 - Northeastern University': SAVED 1 slide links via appended -> https://course.khoury.northeastern.edu/cs5500sp13/lectures.html
[1340/2807] 'CS551 - Binghamton University': SAVED 1 slide links via appended -> https://vasia.github.io/cs551/syllabus.html
[1341/2807] 'CS552 - Binghamton University': SAVED 1 slide links via direct -> https://cs-people.bu.edu/timobohr/index.html
[1342/2807] 'CS5523 - University of Texas at San Antonio': SAVED 3 slide links via followed -> https://www.cs.utsa.edu/~korkmaz/teaching/resources-os-grad/tk-slides
[1343/2807] 'CS554 - Rutgers University': no slides found
[1344/2807] 'CS557 - Binghamton University': no slides found
[1345/2807] 'CS559 - University of Wisconsin-Madison': SAVED 41 slide links via direct -> https://pages.graphics.cs.wisc.edu/559-sp22/pages/lecture-materials/
[1346/2807] 'CS5600 - Utah State University': no slides found
[1347/2807] 'CS561 - University of Southern California': no slides found
[1348/2807] 'CS566 - Boston University': no slides found
[1349/2807] 'CS567 - Colorado State University': SAVED 2 slide links via appended -> https://online.colostate.edu/courses/CS/lectures.html
[1350/2807] 'CS5700 - Northeastern University': SAVED 47 slide links via reduced -> https://course.ccs.neu.edu/cs5700sp23/slides/
[1351/2807] 'CS571 - Binghamton University': SAVED 26 slide links via direct -> https://github.com/CS571-S25/lectures
[1352/2807] 'CS577 - University of Wisconsin-Madison': SAVED 11 slide links via direct -> https://pages.cs.wisc.edu/~shuchi/courses/577-F14/
[1353/2807] 'CS5770 - Northeastern University': SAVED 15 slide links via direct -> https://zzm7000.github.io/teaching/2024fallcy5770/index.html
[1354/2807] 'CS580 - Boston University': no slides found
[1355/2807] 'CS5800 - Northeastern University': SAVED 2 slide links via followed -> https://www.khoury.northeastern.edu/home/aloupis/algo/5800/resources.html
[1356/2807] 'CS580B - Binghamton University': SAVED 2 slide links via direct -> https://www.binghamton.edu/programs/cstep/resources.html
[1357/2807] 'CS5820 - Utah State University': no slides found
[1358/2807] 'CS583B - Stevens Institute of Technology': no slides found
[1359/2807] 'CS5890 - Utah State University': no slides found
[1360/2807] 'CS596 - San Diego State University': SAVED 2 slide links via direct -> https://eli.sdsu.edu/courses/fall98/cs596/notes/
[1361/2807] 'CS5GOLD - Harvey Mudd College': SAVED 13 slide links via followed -> https://www.cs.hmc.edu/twiki/bin/view/CS5Summer2025Session2/WebHome
[1362/2807] 'CS5GR - Harvey Mudd College': SAVED 12 slide links via direct -> https://www.cs.hmc.edu/twiki/bin/view/CS5/
[1363/2807] 'CS6 - Duke University': no slides found
[1364/2807] 'CS600 - East Carolina University': no slides found
[1365/2807] 'CS6035 - Georgia Institute of Technology': SAVED 4 slide links via appended -> https://omscs.gatech.edu/cs-6035-introduction-information-security/lectures.html
[1366/2807] 'CS605 - Bentley University': SAVED 2 slide links via followed -> https://www.bentley.edu/offices/registrar/semesterdates
[1367/2807] 'CS61 - Tufts University': SAVED 23 slide links via direct -> https://cs61.seas.harvard.edu/site/2024/2024/LectureMaterial/
[1368/2807] 'CS61000 - Massachusetts Institute of Technology': SAVED 23 slide links via direct -> https://cs61.seas.harvard.edu/site/2024/2024/LectureMaterial/
[1369/2807] 'CS611 - Boston University': no slides found
[1370/2807] 'CS612 - Pace University': no slides found
[1371/2807] 'CS6220 - Georgia Institute of Technology': SAVED 22 slide links via direct -> https://sites.gatech.edu/cse6220fall24/
[1372/2807] 'CS6235 - Georgia Institute of Technology': SAVED 3 slide links via appended -> https://syllabus.gatech.edu/syllabi/6235/a/lectures.html
[1373/2807] 'CS6262 - Georgia Institute of Technology': no slides found
[1374/2807] 'CS630 - New Jersey Institute of Technology': SAVED 14 slide links via direct -> https://cis.bentley.edu/lwaguespack/CS630_Site/Downloads.html
[1375/2807] 'CS6301 - University of Texas at Dallas': no slides found
[1376/2807] 'CS6301UID - University of Texas at Dallas': SAVED 14 slide links via direct -> https://github.com/trogdentyler/cs6301
[1377/2807] 'CS6304 - University of Texas at Dallas': no slides found
[1378/2807] 'CS631 - New Jersey Institute of Technology': no slides found
[1379/2807] 'CS6313 - University of Texas at Dallas': no slides found
[1380/2807] 'CS632 - Boston University': SAVED 4 slide links via direct -> https://github.com/780Noman/AI_course_content/blob/main/CS632_Lecture_15_updated.pptx
[1381/2807] 'CS6326 - University of Texas at Dallas': no slides found
[1382/2807] 'CS6332 - University of Texas at Dallas': no slides found
[1383/2807] 'CS634 - Boston University': SAVED 2 slide links via appended -> https://www.bu.edu/csmet/academic-programs/courses/cs634/lectures.html
[1384/2807] 'CS6343 - University of Texas at Dallas': no slides found
[1385/2807] 'CS635 - New Jersey Institute of Technology': no slides found
[1386/2807] 'CS636 - New Jersey Institute of Technology': no slides found
[1387/2807] 'CS6360 - University of Texas at Dallas': SAVED 9 slide links via direct -> https://github.com/Sanatan-Shrivastava/cs_database_design_6360
[1388/2807] 'CS6364 - University of Texas at Dallas': SAVED 32 slide links via followed -> https://github.com/kapilgautamin/UTD-Masters-Work-Portfolio/tree/master/Fall2020/CS6364%20-%20Artificial%20Intelligence/Lecture-Slides
[1389/2807] 'CS6365 - Georgia Institute of Technology': no slides found
[1390/2807] 'CS6375 - University of Texas at Dallas': SAVED 19 slide links via direct -> https://personal.utdallas.edu/~nrr150130/cs6375/2026sp/index.html
[1391/2807] 'CS6378 - University of Texas at Dallas': no slides found
[1392/2807] 'CS6390 - University of Texas at Dallas': no slides found
[1393/2807] 'CS64 - University of California, Santa Barbara': SAVED 3 slide links via direct -> https://github.com/ucsb-cs64-f18/ucsb-cs64-f18.github.io/blob/master/_lectures/CS64_Lecture01.pdf
[1394/2807] 'CS6476 - Georgia Institute of Technology': SAVED 4 slide links via appended -> https://omscs.gatech.edu/cs-6476-computer-vision/lectures.html
[1395/2807] 'CS65 - Drake University': SAVED 26 slide links via reduced -> https://analytics.drake.edu/~reza/teaching/cs65_fall25/lecture_slides/
[1396/2807] 'CS6515 - Georgia Institute of Technology': SAVED 4 slide links via appended -> https://omscs.gatech.edu/cs-6515-intro-graduate-algorithms/lectures.html
[1397/2807] 'CS659 - Pace University': no slides found
[1398/2807] 'CS66 - Drake University': no slides found
[1399/2807] 'CS6601 - Georgia Institute of Technology': SAVED 4 slide links via appended -> https://omscs.gatech.edu/cs-6601-artificial-intelligence/lectures.html
[1400/2807] 'CS671 - Duke University': no slides found
[1401/2807] 'CS671D - Duke University': no slides found
[1402/2807] 'CS6750 - Georgia Institute of Technology': SAVED 4 slide links via direct -> https://omscs6750.gatech.edu/spring-2024/
[1403/2807] 'CS680 - University of Waterloo': SAVED 23 slide links via direct -> https://github.com/kpc-simone/cs480-f24
[1404/2807] 'CS6810 - University of Utah': no slides found
[1405/2807] 'CS695 - Boston University': SAVED 2 slide links via appended -> https://www.bu.edu/riscs/metcs695/lectures.html
[1406/2807] 'CS7140 - Northeastern University': SAVED 38 slide links via reduced -> https://course.ccs.neu.edu/cs7140sp18/assets/slides/
[1407/2807] 'CS715 - Queens College': SAVED 1 slide links via reduced -> https://www.cs.auckland.ac.nz/courses/compsci715s2c/lectures/
[1408/2807] 'CS744 - New Jersey Institute of Technology': SAVED 24 slide links via reduced -> https://pages.cs.wisc.edu/~shivaram/cs744-fa21-slides/
[1409/2807] 'CS7632 - Georgia Institute of Technology': SAVED 3 slide links via appended -> https://syllabus.gatech.edu/sites/default/files/2026-04/lectures.html
[1410/2807] 'CS7637 - Georgia Institute of Technology': SAVED 4 slide links via direct -> https://github.com/parthi2929/gt_cs7637/blob/master/Slides/02%20-%20Introduction%20to%20CS7637.pptx
[1411/2807] 'CS7643 - Georgia Institute of Technology': no slides found
[1412/2807] 'CS767 - Boston University': SAVED 2 slide links via appended -> https://www.bu.edu/csmet/academic-programs/courses/cs767/lectures.html
[1413/2807] 'CS779 - Boston University': no slides found
[1414/2807] 'CS81 - Harvey Mudd College': SAVED 15 slide links via followed -> https://hmc-e80.github.io/lectures/
[1415/2807] 'CS8803 - Georgia Institute of Technology': SAVED 8 slide links via direct -> https://hsienhsinlee.github.io/course_slides/CS8803.html
[1416/2807] 'CSA151 - Miami University': no slides found
[1417/2807] 'CSA163 - Miami University': no slides found
[1418/2807] 'CSA174 - Miami University': no slides found
[1419/2807] 'CSAS1113 - Seton Hall University': no slides found
[1420/2807] 'CSC001 - Hofstra University': no slides found
[1421/2807] 'CSC005 - Hofstra University': SAVED 79 slide links via reduced -> https://cs.hofstra.edu/~cscvjc/Fall06/Slides/Sess01/
[1422/2807] 'CSC006 - Hofstra University': no slides found
[1423/2807] 'CSC014 - Hofstra University': SAVED 1 slide links via appended -> https://cs.hofstra.edu/lectures.html
[1424/2807] 'CSC015 - Hofstra University': SAVED 2 slide links via direct -> https://cs.hofstra.edu/~knarig/csc015/
[1425/2807] 'CSC024 - Hofstra University': SAVED 1 slide links via reduced -> https://cs.hofstra.edu/~cscgzo/Courses/CS24/Admin/
[1426/2807] 'CSC040 - Claremont McKenna College': no slides found
[1427/2807] 'CSC10 - California State University, Sacramento': no slides found
[1428/2807] 'CSC1000 - Wayne State University': no slides found
[1429/2807] 'CSC1010 - Villanova University': no slides found
[1430/2807] 'CSC103 - SUNY Oswego': no slides found
[1431/2807] 'CSC104 - University of Rhode Island': SAVED 41 slide links via direct -> https://uricsc.github.io/courses/intro.html
[1432/2807] 'CSC1051 - Villanova University': no slides found
[1433/2807] 'CSC1052 - Villanova University': SAVED 30 slide links via followed -> http://www.csc.villanova.edu/~tway/courses/csc1052/f2024/schedule.html
[1434/2807] 'CSC106 - Union College': SAVED 10 slide links via direct -> https://georgiadoing.github.io/CSC106-S26/
[1435/2807] 'CSC107 - Union College': no slides found
[1436/2807] 'CSC1100 - Wayne State University': no slides found
[1437/2807] 'CSC111L - Quinnipiac University': SAVED 18 slide links via direct -> https://plantarc.github.io/csslides/csc111.html
[1438/2807] 'CSC113 - North Carolina State University': no slides found
[1439/2807] 'CSC11301 - University of Georgia': no slides found
[1440/2807] 'CSC1141 - Rochester Institute of Technology': no slides found
[1441/2807] 'CSC115 - College of Staten Island': no slides found
[1442/2807] 'CSC116 - North Carolina State University': SAVED 6 slide links via appended -> https://engineeringonline.ncsu.edu/student-resources/course-homepages/spring2024/csc-116-introduction-to-computing-java/lectures.html
[1443/2807] 'CSC121 - Eastern Michigan University': SAVED 1 slide links via appended -> https://kawilliams.github.io/teaching/csc121/lectures.html
[1444/2807] 'CSC122 - Eastern Michigan University': SAVED 1 slide links via direct -> https://athena.ecs.csus.edu/~mei/122/
[1445/2807] 'CSC123 - Eastern Michigan University': no slides found
[1446/2807] 'CSC1253 - Louisiana State University': no slides found
[1447/2807] 'CSC1254 - Louisiana State University': no slides found
[1448/2807] 'CSC126 - College of Staten Island': no slides found
[1449/2807] 'CSC127 - Eastern Michigan University': no slides found
[1450/2807] 'CSC130 - California State University, Sacramento': SAVED 1 slide links via direct -> https://athena.ecs.csus.edu/~mei/130/CSC130.htm
[1451/2807] 'CSC1300 - Villanova University': no slides found
[1452/2807] 'CSC1302 - Georgia State University': no slides found
[1453/2807] 'CSC134 - California State University, Sacramento': no slides found
[1454/2807] 'CSC135 - California State University, Sacramento': no slides found
[1455/2807] 'CSC1350 - Louisiana State University': no slides found
[1456/2807] 'CSC1351 - Louisiana State University': no slides found
[1457/2807] 'CSC138 - California State University, Sacramento': no slides found
[1458/2807] 'CSC139 - California State University, Sacramento': SAVED 3 slide links via direct -> https://github.com/Talal916/CSUS-CPE-CSC-EEE-Materials/blob/master/CSC%20139/lectures/csc139-fall19-part1-2.pdf
[1459/2807] 'CSC14 - Hofstra University': SAVED 1 slide links via appended -> https://cs.hofstra.edu/lectures.html
[1460/2807] 'CSC141 - California Polytechnic State University': no slides found
[1461/2807] 'CSC144 - University of Arizona': no slides found
[1462/2807] 'CSC1500 - Wayne State University': no slides found
[1463/2807] 'CSC151 - Le Moyne College': no slides found
[1464/2807] 'CSC152 - Eastern Michigan University': no slides found
[1465/2807] 'CSC153 - California State University, Sacramento': no slides found
[1466/2807] 'CSC1570 - University of Southern California': no slides found
[1467/2807] 'CSC16 - Hofstra University': no slides found
[1468/2807] 'CSC161 - Hofstra University': SAVED 1 slide links via reduced -> https://cs.hofstra.edu/~cscgzo/Courses/CS161/Admin/
[1469/2807] 'CSC175 - Le Moyne College': SAVED 21 slide links via direct -> https://home.adelphi.edu/~chays/csc175/slides.html
[1470/2807] 'CSC176 - Le Moyne College': no slides found
[1471/2807] 'CSC180 - University of Toronto': SAVED 6 slide links via appended -> https://engineering.calendar.utoronto.ca/course/csc180h1/lectures.html
[1472/2807] 'CSC183 - Hofstra University': no slides found
[1473/2807] 'CSC20 - California State University, Sacramento': SAVED 36 slide links via reduced -> https://athena.ecs.csus.edu/~wang/20/
[1474/2807] 'CSC207 - Grinnell College': SAVED 1 slide links via followed -> https://rebelsky.cs.grinnell.edu/Courses/CSC207/2024Fa/schedule/
[1475/2807] 'CSC207H1 - University of Toronto': SAVED 6 slide links via appended -> https://artsci.calendar.utoronto.ca/course/csc207h1/lectures.html
[1476/2807] 'CSC210 - University of Arizona': no slides found
[1477/2807] 'CSC211 - College of Staten Island': no slides found
[1478/2807] 'CSC212 - SUNY Oswego': no slides found
[1479/2807] 'CSC213 - San Francisco State University': no slides found
[1480/2807] 'CSC216 - North Carolina State University': no slides found
[1481/2807] 'CSC217 - SUNY Plattsburgh': no slides found
[1482/2807] 'CSC220 - College of Staten Island': no slides found
[1483/2807] 'CSC222 - Creighton University': SAVED 2 slide links via direct -> https://github.com/hayteach/csc222
[1484/2807] 'CSC225 - University of Victoria': no slides found
[1485/2807] 'CSC2259 - Louisiana State University': no slides found
[1486/2807] 'CSC226 - College of Staten Island': SAVED 1 slide links via direct -> https://www.csi.cuny.edu/academics-and-research/catalog
[1487/2807] 'CSC236 - University of Toronto': SAVED 2 slide links via direct -> https://www.cs.utoronto.ca/~amir/teaching/csc236f15/lectures.html
[1488/2807] 'CSC241 - DePaul University': SAVED 11 slide links via direct -> https://facsrv.cdm.depaul.edu/~cmiller/csc241/
[1489/2807] 'CSC242 - DePaul University': SAVED 10 slide links via direct -> https://facsrv.cdm.depaul.edu/~cmiller/csc242/
[1490/2807] 'CSC243 - DePaul University': no slides found
[1491/2807] 'CSC244 - University of Arizona': no slides found
[1492/2807] 'CSC250 - Rochester Institute of Technology': no slides found
[1493/2807] 'CSC252 - Smith College': no slides found
[1494/2807] 'CSC258 - California State University, Sacramento': SAVED 3 slide links via direct -> https://github.com/singhuu/CSC258/blob/master/Lectures/05%20tutorial_flipflops_slides.pdf
[1495/2807] 'CSC2610 - Louisiana State University': no slides found
[1496/2807] 'CSC263H1 - University of Toronto': no slides found
[1497/2807] 'CSC270 - Eastern Michigan University': SAVED 28 slide links via direct -> https://home.adelphi.edu/~pe16132/csc270/ppt.html
[1498/2807] 'CSC272 - Furman University': SAVED 15 slide links via direct -> https://cs.furman.edu/~ktreu/csc272/lectures/
[1499/2807] 'CSC2720 - Georgia State University': no slides found
[1500/2807] 'CSC273 - Eastern Michigan University': no slides found
[1501/2807] 'CSC28 - California State University, Sacramento': no slides found
[1502/2807] 'CSC280 - American University': SAVED 7 slide links via followed -> http://www.cs.rochester.edu/users/faculty/schubert/280/SLIDES/main03.ps.gz
[1503/2807] 'CSC300 - San Francisco State University': no slides found
[1504/2807] 'CSC301 - University of Rhode Island': SAVED 4 slide links via direct -> https://github.com/lutzhamel/CSC301/blob/master/notes/csc301-ln001.ppt
[1505/2807] 'CSC3010 - Wayne State University': no slides found
[1506/2807] 'CSC310 - University of Rhode Island': SAVED 4 slide links via direct -> https://github.com/IndraniMandal/CSC310-S20/blob/master/notes/06-machine-learning-basics-1.pptx
[1507/2807] 'CSC3102 - Louisiana State University': SAVED 26 slide links via direct -> http://www.csc.lsu.edu/~jianhua/csc3102.html
[1508/2807] 'CSC311 - SUNY Brockport': no slides found
[1509/2807] 'CSC3110 - Wayne State University': SAVED 1 slide links via direct -> https://github.com/Rensildi/CSC3110-Project1
[1510/2807] 'CSC312 - SUNY Brockport': SAVED 3 slide links via appended -> https://www.trinityuniversity.edu.ng/wp-content/uploads/lectures.html
[1511/2807] 'CSC314 - University of Miami': no slides found
[1512/2807] 'CSC315 - College of Staten Island': SAVED 1 slide links via direct -> https://www.csi.cuny.edu/academics-and-research/catalog
[1513/2807] 'CSC317 - University of Miami': SAVED 3 slide links via reduced -> https://www.cs.miami.edu/home/odelia/teaching/csc317_fall20/syllabus/
[1514/2807] 'CSC322 - University of Miami': SAVED 1 slide links via appended -> https://www.cs.miami.edu/home/schulz/lectures.html
[1515/2807] 'CSC323 - Queens College': SAVED 1 slide links via followed -> https://www.qc.cuny.edu/ocd/diversity-week
[1516/2807] 'CSC324 - San Francisco State University': no slides found
[1517/2807] 'CSC326 - College of Staten Island': no slides found
[1518/2807] 'CSC330 - College of Staten Island': no slides found
[1519/2807] 'CSC3300 - Elon University': no slides found
[1520/2807] 'CSC332 - College of Staten Island': no slides found
[1521/2807] 'CSC3320 - Georgia State University': no slides found
[1522/2807] 'CSC333 - North Carolina State University': no slides found
[1523/2807] 'CSC335 - University of Arizona': no slides found
[1524/2807] 'CSC336 - SUNY Plattsburgh': SAVED 4 slide links via direct -> https://github.com/Waqaskhan4698/Web-Technologies-Lectures/blob/main/CSC336-WT%20Lec6%20slides.pptx
[1525/2807] 'CSC345 - University of Arizona': SAVED 21 slide links via direct -> https://plantarc.github.io/csslides/csc345.html
[1526/2807] 'CSC346 - College of Staten Island': no slides found
[1527/2807] 'CSC360 - University of Victoria': no slides found
[1528/2807] 'CSC361 - Le Moyne College': no slides found
[1529/2807] 'CSC371 - DePaul University': no slides found
[1530/2807] 'CSC379 - North Carolina State University': SAVED 1 slide links via appended -> https://csc.ncsu.edu/academics/ugrad-courses/csc-379-ethics-in-computing/lectures.html
[1531/2807] 'CSC380 - University of Arizona': SAVED 17 slide links via reduced -> https://www2.cs.arizona.edu/~pachecoj/courses/csc380_fall21/
[1532/2807] 'CSC382 - College of Staten Island': no slides found
[1533/2807] 'CSC4101 - Louisiana State University': SAVED 24 slide links via direct -> https://www.cct.lsu.edu/~kosar/csc4101-spring06/
[1534/2807] 'CSC414 - Creighton University': no slides found
[1535/2807] 'CSC415 - San Francisco State University': no slides found
[1536/2807] 'CSC419 - SUNY Brockport': no slides found
[1537/2807] 'CSC422 - North Carolina State University': SAVED 1 slide links via appended -> https://csc.ncsu.edu/academics/ugrad-courses/csc-422-automated-learning-and-data-analysis/lectures.html
[1538/2807] 'CSC4260 - Georgia State University': no slides found
[1539/2807] 'CSC428 - University of Toronto': SAVED 6 slide links via appended -> https://artsci.calendar.utoronto.ca/course/csc428h1/lectures.html
[1540/2807] 'CSC433 - SUNY Plattsburgh': no slides found
[1541/2807] 'CSC4330 - Louisiana State University': no slides found
[1542/2807] 'CSC435 - SUNY Brockport': SAVED 16 slide links via reduced -> https://sun.cs.lsus.edu/~mtrutsch/teaching/2022-Spring/CSC435/Slides/
[1543/2807] 'CSC4420 - Wayne State University': no slides found
[1544/2807] 'CSC443 - University of Toronto': SAVED 10 slide links via direct -> https://www.teach.cs.toronto.edu/~csc443h/winter/
[1545/2807] 'CSC445 - University of Arizona': no slides found
[1546/2807] 'CSC446 - College of Staten Island': no slides found
[1547/2807] 'CSC4480 - Villanova University': SAVED 34 slide links via direct -> http://www.csc.villanova.edu/~goelman/csc4480/presentations.html
[1548/2807] 'CSC4500 - Wayne State University': no slides found
[1549/2807] 'CSC455 - Missouri State University': no slides found
[1550/2807] 'CSC461 - DePaul University': SAVED 13 slide links via direct -> https://github.com/cesteves/CSC461_Fall23
[1551/2807] 'CSC471 - DePaul University': no slides found
[1552/2807] 'CSC4710 - Wayne State University': no slides found
[1553/2807] 'CSC473 - University of Arizona': SAVED 1 slide links via followed -> https://calpoly-iandunn.github.io/csc473/lectures/07-cook-torrance
[1554/2807] 'CSC476 - American University': SAVED 5 slide links via direct -> https://github.com/fruittree/CSC476ComputerVision/blob/master/README.md
[1555/2807] 'CSC4760 - Georgia State University': SAVED 24 slide links via followed -> https://sarwanpasha.github.io/Courses/int_ml.html
[1556/2807] 'CSC481 - University of Rhode Island': SAVED 21 slide links via direct -> https://github.com/XiaochenLi-w/CSC-481-681-Principles-of-Computer-Security/tree/main/Upload%20Slides
[1557/2807] 'CSC4996 - Wayne State University': no slides found
[1558/2807] 'CSC5 - Hofstra University': SAVED 79 slide links via reduced -> https://cs.hofstra.edu/~cscvjc/Fall06/Slides/Sess01/
[1559/2807] 'CSC503 - University of Victoria': SAVED 3 slide links via direct -> https://github.com/Uncle-Solomon/CSC-503-Data-Mining-Project/blob/master/Presentation%20Slides_csc_503.pdf
[1560/2807] 'CSC510 - San Francisco State University': no slides found
[1561/2807] 'CSC535 - Eastern Michigan University': no slides found
[1562/2807] 'CSC540 - DePaul University': no slides found
[1563/2807] 'CSC545 - University of Miami': no slides found
[1564/2807] 'CSC548 - Creighton University': no slides found
[1565/2807] 'CSC591 - North Carolina State University': no slides found
[1566/2807] 'CSC592 - Eastern Michigan University': no slides found
[1567/2807] 'CSC60 - California State University, Sacramento': SAVED 4 slide links via direct -> https://github.com/Talal916/CSUS-CPE-CSC-EEE-Materials/blob/master/CSC%2060/C%20Lectures/C-8%20%20Structures.pptx
[1568/2807] 'CSC621 - San Francisco State University': no slides found
[1569/2807] 'CSC645 - San Francisco State University': no slides found
[1570/2807] 'CSC648 - San Francisco State University': SAVED 1 slide links via appended -> https://engineering.sfsu.edu/sites/default/files/documents/lectures.html
[1571/2807] 'CSC6500 - Wayne State University': no slides found
[1572/2807] 'CSC672 - DePaul University': no slides found
[1573/2807] 'CSC675 - San Francisco State University': no slides found
[1574/2807] 'CSC690 - Missouri State University': no slides found
[1575/2807] 'CSC703 - Missouri State University': no slides found
[1576/2807] 'CSC872 - San Francisco State University': no slides found
[1577/2807] 'CSCD240 - Eastern Washington University': no slides found
[1578/2807] 'CSCD300 - Eastern Washington University': no slides found
[1579/2807] 'CSCD320 - Eastern Washington University': no slides found
[1580/2807] 'CSCD470 - Eastern Washington University': no slides found
[1581/2807] 'CSCDO1 - University of Toronto': SAVED 10 slide links via direct -> https://www.cs.toronto.edu/~bonner/courses/2024f/csc2541/
[1582/2807] 'CSCE101 - University of South Carolina': SAVED 2 slide links via appended -> https://www.cse.sc.edu/class/101/lectures.html
[1583/2807] 'CSCE102 - University of South Carolina': SAVED 2 slide links via appended -> https://www.cse.sc.edu/class/102/lectures.html
[1584/2807] 'CSCE1030 - University of North Texas': no slides found
[1585/2807] 'CSCE1040 - University of North Texas': no slides found
[1586/2807] 'CSCE145 - University of South Carolina': SAVED 2 slide links via appended -> https://www.cse.sc.edu/class/145/lectures.html
[1587/2807] 'CSCE155A - University of Nebraska-Lincoln': no slides found
[1588/2807] 'CSCE155N - University of Nebraska-Lincoln': SAVED 2 slide links via appended -> https://mbite.unl.edu/sites/unl.edu.engineering.computing.mbite/files/media/file/lectures.html
[1589/2807] 'CSCE190 - University of South Carolina': SAVED 23 slide links via direct -> https://cse.sc.edu/~mgv/csce190f17/index.html
[1590/2807] 'CSCE2004 - University of Arkansas': no slides found
[1591/2807] 'CSCE2014 - University of Arkansas': no slides found
[1592/2807] 'CSCE2100 - University of North Texas': SAVED 3 slide links via appended -> https://www.untdallas.edu/hb2504/syllabi/lectures.html
[1593/2807] 'CSCE21104 - University of Arkansas': no slides found
[1594/2807] 'CSCE215 - University of South Carolina': SAVED 2 slide links via appended -> https://www.cse.sc.edu/class/215/lectures.html
[1595/2807] 'CSCE2214 - University of Arkansas': SAVED 18 slide links via direct -> https://ahnelson.uark.edu/courses/csce-2214-computer-organization-spring-2020/
[1596/2807] 'CSCE231 - University of Nebraska-Lincoln': no slides found
[1597/2807] 'CSCE235 - University of Nebraska-Lincoln': no slides found
[1598/2807] 'CSCE240 - University of South Carolina': SAVED 2 slide links via appended -> https://www.cse.sc.edu/files/syllabi/lectures.html
[1599/2807] 'CSCE242 - University of South Carolina': no slides found
[1600/2807] 'CSCE247 - University of South Carolina': no slides found
[1601/2807] 'CSCE2610 - University of North Texas': SAVED 1 slide links via followed -> https://engineering.unt.edu/cse/undergraduate/resources.html
[1602/2807] 'CSCE310 - University of Nebraska-Lincoln': SAVED 2 slide links via appended -> https://mbite.unl.edu/sites/unl.edu.engineering.computing.mbite/files/media/file/lectures.html
[1603/2807] 'CSCE311 - University of South Carolina': SAVED 1 slide links via direct -> https://cse.sc.edu/~rose/311/ppt/
[1604/2807] 'CSCE3110 - University of North Texas': SAVED 1 slide links via followed -> https://engineering.unt.edu/cse/undergraduate/resources.html
[1605/2807] 'CSCE31903 - University of Arkansas': no slides found
[1606/2807] 'CSCE3193 - University of Arkansas': no slides found
[1607/2807] 'CSCE3193H - University of Arkansas': no slides found
[1608/2807] 'CSCE330 - University of South Carolina': SAVED 2 slide links via direct -> https://www.cse.sc.edu/~mgv/csce330f24/lectureNotes/index.html
[1609/2807] 'CSCE3444 - University of North Texas': SAVED 1 slide links via followed -> https://engineering.unt.edu/cse/undergraduate/resources.html
[1610/2807] 'CSCE350 - University of South Carolina': no slides found
[1611/2807] 'CSCE35103 - University of Arkansas': no slides found
[1612/2807] 'CSCE3513 - University of Arkansas': no slides found
[1613/2807] 'CSCE3530 - University of North Texas': SAVED 1 slide links via followed -> https://engineering.unt.edu/cse/undergraduate/resources.html
[1614/2807] 'CSCE3600 - University of North Texas': no slides found
[1615/2807] 'CSCE3613 - University of Arkansas': no slides found
[1616/2807] 'CSCE390 - University of South Carolina': SAVED 20 slide links via direct -> https://www.cse.sc.edu/~mgv/csce390f23/index.html
[1617/2807] 'CSCE4010 - University of North Texas': SAVED 3 slide links via appended -> https://www.untdallas.edu/hb2504/syllabi/lectures.html
[1618/2807] 'CSCE4013 - University of Arkansas': no slides found
[1619/2807] 'CSCE411 - University of Nebraska-Lincoln': SAVED 1 slide links via appended -> https://sthomas.engr.tamu.edu/course/csce-411-design-and-analysis-of-algorithms/lectures.html
[1620/2807] 'CSCE4110 - University of North Texas': SAVED 1 slide links via followed -> https://engineering.unt.edu/cse/undergraduate/resources.html
[1621/2807] 'CSCE416 - University of South Carolina': SAVED 2 slide links via appended -> https://www.cse.sc.edu/class/416/lectures.html
[1622/2807] 'CSCE423 - University of Nebraska-Lincoln': SAVED 13 slide links via direct -> https://cse.unl.edu/~sscott/teach/Classes/cse423F19/slides/
[1623/2807] 'CSCE428 - University of Nebraska-Lincoln': no slides found
[1624/2807] 'CSCE4323 - University of Arkansas': SAVED 1 slide links via direct -> https://cttp.uark.edu/online-training/asphalt.php
[1625/2807] 'CSCE4350 - University of North Texas': SAVED 3 slide links via appended -> https://www.untdallas.edu/hb2504/syllabi/lectures.html
[1626/2807] 'CSCE4433 - University of Arkansas': no slides found
[1627/2807] 'CSCE4444 - University of North Texas': SAVED 1 slide links via followed -> https://engineering.unt.edu/cse/undergraduate/resources.html
[1628/2807] 'CSCE4561 - University of Arkansas': SAVED 1 slide links via appended -> https://ahnelson.uark.edu/csce-4561-4963-capstone-i-ii-2024/lectures.html
[1629/2807] 'CSCE4600 - University of North Texas': SAVED 1 slide links via followed -> https://engineering.unt.edu/cse/undergraduate/resources.html
[1630/2807] 'CSCE4613 - University of Arkansas': no slides found
[1631/2807] 'CSCE466 - University of Nebraska-Lincoln': no slides found
[1632/2807] 'CSCE469 - University of Nebraska-Lincoln': SAVED 3 slide links via followed -> https://github.com/cbourke/ComputerScienceII/tree/master/slides
[1633/2807] 'CSCE476 - University of Nebraska-Lincoln': no slides found
[1634/2807] 'CSCE477 - University of Nebraska-Lincoln': no slides found
[1635/2807] 'CSCE4901 - University of North Texas': no slides found
[1636/2807] 'CSCE5013 - University of Arkansas': SAVED 21 slide links via direct -> https://ahnelson.uark.edu/courses/csce-4-5013-wearable-ubiquitous-computing/
[1637/2807] 'CSCE5063 - University of Arkansas': no slides found
[1638/2807] 'CSCE5150 - University of North Texas': SAVED 1 slide links via followed -> https://engineering.unt.edu/cse/undergraduate/resources.html
[1639/2807] 'CSCE5210 - University of North Texas': SAVED 1 slide links via followed -> https://engineering.unt.edu/cse/undergraduate/resources.html
[1640/2807] 'CSCE5215 - University of North Texas': SAVED 1 slide links via followed -> https://engineering.unt.edu/cse/undergraduate/resources.html
[1641/2807] 'CSCE5290 - University of North Texas': no slides found
[1642/2807] 'CSCE5300 - University of North Texas': SAVED 1 slide links via followed -> https://engineering.unt.edu/cse/undergraduate/resources.html
[1643/2807] 'CSCE547 - University of South Carolina': no slides found
[1644/2807] 'CSCE5933 - University of North Texas': SAVED 1 slide links via followed -> https://engineering.unt.edu/cse/undergraduate/resources.html
[1645/2807] 'CSCE790 - University of South Carolina': no slides found
[1646/2807] 'CSCI005 - Harvey Mudd College': no slides found
[1647/2807] 'CSCI012 - Queens College': SAVED 1 slide links via followed -> https://www.qc.cuny.edu/ocd/diversity-week
[1648/2807] 'CSCI040 - Claremont McKenna College': no slides found
[1649/2807] 'CSCI060 - Harvey Mudd College': SAVED 1 slide links via direct -> https://www.cs.hmc.edu/~keller/courses/cs60/slides/slide01.01.html
[1650/2807] 'CSCI070 - Harvey Mudd College': SAVED 15 slide links via followed -> https://hmc-e80.github.io/lectures/
[1651/2807] 'CSCI081 - Harvey Mudd College': no slides found
[1652/2807] 'CSCI1000 - University of Colorado Boulder': no slides found
[1653/2807] 'CSCI1010 - East Carolina University': no slides found
[1654/2807] 'CSCI1012 - George Washington University': no slides found
[1655/2807] 'CSCI102 - University of Southern California': no slides found
[1656/2807] 'CSCI103 - University of Southern California': SAVED 26 slide links via followed -> https://bytes.usc.edu/files/cs103/sp26/slides/
[1657/2807] 'CSCI103L - University of Southern California': SAVED 26 slide links via followed -> https://bytes.usc.edu/files/cs103/sp26/slides/
[1658/2807] 'CSCI1070 - Saint Louis University': SAVED 1 slide links via direct -> https://github.com/mahlet-hub/mahley_csci_1070
[1659/2807] 'CSCI109 - University of Southern California': no slides found
[1660/2807] 'CSCI110 - Coastal Carolina University': SAVED 2 slide links via appended -> https://www.coastal.edu/computing/studentresources/assistance/csci110/lectures.html
[1661/2807] 'CSCI1100 - Rensselaer Polytechnic Institute': SAVED 1 slide links via direct -> https://cs.rpi.edu/~mushtu/CS1100/index.html
[1662/2807] 'CSCI1101 - Boston College': no slides found
[1663/2807] 'CSCI1106 - Dalhousie University': SAVED 3 slide links via appended -> https://hallab.cs.dal.ca/CSCI1106/lectures.html
[1664/2807] 'CSCI1109 - Dalhousie University': no slides found
[1665/2807] 'CSCI111 - Queens College': no slides found
[1666/2807] 'CSCI1110 - Dalhousie University': no slides found
[1667/2807] 'CSCI1111 - George Washington University': no slides found
[1668/2807] 'CSCI111LAB - Queens College': SAVED 1 slide links via followed -> https://www.qc.cuny.edu/ocd/diversity-week
[1669/2807] 'CSCI112 - California State University, Chico': SAVED 14 slide links via followed -> https://github.com/hackettccp/CSCI112/tree/master/Lectures
[1670/2807] 'CSCI1120 - Dalhousie University': no slides found
[1671/2807] 'CSCI114 - SUNY Geneseo': no slides found
[1672/2807] 'CSCI115 - California State University, Northridge': no slides found
[1673/2807] 'CSCI117 - California State University, Northridge': no slides found
[1674/2807] 'CSCI1170 - Dalhousie University': no slides found
[1675/2807] 'CSCI119 - SUNY Geneseo': SAVED 1 slide links via appended -> https://www.geneseo.edu/chemstockroom/119-description/lectures.html
[1676/2807] 'CSCI12 - Queens College': SAVED 1 slide links via followed -> https://www.qc.cuny.edu/ocd/diversity-week
[1677/2807] 'CSCI1200 - Rensselaer Polytechnic Institute': SAVED 30 slide links via followed -> http://www.cs.rpi.edu/academics/courses/fall25/csci1200/course_calendar.php
[1678/2807] 'CSCI126 - California State University, Northridge': no slides found
[1679/2807] 'CSCI127 - Montana State University': SAVED 26 slide links via direct -> https://www.cs.montana.edu/defrance/classes/127/
[1680/2807] 'CSCI128 - Colorado School of Mines': no slides found
[1681/2807] 'CSCI130 - California State University, Northridge': SAVED 4 slide links via direct -> https://github.com/CSBSJU-CSCI/CSCI-130/blob/master/files/lectures/01/slides.pptx
[1682/2807] 'CSCI1300 - University of Colorado Boulder': SAVED 12 slide links via direct -> https://cu-csci-1300-intro-programming.github.io/spring-2025-web/
[1683/2807] 'CSCI1301 - University of Georgia': no slides found
[1684/2807] 'CSCI1302 - University of Georgia': SAVED 8 slide links via appended -> https://www.cs.uga.edu/courses/content/csci-1302/lectures.html
[1685/2807] 'CSCI131 - College of the Holy Cross': no slides found
[1686/2807] 'CSCI1310 - University of Colorado Boulder': SAVED 12 slide links via direct -> https://cu-csci-1300-intro-programming.github.io/spring-2025-web/
[1687/2807] 'CSCI1315 - Dalhousie University': no slides found
[1688/2807] 'CSCI132 - College of the Holy Cross': SAVED 21 slide links via appended -> https://www.cs.hunter.cuny.edu/~sweiss/course_materials/csci132/slides/
[1689/2807] 'CSCI135 - Howard University': SAVED 47 slide links via direct -> https://tong-yee.github.io/135/2021_spring.html
[1690/2807] 'CSCI140 - Rochester Institute of Technology': no slides found
[1691/2807] 'CSCI141 - Rochester Institute of Technology': no slides found
[1692/2807] 'CSCI142 - Rochester Institute of Technology': no slides found
[1693/2807] 'CSCI144 - California State University, Northridge': no slides found
[1694/2807] 'CSCI145 - Western Washington University': no slides found
[1695/2807] 'CSCI150 - Oberlin College': no slides found
[1696/2807] 'CSCI151 - Oberlin College': no slides found
[1697/2807] 'CSCI152 - California State University, Chico': no slides found
[1698/2807] 'CSCI153 - Harvey Mudd College': SAVED 12 slide links via direct -> https://www.cs.hmc.edu/twiki/bin/view/CS5/
[1699/2807] 'CSCI156 - California State University, Northridge': no slides found
[1700/2807] 'CSCI15B - California State University, Chico': SAVED 1 slide links via followed -> https://www.csuchico.edu/schedule/index.shtml
[1701/2807] 'CSCI160 - Xavier University': no slides found
[1702/2807] 'CSCI163 - Santa Clara University': SAVED 2 slide links via direct -> https://www.scu.edu/engineering/current-student-resources/current-undergraduate-students/presentation-templates-and-graphics/
[1703/2807] 'CSCI164 - California State University, Northridge': no slides found
[1704/2807] 'CSCI170 - University of Southern California': SAVED 15 slide links via direct -> https://github.com/sandra-teaching/USC_CSCI170_Spring2021
[1705/2807] 'CSCI1730 - University of Georgia': SAVED 8 slide links via appended -> https://www.cs.uga.edu/courses/content/csci-1730/lectures.html
[1706/2807] 'CSCI1730E - University of Georgia': SAVED 8 slide links via appended -> https://www.cs.uga.edu/courses/content/csci-1730/lectures.html
[1707/2807] 'CSCI183 - Santa Clara University': no slides found
[1708/2807] 'CSCI191T - California State University, Northridge': no slides found
[1709/2807] 'CSCI200 - Colorado School of Mines': no slides found
[1710/2807] 'CSCI201L - University of Southern California': no slides found
[1711/2807] 'CSCI204 - Bucknell University': SAVED 1 slide links via appended -> https://csci.courses.bucknell.edu/tag/csci204/lectures.html
[1712/2807] 'CSCI207 - Indiana University-Purdue University Indianapolis': SAVED 1 slide links via appended -> https://academics.iu.edu/courses/indianapolis/lectures.html
[1713/2807] 'CSCI2100 - Dalhousie University': SAVED 25 slide links via direct -> https://www.cse.cuhk.edu.hk/~kerenzhu/csci2100b/lectures/
[1714/2807] 'CSCI211 - Queens College': SAVED 1 slide links via followed -> https://www.qc.cuny.edu/ocd/diversity-week
[1715/2807] 'CSCI2110 - Dalhousie University': no slides found
[1716/2807] 'CSCI2112 - Dalhousie University': no slides found
[1717/2807] 'CSCI2113 - George Washington University': no slides found
[1718/2807] 'CSCI2115 - Dalhousie University': no slides found
[1719/2807] 'CSCI2121 - Dalhousie University': SAVED 29 slide links via direct -> https://web.cs.dal.ca/~nzeh/Teaching/3110/index.html
[1720/2807] 'CSCI2122 - Dalhousie University': no slides found
[1721/2807] 'CSCI213 - North Dakota State University': SAVED 13 slide links via followed -> https://github.com/hackettccp/CSCI213/tree/master/Lectures
[1722/2807] 'CSCI2132 - Dalhousie University': SAVED 44 slide links via direct -> https://web.cs.dal.ca/~vlado/csci2132/coursecalendar.html
[1723/2807] 'CSCI2140 - Dalhousie University': SAVED 1 slide links via direct -> https://surge-dalhousie.github.io/SCIE4701/resources/t2_presentation_outline.html
[1724/2807] 'CSCI2141 - Dalhousie University': SAVED 36 slide links via direct -> https://web.cs.dal.ca/~hawkey/2141/index.htm
[1725/2807] 'CSCI216 - SUNY Oneonta': no slides found
[1726/2807] 'CSCI220 - Queens College': no slides found
[1727/2807] 'CSCI2200 - Rensselaer Polytechnic Institute': no slides found
[1728/2807] 'CSCI2201 - Dalhousie University': no slides found
[1729/2807] 'CSCI2202 - Dalhousie University': no slides found
[1730/2807] 'CSCI2203 - Dalhousie University': no slides found
[1731/2807] 'CSCI221 - Reed College': SAVED 50 slide links via direct -> https://jimfix.github.io/csci221/
[1732/2807] 'CSCI222 - North Dakota State University': no slides found
[1733/2807] 'CSCI227 - North Dakota State University': no slides found
[1734/2807] 'CSCI2270 - University of Colorado Boulder': SAVED 1 slide links via appended -> https://www.colorado.edu/cs/cspb-2270-computer-science-2-data-structures/lectures.html
[1735/2807] 'CSCI2300 - Rensselaer Polytechnic Institute': no slides found
[1736/2807] 'CSCI2312 - George Washington University': no slides found
[1737/2807] 'CSCI240 - Queens College': SAVED 1 slide links via followed -> https://www.qc.cuny.edu/ocd/diversity-week
[1738/2807] 'CSCI2405 - East Carolina University': no slides found
[1739/2807] 'CSCI243 - Rochester Institute of Technology': no slides found
[1740/2807] 'CSCI246 - Montana State University': SAVED 30 slide links via appended -> https://www.cs.montana.edu/users/murphy/courses/csci246/spring26/slides/
[1741/2807] 'CSCI250 - Rochester Institute of Technology': no slides found
[1742/2807] 'CSCI2500 - Rensselaer Polytechnic Institute': no slides found
[1743/2807] 'CSCI251 - Rochester Institute of Technology': no slides found
[1744/2807] 'CSCI2510 - Saint Louis University': SAVED 16 slide links via direct -> https://github.com/dferry/dferry.github.io/tree/main/courses/csci2510/slides
[1745/2807] 'CSCI2540 - East Carolina University': no slides found
[1746/2807] 'CSCI2541 - George Washington University': no slides found
[1747/2807] 'CSCI2600 - Rensselaer Polytechnic Institute': no slides found
[1748/2807] 'CSCI261 - Rochester Institute of Technology': no slides found
[1749/2807] 'CSCI2610 - University of Georgia': SAVED 8 slide links via appended -> https://csci.franklin.uga.edu/sites/default/files/lectures.html
[1750/2807] 'CSCI262 - Rochester Institute of Technology': no slides found
[1751/2807] 'CSCI2670 - University of Georgia': SAVED 8 slide links via appended -> https://www.cs.uga.edu/courses/content/csci-2670/lectures.html
[1752/2807] 'CSCI271 - University of Southern California': no slides found
[1753/2807] 'CSCI2720 - University of Georgia': no slides found
[1754/2807] 'CSCI274 - John Jay College of Criminal Justice': no slides found
[1755/2807] 'CSCI278 - California State University, Chico': no slides found
[1756/2807] 'CSCI2820 - University of Colorado Boulder': SAVED 28 slide links via direct -> https://home.cs.colorado.edu/~alko5368/indexCSCI2820.html
[1757/2807] 'CSCI2824 - University of Colorado Boulder': SAVED 43 slide links via reduced -> https://home.cs.colorado.edu/~ketelsen/files/courses/csci2824/slides/
[1758/2807] 'CSCI300 - Indiana University-Purdue University Indianapolis': no slides found
[1759/2807] 'CSCI3002 - University of Colorado Boulder': no slides found
[1760/2807] 'CSCI3010 - East Carolina University': no slides found
[1761/2807] 'CSCI3022 - University of Colorado Boulder': SAVED 26 slide links via reduced -> https://home.cs.colorado.edu/~ketelsen/files/courses/csci3022/slides/
[1762/2807] 'CSCI3030 - University of Georgia': SAVED 8 slide links via appended -> https://www.cs.uga.edu/courses/content/csci-3030/lectures.html
[1763/2807] 'CSCI304 - College of William & Mary': SAVED 22 slide links via reduced -> https://www.cs.wm.edu/~bren/cs304au25/slides/
[1764/2807] 'CSCI306 - Colorado School of Mines': no slides found
[1765/2807] 'CSCI3104 - University of Colorado Boulder': SAVED 1 slide links via appended -> https://www.colorado.edu/cs/cspb-3104-algorithms/lectures.html
[1766/2807] 'CSCI3110 - Dalhousie University': SAVED 29 slide links via direct -> https://web.cs.dal.ca/~nzeh/Teaching/3110/index.html
[1767/2807] 'CSCI3120 - Dalhousie University': SAVED 30 slide links via reduced -> https://www.cs.dal.ca/~hawkey/3120/
[1768/2807] 'CSCI313 - Queens College': no slides found
[1769/2807] 'CSCI3130 - Dalhousie University': SAVED 31 slide links via reduced -> https://web.cs.dal.ca/~hawkey/3130/
[1770/2807] 'CSCI3136 - Dalhousie University': no slides found
[1771/2807] 'CSCI315 - Bucknell University': SAVED 58 slide links via appended -> https://www.eg.bucknell.edu/~cs315/Spring10/schedule.html
[1772/2807] 'CSCI3151 - Dalhousie University': no slides found
[1773/2807] 'CSCI316 - Queens College': SAVED 1 slide links via followed -> https://www.qc.cuny.edu/ocd/diversity-week
[1774/2807] 'CSCI3160 - Dalhousie University': SAVED 61 slide links via direct -> https://xiao-liang.github.io/Resources/Courses/CSCI3160-25Fall/CSCI3160-25Fall.html
[1775/2807] 'CSCI3171 - Dalhousie University': SAVED 14 slide links via direct -> https://web.cs.dal.ca/~sbrooks/csci3171/lectures/index.html
[1776/2807] 'CSCI320 - Queens College': SAVED 1 slide links via followed -> https://www.qc.cuny.edu/ocd/diversity-week
[1777/2807] 'CSCI3202 - University of Colorado Boulder': no slides found
[1778/2807] 'CSCI323 - Queens College': SAVED 1 slide links via followed -> https://www.qc.cuny.edu/ocd/diversity-week
[1779/2807] 'CSCI328 - Queens College': SAVED 24 slide links via direct -> https://mathcs.holycross.edu/~croyden/csci328/notes.html
[1780/2807] 'CSCI330 - Northern Illinois University': SAVED 21 slide links via reduced -> https://faculty.cs.niu.edu/~berezin/330/pp/
[1781/2807] 'CSCI331 - Queens College': SAVED 1 slide links via followed -> https://www.qc.cuny.edu/ocd/diversity-week
[1782/2807] 'CSCI3360 - University of Georgia': SAVED 8 slide links via appended -> https://www.cs.uga.edu/courses/content/csci-3360/lectures.html
[1783/2807] 'CSCI338 - Montana State University': SAVED 1 slide links via followed -> https://csci338.github.io/fall2024/lectures/topic03
[1784/2807] 'CSCI340 - Queens College': SAVED 9 slide links via direct -> https://www.cs.hunter.cuny.edu/~sweiss/course_materials/csci340/csci340_lecture_notes.php
[1785/2807] 'CSCI341 - Colorado School of Mines': no slides found
[1786/2807] 'CSCI3411 - George Washington University': SAVED 2 slide links via reduced -> https://www2.seas.gwu.edu/~gparmer/courses/f13_3411/
[1787/2807] 'CSCI344 - Queens College': SAVED 2 slide links via direct -> https://csci344.github.io/spring2026/
[1788/2807] 'CSCI3440 - SUNY Oneonta': SAVED 2 slide links via direct -> https://csci344.github.io/spring2026/
[1789/2807] 'CSCI346 - California State University, Chico': no slides found
[1790/2807] 'CSCI350 - University of Southern California': no slides found
[1791/2807] 'CSCI355 - Queens College': no slides found
[1792/2807] 'CSCI356 - University of Southern California': no slides found
[1793/2807] 'CSCI358 - Colorado School of Mines': no slides found
[1794/2807] 'CSCI3584 - East Carolina University': no slides found
[1795/2807] 'CSCI360 - University of Southern California': no slides found
[1796/2807] 'CSCI3650 - East Carolina University': no slides found
[1797/2807] 'CSCI367 - Western Washington University': no slides found
[1798/2807] 'CSCI3700 - East Carolina University': no slides found
[1799/2807] 'CSCI371 - North Dakota State University': no slides found
[1800/2807] 'CSCI372 - North Dakota State University': SAVED 14 slide links via direct -> https://ncp38.github.io/cs372-f24/
[1801/2807] 'CSCI374 - John Jay College of Criminal Justice': SAVED 15 slide links via reduced -> https://jjcweb.jjay.cuny.edu/jwkim/class/csci374-spring-26/
[1802/2807] 'CSCI375 - John Jay College of Criminal Justice': no slides found
[1803/2807] 'CSCI377 - John Jay College of Criminal Justice': no slides found
[1804/2807] 'CSCI379 - John Jay College of Criminal Justice': no slides found
[1805/2807] 'CSCI381 - Queens College': no slides found
[1806/2807] 'CSCI382 - Reed College': SAVED 20 slide links via direct -> https://jimfix.github.io/csci382/index.html
[1807/2807] 'CSCI387 - Reed College': no slides found
[1808/2807] 'CSCI389 - Reed College': no slides found
[1809/2807] 'CSCI4 - New York University': SAVED 23 slide links via reduced -> https://people.csail.mit.edu/dsontag/courses/ml16/slides/
[1810/2807] 'CSCI40 - California State University, Northridge': no slides found
[1811/2807] 'CSCI400 - Colorado School of Mines': no slides found
[1812/2807] 'CSCI403 - Colorado School of Mines': no slides found
[1813/2807] 'CSCI4070 - University of Georgia': no slides found
[1814/2807] 'CSCI41 - California State University, Northridge': no slides found
[1815/2807] 'CSCI4100 - Rensselaer Polytechnic Institute': SAVED 1 slide links via direct -> https://www.cs.rpi.edu/~magdon/courses/learn.php
[1816/2807] 'CSCI412 - John Jay College of Criminal Justice': no slides found
[1817/2807] 'CSCI4144 - Dalhousie University': no slides found
[1818/2807] 'CSCI4150 - Rensselaer Polytechnic Institute': SAVED 1 slide links via direct -> https://www.cs.rpi.edu/academics/courses/spring25/csci4150/website/index.html
[1819/2807] 'CSCI420 - Rochester Institute of Technology': no slides found
[1820/2807] 'CSCI4210 - Rensselaer Polytechnic Institute': no slides found
[1821/2807] 'CSCI4230 - East Carolina University': no slides found
[1822/2807] 'CSCI4350 - Rensselaer Polytechnic Institute': no slides found
[1823/2807] 'CSCI4370 - Rensselaer Polytechnic Institute': SAVED 8 slide links via appended -> https://computing.uga.edu/sites/default/files/lectures.html
[1824/2807] 'CSCI4380 - Rensselaer Polytechnic Institute': SAVED 1 slide links via followed -> https://www.cs.rpi.edu/academics/courses/fall24/csci4380/fall2024/schedule.html
[1825/2807] 'CSCI4430 - Rensselaer Polytechnic Institute': SAVED 30 slide links via appended -> https://www.cs.rpi.edu/~milanova/csci4430/schedule.html
[1826/2807] 'CSCI4448 - University of Colorado Boulder': no slides found
[1827/2807] 'CSCI446 - California State University, Chico': no slides found
[1828/2807] 'CSCI447 - Western Washington University': SAVED 74 slide links via reduced -> https://courses.cs.washington.edu/courses/cse447/20wi/slides/
[1829/2807] 'CSCI4470 - University of Georgia': no slides found
[1830/2807] 'CSCI4502 - University of Colorado Boulder': no slides found
[1831/2807] 'CSCI4531 - George Washington University': no slides found
[1832/2807] 'CSCI462 - Rochester Institute of Technology': SAVED 2 slide links via direct -> https://www.cs.rit.edu/~spr/COURSES/CRYPTO/462.html
[1833/2807] 'CSCI466 - Northern Illinois University': no slides found
[1834/2807] 'CSCI467 - University of Southern California': SAVED 31 slide links via direct -> https://usc-csci467.github.io/spring2024/
[1835/2807] 'CSCI4800 - Rensselaer Polytechnic Institute': no slides found
[1836/2807] 'CSCI4810 - University of Georgia': SAVED 8 slide links via appended -> https://www.cs.uga.edu/courses/content/csci-48106810/lectures.html
[1837/2807] 'CSCI4900 - University of Georgia': no slides found
[1838/2807] 'CSCI4964 - Rensselaer Polytechnic Institute': SAVED 19 slide links via direct -> https://www.cs.rpi.edu/academics/courses/fall25/csci4964/
[1839/2807] 'CSCI499 - University of Southern California': no slides found
[1840/2807] 'CSCI515 - California State University, Chico': SAVED 1 slide links via followed -> https://www.csuchico.edu/schedule/index.shtml
[1841/2807] 'CSCI5308 - Dalhousie University': no slides found
[1842/2807] 'CSCI545 - University of Southern California': SAVED 24 slide links via direct -> https://danielseita.github.io/cs545-fa2025.html
[1843/2807] 'CSCI5530 - Saint Louis University': no slides found
[1844/2807] 'CSCI555 - Colorado School of Mines': no slides found
[1845/2807] 'CSCI561 - University of Southern California': no slides found
[1846/2807] 'CSCI566 - University of Southern California': SAVED 4 slide links via direct -> https://github.com/theSalted/USC-CSCI-566-Deep-Learning-Application-Notes/tree/main/Slides
[1847/2807] 'CSCI567 - University of Southern California': no slides found
[1848/2807] 'CSCI575 - University of Southern California': no slides found
[1849/2807] 'CSCI585 - University of Southern California': SAVED 2 slide links via followed -> https://github.com/ruch0401/CSCI585-DB/tree/main/Lectures_Exams
[1850/2807] 'CSCI5902 - Dalhousie University': SAVED 1 slide links via direct -> https://surge-dalhousie.github.io/SCIE4701/resources/t2_presentation_outline.html
[1851/2807] 'CSCI61 - Santa Clara University': no slides found
[1852/2807] 'CSCI6100 - Rensselaer Polytechnic Institute': SAVED 2 slide links via direct -> https://people.cs.vt.edu/~sanmay/teaching/cs6100/
[1853/2807] 'CSCI631 - Rochester Institute of Technology': SAVED 12 slide links via direct -> https://github.com/hiteshvaidya/Foundation-of-Computer-Vision/tree/master/CSCI.631.01%20-%20Foundations%20of%20Computer%20Vision
[1854/2807] 'CSCI6509 - Dalhousie University': no slides found
[1855/2807] 'CSCI651 - Rochester Institute of Technology': no slides found
[1856/2807] 'CSCI670 - University of Southern California': no slides found
[1857/2807] 'CSCI720 - Rochester Institute of Technology': no slides found
[1858/2807] 'CSCI788 - Rochester Institute of Technology': no slides found
[1859/2807] 'CSCI8000 - University of Georgia': SAVED 8 slide links via appended -> https://www.cs.uga.edu/courses/content/csci-8000/lectures.html
[1860/2807] 'CSCIA290 - Indiana University Bloomington': SAVED 1 slide links via appended -> https://academics.iu.edu/courses/bloomington/lectures.html
[1861/2807] 'CSCIB351 - Indiana University Bloomington': SAVED 1 slide links via appended -> https://academics.iu.edu/courses/bloomington/lectures.html
[1862/2807] 'CSCIB403 - Indiana University Bloomington': SAVED 1 slide links via appended -> https://academics.iu.edu/courses/bloomington/lectures.html
[1863/2807] 'CSCIB405 - Indiana University Bloomington': no slides found
[1864/2807] 'CSCIB551 - Indiana University Bloomington': SAVED 1 slide links via appended -> https://academics.iu.edu/courses/bloomington/lectures.html
[1865/2807] 'CSCIC200 - Indiana University-Purdue University Indianapolis': no slides found
[1866/2807] 'CSCIC291 - Indiana University Bloomington': no slides found
[1867/2807] 'CSCIE109B - Harvard University': SAVED 1 slide links via followed -> https://harvard-iacs.github.io/2022-CS109B/pages/materials.html
[1868/2807] 'CSCIN207 - Indiana University-Purdue University Indianapolis': SAVED 1 slide links via appended -> https://academics.iu.edu/courses/indianapolis/lectures.html
[1869/2807] 'CSCIN211 - Indiana University-Purdue University Indianapolis': no slides found
[1870/2807] 'CSCIN317 - Indiana University-Purdue University Indianapolis': SAVED 1 slide links via appended -> https://academics.iu.edu/courses/indianapolis/lectures.html
[1871/2807] 'CSCIP465 - Indiana University Bloomington': SAVED 1 slide links via appended -> https://academics.iu.edu/courses/bloomington/lectures.html
[1872/2807] 'CSCN207 - Indiana University-Purdue University Indianapolis': SAVED 1 slide links via appended -> https://academics.iu.edu/courses/indianapolis/lectures.html
[1873/2807] 'CSCN342 - Liberty University': SAVED 2 slide links via appended -> https://www.liberty.edu/online/courses/CSIS342/lectures.html
[1874/2807] 'CSD220 - Rochester Institute of Technology': SAVED 69 slide links via direct -> https://web.stanford.edu/class/archive/engr/engr40m.1178/slides.html
[1875/2807] 'CSDS101 - Case Western Reserve University': no slides found
[1876/2807] 'CSDS132 - Case Western Reserve University': no slides found
[1877/2807] 'CSDS221 - Case Western Reserve University': no slides found
[1878/2807] 'CSDS233 - Case Western Reserve University': SAVED 23 slide links via direct -> https://github.com/trevorswan11/CSDS233/tree/main/Resources/Lecture%20Slides
[1879/2807] 'CSDS234 - Case Western Reserve University': no slides found
[1880/2807] 'CSDS293 - Case Western Reserve University': no slides found
[1881/2807] 'CSDS305 - Case Western Reserve University': no slides found
[1882/2807] 'CSDS310 - Case Western Reserve University': no slides found
[1883/2807] 'CSDS340 - Case Western Reserve University': no slides found
[1884/2807] 'CSDS341 - Case Western Reserve University': no slides found
[1885/2807] 'CSDS345 - Case Western Reserve University': no slides found
[1886/2807] 'CSDS391 - Case Western Reserve University': no slides found
[1887/2807] 'CSDS393 - Case Western Reserve University': no slides found
[1888/2807] 'CSDS464 - Case Western Reserve University': no slides found
[1889/2807] 'CSE007 - Lehigh University': SAVED 2 slide links via appended -> https://engineering.lehigh.edu/cse/cse-007-introduction-programming-4/lectures.html
[1890/2807] 'CSE017 - Lehigh University': no slides found
[1891/2807] 'CSE1 - Columbia University': SAVED 36 slide links via reduced -> https://www.cs.columbia.edu/~julia/courses/CS6998-24/Slides/
[1892/2807] 'CSE100 - Arizona State University': no slides found
[1893/2807] 'CSE101 - Columbia University': SAVED 13 slide links via reduced -> https://www3.cs.stonybrook.edu/~alexkuhn/cse101-spring2021/slides/
[1894/2807] 'CSE1010 - University of Connecticut': no slides found
[1895/2807] 'CSE10101 - University of Notre Dame': no slides found
[1896/2807] 'CSE1011 - Mississippi State University': no slides found
[1897/2807] 'CSE102 - Stony Brook University': SAVED 1 slide links via followed -> https://www.cs.stonybrook.edu/students/student-resources
[1898/2807] 'CSE103 - Penn State University': SAVED 10 slide links via followed -> https://github.com/sohangub/Structured-programming-CSE-103/tree/main/Lecturer%20Slides
[1899/2807] 'CSE109 - Lehigh University': no slides found
[1900/2807] 'CSE11 - University of California, San Diego': SAVED 24 slide links via appended -> https://users.sdsc.edu/~phil/cse11/lectures.html
[1901/2807] 'CSE110 - Arizona State University': SAVED 5 slide links via appended -> https://courses.ea.asu.edu/principles-of-programming-cse-110/lectures.html
[1902/2807] 'CSE114 - Stony Brook University': SAVED 1 slide links via followed -> https://www.cs.stonybrook.edu/students/student-resources
[1903/2807] 'CSE12 - University of California, San Diego': SAVED 1 slide links via direct -> https://ucsd-cse12-sp22.github.io/
[1904/2807] 'CSE120 - Arizona State University': SAVED 1 slide links via direct -> https://bmoraffa.github.io/EEE_CSE120.html
[1905/2807] 'CSE1222 - Ohio State University': no slides found
[1906/2807] 'CSE1233 - Mississippi State University': no slides found
[1907/2807] 'CSE1284 - Mississippi State University': no slides found
[1908/2807] 'CSE131 - Washington University in St. Louis': SAVED 10 slide links via followed -> https://www.cse.wustl.edu/~cytron/cse131/Cal/
[1909/2807] 'CSE131B - University of California, San Diego': SAVED 2 slide links via direct -> https://github.com/raman08/Coursera-Data-Structure-And-Algorithms-by-University-of-California-San-Diego
[1910/2807] 'CSE132 - Washington University in St. Louis': SAVED 1 slide links via followed -> https://www.cs.wustl.edu/~cytron/102Pages/s11/Cal/
[1911/2807] 'CSE1321 - Kennesaw State University': SAVED 4 slide links via appended -> https://campus.kennesaw.edu/colleges-departments/ccse/first-year-experience/cse1321_python/slides/schedule.html
[1912/2807] 'CSE1341 - Southern Methodist University': no slides found
[1913/2807] 'CSE134B - University of California, San Diego': no slides found
[1914/2807] 'CSE135 - University of California, San Diego': no slides found
[1915/2807] 'CSE1384 - Mississippi State University': no slides found
[1916/2807] 'CSE140 - Lehigh University': SAVED 5 slide links via direct -> https://cse140l.github.io/fa24-labs/docs/lectures.html
[1917/2807] 'CSE148 - Miami University': SAVED 1 slide links via appended -> https://miamioh.edu/cec/departments/computer-science-software-engineering/academics/course-descriptions/cse-courses/lectures.html
[1918/2807] 'CSE150 - Stony Brook University': no slides found
[1919/2807] 'CSE156 - University of California, San Diego': SAVED 1 slide links via appended -> https://courses.engineering.ucsc.edu/courses/cse156/lectures.html
[1920/2807] 'CSE15L - University of California, San Diego': SAVED 1 slide links via direct -> https://ucsd-cse15l-w24.github.io/index.html
[1921/2807] 'CSE167 - University of California, San Diego': SAVED 22 slide links via direct -> https://cseweb.ucsd.edu/~alchern/teaching/cse167_wi25/
[1922/2807] 'CSE174 - Miami University': SAVED 1 slide links via appended -> https://miamioh.edu/cec/departments/computer-science-software-engineering/academics/course-descriptions/cse-courses/lectures.html
[1923/2807] 'CSE180 - Arizona State University': no slides found
[1924/2807] 'CSE20221 - University of Notre Dame': no slides found
[1925/2807] 'CSE204A - Washington University in St. Louis': no slides found
[1926/2807] 'CSE205 - Arizona State University': SAVED 3 slide links via appended -> https://scai.engineering.asu.edu/wp-content/uploads/sites/31/2025/03/lectures.html
[1927/2807] 'CSE2050 - University of Connecticut': SAVED 4 slide links via appended -> https://kaltura.uconn.edu/channel/CSE+2050/292708672/lectures.html
[1928/2807] 'CSE21 - University of California, San Diego': no slides found
[1929/2807] 'CSE2111 - Ohio State University': no slides found
[1930/2807] 'CSE215 - Stony Brook University': SAVED 1 slide links via followed -> https://www.cs.stonybrook.edu/students/student-resources
[1931/2807] 'CSE217 - Washington University in St. Louis': SAVED 30 slide links via reduced -> https://www.cse.wustl.edu/~m.neumann/sp2019/cse217/slides/
[1932/2807] 'CSE220 - Arizona State University': SAVED 1 slide links via appended -> https://webapp4.asu.edu/bookstore/viewsyllabus/2201/11300/pdf/lectures.html
[1933/2807] 'CSE2213 - Mississippi State University': no slides found
[1934/2807] 'CSE230 - Arizona State University': no slides found
[1935/2807] 'CSE231 - Michigan State University': SAVED 52 slide links via direct -> https://ucsd-pl.github.io/cse231/wi20/lectures.html
[1936/2807] 'CSE232 - Michigan State University': no slides found
[1937/2807] 'CSE240 - Arizona State University': no slides found
[1938/2807] 'CSE2500 - University of Connecticut': no slides found
[1939/2807] 'CSE252A - University of California, San Diego': no slides found
[1940/2807] 'CSE256 - University of California, San Diego': no slides found
[1941/2807] 'CSE259 - Arizona State University': SAVED 21 slide links via appended -> https://crslabasu.github.io/teaching/CSE259F19-LCS/schedule.html
[1942/2807] 'CSE260 - Michigan State University': SAVED 16 slide links via direct -> https://washu-cse260m-sp25.github.io/lectures/
[1943/2807] 'CSE271 - Miami University': SAVED 1 slide links via appended -> https://miamioh.edu/cec/departments/computer-science-software-engineering/academics/course-descriptions/cse-courses/lectures.html
[1944/2807] 'CSE274 - Miami University': SAVED 31 slide links via reduced -> https://faculty.ucmerced.edu/mhyang/course/cse274/lectures/
[1945/2807] 'CSE29 - University of California, San Diego': SAVED 3 slide links via direct -> https://github.com/ucsd-cse29/fa24/blob/main/src/lec/week9/29-fa24-l24.pdf
[1946/2807] 'CSE30 - University of California, San Diego': SAVED 58 slide links via direct -> https://github.com/cse30-sp24/Muller-Slides
[1947/2807] 'CSE303 - Stony Brook University': SAVED 20 slide links via reduced -> https://www3.cs.stonybrook.edu/~cse303/
[1948/2807] 'CSE307 - Stony Brook University': SAVED 1 slide links via followed -> https://www.cs.stonybrook.edu/students/student-resources
[1949/2807] 'CSE310 - Arizona State University': SAVED 3 slide links via appended -> https://scai.engineering.asu.edu/wp-content/uploads/sites/31/2025/03/lectures.html
[1950/2807] 'CSE3100 - University of Connecticut': SAVED 8 slide links via reduced -> https://dna.engr.uconn.edu/ion/FILES/pub/
[1951/2807] 'CSE3140 - University of Connecticut': no slides found
[1952/2807] 'CSE3150 - University of Connecticut': no slides found
[1953/2807] 'CSE320 - Michigan State University': no slides found
[1954/2807] 'CSE325 - Arizona State University': no slides found
[1955/2807] 'CSE326 - Lehigh University': SAVED 2 slide links via appended -> https://engineering.lehigh.edu/cse/academics/course-index/cse-326-fundamentals-machine-learning-3/lectures.html
[1956/2807] 'CSE328 - Stony Brook University': no slides found
[1957/2807] 'CSE330 - Arizona State University': SAVED 3 slide links via appended -> https://scai.engineering.asu.edu/wp-content/uploads/sites/31/2025/03/lectures.html
[1958/2807] 'CSE331 - Michigan State University': no slides found
[1959/2807] 'CSE340 - Arizona State University': SAVED 3 slide links via appended -> https://scai.engineering.asu.edu/wp-content/uploads/sites/31/2025/03/lectures.html
[1960/2807] 'CSE342 - Lehigh University': no slides found
[1961/2807] 'CSE355 - Arizona State University': SAVED 3 slide links via appended -> https://scai.engineering.asu.edu/wp-content/uploads/sites/31/2025/03/lectures.html
[1962/2807] 'CSE360 - Arizona State University': SAVED 3 slide links via appended -> https://scai.engineering.asu.edu/wp-content/uploads/sites/31/2020/05/lectures.html
[1963/2807] 'CSE361 - Washington University in St. Louis': no slides found
[1964/2807] 'CSE365 - Arizona State University': SAVED 1 slide links via appended -> https://limit-coding.github.io/BUPT-CS-EE-Self-Learning-Guide/en/%E7%B3%BB%E7%BB%9F%E5%AE%89%E5%85%A8/CSE365/lectures.html
[1965/2807] 'CSE3666 - University of Connecticut': no slides found
[1966/2807] 'CSE380 - Michigan State University': no slides found
[1967/2807] 'CSE3801 - Kennesaw State University': no slides found
[1968/2807] 'CSE403 - Lehigh University': no slides found
[1969/2807] 'CSE404 - Michigan State University': SAVED 2 slide links via direct -> https://www.cse.msu.edu/~kordjams/CSE-404-Fall24
[1970/2807] 'CSE411 - Penn State University': SAVED 9 slide links via direct -> https://github.com/nipunsaif/CSE411/tree/main/Lecture%20Slides
[1971/2807] 'CSE412 - Arizona State University': no slides found
[1972/2807] 'CSE417 - Washington University in St. Louis': no slides found
[1973/2807] 'CSE417T - Washington University in St. Louis': SAVED 58 slide links via followed -> https://courses.cs.washington.edu/courses/cse417/25au/calendar.html
[1974/2807] 'CSE427S - Washington University in St. Louis': no slides found
[1975/2807] 'CSE430 - Arizona State University': no slides found
[1976/2807] 'CSE4300 - University of Connecticut': SAVED 3 slide links via direct -> https://github.com/cseuconn/CSE-OS-2023-FALL/blob/master/CSE-4300/Ryan_Gavin_Caleb_Aaron/CSE%204300%20Presentation.pdf
[1977/2807] 'CSE431 - Washington University in St. Louis': SAVED 16 slide links via followed -> https://www.cse.wustl.edu/~dshook/cse431/calendar.html
[1978/2807] 'CSE432 - Miami University': no slides found
[1979/2807] 'CSE435 - Michigan State University': SAVED 22 slide links via reduced -> https://www.cse.msu.edu/~cse435/Lectures/2015-Lectures/
[1980/2807] 'CSE464 - Arizona State University': no slides found
[1981/2807] 'CSE465 - Miami University': no slides found
[1982/2807] 'CSE466 - Arizona State University': no slides found
[1983/2807] 'CSE4733 - Mississippi State University': no slides found
[1984/2807] 'CSE476 - Arizona State University': no slides found
[1985/2807] 'CSE480 - Michigan State University': no slides found
[1986/2807] 'CSE4820 - University of Connecticut': no slides found
[1987/2807] 'CSE4833 - Mississippi State University': no slides found
[1988/2807] 'CSE498 - Michigan State University': SAVED 13 slide links via direct -> https://cse498.github.io/schedule.html
[1989/2807] 'CSE504 - Stony Brook University': SAVED 1 slide links via followed -> https://www.cs.stonybrook.edu/students/student-resources
[1990/2807] 'CSE511 - Penn State University': SAVED 1 slide links via appended -> https://jiayuasu.github.io/files/teaching/lectures.html
[1991/2807] 'CSE512 - Arizona State University': no slides found
[1992/2807] 'CSE517A - Washington University in St. Louis': no slides found
[1993/2807] 'CSE528 - Stony Brook University': SAVED 1 slide links via followed -> https://www.cs.stonybrook.edu/students/student-resources
[1994/2807] 'CSE537 - Stony Brook University': no slides found
[1995/2807] 'CSE539 - Arizona State University': SAVED 17 slide links via direct -> https://jedcrandall.github.io/courses/cse539spring2023/
[1996/2807] 'CSE541 - Penn State University': SAVED 3 slide links via direct -> https://github.com/saptab/CSE541-DatabaseSystems-I-Project-report-presentation/blob/main/CSE_541_DatabaseSystems-I-Final_Project_Presentation.pdf
[1997/2807] 'CSE543 - Washington University in St. Louis': SAVED 34 slide links via direct -> https://courses.cs.washington.edu/courses/cse543/25au/schedule/
[1998/2807] 'CSE545 - University of Louisville': no slides found
[1999/2807] 'CSE546 - Arizona State University': no slides found
[2000/2807] 'CSE548 - Stony Brook University': SAVED 1 slide links via followed -> https://www.cs.stonybrook.edu/students/student-resources
[2001/2807] 'CSE563 - Arizona State University': no slides found
[2002/2807] 'CSE564 - Arizona State University': no slides found
[2003/2807] 'CSE565 - Arizona State University': no slides found
[2004/2807] 'CSE575 - Arizona State University': no slides found
[2005/2807] 'CSE578 - Arizona State University': no slides found
[2006/2807] 'CSE579 - Arizona State University': no slides found
[2007/2807] 'CSE583 - Penn State University': no slides found
[2008/2807] 'CSE6040 - Georgia Institute of Technology': SAVED 2 slide links via followed -> https://cse6040.gatech.edu/fa23/helpful_resources.html
[2009/2807] 'CSE6220 - Georgia Institute of Technology': no slides found
[2010/2807] 'CSE6740 - Georgia Institute of Technology': SAVED 3 slide links via appended -> https://syllabus.gatech.edu/sites/default/files/2026-04/lectures.html
[2011/2807] 'CSE691 - Syracuse University': SAVED 3 slide links via followed -> https://ecs.syr.edu/faculty/fawcett/handouts/CSE691/lecture2/
[2012/2807] 'CSE7314 - Southern Methodist University': no slides found
[2013/2807] 'CSE780 - McMaster University': no slides found
[2014/2807] 'CSE8A - University of California, San Diego': no slides found
[2015/2807] 'CSE8B - University of California, San Diego': SAVED 18 slide links via direct -> https://cseweb.ucsd.edu/classes/wi25/cse8B-a/
[2016/2807] 'CSEC101 - Rochester Institute of Technology': SAVED 1 slide links via direct -> https://nerdprof.github.io/teaching/
[2017/2807] 'CSEC140 - Rochester Institute of Technology': SAVED 5 slide links via direct -> https://cse140l.github.io/fa24-labs/docs/lectures.html
[2018/2807] 'CSEC201 - Rochester Institute of Technology': SAVED 1 slide links via direct -> https://nerdprof.github.io/teaching/8-csec201
[2019/2807] 'CSEE4119 - Columbia University': SAVED 9 slide links via direct -> https://github.com/TongWu/CSEE-W4119-Computer_Networking/tree/main/Slides
[2020/2807] 'CSEN12 - Santa Clara University': SAVED 2 slide links via direct -> https://www.scu.edu/engineering/current-student-resources/current-undergraduate-students/presentation-templates-and-graphics/
[2021/2807] 'CSEN177 - Santa Clara University': no slides found
[2022/2807] 'CSEN20 - Santa Clara University': SAVED 2 slide links via direct -> https://www.scu.edu/engineering/current-student-resources/current-undergraduate-students/presentation-templates-and-graphics/
[2023/2807] 'CSEN79 - Santa Clara University': no slides found
[2024/2807] 'CSG2531 - University of Florida': no slides found
[2025/2807] 'CSI1430 - Baylor University': no slides found
[2026/2807] 'CSI201 - University at Albany': no slides found
[2027/2807] 'CSI203 - University at Albany': no slides found
[2028/2807] 'CSI205 - University at Albany': no slides found
[2029/2807] 'CSI210 - University at Albany': no slides found
[2030/2807] 'CSI2111 - University of Ottawa': no slides found
[2031/2807] 'CSI213 - University at Albany': no slides found
[2032/2807] 'CSI2334 - Baylor University': no slides found
[2033/2807] 'CSI2372 - University of Ottawa': SAVED 5 slide links via reduced -> https://www.site.uottawa.ca/~aafra071/CSI2372/
[2034/2807] 'CSI3131 - University of Ottawa': SAVED 12 slide links via direct -> https://www.site.uottawa.ca/~nat/Courses/csi3131/notes/
[2035/2807] 'CSI3334 - Baylor University': no slides found
[2036/2807] 'CSI405 - University at Albany': no slides found
[2037/2807] 'CSI409 - University at Albany': no slides found
[2038/2807] 'CSI4106 - University of Ottawa': no slides found
[2039/2807] 'CSI4118 - University of Ottawa': SAVED 64 slide links via appended -> https://www.site.uottawa.ca/~bob/csi4118/notes/
[2040/2807] 'CSI5134 - University of Ottawa': no slides found
[2041/2807] 'CSI5148 - University of Ottawa': no slides found
[2042/2807] 'CSI5161 - University of Ottawa': no slides found
[2043/2807] 'CSIS010 - Siena College': no slides found
[2044/2807] 'CSIS011 - Siena College': SAVED 1 slide links via followed -> https://www.siena.edu/offices/academics/academic-forms/
[2045/2807] 'CSIS103 - Marist College': no slides found
[2046/2807] 'CSIS110 - Siena College': no slides found
[2047/2807] 'CSIS114 - Siena College': no slides found
[2048/2807] 'CSIS120 - Siena College': no slides found
[2049/2807] 'CSIS1590 - Youngstown State University': no slides found
[2050/2807] 'CSIS210 - Siena College': no slides found
[2051/2807] 'CSIS212 - Liberty University': SAVED 2 slide links via appended -> https://www.liberty.edu/online/courses/CSIS212/lectures.html
[2052/2807] 'CSIS220 - Siena College': no slides found
[2053/2807] 'CSIS225 - Siena College': no slides found
[2054/2807] 'CSIS2610 - Youngstown State University': no slides found
[2055/2807] 'CSIS312 - Liberty University': SAVED 2 slide links via appended -> https://www.liberty.edu/online/courses/CSIS312/lectures.html
[2056/2807] 'CSIS330 - Liberty University': SAVED 2 slide links via appended -> https://www.liberty.edu/online/courses/CSIS330/lectures.html
[2057/2807] 'CSIS342 - Liberty University': SAVED 2 slide links via appended -> https://www.liberty.edu/online/courses/CSIS342/lectures.html
[2058/2807] 'CSIS350 - Siena College': SAVED 1 slide links via followed -> https://www.siena.edu/offices/academics/academic-forms/
[2059/2807] 'CSIS3700 - Youngstown State University': no slides found
[2060/2807] 'CSIS3726 - Youngstown State University': no slides found
[2061/2807] 'CSIS385 - Siena College': no slides found
[2062/2807] 'CSIS443 - Liberty University': SAVED 2 slide links via appended -> https://www.liberty.edu/online/courses/CSIS443/lectures.html
[2063/2807] 'CSIT121 - SUNY Fredonia': no slides found
[2064/2807] 'CSIT151 - SUNY Fredonia': no slides found
[2065/2807] 'CSIT221 - SUNY Fredonia': SAVED 2 slide links via direct -> http://www.cs.fredonia.edu/arnavut/classes/cs221.html
[2066/2807] 'CSIT311 - SUNY Fredonia': no slides found
[2067/2807] 'CSIT341 - SUNY Fredonia': no slides found
[2068/2807] 'CSIT435 - SUNY Fredonia': no slides found
[2069/2807] 'CSS101 - University of Washington': no slides found
[2070/2807] 'CSS107 - University of Washington': no slides found
[2071/2807] 'CSS110 - University of Washington': SAVED 28 slide links via direct -> https://github.com/Developer-Y/cs-video-courses
[2072/2807] 'CSS132 - University of Washington': no slides found
[2073/2807] 'CSS142 - University of Washington': SAVED 60 slide links via followed -> https://courses.cs.washington.edu/courses/cse142/21su/calendar/
[2074/2807] 'CSS143 - University of Washington': SAVED 2 slide links via appended -> https://courses.cs.washington.edu/courses/cse143/lectures/
[2075/2807] 'CSS161 - University of Washington': no slides found
[2076/2807] 'CSS301 - University of Washington': no slides found
[2077/2807] 'CSS310 - University of Washington': no slides found
[2078/2807] 'CSS342 - University of Washington': SAVED 1 slide links via direct -> https://courses.washington.edu/css342/dimpsey/
[2079/2807] 'CSS343 - University of Washington': SAVED 15 slide links via reduced -> https://pisanorg.github.io/yusuf/teaching/evaluations/
[2080/2807] 'CSS350 - University of Washington': no slides found
[2081/2807] 'CSS360 - University of Washington': no slides found
[2082/2807] 'CSS370 - University of Washington': no slides found
[2083/2807] 'CSS385 - University of Washington': no slides found
[2084/2807] 'CSS421 - University of Washington': SAVED 76 slide links via direct -> https://courses.cs.washington.edu/courses/cse421/24au/
[2085/2807] 'CSS422 - University of Washington': SAVED 4 slide links via direct -> https://github.com/tbdye/css422/blob/master/Documentation/Presentation%20Slides.pptx
[2086/2807] 'CSS430 - University of Washington': SAVED 15 slide links via reduced -> https://courses.washington.edu/css430/ppt/Before_Au20/
[2087/2807] 'CSS434 - University of Washington': no slides found
[2088/2807] 'CSS475 - University of Washington': no slides found
[2089/2807] 'CSS487 - University of Washington': no slides found
[2090/2807] 'CSS490 - University of Washington': SAVED 1 slide links via direct -> https://courses.cs.washington.edu/courses/cse490g1/21au/
[2091/2807] 'CSS501 - University of Washington': no slides found
[2092/2807] 'CSS503 - University of Washington': SAVED 12 slide links via reduced -> https://courses.washington.edu/css503/current/slides/
[2093/2807] 'CSS506 - University of Washington': no slides found
[2094/2807] 'CSS507 - University of Washington': no slides found
[2095/2807] 'CSS508 - University of Washington': SAVED 1 slide links via direct -> https://jpierkunke.github.io/CSSS508-Fall2024/syllabus.html
[2096/2807] 'CSS535 - University of Washington': SAVED 12 slide links via direct -> https://sites.stat.washington.edu/mmp/courses/535/fall23/handouts.html
[2097/2807] 'CSS549 - University of Washington': no slides found
[2098/2807] 'CSS590 - University of Washington': SAVED 7 slide links via direct -> https://courses.washington.edu/css590/2012.Spring/
[2099/2807] 'CSSE103 - Seattle University': SAVED 20 slide links via reduced -> https://users.soe.ucsc.edu/~sesh/Teaching/2026/CSE103/Slides/
[2100/2807] 'CSSE120 - Rose-Hulman Institute of Technology': SAVED 2 slide links via appended -> https://www.rhit.edu/academics/course-catalog/2021-2022/programs/Computer%20Science/lectures.html
[2101/2807] 'CSSE220 - Rose-Hulman Institute of Technology': SAVED 29 slide links via reduced -> https://www.rose-hulman.edu/Class/csse/csse220/201020/Slides/
[2102/2807] 'CSSE221 - Rose-Hulman Institute of Technology': SAVED 22 slide links via reduced -> https://www.rose-hulman.edu/class/csse/csse221/current/Slides/
[2103/2807] 'CSSE230 - Rose-Hulman Institute of Technology': no slides found
[2104/2807] 'CSSE232 - Rose-Hulman Institute of Technology': SAVED 2 slide links via appended -> https://www.rhit.edu/academics/course-catalog/2019-2020/programs/Computer%20Science/lectures.html
[2105/2807] 'CSSE280 - Rose-Hulman Institute of Technology': no slides found
[2106/2807] 'CSSE332 - Rose-Hulman Institute of Technology': no slides found
[2107/2807] 'CSSE333 - Rose-Hulman Institute of Technology': SAVED 64 slide links via reduced -> https://www.rose-hulman.edu/class/cs/csse333/Slides/
[2108/2807] 'CSSE371 - Rose-Hulman Institute of Technology': SAVED 40 slide links via reduced -> https://www.rose-hulman.edu/class/cs/csse371/371-372-0809/Lecture/final/
[2109/2807] 'CSSE374 - Rose-Hulman Institute of Technology': SAVED 24 slide links via reduced -> https://www.rose-hulman.edu/class/csse/csse374/SlidePDFs/
[2110/2807] 'CSSE376 - Rose-Hulman Institute of Technology': no slides found
[2111/2807] 'CSW8 - University of California, Santa Barbara': SAVED 1 slide links via direct -> https://ucsb-csw8.github.io/s23/about/
[2112/2807] 'CT301 - Colorado State University': SAVED 2 slide links via appended -> https://online.colostate.edu/courses/CT/lectures.html
[2113/2807] 'CT312 - Drexel University': no slides found
[2114/2807] 'CTL125 - Sacred Heart University': no slides found
[2115/2807] 'CTS1120 - Florida International University': SAVED 2 slide links via appended -> https://www.mdc.edu/asa/documents/competencies/pdf/lectures.html
[2116/2807] 'CTS4408 - Florida International University': no slides found
[2117/2807] "CUS1126 - St. John's University": no slides found
[2118/2807] 'CX4220 - Georgia Institute of Technology': SAVED 22 slide links via direct -> https://sites.gatech.edu/cse6220fall24/
[2119/2807] 'CY212 - Sacred Heart University': no slides found
[2120/2807] 'CY2550 - Northeastern University': SAVED 1 slide links via direct -> https://shelat.khoury.northeastern.edu/cy2550/L1/
[2121/2807] 'CY3740 - Northeastern University': SAVED 27 slide links via reduced -> https://www.khoury.northeastern.edu/home/cbw/static/class/3700/slides/
[2122/2807] 'CYB105 - SUNY Brockport': no slides found
[2123/2807] 'CYS167 - Le Moyne College': no slides found
[2124/2807] 'CYS331 - Le Moyne College': no slides found
[2125/2807] 'CYSE270 - University of Wisconsin-Milwaukee': SAVED 2 slide links via appended -> https://sites.wp.odu.edu/jccyber/cyse-270/lectures.html
[2126/2807] 'DASC1204 - University of Arkansas': no slides found
[2127/2807] 'DATA1 - Rochester Institute of Technology': SAVED 17 slide links via direct -> https://michael-franke.github.io/IDA-2019/slides/
[2128/2807] 'DATA1101 - Fairfield University': no slides found
[2129/2807] 'DATA1101L - Fairfield University': no slides found
[2130/2807] 'DATA120 - University of North Carolina at Chapel Hill': no slides found
[2131/2807] 'DATA140 - University of North Carolina at Chapel Hill': no slides found
[2132/2807] 'DATA1501 - Kennesaw State University': SAVED 4 slide links via appended -> https://campus.kennesaw.edu/colleges-departments/radow/degrees-programs/undergraduate/bs-psychology/docs/lectures.html
[2133/2807] 'DATA200 - James Madison University': SAVED 1 slide links via direct -> https://github.com/csuci-data200-spring2026/lectures
[2134/2807] 'DATA201 - College of William & Mary': SAVED 1 slide links via direct -> https://github.com/Reben80/Data201/tree/main/week-01
[2135/2807] 'DATA202 - College of William & Mary': no slides found
[2136/2807] 'DATA205 - Queens College': no slides found
[2137/2807] 'DATA2100 - Utah State University': no slides found
[2138/2807] 'DATA2101 - Fairfield University': no slides found
[2139/2807] 'DATA220 - Marist College': no slides found
[2140/2807] 'DATA301 - College of William & Mary': SAVED 14 slide links via direct -> https://cmps-people.ok.ubc.ca/rlawrenc/teaching/301/notes/
[2141/2807] 'DATA310 - College of William & Mary': no slides found
[2142/2807] 'DATA3210 - Fairfield University': no slides found
[2143/2807] 'DATA3600 - University of Tennessee': SAVED 16 slide links via direct -> https://tanu1208.github.io/lectures.html
[2144/2807] 'DATA36200 - Carnegie Mellon University': no slides found
[2145/2807] 'DATA5400 - Utah State University': SAVED 2 slide links via direct -> https://www.usu.edu/cs/~erbacher/Courses/5400/Slides/Tcl.pdf
[2146/2807] 'DATS2104 - George Washington University': no slides found
[2147/2807] 'DCS672 - DePaul University': no slides found
[2148/2807] 'DFSC1316 - Sam Houston State University': no slides found
[2149/2807] 'DFSC1317 - Sam Houston State University': no slides found
[2150/2807] 'DFSC2316 - Sam Houston State University': no slides found
[2151/2807] 'DFSC3316 - Sam Houston State University': no slides found
[2152/2807] 'DS110 - Boston University': SAVED 23 slide links via direct -> https://dl4ds.github.io/sp2025/lectures/
[2153/2807] 'DS3000 - Northeastern University': no slides found
[2154/2807] 'DS3262 - Vanderbilt University': no slides found
[2155/2807] 'DS4200 - Northeastern University': SAVED 15 slide links via reduced -> https://ccs.neu.edu/home/cody/courses/ds4200-f20/slides/
[2156/2807] 'DS4400 - Northeastern University': SAVED 5 slide links via direct -> https://www.khoury.northeastern.edu/home/eelhami/courses_nu_ds4400_fall21.htm
[2157/2807] 'DS442 - Penn State University': SAVED 1 slide links via appended -> https://ist.psu.edu/learning/courses/ds/442/lectures.html
[2158/2807] 'DS5220 - Northeastern University': no slides found
[2159/2807] 'DS636 - New Jersey Institute of Technology': no slides found
[2160/2807] 'DS637 - New Jersey Institute of Technology': no slides found
[2161/2807] 'DSA01 - Rowan University': SAVED 81 slide links via direct -> https://uva-cs.github.io/dsa1/slides/index.html
[2162/2807] 'DSA1 - Rowan University': SAVED 81 slide links via direct -> https://uva-cs.github.io/dsa1/slides/index.html
[2163/2807] 'DSC210 - University of Dayton': SAVED 20 slide links via direct -> https://lilywenglab.github.io/DSC_210_FA25/calendar/
[2164/2807] 'DSC211 - University of Dayton': no slides found
[2165/2807] 'DSC323 - DePaul University': SAVED 1 slide links via direct -> https://github.com/SachitPatel2003/DSC323FinalProject
[2166/2807] 'DSC335 - University of Oregon': no slides found
[2167/2807] 'DSC340 - University of Oregon': SAVED 39 slide links via direct -> https://butler-julie.github.io/COURSES/DSC340/DSC_340_Week1_Slides.html
[2168/2807] 'DSC341 - DePaul University': no slides found
[2169/2807] 'DSC423 - DePaul University': no slides found
[2170/2807] 'DSC425 - DePaul University': no slides found
[2171/2807] 'DSC441 - DePaul University': no slides found
[2172/2807] 'DSC444 - University of Oregon': no slides found
[2173/2807] 'DSC540 - DePaul University': no slides found
[2174/2807] 'DSC578 - DePaul University': no slides found
[2175/2807] 'DSC672 - DePaul University': no slides found
[2176/2807] 'DSCI234 - Case Western Reserve University': no slides found
[2177/2807] 'DSCI351 - University of Southern California': no slides found
[2178/2807] 'DSCI4330 - University of North Texas': no slides found
[2179/2807] 'DSCI510 - University of Southern California': no slides found
[2180/2807] 'DSCI5330 - University of North Texas': no slides found
[2181/2807] 'DSCI551 - University of Southern California': SAVED 9 slide links via direct -> https://ubc-mds.github.io/DSCI_551_stat-prob-dsci/
[2182/2807] 'DSCI553 - University of Southern California': no slides found
[2183/2807] 'DTI5125 - University of Ottawa': no slides found
[2184/2807] 'E115 - North Carolina State University': SAVED 2 slide links via appended -> https://e115.engr.ncsu.edu/lectures.html
[2185/2807] 'EBC5125 - University of Ottawa': no slides found
[2186/2807] 'ECE0201 - University of Pittsburgh': no slides found
[2187/2807] 'ECE033 - Lehigh University': no slides found
[2188/2807] 'ECE081 - Lehigh University': no slides found
[2189/2807] 'ECE100 - Arizona State University': no slides found
[2190/2807] 'ECE101 - George Mason University': SAVED 9 slide links via reduced -> https://mason.gmu.edu/~abaranie/ece101/
[2191/2807] 'ECE102 - University of California, San Diego': no slides found
[2192/2807] 'ECE106 - University of Waterloo': SAVED 1 slide links via appended -> https://online.cs.uwaterloo.ca/courses/course-v1:UW+ECE106+2025_01/about/lectures.html
[2193/2807] 'ECE1101 - California State Polytechnic University, Pomona': no slides found
[2194/2807] 'ECE1101L - California State Polytechnic University, Pomona': no slides found
[2195/2807] 'ECE110L - Duke University': SAVED 7 slide links via appended -> https://ecelab.pratt.duke.edu/labs/ece-110/lectures.html
[2196/2807] 'ECE1120 - George Washington University': SAVED 8 slide links via followed -> https://ece.engineering.gwu.edu/distinguished-lectures
[2197/2807] 'ECE118 - University of Miami': no slides found
[2198/2807] 'ECE1200 - Saint Louis University': no slides found
[2199/2807] 'ECE123 - Lehigh University': no slides found
[2200/2807] 'ECE1240 - University of Utah': no slides found
[2201/2807] 'ECE1247 - University of Pittsburgh': no slides found
[2202/2807] 'ECE1250 - University of Utah': SAVED 1 slide links via direct -> https://ctools.ece.utah.edu/ECE1250/index_ECE1250S13.html
[2203/2807] 'ECE130 - Rose-Hulman Institute of Technology': no slides found
[2204/2807] 'ECE130C - University of California, Santa Barbara': SAVED 6 slide links via appended -> https://www.ccdc.ucsb.edu/course/ECE130C/lectures.html
[2205/2807] 'ECE1310 - California State Polytechnic University, Pomona': no slides found
[2206/2807] 'ECE131L - University of New Mexico': SAVED 1 slide links via direct -> https://cec-code-lab.aps.edu/robotics/ece131/
[2207/2807] 'ECE132 - Lehigh University': no slides found
[2208/2807] 'ECE1400 - Utah State University': no slides found
[2209/2807] 'ECE1410 - Utah State University': no slides found
[2210/2807] 'ECE15 - University of California, San Diego': SAVED 9 slide links via direct -> http://eceweb.ucsd.edu/courses/ECE15/FA_2015/lectures.php
[2211/2807] 'ECE150 - Cooper Union': SAVED 32 slide links via appended -> https://cooper.edu/engineering/courses/electrical-and-computer-engineering-undergraduate/ece-150/lectures.html
[2212/2807] 'ECE152A - University of California, Santa Barbara': no slides found
[2213/2807] 'ECE153B - University of California, Santa Barbara': no slides found
[2214/2807] 'ECE160 - Cooper Union': SAVED 32 slide links via appended -> https://cooper.edu/engineering/courses/electrical-and-computer-engineering-undergraduate/ece-160/lectures.html
[2215/2807] 'ECE172 - Portland State University': SAVED 1 slide links via followed -> https://www.pdx.edu/registration/veterans-certification-forms-and-resources
[2216/2807] 'ECE1724 - University of Toronto': SAVED 1 slide links via direct -> https://www.eecg.toronto.edu/~ashvin/courses/ece1724/2020w/presentation-format.html
[2217/2807] 'ECE173 - North Dakota State University': no slides found
[2218/2807] 'ECE175 - University of Arizona': SAVED 2 slide links via appended -> https://ece.engineering.arizona.edu/ece-175-computer-programming-engineering-applications/lectures.html
[2219/2807] 'ECE177 - University of Maine': no slides found
[2220/2807] 'ECE180 - Rose-Hulman Institute of Technology': SAVED 2 slide links via appended -> https://www.rose-hulman.edu/academics/course-catalog/2024-2025/programs/Electrical%20Engineering/lectures.html
[2221/2807] 'ECE1900 - University of Utah': SAVED 2 slide links via appended -> https://www.ece.utah.edu/wp-content/uploads/2016/10/lectures.html
[2222/2807] 'ECE200 - North Carolina State University': SAVED 6 slide links via appended -> https://engineeringonline.ncsu.edu/student-resources/course-homepages/spring2024/ece-200-introduction-to-signals-circuits-and-systems/lectures.html
[2223/2807] 'ECE2001 - University of Connecticut': SAVED 3 slide links via appended -> https://electron.engr.uconn.edu/ece2001/lectures.html
[2224/2807] 'ECE2001W - University of Connecticut': no slides found
[2225/2807] 'ECE2010 - Worcester Polytechnic Institute': SAVED 28 slide links via direct -> https://users.wpi.edu/~orourke/ece2010revjor/
[2226/2807] 'ECE2011 - Worcester Polytechnic Institute': no slides found
[2227/2807] 'ECE2019 - Worcester Polytechnic Institute': no slides found
[2228/2807] 'ECE202 - Michigan State University': no slides found
[2229/2807] 'ECE2020 - Georgia Institute of Technology': SAVED 4 slide links via appended -> https://ece.gatech.edu/courses/ece2020/lectures.html
[2230/2807] 'ECE2024 - Virginia Tech': no slides found
[2231/2807] 'ECE2026 - Georgia Institute of Technology': SAVED 4 slide links via appended -> https://ece.gatech.edu/courses/ece2026/lectures.html
[2232/2807] 'ECE2029 - Worcester Polytechnic Institute': no slides found
[2233/2807] 'ECE203 - Arizona State University': SAVED 56 slide links via reduced -> http://ziyang.eecs.umich.edu/~dickrp/eecs203/lectures/
[2234/2807] 'ECE2031 - Georgia Institute of Technology': no slides found
[2235/2807] 'ECE2035 - Georgia Institute of Technology': SAVED 4 slide links via appended -> https://ece.gatech.edu/courses/ece2035/lectures.html
[2236/2807] 'ECE2040 - Georgia Institute of Technology': SAVED 4 slide links via appended -> https://ece.gatech.edu/courses/ece2040/lectures.html
[2237/2807] 'ECE205 - University of Waterloo': no slides found
[2238/2807] 'ECE2050 - Wayne State University': SAVED 1 slide links via appended -> https://u.osu.edu/ece2050labs/lectures.html
[2239/2807] 'ECE2054 - Virginia Tech': no slides found
[2240/2807] 'ECE207 - University of Arizona': SAVED 2 slide links via appended -> https://ece.engineering.arizona.edu/undergrad-programs/courses/ECE207/lectures.html
[2241/2807] 'ECE209 - North Carolina State University': no slides found
[2242/2807] 'ECE2100 - Cornell University': no slides found
[2243/2807] 'ECE2110 - George Washington University': SAVED 1 slide links via direct -> https://blogs.gwu.edu/ece2110/lab/
[2244/2807] 'ECE212 - North Carolina State University': no slides found
[2245/2807] 'ECE2123 - Vanderbilt University': no slides found
[2246/2807] 'ECE216 - University of Victoria': no slides found
[2247/2807] 'ECE220 - University of Arizona': SAVED 2 slide links via appended -> https://ece.engineering.arizona.edu/undergrad-programs/courses/ECE220/lectures.html
[2248/2807] 'ECE2201 - Worcester Polytechnic Institute': no slides found
[2249/2807] 'ECE2210 - University of Utah': no slides found
[2250/2807] 'ECE2214 - University of Oklahoma': no slides found
[2251/2807] 'ECE2240 - University of Utah': no slides found
[2252/2807] 'ECE225 - Union College': no slides found
[2253/2807] 'ECE2250 - Kennesaw State University': no slides found
[2254/2807] 'ECE225A - University of California, San Diego': no slides found
[2255/2807] 'ECE2280 - University of Utah': no slides found
[2256/2807] 'ECE230 - Duke University': SAVED 7 slide links via appended -> https://ecelab.pratt.duke.edu/labs/ece-230/lectures.html
[2257/2807] 'ECE2300 - Cornell University': SAVED 28 slide links via direct -> https://ocw.ece.cornell.edu/courses/ece-2300-digital-logic-and-computer-organization/ece-2300-lectures-and-handouts/
[2258/2807] 'ECE2300L - California State Polytechnic University, Pomona': no slides found
[2259/2807] 'ECE231 - University at Albany': SAVED 9 slide links via followed -> https://github.com/ProfMcL/ECE231/tree/main/lecture%20slides
[2260/2807] 'ECE2311 - Worcester Polytechnic Institute': SAVED 28 slide links via reduced -> https://users.wpi.edu/~ludwig/XXece2311/Lecture_PPTs/
[2261/2807] 'ECE232 - New Jersey Institute of Technology': no slides found
[2262/2807] 'ECE233 - Rose-Hulman Institute of Technology': SAVED 2 slide links via appended -> https://www.rose-hulman.edu/academics/course-catalog/2024-2025/programs/Electrical%20Engineering/lectures.html
[2263/2807] 'ECE2372 - Texas Tech University': no slides found
[2264/2807] 'ECE240 - Carnegie Mellon University': SAVED 1 slide links via appended -> https://courses.ece.cmu.edu/18240/lectures.html
[2265/2807] 'ECE2400 - Cornell University': SAVED 14 slide links via direct -> https://web.csl.cornell.edu/courses/ece2400/handouts.shtml
[2266/2807] 'ECE2410 - University of Iowa': no slides found
[2267/2807] 'ECE25 - University of California, San Diego': no slides found
[2268/2807] 'ECE250 - Duke University': SAVED 15 slide links via reduced -> https://people.duke.edu/~tkb13/courses/ece250-2025su/slides/
[2269/2807] 'ECE2500 - Western Michigan University': no slides found
[2270/2807] 'ECE2504 - Virginia Tech': no slides found
[2271/2807] 'ECE2510 - Western Michigan University': no slides found
[2272/2807] 'ECE2514 - Virginia Tech': no slides found
[2273/2807] 'ECE252 - University of Wisconsin-Madison': SAVED 1 slide links via direct -> https://ece252.engr.wisc.edu/
[2274/2807] 'ECE2544 - Virginia Tech': no slides found
[2275/2807] 'ECE255 - University of Victoria': no slides found
[2276/2807] 'ECE2620 - Wayne State University': no slides found
[2277/2807] 'ECE263 - Indiana University-Purdue University Indianapolis': no slides found
[2278/2807] 'ECE269 - University of California, San Diego': no slides found
[2279/2807] 'ECE2700 - Utah State University': no slides found
[2280/2807] 'ECE271 - Portland State University': SAVED 1 slide links via direct -> https://web.cecs.pdx.edu/~greenwd/%7f
[2281/2807] 'ECE2720 - Cornell University': SAVED 3 slide links via appended -> https://ieeeatcornell.github.io/wiki/courses/ece2720/lectures.html
[2282/2807] 'ECE2723 - University of Oklahoma': no slides found
[2283/2807] 'ECE275 - North Dakota State University': no slides found
[2284/2807] 'ECE2799 - Worcester Polytechnic Institute': no slides found
[2285/2807] 'ECE2804 - Virginia Tech': no slides found
[2286/2807] 'ECE282 - Wichita State University': no slides found
[2287/2807] 'ECE299 - University of Victoria': SAVED 2 slide links via appended -> https://www.uvic.ca/ecs/ece/assets/docs/current/undergraduate/202005/lectures.html
[2288/2807] 'ECE302 - North Carolina State University': SAVED 6 slide links via appended -> https://engineeringonline.ncsu.edu/site-course-homepages-fall-2025/ece-302-microelectronics/lectures.html
[2289/2807] 'ECE3030 - University of Utah': SAVED 4 slide links via appended -> https://ece.gatech.edu/courses/ece3030/lectures.html
[2290/2807] 'ECE306 - Miami University': no slides found
[2291/2807] 'ECE309 - North Carolina State University': no slides found
[2292/2807] 'ECE310 - University of Miami': SAVED 107 slide links via direct -> https://courses.grainger.illinois.edu/ece310/fa2025/
[2293/2807] 'ECE3100 - Western Michigan University': no slides found
[2294/2807] 'ECE3101 - California State Polytechnic University, Pomona': no slides found
[2295/2807] 'ECE311 - Lehman College': SAVED 3 slide links via direct -> https://github.com/Stepheny755/ECE311L/blob/main/311%20Lecture%204.pdf
[2296/2807] 'ECE312 - Rose-Hulman Institute of Technology': SAVED 2 slide links via appended -> https://www.rose-hulman.edu/academics/course-catalog/2024-2025/programs/Electrical%20Engineering/lectures.html
[2297/2807] 'ECE313 - Old Dominion University': SAVED 42 slide links via direct -> https://courses.grainger.illinois.edu/ece313/fa2003/Slides.html
[2298/2807] 'ECE314 - University of Dayton': no slides found
[2299/2807] 'ECE315 - Portland State University': SAVED 1 slide links via followed -> https://www.pdx.edu/registration/veterans-certification-forms-and-resources
[2300/2807] 'ECE3150 - Georgia Institute of Technology': SAVED 1 slide links via appended -> https://ocw.ece.cornell.edu/courses/ece-3150-microelectronics/ece-3150-lecture-notes-and-handouts/lectures.html
[2301/2807] 'ECE316 - University of Waterloo': SAVED 31 slide links via direct -> https://www.comm.utoronto.ca/~dimitris//ECE316/lectures.html
[2302/2807] 'ECE318 - University of Miami': no slides found
[2303/2807] 'ECE320 - University of Alabama': SAVED 2 slide links via appended -> https://students.eng.ua.edu/courses/ece-320/lectures.html
[2304/2807] 'ECE3200 - California State Polytechnic University, Pomona': no slides found
[2305/2807] 'ECE3201 - University of Connecticut': no slides found
[2306/2807] 'ECE3210 - University of Missouri': SAVED 18 slide links via appended -> http://vigir.ee.missouri.edu/~gdesouza/ece3210/lectures.htm
[2307/2807] 'ECE32100 - Indiana University-Purdue University Indianapolis': no slides found
[2308/2807] 'ECE3211 - University of Connecticut': SAVED 69 slide links via direct -> https://web.stanford.edu/class/archive/engr/engr40m.1178/slides.html
[2309/2807] 'ECE322 - Portland State University': SAVED 29 slide links via direct -> https://web.engr.oregonstate.edu/~anandt/ECE322_Fall_2021/outline.html
[2310/2807] 'ECE322L - University of New Mexico': SAVED 1 slide links via direct -> https://registrar.unm.edu/UNM%20Catalog/index.html
[2311/2807] 'ECE3242 - Villanova University': no slides found
[2312/2807] 'ECE329 - Southern Illinois University Carbondale': SAVED 2 slide links via direct -> https://courses.physics.illinois.edu/ece329/sp2025/supplement.html
[2313/2807] 'ECE3300 - California State Polytechnic University, Pomona': no slides found
[2314/2807] 'ECE3301L - California State Polytechnic University, Pomona': no slides found
[2315/2807] 'ECE3302 - Texas Tech University': SAVED 2 slide links via appended -> https://www.depts.ttu.edu/ece/undergrad/syllabi/documents/lectures.html
[2316/2807] 'ECE3305 - Kennesaw State University': no slides found
[2317/2807] 'ECE331 - North Carolina State University': SAVED 6 slide links via appended -> https://engineeringonline.ncsu.edu/site-course-homepages-spring-2025/ece-331-ece-for-non-ece-majors/lectures.html
[2318/2807] 'ECE3320 - Kennesaw State University': no slides found
[2319/2807] 'ECE3323 - Texas Tech University': SAVED 2 slide links via appended -> https://www.depts.ttu.edu/ece/undergrad/syllabi/documents/lectures.html
[2320/2807] 'ECE3331 - Texas Tech University': no slides found
[2321/2807] 'ECE335 - University of Victoria': no slides found
[2322/2807] 'ECE3350 - Kennesaw State University': SAVED 2 slide links via direct -> https://facultyweb.kennesaw.edu/dcolebec/pptresources.php
[2323/2807] 'ECE3362 - Texas Tech University': SAVED 2 slide links via appended -> https://www.depts.ttu.edu/ece/undergrad/syllabi/documents/lectures.html
[2324/2807] 'ECE3410 - University of Iowa': no slides found
[2325/2807] 'ECE342 - University of Maine': no slides found
[2326/2807] 'ECE343 - North Dakota State University': no slides found
[2327/2807] 'ECE345 - Miami University': no slides found
[2328/2807] 'ECE35 - University of California, San Diego': no slides found
[2329/2807] 'ECE350 - Duke University': SAVED 18 slide links via direct -> https://people.duke.edu/~tkb13/courses/ece350-2024fa/
[2330/2807] 'ECE351 - Portland State University': SAVED 3 slide links via direct -> https://github.com/abfouts/S20_ECE351/blob/main/ece351sp20_week1_1_lecnotes.pdf
[2331/2807] 'ECE3512 - Temple University': no slides found
[2332/2807] 'ECE352 - Arizona State University': SAVED 2 slide links via appended -> https://ece.engineering.arizona.edu/undergrad-programs/courses/ECE352/lectures.html
[2333/2807] 'ECE3530 - University of Utah': no slides found
[2334/2807] 'ECE3540 - University of Manitoba': no slides found
[2335/2807] 'ECE3570 - Wayne State University': no slides found
[2336/2807] 'ECE36 - University of Iowa': no slides found
[2337/2807] 'ECE3610 - Western Michigan University': no slides found
[2338/2807] 'ECE3620 - Wayne State University': no slides found
[2339/2807] 'ECE3700 - University of Iowa': no slides found
[2340/2807] 'ECE3709L - California State Polytechnic University, Pomona': no slides found
[2341/2807] 'ECE3715 - California State Polytechnic University, Pomona': no slides found
[2342/2807] 'ECE372 - New Jersey Institute of Technology': no slides found
[2343/2807] 'ECE3720 - University of Manitoba': SAVED 2 slide links via appended -> https://umanitoba.ca/engineering/sites/engineering/files/2021-03/lectures.html
[2344/2807] 'ECE3724 - Mississippi State University': no slides found
[2345/2807] 'ECE374 - New Jersey Institute of Technology': no slides found
[2346/2807] 'ECE3741 - Georgia Institute of Technology': SAVED 1 slide links via appended -> https://ece3741.ece.gatech.edu/lectures.html
[2347/2807] 'ECE375 - New Jersey Institute of Technology': no slides found
[2348/2807] 'ECE380 - University of Alabama': SAVED 2 slide links via appended -> https://students.eng.ua.edu/courses/ece-380/lectures.html
[2349/2807] 'ECE3EJ4 - McMaster University': no slides found
[2350/2807] 'ECE400 - Cleveland State University': SAVED 69 slide links via direct -> https://web.stanford.edu/class/archive/engr/engr40m.1178/slides.html
[2351/2807] 'ECE408 - Indiana University-Purdue University Indianapolis': SAVED 3 slide links via direct -> https://github.com/illinois-impact/ece408_project-kickoff-slides
[2352/2807] 'ECE411 - University of Waterloo': SAVED 3 slide links via direct -> https://github.com/rauhul/ece411/blob/master/lecture%20slides/01%20Lecture%20Course%20Intro.pdf
[2353/2807] 'ECE416 - Cleveland State University': SAVED 2 slide links via appended -> https://sites.wp.odu.edu/cyseksharp/ece-416/lectures.html
[2354/2807] 'ECE417 - University of Waterloo': no slides found
[2355/2807] 'ECE422 - New Jersey Institute of Technology': no slides found
[2356/2807] 'ECE4225 - University of Connecticut': no slides found
[2357/2807] 'ECE4290 - University of Manitoba': SAVED 2 slide links via appended -> https://umanitoba.ca/engineering/sites/engineering/files/2021-03/lectures.html
[2358/2807] 'ECE4300 - Memorial University of Newfoundland': SAVED 2 slide links via appended -> https://umanitoba.ca/engineering/sites/engineering/files/2021-09/lectures.html
[2359/2807] 'ECE4301 - Texas State University': no slides found
[2360/2807] 'ECE4305 - California State Polytechnic University, Pomona': no slides found
[2361/2807] 'ECE4330 - Wayne State University': no slides found
[2362/2807] 'ECE434 - North Carolina State University': no slides found
[2363/2807] 'ECE453 - Penn State University': SAVED 34 slide links via direct -> https://www.cse.psu.edu/~rtc12/CSE486/
[2364/2807] 'ECE454 - University of Waterloo': no slides found
[2365/2807] 'ECE455 - Western Michigan University': SAVED 1 slide links via appended -> https://courses.grainger.illinois.edu/ece455/fa2017/Files/Galvinlectures/lectures.html
[2366/2807] 'ECE456 - Southern Illinois University Carbondale': SAVED 2 slide links via appended -> https://ece.illinois.edu/academics/courses/ece456/lectures.html
[2367/2807] 'ECE4600 - Memorial University of Newfoundland': SAVED 2 slide links via appended -> https://umanitoba.ca/engineering/sites/engineering/files/2021-09/lectures.html
[2368/2807] 'ECE461 - North Dakota State University': no slides found
[2369/2807] 'ECE471 - University of Maine': SAVED 1 slide links via direct -> https://web.eece.maine.edu/~vweaver/classes/ece471_2025f/
[2370/2807] 'ECE472 - University of Toronto': SAVED 6 slide links via appended -> https://engineering.calendar.utoronto.ca/course/ece472h1/lectures.html
[2371/2807] 'ECE4750 - Cornell University': SAVED 3 slide links via direct -> https://www.csl.cornell.edu/courses/ece4750/handouts.shtml
[2372/2807] 'ECE4781 - Georgia Institute of Technology': no slides found
[2373/2807] 'ECE484 - University of Alabama': SAVED 1 slide links via direct -> https://safeautonomy-illinois.github.io/ece484-site/spring-2026/resources/
[2374/2807] 'ECE486 - University of Alabama': SAVED 3 slide links via direct -> https://courses.grainger.illinois.edu/ece486/fa2020/documentation/
[2375/2807] 'ECE489 - North Carolina State University': SAVED 2 slide links via appended -> https://ece.illinois.edu/academics/courses/ECE489/lectures.html
[2376/2807] 'ECE492 - Wichita State University': SAVED 2 slide links via appended -> https://research.ece.ncsu.edu/ci4r/ece-492-592-intro-to-radar-systems/lectures.html
[2377/2807] 'ECE4960 - Cornell University': no slides found
[2378/2807] 'ECE501 - Cleveland State University': no slides found
[2379/2807] 'ECE503 - University of Victoria': SAVED 2 slide links via appended -> https://www.uvic.ca/ecs/ece/assets/docs/current/graduate/202009/lectures.html
[2380/2807] 'ECE53B - University of California, San Diego': no slides found
[2381/2807] 'ECE541 - University of New Hampshire': no slides found
[2382/2807] 'ECE5460 - University of Iowa': SAVED 1 slide links via appended -> https://ece.osu.edu/sites/default/files/uploads/courses/syllabi/lectures.html
[2383/2807] 'ECE548 - University of New Hampshire': no slides found
[2384/2807] 'ECE5511 - Worcester Polytechnic Institute': no slides found
[2385/2807] 'ECE552 - University of Wisconsin-Madison': SAVED 17 slide links via reduced -> https://pages.cs.wisc.edu/~sinclair/courses/cs552/spring2022/handouts/lecture/
[2386/2807] 'ECE5550 - Western Michigan University': SAVED 1 slide links via appended -> http://mocha-java.uccs.edu/ECE5550/lectures/
[2387/2807] 'ECE5575 - Wayne State University': no slides found
[2388/2807] 'ECE560 - Duke University': SAVED 22 slide links via reduced -> https://people.duke.edu/~tkb13/courses/ece560-2025fa/slides/
[2389/2807] 'ECE563 - North Carolina State University': SAVED 6 slide links via appended -> https://engineeringonline.ncsu.edu/online-courses/spring-2023/ece-563-microprocessor-architecture/lectures.html
[2390/2807] 'ECE571 - Colorado State University': SAVED 2 slide links via appended -> https://www.engr.colostate.edu/ECE571/lectures.html
[2391/2807] 'ECE581 - Portland State University': SAVED 6 slide links via direct -> https://web.eecs.utk.edu/~dcostine/ECE581/Fall2025/materials.php
[2392/2807] 'ECE582 - Portland State University': SAVED 2 slide links via appended -> https://ece.illinois.edu/academics/courses/ece582/lectures.html
[2393/2807] 'ECE589 - North Carolina State University': SAVED 6 slide links via appended -> https://engineeringonline.ncsu.edu/student-resources/course-homepages/spring2024/ece-589-solid-state-solar-and-thermal-energy-harvesting/lectures.html
[2394/2807] 'ECE59500 - Indiana University-Purdue University Indianapolis': no slides found
[2395/2807] 'ECE602 - University of Waterloo': SAVED 2 slide links via appended -> https://uwaterloo.ca/electrical-computer-engineering/sites/default/files/uploads/documents/lectures.html
[2396/2807] 'ECE604 - University of Waterloo': SAVED 2 slide links via appended -> https://uwaterloo.ca/electrical-computer-engineering/sites/default/files/uploads/documents/lectures.html
[2397/2807] 'ECE605 - New Jersey Institute of Technology': no slides found
[2398/2807] 'ECE606 - University of Waterloo': SAVED 2 slide links via appended -> https://uwaterloo.ca/electrical-computer-engineering/sites/default/files/uploads/documents/lectures.html
[2399/2807] 'ECE610 - University of Waterloo': SAVED 2 slide links via appended -> https://uwaterloo.ca/electrical-computer-engineering/sites/default/files/uploads/documents/lectures.html
[2400/2807] 'ECE6100 - Georgia Institute of Technology': SAVED 17 slide links via direct -> https://hsienhsinlee.github.io/course_slides/ECE6100.html
[2401/2807] 'ECE617 - University of New Hampshire': no slides found
[2402/2807] 'ECE6254 - Georgia Institute of Technology': SAVED 22 slide links via appended -> https://mdav.ece.gatech.edu/ece-6254-spring2024/notes/
[2403/2807] 'ECE633 - University of New Hampshire': no slides found
[2404/2807] 'ECE651 - University of New Hampshire': no slides found
[2405/2807] 'ECE655 - Western Michigan University': SAVED 2 slide links via appended -> https://uwaterloo.ca/electrical-computer-engineering/sites/default/files/uploads/documents/lectures.html
[2406/2807] 'ECE6550 - Georgia Institute of Technology': SAVED 4 slide links via appended -> https://ece.gatech.edu/courses/ece6550/lectures.html
[2407/2807] 'ECE6650 - Western Michigan University': no slides found
[2408/2807] 'ECE6999 - University of Iowa': SAVED 1 slide links via appended -> https://ece.osu.edu/sites/default/files/uploads/courses/syllabi/lectures.html
[2409/2807] 'ECE700 - University of Waterloo': SAVED 14 slide links via reduced -> https://eceweb.uwaterloo.ca/~smzahedi/crs/ece700/slides/
[2410/2807] 'ECE710 - University of Waterloo': SAVED 2 slide links via appended -> https://uwaterloo.ca/electrical-computer-engineering/sites/default/files/uploads/documents/lectures.html
[2411/2807] 'ECE745 - North Carolina State University': SAVED 6 slide links via appended -> https://engineeringonline.ncsu.edu/student-resources/course-homepages/ece-745-application-specific-integrated-circuit-verification/lectures.html
[2412/2807] 'ECE7750 - Georgia Institute of Technology': SAVED 47 slide links via direct -> https://www.bloch.ece.gatech.edu/teaching/ece7750fa21/
[2413/2807] 'ECE786 - North Carolina State University': SAVED 6 slide links via appended -> https://engineeringonline.ncsu.edu/student-resources/online-course-homepages-spring-2025/ece-786-advanced-computer-architecture-data-parallel-processors/lectures.html
[2414/2807] 'ECE8990 - Mississippi State University': no slides found
[2415/2807] 'ECEN2370 - University of Colorado Boulder': no slides found
[2416/2807] 'ECOR1031 - Carleton University': no slides found
[2417/2807] 'ECOR1041 - Carleton University': no slides found
[2418/2807] 'ECOR1042 - Carleton University': no slides found
[2419/2807] 'ECS017 - University of California, Davis': no slides found
[2420/2807] 'ECS020 - University of California, Davis': SAVED 8 slide links via direct -> https://mae.engr.ucdavis.edu/dsouza/Classes/ECS20_schedule.html
[2421/2807] 'ECS034 - University of California, Davis': no slides found
[2422/2807] 'ECS036B - University of California, Davis': no slides found
[2423/2807] 'ECS036C - University of California, Davis': no slides found
[2424/2807] 'ECS088 - University of California, Davis': SAVED 4 slide links via direct -> https://web.cs.ucdavis.edu/~koehl/Teaching/ECS088/lectures.html
[2425/2807] 'ECS10 - University of California, Davis': SAVED 34 slide links via appended -> https://web.cs.ucdavis.edu/~amenta/f11/lectures.html
[2426/2807] 'ECS102 - Syracuse University': SAVED 1 slide links via direct -> https://projectadvance.syracuse.edu/courses/ecs102/
[2427/2807] 'ECS120 - University of California, Davis': SAVED 1 slide links via direct -> https://web.cs.ucdavis.edu/~doty/ecs120slides/01a_Introduction-deck.html
[2428/2807] 'ECS122A - University of California, Davis': no slides found
[2429/2807] 'ECS122B - University of California, Davis': no slides found
[2430/2807] 'ECS124 - University of California, Davis': no slides found
[2431/2807] 'ECS129 - University of California, Davis': no slides found
[2432/2807] 'ECS130 - University of California, Davis': SAVED 10 slide links via reduced -> https://www.cs.ucdavis.edu/~bai/ECS130/Slides/
[2433/2807] 'ECS132 - University of California, Davis': no slides found
[2434/2807] 'ECS140 - University of California, Davis': no slides found
[2435/2807] 'ECS150 - University of California, Davis': SAVED 1 slide links via direct -> https://bob.cs.ucdavis.edu/classes/s26-ecs150/lectures.html
[2436/2807] 'ECS154A - University of California, Davis': no slides found
[2437/2807] 'ECS160 - University of California, Davis': no slides found
[2438/2807] 'ECS162 - University of California, Davis': SAVED 2 slide links via direct -> https://csiflabs.cs.ucdavis.edu/~tyfeng/ecs162/
[2439/2807] 'ECS165 - University of California, Davis': SAVED 3 slide links via reduced -> https://www.cs.ucdavis.edu/~green/courses/ecs165a/
[2440/2807] 'ECS165A - University of California, Davis': no slides found
[2441/2807] 'ECS170 - University of California, Davis': SAVED 14 slide links via direct -> https://web.cs.ucdavis.edu/~vemuri/classes/ecs170/outline.html
[2442/2807] 'ECS171 - University of California, Davis': SAVED 36 slide links via direct -> https://g-simmons.github.io/gabe-simmons-teaching-wiki/Classes/ECS171/course_info
[2443/2807] 'ECS188 - University of California, Davis': SAVED 2 slide links via direct -> https://bob.cs.ucdavis.edu/classes/s18-ecs188/presentations.html
[2444/2807] 'ECS20 - University of California, Davis': SAVED 8 slide links via direct -> https://mae.engr.ucdavis.edu/dsouza/Classes/ECS20_schedule.html
[2445/2807] 'ECS2305 - University of Texas at Dallas': no slides found
[2446/2807] 'ECS2336 - University of Texas at Dallas': no slides found
[2447/2807] 'ECS289K - University of California, Davis': no slides found
[2448/2807] 'ECS30 - University of California, Davis': no slides found
[2449/2807] 'ECS34 - University of California, Davis': no slides found
[2450/2807] 'ECS36C - University of California, Davis': no slides found
[2451/2807] 'ECS40 - University of California, Davis': no slides found
[2452/2807] 'ECS60 - University of California, Davis': no slides found
[2453/2807] 'ECS89L - University of California, Davis': SAVED 1 slide links via reduced -> https://web.cs.ucdavis.edu/~koehl/Teaching/ECS089/
[2454/2807] 'ECSE250 - McGill University': no slides found
[2455/2807] 'ECT250 - DePaul University': SAVED 12 slide links via reduced -> http://facweb.cs.depaul.edu/asettle/research/ect250/notes/
[2456/2807] 'ECT583 - DePaul University': SAVED 1 slide links via direct -> http://facweb.cs.depaul.edu/mobasher/classes/ect584/
[2457/2807] 'EDU230 - York College': SAVED 3 slide links via appended -> https://www.york.cuny.edu/pre-college/syllabus/lectures.html
[2458/2807] 'EDUC280 - York College': SAVED 3 slide links via appended -> https://www.york.cuny.edu/pre-college/syllabus/lectures.html
[2459/2807] 'EE030A - University of California, Irvine': no slides found
[2460/2807] 'EE261 - Clarkson University': SAVED 61 slide links via direct -> https://see.stanford.edu/Course/EE261
[2461/2807] 'EE3445 - California State University, Los Angeles': no slides found
[2462/2807] 'EE3463 - University of Texas at San Antonio': no slides found
[2463/2807] 'EEC493 - Cleveland State University': no slides found
[2464/2807] 'EEC494 - Cleveland State University': SAVED 4 slide links via appended -> https://facultyprofile.csuohio.edu/en/courses/eec-494-senior-design-ii-2/lectures.html
[2465/2807] 'EECS132 - Case Western Reserve University': no slides found
[2466/2807] 'EECS168 - University of Kansas': SAVED 4 slide links via appended -> https://wiki.ittc.ku.edu/ittc_wiki/index.php/EECS168/lectures.html
[2467/2807] 'EECS210 - University of Kansas': no slides found
[2468/2807] 'EECS221 - University of Kansas': SAVED 1 slide links via appended -> https://www2.eecs.berkeley.edu/Courses/EE221A/lectures.html
[2469/2807] 'EECS233 - Case Western Reserve University': no slides found
[2470/2807] 'EECS268 - University of Kansas': SAVED 17 slide links via reduced -> https://www.ittc.ku.edu/~kulkarni/teaching/EECS268/slides/
[2471/2807] 'EECS293 - Case Western Reserve University': no slides found
[2472/2807] 'EECS302 - Case Western Reserve University': no slides found
[2473/2807] 'EECS321 - Case Western Reserve University': no slides found
[2474/2807] 'EECS322 - Case Western Reserve University': no slides found
[2475/2807] 'EECS330 - University of Kansas': no slides found
[2476/2807] 'EECS340 - Case Western Reserve University': SAVED 1 slide links via direct -> https://github.com/RejwanShafi/BRACU-CSE340
[2477/2807] 'EECS341 - Case Western Reserve University': no slides found
[2478/2807] 'EECS345 - Case Western Reserve University': SAVED 2 slide links via appended -> http://www.oldaqualab.cs.northwestern.edu/class/356-eecs-345-s18/lectures.html
[2479/2807] 'EECS348 - University of Kansas': no slides found
[2480/2807] 'EECS388 - University of Kansas': SAVED 1 slide links via direct -> https://www.ittc.ku.edu/~heechul/courses/eecs388/schedule.html
[2481/2807] 'EECS447 - University of Kansas': no slides found
[2482/2807] 'EECS461 - University of Kansas': no slides found
[2483/2807] 'EECS560 - University of Kansas': no slides found
[2484/2807] 'EECS563 - University of Kansas': SAVED 7 slide links via direct -> https://www.ittc.ku.edu/~frost/EECS_563/index-Spring_2024.htm
[2485/2807] 'EECS581 - University of Kansas': SAVED 39 slide links via direct -> https://web.eecs.utk.edu/courses/fall2025/ece581/schedule.php
[2486/2807] 'EECS6207 - Massachusetts Institute of Technology': no slides found
[2487/2807] 'EECS645 - University of Kansas': no slides found
[2488/2807] 'EECS660 - University of Kansas': no slides found
[2489/2807] 'EECS6893 - Columbia University': no slides found
[2490/2807] 'EECS690 - University of Kansas': no slides found
[2491/2807] 'EEE120 - Arizona State University': no slides found
[2492/2807] 'EEE3303 - Florida International University': no slides found
[2493/2807] 'EEE334 - Arizona State University': SAVED 1 slide links via appended -> https://prod-pitchfork.fsewp.asu.edu/ecee/wp-content/uploads/sites/40/2020/11/lectures.html
[2494/2807] 'EEE419 - Arizona State University': SAVED 1 slide links via direct -> https://ecee.engineering.asu.edu/students/undergraduate/example-course-syllabi/
[2495/2807] 'EEE591 - Arizona State University': no slides found
[2496/2807] 'EEL3712L - Florida International University': no slides found
[2497/2807] 'EENG398 - Chapman University': no slides found
[2498/2807] 'EGN1002 - Florida International University': SAVED 19 slide links via reduced -> https://web.eng.fiu.edu/ARELLANO/1002/1Introduction/
[2499/2807] 'EGN123 - University of Miami': SAVED 1 slide links via direct -> https://umiamilibraries.github.io/courses-and-workshops/
[2500/2807] 'EN433 - Johns Hopkins University': no slides found
[2501/2807] 'ENCE2101 - University of Denver': no slides found
[2502/2807] 'ENGD240 - Rose-Hulman Institute of Technology': SAVED 2 slide links via appended -> https://www.rose-hulman.edu/academics/course-catalog/2024-2025/programs/Engineering%20Design/lectures.html
[2503/2807] 'ENGR203 - Oregon State University': no slides found
[2504/2807] 'ENSC180 - Simon Fraser University': SAVED 1 slide links via appended -> https://www.sfu.ca/students/calendar/courses/ensc/lectures.html
[2505/2807] 'ENSC251 - Simon Fraser University': SAVED 1 slide links via reduced -> http://www2.ensc.sfu.ca/~lshannon/courses/ensc251/
[2506/2807] 'ENT3607 - Florida Gulf Coast University': no slides found
[2507/2807] 'F353 - Suffolk University': no slides found
[2508/2807] 'FYS018 - Drake University': no slides found
[2509/2807] 'FYSE121 - Amherst College': SAVED 5 slide links via appended -> https://www.amherst.edu/academiclife/departments/courses/2526F/FYSE/FYSE-121-2526F/lectures.html
[2510/2807] 'GAM224 - DePaul University': no slides found
[2511/2807] 'GAM3100 - Elon University': no slides found
[2512/2807] 'GBA6050 - California State Polytechnic University, Pomona': no slides found
[2513/2807] 'GCIS123 - Rochester Institute of Technology': no slides found
[2514/2807] 'GCIS124 - Rochester Institute of Technology': no slides found
[2515/2807] 'GCIS127 - Rochester Institute of Technology': no slides found
[2516/2807] 'GIF1001 - Laval University': no slides found
[2517/2807] 'GIF1003 - Laval University': no slides found
[2518/2807] 'GIMM110 - Boise State University': no slides found
[2519/2807] 'GLO2000 - Laval University': no slides found
[2520/2807] 'GLO2005 - Laval University': no slides found
[2521/2807] 'GLO4000 - Laval University': no slides found
[2522/2807] 'GLO4002 - Laval University': no slides found
[2523/2807] 'GNG5125 - University of Ottawa': SAVED 1 slide links via direct -> https://github.com/smahm094/GNG5125-Assignment-1
[2524/2807] 'GOVT2305 - Williams College': no slides found
[2525/2807] 'H238 - Indiana University Bloomington': no slides found
[2526/2807] 'HONS3108 - University of Texas at Dallas': no slides found
[2527/2807] 'I201 - Indiana University Bloomington': no slides found
[2528/2807] 'I308 - Indiana University Bloomington': SAVED 1 slide links via direct -> https://academics.iu.edu/courses/bloomington/info-i-308-information-representation.html
[2529/2807] 'IA241 - James Madison University': no slides found
[2530/2807] 'ICS101 - University of Hawaii at Manoa': SAVED 1 slide links via appended -> https://www.windward.hawaii.edu/wp-content/uploads/sites/3/syllabus/2025/Spring/lectures.html
[2531/2807] 'ICS125 - Duke University': SAVED 15 slide links via reduced -> https://people.duke.edu/~tkb13/courses/ece250-2025su/slides/
[2532/2807] 'ICS222 - University of Hawaii at Manoa': no slides found
[2533/2807] 'ICS311 - University of Hawaii at Manoa': no slides found
[2534/2807] 'ICS312 - University of Hawaii at Manoa': SAVED 3 slide links via appended -> https://manoa.hawaii.edu/catalog-2021-22/courses/ics-312-machine-level-and-systems-programming-3/lectures.html
[2535/2807] 'ICS313 - University of Hawaii at Manoa': SAVED 3 slide links via appended -> https://manoa.hawaii.edu/catalog-2021-22/courses/ics-313-programming-language-theory-3/lectures.html
[2536/2807] 'ICS332 - University of Hawaii at Manoa': no slides found
[2537/2807] 'ICS355 - University of Hawaii at Manoa': no slides found
[2538/2807] 'ICS392 - DePaul University': no slides found
[2539/2807] 'ICSI1117 - Seton Hall University': SAVED 1 slide links via followed -> https://www.icsi.edu/student_rpn/crt/
[2540/2807] 'ICSI201 - University at Albany': no slides found
[2541/2807] 'ICSI210 - University at Albany': no slides found
[2542/2807] 'ICSI212 - University at Albany': no slides found
[2543/2807] 'ICSI213 - University at Albany': no slides found
[2544/2807] 'ICSI311 - University at Albany': no slides found
[2545/2807] 'ICSI403 - University at Albany': SAVED 8 slide links via direct -> https://www.cs.albany.edu/~petko/classes/FALL16-CSI403.php
[2546/2807] 'ICSI404 - University at Albany': no slides found
[2547/2807] 'ICSI405 - University at Albany': no slides found
[2548/2807] 'IDNS2136 - University of Houston': no slides found
[2549/2807] 'IECE111 - University at Albany': no slides found
[2550/2807] 'IFT1006 - Laval University': no slides found
[2551/2807] 'IFT19022 - Laval University': no slides found
[2552/2807] 'IFT2002 - Laval University': no slides found
[2553/2807] 'IFT2004 - Laval University': no slides found
[2554/2807] 'IFT2006 - Laval University': no slides found
[2555/2807] 'IFT3001 - Laval University': no slides found
[2556/2807] 'IFT7201 - Laval University': no slides found
[2557/2807] 'INF100X - University at Albany': no slides found
[2558/2807] 'INF108 - University at Albany': no slides found
[2559/2807] 'INF171 - University at Albany': no slides found
[2560/2807] 'INF202 - University at Albany': no slides found
[2561/2807] 'INF203 - University at Albany': no slides found
[2562/2807] 'INF280X - University at Albany': SAVED 16 slide links via direct -> https://tanu1208.github.io/lectures.html
[2563/2807] 'INF308 - University at Albany': no slides found
[2564/2807] 'INF350 - Virginia Commonwealth University': no slides found
[2565/2807] 'INF551 - University of Southern California': no slides found
[2566/2807] 'INFO0101 - Howard University': no slides found
[2567/2807] 'INFO101 - Drexel University': no slides found
[2568/2807] 'INFO1010 - Tulane University': no slides found
[2569/2807] 'INFO102 - Drexel University': no slides found
[2570/2807] 'INFO1020 - University of Denver': no slides found
[2571/2807] 'INFO103 - Drexel University': no slides found
[2572/2807] 'INFO1201 - University of Colorado Boulder': no slides found
[2573/2807] 'INFO1300 - Cornell University': no slides found
[2574/2807] 'INFO1301 - University of Colorado Boulder': SAVED 24 slide links via direct -> https://cmci.colorado.edu/classes/INFO-1301/
[2575/2807] 'INFO151 - Drexel University': no slides found
[2576/2807] 'INFO1701 - University of Colorado Boulder': no slides found
[2577/2807] 'INFO200 - Drexel University': no slides found
[2578/2807] 'INFO202 - Virginia Commonwealth University': no slides found
[2579/2807] 'INFO2020 - University of Denver': SAVED 1 slide links via followed -> https://www.ucdenver.edu/registrar/student-resources/forms
[2580/2807] 'INFO204 - San Jose State University': no slides found
[2581/2807] 'INFO2040 - Cornell University': no slides found
[2582/2807] 'INFO2130 - University of North Carolina at Charlotte': SAVED 3 slide links via appended -> https://belkcollegeofbusiness.charlotte.edu/info2130/lectures.html
[2583/2807] 'INFO2131 - University of Colorado Boulder': no slides found
[2584/2807] 'INFO220 - Xavier University': no slides found
[2585/2807] 'INFO2201 - University of Colorado Boulder': no slides found
[2586/2807] 'INFO230 - Indiana University Bloomington': no slides found
[2587/2807] 'INFO2300 - Cornell University': no slides found
[2588/2807] 'INFO248 - San Jose State University': SAVED 2 slide links via direct -> https://www.sjsu.edu/curriculum/courses/syllabus-info.php
[2589/2807] 'INFO250 - Drexel University': no slides found
[2590/2807] 'INFO281 - San Jose State University': no slides found
[2591/2807] 'INFO311 - Howard University': no slides found
[2592/2807] 'INFO3130 - University of North Carolina at Charlotte': no slides found
[2593/2807] 'INFO3230 - University of North Carolina at Charlotte': no slides found
[2594/2807] 'INFO3231 - University of North Carolina at Charlotte': no slides found
[2595/2807] 'INFO3233 - University of North Carolina at Charlotte': no slides found
[2596/2807] 'INFO3234 - University of North Carolina at Charlotte': no slides found
[2597/2807] 'INFO3236 - University of North Carolina at Charlotte': no slides found
[2598/2807] 'INFO3237 - University of North Carolina at Charlotte': no slides found
[2599/2807] 'INFO333 - University of Illinois Urbana-Champaign': SAVED 1 slide links via appended -> https://informatics.ischool.illinois.edu/courses/info-333-user-experience-design-in-action/lectures.html
[2600/2807] 'INFO335 - Howard University': no slides found
[2601/2807] 'INFO3400 - University of Denver': no slides found
[2602/2807] 'INFO3450 - Cornell University': no slides found
[2603/2807] 'INFO3460 - Cornell University': no slides found
[2604/2807] 'INFO350 - Virginia Commonwealth University': no slides found
[2605/2807] 'INFO355 - Drexel University': no slides found
[2606/2807] 'INFO361 - Virginia Commonwealth University': no slides found
[2607/2807] 'INFO364 - Virginia Commonwealth University': SAVED 5 slide links via appended -> https://business.vcu.edu/media/school-of-business/advising/lectures.html
[2608/2807] 'INFO365 - Drexel University': SAVED 15 slide links via direct -> https://cci.drexel.edu/faculty/thu/Teaching/INFO365/info365.htm
[2609/2807] 'INFO370 - Virginia Commonwealth University': no slides found
[2610/2807] 'INFO405 - Drexel University': no slides found
[2611/2807] 'INFO4200 - Cornell University': no slides found
[2612/2807] 'INFO4940 - Cornell University': SAVED 2 slide links via direct -> https://info4940.infosci.cornell.edu/slides/01-welcome-info4940.html
[2613/2807] 'INFO505 - Binghamton University': no slides found
[2614/2807] 'INFO605 - Drexel University': no slides found
[2615/2807] 'INFO651 - Pratt Institute': SAVED 15 slide links via direct -> https://hadro.github.io/info654fa21/syllabus/
[2616/2807] 'INFO680 - Xavier University': no slides found
[2617/2807] 'INFOI201 - Indiana University Bloomington': SAVED 1 slide links via appended -> https://academics.iu.edu/courses/bloomington/lectures.html
[2618/2807] 'INT5 - University of California, Santa Barbara': SAVED 1 slide links via direct -> https://ucsb-int5.github.io/f19/
[2619/2807] 'INT84BL - University of California, Santa Barbara': no slides found
[2620/2807] 'IOOP101 - Rowan University': no slides found
[2621/2807] 'IS130 - Marist College': no slides found
[2622/2807] 'IS208 - DePaul University': no slides found
[2623/2807] 'IS373 - DePaul University': no slides found
[2624/2807] 'IS400 - Clarkson University': no slides found
[2625/2807] 'IS437 - Clarkson University': SAVED 14 slide links via direct -> https://webspace.clarkson.edu/projects/crcd/public_html/me437/downloads.html
[2626/2807] 'IS468 - DePaul University': no slides found
[2627/2807] 'IS601 - New Jersey Institute of Technology': SAVED 2 slide links via appended -> https://informatics.njit.edu/sites/informatics/files/lectures.html
[2628/2807] 'IS629 - Pace University': no slides found
[2629/2807] 'IS638 - Pace University': no slides found
[2630/2807] 'IS6493 - University of Utah': no slides found
[2631/2807] 'ISAT152 - James Madison University': no slides found
[2632/2807] 'ISAT241 - James Madison University': no slides found
[2633/2807] 'ISAT242 - James Madison University': no slides found
[2634/2807] 'ISAT252 - James Madison University': no slides found
[2635/2807] 'ISAT340 - James Madison University': no slides found
[2636/2807] 'ISDS1102 - Louisiana State University': no slides found
[2637/2807] 'ISDS2000 - Louisiana State University': no slides found
[2638/2807] 'ISDS3110 - Louisiana State University': no slides found
[2639/2807] 'ISDS3115 - Louisiana State University': no slides found
[2640/2807] 'ISDS4113 - Louisiana State University': no slides found
[2641/2807] 'ISE316 - Stony Brook University': SAVED 1 slide links via followed -> https://www.cs.stonybrook.edu/students/student-resources
[2642/2807] 'ISM3053 - Florida Gulf Coast University': SAVED 3 slide links via followed -> https://gulfcoast.edu/about-gcsc/administrative-offices/human-resources/title-ix.html
[2643/2807] 'ISM3230 - Florida Gulf Coast University': no slides found
[2644/2807] 'ISM4332 - Florida Gulf Coast University': SAVED 3 slide links via followed -> https://gulfcoast.edu/about-gcsc/administrative-offices/human-resources/title-ix.html
[2645/2807] 'ISOM130 - Suffolk University': no slides found
[2646/2807] 'ISP103 - DePaul University': no slides found
[2647/2807] 'IST203 - Cleveland State University': no slides found
[2648/2807] 'IT101H - Bentley University': SAVED 2 slide links via followed -> https://www.bentley.edu/offices/registrar/semesterdates
[2649/2807] 'IT101X - Bentley University': SAVED 2 slide links via appended -> https://cissandbox.bentley.edu/sandbox/index.php/category/it101/lectures.html
[2650/2807] 'IT1090C - University of Cincinnati': SAVED 1 slide links via direct -> https://www.onestop.uc.edu/registration/class-offerings.html
[2651/2807] 'IT123 - DePaul University': no slides found
[2652/2807] 'IT130 - DePaul University': no slides found
[2653/2807] 'IT168 - Illinois State University': no slides found
[2654/2807] 'IT2020 - University of Cincinnati': no slides found
[2655/2807] 'IT2021 - University of Cincinnati': no slides found
[2656/2807] 'IT230 - DePaul University': no slides found
[2657/2807] 'IT238 - DePaul University': SAVED 11 slide links via direct -> https://facsrv.cdm.depaul.edu/~cmiller/it238/
[2658/2807] 'IT279 - Illinois State University': SAVED 1 slide links via appended -> https://coursefinder.illinoisstate.edu/it/279/lectures.html
[2659/2807] 'IT327 - Illinois State University': SAVED 1 slide links via appended -> https://coursefinder.illinoisstate.edu/it/327/lectures.html
[2660/2807] 'IT375 - Illinois State University': no slides found
[2661/2807] 'IT376 - Illinois State University': no slides found
[2662/2807] 'IT377 - Illinois State University': SAVED 1 slide links via appended -> https://coursefinder.illinoisstate.edu/it/377/lectures.html
[2663/2807] 'IT402 - Purdue University': no slides found
[2664/2807] 'ITC235 - Missouri State University': no slides found
[2665/2807] 'ITC341 - Central Michigan University': no slides found
[2666/2807] 'ITC429 - Missouri State University': no slides found
[2667/2807] 'ITC466 - Central Michigan University': SAVED 1 slide links via followed -> https://www.cmich.edu/offices-departments/curriculum-instructional-support/select-or-develop-materials-and-tools/graphics-slides-and-posters
[2668/2807] 'ITCS1212 - University of North Carolina at Charlotte': no slides found
[2669/2807] 'ITCS1213 - University of North Carolina at Charlotte': no slides found
[2670/2807] 'ITCS2214 - University of North Carolina at Charlotte': no slides found
[2671/2807] 'ITCS2600 - University of North Carolina at Charlotte': no slides found
[2672/2807] 'ITCS3120 - University of North Carolina at Charlotte': SAVED 18 slide links via direct -> https://viscenter.charlotte.edu/about-the-viscenter/courses/itcs-3120-introduction-to-interactive-computer-graphics-fall/
[2673/2807] 'ITCS3145 - University of North Carolina at Charlotte': no slides found
[2674/2807] 'ITCS3146 - University of North Carolina at Charlotte': no slides found
[2675/2807] 'ITCS3160 - University of North Carolina at Charlotte': no slides found
[2676/2807] 'ITCS3190 - University of North Carolina at Charlotte': no slides found
[2677/2807] 'ITCS4120 - University of North Carolina at Charlotte': no slides found
[2678/2807] 'ITCS4156 - University of North Carolina at Charlotte': SAVED 17 slide links via reduced -> https://webpages.charlotte.edu/rbunescu/courses/itcs4156/
[2679/2807] 'ITCS5356 - University of North Carolina at Charlotte': SAVED 6 slide links via reduced -> https://webpages.charlotte.edu/rbunescu/courses/itcs5356/
[2680/2807] 'ITCS6114 - University of North Carolina at Charlotte': no slides found
[2681/2807] 'ITEC233 - University of South Carolina': no slides found
[2682/2807] 'ITEC250 - Towson University': SAVED 1 slide links via followed -> https://www.towson.edu/academics/resources/procedures.html
[2683/2807] 'ITEC274 - Towson University': SAVED 16 slide links via direct -> https://tigerweb.towson.edu/hilberg/itec274.htm
[2684/2807] 'ITEC345 - Towson University': SAVED 4 slide links via direct -> https://sites.radford.edu/~itec345/2014fall-ibarland/Lectures/
[2685/2807] 'ITEC447 - University of South Carolina': no slides found
[2686/2807] 'ITI1120 - University of Ottawa': SAVED 4 slide links via appended -> https://www.site.uottawa.ca/~mseha092/ITI1120/notes/
[2687/2807] 'ITIS2300 - University of North Carolina at Charlotte': no slides found
[2688/2807] 'ITIS3135 - University of North Carolina at Charlotte': no slides found
[2689/2807] 'ITIS4166 - University of North Carolina at Charlotte': no slides found
[2690/2807] 'ITIS4350 - University of North Carolina at Charlotte': no slides found
[2691/2807] 'ITIS5166 - University of North Carolina at Charlotte': no slides found
[2692/2807] 'ITK168 - Illinois State University': SAVED 1 slide links via appended -> https://coursefinder.illinoisstate.edu/it/168/lectures.html
[2693/2807] 'ITK254 - Illinois State University': SAVED 1 slide links via appended -> https://coursefinder.illinoisstate.edu/it/254/lectures.html
[2694/2807] 'ITK279 - Illinois State University': SAVED 1 slide links via appended -> https://coursefinder.illinoisstate.edu/it/279/lectures.html
[2695/2807] 'ITK375 - Illinois State University': no slides found
[2696/2807] 'ITK377 - Illinois State University': no slides found
[2697/2807] 'ITS170 - Purdue University': no slides found
[2698/2807] 'ITSC1212 - University of North Carolina at Charlotte': no slides found
[2699/2807] 'ITSC1213 - University of North Carolina at Charlotte': no slides found
[2700/2807] 'ITSC1600 - University of North Carolina at Charlotte': no slides found
[2701/2807] 'ITSC2181 - University of North Carolina at Charlotte': no slides found
[2702/2807] 'ITSC2214 - University of North Carolina at Charlotte': no slides found
[2703/2807] 'ITSC2600 - University of North Carolina at Charlotte': no slides found
[2704/2807] 'ITSC3155 - University of North Carolina at Charlotte': no slides found
[2705/2807] 'ITSC3181 - University of North Carolina at Charlotte': SAVED 1 slide links via direct -> https://passlab.github.io/ITSC3181/
[2706/2807] 'ITSS3312 - University of Texas at Dallas': no slides found
[2707/2807] 'ITSY1300 - Purdue University': SAVED 3 slide links via appended -> https://www.midland.edu/about/media/documents/syllabi/information-technology/lectures.html
[2708/2807] 'LIS102 - University of Wisconsin-Madison': no slides found
[2709/2807] 'LIS440 - University of Wisconsin-Madison': no slides found
[2710/2807] 'LSP110 - DePaul University': SAVED 1 slide links via followed -> http://facweb.cs.depaul.edu/mobasher/classes/lsp110/schedule/schedule.html
[2711/2807] 'LSP121 - DePaul University': no slides found
[2712/2807] 'MACA101 - Simon Fraser University': no slides found
[2713/2807] 'MACM101 - Simon Fraser University': SAVED 1 slide links via appended -> https://www.sfu.ca/students/calendar/courses/macm/lectures.html
[2714/2807] 'MACM201 - Simon Fraser University': SAVED 1 slide links via appended -> https://www.cecm.sfu.ca/personal/mmonagan/teaching/MACM201/lectures.html
[2715/2807] 'MACM316 - Simon Fraser University': no slides found
[2716/2807] 'MAT1020 - SUNY Purchase': no slides found
[2717/2807] 'MAT1520 - SUNY Purchase': no slides found
[2718/2807] 'MAT375 - John Jay College of Criminal Justice': no slides found
[2719/2807] 'MATH0012 - Seton Hall University': no slides found
[2720/2807] 'MATH153 - Manhattan College': no slides found
[2721/2807] 'MATH2112 - Dalhousie University': no slides found
[2722/2807] 'MATH2471 - Texas State University': no slides found
[2723/2807] 'MCIT592 - University of Pennsylvania': SAVED 1 slide links via appended -> https://mosa.seas.upenn.edu/cit-592/lectures.html
[2724/2807] 'METCS682 - Boston University': SAVED 2 slide links via appended -> https://courses.umb.edu/course_catalog/course_info/grd_cs_2025%20Fall_682/lectures.html
[2725/2807] 'METCS779 - Boston University': SAVED 2 slide links via appended -> https://www.bu.edu/riscs/metcs779/lectures.html
[2726/2807] 'MG210 - Quinnipiac University': no slides found
[2727/2807] 'MG321 - Quinnipiac University': no slides found
[2728/2807] 'MG335 - Quinnipiac University': no slides found
[2729/2807] 'MGCR331 - McGill University': SAVED 1 slide links via appended -> https://www.mcgill.ca/study/2024-2025/courses/mgcr-331/lectures.html
[2730/2807] 'MIS02234 - Rowan University': no slides found
[2731/2807] 'MIS02322 - Rowan University': no slides found
[2732/2807] 'MIS101 - California State University, Sacramento': no slides found
[2733/2807] 'MIS1305 - Baylor University': SAVED 5 slide links via direct -> https://business.baylor.edu/gina_green/teaching/mis1305/summ15/summ15_mis1305_schedule.html
[2734/2807] 'MIS3013 - University of Oklahoma': no slides found
[2735/2807] 'MIS3553 - University of Oklahoma': no slides found
[2736/2807] 'MIS3635 - Babson College': no slides found
[2737/2807] 'MIS3690 - Babson College': no slides found
[2738/2807] 'MIS370 - North Dakota State University': no slides found
[2739/2807] 'MIS601 - Le Moyne College': no slides found
[2740/2807] 'MISC371 - Eastern Washington University': no slides found
[2741/2807] 'MKT327 - University of Maine': no slides found
[2742/2807] 'MKTG4600 - University of Utah': no slides found
[2743/2807] 'ML09 - Stanford University': SAVED 24 slide links via direct -> https://ee104.stanford.edu/lectures.html
[2744/2807] 'ML10601 - Carnegie Mellon University': SAVED 58 slide links via direct -> https://www.cs.cmu.edu/~mgormley/courses/10601-s25/schedule.html
[2745/2807] 'MSC203 - University of Miami': no slides found
[2746/2807] 'MSCS6050 - Marquette University': no slides found
[2747/2807] 'MSE402 - Simon Fraser University': SAVED 1 slide links via appended -> https://www.sfu.ca/students/calendar/2026/summer/courses/mse/lectures.html
[2748/2807] 'MSIS2013 - Oklahoma State University': no slides found
[2749/2807] 'MSIS2203 - Oklahoma State University': no slides found
[2750/2807] 'MTH366 - Creighton University': no slides found
[2751/2807] 'N200 - Indiana University-Purdue University Indianapolis': no slides found
[2752/2807] 'NSSA220 - Rochester Institute of Technology': no slides found
[2753/2807] 'OIM3690 - Babson College': no slides found
[2754/2807] 'OPR3300 - Baruch College': no slides found
[2755/2807] 'ORGN4020 - University of Colorado Boulder': no slides found
[2756/2807] 'RAIK183H - University of Nebraska-Lincoln': no slides found
[2757/2807] 'S202 - Indiana University Bloomington': no slides found
[2758/2807] 'SCDV110 - Siena College': SAVED 1 slide links via followed -> https://www.siena.edu/offices/academics/academic-forms/
[2759/2807] 'SCED480 - Western Washington University': SAVED 2 slide links via appended -> https://smate.wwu.edu/sites/smate.wwu.edu/files/2024-09/lectures.html
[2760/2807] 'SE1 - University of California, San Diego': SAVED 2 slide links via appended -> https://discover.ucsd.edu/courses/lectures.html
[2761/2807] 'SE101A - University of California, San Diego': SAVED 2 slide links via direct -> https://github.com/raman08/Coursera-Data-Structure-And-Algorithms-by-University-of-California-San-Diego
[2762/2807] 'SE101B - University of California, San Diego': no slides found
[2763/2807] 'SE101C - University of California, San Diego': no slides found
[2764/2807] 'SE103 - University of California, San Diego': no slides found
[2765/2807] 'SE110A - University of California, San Diego': no slides found
[2766/2807] 'SE110B - University of California, San Diego': no slides found
[2767/2807] 'SE115 - University of California, San Diego': no slides found
[2768/2807] 'SE130A - University of California, San Diego': no slides found
[2769/2807] 'SE150 - University of California, San Diego': no slides found
[2770/2807] 'SE160 - University of California, San Diego': SAVED 19 slide links via reduced -> https://cseweb.ucsd.edu/classes/wi16/cse160-a/static/
[2771/2807] 'SE160A - University of California, San Diego': no slides found
[2772/2807] 'SE181 - Drexel University': no slides found
[2773/2807] 'SE2340 - University of Texas at Dallas': no slides found
[2774/2807] 'SE240 - University of Waterloo': SAVED 12 slide links via direct -> https://student.cs.uwaterloo.ca/~cs240/f25/lectures.phtml
[2775/2807] 'SE2DM3 - McMaster University': no slides found
[2776/2807] 'SE3 - University of California, San Diego': SAVED 2 slide links via direct -> https://github.com/raman08/Coursera-Data-Structure-And-Algorithms-by-University-of-California-San-Diego
[2777/2807] 'SE310 - Drexel University': SAVED 1 slide links via direct -> https://www.cs.drexel.edu/~yfcai/se310.html
[2778/2807] 'SE3340 - University of Texas at Dallas': no slides found
[2779/2807] 'SE3341 - University of Texas at Dallas': no slides found
[2780/2807] 'SE3354 - University of Texas at Dallas': no slides found
[2781/2807] 'SE359 - DePaul University': no slides found
[2782/2807] 'SE433 - DePaul University': no slides found
[2783/2807] 'SE441 - DePaul University': no slides found
[2784/2807] 'SE456 - DePaul University': no slides found
[2785/2807] 'SE575 - Drexel University': no slides found
[2786/2807] 'SEC270 - John Jay College of Criminal Justice': no slides found
[2787/2807] 'SEG3101 - University of Ottawa': SAVED 20 slide links via direct -> https://site.uottawa.ca/~bochmann/SEG3101/Notes/
[2788/2807] 'SEG3125 - University of Ottawa': no slides found
[2789/2807] 'SEG3525 - University of Ottawa': no slides found
[2790/2807] 'SENG265 - University of Victoria': no slides found
[2791/2807] 'SENG330 - University of Victoria': SAVED 1 slide links via direct -> https://github.com/SENG330/course/tree/master/lectures
[2792/2807] 'SENG401 - University of Victoria': no slides found
[2793/2807] 'SENG474 - University of Victoria': no slides found
[2794/2807] 'SFWR2DA4 - McMaster University': no slides found
[2795/2807] 'SFWR2DM3 - McMaster University': no slides found
[2796/2807] 'SFWR3BB4 - McMaster University': no slides found
[2797/2807] 'SOEN6461 - Concordia University': SAVED 94 slide links via reduced -> https://users.encs.concordia.ca/~gregb/home/PDF/
[2798/2807] 'STAT2000 - Baruch College': no slides found
[2799/2807] 'SWE3313 - Kennesaw State University': SAVED 7 slide links via direct -> https://jeff-adkisson.github.io/swe-3313-fall-2025/project/details-final-presentation.html
[2800/2807] 'SWE3643 - Kennesaw State University': no slides found
[2801/2807] 'SWEG5360 - Fairfield University': SAVED 2 slide links via direct -> https://github.com/Fairfield-University-BA505/week-9-anthonypellegrino/blob/master/Lecture08-Pandas_data_structure_and_ploting.slides.html
[2802/2807] 'SWEN123 - Rochester Institute of Technology': no slides found
[2803/2807] 'SWEN262 - Rochester Institute of Technology': no slides found
[2804/2807] 'SYSC2004 - Carleton University': no slides found
[2805/2807] 'SYSC2006 - Carleton University': no slides found
[2806/2807] 'VSB1000 - Villanova University': no slides found
[2807/2807] 'W4118 - Columbia University': SAVED 5 slide links via followed -> http://www.cs.columbia.edu/~nieh/teaching/w4118/lectures

done; saved 1123 this run; 1126 courses with slide links in ccr_course_slides.db
