[Sun Jul  5 18:03:52 UTC 2026] waiting for search engines to recover...
results=0 academic=0 unresponsive=[['brave', 'Suspended: too many requests'], ['duckduckgo', 'CAPTCHA'], ['startpage', 'Suspended: CAPTCHA']]
[Sun Jul  5 18:03:52 UTC 2026] still rate-limited; sleeping 15m
[Sun Jul  5 18:20:40 UTC 2026] waiting for search engines to recover...
[Sun Jul  5 18:20:40 UTC 2026] search API key set (Tavily/SerpAPI) -> using API, no wait needed
[Sun Jul  5 18:20:40 UTC 2026] engines healthy -> refreshing CS/ECE rows
cleared 1672 non-gold cs/ece rows for fresh live search
[Sun Jul  5 18:20:40 UTC 2026] starting live CS/ECE labeller (--no-cache)
3088 slide-rich courses (>= 4 ratings) [cs:2810, ece:278]; gold: 231 adopted, 425 no-slides (0 dropped); 5193 labelled; 0 cached + 2432 live to do
search backends: tavily (keyed API; scrapers disabled)
[1/2432] 'CSC280 - American University' (live): SAVED top 1 -> https://www.facebook.com/currentlibrary/posts/csc-280-answers-to-practical-workbook-introduction-to-computer-programming-moder/1176920399176935
[2/2432] 'CIS235 - Arizona State University': no usable link (live)
[3/2432] 'CIS236 - Arizona State University' (live): SAVED top 1 -> https://provost.asu.edu/sites/g/files/litvpz671/files/gsc/1681/cis_236_cs_mr_revised.pdf
[4/2432] 'CIS340 - Arizona State University' (live): SAVED top 1 -> http://www.hmrc.gov.uk/gds/cisr/attachments/cis340.pdf
[5/2432] 'CIS425 - Arizona State University': no usable link (live)
[6/2432] 'CIS446 - Arizona State University': no usable link (live)
[7/2432] 'CSE110 - Arizona State University' (live): SAVED top 1 -> https://courses.ea.asu.edu/principles-of-programming-cse-110
[8/2432] 'CSE230 - Arizona State University': no usable link (live)
[9/2432] 'CSE412 - Arizona State University' (live): SAVED top 1 -> https://asu.uloop.com/course-notes/3367-CSE/517544-CSE-412-Database-Management
[10/2432] 'CSE430 - Arizona State University': no usable link (live)
[11/2432] 'CSE546 - Arizona State University': no usable link (live)
[12/2432] 'CSE563 - Arizona State University' (live): SAVED top 1 -> https://speakerdeck.com/javiergs/cse563-lecture-01
[13/2432] 'CSE564 - Arizona State University' (live): SAVED top 1 -> https://speakerdeck.com/javiergs/cse564-lecture-01
[14/2432] 'CSE565 - Arizona State University' (live): SAVED top 1 -> https://asu.uloop.com/course-notes/3367-CSE/639148-CSE-565-Software-Verification-Validation-And-Testing
[15/2432] 'CSE575 - Arizona State University': no usable link (live)
[16/2432] 'CSE578 - Arizona State University': no usable link (live)
[17/2432] 'CSE579 - Arizona State University': no usable link (live)
[18/2432] 'ECE100 - Arizona State University': no usable link (live)
[19/2432] 'ECE203 - Arizona State University' (live): SAVED top 1 -> https://willowelectronics.com/ece-203-electric-circuits-and-systems-laboratory
[20/2432] 'ECE352 - Arizona State University' (live): SAVED top 1 -> https://ece.engineering.arizona.edu/undergrad-programs/courses/ECE352
[21/2432] 'EEE120 - Arizona State University' (live): SAVED top 1 -> https://github.com/msp430launchpad/EEE120
[22/2432] 'EEE241 - Arizona State University' (live): SAVED top 1 -> https://asu.uloop.com/course-notes/1613-EEE/239951-EEE-241-EEE
[23/2432] 'EEE304 - Arizona State University': no usable link (live)
[24/2432] 'EEE334 - Arizona State University': no usable link (live)
[25/2432] 'EEE335 - Arizona State University' (live): SAVED top 1 -> https://asu.uloop.com/course-notes/1613-EEE/609565-EEE-335-ANALOG-AND-DIGITAL-CIRCUITS
[26/2432] 'EEE350 - Arizona State University' (live): SAVED top 1 -> https://asu.uloop.com/course-notes/1613-EEE/240227-EEE-350-Random-Signal-Analysis
[27/2432] 'EEE352 - Arizona State University': no usable link (live)
[28/2432] 'EEE419 - Arizona State University': no usable link (live)
[29/2432] 'EEE423 - Arizona State University': no usable link (live)
[30/2432] 'EEE425 - Arizona State University' (live): SAVED top 1 -> https://asu.uloop.com/course-notes/1613-EEE/822860-EEE-425
[31/2432] 'EEE436 - Arizona State University' (live): SAVED top 1 -> https://asu.uloop.com/course-notes/1613-EEE/639174-EEE-436
[32/2432] 'EEE455 - Arizona State University': no usable link (live)
[33/2432] 'EEE498 - Arizona State University' (live): SAVED top 1 -> https://ecee.engineering.asu.edu/wp-content/uploads/sites/40/2024/03/EEE498-Manufacturing-Science-of-Solar-Cells93.docx
[34/2432] 'EEE525 - Arizona State University' (live): SAVED top 1 -> https://asu.uloop.com/course-notes/1613-EEE/4977530-EEE-525-VLSI-Design
[35/2432] 'EEE552 - Arizona State University': no usable link (live)
[36/2432] 'EEE554 - Arizona State University' (live): SAVED top 1 -> https://ecee.engineering.asu.edu/wp-content/uploads/sites/40/2019/08/Course-Topics-for-EEE-554.docx
[Sun Jul  5 18:22:45 UTC 2026] waiting for search engines to recover...
[Sun Jul  5 18:22:45 UTC 2026] search API key set (Tavily/SerpAPI) -> using API, no wait needed
[Sun Jul  5 18:22:45 UTC 2026] engines healthy -> refreshing CS/ECE rows
cleared 19 non-gold cs/ece rows for fresh live search
[Sun Jul  5 18:22:45 UTC 2026] starting live CS/ECE labeller (--no-cache)
3088 slide-rich courses (>= 4 ratings) [cs:2810, ece:278]; gold: 231 adopted, 425 no-slides (0 dropped); 5193 labelled; 0 cached + 2432 live to do
search backends: tavily, serpapi (keyed API; scrapers disabled)
[1/2432] 'CSC280 - American University' (live): SAVED top 1 -> https://www.facebook.com/currentlibrary/posts/csc-280-answers-to-practical-workbook-introduction-to-computer-programming-moder/1176920399176935
[2/2432] 'CIS235 - Arizona State University': no usable link (live)
[3/2432] 'CIS236 - Arizona State University' (live): SAVED top 1 -> https://provost.asu.edu/sites/g/files/litvpz671/files/gsc/1681/cis_236_cs_mr_revised.pdf
[4/2432] 'CIS340 - Arizona State University' (live): SAVED top 1 -> http://www.hmrc.gov.uk/gds/cisr/attachments/cis340.pdf
[5/2432] 'CIS425 - Arizona State University': no usable link (live)
[6/2432] 'CIS446 - Arizona State University': no usable link (live)
[7/2432] 'CSE110 - Arizona State University' (live): SAVED top 1 -> https://courses.ea.asu.edu/principles-of-programming-cse-110
[8/2432] 'CSE230 - Arizona State University': no usable link (live)
[9/2432] 'CSE412 - Arizona State University' (live): SAVED top 1 -> https://asu.uloop.com/course-notes/3367-CSE/517544-CSE-412-Database-Management
[10/2432] 'CSE430 - Arizona State University': no usable link (live)
[11/2432] 'CSE546 - Arizona State University': no usable link (live)
[12/2432] 'CSE563 - Arizona State University' (live): SAVED top 1 -> https://speakerdeck.com/javiergs/cse563-lecture-01
[13/2432] 'CSE564 - Arizona State University' (live): SAVED top 1 -> https://speakerdeck.com/javiergs/cse564-lecture-01
[14/2432] 'CSE565 - Arizona State University' (live): SAVED top 1 -> https://asu.uloop.com/course-notes/3367-CSE/639148-CSE-565-Software-Verification-Validation-And-Testing
[15/2432] 'CSE575 - Arizona State University': no usable link (live)
[16/2432] 'CSE578 - Arizona State University': no usable link (live)
[17/2432] 'CSE579 - Arizona State University': no usable link (live)
[18/2432] 'ECE100 - Arizona State University': no usable link (live)
[19/2432] 'ECE203 - Arizona State University' (live): SAVED top 1 -> https://willowelectronics.com/ece-203-electric-circuits-and-systems-laboratory
[20/2432] 'ECE352 - Arizona State University' (live): SAVED top 1 -> https://ece.engineering.arizona.edu/undergrad-programs/courses/ECE352
[21/2432] 'EEE120 - Arizona State University' (live): SAVED top 1 -> https://github.com/msp430launchpad/EEE120
[22/2432] 'EEE241 - Arizona State University' (live): SAVED top 1 -> https://asu.uloop.com/course-notes/1613-EEE/239951-EEE-241-EEE
[23/2432] 'EEE304 - Arizona State University': no usable link (live)
[24/2432] 'EEE334 - Arizona State University': no usable link (live)
[25/2432] 'EEE335 - Arizona State University' (live): SAVED top 1 -> https://asu.uloop.com/course-notes/1613-EEE/609565-EEE-335-ANALOG-AND-DIGITAL-CIRCUITS
[26/2432] 'EEE350 - Arizona State University' (live): SAVED top 1 -> https://asu.uloop.com/course-notes/1613-EEE/240227-EEE-350-Random-Signal-Analysis
[Sun Jul  5 18:25:34 UTC 2026] waiting for search engines to recover...
[Sun Jul  5 18:25:34 UTC 2026] search API key set (Tavily/SerpAPI) -> using API, no wait needed
[Sun Jul  5 18:25:34 UTC 2026] engines healthy -> refreshing CS/ECE rows
cleared 14 non-gold cs/ece rows for fresh live search
[Sun Jul  5 18:25:34 UTC 2026] starting live CS/ECE labeller (--no-cache)
3088 slide-rich courses (>= 4 ratings) [cs:2810, ece:278]; gold: 231 adopted, 425 no-slides (0 dropped); 5193 labelled; 0 cached + 2432 live to do
search backends: tavily, serpapi (keyed API; scrapers disabled)
[1/2432] 'CSC280 - American University': no usable link (live)
[2/2432] 'CIS235 - Arizona State University': no usable link (live)
[3/2432] 'CIS236 - Arizona State University' (live): SAVED top 1 -> https://provost.asu.edu/sites/g/files/litvpz671/files/gsc/1681/cis_236_cs_mr_revised.pdf
[4/2432] 'CIS340 - Arizona State University' (live): SAVED top 1 -> http://www.hmrc.gov.uk/gds/cisr/attachments/cis340.pdf
[5/2432] 'CIS425 - Arizona State University': no usable link (live)
[6/2432] 'CIS446 - Arizona State University': no usable link (live)
[7/2432] 'CSE110 - Arizona State University' (live): SAVED top 1 -> https://courses.ea.asu.edu/principles-of-programming-cse-110
[8/2432] 'CSE230 - Arizona State University': no usable link (live)
[9/2432] 'CSE412 - Arizona State University' (live): SAVED top 1 -> https://asu.uloop.com/course-notes/3367-CSE/517544-CSE-412-Database-Management
[10/2432] 'CSE430 - Arizona State University': no usable link (live)
[11/2432] 'CSE546 - Arizona State University': no usable link (live)
[12/2432] 'CSE563 - Arizona State University' (live): SAVED top 1 -> https://speakerdeck.com/javiergs/cse563-lecture-01
[13/2432] 'CSE564 - Arizona State University' (live): SAVED top 1 -> https://speakerdeck.com/javiergs/cse564-lecture-01
[14/2432] 'CSE565 - Arizona State University' (live): SAVED top 1 -> https://asu.uloop.com/course-notes/3367-CSE/639148-CSE-565-Software-Verification-Validation-And-Testing
[15/2432] 'CSE575 - Arizona State University': no usable link (live)
[16/2432] 'CSE578 - Arizona State University': no usable link (live)
[17/2432] 'CSE579 - Arizona State University': no usable link (live)
[18/2432] 'ECE100 - Arizona State University': no usable link (live)
[19/2432] 'ECE203 - Arizona State University' (live): SAVED top 1 -> https://willowelectronics.com/ece-203-electric-circuits-and-systems-laboratory
[20/2432] 'ECE352 - Arizona State University' (live): SAVED top 1 -> https://ece.engineering.arizona.edu/undergrad-programs/courses/ECE352
[21/2432] 'EEE120 - Arizona State University' (live): SAVED top 1 -> https://github.com/msp430launchpad/EEE120
[22/2432] 'EEE241 - Arizona State University' (live): SAVED top 1 -> https://asu.uloop.com/course-notes/1613-EEE/239951-EEE-241-EEE
[23/2432] 'EEE304 - Arizona State University': no usable link (live)
[24/2432] 'EEE334 - Arizona State University': no usable link (live)
[25/2432] 'EEE335 - Arizona State University' (live): SAVED top 1 -> https://asu.uloop.com/course-notes/1613-EEE/609565-EEE-335-ANALOG-AND-DIGITAL-CIRCUITS
[26/2432] 'EEE350 - Arizona State University' (live): SAVED top 1 -> https://asu.uloop.com/course-notes/1613-EEE/240227-EEE-350-Random-Signal-Analysis
[27/2432] 'EEE352 - Arizona State University': no usable link (live)
[28/2432] 'EEE419 - Arizona State University': no usable link (live)
[29/2432] 'EEE423 - Arizona State University': no usable link (live)
[30/2432] 'EEE425 - Arizona State University' (live): SAVED top 1 -> https://asu.uloop.com/course-notes/1613-EEE/822860-EEE-425
[31/2432] 'EEE436 - Arizona State University' (live): SAVED top 1 -> https://asu.uloop.com/course-notes/1613-EEE/639174-EEE-436
[32/2432] 'EEE455 - Arizona State University': no usable link (live)
[33/2432] 'EEE498 - Arizona State University' (live): SAVED top 1 -> https://ecee.engineering.asu.edu/wp-content/uploads/sites/40/2024/03/EEE498-Manufacturing-Science-of-Solar-Cells93.docx
[34/2432] 'EEE525 - Arizona State University' (live): SAVED top 1 -> https://asu.uloop.com/course-notes/1613-EEE/4977530-EEE-525-VLSI-Design
[35/2432] 'EEE552 - Arizona State University': no usable link (live)
[36/2432] 'EEE554 - Arizona State University' (live): SAVED top 1 -> https://ecee.engineering.asu.edu/wp-content/uploads/sites/40/2019/08/Course-Topics-for-EEE-554.docx
[37/2432] 'EEE598 - Arizona State University': no usable link (live)
[38/2432] 'COMP3240 - Auburn University' (live): SAVED top 1 -> https://auburn.uloop.com/course-notes/6644-COMP/1561204-COMP-3240-Discrete-Structures
[39/2432] 'COMP3270 - Auburn University' (live): SAVED top 1 -> https://ler.me/courses/comp-3270-introduction-to-algorithms-019d8e8f-1961-790b-b689-fa79f55f13c3
[40/2432] 'COMP3350 - Auburn University' (live): SAVED top 1 -> https://github.com/wumphlett/COMP-3350
[41/2432] 'COMP3510 - Auburn University': no usable link (live)
[42/2432] 'COMP3700 - Auburn University' (live): SAVED top 1 -> https://github.com/MatthewBentz/Comp3700
[43/2432] 'COMP4200 - Auburn University' (live): SAVED top 1 -> https://www.eng.auburn.edu/~xqin/courses/comp7370/Lec01b.ppt
[44/2432] 'COMP4300 - Auburn University' (live): SAVED top 1 -> https://www.eng.auburn.edu/~xqin/courses/comp4300/index.html
[45/2432] 'COMP4320 - Auburn University' (live): SAVED top 1 -> https://github.com/wumphlett/COMP-4320
[46/2432] 'COMP5120 - Auburn University' (live): SAVED top 1 -> https://github.com/MatthewBentz/COMP5120
[47/2432] 'COMP5130 - Auburn University' (live): SAVED top 1 -> https://github.com/mjayroe01/svm-comp5130-g3
[48/2432] 'COMP5970 - Auburn University': no usable link (live)
[49/2432] 'ELEC2110 - Auburn University' (live): SAVED top 1 -> https://www.eng.auburn.edu/~agrawvd/E6970/LECTURES/lec1.ppt
[50/2432] 'ELEC2200 - Auburn University' (live): SAVED top 1 -> https://www.eng.auburn.edu/~agrawvd/COURSE/E2200_Fall15/LECTURES/lec1_intro.ppt
[51/2432] 'CIS2000 - Baruch College': no usable link (live)
[52/2432] 'CIS9001 - Baruch College' (live): SAVED top 1 -> https://toolkit.baruch.cuny.edu/wp-content/uploads/sites/11/2023/05/BaruchCollegePPT-Template.pptx
[53/2432] 'CIS9002 - Baruch College' (live): SAVED top 1 -> https://toolkit.baruch.cuny.edu/wp-content/uploads/sites/11/2023/05/BaruchCollegePPT-Template.pptx
[54/2432] 'CS305 - Bentley University': no usable link (live)
[55/2432] 'CS105 - Binghamton University' (live): SAVED top 1 -> https://bingdev.binghamton.edu/rhinton/cs105notes.html
[56/2432] 'CS311 - Binghamton University': no usable link (live)
[57/2432] 'CS333 - Binghamton University': no usable link (live)
[58/2432] 'EE107 - Boston University' (live): SAVED top 1 -> https://www.bu.edu/academics/cas/courses/cas-ee-107
[59/2432] 'CIS1115 - Brooklyn College': no usable link (live)
[60/2432] 'CS17 - Brown University' (live): SAVED top 1 -> https://cs.brown.edu/courses/cs017/content/lectures/01welcome-racket.pdf
[61/2432] 'ECEG100 - Bucknell University': no usable link (live)
[62/2432] 'ECEG240 - Bucknell University': no usable link (live)
[63/2432] 'ECEG270 - Bucknell University': no usable link (live)
[64/2432] 'ECEG431 - Bucknell University': no usable link (live)
[65/2432] 'CPE133 - California Polytechnic State University' (live): SAVED top 1 -> https://calpoly.uloop.com/course-notes/2815-CPE/1556821-CPE-133
[66/2432] 'EE212 - California Polytechnic State University' (live): SAVED top 1 -> https://calpoly.uloop.com/course-notes/855-EE/238646-EE-212-ELECTRIC-CIRCUIT-ANALYSIS-III
[67/2432] 'EE242 - California Polytechnic State University': no usable link (live)
[68/2432] 'CS3110 - California State Polytechnic University, Pomona' (live): SAVED top 1 -> https://csupomona.uloop.com/course-notes/965-CS/790179-CS-3110-Formal-Languages-and-Automata
[69/2432] 'ECE1101L - California State Polytechnic University, Pomona': no usable link (live)
[70/2432] 'ECE1310 - California State Polytechnic University, Pomona': no usable link (live)
[71/2432] 'ECE2300L - California State Polytechnic University, Pomona': no usable link (live)
[72/2432] 'ECE3101 - California State Polytechnic University, Pomona' (live): SAVED top 1 -> https://csupomona.uloop.com/course-notes/962-ECE/9431061-ECE-3101-Signals-and-Systems
[73/2432] 'ECE3200 - California State Polytechnic University, Pomona': no usable link (live)
[74/2432] 'ECE3300 - California State Polytechnic University, Pomona' (live): SAVED top 1 -> https://github.com/aseddin/ece_3300
[75/2432] 'ECE3301L - California State Polytechnic University, Pomona' (live): SAVED top 1 -> https://csupomona.uloop.com/course-notes/962-ECE/10564297-ECE-3301L-3301L
[76/2432] 'ECE3709L - California State Polytechnic University, Pomona' (live): SAVED top 1 -> https://csupomona.uloop.com/course-notes/962-ECE/9431010-ECE-3709-Control-Systems
[77/2432] 'ECE3715 - California State Polytechnic University, Pomona' (live): SAVED top 1 -> https://csupomona.uloop.com/course-notes/962-ECE/10607953-ECE-3715-3715
[78/2432] 'ECE4305 - California State Polytechnic University, Pomona' (live): SAVED top 1 -> https://github.com/aseddin/ece_4305
[79/2432] 'GBA6050 - California State Polytechnic University, Pomona': no usable link (live)
[80/2432] 'CINS220 - California State University, Chico': no usable link (live)
[81/2432] 'CINS370 - California State University, Chico': no usable link (live)
[82/2432] 'CINS448 - California State University, Chico': no usable link (live)
[83/2432] 'CINS465 - California State University, Chico' (live): SAVED top 1 -> https://www.bryancdixon.com/fall/2022/cins/465/syllabus
[84/2432] 'CINS548 - California State University, Chico': no usable link (live)
[85/2432] 'CSCI112 - California State University, Chico': no usable link (live)
[86/2432] 'CSCI152 - California State University, Chico': no usable link (live)
[87/2432] 'CSCI15B - California State University, Chico': no usable link (live)
[88/2432] 'CSCI278 - California State University, Chico': no usable link (live)
[89/2432] 'CSCI346 - California State University, Chico': no usable link (live)
[90/2432] 'CSCI446 - California State University, Chico': no usable link (live)
[91/2432] 'CSCI515 - California State University, Chico': no usable link (live)
[92/2432] 'EECE144 - California State University, Chico': no usable link (live)
[93/2432] 'EECE211 - California State University, Chico': no usable link (live)
[94/2432] 'EECE237 - California State University, Chico': no usable link (live)
[95/2432] 'EECE344 - California State University, Chico': no usable link (live)
[96/2432] 'EECE446 - California State University, Chico': no usable link (live)
[97/2432] 'CECS100 - California State University, Long Beach': no usable link (live)
[98/2432] 'CECS174 - California State University, Long Beach': no usable link (live)
[99/2432] 'CECS225 - California State University, Long Beach': no usable link (live)
[100/2432] 'CECS228 - California State University, Long Beach': no usable link (live)
[101/2432] 'CECS229 - California State University, Long Beach': no usable link (live)
[102/2432] 'CECS274 - California State University, Long Beach': no usable link (live)
[103/2432] 'CECS277 - California State University, Long Beach' (live): SAVED top 1 -> https://csulb.edu2.com
[104/2432] 'CECS326 - California State University, Long Beach': no usable link (live)
[105/2432] 'CECS327 - California State University, Long Beach': no usable link (live)
[106/2432] 'CECS328 - California State University, Long Beach' (live): SAVED top 1 -> https://github.com/Peashooter101/CSULB_CECS-328
[107/2432] 'CECS329 - California State University, Long Beach': no usable link (live)
[108/2432] 'CECS343 - California State University, Long Beach': no usable link (live)
[109/2432] 'CECS378 - California State University, Long Beach': no usable link (live)
[110/2432] 'CECS491 - California State University, Long Beach' (live): SAVED top 1 -> https://csu-long-beach.programmapper.ws
[111/2432] 'CECS574 - California State University, Long Beach' (live): SAVED top 1 -> https://csulb.edu2.com
[112/2432] 'EE503 - California State University, Long Beach': no usable link (live)
[113/2432] 'EE545 - California State University, Long Beach': no usable link (live)
[114/2432] 'CIS283 - California State University, Los Angeles': no usable link (live)
[115/2432] 'CIS2830 - California State University, Los Angeles': no usable link (live)
[116/2432] 'CIS3060 - California State University, Los Angeles': no usable link (live)
[117/2432] 'CIS3610 - California State University, Los Angeles': no usable link (live)
[118/2432] 'CIS4100 - California State University, Los Angeles': no usable link (live)
[119/2432] 'CIS4510 - California State University, Los Angeles': no usable link (live)
[120/2432] 'CIS454 - California State University, Los Angeles': no usable link (live)
[121/2432] 'CIS4540 - California State University, Los Angeles': no usable link (live)
[122/2432] 'CIS4580 - California State University, Los Angeles': no usable link (live)
[123/2432] 'CIS484 - California State University, Los Angeles': no usable link (live)
[124/2432] 'CS2148 - California State University, Los Angeles': no usable link (live)
[125/2432] 'CS3337 - California State University, Los Angeles': no usable link (live)
[126/2432] 'CS440 - California State University, Los Angeles': no usable link (live)
[127/2432] 'EE244 - California State University, Los Angeles': no usable link (live)
[128/2432] 'EE2440 - California State University, Los Angeles' (live): SAVED top 1 -> https://calstatela.uloop.com/course-notes/172428-EE/10851630-EE-2440-2440
[129/2432] 'EE3445 - California State University, Los Angeles': no usable link (live)
[130/2432] 'EE449 - California State University, Los Angeles': no usable link (live)
[131/2432] 'CSCI115 - California State University, Northridge' (live): SAVED top 1 -> https://sites.google.com/mail.fresnostate.edu/fresno-state-tutor-prep/computer-science/csci-115
[132/2432] 'CSCI117 - California State University, Northridge': no usable link (live)
[133/2432] 'CSCI126 - California State University, Northridge': no usable link (live)
[134/2432] 'CSCI130 - California State University, Northridge': no usable link (live)
[135/2432] 'CSCI144 - California State University, Northridge': no usable link (live)
[136/2432] 'CSCI156 - California State University, Northridge': no usable link (live)
[137/2432] 'CSCI164 - California State University, Northridge': no usable link (live)
[138/2432] 'CSCI191T - California State University, Northridge': no usable link (live)
[139/2432] 'CSCI40 - California State University, Northridge': no usable link (live)
[140/2432] 'CSCI41 - California State University, Northridge': no usable link (live)
[141/2432] 'CPE64 - California State University, Sacramento': no usable link (live)
[142/2432] 'CSC10 - California State University, Sacramento' (live): SAVED top 1 -> http://devincook.com/csc/10/course.html
[143/2432] 'CSC130 - California State University, Sacramento' (live): SAVED top 1 -> http://devincook.com/csc/130/course.html
[144/2432] 'CSC135 - California State University, Sacramento' (live): SAVED top 1 -> https://github.com/d0n601/CSUS-CSC135
[145/2432] 'CSC138 - California State University, Sacramento' (live): SAVED top 1 -> https://github.com/d0n601/CSUS-CSC138
[146/2432] 'CSC153 - California State University, Sacramento' (live): SAVED top 1 -> https://github.com/d0n601/CSUS-CSC153
[147/2432] 'CSC20 - California State University, Sacramento' (live): SAVED top 1 -> http://devincook.com/csc/20/course.html
[148/2432] 'CSC258 - California State University, Sacramento': no usable link (live)
[149/2432] 'CSC60 - California State University, Sacramento': no usable link (live)
[150/2432] 'ENGR50 - California State University, Sacramento': no usable link (live)
[151/2432] 'MIS101 - California State University, Sacramento': no usable link (live)
[152/2432] 'CS254 - Carleton College': no usable link (live)
[153/2432] 'COMP1805 - Carleton University' (live): SAVED top 1 -> https://outline.scs.carleton.ca/media/2026/W/COMP1805AW2026/COMP-1805-A-W-2026.pdf
[154/2432] 'COMP2804 - Carleton University' (live): SAVED top 1 -> https://outline.scs.carleton.ca/media/2024/W/COMP2804AW2024/COMP-2804-A-W-2024.pdf
[155/2432] 'ECOR1041 - Carleton University' (live): SAVED top 1 -> https://carleton.ca/engineering-design/wp-content/uploads/sites/63/20-21-ELEC.pdf
[156/2432] 'ECOR1042 - Carleton University': no usable link (live)
[157/2432] 'ELEC2507 - Carleton University' (live): SAVED top 1 -> https://carleton.ca/engineering-design/wp-content/uploads/sites/63/20-21-ELEC.pdf
[158/2432] 'ELEC2607 - Carleton University' (live): SAVED top 1 -> https://carleton.ca/engineering-design/wp-content/uploads/sites/63/20-21-ELEC.pdf
[159/2432] 'ELEC3500 - Carleton University' (live): SAVED top 1 -> https://carleton.ca/engineering-design/wp-content/uploads/sites/63/20-21-ELEC.pdf
[160/2432] 'ELEC3509 - Carleton University' (live): SAVED top 1 -> https://carleton.ca/engineering-design/wp-content/uploads/sites/63/20-21-ELEC.pdf
[161/2432] 'ELEC3909 - Carleton University': no usable link (live)
[162/2432] 'ELEC4602 - Carleton University' (live): SAVED top 1 -> https://calendar.carleton.ca/search?P=ELEC+4602
[163/2432] 'ELEC4703 - Carleton University' (live): SAVED top 1 -> https://carleton.simplesyllabus.com
[164/2432] 'ELEC4706 - Carleton University' (live): SAVED top 1 -> https://www3.carleton.ca/calendars/ugrad/0910/courses/ELEC/4706.html
[165/2432] 'ELEC5301 - Carleton University' (live): SAVED top 1 -> https://carleton.ca/engineering-design/wp-content/uploads/sites/63/20-21-ELEC.pdf
[166/2432] 'ELEC5302 - Carleton University' (live): SAVED top 1 -> https://carleton.simplesyllabus.com
[167/2432] 'ELEC5705 - Carleton University': no usable link (live)
[168/2432] 'CS112 - Carnegie Mellon University' (live): SAVED top 1 -> http://16385.courses.cs.cmu.edu/fall2024/lectures
[169/2432] 'CS122 - Carnegie Mellon University' (live): SAVED top 1 -> http://15462.courses.cs.cmu.edu/spring2022/lecture/opt/slide_032
[170/2432] 'CS151 - Carnegie Mellon University': no usable link (live)
[171/2432] 'CS211 - Carnegie Mellon University' (live): SAVED top 1 -> https://15362.courses.cs.cmu.edu/fall2024/lecture/intro/slide_021
[172/2432] 'CS251 - Carnegie Mellon University' (live): SAVED top 1 -> https://www.andrew.cmu.edu/course/15-251/Lectures/lecture01.pdf
[173/2432] 'DATA36200 - Carnegie Mellon University' (live): SAVED top 1 -> https://15462.courses.cs.cmu.edu/fall2021/lecture/spatialdatastructures/slide_012
[174/2432] 'CSDS341 - Case Western Reserve University': no usable link (live)
[175/2432] 'ECSE245 - Case Western Reserve University': no usable link (live)
[176/2432] 'EECS341 - Case Western Reserve University': no usable link (live)
[177/2432] 'CPS181 - Central Michigan University' (live): SAVED top 1 -> http://www.cs.cmu.edu/~ninamf/courses/601sp15/lectures.shtml
[178/2432] 'CPS240 - Central Michigan University': no usable link (live)
[179/2432] 'CPS340 - Central Michigan University': no usable link (live)
[180/2432] 'CPS360 - Central Michigan University': no usable link (live)
[181/2432] 'CPS450 - Central Michigan University': no usable link (live)
[182/2432] 'ITC341 - Central Michigan University': no usable link (live)
[183/2432] 'ITC466 - Central Michigan University': no usable link (live)
[184/2432] 'CPSC353 - Chapman University' (live): SAVED top 1 -> https://www.chapman.edu/students/academic-resources/tutoring-center/_files/tutoring-schedules/cpsc-353.pdf
[185/2432] 'CS530 - Chapman University': no usable link (live)
[186/2432] 'CS046 - Claremont McKenna College': no usable link (live)
[187/2432] 'CS341 - Clarkson University': no usable link (live)
[188/2432] 'CS348 - Clarkson University': no usable link (live)
[189/2432] 'EE221 - Clarkson University': no usable link (live)
[190/2432] 'EE260 - Clarkson University' (live): SAVED top 1 -> https://people.clarkson.edu/~akhondke/ee260_360_sp19.html
[191/2432] 'EE261 - Clarkson University': no usable link (live)
[192/2432] 'EE262 - Clarkson University': no usable link (live)
[193/2432] 'EE264 - Clarkson University' (live): SAVED top 1 -> https://people.clarkson.edu/~akhondke/ee264_sp12.html
[194/2432] 'EE321 - Clarkson University' (live): SAVED top 1 -> https://lin-web.clarkson.edu/~akhondke/ee321_out.html
[195/2432] 'EE331 - Clarkson University': no usable link (live)
[196/2432] 'EE341 - Clarkson University' (live): SAVED top 1 -> https://people.clarkson.edu/~akhondke/EE_341_F2012.html
[197/2432] 'EE361 - Clarkson University' (live): SAVED top 1 -> https://people.clarkson.edu/~fhussain/courses/ee361/sp18/index.html
[198/2432] 'EE365 - Clarkson University': no usable link (live)
[199/2432] 'EE381 - Clarkson University' (live): SAVED top 1 -> https://clarkson.uloop.com/course-notes/4608-EE/787590-EE-381-ELECTROMAGNETIC-FIELDS-amp-WAVES
[200/2432] 'ES250 - Clarkson University': no usable link (live)
[201/2432] 'IS400 - Clarkson University': no usable link (live)
[202/2432] 'IS437 - Clarkson University': no usable link (live)
[203/2432] 'CPSC1020 - Clemson University': no usable link (live)
[204/2432] 'CPSC1060 - Clemson University': no usable link (live)
[205/2432] 'CPSC1070 - Clemson University': no usable link (live)
[206/2432] 'CPSC3600 - Clemson University': no usable link (live)
[207/2432] 'CIS457 - Cleveland State University': no usable link (live)
[208/2432] 'CIS480 - Cleveland State University': no usable link (live)
[209/2432] 'CIS524 - Cleveland State University': no usable link (live)
[210/2432] 'CIS554 - Cleveland State University': no usable link (live)
[211/2432] 'CIS620 - Cleveland State University': no usable link (live)
[212/2432] 'ECE400 - Cleveland State University': no usable link (live)
[213/2432] 'ECE416 - Cleveland State University': no usable link (live)
[214/2432] 'ECE501 - Cleveland State University': no usable link (live)
[215/2432] 'EEC311 - Cleveland State University': no usable link (live)
[216/2432] 'EEC313 - Cleveland State University': no usable link (live)
[217/2432] 'EEC318 - Cleveland State University': no usable link (live)
[218/2432] 'EEC430 - Cleveland State University': no usable link (live)
[219/2432] 'EEC493 - Cleveland State University': no usable link (live)
[220/2432] 'EEC494 - Cleveland State University': no usable link (live)
[221/2432] 'IST203 - Cleveland State University': no usable link (live)
[222/2432] 'CSC211 - College of Staten Island' (live): SAVED top 1 -> http://www.cs.csi.cuny.edu/~gu/teaching/courses/csc211/csc211.html
[223/2432] 'CSC220 - College of Staten Island': no usable link (live)
[224/2432] 'CSC226 - College of Staten Island': no usable link (live)
[225/2432] 'CSC315 - College of Staten Island': no usable link (live)
[226/2432] 'CSC446 - College of Staten Island' (live): SAVED top 1 -> https://csi.textbookx.com
[227/2432] 'CSCI131 - College of the Holy Cross' (live): SAVED top 1 -> https://mathcs.holycross.edu/~csci131
[228/2432] 'DATA201 - College of William & Mary': no usable link (live)
[229/2432] 'DATA202 - College of William & Mary' (live): SAVED top 1 -> https://anwala.github.io/teaching/2024-fall-data-202-01
[230/2432] 'CP115 - Colorado College': no usable link (live)
[231/2432] 'CP116 - Colorado College': no usable link (live)
[232/2432] 'CSCI200 - Colorado School of Mines' (live): SAVED top 1 -> https://cs-courses.mines.edu/csci200
[233/2432] 'CSCI306 - Colorado School of Mines' (live): SAVED top 1 -> https://cs-courses.mines.edu/csci306/index.html
[234/2432] 'CSCI341 - Colorado School of Mines' (live): SAVED top 1 -> https://mines-csci341.github.io/csci341-fall21-syllabus.html
[235/2432] 'EENG281 - Colorado School of Mines': no usable link (live)
[236/2432] 'EENG282 - Colorado School of Mines': no usable link (live)
[237/2432] 'EENG307 - Colorado School of Mines': no usable link (live)
[238/2432] 'EENG311 - Colorado School of Mines': no usable link (live)
[239/2432] 'EENG383 - Colorado School of Mines': no usable link (live)
[240/2432] 'CIS370 - Colorado State University' (live): SAVED top 1 -> https://colostate.uloop.com/course-notes/74316-CIS-Computer-amp-Information-System/15927228-CIS-370-370
[241/2432] 'CS150B - Colorado State University' (live): SAVED top 1 -> https://github.com/CSU-CS150B
[242/2432] 'ECE571 - Colorado State University': no usable link (live)
[243/2432] 'COMSE6998 - Columbia University': no usable link (live)
[244/2432] 'BSTA450 - Concordia University' (live): SAVED top 1 -> https://concordia.courses/course/bsta-450
[245/2432] 'ELEC275 - Concordia University' (live): SAVED top 1 -> http://www.ece.concordia.ca/~pouya/ELEC275/ELEC275.htm
[246/2432] 'ELEC6271 - Concordia University' (live): SAVED top 1 -> https://users.encs.concordia.ca/~mojtaba/ELEC6271.html
[247/2432] 'EE150 - Cooper Union': no usable link (live)
[248/2432] 'COMS100M - Cornell University': no usable link (live)
[249/2432] 'CS100 - Cornell University' (live): SAVED top 1 -> https://courses.cs.cornell.edu/cs100m/2000FA/overview.htm
[250/2432] 'CS100J - Cornell University' (live): SAVED top 1 -> https://courses.cs.cornell.edu/cs100j/2003fa/lecture%20notes/03sep04objects.ppt
[251/2432] 'CS1112 - Cornell University' (live): SAVED top 1 -> https://cornellcswiki.gitlab.io/classes/CS1112.html
[252/2432] 'CS4787 - Cornell University' (live): SAVED top 1 -> https://www.cs.cornell.edu/courses/cs4787/2025fa
[253/2432] 'ECE2300 - Cornell University' (live): SAVED top 1 -> https://www.csl.cornell.edu/courses/ece2300/syllabus.html
[254/2432] 'ECE2720 - Cornell University': no usable link (live)
[255/2432] 'ECE4750 - Cornell University' (live): SAVED top 1 -> https://www.csl.cornell.edu/courses/ece4750/handouts.shtml
[256/2432] 'INFO1300 - Cornell University': no usable link (live)
[257/2432] 'INFO2040 - Cornell University' (live): SAVED top 1 -> https://blogs.cornell.edu/info2040
[258/2432] 'INFO2300 - Cornell University': no usable link (live)
[259/2432] 'INFO3450 - Cornell University': no usable link (live)
[260/2432] 'INFO3460 - Cornell University': no usable link (live)
[261/2432] 'INFO4200 - Cornell University': no usable link (live)
[262/2432] 'CSCI1110 - Dalhousie University': no usable link (live)
[263/2432] 'ECED2000 - Dalhousie University': no usable link (live)
[264/2432] 'ECED2001 - Dalhousie University': no usable link (live)
[265/2432] 'ECED3101 - Dalhousie University': no usable link (live)
[266/2432] 'ECED3300 - Dalhousie University' (live): SAVED top 1 -> https://haydensnotes.com/document/eced-3300-course-notes
[267/2432] 'ECED3301 - Dalhousie University' (live): SAVED top 1 -> https://haydensnotes.com/document/eced-3301-lecture-notes
[268/2432] 'ECED3501 - Dalhousie University': no usable link (live)
[269/2432] 'ECED3901 - Dalhousie University' (live): SAVED top 1 -> https://haydensnotes.com/document/eced-3901-lecture-notes
[270/2432] 'ECED4130 - Dalhousie University': no usable link (live)
[271/2432] 'ECED4502 - Dalhousie University' (live): SAVED top 1 -> https://haydensnotes.com/document/eced-4502-lecture-notes
[272/2432] 'ECED4513 - Dalhousie University' (live): SAVED top 1 -> https://haydensnotes.com/document/eced-4513-lecture-notes
[273/2432] 'ECED4602 - Dalhousie University' (live): SAVED top 1 -> https://haydensnotes.com/document-category/dalhousie-university/faculty-of-engineering/electrical-computer-engineering/dalhousie-electrical-engineering-semester-7/eced-4602
[274/2432] 'INWK6113 - Dalhousie University': no usable link (live)
[275/2432] 'CSC672 - DePaul University': no usable link (live)
[276/2432] 'DSC341 - DePaul University': no usable link (live)
[277/2432] 'DSC425 - DePaul University': no usable link (live)
[278/2432] 'DSC441 - DePaul University': no usable link (live)
[279/2432] 'DSC540 - DePaul University': no usable link (live)
[280/2432] 'DSC578 - DePaul University': no usable link (live)
[281/2432] 'ECT583 - DePaul University': no usable link (live)
[282/2432] 'IS373 - DePaul University' (live): SAVED top 1 -> https://depaul.simplesyllabus.com
[283/2432] 'IS468 - DePaul University': no usable link (live)
[284/2432] 'ISP103 - DePaul University': no usable link (live)
[285/2432] 'IT123 - DePaul University' (live): SAVED top 1 -> https://depaul.simplesyllabus.com
[286/2432] 'IT238 - DePaul University' (live): SAVED top 1 -> https://facweb.cdm.depaul.edu/sjost/it238/notes/index.htm
[287/2432] 'LSP110 - DePaul University': no usable link (live)
[288/2432] 'LSP121 - DePaul University': no usable link (live)
[289/2432] 'SE456 - DePaul University': no usable link (live)
[290/2432] 'COMP130 - Dickinson College' (live): SAVED top 1 -> https://dickinson-comp130-01-fa2023.github.io/comp130-web
[291/2432] 'CS066 - Drake University' (live): SAVED top 1 -> https://analytics.drake.edu/~manley/CS66/Spring2023/syllabus
[292/2432] 'CS083 - Drake University' (live): SAVED top 1 -> https://analytics.drake.edu/~reza/teaching/cs65_fall25/lecture_slides/cs65_lecture1.pdf
[293/2432] 'CS137 - Drake University': no usable link (live)
[294/2432] 'CS178 - Drake University': no usable link (live)
[295/2432] 'CS65 - Drake University' (live): SAVED top 1 -> https://analytics.drake.edu/~reza/teaching/cs65_fall25/cs65_schedule_sec1.html
[296/2432] 'CS66 - Drake University' (live): SAVED top 1 -> https://analytics.drake.edu/~manley/CS66/Spring2023/assignments/exam-2
[297/2432] 'FYS018 - Drake University': no usable link (live)
[298/2432] 'CI103 - Drexel University' (live): SAVED top 1 -> https://www.cs.drexel.edu/~trp74/CI103/index.html
[299/2432] 'CS164 - Drexel University' (live): SAVED top 1 -> https://berkeley-cs164-sp25.github.io/syllabus.html
[300/2432] 'CS260 - Drexel University' (live): SAVED top 1 -> https://boady.net/syllabus/2021_04_cs260.html
[301/2432] 'CS504 - Drexel University' (live): SAVED top 1 -> https://drexel.uloop.com/course-notes/8800-CS-Computer-Science/17096658-CS-504-Introduction-to-Software-Design
[302/2432] 'CS543 - Drexel University' (live): SAVED top 1 -> https://www.cs.drexel.edu/~jjohnson/2012-13/fall/cs543
[303/2432] 'CT312 - Drexel University': no usable link (live)
[304/2432] 'INFO101 - Drexel University': no usable link (live)
[305/2432] 'INFO102 - Drexel University': no usable link (live)
[306/2432] 'INFO151 - Drexel University': no usable link (live)
[307/2432] 'INFO200 - Drexel University': no usable link (live)
[308/2432] 'INFO405 - Drexel University': no usable link (live)
[309/2432] 'INFO605 - Drexel University': no usable link (live)
[310/2432] 'SE181 - Drexel University': no usable link (live)
[311/2432] 'SE575 - Drexel University': no usable link (live)
[312/2432] 'COMP4 - Duke University': no usable link (live)
[313/2432] 'CS201 - Duke University': no usable link (live)
[314/2432] 'CS210 - Duke University': no usable link (live)
[315/2432] 'CS230 - Duke University' (live): SAVED top 1 -> https://github.com/maxim5/cs230-2018-autumn
[316/2432] 'CS290 - Duke University' (live): SAVED top 1 -> https://sites.duke.edu/cs290s25/policies
[317/2432] 'CS6 - Duke University': no usable link (live)
[318/2432] 'CS671 - Duke University': no usable link (live)
[319/2432] 'ECE110L - Duke University' (live): SAVED top 1 -> https://pundit.pratt.duke.edu/wiki/ECE_110/Fall_2014
[320/2432] 'ECE560 - Duke University' (live): SAVED top 1 -> https://people.duke.edu/~tkb13/courses/ece560-2024fa
[321/2432] 'ICS125 - Duke University' (live): SAVED top 1 -> https://duke.simplesyllabus.com
[322/2432] 'CSCI2405 - East Carolina University': no usable link (live)
[323/2432] 'CSCI3010 - East Carolina University': no usable link (live)
[324/2432] 'CSCI3584 - East Carolina University': no usable link (live)
[325/2432] 'CSCI3700 - East Carolina University': no usable link (live)
[326/2432] 'CSCI4230 - East Carolina University' (live): SAVED top 1 -> https://cs.ecu.edu/alex/uploads/CSCI4230VilkomirSpring2024.pdf
[327/2432] 'CIS128 - Eastern Michigan University': no usable link (live)
[328/2432] 'CIS173 - Eastern Michigan University': no usable link (live)
[329/2432] 'CIS175 - Eastern Michigan University': no usable link (live)
[330/2432] 'CIS550 - Eastern Michigan University': no usable link (live)
[331/2432] 'CSC123 - Eastern Michigan University': no usable link (live)
[332/2432] 'CSC152 - Eastern Michigan University': no usable link (live)
[333/2432] 'BADM570 - Eastern Washington University': no usable link (live)
[334/2432] 'CSCD240 - Eastern Washington University': no usable link (live)
[335/2432] 'CSCD300 - Eastern Washington University': no usable link (live)
[336/2432] 'EENG160 - Eastern Washington University': no usable link (live)
[337/2432] 'EENG210 - Eastern Washington University': no usable link (live)
[338/2432] 'EENG401 - Eastern Washington University': no usable link (live)
[339/2432] 'CS224 - Emory University': no usable link (live)
[340/2432] 'CS255 - Emory University': no usable link (live)
[341/2432] 'CS326 - Emory University': no usable link (live)
[342/2432] 'CS334 - Emory University': no usable link (live)
[343/2432] 'CS377 - Emory University' (live): SAVED top 1 -> http://www.cs.emory.edu/~nelsay2/cs377.html
[344/2432] 'DATA1101 - Fairfield University': no usable link (live)
[345/2432] 'DATA3210 - Fairfield University': no usable link (live)
[346/2432] 'SWEG5360 - Fairfield University': no usable link (live)
[347/2432] 'COP1500 - Florida Gulf Coast University' (live): SAVED top 1 -> https://fgcu.simplesyllabus.com
[348/2432] 'CEN5087 - Florida International University' (live): SAVED top 1 -> https://fiu.simplesyllabus.com
[349/2432] 'CGS3767 - Florida International University' (live): SAVED top 1 -> https://users.cs.fiu.edu/~mrobi002/teaching/cgs3767_OS/syl_cgs3767_2025Fall_2pm.php?days=MW&id=01
[350/2432] 'COP4703 - Florida International University' (live): SAVED top 1 -> http://users.cis.fiu.edu/~aleroque/COP4703/index.html
[351/2432] 'EEE4717 - Florida International University' (live): SAVED top 1 -> https://fiu.simplesyllabus.com
[352/2432] 'CAP4601 - Florida State University' (live): SAVED top 1 -> https://www.causalds.org/teaching/cap-4601
[353/2432] 'CCJ3071 - Florida State University': no usable link (live)
[354/2432] 'CIS3250 - Florida State University' (live): SAVED top 1 -> https://undergrad.fsu.edu/sites/g/files/upcbnu456/files/2023%20Schedule%20Assistant%20Presentation_0.pptx
[355/2432] 'CJE4615 - Florida State University' (live): SAVED top 1 -> https://criminology.fsu.edu/sites/g/files/upcbnu3076/files/2021-04/Blomberg-Making-a-Difference-9.10.18.ppt
[356/2432] 'COP3014 - Florida State University' (live): SAVED top 1 -> https://www.cs.fsu.edu/~gaitrosd/Teaching/2017_Spring/COP3014.pdf
[357/2432] 'COP3330 - Florida State University' (live): SAVED top 1 -> https://www.cs.fsu.edu/~zhao/cop3330/main.html
[358/2432] 'COP3363 - Florida State University' (live): SAVED top 1 -> https://www.cs.fsu.edu/~myers/c++/notes/index3363.html
[359/2432] 'COP4531 - Florida State University' (live): SAVED top 1 -> https://www.cs.fsu.edu/~piyush/teach/4531_06/handouts/summary.pdf
[360/2432] 'COP4610 - Florida State University' (live): SAVED top 1 -> https://www.cs.fsu.edu/~jtbauer/cop4610/lectures.html
[361/2432] 'COT4420 - Florida State University': no usable link (live)
[362/2432] 'EEE3300 - Florida State University' (live): SAVED top 1 -> https://web1.eng.famu.fsu.edu/~pandrei/Courses/2011/EEE3300/Fall11-slb-3300.pdf
[363/2432] 'EEE4301 - Florida State University': no usable link (live)
[364/2432] 'EEL3112 - Florida State University' (live): SAVED top 1 -> https://web1.eng.famu.fsu.edu/~mclaren/eel3112.htm
[365/2432] 'EEL3216 - Florida State University' (live): SAVED top 1 -> https://undergrad.fsu.edu/sites/g/files/upcbnu456/files/2023%20Schedule%20Assistant%20Presentation_0.pptx
[366/2432] 'EEL4746 - Florida State University': no usable link (live)
[367/2432] 'CISC1100 - Fordham University' (live): SAVED top 1 -> https://storm.cis.fordham.edu/~gweiss/classes/cisc1100
[368/2432] 'CISC1400 - Fordham University': no usable link (live)
[369/2432] 'CISC2000 - Fordham University': no usable link (live)
[370/2432] 'CISC2100 - Fordham University': no usable link (live)
[371/2432] 'CISC3500 - Fordham University': no usable link (live)
[372/2432] 'CISC3593 - Fordham University': no usable link (live)
[373/2432] 'CISC4080 - Fordham University' (live): SAVED top 1 -> https://storm.cis.fordham.edu/zhang/cs4080/slides/finalReview.pdf
[374/2432] 'CISC4615 - Fordham University' (live): SAVED top 1 -> https://www.dsm.fordham.edu/~moniot/Classes/DataComm23F/cisc4615.pdf
[375/2432] 'COMP101 - Fordham University': no usable link (live)
[376/2432] 'COMP1100 - Fordham University': no usable link (live)
[377/2432] 'COMP1102 - Fordham University': no usable link (live)
[378/2432] 'CSC272 - Furman University' (live): SAVED top 1 -> http://cs.furman.edu/~pbatchelor/mis/Slides
[379/2432] 'ECE101 - George Mason University' (live): SAVED top 1 -> https://mason.gmu.edu/~abaranie/ece101
[380/2432] 'CS1111 - George Washington University' (live): SAVED top 1 -> https://www2.seas.gwu.edu/~kinga/CS1111_S26
[381/2432] 'CSCI1012 - George Washington University': no usable link (live)
[382/2432] 'CSCI2113 - George Washington University': no usable link (live)
[383/2432] 'CSCI2312 - George Washington University': no usable link (live)
[384/2432] 'CSCI2541 - George Washington University': no usable link (live)
[385/2432] 'CSCI4531 - George Washington University': no usable link (live)
[386/2432] 'DATS2104 - George Washington University': no usable link (live)
[387/2432] 'ECE1120 - George Washington University' (live): SAVED top 1 -> https://gwu.uloop.com/course-notes/485-ECE/4601164-ECE-1120
[388/2432] 'ECE2110 - George Washington University': no usable link (live)
[389/2432] 'COS051 - Georgetown University': no usable link (live)
[390/2432] 'COSC030 - Georgetown University' (live): SAVED top 1 -> https://people.cs.georgetown.edu/~cnewport/teaching/cosc030-fall16
[391/2432] 'COSC051 - Georgetown University' (live): SAVED top 1 -> https://static.scs.georgetown.edu/upload/files/syllabi/term_201620/course_COSC-051/section_10/COSC-051-10.pdf
[392/2432] 'COSC052 - Georgetown University' (live): SAVED top 1 -> https://people.cs.georgetown.edu/~maloof/cosc052.s20/
[393/2432] 'COSC072 - Georgetown University' (live): SAVED top 1 -> https://people.cs.georgetown.edu/~maloof/cosc072.s11/description.php
[394/2432] 'COSC1020 - Georgetown University' (live): SAVED top 1 -> https://rbessick5.georgetown.domains
[395/2432] 'COSC1030 - Georgetown University' (live): SAVED top 1 -> https://rbessick5.georgetown.domains
[396/2432] 'COSC160 - Georgetown University' (live): SAVED top 1 -> https://people.cs.georgetown.edu/~maloof/cosc160.f20
[397/2432] 'COSC240 - Georgetown University' (live): SAVED top 1 -> https://people.cs.georgetown.edu/~cnewport/teaching/cosc240-fall18
[398/2432] 'COSC255 - Georgetown University': no usable link (live)
[399/2432] 'COSC270 - Georgetown University' (live): SAVED top 1 -> https://people.cs.georgetown.edu/~maloof/cosc270.s22
[400/2432] 'CPS121 - Georgetown University': no usable link (live)
[401/2432] 'CS1100 - Georgia Institute of Technology': no usable link (live)
[402/2432] 'CS130A - Georgia Institute of Technology': no usable link (live)
[403/2432] 'CS130B - Georgia Institute of Technology': no usable link (live)
[404/2432] 'CS1332 - Georgia Institute of Technology': no usable link (live)
[405/2432] 'CS1371 - Georgia Institute of Technology' (live): SAVED top 1 -> https://cs1371.gatech.edu/videos/2
[406/2432] 'CS2050 - Georgia Institute of Technology' (live): SAVED top 1 -> https://github.com/CS-2050
[407/2432] 'CS2051 - Georgia Institute of Technology' (live): SAVED top 1 -> https://github.com/sar-mo/CS2051-HonorsDiscreteMath
[408/2432] 'CS2200 - Georgia Institute of Technology' (live): SAVED top 1 -> https://faculty.cc.gatech.edu/~rama/CS2200-External
[409/2432] 'CS2316 - Georgia Institute of Technology' (live): SAVED top 1 -> https://faculty.cc.gatech.edu/~sweat/cs2316/syllabus.html
[410/2432] 'CS2340 - Georgia Institute of Technology' (live): SAVED top 1 -> https://cs2340.gitlab.io/syllabus.html
[411/2432] 'CS3210 - Georgia Institute of Technology' (live): SAVED top 1 -> https://cs3210.cc.gatech.edu/l/lec01.pdf
[412/2432] 'CS3220 - Georgia Institute of Technology' (live): SAVED top 1 -> https://gt-cs3220.github.io/Spring_2023/syllabus.html
[413/2432] 'CS3300 - Georgia Institute of Technology' (live): SAVED top 1 -> https://mahdi-roozbahani.github.io/CS3300-spring2020/course/lecture1.pdf
[414/2432] 'CS3311 - Georgia Institute of Technology': no usable link (live)
[415/2432] 'CS3312 - Georgia Institute of Technology' (live): SAVED top 1 -> https://ucron.vercel.app/university/georgia-institute-of-technology/subjects/CS/3312
[416/2432] 'CS3510 - Georgia Institute of Technology' (live): SAVED top 1 -> http://www.cs3510.com/assets/lectures/Lec01_0517.pdf
[417/2432] 'CS3600 - Georgia Institute of Technology' (live): SAVED top 1 -> https://github.com/Fried-man-Education/CS_3600
[418/2432] 'CS3630 - Georgia Institute of Technology' (live): SAVED top 1 -> https://faculty.cc.gatech.edu/~seth/Teaching/cs3630/index2018.php?u=info
[419/2432] 'CS3790 - Georgia Institute of Technology' (live): SAVED top 1 -> https://syllabus.gatech.edu/sites/default/files/2026-04/CS3790_Varma_Sashank-2026-Summer.pdf
[420/2432] 'CS4220 - Georgia Institute of Technology' (live): SAVED top 1 -> https://gatech.uloop.com/course-notes/4879-CS/671256-CS-4220-Embedded-Systems
[421/2432] 'CS4400 - Georgia Institute of Technology' (live): SAVED top 1 -> https://gatech.uloop.com/course-notes/4879-CS/320017-CS-4400-Intr-to-Database-Systems
[422/2432] 'CS4476 - Georgia Institute of Technology' (live): SAVED top 1 -> https://jhoffman.github.io/cs4476-fa25/schedule
[423/2432] 'CS4510 - Georgia Institute of Technology' (live): SAVED top 1 -> https://cryptolab.gtisc.gatech.edu/ladha/CS4510SU21.html
[424/2432] 'CS4605 - Georgia Institute of Technology': no usable link (live)
[425/2432] 'CS4731 - Georgia Institute of Technology' (live): SAVED top 1 -> https://github.com/Fried-man-Education/CS_4731
[426/2432] 'CS6035 - Georgia Institute of Technology' (live): SAVED top 1 -> https://omscs.gatech.edu/cs-6035-introduction-information-security
[427/2432] 'CS6220 - Georgia Institute of Technology' (live): SAVED top 1 -> https://faculty.cc.gatech.edu/~lingliu/courses/cs6220/2020
[428/2432] 'CS6235 - Georgia Institute of Technology': no usable link (live)
[429/2432] 'CS6262 - Georgia Institute of Technology' (live): SAVED top 1 -> https://omscs.gatech.edu/cs-6262-network-security
[430/2432] 'CS6365 - Georgia Institute of Technology': no usable link (live)
[431/2432] 'CS6476 - Georgia Institute of Technology' (live): SAVED top 1 -> https://omscs.gatech.edu/cs-6476-computer-vision
[432/2432] 'CS6515 - Georgia Institute of Technology' (live): SAVED top 1 -> https://omscs.gatech.edu/cs-6515-intro-graduate-algorithms
[433/2432] 'CS6601 - Georgia Institute of Technology' (live): SAVED top 1 -> https://omscs.gatech.edu/cs-6601-artificial-intelligence
[434/2432] 'CS7632 - Georgia Institute of Technology' (live): SAVED top 1 -> https://omscs.gatech.edu/cs-7632-game-ai
[435/2432] 'CS7643 - Georgia Institute of Technology' (live): SAVED top 1 -> https://omscs.gatech.edu/cs-7643-deep-learning
[436/2432] 'CS8803 - Georgia Institute of Technology' (live): SAVED top 1 -> https://faculty.cc.gatech.edu/~dhekne/cs8803/course.html
[437/2432] 'CSE6040 - Georgia Institute of Technology' (live): SAVED top 1 -> https://cse6040.gatech.edu/active/Syllabus
[438/2432] 'CSE6220 - Georgia Institute of Technology' (live): SAVED top 1 -> https://cse6220.gatech.edu/fa25-oms
[439/2432] 'ECE2026 - Georgia Institute of Technology' (live): SAVED top 1 -> https://ece.gatech.edu/courses/ece2026
[440/2432] 'ECE2031 - Georgia Institute of Technology' (live): SAVED top 1 -> https://github.com/Fried-man-Education/ECE_2031
[441/2432] 'ECE2035 - Georgia Institute of Technology' (live): SAVED top 1 -> https://ece.gatech.edu/courses/ece2035
[442/2432] 'ECE2040 - Georgia Institute of Technology': no usable link (live)
[443/2432] 'ECE3150 - Georgia Institute of Technology' (live): SAVED top 1 -> https://ece.gatech.edu/courses/ece3150
[444/2432] 'ECE3741 - Georgia Institute of Technology' (live): SAVED top 1 -> https://ece.gatech.edu/courses/ece3741
[445/2432] 'ECE4781 - Georgia Institute of Technology' (live): SAVED top 1 -> https://ece.gatech.edu/courses/ece4781
[446/2432] 'ECE6550 - Georgia Institute of Technology' (live): SAVED top 1 -> https://ece.gatech.edu/courses/ece6550
[447/2432] 'AIP2023 - Georgia State University': no usable link (live)
[448/2432] 'CIS2010 - Georgia State University' (live): SAVED top 1 -> https://www2.isye.gatech.edu/~hsharp/cis2010/cis2010_sp08.pdf
[449/2432] 'CIS3260 - Georgia State University': no usable link (live)
[450/2432] 'CIS3730 - Georgia State University': no usable link (live)
[451/2432] 'CIS4680 - Georgia State University': no usable link (live)
[452/2432] 'CIS4688 - Georgia State University': no usable link (live)
[453/2432] 'CS1302 - Georgia State University': no usable link (live)
[454/2432] 'CS2510 - Georgia State University': no usable link (live)
[455/2432] 'CSC1302 - Georgia State University': no usable link (live)
[456/2432] 'CSC2720 - Georgia State University' (live): SAVED top 1 -> https://gsu.uloop.com/course-notes/8731-CSC-Computer-Science/6344940-CSC-2720-Data-Structures
[457/2432] 'CSC3320 - Georgia State University' (live): SAVED top 1 -> https://hallertau.cs.gsu.edu/~mweeks/csc3320/syllab3320Fa26.html
[458/2432] 'CSC4260 - Georgia State University' (live): SAVED top 1 -> https://gsu.uloop.com/course-notes/8731-CSC-Computer-Science/2734021-CSC-4260-DIGITAL-IMAGE-PROCESSING
[459/2432] 'CSC4760 - Georgia State University': no usable link (live)
[460/2432] 'CPSC122 - Gonzaga University': no usable link (live)
[461/2432] 'CPSC223 - Gonzaga University': no usable link (live)
[462/2432] 'CPSC321 - Gonzaga University': no usable link (live)
[463/2432] 'CPSC326 - Gonzaga University': no usable link (live)
[464/2432] 'CPSC332 - Gonzaga University': no usable link (live)
[465/2432] 'CPSC346 - Gonzaga University' (live): SAVED top 1 -> https://www.cs.gonzaga.edu/faculty/depalma/course_indices/CPSC346.html
[466/2432] 'CSC207 - Grinnell College' (live): SAVED top 1 -> https://rebelskyw.cs.grinnell.edu/csc-207
[467/2432] 'CS20 - Harvard University' (live): SAVED top 1 -> https://embeddedethics.seas.harvard.edu/cs-20-spring-2021
[468/2432] 'CSCIE109B - Harvard University': no usable link (live)
[469/2432] 'CS070 - Harvey Mudd College': no usable link (live)
[470/2432] 'CS5GOLD - Harvey Mudd College' (live): SAVED top 1 -> https://www.cs.hmc.edu/~cs5grad/cs5/LectureSlides/Lec1_18_gold_morn.pdf
[471/2432] 'CS5GR - Harvey Mudd College' (live): SAVED top 1 -> https://www.cs.hmc.edu/~cs5grad/cs5/LectureSlides/Lec1_18_gold_morn.pdf
[472/2432] 'CS81 - Harvey Mudd College': no usable link (live)
[473/2432] 'CSCI005 - Harvey Mudd College': no usable link (live)
[474/2432] 'CSCI060 - Harvey Mudd College': no usable link (live)
[475/2432] 'CSCI070 - Harvey Mudd College': no usable link (live)
[476/2432] 'CSCI081 - Harvey Mudd College': no usable link (live)
[477/2432] 'CSCI153 - Harvey Mudd College': no usable link (live)
[478/2432] 'CMSC260 - Haverford College': no usable link (live)
[479/2432] 'CMSC340 - Haverford College' (live): SAVED top 1 -> http://www.cs.haverford.edu/courses/cmsc340
[480/2432] 'CS14 - Hofstra University': no usable link (live)
[481/2432] 'CSC001 - Hofstra University': no usable link (live)
[482/2432] 'CSC006 - Hofstra University': no usable link (live)
[483/2432] 'CSC014 - Hofstra University': no usable link (live)
[484/2432] 'CSC024 - Hofstra University': no usable link (live)
[485/2432] 'CSC14 - Hofstra University': no usable link (live)
[486/2432] 'CSC16 - Hofstra University' (live): SAVED top 1 -> https://cs.hofstra.edu/~cscccl/csc16
[487/2432] 'CSC183 - Hofstra University': no usable link (live)
[488/2432] 'CSC5 - Hofstra University': no usable link (live)
[489/2432] 'COMP003 - Howard University': no usable link (live)
[490/2432] 'CSCI135 - Howard University': no usable link (live)
[491/2432] 'INFO0101 - Howard University': no usable link (live)
[492/2432] 'INFO311 - Howard University': no usable link (live)
[493/2432] 'INFO335 - Howard University': no usable link (live)
[494/2432] 'IT168 - Illinois State University' (live): SAVED top 1 -> https://coursefinder.illinoisstate.edu/it/168
[495/2432] 'IT279 - Illinois State University' (live): SAVED top 1 -> https://coursefinder.illinoisstate.edu/it/279
[496/2432] 'IT327 - Illinois State University' (live): SAVED top 1 -> https://coursefinder.illinoisstate.edu/it/327
[497/2432] 'IT375 - Illinois State University': no usable link (live)
[498/2432] 'IT376 - Illinois State University' (live): SAVED top 1 -> https://courses.grainger.illinois.edu/cs439/fa2023/slides/intro.pdf
[499/2432] 'IT377 - Illinois State University' (live): SAVED top 1 -> https://coursefinder.illinoisstate.edu/it/377
[500/2432] 'ITK168 - Illinois State University' (live): SAVED top 1 -> https://ilstu.uloop.com/course-notes/438109-IT/5091871-IT-168-ITK168
[501/2432] 'ITK254 - Illinois State University': no usable link (live)
[502/2432] 'ITK279 - Illinois State University': no usable link (live)
[503/2432] 'ITK375 - Illinois State University': no usable link (live)
[504/2432] 'ITK377 - Illinois State University': no usable link (live)
[505/2432] 'A290 - Indiana University Bloomington': no usable link (live)
[506/2432] 'B351 - Indiana University Bloomington': no usable link (live)
[507/2432] 'B461 - Indiana University Bloomington': no usable link (live)
[508/2432] 'B551 - Indiana University Bloomington': no usable link (live)
[509/2432] 'C200 - Indiana University Bloomington' (live): SAVED top 1 -> https://fennie.ai/universities/indiana-university/c200
[510/2432] 'C212 - Indiana University Bloomington' (live): SAVED top 1 -> https://joshuacrotts.us/teaching/c212-f24.html
[511/2432] 'C291 - Indiana University Bloomington' (live): SAVED top 1 -> https://help.luddy.indiana.edu/classes/xml_listing_by_class.php?prog=CSCI&num=C291
[512/2432] 'C343 - Indiana University Bloomington': no usable link (live)
[513/2432] 'CSCIA290 - Indiana University Bloomington': no usable link (live)
[514/2432] 'CSCIB351 - Indiana University Bloomington': no usable link (live)
[515/2432] 'CSCIB403 - Indiana University Bloomington': no usable link (live)
[516/2432] 'CSCIB405 - Indiana University Bloomington': no usable link (live)
[517/2432] 'CSCIB551 - Indiana University Bloomington': no usable link (live)
[518/2432] 'CSCIC291 - Indiana University Bloomington': no usable link (live)
[519/2432] 'CSCIP465 - Indiana University Bloomington': no usable link (live)
[520/2432] 'H238 - Indiana University Bloomington': no usable link (live)
[521/2432] 'I201 - Indiana University Bloomington' (live): SAVED top 1 -> https://homes.luddy.indiana.edu/ehaghver/TEACHING/I201-sum12
[522/2432] 'I308 - Indiana University Bloomington': no usable link (live)
[523/2432] 'INFO230 - Indiana University Bloomington': no usable link (live)
[524/2432] 'INFOI201 - Indiana University Bloomington': no usable link (live)
[525/2432] 'S202 - Indiana University Bloomington': no usable link (live)
[526/2432] 'CSCI207 - Indiana University-Purdue University Indianapolis': no usable link (live)
[527/2432] 'CSCIC200 - Indiana University-Purdue University Indianapolis': no usable link (live)
[528/2432] 'CSCIN207 - Indiana University-Purdue University Indianapolis': no usable link (live)
[529/2432] 'CSCIN211 - Indiana University-Purdue University Indianapolis': no usable link (live)
[530/2432] 'CSCIN317 - Indiana University-Purdue University Indianapolis': no usable link (live)
[531/2432] 'CSCN207 - Indiana University-Purdue University Indianapolis': no usable link (live)
[532/2432] 'ECE263 - Indiana University-Purdue University Indianapolis': no usable link (live)
[533/2432] 'ECE32100 - Indiana University-Purdue University Indianapolis' (live): SAVED top 1 -> https://boilerclasses.com/detail/ECE32100ElectromechanicalMotionDevices
[534/2432] 'ECE408 - Indiana University-Purdue University Indianapolis' (live): SAVED top 1 -> https://github.com/eedalong/ECE408
[535/2432] 'ECE59500 - Indiana University-Purdue University Indianapolis' (live): SAVED top 1 -> https://boilerclasses.com/detail/ECE59500IntroToElePkgHeteroIntg
[536/2432] 'N200 - Indiana University-Purdue University Indianapolis': no usable link (live)
[537/2432] 'COMS228 - Iowa State University' (live): SAVED top 1 -> https://github.com/mccnick/COMS-228
[538/2432] 'COMS230 - Iowa State University': no usable link (live)
[539/2432] 'COMS309 - Iowa State University' (live): SAVED top 1 -> https://github.com/arenashlock/COMS309
[540/2432] 'COMS311 - Iowa State University' (live): SAVED top 1 -> https://github.com/arenashlock/COMS311
[541/2432] 'COMS319 - Iowa State University': no usable link (live)
[542/2432] 'COMS330 - Iowa State University': no usable link (live)
[543/2432] 'COMS331 - Iowa State University' (live): SAVED top 1 -> https://github.com/arenashlock/COMS331
[544/2432] 'COMS362 - Iowa State University' (live): SAVED top 1 -> https://tancreti.net/teaching/coms362/syllabus
[545/2432] 'COMS363 - Iowa State University' (live): SAVED top 1 -> https://github.com/Paper-SSheets/COMS363Project
[546/2432] 'COMS587 - Iowa State University': no usable link (live)
[547/2432] 'CPRE185 - Iowa State University': no usable link (live)
[548/2432] 'CPRE531 - Iowa State University': no usable link (live)
[549/2432] 'CS228 - Iowa State University' (live): SAVED top 1 -> https://ermongroup.github.io/cs228-notes
[550/2432] 'EE224 - Iowa State University': no usable link (live)
[551/2432] 'EE230 - Iowa State University' (live): SAVED top 1 -> https://iastate.uloop.com/course-notes/1974-EE/236701-EE-230-Electronic-Circuits-and-Systems
[552/2432] 'EE285 - Iowa State University': no usable link (live)
[553/2432] 'EE424 - Iowa State University': no usable link (live)
[554/2432] 'ENGR160 - Iowa State University': no usable link (live)
[555/2432] 'COMP171 - Ithaca College': no usable link (live)
[556/2432] 'CIS204 - James Madison University': no usable link (live)
[557/2432] 'CIS304 - James Madison University': no usable link (live)
[558/2432] 'CS149 - James Madison University' (live): SAVED top 1 -> https://w3.cs.jmu.edu/simmonsj/cs149/syllabus
[559/2432] 'CS159 - James Madison University' (live): SAVED top 1 -> https://w3.cs.jmu.edu/mayfiecs/cs159/syllabus
[560/2432] 'DATA200 - James Madison University': no usable link (live)
[561/2432] 'IA241 - James Madison University': no usable link (live)
[562/2432] 'ISAT152 - James Madison University': no usable link (live)
[563/2432] 'ISAT241 - James Madison University': no usable link (live)
[564/2432] 'ISAT242 - James Madison University': no usable link (live)
[565/2432] 'ISAT252 - James Madison University': no usable link (live)
[566/2432] 'ISAT340 - James Madison University': no usable link (live)
[567/2432] 'CSCI274 - John Jay College of Criminal Justice': no usable link (live)
[568/2432] 'CSCI374 - John Jay College of Criminal Justice' (live): SAVED top 1 -> https://jjaycuny.uloop.com/course-notes/499642-CSCI/13877019-CSCI-374-programming-languages
[569/2432] 'CSCI375 - John Jay College of Criminal Justice': no usable link (live)
[570/2432] 'CSCI377 - John Jay College of Criminal Justice': no usable link (live)
[571/2432] 'CSCI379 - John Jay College of Criminal Justice': no usable link (live)
[572/2432] 'CSCI412 - John Jay College of Criminal Justice': no usable link (live)
[573/2432] 'MAT375 - John Jay College of Criminal Justice': no usable link (live)
[574/2432] 'SEC270 - John Jay College of Criminal Justice': no usable link (live)
[575/2432] 'CS280 - Johns Hopkins University' (live): SAVED top 1 -> https://cs280fall20.github.io
[576/2432] 'EN433 - Johns Hopkins University': no usable link (live)
[577/2432] 'CIS209 - Kansas State University': no usable link (live)
[578/2432] 'CIS301 - Kansas State University' (live): SAVED top 1 -> https://textbooks.cs.ksu.edu/cis301
[579/2432] 'CIS308 - Kansas State University' (live): SAVED top 1 -> https://textbooks.cs.ksu.edu/cis308
[580/2432] 'CIS415 - Kansas State University': no usable link (live)
[581/2432] 'CIS525 - Kansas State University': no usable link (live)
[582/2432] 'CIS551 - Kansas State University': no usable link (live)
[583/2432] 'CIS751 - Kansas State University': no usable link (live)
[584/2432] 'CS3305 - Kennesaw State University' (live): SAVED top 1 -> https://kennesaw.uloop.com/course-notes/76635-CS/9146576-CS-3305-Data-Structures
[585/2432] 'CS3502 - Kennesaw State University' (live): SAVED top 1 -> https://campus.kennesaw.edu/faculty-staff/academic-affairs/faculty-affairs/docs/faculty-justifications-presentation.pptx
[586/2432] 'CS4253 - Kennesaw State University': no usable link (live)
[587/2432] 'CS4504 - Kennesaw State University': no usable link (live)
[588/2432] 'CSE3801 - Kennesaw State University' (live): SAVED top 1 -> https://kennesaw.simplesyllabus.com/doc/31z7o6ls9/Spring-Semester-2026-CSE-3801-Section-03-%2814006%29-?mode=view
[589/2432] 'DATA1501 - Kennesaw State University' (live): SAVED top 1 -> https://campus.kennesaw.edu/colleges-departments/radow/degrees-programs/undergraduate/bs-psychology/docs/data1501-flyer.pdf
[590/2432] 'ECE2250 - Kennesaw State University' (live): SAVED top 1 -> https://campus.kennesaw.edu/faculty-staff/academic-affairs/faculty-affairs/docs/faculty-justifications-presentation.pptx
[591/2432] 'ECE3305 - Kennesaw State University': no usable link (live)
[592/2432] 'ECE3320 - Kennesaw State University': no usable link (live)
[593/2432] 'ECE3350 - Kennesaw State University': no usable link (live)
[594/2432] 'EE1000 - Kennesaw State University': no usable link (live)
[595/2432] 'EE1001 - Kennesaw State University': no usable link (live)
[596/2432] 'EE2501 - Kennesaw State University' (live): SAVED top 1 -> https://kennesaw.simplesyllabus.com/ui/locale-redirect?%2Fdoc%2Fh7xwl0s55%2FFall-Semester-2026-EE-2501-08-%2885554%29%3Fmode=view
[597/2432] 'EE4701 - Kennesaw State University': no usable link (live)
[598/2432] 'SWE3313 - Kennesaw State University' (live): SAVED top 1 -> https://facultyweb.kennesaw.edu/jadkiss1/docs/Adkisson%20-%20Syllabus%20SWE%203313%20Fall%202025.docx
[599/2432] 'SWE3643 - Kennesaw State University' (live): SAVED top 1 -> https://kennesaw.uloop.com/course-notes/763437-SWE/826493-SWE-3643-Sftwre-TestQuality-Assurance
[600/2432] 'CISC223 - Lakehead University': no usable link (live)
[601/2432] 'COMP0411 - Lakehead University': no usable link (live)
[602/2432] 'COMP1411 - Lakehead University' (live): SAVED top 1 -> https://www.lakeheadu.ca/sites/default/files/uploads/35/course-outlines/2023-2024/01.%20IQAP-COMP1411-Syllabus-Alkhateeb.docx
[603/2432] 'COMP1431 - Lakehead University' (live): SAVED top 1 -> https://www.lakeheadu.ca/sites/default/files/uploads/35/course-outlines/02.%20IQAP-COMP1431-Syllabus-Alkhateeb.docx
[604/2432] 'COMP2412 - Lakehead University': no usable link (live)
[605/2432] 'COMP4453 - Lakehead University': no usable link (live)
[606/2432] 'COMP5413 - Lakehead University' (live): SAVED top 1 -> https://www.lakeheadu.ca/sites/default/files/uploads/35/course-outlines/28%20.%20Outline_COMP5413_Winter_2024.docx
[607/2432] 'CS2453 - Lakehead University': no usable link (live)
[608/2432] 'CS2477 - Lakehead University' (live): SAVED top 1 -> https://www.lakeheadu.ca/sites/default/files/uploads/35/course-outlines/07.%20CS2477SylabusAccordingToTemplate%20Winter2024.docx
[609/2432] 'GIF1001 - Laval University' (live): SAVED top 1 -> http://gif1001.gel.ulaval.ca
[610/2432] 'GLO2000 - Laval University' (live): SAVED top 1 -> https://www.ulaval.ca/etudes/cours/glo-2000-reseaux-et-ingenierie-de-la-transmission-des-donnees
[611/2432] 'GLO2005 - Laval University' (live): SAVED top 1 -> https://www.ulaval.ca/etudes/cours/glo-2005-modeles-et-langages-des-bases-de-donnees-pour-lingenierie
[612/2432] 'GLO4000 - Laval University' (live): SAVED top 1 -> https://www.ulaval.ca/etudes/cours/glo-4000-interface-personne-machine
[613/2432] 'GLO4002 - Laval University' (live): SAVED top 1 -> https://www.ulaval.ca/etudes/cours/glo-4002-qualite-et-metriques-du-logiciel
[614/2432] 'IFT19022 - Laval University': no usable link (live)
[615/2432] 'IFT2004 - Laval University' (live): SAVED top 1 -> https://www.distance.ulaval.ca/etudes/cours/ift-2004-modeles-et-langages-des-bases-de-donnees
[616/2432] 'IFT2006 - Laval University' (live): SAVED top 1 -> https://www.ulaval.ca/etudes/cours/ift-2006-teleinformatique
[617/2432] 'IFT3001 - Laval University' (live): SAVED top 1 -> https://www.ulaval.ca/etudes/cours/ift-3001-conception-et-analyse-dalgorithmes
[618/2432] 'IFT7201 - Laval University' (live): SAVED top 1 -> https://www.distance.ulaval.ca/etudes/cours/ift-7201-apprentissage-par-renforcement
[619/2432] 'CSC151 - Le Moyne College': no usable link (live)
[620/2432] 'CSC175 - Le Moyne College': no usable link (live)
[621/2432] 'CSC176 - Le Moyne College': no usable link (live)
[622/2432] 'CSC361 - Le Moyne College': no usable link (live)
[623/2432] 'CYS167 - Le Moyne College': no usable link (live)
[624/2432] 'CYS331 - Le Moyne College': no usable link (live)
[625/2432] 'MIS601 - Le Moyne College': no usable link (live)
[626/2432] 'CSE007 - Lehigh University': no usable link (live)
[627/2432] 'CSE017 - Lehigh University' (live): SAVED top 1 -> https://eashanadhikarla.github.io/teaching/CSE017_20
[628/2432] 'CSE109 - Lehigh University' (live): SAVED top 1 -> https://gitlab.com/lehigh-cse-109
[629/2432] 'CSE140 - Lehigh University': no usable link (live)
[630/2432] 'CSE326 - Lehigh University' (live): SAVED top 1 -> https://engineering.lehigh.edu/cse/academics/course-index/cse-326-fundamentals-machine-learning-3
[631/2432] 'CSE403 - Lehigh University' (live): SAVED top 1 -> https://www.cse.lehigh.edu/~chuah/CSE403.html
[632/2432] 'ECE033 - Lehigh University': no usable link (live)
[633/2432] 'ECE081 - Lehigh University': no usable link (live)
[634/2432] 'ECE123 - Lehigh University': no usable link (live)
[635/2432] 'ECE132 - Lehigh University': no usable link (live)
[636/2432] 'CIS166 - Lehman College' (live): SAVED top 1 -> https://stjohn.github.io/teaching/cmp/cis166/s15.html
[637/2432] 'CIS212 - Lehman College': no usable link (live)
[638/2432] 'CIS244 - Lehman College': no usable link (live)
[639/2432] 'CIS331 - Lehman College' (live): SAVED top 1 -> https://sogara.weebly.com/cis-331---system-analysis--design.html
[640/2432] 'CIS344 - Lehman College': no usable link (live)
[641/2432] 'CMP157 - Lehman College': no usable link (live)
[642/2432] 'ECE311 - Lehman College': no usable link (live)
[643/2432] 'CSCN342 - Liberty University': no usable link (live)
[644/2432] 'CSIS212 - Liberty University' (live): SAVED top 1 -> https://www.liberty.edu/online/courses/csis212
[645/2432] 'CSIS312 - Liberty University' (live): SAVED top 1 -> https://www.liberty.edu/online-academy/courses/csis312
[646/2432] 'CSIS330 - Liberty University' (live): SAVED top 1 -> https://www.liberty.edu/online/courses/csis330
[647/2432] 'CSIS342 - Liberty University' (live): SAVED top 1 -> https://www.liberty.edu/online/courses/csis342
[648/2432] 'CSIS443 - Liberty University' (live): SAVED top 1 -> https://www.liberty.edu/online/courses/csis443
[649/2432] 'CSC1253 - Louisiana State University' (live): SAVED top 1 -> https://www.csc.lsu.edu/~duncan/courses/csc1253-f17
[650/2432] 'CSC1254 - Louisiana State University' (live): SAVED top 1 -> https://csc.lsu.edu/ugrad_files/Course_Outcomes_CSC_1254.pdf
[651/2432] 'CSC1350 - Louisiana State University': no usable link (live)
[652/2432] 'CSC1351 - Louisiana State University' (live): SAVED top 1 -> https://csc.lsu.edu/ugrad_files/Course_Outcomes_CSC_1351.pdf
[653/2432] 'CSC2259 - Louisiana State University' (live): SAVED top 1 -> https://csc.lsu.edu/ugrad_files/Course_Outcomes_CSC_2259.pdf
[654/2432] 'CSC2610 - Louisiana State University': no usable link (live)
[655/2432] 'CSC3102 - Louisiana State University' (live): SAVED top 1 -> https://www.csc.lsu.edu/~kraft/courses/csc3102.html
[656/2432] 'CSC4101 - Louisiana State University' (live): SAVED top 1 -> https://www.cct.lsu.edu/~kosar/csc4101-spring06
[657/2432] 'CSC4330 - Louisiana State University' (live): SAVED top 1 -> https://csc.lsu.edu/ugrad_files/Course_Outcomes_CSC_4330.pdf
[658/2432] 'EE3160 - Louisiana State University' (live): SAVED top 1 -> https://lsu.uloop.com/course-notes/6451-EE-Electrical-Engineering/5501613-EE-3160-Introduction-to-Digital-Signal-Processing
[659/2432] 'ISDS1102 - Louisiana State University': no usable link (live)
[660/2432] 'ISDS2000 - Louisiana State University': no usable link (live)
[661/2432] 'ISDS3110 - Louisiana State University' (live): SAVED top 1 -> https://lsu.uloop.com/course-notes/5857-ISDS/436164-ISDS-3110-Database-Process-Mgt
[662/2432] 'ISDS3115 - Louisiana State University': no usable link (live)
[663/2432] 'ISDS4113 - Louisiana State University' (live): SAVED top 1 -> https://tonybanguel.weebly.com/isds-4113.html
[664/2432] 'CMSI185 - Loyola Marymount University' (live): SAVED top 1 -> https://forns.lmu.build/classes/fall-2017/cmsi-185/syllabus.html
[665/2432] 'CMSI2021 - Loyola Marymount University' (live): SAVED top 1 -> https://www.lmu.edu/dei/latinx/slides
[666/2432] 'CMSI284 - Loyola Marymount University': no usable link (live)
[667/2432] 'CMSI3801 - Loyola Marymount University': no usable link (live)
[668/2432] 'CMSI386 - Loyola Marymount University' (live): SAVED top 1 -> https://www.lmu.edu/dei/latinx/slides
[669/2432] 'COMP125 - Loyola University Chicago': no usable link (live)
[670/2432] 'COMP170 - Loyola University Chicago' (live): SAVED top 1 -> https://www.luc.edu/summer/courses/courses/comp170-introductiontoobject-orientedprogramming-001.shtml
[671/2432] 'COMP180 - Loyola University Chicago' (live): SAVED top 1 -> https://sites.google.com/view/comp-180
[672/2432] 'COMP260 - Loyola University Chicago': no usable link (live)
[673/2432] 'COMP264 - Loyola University Chicago': no usable link (live)
[674/2432] 'COMP123 - Macalester College': no usable link (live)
[675/2432] 'COMP127 - Macalester College': no usable link (live)
[676/2432] 'COMP128 - Macalester College': no usable link (live)
[677/2432] 'CIS110 - Manhattan College': no usable link (live)
[678/2432] 'CIS210 - Manhattan College': no usable link (live)
[679/2432] 'CMPT101 - Manhattan College': no usable link (live)
[680/2432] 'CMPT102 - Manhattan College': no usable link (live)
[681/2432] 'CMPT155 - Manhattan College': no usable link (live)
[682/2432] 'CMPT312 - Manhattan College': no usable link (live)
[683/2432] 'CMPT335 - Manhattan College': no usable link (live)
[684/2432] 'EECE201 - Manhattan College': no usable link (live)
[685/2432] 'EECE229 - Manhattan College': no usable link (live)
[686/2432] 'EECE305 - Manhattan College': no usable link (live)
[687/2432] 'EECE321 - Manhattan College' (live): SAVED top 1 -> http://www.previouses.com/AUB-EECE-321-Computer-Organization
[688/2432] 'MATH153 - Manhattan College': no usable link (live)
[689/2432] 'CMPT103L - Marist College' (live): SAVED top 1 -> https://www.marist.edu/documents/d/guest/cmpt-103l-welcome-letter
[690/2432] 'CMPT105L - Marist College': no usable link (live)
[691/2432] 'CMPT120 - Marist College': no usable link (live)
[692/2432] 'CMPT120L - Marist College': no usable link (live)
[693/2432] 'CMPT220 - Marist College': no usable link (live)
[694/2432] 'CMPT220L - Marist College': no usable link (live)
[695/2432] 'CMPT230L - Marist College': no usable link (live)
[696/2432] 'CMPT306 - Marist College': no usable link (live)
[697/2432] 'CMPT421 - Marist College': no usable link (live)
[698/2432] 'CMPT435 - Marist College': no usable link (live)
[699/2432] 'CSIS103 - Marist College': no usable link (live)
[700/2432] 'DATA220 - Marist College': no usable link (live)
[701/2432] 'IS130 - Marist College' (live): SAVED top 1 -> https://www.marist.com
[702/2432] 'COSC1820 - Marquette University': no usable link (live)
[703/2432] 'COSC2100 - Marquette University' (live): SAVED top 1 -> https://www.cs.mu.edu/~brylow/cosc2100/Fall2014
[704/2432] 'EECE6010 - Marquette University': no usable link (live)
[705/2432] 'MSCS6050 - Marquette University': no usable link (live)
[706/2432] 'CS61000 - Massachusetts Institute of Technology': no usable link (live)
[707/2432] 'EECS6207 - Massachusetts Institute of Technology': no usable link (live)
[708/2432] 'CCCS300 - McGill University' (live): SAVED top 1 -> https://www.mcgill.ca/study/2024-2025/courses/cccs-300-0
[709/2432] 'COMP202 - McGill University' (live): SAVED top 1 -> https://www.cs.mcgill.ca/media/academic/courses/3_COMP_202_kK7hz8l.pdf
[710/2432] 'COMP204 - McGill University' (live): SAVED top 1 -> https://www.cs.mcgill.ca/~dbecer/assets/files/COMP204-Fall22.pdf
[711/2432] 'COMP206 - McGill University' (live): SAVED top 1 -> https://www.cs.mcgill.ca/media/academic/courses/5_COMP_206_4fKefep.pdf
[712/2432] 'COMP208 - McGill University' (live): SAVED top 1 -> http://cs.mcgill.edu/media/academic/courses/6_COMP_208_aKSbV5S.pdf
[713/2432] 'COMP230 - McGill University' (live): SAVED top 1 -> https://www.cs.mcgill.ca/media/academic/courses/7_COMP_230_lctTNCP.pdf
[714/2432] 'COMP250 - McGill University' (live): SAVED top 1 -> https://cim.mcgill.ca/~langer/250/lecturenotes-all.pdf
[715/2432] 'COMP251 - McGill University' (live): SAVED top 1 -> https://www.cs.mcgill.ca/~jeromew/comp251.html
[716/2432] 'COMP273 - McGill University' (live): SAVED top 1 -> https://www.cs.mcgill.ca/media/academic/courses/11_COMP_273_qtDlIoA.pdf
[717/2432] 'COMP302 - McGill University' (live): SAVED top 1 -> https://cs.mcgill.ca/~mshen/lecture-notes/comp-302
[718/2432] 'COMP303 - McGill University' (live): SAVED top 1 -> https://www.cs.mcgill.ca/media/academic/courses/14_COMP_303_RWZgnKC.pdf
[719/2432] 'COMP350 - McGill University' (live): SAVED top 1 -> https://www.mcgill.ca/study/2024-2025/courses/comp-350
[720/2432] 'COMP409 - McGill University' (live): SAVED top 1 -> https://www.cs.mcgill.ca/media/academic/courses/33_COMP_409_6jNnXzK.pdf
[721/2432] 'COMP514 - McGill University' (live): SAVED top 1 -> https://www.mcgill.ca/study/2024-2025/courses/comp-514
[722/2432] 'COMP540 - McGill University' (live): SAVED top 1 -> http://mcgill-comp520-2013.github.io/slides/intro.pdf
[723/2432] 'COMP551 - McGill University' (live): SAVED top 1 -> https://www.cs.mcgill.ca/~hvanho2/comp551/slides/01Intro-share.pdf
[724/2432] 'COMP557 - McGill University' (live): SAVED top 1 -> https://cim.mcgill.ca/~langer/557/lecturenotesCOMP557.pdf
[725/2432] 'COMP598 - McGill University' (live): SAVED top 1 -> https://mcgill.courses/course/comp-598
[726/2432] 'COMP599 - McGill University' (live): SAVED top 1 -> https://www.mcgill.ca/study/2024-2025/courses/comp-599
[727/2432] 'ECSE250 - McGill University' (live): SAVED top 1 -> https://www.mcgill.ca/study/2024-2025/courses/ecse-250
[728/2432] 'MGCR331 - McGill University' (live): SAVED top 1 -> https://www.mcgill.ca/study/2024-2025/courses/mgcr-331
[729/2432] '1CP3 - McMaster University': no usable link (live)
[730/2432] '1MD3 - McMaster University' (live): SAVED top 1 -> https://www.cas.mcmaster.ca/~carette/CS1MD3/2006/index.html
[731/2432] '1PR3 - McMaster University': no usable link (live)
[732/2432] '1XD3 - McMaster University' (live): SAVED top 1 -> https://www.cas.mcmaster.ca/~anand/CS1XD3_2021_Outline.pdf
[733/2432] '2DA4 - McMaster University': no usable link (live)
[734/2432] '2LC3 - McMaster University' (live): SAVED top 1 -> https://www.cas.mcmaster.ca/~kahl/CS2LC3/2024/CompSci2LC3-2024-Outline.pdf
[735/2432] '2ME3 - McMaster University' (live): SAVED top 1 -> https://gitlab.cas.mcmaster.ca/smiths/se2aa4_cs2me3/-/blob/master/CourseOutline/SE2AA4_CS2ME3_Outline.tex?ref_type=heads
[736/2432] '3DB3 - McMaster University' (live): SAVED top 1 -> https://notes.aarnphm.xyz/thoughts/university/twenty-four-twenty-five/sfwr-3db3/intro.pdf
[737/2432] '4TB3 - McMaster University' (live): SAVED top 1 -> https://www.cas.mcmaster.ca/~carette/CS4TB3/2011/index.html
[738/2432] 'CAS702 - McMaster University' (live): SAVED top 1 -> https://www.cas.mcmaster.ca/cas/0files/0outlines/CAS_702_updated.pdf
[739/2432] 'CAS704 - McMaster University' (live): SAVED top 1 -> https://www.cas.mcmaster.ca/cas/0files/0outlines/CAS_704_updated.pdf
[740/2432] 'CS1MC3 - McMaster University': no usable link (live)
[741/2432] 'CS2DM3 - McMaster University' (live): SAVED top 1 -> https://www.cas.mcmaster.ca/~kahl/CS2DM3/2019/2DM3-2019-Outline.pdf
[742/2432] 'CS2ME3 - McMaster University' (live): SAVED top 1 -> https://gitlab.cas.mcmaster.ca/smiths/se2aa4_cs2me3/-/blob/master/CourseOutline/SE2AA4_CS2ME3_Outline.tex?ref_type=heads
[743/2432] 'CS3DB3 - McMaster University': no usable link (live)
[744/2432] 'CSE780 - McMaster University' (live): SAVED top 1 -> https://github.com/kumrud/CSE780
[745/2432] 'ECE3EJ4 - McMaster University' (live): SAVED top 1 -> https://www.ece.mcmaster.ca/~davidson/EE3CL4/slides/index.html
[746/2432] 'EE3EJ4 - McMaster University' (live): SAVED top 1 -> https://www.ece.mcmaster.ca/faculty/li/EE3EJ4/description.html
[747/2432] 'SE2DM3 - McMaster University': no usable link (live)
[748/2432] 'SFWR2DA4 - McMaster University': no usable link (live)
[749/2432] 'SFWR2DM3 - McMaster University': no usable link (live)
[750/2432] 'SFWR3BB4 - McMaster University': no usable link (live)
[751/2432] 'BUSI3401 - Memorial University of Newfoundland': no usable link (live)
[752/2432] 'C2001 - Memorial University of Newfoundland': no usable link (live)
[753/2432] 'COMP2002 - Memorial University of Newfoundland' (live): SAVED top 1 -> https://www.mun.ca/computerscience/undergraduates/courses/comp-2002-data-structures-and-algorithms
[754/2432] 'COMP2003 - Memorial University of Newfoundland' (live): SAVED top 1 -> https://www.mun.ca/computerscience/undergraduates/courses/comp-2003-computer-architecture
[755/2432] 'COMP3202 - Memorial University of Newfoundland' (live): SAVED top 1 -> https://courses.cs.mun.ca/course-outlines/COMP3202_6915_outline.pdf
[756/2432] 'CS1002 - Memorial University of Newfoundland': no usable link (live)
[757/2432] 'CS1003 - Memorial University of Newfoundland': no usable link (live)
[758/2432] 'CS1700 - Memorial University of Newfoundland': no usable link (live)
[759/2432] 'CS2801 - Memorial University of Newfoundland': no usable link (live)
[760/2432] 'CS3400 - Memorial University of Newfoundland': no usable link (live)
[761/2432] 'ECE4300 - Memorial University of Newfoundland': no usable link (live)
[762/2432] 'ECE4600 - Memorial University of Newfoundland': no usable link (live)
[763/2432] 'CSA151 - Miami University': no usable link (live)
[764/2432] 'CSA163 - Miami University': no usable link (live)
[765/2432] 'CSA174 - Miami University': no usable link (live)
[766/2432] 'CSE148 - Miami University': no usable link (live)
[767/2432] 'CSE174 - Miami University': no usable link (live)
[768/2432] 'CSE271 - Miami University': no usable link (live)
[769/2432] 'CSE274 - Miami University' (live): SAVED top 1 -> https://github.com/ethangtkt/MU-CSE274
[770/2432] 'CSE432 - Miami University': no usable link (live)
[771/2432] 'CSE465 - Miami University': no usable link (live)
[772/2432] 'ECE306 - Miami University': no usable link (live)
[773/2432] 'ECE345 - Miami University': no usable link (live)
[774/2432] 'CSE231 - Michigan State University' (live): SAVED top 1 -> https://www.cse.msu.edu/~cse231
[775/2432] 'CSE232 - Michigan State University' (live): SAVED top 1 -> https://cse.msu.edu/~cse232/us22/slides/cse232_us22_introduction.pdf
[776/2432] 'CSE260 - Michigan State University' (live): SAVED top 1 -> https://cse.msu.edu/~cse260/syllabus.html
[777/2432] 'CSE320 - Michigan State University' (live): SAVED top 1 -> https://www.cse.msu.edu/~cse320/24Summer/syllabus.php
[778/2432] 'CSE380 - Michigan State University' (live): SAVED top 1 -> https://msugrades.com/courses/CSE_380/instructors/JAMES_MICHAEL_MARIANI/semesters
[779/2432] 'CSE404 - Michigan State University' (live): SAVED top 1 -> https://www.cse.msu.edu/~kordjams/CSE-404-Spring-23
[780/2432] 'CSE498 - Michigan State University' (live): SAVED top 1 -> https://cse498.github.io
[781/2432] 'ECE202 - Michigan State University' (live): SAVED top 1 -> https://www.egr.msu.edu/classes/ece202/schan
[782/2432] 'CSE1011 - Mississippi State University': no usable link (live)
[783/2432] 'CSE1233 - Mississippi State University': no usable link (live)
[784/2432] 'CSE1284 - Mississippi State University': no usable link (live)
[785/2432] 'CSE1384 - Mississippi State University': no usable link (live)
[786/2432] 'CSE2213 - Mississippi State University': no usable link (live)
[787/2432] 'CSE4833 - Mississippi State University': no usable link (live)
[788/2432] 'ECE3724 - Mississippi State University' (live): SAVED top 1 -> https://sites.google.com/site/ece3724/Home
[789/2432] 'ECE8990 - Mississippi State University': no usable link (live)
[790/2432] 'CIS388 - Missouri State University': no usable link (live)
[791/2432] 'CIS429 - Missouri State University' (live): SAVED top 1 -> https://missouristate.curriculog.com
[792/2432] 'CIS655 - Missouri State University': no usable link (live)
[793/2432] 'CSC455 - Missouri State University': no usable link (live)
[794/2432] 'CSC690 - Missouri State University': no usable link (live)
[795/2432] 'CSC703 - Missouri State University': no usable link (live)
[796/2432] 'ITC235 - Missouri State University': no usable link (live)
[797/2432] 'ITC429 - Missouri State University' (live): SAVED top 1 -> https://www.missouristate.edu/SHCP/RStats/_Files/56x42.pptx
[798/2432] 'CS145RA - Montana State University': no usable link (live)
[799/2432] 'CSCI127 - Montana State University' (live): SAVED top 1 -> https://huntercsci127.github.io/f25.html
[800/2432] 'CSCI246 - Montana State University' (live): SAVED top 1 -> https://www.cs.montana.edu/bhz/classes/spring-2020/csci246
[801/2432] 'CSCI338 - Montana State University': no usable link (live)
[802/2432] 'C350 - New Jersey Institute of Technology': no usable link (live)
[803/2432] 'CIS114 - New Jersey Institute of Technology': no usable link (live)
[804/2432] 'CIS280 - New Jersey Institute of Technology': no usable link (live)
[805/2432] 'CIS434 - New Jersey Institute of Technology': no usable link (live)
[806/2432] 'CIS490 - New Jersey Institute of Technology': no usable link (live)
[807/2432] 'CIS491 - New Jersey Institute of Technology': no usable link (live)
[808/2432] 'CIS610 - New Jersey Institute of Technology': no usable link (live)
[809/2432] 'CIS631 - New Jersey Institute of Technology': no usable link (live)
[810/2432] 'CIS635 - New Jersey Institute of Technology': no usable link (live)
[811/2432] 'CIS650 - New Jersey Institute of Technology': no usable link (live)
[812/2432] 'CIS734 - New Jersey Institute of Technology': no usable link (live)
[813/2432] 'CPT330 - New Jersey Institute of Technology': no usable link (live)
[814/2432] 'CS288 - New Jersey Institute of Technology' (live): SAVED top 1 -> https://njit.uloop.com/course-notes/828-CS/1495767-CS-288-intensive-programming
[815/2432] 'CS388 - New Jersey Institute of Technology': no usable link (live)
[816/2432] 'CS435 - New Jersey Institute of Technology' (live): SAVED top 1 -> https://www.csd.uoc.gr/~hy435/material/lecture-slides/CS435-lecture01.pdf
[817/2432] 'CS491 - New Jersey Institute of Technology': no usable link (live)
[818/2432] 'CS506 - New Jersey Institute of Technology' (live): SAVED top 1 -> https://njit.uloop.com/course-notes/828-CS/789151-CS-506-Foundations-of-Computer-Science-II
[819/2432] 'CS630 - New Jersey Institute of Technology': no usable link (live)
[820/2432] 'CS631 - New Jersey Institute of Technology': no usable link (live)
[821/2432] 'CS636 - New Jersey Institute of Technology' (live): SAVED top 1 -> https://njit.uloop.com/course-notes/828-CS/6508668-CS-636-Data-Analytics-with-R
[822/2432] 'CS744 - New Jersey Institute of Technology': no usable link (live)
[823/2432] 'DS636 - New Jersey Institute of Technology': no usable link (live)
[824/2432] 'DS637 - New Jersey Institute of Technology': no usable link (live)
[825/2432] 'ECE232 - New Jersey Institute of Technology': no usable link (live)
[826/2432] 'ECE372 - New Jersey Institute of Technology': no usable link (live)
[827/2432] 'ECE374 - New Jersey Institute of Technology': no usable link (live)
[828/2432] 'ECE375 - New Jersey Institute of Technology': no usable link (live)
[829/2432] 'ECE422 - New Jersey Institute of Technology': no usable link (live)
[830/2432] 'ECE605 - New Jersey Institute of Technology' (live): SAVED top 1 -> https://njit.uloop.com/course-notes/4934-ECE/6648889-ECE-605-Discrete
[831/2432] 'ECET201 - New Jersey Institute of Technology': no usable link (live)
[832/2432] 'ECET329 - New Jersey Institute of Technology': no usable link (live)
[833/2432] 'ECET412 - New Jersey Institute of Technology': no usable link (live)
[834/2432] 'FED101 - New Jersey Institute of Technology' (live): SAVED top 1 -> https://ecelabs.njit.edu/fed101/videos.html
[835/2432] 'IS601 - New Jersey Institute of Technology': no usable link (live)
[836/2432] 'CS0002 - New York University': no usable link (live)
[837/2432] 'CS474 - New York University' (live): SAVED top 1 -> https://cs474-uic.github.io/cs474-fall2021-site
[838/2432] 'CS480 - New York University' (live): SAVED top 1 -> http://www.gautamkamath.com/courses/CS480-wi2021-files/lec0-slides.pdf
[839/2432] 'CSCI4 - New York University': no usable link (live)
[840/2432] 'CSC113 - North Carolina State University' (live): SAVED top 1 -> https://engineeringonline.ncsu.edu/site-course-homepages-spring-2025/csc-113-introduction-to-matlab
[841/2432] 'CSC116 - North Carolina State University' (live): SAVED top 1 -> https://engineeringonline.ncsu.edu/wp-content/uploads/sites/280/2024/08/CSC116_-Introduction-to-Computing-Java.pdf
[842/2432] 'CSC216 - North Carolina State University' (live): SAVED top 1 -> https://engineeringonline.ncsu.edu/wp-content/uploads/sites/280/2024/08/CSC-216-Software-Development-Fundamentals.pdf
[843/2432] 'CSC333 - North Carolina State University' (live): SAVED top 1 -> https://csc.ncsu.edu/academics/ugrad-courses/csc-333-automata-grammars-and-computability
[844/2432] 'CSC379 - North Carolina State University' (live): SAVED top 1 -> https://csc.ncsu.edu/academics/ugrad-courses/csc-379-ethics-in-computing
[845/2432] 'CSC422 - North Carolina State University': no usable link (live)
[846/2432] 'CSC591 - North Carolina State University' (live): SAVED top 1 -> https://engineeringonline.ncsu.edu/online-courses/spring-2026/csc-591-artificial-intelligence-of-things
[847/2432] 'E115 - North Carolina State University' (live): SAVED top 1 -> https://e115.engr.ncsu.edu/online-textbook
[848/2432] 'E304 - North Carolina State University' (live): SAVED top 1 -> https://www.lib.ncsu.edu/course/E/304
[849/2432] 'ECE200 - North Carolina State University' (live): SAVED top 1 -> https://engineeringonline.ncsu.edu/site-course-homepages/ece-200-introduction-to-signals-circuits-and-systems
[850/2432] 'ECE209 - North Carolina State University' (live): SAVED top 1 -> https://engineeringonline.ncsu.edu/site-course-homepages/ece-209-computer-systems-programming
[851/2432] 'ECE212 - North Carolina State University' (live): SAVED top 1 -> https://engineeringonline.ncsu.edu/site-course-homepages-spring-2025/ece-212-fundamentals-of-logic-design
[852/2432] 'ECE302 - North Carolina State University' (live): SAVED top 1 -> https://ncsu.uloop.com/course-notes/1468-ECE/236296-ECE-302-Microelectronics
[853/2432] 'ECE309 - North Carolina State University': no usable link (live)
[854/2432] 'ECE331 - North Carolina State University': no usable link (live)
[855/2432] 'ECE434 - North Carolina State University': no usable link (live)
[856/2432] 'ECE489 - North Carolina State University': no usable link (live)
[857/2432] 'ECE589 - North Carolina State University' (live): SAVED top 1 -> https://engineeringonline.ncsu.edu/online-courses/spring-2024/ece-589-solid-state-solar-and-thermal-energy-harvesting
[858/2432] 'ECE745 - North Carolina State University' (live): SAVED top 1 -> https://ncsu.uloop.com/course-notes/1468-ECE/6260894-ECE-745-ASIC-Verification
[859/2432] 'ECE786 - North Carolina State University' (live): SAVED top 1 -> https://engineeringonline.ncsu.edu/student-resources/online-course-homepages-spring-2025/ece-786-advanced-computer-architecture-data-parallel-processors
[860/2432] 'CSCI213 - North Dakota State University': no usable link (live)
[861/2432] 'CSCI222 - North Dakota State University': no usable link (live)
[862/2432] 'CSCI227 - North Dakota State University' (live): SAVED top 1 -> https://stjohn.github.io/teaching/csci227/spr24.html
[863/2432] 'CSCI371 - North Dakota State University': no usable link (live)
[864/2432] 'ECE173 - North Dakota State University' (live): SAVED top 1 -> https://www.cde.nd.gov/information/programs/dual-credit-general-informationfaq/ece173
[865/2432] 'ECE275 - North Dakota State University': no usable link (live)
[866/2432] 'ECE343 - North Dakota State University' (live): SAVED top 1 -> https://www.bisonacademy.com/ECE343/Index.htm
[867/2432] 'ECE461 - North Dakota State University' (live): SAVED top 1 -> https://www.bisonacademy.com/ECE461/Index.htm
[868/2432] 'MIS370 - North Dakota State University' (live): SAVED top 1 -> https://northdakota.stateuniversity.com
[869/2432] 'CS1101 - Northeastern University': no usable link (live)
[870/2432] 'CS1800 - Northeastern University': no usable link (live)
[871/2432] 'CS1802 - Northeastern University': no usable link (live)
[872/2432] 'CS5004 - Northeastern University' (live): SAVED top 1 -> https://www.khoury.northeastern.edu/cs5004-object-oriented-design-course-charter
[873/2432] 'CS5010 - Northeastern University' (live): SAVED top 1 -> https://github.com/kiritoast/CS5010-Program-Design-Paradigms
[874/2432] 'CS5500 - Northeastern University' (live): SAVED top 1 -> https://neu-se.github.io/CS4530-CS5500-Spring-2021
[875/2432] 'CS7140 - Northeastern University' (live): SAVED top 1 -> https://sites.google.com/view/cs7140spring2020/home
[876/2432] 'CY3740 - Northeastern University' (live): SAVED top 1 -> https://www.onarlioglu.com/teaching/reviews/2022_Spring-CY3740.pdf
[877/2432] 'DS3000 - Northeastern University': no usable link (live)
[878/2432] 'DS4200 - Northeastern University' (live): SAVED top 1 -> https://www.khoury.northeastern.edu/home/cody/courses/ds4200-f20/slides/2020-10-19%20Marks%20and%20Channels,%20Data%20Types.pdf
[879/2432] 'DS5220 - Northeastern University' (live): SAVED top 1 -> https://www.khoury.northeastern.edu/home/eelhami/courses_nu_ds5220_fall20.htm
[880/2432] 'EECE2160 - Northeastern University': no usable link (live)
[881/2432] 'EECE2310 - Northeastern University': no usable link (live)
[882/2432] 'CSCI330 - Northern Illinois University' (live): SAVED top 1 -> https://github.com/AaronFosco/CSCI330
[883/2432] 'CSCI466 - Northern Illinois University' (live): SAVED top 1 -> https://niu.uloop.com/course-notes/140793-CSCI/1608081-CSCI-466-Databases
[884/2432] 'CIS313 - Northwestern University': no usable link (live)
[885/2432] 'CIS317 - Northwestern University' (live): SAVED top 1 -> https://glengomez.weebly.com/cis-317---database-systems-design--implementation.html
[886/2432] 'CIS417 - Northwestern University': no usable link (live)
[887/2432] 'CIS465 - Northwestern University': no usable link (live)
[888/2432] 'CSCI150 - Oberlin College' (live): SAVED top 1 -> https://cs.oberlin.edu/~aeck/Spring2025/CSCI150/handouts.html
[889/2432] 'CSCI151 - Oberlin College' (live): SAVED top 1 -> https://occs.cs.oberlin.edu/~aeck/Spring2024/CSCI151
[890/2432] 'CSE1222 - Ohio State University' (live): SAVED top 1 -> https://guides.osu.edu/cse1222
[891/2432] 'CSE2111 - Ohio State University' (live): SAVED top 1 -> https://guides.osu.edu/cse2111
[892/2432] 'CS2401 - Ohio University': no usable link (live)
[893/2432] 'EE2114 - Ohio University': no usable link (live)
[894/2432] 'EE3343 - Ohio University' (live): SAVED top 1 -> https://www.ohio.edu/engineering/sites/ohio.edu.engineering/files/sites/engineering/3-2022%204%20year%20template-CPE%20(2).pdf
[895/2432] 'CS1103 - Oklahoma State University': no usable link (live)
[896/2432] 'CS2133 - Oklahoma State University': no usable link (live)
[897/2432] 'CS3353 - Oklahoma State University' (live): SAVED top 1 -> https://congpu.github.io/course/cs3353.html
[898/2432] 'CS3613 - Oklahoma State University': no usable link (live)
[899/2432] 'CS3653 - Oklahoma State University': no usable link (live)
[900/2432] 'CS4343 - Oklahoma State University': no usable link (live)
[901/2432] 'CS5313 - Oklahoma State University': no usable link (live)
[902/2432] 'ECEN3513 - Oklahoma State University': no usable link (live)
[903/2432] 'EEE2023 - Oklahoma State University' (live): SAVED top 1 -> https://okstate.uloop.com/course-notes/250522-EEE/5917142-EEE-2023-Intro-to-Entrepreneurship
[904/2432] 'MSIS2013 - Oklahoma State University': no usable link (live)
[905/2432] 'MSIS2203 - Oklahoma State University': no usable link (live)
[906/2432] 'ECE313 - Old Dominion University': no usable link (live)
[907/2432] 'EET225 - Old Dominion University': no usable link (live)
[908/2432] 'CS225 - Oregon State University' (live): SAVED top 1 -> https://www.osu-cs-ca.com/courses/CS-225
[909/2432] 'CS325H - Oregon State University' (live): SAVED top 1 -> https://web.engr.oregonstate.edu/~nayyeria/CS325/Fall17/index.htm
[910/2432] 'CS352 - Oregon State University' (live): SAVED top 1 -> https://www.osu-cs-ca.com/courses/CS-352
[911/2432] 'CS372 - Oregon State University' (live): SAVED top 1 -> https://github.com/CS-372-nilsstreedain
[912/2432] 'CS519 - Oregon State University': no usable link (live)
[913/2432] 'CS534 - Oregon State University' (live): SAVED top 1 -> https://web.engr.oregonstate.edu/~tgd/classes/534/handouts/syllabus.html
[914/2432] 'ENGR203 - Oregon State University' (live): SAVED top 1 -> https://web.engr.oregonstate.edu/~webbky/ENGR203.htm
[915/2432] 'CIS102W - Pace University': no usable link (live)
[916/2432] 'CS612 - Pace University': no usable link (live)
[917/2432] 'CS659 - Pace University': no usable link (live)
[918/2432] 'IS629 - Pace University': no usable link (live)
[919/2432] 'IS638 - Pace University': no usable link (live)
[920/2432] 'CMPCS201 - Penn State University': no usable link (live)
[921/2432] 'CMPEN221 - Penn State University': no usable link (live)
[922/2432] 'CMPEN270 - Penn State University' (live): SAVED top 1 -> https://www.cse.psu.edu/~kxc104/class/cmpen270/10s/syllabus.html
[923/2432] 'CMPEN311 - Penn State University': no usable link (live)
[924/2432] 'CMPEN331 - Penn State University' (live): SAVED top 1 -> https://gitlab.com/sethusenthil/CMPEN_331
[925/2432] 'CMPEN454 - Penn State University' (live): SAVED top 1 -> https://www.cse.psu.edu/~rtc12/CSE486/lecture01.pdf
[926/2432] 'CMPSC100 - Penn State University': no usable link (live)
[927/2432] 'CMPSC101 - Penn State University': no usable link (live)
[928/2432] 'CMPSC121 - Penn State University' (live): SAVED top 1 -> https://turing.cs.hbg.psu.edu/cmpsc121/syllabus
[929/2432] 'CMPSC132 - Penn State University' (live): SAVED top 1 -> https://github.com/kinnerparikh/CMPSC132
[930/2432] 'CMPSC200 - Penn State University' (live): SAVED top 1 -> https://cheatography.com/xsgirl99/cheat-sheets/cmpsc-200-exam-ii
[931/2432] 'CMPSC201 - Penn State University' (live): SAVED top 1 -> https://psu.uloop.com/course-notes/1080-CMPSC/233249-CMPSC-201-C
[932/2432] 'CMPSC201C - Penn State University' (live): SAVED top 1 -> https://www.minich.com/education/psu/cmpsc201/syllabus.htm
[933/2432] 'CMPSC203 - Penn State University' (live): SAVED top 1 -> https://psu.uloop.com/course-notes/1080-CMPSC-Computer-Science/203526-CMPSC-203-Introduction-to-Spreadsheets-and-Databases
[934/2432] 'CMPSC311 - Penn State University' (live): SAVED top 1 -> https://github.com/PSUCMPSC311/psucmpsc311.github.io
[935/2432] 'CMPSC360 - Penn State University': no usable link (live)
[936/2432] 'CMPSC431W - Penn State University' (live): SAVED top 1 -> https://www.cse.psu.edu/~wul2/cmpsc431w
[937/2432] Tavily quota exhausted -> switching to SerpAPI
[937/2432] 'CMPSC442 - Penn State University': no usable link (live)
[938/2432] 'CMPSC448 - Penn State University' (live): SAVED top 1 -> https://www.cse.psu.edu/~mzm616/courses/cmpsc448/index.html
[939/2432] 'CMPSC461 - Penn State University': no usable link (live)
[940/2432] 'CMPSC473 - Penn State University' (live): SAVED top 1 -> https://sites.psu.edu/timothyz/cmpsc-473-operating-systems/
[941/2432] 'CMPSC475 - Penn State University': no usable link (live)
[942/2432] 'CS442 - Penn State University': no usable link (live)
[943/2432] 'CSE103 - Penn State University': no usable link (live)
[944/2432] 'CSE411 - Penn State University' (live): SAVED top 1 -> https://www.cse.psu.edu/~buu1/teaching/fall06/411/slides/lecture2-sept08.pdf
[945/2432] 'CSE511 - Penn State University': no usable link (live)
[946/2432] 'CSE541 - Penn State University': no usable link (live)
[947/2432] 'CSE583 - Penn State University' (live): SAVED top 1 -> https://github.com/kistlerk/cse583
[948/2432] 'DS442 - Penn State University' (live): SAVED top 1 -> https://ist.psu.edu/learning/courses/ds/442
[949/2432] 'ECE453 - Penn State University': no usable link (live)
[950/2432] 'EE320 - Penn State University': no usable link (live)
[951/2432] 'EE351 - Penn State University': no usable link (live)
[952/2432] 'EE387 - Penn State University': no usable link (live)
[953/2432] 'EE552 - Penn State University': no usable link (live)
[954/2432] 'ECE172 - Portland State University': no usable link (live)
[955/2432] 'ECE271 - Portland State University': no usable link (live)
[956/2432] 'ECE315 - Portland State University': no usable link (live)
[957/2432] 'ECE322 - Portland State University': no usable link (live)
[958/2432] 'ECE351 - Portland State University': no usable link (live)
[959/2432] 'ECE581 - Portland State University': no usable link (live)
[960/2432] 'ECE582 - Portland State University': no usable link (live)
[961/2432] 'INFO651 - Pratt Institute': no usable link (live)
[962/2432] 'EE550 - Princeton University' (live): SAVED top 1 -> https://www.princetonreview.com/cms-content/guide-to-your-administrator-dashboard_b-2023_new.pptx
[963/2432] 'EE598 - Princeton University' (live): SAVED top 1 -> https://www.princetoncourses.com/
[964/2432] 'CS12300 - Purdue University': no usable link (live)
[965/2432] 'CS12600 - Purdue University': no usable link (live)
[966/2432] 'CS223 - Purdue University': no usable link (live)
[967/2432] 'CS275 - Purdue University': no usable link (live)
[968/2432] 'CS27500 - Purdue University': no usable link (live)
[969/2432] 'IT402 - Purdue University': no usable link (live)
[970/2432] 'ITS170 - Purdue University': no usable link (live)
[971/2432] 'ITSY1300 - Purdue University' (live): SAVED top 1 -> https://www.cs.purdue.edu/homes/ninghui/courses/426_Fall10/lectures.html
[972/2432] 'CISI012 - Queens College': no usable link (live)
[973/2432] 'CS012 - Queens College': no usable link (live)
[974/2432] 'CS12 - Queens College': no usable link (live)
[975/2432] 'CS313 - Queens College': no usable link (live)
[976/2432] 'CS320 - Queens College' (live): SAVED top 1 -> https://qc.uloop.com/course-notes/740377-CS/6500172-CS-320-Theory-of-Comp
[977/2432] 'CS340 - Queens College': no usable link (live)
[978/2432] 'CS343 - Queens College' (live): SAVED top 1 -> https://qc.uloop.com/course-notes/740377-CS/11076161-CS-343-343
[979/2432] 'CS346 - Queens College': no usable link (live)
[980/2432] 'CS355 - Queens College': no usable link (live)
[981/2432] 'CS381 - Queens College': no usable link (live)
[982/2432] 'CS715 - Queens College': no usable link (live)
[983/2432] 'CSC323 - Queens College': no usable link (live)
[984/2432] 'CSCI012 - Queens College': no usable link (live)
[985/2432] 'CSCI111 - Queens College': no usable link (live)
[986/2432] 'CSCI111LAB - Queens College': no usable link (live)
[987/2432] 'CSCI12 - Queens College': no usable link (live)
[988/2432] 'CSCI211 - Queens College' (live): SAVED top 1 -> https://qc.uloop.com/course-notes/73995-CSCI/4415143-CSCI-211
[989/2432] 'CSCI220 - Queens College': no usable link (live)
[990/2432] 'CSCI240 - Queens College': no usable link (live)
[991/2432] 'CSCI313 - Queens College': no usable link (live)
[992/2432] 'CSCI316 - Queens College' (live): SAVED top 1 -> https://qc.uloop.com/course-notes/73995-CSCI/4618212-CSCI-316
[993/2432] 'CSCI320 - Queens College': no usable link (live)
[994/2432] 'CSCI323 - Queens College' (live): SAVED top 1 -> https://github.com/jhuilin/CSCI323-Design-and-Analysis-of-Algorithms-
[995/2432] 'CSCI328 - Queens College': no usable link (live)
[996/2432] 'CSCI331 - Queens College': no usable link (live)
[997/2432] 'CSCI340 - Queens College': no usable link (live)
[998/2432] 'CSCI344 - Queens College': no usable link (live)
[999/2432] 'CSCI355 - Queens College': no usable link (live)
[1000/2432] 'CSCI381 - Queens College': no usable link (live)
[1001/2432] 'DATA205 - Queens College': no usable link (live)
[1002/2432] 'EECE351 - Queens College': no usable link (live)
[1003/2432] 'EECE555 - Queens College': no usable link (live)
[1004/2432] 'EECE798 - Queens College': no usable link (live)
[1005/2432] 'EECE800 - Queens College': no usable link (live)
[1006/2432] 'MG210 - Quinnipiac University': no usable link (live)
[1007/2432] 'MG321 - Quinnipiac University': no usable link (live)
[1008/2432] 'MG335 - Quinnipiac University': no usable link (live)
[1009/2432] 'CSCI221 - Reed College' (live): SAVED top 1 -> https://jimfix.github.io/csci221/index.html
[1010/2432] 'CSCI382 - Reed College': no usable link (live)
[1011/2432] 'CSCI387 - Reed College': no usable link (live)
[1012/2432] 'CSCI389 - Reed College': no usable link (live)
[1013/2432] 'CS2500 - Rensselaer Polytechnic Institute': no usable link (live)
[1014/2432] 'CSCI1200 - Rensselaer Polytechnic Institute' (live): SAVED top 1 -> http://www.cs.rpi.edu/academics/courses/spring22/csci1200/calendar.php
[1015/2432] 'CSCI2200 - Rensselaer Polytechnic Institute': no usable link (live)
[1016/2432] 'CSCI2300 - Rensselaer Polytechnic Institute': no usable link (live)
[1017/2432] 'CSCI2500 - Rensselaer Polytechnic Institute': no usable link (live)
[1018/2432] 'CSCI2600 - Rensselaer Polytechnic Institute': no usable link (live)
[1019/2432] 'CSCI4100 - Rensselaer Polytechnic Institute': no usable link (live)
[1020/2432] 'CSCI4150 - Rensselaer Polytechnic Institute' (live): SAVED top 1 -> https://github.com/AlbMej/CSCI-4150-Introduction-to-Artificial-Intelligence
[1021/2432] 'CSCI4210 - Rensselaer Polytechnic Institute': no usable link (live)
[1022/2432] 'CSCI4350 - Rensselaer Polytechnic Institute': no usable link (live)
[1023/2432] 'CSCI4370 - Rensselaer Polytechnic Institute': no usable link (live)
[1024/2432] 'CSCI4800 - Rensselaer Polytechnic Institute' (live): SAVED top 1 -> https://aubert.info/teaching/2021/fall/csci4800/exam_2.pdf?
[1025/2432] 'CSCI4964 - Rensselaer Polytechnic Institute': no usable link (live)
[1026/2432] 'CSCI6100 - Rensselaer Polytechnic Institute': no usable link (live)
[1027/2432] 'ECSE2110 - Rensselaer Polytechnic Institute': no usable link (live)
[1028/2432] 'ECSE2210 - Rensselaer Polytechnic Institute': no usable link (live)
[1029/2432] 'ECSE2610 - Rensselaer Polytechnic Institute': no usable link (live)
[1030/2432] 'ECSE4900 - Rensselaer Polytechnic Institute' (live): SAVED top 1 -> https://sites.ecse.rpi.edu/courses/F23/ECSE-1010/in_class_activities/Class_1_Design_Ideation_Activity_Poster_F23.pptx
[1031/2432] 'MANE4620 - Rensselaer Polytechnic Institute': no usable link (live)
[1032/2432] 'COMP140 - Rice University' (live): SAVED top 1 -> https://www.clear.rice.edu/comp140/
[1033/2432] 'COMP182 - Rice University' (live): SAVED top 1 -> https://rice.uloop.com/course-notes/77672-COMP/4434538-COMP-182-ALGORITHMIC-THINKING
[1034/2432] 'COMP504 - Rice University': no usable link (live)
[1035/2432] 'ELEC241 - Rice University' (live): SAVED top 1 -> https://elec241.rice.edu/course-materials/
[1036/2432] 'ELEC327 - Rice University' (live): SAVED top 1 -> https://elec327.github.io/
[1037/2432] 'CMPE570 - Rochester Institute of Technology': no usable link (live)
[1038/2432] 'CMPE670 - Rochester Institute of Technology': no usable link (live)
[1039/2432] 'CS2 - Rochester Institute of Technology' (live): SAVED top 1 -> https://www.cs.rit.edu/~rlaz/cs2/
[1040/2432] 'CS3 - Rochester Institute of Technology' (live): SAVED top 1 -> https://cs3.com/
[1041/2432] 'CSC1141 - Rochester Institute of Technology': no usable link (live)
[1042/2432] 'CSC250 - Rochester Institute of Technology': no usable link (live)
[1043/2432] 'CSCI140 - Rochester Institute of Technology': no usable link (live)
[1044/2432] 'CSCI141 - Rochester Institute of Technology': no usable link (live)
[1045/2432] 'CSCI142 - Rochester Institute of Technology': no usable link (live)
[1046/2432] 'CSCI243 - Rochester Institute of Technology': no usable link (live)
[1047/2432] 'CSCI250 - Rochester Institute of Technology': no usable link (live)
[1048/2432] 'CSCI251 - Rochester Institute of Technology': no usable link (live)
[1049/2432] 'CSCI261 - Rochester Institute of Technology': no usable link (live)
[1050/2432] 'CSCI262 - Rochester Institute of Technology': no usable link (live)
[1051/2432] 'CSCI420 - Rochester Institute of Technology' (live): SAVED top 1 -> https://www.hao-li.com/Hao_Li/Hao_Li_-_teaching_%5BCSCI_420__Computer_Graphics_FS_2017%5D.html
[1052/2432] 'CSCI462 - Rochester Institute of Technology' (live): SAVED top 1 -> https://www.cs.rit.edu/~spr/COURSES/SYL/CSCI-462-IntroCrypto-syll.html
[1053/2432] 'CSCI631 - Rochester Institute of Technology': no usable link (live)
[1054/2432] 'CSCI651 - Rochester Institute of Technology' (live): SAVED top 1 -> https://rit.uloop.com/course-notes/434780-CSCI/6620739-CSCI-651-Foundations-of-Computer-Networks
[1055/2432] 'CSCI720 - Rochester Institute of Technology': no usable link (live)
[1056/2432] 'CSCI788 - Rochester Institute of Technology': no usable link (live)
[1057/2432] 'CSD220 - Rochester Institute of Technology': no usable link (live)
[1058/2432] 'CSEC101 - Rochester Institute of Technology': no usable link (live)
[1059/2432] 'CSEC102 - Rochester Institute of Technology': no usable link (live)
[1060/2432] 'CSEC140 - Rochester Institute of Technology': no usable link (live)
[1061/2432] 'CSEC201 - Rochester Institute of Technology': no usable link (live)
[1062/2432] 'DATA1 - Rochester Institute of Technology' (live): SAVED top 1 -> https://rit.textbookx.com/
[1063/2432] 'EEEE120 - Rochester Institute of Technology': no usable link (live)
[1064/2432] 'EEEE281 - Rochester Institute of Technology': no usable link (live)
[1065/2432] 'EEEE346 - Rochester Institute of Technology': no usable link (live)
[1066/2432] 'EEEE620 - Rochester Institute of Technology': no usable link (live)
[1067/2432] 'GCIS123 - Rochester Institute of Technology' (live): SAVED top 1 -> https://www.se.rit.edu/~gcis-123/syllabus.html
[1068/2432] 'GCIS124 - Rochester Institute of Technology' (live): SAVED top 1 -> https://www.se.rit.edu/~gcis-124/syllabus.html
[1069/2432] 'GCIS127 - Rochester Institute of Technology': no usable link (live)
[1070/2432] 'NSSA220 - Rochester Institute of Technology': no usable link (live)
[1071/2432] 'NSSA241 - Rochester Institute of Technology': no usable link (live)
[1072/2432] 'SWEN123 - Rochester Institute of Technology': no usable link (live)
[1073/2432] 'SWEN262 - Rochester Institute of Technology' (live): SAVED top 1 -> https://www.se.rit.edu/~swen-262/schedule/2255-2per.html
[1074/2432] 'CSSE230 - Rose-Hulman Institute of Technology' (live): SAVED top 1 -> https://www.rose-hulman.edu/class/cs/csse230/syllabus.html
[1075/2432] 'CSSE232 - Rose-Hulman Institute of Technology' (live): SAVED top 1 -> https://www.rose-hulman.edu/class/cs/csse232/
[1076/2432] 'CSSE280 - Rose-Hulman Institute of Technology' (live): SAVED top 1 -> https://www.rose-hulman.edu/class/csse/csse280/201710/Slides/Intro-Internet.pdf
[1077/2432] 'CSSE332 - Rose-Hulman Institute of Technology' (live): SAVED top 1 -> https://rhit-csse.github.io/csse332/
[1078/2432] 'CSSE374 - Rose-Hulman Institute of Technology' (live): SAVED top 1 -> https://www.rose-hulman.edu/class/cs/csse374/
[1079/2432] 'ECE130 - Rose-Hulman Institute of Technology' (live): SAVED top 1 -> https://www.rose-hulman.edu/class/ee/laflen/ece130/
[1080/2432] 'ECE180 - Rose-Hulman Institute of Technology': no usable link (live)
[1081/2432] 'ECE233 - Rose-Hulman Institute of Technology': no usable link (live)
[1082/2432] 'ECE312 - Rose-Hulman Institute of Technology': no usable link (live)
[1083/2432] 'ENGD240 - Rose-Hulman Institute of Technology': no usable link (live)
[1084/2432] 'COMP01111 - Rowan University': no usable link (live)
[1085/2432] 'COMP01112 - Rowan University': no usable link (live)
[1086/2432] 'COMP2 - Rowan University': no usable link (live)
[1087/2432] 'CS01104 - Rowan University': no usable link (live)
[1088/2432] 'CS02480 - Rowan University': no usable link (live)
[1089/2432] 'CS02505 - Rowan University': no usable link (live)
[1090/2432] 'CS02530 - Rowan University': no usable link (live)
[1091/2432] 'CS03351 - Rowan University': no usable link (live)
[1092/2432] 'CS04222 - Rowan University' (live): SAVED top 1 -> https://csm.rowan.edu/departments/cs/advising/resources/syllabi/cs_04222.pdf
[1093/2432] 'CS06205 - Rowan University' (live): SAVED top 1 -> https://csm.rowan.edu/departments/cs/advising/resources/syllabi/cs_06205.pdf
[1094/2432] 'CS06395 - Rowan University' (live): SAVED top 1 -> https://csm.rowan.edu/departments/cs/advising/resources/syllabi/cs_06395.pdf
[1095/2432] 'DSA01 - Rowan University': no usable link (live)
[1096/2432] 'DSA1 - Rowan University': no usable link (live)
[1097/2432] 'MIS02234 - Rowan University' (live): SAVED top 1 -> https://innovativeprof.com/Rowan/courses/mis-02234-management-information-systems/
[1098/2432] 'MIS02322 - Rowan University': no usable link (live)
[1099/2432] 'CS554 - Rutgers University' (live): SAVED top 1 -> https://myrbs.business.rutgers.edu/sites/default/files/syllabi/544-information-technology/22_544_641.pdf
[1100/2432] 'CS319 - Sacred Heart University': no usable link (live)
[1101/2432] 'CTL125 - Sacred Heart University': no usable link (live)
[1102/2432] 'CY212 - Sacred Heart University': no usable link (live)
[1103/2432] 'CSCI1070 - Saint Louis University': no usable link (live)
[1104/2432] 'CSCI2510 - Saint Louis University' (live): SAVED top 1 -> https://dferry.github.io/courses/csci2510/
[1105/2432] 'CSCI5530 - Saint Louis University': no usable link (live)
[1106/2432] 'ECE1200 - Saint Louis University' (live): SAVED top 1 -> https://ww1.microchip.com/downloads/en/DeviceDoc/ECE1200-Data-Sheet-DS00003093A.pdf
[1107/2432] 'COS4320 - Sam Houston State University': no usable link (live)
[1108/2432] 'COSC1436 - Sam Houston State University': no usable link (live)
[1109/2432] 'COSC2327 - Sam Houston State University': no usable link (live)
[1110/2432] 'COSC2329 - Sam Houston State University': no usable link (live)
[1111/2432] 'COSC3319 - Sam Houston State University' (live): SAVED top 1 -> https://shsu.simplesyllabus.com/
[1112/2432] 'COSC4316 - Sam Houston State University': no usable link (live)
[1113/2432] 'COSC4319 - Sam Houston State University': no usable link (live)
[1114/2432] 'DFSC1316 - Sam Houston State University': no usable link (live)
[1115/2432] 'DFSC1317 - Sam Houston State University': no usable link (live)
[1116/2432] 'DFSC2316 - Sam Houston State University': no usable link (live)
[1117/2432] 'DFSC3316 - Sam Houston State University': no usable link (live)
[1118/2432] 'CS496 - San Diego State University': no usable link (live)
[1119/2432] 'EE340 - San Diego State University' (live): SAVED top 1 -> https://nguyen.sdsu.edu/EE200/slides.html
[1120/2432] 'CSC213 - San Francisco State University' (live): SAVED top 1 -> https://sfsu.edu2.com/
[1121/2432] 'CSC300 - San Francisco State University': no usable link (live)
[1122/2432] 'CSC324 - San Francisco State University': no usable link (live)
[1123/2432] 'CSC415 - San Francisco State University': no usable link (live)
[1124/2432] 'CSC510 - San Francisco State University' (live): SAVED top 1 -> https://bidal.sfsu.edu/~kazokada/csc510/
[1125/2432] 'CSC621 - San Francisco State University' (live): SAVED top 1 -> https://bidal.sfsu.edu/~kazokada/csc621-821/
[1126/2432] 'CSC645 - San Francisco State University': no usable link (live)
[1127/2432] 'CSC648 - San Francisco State University' (live): SAVED top 1 -> https://sfsu.edu2.com/
[1128/2432] 'CSC675 - San Francisco State University': no usable link (live)
[1129/2432] 'CSC872 - San Francisco State University' (live): SAVED top 1 -> https://bidal.sfsu.edu/~kazokada/csc872/
[1130/2432] SerpAPI quota exhausted

[1130/2432] ALL search API quotas exhausted -> PAUSING (resumable: rerun to continue).

PAUSED (API quotas exhausted); saved 448 this run; 5641 courses labelled in ccr_labels.db (+ ccr_auto_labels_review.md)
[Sun Jul  5 20:23:29 UTC 2026] DONE
[Mon Jul  6 05:06:04 UTC 2026] waiting for search engines to recover...
[Mon Jul  6 05:06:04 UTC 2026] search API key set (Tavily/SerpAPI) -> using API, no wait needed
[Mon Jul  6 05:06:04 UTC 2026] engines healthy -> refreshing CS/ECE rows
cleared 448 non-gold cs/ece rows for fresh live search
[Mon Jul  6 05:06:04 UTC 2026] starting live CS/ECE labeller (--no-cache)
3088 slide-rich courses (>= 4 ratings) [cs:2810, ece:278]; gold: 231 adopted, 425 no-slides (0 dropped); 5193 labelled; 1109 cached + 1323 live to do
search backends: tavily, serpapi (keyed API; scrapers disabled)
[1/2432] 'CSC280 - American University': no usable link (recache)
[2/2432] 'CIS235 - Arizona State University': no usable link (recache)
[3/2432] 'CIS236 - Arizona State University' (recache): SAVED top 1 -> https://provost.asu.edu/sites/g/files/litvpz671/files/gsc/1681/cis_236_cs_mr_revised.pdf
[4/2432] 'CIS340 - Arizona State University' (recache): SAVED top 1 -> http://www.hmrc.gov.uk/gds/cisr/attachments/cis340.pdf
[5/2432] 'CIS425 - Arizona State University': no usable link (recache)
[6/2432] 'CIS446 - Arizona State University': no usable link (recache)
[7/2432] 'CSE110 - Arizona State University' (recache): SAVED top 1 -> https://courses.ea.asu.edu/principles-of-programming-cse-110
[8/2432] 'CSE230 - Arizona State University': no usable link (recache)
[9/2432] 'CSE412 - Arizona State University' (recache): SAVED top 1 -> https://asu.uloop.com/course-notes/3367-CSE/517544-CSE-412-Database-Management
[10/2432] 'CSE430 - Arizona State University': no usable link (recache)
[11/2432] 'CSE546 - Arizona State University': no usable link (recache)
[12/2432] 'CSE563 - Arizona State University' (recache): SAVED top 1 -> https://speakerdeck.com/javiergs/cse563-lecture-01
[13/2432] 'CSE564 - Arizona State University' (recache): SAVED top 1 -> https://speakerdeck.com/javiergs/cse564-lecture-01
[14/2432] 'CSE565 - Arizona State University' (recache): SAVED top 1 -> https://asu.uloop.com/course-notes/3367-CSE/639148-CSE-565-Software-Verification-Validation-And-Testing
[15/2432] 'CSE575 - Arizona State University': no usable link (recache)
[16/2432] 'CSE578 - Arizona State University': no usable link (recache)
[17/2432] 'CSE579 - Arizona State University': no usable link (recache)
[18/2432] 'ECE100 - Arizona State University': no usable link (recache)
[19/2432] 'ECE203 - Arizona State University' (recache): SAVED top 1 -> https://willowelectronics.com/ece-203-electric-circuits-and-systems-laboratory
[20/2432] 'ECE352 - Arizona State University' (recache): SAVED top 1 -> https://ece.engineering.arizona.edu/undergrad-programs/courses/ECE352
[21/2432] 'EEE120 - Arizona State University' (recache): SAVED top 1 -> https://github.com/msp430launchpad/EEE120
[22/2432] 'EEE241 - Arizona State University' (recache): SAVED top 1 -> https://asu.uloop.com/course-notes/1613-EEE/239951-EEE-241-EEE
[23/2432] 'EEE304 - Arizona State University': no usable link (recache)
[24/2432] 'EEE334 - Arizona State University': no usable link (recache)
[25/2432] 'EEE335 - Arizona State University' (recache): SAVED top 1 -> https://asu.uloop.com/course-notes/1613-EEE/609565-EEE-335-ANALOG-AND-DIGITAL-CIRCUITS
[26/2432] 'EEE350 - Arizona State University' (recache): SAVED top 1 -> https://asu.uloop.com/course-notes/1613-EEE/240227-EEE-350-Random-Signal-Analysis
[27/2432] 'EEE352 - Arizona State University': no usable link (recache)
[28/2432] 'EEE419 - Arizona State University': no usable link (recache)
[29/2432] 'EEE423 - Arizona State University': no usable link (recache)
[30/2432] 'EEE425 - Arizona State University' (recache): SAVED top 1 -> https://asu.uloop.com/course-notes/1613-EEE/822860-EEE-425
[31/2432] 'EEE436 - Arizona State University' (recache): SAVED top 1 -> https://asu.uloop.com/course-notes/1613-EEE/639174-EEE-436
[32/2432] 'EEE455 - Arizona State University': no usable link (recache)
[33/2432] 'EEE498 - Arizona State University' (recache): SAVED top 1 -> https://ecee.engineering.asu.edu/wp-content/uploads/sites/40/2024/03/EEE498-Manufacturing-Science-of-Solar-Cells93.docx
[34/2432] 'EEE525 - Arizona State University' (recache): SAVED top 1 -> https://asu.uloop.com/course-notes/1613-EEE/4977530-EEE-525-VLSI-Design
[35/2432] 'EEE552 - Arizona State University': no usable link (recache)
[36/2432] 'EEE554 - Arizona State University' (recache): SAVED top 1 -> https://ecee.engineering.asu.edu/wp-content/uploads/sites/40/2019/08/Course-Topics-for-EEE-554.docx
[37/2432] 'EEE598 - Arizona State University': no usable link (recache)
[38/2432] 'COMP3240 - Auburn University' (recache): SAVED top 1 -> https://auburn.uloop.com/course-notes/6644-COMP/1561204-COMP-3240-Discrete-Structures
[39/2432] 'COMP3270 - Auburn University' (recache): SAVED top 1 -> https://ler.me/courses/comp-3270-introduction-to-algorithms-019d8e8f-1961-790b-b689-fa79f55f13c3
[40/2432] 'COMP3350 - Auburn University' (recache): SAVED top 1 -> https://github.com/wumphlett/COMP-3350
[41/2432] 'COMP3510 - Auburn University': no usable link (recache)
[42/2432] 'COMP3700 - Auburn University' (recache): SAVED top 1 -> https://github.com/MatthewBentz/Comp3700
[43/2432] 'COMP4200 - Auburn University' (recache): SAVED top 1 -> https://www.eng.auburn.edu/~xqin/courses/comp7370/Lec01b.ppt
[44/2432] 'COMP4300 - Auburn University' (recache): SAVED top 1 -> https://www.eng.auburn.edu/~xqin/courses/comp4300/index.html
[45/2432] 'COMP4320 - Auburn University' (recache): SAVED top 1 -> https://github.com/wumphlett/COMP-4320
[46/2432] 'COMP5120 - Auburn University' (recache): SAVED top 1 -> https://github.com/MatthewBentz/COMP5120
[47/2432] 'COMP5130 - Auburn University' (recache): SAVED top 1 -> https://github.com/mjayroe01/svm-comp5130-g3
[48/2432] 'COMP5970 - Auburn University': no usable link (recache)
[49/2432] 'ELEC2110 - Auburn University' (recache): SAVED top 1 -> https://www.eng.auburn.edu/~agrawvd/E6970/LECTURES/lec1.ppt
[50/2432] 'ELEC2200 - Auburn University' (recache): SAVED top 1 -> https://www.eng.auburn.edu/~agrawvd/COURSE/E2200_Fall15/LECTURES/lec1_intro.ppt
[51/2432] 'CIS2000 - Baruch College': no usable link (recache)
[52/2432] 'CIS9001 - Baruch College' (recache): SAVED top 1 -> https://toolkit.baruch.cuny.edu/wp-content/uploads/sites/11/2023/05/BaruchCollegePPT-Template.pptx
[53/2432] 'CIS9002 - Baruch College' (recache): SAVED top 1 -> https://toolkit.baruch.cuny.edu/wp-content/uploads/sites/11/2023/05/BaruchCollegePPT-Template.pptx
[54/2432] 'CS305 - Bentley University': no usable link (recache)
[55/2432] 'CS105 - Binghamton University' (recache): SAVED top 1 -> https://bingdev.binghamton.edu/rhinton/cs105notes.html
[56/2432] 'CS311 - Binghamton University': no usable link (recache)
[57/2432] 'CS333 - Binghamton University': no usable link (recache)
[58/2432] 'EE107 - Boston University' (recache): SAVED top 1 -> https://www.bu.edu/academics/cas/courses/cas-ee-107
[59/2432] 'CIS1115 - Brooklyn College': no usable link (recache)
[60/2432] 'CS17 - Brown University' (recache): SAVED top 1 -> https://cs.brown.edu/courses/cs017/content/lectures/01welcome-racket.pdf
[61/2432] 'ECEG100 - Bucknell University': no usable link (recache)
[62/2432] 'ECEG240 - Bucknell University': no usable link (recache)
[63/2432] 'ECEG270 - Bucknell University': no usable link (recache)
[64/2432] 'ECEG431 - Bucknell University': no usable link (recache)
[65/2432] 'CPE133 - California Polytechnic State University' (recache): SAVED top 1 -> https://calpoly.uloop.com/course-notes/2815-CPE/1556821-CPE-133
[66/2432] 'EE212 - California Polytechnic State University' (recache): SAVED top 1 -> https://calpoly.uloop.com/course-notes/855-EE/238646-EE-212-ELECTRIC-CIRCUIT-ANALYSIS-III
[67/2432] 'EE242 - California Polytechnic State University': no usable link (recache)
[68/2432] 'CS3110 - California State Polytechnic University, Pomona' (recache): SAVED top 1 -> https://csupomona.uloop.com/course-notes/965-CS/790179-CS-3110-Formal-Languages-and-Automata
[69/2432] 'ECE1101L - California State Polytechnic University, Pomona': no usable link (recache)
[70/2432] 'ECE1310 - California State Polytechnic University, Pomona': no usable link (recache)
[71/2432] 'ECE2300L - California State Polytechnic University, Pomona': no usable link (recache)
[72/2432] 'ECE3101 - California State Polytechnic University, Pomona' (recache): SAVED top 1 -> https://csupomona.uloop.com/course-notes/962-ECE/9431061-ECE-3101-Signals-and-Systems
[73/2432] 'ECE3200 - California State Polytechnic University, Pomona': no usable link (recache)
[74/2432] 'ECE3300 - California State Polytechnic University, Pomona' (recache): SAVED top 1 -> https://github.com/aseddin/ece_3300
[75/2432] 'ECE3301L - California State Polytechnic University, Pomona' (recache): SAVED top 1 -> https://csupomona.uloop.com/course-notes/962-ECE/10564297-ECE-3301L-3301L
[76/2432] 'ECE3709L - California State Polytechnic University, Pomona' (recache): SAVED top 1 -> https://csupomona.uloop.com/course-notes/962-ECE/9431010-ECE-3709-Control-Systems
[77/2432] 'ECE3715 - California State Polytechnic University, Pomona' (recache): SAVED top 1 -> https://csupomona.uloop.com/course-notes/962-ECE/10607953-ECE-3715-3715
[78/2432] 'ECE4305 - California State Polytechnic University, Pomona' (recache): SAVED top 1 -> https://github.com/aseddin/ece_4305
[79/2432] 'GBA6050 - California State Polytechnic University, Pomona': no usable link (recache)
[80/2432] 'CINS220 - California State University, Chico': no usable link (recache)
[81/2432] 'CINS370 - California State University, Chico': no usable link (recache)
[82/2432] 'CINS448 - California State University, Chico': no usable link (recache)
[83/2432] 'CINS465 - California State University, Chico' (recache): SAVED top 1 -> https://www.bryancdixon.com/fall/2022/cins/465/syllabus
[84/2432] 'CINS548 - California State University, Chico': no usable link (recache)
[85/2432] 'CSCI112 - California State University, Chico': no usable link (recache)
[86/2432] 'CSCI152 - California State University, Chico': no usable link (recache)
[87/2432] 'CSCI15B - California State University, Chico': no usable link (recache)
[88/2432] 'CSCI278 - California State University, Chico': no usable link (recache)
[89/2432] 'CSCI346 - California State University, Chico': no usable link (recache)
[90/2432] 'CSCI446 - California State University, Chico': no usable link (recache)
[91/2432] 'CSCI515 - California State University, Chico': no usable link (recache)
[92/2432] 'EECE144 - California State University, Chico': no usable link (recache)
[93/2432] 'EECE211 - California State University, Chico': no usable link (recache)
[94/2432] 'EECE237 - California State University, Chico': no usable link (recache)
[95/2432] 'EECE344 - California State University, Chico': no usable link (recache)
[96/2432] 'EECE446 - California State University, Chico': no usable link (recache)
[97/2432] 'CECS100 - California State University, Long Beach': no usable link (recache)
[98/2432] 'CECS174 - California State University, Long Beach': no usable link (recache)
[99/2432] 'CECS225 - California State University, Long Beach': no usable link (recache)
[100/2432] 'CECS228 - California State University, Long Beach': no usable link (recache)
[101/2432] 'CECS229 - California State University, Long Beach': no usable link (recache)
[102/2432] 'CECS274 - California State University, Long Beach': no usable link (recache)
[103/2432] 'CECS277 - California State University, Long Beach' (recache): SAVED top 1 -> https://csulb.edu2.com
[104/2432] 'CECS326 - California State University, Long Beach': no usable link (recache)
[105/2432] 'CECS327 - California State University, Long Beach': no usable link (recache)
[106/2432] 'CECS328 - California State University, Long Beach' (recache): SAVED top 1 -> https://github.com/Peashooter101/CSULB_CECS-328
[107/2432] 'CECS329 - California State University, Long Beach': no usable link (recache)
[108/2432] 'CECS343 - California State University, Long Beach': no usable link (recache)
[109/2432] 'CECS378 - California State University, Long Beach': no usable link (recache)
[110/2432] 'CECS491 - California State University, Long Beach' (recache): SAVED top 1 -> https://csu-long-beach.programmapper.ws
[111/2432] 'CECS574 - California State University, Long Beach' (recache): SAVED top 1 -> https://csulb.edu2.com
[112/2432] 'EE503 - California State University, Long Beach': no usable link (recache)
[113/2432] 'EE545 - California State University, Long Beach': no usable link (recache)
[114/2432] 'CIS283 - California State University, Los Angeles': no usable link (recache)
[115/2432] 'CIS2830 - California State University, Los Angeles': no usable link (recache)
[116/2432] 'CIS3060 - California State University, Los Angeles': no usable link (recache)
[117/2432] 'CIS3610 - California State University, Los Angeles': no usable link (recache)
[118/2432] 'CIS4100 - California State University, Los Angeles': no usable link (recache)
[119/2432] 'CIS4510 - California State University, Los Angeles': no usable link (recache)
[120/2432] 'CIS454 - California State University, Los Angeles': no usable link (recache)
[121/2432] 'CIS4540 - California State University, Los Angeles': no usable link (recache)
[122/2432] 'CIS4580 - California State University, Los Angeles': no usable link (recache)
[123/2432] 'CIS484 - California State University, Los Angeles': no usable link (recache)
[124/2432] 'CS2148 - California State University, Los Angeles': no usable link (recache)
[125/2432] 'CS3337 - California State University, Los Angeles': no usable link (recache)
[126/2432] 'CS440 - California State University, Los Angeles': no usable link (recache)
[127/2432] 'EE244 - California State University, Los Angeles': no usable link (recache)
[128/2432] 'EE2440 - California State University, Los Angeles' (recache): SAVED top 1 -> https://calstatela.uloop.com/course-notes/172428-EE/10851630-EE-2440-2440
[129/2432] 'EE3445 - California State University, Los Angeles': no usable link (recache)
[130/2432] 'EE449 - California State University, Los Angeles': no usable link (recache)
[131/2432] 'CSCI115 - California State University, Northridge' (recache): SAVED top 1 -> https://sites.google.com/mail.fresnostate.edu/fresno-state-tutor-prep/computer-science/csci-115
[132/2432] 'CSCI117 - California State University, Northridge': no usable link (recache)
[133/2432] 'CSCI126 - California State University, Northridge': no usable link (recache)
[134/2432] 'CSCI130 - California State University, Northridge': no usable link (recache)
[135/2432] 'CSCI144 - California State University, Northridge': no usable link (recache)
[136/2432] 'CSCI156 - California State University, Northridge': no usable link (recache)
[137/2432] 'CSCI164 - California State University, Northridge': no usable link (recache)
[138/2432] 'CSCI191T - California State University, Northridge': no usable link (recache)
[139/2432] 'CSCI40 - California State University, Northridge': no usable link (recache)
[140/2432] 'CSCI41 - California State University, Northridge': no usable link (recache)
[141/2432] 'CPE64 - California State University, Sacramento': no usable link (recache)
[142/2432] 'CSC10 - California State University, Sacramento' (recache): SAVED top 1 -> http://devincook.com/csc/10/course.html
[143/2432] 'CSC130 - California State University, Sacramento' (recache): SAVED top 1 -> http://devincook.com/csc/130/course.html
[144/2432] 'CSC135 - California State University, Sacramento' (recache): SAVED top 1 -> https://github.com/d0n601/CSUS-CSC135
[145/2432] 'CSC138 - California State University, Sacramento' (recache): SAVED top 1 -> https://github.com/d0n601/CSUS-CSC138
[146/2432] 'CSC153 - California State University, Sacramento' (recache): SAVED top 1 -> https://github.com/d0n601/CSUS-CSC153
[147/2432] 'CSC20 - California State University, Sacramento' (recache): SAVED top 1 -> http://devincook.com/csc/20/course.html
[148/2432] 'CSC258 - California State University, Sacramento': no usable link (recache)
[149/2432] 'CSC60 - California State University, Sacramento': no usable link (recache)
[150/2432] 'ENGR50 - California State University, Sacramento': no usable link (recache)
[151/2432] 'MIS101 - California State University, Sacramento': no usable link (recache)
[152/2432] 'CS254 - Carleton College': no usable link (recache)
[153/2432] 'COMP1805 - Carleton University' (recache): SAVED top 1 -> https://outline.scs.carleton.ca/media/2026/W/COMP1805AW2026/COMP-1805-A-W-2026.pdf
[154/2432] 'COMP2804 - Carleton University' (recache): SAVED top 1 -> https://outline.scs.carleton.ca/media/2024/W/COMP2804AW2024/COMP-2804-A-W-2024.pdf
[155/2432] 'ECOR1041 - Carleton University' (recache): SAVED top 1 -> https://carleton.ca/engineering-design/wp-content/uploads/sites/63/20-21-ELEC.pdf
[156/2432] 'ECOR1042 - Carleton University': no usable link (recache)
[157/2432] 'ELEC2507 - Carleton University' (recache): SAVED top 1 -> https://carleton.ca/engineering-design/wp-content/uploads/sites/63/20-21-ELEC.pdf
[158/2432] 'ELEC2607 - Carleton University' (recache): SAVED top 1 -> https://carleton.ca/engineering-design/wp-content/uploads/sites/63/20-21-ELEC.pdf
[159/2432] 'ELEC3500 - Carleton University' (recache): SAVED top 1 -> https://carleton.ca/engineering-design/wp-content/uploads/sites/63/20-21-ELEC.pdf
[160/2432] 'ELEC3509 - Carleton University' (recache): SAVED top 1 -> https://carleton.ca/engineering-design/wp-content/uploads/sites/63/20-21-ELEC.pdf
[161/2432] 'ELEC3909 - Carleton University': no usable link (recache)
[162/2432] 'ELEC4602 - Carleton University' (recache): SAVED top 1 -> https://calendar.carleton.ca/search?P=ELEC+4602
[163/2432] 'ELEC4703 - Carleton University' (recache): SAVED top 1 -> https://carleton.simplesyllabus.com
[164/2432] 'ELEC4706 - Carleton University' (recache): SAVED top 1 -> https://www3.carleton.ca/calendars/ugrad/0910/courses/ELEC/4706.html
[165/2432] 'ELEC5301 - Carleton University' (recache): SAVED top 1 -> https://carleton.ca/engineering-design/wp-content/uploads/sites/63/20-21-ELEC.pdf
[166/2432] 'ELEC5302 - Carleton University' (recache): SAVED top 1 -> https://carleton.simplesyllabus.com
[167/2432] 'ELEC5705 - Carleton University': no usable link (recache)
[168/2432] 'CS112 - Carnegie Mellon University' (recache): SAVED top 1 -> http://16385.courses.cs.cmu.edu/fall2024/lectures
[169/2432] 'CS122 - Carnegie Mellon University' (recache): SAVED top 1 -> http://15462.courses.cs.cmu.edu/spring2022/lecture/opt/slide_032
[170/2432] 'CS151 - Carnegie Mellon University': no usable link (recache)
[171/2432] 'CS211 - Carnegie Mellon University' (recache): SAVED top 1 -> https://15362.courses.cs.cmu.edu/fall2024/lecture/intro/slide_021
[172/2432] 'CS251 - Carnegie Mellon University' (recache): SAVED top 1 -> https://www.andrew.cmu.edu/course/15-251/Lectures/lecture01.pdf
[173/2432] 'DATA36200 - Carnegie Mellon University' (recache): SAVED top 1 -> https://15462.courses.cs.cmu.edu/fall2021/lecture/spatialdatastructures/slide_012
[174/2432] 'CSDS341 - Case Western Reserve University': no usable link (recache)
[175/2432] 'ECSE245 - Case Western Reserve University': no usable link (recache)
[176/2432] 'EECS341 - Case Western Reserve University': no usable link (recache)
[177/2432] 'CPS181 - Central Michigan University' (recache): SAVED top 1 -> http://www.cs.cmu.edu/~ninamf/courses/601sp15/lectures.shtml
[178/2432] 'CPS240 - Central Michigan University': no usable link (recache)
[179/2432] 'CPS340 - Central Michigan University': no usable link (recache)
[180/2432] 'CPS360 - Central Michigan University': no usable link (recache)
[181/2432] 'CPS450 - Central Michigan University': no usable link (recache)
[182/2432] 'ITC341 - Central Michigan University': no usable link (recache)
[183/2432] 'ITC466 - Central Michigan University': no usable link (recache)
[184/2432] 'CPSC353 - Chapman University' (recache): SAVED top 1 -> https://www.chapman.edu/students/academic-resources/tutoring-center/_files/tutoring-schedules/cpsc-353.pdf
[185/2432] 'CS530 - Chapman University': no usable link (recache)
[186/2432] 'CS046 - Claremont McKenna College': no usable link (recache)
[187/2432] 'CS341 - Clarkson University': no usable link (recache)
[188/2432] 'CS348 - Clarkson University': no usable link (recache)
[189/2432] 'EE221 - Clarkson University': no usable link (recache)
[190/2432] 'EE260 - Clarkson University' (recache): SAVED top 1 -> https://people.clarkson.edu/~akhondke/ee260_360_sp19.html
[191/2432] 'EE261 - Clarkson University': no usable link (recache)
[192/2432] 'EE262 - Clarkson University': no usable link (recache)
[193/2432] 'EE264 - Clarkson University' (recache): SAVED top 1 -> https://people.clarkson.edu/~akhondke/ee264_sp12.html
[194/2432] 'EE321 - Clarkson University' (recache): SAVED top 1 -> https://lin-web.clarkson.edu/~akhondke/ee321_out.html
[195/2432] 'EE331 - Clarkson University': no usable link (recache)
[196/2432] 'EE341 - Clarkson University' (recache): SAVED top 1 -> https://people.clarkson.edu/~akhondke/EE_341_F2012.html
[197/2432] 'EE361 - Clarkson University' (recache): SAVED top 1 -> https://people.clarkson.edu/~fhussain/courses/ee361/sp18/index.html
[198/2432] 'EE365 - Clarkson University': no usable link (recache)
[199/2432] 'EE381 - Clarkson University' (recache): SAVED top 1 -> https://clarkson.uloop.com/course-notes/4608-EE/787590-EE-381-ELECTROMAGNETIC-FIELDS-amp-WAVES
[200/2432] 'ES250 - Clarkson University': no usable link (recache)
[201/2432] 'IS400 - Clarkson University': no usable link (recache)
[202/2432] 'IS437 - Clarkson University': no usable link (recache)
[203/2432] 'CPSC1020 - Clemson University': no usable link (recache)
[204/2432] 'CPSC1060 - Clemson University': no usable link (recache)
[205/2432] 'CPSC1070 - Clemson University': no usable link (recache)
[206/2432] 'CPSC3600 - Clemson University': no usable link (recache)
[207/2432] 'CIS457 - Cleveland State University': no usable link (recache)
[208/2432] 'CIS480 - Cleveland State University': no usable link (recache)
[209/2432] 'CIS524 - Cleveland State University': no usable link (recache)
[210/2432] 'CIS554 - Cleveland State University': no usable link (recache)
[211/2432] 'CIS620 - Cleveland State University': no usable link (recache)
[212/2432] 'ECE400 - Cleveland State University': no usable link (recache)
[213/2432] 'ECE416 - Cleveland State University': no usable link (recache)
[214/2432] 'ECE501 - Cleveland State University': no usable link (recache)
[215/2432] 'EEC311 - Cleveland State University': no usable link (recache)
[216/2432] 'EEC313 - Cleveland State University': no usable link (recache)
[217/2432] 'EEC318 - Cleveland State University': no usable link (recache)
[218/2432] 'EEC430 - Cleveland State University': no usable link (recache)
[219/2432] 'EEC493 - Cleveland State University': no usable link (recache)
[220/2432] 'EEC494 - Cleveland State University': no usable link (recache)
[221/2432] 'IST203 - Cleveland State University': no usable link (recache)
[222/2432] 'CSC211 - College of Staten Island' (recache): SAVED top 1 -> http://www.cs.csi.cuny.edu/~gu/teaching/courses/csc211/csc211.html
[223/2432] 'CSC220 - College of Staten Island': no usable link (recache)
[224/2432] 'CSC226 - College of Staten Island': no usable link (recache)
[225/2432] 'CSC315 - College of Staten Island': no usable link (recache)
[226/2432] 'CSC446 - College of Staten Island' (recache): SAVED top 1 -> https://csi.textbookx.com
[227/2432] 'CSCI131 - College of the Holy Cross' (recache): SAVED top 1 -> https://mathcs.holycross.edu/~csci131
[228/2432] 'DATA201 - College of William & Mary': no usable link (recache)
[229/2432] 'DATA202 - College of William & Mary' (recache): SAVED top 1 -> https://anwala.github.io/teaching/2024-fall-data-202-01
[230/2432] 'CP115 - Colorado College': no usable link (recache)
[231/2432] 'CP116 - Colorado College': no usable link (recache)
[232/2432] 'CSCI200 - Colorado School of Mines' (recache): SAVED top 1 -> https://cs-courses.mines.edu/csci200
[233/2432] 'CSCI306 - Colorado School of Mines' (recache): SAVED top 1 -> https://cs-courses.mines.edu/csci306/index.html
[234/2432] 'CSCI341 - Colorado School of Mines' (recache): SAVED top 1 -> https://mines-csci341.github.io/csci341-fall21-syllabus.html
[235/2432] 'EENG281 - Colorado School of Mines': no usable link (recache)
[236/2432] 'EENG282 - Colorado School of Mines': no usable link (recache)
[237/2432] 'EENG307 - Colorado School of Mines': no usable link (recache)
[238/2432] 'EENG311 - Colorado School of Mines': no usable link (recache)
[239/2432] 'EENG383 - Colorado School of Mines': no usable link (recache)
[240/2432] 'CIS370 - Colorado State University' (recache): SAVED top 1 -> https://colostate.uloop.com/course-notes/74316-CIS-Computer-amp-Information-System/15927228-CIS-370-370
[241/2432] 'CS150B - Colorado State University' (recache): SAVED top 1 -> https://github.com/CSU-CS150B
[242/2432] 'ECE571 - Colorado State University': no usable link (recache)
[243/2432] 'COMSE6998 - Columbia University': no usable link (recache)
[244/2432] 'BSTA450 - Concordia University' (recache): SAVED top 1 -> https://concordia.courses/course/bsta-450
[245/2432] 'ELEC275 - Concordia University' (recache): SAVED top 1 -> http://www.ece.concordia.ca/~pouya/ELEC275/ELEC275.htm
[246/2432] 'ELEC6271 - Concordia University' (recache): SAVED top 1 -> https://users.encs.concordia.ca/~mojtaba/ELEC6271.html
[247/2432] 'EE150 - Cooper Union': no usable link (recache)
[248/2432] 'COMS100M - Cornell University': no usable link (recache)
[249/2432] 'CS100 - Cornell University' (recache): SAVED top 1 -> https://courses.cs.cornell.edu/cs100m/2000FA/overview.htm
[250/2432] 'CS100J - Cornell University' (recache): SAVED top 1 -> https://courses.cs.cornell.edu/cs100j/2003fa/lecture%20notes/03sep04objects.ppt
[251/2432] 'CS1112 - Cornell University' (recache): SAVED top 1 -> https://cornellcswiki.gitlab.io/classes/CS1112.html
[252/2432] 'CS4787 - Cornell University' (recache): SAVED top 1 -> https://www.cs.cornell.edu/courses/cs4787/2025fa
[253/2432] 'ECE2300 - Cornell University' (recache): SAVED top 1 -> https://www.csl.cornell.edu/courses/ece2300/syllabus.html
[254/2432] 'ECE2720 - Cornell University': no usable link (recache)
[255/2432] 'ECE4750 - Cornell University' (recache): SAVED top 1 -> https://www.csl.cornell.edu/courses/ece4750/handouts.shtml
[256/2432] 'INFO1300 - Cornell University': no usable link (recache)
[257/2432] 'INFO2040 - Cornell University' (recache): SAVED top 1 -> https://blogs.cornell.edu/info2040
[258/2432] 'INFO2300 - Cornell University': no usable link (recache)
[259/2432] 'INFO3450 - Cornell University': no usable link (recache)
[260/2432] 'INFO3460 - Cornell University': no usable link (recache)
[261/2432] 'INFO4200 - Cornell University': no usable link (recache)
[262/2432] 'CSCI1110 - Dalhousie University': no usable link (recache)
[263/2432] 'ECED2000 - Dalhousie University': no usable link (recache)
[264/2432] 'ECED2001 - Dalhousie University': no usable link (recache)
[265/2432] 'ECED3101 - Dalhousie University': no usable link (recache)
[266/2432] 'ECED3300 - Dalhousie University' (recache): SAVED top 1 -> https://haydensnotes.com/document/eced-3300-course-notes
[267/2432] 'ECED3301 - Dalhousie University' (recache): SAVED top 1 -> https://haydensnotes.com/document/eced-3301-lecture-notes
[268/2432] 'ECED3501 - Dalhousie University': no usable link (recache)
[269/2432] 'ECED3901 - Dalhousie University' (recache): SAVED top 1 -> https://haydensnotes.com/document/eced-3901-lecture-notes
[270/2432] 'ECED4130 - Dalhousie University': no usable link (recache)
[271/2432] 'ECED4502 - Dalhousie University' (recache): SAVED top 1 -> https://haydensnotes.com/document/eced-4502-lecture-notes
[272/2432] 'ECED4513 - Dalhousie University' (recache): SAVED top 1 -> https://haydensnotes.com/document/eced-4513-lecture-notes
[273/2432] 'ECED4602 - Dalhousie University' (recache): SAVED top 1 -> https://haydensnotes.com/document-category/dalhousie-university/faculty-of-engineering/electrical-computer-engineering/dalhousie-electrical-engineering-semester-7/eced-4602
[274/2432] 'INWK6113 - Dalhousie University': no usable link (recache)
[275/2432] 'CSC672 - DePaul University': no usable link (recache)
[276/2432] 'DSC341 - DePaul University': no usable link (recache)
[277/2432] 'DSC425 - DePaul University': no usable link (recache)
[278/2432] 'DSC441 - DePaul University': no usable link (recache)
[279/2432] 'DSC540 - DePaul University': no usable link (recache)
[280/2432] 'DSC578 - DePaul University': no usable link (recache)
[281/2432] 'ECT583 - DePaul University': no usable link (recache)
[282/2432] 'IS373 - DePaul University' (recache): SAVED top 1 -> https://depaul.simplesyllabus.com
[283/2432] 'IS468 - DePaul University': no usable link (recache)
[284/2432] 'ISP103 - DePaul University': no usable link (recache)
[285/2432] 'IT123 - DePaul University' (recache): SAVED top 1 -> https://depaul.simplesyllabus.com
[286/2432] 'IT238 - DePaul University' (recache): SAVED top 1 -> https://facweb.cdm.depaul.edu/sjost/it238/notes/index.htm
[287/2432] 'LSP110 - DePaul University': no usable link (recache)
[288/2432] 'LSP121 - DePaul University': no usable link (recache)
[289/2432] 'SE456 - DePaul University': no usable link (recache)
[290/2432] 'COMP130 - Dickinson College' (recache): SAVED top 1 -> https://dickinson-comp130-01-fa2023.github.io/comp130-web
[291/2432] 'CS066 - Drake University' (recache): SAVED top 1 -> https://analytics.drake.edu/~manley/CS66/Spring2023/syllabus
[292/2432] 'CS083 - Drake University' (recache): SAVED top 1 -> https://analytics.drake.edu/~reza/teaching/cs65_fall25/lecture_slides/cs65_lecture1.pdf
[293/2432] 'CS137 - Drake University': no usable link (recache)
[294/2432] 'CS178 - Drake University': no usable link (recache)
[295/2432] 'CS65 - Drake University' (recache): SAVED top 1 -> https://analytics.drake.edu/~reza/teaching/cs65_fall25/cs65_schedule_sec1.html
[296/2432] 'CS66 - Drake University' (recache): SAVED top 1 -> https://analytics.drake.edu/~manley/CS66/Spring2023/assignments/exam-2
[297/2432] 'FYS018 - Drake University': no usable link (recache)
[298/2432] 'CI103 - Drexel University' (recache): SAVED top 1 -> https://www.cs.drexel.edu/~trp74/CI103/index.html
[299/2432] 'CS164 - Drexel University' (recache): SAVED top 1 -> https://berkeley-cs164-sp25.github.io/syllabus.html
[300/2432] 'CS260 - Drexel University' (recache): SAVED top 1 -> https://boady.net/syllabus/2021_04_cs260.html
[301/2432] 'CS504 - Drexel University' (recache): SAVED top 1 -> https://drexel.uloop.com/course-notes/8800-CS-Computer-Science/17096658-CS-504-Introduction-to-Software-Design
[302/2432] 'CS543 - Drexel University' (recache): SAVED top 1 -> https://www.cs.drexel.edu/~jjohnson/2012-13/fall/cs543
[303/2432] 'CT312 - Drexel University': no usable link (recache)
[304/2432] 'INFO101 - Drexel University': no usable link (recache)
[305/2432] 'INFO102 - Drexel University': no usable link (recache)
[306/2432] 'INFO151 - Drexel University': no usable link (recache)
[307/2432] 'INFO200 - Drexel University': no usable link (recache)
[308/2432] 'INFO405 - Drexel University': no usable link (recache)
[309/2432] 'INFO605 - Drexel University': no usable link (recache)
[310/2432] 'SE181 - Drexel University': no usable link (recache)
[311/2432] 'SE575 - Drexel University': no usable link (recache)
[312/2432] 'COMP4 - Duke University': no usable link (recache)
[313/2432] 'CS201 - Duke University': no usable link (recache)
[314/2432] 'CS210 - Duke University': no usable link (recache)
[315/2432] 'CS230 - Duke University' (recache): SAVED top 1 -> https://github.com/maxim5/cs230-2018-autumn
[316/2432] 'CS290 - Duke University' (recache): SAVED top 1 -> https://sites.duke.edu/cs290s25/policies
[317/2432] 'CS6 - Duke University': no usable link (recache)
[318/2432] 'CS671 - Duke University': no usable link (recache)
[319/2432] 'ECE110L - Duke University' (recache): SAVED top 1 -> https://pundit.pratt.duke.edu/wiki/ECE_110/Fall_2014
[320/2432] 'ECE560 - Duke University' (recache): SAVED top 1 -> https://people.duke.edu/~tkb13/courses/ece560-2024fa
[321/2432] 'ICS125 - Duke University' (recache): SAVED top 1 -> https://duke.simplesyllabus.com
[322/2432] 'CSCI2405 - East Carolina University': no usable link (recache)
[323/2432] 'CSCI3010 - East Carolina University': no usable link (recache)
[324/2432] 'CSCI3584 - East Carolina University': no usable link (recache)
[325/2432] 'CSCI3700 - East Carolina University': no usable link (recache)
[326/2432] 'CSCI4230 - East Carolina University' (recache): SAVED top 1 -> https://cs.ecu.edu/alex/uploads/CSCI4230VilkomirSpring2024.pdf
[327/2432] 'CIS128 - Eastern Michigan University': no usable link (recache)
[328/2432] 'CIS173 - Eastern Michigan University': no usable link (recache)
[329/2432] 'CIS175 - Eastern Michigan University': no usable link (recache)
[330/2432] 'CIS550 - Eastern Michigan University': no usable link (recache)
[331/2432] 'CSC123 - Eastern Michigan University': no usable link (recache)
[332/2432] 'CSC152 - Eastern Michigan University': no usable link (recache)
[333/2432] 'BADM570 - Eastern Washington University': no usable link (recache)
[334/2432] 'CSCD240 - Eastern Washington University': no usable link (recache)
[335/2432] 'CSCD300 - Eastern Washington University': no usable link (recache)
[336/2432] 'EENG160 - Eastern Washington University': no usable link (recache)
[337/2432] 'EENG210 - Eastern Washington University': no usable link (recache)
[338/2432] 'EENG401 - Eastern Washington University': no usable link (recache)
[339/2432] 'CS224 - Emory University': no usable link (recache)
[340/2432] 'CS255 - Emory University': no usable link (recache)
[341/2432] 'CS326 - Emory University': no usable link (recache)
[342/2432] 'CS334 - Emory University': no usable link (recache)
[343/2432] 'CS377 - Emory University' (recache): SAVED top 1 -> http://www.cs.emory.edu/~nelsay2/cs377.html
[344/2432] 'DATA1101 - Fairfield University': no usable link (recache)
[345/2432] 'DATA3210 - Fairfield University': no usable link (recache)
[346/2432] 'SWEG5360 - Fairfield University': no usable link (recache)
[347/2432] 'COP1500 - Florida Gulf Coast University' (recache): SAVED top 1 -> https://fgcu.simplesyllabus.com
[348/2432] 'CEN5087 - Florida International University' (recache): SAVED top 1 -> https://fiu.simplesyllabus.com
[349/2432] 'CGS3767 - Florida International University' (recache): SAVED top 1 -> https://users.cs.fiu.edu/~mrobi002/teaching/cgs3767_OS/syl_cgs3767_2025Fall_2pm.php?days=MW&id=01
[350/2432] 'COP4703 - Florida International University' (recache): SAVED top 1 -> http://users.cis.fiu.edu/~aleroque/COP4703/index.html
[351/2432] 'EEE4717 - Florida International University' (recache): SAVED top 1 -> https://fiu.simplesyllabus.com
[352/2432] 'CAP4601 - Florida State University' (recache): SAVED top 1 -> https://www.causalds.org/teaching/cap-4601
[353/2432] 'CCJ3071 - Florida State University': no usable link (recache)
[354/2432] 'CIS3250 - Florida State University' (recache): SAVED top 1 -> https://undergrad.fsu.edu/sites/g/files/upcbnu456/files/2023%20Schedule%20Assistant%20Presentation_0.pptx
[355/2432] 'CJE4615 - Florida State University' (recache): SAVED top 1 -> https://criminology.fsu.edu/sites/g/files/upcbnu3076/files/2021-04/Blomberg-Making-a-Difference-9.10.18.ppt
[356/2432] 'COP3014 - Florida State University' (recache): SAVED top 1 -> https://www.cs.fsu.edu/~gaitrosd/Teaching/2017_Spring/COP3014.pdf
[357/2432] 'COP3330 - Florida State University' (recache): SAVED top 1 -> https://www.cs.fsu.edu/~zhao/cop3330/main.html
[358/2432] 'COP3363 - Florida State University' (recache): SAVED top 1 -> https://www.cs.fsu.edu/~myers/c++/notes/index3363.html
[359/2432] 'COP4531 - Florida State University' (recache): SAVED top 1 -> https://www.cs.fsu.edu/~piyush/teach/4531_06/handouts/summary.pdf
[360/2432] 'COP4610 - Florida State University' (recache): SAVED top 1 -> https://www.cs.fsu.edu/~jtbauer/cop4610/lectures.html
[361/2432] 'COT4420 - Florida State University': no usable link (recache)
[362/2432] 'EEE3300 - Florida State University' (recache): SAVED top 1 -> https://web1.eng.famu.fsu.edu/~pandrei/Courses/2011/EEE3300/Fall11-slb-3300.pdf
[363/2432] 'EEE4301 - Florida State University': no usable link (recache)
[364/2432] 'EEL3112 - Florida State University' (recache): SAVED top 1 -> https://web1.eng.famu.fsu.edu/~mclaren/eel3112.htm
[365/2432] 'EEL3216 - Florida State University' (recache): SAVED top 1 -> https://undergrad.fsu.edu/sites/g/files/upcbnu456/files/2023%20Schedule%20Assistant%20Presentation_0.pptx
[366/2432] 'EEL4746 - Florida State University': no usable link (recache)
[367/2432] 'CISC1100 - Fordham University' (recache): SAVED top 1 -> https://storm.cis.fordham.edu/~gweiss/classes/cisc1100
[368/2432] 'CISC1400 - Fordham University': no usable link (recache)
[369/2432] 'CISC2000 - Fordham University': no usable link (recache)
[370/2432] 'CISC2100 - Fordham University': no usable link (recache)
[371/2432] 'CISC3500 - Fordham University': no usable link (recache)
[372/2432] 'CISC3593 - Fordham University': no usable link (recache)
[373/2432] 'CISC4080 - Fordham University' (recache): SAVED top 1 -> https://storm.cis.fordham.edu/zhang/cs4080/slides/finalReview.pdf
[374/2432] 'CISC4615 - Fordham University' (recache): SAVED top 1 -> https://www.dsm.fordham.edu/~moniot/Classes/DataComm23F/cisc4615.pdf
[375/2432] 'COMP101 - Fordham University': no usable link (recache)
[376/2432] 'COMP1100 - Fordham University': no usable link (recache)
[377/2432] 'COMP1102 - Fordham University': no usable link (recache)
[378/2432] 'CSC272 - Furman University' (recache): SAVED top 1 -> http://cs.furman.edu/~pbatchelor/mis/Slides
[379/2432] 'ECE101 - George Mason University' (recache): SAVED top 1 -> https://mason.gmu.edu/~abaranie/ece101
[380/2432] 'CS1111 - George Washington University' (recache): SAVED top 1 -> https://www2.seas.gwu.edu/~kinga/CS1111_S26
[381/2432] 'CSCI1012 - George Washington University': no usable link (recache)
[382/2432] 'CSCI2113 - George Washington University': no usable link (recache)
[383/2432] 'CSCI2312 - George Washington University': no usable link (recache)
[384/2432] 'CSCI2541 - George Washington University': no usable link (recache)
[385/2432] 'CSCI4531 - George Washington University': no usable link (recache)
[386/2432] 'DATS2104 - George Washington University': no usable link (recache)
[387/2432] 'ECE1120 - George Washington University' (recache): SAVED top 1 -> https://gwu.uloop.com/course-notes/485-ECE/4601164-ECE-1120
[388/2432] 'ECE2110 - George Washington University': no usable link (recache)
[389/2432] 'COS051 - Georgetown University': no usable link (recache)
[390/2432] 'COSC030 - Georgetown University' (recache): SAVED top 1 -> https://people.cs.georgetown.edu/~cnewport/teaching/cosc030-fall16
[391/2432] 'COSC051 - Georgetown University' (recache): SAVED top 1 -> https://static.scs.georgetown.edu/upload/files/syllabi/term_201620/course_COSC-051/section_10/COSC-051-10.pdf
[392/2432] 'COSC052 - Georgetown University' (recache): SAVED top 1 -> https://people.cs.georgetown.edu/~maloof/cosc052.s20/
[393/2432] 'COSC072 - Georgetown University' (recache): SAVED top 1 -> https://people.cs.georgetown.edu/~maloof/cosc072.s11/description.php
[394/2432] 'COSC1020 - Georgetown University' (recache): SAVED top 1 -> https://rbessick5.georgetown.domains
[395/2432] 'COSC1030 - Georgetown University' (recache): SAVED top 1 -> https://rbessick5.georgetown.domains
[396/2432] 'COSC160 - Georgetown University' (recache): SAVED top 1 -> https://people.cs.georgetown.edu/~maloof/cosc160.f20
[397/2432] 'COSC240 - Georgetown University' (recache): SAVED top 1 -> https://people.cs.georgetown.edu/~cnewport/teaching/cosc240-fall18
[398/2432] 'COSC255 - Georgetown University': no usable link (recache)
[399/2432] 'COSC270 - Georgetown University' (recache): SAVED top 1 -> https://people.cs.georgetown.edu/~maloof/cosc270.s22
[400/2432] 'CPS121 - Georgetown University': no usable link (recache)
[401/2432] 'CS1100 - Georgia Institute of Technology': no usable link (recache)
[402/2432] 'CS130A - Georgia Institute of Technology': no usable link (recache)
[403/2432] 'CS130B - Georgia Institute of Technology': no usable link (recache)
[404/2432] 'CS1332 - Georgia Institute of Technology': no usable link (recache)
[405/2432] 'CS1371 - Georgia Institute of Technology' (recache): SAVED top 1 -> https://cs1371.gatech.edu/videos/2
[406/2432] 'CS2050 - Georgia Institute of Technology' (recache): SAVED top 1 -> https://github.com/CS-2050
[407/2432] 'CS2051 - Georgia Institute of Technology' (recache): SAVED top 1 -> https://github.com/sar-mo/CS2051-HonorsDiscreteMath
[408/2432] 'CS2200 - Georgia Institute of Technology' (recache): SAVED top 1 -> https://faculty.cc.gatech.edu/~rama/CS2200-External
[409/2432] 'CS2316 - Georgia Institute of Technology' (recache): SAVED top 1 -> https://faculty.cc.gatech.edu/~sweat/cs2316/syllabus.html
[410/2432] 'CS2340 - Georgia Institute of Technology' (recache): SAVED top 1 -> https://cs2340.gitlab.io/syllabus.html
[411/2432] 'CS3210 - Georgia Institute of Technology' (recache): SAVED top 1 -> https://cs3210.cc.gatech.edu/l/lec01.pdf
[412/2432] 'CS3220 - Georgia Institute of Technology' (recache): SAVED top 1 -> https://gt-cs3220.github.io/Spring_2023/syllabus.html
[413/2432] 'CS3300 - Georgia Institute of Technology' (recache): SAVED top 1 -> https://mahdi-roozbahani.github.io/CS3300-spring2020/course/lecture1.pdf
[414/2432] 'CS3311 - Georgia Institute of Technology': no usable link (recache)
[415/2432] 'CS3312 - Georgia Institute of Technology' (recache): SAVED top 1 -> https://ucron.vercel.app/university/georgia-institute-of-technology/subjects/CS/3312
[416/2432] 'CS3510 - Georgia Institute of Technology' (recache): SAVED top 1 -> http://www.cs3510.com/assets/lectures/Lec01_0517.pdf
[417/2432] 'CS3600 - Georgia Institute of Technology' (recache): SAVED top 1 -> https://github.com/Fried-man-Education/CS_3600
[418/2432] 'CS3630 - Georgia Institute of Technology' (recache): SAVED top 1 -> https://faculty.cc.gatech.edu/~seth/Teaching/cs3630/index2018.php?u=info
[419/2432] 'CS3790 - Georgia Institute of Technology' (recache): SAVED top 1 -> https://syllabus.gatech.edu/sites/default/files/2026-04/CS3790_Varma_Sashank-2026-Summer.pdf
[420/2432] 'CS4220 - Georgia Institute of Technology' (recache): SAVED top 1 -> https://gatech.uloop.com/course-notes/4879-CS/671256-CS-4220-Embedded-Systems
[421/2432] 'CS4400 - Georgia Institute of Technology' (recache): SAVED top 1 -> https://gatech.uloop.com/course-notes/4879-CS/320017-CS-4400-Intr-to-Database-Systems
[422/2432] 'CS4476 - Georgia Institute of Technology' (recache): SAVED top 1 -> https://jhoffman.github.io/cs4476-fa25/schedule
[423/2432] 'CS4510 - Georgia Institute of Technology' (recache): SAVED top 1 -> https://cryptolab.gtisc.gatech.edu/ladha/CS4510SU21.html
[424/2432] 'CS4605 - Georgia Institute of Technology': no usable link (recache)
[425/2432] 'CS4731 - Georgia Institute of Technology' (recache): SAVED top 1 -> https://github.com/Fried-man-Education/CS_4731
[426/2432] 'CS6035 - Georgia Institute of Technology' (recache): SAVED top 1 -> https://omscs.gatech.edu/cs-6035-introduction-information-security
[427/2432] 'CS6220 - Georgia Institute of Technology' (recache): SAVED top 1 -> https://faculty.cc.gatech.edu/~lingliu/courses/cs6220/2020
[428/2432] 'CS6235 - Georgia Institute of Technology': no usable link (recache)
[429/2432] 'CS6262 - Georgia Institute of Technology' (recache): SAVED top 1 -> https://omscs.gatech.edu/cs-6262-network-security
[430/2432] 'CS6365 - Georgia Institute of Technology': no usable link (recache)
[431/2432] 'CS6476 - Georgia Institute of Technology' (recache): SAVED top 1 -> https://omscs.gatech.edu/cs-6476-computer-vision
[432/2432] 'CS6515 - Georgia Institute of Technology' (recache): SAVED top 1 -> https://omscs.gatech.edu/cs-6515-intro-graduate-algorithms
[433/2432] 'CS6601 - Georgia Institute of Technology' (recache): SAVED top 1 -> https://omscs.gatech.edu/cs-6601-artificial-intelligence
[434/2432] 'CS7632 - Georgia Institute of Technology' (recache): SAVED top 1 -> https://omscs.gatech.edu/cs-7632-game-ai
[435/2432] 'CS7643 - Georgia Institute of Technology' (recache): SAVED top 1 -> https://omscs.gatech.edu/cs-7643-deep-learning
[436/2432] 'CS8803 - Georgia Institute of Technology' (recache): SAVED top 1 -> https://faculty.cc.gatech.edu/~dhekne/cs8803/course.html
[437/2432] 'CSE6040 - Georgia Institute of Technology' (recache): SAVED top 1 -> https://cse6040.gatech.edu/active/Syllabus
[438/2432] 'CSE6220 - Georgia Institute of Technology' (recache): SAVED top 1 -> https://cse6220.gatech.edu/fa25-oms
[439/2432] 'ECE2026 - Georgia Institute of Technology' (recache): SAVED top 1 -> https://ece.gatech.edu/courses/ece2026
[440/2432] 'ECE2031 - Georgia Institute of Technology' (recache): SAVED top 1 -> https://github.com/Fried-man-Education/ECE_2031
[441/2432] 'ECE2035 - Georgia Institute of Technology' (recache): SAVED top 1 -> https://ece.gatech.edu/courses/ece2035
[442/2432] 'ECE2040 - Georgia Institute of Technology': no usable link (recache)
[443/2432] 'ECE3150 - Georgia Institute of Technology' (recache): SAVED top 1 -> https://ece.gatech.edu/courses/ece3150
[444/2432] 'ECE3741 - Georgia Institute of Technology' (recache): SAVED top 1 -> https://ece.gatech.edu/courses/ece3741
[445/2432] 'ECE4781 - Georgia Institute of Technology' (recache): SAVED top 1 -> https://ece.gatech.edu/courses/ece4781
[446/2432] 'ECE6550 - Georgia Institute of Technology' (recache): SAVED top 1 -> https://ece.gatech.edu/courses/ece6550
[447/2432] 'AIP2023 - Georgia State University': no usable link (recache)
[448/2432] 'CIS2010 - Georgia State University' (recache): SAVED top 1 -> https://www2.isye.gatech.edu/~hsharp/cis2010/cis2010_sp08.pdf
[449/2432] 'CIS3260 - Georgia State University': no usable link (recache)
[450/2432] 'CIS3730 - Georgia State University': no usable link (recache)
[451/2432] 'CIS4680 - Georgia State University': no usable link (recache)
[452/2432] 'CIS4688 - Georgia State University': no usable link (recache)
[453/2432] 'CS1302 - Georgia State University': no usable link (recache)
[454/2432] 'CS2510 - Georgia State University': no usable link (recache)
[455/2432] 'CSC1302 - Georgia State University': no usable link (recache)
[456/2432] 'CSC2720 - Georgia State University' (recache): SAVED top 1 -> https://gsu.uloop.com/course-notes/8731-CSC-Computer-Science/6344940-CSC-2720-Data-Structures
[457/2432] 'CSC3320 - Georgia State University' (recache): SAVED top 1 -> https://hallertau.cs.gsu.edu/~mweeks/csc3320/syllab3320Fa26.html
[458/2432] 'CSC4260 - Georgia State University' (recache): SAVED top 1 -> https://gsu.uloop.com/course-notes/8731-CSC-Computer-Science/2734021-CSC-4260-DIGITAL-IMAGE-PROCESSING
[459/2432] 'CSC4760 - Georgia State University': no usable link (recache)
[460/2432] 'CPSC122 - Gonzaga University': no usable link (recache)
[461/2432] 'CPSC223 - Gonzaga University': no usable link (recache)
[462/2432] 'CPSC321 - Gonzaga University': no usable link (recache)
[463/2432] 'CPSC326 - Gonzaga University': no usable link (recache)
[464/2432] 'CPSC332 - Gonzaga University': no usable link (recache)
[465/2432] 'CPSC346 - Gonzaga University' (recache): SAVED top 1 -> https://www.cs.gonzaga.edu/faculty/depalma/course_indices/CPSC346.html
[466/2432] 'CSC207 - Grinnell College' (recache): SAVED top 1 -> https://rebelskyw.cs.grinnell.edu/csc-207
[467/2432] 'CS20 - Harvard University' (recache): SAVED top 1 -> https://embeddedethics.seas.harvard.edu/cs-20-spring-2021
[468/2432] 'CSCIE109B - Harvard University': no usable link (recache)
[469/2432] 'CS070 - Harvey Mudd College': no usable link (recache)
[470/2432] 'CS5GOLD - Harvey Mudd College' (recache): SAVED top 1 -> https://www.cs.hmc.edu/~cs5grad/cs5/LectureSlides/Lec1_18_gold_morn.pdf
[471/2432] 'CS5GR - Harvey Mudd College' (recache): SAVED top 1 -> https://www.cs.hmc.edu/~cs5grad/cs5/LectureSlides/Lec1_18_gold_morn.pdf
[472/2432] 'CS81 - Harvey Mudd College': no usable link (recache)
[473/2432] 'CSCI005 - Harvey Mudd College': no usable link (recache)
[474/2432] 'CSCI060 - Harvey Mudd College': no usable link (recache)
[475/2432] 'CSCI070 - Harvey Mudd College': no usable link (recache)
[476/2432] 'CSCI081 - Harvey Mudd College': no usable link (recache)
[477/2432] 'CSCI153 - Harvey Mudd College': no usable link (recache)
[478/2432] 'CMSC260 - Haverford College': no usable link (recache)
[479/2432] 'CMSC340 - Haverford College' (recache): SAVED top 1 -> http://www.cs.haverford.edu/courses/cmsc340
[480/2432] 'CS14 - Hofstra University': no usable link (recache)
[481/2432] 'CSC001 - Hofstra University': no usable link (recache)
[482/2432] 'CSC006 - Hofstra University': no usable link (recache)
[483/2432] 'CSC014 - Hofstra University': no usable link (recache)
[484/2432] 'CSC024 - Hofstra University': no usable link (recache)
[485/2432] 'CSC14 - Hofstra University': no usable link (recache)
[486/2432] 'CSC16 - Hofstra University' (recache): SAVED top 1 -> https://cs.hofstra.edu/~cscccl/csc16
[487/2432] 'CSC183 - Hofstra University': no usable link (recache)
[488/2432] 'CSC5 - Hofstra University': no usable link (recache)
[489/2432] 'COMP003 - Howard University': no usable link (recache)
[490/2432] 'CSCI135 - Howard University': no usable link (recache)
[491/2432] 'INFO0101 - Howard University': no usable link (recache)
[492/2432] 'INFO311 - Howard University': no usable link (recache)
[493/2432] 'INFO335 - Howard University': no usable link (recache)
[494/2432] 'IT168 - Illinois State University' (recache): SAVED top 1 -> https://coursefinder.illinoisstate.edu/it/168
[495/2432] 'IT279 - Illinois State University' (recache): SAVED top 1 -> https://coursefinder.illinoisstate.edu/it/279
[496/2432] 'IT327 - Illinois State University' (recache): SAVED top 1 -> https://coursefinder.illinoisstate.edu/it/327
[497/2432] 'IT375 - Illinois State University': no usable link (recache)
[498/2432] 'IT376 - Illinois State University' (recache): SAVED top 1 -> https://courses.grainger.illinois.edu/cs439/fa2023/slides/intro.pdf
[499/2432] 'IT377 - Illinois State University' (recache): SAVED top 1 -> https://coursefinder.illinoisstate.edu/it/377
[500/2432] 'ITK168 - Illinois State University' (recache): SAVED top 1 -> https://ilstu.uloop.com/course-notes/438109-IT/5091871-IT-168-ITK168
[501/2432] 'ITK254 - Illinois State University': no usable link (recache)
[502/2432] 'ITK279 - Illinois State University': no usable link (recache)
[503/2432] 'ITK375 - Illinois State University': no usable link (recache)
[504/2432] 'ITK377 - Illinois State University': no usable link (recache)
[505/2432] 'A290 - Indiana University Bloomington': no usable link (recache)
[506/2432] 'B351 - Indiana University Bloomington': no usable link (recache)
[507/2432] 'B461 - Indiana University Bloomington': no usable link (recache)
[508/2432] 'B551 - Indiana University Bloomington': no usable link (recache)
[509/2432] 'C200 - Indiana University Bloomington' (recache): SAVED top 1 -> https://fennie.ai/universities/indiana-university/c200
[510/2432] 'C212 - Indiana University Bloomington' (recache): SAVED top 1 -> https://joshuacrotts.us/teaching/c212-f24.html
[511/2432] 'C291 - Indiana University Bloomington' (recache): SAVED top 1 -> https://help.luddy.indiana.edu/classes/xml_listing_by_class.php?prog=CSCI&num=C291
[512/2432] 'C343 - Indiana University Bloomington': no usable link (recache)
[513/2432] 'CSCIA290 - Indiana University Bloomington': no usable link (recache)
[514/2432] 'CSCIB351 - Indiana University Bloomington': no usable link (recache)
[515/2432] 'CSCIB403 - Indiana University Bloomington': no usable link (recache)
[516/2432] 'CSCIB405 - Indiana University Bloomington': no usable link (recache)
[517/2432] 'CSCIB551 - Indiana University Bloomington': no usable link (recache)
[518/2432] 'CSCIC291 - Indiana University Bloomington': no usable link (recache)
[519/2432] 'CSCIP465 - Indiana University Bloomington': no usable link (recache)
[520/2432] 'H238 - Indiana University Bloomington': no usable link (recache)
[521/2432] 'I201 - Indiana University Bloomington' (recache): SAVED top 1 -> https://homes.luddy.indiana.edu/ehaghver/TEACHING/I201-sum12
[522/2432] 'I308 - Indiana University Bloomington': no usable link (recache)
[523/2432] 'INFO230 - Indiana University Bloomington': no usable link (recache)
[524/2432] 'INFOI201 - Indiana University Bloomington': no usable link (recache)
[525/2432] 'S202 - Indiana University Bloomington': no usable link (recache)
[526/2432] 'CSCI207 - Indiana University-Purdue University Indianapolis': no usable link (recache)
[527/2432] 'CSCIC200 - Indiana University-Purdue University Indianapolis': no usable link (recache)
[528/2432] 'CSCIN207 - Indiana University-Purdue University Indianapolis': no usable link (recache)
[529/2432] 'CSCIN211 - Indiana University-Purdue University Indianapolis': no usable link (recache)
[530/2432] 'CSCIN317 - Indiana University-Purdue University Indianapolis': no usable link (recache)
[531/2432] 'CSCN207 - Indiana University-Purdue University Indianapolis': no usable link (recache)
[532/2432] 'ECE263 - Indiana University-Purdue University Indianapolis': no usable link (recache)
[533/2432] 'ECE32100 - Indiana University-Purdue University Indianapolis' (recache): SAVED top 1 -> https://boilerclasses.com/detail/ECE32100ElectromechanicalMotionDevices
[534/2432] 'ECE408 - Indiana University-Purdue University Indianapolis' (recache): SAVED top 1 -> https://github.com/eedalong/ECE408
[535/2432] 'ECE59500 - Indiana University-Purdue University Indianapolis' (recache): SAVED top 1 -> https://boilerclasses.com/detail/ECE59500IntroToElePkgHeteroIntg
[536/2432] 'N200 - Indiana University-Purdue University Indianapolis': no usable link (recache)
[537/2432] 'COMS228 - Iowa State University' (recache): SAVED top 1 -> https://github.com/mccnick/COMS-228
[538/2432] 'COMS230 - Iowa State University': no usable link (recache)
[539/2432] 'COMS309 - Iowa State University' (recache): SAVED top 1 -> https://github.com/arenashlock/COMS309
[540/2432] 'COMS311 - Iowa State University' (recache): SAVED top 1 -> https://github.com/arenashlock/COMS311
[541/2432] 'COMS319 - Iowa State University': no usable link (recache)
[542/2432] 'COMS330 - Iowa State University': no usable link (recache)
[543/2432] 'COMS331 - Iowa State University' (recache): SAVED top 1 -> https://github.com/arenashlock/COMS331
[544/2432] 'COMS362 - Iowa State University' (recache): SAVED top 1 -> https://tancreti.net/teaching/coms362/syllabus
[545/2432] 'COMS363 - Iowa State University' (recache): SAVED top 1 -> https://github.com/Paper-SSheets/COMS363Project
[546/2432] 'COMS587 - Iowa State University': no usable link (recache)
[547/2432] 'CPRE185 - Iowa State University': no usable link (recache)
[548/2432] 'CPRE531 - Iowa State University': no usable link (recache)
[549/2432] 'CS228 - Iowa State University' (recache): SAVED top 1 -> https://ermongroup.github.io/cs228-notes
[550/2432] 'EE224 - Iowa State University': no usable link (recache)
[551/2432] 'EE230 - Iowa State University' (recache): SAVED top 1 -> https://iastate.uloop.com/course-notes/1974-EE/236701-EE-230-Electronic-Circuits-and-Systems
[552/2432] 'EE285 - Iowa State University': no usable link (recache)
[553/2432] 'EE424 - Iowa State University': no usable link (recache)
[554/2432] 'ENGR160 - Iowa State University': no usable link (recache)
[555/2432] 'COMP171 - Ithaca College': no usable link (recache)
[556/2432] 'CIS204 - James Madison University': no usable link (recache)
[557/2432] 'CIS304 - James Madison University': no usable link (recache)
[558/2432] 'CS149 - James Madison University' (recache): SAVED top 1 -> https://w3.cs.jmu.edu/simmonsj/cs149/syllabus
[559/2432] 'CS159 - James Madison University' (recache): SAVED top 1 -> https://w3.cs.jmu.edu/mayfiecs/cs159/syllabus
[560/2432] 'DATA200 - James Madison University': no usable link (recache)
[561/2432] 'IA241 - James Madison University': no usable link (recache)
[562/2432] 'ISAT152 - James Madison University': no usable link (recache)
[563/2432] 'ISAT241 - James Madison University': no usable link (recache)
[564/2432] 'ISAT242 - James Madison University': no usable link (recache)
[565/2432] 'ISAT252 - James Madison University': no usable link (recache)
[566/2432] 'ISAT340 - James Madison University': no usable link (recache)
[567/2432] 'CSCI274 - John Jay College of Criminal Justice': no usable link (recache)
[568/2432] 'CSCI374 - John Jay College of Criminal Justice' (recache): SAVED top 1 -> https://jjaycuny.uloop.com/course-notes/499642-CSCI/13877019-CSCI-374-programming-languages
[569/2432] 'CSCI375 - John Jay College of Criminal Justice': no usable link (recache)
[570/2432] 'CSCI377 - John Jay College of Criminal Justice': no usable link (recache)
[571/2432] 'CSCI379 - John Jay College of Criminal Justice': no usable link (recache)
[572/2432] 'CSCI412 - John Jay College of Criminal Justice': no usable link (recache)
[573/2432] 'MAT375 - John Jay College of Criminal Justice': no usable link (recache)
[574/2432] 'SEC270 - John Jay College of Criminal Justice': no usable link (recache)
[575/2432] 'CS280 - Johns Hopkins University' (recache): SAVED top 1 -> https://cs280fall20.github.io
[576/2432] 'EN433 - Johns Hopkins University': no usable link (recache)
[577/2432] 'CIS209 - Kansas State University': no usable link (recache)
[578/2432] 'CIS301 - Kansas State University' (recache): SAVED top 1 -> https://textbooks.cs.ksu.edu/cis301
[579/2432] 'CIS308 - Kansas State University' (recache): SAVED top 1 -> https://textbooks.cs.ksu.edu/cis308
[580/2432] 'CIS415 - Kansas State University': no usable link (recache)
[581/2432] 'CIS525 - Kansas State University': no usable link (recache)
[582/2432] 'CIS551 - Kansas State University': no usable link (recache)
[583/2432] 'CIS751 - Kansas State University': no usable link (recache)
[584/2432] 'CS3305 - Kennesaw State University' (recache): SAVED top 1 -> https://kennesaw.uloop.com/course-notes/76635-CS/9146576-CS-3305-Data-Structures
[585/2432] 'CS3502 - Kennesaw State University' (recache): SAVED top 1 -> https://campus.kennesaw.edu/faculty-staff/academic-affairs/faculty-affairs/docs/faculty-justifications-presentation.pptx
[586/2432] 'CS4253 - Kennesaw State University': no usable link (recache)
[587/2432] 'CS4504 - Kennesaw State University': no usable link (recache)
[588/2432] 'CSE3801 - Kennesaw State University' (recache): SAVED top 1 -> https://kennesaw.simplesyllabus.com/doc/31z7o6ls9/Spring-Semester-2026-CSE-3801-Section-03-%2814006%29-?mode=view
[589/2432] 'DATA1501 - Kennesaw State University' (recache): SAVED top 1 -> https://campus.kennesaw.edu/colleges-departments/radow/degrees-programs/undergraduate/bs-psychology/docs/data1501-flyer.pdf
[590/2432] 'ECE2250 - Kennesaw State University' (recache): SAVED top 1 -> https://campus.kennesaw.edu/faculty-staff/academic-affairs/faculty-affairs/docs/faculty-justifications-presentation.pptx
[591/2432] 'ECE3305 - Kennesaw State University': no usable link (recache)
[592/2432] 'ECE3320 - Kennesaw State University': no usable link (recache)
[593/2432] 'ECE3350 - Kennesaw State University': no usable link (recache)
[594/2432] 'EE1000 - Kennesaw State University': no usable link (recache)
[595/2432] 'EE1001 - Kennesaw State University': no usable link (recache)
[596/2432] 'EE2501 - Kennesaw State University' (recache): SAVED top 1 -> https://kennesaw.simplesyllabus.com/ui/locale-redirect?%2Fdoc%2Fh7xwl0s55%2FFall-Semester-2026-EE-2501-08-%2885554%29%3Fmode=view
[597/2432] 'EE4701 - Kennesaw State University': no usable link (recache)
[598/2432] 'SWE3313 - Kennesaw State University' (recache): SAVED top 1 -> https://facultyweb.kennesaw.edu/jadkiss1/docs/Adkisson%20-%20Syllabus%20SWE%203313%20Fall%202025.docx
[599/2432] 'SWE3643 - Kennesaw State University' (recache): SAVED top 1 -> https://kennesaw.uloop.com/course-notes/763437-SWE/826493-SWE-3643-Sftwre-TestQuality-Assurance
[600/2432] 'CISC223 - Lakehead University': no usable link (recache)
[601/2432] 'COMP0411 - Lakehead University': no usable link (recache)
[602/2432] 'COMP1411 - Lakehead University' (recache): SAVED top 1 -> https://www.lakeheadu.ca/sites/default/files/uploads/35/course-outlines/2023-2024/01.%20IQAP-COMP1411-Syllabus-Alkhateeb.docx
[603/2432] 'COMP1431 - Lakehead University' (recache): SAVED top 1 -> https://www.lakeheadu.ca/sites/default/files/uploads/35/course-outlines/02.%20IQAP-COMP1431-Syllabus-Alkhateeb.docx
[604/2432] 'COMP2412 - Lakehead University': no usable link (recache)
[605/2432] 'COMP4453 - Lakehead University': no usable link (recache)
[606/2432] 'COMP5413 - Lakehead University' (recache): SAVED top 1 -> https://www.lakeheadu.ca/sites/default/files/uploads/35/course-outlines/28%20.%20Outline_COMP5413_Winter_2024.docx
[607/2432] 'CS2453 - Lakehead University': no usable link (recache)
[608/2432] 'CS2477 - Lakehead University' (recache): SAVED top 1 -> https://www.lakeheadu.ca/sites/default/files/uploads/35/course-outlines/07.%20CS2477SylabusAccordingToTemplate%20Winter2024.docx
[609/2432] 'GIF1001 - Laval University' (recache): SAVED top 1 -> http://gif1001.gel.ulaval.ca
[610/2432] 'GLO2000 - Laval University' (recache): SAVED top 1 -> https://www.ulaval.ca/etudes/cours/glo-2000-reseaux-et-ingenierie-de-la-transmission-des-donnees
[611/2432] 'GLO2005 - Laval University' (recache): SAVED top 1 -> https://www.ulaval.ca/etudes/cours/glo-2005-modeles-et-langages-des-bases-de-donnees-pour-lingenierie
[612/2432] 'GLO4000 - Laval University' (recache): SAVED top 1 -> https://www.ulaval.ca/etudes/cours/glo-4000-interface-personne-machine
[613/2432] 'GLO4002 - Laval University' (recache): SAVED top 1 -> https://www.ulaval.ca/etudes/cours/glo-4002-qualite-et-metriques-du-logiciel
[614/2432] 'IFT19022 - Laval University': no usable link (recache)
[615/2432] 'IFT2004 - Laval University' (recache): SAVED top 1 -> https://www.distance.ulaval.ca/etudes/cours/ift-2004-modeles-et-langages-des-bases-de-donnees
[616/2432] 'IFT2006 - Laval University' (recache): SAVED top 1 -> https://www.ulaval.ca/etudes/cours/ift-2006-teleinformatique
[617/2432] 'IFT3001 - Laval University' (recache): SAVED top 1 -> https://www.ulaval.ca/etudes/cours/ift-3001-conception-et-analyse-dalgorithmes
[618/2432] 'IFT7201 - Laval University' (recache): SAVED top 1 -> https://www.distance.ulaval.ca/etudes/cours/ift-7201-apprentissage-par-renforcement
[619/2432] 'CSC151 - Le Moyne College': no usable link (recache)
[620/2432] 'CSC175 - Le Moyne College': no usable link (recache)
[621/2432] 'CSC176 - Le Moyne College': no usable link (recache)
[622/2432] 'CSC361 - Le Moyne College': no usable link (recache)
[623/2432] 'CYS167 - Le Moyne College': no usable link (recache)
[624/2432] 'CYS331 - Le Moyne College': no usable link (recache)
[625/2432] 'MIS601 - Le Moyne College': no usable link (recache)
[626/2432] 'CSE007 - Lehigh University': no usable link (recache)
[627/2432] 'CSE017 - Lehigh University' (recache): SAVED top 1 -> https://eashanadhikarla.github.io/teaching/CSE017_20
[628/2432] 'CSE109 - Lehigh University' (recache): SAVED top 1 -> https://gitlab.com/lehigh-cse-109
[629/2432] 'CSE140 - Lehigh University': no usable link (recache)
[630/2432] 'CSE326 - Lehigh University' (recache): SAVED top 1 -> https://engineering.lehigh.edu/cse/academics/course-index/cse-326-fundamentals-machine-learning-3
[631/2432] 'CSE403 - Lehigh University' (recache): SAVED top 1 -> https://www.cse.lehigh.edu/~chuah/CSE403.html
[632/2432] 'ECE033 - Lehigh University': no usable link (recache)
[633/2432] 'ECE081 - Lehigh University': no usable link (recache)
[634/2432] 'ECE123 - Lehigh University': no usable link (recache)
[635/2432] 'ECE132 - Lehigh University': no usable link (recache)
[636/2432] 'CIS166 - Lehman College' (recache): SAVED top 1 -> https://stjohn.github.io/teaching/cmp/cis166/s15.html
[637/2432] 'CIS212 - Lehman College': no usable link (recache)
[638/2432] 'CIS244 - Lehman College': no usable link (recache)
[639/2432] 'CIS331 - Lehman College' (recache): SAVED top 1 -> https://sogara.weebly.com/cis-331---system-analysis--design.html
[640/2432] 'CIS344 - Lehman College': no usable link (recache)
[641/2432] 'CMP157 - Lehman College': no usable link (recache)
[642/2432] 'ECE311 - Lehman College': no usable link (recache)
[643/2432] 'CSCN342 - Liberty University': no usable link (recache)
[644/2432] 'CSIS212 - Liberty University' (recache): SAVED top 1 -> https://www.liberty.edu/online/courses/csis212
[645/2432] 'CSIS312 - Liberty University' (recache): SAVED top 1 -> https://www.liberty.edu/online-academy/courses/csis312
[646/2432] 'CSIS330 - Liberty University' (recache): SAVED top 1 -> https://www.liberty.edu/online/courses/csis330
[647/2432] 'CSIS342 - Liberty University' (recache): SAVED top 1 -> https://www.liberty.edu/online/courses/csis342
[648/2432] 'CSIS443 - Liberty University' (recache): SAVED top 1 -> https://www.liberty.edu/online/courses/csis443
[649/2432] 'CSC1253 - Louisiana State University' (recache): SAVED top 1 -> https://www.csc.lsu.edu/~duncan/courses/csc1253-f17
[650/2432] 'CSC1254 - Louisiana State University' (recache): SAVED top 1 -> https://csc.lsu.edu/ugrad_files/Course_Outcomes_CSC_1254.pdf
[651/2432] 'CSC1350 - Louisiana State University': no usable link (recache)
[652/2432] 'CSC1351 - Louisiana State University' (recache): SAVED top 1 -> https://csc.lsu.edu/ugrad_files/Course_Outcomes_CSC_1351.pdf
[653/2432] 'CSC2259 - Louisiana State University' (recache): SAVED top 1 -> https://csc.lsu.edu/ugrad_files/Course_Outcomes_CSC_2259.pdf
[654/2432] 'CSC2610 - Louisiana State University': no usable link (recache)
[655/2432] 'CSC3102 - Louisiana State University' (recache): SAVED top 1 -> https://www.csc.lsu.edu/~kraft/courses/csc3102.html
[656/2432] 'CSC4101 - Louisiana State University' (recache): SAVED top 1 -> https://www.cct.lsu.edu/~kosar/csc4101-spring06
[657/2432] 'CSC4330 - Louisiana State University' (recache): SAVED top 1 -> https://csc.lsu.edu/ugrad_files/Course_Outcomes_CSC_4330.pdf
[658/2432] 'EE3160 - Louisiana State University' (recache): SAVED top 1 -> https://lsu.uloop.com/course-notes/6451-EE-Electrical-Engineering/5501613-EE-3160-Introduction-to-Digital-Signal-Processing
[659/2432] 'ISDS1102 - Louisiana State University': no usable link (recache)
[660/2432] 'ISDS2000 - Louisiana State University': no usable link (recache)
[661/2432] 'ISDS3110 - Louisiana State University' (recache): SAVED top 1 -> https://lsu.uloop.com/course-notes/5857-ISDS/436164-ISDS-3110-Database-Process-Mgt
[662/2432] 'ISDS3115 - Louisiana State University': no usable link (recache)
[663/2432] 'ISDS4113 - Louisiana State University' (recache): SAVED top 1 -> https://tonybanguel.weebly.com/isds-4113.html
[664/2432] 'CMSI185 - Loyola Marymount University' (recache): SAVED top 1 -> https://forns.lmu.build/classes/fall-2017/cmsi-185/syllabus.html
[665/2432] 'CMSI2021 - Loyola Marymount University' (recache): SAVED top 1 -> https://www.lmu.edu/dei/latinx/slides
[666/2432] 'CMSI284 - Loyola Marymount University': no usable link (recache)
[667/2432] 'CMSI3801 - Loyola Marymount University': no usable link (recache)
[668/2432] 'CMSI386 - Loyola Marymount University' (recache): SAVED top 1 -> https://www.lmu.edu/dei/latinx/slides
[669/2432] 'COMP125 - Loyola University Chicago': no usable link (recache)
[670/2432] 'COMP170 - Loyola University Chicago' (recache): SAVED top 1 -> https://www.luc.edu/summer/courses/courses/comp170-introductiontoobject-orientedprogramming-001.shtml
[671/2432] 'COMP180 - Loyola University Chicago' (recache): SAVED top 1 -> https://sites.google.com/view/comp-180
[672/2432] 'COMP260 - Loyola University Chicago': no usable link (recache)
[673/2432] 'COMP264 - Loyola University Chicago': no usable link (recache)
[674/2432] 'COMP123 - Macalester College': no usable link (recache)
[675/2432] 'COMP127 - Macalester College': no usable link (recache)
[676/2432] 'COMP128 - Macalester College': no usable link (recache)
[677/2432] 'CIS110 - Manhattan College': no usable link (recache)
[678/2432] 'CIS210 - Manhattan College': no usable link (recache)
[679/2432] 'CMPT101 - Manhattan College': no usable link (recache)
[680/2432] 'CMPT102 - Manhattan College': no usable link (recache)
[681/2432] 'CMPT155 - Manhattan College': no usable link (recache)
[682/2432] 'CMPT312 - Manhattan College': no usable link (recache)
[683/2432] 'CMPT335 - Manhattan College': no usable link (recache)
[684/2432] 'EECE201 - Manhattan College': no usable link (recache)
[685/2432] 'EECE229 - Manhattan College': no usable link (recache)
[686/2432] 'EECE305 - Manhattan College': no usable link (recache)
[687/2432] 'EECE321 - Manhattan College' (recache): SAVED top 1 -> http://www.previouses.com/AUB-EECE-321-Computer-Organization
[688/2432] 'MATH153 - Manhattan College': no usable link (recache)
[689/2432] 'CMPT103L - Marist College' (recache): SAVED top 1 -> https://www.marist.edu/documents/d/guest/cmpt-103l-welcome-letter
[690/2432] 'CMPT105L - Marist College': no usable link (recache)
[691/2432] 'CMPT120 - Marist College': no usable link (recache)
[692/2432] 'CMPT120L - Marist College': no usable link (recache)
[693/2432] 'CMPT220 - Marist College': no usable link (recache)
[694/2432] 'CMPT220L - Marist College': no usable link (recache)
[695/2432] 'CMPT230L - Marist College': no usable link (recache)
[696/2432] 'CMPT306 - Marist College': no usable link (recache)
[697/2432] 'CMPT421 - Marist College': no usable link (recache)
[698/2432] 'CMPT435 - Marist College': no usable link (recache)
[699/2432] 'CSIS103 - Marist College': no usable link (recache)
[700/2432] 'DATA220 - Marist College': no usable link (recache)
[701/2432] 'IS130 - Marist College' (recache): SAVED top 1 -> https://www.marist.com
[702/2432] 'COSC1820 - Marquette University': no usable link (recache)
[703/2432] 'COSC2100 - Marquette University' (recache): SAVED top 1 -> https://www.cs.mu.edu/~brylow/cosc2100/Fall2014
[704/2432] 'EECE6010 - Marquette University': no usable link (recache)
[705/2432] 'MSCS6050 - Marquette University': no usable link (recache)
[706/2432] 'CS61000 - Massachusetts Institute of Technology': no usable link (recache)
[707/2432] 'EECS6207 - Massachusetts Institute of Technology': no usable link (recache)
[708/2432] 'CCCS300 - McGill University' (recache): SAVED top 1 -> https://www.mcgill.ca/study/2024-2025/courses/cccs-300-0
[709/2432] 'COMP202 - McGill University' (recache): SAVED top 1 -> https://www.cs.mcgill.ca/media/academic/courses/3_COMP_202_kK7hz8l.pdf
[710/2432] 'COMP204 - McGill University' (recache): SAVED top 1 -> https://www.cs.mcgill.ca/~dbecer/assets/files/COMP204-Fall22.pdf
[711/2432] 'COMP206 - McGill University' (recache): SAVED top 1 -> https://www.cs.mcgill.ca/media/academic/courses/5_COMP_206_4fKefep.pdf
[712/2432] 'COMP208 - McGill University' (recache): SAVED top 1 -> http://cs.mcgill.edu/media/academic/courses/6_COMP_208_aKSbV5S.pdf
[713/2432] 'COMP230 - McGill University' (recache): SAVED top 1 -> https://www.cs.mcgill.ca/media/academic/courses/7_COMP_230_lctTNCP.pdf
[714/2432] 'COMP250 - McGill University' (recache): SAVED top 1 -> https://cim.mcgill.ca/~langer/250/lecturenotes-all.pdf
[715/2432] 'COMP251 - McGill University' (recache): SAVED top 1 -> https://www.cs.mcgill.ca/~jeromew/comp251.html
[716/2432] 'COMP273 - McGill University' (recache): SAVED top 1 -> https://www.cs.mcgill.ca/media/academic/courses/11_COMP_273_qtDlIoA.pdf
[717/2432] 'COMP302 - McGill University' (recache): SAVED top 1 -> https://cs.mcgill.ca/~mshen/lecture-notes/comp-302
[718/2432] 'COMP303 - McGill University' (recache): SAVED top 1 -> https://www.cs.mcgill.ca/media/academic/courses/14_COMP_303_RWZgnKC.pdf
[719/2432] 'COMP350 - McGill University' (recache): SAVED top 1 -> https://www.mcgill.ca/study/2024-2025/courses/comp-350
[720/2432] 'COMP409 - McGill University' (recache): SAVED top 1 -> https://www.cs.mcgill.ca/media/academic/courses/33_COMP_409_6jNnXzK.pdf
[721/2432] 'COMP514 - McGill University' (recache): SAVED top 1 -> https://www.mcgill.ca/study/2024-2025/courses/comp-514
[722/2432] 'COMP540 - McGill University' (recache): SAVED top 1 -> http://mcgill-comp520-2013.github.io/slides/intro.pdf
[723/2432] 'COMP551 - McGill University' (recache): SAVED top 1 -> https://www.cs.mcgill.ca/~hvanho2/comp551/slides/01Intro-share.pdf
[724/2432] 'COMP557 - McGill University' (recache): SAVED top 1 -> https://cim.mcgill.ca/~langer/557/lecturenotesCOMP557.pdf
[725/2432] 'COMP598 - McGill University' (recache): SAVED top 1 -> https://mcgill.courses/course/comp-598
[726/2432] 'COMP599 - McGill University' (recache): SAVED top 1 -> https://www.mcgill.ca/study/2024-2025/courses/comp-599
[727/2432] 'ECSE250 - McGill University' (recache): SAVED top 1 -> https://www.mcgill.ca/study/2024-2025/courses/ecse-250
[728/2432] 'MGCR331 - McGill University' (recache): SAVED top 1 -> https://www.mcgill.ca/study/2024-2025/courses/mgcr-331
[729/2432] '1CP3 - McMaster University': no usable link (recache)
[730/2432] '1MD3 - McMaster University' (recache): SAVED top 1 -> https://www.cas.mcmaster.ca/~carette/CS1MD3/2006/index.html
[731/2432] '1PR3 - McMaster University': no usable link (recache)
[732/2432] '1XD3 - McMaster University' (recache): SAVED top 1 -> https://www.cas.mcmaster.ca/~anand/CS1XD3_2021_Outline.pdf
[733/2432] '2DA4 - McMaster University': no usable link (recache)
[734/2432] '2LC3 - McMaster University' (recache): SAVED top 1 -> https://www.cas.mcmaster.ca/~kahl/CS2LC3/2024/CompSci2LC3-2024-Outline.pdf
[735/2432] '2ME3 - McMaster University' (recache): SAVED top 1 -> https://gitlab.cas.mcmaster.ca/smiths/se2aa4_cs2me3/-/blob/master/CourseOutline/SE2AA4_CS2ME3_Outline.tex?ref_type=heads
[736/2432] '3DB3 - McMaster University' (recache): SAVED top 1 -> https://notes.aarnphm.xyz/thoughts/university/twenty-four-twenty-five/sfwr-3db3/intro.pdf
[737/2432] '4TB3 - McMaster University' (recache): SAVED top 1 -> https://www.cas.mcmaster.ca/~carette/CS4TB3/2011/index.html
[738/2432] 'CAS702 - McMaster University' (recache): SAVED top 1 -> https://www.cas.mcmaster.ca/cas/0files/0outlines/CAS_702_updated.pdf
[739/2432] 'CAS704 - McMaster University' (recache): SAVED top 1 -> https://www.cas.mcmaster.ca/cas/0files/0outlines/CAS_704_updated.pdf
[740/2432] 'CS1MC3 - McMaster University': no usable link (recache)
[741/2432] 'CS2DM3 - McMaster University' (recache): SAVED top 1 -> https://www.cas.mcmaster.ca/~kahl/CS2DM3/2019/2DM3-2019-Outline.pdf
[742/2432] 'CS2ME3 - McMaster University' (recache): SAVED top 1 -> https://gitlab.cas.mcmaster.ca/smiths/se2aa4_cs2me3/-/blob/master/CourseOutline/SE2AA4_CS2ME3_Outline.tex?ref_type=heads
[743/2432] 'CS3DB3 - McMaster University': no usable link (recache)
[744/2432] 'CSE780 - McMaster University' (recache): SAVED top 1 -> https://github.com/kumrud/CSE780
[745/2432] 'ECE3EJ4 - McMaster University' (recache): SAVED top 1 -> https://www.ece.mcmaster.ca/~davidson/EE3CL4/slides/index.html
[746/2432] 'EE3EJ4 - McMaster University' (recache): SAVED top 1 -> https://www.ece.mcmaster.ca/faculty/li/EE3EJ4/description.html
[747/2432] 'SE2DM3 - McMaster University': no usable link (recache)
[748/2432] 'SFWR2DA4 - McMaster University': no usable link (recache)
[749/2432] 'SFWR2DM3 - McMaster University': no usable link (recache)
[750/2432] 'SFWR3BB4 - McMaster University': no usable link (recache)
[751/2432] 'BUSI3401 - Memorial University of Newfoundland': no usable link (recache)
[752/2432] 'C2001 - Memorial University of Newfoundland': no usable link (recache)
[753/2432] 'COMP2002 - Memorial University of Newfoundland' (recache): SAVED top 1 -> https://www.mun.ca/computerscience/undergraduates/courses/comp-2002-data-structures-and-algorithms
[754/2432] 'COMP2003 - Memorial University of Newfoundland' (recache): SAVED top 1 -> https://www.mun.ca/computerscience/undergraduates/courses/comp-2003-computer-architecture
[755/2432] 'COMP3202 - Memorial University of Newfoundland' (recache): SAVED top 1 -> https://courses.cs.mun.ca/course-outlines/COMP3202_6915_outline.pdf
[756/2432] 'CS1002 - Memorial University of Newfoundland': no usable link (recache)
[757/2432] 'CS1003 - Memorial University of Newfoundland': no usable link (recache)
[758/2432] 'CS1700 - Memorial University of Newfoundland': no usable link (recache)
[759/2432] 'CS2801 - Memorial University of Newfoundland': no usable link (recache)
[760/2432] 'CS3400 - Memorial University of Newfoundland': no usable link (recache)
[761/2432] 'ECE4300 - Memorial University of Newfoundland': no usable link (recache)
[762/2432] 'ECE4600 - Memorial University of Newfoundland': no usable link (recache)
[763/2432] 'CSA151 - Miami University': no usable link (recache)
[764/2432] 'CSA163 - Miami University': no usable link (recache)
[765/2432] 'CSA174 - Miami University': no usable link (recache)
[766/2432] 'CSE148 - Miami University': no usable link (recache)
[767/2432] 'CSE174 - Miami University': no usable link (recache)
[768/2432] 'CSE271 - Miami University': no usable link (recache)
[769/2432] 'CSE274 - Miami University' (recache): SAVED top 1 -> https://github.com/ethangtkt/MU-CSE274
[770/2432] 'CSE432 - Miami University': no usable link (recache)
[771/2432] 'CSE465 - Miami University': no usable link (recache)
[772/2432] 'ECE306 - Miami University': no usable link (recache)
[773/2432] 'ECE345 - Miami University': no usable link (recache)
[774/2432] 'CSE231 - Michigan State University' (recache): SAVED top 1 -> https://www.cse.msu.edu/~cse231
[775/2432] 'CSE232 - Michigan State University' (recache): SAVED top 1 -> https://cse.msu.edu/~cse232/us22/slides/cse232_us22_introduction.pdf
[776/2432] 'CSE260 - Michigan State University' (recache): SAVED top 1 -> https://cse.msu.edu/~cse260/syllabus.html
[777/2432] 'CSE320 - Michigan State University' (recache): SAVED top 1 -> https://www.cse.msu.edu/~cse320/24Summer/syllabus.php
[778/2432] 'CSE380 - Michigan State University' (recache): SAVED top 1 -> https://msugrades.com/courses/CSE_380/instructors/JAMES_MICHAEL_MARIANI/semesters
[779/2432] 'CSE404 - Michigan State University' (recache): SAVED top 1 -> https://www.cse.msu.edu/~kordjams/CSE-404-Spring-23
[780/2432] 'CSE498 - Michigan State University' (recache): SAVED top 1 -> https://cse498.github.io
[781/2432] 'ECE202 - Michigan State University' (recache): SAVED top 1 -> https://www.egr.msu.edu/classes/ece202/schan
[782/2432] 'CSE1011 - Mississippi State University': no usable link (recache)
[783/2432] 'CSE1233 - Mississippi State University': no usable link (recache)
[784/2432] 'CSE1284 - Mississippi State University': no usable link (recache)
[785/2432] 'CSE1384 - Mississippi State University': no usable link (recache)
[786/2432] 'CSE2213 - Mississippi State University': no usable link (recache)
[787/2432] 'CSE4833 - Mississippi State University': no usable link (recache)
[788/2432] 'ECE3724 - Mississippi State University' (recache): SAVED top 1 -> https://sites.google.com/site/ece3724/Home
[789/2432] 'ECE8990 - Mississippi State University': no usable link (recache)
[790/2432] 'CIS388 - Missouri State University': no usable link (recache)
[791/2432] 'CIS429 - Missouri State University' (recache): SAVED top 1 -> https://missouristate.curriculog.com
[792/2432] 'CIS655 - Missouri State University': no usable link (recache)
[793/2432] 'CSC455 - Missouri State University': no usable link (recache)
[794/2432] 'CSC690 - Missouri State University': no usable link (recache)
[795/2432] 'CSC703 - Missouri State University': no usable link (recache)
[796/2432] 'ITC235 - Missouri State University': no usable link (recache)
[797/2432] 'ITC429 - Missouri State University' (recache): SAVED top 1 -> https://www.missouristate.edu/SHCP/RStats/_Files/56x42.pptx
[798/2432] 'CS145RA - Montana State University': no usable link (recache)
[799/2432] 'CSCI127 - Montana State University' (recache): SAVED top 1 -> https://huntercsci127.github.io/f25.html
[800/2432] 'CSCI246 - Montana State University' (recache): SAVED top 1 -> https://www.cs.montana.edu/bhz/classes/spring-2020/csci246
[801/2432] 'CSCI338 - Montana State University': no usable link (recache)
[802/2432] 'C350 - New Jersey Institute of Technology': no usable link (recache)
[803/2432] 'CIS114 - New Jersey Institute of Technology': no usable link (recache)
[804/2432] 'CIS280 - New Jersey Institute of Technology': no usable link (recache)
[805/2432] 'CIS434 - New Jersey Institute of Technology': no usable link (recache)
[806/2432] 'CIS490 - New Jersey Institute of Technology': no usable link (recache)
[807/2432] 'CIS491 - New Jersey Institute of Technology': no usable link (recache)
[808/2432] 'CIS610 - New Jersey Institute of Technology': no usable link (recache)
[809/2432] 'CIS631 - New Jersey Institute of Technology': no usable link (recache)
[810/2432] 'CIS635 - New Jersey Institute of Technology': no usable link (recache)
[811/2432] 'CIS650 - New Jersey Institute of Technology': no usable link (recache)
[812/2432] 'CIS734 - New Jersey Institute of Technology': no usable link (recache)
[813/2432] 'CPT330 - New Jersey Institute of Technology': no usable link (recache)
[814/2432] 'CS288 - New Jersey Institute of Technology' (recache): SAVED top 1 -> https://njit.uloop.com/course-notes/828-CS/1495767-CS-288-intensive-programming
[815/2432] 'CS388 - New Jersey Institute of Technology': no usable link (recache)
[816/2432] 'CS435 - New Jersey Institute of Technology' (recache): SAVED top 1 -> https://www.csd.uoc.gr/~hy435/material/lecture-slides/CS435-lecture01.pdf
[817/2432] 'CS491 - New Jersey Institute of Technology': no usable link (recache)
[818/2432] 'CS506 - New Jersey Institute of Technology' (recache): SAVED top 1 -> https://njit.uloop.com/course-notes/828-CS/789151-CS-506-Foundations-of-Computer-Science-II
[819/2432] 'CS630 - New Jersey Institute of Technology': no usable link (recache)
[820/2432] 'CS631 - New Jersey Institute of Technology': no usable link (recache)
[821/2432] 'CS636 - New Jersey Institute of Technology' (recache): SAVED top 1 -> https://njit.uloop.com/course-notes/828-CS/6508668-CS-636-Data-Analytics-with-R
[822/2432] 'CS744 - New Jersey Institute of Technology': no usable link (recache)
[823/2432] 'DS636 - New Jersey Institute of Technology': no usable link (recache)
[824/2432] 'DS637 - New Jersey Institute of Technology': no usable link (recache)
[825/2432] 'ECE232 - New Jersey Institute of Technology': no usable link (recache)
[826/2432] 'ECE372 - New Jersey Institute of Technology': no usable link (recache)
[827/2432] 'ECE374 - New Jersey Institute of Technology': no usable link (recache)
[828/2432] 'ECE375 - New Jersey Institute of Technology': no usable link (recache)
[829/2432] 'ECE422 - New Jersey Institute of Technology': no usable link (recache)
[830/2432] 'ECE605 - New Jersey Institute of Technology' (recache): SAVED top 1 -> https://njit.uloop.com/course-notes/4934-ECE/6648889-ECE-605-Discrete
[831/2432] 'ECET201 - New Jersey Institute of Technology': no usable link (recache)
[832/2432] 'ECET329 - New Jersey Institute of Technology': no usable link (recache)
[833/2432] 'ECET412 - New Jersey Institute of Technology': no usable link (recache)
[834/2432] 'FED101 - New Jersey Institute of Technology' (recache): SAVED top 1 -> https://ecelabs.njit.edu/fed101/videos.html
[835/2432] 'IS601 - New Jersey Institute of Technology': no usable link (recache)
[836/2432] 'CS0002 - New York University': no usable link (recache)
[837/2432] 'CS474 - New York University' (recache): SAVED top 1 -> https://cs474-uic.github.io/cs474-fall2021-site
[838/2432] 'CS480 - New York University' (recache): SAVED top 1 -> http://www.gautamkamath.com/courses/CS480-wi2021-files/lec0-slides.pdf
[839/2432] 'CSCI4 - New York University': no usable link (recache)
[840/2432] 'CSC113 - North Carolina State University' (recache): SAVED top 1 -> https://engineeringonline.ncsu.edu/site-course-homepages-spring-2025/csc-113-introduction-to-matlab
[841/2432] 'CSC116 - North Carolina State University' (recache): SAVED top 1 -> https://engineeringonline.ncsu.edu/wp-content/uploads/sites/280/2024/08/CSC116_-Introduction-to-Computing-Java.pdf
[842/2432] 'CSC216 - North Carolina State University' (recache): SAVED top 1 -> https://engineeringonline.ncsu.edu/wp-content/uploads/sites/280/2024/08/CSC-216-Software-Development-Fundamentals.pdf
[843/2432] 'CSC333 - North Carolina State University' (recache): SAVED top 1 -> https://csc.ncsu.edu/academics/ugrad-courses/csc-333-automata-grammars-and-computability
[844/2432] 'CSC379 - North Carolina State University' (recache): SAVED top 1 -> https://csc.ncsu.edu/academics/ugrad-courses/csc-379-ethics-in-computing
[845/2432] 'CSC422 - North Carolina State University': no usable link (recache)
[846/2432] 'CSC591 - North Carolina State University' (recache): SAVED top 1 -> https://engineeringonline.ncsu.edu/online-courses/spring-2026/csc-591-artificial-intelligence-of-things
[847/2432] 'E115 - North Carolina State University' (recache): SAVED top 1 -> https://e115.engr.ncsu.edu/online-textbook
[848/2432] 'E304 - North Carolina State University' (recache): SAVED top 1 -> https://www.lib.ncsu.edu/course/E/304
[849/2432] 'ECE200 - North Carolina State University' (recache): SAVED top 1 -> https://engineeringonline.ncsu.edu/site-course-homepages/ece-200-introduction-to-signals-circuits-and-systems
[850/2432] 'ECE209 - North Carolina State University' (recache): SAVED top 1 -> https://engineeringonline.ncsu.edu/site-course-homepages/ece-209-computer-systems-programming
[851/2432] 'ECE212 - North Carolina State University' (recache): SAVED top 1 -> https://engineeringonline.ncsu.edu/site-course-homepages-spring-2025/ece-212-fundamentals-of-logic-design
[852/2432] 'ECE302 - North Carolina State University' (recache): SAVED top 1 -> https://ncsu.uloop.com/course-notes/1468-ECE/236296-ECE-302-Microelectronics
[853/2432] 'ECE309 - North Carolina State University': no usable link (recache)
[854/2432] 'ECE331 - North Carolina State University': no usable link (recache)
[855/2432] 'ECE434 - North Carolina State University': no usable link (recache)
[856/2432] 'ECE489 - North Carolina State University': no usable link (recache)
[857/2432] 'ECE589 - North Carolina State University' (recache): SAVED top 1 -> https://engineeringonline.ncsu.edu/online-courses/spring-2024/ece-589-solid-state-solar-and-thermal-energy-harvesting
[858/2432] 'ECE745 - North Carolina State University' (recache): SAVED top 1 -> https://ncsu.uloop.com/course-notes/1468-ECE/6260894-ECE-745-ASIC-Verification
[859/2432] 'ECE786 - North Carolina State University' (recache): SAVED top 1 -> https://engineeringonline.ncsu.edu/student-resources/online-course-homepages-spring-2025/ece-786-advanced-computer-architecture-data-parallel-processors
[860/2432] 'CSCI213 - North Dakota State University': no usable link (recache)
[861/2432] 'CSCI222 - North Dakota State University': no usable link (recache)
[862/2432] 'CSCI227 - North Dakota State University' (recache): SAVED top 1 -> https://stjohn.github.io/teaching/csci227/spr24.html
[863/2432] 'CSCI371 - North Dakota State University': no usable link (recache)
[864/2432] 'ECE173 - North Dakota State University' (recache): SAVED top 1 -> https://www.cde.nd.gov/information/programs/dual-credit-general-informationfaq/ece173
[865/2432] 'ECE275 - North Dakota State University': no usable link (recache)
[866/2432] 'ECE343 - North Dakota State University' (recache): SAVED top 1 -> https://www.bisonacademy.com/ECE343/Index.htm
[867/2432] 'ECE461 - North Dakota State University' (recache): SAVED top 1 -> https://www.bisonacademy.com/ECE461/Index.htm
[868/2432] 'MIS370 - North Dakota State University' (recache): SAVED top 1 -> https://northdakota.stateuniversity.com
[869/2432] 'CS1101 - Northeastern University': no usable link (recache)
[870/2432] 'CS1800 - Northeastern University': no usable link (recache)
[871/2432] 'CS1802 - Northeastern University': no usable link (recache)
[872/2432] 'CS5004 - Northeastern University' (recache): SAVED top 1 -> https://www.khoury.northeastern.edu/cs5004-object-oriented-design-course-charter
[873/2432] 'CS5010 - Northeastern University' (recache): SAVED top 1 -> https://github.com/kiritoast/CS5010-Program-Design-Paradigms
[874/2432] 'CS5500 - Northeastern University' (recache): SAVED top 1 -> https://neu-se.github.io/CS4530-CS5500-Spring-2021
[875/2432] 'CS7140 - Northeastern University' (recache): SAVED top 1 -> https://sites.google.com/view/cs7140spring2020/home
[876/2432] 'CY3740 - Northeastern University' (recache): SAVED top 1 -> https://www.onarlioglu.com/teaching/reviews/2022_Spring-CY3740.pdf
[877/2432] 'DS3000 - Northeastern University': no usable link (recache)
[878/2432] 'DS4200 - Northeastern University' (recache): SAVED top 1 -> https://www.khoury.northeastern.edu/home/cody/courses/ds4200-f20/slides/2020-10-19%20Marks%20and%20Channels,%20Data%20Types.pdf
[879/2432] 'DS5220 - Northeastern University' (recache): SAVED top 1 -> https://www.khoury.northeastern.edu/home/eelhami/courses_nu_ds5220_fall20.htm
[880/2432] 'EECE2160 - Northeastern University': no usable link (recache)
[881/2432] 'EECE2310 - Northeastern University': no usable link (recache)
[882/2432] 'CSCI330 - Northern Illinois University' (recache): SAVED top 1 -> https://github.com/AaronFosco/CSCI330
[883/2432] 'CSCI466 - Northern Illinois University' (recache): SAVED top 1 -> https://niu.uloop.com/course-notes/140793-CSCI/1608081-CSCI-466-Databases
[884/2432] 'CIS313 - Northwestern University': no usable link (recache)
[885/2432] 'CIS317 - Northwestern University' (recache): SAVED top 1 -> https://glengomez.weebly.com/cis-317---database-systems-design--implementation.html
[886/2432] 'CIS417 - Northwestern University': no usable link (recache)
[887/2432] 'CIS465 - Northwestern University': no usable link (recache)
[888/2432] 'CSCI150 - Oberlin College' (recache): SAVED top 1 -> https://cs.oberlin.edu/~aeck/Spring2025/CSCI150/handouts.html
[889/2432] 'CSCI151 - Oberlin College' (recache): SAVED top 1 -> https://occs.cs.oberlin.edu/~aeck/Spring2024/CSCI151
[890/2432] 'CSE1222 - Ohio State University' (recache): SAVED top 1 -> https://guides.osu.edu/cse1222
[891/2432] 'CSE2111 - Ohio State University' (recache): SAVED top 1 -> https://guides.osu.edu/cse2111
[892/2432] 'CS2401 - Ohio University': no usable link (recache)
[893/2432] 'EE2114 - Ohio University': no usable link (recache)
[894/2432] 'EE3343 - Ohio University' (recache): SAVED top 1 -> https://www.ohio.edu/engineering/sites/ohio.edu.engineering/files/sites/engineering/3-2022%204%20year%20template-CPE%20(2).pdf
[895/2432] 'CS1103 - Oklahoma State University': no usable link (recache)
[896/2432] 'CS2133 - Oklahoma State University': no usable link (recache)
[897/2432] 'CS3353 - Oklahoma State University' (recache): SAVED top 1 -> https://congpu.github.io/course/cs3353.html
[898/2432] 'CS3613 - Oklahoma State University': no usable link (recache)
[899/2432] 'CS3653 - Oklahoma State University': no usable link (recache)
[900/2432] 'CS4343 - Oklahoma State University': no usable link (recache)
[901/2432] 'CS5313 - Oklahoma State University': no usable link (recache)
[902/2432] 'ECEN3513 - Oklahoma State University': no usable link (recache)
[903/2432] 'EEE2023 - Oklahoma State University' (recache): SAVED top 1 -> https://okstate.uloop.com/course-notes/250522-EEE/5917142-EEE-2023-Intro-to-Entrepreneurship
[904/2432] 'MSIS2013 - Oklahoma State University': no usable link (recache)
[905/2432] 'MSIS2203 - Oklahoma State University': no usable link (recache)
[906/2432] 'ECE313 - Old Dominion University': no usable link (recache)
[907/2432] 'EET225 - Old Dominion University': no usable link (recache)
[908/2432] 'CS225 - Oregon State University' (recache): SAVED top 1 -> https://www.osu-cs-ca.com/courses/CS-225
[909/2432] 'CS325H - Oregon State University' (recache): SAVED top 1 -> https://web.engr.oregonstate.edu/~nayyeria/CS325/Fall17/index.htm
[910/2432] 'CS352 - Oregon State University' (recache): SAVED top 1 -> https://www.osu-cs-ca.com/courses/CS-352
[911/2432] 'CS372 - Oregon State University' (recache): SAVED top 1 -> https://github.com/CS-372-nilsstreedain
[912/2432] 'CS519 - Oregon State University': no usable link (recache)
[913/2432] 'CS534 - Oregon State University' (recache): SAVED top 1 -> https://web.engr.oregonstate.edu/~tgd/classes/534/handouts/syllabus.html
[914/2432] 'ENGR203 - Oregon State University' (recache): SAVED top 1 -> https://web.engr.oregonstate.edu/~webbky/ENGR203.htm
[915/2432] 'CIS102W - Pace University': no usable link (recache)
[916/2432] 'CS612 - Pace University': no usable link (recache)
[917/2432] 'CS659 - Pace University': no usable link (recache)
[918/2432] 'IS629 - Pace University': no usable link (recache)
[919/2432] 'IS638 - Pace University': no usable link (recache)
[920/2432] 'CMPCS201 - Penn State University': no usable link (recache)
[921/2432] 'CMPEN221 - Penn State University': no usable link (recache)
[922/2432] 'CMPEN270 - Penn State University' (recache): SAVED top 1 -> https://www.cse.psu.edu/~kxc104/class/cmpen270/10s/syllabus.html
[923/2432] 'CMPEN311 - Penn State University': no usable link (recache)
[924/2432] 'CMPEN331 - Penn State University' (recache): SAVED top 1 -> https://gitlab.com/sethusenthil/CMPEN_331
[925/2432] 'CMPEN454 - Penn State University' (recache): SAVED top 1 -> https://www.cse.psu.edu/~rtc12/CSE486/lecture01.pdf
[926/2432] 'CMPSC100 - Penn State University': no usable link (recache)
[927/2432] 'CMPSC101 - Penn State University': no usable link (recache)
[928/2432] 'CMPSC121 - Penn State University' (recache): SAVED top 1 -> https://turing.cs.hbg.psu.edu/cmpsc121/syllabus
[929/2432] 'CMPSC132 - Penn State University' (recache): SAVED top 1 -> https://github.com/kinnerparikh/CMPSC132
[930/2432] 'CMPSC200 - Penn State University' (recache): SAVED top 1 -> https://cheatography.com/xsgirl99/cheat-sheets/cmpsc-200-exam-ii
[931/2432] 'CMPSC201 - Penn State University' (recache): SAVED top 1 -> https://psu.uloop.com/course-notes/1080-CMPSC/233249-CMPSC-201-C
[932/2432] 'CMPSC201C - Penn State University' (recache): SAVED top 1 -> https://www.minich.com/education/psu/cmpsc201/syllabus.htm
[933/2432] 'CMPSC203 - Penn State University' (recache): SAVED top 1 -> https://psu.uloop.com/course-notes/1080-CMPSC-Computer-Science/203526-CMPSC-203-Introduction-to-Spreadsheets-and-Databases
[934/2432] 'CMPSC311 - Penn State University' (recache): SAVED top 1 -> https://github.com/PSUCMPSC311/psucmpsc311.github.io
[935/2432] 'CMPSC360 - Penn State University': no usable link (recache)
[936/2432] 'CMPSC431W - Penn State University' (recache): SAVED top 1 -> https://www.cse.psu.edu/~wul2/cmpsc431w
[937/2432] 'CMPSC442 - Penn State University': no usable link (recache)
[938/2432] 'CMPSC448 - Penn State University' (recache): SAVED top 1 -> https://www.cse.psu.edu/~mzm616/courses/cmpsc448/index.html
[939/2432] 'CMPSC461 - Penn State University': no usable link (recache)
[940/2432] 'CMPSC473 - Penn State University' (recache): SAVED top 1 -> https://sites.psu.edu/timothyz/cmpsc-473-operating-systems/
[941/2432] 'CMPSC475 - Penn State University': no usable link (recache)
[942/2432] 'CS442 - Penn State University': no usable link (recache)
[943/2432] 'CSE103 - Penn State University': no usable link (recache)
[944/2432] 'CSE411 - Penn State University' (recache): SAVED top 1 -> https://www.cse.psu.edu/~buu1/teaching/fall06/411/slides/lecture2-sept08.pdf
[945/2432] 'CSE541 - Penn State University': no usable link (recache)
[946/2432] 'CSE583 - Penn State University' (recache): SAVED top 1 -> https://github.com/kistlerk/cse583
[947/2432] 'DS442 - Penn State University' (recache): SAVED top 1 -> https://ist.psu.edu/learning/courses/ds/442
[948/2432] 'ECE453 - Penn State University': no usable link (recache)
[949/2432] 'EE320 - Penn State University': no usable link (recache)
[950/2432] 'EE351 - Penn State University': no usable link (recache)
[951/2432] 'EE387 - Penn State University': no usable link (recache)
[952/2432] 'EE552 - Penn State University': no usable link (recache)
[953/2432] 'ECE172 - Portland State University': no usable link (recache)
[954/2432] 'ECE271 - Portland State University': no usable link (recache)
[955/2432] 'ECE322 - Portland State University': no usable link (recache)
[956/2432] 'ECE351 - Portland State University': no usable link (recache)
[957/2432] 'ECE581 - Portland State University': no usable link (recache)
[958/2432] 'ECE582 - Portland State University': no usable link (recache)
[959/2432] 'INFO651 - Pratt Institute': no usable link (recache)
[960/2432] 'EE550 - Princeton University' (recache): SAVED top 1 -> https://www.princetonreview.com/cms-content/guide-to-your-administrator-dashboard_b-2023_new.pptx
[961/2432] 'EE598 - Princeton University' (recache): SAVED top 1 -> https://www.princetoncourses.com/
[962/2432] 'CS12300 - Purdue University': no usable link (recache)
[963/2432] 'CS12600 - Purdue University': no usable link (recache)
[964/2432] 'CS223 - Purdue University': no usable link (recache)
[965/2432] 'CS275 - Purdue University': no usable link (recache)
[966/2432] 'CS27500 - Purdue University': no usable link (recache)
[967/2432] 'IT402 - Purdue University': no usable link (recache)
[968/2432] 'ITS170 - Purdue University': no usable link (recache)
[969/2432] 'ITSY1300 - Purdue University' (recache): SAVED top 1 -> https://www.cs.purdue.edu/homes/ninghui/courses/426_Fall10/lectures.html
[970/2432] 'CISI012 - Queens College': no usable link (recache)
[971/2432] 'CS012 - Queens College': no usable link (recache)
[972/2432] 'CS12 - Queens College': no usable link (recache)
[973/2432] 'CS313 - Queens College': no usable link (recache)
[974/2432] 'CS320 - Queens College' (recache): SAVED top 1 -> https://qc.uloop.com/course-notes/740377-CS/6500172-CS-320-Theory-of-Comp
[975/2432] 'CS340 - Queens College': no usable link (recache)
[976/2432] 'CS343 - Queens College' (recache): SAVED top 1 -> https://qc.uloop.com/course-notes/740377-CS/11076161-CS-343-343
[977/2432] 'CS346 - Queens College': no usable link (recache)
[978/2432] 'CS355 - Queens College': no usable link (recache)
[979/2432] 'CS381 - Queens College': no usable link (recache)
[980/2432] 'CS715 - Queens College': no usable link (recache)
[981/2432] 'CSC323 - Queens College': no usable link (recache)
[982/2432] 'CSCI111 - Queens College': no usable link (recache)
[983/2432] 'CSCI111LAB - Queens College': no usable link (recache)
[984/2432] 'CSCI12 - Queens College': no usable link (recache)
[985/2432] 'CSCI211 - Queens College' (recache): SAVED top 1 -> https://qc.uloop.com/course-notes/73995-CSCI/4415143-CSCI-211
[986/2432] 'CSCI220 - Queens College': no usable link (recache)
[987/2432] 'CSCI240 - Queens College': no usable link (recache)
[988/2432] 'CSCI313 - Queens College': no usable link (recache)
[989/2432] 'CSCI316 - Queens College' (recache): SAVED top 1 -> https://qc.uloop.com/course-notes/73995-CSCI/4618212-CSCI-316
[990/2432] 'CSCI323 - Queens College' (recache): SAVED top 1 -> https://github.com/jhuilin/CSCI323-Design-and-Analysis-of-Algorithms-
[991/2432] 'CSCI328 - Queens College': no usable link (recache)
[992/2432] 'CSCI331 - Queens College': no usable link (recache)
[993/2432] 'CSCI340 - Queens College': no usable link (recache)
[994/2432] 'CSCI344 - Queens College': no usable link (recache)
[995/2432] 'CSCI355 - Queens College': no usable link (recache)
[996/2432] 'CSCI381 - Queens College': no usable link (recache)
[997/2432] 'DATA205 - Queens College': no usable link (recache)
[998/2432] 'EECE351 - Queens College': no usable link (recache)
[999/2432] 'EECE798 - Queens College': no usable link (recache)
[1000/2432] 'EECE800 - Queens College': no usable link (recache)
[1001/2432] 'MG210 - Quinnipiac University': no usable link (recache)
[1002/2432] 'MG321 - Quinnipiac University': no usable link (recache)
[1003/2432] 'MG335 - Quinnipiac University': no usable link (recache)
[1004/2432] 'CSCI221 - Reed College' (recache): SAVED top 1 -> https://jimfix.github.io/csci221/index.html
[1005/2432] 'CSCI382 - Reed College': no usable link (recache)
[1006/2432] 'CSCI387 - Reed College': no usable link (recache)
[1007/2432] 'CSCI389 - Reed College': no usable link (recache)
[1008/2432] 'CS2500 - Rensselaer Polytechnic Institute': no usable link (recache)
[1009/2432] 'CSCI1200 - Rensselaer Polytechnic Institute' (recache): SAVED top 1 -> http://www.cs.rpi.edu/academics/courses/spring22/csci1200/calendar.php
[1010/2432] 'CSCI2200 - Rensselaer Polytechnic Institute': no usable link (recache)
[1011/2432] 'CSCI2300 - Rensselaer Polytechnic Institute': no usable link (recache)
[1012/2432] 'CSCI2500 - Rensselaer Polytechnic Institute': no usable link (recache)
[1013/2432] 'CSCI2600 - Rensselaer Polytechnic Institute': no usable link (recache)
[1014/2432] 'CSCI4100 - Rensselaer Polytechnic Institute': no usable link (recache)
[1015/2432] 'CSCI4150 - Rensselaer Polytechnic Institute' (recache): SAVED top 1 -> https://github.com/AlbMej/CSCI-4150-Introduction-to-Artificial-Intelligence
[1016/2432] 'CSCI4350 - Rensselaer Polytechnic Institute': no usable link (recache)
[1017/2432] 'CSCI4370 - Rensselaer Polytechnic Institute': no usable link (recache)
[1018/2432] 'CSCI4800 - Rensselaer Polytechnic Institute' (recache): SAVED top 1 -> https://aubert.info/teaching/2021/fall/csci4800/exam_2.pdf?
[1019/2432] 'CSCI4964 - Rensselaer Polytechnic Institute': no usable link (recache)
[1020/2432] 'ECSE2110 - Rensselaer Polytechnic Institute': no usable link (recache)
[1021/2432] 'ECSE2210 - Rensselaer Polytechnic Institute': no usable link (recache)
[1022/2432] 'ECSE4900 - Rensselaer Polytechnic Institute' (recache): SAVED top 1 -> https://sites.ecse.rpi.edu/courses/F23/ECSE-1010/in_class_activities/Class_1_Design_Ideation_Activity_Poster_F23.pptx
[1023/2432] 'MANE4620 - Rensselaer Polytechnic Institute': no usable link (recache)
[1024/2432] 'COMP140 - Rice University' (recache): SAVED top 1 -> https://www.clear.rice.edu/comp140/
[1025/2432] 'COMP182 - Rice University' (recache): SAVED top 1 -> https://rice.uloop.com/course-notes/77672-COMP/4434538-COMP-182-ALGORITHMIC-THINKING
[1026/2432] 'COMP504 - Rice University': no usable link (recache)
[1027/2432] 'ELEC241 - Rice University' (recache): SAVED top 1 -> https://elec241.rice.edu/course-materials/
[1028/2432] 'ELEC327 - Rice University' (recache): SAVED top 1 -> https://elec327.github.io/
[1029/2432] 'CMPE570 - Rochester Institute of Technology': no usable link (recache)
[1030/2432] 'CMPE670 - Rochester Institute of Technology': no usable link (recache)
[1031/2432] 'CS2 - Rochester Institute of Technology' (recache): SAVED top 1 -> https://www.cs.rit.edu/~rlaz/cs2/
[1032/2432] 'CS3 - Rochester Institute of Technology' (recache): SAVED top 1 -> https://cs3.com/
[1033/2432] 'CSC1141 - Rochester Institute of Technology': no usable link (recache)
[1034/2432] 'CSCI141 - Rochester Institute of Technology': no usable link (recache)
[1035/2432] 'CSCI142 - Rochester Institute of Technology': no usable link (recache)
[1036/2432] 'CSCI250 - Rochester Institute of Technology': no usable link (recache)
[1037/2432] 'CSCI251 - Rochester Institute of Technology': no usable link (recache)
[1038/2432] 'CSCI261 - Rochester Institute of Technology': no usable link (recache)
[1039/2432] 'CSCI262 - Rochester Institute of Technology': no usable link (recache)
[1040/2432] 'CSCI420 - Rochester Institute of Technology' (recache): SAVED top 1 -> https://www.hao-li.com/Hao_Li/Hao_Li_-_teaching_%5BCSCI_420__Computer_Graphics_FS_2017%5D.html
[1041/2432] 'CSCI462 - Rochester Institute of Technology' (recache): SAVED top 1 -> https://www.cs.rit.edu/~spr/COURSES/SYL/CSCI-462-IntroCrypto-syll.html
[1042/2432] 'CSCI631 - Rochester Institute of Technology': no usable link (recache)
[1043/2432] 'CSCI651 - Rochester Institute of Technology' (recache): SAVED top 1 -> https://rit.uloop.com/course-notes/434780-CSCI/6620739-CSCI-651-Foundations-of-Computer-Networks
[1044/2432] 'CSCI720 - Rochester Institute of Technology': no usable link (recache)
[1045/2432] 'CSCI788 - Rochester Institute of Technology': no usable link (recache)
[1046/2432] 'CSD220 - Rochester Institute of Technology': no usable link (recache)
[1047/2432] 'CSEC101 - Rochester Institute of Technology': no usable link (recache)
[1048/2432] 'CSEC102 - Rochester Institute of Technology': no usable link (recache)
[1049/2432] 'CSEC140 - Rochester Institute of Technology': no usable link (recache)
[1050/2432] 'CSEC201 - Rochester Institute of Technology': no usable link (recache)
[1051/2432] 'DATA1 - Rochester Institute of Technology' (recache): SAVED top 1 -> https://rit.textbookx.com/
[1052/2432] 'EEEE120 - Rochester Institute of Technology': no usable link (recache)
[1053/2432] 'EEEE281 - Rochester Institute of Technology': no usable link (recache)
[1054/2432] 'EEEE346 - Rochester Institute of Technology': no usable link (recache)
[1055/2432] 'EEEE620 - Rochester Institute of Technology': no usable link (recache)
[1056/2432] 'GCIS123 - Rochester Institute of Technology' (recache): SAVED top 1 -> https://www.se.rit.edu/~gcis-123/syllabus.html
[1057/2432] 'GCIS124 - Rochester Institute of Technology' (recache): SAVED top 1 -> https://www.se.rit.edu/~gcis-124/syllabus.html
[1058/2432] 'GCIS127 - Rochester Institute of Technology': no usable link (recache)
[1059/2432] 'NSSA220 - Rochester Institute of Technology': no usable link (recache)
[1060/2432] 'NSSA241 - Rochester Institute of Technology': no usable link (recache)
[1061/2432] 'SWEN123 - Rochester Institute of Technology': no usable link (recache)
[1062/2432] 'SWEN262 - Rochester Institute of Technology' (recache): SAVED top 1 -> https://www.se.rit.edu/~swen-262/schedule/2255-2per.html
[1063/2432] 'CSSE230 - Rose-Hulman Institute of Technology' (recache): SAVED top 1 -> https://www.rose-hulman.edu/class/cs/csse230/syllabus.html
[1064/2432] 'CSSE232 - Rose-Hulman Institute of Technology' (recache): SAVED top 1 -> https://www.rose-hulman.edu/class/cs/csse232/
[1065/2432] 'CSSE280 - Rose-Hulman Institute of Technology' (recache): SAVED top 1 -> https://www.rose-hulman.edu/class/csse/csse280/201710/Slides/Intro-Internet.pdf
[1066/2432] 'CSSE332 - Rose-Hulman Institute of Technology' (recache): SAVED top 1 -> https://rhit-csse.github.io/csse332/
[1067/2432] 'CSSE374 - Rose-Hulman Institute of Technology' (recache): SAVED top 1 -> https://www.rose-hulman.edu/class/cs/csse374/
[1068/2432] 'ECE130 - Rose-Hulman Institute of Technology' (recache): SAVED top 1 -> https://www.rose-hulman.edu/class/ee/laflen/ece130/
[1069/2432] 'ECE180 - Rose-Hulman Institute of Technology': no usable link (recache)
[1070/2432] 'ECE312 - Rose-Hulman Institute of Technology': no usable link (recache)
[1071/2432] 'ENGD240 - Rose-Hulman Institute of Technology': no usable link (recache)
[1072/2432] 'COMP01111 - Rowan University': no usable link (recache)
[1073/2432] 'COMP01112 - Rowan University': no usable link (recache)
[1074/2432] 'COMP2 - Rowan University': no usable link (recache)
[1075/2432] 'CS01104 - Rowan University': no usable link (recache)
[1076/2432] 'CS02480 - Rowan University': no usable link (recache)
[1077/2432] 'CS02505 - Rowan University': no usable link (recache)
[1078/2432] 'CS03351 - Rowan University': no usable link (recache)
[1079/2432] 'CS04222 - Rowan University' (recache): SAVED top 1 -> https://csm.rowan.edu/departments/cs/advising/resources/syllabi/cs_04222.pdf
[1080/2432] 'CS06205 - Rowan University' (recache): SAVED top 1 -> https://csm.rowan.edu/departments/cs/advising/resources/syllabi/cs_06205.pdf
[1081/2432] 'CS06395 - Rowan University' (recache): SAVED top 1 -> https://csm.rowan.edu/departments/cs/advising/resources/syllabi/cs_06395.pdf
[1082/2432] 'DSA01 - Rowan University': no usable link (recache)
[1083/2432] 'MIS02234 - Rowan University' (recache): SAVED top 1 -> https://innovativeprof.com/Rowan/courses/mis-02234-management-information-systems/
[1084/2432] 'MIS02322 - Rowan University': no usable link (recache)
[1085/2432] 'CS554 - Rutgers University' (recache): SAVED top 1 -> https://myrbs.business.rutgers.edu/sites/default/files/syllabi/544-information-technology/22_544_641.pdf
[1086/2432] 'CS319 - Sacred Heart University': no usable link (recache)
[1087/2432] 'CTL125 - Sacred Heart University': no usable link (recache)
[1088/2432] 'CY212 - Sacred Heart University': no usable link (recache)
[1089/2432] 'CSCI2510 - Saint Louis University' (recache): SAVED top 1 -> https://dferry.github.io/courses/csci2510/
[1090/2432] 'CSCI5530 - Saint Louis University': no usable link (recache)
[1091/2432] 'ECE1200 - Saint Louis University' (recache): SAVED top 1 -> https://ww1.microchip.com/downloads/en/DeviceDoc/ECE1200-Data-Sheet-DS00003093A.pdf
[1092/2432] 'COS4320 - Sam Houston State University': no usable link (recache)
[1093/2432] 'COSC2329 - Sam Houston State University': no usable link (recache)
[1094/2432] 'COSC3319 - Sam Houston State University' (recache): SAVED top 1 -> https://shsu.simplesyllabus.com/
[1095/2432] 'COSC4319 - Sam Houston State University': no usable link (recache)
[1096/2432] 'DFSC1316 - Sam Houston State University': no usable link (recache)
[1097/2432] 'DFSC1317 - Sam Houston State University': no usable link (recache)
[1098/2432] 'DFSC2316 - Sam Houston State University': no usable link (recache)
[1099/2432] 'DFSC3316 - Sam Houston State University': no usable link (recache)
[1100/2432] 'CS496 - San Diego State University': no usable link (recache)
[1101/2432] 'EE340 - San Diego State University' (recache): SAVED top 1 -> https://nguyen.sdsu.edu/EE200/slides.html
[1102/2432] 'CSC213 - San Francisco State University' (recache): SAVED top 1 -> https://sfsu.edu2.com/
[1103/2432] 'CSC300 - San Francisco State University': no usable link (recache)
[1104/2432] 'CSC324 - San Francisco State University': no usable link (recache)
[1105/2432] 'CSC415 - San Francisco State University': no usable link (recache)
[1106/2432] 'CSC510 - San Francisco State University' (recache): SAVED top 1 -> https://bidal.sfsu.edu/~kazokada/csc510/
[1107/2432] 'CSC621 - San Francisco State University' (recache): SAVED top 1 -> https://bidal.sfsu.edu/~kazokada/csc621-821/
[1108/2432] 'CSC648 - San Francisco State University' (recache): SAVED top 1 -> https://sfsu.edu2.com/
[1109/2432] 'CSC872 - San Francisco State University' (recache): SAVED top 1 -> https://bidal.sfsu.edu/~kazokada/csc872/
[1110/2432] Tavily quota exhausted -> switching to SerpAPI
[1110/2432] 'CSE511 - Penn State University': no usable link (live)
[1111/2432] 'ECE315 - Portland State University': no usable link (live)
[1112/2432] 'CSCI012 - Queens College': no usable link (live)
[1113/2432] 'CSCI320 - Queens College': no usable link (live)
[1114/2432] 'EECE555 - Queens College': no usable link (live)
[1115/2432] 'CSCI4210 - Rensselaer Polytechnic Institute': no usable link (live)
[1116/2432] 'CSCI6100 - Rensselaer Polytechnic Institute': no usable link (live)
[1117/2432] 'ECSE2610 - Rensselaer Polytechnic Institute': no usable link (live)
[1118/2432] 'CSC250 - Rochester Institute of Technology': no usable link (live)
[1119/2432] 'CSCI140 - Rochester Institute of Technology': no usable link (live)
[1120/2432] 'CSCI243 - Rochester Institute of Technology': no usable link (live)
[1121/2432] 'ECE233 - Rose-Hulman Institute of Technology': no usable link (live)
[1122/2432] 'CS02530 - Rowan University': no usable link (live)
[1123/2432] 'DSA1 - Rowan University': no usable link (live)
[1124/2432] 'CSCI1070 - Saint Louis University': no usable link (live)
[1125/2432] 'COSC1436 - Sam Houston State University': no usable link (live)
[1126/2432] 'COSC2327 - Sam Houston State University': no usable link (live)
[1127/2432] 'COSC4316 - Sam Houston State University': no usable link (live)
[1128/2432] 'CSC645 - San Francisco State University': no usable link (live)
[1129/2432] 'CSC675 - San Francisco State University': no usable link (live)
[1130/2432] 'CMPE120 - San Jose State University': no usable link (live)
[1131/2432] 'CMPE126 - San Jose State University': no usable link (live)
[1132/2432] 'CMPE130 - San Jose State University': no usable link (live)
[1133/2432] 'CMPE148 - San Jose State University': no usable link (live)
[1134/2432] 'CMPE18092 - San Jose State University': no usable link (live)
[1135/2432] 'CMPE180A - San Jose State University': no usable link (live)
[1136/2432] 'CMPE206 - San Jose State University': no usable link (live)
[1137/2432] 'CMPE294 - San Jose State University': no usable link (live)
[1138/2432] 'CS147 - San Jose State University': no usable link (live)
[1139/2432] 'CS157A - San Jose State University': no usable link (live)
[1140/2432] 'CS157C - San Jose State University': no usable link (live)
[1141/2432] 'CS267 - San Jose State University': no usable link (live)
[1142/2432] 'CS46A - San Jose State University': no usable link (live)
[1143/2432] 'CS46B - San Jose State University': no usable link (live)
[1144/2432] 'CS47 - San Jose State University': no usable link (live)
[1145/2432] 'CS49J - San Jose State University': no usable link (live)
[1146/2432] 'EE118 - San Jose State University': no usable link (live)
[1147/2432] 'EE153 - San Jose State University': no usable link (live)
[1148/2432] 'INFO204 - San Jose State University': no usable link (live)
[1149/2432] 'INFO248 - San Jose State University': no usable link (live)
[1150/2432] 'INFO281 - San Jose State University': no usable link (live)
[1151/2432] 'COEN20 - Santa Clara University': no usable link (live)
[1152/2432] 'COEN210 - Santa Clara University': no usable link (live)
[1153/2432] 'COEN235 - Santa Clara University': no usable link (live)
[1154/2432] 'COEN240 - Santa Clara University': no usable link (live)
[1155/2432] 'COEN276 - Santa Clara University': no usable link (live)
[1156/2432] 'COEN279 - Santa Clara University': no usable link (live)
[1157/2432] 'COEN283 - Santa Clara University': no usable link (live)
[1158/2432] 'COEN380 - Santa Clara University': no usable link (live)
[1159/2432] 'COEN383 - Santa Clara University': no usable link (live)
[1160/2432] 'COEN70 - Santa Clara University': no usable link (live)
[1161/2432] 'COEN79 - Santa Clara University': no usable link (live)
[1162/2432] 'CSCI163 - Santa Clara University': no usable link (live)
[1163/2432] 'CSCI183 - Santa Clara University': no usable link (live)
[1164/2432] 'CSCI61 - Santa Clara University': no usable link (live)
[1165/2432] 'CSEN12 - Santa Clara University': no usable link (live)
[1166/2432] 'CSEN177 - Santa Clara University': no usable link (live)
[1167/2432] 'CSEN20 - Santa Clara University': no usable link (live)
[1168/2432] 'CSEN79 - Santa Clara University': no usable link (live)
[1169/2432] 'ECEN21 - Santa Clara University': no usable link (live)
[1170/2432] 'ECEN50 - Santa Clara University': no usable link (live)
[1171/2432] 'CPSC1000 - Seattle University': no usable link (live)
[1172/2432] 'CPSC1420 - Seattle University': no usable link (live)
[1173/2432] 'CPSC1430 - Seattle University': no usable link (live)
[1174/2432] 'CPSC2430 - Seattle University': no usable link (live)
[1175/2432] 'CPSC2500 - Seattle University': no usable link (live)
[1176/2432] 'CPSC2600 - Seattle University': no usable link (live)
[1177/2432] 'CPSC3500 - Seattle University': no usable link (live)
[1178/2432] 'CPSC4100 - Seattle University': no usable link (live)
[1179/2432] 'CPSC5070 - Seattle University': no usable link (live)
[1180/2432] 'CPSC5520 - Seattle University': no usable link (live)
[1181/2432] 'CPSC5610 - Seattle University': no usable link (live)
[1182/2432] 'CSSE103 - Seattle University': no usable link (live)
[1183/2432] 'CSAS1113 - Seton Hall University': no usable link (live)
[1184/2432] 'ICSI1117 - Seton Hall University': no usable link (live)
[1185/2432] 'MATH0012 - Seton Hall University': no usable link (live)
[1186/2432] 'CSIS010 - Siena College': no usable link (live)
[1187/2432] 'CSIS011 - Siena College': no usable link (live)
[1188/2432] 'CSIS110 - Siena College': no usable link (live)
[1189/2432] 'CSIS114 - Siena College': no usable link (live)
[1190/2432] 'CSIS120 - Siena College': no usable link (live)
[1191/2432] 'CSIS210 - Siena College': no usable link (live)
[1192/2432] 'CSIS220 - Siena College': no usable link (live)
[1193/2432] 'CSIS225 - Siena College': no usable link (live)
[1194/2432] 'CSIS350 - Siena College': no usable link (live)
[1195/2432] 'CSIS385 - Siena College': no usable link (live)
[1196/2432] 'SCDV110 - Siena College': no usable link (live)
[1197/2432] 'CMPT105W - Simon Fraser University': no usable link (live)
[1198/2432] 'CMPT125 - Simon Fraser University': no usable link (live)
[1199/2432] 'CMPT126 - Simon Fraser University': no usable link (live)
[1200/2432] 'CMPT128 - Simon Fraser University': no usable link (live)
[1201/2432] 'CMPT130 - Simon Fraser University': no usable link (live)
[1202/2432] 'CMPT135 - Simon Fraser University': no usable link (live)
[1203/2432] 'CMPT150 - Simon Fraser University': no usable link (live)
[1204/2432] 'CMPT210 - Simon Fraser University': no usable link (live)
[1205/2432] 'CMPT213 - Simon Fraser University': no usable link (live)
[1206/2432] 'CMPT225 - Simon Fraser University': no usable link (live)
[1207/2432] 'CMPT275 - Simon Fraser University': no usable link (live)
[1208/2432] 'CMPT276 - Simon Fraser University': no usable link (live)
[1209/2432] 'CMPT295 - Simon Fraser University': no usable link (live)
[1210/2432] 'CMPT300 - Simon Fraser University': no usable link (live)
[1211/2432] 'CMPT307 - Simon Fraser University': no usable link (live)
[1212/2432] 'CMPT310 - Simon Fraser University': no usable link (live)
[1213/2432] 'CMPT318 - Simon Fraser University': no usable link (live)
[1214/2432] 'CMPT361 - Simon Fraser University': no usable link (live)
[1215/2432] 'CMPT362 - Simon Fraser University': no usable link (live)
[1216/2432] 'CMPT365 - Simon Fraser University': no usable link (live)
[1217/2432] 'CMPT405 - Simon Fraser University': no usable link (live)
[1218/2432] 'CMPT431 - Simon Fraser University': no usable link (live)
[1219/2432] 'CMPT433 - Simon Fraser University': no usable link (live)
[1220/2432] 'CMPT471 - Simon Fraser University': no usable link (live)
[1221/2432] 'CMPT474 - Simon Fraser University': no usable link (live)
[1222/2432] 'CMPT705 - Simon Fraser University': no usable link (live)
[1223/2432] 'CMPT756 - Simon Fraser University': no usable link (live)
[1224/2432] 'ENSC180 - Simon Fraser University': no usable link (live)
[1225/2432] 'MACA101 - Simon Fraser University': no usable link (live)
[1226/2432] 'MACM101 - Simon Fraser University': no usable link (live)
[1227/2432] 'MACM201 - Simon Fraser University': no usable link (live)
[1228/2432] 'MACM316 - Simon Fraser University': no usable link (live)
[1229/2432] 'MSE402 - Simon Fraser University': no usable link (live)
[1230/2432] 'CSC252 - Smith College': no usable link (live)
[1231/2432] 'CS436 - Southern Illinois University Carbondale': no usable link (live)
[1232/2432] 'ECE329 - Southern Illinois University Carbondale': no usable link (live)
[1233/2432] 'ECE456 - Southern Illinois University Carbondale': no usable link (live)
[1234/2432] 'CS1341 - Southern Methodist University': no usable link (live)
[1235/2432] 'CS2353 - Southern Methodist University': no usable link (live)
[1236/2432] 'CS4345 - Southern Methodist University': no usable link (live)
[1237/2432] 'CS5328 - Southern Methodist University': no usable link (live)
[1238/2432] 'CSE1341 - Southern Methodist University': no usable link (live)
[1239/2432] "CUS1126 - St. John's University": no usable link (live)
[1240/2432] 'CS173A - Stanford University': no usable link (live)
[1241/2432] 'CS221 - Stanford University': no usable link (live)
[1242/2432] 'CS229 - Stanford University': no usable link (live)
[1243/2432] 'EE284 - Stanford University': no usable link (live)
[1244/2432] 'ML09 - Stanford University': no usable link (live)
[1245/2432] 'CS583B - Stevens Institute of Technology': no usable link (live)
[1246/2432] 'EE605A - Stevens Institute of Technology': no usable link (live)
[1247/2432] 'CSE102 - Stony Brook University': no usable link (live)
[1248/2432] 'CSE528 - Stony Brook University': no usable link (live)
[1249/2432] 'ISE316 - Stony Brook University': no usable link (live)
[1250/2432] 'CMPSC131 - Suffolk University': no usable link (live)
[1251/2432] 'F353 - Suffolk University': no usable link (live)
[1252/2432] 'ISOM130 - Suffolk University': no usable link (live)
[1253/2432] 'CIS117 - SUNY Brockport': no usable link (live)
[1254/2432] 'CSC311 - SUNY Brockport': no usable link (live)
[1255/2432] 'CSC312 - SUNY Brockport': no usable link (live)
[1256/2432] 'CSC419 - SUNY Brockport': no usable link (live)
[1257/2432] 'CSC435 - SUNY Brockport': no usable link (live)
[1258/2432] 'CYB105 - SUNY Brockport': no usable link (live)
[1259/2432] 'CSIT121 - SUNY Fredonia': no usable link (live)
[1260/2432] 'CSIT151 - SUNY Fredonia': no usable link (live)
[1261/2432] 'CSIT221 - SUNY Fredonia': no usable link (live)
[1262/2432] 'CSIT311 - SUNY Fredonia': no usable link (live)
[1263/2432] 'CSIT341 - SUNY Fredonia': no usable link (live)
[1264/2432] 'CSIT435 - SUNY Fredonia': no usable link (live)
[1265/2432] 'CSCI114 - SUNY Geneseo': no usable link (live)
[1266/2432] 'CSCI119 - SUNY Geneseo': no usable link (live)
[1267/2432] 'CPS210 - SUNY New Paltz': no usable link (live)
[1268/2432] 'CPS21004 - SUNY New Paltz': no usable link (live)
[1269/2432] 'CPS310 - SUNY New Paltz': no usable link (live)
[1270/2432] 'CPS353 - SUNY New Paltz': no usable link (live)
[1271/2432] 'COMP100 - SUNY Oneonta': no usable link (live)
[1272/2432] 'COMP1000 - SUNY Oneonta': no usable link (live)
[1273/2432] 'COMP10012 - SUNY Oneonta': no usable link (live)
[1274/2432] 'COMP150 - SUNY Oneonta': no usable link (live)
[1275/2432] 'COMP200 - SUNY Oneonta': no usable link (live)
[1276/2432] 'COMP290 - SUNY Oneonta': no usable link (live)
[1277/2432] 'CSCI216 - SUNY Oneonta': no usable link (live)
[1278/2432] 'CSCI3440 - SUNY Oneonta': no usable link (live)
[1279/2432] 'CSC103 - SUNY Oswego': no usable link (live)
[1280/2432] 'CSC212 - SUNY Oswego': no usable link (live)
[1281/2432] 'CSC217 - SUNY Plattsburgh': no usable link (live)
[1282/2432] 'CSC336 - SUNY Plattsburgh': no usable link (live)
[1283/2432] 'CSC433 - SUNY Plattsburgh': no usable link (live)
[1284/2432] 'COMP201 - SUNY Potsdam': no usable link (live)
[1285/2432] 'MAT1020 - SUNY Purchase': no usable link (live)
[1286/2432] 'MAT1520 - SUNY Purchase': no usable link (live)
[1287/2432] 'CPSC021 - Swarthmore College': no usable link (live)
[1288/2432] 'CPSC35 - Swarthmore College': no usable link (live)
[1289/2432] 'CPSC41 - Swarthmore College': no usable link (live)
[1290/2432] 'CS35 - Swarthmore College': no usable link (live)
[1291/2432] 'CSE691 - Syracuse University': no usable link (live)
[1292/2432] 'ECS102 - Syracuse University': no usable link (live)
[1293/2432] 'AOD2176 - Temple University': no usable link (live)
[1294/2432] 'CIS024 - Temple University': no usable link (live)
[1295/2432] 'CIS055 - Temple University': no usable link (live)
[1296/2432] 'CIS0835 - Temple University': no usable link (live)
[1297/2432] 'CIS1051 - Temple University': no usable link (live)
[1298/2432] 'CIS1055 - Temple University': no usable link (live)
[1299/2432] 'CIS2033 - Temple University': no usable link (live)
[1300/2432] 'CIS2168 - Temple University': no usable link (live)
[1301/2432] 'CIS2229 - Temple University': no usable link (live)
[1302/2432] 'CIS230 - Temple University': no usable link (live)
[1303/2432] 'CIS3229 - Temple University': no usable link (live)
[1304/2432] 'CIS3296 - Temple University': no usable link (live)
[1305/2432] 'CIS4398 - Temple University': no usable link (live)
[1306/2432] 'CIS835 - Temple University': no usable link (live)
[1307/2432] 'CIS935 - Temple University': no usable link (live)
[1308/2432] 'CISC055 - Temple University': no usable link (live)
[1309/2432] 'ECE3512 - Temple University': no usable link (live)
[1310/2432] 'CS2322 - Texas A&M University': no usable link (live)
[1311/2432] 'CS2337 - Texas A&M University': no usable link (live)
[1312/2432] 'CITE30103 - Texas Christian University': no usable link (live)
[1313/2432] 'COSC10403 - Texas Christian University': no usable link (live)
[1314/2432] 'COSC20203 - Texas Christian University': no usable link (live)
[1315/2432] 'COSC20803 - Texas Christian University': no usable link (live)
[1316/2432] 'COSC30603 - Texas Christian University': no usable link (live)
[1317/2432] 'CIS1323 - Texas State University': no usable link (live)
[1318/2432] 'CIS2324 - Texas State University': no usable link (live)
[1319/2432] 'CIS3305 - Texas State University': no usable link (live)
[1320/2432] 'CIS3374 - Texas State University': no usable link (live)
[1321/2432] 'CIS3380 - Texas State University': no usable link (live)
[1322/2432] 'CS1342 - Texas State University': no usable link (live)
[1323/2432] 'CS1428 - Texas State University': no usable link (live)
[1324/2432] 'CS2308 - Texas State University': no usable link (live)
[1325/2432] 'CS2318 - Texas State University': no usable link (live)
[1326/2432] 'CS3320 - Texas State University': no usable link (live)
[1327/2432] 'CS3339 - Texas State University': no usable link (live)
[1328/2432] 'CS3354 - Texas State University': no usable link (live)
[1329/2432] 'CS3358 - Texas State University': no usable link (live)
[1330/2432] 'CS3360 - Texas State University': no usable link (live)
[1331/2432] 'CS4318 - Texas State University': no usable link (live)
[1332/2432] 'CS4328 - Texas State University': no usable link (live)
[1333/2432] 'CS4350 - Texas State University': no usable link (live)
[1334/2432] 'ECE4301 - Texas State University': no usable link (live)
[1335/2432] 'MATH2471 - Texas State University': no usable link (live)
[1336/2432] 'CS1382 - Texas Tech University': no usable link (live)
[1337/2432] 'CS1412 - Texas Tech University': no usable link (live)
[1338/2432] 'CS2350 - Texas Tech University': no usable link (live)
[1339/2432] 'CS3364 - Texas Tech University': no usable link (live)
[1340/2432] 'CS3365 - Texas Tech University': no usable link (live)
[1341/2432] 'CS3375 - Texas Tech University': no usable link (live)
[1342/2432] 'CS4331 - Texas Tech University': no usable link (live)
[1343/2432] 'CS4352 - Texas Tech University': no usable link (live)
[1344/2432] 'CS4366 - Texas Tech University': no usable link (live)
[1345/2432] 'CS5374 - Texas Tech University': no usable link (live)
[1346/2432] 'CS5381 - Texas Tech University': no usable link (live)
[1347/2432] 'ECE2372 - Texas Tech University': no usable link (live)
[1348/2432] 'ECE3302 - Texas Tech University': no usable link (live)
[1349/2432] 'ECE3323 - Texas Tech University': no usable link (live)
[1350/2432] 'ECE3331 - Texas Tech University': no usable link (live)
[1351/2432] 'ECE3362 - Texas Tech University': no usable link (live)
[1352/2432] 'EE1304 - Texas Tech University': no usable link (live)
[1353/2432] 'AIT616 - Towson University': no usable link (live)
[1354/2432] 'COCS237 - Towson University': no usable link (live)
[1355/2432] 'COSC109 - Towson University': no usable link (live)
[1356/2432] 'COSC165 - Towson University': no usable link (live)
[1357/2432] 'COSC236 - Towson University': no usable link (live)
[1358/2432] 'COSC237 - Towson University': no usable link (live)
[1359/2432] 'COSC336 - Towson University': no usable link (live)
[1360/2432] 'COSC350 - Towson University': no usable link (live)
[1361/2432] 'COSC457 - Towson University': no usable link (live)
[1362/2432] 'COSC467 - Towson University': no usable link (live)
[1363/2432] 'COSC484 - Towson University': no usable link (live)
[1364/2432] 'COSC617 - Towson University': no usable link (live)
[1365/2432] 'COSC734 - Towson University': no usable link (live)
[1366/2432] 'COSC757 - Towson University': no usable link (live)
[1367/2432] 'ITEC250 - Towson University': no usable link (live)
[1368/2432] 'ITEC274 - Towson University': no usable link (live)
[1369/2432] 'ITEC345 - Towson University': no usable link (live)
[1370/2432] 'ADMN3750 - Trent University': no usable link (live)
[1371/2432] 'COIS1020 - Trent University': no usable link (live)
[1372/2432] 'CPSC114 - Trinity College': no usable link (live)
[1373/2432] 'CPSC115 - Trinity College': no usable link (live)
[1374/2432] 'CPSC215 - Trinity College': no usable link (live)
[1375/2432] 'CPSC275 - Trinity College': no usable link (live)
[1376/2432] 'COMP0011 - Tufts University': no usable link (live)
[1377/2432] 'COMP112 - Tufts University': no usable link (live)
[1378/2432] 'COMP15 - Tufts University': no usable link (live)
[1379/2432] 'COMP23 - Tufts University': no usable link (live)
[1380/2432] 'COMP40 - Tufts University': no usable link (live)
[1381/2432] 'COMP61 - Tufts University': no usable link (live)
[1382/2432] 'CS160 - Tufts University': no usable link (live)
[1383/2432] 'CS61 - Tufts University': no usable link (live)
[1384/2432] 'EE20 - Tufts University': no usable link (live)
[1385/2432] 'EE21 - Tufts University': no usable link (live)
[1386/2432] 'EE23 - Tufts University': no usable link (live)
[1387/2432] 'INFO1010 - Tulane University': no usable link (live)
[1388/2432] 'CSC106 - Union College': no usable link (live)
[1389/2432] 'CSC107 - Union College': no usable link (live)
[1390/2432] 'ECE225 - Union College': no usable link (live)
[1391/2432] 'BFOR100 - University at Albany': no usable link (live)
[1392/2432] 'CEHC242 - University at Albany': no usable link (live)
[1393/2432] 'CINF108 - University at Albany': no usable link (live)
[1394/2432] 'CINF203 - University at Albany': no usable link (live)
[1395/2432] 'CINF308 - University at Albany': no usable link (live)
[1396/2432] 'CSI201 - University at Albany': no usable link (live)
[1397/2432] 'CSI203 - University at Albany': no usable link (live)
[1398/2432] 'CSI205 - University at Albany': no usable link (live)
[1399/2432] 'CSI210 - University at Albany': no usable link (live)
[1400/2432] 'CSI213 - University at Albany': no usable link (live)
[1401/2432] 'CSI405 - University at Albany': no usable link (live)
[1402/2432] 'CSI409 - University at Albany': no usable link (live)
[1403/2432] 'ECE231 - University at Albany': no usable link (live)
[1404/2432] 'ICSI201 - University at Albany': no usable link (live)
[1405/2432] 'ICSI210 - University at Albany': no usable link (live)
[1406/2432] 'ICSI212 - University at Albany': no usable link (live)
[1407/2432] 'ICSI213 - University at Albany': no usable link (live)
[1408/2432] 'ICSI311 - University at Albany': no usable link (live)
[1409/2432] 'ICSI404 - University at Albany': no usable link (live)
[1410/2432] 'ICSI405 - University at Albany': no usable link (live)
[1411/2432] 'IECE111 - University at Albany': no usable link (live)
[1412/2432] 'INF100X - University at Albany': no usable link (live)
[1413/2432] 'INF108 - University at Albany': no usable link (live)
[1414/2432] 'INF171 - University at Albany': no usable link (live)
[1415/2432] 'INF202 - University at Albany': no usable link (live)
[1416/2432] 'INF203 - University at Albany': no usable link (live)
[1417/2432] 'INF280X - University at Albany': no usable link (live)
[1418/2432] 'INF308 - University at Albany': no usable link (live)
[1419/2432] 'CS300 - University of Alabama': no usable link (live)
[1420/2432] 'CS351 - University of Alabama': no usable link (live)
[1421/2432] 'CS403 - University of Alabama': no usable link (live)
[1422/2432] 'CS426 - University of Alabama': no usable link (live)
[1423/2432] 'CS428 - University of Alabama': no usable link (live)
[1424/2432] 'CS470 - University of Alabama': no usable link (live)
[1425/2432] 'ECE320 - University of Alabama': no usable link (live)
[1426/2432] 'ECE380 - University of Alabama': no usable link (live)
[1427/2432] 'ECE484 - University of Alabama': no usable link (live)
[1428/2432] 'ECE486 - University of Alabama': no usable link (live)
[1429/2432] 'CMPUT261 - University of Alberta': no usable link (live)
[1430/2432] 'CMPUT267 - University of Alberta': no usable link (live)
[1431/2432] 'CMPUT366 - University of Alberta': no usable link (live)
[1432/2432] 'CSC244 - University of Arizona': no usable link (live)
[1433/2432] 'CSC335 - University of Arizona': no usable link (live)
[1434/2432] 'CSC445 - University of Arizona': no usable link (live)
[1435/2432] 'CSC473 - University of Arizona': no usable link (live)
[1436/2432] 'ECE175 - University of Arizona': no usable link (live)
[1437/2432] 'ECE207 - University of Arizona': no usable link (live)
[1438/2432] 'ECE220 - University of Arizona': no usable link (live)
[1439/2432] 'CSCE2004 - University of Arkansas': no usable link (live)
[1440/2432] 'CSCE2014 - University of Arkansas': no usable link (live)
[1441/2432] 'CSCE21104 - University of Arkansas': no usable link (live)
[1442/2432] 'CSCE2214 - University of Arkansas': no usable link (live)
[1443/2432] 'CSCE31903 - University of Arkansas': no usable link (live)
[1444/2432] 'CSCE3193 - University of Arkansas': no usable link (live)
[1445/2432] 'CSCE3193H - University of Arkansas': no usable link (live)
[1446/2432] 'CSCE35103 - University of Arkansas': no usable link (live)
[1447/2432] 'CSCE3513 - University of Arkansas': no usable link (live)
[1448/2432] 'CSCE3613 - University of Arkansas': no usable link (live)
[1449/2432] 'CSCE4013 - University of Arkansas': no usable link (live)
[1450/2432] 'CSCE4323 - University of Arkansas': no usable link (live)
[1451/2432] 'CSCE4433 - University of Arkansas': no usable link (live)
[1452/2432] 'CSCE4561 - University of Arkansas': no usable link (live)
[1453/2432] 'CSCE4613 - University of Arkansas': no usable link (live)
[1454/2432] 'CSCE5013 - University of Arkansas': no usable link (live)
[1455/2432] 'CSCE5063 - University of Arkansas': no usable link (live)
[1456/2432] 'DASC1204 - University of Arkansas': no usable link (live)
[1457/2432] 'APSC160 - University of British Columbia': no usable link (live)
[1458/2432] 'CPEN291 - University of British Columbia': no usable link (live)
[1459/2432] 'CPEN311 - University of British Columbia': no usable link (live)
[1460/2432] 'CPEN312 - University of British Columbia': no usable link (live)
[1461/2432] 'CPSC103 - University of British Columbia': no usable link (live)
[1462/2432] 'CPSC110 - University of British Columbia': no usable link (live)
[1463/2432] 'CPSC111 - University of British Columbia': no usable link (live)
[1464/2432] 'CPSC121 - University of British Columbia': no usable link (live)
[1465/2432] 'CPSC210 - University of British Columbia': no usable link (live)
[1466/2432] 'CPSC221 - University of British Columbia': no usable link (live)
[1467/2432] 'CPSC304 - University of British Columbia': no usable link (live)
[1468/2432] 'CPSC311 - University of British Columbia': no usable link (live)
[1469/2432] 'CPSC312 - University of British Columbia': no usable link (live)
[1470/2432] 'CPSC313 - University of British Columbia': no usable link (live)
[1471/2432] 'CPSC317 - University of British Columbia': no usable link (live)
[1472/2432] 'CPSC368 - University of British Columbia': no usable link (live)
[1473/2432] 'EECE251 - University of British Columbia': no usable link (live)
[1474/2432] 'EECE253 - University of British Columbia': no usable link (live)
[1475/2432] 'EECE254 - University of British Columbia': no usable link (live)
[1476/2432] 'EECE259 - University of British Columbia': no usable link (live)
[1477/2432] 'EECE280 - University of British Columbia': no usable link (live)
[1478/2432] 'EECE281 - University of British Columbia': no usable link (live)
[1479/2432] 'EECE364 - University of British Columbia': no usable link (live)
[1480/2432] 'EECE578 - University of British Columbia': no usable link (live)
[1481/2432] 'ELEC201 - University of British Columbia': no usable link (live)
[1482/2432] 'ELEC202 - University of British Columbia': no usable link (live)
[1483/2432] 'ELEC221 - University of British Columbia': no usable link (live)
[1484/2432] 'ELEC281 - University of British Columbia': no usable link (live)
[1485/2432] 'ELEC291 - University of British Columbia': no usable link (live)
[1486/2432] 'ELEC311 - University of British Columbia': no usable link (live)
[1487/2432] 'ELEC391 - University of British Columbia': no usable link (live)
[1488/2432] 'ELEC442 - University of British Columbia': no usable link (live)
[1489/2432] 'CPSC203 - University of Calgary': no usable link (live)
[1490/2432] 'CPSC219 - University of Calgary': no usable link (live)
[1491/2432] 'CPSC231 - University of Calgary': no usable link (live)
[1492/2432] 'CPSC233 - University of Calgary': no usable link (live)
[1493/2432] 'CPSC331 - University of Calgary': no usable link (live)
[1494/2432] 'CPSC413 - University of Calgary': no usable link (live)
[1495/2432] 'CPSC453 - University of Calgary': no usable link (live)
[1496/2432] 'CPSC457 - University of Calgary': no usable link (live)
[1497/2432] 'CPSC471 - University of Calgary': no usable link (live)
[1498/2432] 'ECS017 - University of California, Davis': no usable link (live)
[1499/2432] 'ECS020 - University of California, Davis': no usable link (live)
[1500/2432] 'ECS034 - University of California, Davis': no usable link (live)
[1501/2432] 'ECS036B - University of California, Davis': no usable link (live)
[1502/2432] 'ECS036C - University of California, Davis': no usable link (live)
[1503/2432] 'ECS10 - University of California, Davis': no usable link (live)
[1504/2432] 'ECS122A - University of California, Davis': no usable link (live)
[1505/2432] 'ECS122B - University of California, Davis': no usable link (live)
[1506/2432] 'ECS124 - University of California, Davis': no usable link (live)
[1507/2432] 'ECS132 - University of California, Davis': no usable link (live)
[1508/2432] 'ECS140 - University of California, Davis': no usable link (live)
[1509/2432] 'ECS150 - University of California, Davis': no usable link (live)
[1510/2432] 'ECS160 - University of California, Davis': no usable link (live)
[1511/2432] 'ECS162 - University of California, Davis': no usable link (live)
[1512/2432] 'ECS170 - University of California, Davis': no usable link (live)
[1513/2432] 'ECS171 - University of California, Davis': no usable link (live)
[1514/2432] 'ECS188 - University of California, Davis': no usable link (live)
[1515/2432] 'ECS20 - University of California, Davis': no usable link (live)
[1516/2432] 'ECS289K - University of California, Davis': no usable link (live)
[1517/2432] 'ECS34 - University of California, Davis': no usable link (live)
[1518/2432] 'ECS36C - University of California, Davis': no usable link (live)
[1519/2432] 'ECS40 - University of California, Davis': no usable link (live)
[1520/2432] 'ECS60 - University of California, Davis': no usable link (live)
[1521/2432] 'ECS89L - University of California, Davis': no usable link (live)
[1522/2432] 'EEC160 - University of California, Davis': no usable link (live)
[1523/2432] 'BUS163 - University of California, Irvine': no usable link (live)
[1524/2432] 'CS008 - University of California, Irvine': no usable link (live)
[1525/2432] 'CS009B - University of California, Irvine': no usable link (live)
[1526/2432] 'CS010A - University of California, Irvine': no usable link (live)
[1527/2432] 'CS010B - University of California, Irvine': no usable link (live)
[1528/2432] 'CS010C - University of California, Irvine': no usable link (live)
[1529/2432] 'CS08 - University of California, Irvine': no usable link (live)
[1530/2432] 'EE030A - University of California, Irvine': no usable link (live)
[1531/2432] 'CS2011 - University of California, Los Angeles': no usable link (live)
[1532/2432] 'CS31 - University of California, Los Angeles': no usable link (live)
[1533/2432] 'CSE12 - University of California, San Diego': no usable link (live)
[1534/2432] 'CSE131B - University of California, San Diego': no usable link (live)
[1535/2432] 'CSE134B - University of California, San Diego': no usable link (live)
[1536/2432] 'CSE135 - University of California, San Diego': no usable link (live)
[1537/2432] 'CSE15L - University of California, San Diego': no usable link (live)
[1538/2432] 'CSE21 - University of California, San Diego': no usable link (live)
[1539/2432] 'CSE29 - University of California, San Diego': no usable link (live)
[1540/2432] 'CSE30 - University of California, San Diego': no usable link (live)
[1541/2432] 'CSE8A - University of California, San Diego': no usable link (live)
[1542/2432] 'CSE8B - University of California, San Diego': no usable link (live)
[1543/2432] 'ECE102 - University of California, San Diego': no usable link (live)
[1544/2432] 'ECE15 - University of California, San Diego': no usable link (live)
[1545/2432] 'ECE225A - University of California, San Diego': no usable link (live)
[1546/2432] 'ECE25 - University of California, San Diego': no usable link (live)
[1547/2432] 'ECE269 - University of California, San Diego': no usable link (live)
[1548/2432] 'ECE35 - University of California, San Diego': no usable link (live)
[1549/2432] 'ECE53B - University of California, San Diego': no usable link (live)
[1550/2432] 'SE1 - University of California, San Diego': no usable link (live)
[1551/2432] 'SE101A - University of California, San Diego': no usable link (live)
[1552/2432] 'SE101B - University of California, San Diego': no usable link (live)
[1553/2432] 'SE101C - University of California, San Diego': no usable link (live)
[1554/2432] 'SE103 - University of California, San Diego': no usable link (live)
[1555/2432] 'SE110A - University of California, San Diego': no usable link (live)
[1556/2432] 'SE110B - University of California, San Diego': no usable link (live)
[1557/2432] 'SE115 - University of California, San Diego': no usable link (live)
[1558/2432] 'SE130A - University of California, San Diego': no usable link (live)
[1559/2432] 'SE150 - University of California, San Diego': no usable link (live)
[1560/2432] 'SE160 - University of California, San Diego': no usable link (live)
[1561/2432] 'SE160A - University of California, San Diego': no usable link (live)
[1562/2432] 'SE3 - University of California, San Diego': no usable link (live)
[1563/2432] 'CMPSC32 - University of California, Santa Barbara': no usable link (live)
[1564/2432] 'CMPSC64 - University of California, Santa Barbara': no usable link (live)
[1565/2432] 'CMPSC8 - University of California, Santa Barbara': no usable link (live)
[1566/2432] 'CMPSC9 - University of California, Santa Barbara': no usable link (live)
[1567/2432] 'COMM169 - University of California, Santa Barbara': no usable link (live)
[1568/2432] 'COMM88 - University of California, Santa Barbara': no usable link (live)
[1569/2432] 'CS24 - University of California, Santa Barbara': no usable link (live)
[1570/2432] 'CS279 - University of California, Santa Barbara': no usable link (live)
[1571/2432] 'CSW8 - University of California, Santa Barbara': no usable link (live)
[1572/2432] 'ECE130C - University of California, Santa Barbara': no usable link (live)
[1573/2432] 'ECE153B - University of California, Santa Barbara': no usable link (live)
[1574/2432] 'INT5 - University of California, Santa Barbara': no usable link (live)
[1575/2432] 'INT84BL - University of California, Santa Barbara': no usable link (live)
[1576/2432] 'CGS2100C - University of Central Florida': no usable link (live)
[1577/2432] 'CMSC14400 - University of Chicago': no usable link (live)
[1578/2432] 'CMSC23000 - University of Chicago': no usable link (live)
[1579/2432] 'CS1005C - University of Cincinnati': no usable link (live)
[1580/2432] 'CS1021C - University of Cincinnati': no usable link (live)
[1581/2432] 'CS3003 - University of Cincinnati': no usable link (live)
[1582/2432] 'CS5125 - University of Cincinnati': no usable link (live)
[1583/2432] 'CS5170 - University of Cincinnati': no usable link (live)
[1584/2432] 'EECE2060C - University of Cincinnati': no usable link (live)
[1585/2432] 'IT1090C - University of Cincinnati': no usable link (live)
[1586/2432] 'IT2020 - University of Cincinnati': no usable link (live)
[1587/2432] 'IT2021 - University of Cincinnati': no usable link (live)
[1588/2432] 'ATLS2100 - University of Colorado Boulder': no usable link (live)
[1589/2432] 'ATLS5519 - University of Colorado Boulder': no usable link (live)
[1590/2432] 'BUSM2011 - University of Colorado Boulder': no usable link (live)
[1591/2432] 'CMCI1010 - University of Colorado Boulder': no usable link (live)
[1592/2432] 'CMDP3510 - University of Colorado Boulder': no usable link (live)
[1593/2432] 'CSCI1000 - University of Colorado Boulder': no usable link (live)
[1594/2432] 'CSCI1300 - University of Colorado Boulder': no usable link (live)
[1595/2432] 'CSCI1310 - University of Colorado Boulder': no usable link (live)
[1596/2432] 'CSCI2270 - University of Colorado Boulder': no usable link (live)
[1597/2432] 'CSCI2824 - University of Colorado Boulder': no usable link (live)
[1598/2432] 'CSCI3002 - University of Colorado Boulder': no usable link (live)
[1599/2432] 'CSCI3104 - University of Colorado Boulder': no usable link (live)
[1600/2432] 'CSCI3202 - University of Colorado Boulder': no usable link (live)
[1601/2432] 'CSCI4502 - University of Colorado Boulder': no usable link (live)
[1602/2432] 'ECEN1200 - University of Colorado Boulder': no usable link (live)
[1603/2432] 'ECEN2250 - University of Colorado Boulder': no usable link (live)
[1604/2432] 'ECEN2370 - University of Colorado Boulder': no usable link (live)
[1605/2432] 'INFO1201 - University of Colorado Boulder': no usable link (live)
[1606/2432] 'INFO1701 - University of Colorado Boulder': no usable link (live)
[1607/2432] 'INFO2131 - University of Colorado Boulder': no usable link (live)
[1608/2432] 'INFO2201 - University of Colorado Boulder': no usable link (live)
[1609/2432] 'ORGN4020 - University of Colorado Boulder': no usable link (live)
[1610/2432] 'CSE1010 - University of Connecticut': no usable link (live)
[1611/2432] 'CSE2050 - University of Connecticut': no usable link (live)
[1612/2432] 'CSE2500 - University of Connecticut': no usable link (live)
[1613/2432] 'CSE3100 - University of Connecticut': no usable link (live)
[1614/2432] 'CSE3140 - University of Connecticut': no usable link (live)
[1615/2432] 'CSE3150 - University of Connecticut': no usable link (live)
[1616/2432] 'CSE3666 - University of Connecticut': no usable link (live)
[1617/2432] 'CSE4300 - University of Connecticut': no usable link (live)
[1618/2432] 'CSE4820 - University of Connecticut': no usable link (live)
[1619/2432] 'ECE2001 - University of Connecticut': no usable link (live)
[1620/2432] 'ECE2001W - University of Connecticut': no usable link (live)
[1621/2432] 'ECE3201 - University of Connecticut': no usable link (live)
[1622/2432] 'ECE3211 - University of Connecticut': no usable link (live)
[1623/2432] 'ECE4225 - University of Connecticut': no usable link (live)
[1624/2432] 'CJS322 - University of Dayton': no usable link (live)
[1625/2432] 'CPS149 - University of Dayton': no usable link (live)
[1626/2432] 'CPS150 - University of Dayton': no usable link (live)
[1627/2432] 'CPS151 - University of Dayton': no usable link (live)
[1628/2432] 'CPS250 - University of Dayton': no usable link (live)
[1629/2432] 'CPS350 - University of Dayton': no usable link (live)
[1630/2432] 'CPS356 - University of Dayton': no usable link (live)
[1631/2432] 'CPS430 - University of Dayton': no usable link (live)
[1632/2432] 'CPS570 - University of Dayton': no usable link (live)
[1633/2432] 'DSC210 - University of Dayton': no usable link (live)
[1634/2432] 'DSC211 - University of Dayton': no usable link (live)
[1635/2432] 'ECE314 - University of Dayton': no usable link (live)
[1636/2432] 'CISC106 - University of Delaware': no usable link (live)
[1637/2432] 'CISC108 - University of Delaware': no usable link (live)
[1638/2432] 'CISC320 - University of Delaware': no usable link (live)
[1639/2432] 'CISC355 - University of Delaware': no usable link (live)
[1640/2432] 'CISC684 - University of Delaware': no usable link (live)
[1641/2432] 'COMP2381 - University of Denver': no usable link (live)
[1642/2432] 'COMP2673 - University of Denver': no usable link (live)
[1643/2432] 'ENCE2101 - University of Denver': no usable link (live)
[1644/2432] 'INFO1020 - University of Denver': no usable link (live)
[1645/2432] 'INFO2020 - University of Denver': no usable link (live)
[1646/2432] 'INFO3400 - University of Denver': no usable link (live)
[1647/2432] 'CDA3031 - University of Florida': no usable link (live)
[1648/2432] 'CEN3031 - University of Florida': no usable link (live)
[1649/2432] 'CGS2414 - University of Florida': no usable link (live)
[1650/2432] 'CGS2531 - University of Florida': no usable link (live)
[1651/2432] 'CIS3020 - University of Florida': no usable link (live)
[1652/2432] 'CIS3022 - University of Florida': no usable link (live)
[1653/2432] 'CIS3023 - University of Florida': no usable link (live)
[1654/2432] 'CIS4301 - University of Florida': no usable link (live)
[1655/2432] 'CIS4360 - University of Florida': no usable link (live)
[1656/2432] 'CIS4715 - University of Florida': no usable link (live)
[1657/2432] 'CIS6930 - University of Florida': no usable link (live)
[1658/2432] 'COP2271 - University of Florida': no usable link (live)
[1659/2432] 'COP3502 - University of Florida': no usable link (live)
[1660/2432] 'COP3502C - University of Florida': no usable link (live)
[1661/2432] 'COP3503 - University of Florida': no usable link (live)
[1662/2432] 'COP3503C - University of Florida': no usable link (live)
[1663/2432] 'COP3504 - University of Florida': no usable link (live)
[1664/2432] 'COP3504C - University of Florida': no usable link (live)
[1665/2432] 'COP3530 - University of Florida': no usable link (live)
[1666/2432] 'COP4533 - University of Florida': no usable link (live)
[1667/2432] 'COP4600 - University of Florida': no usable link (live)
[1668/2432] 'COT3100 - University of Florida': no usable link (live)
[1669/2432] 'COT5405 - University of Florida': no usable link (live)
[1670/2432] 'COT5520 - University of Florida': no usable link (live)
[1671/2432] 'CSG2531 - University of Florida': no usable link (live)
[1672/2432] 'CS1730 - University of Georgia': no usable link (live)
[1673/2432] 'CSC11301 - University of Georgia': no usable link (live)
[1674/2432] 'CSCI1301 - University of Georgia': no usable link (live)
[1675/2432] 'CSCI1302 - University of Georgia': no usable link (live)
[1676/2432] 'CSCI1730 - University of Georgia': no usable link (live)
[1677/2432] 'CSCI1730E - University of Georgia': no usable link (live)
[1678/2432] 'CSCI2610 - University of Georgia': no usable link (live)
[1679/2432] 'CSCI2670 - University of Georgia': no usable link (live)
[1680/2432] 'CSCI2720 - University of Georgia': no usable link (live)
[1681/2432] 'CSCI3030 - University of Georgia': no usable link (live)
[1682/2432] 'CSCI3360 - University of Georgia': no usable link (live)
[1683/2432] 'CSCI4070 - University of Georgia': no usable link (live)
[1684/2432] 'CSCI4470 - University of Georgia': no usable link (live)
[1685/2432] 'CSCI4810 - University of Georgia': no usable link (live)
[1686/2432] 'CSCI4900 - University of Georgia': no usable link (live)
[1687/2432] 'CSCI8000 - University of Georgia': no usable link (live)
[1688/2432] 'ICS101 - University of Hawaii at Manoa': no usable link (live)
[1689/2432] 'ICS222 - University of Hawaii at Manoa': no usable link (live)
[1690/2432] 'ICS311 - University of Hawaii at Manoa': no usable link (live)
[1691/2432] 'ICS312 - University of Hawaii at Manoa': no usable link (live)
[1692/2432] 'ICS313 - University of Hawaii at Manoa': no usable link (live)
[1693/2432] 'ICS332 - University of Hawaii at Manoa': no usable link (live)
[1694/2432] 'ICS355 - University of Hawaii at Manoa': no usable link (live)
[1695/2432] 'CIS2332 - University of Houston': no usable link (live)
[1696/2432] 'CIS2348 - University of Houston': no usable link (live)
[1697/2432] 'CIS3320 - University of Houston': no usable link (live)
[1698/2432] 'CIS3365 - University of Houston': no usable link (live)
[1699/2432] 'COCS2320 - University of Houston': no usable link (live)
[1700/2432] 'COSC1304 - University of Houston': no usable link (live)
[1701/2432] 'COSC1336 - University of Houston': no usable link (live)
[1702/2432] 'COSC1430 - University of Houston': no usable link (live)
[1703/2432] 'COSC1437 - University of Houston': no usable link (live)
[1704/2432] 'COSC2320 - University of Houston': no usable link (live)
[1705/2432] 'COSC2425 - University of Houston': no usable link (live)
[1706/2432] 'COSC2430 - University of Houston': no usable link (live)
[1707/2432] 'COSC3320 - University of Houston': no usable link (live)
[1708/2432] 'COSC3330 - University of Houston': no usable link (live)
[1709/2432] 'COSC3337 - University of Houston': no usable link (live)
[1710/2432] 'COSC3340 - University of Houston': no usable link (live)
[1711/2432] 'COSC3360 - University of Houston': no usable link (live)
[1712/2432] 'COSC3380 - University of Houston': no usable link (live)
[1713/2432] 'COSC3430 - University of Houston': no usable link (live)
[1714/2432] 'COSC4351 - University of Houston': no usable link (live)
[1715/2432] 'COSC4358 - University of Houston': no usable link (live)
[1716/2432] 'COSC4393 - University of Houston': no usable link (live)
[1717/2432] 'COSC6389 - University of Houston': no usable link (live)
[1718/2432] 'IDNS2136 - University of Houston': no usable link (live)
[1719/2432] 'INFO333 - University of Illinois Urbana-Champaign': no usable link (live)
[1720/2432] 'CS1020 - University of Iowa': no usable link (live)
[1721/2432] 'ECE2410 - University of Iowa': no usable link (live)
[1722/2432] 'ECE3410 - University of Iowa': no usable link (live)
[1723/2432] 'ECE36 - University of Iowa': no usable link (live)
[1724/2432] 'ECE3700 - University of Iowa': no usable link (live)
[1725/2432] 'ECE5460 - University of Iowa': no usable link (live)
[1726/2432] 'ECE6999 - University of Iowa': no usable link (live)
[1727/2432] 'EECS168 - University of Kansas': no usable link (live)
[1728/2432] 'EECS210 - University of Kansas': no usable link (live)
[1729/2432] 'EECS221 - University of Kansas': no usable link (live)
[1730/2432] 'EECS268 - University of Kansas': no usable link (live)
[1731/2432] 'EECS330 - University of Kansas': no usable link (live)
[1732/2432] 'EECS348 - University of Kansas': no usable link (live)
[1733/2432] 'EECS388 - University of Kansas': no usable link (live)
[1734/2432] 'EECS447 - University of Kansas': no usable link (live)
[1735/2432] 'EECS461 - University of Kansas': no usable link (live)
[1736/2432] 'EECS560 - University of Kansas': no usable link (live)
[1737/2432] 'EECS563 - University of Kansas': no usable link (live)
[1738/2432] 'EECS581 - University of Kansas': no usable link (live)
[1739/2432] 'EECS645 - University of Kansas': no usable link (live)
[1740/2432] 'EECS660 - University of Kansas': no usable link (live)
[1741/2432] 'EECS690 - University of Kansas': no usable link (live)
[1742/2432] 'CIS111 - University of Kentucky': no usable link (live)
[1743/2432] 'CIS112 - University of Kentucky': no usable link (live)
[1744/2432] 'CS216 - University of Kentucky': no usable link (live)
[1745/2432] 'CS335 - University of Kentucky': no usable link (live)
[1746/2432] 'CS460G - University of Kentucky': no usable link (live)
[1747/2432] 'CS463 - University of Kentucky': no usable link (live)
[1748/2432] 'CS463G - University of Kentucky': no usable link (live)
[1749/2432] 'CS509 - University of Kentucky': no usable link (live)
[1750/2432] 'EE280 - University of Kentucky': no usable link (live)
[1751/2432] 'EE281 - University of Kentucky': no usable link (live)
[1752/2432] 'EE584 - University of Kentucky': no usable link (live)
[1753/2432] 'EE599 - University of Kentucky': no usable link (live)
[1754/2432] 'CECS121 - University of Louisville': no usable link (live)
[1755/2432] 'CECS130 - University of Louisville': no usable link (live)
[1756/2432] 'CECS545 - University of Louisville': no usable link (live)
[1757/2432] 'CIS150 - University of Louisville': no usable link (live)
[1758/2432] 'CIS199 - University of Louisville': no usable link (live)
[1759/2432] 'CIS205 - University of Louisville': no usable link (live)
[1760/2432] 'CIS444 - University of Louisville': no usable link (live)
[1761/2432] 'CSE545 - University of Louisville': no usable link (live)
[1762/2432] 'COS135 - University of Maine': no usable link (live)
[1763/2432] 'COS475 - University of Maine': no usable link (live)
[1764/2432] 'COS482 - University of Maine': no usable link (live)
[1765/2432] 'COS535 - University of Maine': no usable link (live)
[1766/2432] 'ECE342 - University of Maine': no usable link (live)
[1767/2432] 'MKT327 - University of Maine': no usable link (live)
[1768/2432] 'CMOP3010 - University of Manitoba': no usable link (live)
[1769/2432] 'COM3020 - University of Manitoba': no usable link (live)
[1770/2432] 'COMP1010 - University of Manitoba': no usable link (live)
[1771/2432] 'COMP1012 - University of Manitoba': no usable link (live)
[1772/2432] 'COMP1020 - University of Manitoba': no usable link (live)
[1773/2432] 'COMP1260 - University of Manitoba': no usable link (live)
[1774/2432] 'COMP1600 - University of Manitoba': no usable link (live)
[1775/2432] 'COMP2140 - University of Manitoba': no usable link (live)
[1776/2432] 'COMP2160 - University of Manitoba': no usable link (live)
[1777/2432] 'COMP2280 - University of Manitoba': no usable link (live)
[1778/2432] 'COMP2450 - University of Manitoba': no usable link (live)
[1779/2432] 'COMP3010 - University of Manitoba': no usable link (live)
[1780/2432] 'COMP3020 - University of Manitoba': no usable link (live)
[1781/2432] 'COMP3040 - University of Manitoba': no usable link (live)
[1782/2432] 'COMP3370 - University of Manitoba': no usable link (live)
[1783/2432] 'COMP3380 - University of Manitoba': no usable link (live)
[1784/2432] 'COMP3430 - University of Manitoba': no usable link (live)
[1785/2432] 'COMP3490 - University of Manitoba': no usable link (live)
[1786/2432] 'COMP4050 - University of Manitoba': no usable link (live)
[1787/2432] 'COMP4550 - University of Manitoba': no usable link (live)
[1788/2432] 'COMP4620 - University of Manitoba': no usable link (live)
[1789/2432] 'ECE3540 - University of Manitoba': no usable link (live)
[1790/2432] 'ECE3720 - University of Manitoba': no usable link (live)
[1791/2432] 'ECE4290 - University of Manitoba': no usable link (live)
[1792/2432] 'ENG1450 - University of Manitoba': no usable link (live)
[1793/2432] 'CMSC122 - University of Maryland': no usable link (live)
[1794/2432] 'CMSC216 - University of Maryland': no usable link (live)
[1795/2432] 'CMSC250 - University of Maryland': no usable link (live)
[1796/2432] 'CMSC411 - University of Maryland': no usable link (live)
[1797/2432] 'CSC314 - University of Miami': no usable link (live)
[1798/2432] 'CSC317 - University of Miami': no usable link (live)
[1799/2432] 'ECE118 - University of Miami': no usable link (live)
[1800/2432] 'ECE310 - University of Miami': no usable link (live)
[1801/2432] 'ECE318 - University of Miami': no usable link (live)
[1802/2432] 'EGN123 - University of Miami': no usable link (live)
[1803/2432] 'MSC203 - University of Miami': no usable link (live)
[1804/2432] 'CECS103 - University of Missouri': no usable link (live)
[1805/2432] 'CECS203 - University of Missouri': no usable link (live)
[1806/2432] 'CMPSC1050 - University of Missouri': no usable link (live)
[1807/2432] 'CMPSC3330 - University of Missouri': no usable link (live)
[1808/2432] 'CMPSC4050 - University of Missouri': no usable link (live)
[1809/2432] 'CMPSC4320 - University of Missouri': no usable link (live)
[1810/2432] 'CS1050 - University of Missouri': no usable link (live)
[1811/2432] 'CS2270 - University of Missouri': no usable link (live)
[1812/2432] 'CS3050 - University of Missouri': no usable link (live)
[1813/2432] 'CS4520 - University of Missouri': no usable link (live)
[1814/2432] 'ECE3210 - University of Missouri': no usable link (live)
[1815/2432] 'CMPT115 - University of Montreal': no usable link (live)
[1816/2432] 'CMPT141 - University of Montreal': no usable link (live)
[1817/2432] 'CMPT214 - University of Montreal': no usable link (live)
[1818/2432] 'CMPT260 - University of Montreal': no usable link (live)
[1819/2432] 'CMPT270 - University of Montreal': no usable link (live)
[1820/2432] 'CMPT280 - University of Montreal': no usable link (live)
[1821/2432] 'CMPT487 - University of Montreal': no usable link (live)
[1822/2432] 'COMM213 - University of Montreal': no usable link (live)
[1823/2432] 'CSCE155A - University of Nebraska-Lincoln': no usable link (live)
[1824/2432] 'CSCE155N - University of Nebraska-Lincoln': no usable link (live)
[1825/2432] 'CSCE231 - University of Nebraska-Lincoln': no usable link (live)
[1826/2432] 'CSCE235 - University of Nebraska-Lincoln': no usable link (live)
[1827/2432] 'CSCE310 - University of Nebraska-Lincoln': no usable link (live)
[1828/2432] 'CSCE411 - University of Nebraska-Lincoln': no usable link (live)
[1829/2432] 'CSCE423 - University of Nebraska-Lincoln': no usable link (live)
[1830/2432] 'CSCE428 - University of Nebraska-Lincoln': no usable link (live)
[1831/2432] 'CSCE466 - University of Nebraska-Lincoln': no usable link (live)
[1832/2432] 'CSCE469 - University of Nebraska-Lincoln': no usable link (live)
[1833/2432] 'CSCE476 - University of Nebraska-Lincoln': no usable link (live)
[1834/2432] 'CSCE477 - University of Nebraska-Lincoln': no usable link (live)
[1835/2432] 'ECEN102 - University of Nebraska-Lincoln': no usable link (live)
[1836/2432] 'ECEN211 - University of Nebraska-Lincoln': no usable link (live)
[1837/2432] 'ECEN215 - University of Nebraska-Lincoln': no usable link (live)
[1838/2432] 'ECEN216 - University of Nebraska-Lincoln': no usable link (live)
[1839/2432] 'ELEC370 - University of Nebraska-Lincoln': no usable link (live)
[1840/2432] 'RAIK183H - University of Nebraska-Lincoln': no usable link (live)
[1841/2432] 'EE460 - University of Nevada, Las Vegas': no usable link (live)
[1842/2432] 'CS408 - University of New Hampshire': no usable link (live)
[1843/2432] 'CS518 - University of New Hampshire': no usable link (live)
[1844/2432] 'ECE541 - University of New Hampshire': no usable link (live)
[1845/2432] 'ECE548 - University of New Hampshire': no usable link (live)
[1846/2432] 'ECE617 - University of New Hampshire': no usable link (live)
[1847/2432] 'ECE633 - University of New Hampshire': no usable link (live)
[1848/2432] 'ECE651 - University of New Hampshire': no usable link (live)
[1849/2432] 'CS105L - University of New Mexico': no usable link (live)
[1850/2432] 'CS152L - University of New Mexico': no usable link (live)
[1851/2432] 'CS251L - University of New Mexico': no usable link (live)
[1852/2432] 'CS261 - University of New Mexico': no usable link (live)
[1853/2432] 'CS481 - University of New Mexico': no usable link (live)
[1854/2432] 'ECE131L - University of New Mexico': no usable link (live)
[1855/2432] 'ECE322L - University of New Mexico': no usable link (live)
[1856/2432] 'COMP211 - University of North Carolina at Chapel Hill': no usable link (live)
[1857/2432] 'COMP283 - University of North Carolina at Chapel Hill': no usable link (live)
[1858/2432] 'COMP488 - University of North Carolina at Chapel Hill': no usable link (live)
[1859/2432] 'COMP550 - University of North Carolina at Chapel Hill': no usable link (live)
[1860/2432] 'COMP555 - University of North Carolina at Chapel Hill': no usable link (live)
[1861/2432] 'COMP590 - University of North Carolina at Chapel Hill': no usable link (live)
[1862/2432] 'DATA120 - University of North Carolina at Chapel Hill': no usable link (live)
[1863/2432] 'DATA140 - University of North Carolina at Chapel Hill': no usable link (live)
[1864/2432] 'ECGR2112 - University of North Carolina at Charlotte': no usable link (live)
[1865/2432] 'ECGR2254 - University of North Carolina at Charlotte': no usable link (live)
[1866/2432] 'ECGR3111 - University of North Carolina at Charlotte': no usable link (live)
[1867/2432] 'INFO2130 - University of North Carolina at Charlotte': no usable link (live)
[1868/2432] 'INFO3130 - University of North Carolina at Charlotte': no usable link (live)
[1869/2432] 'INFO3230 - University of North Carolina at Charlotte': no usable link (live)
[1870/2432] 'INFO3231 - University of North Carolina at Charlotte': no usable link (live)
[1871/2432] 'INFO3233 - University of North Carolina at Charlotte': no usable link (live)
[1872/2432] 'INFO3234 - University of North Carolina at Charlotte': no usable link (live)
[1873/2432] 'INFO3236 - University of North Carolina at Charlotte': no usable link (live)
[1874/2432] 'INFO3237 - University of North Carolina at Charlotte': no usable link (live)
[1875/2432] 'ITCS1212 - University of North Carolina at Charlotte': no usable link (live)
[1876/2432] 'ITCS1213 - University of North Carolina at Charlotte': no usable link (live)
[1877/2432] 'ITCS2214 - University of North Carolina at Charlotte': no usable link (live)
[1878/2432] 'ITCS2600 - University of North Carolina at Charlotte': no usable link (live)
[1879/2432] 'ITCS3120 - University of North Carolina at Charlotte': no usable link (live)
[1880/2432] 'ITCS3145 - University of North Carolina at Charlotte': no usable link (live)
[1881/2432] 'ITCS3146 - University of North Carolina at Charlotte': no usable link (live)
[1882/2432] 'ITCS3160 - University of North Carolina at Charlotte': no usable link (live)
[1883/2432] 'ITCS3190 - University of North Carolina at Charlotte': no usable link (live)
[1884/2432] 'ITCS4156 - University of North Carolina at Charlotte': no usable link (live)
[1885/2432] 'ITCS5356 - University of North Carolina at Charlotte': no usable link (live)
[1886/2432] 'ITIS2300 - University of North Carolina at Charlotte': no usable link (live)
[1887/2432] 'ITIS3135 - University of North Carolina at Charlotte': no usable link (live)
[1888/2432] 'ITIS4166 - University of North Carolina at Charlotte': no usable link (live)
[1889/2432] 'ITIS4350 - University of North Carolina at Charlotte': no usable link (live)
[1890/2432] 'ITIS5166 - University of North Carolina at Charlotte': no usable link (live)
[1891/2432] 'ITSC1212 - University of North Carolina at Charlotte': no usable link (live)
[1892/2432] 'ITSC1213 - University of North Carolina at Charlotte': no usable link (live)
[1893/2432] 'ITSC1600 - University of North Carolina at Charlotte': no usable link (live)
[1894/2432] 'ITSC2181 - University of North Carolina at Charlotte': no usable link (live)
[1895/2432] 'ITSC2214 - University of North Carolina at Charlotte': no usable link (live)
[1896/2432] 'ITSC2600 - University of North Carolina at Charlotte': no usable link (live)
[1897/2432] 'ITSC3155 - University of North Carolina at Charlotte': no usable link (live)
[1898/2432] 'ITSC3181 - University of North Carolina at Charlotte': no usable link (live)
[1899/2432] 'CSCE1030 - University of North Texas': no usable link (live)
[1900/2432] 'CSCE1040 - University of North Texas': no usable link (live)
[1901/2432] 'CSCE2100 - University of North Texas': no usable link (live)
[1902/2432] 'CSCE2610 - University of North Texas': no usable link (live)
[1903/2432] 'CSCE3110 - University of North Texas': no usable link (live)
[1904/2432] 'CSCE3444 - University of North Texas': no usable link (live)
[1905/2432] 'CSCE3530 - University of North Texas': no usable link (live)
[1906/2432] 'CSCE3600 - University of North Texas': no usable link (live)
[1907/2432] 'CSCE4010 - University of North Texas': no usable link (live)
[1908/2432] 'CSCE4110 - University of North Texas': no usable link (live)
[1909/2432] 'CSCE4350 - University of North Texas': no usable link (live)
[1910/2432] 'CSCE4444 - University of North Texas': no usable link (live)
[1911/2432] 'CSCE4600 - University of North Texas': no usable link (live)
[1912/2432] 'CSCE4901 - University of North Texas': no usable link (live)
[1913/2432] 'CSCE5150 - University of North Texas': no usable link (live)
[1914/2432] 'CSCE5210 - University of North Texas': no usable link (live)
[1915/2432] 'CSCE5215 - University of North Texas': no usable link (live)
[1916/2432] 'CSCE5290 - University of North Texas': no usable link (live)
[1917/2432] 'CSCE5300 - University of North Texas': no usable link (live)
[1918/2432] 'CSCE5933 - University of North Texas': no usable link (live)
[1919/2432] 'DSCI4330 - University of North Texas': no usable link (live)
[1920/2432] 'DSCI5330 - University of North Texas': no usable link (live)
[1921/2432] 'EE2710 - University of North Texas': no usable link (live)
[1922/2432] 'EENG2610 - University of North Texas': no usable link (live)
[1923/2432] 'EENG2710 - University of North Texas': no usable link (live)
[1924/2432] 'CSE10101 - University of Notre Dame': no usable link (live)
[1925/2432] 'CSE20221 - University of Notre Dame': no usable link (live)
[1926/2432] 'EG10117 - University of Notre Dame': no usable link (live)
[1927/2432] 'EG10118 - University of Notre Dame': no usable link (live)
[1928/2432] 'CS2813 - University of Oklahoma': no usable link (live)
[1929/2432] 'CS3323 - University of Oklahoma': no usable link (live)
[1930/2432] 'CS4413 - University of Oklahoma': no usable link (live)
[1931/2432] 'CS4473 - University of Oklahoma': no usable link (live)
[1932/2432] 'ECE2214 - University of Oklahoma': no usable link (live)
[1933/2432] 'ECE2723 - University of Oklahoma': no usable link (live)
[1934/2432] 'MIS3013 - University of Oklahoma': no usable link (live)
[1935/2432] 'MIS3553 - University of Oklahoma': no usable link (live)
[1936/2432] 'CIS122 - University of Oregon': no usable link (live)
[1937/2432] 'DSC335 - University of Oregon': no usable link (live)
[1938/2432] 'DSC340 - University of Oregon': no usable link (live)
[1939/2432] 'DSC444 - University of Oregon': no usable link (live)
[1940/2432] 'CSI2111 - University of Ottawa': no usable link (live)
[1941/2432] 'CSI2372 - University of Ottawa': no usable link (live)
[1942/2432] 'CSI4106 - University of Ottawa': no usable link (live)
[1943/2432] 'CSI4118 - University of Ottawa': no usable link (live)
[1944/2432] 'CSI5134 - University of Ottawa': no usable link (live)
[1945/2432] 'CSI5148 - University of Ottawa': no usable link (live)
[1946/2432] 'CSI5161 - University of Ottawa': no usable link (live)
[1947/2432] 'DTI5125 - University of Ottawa': no usable link (live)
[1948/2432] 'EBC5125 - University of Ottawa': no usable link (live)
[1949/2432] 'GNG5125 - University of Ottawa': no usable link (live)
[1950/2432] 'SEG3101 - University of Ottawa': no usable link (live)
[1951/2432] 'SEG3125 - University of Ottawa': no usable link (live)
[1952/2432] 'SEG3525 - University of Ottawa': no usable link (live)
[1953/2432] 'CIS160 - University of Pennsylvania': no usable link (live)
[1954/2432] 'CIS502 - University of Pennsylvania': no usable link (live)
[1955/2432] 'CIT592 - University of Pennsylvania': no usable link (live)
[1956/2432] 'EE581 - University of Pennsylvania': no usable link (live)
[1957/2432] 'MCIT592 - University of Pennsylvania': no usable link (live)
[1958/2432] 'CS0007 - University of Pittsburgh': no usable link (live)
[1959/2432] 'CS0441 - University of Pittsburgh': no usable link (live)
[1960/2432] 'CS0445 - University of Pittsburgh': no usable link (live)
[1961/2432] 'CS0590 - University of Pittsburgh': no usable link (live)
[1962/2432] 'CS1501 - University of Pittsburgh': no usable link (live)
[1963/2432] 'CS1510 - University of Pittsburgh': no usable link (live)
[1964/2432] 'CS1550 - University of Pittsburgh': no usable link (live)
[1965/2432] 'CS1555 - University of Pittsburgh': no usable link (live)
[1966/2432] 'CS1566 - University of Pittsburgh': no usable link (live)
[1967/2432] 'CS1653 - University of Pittsburgh': no usable link (live)
[1968/2432] 'CS1656 - University of Pittsburgh': no usable link (live)
[1969/2432] 'CS1657 - University of Pittsburgh': no usable link (live)
[1970/2432] 'CS1666 - University of Pittsburgh': no usable link (live)
[1971/2432] 'CS441 - University of Pittsburgh': no usable link (live)
[1972/2432] 'ECE0201 - University of Pittsburgh': no usable link (live)
[1973/2432] 'ECE1247 - University of Pittsburgh': no usable link (live)
[1974/2432] 'CSC104 - University of Rhode Island': no usable link (live)
[1975/2432] 'CSC301 - University of Rhode Island': no usable link (live)
[1976/2432] 'CSC481 - University of Rhode Island': no usable link (live)
[1977/2432] 'EE232 - University of Saskatchewan': no usable link (live)
[1978/2432] 'EE862 - University of Saskatchewan': no usable link (live)
[1979/2432] 'CSCE101 - University of South Carolina': no usable link (live)
[1980/2432] 'CSCE102 - University of South Carolina': no usable link (live)
[1981/2432] 'CSCE145 - University of South Carolina': no usable link (live)
[1982/2432] 'CSCE190 - University of South Carolina': no usable link (live)
[1983/2432] 'CSCE215 - University of South Carolina': no usable link (live)
[1984/2432] 'CSCE240 - University of South Carolina': no usable link (live)
[1985/2432] 'CSCE242 - University of South Carolina': no usable link (live)
[1986/2432] 'CSCE247 - University of South Carolina': no usable link (live)
[1987/2432] 'CSCE311 - University of South Carolina': no usable link (live)
[1988/2432] 'CSCE330 - University of South Carolina': no usable link (live)
[1989/2432] 'CSCE416 - University of South Carolina': no usable link (live)
[1990/2432] 'CSCE547 - University of South Carolina': no usable link (live)
[1991/2432] 'CSCE790 - University of South Carolina': no usable link (live)
[1992/2432] 'ELCT222 - University of South Carolina': no usable link (live)
[1993/2432] 'ELCT321 - University of South Carolina': no usable link (live)
[1994/2432] 'ITEC233 - University of South Carolina': no usable link (live)
[1995/2432] 'ITEC447 - University of South Carolina': no usable link (live)
[1996/2432] 'CS103L - University of Southern California': no usable link (live)
[1997/2432] 'CS356 - University of Southern California': no usable link (live)
[1998/2432] 'CS475 - University of Southern California': no usable link (live)
[1999/2432] 'CS561 - University of Southern California': no usable link (live)
[2000/2432] 'CSC1570 - University of Southern California': no usable link (live)
[2001/2432] 'CSCI102 - University of Southern California': no usable link (live)
[2002/2432] 'CSCI103 - University of Southern California': no usable link (live)
[2003/2432] 'CSCI103L - University of Southern California': no usable link (live)
[2004/2432] 'CSCI109 - University of Southern California': no usable link (live)
[2005/2432] 'CSCI170 - University of Southern California': no usable link (live)
[2006/2432] 'CSCI201L - University of Southern California': no usable link (live)
[2007/2432] 'CSCI271 - University of Southern California': no usable link (live)
[2008/2432] 'CSCI350 - University of Southern California': no usable link (live)
[2009/2432] 'CSCI356 - University of Southern California': no usable link (live)
[2010/2432] 'CSCI360 - University of Southern California': no usable link (live)
[2011/2432] 'CSCI499 - University of Southern California': no usable link (live)
[2012/2432] 'CSCI545 - University of Southern California': no usable link (live)
[2013/2432] 'CSCI561 - University of Southern California': no usable link (live)
[2014/2432] 'CSCI566 - University of Southern California': no usable link (live)
[2015/2432] 'CSCI575 - University of Southern California': no usable link (live)
[2016/2432] 'CSCI585 - University of Southern California': no usable link (live)
[2017/2432] 'CSCI670 - University of Southern California': no usable link (live)
[2018/2432] 'DSCI351 - University of Southern California': no usable link (live)
[2019/2432] 'DSCI510 - University of Southern California': no usable link (live)
[2020/2432] 'DSCI551 - University of Southern California': no usable link (live)
[2021/2432] 'EE102 - University of Southern California': no usable link (live)
[2022/2432] 'EE105 - University of Southern California': no usable link (live)
[2023/2432] 'EE109 - University of Southern California': no usable link (live)
[2024/2432] 'EE141 - University of Southern California': no usable link (live)
[2025/2432] 'EE209 - University of Southern California': no usable link (live)
[2026/2432] 'EE250 - University of Southern California': no usable link (live)
[2027/2432] 'EE354 - University of Southern California': no usable link (live)
[2028/2432] 'EE355 - University of Southern California': no usable link (live)
[2029/2432] 'EE357 - University of Southern California': no usable link (live)
[2030/2432] 'EE364 - University of Southern California': no usable link (live)
[2031/2432] 'EE450 - University of Southern California': no usable link (live)
[2032/2432] 'EE454 - University of Southern California': no usable link (live)
[2033/2432] 'EE477 - University of Southern California': no usable link (live)
[2034/2432] 'EE560 - University of Southern California': no usable link (live)
[2035/2432] 'EE577A - University of Southern California': no usable link (live)
[2036/2432] 'EE577B - University of Southern California': no usable link (live)
[2037/2432] 'INF551 - University of Southern California': no usable link (live)
[2038/2432] 'CPSC1110 - University of Tennessee': no usable link (live)
[2039/2432] 'CPSC2100 - University of Tennessee': no usable link (live)
[2040/2432] 'CPSC4130 - University of Tennessee': no usable link (live)
[2041/2432] 'DATA3600 - University of Tennessee': no usable link (live)
[2042/2432] 'CS303E - University of Texas at Austin': no usable link (live)
[2043/2432] 'CS311H - University of Texas at Austin': no usable link (live)
[2044/2432] 'CS312 - University of Texas at Austin': no usable link (live)
[2045/2432] 'CS313E - University of Texas at Austin': no usable link (live)
[2046/2432] 'CS314 - University of Texas at Austin': no usable link (live)
[2047/2432] 'CS349 - University of Texas at Austin': no usable link (live)
[2048/2432] 'CS376 - University of Texas at Austin': no usable link (live)
[2049/2432] 'EE306 - University of Texas at Austin': no usable link (live)
[2050/2432] 'EE319K - University of Texas at Austin': no usable link (live)
[2051/2432] 'EE333T - University of Texas at Austin': no usable link (live)
[2052/2432] 'EE460N - University of Texas at Austin': no usable link (live)
[2053/2432] 'EE461S - University of Texas at Austin': no usable link (live)
[2054/2432] 'ATCM3308 - University of Texas at Dallas': no usable link (live)
[2055/2432] 'ATCM3311 - University of Texas at Dallas': no usable link (live)
[2056/2432] 'CE1337 - University of Texas at Dallas': no usable link (live)
[2057/2432] 'CE4390 - University of Texas at Dallas': no usable link (live)
[2058/2432] 'CS1324 - University of Texas at Dallas': no usable link (live)
[2059/2432] 'CS1325 - University of Texas at Dallas': no usable link (live)
[2060/2432] 'CS1334 - University of Texas at Dallas': no usable link (live)
[2061/2432] 'CS1335 - University of Texas at Dallas': no usable link (live)
[2062/2432] 'CS1336 - University of Texas at Dallas': no usable link (live)
[2063/2432] 'CS1436 - University of Texas at Dallas': no usable link (live)
[2064/2432] 'CS2336 - University of Texas at Dallas': no usable link (live)
[2065/2432] 'CS3162 - University of Texas at Dallas': no usable link (live)
[2066/2432] 'CS3340 - University of Texas at Dallas': no usable link (live)
[2067/2432] 'CS3341 - University of Texas at Dallas': no usable link (live)
[2068/2432] 'CS3345 - University of Texas at Dallas': no usable link (live)
[2069/2432] 'CS3376 - University of Texas at Dallas': no usable link (live)
[2070/2432] 'CS3377 - University of Texas at Dallas': no usable link (live)
[2071/2432] 'CS4301 - University of Texas at Dallas': no usable link (live)
[2072/2432] 'CS4341 - University of Texas at Dallas': no usable link (live)
[2073/2432] 'CS4348 - University of Texas at Dallas': no usable link (live)
[2074/2432] 'CS4349 - University of Texas at Dallas': no usable link (live)
[2075/2432] 'CS4384 - University of Texas at Dallas': no usable link (live)
[2076/2432] 'CS4386 - University of Texas at Dallas': no usable link (live)
[2077/2432] 'CS4389 - University of Texas at Dallas': no usable link (live)
[2078/2432] 'CS4393 - University of Texas at Dallas': no usable link (live)
[2079/2432] 'CS5330 - University of Texas at Dallas': no usable link (live)
[2080/2432] 'CS5343 - University of Texas at Dallas': no usable link (live)
[2081/2432] 'CS5348 - University of Texas at Dallas': no usable link (live)
[2082/2432] 'CS6304 - University of Texas at Dallas': no usable link (live)
[2083/2432] 'CS6313 - University of Texas at Dallas': no usable link (live)
[2084/2432] 'CS6326 - University of Texas at Dallas': no usable link (live)
[2085/2432] 'CS6332 - University of Texas at Dallas': no usable link (live)
[2086/2432] 'CS6343 - University of Texas at Dallas': no usable link (live)
[2087/2432] 'CS6360 - University of Texas at Dallas': no usable link (live)
[2088/2432] 'CS6364 - University of Texas at Dallas': no usable link (live)
[2089/2432] 'CS6375 - University of Texas at Dallas': no usable link (live)
[2090/2432] 'CS6378 - University of Texas at Dallas': no usable link (live)
[2091/2432] 'CS6390 - University of Texas at Dallas': no usable link (live)
[2092/2432] 'ECS2305 - University of Texas at Dallas': no usable link (live)
[2093/2432] 'ECS2336 - University of Texas at Dallas': no usable link (live)
[2094/2432] 'EE1100 - University of Texas at Dallas': no usable link (live)
[2095/2432] 'EE1202 - University of Texas at Dallas': no usable link (live)
[2096/2432] 'EE2310 - University of Texas at Dallas': no usable link (live)
[2097/2432] 'EE3301 - University of Texas at Dallas': no usable link (live)
[2098/2432] 'EE3320 - University of Texas at Dallas': no usable link (live)
[2099/2432] 'EE4370 - University of Texas at Dallas': no usable link (live)
[2100/2432] 'EEPE6357 - University of Texas at Dallas': no usable link (live)
[2101/2432] 'ENGR3300 - University of Texas at Dallas': no usable link (live)
[2102/2432] 'HONS3108 - University of Texas at Dallas': no usable link (live)
[2103/2432] 'ITSS3312 - University of Texas at Dallas': no usable link (live)
[2104/2432] 'SE2340 - University of Texas at Dallas': no usable link (live)
[2105/2432] 'SE3340 - University of Texas at Dallas': no usable link (live)
[2106/2432] 'SE3341 - University of Texas at Dallas': no usable link (live)
[2107/2432] 'SE3354 - University of Texas at Dallas': no usable link (live)
[2108/2432] 'CO1083 - University of Texas at San Antonio': no usable link (live)
[2109/2432] 'CS1083 - University of Texas at San Antonio': no usable link (live)
[2110/2432] 'CS1173 - University of Texas at San Antonio': no usable link (live)
[2111/2432] 'CS2713 - University of Texas at San Antonio': no usable link (live)
[2112/2432] 'CS3343 - University of Texas at San Antonio': no usable link (live)
[2113/2432] 'CS3723 - University of Texas at San Antonio': no usable link (live)
[2114/2432] 'CS3743 - University of Texas at San Antonio': no usable link (live)
[2115/2432] 'CS3753 - University of Texas at San Antonio': no usable link (live)
[2116/2432] 'CS3793 - University of Texas at San Antonio': no usable link (live)
[2117/2432] 'CS3843 - University of Texas at San Antonio': no usable link (live)
[2118/2432] 'CS3844 - University of Texas at San Antonio': no usable link (live)
[2119/2432] 'CS4653 - University of Texas at San Antonio': no usable link (live)
[2120/2432] 'CS5163 - University of Texas at San Antonio': no usable link (live)
[2121/2432] 'CS5523 - University of Texas at San Antonio': no usable link (live)
[2122/2432] 'EE3463 - University of Texas at San Antonio': no usable link (live)
[2123/2432] 'CSC207H1 - University of Toronto': no usable link (live)
[2124/2432] 'CSC236 - University of Toronto': no usable link (live)
[2125/2432] 'CSC263H1 - University of Toronto': no usable link (live)
[2126/2432] 'CSC428 - University of Toronto': no usable link (live)
[2127/2432] 'CSC443 - University of Toronto': no usable link (live)
[2128/2432] 'CSCDO1 - University of Toronto': no usable link (live)
[2129/2432] 'ECE1724 - University of Toronto': no usable link (live)
[2130/2432] 'ECE472 - University of Toronto': no usable link (live)
[2131/2432] 'CS1410 - University of Utah': no usable link (live)
[2132/2432] 'CS3100 - University of Utah': no usable link (live)
[2133/2432] 'CS3130 - University of Utah': no usable link (live)
[2134/2432] 'ECE1240 - University of Utah': no usable link (live)
[2135/2432] 'ECE1250 - University of Utah': no usable link (live)
[2136/2432] 'ECE1900 - University of Utah': no usable link (live)
[2137/2432] 'ECE2240 - University of Utah': no usable link (live)
[2138/2432] 'ECE2280 - University of Utah': no usable link (live)
[2139/2432] 'ECE3030 - University of Utah': no usable link (live)
[2140/2432] 'ENGIN5030 - University of Utah': no usable link (live)
[2141/2432] 'IS6493 - University of Utah': no usable link (live)
[2142/2432] 'MKTG4600 - University of Utah': no usable link (live)
[2143/2432] 'CALS002 - University of Vermont': no usable link (live)
[2144/2432] 'CALS1020 - University of Vermont': no usable link (live)
[2145/2432] 'CS064 - University of Vermont': no usable link (live)
[2146/2432] 'CS1210 - University of Vermont': no usable link (live)
[2147/2432] 'CS2240 - University of Vermont': no usable link (live)
[2148/2432] 'EE131 - University of Vermont': no usable link (live)
[2149/2432] 'EE2125 - University of Vermont': no usable link (live)
[2150/2432] 'BIDA301 - University of Victoria': no usable link (live)
[2151/2432] 'CENG255 - University of Victoria': no usable link (live)
[2152/2432] 'CSC225 - University of Victoria': no usable link (live)
[2153/2432] 'CSC503 - University of Victoria': no usable link (live)
[2154/2432] 'ECE216 - University of Victoria': no usable link (live)
[2155/2432] 'ECE255 - University of Victoria': no usable link (live)
[2156/2432] 'ECE299 - University of Victoria': no usable link (live)
[2157/2432] 'ECE335 - University of Victoria': no usable link (live)
[2158/2432] 'ECE503 - University of Victoria': no usable link (live)
[2159/2432] 'ELEC365 - University of Victoria': no usable link (live)
[2160/2432] 'ELEC482 - University of Victoria': no usable link (live)
[2161/2432] 'ELEC488 - University of Victoria': no usable link (live)
[2162/2432] 'SENG265 - University of Victoria': no usable link (live)
[2163/2432] 'SENG330 - University of Victoria': no usable link (live)
[2164/2432] 'SENG401 - University of Victoria': no usable link (live)
[2165/2432] 'CS3710 - University of Virginia': no usable link (live)
[2166/2432] 'BIMD233 - University of Washington': no usable link (live)
[2167/2432] 'BIS111 - University of Washington': no usable link (live)
[2168/2432] 'CS508 - University of Washington': no usable link (live)
[2169/2432] 'CSS101 - University of Washington': no usable link (live)
[2170/2432] 'CSS107 - University of Washington': no usable link (live)
[2171/2432] 'CSS110 - University of Washington': no usable link (live)
[2172/2432] 'CSS132 - University of Washington': no usable link (live)
[2173/2432] 'CSS142 - University of Washington': no usable link (live)
[2174/2432] 'CSS143 - University of Washington': no usable link (live)
[2175/2432] 'CSS161 - University of Washington': no usable link (live)
[2176/2432] 'CSS301 - University of Washington': no usable link (live)
[2177/2432] 'CSS310 - University of Washington': no usable link (live)
[2178/2432] 'CSS342 - University of Washington': no usable link (live)
[2179/2432] 'CSS343 - University of Washington': no usable link (live)
[2180/2432] 'CSS350 - University of Washington': no usable link (live)
[2181/2432] 'CSS360 - University of Washington': no usable link (live)
[2182/2432] 'CSS370 - University of Washington': no usable link (live)
[2183/2432] 'CSS385 - University of Washington': no usable link (live)
[2184/2432] 'CSS421 - University of Washington': no usable link (live)
[2185/2432] 'CSS422 - University of Washington': no usable link (live)
[2186/2432] 'CSS430 - University of Washington': no usable link (live)
[2187/2432] 'CSS434 - University of Washington': no usable link (live)
[2188/2432] 'CSS475 - University of Washington': no usable link (live)
[2189/2432] 'CSS487 - University of Washington': no usable link (live)
[2190/2432] 'CSS490 - University of Washington': no usable link (live)
[2191/2432] 'CSS501 - University of Washington': no usable link (live)
[2192/2432] 'CSS503 - University of Washington': no usable link (live)
[2193/2432] 'CSS506 - University of Washington': no usable link (live)
[2194/2432] 'CSS507 - University of Washington': no usable link (live)
[2195/2432] 'CSS508 - University of Washington': no usable link (live)
[2196/2432] 'CSS535 - University of Washington': no usable link (live)
[2197/2432] 'CSS549 - University of Washington': no usable link (live)
[2198/2432] 'CSS590 - University of Washington': no usable link (live)
[2199/2432] 'EE215 - University of Washington': no usable link (live)
[2200/2432] 'EE271 - University of Washington': no usable link (live)
[2201/2432] 'CS125 - University of Waterloo': no usable link (live)
[2202/2432] 'CS135 - University of Waterloo': no usable link (live)
[2203/2432] 'ECE106 - University of Waterloo': no usable link (live)
[2204/2432] 'ECE205 - University of Waterloo': no usable link (live)
[2205/2432] 'ECE316 - University of Waterloo': no usable link (live)
[2206/2432] 'ECE411 - University of Waterloo': no usable link (live)
[2207/2432] 'ECE417 - University of Waterloo': no usable link (live)
[2208/2432] 'ECE454 - University of Waterloo': no usable link (live)
[2209/2432] 'ECE602 - University of Waterloo': no usable link (live)
[2210/2432] 'ECE604 - University of Waterloo': no usable link (live)
[2211/2432] 'ECE606 - University of Waterloo': no usable link (live)
[2212/2432] 'ECE610 - University of Waterloo': no usable link (live)
[2213/2432] 'ECE700 - University of Waterloo': no usable link (live)
[2214/2432] 'ECE710 - University of Waterloo': no usable link (live)
[2215/2432] 'SE240 - University of Waterloo': no usable link (live)
[2216/2432] 'CS400 - University of Wisconsin-Madison': no usable link (live)
[2217/2432] 'CS502 - University of Wisconsin-Madison': no usable link (live)
[2218/2432] 'CS559 - University of Wisconsin-Madison': no usable link (live)
[2219/2432] 'CS577 - University of Wisconsin-Madison': no usable link (live)
[2220/2432] 'ECE252 - University of Wisconsin-Madison': no usable link (live)
[2221/2432] 'ECE552 - University of Wisconsin-Madison': no usable link (live)
[2222/2432] 'LIS102 - University of Wisconsin-Madison': no usable link (live)
[2223/2432] 'LIS440 - University of Wisconsin-Madison': no usable link (live)
[2224/2432] 'CS395 - University of Wisconsin-Milwaukee': no usable link (live)
[2225/2432] 'CS431 - University of Wisconsin-Milwaukee': no usable link (live)
[2226/2432] 'CYSE270 - University of Wisconsin-Milwaukee': no usable link (live)
[2227/2432] 'EE234 - University of Wisconsin-Milwaukee': no usable link (live)
[2228/2432] 'CS1440 - Utah State University': no usable link (live)
[2229/2432] 'CS5000 - Utah State University': no usable link (live)
[2230/2432] 'CS5080 - Utah State University': no usable link (live)
[2231/2432] 'CS5110 - Utah State University': no usable link (live)
[2232/2432] 'CS5600 - Utah State University': no usable link (live)
[2233/2432] 'CS5820 - Utah State University': no usable link (live)
[2234/2432] 'CS5890 - Utah State University': no usable link (live)
[2235/2432] 'DATA2100 - Utah State University': no usable link (live)
[2236/2432] 'DATA5400 - Utah State University': no usable link (live)
[2237/2432] 'ECE1400 - Utah State University': no usable link (live)
[2238/2432] 'ECE1410 - Utah State University': no usable link (live)
[2239/2432] 'ECE2700 - Utah State University': no usable link (live)
[2240/2432] 'CS1151 - Vanderbilt University': no usable link (live)
[2241/2432] 'CS2201 - Vanderbilt University': no usable link (live)
[2242/2432] 'CS2204 - Vanderbilt University': no usable link (live)
[2243/2432] 'CS2212 - Vanderbilt University': no usable link (live)
[2244/2432] 'CS2231 - Vanderbilt University': no usable link (live)
[2245/2432] 'CS252 - Vanderbilt University': no usable link (live)
[2246/2432] 'CS3265 - Vanderbilt University': no usable link (live)
[2247/2432] 'CS3276 - Vanderbilt University': no usable link (live)
[2248/2432] 'CS3891 - Vanderbilt University': no usable link (live)
[2249/2432] 'CS4278 - Vanderbilt University': no usable link (live)
[2250/2432] 'CS4283 - Vanderbilt University': no usable link (live)
[2251/2432] 'CS4288 - Vanderbilt University': no usable link (live)
[2252/2432] 'DS3262 - Vanderbilt University': no usable link (live)
[2253/2432] 'ECE2123 - Vanderbilt University': no usable link (live)
[2254/2432] 'EECE112 - Vanderbilt University': no usable link (live)
[2255/2432] 'EECE2112 - Vanderbilt University': no usable link (live)
[2256/2432] 'EECE235 - Vanderbilt University': no usable link (live)
[2257/2432] 'EECE3235 - Vanderbilt University': no usable link (live)
[2258/2432] 'CMPU101 - Vassar College': no usable link (live)
[2259/2432] 'CMPU224 - Vassar College': no usable link (live)
[2260/2432] 'CMPU241 - Vassar College': no usable link (live)
[2261/2432] 'CSC1010 - Villanova University': no usable link (live)
[2262/2432] 'CSC1051 - Villanova University': no usable link (live)
[2263/2432] 'CSC1052 - Villanova University': no usable link (live)
[2264/2432] 'CSC1300 - Villanova University': no usable link (live)
[2265/2432] 'ECE3242 - Villanova University': no usable link (live)
[2266/2432] 'VSB1000 - Villanova University': no usable link (live)
[2267/2432] 'CMSC235 - Virginia Commonwealth University': no usable link (live)
[2268/2432] 'CMSC255 - Virginia Commonwealth University': no usable link (live)
[2269/2432] 'CMSC256 - Virginia Commonwealth University': no usable link (live)
[2270/2432] 'CMSC304 - Virginia Commonwealth University': no usable link (live)
[2271/2432] 'CMSC311 - Virginia Commonwealth University': no usable link (live)
[2272/2432] 'CMSC312 - Virginia Commonwealth University': no usable link (live)
[2273/2432] 'CMSC403 - Virginia Commonwealth University': no usable link (live)
[2274/2432] 'INF350 - Virginia Commonwealth University': no usable link (live)
[2275/2432] 'INFO202 - Virginia Commonwealth University': no usable link (live)
[2276/2432] 'INFO350 - Virginia Commonwealth University': no usable link (live)
[2277/2432] 'INFO361 - Virginia Commonwealth University': no usable link (live)
[2278/2432] 'INFO364 - Virginia Commonwealth University': no usable link (live)
[2279/2432] 'INFO370 - Virginia Commonwealth University': no usable link (live)
[2280/2432] 'CEE3804 - Virginia Tech': no usable link (live)
[2281/2432] 'CS1064 - Virginia Tech': no usable link (live)
[2282/2432] 'CS2064 - Virginia Tech': no usable link (live)
[2283/2432] 'CS2114 - Virginia Tech': no usable link (live)
[2284/2432] 'CS3114 - Virginia Tech': no usable link (live)
[2285/2432] 'CS3714 - Virginia Tech': no usable link (live)
[2286/2432] 'CS3754 - Virginia Tech': no usable link (live)
[2287/2432] 'ECE2024 - Virginia Tech': no usable link (live)
[2288/2432] 'ECE2054 - Virginia Tech': no usable link (live)
[2289/2432] 'ECE2504 - Virginia Tech': no usable link (live)
[2290/2432] 'ECE2514 - Virginia Tech': no usable link (live)
[2291/2432] 'ECE2544 - Virginia Tech': no usable link (live)
[2292/2432] 'ECE2804 - Virginia Tech': no usable link (live)
[2293/2432] 'CPT121 - Washington State University': no usable link (live)
[2294/2432] 'CPT122 - Washington State University': no usable link (live)
[2295/2432] 'CPTS121 - Washington State University': no usable link (live)
[2296/2432] 'CPTS122 - Washington State University': no usable link (live)
[2297/2432] 'CPTS223 - Washington State University': no usable link (live)
[2298/2432] 'CPTS260 - Washington State University': no usable link (live)
[2299/2432] 'CPTS321 - Washington State University': no usable link (live)
[2300/2432] 'CPTS350 - Washington State University': no usable link (live)
[2301/2432] 'CPTS355 - Washington State University': no usable link (live)
[2302/2432] 'CPTS450 - Washington State University': no usable link (live)
[2303/2432] 'CPTS489 - Washington State University': no usable link (live)
[2304/2432] 'CPTS516 - Washington State University': no usable link (live)
[2305/2432] 'CPTS581 - Washington State University': no usable link (live)
[2306/2432] 'EE491 - Washington State University': no usable link (live)
[2307/2432] 'EE571 - Washington State University': no usable link (live)
[2308/2432] 'RF431 - Washington State University': no usable link (live)
[2309/2432] 'CSE131 - Washington University in St. Louis': no usable link (live)
[2310/2432] 'CSE132 - Washington University in St. Louis': no usable link (live)
[2311/2432] 'CSE204A - Washington University in St. Louis': no usable link (live)
[2312/2432] 'CSE217 - Washington University in St. Louis': no usable link (live)
[2313/2432] 'CSE361 - Washington University in St. Louis': no usable link (live)
[2314/2432] 'CSE417 - Washington University in St. Louis': no usable link (live)
[2315/2432] 'CSE417T - Washington University in St. Louis': no usable link (live)
[2316/2432] 'CSE427S - Washington University in St. Louis': no usable link (live)
[2317/2432] 'CSE431 - Washington University in St. Louis': no usable link (live)
[2318/2432] 'CSE517A - Washington University in St. Louis': no usable link (live)
[2319/2432] 'CSE543 - Washington University in St. Louis': no usable link (live)
[2320/2432] 'EECE101 - Washington University in St. Louis': no usable link (live)
[2321/2432] 'EECE205 - Washington University in St. Louis': no usable link (live)
[2322/2432] 'BE1500 - Wayne State University': no usable link (live)
[2323/2432] 'CSC1000 - Wayne State University': no usable link (live)
[2324/2432] 'CSC1100 - Wayne State University': no usable link (live)
[2325/2432] 'CSC1500 - Wayne State University': no usable link (live)
[2326/2432] 'CSC3110 - Wayne State University': no usable link (live)
[2327/2432] 'CSC4420 - Wayne State University': no usable link (live)
[2328/2432] 'CSC4500 - Wayne State University': no usable link (live)
[2329/2432] 'CSC4710 - Wayne State University': no usable link (live)
[2330/2432] 'CSC4996 - Wayne State University': no usable link (live)
[2331/2432] 'CSC6500 - Wayne State University': no usable link (live)
[2332/2432] 'ECE2050 - Wayne State University': no usable link (live)
[2333/2432] 'ECE2620 - Wayne State University': no usable link (live)
[2334/2432] 'ECE3570 - Wayne State University': no usable link (live)
[2335/2432] 'ECE3620 - Wayne State University': no usable link (live)
[2336/2432] 'ECE4330 - Wayne State University': no usable link (live)
[2337/2432] 'ECE5575 - Wayne State University': no usable link (live)
[2338/2432] 'CIS250 - Wesleyan University': no usable link (live)
[2339/2432] 'CPE520 - West Virginia University': no usable link (live)
[2340/2432] 'CPE620 - West Virginia University': no usable link (live)
[2341/2432] 'EE223 - West Virginia University': no usable link (live)
[2342/2432] 'EE251 - West Virginia University': no usable link (live)
[2343/2432] 'CIS2500 - Western Michigan University': no usable link (live)
[2344/2432] 'CIS2600 - Western Michigan University': no usable link (live)
[2345/2432] 'CIS2640 - Western Michigan University': no usable link (live)
[2346/2432] 'CIS2700 - Western Michigan University': no usable link (live)
[2347/2432] 'CIS2900 - Western Michigan University': no usable link (live)
[2348/2432] 'CIS4640 - Western Michigan University': no usable link (live)
[2349/2432] 'CS4430 - Western Michigan University': no usable link (live)
[2350/2432] 'ECE2500 - Western Michigan University': no usable link (live)
[2351/2432] 'ECE2510 - Western Michigan University': no usable link (live)
[2352/2432] 'ECE3100 - Western Michigan University': no usable link (live)
[2353/2432] 'ECE3610 - Western Michigan University': no usable link (live)
[2354/2432] 'ECE455 - Western Michigan University': no usable link (live)
[2355/2432] 'ECE5550 - Western Michigan University': no usable link (live)
[2356/2432] 'ECE655 - Western Michigan University': no usable link (live)
[2357/2432] 'ECE6650 - Western Michigan University': no usable link (live)
[2358/2432] 'CISS340 - Western Washington University': no usable link (live)
[2359/2432] 'CISS471 - Western Washington University': no usable link (live)
[2360/2432] 'CSCI145 - Western Washington University': no usable link (live)
[2361/2432] 'CSCI367 - Western Washington University': no usable link (live)
[2362/2432] 'CSCI447 - Western Washington University': no usable link (live)
[2363/2432] 'EE374 - Western Washington University': no usable link (live)
[2364/2432] 'EECE210 - Western Washington University': no usable link (live)
[2365/2432] 'SCED480 - Western Washington University': no usable link (live)
[2366/2432] 'ECE282 - Wichita State University': no usable link (live)
[2367/2432] 'ECE492 - Wichita State University': no usable link (live)
[2368/2432] 'EE282 - Wichita State University': no usable link (live)
[2369/2432] 'EE754 - Wichita State University': no usable link (live)
[2370/2432] 'EE782 - Wichita State University': no usable link (live)
[2371/2432] 'GOVT2305 - Williams College': no usable link (live)
[2372/2432] 'AR2101 - Worcester Polytechnic Institute': no usable link (live)
[2373/2432] 'CS1004 - Worcester Polytechnic Institute': no usable link (live)
[2374/2432] 'CS110X - Worcester Polytechnic Institute': no usable link (live)
[2375/2432] 'CS2022 - Worcester Polytechnic Institute': no usable link (live)
[2376/2432] 'CS2102 - Worcester Polytechnic Institute': no usable link (live)
[2377/2432] 'CS2103 - Worcester Polytechnic Institute': no usable link (live)
[2378/2432] 'CS2223 - Worcester Polytechnic Institute': no usable link (live)
[2379/2432] 'CS3013 - Worcester Polytechnic Institute': no usable link (live)
[2380/2432] 'CS3043 - Worcester Polytechnic Institute': no usable link (live)
[2381/2432] 'CS340X - Worcester Polytechnic Institute': no usable link (live)
[2382/2432] 'CS3431 - Worcester Polytechnic Institute': no usable link (live)
[2383/2432] 'CS3516 - Worcester Polytechnic Institute': no usable link (live)
[2384/2432] 'CS4445 - Worcester Polytechnic Institute': no usable link (live)
[2385/2432] 'CS5003 - Worcester Polytechnic Institute': no usable link (live)
[2386/2432] 'CS542 - Worcester Polytechnic Institute': no usable link (live)
[2387/2432] 'ECE2010 - Worcester Polytechnic Institute': no usable link (live)
[2388/2432] 'ECE2011 - Worcester Polytechnic Institute': no usable link (live)
[2389/2432] 'ECE2019 - Worcester Polytechnic Institute': no usable link (live)
[2390/2432] 'ECE2029 - Worcester Polytechnic Institute': no usable link (live)
[2391/2432] 'ECE2201 - Worcester Polytechnic Institute': no usable link (live)
[2392/2432] 'ECE2311 - Worcester Polytechnic Institute': no usable link (live)
[2393/2432] 'ECE2799 - Worcester Polytechnic Institute': no usable link (live)
[2394/2432] 'ECE5511 - Worcester Polytechnic Institute': no usable link (live)
[2395/2432] 'EE2011 - Worcester Polytechnic Institute': no usable link (live)
[2396/2432] 'EE2201 - Worcester Polytechnic Institute': no usable link (live)
[2397/2432] 'CEG2350 - Wright State University': no usable link (live)
[2398/2432] 'CEG3110 - Wright State University': no usable link (live)
[2399/2432] 'CEG3120 - Wright State University': no usable link (live)
[2400/2432] 'CEG320 - Wright State University': no usable link (live)
[2401/2432] 'CEG3310 - Wright State University': no usable link (live)
[2402/2432] 'CEG3400 - Wright State University': no usable link (live)
[2403/2432] 'CEG4120 - Wright State University': no usable link (live)
[2404/2432] 'CEG4350 - Wright State University': no usable link (live)
[2405/2432] 'CEG4420 - Wright State University': no usable link (live)
[2406/2432] 'CEG4424 - Wright State University': no usable link (live)
[2407/2432] 'CEG4430 - Wright State University': no usable link (live)
[2408/2432] 'CS1160 - Wright State University': no usable link (live)
[2409/2432] 'CS1181 - Wright State University': no usable link (live)
[2410/2432] 'CS3180 - Wright State University': no usable link (live)
[2411/2432] 'EE3210 - Wright State University': no usable link (live)
[2412/2432] 'EE3450 - Wright State University': no usable link (live)
[2413/2432] 'EE4000 - Wright State University': no usable link (live)
[2414/2432] 'EE4120 - Wright State University': no usable link (live)
[2415/2432] 'EE431 - Wright State University': no usable link (live)
[2416/2432] 'EE6440 - Wright State University': no usable link (live)
[2417/2432] 'EE741 - Wright State University': no usable link (live)
[2418/2432] 'EE7410 - Wright State University': no usable link (live)
[2419/2432] 'EE7420 - Wright State University': no usable link (live)
[2420/2432] 'CSCI160 - Xavier University': no usable link (live)
[2421/2432] 'INFO220 - Xavier University': no usable link (live)
[2422/2432] 'INFO680 - Xavier University': no usable link (live)
[2423/2432] 'CS172 - York College': no usable link (live)
[2424/2432] 'CS291 - York College': no usable link (live)
[2425/2432] 'EDU230 - York College': no usable link (live)
[2426/2432] 'EDUC280 - York College': no usable link (live)
[2427/2432] 'CSIS1590 - Youngstown State University': no usable link (live)
[2428/2432] 'CSIS2610 - Youngstown State University': no usable link (live)
[2429/2432] 'CSIS3700 - Youngstown State University': no usable link (live)
[2430/2432] 'CSIS3726 - Youngstown State University': no usable link (live)
[2431/2432] 'ECEN1521 - Youngstown State University': no usable link (live)
[2432/2432] 'ECEN2614 - Youngstown State University': no usable link (live)

done; saved 448 this run; 5641 courses labelled in ccr_labels.db (+ ccr_auto_labels_review.md)
[Mon Jul  6 05:52:14 UTC 2026] DONE
