query_name,present,verdict,match_quality,matched_name,school,school_expected,school_match,department,avg_rating,num_ratings,would_take_again,avg_difficulty,legacy_id,profile_url,source_courses
John DeNero,1,on_rmp,strong,John DeNero,University of California Berkeley,University of California Berkeley,1,Computer Science,4.3,280,84.0183,3.6,1621181,https://www.ratemyprofessors.com/professor/1621181,cs61a.org
Mehran Sahami,1,on_rmp,strong,Mehran Sahami,Stanford University,Stanford University,1,Computer Science,4.9,94,94.4444,2.1,203927,https://www.ratemyprofessors.com/professor/203927,new/web.stanford.edu_cs182
Ritwik Banerjee,1,on_rmp,strong,Ritwik Banerjee,Stony Brook University (SUNY),Stony Brook University,1,Computer Science,3.0,75,43.8596,4.1,2069373,https://www.ratemyprofessors.com/professor/2069373,new/www3.cs.stonybrook.edu_CSE354
Jerry Cain,1,on_rmp,strong,Jerry Cain,Stanford University,Stanford University,1,Computer Science,4.6,55,90.0,3.8,13890,https://www.ratemyprofessors.com/professor/13890,web.stanford.edu_cs110
Curran Muhlberger,1,on_rmp,strong,Curran Muhlberger,Cornell University,Cornell University,1,Computer Science,2.8,53,47.1698,3.6,2756306,https://www.ratemyprofessors.com/professor/2756306,cs.cornell.edu_cs2110_2026sp
Kilian Q. Weinberger,1,on_rmp,strong,Kilian Weinberger,Cornell University,Cornell University,1,Computer Science,3.7,53,67.9245,2.9,2254913,https://www.ratemyprofessors.com/professor/2254913,cs.cornell.edu_cs4782_2025sp
Graham C. Evans,1,on_rmp,strong,Graham Evans,University Of Illinois at Urbana - Champaign,University of Illinois,1,Computer Science,2.5,52,34.6154,3.3,2254924,https://www.ratemyprofessors.com/professor/2254924,courses.grainger.illinois.edu_cs225_sp2024
Tom Murphy,1,on_rmp,strong,Tom Murphy,Western University,,,Social Science,3.1,48,-1.0,2.8,42576,https://www.ratemyprofessors.com/professor/42576,new/tmurphy.physics.ucsd.edu_phys8
Diana Diaz,1,on_rmp,strong,Diana Diaz,University of Illinois Chicago,,,Computer Science,2.5,46,34.7826,3.7,2580783,https://www.ratemyprofessors.com/professor/2580783,profdiazh.github.io_cs101
Donald Sadoway,1,on_rmp,strong,Donald Sadoway,Massachusetts Institute of Technology,Massachusetts Institute of Technology,1,Engineering,4.0,43,50.0,2.5,81483,https://www.ratemyprofessors.com/professor/81483,new/ocw.mit.edu_3-091sc-introduction-to-solid-state-chemistry-fall-2010
Eric Lander,1,on_rmp,strong,Eric Lander,Massachusetts Institute of Technology,Massachusetts Institute of Technology,1,Biology,4.7,32,85.7143,3.0,162394,https://www.ratemyprofessors.com/professor/162394,new/ocw.mit.edu_7-012-introduction-to-biology-fall-2004; new/ocw.mit.edu_7-01sc-fundamentals-of-biology-fall-2011
Peter Dourmashkin,1,on_rmp,strong,Peter Dourmashkin,Massachusetts Institute of Technology,Massachusetts Institute of Technology,1,Physics,4.5,32,83.3333,3.3,409757,https://www.ratemyprofessors.com/professor/409757,new/ocw.mit.edu_8-02t-electricity-and-magnetism-spring-2005; new/ocw.mit.edu_8-02x-physics-ii-electricity-magnetism-with-an-experimental-focus-spring-2005
Lillian Lee,1,on_rmp,strong,Lillian Lee,Cornell University,Cornell University,1,Computer Science,3.0,30,31.8182,4.0,232759,https://www.ratemyprofessors.com/professor/232759,cs.cornell.edu_cs1110_2016sp
Charles Van Loan,1,on_rmp,strong,Charles Van Loan,Cornell University,Cornell University,1,Computer Science,3.1,27,0.0,3.6,357392,https://www.ratemyprofessors.com/professor/357392,cs.cornell.edu_cs1110_2016sp
Keith Schwarz,1,on_rmp,strong,Keith Schwarz,Stanford University,Stanford University,1,Computer Science,4.4,26,66.6667,3.6,1787737,https://www.ratemyprofessors.com/professor/1787737,web.stanford.edu_cs161_cs161.1138
Pavlos Protopapas,1,on_rmp,strong,Pavlos Protopapas,Harvard University,,,Computer Science,3.8,24,70.8333,3.1,2180585,https://www.ratemyprofessors.com/professor/2180585,harvard-iacs.github.io_2020-AC295
Eric Roberts,1,on_rmp,strong,Eric Roberts,Stanford University,Stanford University,1,Computer Science,4.4,22,80.0,3.2,203930,https://www.ratemyprofessors.com/professor/203930,cs.stanford.edu_cs106a
Emmanuel Agu,1,on_rmp,strong,Emmanuel Agu,Worcester Polytechnic Institute,Worcester Polytechnic Institute,1,Computer Science,3.8,20,75.0,2.9,119379,https://www.ratemyprofessors.com/professor/119379,web.cs.wpi.edu_cs545_S14
Steven Leeb,1,on_rmp,strong,Steven Leeb,Massachusetts Institute of Technology,Massachusetts Institute of Technology,1,Engineering,5.0,20,100.0,3.8,121181,https://www.ratemyprofessors.com/professor/121181,new/ocw.mit.edu_6-007-electromagnetic-energy-from-motors-to-lasers-spring-2011
Roger Grosse,1,on_rmp,strong,Roger Grosse,University of Toronto - St. George Campus,University of Toronto,1,Computer Science,1.9,18,22.2222,4.5,2389345,https://www.ratemyprofessors.com/professor/2389345,cs.toronto.edu_csc411_f18
Eric Hudson,1,on_rmp,strong,Eric Hudson,Massachusetts Institute of Technology,Massachusetts Institute of Technology,1,Physics,4.8,15,-1.0,3.0,186507,https://www.ratemyprofessors.com/professor/186507,new/ocw.mit.edu_8-02t-electricity-and-magnetism-spring-2005
Christopher Cummins,1,on_rmp,strong,Christopher Cummins,Massachusetts Institute of Technology,Massachusetts Institute of Technology,1,Chemistry,3.0,14,50.0,3.9,352232,https://www.ratemyprofessors.com/professor/352232,new/ocw.mit.edu_5-05-principles-of-inorganic-chemistry-iii-spring-2005; new/ocw.mit.edu_5-112-principles-of-chemical-science-fall-2005
H. Andrew Schwartz,1,on_rmp,strong,H. Schwartz,Stony Brook University (SUNY),Stony Brook University,1,Computer Science,2.3,14,28.5714,4.1,2226107,https://www.ratemyprofessors.com/professor/2226107,new/www3.cs.stonybrook.edu_CSE545
Barton Zwiebach,1,on_rmp,strong,Barton Zwiebach,Massachusetts Institute of Technology,Massachusetts Institute of Technology,1,Physics,5.0,13,100.0,3.4,562630,https://www.ratemyprofessors.com/professor/562630,new/ocw.mit.edu_8-04-quantum-physics-i-spring-2013; new/ocw.mit.edu_8-04-quantum-physics-i-spring-2016; new/ocw.mit.edu_8-05-quantum-physics-ii-fall-2013
Simona Socrate,1,on_rmp,strong,Simona Socrate,Massachusetts Institute of Technology,Massachusetts Institute of Technology,1,Engineering,4.1,13,100.0,2.7,231197,https://www.ratemyprofessors.com/professor/231197,new/ocw.mit.edu_2-001-mechanics-materials-i-fall-2006
David Autor,1,on_rmp,strong,David Autor,Massachusetts Institute of Technology,Massachusetts Institute of Technology,1,Economics,4.0,12,77.7778,2.7,655707,https://www.ratemyprofessors.com/professor/655707,new/ocw.mit.edu_14-03-microeconomic-theory-and-public-policy-fall-2016; new/ocw.mit.edu_14-662-labor-economics-ii-spring-2015
Jeremy Wolfe,1,on_rmp,strong,Jeremy Wolfe,Massachusetts Institute of Technology,Massachusetts Institute of Technology,1,Psychology,4.3,12,-1.0,2.5,433652,https://www.ratemyprofessors.com/professor/433652,new/ocw.mit.edu_9-00-introduction-to-psychology-fall-2004
John Belcher,1,on_rmp,strong,John Belcher,Massachusetts Institute of Technology,Massachusetts Institute of Technology,1,Physics,3.2,12,80.0,3.3,398125,https://www.ratemyprofessors.com/professor/398125,new/ocw.mit.edu_8-02t-electricity-and-magnetism-spring-2005
Kimberly Berkowski,1,on_rmp,strong,Kimberly Berkowski,Massachusetts Institute of Technology,Massachusetts Institute of Technology,1,Chemistry,4.0,11,100.0,3.1,774737,https://www.ratemyprofessors.com/professor/774737,new/ocw.mit.edu_5-13-organic-chemistry-ii-fall-2006
Anshul Gandhi,1,on_rmp,strong,Anshul Gandhi,Stony Brook University (SUNY),Stony Brook University,1,Computer Science,4.1,10,62.5,3.4,1944746,https://www.ratemyprofessors.com/professor/1944746,new/www3.cs.stonybrook.edu_CSE357
Max Tegmark,1,on_rmp,strong,Max Tegmark,Massachusetts Institute of Technology,Massachusetts Institute of Technology,1,Physics,4.6,10,83.3333,3.0,761785,https://www.ratemyprofessors.com/professor/761785,new/ocw.mit.edu_8-033-relativity-fall-2006
Graham Walker,1,on_rmp,strong,Graham Walker,Massachusetts Institute of Technology,Massachusetts Institute of Technology,1,Biology,4.8,9,100.0,1.8,799921,https://www.ratemyprofessors.com/professor/799921,new/ocw.mit.edu_7-014-introductory-biology-spring-2005; new/ocw.mit.edu_7-01sc-fundamentals-of-biology-fall-2011
Albert R. Meyer,1,on_rmp,strong,Albert Meyer,Massachusetts Institute of Technology,Massachusetts Institute of Technology,1,Computer Science,3.3,8,66.6667,1.8,95063,https://www.ratemyprofessors.com/professor/95063,new/ocw.mit.edu_6-042j-mathematics-for-computer-science-fall-2005; new/ocw.mit.edu_6-042j-mathematics-for-computer-science-spring-2015
Muriel Médard,1,on_rmp,strong,Muriel Medard,Massachusetts Institute of Technology,Massachusetts Institute of Technology,1,Engineering,3.1,8,100.0,3.9,95058,https://www.ratemyprofessors.com/professor/95058,new/ocw.mit.edu_6-441-information-theory-spring-2010; new/ocw.mit.edu_6-450-principles-of-digital-communication-i-fall-2009
Moungi Bawendi,1,on_rmp,strong,Moungi Bawendi,Massachusetts Institute of Technology,Massachusetts Institute of Technology,1,Chemistry,4.0,7,100.0,2.7,144127,https://www.ratemyprofessors.com/professor/144127,new/ocw.mit.edu_5-60-thermodynamics-kinetics-spring-2008
Paul Schechter,1,on_rmp,strong,Paul Schechter,Massachusetts Institute of Technology,Massachusetts Institute of Technology,1,Physics,2.9,7,-1.0,3.3,1083753,https://www.ratemyprofessors.com/professor/1083753,new/ocw.mit.edu_8-902-astrophysics-ii-fall-2004
Timothy Swager,1,on_rmp,strong,Timothy Swager,Massachusetts Institute of Technology,Massachusetts Institute of Technology,1,Chemistry,3.1,7,-1.0,3.9,44544,https://www.ratemyprofessors.com/professor/44544,new/ocw.mit.edu_5-37-introduction-to-organic-synthesis-laboratory-spring-2009
Alan Guth,1,on_rmp,strong,Alan Guth,Massachusetts Institute of Technology,Massachusetts Institute of Technology,1,Physics,4.2,6,75.0,2.8,1139554,https://www.ratemyprofessors.com/professor/1139554,new/ocw.mit.edu_8-07-electromagnetism-ii-fall-2012; new/ocw.mit.edu_8-251-string-theory-for-undergraduates-spring-2007
Amir-massoud Farahmand,1,on_rmp,strong,Amir-massoud Farahmand,University of Toronto - St. George Campus,University of Toronto,1,Computer Science,3.3,6,66.6667,4.0,2678637,https://www.ratemyprofessors.com/professor/2678637,cs.toronto.edu_csc411_f18
Charles Sodini,1,on_rmp,strong,Charles Sodini,Massachusetts Institute of Technology,Massachusetts Institute of Technology,1,Engineering,2.0,6,0.0,3.7,121231,https://www.ratemyprofessors.com/professor/121231,new/ocw.mit.edu_6-012-microelectronic-devices-and-circuits-spring-2009
Daniel Jackson,1,on_rmp,strong,Daniel Jackson,Massachusetts Institute of Technology,Massachusetts Institute of Technology,1,Computer Science,4.2,6,100.0,3.0,121166,https://www.ratemyprofessors.com/professor/121166,new/ocw.mit.edu_6-005-elements-of-software-construction-fall-2008; new/ocw.mit.edu_6-170-laboratory-in-software-engineering-fall-2005; new/ocw.mit.edu_6-170-software-studio-spring-2013
Esther Duflo,1,on_rmp,strong,Esther Duflo,Massachusetts Institute of Technology,Massachusetts Institute of Technology,1,Economics,4.3,6,75.0,2.7,791556,https://www.ratemyprofessors.com/professor/791556,new/ocw.mit.edu_14-310x-data-analysis-for-social-scientists-spring-2023; new/ocw.mit.edu_14-73-the-challenge-of-world-poverty-spring-2011; new/ocw.mit.edu_14-74-foundations-of-development-policy-spring-2009
Pablo Parrilo,1,on_rmp,strong,Pablo Parrilo,Massachusetts Institute of Technology,Massachusetts Institute of Technology,1,Engineering,4.0,6,50.0,3.8,831180,https://www.ratemyprofessors.com/professor/831180,new/ocw.mit.edu_6-079-introduction-to-convex-optimization-fall-2009; new/ocw.mit.edu_6-972-algebraic-techniques-and-semidefinite-optimization-spring-2006
Robert Jaffe,1,on_rmp,strong,Robert Jaffe,Massachusetts Institute of Technology,Massachusetts Institute of Technology,1,Physics,5.0,6,100.0,3.2,562629,https://www.ratemyprofessors.com/professor/562629,new/ocw.mit.edu_8-21-the-physics-of-energy-fall-2009
Andrew Whittle,1,on_rmp,strong,Andrew Whittle,Massachusetts Institute of Technology,Massachusetts Institute of Technology,1,Engineering,3.5,5,66.6667,3.4,473441,https://www.ratemyprofessors.com/professor/473441,new/ocw.mit.edu_1-322-soil-behavior-spring-2005
Asuman Ozdaglar,1,on_rmp,strong,Asuman Ozdaglar,Massachusetts Institute of Technology,Massachusetts Institute of Technology,1,Engineering,2.0,5,33.3333,4.4,121204,https://www.ratemyprofessors.com/professor/121204,new/ocw.mit.edu_6-254-game-theory-with-engineering-applications-spring-2010
Claudette Gardel,1,on_rmp,strong,Claudette Gardel,Massachusetts Institute of Technology,Massachusetts Institute of Technology,1,Biology,3.5,5,-1.0,3.6,189050,https://www.ratemyprofessors.com/professor/189050,new/ocw.mit.edu_7-012-introduction-to-biology-fall-2004
Daron Acemoglu,1,on_rmp,strong,Daron Acemoglu,Massachusetts Institute of Technology,Massachusetts Institute of Technology,1,Economics,2.9,5,-1.0,4.0,1823114,https://www.ratemyprofessors.com/professor/1823114,new/ocw.mit.edu_14-452-economic-growth-fall-2016; new/ocw.mit.edu_14-661-labor-economics-i-fall-2017; new/ocw.mit.edu_14-661-labor-economics-i-fall-2024
Emma Brunskill,1,on_rmp,strong,Emma Brunskill,Stanford University,Stanford University,1,Computer Science,1.6,5,33.3333,3.2,2361533,https://www.ratemyprofessors.com/professor/2361533,web.stanford.edu_cs234
Hazel Sive,1,on_rmp,strong,Hazel Sive,Massachusetts Institute of Technology,Massachusetts Institute of Technology,1,Biology,4.8,5,-1.0,2.8,1103018,https://www.ratemyprofessors.com/professor/1103018,new/ocw.mit.edu_7-01sc-fundamentals-of-biology-fall-2011
Hong Liu,1,on_rmp,strong,Hong Liu,Massachusetts Institute of Technology,Massachusetts Institute of Technology,1,Physics,4.9,5,100.0,2.4,1139536,https://www.ratemyprofessors.com/professor/1139536,new/ocw.mit.edu_8-324-relativistic-quantum-field-theory-ii-fall-2010; new/ocw.mit.edu_8-821-string-theory-and-holographic-duality-fall-2014
Keith A. Nelson,1,on_rmp,strong,Keith Nelson,Massachusetts Institute of Technology,Massachusetts Institute of Technology,1,Chemistry,2.0,5,-1.0,4.2,565297,https://www.ratemyprofessors.com/professor/565297,new/ocw.mit.edu_5-60-thermodynamics-kinetics-spring-2008
Keith Nelson,1,on_rmp,strong,Keith Nelson,Massachusetts Institute of Technology,Massachusetts Institute of Technology,1,Chemistry,2.0,5,-1.0,4.2,565297,https://www.ratemyprofessors.com/professor/565297,new/ocw.mit.edu_5-35-introduction-to-experimental-chemistry-fall-2012
Keith Winstein,1,on_rmp,strong,Keith Winstein,Stanford University,,,Computer Science,3.4,5,40.0,2.6,2021668,https://www.ratemyprofessors.com/professor/2021668,cs144.github.io
Peter Szolovits,1,on_rmp,strong,Peter Szolovits,Massachusetts Institute of Technology,Massachusetts Institute of Technology,1,Health Science,4.2,5,-1.0,3.2,121239,https://www.ratemyprofessors.com/professor/121239,new/ocw.mit.edu_6-001-structure-and-interpretation-of-computer-programs-spring-2005; new/ocw.mit.edu_6-s897-machine-learning-for-healthcare-spring-2019
Erik Demaine,1,on_rmp,strong,Erik Demaine,Massachusetts Institute of Technology,Massachusetts Institute of Technology,1,Engineering,3.6,4,75.0,2.8,1315500,https://www.ratemyprofessors.com/professor/1315500,new/ocw.mit.edu_4-491-form-finding-and-structural-optimization-gaudi-workshop-fall-2004; new/ocw.mit.edu_6-006-introduction-to-algorithms-fall-2011; new/ocw.mit.edu_6-006-introduction-to-algorithms-spring-2008
Franz Hover,1,on_rmp,strong,Franz Hover,Massachusetts Institute of Technology,Massachusetts Institute of Technology,1,Engineering,3.5,4,50.0,4.5,1050067,https://www.ratemyprofessors.com/professor/1050067,new/ocw.mit.edu_12-097-chemical-investigations-of-boston-harbor-january-iap-2006; new/ocw.mit.edu_2-004-systems-modeling-and-control-ii-fall-2007
George Barbastathis,1,on_rmp,strong,George Barbastathis,Massachusetts Institute of Technology,Massachusetts Institute of Technology,1,Engineering,2.5,4,-1.0,3.0,240949,https://www.ratemyprofessors.com/professor/240949,new/ocw.mit.edu_2-004-systems-modeling-and-control-ii-fall-2007; new/ocw.mit.edu_2-04a-systems-and-controls-spring-2013; new/ocw.mit.edu_2-71-optics-spring-2009
Kevin Wayne,1,on_rmp,strong,Kevin Wayne,Princeton University,Princeton University,1,Computer Science,5.0,4,100.0,3.8,1191110,https://www.ratemyprofessors.com/professor/1191110,algs4.cs.princeton.edu
Ren Ng,1,on_rmp,strong,Ren Ng,University of California Berkeley,University of California Berkeley,1,Computer Science,5.0,4,100.0,3.0,2135951,https://www.ratemyprofessors.com/professor/2135951,cs184.eecs.berkeley.edu_sp19
Robert Morris,1,on_rmp,strong,Robert Morris,Massachusetts Institute of Technology,Massachusetts Institute of Technology,1,Computer Science,3.5,4,80.0,2.8,121198,https://www.ratemyprofessors.com/professor/121198,new/ocw.mit.edu_6-1810-operating-system-engineering-fall-2023; new/ocw.mit.edu_6-824-distributed-computer-systems-engineering-spring-2006; new/ocw.mit.edu_6-830-database-systems-fall-2010
Sanjeev Arora,1,on_rmp,strong,Sanjeev Arora,Princeton University,Princeton University,1,Computer Science,2.5,4,-1.0,4.0,568904,https://www.ratemyprofessors.com/professor/568904,new/cs.princeton.edu_fall16_cos402
Sergey Levine,1,on_rmp,strong,Sergey Levine,University of California Berkeley,University of California Berkeley,1,Computer Science,3.8,4,50.0,3.0,2653587,https://www.ratemyprofessors.com/professor/2653587,rail.eecs.berkeley.edu_deeprlcourse
Alex Aiken,1,on_rmp,strong,Alex Aiken,Stanford University,Stanford University,1,Computer Science,1.8,3,0.0,4.3,1801550,https://www.ratemyprofessors.com/professor/1801550,web.stanford.edu_cs103_cs103.1266
Brian Subirana,1,on_rmp,strong,Brian Subirana,Massachusetts Institute of Technology,Massachusetts Institute of Technology,1,Management,3.3,3,100.0,2.0,936817,https://www.ratemyprofessors.com/professor/936817,new/ocw.mit.edu_esd-290-special-topics-in-supply-chain-management-spring-2005
James Orlin,1,on_rmp,strong,James Orlin,Massachusetts Institute of Technology,Massachusetts Institute of Technology,1,Business,4.7,3,100.0,2.3,466352,https://www.ratemyprofessors.com/professor/466352,new/ocw.mit.edu_15-053-optimization-methods-in-management-science-spring-2013; new/ocw.mit.edu_15-082j-network-optimization-fall-2010
Joel Voldman,1,on_rmp,strong,Joel Voldman,Massachusetts Institute of Technology,Massachusetts Institute of Technology,1,Engineering,3.3,3,0.0,4.0,121246,https://www.ratemyprofessors.com/professor/121246,new/ocw.mit.edu_6-777j-design-and-fabrication-of-microelectromechanical-devices-spring-2007
John Guttag,1,on_rmp,strong,John Guttag,Massachusetts Institute of Technology,Massachusetts Institute of Technology,1,Computer Science,5.0,3,100.0,3.7,1919547,https://www.ratemyprofessors.com/professor/1919547,new/ocw.mit.edu_6-0001-introduction-to-computer-science-and-programming-in-python-fall-2016; new/ocw.mit.edu_6-0002-introduction-to-computational-thinking-and-data-science-fall-2016
Joseph Sussman,1,on_rmp,strong,Joseph Sussman,Massachusetts Institute of Technology,Massachusetts Institute of Technology,1,Engineering,3.0,3,100.0,2.0,813039,https://www.ratemyprofessors.com/professor/813039,new/ocw.mit.edu_1-011-project-evaluation-spring-2011; new/ocw.mit.edu_1-201j-introduction-to-transportation-systems-fall-2006; new/ocw.mit.edu_1-212j-an-introduction-to-intelligent-transportation-systems-spring-2005
Jure Leskovec,1,on_rmp,strong,Jure Leskovec,Stanford University,Stanford University,1,Computer Science,4.7,3,-1.0,4.0,1801551,https://www.ratemyprofessors.com/professor/1801551,snap.stanford.edu_cs224w-2018; snap.stanford.edu_cs224w-2019; snap.stanford.edu_cs224w-2021
Oral Buyukozturk,1,on_rmp,strong,Oral Buyukozturk,Massachusetts Institute of Technology,Massachusetts Institute of Technology,1,Engineering,3.5,3,-1.0,2.7,344295,https://www.ratemyprofessors.com/professor/344295,new/ocw.mit.edu_1-051-structural-engineering-design-fall-2003; new/ocw.mit.edu_1-054-mechanics-and-design-of-concrete-structures-spring-2004
Piyush Rai,1,on_rmp,strong,Piyush Rai,University of Utah,,,Computer Science,4.7,3,-1.0,2.3,1615202,https://www.ratemyprofessors.com/professor/1615202,new/github.com_krushnapavan9_CS771-Introduction-to-Machine-Learning---Piyush-Rai
Regina Barzilay,1,on_rmp,strong,Regina Barzilay,Massachusetts Institute of Technology,Massachusetts Institute of Technology,1,Computer Science,1.0,3,0.0,5.0,2814706,https://www.ratemyprofessors.com/professor/2814706,new/ocw.mit.edu_6-864-advanced-natural-language-processing-fall-2005; new/ocw.mit.edu_6-892-computational-models-of-discourse-spring-2004
Robert Sedgewick,1,on_rmp,strong,Robert Sedgewick,Princeton University,Princeton University,1,Computer Science,5.0,3,100.0,4.3,2108908,https://www.ratemyprofessors.com/professor/2108908,algs4.cs.princeton.edu
Tyler Jacks,1,on_rmp,strong,Tyler Jacks,Massachusetts Institute of Technology,Massachusetts Institute of Technology,1,Biology,4.7,3,-1.0,3.3,1134538,https://www.ratemyprofessors.com/professor/1134538,new/ocw.mit.edu_7-01sc-fundamentals-of-biology-fall-2011
Abhijit Banerjee,1,on_rmp,strong,Abhijit Banerjee,Massachusetts Institute of Technology,Massachusetts Institute of Technology,1,Economics,4.8,2,-1.0,3.0,304839,https://www.ratemyprofessors.com/professor/304839,new/ocw.mit.edu_14-73-the-challenge-of-world-poverty-spring-2011
Charles Leiserson,1,on_rmp,strong,Charles Leiserson,Massachusetts Institute of Technology,Massachusetts Institute of Technology,1,Computer Science,5.0,2,-1.0,4.0,1786471,https://www.ratemyprofessors.com/professor/1786471,new/ocw.mit.edu_6-046j-introduction-to-algorithms-sma-5503-fall-2005; new/ocw.mit.edu_6-172-performance-engineering-of-software-systems-fall-2018; new/ocw.mit.edu_6-5060-algorithm-engineering-spring-2023
Gerald E. Schneider,1,on_rmp,strong,Gerald Schneider,Massachusetts Institute of Technology,Massachusetts Institute of Technology,1,Not Specified,4.0,2,-1.0,1.0,121079,https://www.ratemyprofessors.com/professor/121079,new/ocw.mit.edu_9-14-brain-structure-and-its-origins-spring-2014; new/ocw.mit.edu_9-20-animal-behavior-fall-2013
John Ochsendorf,1,on_rmp,strong,John Ochsendorf,Massachusetts Institute of Technology,Massachusetts Institute of Technology,1,Architecture,5.0,2,-1.0,2.5,137140,https://www.ratemyprofessors.com/professor/137140,new/ocw.mit.edu_1-964-design-for-sustainability-fall-2006; new/ocw.mit.edu_4-448-analysis-of-historic-structures-fall-2004; new/ocw.mit.edu_4-463-building-technologies-iii-building-structural-systems-ii-fall-2002
John Ousterhout,1,on_rmp,strong,John Ousterhout,Stanford University,Stanford University,1,Computer Science,5.0,2,100.0,3.0,1871927,https://www.ratemyprofessors.com/professor/1871927,web.stanford.edu_cs140-spring20
Kenneth Stevens,1,on_rmp,strong,Kenneth Stevens,Massachusetts Institute of Technology,Massachusetts Institute of Technology,1,Engineering,3.8,2,-1.0,2.0,121234,https://www.ratemyprofessors.com/professor/121234,new/ocw.mit.edu_6-541j-speech-communication-spring-2004; new/ocw.mit.edu_6-551j-acoustics-of-speech-and-hearing-fall-2004
Mehran Kardar,1,on_rmp,strong,Mehran Kardar,Massachusetts Institute of Technology,Massachusetts Institute of Technology,1,Physics,4.0,2,50.0,5.0,1918547,https://www.ratemyprofessors.com/professor/1918547,new/ocw.mit.edu_8-333-statistical-mechanics-i-statistical-mechanics-of-particles-fall-2013; new/ocw.mit.edu_8-334-statistical-mechanics-ii-statistical-physics-of-fields-spring-2014; new/ocw.mit.edu_8-592j-statistical-physics-in-biology-spring-2011
Min Chen,1,on_rmp,strong,Min Chen,Massachusetts Institute of Technology,Massachusetts Institute of Technology,1,Physics,3.0,2,-1.0,3.0,812008,https://www.ratemyprofessors.com/professor/812008,new/ocw.mit.edu_8-07-electromagnetism-ii-fall-2012; new/ocw.mit.edu_8-811-particle-physics-ii-fall-2005
Roger D. Kamm,1,on_rmp,strong,Roger Kamm,Massachusetts Institute of Technology,Massachusetts Institute of Technology,1,Engineering,1.8,2,0.0,3.0,1290853,https://www.ratemyprofessors.com/professor/1290853,new/ocw.mit.edu_20-410j-molecular-cellular-and-tissue-biomechanics-be-410j-spring-2003
Ronald Rivest,1,on_rmp,strong,Ronald Rivest,Massachusetts Institute of Technology,Massachusetts Institute of Technology,1,Computer Science,4.8,2,100.0,2.5,121215,https://www.ratemyprofessors.com/professor/121215,new/ocw.mit.edu_6-006-introduction-to-algorithms-spring-2008; new/ocw.mit.edu_6-857-network-and-computer-security-spring-2014
Srini Devadas,1,on_rmp,strong,Srini Devadas,Massachusetts Institute of Technology,Massachusetts Institute of Technology,1,Computer Science,5.0,2,100.0,4.0,2500018,https://www.ratemyprofessors.com/professor/2500018,new/ocw.mit.edu_6-006-introduction-to-algorithms-fall-2011; new/ocw.mit.edu_6-006-introduction-to-algorithms-spring-2008; new/ocw.mit.edu_6-046j-design-and-analysis-of-algorithms-spring-2015
Xiao-Gang Wen,1,on_rmp,strong,Xiao-Gang Wen,Massachusetts Institute of Technology,Massachusetts Institute of Technology,1,Physics,2.8,2,0.0,3.5,1095028,https://www.ratemyprofessors.com/professor/1095028,new/ocw.mit.edu_8-08-statistical-physics-ii-spring-2005; new/ocw.mit.edu_8-513-modern-quantum-many-body-physics-for-condensed-matter-systems-fall-2021
Yen-Jie Lee,1,on_rmp,strong,Yen-Jie Lee,Massachusetts Institute of Technology,Massachusetts Institute of Technology,1,Physics,4.5,2,100.0,3.5,1907037,https://www.ratemyprofessors.com/professor/1907037,new/ocw.mit.edu_8-03sc-physics-iii-vibrations-and-waves-fall-2016
Caroline Jones,1,on_rmp,strong,Caroline Jones,Massachusetts Institute of Technology,Massachusetts Institute of Technology,1,Art History,5.0,1,-1.0,5.0,1600097,https://www.ratemyprofessors.com/professor/1600097,new/ocw.mit.edu_4-602-modern-art-and-mass-culture-spring-2012; new/ocw.mit.edu_4-651-art-since-1940-fall-2010
David Perreault,1,on_rmp,strong,David Perreault,Massachusetts Institute of Technology,Massachusetts Institute of Technology,1,Engineering,5.0,1,100.0,4.0,2256500,https://www.ratemyprofessors.com/professor/2256500,new/ocw.mit.edu_6-334-power-electronics-spring-2007; new/ocw.mit.edu_6-622-power-electronics-spring-2023
David Pesetsky,1,on_rmp,strong,David Pesetsky,Massachusetts Institute of Technology,Massachusetts Institute of Technology,1,Linguistics,4.0,1,-1.0,4.0,1886130,https://www.ratemyprofessors.com/professor/1886130,new/ocw.mit.edu_24-900-introduction-to-linguistics-fall-2012
Devavrat Shah,1,on_rmp,strong,Devavrat Shah,Massachusetts Institute of Technology,Massachusetts Institute of Technology,1,Computer Science,3.0,1,100.0,3.0,2714720,https://www.ratemyprofessors.com/professor/2714720,new/ocw.mit.edu_6-438-algorithms-for-inference-fall-2014
Dimitris Bertsimas,1,on_rmp,strong,Dimitris Bertsimas,Massachusetts Institute of Technology,Massachusetts Institute of Technology,1,Management,1.0,1,0.0,5.0,2461189,https://www.ratemyprofessors.com/professor/2461189,new/ocw.mit.edu_15-071-the-analytics-edge-spring-2017; new/ocw.mit.edu_15-083j-integer-programming-and-combinatorial-optimization-fall-2009; new/ocw.mit.edu_15-093j-optimization-methods-fall-2009
Eric Schost,1,on_rmp,strong,Eric Schost,University of Waterloo,University of Waterloo,1,Computer Science,5.0,1,100.0,3.0,2392592,https://www.ratemyprofessors.com/professor/2392592,student.cs.uwaterloo.ca_cs240_s25
Hae-Seung Lee,1,on_rmp,strong,Hae-Seung Lee,Massachusetts Institute of Technology,Massachusetts Institute of Technology,1,Engineering,4.0,1,100.0,5.0,2414362,https://www.ratemyprofessors.com/professor/2414362,new/ocw.mit.edu_6-776-high-speed-communication-circuits-spring-2005
Lallit Anand,1,on_rmp,strong,Lallit Anand,Massachusetts Institute of Technology,Massachusetts Institute of Technology,1,Engineering,5.0,1,100.0,4.0,2522509,https://www.ratemyprofessors.com/professor/2522509,new/ocw.mit.edu_2-002-mechanics-and-materials-ii-spring-2004
Michael Short,1,on_rmp,strong,Michael Short,Massachusetts Institute of Technology,Massachusetts Institute of Technology,1,Engineering,5.0,1,100.0,3.0,2632346,https://www.ratemyprofessors.com/professor/2632346,new/ocw.mit.edu_22-033-nuclear-systems-design-project-fall-2011
Muhamet Yildiz,1,on_rmp,strong,Muhamet Yildiz,Massachusetts Institute of Technology,Massachusetts Institute of Technology,1,Economics,3.0,1,0.0,4.0,2158670,https://www.ratemyprofessors.com/professor/2158670,new/ocw.mit.edu_14-12-economic-applications-of-game-theory-fall-2012; new/ocw.mit.edu_14-123-microeconomic-theory-iii-spring-2015; new/ocw.mit.edu_14.126-game-theory-spring-2024
Peter Mueller,1,on_rmp,strong,Peter Mueller,Massachusetts Institute of Technology,Massachusetts Institute of Technology,1,Chemistry,4.5,1,-1.0,4.0,1626807,https://www.ratemyprofessors.com/professor/1626807,new/ocw.mit.edu_5-067-crystal-structure-refinement-fall-2009; new/ocw.mit.edu_5-069-crystal-structure-analysis-spring-2010
Sally Haslanger,1,on_rmp,strong,Sally Haslanger,Massachusetts Institute of Technology,Massachusetts Institute of Technology,1,Philosophy,5.0,1,100.0,1.0,1734202,https://www.ratemyprofessors.com/professor/1734202,new/ocw.mit.edu_24-01-classics-of-western-philosophy-spring-2016
Shuhei Ono,1,on_rmp,strong,Shuhei Ono,Massachusetts Institute of Technology,Massachusetts Institute of Technology,1,Science,1.0,1,0.0,3.0,2739640,https://www.ratemyprofessors.com/professor/2739640,new/ocw.mit.edu_12-335-experimental-atmospheric-chemistry-fall-2014
Silvio Micali,1,on_rmp,strong,Silvio Micali,Massachusetts Institute of Technology,Massachusetts Institute of Technology,1,Computer Science,5.0,1,-1.0,1.0,1668253,https://www.ratemyprofessors.com/professor/1668253,new/ocw.mit.edu_6-876j-advanced-topics-in-cryptography-spring-2003
Simon Johnson,1,on_rmp,strong,Simon Johnson,Massachusetts Institute of Technology,Massachusetts Institute of Technology,1,Management,5.0,1,-1.0,4.0,2091321,https://www.ratemyprofessors.com/professor/2091321,new/ocw.mit.edu_15-015-macro-and-international-economics-fall-2011; new/ocw.mit.edu_15-223-global-markets-national-politics-and-the-competitive-advantage-of-firms-fall-2011
Troy Van Voorhis,1,on_rmp,strong,Troy Van Voorhis,Massachusetts Institute of Technology,Massachusetts Institute of Technology,1,Chemistry,5.0,1,-1.0,3.0,2080416,https://www.ratemyprofessors.com/professor/2080416,new/ocw.mit.edu_5-61-physical-chemistry-fall-2007; new/ocw.mit.edu_5-73-introductory-quantum-mechanics-i-fall-2005
Yasheng Huang,1,on_rmp,strong,Yasheng Huang,Massachusetts Institute of Technology,Massachusetts Institute of Technology,1,Business,5.0,1,-1.0,5.0,1834258,https://www.ratemyprofessors.com/professor/1834258,new/ocw.mit.edu_15-225-economy-and-business-in-modern-china-and-india-spring-2008
Yury Polyanskiy,1,on_rmp,strong,Yury Polyanskiy,Massachusetts Institute of Technology,Massachusetts Institute of Technology,1,Information Science,5.0,1,-1.0,5.0,2016672,https://www.ratemyprofessors.com/professor/2016672,new/ocw.mit.edu_6-436j-fundamentals-of-probability-fall-2018; new/ocw.mit.edu_6-441-information-theory-spring-2016
Ahmed F. Ghoniem,1,on_rmp,strong,Ahmed Ghoniem,Massachusetts Institute of Technology,Massachusetts Institute of Technology,1,Engineering,0.0,0,-1.0,0.0,133620,https://www.ratemyprofessors.com/professor/133620,new/ocw.mit.edu_2-60j-fundamentals-of-advanced-energy-conversion-spring-2020
Anjali Sastry,1,on_rmp,strong,Anjali Sastry,Massachusetts Institute of Technology,Massachusetts Institute of Technology,1,Business,0.0,0,-1.0,0.0,1768785,https://www.ratemyprofessors.com/professor/1768785,new/ocw.mit.edu_15-232-business-model-innovation-global-health-in-frontier-markets-fall-2013
Armando Solar-Lezama,1,on_rmp,strong,Armando Solar-Lezama,Massachusetts Institute of Technology,Massachusetts Institute of Technology,1,Computer Science,0.0,0,-1.0,0.0,2624787,https://www.ratemyprofessors.com/professor/2624787,new/ocw.mit.edu_6-820-fundamentals-of-program-analysis-fall-2015
Barbara Imperiali,1,on_rmp,strong,Barbara Imperiali,Massachusetts Institute of Technology,Massachusetts Institute of Technology,1,Biology,0.0,0,-1.0,0.0,2335782,https://www.ratemyprofessors.com/professor/2335782,new/ocw.mit.edu_5-12-organic-chemistry-i-spring-2003
Bengt Holmstrom,1,on_rmp,strong,Bengt Holmstrom,Massachusetts Institute of Technology,Massachusetts Institute of Technology,1,Economics,0.0,0,-1.0,0.0,2205634,https://www.ratemyprofessors.com/professor/2205634,new/ocw.mit.edu_14-124-microeconomic-theory-iv-spring-2017
Bruce Tidor,1,on_rmp,strong,Bruce Tidor,Massachusetts Institute of Technology,Massachusetts Institute of Technology,1,Computer Science,0.0,0,-1.0,0.0,2789144,https://www.ratemyprofessors.com/professor/2789144,new/ocw.mit.edu_6-046j-design-and-analysis-of-algorithms-spring-2012
Charles Cooney,1,on_rmp,strong,Charles Cooney,Massachusetts Institute of Technology,Massachusetts Institute of Technology,1,Engineering,0.0,0,-1.0,0.0,2568278,https://www.ratemyprofessors.com/professor/2568278,new/ocw.mit.edu_10-445-separation-processes-for-biochemical-products-summer-2005; new/ocw.mit.edu_15-136j-principles-and-practice-of-drug-development-fall-2013
Darrell Irvine,1,on_rmp,strong,Darrell Irvine,Massachusetts Institute of Technology,Massachusetts Institute of Technology,1,Engineering,0.0,0,-1.0,0.0,2774023,https://www.ratemyprofessors.com/professor/2774023,new/ocw.mit.edu_3-012-fundamentals-of-materials-science-fall-2005
David Sontag,1,on_rmp,strong,David Sontag,Massachusetts Institute of Technology,Massachusetts Institute of Technology,1,Computer Science,0.0,0,-1.0,0.0,2553335,https://www.ratemyprofessors.com/professor/2553335,new/ocw.mit.edu_6-s897-machine-learning-for-healthcare-spring-2019
Edward Boyden,1,on_rmp,strong,Edward Boyden,Massachusetts Institute of Technology,Massachusetts Institute of Technology,1,Science,0.0,0,-1.0,0.0,2388921,https://www.ratemyprofessors.com/professor/2388921,new/ocw.mit.edu_9-123-neurotechnology-in-action-fall-2014
Elad Hazan,1,on_rmp,strong,Elad Hazan,Princeton University,Princeton University,1,Computer Science,0.0,0,-1.0,0.0,3143604,https://www.ratemyprofessors.com/professor/3143604,new/cs.princeton.edu_fall16_cos402
Eytan Modiano,1,on_rmp,strong,Eytan Modiano,Massachusetts Institute of Technology,Massachusetts Institute of Technology,1,Engineering,0.0,0,-1.0,0.0,2790627,https://www.ratemyprofessors.com/professor/2790627,new/ocw.mit.edu_6-263j-data-communication-networks-fall-2002
Fredrik Kjolstad,1,on_rmp,strong,Fredrik Kjolstad,Stanford University,Stanford University,1,Computer Science,0.0,0,-1.0,0.0,2583830,https://www.ratemyprofessors.com/professor/2583830,web.stanford.edu_cs143
Hari Balakrishnan,1,on_rmp,strong,Hari Balakrishnan,Massachusetts Institute of Technology,Massachusetts Institute of Technology,1,Computer Science,0.0,0,-1.0,0.0,2292029,https://www.ratemyprofessors.com/professor/2292029,new/ocw.mit.edu_6-02-introduction-to-eecs-ii-digital-communication-systems-fall-2012; new/ocw.mit.edu_6-829-computer-networks-fall-2002
Ian Condry,1,on_rmp,strong,Ian Condry,Massachusetts Institute of Technology,Massachusetts Institute of Technology,1,Anthropology,0.0,0,-1.0,0.0,2475165,https://www.ratemyprofessors.com/professor/2475165,new/ocw.mit.edu_21g-067j-cultural-performances-of-asia-fall-2005
Jinhua Zhao,1,on_rmp,strong,Jinhua Zhao,Massachusetts Institute of Technology,Massachusetts Institute of Technology,1,Engineering,0.0,0,-1.0,0.0,2975950,https://www.ratemyprofessors.com/professor/2975950,new/ocw.mit.edu_11-s945-urbanizing-china-a-reflective-dialogue-fall-2013
Joshua Angrist,1,on_rmp,strong,Joshua Angrist,Massachusetts Institute of Technology,Massachusetts Institute of Technology,1,Economics,0.0,0,-1.0,0.0,2677897,https://www.ratemyprofessors.com/professor/2677897,new/ocw.mit.edu_14-387-applied-econometrics-mostly-harmless-big-data-fall-2014; new/ocw.mit.edu_14-661-labor-economics-i-fall-2017; new/ocw.mit.edu_14-661-labor-economics-i-fall-2024
Krystyn van Vliet,1,on_rmp,strong,Krystyn Van Vliet,Massachusetts Institute of Technology,Massachusetts Institute of Technology,1,Engineering,0.0,0,-1.0,0.0,2346307,https://www.ratemyprofessors.com/professor/2346307,new/ocw.mit.edu_3-032-mechanical-behavior-of-materials-fall-2007
Leona Samson,1,on_rmp,strong,Leona Samson,Massachusetts Institute of Technology,Massachusetts Institute of Technology,1,Biology,0.0,0,-1.0,0.0,1892644,https://www.ratemyprofessors.com/professor/1892644,new/ocw.mit.edu_7-03-genetics-fall-2004
Lizhong Zheng,1,on_rmp,strong,Lizhong Zheng,Massachusetts Institute of Technology,Massachusetts Institute of Technology,1,Engineering,0.0,0,-1.0,0.0,2705413,https://www.ratemyprofessors.com/professor/2705413,new/ocw.mit.edu_6-450-principles-of-digital-communications-i-fall-2006
Manolis Kellis,1,on_rmp,strong,Manolis Kellis,Massachusetts Institute of Technology,Massachusetts Institute of Technology,1,Engineering,0.0,0,-1.0,0.0,3133430,https://www.ratemyprofessors.com/professor/3133430,new/ocw.mit.edu_6-092-bioinformatics-and-proteomics-january-iap-2005; new/ocw.mit.edu_6-096-algorithms-for-computational-biology-spring-2005
Markus Buehler,1,on_rmp,strong,Markus Buehler,Massachusetts Institute of Technology,Massachusetts Institute of Technology,1,Engineering,0.0,0,-1.0,0.0,1616535,https://www.ratemyprofessors.com/professor/1616535,new/ocw.mit.edu_1-050-engineering-mechanics-i-fall-2007; new/ocw.mit.edu_1-978-from-nano-to-macro-introduction-to-atomistic-modeling-techniques-january-iap-2007; new/ocw.mit.edu_3-021j-introduction-to-modeling-and-simulation-spring-2012
Martin Bazant,1,on_rmp,strong,Martin Bazant,Massachusetts Institute of Technology,Massachusetts Institute of Technology,1,Mathematics,0.0,0,-1.0,0.0,2462266,https://www.ratemyprofessors.com/professor/2462266,new/ocw.mit.edu_10-626-electrochemical-energy-systems-spring-2014
Michale Fee,1,on_rmp,strong,Michale Fee,Massachusetts Institute of Technology,Massachusetts Institute of Technology,1,Biology,0.0,0,-1.0,0.0,2661168,https://www.ratemyprofessors.com/professor/2661168,new/ocw.mit.edu_9-40-introduction-to-neural-computation-spring-2018
Nancy Kanwisher,1,on_rmp,strong,nancy kanwisher,Massachusetts Institute of Technology,Massachusetts Institute of Technology,1,Social Science,0.0,0,-1.0,0.0,3012119,https://www.ratemyprofessors.com/professor/3012119,new/ocw.mit.edu_9-13-the-human-brain-spring-2019
Nickolai Zeldovich,1,on_rmp,strong,Nickolai Zeldovich,Massachusetts Institute of Technology,Massachusetts Institute of Technology,1,Computer Science,0.0,0,-1.0,0.0,2206932,https://www.ratemyprofessors.com/professor/2206932,new/ocw.mit.edu_6-858-computer-systems-security-fall-2014
Paul Osterman,1,on_rmp,strong,Paul Osterman,Massachusetts Institute of Technology,Massachusetts Institute of Technology,1,Economics,0.0,0,-1.0,0.0,1870608,https://www.ratemyprofessors.com/professor/1870608,new/ocw.mit.edu_15-677j-urban-labor-markets-and-employment-policy-spring-2005
Polina Anikeeva,1,on_rmp,strong,Polina Anikeeva,Massachusetts Institute of Technology,Massachusetts Institute of Technology,1,Science,0.0,0,-1.0,0.0,3080742,https://www.ratemyprofessors.com/professor/3080742,new/ocw.mit.edu_3-024-electronic-optical-and-magnetic-properties-of-materials-spring-2013
Rebecca Richards-Kortum,1,on_rmp,strong,Rebecca Richards-Kortum,Rice University,,,Engineering,0.0,0,-1.0,0.0,1106636,https://www.ratemyprofessors.com/professor/1106636,new/owlnet.rice.edu_bioe301
Taylor Perron,1,on_rmp,strong,Taylor Perron,Massachusetts Institute of Technology,Massachusetts Institute of Technology,1,Geology,0.0,0,-1.0,0.0,1560402,https://www.ratemyprofessors.com/professor/1560402,new/ocw.mit.edu_12-001-introduction-to-geology-fall-2013
Thomas Eagar,1,on_rmp,strong,Thomas Eagar,Massachusetts Institute of Technology,Massachusetts Institute of Technology,1,Engineering,0.0,0,-1.0,0.0,2669923,https://www.ratemyprofessors.com/professor/2669923,new/ocw.mit.edu_3-205-thermodynamics-and-kinetics-of-materials-fall-2006; new/ocw.mit.edu_3-37-welding-and-joining-processes-fall-2002
Tommi Jaakkola,1,on_rmp,strong,Tommi Jaakkola,Massachusetts Institute of Technology,Massachusetts Institute of Technology,1,Computer Science,0.0,0,-1.0,0.0,2903207,https://www.ratemyprofessors.com/professor/2903207,new/ocw.mit.edu_6-867-machine-learning-fall-2006; new/ocw.mit.edu_7-90j-computational-functional-genomics-spring-2005
Whitney Newey,1,on_rmp,strong,Whitney Newey,Massachusetts Institute of Technology,Massachusetts Institute of Technology,1,Economics,0.0,0,-1.0,0.0,2522400,https://www.ratemyprofessors.com/professor/2522400,new/ocw.mit.edu_14-385-nonlinear-econometric-analysis-fall-2007
Jung-Hoon Chun,0,review,surname,Chun Wong,College of the Desert (all campuses),Massachusetts Institute of Technology,0,Health Science,4.6,1168,95.124,2.9,2271156,https://www.ratemyprofessors.com/professor/2271156,new/ocw.mit.edu_2-008-design-and-manufacturing-ii-spring-2025; new/ocw.mit.edu_2-96-management-in-engineering-fall-2012
Berthold Horn,0,review,surname,Wayne Horn,Carleton University,Massachusetts Institute of Technology,0,Statistics,4.4,493,75.8364,2.5,893853,https://www.ratemyprofessors.com/professor/893853,new/ocw.mit.edu_6-801-machine-vision-fall-2004; new/ocw.mit.edu_6-801-machine-vision-fall-2020
Lorlene Hoyt,0,review,surname,Lenore Hoyt,University of Louisville,Massachusetts Institute of Technology,0,Chemistry,2.3,426,26.087,4.0,928769,https://www.ratemyprofessors.com/professor/928769,new/ocw.mit.edu_11-204-planning-communications-and-digital-media-fall-2004; new/ocw.mit.edu_11-208-introduction-to-computers-in-public-management-ii-january-iap-2002; new/ocw.mit.edu_11-422-downtown-management-organizations-fall-2006
Eunjee Lee,0,review,surname,Joshua Lee,Grand Canyon University,Massachusetts Institute of Technology,0,Criminal Justice,4.9,340,99.7067,2.9,1913402,https://www.ratemyprofessors.com/professor/1913402,new/ocw.mit.edu_15-023j-global-climate-change-economics-science-and-policy-spring-2008
Taesik Lee,0,review,surname,Joshua Lee,Grand Canyon University,Massachusetts Institute of Technology,0,Criminal Justice,4.9,340,99.7067,2.9,1913402,https://www.ratemyprofessors.com/professor/1913402,new/ocw.mit.edu_2-882-system-design-and-analysis-based-on-ad-and-complexity-theories-spring-2005
Tunney Lee,0,review,surname,Joshua Lee,Grand Canyon University,Massachusetts Institute of Technology,0,Criminal Justice,4.9,340,99.7067,2.9,1913402,https://www.ratemyprofessors.com/professor/1913402,new/ocw.mit.edu_11-952-foshan-china-workshop-spring-2004
Nilanjan Chatterjee,0,review,surname,Sumitava Chatterjee,Northern Virginia Community College (all campuses),Massachusetts Institute of Technology,0,Mathematics,3.3,299,43.5897,3.7,1559894,https://www.ratemyprofessors.com/professor/1559894,new/ocw.mit.edu_12-119-analytical-techniques-for-studying-environmental-and-geologic-samples-spring-2011; new/ocw.mit.edu_12-141-electron-microprobe-analysis-january-iap-2012
Ole Madsen,0,review,surname,Grant Madsen,Brigham Young University,Massachusetts Institute of Technology,0,History,4.2,240,72.1311,3.8,1676771,https://www.ratemyprofessors.com/professor/1676771,new/ocw.mit.edu_1-060-engineering-mechanics-ii-spring-2006
Sajan Saini,0,review,surname,Amit Saini,University of Nevada - Reno,Massachusetts Institute of Technology,0,Mathematics,4.5,231,82.6087,2.3,946589,https://www.ratemyprofessors.com/professor/946589,new/ocw.mit.edu_3-46-photonic-materials-and-devices-spring-2006
Pushpak Bhattacharyya,0,review,surname,Nabanita Bhattacharyya,Louisiana State University,IIT Bombay,0,Biology,4.4,203,78.6408,2.7,2514622,https://www.ratemyprofessors.com/professor/2514622,new/cfilt.iitb.ac.in_cs772_2024; new/cse.iitb.ac.in_cs626_2024
Jeffrey H. Lang,0,name_collision,strong,Jeffrey Lang,University of Kansas,Massachusetts Institute of Technology,0,Mathematics,4.6,195,88.6792,1.8,1244467,https://www.ratemyprofessors.com/professor/1244467,new/ocw.mit.edu_6-007-electromagnetic-energy-from-motors-to-lasers-spring-2011
Yu-Hung Hong,0,review,surname,Russell Hong,De Anza College,Massachusetts Institute of Technology,0,Speech Communication,4.9,193,94.898,1.6,1075560,https://www.ratemyprofessors.com/professor/1075560,new/ocw.mit.edu_11-952-foshan-china-workshop-spring-2004
Alethia Jones,0,review,surname,Timothy Jones,Bellevue College,Massachusetts Institute of Technology,0,Political Science,3.4,189,48.5075,3.6,893565,https://www.ratemyprofessors.com/professor/893565,new/ocw.mit.edu_11-947-race-immigration-and-planning-spring-2005
John Williams,0,name_collision,strong,John Williams,Loyola University Chicago,Massachusetts Institute of Technology,0,Political Science,4.3,180,100.0,2.8,75542,https://www.ratemyprofessors.com/professor/75542,new/ocw.mit.edu_esd-290-special-topics-in-supply-chain-management-spring-2005
Nancy Lynch,0,name_collision,strong,Nancy Lynch,West Virginia University,Massachusetts Institute of Technology,0,Accounting,3.4,177,49.0196,3.6,364057,https://www.ratemyprofessors.com/professor/364057,new/ocw.mit.edu_6-046j-design-and-analysis-of-algorithms-spring-2015; new/ocw.mit.edu_6-852j-distributed-algorithms-fall-2009
Dierdre Toole,0,review,surname,Rebecca Toole,Valencia College - East and West Campus,Massachusetts Institute of Technology,0,English,4.5,175,85.7143,2.8,1540146,https://www.ratemyprofessors.com/professor/1540146,new/ocw.mit.edu_12-742-marine-chemistry-fall-2006
Ali Mohammad,0,name_collision,strong,Mohammad Ali,Macomb Community College (all campuses),Massachusetts Institute of Technology,0,Economics,4.0,163,85.1852,3.3,775907,https://www.ratemyprofessors.com/professor/775907,new/ocw.mit.edu_6-867-machine-learning-fall-2006
Ian Ball,0,name_collision,strong,Ian Ball,University of San Diego,Massachusetts Institute of Technology,0,Chemistry,2.9,160,44.2105,4.0,1058869,https://www.ratemyprofessors.com/professor/1058869,new/ocw.mit.edu_14-12-economic-applications-of-game-theory-fall-2025
Henry Jacoby,0,name_collision,strong,Henry Jacoby,East Carolina University,Massachusetts Institute of Technology,0,Philosophy,3.0,156,37.931,3.8,1342041,https://www.ratemyprofessors.com/professor/1342041,new/ocw.mit.edu_15-023j-global-climate-change-economics-science-and-policy-spring-2008
Jianshu Cao,0,review,surname,Tuan Cao,University of North Carolina at Charlotte,Massachusetts Institute of Technology,0,Biology,2.7,156,37.6923,4.3,567115,https://www.ratemyprofessors.com/professor/567115,new/ocw.mit.edu_5-72-non-equilibrium-statistical-mechanics-spring-2012
Saikat Dutta,0,review,surname,Shamita Dutta Gupta,Pace University (all),Cornell University,0,Mathematics,2.4,154,12.3077,3.8,19225,https://www.ratemyprofessors.com/professor/19225,cs.cornell.edu_cs5150_2026sp
Brynmor Chapman,0,review,surname,Brant Chapman,Bergen Community College,Massachusetts Institute of Technology,0,Chemistry,2.7,153,23.7288,3.8,445579,https://www.ratemyprofessors.com/professor/445579,new/ocw.mit.edu_6-1200j-mathematics-for-computer-science-spring-2024
Daniel Weller,0,name_collision,strong,Daniel Weller,University of Michigan,Massachusetts Institute of Technology,0,Physics,4.7,136,93.4307,2.8,3071085,https://www.ratemyprofessors.com/professor/3071085,new/ocw.mit.edu_6-087-practical-programming-in-c-january-iap-2010
Neema Nassir,0,review,surname,Mike Nassir,University of Hawaii at Manoa,Massachusetts Institute of Technology,0,Physics,4.2,136,63.0435,2.7,204109,https://www.ratemyprofessors.com/professor/204109,new/ocw.mit.edu_1-258j-public-transportation-systems-spring-2017
David Burke,0,name_collision,strong,David Burke,Auburn University,Massachusetts Institute of Technology,0,History,2.8,133,42.5,3.6,471769,https://www.ratemyprofessors.com/professor/471769,new/ocw.mit.edu_2-082-ship-structural-analysis-design-13-122-spring-2003
Jeehwan Kim,0,review,surname,Kim Owens,Mott Community College,Massachusetts Institute of Technology,0,English,4.6,132,92.5926,2.6,408938,https://www.ratemyprofessors.com/professor/408938,new/ocw.mit.edu_2-674-micro-nano-engineering-laboratory-spring-2016
Prerna Ravi,0,review,surname,Ravi Kalia,City College of New York,Massachusetts Institute of Technology,0,History,2.7,117,39.4737,3.1,389343,https://www.ratemyprofessors.com/professor/389343,new/ocw.mit.edu_6-s062-generative-artificial-intelligence-in-k12-education-fall-2023
Eunsuk Kang,0,review,surname,Minchul Kang,Texas A&M University at College Station,Massachusetts Institute of Technology,0,Mathematics,2.3,116,26.7241,3.6,2962261,https://www.ratemyprofessors.com/professor/2962261,new/ocw.mit.edu_6-088-introduction-to-c-memory-management-and-c-object-oriented-programming-january-iap-2010
Peter Stone,0,name_collision,strong,Peter Stone,Creighton University,Massachusetts Institute of Technology,0,Chemistry,4.7,115,93.6508,3.5,1625397,https://www.ratemyprofessors.com/professor/1625397,new/ocw.mit.edu_12-812-general-circulation-of-the-earths-atmosphere-fall-2005
Subra Suresh,0,review,surname,Suresh Borkar,Illinois Institute of Technology,Massachusetts Institute of Technology,0,Electrical Engineering,3.1,109,56.7568,4.1,915150,https://www.ratemyprofessors.com/professor/915150,new/ocw.mit.edu_3-35-fracture-and-fatigue-fall-2003
Henrik Schmidt,0,review,surname,Buffie Schmidt,University of South Carolina,Massachusetts Institute of Technology,0,Management,2.1,105,27.3585,3.0,2528768,https://www.ratemyprofessors.com/professor/2528768,new/ocw.mit.edu_2-001-mechanics-materials-i-fall-2006; new/ocw.mit.edu_2-067-advanced-structural-dynamics-and-acoustics-13-811-spring-2004; new/ocw.mit.edu_2-068-computational-ocean-acoustics-13-853-spring-2003
Randall Davis,0,name_collision,strong,Randall Davis,Jacksonville State University,Massachusetts Institute of Technology,0,English,2.8,105,28.8462,3.9,243182,https://www.ratemyprofessors.com/professor/243182,new/ocw.mit.edu_6-871-knowledge-based-applications-systems-spring-2005; new/ocw.mit.edu_6-s062-generative-artificial-intelligence-in-k12-education-fall-2023
Stephen Boyd,0,name_collision,strong,Stephen Boyd,University of Texas at San Antonio,Massachusetts Institute of Technology,0,History,3.5,103,0.0,2.7,156693,https://www.ratemyprofessors.com/professor/156693,new/ocw.mit.edu_6-079-introduction-to-convex-optimization-fall-2009
Marilyne Andersen,0,review,surname,Allen Andersen,San Diego Miramar College,Massachusetts Institute of Technology,0,English,3.1,101,45.9459,3.4,644749,https://www.ratemyprofessors.com/professor/644749,new/ocw.mit.edu_4-401-introduction-to-building-technology-spring-2006; new/ocw.mit.edu_4-493-natural-light-in-design-january-iap-2006
Joseph Doyle,0,name_collision,strong,Joseph Doyle,Bridgewater State University,Massachusetts Institute of Technology,0,Geology,4.7,97,100.0,1.8,356944,https://www.ratemyprofessors.com/professor/356944,new/ocw.mit.edu_15-010-economic-analysis-for-business-decisions-fall-2004
Kevin Burke,0,name_collision,strong,Kevin Burke,University of Delaware,Massachusetts Institute of Technology,0,English,4.0,96,80.8511,2.3,84906,https://www.ratemyprofessors.com/professor/84906,new/ocw.mit.edu_12-453-crosby-lectures-in-geology-history-of-africa-fall-2005
Geza Kovacs,0,review,surname,Dalila Kovacs,Grand Valley State University,Massachusetts Institute of Technology,0,Chemistry,2.9,93,35.1351,4.1,239154,https://www.ratemyprofessors.com/professor/239154,new/ocw.mit.edu_6-096-introduction-to-c-january-iap-2011
Ain Sonin,0,review,surname,Isaac Sonin,University of North Carolina at Charlotte,Massachusetts Institute of Technology,0,Mathematics,2.2,92,10.0,4.1,78959,https://www.ratemyprofessors.com/professor/78959,new/ocw.mit.edu_2-27-turbulent-flow-and-transport-spring-2002
Michael Collins,0,name_collision,strong,Michael Collins,University of Toronto - St. George Campus,Massachusetts Institute of Technology,0,Engineering,4.0,92,60.0,3.5,24179,https://www.ratemyprofessors.com/professor/24179,new/ocw.mit.edu_6-864-advanced-natural-language-processing-fall-2005
John Carroll,0,name_collision,strong,John Carroll,San Diego State University,Massachusetts Institute of Technology,0,Computer Science,4.0,90,56.6667,4.1,3105,https://www.ratemyprofessors.com/professor/3105,new/ocw.mit.edu_15-063-communicating-with-data-summer-2003
Yizhou Sun,0,review,surname,Wei Sun,Grand Valley State University,UCLA,0,Economics,3.5,90,78.0,2.7,739669,https://www.ratemyprofessors.com/professor/739669,web.cs.ucla.edu_2021Fall_CS145
Chris Hill,0,name_collision,strong,Chris Hill,University of Tennessee at Martin,Massachusetts Institute of Technology,0,English,4.6,89,94.1176,2.9,755828,https://www.ratemyprofessors.com/professor/755828,new/ocw.mit.edu_12-010-computational-methods-of-scientific-programming-fall-2011; new/ocw.mit.edu_12-010-computational-methods-of-scientific-programming-fall-2024
James Lynch,0,name_collision,strong,James Lynch,Brooklyn College,Massachusetts Institute of Technology,0,Business,4.6,88,91.3043,2.1,1116150,https://www.ratemyprofessors.com/professor/1116150,new/ocw.mit.edu_2-682-acoustical-oceanography-spring-2012
Matthew Evans,0,name_collision,strong,Matthew Evans,University of Wisconsin - Eau Claire,Massachusetts Institute of Technology,0,Physics & Astronomy,4.6,88,93.5484,3.3,514898,https://www.ratemyprofessors.com/professor/514898,new/ocw.mit.edu_8-04-quantum-physics-i-spring-2013; new/ocw.mit.edu_8-223-classical-mechanics-ii-january-iap-2017
Allison Chang,0,name_collision,strong,Allison Chang,Palomar College,Massachusetts Institute of Technology,0,Chemistry,2.3,87,14.2857,3.6,608141,https://www.ratemyprofessors.com/professor/608141,new/ocw.mit.edu_15-075j-statistical-thinking-and-data-analysis-fall-2011
Aude Oliva,0,review,surname,Javier Oliva,University of Texas at San Antonio,Massachusetts Institute of Technology,0,Political Science,3.9,86,67.8571,2.4,52909,https://www.ratemyprofessors.com/professor/52909,new/ocw.mit.edu_9-459-scene-understanding-symposium-spring-2006; new/ocw.mit.edu_9-63-laboratory-in-visual-cognition-fall-2009
Frédo Durand,0,review,surname,Dina Durand,Broward College (all campuses),Massachusetts Institute of Technology,0,Business,4.4,86,87.6923,2.8,1624911,https://www.ratemyprofessors.com/professor/1624911,new/ocw.mit.edu_6-837-computer-graphics-fall-2012
Niels Holten-Andersen,0,name_collision,strong,Niels Andersen,University of Washington,Massachusetts Institute of Technology,0,Chemistry,3.2,86,28.5714,4.4,535790,https://www.ratemyprofessors.com/professor/535790,new/ocw.mit.edu_3-024-electronic-optical-and-magnetic-properties-of-materials-spring-2013
Ceasar McDowell,0,review,surname,Eric McDowell,Cal Poly Pomona,Massachusetts Institute of Technology,0,Engineering,2.2,84,35.3659,2.7,1927622,https://www.ratemyprofessors.com/professor/1927622,new/ocw.mit.edu_11-945-katrina-practicum-spring-2006; new/ocw.mit.edu_11-945-springfield-studio-fall-2005; new/ocw.mit.edu_11-965-reflective-practice-an-approach-for-expanding-your-learning-frontiers-january-iap-2007
Raffaele Ferrari,0,review,surname,Pietro Ferrari,George Brown College,Massachusetts Institute of Technology,0,Architecture,4.5,84,81.8182,3.8,555395,https://www.ratemyprofessors.com/professor/555395,new/ocw.mit.edu_12-808-introduction-to-observational-physical-oceanography-fall-2004; new/ocw.mit.edu_12-820-turbulence-in-the-ocean-and-atmosphere-spring-2006; new/ocw.mit.edu_12-820-turbulence-in-the-ocean-and-atmosphere-spring-2007
Aseem Kishore,0,review,surname,Kishore Chidella,University of Nevada Las Vegas,Massachusetts Institute of Technology,0,Computer Science,3.4,83,59.5238,3.4,2525703,https://www.ratemyprofessors.com/professor/2525703,new/ocw.mit.edu_6-189-a-gentle-introduction-to-programming-using-python-january-iap-2008
Barbara Cutler,0,name_collision,strong,Barbara Cutler,Rensselaer Polytechnic Institute,Massachusetts Institute of Technology,0,Computer Science,3.3,83,43.75,4.2,804854,https://www.ratemyprofessors.com/professor/804854,new/ocw.mit.edu_4-491-form-finding-and-structural-optimization-gaudi-workshop-fall-2004
Sharat Chandran,0,review,surname,Anupama Chandran,College of the Canyons,IIT Bombay,0,Mathematics,4.4,82,81.9672,2.7,1913526,https://www.ratemyprofessors.com/professor/1913526,new/cse.iitb.ac.in_CS763_Spring2016
Safinah Ali,0,review,surname,Bambang Ali Basyah Sarif,Douglas College,Massachusetts Institute of Technology,0,Computer Science,2.3,79,31.25,4.2,2207309,https://www.ratemyprofessors.com/professor/2207309,new/ocw.mit.edu_6-s062-generative-artificial-intelligence-in-k12-education-fall-2023
Karilyn Crockett,0,review,surname,April Crockett,Tennessee Tech University,Massachusetts Institute of Technology,0,Computer Science,4.5,78,88.7097,2.6,1421182,https://www.ratemyprofessors.com/professor/1421182,new/ocw.mit.edu_11-s945-equity-inclusion-local-policy-driven-strategies-for-economic-development-the-just-city-spring-2019
Min-Min Liang,0,review,surname,Yiheng Liang,University of Georgia,Massachusetts Institute of Technology,0,Computer Science,2.3,78,33.3333,3.6,2704608,https://www.ratemyprofessors.com/professor/2704608,new/ocw.mit.edu_21g-107-chinese-i-streamlined-fall-2014
William Mitchell,0,name_collision,strong,William Mitchell,Ramapo College of New Jersey,Massachusetts Institute of Technology,0,Biology,2.8,78,40.0,3.2,279189,https://www.ratemyprofessors.com/professor/279189,new/ocw.mit.edu_11-947-new-century-cities-real-estate-digital-technology-and-design-fall-2004; new/ocw.mit.edu_4-285-research-topics-in-architecture-citizen-centered-design-of-open-governance-systems-fall-2002
William Green,0,name_collision,strong,William Green,Salt Lake Community College,Massachusetts Institute of Technology,0,Biology,4.3,76,72.7273,3.3,1505574,https://www.ratemyprofessors.com/professor/1505574,new/ocw.mit.edu_10-34-numerical-methods-applied-to-chemical-engineering-fall-2015; new/ocw.mit.edu_10-37-chemical-and-biological-reaction-engineering-spring-2007
Edward Boyle,0,name_collision,strong,Edward  Boyle,California State University Fresno,Massachusetts Institute of Technology,0,Health Science,3.6,74,68.5714,3.0,2088747,https://www.ratemyprofessors.com/professor/2088747,new/ocw.mit.edu_12-119-analytical-techniques-for-studying-environmental-and-geologic-samples-spring-2011; new/ocw.mit.edu_12-740-paleoceanography-spring-2008; new/ocw.mit.edu_12-842-climate-physics-and-chemistry-fall-2008
Robert Miller,0,name_collision,strong,Robert Miller,Florida International University,Massachusetts Institute of Technology,0,Chemistry,3.8,72,68.0556,3.6,2614841,https://www.ratemyprofessors.com/professor/2614841,new/ocw.mit.edu_6-005-elements-of-software-construction-fall-2008; new/ocw.mit.edu_6-811-principles-and-practice-of-assistive-technology-fall-2014; new/ocw.mit.edu_6-831-user-interface-design-and-implementation-spring-2011
Martin Schmidt,0,name_collision,strong,Martin Schmidt,College of William and Mary,Massachusetts Institute of Technology,0,Economics,3.1,70,54.1667,2.7,533990,https://www.ratemyprofessors.com/professor/533990,new/ocw.mit.edu_6-152j-micro-nano-processing-technology-fall-2005
William Martin,0,name_collision,strong,William Martin,Binghamton University (SUNY),Massachusetts Institute of Technology,0,Sociology,4.0,70,80.0,2.8,195650,https://www.ratemyprofessors.com/professor/195650,new/ocw.mit.edu_12-742-marine-chemistry-fall-2006
Tri Dao,0,review,surname,Dao Vo,Fullerton College,Carnegie Mellon University,0,Mathematics,3.7,69,63.0769,3.4,1976532,https://www.ratemyprofessors.com/professor/1976532,dlsyscourse.org
Gilles Saint-Paul,0,name_collision,strong,Paul Gilles,University of North Carolina at Charlotte,Massachusetts Institute of Technology,0,Accounting,2.7,67,46.2687,3.7,2174839,https://www.ratemyprofessors.com/professor/2174839,new/ocw.mit.edu_14-462-advanced-macroeconomics-ii-spring-2004
Diane Davis,0,name_collision,strong,Diane Davis,Johnson County Community College,Massachusetts Institute of Technology,0,English,4.4,66,83.7209,3.0,1278761,https://www.ratemyprofessors.com/professor/1278761,new/ocw.mit.edu_11-201-gateway-planning-action-fall-2002
Bishwapriya Sanyal,0,review,surname,Arundhati Sanyal,Seton Hall University,Massachusetts Institute of Technology,0,English,2.7,65,60.0,3.4,35991,https://www.ratemyprofessors.com/professor/35991,new/ocw.mit.edu_11-201-gateway-to-the-profession-of-planning-fall-2010; new/ocw.mit.edu_ec-701j-d-lab-i-development-fall-2009
David McGee,0,name_collision,strong,David McGee,Central Virginia Community College,Massachusetts Institute of Technology,0,History,3.2,63,8.3333,3.7,232961,https://www.ratemyprofessors.com/professor/232961,new/ocw.mit.edu_12-340-global-warming-science-spring-2012; new/ocw.mit.edu_12-340x-global-warming-science-spring-2020
Yuming Liu,0,review,surname,Zenghui Liu,Western Washington University,Massachusetts Institute of Technology,0,Accounting,4.0,63,71.4286,3.0,2051739,https://www.ratemyprofessors.com/professor/2051739,new/ocw.mit.edu_2-019-design-of-ocean-systems-spring-2011
Dmitry Panchenko,0,name_collision,strong,Dmitry Panchenko,University of Toronto - St. George Campus,Massachusetts Institute of Technology,0,Mathematics,4.9,62,98.3871,2.5,2672531,https://www.ratemyprofessors.com/professor/2672531,new/ocw.mit.edu_18-465-topics-in-statistics-statistical-learning-theory-spring-2007
Jie Sun,0,name_collision,strong,Jie Sun,State College of Florida Manatee-Sarasota,Massachusetts Institute of Technology,0,Chemistry,4.6,62,88.7097,3.3,2215830,https://www.ratemyprofessors.com/professor/2215830,new/ocw.mit.edu_15-094j-systems-optimization-models-and-computation-sma-5223-spring-2004
John Marshall,0,name_collision,strong,John Marshall,Toronto Metropolitan University,Massachusetts Institute of Technology,0,Biology,3.8,62,74.4186,3.0,536792,https://www.ratemyprofessors.com/professor/536792,new/ocw.mit.edu_12-950-atmospheric-and-oceanic-modeling-spring-2004
Gang Chen,0,name_collision,strong,Gang Chen,University of Central Florida,Massachusetts Institute of Technology,0,Engineering,3.0,61,42.623,2.9,2170191,https://www.ratemyprofessors.com/professor/2170191,new/ocw.mit.edu_2-57-nano-to-macro-transport-processes-spring-2012; new/ocw.mit.edu_2-58j-radiative-transfer-spring-2006; new/ocw.mit.edu_2-997-direct-solar-thermal-to-electrical-energy-conversion-technologies-fall-2009
Patrick Lee,0,name_collision,strong,Patrick Lee,University of Texas at San Antonio,Massachusetts Institute of Technology,0,Accounting,4.5,61,86.8852,3.8,2418006,https://www.ratemyprofessors.com/professor/2418006,new/ocw.mit.edu_8-511-theory-of-solids-i-fall-2004; new/ocw.mit.edu_8-512-theory-of-solids-ii-spring-2009
Sang-Gook Kim,0,name_collision,initial,L.S. Kim,University of California Santa Cruz,Massachusetts Institute of Technology,0,Film,3.0,61,87.5,3.7,140221,https://www.ratemyprofessors.com/professor/140221,new/ocw.mit.edu_2-674-micro-nano-engineering-laboratory-spring-2016; new/ocw.mit.edu_2-76-multi-scale-system-design-fall-2004
Fahiem Bacchus,0,review,surname,Denise Bacchus,Santa Barbara City College,University of Toronto,0,English,3.9,60,72.7273,1.7,525135,https://www.ratemyprofessors.com/professor/525135,cs.toronto.edu_csc384
Siqi Zheng,0,review,surname,Xin Zheng,University of British Columbia,Massachusetts Institute of Technology,0,Business,4.4,59,88.1356,3.2,2280066,https://www.ratemyprofessors.com/professor/2280066,new/ocw.mit.edu_11-350-sustainable-real-estate-spring-2023
Daniel Richards,0,name_collision,strong,Daniel Richards,Tufts University,Massachusetts Institute of Technology,0,Economics,3.3,58,100.0,3.3,122544,https://www.ratemyprofessors.com/professor/122544,new/ocw.mit.edu_15-024-applied-economics-for-managers-summer-2004
Daniel Sheehan,0,name_collision,strong,Daniel Sheehan,University of San Diego,Massachusetts Institute of Technology,0,Physics,3.7,57,45.0,4.4,578387,https://www.ratemyprofessors.com/professor/578387,new/ocw.mit.edu_1-963-environmental-engineering-applications-of-geographic-information-systems-fall-2004
Jesús del Alamo,0,review,surname,Elizabeth Del Alamo,Montclair State University,Massachusetts Institute of Technology,0,Fine Arts,3.6,57,100.0,3.6,281116,https://www.ratemyprofessors.com/professor/281116,new/ocw.mit.edu_6-012-microelectronic-devices-and-circuits-fall-2005; new/ocw.mit.edu_6-012-microelectronic-devices-and-circuits-spring-2009; new/ocw.mit.edu_6-720j-integrated-microelectronic-devices-spring-2007
Joseph Smith,0,name_collision,strong,Joseph Smith,Michigan State University,Massachusetts Institute of Technology,0,Mathematics,3.6,57,57.8947,3.4,2835128,https://www.ratemyprofessors.com/professor/2835128,new/ocw.mit.edu_2-000-how-and-why-machines-work-spring-2002
Daniel C Herrick,0,name_collision,strong,Daniel Herrick,San Antonio College,Massachusetts Institute of Technology,0,Philosophy,4.8,56,96.4286,1.6,2571727,https://www.ratemyprofessors.com/professor/2571727,new/ocw.mit.edu_2-674-micro-nano-engineering-laboratory-spring-2016
Tuomas Sandholm,0,review,surname,Scott Sandholm,University of Wisconsin - Platteville,Carnegie Mellon University,0,Chemistry,1.9,55,14.2857,4.1,1198217,https://www.ratemyprofessors.com/professor/1198217,cs.cmu.edu_15281-s24
Michael Chapman,0,name_collision,strong,Michael Chapman,Northeast Lakeview College,Massachusetts Institute of Technology,0,English,3.5,54,55.3191,3.6,1782086,https://www.ratemyprofessors.com/professor/1782086,new/ocw.mit.edu_15-010-economic-analysis-for-business-decisions-fall-2004
Stephen Graves,0,name_collision,strong,Stephen Graves,University of Texas at Tyler,Massachusetts Institute of Technology,0,Mathematics,2.4,54,36.6667,4.4,1305902,https://www.ratemyprofessors.com/professor/1305902,new/ocw.mit.edu_15-066j-system-optimization-and-analysis-for-manufacturing-summer-2003
Jennifer Davis,0,name_collision,strong,Jennifer Davis,Campbell University,Massachusetts Institute of Technology,0,History,4.3,53,100.0,2.7,91163,https://www.ratemyprofessors.com/professor/91163,new/ocw.mit.edu_11-479-water-and-sanitation-infrastructure-planning-in-developing-countries-spring-2005
Matthew Wilson,0,name_collision,strong,Matthew Wilson,University of Tampa,Massachusetts Institute of Technology,0,Chemistry,3.4,52,66.0,3.0,1993632,https://www.ratemyprofessors.com/professor/1993632,new/ocw.mit.edu_9-96-experimental-methods-of-adjustable-tetrode-array-neurophysiology-january-iap-2001
Frank Li,0,name_collision,strong,Frank Li,University of South Carolina Upstate,Massachusetts Institute of Technology,0,Computer Science,1.4,51,4.3478,4.2,709144,https://www.ratemyprofessors.com/professor/709144,new/ocw.mit.edu_6-s096-introduction-to-c-and-c-january-iap-2013
Juejun Hu,0,review,surname,Minghui Hu,University of California Santa Cruz,Massachusetts Institute of Technology,0,History,2.8,51,37.037,3.2,853734,https://www.ratemyprofessors.com/professor/853734,new/ocw.mit.edu_3-071-amorphous-materials-fall-2015
Kelin Whipple,0,name_collision,strong,Kelin Whipple,Arizona State University,Massachusetts Institute of Technology,0,Geology,4.4,51,92.5,2.8,1232297,https://www.ratemyprofessors.com/professor/1232297,new/ocw.mit.edu_12-163-surface-processes-and-landscape-evolution-fall-2004
Mihir Kedia,0,review,surname,Simi Kedia,Rutgers - State University of New Jersey,Massachusetts Institute of Technology,0,Finance,2.9,50,50.0,3.8,483004,https://www.ratemyprofessors.com/professor/483004,new/ocw.mit.edu_6-189-a-gentle-introduction-to-programming-using-python-january-iap-2008
Jacob White,0,name_collision,strong,Jacob White,Texas A&M University at College Station,Massachusetts Institute of Technology,0,Mathematics,3.1,48,57.8947,3.2,1997931,https://www.ratemyprofessors.com/professor/1997931,new/ocw.mit.edu_6-01sc-introduction-to-electrical-engineering-and-computer-science-i-spring-2011; new/ocw.mit.edu_6-336j-introduction-to-numerical-simulation-sma-5211-fall-2003
Julia Khodor,0,name_collision,strong,Julia Khodor,Bridgewater State University,Massachusetts Institute of Technology,0,Biology,1.2,47,6.6667,4.6,1557400,https://www.ratemyprofessors.com/professor/1557400,new/ocw.mit.edu_7-014-introductory-biology-spring-2005
Amy J. Smith,0,name_collision,strong,Amy Smith,Hillsborough Community College (all campuses),Massachusetts Institute of Technology,0,Mathematics,4.1,46,76.087,3.3,2721663,https://www.ratemyprofessors.com/professor/2721663,new/ocw.mit.edu_ec-701j-d-lab-i-development-fall-2009
Fei-Fei Li,0,name_collision,strong,Fei Li,George Mason University,Stanford University,0,Computer Science,3.4,46,51.7241,3.5,1065540,https://www.ratemyprofessors.com/professor/1065540,cs231n.stanford.edu_2024
Guangda Li,0,review,surname,Fei Li,George Mason University,Massachusetts Institute of Technology,0,Computer Science,3.4,46,51.7241,3.5,1065540,https://www.ratemyprofessors.com/professor/1065540,new/ocw.mit.edu_1-63-advanced-fluid-dynamics-of-the-environment-fall-2002
Patrick Doyle,0,name_collision,strong,Patrick Doyle,Brigham Young University,Massachusetts Institute of Technology,0,Communication,4.8,46,95.2381,2.8,1653560,https://www.ratemyprofessors.com/professor/1653560,new/ocw.mit.edu_20-410j-molecular-cellular-and-tissue-biomechanics-be-410j-spring-2003
Amihay Hanany,0,review,surname,Shaul Hanany,University of Minnesota - Twin Cities,Massachusetts Institute of Technology,0,Physics,3.1,45,66.6667,4.1,338015,https://www.ratemyprofessors.com/professor/338015,new/ocw.mit.edu_8-871-selected-topics-in-theoretical-particle-physics-branes-and-gauge-theory-dynamics-fall-2004
Gim Hom,0,review,surname,Sabrina Hom,Georgia College,Massachusetts Institute of Technology,0,Philosophy,3.7,45,71.875,3.0,1756998,https://www.ratemyprofessors.com/professor/1756998,new/ocw.mit.edu_6-091-hands-on-introduction-to-electrical-engineering-lab-skills-january-iap-2008
Jongyoon Han,0,review,surname,Tingting Han,Clemson University,Massachusetts Institute of Technology,0,Chemistry,4.6,45,91.1111,2.9,3045102,https://www.ratemyprofessors.com/professor/3045102,new/ocw.mit.edu_20-330j-fields-forces-and-flows-in-biological-systems-spring-2007
Sebastiao Ferriera,0,review,surname,Fatima Ferriera,Wayne State University,Massachusetts Institute of Technology,0,Languages,4.4,45,88.2353,2.1,711993,https://www.ratemyprofessors.com/professor/711993,new/ocw.mit.edu_11-965-reflective-practice-an-approach-for-expanding-your-learning-frontiers-january-iap-2007
Tomaso Poggio,0,review,surname,Sara Poggio,"University of Maryland, Baltimore County",Massachusetts Institute of Technology,0,Languages,2.4,45,55.5556,2.7,400894,https://www.ratemyprofessors.com/professor/400894,new/ocw.mit.edu_9-520-statistical-learning-theory-and-applications-spring-2003; new/ocw.mit.edu_9-520-statistical-learning-theory-and-applications-spring-2006; new/ocw.mit.edu_res-9-003-brains-minds-and-machines-summer-course-summer-2015
Jie Zhang,0,name_collision,strong,Jie Zhang,Buffalo State University,Massachusetts Institute of Technology,0,Sociology,3.6,42,66.6667,2.5,455835,https://www.ratemyprofessors.com/professor/455835,new/ocw.mit.edu_12-571-near-surface-geophysical-imaging-fall-2009
David Parks,0,name_collision,strong,David Parks,The University of Texas at Dallas,Massachusetts Institute of Technology,0,Business,2.7,41,43.5897,4.0,2123206,https://www.ratemyprofessors.com/professor/2123206,new/ocw.mit.edu_2-002-mechanics-and-materials-ii-spring-2004
Kyle Murray,0,name_collision,strong,Kyle Murray,Tennessee State University,Massachusetts Institute of Technology,0,History,4.8,40,96.875,1.9,1835433,https://www.ratemyprofessors.com/professor/1835433,new/ocw.mit.edu_6-s096-introduction-to-c-and-c-january-iap-2013
Peter Diamond,0,name_collision,strong,Peter Diamond,New York University,Massachusetts Institute of Technology,0,Humanities,3.7,40,77.7778,3.2,390553,https://www.ratemyprofessors.com/professor/390553,new/ocw.mit.edu_14-472-public-economics-ii-spring-2004
Daniel Greenwood,0,name_collision,strong,Daniel Greenwood,Hofstra University School of Law,Massachusetts Institute of Technology,0,Law,2.4,39,21.0526,4.1,960425,https://www.ratemyprofessors.com/professor/960425,new/ocw.mit.edu_4-285-research-topics-in-architecture-citizen-centered-design-of-open-governance-systems-fall-2002
Richard C. Larson,0,name_collision,strong,Richard Larson,San Jose State University,Massachusetts Institute of Technology,0,Hospitality,4.9,36,100.0,1.9,419232,https://www.ratemyprofessors.com/professor/419232,new/ocw.mit.edu_1-203j-logistical-and-transportation-planning-methods-fall-2006
Colin Sheppard,0,name_collision,strong,Colin Sheppard,Cuyahoga Community College (all campuses),Massachusetts Institute of Technology,0,Mathematics,4.8,35,95.6522,1.9,1963344,https://www.ratemyprofessors.com/professor/1963344,new/ocw.mit.edu_2-71-optics-spring-2009
Jon Kleinberg,0,name_collision,strong,Jon Kleinberg,Cornell University,Princeton University,0,Computer Science,4.6,35,90.9091,2.3,136263,https://www.ratemyprofessors.com/professor/136263,cs.princeton.edu_kleinberg-tardos
Nannaji Saka,0,review,surname,Tuna Saka,Pennsylvania College of Technology,Massachusetts Institute of Technology,0,Architecture,3.8,35,55.5556,2.0,96821,https://www.ratemyprofessors.com/professor/96821,new/ocw.mit.edu_2-800-tribology-fall-2004
Frank Levy,0,name_collision,strong,Frank Levy,Rider University,Massachusetts Institute of Technology,0,English,2.9,34,46.1538,3.5,475785,https://www.ratemyprofessors.com/professor/475785,new/ocw.mit.edu_11-126j-economics-of-education-spring-2007; new/ocw.mit.edu_11-128-information-technology-and-the-labor-market-spring-2005; new/ocw.mit.edu_11-800-doctoral-research-seminar-knowledge-in-the-public-arena-spring-2007
Zhengzhen Tan,0,review,surname,Siu-Lan Tan,Kalamazoo College,Massachusetts Institute of Technology,0,Psychology,4.6,34,71.4286,3.7,101395,https://www.ratemyprofessors.com/professor/101395,new/ocw.mit.edu_11-350-sustainable-real-estate-spring-2023
Alp Simsek,0,review,surname,Serhat Simsek,Montclair State University,Massachusetts Institute of Technology,0,Information Mgmt & Business Analytics,4.8,33,93.9394,2.4,2544147,https://www.ratemyprofessors.com/professor/2544147,new/ocw.mit.edu_14-09-financial-crises-january-iap-2016
Ronitt Rubinfeld,0,review,surname,Mark Rubinfeld,Westminster College,Massachusetts Institute of Technology,0,Sociology,4.6,32,72.7273,2.5,328152,https://www.ratemyprofessors.com/professor/328152,new/ocw.mit.edu_6-042j-mathematics-for-computer-science-fall-2005
Eric Adams,0,name_collision,strong,Eric Adams,Indiana University-Purdue University Indianapolis,Massachusetts Institute of Technology,0,Mechanical Engineering,4.5,31,90.3226,3.1,2117090,https://www.ratemyprofessors.com/professor/2117090,new/ocw.mit.edu_1-133-masters-of-engineering-concepts-of-engineering-practice-fall-2007; new/ocw.mit.edu_1-77-water-quality-control-spring-2006; new/ocw.mit.edu_1-964-design-for-sustainability-fall-2006
Ian Hutchinson,0,name_collision,strong,Ian Hutchinson,Simon Fraser University,Massachusetts Institute of Technology,0,Geography,3.7,31,-1.0,3.1,39915,https://www.ratemyprofessors.com/professor/39915,new/ocw.mit.edu_6-071j-introduction-to-electronics-signals-and-measurement-spring-2006
James Hansen,0,name_collision,strong,James Hansen,Weber State University,Massachusetts Institute of Technology,0,Accounting,3.2,31,55.1724,4.4,2011038,https://www.ratemyprofessors.com/professor/2011038,new/ocw.mit.edu_12-800-fluid-dynamics-of-the-atmosphere-and-ocean-fall-2004
Michael M.J. Fischer,0,name_collision,strong,Michael Fischer,Tidewater Community College,Massachusetts Institute of Technology,0,Psychology,2.2,31,27.7778,3.7,1316369,https://www.ratemyprofessors.com/professor/1316369,new/ocw.mit.edu_6-4590-foundations-of-information-policy-fall-2024; new/ocw.mit.edu_6-805-ethics-and-the-law-on-the-electronic-frontier-fall-2005
John Southard,0,name_collision,strong,John Southard,Georgia State University,Massachusetts Institute of Technology,0,History,4.5,30,-1.0,1.9,1658935,https://www.ratemyprofessors.com/professor/1658935,new/ocw.mit.edu_12-110-sedimentary-geology-spring-2007
Karan Singh,0,name_collision,strong,Karan Singh,Good Samaritan College of Nursing,Stanford University,0,Mathematics,4.8,30,100.0,3.1,948446,https://www.ratemyprofessors.com/professor/948446,new/web.stanford.edu_cs25
David Paul,0,name_collision,strong,David Paul,University of Arkansas,Massachusetts Institute of Technology,0,Science,3.5,29,66.6667,2.6,62714,https://www.ratemyprofessors.com/professor/62714,new/ocw.mit.edu_3-23-electrical-optical-and-magnetic-properties-of-materials-fall-2007
Gabriella Sciolla,0,name_collision,strong,Gabriella Sciolla,Brandeis University,Massachusetts Institute of Technology,0,Physics,1.7,29,17.2414,4.2,2055618,https://www.ratemyprofessors.com/professor/2055618,new/ocw.mit.edu_8-022-physics-ii-electricity-and-magnetism-fall-2004
Heidi L Williams,0,name_collision,strong,Heidi Williams,Antelope Valley College,Massachusetts Institute of Technology,0,English,4.8,29,90.0,2.3,2228360,https://www.ratemyprofessors.com/professor/2228360,new/ocw.mit.edu_14-662-labor-economics-ii-spring-2015
Kate Moore,0,name_collision,strong,Kate Moore,California State University Chico,Massachusetts Institute of Technology,0,Agriculture,4.7,29,90.0,3.1,2335440,https://www.ratemyprofessors.com/professor/2335440,new/ocw.mit.edu_6-s062-generative-artificial-intelligence-in-k12-education-fall-2023
Scott Hughes,0,name_collision,strong,Scott Hughes,Fresno City College,Massachusetts Institute of Technology,0,Communication,4.8,29,96.6667,1.8,2400688,https://www.ratemyprofessors.com/professor/2400688,new/ocw.mit.edu_8-033-introduction-to-relativity-and-spacetime-physics-fall-2024
Bill Jenkins,0,name_collision,strong,Bill Jenkins,Arizona State University,Massachusetts Institute of Technology,0,Fine Arts,4.3,28,100.0,2.7,358497,https://www.ratemyprofessors.com/professor/358497,new/ocw.mit.edu_12-744-marine-isotope-chemistry-fall-2012
J. Evans,0,name_collision,strong,J. Evans,Sinclair Community College,Massachusetts Institute of Technology,0,Mathematics,4.9,28,100.0,1.8,1018211,https://www.ratemyprofessors.com/professor/1018211,new/ocw.mit.edu_12-108-structure-of-earth-materials-fall-2004; new/ocw.mit.edu_12-524-mechanical-properties-of-rocks-fall-2005
Nanette Veilleux,0,name_collision,strong,Nanette Veilleux,Simmons University,Massachusetts Institute of Technology,0,Computer Science,4.7,27,92.3077,2.8,392377,https://www.ratemyprofessors.com/professor/392377,new/ocw.mit.edu_6-911-transcribing-prosodic-structure-of-spoken-utterances-with-tobi-january-iap-2006
Ila Pillalamarri,0,review,surname,Pavan Pillalamarri,Arizona State University - Polytechnic Campus,Massachusetts Institute of Technology,0,Physics,3.4,26,64.2857,3.7,2409780,https://www.ratemyprofessors.com/professor/2409780,new/ocw.mit.edu_12-091-basics-of-analysis-with-antineutrinos-from-heat-producing-elements-k-u-th-in-the-earth-january-iap-20; new/ocw.mit.edu_12-091-basics-of-impact-cratering-geological-geophysical-geochemical-environmental-studies-of-some-impact-cr; new/ocw.mit.edu_12-091-medical-geology-geochemistry-an-exposure-january-iap-2006
James H. Williams,0,review,surname,H. Williams,Western Connecticut State University,Massachusetts Institute of Technology,0,Political Science,4.8,26,96.1538,3.0,2239281,https://www.ratemyprofessors.com/professor/2239281,new/ocw.mit.edu_2-001-mechanics-materials-i-fall-2006
John Leonard,0,name_collision,strong,John Leonard,J. Sargeant Reynolds Community College,Massachusetts Institute of Technology,0,Philosophy,5.0,26,-1.0,1.2,961176,https://www.ratemyprofessors.com/professor/961176,new/ocw.mit.edu_2-12-introduction-to-robotics-fall-2005
Jonathan H. Williams,0,review,surname,H. Williams,Western Connecticut State University,Massachusetts Institute of Technology,0,Political Science,4.8,26,96.1538,3.0,2239281,https://www.ratemyprofessors.com/professor/2239281,new/ocw.mit.edu_res-ll-003-build-a-small-radar-system-capable-of-sensing-range-doppler-and-synthetic-aperture-radar-imaging-
Manuel Martinez-Sanchez,0,name_collision,strong,Manuel Sanchez,Pasadena City College,Massachusetts Institute of Technology,0,Spanish,3.0,26,40.0,3.9,2095855,https://www.ratemyprofessors.com/professor/2095855,new/ocw.mit.edu_16-55-ionized-gases-fall-2014
Akintunde Akinwande,0,review,surname,Valerie Akinwande,Oklahoma City Community College,Massachusetts Institute of Technology,0,Biology,2.8,25,25.0,3.0,1627166,https://www.ratemyprofessors.com/professor/1627166,new/ocw.mit.edu_6-012-microelectronic-devices-and-circuits-spring-2009
David Gifford,0,name_collision,strong,David Gifford,University of Victoria,Massachusetts Institute of Technology,0,Visual Arts,3.1,24,50.0,2.2,1839532,https://www.ratemyprofessors.com/professor/1839532,new/ocw.mit.edu_7-90j-computational-functional-genomics-spring-2005; new/ocw.mit.edu_7-91j-foundations-of-computational-and-systems-biology-spring-2014
David McAdams,0,name_collision,strong,David McAdams,Tacoma Community College,Massachusetts Institute of Technology,0,Chemistry,3.0,24,33.3333,3.3,2638974,https://www.ratemyprofessors.com/professor/2638974,new/ocw.mit.edu_15-040-game-theory-for-managers-spring-2004
David Wallace,0,name_collision,strong,David Wallace,University of Central Florida,Massachusetts Institute of Technology,0,English,4.8,24,-1.0,2.8,85841,https://www.ratemyprofessors.com/professor/85841,new/ocw.mit.edu_2-009-product-engineering-process-fall-2021; new/ocw.mit.edu_2-00b-toy-product-design-spring-2021
Klaus-Jürgen Bathe,0,review,surname,Lisa Bathe,Southern New Hampshire University,Massachusetts Institute of Technology,0,History,1.1,24,0.0,4.4,2423622,https://www.ratemyprofessors.com/professor/2423622,new/ocw.mit.edu_2-092-finite-element-analysis-of-solids-and-fluids-i-fall-2009; new/ocw.mit.edu_2-094-finite-element-analysis-of-solids-and-fluids-ii-spring-2011
Matt Wilson,0,name_collision,strong,Matt Wilson,Point Loma Nazarene University,Massachusetts Institute of Technology,0,Religion,3.6,24,54.1667,3.9,2416928,https://www.ratemyprofessors.com/professor/2416928,new/ocw.mit.edu_9-03-neural-basis-of-learning-and-memory-fall-2007
William Porter,0,name_collision,strong,William Porter,University of Memphis,Massachusetts Institute of Technology,0,Communication,2.8,24,0.0,3.3,452750,https://www.ratemyprofessors.com/professor/452750,new/ocw.mit.edu_4-273-introduction-to-design-inquiry-fall-2001
Charles Harvey,0,name_collision,strong,Charles Harvey,University of Central Arkansas,Massachusetts Institute of Technology,0,Philosophy,4.2,23,100.0,3.7,63342,https://www.ratemyprofessors.com/professor/63342,new/ocw.mit.edu_1-72-groundwater-hydrology-fall-2005
M. Christian Brown,0,name_collision,strong,M. Brown,University of California Santa Cruz,Massachusetts Institute of Technology,0,Political Science,3.2,23,-1.0,4.1,570571,https://www.ratemyprofessors.com/professor/570571,new/ocw.mit.edu_9-04-sensory-systems-fall-2013
Cynthia Rudin,0,name_collision,strong,Cynthia Rudin,Duke University,Massachusetts Institute of Technology,0,Computer Science,2.7,22,38.0952,4.1,2186716,https://www.ratemyprofessors.com/professor/2186716,new/ocw.mit.edu_15-075j-statistical-thinking-and-data-analysis-fall-2011; new/ocw.mit.edu_15-097-prediction-machine-learning-and-statistics-spring-2012
Jing Kong,0,name_collision,strong,Jing Kong,Middle Tennessee State University,Massachusetts Institute of Technology,0,Physics,3.0,22,52.9412,3.0,1853114,https://www.ratemyprofessors.com/professor/1853114,new/ocw.mit.edu_6-012-microelectronic-devices-and-circuits-spring-2009
Konrad Menzel,0,name_collision,strong,Konrad Menzel,New York University,Massachusetts Institute of Technology,0,Economics,3.6,22,37.5,4.1,1383094,https://www.ratemyprofessors.com/professor/1383094,new/ocw.mit.edu_14-30-introduction-to-statistical-methods-in-economics-spring-2009
Laura Schulz,0,name_collision,strong,Laura Schulz,University of Wisconsin- Parkside,Massachusetts Institute of Technology,0,Chemistry,3.7,22,68.1818,3.1,2192539,https://www.ratemyprofessors.com/professor/2192539,new/ocw.mit.edu_9-85-infant-and-early-childhood-cognition-fall-2012
Michael Bender,0,name_collision,strong,Michael Bender,Stony Brook University (SUNY),Massachusetts Institute of Technology,0,Computer Science,4.1,22,90.0,3.5,690570,https://www.ratemyprofessors.com/professor/690570,new/ocw.mit.edu_6-895-theory-of-parallel-systems-sma-5509-fall-2003; new/ocw.mit.edu_6-896-theory-of-parallel-hardware-sma-5511-spring-2004
Dana Moshkovitz,0,name_collision,strong,Dana Moshkovitz,University of Texas at Austin,Massachusetts Institute of Technology,0,Computer Science,3.6,21,71.4286,3.9,2259317,https://www.ratemyprofessors.com/professor/2259317,new/ocw.mit.edu_6-046j-design-and-analysis-of-algorithms-spring-2012
Dave Donaldson,0,name_collision,strong,Dave Donaldson,Wayne State University,Massachusetts Institute of Technology,0,English,4.6,20,-1.0,1.1,448279,https://www.ratemyprofessors.com/professor/448279,new/ocw.mit.edu_14-581-international-economics-i-spring-2013
Kenneth Russell,0,name_collision,strong,Kenneth Russell,Palo Alto College,Massachusetts Institute of Technology,0,Mathematics,4.1,20,50.0,2.7,1544594,https://www.ratemyprofessors.com/professor/1544594,new/ocw.mit.edu_3-21-kinetic-processes-in-materials-spring-2006
Marta C. Gonzalez,0,name_collision,strong,Marta Gonzalez,Gonzaga University,Massachusetts Institute of Technology,0,Modern Languages,2.6,20,-1.0,2.7,683191,https://www.ratemyprofessors.com/professor/683191,new/ocw.mit.edu_1-00-introduction-to-computers-and-engineering-problem-solving-spring-2012
Mort Webster,0,name_collision,strong,Mort Webster,Penn State University,Massachusetts Institute of Technology,0,Earth Science,4.8,20,92.8571,2.9,2008699,https://www.ratemyprofessors.com/professor/2008699,new/ocw.mit.edu_15-023j-global-climate-change-economics-science-and-policy-spring-2008
Rossella Nicolin,0,review,surname,Nicolin Girmes-Grieco,Virginia Tech,Massachusetts Institute of Technology,0,Health Science,4.9,20,100.0,2.2,2190302,https://www.ratemyprofessors.com/professor/2190302,new/ocw.mit.edu_1-964-design-for-sustainability-fall-2006
Evan Jones,0,name_collision,strong,Evan Jones,Utah Valley University,Massachusetts Institute of Technology,0,Marketing,3.7,19,-1.0,2.3,1679792,https://www.ratemyprofessors.com/professor/1679792,new/ocw.mit.edu_6-092-introduction-to-programming-in-java-january-iap-2010
James Glass,0,name_collision,strong,James Glass,University of Maryland,Massachusetts Institute of Technology,0,Government,3.3,19,25.0,2.8,1225094,https://www.ratemyprofessors.com/professor/1225094,new/ocw.mit.edu_6-345-automatic-speech-recognition-spring-2003
Jérémie Gallien,0,review,surname,John Gallien,Allan Hancock College,Massachusetts Institute of Technology,0,Psychology,2.1,19,31.5789,3.6,2924445,https://www.ratemyprofessors.com/professor/2924445,new/ocw.mit.edu_15-066j-system-optimization-and-analysis-for-manufacturing-summer-2003
Éva Tardos,0,name_collision,strong,Eva Tardos,Cornell University,Princeton University,0,Computer Science,3.3,19,50.0,3.4,284612,https://www.ratemyprofessors.com/professor/284612,cs.princeton.edu_kleinberg-tardos
Ben Crosby,0,name_collision,strong,Ben Crosby,Brigham Young University,Massachusetts Institute of Technology,0,English,4.6,18,89.4737,2.4,2424429,https://www.ratemyprofessors.com/professor/2424429,new/ocw.mit.edu_12-163-surface-processes-and-landscape-evolution-fall-2004
Cynthia Bailey,0,name_collision,strong,Cynthia Bailey,Bowling Green State University: Firelands College,Stanford University,0,Biology,2.1,18,22.2222,4.8,2501630,https://www.ratemyprofessors.com/professor/2501630,web.stanford.edu_cs103_cs103.1266
J. Phillip Thompson,0,name_collision,strong,J. Thompson,Kirtland Community College - Roscommon,Massachusetts Institute of Technology,0,English,4.8,18,100.0,2.1,16117,https://www.ratemyprofessors.com/professor/16117,new/ocw.mit.edu_11-401-introduction-to-housing-community-and-economic-development-fall-2015; new/ocw.mit.edu_11-945-katrina-practicum-spring-2006; new/ocw.mit.edu_11-947-race-immigration-and-planning-spring-2005
Mardavij Roozbehani,0,review,surname,Behrooz Roozbehani,Houston Community College (all campuses),Massachusetts Institute of Technology,0,Mathematics,4.3,18,40.0,1.8,1493704,https://www.ratemyprofessors.com/professor/1493704,new/ocw.mit.edu_14-15j-networks-spring-2018
Pat Bentley,0,review,surname,Patrick Bentley,Grand Valley State University,Massachusetts Institute of Technology,0,Mathematics,3.3,18,61.1111,2.4,2857594,https://www.ratemyprofessors.com/professor/2857594,new/ocw.mit.edu_15-996-cross-cultural-leadership-fall-2004
Yu Gu,0,name_collision,strong,Yu Gu,University of Delaware,Massachusetts Institute of Technology,0,Economics,3.2,18,61.1111,3.6,2288591,https://www.ratemyprofessors.com/professor/2288591,new/ocw.mit.edu_6-007-electromagnetic-energy-from-motors-to-lasers-spring-2011
Max Page,0,name_collision,strong,Max Page,University of Massachusetts - Amherst,Massachusetts Institute of Technology,0,Fine Arts,2.4,17,12.5,3.4,82806,https://www.ratemyprofessors.com/professor/82806,new/ocw.mit.edu_11-947-history-and-theory-of-historic-preservation-spring-2007
Michael Feld,0,name_collision,strong,Michael Feld,University of Manitoba,Massachusetts Institute of Technology,0,Philosophy,3.9,16,-1.0,2.8,33371,https://www.ratemyprofessors.com/professor/33371,new/ocw.mit.edu_8-02t-electricity-and-magnetism-spring-2005
Munther Dahleh,0,review,surname,Marie Dahleh,Tulane University,Massachusetts Institute of Technology,0,Mathematics,3.8,16,76.4706,2.9,2576559,https://www.ratemyprofessors.com/professor/2576559,new/ocw.mit.edu_6-041-probabilistic-systems-analysis-and-applied-probability-spring-2006; new/ocw.mit.edu_6-241j-dynamic-systems-and-control-spring-2011; new/ocw.mit.edu_6-435-system-identification-spring-2005
Rohit Singh,0,name_collision,strong,Rohit Singh,University of North Carolina at Greensboro,Massachusetts Institute of Technology,0,Religion,3.4,16,78.5714,2.9,2048437,https://www.ratemyprofessors.com/professor/2048437,new/ocw.mit.edu_6-867-machine-learning-fall-2006
Kevin Richardson,0,name_collision,strong,Kevin Richardson,Northwestern State University of Louisiana - Natchitoches,Massachusetts Institute of Technology,0,Music,4.0,14,-1.0,2.1,661597,https://www.ratemyprofessors.com/professor/661597,new/ocw.mit.edu_24-01-classics-of-western-philosophy-spring-2016
Thomas Herring,0,name_collision,strong,Thomas Herring,Western Nevada College,Massachusetts Institute of Technology,0,Physics,4.9,14,100.0,2.6,1464218,https://www.ratemyprofessors.com/professor/1464218,new/ocw.mit.edu_12-010-computational-methods-of-scientific-programming-fall-2011; new/ocw.mit.edu_12-010-computational-methods-of-scientific-programming-fall-2024; new/ocw.mit.edu_12-215-modern-navigation-fall-2006
Timothy Grove,0,name_collision,strong,Timothy Grove,Purdue University - Fort Wayne,Massachusetts Institute of Technology,0,Physics,2.8,14,44.4444,3.5,1101926,https://www.ratemyprofessors.com/professor/1101926,new/ocw.mit.edu_12-108-structure-of-earth-materials-fall-2004; new/ocw.mit.edu_12-109-petrology-fall-2005; new/ocw.mit.edu_12-480-thermodynamics-for-geoscientists-fall-2006
Alberto Cavallo,0,name_collision,strong,Alberto Cavallo,McGill University,Massachusetts Institute of Technology,0,Mathematics,1.1,13,0.0,4.7,2763579,https://www.ratemyprofessors.com/professor/2763579,new/ocw.mit.edu_15-012-applied-macro-and-international-economics-spring-2011
Arindam Dutta,0,review,surname,Haimonti Dutta,University at Buffalo (SUNY Buffalo),Massachusetts Institute of Technology,0,Managerial Science,1.5,13,16.6667,3.5,1963274,https://www.ratemyprofessors.com/professor/1963274,new/ocw.mit.edu_4-645-selected-topics-in-architecture-architecture-from-1750-to-the-present-fall-2004; new/ocw.mit.edu_4-665-contemporary-architecture-and-critical-debate-spring-2002
David Cory,0,name_collision,strong,David Cory,Seattle University,Massachusetts Institute of Technology,0,Philosophy,3.7,13,-1.0,2.9,1520994,https://www.ratemyprofessors.com/professor/1520994,new/ocw.mit.edu_22-920-a-hands-on-introduction-to-nuclear-magnetic-resonance-january-iap-1997; new/ocw.mit.edu_6-071j-introduction-to-electronics-signals-and-measurement-spring-2006
Nicholas X. Fang,0,review,surname,Nick Fang,University of Texas at Arlington,Massachusetts Institute of Technology,0,Engineering,1.1,13,0.0,4.6,2931733,https://www.ratemyprofessors.com/professor/2931733,new/ocw.mit.edu_2-71-optics-spring-2014
Sayan Mukherjee,0,name_collision,strong,Sayan Mukherjee,Duke University,Massachusetts Institute of Technology,0,Mathematics,2.0,13,0.0,3.5,1170574,https://www.ratemyprofessors.com/professor/1170574,new/ocw.mit.edu_9-520-statistical-learning-theory-and-applications-spring-2003
W. Craig Carter,0,review,surname,Craig Carter,Arizona State University,Massachusetts Institute of Technology,0,Supply Chain Management,4.4,13,100.0,2.9,1898612,https://www.ratemyprofessors.com/professor/1898612,new/ocw.mit.edu_3-00-thermodynamics-of-materials-fall-2002; new/ocw.mit.edu_3-016-mathematics-for-materials-scientists-and-engineers-fall-2005
Mariusz Twardowski,0,review,surname,Thomas Twardowski,Thomas Jefferson University,Massachusetts Institute of Technology,0,Physics,1.8,12,25.0,4.4,2463178,https://www.ratemyprofessors.com/professor/2463178,new/ocw.mit.edu_5-35-introduction-to-experimental-chemistry-fall-2012
Nathaniel Osgood,0,name_collision,strong,Nathaniel Osgood,University of Saskatchewan,Massachusetts Institute of Technology,0,Computer Science,5.0,12,100.0,3.1,1802223,https://www.ratemyprofessors.com/professor/1802223,new/ocw.mit.edu_1-040-project-management-spring-2004
Sara Ellison,0,name_collision,strong,Sara Ellison,University of Victoria,Massachusetts Institute of Technology,0,Physics & Astronomy,4.4,12,83.3333,2.8,384621,https://www.ratemyprofessors.com/professor/384621,new/ocw.mit.edu_14-27-economics-and-e-commerce-fall-2014; new/ocw.mit.edu_14-310x-data-analysis-for-social-scientists-spring-2023
Benjamin Weiss,0,name_collision,strong,Benjamin Weiss,Occidental College,Massachusetts Institute of Technology,0,Sociology,4.8,11,90.9091,2.6,2660900,https://www.ratemyprofessors.com/professor/2660900,new/ocw.mit.edu_12-002-physics-and-chemistry-of-the-terrestrial-planets-fall-2008
Allan Adams,0,name_collision,strong,Allan Adams,Northwest Vista College,Massachusetts Institute of Technology,0,History,4.3,10,-1.0,1.8,1338583,https://www.ratemyprofessors.com/professor/1338583,new/ocw.mit.edu_8-04-quantum-physics-i-spring-2013
Angela Watson,0,name_collision,strong,Angela  Watson,Oral Roberts University,Massachusetts Institute of Technology,0,Psychology,4.9,10,100.0,2.8,2055554,https://www.ratemyprofessors.com/professor/2055554,new/ocw.mit.edu_4-191-introduction-to-integrated-design-fall-2006
Caroline Ross,0,name_collision,strong,Caroline Ross,Langara College,Massachusetts Institute of Technology,0,Photography,4.6,10,90.0,2.2,2811426,https://www.ratemyprofessors.com/professor/2811426,new/ocw.mit.edu_3-15-electrical-optical-magnetic-materials-and-devices-fall-2006
Robert Weinberg,0,name_collision,strong,Robert  Weinberg,Frederick Community College,Massachusetts Institute of Technology,0,Mathematics,3.8,10,80.0,2.4,1968862,https://www.ratemyprofessors.com/professor/1968862,new/ocw.mit.edu_7-012-introduction-to-biology-fall-2004; new/ocw.mit.edu_7-01sc-fundamentals-of-biology-fall-2011
Sang-Heon Shim,0,name_collision,strong,Sang-Heon Shim,Arizona State University,Massachusetts Institute of Technology,0,Geology,2.9,10,60.0,3.9,1798731,https://www.ratemyprofessors.com/professor/1798731,new/ocw.mit.edu_12-570-structure-and-dynamics-of-the-cmb-region-spring-2004
Thomas Malone,0,name_collision,strong,Thomas Malone,Molloy University,Massachusetts Institute of Technology,0,Music,3.5,10,-1.0,2.5,1344557,https://www.ratemyprofessors.com/professor/1344557,new/ocw.mit.edu_15-320-strategic-organizational-design-spring-2011
Chris Kaiser,0,review,surname,Christopher Kaiser,Seton Hall University,Massachusetts Institute of Technology,0,Core Curriculum,5.0,9,100.0,1.2,2219744,https://www.ratemyprofessors.com/professor/2219744,new/ocw.mit.edu_7-03-genetics-fall-2004
Diane Burton,0,name_collision,strong,Diane Burton,Cornell University,Massachusetts Institute of Technology,0,Labor  Employment Relations,1.5,9,14.2857,3.3,2101286,https://www.ratemyprofessors.com/professor/2101286,new/ocw.mit.edu_15-394-designing-and-leading-the-entrepreneurial-organization-spring-2003
John Fernandez,0,name_collision,strong,John Fernandez,San Antonio College,Massachusetts Institute of Technology,0,Biology,2.9,9,-1.0,3.9,827196,https://www.ratemyprofessors.com/professor/827196,new/ocw.mit.edu_4-001j-cityscope-new-orleans-spring-2007; new/ocw.mit.edu_4-406-ecologies-of-construction-spring-2007; new/ocw.mit.edu_4-461-building-technology-i-materials-and-construction-fall-2004
John Vande Vate,0,name_collision,strong,John Vate,Georgia Institute of Technology,Massachusetts Institute of Technology,0,Industrial Engineering,1.8,9,11.1111,4.1,2471787,https://www.ratemyprofessors.com/professor/2471787,new/ocw.mit.edu_15-057-systems-optimization-spring-2003
Karen Pepper,0,name_collision,strong,Karen Pepper,Massachusetts College of Liberal Arts,Massachusetts Institute of Technology,0,English,2.8,9,-1.0,3.8,137283,https://www.ratemyprofessors.com/professor/137283,new/ocw.mit.edu_7-18-topics-in-experimental-biology-fall-2005
Samuel Allen,0,name_collision,strong,Samuel Allen,Virginia Military Institute,Massachusetts Institute of Technology,0,Economics,1.1,9,0.0,3.8,1608213,https://www.ratemyprofessors.com/professor/1608213,new/ocw.mit.edu_3-205-thermodynamics-and-kinetics-of-materials-fall-2006; new/ocw.mit.edu_3-21-kinetic-processes-in-materials-spring-2006
Adam Powell,0,name_collision,strong,Adam Powell,Worcester Polytechnic Institute,Massachusetts Institute of Technology,0,Engineering,3.1,8,55.5556,3.4,2720575,https://www.ratemyprofessors.com/professor/2720575,new/ocw.mit.edu_3-185-transport-phenomena-in-materials-engineering-fall-2003
Franz-Josef Ulm,0,review,surname,Tanille Ulm,Lake Land College,Massachusetts Institute of Technology,0,Education,4.3,8,75.0,1.6,1671224,https://www.ratemyprofessors.com/professor/1671224,new/ocw.mit.edu_1-033-mechanics-of-material-systems-an-energy-approach-fall-2003; new/ocw.mit.edu_1-050-engineering-mechanics-i-fall-2007
Hunt Allcott,0,name_collision,strong,Hunt Allcott,New York University,Massachusetts Institute of Technology,0,Economics,3.2,8,50.0,4.5,1841928,https://www.ratemyprofessors.com/professor/1841928,new/ocw.mit.edu_14-42-environmental-policy-and-economics-spring-2011
Vladimir Stojanovic,0,name_collision,strong,Vladimir Stojanovic,University of California Berkeley,Massachusetts Institute of Technology,0,Electrical Engineering,4.5,8,100.0,3.6,2374427,https://www.ratemyprofessors.com/professor/2374427,new/ocw.mit.edu_6-973-communication-system-design-spring-2006
Allison Wing,0,name_collision,strong,Allison Wing,Florida State University,Massachusetts Institute of Technology,0,Meteorology,3.7,7,57.1429,4.4,2316473,https://www.ratemyprofessors.com/professor/2316473,new/ocw.mit.edu_12-811-tropical-meteorology-spring-2011
Anantha Chandrakasan,0,review,surname,Chandrakasan Iyar,Atlantic Technical Center,Massachusetts Institute of Technology,0,Computer Science,1.9,7,28.5714,4.3,2297445,https://www.ratemyprofessors.com/professor/2297445,new/ocw.mit.edu_6-111-introductory-digital-systems-laboratory-spring-2006
Brandon Clifford,0,name_collision,strong,Brandon Clifford,Brigham Young University,Massachusetts Institute of Technology,0,Family Life,3.0,7,57.1429,3.7,2314402,https://www.ratemyprofessors.com/professor/2314402,new/ocw.mit.edu_4-105-geometric-disciplines-and-architecture-skills-reciprocal-methodologies-fall-2012
Carol Livermore,0,name_collision,strong,Carol Livermore,Northeastern University,Massachusetts Institute of Technology,0,Mechanical Engineering,4.7,7,100.0,3.3,2517781,https://www.ratemyprofessors.com/professor/2517781,new/ocw.mit.edu_2-001-mechanics-materials-i-fall-2006; new/ocw.mit.edu_6-777j-design-and-fabrication-of-microelectromechanical-devices-spring-2007
Catherine D'Ignazio,0,name_collision,strong,Catherine D'Ignazio,Rutgers - State University of New Jersey,Massachusetts Institute of Technology,0,History,3.4,7,100.0,2.9,1574115,https://www.ratemyprofessors.com/professor/1574115,new/ocw.mit.edu_6-c35-interactive-data-visualization-and-society-spring-2025
David Mohrig,0,name_collision,strong,David Mohrig,University of Texas at Austin,Massachusetts Institute of Technology,0,Geology,4.1,7,75.0,3.3,2354170,https://www.ratemyprofessors.com/professor/2354170,new/ocw.mit.edu_12-110-sedimentary-geology-fall-2004
Edward Gibson,0,name_collision,strong,Edward Gibson,Northwestern University,Massachusetts Institute of Technology,0,Political Science,4.9,7,-1.0,2.6,159835,https://www.ratemyprofessors.com/professor/159835,new/ocw.mit.edu_9-591j-language-processing-fall-2004; new/ocw.mit.edu_9-59j-lab-in-psycholinguistics-spring-2017
Hongshen Ma,0,name_collision,strong,Hongshen MA,University of British Columbia,Massachusetts Institute of Technology,0,Mechanical Engineering,4.0,7,80.0,4.7,1439109,https://www.ratemyprofessors.com/professor/1439109,new/ocw.mit.edu_2-996-biomedical-devices-design-laboratory-fall-2007
Robert Field,0,name_collision,strong,Robert Field,Farmingdale State College,Massachusetts Institute of Technology,0,Visual Communications,3.6,7,57.1429,2.6,2449186,https://www.ratemyprofessors.com/professor/2449186,new/ocw.mit.edu_5-61-physical-chemistry-fall-2017; new/ocw.mit.edu_5-62-physical-chemistry-ii-spring-2008; new/ocw.mit.edu_5-73-quantum-mechanics-i-fall-2018
William Hubbard,0,name_collision,strong,William Hubbard,University of Baltimore,Massachusetts Institute of Technology,0,Law,4.2,7,60.0,4.1,1647017,https://www.ratemyprofessors.com/professor/1647017,new/ocw.mit.edu_4-101-experiencing-architecture-studio-spring-2003
Armin Jamshidpey,0,name_collision,strong,Armin Jamshidpey,Western University,University of Waterloo,0,Mathematics,3.3,6,50.0,3.5,2197501,https://www.ratemyprofessors.com/professor/2197501,student.cs.uwaterloo.ca_cs240_s25
Crystal Lee,0,name_collision,strong,Crystal  Lee,Laney College,Massachusetts Institute of Technology,0,Physics,5.0,6,100.0,3.3,2992199,https://www.ratemyprofessors.com/professor/2992199,new/ocw.mit.edu_6-c35-interactive-data-visualization-and-society-spring-2025
Edwin Thomas,0,name_collision,strong,Edwin Thomas,Texas A&M University at College Station,Massachusetts Institute of Technology,0,Materials Science amp Eng.,3.3,6,83.3333,3.7,2766736,https://www.ratemyprofessors.com/professor/2766736,new/ocw.mit.edu_3-063-polymer-physics-spring-2007
James Elliot,0,name_collision,strong,Elliot James,University of Minnesota Morris,Massachusetts Institute of Technology,0,History,3.0,6,20.0,3.7,2101322,https://www.ratemyprofessors.com/professor/2101322,new/ocw.mit.edu_12-409-hands-on-astronomy-observing-stars-and-planets-spring-2002
Robert Freund,0,name_collision,strong,Robert Freund,Nova Southeastern University,Massachusetts Institute of Technology,0,Behavioral Sciences,2.8,6,50.0,3.2,2618620,https://www.ratemyprofessors.com/professor/2618620,new/ocw.mit.edu_15-084j-nonlinear-programming-spring-2004; new/ocw.mit.edu_15-094j-systems-optimization-models-and-computation-sma-5223-spring-2004; new/ocw.mit.edu_15-099-readings-in-optimization-fall-2003
Scott Aaronson,0,name_collision,strong,Scott Aaronson,University of Texas at Austin,Massachusetts Institute of Technology,0,Computer Science,2.5,6,42.8571,4.3,2683387,https://www.ratemyprofessors.com/professor/2683387,new/ocw.mit.edu_6-045j-automata-computability-and-complexity-spring-2011; new/ocw.mit.edu_6-080-great-ideas-in-theoretical-computer-science-spring-2008; new/ocw.mit.edu_6-845-quantum-complexity-theory-fall-2010
Scott Burdick,0,name_collision,strong,Scott Burdick,Wayne State University,Massachusetts Institute of Technology,0,Geology,4.7,6,83.3333,3.0,2425637,https://www.ratemyprofessors.com/professor/2425637,new/ocw.mit.edu_12-510-introduction-to-seismology-spring-2010
Earll Murman,0,review,surname,Paul Murman,Virginia Commonwealth University,Massachusetts Institute of Technology,0,Management,2.9,5,-1.0,4.6,748484,https://www.ratemyprofessors.com/professor/748484,new/ocw.mit.edu_16-660j-introduction-to-lean-six-sigma-methods-january-iap-2012
Jeffrey Grossman,0,name_collision,strong,Jeffrey Grossman,University of Virginia,Massachusetts Institute of Technology,0,Literature,4.8,5,100.0,2.6,935671,https://www.ratemyprofessors.com/professor/935671,new/ocw.mit.edu_3-021j-introduction-to-modeling-and-simulation-spring-2012
Jeffrey Levine,0,name_collision,strong,Jeffrey Levine,University of Louisville,Massachusetts Institute of Technology,0,Sports Management,3.8,5,-1.0,2.8,1928523,https://www.ratemyprofessors.com/professor/1928523,new/ocw.mit.edu_11-438-economic-development-planning-spring-2020
John Forester,0,name_collision,strong,John Forester,Cornell University,Massachusetts Institute of Technology,0,City & Regional Planning,4.6,5,-1.0,2.4,1013846,https://www.ratemyprofessors.com/professor/1013846,new/ocw.mit.edu_11-969-workshop-on-deliberative-democracy-and-dispute-resolution-summer-2005
John McGreevy,0,name_collision,strong,John McGreevy,University of Notre Dame,Massachusetts Institute of Technology,0,History,4.6,5,100.0,3.6,2641700,https://www.ratemyprofessors.com/professor/2641700,new/ocw.mit.edu_8-821-string-theory-fall-2008
Steve Ward,0,review,surname,Stephen Ward,Massachusetts Institute of Technology,Massachusetts Institute of Technology,1,Computer Science,2.7,5,100.0,2.4,121248,https://www.ratemyprofessors.com/professor/121248,new/ocw.mit.edu_6-004-computation-structures-spring-2009
Alejna Brugos,0,name_collision,strong,Alejna Brugos,Northeastern University,Massachusetts Institute of Technology,0,Linguistics,5.0,4,100.0,2.0,2848153,https://www.ratemyprofessors.com/professor/2848153,new/ocw.mit.edu_6-911-transcribing-prosodic-structure-of-spoken-utterances-with-tobi-january-iap-2006
Annette M. Kim,0,name_collision,strong,Annette Kim,University of Southern California,Massachusetts Institute of Technology,0,Policy Planning & Development,3.0,4,50.0,3.5,2513905,https://www.ratemyprofessors.com/professor/2513905,new/ocw.mit.edu_11-201-gateway-planning-action-fall-2005; new/ocw.mit.edu_11-946-planning-in-transition-economies-for-growth-and-equity-spring-2004
Barry S. Johnston,0,name_collision,strong,Barry Johnston,Indiana University Northwest,Massachusetts Institute of Technology,0,Sociology,2.8,4,-1.0,4.0,726934,https://www.ratemyprofessors.com/professor/726934,new/ocw.mit.edu_10-450-process-dynamics-operations-and-control-spring-2006; new/ocw.mit.edu_10-492-1-integrated-chemical-engineering-topics-i-process-control-by-design-fall-2004
Caroline Beimford,0,name_collision,strong,Caroline Beimford,University of Arkansas,Massachusetts Institute of Technology,0,English,4.3,4,-1.0,2.5,1915392,https://www.ratemyprofessors.com/professor/1915392,new/ocw.mit.edu_21w-794-graduate-technical-writing-workshop-january-iap-2019
Christine Ortiz,0,name_collision,strong,Christine Ortiz-Gatlin,San Jacinto College - North,Massachusetts Institute of Technology,0,Education,4.6,4,-1.0,1.3,1583363,https://www.ratemyprofessors.com/professor/1583363,new/ocw.mit.edu_3-052-nanomechanics-of-materials-and-biomaterials-spring-2007
Justin Solomon,0,name_collision,strong,Justin Solomon,Prescott College,Massachusetts Institute of Technology,0,Physical Education,4.5,4,-1.0,2.3,741731,https://www.ratemyprofessors.com/professor/741731,new/ocw.mit.edu_6-006-introduction-to-algorithms-spring-2020
Yejin Choi,0,name_collision,strong,Yejin Choi,Stony Brook University (SUNY),Stanford University,0,Computer Science,3.9,4,-1.0,3.3,1782719,https://www.ratemyprofessors.com/professor/1782719,new/web.stanford.edu_cs224n
Alison Malcolm,0,name_collision,strong,Alison Malcolm,Memorial University of Newfoundland,Massachusetts Institute of Technology,0,Earth Science,5.0,3,100.0,3.3,2580458,https://www.ratemyprofessors.com/professor/2580458,new/ocw.mit.edu_12-445-oral-communication-in-the-earth-atmospheric-and-planetary-sciences-fall-2010
Daniel Spielman,0,name_collision,strong,Daniel Spielman,University of Wisconsin - Green Bay,Massachusetts Institute of Technology,0,Business Administration,4.7,3,-1.0,1.7,796553,https://www.ratemyprofessors.com/professor/796553,new/ocw.mit.edu_18-409-behavior-of-algorithms-spring-2002
Dimitri Bertsekas,0,name_collision,strong,Dimitri Bertsekas,Arizona State University,Massachusetts Institute of Technology,0,Computer Science,2.3,3,33.3333,4.7,2827276,https://www.ratemyprofessors.com/professor/2827276,new/ocw.mit.edu_6-231-dynamic-programming-and-stochastic-control-fall-2015; new/ocw.mit.edu_6-252j-nonlinear-programming-spring-2003; new/ocw.mit.edu_6-253-convex-analysis-and-optimization-spring-2012
Frederick Frey,0,name_collision,strong,Frederick Frey,County College of Morris,Massachusetts Institute of Technology,0,Music,4.8,3,-1.0,1.3,1095984,https://www.ratemyprofessors.com/professor/1095984,new/ocw.mit.edu_12-479-trace-element-geochemistry-spring-2013
Gerbrand Ceder,0,review,surname,Nance Ceder,Portland Community College,Massachusetts Institute of Technology,0,Mathematics,2.5,3,-1.0,3.7,1281544,https://www.ratemyprofessors.com/professor/1281544,new/ocw.mit.edu_3-320-atomistic-computer-modeling-of-materials-sma-5107-spring-2005
Krste Asanovic,0,name_collision,strong,Krste Asanovic,University of California Berkeley,Massachusetts Institute of Technology,0,Computer Science,3.3,3,33.3333,3.7,1881116,https://www.ratemyprofessors.com/professor/1881116,new/ocw.mit.edu_6-823-computer-system-architecture-fall-2005; new/ocw.mit.edu_6-884-complex-digital-systems-spring-2005
Kunle Olukotun,0,review,surname,Oyekunle Olukotun,Stanford University,Stanford University,1,Computer Science,4.2,3,100.0,2.3,1230567,https://www.ratemyprofessors.com/professor/1230567,gfxcourses.stanford.edu_cs149_fall21
Steven Feng,0,review,surname,Steve Feng,University of British Columbia,Stanford University,0,Mechanical Engineering,5.0,3,-1.0,1.7,1510403,https://www.ratemyprofessors.com/professor/1510403,new/web.stanford.edu_cs25
Andre Kessler,0,name_collision,strong,Andre Kessler,Cornell University,Massachusetts Institute of Technology,0,Biology,4.8,2,100.0,3.5,1108568,https://www.ratemyprofessors.com/professor/1108568,new/ocw.mit.edu_6-s096-effective-programming-in-c-and-c-january-iap-2014
Benita Comeau,0,name_collision,strong,Benita Comeau,Suffolk University,Massachusetts Institute of Technology,0,Chemistry,3.5,2,-1.0,3.5,1272141,https://www.ratemyprofessors.com/professor/1272141,new/ocw.mit.edu_2-674-micro-nano-engineering-laboratory-spring-2016
Daniel E. Whitney,0,name_collision,strong,Daniel Whitney,Onondaga Community College,Massachusetts Institute of Technology,0,Chemistry,2.5,2,50.0,4.5,2323080,https://www.ratemyprofessors.com/professor/2323080,new/ocw.mit.edu_2-875-mechanical-assembly-and-its-role-in-product-development-fall-2004
Daniel Frey,0,name_collision,strong,Daniel Frey,Arizona State University,Massachusetts Institute of Technology,0,Film,4.8,2,-1.0,2.5,1244179,https://www.ratemyprofessors.com/professor/1244179,new/ocw.mit.edu_2-007-design-and-manufacturing-i-spring-2009
David Mattson,0,name_collision,strong,David Mattson,Bellevue College,Massachusetts Institute of Technology,0,Information Technology,5.0,2,100.0,3.0,2755795,https://www.ratemyprofessors.com/professor/2755795,new/ocw.mit.edu_11-959-reforming-natural-resources-governance-failings-of-scientific-rationalism-and-alternatives-for-buildi
Dennis McLaughlin,0,name_collision,strong,Dennis McLaughlin,Penn State University,Massachusetts Institute of Technology,0,Aerospace Engineering,2.3,2,-1.0,3.5,984216,https://www.ratemyprofessors.com/professor/984216,new/ocw.mit.edu_1-017-computing-and-data-analysis-for-environmental-applications-fall-2003; new/ocw.mit.edu_1-020-ecology-ii-engineering-for-sustainability-spring-2008; new/ocw.mit.edu_1-731-water-resource-systems-fall-2006
Diyi Yang,0,name_collision,strong,Diyi Yang,Georgia Institute of Technology,Stanford University,0,Computer Science,3.5,2,50.0,4.5,2571096,https://www.ratemyprofessors.com/professor/2571096,new/web.stanford.edu_cs224n
Edward DeLong,0,name_collision,strong,Edward DeLong,University of Hawaii at Manoa,Massachusetts Institute of Technology,0,Microbiology,5.0,2,100.0,4.0,2325657,https://www.ratemyprofessors.com/professor/2325657,new/ocw.mit.edu_1-018j-ecology-i-the-earth-system-fall-2009
Jean Yang,0,name_collision,strong,Jean Yang,SUNY College of Environmental Science and Forestry,Massachusetts Institute of Technology,0,Landscape Architecture & Regional Planning,5.0,2,100.0,3.0,2949621,https://www.ratemyprofessors.com/professor/2949621,new/ocw.mit.edu_6-088-introduction-to-c-memory-management-and-c-object-oriented-programming-january-iap-2010
Kyrstin Fornace,0,review,surname,Albert Fornace,Harvard School of Public Health,Massachusetts Institute of Technology,0,Medicine,3.0,2,-1.0,3.5,807976,https://www.ratemyprofessors.com/professor/807976,new/ocw.mit.edu_12-744-marine-isotope-chemistry-fall-2012
Li-Huei Tsai,0,name_collision,strong,Li-Cheng Tsai,University of Utah,Massachusetts Institute of Technology,0,Mathematics,5.0,2,100.0,1.5,3120392,https://www.ratemyprofessors.com/professor/3120392,new/ocw.mit.edu_9-914-special-topics-genetics-neurobiology-and-pathophysiology-of-psychiatric-disorders-fall-2008
Mihai Manea,0,name_collision,strong,Mihai Manea,Stony Brook University (SUNY),Massachusetts Institute of Technology,0,Economics,4.5,2,100.0,3.5,2576082,https://www.ratemyprofessors.com/professor/2576082,new/ocw.mit.edu_14-126-game-theory-spring-2016; new/ocw.mit.edu_14-16-strategy-and-information-spring-2016
Neal Lerner,0,name_collision,strong,Neal Lerner,New York Conservatory for Dramatic Arts,Massachusetts Institute of Technology,0,Film,5.0,2,-1.0,4.0,1060458,https://www.ratemyprofessors.com/professor/1060458,new/ocw.mit.edu_7-02ci-experimental-biology-communications-intensive-spring-2005
Sheri White,0,name_collision,strong,Sheri White,Pitt Community College,Massachusetts Institute of Technology,0,Mathematics,4.3,2,-1.0,2.0,923007,https://www.ratemyprofessors.com/professor/923007,new/ocw.mit.edu_12-097-chemical-investigations-of-boston-harbor-january-iap-2006
Thomas Peacock,0,name_collision,strong,Thomas Peacock,Georgia Highlands College,Massachusetts Institute of Technology,0,Music,5.0,2,-1.0,1.0,1491256,https://www.ratemyprofessors.com/professor/1491256,new/ocw.mit.edu_2-003j-dynamics-and-control-i-spring-2007
Adam Marcus,0,name_collision,strong,Adam Marcus,Tulane University,Massachusetts Institute of Technology,0,Architecture,3.0,1,100.0,2.0,3069948,https://www.ratemyprofessors.com/professor/3069948,new/ocw.mit.edu_6-092-introduction-to-programming-in-java-january-iap-2010
David Battle,0,name_collision,strong,David Battle,Grand Canyon University,Massachusetts Institute of Technology,0,Religion,4.0,1,100.0,4.0,2496514,https://www.ratemyprofessors.com/professor/2496514,new/ocw.mit.edu_2-067-advanced-structural-dynamics-and-acoustics-13-811-spring-2004
Evan Sadler,0,name_collision,strong,Evan Sadler,Columbia University,Massachusetts Institute of Technology,0,Economics,4.0,1,0.0,5.0,3153543,https://www.ratemyprofessors.com/professor/3153543,new/ocw.mit.edu_14-15j-networks-spring-2018
George Haller,0,name_collision,strong,George Haller,McGill University,Massachusetts Institute of Technology,0,Engineering,5.0,1,-1.0,3.0,1601611,https://www.ratemyprofessors.com/professor/1601611,new/ocw.mit.edu_2-032-dynamics-fall-2004
Gordon Kaufman,0,name_collision,strong,Gordon Kaufman,Harvard Divinity School,Massachusetts Institute of Technology,0,Religion,4.5,1,-1.0,4.0,890147,https://www.ratemyprofessors.com/professor/890147,new/ocw.mit.edu_15-067-competitive-decision-making-and-negotiation-spring-2011
Herman Karl,0,name_collision,strong,Karl Herman,Lewis & Clark Community College,Massachusetts Institute of Technology,0,Science,5.0,1,100.0,1.0,2592022,https://www.ratemyprofessors.com/professor/2592022,new/ocw.mit.edu_11-941-use-of-joint-fact-finding-in-science-intensive-policy-disputes-part-i-fall-2003; new/ocw.mit.edu_11-942-use-of-joint-fact-finding-in-science-intensive-policy-disputes-part-ii-spring-2004; new/ocw.mit.edu_11-959-reforming-natural-resources-governance-failings-of-scientific-rationalism-and-alternatives-for-buildi
Iván Werning,0,review,surname,Michael Werning,Marquette University,Massachusetts Institute of Technology,0,English,4.0,1,100.0,2.0,2637633,https://www.ratemyprofessors.com/professor/2637633,new/ocw.mit.edu_14-128-dynamic-optimization-economic-applications-recursive-methods-spring-2003; new/ocw.mit.edu_14-453-macroeconomic-theory-iii-fall-2006; new/ocw.mit.edu_14-471-public-economics-i-fall-2012
Josh Ramos,0,name_collision,strong,Josh Ramos,California Polytechnic State San Luis Obispo,Massachusetts Institute of Technology,0,Engineering,4.0,1,100.0,2.0,2875732,https://www.ratemyprofessors.com/professor/2875732,new/ocw.mit.edu_2-008-design-and-manufacturing-ii-spring-2025
Libby Hsu,0,name_collision,strong,Libby Hsu,Bay State College,Massachusetts Institute of Technology,0,Mathematics,5.0,1,-1.0,1.0,1806710,https://www.ratemyprofessors.com/professor/1806710,new/ocw.mit.edu_ec-715-d-lab-water-sanitation-and-hygiene-fall-2019
Lorna Gibson,0,name_collision,strong,Lorna  Gibson,Forsyth Technical Community College,Massachusetts Institute of Technology,0,Nursing,5.0,1,100.0,2.0,2902006,https://www.ratemyprofessors.com/professor/2902006,new/ocw.mit.edu_3-054-cellular-solids-structure-properties-and-applications-spring-2015; new/ocw.mit.edu_3-225-electronic-and-mechanical-properties-of-materials-fall-2007
Ronald G Prinn,0,review,surname,Ron Prinn,Massachusetts Institute of Technology,Massachusetts Institute of Technology,1,Science,1.0,1,0.0,3.0,2739646,https://www.ratemyprofessors.com/professor/2739646,new/ocw.mit.edu_10-571j-atmospheric-physics-and-chemistry-spring-2006; new/ocw.mit.edu_12-335-experimental-atmospheric-chemistry-fall-2014; new/ocw.mit.edu_12-815-atmospheric-radiation-fall-2006
Sean Welleck,0,name_collision,strong,Sean Welleck,New York University,Carnegie Mellon University,0,Computer Science,5.0,1,100.0,5.0,2663865,https://www.ratemyprofessors.com/professor/2663865,cmu-l3.github.io_anlp-fall2025
Shariann Lewitt,0,review,surname,Dave Lewitt,Purchase College (SUNY Purchase),Massachusetts Institute of Technology,0,Music,5.0,1,-1.0,1.0,2069375,https://www.ratemyprofessors.com/professor/2069375,new/ocw.mit.edu_21w-763j-transmedia-storytelling-modern-science-fiction-spring-2014
Terry Knight,0,name_collision,strong,Terry Knight,Bradley University,Massachusetts Institute of Technology,0,Communication,4.0,1,-1.0,1.0,1770138,https://www.ratemyprofessors.com/professor/1770138,new/ocw.mit.edu_4-184-architectural-design-workshops-computational-design-for-housing-spring-2002; new/ocw.mit.edu_4-520-computational-design-i-theory-and-applications-fall-2005; new/ocw.mit.edu_4-580-inquiry-into-computation-and-design-fall-2006
Christopher Manning,0,review,surname,Chris Manning,Stanford University,Stanford University,1,Computer Science,0.0,0,-1.0,0.0,2235627,https://www.ratemyprofessors.com/professor/2235627,new/web.stanford.edu_cs25
Daniel Cziczo,0,name_collision,strong,Daniel Cziczo,Purdue University - West Lafayette,Massachusetts Institute of Technology,0,Earth & Atmospheric Sciences,0.0,0,-1.0,0.0,3066575,https://www.ratemyprofessors.com/professor/3066575,new/ocw.mit.edu_12-340-global-warming-science-spring-2012; new/ocw.mit.edu_12-340x-global-warming-science-spring-2020
Frans Kaashoek,0,review,surname,M. Kaashoek,Massachusetts Institute of Technology,Massachusetts Institute of Technology,1,Computer Science,0.0,0,-1.0,0.0,2206929,https://www.ratemyprofessors.com/professor/2206929,new/ocw.mit.edu_6-828-operating-system-engineering-fall-2012
Gabriel Kreiman,0,name_collision,strong,Gabriel Kreiman,Harvard University,Massachusetts Institute of Technology,0,Biology,0.0,0,-1.0,0.0,3050064,https://www.ratemyprofessors.com/professor/3050064,new/ocw.mit.edu_res-9-003-brains-minds-and-machines-summer-course-summer-2015
Hsu Wen Jing,0,name_collision,strong,Jing-Fong Hsu,Collin College (Central Park),Massachusetts Institute of Technology,0,Computer Science,0.0,0,-1.0,0.0,2677679,https://www.ratemyprofessors.com/professor/2677679,new/ocw.mit.edu_6-895-theory-of-parallel-systems-sma-5509-fall-2003
Iain Stewart,0,name_collision,strong,Iain Stewart,University of British Columbia,Massachusetts Institute of Technology,0,Geography,0.0,0,-1.0,0.0,2963815,https://www.ratemyprofessors.com/professor/2963815,new/ocw.mit.edu_8-09-classical-mechanics-iii-fall-2014; new/ocw.mit.edu_8-851-effective-field-theory-spring-2013; new/ocw.mit.edu_8-851-strong-interactions-effective-field-theories-of-qcd-spring-2006
Julio Sepulveda,0,name_collision,strong,Julio Sepulveda,University of Colorado - Boulder,Massachusetts Institute of Technology,0,Geological Sciences,0.0,0,-1.0,0.0,2674675,https://www.ratemyprofessors.com/professor/2674675,new/ocw.mit.edu_12-158-molecular-biogeochemistry-fall-2011
Michael Stonebraker,0,review,surname,Mike Stonebraker,Massachusetts Institute of Technology,Massachusetts Institute of Technology,1,Computer Science,0.0,0,-1.0,0.0,2238326,https://www.ratemyprofessors.com/professor/2238326,new/ocw.mit.edu_6-830-database-systems-fall-2010
Nitin Patel,0,name_collision,strong,Nitin Patel,Hillsborough Community College (all campuses),Massachusetts Institute of Technology,0,Mathematics,0.0,0,-1.0,0.0,1463430,https://www.ratemyprofessors.com/professor/1463430,new/ocw.mit.edu_15-062-data-mining-spring-2003
Peter Shanahan,0,name_collision,strong,Peter Shanahan,Radford University,Massachusetts Institute of Technology,0,Music,0.0,0,-1.0,0.0,1980942,https://www.ratemyprofessors.com/professor/1980942,new/ocw.mit.edu_1-34-waste-containment-and-remediation-technology-spring-2004; new/ocw.mit.edu_1-85-water-and-wastewater-treatment-engineering-spring-2006
Philippe Rigollet,0,name_collision,strong,Philippe Rigollet,Georgia Institute of Technology,Massachusetts Institute of Technology,0,Mathematics,0.0,0,-1.0,0.0,1042549,https://www.ratemyprofessors.com/professor/1042549,new/ocw.mit.edu_18-650-statistics-for-applications-fall-2016
Taekjip Ha,0,name_collision,strong,Taekjip Ha,Johns Hopkins University,University of Illinois,0,Biophysics,0.0,0,-1.0,0.0,2710923,https://www.ratemyprofessors.com/professor/2710923,new/courses.physics.illinois.edu_phys101_sp2011_physics_101_lectures
Tim Kraska,0,name_collision,strong,Tim Kraska,Brown University,Massachusetts Institute of Technology,0,Computer Science,0.0,0,-1.0,0.0,2134307,https://www.ratemyprofessors.com/professor/2134307,new/ocw.mit.edu_6-5830-database-systems-fall-2023
Trevor Darrell,0,name_collision,strong,Trevor Darrell,University of California Berkeley,Massachusetts Institute of Technology,0,Computer Science,0.0,0,-1.0,0.0,1842717,https://www.ratemyprofessors.com/professor/1842717,new/ocw.mit.edu_6-001-structure-and-interpretation-of-computer-programs-spring-2005
Abbott Weiss,0,not_found,,,,Massachusetts Institute of Technology,,,,,,,,,new/ocw.mit.edu_2-96-management-in-engineering-fall-2012
Adam Belay,0,not_found,,,,Massachusetts Institute of Technology,,,,,,,,,new/ocw.mit.edu_6-1810-operating-system-engineering-fall-2023
Adam Chlipala,0,not_found,,,,Massachusetts Institute of Technology,,,,,,,,,new/ocw.mit.edu_6-042j-mathematics-for-computer-science-spring-2015
Alan J. Fenn,0,not_found,,,,Massachusetts Institute of Technology,,,,,,,,,new/ocw.mit.edu_res-ll-003-build-a-small-radar-system-capable-of-sensing-range-doppler-and-synthetic-aperture-radar-imaging-
Alan Jasanoff,0,not_found,,,,Massachusetts Institute of Technology,,,,,,,,,new/ocw.mit.edu_9-123-neurotechnology-in-action-fall-2014
Alan Olivi,0,not_found,,,,Massachusetts Institute of Technology,,,,,,,,,new/ocw.mit.edu_14-121-microeconomic-theory-i-fall-2015
Alan V. Oppenheim,0,not_found,,,,Massachusetts Institute of Technology,,,,,,,,,new/ocw.mit.edu_6-011-signals-systems-and-inference-spring-2018; new/ocw.mit.edu_6-341-discrete-time-signal-processing-fall-2005
Alessandro Bonatti,0,not_found,,,,Massachusetts Institute of Technology,,,,,,,,,new/ocw.mit.edu_15-025-game-theory-for-strategic-advantage-spring-2015
Alex Rakhlin,0,not_found,,,,Massachusetts Institute of Technology,,,,,,,,,new/ocw.mit.edu_9-520-statistical-learning-theory-and-applications-spring-2003
Alex Slocum,0,not_found,,,,Massachusetts Institute of Technology,,,,,,,,,new/ocw.mit.edu_2-75-precision-machine-design-fall-2001; new/ocw.mit.edu_2-993-designing-paths-to-peace-fall-2002
Alexander Wolitzky,0,not_found,,,,Massachusetts Institute of Technology,,,,,,,,,new/ocw.mit.edu_14-121-microeconomic-theory-i-fall-2015; new/ocw.mit.edu_14-15-networks-spring-2022; new/ocw.mit.edu_14.126-game-theory-spring-2024
Alexander van Oudenaarden,0,not_found,,,,Massachusetts Institute of Technology,,,,,,,,,new/ocw.mit.edu_8-591j-systems-biology-fall-2004
Alexandra Techet,0,not_found,,,,Massachusetts Institute of Technology,,,,,,,,,new/ocw.mit.edu_2-00aj-exploring-sea-space-earth-fundamentals-of-engineering-design-spring-2009
Alexandre Megretski,0,not_found,,,,Massachusetts Institute of Technology,,,,,,,,,new/ocw.mit.edu_6-243j-dynamics-of-nonlinear-systems-fall-2003; new/ocw.mit.edu_6-245-multivariable-control-systems-spring-2004
Alice Amsden,0,not_found,,,,Massachusetts Institute of Technology,,,,,,,,,new/ocw.mit.edu_11-167-economic-development-technical-capabilities-spring-2004
Alistair Adcroft,0,not_found,,,,Massachusetts Institute of Technology,,,,,,,,,new/ocw.mit.edu_12-950-atmospheric-and-oceanic-modeling-spring-2004
Amedeo R. Odoni,0,not_found,,,,Massachusetts Institute of Technology,,,,,,,,,new/ocw.mit.edu_1-203j-logistical-and-transportation-planning-methods-fall-2006; new/ocw.mit.edu_1-225j-transportation-flow-systems-fall-2002
Amir Ajorlou,0,not_found,,,,Massachusetts Institute of Technology,,,,,,,,,new/ocw.mit.edu_1-022-introduction-to-network-models-fall-2018
Ana Bell,0,not_found,,,,Massachusetts Institute of Technology,,,,,,,,,new/ocw.mit.edu_6-0001-introduction-to-computer-science-and-programming-in-python-fall-2016; new/ocw.mit.edu_6-0002-introduction-to-computational-thinking-and-data-science-fall-2016; new/ocw.mit.edu_6-100l-introduction-to-cs-and-programming-using-python-fall-2022
Andreas Karatsolis,0,not_found,,,,Massachusetts Institute of Technology,,,,,,,,,new/ocw.mit.edu_21w-794-graduate-technical-writing-workshop-january-iap-2019
Andreas Schulz,0,not_found,,,,Massachusetts Institute of Technology,,,,,,,,,new/ocw.mit.edu_15-083j-integer-programming-and-combinatorial-optimization-fall-2009
Andrei Tokmakoff,0,not_found,,,,Massachusetts Institute of Technology,,,,,,,,,new/ocw.mit.edu_5-74-introductory-quantum-mechanics-ii-spring-2004; new/ocw.mit.edu_5-74-introductory-quantum-mechanics-ii-spring-2009
Andrew Chess,0,not_found,,,,Massachusetts Institute of Technology,,,,,,,,,new/ocw.mit.edu_7-012-introduction-to-biology-fall-2004
Andrew Endy,0,not_found,,,,Massachusetts Institute of Technology,,,,,,,,,new/ocw.mit.edu_20-180-biological-engineering-programming-spring-2006
Andrew Kadak,0,not_found,,,,Massachusetts Institute of Technology,,,,,,,,,new/ocw.mit.edu_22-091-nuclear-reactor-safety-spring-2008
Anette Hosoi,0,not_found,,,,Massachusetts Institute of Technology,,,,,,,,,new/ocw.mit.edu_2-26-compressible-fluid-dynamics-spring-2004
Anna Mikusheva,0,not_found,,,,Massachusetts Institute of Technology,,,,,,,,,new/ocw.mit.edu_14-381-statistical-method-in-economics-fall-2018; new/ocw.mit.edu_14-384-time-series-analysis-fall-2013
Annalisa Weigel,0,not_found,,,,Massachusetts Institute of Technology,,,,,,,,,new/ocw.mit.edu_16-660j-introduction-to-lean-six-sigma-methods-january-iap-2012
Anne Mayes,0,not_found,,,,Massachusetts Institute of Technology,,,,,,,,,new/ocw.mit.edu_3-051j-materials-for-biomedical-applications-spring-2006
Anthony Sinskey,0,not_found,,,,Massachusetts Institute of Technology,,,,,,,,,new/ocw.mit.edu_15-136j-principles-and-practice-of-drug-development-fall-2013; new/ocw.mit.edu_7-18-topics-in-experimental-biology-fall-2005
Anthony T. Patera,0,not_found,,,,Massachusetts Institute of Technology,,,,,,,,,new/ocw.mit.edu_6-336j-introduction-to-numerical-simulation-sma-5211-fall-2003
Anthony Wagner,0,not_found,,,,Massachusetts Institute of Technology,,,,,,,,,new/ocw.mit.edu_9-081-human-memory-and-learning-fall-2002
Aram Harrow,0,not_found,,,,Massachusetts Institute of Technology,,,,,,,,,new/ocw.mit.edu_8-06-quantum-physics-iii-spring-2016
Arnaud Costinot,0,not_found,,,,Massachusetts Institute of Technology,,,,,,,,,new/ocw.mit.edu_14-54-international-trade-fall-2016; new/ocw.mit.edu_14-581-international-economics-i-spring-2013
Arnold Barnett,0,not_found,,,,Massachusetts Institute of Technology,,,,,,,,,new/ocw.mit.edu_1-203j-logistical-and-transportation-planning-methods-fall-2006
Arvind Satyanarayan,0,not_found,,,,Massachusetts Institute of Technology,,,,,,,,,new/ocw.mit.edu_6-c35-interactive-data-visualization-and-society-spring-2025
Axel Kilian,0,not_found,,,,Massachusetts Institute of Technology,,,,,,,,,new/ocw.mit.edu_4-491-form-finding-and-structural-optimization-gaudi-workshop-fall-2004
B. Clark Burchfiel,0,not_found,,,,Massachusetts Institute of Technology,,,,,,,,,new/ocw.mit.edu_12-113-structural-geology-fall-2005
Balakrishnan Rajagopal,0,not_found,,,,Massachusetts Institute of Technology,,,,,,,,,new/ocw.mit.edu_11-201-gateway-planning-action-fall-2005
Barry Posen,0,not_found,,,,Massachusetts Institute of Technology,,,,,,,,,new/ocw.mit.edu_17-484-comparative-grand-strategy-and-military-doctrine-fall-2004
Benjamin Olken,0,not_found,,,,Massachusetts Institute of Technology,,,,,,,,,new/ocw.mit.edu_14-75-political-economy-and-economic-development-fall-2012; new/ocw.mit.edu_14-770-introduction-to-political-economy-fall-2017; new/ocw.mit.edu_14-771-development-economics-fall-2021
Benjamin Vandiver,0,not_found,,,,Massachusetts Institute of Technology,,,,,,,,,new/ocw.mit.edu_6-090-building-programming-experience-a-lead-in-to-6-001-january-iap-2005
Benoit Forget,0,not_found,,,,Massachusetts Institute of Technology,,,,,,,,,new/ocw.mit.edu_22-05-neutron-science-and-reactor-physics-fall-2009
Bernd Heisele,0,not_found,,,,Massachusetts Institute of Technology,,,,,,,,,new/ocw.mit.edu_9-913-pattern-recognition-for-machine-vision-fall-2004
Bernhard Peucker-Ehrenbrink,0,not_found,,,,Massachusetts Institute of Technology,,,,,,,,,new/ocw.mit.edu_12-744-marine-isotope-chemistry-fall-2012
Bernhardt Trout,0,not_found,,,,Massachusetts Institute of Technology,,,,,,,,,new/ocw.mit.edu_10-675j-computational-quantum-mechanics-of-molecular-and-extended-systems-fall-2004
Bo Madsen,0,not_found,,,,Massachusetts Institute of Technology,,,,,,,,,new/ocw.mit.edu_16-660j-introduction-to-lean-six-sigma-methods-january-iap-2012
Bogdan Fedeles,0,not_found,,,,Massachusetts Institute of Technology,,,,,,,,,new/ocw.mit.edu_5-07sc-biological-chemistry-i-fall-2013
Bradford Hager,0,not_found,,,,Massachusetts Institute of Technology,,,,,,,,,new/ocw.mit.edu_12-005-applications-of-continuum-mechanics-to-earth-atmospheric-and-planetary-sciences-spring-2006; new/ocw.mit.edu_12-520-geodynamics-fall-2006
Bradley Kuszmaul,0,not_found,,,,Massachusetts Institute of Technology,,,,,,,,,new/ocw.mit.edu_6-895-theory-of-parallel-systems-sma-5509-fall-2003; new/ocw.mit.edu_6-896-theory-of-parallel-hardware-sma-5511-spring-2004
Bruce Knuteson,0,not_found,,,,Massachusetts Institute of Technology,,,,,,,,,new/ocw.mit.edu_8-02t-electricity-and-magnetism-spring-2005
Butler Lampson,0,not_found,,,,Massachusetts Institute of Technology,,,,,,,,,new/ocw.mit.edu_6-826-principles-of-computer-systems-spring-2002
Carl D. Martland,0,not_found,,,,Massachusetts Institute of Technology,,,,,,,,,new/ocw.mit.edu_1-011-project-evaluation-spring-2011
Carl Wunsch,0,not_found,,,,Massachusetts Institute of Technology,,,,,,,,,new/ocw.mit.edu_12-842-climate-physics-and-chemistry-fall-2008; new/ocw.mit.edu_12-864-inference-from-data-and-models-spring-2005
Carlo Curino,0,not_found,,,,Massachusetts Institute of Technology,,,,,,,,,new/ocw.mit.edu_6-830-database-systems-fall-2010
Carrie Menkel-Meadow,0,not_found,,,,Massachusetts Institute of Technology,,,,,,,,,new/ocw.mit.edu_11-969-workshop-on-deliberative-democracy-and-dispute-resolution-summer-2005
Catherine Drennan,0,not_found,,,,Massachusetts Institute of Technology,,,,,,,,,new/ocw.mit.edu_5-111-principles-of-chemical-science-fall-2008; new/ocw.mit.edu_5-111sc-principles-of-chemical-science-fall-2014
Charles J. Geyer,0,not_found,,,,,,,,,,,,,new/stat.umn.edu_s10_5102
Charles Ladd,0,not_found,,,,Massachusetts Institute of Technology,,,,,,,,,new/ocw.mit.edu_1-322-soil-behavior-spring-2005; new/ocw.mit.edu_1-361-advanced-soil-mechanics-fall-2004
Cherie Miot Abbanat,0,not_found,,,,Massachusetts Institute of Technology,,,,,,,,,new/ocw.mit.edu_11-027-city-to-city-comparing-researching-and-writing-about-cities-spring-2006; new/ocw.mit.edu_11-201-gateway-planning-action-fall-2005; new/ocw.mit.edu_11-225-argumentation-and-communication-fall-2006
Chiang Mei,0,not_found,,,,Massachusetts Institute of Technology,,,,,,,,,new/ocw.mit.edu_1-63-advanced-fluid-dynamics-of-the-environment-fall-2002
Chris Riesbeck,0,not_found,,,,Northwestern University,,,,,,,,,courses.cs.northwestern.edu_213
Chris Schuh,0,not_found,,,,Massachusetts Institute of Technology,,,,,,,,,new/ocw.mit.edu_3-044-materials-processing-spring-2013
Chris Terman,0,not_found,,,,Massachusetts Institute of Technology,,,,,,,,,new/ocw.mit.edu_6-004-computation-structures-spring-2017; new/ocw.mit.edu_6-884-complex-digital-systems-spring-2005
Christine Walley,0,not_found,,,,Massachusetts Institute of Technology,,,,,,,,,new/ocw.mit.edu_21a-461-what-is-capitalism-fall-2021
Christoph Reinhart,0,not_found,,,,Massachusetts Institute of Technology,,,,,,,,,new/ocw.mit.edu_4-401-environmental-technologies-in-buildings-fall-2018; new/ocw.mit.edu_4-430-daylighting-spring-2012
Christopher Burge,0,not_found,,,,Massachusetts Institute of Technology,,,,,,,,,new/ocw.mit.edu_7-91j-foundations-of-computational-and-systems-biology-spring-2014
Christopher Cassa,0,not_found,,,,Massachusetts Institute of Technology,,,,,,,,,new/ocw.mit.edu_1-00-introduction-to-computers-and-engineering-problem-solving-spring-2012
Christopher Shera,0,not_found,,,,Massachusetts Institute of Technology,,,,,,,,,new/ocw.mit.edu_6-551j-acoustics-of-speech-and-hearing-fall-2004
Christopher Studnicki-Gizbert,0,not_found,,,,Massachusetts Institute of Technology,,,,,,,,,new/ocw.mit.edu_12-113-structural-geology-fall-2005
Chryssostomos Chryssostomidis,0,not_found,,,,Massachusetts Institute of Technology,,,,,,,,,new/ocw.mit.edu_2-019-design-of-ocean-systems-spring-2011
Claudia Canepa,0,not_found,,,,Massachusetts Institute of Technology,,,,,,,,,new/ocw.mit.edu_11-965-reflective-practice-an-approach-for-expanding-your-learning-frontiers-january-iap-2007
Clifton Fonstad,0,not_found,,,,Massachusetts Institute of Technology,,,,,,,,,new/ocw.mit.edu_6-012-microelectronic-devices-and-circuits-fall-2009; new/ocw.mit.edu_6-772-compound-semiconductor-devices-spring-2003
Constantinos Evangelinos,0,not_found,,,,Massachusetts Institute of Technology,,,,,,,,,new/ocw.mit.edu_12-950-parallel-programming-for-multicore-machines-using-openmp-and-mpi-january-iap-2010
Corey McCaffrey,0,not_found,,,,Massachusetts Institute of Technology,,,,,,,,,new/ocw.mit.edu_6-092-java-preparation-for-6-170-january-iap-2006
Cynthia Barnhart,0,not_found,,,,Massachusetts Institute of Technology,,,,,,,,,new/ocw.mit.edu_1-206j-airline-schedule-planning-spring-2003; new/ocw.mit.edu_1-224j-carrier-systems-fall-2003
Cynthia Breazeal,0,not_found,,,,Massachusetts Institute of Technology,,,,,,,,,new/ocw.mit.edu_6-s062-generative-artificial-intelligence-in-k12-education-fall-2023
Daniel Repeta,0,not_found,,,,Massachusetts Institute of Technology,,,,,,,,,new/ocw.mit.edu_12-746-marine-organic-geochemistry-spring-2005
Daniel Rothman,0,not_found,,,,Massachusetts Institute of Technology,,,,,,,,,new/ocw.mit.edu_12-006j-nonlinear-dynamics-chaos-fall-2022; new/ocw.mit.edu_12-009j-theoretical-environmental-analysis-spring-2015; new/ocw.mit.edu_12-086-modeling-environmental-complexity-fall-2014
Daniel Weitzner,0,not_found,,,,Massachusetts Institute of Technology,,,,,,,,,new/ocw.mit.edu_6-4590-foundations-of-information-policy-fall-2024; new/ocw.mit.edu_6-805-ethics-and-the-law-on-the-electronic-frontier-fall-2005
Daniel Zysman,0,not_found,,,,Massachusetts Institute of Technology,,,,,,,,,new/ocw.mit.edu_9-40-introduction-to-neural-computation-spring-2018
Daniela Pucci De Farias,0,not_found,,,,Massachusetts Institute of Technology,,,,,,,,,new/ocw.mit.edu_2-997-decision-making-in-large-scale-systems-spring-2004
Daniela Tropea,0,not_found,,,,Massachusetts Institute of Technology,,,,,,,,,new/ocw.mit.edu_9-98-neuropharmacology-january-iap-2009
Daniele Veneziano,0,not_found,,,,Massachusetts Institute of Technology,,,,,,,,,new/ocw.mit.edu_1-010-uncertainty-in-engineering-fall-2008; new/ocw.mit.edu_1-151-probability-and-statistics-in-engineering-spring-2005
Danny Fox,0,not_found,,,,Massachusetts Institute of Technology,,,,,,,,,new/ocw.mit.edu_24-954-pragmatics-in-linguistic-theory-spring-2010
David Booher,0,not_found,,,,Massachusetts Institute of Technology,,,,,,,,,new/ocw.mit.edu_11-969-workshop-on-deliberative-democracy-and-dispute-resolution-summer-2005
David Forney,0,not_found,,,,Massachusetts Institute of Technology,,,,,,,,,new/ocw.mit.edu_6-451-principles-of-digital-communication-ii-spring-2005
David Gamarnik,0,not_found,,,,Massachusetts Institute of Technology,,,,,,,,,new/ocw.mit.edu_15-070j-advanced-stochastic-processes-fall-2013
David Geltner,0,not_found,,,,Massachusetts Institute of Technology,,,,,,,,,new/ocw.mit.edu_11-431j-real-estate-finance-and-investment-fall-2006; new/ocw.mit.edu_11-432j-real-estate-capital-markets-spring-2007; new/ocw.mit.edu_11-434j-advanced-topics-in-real-estate-finance-spring-2007
David Gonzalez-Rodriguez,0,not_found,,,,Massachusetts Institute of Technology,,,,,,,,,new/ocw.mit.edu_1-060-engineering-mechanics-ii-spring-2006
David Gossard,0,not_found,,,,Massachusetts Institute of Technology,,,,,,,,,new/ocw.mit.edu_2-003sc-engineering-dynamics-fall-2011; new/ocw.mit.edu_2-004-systems-modeling-and-control-ii-fall-2007; new/ocw.mit.edu_2-007-design-and-manufacturing-i-spring-2009
David Hardt,0,not_found,,,,Massachusetts Institute of Technology,,,,,,,,,new/ocw.mit.edu_2-830j-control-of-manufacturing-processes-sma-6303-spring-2008
David R. Karger,0,not_found,,,,Massachusetts Institute of Technology,,,,,,,,,new/ocw.mit.edu_6-856j-randomized-algorithms-fall-2002
David Roylance,0,not_found,,,,Massachusetts Institute of Technology,,,,,,,,,new/ocw.mit.edu_3-064-polymer-engineering-fall-2003
David Staelin,0,not_found,,,,Massachusetts Institute of Technology,,,,,,,,,new/ocw.mit.edu_6-013-electromagnetics-and-applications-fall-2005; new/ocw.mit.edu_6-013-electromagnetics-and-applications-spring-2009; new/ocw.mit.edu_6-661-receivers-antennas-and-signals-spring-2003
Deborah Kobes,0,not_found,,,,Massachusetts Institute of Technology,,,,,,,,,new/ocw.mit.edu_11-914-planning-communication-spring-2007
Dennis Freeman,0,not_found,,,,Massachusetts Institute of Technology,,,,,,,,,new/ocw.mit.edu_6-003-signals-and-systems-fall-2011; new/ocw.mit.edu_6-01sc-introduction-to-electrical-engineering-and-computer-science-i-spring-2011
Dennis Frenchman,0,not_found,,,,Massachusetts Institute of Technology,,,,,,,,,new/ocw.mit.edu_11-947-new-century-cities-real-estate-digital-technology-and-design-fall-2004
Derek Rowell,0,not_found,,,,Massachusetts Institute of Technology,,,,,,,,,new/ocw.mit.edu_2-004-dynamics-and-control-ii-spring-2008; new/ocw.mit.edu_2-161-signal-processing-continuous-and-discrete-fall-2008
Derish M. Wolff,0,not_found,,,,Massachusetts Institute of Technology,,,,,,,,,new/ocw.mit.edu_1-463j-the-impact-of-globalization-on-the-built-environment-fall-2009
Dick K. P. Yue,0,not_found,,,,Massachusetts Institute of Technology,,,,,,,,,new/ocw.mit.edu_2-20-marine-hydrodynamics-13-021-spring-2005
Dimitrios Bisias,0,not_found,,,,Massachusetts Institute of Technology,,,,,,,,,new/ocw.mit.edu_15-075j-statistical-thinking-and-data-analysis-fall-2011
Don Troxel,0,not_found,,,,Massachusetts Institute of Technology,,,,,,,,,new/ocw.mit.edu_6-111-introductory-digital-systems-laboratory-fall-2002
Donald Lessard,0,not_found,,,,Massachusetts Institute of Technology,,,,,,,,,new/ocw.mit.edu_15-220-global-strategy-and-organization-spring-2008
Duane Boning,0,not_found,,,,Massachusetts Institute of Technology,,,,,,,,,new/ocw.mit.edu_2-830j-control-of-manufacturing-processes-sma-6303-spring-2008; new/ocw.mit.edu_6-780-semiconductor-manufacturing-spring-2003
Ebrahim Nasrabadi,0,not_found,,,,Massachusetts Institute of Technology,,,,,,,,,new/ocw.mit.edu_15-053-optimization-methods-in-management-science-spring-2013
Edith Ackermann,0,not_found,,,,Massachusetts Institute of Technology,,,,,,,,,new/ocw.mit.edu_4-273-introduction-to-design-inquiry-fall-2001
Edmund Bertschinger,0,not_found,,,,Massachusetts Institute of Technology,,,,,,,,,new/ocw.mit.edu_8-942-cosmology-fall-2001
Edward Flemming,0,not_found,,,,Massachusetts Institute of Technology,,,,,,,,,new/ocw.mit.edu_24-914-language-variation-and-change-spring-2019
Edward Scolnick,0,not_found,,,,Massachusetts Institute of Technology,,,,,,,,,new/ocw.mit.edu_9-914-special-topics-genetics-neurobiology-and-pathophysiology-of-psychiatric-disorders-fall-2008
Ehsan Adeli,0,not_found,,,,Stanford University,,,,,,,,,cs231n.stanford.edu_2024
Elizabeth Kujawinski,0,not_found,,,,Massachusetts Institute of Technology,,,,,,,,,new/ocw.mit.edu_12-097-chemical-investigations-of-boston-harbor-january-iap-2006
Elizabeth Vogel Taylor,0,not_found,,,,Massachusetts Institute of Technology,,,,,,,,,new/ocw.mit.edu_5-111-principles-of-chemical-science-fall-2008; new/ocw.mit.edu_5-36-biochemistry-laboratory-spring-2009
Emery N Brown,0,not_found,,,,Massachusetts Institute of Technology,,,,,,,,,new/ocw.mit.edu_9-07-statistics-for-brain-and-cognitive-science-fall-2016
Emilio Frazzoli,0,not_found,,,,Massachusetts Institute of Technology,,,,,,,,,new/ocw.mit.edu_6-241j-dynamic-systems-and-control-spring-2011
Eran Ben-Joseph,0,not_found,,,,Massachusetts Institute of Technology,,,,,,,,,new/ocw.mit.edu_11-360-community-growth-and-land-use-planning-fall-2005; new/ocw.mit.edu_11-360-community-growth-and-land-use-planning-fall-2006; new/ocw.mit.edu_11-943-special-studies-in-urban-studies-and-planning-the-cardener-river-corridor-workshop-fall-2001
Eric Grimson,0,not_found,,,,Massachusetts Institute of Technology,,,,,,,,,new/ocw.mit.edu_6-0001-introduction-to-computer-science-and-programming-in-python-fall-2016; new/ocw.mit.edu_6-0002-introduction-to-computational-thinking-and-data-science-fall-2016; new/ocw.mit.edu_6-001-structure-and-interpretation-of-computer-programs-spring-2005
Erich Ippen,0,not_found,,,,Massachusetts Institute of Technology,,,,,,,,,new/ocw.mit.edu_6-013-electromagnetics-and-applications-fall-2005
Ernest Fraenkel,0,not_found,,,,Massachusetts Institute of Technology,,,,,,,,,new/ocw.mit.edu_7-91j-foundations-of-computational-and-systems-biology-spring-2014
Ernst Berndt,0,not_found,,,,Massachusetts Institute of Technology,,,,,,,,,new/ocw.mit.edu_15-010-economic-analysis-for-business-decisions-fall-2004
Eugene Fitzgerald,0,not_found,,,,Massachusetts Institute of Technology,,,,,,,,,new/ocw.mit.edu_3-225-electronic-and-mechanical-properties-of-materials-fall-2007
Eugene Wu,0,not_found,,,,Massachusetts Institute of Technology,,,,,,,,,new/ocw.mit.edu_6-092-introduction-to-programming-in-java-january-iap-2010
Ezra Haber Glenn,0,not_found,,,,Massachusetts Institute of Technology,,,,,,,,,new/ocw.mit.edu_11-220-quantitative-reasoning-statistical-methods-for-planners-i-spring-2009
Feross Aboukhadijeh,0,not_found,,,,Stanford University,,,,,,,,,web.stanford.edu_cs253
Florence Schubotz,0,not_found,,,,Massachusetts Institute of Technology,,,,,,,,,new/ocw.mit.edu_12-158-molecular-biogeochemistry-fall-2011
Francis Dudas,0,not_found,,,,Massachusetts Institute of Technology,,,,,,,,,new/ocw.mit.edu_12-119-analytical-techniques-for-studying-environmental-and-geologic-samples-spring-2011
Frank Schilbach,0,not_found,,,,Massachusetts Institute of Technology,,,,,,,,,new/ocw.mit.edu_14-13-psychology-and-economics-spring-2020
Frank Wilczek,0,not_found,,,,Massachusetts Institute of Technology,,,,,,,,,new/ocw.mit.edu_8-325-relativistic-quantum-field-theory-iii-spring-2003; new/ocw.mit.edu_8-952-particle-physics-of-the-early-universe-fall-2004
Franz Kärtner,0,not_found,,,,Massachusetts Institute of Technology,,,,,,,,,new/ocw.mit.edu_6-974-fundamentals-of-photonics-quantum-electronics-spring-2006
Fred Moavenzadeh,0,not_found,,,,Massachusetts Institute of Technology,,,,,,,,,new/ocw.mit.edu_1-040-project-management-spring-2009; new/ocw.mit.edu_1-463j-the-impact-of-globalization-on-the-built-environment-fall-2009
Frederick Salvucci,0,not_found,,,,Massachusetts Institute of Technology,,,,,,,,,new/ocw.mit.edu_1-252j-urban-transportation-planning-fall-2016; new/ocw.mit.edu_1-253j-transportation-policy-and-environmental-limits-spring-2004; new/ocw.mit.edu_1-963-a-sustainable-transportation-plan-for-mit-spring-2007
G. K. Raju,0,not_found,,,,Massachusetts Institute of Technology,,,,,,,,,new/ocw.mit.edu_15-136j-principles-and-practice-of-drug-development-fall-2013
Gabriel E. Sanchez-Martinez,0,not_found,,,,Massachusetts Institute of Technology,,,,,,,,,new/ocw.mit.edu_1-258j-public-transportation-systems-spring-2017
Gabriela Celani,0,not_found,,,,Massachusetts Institute of Technology,,,,,,,,,new/ocw.mit.edu_4-184-architectural-design-workshops-computational-design-for-housing-spring-2002
Gabriele Farina,0,not_found,,,,Massachusetts Institute of Technology,,,,,,,,,new/ocw.mit.edu_6-7220j-nonlinear-optimization-spring-2025; new/ocw.mit.edu_6-s890-topics-in-multiagent-learning-fall-2024
Ganesh Ramakrishnan,0,not_found,,,,IIT Bombay,,,,,,,,,new/cse.iitb.ac.in_cs215; new/cse.iitb.ac.in_cs725_2016a
Gareth McKinley,0,not_found,,,,Massachusetts Institute of Technology,,,,,,,,,new/ocw.mit.edu_2-341j-macromolecular-hydrodynamics-spring-2016
Geoffrey Beach,0,not_found,,,,Massachusetts Institute of Technology,,,,,,,,,new/ocw.mit.edu_3-024-electronic-optical-and-magnetic-properties-of-materials-spring-2013
George Kocur,0,not_found,,,,Massachusetts Institute of Technology,,,,,,,,,new/ocw.mit.edu_1-00-introduction-to-computers-and-engineering-problem-solving-spring-2012; new/ocw.mit.edu_1-204-computer-algorithms-in-systems-engineering-spring-2010; new/ocw.mit.edu_1-264j-database-internet-and-systems-integration-technologies-fall-2013
George Stephans,0,not_found,,,,Massachusetts Institute of Technology,,,,,,,,,new/ocw.mit.edu_8-01l-physics-i-classical-mechanics-fall-2005; new/ocw.mit.edu_8-02t-electricity-and-magnetism-spring-2005
George Stiny,0,not_found,,,,Massachusetts Institute of Technology,,,,,,,,,new/ocw.mit.edu_4-540-introduction-to-shape-grammars-i-fall-2018
George Verghese,0,not_found,,,,Massachusetts Institute of Technology,,,,,,,,,new/ocw.mit.edu_6-011-signals-systems-and-inference-spring-2018; new/ocw.mit.edu_6-02-introduction-to-eecs-ii-digital-communication-systems-fall-2012
George-Marios Angeletos,0,not_found,,,,Massachusetts Institute of Technology,,,,,,,,,new/ocw.mit.edu_14-05-intermediate-macroeconomics-spring-2013; new/ocw.mit.edu_14-06-intermediate-macroeconomic-theory-spring-2004; new/ocw.mit.edu_14-451-macroeconomic-theory-i-spring-2007
Gerald Fink,0,not_found,,,,Massachusetts Institute of Technology,,,,,,,,,new/ocw.mit.edu_7-03-genetics-fall-2004
Gian Paolo Beretta,0,not_found,,,,Massachusetts Institute of Technology,,,,,,,,,new/ocw.mit.edu_2-43-advanced-thermodynamics-spring-2024
Gil Alterovitz,0,not_found,,,,Massachusetts Institute of Technology,,,,,,,,,new/ocw.mit.edu_6-092-bioinformatics-and-proteomics-january-iap-2005
Glenn Ellison,0,not_found,,,,Massachusetts Institute of Technology,,,,,,,,,new/ocw.mit.edu_14-271-industrial-organization-i-fall-2022
Glenn Flierl,0,not_found,,,,Massachusetts Institute of Technology,,,,,,,,,new/ocw.mit.edu_12-802-wave-motions-in-the-ocean-and-atmosphere-spring-2004; new/ocw.mit.edu_12-820-turbulence-in-the-ocean-and-atmosphere-spring-2006; new/ocw.mit.edu_12-820-turbulence-in-the-ocean-and-atmosphere-spring-2007
Grace Teo,0,not_found,,,,Massachusetts Institute of Technology,,,,,,,,,new/ocw.mit.edu_6-811-principles-and-practice-of-assistive-technology-fall-2014
Gregory L. Charvat,0,not_found,,,,Massachusetts Institute of Technology,,,,,,,,,new/ocw.mit.edu_res-ll-003-build-a-small-radar-system-capable-of-sensing-range-doppler-and-synthetic-aperture-radar-imaging-
Gregory McRae,0,not_found,,,,Massachusetts Institute of Technology,,,,,,,,,new/ocw.mit.edu_10-571j-atmospheric-physics-and-chemistry-spring-2006
Guido Lorenzoni,0,not_found,,,,Massachusetts Institute of Technology,,,,,,,,,new/ocw.mit.edu_14-451-dynamic-optimization-methods-with-applications-fall-2009; new/ocw.mit.edu_14-462-advanced-macroeconomics-ii-spring-2007
Gunther M. Roland,0,not_found,,,,Massachusetts Institute of Technology,,,,,,,,,new/ocw.mit.edu_8-02x-physics-ii-electricity-magnetism-with-an-experimental-focus-spring-2005
Harold Abelson,0,not_found,,,,Massachusetts Institute of Technology,,,,,,,,,new/ocw.mit.edu_6-01sc-introduction-to-electrical-engineering-and-computer-science-i-spring-2011; new/ocw.mit.edu_6-4590-foundations-of-information-policy-fall-2024; new/ocw.mit.edu_6-805-ethics-and-the-law-on-the-electronic-frontier-fall-2005
Harold Hemond,0,not_found,,,,Massachusetts Institute of Technology,,,,,,,,,new/ocw.mit.edu_1-725j-chemicals-in-the-environment-fate-and-transport-fall-2004
Harry Asada,0,not_found,,,,Massachusetts Institute of Technology,,,,,,,,,new/ocw.mit.edu_2-12-introduction-to-robotics-fall-2005; new/ocw.mit.edu_2-160-identification-estimation-and-learning-spring-2006
Harry Merrick,0,not_found,,,,Massachusetts Institute of Technology,,,,,,,,,new/ocw.mit.edu_3-987-human-origins-and-evolution-spring-2006
Hauke Kite-Powell,0,not_found,,,,Massachusetts Institute of Technology,,,,,,,,,new/ocw.mit.edu_2-964-economics-of-marine-transportation-industries-fall-2006
Heidi Nepf,0,not_found,,,,Massachusetts Institute of Technology,,,,,,,,,new/ocw.mit.edu_1-061-transport-processes-in-the-environment-fall-2008
Henry S. Marcus,0,not_found,,,,Massachusetts Institute of Technology,,,,,,,,,new/ocw.mit.edu_2-96-management-in-engineering-fall-2012
Herman Bennett,0,not_found,,,,Massachusetts Institute of Technology,,,,,,,,,new/ocw.mit.edu_14-30-introduction-to-statistical-method-in-economics-spring-2006
Hugh McManus,0,not_found,,,,Massachusetts Institute of Technology,,,,,,,,,new/ocw.mit.edu_16-660j-introduction-to-lean-six-sigma-methods-january-iap-2012
Ioannis Gkioulekas,0,not_found,,,,Carnegie Mellon University,,,,,,,,,cs.cmu.edu_16385
Ioannis Yannas,0,not_found,,,,Massachusetts Institute of Technology,,,,,,,,,new/ocw.mit.edu_2-782j-design-of-medical-devices-and-implants-spring-2006; new/ocw.mit.edu_2-782j-design-of-medical-devices-and-implants-spring-2025; new/ocw.mit.edu_2-785j-cell-matrix-mechanics-fall-2016
Isaac Chuang,0,not_found,,,,Massachusetts Institute of Technology,,,,,,,,,new/ocw.mit.edu_6-01sc-introduction-to-electrical-engineering-and-computer-science-i-spring-2011
Ismail Chabini,0,not_found,,,,Massachusetts Institute of Technology,,,,,,,,,new/ocw.mit.edu_1-225j-transportation-flow-systems-fall-2002
J. Kim Vandiver,0,not_found,,,,Massachusetts Institute of Technology,,,,,,,,,new/ocw.mit.edu_2-003sc-engineering-dynamics-fall-2011
Jaime Peraire,0,not_found,,,,Massachusetts Institute of Technology,,,,,,,,,new/ocw.mit.edu_6-336j-introduction-to-numerical-simulation-sma-5211-fall-2003
James DiCarlo,0,not_found,,,,Massachusetts Institute of Technology,,,,,,,,,new/ocw.mit.edu_9-17-systems-neuroscience-lab-spring-2013
James L. Kirtley,0,not_found,,,,Massachusetts Institute of Technology,,,,,,,,,new/ocw.mit.edu_6-111-introductory-digital-systems-laboratory-fall-2002; new/ocw.mit.edu_6-685-electric-machines-fall-2013; new/ocw.mit.edu_6-691-seminar-in-electric-power-systems-spring-2006
James Poterba,0,not_found,,,,Massachusetts Institute of Technology,,,,,,,,,new/ocw.mit.edu_14-471-public-economics-i-fall-2012
James W. Swan,0,not_found,,,,Massachusetts Institute of Technology,,,,,,,,,new/ocw.mit.edu_10-34-numerical-methods-applied-to-chemical-engineering-fall-2015
Jane Connor,0,not_found,,,,Massachusetts Institute of Technology,,,,,,,,,new/ocw.mit.edu_12-103-science-and-policy-of-natural-hazards-spring-2010
Janet Chuang,0,not_found,,,,Massachusetts Institute of Technology,,,,,,,,,new/ocw.mit.edu_1-725j-chemicals-in-the-environment-fate-and-transport-fall-2004
Jason Ku,0,not_found,,,,Massachusetts Institute of Technology,,,,,,,,,new/ocw.mit.edu_6-006-introduction-to-algorithms-spring-2020
Jeffrey S. Herd,0,not_found,,,,Massachusetts Institute of Technology,,,,,,,,,new/ocw.mit.edu_res-ll-003-build-a-small-radar-system-capable-of-sensing-range-doppler-and-synthetic-aperture-radar-imaging-
Jeffrey Shapiro,0,not_found,,,,Massachusetts Institute of Technology,,,,,,,,,new/ocw.mit.edu_6-453-quantum-optical-communication-fall-2016
Jennifer J. Sun,0,not_found,,,,Cornell University,,,,,,,,,cs.cornell.edu_cs4782_2025sp
Jennifer Leaning,0,not_found,,,,Massachusetts Institute of Technology,,,,,,,,,new/ocw.mit.edu_11-941-disaster-vulnerability-and-resilience-spring-2005
Jennifer Widom,0,not_found,,,,Stanford University,,,,,,,,,web.stanford.edu_cs102
Jeremy Bernstein,0,not_found,,,,Massachusetts Institute of Technology,,,,,,,,,new/ocw.mit.edu_6-7960-deep-learning-fall-2024
Jerome Connor,0,not_found,,,,Massachusetts Institute of Technology,,,,,,,,,new/ocw.mit.edu_1-571-structural-analysis-and-control-spring-2004; new/ocw.mit.edu_1-964-design-for-sustainability-fall-2006
Jerome Milgram,0,not_found,,,,Massachusetts Institute of Technology,,,,,,,,,new/ocw.mit.edu_2-29-numerical-marine-hydrodynamics-13-024-spring-2003
Jerry Hausman,0,not_found,,,,Massachusetts Institute of Technology,,,,,,,,,new/ocw.mit.edu_15-020-competition-in-telecommunications-fall-2003
Jesse Dunietz,0,not_found,,,,Massachusetts Institute of Technology,,,,,,,,,new/ocw.mit.edu_6-096-introduction-to-c-january-iap-2011
Jesse Kroll,0,not_found,,,,Massachusetts Institute of Technology,,,,,,,,,new/ocw.mit.edu_1-84j-atmospheric-chemistry-fall-2013
Jessie Stickgold-Sarah,0,not_found,,,,Massachusetts Institute of Technology,,,,,,,,,new/ocw.mit.edu_21w-794-graduate-technical-writing-workshop-january-iap-2019
Jin Au Kong,0,not_found,,,,Massachusetts Institute of Technology,,,,,,,,,new/ocw.mit.edu_6-635-advanced-electromagnetism-spring-2003
JoAnn Carmin,0,not_found,,,,Massachusetts Institute of Technology,,,,,,,,,new/ocw.mit.edu_11-941-disaster-vulnerability-and-resilience-spring-2005; new/ocw.mit.edu_11-945-katrina-practicum-spring-2006
Joanne Stubbe,0,not_found,,,,Massachusetts Institute of Technology,,,,,,,,,new/ocw.mit.edu_5-07sc-biological-chemistry-i-fall-2013
Joel Emer,0,not_found,,,,Massachusetts Institute of Technology,,,,,,,,,new/ocw.mit.edu_6-823-computer-system-architecture-fall-2005
John Akula,0,not_found,,,,Massachusetts Institute of Technology,,,,,,,,,new/ocw.mit.edu_15-617-the-law-of-corporate-finance-and-financial-markets-spring-2004
John Attanucci,0,not_found,,,,Massachusetts Institute of Technology,,,,,,,,,new/ocw.mit.edu_1-963-a-sustainable-transportation-plan-for-mit-spring-2007
John D. E. Gabrieli,0,not_found,,,,Massachusetts Institute of Technology,,,,,,,,,new/ocw.mit.edu_9-00sc-introduction-to-psychology-fall-2011
John Essigmann,0,not_found,,,,Massachusetts Institute of Technology,,,,,,,,,new/ocw.mit.edu_20-440-analysis-of-biological-networks-be-440-fall-2004; new/ocw.mit.edu_5-07sc-biological-chemistry-i-fall-2013
John H. Reif,0,not_found,,,,Duke University,,,,,,,,,courses.cs.duke.edu_spring26_compsci590d
John Joannopoulos,0,not_found,,,,Massachusetts Institute of Technology,,,,,,,,,new/ocw.mit.edu_8-02t-electricity-and-magnetism-spring-2005
John Lienhard,0,not_found,,,,Massachusetts Institute of Technology,,,,,,,,,new/ocw.mit.edu_2-500-desalination-and-water-purification-spring-2009
John Macomber,0,not_found,,,,Massachusetts Institute of Technology,,,,,,,,,new/ocw.mit.edu_1-46-strategic-management-in-the-design-and-construction-value-chain-fall-2003; new/ocw.mit.edu_1-464-e-commerce-and-the-internet-in-real-estate-and-construction-spring-2004
John Marrero,0,not_found,,,,Massachusetts Institute of Technology,,,,,,,,,new/ocw.mit.edu_6-096-introduction-to-c-january-iap-2011
John Rosowski,0,not_found,,,,Massachusetts Institute of Technology,,,,,,,,,new/ocw.mit.edu_6-551j-acoustics-of-speech-and-hearing-fall-2004
John Vander Sande,0,not_found,,,,Massachusetts Institute of Technology,,,,,,,,,new/ocw.mit.edu_3-032-mechanical-behavior-of-materials-fall-2007
Jonathan Gruber,0,not_found,,,,Massachusetts Institute of Technology,,,,,,,,,new/ocw.mit.edu_14-01-principles-of-microeconomics-fall-2023; new/ocw.mit.edu_14-01sc-principles-of-microeconomics-fall-2011; new/ocw.mit.edu_14-472-public-economics-ii-spring-2004
Jonathan Ragan-Kelley,0,not_found,,,,University of California Berkeley,,,,,,,,,cs184.eecs.berkeley.edu_sp19
Joseph Coughlin,0,not_found,,,,Massachusetts Institute of Technology,,,,,,,,,new/ocw.mit.edu_1-253j-transportation-policy-and-environmental-limits-spring-2004
Joseph Ferreira,0,not_found,,,,Massachusetts Institute of Technology,,,,,,,,,new/ocw.mit.edu_11-208-introduction-to-computers-in-public-management-ii-january-iap-2002; new/ocw.mit.edu_11-501-introduction-to-technology-and-cities-fall-2002; new/ocw.mit.edu_11-520-a-workshop-on-geographic-information-systems-fall-2005
Joshua Tenenbaum,0,not_found,,,,Massachusetts Institute of Technology,,,,,,,,,new/ocw.mit.edu_9-66j-computational-cognitive-science-fall-2004
José Santos,0,not_found,,,,Massachusetts Institute of Technology,,,,,,,,,new/ocw.mit.edu_15-220-global-strategy-and-organization-spring-2012; new/ocw.mit.edu_15-229-managing-global-integration-spring-2012
Juan Carrasquilla,0,not_found,,,,University of Toronto,,,,,,,,,cs.toronto.edu_csc411_f18
Juan Francisco Palacios Temprano,0,not_found,,,,Massachusetts Institute of Technology,,,,,,,,,new/ocw.mit.edu_11-350-sustainable-real-estate-spring-2023
Judith Layzer,0,not_found,,,,Massachusetts Institute of Technology,,,,,,,,,new/ocw.mit.edu_11-007-resolving-public-disputes-spring-2005; new/ocw.mit.edu_11-373-science-politics-and-environmental-policy-fall-2004
Judy Hoyt,0,not_found,,,,Massachusetts Institute of Technology,,,,,,,,,new/ocw.mit.edu_6-012-microelectronic-devices-and-circuits-spring-2009
Judy Innes,0,not_found,,,,Massachusetts Institute of Technology,,,,,,,,,new/ocw.mit.edu_11-969-workshop-on-deliberative-democracy-and-dispute-resolution-summer-2005
Julian Beinart,0,not_found,,,,Massachusetts Institute of Technology,,,,,,,,,new/ocw.mit.edu_4-241j-theory-of-city-form-spring-2013
Julian Shun,0,not_found,,,,Massachusetts Institute of Technology,,,,,,,,,new/ocw.mit.edu_6-172-performance-engineering-of-software-systems-fall-2018; new/ocw.mit.edu_6-5060-algorithm-engineering-spring-2023
Justin Mazzola Paluska,0,not_found,,,,Massachusetts Institute of Technology,,,,,,,,,new/ocw.mit.edu_6-092-java-preparation-for-6-170-january-iap-2006
Justin Steil,0,not_found,,,,Massachusetts Institute of Technology,,,,,,,,,new/ocw.mit.edu_11-401-introduction-to-housing-community-and-economic-development-fall-2015
K. Dane Wittrup,0,not_found,,,,Massachusetts Institute of Technology,,,,,,,,,new/ocw.mit.edu_10-37-chemical-and-biological-reaction-engineering-spring-2007
Karen Casciotti,0,not_found,,,,Massachusetts Institute of Technology,,,,,,,,,new/ocw.mit.edu_12-742-marine-chemistry-fall-2006
Karen R. Polenske,0,not_found,,,,Massachusetts Institute of Technology,,,,,,,,,new/ocw.mit.edu_11-481j-analyzing-and-accounting-for-regional-economic-growth-spring-2009
Karin Ardon Dryer,0,not_found,,,,Massachusetts Institute of Technology,,,,,,,,,new/ocw.mit.edu_12-335-experimental-atmospheric-chemistry-fall-2014
Karl Seidman,0,not_found,,,,Massachusetts Institute of Technology,,,,,,,,,new/ocw.mit.edu_11-437-financing-economic-development-fall-2016; new/ocw.mit.edu_11-439-revitalizing-urban-main-streets-hyde-jackson-square-roslindale-square-boston-spring-2005; new/ocw.mit.edu_11-439-revitalizing-urban-main-streets-mission-hill-egleston-square-boston-spring-2003
Kate Mytty,0,not_found,,,,Massachusetts Institute of Technology,,,,,,,,,new/ocw.mit.edu_ec-716-d-lab-waste-fall-2015
Katrina LaCurts,0,not_found,,,,Massachusetts Institute of Technology,,,,,,,,,new/ocw.mit.edu_6-033-computer-system-engineering-spring-2018
Kay Tye,0,not_found,,,,Massachusetts Institute of Technology,,,,,,,,,new/ocw.mit.edu_9-17-systems-neuroscience-lab-spring-2013
Kayvon Fatahalian,0,not_found,,,,Stanford University,,,,,,,,,gfxcourses.stanford.edu_cs149_fall21
Keith McCluskey,0,not_found,,,,Massachusetts Institute of Technology,,,,,,,,,new/ocw.mit.edu_4-a21-stories-without-words-photographing-the-first-year-fall-2006
Kerry Emanuel,0,not_found,,,,Massachusetts Institute of Technology,,,,,,,,,new/ocw.mit.edu_12-103-science-and-policy-of-natural-hazards-spring-2010; new/ocw.mit.edu_12-340-global-warming-science-spring-2012; new/ocw.mit.edu_12-340x-global-warming-science-spring-2020
Konda Reddy Mopuri,0,not_found,,,,,,,,,,,,,new/krmopuri.github.io_dl24
Kristala L. Jones Prather,0,not_found,,,,Massachusetts Institute of Technology,,,,,,,,,new/ocw.mit.edu_10-492-2-integrated-chemical-engineering-topics-i-introduction-to-biocatalysis-fall-2004
Langley Keyes,0,not_found,,,,Massachusetts Institute of Technology,,,,,,,,,new/ocw.mit.edu_11-201-gateway-planning-action-fall-2002; new/ocw.mit.edu_11-423-information-and-communication-technologies-in-community-development-spring-2004; new/ocw.mit.edu_11-914-planning-communication-spring-2007
Larry Rudolph,0,not_found,,,,Massachusetts Institute of Technology,,,,,,,,,new/ocw.mit.edu_6-883-pervasive-human-centric-computing-sma-5508-spring-2006
Lawrence Brutti,0,not_found,,,,Massachusetts Institute of Technology,,,,,,,,,new/ocw.mit.edu_1-963-a-sustainable-transportation-plan-for-mit-spring-2007
Lawrence Sass,0,not_found,,,,Massachusetts Institute of Technology,,,,,,,,,new/ocw.mit.edu_4-500-introduction-to-design-computing-fall-2008; new/ocw.mit.edu_4-510-digital-design-fabrication-fall-2008
Lawrence Susskind,0,not_found,,,,Massachusetts Institute of Technology,,,,,,,,,new/ocw.mit.edu_11-201-gateway-planning-action-fall-2002; new/ocw.mit.edu_11-255-negotiation-and-dispute-resolution-in-the-public-sector-spring-2021; new/ocw.mit.edu_11-941-use-of-joint-fact-finding-in-science-intensive-policy-disputes-part-i-fall-2003
Lawrence Vale,0,not_found,,,,Massachusetts Institute of Technology,,,,,,,,,new/ocw.mit.edu_11-201-gateway-planning-action-fall-2005; new/ocw.mit.edu_11-947-imaging-the-city-the-place-of-media-in-city-design-and-development-fall-1998
Leigh Royden,0,not_found,,,,Massachusetts Institute of Technology,,,,,,,,,new/ocw.mit.edu_12-002-physics-and-chemistry-of-the-terrestrial-planets-fall-2008
Leonardo Diaz Borioli,0,not_found,,,,Massachusetts Institute of Technology,,,,,,,,,new/ocw.mit.edu_4-638-drawings-numbers-five-centuries-of-digital-design-fall-2002
Leonid Levitov,0,not_found,,,,Massachusetts Institute of Technology,,,,,,,,,new/ocw.mit.edu_8-311-electromagnetic-theory-spring-2004; new/ocw.mit.edu_8-514-strongly-correlated-systems-in-condensed-matter-physics-fall-2003
Leonid Mirny,0,not_found,,,,Massachusetts Institute of Technology,,,,,,,,,new/ocw.mit.edu_8-592j-statistical-physics-in-biology-spring-2011
Les Norford,0,not_found,,,,Massachusetts Institute of Technology,,,,,,,,,new/ocw.mit.edu_4-411-building-technology-laboratory-spring-2004
Leslie Ann Roldan,0,not_found,,,,Massachusetts Institute of Technology,,,,,,,,,new/ocw.mit.edu_21w-794-graduate-technical-writing-workshop-january-iap-2019; new/ocw.mit.edu_7-18-topics-in-experimental-biology-fall-2005
Leslie Kaelbling,0,not_found,,,,Massachusetts Institute of Technology,,,,,,,,,new/ocw.mit.edu_6-01sc-introduction-to-electrical-engineering-and-computer-science-i-spring-2011; new/ocw.mit.edu_6-034-artificial-intelligence-spring-2005; new/ocw.mit.edu_6-186-mobile-autonomous-systems-laboratory-january-iap-2005
Lidia Cano Pecharroman,0,not_found,,,,Massachusetts Institute of Technology,,,,,,,,,new/ocw.mit.edu_11-255-negotiation-and-dispute-resolution-in-the-public-sector-spring-2021
Lionel C. Kimerling,0,not_found,,,,Massachusetts Institute of Technology,,,,,,,,,new/ocw.mit.edu_3-003-principles-of-engineering-practice-spring-2010; new/ocw.mit.edu_3-46-photonic-materials-and-devices-spring-2006
Louis Braida,0,not_found,,,,Massachusetts Institute of Technology,,,,,,,,,new/ocw.mit.edu_6-551j-acoustics-of-speech-and-hearing-fall-2004
Luca Daniel,0,not_found,,,,Massachusetts Institute of Technology,,,,,,,,,new/ocw.mit.edu_6-336j-introduction-to-numerical-simulation-sma-5211-fall-2003
Lucy C. Jen,0,not_found,,,,Massachusetts Institute of Technology,,,,,,,,,new/ocw.mit.edu_1-322-soil-behavior-spring-2005; new/ocw.mit.edu_1-361-advanced-soil-mechanics-fall-2004
Lucy Mendel,0,not_found,,,,Massachusetts Institute of Technology,,,,,,,,,new/ocw.mit.edu_6-092-java-preparation-for-6-170-january-iap-2006
Madhu Sudan,0,not_found,,,,Massachusetts Institute of Technology,,,,,,,,,new/ocw.mit.edu_6-895-essential-coding-theory-fall-2004
Manos Chaniotakis,0,not_found,,,,Massachusetts Institute of Technology,,,,,,,,,new/ocw.mit.edu_6-071j-introduction-to-electronics-signals-and-measurement-spring-2006
Marco Ramoni,0,not_found,,,,Massachusetts Institute of Technology,,,,,,,,,new/ocw.mit.edu_6-092-bioinformatics-and-proteomics-january-iap-2005
Mariana Arcaya,0,not_found,,,,Massachusetts Institute of Technology,,,,,,,,,new/ocw.mit.edu_11-s941-healthy-cities-assessing-health-impacts-of-policies-and-plans-spring-2016
Marilee Ogren-Balkema,0,not_found,,,,Massachusetts Institute of Technology,,,,,,,,,new/ocw.mit.edu_7-02ci-experimental-biology-communications-intensive-spring-2005
Mario Carpo,0,not_found,,,,Massachusetts Institute of Technology,,,,,,,,,new/ocw.mit.edu_4-638-drawings-numbers-five-centuries-of-digital-design-fall-2002
Mark Jarzombek,0,not_found,,,,Massachusetts Institute of Technology,,,,,,,,,new/ocw.mit.edu_4-605-introduction-to-the-history-and-theory-of-architecture-spring-2012; new/ocw.mit.edu_4-607-thinking-about-architecture-in-history-and-at-present-fall-2009
Mark Vogelsberger,0,not_found,,,,Massachusetts Institute of Technology,,,,,,,,,new/ocw.mit.edu_8-902-astrophysics-ii-fall-2023
Markus Klute,0,not_found,,,,Massachusetts Institute of Technology,,,,,,,,,new/ocw.mit.edu_8-701-introduction-to-nuclear-and-particle-physics-fall-2020
Markus Zahn,0,not_found,,,,Massachusetts Institute of Technology,,,,,,,,,new/ocw.mit.edu_6-013-electromagnetics-and-applications-fall-2005; new/ocw.mit.edu_6-641-electromagnetic-fields-forces-and-motion-spring-2005; new/ocw.mit.edu_6-641-electromagnetic-fields-forces-and-motion-spring-2009
Martin Culpepper,0,not_found,,,,Massachusetts Institute of Technology,,,,,,,,,new/ocw.mit.edu_2-000-how-and-why-machines-work-spring-2002; new/ocw.mit.edu_2-72-elements-of-mechanical-design-spring-2009; new/ocw.mit.edu_2-75-precision-machine-design-fall-2001
Martin Demaine,0,not_found,,,,Massachusetts Institute of Technology,,,,,,,,,new/ocw.mit.edu_4-491-form-finding-and-structural-optimization-gaudi-workshop-fall-2004
Martin Polz,0,not_found,,,,Massachusetts Institute of Technology,,,,,,,,,new/ocw.mit.edu_1-89-environmental-microbiology-fall-2004
Martin Rein,0,not_found,,,,Massachusetts Institute of Technology,,,,,,,,,new/ocw.mit.edu_11-800-doctoral-research-seminar-knowledge-in-the-public-arena-spring-2007
Martin Rinard,0,not_found,,,,Massachusetts Institute of Technology,,,,,,,,,new/ocw.mit.edu_6-035-computer-language-engineering-sma-5502-fall-2005; new/ocw.mit.edu_6-035-computer-language-engineering-spring-2010; new/ocw.mit.edu_6-826-principles-of-computer-systems-spring-2002
Mary C. Potter,0,not_found,,,,Massachusetts Institute of Technology,,,,,,,,,new/ocw.mit.edu_9-65-cognitive-processes-spring-2004
Mary Wootters,0,not_found,,,,,,,,,,,,,cs161-stanford.github.io
Mathias Kolle,0,not_found,,,,Massachusetts Institute of Technology,,,,,,,,,new/ocw.mit.edu_2-674-micro-nano-engineering-laboratory-spring-2016
Maxine Jonas,0,not_found,,,,Massachusetts Institute of Technology,,,,,,,,,new/ocw.mit.edu_20-410j-molecular-cellular-and-tissue-biomechanics-be-410j-spring-2003; new/ocw.mit.edu_9-123-neurotechnology-in-action-fall-2014
Meg Tivey,0,not_found,,,,Massachusetts Institute of Technology,,,,,,,,,new/ocw.mit.edu_12-742-marine-chemistry-fall-2006
Melissa Nobles,0,not_found,,,,Massachusetts Institute of Technology,,,,,,,,,new/ocw.mit.edu_17-523-ethnicity-and-race-in-world-politics-fall-2005
Michael C. Frank,0,not_found,,,,Stanford University,,,,,,,,,new/web.stanford.edu_cs25
Michael Frumin,0,not_found,,,,Massachusetts Institute of Technology,,,,,,,,,new/ocw.mit.edu_1-201j-transportation-systems-analysis-demand-and-economics-fall-2008
Michael Perrott,0,not_found,,,,Massachusetts Institute of Technology,,,,,,,,,new/ocw.mit.edu_6-776-high-speed-communication-circuits-spring-2005; new/ocw.mit.edu_6-976-high-speed-communication-circuits-and-systems-spring-2003
Michael Thilmont,0,not_found,,,,Massachusetts Institute of Technology,,,,,,,,,new/ocw.mit.edu_6-270-autonomous-robot-design-competition-january-iap-2005
Michael Triantafyllou,0,not_found,,,,Massachusetts Institute of Technology,,,,,,,,,new/ocw.mit.edu_2-154-maneuvering-and-control-of-surface-and-underwater-vehicles-13-49-fall-2004
Michel Goemans,0,not_found,,,,Massachusetts Institute of Technology,,,,,,,,,new/ocw.mit.edu_6-854j-advanced-algorithms-fall-2008
Michelle Mischke,0,not_found,,,,Massachusetts Institute of Technology,,,,,,,,,new/ocw.mit.edu_7-014-introductory-biology-spring-2005; new/ocw.mit.edu_7-01sc-fundamentals-of-biology-fall-2011; new/ocw.mit.edu_7-03-genetics-fall-2004
Milo Phillips-Brown,0,not_found,,,,Massachusetts Institute of Technology,,,,,,,,,new/ocw.mit.edu_24-01-classics-of-western-philosophy-spring-2016
Miranda McGill,0,not_found,,,,Massachusetts Institute of Technology,,,,,,,,,new/ocw.mit.edu_4-184-architectural-design-workshops-computational-design-for-housing-spring-2002
Miriam Balaban,0,not_found,,,,Massachusetts Institute of Technology,,,,,,,,,new/ocw.mit.edu_2-500-desalination-and-water-purification-spring-2009
Mohammad Movassaghi,0,not_found,,,,Massachusetts Institute of Technology,,,,,,,,,new/ocw.mit.edu_5-43-advanced-organic-chemistry-spring-2007
Moses Charikar,0,not_found,,,,,,,,,,,,,stanford-cs161.github.io_winter2024
Moshe Ben-Akiva,0,not_found,,,,Massachusetts Institute of Technology,,,,,,,,,new/ocw.mit.edu_1-201j-transportation-systems-analysis-demand-and-economics-fall-2008
Myron Spector,0,not_found,,,,Massachusetts Institute of Technology,,,,,,,,,new/ocw.mit.edu_2-782j-design-of-medical-devices-and-implants-spring-2006; new/ocw.mit.edu_2-782j-design-of-medical-devices-and-implants-spring-2025; new/ocw.mit.edu_2-785j-cell-matrix-mechanics-fall-2016
Nam Suh,0,not_found,,,,Massachusetts Institute of Technology,,,,,,,,,new/ocw.mit.edu_2-800-tribology-fall-2004; new/ocw.mit.edu_2-882-system-design-and-analysis-based-on-ad-and-complexity-theories-spring-2005
Neville Hogan,0,not_found,,,,Massachusetts Institute of Technology,,,,,,,,,new/ocw.mit.edu_2-141-modeling-and-simulation-of-dynamic-systems-fall-2006
Nicholas Hadjiconstantinou,0,not_found,,,,Massachusetts Institute of Technology,,,,,,,,,new/ocw.mit.edu_2-003j-dynamics-and-control-i-spring-2007; new/ocw.mit.edu_6-336j-introduction-to-numerical-simulation-sma-5211-fall-2003
Nicholas Patrikalakis,0,not_found,,,,Massachusetts Institute of Technology,,,,,,,,,new/ocw.mit.edu_2-158j-computational-geometry-spring-2003
Nick Troccoli,0,not_found,,,,Stanford University,,,,,,,,,web.stanford.edu_cs106a_cs106a.1178; web.stanford.edu_cs110; web.stanford.edu_cs111_cs111.1232
Nicola Marzari,0,not_found,,,,Massachusetts Institute of Technology,,,,,,,,,new/ocw.mit.edu_3-012-fundamentals-of-materials-science-fall-2005; new/ocw.mit.edu_3-23-electrical-optical-and-magnetic-properties-of-materials-fall-2007; new/ocw.mit.edu_3-320-atomistic-computer-modeling-of-materials-sma-5107-spring-2005
Nigel Wilson,0,not_found,,,,Massachusetts Institute of Technology,,,,,,,,,new/ocw.mit.edu_1-201j-introduction-to-transportation-systems-fall-2006; new/ocw.mit.edu_1-224j-carrier-systems-fall-2003; new/ocw.mit.edu_1-258j-public-transportation-systems-spring-2017
Nima Anari,0,not_found,,,,,,,,,,,,,stanford-cs161.github.io_winter2024
Oliver Jagoutz,0,not_found,,,,Massachusetts Institute of Technology,,,,,,,,,new/ocw.mit.edu_12-001-introduction-to-geology-fall-2013
Olivier Blanchard,0,not_found,,,,Massachusetts Institute of Technology,,,,,,,,,new/ocw.mit.edu_14-452-macroeconomic-theory-ii-spring-2007; new/ocw.mit.edu_14-462-advanced-macroeconomics-ii-spring-2007
Orhan Celiker,0,not_found,,,,Massachusetts Institute of Technology,,,,,,,,,new/ocw.mit.edu_6-057-introduction-to-matlab-january-iap-2019
Paola Rizzoli,0,not_found,,,,Massachusetts Institute of Technology,,,,,,,,,new/ocw.mit.edu_12-802-wave-motion-in-the-ocean-and-the-atmosphere-spring-2008
Paul D. Sclavounos,0,not_found,,,,Massachusetts Institute of Technology,,,,,,,,,new/ocw.mit.edu_2-24-ocean-wave-interaction-with-ships-and-offshore-energy-systems-13-022-spring-2002
Paul O'Gorman,0,not_found,,,,Massachusetts Institute of Technology,,,,,,,,,new/ocw.mit.edu_12-810-dynamics-of-the-atmosphere-spring-2023
Paul T. Matsudaira,0,not_found,,,,Massachusetts Institute of Technology,,,,,,,,,new/ocw.mit.edu_7-18-topics-in-experimental-biology-fall-2005
Paula Hammond,0,not_found,,,,Massachusetts Institute of Technology,,,,,,,,,new/ocw.mit.edu_10-569-synthesis-of-polymers-fall-2006
Paula Welander,0,not_found,,,,Massachusetts Institute of Technology,,,,,,,,,new/ocw.mit.edu_12-158-molecular-biogeochemistry-fall-2011
Paulo Lozano,0,not_found,,,,Massachusetts Institute of Technology,,,,,,,,,new/ocw.mit.edu_16-55-ionized-gases-fall-2014
Pedro Reynolds-Cuellar,0,not_found,,,,Massachusetts Institute of Technology,,,,,,,,,new/ocw.mit.edu_ec-716-d-lab-waste-fall-2015
Penny Chisholm,0,not_found,,,,Massachusetts Institute of Technology,,,,,,,,,new/ocw.mit.edu_1-018j-ecology-i-the-earth-system-fall-2009; new/ocw.mit.edu_7-014-introductory-biology-spring-2005
Pericles Zegras,0,not_found,,,,Massachusetts Institute of Technology,,,,,,,,,new/ocw.mit.edu_11-943j-urban-transportation-land-use-and-the-environment-spring-2002; new/ocw.mit.edu_11-953-comparative-land-use-and-transportation-planning-spring-2006
Peter H. Schiller,0,not_found,,,,Massachusetts Institute of Technology,,,,,,,,,new/ocw.mit.edu_9-04-sensory-systems-fall-2013
Peter Hagelstein,0,not_found,,,,Massachusetts Institute of Technology,,,,,,,,,new/ocw.mit.edu_6-011-signals-systems-and-inference-spring-2018
Peter So,0,not_found,,,,Massachusetts Institute of Technology,,,,,,,,,new/ocw.mit.edu_2-003j-dynamics-and-control-i-spring-2007
Phil Blunsom,0,not_found,,,,,,,,,,,,,github.com_oxford-cs-deepnlp-2017
Phillip Isola,0,not_found,,,,Massachusetts Institute of Technology,,,,,,,,,new/ocw.mit.edu_6-7960-deep-learning-fall-2024
Pierre Lermusiaux,0,not_found,,,,Massachusetts Institute of Technology,,,,,,,,,new/ocw.mit.edu_2-29-numerical-fluid-mechanics-spring-2015
Polina Golland,0,not_found,,,,Massachusetts Institute of Technology,,,,,,,,,new/ocw.mit.edu_6-881-representation-and-modeling-for-image-analysis-spring-2005
R. Alan Plumb,0,not_found,,,,Massachusetts Institute of Technology,,,,,,,,,new/ocw.mit.edu_12-333-atmospheric-and-ocean-circulations-spring-2004
Rafael Jaramillo,0,not_found,,,,Massachusetts Institute of Technology,,,,,,,,,new/ocw.mit.edu_3-020-thermodynamics-of-materials-spring-2021
Rajeev Ram,0,not_found,,,,Massachusetts Institute of Technology,,,,,,,,,new/ocw.mit.edu_6-007-electromagnetic-energy-from-motors-to-lasers-spring-2011; new/ocw.mit.edu_6-730-physics-for-solid-state-applications-spring-2003
Ram Sasisekharan,0,not_found,,,,Massachusetts Institute of Technology,,,,,,,,,new/ocw.mit.edu_20-440-analysis-of-biological-networks-be-440-fall-2004
Ran Canetti,0,not_found,,,,Massachusetts Institute of Technology,,,,,,,,,new/ocw.mit.edu_6-897-selected-topics-in-cryptography-spring-2004
Randolph Kirchain,0,not_found,,,,Massachusetts Institute of Technology,,,,,,,,,new/ocw.mit.edu_3-080-economic-environmental-issues-in-materials-selection-fall-2005
Ray He,0,not_found,,,,Massachusetts Institute of Technology,,,,,,,,,new/ocw.mit.edu_6-092-java-preparation-for-6-170-january-iap-2006
Raúl Radovitzky,0,not_found,,,,Massachusetts Institute of Technology,,,,,,,,,new/ocw.mit.edu_16-21-techniques-for-structural-analysis-and-design-spring-2005; new/ocw.mit.edu_16-225-computational-mechanics-of-materials-fall-2003
Rebecca Saxe,0,not_found,,,,Massachusetts Institute of Technology,,,,,,,,,new/ocw.mit.edu_9-916-special-topics-social-animals-fall-2009
Ricardo Caballero,0,not_found,,,,Massachusetts Institute of Technology,,,,,,,,,new/ocw.mit.edu_14-454-economic-crises-spring-2011
Richard Lindzen,0,not_found,,,,Massachusetts Institute of Technology,,,,,,,,,new/ocw.mit.edu_12-810-dynamics-of-the-atmosphere-spring-2008
Richard Locke,0,not_found,,,,Massachusetts Institute of Technology,,,,,,,,,new/ocw.mit.edu_15-224-global-markets-national-politics-and-the-competitive-advantage-of-firms-spring-2003
Richard Schmalensee,0,not_found,,,,Massachusetts Institute of Technology,,,,,,,,,new/ocw.mit.edu_15-031j-energy-decisions-markets-and-policies-spring-2012
Richard Sennett,0,not_found,,,,Massachusetts Institute of Technology,,,,,,,,,new/ocw.mit.edu_11-329-social-theory-and-the-city-fall-2005
Rick Danheiser,0,not_found,,,,Massachusetts Institute of Technology,,,,,,,,,new/ocw.mit.edu_5-37-introduction-to-organic-synthesis-laboratory-spring-2009; new/ocw.mit.edu_5-512-synthetic-organic-chemistry-ii-spring-2005
Rob Reich,0,not_found,,,,Stanford University,,,,,,,,,new/web.stanford.edu_cs182
Robert Berwick,0,not_found,,,,Massachusetts Institute of Technology,,,,,,,,,new/ocw.mit.edu_6-863j-natural-language-and-the-computer-representation-of-knowledge-spring-2003; new/ocw.mit.edu_6-877j-computational-evolutionary-biology-fall-2005
Robert C Armstrong,0,not_found,,,,Massachusetts Institute of Technology,,,,,,,,,new/ocw.mit.edu_2-341j-macromolecular-hydrodynamics-spring-2016
Robert Gallager,0,not_found,,,,Massachusetts Institute of Technology,,,,,,,,,new/ocw.mit.edu_6-450-principles-of-digital-communications-i-fall-2006
Robert Guy Griffin,0,not_found,,,,Massachusetts Institute of Technology,,,,,,,,,new/ocw.mit.edu_5-61-physical-chemistry-fall-2007; new/ocw.mit.edu_5-62-physical-chemistry-ii-spring-2008
Robert M. Townsend,0,not_found,,,,Massachusetts Institute of Technology,,,,,,,,,new/ocw.mit.edu_14-772-development-economics-macroeconomics-spring-2013
Robert McClatchey,0,not_found,,,,Massachusetts Institute of Technology,,,,,,,,,new/ocw.mit.edu_12-815-atmospheric-radiation-fall-2006; new/ocw.mit.edu_12-815-atmospheric-radiation-fall-2008
Robert O'Handley,0,not_found,,,,Massachusetts Institute of Technology,,,,,,,,,new/ocw.mit.edu_6-152j-micro-nano-processing-technology-fall-2005
Robert Toscano,0,not_found,,,,Massachusetts Institute of Technology,,,,,,,,,new/ocw.mit.edu_6-092-java-preparation-for-6-170-january-iap-2006
Robert Van Der Hilst,0,not_found,,,,Massachusetts Institute of Technology,,,,,,,,,new/ocw.mit.edu_12-201-essentials-of-geophysics-fall-2004; new/ocw.mit.edu_12-510-introduction-to-seismology-spring-2010; new/ocw.mit.edu_12-570-seminar-in-geophysics-mantle-convection-spring-1998
Robert Vanderbei,0,not_found,,,,Princeton University,,,,,,,,,new/vanderbei.princeton.edu_245_Fall14
Roberto Rigobon,0,not_found,,,,Massachusetts Institute of Technology,,,,,,,,,new/ocw.mit.edu_15-012-applied-macro-and-international-economics-spring-2011; new/ocw.mit.edu_15-014-applied-macro-and-international-economics-ii-spring-2016
Rodric Rabbah,0,not_found,,,,Massachusetts Institute of Technology,,,,,,,,,new/ocw.mit.edu_6-189-multicore-programming-primer-january-iap-2007
Roger Summons,0,not_found,,,,Massachusetts Institute of Technology,,,,,,,,,new/ocw.mit.edu_12-007-geobiology-spring-2013; new/ocw.mit.edu_12-158-molecular-biogeochemistry-fall-2011
Rohit Karnik,0,not_found,,,,Massachusetts Institute of Technology,,,,,,,,,new/ocw.mit.edu_2-674-micro-nano-engineering-laboratory-spring-2016
Ryan Rifkin,0,not_found,,,,Massachusetts Institute of Technology,,,,,,,,,new/ocw.mit.edu_9-520-statistical-learning-theory-and-applications-spring-2003
Sai Ravela,0,not_found,,,,Massachusetts Institute of Technology,,,,,,,,,new/ocw.mit.edu_12-s990-quantifying-uncertainty-fall-2012
Said Saillant,0,not_found,,,,Massachusetts Institute of Technology,,,,,,,,,new/ocw.mit.edu_24-01-classics-of-western-philosophy-spring-2016
Sallie Chisholm,0,not_found,,,,Massachusetts Institute of Technology,,,,,,,,,new/ocw.mit.edu_7-01sc-fundamentals-of-biology-fall-2011
Sam Warner,0,not_found,,,,Massachusetts Institute of Technology,,,,,,,,,new/ocw.mit.edu_11-947-imaging-the-city-the-place-of-media-in-city-design-and-development-fall-1998
Saman Amarasinghe,0,not_found,,,,Massachusetts Institute of Technology,,,,,,,,,new/ocw.mit.edu_6-035-computer-language-engineering-sma-5502-fall-2005; new/ocw.mit.edu_6-035-computer-language-engineering-spring-2010; new/ocw.mit.edu_6-189-multicore-programming-primer-january-iap-2007
Samuel Bowring,0,not_found,,,,Massachusetts Institute of Technology,,,,,,,,,new/ocw.mit.edu_12-119-analytical-techniques-for-studying-environmental-and-geologic-samples-spring-2011
Samuel Madden,0,not_found,,,,Massachusetts Institute of Technology,,,,,,,,,new/ocw.mit.edu_6-5830-database-systems-fall-2023; new/ocw.mit.edu_6-830-database-systems-fall-2010
Sanjay Sarma,0,not_found,,,,Massachusetts Institute of Technology,,,,,,,,,new/ocw.mit.edu_2-003j-dynamics-and-control-i-spring-2007; new/ocw.mit.edu_esd-290-special-topics-in-supply-chain-management-spring-2005
Sara Beery,0,not_found,,,,Massachusetts Institute of Technology,,,,,,,,,new/ocw.mit.edu_6-7960-deep-learning-fall-2024
Sara Seager,0,not_found,,,,Massachusetts Institute of Technology,,,,,,,,,new/ocw.mit.edu_12-340-global-warming-science-spring-2012; new/ocw.mit.edu_12-425-extrasolar-planets-physics-and-detection-techniques-fall-2007; new/ocw.mit.edu_12-815-atmospheric-radiation-fall-2008
Sarah Tabacco,0,not_found,,,,Massachusetts Institute of Technology,,,,,,,,,new/ocw.mit.edu_5-12-organic-chemistry-i-spring-2003; new/ocw.mit.edu_5-13-organic-chemistry-ii-fall-2003
Sarina Canelake,0,not_found,,,,Massachusetts Institute of Technology,,,,,,,,,new/ocw.mit.edu_6-189-a-gentle-introduction-to-programming-using-python-january-iap-2011
Scott Doney,0,not_found,,,,Massachusetts Institute of Technology,,,,,,,,,new/ocw.mit.edu_12-742-marine-chemistry-fall-2006
Scott Manalis,0,not_found,,,,Massachusetts Institute of Technology,,,,,,,,,new/ocw.mit.edu_20-330j-fields-forces-and-flows-in-biological-systems-spring-2007
Scott Ostler,0,not_found,,,,Massachusetts Institute of Technology,,,,,,,,,new/ocw.mit.edu_6-092-java-preparation-for-6-170-january-iap-2006
Se Baek Oh,0,not_found,,,,Massachusetts Institute of Technology,,,,,,,,,new/ocw.mit.edu_2-71-optics-spring-2009
Sebastian Seung,0,not_found,,,,Massachusetts Institute of Technology,,,,,,,,,new/ocw.mit.edu_9-29j-introduction-to-computational-neuroscience-spring-2004; new/ocw.mit.edu_9-641j-introduction-to-neural-networks-spring-2005
Senthil Todadri,0,not_found,,,,Massachusetts Institute of Technology,,,,,,,,,new/ocw.mit.edu_8-321-quantum-theory-i-fall-2017; new/ocw.mit.edu_8-513-many-body-theory-for-condensed-matter-systems-fall-2004
Sharat Chikkerur,0,not_found,,,,Massachusetts Institute of Technology,,,,,,,,,new/ocw.mit.edu_6-087-practical-programming-in-c-january-iap-2010
Simon Greenwold,0,not_found,,,,Massachusetts Institute of Technology,,,,,,,,,new/ocw.mit.edu_4-491-form-finding-and-structural-optimization-gaudi-workshop-fall-2004
Soheil Feizi-Khankandi,0,not_found,,,,Massachusetts Institute of Technology,,,,,,,,,new/ocw.mit.edu_6-450-principles-of-digital-communication-i-fall-2009
Stan Finkelstein,0,not_found,,,,Massachusetts Institute of Technology,,,,,,,,,new/ocw.mit.edu_15-136j-principles-and-practice-of-drug-development-fall-2013
Stanley Gershwin,0,not_found,,,,Massachusetts Institute of Technology,,,,,,,,,new/ocw.mit.edu_2-852-manufacturing-systems-analysis-spring-2010; new/ocw.mit.edu_2-854-introduction-to-manufacturing-systems-fall-2016
Stefanie Shattuck-Hufnagel,0,not_found,,,,Massachusetts Institute of Technology,,,,,,,,,new/ocw.mit.edu_6-911-transcribing-prosodic-structure-of-spoken-utterances-with-tobi-january-iap-2006
Stephan L. Chorover,0,not_found,,,,Massachusetts Institute of Technology,,,,,,,,,new/ocw.mit.edu_9-68-affect-neurobiological-psychological-and-sociocultural-counterparts-of-feelings-spring-2013; new/ocw.mit.edu_9-70-social-psychology-spring-2013
Stephane Rondenay,0,not_found,,,,Massachusetts Institute of Technology,,,,,,,,,new/ocw.mit.edu_12-103-science-and-policy-of-natural-hazards-spring-2010; new/ocw.mit.edu_12-570-structure-and-dynamics-of-the-cmb-region-spring-2004
Steve Kogon,0,not_found,,,,Massachusetts Institute of Technology,,,,,,,,,new/ocw.mit.edu_res-ll-003-build-a-small-radar-system-capable-of-sensing-range-doppler-and-synthetic-aperture-radar-imaging-
Susan Murcott,0,not_found,,,,Massachusetts Institute of Technology,,,,,,,,,new/ocw.mit.edu_11-479j-water-and-sanitation-infrastructure-in-developing-countries-spring-2007; new/ocw.mit.edu_ec-715-d-lab-water-sanitation-and-hygiene-fall-2019
Susan Ruff,0,not_found,,,,Massachusetts Institute of Technology,,,,,,,,,new/ocw.mit.edu_6-152j-micro-nano-processing-technology-fall-2005
Susan Silberberg,0,not_found,,,,Massachusetts Institute of Technology,,,,,,,,,new/ocw.mit.edu_11-001j-introduction-to-urban-design-and-development-spring-2006; new/ocw.mit.edu_11-439-revitalizing-urban-main-streets-hyde-jackson-square-roslindale-square-boston-spring-2005; new/ocw.mit.edu_11-439-revitalizing-urban-main-streets-mission-hill-egleston-square-boston-spring-2003
Susanne Seitinger,0,not_found,,,,Massachusetts Institute of Technology,,,,,,,,,new/ocw.mit.edu_11-947-new-century-cities-real-estate-digital-technology-and-design-fall-2004
Suzanne Corkin,0,not_found,,,,Massachusetts Institute of Technology,,,,,,,,,new/ocw.mit.edu_9-03-neural-basis-of-learning-and-memory-fall-2007; new/ocw.mit.edu_9-458-parkinsons-disease-workshop-summer-2006
Suzanne T. Lane,0,not_found,,,,Massachusetts Institute of Technology,,,,,,,,,new/ocw.mit.edu_21w-794-graduate-technical-writing-workshop-january-iap-2019
Sylvia Ceyer,0,not_found,,,,Massachusetts Institute of Technology,,,,,,,,,new/ocw.mit.edu_5-112-principles-of-chemical-science-fall-2005
Takashi Maekawa,0,not_found,,,,Massachusetts Institute of Technology,,,,,,,,,new/ocw.mit.edu_2-158j-computational-geometry-spring-2003
Tanja Bosak,0,not_found,,,,Massachusetts Institute of Technology,,,,,,,,,new/ocw.mit.edu_12-007-geobiology-spring-2013
Ted Gibson,0,not_found,,,,Massachusetts Institute of Technology,,,,,,,,,new/ocw.mit.edu_9-98-language-and-mind-january-iap-2003
Terrence Joyce,0,not_found,,,,Massachusetts Institute of Technology,,,,,,,,,new/ocw.mit.edu_12-808-introduction-to-observational-physical-oceanography-fall-2004
Terry Orlando,0,not_found,,,,Massachusetts Institute of Technology,,,,,,,,,new/ocw.mit.edu_6-730-physics-for-solid-state-applications-spring-2003; new/ocw.mit.edu_6-763-applied-superconductivity-fall-2005
Terry Szold,0,not_found,,,,Massachusetts Institute of Technology,,,,,,,,,new/ocw.mit.edu_11-360-community-growth-and-land-use-planning-fall-2003; new/ocw.mit.edu_11-360-community-growth-and-land-use-planning-fall-2005; new/ocw.mit.edu_11-360-community-growth-and-land-use-planning-fall-2006
Thomas Grayson,0,not_found,,,,Massachusetts Institute of Technology,,,,,,,,,new/ocw.mit.edu_11-208-introduction-to-computers-in-public-management-ii-january-iap-2002
Thomas Greytak,0,not_found,,,,Massachusetts Institute of Technology,,,,,,,,,new/ocw.mit.edu_8-044-statistical-physics-i-spring-2013
Thomas Magnanti,0,not_found,,,,Massachusetts Institute of Technology,,,,,,,,,new/ocw.mit.edu_15-094j-systems-optimization-models-and-computation-sma-5223-spring-2004
Thomas Stoker,0,not_found,,,,Massachusetts Institute of Technology,,,,,,,,,new/ocw.mit.edu_15-010-economic-analysis-for-business-decisions-fall-2004
Tim Dettmers,0,not_found,,,,Carnegie Mellon University,,,,,,,,,dlsyscourse.org
Timothy Eglinton,0,not_found,,,,Massachusetts Institute of Technology,,,,,,,,,new/ocw.mit.edu_12-746-marine-organic-geochemistry-spring-2005
Timothy F. Jamison,0,not_found,,,,Massachusetts Institute of Technology,,,,,,,,,new/ocw.mit.edu_5-13-organic-chemistry-ii-fall-2003; new/ocw.mit.edu_5-13-organic-chemistry-ii-fall-2006
Tod McGrath,0,not_found,,,,Massachusetts Institute of Technology,,,,,,,,,new/ocw.mit.edu_11-431j-real-estate-finance-and-investment-fall-2006; new/ocw.mit.edu_11-432j-real-estate-capital-markets-spring-2007
Tom Lieber,0,not_found,,,,Massachusetts Institute of Technology,,,,,,,,,new/ocw.mit.edu_6-s096-introduction-to-c-and-c-january-iap-2013
Tomasz Wierzbicki,0,not_found,,,,Massachusetts Institute of Technology,,,,,,,,,new/ocw.mit.edu_2-067-advanced-structural-dynamics-and-acoustics-13-811-spring-2004; new/ocw.mit.edu_2-080j-structural-mechanics-fall-2013
Tomás Lozano-Pérez,0,not_found,,,,Massachusetts Institute of Technology,,,,,,,,,new/ocw.mit.edu_6-01sc-introduction-to-electrical-engineering-and-computer-science-i-spring-2011; new/ocw.mit.edu_6-034-artificial-intelligence-spring-2005; new/ocw.mit.edu_6-825-techniques-in-artificial-intelligence-sma-5504-fall-2002
Tonio Buonassisi,0,not_found,,,,Massachusetts Institute of Technology,,,,,,,,,new/ocw.mit.edu_2-627-fundamentals-of-photovoltaics-fall-2013
Travis Franck,0,not_found,,,,Massachusetts Institute of Technology,,,,,,,,,new/ocw.mit.edu_15-023j-global-climate-change-economics-science-and-policy-spring-2008
Triantaphyllos Akylas,0,not_found,,,,Massachusetts Institute of Technology,,,,,,,,,new/ocw.mit.edu_2-062j-wave-propagation-spring-2017
Ute Meta Bauer,0,not_found,,,,Massachusetts Institute of Technology,,,,,,,,,new/ocw.mit.edu_4-303-the-production-of-space-art-architecture-and-urbanism-in-dialogue-fall-2006
Victor Chernozhukov,0,not_found,,,,Massachusetts Institute of Technology,,,,,,,,,new/ocw.mit.edu_14-382-econometrics-spring-2017; new/ocw.mit.edu_14-385-nonlinear-econometric-analysis-fall-2007; new/ocw.mit.edu_14-387-applied-econometrics-mostly-harmless-big-data-fall-2014
Victor Grau Serrat,0,not_found,,,,Massachusetts Institute of Technology,,,,,,,,,new/ocw.mit.edu_ec-701j-d-lab-i-development-fall-2009
Victor Zue,0,not_found,,,,Massachusetts Institute of Technology,,,,,,,,,new/ocw.mit.edu_6-345-automatic-speech-recognition-spring-2003
Victoria Kirst,0,not_found,,,,Stanford University,,,,,,,,,web.stanford.edu_cs193x_cs193x.1176
Vincent Sitzmann,0,not_found,,,,Massachusetts Institute of Technology,,,,,,,,,new/ocw.mit.edu_6-8300-advances-in-computer-vision-spring-2025; new/ocw.mit.edu_6-s980-machine-learning-for-inverse-graphics-fall-2022
Vladimir Bulovic,0,not_found,,,,Massachusetts Institute of Technology,,,,,,,,,new/ocw.mit.edu_6-007-electromagnetic-energy-from-motors-to-lasers-spring-2011; new/ocw.mit.edu_6-973-organic-optoelectronics-spring-2003
Wade A. Fagen-Ulmschneider,0,not_found,,,,University of Illinois,,,,,,,,,courses.grainger.illinois.edu_cs225_sp2024
Wai Cheng,0,not_found,,,,Massachusetts Institute of Technology,,,,,,,,,new/ocw.mit.edu_2-61-internal-combustion-engines-spring-2017
Washington Taylor,0,not_found,,,,Massachusetts Institute of Technology,,,,,,,,,new/ocw.mit.edu_8-21-the-physics-of-energy-fall-2009; new/ocw.mit.edu_8-322-quantum-theory-ii-spring-2003
William Broadhead,0,not_found,,,,Massachusetts Institute of Technology,,,,,,,,,new/ocw.mit.edu_21h-132-the-ancient-world-rome-spring-2017
William Li,0,not_found,,,,Massachusetts Institute of Technology,,,,,,,,,new/ocw.mit.edu_6-811-principles-and-practice-of-assistive-technology-fall-2014
William Shutkin,0,not_found,,,,Massachusetts Institute of Technology,,,,,,,,,new/ocw.mit.edu_11-947-sustainable-economic-development-spring-2004
William Wheaton,0,not_found,,,,Massachusetts Institute of Technology,,,,,,,,,new/ocw.mit.edu_11-433j-real-estate-economics-fall-2008
William Y. Arms,0,not_found,,,,Cornell University,,,,,,,,,cs.cornell.edu_cs501_2000FA
Wojciech Matusik,0,not_found,,,,Massachusetts Institute of Technology,,,,,,,,,new/ocw.mit.edu_6-837-computer-graphics-fall-2012
Xavier de Souza Briggs,0,not_found,,,,Massachusetts Institute of Technology,,,,,,,,,new/ocw.mit.edu_11-201-gateway-planning-action-fall-2005; new/ocw.mit.edu_11-201-gateway-planning-action-fall-2007; new/ocw.mit.edu_11-800-doctoral-research-seminar-knowledge-in-the-public-arena-spring-2007
Yosef Jabareen,0,not_found,,,,Massachusetts Institute of Technology,,,,,,,,,new/ocw.mit.edu_11-948-the-politics-of-reconstructing-iraq-spring-2005
Yuri Ivanov,0,not_found,,,,Massachusetts Institute of Technology,,,,,,,,,new/ocw.mit.edu_9-913-pattern-recognition-for-machine-vision-fall-2004
Zachary Abel,0,not_found,,,,Massachusetts Institute of Technology,,,,,,,,,new/ocw.mit.edu_6-1200j-mathematics-for-computer-science-spring-2024
Zak Fallows,0,not_found,,,,Massachusetts Institute of Technology,,,,,,,,,new/ocw.mit.edu_es-s10-drugs-and-the-brain-spring-2013
