rating_id,legacy_id,prof_name,school,course,quality,clarity,helpful,difficulty,date,would_take_again,grade,comment,tags,thumbs_up,thumbs_down
UmF0aW5nLTMxMTU0MDI=,304839,Abhijit Banerjee,Massachusetts Institute of Technology,21F010,5.0,5.0,5.0,4.0,2004-12-26,-1,,No Comments,,0,3
UmF0aW5nLTI2MjAxNDg5,304839,Abhijit Banerjee,Massachusetts Institute of Technology,ECON1477,5.0,5.0,4.0,2.0,2016-03-29,-1,A+,Professors Abhijit Banerjee is an excelent Economists. I take The Challenge of World Poverty he is great . I recommend to any one,,5,0
UmF0aW5nLTMzNDU4ODg4,1139554,Alan Guth,Massachusetts Institute of Technology,801L,5.0,5.0,5.0,4.0,2020-06-24,1,,Natural born teacher.,Respected--Get ready to read--Inspirational,0,0
UmF0aW5nLTI3OTc3ODMx,1139554,Alan Guth,Massachusetts Institute of Technology,801L,5.0,5.0,5.0,2.0,2017-03-31,1,A,"I took a physics course in Astrophysics at graduate level was very interesting .  He is a great lecturer and he talked about Dark Matter, Anti Matter , Dark Energy and more depth concepts in cosmological physics.",Respected--Inspirational--Amazing lectures,2,0
UmF0aW5nLTI1MjY3Nzk3,1139554,Alan Guth,Massachusetts Institute of Technology,801L,5.0,5.0,5.0,3.0,2015-10-19,-1,,"The best prof I have this semester. Despite being a nominee for a Nobel Prize in Physics, he can still clearly communicate basic concepts",,0,0
UmF0aW5nLTI5NDEyMTkw,1139554,Alan Guth,Massachusetts Institute of Technology,807,4.0,4.0,4.0,4.0,2018-01-08,1,,"Guth's 8.07 is a great class. It can be quite challenging with unexpected spikes in difficulty and workload, but he is typically quite understanding and generous with both extensions and extra credit to compensate. Definitely worthwhile",Respected--LOTS OF HOMEWORK--EXTRA CREDIT,0,1
UmF0aW5nLTI4Mzc0MDg1,1139554,Alan Guth,Massachusetts Institute of Technology,SCI1,1.0,1.0,1.0,1.0,2017-05-24,0,,"A joke this professor is, and a joke his entire theory is. I shall never dare to visit a petty lecture of his again, for I value my sanity and moral values.",,0,8
UmF0aW5nLTIwNjI0Njgy,1139554,Alan Guth,Massachusetts Institute of Technology,SCI1,5.0,5.0,5.0,3.0,2012-09-04,-1,,Very smart. Very helpful. Very nice.,,0,0
UmF0aW5nLTQzMjM4MTAx,95063,Albert Meyer,Massachusetts Institute of Technology,6042,4.0,4.0,4.0,3.0,2026-06-10,1,,"Clear lectures, fair exams.",,0,0
UmF0aW5nLTM2MTM5MjAz,95063,Albert Meyer,Massachusetts Institute of Technology,6042,5.0,5.0,5.0,1.0,2022-04-24,1,A,She is friendly and detailed ,Participation matters--Amazing lectures --Gives good feedback,0,0
UmF0aW5nLTI1MjQ3Nzk3,95063,Albert Meyer,Massachusetts Institute of Technology,6042,2.0,1.0,3.0,4.0,2015-10-13,-1,,"Boring lecture videos. Gives ambiguous questions. Course could be more structured and more formal. Comes to our table, does not look at our response, starts 'lecture' on why we must come to class prepared. ",,0,0
UmF0aW5nLTI1MjI5NzE4,95063,Albert Meyer,Massachusetts Institute of Technology,6042,2.0,2.0,1.0,1.0,2015-10-06,-1,B+,"The class is a flipped classroom style, so the professor doesn't really matter. He occasionally appeared while our group was working and gave vague feedback that left us more confused. Outside of the classroom, he was horribly uncooperative. He changed course policies frequently and never had a helpful response when students asked questions.",,3,0
UmF0aW5nLTEwMDM0NDE0,95063,Albert Meyer,Massachusetts Institute of Technology,6042,5.0,4.0,5.0,1.0,2005-07-17,-1,,No Comments,,0,1
UmF0aW5nLTEwNTU3MDE=,95063,Albert Meyer,Massachusetts Institute of Technology,6042,2.0,2.0,2.0,1.0,2003-07-18,-1,,too easy.,,1,0
UmF0aW5nLTQwOTY5Mw==,95063,Albert Meyer,Massachusetts Institute of Technology,6042,4.0,4.0,3.0,1.0,2002-12-09,-1,,No Comments,,0,0
UmF0aW5nLTM5MTYwNTI3,95063,Albert Meyer,Massachusetts Institute of Technology,CLASS,3.0,3.0,3.0,4.0,2024-04-12,-1,B-,.,Get ready to read--Participation matters--Caring,0,0
UmF0aW5nLTI1MTE0NTcz,95063,Albert Meyer,Massachusetts Institute of Technology,CLASS,5.0,4.0,5.0,1.0,2015-08-12,-1,A,great Professor  he allows his students to share  and receive much needed information. Loved him,,0,1
UmF0aW5nLTIxNDAxMDQ2,1801550,Alex Aiken,Stanford University,CS143,4.0,4.0,3.0,4.0,2013-03-11,-1,,"Great teacher, tough assignments.",,1,0
UmF0aW5nLTM2NzM2MTIz,1801550,Alex Aiken,Stanford University,CS242,1.0,1.0,1.0,5.0,2022-10-25,-1,A,Bad teacher,,0,0
UmF0aW5nLTM2NzM2MDky,1801550,Alex Aiken,Stanford University,CS242,1.0,1.0,1.0,4.0,2022-10-25,-1,B+,Has a lot of knowledge but teaches really badly. Skips over many of the basic details and just jumps to conclusions. The course content was boring and the teaching was even more awful. Had trouble just staying awake in the class let alone focus. Would not take this professor again.,Get ready to read--Lecture heavy--Test heavy,0,0
UmF0aW5nLTM5ODU4OTE4,2678637,Amir-massoud Farahmand,University of Toronto - St. George Campus,CSC2515,5.0,5.0,5.0,4.0,2024-10-27,1,A+,"Amir-Massoud Farahmand is an exceptional professor. He explains concepts in a lot of detail, and really clearly. It's true that this course is quite heavy, but it is because he genuinely loves this material and he wants to ensure that his students have a strong foundation and understanding.",,0,0
UmF0aW5nLTM3MDk0MjY3,2678637,Amir-massoud Farahmand,University of Toronto - St. George Campus,CSC2515,5.0,5.0,5.0,4.0,2022-12-13,1,A,"Lectures are dense with a lot of information and a good background in math would make the course easier. However, I did not have most of the prerequisites and was able to do course with a little extra work. If anything, the course workload was the toughest part. Homework assignments took me 1/2 weeks to make, while I was doing research on the side.",Lots of homework--Accessible outside class--Online Savvy,0,0
UmF0aW5nLTM1MDk3MDIz,2678637,Amir-massoud Farahmand,University of Toronto - St. George Campus,CSC2515,1.0,1.0,1.0,4.0,2021-09-30,0,,He never prepares the lectures. The homework is almost not related to lectures.,,0,0
UmF0aW5nLTM0ODQ2NzA5,2678637,Amir-massoud Farahmand,University of Toronto - St. George Campus,CSC2547,5.0,5.0,5.0,4.0,2021-05-23,1,A+,"The workload is intense and this course is more theoretical-based. However, I would treat this course as one of the best courses in UofT since the professor is just so nice. For each office hour, and assignment, he very helpful and provides lots of feedback. As anyone who is interested in RL, this is a course that you should take.",Gives good feedback--Lots of homework--Caring,0,0
UmF0aW5nLTM0NTg0OTU5,2678637,Amir-massoud Farahmand,University of Toronto - St. George Campus,CSC2547,3.0,3.0,3.0,4.0,2021-04-20,1,Not sure yet,The lectures are a bit hard to understand and the workload is heavy. but the prof is a very nice person,Respected--Group projects--Caring,0,0
UmF0aW5nLTM0NDg4MDUx,2678637,Amir-massoud Farahmand,University of Toronto - St. George Campus,CSC2547,1.0,1.0,1.0,4.0,2021-03-30,0,,"He might be an expert in this area but super bad at teaching it to others. The lectures were too theoretical (and not well-structured) and almost no examples were given, which makes a lot of concepts super hard to understand. Besides the scheduling is super bad, 80% of this course is due in the last 1.5 months of the 4-month semester.",,0,0
UmF0aW5nLTMyMjcwMjgw,473441,Andrew Whittle,Massachusetts Institute of Technology,1.322,5.0,5.0,5.0,4.0,2019-10-08,1,A,"Professor Whittle is the best I have ever met. His courses are just enjoyable. The logic and organization are clear, and the story engaging. This course provides generous amount of reading that directly pushes you to confront the original data where all the theories are based. Your understanding about soil will be brought to a whole new level.",Gives good feedback--Get ready to read--Inspirational,0,0
UmF0aW5nLTQyNTQ2NjUy,473441,Andrew Whittle,Massachusetts Institute of Technology,1322,1.0,1.0,1.0,5.0,2026-01-25,-1,," If I could go back to the past, I would gladly not go to MIT, which was my dream school at the time, just to not have him as a professor.",,0,0
UmF0aW5nLTI0NTQxODU4,473441,Andrew Whittle,Massachusetts Institute of Technology,1322,4.0,4.0,4.0,4.0,2015-04-03,-1,A+,Extremely intelligent with great knowledge of the material. Tough grader though..,,0,0
UmF0aW5nLTM1NTg5MzA2,473441,Andrew Whittle,Massachusetts Institute of Technology,CIV322,5.0,5.0,5.0,2.0,2021-12-18,1,A,He is good,Gives good feedback--Respected--Inspirational,0,0
UmF0aW5nLTI1NTU0MjY=,473441,Andrew Whittle,Massachusetts Institute of Technology,GEOTECH,3.0,4.0,1.0,2.0,2004-10-16,-1,,No Comments,,0,0
UmF0aW5nLTMzNjY1MDc2,1944746,Anshul Gandhi,Stony Brook University (SUNY),CSE357,5.0,5.0,5.0,3.0,2020-09-27,1,A,One of the best professors,Respected--Amazing lectures--Caring,0,0
UmF0aW5nLTI5Mjk1Nzgy,1944746,Anshul Gandhi,Stony Brook University (SUNY),CSE390,5.0,5.0,5.0,5.0,2017-12-20,0,A,"Prof Gandhi is really really patient and kind person. If you have any question, just ask for him, he always can explain your question in a easy understanding way. Even though the course is hard, but I think I have learnt a lot",Respected,4,0
UmF0aW5nLTI5MTE3MjIw,1944746,Anshul Gandhi,Stony Brook University (SUNY),CSE390,5.0,5.0,5.0,4.0,2017-12-10,1,,"Gandhi is a phenomenal professor and lecturer. He's exceptionally clear in his thought and can convey complex ideas effectively. I honestly was very impressed by the guy and hope he continues to teach undergrad courses. Very helpful in his office, poor guy had to have like 10 extra OHs. Very inspirational tbh, honestly best prof I've ever had.",Respected--Inspirational--Would take again,18,0
UmF0aW5nLTM3OTUyMzU5,1944746,Anshul Gandhi,Stony Brook University (SUNY),CSE544,5.0,5.0,5.0,3.0,2023-05-27,1,A,"The exam imposes time constraints, so to excel, it is essential to devote time practicing each problem in the assignments,previous midterms,practice midterms,hw/classwork problems multiple times, particularly a few days before the exam to easily score an A as the questions are similar with a good probability.






",,0,0
UmF0aW5nLTMxMzk3ODk5,1944746,Anshul Gandhi,Stony Brook University (SUNY),CSE544,5.0,5.0,5.0,3.0,2019-03-02,1,A-,"Probability is a complicated topic but the professor simplifies it very well. The stat part was good too. It is an introductory course which is a must if you haven't taken a probability course before. Although professor had frequent office hours, at least one TA should hold regular office hours to help students with assignments.",Gives good feedback--Amazing lectures--Caring,1,0
UmF0aW5nLTMwMjA4MTA4,1944746,Anshul Gandhi,Stony Brook University (SUNY),CSE544,1.0,1.0,1.0,3.0,2018-05-30,0,B,"He teaches easy concept in class but requires difficult ones in homework and tests. Be ware of the term project, we've done everything he asked for and still got a bad grade. His &quot;Class interaction&quot; is a mysterious part of grading, I signed the only signing in in class and attended every single other classes but still lose credit to it.",Tough Grader--GROUP PROJECTS,0,15
UmF0aW5nLTMwMTgzMDA2,1944746,Anshul Gandhi,Stony Brook University (SUNY),CSE544,1.0,1.0,1.0,4.0,2018-05-24,0,B,"This teacher's homework is not close to the level of knowledge taught in class, and always take away points on trivial things. The grading of the final project(30%) and what's called &quot;Class interaction&quot; are complete black boxes. He made decisions without specified rules and we don't even know how we loss our points. Don't select his class",Get ready to read--GROUP PROJECTS,3,18
UmF0aW5nLTI5OTg2MDY1,1944746,Anshul Gandhi,Stony Brook University (SUNY),CSE544,5.0,5.0,5.0,3.0,2018-05-04,1,,"He is very organized and sticks to the class schedule that he posts at the beginning of the semester. The course is divided into 3 sections - probability review, statistics, and regression. The problems in the assignment are thought-provoking and extend some of the concepts taught in the lecture. Only downside - project group size(minimum 5).",Gives good feedback--Participation matters--Amazing lectures,10,4
UmF0aW5nLTI2NjM5NzM1,1944746,Anshul Gandhi,Stony Brook University (SUNY),CSE591,4.0,4.0,4.0,3.0,2016-05-23,-1,A-,"His classes are fun. Encourages questions. This makes some students ask really stupid questions but it is good in a way that students are no longer afraid of asking questions. The difficulty of the course definitely needs to increase, so does the depth of topics covered. Don't take project lightly, he doesn't. A good one overall.",,3,0
UmF0aW5nLTIzODMyNzU2,1944746,Anshul Gandhi,Stony Brook University (SUNY),CSE691,5.0,5.0,5.0,3.0,2014-11-17,-1,,"He's amazing. His class is fun and interactive. He starts from the very scratch so everyone gets it. A lot of paper readings, but after the first few you'll get acqainted to the content.",,4,0
UmF0aW5nLTIzNjExODc5,121204,Asuman Ozdaglar,Massachusetts Institute of Technology,6207,2.0,1.0,2.0,3.0,2014-09-25,-1,,Very confusing.,,1,6
UmF0aW5nLTQyNDQ3ODY3,121204,Asuman Ozdaglar,Massachusetts Institute of Technology,EECS6207,5.0,5.0,5.0,5.0,2026-01-14,1,,"I enjoyed my interactions with Asu. From what I knew, she really cares about her students, and works very hard to be hands-on in research (than many senior profs I knew at MIT). I found her research work illuminating and inspirational, with some of them definitely playing leading roles in her domains. Great professor to work with as a student imo.",,6,0
UmF0aW5nLTQyMzg5ODU0,121204,Asuman Ozdaglar,Massachusetts Institute of Technology,EECS6207,1.0,1.0,1.0,5.0,2025-12-24,-1,,She is soooo insanely over rated as a researcher....   Idk how she is at MIT...  Her advisor really hurt the field so much by appointment her as a prof here....,,2,4
UmF0aW5nLTM4MDg0MjA2,121204,Asuman Ozdaglar,Massachusetts Institute of Technology,EECS6207,1.0,1.0,1.0,5.0,2023-07-03,-1,,Asu is really nice as a person and is super friendly and cares about her students and her work a lottttttt.. but imo her work is not that good is just okkk. Many times her papers are just simple trivial extensions. Be careful and find your right balance ,,37,5
UmF0aW5nLTE2NDMxODYz,121204,Asuman Ozdaglar,Massachusetts Institute of Technology,EECS6207,2.0,1.0,2.0,4.0,2009-11-27,-1,,Confusing,,1,4
UmF0aW5nLTEwMjYxMTMz,562630,Barton Zwiebach,Massachusetts Institute of Technology,2008,5.0,5.0,5.0,2.0,2005-08-30,-1,,i love barty!,,0,0
UmF0aW5nLTM5NzE3ODIy,562630,Barton Zwiebach,Massachusetts Institute of Technology,805,5.0,5.0,5.0,3.0,2024-08-31,1,,"I really enjoyed his lectures
",Amazing lectures --Inspirational,0,0
UmF0aW5nLTM3NDA5MDI0,562630,Barton Zwiebach,Massachusetts Institute of Technology,805,5.0,5.0,5.0,4.0,2023-02-05,1,A,The ideal teacher. All lectures were concise and exceptionally clear. The homework provoked reflection and a deeper understanding of course material. One of the best physics classes I have taken. ,Amazing lectures --Inspirational--Caring,1,0
UmF0aW5nLTMzNjAwNDk3,562630,Barton Zwiebach,Massachusetts Institute of Technology,805,5.0,5.0,5.0,4.0,2020-08-20,1,B+,"He is amazing! The class is hard, though, and his accent can be tough to decipher.",Respected--Accessible outside class--Inspirational,0,0
UmF0aW5nLTIyOTQxMjEw,562630,Barton Zwiebach,Massachusetts Institute of Technology,805,5.0,5.0,5.0,4.0,2014-03-24,-1,,"You can revamp 8.05 ten more times, but I WILL STILL LOVE YOU BARTY! Super clear and organized explanations that will make you believe physics is easy (although the tests may change your mind :) )",,4,1
UmF0aW5nLTQwNjk3ODQy,562630,Barton Zwiebach,Massachusetts Institute of Technology,805X,5.0,5.0,5.0,5.0,2025-02-22,1,A,very good professor,,0,0
UmF0aW5nLTMzNDU4ODk0,562630,Barton Zwiebach,Massachusetts Institute of Technology,805X,5.0,5.0,5.0,4.0,2020-06-24,1,,The accent was the second hardest part. Great teacher.,Respected--Amazing lectures--Lecture heavy,0,0
UmF0aW5nLTMyMDU5Mjg5,562630,Barton Zwiebach,Massachusetts Institute of Technology,805X,5.0,5.0,5.0,2.0,2019-06-26,1,,He inspired me to take physics again!,Inspirational--Hilarious--Amazing lectures,0,0
UmF0aW5nLTMwMzI4MTk4,562630,Barton Zwiebach,Massachusetts Institute of Technology,805X,5.0,5.0,5.0,3.0,2018-07-08,1,,The perfect physics professor. A rather unique blend of knowledge with occasional jokes making the session worth its while. His lectures are lucid and should be suffice if you really pay attention. Heck he makes Quantum Mechanics look easy.,Inspirational--Hilarious--Amazing lectures,3,0
UmF0aW5nLTI0NzU0NTYz,562630,Barton Zwiebach,Massachusetts Institute of Technology,805X,5.0,5.0,5.0,4.0,2015-05-06,-1,Audit/No Grade,Barton has raised the pedagogy bar to levels I never knew existed in academia.  He is by far the best professor I have ever had.,,5,0
UmF0aW5nLTMyOTA5NDg=,562630,Barton Zwiebach,Massachusetts Institute of Technology,8251,5.0,5.0,5.0,4.0,2005-01-27,-1,,"best physics teacher ever, best accent ever.",,1,0
UmF0aW5nLTE5MTA1OTg0,562630,Barton Zwiebach,Massachusetts Institute of Technology,AB,5.0,5.0,5.0,3.0,2011-10-25,-1,,I LOVE YOU ZWIE-BIZZLE!!!,,0,1
UmF0aW5nLTE0MTE1MTYw,562630,Barton Zwiebach,Massachusetts Institute of Technology,PHYR,5.0,4.0,5.0,2.0,2008-02-23,-1,,best physics prof ever!,,1,1
UmF0aW5nLTI4NzI0MTM1,936817,Brian Subirana,Massachusetts Institute of Technology,E11,5.0,5.0,5.0,3.0,2017-10-08,1,A,"Let me be very clear, this is one of the best courses in breath in Big Data - seriously. Prof. Subirana takes a wide swath of fields and brings in domain experts (6+ profs) to analyze them at the frontier. For me, this was really introductory. I've taken advanced engin. courses in the space, yet this was the most complete for application + theory",Respected--Inspirational--Amazing lectures,1,1
UmF0aW5nLTEzNTU5NzQ1,936817,Brian Subirana,Massachusetts Institute of Technology,ESD290,3.0,3.0,2.0,1.0,2007-10-25,-1,,"Shameful exploitation of MIT students to advance own business interest in RFID. avoiding real issues, forgiving of non-originality.",,0,1
UmF0aW5nLTEyNjIxNTc1,936817,Brian Subirana,Massachusetts Institute of Technology,ESDSECT,3.0,2.0,3.0,2.0,2006-12-16,-1,,He is a nice guy but rather tardy. Do not expect him to be punctual about anything.,,0,0
UmF0aW5nLTE4ODMxMjY0,1600097,Caroline Jones,Massachusetts Institute of Technology,ARTHARTH,5.0,5.0,5.0,5.0,2011-07-19,-1,,Consider it your good fortune if you get to take her courses. She is brilliant.,,1,0
UmF0aW5nLTI2MzY5NzY5,1786471,Charles Leiserson,Massachusetts Institute of Technology,CS6172,5.0,5.0,5.0,4.0,2016-04-25,-1,B,Leiserson and this class are perfect examples of what makes MIT so great.,,0,0
UmF0aW5nLTIyOTI5MTI0,1786471,Charles Leiserson,Massachusetts Institute of Technology,SMA5503,5.0,5.0,5.0,4.0,2014-03-20,-1,A+,One of the best in the world in the algorithms field and also extremely precise and concise. A+,,2,0
UmF0aW5nLTEwMDgwNzEw,121231,Charles Sodini,Massachusetts Institute of Technology,6012,1.0,1.0,1.0,4.0,2005-08-01,-1,,No Comments,,1,0
UmF0aW5nLTI0MzMzNzE=,121231,Charles Sodini,Massachusetts Institute of Technology,6012,1.0,1.0,1.0,5.0,2004-08-30,-1,,horrible!,,0,0
UmF0aW5nLTIzODk1OTQy,121231,Charles Sodini,Massachusetts Institute of Technology,ECE6720,3.0,2.0,3.0,4.0,2014-11-26,-1,,"Simply horrible! He has a bad temper. When you ask him questions, he does get angry. Yes, if you do have questions you can make an appointment with him in his office, but do not ask too many questions just to save your day from getting depressed. ",,2,0
UmF0aW5nLTMxNjUzMjI1,121231,Charles Sodini,Massachusetts Institute of Technology,EE6012,1.0,1.0,1.0,3.0,2019-04-23,0,,Easily the worst lecturer in EECS. Thinks that crunching numbers on calculators is learning. Shies away from math. Has a temper.,Lots of homework--Test heavy,0,0
UmF0aW5nLTEzNzgxMzM5,121231,Charles Sodini,Massachusetts Institute of Technology,EE6012,5.0,5.0,4.0,3.0,2007-12-09,-1,,the best,,0,1
UmF0aW5nLTE0MTg2MDAy,121231,Charles Sodini,Massachusetts Institute of Technology,EE720,2.0,2.0,2.0,3.0,2008-03-20,-1,,"He rarely used the board to explain the materials. He always used the powerpoint to explain things. To me, this is not a way of explaining semiconductor physics. One time I went to ask him few questions, and at the end he got very angry for not understanding him. He has a bad temper. All I can say is that,  his teaching is horrible!",,1,0
UmF0aW5nLTExNjY1Mjg0,357392,Charles Van Loan,Cornell University,COMS322,5.0,5.0,4.0,4.0,2006-04-05,-1,,"I was cautious before entering COMS322, considering all the terrible reviews.  However, Van Loan has been a clear, and occasionally funny, lecturer.  322 no longer uses his notoriously unreadable textbook, and all problem sets have been reasonably difficult.  Compared to the crazy boring work I had in 211, 322 is both useful and interesting.",,0,0
UmF0aW5nLTE0MDA3MzA5,357392,Charles Van Loan,Cornell University,CS100,5.0,5.0,4.0,3.0,2008-01-16,-1,,A really nice guy. His lectures are very clear and will help you learn the material as long as you pay attention.  My favorite class that semester and I came in w/ no programming experience.  The projects are time consuming (I'd suggest taking advantage of ACCEL consulting hours) but they prepare you for the tests.  Sparked my interest in Comp Sci.,,0,0
UmF0aW5nLTEzNTEzNjk5,357392,Charles Van Loan,Cornell University,CS100,5.0,5.0,5.0,5.0,2007-10-08,-1,,Awesome,,0,0
UmF0aW5nLTM1ODQzNTc=,357392,Charles Van Loan,Cornell University,CS100CS212,4.0,3.0,4.0,3.0,2005-04-08,-1,,"He's very dedicated to his students. But, sadly his class suffers from being a required course that doesn't interest many people.",,0,0
UmF0aW5nLTE0NTQ5NTIz,357392,Charles Van Loan,Cornell University,CS100M,3.0,3.0,2.0,4.0,2008-06-03,-1,,"Final was fair but prelims were really really hard (fall semester '07).  Overall a nice guy who tried to make the lecture enjoyable / entertaining and what not :) Programming assignments kind of sucked, however..!",,0,0
UmF0aW5nLTEzOTI1ODE3,357392,Charles Van Loan,Cornell University,CS100M,4.0,4.0,4.0,3.0,2007-12-30,-1,,"Nice enough guy. Lectures are well organized and present the majority of the needed knowledge for projects and prelims. I never had any programing experience before this class, and found the prelims and final fair. The projects can be very time consuming, but if you do the majority of each them yourself, you will be ready for the tests.",,0,0
UmF0aW5nLTEzNjI4MjA0,357392,Charles Van Loan,Cornell University,CS100M,3.0,3.0,3.0,3.0,2007-11-09,-1,,"Van Loan lectures are hopelessly boring and he makes a lot of mistakes, but if you can stay awake you will learn it. Lectures are very simple, projects are very hard and time consuming, but tests are fair and with a solid understanding of the material doable. Actually programming sucks, but once you figure it out it does make you feel pretty smart.",,0,0
UmF0aW5nLTMyMjUxMTE=,357392,Charles Van Loan,Cornell University,CS101,1.0,1.0,1.0,4.0,2005-01-14,-1,,Could he be any less interested in teaching us&#63;,,1,0
UmF0aW5nLTI0OTY0MDIy,357392,Charles Van Loan,Cornell University,CS1101,3.0,2.0,4.0,2.0,2015-06-14,-1,,"It's a tough class because the material is tough, not because van Loan makes it tough. Prelims are doable if you do the labs and mostly understand the assignments (which are easily the hardest part of the exam). Everyone benefits from a big curve, but sometimes its hard to compete with the CS majors who do really well on each assignment. ",,0,0
UmF0aW5nLTI3MDQ5MDg2,357392,Charles Van Loan,Cornell University,CS1110,3.0,3.0,3.0,4.0,2016-10-18,0,,"Comically nerdy guy, but nice enough. As someone who knew nothing about CS I learned a lot. Lectures are recorded so there's no reason to attend. Everything's curved heavily. Median was a B, I think.",Tough Grader--LOTS OF HOMEWORK--ACCESSIBLE OUTSIDE CLASS,0,0
UmF0aW5nLTI2NzE4Njk2,357392,Charles Van Loan,Cornell University,CS1110,2.0,2.0,2.0,4.0,2016-06-12,0,B,He seemed apathetic towards students who had a hard time learning the material. His lectures are not that well. He creates like 90 slide power points. Definitely doesn't give as much support to new leaners as a lot of the other professor in the CS department. Prelims are fine. Final is typically a bit harder.,,0,0
UmF0aW5nLTI2NjY3Mzgw,357392,Charles Van Loan,Cornell University,CS1110,3.0,3.0,3.0,5.0,2016-05-29,0,D+,"Get ready to work! Labs, assignments, prelims and a final. U will be exposed to a lot of CS concepts thru the vehicle of Python and his lectures will not be enough to cement the concepts. U should utilize supplemental resources like stack overflow, Youtube, Lynda, python tutor, etc. Pro Advice: Live in office/consulting hours",,2,0
UmF0aW5nLTI2NjQxNjM1,357392,Charles Van Loan,Cornell University,CS1110,4.0,4.0,4.0,4.0,2016-05-24,-1,A-,"Professor Van Loan is a talented professor, but the course has so much material, that he doesn't always get a chance to fully elaborate on each concept. He's a great guy, but the course demands a lot, and the assignments are graded fairly hardly. Also, the prelims aren't too bad as long as you study, but the final was noticeably harder.",,0,0
UmF0aW5nLTI1MTc1Nzky,357392,Charles Van Loan,Cornell University,CS1110,3.0,3.0,3.0,3.0,2015-09-07,-1,B+,Class was taught differently than in the past. Very math based and not the best segway into other object-oriented languages. Good if you're in CS and going into data science-y classes.,,0,0
UmF0aW5nLTI0OTQxMTkx,357392,Charles Van Loan,Cornell University,CS1110,3.0,2.0,4.0,4.0,2015-06-05,-1,,Not very clear during lectures but always available for help.,,0,0
UmF0aW5nLTI0ODUzNjI2,357392,Charles Van Loan,Cornell University,CS1110,5.0,4.0,5.0,2.0,2015-05-17,-1,A+,"Very knowledgeable of subject matter. Sometimes is repetitive during lectures, but he just wants to be clear. The slides are posted online for viewing whenever you want. iClicker questions sometimes during class, but your answers only matter for swaying borderline grades. Makes groanworthy jokes",,0,0
UmF0aW5nLTI0ODQ5OTEx,357392,Charles Van Loan,Cornell University,CS1110,5.0,5.0,4.0,3.0,2015-05-17,-1,,Took CS 1110 Sp15. Really enjoyed the class and thought he did a good job of going over and introducing fundamental concepts.  He makes the assignments fun and thought that the workload was manageable(given that is a CS 4 credit class) Would definitely recommend taking it if he is teaching.,,0,0
UmF0aW5nLTIxMjczMjIw,357392,Charles Van Loan,Cornell University,CS1115,4.0,3.0,5.0,5.0,2013-01-17,-1,,"His lectures can sometimes drag on but luckily, he posts the lecture slides online so that's all you need. Be prepared to do hours of work in this class. Even though it is an intro class, he puts challenging problems on the weekly assignments and similarly styled problems on the tests. He himself is very willing to help and very reasonable.Good guy",,1,0
UmF0aW5nLTMwNzE5MTg=,357392,Charles Van Loan,Cornell University,CS212,1.0,1.0,1.0,3.0,2004-12-19,-1,,No Comments,,0,0
UmF0aW5nLTExMjU2Njg5,357392,Charles Van Loan,Cornell University,CS222,2.0,1.0,2.0,3.0,2005-12-25,-1,,"lame, lame, lame.",,0,0
UmF0aW5nLTIzOTUzNzU=,357392,Charles Van Loan,Cornell University,CS322,1.0,1.0,1.0,5.0,2004-08-17,-1,,"Should be retired/gone. Read amazon.com reviews for his book... if only you could erase the ink, it would be a tolerable notebook.",,0,0
UmF0aW5nLTE4MjE1MTc=,357392,Charles Van Loan,Cornell University,CS322,2.0,2.0,2.0,3.0,2004-03-18,-1,,"If I had 10 dollars for every time i complained about this class, I think i'd be a billionaire by now.  So far I don't think i have learned anything related to cs in any form.  all i've learned is how to use matlab.  thats it.",,0,0
UmF0aW5nLTE3NDYyODY=,357392,Charles Van Loan,Cornell University,CS322,1.0,1.0,1.0,3.0,2004-02-24,-1,,"Nothing that comes out of Van Loan's mouth makes any sense.  Terribly disorganized and horribly boring, although that last part might inherent in the material.  His book sucks even more.  I'm convinced this class is only part of the CS core because he's t",,0,0
UmF0aW5nLTEzMzk3Njkz,357392,Charles Van Loan,Cornell University,CS421,3.0,2.0,3.0,4.0,2007-08-10,-1,,"This has been the most useful course for my job among all the courses I have taken. The material is extremely technical and is inherently hard to teach. Van Loan does a great job of making it more accessible and is engaging in his teaching style. If you want to work in quantitative finance, better take this course!!",,0,0
UmF0aW5nLTE0MTI3ODc5,357392,Charles Van Loan,Cornell University,CS422,2.0,2.0,2.0,5.0,2008-02-28,-1,,"Hard topic, but he expects a lot of intuitive leaps.  Could be taught better, especially given the lack of required prereqs.",,0,0
UmF0aW5nLTE2OTQyNjIx,357392,Charles Van Loan,Cornell University,CS4220,5.0,5.0,5.0,2.0,2010-04-02,-1,,Awesome teacher.  Would love to drink a beer with him.,,0,0
UmF0aW5nLTE4OTY5NTUz,357392,Charles Van Loan,Cornell University,CS6220,5.0,5.0,5.0,4.0,2011-08-31,-1,,Great professor! Knowledgeable and passionate about the subject. His sense of humor makes the lecture interesting. His courses are definitely worth considering. Don't pay attention to the whiners in intro CS classes who can neither do math nor code!,,0,1
UmF0aW5nLTQyNTExOTU4,352232,Christopher Cummins,Massachusetts Institute of Technology,5112,1.0,1.0,1.0,5.0,2026-01-17,-1,C-,refused to release practice materials for the final and insisting on exams of unfinishable length.,Lots of homework--Test heavy,0,0
UmF0aW5nLTIzNDIzNzY4,352232,Christopher Cummins,Massachusetts Institute of Technology,5112,5.0,5.0,5.0,1.0,2014-07-05,-1,A+,"He was wonderful. I loved the lecture he taught 'Principles of Chemical Science' a lot, and it's very inspiring.",,0,0
UmF0aW5nLTExMzY3NTU4,352232,Christopher Cummins,Massachusetts Institute of Technology,5112,1.0,1.0,1.0,4.0,2006-01-15,-1,,Very unclear about the subject in itself. Knowing about Nobel Prizes don't help you learn what you ought to know.,,1,0
UmF0aW5nLTExMjQ0MTE4,352232,Christopher Cummins,Massachusetts Institute of Technology,5112,4.0,4.0,3.0,4.0,2005-12-22,-1,,He is good at conveying the material to those who pay attention in class,,0,0
UmF0aW5nLTMzMDE5Mjg=,352232,Christopher Cummins,Massachusetts Institute of Technology,5112,3.0,2.0,4.0,4.0,2005-01-31,-1,,No Comments,,0,0
UmF0aW5nLTI2MzMxMDU=,352232,Christopher Cummins,Massachusetts Institute of Technology,5112,5.0,5.0,5.0,3.0,2004-11-02,-1,,No Comments,,0,0
UmF0aW5nLTEwOTQzOTI1,352232,Christopher Cummins,Massachusetts Institute of Technology,CHEM,3.0,3.0,2.0,5.0,2005-11-18,-1,,No Comments,,0,0
UmF0aW5nLTI3OTc1NDA5,352232,Christopher Cummins,Massachusetts Institute of Technology,CHEM503,3.0,3.0,3.0,4.0,2017-03-31,1,B+,"Chem 5.03 with him is pretty hard but any Organic Chemistry course is a difficult. The exams are difficult, but is a great Lecturer.",Tough Grader--Respected--TEST HEAVY,5,0
UmF0aW5nLTI2OTA5NzI5,352232,Christopher Cummins,Massachusetts Institute of Technology,CHEM503,5.0,5.0,5.0,4.0,2016-08-19,1,,Course is good,,0,0
UmF0aW5nLTE4NDExMTc3,352232,Christopher Cummins,Massachusetts Institute of Technology,CHEM503,5.0,5.0,4.0,4.0,2011-04-14,-1,,"Mr. Cummins is very knowledgeable of what he is teaching, and he has a very crystal clear and attrative voice. Love it!",,0,0
UmF0aW5nLTE2OTQ3MzM2,352232,Christopher Cummins,Massachusetts Institute of Technology,CHEM503,1.0,1.0,1.0,5.0,2010-04-04,-1,,"Terrible, terrible teacher. Do NOT take 5.03 from this man. The confusion and lack of learning will never stop.",,0,0
UmF0aW5nLTE0NTQxNTEy,352232,Christopher Cummins,Massachusetts Institute of Technology,CHEM503,2.0,2.0,2.0,2.0,2008-05-31,-1,,Puts little effort into teaching. What is covered in lecture has little to do with what is covered on exams.,,1,0
UmF0aW5nLTI2ODMzNTY4,352232,Christopher Cummins,Massachusetts Institute of Technology,CHEM5112,3.0,3.0,3.0,4.0,2016-07-26,0,A-,I took Chem 5.111 Principles of Chemical Science that have Calculus and the Chemistry concepts by Prof. Cummings are not presented very clear. He is very smart but the level of difficulty if you don't study well can be hard. If you're not Major in Chemistry take this in next semester,,3,0
UmF0aW5nLTEyODQyNjQ1,352232,Christopher Cummins,Massachusetts Institute of Technology,CHEM5112,3.0,3.0,2.0,5.0,2007-02-04,-1,,"Somewhat convoluted lectures, hard to follow his train of thought. Probably too smart to teach an intro level class. WAY too much focus on WHO did what and when vs. the actual chemistry. Has a very monotonous voice. You will want a good TA to explain the more abstract concepts.",,1,0
UmF0aW5nLTI3MjY4OTU=,189050,Claudette Gardel,Massachusetts Institute of Technology,7013,5.0,5.0,5.0,2.0,2004-11-13,-1,,"she was pretty cool, in all sense of the word.  not great, but definitely cool.",,0,0
UmF0aW5nLTE4NzU0MzQx,189050,Claudette Gardel,Massachusetts Institute of Technology,BIO014,2.0,1.0,2.0,4.0,2011-06-22,-1,,She cannot teach at all!! Uses only slides and doesn explain anything clearly.POOR!,,0,0
UmF0aW5nLTExNDgwODc5,189050,Claudette Gardel,Massachusetts Institute of Technology,BIO101,5.0,5.0,5.0,3.0,2006-02-13,-1,,No Comments,,0,0
UmF0aW5nLTEzNTI0OTQz,189050,Claudette Gardel,Massachusetts Institute of Technology,BIO1902,1.0,1.0,1.0,5.0,2007-10-13,-1,,"She sucks.  She talks too softly and incomprehensibly, goes too fast, and does not explain things thoroughly.  If you defined what a good teacher is, she would be the exact opposite of that definition.",,0,0
UmF0aW5nLTE0MDE0OTM1,189050,Claudette Gardel,Massachusetts Institute of Technology,BIOSECT,5.0,5.0,5.0,4.0,2008-01-17,-1,,She was very excited about biology. She even got me interested.,,0,1
UmF0aW5nLTQxNjY3MzI5,2756306,Curran Muhlberger,Cornell University,CS2110,2.0,2.0,2.0,4.0,2025-09-26,-1,B,"Class was really hard, and exams were overwhelming. The sheer amount of content you have to learn is insane. Also, professor is very by-the-book. Had an assignment where everything was correct, but had ""cart"" instead of ""Cart"" and because I did not follow assignment instructions, I was not permitted a regrade and lost a lot of points.",Tough grader--Lots of homework--Test heavy,0,0
UmF0aW5nLTQxMzIxOTE2,2756306,Curran Muhlberger,Cornell University,CS2110,3.0,3.0,3.0,3.0,2025-05-19,-1,A,"This class made me consider dropping the CS major. Lectures were ok but a little strangely paced and I lost focus frequently. Prelims had way too much content in a very short amount of time. Assignments were super long and wordy, but not too hard. 
Muhlberger is passionate but harsh, and unfairly blames low medians on students.",Tough grader,0,0
UmF0aW5nLTQxMzA3MzI0,2756306,Curran Muhlberger,Cornell University,CS2110,1.0,1.0,1.0,5.0,2025-05-16,-1,B,"A needlessly brutal course. Of course during his last semester he makes assignments excessively tedious and time consuming, locking points behind difficult challenge extensions. Prelims and final were again excessively harsh grading-wise, with medians much lower than previous semesters. Thanks to him I have decided to no longer pursue a CS major.",Tough grader--Lots of homework,1,0
UmF0aW5nLTQxMjQ5NTY0,2756306,Curran Muhlberger,Cornell University,CS2110,1.0,1.0,1.0,3.0,2025-05-12,-1,A,Not an easy class. A bunch of work on top of an already busy schedule. TAs constantly mess up grading of exams. Of course he's not teaching this course next semester either. Had to leave the tedious stuff with us. Would not recommend.,,1,0
UmF0aW5nLTQxMjE5OTQw,2756306,Curran Muhlberger,Cornell University,CS2110,5.0,5.0,5.0,3.0,2025-05-09,1,Not sure yet,"Class is very well organized, I thought lectures were very interesting and assignments + quizzes definitely help with understanding of material. Definitely takes work to do well/above average but interesting class! Sometimes lectures are a little fast and very information dense but there are many provided resources. ",Get ready to read--Accessible outside class,0,1
UmF0aW5nLTQxMTY5NDk3,2756306,Curran Muhlberger,Cornell University,CS2110,1.0,1.0,1.0,3.0,2025-05-05,-1,A-,Horrible professor. Made this semester more difficult than the others (this was his last semester for 2110). Tests were long af for no reason and the averages were down from last time. Thinks students have more time than they actually have. He also has an attitude. ,Lots of homework--Lecture heavy,0,0
UmF0aW5nLTQwOTYwOTY1,2756306,Curran Muhlberger,Cornell University,CS2110,1.0,1.0,1.0,3.0,2025-04-16,-1,A,"As a RAG Chatbot trained on the CS2110 syllabus, when you have extenuating family circumstances, he loves to give you NO lenience. 

While Curran is extremely knowledgeable about the CS2110 material, he tends to be inflexible when it comes to extensions or accommodations, even in cases involving extenuating personal circumstances.",,0,0
UmF0aW5nLTQwOTIxNTMz,2756306,Curran Muhlberger,Cornell University,CS2110,3.0,3.0,3.0,3.0,2025-04-11,-1,B,"Very average professor overall. Lectures are so monotone and made me want to fall asleep. And you can't even skip since there's participation. On the bright side, the course is organized very well and the content is presented somewhat clearly. If you can get past how boring the class is, you'll learn a lot of foundational skills.",,0,0
UmF0aW5nLTQwOTAxMzMy,2756306,Curran Muhlberger,Cornell University,CS2110,5.0,5.0,5.0,2.0,2025-04-09,1,A,"Not amazing, but good at least.",Hilarious--Caring--Respected,0,0
UmF0aW5nLTQwNzI1NzA4,2756306,Curran Muhlberger,Cornell University,CS2110,5.0,5.0,5.0,2.0,2025-03-02,1,A,"Really great at lecturing, very fair exams.",Respected--Lecture heavy--Accessible outside class,0,0
UmF0aW5nLTQwNjE2NjU3,2756306,Curran Muhlberger,Cornell University,CS2110,5.0,5.0,5.0,3.0,2025-01-29,1,B+,Seriously one of the best taught classes at Cornell - what really pushed me to switch from Engineering,Amazing lectures ,0,0
UmF0aW5nLTQwNDUyNzYx,2756306,Curran Muhlberger,Cornell University,CS2110,5.0,5.0,5.0,3.0,2024-12-28,1,A,"Some lectures may seem slow some too fast but the assignments helped me learn a lot! If you study for them, the prelims are doable. Responses on Ed were also generally helpful. Overall the course is very organized and the median was around a B+.",,0,0
UmF0aW5nLTQwNDIxMjM4,2756306,Curran Muhlberger,Cornell University,CS2110,5.0,5.0,5.0,3.0,2024-12-23,1,A,"Lectures were sometimes fast-paced, but he was easily reachable via Ed and gave very clear instructions and guidelines to all assignments; I think it was a very doable class. ",Clear grading criteria--Lecture heavy--Accessible outside class,0,0
UmF0aW5nLTQwMzI5NDM2,2756306,Curran Muhlberger,Cornell University,CS2110,1.0,1.0,1.0,4.0,2024-12-16,-1,A,This guy definetely got bullied in high school,,0,0
UmF0aW5nLTQwMTM1NzY5,2756306,Curran Muhlberger,Cornell University,CS2110,4.0,4.0,4.0,4.0,2024-12-06,1,Not sure yet,"Great lecturer, sometimes could be a bit hard to follow. Assignments could get pretty long and tedious at times but instructions were very well put-together which made them doable",Tough grader--Lots of homework--Respected,0,0
UmF0aW5nLTQwMDc4ODY0,2756306,Curran Muhlberger,Cornell University,CS2110,5.0,5.0,5.0,3.0,2024-12-03,1,Not sure yet,i love this guy,Amazing lectures --Lots of homework--Accessible outside class,1,0
UmF0aW5nLTM5OTM3MDg4,2756306,Curran Muhlberger,Cornell University,CS2110,3.0,3.0,3.0,3.0,2024-11-13,1,A-,"I struggled paying attention in class. In my opinion, he spoke a bit too fast. Most of the contents were interesting and useful. However, some of it really seemed unnecesary, as there was too much content, when you take into consideration lectures, discussions and assignments. The exams were very doable, and assignments were challenging.",Lecture heavy,0,0
UmF0aW5nLTM5ODMwOTY2,2756306,Curran Muhlberger,Cornell University,CS2110,5.0,5.0,5.0,3.0,2024-10-20,1,B+,Not sure why everyone else on this forum is soo negative! Took 2110 in the fall and Muhlberger was great :),Inspirational--Caring,0,0
UmF0aW5nLTM5NTIxOTQ3,2756306,Curran Muhlberger,Cornell University,CS2110,3.0,3.0,3.0,5.0,2024-05-25,1,B,"He's okay. He covers a ton of things in lectures which makes it pretty difficult to retain all the information. Exams were basically memorization-based, and there wasn't a lot of generous partial credit. Assignments were half easy and half confusing. He didn't really have a personality, so he was just a middle-of-the-road professor.",Tough grader--Test heavy,0,0
UmF0aW5nLTM5NDg3MTIy,2756306,Curran Muhlberger,Cornell University,CS2110,1.0,1.0,1.0,4.0,2024-05-18,-1,A-,"Terrible programmer, terrible lecturer, terrible professor. For those of you who know the Java programming language, the dude once had us write an equals() method for an assignment. I also happened to rewrite the hashCode() method, as the JavaDoc contract, and lost points. Tf is this guy doing?",,0,2
UmF0aW5nLTM5NDY5Nzk5,2756306,Curran Muhlberger,Cornell University,CS2110,2.0,2.0,2.0,4.0,2024-05-15,-1,B+,Explains CS concepts pretty poorly and made me wonder if I hated CS. Watching videos of other people explaining the concepts is infinitely more helpful and interesting than his lectures. Tests and Assignments were fair but the lectures truly make the class pretty hard to get through and uninteresting. ,,0,1
UmF0aW5nLTM5Mzg5Mjc2,2756306,Curran Muhlberger,Cornell University,CS2110,2.0,2.0,2.0,5.0,2024-05-07,-1,Not sure yet,"Like others have said, made me rethink my career path. A lot of the class feels like a trick that's out to get you, none of it feels like it's on your side. ",Tough grader,0,1
UmF0aW5nLTM5MzQzODY2,2756306,Curran Muhlberger,Cornell University,CS2110,2.0,2.0,2.0,3.0,2024-05-02,-1,B,"Made me rethink majoring in CS. He needs to get his mic fixed or something because it's super hard to understand what he's saying in lecture. I don't really think he does a good job of explaining concepts either. The material is interesting on it's own, and the assignments aren't super hard, but for me, at least, the exams were bad.",,0,1
UmF0aW5nLTM5MjEzMDc1,2756306,Curran Muhlberger,Cornell University,CS2110,3.0,3.0,3.0,3.0,2024-04-19,1,Not sure yet,Lectures not helpful enough to really be worth attending,Test heavy,0,1
UmF0aW5nLTM5MjEzMDQz,2756306,Curran Muhlberger,Cornell University,CS2110,1.0,1.0,1.0,5.0,2024-04-19,-1,,"Muhlberger is extremely difficult to keep up with during lecture, often taking the most difficult and unintuitive approach to explaining the simplest problems. ",Tough grader--Lecture heavy--Test heavy,0,1
UmF0aW5nLTM4OTg2NzAx,2756306,Curran Muhlberger,Cornell University,CS2110,2.0,2.0,2.0,4.0,2024-02-20,-1,,Honestly made me reconsider the CS major I'm not gonna lie. This class was pretty rough- assignments took forever and the TAs were so swamped during office hours. As the material got complex he got increasingly worse at explaining key concepts. Would take with another professor if you can. ,Get ready to read--Lots of homework--Test heavy,1,1
UmF0aW5nLTM4OTEzOTk1,2756306,Curran Muhlberger,Cornell University,CS2110,5.0,5.0,5.0,4.0,2024-01-23,1,A,"Excellent lecturer; he clearly cares deeply about the material. I highly recommend this class for anyone remotely interested in software engineering or just writing good code. He's worked in the industry (SpaceX!) for a long time, and it very much shows. While standards can be high at times, they are always built towards industry standards.",,1,0
UmF0aW5nLTM4ODM4ODk0,2756306,Curran Muhlberger,Cornell University,CS2110,5.0,5.0,5.0,2.0,2024-01-06,1,A,"Took CS 2110 Freshmen fall, having learned Java already. Muhlberger is knowledgeable/nerdy in a good way, can speak fast at times but is very caring/genuine. Participation recorded using i-clicker, and assignments can be quite long. Final assignment was very fun and could compete against others. Overall, very enjoyable, you will learn a lot.",Caring--Online Savvy,4,0
UmF0aW5nLTM4NzUwMzA2,2756306,Curran Muhlberger,Cornell University,CS2110,4.0,4.0,4.0,5.0,2023-12-20,1,B+,"Very split on Muhlberger. He's such a sweetheart and is accessible outside of class when you need extra help or career advice, which I really appreciated. On the other hand, his lectures are very dense with examples, and he speaks very, very quickly. The class is curved to a B median :( Well organized class :) Study for the tests to do okay.",Tough grader--Caring,1,0
UmF0aW5nLTM4NTgzODM1,2756306,Curran Muhlberger,Cornell University,CS2110,1.0,1.0,1.0,4.0,2023-12-09,-1,Not sure yet,Taking this class made me seriously reconsider my career path. I only pray that those in industry do not code like Muhlberger wants us to. He explains concepts terribly and is unbelievably unhelpful with his Ed Discussion responses. Quizzes and prelims are full of gotcha questions. Do not take 2110 while Muhlberger is in charge.,Lecture heavy,2,2
UmF0aW5nLTM4NTY2OTA5,2756306,Curran Muhlberger,Cornell University,CS2110,1.0,1.0,1.0,4.0,2023-12-08,-1,Not sure yet,"Muhlberger lectures way too fast and uses bad analogies to explain coding concepts. The new projects he added to 2110 are excessively complex. He and his TAs, while responsive on Ed, sometimes give snarky, curt replies to questions that students post. Would not recommend at all.",Lots of homework--Lecture heavy,2,1
UmF0aW5nLTM4NTQ5OTc3,2756306,Curran Muhlberger,Cornell University,CS2110,5.0,5.0,5.0,3.0,2023-12-07,1,B+,"Generally good, at times went too fast and glossed over things which demanded a review of textbook/lecture slides. All materials very accessible and he is very passionate about the subject. Assignments were manageable and tests had no trick questions, despite testing on difficult subjects.",Inspirational,2,2
UmF0aW5nLTM4NTUwMDcw,2756306,Curran Muhlberger,Cornell University,CS2110,5.0,5.0,5.0,3.0,2023-12-07,1,A+,"Muhlberger is a very passionate and intelligent professor. However, his lecturing style is somewhat off-kilter: he talks too quickly and in a weird cadence. But he gives helpful responses on Ed Discussion and knows what he's talking about. Overall, course content is not difficult to understand and is very useful for software development.",Gives good feedback--Accessible outside class,0,1
UmF0aW5nLTM4NTQzMTkw,2756306,Curran Muhlberger,Cornell University,CS2110,3.0,3.0,3.0,5.0,2023-12-06,-1,A-,"The class is interesting enough, but Prof. Muhlberger is somewhat eccentric and certainly fast-paced. If you are a slow-learner, don't. If you write on paper, don't. Assignments are really hard but useful. Tests are fairly hard, but not unreasonable. Average grade in the class is a B - considered a mini-weeder",Tough grader--Test heavy,2,0
UmF0aW5nLTM4NDkyNTE3,2756306,Curran Muhlberger,Cornell University,CS2110,1.0,1.0,1.0,5.0,2023-12-02,-1,Incomplete,So bad,,1,1
UmF0aW5nLTM4MzQxMzIx,2756306,Curran Muhlberger,Cornell University,CS2110,1.0,1.0,1.0,4.0,2023-11-04,-1,Not sure yet,"Muhlberger is truly an awful lecturer. He uses so many analogies that do not apply well to CS concepts. Furthermore, Muhlberger does not share the answers to the weekly quizzes. How are we supposed to learn in the end if we don't know what we did wrong? ",Lecture heavy,359,2
UmF0aW5nLTM4MjIwMzQz,2756306,Curran Muhlberger,Cornell University,CS2110,1.0,1.0,1.0,1.0,2023-10-13,-1,A,Muhlberger is the driest lecturer I've ever had. He talks extremely fast and at a strange cadence. Muhlberger's  quizzes are full of gotcha-questions that don't teach you anything. He's also remaking the course and adding in a bunch of ludicrously complex projects. I learned more from W3 Schools than I did from Muhlberger. Would not recommend.,Tough grader--Lots of homework--Test heavy,7,2
UmF0aW5nLTM4MjU4NTg4,2756306,Curran Muhlberger,Cornell University,CS2110,3.0,3.0,3.0,3.0,2023-10-07,1,A-,Decent,,4,0
UmF0aW5nLTM4MTI5Nzk3,2756306,Curran Muhlberger,Cornell University,CS2110,5.0,5.0,5.0,4.0,2023-07-29,1,A,"Lectures were informative and well-structured, course was very well organized. Assignments were challenging but I enjoyed working through them. Professor definitely cares about what he's teaching, he pushes you to think about software design rather than just programming
Only complaint is that some exam questions were wacky and very abstract",Amazing lectures --Inspirational,3,2
UmF0aW5nLTM4MDAzODIx,2756306,Curran Muhlberger,Cornell University,CS2110,4.0,4.0,4.0,4.0,2023-05-30,1,A,Lectures too fast and somewhat hard to understand as a lecturer covering too much too quick but definitely knew what he was doing and I enjoyed the class. He and Clarkson were great in 2110. Class was well done.,Caring--Respected--Lecture heavy,1,5
UmF0aW5nLTM3MjM1NDI3,2756306,Curran Muhlberger,Cornell University,CS2110,4.0,4.0,4.0,3.0,2022-12-23,1,A,"Muhlberger, unlike Myers, was extremely helpful outside of class in 2110. He gave very thorough and clear explanations on Ed Discussion. He only gave one lecture, but it was far more thorough than most of Myers's lectures. Overall a very friendly and caring professor.",Amazing lectures --Caring--Accessible outside class,1,2
UmF0aW5nLTM3MTgyMTg1,2756306,Curran Muhlberger,Cornell University,CS2110,1.0,1.0,1.0,5.0,2022-12-19,-1,C,Don't take if you wanna be happy.,,3,1
UmF0aW5nLTM2NzY1MjIx,2756306,Curran Muhlberger,Cornell University,CS2110,1.0,1.0,1.0,5.0,2022-11-02,-1,A,The worst class I have taken at this school. I did well but only because I sunk more miserable hours into this class than most people.,Tough grader,2,1
UmF0aW5nLTM2MDg1Njgz,2756306,Curran Muhlberger,Cornell University,CS2110,1.0,1.0,1.0,5.0,2022-04-15,-1,Drop/Withdrawal,Awful,,0,1
UmF0aW5nLTM2MDgyMjk0,2756306,Curran Muhlberger,Cornell University,CS2110,1.0,1.0,1.0,5.0,2022-04-15,-1,Rather not say,"It is totally a joke to have him as the instructor for CS5150. Awful lectures and poor organization. Grades are given in a VERY unfair manner, TA and instructor did not keep the same standard. The grading policy was not determined even if it is near the end of the semester. He also refused to accommodate students with difficulties like covid. ",Tough grader,0,0
UmF0aW5nLTM1NzE1MTU2,2756306,Curran Muhlberger,Cornell University,CS2110,4.0,4.0,4.0,3.0,2022-01-07,1,,Muhlberger was really detailed and prepared for lectures and answered questions clearly and in an understandable way. Also posted more helpful/descriptive answers to questions on EdStem than Gries. Overall good professor who knows his stuff!,Respected--Accessible outside class--Get ready to read,0,1
UmF0aW5nLTM1NzA4Nzcw,2756306,Curran Muhlberger,Cornell University,CS2110,4.0,4.0,4.0,3.0,2022-01-06,1,,"Though he only taught for one semester of CS2110, he was my favorite of the pair. I went weekly to his OHs, not to ask about quizzes, but to talk and learn from this extremely well-read and knowledgeable person. Unlike Gries, he is less condescending and is always happy to talk about non-sequators. Highly recommend him as a professor and friend.",Gives good feedback--Accessible outside class--Amazing lectures,0,0
UmF0aW5nLTM1NTYxODc1,2756306,Curran Muhlberger,Cornell University,CS2110,5.0,5.0,5.0,3.0,2021-12-16,1,B,I enjoyed all of professor Mulhberger's lectures. He's very smart and clearly knows what he's talking about. His best attribute is that he explains things very well in lecture which helped improve my understanding of CS.,Gives good feedback--Amazing lectures,0,0
UmF0aW5nLTM2NDM3MTg5,2756306,Curran Muhlberger,Cornell University,CS5150,1.0,1.0,1.0,5.0,2022-06-03,-1,,"Worst lecturer ever met. Classes and projects are disorganized. Limited help from TAs. Final grading is not followed by the posted criteria, which are not clarified until the midpoint of the semester.",Tough grader--Group projects,2,0
UmF0aW5nLTM2MzM5MDgz,2756306,Curran Muhlberger,Cornell University,CS5150,3.0,3.0,3.0,3.0,2022-05-14,1,,"Professor isn't bad tbf, he gives access to good resources, lectures are good for SWE, and he is very knowledgeable. The course sadly was a logistical nightmare as others have said already. Wait for a serious re-work of the course, take an external project, or try to get on an internal project with good docs and a knowledgeable + helpful TA/client",Participation matters--Group projects,1,0
UmF0aW5nLTM2MzA4NzUw,2756306,Curran Muhlberger,Cornell University,CS5150,1.0,1.0,1.0,5.0,2022-05-11,-1,Not sure yet,Pretty much what others have said about this course... VERY disorganized and the difficulty of the project varies . We worked on an internal project and the TAs and the prof barely knew anything about how the systems work. Avoid taking this class unless you have to.,Tough grader,1,0
UmF0aW5nLTM2MzAyMDkz,2756306,Curran Muhlberger,Cornell University,CS5150,1.0,1.0,1.0,4.0,2022-05-10,-1,Not sure yet,"The grading scale of the course was not disclosed until two-thirds of the way through the course. The difficulty of the projects varied greatly, and the TAs and professors are totally not helpful to the project. The course schedule is VERY bad, the exams are EXTREMELY unreasonable, and there is NO improvement in software development skills!",Tough grader,0,0
UmF0aW5nLTM2MzAwOTkw,2756306,Curran Muhlberger,Cornell University,CS5150,1.0,1.0,1.0,1.0,2022-05-10,-1,B+,"This class makes ZERO sense. We were doing a project called Gerrit but no professor, no TAs, no one knows how Gerrit work. The workload of different groups is completely different, we spent a almost 20 hours a week to finish our requirements. BUT, the group who have a little requirments got a good grade just because they have little things to do. ",,2,0
UmF0aW5nLTI3OTMzMDMw,121166,Daniel Jackson,Massachusetts Institute of Technology,6.170,3.0,3.0,3.0,4.0,2017-03-22,1,C,"Jackson's decent at teaching. He knows his stuff, and speaks well. Unfortunately, he rarely gets rigorous, even when the course material allows for it. 6.170 comes with a lot of projects that take a while, often left open-ended by design. His teaching style borders on high school-style, mandating attendance, and other hand-holding techniques.",Participation matters--LOTS OF HOMEWORK--GROUP PROJECTS,0,0
UmF0aW5nLTYxNTM4Mg==,121166,Daniel Jackson,Massachusetts Institute of Technology,6033,5.0,5.0,4.0,2.0,2003-02-22,-1,,No Comments,,0,0
UmF0aW5nLTI0OTcwMTY1,121166,Daniel Jackson,Massachusetts Institute of Technology,6170,5.0,5.0,5.0,1.0,2015-06-16,-1,A,Cool class on web dev. D-Jax made it even more cool,,0,1
UmF0aW5nLTExNzYyMTg1,121166,Daniel Jackson,Massachusetts Institute of Technology,6170,4.0,5.0,3.0,4.0,2006-04-25,-1,,Crisp is the word -- I'm ridiculously intimidated by this man but he lectures really well.,,0,1
UmF0aW5nLTMxNTE0NjI=,121166,Daniel Jackson,Massachusetts Institute of Technology,6170,4.0,3.0,5.0,4.0,2005-01-04,-1,,Very knowledgable but sometimes confusing. Has a menacing english accent. Ran a very organized class.,,0,0
UmF0aW5nLTEyNjIyODI0,121166,Daniel Jackson,Massachusetts Institute of Technology,CSSECT,5.0,5.0,4.0,3.0,2006-12-16,-1,,Teaches a very good course on software modeling using Alloy. Goes the extra mile...but by no means an easy course. expect to put in some long hours.,,0,0
UmF0aW5nLTIxODQ0NzM2,1823114,Daron Acemoglu,Massachusetts Institute of Technology,14773,4.0,5.0,2.0,5.0,2013-05-30,-1,,great teacher and academic,,2,3
UmF0aW5nLTI2MzY5OTM2,1823114,Daron Acemoglu,Massachusetts Institute of Technology,ECON1432,4.0,3.0,4.0,3.0,2016-04-25,-1,A+,Econ 14.32 Econometrics with this Professor is a smart choice.  You learn a lot. He is one of The Biggest Names and very respected for The Economics Department. I recomend instead taking Econ 14.30 Statistical Methods in Economics take better Math 18.440 Probability and Random Variables and Math 18.443 Statistics both are more strong Courses .,,5,0
UmF0aW5nLTI2MzMwMjQ3,1823114,Daron Acemoglu,Massachusetts Institute of Technology,ECON1432,3.0,2.0,3.0,4.0,2016-04-19,-1,B+,Professor Daron Acemoglu is one of The most cited Economics on The world. He is a great Professor but is very challenging. If you love Statistics dont have very Big Problems to Pass. The Exams are though but If you Study and have passion for one of The most important Courses in Economics Take it with him . This course depends so much from 14.30,,4,1
UmF0aW5nLTI2MzAzODM4,1823114,Daron Acemoglu,Massachusetts Institute of Technology,ECON1432,3.0,3.0,3.0,4.0,2016-04-15,-1,B,Econ 14.32 Econometrics is one of The Best Courses that i took at Massachussetts Institute of Technology. Professor Daron Acemoglu madres The Econometrics understandable but you need a great Foundations in Econ 14.30 Statistical Methods in Economics. The Class is interesting and is not The worst If you compare it with Econ 14.126 Game Theory.,,4,2
UmF0aW5nLTI2MjI2NDIz,1823114,Daron Acemoglu,Massachusetts Institute of Technology,ECON1432,2.0,2.0,2.0,4.0,2016-04-04,-1,C,Econ 14.32 Econometrics with The Professor Daron Acemoglu Is not The Worst Experience but he Is Better than Joshua Angrist . Is difficult to understand Its language . The explanations of The material Is confusing. Econometrics Is not Mathematical Economics Is Based more in Statistics. I Like The Course but was so difficult The Language barrier.,,3,3
UmF0aW5nLTQyMjQ4NzY5,655707,David Autor,Massachusetts Institute of Technology,1403,5.0,5.0,5.0,1.0,2025-12-14,1,A,"An Amazing Professor who is always there for you. Even though the math and the graphs are hard, he made every effort to make it understandable with his amazing team of TAs. Whenever you have a question, Prof. Autor quickly responds to clear our confusion even on weekends. ",,0,0
UmF0aW5nLTQyMjM3MDM4,655707,David Autor,Massachusetts Institute of Technology,1403,1.0,1.0,1.0,4.0,2025-12-14,-1,,Made the topics harder to understand than they needed to be. Had to read and do other courses to actually learn the material. Watch out for his frequent misstatements when he does math.,Get ready to read,0,0
UmF0aW5nLTM5NzU0ODg3,655707,David Autor,Massachusetts Institute of Technology,1403,4.0,4.0,4.0,3.0,2024-09-20,1,A-,dsfsdfds sdfsdfsd dfdsfdsfds,Tough grader,0,0
UmF0aW5nLTEwMTQ4MzA1,655707,David Autor,Massachusetts Institute of Technology,1403,5.0,5.0,5.0,2.0,2005-08-22,-1,,No Comments,,1,0
UmF0aW5nLTMyNjM0NDc2,655707,David Autor,Massachusetts Institute of Technology,ASDFGHJKL.,5.0,5.0,5.0,1.0,2019-12-12,1,A+,Good teach,Respected--Inspirational--Caring,0,0
UmF0aW5nLTI4MjMxMDQy,655707,David Autor,Massachusetts Institute of Technology,ECON1401,4.0,4.0,4.0,3.0,2017-05-06,1,A+,"Econ 14.01 Principles of Microeconomics at Massachusetts Institute of Technology . The course is easy in compare with Engineering courses . Mathematical concepts are clear and understandable . David H Autors covers Game Theory in Microeconomics. You have to use Calculus, Statistics and Probability",Tough Grader--Respected--Inspirational,0,0
UmF0aW5nLTI3ODEwOTg3,655707,David Autor,Massachusetts Institute of Technology,ECON1401,4.0,4.0,4.0,4.0,2017-02-07,1,B-,"Professor David H. Autor Department of Economics at Massachusetts Institute of Technology is a great professor . 14.01 Principles of Microeconomics is not an easy class . Involves a lot of Calculus, Statistics, even though game theory and behavioral economics are discussed. The class is very interesting.",Participation matters--Inspirational--Amazing lectures,2,0
UmF0aW5nLTQxNjc2NTE2,655707,David Autor,Massachusetts Institute of Technology,ECON1403,2.0,2.0,2.0,4.0,2025-09-30,-1,A-,Too many fundamental mistakes in lectures. Graphs drawn in class were hard to read and often included errors that he repeated. Questions were poorly worded and included assumptions that weren't communicated.,,0,0
UmF0aW5nLTI4MDgyMDM4,655707,David Autor,Massachusetts Institute of Technology,ECON1403,5.0,5.0,5.0,2.0,2017-04-19,1,A+,Professor David H Autor from Economics at Massachusetts Institute of Technology excellent professor. Economics is a highly Quantitative Social Sciences. Is the Best for Intermediate Economics. If you can't handle go to University of Puerto Rico Río Piedras and Mayagüez mediocre economics  courses .,Respected--Inspirational--Amazing lectures,2,0
UmF0aW5nLTI3OTc3ODIw,655707,David Autor,Massachusetts Institute of Technology,ECON1403,4.0,4.0,4.0,3.0,2017-03-31,1,B+,"Economics I thought that will be very boring, but was a truly nice experience. I took Intermediate Applied Microeconomics  14.03 and was a wonderful experience. But I major in Nuclear Science and Engineering and Physics. Economics is Quantitative Social Science. Massachusetts Institute of Technology is well known in Economics",Tough Grader--Participation matters--Inspirational,3,0
UmF0aW5nLTI2MzMwMTg1,655707,David Autor,Massachusetts Institute of Technology,ECON1403,5.0,4.0,5.0,3.0,2016-04-19,-1,A+,Professor David Autor is truly inspirational. I studied Economics at Massachussetts Institute of Technology (MIT ) and i love The course and Its amazing lectures. The course is a little bit Hard but is very interesting have a lot of Mathematics and beautiful graphs. If you have The chance to take and Economics course with him . Take it,,7,0
UmF0aW5nLTI2MjAxNjkw,655707,David Autor,Massachusetts Institute of Technology,ECON1403,5.0,5.0,5.0,2.0,2016-03-29,-1,A+,Is a Excelent professors in Economics . I like Econ 14.03 he explain extremely well The Microeconomic Theory and Public Policy. Study The course have a lot of Mathematics but is very interesting,,6,0
UmF0aW5nLTI4MjM1NDMy,2256500,David Perreault,Massachusetts Institute of Technology,6.334,5.0,5.0,5.0,4.0,2017-05-06,1,,Truly efficient and responsible lecturer. In-class demos are just amazing!,Respected--Inspirational--Amazing lectures,0,0
UmF0aW5nLTI1NTE2MDYw,1886130,David Pesetsky,Massachusetts Institute of Technology,TWENTYFOUR900,4.0,4.0,4.0,4.0,2015-12-01,-1,A-,Fun guy- go to class and you'll enjoy yourself. Don't expect the book to be helpful once you get to syntax.,,0,0
UmF0aW5nLTM2MTE2NTc3,2714720,Devavrat Shah,Massachusetts Institute of Technology,EE281,3.0,3.0,3.0,3.0,2022-04-20,1,,Devavrat is a nice guy. He cares about research. His style is to solve real world problems that change the world (although his work need not be very mathematically deep). So more algorithmic. He is well respected in academia and places students in good schools. ,,1,0
UmF0aW5nLTM5Njg2ODUx,2580783,Diana Diaz,University of Illinois Chicago,CS261,2.0,2.0,2.0,4.0,2024-08-16,-1,B,"She is a nice professor, generous with extra credit, and the labs were good, but she wasn't the best professor. Her lectures were hard to follow and not well structured. Office Hours weren't the best, especially with projects. The Final Exam was the worst, mostly multiple choice,but the choices were hard to read. Didn't learn much from this class. ",Participation matters--EXTRA CREDIT--Caring,0,0
UmF0aW5nLTM5MzYxNTg2,2580783,Diana Diaz,University of Illinois Chicago,CS261,5.0,5.0,5.0,4.0,2024-05-04,1,A,CS261 was my most difficult CS class I have taken so far. The professor was very generous with extra credit and tried her best to keep the class as easy as possible. Attendance not mandatory.,EXTRA CREDIT--Lots of homework--Lecture heavy,0,0
UmF0aW5nLTM5MzUyMzg3,2580783,Diana Diaz,University of Illinois Chicago,CS261,2.0,2.0,2.0,4.0,2024-05-03,1,A,"Overall, the TLDR for Diaz would be that she is such a caring professor, and if you have her for a class and want to preserve your GPA, then she is a solid choice. However, her lectures are a bit hard to follow, and thus, I would say that her office hours reflect her better as an instructor, as her office hours helped a lot more than her lectures.",Participation matters--EXTRA CREDIT--Lecture heavy,0,0
UmF0aW5nLTM5MzA3MTQx,2580783,Diana Diaz,University of Illinois Chicago,CS261,3.0,3.0,3.0,2.0,2024-04-30,-1,A,Not a bad professor. Personally I didn't think the lectures were that useful. Most labs are optional attendance. I didn't learn much in lecture so I had to kind of teach myself a lot of the material. Very lenient in terms of grading with lots of extra credit so it's relatively easy to end with an A or B.,EXTRA CREDIT--Clear grading criteria--Test heavy,0,0
UmF0aW5nLTM5MDE0NTc4,2580783,Diana Diaz,University of Illinois Chicago,CS261,1.0,1.0,1.0,4.0,2024-03-01,-1,Not sure yet,"She's nice and easy to approach, however terrible at lecturing. Lectures are often confusing and messy. Most of the lecture time is used in answering random questions and not actually learning new material. She expects you to learn mostly on your own from videos and articles online.",Get ready to read--Participation matters--Lots of homework,0,0
UmF0aW5nLTM4OTk3NTEw,2580783,Diana Diaz,University of Illinois Chicago,CS261,1.0,1.0,1.0,4.0,2024-02-24,-1,A+,junker prof junker class,,0,0
UmF0aW5nLTM4OTQwNDE2,2580783,Diana Diaz,University of Illinois Chicago,CS261,1.0,1.0,1.0,3.0,2024-01-31,-1,B+,No,,0,0
UmF0aW5nLTM4ODcyNDQ5,2580783,Diana Diaz,University of Illinois Chicago,CS261,5.0,5.0,5.0,4.0,2024-01-12,1,A,"She made cs 261 fun. Some labs were difficult but the TA's definitely helped out. Make sure to ask the grad TAs for help on them, as the undergrad ones OFTEN give you WRONG information. 

If she gives the class the option of multiple choice or written, go for written. You might think MC is 4-5 questions most, but she made final ~16 options. ",EXTRA CREDIT--Lecture heavy,0,0
UmF0aW5nLTM4NzA2ODQ4,2580783,Diana Diaz,University of Illinois Chicago,CS261,5.0,5.0,5.0,3.0,2023-12-16,1,A,The class is difficult but she makes attendance worth 18% so as long as you attend it's an easy A,Participation matters--Lots of homework--Caring,0,0
UmF0aW5nLTM4NjA1NDMw,2580783,Diana Diaz,University of Illinois Chicago,CS261,1.0,1.0,1.0,3.0,2023-12-11,-1,A+,Overrated,,0,0
UmF0aW5nLTM1NzE1NjUx,2580783,Diana Diaz,University of Illinois Chicago,CS261,1.0,1.0,1.0,4.0,2022-01-07,0,Rather not say,worst professor,,0,0
UmF0aW5nLTM0NjU4NDA5,2580783,Diana Diaz,University of Illinois Chicago,CS261,1.0,1.0,1.0,5.0,2021-04-29,0,,"Dsprop lecture length from 1 week to another. Some weeks would be 1 hr of video lectures other weeks would be double or more. Lectures SKIP OUT details NEEDED in the homework/lab, and the grading rubric was too harsh in that matter. 1/2 of each &amp; every live lecture would be wasted on syllabus confusion. Def get ready to learn entirely on your own.",Get ready to read--Skip class? You won't pass.--Lecture heavy,2,0
UmF0aW5nLTM0NjUzNDQx,2580783,Diana Diaz,University of Illinois Chicago,CS261,1.0,1.0,1.0,5.0,2021-04-29,0,,I strongly recommend to not take this professor for any CS courses. She has been the worst professor ever until now. She was not at all considerate about the students' situation and just made the already difficult course worse by tough grading and poor teaching. Her video lectures and discussion sessions were totally useless. DO NOT TAKE HER CLASS!,Lots of homework--Skip class? You won't pass.--Tough grader,2,0
UmF0aW5nLTM0NjQ4OTY0,2580783,Diana Diaz,University of Illinois Chicago,CS261,2.0,2.0,2.0,4.0,2021-04-28,0,B+,"Hours worth of pre-recorded lectures + 2 hours of live lectures each week are required. She's gonna a lot of criticism from her students after autograder incidents flagged innocent students of academic misconduct. Despite this, she does work hard to have her students succeed. Poor execution by her and the TAs lead to many students with poor grades.",Get ready to read--Skip class? You won't pass.--Lecture heavy,1,0
UmF0aW5nLTM0NjQxNzI3,2580783,Diana Diaz,University of Illinois Chicago,CS261,1.0,1.0,1.0,5.0,2021-04-28,0,D,"Pre-recorded lectures can be long and difficult to understand. Makes completing assignments, quizzes, and labs a pain. Very tough grading for everything. Highly recommend a different professor if there's a choice.",Beware of pop quizzes--Lecture heavy--Tough grader,1,0
UmF0aW5nLTM0NjMyMjU2,2580783,Diana Diaz,University of Illinois Chicago,CS261,1.0,1.0,1.0,5.0,2021-04-27,0,D,"To be honest, worth and HARDEST class ever. I tried everything but did not pass. NO COMMENTS.",Lots of homework--Test heavy--Lecture heavy,4,0
UmF0aW5nLTM0NjEzNTgx,2580783,Diana Diaz,University of Illinois Chicago,CS261,1.0,1.0,1.0,5.0,2021-04-24,0,C,I was off by one bit in one of the homework and she gave me no partial credit straight to zero which is hilarious because it took me alot of time to do the homework. Don't even get me started on her weekly lab. her lab I have to use the internet to get help and i know I will never use the things i have learn in her class in my career.,Lots of homework--Lecture heavy--Tough grader,5,0
UmF0aW5nLTM0NTcyMzE0,2580783,Diana Diaz,University of Illinois Chicago,CS261,1.0,1.0,1.0,1.0,2021-04-19,0,A,"Class is easy, professor is not. Good luck!",,6,0
UmF0aW5nLTM0NTExNjc1,2580783,Diana Diaz,University of Illinois Chicago,CS261,1.0,1.0,1.0,5.0,2021-04-06,0,Not sure yet,This has been the worst class I have taken. It seems like there is a huge disconnect from the little we learn with lectures and the complicated homework that she gives. The format of quizzes is very tough and the majority of the points rely on 4 of the 16 questions. Overall I have learned very little in the class and will try to avoid her classes.,Lots of homework--Lecture heavy--Tough grader,6,0
UmF0aW5nLTM0NTEwNTQ5,2580783,Diana Diaz,University of Illinois Chicago,CS261,1.0,1.0,1.0,5.0,2021-04-06,0,,Professor Diana Diaz is by far the worst professor I had at UIC. she seems like a good person but that is it. She is a tough grader and her lectures are absolute trash. She is not easily accessible and good luck to receive a response from her when you post privity on Piazza. Stay away from her if you can! All of the bad ratings mean something.,Lots of homework--EXTRA CREDIT--Tough grader,6,0
UmF0aW5nLTM0NTA0MTg0,2580783,Diana Diaz,University of Illinois Chicago,CS261,1.0,1.0,1.0,5.0,2021-04-04,0,Not sure yet,"There is no doubt that the concepts are extremely complex, which makes it inherently difficult to teach. However, with Diaz, you'd be better off watching YouTube videos or outside resources than using her slides or lectures. If you have the option, get someone else.",Lots of homework--Lecture heavy--EXTRA CREDIT,6,0
UmF0aW5nLTM0NTAzMzU0,2580783,Diana Diaz,University of Illinois Chicago,CS261,1.0,1.0,1.0,5.0,2021-04-03,0,Not sure yet,"I don't know if it's because the class is online, but taking 261 with Diaz will yield you essentially nothing besides credit if you manage to pass. I've taught myself 99% of the class despite her requiring us to come to her live lectures. Not to mention the 2 hours worth of videos she gives each week on top of that. She's nice, but that's about it.",Lots of homework--Lecture heavy--Tough grader,5,0
UmF0aW5nLTM0NTAzMjgw,2580783,Diana Diaz,University of Illinois Chicago,CS261,1.0,1.0,1.0,5.0,2021-04-03,0,Not sure yet,"There is nothing you could really learn from her. Take her and you would notice that everything you learn from this class is from google and youtube. Her notes and lectures are horribly presented. This class was supposed to be fun, but she managed to make most of us hate it so much. If you have a question, good luck having her answer it.",Lots of homework--Tough grader,5,0
UmF0aW5nLTM0NTAyMjQ2,2580783,Diana Diaz,University of Illinois Chicago,CS261,1.0,1.0,1.0,5.0,2021-04-03,0,,"Trying to understand the material from her notes were very difficult. It felt like a mission trying to understand the basics. Many students got wrongly accused of academic dishonesty(Makes the student feel sick, unpleasant to see). Grading is very strict and harsh. She's a nice person and knows the material. Just very hard to learn from her notes.",Lots of homework--So many papers--Tough grader,4,0
UmF0aW5nLTM0NDg3MzA0,2580783,Diana Diaz,University of Illinois Chicago,CS261,1.0,1.0,1.0,5.0,2021-03-30,0,Not sure yet,"The worst professor I have had in my college career. It is the only class I have taken during COVID where the professor and TAs had 0 consideration or accommodations for the students. She is the hardest grader I have ever had, giving no credit unless you are 100% correct. Terrible experience!",Skip class? You won't pass.--Tough grader,4,0
UmF0aW5nLTM0NDg1OTEy,2580783,Diana Diaz,University of Illinois Chicago,CS261,1.0,1.0,1.0,5.0,2021-03-29,0,,She is the worst professor I have ever encountered at UIC. This class has too much workload that isn't explained clearly or efficiently with the amount of lectures that she makes us watch. The professor and TAs aren't considerate or accommodating to students especially during online schooling and a pandemic.,Lots of homework--Lecture heavy--Tough grader,4,0
UmF0aW5nLTM0NDUwMzE0,2580783,Diana Diaz,University of Illinois Chicago,CS261,1.0,1.0,1.0,4.0,2021-03-18,0,,"She doesn't care, everything she does is bare minimal effort. The video lectures are of her creating the OneNote as she goes along, we complained her audio was too low which never got fixed, and talks down to students. -30% of your grade if you miss deadline. I don't think she is there as a person to be a professor.",EXTRA CREDIT--Tough grader,4,0
UmF0aW5nLTM0NDM2NDE4,2580783,Diana Diaz,University of Illinois Chicago,CS261,1.0,1.0,1.0,5.0,2021-03-14,0,Not sure yet,The worst professor I have ever had.,Lots of homework--Get ready to read--Tough grader,5,0
UmF0aW5nLTM0NDM1Mzcw,2580783,Diana Diaz,University of Illinois Chicago,CS261,1.0,1.0,1.0,4.0,2021-03-13,0,Not sure yet,"There isn't a final, but that doesn't matter much. Attendance in class is mandatory but you must also watch prerecorded lectures. Coursework is heavy on all ends and incredibly tedious. If you want to have time for other courses, manage your time well or be overwhelmed. Avoid if you can.",Lots of homework--EXTRA CREDIT,4,0
UmF0aW5nLTM0MDU0OTE4,2580783,Diana Diaz,University of Illinois Chicago,CS261,2.0,2.0,2.0,4.0,2020-12-13,0,,"When you ask for help, she doesn't answer the question you asked and has led me astray with some of the answers she gave me when it came to class content. We all are in the middle of really difficult times, so most professors show some leniency. With Diaz, you won't get that. There are strict deadlines and she won't bend the rules for anyone.",EXTRA CREDIT--Tough grader,3,0
UmF0aW5nLTMzOTYwNTY3,2580783,Diana Diaz,University of Illinois Chicago,CS261,2.0,2.0,2.0,5.0,2020-12-05,0,B,"Diaz is a nice professor, but I feel like the entire 261 course should be restructured since no one really knows what's going on. Your grade will depend on labs,HW, &amp; quizzes but the format of the quizzes are awful. Similarly the labs are either really easy or make no sense. Also I think she should upload her slides on BB instead of google slides.",Caring,3,0
UmF0aW5nLTMzOTA4NzM3,2580783,Diana Diaz,University of Illinois Chicago,CS261,4.0,4.0,4.0,4.0,2020-11-30,1,B,"Professor Diaz is a decent person but it felt like she does not have enough experience in teaching. The topics are hard to understand but she helped a lot of students on live lectures to get the material properly. In general, you will have to really listen to every word said in the lecture and make tons of notes to understand everything properly.",Lots of homework--Skip class? You won't pass.--Caring,1,10
UmF0aW5nLTMzNzA5NTE4,2580783,Diana Diaz,University of Illinois Chicago,CS261,2.0,2.0,2.0,4.0,2020-10-17,0,,"Just doesn't seem very experienced. To be fair I took this class during the pandemic, but I found that the students had better ideas on how to teach the class than the professor did. She had to revise quiz formats because they were unfair to start then ended up making them worse.",,4,0
UmF0aW5nLTM4MDEyNzk2,2580783,Diana Diaz,University of Illinois Chicago,CS362,2.0,2.0,2.0,2.0,2023-06-01,-1,A,"Professor Diaz as a lecturer is considerate enough. However, the class is extremely detached from the labs. I never had an idea of what was going on in lectures because it got extremely boring especially since she goes through material real slow. Labs are interesting and the group project is really what you make of it. Easy A, just busy work. ",Group projects--Caring--Online Savvy,1,0
UmF0aW5nLTM3ODEyNDUy,2580783,Diana Diaz,University of Illinois Chicago,CS362,5.0,5.0,5.0,2.0,2023-05-03,1,,"Professor Diaz is a great professor who is extremely generous when it comes to grading. Lectures are mandatory (although you can attend virtually), but it can lead to some huge EC. Be sure to pick a good group for the course and keep it as small as possible. The second half of the course is busier than the first, so keep that in mind.",Participation matters--Group projects--Online Savvy,0,0
UmF0aW5nLTM3MDk4NDUy,2580783,Diana Diaz,University of Illinois Chicago,CS362,5.0,5.0,5.0,2.0,2022-12-13,1,,Easy A if you attend lectures and present labs. Lots of milestones to help you organize and finish your group project. Clear grading criteria. ,,0,0
UmF0aW5nLTM3MDk4NDA4,2580783,Diana Diaz,University of Illinois Chicago,CS362,5.0,5.0,5.0,3.0,2022-12-13,1,,By far the best CS class I had at UIC. Very organized class. Syllabus and schedule out since day 1. Easy zybooks points and iclicker points if you go to class. Lots of extra credit opportunities. Diaz is GOAT,Participation matters--Amazing lectures --Caring,0,0
UmF0aW5nLTM2Njk4NTkz,2580783,Diana Diaz,University of Illinois Chicago,CS362,1.0,1.0,1.0,5.0,2022-10-13,-1,A+,required class - purposefully designed to be unnecessarily gimmicky and time consuming. Too many rules to give an exam.,Tough grader--Lots of homework,0,1
UmF0aW5nLTM2MzU3Njc4,2580783,Diana Diaz,University of Illinois Chicago,CS362,4.0,4.0,4.0,2.0,2022-05-17,1,A,Clear to follow assignments that don't require much effort. Lectures a bit dull at times especially since attendance is required but they do go through all the material and try to answer all the questions people have asked. Arduino portion felt completely different than the rest of the material but it's nice to get some hands on experience.,Participation matters--EXTRA CREDIT--Group projects,0,0
UmF0aW5nLTM2MzQzMjQy,2580783,Diana Diaz,University of Illinois Chicago,CS362,5.0,5.0,5.0,1.0,2022-05-15,1,A,"Class went amazingly. Homework was based on zybook activities. Makeups were available at the end of the semester for missed assignments. A group project was assigned at the beginning and due at the end. If you did all the homework, labs, and midterm, as well as worked well on group project, you don't have to take the final exam. Too blessed :)",EXTRA CREDIT--Group projects,0,0
UmF0aW5nLTM2MzA5NTQw,2580783,Diana Diaz,University of Illinois Chicago,CS362,5.0,5.0,5.0,1.0,2022-05-11,1,A,"I took CS261 with professor Diana and gave her a 1 star and tried to avoid her for this class but fate made me retake her and I'm starting to think that she is actually a great professor ""I never thought I would say that."" great lectures labs are given in advance and exams are a tiny percentage of final grades. Easy A and you will enjoy the class.",Group projects--Amazing lectures ,0,0
UmF0aW5nLTM2MDQ1Nzcw,2580783,Diana Diaz,University of Illinois Chicago,CS362,5.0,5.0,5.0,2.0,2022-04-08,1,Not sure yet,"Her teaching style is based on Zybooks content, but this makes every lecture just an easy review through the course of the semester. Her 261 class during covid I got an A in and it really wasn't that bad despite being such a hard course. Genuinely like this teacher, I always sign up for her classes! Relatively easy tests, really good professor.",Get ready to read--Participation matters--Amazing lectures ,0,0
UmF0aW5nLTM1OTk5MTYx,2580783,Diana Diaz,University of Illinois Chicago,CS362,5.0,5.0,5.0,3.0,2022-03-31,1,B+,"Diaz gets a lot of bad rep from 261 during covid(which i could write a paragraph about 261 entirely) but she's genuinely a professor that deeply cares about her students. If you tell her you have something going on, she will extend for you. She has clear grading criteria from day one. Sem long group project you do in pieces. Would take again.",Participation matters--Group projects--Caring,0,0
UmF0aW5nLTM1NDU3NTgx,2580783,Diana Diaz,University of Illinois Chicago,CS362,5.0,5.0,5.0,2.0,2021-12-10,1,A+,"Professor Diaz's class was by far the best course I had this semester. From day 1 she provides you with a schedule of everything that will be due and gives you more than enough time to do it. You really have to go out of your way if you want to NOT succeed in this class. Practice exams, late turn-ins, extra credit question on midterms, fav prof",Gives good feedback--Accessible outside class--Group projects,0,0
UmF0aW5nLTM3ODgyNTI3,2580783,Diana Diaz,University of Illinois Chicago,CS418,5.0,5.0,5.0,3.0,2023-05-10,1,A+,Coursework is heavy but it's an Easy A unless you're an undergrad who doesn't know anything about data science!,Participation matters--Group projects--Lots of homework,0,0
UmF0aW5nLTM3ODgxMjI0,2580783,Diana Diaz,University of Illinois Chicago,CS418,5.0,5.0,5.0,2.0,2023-05-10,1,A,"The rating on this site for Diana is NOT representative of how she teaches. She has been BY FAR the most understanding, reasonable and enjoyable professor I have had at UIC. At this point I have taken multiple classes with her and I cannot recommend her enough. In here classes you actually learn and are held to realistic time expectations.10/10rec!",,1,0
UmF0aW5nLTQwOTg3MzEy,2461189,Dimitris Bertsimas,Massachusetts Institute of Technology,15,1.0,1.0,1.0,5.0,2025-04-20,-1,,don't take his courses,Tough grader,0,0
UmF0aW5nLTExNzI4MDU4,81483,Donald Sadoway,Massachusetts Institute of Technology,3091,1.0,1.0,1.0,1.0,2006-04-19,-1,,Lame class.,,0,7
UmF0aW5nLTEwODIyNzQw,81483,Donald Sadoway,Massachusetts Institute of Technology,3091,5.0,5.0,5.0,3.0,2005-10-28,-1,,No Comments,,1,0
UmF0aW5nLTEwNzM0MzQ3,81483,Donald Sadoway,Massachusetts Institute of Technology,3091,5.0,5.0,5.0,2.0,2005-10-03,-1,,"Sadoway is a ****, plain and simple.  He's by far one of (if not the most) entertaining lecturers of the freshman core classes.  Sadoway rules!",,0,3
UmF0aW5nLTEwMjk3OTYy,81483,Donald Sadoway,Massachusetts Institute of Technology,3091,4.0,3.0,5.0,3.0,2005-08-31,-1,,No Comments,,0,0
UmF0aW5nLTM5Njk5NDQ=,81483,Donald Sadoway,Massachusetts Institute of Technology,3091,5.0,5.0,5.0,3.0,2005-06-07,-1,,Hot damn!,,0,0
UmF0aW5nLTM4NzExNTg=,81483,Donald Sadoway,Massachusetts Institute of Technology,3091,5.0,5.0,5.0,3.0,2005-05-16,-1,,"Sadoway is the best professor at this school, hands down.   and he's hot.",,0,0
UmF0aW5nLTM2MTYzNjE=,81483,Donald Sadoway,Massachusetts Institute of Technology,3091,4.0,4.0,3.0,2.0,2005-04-13,-1,,"slightly overrated class, a lot of slides are just for show, great teacher, interesting class for the most part.  His grading is completely fair and had one of the best policies regarding partial credit",,1,0
UmF0aW5nLTMzODEyNjk=,81483,Donald Sadoway,Massachusetts Institute of Technology,3091,4.0,4.0,3.0,4.0,2005-02-22,-1,,"sadoway is funny, the material is very interesting (give him credit for choosing cool examples). however, there's no interaction in his class (no asking questions or anything..) and that's sad coz the pace of this class is really fast and some things remain cloudy.",,0,0
UmF0aW5nLTMzMjE2NjE=,81483,Donald Sadoway,Massachusetts Institute of Technology,3091,5.0,5.0,5.0,3.0,2005-02-04,-1,,One of the best lecturers!,,0,1
UmF0aW5nLTMyNjU5NDA=,81483,Donald Sadoway,Massachusetts Institute of Technology,3091,3.0,4.0,1.0,1.0,2005-01-23,-1,,overrated,,0,0
UmF0aW5nLTI4OTI5NzI=,81483,Donald Sadoway,Massachusetts Institute of Technology,3091,5.0,5.0,5.0,2.0,2004-12-02,-1,,Good entertainer.,,0,0
UmF0aW5nLTE1Nzc2MjQ=,81483,Donald Sadoway,Massachusetts Institute of Technology,3091,5.0,5.0,5.0,1.0,2004-01-05,-1,,Awesome.,,0,0
UmF0aW5nLTEzMzI5MzM=,81483,Donald Sadoway,Massachusetts Institute of Technology,3091,2.0,1.0,2.0,2.0,2003-11-16,-1,,Lectures are entertaining butt he's putting on a show and often the show has no relation to the course material.,,0,0
UmF0aW5nLTEyNjA5NzQ=,81483,Donald Sadoway,Massachusetts Institute of Technology,3091,4.0,4.0,4.0,3.0,2003-11-04,-1,,"Well structured class, although he needs to come down to earth and accept his class is not the best class in the world",,1,0
UmF0aW5nLTEwMDAyNzc=,81483,Donald Sadoway,Massachusetts Institute of Technology,3091,4.0,4.0,4.0,2.0,2003-06-05,-1,,No Comments,,0,0
UmF0aW5nLTgyMDU1OQ==,81483,Donald Sadoway,Massachusetts Institute of Technology,3091,5.0,5.0,4.0,2.0,2003-04-10,-1,,No Comments,,0,0
UmF0aW5nLTc3ODE3MQ==,81483,Donald Sadoway,Massachusetts Institute of Technology,3091,5.0,5.0,4.0,1.0,2003-04-02,-1,,He rocks!,,0,0
UmF0aW5nLTc3ODE0Ng==,81483,Donald Sadoway,Massachusetts Institute of Technology,3091,5.0,5.0,5.0,1.0,2003-04-02,-1,,Da bomb diggity.,,0,0
UmF0aW5nLTY1NjQ2Ng==,81483,Donald Sadoway,Massachusetts Institute of Technology,3091,5.0,5.0,5.0,3.0,2003-02-28,-1,,"AMAZING teacher! Clear, helpful, friendly, and engaging, this guy has a lecture of 450 people and he knows my home town and what I am interested in, and treats me like an equal. Inspiring in his drive to make this world a better place through science.",,0,0
UmF0aW5nLTY1MTk1Mw==,81483,Donald Sadoway,Massachusetts Institute of Technology,3091,5.0,5.0,5.0,1.0,2003-02-28,-1,,"&lt;p align= center &gt;&lt;font size= 5  face= Verdana, Arial, Helvetica, sans-serif &gt;You don't    know MIT if you didn't take Sadoway's class. &lt;/font&gt;&lt;br&gt;   &lt;font color= #FF0000  size= 7  face= Verdana, Arial, Helvetica, sans-serif &",,0,0
UmF0aW5nLTYxNzUxMw==,81483,Donald Sadoway,Massachusetts Institute of Technology,3091,5.0,5.0,5.0,1.0,2003-02-22,-1,,Do you know any other prof that wears a tux to the final exam&#63;,,0,0
UmF0aW5nLTYwMjA2Nw==,81483,Donald Sadoway,Massachusetts Institute of Technology,3091,5.0,5.0,5.0,3.0,2003-02-20,-1,,There is a reason they call it 3.09fun,,0,0
UmF0aW5nLTU4MzIzOQ==,81483,Donald Sadoway,Massachusetts Institute of Technology,3091,5.0,5.0,5.0,2.0,2003-02-18,-1,,No Comments,,0,0
UmF0aW5nLTU0NzI3Mw==,81483,Donald Sadoway,Massachusetts Institute of Technology,3091,5.0,5.0,5.0,2.0,2003-02-06,-1,,Sadoway is the man.  His charisma makes him an unparalled professor.,,0,0
UmF0aW5nLTUxNjAxMw==,81483,Donald Sadoway,Massachusetts Institute of Technology,3091,3.0,4.0,2.0,3.0,2003-01-25,-1,,"Strict, somewhat old-fashioned",,0,0
UmF0aW5nLTUwNjU1NA==,81483,Donald Sadoway,Massachusetts Institute of Technology,3091,4.0,4.0,4.0,1.0,2003-01-20,-1,,"Occasional angry outbursts, but overall interesting and clear.",,0,0
UmF0aW5nLTQ4OTQzMA==,81483,Donald Sadoway,Massachusetts Institute of Technology,3091,4.0,4.0,4.0,2.0,2003-01-13,-1,,No Comments,,0,0
UmF0aW5nLTQ1MzAwMQ==,81483,Donald Sadoway,Massachusetts Institute of Technology,3091,2.0,2.0,2.0,2.0,2002-12-19,-1,,No Comments,,0,0
UmF0aW5nLTM0MzE5Ng==,81483,Donald Sadoway,Massachusetts Institute of Technology,3091,5.0,5.0,4.0,2.0,2002-11-14,-1,,really funny - makes the class fun,,0,0
UmF0aW5nLTE5NTk3OTM2,81483,Donald Sadoway,Massachusetts Institute of Technology,AABCAABB,5.0,5.0,5.0,3.0,2011-12-21,-1,,"I'm not an MIT graduate. Took the OCW recordings on YOUTUBE. Mr Sadoway could be Feynman's recincarnation.  Inspirational, cool, relevant, respectable... he's got everything right !  Whoever aspires to teach, watch this dude & see how it's done !",,10,6
UmF0aW5nLTI4MDQwMDI=,81483,Donald Sadoway,Massachusetts Institute of Technology,CHEM,4.0,4.0,4.0,3.0,2004-11-21,-1,,j,,0,0
UmF0aW5nLTEzMzY0NjA1,81483,Donald Sadoway,Massachusetts Institute of Technology,CHEM091,5.0,5.0,4.0,2.0,2007-07-30,-1,,"He's a little full of himself, but perhaps rightfully so.  His notes are good, and I felt like i learned a good deal.",,1,3
UmF0aW5nLTE0NjA1NDgx,81483,Donald Sadoway,Massachusetts Institute of Technology,CHEM3,5.0,5.0,4.0,3.0,2008-06-23,-1,,My rating is purely based on his recorded (Fall 2004) lectures made available as part of MIT Open Course. I am amazed at how engaging these lectures were even when separated by time and space!,,3,5
UmF0aW5nLTE3Mjc4MjYz,81483,Donald Sadoway,Massachusetts Institute of Technology,CHEM309,3.0,3.0,3.0,5.0,2010-05-27,-1,,"Not a bad class, but it can be hard and fast paced.",,3,1
UmF0aW5nLTM0MzQ4NTMw,81483,Donald Sadoway,Massachusetts Institute of Technology,CHEM3091,4.0,4.0,4.0,4.0,2021-02-08,0,Rather not say,"Some years ago he and a young MIT professor were all over each other during department events. As if something was going on after hours. He divorced his wife and then married this other professor who he later got divorced from. 3.091 will be entertaining with this guy, but his personal life was pretty gross.",Inspirational--Tough grader,0,0
UmF0aW5nLTI3OTc1MDY3,81483,Donald Sadoway,Massachusetts Institute of Technology,CHEM3091,4.0,4.0,4.0,3.0,2017-03-31,1,A+,This professor really is a fun . Solid state Chemistry is very fun with him . If you will study chemical engineering as me . Definitely you love his lectures,Inspirational--Hilarious--Amazing lectures,12,0
UmF0aW5nLTI2MjAxNDQw,81483,Donald Sadoway,Massachusetts Institute of Technology,CHEM3091,4.0,4.0,4.0,3.0,2016-03-29,-1,B,"For State Solid Chemistry he is The Best . I dont like The comparison with Harvard that he say thats The Unique place to learn that kind of Chemistry. I think he is a great Professor , but he is arrogant , but is funny . He Master The Material of the course that Its teaching .",,13,0
UmF0aW5nLTE4MTIzNTcz,81483,Donald Sadoway,Massachusetts Institute of Technology,CHEM3091,2.0,2.0,1.0,5.0,2011-01-11,-1,,He's incredibly egotistical and completely obsessed with Nobel prizes. He's an all right teacher but he seems to take pride in having low test averages.,,8,12
UmF0aW5nLTE3NzI3Njgz,81483,Donald Sadoway,Massachusetts Institute of Technology,CHEM3091,5.0,5.0,5.0,3.0,2010-11-04,-1,,"I have only done the MIT OpenCourseware, but this class is fantastic.  Sadoway is informative and interesting.  If you like chemistry or physics, you'll love this class.",,4,7
UmF0aW5nLTE2MjMwNzM2,81483,Donald Sadoway,Massachusetts Institute of Technology,CHEM3091,4.0,4.0,4.0,3.0,2009-10-10,-1,,Sadoway is an MIT legend.,,2,4
UmF0aW5nLTE1NTU2ODY1,81483,Donald Sadoway,Massachusetts Institute of Technology,CHEM3091,4.0,4.0,4.0,4.0,2009-03-23,-1,,"Great Professor, very helpful, always willing to listen and help students. Quite approachable for a man of his caliber.",,2,4
UmF0aW5nLTE1MzQ0NzY5,81483,Donald Sadoway,Massachusetts Institute of Technology,CHEMCHEM,1.0,1.0,1.0,1.0,2009-01-09,-1,,"it is the time for the next one he is so basic, it seems he is able to say nothing new, all the time he is repeating the same stuff, although the book is changed",,4,6
UmF0aW5nLTEyNjU5MTc1,81483,Donald Sadoway,Massachusetts Institute of Technology,SSCHE3091,5.0,5.0,4.0,4.0,2006-12-20,-1,,Just go to his last lecture...,,1,4
UmF0aW5nLTQzMjUzMTM3,2361533,Emma Brunskill,Stanford University,CS234,4.0,4.0,4.0,3.0,2026-06-16,1,,Clear lectures fair exams,,0,0
UmF0aW5nLTQzMjI5MTk4,2361533,Emma Brunskill,Stanford University,CS234,4.0,4.0,4.0,3.0,2026-06-06,1,,"Clear lectures, fair exams.",,0,0
UmF0aW5nLTQyNjU4NDc5,2361533,Emma Brunskill,Stanford University,CS234,1.0,1.0,1.0,4.0,2026-03-02,-1,B,"Her lectures have no organization or structure. Slides are chaotic and disorganized. She speaks fast; jumps from one topic to another; fails to provide any parallels, etc.
There are three HWs in the class, which cover the material very poorly.",,0,0
UmF0aW5nLTQyNTcwOTI1,2361533,Emma Brunskill,Stanford University,CS234,1.0,1.0,1.0,4.0,2026-01-31,-1,,The course is simply insufferable and very disorganized.,Group projects,0,0
UmF0aW5nLTQxNDY0Nzg2,2361533,Emma Brunskill,Stanford University,CS234,1.0,1.0,1.0,3.0,2025-06-26,-1,,Too large a class. Lectures not helpful. I'd choose to learn the theory part on my own instead of going to lectures and ending up learning nothing.,,1,0
UmF0aW5nLTMxOTQ0NDEz,2361533,Emma Brunskill,Stanford University,CS234,1.0,1.0,1.0,2.0,2019-05-23,0,A-,She mumbles trough out the lectures ....,Tough grader,2,0
UmF0aW5nLTI4OTYwMDE4,119379,Emmanuel Agu,Worcester Polytechnic Institute,CS4514,5.0,5.0,5.0,3.0,2017-11-25,1,,Very good guy. Take his classes.,ACCESSIBLE OUTSIDE CLASS--Caring,0,0
UmF0aW5nLTExNjI2NDY2,119379,Emmanuel Agu,Worcester Polytechnic Institute,CS4514,5.0,4.0,5.0,3.0,2006-03-28,-1,,"Nice guy, somewhat hard to reach.  Projects were very time consuming.  Tests were not too bad.",,0,0
UmF0aW5nLTM0Mzg2Mjg=,119379,Emmanuel Agu,Worcester Polytechnic Institute,CS4514,5.0,5.0,5.0,2.0,2005-03-09,-1,,"He teaches the material well, gives interesting projects, and is one of the most friendly professors I've met.",,0,0
UmF0aW5nLTE3MjI2NTI=,119379,Emmanuel Agu,Worcester Polytechnic Institute,CS4514,5.0,5.0,5.0,1.0,2004-02-16,-1,,Emmanuel is the baddest professor this side of Nigeria. The guy comes to class snappin some necks and cashin large checks. He be sippin the water from the coffee cup allllll class long. And don't get him started on the data link layer. He'll mess you up!,,0,0
UmF0aW5nLTY0NjgwOA==,119379,Emmanuel Agu,Worcester Polytechnic Institute,CS4514,3.0,2.0,4.0,2.0,2003-02-27,-1,,No Comments,,0,0
UmF0aW5nLTMwMTg1MzYw,119379,Emmanuel Agu,Worcester Polytechnic Institute,CS4518,4.0,4.0,4.0,2.0,2018-05-24,1,A,"Agu is a good professor. He knows the material and wants to help you to be able to know it. Sometimes the class seemed to move a little slow. Android Studio was the worst part of the class, but that isn't Agu's fault (too many weird errors that even the TA couldn't figure out, and everything takes longer than expected in AS). Overall, good class.",Respected--Caring--GROUP PROJECTS,0,0
UmF0aW5nLTI5NjgxMzQz,119379,Emmanuel Agu,Worcester Polytechnic Institute,CS4518,4.0,4.0,4.0,3.0,2018-03-21,1,B,"Great at teaching, good sense of humor. Notable how he was very interested in the material. Would also put a lot of effort into helping the students understand the material. Something worth noting (since it's the first time it ever happened to me) - he does adjust grade cutoffs upwards. I was given a B with &gt; 90 overall (and it was not a mistake).",Tough Grader--GROUP PROJECTS,0,0
UmF0aW5nLTIzNjY3NDMw,119379,Emmanuel Agu,Worcester Polytechnic Institute,CS4731,2.0,2.0,2.0,4.0,2014-10-18,-1,,Prof. Agu was not the best. He was funny in class but the assignments required deep programming knowledge and lots of spare time. Tests were ROUGH too. Would not recommend.,,1,0
UmF0aW5nLTE1Mzg4NjA=,119379,Emmanuel Agu,Worcester Polytechnic Institute,CS4731,4.0,4.0,4.0,3.0,2003-12-19,-1,,"Smart and well informed.  Very friendly and helpful.  Projects were good, lectures were interesting, and exams were okay.    Overall a good teacher.",,0,0
UmF0aW5nLTEyMDcyODY=,119379,Emmanuel Agu,Worcester Polytechnic Institute,CS4731,4.0,4.0,4.0,4.0,2003-10-21,-1,,"Projects were good, though graded inconsistantly, and we never saw any reasons for the grades. Exams were a good measure of the material, though unrelated to the projects. Overall good class, good prof, but still room for improvement.",,1,0
UmF0aW5nLTEyMDA3MTQ=,119379,Emmanuel Agu,Worcester Polytechnic Institute,CS4731,1.0,1.0,1.0,3.0,2003-10-19,-1,,"Exams were too long for the class period, obfuscated, and relied on obscure examples. Projects were ridiculously simple, though grading was unbelievably inconsistent. Lectures were mostly worthless and spent too much time covering basic math.",,0,0
UmF0aW5nLTExODg1MjY=,119379,Emmanuel Agu,Worcester Polytechnic Institute,CS4731,4.0,3.0,4.0,3.0,2003-10-14,-1,,Projects are difficult,,0,0
UmF0aW5nLTUyNzU2NQ==,119379,Emmanuel Agu,Worcester Polytechnic Institute,CS4731,5.0,5.0,5.0,3.0,2003-01-30,-1,,No Comments,,1,0
UmF0aW5nLTM3NzcxNjg3,119379,Emmanuel Agu,Worcester Polytechnic Institute,CS528,1.0,1.0,1.0,4.0,2023-05-01,-1,A,"Don't take this class. You will be subjected to difficult projects and no guidance whatsoever. Moreover, Prof. Agu will just read the slides in class and will give no practical examples of how to code your own applications. The slides are from at least 5 years ago. The quizzes do not make sense. ",Tough grader--Group projects--Lots of homework,2,0
UmF0aW5nLTI2MzYxMDQx,119379,Emmanuel Agu,Worcester Polytechnic Institute,CS528,1.0,1.0,1.0,5.0,2016-04-23,-1,Not sure yet,"Agu is awful, is rules for grading are unclear. The entire class is just students presenting papers. I have learned absolutely nothing for this class. He also knows nothing about the topic, he knows absolutely nothing about how easy or hard things are in android. He is useless",,3,0
UmF0aW5nLTEzNDQ5MjI5,119379,Emmanuel Agu,Worcester Polytechnic Institute,CS543,5.0,5.0,5.0,2.0,2007-08-30,-1,,"A knowledgeable professor who cares about his students, not just in terms of their learning but also as people.  Yes, his homeworks are time consuming, but they are essential to a deeper understanding of material.",,0,0
UmF0aW5nLTEzODI3ODc=,119379,Emmanuel Agu,Worcester Polytechnic Institute,CS543,5.0,4.0,5.0,3.0,2003-11-23,-1,,"Explains material pretty well, esp. if you ask him. (In-class presentation is so-so.)  Always answers questions quickly, and you learn a lot from his projects.",,0,0
UmF0aW5nLTM5MjY1MDk=,119379,Emmanuel Agu,Worcester Polytechnic Institute,CS563,5.0,5.0,4.0,3.0,2005-05-26,-1,,He is an excellent teacher. I think things could have been better if the course was organized a little better.,,0,0
UmF0aW5nLTE0MzM3MTE5,119379,Emmanuel Agu,Worcester Polytechnic Institute,GRPHC1,5.0,5.0,4.0,3.0,2008-04-23,-1,,"Emmanuel Agu is the man with the master plan.  He is very smart, assigns work relevant to the course material, has a great sense of humor, and has the cojones to override a TA's crappy grading.  If he's teaching a class, TAKE IT.  I don't care if it's outside your major.",,0,0
UmF0aW5nLTIyMTc2MTE=,119379,Emmanuel Agu,Worcester Polytechnic Institute,INDSTUDY,5.0,5.0,5.0,2.0,2004-06-03,-1,,Very knowledgeable and helpful. Love helping the students. I enjoyed working with him.,,0,1
UmF0aW5nLTIxODU4NTc4,186507,Eric Hudson,Massachusetts Institute of Technology,801,5.0,4.0,5.0,3.0,2013-06-03,-1,,"Such an inspiring professor! I knew nothing in the subject before, but he taught so well. It was really sad when he left us. He would stay for extended office hours if needed and I learned a great amount. He was truly passionate about Physics and helping the students.",,1,0
UmF0aW5nLTIzNTk5MDM1,186507,Eric Hudson,Massachusetts Institute of Technology,802,5.0,5.0,5.0,3.0,2014-09-17,-1,,pretty amazing teacher,,0,2
UmF0aW5nLTExMjQ0MTIx,186507,Eric Hudson,Massachusetts Institute of Technology,802,5.0,5.0,5.0,2.0,2005-12-22,-1,,Very fun and enjoyable teacher,,1,0
UmF0aW5nLTExMTUwODc4,186507,Eric Hudson,Massachusetts Institute of Technology,802,5.0,5.0,5.0,3.0,2005-12-14,-1,F,No Comments,,0,0
UmF0aW5nLTgyMzM3MA==,186507,Eric Hudson,Massachusetts Institute of Technology,802,5.0,4.0,5.0,2.0,2003-04-11,-1,,8.02T is easy.,,0,0
UmF0aW5nLTExNTQ2OTY0,186507,Eric Hudson,Massachusetts Institute of Technology,802T,5.0,5.0,5.0,2.0,2006-03-06,-1,,"Eric is so sweet, and honestly excited about physics.",,1,0
UmF0aW5nLTMzNDgyMTA=,186507,Eric Hudson,Massachusetts Institute of Technology,802T,5.0,5.0,5.0,3.0,2005-02-11,-1,,No Comments,,1,0
UmF0aW5nLTI1NTE3MDEw,186507,Eric Hudson,Massachusetts Institute of Technology,CSE6969,4.0,4.0,4.0,2.0,2015-12-01,-1,Rather not say,he was a chill dude,,0,1
UmF0aW5nLTE4MDk2NzE0,186507,Eric Hudson,Massachusetts Institute of Technology,PHY03,5.0,5.0,5.0,1.0,2011-01-07,-1,,Amazing!,,1,0
UmF0aW5nLTI2MjAxNTc4,186507,Eric Hudson,Massachusetts Institute of Technology,PHY802,4.0,4.0,4.0,3.0,2016-03-29,-1,A+,"Physy 8.02 Electricity and Magnetism is The most difficult Freshman course that you will take . If you will be a Mechanical Engineer, Physics or Nuclear Engineering he provides and Excelent Foundations to learn Physics . You have to Apply very Hard The Class is very conceptual and Mathematical.",,3,0
UmF0aW5nLTE4OTYyMjk2,186507,Eric Hudson,Massachusetts Institute of Technology,PHY802,5.0,5.0,5.0,4.0,2011-08-29,-1,,Amazing teacher. Made class and physics fun. Will miss him dearly next semester.,,2,2
UmF0aW5nLTE2MTQxODkx,186507,Eric Hudson,Massachusetts Institute of Technology,PHYS02,5.0,5.0,5.0,4.0,2009-08-22,-1,,"Absolutely brilliant professor. I have never met somebody more knowledgeable of physics, excepting perhaps professor Lewin.",,2,0
UmF0aW5nLTE1ODY5Nzg0,186507,Eric Hudson,Massachusetts Institute of Technology,PHYS2,5.0,5.0,5.0,4.0,2009-05-19,-1,,great professor. one of the best.,,1,0
UmF0aW5nLTE1ODI4NzI0,186507,Eric Hudson,Massachusetts Institute of Technology,PHYSL01,5.0,5.0,5.0,5.0,2009-05-13,-1,,Eric Hudson is the best teacher I've ever had.  I'm so sad to not have him as an instructor anymore :(,,1,0
UmF0aW5nLTE1NTU2ODU0,186507,Eric Hudson,Massachusetts Institute of Technology,PHYSL01,5.0,5.0,5.0,4.0,2009-03-23,-1,,Hudson is absolutely wonderful. Easily the best Professor I've had so far. Him teaching you E&M makes it so clear.,,1,0
UmF0aW5nLTI2MzAzNzgy,162394,Eric Lander,Massachusetts Institute of Technology,700X,4.0,4.0,4.0,3.0,2016-04-15,-1,A+,Bio 7.012 is Fundamentals of Biology at Massachussetts Institute of Technology. Its lectures are amazing. If you read and Study you Pass with an A. He is The Best Professor of Biology and explain Genetics like no One can. Definitely Take you learn so much and he is very intelectual. Biology was The Best course at The First year.,,9,2
UmF0aW5nLTIyNTMwNDUy,162394,Eric Lander,Massachusetts Institute of Technology,700X,5.0,5.0,5.0,4.0,2013-12-12,-1,,"Clear, exciting, inspiring, thought provoking and riveting lectures. Difficult concepts for many. The software employed is helpful for understanding the concepts. Eric introduces concepts as things to be worked out. You think along with scientific development. Genomics - emphasized.",,4,1
UmF0aW5nLTIyNDg0OTMz,162394,Eric Lander,Massachusetts Institute of Technology,700X,5.0,5.0,5.0,4.0,2013-12-09,-1,B+,Great course for catching up with what's been happening in molecular genetics over the 45 years since I first studied it.,,1,3
UmF0aW5nLTIyMTU5MzEy,162394,Eric Lander,Massachusetts Institute of Technology,700X,5.0,5.0,5.0,3.0,2013-10-06,-1,,The best Biology professor!,,0,1
UmF0aW5nLTIyMDk4ODQ0,162394,Eric Lander,Massachusetts Institute of Technology,700X,5.0,4.0,5.0,4.0,2013-09-01,-1,,"My favorite teacher so far! His ability to draw you in the world of biology, the way he teaches, his dedication are second to none!",,1,1
UmF0aW5nLTExNTEzNTI0,162394,Eric Lander,Massachusetts Institute of Technology,7012,5.0,5.0,5.0,3.0,2006-02-23,-1,,"An amazing person to speak with! Like an avuncular relative, but brilliant :)",,1,0
UmF0aW5nLTExMjUwNTY4,162394,Eric Lander,Massachusetts Institute of Technology,7012,5.0,5.0,4.0,3.0,2005-12-23,-1,,"Eric Lander is the most organized professor I have ever had - he always uses all 9 chalkboards, and uses them all.  His lectures end on time, involve little mysteries, and are crystal clear.  Sadly I didn't learn anything at his lectures...",,1,14
UmF0aW5nLTExMjQ4MjA4,162394,Eric Lander,Massachusetts Institute of Technology,7012,5.0,5.0,4.0,1.0,2005-12-23,-1,,Clear Lectures....Graded fairly easily....,,0,0
UmF0aW5nLTMzMzMyMjg=,162394,Eric Lander,Massachusetts Institute of Technology,7012,5.0,5.0,5.0,2.0,2005-02-07,-1,,Great professor,,0,0
UmF0aW5nLTE4MjI1Mzk=,162394,Eric Lander,Massachusetts Institute of Technology,7012,5.0,5.0,5.0,1.0,2004-03-18,-1,,one of the top 5 lecturers in the school,,1,0
UmF0aW5nLTEyNjA5NjE=,162394,Eric Lander,Massachusetts Institute of Technology,7012,5.0,5.0,5.0,3.0,2003-11-04,-1,,"Excellent, well structured lectures",,0,0
UmF0aW5nLTEyMTg5NjI=,162394,Eric Lander,Massachusetts Institute of Technology,7012,4.0,4.0,4.0,2.0,2003-10-24,-1,,No Comments,,0,0
UmF0aW5nLTE1NzcxNDU=,162394,Eric Lander,Massachusetts Institute of Technology,7013,5.0,5.0,5.0,2.0,2004-01-05,-1,,yeah,,0,0
UmF0aW5nLTY4OTI2OA==,162394,Eric Lander,Massachusetts Institute of Technology,7013,5.0,5.0,5.0,2.0,2003-03-09,-1,,No Comments,,0,0
UmF0aW5nLTMyMjE2Mzc3,162394,Eric Lander,Massachusetts Institute of Technology,7QBWX,5.0,5.0,5.0,4.0,2019-09-06,1,A+,"He is such a professor. He's so intelligent, yet so humble! I love Eric Lnader",Inspirational--Hilarious--Amazing lectures,0,0
UmF0aW5nLTE5NjM3MDYx,162394,Eric Lander,Massachusetts Institute of Technology,AAAA,5.0,5.0,5.0,1.0,2011-12-29,-1,,BEST of the Best,,1,1
UmF0aW5nLTIxNDM2NTM1,162394,Eric Lander,Massachusetts Institute of Technology,BIO,5.0,5.0,5.0,3.0,2013-03-22,-1,,"He's by far the best professor I have ever studied under. I was quite skeptical about biology at first, but it's now become one of the subjects I'm most interested in, thanks to his class.",,1,1
UmF0aW5nLTI5NzM1MjE2,162394,Eric Lander,Massachusetts Institute of Technology,BIO012,1.0,1.0,1.0,5.0,2018-04-03,0,A,hard,Tough Grader--LOTS OF HOMEWORK--BEWARE OF POP QUIZZES,0,6
UmF0aW5nLTE3NDQ5NzA5,162394,Eric Lander,Massachusetts Institute of Technology,BIO012,5.0,5.0,5.0,4.0,2010-07-25,-1,,MOST AMAZING PROF EVER,,0,0
UmF0aW5nLTI5NTExMzAw,162394,Eric Lander,Massachusetts Institute of Technology,BIO7012,5.0,5.0,5.0,4.0,2018-01-28,1,,"Here's the deal - I hate biology. I've tried to enjoy it, it's just my least favorite subject. HOWEVER, Eric Lander somehow made dragging myself out of bed to go to a lecture on my least favorite subject worth it. God bless you, Professor Lander",Clear grading criteria--Hilarious--Amazing lectures,2,0
UmF0aW5nLTI3OTc0OTI3,162394,Eric Lander,Massachusetts Institute of Technology,BIO7012,5.0,5.0,5.0,2.0,2017-03-31,1,A+,Excellent Professor of Biology so fun.  I studied NSE biology is very useful and easy,Inspirational--Hilarious--Amazing lectures,10,0
UmF0aW5nLTI2MzAzODEw,162394,Eric Lander,Massachusetts Institute of Technology,BIO7012,5.0,4.0,5.0,3.0,2016-04-15,-1,A+,"If i have The opportunity take Bio 7.012 First Semester Biology at MIT . He is The Best Professor a genius really. He Explain genetics, Microbiology, Biochemistry and other Topics like different Ecosystems all in one Class . Massachussetts Institute of Technology is The best University and Its shown by The Quality of Its Professors",,12,1
UmF0aW5nLTE4NzYyOTUz,162394,Eric Lander,Massachusetts Institute of Technology,BIO7012,5.0,5.0,5.0,2.0,2011-06-24,-1,,"A truly exceptional professor. His lectures are thorough, enthralling and thought provoking.",,0,0
UmF0aW5nLTE2ODM4OTc4,162394,Eric Lander,Massachusetts Institute of Technology,BIO7012,5.0,5.0,5.0,3.0,2010-03-01,-1,,You'll be satisfied ... believe me ...,,1,0
UmF0aW5nLTE2MjUyMzk1,162394,Eric Lander,Massachusetts Institute of Technology,BIO7012,5.0,4.0,5.0,4.0,2009-10-19,-1,,"Eric Lander is a world renowned biologist who worked on the human genome projects. He alternates lectures with Weinberg, who is very smart but is a terrible lecturer.",,0,0
UmF0aW5nLTE0ODkzMTc2,162394,Eric Lander,Massachusetts Institute of Technology,BIO7012,5.0,4.0,5.0,3.0,2008-10-22,-1,,He's an amazing professor. He's very engaging and obviously passionate about what he does. I'm sad that the semester is already halfway over!,,0,0
UmF0aW5nLTEzNTE4MTY2,162394,Eric Lander,Massachusetts Institute of Technology,BIO7012,5.0,5.0,5.0,2.0,2007-10-10,-1,,"If I had to describe Professor Lander in one word, it would be simply: PHENOMENAL!  His passion for the subject matter is blatantly apparent (making it extremely interesting), the time flew by, and I wish that more teachers were like him.  I also wish that he would teach EVERY class at MIT!!!!  Much love! Stay teaching FOREVER!!!!",,0,26
UmF0aW5nLTIxNTg0MzQy,162394,Eric Lander,Massachusetts Institute of Technology,EDXBIOLOGY,5.0,5.0,5.0,4.0,2013-04-23,-1,,The most inspiring. Lecturer I have ever had.  A real treat to have him lecture.,,1,3
UmF0aW5nLTM1MDQyMzY5,162394,Eric Lander,Massachusetts Institute of Technology,MITX700X,5.0,5.0,5.0,4.0,2021-08-23,1,,Amazing Professor! His diverse knowledge and depth of biology dazzles everyone.,Respected--Inspirational--Amazing lectures,0,0
UmF0aW5nLTMzMTc3OTUw,162394,Eric Lander,Massachusetts Institute of Technology,MITX700X,5.0,5.0,5.0,3.0,2020-05-01,1,,He is THE BEST professor to ever step foot in the universe!,,0,0
UmF0aW5nLTMwNTI5Mjc3,162394,Eric Lander,Massachusetts Institute of Technology,MITX700X,5.0,5.0,5.0,4.0,2018-09-28,1,A,"He's just such a great, humble,amazing (Don't forget Extreme sense of humor). He's the best teacher I have ever met!",Tough Grader--Hilarious--Amazing lectures,0,0
UmF0aW5nLTIyMDc2ODcy,162394,Eric Lander,Massachusetts Institute of Technology,MITX700X,5.0,5.0,5.0,3.0,2013-08-22,-1,Pass,"Prof. Lander is an expert in his field and a gifted lecturer. He makes very complex material not only comprehensible but enjoyable to learn. His enthusiasm in the subject matter is contagious. Lastly, he has a terrific sense of humor.",,0,2
UmF0aW5nLTE4NDM1NzUx,203930,Eric Roberts,Stanford University,CS000,5.0,5.0,5.0,4.0,2011-04-19,-1,,"Eric Roberts is a great teacher, and his textbooks are top notch.",,3,0
UmF0aW5nLTM5Nzk2ODAz,203930,Eric Roberts,Stanford University,CS106,1.0,1.0,1.0,5.0,2024-10-09,-1,,He decided to combine 2 semesters worth of material into 1 during COVID for an intro class. He did a great job at telling me that I kept writing code that would never work instead of teaching me how to make it work. Heard he was terrible when he taught at Reed as well. Also had a hard time with tech for a CS prof&#8230;,,0,0
UmF0aW5nLTEyMjA1MTQz,203930,Eric Roberts,Stanford University,CS106,5.0,5.0,5.0,4.0,2006-08-31,-1,,"Loved this class!  Very dedicated to teaching, willing to help students. Also took 201 - Computers, Ethics, and Social Responsibility from him, loved that as well.",,1,0
UmF0aW5nLTI4MDQxNjc4,203930,Eric Roberts,Stanford University,CS106A,5.0,5.0,5.0,3.0,2017-04-12,1,,This Professor embodies computer science as we know it today.,Respected--Inspirational--Amazing lectures,2,0
UmF0aW5nLTEyNzg5NjYx,203930,Eric Roberts,Stanford University,CS106A,5.0,5.0,5.0,3.0,2007-01-18,-1,,Smart guy! Very passionate about teaching and you can really sense he actually likes teaching undergrads. Programming assignments are fun - they can get rather time consuming towards the end of the quarter.,,2,0
UmF0aW5nLTExNzAyMDE3,203930,Eric Roberts,Stanford University,CS106A,5.0,4.0,5.0,3.0,2006-04-13,-1,,Extremely nice man - interesting lecturer with a warm personality.,,1,0
UmF0aW5nLTM0NjIxNjE=,203930,Eric Roberts,Stanford University,CS106A,5.0,5.0,5.0,3.0,2005-03-16,-1,,Eric Roberts is an amazing professor!,,1,0
UmF0aW5nLTE3OTE0NTE=,203930,Eric Roberts,Stanford University,CS106A,2.0,2.0,2.0,3.0,2004-03-09,-1,,"terrible course once you get past a certain point; for me it was like hitting a conceptual wall, and he just couldn't explain it anymore.  he's a really nice guy tho.",,0,0
UmF0aW5nLTE3Nzk1MjQ=,203930,Eric Roberts,Stanford University,CS106A,4.0,5.0,3.0,3.0,2004-03-05,-1,,"His lectures are very clear and helpful.  Class wasn't a transformative experience or anything, but was reasonably fun and interesting.",,1,0
UmF0aW5nLTEwODAxMDE=,203930,Eric Roberts,Stanford University,CS106A,3.0,5.0,1.0,5.0,2003-08-07,-1,,"He lectures well, but when you ask him for help, he talks in metaphors and high-level language. I JUST WANT TO KNOW HOW TO DO MY ASSIGNMENT",,1,0
UmF0aW5nLTEwNTY3NzI=,203930,Eric Roberts,Stanford University,CS106A,5.0,5.0,5.0,3.0,2003-07-20,-1,,What a crazy beard,,0,1
UmF0aW5nLTk4NzYzNg==,203930,Eric Roberts,Stanford University,CS106A,3.0,3.0,3.0,3.0,2003-05-28,-1,,"Decent, but overrated.",,1,0
UmF0aW5nLTI4NzQwODg4,203930,Eric Roberts,Stanford University,CS106AB,5.0,5.0,5.0,3.0,2017-10-13,1,,"It was such an honor to take a course with Professor Roberts, he helped me see how cool the concepts like recursion are. His books are terrific too!",Respected--Inspirational--Caring,2,0
UmF0aW5nLTI3ODI3NzYx,203930,Eric Roberts,Stanford University,CS106AB,5.0,5.0,5.0,3.0,2017-02-14,1,,"So excited to be taking a class with him, his books are so good and he represents the best in the history of computer science",Respected--Inspirational--Amazing lectures,2,0
UmF0aW5nLTEwNDYyMDA0,203930,Eric Roberts,Stanford University,CS106AB,5.0,5.0,5.0,4.0,2005-09-29,-1,,"Great professor, committed guy.  The reason I'm a CS major.",,2,0
UmF0aW5nLTI0MzczNTU3,203930,Eric Roberts,Stanford University,CS106B,5.0,4.0,5.0,3.0,2015-02-10,-1,,Roberts is the master!  Great ability to explain ALL important computer science concepts you need to know! Be sure to talk to him after class --there's always more to the lectures.,,7,0
UmF0aW5nLTI3NjY2MjMw,203930,Eric Roberts,Stanford University,CS181W,5.0,5.0,5.0,2.0,2017-01-03,1,,Genius teacher,Respected--Inspirational--Amazing lectures,1,0
UmF0aW5nLTIzOTMwNTYy,203930,Eric Roberts,Stanford University,CS181W,5.0,5.0,5.0,3.0,2014-12-03,-1,A,"rarely does a reputation live up to expectations, but Professor Roberts is truly amazing. I hope he doesn't completely retire, he's one of a kind professor who knows both arts and sciences. His books are amazing too",,5,0
UmF0aW5nLTIzMzMwODY5,203930,Eric Roberts,Stanford University,CS181W,5.0,5.0,5.0,1.0,2014-05-30,-1,A,Legendary,,2,0
UmF0aW5nLTIxNDk0MzY3,203930,Eric Roberts,Stanford University,CS601B,5.0,5.0,5.0,4.0,2013-04-06,-1,,Reason why I understood recursion and algorithm!!,,4,0
UmF0aW5nLTEyNjgzMDQ0,203930,Eric Roberts,Stanford University,IHUM53,4.0,4.0,4.0,3.0,2006-12-26,-1,,Eric Roberts really did a good job in this class. He managed to make the class fun and interactive and I enjoyed his lectures. He tought me the IHUM Technological Visions of Utopia.,,1,0
UmF0aW5nLTEwNzQ0NjEw,203930,Eric Roberts,Stanford University,INTROSEMINAR,5.0,5.0,5.0,3.0,2005-10-05,-1,,"I took his &quot;visions of utopia&quot; introsem and it was tons of fun. there was a lot of reading, but eric is really cool and always structured class well. not to mention, he invited us over to his house to watch the movie of 1984 and eat a full home-cooked dinner. it was greatly appreciated, especially as a rest from dining hall food. he's just a really cool guy.",,2,0
UmF0aW5nLTMwMzgzNTQw,2392592,Eric Schost,University of Waterloo,CS240,5.0,5.0,5.0,3.0,2018-07-29,1,,"Good prof, very french.",Amazing lectures--Caring,0,3
UmF0aW5nLTQzMjU0OTk4,1315500,Erik Demaine,Massachusetts Institute of Technology,GFA6849,4.0,4.0,4.0,3.0,2026-06-17,1,,"Clear lectures, fair exams.",,0,0
UmF0aW5nLTM3NDM0NDQ4,1315500,Erik Demaine,Massachusetts Institute of Technology,GFA6849,2.0,2.0,2.0,2.0,2023-02-15,-1,,"A pretty decent professor, however, there are some issues when attempting to learn certain concepts. He uses 3 very standard examples for dynamic programming that do not build good intuition. I spent most of my time in the class just watching Tim Roughgarden's youtube videos. A genius professor, just slightly stuck-up.",,1,0
UmF0aW5nLTM2NDgzMDI2,1315500,Erik Demaine,Massachusetts Institute of Technology,GFA6849,3.0,3.0,3.0,2.0,2022-06-23,1,A,was good all through the class,Amazing lectures --Gives good feedback--Beware of pop quizzes,1,0
UmF0aW5nLTMwNjQxNzAy,1315500,Erik Demaine,Massachusetts Institute of Technology,GFA6849,5.0,5.0,5.0,4.0,2018-11-01,1,,I am a student who always ends up listening to his lectures when I start studying for my class quiz or when I have to do my assignment. Amazing lectures. Always awed by the way he drives the class.,Amazing lectures,1,0
UmF0aW5nLTIxMDkyNDk5,1315500,Erik Demaine,Massachusetts Institute of Technology,GFA6849,5.0,4.0,5.0,3.0,2012-12-16,-1,,"ERIK DEMAINE IS FANTASTIC!  I want to be him when I grow up.  Fascinating research and a really engaging lecture.  I would take any of his classes, even if they're not in my department (18).",,5,0
UmF0aW5nLTIxNTMyMjQ0,791556,Esther Duflo,Massachusetts Institute of Technology,1473,5.0,5.0,5.0,1.0,2013-04-14,-1,,Amazing Professor,,2,0
UmF0aW5nLTM4NzgxNDI3,791556,Esther Duflo,Massachusetts Institute of Technology,1474,5.0,5.0,5.0,2.0,2023-12-23,1,Incomplete,"took the online openmitware course, the best time of my life",Hilarious--Caring--Respected,0,0
UmF0aW5nLTExMjg4NDcx,791556,Esther Duflo,Massachusetts Institute of Technology,1474,5.0,5.0,5.0,4.0,2006-01-02,-1,,Amazing class with incredibly amazing profs.,,1,0
UmF0aW5nLTI3ODExMDI0,791556,Esther Duflo,Massachusetts Institute of Technology,ECON1473,5.0,5.0,5.0,3.0,2017-02-07,1,A,Esther Duflo is the best professor of Economics at Massachusetts Institute of Technology. She is very caring about its students . She do amazing lectures and help the students to grasps concepts.  She use the Technology and the Challenge of World Poverty is a wonderful topic . Inequality economics is a problem.,Inspirational--ACCESSIBLE OUTSIDE CLASS--Amazing lectures,1,0
UmF0aW5nLTQyNTY5NzQx,791556,Esther Duflo,Massachusetts Institute of Technology,ECON1477,1.0,1.0,1.0,5.0,2026-01-31,-1,C-,"That was awesome experience, leaving this course!",Participation matters--Test heavy,0,0
UmF0aW5nLTI2ODUyNDQ1,791556,Esther Duflo,Massachusetts Institute of Technology,ECON1477,5.0,5.0,5.0,1.0,2016-08-01,1,A+,Esther Duflo is a real gem for the Department of Economics at MIT. She cares a lot about students explain well and you understand everything. She makes a great effort to made me conscious about economics inequality. I wish that She gives other courses like Econometrics and Game Theory but she don't taugh those courses,,2,1
UmF0aW5nLTQyNTQwMzE5,1050067,Franz Hover,Massachusetts Institute of Technology,2004,5.0,5.0,5.0,4.0,2026-01-23,1,A+,Franz has harsh requirements for grading but he's such a fantastic lecturer that it works out. Single-handedly the reason I liked this class as much as I did.,Tough grader--Participation matters--Accessible outside class,0,0
UmF0aW5nLTQwOTQ0NTE0,1050067,Franz Hover,Massachusetts Institute of Technology,2004,1.0,1.0,1.0,5.0,2025-04-15,-1,C,"Please do not take a mechanical engineering class if it is taught by Franz. It will be much harder than when it is taught by a different instructor (he said so himself). 89.5 is a B, 79.5 is a C.",Tough grader,0,0
UmF0aW5nLTIxOTgyMTk3,1050067,Franz Hover,Massachusetts Institute of Technology,2004,5.0,5.0,4.0,5.0,2013-07-19,-1,,Hover is very knowledgeable of the subject material. TAs are not as good at tying p-sets to material.,,1,0
UmF0aW5nLTEzNjExMDAz,1050067,Franz Hover,Massachusetts Institute of Technology,ENG2018,4.0,4.0,3.0,4.0,2007-11-07,-1,,No Comments,,0,0
UmF0aW5nLTExNjI3MjA5,240949,George Barbastathis,Massachusetts Institute of Technology,ENG,5.0,5.0,5.0,2.0,2006-03-29,-1,,barbastathis in greek means: Uncle Stathis. So He is Greek and he is the best teacher I ever had.. No kidding.. BARBASTATHIS KAI KSERO PSWMI !OEOEOEOEOEOEOOEEOEOE,,0,0
UmF0aW5nLTIwODc0MjAx,240949,George Barbastathis,Massachusetts Institute of Technology,ENG1,3.0,3.0,2.0,3.0,2012-11-21,-1,,"unclear lectures, leaves and is not reachable by email, homework doesn't line up with lectures",,0,0
UmF0aW5nLTIxMDg4OTA3,240949,George Barbastathis,Massachusetts Institute of Technology,MECHE1,2.0,2.0,1.0,4.0,2012-12-16,-1,,"Horrible professor. Did not explain concepts well, addressed questions in a condescending manner. lecture was completely useless and completely disordered. go to his office hours and he will ask you to teach yourself the material or teach your peers the material without bothering to correct you when you are wrong.",,0,0
UmF0aW5nLTExMzcwMzM4,240949,George Barbastathis,Massachusetts Institute of Technology,OPTICALENGINEE,1.0,1.0,1.0,3.0,2006-01-16,-1,,horrible lecturer. very unclear and messy. inflated ego,,0,0
UmF0aW5nLTE2NTExNDgw,121079,Gerald Schneider,Massachusetts Institute of Technology,PSYCH20,4.0,4.0,4.0,1.0,2009-12-09,-1,,Ditto what 11/19 poster said.,,0,0
UmF0aW5nLTE2NDAzMjcx,121079,Gerald Schneider,Massachusetts Institute of Technology,PSYCH920,4.0,4.0,4.0,1.0,2009-11-19,-1,,"Easy class, interesting material, boring lectures.",,0,0
UmF0aW5nLTMyMjQyOTI1,2254924,Graham Evans,University Of Illinois at Urbana - Champaign,CS126,1.0,1.0,1.0,3.0,2019-09-24,0,,"Absolutely horrible. Had him for 126 but now stuck with him in 225. Don't bother attending his lectures, because he has zero teaching ability. I would like a refund on my tuition...",,3,0
UmF0aW5nLTMxOTIyNjI0,2254924,Graham Evans,University Of Illinois at Urbana - Champaign,CS126,2.0,2.0,2.0,3.0,2019-05-21,0,A,"Average lectures, although sometimes on interesting topics. Knows his stuff, doesn't teach it very well.",Lots of homework--Tough grader,0,0
UmF0aW5nLTMxNDk0NzU0,2254924,Graham Evans,University Of Illinois at Urbana - Champaign,CS126,5.0,5.0,5.0,2.0,2019-03-28,1,A,"His class was very funny, but the lectures weren't really worth the time it took to attend. The Maps weren't extremely easy, but definitely doable. The MP difficulty is really going to be based on your code moderator though, but you'll learn what they want quickly and ultimately it does help you improve your coding style.",Lots of homework--EXTRA CREDIT--Tough grader,0,0
UmF0aW5nLTMwNTUxMzcx,2254924,Graham Evans,University Of Illinois at Urbana - Champaign,CS126,2.0,2.0,2.0,4.0,2018-10-08,0,A,This class was managed extremely poorly. Nearly every MP assignment had a bug in it and Evans would acknowledge it and not do anything about it. He's a funny guy though. He misspelled the words &quot;peppermint&quot; and &quot;lettuce&quot; live in front of us and that's when I knew that I was in for a treat that semester. The class itself isn't difficult though.,LOTS OF HOMEWORK--Hilarious--LECTURE HEAVY,3,3
UmF0aW5nLTI5NjY2Mjgw,2254924,Graham Evans,University Of Illinois at Urbana - Champaign,CS126,4.0,4.0,4.0,4.0,2018-03-19,1,Not sure yet,"His lectures are fairly detailed and he's good at explaining confusing topics. The work load is extremely heavy in this course, with weekly projects ranging from 5 to 15 hours a week. The rubric for projects are not often explained well.",Participation matters--LOTS OF HOMEWORK,5,1
UmF0aW5nLTI5NjA1Nzkz,2254924,Graham Evans,University Of Illinois at Urbana - Champaign,CS126,1.0,1.0,1.0,5.0,2018-02-28,0,,"Even though I haven't taken too many CS classes in UIUC, I believe that he is the single worst professor I'll meet. His lectures are boring, full of professional vocabs, no intention to explain things the easy way. His rubric is vague, but the TA can just take off points whenever they want. Homework load is HUGE. Expect at least 10 hours a week.",Participation matters--LOTS OF HOMEWORK,2,5
UmF0aW5nLTQwNzY1MzEw,2254924,Graham Evans,University Of Illinois at Urbana - Champaign,CS173,4.0,4.0,4.0,3.0,2025-03-13,1,A,"He is definitely very knowledgable on discrete maths, and his lectures were very easy to understand. The grading was awful, but I guess that is how 173 is structured instead of him being mean.",Test heavy--Accessible outside class,0,0
UmF0aW5nLTQwNjExMjg2,2254924,Graham Evans,University Of Illinois at Urbana - Champaign,CS173,5.0,5.0,5.0,3.0,2025-01-28,1,,He is a highly knowledgeable professor. ,Participation matters--Gives good feedback--Test heavy,0,0
UmF0aW5nLTQwNDIwMTU5,2254924,Graham Evans,University Of Illinois at Urbana - Champaign,CS173,2.0,2.0,2.0,4.0,2024-12-23,-1,A-,"I would rather transfer to purdue then take this class again. This class sucks, he does not teach, there are 500 kids in each section and 30-50 kids go to lecture, that should say something. Self taught myself the entire class based on the online videos.",Tough grader--Get ready to read--Test heavy,0,1
UmF0aW5nLTQwMzA3NDgz,2254924,Graham Evans,University Of Illinois at Urbana - Champaign,CS173,3.0,3.0,3.0,4.0,2024-12-15,1,A,It wasn't a bad experience throughout the course. But brace yourself to teach yourself as this course is designed to teach yourself. Tests are 90% of your final grade but they were straightforward in some cases. Sure it's a tough class but not unachievable.,Get ready to read--Clear grading criteria--Test heavy,0,0
UmF0aW5nLTQwMzAzODYx,2254924,Graham Evans,University Of Illinois at Urbana - Champaign,CS173,4.0,4.0,4.0,4.0,2024-12-15,1,A,"Pretty good professor, makes lectures interesting, but the class is very hard and very exam focused",Participation matters--Test heavy--Graded by few things,0,0
UmF0aW5nLTQwMjA5MDA3,2254924,Graham Evans,University Of Illinois at Urbana - Champaign,CS173,1.0,1.0,1.0,4.0,2024-12-11,-1,C-,"Do not take ""his"" CS 173 course. 90% of the course is exams and the professor does not teach. Materials are taken from the courses previous instructor, with 10-20 pages of reading and 1-2 hours of videos. Professor recommended students to skip teaching days which were based of the instructor walking through two problems by hand and nothing else.",Tough grader--Get ready to read--Test heavy,0,0
UmF0aW5nLTQwMTQ2MjI2,2254924,Graham Evans,University Of Illinois at Urbana - Champaign,CS173,3.0,3.0,3.0,5.0,2024-12-07,1,B,"This is probably the toughest course I have ever taken, but I have learned so much. Evans definitely tries his best, but there are so many other students that he can only do so much. Ninety percent of the course is exams, and there is a shock during the first couple of exams as you get used to the course rigor. ",Gives good feedback--Test heavy--Graded by few things,0,0
UmF0aW5nLTMxNzI2MDM2,2254924,Graham Evans,University Of Illinois at Urbana - Champaign,CS173,1.0,1.0,1.0,3.0,2019-05-01,0,B-,"This course should make sense. Fleck's book is very well-written and that's the only way I got through the course at all. Every single class, Evans appeared flustered and disorganized. His explanations didn't make sense and he couldn't stand up to students that challenged his proofs. Lecture confused me more than it helped, so I just stopped going.",,0,0
UmF0aW5nLTQyNjgwNjg4,2254924,Graham Evans,University Of Illinois at Urbana - Champaign,CS225,4.0,4.0,4.0,4.0,2026-03-09,1,A,"MPs and exams need a lot of effort, but grading is fair.",EXTRA CREDIT--Lots of homework,0,0
UmF0aW5nLTQxNDcwMTM2,2254924,Graham Evans,University Of Illinois at Urbana - Champaign,CS225,3.0,3.0,3.0,4.0,2025-06-29,-1,B-,He is memorable for playing music before the lectures start. What I appreciate about this professor is that he responds to students quickly on Discord. I thought his lectures were just okay.,EXTRA CREDIT--Online Savvy,0,0
UmF0aW5nLTQxMzU2MzMy,2254924,Graham Evans,University Of Illinois at Urbana - Champaign,CS225,1.0,1.0,1.0,3.0,2025-05-24,-1,A,"looked at prof solomon's slides from previous semesters instead of evan's useless lectures. loved the extra credit, hated that labs and mps were due so close together (sunday vs monday), exams were okay",EXTRA CREDIT,0,0
UmF0aW5nLTQwNjAxNTU2,2254924,Graham Evans,University Of Illinois at Urbana - Champaign,CS225,1.0,1.0,1.0,3.0,2025-01-25,-1,Not sure yet,"I took his CS173 and CS225. He canceled the drop for a quiz, added a tutorial section in CS173, and increased the percentage of exams in CS225. In short, he sucks.

Btw, he cannot give good lectures. His explanation to CS225 lacks logistics. He cannot even defend his own proof when some students ask questions in CS173.",Tough grader--Test heavy,0,0
UmF0aW5nLTM5MzU1MjU1,2254924,Graham Evans,University Of Illinois at Urbana - Champaign,CS225,1.0,1.0,1.0,3.0,2024-05-03,-1,,"Professor does not know how to teach for his life. For the most foundational cs class at a top 10 cs program, i expect the professor to be constructive, engaging, and competent. This professor seems to not fit any of those descriptors",,1,0
UmF0aW5nLTM5MTQ4ODkx,2254924,Graham Evans,University Of Illinois at Urbana - Champaign,CS225,1.0,1.0,1.0,3.0,2024-04-24,-1,A,"He does not post slides and often makes mistakes in lecture. Exams and lectures are riddled with spelling  mistakes. I emailed the professors twice about an issue I had and nobody responded. Lectures are barely relevant to the MPs and are insanely boring. Tough class, but rewarding if you put in the work. He just makes it hard to learn.",EXTRA CREDIT,1,0
UmF0aW5nLTM5MDE5NzQ1,2254924,Graham Evans,University Of Illinois at Urbana - Champaign,CS225,1.0,1.0,1.0,3.0,2024-03-04,-1,Not sure yet,"D1 yapper, nobody likes the goofy ahh music in lecture",,2,0
UmF0aW5nLTM4OTI2NjE0,2254924,Graham Evans,University Of Illinois at Urbana - Champaign,CS225,1.0,1.0,1.0,5.0,2024-01-26,-1,Not sure yet,"lectures are literally awful. how do you lecture with BLANK SLIDES to 900+ people. this impedes my learning heavily and he does not have clear talking points whatsoever. better use of my time to self study out of class, disappointing for such a good cs program at uiuc.  ",EXTRA CREDIT--Clear grading criteria--Lots of homework,0,0
UmF0aW5nLTM4NTcxMDU1,2254924,Graham Evans,University Of Illinois at Urbana - Champaign,CS225,1.0,1.0,1.0,2.0,2023-12-08,-1,A,"His lectures are very boring, and he has a habit of playing weird music at the beginning of the lecture. He replies on Discord faster than emails, and he's on Discord 24/7. His lectures are irrelevant to the MPs and exams. ",,0,0
UmF0aW5nLTM3OTQ2Mjgx,2254924,Graham Evans,University Of Illinois at Urbana - Champaign,CS225,1.0,1.0,1.0,3.0,2023-05-17,-1,,"Professor is knowledgeable but provides boring lectures that are better off learning yourself. Lines for TAs during discussion were way too long. Documentation for MPs can be unclear at times. Overall, the professor is overrated and has an ineffective teaching style.",,2,0
UmF0aW5nLTM3ODkwNDU1,2254924,Graham Evans,University Of Illinois at Urbana - Champaign,CS225,2.0,2.0,2.0,3.0,2023-05-10,-1,,"As a person, he is good, but as a lecturer, he cannot lecture to save his life, and I am not exaggerating, but the sheer drop in the amount of people who show up to lecture during the first few days as compared to mid-semester is sad, given the class size. You are better off learning content from online resources. The MPs were hard but good. ",EXTRA CREDIT--Clear grading criteria--Lots of homework,6,0
UmF0aW5nLTM3NzkwOTM4,2254924,Graham Evans,University Of Illinois at Urbana - Champaign,CS225,1.0,1.0,1.0,3.0,2023-05-02,-1,A,"He rejects MANY ec final projects (also directly relating to A+) without a good reason. Our group has written a really complete and organized proposal but NO ONE can prove that they'll fully stick with proposal.
His lectures are slow, just watch them at home if you can.
MP instructions aren't clear. Start only after you understand everything.",EXTRA CREDIT--Lots of homework,11,0
UmF0aW5nLTM3NjQxOTQw,2254924,Graham Evans,University Of Illinois at Urbana - Champaign,CS225,1.0,1.0,1.0,3.0,2023-04-17,-1,A,"You know, I heard a lot of good things about this guy before I took CS 225 - to be honest, I was really excited to take this course because everyone hyped this class and Carl Evans. Unfortunately, Carl Evans has been making CS 225 more difficult every semester, and the quizzes in CBTF are meant to buck you over with gotcha questions. ",Tough grader--Lots of homework--Test heavy,24,0
UmF0aW5nLTM3NjQxOTIz,2254924,Graham Evans,University Of Illinois at Urbana - Champaign,CS225,1.0,1.0,1.0,2.0,2023-04-17,-1,A-,Honestly one of the most overrate professors here at U of I. I was a little disappointed with his way of teaching and leading the course.,Tough grader--Lecture heavy--Test heavy,23,0
UmF0aW5nLTM3NTg4OTgz,2254924,Graham Evans,University Of Illinois at Urbana - Champaign,CS225,3.0,3.0,3.0,2.0,2023-04-06,-1,A,"Very easy A, lots of extra credit, fun final project. You will learn a lot of useful things through the class, although there is a fair share of work involved. Find yourself a good final proj group and you will enjoy!

Professor himself was very chill but lecture was kinda slow. Goes over easy concepts too slowly and hard concepts a bit too fast.",Participation matters--EXTRA CREDIT--Clear grading criteria,0,0
UmF0aW5nLTM3Mzk3NTIw,2254924,Graham Evans,University Of Illinois at Urbana - Champaign,CS225,3.0,3.0,3.0,1.0,2023-02-01,-1,A,pretty easy due to a lot of extra credit but a fair bit of work,EXTRA CREDIT--Clear grading criteria--Accessible outside class,0,0
UmF0aW5nLTM3MjQ0NTEy,2254924,Graham Evans,University Of Illinois at Urbana - Champaign,CS225,5.0,5.0,5.0,5.0,2022-12-26,1,A+,"Hardest class I ever took. Also, single most beneficial class I ever took.
Give him the time he deserves!",Respected,0,1
UmF0aW5nLTM2ODk2NTkw,2254924,Graham Evans,University Of Illinois at Urbana - Champaign,CS225,1.0,1.0,1.0,2.0,2022-11-28,-1,A,Go 'head be gone with it!,Hilarious,0,0
UmF0aW5nLTM2NzI3ODIx,2254924,Graham Evans,University Of Illinois at Urbana - Champaign,CS225,1.0,1.0,1.0,3.0,2022-10-23,-1,A,The MP/lab starter code is as messy as it gets. He is just not a tidy programmer.,,0,1
UmF0aW5nLTM1NjQ0NzU4,2254924,Graham Evans,University Of Illinois at Urbana - Champaign,CS225,5.0,5.0,5.0,2.0,2021-12-23,1,A+,"Great lectures, and always available. He runs a highly active discord server where he regularly answers questions. The lectures were also engaging and well structured.",Accessible outside class--Clear grading criteria--EXTRA CREDIT,0,0
UmF0aW5nLTM1NjQzMjc5,2254924,Graham Evans,University Of Illinois at Urbana - Champaign,CS225,2.0,2.0,2.0,4.0,2021-12-23,0,,"There are 100 points extra credit. OH take a long time to get through sometimes 5-6 hours. It is a difficult class and the MP's, Lab's, and Exams are hard.",Lots of homework--Clear grading criteria--EXTRA CREDIT,0,1
UmF0aW5nLTM0Njg0Mzc2,2254924,Graham Evans,University Of Illinois at Urbana - Champaign,CS225,4.0,4.0,4.0,3.0,2021-05-03,1,A,"Decent lecturer who excels at course administration. Assignments for the most part are well structured and designed to set you up to succeed. Office hours have historically been awful for this class (a byproduct of how large it is), but he tries to mitigate this by being active on the class Discord. The class is very well run otherwise.",Lots of homework--Accessible outside class--EXTRA CREDIT,0,0
UmF0aW5nLTM0NjgxMTU3,2254924,Graham Evans,University Of Illinois at Urbana - Champaign,CS225,2.0,2.0,2.0,5.0,2021-05-02,1,B+,"CS225 is a great class but you could definitely learn all concepts online. Lectures were held on Twitch and were pointless tbh. Heavy work. If you're not dedicating at least 15-20 hours weekly, then it's very hard to pass. The MP's, Labs, and Exams are all challenging. It's a weed out class, so make sure to put lots of effort from Day 1. OH suck!",Skip class? You won't pass.--Test heavy--EXTRA CREDIT,0,1
UmF0aW5nLTM0Mjg4MTg5,2254924,Graham Evans,University Of Illinois at Urbana - Champaign,CS225,3.0,3.0,3.0,4.0,2021-01-18,0,A,Lectures are honestly useless if you have taken CS173 and CS126 before there is no point in attending them because it's not mandatory and he goes off topic so many times. If u need to learn a specific thing he records his live streams and uploads on twitch which is helpful! Overall prof.'s lectures meant nothing to the class,Lots of homework--Group projects,0,0
UmF0aW5nLTM0MjQxMjEz,2254924,Graham Evans,University Of Illinois at Urbana - Champaign,CS225,5.0,5.0,5.0,4.0,2021-01-05,1,A,"A great professor for CS 225, did his best in Fall 2020 to keep things going smoothly at all times. A lot of people complained about office hours and other things that were hard for him to control, if you look past that he seemed like a really great guy and professor!",EXTRA CREDIT--Respected--Gives good feedback,0,0
UmF0aW5nLTM0MDg2MTc0,2254924,Graham Evans,University Of Illinois at Urbana - Champaign,CS225,2.0,2.0,2.0,5.0,2020-12-15,0,B,I have to admit that this class sucked. The lectures didn't make sense and that there was so much work. Office hours is a hit and miss at times. Be prepared to wait in office hours for at least 5 hours and the TAs not be able to help you throughly with the issues with your code. I felt like this class didn't teach us proper debugging tools.,Lots of homework,0,0
UmF0aW5nLTM0MDM1NDgy,2254924,Graham Evans,University Of Illinois at Urbana - Champaign,CS225,2.0,2.0,2.0,5.0,2020-12-11,0,A-,"The work in this class is not too hard but there is just so much. And if you need any type of help, it's just not there. They go on and on about all the resources available but honestly, nobody answers the Piazza and OH is always hit or miss (usually miss) with long waiting times.",,0,0
UmF0aW5nLTMzNzA2OTA5,2254924,Graham Evans,University Of Illinois at Urbana - Champaign,CS225,3.0,3.0,3.0,3.0,2020-10-16,0,A-,"Professor Evans is extremely responsive outside of lectures. He's always helping students on the class piazza/discord and is very approachable. However, lectures are oftentimes unorganized and poorly paced. I watched the recordings of Professor Wade's CS 225 lectures instead.",Lots of homework--Accessible outside class--EXTRA CREDIT,0,0
UmF0aW5nLTMzMjY3NTY3,2254924,Graham Evans,University Of Illinois at Urbana - Champaign,CS225,5.0,5.0,5.0,3.0,2020-05-11,1,A,"Great professor who truly cares about his students! This was especially evident during the COVID-19 pandemic in which he went above and beyond to make himself available all the time and ensure fairness. Although his lectures may not be the best, they were pretty good and along with the amazing assignments, learning the content was never a struggle.",Accessible outside class--Caring--EXTRA CREDIT,0,0
UmF0aW5nLTMyOTI4MzA4,2254924,Graham Evans,University Of Illinois at Urbana - Champaign,CS225,1.0,1.0,1.0,3.0,2020-02-24,0,Not sure yet,Horrible- unnecessary discrepancies between local tests and online ones in POTDs. Quizzes are like all or nothing. Disorganized. Nightmare professor overall.,EXTRA CREDIT,0,0
UmF0aW5nLTMyOTAwMzkx,2254924,Graham Evans,University Of Illinois at Urbana - Champaign,CS225,2.0,2.0,2.0,4.0,2020-02-10,0,A,"Had Evans for CS173 and got an A but was really hoping not to have him again, hes unhelpful and kind of a jerk. Had him for CS225... Again, got an A because I taught myself everything, didnt go to a single lecture because I knew from 173 how terrible a professor he is.",Group projects,0,0
UmF0aW5nLTMyODc3ODE5,2254924,Graham Evans,University Of Illinois at Urbana - Champaign,CS225,1.0,1.0,1.0,4.0,2020-01-29,0,A,"Pretty dreadful lecturer honestly, fortunately, the notes posted online are decent enough to help you through the labs and MPs if you're willing to put in the work to understand it. As with many CS classes, stackoverflow may be your best friend for this class",Lots of homework--Test heavy--EXTRA CREDIT,0,0
UmF0aW5nLTMyNzI3NzI3,2254924,Graham Evans,University Of Illinois at Urbana - Champaign,CS225,1.0,1.0,1.0,1.0,2019-12-20,0,A+,"Carl is incredibly nice and easy to talk to, so its a shame that hes such a bad lecturer. Had him for 126 and 225, he added almost nothing to the course that couldn't be found online or from previous semesters. Tries his very best to teach and is sincere about wanting feedback, but just can't get it right. Just very unclear and disorganized.",Accessible outside class--Caring--EXTRA CREDIT,0,0
UmF0aW5nLTMyNzEwNDM0,2254924,Graham Evans,University Of Illinois at Urbana - Champaign,CS225,5.0,5.0,5.0,2.0,2019-12-18,1,A,CS225 is the ultimate easy A. And the contents have been taught really well.,Clear grading criteria--EXTRA CREDIT,0,0
UmF0aW5nLTMyNjEzNTIw,2254924,Graham Evans,University Of Illinois at Urbana - Champaign,CS225,4.0,4.0,4.0,3.0,2019-12-11,1,A,"I had him for both 126 and 225. He isn't the best lecturer, but is decently understandable, unlike some professors. He is fairly reasonable . His courses were all well established, so they ran based more on how they were set up than based on his preferencese.",EXTRA CREDIT,0,0
UmF0aW5nLTM1ODg1NDA0,2254924,Graham Evans,University Of Illinois at Urbana - Champaign,CS241,5.0,5.0,5.0,3.0,2022-02-26,1,B+,"Great professor, tough class for 241 so don't expect it to be a walk in the park but he is very accommodating of students",Gives good feedback--Lots of homework--Clear grading criteria,0,0
UmF0aW5nLTI5NDM2NTM1,2254924,Graham Evans,University Of Illinois at Urbana - Champaign,CS241,1.0,1.0,1.0,1.0,2018-01-11,0,A+,Memorize Angrave's wiki and get an &quot;A&quot;,Tough Grader--Gives good feedback--LOTS OF HOMEWORK,0,4
UmF0aW5nLTI5Mzc0ODE5,2254924,Graham Evans,University Of Illinois at Urbana - Champaign,CS241,5.0,5.0,5.0,4.0,2018-01-02,1,B+,"I think Evans is a pretty new professor, and was teaching a course that changes a lot. Still, I think he did a great job teaching the course: his lectures were mostly clear and useful; he was funny, but not to the point that it detracted from his lecturing; and he made a HARD course interesting and doable. I HIGHLY suggest ATTENDING his lectures.",Hilarious--Amazing lectures,4,1
UmF0aW5nLTExMzc2ODk0,799921,Graham Walker,Massachusetts Institute of Technology,721,5.0,5.0,5.0,2.0,2006-01-17,-1,,"very clear descriptions, infectious enthusiasm for the material",,0,0
UmF0aW5nLTE4NzQ1MTE1,799921,Graham Walker,Massachusetts Institute of Technology,A014,5.0,5.0,5.0,1.0,2011-06-19,-1,,Best Prof! Very clear explanation! Helpful anecdotes and interesting facts! Teaching style is very good.,,0,0
UmF0aW5nLTE4NzY4ODE2,799921,Graham Walker,Massachusetts Institute of Technology,B014,5.0,5.0,5.0,1.0,2011-06-27,-1,,"Awesome anecdotes, examples!!  Best prof EVER!",,0,1
UmF0aW5nLTE4NzU0MzUy,799921,Graham Walker,Massachusetts Institute of Technology,BIO014,5.0,5.0,5.0,1.0,2011-06-22,-1,,"Very good teacher! I Understand every single thing clearly! Explanation is very good. Overall, one of the best profs!",,0,0
UmF0aW5nLTE4NzcyNDg4,799921,Graham Walker,Massachusetts Institute of Technology,BIO14,5.0,5.0,5.0,1.0,2011-06-28,-1,,"Explains everything crystal clear!! Shares a lot of interesting facts and expts!! And brilliant anecdotes!! Overall, THE BEST!!",,0,1
UmF0aW5nLTI2ODY0NjU3,799921,Graham Walker,Massachusetts Institute of Technology,BIO706,4.0,4.0,4.0,3.0,2016-08-04,1,A+,"Bio 7.06 with Prof. Walker C Graham was a great experience. Biology is simple reading Well and do the Special Products. This Professor goces you a Solid preparation If you decide to STudy Chemistry (Course 5) or Biological Engineering (Course 20) I have a Major in Economics, Minor in Biology (Course 7) and other Minor in Course 18 (Mathematics)",,1,37
UmF0aW5nLTI2MjAxNTM1,799921,Graham Walker,Massachusetts Institute of Technology,BIO712,4.0,3.0,4.0,4.0,2016-03-29,-1,B-,Bio 7.212 Fundamentals of Biology is great but not Excelent. He gives a lot of material especially BioChemistry is covered in Freshman Biology . The course is vastly Theorethical but have some Quantitative in certain lectures. If you plan to Study Biology take it with Eric Lander .,,0,3
UmF0aW5nLTE2MTg5ODk1,799921,Graham Walker,Massachusetts Institute of Technology,BIO721,5.0,5.0,5.0,2.0,2009-09-15,-1,,"Great Professor, able to understand that the students are not graduate Students. Got an A in his class. Read the chapters!",,0,0
UmF0aW5nLTE4NzgyNjc3,799921,Graham Walker,Massachusetts Institute of Technology,INB014,5.0,5.0,5.0,1.0,2011-07-01,-1,,Best prof ever!,,0,0
UmF0aW5nLTM4OTk4MTU0,2226107,H. Schwartz,Stony Brook University (SUNY),CSE354,2.0,2.0,2.0,5.0,2024-02-24,-1,Incomplete,"The 538 course was rigorous but had excessive homework, making it tough for PhD students with TA and research duties. Vague instructions and the lack of useful libraries like pandas increased the challenge. Not ideal for those with multiple commitments.",Get ready to read--Lots of homework--Hilarious,0,0
UmF0aW5nLTMzMzgwMjA1,2226107,H. Schwartz,Stony Brook University (SUNY),CSE354,1.0,1.0,1.0,5.0,2020-05-28,0,A,"I have taken over 150 credits of college classes but have never seen someone as horrible as him teaching a class. He does not care about the students and is not at all organized whether it is releasing the assignments or grading them. Just to clarify, my 150 credits are distributed through 5 colleges in NY.",Graded by few things--Test heavy--Tough grader,0,0
UmF0aW5nLTMzMzY2NjIy,2226107,H. Schwartz,Stony Brook University (SUNY),CSE354,5.0,5.0,5.0,5.0,2020-05-25,1,A-,"People are trying to take out the whole online classes issue on him. They need to stop, it's not his fault. He used respondus for online tests which is a garbage program and outright spyware. Yeah it was a bad move, but no one knew anything about it to begin with. He's a great lecturer and professor. That's what matters, not respondus.",Lots of homework--Test heavy--Clear grading criteria,0,0
UmF0aW5nLTMzMzY2NjE5,2226107,H. Schwartz,Stony Brook University (SUNY),CSE354,5.0,5.0,5.0,4.0,2020-05-25,1,A,"I don't understand why he's getting such bad rep. He's a great professor. Sure his exams are hard, but his lectures are pretty interesting. He only tests on stuff he's taught and from the textbook, so there's nothing unexpected. Only pet peeve is that he takes forever to answer to emails.",Respected--Caring--Tough grader,0,0
UmF0aW5nLTMzMzY2NjE1,2226107,H. Schwartz,Stony Brook University (SUNY),CSE354,5.0,5.0,5.0,4.0,2020-05-25,1,A,"Excellent professor. He really knows his stuff and is able to teach it pretty well. Exams are pretty difficult, but homework is pretty fair. I learned a lot in this class and had a lot of fun.",Respected--Hilarious--Caring,0,0
UmF0aW5nLTMzMjgwNjM2,2226107,H. Schwartz,Stony Brook University (SUNY),CSE354,1.0,1.0,1.0,5.0,2020-05-13,0,Not sure yet,"This professor is to be avoided at all costs. His NLP class is extremely vague and unless you actually have a solid background in machine learning, you will be lost in his class. The professor always sound unsure of his own answers and presentations and saying lots of uhms and uhhs. At the end, we only &quot;learn&quot; an introduction of the concepts",Accessible outside class--Get ready to read--Lecture heavy,0,0
UmF0aW5nLTMzMDY3MjI2,2226107,H. Schwartz,Stony Brook University (SUNY),CSE354,1.0,1.0,1.0,5.0,2020-04-15,0,B,"NOT at all understanding of the situation of the students. Look up this_is_ridiculous_how_do_these_people_get_phds on Reddit for details for Exam 2. NEVER posted assignments on the dates announced, replies to emails, replied to Piazza in less than 3 days. Such unclear instructions in the assignments even TAs couldn't help without asking him.",Get ready to read--Lecture heavy--Tough grader,0,0
UmF0aW5nLTMzMzgwMjE5,2226107,H. Schwartz,Stony Brook University (SUNY),CSE487,1.0,1.0,1.0,5.0,2020-05-28,0,A,"I was a TA for him for CSE 354 and I have never seen any professor handle a class in any way worse than this. He never talked to us about anything and expected us to know the homework and help students even without knowing that it had been released. Since the class was online, he needed us to monitor the students but told us like an hour ago.",,0,0
UmF0aW5nLTMzMzM5OTI0,2226107,H. Schwartz,Stony Brook University (SUNY),CSE545,1.0,1.0,1.0,4.0,2020-05-20,0,B+,"I have not seen a professor at SBU who is so bad at teaching. He was not even able to get across simple concepts like TF-IDF, forget about the complex topics. Pre-covid19 lectures were not recorded. But that did not matter much. You would probably end up more confused after the class and end up just reading the textbook.",Group projects--Tough grader,0,0
UmF0aW5nLTMzMTMyOTQy,2226107,H. Schwartz,Stony Brook University (SUNY),CSE545,1.0,1.0,1.0,3.0,2020-04-26,0,,"Sure he's a great researcher with many papers on MENTAL HEALTH, but you wouldn't know he &quot;knows&quot; about mental well being. He is one of the most unsympathetic and insensitive professors I've ever seen. His lecture slides are literally just fancy pictures. His exams, quote, &quot;test concepts&quot; but then you need to memorize specific equations or R.I.P.",Get ready to read--Graded by few things,0,0
UmF0aW5nLTI3ODcwMjAz,2226107,H. Schwartz,Stony Brook University (SUNY),CSE545,2.0,2.0,2.0,3.0,2017-03-01,0,,"Very difficult to follow his lectures. He's a good man personally and a great researcher, but not the best teacher you'd come across. His assignments are vague and not very helpful.",Tough Grader--Gives good feedback--Get ready to read,4,0
UmF0aW5nLTI3ODA0MTY4,2226107,H. Schwartz,Stony Brook University (SUNY),CSE545,1.0,1.0,1.0,4.0,2017-02-04,0,A-,"Amongst the worst professors I've seen at Stony Brook. Doesn't even make an effort to teach some stuff. His slides are just full of images and fancy logos, and he just surfaces through all the stuff. You're expected to learn and study (and even figure out what to learn and what not to) yourselves.",Tough Grader--Participation matters,2,0
UmF0aW5nLTI3NzMyODQ0,2226107,H. Schwartz,Stony Brook University (SUNY),CSE545,1.0,1.0,1.0,4.0,2017-01-15,0,B+,"The professor used a skewed grading scale. Those at or around the average got poor grades. His lectures aren't too informative either. According to him, his lectures are just ""visual aids"" to the coursework. Expects you to read the entire book yourselves. Exams  good, but you need to read A LOT.",Tough Grader--Get ready to read--Participation matters,3,4
UmF0aW5nLTM4NDQ5MzEz,2226107,H. Schwartz,Stony Brook University (SUNY),CSE655,5.0,5.0,5.0,2.0,2023-11-28,1,Rather not say,"This is a graduate level seminar on Natural Language Processing. Prof. Schwartz would discuss research papers from a well-curated set of papers. He did an excellent job where insights developed over years of research were distilled. Very approachable, encouraged students to ask questions, voice opinions and develop their own research tastes.",Amazing lectures --Caring--Respected,0,0
UmF0aW5nLTMwNjEwNTM4,2414362,Hae-Seung Lee,Massachusetts Institute of Technology,6.301,4.0,4.0,4.0,5.0,2018-10-25,1,,"6.301 with Harry Lee is an amazing class, but he moves through so much material so quickly that you're probably better off self-teaching at least some of the material over the summer before taking the class in the fall.",Tough Grader--Respected--Amazing lectures,0,0
UmF0aW5nLTIxNzg3NzY4,1103018,Hazel Sive,Massachusetts Institute of Technology,7013,5.0,5.0,5.0,2.0,2013-05-18,-1,,"She's really enthusiastic about teaching and biology, which makes the class so much more interesting. Plus, she really cares about the students, and is just a fun person.",,3,0
UmF0aW5nLTE2MjMwNzE2,1103018,Hazel Sive,Massachusetts Institute of Technology,BIO7013,5.0,5.0,5.0,4.0,2009-10-10,-1,,"Wonderful professor.  Kept us engaged with little quiz/prize interactions, used relevant modern examples related to concepts.  Also has great blackboard technique and clear writing.  Exams were long, but that's to be expected within the department.",,1,0
UmF0aW5nLTE0Mzc1MzAz,1103018,Hazel Sive,Massachusetts Institute of Technology,BIO7013,4.0,4.0,4.0,4.0,2008-04-30,-1,,"Distracting and grumpy, but very good on the blackboard and well prepared.",,0,3
UmF0aW5nLTE0MjE2NjIx,1103018,Hazel Sive,Massachusetts Institute of Technology,BIO7013,5.0,5.0,5.0,3.0,2008-03-30,-1,,"AMAZING PROFESSOR! Lectures are comprehensive, with applications to modern experimental biology techniques. Made me want to switch majors.",,1,0
UmF0aW5nLTIzOTUzOTQw,1103018,Hazel Sive,Massachusetts Institute of Technology,THANKS,5.0,5.0,5.0,1.0,2014-12-04,-1,A+,I learned bundles of intellect from her fave professor ever!!!,,2,0
UmF0aW5nLTQwNjA0MTIw,1139536,Hong Liu,Massachusetts Institute of Technology,321,5.0,5.0,5.0,3.0,2025-01-26,1,A,"Super clear lecturer. I feel that he sometimes leaves out details to focus on the bigger picture, which is fine at times, but can also sometimes feel unsatisfying. Nonetheless, he is a very good teacher and was very helpful during office hours. He's also just easy to talk to and quite friendly.",Amazing lectures --Inspirational,0,0
UmF0aW5nLTM5NzczMDI0,1139536,Hong Liu,Massachusetts Institute of Technology,QFTII01,5.0,5.0,5.0,1.0,2024-09-29,1,F,"Hong Liu is truly the best professor I've ever had. He's truly the GOAT. His son is cool, too",,0,0
UmF0aW5nLTM5MjQyNDYx,1139536,Hong Liu,Massachusetts Institute of Technology,QFTII01,5.0,5.0,5.0,3.0,2024-04-23,1,A+,Smart guy!,Caring--Respected,0,0
UmF0aW5nLTI2MTUyOTk1,1139536,Hong Liu,Massachusetts Institute of Technology,QFTII01,5.0,5.0,5.0,1.0,2016-03-17,-1,A+,My favorite  professor  and class at MIT.,,0,0
UmF0aW5nLTE4NjY2MjE2,1139536,Hong Liu,Massachusetts Institute of Technology,QFTII01,5.0,4.0,5.0,4.0,2011-05-26,-1,,"One of the few physics classes where I attended every lecture. Liu is a mathematical physicist so his perspective on QFT is less applied then I wished, but his development of the subject was complete and beautiful. I learned something new every class and Liu's answers to questions always provided one with more insight into the subject.",,1,0
UmF0aW5nLTMxNzk3NTI5,466352,James Orlin,Massachusetts Institute of Technology,15.053,5.0,5.0,5.0,2.0,2019-05-07,1,A+,"Inspirational professor teaching everything from life-lessons to optimization. The lectures covers the basics, which is enough for the exams, while the homework digs deeper into the more difficult parts. Perfect setup to learn the most.",Gives good feedback--Inspirational--Amazing lectures,0,0
UmF0aW5nLTEyMTI3MTA2,466352,James Orlin,Massachusetts Institute of Technology,15053,5.0,5.0,5.0,1.0,2006-08-03,-1,,"Prof. Orlin gives surprisingly clear presentations, given the subject matter of his course. He manages to keep things fun and lively. Other quant professors at MIT could learn a lot by watching him teach.",,0,0
UmF0aW5nLTI1MDg5MzM=,466352,James Orlin,Massachusetts Institute of Technology,BUS310,4.0,4.0,4.0,4.0,2004-09-30,-1,,No Comments,,0,0
UmF0aW5nLTEwNzgxOTM3,433652,Jeremy Wolfe,Massachusetts Institute of Technology,900,5.0,5.0,5.0,1.0,2005-10-17,-1,,Funny Jewish guy. He got me a job at a Harvard sleep research lab...can't complain much.,,0,0
UmF0aW5nLTM2NjcxNTg=,433652,Jeremy Wolfe,Massachusetts Institute of Technology,900,5.0,5.0,5.0,2.0,2005-04-20,-1,,Wonderful lecturer!,,0,0
UmF0aW5nLTMxNTY3NzU=,433652,Jeremy Wolfe,Massachusetts Institute of Technology,900,3.0,2.0,3.0,3.0,2005-01-04,-1,B+,"very boring class if u already know a decent bit about psychology...in addition, he rambles on about stuff he likes and his lectures are not very focused...",,0,0
UmF0aW5nLTMxMzMzNzc=,433652,Jeremy Wolfe,Massachusetts Institute of Technology,900,5.0,5.0,5.0,3.0,2004-12-30,-1,,No Comments,,0,0
UmF0aW5nLTMxMTAyNTI=,433652,Jeremy Wolfe,Massachusetts Institute of Technology,900,5.0,5.0,4.0,3.0,2004-12-24,-1,B,Good professor. Very entertaining and knowledgable,,0,0
UmF0aW5nLTIzMTY1NjM=,433652,Jeremy Wolfe,Massachusetts Institute of Technology,900,5.0,5.0,5.0,3.0,2004-07-14,-1,,"Awesome teacher. Cracks funny jokes in class, and teaches as if he's having a conversation instead of lecturing.",,0,0
UmF0aW5nLTI1MjkxODgy,433652,Jeremy Wolfe,Massachusetts Institute of Technology,INTRO PSYCH,5.0,5.0,4.0,2.0,2015-10-26,-1,,MIT Open Courseware - superbly engaging and fun even on headphone! ,,0,0
UmF0aW5nLTI4Nzc0Njc=,433652,Jeremy Wolfe,Massachusetts Institute of Technology,INTROPSYCH,5.0,4.0,5.0,2.0,2004-12-01,-1,,professor wolfe is awesome. his midterm and final are a story that you need to psychoanalyze using whatever you learned with the class. i definitely recommend taking intro psych with him if you are interested in the material. he's a great professor.,,0,0
UmF0aW5nLTI2MzAzOTgy,433652,Jeremy Wolfe,Massachusetts Institute of Technology,PSYCH101,4.0,3.0,4.0,4.0,2016-04-15,-1,A+,Psych 101 Intro to Psychology at Massachussetts Institute of Technology is amazing with Prof. Jeremy Wolfe really understand The Biology of The Brain. he is a great teacher you learn a lot.,,0,2
UmF0aW5nLTIxMjMyODQz,433652,Jeremy Wolfe,Massachusetts Institute of Technology,PSYCH101,5.0,5.0,5.0,1.0,2013-01-08,-1,,"Took his course through iTunesU- very, very good lecturer! Though I cannot say anything about the ease of his exams, he made lectures supremely interesting and easy to follow/ understand.",,0,0
UmF0aW5nLTEyMjQxNTgw,433652,Jeremy Wolfe,Massachusetts Institute of Technology,PSYCH101,3.0,3.0,3.0,3.0,2006-09-20,-1,,No Comments,,0,0
UmF0aW5nLTI2MzE3NDYy,433652,Jeremy Wolfe,Massachusetts Institute of Technology,PSYCH90O,4.0,3.0,4.0,3.0,2016-04-18,-1,A-,Psych 9.00 Fundamentals of Psychology at Massachussetts Institute of Technology with Prof. Jeremy Wolfe is a Good experience. You have to prepared to read and The Exams are not so Hard. He is Well Know in Course 9 Brain and Cognitive Sciences Department.,,2,0
UmF0aW5nLTI0NzQzMjUx,13890,Jerry Cain,Stanford University,110,5.0,5.0,5.0,4.0,2015-05-05,-1,A,"Great teacher, great lecturer super clear and helpful!",,3,0
UmF0aW5nLTEwNDQ2OTU3,13890,Jerry Cain,Stanford University,CS103X,5.0,5.0,4.0,5.0,2005-09-25,-1,,Awesome class - extremely difficult final but lenient curve.,,0,0
UmF0aW5nLTI5OTE4MzQz,13890,Jerry Cain,Stanford University,CS106,5.0,5.0,5.0,2.0,2018-04-27,1,A+,very good professor.,,0,1
UmF0aW5nLTE3MDAwNTMz,13890,Jerry Cain,Stanford University,CS106,5.0,5.0,5.0,5.0,2010-04-15,-1,,"Tough, but fair.  Great teacher, excellent explanations",,0,0
UmF0aW5nLTE0MTA5NzM5,13890,Jerry Cain,Stanford University,CS106,5.0,5.0,5.0,3.0,2008-02-21,-1,,The greatest lecturer I've ever had. Taught me things I thought I would never be able to learn,,0,0
UmF0aW5nLTEyNTAwMjg3,13890,Jerry Cain,Stanford University,CS106,5.0,5.0,5.0,4.0,2006-11-30,-1,,excellent,,0,0
UmF0aW5nLTEyMTc3ODkx,13890,Jerry Cain,Stanford University,CS106,5.0,5.0,5.0,5.0,2006-08-21,-1,,Great lecturer!,,0,0
UmF0aW5nLTE2NzQwMjg3,13890,Jerry Cain,Stanford University,CS106A,5.0,5.0,5.0,4.0,2010-01-20,-1,,Awesome SUPER Awesome,,0,0
UmF0aW5nLTEwNzYxMDM=,13890,Jerry Cain,Stanford University,CS106A,4.0,4.0,3.0,5.0,2003-08-04,-1,,"VERY, VERY, VERY hard prof! I didn't want to touch CS for a long time after him, but you do get to know your stuff.",,0,0
UmF0aW5nLTU5Mjk0Ng==,13890,Jerry Cain,Stanford University,CS106A,5.0,5.0,5.0,5.0,2003-02-19,-1,,Inspired me to be a Computer Science major.  One of the more difficult profs.,,0,0
UmF0aW5nLTU5MjcyOQ==,13890,Jerry Cain,Stanford University,CS106ACS,5.0,5.0,5.0,4.0,2003-02-19,-1,,No Comments,,0,0
UmF0aW5nLTE1NTQxMzY3,13890,Jerry Cain,Stanford University,CS106B,4.0,3.0,4.0,5.0,2009-03-17,-1,,good lecture; sometime too fast,,0,0
UmF0aW5nLTEyNzA0Mjkx,13890,Jerry Cain,Stanford University,CS106X,4.0,4.0,4.0,4.0,2007-01-01,-1,,Very clear and knowledgable.  Available via email and extremely helpful.  A bit harsh in person.,,0,0
UmF0aW5nLTQzMjM4NTA3,13890,Jerry Cain,Stanford University,CS107,4.0,4.0,4.0,3.0,2026-06-10,1,,"Clear lectures, fair exams.",,0,0
UmF0aW5nLTQyNTAyMTQ1,13890,Jerry Cain,Stanford University,CS107,5.0,5.0,5.0,3.0,2026-01-15,1,A,I love jerry cain.,,0,0
UmF0aW5nLTM3NDQyNjc0,13890,Jerry Cain,Stanford University,CS107,5.0,5.0,5.0,2.0,2023-02-19,1,A,Amazing professor. Truly cares about his students and goes out of his way to provide resources and help on understanding the material. ,,0,0
UmF0aW5nLTM2NjMyOTA4,13890,Jerry Cain,Stanford University,CS107,5.0,5.0,5.0,3.0,2022-09-08,1,A,professor Cain is very kinda and considerate towards the students and he displays and teaches the computer science curriculum very well. would take again. ,Clear grading criteria--So many papers--Graded by few things,0,0
UmF0aW5nLTMwNTkwMTg0,13890,Jerry Cain,Stanford University,CS107,4.0,4.0,4.0,4.0,2018-10-20,1,,good sir and teach from basic on programming,Amazing lectures--Caring,0,0
UmF0aW5nLTI3MzIwNTM1,13890,Jerry Cain,Stanford University,CS107,5.0,5.0,5.0,3.0,2016-12-03,1,A+,"No doubts, one of the best. Very good combination of theory and practice.",,0,0
UmF0aW5nLTI1MTM1OTMy,13890,Jerry Cain,Stanford University,CS107,4.0,5.0,3.0,3.0,2015-08-20,-1,,"I've taught this stuff for decades and Jerry explained it better, and way, way faster, than I ever have. Inspirational.",,2,1
UmF0aW5nLTIxNzAzNjA2,13890,Jerry Cain,Stanford University,CS107,5.0,5.0,5.0,1.0,2013-05-08,-1,,He is one of the best teachers out there.,,1,0
UmF0aW5nLTIwNjgxMjc4,13890,Jerry Cain,Stanford University,CS107,5.0,5.0,5.0,3.0,2012-10-05,-1,,He is a genius,,0,0
UmF0aW5nLTE1NTEyMzAw,13890,Jerry Cain,Stanford University,CS107,5.0,5.0,5.0,5.0,2009-03-06,-1,,"Great lecturer, demanding and makes sure his students learn significantly more than with other teachers in the same course. His manner seems a bit arrogant and unapproachable, but is actually helpful when asked. His classes are a CS boot-camp, do expect quite a bit of work.",,0,1
UmF0aW5nLTE1NDc4NjE1,13890,Jerry Cain,Stanford University,CS107,5.0,5.0,4.0,4.0,2009-02-21,-1,,Great and intelligent.,,0,1
UmF0aW5nLTE0ODI5Njk1,13890,Jerry Cain,Stanford University,CS107,5.0,5.0,4.0,4.0,2008-09-23,-1,,"Oh man, Cain is the bomb.",,0,0
UmF0aW5nLTE0MTI2MzQ2,13890,Jerry Cain,Stanford University,CS107,5.0,5.0,5.0,3.0,2008-02-28,-1,,"Jerry rocks. Seriously, he's the best teacher you'll ever have.",,1,1
UmF0aW5nLTEzMzIyNTg2,13890,Jerry Cain,Stanford University,CS107,5.0,5.0,5.0,4.0,2007-07-10,-1,,Jerry is the man. He's a great explainer and values fun and interesting assignment. He really cares about the class.,,0,0
UmF0aW5nLTEyMDEzODUx,13890,Jerry Cain,Stanford University,CS107,5.0,5.0,5.0,2.0,2006-06-18,-1,,Not a super interesting subject but cain makes you get it.,,0,0
UmF0aW5nLTExNTg1MzEz,13890,Jerry Cain,Stanford University,CS107,5.0,5.0,5.0,4.0,2006-03-18,-1,,"Jerry is awesome. I've taken 103X and 107 with him, and he's always super helpful.",,0,0
UmF0aW5nLTExMjE1MTI0,13890,Jerry Cain,Stanford University,CS107,4.0,3.0,4.0,5.0,2005-12-19,-1,,"CS 107 was the most difficult class I have taken, but mostly because I didn't go to lectures. Jerry is a good lecturer, but if you don't pay attention you'll fall behind fast.",,0,0
UmF0aW5nLTEwNjI1MDU5,13890,Jerry Cain,Stanford University,CS107,5.0,5.0,5.0,4.0,2005-10-22,-1,,excellent prof so far...,,0,0
UmF0aW5nLTEwMzI2NDI2,13890,Jerry Cain,Stanford University,CS107,5.0,5.0,5.0,4.0,2005-08-31,-1,A+,No Comments,,0,0
UmF0aW5nLTMwMjY4OTk=,13890,Jerry Cain,Stanford University,CS107,4.0,4.0,3.0,5.0,2004-12-15,-1,,No Comments,,0,0
UmF0aW5nLTI1Njc3ODA=,13890,Jerry Cain,Stanford University,CS107,5.0,5.0,5.0,5.0,2004-10-20,-1,,Great teacher.  Knows his stuff and cares about the students.,,0,0
UmF0aW5nLTI1NjExODY=,13890,Jerry Cain,Stanford University,CS107,5.0,5.0,5.0,1.0,2004-10-18,-1,,No Comments,,0,0
UmF0aW5nLTE4ODg0ODQ=,13890,Jerry Cain,Stanford University,CS107,5.0,5.0,5.0,3.0,2004-04-02,-1,,awesome,,0,0
UmF0aW5nLTE4ODEzODM=,13890,Jerry Cain,Stanford University,CS107,5.0,5.0,5.0,4.0,2004-04-01,-1,,"One of my favorite lecturers. His pace is fast, but I found it satisfying; his answers to questions were very cogent. 90% of what he says is in the handouts anyways, so don't bother trying to write down everything.",,0,0
UmF0aW5nLTExMjQ2MjI=,13890,Jerry Cain,Stanford University,CS107,5.0,5.0,5.0,5.0,2003-09-09,-1,,"As with the Maggie's, Julie's, and Nick's of this world, his teaching is top notch -- but don't underestimate the difficulty of CS107!",,0,0
UmF0aW5nLTMyMTIzOA==,13890,Jerry Cain,Stanford University,CS107,4.0,5.0,3.0,4.0,2002-11-05,-1,,"Tough material, but you'll learn a lot.",,0,0
UmF0aW5nLTI3NzU4NQ==,13890,Jerry Cain,Stanford University,CS107,4.0,4.0,4.0,5.0,2002-10-04,-1,,"He will make you suffer, but you will learn a lot.",,0,0
UmF0aW5nLTI3NzM1OA==,13890,Jerry Cain,Stanford University,CS107,4.0,4.0,3.0,5.0,2002-10-04,-1,,No Comments,,0,0
UmF0aW5nLTI3NzMyOA==,13890,Jerry Cain,Stanford University,CS107,5.0,5.0,4.0,5.0,2002-10-04,-1,Rather_Not_Say,No Comments,,0,0
UmF0aW5nLTI3NzIyNQ==,13890,Jerry Cain,Stanford University,CS107,5.0,5.0,5.0,5.0,2002-10-04,-1,,"Great teacher, love the course",,0,0
UmF0aW5nLTI3NzE5NA==,13890,Jerry Cain,Stanford University,CS107,4.0,4.0,4.0,5.0,2002-10-04,-1,,Jerry's a good teacher but his tests and problems sets are hard to impossible.,,0,0
UmF0aW5nLTg2MDc4,13890,Jerry Cain,Stanford University,CS107,5.0,5.0,5.0,5.0,2002-01-27,-1,,No Comments,,0,0
UmF0aW5nLTExOTA1MjMw,13890,Jerry Cain,Stanford University,CS107CS103B,5.0,5.0,5.0,5.0,2006-05-17,-1,,Jerry Cain looks like a cross between Jack Bauer and Chuck Norris.,,0,0
UmF0aW5nLTM3NTg4OTk5,13890,Jerry Cain,Stanford University,CS107CS103X,5.0,5.0,5.0,4.0,2023-04-06,1,Rather not say,"I had thought that Chris Piech/Mehran Sahami were the best Professors -- but now, I think its Jerry Cain - he literally cares for each and every student, responds to any small question to make sure you get timely help - his lectures are amazing, very down to earth to help students succeed, course website/Ed is so well organized, love, love,love him",Caring--Respected--Accessible outside class,0,0
UmF0aW5nLTM2NTM3MTUz,13890,Jerry Cain,Stanford University,CS107CS103X,4.0,4.0,4.0,4.0,2022-07-23,1,B-,I would take this class again. ,,0,0
UmF0aW5nLTExMjkwMDE5,13890,Jerry Cain,Stanford University,CS107CS103X,5.0,5.0,5.0,4.0,2006-01-02,-1,,"Jerry is awesome!  He's really hard core, but he'll actually teach you something, and he's a very good lecturer.  He'll never let you take the easy way out, but he will help you lots and explain everything.",,0,0
UmF0aW5nLTMyMjQyNDgz,13890,Jerry Cain,Stanford University,CS110,1.0,1.0,1.0,1.0,2019-09-23,0,,"Not much teaching, content is typed up more clearly than lectures, class is mostly autograded",,0,0
UmF0aW5nLTIyNzc3NDE0,13890,Jerry Cain,Stanford University,CS110,5.0,5.0,5.0,4.0,2014-01-21,-1,C,Jerry is the boss! Explains Computer Systems very clearly and really cares about his students.,,3,1
UmF0aW5nLTIyMTc2NjIz,13890,Jerry Cain,Stanford University,CS110,3.0,2.0,3.0,5.0,2013-10-14,-1,,"Jerry always makes the class significantly harder. His lectures go very quickly, if you don't pay attention for 1 second, you're lost for the rest of the class. He's good at explaining, but I feel goes too quickly in lecture and doesn't stop enough to make sure students are getting it. Explanations could be less code heavy and more visual.",,3,2
UmF0aW5nLTIxNTMxNjIx,13890,Jerry Cain,Stanford University,CS110,5.0,5.0,5.0,3.0,2013-04-13,-1,,"One of the best teachers I have ever had. He explains everything very well, makes it fun, and is also super helpful. If you have him you are lucky!",,0,1
UmF0aW5nLTE2MTg3Nzcy,13890,Jerry Cain,Stanford University,CS143,5.0,5.0,4.0,3.0,2009-09-14,-1,,Good dedicated prof.Looks arrogant but is good.,,0,0
UmF0aW5nLTE1MjE5MjEx,13890,Jerry Cain,Stanford University,CS143,5.0,5.0,5.0,1.0,2008-12-17,-1,,The best one. CS143 is really really i been was very nice. I learnt a lot.,,0,0
UmF0aW5nLTIwNzIwOTM3,13890,Jerry Cain,Stanford University,CSCS10,4.0,3.0,5.0,1.0,2012-10-21,-1,,Very nice one.,,0,1
UmF0aW5nLTI4NzM5MjMz,121246,Joel Voldman,Massachusetts Institute of Technology,6.002,1.0,1.0,1.0,5.0,2017-10-12,0,,Professor Voldman does not do a good job actually teaching material. He relies on gimmicks and random useless demos but does not actually teach anything. The labs for the class are not helpful for learning material. I did not feel like I have learned anything from the class. Tests are ridiculously hard and basically impossible.,Tough Grader,0,0
UmF0aW5nLTI0Mzc2MTU5,121246,Joel Voldman,Massachusetts Institute of Technology,SIX777,5.0,5.0,5.0,3.0,2015-02-11,-1,,"Eloquent, good at what he does",,0,0
UmF0aW5nLTEzNDU1MTAx,121246,Joel Voldman,Massachusetts Institute of Technology,SIX777,4.0,4.0,4.0,4.0,2007-09-03,-1,,Smart guy. Expect a lot of work. Generally friendly. Sometimes tries to make things seem simpler than they really are.,,0,0
UmF0aW5nLTI5NDk1Mzg2,398125,John Belcher,Massachusetts Institute of Technology,8.02TEAL,5.0,5.0,5.0,3.0,2018-01-23,1,B+,"I don't know why there's so much hate, but Prof. Belcher is PHENOMENAL. I wasn't in his class, but I did go to Office Hours and asked him questions outside of class. He's a VERY KIND, CARING professor who actually DO want you to do well and is willing to accommodate any extenuating circumstances. A terrific human being and teacher.",Respected--Inspirational--Caring,0,1
UmF0aW5nLTEyMTE5NTM2,398125,John Belcher,Massachusetts Institute of Technology,802,1.0,1.0,1.0,5.0,2006-07-31,-1,,"I was .4 points from passing, and he failed me.",,1,1
UmF0aW5nLTEwNDYyMjg5,398125,John Belcher,Massachusetts Institute of Technology,802,5.0,5.0,5.0,3.0,2005-09-29,-1,,"I thought he was great.  Helpful, nice, really cares about teaching and helping you to learn.  If people complain it's because they didn't want to take physics in the first place.  Given that it's a requirement, you should do your best to get him.",,1,0
UmF0aW5nLTM3OTg0NDQ=,398125,John Belcher,Massachusetts Institute of Technology,802,3.0,2.0,3.0,4.0,2005-05-05,-1,,ugh...teal,,0,0
UmF0aW5nLTM1ODQ4OTQ1,398125,John Belcher,Massachusetts Institute of Technology,802T,5.0,5.0,5.0,4.0,2022-02-12,1,B,"Belcher cares and wants to help you succeed, but you have to try and stick with the subject.",Gives good feedback--Accessible outside class--Get ready to read,0,0
UmF0aW5nLTI5OTk3NTg1,398125,John Belcher,Massachusetts Institute of Technology,802T,3.0,3.0,3.0,4.0,2018-05-05,1,B+,Prof. John Belcher is one of the Professors from Physics that Challenge you . He is a genius physicist but you need to spend to many hours in their class . Sof&iacute;a,Tough Grader--TEST HEAVY,2,1
UmF0aW5nLTI4MDgwNzA0,398125,John Belcher,Massachusetts Institute of Technology,802T,3.0,3.0,3.0,3.0,2017-04-19,1,A+,John Belcher is one of the Greatest  Professor of Physics at Massachusetts Institute of Technology.  You come to MIT to be challenge . So many students cry because he failed me . He don't failed you. You failed yourself. If you're not ready for MIT go to University of Puerto Rico Mayagüez.,Tough Grader--Respected--Get ready to read,4,0
UmF0aW5nLTExNzc4NzYw,398125,John Belcher,Massachusetts Institute of Technology,802T,4.0,3.0,4.0,3.0,2006-04-27,-1,,His lectures could be better but he's really helpful if you go to him for help outside of class. He'll spend a lot of his time figuring out what you don't understand and clarifying.,,0,0
UmF0aW5nLTMwOTA3NDg=,398125,John Belcher,Massachusetts Institute of Technology,802T,3.0,3.0,3.0,1.0,2004-12-21,-1,,A nice guy! Liked his voice. The class is just so easy that I taught at times that he is just making it so easy.,,0,0
UmF0aW5nLTIyODIzNjg=,398125,John Belcher,Massachusetts Institute of Technology,802T,2.0,1.0,2.0,3.0,2004-06-29,-1,,"Belcher rambles and is totally unhelpful.  He's nice, but that doesn't mean much when you don't know jack about E&M.",,0,0
UmF0aW5nLTIwNTc5MzQ=,398125,John Belcher,Massachusetts Institute of Technology,802T,3.0,2.0,3.0,3.0,2004-04-29,-1,,Really old.  He kind of wanders through his points and his speech.  The class is two hours a day of bad.,,0,0
UmF0aW5nLTI3OTc1NTEw,398125,John Belcher,Massachusetts Institute of Technology,PHYS802,3.0,3.0,3.0,4.0,2017-03-31,0,A-,If you love Physics he will challenge you .  So many students don't like him because no extra credit. He is a very brilliant professor and if you study superb hard you can earn a good grade.  For Physics and Nuclear Science and Engineering majors he provided a very strong background in Physics. I like its class,Tough Grader--GRADED BY FEW THINGS--LECTURE HEAVY,5,0
UmF0aW5nLTQyNzQ5MzYw,1621181,John DeNero,University of California Berkeley,61A,4.0,4.0,4.0,3.0,2026-03-28,1,A-,Istg he sounds like Mark Rober but he's a pretty chill guy,Amazing lectures --Inspirational--Lots of homework,0,0
UmF0aW5nLTQyNjg1OTkz,1621181,John DeNero,University of California Berkeley,61A,5.0,5.0,5.0,1.0,2026-03-11,1,A,THE GOAT! THE GOOOAAAATTTT!!!! THE GOOOOOOOOOAAAAAAAAAATTTTTTTTT!!!!!!!!!,Inspirational--Hilarious--Caring,0,0
UmF0aW5nLTQyMzY4NjY4,1621181,John DeNero,University of California Berkeley,61A,5.0,5.0,5.0,3.0,2025-12-21,1,A-,"This class was incredibly interesting and fun. All of the course staff are extremely helpful, it makes you really enjoy coding.",Clear grading criteria--Respected,0,0
UmF0aW5nLTQyMzYxMzQw,1621181,John DeNero,University of California Berkeley,61A,5.0,5.0,5.0,2.0,2025-12-20,1,A+,He is the goat. Did 6 7 in one of the lectures at the beginning of the course and it became a legendary highlight.,Inspirational--Caring--Respected,1,0
UmF0aW5nLTQyMjE5NTc1,1621181,John DeNero,University of California Berkeley,61A,4.0,4.0,4.0,4.0,2025-12-13,1,A,"I enjoyed the course content of 61A, and DeNero taught very well. I will say that his use of pensieve, an AI grading software developed by old students of his, is lowk corrupt (he pays thousands of extra dollars to the company over using gradescope) and detracts from learning (we don't learn to use github like we would with gradescope).",,0,1
UmF0aW5nLTQyMDQ3MDIx,1621181,John DeNero,University of California Berkeley,61A,3.0,3.0,3.0,5.0,2025-12-05,-1,,hard midterms,,0,0
UmF0aW5nLTQxNjI1NzUy,1621181,John DeNero,University of California Berkeley,61A,5.0,5.0,5.0,4.0,2025-09-06,1,A,"I went into this class with little interest in CS and came out loving it!! CS61A focuses on restructuring how you logically think. As such, I felt like I came out of this class smarter, both in coding and in general! Also, the class felt fair to me (I'm not cracked at CS). DeNero is also so nice and funny - he once played the banjo in class. :)",Hilarious--Caring--Respected,1,0
UmF0aW5nLTQxNTgxODQz,1621181,John DeNero,University of California Berkeley,61A,5.0,5.0,5.0,2.0,2025-08-18,1,A-,HE IS A LEGEND,Inspirational--Caring--Respected,1,0
UmF0aW5nLTQxNTE4NDgw,1621181,John DeNero,University of California Berkeley,61A,1.0,1.0,1.0,5.0,2025-07-23,-1,,"His exams are brutal and he says we should study using past exams, but they don't really help since he changes the material in a way where you have to apply different topics knowledge and it really doesn't have a pattern as he says the exams does in lecture.",Lots of homework--Test heavy,1,1
UmF0aW5nLTQxNTE4NDc4,1621181,John DeNero,University of California Berkeley,61A,1.0,1.0,1.0,5.0,2025-07-23,-1,,So difficult to take this class and he does not help kids who come from non-CS backgrounds. ,Lecture heavy,0,1
UmF0aW5nLTQxNTE4NDc1,1621181,John DeNero,University of California Berkeley,61A,1.0,1.0,1.0,5.0,2025-07-23,-1,,Only accommodates a certain number of students during office hours and only holds 1 hour office hours which does not help at all when multiple students have multiple questions. He also gets stumped on some questions and asked me to skip that question yet those type of questions show up on our exams.,Tough grader--Lots of homework--Lecture heavy,1,0
UmF0aW5nLTQxNTE4NDcy,1621181,John DeNero,University of California Berkeley,61A,1.0,1.0,1.0,5.0,2025-07-23,-1,,"Horrible Professor he literally cannot teach, he just teaches random easy questions and never goes in detail to exam-style questions.",Tough grader--Lecture heavy,0,2
UmF0aW5nLTQxNTA4MzI5,1621181,John DeNero,University of California Berkeley,61A,5.0,5.0,5.0,4.0,2025-07-18,1,B,"I struggled a lot in this class but I can say for sure that Denero was a very helpful and fun professor to listen to. He does a really good job at explaining the material and making it engaging! However, I can't stress enough to not fall behind in this class. Make sure to watch the videos, go to lecture, and attend office hours!",Amazing lectures --Hilarious--Lecture heavy,1,0
UmF0aW5nLTQxNTAyMTQ3,1621181,John DeNero,University of California Berkeley,61A,5.0,5.0,5.0,3.0,2025-07-15,1,A,"For context: Scratch in 7th grade was my only prior programming experience. 

I did not show up to a single lecture and opted out of in-person labs/discussions but I found that the videos prof. DeNero made, along with the lab and discussion assignments were more than enough to learn programming logic. The exams were challenging but time was enough.",,1,0
UmF0aW5nLTQxNDk5Nzcz,1621181,John DeNero,University of California Berkeley,61A,1.0,1.0,1.0,5.0,2025-07-14,-1,,"Terrible professor, I would never take again. Does not care for students at all and does everything in his power to fail them.",,0,0
UmF0aW5nLTQxNDkyNTgy,1621181,John DeNero,University of California Berkeley,61A,1.0,1.0,1.0,4.0,2025-07-10,-1,A-,"The class is harder in the spring, dont believe me? check btime for the averages in spring vs fall. Does not teach concepts well, be ready to pretty much teach yourself everything. The professor barely does anything--the TAs, academic tutors, academic interns pretty much run the whole class. Came into the class with no programming experience.",Tough grader,0,0
UmF0aW5nLTQxNDUyNjEw,1621181,John DeNero,University of California Berkeley,61A,5.0,5.0,5.0,4.0,2025-06-21,1,A,DeNero really cares and encourages lots of questions during lecture.  Exams can be challenging but are fair; They are very similar to previous exams so if you do alot of practice tests it should be doable.  Watching the videos and going to lecture provides really good practice for doing exam problems; HW and lab supplement material well.,Caring--Respected--Test heavy,0,0
UmF0aW5nLTQxMzU2MjY4,1621181,John DeNero,University of California Berkeley,61A,5.0,5.0,5.0,4.0,2025-05-24,1,A,"CS 61A is amazing! I attended this class without any experience in programming (not recommended), so I had a hard time following the class. However, the professor provided a lot of resources for me to learn (lab, discussion, etc.), enabling me to learn recursion, trees, and many other programming techniques in 3 months! That was so cool, bro!",Amazing lectures --Inspirational--Lecture heavy,0,0
UmF0aW5nLTQxMTcxNjc3,1621181,John DeNero,University of California Berkeley,61A,1.0,1.0,1.0,5.0,2025-05-06,-1,,This professor makes sure students don't enjoy coding and he just wants 61A (an intro class) to act as a weeder class and demotivate students from pursuing Computer Science.,Tough grader--Test heavy,0,1
UmF0aW5nLTQxMTcxNjYz,1621181,John DeNero,University of California Berkeley,61A,1.0,1.0,1.0,5.0,2025-05-06,-1,,Professor really should start just doing past paper questions in lecture with us to explain the problems otherwise just teaching syntax and an easy past paper problem will not help on exams. ,Tough grader--Lots of homework--Lecture heavy,0,0
UmF0aW5nLTQxMTcxNjI5,1621181,John DeNero,University of California Berkeley,61A,1.0,1.0,1.0,5.0,2025-05-06,-1,A-,"To be honest if I didn't have prior coding experience in Python I would have not got an A- in this class. Most of the 5.0 star reviews are from students who have had programming experience and even a lot of students have done USACO which explains why they enjoy the class not necessarily the professor's teaching style. Denero, make the class better!",Tough grader--Get ready to read,0,0
UmF0aW5nLTQxMTQwMDY3,1621181,John DeNero,University of California Berkeley,61A,5.0,5.0,5.0,3.0,2025-05-02,1,Not sure yet,"Super organized class, so many resources available. Not nearly as hard as Reddit says as long as you stay on top of your work. Must take class at Cal. ",Clear grading criteria--Test heavy--Accessible outside class,0,0
UmF0aW5nLTQwOTE1MTUy,1621181,John DeNero,University of California Berkeley,61A,5.0,5.0,5.0,3.0,2025-04-10,1,A-,"Ignore the review bombers, John DeNero is an absolutely legendary professor. Even though I was 1 point of an A which hurts, I can still say that he is one of the best professors I have ever had.",Inspirational--Hilarious--Respected,1,0
UmF0aW5nLTQwOTAwNjgz,1621181,John DeNero,University of California Berkeley,61A,5.0,5.0,5.0,3.0,2025-04-09,1,,I didn't want to do CS but switched after taking his course.,Amazing lectures --Inspirational--Respected,0,0
UmF0aW5nLTQwODk4NTQ3,1621181,John DeNero,University of California Berkeley,61A,5.0,5.0,5.0,5.0,2025-04-09,1,B,"The curriculum and lectures DeNero has set up will not only push your knowledge about computer programming to new heights. The lectures build essential foundational knowledge, and the curriculum ensures a deep understanding of core concepts. This means challenging exams but once you practice those enough, you'll be fine even with no experience.",Amazing lectures --Caring--Test heavy,0,0
UmF0aW5nLTQwODc4OTAx,1621181,John DeNero,University of California Berkeley,61A,1.0,1.0,1.0,5.0,2025-04-06,-1,,There should be some more experienced professor who has some senior standing in the CS department as more experience = better learning for students.,Tough grader--Lecture heavy--Test heavy,0,3
UmF0aW5nLTQwODY3MzE4,1621181,John DeNero,University of California Berkeley,61A,1.0,1.0,1.0,5.0,2025-04-03,-1,,He is one of the professors who releases all of his past exams sine they are not similar in any way to the actual exams you get. Maybe just syntax wise its similar because the class is in Python but logic-wise it is quite different every year. If you have done computing olympiads you are fine though.,Tough grader--Test heavy,0,3
UmF0aW5nLTQwODU0NDYx,1621181,John DeNero,University of California Berkeley,61A,5.0,5.0,5.0,3.0,2025-04-01,1,A+,"I took 61A with John DeNero, and he is one of the better professors I've had. The tests in his class were really consistent from year to year, so I always knew what to expect and could prepare well. He genuinely cared about making the material understandable and engaging, and his motivation made me want to push through even the tough stuff.",Clear grading criteria--Inspirational--Respected,0,0
UmF0aW5nLTQwODA0NDA4,1621181,John DeNero,University of California Berkeley,61A,1.0,1.0,1.0,5.0,2025-03-23,-1,,His midterms are very difficult compared to what he talks about in class. Lets say in class he teaches you only something like a print statement. On the exam he will give you a for loop without explanation on how a for loop works.,Tough grader,0,5
UmF0aW5nLTQwODA0Mzk4,1621181,John DeNero,University of California Berkeley,61A,1.0,1.0,1.0,5.0,2025-03-23,-1,,"Worst professor for CS61A, he is just hyped up because he's a nice guy but as far as teaching goes please learn CS61A content before you take the class as Professor Denero is of no use.",Tough grader--Lecture heavy--Online Savvy,0,6
UmF0aW5nLTQwNzY1NTMz,1621181,John DeNero,University of California Berkeley,61A,1.0,1.0,1.0,4.0,2025-03-13,-1,,"For this class I really wish i could be curved at the end but turned out its not even curved even few points. Even though the lecture was pre-recorded, for some reason the professor is not as good as I thought. Be careful!",,0,6
UmF0aW5nLTQwNjY2ODEy,1621181,John DeNero,University of California Berkeley,61A,1.0,1.0,1.0,4.0,2025-02-12,-1,,Professor Denero is nothing close to Harvard's CS50's professor so I don't know why many students at Berkeley compare him to this professor. If Denero even wants to step into CS50's league then he should probably teach in correspondence to the syllabus during lecture. Everyone stop going with the herd and giving this professor fake 5.0 stars. ,Tough grader--Test heavy,0,8
UmF0aW5nLTQwNjM4NTY3,1621181,John DeNero,University of California Berkeley,61A,5.0,5.0,5.0,3.0,2025-02-04,1,B+,"DeNero is a great and clear lecturer. The class is formatted very well, and you'll do well as long as you're exposing yourself to the content in some way each week and staying on top of your work. While difficult, 61A was a great class to take.",Get ready to read--Amazing lectures --Inspirational,0,0
UmF0aW5nLTQwNTkxNTAz,1621181,John DeNero,University of California Berkeley,61A,5.0,5.0,5.0,3.0,2025-01-23,1,A,"John D has a very unique persona, he teaches in a way that makes everything much simpler than it seems. 

Definitely be aware of mid term 2 and stay on track because he is a fast pace lecturer.",Amazing lectures --Clear grading criteria--Inspirational,0,0
UmF0aW5nLTQwNDA1MzIz,1621181,John DeNero,University of California Berkeley,61A,5.0,5.0,5.0,3.0,2024-12-21,1,Not sure yet,"What a wonderful class! great experience overall, helpful course staff and well-structured content. Great lectures from denero",Participation matters--Amazing lectures --Inspirational,0,0
UmF0aW5nLTQwMzQ4NTU1,1621181,John DeNero,University of California Berkeley,61A,5.0,5.0,5.0,3.0,2024-12-17,1,Not sure yet,I love Prof. Denero. His tests are a bit tricky but he covers content in depth. Best professor on campus.,Inspirational--Hilarious--Caring,0,0
UmF0aW5nLTQwMjE4Nzk1,1621181,John DeNero,University of California Berkeley,61A,5.0,5.0,5.0,3.0,2024-12-13,1,Not sure yet,Chill dude. He's a mascot of the CS department and makes everything accessible to people who are interested in this course. He gives very fair tests and projects that prepare you for skill sets. I hope anyone interested take this class for PNP. There is a reason why he is 61A prof.,Amazing lectures --Inspirational--Respected,0,0
UmF0aW5nLTQwMTY1MzUz,1621181,John DeNero,University of California Berkeley,61A,5.0,5.0,5.0,3.0,2024-12-09,1,A-,"Amazing professor. Lucky to have as someone fresh into cs/ds. Very inspirational, you can sense he's actually passionate about the subject and about teaching. Really fun and clear lectures and grading schemes. Likes to give a final lecture on how we are going to become amazing people in life - which I adore.",Amazing lectures --Inspirational--Respected,0,0
UmF0aW5nLTM5ODY1NjUy,1621181,John DeNero,University of California Berkeley,61A,2.0,2.0,2.0,4.0,2024-10-29,-1,Drop/Withdrawal,I hate waking up ,Tough grader--Hilarious--Test heavy,0,2
UmF0aW5nLTM5Nzg3NjM4,1621181,John DeNero,University of California Berkeley,61A,5.0,5.0,5.0,4.0,2024-10-04,1,,good good good!,EXTRA CREDIT--Amazing lectures --Inspirational,0,0
UmF0aW5nLTM5NDg4NTIy,1621181,John DeNero,University of California Berkeley,61A,5.0,5.0,5.0,5.0,2024-05-18,1,B+,"As someone with no previous coding experience, this class was very hard to do well in. It is very easy to pass the class though if you finish all of the homeworks, labs, & projects. The exams are extremely hard, partial credit is nice though. Lecture format was not for me, had to watch videos before class. Study with other people & pray on exams ",Clear grading criteria--Respected--Lecture heavy,0,0
UmF0aW5nLTM5MzY3NTUx,1621181,John DeNero,University of California Berkeley,61A,5.0,5.0,5.0,4.0,2024-05-05,1,Not sure yet,"Really funny guy, but you could tell especially from his last lecture that he cares a lot about this subject and its impacts on the world as a whole. He's a great teacher, but this class is honestly a lot more dependent on your own efforts regardless of how good the professor is.",,0,0
UmF0aW5nLTM5MDcwMjk4,1621181,John DeNero,University of California Berkeley,61A,5.0,5.0,5.0,3.0,2024-03-20,1,,Unbelievably talented and diligent professor who is great at teaching material. The EECS/CDSS department is lucky to have this legend.,,2,0
UmF0aW5nLTM4OTI3MjQ4,1621181,John DeNero,University of California Berkeley,61A,5.0,5.0,5.0,4.0,2024-01-26,1,A,THE GOAT PROFESSOR :) Inspires me to pursuit a CS major!,Inspirational--Lots of homework--Respected,0,0
UmF0aW5nLTM4Nzk2ODk1,1621181,John DeNero,University of California Berkeley,61A,1.0,1.0,1.0,5.0,2023-12-26,-1,Rather not say,"The exams were too hard compared to homework, labs, and projects. Whatever you practice during the semester, expect it to be twice as hard on the exams. Scheme was the least enjoyable part of the course, ... and useless... ",Tough grader,0,1
UmF0aW5nLTM4Nzg2OTYy,1621181,John DeNero,University of California Berkeley,61A,5.0,5.0,5.0,3.0,2023-12-24,1,Not sure yet,"Denero is a unique professor to take in CS61A. Use clear examples that explain code and the strategies you can expect from solving complex tasks/problems. He welcomes any questions that arise mid-lecture lecture, allowing students to ask a variety of coding solutions or general questions. Great professor for any student (even freshmen/transfer)!",Amazing lectures --Gives good feedback--Online Savvy,1,0
UmF0aW5nLTM4NzY2OTY1,1621181,John DeNero,University of California Berkeley,61A,5.0,5.0,5.0,3.0,2023-12-21,1,A,Inspiring. The best. The greatest. GOAT,Amazing lectures --Inspirational--Caring,0,0
UmF0aW5nLTM4NzY0Njgy,1621181,John DeNero,University of California Berkeley,61A,5.0,5.0,5.0,4.0,2023-12-21,1,A,"really good at explaining concepts, encourages questions & won't make you feel stupid when you ask questions during lab/lecture, super nice and approachable outside of class too (like on ed or via email)

the class grade bins are pretty difficult if you're aiming for an A/A+ but still somewhat doable if you get all the EC/hw/lab/discussion points",Amazing lectures --Caring--Respected,0,0
UmF0aW5nLTM4NTI4MzQ3,1621181,John DeNero,University of California Berkeley,61A,4.0,4.0,4.0,5.0,2023-12-05,1,Not sure yet,"Good professor who has a good sense of humor. 61a for me was just very hard, but grade bins are fair enough to pass (C) even if you basically bomb all your exams. ",,0,0
UmF0aW5nLTM4NDM5NjY1,1621181,John DeNero,University of California Berkeley,61A,5.0,5.0,5.0,4.0,2023-11-27,1,Not sure yet,great lectures but very hard exams,Inspirational--Respected,0,0
UmF0aW5nLTM4MzI3MjM0,1621181,John DeNero,University of California Berkeley,61A,5.0,5.0,5.0,3.0,2023-11-01,1,,"Simply, the best professor in this world! His lectures are amazing, and the class is super interesting and well constructed.",Amazing lectures --Gives good feedback--Inspirational,0,0
UmF0aW5nLTM4MjUzMTQ1,1621181,John DeNero,University of California Berkeley,61A,5.0,5.0,5.0,2.0,2023-10-04,1,A,He is amazing!,,0,0
UmF0aW5nLTM4MjE0NjE1,1621181,John DeNero,University of California Berkeley,61A,5.0,5.0,5.0,2.0,2023-09-13,1,,Prof DeNero's way of approaching the paradigm of Programming gave me a new perspective of thinking and approaching problems. Moreover the lecture series of 61A is very organised is the best introductory course for beginners in programming. ,Amazing lectures --Inspirational--Respected,0,0
UmF0aW5nLTM4MjA5MjUx,1621181,John DeNero,University of California Berkeley,61A,2.0,2.0,2.0,5.0,2023-09-08,-1,Rather not say, ,,0,0
UmF0aW5nLTM4MjAxMjAz,1621181,John DeNero,University of California Berkeley,61A,4.0,4.0,4.0,3.0,2023-09-03,1,,"Great guy, sometimes lectures got pretty complex and hard to follow but overall a great lecturer for a hard course.",Inspirational--Test heavy,0,0
UmF0aW5nLTM4MTc3Nzg4,1621181,John DeNero,University of California Berkeley,61A,5.0,5.0,5.0,3.0,2023-08-21,1,A,"DeNero is a fantastic lecturer. 61A is challenging, but if you put in the effort, you can easily succeed.",Inspirational--Lots of homework--Respected,0,0
UmF0aW5nLTM4MTU1MTI5,1621181,John DeNero,University of California Berkeley,61A,5.0,5.0,5.0,4.0,2023-08-09,1,A-,"Engaging lecturer, adds his sense of humor during lectures, generally responds to emails.",Tough grader--Amazing lectures --Online Savvy,1,0
UmF0aW5nLTM4MDg1ODEw,1621181,John DeNero,University of California Berkeley,61A,5.0,5.0,5.0,4.0,2023-07-04,1,A,"I did not start as a CS/DS major and never thought I would become one, but DeNero made me love data science, so I took CS61A with him again. His lectures are so amazing that you don't want to miss any lecture even though attendance is not required. All the projects are super fun. You can tell they put a lot of effort into designing the curriculum. ",Amazing lectures --Lots of homework--Hilarious,1,0
UmF0aW5nLTM3OTI5NDEz,1621181,John DeNero,University of California Berkeley,61A,5.0,5.0,5.0,5.0,2023-05-15,1,A-,"Professor DeNero definitely cares about his students and is easy to talk to in office hours. His lectures are very example-heavy, but he explains concepts clearly as well, and in 61A there are a lot of self-paced materials if you don't prefer his lecture style. 10/10 would hydra again (fall 2022 gang)",Tough grader--Test heavy--Accessible outside class,0,0
UmF0aW5nLTM3OTIxNTkx,1621181,John DeNero,University of California Berkeley,61A,5.0,5.0,5.0,4.0,2023-05-14,1,A,good prof,Tough grader--Clear grading criteria--Test heavy,0,0
UmF0aW5nLTM3Njk2MzQ0,1621181,John DeNero,University of California Berkeley,61A,5.0,5.0,5.0,2.0,2023-04-24,1,A,DeNero is a treat to behold! He made computer science very interesting and fun and inspired me to follow this major!,Inspirational--Hilarious--Caring,1,0
UmF0aW5nLTM3NTE2NjMx,1621181,John DeNero,University of California Berkeley,61A,5.0,5.0,5.0,4.0,2023-03-19,1,Not sure yet,"CS61a is the best class I have ever taken. DeNero is an amazing professor that does the most for his students. This class is pretty difficult, but it teaches you SO much and your grade reflects your knowledge fairly well.",Amazing lectures --Inspirational--Respected,0,0
UmF0aW5nLTM3NTEwMTA3,1621181,John DeNero,University of California Berkeley,61A,3.0,3.0,3.0,5.0,2023-03-16,1,B-,Honestly didn't like him and found his lectures super confusing and his voice very annoying. As someone completely new to programming I was lost the entire semester.,,1,4
UmF0aW5nLTM3NTA1ODcz,1621181,John DeNero,University of California Berkeley,61A,5.0,5.0,5.0,3.0,2023-03-14,1,A-,Very good,,1,0
UmF0aW5nLTM3Mzc5NDAw,1621181,John DeNero,University of California Berkeley,61A,5.0,5.0,5.0,4.0,2023-01-26,1,A+,"Such an amazing lecturer. Spongebobesque voice actually makes lectures interesting to listen to (even listening to him reading off slides is fun). Gives excellent and concise answers to questions. 

The course itself was very well designed in my opinion. Easy to get a perfect score on non-exam stuff and exams are kind of fun, like brain teasers.",Amazing lectures --Respected--Online Savvy,2,0
UmF0aW5nLTM3MjkxMDU2,1621181,John DeNero,University of California Berkeley,61A,5.0,5.0,5.0,4.0,2023-01-06,1,A-,"DeNero is an epic professor. He rides an electric unicycle, does OH w/ his dog, and is insanely skilled in Python/Scheme/SQL. He preps 30 min of content for 1hr lecture blocks intending to be stopped by questions that really help understanding.
Test questions are hard but doing old exams to pattern match is very helpful.",Test heavy--Graded by few things,0,0
UmF0aW5nLTM3Mjc5MTQ4,1621181,John DeNero,University of California Berkeley,61A,4.0,4.0,4.0,2.0,2023-01-03,-1,B,"Very well spoken staff who are very eager to support students, but practice work just felt lazy. Honestly just stopped going after I got enough points for a B; dreadfully boring practice for actually very interesting content so I just lost interest.",,0,0
UmF0aW5nLTM3Mjc4ODky,1621181,John DeNero,University of California Berkeley,61A,4.0,4.0,4.0,3.0,2023-01-03,1,A-,"Lecture is so super nice! The professor explain the concept in a clear approach. However, although the professor said 61A has NO CURVE at the beginning of the course, he did implement some sort of ""curve"" through a non-transparent clobber policy. Also, in Fall 2022, the grading bin for an A was raised from 285 to 290, which makes everything harder.",Tough grader--Amazing lectures --Caring,0,0
UmF0aW5nLTM3MjcxNDU5,1621181,John DeNero,University of California Berkeley,61A,5.0,5.0,5.0,3.0,2023-01-02,1,A,"Definitely go to lectures, as they're very engaging and useful. Overall a great class and intro to CS",Amazing lectures ,0,0
UmF0aW5nLTM3MDQ1NDk4,1621181,John DeNero,University of California Berkeley,61A,5.0,5.0,5.0,5.0,2022-12-09,1,C,"DeNero is awesome. 61a was a HARD class, I'm PNPing it and going to P, but luckily just using it as a prerequisite for my DS minor. Lectures can move kinda fast, so pay attention, and if you miss anything make sure to get help. The course staff are super helpful. 61a is a fairly easy class to pass, but IMO hard to get a B or an A in. ",Tough grader--Hilarious--Respected,0,0
UmF0aW5nLTM2OTUxMzU4,1621181,John DeNero,University of California Berkeley,61A,5.0,5.0,5.0,3.0,2022-12-02,1,A-,"really, really good lecturer",Amazing lectures --Inspirational--Caring,0,0
UmF0aW5nLTM2Njg0MjE1,1621181,John DeNero,University of California Berkeley,61A,5.0,5.0,5.0,5.0,2022-10-07,1,A,"Professor Denero's 61A lectures are absolutely phenomenal. The clarity of thought, intuitive organization of ideas, instructive examples, and philosophy-based analogies are just incredible. I literally can't offer critique. Exams are ridiculously challenging (he admittedly struggles to solve some of them himself,) but that's more an EECS problem.",EXTRA CREDIT--Amazing lectures --Inspirational,0,0
UmF0aW5nLTM2NDQzNTMz,1621181,John DeNero,University of California Berkeley,61A,5.0,5.0,5.0,5.0,2022-06-06,1,B,"Class is naturally hard, especially without coding experience, so you really gotta keep up with the content. He's really kind and generous; one of my favorite professors here!!!",Amazing lectures --Clear grading criteria--Caring,0,0
UmF0aW5nLTM2NDI0NjI1,1621181,John DeNero,University of California Berkeley,61A,5.0,5.0,5.0,5.0,2022-05-31,1,A,This man changed my life. CS 61A has changed my life. Amazing class. Must take at Berkeley.,,0,0
UmF0aW5nLTM0MTQ2NDg1,1621181,John DeNero,University of California Berkeley,61A,5.0,5.0,5.0,3.0,2020-12-19,1,A-,"Professor Denero's lectures are very interesting and are frequently re-recorded but source older lectures too. Almost every assignment had extra (optional) practice problems and all of the projects have some extra credit opportunities. I never attended live lectures but they would've helped a lot. Optional contests are fun too, lots of opportunity",Respected--Clear grading criteria--EXTRA CREDIT,1,0
UmF0aW5nLTM0MTQ2Mjg3,1621181,John DeNero,University of California Berkeley,61A,5.0,5.0,5.0,3.0,2020-12-19,1,A-,"Took this class asynchronously, Professor Denero posts his lectures on YouTube in playlists and they are so captivating and fun. Lectures are great to help with homework and the TA's usually post hint videos. Denero has lots of experience and knowledge and it was a pleasure to take his class",Respected--Amazing lectures--Caring,1,0
UmF0aW5nLTM0MTM5ODY4,1621181,John DeNero,University of California Berkeley,61A,1.0,1.0,1.0,4.0,2020-12-18,0,B,"Overrated. HW/projects are too easy/useless. Exams are your real grade, but mostly test riddle solving, not programming. They're confusing to read/poorly written. I scored much higher on past exams not written by Denero, when practicing for his exams. People that defend &quot;Daddy&quot; are brainwashed, and sound like cult members. Avoid to save GPA.",,1,2
UmF0aW5nLTMzNzkxNDI0,1621181,John DeNero,University of California Berkeley,61A,5.0,5.0,5.0,4.0,2020-11-10,1,A-,"Most of the low reviews in this site for CS61A are clearly by people who didn't study. There's lots of work, but it's purposeful. The exams are hard, but doable (if you study). This is not just another &quot;introductory course&quot;, it's a well taught class which prepares for real CS, rather than just teaching to be a code monkey.",Respected--Test heavy--Clear grading criteria,1,2
UmF0aW5nLTMzNTk3NDc4,1621181,John DeNero,University of California Berkeley,61A,1.0,1.0,1.0,3.0,2020-08-19,0,Not sure yet,Stop hyping this man to be the best professor of all time. He was pretty dry in lecture and the class overall is boring/uninteresting. The exams try to trip you up and is not an indicator of actual retention of computer science as this is still an &quot;introductory&quot; course. People like him because he likes to pretend that CS is E for everyone.,Lots of homework,3,1
UmF0aW5nLTMzMzg4Mjg1,1621181,John DeNero,University of California Berkeley,61A,5.0,5.0,5.0,1.0,2020-05-29,1,A+,John DeNero made my CS 61A a lot more enjoyable. He gives amazing lectures and the tests are not hard as long as you study enough.,Inspirational--Test heavy--Amazing lectures,1,0
UmF0aW5nLTMzMzM4MzU2,1621181,John DeNero,University of California Berkeley,61A,5.0,5.0,5.0,5.0,2020-05-20,1,,"No matter how many times computer science made me want to cry (luckily I'm not majoring in it) I could never blame that on DeNero. He did his very best to help me learn, and although I felt like I was drowning at some points and struggling to keep up, I really feel proud of myself for getting through it now. It was worth it, so thank you.",Respected--Lots of homework--Inspirational,1,0
UmF0aW5nLTMzMTg2ODYw,1621181,John DeNero,University of California Berkeley,61A,5.0,5.0,5.0,4.0,2020-05-03,1,A+,Daddy DeNero is the best,Inspirational--Test heavy--Amazing lectures,1,1
UmF0aW5nLTMyODA1NDA2,1621181,John DeNero,University of California Berkeley,61A,1.0,1.0,1.0,5.0,2020-01-07,0,B,"This guy cares more about grade distribution than his students' success. Easy projects and homework, but extremely unnecessary tricky exams, which make no sense for first CS class for many students. Boring lectures, which never get updated. The only good thing about this class is the Piazza community. Regret taking this class. Such a nightmare!!!!",Skip class? You won't pass.--Graded by few things--Tough grader,2,1
UmF0aW5nLTMxMDc4ODY0,1621181,John DeNero,University of California Berkeley,61A,5.0,5.0,5.0,4.0,2018-12-18,1,A-,One of the best professors here at Berkeley. A must take!,Inspirational--ACCESSIBLE OUTSIDE CLASS--Amazing lectures,1,0
UmF0aW5nLTMwOTcwNDk2,1621181,John DeNero,University of California Berkeley,61A,5.0,5.0,5.0,4.0,2018-12-11,1,Not sure yet,John is one of the best professors here at Berkeley. Everyone knows he's an accomplished computer scientist (he created Google Translate) but he remains very humble and makes CS understandable for all. If you want to learn a lot take DeNero. The class is challenging and moves extremely fast but the resources are there to help you succeed!,Respected--LOTS OF HOMEWORK--GROUP PROJECTS,1,1
UmF0aW5nLTMwNjEzMDgw,1621181,John DeNero,University of California Berkeley,61A,5.0,5.0,5.0,3.0,2018-10-25,1,A+,"His lectures are great, and I actually looked forward to the homework and projects.",Respected--Clear grading criteria--Amazing lectures,1,1
UmF0aW5nLTI4Mjg4OTI5,1621181,John DeNero,University of California Berkeley,61A,5.0,5.0,5.0,5.0,2017-05-11,1,B+,He's overall a really good teacher. He explains everything relatively well considering it's a pretty intense programming course. The projects weren't too bad as they were just based off completion. Just be prepared for really difficult exams; it's what wrecked my grade in the end.,Respected--Amazing lectures--LECTURE HEAVY,5,1
UmF0aW5nLTI4MTU3MzM0,1621181,John DeNero,University of California Berkeley,61A,5.0,5.0,5.0,2.0,2017-04-28,1,,Very nice professor.,Gives good feedback--Respected--Inspirational,1,0
UmF0aW5nLTI3NTQ5NzYy,1621181,John DeNero,University of California Berkeley,61A,5.0,5.0,5.0,5.0,2016-12-17,1,A-,Not as good as hug but still a great CS prof,Tough Grader--TEST HEAVY--Caring,1,0
UmF0aW5nLTI3MDg0OTU3,1621181,John DeNero,University of California Berkeley,61A,5.0,5.0,5.0,4.0,2016-10-26,1,C+,"Such an amazing professor, I love his class even though it's pretty challenging for me. Provides a ton of support and the projects are super fun! He's also a funny guy and gis lectures aren't boring at all, so that's a plus!",Respected--LOTS OF HOMEWORK--GROUP PROJECTS,3,0
UmF0aW5nLTI2OTI4ODA5,1621181,John DeNero,University of California Berkeley,61A,5.0,5.0,5.0,4.0,2016-08-24,1,B+,"Definitely the best teacher I've had at Cal. He was organized, entertaining, and obviously cares a lot about his students. His class was a blast and made me want to be a CS major.",Respected--Inspirational--Caring,4,1
UmF0aW5nLTI1OTU5NDA3,1621181,John DeNero,University of California Berkeley,61A,5.0,5.0,5.0,4.0,2016-01-18,-1,,"He's great at making the class interesting and really trying to spark the interests of his students. He also genuinely cares about each individual student despite having more than 1000 to deal with. His lectures are informative as well as funny, and he doesn't overload you with work. It's a hard class, but he tries to get you the support you need.",,8,1
UmF0aW5nLTIxNzMxMzM0,1621181,John DeNero,University of California Berkeley,61A,5.0,5.0,5.0,1.0,2013-05-10,-1,,Great professor.,,1,0
UmF0aW5nLTQxNTAxNTEw,1621181,John DeNero,University of California Berkeley,CS011,5.0,5.0,5.0,5.0,2025-07-15,1,A+,Goodddddddddddd,Get ready to read--Inspirational--Beware of pop quizzes,0,0
UmF0aW5nLTE5MDQ4MDE3,1621181,John DeNero,University of California Berkeley,CS011,5.0,5.0,5.0,3.0,2011-10-06,-1,,"It is the first time I use ratemyprofessor! He, the guy named John DeNero, is awesome. That is it.",,1,0
UmF0aW5nLTIwNjUxOTU2,1621181,John DeNero,University of California Berkeley,CS11,5.0,5.0,5.0,3.0,2012-09-19,-1,,"By far the best professor I have this year. His teaching style is very clear and easy to follow, and he knows how to keep you engaged. Everyone applauds at the end of his lectures.",,0,0
UmF0aW5nLTE5MTE5NjEz,1621181,John DeNero,University of California Berkeley,CS113,5.0,5.0,5.0,3.0,2011-10-27,-1,,"My favorite class this year by far. Lectures are interesting, fun, and very knowledge filled. During lecture, I manage to actually laugh at least once, this guy actually has a sense of humor. Loving my TA as well, Eric Tzeng. The tests so far have been tricky but fair.",,0,0
UmF0aW5nLTQzMjEyMzQ0,1621181,John DeNero,University of California Berkeley,CS61A,4.0,4.0,4.0,3.0,2026-05-31,1,,"Clear lectures, fair exams.",,0,0
UmF0aW5nLTQyNjU0Mjk3,1621181,John DeNero,University of California Berkeley,CS61A,5.0,5.0,5.0,4.0,2026-03-01,1,A,"Lectures are clear, although the material is hard.",Clear grading criteria--Hilarious--Respected,0,0
UmF0aW5nLTQyNTM0NzUy,1621181,John DeNero,University of California Berkeley,CS61A,3.0,3.0,3.0,5.0,2026-01-22,1,C+,"CS 61A has insane exam difficulty and a homework load for an intro CS class. Welcome to Berkeley : ).
Homework/Projects are pretty hard, and there's a lot of them. Lectures are very fast-paced, so study beforehand! DeNero made lectures fun with jokes and a conversational tone, and he's kinda just known for being a cool guy (too many 67 jokes tho).",Tough grader--Lots of homework--Hilarious,0,0
UmF0aW5nLTQyNDY0NjMz,1621181,John DeNero,University of California Berkeley,CS61A,4.0,4.0,4.0,4.0,2026-01-08,1,A-,Previous years tests are gonna seem doable but then you take the actual and John Denero steals your wallet and takes your kids. ,Tough grader--EXTRA CREDIT--Clear grading criteria,0,0
UmF0aW5nLTQyNDE1NTc2,1621181,John DeNero,University of California Berkeley,CS61A,5.0,5.0,5.0,4.0,2025-12-30,1,A,"My biggest piece of advice is to take practice exams at the time that your exam will be. Exams for my semester were 7-9/10 PM, so teaching myself to be focused late at night was good. Watch the lecture videos, and do a lot of practice exams. Don't be discouraged by low midterm scores, clobber can come in clutch. Also turn in projects early for EC.",Tough grader--EXTRA CREDIT--Test heavy,1,0
UmF0aW5nLTQyNDA2MDI4,1621181,John DeNero,University of California Berkeley,CS61A,4.0,4.0,4.0,3.0,2025-12-27,1,A+,"Grade bins are super harsh (15/300 pts between A and A-). I didn't attend a single lecture, screwed up on MT2 (scored 80%), forgot to do a dozen homeworks and labs, but somehow recovered my A- to A+ on the final.",Tough grader--EXTRA CREDIT--Respected,0,0
UmF0aW5nLTQyNDA0NTYw,1621181,John DeNero,University of California Berkeley,CS61A,5.0,5.0,5.0,4.0,2025-12-27,1,B+,"Pretty well structured course and ample resources for further learning, though he did not really do any of the lectures which was disappointing. Best advice is to do the practice tests.",,0,0
UmF0aW5nLTQyMzk4MDc5,1621181,John DeNero,University of California Berkeley,CS61A,5.0,5.0,5.0,4.0,2025-12-25,1,A-,"CS61A is a hard course, and you really have to put in the work and time if you don't know CS (or lowkey even if you do). The way DeNero has interpreted and executed this introductory computer science is incredible- he has really created a course that, if desired, is the path for so much learning, epiphany points, and academic growth. Great prof. ",EXTRA CREDIT--Clear grading criteria--Accessible outside class,0,0
UmF0aW5nLTQyMzg5NzQ1,1621181,John DeNero,University of California Berkeley,CS61A,5.0,5.0,5.0,4.0,2025-12-24,1,Not sure yet,"Professor DeNero is very passionate about CS61A, which shows through his lecture style. He led great lectures and helped explain things very clearly. The course definitely provides the necessary materials and resources to be successful despite being challenging, even if you don't have prior computer science knowledge. ",EXTRA CREDIT--Clear grading criteria--Respected,0,0
UmF0aW5nLTQyMzg1MzA0,1621181,John DeNero,University of California Berkeley,CS61A,5.0,5.0,5.0,3.0,2025-12-23,1,A,Tests are challenging and I enjoyed them a lot.,Test heavy,0,0
UmF0aW5nLTQyMzE5NzAw,1621181,John DeNero,University of California Berkeley,CS61A,4.0,4.0,4.0,2.0,2025-12-18,1,Not sure yet,"Great professor, but the exams are rough. The class isn't curved so make sure to study and do a lot of past exam problems. Chances are you need to take this class for credit and not for fun, but Denero is a great professor to have.",Tough grader--Test heavy--Accessible outside class,0,0
UmF0aW5nLTQyMjU1OTMy,1621181,John DeNero,University of California Berkeley,CS61A,5.0,5.0,5.0,3.0,2025-12-15,1,Not sure yet,"Professor DeNero is a great lecturer and his passion for CS shows through his efforts in teaching. Midterms are difficult but fair as long as you put in effort and keep on top of your work, grading policy isn't too harsh either. I would recommend attending lectures in person as well as going to as many labs and discussions as possible!",Amazing lectures --Caring--Respected,0,0
UmF0aW5nLTQyMjUxNTUw,1621181,John DeNero,University of California Berkeley,CS61A,4.0,4.0,4.0,4.0,2025-12-15,1,Not sure yet,"The course was difficult if you did not have any prior understanding of core coding concepts. One issue, though. The exams were quite difficult, with DeNero stating that practice exams would help. The exams scale each semester differently, meaning if one semester did badly, the next semester would get a easier exam. Good guy tho!",Amazing lectures --Lots of homework--Test heavy,0,0
UmF0aW5nLTQxMzYyODg2,1621181,John DeNero,University of California Berkeley,CS61A,5.0,5.0,5.0,3.0,2025-05-25,1,A,"Funny + engaging lectures; definitely cares about students, very encouraging of questions. People love this guy and for good reason. An overall really good class, projects are interesting. HWs and labs helped me more than going to lecture, but I still went for DeNero. Very fair exams, endless resources to help you succeed.",Amazing lectures --Hilarious--Caring,0,0
UmF0aW5nLTQxMzE3MTIw,1621181,John DeNero,University of California Berkeley,CS61A,4.0,4.0,4.0,5.0,2025-05-18,-1,B,"I went into this class with no coding experience (rookie mistake).  This is a class where you are on your own and need to go to office hours.  Prof. DeNero did teach some classes and his videos were helpful.  The class is tailored to students with coding experience though.  Before the final I had a C-, but after I pulled out with a B (with clobber)",Lots of homework--Respected--Test heavy,0,0
UmF0aW5nLTQwNjAwMzc1,1621181,John DeNero,University of California Berkeley,CS61A,5.0,5.0,5.0,4.0,2025-01-25,1,A,"Got an A as a non-CS (albeit STEM) major without going to / watching any lecture, lab, OH etc. Just watch the videos to learn the content, and make sure you do EVERY problem on lab/homework. NEVER use chatgpt, it'll genuinely stop you from learning and will make you fail exams. Just do 3-4 past exams (by DeNero) to prepare and you'll be chilling.",,0,1
UmF0aW5nLTQwNDU1Mjcw,1621181,John DeNero,University of California Berkeley,CS61A,5.0,5.0,5.0,3.0,2024-12-29,1,A,This class is great! You will learn a ton from this class and John DeNero is a great lecturer. I would highly recommend watching the videos they provide before lecture so you won't be lost during lecture. Grind practice exams (I did 4-6 practice exams before every exam) and you should be fine. Stay on top of things and don't fall behind!,Clear grading criteria--Caring--Respected,0,0
UmF0aW5nLTQwNDI4MTc2,1621181,John DeNero,University of California Berkeley,CS61A,5.0,5.0,5.0,4.0,2024-12-24,1,A,"Denero is funny, always willing to answer questions, is quite enthusiastic, and has a nice accent! Love the material of this class, very fast paced. Get full and extra credit on all assignments to set yourself up for the best grade. WATCH THE VIDEOS/TB!! Practice midterms/finals to prepare for tests, similar patterns. Shoutout to awesome TAs/AIs!",Clear grading criteria--Inspirational--Respected,0,0
UmF0aW5nLTM5NzY2MTAy,1621181,John DeNero,University of California Berkeley,CS61A,5.0,5.0,5.0,4.0,2024-09-25,1,A-,"Professor DeNero's CS61A is a challenging but rewarding course. The videos and resources are super helpful, and tools like Unstuckstudy can make studying more efficient. Stay on top of the work, and you'll learn a ton!",,0,0
UmF0aW5nLTM5NjgwNjc2,1621181,John DeNero,University of California Berkeley,CS61A,5.0,5.0,5.0,5.0,2024-08-13,1,A,"Very organized class with tons of resources. Easy with coding knowledge. MT2 is the hardest. No curves. Hard topics include tree, recursion. Recent past exams are useful for test prep. Homework is easy. Projects are challenging. Watch the videos before class. A wide division in the class between ppl knows how to code vs. ppl first-time coding. ",Participation matters--Group projects--Clear grading criteria,0,0
UmF0aW5nLTM5NTg4NTcy,1621181,John DeNero,University of California Berkeley,CS61A,4.0,4.0,4.0,2.0,2024-06-23,1,A+,Most concepts will not be in the lecture but in the videos. The pace can be fast for students without coding experiences. The course is easy as there are a lot of resources available for students. Good utilization of those can guarantee you to achieve good grades on exams. There was some extra credit if you turned in your work early. ,EXTRA CREDIT--Hilarious--Test heavy,0,0
UmF0aW5nLTM5NDgyNTAy,1621181,John DeNero,University of California Berkeley,CS61A,3.0,3.0,3.0,5.0,2024-05-17,1,B-,"I struggled in this class, partly due to the format (videos to watch before each lecture that cover most of material while lecture is more for review). This style was difficult for me, although I know it works well for other people. That being said, I should've used OH and other supplemental materials more, which I would say is big for this course",Respected,0,0
UmF0aW5nLTM5NDgxMzc4,1621181,John DeNero,University of California Berkeley,CS61A,5.0,5.0,5.0,4.0,2024-05-17,1,A-,"Fantastic professor, it's very obvious how passionate he is about the subject- evidently cares about his students  as well. Steep learning curve (for someone who's never coded before) but u just have to lock in and do all the homeworks/ask for help on labs. The tests are difficult but you learn so much from this class.",Caring,0,0
UmF0aW5nLTM5MzI0Mjc0,1621181,John DeNero,University of California Berkeley,CS61A,5.0,5.0,5.0,3.0,2024-05-01,1,Not sure yet,a great professor. lectures are very clear and provides plenty examples in class time. very organized and funny too! one of the best professors in uc berkeley. ,Amazing lectures --Inspirational--Respected,0,0
UmF0aW5nLTM5MTYyMDU5,1621181,John DeNero,University of California Berkeley,CS61A,5.0,5.0,5.0,3.0,2024-04-12,1,,Best Introductory Course for CS ever,,0,0
UmF0aW5nLTM4OTI3MzY2,1621181,John DeNero,University of California Berkeley,CS61A,5.0,5.0,5.0,4.0,2024-01-26,1,A,"Professor DeNero was amazing and he re-sparked my love for computer science. Not only does care and help students during labs and discussions, but he also is hilarious and his lectures are just a joy to attend. Shout out to the scheme art contest and the kpop dance group during the first lecture.",Inspirational--Hilarious--Respected,0,0
UmF0aW5nLTM4ODExMTg2,1621181,John DeNero,University of California Berkeley,CS61A,5.0,5.0,5.0,4.0,2023-12-30,1,B,"A bubbly personality to keep me and other students going in the TOUGH introductory curriculum of Computer science. Communicates his office hours availabilities, responds to emails fast, and can just walk up to him. After each class there usually is a line though. ",Amazing lectures --Caring--Accessible outside class,0,0
UmF0aW5nLTM4NjgzODc1,1621181,John DeNero,University of California Berkeley,CS61A,5.0,5.0,5.0,3.0,2023-12-15,1,Not sure yet,Amazing professor to introduce students to CS & Berkeley. 61A exams are tough but he's very accessible and there's a clear path to success if you put in the work. Lectures are great and he has a way of conveying key ideas in a simple way. Prof. DeNero made 61A amazing.,Amazing lectures --Test heavy,0,0
UmF0aW5nLTM4NTUyODY1,1621181,John DeNero,University of California Berkeley,CS61A,5.0,5.0,5.0,3.0,2023-12-07,1,Not sure yet,Genuinely one of the best professors at Berkeley. There is a reason he is regarded as the GOAT.,EXTRA CREDIT--Amazing lectures --Hilarious,0,0
UmF0aW5nLTM4MDUyMjQx,1621181,John DeNero,University of California Berkeley,CS61A,4.0,4.0,4.0,5.0,2023-06-17,1,B,"DeNero is so highly regarded for a reason. He makes CS fun and engaging and I highly recommend going to all the lectures. However, I do think that the concepts/problems he goes over in lecture are much simpler than the homeworks/tests. This class is really fast-paced, so make sure not to fall behind (especially weeks 4-5!!)",Clear grading criteria--Inspirational,1,0
UmF0aW5nLTM3NDcxNDQx,1621181,John DeNero,University of California Berkeley,CS61A,3.0,3.0,3.0,3.0,2023-03-02,1,A,"He's okay at teaching. There are some topics that he could definitely explain way better. He was pretty condescending at office hours too. He got super mad whenever you asked for help on more than 1 problem/concept, saying it's better to ask another staff for help. ",EXTRA CREDIT--Group projects--Lots of homework,0,2
UmF0aW5nLTM3NDA4MTYy,1621181,John DeNero,University of California Berkeley,CS61A,5.0,5.0,5.0,2.0,2023-02-05,1,B+,Aaaaaaaaaanouncements! Professor DeNero was an amazing professor who helped fan my passion for programming.,Amazing lectures --Inspirational--Caring,0,0
UmF0aW5nLTM3MjcwNjcx,1621181,John DeNero,University of California Berkeley,CS61A,5.0,5.0,5.0,4.0,2023-01-02,1,A,"John DeNeroooo!!! Announcements: Take this class if you can for CS61A. It is not the easiest class, but that's Berkeley. You will learn a lot if you put in the work. Attendance is not mandatory, and all of his lectures are posted online to YouTube.  ",,0,0
UmF0aW5nLTM3MjA3MjYy,1621181,John DeNero,University of California Berkeley,CS61A,5.0,5.0,5.0,3.0,2022-12-20,1,B,"Everyone (despite the major) should attend a DeNero lecture at least once. He's interactive and really wants his students to understand the material. His lecture style is equal parts information and demo based. The demos really do help with understanding the concepts, and there's a lot. His examples relate to what's tested. DeNero is a solid prof  ",Amazing lectures --Clear grading criteria--Respected,0,0
UmF0aW5nLTM3MTYyNjQy,1621181,John DeNero,University of California Berkeley,CS61A,5.0,5.0,5.0,3.0,2022-12-16,1,A+,"Well. I`m a pirate student who dropped CS because of math(hadnt the 4 points for the final grade) and yet, this guy named John DeNero was the best CS lecturer I found in world. So yes, he deserved any last drop of respect and please keep doing this good work.",Amazing lectures --Hilarious--Caring,0,0
UmF0aW5nLTM2OTQ0NDAw,1621181,John DeNero,University of California Berkeley,CS61A,5.0,5.0,5.0,4.0,2022-12-02,1,A,This course is naturally hard but fun. Go to lecture and do several practice exams and you WILL learn a lot. I started this course with ZERO programming knowledge and ended up able to solve most medium-hard difficulty interview problems with ease. Lectures couldn't be any clearer and more engaging. Take it with him while he's still teaching it!,Amazing lectures --Hilarious--Caring,3,0
UmF0aW5nLTM1NjE4Mjg4,1621181,John DeNero,University of California Berkeley,CS61A,5.0,5.0,5.0,4.0,2021-12-21,1,A,"This class goes through a lot of material very quickly so you have to work hard to stay on top of things. But Denero's lectures are really amazing at helping you grasp the material and he's excellent at explaining tricky new concepts. But beware of the exams, since they are really quite hard and often much tougher than the rest of the course.",Respected--Test heavy--Amazing lectures,0,0
UmF0aW5nLTM1NTg3OTA5,1621181,John DeNero,University of California Berkeley,CS61A,3.0,3.0,3.0,4.0,2021-12-18,1,,"He's a really good professor and lecturer. I learned a lot in his class as someone who never did python my entire life. However, the exams are trolls. They don't reflect what the students learned in class and I feel like the exams are designed to let students lose points on very tiny details.",Respected--Test heavy--Amazing lectures,1,0
UmF0aW5nLTM1NDczODMz,1621181,John DeNero,University of California Berkeley,CS61A,5.0,5.0,5.0,3.0,2021-12-11,1,,Recommended!!,Amazing lectures,0,0
UmF0aW5nLTM1MTQxNDU2,1621181,John DeNero,University of California Berkeley,CS61A,5.0,5.0,5.0,4.0,2021-10-20,1,A,"I took 61A over the summer with grad students, but I watched the recordings of John Denero's lectures. This was the best class I've ever taken and the best professor I've ever seen. He explains things so well, it's like a constant feeling of an &quot;aha&quot; moment, but given to you by another person. I'm so happy he's at Berkeley.",Test heavy--Amazing lectures,0,0
UmF0aW5nLTM0MjgwMjY2,1621181,John DeNero,University of California Berkeley,CS61A,5.0,5.0,5.0,3.0,2021-01-15,1,A,"Great, foundational course. Great Professor to take it with. Make sure you do all the extra credit on projects and start studying for exams EARLY cause boy are they hard.",Respected--Amazing lectures--EXTRA CREDIT,1,0
UmF0aW5nLTM0MjM0NzIz,1621181,John DeNero,University of California Berkeley,CS61A,5.0,5.0,5.0,4.0,2021-01-04,1,A,"61A was a fun class but definitely not for people who have never touched cs before. Grading was fair, last project was a little time-consuming (consider finding a partner) and do a lot of past exams to prep for the midterms/final. There will be around 10 points of ec, but messing up any exam is pretty much unrecoverable for an A.",Group projects--Clear grading criteria--Amazing lectures,1,1
UmF0aW5nLTM0MTg3ODQw,1621181,John DeNero,University of California Berkeley,CS61A,5.0,5.0,5.0,4.0,2020-12-23,1,A-,"He is so nice! Made CS61A my favorite class this sem. Lectures were pretty good, but you should spend more time on discussions/labs/hw/past exams as they are more relevant to exam content. Enjoyed the AMAs. Exams are pretty difficult relative to lectures/hw but it is very possible to get in the A range by grinding past exams and extra credit.",Respected--Caring--EXTRA CREDIT,1,0
UmF0aW5nLTM0MTc4MzIz,1621181,John DeNero,University of California Berkeley,CS61A,5.0,5.0,5.0,2.0,2020-12-22,1,A+,John is a passionate professor who gives great lectures. I love him.,Respected--Inspirational--Amazing lectures,1,0
UmF0aW5nLTM0MTc0Mzc2,1621181,John DeNero,University of California Berkeley,CS61A,5.0,5.0,5.0,3.0,2020-12-22,1,A-,"His lectures are engaging and have 0 fluff. Some are almost 2 hours, some are 20 minutes, it depends on the material. The projects, lab and homework assignments are cool and there's plenty of extra credit opportunities. The staff is helpful and everything was managed smoothly. Only con is that exams are more like &quot;puzzles&quot; than tests.",Respected--Amazing lectures--EXTRA CREDIT,1,0
UmF0aW5nLTM0MTAxNzA2,1621181,John DeNero,University of California Berkeley,CS61A,1.0,1.0,1.0,5.0,2020-12-16,0,,"I dont why people like him. His classes are boring and all he provided are pre-recorded lectures from prior semesters. The system and organization of this class online is so weird and tough. The class requires a lot more time commitment to its assignments and projects. After taking this class, I dont really want to double CS/DS major anymore.",,0,1
UmF0aW5nLTMzOTc5MDE5,1621181,John DeNero,University of California Berkeley,CS61A,5.0,5.0,5.0,5.0,2020-12-08,1,Not sure yet,"DeNero is hilarious and a great professor. Lectures and expectations are super clear. It can be tough to get help (7-hr OH queues haha) but reach out to your peers, who can probably walk you through it! Exams are super tough and projects are long, but hw and lab is really helpful and fair.",Respected--Lots of homework--Clear grading criteria,2,0
UmF0aW5nLTMzNzU0MDg3,1621181,John DeNero,University of California Berkeley,CS61A,3.0,3.0,3.0,4.0,2020-10-31,1,,The way he goes over things in lectures is a bit robotic. His exams are very hard.,,1,1
UmF0aW5nLTMzNjc5Mzk4,1621181,John DeNero,University of California Berkeley,CS61A,3.0,3.0,3.0,4.0,2020-10-05,1,Not sure yet,"People with little or no experience generally struggle and write low reviews, while people with lots of experience write high reviews for him/do well. As someone who took only took AP CS, I found the class pretty difficult. He's funny but the lectures only really teach syntax. So for noobs like me, you'll need to spend A LOT of time practicing.",Lots of homework--Group projects,1,0
UmF0aW5nLTMzNjc4NTAz,1621181,John DeNero,University of California Berkeley,CS61A,5.0,5.0,5.0,1.0,2020-10-05,1,A+,"Denero is hands down one of the best professors I've ever had. Yes, he pre-records his lectures but that is actually a good thing. It gives students the flexibility of being able to visit the curriculum on their own time, and then come to lecture ready to ask questions. His projects, labs, HWs were all great and his MT exam &amp; policy was awesome.",Respected--Accessible outside class--Inspirational,1,0
UmF0aW5nLTMzNjc2NTI0,1621181,John DeNero,University of California Berkeley,CS61A,1.0,1.0,1.0,5.0,2020-10-03,0,,I'm in cs61a and the class is super hard. The TAs are nice but I DeNero's projects are really hard and there's a ton of busywork. Not sure if I want to study anything cs related after 61a.,Respected,1,1
UmF0aW5nLTMzNjQyODgx,1621181,John DeNero,University of California Berkeley,CS61A,2.0,2.0,2.0,5.0,2020-09-13,0,,In his class for fall 2020 and his class is mad hard . A lot of work and he tries to weed us out. RIP CS/DS/EECS majors.,,1,1
UmF0aW5nLTMzNjQxNzE2,1621181,John DeNero,University of California Berkeley,CS61A,1.0,1.0,1.0,5.0,2020-09-12,0,A-,Honestly DeNero is overrated. I don't understand why people like him because all he does is provide pre-recorded videos of himself from 2013 and then he expects you to learn. CS61A is tough for no reason because of him,Respected--Test heavy,1,1
UmF0aW5nLTMzNjA5Mjgy,1621181,John DeNero,University of California Berkeley,CS61A,5.0,5.0,5.0,3.0,2020-08-24,1,A+,Probably my favorite CS class,Respected--Lots of homework--EXTRA CREDIT,2,0
UmF0aW5nLTMzNTg5ODIx,1621181,John DeNero,University of California Berkeley,CS61A,5.0,5.0,5.0,5.0,2020-08-16,1,A+,Summer session 61A was all his recorded lectures on YouTube from 3+ years ago(all 61A semesters are like this). This is an IQ test weeder class with stupid exams but he is a world class professor which makes up for the class,Graded by few things--Test heavy--Respected,2,0
UmF0aW5nLTMzNTE2OTMz,1621181,John DeNero,University of California Berkeley,CS61A,5.0,5.0,5.0,4.0,2020-07-18,1,A,Amazing lectures. Super clear and engaging. Tests felts like puzzles which was hard under stress. Content takes time to absorb so make sure you spend time playing with it! Grind out practice tests to do well.,Inspirational--Test heavy--Amazing lectures,2,0
UmF0aW5nLTMzNDI0MjIz,1621181,John DeNero,University of California Berkeley,CS61A,5.0,5.0,5.0,4.0,2020-06-10,1,A,"At the moment that I'm writing this, this man's rating is a 4.7. That is criminally low: DeNero is an all-time professor who should be a straight 5.",,2,0
UmF0aW5nLTMzMzgxNjcz,1621181,John DeNero,University of California Berkeley,CS61A,5.0,5.0,5.0,3.0,2020-05-28,1,A,"Professor DeNero did a fantastic job with his class, especially given the transition to online learning during the Covid-19 pandemic. He is a great teacher who cares about how you're doing in his class and has many options to help struggling students. Also, his CS61A class is very useful and a great introduction to computer programming.",Respected--Inspirational--Caring,0,0
UmF0aW5nLTMzMzYxNjg1,1621181,John DeNero,University of California Berkeley,CS61A,2.0,2.0,2.0,5.0,2020-05-23,1,B,"I was very excited for this class however I was very disappointed. Lectures, labs, homeworks and even projects were way easier than midterms/final. There was a gap in difficulty which I didnt know how to cover. These tests were ridiculously hard. Staff was super helpful. He is very funny and his lectures are great (but not enough).",Respected--Hilarious--Tough grader,1,1
UmF0aW5nLTMzMjU3MzUz,1621181,John DeNero,University of California Berkeley,CS61A,3.0,3.0,3.0,5.0,2020-05-10,0,A,"DeNero is super charismatic and knows what he is talking about. Having said that, the course is really fast paced and challenging. The Professor is really insensitive about designing exams and makes them unnecessarily tricky, hard and thus stressful no matter how many practice exams you do. It seems that he doesn't want you to do well, after all.",Inspirational--Amazing lectures--Tough grader,1,0
UmF0aW5nLTMzMTE5NjUx,1621181,John DeNero,University of California Berkeley,CS61A,5.0,5.0,5.0,4.0,2020-04-24,1,,I love you so much but I hate your exams.,Respected--Skip class? You won't pass.--Tough grader,2,0
UmF0aW5nLTMzMDMxNjU2,1621181,John DeNero,University of California Berkeley,CS61A,5.0,5.0,5.0,4.0,2020-04-07,1,,"He cares so much about his students. Especially during the coronavirus crisis, he is so accommodating and he really seems to understand how to reach his students. His lectures are amazing and he prerecords all of them and they are accessible throughout the entire course. The homework, labs, and projects are never busy work and are really effective.",Respected--Accessible outside class--Amazing lectures,1,1
UmF0aW5nLTMyOTQ0ODY3,1621181,John DeNero,University of California Berkeley,CS61A,3.0,3.0,3.0,4.0,2020-03-02,1,B+,"Took CS61A is fall 2019 with Prof. DeNero. Projects and homework were fair and fun to complete. Videos were provided by the TAs before exams which helped me prepare along with several practice exams from previous semesters. That being said, midterms were challenging.",Test heavy--Clear grading criteria--EXTRA CREDIT,1,0
UmF0aW5nLTMyODU0NjMy,1621181,John DeNero,University of California Berkeley,CS61A,5.0,5.0,5.0,3.0,2020-01-21,1,A-,"My favorite class of the semester. 61A's staff has mastered the art of handling so many students (&gt;2000!). There was plenty of additional help if you felt you needed it. Highly recommend getting a head start on hw, labs, and projects. It can be frustrating, but it feels worthwhile. DeNero obviously loves what he's doing.",Respected--Clear grading criteria--Amazing lectures,1,0
UmF0aW5nLTMyODIzMDgy,1621181,John DeNero,University of California Berkeley,CS61A,5.0,5.0,5.0,4.0,2020-01-11,1,A-,"Prof. DeNero has a cult following for a reason. This class is an essential Berkeley experience. Tests are very difficult, but I feel like I really learned something. Plenty of resources are available for help if you need it (lots of office hours, course materials posted, review sessions.) Past exams are easily accessible and fairly consistent.",Respected--Clear grading criteria--EXTRA CREDIT,2,0
UmF0aW5nLTMyNzk5MDI4,1621181,John DeNero,University of California Berkeley,CS61A,5.0,5.0,5.0,5.0,2020-01-06,1,B+,"He totally lives up to the hype. I should mention, though, that you'll have a significant leg up in this class if you come in with prior Python experience (and you'll need that leg up)--either through self studying or through another 2-unit class called CS88, which you can take the semester before 61A.",Gives good feedback--Respected--Lots of homework,0,1
UmF0aW5nLTMyNzkzNDcw,1621181,John DeNero,University of California Berkeley,CS61A,5.0,5.0,5.0,4.0,2020-01-05,1,B+,"Great lecturer. Cares about his students, even though there's 2000 of us. Insanely difficult exams. DeNero has been able to scale up the class to the incredibly high demand using an army of incredibly competent course staff. 10/10 best intro CS class in the world.",Inspirational--Test heavy--Hilarious,1,0
UmF0aW5nLTMyNzYyOTk3,1621181,John DeNero,University of California Berkeley,CS61A,5.0,5.0,5.0,4.0,2019-12-27,1,A,"DeNero is the GOAT. I had no prior programming experience but his lectures made me always want to come, and his tests and homework made me want to study. You can't say you went to Berkeley if you never took 61A with DeNero.",Accessible outside class--Hilarious--Amazing lectures,0,0
UmF0aW5nLTMyNzU3MDE1,1621181,John DeNero,University of California Berkeley,CS61A,5.0,5.0,5.0,4.0,2019-12-25,1,A,A Berkeley CS legend. CS61A is probably the most well structured class in Berkeley and makes you fall in love with the field of Computer Science even though the workload and tests make you want to cry.,Respected--Inspirational--Test heavy,0,0
UmF0aW5nLTMxNzczMzQy,1621181,John DeNero,University of California Berkeley,CS61A,5.0,5.0,5.0,3.0,2019-05-05,1,A+,"Denero's a great professor. Crystal-clear lectures and clearly-outlined grading policies. Exams are definitely tricky, but they're fair and consistent from semester to semester.",Respected--Accessible outside class--Amazing lectures,2,0
UmF0aW5nLTMxMjY2NTQy,1621181,John DeNero,University of California Berkeley,CS61A,5.0,5.0,5.0,4.0,2019-01-16,1,B-,"DeNero was able to teach me, someone with no prior experience in CS besides Data 8, the basics of CS very well. He is a hard test maker, but if you study you will be fine because the overall course grading makes up for the hard tests. Pro-tip: Do homework and projects in Office Hours. The course webpage makes it easy to stay on top of work.",Tough Grader--LOTS OF HOMEWORK--Clear grading criteria,4,2
UmF0aW5nLTMxMjE2OTQ1,1621181,John DeNero,University of California Berkeley,CS61A,3.0,3.0,3.0,5.0,2019-01-07,0,,"DeNero is a decent lecturer and overall caring and approachable person. Lecture is mostly to introduce concepts with a few naive examples. Homework, lab, and project questions are exponentially harder than class examples. But tests are exponentially harder than those--he's an insanely hard test writer! Too hard for an intro CS class, in my opinion.",Respected,5,4
UmF0aW5nLTMxMTY1MzY1,1621181,John DeNero,University of California Berkeley,CS61A,5.0,5.0,5.0,4.0,2018-12-27,1,A+,"The lectures are easy to understand. The homework and projects are designed to be difficult but give you great practice. There are extra questions that are usually much harder than the regular homework, and I would highly suggest you at least attempt them. The tests are difficult, but extremely consistent, so doing practice tests helps immensely.",Hilarious--TEST HEAVY--EXTRA CREDIT,1,0
UmF0aW5nLTMxMTYxMjY3,1621181,John DeNero,University of California Berkeley,CS61A,4.0,4.0,4.0,5.0,2018-12-27,1,B+,"For a beginner in CS, this course is way too hard. The homework and projects are extremely interesting, but test is way beyond the standard difficulty for beginner's CS course",,3,1
UmF0aW5nLTMwODM2ODAz,1621181,John DeNero,University of California Berkeley,CS61A,5.0,5.0,5.0,2.0,2018-12-02,1,A,"Great professor, his passion for CS really shone in 61A. Exams can be tricky at times but with practice(especially on past exams) you will get better at solving his exams problems. He is also very helpful during office hours, and he makes sure there are a lot of resources available for you to succeed.",Respected--Inspirational--Caring,1,0
UmF0aW5nLTMwNjk5NDE1,1621181,John DeNero,University of California Berkeley,CS61A,5.0,5.0,5.0,5.0,2018-11-10,1,B+,"This is a great Prof I met during my university life. He is talent, caring and inspirational. I love computer science since I attended his class.",Inspirational--Amazing lectures--Caring,1,0
UmF0aW5nLTMwMTQ2MTc1,1621181,John DeNero,University of California Berkeley,CS61A,5.0,5.0,5.0,4.0,2018-05-18,1,A,"Awesome professor. His lectures were clear, and he's really good at answering our questions. Gave us life advice at the end of the semester too. Should be easy to get full credit on hw/projects if you start early and make use of piazza and OH. Tests can be tricky, so make sure to do a bunch of practice exams. Grading is pretty fair.",Inspirational--Clear grading criteria--Amazing lectures,3,2
UmF0aW5nLTMwMTMyNTM0,1621181,John DeNero,University of California Berkeley,CS61A,5.0,5.0,5.0,4.0,2018-05-17,1,,"Loved taking CS61A. I didn't attend lectures, just watched the online lectures. The class is pretty fair and they give opportunities for EC - definitely do the EC! I learned a lot and there is lots of support. At the time of writing final grades haven't been given out, but I'm an A-/A.",Respected--Clear grading criteria--EXTRA CREDIT,1,0
UmF0aW5nLTMwMTE1ODUw,1621181,John DeNero,University of California Berkeley,CS61A,5.0,5.0,5.0,4.0,2018-05-15,1,B+,Daddy. Very clear lectures and very helpful when stuck. the core course material does not really prepare you for the tests on their own though so significant practice and work outside the hw and projects are needed but otherwise very good course taught by a very good teacher.,,4,0
UmF0aW5nLTI5MzU5MTEx,1621181,John DeNero,University of California Berkeley,CS61A,5.0,5.0,5.0,3.0,2017-12-30,1,A,"John DeNero is a legend for a reason. The man truly has a gift for lecturing, explaining concepts very clearly and in an amusing fashion. The content of 61A is very interesting, and the assignments are designed to get you thinking about computer science in a new way. Loved the class, loved the professor.",Inspirational--Hilarious--Amazing lectures,1,0
UmF0aW5nLTI5MjUwMDg1,1621181,John DeNero,University of California Berkeley,CS61A,5.0,5.0,5.0,4.0,2017-12-17,1,,Lots of resources to help you succeed. Clearly outlines the material and lectures are easy to follow. Useful if you have prior programming experience. The midterms and final are fair. They mainly test problem solving abilities. Denero is extremely friendly and willing to help. Some of the projects are a bit awful. HW and labs are generally easy.,Respected--ACCESSIBLE OUTSIDE CLASS--Amazing lectures,2,0
UmF0aW5nLTI4NzM5OTYw,1621181,John DeNero,University of California Berkeley,CS61A,2.0,2.0,2.0,4.0,2017-10-13,0,B+,He's nice but the exams are really hard. The first midterm is fine but the second one and final are so hard. Also the curve is pretty tough,,7,23
UmF0aW5nLTI4Mzk2NTQz,1621181,John DeNero,University of California Berkeley,CS61A,3.0,3.0,3.0,4.0,2017-05-29,1,A-,"Lectures are pretty good but tests are hard, especially the second midterm and final.",,10,6
UmF0aW5nLTI4MjMxNjkz,1621181,John DeNero,University of California Berkeley,CS61A,5.0,5.0,5.0,3.0,2017-05-06,1,,"Take his class. I mean it. Denero changed my view of computer science forever. He matches his ridiculous intellect with kindness and understanding towards his students, and to top it off he genuinely wants everyone in his class to succeed. Put in the work and you'll do just fine.",,2,0
UmF0aW5nLTI3OTE4MjM2,1621181,John DeNero,University of California Berkeley,CS61A,5.0,5.0,5.0,3.0,2017-03-18,1,A,"DeNero is the most enthusiastic and definitely the best professor I've ever known. It's very obvious he has put more efforts into teaching this course than most other professors, and he did a great job in getting his students excited about computer science.",Respected--Inspirational--Amazing lectures,2,4
UmF0aW5nLTI3NzgzMjM2,1621181,John DeNero,University of California Berkeley,CS61A,5.0,5.0,5.0,3.0,2017-01-27,1,,"His lectures are so great that the online textbook is unnecessary. However, get ready to work plenty if you want to do well. If you can complete all homework and projects on time, you can get 100% on those assignments and even some extra credit, so the only thing in the way are the exams. Be sure to understand the concepts and you'll do fine.",LOTS OF HOMEWORK--Amazing lectures--EXTRA CREDIT,2,1
UmF0aW5nLTI3NzI4NTkw,1621181,John DeNero,University of California Berkeley,CS61A,5.0,5.0,5.0,4.0,2017-01-13,1,A,"If you can take this class, do it",Inspirational--Amazing lectures--Caring,3,0
UmF0aW5nLTI3NjM1ODM1,1621181,John DeNero,University of California Berkeley,CS61A,5.0,5.0,5.0,4.0,2016-12-28,1,A,"Great lecturer, funny, informative, his style makes everyone laugh. Might be tricky to catch in office hours; his office gets pretty crowded.",Tough Grader--TEST HEAVY--Amazing lectures,2,0
UmF0aW5nLTI3NjI3Nzg5,1621181,John DeNero,University of California Berkeley,CS61A,5.0,5.0,5.0,4.0,2016-12-27,1,A-,"This class affirmed my decision to pursue CS! I loved DeNero's lectures and enjoyed doing the homeworks and projects. The class was an interesting experience, though I'll warn that it is fast-paced.",Respected--Inspirational--Amazing lectures,3,0
UmF0aW5nLTI3NjIxNDQ1,1621181,John DeNero,University of California Berkeley,CS61A,5.0,5.0,5.0,3.0,2016-12-25,1,A-,"One of the best teachers I've ever had - a great lecturer, accessible via office hours or email, well-paced syllabus, and funny to boot. Would highly recommend taking a class with him!",Inspirational--Hilarious--Amazing lectures,1,0
UmF0aW5nLTI3NjEyMDQ0,1621181,John DeNero,University of California Berkeley,CS61A,4.0,4.0,4.0,5.0,2016-12-23,1,B+,"Know that CS61A will likely become your 1st priority unless taken P/NP. It's time-consuming & just plain hard for people without programming experience (expect 20+ hrs/wk), but doable and very interesting, and his lectures and course design are what make it work. So don't take it with another hard and unrelated class. Like an MCB upperdiv. haha fml",LOTS OF HOMEWORK--Caring--LECTURE HEAVY,2,0
UmF0aW5nLTI3NTk4MzEy,1621181,John DeNero,University of California Berkeley,CS61A,5.0,5.0,5.0,4.0,2016-12-21,1,A,"It is possible to do well in this class. Professor DeNero is a great teacher and he provides the resources to succeed in his class, you just have to work hard and study. It is pretty helpful to have prior programming experience, but if you put in the work, you don't have to. Great class and great professor.",Tough Grader--Respected--Amazing lectures,1,1
UmF0aW5nLTI3NTc0ODkw,1621181,John DeNero,University of California Berkeley,CS61A,5.0,5.0,5.0,4.0,2016-12-20,1,A,"The class is very well-organized, but it covers a lot of content (prior programming experience is almost necessary). Also, exams are require you to think outside the box and test things that you may not have thought of. Professor DeNero is very knowledgeable, explains difficult concepts well, is an engaging lecturer, and makes a large class work.",Respected--Inspirational--Caring,0,0
UmF0aW5nLTI3MjQ3NzUx,1621181,John DeNero,University of California Berkeley,CS61A,5.0,5.0,5.0,2.0,2016-11-23,1,A,"Professor DeNero is incredibly friendly, accessible and inspirational. Even though his course will make you work reasonably hard, if you put in the time and effort, you can get a high score on his exams.",Gives good feedback--LOTS OF HOMEWORK--EXTRA CREDIT,3,0
UmF0aW5nLTI3MTAxODIy,1621181,John DeNero,University of California Berkeley,CS61A,5.0,5.0,5.0,3.0,2016-10-31,1,A,"John DeNero is a great lecturer and teacher. He explains things clearly, with the occasional joke. The midterms are hard.",Respected--EXTRA CREDIT--GROUP PROJECTS,2,0
UmF0aW5nLTI2MDMwMDky,1621181,John DeNero,University of California Berkeley,CS61A,5.0,4.0,5.0,3.0,2016-02-04,-1,A,"Great professor. The class isn't an easy A and the exams do require a great deal of studying, but you learn a lot from the course.",,4,1
UmF0aW5nLTI1OTQ1NzM1,1621181,John DeNero,University of California Berkeley,CS61A,5.0,5.0,5.0,1.0,2016-01-15,-1,A+,He is AMAZING! Everything you could want in a professor :)  Him and his army of TAs really made this 1400-person class work.,,2,2
UmF0aW5nLTI1ODYzMjA0,1621181,John DeNero,University of California Berkeley,CS61A,4.0,4.0,4.0,4.0,2016-01-03,-1,A-,Simply Amazing. Funny. Clear. Tall. The class starts out very easy but picks up waaay too fast and the second midterm and final killed me.,,6,1
UmF0aW5nLTI1ODE4OTQ4,1621181,John DeNero,University of California Berkeley,CS61A,5.0,5.0,4.0,3.0,2015-12-24,-1,A,"Amazing professor, cannot be easy to teach a class of this size, and you won't get any face time with Denero. Nonetheless, you come out of this class, changed.",,2,0
UmF0aW5nLTI1NzcwMzk5,1621181,John DeNero,University of California Berkeley,CS61A,5.0,5.0,5.0,4.0,2015-12-19,-1,,"Legend. Immortal. Amazing. God. Life-changer.   Even if you end up failing the class, you won't regret taking CS61A. Why? Because of DeNero. He's a gem. Seeing him outside is like seeing a celebrity. I hope he keeps on teaching CS61A.",,8,0
UmF0aW5nLTI1NjU3NTQ5,1621181,John DeNero,University of California Berkeley,CS61A,3.0,3.0,3.0,5.0,2015-12-12,-1,Not sure yet,The tests are hard. ,,1,6
UmF0aW5nLTI1NDk4NzEy,1621181,John DeNero,University of California Berkeley,CS61A,4.0,3.0,4.0,4.0,2015-11-29,-1,,"DeNero is a great professor! He makes a conscious effort to make sure students are succeeding in his classes. He is super willing to help and will help student with trivial problems like internet connection issues. He makes what would be an impossible course simply difficult. Would recommend 61A to students from all majors, definitely memorable! ",,1,0
UmF0aW5nLTI1MzA2MTcy,1621181,John DeNero,University of California Berkeley,CS61A,5.0,5.0,4.0,4.0,2015-10-28,-1,,"One of the best cs professors you could take at Berkeley. I don't enjoy programming, but his enthusiasm for the subject makes this class fun and interesting. He's also understanding of the fact that this is a hard class with a heavy course load. He doesn't like seeing students do poorly and he'll help you if you ask for it. ",,2,0
UmF0aW5nLTI1MjU3NDIy,1621181,John DeNero,University of California Berkeley,CS61A,5.0,4.0,5.0,3.0,2015-10-15,-1,B,DeNero is to this day the most inspirational and wonderful lecturer whose class I have had the privilege of experiencing. He is so understanding and helpful. 10/10 recommend any class with him.,,2,0
UmF0aW5nLTI1MjM2Mzk2,1621181,John DeNero,University of California Berkeley,CS61A,5.0,5.0,5.0,3.0,2015-10-08,-1,,"DeNero really works for his students, and is one of the best lecturers I've ever seen. ",,1,2
UmF0aW5nLTI1MjMzNzg4,1621181,John DeNero,University of California Berkeley,CS61A,5.0,5.0,5.0,2.0,2015-10-07,-1,,"Awesome class, nicely structured, and very organized. He's got an amazing sense of humor and you can tell he really cares about the subject. Compsci is not an easy topic (Berkeley CS is a hard dose of reality for a lot of normally good students) but you will walk away learning something.",,0,0
UmF0aW5nLTI1MjI2NDk2,1621181,John DeNero,University of California Berkeley,CS61A,5.0,5.0,5.0,4.0,2015-10-04,-1,Not sure yet,"DeNero is one of the most amazing professors ever! He's really good at explaining difficult material. I came in to this class with no previous coding experience and since the class was very hard I constantly thought about dropping, but I stayed because of DeNero. He and the course staff work really hard to provide resources for struggling students.",,2,0
UmF0aW5nLTI1MjAwMjA0,1621181,John DeNero,University of California Berkeley,CS61A,5.0,5.0,5.0,4.0,2015-09-21,-1,,Denero is an absolute gem. This is my first time coding and I am having so much fun with it because his lectures are amazing and the assignments are incredibly well-crafted. He is the best teacher I have ever had,,1,0
UmF0aW5nLTI1MTM0NjUw,1621181,John DeNero,University of California Berkeley,CS61A,5.0,5.0,5.0,3.0,2015-08-19,-1,A,Heaven on a Professor.,,3,0
UmF0aW5nLTI0OTcxMzY3,1621181,John DeNero,University of California Berkeley,CS61A,5.0,5.0,4.0,3.0,2015-06-16,-1,A,"Best professor for intro CS. Could be the best professor I've ever had. I became a TA for this class in large part due to him personally. If you're here you probably are already planning to take this class, but if you're not sure yet: take this class. One note: go to his office hours. For a 1000 student class, they're somehow always empty.",,2,1
UmF0aW5nLTI0ODY0ODA5,1621181,John DeNero,University of California Berkeley,CS61A,5.0,5.0,5.0,3.0,2015-05-19,-1,,"CS61A was an incredible class. There were over 900 people enrolled, but I had more opportunities for personal assistance than in any of my smaller classes. John is an awesome professor - fun, interesting, and helpful. His online videos are very clear and precise (more so than any professor's physical lectures). Definitely would recommend.",,2,0
UmF0aW5nLTI0NzIxODAy,1621181,John DeNero,University of California Berkeley,CS61A,5.0,5.0,5.0,3.0,2015-05-02,-1,,"Best person you could ask for your first CS class at Cal. Expect to spend a lot of time on projects and homework and studying for tests, but GO TO OFFICE HOURS. The TAs are very helpful, remember that you're not alone on this. I've gone to every lecture, you can watch the videos online but live lectures are great. Hilarious and answers questions",,1,1
UmF0aW5nLTI0NzIwNjI3,1621181,John DeNero,University of California Berkeley,CS61A,5.0,5.0,5.0,4.0,2015-05-02,-1,A+,Bruh this dude more fire than my mixtape.,,20,1
UmF0aW5nLTI0NzIwNjEx,1621181,John DeNero,University of California Berkeley,CS61A,5.0,5.0,5.0,3.0,2015-05-02,-1,,There are 3 times in life I felt so bad about losing someone. The first time is when my ex-girlfriend left me and went to another city. Second  is when I stepped into the airport after visiting a good friend who I couldn't see for years . Third time is on Prof. John DeNero's last lecture. ,,19,2
UmF0aW5nLTI0NTQ1MjA3,1621181,John DeNero,University of California Berkeley,CS61A,5.0,5.0,5.0,1.0,2015-04-05,-1,A-,"John really cares about his students. Teaching the biggest class on campus, he really makes an effort to make sure each individual gets the attention they need. He is a great lecturer and he tells you NOT to come to lecture and to just watch the webcasts. Amazing. Perfect guy for students' first CS prof when they come to Berkeley.",,7,0
UmF0aW5nLTI0NDU3NjM3,1621181,John DeNero,University of California Berkeley,CS61A,5.0,5.0,5.0,3.0,2015-03-12,-1,A+,"I've never rated a professor before, but, like Yeezus, this man is a god.",,30,1
UmF0aW5nLTI0Mzg2MTg3,1621181,John DeNero,University of California Berkeley,CS61A,5.0,5.0,5.0,5.0,2015-02-15,-1,,Simply amazing.,,1,0
UmF0aW5nLTI0Mzc5NjIy,1621181,John DeNero,University of California Berkeley,CS61A,5.0,5.0,5.0,1.0,2015-02-12,-1,,OMG He is my fav prof. I believe everyone who has taken cs61a with him would LOVE computer science.,,3,1
UmF0aW5nLTI0MzE2NjM2,1621181,John DeNero,University of California Berkeley,CS61A,5.0,5.0,5.0,3.0,2015-01-21,-1,A,Great professor. Great class. Take it.,,0,0
UmF0aW5nLTI0MjE2MDEx,1621181,John DeNero,University of California Berkeley,CS61A,4.0,4.0,4.0,4.0,2015-01-02,-1,,"Denero is an amazing professor. His online video lectures are far better than live lecture. However, learning in this class really comes from surviving the constant inundation of homework, quizzes and projects. Doing previous exams are essential for success on his exams.  ",,2,0
UmF0aW5nLTI0MjE1MzEx,1621181,John DeNero,University of California Berkeley,CS61A,5.0,5.0,5.0,4.0,2015-01-02,-1,,I felt blessed to have taken this course. I barely had any programming experience before and DeNero simply guided me through. His webcast lecture was probably the clearest I have ever seen. Homework and Discussion handout were helpful. The first midterm was fair but the second midterm kind of shocked us all but he was quick to react and adjust. ,,1,0
UmF0aW5nLTI0MTk4MTk1,1621181,John DeNero,University of California Berkeley,CS61A,5.0,5.0,4.0,4.0,2014-12-28,-1,B+,"Homework is graded based on effort, Labs and Discussions are only worth points if you are literally killed by the test, and tests can be hard. DeNero is ridiculously smart and a great lecturer and I enjoyed the class. Put in the time (DO THE DISCUSSIONS) and you won't be sorry. ",,0,0
UmF0aW5nLTI0MTQ4ODIw,1621181,John DeNero,University of California Berkeley,CS61A,3.0,2.0,3.0,5.0,2014-12-19,-1,Not sure yet,"I don't know I was pretty hyped for his class but when I took it he really wasn't that great. Maybe because of the huge class size? I began to love CS because of the way I was self motivated to learn in the class, but do not expect him to be very helpful. Very confusing lectures and does not lead into new concepts very well.",,4,6
UmF0aW5nLTI0MTMyMDI3,1621181,John DeNero,University of California Berkeley,CS61A,5.0,5.0,5.0,4.0,2014-12-18,-1,,"Denero is amazing. His lectures are very helpful and he keeps them interesting and fun. Lectures are most commonly viewed online, which is also helpful. You'll definitely learn a lot in this class and help is readily available via office hours and online resources. On the other hand, the work load for this class is large that the exams are tough.",,1,1
UmF0aW5nLTI0MDcxNjAx,1621181,John DeNero,University of California Berkeley,CS61A,5.0,5.0,5.0,4.0,2014-12-14,-1,Not sure yet,"John Denero is fantastic. He is loved by students.  His (massive) course is extremely well organized. Most of his homework and projects are useful. Lecture videos are posted online, and are very good. Biggest downside is that it's a hard course. I came in with a lot of prior experience and did fine, but I still had to study and practice quite a bit",,1,1
UmF0aW5nLTI0MDQ5MTg5,1621181,John DeNero,University of California Berkeley,CS61A,5.0,5.0,5.0,3.0,2014-12-12,-1,,"CS 61A is a difficult class, but professor Denero's humor and enthusiasm made it much bearable. He is an inspiring lecturer and you can tell he really cares about his students.",,0,0
UmF0aW5nLTIzNjE3NTcz,1621181,John DeNero,University of California Berkeley,CS61A,1.0,1.0,1.0,4.0,2014-09-29,-1,,He's pretty bad. Avoid at all costs!,,3,41
UmF0aW5nLTIzNjAzMjU2,1621181,John DeNero,University of California Berkeley,CS61A,4.0,4.0,4.0,3.0,2014-09-20,-1,,DeNero is a great teacher for 61A. It was a fun class and he taught us python well. Didn't like Logic but he made python a joy to learn.,,1,0
UmF0aW5nLTIzNTg3NjI1,1621181,John DeNero,University of California Berkeley,CS61A,5.0,5.0,5.0,3.0,2014-09-10,-1,,"Best teacher ever! I went into the course without any programming experience and so far he's made the material extremely accessible. He's a super nice and chill guy as well, go check out his office hours and hang out with him, or if you have questions about NLP or even industry vs academia, DeNero is your guy",,3,0
UmF0aW5nLTIyOTIwMjIw,1621181,John DeNero,University of California Berkeley,CS61A,1.0,1.0,1.0,5.0,2014-03-18,-1,B,He's pretty bad.,,3,32
UmF0aW5nLTIyNzY5NjQz,1621181,John DeNero,University of California Berkeley,CS61A,5.0,5.0,5.0,3.0,2014-01-18,-1,,"John DeNero was incredibly clear, and he was a fantastic lecturer, especially considering that over 900 students took CS61A in Fall 2013. All of the lectures were filmed in advance, so it was not even necessary to go to lecture. He genuinely cares about all of his students. However, the class itself is quite challenging.",,3,0
UmF0aW5nLTIyNjcyMjk3,1621181,John DeNero,University of California Berkeley,CS61A,5.0,5.0,5.0,3.0,2013-12-29,-1,,"Fantastic online presentation, fantastic lecturer, has WONDERFUL TAs, really know howto organize and present concepts and got me into coding! I'm really glad my major requires this class, and am grateful to have taken this class and learned so much from him! That said, no programming experience makes this class very painful, especially projects.",,1,0
UmF0aW5nLTIyNjY5OTE1,1621181,John DeNero,University of California Berkeley,CS61A,5.0,5.0,5.0,2.0,2013-12-29,-1,B,DeNero is an awesome lecturer and really makes all the content easy to read and understand. But don't think you can just skip lectures and not study.,,1,0
UmF0aW5nLTIyNjY5MTg5,1621181,John DeNero,University of California Berkeley,CS61A,5.0,5.0,5.0,3.0,2013-12-29,-1,B,"John Denero's lectures, materials, and assignments, and course as a whole could be best described as an unparalleled masterwork of education. Simply put, this guy can turn any willing human being into a computer scientist. Flawless educator.",,2,0
UmF0aW5nLTIyNjY5MTI4,1621181,John DeNero,University of California Berkeley,CS61A,5.0,5.0,5.0,2.0,2013-12-29,-1,A+,John explains everything in a way that the course material just clicked in place. Came in with negligible programming experience and ended up with an A+ in this class. He gives lots of chances to pass this class and earn points (including extra credit). Favorite class ever!,,6,0
UmF0aW5nLTIyNjY2NzU1,1621181,John DeNero,University of California Berkeley,CS61A,5.0,5.0,5.0,3.0,2013-12-28,-1,,"Fantastic class and great professor! Very clear and organized. I think the best part about this class is even though it is formally an intro course, even experienced programmers will learn and find his class interesting by focusing on the programming mindset and problem solving skills necessary to be successful in CS. Strongly recommend this class!",,0,0
UmF0aW5nLTIyNjM0NTM0,1621181,John DeNero,University of California Berkeley,CS61A,5.0,5.0,5.0,4.0,2013-12-21,-1,,"Phenomenal teacher--lecture is clear, tests are challenging but not impossible, class is super-structured and organized, and it's obvious he enjoys what he does",,1,1
UmF0aW5nLTIyNTU4OTA2,1621181,John DeNero,University of California Berkeley,CS61A,5.0,5.0,5.0,5.0,2013-12-15,-1,,John is a God! Great teacher and so passionate! One of the clearest lecturers ever! Loves Computer Science and you can tell he loves to teach. Projects and homework are doable. Very hard class(tests especially) if you're knew to coding but hard work pays off...,,1,0
UmF0aW5nLTIyNDk0ODIz,1621181,John DeNero,University of California Berkeley,CS61A,5.0,5.0,5.0,3.0,2013-12-10,-1,,"Great professor, very articulate. And nice guy as well!",,0,0
UmF0aW5nLTIyNDg2ODE4,1621181,John DeNero,University of California Berkeley,CS61A,5.0,5.0,5.0,3.0,2013-12-10,-1,B,"Best Professor I've Ever Had, and will always be one of the greatest.",,0,0
UmF0aW5nLTIyMzgzMDMz,1621181,John DeNero,University of California Berkeley,CS61A,5.0,5.0,5.0,1.0,2013-11-25,-1,,"One of the best professors I've had at Cal, and the reason I'm majoring in CS. Even with 1000 students, he found a way to make it work.",,1,0
UmF0aW5nLTIyMjg3NTk3,1621181,John DeNero,University of California Berkeley,CS61A,5.0,5.0,5.0,4.0,2013-11-10,-1,,"Brilliant teacher. Really knows what he is talking about. Lectures are funny and very informative. Homework and projects are challenging but so worth it. Hands down, one of the best teachers I've seen. Ever.",,0,0
UmF0aW5nLTIxOTg2NDYx,1621181,John DeNero,University of California Berkeley,CS61A,5.0,5.0,5.0,2.0,2013-07-22,-1,,"Quite possibly the best professor I've ever had. He's a nice guy who's always interesting. His exams are difficult but fair. The projects are fun, and you learn a lot. Take this class. You'll be glad you did.",,0,0
UmF0aW5nLTIxMTkxMDMw,1621181,John DeNero,University of California Berkeley,CS61A,5.0,5.0,4.0,3.0,2012-12-31,-1,,"Very good lecturer, and he obviously put a lot of time and effort into his class. He provides many programming resources for his students, most of which he built/co-built himself. Excellent and interesting projects. Maybe it's just me but his tests were difficult though.",,0,0
UmF0aW5nLTIxMTM5NDQ1,1621181,John DeNero,University of California Berkeley,CS61A,5.0,5.0,5.0,2.0,2012-12-20,-1,,"hands down one of the most badass, entertaining, clear professors out there, amazing way to start off eecs. As a google executive who works on translate, he sometimes provides great snippets about his own work and how programming relates. Brings in amazing demos like the smule band. If you get the chance, take him, you won't regret it",,0,0
UmF0aW5nLTIwNjkxOTAw,1621181,John DeNero,University of California Berkeley,CS61A,5.0,5.0,5.0,1.0,2012-10-10,-1,,Great Instructor,,0,0
UmF0aW5nLTE5Nzc3NzU2,1621181,John DeNero,University of California Berkeley,CS61A,5.0,5.0,5.0,4.0,2012-01-27,-1,,By far the best professor I've had.  He is full of enthusiasm.  I learned so much from his class.,,0,0
UmF0aW5nLTE5MjIxNTU3,1621181,John DeNero,University of California Berkeley,CS61A,5.0,5.0,5.0,4.0,2011-11-12,-1,,"Great class, great professor, and a great intro to how tough EECS is without being excessive.",,0,1
UmF0aW5nLTE5MTcxMDQ2,1621181,John DeNero,University of California Berkeley,CS61A,5.0,5.0,5.0,1.0,2011-11-06,-1,,"Wonderful professor. Very helpful - the material was challenging, but doable. John made class enjoyable.",,0,0
UmF0aW5nLTE5MDUxMjkw,1621181,John DeNero,University of California Berkeley,CS61A,5.0,5.0,5.0,1.0,2011-10-07,-1,,"Great lecturer, funny, and gets constant applause.",,0,0
UmF0aW5nLTE5MDQwODMy,1621181,John DeNero,University of California Berkeley,CS61A,5.0,5.0,5.0,2.0,2011-10-03,-1,,"Awesome professor, has a very fun sense of humor and lectures are usually pretty interesting. He he very open to suggestions and answers questions very thoughtfully. He keeps everything online for easy access, and his exams to some degree are fairly challenging but definitely doable. The projects are really fun and have practical use. 10/10",,0,0
UmF0aW5nLTE5MDIxOTE2,1621181,John DeNero,University of California Berkeley,CS61A,4.0,4.0,4.0,3.0,2011-09-25,-1,,"DeNero is a research scientist at Google--He is relatively young, and teaches with a great deal of zeal and enthusiasm. Be forewarned that taking this class w/o programming experience will take a great deal of work and studying. Class could be very easy or hard depending on your experience.",,0,0
UmF0aW5nLTI3NzAyMzQ5,1621181,John DeNero,University of California Berkeley,CS61B,4.0,4.0,4.0,4.0,2017-01-09,1,A-,Overall I liked him but the tests and projects are annoying. They are fill in the blank instead of coding something from scratch. His lectures are good but sometimes I feel like he goes really in depth in order to distinguish people on tests instead of teaching more useful material. Look at last problem on MT2 F2016. Study more than hw and labs.,Tough Grader--Respected--Hilarious,2,2
UmF0aW5nLTQwMjgxODUw,1621181,John DeNero,University of California Berkeley,CS8,5.0,5.0,5.0,3.0,2024-12-13,1,Not sure yet,Great prof for Data C88C. Only took stat20 so didn't know a lot about python but you can tell he cares about his students and is so sweet. ,Inspirational--Caring--Respected,0,0
UmF0aW5nLTI4Mjc3OTk2,1621181,John DeNero,University of California Berkeley,CS8,5.0,5.0,5.0,3.0,2017-05-10,1,,"Professor DeNero is the man, I have never had a professor this good.",Respected--Hilarious--Caring,2,0
UmF0aW5nLTQzMjMwMjQ0,1621181,John DeNero,University of California Berkeley,DATA8,5.0,5.0,5.0,2.0,2026-06-07,1,A,"Fair class, pretty easy, tests were not hard to do well on",Caring--Respected,0,0
UmF0aW5nLTQzMjI4NzY1,1621181,John DeNero,University of California Berkeley,DATA8,4.0,4.0,4.0,4.0,2026-06-06,1,A,"Professor DeNero is very kind, tells jokes, and occasionally brings his dog to class. Utilize office hours, complete assignments early, and thoroughly study the past exams and course worksheets. If you stay on top of the material, you will do well",EXTRA CREDIT--Lots of homework--Accessible outside class,0,0
UmF0aW5nLTQzMjE0ODg5,1621181,John DeNero,University of California Berkeley,DATA8,2.0,2.0,2.0,3.0,2026-06-01,-1,B,"DATA8 is the perfect example of a weeder class. The lectures were not helpful at all and were often filled with jargon. There were so many assignments during the week that it was difficult to understand all the concepts, as many of the labs and homeworks had the same problems/code. The assignments were also often unrelated to the exams.",Lots of homework,0,0
UmF0aW5nLTQzMTg0ODM4,1621181,John DeNero,University of California Berkeley,DATA8,4.0,4.0,4.0,3.0,2026-05-23,1,A,"If you don't have any background in DS or CS, Denero's Data 8 is the perfect introduction to it. His excitement for the subject makes material feel so much more interesting. His lectures can run a little slow at times but overall he is great at teaching. His exams aren't ivery difficult but value critical thinking skills more than others.",Caring--Accessible outside class,0,0
UmF0aW5nLTQzMDMzNzI1,1621181,John DeNero,University of California Berkeley,DATA8,3.0,3.0,3.0,4.0,2026-05-05,-1,Not sure yet,"He is a nice professor but he makes his exams harder than necessary. Going to lecture is important and helps, but, at the end of the day, the class requires mastery of the material to be able to apply it well on the exam.",Tough grader--Respected,0,0
UmF0aW5nLTQyODYxMjg2,1621181,John DeNero,University of California Berkeley,DATA8,5.0,5.0,5.0,3.0,2026-04-17,1,Not sure yet,"such a joyous, lovely professor. really accessible outside of class (go to his dog office hours!), i wish i was a cs major to take more classes with him, i feel so much joy when i go to his lecture",Inspirational--Accessible outside class--Online Savvy,0,0
UmF0aW5nLTQyODAwMDU4,1621181,John DeNero,University of California Berkeley,DATA8,5.0,5.0,5.0,3.0,2026-04-08,1,Not sure yet,i absolutely love lectures wit prof. denero. he makes such an effort to answer questions in lecture despite there being so many students and he runs his office hours incredibly efficiently as well. he's so passionate about what he teaches and you can really feel it in his lectures. plus his dog is so cutie and he brings her sometimes!!,EXTRA CREDIT--Respected--Online Savvy,0,0
UmF0aW5nLTM3MzU1MDc0,1621181,John DeNero,University of California Berkeley,DATA8,5.0,5.0,5.0,3.0,2023-01-19,1,A-,"Weekly homeworks/labs were assigned but doable and actually relevant for exams, along w/the textbook. Provided many individual/class-wide opportunities for extra credit. One midterm and final, midterm felt more difficult than final. I had prior coding experience w/CS88 yet he introduced concepts very well for NPE students. Great professor overall!",EXTRA CREDIT--Lots of homework--Caring,1,0
UmF0aW5nLTM3Mjk1OTA3,1621181,John DeNero,University of California Berkeley,DATA8,5.0,5.0,5.0,3.0,2023-01-07,1,A-,"As someone unfamiliar with coding/python, Data8 is not too difficult. Watch lecture OR read the textbook; wasn't necessary to do both cuz it's the same info. In-person labs graded on participation/completion. Submit HW and projects early for 5 pts extra credit. Provided with reference sheet at midterm and final. You'll be fine if you do the work.",EXTRA CREDIT--Hilarious,1,0
UmF0aW5nLTM3MjY4ODk3,1621181,John DeNero,University of California Berkeley,DATA8,4.0,4.0,4.0,3.0,2023-01-01,1,B+,"I will be reviewing the class & not the professor as someone who never went to lecture after Week 1 lol. I am a Public Health major where coding is not my strength, but still earned a B+ even w/ a C on the midterm & F on the final (45% grade weight). I think it is easy to pass as long as you complete your HWs & project a day early for +5 EC points!",Hilarious--Respected--Accessible outside class,0,0
UmF0aW5nLTM3MjU2MDc5,1621181,John DeNero,University of California Berkeley,DATA8,5.0,5.0,5.0,3.0,2022-12-28,1,A,"Data 8 was a sold introductory course in data science. Course content had mild overlap with AP Stats. Homework and lab are helpful; the textbook and past exams are public. Good logistics for 2000 people. As for DeNero, he's about as good as a lecturer gets, effectively explaining concepts and utilizing time, answering questions despite class size.",,0,0
UmF0aW5nLTM3MjMxNDA1,1621181,John DeNero,University of California Berkeley,DATA8,5.0,5.0,5.0,3.0,2022-12-23,1,,"Mainly working with Jupyter notebook in Python. Involves weekly lab and hw, 3 projects, midterm, & a final. The overall class is pretty good! If you're new to coding, then joining Data Scholars as well will help you - they provide reviews and assignment workshops. This ""class"" will be graded on submitting weekly worksheets, but they help you a lot!",Amazing lectures --Lots of homework--Hilarious,0,0
UmF0aW5nLTM3MDg2MTA4,1621181,John DeNero,University of California Berkeley,DATA8,5.0,5.0,5.0,2.0,2022-12-12,1,Not sure yet,"Adored data8 as my intro to data science. Course staff are always helpful and kind. Labs are incredibly useful. Denero himself is a great lecturer. Super thorough and digestible. Would recommend everyone take data8. Super interesting class and applicable to everyday life. Homework & lab every week, ample EC, one midterm. ",Inspirational--Caring--Accessible outside class,0,0
UmF0aW5nLTM3MDQ1NTg0,1621181,John DeNero,University of California Berkeley,DATA8,5.0,5.0,5.0,2.0,2022-12-09,1,A,"Took AP CSA and AP Stats in high school, and honestly with that experience Data8 was a breeze. I barely went to lecture, and doing the labs and homework thoroughly was enough to understand the content. Practice exams are great ways to study for the tests. Ask for help if you need it! DeNero is awesome and the course staff is amazing. ",Hilarious--Respected--Accessible outside class,0,0
UmF0aW5nLTM2Nzc1NTI4,1621181,John DeNero,University of California Berkeley,DATA8,5.0,5.0,5.0,3.0,2022-11-03,1,A,"John DeNero manages a 1400+ student class well. His homework and labs prepare you for the exams. 
His lectures are entertaining and he is always open to questions.",Amazing lectures --Clear grading criteria--Inspirational,0,0
UmF0aW5nLTM2NzUwMTY5,1621181,John DeNero,University of California Berkeley,DATA8,5.0,5.0,5.0,4.0,2022-10-28,1,C-,"DeNero is a CS god, and a great professor. just attend all the lectures as there is a lot of material covered in that hour of class. I did all the homework and projects but failed the midterm and final but still passed the class so the bare minimum is okay. ",Group projects--Clear grading criteria--Respected,0,0
UmF0aW5nLTM2Njg5NzYy,1621181,John DeNero,University of California Berkeley,DATA8,4.0,4.0,4.0,3.0,2022-10-10,1,A+,Good teacher,Clear grading criteria--Respected,0,0
UmF0aW5nLTM2NDI1MDgx,1621181,John DeNero,University of California Berkeley,DATA8,5.0,5.0,5.0,2.0,2022-05-31,1,A-,"Took Data8 with Berkeley legend, Daddy DeNero, and I've ascended. He's a funny guy, HIGHLY RECOMMEND!",Amazing lectures --Hilarious--Respected,0,0
UmF0aW5nLTM2MjE4NjE2,1621181,John DeNero,University of California Berkeley,DATA8,2.0,2.0,2.0,4.0,2022-05-02,-1,Not sure yet,"Here's the thing. The class itself isn't too bad. The professor works hard to make lectures engaging and the assignments are good teaching tools. However, this class was the least understanding and most unaccommodating towards me when I was dealing with SEVERE mental health issues. ",,1,1
UmF0aW5nLTM2MTk2OTcw,1621181,John DeNero,University of California Berkeley,DATA8,5.0,5.0,5.0,3.0,2022-04-29,1,Not sure yet,Very caring professor and gives great lectures!,Amazing lectures --Caring--Respected,0,0
UmF0aW5nLTI5NDYzNTk3,1621181,John DeNero,University of California Berkeley,DATA8,5.0,5.0,5.0,3.0,2018-01-16,1,A,I took Data 8 with Denero and Wagner Fall 2017 and it is so clear how much effort they put into crafting a really interesting and well-designed class. Denero is charismatic and moves at a good pace in his lectures. He mostly taught the coding portion of the material and was very approachable when I asked questions in office hours.,Respected--Hilarious--Caring,3,2
UmF0aW5nLTI5MzMwNjk1,1621181,John DeNero,University of California Berkeley,DATA8,5.0,5.0,5.0,4.0,2017-12-24,1,B+,"Prof. DeNero is witty, knowledgable, and patient. He and the GSIs construct an inclusive, helpful environment for all students. There is no shortage of help (Piazza, office hours, lab), though you may have to wait during busy times, like right before a project is due. Try to take coding problems in stride. You learn best through trial and error!",Respected--Inspirational--Amazing lectures,2,0
UmF0aW5nLTI4MzU3NzA1,1621181,John DeNero,University of California Berkeley,DATA8,4.0,4.0,4.0,2.0,2017-05-21,1,A,"The myth, the man, and the legend. This guy somehow manages to simulate a semi-personal connection with each and every student in a class with several hundred students. The course (for the most part) was very well run, and I definitely enjoyed it. He and Adhikari both did an amazing job trying to make the material accessible for everyone.",Gives good feedback--Inspirational--Amazing lectures,10,1
UmF0aW5nLTQxNTE4NDc2,1621181,John DeNero,University of California Berkeley,DATAC88C,1.0,1.0,1.0,4.0,2025-07-23,-1,,"He is very difficult when it comes to learning the material as he teaches basic things, but then he gives very difficult questions.",Tough grader,1,0
UmF0aW5nLTQxMjkxMzk1,1621181,John DeNero,University of California Berkeley,DATAC88C,4.0,4.0,4.0,4.0,2025-05-15,1,A,"Posted videos of himself covering relevant course content before class. I never actually went to class (time conflict enrollment), but was able to take notes and follow along just based on these videos. Great course if you excel at teaching yourself through videos. Seemed very passionate. ",Tough grader--Group projects--Graded by few things,0,0
UmF0aW5nLTQwOTM5MzY5,1621181,John DeNero,University of California Berkeley,DATAC88C,4.0,4.0,4.0,3.0,2025-04-14,1,A,"we love denero!! but i could definitely tell that this semester of c88c was ramped up compared to the usual with ball. denero is so passionate about all the topics though, so i loved his lectures. honestly wish he taught the class entirely alone, because i enjoyed him much more than the other two lecturers. inspirational!",Gives good feedback--Inspirational--Respected,0,0
UmF0aW5nLTQwOTIzNzMz,1621181,John DeNero,University of California Berkeley,DATAC88C,4.0,4.0,4.0,3.0,2025-04-12,1,B,"Really great teacher but not the best implementation of the course. This was John's first semester teaching C88C, and it definitely feels like 61A lite. I wish more thought had been put into the material, but it was still a good class. Coding is not my forte so a lot of it felt counterintuitive, but in the end, I can def say I'm a way better coder.",Lots of homework,0,0
UmF0aW5nLTQwNjQ4NDQ2,1621181,John DeNero,University of California Berkeley,DATAC88C,5.0,5.0,5.0,1.0,2025-02-07,1,A-,"Very easy, be on time with deadlines. People with coding experience, this is an easy class. If you don't have coding experience, just go to lecture and it's a straightforward class.",,0,0
UmF0aW5nLTQwNDU1MTM4,1621181,John DeNero,University of California Berkeley,DATAC88C,5.0,5.0,5.0,5.0,2024-12-29,1,A,"Hard class for someone who hasn't coded before but if you put the effort in and watch all lectures / do hw / study far in advance you will be okay. DeNero is super chill, cares about students, and provides so many resources for understanding and test prep. ",Caring--Accessible outside class--Online Savvy,0,0
UmF0aW5nLTQzMDA4ODYx,1919547,John Guttag,Massachusetts Institute of Technology,600SC,4.0,4.0,4.0,3.0,2026-05-03,1,,"Clear lectures, fair exams.",,0,0
UmF0aW5nLTM5OTk5ODI1,1919547,John Guttag,Massachusetts Institute of Technology,600SC,5.0,5.0,5.0,5.0,2024-11-21,1,Audit/No Grade,He's my dad and he is a great dad.,Get ready to read--Gives good feedback--Accessible outside class,0,0
UmF0aW5nLTI2NzI5NjU2,1919547,John Guttag,Massachusetts Institute of Technology,600SC,5.0,5.0,5.0,5.0,2016-06-15,1,,An awesome teacher. But i felt the coursework was a little heavy.,,1,0
UmF0aW5nLTIzNTkxNjc4,1919547,John Guttag,Massachusetts Institute of Technology,600SC,5.0,5.0,5.0,1.0,2014-09-13,-1,Audit/No_Grade,He is very helpful. And he is telling cool stories about Engineering and Computer history.,,2,2
UmF0aW5nLTIxNzM2MzMz,137140,John Ochsendorf,Massachusetts Institute of Technology,1056,5.0,5.0,5.0,1.0,2013-05-11,-1,,Extremely helpful and really interested in making students understand the subject. Also encourages development of interest among students. Fair grading!,,0,0
UmF0aW5nLTEyODYwMTkz,137140,John Ochsendorf,Massachusetts Institute of Technology,STR446,5.0,5.0,5.0,4.0,2007-02-12,-1,,No Comments,,0,0
UmF0aW5nLTM2MTU0NjUx,1871927,John Ousterhout,Stanford University,CS144,5.0,5.0,5.0,3.0,2022-04-26,1,,Legend.,,0,0
UmF0aW5nLTIyNjkzNzU0,1871927,John Ousterhout,Stanford University,CS144,5.0,5.0,5.0,3.0,2014-01-04,-1,B+,"Professor Ousterhout is one of the best instructors I've ever come across. If you are considering taking a class from him, do it! You won't be disappointed.",,0,0
UmF0aW5nLTM2NDkwMTg0,813039,Joseph Sussman,Massachusetts Institute of Technology,1011,3.0,3.0,3.0,3.0,2022-06-27,1,Drop/Withdrawal,kinda sus,,0,0
UmF0aW5nLTIxNzM2Mzkw,813039,Joseph Sussman,Massachusetts Institute of Technology,1011,3.0,3.0,3.0,2.0,2013-05-11,-1,,Classes could be more clear and topics more explained in the sections.,,0,0
UmF0aW5nLTExNTAyNzA1,813039,Joseph Sussman,Massachusetts Institute of Technology,TRANSPORTATION,3.0,3.0,3.0,1.0,2006-02-21,-1,,No Comments,,0,0
UmF0aW5nLTIxNDAxMDQ4,1801551,Jure Leskovec,Stanford University,CS224W,5.0,5.0,5.0,4.0,2013-03-11,-1,,Fantastic teacher. Very enthusiastic.,,0,1
UmF0aW5nLTI0NDQxODg5,1801551,Jure Leskovec,Stanford University,CS246,4.0,4.0,4.0,5.0,2015-03-08,-1,Not sure yet,"Great class, but the homework is EXTREMELY time consuming.  I'd recommend taking  2 classes if this is 1 of them.  Could easily be spread across 4 quarters.  Material is less Hadoop than anticipated, but covers most big data mining domains that exist: Recommender systems, community detection, streaming data. Most can be done in Java on a PC.",,1,0
UmF0aW5nLTIxODU2ODc0,1801551,Jure Leskovec,Stanford University,CS246,5.0,5.0,5.0,3.0,2013-06-03,-1,,very enthusiastic prof.,,1,1
UmF0aW5nLTIxMDg1Mjkw,565297,Keith Nelson,Massachusetts Institute of Technology,CHEML01,1.0,1.0,1.0,5.0,2012-12-15,-1,,Dry and boring,,0,0
UmF0aW5nLTExMzA0NjAy,565297,Keith Nelson,Massachusetts Institute of Technology,QUANT,5.0,5.0,5.0,3.0,2006-01-04,-1,,"very good professor, difficult but helpful when needed.  Difficult tests, but very good teacher and fair grader.",,0,1
UmF0aW5nLTIxMzU4NDg4,565297,Keith Nelson,Massachusetts Institute of Technology,THERM801,2.0,2.0,2.0,4.0,2013-02-21,-1,,This guy trips over his own word. Writing sloppy and hard to read on the board. Just takes his notes and copies them on the board while he stutters and stammers.,,0,0
UmF0aW5nLTMzMTUzMzI=,565297,Keith Nelson,Massachusetts Institute of Technology,THERMO,1.0,1.0,1.0,5.0,2005-02-02,-1,,"Can this guy really be a professor&#63; He talks a mile a minute, but he doesn't seem to really know what he is talking about. Asks insanely hard test questions, gives very little partial credit, but if you ask him a comparable question during office hours, he has to refer to a book to find the answer.",,0,0
UmF0aW5nLTIzNTQ3OTMw,565297,Keith Nelson,Massachusetts Institute of Technology,THERMO560,1.0,1.0,1.0,4.0,2014-08-21,-1,,His explanation for material is really bad. He copies from his notes (which isn't inherently bad) though he cannot justify certain statements at all. It makes things incredibly frustrating when he can't explain why what he's teaching is ture.,,0,0
UmF0aW5nLTQxODIyNDkz,1787737,Keith Schwarz,Stanford University,106B,1.0,1.0,1.0,3.0,2025-11-07,-1,Rather not say,lifeless. pretty damn lifeless.,,0,0
UmF0aW5nLTIzOTQyNTgx,1787737,Keith Schwarz,Stanford University,106B,5.0,5.0,5.0,4.0,2014-12-04,-1,,just a great teacher. you can tell he loves his job and wants students to learn,,2,0
UmF0aW5nLTM1ODQ3MTA4,1787737,Keith Schwarz,Stanford University,CS103,5.0,5.0,5.0,3.0,2022-02-11,1,A,"so much energy, he really teaches you the material",Inspirational--Hilarious--Amazing lectures,0,0
UmF0aW5nLTI5ODAxMDQ3,1787737,Keith Schwarz,Stanford University,CS103,1.0,1.0,1.0,3.0,2018-04-13,0,,avoid.,,13,3
UmF0aW5nLTI5NDM2MTYx,1787737,Keith Schwarz,Stanford University,CS103,5.0,5.0,5.0,4.0,2018-01-11,1,A,Favorite professor,,1,11
UmF0aW5nLTI4ODA4Nzg0,1787737,Keith Schwarz,Stanford University,CS103,3.0,3.0,3.0,5.0,2017-10-31,0,,"a well meaning teacher, totally unfair class. proofs graded subjectively. TAs and teacher contradict each other and get salty when you ask questions.",TEST HEAVY,8,0
UmF0aW5nLTI4NDAxODgx,1787737,Keith Schwarz,Stanford University,CS103,4.0,4.0,4.0,5.0,2017-05-30,0,,Keith's great and this material is super cool! Just too much of it to learn all at once.,Tough Grader--TEST HEAVY--LECTURE HEAVY,4,0
UmF0aW5nLTI4MzQ5ODQx,1787737,Keith Schwarz,Stanford University,CS103,5.0,5.0,5.0,5.0,2017-05-19,1,,Love him!!! 103 has been such an interesting class! Wish I could take a seminar with him and learn more!,LOTS OF HOMEWORK--Inspirational--LECTURE HEAVY,3,3
UmF0aW5nLTI4MjAyMzg5,1787737,Keith Schwarz,Stanford University,CS103,4.0,4.0,4.0,5.0,2017-05-03,0,,"Keith Schwarz is an extremely talented CS teacher. He is organized, clear, and loves his material.  His lectures inspire you to love computer theory too.  But he and his TAs have an extremely punitive grading  style that makes one dread this course. Learning should not be punishment. Computer Science should not be about gatekeeping.",Tough Grader--TEST HEAVY--LECTURE HEAVY,12,0
UmF0aW5nLTI3NzU5MDU5,1787737,Keith Schwarz,Stanford University,CS103,5.0,5.0,5.0,4.0,2017-01-20,1,,"Hands down one of the best professors at Stanford. He's totally organized, clear, and super interesting to listen to.  Keith really inspires you to be great and helps so many people make sense of computer science.",Respected--Inspirational--Amazing lectures,2,1
UmF0aW5nLTI3NTUyMzM2,1787737,Keith Schwarz,Stanford University,CS103,5.0,5.0,5.0,4.0,2016-12-18,1,B,"Caring, clear, and really passionate - I can't recommend Keith more highly. He is extremely available in office hours and takes time out of lectures to answer student questions. He's really adamant about taking questions, and that's part of why he's such a good teacher.",Inspirational--ACCESSIBLE OUTSIDE CLASS--Amazing lectures,1,1
UmF0aW5nLTI3MjI1NzMy,1787737,Keith Schwarz,Stanford University,CS103,5.0,5.0,5.0,4.0,2016-11-19,1,,Easily the best instructor I have ever had in my 8 years of college and graduate studies. Difficult class but there is no better place to take it or instructor to take it from. Course taken through SCPD.,Respected--Amazing lectures,1,1
UmF0aW5nLTI3MTc3NjEz,1787737,Keith Schwarz,Stanford University,CS103,4.0,4.0,4.0,4.0,2016-11-13,1,,"CS 103: Keith is a great speaker/motivator. Class started off with wonderful lectures; very clear theorems, proofs, and explanations. Near the end of the course, some important concepts (PNP, R, RE, etc.) may not have been explained clearly enough, as many of my peers were lost. Midterms/final not graded leniently so be very, very specific.",Tough Grader--TEST HEAVY--Amazing lectures,1,0
UmF0aW5nLTI3MTM1OTQ3,1787737,Keith Schwarz,Stanford University,CS103,5.0,5.0,5.0,4.0,2016-11-05,1,,Really well prepared. Does everything he could to make you succeed.,Gives good feedback--Hilarious--Amazing lectures,1,0
UmF0aW5nLTI3MTM1OTQz,1787737,Keith Schwarz,Stanford University,CS103,5.0,5.0,5.0,4.0,2016-11-05,1,,Inspirational. Well prepared. To the point.,Gives good feedback--Hilarious--Amazing lectures,0,0
UmF0aW5nLTI3MTMzNDMw,1787737,Keith Schwarz,Stanford University,CS103,5.0,5.0,5.0,3.0,2016-11-05,1,B+,"I never review any professor. Keith, however, is the best professor I've ever had. I'm short on ways by which I can give him the recognition he deserves.",Inspirational--Amazing lectures--Caring,1,1
UmF0aW5nLTI0NjY4OTE2,1787737,Keith Schwarz,Stanford University,CS103,5.0,5.0,5.0,4.0,2015-04-25,-1,A,Best professor I've ever had!,,1,0
UmF0aW5nLTI0NjUyMjEy,1787737,Keith Schwarz,Stanford University,CS103,5.0,5.0,5.0,4.0,2015-04-23,-1,A,"Extremely engaging lecturer. Keith might actually be the best lecturer at Stanford. He moves at a lightning pace, yet somehow manages to be clear. Take his classes.",,2,0
UmF0aW5nLTIxOTc2NDMz,1787737,Keith Schwarz,Stanford University,CS103,5.0,5.0,5.0,4.0,2013-07-17,-1,,"Keith is a phenomenal teacher. He's extremely clear, really really knowledgeable, and hands-down the most enthusiastic teacher I've ever had. He's exceptionally good at balancing answering tons of students' questions and keeping class on pace.",,1,0
UmF0aW5nLTI0NTI0NzQz,1787737,Keith Schwarz,Stanford University,CS106A,5.0,5.0,5.0,2.0,2015-03-31,-1,,"Keith is the greatest! He explains everything really clearly, is incredibly helpful, and clearly loves what he's teaching. Definitely take a class with him!",,2,0
UmF0aW5nLTI3OTIwMDQ3,1787737,Keith Schwarz,Stanford University,CS106B,3.0,3.0,3.0,5.0,2017-03-19,0,,"Good professor, but makes nearly any class ultra hard",LOTS OF HOMEWORK--TEST HEAVY,4,0
UmF0aW5nLTI3ODEwMjQ0,1787737,Keith Schwarz,Stanford University,CS106B,5.0,5.0,5.0,3.0,2017-02-07,1,,Simply one of the best teachers I've ever had! He never gives up trying to help you understand.,Inspirational--Hilarious--Amazing lectures,2,1
UmF0aW5nLTI3ODA5MDEx,1787737,Keith Schwarz,Stanford University,CS106B,4.0,4.0,4.0,3.0,2017-02-06,1,,"So great, wonderful lectures, totally caring and helpful. he really helps you understand computer science",Gives good feedback--Inspirational--Amazing lectures,1,1
UmF0aW5nLTIzMzg5NzIx,1787737,Keith Schwarz,Stanford University,CS106B,5.0,5.0,5.0,1.0,2014-06-20,-1,,"Keith is so excited about CS ad the excitement is contagious. He talks really fast, so you might miss some of the jokes he tells until 5 seconds later. Most of the classes (or all?) he teaches have lecture videos, so if speed is a problem, you can just watch the lecture videos.",,2,1
UmF0aW5nLTIxOTEwODgz,1787737,Keith Schwarz,Stanford University,CS143,5.0,5.0,5.0,3.0,2013-06-20,-1,,"I took CS143, Compilers, in 2011.  Keith was very enthusiastic, very well-prepared, and could answer any question anyone threw at him.  He kept the course on track and covered a lot of material in short time.  He was very helpful in his office hours and just generally a good guy.",,2,0
UmF0aW5nLTIyMDU3MzU5,1787737,Keith Schwarz,Stanford University,CS161,5.0,5.0,5.0,1.0,2013-08-15,-1,A,"Very passionate and enthusiastic teacher! His lectures are very well organized and crystal clear. Cares very much about his students learning. He gives interesting side notes and little known historical backgrounds. Very smart guy and funny. Also, very approachable. He is the best teacher I have ever had!",,1,0
UmF0aW5nLTM1ODEyOTU3,2021668,Keith Winstein,Stanford University,CS144,5.0,5.0,5.0,3.0,2022-01-31,1,,"Really interesting class. Winstein really cares about helping you learn, and as long as you engage with lectures and go to lab sessions, you'll do fine in the class.",Gives good feedback--Respected--Participation matters,0,0
UmF0aW5nLTM1MTg4MTQ3,2021668,Keith Winstein,Stanford University,CS144,1.0,1.0,1.0,2.0,2021-11-03,0,Not sure yet,Disorganized and unable to convey the primary learning goals of his class.,,0,0
UmF0aW5nLTMzNzQ2OTMw,2021668,Keith Winstein,Stanford University,CS144,5.0,5.0,5.0,3.0,2020-10-29,1,A-,GODSEND. One of the best instructors @ Stanford,Respected--Inspirational--Hilarious,0,0
UmF0aW5nLTMwMjA0NTU3,2021668,Keith Winstein,Stanford University,CS181,3.0,3.0,3.0,3.0,2018-05-29,0,A,"This class was OK, easy, not a lot of work or thinking, I was really hoping for more ideas and approaches to deal with the problems of tech, being a developer, and Silicon Valley",,1,0
UmF0aW5nLTI3ODMxNjYz,2021668,Keith Winstein,Stanford University,CS181,3.0,3.0,3.0,2.0,2017-02-15,0,,"I'd heard great things about this course in the past, this instructor is OK, but I'm not learning much about all the policy and ethics I'd heard about.",Skip class? You won't pass.,2,0
UmF0aW5nLTEyMTUwMzc1,121234,Kenneth Stevens,Massachusetts Institute of Technology,HST710,3.0,3.0,3.0,2.0,2006-08-11,-1,,No Comments,,0,0
UmF0aW5nLTIwNTA4Njcw,121234,Kenneth Stevens,Massachusetts Institute of Technology,PHYS7,5.0,4.0,5.0,2.0,2012-07-22,-1,,Spent every Wednesday before tests in 6 hour review sessions- wouldn't leave until he was sure everyone that came to the session understood the material!,,0,0
UmF0aW5nLTE0OTAwODM1,1191110,Kevin Wayne,Princeton University,COMP1,5.0,5.0,5.0,4.0,2008-10-25,-1,,No Comments,,2,0
UmF0aW5nLTM4MDcxODEy,1191110,Kevin Wayne,Princeton University,COS226,5.0,5.0,5.0,2.0,2023-06-27,1,B+,A great man and professor.,Amazing lectures --Inspirational--Hilarious,0,0
UmF0aW5nLTI4ODE4NTU0,1191110,Kevin Wayne,Princeton University,COS226,5.0,5.0,5.0,4.0,2017-11-01,1,A,"This was a Coursera course at the first-year grade level (although assuming you can program, and if not they have an amazing book for that too). The course was taught in collaboration with Prof Sedgewick, who did the lectures. Prof Wayne was also participating in the forums, and I found his contribution critically important.",Tough Grader--Gives good feedback--Respected,0,0
UmF0aW5nLTE2MjA2MTgx,1191110,Kevin Wayne,Princeton University,COS226,5.0,5.0,5.0,5.0,2009-09-25,-1,,Kevin Wayne is a really great professor. Lectures are clear and well planned.,,1,0
UmF0aW5nLTQyNTE2NTU3,2254913,Kilian Weinberger,Cornell University,CS4780,5.0,5.0,5.0,3.0,2026-01-18,1,A,"Boy oh boy where do I even begin my glorious 5'7 blue eyed king Killian Wineburger. It's not just the way you have the whole crowd laughing at your jokes that makes you the GOAT, Killian pookie, it's your utmost passion and love of the game that truly shines through. Your unparalleled talent makes you alone are the honored one of cornell CS ",Amazing lectures --Inspirational--Caring,0,0
UmF0aW5nLTQwNjM2Mjkx,2254913,Kilian Weinberger,Cornell University,CS4780,5.0,5.0,5.0,5.0,2025-02-04,1,,"such a great guy, one of my absolute fav profs at cornell because he makes lectures so exciting not to mention he's drop dead hilarious. very in tune with explaining difficult concepts and reading the audience to know when students aren't following along. would recommend x100!",Inspirational--Hilarious--Caring,0,0
UmF0aW5nLTM5NzQ5MDEx,2254913,Kilian Weinberger,Cornell University,CS4780,5.0,5.0,5.0,3.0,2024-09-18,1,A-,"Fantastic professor. Taught a topic I knew very little about and left me knowledgeable and inspired. Also great at juggling, great jokes and knows how to keep a class entertained. Mandates that students don't take notes on their computers, which made life harder for me, but delivered handwritten and typed lecture notes.",Amazing lectures --Inspirational--Hilarious,0,0
UmF0aW5nLTM5NDg3Njcy,2254913,Kilian Weinberger,Cornell University,CS4780,5.0,5.0,5.0,3.0,2024-05-18,1,Not sure yet,"A great professor with excellent juggling skills! I had no prior ML experience before this class, and Kilian explained so many tough concepts in ways that just made sense. He is a master at finding helpful analogies and has a great sense of humor. I would highly recommend this class if you are someone that wants to learn the foundations of ML.",,0,0
UmF0aW5nLTM4Mjc2MDg0,2254913,Kilian Weinberger,Cornell University,CS4780,5.0,5.0,5.0,4.0,2023-10-15,1,A,"the goat. if he's teaching something while you're enrolled, take it.",,0,0
UmF0aW5nLTM3OTk2NDAw,2254913,Kilian Weinberger,Cornell University,CS4780,5.0,5.0,5.0,4.0,2023-05-27,1,A,Good professor. Don't hesitate to take this class when it is Killian teaching.,EXTRA CREDIT--Inspirational--Lots of homework,0,0
UmF0aW5nLTM3OTA4MDI1,2254913,Kilian Weinberger,Cornell University,CS4780,5.0,5.0,5.0,3.0,2023-05-12,1,Not sure yet,Best professor I have had. Very informative and fun lectures. Lots of material posted online,Amazing lectures --Respected--Lecture heavy,2,0
UmF0aW5nLTM3ODk5OTg2,2254913,Kilian Weinberger,Cornell University,CS4780,5.0,5.0,5.0,4.0,2023-05-11,1,Not sure yet,You will not find a better ML professor. The man knows his stuff soooo well and is really good at explaining it to people who know nothing about it. He also juggled in class one time which was hilarious. I did not miss a single lecture this semester and it's so worth my time. I do not understand how anyone can rate him low.,Amazing lectures --Inspirational--Hilarious,2,0
UmF0aW5nLTM3ODczOTA1,2254913,Kilian Weinberger,Cornell University,CS4780,5.0,5.0,5.0,3.0,2023-05-09,1,,really good,,0,0
UmF0aW5nLTM2OTIxMjQw,2254913,Kilian Weinberger,Cornell University,CS4780,5.0,5.0,5.0,4.0,2022-11-30,1,,great professor of a great class,Amazing lectures --Inspirational--Hilarious,0,0
UmF0aW5nLTM2NDM4NDcy,2254913,Kilian Weinberger,Cornell University,CS4780,4.0,4.0,4.0,3.0,2022-06-04,1,A-,"Funny and engaging professor. CS 4780 is definitely a little overhyped, but taking it with Weinberger made it pretty enjoyable. Definitely re-watch the 2017 lectures on youtube if you're confused. Programming assignments and mathematical psets kinda sucked, but workload still wasn't as bad as some other CS courses. Can't really ask for much more",Lots of homework--Hilarious--Lecture heavy,0,0
UmF0aW5nLTM2MzYzNzI0,2254913,Kilian Weinberger,Cornell University,CS4780,5.0,5.0,5.0,2.0,2022-05-18,1,A,"Fantastic professor (one of the best here!), I have no clue why there are any bad ratings at all.",Amazing lectures --Inspirational--Hilarious,0,0
UmF0aW5nLTM1NTExMDQy,2254913,Kilian Weinberger,Cornell University,CS4780,5.0,5.0,5.0,3.0,2021-12-14,1,,Incredibly engaging lecturer and explains the concepts so clearly! Best CS professor I've had at Cornell,Group projects--Hilarious--Amazing lectures,0,0
UmF0aW5nLTMzNjA2NjQ0,2254913,Kilian Weinberger,Cornell University,CS4780,5.0,5.0,5.0,3.0,2020-08-23,1,A,Most enthusiastic professors I have ever seen in my life. Answers every question with patience and is very funny,,0,0
UmF0aW5nLTMzNDUyNjY1,2254913,Kilian Weinberger,Cornell University,CS4780,5.0,5.0,5.0,3.0,2020-06-21,1,B+,"Fantastic lecturer who's really passionate about the material. Despite the high number of students, he interacts with students as much as he can. He comes from the industry and since becoming a professor has built around the world a great academic reputation. Couldn't have asked for a better professor. Lots of projects and hard exams, be prepared.",Lots of homework--Hilarious--Amazing lectures,0,0
UmF0aW5nLTMzNDI2MjA0,2254913,Kilian Weinberger,Cornell University,CS4780,5.0,5.0,5.0,3.0,2020-06-11,1,,Extraordinary lectures!,Inspirational--Hilarious--Amazing lectures,0,0
UmF0aW5nLTMyOTU1MzY4,2254913,Kilian Weinberger,Cornell University,CS4780,5.0,5.0,5.0,3.0,2020-03-06,1,Audit/No Grade,Best lectures i have ever heard in machine learning. The way he sets the intuition is simply out of this world. Thank you so much Dr. Weinberger to break these complex algorithms down and make them super easy to understand,Respected--Inspirational--Hilarious,0,0
UmF0aW5nLTMyNDkxMjc3,2254913,Kilian Weinberger,Cornell University,CS4780,1.0,1.0,1.0,1.0,2019-11-29,0,,This class was so tedious,,0,0
UmF0aW5nLTMyMzA5OTcx,2254913,Kilian Weinberger,Cornell University,CS4780,5.0,5.0,5.0,3.0,2019-10-23,1,,"Context: I've taken most of the Machine Learning classes Cornell has to offer, and this is the very best class Cornell has to offer on the subject. If you *ever* want to do machine learning for a tech company, or even your side project/hustle, then this is the class you should take. No idea why there are so many bad ratings for such a good class.",Respected--Inspirational--Amazing lectures,0,0
UmF0aW5nLTMyMDcwNjg4,2254913,Kilian Weinberger,Cornell University,CS4780,1.0,1.0,1.0,1.0,2019-07-01,0,,Take 4786 to get some real design experience instead of this waste of time.,,2,0
UmF0aW5nLTMyMDQwMzM5,2254913,Kilian Weinberger,Cornell University,CS4780,1.0,1.0,1.0,1.0,2019-06-19,0,,I recommend a more rigorous ML class.,,1,0
UmF0aW5nLTMyMDAxMTY0,2254913,Kilian Weinberger,Cornell University,CS4780,1.0,1.0,1.0,1.0,2019-06-06,0,,Kilian brushes over all the material we need to know for tests and for projects and spends excessive amounts of time on proofs that ultimately teach us nothing.,,2,0
UmF0aW5nLTMxOTU3MTY0,2254913,Kilian Weinberger,Cornell University,CS4780,1.0,1.0,1.0,3.0,2019-05-26,0,,BAD CLASS! BAD PROF!,,1,0
UmF0aW5nLTMxOTIxMDE3,2254913,Kilian Weinberger,Cornell University,CS4780,1.0,1.0,1.0,2.0,2019-05-20,0,,Praise the department for putting a different prof in charge of 4780 next year. This was an unbearable class.,,2,0
UmF0aW5nLTMxNzI2Mzcx,2254913,Kilian Weinberger,Cornell University,CS4780,1.0,1.0,1.0,1.0,2019-05-01,0,,"Tests check how many equations you can memorize rather than a fundamental understanding of machine learning. Disorganized lectures. Tedious, buggy assignments. Useless HW assignments.",,2,1
UmF0aW5nLTMxNzE3MDI3,2254913,Kilian Weinberger,Cornell University,CS4780,5.0,5.0,5.0,4.0,2019-04-30,1,A-,"Great lecturer, fair tests, and makes the subject seem interesting.",Clear grading criteria--Hilarious--Amazing lectures,1,3
UmF0aW5nLTMxNTI5ODUz,2254913,Kilian Weinberger,Cornell University,CS4780,1.0,1.0,1.0,1.0,2019-04-04,0,,Really bad class,,3,2
UmF0aW5nLTMxMzIwMDIy,2254913,Kilian Weinberger,Cornell University,CS4780,2.0,2.0,2.0,4.0,2019-01-30,0,A,"Professor Weinberger was an entertainer first and a lecturer second. In the end, I forgot all the material the second the final exam ended.",Get ready to read--Skip class? You won't pass.--LOTS OF HOMEWORK,11,8
UmF0aW5nLTMxMjg3NjM2,2254913,Kilian Weinberger,Cornell University,CS4780,5.0,5.0,5.0,3.0,2019-01-21,1,,"Prof. Weinberger is an expert on the material and covers a broad field with sufficient depth. There are growing pains to having such a large class size due to the growing popularity of the topic but I learned a lot regardless. Well prepared lecture notes and entertaining, effective demos.",Respected--LOTS OF HOMEWORK--Amazing lectures,0,5
UmF0aW5nLTMxMjYzNzU1,2254913,Kilian Weinberger,Cornell University,CS4780,1.0,1.0,1.0,3.0,2019-01-15,0,,ML with Prof. Kilian was the worst 4000 level CS class I have taken.,,12,10
UmF0aW5nLTMxMjUyNDI0,2254913,Kilian Weinberger,Cornell University,CS4780,5.0,5.0,5.0,3.0,2019-01-13,1,B,The best class I have taken at Cornell! An excellent class to develop a strong intuition of ML. Prof Weinberger is an outstanding lecturer; the best I have had in three years at Cornell. He really cares about students understanding the content and he asks students' feedback. More time on DL can make the class even better. Or a separate DL class!,ACCESSIBLE OUTSIDE CLASS--Amazing lectures--Caring,3,6
UmF0aW5nLTMxMjQyODY1,2254913,Kilian Weinberger,Cornell University,CS4780,1.0,1.0,1.0,1.0,2019-01-11,0,,Ugh this class was so boring.,,8,6
UmF0aW5nLTMxMjM3Mjg3,2254913,Kilian Weinberger,Cornell University,CS4780,5.0,5.0,5.0,3.0,2019-01-10,1,A,"One of my favorite courses in Cornell. Professor is very funny but teaches the material in a very clear and effective manner. Be prepared for a lot of work, but projects and homework helped with my understanding in ML. Exams are not hard as long as you spend time going through lecture notes. Definitely would love to take another class with Kilian!",Inspirational--Amazing lectures--GROUP PROJECTS,6,9
UmF0aW5nLTMxMjM2NjY2,2254913,Kilian Weinberger,Cornell University,CS4780,5.0,5.0,5.0,3.0,2019-01-10,1,A-,Pretty awesome course,Clear grading criteria--Amazing lectures--EXTRA CREDIT,5,13
UmF0aW5nLTMxMjM1NDIw,2254913,Kilian Weinberger,Cornell University,CS4780,5.0,5.0,5.0,4.0,2019-01-10,1,B,One of the best classes I have ever taken. The material is challenging but relevant and Kilian teaches in a way that is both comprehensive and captivating. I learned most of the content by reviewing the online lecture recordings (class moves pretty fast and I really benefitted from being able to pause/rewind videos). Come ready to work and learn!,Respected--Amazing lectures--LECTURE HEAVY,2,13
UmF0aW5nLTMxMjM1Mzk5,2254913,Kilian Weinberger,Cornell University,CS4780,4.0,4.0,4.0,3.0,2019-01-10,1,A,"He covers the core of ML with good intuition and the necessary math rigor. If you want to learn ML, this is a great starting point. As someone with previous ML exposure, I still learned useful ideas in areas I hadn't focused on much (e.g. boosting). Some reviews hype too much tho - very inaccessible prof &amp; altho clear + funny, not very engaging.",Respected--EXTRA CREDIT--GROUP PROJECTS,3,10
UmF0aW5nLTMxMjMzMTcy,2254913,Kilian Weinberger,Cornell University,CS4780,5.0,5.0,5.0,4.0,2019-01-09,1,,I had Professor Weinberger for CS 4780 and he is the best CS professor Ive had at Cornell. His lectures are funny and the material is interesting. The only downside is the course is really challenging. Its hard to keep up unless you do the extea credit as well,Clear grading criteria--Hilarious--Amazing lectures,3,14
UmF0aW5nLTMxMjMzMDc5,2254913,Kilian Weinberger,Cornell University,CS4780,5.0,5.0,5.0,4.0,2019-01-09,1,,"Just an amazing, terrific class. We were genuinely so excited to come to class every week knowing that we would be learning and laughing. It's a feat to take Machine Learning and make it digestible and exciting, but he has taken the time to develop clever and funny analogies and demos and we all really appreciated that! Very sad that it's over!",Respected--Inspirational--Amazing lectures,2,11
UmF0aW5nLTMxMjMyOTcw,2254913,Kilian Weinberger,Cornell University,CS4780,5.0,5.0,5.0,4.0,2019-01-09,1,A,"I thoroughly enjoyed the course and made it to almost all of his lectures. It was fun. Though i got scared with placement test, the math content turned out to be too easy. I should have worried about my programming instead ... a few of the projects were tough nut( Dual SVM, trees etc.) If you put in expected work, exams are straight forward btw.",LOTS OF HOMEWORK--TEST HEAVY--Amazing lectures,4,8
UmF0aW5nLTMxMjMyODQ3,2254913,Kilian Weinberger,Cornell University,CS4780,5.0,5.0,5.0,4.0,2019-01-09,1,A-,ML is truly as great as it is at Cornell due to the instruction of Prof. Kilian. He tries really hard to improve the class which is why it was offered at a later time and for so many students this semester. He always encourages feedback and is very organized. If you put time into the class and enjoy the material you'll do well.,Skip class? You won't pass.--Inspirational--Amazing lectures,2,14
UmF0aW5nLTMxMjMyODMy,2254913,Kilian Weinberger,Cornell University,CS4780,5.0,5.0,5.0,4.0,2019-01-09,1,,"Definitely a tough class with lots of partner projects. I won't lie and say it was easy but Kilian did a great job with the material. I really enjoyed the energy he brought to his lectures. Make sure to brush up on your linear algebra, multivariable calc, and stats before you take this class!!",LOTS OF HOMEWORK--Inspirational--Amazing lectures,20,13
UmF0aW5nLTMxMDI1NDI4,2254913,Kilian Weinberger,Cornell University,CS4780,1.0,1.0,1.0,3.0,2018-12-14,0,,"A terrible professor who cares more about telling jokes than teaching content. If Kilian spent more time teaching than he did talking about how hard his exams were, maybe we would have learned something useful.",,62,59
UmF0aW5nLTI5NDAxMjI2,2254913,Kilian Weinberger,Cornell University,CS4780,1.0,1.0,1.0,4.0,2018-01-06,0,,good lecturer is he a truly good professor? :(,,46,38
UmF0aW5nLTI4MzA0MzMw,2254913,Kilian Weinberger,Cornell University,CS4780,5.0,5.0,5.0,4.0,2017-05-13,1,,"fantastic lecturer, with just the right mix of humor and brilliance. A must take class for any CS student!!!!",Inspirational--Hilarious--Amazing lectures,12,15
UmF0aW5nLTI4MjAyNzE2,2254913,Kilian Weinberger,Cornell University,CS4780,5.0,5.0,5.0,4.0,2017-05-03,1,,"The class itself was difficult, but interesting.  There are a lot of assignments, but they have never been too long and are really fair.  What makes this class one of my favorites instead of least favorites though is definitely Kilian.  He is a great professor and an entertaining lecturer.  This is not an easy class, but it is a fun and fair one!",Inspirational--Hilarious--Amazing lectures,10,8
UmF0aW5nLTMzNjkxNjYy,2254913,Kilian Weinberger,Cornell University,CS5780,2.0,2.0,2.0,1.0,2020-10-10,0,,Easy class filled with lots of regurgitation and little problem solving,,0,0
UmF0aW5nLTMxMjc3NTMy,2254913,Kilian Weinberger,Cornell University,CS5780,2.0,2.0,2.0,2.0,2019-01-18,0,,"The worst part of the class is feeling intimidated by how hard Kilian says the course is when, in fact, it isn't.",,8,0
UmF0aW5nLTMxMjM1MjUx,2254913,Kilian Weinberger,Cornell University,CS5780,1.0,1.0,1.0,2.0,2019-01-10,0,,This was a disastereous course where I learned more about overfitting than machine learning.,,12,6
UmF0aW5nLTMxMjMyOTIw,2254913,Kilian Weinberger,Cornell University,CS5780,5.0,5.0,5.0,3.0,2019-01-09,1,A,"I have been studying Machine Learning from last 3 years, still, I found his class really useful in getting clarity about the subject. He is one of the funniest people I have ever encountered. To sum up, this is one of the best class that I have ever attended.",Respected--Inspirational--Hilarious,12,17
UmF0aW5nLTMxMjMyODkz,2254913,Kilian Weinberger,Cornell University,CS5780,5.0,5.0,5.0,2.0,2019-01-09,1,A+,The best course I have taken in Cornell. Though it is somehow too easy for me.,Amazing lectures--EXTRA CREDIT--GROUP PROJECTS,3,20
UmF0aW5nLTMxMTQ2MTMx,2254913,Kilian Weinberger,Cornell University,CS5780,1.0,1.0,1.0,1.0,2018-12-23,0,A,"An extremely tedious class with long, rambling lectures.",,46,44
UmF0aW5nLTMwNTEwNzkw,2254913,Kilian Weinberger,Cornell University,CS5780,5.0,5.0,5.0,3.0,2018-09-19,1,Incomplete,"Amazing lecture! Prof. Weinberge is so hilarious, but he can explain every point clearly and he also spends a lot of time answering questions. Quite many projects, but if you enjoy transfering the knowledge that you learned into code, you will definitely love this course.",Respected--Hilarious--Amazing lectures,24,27
UmF0aW5nLTMwMTMwMTA0,2254913,Kilian Weinberger,Cornell University,CS5780,5.0,5.0,5.0,4.0,2018-05-16,1,,Kilian apparently knows his topics very well so he can talk about them like a champ. If he is not one of the best ML professors then who else?,Hilarious--Amazing lectures--Caring,4,18
UmF0aW5nLTExOTgxNTY5,774737,Kimberly Berkowski,Massachusetts Institute of Technology,512,1.0,1.0,1.0,4.0,2006-06-06,-1,,Totally unfair grader - not helpful or understandind at all,,0,2
UmF0aW5nLTExOTI0MjQ2,774737,Kimberly Berkowski,Massachusetts Institute of Technology,512,5.0,5.0,5.0,1.0,2006-05-22,-1,,Dr Berkowski is WONDERFUL.  She has the cutest &quot;When I was in grad school...&quot; stories :),,0,1
UmF0aW5nLTExNzU4NTY1,774737,Kimberly Berkowski,Massachusetts Institute of Technology,512,5.0,5.0,5.0,3.0,2006-04-25,-1,,She is Amazing!!!,,0,0
UmF0aW5nLTExNTY5MDk5,774737,Kimberly Berkowski,Massachusetts Institute of Technology,512,5.0,5.0,5.0,3.0,2006-03-13,-1,,She's smokin'.  And I guess she's good as a prof too.,,0,0
UmF0aW5nLTExNTUyNjk5,774737,Kimberly Berkowski,Massachusetts Institute of Technology,512,5.0,5.0,5.0,3.0,2006-03-08,-1,,She is down to earth and very enthusiastic.,,0,0
UmF0aW5nLTExMzE3MzUy,774737,Kimberly Berkowski,Massachusetts Institute of Technology,512,5.0,5.0,4.0,3.0,2006-01-06,-1,,No Comments,,0,0
UmF0aW5nLTExMjQ4MjA0,774737,Kimberly Berkowski,Massachusetts Institute of Technology,512,4.0,4.0,4.0,4.0,2005-12-23,-1,,best class i ever took at the tute....,,0,0
UmF0aW5nLTExMTU0MTAy,774737,Kimberly Berkowski,Massachusetts Institute of Technology,512,1.0,1.0,1.0,5.0,2005-12-14,-1,,Lied to me. Was unfair in final course grade. I feel cheated.,,0,0
UmF0aW5nLTI5OTk3NjM2,774737,Kimberly Berkowski,Massachusetts Institute of Technology,ORGO512,4.0,4.0,4.0,2.0,2018-05-05,1,A+,CHem 5.13 Organic Chemistry was a extraordinary experience with Prof. Berkowski. She is extremely excellent teacher . You must have to do the work but she explains extremely well .,Inspirational--Amazing lectures,1,0
UmF0aW5nLTEyMjI5MDgz,774737,Kimberly Berkowski,Massachusetts Institute of Technology,ORGO512,5.0,4.0,5.0,3.0,2006-09-12,-1,,She explains things clearly and gives great reviews.  very enthusiastic!,,0,1
UmF0aW5nLTE0MTM0MzIx,774737,Kimberly Berkowski,Massachusetts Institute of Technology,ORGOORGO,5.0,5.0,5.0,3.0,2008-03-03,-1,,BEST PROF AT THE INSTITUTE EVER,,0,1
UmF0aW5nLTMyMjcwMjUx,2522509,Lallit Anand,Massachusetts Institute of Technology,2.073,5.0,5.0,5.0,4.0,2019-10-08,1,,"Professor Anand is very knowledgeable and willing to help. His courses are extremely helpful in giving you solid backgrounds in mechanics and thermodynamics of continua. After you taking the series of courses, you'll be nearly an expert. But be prepared to stretch and strain your intellectual power.",Gives good feedback--Accessible outside class--Inspirational,0,0
UmF0aW5nLTExNjY1Mzcw,232759,Lillian Lee,Cornell University,COMS172,5.0,5.0,5.0,3.0,2006-04-05,-1,,"Lee knows what she's talking about.  Class was interesting, but was also alot of work per problem set.  Still, lee was a great lecturer and kept me awake even as the first class of the day.  Average performance in the class was reasonable too.",,3,0
UmF0aW5nLTQxMzg5MTY0,232759,Lillian Lee,Cornell University,CS1110,1.0,1.0,1.0,5.0,2025-06-01,-1,Not sure yet,periodically I remember how horrific of a teacher lillian lee is and i feel the need to warn everyone to take 1110 in the fall with a different prof. Do not do this to yourself. ,,0,0
UmF0aW5nLTQxMTcwMzkz,232759,Lillian Lee,Cornell University,CS1110,1.0,1.0,1.0,5.0,2025-05-06,-1,,She's clearly past her prime because I literally do not know how she's had such high reviews for this class before. Beware of this class. Take CS 1110 with Walker White instead.,Tough grader,0,0
UmF0aW5nLTQxMTcwMjc2,232759,Lillian Lee,Cornell University,CS1110,1.0,1.0,1.0,5.0,2025-05-06,-1,Incomplete,"if you want a quirky and vague professor, take her class. otherwise, you will have such a terrible time with her. we had to do 2 assignments per prelim; she assigned us assignment 3 BEFORE prelim 1??? and only gave us the grade basically the day before prelim 2. how can we be prepared this way?? we also just dont know our class standing which sucks",Tough grader--Lecture heavy--Graded by few things,0,0
UmF0aW5nLTQxMTcwMTU0,232759,Lillian Lee,Cornell University,CS1110,1.0,1.0,1.0,5.0,2025-05-06,-1,Drop/Withdrawal,"i genuinely dk how this prof was given the right to teach this intro to cs class. shameful. besides the fact she made it extremely miserable and challenging, the grading is so weird. my friend and i submitted the exact same code for one of our assignments because we intended to group together, and i got 8 pts lower than she did. truly wtaf LOL ",Tough grader--Group projects--Lots of homework,0,0
UmF0aW5nLTQxMTY2NTY5,232759,Lillian Lee,Cornell University,CS1110,1.0,1.0,1.0,5.0,2025-05-05,-1,Not sure yet,Worst professor I've had. Never thought I'd hate someone this much but talking to her was like talking to a wall. She only repeats the course policies and syllabus and will not meet with you to talk about the course. I will be doing her hw for hours and it'll be 3am and I still won't have finished. Someone fire her please. ,Tough grader--Lecture heavy,0,0
UmF0aW5nLTQxMTYyNTg5,232759,Lillian Lee,Cornell University,CS1110,2.0,2.0,2.0,5.0,2025-05-05,-1,A-,"When asked how the class will be graded she copy pasted the course policies... like duh. The assignments arent indicative of the lectures, and then on top of that she takes foreverrrrr to get back grades, an assignment was due feb and she just released grade approximations. You will not know your grade in the class until your transcript is updated.",Tough grader,0,0
UmF0aW5nLTQxMTUzNTQ1,232759,Lillian Lee,Cornell University,CS1110,1.0,1.0,1.0,3.0,2025-05-04,-1,A+,"Refuses to meet with students, truly concerning in her disregard for her students' well being. I had a grading issue with the platform she insisted upon using. When I requested to meet with her in person to explain my position, she refused to talk to me. ",,0,0
UmF0aW5nLTQxMTUyNTc5,232759,Lillian Lee,Cornell University,CS1110,1.0,1.0,1.0,5.0,2025-05-04,-1,,"This professor made me want to walk into oncoming traffic. I went to every single lecture and discussion, along with office hours, and was still confused because she's that incompetent. She doesn't care about her students at all and is rude and condescending. I literally went to church before a test and I'm not Christian, this class is that bad. ",,0,0
UmF0aW5nLTQxMTUyNTEx,232759,Lillian Lee,Cornell University,CS1110,1.0,1.0,1.0,5.0,2025-05-04,-1,Not sure yet,"By far the worst professor I have ever had. She somehow does nothing but at the same time makes the course the worst possible version of itself. When you ask her questions, she responds very demeaningly and is very quick to blame everyone else. She prays on her students' downfalls and never has a nice or helpful thing to say. Avoid at ALL COSTS!",Tough grader--Lots of homework--Lecture heavy,0,0
UmF0aW5nLTQxMTQ4NDg4,232759,Lillian Lee,Cornell University,CS1110,1.0,1.0,1.0,5.0,2025-05-04,-1,,opposite of caring doesn't have a heart she will do anything to make you fail i genuinely don't know how she's been teaching this class for so long if she's this mean,Tough grader--Lots of homework--Lecture heavy,0,0
UmF0aW5nLTQwOTk3Mzk4,232759,Lillian Lee,Cornell University,CS1110,2.0,2.0,2.0,4.0,2025-04-22,-1,B,Not very inviting ,Tough grader--Lots of homework--Test heavy,0,0
UmF0aW5nLTQwNTAzODQ4,232759,Lillian Lee,Cornell University,CS1110,4.0,4.0,4.0,4.0,2025-01-07,1,A,"CS 1110 was organized well&#8212;as someone who has not used a single computer program before. That being said, the assignments were sometimes a pain and some exam questions were really difficult. I took this for a distribution requirement, and while I really liked the coding, I would not go back. Remove the (HANDWRITTEN) exams and I'm on board. ",Tough grader--Amazing lectures --Lots of homework,0,0
UmF0aW5nLTM2NjAwODkw,232759,Lillian Lee,Cornell University,CS1110,4.0,4.0,4.0,4.0,2022-08-21,1,A,"Professor Lee was great at organizing the class, especially for those with no prior experience with Python (or any coding program, for that matter). The assignments were a little boring but overall they proved essential for learning and practicing the basic tenets of coding. I personally was not a fan of coding in general, but she made it bearable.",Clear grading criteria--Respected--Online Savvy,0,0
UmF0aW5nLTM2NDM4Nzk3,232759,Lillian Lee,Cornell University,CS1110,5.0,5.0,5.0,4.0,2022-06-04,1,,"I was a repeat cs1110 student this spring (took walker white last fall). Bracy and Lee are a great combo for teaching and I found the assignments more interesting than in the fall, and therefore I was more engaged and completed the course successfully. If possible I would wait until the spring to take this course. I feel more confident in cs now.",Amazing lectures --Clear grading criteria--Inspirational,0,0
UmF0aW5nLTM2NDAyNTQy,232759,Lillian Lee,Cornell University,CS1110,4.0,4.0,4.0,2.0,2022-05-25,1,A,"Very smart, and extremely responsive outside of class, especially on Ed discussion. Class is terrifically run, and she truly wants everyone to succeed. My only complaint is that the assignments got boring, because a bunch in a row at the end of the year were on the same topic. But overall, a very good professor. ",Group projects--Clear grading criteria--Gives good feedback,0,0
UmF0aW5nLTM2NDAyNTA3,232759,Lillian Lee,Cornell University,CS1110,3.0,3.0,3.0,4.0,2022-05-25,1,B+,"Prof. Lee was the backbone of CS 1110. She is an extremely intelligent woman who knows a lot and makes sure you know that. She makes interesting tests that make you think, but I was annoyed with how the last 3 assignments were all on the same topic: Songs and Mixes. Also, the one lecture she taught was so poorly run and we didn't finish the lesson.",Clear grading criteria--Gives good feedback--Online Savvy,0,0
UmF0aW5nLTM2NDAyMDEz,232759,Lillian Lee,Cornell University,CS1110,5.0,5.0,5.0,3.0,2022-05-24,1,A,Took this class with little experience in coding and it was great! Assignments were tough at times but going to office hours was helpful even though I only went once. You can tell that she wants her students to succeed. She always tried her best to answer any questions and the practice materials that she gave us were helpful for exams. ,Caring--Test heavy--Accessible outside class,0,0
UmF0aW5nLTM1OTc2OTQ0,232759,Lillian Lee,Cornell University,CS1110,4.0,4.0,4.0,1.0,2022-03-25,-1,Incomplete,"Love Prof. Lee as a person and for asking questions outside of class, but they lectured once (Prof. Bracy was out) and it was the most incomprehensible lecture I've ever received. Again, she's so incredibly smart and helpful, until it comes to lectures.",Gives good feedback--Respected--Online Savvy,0,0
UmF0aW5nLTM1OTY4MDQ0,232759,Lillian Lee,Cornell University,CS1110,4.0,4.0,4.0,4.0,2022-03-23,-1,Drop/Withdrawal,"Professor Lee wrote all of the programs throughout this class on assignments and examinations. Class as a whole was very fast moving, and it was hard for a non-Stem major to succeed. Professor Lee ensured that all questions were answered in a quick manner, just class as a whole is a tough class, should only be taken by those who have to take it. ",Clear grading criteria--Respected--Online Savvy,0,0
UmF0aW5nLTMwMTQ2OTM0,232759,Lillian Lee,Cornell University,CS1110,5.0,5.0,5.0,4.0,2018-05-18,1,,"Lee is an incredible professor! She didn't lecture for 1110 (Bracy did) but she crafted all the labs and assignments. The labs were immensely helpful in learning new material and the assignments--though rather difficult--prepared you greatly for exams. She's always willing to help: talking after class, responding on Piazza, or meeting individually.",Inspirational--ACCESSIBLE OUTSIDE CLASS--Caring,1,0
UmF0aW5nLTIzNzgyMzU1,232759,Lillian Lee,Cornell University,CS1110,4.0,4.0,4.0,4.0,2014-11-10,-1,B+,Her and prof Merschner do all they can to help. ,,0,1
UmF0aW5nLTIyMDAzNDcz,232759,Lillian Lee,Cornell University,CS1110,3.0,3.0,3.0,5.0,2013-07-28,-1,,"I took this class with zero computer science background and ended up dropping it. It was with out a doubt the hardest thing I've ever had do at Cornell. Asking questions I always felt like the dumbest person in the room. I'm sure the professor was nice, but the subject she taught was way over my head I guess.",,3,5
UmF0aW5nLTE1Njg1NDYx,232759,Lillian Lee,Cornell University,CS1110,5.0,5.0,5.0,3.0,2009-04-21,-1,,"Lillian Lee is the****. She knows a lot and is very passionate about what she is teaching. She's super silly, but a mad genius sort of way.",,1,6
UmF0aW5nLTExNDQ2MjQ=,232759,Lillian Lee,Cornell University,CS172,5.0,5.0,5.0,4.0,2003-09-21,-1,,"I took it the first time it was offered. A lot of people did complain but I thought that she knew her material and the class was well directed. And she definitely is funny in a smarty-pants sort of way,made me laugh several times during the sem. Brilliant",,1,0
UmF0aW5nLTEwNjA2OTk=,232759,Lillian Lee,Cornell University,CS172,5.0,5.0,5.0,3.0,2003-07-23,-1,,"amazing class!  it was really a lot of fun and very interesting (i took it the SECOND time it was offered -- the first time i hear was terrible...) -- lee is a very funny teacher, shes brilliant, knows her material, and lectures well on a hard level",,0,1
UmF0aW5nLTQwMTk1NzMy,232759,Lillian Lee,Cornell University,CS4740,1.0,1.0,1.0,5.0,2024-12-10,-1,,run run run run run,Tough grader--Lots of homework--Lecture heavy,0,0
UmF0aW5nLTM5MDkwNTk1,232759,Lillian Lee,Cornell University,CS4740,5.0,5.0,5.0,5.0,2024-03-26,-1,,difficult class but loved the professor,,0,0
UmF0aW5nLTI0NDM1NTM4,232759,Lillian Lee,Cornell University,CS4786,5.0,5.0,4.0,1.0,2015-03-05,-1,,"Lillian is one of the best teachers I have had the privilege to be taught by ever. To start with, she 's so freaking cute and adorable and  so so smart in a dorky way,she'd explain things in a way that she would not only uncomplicate stuff but also make concepts really fun and interesting.  I would never miss any of Lillian's lectures.",,2,0
UmF0aW5nLTMyMjY4MTg3,761785,Max Tegmark,Massachusetts Institute of Technology,8.01,1.0,1.0,1.0,3.0,2019-10-07,0,A+,noooo,,0,2
UmF0aW5nLTI4MzkzMTgw,761785,Max Tegmark,Massachusetts Institute of Technology,8.02,5.0,5.0,5.0,4.0,2017-05-27,1,A-,Tegmark is great! He really cares.,,2,0
UmF0aW5nLTQwNjk4MDI2,761785,Max Tegmark,Massachusetts Institute of Technology,802,5.0,5.0,5.0,4.0,2025-02-22,1,A+,"Max is not just hot, but also an incredible Physicist and Human being!
he really knows his stuff, he cares a lot about his students and explains things very easily and profoundly.

Although this is one of the hardest courses you can take, Max makes the calsses pass by quickly, he's really funny, engaging and Theoretical, Would recommend!",Gives good feedback--Inspirational--Caring,0,0
UmF0aW5nLTI0NjY0NDA4,761785,Max Tegmark,Massachusetts Institute of Technology,802,5.0,5.0,5.0,3.0,2015-04-24,-1,Not sure yet,Tegmark is adorable. He's the adorable dad that makes nerdy dad jokes. Also one of the better 8.02 professors.,,0,2
UmF0aW5nLTIzNjA3NTUz,761785,Max Tegmark,Massachusetts Institute of Technology,802,5.0,5.0,5.0,3.0,2014-09-23,-1,,"This guy knows his stuff. Explains difficult subject matter in an easily digestible format. And if all that fails, he's extremely helpful during office hours Read his book Our Mathematical Universe, it's great ",,3,0
UmF0aW5nLTEwOTU2NDgw,761785,Max Tegmark,Massachusetts Institute of Technology,8033,5.0,5.0,5.0,2.0,2005-11-20,-1,,"His boardwork was pretty messy, but that is my only complaint.  And he found it funny when we mocked him.",,0,1
UmF0aW5nLTQwNzA2MjIx,761785,Max Tegmark,Massachusetts Institute of Technology,PHYS8033,5.0,5.0,5.0,3.0,2025-02-25,1,B+,Great guy. Would take course again.,Amazing lectures --Hilarious--Caring,0,0
UmF0aW5nLTMwMDg0MzA4,761785,Max Tegmark,Massachusetts Institute of Technology,PHYS8033,5.0,5.0,5.0,3.0,2018-05-12,1,,Great professor. Keeps class fun and interesting while displaying subject matter well. Plus he knows almost every language.,ACCESSIBLE OUTSIDE CLASS--Amazing lectures--Caring,0,0
UmF0aW5nLTI3OTc1NTY3,761785,Max Tegmark,Massachusetts Institute of Technology,PHYS8033,5.0,5.0,5.0,2.0,2017-03-31,1,A+,Physy 8033 with Professor Max Tegmark is incredible. He is truly a genius and a wonderful lecturer . I took this course for a Double Major in Physics. I studied Nuclear Science and Engineering also . For me is five stars .,Respected--Inspirational--Amazing lectures,6,0
UmF0aW5nLTEzNTUwODE4,761785,Max Tegmark,Massachusetts Institute of Technology,PHYS8033,5.0,5.0,5.0,3.0,2007-10-23,-1,,I'd hit it.,,7,3
UmF0aW5nLTQwNjA0MTEw,1918547,Mehran Kardar,Massachusetts Institute of Technology,334,5.0,5.0,5.0,5.0,2025-01-26,1,A,"Mehran is a legendary lecturer -- but this class is HARD. He approaches the material very thoughtfully and answers questions very well. The homeworks are difficult and long. His lectures are online and closely follow his textbook, so you can catch up if you feel lost. This is one of the only classes where I attended essentially every office hour. ",Amazing lectures --Inspirational--Lots of homework,0,0
UmF0aW5nLTI3MDkwNjk2,1918547,Mehran Kardar,Massachusetts Institute of Technology,PHYS333,3.0,3.0,3.0,5.0,2016-10-27,0,A-,"This is the most challenging course I've ever taken, both measured by conceptual difficulty and workload. Mehran Kardar is a brilliant man - plain and simple. His lectures are unparalleled, and I was glad to have witnessed them. That said, his homework is EXTREMELY hard and the tests are garbage -  you have to memorize far more than learn.",LOTS OF HOMEWORK--Amazing lectures--LECTURE HEAVY,0,0
UmF0aW5nLTM3ODE4MTc0,203927,Mehran Sahami,Stanford University,106A,5.0,5.0,5.0,3.0,2023-05-04,1,A,"I took cs106a with Mehran Sahami. His lectures are enthusiastic,  funny and worth while. I was always looking forward to the next lecture . Assignments were fun but be prepared to put in the hours . ",,1,0
UmF0aW5nLTM2MjEwNjUz,203927,Mehran Sahami,Stanford University,106A,5.0,5.0,5.0,3.0,2022-05-02,1,B+,Best prof I've ever had. ,,0,0
UmF0aW5nLTI3NzU5MDk3,203927,Mehran Sahami,Stanford University,106A,5.0,5.0,5.0,3.0,2017-01-20,1,,"Having seen the 106a lectures online and liked them, I wasn't particularly expecting anything new. yeah some of the material was familiar but Mehran was so much more awesome in person and such a great teacher, who really prepared me for some of the more difficult computing concepts.",Respected--Hilarious--Amazing lectures,5,2
UmF0aW5nLTI3NjY2MjEz,203927,Mehran Sahami,Stanford University,106A,5.0,5.0,5.0,2.0,2017-01-03,1,,Awesome,Inspirational--Hilarious--Amazing lectures,2,0
UmF0aW5nLTI0MzczNTc2,203927,Mehran Sahami,Stanford University,106A,5.0,5.0,5.0,4.0,2015-02-10,-1,,"Mehran Sahami, what Stanford is all about, great teaching, new ideas, helping you ask big questions and build awesome stuff.",,5,1
UmF0aW5nLTIyNjM5NjI0,203927,Mehran Sahami,Stanford University,106A,5.0,5.0,5.0,1.0,2013-12-22,-1,,Simply the best teacher of Introductory Computer Science Course at Stanford. Great Guy,,0,1
UmF0aW5nLTM2MTUyMTk3,203927,Mehran Sahami,Stanford University,C016,5.0,5.0,5.0,3.0,2022-04-26,1,A-,This professor was excellent!,Caring,0,0
UmF0aW5nLTE2OTU4OTY4,203927,Mehran Sahami,Stanford University,C016,5.0,5.0,5.0,1.0,2010-04-07,-1,,He re-engineered our interests in CS again. I am addicted to his lectures.,,0,0
UmF0aW5nLTI3NjE2NTY3,203927,Mehran Sahami,Stanford University,CS103,4.0,4.0,4.0,4.0,2016-12-24,1,A,I liked him.,Gives good feedback--Respected,2,1
UmF0aW5nLTE2MDE0NzE4,203927,Mehran Sahami,Stanford University,CS103,5.0,5.0,5.0,1.0,2009-07-04,-1,,Good teacher,,0,0
UmF0aW5nLTE0NzYwMzY0,203927,Mehran Sahami,Stanford University,CS103B,5.0,5.0,5.0,3.0,2008-08-20,-1,,"Who knew CS could be hilarious&#63; One of the best.",,0,0
UmF0aW5nLTM3NTMwOTg=,203927,Mehran Sahami,Stanford University,CS103B,4.0,4.0,3.0,1.0,2005-05-01,-1,,"All my friends raved about how great he was, but I just didn't think he was that funny.  Attending lecture was certainly not necessary.",,0,0
UmF0aW5nLTkyMDM4OQ==,203927,Mehran Sahami,Stanford University,CS103B,5.0,5.0,5.0,4.0,2003-05-03,-1,,"Mehran is an excellent teacher, and his problem sets are designed to retain knowledge.",,0,0
UmF0aW5nLTM2Mzc2NTkx,203927,Mehran Sahami,Stanford University,CS106,1.0,1.0,1.0,5.0,2022-05-19,-1,B,Do not take cs106a with this teacher unless you already love cs. Is really challenging and will consume your life.,Lots of homework--Lecture heavy--Test heavy,1,0
UmF0aW5nLTI2ODQwMzIz,203927,Mehran Sahami,Stanford University,CS106,5.0,5.0,5.0,4.0,2016-07-28,1,A+,Best Prof of all time,,2,1
UmF0aW5nLTIzNDIwOTc0,203927,Mehran Sahami,Stanford University,CS106,5.0,5.0,5.0,2.0,2014-07-03,-1,Rather_Not_Say,"Great teacher, thanks to whom I fell in love with coding and computers again. Very well presented, with plenty of real life abstraction, humour and language that even non-tech students will understand. Great job - if there would be more teachers like Mr. Sahami, world would be much nicer place...",,1,1
UmF0aW5nLTE5NzYwMzA3,203927,Mehran Sahami,Stanford University,CS106,5.0,5.0,5.0,1.0,2012-01-23,-1,,Mr Mehran is simply a brilliant teacher.,,1,0
UmF0aW5nLTE5MzcyOTg3,203927,Mehran Sahami,Stanford University,CS106,5.0,5.0,5.0,2.0,2011-12-03,-1,,"Brilliant, engaging, love this guy",,0,0
UmF0aW5nLTE4MDUzNzA4,203927,Mehran Sahami,Stanford University,CS106,5.0,5.0,5.0,1.0,2010-12-28,-1,,He is the best teacher i ever had..and feel lucky to attend his lectures.***** star Rating from my side.Long live M.Sahami,,0,0
UmF0aW5nLTE2MjEyOTMw,203927,Mehran Sahami,Stanford University,CS106,5.0,5.0,5.0,1.0,2009-09-30,-1,,his is a genious,,0,0
UmF0aW5nLTE1Njg2MTgy,203927,Mehran Sahami,Stanford University,CS106,4.0,2.0,5.0,4.0,2009-04-21,-1,,very good,,0,0
UmF0aW5nLTEyMjA1MTgz,203927,Mehran Sahami,Stanford University,CS106,5.0,5.0,5.0,3.0,2006-08-31,-1,,I went into CS106A thinking I just needed to fulfill a requirement.  I left and got a CS minor.  Very engaging.  Very user friendly introduction to CS.  True quote from a classmate: &quot;I'm so fuzzy I shed.  I love this class.  I can't believe I love this class.&quot;,,0,0
UmF0aW5nLTM2NDg5Njcx,203927,Mehran Sahami,Stanford University,CS106A,5.0,5.0,5.0,2.0,2022-06-27,1,A,amazing dude take 106a with him!,Clear grading criteria--Lots of homework--Caring,0,0
UmF0aW5nLTM1NzU4NzI1,203927,Mehran Sahami,Stanford University,CS106A,5.0,5.0,5.0,3.0,2022-01-16,1,,Hes the best lecturer there is. He has such clear explanations,Respected--Hilarious--Amazing lectures,0,0
UmF0aW5nLTMxMjI1NTkw,203927,Mehran Sahami,Stanford University,CS106A,5.0,5.0,5.0,5.0,2019-01-08,1,,"Be prepared to work very, very hard if you have had no significant experience with computing. This is an 'intro' class in the same way rocket science is child's play. The good news is that the professor happens to be just the one to make this class great. Professor Sahami and his teaching staff are brilliant, funny, accessible and fair.",LOTS OF HOMEWORK--Hilarious--Amazing lectures,5,1
UmF0aW5nLTMwMjE0MjQ4,203927,Mehran Sahami,Stanford University,CS106A,5.0,5.0,5.0,3.0,2018-05-31,1,,He is clearly the best instructor I ever had.,Inspirational--Hilarious--Amazing lectures,4,1
UmF0aW5nLTI5NDg0MDc0,203927,Mehran Sahami,Stanford University,CS106A,4.0,4.0,4.0,3.0,2018-01-21,1,,"Mehran is great in front of the class. Totally engaging. Wonderful, fun, clear lectures. In person, he has no time and expects you to talk to the TAs if you need anything.",Hilarious,7,1
UmF0aW5nLTI3ODg4Njk4,203927,Mehran Sahami,Stanford University,CS106A,5.0,5.0,5.0,3.0,2017-03-08,1,,Awesome lectures can't explain with words,Respected--Inspirational--Amazing lectures,2,2
UmF0aW5nLTI3ODIzNTM2,203927,Mehran Sahami,Stanford University,CS106A,5.0,5.0,5.0,2.0,2017-02-12,1,,BEST PROFESSOR,,3,1
UmF0aW5nLTI3NTk2OTg4,203927,Mehran Sahami,Stanford University,CS106A,5.0,5.0,5.0,2.0,2016-12-21,1,A,One of my fav profs of all time. Textbook needed if you don't have any CS or Java experience but otherwise the class is generally pretty easy. Lectures are recorded.,Hilarious--Amazing lectures--GROUP PROJECTS,0,1
UmF0aW5nLTI2MDQ3OTY3,203927,Mehran Sahami,Stanford University,CS106A,5.0,5.0,4.0,2.0,2016-02-11,-1,A,"Mehran is awesome. He is always fun to listen to and he explains everything so well. The lectures are also filmed and uploaded on the course website (same day) so you ""go to lecture"" on your own time (at double speed).  He is very approachable and loves what he teaches.",,1,1
UmF0aW5nLTI1OTU3ODcy,203927,Mehran Sahami,Stanford University,CS106A,5.0,5.0,5.0,1.0,2016-01-18,-1,A+,He is simply great! ;),,3,1
UmF0aW5nLTI1NTM0NTYy,203927,Mehran Sahami,Stanford University,CS106A,5.0,5.0,5.0,1.0,2015-12-03,-1,,His classes were the highlight of my week.,,2,0
UmF0aW5nLTI1Mzk3NDA1,203927,Mehran Sahami,Stanford University,CS106A,5.0,5.0,5.0,1.0,2015-11-12,-1,A,"Mehran is the best. He makes CS approachable for beginners, and his lectures are awesome and are full of funny jokes and candies.",,4,1
UmF0aW5nLTI1MTQ4MzY4,203927,Mehran Sahami,Stanford University,CS106A,4.0,3.0,5.0,3.0,2015-08-25,-1,Rather not say,He's great,,2,2
UmF0aW5nLTI1MDQyNzM5,203927,Mehran Sahami,Stanford University,CS106A,5.0,5.0,5.0,1.0,2015-07-15,-1,,The best prof through whom I could learn online ,,4,3
UmF0aW5nLTI0NjA3MTYz,203927,Mehran Sahami,Stanford University,CS106A,5.0,5.0,5.0,1.0,2015-04-16,-1,A+,"Great intro course for anyone who wants to get into programming, beats codeacademy and other sorts. i'll recommend you check out see . standford . edu for all course material. Amazing.   I cant wait to become so good at programming and finally meet him one day and have the chance to thank him",,11,15
UmF0aW5nLTI0NTM1Mjk5,203927,Mehran Sahami,Stanford University,CS106A,5.0,5.0,5.0,1.0,2015-04-02,-1,A,He is simply a super awesome. He is hilarious and knows how to teach the material he aimed to cover within the planned time which is extraordinary for me.   ,,6,0
UmF0aW5nLTIzODAxNTg2,203927,Mehran Sahami,Stanford University,CS106A,5.0,5.0,5.0,4.0,2014-11-12,-1,,"106A with Mehran, the best class ever. He's such a great lecturer and he makes you love CS",,6,1
UmF0aW5nLTIzNzAzMDky,203927,Mehran Sahami,Stanford University,CS106A,5.0,5.0,4.0,3.0,2014-10-28,-1,,Mehran is awesome! 106A is awesome. Take the class!!!,,2,0
UmF0aW5nLTIzNTQzMTE0,203927,Mehran Sahami,Stanford University,CS106A,5.0,5.0,5.0,1.0,2014-08-20,-1,,"This man is great, I know only one man that can teach so well.",,0,0
UmF0aW5nLTIzNTMzMzQ3,203927,Mehran Sahami,Stanford University,CS106A,5.0,5.0,5.0,1.0,2014-08-16,-1,,"I love him so much, such an awesome professor. Only if i had a teacher like him, in goo'ol early days.",,0,0
UmF0aW5nLTIzMzg5NzI3,203927,Mehran Sahami,Stanford University,CS106A,5.0,5.0,5.0,1.0,2014-06-20,-1,Drop/Withdrawal,"Mehran is an excellent professor. When I took the class, he was the best professor I had had up to that point. (Keith beat him.) He gives you candy for asking questions, and he has a quick wit. Passionate about CS, but not as obvious about it as Keith.",,1,1
UmF0aW5nLTIyOTc2NTYx,203927,Mehran Sahami,Stanford University,CS106A,5.0,5.0,5.0,1.0,2014-04-01,-1,,One of the greatest teachers for CS !,,1,1
UmF0aW5nLTIyOTMzMTQy,203927,Mehran Sahami,Stanford University,CS106A,5.0,5.0,5.0,1.0,2014-03-21,-1,,best teacher ever thanks !!!,,1,0
UmF0aW5nLTIyOTE5NTI5,203927,Mehran Sahami,Stanford University,CS106A,5.0,5.0,5.0,2.0,2014-03-17,-1,,"I didn't know a thing about comp sci before but this class got me hooked. Extremely helpful and clear although the class may be challenging. His humor is a great addition to the course. He is a really nice person as well. His class will have a big impact on you as it changed my major for me. Overall, awesome is the word fits him most accurately.",,0,0
UmF0aW5nLTIyNjU5MDQ4,203927,Mehran Sahami,Stanford University,CS106A,5.0,5.0,5.0,1.0,2013-12-26,-1,,Just want to give this guy and the Stanford everywhere program a big shout out. Thank you so much.,,0,0
UmF0aW5nLTIyMzg3NzY0,203927,Mehran Sahami,Stanford University,CS106A,5.0,5.0,5.0,1.0,2013-11-25,-1,,Simply awesome teacher,,0,1
UmF0aW5nLTIyMTI4NTY3,203927,Mehran Sahami,Stanford University,CS106A,5.0,5.0,5.0,3.0,2013-09-18,-1,,"Mehran is honestly one of the best professors I from whom I have had the privilege to learn. He's very clear, and incorporates humor into his lesson. A huge chunk of material which may be confusing is cleared up after attending a lectures. He proactively asks for relevant questions and answers them meaningfully.",,0,0
UmF0aW5nLTIyMTIwMDMx,203927,Mehran Sahami,Stanford University,CS106A,5.0,5.0,5.0,1.0,2013-09-13,-1,,Mehran Sahami rocks.. And that's it.,,0,0
UmF0aW5nLTIyMTA2OTIx,203927,Mehran Sahami,Stanford University,CS106A,5.0,5.0,5.0,2.0,2013-09-05,-1,,"Very good professor, clear and funny.",,0,0
UmF0aW5nLTIxODc4OTkx,203927,Mehran Sahami,Stanford University,CS106A,5.0,5.0,5.0,1.0,2013-06-10,-1,,"Hi,Im Aravinth,from india,  I take this opportunity to thank Mr.Sahami for his extra-ordinary work and efforts in CS106A.,and thanks to the people who brought this great course out to the world to SEE.edu, and let other people to enjoy the finest education in the world. I have a Million thanks to sahami. he will make you like CS.:) great person :)",,0,0
UmF0aW5nLTIxNjY2OTE2,203927,Mehran Sahami,Stanford University,CS106A,5.0,5.0,5.0,1.0,2013-05-03,-1,,"He is one of the best professor i have ever seen in my life . His teaching is simply awesome. The way he explained each and every concept is excellent . I completed the entire CS106A lectures in two days .He knows how to attract students certainly not by giving em chocolates but through his teaching skills .. I love Mr.Sahami, you changed my life.",,0,0
UmF0aW5nLTIxNTc2NjAx,203927,Mehran Sahami,Stanford University,CS106A,5.0,5.0,5.0,1.0,2013-04-22,-1,,woooh,,0,0
UmF0aW5nLTIwOTc1OTg1,203927,Mehran Sahami,Stanford University,CS106A,5.0,5.0,5.0,3.0,2012-12-06,-1,,"The most inspiring professor I've ever had. Helpful, funny (i mean extremely funny), and clear. He does his best to entertain students. I have never took any CS class before and now I am in love with computer programming because of him. Class is of course not that easy, and there are always at least 500 students, but it is all worthwhile.",,0,0
UmF0aW5nLTIwNTE1MjAw,203927,Mehran Sahami,Stanford University,CS106A,5.0,5.0,5.0,1.0,2012-07-25,-1,,I discovered this class on itunesU and got hooked.  He has a very engaging style and is interesting to listen to.  I wish my university had people like this!,,0,0
UmF0aW5nLTE5ODM2Mjg5,203927,Mehran Sahami,Stanford University,CS106A,5.0,5.0,5.0,2.0,2012-02-17,-1,,Perfect.,,0,0
UmF0aW5nLTE5Nzg3MDUy,203927,Mehran Sahami,Stanford University,CS106A,5.0,5.0,5.0,2.0,2012-01-31,-1,,"He makes learning a joyful , fun experience!! I wish even my college had teachers like him.",,0,0
UmF0aW5nLTE5NjE0NzQ5,203927,Mehran Sahami,Stanford University,CS106A,5.0,5.0,5.0,3.0,2011-12-24,-1,,simplyAmazing,,0,0
UmF0aW5nLTE4NzUwODA4,203927,Mehran Sahami,Stanford University,CS106A,5.0,5.0,5.0,1.0,2011-06-21,-1,,Funny and Effective teaching,,0,0
UmF0aW5nLTE4MjI3OTM3,203927,Mehran Sahami,Stanford University,CS106A,5.0,5.0,5.0,1.0,2011-02-11,-1,,attending CS106A online: Mehran Rocks!,,0,0
UmF0aW5nLTE4MjE3NTg2,203927,Mehran Sahami,Stanford University,CS106A,5.0,5.0,5.0,2.0,2011-02-08,-1,,Best. Prof. Ever.,,0,0
UmF0aW5nLTE4MDMwNTQ4,203927,Mehran Sahami,Stanford University,CS106A,5.0,5.0,5.0,1.0,2010-12-23,-1,,He is a good teacher and he knows how to affect students,,0,0
UmF0aW5nLTE4MDE0MzUy,203927,Mehran Sahami,Stanford University,CS106A,5.0,4.0,5.0,3.0,2010-12-21,-1,,"Oh how I love Dr. Sahami! He's funny, smart, and LOVES to teach! I'm on video 7 of his CS 106A class (I don't attend Stanford); he's THE BEST EVER! Now I can say I UNDERSTAND Comp Sci! I took 2 CS classes at my own alma mater and HATED it each time. Now I LOVE IT! THANK YOU Mehran! YOU TOTALLY ROCK! (I added a hot chili pepper for bonus lol :))",,0,0
UmF0aW5nLTE3NTIyODE5,203927,Mehran Sahami,Stanford University,CS106A,5.0,5.0,5.0,1.0,2010-08-17,-1,,"I am a computer science student, but do not attend Stanford University. I have seen most of his online lectures on programming methodology and i have been blown away. By far the best professor/instructor/teacher/lecturer i have EVER seen in front of a class doing what they do best.",,0,0
UmF0aW5nLTE3Mjk2MjY5,203927,Mehran Sahami,Stanford University,CS106A,5.0,5.0,5.0,1.0,2010-06-02,-1,,very Awesome.....teacher..i hv ever seen........,,0,0
UmF0aW5nLTE3MjI3MTA3,203927,Mehran Sahami,Stanford University,CS106A,5.0,5.0,5.0,3.0,2010-05-18,-1,,I don't even go to Stanford. I watched Mehran's Programming Methodology lectures online. He's awesome.,,0,0
UmF0aW5nLTE2OTg3MTYx,203927,Mehran Sahami,Stanford University,CS106A,5.0,5.0,5.0,1.0,2010-04-13,-1,,He rocks no nobody teaches like him he's simply the best,,0,0
UmF0aW5nLTE2NzQ5ODUz,203927,Mehran Sahami,Stanford University,CS106A,5.0,5.0,5.0,1.0,2010-01-23,-1,,he is an awesome teacher.....!!,,0,0
UmF0aW5nLTE2MjAyOTQz,203927,Mehran Sahami,Stanford University,CS106A,5.0,5.0,5.0,1.0,2009-09-24,-1,,Very cool,,0,0
UmF0aW5nLTE1NDcwODc1,203927,Mehran Sahami,Stanford University,CS106A,5.0,5.0,5.0,1.0,2009-02-18,-1,,the best i've ever seen,,0,0
UmF0aW5nLTE0Mzk2NzYz,203927,Mehran Sahami,Stanford University,CS106A,5.0,5.0,4.0,2.0,2008-05-03,-1,,Best Teacher I've Had At Stanford,,0,0
UmF0aW5nLTEzODkxODg5,203927,Mehran Sahami,Stanford University,CS106A,5.0,5.0,5.0,1.0,2007-12-21,-1,,Awesome teacher. Make sure you fill your CS requirement with Mehran.,,0,0
UmF0aW5nLTEzNTUyOTcx,203927,Mehran Sahami,Stanford University,CS106A,5.0,5.0,5.0,4.0,2007-10-23,-1,,"take his class, enough said.",,0,0
UmF0aW5nLTEzNDk5OTc1,203927,Mehran Sahami,Stanford University,CS106A,5.0,5.0,5.0,4.0,2007-10-01,-1,,This guy is unbelievably good!,,0,0
UmF0aW5nLTEwODI0MTgz,203927,Mehran Sahami,Stanford University,CS106A,5.0,5.0,5.0,2.0,2005-10-29,-1,,"This guy was freakin amazing.  If you've got to take CS106A and you're not too keen on it, you should definitely take it from Mehran.  Seriously.  He even passes out candy in class, so you can't go wrong by going to lecture.",,0,1
UmF0aW5nLTE5NDI2OTI=,203927,Mehran Sahami,Stanford University,CS106A,5.0,5.0,5.0,4.0,2004-04-12,-1,,Mehran is the rockin-est CS prof since Stuart Regis!,,0,0
UmF0aW5nLTEwNzYxNTE=,203927,Mehran Sahami,Stanford University,CS106A,5.0,5.0,5.0,5.0,2003-08-04,-1,,Awesome lecturer who knows his stuff.  Funny guy too!,,0,0
UmF0aW5nLTI3OTc4OTAy,203927,Mehran Sahami,Stanford University,CS106X,5.0,5.0,5.0,2.0,2017-04-01,1,A+,He is AWESOME!,Respected--Inspirational--Amazing lectures,1,4
UmF0aW5nLTI1MTY2NzY0,203927,Mehran Sahami,Stanford University,CS106X,5.0,5.0,5.0,2.0,2015-09-02,-1,A-,One of  the most impressive lecture at Stanford.  Well-organized lecture and tough course work (programming assignment.) Essential for CS student. ,,3,1
UmF0aW5nLTExNzIxNTEx,203927,Mehran Sahami,Stanford University,CS106X,5.0,5.0,5.0,2.0,2006-04-18,-1,,What a nut. He's awesome.,,0,0
UmF0aW5nLTExMjE1MjUz,203927,Mehran Sahami,Stanford University,CS106X,5.0,5.0,5.0,2.0,2005-12-19,-1,,Baller.,,0,0
UmF0aW5nLTMxNzY2NjU=,203927,Mehran Sahami,Stanford University,CS106X,5.0,5.0,5.0,2.0,2005-01-07,-1,,"Awesome CS teacher who makes everything clear, and wears costumes and funny vocabulary to boot. He works for Google and if you go to one of his Google talks he just may give you a free Google flashlight keychain.",,0,0
UmF0aW5nLTMwOTQ3OTA=,203927,Mehran Sahami,Stanford University,CS106X,5.0,5.0,5.0,2.0,2004-12-22,-1,,"Hired as a lecturer, he does the job well.  Cheerful, friendly, and fun.",,0,0
UmF0aW5nLTI3MzI1NzM=,203927,Mehran Sahami,Stanford University,CS106X,5.0,5.0,5.0,3.0,2004-11-14,-1,,Mehran rocks my socks off.,,0,0
UmF0aW5nLTExMjQzMjg=,203927,Mehran Sahami,Stanford University,CS106X,5.0,5.0,5.0,2.0,2003-09-08,-1,,"Tough class, but an amazing lecturer. Definitely gets concepts across.",,0,0
UmF0aW5nLTI2MTY5MTk5,203927,Mehran Sahami,Stanford University,CS106YES,4.0,5.0,3.0,4.0,2016-03-22,-1,F,"He shoves a bunch of html, Javascript, CSS, PHP, and forces down intensive computer knowledge down your throat.  He spits sizzling apple juice from his puckered lips and does yoga throughout class.",,7,1
UmF0aW5nLTIxMzMwNzEz,203927,Mehran Sahami,Stanford University,CS106YES,5.0,5.0,5.0,2.0,2013-02-08,-1,,"Awesome guy. Was extremely funny , helpful, and clear in describing the subject.",,0,0
UmF0aW5nLTI3ODA5MDIx,203927,Mehran Sahami,Stanford University,CS109,4.0,4.0,4.0,4.0,2017-02-06,1,,"Wow! such a clear, brilliant teacher. Every class makes you love the material as much as he does.",Respected--Inspirational--Amazing lectures,3,1
UmF0aW5nLTIwMTI3NjIy,203927,Mehran Sahami,Stanford University,CS6174,5.0,5.0,5.0,3.0,2012-04-26,-1,,Mehran is a bright and interesting lecturer who keeps his audience in mind. My only criticism is his use of pet phrases (e.g. Rock On) which amuse at first but become tiresome by the 10th lecture.,,0,0
UmF0aW5nLTE5ODk5MDUy,203927,Mehran Sahami,Stanford University,CSA,5.0,5.0,5.0,1.0,2012-03-10,-1,,"I stumbled upon the CS106A lectures on iTunes U and found that professor Mehran Sahami really teaches brilliantly! His clear, structured, uncluttered explanations, and the very apt examples are a huge help in  understanding and retaining the concepts in ones mind.  I loved the lectures and learnt a lot. Such teachers make a difference. Thank you!",,0,0
UmF0aW5nLTE2MDUwMTU5,203927,Mehran Sahami,Stanford University,CSA,5.0,5.0,5.0,3.0,2009-07-19,-1,,"best teacher of computer sciences i have ever taught by,",,0,0
UmF0aW5nLTIwMzM4OTk4,203927,Mehran Sahami,Stanford University,CSA106A,5.0,5.0,5.0,1.0,2012-05-24,-1,,"saw his lectures online, this guy is amazing!! wish my college had teachers like him. his lectures made my first year so much easier. amazing guy!!",,0,1
UmF0aW5nLTE1Nzg3MDY0,203927,Mehran Sahami,Stanford University,CSABC,5.0,5.0,5.0,1.0,2009-05-07,-1,,he is awesome we all need such profs,,0,0
UmF0aW5nLTM1MDU1NDY1,2632346,Michael Short,Massachusetts Institute of Technology,22.01,5.0,5.0,5.0,3.0,2021-08-31,1,A,"Mike Short carries with him everywhere he goes the kindness and intensity of interest so characteristic of him. He has improved my department orders of magnitude in my short time here, and offered a class experience that gave me no doubt that I'm destined to be a nuclear scientist :') Love you, Mike!!!",Accessible outside class--Inspirational--Amazing lectures,1,0
UmF0aW5nLTI1NTc3MTU1,812008,Min Chen,Massachusetts Institute of Technology,PHYS811,5.0,5.0,5.0,3.0,2015-12-07,-1,A-,His sense of humor makes physics tolerable. He is also very helpful with pset problems. 10/10 would recommend ,,1,0
UmF0aW5nLTE0MjMwODYw,812008,Min Chen,Massachusetts Institute of Technology,PHYS811,1.0,1.0,1.0,3.0,2008-04-02,-1,,No Comments,,0,1
UmF0aW5nLTI4NzA3ODM1,144127,Moungi Bawendi,Massachusetts Institute of Technology,5.60,5.0,5.0,5.0,4.0,2017-10-01,1,,He gives amazing intuitions. A very good teacher overall.,Respected--Amazing lectures--LECTURE HEAVY,0,0
UmF0aW5nLTExNDA2Nzcx,144127,Moungi Bawendi,Massachusetts Institute of Technology,560,5.0,5.0,4.0,2.0,2006-01-23,-1,,"The material is boring, but he's really good and he follows his lecture notes",,0,3
UmF0aW5nLTM4NTY1NTA=,144127,Moungi Bawendi,Massachusetts Institute of Technology,560,4.0,4.0,4.0,3.0,2005-05-13,-1,,Very clear lectures.  He followed the standard 5.60 notes very closely.,,0,0
UmF0aW5nLTEwNTY4MjU=,144127,Moungi Bawendi,Massachusetts Institute of Technology,560,4.0,5.0,3.0,3.0,2003-07-20,-1,,"boring class, but prof was fun",,0,0
UmF0aW5nLTc2MTcwNg==,144127,Moungi Bawendi,Massachusetts Institute of Technology,560,3.0,3.0,3.0,2.0,2003-03-29,-1,,Made a boring class slightly more boring.  Poor guy had nothing to work with.,,0,0
UmF0aW5nLTYyNzk2NQ==,144127,Moungi Bawendi,Massachusetts Institute of Technology,560,2.0,1.0,3.0,3.0,2003-02-25,-1,,"Good lecture notes, terrible lecture!",,0,0
UmF0aW5nLTI3OTgwMTQw,144127,Moungi Bawendi,Massachusetts Institute of Technology,CHE560,5.0,5.0,5.0,2.0,2017-04-01,1,A+,This Professor is an Excellent Profesor for Thermodynamics in Chemistry . He teach you a lot and the exams are no difficult. Is a nice person and have great teach skills. I found the material of the class very interesting if you like to study .,Respected--Inspirational--Amazing lectures,3,0
UmF0aW5nLTI2ODI1NTgw,2158670,Muhamet Yildiz,Massachusetts Institute of Technology,ECON1412,3.0,3.0,3.0,4.0,2016-07-22,0,C-,"I took Econ 14.12 Economics applications of Game Theory with Prof. Muhamet Yilditz . He taught the course very hard but the explanations are good. For a student that major in Economics , Mathematics and Chemical-Biological Engineering I found it extremely difficult the course. This course blows your mind but he is a genius taught this class .",,1,0
UmF0aW5nLTEyMTI3MTEz,95058,Muriel Medard,Massachusetts Institute of Technology,6041,1.0,1.0,1.0,5.0,2006-08-03,-1,,Medard is rather hard to understand. I wish I had taken 6.041 from someone else.,,0,2
UmF0aW5nLTM5MzEzOTg=,95058,Muriel Medard,Massachusetts Institute of Technology,6041,2.0,2.0,1.0,4.0,2005-05-27,-1,,"Nice, but lectures didn't help at all.  The material and examples covered in letcure were way easier than what was on the p-sets and tests.",,0,1
UmF0aW5nLTU0NzI4NA==,95058,Muriel Medard,Massachusetts Institute of Technology,6041,2.0,1.0,2.0,4.0,2003-02-06,-1,,"A nightmare of a class.  Medard has enthusiasm, but lacks teaching skills.",,0,0
UmF0aW5nLTQwOTY3Ng==,95058,Muriel Medard,Massachusetts Institute of Technology,6041,2.0,1.0,2.0,4.0,2002-12-09,-1,,No Comments,,0,0
UmF0aW5nLTE3NzEyMzE=,95058,Muriel Medard,Massachusetts Institute of Technology,6263,4.0,3.0,5.0,4.0,2004-03-03,-1,,No Comments,,0,0
UmF0aW5nLTIxMDc5OTM3,95058,Muriel Medard,Massachusetts Institute of Technology,EE1,5.0,5.0,5.0,5.0,2012-12-15,-1,,Outstanding Prof!,,0,0
UmF0aW5nLTMwNDc3Mjk2,95058,Muriel Medard,Massachusetts Institute of Technology,P6041,5.0,5.0,5.0,4.0,2018-09-01,1,A-,"Professor Medard is awesome. Not easy, makes your work for it.",Respected--Inspirational--Hilarious,0,0
UmF0aW5nLTEyODI2NDM5,95058,Muriel Medard,Massachusetts Institute of Technology,P6041,5.0,5.0,5.0,1.0,2007-01-29,-1,,Never got confused in this class,,0,0
UmF0aW5nLTE0ODg2NjU4,344295,Oral Buyukozturk,Massachusetts Institute of Technology,CEE1541,1.0,1.0,1.0,5.0,2008-10-21,-1,,He really should not be at a place like MIT. He is the most-unlike-MIT-professor guy.,,0,3
UmF0aW5nLTE0Mzk3NTkz,344295,Oral Buyukozturk,Massachusetts Institute of Technology,CEE541,5.0,4.0,5.0,2.0,2008-05-04,-1,,No Comments,,0,0
UmF0aW5nLTIxODMxNzA3,344295,Oral Buyukozturk,Massachusetts Institute of Technology,MENG,5.0,5.0,5.0,1.0,2013-05-27,-1,,he is a genius and most likely professor,,0,0
UmF0aW5nLTMyNDM0NTYx,831180,Pablo Parrilo,Massachusetts Institute of Technology,6.255,1.0,1.0,1.0,5.0,2019-11-18,0,Rather not say,"Contrary to most people on this site, I would have to say he's not very good at explaining foreign concepts. Often too math-y of explanations, homework is overly difficult and not related closely enough to material, no opportunities to build intuition, and the exams are far too hard to be fair. Avg grade on midterm was a D. Reflects appropriately.",Lots of homework--Test heavy--Tough grader,0,0
UmF0aW5nLTMyMjEwNDc4,831180,Pablo Parrilo,Massachusetts Institute of Technology,6.256,5.0,5.0,5.0,4.0,2019-09-03,1,A,"Pablo is a great teacher: very clear and continuously checks that everyone in the class is tracking. Fair warning though: Pablo's classes are great to take if you are interested in the material, but don't take them as &quot;easy&quot; classes, because you are going to be doing A LOT of learning.",Respected--Inspirational--Amazing lectures,0,0
UmF0aW5nLTIyMjU2MDQx,831180,Pablo Parrilo,Massachusetts Institute of Technology,6255,4.0,4.0,4.0,4.0,2013-11-04,-1,A,"OK prof, clear, but often runs overtime.",,0,0
UmF0aW5nLTE1MzA4MTcy,831180,Pablo Parrilo,Massachusetts Institute of Technology,OLASS6255,5.0,5.0,4.0,4.0,2009-01-03,-1,,"Not too easy, but a good prof.",,0,0
UmF0aW5nLTEyODI0NjIy,831180,Pablo Parrilo,Massachusetts Institute of Technology,OPT6255,5.0,5.0,4.0,3.0,2007-01-28,-1,,great,,0,0
UmF0aW5nLTExNjg4ODM1,831180,Pablo Parrilo,Massachusetts Institute of Technology,OPTIMIZATION,5.0,5.0,5.0,3.0,2006-04-10,-1,,No Comments,,0,0
UmF0aW5nLTE2Nzc1NzUz,1083753,Paul Schechter,Massachusetts Institute of Technology,HIST801,4.0,4.0,4.0,5.0,2010-02-01,-1,,"Although I failed the class, he spent so much time helping me when possible and  answering my questions! He never looked down on me; he was encouraging. What a fabulous professor!",,1,0
UmF0aW5nLTE2NzQ4NDQy,1083753,Paul Schechter,Massachusetts Institute of Technology,L801,3.0,3.0,2.0,3.0,2010-01-22,-1,,If you pay attention/come to lecture he's actually pretty clear. Is definitely obsessed with physics which makes him excited about the class. Super approachable and friendly,,0,0
UmF0aW5nLTE0ODc0MDMz,1083753,Paul Schechter,Massachusetts Institute of Technology,PHY801,5.0,5.0,4.0,2.0,2008-10-16,-1,,what a cute little nerdy MIT prof,,0,0
UmF0aW5nLTEzOTE4OTkw,1083753,Paul Schechter,Massachusetts Institute of Technology,PHY801,1.0,1.0,1.0,4.0,2007-12-28,-1,,"this prof obviously dislikes teaching since he never does any...when you go to him for help, he rolls his eyes and has you do problems without indicating what you are doing wrong.  HE IS THE WORST TEACHER I HAVE EVER HAD! Totally waste of time and my parent's money. Major disappointment.",,0,0
UmF0aW5nLTE3ODQ0NzQw,1083753,Paul Schechter,Massachusetts Institute of Technology,PHYS801,5.0,5.0,5.0,1.0,2010-12-02,-1,,He's awesome,,0,0
UmF0aW5nLTE0OTE1ODE2,1083753,Paul Schechter,Massachusetts Institute of Technology,PHYS801,2.0,2.0,2.0,4.0,2008-10-29,-1,,"Not a very good prof... very inarticulate.  But friendly, which counts for something.",,1,0
UmF0aW5nLTE2NTAyNjAx,1083753,Paul Schechter,Massachusetts Institute of Technology,PHYS801L,2.0,1.0,2.0,4.0,2009-12-09,-1,,Jumps around points during lecture. Not very clear. My high school AP physics B teacher was better than him and I thought my high school teacher sucked. I would recommend you watch the OCW on 8.01's professor instead.,,1,0
UmF0aW5nLTQxMTMzNjUw,2180585,Pavlos Protopapas,Harvard University,AC297R,5.0,5.0,5.0,2.0,2025-05-02,1,,Pavlos is so interesting to listen to and no one explains stuff better than him. 100% recommend.,Amazing lectures --Hilarious--Caring,0,0
UmF0aW5nLTQxMTMzNTY4,2180585,Pavlos Protopapas,Harvard University,AC297R,5.0,5.0,5.0,3.0,2025-05-02,1,,"He keeps it interesting and easy even on topics that I thought were too technical for me, and you finish every class actually understanding it. Amazing professor.",,0,0
UmF0aW5nLTQxMTMzNDgx,2180585,Pavlos Protopapas,Harvard University,AC297R,5.0,5.0,5.0,2.0,2025-05-02,1,,Pavlos is the best!!!!!!!!!,Amazing lectures --Inspirational--Caring,0,0
UmF0aW5nLTM4Nzk5MzY3,2180585,Pavlos Protopapas,Harvard University,AC297R,1.0,1.0,1.0,5.0,2023-12-27,-1,D-,His class so uncomfortable ,Tough grader--So many papers--Lecture heavy,0,0
UmF0aW5nLTMyODk5Njgz,2180585,Pavlos Protopapas,Harvard University,AC297R,5.0,5.0,5.0,4.0,2020-02-09,1,A,Great class!,Gives good feedback--Inspirational--Group projects,0,1
UmF0aW5nLTQyNDY1MTg3,2180585,Pavlos Protopapas,Harvard University,CS109,1.0,1.0,1.0,5.0,2026-01-09,-1,A,"this course covers basics of data science that don't prepare you for exams or even homework. you end up working 24/7 and teaching yourself everything. incredibly unfair exam difficulty and amount of work you need to put, with harsh grading. pavlos doesn't seem to care enough about students, and is okay with this course getting tougher every year.",Lots of homework--Lecture heavy--Test heavy,0,0
UmF0aW5nLTQxMTcxOTE2,2180585,Pavlos Protopapas,Harvard University,CS109,5.0,5.0,5.0,4.0,2025-05-06,1,A,Content is challenging. Stay to be challenged. I had to review pretty much every lecture and take notes on my own. Brain hurt a lot of the time. That just means my brain is growing. ,Group projects--Lots of homework--Hilarious,0,0
UmF0aW5nLTQxMTY4ODQ1,2180585,Pavlos Protopapas,Harvard University,CS109,5.0,5.0,5.0,1.0,2025-05-05,1,A,"Pavlos gives only the best to his students and has slides for everything, truly fun lectures to follow and very engaging delivery.",Amazing lectures --Inspirational--Hilarious,0,0
UmF0aW5nLTQxMTUxMTI4,2180585,Pavlos Protopapas,Harvard University,CS109,5.0,5.0,5.0,3.0,2025-05-04,1,A,"CS109 is a well-designed course that balances statistical learning and neural networks. Pavlos combines deep expertise with a warm, approachable style. He truly cares about students and makes complex topics accessible and engaging. Highly recommend&#8212;though some of his jokes are a bit outdated!
",,0,0
UmF0aW5nLTQxMTMzNTc4,2180585,Pavlos Protopapas,Harvard University,CS109,5.0,5.0,5.0,3.0,2025-05-02,1,,We need more professors like Pavlos please!,Amazing lectures --Inspirational--Respected,0,0
UmF0aW5nLTQxMTMyNjU4,2180585,Pavlos Protopapas,Harvard University,CS109,5.0,5.0,5.0,3.0,2025-05-02,1,A,"109A/B are some of the best courses that I took at Harvard. Pavlos is an amazing lecturer, and his lectures were always engaging, with up to date and well-structured content. After graduating, I still used the material to prepare for job interviews. I really appreciate the effort put to create an amazing learning experience for students!",Amazing lectures --Caring--Accessible outside class,0,0
UmF0aW5nLTM4MDkxODgz,2180585,Pavlos Protopapas,Harvard University,CS109,1.0,1.0,1.0,5.0,2023-07-07,-1,A-,"Difficult class with fast-talking professor and confusing, long HWs that take over a month to be graded.",Group projects--Lots of homework,0,0
UmF0aW5nLTM3OTE2NDAy,2180585,Pavlos Protopapas,Harvard University,CS109,5.0,5.0,5.0,2.0,2023-05-13,1,A,"Visualizing (w/ pictures and animations!) to help understand concepts, important for applying them correctly in practice. Significant time required for assignments, but you can learn a lot. Of all the 12 courses I have taken at Harvard this one is most relevant for my commercial practice as a data science consultant - high IRR of tuition.",Group projects--Amazing lectures --Lots of homework,0,1
UmF0aW5nLTM3NDIxOTU5,2180585,Pavlos Protopapas,Harvard University,CS109,1.0,1.0,1.0,1.0,2023-02-10,-1,Rather not say,Never take course with him,,1,0
UmF0aW5nLTM2MDI2NzU1,2180585,Pavlos Protopapas,Harvard University,CS109,5.0,5.0,5.0,4.0,2022-04-05,1,A,"Great class to learn data science, expect to put in work. ",Amazing lectures --Lots of homework--Hilarious,0,1
UmF0aW5nLTI4Mzg2ODI2,2180585,Pavlos Protopapas,Harvard University,CS109,1.0,1.0,1.0,2.0,2017-05-26,0,A,Quality of courses is not worth the money at all. Students are treated primarily as cash cows.,,3,4
UmF0aW5nLTQxMjEyMDAz,2180585,Pavlos Protopapas,Harvard University,CSCIE109B,1.0,1.0,1.0,3.0,2025-05-08,-1,A,"Long and many homeworks, has his favorites, and talks fast during lectures.",Lots of homework--Lecture heavy,0,0
UmF0aW5nLTQxMTQzOTU0,2180585,Pavlos Protopapas,Harvard University,CSCIE109B,5.0,5.0,5.0,3.0,2025-05-03,1,A-,"Professor Protopapas explains tough concepts clearly. His humor and creative slides keep it interesting. The step-by-step approach helps a bunch, but it's still a bit challenging. Overall, a solid experience.",Amazing lectures --Gives good feedback--Hilarious,0,0
UmF0aW5nLTQxMTMzNjE1,2180585,Pavlos Protopapas,Harvard University,CSCIE109B,5.0,5.0,5.0,3.0,2025-05-02,1,,"amazing, the best",Amazing lectures ,0,0
UmF0aW5nLTQxMTMzNjAx,2180585,Pavlos Protopapas,Harvard University,CSCIE109B,5.0,5.0,5.0,3.0,2025-05-02,1,,"He actually cares about his students even online, and he's so modest even though he's clearly the best out there.",Amazing lectures --Inspirational,0,0
UmF0aW5nLTQxMTMzNDYx,2180585,Pavlos Protopapas,Harvard University,CSCIE109B,5.0,5.0,5.0,3.0,2025-05-02,1,,Pavlos is just the best professor in every way. Take anything he teaches if you're lucky enough to have the option.,Amazing lectures --Inspirational--Caring,0,0
UmF0aW5nLTQxMTMzMzc4,2180585,Pavlos Protopapas,Harvard University,CSCIE109B,5.0,5.0,5.0,4.0,2025-05-02,1,A+,Great professor,Amazing lectures --Lots of homework--Respected,0,0
UmF0aW5nLTQxMTMzMjQz,2180585,Pavlos Protopapas,Harvard University,CSCIE109B,5.0,5.0,5.0,3.0,2025-05-02,1,A,"I have taken all three classes by Pavlos, If there were more - I would take more. 1000% recommended.",Amazing lectures --Lots of homework--Hilarious,0,0
UmF0aW5nLTMzMTA2OTEy,2180585,Pavlos Protopapas,Harvard University,CSCIE109B,1.0,1.0,1.0,3.0,2020-04-22,0,Rather not say,Just want to go over the slides and complete the syllabus. Does not want to know if students understood the subject/concepts clearly. Total disconnect between class and homework. Labs are total waste and for namesake. They waste time on easy stuff rather than going over the actual concepts. I will definitely not recommending taking both 109 A or B.,,1,0
UmF0aW5nLTEwMDA5MTAw,409757,Peter Dourmashkin,Massachusetts Institute of Technology,801T,4.0,3.0,5.0,5.0,2005-07-09,-1,A,"He's a difficult professor, but very very willing to help and answer any questions. very understanding, very kind.",,0,1
UmF0aW5nLTQwNTU0MTEz,409757,Peter Dourmashkin,Massachusetts Institute of Technology,801X,5.0,5.0,5.0,2.0,2025-01-15,1,A+,W professor ngl,Amazing lectures --Inspirational--Accessible outside class,0,0
UmF0aW5nLTEwNjQ2NDY2,409757,Peter Dourmashkin,Massachusetts Institute of Technology,801X,5.0,5.0,5.0,4.0,2005-10-26,-1,,"Though the class is long extinct, I'm glad to see that Prof Dourmashkin is still teaching intro physics. He was very dedicated to his students, and offered much individual help.",,1,0
UmF0aW5nLTM5NzI0MjQ3,409757,Peter Dourmashkin,Massachusetts Institute of Technology,802,1.0,1.0,1.0,5.0,2024-09-04,-1,B,he is so bad and explains things so badly ,,0,0
UmF0aW5nLTM4ODk4NjE2,409757,Peter Dourmashkin,Massachusetts Institute of Technology,802,5.0,5.0,5.0,5.0,2024-01-18,1,,I once drunk Piazza'd Dourmashkin asking for a video on a concept for an upcoming test and it was uploaded by the time I woke up in the morning.,,0,0
UmF0aW5nLTM2NjQ2Mjg3,409757,Peter Dourmashkin,Massachusetts Institute of Technology,802,5.0,5.0,5.0,2.0,2022-09-16,1,A,Amazing professor. All the MIT students stan Professor Dourmashkin!,Amazing lectures --Caring--Respected,0,0
UmF0aW5nLTM2NjQ2Mjg2,409757,Peter Dourmashkin,Massachusetts Institute of Technology,802,5.0,5.0,5.0,2.0,2022-09-16,1,A+,Amazing professor! Explains things in a clear and intuitive way. Holds really helpful office hours. Definitely recommend for 8.02!,Amazing lectures --Caring--Respected,0,0
UmF0aW5nLTM1OTk0Mzcz,409757,Peter Dourmashkin,Massachusetts Institute of Technology,802,5.0,5.0,5.0,3.0,2022-03-30,1,A,Great guy,Amazing lectures --Gives good feedback--Inspirational,0,0
UmF0aW5nLTI0OTU0MDg4,409757,Peter Dourmashkin,Massachusetts Institute of Technology,802,5.0,4.0,5.0,3.0,2015-06-10,-1,B+,"Professor Dourmashkin is one of the best known and most respected names at MIT due to his dedication to both physics  and his students. He seems to enjoy teaching introductory courses and works to ensure all students enjoy his lectures. The tests aren't that difficult, the teaching staff is very accessible, and overall this is a great class!!!!!!!!",,2,0
UmF0aW5nLTI0NDU4MTg0,409757,Peter Dourmashkin,Massachusetts Institute of Technology,802,5.0,5.0,5.0,3.0,2015-03-13,-1,,MIT's best physics instructor currently,,2,0
UmF0aW5nLTIxNDY3NjU=,409757,Peter Dourmashkin,Massachusetts Institute of Technology,802T,4.0,4.0,3.0,3.0,2004-05-15,-1,,No Comments,,0,0
UmF0aW5nLTM4NzM2MDA0,409757,Peter Dourmashkin,Massachusetts Institute of Technology,MIT801,2.0,2.0,2.0,5.0,2023-12-19,-1,A-,He is a yapper for proofs that don't matter.,Lecture heavy--Online Savvy,1,0
UmF0aW5nLTI3NDU0NzEz,409757,Peter Dourmashkin,Massachusetts Institute of Technology,MIT801,5.0,5.0,5.0,4.0,2016-12-12,1,,"Professor Dourmashkin exceeds expectations in every category as a teacher and a human being. He displayed a knowledge of physics unparalleled to almost any teacher I have ever had with any subject. He put in so much time and effort into helping us learn, which for a college professor is uncommon. Not only that but he cares about the students.",Respected--ACCESSIBLE OUTSIDE CLASS--Caring,4,0
UmF0aW5nLTEzNDkxOTY2,409757,Peter Dourmashkin,Massachusetts Institute of Technology,MIT8012,5.0,5.0,5.0,3.0,2007-09-25,-1,,He is so hot!!!!!!!,,2,1
UmF0aW5nLTI1Mzc3MDQw,409757,Peter Dourmashkin,Massachusetts Institute of Technology,P801,5.0,4.0,5.0,3.0,2015-11-09,-1,B,"One of the best teachers I have ever had. Smart, funny, personable, and knows how to connect material at different levels. Physics was made into a fun and interesting class.",,3,0
UmF0aW5nLTE4MjgwNjEw,409757,Peter Dourmashkin,Massachusetts Institute of Technology,PHY5,5.0,5.0,5.0,2.0,2011-03-16,-1,,He is a pretty good and helpful professor. Absolutely deserving of a raise,,0,1
UmF0aW5nLTI2MzAzNjAx,409757,Peter Dourmashkin,Massachusetts Institute of Technology,PHY802,5.0,5.0,5.0,3.0,2016-04-15,-1,A+,Professor Peter Dourmashking is one of The Best Professors at Physics Department at Massachussetts Institute of Technology. I took 8.02 Electricity and Magnetism despiste The course is Hard he made so Easy to understand. He colaborates de  with The students and The Class is truly inspirational. Helps a lot and have passion for teaching Physics .,,7,0
UmF0aW5nLTI2MzAzNTk5,409757,Peter Dourmashkin,Massachusetts Institute of Technology,PHY802,5.0,5.0,5.0,3.0,2016-04-15,-1,A+,Professor Peter Dourmashking is one of The Best Professors at Physics Department at Massachussetts Institute of Technology. I took 8.02 Electricity and Magnetism despiste The course is Hard he made so Easy to understand. Always collaborates with The students and The Class is truly inspirational. Helps a lot and have passion for teaching Physics .,,6,0
UmF0aW5nLTE0NjIzNzU1,409757,Peter Dourmashkin,Massachusetts Institute of Technology,PHY802,5.0,4.0,5.0,4.0,2008-06-30,-1,,Great intro to physics prof. He is really dedicated to helping students.,,0,1
UmF0aW5nLTE5NTI0NjQ0,409757,Peter Dourmashkin,Massachusetts Institute of Technology,PHYS01,5.0,4.0,5.0,2.0,2011-12-15,-1,,He is a very good professor.  In the TEAL environment he is very helpful and makes sure to go around to all the groups and makes sure that everyone understands the topics.  I really enjoyed his class.,,1,0
UmF0aW5nLTE0ODE1MzE4,409757,Peter Dourmashkin,Massachusetts Institute of Technology,PHYS01,5.0,5.0,5.0,4.0,2008-09-14,-1,,He's a great teacher.  Class was hard but he did everything he possibly could to help us along,,0,1
UmF0aW5nLTMyMDU2NjE3,409757,Peter Dourmashkin,Massachusetts Institute of Technology,PHYS801,5.0,5.0,5.0,1.0,2019-06-25,1,A+,Great Professor. Gives a great introduction to Physics,Gives good feedback--Respected--Amazing lectures,0,0
UmF0aW5nLTI3Nzg4Mzk5,409757,Peter Dourmashkin,Massachusetts Institute of Technology,PHYS801,4.0,4.0,4.0,4.0,2017-01-30,1,,"Really nice guy who really cares about his students. He really knows how to teach the course, and the difference showed the one day we had a substitute. Definitely try to get in his section, it's worth having a 9am class, and that's really saying something.",Gives good feedback--Respected--Inspirational,3,3
UmF0aW5nLTI3MTA5Njg4,409757,Peter Dourmashkin,Massachusetts Institute of Technology,PHYS801,5.0,5.0,5.0,3.0,2016-11-01,1,,He's amazing.,Respected--Amazing lectures--Caring,2,0
UmF0aW5nLTI2ODI1MjQz,409757,Peter Dourmashkin,Massachusetts Institute of Technology,PHYS801,5.0,5.0,5.0,4.0,2016-07-22,1,A,Massachusetts Institute of Technology Physy 8.01 physics I was a truly experience . He help so much the student but the class is heavy,,0,0
UmF0aW5nLTI2MzY2MTM3,409757,Peter Dourmashkin,Massachusetts Institute of Technology,PHYS801,4.0,3.0,4.0,3.0,2016-04-24,-1,A+,Physy 8.01 Classical Mechanics is one of The most amazing courses at Massachussetts Institute of Technology. The review lessons and extremely helpful . Physics is The most difficult course at The freshman year. He is Truly inspirational and pretty clear to understand. Help Students a lot. I took Physy 8.01 and 8.02 and was a amazing Experience .,,6,2
UmF0aW5nLTIxMjE4NjA0,409757,Peter Dourmashkin,Massachusetts Institute of Technology,PHYS801,5.0,5.0,5.0,2.0,2013-01-06,-1,,"This guy is an awesome teacher, my favourite so far for me. His enthusiasm for the subject is very contagious. I literally run to do my homework immediately after his class. Mark you I'm not even in his class (not by choice), I just attend his review sessions which he gives at night. True dedication!",,0,2
UmF0aW5nLTEyODA0MjU5,409757,Peter Dourmashkin,Massachusetts Institute of Technology,PHYS801,5.0,5.0,5.0,3.0,2007-01-21,-1,,very good prof,,0,0
UmF0aW5nLTE2NTAwMzA5,409757,Peter Dourmashkin,Massachusetts Institute of Technology,PHYS801T,4.0,4.0,4.0,3.0,2009-12-08,-1,,"his review sessions are much more helpful than the actual classes, but he is a really good prof and he is really invested in his students. oh and one time i overslept and it was halfway into class (we had a quiz) and he let me take it into another room and have as much time as i needed.",,1,0
UmF0aW5nLTEyOTM0NDAx,409757,Peter Dourmashkin,Massachusetts Institute of Technology,PHYSECT,5.0,5.0,5.0,5.0,2007-03-20,-1,,7/5,,1,1
UmF0aW5nLTIxMDg1MjQw,409757,Peter Dourmashkin,Massachusetts Institute of Technology,PHYSL07,5.0,5.0,5.0,4.0,2012-12-15,-1,,Very helpful,,0,1
UmF0aW5nLTE1MTkwNjUy,409757,Peter Dourmashkin,Massachusetts Institute of Technology,PYS5,5.0,5.0,5.0,3.0,2008-12-14,-1,,the best,,0,1
UmF0aW5nLTE5MDczNjUz,1626807,Peter Mueller,Massachusetts Institute of Technology,CHEM067,5.0,4.0,5.0,4.0,2011-10-14,-1,,Very engaging; knows what he is talking about.,,0,0
UmF0aW5nLTEzODMwMjg=,121239,Peter Szolovits,Massachusetts Institute of Technology,6034,5.0,5.0,5.0,3.0,2003-11-23,-1,,funny guy,,0,0
UmF0aW5nLTE3ODM2MzI=,121239,Peter Szolovits,Massachusetts Institute of Technology,HST,5.0,5.0,4.0,3.0,2004-03-07,-1,,"Seems to be a nice guy, but a hard taskmaster",,0,0
UmF0aW5nLTE2MjY3MTY5,121239,Peter Szolovits,Massachusetts Institute of Technology,HST951,5.0,5.0,5.0,1.0,2009-10-23,-1,,"I like his sense of humor. Always available for questions. Very knowledgeable. Explains material very clearly, often with interesting stories - possibly because he's been living for many years.",,0,0
UmF0aW5nLTEyNjc2NTAw,121239,Peter Szolovits,Massachusetts Institute of Technology,HSTSECT,3.0,3.0,2.0,5.0,2006-12-23,-1,,High Maintenance,,0,0
UmF0aW5nLTEyNjI1Mzc5,121239,Peter Szolovits,Massachusetts Institute of Technology,HSTSECT,4.0,4.0,4.0,4.0,2006-12-16,-1,,"haughty, arrogant and hard-to-get.",,0,0
UmF0aW5nLTE5NzU0MzQ4,1615202,Piyush Rai,University of Utah,CS5350,4.0,4.0,4.0,4.0,2012-01-20,-1,,Hard class. Assumed a lot of background. Would have appreciated more if it had more applications bent.,,0,0
UmF0aW5nLTE5NzM1NDAz,1615202,Piyush Rai,University of Utah,CS5350,5.0,5.0,5.0,2.0,2012-01-17,-1,,"I was initially apprehensive about taking this difficult class as he was actually a senior PhD student, not a professor. But he did a great job with the class, putting in a lot of effort in preparing each lecture and helping tremendously on homeworks. I initially used to have troubles due to difficult material but later started enjoying the class.",,0,0
UmF0aW5nLTE5Nzc1OTU0,1615202,Piyush Rai,University of Utah,ML6350,5.0,5.0,5.0,1.0,2012-01-26,-1,,"As a senior phD student, he did an excellent job in teaching Machine Learning. He made the class interesting as well as easy to understand given that this subject is tough. Extremely helpful and was prompt in replying student's emails and clarifying doubts in office hours. Has a crystal clear knowledge of the subject.",,0,0
UmF0aW5nLTM3ODkzMTgw,2814706,Regina Barzilay,Massachusetts Institute of Technology,6C51,1.0,1.0,1.0,5.0,2023-05-11,-1,C+,This class felt thrown together as if it was just an afterthought. The exams are a mangled mess of questions from other classes with many of the problems having absolutely nothing to do with what was taught.,Test heavy,0,0
UmF0aW5nLTM3Njg4OTc0,2814706,Regina Barzilay,Massachusetts Institute of Technology,6C51,1.0,1.0,1.0,5.0,2023-04-22,-1,B-,All she cares about is writing difficult exams. I didn't get the vibe that learning was important.,Graded by few things,2,0
UmF0aW5nLTM3NjgwMDQz,2814706,Regina Barzilay,Massachusetts Institute of Technology,6C51,1.0,1.0,1.0,5.0,2023-04-21,-1,C-,"The course lectures were all big picture and as Regina always says ""baby examples"" but the exams were nit picky and focused on equations and mathematical tricks. Overall, a complete waste of time. The use of high-stakes timed exams was inappropriate for this six credit class.",Tough grader--Test heavy--Graded by few things,2,0
UmF0aW5nLTM5NDQ4NTU5,2135951,Ren Ng,University of California Berkeley,CS184,5.0,5.0,5.0,3.0,2024-05-13,1,A,"gives very good lectures and all around extremely knowledgeable about the subject, 100% recommend",Amazing lectures --Respected--Accessible outside class,0,0
UmF0aW5nLTM5MTk1ODc3,2135951,Ren Ng,University of California Berkeley,CS184,5.0,5.0,5.0,3.0,2024-04-17,1,Not sure yet,"The BEST CS professor at Berkeley!

The lectures are inspirational. Prof. Ren Ng can explain difficult concepts in an easy way, and I feel like I learned the big picture of computer graphics through his explanation. 

This course made me fall in love with computer graphics",Group projects--Clear grading criteria--Inspirational,0,0
UmF0aW5nLTM1ODQ5MTg1,2135951,Ren Ng,University of California Berkeley,CS184,5.0,5.0,5.0,3.0,2022-02-12,1,,He is good at explaining stuff. Very approachable. Great lecturer.,Amazing lectures,0,0
UmF0aW5nLTMyMzIxNjQ5,2135951,Ren Ng,University of California Berkeley,CS184,5.0,5.0,5.0,3.0,2019-10-26,1,A,a legend,Respected--Inspirational,0,0
UmF0aW5nLTM4Nzc0MDA0,2069373,Ritwik Banerjee,Stony Brook University (SUNY),CSE214,3.0,3.0,3.0,4.0,2024-01-29,1,A,"His lectures are good but he sometimes has issues with accuracy and clarity on his notes. Do the HWs and do them well. By design of the class, his test averages are consistently around 50%. He makes up for this with heavily weighted HWs and a strong curve. He often makes mistakes, but is otherwise alright. ",Lecture heavy--Test heavy--Graded by few things,0,0
UmF0aW5nLTM4ODA0MDky,2069373,Ritwik Banerjee,Stony Brook University (SUNY),CSE214,1.0,1.0,1.0,5.0,2023-12-28,-1,B-,"Jee isn't a great teacher and the homeworks/exams in this class are very hard; they essentially test oddly specific and unnecessary implementations rather than your actual understanding of the concepts. Grading also takes forever, and instructions for assignments/exams tend to be vague and  confusing. The only good thing is the very generous curve.",Tough grader--Graded by few things,0,0
UmF0aW5nLTM2MTMwMzU2,2069373,Ritwik Banerjee,Stony Brook University (SUNY),CSE214,1.0,1.0,1.0,4.0,2022-04-22,-1,B,Don't take this class. Hws are so vague af ,,0,0
UmF0aW5nLTM2MDI4ODMx,2069373,Ritwik Banerjee,Stony Brook University (SUNY),CSE214,2.0,2.0,2.0,5.0,2022-04-06,-1,C+,That was a tough period.... I considered department transfer because of him...,Tough grader--Lots of homework--Test heavy,0,0
UmF0aW5nLTM1NjE1ODcz,2069373,Ritwik Banerjee,Stony Brook University (SUNY),CSE214,3.0,3.0,3.0,3.0,2021-12-21,1,A+,"HIs lectures are pretty good, but not necessary at attend with all the resources online. Most of the grade is based off of homeworks, which shouldn't be too hard if you paid attention to the lectures or equivalent. His biggest issue is that HOMEWORK NEVER GETS GRADED ON TIME. Exams are kind of tough, but count less than homeworks.",Graded by few things,0,0
UmF0aW5nLTM1NjE0Nzg2,2069373,Ritwik Banerjee,Stony Brook University (SUNY),CSE214,2.0,2.0,2.0,4.0,2021-12-21,0,,Homework is never graded promptly like assignments are supposed to be. Final and Midterm averages are usually in the 40s. The homework will essentially save your grade in this class because the midterm/final are pretty hard.,Skip class? You won't pass.--Graded by few things--Tough grader,0,0
UmF0aW5nLTM0MzI3MTMy,2069373,Ritwik Banerjee,Stony Brook University (SUNY),CSE214,4.0,4.0,4.0,4.0,2021-01-29,1,A,"The class was average, the first few tests were unusually hard compared to what we were taught, but over time they got easier. The only thing that was particularly bad was the fact that homework takes forever to be graded.",,1,0
UmF0aW5nLTM0MTg3Njk2,2069373,Ritwik Banerjee,Stony Brook University (SUNY),CSE214,1.0,1.0,1.0,4.0,2020-12-23,0,B+,"Ritwik is by far the worst teacher I had encountered in possibly my entire schooling career. Expect him to take 2-3 days to respond to emails, and straight-up ignore your piazza posts. He consistently takes 1-2 months to grade each homework and exam. He has a lot of experience in Java, but I recommend you ditch his lectures and learn on your own.",Tough grader,1,0
UmF0aW5nLTI4Njg4NDM1,2069373,Ritwik Banerjee,Stony Brook University (SUNY),CSE214,1.0,1.0,1.0,5.0,2017-09-21,0,,The HW doesn't relate with the class. Most of the HW is just stackoverflow searching. He reads the slides in lecture word for word and doesn't explain things thoroughly. You'd have to teach yourself all the design patterns cause he definitely won't. Doesn't like to give partial credit. Seems nice but not a very good professor.,,2,19
UmF0aW5nLTI4NjI0MTYx,2069373,Ritwik Banerjee,Stony Brook University (SUNY),CSE214,1.0,1.0,1.0,5.0,2017-08-18,0,,Terrible teacher. Tests are incredibly hard and lectures are not enough to learn the material. Get ready to learn on your own if you wanna pass this class.,Tough Grader--Skip class? You won't pass.,4,17
UmF0aW5nLTI4Mzg2OTE5,2069373,Ritwik Banerjee,Stony Brook University (SUNY),CSE214,5.0,5.0,5.0,4.0,2017-05-26,1,C+,"Banerjee is the best comp sci prof I've had so far, he's got jokes too but this class is not! The lectures are great, not mandatory, but I advise you go. Banerjee expects you to be proactive so make sure you 100% understand the material! START your HWs right when they're posted and make this class your no. 1 priority! Take my word for it!",Tough Grader--Hilarious--Amazing lectures,6,2
UmF0aW5nLTI4MjIxMjIy,2069373,Ritwik Banerjee,Stony Brook University (SUNY),CSE214,4.0,4.0,4.0,5.0,2017-05-05,1,Rather not say,"Very tough class. Honestly, no matter how much you study for an exam, there is a good chance of you not doing well. However, I highly recommend taking Banerjee for 214 and 219 because you will learn A LOT from him. The work you put in will, without a doubt, pay off.",Tough Grader--Respected--LOTS OF HOMEWORK,3,1
UmF0aW5nLTI3OTc1NzMx,2069373,Ritwik Banerjee,Stony Brook University (SUNY),CSE214,5.0,5.0,5.0,5.0,2017-03-31,1,,"Overall great professor. By far the best professor I've had. His HW are a bit tough and require you to teach yourself a bit, especially if you entered this course through AP Credit. You can tell he really cares about his students and can take a joke. He does have a bit of an accent but his pronunciation is good -- makes his accent unnoticeable.",Caring--Hilarious--Inspirational,8,1
UmF0aW5nLTI3OTA1ODQ2,2069373,Ritwik Banerjee,Stony Brook University (SUNY),CSE214,4.0,4.0,4.0,4.0,2017-03-14,1,Not sure yet,"Dr. Banerjee is a great professor for the class; he really enjoys when a student answers a lecture question, even if it's wrong. However, he takes his course seriously; hard work and many hours of studying/practice is what makes/breaks the class; his lectures loosely follow the textbook, and while the text isn't used, it helps when self-studying.",Tough Grader--ACCESSIBLE OUTSIDE CLASS--Caring,6,0
UmF0aW5nLTI3ODE1NTcx,2069373,Ritwik Banerjee,Stony Brook University (SUNY),CSE214,5.0,5.0,5.0,4.0,2017-02-08,1,,Good class. Do your own work.,Skip class? You won't pass.--ACCESSIBLE OUTSIDE CLASS--Clear grading criteria,5,0
UmF0aW5nLTI3Nzc0MDEy,2069373,Ritwik Banerjee,Stony Brook University (SUNY),CSE214,5.0,5.0,5.0,3.0,2017-01-25,1,A-,"Lectures are really good. Homeworks are good but you have to start working on them early. Exams are more on the difficult side, but if you practice coding problems throughout the semester, they are doable. All in all, a tough but great professor. His 219 is better than his 214 though.",Gives good feedback--ACCESSIBLE OUTSIDE CLASS--Amazing lectures,2,2
UmF0aW5nLTI3NzcxOTAz,2069373,Ritwik Banerjee,Stony Brook University (SUNY),CSE214,1.0,1.0,1.0,4.0,2017-01-24,0,Rather not say,"Lecture doesn't relate to the exam. Not easy to approach him. Tough grader,  you will get a lot of points when you check your test paper (He knows sometimes there are multiple answers, once the test paper is graded, if you don't go to this office to check, then you lose points). No explains of HW, and no reminds on exam( just tell you test all)....",Get ready to read--Hilarious,2,6
UmF0aW5nLTI3MDg2Nzkw,2069373,Ritwik Banerjee,Stony Brook University (SUNY),CSE214,4.0,4.0,4.0,4.0,2016-10-27,1,B+,"He is a nice man, and it seems like he cares about the students. He's very helpful at office hours and is willing to explain things multiple times if need be. However, his tests are incredibly difficult, you really need to know your stuff and even then there's no guarantee you'll do well.",Tough Grader--Caring,2,0
UmF0aW5nLTI2NjUwNzY4,2069373,Ritwik Banerjee,Stony Brook University (SUNY),CSE214,5.0,5.0,5.0,4.0,2016-05-25,-1,A-,"Very helpful. But also quite strict if you don't work hard. I just cleared an interview based on stuff he taught in 214, and the interviewer actually asked me how I knew some of the details (something about generics). He said (and I quote) ""wow"" when I told him it was a 200-level data structures class. Work hard in this course, and it will pay off!",,8,2
UmF0aW5nLTI2NjI0NzM0,2069373,Ritwik Banerjee,Stony Brook University (SUNY),CSE214,4.0,3.0,5.0,4.0,2016-05-20,-1,,"He really cares about his students, and wants you to do well. If you take the time out to seek him out, he's a better teacher than he is a lecturer. The class was meant to be hard, but he curves at the end so it normalizes. All in all, would take again.",,6,2
UmF0aW5nLTI2NjIyNzIw,2069373,Ritwik Banerjee,Stony Brook University (SUNY),CSE214,3.0,1.0,4.0,5.0,2016-05-20,-1,F,"He's an extremely tough grader who's very stingy about giving partial credit. His tests are difficult and hard to prepare for. The content that he covers in class is MUCH easier than the content on his exams. However, he is very nice and helpful.",,2,5
UmF0aW5nLTI2NjE5OTI0,2069373,Ritwik Banerjee,Stony Brook University (SUNY),CSE214,4.0,4.0,4.0,3.0,2016-05-19,-1,B,Great professor but tests seem impossible to study for. Assigns 5 Homeworks over the semester that are more like mini-projects. However they aren't that hard. Got 100's in the homeworks and about 50% on each exam and passed with a B.,,8,0
UmF0aW5nLTI2NjE0MjYw,2069373,Ritwik Banerjee,Stony Brook University (SUNY),CSE214,4.0,3.0,5.0,4.0,2016-05-19,-1,B,He is not as bad as people make him out to be. He is actually a great professor. You have to work for your grade. If you ever are confused just go to his office hours he is extremely helpful but. This is coming from an ISE major who had a C in CSE114. I ended up getting a B in this class.,,9,0
UmF0aW5nLTI2NTk0OTgx,2069373,Ritwik Banerjee,Stony Brook University (SUNY),CSE214,4.0,3.0,5.0,4.0,2016-05-17,-1,Not sure yet,"It's a hard class, especially if you're an ISE major and coding is NOT your thing. Make sure you understand everything in the lecture slides. 5 coding homeworks, 2 midterms and a final. The tests are pretty difficult. The average was pretty low for the midterms. Go to his office hours though, he will help you out. I did and he helped me so much.",,5,1
UmF0aW5nLTI2NTUzNTE5,2069373,Ritwik Banerjee,Stony Brook University (SUNY),CSE214,4.0,4.0,4.0,3.0,2016-05-12,-1,,Office hours really helps. His homeworks are formatted the way higher level classes would be. He expects you to figure things out yourself while building the concepts in class.,,5,1
UmF0aW5nLTI2NTUyMzY4,2069373,Ritwik Banerjee,Stony Brook University (SUNY),CSE214,5.0,5.0,5.0,4.0,2016-05-12,-1,A,"Very enjoyable class, but only if you're going to put a lot of effort. Office hours are VERY helpful. If you can't understand something then he will explain it step by step all the way. But he assumes that you actually remember EVERYTHING from 114.",,5,0
UmF0aW5nLTI2NDUwMjE1,2069373,Ritwik Banerjee,Stony Brook University (SUNY),CSE214,5.0,5.0,5.0,4.0,2016-05-03,-1,A,"Really good professor. Lectures make things look simple, but they aren't. You need to go over every little detail, because that's where the test questions will come from! Assignments are difficult, but once you understand what's going on, it's fun. Also, he's very helpful in office hours. Going to office hours saved my grade!",,4,0
UmF0aW5nLTI2MjY0MDUx,2069373,Ritwik Banerjee,Stony Brook University (SUNY),CSE214,5.0,4.0,5.0,4.0,2016-04-10,-1,B+,"He makes you work hard and think harder. To do well in his class, you really need to understand the concept details. Tests are difficult, but he gives a decent curve at the end of the semester! Highly recommended if you're a CS major. Now that I am taking cse 219 (under McKenna), I kinda understand why he makes you work so hard in cse 214.",,11,3
UmF0aW5nLTI1OTU5MzE0,2069373,Ritwik Banerjee,Stony Brook University (SUNY),CSE214,3.0,2.0,4.0,4.0,2016-01-18,-1,,"He is great in office hours, but in class he skims a lot and tends to assume you know certain things. He assigns large point values to extremely difficult questions with no partial credit, and they are usually on the topics which he barely covers in class. He has a slightly thick accent, which sometimes makes him difficult to understand.",,3,4
UmF0aW5nLTI1OTE0Nzgy,2069373,Ritwik Banerjee,Stony Brook University (SUNY),CSE214,2.0,2.0,1.0,5.0,2016-01-10,-1,B+,He doesn't explain much but expects you too google everything or learn it on your own. Grades extremely harshly and doesn't give any partial credit. He is from a different country and has an extremely thick accent which hinders his ability to effectively communicate. He is a nice guy.,,4,15
UmF0aW5nLTI1NjkyMDA5,2069373,Ritwik Banerjee,Stony Brook University (SUNY),CSE214,5.0,5.0,5.0,3.0,2015-12-14,-1,B-,Awesome guy. Everything was really well managed in terms of class time. Even though I didn't do as well as I wanted to I still felt like I learned so much. Taking him again next semester. Highly recommend . ,,7,4
UmF0aW5nLTI1Njc5NDUx,2069373,Ritwik Banerjee,Stony Brook University (SUNY),CSE214,5.0,5.0,5.0,3.0,2015-12-14,-1,B,Love this guy. He's an awesome professor and actually cares about the students. He knows how to run a class well and helps students understand the topics during office hours as well as class time. He's also very humorous. Recommended,,9,3
UmF0aW5nLTQxNTE5ODcx,2069373,Ritwik Banerjee,Stony Brook University (SUNY),CSE215,1.0,1.0,1.0,5.0,2025-07-23,-1,D+,Extremely rude and confrontational. He once yelled at me for asking a follow-up question.,Tough grader,0,0
UmF0aW5nLTI3NjE5MDUw,2069373,Ritwik Banerjee,Stony Brook University (SUNY),CSE215,4.0,4.0,4.0,4.0,2016-12-24,1,,"Very friendly and helpful outside of class. Lectures are okay, but I highly recommend seeking him out. Tests are definitely hard and there are no practice tests. However, many questions come straight out of the textbook, so if you practice questions from there, you should be good. All in all a tough, but fair and friendly professor.",Tough Grader--Caring--EXTRA CREDIT,6,3
UmF0aW5nLTQwNjgyMTkx,2069373,Ritwik Banerjee,Stony Brook University (SUNY),CSE216,1.0,1.0,1.0,3.0,2025-02-18,-1,A-,Lectures were never helpful as they had nothing to do with the homeworks or exams. Better to study lecture slides on your own than to waste time listening to nonsense. Multiple languages being covered that seemed like they were thrown together rather than one cohesive course. Grading took forever and was unclear. Worst professor at SBU.,Tough grader--Get ready to read--Lots of homework,0,0
UmF0aW5nLTQwNDA3NTc0,2069373,Ritwik Banerjee,Stony Brook University (SUNY),CSE216,5.0,5.0,5.0,3.0,2024-12-21,1,B-,Jee is the most goated man to ever step foot on this Earth. I flopped every single exam. I diid wayyy below the average and was so sure I was going to get below a C and fall below 12 credits and get a financial aid warning. But then he saved me. ,Inspirational--Caring--Respected,0,0
UmF0aW5nLTM4NzcyNDE4,2069373,Ritwik Banerjee,Stony Brook University (SUNY),CSE216,1.0,1.0,1.0,5.0,2023-12-22,-1,C-,"He will talk a lot to make it seem like he is giving a lot of useful information, but it's just a whole lot of nothing. You're better off not even going to class and just studying on your own. Homework from November was graded when classes ended and a week from finals which makes it impossible to even try to fix ur grades. ",Tough grader--Get ready to read,0,0
UmF0aW5nLTM4MzY5Nzg4,2069373,Ritwik Banerjee,Stony Brook University (SUNY),CSE216,1.0,1.0,1.0,5.0,2023-11-10,-1,F,So beautiful so elegant just looking like a wowow sums up this class,Tough grader--Get ready to read--Lecture heavy,0,0
UmF0aW5nLTM4MjQzMjQx,2069373,Ritwik Banerjee,Stony Brook University (SUNY),CSE216,1.0,1.0,1.0,5.0,2023-09-29,-1,D+,"Unbelievable professor who give people such a difficult exam (midterms) when we barely learned anything about the test, NEVER will there be any good practice tests. Absolutely awful. Also never respond to emails and questions. ",Tough grader--Test heavy--Graded by few things,0,1
UmF0aW5nLTM3OTc5Mzk5,2069373,Ritwik Banerjee,Stony Brook University (SUNY),CSE216,5.0,5.0,5.0,3.0,2023-05-23,1,B-,W professor. He gives sizeable curves. 11/10 Would take again!,Get ready to read--Clear grading criteria--Hilarious,0,0
UmF0aW5nLTM3MzM4MzE5,2069373,Ritwik Banerjee,Stony Brook University (SUNY),CSE216,5.0,5.0,5.0,3.0,2023-01-16,1,A,"Professor Banerjee is great; definitely one of the better professors I had. He is humorous and down-to-earth, holds great lectures, and has great slides. The homework grading was somewhat of a mess, however, you could ask for a regrade and get it sorted out. Just go to this office hours or ask TA's for clarification, and you will be fine. ",Hilarious--Caring--Test heavy,0,0
UmF0aW5nLTM3MDEzOTA2,2069373,Ritwik Banerjee,Stony Brook University (SUNY),CSE216,1.0,1.0,1.0,5.0,2022-12-07,-1,Not sure yet,"The grading was a mess. Students waited several months for the grading and received ridiculous feedback while points are taken without reason. The grader didn't follow the rubric, instruction document, or even what they said when the assignment was once posted.
",Lecture heavy--Test heavy,0,0
UmF0aW5nLTM2NjY2NjE0,2069373,Ritwik Banerjee,Stony Brook University (SUNY),CSE216,1.0,1.0,1.0,4.0,2022-09-28,-1,B,"Lectures heavy, so was test. little part of lectures on the Exams. 
Spend a whole semester learning Java Abstraction. Useless learning of Ocaml, I think we can just focus on Java and Python. He is not a tough grader. You can ask for regrade for all the hws. Which is still nice. I think the problems are the concept of this course. Not his false. ",Lecture heavy--Test heavy,0,0
UmF0aW5nLTM2Mzk2NjY5,2069373,Ritwik Banerjee,Stony Brook University (SUNY),CSE216,1.0,1.0,1.0,5.0,2022-05-23,-1,B,"Vague instructions, unfair exam questions, ill-prepared lectures. Spent hours memorizing stuff and they don't appear on the test lol.",Tough grader--Test heavy--Graded by few things,0,1
UmF0aW5nLTM1MDgwMzE1,2069373,Ritwik Banerjee,Stony Brook University (SUNY),CSE216,1.0,1.0,1.0,2.0,2021-09-20,0,,Always lates to class. Doesn't give much feedback. Lectures are not helping at all. At least it is not hard.,Get ready to read,1,0
UmF0aW5nLTM0ODc4NDc0,2069373,Ritwik Banerjee,Stony Brook University (SUNY),CSE216,3.0,3.0,3.0,3.0,2021-06-01,1,A-,"Ritwik was consistently late regarding uploading homework assignments, lectures, grades(HW grades received after finals), and responding to emails. On the bright side he is one of the best lecturers I've had so far, but I rarely went to lectures since for all the topics covered there are lots of resources online. HWs/tests not bad and nice curve.",Amazing lectures,1,0
UmF0aW5nLTM0MTQ0ODc0,2069373,Ritwik Banerjee,Stony Brook University (SUNY),CSE216,4.0,4.0,4.0,4.0,2020-12-19,1,,"Pretty good lecturer, but I really wish he would post things on time. On multiple occasions he was days late in posting slides, lecture recordings, and homework. Oh, and he knows what pog means.",Skip class? You won't pass.,1,0
UmF0aW5nLTMzOTAwMzMy,2069373,Ritwik Banerjee,Stony Brook University (SUNY),CSE216,2.0,2.0,2.0,4.0,2020-11-29,0,Not sure yet,"Dr. Banerjee is one of the professors that pride themselves on being verbose, and inaccessible. This pandemic has changed education, but Banerjee doesn't even care enough to respond to emails. On our latest homework, he did not give clear instructions, and has made himself unavailable completely during the Thanksgiving break! Feels helpless!",,1,0
UmF0aW5nLTMzOTAwMTI4,2069373,Ritwik Banerjee,Stony Brook University (SUNY),CSE216,1.0,1.0,1.0,5.0,2020-11-29,0,C-,"He is a terrible professor. He don't care about students. He is mean and selfish as a person. If you don't have a passion for teaching, just don't teach. He just make student life hard and miserable. He grade hw very late and hw are filled with errors.",,1,0
UmF0aW5nLTMzODk5Njgy,2069373,Ritwik Banerjee,Stony Brook University (SUNY),CSE216,2.0,2.0,2.0,5.0,2020-11-28,0,,"The lecture was very verbose, had a LOT of filler to filter out, &amp; not enough examples to get the concepts of each lecture. HWs, even the 1st was the worst of the 5; it should be simplified. Even if he skipped JavaFX this semester, it was still hard to learn. He should take out some topics and take more time on teaching important parts first",,2,0
UmF0aW5nLTMyOTcwNjU2,2069373,Ritwik Banerjee,Stony Brook University (SUNY),CSE216,1.0,1.0,1.0,4.0,2020-03-13,0,Not sure yet,"Absolutely terrible professor, homework solutions riddled with errors, slides riddled with typos, and incompetent grading TAs. One of the worst classes I've ever taken in my life. No clue why he's teaching. I feel bad for the people who tried to make this class less of a clown fiesta.",,1,0
UmF0aW5nLTMyNzU4MzQz,2069373,Ritwik Banerjee,Stony Brook University (SUNY),CSE216,3.0,3.0,3.0,3.0,2019-12-26,0,,The course material was pretty dry but the projects weren't too bad. Very little prep for the midterm and final (aside from TA's who were awesome). About 50% averages for both my semester which makes sense. Not that bad of a class overall though,Lecture heavy,1,0
UmF0aW5nLTMyNzIzMzg4,2069373,Ritwik Banerjee,Stony Brook University (SUNY),CSE216,1.0,1.0,1.0,3.0,2019-12-19,0,Not sure yet,"No idea what this class was supposed to actually teach. Terrible professor. Took months to get grades back on hw assignments and tests. HW docs are not specific, vague, and obviously rushed. Tests consist of a bunch of random questions about topics that were never covered in class. Acts like the lecture is his own personal TED talk.",Graded by few things--Lecture heavy--Tough grader,1,0
UmF0aW5nLTMyNTYyOTI5,2069373,Ritwik Banerjee,Stony Brook University (SUNY),CSE216,1.0,1.0,1.0,3.0,2019-12-08,0,Incomplete,This is the worst CS professor I ever met. EXTREMELY Poor at explaining concepts. Gives terrible examples with weird variable names which will easily confuse you. Homework and recitation instructions are vague. Avoid taking his class as best as you can.,Amazing lectures,1,0
UmF0aW5nLTMyNDU4MDU1,2069373,Ritwik Banerjee,Stony Brook University (SUNY),CSE216,2.0,2.0,2.0,4.0,2019-11-21,0,Not sure yet,He plays Doom 3. His lectures never line up with the homework which make it hard to focus with the homework on your mind. His assignments are very vague most of the time which make it very tedious to do when things are clarified on piazza the day before it's due.,Graded by few things--Test heavy--Tough grader,1,0
UmF0aW5nLTMyMjQ0NjY0,2069373,Ritwik Banerjee,Stony Brook University (SUNY),CSE216,1.0,1.0,1.0,5.0,2019-09-24,0,,"1)his tone; very arrogant, abstract, and a know-it-all. You can tell you wouldn't get much help from him if you asked him a question. Students avoid answering in lecture to avoid talking to him 2)lecture + hw: he reads off slides during lecture with no coding examples to help with hw. lectures are no help for homework. class is just self taught",Lots of homework--Skip class? You won't pass.,1,0
UmF0aW5nLTMyMTY5NzU2,2069373,Ritwik Banerjee,Stony Brook University (SUNY),CSE216,5.0,5.0,5.0,3.0,2019-08-13,0,A,"The only professor at SBU who still uses Steam to play games, prob Dota2",Skip class? You won't pass.--Hilarious--Tough grader,0,0
UmF0aW5nLTMxOTQ2ODY4,2069373,Ritwik Banerjee,Stony Brook University (SUNY),CSE216,5.0,5.0,5.0,3.0,2019-05-24,1,A,"He is still awesome. Going to his office hour, it's really important because he prepared the homework hastily. You have to confirm all the details with him in person. Don't trust the piazza student's answer too deeply, even the TA's answer could be wrong.",Gives good feedback--Respected--Lots of homework,6,3
UmF0aW5nLTMxOTE3MDA3,2069373,Ritwik Banerjee,Stony Brook University (SUNY),CSE216,1.0,1.0,1.0,5.0,2019-05-20,0,,"OMG, take my words, you'll experience the MOST terrible prof. in your school life. He's there for you to ruin your learning experience. You'll get extremely nervous about your grades, not wanting to get 'A'. Just care about if you'll pass with a 'C' or not. He's an extremely rude Guy anyway.",Lots of homework--Tough grader,6,4
UmF0aW5nLTMxOTE2OTgy,2069373,Ritwik Banerjee,Stony Brook University (SUNY),CSE216,1.0,1.0,1.0,5.0,2019-05-20,0,,"Worst professor I have ever seen. Give no practice exam questions, and tests consist of things that are never taught in the lectures. Completely irresponsible-- rarely answer questions on Piazza, never upload lecture slides until a lot of students urge him to do so. Most of the time, he talks things in an abstract manner, acts like he is smart.",Lots of homework--Skip class? You won't pass.--Tough grader,7,2
UmF0aW5nLTMwMjU5Mzgz,2069373,Ritwik Banerjee,Stony Brook University (SUNY),CSE219,5.0,5.0,5.0,4.0,2018-06-13,1,A-,"Great lectures and office hours. Certainly not an easy class, but if you design carefully then the lectures really help the project. Exams are not easy either, but if you work hard, they are doable. Just don't slack off in his class!",Gives good feedback--Skip class? You won't pass.--Amazing lectures,7,9
UmF0aW5nLTMwMjE1OTkx,2069373,Ritwik Banerjee,Stony Brook University (SUNY),CSE219,4.0,4.0,4.0,3.0,2018-05-31,1,A,"He fills you knowledge during the lectures. The first prof. that has me think that is worth to pay for his lectures. Humorous, full of knowledge of Java, guilds you think. Hws are always heavy since cse 219, no complain to that. Some may say his tests are hard, but those are the things you've gotta know.",Amazing lectures--Caring,3,4
UmF0aW5nLTI5NjMzNTI0,2069373,Ritwik Banerjee,Stony Brook University (SUNY),CSE219,5.0,5.0,5.0,4.0,2018-03-08,1,,"Pay attention, follow the lecture's and what he says. He is absolutely fantastic and filled with information on Java. Very relatable dude. Start the homeworks early, ask questions. Lectures notes are filled to the brim with useful information.",Tough Grader--LOTS OF HOMEWORK--Amazing lectures,11,8
UmF0aW5nLTI4OTY1MTcw,2069373,Ritwik Banerjee,Stony Brook University (SUNY),CSE219,3.0,3.0,3.0,5.0,2017-11-27,0,B+,"It's like taking three different courses: recitations, homeworks and lectures barely have anything to do with each other. Tests are based on the slides. Recitations are hour long and you are supposed to complete the task in time to get points  sacrifice learning. The homeworks are difficult, though they really do make you a better programmer.",LOTS OF HOMEWORK,11,6
UmF0aW5nLTI4NTU1MTIy,2069373,Ritwik Banerjee,Stony Brook University (SUNY),CSE219,5.0,5.0,5.0,4.0,2017-07-25,1,A-,"Good lectures. Engages his students a lot, and even if the answer is wrong, he still encourages participation. Doesn't make the course easy, but if you put in some honest hard work, you will learn A LOT! Start working early on homeworks, and be prepared to put in 10 hrs of work every week.",Gives good feedback--Skip class? You won't pass.--Amazing lectures,9,3
UmF0aW5nLTI4NTUzNjQ3,2069373,Ritwik Banerjee,Stony Brook University (SUNY),CSE219,3.0,3.0,3.0,5.0,2017-07-24,0,B,"Lectures started to get a little dry somewhere around the halfway point of the semester, to the point where I almost didn't care to go anymore. Although he is very approachable and will try and help you understand something you are having trouble with. Exams were very difficult. Not a good first choice for a professor, but a decent second choice.",Tough Grader--LOTS OF HOMEWORK--Clear grading criteria,1,0
UmF0aW5nLTI4MzY0NzQ5,2069373,Ritwik Banerjee,Stony Brook University (SUNY),CSE219,5.0,5.0,5.0,4.0,2017-05-22,1,,Very good professor. His lectures are very helpful in the learning process. I found his exams very difficult but they make you think. In addition he curves the exams and you can get a decent grade if do well on your hws. I would take him again without hesitations,Get ready to read--LOTS OF HOMEWORK--Hilarious,6,3
UmF0aW5nLTI4Mjg3NzEz,2069373,Ritwik Banerjee,Stony Brook University (SUNY),CSE219,5.0,5.0,5.0,4.0,2017-05-11,1,,"His lectures are very organized, similar to an outline, you will learn a lot from him (if you can stay awake).  Go to his office hours, super nice professor and knows what's he's talking about. He is always eager to help students. Exams are half multiple choice half short response. ALSO, MAKE SURE TO START YOUR HOMEWORK AS SOON AS YOU GET THEM!!!!!",ACCESSIBLE OUTSIDE CLASS--Clear grading criteria--Hilarious,6,3
UmF0aW5nLTI3MTIwOTY4,2069373,Ritwik Banerjee,Stony Brook University (SUNY),CSE219,4.0,4.0,4.0,5.0,2016-11-03,1,,"If you want to get a good grade in his class, you have to work REALLY REALLY HARD. And i mean 10+ hours each week at the very least. On the other hand this is a hard class and he doesn't make it easy. But he is a really nice guy and his advises will help you 5 years down the line. So far I have maintained A in his class but the workload is insane.",Tough Grader--LOTS OF HOMEWORK--Amazing lectures,1,2
UmF0aW5nLTI2NjE1Mjgz,2069373,Ritwik Banerjee,Stony Brook University (SUNY),CSE219,2.0,2.0,2.0,4.0,2016-05-19,-1,A-,"Teaching wise, he is okay if you pay attention. However, I didn't find the lectures that helpful. Doesn't answer students' questions in depth. He never talked about the homework assignments or the final project, so students were left having to figure it out on their own. What he expects you to code on exams is difficult and not fair.",,1,1
UmF0aW5nLTI2NTgzNjAx,2069373,Ritwik Banerjee,Stony Brook University (SUNY),CSE219,3.0,5.0,1.0,4.0,2016-05-15,-1,,"His lectures feel long, and he doesn't notice if someone raises their hand to ask a question. If you email him with questions, there is a high chance he will not respond. He generally takes notes and homework from other professors, so he tends to not know how to help students.",,2,4
UmF0aW5nLTI2NTgzNDYw,2069373,Ritwik Banerjee,Stony Brook University (SUNY),CSE219,2.0,2.0,1.0,5.0,2016-05-15,-1,,"Classes didn't help contribute to homework since homework was based on another professor's homework. The material may sometimes connect, but you must apply it yourself. He cannot help you in any way regarding the homework. Tests don't always reflect what the main focus of the lectures were about. There is no actual review to study from.",,3,4
UmF0aW5nLTI2MjA0Nzgz,2069373,Ritwik Banerjee,Stony Brook University (SUNY),CSE219,1.0,1.0,1.0,5.0,2016-03-30,-1,,I don't recommend unless you are super genius. Test is so hard. You have to know everything which does not cover this class.,,5,8
UmF0aW5nLTM2MTM1MzI4,2069373,Ritwik Banerjee,Stony Brook University (SUNY),CSE353,3.0,3.0,3.0,3.0,2022-04-23,1,A+,"Prof. Banerjee gives out easy As if you do random chores for him around his house. I have no idea how to code but got top marks by vacuuming his rug or doing his laundry or washing his dishes after our date nights. He's such a silly goose, and loves spaghetti. Such a cutie during lectures, he's such a Sartorius. Great Prof, just remember he's MINE!",Amazing lectures --Lots of homework--Hilarious,1,0
UmF0aW5nLTMxOTIzNDY3,2069373,Ritwik Banerjee,Stony Brook University (SUNY),CSE353,3.0,3.0,3.0,4.0,2019-05-21,0,Not sure yet,HE DIDN'T ANSWER QUESTIONS IN PIAZZA! HE DIDN'T GIVE US ANSWER KEY FOR ASSIGNMENTS! THE COURSE MATERIALS ARE HARD AF! ASSIGNMENTS ARE HARD AND SOMETIMES HE GAVE WRONG INSTRUCTIONS!,Graded by few things,6,2
UmF0aW5nLTI4MzU2OTgy,562629,Robert Jaffe,Massachusetts Institute of Technology,8.044,5.0,5.0,5.0,4.0,2017-05-21,1,,"Awesome lecturer, sometimes goes into more detail than needed for questions but I liked that.",Gives good feedback--ACCESSIBLE OUTSIDE CLASS--Caring,0,0
UmF0aW5nLTMyOTA5NDU=,562629,Robert Jaffe,Massachusetts Institute of Technology,806,5.0,5.0,5.0,4.0,2005-01-27,-1,,"excellent lectures, clear explanations, genuine care for students, chiseled, manly looks.",,0,0
UmF0aW5nLTE0ODkxMjI3,562629,Robert Jaffe,Massachusetts Institute of Technology,PHY05,5.0,5.0,5.0,4.0,2008-10-22,-1,,Bob Jaffe is an excellent professor.  His lectures are very clear -- very rigorous also.  Sometimes the exams did not cover what was covered on HM's -- this I find a serious  minus.,,0,0
UmF0aW5nLTEyODQ1MTk0,562629,Robert Jaffe,Massachusetts Institute of Technology,PHYS321,5.0,5.0,5.0,4.0,2007-02-05,-1,,"I left many lectures needing a cigarette.  Not that I smoke - they were just that good!  In addition, he almost threw the chalk at someone who asked a stupid question.",,0,0
UmF0aW5nLTE2MjQwMDYx,562629,Robert Jaffe,Massachusetts Institute of Technology,PHYS821,5.0,5.0,5.0,2.0,2009-10-14,-1,,"Excellent instructor- lectures are interesting, well-presented, and informative. He takes his time to answer questions and to relate the subject matter to the bigger picture. Generally a really nice guy who clearly loves his subject.",,0,0
UmF0aW5nLTIwOTMxMDI2,562629,Robert Jaffe,Massachusetts Institute of Technology,QM8059,5.0,5.0,5.0,1.0,2012-12-02,-1,,Best lecturer ever. Quantum Mechanics III.,,0,0
UmF0aW5nLTQzMjA2MTYy,121198,Robert Morris,Massachusetts Institute of Technology,EECS101,4.0,4.0,4.0,3.0,2026-05-29,1,,Excellent teaching style and very fair exams.,,0,0
UmF0aW5nLTQzMjA2MzAz,121198,Robert Morris,Massachusetts Institute of Technology,EECS824,4.0,4.0,4.0,3.0,2026-05-29,1,,Clear lectures and fair exams.,,0,0
UmF0aW5nLTQzMjA0ODQw,121198,Robert Morris,Massachusetts Institute of Technology,EECS824,4.0,4.0,4.0,3.0,2026-05-29,1,,"Clear lectures, fair exams.",,0,0
UmF0aW5nLTQyNTcxMzU0,121198,Robert Morris,Massachusetts Institute of Technology,EECS824,1.0,1.0,1.0,1.0,2026-02-01,-1,A+,He put a worm on my device ... bad experience,,0,0
UmF0aW5nLTI3MzkyODAx,121198,Robert Morris,Massachusetts Institute of Technology,EECS824,5.0,5.0,5.0,4.0,2016-12-08,1,A+,"Very knowledgeable, clear and concise presentation, sense of humor without being cheesy, fair grader.",Respected--Get ready to read--LOTS OF HOMEWORK,0,0
UmF0aW5nLTQzMjQxNjk5,2108908,Robert Sedgewick,Princeton University,COS126,4.0,4.0,4.0,3.0,2026-06-11,1,,"Clear lectures, fair exams.",,0,0
UmF0aW5nLTI4MTI3OTk1,2108908,Robert Sedgewick,Princeton University,COS126,5.0,5.0,5.0,4.0,2017-04-26,1,A,bob sedgewick is the only computer scientist you will ever need,Respected--Inspirational--LECTURE HEAVY,3,0
UmF0aW5nLTMzODQ3ODgz,2108908,Robert Sedgewick,Princeton University,COURSER1,5.0,5.0,5.0,5.0,2020-11-19,1,A,Princeton Algorithms is the best algorithm course you can find on our planet. The professor constructed this course and its textbook carefully and perfectly. The PDF really helps me a lot not only in the course but also future careers. Take and try it ! Princeton Algorithms YYDS!!,Hilarious--Lots of homework--Respected,1,1
UmF0aW5nLTI4ODQxNDA3,2108908,Robert Sedgewick,Princeton University,CS2013,5.0,5.0,5.0,4.0,2017-11-06,1,,"loving his coursera course. very clear, unassuming, and unpretentious.",Inspirational--Amazing lectures--Caring,2,0
UmF0aW5nLTMyNjE5OTEy,2389345,Roger Grosse,University of Toronto - St. George Campus,CSC2515,1.0,1.0,1.0,5.0,2019-12-12,0,,"He is one of the worst professors I have ever had. He is not capable of communicating with students during lectures at all. Besides, he cannot explain lectures in an organized understandable way. You mostly got lost during his lectures, which are only heavy in math, and do not contain the main issue behind each topic in Machine Learning.",Test heavy--Lecture heavy--Tough grader,0,0
UmF0aW5nLTMxMjk3NjE1,2389345,Roger Grosse,University of Toronto - St. George Campus,CSC2515,1.0,1.0,1.0,5.0,2019-01-23,0,A,Probably the worst prof/course combination i've taken to date. Tests are incredibly hard and assignments take days to complete. For your own sanity just learn the material on your own. It's what you'll end up doing anyway.,Tough Grader--Get ready to read--LOTS OF HOMEWORK,2,0
UmF0aW5nLTMxMjc0NDE0,2389345,Roger Grosse,University of Toronto - St. George Campus,CSC2515,2.0,2.0,2.0,4.0,2019-01-17,0,,+Boring lectures. +Exams based only on your memorization power &gt; no conceptual checking.,Tough Grader--Gives good feedback--LOTS OF HOMEWORK,1,0
UmF0aW5nLTM1NDYyMzg3,2389345,Roger Grosse,University of Toronto - St. George Campus,CSC311,1.0,1.0,1.0,5.0,2021-12-10,0,Rather not say,Very hard,,0,0
UmF0aW5nLTM0OTc0NjAz,2389345,Roger Grosse,University of Toronto - St. George Campus,CSC311,4.0,4.0,4.0,4.0,2021-07-18,1,,"Good course, learned a lot. He was the course coordinator when I took it, the homeworks tended to be long but very fair, exams were fine as well. Make sure you have the right math/stats background before taking it (i.e. decent knowledge of linear algebra, multivariable calc, and stats/probability from 2nd year courses).",Lots of homework--Clear grading criteria,0,0
UmF0aW5nLTMwOTY5NzYx,2389345,Roger Grosse,University of Toronto - St. George Campus,CSC321,5.0,5.0,5.0,4.0,2018-12-11,1,A+,He is a great lecturer. The course material is clear and super helpful. He definitely made CSC321 the best course I've taken in undergrad!,Respected,30,5
UmF0aW5nLTMwODc5ODQ2,2389345,Roger Grosse,University of Toronto - St. George Campus,CSC321,2.0,2.0,2.0,5.0,2018-12-05,0,B+,lots of hwk,Tough Grader--LOTS OF HOMEWORK--TEST HEAVY,5,1
UmF0aW5nLTMwOTE0MjM2,2389345,Roger Grosse,University of Toronto - St. George Campus,CSC41,1.0,1.0,1.0,5.0,2018-12-07,0,,lots of homework tedious slides not like his teaching style,,6,2
UmF0aW5nLTM0OTczNjE4,2389345,Roger Grosse,University of Toronto - St. George Campus,CSC411,1.0,1.0,1.0,4.0,2021-07-17,0,,"Nothing good about him, doesn't know how to explain topics, and lectures are filled with complex math that only he understands and that you won't see again if you work in this field. Terrible tests/exams as well.",,0,0
UmF0aW5nLTMxMjMxOTI2,2389345,Roger Grosse,University of Toronto - St. George Campus,CSC411,5.0,5.0,5.0,1.0,2019-01-09,1,A+,"One of the easiest courses i have ever taken, Prof Roger has a great sense of humour and his lectures are very entertaining. If you come to the lecture and do your homework, you are fine. He gives lots of free marks and test is easy.",Gives good feedback--Respected--Clear grading criteria,11,14
UmF0aW5nLTMxMTMyNzM4,2389345,Roger Grosse,University of Toronto - St. George Campus,CSC411,3.0,3.0,3.0,5.0,2018-12-21,1,A,"Very professional in machine learning and neural network, but not good at giving lectures, and gave super hard final. However, you can get good answers if you ask him questions directly.",Gives good feedback--Respected--LOTS OF HOMEWORK,2,1
UmF0aW5nLTMxMDMxNDA3,2389345,Roger Grosse,University of Toronto - St. George Campus,CSC411,1.0,1.0,1.0,4.0,2018-12-14,0,,Lots of homework and hard exams.,Skip class? You won't pass.--LOTS OF HOMEWORK,6,3
UmF0aW5nLTMwOTg3ODQ5,2389345,Roger Grosse,University of Toronto - St. George Campus,CSC411,2.0,2.0,2.0,5.0,2018-12-12,0,Incomplete,Very professional in machine learning and neural network. He is really excellent professor that run the course with all his passion. Always willing to give help to students although the size size is large. However he is not really good at teaching and he usually give lecture by reading slides.,,1,2
UmF0aW5nLTMwOTc4Njc2,2389345,Roger Grosse,University of Toronto - St. George Campus,CSC411,1.0,1.0,1.0,5.0,2018-12-12,0,,The slides are pretty terrible maybe because this is the first time he taught this course. He know his stuff though,,2,1
UmF0aW5nLTMwOTc1ODc1,2389345,Roger Grosse,University of Toronto - St. George Campus,CSC411,1.0,1.0,1.0,5.0,2018-12-11,0,Rather not say,Correct but extremely confusing slides. Test is hard and no aid sheets. (get ready to memorize all formulas from slides or you might fail),Get ready to read--SO MANY PAPERS--LECTURE HEAVY,1,1
UmF0aW5nLTMwOTIxMTc4,2389345,Roger Grosse,University of Toronto - St. George Campus,CSC411,1.0,1.0,1.0,5.0,2018-12-08,0,,The professor simply reads the slides in the lecture.,Tough Grader--LOTS OF HOMEWORK--LECTURE HEAVY,2,1
UmF0aW5nLTMwOTE2NDA3,2389345,Roger Grosse,University of Toronto - St. George Campus,CSC411,1.0,1.0,1.0,5.0,2018-12-07,0,Incomplete,"The professor simply reads the slides in the lecture. This wouldn't be a problem, but the slides are convoluted and slides can require hours to interpret. Lots of mistakes on the slides too. When you ask a question in the lecture his answers must make sense in his head, but they don't to the class. Homework once a week that takes 4+ days to finish.",Tough Grader--Get ready to read--LOTS OF HOMEWORK,4,1
UmF0aW5nLTMwOTE0NjQy,2389345,Roger Grosse,University of Toronto - St. George Campus,CSC411,1.0,1.0,1.0,5.0,2018-12-07,0,Incomplete,"A very nice person, and always willing to give help to students, but he teach just by reading slides, and is not clear. CSC411always assume a CS student know many high level STA knowledge, which make the course hard to understand.",,4,0
UmF0aW5nLTE1OTAwNDgw,1290853,Roger Kamm,Massachusetts Institute of Technology,BE430,3.0,4.0,1.0,3.0,2009-05-26,-1,,No Comments,,0,0
UmF0aW5nLTI4OTUxMzc3,1290853,Roger Kamm,Massachusetts Institute of Technology,XXX,1.0,1.0,1.0,3.0,2017-11-22,0,A,"A good instructor, but not excellent. He is smart and knows well, but that is all. Personally he is not reliable, supportive, helpful or passionate about his lab workers.",,0,0
UmF0aW5nLTI5NTExMDc0,121215,Ronald Rivest,Massachusetts Institute of Technology,ECE,5.0,5.0,5.0,3.0,2018-01-28,1,A,"Amazing professor. I felt I got an amazing education in security from him. Would further courses offered by him if I had the opportunity, but unfortunately my course load was full.",Respected--Skip class? You won't pass.--Inspirational,0,0
UmF0aW5nLTE5ODQyNTI3,121215,Ronald Rivest,Massachusetts Institute of Technology,EECS857,5.0,4.0,5.0,2.0,2012-02-20,-1,,Good class good professor.  Ta was horrible but he tried to make up for it in everyway possible.,,0,0
UmF0aW5nLTM4NDg2NzY5,1734202,Sally Haslanger,Massachusetts Institute of Technology,WGS301,5.0,5.0,5.0,1.0,2023-12-01,1,A,"Sally is an amazing professor! She cares a lot about feminist issues, and she makes class fun, which is a difficult task for a 7pm lecture.",Get ready to read--Participation matters--Hilarious,0,0
UmF0aW5nLTEwNTM1Njg0,568904,Sanjeev Arora,Princeton University,2003,1.0,1.0,1.0,5.0,2005-09-21,-1,,ick,,0,0
UmF0aW5nLTEwMjcyNTQw,568904,Sanjeev Arora,Princeton University,2007,1.0,1.0,1.0,5.0,2005-08-30,-1,,No Comments,,0,0
UmF0aW5nLTEwNzQyMTkx,568904,Sanjeev Arora,Princeton University,COS522,3.0,4.0,2.0,5.0,2005-10-05,-1,,No Comments,,0,0
UmF0aW5nLTE1OTQ5NjEx,568904,Sanjeev Arora,Princeton University,MATH101,5.0,5.0,5.0,1.0,2009-06-10,-1,,Excellent,,0,0
UmF0aW5nLTM0OTMzNzM0,2653587,Sergey Levine,University of California Berkeley,CS182,4.0,4.0,4.0,3.0,2021-06-23,0,A,"Sergey is a good professor, yet the equivalent neural network class at Stanfurd teaches better than his does.",Lots of homework,0,0
UmF0aW5nLTM0NTY4NDk3,2653587,Sergey Levine,University of California Berkeley,CS182,5.0,5.0,5.0,3.0,2021-04-18,1,,"Lecture materials are very organized. I love the structure of the course so much. The course gave a broad and clear view of the area, and he is able to provide a lot of insights.",Respected--Inspirational--Amazing lectures,0,0
UmF0aW5nLTM4NDcxODA1,2653587,Sergey Levine,University of California Berkeley,CS285,1.0,1.0,1.0,3.0,2023-11-30,-1,Not sure yet,Hard to reach out and unpredictable behavior.,Tough grader--Test heavy--Graded by few things,0,0
UmF0aW5nLTM0MDYyNzAw,2653587,Sergey Levine,University of California Berkeley,CS285,5.0,5.0,5.0,3.0,2020-12-14,1,A,Awesome professor and hugely influential researcher. Pleasure to learn from him!!0,Respected--Accessible outside class--Inspirational,0,0
UmF0aW5nLTM1MjY3OTE2,2739640,Shuhei Ono,Massachusetts Institute of Technology,12.335,1.0,1.0,1.0,3.0,2021-11-18,0,Not sure yet,"One of the most disorganized classes I have ever taken. Class consisted of two main projects, he would tell you to do one thing for the project, and when getting feedback for it, he would tell you to do something different even though he's the one that said to do an equation/method a certain way. Lectures are boring.",Graded by few things,0,0
UmF0aW5nLTIzOTU1MDQ2,1668253,Silvio Micali,Massachusetts Institute of Technology,6875,5.0,5.0,5.0,1.0,2014-12-04,-1,,Awesome!,,1,0
UmF0aW5nLTI1NzcxNDM0,2091321,Simon Johnson,Massachusetts Institute of Technology,M15223,5.0,5.0,5.0,4.0,2015-12-19,-1,,Great applied professor.,,0,0
UmF0aW5nLTM2MzM3Njg5,231197,Simona Socrate,Massachusetts Institute of Technology,2001,3.0,3.0,3.0,3.0,2022-05-14,1,B,Amazing,Clear grading criteria--Hilarious--Lecture heavy,0,0
UmF0aW5nLTEyMTI0Njc0,231197,Simona Socrate,Massachusetts Institute of Technology,2001,5.0,5.0,5.0,3.0,2006-08-02,-1,,Simona is awesome!  Great lecturer.,,1,0
UmF0aW5nLTEwODAxNzg4,231197,Simona Socrate,Massachusetts Institute of Technology,2001,5.0,5.0,5.0,2.0,2005-10-21,-1,,"Very good lecturer, although few did find her to go a little fast.  But you will definately grow to love &quot;THE POTATO!!!&quot;",,0,0
UmF0aW5nLTEwOTU2NDg2,231197,Simona Socrate,Massachusetts Institute of Technology,2001BE310,1.0,1.0,1.0,4.0,2005-11-20,-1,,Simona makes no sense...and her drawings on the board are mumbo jumbo. Worst BE class I took at MIT.,,0,3
UmF0aW5nLTI2NzQ0MTAz,231197,Simona Socrate,Massachusetts Institute of Technology,201X,5.0,5.0,5.0,3.0,2016-06-21,1,A+,She is by far one of the best professors I've ever had. I was stuck on a few concepts in the class and she was very accessible and helpful outside of class.,,0,0
UmF0aW5nLTI0NTcwMzkz,231197,Simona Socrate,Massachusetts Institute of Technology,201X,5.0,5.0,5.0,1.0,2015-04-09,-1,,"Conceptos muy claros, con la agilidad imprescindible. Especialmente útil para consolidar conocimientos básicos: criterios de signos, tensores, etc.",,0,2
UmF0aW5nLTIzNjA4Njk3,231197,Simona Socrate,Massachusetts Institute of Technology,201X,5.0,5.0,5.0,2.0,2014-09-23,-1,,excellent course,,0,2
UmF0aW5nLTIzMzkxNTA3,231197,Simona Socrate,Massachusetts Institute of Technology,201X,5.0,5.0,5.0,3.0,2014-06-21,-1,Not_Sure_Yet,Excellent professor! Very clear and informative lectures. She seems to really enjoy the course (elements of structures) and discipline (mechanical engineering) which compels me to be more interested and committed!,,0,0
UmF0aW5nLTIyMDIxMDg1,231197,Simona Socrate,Massachusetts Institute of Technology,201X,4.0,4.0,4.0,4.0,2013-08-02,-1,,The presentations were interesting.  The pdf board notes and summary notes were the most useful.,,1,0
UmF0aW5nLTIxOTYzNDM0,231197,Simona Socrate,Massachusetts Institute of Technology,201X,5.0,5.0,5.0,1.0,2013-07-12,-1,,Very good,,1,0
UmF0aW5nLTExMzYzODk=,231197,Simona Socrate,Massachusetts Institute of Technology,ALL,1.0,1.0,1.0,5.0,2003-09-16,-1,,No Comments,,0,0
UmF0aW5nLTI2NzkzMDI3,231197,Simona Socrate,Massachusetts Institute of Technology,MIT201X,5.0,5.0,5.0,3.0,2016-07-09,1,,Very Clear lectures with good lecture notes for the on-line class,,1,0
UmF0aW5nLTIzNDU2NjY0,231197,Simona Socrate,Massachusetts Institute of Technology,MIT201X,5.0,5.0,4.0,1.0,2014-07-19,-1,A+,Best thing about her lectures are that anyone can easily understand as they all start from scratch.,,1,0
UmF0aW5nLTMyMDAzODIw,2500018,Srini Devadas,Massachusetts Institute of Technology,6.009,5.0,5.0,5.0,4.0,2019-06-07,1,A,This guy is just the bomb. There are few teachers at MIT who care as much about their job and their students as Srini - thank you!,Respected--Clear grading criteria--Caring,0,0
UmF0aW5nLTM4NTAwMTU1,2500018,Srini Devadas,Massachusetts Institute of Technology,6566,5.0,5.0,5.0,4.0,2023-12-04,1,A,Srini is a great professor and one of the nicest people I've ever met. He genuinely cares so much about his students and is absolutely worth taking a class with or working with.,Amazing lectures --Inspirational--Caring,0,0
UmF0aW5nLTM1Nzg4ODg3,121181,Steven Leeb,Massachusetts Institute of Technology,6.115,5.0,5.0,5.0,4.0,2022-01-24,1,,"Was only able to attend the first few class sessions and did not register and complete the course for personal reasons/issues, but this professor is well known for good lectures and interesting assignments.",Respected--Amazing lectures,0,0
UmF0aW5nLTM0OTM0MjEz,121181,Steven Leeb,Massachusetts Institute of Technology,6.115,5.0,5.0,5.0,4.0,2021-06-24,1,,"Even remote, awesome class.",Participation matters--Clear grading criteria--Amazing lectures,0,0
UmF0aW5nLTM0OTIzMzU0,121181,Steven Leeb,Massachusetts Institute of Technology,6.115,5.0,5.0,5.0,4.0,2021-06-18,1,A,Great class!,Respected--Clear grading criteria--Amazing lectures,0,0
UmF0aW5nLTM0OTIwMzIw,121181,Steven Leeb,Massachusetts Institute of Technology,6.115,5.0,5.0,5.0,4.0,2021-06-17,1,A,Easily the best class I've taken at MIT.,Respected--Participation matters--Inspirational,0,0
UmF0aW5nLTM0OTA0NDA3,121181,Steven Leeb,Massachusetts Institute of Technology,6.115,5.0,5.0,5.0,5.0,2021-06-10,1,,Second class of taken with him. Wish there was a third.,Accessible outside class--Participation matters--Hilarious,0,0
UmF0aW5nLTM0OTAxNjUy,121181,Steven Leeb,Massachusetts Institute of Technology,6.115,5.0,5.0,5.0,4.0,2021-06-09,1,,Wonderful class. He made zoom feel like in person.,Respected--Accessible outside class--Inspirational,0,0
UmF0aW5nLTMzMzI4ODI0,121181,Steven Leeb,Massachusetts Institute of Technology,6.115,5.0,5.0,5.0,4.0,2020-05-19,1,,Really awesome class.,Caring,0,0
UmF0aW5nLTMzMjg4MTg5,121181,Steven Leeb,Massachusetts Institute of Technology,6.115,5.0,5.0,5.0,4.0,2020-05-13,1,,"I came with no experience building: barely soldered, never used test equipment or a breadboard or microcontroller, never read a datasheet, never used C. The best class I've taken.",Inspirational,0,0
UmF0aW5nLTMzMjc5ODcw,121181,Steven Leeb,Massachusetts Institute of Technology,6.115,5.0,5.0,5.0,3.0,2020-05-13,1,,I really enjoyed this class and definitely learned a lot.,Respected--Inspirational--Amazing lectures,0,0
UmF0aW5nLTMzMjI3NDY4,121181,Steven Leeb,Massachusetts Institute of Technology,6.115,5.0,5.0,5.0,4.0,2020-05-07,1,,Really inspiring.,Amazing lectures,0,0
UmF0aW5nLTM1MjY3NjQ2,121181,Steven Leeb,Massachusetts Institute of Technology,6.131,5.0,5.0,5.0,3.0,2021-11-18,1,,Just finished the labs. My favorite class at MIT.,Respected--Inspirational--Hilarious,0,0
UmF0aW5nLTM0MjA3Mjgz,121181,Steven Leeb,Massachusetts Institute of Technology,6.131,5.0,5.0,5.0,4.0,2020-12-28,1,,I really appreciated the hands-on nature of the kit. Emphasis on design during the labs and lectures was super.,Respected--Inspirational--Caring,0,0
UmF0aW5nLTM0MTM5Mzcx,121181,Steven Leeb,Massachusetts Institute of Technology,6.131,5.0,5.0,5.0,3.0,2020-12-18,1,,"Loved the camera work, lectures were great!",Respected--Accessible outside class--Amazing lectures,0,0
UmF0aW5nLTM0MDk2Mzk3,121181,Steven Leeb,Massachusetts Institute of Technology,6.131,5.0,5.0,5.0,4.0,2020-12-16,1,,Can't believe how much I learned in this class.,Gives good feedback--Accessible outside class--Hilarious,0,0
UmF0aW5nLTM0MDA5MDUw,121181,Steven Leeb,Massachusetts Institute of Technology,6.131,5.0,5.0,5.0,4.0,2020-12-10,1,,Best class I've taken.,Clear grading criteria--Hilarious--Amazing lectures,0,0
UmF0aW5nLTMzOTkyNjI3,121181,Steven Leeb,Massachusetts Institute of Technology,6.131,5.0,5.0,5.0,4.0,2020-12-09,1,,Online this term for Covid. But it was like he was in person. Fantastic class.,Respected--Accessible outside class--Inspirational,0,0
UmF0aW5nLTM4ODk4NTc5,121181,Steven Leeb,Massachusetts Institute of Technology,6115,5.0,5.0,5.0,4.0,2024-01-18,1,A,Professor Leeb is probably the greatest lecturer and all around teacher I've ever been lucky enough to be in a room with. I left every class excited and finished each lab feeling 10x more capable than before with a true knowledge of the material. He cares about his students in a way we all felt deeply. I'm truly grateful to have been taught by him.,Participation matters--Amazing lectures ,1,0
UmF0aW5nLTkyNzk3MA==,121181,Steven Leeb,Massachusetts Institute of Technology,6115,5.0,5.0,5.0,3.0,2003-05-05,-1,,"I had a lot of fun in this class!  Leeb got me interested in digital electronics, which I previously did not care much for.  He's always enthusiastic and definitely knows how to teach.",,0,0
UmF0aW5nLTEwMzA1MjUx,121181,Steven Leeb,Massachusetts Institute of Technology,6302,5.0,5.0,5.0,3.0,2005-08-31,-1,,"Clear, organized lectures and very approachable. One of my favorite professors at MIT.",,1,1
UmF0aW5nLTE2MjkzMTQ5,121181,Steven Leeb,Massachusetts Institute of Technology,EECS131,5.0,5.0,5.0,3.0,2009-10-30,-1,,Wasn't sure which lab to take - within 2 lectures I was sold. Absolutely the best class I've taken at MIT. I totally agree with the class description - This class is the reason you came to MIT.,,2,2
UmF0aW5nLTIyMzE5NTA3,44544,Timothy Swager,Massachusetts Institute of Technology,512,5.0,5.0,5.0,3.0,2013-11-14,-1,,Lectures are clear and entertaining :),,0,0
UmF0aW5nLTEwOTU4ODYy,44544,Timothy Swager,Massachusetts Institute of Technology,512,5.0,5.0,5.0,4.0,2005-11-20,-1,Rather_Not_Say,I thought he was hilarious...even if he didn't throw bananas like Berkowski.,,0,0
UmF0aW5nLTYyNzk2Mw==,44544,Timothy Swager,Massachusetts Institute of Technology,512,5.0,5.0,5.0,2.0,2003-02-25,-1,,Very well taught class,,0,0
UmF0aW5nLTE3MDc2NQ==,44544,Timothy Swager,Massachusetts Institute of Technology,512,1.0,1.0,1.0,5.0,2002-04-10,-1,,No Comments,,0,0
UmF0aW5nLTEwMzQyOTc1,44544,Timothy Swager,Massachusetts Institute of Technology,513,4.0,2.0,5.0,5.0,2005-09-01,-1,,I hated the class (okay it's hard but I liked it when the other prof taught) however Swager is one of the nicest profs.,,0,0
UmF0aW5nLTcxOTE5Ng==,44544,Timothy Swager,Massachusetts Institute of Technology,513,1.0,1.0,1.0,4.0,2003-03-18,-1,,No Comments,,0,0
UmF0aW5nLTcwNjY5NA==,44544,Timothy Swager,Massachusetts Institute of Technology,513,1.0,1.0,1.0,4.0,2003-03-13,-1,,"The worst professor I've had here.  He tries way too hard to make material confusing.  Compared to most of the other organic chemistry faculty, he is worthless.",,0,0
UmF0aW5nLTI0NDczMg==,42576,Tom Murphy,Western University,240E,4.0,4.0,4.0,2.0,2002-08-10,-1,,No Comments,,0,0
UmF0aW5nLTIxNTMyMTcx,42576,Tom Murphy,Western University,3357,5.0,5.0,5.0,3.0,2013-04-14,-1,,"Great prof. Extremely intelligent. He is sporadic, but organized in his own way. Very opinionated, but invites criticism or arguments. Overall his opinions are radical but exceptionally compelling. He encourages discussion and overall runs a good class. I was actually able to bare the 3h lec every week without leaving early. I'd recommend him.",,0,0
UmF0aW5nLTExNTM1Mzc0,42576,Tom Murphy,Western University,404,3.0,3.0,3.0,3.0,2006-03-02,-1,,decent prof and a nice guy but very unorganized. entire class didn't get marks for anything until half way through the next term.,,0,0
UmF0aW5nLTEyOTA4NjIy,42576,Tom Murphy,Western University,SOC001,2.0,1.0,2.0,3.0,2007-03-08,-1,,"Brutal prof, could not stand attending his class.  Nice guy and all, stories about his family are cute, HOWEVER, unclear about expectations, marking schemes inconsistent, and never got marks back in an acceptable time frame.  Going to class always feels like a waste of time and money",,0,0
UmF0aW5nLTEzMzgwNDA5,42576,Tom Murphy,Western University,SOC002,4.0,4.0,4.0,2.0,2007-08-04,-1,,"Good Prof, fun class, but need to attend every lecture to do well.  Text easy to read.  Reader more difficult to read.  Unlike other postings, I thought his guidelines for exams were crystal clear, but guidelines for essays were not (however, easy essay marker).",,0,0
UmF0aW5nLTIyNDMwMzM=,42576,Tom Murphy,Western University,SOC020,2.0,2.0,2.0,2.0,2004-06-13,-1,,The guy talks way too much**** and not enough about the course material. His class was such a waste of my time!,,0,0
UmF0aW5nLTEzOTc4OTA=,42576,Tom Murphy,Western University,SOC020,1.0,1.0,1.0,2.0,2003-11-26,-1,,"he is so boring, and goes on way to many tagents",,0,0
UmF0aW5nLTMxMzg0Nw==,42576,Tom Murphy,Western University,SOC223,4.0,4.0,4.0,2.0,2002-10-31,-1,,He is such a nice man and uses great examples in class :),,0,0
UmF0aW5nLTIxMzI1NjM5,42576,Tom Murphy,Western University,SOC2233,2.0,2.0,1.0,3.0,2013-02-06,-1,,"Spends roughly 3 weeks on each lecture, then posts the slides in the 4th week making it very difficult to add notes while covering material. The right view is his view. Doesn't reply to e-mails. Endless tangents about his kids. Tells students to refer to a video for an assignment, and doesn't show video til assignment has already been submitted.",,0,0
UmF0aW5nLTIwNDk1NTI1,42576,Tom Murphy,Western University,SOC2233,2.0,2.0,1.0,4.0,2012-07-16,-1,,"Simply was not up to my standards. As other reviewers have mentioned, his views are the only right ones, regardless of his preaching of tolerance and valuing different opinions. Never have I wanted a class to be over more than with Prof. Murphy",,0,0
UmF0aW5nLTE3NDAxMjk2,42576,Tom Murphy,Western University,SOC2233,4.0,4.0,4.0,3.0,2010-07-08,-1,,Amazing professor and he's hilarious!,,0,0
UmF0aW5nLTE3Mzg5MDY4,42576,Tom Murphy,Western University,SOC2233,5.0,5.0,5.0,2.0,2010-07-03,-1,,"Overall a good prof. While his lectures are slightly repetitive or course material, they're still interesting and you'll want to go to them. He is a fair marker, and a prof who genuinely cares for his students. He is a little disorganized and extremely opinionated (excessive at times) TAKE THIS COURSE! :)",,0,0
UmF0aW5nLTE3MDYxNDg0,42576,Tom Murphy,Western University,SOC2233,5.0,5.0,4.0,3.0,2010-04-26,-1,,"Fantastic Prof.He certainly does not repeat what is in the textbook/readings. Uses video and audio material in the class, all of which only he has access to so I suggest attending all classes.Conducted a few interesting class activities. He'll refer to his kids a lot and most importantly,forget about texting and facebooking during class (x-ray visi",,0,0
UmF0aW5nLTE2MDk2OTg1,42576,Tom Murphy,Western University,SOC2233,5.0,5.0,4.0,1.0,2009-08-06,-1,,"A bit disorganized, extremely opinionated, very nice, easy exams, late marker.",,0,0
UmF0aW5nLTE0ODYxMzQy,42576,Tom Murphy,Western University,SOC2233,3.0,2.0,3.0,3.0,2008-10-10,-1,,Don?t take this class if you have any kind of political views. He is very rude about some political leaders. Also insults religion all the time. Only his views are the right views.,,0,0
UmF0aW5nLTE3OTQ0NzE5,42576,Tom Murphy,Western University,SOC2234,4.0,4.0,4.0,2.0,2010-12-14,-1,,Excellent prof! so funny and interesting to listen to!,,0,0
UmF0aW5nLTE4MDI5Mjc3,42576,Tom Murphy,Western University,SOC2270,2.0,2.0,1.0,5.0,2010-12-23,-1,,never hated a class more,,0,0
UmF0aW5nLTE3MzQ3NDU=,42576,Tom Murphy,Western University,SOC231234,5.0,5.0,5.0,1.0,2004-02-19,-1,,"Very clear and helpful with everything. Soc theory not the most interesting, but at least he's compassionate and honestly interested in helping the students obtain a decent mark.",,1,0
UmF0aW5nLTE0ODA1Mzg1,42576,Tom Murphy,Western University,SOC233,5.0,5.0,4.0,2.0,2008-09-08,-1,,"Ignore the other comments. His a very nice guy and his class is interesting. The things I learned in his soc psych I used it to give speeches in my speech class. Exams are not hard and very fair. Overall, I had a good experience.",,0,1
UmF0aW5nLTE0MDg3ODM4,42576,Tom Murphy,Western University,SOC233,3.0,3.0,2.0,4.0,2008-02-11,-1,,"Seems to be a very intelligent and passionate teacher BUT he tends to !!OVERLY!! discuss things (LONG rambles), marks are always late (some I haven't even received yet) and he never responded to any of my e-mails. The class is not as interesting as it could be. In the nicest way, I think he'd be a better primary/secondary teacher.",,0,1
UmF0aW5nLTE0MDM2MDgx,42576,Tom Murphy,Western University,SOC233,1.0,1.0,1.0,3.0,2008-01-23,-1,,All I can say (and please take my advice) NEVER enroll in a class with Murphy. All he does is talk about his kids (no one cares). Worst prof. I have ever had.,,0,0
UmF0aW5nLTEzMzU3ODE2,42576,Tom Murphy,Western University,SOC233,3.0,4.0,2.0,3.0,2007-07-26,-1,,"I would never recommend a student to take a class with him.  He seems like a very nice person, but completely unorganized and his lectures are the worst to attend.  Do not take social psych with Murphy.",,0,0
UmF0aW5nLTEzMDY5ODY1,42576,Tom Murphy,Western University,SOC233,2.0,2.0,1.0,3.0,2007-04-26,-1,,"not organized at all, and he's always behind, but his exams depend so much on the lecture notes, so u have to attend every class, dun miss any ;)",,0,0
UmF0aW5nLTMwODExNzg=,42576,Tom Murphy,Western University,SOC233,5.0,5.0,5.0,2.0,2004-12-20,-1,,Incredibly kind and encouraging prof. cares about his students and is interesting to listen to. the passion he has for his kids is admirable as is his teaching style. loved his class.,,0,0
UmF0aW5nLTMxNTU0NQ==,42576,Tom Murphy,Western University,SOC233,4.0,4.0,4.0,3.0,2002-11-01,-1,,"very nice man, good examples",,0,0
UmF0aW5nLTExNDU0MTg5,42576,Tom Murphy,Western University,SOC234,1.0,1.0,1.0,4.0,2006-02-04,-1,,Terrible professor. Always making excuses about why things aren't marked. Never responds to student inquiry. Worst distance studies professor I've ever had. If you can take the course with someone else I recommend it. Otherwise move on to another class.,,0,0
UmF0aW5nLTEwNDUyMTE4,42576,Tom Murphy,Western University,SOC234,1.0,1.0,1.0,3.0,2005-09-27,-1,,such an a**hole. The rudest and most irritating prof EVER!,,0,0
UmF0aW5nLTI1NjA5OTQ=,42576,Tom Murphy,Western University,SOC234,4.0,4.0,3.0,2.0,2004-10-18,-1,,"Nice man, interesting topics discussed in class. Got a bit tired hearing about his 'einstein' children.",,0,0
UmF0aW5nLTc2MzE2OA==,42576,Tom Murphy,Western University,SOC234,4.0,4.0,4.0,2.0,2003-03-30,-1,,he's kinda boring,,0,0
UmF0aW5nLTE2MTA1NQ==,42576,Tom Murphy,Western University,SOC234,3.0,2.0,3.0,2.0,2002-04-04,-1,,No Comments,,0,0
UmF0aW5nLTI4Mzc1ODE=,42576,Tom Murphy,Western University,SOC240,4.0,4.0,4.0,3.0,2004-11-26,-1,,hard professor but a good one... very interesting classes.,,0,0
UmF0aW5nLTI0MzUzODM=,42576,Tom Murphy,Western University,SOC240,5.0,5.0,5.0,4.0,2004-08-31,-1,,"He demands a lot, but for those who are willing to rise to the challenge, it's worth it. One of the best professors I have had at Western.",,0,0
UmF0aW5nLTIyNjY1NTg=,42576,Tom Murphy,Western University,SOC240E,2.0,1.0,2.0,5.0,2004-06-22,-1,,"Ridiculous amount of assignments and essay tests compared to other classes, for someone who claims to hate that aspect of teaching. Constantly injects his political viewpoints where they're irrelevant and the three hour lecture would be about an hour if e",,0,0
UmF0aW5nLTEyOTIyNjg2,42576,Tom Murphy,Western University,SOC270,4.0,4.0,4.0,2.0,2007-03-15,-1,,dope teacher relates to students with comedic relief and chill atmosphere gets point across through some god analogies,,0,0
UmF0aW5nLTE2OTgwMDE2,42576,Tom Murphy,Western University,SOC3357,5.0,5.0,5.0,3.0,2010-04-11,-1,,"Murphy is the best prof I've ever had! He's a really nice guy, and his lectures are very stimulating. He encourages class discussion and goes the extra mile. I agree with his left-wing political views! Don't listen to the haters, they're all close minded to the amazing learning experience he provides. Take his class, I promise you'll like it!",,0,0
UmF0aW5nLTE0NTcwMDQz,42576,Tom Murphy,Western University,SOC404,4.0,4.0,4.0,2.0,2008-06-09,-1,,"One of the best 400 level profs because of the way he teaches.  Many ppl have given him bad reviews for 200-300 level courses, but for seminars, he propels the discussions and makes it fun and interesting.",,0,0
UmF0aW5nLTIxNzI1Mjc1,42576,Tom Murphy,Western University,SOC4404,1.0,1.0,1.0,5.0,2013-05-10,-1,,"He's too behind in terms of grading assignments, work load is way too much, it's unbearable. Very opinionated.",,0,0
UmF0aW5nLTE3OTA5NTk1,42576,Tom Murphy,Western University,SOC57,2.0,3.0,1.0,3.0,2010-12-11,-1,,To be honest expected a lot going into this class.  Made this class as boring as reading the textbook was.  The course is over I have received only 1 grade back to date so I have no idea what my mark is going into finals. Needs to get his act together when it comes to grading assignments. His lectures are kinda fun & watch a lot of videos.,,0,0
UmF0aW5nLTEyNDM2NTYw,42576,Tom Murphy,Western University,SOCI233,3.0,3.0,2.0,3.0,2006-11-16,-1,,"Terrible prof..  nice guy and all, but always behind, never on topic, things never get marked on time, NOT clear in what is expected in terms of assignments and exams, and really just can't hold your attention.  He'd be a great elementary school teacher... but not university",,0,0
UmF0aW5nLTEzNDM3ODc5,42576,Tom Murphy,Western University,SOCI240,2.0,2.0,2.0,4.0,2007-08-26,-1,,"He is very interesting guy! The summer class was supper fun...  He explained the lectures very clear with great examples!  I very much enjoy his class and have fun with the class discussions, too.",,0,0
UmF0aW5nLTQwMzUxOTM=,42576,Tom Murphy,Western University,SOCIALPSYCH,1.0,1.0,1.0,3.0,2005-06-26,-1,,Worst prof I ever had.  Keep emailing me like a petulant child everytime I disagreed with him.  Was convinced he could pressure me into agreeing by using angry words and (once) even a veiled threat to my grade.,,0,0
UmF0aW5nLTE1MDY5OTc2,42576,Tom Murphy,Western University,SOCIO2233,5.0,4.0,5.0,2.0,2008-11-27,-1,,"Definitly the nicest professor I have had yet. Professor Murphy is quite dedicated to his students, and would gladly help any of them. Like class enviroment as it allows for good discussion. Teaching method is excellent, however organization is a little weak, and marking takes longer then necessary. Overall, a great professor.",,0,0
UmF0aW5nLTI1ODU3Mzk=,42576,Tom Murphy,Western University,SOCIOLOGY,2.0,2.0,2.0,4.0,2004-10-24,-1,,"Dreadfully dull, with pointless in class student presentations. You'd better love John Ralston Saul, too, otherwise you're going to fail.",,0,0
UmF0aW5nLTI0NjE4MTM=,42576,Tom Murphy,Western University,SOCPSYCH,2.0,2.0,2.0,3.0,2004-09-10,-1,,Not a bad teacher but freely talks about his policital viewpoints which is very inappropriate in a social psych class and has nothing to do with the topic of discussion. He doesn't realize that his comments often offend his students.,,0,0
UmF0aW5nLTE0NTI4MTU=,42576,Tom Murphy,Western University,SOCPSYCH,5.0,5.0,5.0,2.0,2003-12-07,-1,,Things couldn't be any clearer with his explanations. I understand everything and he motivates me to come to class! He truly wants his students to learn.,,0,0
UmF0aW5nLTQwNzQxMA==,42576,Tom Murphy,Western University,SOCTHEORY,4.0,4.0,4.0,2.0,2002-12-08,-1,,Made the 3hr class interesting with his wacky examples!,,0,0
UmF0aW5nLTEyMzUzMTkz,42576,Tom Murphy,Western University,SOPSY233,5.0,5.0,5.0,2.0,2006-11-03,-1,,"He is a really nice guy, and cares about his students. He presents class material in an interesting way and keeps you engaged. AN AMAZING PROF!!! SO ADORABLE!",,0,0
UmF0aW5nLTE4NDE4NTcx,42576,Tom Murphy,Western University,THEOR000,3.0,2.0,3.0,4.0,2011-04-15,-1,,Do not take class if you have political views. His views are the only right ones. Do not bother arguing with him. Will spend 30-40% of classes talking about his political views which you will not be tested on. Final exam is extremely easy.,,0,0
UmF0aW5nLTI1NTk1ODgw,2080416,Troy Van Voorhis,Massachusetts Institute of Technology,CHEM5111,5.0,5.0,5.0,3.0,2015-12-08,-1,Incomplete,"Super Clear lectures, everything just makes sense.",,1,0
UmF0aW5nLTIxNzgzODkw,1134538,Tyler Jacks,Massachusetts Institute of Technology,7013,5.0,4.0,5.0,2.0,2013-05-17,-1,,"Very good at lecturing, although sometimes moves very quickly. Is open to questions and good at explaining things.",,0,0
UmF0aW5nLTE2MjMwNzI2,1134538,Tyler Jacks,Massachusetts Institute of Technology,BIO7013,5.0,5.0,5.0,4.0,2009-10-10,-1,,"Great sense of humor, extremely knowledgeable, and adorable.",,0,0
UmF0aW5nLTE0NDM1NjQx,1134538,Tyler Jacks,Massachusetts Institute of Technology,BIO7013,5.0,4.0,5.0,4.0,2008-05-09,-1,,Nice to have a big name professor teaching this intro class. Shame that the teaching instructor she-who-shall-not-be-named ruined the class.,,0,0
UmF0aW5nLTM0MjgxNzEx,1095028,Xiao-Gang Wen,Massachusetts Institute of Technology,8.231,3.0,3.0,3.0,4.0,2021-01-15,0,,"Exactly the 8.08 review from '11. Very famous prof, so you have the opportunity to learn things taught nowhere else at the undergrad level, but math/reasoning can be hand-waved and psets are not well correlated to the given prereqs. Don't expect to go by the syllabus.",,0,0
UmF0aW5nLTE4MTQxNDE4,1095028,Xiao-Gang Wen,Massachusetts Institute of Technology,PHYS808,3.0,2.0,3.0,3.0,2011-01-14,-1,,"Extremely intelligent, enthusiastic, and entertaining.  Learned a lot in his class, but his lecture style is somewhat scattered.",,1,0
UmF0aW5nLTIyODYxNDU4,1834258,Yasheng Huang,Massachusetts Institute of Technology,15389B,5.0,5.0,5.0,5.0,2014-02-23,-1,A,"In this class I expected to be saturated with knowledge of startup operations in the Middle East and Africa. Little did I know, I had another thing coming. Prof. Huang relentlessly bombarded me with cases, like the Conexia Growth Model that induced a brain aneurism. But his clear words pushed me forward, and his rigorous teaching guided me to an A.",,0,0
UmF0aW5nLTMwNjU0MDYw,1907037,Yen-Jie Lee,Massachusetts Institute of Technology,8.03,4.0,4.0,4.0,4.0,2018-11-03,1,,Very engaging lecturer,Respected--Skip class? You won't pass.--Caring,0,0
UmF0aW5nLTMwMzcxMTgz,1907037,Yen-Jie Lee,Massachusetts Institute of Technology,8.03,5.0,5.0,5.0,3.0,2018-07-25,1,A-,Great guy,Gives good feedback--Skip class? You won't pass.--ACCESSIBLE OUTSIDE CLASS,2,0
UmF0aW5nLTI2MTQ4MjEw,2016672,Yury Polyanskiy,Massachusetts Institute of Technology,INF441,5.0,5.0,5.0,5.0,2016-03-16,-1,A-,"This guy rocks, his accent sucks though.",,0,0
