course_code,course_title,category,term,instructor,rmp_name,department,quality,difficulty,num_ratings,would_take_again_pct,match_type,profile_url
CSE120,Computer Science Principles,Introductory/Pre-Major,11wi,Snyder,Lawrence Snyder,Computer Science,3.4,2.2,6,-1.0,cs-dept,https://www.ratemyprofessors.com/professor/1418358
CSE120,Computer Science Principles,Introductory/Pre-Major,12wi,Snyder,Lawrence Snyder,Computer Science,3.4,2.2,6,-1.0,cs-dept,https://www.ratemyprofessors.com/professor/1418358
CSE120,Computer Science Principles,Introductory/Pre-Major,13wi,Snyder,Lawrence Snyder,Computer Science,3.4,2.2,6,-1.0,cs-dept,https://www.ratemyprofessors.com/professor/1418358
CSE120,Computer Science Principles,Introductory/Pre-Major,14wi,Snyder,Lawrence Snyder,Computer Science,3.4,2.2,6,-1.0,cs-dept,https://www.ratemyprofessors.com/professor/1418358
CSE120,Computer Science Principles,Introductory/Pre-Major,15wi,Snyder,Lawrence Snyder,Computer Science,3.4,2.2,6,-1.0,cs-dept,https://www.ratemyprofessors.com/professor/1418358
CSE120,Computer Science Principles,Introductory/Pre-Major,16sp,Evans,,,,,,,no_cs_match,
CSE120,Computer Science Principles,Introductory/Pre-Major,17sp,Hsia,Justin Hsia,Computer Science,3.9,3.9,44,77.2727,unique,https://www.ratemyprofessors.com/professor/2196563
CSE120,Computer Science Principles,Introductory/Pre-Major,18wi,Hsia,Justin Hsia,Computer Science,3.9,3.9,44,77.2727,unique,https://www.ratemyprofessors.com/professor/2196563
CSE120,Computer Science Principles,Introductory/Pre-Major,19wi,Hsia,Justin Hsia,Computer Science,3.9,3.9,44,77.2727,unique,https://www.ratemyprofessors.com/professor/2196563
CSE120,Computer Science Principles,Introductory/Pre-Major,20wi,Wolfson,Sam Wolfson,Computer Science,0.0,0.0,0,-1.0,unique,https://www.ratemyprofessors.com/professor/2871708
CSE121,Introduction to Computer Programming I,Introductory/Pre-Major,22au,Garza,Elba Garza,Computer Science,3.7,2.9,74,72.0,unique,https://www.ratemyprofessors.com/professor/2836919
CSE121,Introduction to Computer Programming I,Introductory/Pre-Major,22au,Wortzman,Brett Wortzman,Computer Science,4.6,3.2,119,96.6102,unique,https://www.ratemyprofessors.com/professor/1611914
CSE121,Introduction to Computer Programming I,Introductory/Pre-Major,23au,Natsuhara,Miya Natsuhara,Computer Science,4.5,2.6,67,91.1765,unique,https://www.ratemyprofessors.com/professor/2578636
CSE121,Introduction to Computer Programming I,Introductory/Pre-Major,23sp,Natsuhara,Miya Natsuhara,Computer Science,4.5,2.6,67,91.1765,unique,https://www.ratemyprofessors.com/professor/2578636
CSE121,Introduction to Computer Programming I,Introductory/Pre-Major,23su,Daniels,,,,,,,no_cs_match,
CSE121,Introduction to Computer Programming I,Introductory/Pre-Major,23wi,Garza,Elba Garza,Computer Science,3.7,2.9,74,72.0,unique,https://www.ratemyprofessors.com/professor/2836919
CSE121,Introduction to Computer Programming I,Introductory/Pre-Major,24au,Wang,Matt Wang,Computer Science,4.1,2.7,37,73.6842,ambiguous,https://www.ratemyprofessors.com/professor/3018170
CSE121,Introduction to Computer Programming I,Introductory/Pre-Major,24au,Wortzman,Brett Wortzman,Computer Science,4.6,3.2,119,96.6102,unique,https://www.ratemyprofessors.com/professor/1611914
CSE121,Introduction to Computer Programming I,Introductory/Pre-Major,24sp,Wang,Matt Wang,Computer Science,4.1,2.7,37,73.6842,ambiguous,https://www.ratemyprofessors.com/professor/3018170
CSE121,Introduction to Computer Programming I,Introductory/Pre-Major,24su,Wu,Simon Wu,Computer Science,4.0,3.0,1,100.0,cs-dept,https://www.ratemyprofessors.com/professor/3021649
CSE121,Introduction to Computer Programming I,Introductory/Pre-Major,24wi,Garza,Elba Garza,Computer Science,3.7,2.9,74,72.0,unique,https://www.ratemyprofessors.com/professor/2836919
CSE121,Introduction to Computer Programming I,Introductory/Pre-Major,24wi,Wang,Matt Wang,Computer Science,4.1,2.7,37,73.6842,ambiguous,https://www.ratemyprofessors.com/professor/3018170
CSE121,Introduction to Computer Programming I,Introductory/Pre-Major,25au,Weichert,,,,,,,not_found,
CSE121,Introduction to Computer Programming I,Introductory/Pre-Major,25au,Wortzman,Brett Wortzman,Computer Science,4.6,3.2,119,96.6102,unique,https://www.ratemyprofessors.com/professor/1611914
CSE121,Introduction to Computer Programming I,Introductory/Pre-Major,25sp,Natsuhara,Miya Natsuhara,Computer Science,4.5,2.6,67,91.1765,unique,https://www.ratemyprofessors.com/professor/2578636
CSE121,Introduction to Computer Programming I,Introductory/Pre-Major,25su,Swoffer,,,,,,,not_found,
CSE121,Introduction to Computer Programming I,Introductory/Pre-Major,25wi,Wang,Matt Wang,Computer Science,4.1,2.7,37,73.6842,ambiguous,https://www.ratemyprofessors.com/professor/3018170
CSE121,Introduction to Computer Programming I,Introductory/Pre-Major,26sp,Wang,Matt Wang,Computer Science,4.1,2.7,37,73.6842,ambiguous,https://www.ratemyprofessors.com/professor/3018170
CSE121,Introduction to Computer Programming I,Introductory/Pre-Major,26su,Feeney,,,,,,,not_found,
CSE121,Introduction to Computer Programming I,Introductory/Pre-Major,26wi,Natsuhara,Miya Natsuhara,Computer Science,4.5,2.6,67,91.1765,unique,https://www.ratemyprofessors.com/professor/2578636
CSE122,Introduction to Computer Programming II,Introductory/Pre-Major,22au,Natsuhara,Miya Natsuhara,Computer Science,4.5,2.6,67,91.1765,unique,https://www.ratemyprofessors.com/professor/2578636
CSE122,Introduction to Computer Programming II,Introductory/Pre-Major,22au,Schafer,Hunter Schafer,Computer Science,4.2,3.3,57,82.6923,unique,https://www.ratemyprofessors.com/professor/2002528
CSE122,Introduction to Computer Programming II,Introductory/Pre-Major,23au,Garza,Elba Garza,Computer Science,3.7,2.9,74,72.0,unique,https://www.ratemyprofessors.com/professor/2836919
CSE122,Introduction to Computer Programming II,Introductory/Pre-Major,23sp,Huber,,,,,,,no_cs_match,
CSE122,Introduction to Computer Programming II,Introductory/Pre-Major,23sp,Schafer,Hunter Schafer,Computer Science,4.2,3.3,57,82.6923,unique,https://www.ratemyprofessors.com/professor/2002528
CSE122,Introduction to Computer Programming II,Introductory/Pre-Major,23su,Lin,Kevin Lin,Computer Science,1.8,3.5,215,18.9815,cs-dept,https://www.ratemyprofessors.com/professor/2574020
CSE122,Introduction to Computer Programming II,Introductory/Pre-Major,23wi,Natsuhara,Miya Natsuhara,Computer Science,4.5,2.6,67,91.1765,unique,https://www.ratemyprofessors.com/professor/2578636
CSE122,Introduction to Computer Programming II,Introductory/Pre-Major,24au,Garza,Elba Garza,Computer Science,3.7,2.9,74,72.0,unique,https://www.ratemyprofessors.com/professor/2836919
CSE122,Introduction to Computer Programming II,Introductory/Pre-Major,24au,Natsuhara,Miya Natsuhara,Computer Science,4.5,2.6,67,91.1765,unique,https://www.ratemyprofessors.com/professor/2578636
CSE122,Introduction to Computer Programming II,Introductory/Pre-Major,24sp,Champion,Kasey Champion,Computer Science,4.6,3.2,20,90.0,ambiguous,https://www.ratemyprofessors.com/professor/2380331
CSE122,Introduction to Computer Programming II,Introductory/Pre-Major,24sp,Natsuhara,Miya Natsuhara,Computer Science,4.5,2.6,67,91.1765,unique,https://www.ratemyprofessors.com/professor/2578636
CSE122,Introduction to Computer Programming II,Introductory/Pre-Major,24su,Avnon,,,,,,,not_found,
CSE122,Introduction to Computer Programming II,Introductory/Pre-Major,24wi,Natsuhara,Miya Natsuhara,Computer Science,4.5,2.6,67,91.1765,unique,https://www.ratemyprofessors.com/professor/2578636
CSE122,Introduction to Computer Programming II,Introductory/Pre-Major,24wi,Spaniac,,,,,,,not_found,
CSE122,Introduction to Computer Programming II,Introductory/Pre-Major,25au,Garza,Elba Garza,Computer Science,3.7,2.9,74,72.0,unique,https://www.ratemyprofessors.com/professor/2836919
CSE122,Introduction to Computer Programming II,Introductory/Pre-Major,25sp,Salguero,Adrian Salguero,Computer Science,5.0,2.8,4,100.0,unique,https://www.ratemyprofessors.com/professor/3076738
CSE122,Introduction to Computer Programming II,Introductory/Pre-Major,25sp,Wortzman,Brett Wortzman,Computer Science,4.6,3.2,119,96.6102,unique,https://www.ratemyprofessors.com/professor/1611914
CSE122,Introduction to Computer Programming II,Introductory/Pre-Major,25su,Harris,,,,,,,no_cs_match,
CSE122,Introduction to Computer Programming II,Introductory/Pre-Major,25su,Shirakian,,,,,,,not_found,
CSE122,Introduction to Computer Programming II,Introductory/Pre-Major,25wi,Garza,Elba Garza,Computer Science,3.7,2.9,74,72.0,unique,https://www.ratemyprofessors.com/professor/2836919
CSE122,Introduction to Computer Programming II,Introductory/Pre-Major,26sp,Garza,Elba Garza,Computer Science,3.7,2.9,74,72.0,unique,https://www.ratemyprofessors.com/professor/2836919
CSE122,Introduction to Computer Programming II,Introductory/Pre-Major,26su,Lim,,,,,,,no_cs_match,
CSE122,Introduction to Computer Programming II,Introductory/Pre-Major,26su,Wang,Matt Wang,Computer Science,4.1,2.7,37,73.6842,ambiguous,https://www.ratemyprofessors.com/professor/3018170
CSE122,Introduction to Computer Programming II,Introductory/Pre-Major,26wi,Salguero,Adrian Salguero,Computer Science,5.0,2.8,4,100.0,unique,https://www.ratemyprofessors.com/professor/3076738
CSE123,Introduction to Computer Programming III,Introductory/Pre-Major,23au,Kohlbrenner,David Kohlbrenner,Computer Science,3.8,2.5,6,71.4286,unique,https://www.ratemyprofessors.com/professor/2675089
CSE123,Introduction to Computer Programming III,Introductory/Pre-Major,23au,Wortzman,Brett Wortzman,Computer Science,4.6,3.2,119,96.6102,unique,https://www.ratemyprofessors.com/professor/1611914
CSE123,Introduction to Computer Programming III,Introductory/Pre-Major,23sp,Wortzman,Brett Wortzman,Computer Science,4.6,3.2,119,96.6102,unique,https://www.ratemyprofessors.com/professor/1611914
CSE123,Introduction to Computer Programming III,Introductory/Pre-Major,23su,Boinpally,,,,,,,not_found,
CSE123,Introduction to Computer Programming III,Introductory/Pre-Major,23wi,Champion,Kasey Champion,Computer Science,4.6,3.2,20,90.0,ambiguous,https://www.ratemyprofessors.com/professor/2380331
CSE123,Introduction to Computer Programming III,Introductory/Pre-Major,23wi,Wortzman,Brett Wortzman,Computer Science,4.6,3.2,119,96.6102,unique,https://www.ratemyprofessors.com/professor/1611914
CSE123,Introduction to Computer Programming III,Introductory/Pre-Major,24au,Wilcox,James Wilcox,Computer Science,3.9,2.8,65,74.6269,unique,https://www.ratemyprofessors.com/professor/2238670
CSE123,Introduction to Computer Programming III,Introductory/Pre-Major,24sp,Brunelle,Nathan Brunelle,Computer Science,4.3,2.9,31,90.625,unique,https://www.ratemyprofessors.com/professor/2958916
CSE123,Introduction to Computer Programming III,Introductory/Pre-Major,24su,Spaniac,,,,,,,not_found,
CSE123,Introduction to Computer Programming III,Introductory/Pre-Major,24wi,Wilcox,James Wilcox,Computer Science,3.9,2.8,65,74.6269,unique,https://www.ratemyprofessors.com/professor/2238670
CSE123,Introduction to Computer Programming III,Introductory/Pre-Major,24wi,Wortzman,Brett Wortzman,Computer Science,4.6,3.2,119,96.6102,unique,https://www.ratemyprofessors.com/professor/1611914
CSE123,Introduction to Computer Programming III,Introductory/Pre-Major,25au,Wilcox,James Wilcox,Computer Science,3.9,2.8,65,74.6269,unique,https://www.ratemyprofessors.com/professor/2238670
CSE123,Introduction to Computer Programming III,Introductory/Pre-Major,25sp,Brunelle,Nathan Brunelle,Computer Science,4.3,2.9,31,90.625,unique,https://www.ratemyprofessors.com/professor/2958916
CSE123,Introduction to Computer Programming III,Introductory/Pre-Major,25su,Yin,Luoth Yin,Languages,5.0,1.5,2,100.0,unique,https://www.ratemyprofessors.com/professor/2645796
CSE123,Introduction to Computer Programming III,Introductory/Pre-Major,25wi,Natsuhara,Miya Natsuhara,Computer Science,4.5,2.6,67,91.1765,unique,https://www.ratemyprofessors.com/professor/2578636
CSE123,Introduction to Computer Programming III,Introductory/Pre-Major,25wi,Wortzman,Brett Wortzman,Computer Science,4.6,3.2,119,96.6102,unique,https://www.ratemyprofessors.com/professor/1611914
CSE123,Introduction to Computer Programming III,Introductory/Pre-Major,26sp,Natsuhara,Miya Natsuhara,Computer Science,4.5,2.6,67,91.1765,unique,https://www.ratemyprofessors.com/professor/2578636
CSE123,Introduction to Computer Programming III,Introductory/Pre-Major,26su,Vuong,,,,,,,not_found,
CSE123,Introduction to Computer Programming III,Introductory/Pre-Major,26wi,Wortzman,Brett Wortzman,Computer Science,4.6,3.2,119,96.6102,unique,https://www.ratemyprofessors.com/professor/1611914
CSE142,Computer Programming I,Introductory/Pre-Major,21au,Wortzman,Brett Wortzman,Computer Science,4.6,3.2,119,96.6102,unique,https://www.ratemyprofessors.com/professor/1611914
CSE142,Computer Programming I,Introductory/Pre-Major,21su,Ibrahim,Habiba Ibrahim,English,3.4,3.5,23,71.4286,unique,https://www.ratemyprofessors.com/professor/1052379
CSE142,Computer Programming I,Introductory/Pre-Major,22sp,Reges,Stuart Reges,Computer Science,3.8,3.5,262,67.5,unique,https://www.ratemyprofessors.com/professor/498702
CSE142,Computer Programming I,Introductory/Pre-Major,22su,Jojic,,,,,,,not_found,
CSE142,Computer Programming I,Introductory/Pre-Major,22wi,Champion,Kasey Champion,Computer Science,4.6,3.2,20,90.0,ambiguous,https://www.ratemyprofessors.com/professor/2380331
CSE142,Computer Programming I,Introductory/Pre-Major,22wi,Wortzman,Brett Wortzman,Computer Science,4.6,3.2,119,96.6102,unique,https://www.ratemyprofessors.com/professor/1611914
CSE143,Computer Programming II,Introductory/Pre-Major,23au,Reges,Stuart Reges,Computer Science,3.8,3.5,262,67.5,unique,https://www.ratemyprofessors.com/professor/498702
CSE143,Computer Programming II,Introductory/Pre-Major,23sp,Reges,Stuart Reges,Computer Science,3.8,3.5,262,67.5,unique,https://www.ratemyprofessors.com/professor/498702
CSE143,Computer Programming II,Introductory/Pre-Major,24au,Reges,Stuart Reges,Computer Science,3.8,3.5,262,67.5,unique,https://www.ratemyprofessors.com/professor/498702
CSE143,Computer Programming II,Introductory/Pre-Major,24sp,Reges,Stuart Reges,Computer Science,3.8,3.5,262,67.5,unique,https://www.ratemyprofessors.com/professor/498702
CSE143,Computer Programming II,Introductory/Pre-Major,25au,Reges,Stuart Reges,Computer Science,3.8,3.5,262,67.5,unique,https://www.ratemyprofessors.com/professor/498702
CSE143X,Accelerated Computer Programming I/II,Introductory/Pre-Major,12au,Reges,Stuart Reges,Computer Science,3.8,3.5,262,67.5,unique,https://www.ratemyprofessors.com/professor/498702
CSE143X,Accelerated Computer Programming I/II,Introductory/Pre-Major,13au,Reges,Stuart Reges,Computer Science,3.8,3.5,262,67.5,unique,https://www.ratemyprofessors.com/professor/498702
CSE143X,Accelerated Computer Programming I/II,Introductory/Pre-Major,15au,Blank,Adam Blank,Computer Science,4.5,3.6,49,85.7143,unique,https://www.ratemyprofessors.com/professor/1985117
CSE143X,Accelerated Computer Programming I/II,Introductory/Pre-Major,15wi,Quinn,Kevin Quinn,Computer Science,4.5,2.9,13,50.0,cs-dept,https://www.ratemyprofessors.com/professor/1875502
CSE143X,Accelerated Computer Programming I/II,Introductory/Pre-Major,16au,Moore,Jared Moore,Computer Science,4.5,2.5,4,100.0,ambiguous,https://www.ratemyprofessors.com/professor/1990968
CSE143X,Accelerated Computer Programming I/II,Introductory/Pre-Major,17au,Wortzman,Brett Wortzman,Computer Science,4.6,3.2,119,96.6102,unique,https://www.ratemyprofessors.com/professor/1611914
CSE143X,Accelerated Computer Programming I/II,Introductory/Pre-Major,18au,Reges,Stuart Reges,Computer Science,3.8,3.5,262,67.5,unique,https://www.ratemyprofessors.com/professor/498702
CSE143X,Accelerated Computer Programming I/II,Introductory/Pre-Major,19au,Reges,Stuart Reges,Computer Science,3.8,3.5,262,67.5,unique,https://www.ratemyprofessors.com/professor/498702
CSE143X,Accelerated Computer Programming I/II,Introductory/Pre-Major,20au,Reges,Stuart Reges,Computer Science,3.8,3.5,262,67.5,unique,https://www.ratemyprofessors.com/professor/498702
CSE143X,Accelerated Computer Programming I/II,Introductory/Pre-Major,21au,Reges,Stuart Reges,Computer Science,3.8,3.5,262,67.5,unique,https://www.ratemyprofessors.com/professor/498702
CSE143X,Accelerated Computer Programming I/II,Introductory/Pre-Major,23au,Reges,Stuart Reges,Computer Science,3.8,3.5,262,67.5,unique,https://www.ratemyprofessors.com/professor/498702
CSE143X,Accelerated Computer Programming I/II,Introductory/Pre-Major,24au,Reges,Stuart Reges,Computer Science,3.8,3.5,262,67.5,unique,https://www.ratemyprofessors.com/professor/498702
CSE143X,Accelerated Computer Programming I/II,Introductory/Pre-Major,25au,Reges,Stuart Reges,Computer Science,3.8,3.5,262,67.5,unique,https://www.ratemyprofessors.com/professor/498702
CSE143X,Accelerated Computer Programming I/II,Introductory/Pre-Major,25wi,Reges,Stuart Reges,Computer Science,3.8,3.5,262,67.5,unique,https://www.ratemyprofessors.com/professor/498702
CSE154,Web Programming,Introductory/Pre-Major,22au,Wolman,Tal Wolman,Computer Science,3.6,4.2,12,50.0,unique,https://www.ratemyprofessors.com/professor/2773076
CSE154,Web Programming,Introductory/Pre-Major,22su,Wolman,Tal Wolman,Computer Science,3.6,4.2,12,50.0,unique,https://www.ratemyprofessors.com/professor/2773076
CSE154,Web Programming,Introductory/Pre-Major,23au,Wolman,Tal Wolman,Computer Science,3.6,4.2,12,50.0,unique,https://www.ratemyprofessors.com/professor/2773076
CSE154,Web Programming,Introductory/Pre-Major,23sp,Wolman,Tal Wolman,Computer Science,3.6,4.2,12,50.0,unique,https://www.ratemyprofessors.com/professor/2773076
CSE154,Web Programming,Introductory/Pre-Major,23su,Wolman,Tal Wolman,Computer Science,3.6,4.2,12,50.0,unique,https://www.ratemyprofessors.com/professor/2773076
CSE154,Web Programming,Introductory/Pre-Major,24au,Wolman,Tal Wolman,Computer Science,3.6,4.2,12,50.0,unique,https://www.ratemyprofessors.com/professor/2773076
CSE154,Web Programming,Introductory/Pre-Major,24sp,Wolman,Tal Wolman,Computer Science,3.6,4.2,12,50.0,unique,https://www.ratemyprofessors.com/professor/2773076
CSE154,Web Programming,Introductory/Pre-Major,24su,Wolman,Tal Wolman,Computer Science,3.6,4.2,12,50.0,unique,https://www.ratemyprofessors.com/professor/2773076
CSE154,Web Programming,Introductory/Pre-Major,25au,Wolman,Tal Wolman,Computer Science,3.6,4.2,12,50.0,unique,https://www.ratemyprofessors.com/professor/2773076
CSE160,Data Programming,Introductory/Pre-Major,15sp,Anderson,Ruth Anderson,Computer Science,3.9,3.3,57,74.4186,ambiguous,https://www.ratemyprofessors.com/professor/1356337
CSE160,Data Programming,Introductory/Pre-Major,16wi,Anderson,Ruth Anderson,Computer Science,3.9,3.3,57,74.4186,ambiguous,https://www.ratemyprofessors.com/professor/1356337
CSE160,Data Programming,Introductory/Pre-Major,17wi,Anderson,Ruth Anderson,Computer Science,3.9,3.3,57,74.4186,ambiguous,https://www.ratemyprofessors.com/professor/1356337
CSE160,Data Programming,Introductory/Pre-Major,18sp,Anderson,Ruth Anderson,Computer Science,3.9,3.3,57,74.4186,ambiguous,https://www.ratemyprofessors.com/professor/1356337
CSE160,Data Programming,Introductory/Pre-Major,19wi,Anderson,Ruth Anderson,Computer Science,3.9,3.3,57,74.4186,ambiguous,https://www.ratemyprofessors.com/professor/1356337
CSE160,Data Programming,Introductory/Pre-Major,19wi,Gan,Emilia Gan,Computer Science,1.0,5.0,1,0.0,unique,https://www.ratemyprofessors.com/professor/2466755
CSE160,Data Programming,Introductory/Pre-Major,20au,Anderson,Ruth Anderson,Computer Science,3.9,3.3,57,74.4186,ambiguous,https://www.ratemyprofessors.com/professor/1356337
CSE160,Data Programming,Introductory/Pre-Major,20wi,Anderson,Ruth Anderson,Computer Science,3.9,3.3,57,74.4186,ambiguous,https://www.ratemyprofessors.com/professor/1356337
CSE160,Data Programming,Introductory/Pre-Major,21au,Anderson,Ruth Anderson,Computer Science,3.9,3.3,57,74.4186,ambiguous,https://www.ratemyprofessors.com/professor/1356337
CSE160,Data Programming,Introductory/Pre-Major,21wi,Thompson,,,,,,,no_cs_match,
CSE160,Data Programming,Introductory/Pre-Major,22au,Anderson,Ruth Anderson,Computer Science,3.9,3.3,57,74.4186,ambiguous,https://www.ratemyprofessors.com/professor/1356337
CSE160,Data Programming,Introductory/Pre-Major,22su,Cheung,Alvin Cheung,Computer Science,4.0,3.4,12,75.0,ambiguous,https://www.ratemyprofessors.com/professor/2120358
CSE160,Data Programming,Introductory/Pre-Major,22wi,Fitz Gibbon,Andrew Gibbon,Computer Science,2.9,3.9,17,41.1765,unique,https://www.ratemyprofessors.com/professor/2518735
CSE160,Data Programming,Introductory/Pre-Major,23au,Cheung,Alvin Cheung,Computer Science,4.0,3.4,12,75.0,ambiguous,https://www.ratemyprofessors.com/professor/2120358
CSE160,Data Programming,Introductory/Pre-Major,23sp,Fitz Gibbon,Andrew Gibbon,Computer Science,2.9,3.9,17,41.1765,unique,https://www.ratemyprofessors.com/professor/2518735
CSE160,Data Programming,Introductory/Pre-Major,23su,Ong,Angie Ong,Education,3.7,2.7,3,66.6667,unique,https://www.ratemyprofessors.com/professor/2681134
CSE160,Data Programming,Introductory/Pre-Major,23wi,Fitz Gibbon,Andrew Gibbon,Computer Science,2.9,3.9,17,41.1765,unique,https://www.ratemyprofessors.com/professor/2518735
CSE160,Data Programming,Introductory/Pre-Major,24au,Fitz Gibbon,Andrew Gibbon,Computer Science,2.9,3.9,17,41.1765,unique,https://www.ratemyprofessors.com/professor/2518735
CSE160,Data Programming,Introductory/Pre-Major,24sp,Fitz Gibbon,Andrew Gibbon,Computer Science,2.9,3.9,17,41.1765,unique,https://www.ratemyprofessors.com/professor/2518735
CSE160,Data Programming,Introductory/Pre-Major,24su,Bessler,,,,,,,not_found,
CSE160,Data Programming,Introductory/Pre-Major,24wi,Fitz Gibbon,Andrew Gibbon,Computer Science,2.9,3.9,17,41.1765,unique,https://www.ratemyprofessors.com/professor/2518735
CSE160,Data Programming,Introductory/Pre-Major,25au,Salguero,Adrian Salguero,Computer Science,5.0,2.8,4,100.0,unique,https://www.ratemyprofessors.com/professor/3076738
CSE160,Data Programming,Introductory/Pre-Major,25sp,Fitz Gibbon,Andrew Gibbon,Computer Science,2.9,3.9,17,41.1765,unique,https://www.ratemyprofessors.com/professor/2518735
CSE160,Data Programming,Introductory/Pre-Major,25su,Salguero,Adrian Salguero,Computer Science,5.0,2.8,4,100.0,unique,https://www.ratemyprofessors.com/professor/3076738
CSE160,Data Programming,Introductory/Pre-Major,25wi,Salguero,Adrian Salguero,Computer Science,5.0,2.8,4,100.0,unique,https://www.ratemyprofessors.com/professor/3076738
CSE160,Data Programming,Introductory/Pre-Major,26sp,Lin,Kevin Lin,Computer Science,1.8,3.5,215,18.9815,cs-dept,https://www.ratemyprofessors.com/professor/2574020
CSE160,Data Programming,Introductory/Pre-Major,26su,Salguero,Adrian Salguero,Computer Science,5.0,2.8,4,100.0,unique,https://www.ratemyprofessors.com/professor/3076738
CSE160,Data Programming,Introductory/Pre-Major,26wi,Anderson,Ruth Anderson,Computer Science,3.9,3.3,57,74.4186,ambiguous,https://www.ratemyprofessors.com/professor/1356337
CSE160,Data Programming,Introductory/Pre-Major,26wi,Weichert,,,,,,,not_found,
CSE163,Intermediate Data Programming,Introductory/Pre-Major,19sp,Schafer,Hunter Schafer,Computer Science,4.2,3.3,57,82.6923,unique,https://www.ratemyprofessors.com/professor/2002528
CSE163,Intermediate Data Programming,Introductory/Pre-Major,20sp,Schafer,Hunter Schafer,Computer Science,4.2,3.3,57,82.6923,unique,https://www.ratemyprofessors.com/professor/2002528
CSE163,Intermediate Data Programming,Introductory/Pre-Major,20su,Riley,Nicole Riley,Computer Science,0.0,0.0,0,-1.0,cs-dept,https://www.ratemyprofessors.com/professor/2531715
CSE163,Intermediate Data Programming,Introductory/Pre-Major,20wi,Schafer,Hunter Schafer,Computer Science,4.2,3.3,57,82.6923,unique,https://www.ratemyprofessors.com/professor/2002528
CSE163,Intermediate Data Programming,Introductory/Pre-Major,21sp,Lin,Kevin Lin,Computer Science,1.8,3.5,215,18.9815,cs-dept,https://www.ratemyprofessors.com/professor/2574020
CSE163,Intermediate Data Programming,Introductory/Pre-Major,21su,Pardeshi,Soham Pardeshi,Computer Science,4.7,3.7,3,100.0,unique,https://www.ratemyprofessors.com/professor/2351017
CSE163,Intermediate Data Programming,Introductory/Pre-Major,21wi,Schafer,Hunter Schafer,Computer Science,4.2,3.3,57,82.6923,unique,https://www.ratemyprofessors.com/professor/2002528
CSE163,Intermediate Data Programming,Introductory/Pre-Major,22sp,Schafer,Hunter Schafer,Computer Science,4.2,3.3,57,82.6923,unique,https://www.ratemyprofessors.com/professor/2002528
CSE163,Intermediate Data Programming,Introductory/Pre-Major,22su,Qiu,,,,,,,not_found,
CSE163,Intermediate Data Programming,Introductory/Pre-Major,22wi,Schafer,Hunter Schafer,Computer Science,4.2,3.3,57,82.6923,unique,https://www.ratemyprofessors.com/professor/2002528
CSE163,Intermediate Data Programming,Introductory/Pre-Major,23sp,Lin,Kevin Lin,Computer Science,1.8,3.5,215,18.9815,cs-dept,https://www.ratemyprofessors.com/professor/2574020
CSE163,Intermediate Data Programming,Introductory/Pre-Major,23su,Choi,,,,,,,no_cs_match,
CSE163,Intermediate Data Programming,Introductory/Pre-Major,23wi,Schafer,Hunter Schafer,Computer Science,4.2,3.3,57,82.6923,unique,https://www.ratemyprofessors.com/professor/2002528
CSE163,Intermediate Data Programming,Introductory/Pre-Major,24sp,Lin,Kevin Lin,Computer Science,1.8,3.5,215,18.9815,cs-dept,https://www.ratemyprofessors.com/professor/2574020
CSE163,Intermediate Data Programming,Introductory/Pre-Major,24su,Mei,,,,,,,not_found,
CSE163,Intermediate Data Programming,Introductory/Pre-Major,24wi,Lin,Kevin Lin,Computer Science,1.8,3.5,215,18.9815,cs-dept,https://www.ratemyprofessors.com/professor/2574020
CSE163,Intermediate Data Programming,Introductory/Pre-Major,25au,Lin,Kevin Lin,Computer Science,1.8,3.5,215,18.9815,cs-dept,https://www.ratemyprofessors.com/professor/2574020
CSE163,Intermediate Data Programming,Introductory/Pre-Major,25sp,Lin,Kevin Lin,Computer Science,1.8,3.5,215,18.9815,cs-dept,https://www.ratemyprofessors.com/professor/2574020
CSE163,Intermediate Data Programming,Introductory/Pre-Major,25su,Choi,,,,,,,no_cs_match,
CSE163,Intermediate Data Programming,Introductory/Pre-Major,25wi,Fitz Gibbon,Andrew Gibbon,Computer Science,2.9,3.9,17,41.1765,unique,https://www.ratemyprofessors.com/professor/2518735
CSE163,Intermediate Data Programming,Introductory/Pre-Major,25wi,Lin,Kevin Lin,Computer Science,1.8,3.5,215,18.9815,cs-dept,https://www.ratemyprofessors.com/professor/2574020
CSE163,Intermediate Data Programming,Introductory/Pre-Major,26sp,Salguero,Adrian Salguero,Computer Science,5.0,2.8,4,100.0,unique,https://www.ratemyprofessors.com/professor/3076738
CSE163,Intermediate Data Programming,Introductory/Pre-Major,26su,Kapoor,,,,,,,not_found,
CSE163,Intermediate Data Programming,Introductory/Pre-Major,26wi,Choi,,,,,,,no_cs_match,
CSE180,Introduction to Data Science,Introductory/Pre-Major,19sp,Maas,Ryan Maas,Engineering,4.8,2.7,34,100.0,unique,https://www.ratemyprofessors.com/professor/2631702
CSE180,Introduction to Data Science,Introductory/Pre-Major,20sp,Maas,Ryan Maas,Engineering,4.8,2.7,34,100.0,unique,https://www.ratemyprofessors.com/professor/2631702
CSE180,Introduction to Data Science,Introductory/Pre-Major,21sp,Maas,Ryan Maas,Engineering,4.8,2.7,34,100.0,unique,https://www.ratemyprofessors.com/professor/2631702
CSE180,Introduction to Data Science,Introductory/Pre-Major,22sp,Maas,Ryan Maas,Engineering,4.8,2.7,34,100.0,unique,https://www.ratemyprofessors.com/professor/2631702
CSE180,Introduction to Data Science,Introductory/Pre-Major,23sp,Maas,Ryan Maas,Engineering,4.8,2.7,34,100.0,unique,https://www.ratemyprofessors.com/professor/2631702
CSE180,Introduction to Data Science,Introductory/Pre-Major,24sp,Maas,Ryan Maas,Engineering,4.8,2.7,34,100.0,unique,https://www.ratemyprofessors.com/professor/2631702
CSE180,Introduction to Data Science,Introductory/Pre-Major,25sp,Maas,Ryan Maas,Engineering,4.8,2.7,34,100.0,unique,https://www.ratemyprofessors.com/professor/2631702
CSE180,Introduction to Data Science,Introductory/Pre-Major,26sp,Maas,Ryan Maas,Engineering,4.8,2.7,34,100.0,unique,https://www.ratemyprofessors.com/professor/2631702
CSE190B,Freshman Direct-Admit Seminar,Undergraduate Major,22au,Grossman,Daniel Grossman,Computer Engineering,4.5,2.8,31,90.0,unique,https://www.ratemyprofessors.com/professor/1519085
CSE190B,Freshman Direct-Admit Seminar,Undergraduate Major,23au,Grossman,Daniel Grossman,Computer Engineering,4.5,2.8,31,90.0,unique,https://www.ratemyprofessors.com/professor/1519085
CSE190B,Freshman Direct-Admit Seminar,Undergraduate Major,24au,Grossman,Daniel Grossman,Computer Engineering,4.5,2.8,31,90.0,unique,https://www.ratemyprofessors.com/professor/1519085
CSE190B,Freshman Direct-Admit Seminar,Undergraduate Major,25au,Grossman,Daniel Grossman,Computer Engineering,4.5,2.8,31,90.0,unique,https://www.ratemyprofessors.com/professor/1519085
CSE195,Allen Scholars Bridge Program,Undergraduate Major,25au,Bricker,Lauren Bricker,Computer Science,1.9,3.9,34,20.5882,unique,https://www.ratemyprofessors.com/professor/2367994
CSE195,Allen Scholars Bridge Program,Undergraduate Major,25au,Ikeda,Janine Ikeda,English,5.0,2.5,2,100.0,unique,https://www.ratemyprofessors.com/professor/2682501
CSE196,Allen Scholars Seminar,Undergraduate Major,25au,Ikeda,Janine Ikeda,English,5.0,2.5,2,100.0,unique,https://www.ratemyprofessors.com/professor/2682501
CSE196,Allen Scholars Seminar,Undergraduate Major,26sp,Ikeda,Janine Ikeda,English,5.0,2.5,2,100.0,unique,https://www.ratemyprofessors.com/professor/2682501
CSE197W,Problem Solving for Computer Science and Engineering (ASSP 121),Undergraduate Major,25au,Wang,Matt Wang,Computer Science,4.1,2.7,37,73.6842,ambiguous,https://www.ratemyprofessors.com/professor/3018170
CSE197X,Problem Solving for Computer Science and Engineering (ASSP 122),Undergraduate Major,25au,Salguero,Adrian Salguero,Computer Science,5.0,2.8,4,100.0,unique,https://www.ratemyprofessors.com/professor/3076738
CSE197X,Problem Solving for Computer Science and Engineering (ASSP 122),Undergraduate Major,26sp,Hickmon,,,,,,,not_found,
CSE197X,Problem Solving for Computer Science and Engineering (ASSP 122),Undergraduate Major,26sp,Wang,Matt Wang,Computer Science,4.1,2.7,37,73.6842,ambiguous,https://www.ratemyprofessors.com/professor/3018170
CSE197X,Problem Solving for Computer Science and Engineering (ASSP 122),Undergraduate Major,26wi,Wang,Matt Wang,Computer Science,4.1,2.7,37,73.6842,ambiguous,https://www.ratemyprofessors.com/professor/3018170
CSE197Y,Problem Solving for Computer Science and Engineering (ASSP 123),Undergraduate Major,25au,Hickmon,,,,,,,not_found,
CSE197Y,Problem Solving for Computer Science and Engineering (ASSP 123),Undergraduate Major,26sp,Hickmon,,,,,,,not_found,
CSE197Y,Problem Solving for Computer Science and Engineering (ASSP 123),Undergraduate Major,26wi,Hickmon,,,,,,,not_found,
CSE197Z,Problem Solving for Computer Science and Engineering (STARS),Undergraduate Major,25au,Wang,Matt Wang,Computer Science,4.1,2.7,37,73.6842,ambiguous,https://www.ratemyprofessors.com/professor/3018170
CSE197Z,Problem Solving for Computer Science and Engineering (STARS),Undergraduate Major,26sp,Wang,Matt Wang,Computer Science,4.1,2.7,37,73.6842,ambiguous,https://www.ratemyprofessors.com/professor/3018170
CSE197Z,Problem Solving for Computer Science and Engineering (STARS),Undergraduate Major,26wi,Wang,Matt Wang,Computer Science,4.1,2.7,37,73.6842,ambiguous,https://www.ratemyprofessors.com/professor/3018170
CSE311,Foundations of Computing I,Undergraduate Major,23au,Weber,Robbie Weber,Computer Science,4.7,3.5,54,96.2963,cs-dept,https://www.ratemyprofessors.com/professor/2631453
CSE311,Foundations of Computing I,Undergraduate Major,23su,Agarwal,Shikha Agarwal,Economics,2.5,3.0,2,0.0,unique,https://www.ratemyprofessors.com/professor/2235976
CSE311,Foundations of Computing I,Undergraduate Major,24au,Weber,Robbie Weber,Computer Science,4.7,3.5,54,96.2963,cs-dept,https://www.ratemyprofessors.com/professor/2631453
CSE311,Foundations of Computing I,Undergraduate Major,24sp,Zatloukal,Kevin Zatloukal,Computer Science,3.9,4.0,77,78.2051,unique,https://www.ratemyprofessors.com/professor/2267010
CSE311,Foundations of Computing I,Undergraduate Major,24su,Berg,,,,,,,no_cs_match,
CSE311,Foundations of Computing I,Undergraduate Major,24wi,Weber,Robbie Weber,Computer Science,4.7,3.5,54,96.2963,cs-dept,https://www.ratemyprofessors.com/professor/2631453
CSE311,Foundations of Computing I,Undergraduate Major,25au,Natsuhara,Miya Natsuhara,Computer Science,4.5,2.6,67,91.1765,unique,https://www.ratemyprofessors.com/professor/2578636
CSE311,Foundations of Computing I,Undergraduate Major,25au,Weber,Robbie Weber,Computer Science,4.7,3.5,54,96.2963,cs-dept,https://www.ratemyprofessors.com/professor/2631453
CSE311,Foundations of Computing I,Undergraduate Major,25sp,Zatloukal,Kevin Zatloukal,Computer Science,3.9,4.0,77,78.2051,unique,https://www.ratemyprofessors.com/professor/2267010
CSE311,Foundations of Computing I,Undergraduate Major,25su,Gustafson,,,,,,,no_cs_match,
CSE311,Foundations of Computing I,Undergraduate Major,25wi,Zatloukal,Kevin Zatloukal,Computer Science,3.9,4.0,77,78.2051,unique,https://www.ratemyprofessors.com/professor/2267010
CSE311,Foundations of Computing I,Undergraduate Major,26sp,Zatloukal,Kevin Zatloukal,Computer Science,3.9,4.0,77,78.2051,unique,https://www.ratemyprofessors.com/professor/2267010
CSE311,Foundations of Computing I,Undergraduate Major,26su,Elkin,,,,,,,not_found,
CSE311,Foundations of Computing I,Undergraduate Major,26wi,Zatloukal,Kevin Zatloukal,Computer Science,3.9,4.0,77,78.2051,unique,https://www.ratemyprofessors.com/professor/2267010
CSE312,Foundations of Computing II,Undergraduate Major,24au,Rao,Anup Rao,Computer Science,4.3,4.0,7,85.7143,ambiguous,https://www.ratemyprofessors.com/professor/2397281
CSE312,Foundations of Computing II,Undergraduate Major,24au,Tessaro,Stefano Tessaro,Computer Science,3.7,4.7,7,57.1429,unique,https://www.ratemyprofessors.com/professor/2552865
CSE312,Foundations of Computing II,Undergraduate Major,24su,Winston,,,,,,,not_found,
CSE312,Foundations of Computing II,Undergraduate Major,25au,Weber,Robbie Weber,Computer Science,4.7,3.5,54,96.2963,cs-dept,https://www.ratemyprofessors.com/professor/2631453
CSE312,Foundations of Computing II,Undergraduate Major,25sp,Lin,Kevin Lin,Computer Science,1.8,3.5,215,18.9815,cs-dept,https://www.ratemyprofessors.com/professor/2574020
CSE312,Foundations of Computing II,Undergraduate Major,25su,Kuznetsova,,,,,,,not_found,
CSE312,Foundations of Computing II,Undergraduate Major,25wi,Weber,Robbie Weber,Computer Science,4.7,3.5,54,96.2963,cs-dept,https://www.ratemyprofessors.com/professor/2631453
CSE312,Foundations of Computing II,Undergraduate Major,26sp,Karlin,Anna Karlin,Computer Science,3.0,3.9,32,48.3871,unique,https://www.ratemyprofessors.com/professor/957048
CSE312,Foundations of Computing II,Undergraduate Major,26su,Zhou,Iris Zhou,Computer Science,0.0,0.0,0,-1.0,cs-dept,https://www.ratemyprofessors.com/professor/3014383
CSE312,Foundations of Computing II,Undergraduate Major,26wi,Weber,Robbie Weber,Computer Science,4.7,3.5,54,96.2963,cs-dept,https://www.ratemyprofessors.com/professor/2631453
CSE331,Software Design and Implementation,Undergraduate Major,24au,Zatloukal,Kevin Zatloukal,Computer Science,3.9,4.0,77,78.2051,unique,https://www.ratemyprofessors.com/professor/2267010
CSE331,Software Design and Implementation,Undergraduate Major,24sp,Wilcox,James Wilcox,Computer Science,3.9,2.8,65,74.6269,unique,https://www.ratemyprofessors.com/professor/2238670
CSE331,Software Design and Implementation,Undergraduate Major,24su,Murphy,Katherine  Murphy,Computer Science,0.0,0.0,0,-1.0,cs-dept,https://www.ratemyprofessors.com/professor/2988422
CSE331,Software Design and Implementation,Undergraduate Major,24wi,Tatlock,Zach Tatlock,Computer Science,3.1,3.8,29,56.0,unique,https://www.ratemyprofessors.com/professor/2018829
CSE331,Software Design and Implementation,Undergraduate Major,25au,Zatloukal,Kevin Zatloukal,Computer Science,3.9,4.0,77,78.2051,unique,https://www.ratemyprofessors.com/professor/2267010
CSE331,Software Design and Implementation,Undergraduate Major,25sp,Wang,Matt Wang,Computer Science,4.1,2.7,37,73.6842,ambiguous,https://www.ratemyprofessors.com/professor/3018170
CSE331,Software Design and Implementation,Undergraduate Major,25su,Field,Jaela Field,Computer Science,5.0,3.0,1,100.0,unique,https://www.ratemyprofessors.com/professor/3018092
CSE331,Software Design and Implementation,Undergraduate Major,25wi,Wilcox,James Wilcox,Computer Science,3.9,2.8,65,74.6269,unique,https://www.ratemyprofessors.com/professor/2238670
CSE331,Software Design and Implementation,Undergraduate Major,26sp,Wilcox,James Wilcox,Computer Science,3.9,2.8,65,74.6269,unique,https://www.ratemyprofessors.com/professor/2238670
CSE331,Software Design and Implementation,Undergraduate Major,26su,Wilcox,James Wilcox,Computer Science,3.9,2.8,65,74.6269,unique,https://www.ratemyprofessors.com/professor/2238670
CSE331,Software Design and Implementation,Undergraduate Major,26wi,Wilcox,James Wilcox,Computer Science,3.9,2.8,65,74.6269,unique,https://www.ratemyprofessors.com/professor/2238670
CSE332,Data Structures and Parallelism,Undergraduate Major,24au,Brunelle,Nathan Brunelle,Computer Science,4.3,2.9,31,90.625,unique,https://www.ratemyprofessors.com/professor/2958916
CSE332,Data Structures and Parallelism,Undergraduate Major,24sp,Winstanley,,,,,,,not_found,
CSE332,Data Structures and Parallelism,Undergraduate Major,24su,Brunelle,Nathan Brunelle,Computer Science,4.3,2.9,31,90.625,unique,https://www.ratemyprofessors.com/professor/2958916
CSE332,Data Structures and Parallelism,Undergraduate Major,24wi,Brunelle,Nathan Brunelle,Computer Science,4.3,2.9,31,90.625,unique,https://www.ratemyprofessors.com/professor/2958916
CSE332,Data Structures and Parallelism,Undergraduate Major,25au,Anderson,Ruth Anderson,Computer Science,3.9,3.3,57,74.4186,ambiguous,https://www.ratemyprofessors.com/professor/1356337
CSE332,Data Structures and Parallelism,Undergraduate Major,25sp,Weber,Robbie Weber,Computer Science,4.7,3.5,54,96.2963,cs-dept,https://www.ratemyprofessors.com/professor/2631453
CSE332,Data Structures and Parallelism,Undergraduate Major,25su,Khan,,,,,,,no_cs_match,
CSE332,Data Structures and Parallelism,Undergraduate Major,25wi,Anderson,Ruth Anderson,Computer Science,3.9,3.3,57,74.4186,ambiguous,https://www.ratemyprofessors.com/professor/1356337
CSE332,Data Structures and Parallelism,Undergraduate Major,26sp,Brunelle,Nathan Brunelle,Computer Science,4.3,2.9,31,90.625,unique,https://www.ratemyprofessors.com/professor/2958916
CSE332,Data Structures and Parallelism,Undergraduate Major,26su,Whitmeyer,,,,,,,not_found,
CSE332,Data Structures and Parallelism,Undergraduate Major,26wi,Brunelle,Nathan Brunelle,Computer Science,4.3,2.9,31,90.625,unique,https://www.ratemyprofessors.com/professor/2958916
CSE333,Systems Programming,Undergraduate Major,23au,Thachuk,Christopher Thachuk,Computer Science,4.2,3.5,6,100.0,unique,https://www.ratemyprofessors.com/professor/2749955
CSE333,Systems Programming,Undergraduate Major,23su,Yang,,,,,,,no_cs_match,
CSE333,Systems Programming,Undergraduate Major,24au,Tang,Hannah Tang,Computer Science,2.2,3.5,66,27.2727,cs-dept,https://www.ratemyprofessors.com/professor/2549408
CSE333,Systems Programming,Undergraduate Major,24sp,Tang,Hannah Tang,Computer Science,2.2,3.5,66,27.2727,cs-dept,https://www.ratemyprofessors.com/professor/2549408
CSE333,Systems Programming,Undergraduate Major,24su,Sanchez-Stern,,,,,,,not_found,
CSE333,Systems Programming,Undergraduate Major,24wi,Perkins,Hal Perkins,Computer Science,3.8,3.2,75,76.087,cs-dept,https://www.ratemyprofessors.com/professor/319091
CSE333,Systems Programming,Undergraduate Major,25au,Alterman,Naomi Alterman,Computer Science,3.7,3.4,16,76.4706,unique,https://www.ratemyprofessors.com/professor/3135080
CSE333,Systems Programming,Undergraduate Major,25au,Thachuk,Christopher Thachuk,Computer Science,4.2,3.5,6,100.0,unique,https://www.ratemyprofessors.com/professor/2749955
CSE333,Systems Programming,Undergraduate Major,25sp,Perkins,Hal Perkins,Computer Science,3.8,3.2,75,76.087,cs-dept,https://www.ratemyprofessors.com/professor/319091
CSE333,Systems Programming,Undergraduate Major,25su,Sanchez-Stern,,,,,,,not_found,
CSE333,Systems Programming,Undergraduate Major,25wi,Perkins,Hal Perkins,Computer Science,3.8,3.2,75,76.087,cs-dept,https://www.ratemyprofessors.com/professor/319091
CSE333,Systems Programming,Undergraduate Major,26sp,Alterman,Naomi Alterman,Computer Science,3.7,3.4,16,76.4706,unique,https://www.ratemyprofessors.com/professor/3135080
CSE333,Systems Programming,Undergraduate Major,26su,Pardeshi,Soham Pardeshi,Computer Science,4.7,3.7,3,100.0,unique,https://www.ratemyprofessors.com/professor/2351017
CSE333,Systems Programming,Undergraduate Major,26wi,Hsia,Justin Hsia,Computer Science,3.9,3.9,44,77.2727,unique,https://www.ratemyprofessors.com/professor/2196563
CSE333,Systems Programming,Undergraduate Major,26wi,Hu,Jingwei Hu,Mathematics,3.2,3.8,5,60.0,unique,https://www.ratemyprofessors.com/professor/2893138
CSE340,Interaction Programming,Undergraduate Major,21sp,Bricker,Lauren Bricker,Computer Science,1.9,3.9,34,20.5882,unique,https://www.ratemyprofessors.com/professor/2367994
CSE340,Interaction Programming,Undergraduate Major,22sp,Bricker,Lauren Bricker,Computer Science,1.9,3.9,34,20.5882,unique,https://www.ratemyprofessors.com/professor/2367994
CSE340,Interaction Programming,Undergraduate Major,22wi,Bricker,Lauren Bricker,Computer Science,1.9,3.9,34,20.5882,unique,https://www.ratemyprofessors.com/professor/2367994
CSE340,Interaction Programming,Undergraduate Major,23au,Abilio Oliveira,Nigini Oliveira,Information Science,2.6,2.6,7,42.8571,unique,https://www.ratemyprofessors.com/professor/2435546
CSE340,Interaction Programming,Undergraduate Major,23sp,Bricker,Lauren Bricker,Computer Science,1.9,3.9,34,20.5882,unique,https://www.ratemyprofessors.com/professor/2367994
CSE340,Interaction Programming,Undergraduate Major,23wi,Bricker,Lauren Bricker,Computer Science,1.9,3.9,34,20.5882,unique,https://www.ratemyprofessors.com/professor/2367994
CSE340,Interaction Programming,Undergraduate Major,24au,Shapiro,Linda Shapiro,Computer Science,1.8,3.3,16,18.1818,ambiguous,https://www.ratemyprofessors.com/professor/1367910
CSE340,Interaction Programming,Undergraduate Major,24sp,Shapiro,Linda Shapiro,Computer Science,1.8,3.3,16,18.1818,ambiguous,https://www.ratemyprofessors.com/professor/1367910
CSE340,Interaction Programming,Undergraduate Major,25au,Shapiro,Linda Shapiro,Computer Science,1.8,3.3,16,18.1818,ambiguous,https://www.ratemyprofessors.com/professor/1367910
CSE340,Interaction Programming,Undergraduate Major,25sp,Bricker,Lauren Bricker,Computer Science,1.9,3.9,34,20.5882,unique,https://www.ratemyprofessors.com/professor/2367994
CSE340,Interaction Programming,Undergraduate Major,26sp,Wolman,Tal Wolman,Computer Science,3.6,4.2,12,50.0,unique,https://www.ratemyprofessors.com/professor/2773076
CSE341,Programming Languages,Undergraduate Major,00au,Tanimoto,Steve Tanimoto,Computer Science,2.1,3.6,52,32.3529,unique,https://www.ratemyprofessors.com/professor/1221897
CSE341,Programming Languages,Undergraduate Major,00sp,Borning,Alan Borning,Computer Science,3.9,2.1,9,-1.0,unique,https://www.ratemyprofessors.com/professor/514712
CSE341,Programming Languages,Undergraduate Major,00wi,Tanimoto,Steve Tanimoto,Computer Science,2.1,3.6,52,32.3529,unique,https://www.ratemyprofessors.com/professor/1221897
CSE341,Programming Languages,Undergraduate Major,01sp,Chambers,,,,,,,not_found,
CSE341,Programming Languages,Undergraduate Major,01wi,Hartline,,,,,,,not_found,
CSE341,Programming Languages,Undergraduate Major,02au,Tanimoto,Steve Tanimoto,Computer Science,2.1,3.6,52,32.3529,unique,https://www.ratemyprofessors.com/professor/1221897
CSE341,Programming Languages,Undergraduate Major,02sp,Borning,Alan Borning,Computer Science,3.9,2.1,9,-1.0,unique,https://www.ratemyprofessors.com/professor/514712
CSE341,Programming Languages,Undergraduate Major,02wi,Dugan,,,,,,,not_found,
CSE341,Programming Languages,Undergraduate Major,03au,Tanimoto,Steve Tanimoto,Computer Science,2.1,3.6,52,32.3529,unique,https://www.ratemyprofessors.com/professor/1221897
CSE341,Programming Languages,Undergraduate Major,03sp,Tanimoto,Steve Tanimoto,Computer Science,2.1,3.6,52,32.3529,unique,https://www.ratemyprofessors.com/professor/1221897
CSE341,Programming Languages,Undergraduate Major,03wi,Borning,Alan Borning,Computer Science,3.9,2.1,9,-1.0,unique,https://www.ratemyprofessors.com/professor/514712
CSE341,Programming Languages,Undergraduate Major,04au,Grossman,Daniel Grossman,Computer Engineering,4.5,2.8,31,90.0,unique,https://www.ratemyprofessors.com/professor/1519085
CSE341,Programming Languages,Undergraduate Major,04sp,Grossman,Daniel Grossman,Computer Engineering,4.5,2.8,31,90.0,unique,https://www.ratemyprofessors.com/professor/1519085
CSE341,Programming Languages,Undergraduate Major,04wi,Lee,Michael Lee,Computer Science,5.0,4.5,2,100.0,cs-dept,https://www.ratemyprofessors.com/professor/2350741
CSE341,Programming Languages,Undergraduate Major,05au,Borning,Alan Borning,Computer Science,3.9,2.1,9,-1.0,unique,https://www.ratemyprofessors.com/professor/514712
CSE341,Programming Languages,Undergraduate Major,05sp,Ruzzo,Walter Ruzzo,Computer Science,4.8,3.6,11,100.0,unique,https://www.ratemyprofessors.com/professor/1860792
CSE341,Programming Languages,Undergraduate Major,05wi,Perkins,Hal Perkins,Computer Science,3.8,3.2,75,76.087,cs-dept,https://www.ratemyprofessors.com/professor/319091
CSE341,Programming Languages,Undergraduate Major,06au,Borning,Alan Borning,Computer Science,3.9,2.1,9,-1.0,unique,https://www.ratemyprofessors.com/professor/514712
CSE341,Programming Languages,Undergraduate Major,06sp,Ruzzo,Walter Ruzzo,Computer Science,4.8,3.6,11,100.0,unique,https://www.ratemyprofessors.com/professor/1860792
CSE341,Programming Languages,Undergraduate Major,06wi,Perkins,Hal Perkins,Computer Science,3.8,3.2,75,76.087,cs-dept,https://www.ratemyprofessors.com/professor/319091
CSE341,Programming Languages,Undergraduate Major,07au,Reges,Stuart Reges,Computer Science,3.8,3.5,262,67.5,unique,https://www.ratemyprofessors.com/professor/498702
CSE341,Programming Languages,Undergraduate Major,07sp,Ruzzo,Walter Ruzzo,Computer Science,4.8,3.6,11,100.0,unique,https://www.ratemyprofessors.com/professor/1860792
CSE341,Programming Languages,Undergraduate Major,07wi,Reges,Stuart Reges,Computer Science,3.8,3.5,262,67.5,unique,https://www.ratemyprofessors.com/professor/498702
CSE341,Programming Languages,Undergraduate Major,08au,Borning,Alan Borning,Computer Science,3.9,2.1,9,-1.0,unique,https://www.ratemyprofessors.com/professor/514712
CSE341,Programming Languages,Undergraduate Major,08sp,Grossman,Daniel Grossman,Computer Engineering,4.5,2.8,31,90.0,unique,https://www.ratemyprofessors.com/professor/1519085
CSE341,Programming Languages,Undergraduate Major,08wi,Grossman,Daniel Grossman,Computer Engineering,4.5,2.8,31,90.0,unique,https://www.ratemyprofessors.com/professor/1519085
CSE341,Programming Languages,Undergraduate Major,09au,Reges,Stuart Reges,Computer Science,3.8,3.5,262,67.5,unique,https://www.ratemyprofessors.com/professor/498702
CSE341,Programming Languages,Undergraduate Major,09sp,Reges,Stuart Reges,Computer Science,3.8,3.5,262,67.5,unique,https://www.ratemyprofessors.com/professor/498702
CSE341,Programming Languages,Undergraduate Major,09wi,Borning,Alan Borning,Computer Science,3.9,2.1,9,-1.0,unique,https://www.ratemyprofessors.com/professor/514712
CSE341,Programming Languages,Undergraduate Major,10au,Stepp,Marty Stepp,Computer Science,4.5,3.3,95,100.0,unique,https://www.ratemyprofessors.com/professor/908743
CSE341,Programming Languages,Undergraduate Major,10sp,Reges,Stuart Reges,Computer Science,3.8,3.5,262,67.5,unique,https://www.ratemyprofessors.com/professor/498702
CSE341,Programming Languages,Undergraduate Major,10wi,Borning,Alan Borning,Computer Science,3.9,2.1,9,-1.0,unique,https://www.ratemyprofessors.com/professor/514712
CSE341,Programming Languages,Undergraduate Major,11au,Grossman,Daniel Grossman,Computer Engineering,4.5,2.8,31,90.0,unique,https://www.ratemyprofessors.com/professor/1519085
CSE341,Programming Languages,Undergraduate Major,11sp,Perkins,Hal Perkins,Computer Science,3.8,3.2,75,76.087,cs-dept,https://www.ratemyprofessors.com/professor/319091
CSE341,Programming Languages,Undergraduate Major,12au,Borning,Alan Borning,Computer Science,3.9,2.1,9,-1.0,unique,https://www.ratemyprofessors.com/professor/514712
CSE341,Programming Languages,Undergraduate Major,12wi,Tanimoto,Steve Tanimoto,Computer Science,2.1,3.6,52,32.3529,unique,https://www.ratemyprofessors.com/professor/1221897
CSE341,Programming Languages,Undergraduate Major,13sp,Grossman,Daniel Grossman,Computer Engineering,4.5,2.8,31,90.0,unique,https://www.ratemyprofessors.com/professor/1519085
CSE341,Programming Languages,Undergraduate Major,13wi,Grossman,Daniel Grossman,Computer Engineering,4.5,2.8,31,90.0,unique,https://www.ratemyprofessors.com/professor/1519085
CSE341,Programming Languages,Undergraduate Major,14sp,Tatlock,Zach Tatlock,Computer Science,3.1,3.8,29,56.0,unique,https://www.ratemyprofessors.com/professor/2018829
CSE341,Programming Languages,Undergraduate Major,14wi,Borning,Alan Borning,Computer Science,3.9,2.1,9,-1.0,unique,https://www.ratemyprofessors.com/professor/514712
CSE341,Programming Languages,Undergraduate Major,15au,Borning,Alan Borning,Computer Science,3.9,2.1,9,-1.0,unique,https://www.ratemyprofessors.com/professor/514712
CSE341,Programming Languages,Undergraduate Major,15sp,Tatlock,Zach Tatlock,Computer Science,3.1,3.8,29,56.0,unique,https://www.ratemyprofessors.com/professor/2018829
CSE341,Programming Languages,Undergraduate Major,15wi,Borning,Alan Borning,Computer Science,3.9,2.1,9,-1.0,unique,https://www.ratemyprofessors.com/professor/514712
CSE341,Programming Languages,Undergraduate Major,16sp,Grossman,Daniel Grossman,Computer Engineering,4.5,2.8,31,90.0,unique,https://www.ratemyprofessors.com/professor/1519085
CSE341,Programming Languages,Undergraduate Major,17au,Grossman,Daniel Grossman,Computer Engineering,4.5,2.8,31,90.0,unique,https://www.ratemyprofessors.com/professor/1519085
CSE341,Programming Languages,Undergraduate Major,17sp,Grossman,Daniel Grossman,Computer Engineering,4.5,2.8,31,90.0,unique,https://www.ratemyprofessors.com/professor/1519085
CSE341,Programming Languages,Undergraduate Major,17wi,Wilcox,James Wilcox,Computer Science,3.9,2.8,65,74.6269,unique,https://www.ratemyprofessors.com/professor/2238670
CSE341,Programming Languages,Undergraduate Major,18au,Grossman,Daniel Grossman,Computer Engineering,4.5,2.8,31,90.0,unique,https://www.ratemyprofessors.com/professor/1519085
CSE341,Programming Languages,Undergraduate Major,18sp,Borning,Alan Borning,Computer Science,3.9,2.1,9,-1.0,unique,https://www.ratemyprofessors.com/professor/514712
CSE341,Programming Languages,Undergraduate Major,18wi,Tatlock,Zach Tatlock,Computer Science,3.1,3.8,29,56.0,unique,https://www.ratemyprofessors.com/professor/2018829
CSE341,Programming Languages,Undergraduate Major,19au,Mullen,,,,,,,not_found,
CSE341,Programming Languages,Undergraduate Major,19sp,Grossman,Daniel Grossman,Computer Engineering,4.5,2.8,31,90.0,unique,https://www.ratemyprofessors.com/professor/1519085
CSE341,Programming Languages,Undergraduate Major,19su,Wortzman,Brett Wortzman,Computer Science,4.6,3.2,119,96.6102,unique,https://www.ratemyprofessors.com/professor/1611914
CSE341,Programming Languages,Undergraduate Major,19wi,Tatlock,Zach Tatlock,Computer Science,3.1,3.8,29,56.0,unique,https://www.ratemyprofessors.com/professor/2018829
CSE341,Programming Languages,Undergraduate Major,20au,Wilcox,James Wilcox,Computer Science,3.9,2.8,65,74.6269,unique,https://www.ratemyprofessors.com/professor/2238670
CSE341,Programming Languages,Undergraduate Major,20sp,Wortzman,Brett Wortzman,Computer Science,4.6,3.2,119,96.6102,unique,https://www.ratemyprofessors.com/professor/1611914
CSE341,Programming Languages,Undergraduate Major,20wi,Tatlock,Zach Tatlock,Computer Science,3.1,3.8,29,56.0,unique,https://www.ratemyprofessors.com/professor/2018829
CSE341,Programming Languages,Undergraduate Major,21au,Wilcox,James Wilcox,Computer Science,3.9,2.8,65,74.6269,unique,https://www.ratemyprofessors.com/professor/2238670
CSE341,Programming Languages,Undergraduate Major,21sp,Grossman,Daniel Grossman,Computer Engineering,4.5,2.8,31,90.0,unique,https://www.ratemyprofessors.com/professor/1519085
CSE341,Programming Languages,Undergraduate Major,21wi,Tatlock,Zach Tatlock,Computer Science,3.1,3.8,29,56.0,unique,https://www.ratemyprofessors.com/professor/2018829
CSE341,Programming Languages,Undergraduate Major,22au,Tatlock,Zach Tatlock,Computer Science,3.1,3.8,29,56.0,unique,https://www.ratemyprofessors.com/professor/2018829
CSE341,Programming Languages,Undergraduate Major,22sp,Wilcox,James Wilcox,Computer Science,3.9,2.8,65,74.6269,unique,https://www.ratemyprofessors.com/professor/2238670
CSE341,Programming Languages,Undergraduate Major,22wi,Grossman,Daniel Grossman,Computer Engineering,4.5,2.8,31,90.0,unique,https://www.ratemyprofessors.com/professor/1519085
CSE341,Programming Languages,Undergraduate Major,23au,Wilcox,James Wilcox,Computer Science,3.9,2.8,65,74.6269,unique,https://www.ratemyprofessors.com/professor/2238670
CSE341,Programming Languages,Undergraduate Major,23sp,Grossman,Daniel Grossman,Computer Engineering,4.5,2.8,31,90.0,unique,https://www.ratemyprofessors.com/professor/1519085
CSE341,Programming Languages,Undergraduate Major,23wi,Grossman,Daniel Grossman,Computer Engineering,4.5,2.8,31,90.0,unique,https://www.ratemyprofessors.com/professor/1519085
CSE341,Programming Languages,Undergraduate Major,24au,Tatlock,Zach Tatlock,Computer Science,3.1,3.8,29,56.0,unique,https://www.ratemyprofessors.com/professor/2018829
CSE341,Programming Languages,Undergraduate Major,24sp,Reges,Stuart Reges,Computer Science,3.8,3.5,262,67.5,unique,https://www.ratemyprofessors.com/professor/498702
CSE341,Programming Languages,Undergraduate Major,25su,Pal,,,,,,,no_cs_match,
CSE341,Programming Languages,Undergraduate Major,25wi,Reges,Stuart Reges,Computer Science,3.8,3.5,262,67.5,unique,https://www.ratemyprofessors.com/professor/498702
CSE341,Programming Languages,Undergraduate Major,26sp,Reges,Stuart Reges,Computer Science,3.8,3.5,262,67.5,unique,https://www.ratemyprofessors.com/professor/498702
CSE341,Programming Languages,Undergraduate Major,26su,Wortzman,Brett Wortzman,Computer Science,4.6,3.2,119,96.6102,unique,https://www.ratemyprofessors.com/professor/1611914
CSE341,Programming Languages,Undergraduate Major,26wi,Reges,Stuart Reges,Computer Science,3.8,3.5,262,67.5,unique,https://www.ratemyprofessors.com/professor/498702
CSE341,Programming Languages,Undergraduate Major,94au,Tanimoto,Steve Tanimoto,Computer Science,2.1,3.6,52,32.3529,unique,https://www.ratemyprofessors.com/professor/1221897
CSE341,Programming Languages,Undergraduate Major,95au,Borning,Alan Borning,Computer Science,3.9,2.1,9,-1.0,unique,https://www.ratemyprofessors.com/professor/514712
CSE341,Programming Languages,Undergraduate Major,97au,Anderson,Ruth Anderson,Computer Science,3.9,3.3,57,74.4186,ambiguous,https://www.ratemyprofessors.com/professor/1356337
CSE341,Programming Languages,Undergraduate Major,97sp,Anderson,Ruth Anderson,Computer Science,3.9,3.3,57,74.4186,ambiguous,https://www.ratemyprofessors.com/professor/1356337
CSE341,Programming Languages,Undergraduate Major,97wi,Notkin,,,,,,,not_found,
CSE341,Programming Languages,Undergraduate Major,98au,Borning,Alan Borning,Computer Science,3.9,2.1,9,-1.0,unique,https://www.ratemyprofessors.com/professor/514712
CSE341,Programming Languages,Undergraduate Major,98sp,Borning,Alan Borning,Computer Science,3.9,2.1,9,-1.0,unique,https://www.ratemyprofessors.com/professor/514712
CSE341,Programming Languages,Undergraduate Major,98wi,Shapiro,Linda Shapiro,Computer Science,1.8,3.3,16,18.1818,ambiguous,https://www.ratemyprofessors.com/professor/1367910
CSE341,Programming Languages,Undergraduate Major,99au,Hartline,,,,,,,not_found,
CSE341,Programming Languages,Undergraduate Major,99sp,Tanimoto,Steve Tanimoto,Computer Science,2.1,3.6,52,32.3529,unique,https://www.ratemyprofessors.com/professor/1221897
CSE341,Programming Languages,Undergraduate Major,99wi,Perkins,Hal Perkins,Computer Science,3.8,3.2,75,76.087,cs-dept,https://www.ratemyprofessors.com/professor/319091
CSE344,Introduction to Data Management,Undergraduate Major,23au,Tang,Hannah Tang,Computer Science,2.2,3.5,66,27.2727,cs-dept,https://www.ratemyprofessors.com/professor/2549408
CSE344,Introduction to Data Management,Undergraduate Major,23su,Maas,Ryan Maas,Engineering,4.8,2.7,34,100.0,unique,https://www.ratemyprofessors.com/professor/2631702
CSE344,Introduction to Data Management,Undergraduate Major,24au,Suciu,Dan Suciu,Computer Science,2.4,4.2,29,36.6667,unique,https://www.ratemyprofessors.com/professor/2412766
CSE344,Introduction to Data Management,Undergraduate Major,24sp,Fetsch,,,,,,,not_found,
CSE344,Introduction to Data Management,Undergraduate Major,24su,Ji,,,,,,,not_found,
CSE344,Introduction to Data Management,Undergraduate Major,24wi,Chmielewski,Eden Chmielewski,Computer Science,0.0,0.0,0,-1.0,unique,https://www.ratemyprofessors.com/professor/3026186
CSE344,Introduction to Data Management,Undergraduate Major,25au,Tang,Hannah Tang,Computer Science,2.2,3.5,66,27.2727,cs-dept,https://www.ratemyprofessors.com/professor/2549408
CSE344,Introduction to Data Management,Undergraduate Major,25sp,Tang,Hannah Tang,Computer Science,2.2,3.5,66,27.2727,cs-dept,https://www.ratemyprofessors.com/professor/2549408
CSE344,Introduction to Data Management,Undergraduate Major,25su,Ganapathi,,,,,,,not_found,
CSE344,Introduction to Data Management,Undergraduate Major,25wi,Wilcox,James Wilcox,Computer Science,3.9,2.8,65,74.6269,unique,https://www.ratemyprofessors.com/professor/2238670
CSE344,Introduction to Data Management,Undergraduate Major,26sp,Suciu,Dan Suciu,Computer Science,2.4,4.2,29,36.6667,unique,https://www.ratemyprofessors.com/professor/2412766
CSE344,Introduction to Data Management,Undergraduate Major,26su,Kuznetsova,,,,,,,not_found,
CSE344,Introduction to Data Management,Undergraduate Major,26wi,Tang,Hannah Tang,Computer Science,2.2,3.5,66,27.2727,cs-dept,https://www.ratemyprofessors.com/professor/2549408
CSE351,The Hardware/Software Interface,Undergraduate Major,22au,Hsia,Justin Hsia,Computer Science,3.9,3.9,44,77.2727,unique,https://www.ratemyprofessors.com/professor/2196563
CSE351,The Hardware/Software Interface,Undergraduate Major,22su,Dowling,,,,,,,not_found,
CSE351,The Hardware/Software Interface,Undergraduate Major,23au,Hsia,Justin Hsia,Computer Science,3.9,3.9,44,77.2727,unique,https://www.ratemyprofessors.com/professor/2196563
CSE351,The Hardware/Software Interface,Undergraduate Major,23sp,Garza,Elba Garza,Computer Science,3.7,2.9,74,72.0,unique,https://www.ratemyprofessors.com/professor/2836919
CSE351,The Hardware/Software Interface,Undergraduate Major,23su,Mohammed,Aman Mohammed,Computer Engineering,5.0,2.0,2,100.0,unique,https://www.ratemyprofessors.com/professor/2927164
CSE351,The Hardware/Software Interface,Undergraduate Major,23wi,Wolfson,Sam Wolfson,Computer Science,0.0,0.0,0,-1.0,unique,https://www.ratemyprofessors.com/professor/2871708
CSE351,The Hardware/Software Interface,Undergraduate Major,24au,Anderson,Ruth Anderson,Computer Science,3.9,3.3,57,74.4186,ambiguous,https://www.ratemyprofessors.com/professor/1356337
CSE351,The Hardware/Software Interface,Undergraduate Major,24sp,Garza,Elba Garza,Computer Science,3.7,2.9,74,72.0,unique,https://www.ratemyprofessors.com/professor/2836919
CSE351,The Hardware/Software Interface,Undergraduate Major,24su,Haker,,,,,,,not_found,
CSE351,The Hardware/Software Interface,Undergraduate Major,24wi,Hsia,Justin Hsia,Computer Science,3.9,3.9,44,77.2727,unique,https://www.ratemyprofessors.com/professor/2196563
CSE351,The Hardware/Software Interface,Undergraduate Major,25au,Hsia,Justin Hsia,Computer Science,3.9,3.9,44,77.2727,unique,https://www.ratemyprofessors.com/professor/2196563
CSE351,The Hardware/Software Interface,Undergraduate Major,25au,Hu,Jingwei Hu,Mathematics,3.2,3.8,5,60.0,unique,https://www.ratemyprofessors.com/professor/2893138
CSE351,The Hardware/Software Interface,Undergraduate Major,25sp,Anderson,Ruth Anderson,Computer Science,3.9,3.3,57,74.4186,ambiguous,https://www.ratemyprofessors.com/professor/1356337
CSE351,The Hardware/Software Interface,Undergraduate Major,25su,Michael,Ellis Michael,Computer Science,0.0,0.0,0,-1.0,unique,https://www.ratemyprofessors.com/professor/2499380
CSE351,The Hardware/Software Interface,Undergraduate Major,25wi,Tang,Hannah Tang,Computer Science,2.2,3.5,66,27.2727,cs-dept,https://www.ratemyprofessors.com/professor/2549408
CSE351,The Hardware/Software Interface,Undergraduate Major,26sp,Anderson,Ruth Anderson,Computer Science,3.9,3.3,57,74.4186,ambiguous,https://www.ratemyprofessors.com/professor/1356337
CSE351,The Hardware/Software Interface,Undergraduate Major,26su,Amiel,,,,,,,not_found,
CSE351,The Hardware/Software Interface,Undergraduate Major,26wi,Garza,Elba Garza,Computer Science,3.7,2.9,74,72.0,unique,https://www.ratemyprofessors.com/professor/2836919
CSE369,Introduction to Digital Design,Undergraduate Major,15au,Seelig,Georg Seelig,Engineering,3.1,3.1,8,60.0,unique,https://www.ratemyprofessors.com/professor/1808148
CSE369,Introduction to Digital Design,Undergraduate Major,16au,Hsia,Justin Hsia,Computer Science,3.9,3.9,44,77.2727,unique,https://www.ratemyprofessors.com/professor/2196563
CSE369,Introduction to Digital Design,Undergraduate Major,16sp,Seelig,Georg Seelig,Engineering,3.1,3.1,8,60.0,unique,https://www.ratemyprofessors.com/professor/1808148
CSE369,Introduction to Digital Design,Undergraduate Major,16wi,Seelig,Georg Seelig,Engineering,3.1,3.1,8,60.0,unique,https://www.ratemyprofessors.com/professor/1808148
CSE369,Introduction to Digital Design,Undergraduate Major,17sp,Hsia,Justin Hsia,Computer Science,3.9,3.9,44,77.2727,unique,https://www.ratemyprofessors.com/professor/2196563
CSE369,Introduction to Digital Design,Undergraduate Major,17wi,Hsia,Justin Hsia,Computer Science,3.9,3.9,44,77.2727,unique,https://www.ratemyprofessors.com/professor/2196563
CSE369,Introduction to Digital Design,Undergraduate Major,18sp,Hsia,Justin Hsia,Computer Science,3.9,3.9,44,77.2727,unique,https://www.ratemyprofessors.com/professor/2196563
CSE369,Introduction to Digital Design,Undergraduate Major,18wi,Hsia,Justin Hsia,Computer Science,3.9,3.9,44,77.2727,unique,https://www.ratemyprofessors.com/professor/2196563
CSE369,Introduction to Digital Design,Undergraduate Major,19sp,Hsia,Justin Hsia,Computer Science,3.9,3.9,44,77.2727,unique,https://www.ratemyprofessors.com/professor/2196563
CSE369,Introduction to Digital Design,Undergraduate Major,19wi,Hsia,Justin Hsia,Computer Science,3.9,3.9,44,77.2727,unique,https://www.ratemyprofessors.com/professor/2196563
CSE369,Introduction to Digital Design,Undergraduate Major,20au,Hsia,Justin Hsia,Computer Science,3.9,3.9,44,77.2727,unique,https://www.ratemyprofessors.com/professor/2196563
CSE369,Introduction to Digital Design,Undergraduate Major,20sp,Larson,,,,,,,no_cs_match,
CSE369,Introduction to Digital Design,Undergraduate Major,20wi,Hsia,Justin Hsia,Computer Science,3.9,3.9,44,77.2727,unique,https://www.ratemyprofessors.com/professor/2196563
CSE369,Introduction to Digital Design,Undergraduate Major,21sp,Larson,,,,,,,no_cs_match,
CSE369,Introduction to Digital Design,Undergraduate Major,22sp,Wyse,Mark Wyse,Computer Science,3.0,3.0,1,0.0,unique,https://www.ratemyprofessors.com/professor/2353536
CSE369,Introduction to Digital Design,Undergraduate Major,22wi,Hsia,Justin Hsia,Computer Science,3.9,3.9,44,77.2727,unique,https://www.ratemyprofessors.com/professor/2196563
CSE369,Introduction to Digital Design,Undergraduate Major,23sp,Hsia,Justin Hsia,Computer Science,3.9,3.9,44,77.2727,unique,https://www.ratemyprofessors.com/professor/2196563
CSE369,Introduction to Digital Design,Undergraduate Major,23wi,Thachuk,Christopher Thachuk,Computer Science,4.2,3.5,6,100.0,unique,https://www.ratemyprofessors.com/professor/2749955
CSE369,Introduction to Digital Design,Undergraduate Major,24au,Thachuk,Christopher Thachuk,Computer Science,4.2,3.5,6,100.0,unique,https://www.ratemyprofessors.com/professor/2749955
CSE369,Introduction to Digital Design,Undergraduate Major,24sp,Hsia,Justin Hsia,Computer Science,3.9,3.9,44,77.2727,unique,https://www.ratemyprofessors.com/professor/2196563
CSE369,Introduction to Digital Design,Undergraduate Major,24wi,Hsia,Justin Hsia,Computer Science,3.9,3.9,44,77.2727,unique,https://www.ratemyprofessors.com/professor/2196563
CSE369,Introduction to Digital Design,Undergraduate Major,25wi,Thachuk,Christopher Thachuk,Computer Science,4.2,3.5,6,100.0,unique,https://www.ratemyprofessors.com/professor/2749955
CSE369,Introduction to Digital Design,Undergraduate Major,26sp,Alterman,Naomi Alterman,Computer Science,3.7,3.4,16,76.4706,unique,https://www.ratemyprofessors.com/professor/3135080
CSE369,Introduction to Digital Design,Undergraduate Major,26wi,Alterman,Naomi Alterman,Computer Science,3.7,3.4,16,76.4706,unique,https://www.ratemyprofessors.com/professor/3135080
CSE371,Design of Digital Circuits and Systems,Undergraduate Major,17sp,Smith,Noah Smith,Computer Science,3.3,3.3,4,50.0,ambiguous,https://www.ratemyprofessors.com/professor/2284812
CSE371,Design of Digital Circuits and Systems,Undergraduate Major,18sp,Smith,Noah Smith,Computer Science,3.3,3.3,4,50.0,ambiguous,https://www.ratemyprofessors.com/professor/2284812
CSE371,Design of Digital Circuits and Systems,Undergraduate Major,20sp,Hsia,Justin Hsia,Computer Science,3.9,3.9,44,77.2727,unique,https://www.ratemyprofessors.com/professor/2196563
CSE371,Design of Digital Circuits and Systems,Undergraduate Major,21wi,Hsia,Justin Hsia,Computer Science,3.9,3.9,44,77.2727,unique,https://www.ratemyprofessors.com/professor/2196563
CSE371,Design of Digital Circuits and Systems,Undergraduate Major,22sp,Hsia,Justin Hsia,Computer Science,3.9,3.9,44,77.2727,unique,https://www.ratemyprofessors.com/professor/2196563
CSE371,Design of Digital Circuits and Systems,Undergraduate Major,23sp,Hsia,Justin Hsia,Computer Science,3.9,3.9,44,77.2727,unique,https://www.ratemyprofessors.com/professor/2196563
CSE371,Design of Digital Circuits and Systems,Undergraduate Major,24sp,Hsia,Justin Hsia,Computer Science,3.9,3.9,44,77.2727,unique,https://www.ratemyprofessors.com/professor/2196563
CSE371,Design of Digital Circuits and Systems,Undergraduate Major,25sp,Iyer,,,,,,,not_found,
CSE371,Design of Digital Circuits and Systems,Undergraduate Major,26sp,Hsia,Justin Hsia,Computer Science,3.9,3.9,44,77.2727,unique,https://www.ratemyprofessors.com/professor/2196563
CSE390Z,Mathematics for Computation Workshop,Undergraduate Major,25au,Elkin,,,,,,,not_found,
CSE390Z,Mathematics for Computation Workshop,Undergraduate Major,25sp,Dillon,,,,,,,not_found,
CSE390Z,Mathematics for Computation Workshop,Undergraduate Major,25sp,Weber,Robbie Weber,Computer Science,4.7,3.5,54,96.2963,cs-dept,https://www.ratemyprofessors.com/professor/2631453
CSE390Z,Mathematics for Computation Workshop,Undergraduate Major,25wi,Dillon,,,,,,,not_found,
CSE390Z,Mathematics for Computation Workshop,Undergraduate Major,26sp,Weber,Robbie Weber,Computer Science,4.7,3.5,54,96.2963,cs-dept,https://www.ratemyprofessors.com/professor/2631453
CSE390Z,Mathematics for Computation Workshop,Undergraduate Major,26wi,Elkin,,,,,,,not_found,
CSE390Z,Mathematics for Computation Workshop,Undergraduate Major,26wi,Weber,Robbie Weber,Computer Science,4.7,3.5,54,96.2963,cs-dept,https://www.ratemyprofessors.com/professor/2631453
CSE391,System and Software Tools,Undergraduate Major,24au,Salguero,Adrian Salguero,Computer Science,5.0,2.8,4,100.0,unique,https://www.ratemyprofessors.com/professor/3076738
CSE391,System and Software Tools,Undergraduate Major,24sp,Wortzman,Brett Wortzman,Computer Science,4.6,3.2,119,96.6102,unique,https://www.ratemyprofessors.com/professor/1611914
CSE391,System and Software Tools,Undergraduate Major,24su,Wang,Matt Wang,Computer Science,4.1,2.7,37,73.6842,ambiguous,https://www.ratemyprofessors.com/professor/3018170
CSE391,System and Software Tools,Undergraduate Major,24wi,Wang,Matt Wang,Computer Science,4.1,2.7,37,73.6842,ambiguous,https://www.ratemyprofessors.com/professor/3018170
CSE391,System and Software Tools,Undergraduate Major,25au,Anderson,Ruth Anderson,Computer Science,3.9,3.3,57,74.4186,ambiguous,https://www.ratemyprofessors.com/professor/1356337
CSE391,System and Software Tools,Undergraduate Major,25sp,Garza,Elba Garza,Computer Science,3.7,2.9,74,72.0,unique,https://www.ratemyprofessors.com/professor/2836919
CSE391,System and Software Tools,Undergraduate Major,25su,Salguero,Adrian Salguero,Computer Science,5.0,2.8,4,100.0,unique,https://www.ratemyprofessors.com/professor/3076738
CSE391,System and Software Tools,Undergraduate Major,25wi,Lin,Kevin Lin,Computer Science,1.8,3.5,215,18.9815,cs-dept,https://www.ratemyprofessors.com/professor/2574020
CSE391,System and Software Tools,Undergraduate Major,26sp,Weichert,,,,,,,not_found,
CSE391,System and Software Tools,Undergraduate Major,26su,Weichert,,,,,,,not_found,
CSE391,System and Software Tools,Undergraduate Major,26wi,Anderson,Ruth Anderson,Computer Science,3.9,3.3,57,74.4186,ambiguous,https://www.ratemyprofessors.com/professor/1356337
CSE394,Introduction to Research in Computer Science and Engineering,Undergraduate Major,25au,Battle,Leilani Battle,Computer Science,4.0,2.5,2,50.0,unique,https://www.ratemyprofessors.com/professor/3038548
CSE401,Introduction to Compiler Construction,Undergraduate Major,21au,Perkins,Hal Perkins,Computer Science,3.8,3.2,75,76.087,cs-dept,https://www.ratemyprofessors.com/professor/319091
CSE401,Introduction to Compiler Construction,Undergraduate Major,21sp,Perkins,Hal Perkins,Computer Science,3.8,3.2,75,76.087,cs-dept,https://www.ratemyprofessors.com/professor/319091
CSE401,Introduction to Compiler Construction,Undergraduate Major,22au,Perkins,Hal Perkins,Computer Science,3.8,3.2,75,76.087,cs-dept,https://www.ratemyprofessors.com/professor/319091
CSE401,Introduction to Compiler Construction,Undergraduate Major,22sp,Ruzzo,Walter Ruzzo,Computer Science,4.8,3.6,11,100.0,unique,https://www.ratemyprofessors.com/professor/1860792
CSE401,Introduction to Compiler Construction,Undergraduate Major,23au,Perkins,Hal Perkins,Computer Science,3.8,3.2,75,76.087,cs-dept,https://www.ratemyprofessors.com/professor/319091
CSE401,Introduction to Compiler Construction,Undergraduate Major,23sp,Perkins,Hal Perkins,Computer Science,3.8,3.2,75,76.087,cs-dept,https://www.ratemyprofessors.com/professor/319091
CSE401,Introduction to Compiler Construction,Undergraduate Major,24au,Perkins,Hal Perkins,Computer Science,3.8,3.2,75,76.087,cs-dept,https://www.ratemyprofessors.com/professor/319091
CSE401,Introduction to Compiler Construction,Undergraduate Major,24sp,Perkins,Hal Perkins,Computer Science,3.8,3.2,75,76.087,cs-dept,https://www.ratemyprofessors.com/professor/319091
CSE401,Introduction to Compiler Construction,Undergraduate Major,25au,Perkins,Hal Perkins,Computer Science,3.8,3.2,75,76.087,cs-dept,https://www.ratemyprofessors.com/professor/319091
CSE401,Introduction to Compiler Construction,Undergraduate Major,25sp,Bernstein,Gilbert Bernstein,Computer Science,1.0,4.5,2,33.3333,unique,https://www.ratemyprofessors.com/professor/2985306
CSE401,Introduction to Compiler Construction,Undergraduate Major,26sp,Bernstein,Gilbert Bernstein,Computer Science,1.0,4.5,2,33.3333,unique,https://www.ratemyprofessors.com/professor/2985306
CSE402,Design and Implementation of Domain-Specific Languages,Undergraduate Major,19sp,Bodik,,,,,,,not_found,
CSE402,Design and Implementation of Domain-Specific Languages,Undergraduate Major,20wi,Bodik,,,,,,,not_found,
CSE403,Software Engineering,Undergraduate Major,21sp,Just,,,,,,,not_found,
CSE403,Software Engineering,Undergraduate Major,22sp,Just,,,,,,,not_found,
CSE403,Software Engineering,Undergraduate Major,23au,Alverson,,,,,,,not_found,
CSE403,Software Engineering,Undergraduate Major,23sp,Abilio Oliveira,Nigini Oliveira,Information Science,2.6,2.6,7,42.8571,unique,https://www.ratemyprofessors.com/professor/2435546
CSE403,Software Engineering,Undergraduate Major,23wi,Just,,,,,,,not_found,
CSE403,Software Engineering,Undergraduate Major,24au,Ernst,Michael Ernst,Computer Science,2.8,3.5,14,33.3333,cs-dept,https://www.ratemyprofessors.com/professor/1805220
CSE403,Software Engineering,Undergraduate Major,24wi,Ernst,Michael Ernst,Computer Science,2.8,3.5,14,33.3333,cs-dept,https://www.ratemyprofessors.com/professor/1805220
CSE403,Software Engineering,Undergraduate Major,25au,Ernst,Michael Ernst,Computer Science,2.8,3.5,14,33.3333,cs-dept,https://www.ratemyprofessors.com/professor/1805220
CSE403,Software Engineering,Undergraduate Major,25sp,Just,,,,,,,not_found,
CSE403,Software Engineering,Undergraduate Major,25wi,Alverson,,,,,,,not_found,
CSE403,Software Engineering,Undergraduate Major,26wi,Alverson,,,,,,,not_found,
CSE421,Introduction to Algorithms,Undergraduate Major,23au,Beame,Paul Beame,Computer Science,2.6,3.8,20,38.4615,unique,https://www.ratemyprofessors.com/professor/1817030
CSE421,Introduction to Algorithms,Undergraduate Major,23sp,Rao,Anup Rao,Computer Science,4.3,4.0,7,85.7143,ambiguous,https://www.ratemyprofessors.com/professor/2397281
CSE421,Introduction to Algorithms,Undergraduate Major,23wi,Weber,Robbie Weber,Computer Science,4.7,3.5,54,96.2963,cs-dept,https://www.ratemyprofessors.com/professor/2631453
CSE421,Introduction to Algorithms,Undergraduate Major,24au,Beame,Paul Beame,Computer Science,2.6,3.8,20,38.4615,unique,https://www.ratemyprofessors.com/professor/1817030
CSE421,Introduction to Algorithms,Undergraduate Major,24sp,Oveis Gharan,,,,,,,not_found,
CSE421,Introduction to Algorithms,Undergraduate Major,24wi,Anderson,Ruth Anderson,Computer Science,3.9,3.3,57,74.4186,ambiguous,https://www.ratemyprofessors.com/professor/1356337
CSE421,Introduction to Algorithms,Undergraduate Major,25au,Coladangelo,Andrea Coladangelo,Computer Science,5.0,4.5,2,100.0,unique,https://www.ratemyprofessors.com/professor/3156476
CSE421,Introduction to Algorithms,Undergraduate Major,25sp,Nirkhe,Chinmay Nirkhe,Computer Science,3.1,4.7,23,43.4783,unique,https://www.ratemyprofessors.com/professor/3097457
CSE421,Introduction to Algorithms,Undergraduate Major,25wi,Brunelle,Nathan Brunelle,Computer Science,4.3,2.9,31,90.625,unique,https://www.ratemyprofessors.com/professor/2958916
CSE421,Introduction to Algorithms,Undergraduate Major,26sp,Weber,Robbie Weber,Computer Science,4.7,3.5,54,96.2963,cs-dept,https://www.ratemyprofessors.com/professor/2631453
CSE421,Introduction to Algorithms,Undergraduate Major,26wi,Nirkhe,Chinmay Nirkhe,Computer Science,3.1,4.7,23,43.4783,unique,https://www.ratemyprofessors.com/professor/3097457
CSE422,Advanced Toolkit for Modern Algorithms,Undergraduate Major,21wi,Lee,Michael Lee,Computer Science,5.0,4.5,2,100.0,cs-dept,https://www.ratemyprofessors.com/professor/2350741
CSE422,Advanced Toolkit for Modern Algorithms,Undergraduate Major,22sp,Lee,Michael Lee,Computer Science,5.0,4.5,2,100.0,cs-dept,https://www.ratemyprofessors.com/professor/2350741
CSE422,Advanced Toolkit for Modern Algorithms,Undergraduate Major,23sp,Lee,Michael Lee,Computer Science,5.0,4.5,2,100.0,cs-dept,https://www.ratemyprofessors.com/professor/2350741
CSE422,Advanced Toolkit for Modern Algorithms,Undergraduate Major,24wi,Lee,Michael Lee,Computer Science,5.0,4.5,2,100.0,cs-dept,https://www.ratemyprofessors.com/professor/2350741
CSE422,Advanced Toolkit for Modern Algorithms,Undergraduate Major,25wi,Li,,,,,,,no_cs_match,
CSE422,Advanced Toolkit for Modern Algorithms,Undergraduate Major,26wi,Li,,,,,,,no_cs_match,
CSE426,Cryptography,Undergraduate Major,23au,Tessaro,Stefano Tessaro,Computer Science,3.7,4.7,7,57.1429,unique,https://www.ratemyprofessors.com/professor/2552865
CSE426,Cryptography,Undergraduate Major,25au,Tessaro,Stefano Tessaro,Computer Science,3.7,4.7,7,57.1429,unique,https://www.ratemyprofessors.com/professor/2552865
CSE426,Cryptography,Undergraduate Major,25wi,Lin,Kevin Lin,Computer Science,1.8,3.5,215,18.9815,cs-dept,https://www.ratemyprofessors.com/professor/2574020
CSE427,Computational Biology,Undergraduate Major,18au,Ruzzo,Walter Ruzzo,Computer Science,4.8,3.6,11,100.0,unique,https://www.ratemyprofessors.com/professor/1860792
CSE427,Computational Biology,Undergraduate Major,20wi,Lee,Michael Lee,Computer Science,5.0,4.5,2,100.0,cs-dept,https://www.ratemyprofessors.com/professor/2350741
CSE427,Computational Biology,Undergraduate Major,21au,Ruzzo,Walter Ruzzo,Computer Science,4.8,3.6,11,100.0,unique,https://www.ratemyprofessors.com/professor/1860792
CSE427,Computational Biology,Undergraduate Major,21sp,Wang,Matt Wang,Computer Science,4.1,2.7,37,73.6842,ambiguous,https://www.ratemyprofessors.com/professor/3018170
CSE427,Computational Biology,Undergraduate Major,21wi,Ruzzo,Walter Ruzzo,Computer Science,4.8,3.6,11,100.0,unique,https://www.ratemyprofessors.com/professor/1860792
CSE427,Computational Biology,Undergraduate Major,22wi,Wang,Matt Wang,Computer Science,4.1,2.7,37,73.6842,ambiguous,https://www.ratemyprofessors.com/professor/3018170
CSE427,Computational Biology,Undergraduate Major,23au,Mostafavi,,,,,,,not_found,
CSE427,Computational Biology,Undergraduate Major,23wi,Mostafavi,,,,,,,not_found,
CSE427,Computational Biology,Undergraduate Major,24au,Wang,Matt Wang,Computer Science,4.1,2.7,37,73.6842,ambiguous,https://www.ratemyprofessors.com/professor/3018170
CSE427,Computational Biology,Undergraduate Major,24wi,Wang,Matt Wang,Computer Science,4.1,2.7,37,73.6842,ambiguous,https://www.ratemyprofessors.com/professor/3018170
CSE427,Computational Biology,Undergraduate Major,25au,Wang,Matt Wang,Computer Science,4.1,2.7,37,73.6842,ambiguous,https://www.ratemyprofessors.com/professor/3018170
CSE428,Computational Biology Capstone,Undergraduate Major,09sp,Tompa,Martin Tompa,Computer Science,4.5,2.7,13,66.6667,unique,https://www.ratemyprofessors.com/professor/194652
CSE428,Computational Biology Capstone,Undergraduate Major,11sp,Tompa,Martin Tompa,Computer Science,4.5,2.7,13,66.6667,unique,https://www.ratemyprofessors.com/professor/194652
CSE428,Computational Biology Capstone,Undergraduate Major,12sp,Ruzzo,Walter Ruzzo,Computer Science,4.8,3.6,11,100.0,unique,https://www.ratemyprofessors.com/professor/1860792
CSE428,Computational Biology Capstone,Undergraduate Major,16wi,Ruzzo,Walter Ruzzo,Computer Science,4.8,3.6,11,100.0,unique,https://www.ratemyprofessors.com/professor/1860792
CSE428,Computational Biology Capstone,Undergraduate Major,18sp,Ruzzo,Walter Ruzzo,Computer Science,4.8,3.6,11,100.0,unique,https://www.ratemyprofessors.com/professor/1860792
CSE428,Computational Biology Capstone,Undergraduate Major,19sp,Ruzzo,Walter Ruzzo,Computer Science,4.8,3.6,11,100.0,unique,https://www.ratemyprofessors.com/professor/1860792
CSE428,Computational Biology Capstone,Undergraduate Major,21sp,Ruzzo,Walter Ruzzo,Computer Science,4.8,3.6,11,100.0,unique,https://www.ratemyprofessors.com/professor/1860792
CSE428,Computational Biology Capstone,Undergraduate Major,22sp,Mostafavi,,,,,,,not_found,
CSE428,Computational Biology Capstone,Undergraduate Major,23sp,Wang,Matt Wang,Computer Science,4.1,2.7,37,73.6842,ambiguous,https://www.ratemyprofessors.com/professor/3018170
CSE428,Computational Biology Capstone,Undergraduate Major,24sp,Wang,Matt Wang,Computer Science,4.1,2.7,37,73.6842,ambiguous,https://www.ratemyprofessors.com/professor/3018170
CSE428,Computational Biology Capstone,Undergraduate Major,25sp,Wang,Matt Wang,Computer Science,4.1,2.7,37,73.6842,ambiguous,https://www.ratemyprofessors.com/professor/3018170
CSE428,Computational Biology Capstone,Undergraduate Major,26sp,Wang,Matt Wang,Computer Science,4.1,2.7,37,73.6842,ambiguous,https://www.ratemyprofessors.com/professor/3018170
CSE431,Introduction to Theory of Computation,Undergraduate Major,14sp,Lee,Michael Lee,Computer Science,5.0,4.5,2,100.0,cs-dept,https://www.ratemyprofessors.com/professor/2350741
CSE431,Introduction to Theory of Computation,Undergraduate Major,15sp,Beame,Paul Beame,Computer Science,2.6,3.8,20,38.4615,unique,https://www.ratemyprofessors.com/professor/1817030
CSE431,Introduction to Theory of Computation,Undergraduate Major,16sp,Rao,Anup Rao,Computer Science,4.3,4.0,7,85.7143,ambiguous,https://www.ratemyprofessors.com/professor/2397281
CSE431,Introduction to Theory of Computation,Undergraduate Major,17sp,Beame,Paul Beame,Computer Science,2.6,3.8,20,38.4615,unique,https://www.ratemyprofessors.com/professor/1817030
CSE431,Introduction to Theory of Computation,Undergraduate Major,18au,Rao,Anup Rao,Computer Science,4.3,4.0,7,85.7143,ambiguous,https://www.ratemyprofessors.com/professor/2397281
CSE431,Introduction to Theory of Computation,Undergraduate Major,18wi,Lee,Michael Lee,Computer Science,5.0,4.5,2,100.0,cs-dept,https://www.ratemyprofessors.com/professor/2350741
CSE431,Introduction to Theory of Computation,Undergraduate Major,19au,Beame,Paul Beame,Computer Science,2.6,3.8,20,38.4615,unique,https://www.ratemyprofessors.com/professor/1817030
CSE431,Introduction to Theory of Computation,Undergraduate Major,21sp,Rao,Anup Rao,Computer Science,4.3,4.0,7,85.7143,ambiguous,https://www.ratemyprofessors.com/professor/2397281
CSE431,Introduction to Theory of Computation,Undergraduate Major,22wi,Beame,Paul Beame,Computer Science,2.6,3.8,20,38.4615,unique,https://www.ratemyprofessors.com/professor/1817030
CSE431,Introduction to Theory of Computation,Undergraduate Major,23wi,Rao,Anup Rao,Computer Science,4.3,4.0,7,85.7143,ambiguous,https://www.ratemyprofessors.com/professor/2397281
CSE431,Introduction to Theory of Computation,Undergraduate Major,24sp,Rao,Anup Rao,Computer Science,4.3,4.0,7,85.7143,ambiguous,https://www.ratemyprofessors.com/professor/2397281
CSE431,Introduction to Theory of Computation,Undergraduate Major,25au,Bafna,,,,,,,not_found,
CSE431,Introduction to Theory of Computation,Undergraduate Major,25wi,Beame,Paul Beame,Computer Science,2.6,3.8,20,38.4615,unique,https://www.ratemyprofessors.com/professor/1817030
CSE434,Introduction to Quantum Computation,Undergraduate Major,25sp,Coladangelo,Andrea Coladangelo,Computer Science,5.0,4.5,2,100.0,unique,https://www.ratemyprofessors.com/professor/3156476
CSE434,Introduction to Quantum Computation,Undergraduate Major,26sp,Coladangelo,Andrea Coladangelo,Computer Science,5.0,4.5,2,100.0,unique,https://www.ratemyprofessors.com/professor/3156476
CSE438,Computational Neuroscience,Undergraduate Major,26sp,Rao,Anup Rao,Computer Science,4.3,4.0,7,85.7143,ambiguous,https://www.ratemyprofessors.com/professor/2397281
CSE440,"Introduction to HCI: User Interface Design, Prototyping, and Evaluation",Undergraduate Major,23au,Zhang,,,,,,,no_cs_match,
CSE440,"Introduction to HCI: User Interface Design, Prototyping, and Evaluation",Undergraduate Major,23sp,Ichikawa,,,,,,,not_found,
CSE440,"Introduction to HCI: User Interface Design, Prototyping, and Evaluation",Undergraduate Major,23wi,Fogarty,James Fogarty,Computer Science,4.8,2.6,11,100.0,unique,https://www.ratemyprofessors.com/professor/1292832
CSE440,"Introduction to HCI: User Interface Design, Prototyping, and Evaluation",Undergraduate Major,24au,Fogarty,James Fogarty,Computer Science,4.8,2.6,11,100.0,unique,https://www.ratemyprofessors.com/professor/1292832
CSE440,"Introduction to HCI: User Interface Design, Prototyping, and Evaluation",Undergraduate Major,24sp,Martinez,Vicente Martinez,Science,5.0,3.5,2,100.0,unique,https://www.ratemyprofessors.com/professor/1885266
CSE440,"Introduction to HCI: User Interface Design, Prototyping, and Evaluation",Undergraduate Major,24wi,Fogarty,James Fogarty,Computer Science,4.8,2.6,11,100.0,unique,https://www.ratemyprofessors.com/professor/1292832
CSE440,"Introduction to HCI: User Interface Design, Prototyping, and Evaluation",Undergraduate Major,25au,Fogarty,James Fogarty,Computer Science,4.8,2.6,11,100.0,unique,https://www.ratemyprofessors.com/professor/1292832
CSE440,"Introduction to HCI: User Interface Design, Prototyping, and Evaluation",Undergraduate Major,25sp,Zhang,,,,,,,no_cs_match,
CSE440,"Introduction to HCI: User Interface Design, Prototyping, and Evaluation",Undergraduate Major,25wi,Reinecke,Sarah Reinecke,Sociology,5.0,2.3,3,-1.0,unique,https://www.ratemyprofessors.com/professor/1754071
CSE440,"Introduction to HCI: User Interface Design, Prototyping, and Evaluation",Undergraduate Major,26sp,Zhang,,,,,,,no_cs_match,
CSE440,"Introduction to HCI: User Interface Design, Prototyping, and Evaluation",Undergraduate Major,26wi,Zhang,,,,,,,no_cs_match,
CSE441,"Advanced HCI: Advanced User Interface Design, Prototyping, and Evaluation",Undergraduate Major,09wi,Landay,,,,,,,not_found,
CSE441,"Advanced HCI: Advanced User Interface Design, Prototyping, and Evaluation",Undergraduate Major,12sp,Landay,,,,,,,not_found,
CSE441,"Advanced HCI: Advanced User Interface Design, Prototyping, and Evaluation",Undergraduate Major,13sp,Landay,,,,,,,not_found,
CSE441,"Advanced HCI: Advanced User Interface Design, Prototyping, and Evaluation",Undergraduate Major,15sp,Fogarty,James Fogarty,Computer Science,4.8,2.6,11,100.0,unique,https://www.ratemyprofessors.com/professor/1292832
CSE441,"Advanced HCI: Advanced User Interface Design, Prototyping, and Evaluation",Undergraduate Major,18sp,Reinecke,Sarah Reinecke,Sociology,5.0,2.3,3,-1.0,unique,https://www.ratemyprofessors.com/professor/1754071
CSE441,"Advanced HCI: Advanced User Interface Design, Prototyping, and Evaluation",Undergraduate Major,19sp,Reinecke,Sarah Reinecke,Sociology,5.0,2.3,3,-1.0,unique,https://www.ratemyprofessors.com/professor/1754071
CSE441,"Advanced HCI: Advanced User Interface Design, Prototyping, and Evaluation",Undergraduate Major,20sp,Reinecke,Sarah Reinecke,Sociology,5.0,2.3,3,-1.0,unique,https://www.ratemyprofessors.com/professor/1754071
CSE442,Data Visualization,Undergraduate Major,17au,Heer,Jeffrey Heer,Computer Science,4.4,2.4,5,80.0,unique,https://www.ratemyprofessors.com/professor/3007099
CSE442,Data Visualization,Undergraduate Major,17sp,Heer,Jeffrey Heer,Computer Science,4.4,2.4,5,80.0,unique,https://www.ratemyprofessors.com/professor/3007099
CSE442,Data Visualization,Undergraduate Major,18au,Heer,Jeffrey Heer,Computer Science,4.4,2.4,5,80.0,unique,https://www.ratemyprofessors.com/professor/3007099
CSE442,Data Visualization,Undergraduate Major,20au,Heer,Jeffrey Heer,Computer Science,4.4,2.4,5,80.0,unique,https://www.ratemyprofessors.com/professor/3007099
CSE442,Data Visualization,Undergraduate Major,20wi,Conlen,,,,,,,not_found,
CSE442,Data Visualization,Undergraduate Major,21au,Heer,Jeffrey Heer,Computer Science,4.4,2.4,5,80.0,unique,https://www.ratemyprofessors.com/professor/3007099
CSE442,Data Visualization,Undergraduate Major,22au,Battle,Leilani Battle,Computer Science,4.0,2.5,2,50.0,unique,https://www.ratemyprofessors.com/professor/3038548
CSE442,Data Visualization,Undergraduate Major,22wi,Heer,Jeffrey Heer,Computer Science,4.4,2.4,5,80.0,unique,https://www.ratemyprofessors.com/professor/3007099
CSE442,Data Visualization,Undergraduate Major,23au,Battle,Leilani Battle,Computer Science,4.0,2.5,2,50.0,unique,https://www.ratemyprofessors.com/professor/3038548
CSE442,Data Visualization,Undergraduate Major,23wi,Battle,Leilani Battle,Computer Science,4.0,2.5,2,50.0,unique,https://www.ratemyprofessors.com/professor/3038548
CSE442,Data Visualization,Undergraduate Major,24au,Heer,Jeffrey Heer,Computer Science,4.4,2.4,5,80.0,unique,https://www.ratemyprofessors.com/professor/3007099
CSE442,Data Visualization,Undergraduate Major,24wi,Heer,Jeffrey Heer,Computer Science,4.4,2.4,5,80.0,unique,https://www.ratemyprofessors.com/professor/3007099
CSE442,Data Visualization,Undergraduate Major,25au,Heer,Jeffrey Heer,Computer Science,4.4,2.4,5,80.0,unique,https://www.ratemyprofessors.com/professor/3007099
CSE442,Data Visualization,Undergraduate Major,25wi,Battle,Leilani Battle,Computer Science,4.0,2.5,2,50.0,unique,https://www.ratemyprofessors.com/professor/3038548
CSE442,Data Visualization,Undergraduate Major,26wi,Heer,Jeffrey Heer,Computer Science,4.4,2.4,5,80.0,unique,https://www.ratemyprofessors.com/professor/3007099
CSE443,Digital Accessibility,Undergraduate Major,26wi,Mankoff,Jennifer Mankoff,Computer Science,3.6,3.6,5,60.0,unique,https://www.ratemyprofessors.com/professor/2564769
CSE444,Database Systems Internals,Undergraduate Major,21sp,Maas,Ryan Maas,Engineering,4.8,2.7,34,100.0,unique,https://www.ratemyprofessors.com/professor/2631702
CSE444,Database Systems Internals,Undergraduate Major,22sp,Maas,Ryan Maas,Engineering,4.8,2.7,34,100.0,unique,https://www.ratemyprofessors.com/professor/2631702
CSE444,Database Systems Internals,Undergraduate Major,22wi,Maas,Ryan Maas,Engineering,4.8,2.7,34,100.0,unique,https://www.ratemyprofessors.com/professor/2631702
CSE444,Database Systems Internals,Undergraduate Major,23sp,Maas,Ryan Maas,Engineering,4.8,2.7,34,100.0,unique,https://www.ratemyprofessors.com/professor/2631702
CSE444,Database Systems Internals,Undergraduate Major,23wi,Leang,Jonathan Leang,Computer Science,0.0,0.0,0,-1.0,unique,https://www.ratemyprofessors.com/professor/2487952
CSE444,Database Systems Internals,Undergraduate Major,24sp,Maas,Ryan Maas,Engineering,4.8,2.7,34,100.0,unique,https://www.ratemyprofessors.com/professor/2631702
CSE444,Database Systems Internals,Undergraduate Major,24wi,Maas,Ryan Maas,Engineering,4.8,2.7,34,100.0,unique,https://www.ratemyprofessors.com/professor/2631702
CSE444,Database Systems Internals,Undergraduate Major,25sp,Maas,Ryan Maas,Engineering,4.8,2.7,34,100.0,unique,https://www.ratemyprofessors.com/professor/2631702
CSE444,Database Systems Internals,Undergraduate Major,25wi,Maas,Ryan Maas,Engineering,4.8,2.7,34,100.0,unique,https://www.ratemyprofessors.com/professor/2631702
CSE444,Database Systems Internals,Undergraduate Major,26sp,Maas,Ryan Maas,Engineering,4.8,2.7,34,100.0,unique,https://www.ratemyprofessors.com/professor/2631702
CSE444,Database Systems Internals,Undergraduate Major,26wi,Maas,Ryan Maas,Engineering,4.8,2.7,34,100.0,unique,https://www.ratemyprofessors.com/professor/2631702
CSE446,Machine Learning,Undergraduate Major,22au,Morgenstern,Jamie Morgenstern,Computer Science,3.2,4.3,6,50.0,unique,https://www.ratemyprofessors.com/professor/2673537
CSE446,Machine Learning,Undergraduate Major,22au,Schmidt,Ludwig Schmidt,Computer Science,2.0,4.0,1,0.0,cs-dept,https://www.ratemyprofessors.com/professor/2850803
CSE446,Machine Learning,Undergraduate Major,22sp,Jamieson,Kevin Jamieson,Computer Science,2.9,4.8,11,54.5455,unique,https://www.ratemyprofessors.com/professor/2499019
CSE446,Machine Learning,Undergraduate Major,22sp,Schmidt,Ludwig Schmidt,Computer Science,2.0,4.0,1,0.0,cs-dept,https://www.ratemyprofessors.com/professor/2850803
CSE446,Machine Learning,Undergraduate Major,23au,Jamieson,Kevin Jamieson,Computer Science,2.9,4.8,11,54.5455,unique,https://www.ratemyprofessors.com/professor/2499019
CSE446,Machine Learning,Undergraduate Major,23sp,Du,,,,,,,not_found,
CSE446,Machine Learning,Undergraduate Major,23sp,Jamieson,Kevin Jamieson,Computer Science,2.9,4.8,11,54.5455,unique,https://www.ratemyprofessors.com/professor/2499019
CSE446,Machine Learning,Undergraduate Major,23wi,Morgenstern,Jamie Morgenstern,Computer Science,3.2,4.3,6,50.0,unique,https://www.ratemyprofessors.com/professor/2673537
CSE446,Machine Learning,Undergraduate Major,24au,Golub,Matt Golub,Computer Science,2.3,4.0,4,0.0,unique,https://www.ratemyprofessors.com/professor/2975953
CSE446,Machine Learning,Undergraduate Major,24au,Koh,Pang Koh,Computer Science,0.0,0.0,0,-1.0,unique,https://www.ratemyprofessors.com/professor/3064378
CSE446,Machine Learning,Undergraduate Major,24sp,Du,,,,,,,not_found,
CSE446,Machine Learning,Undergraduate Major,24wi,Golub,Matt Golub,Computer Science,2.3,4.0,4,0.0,unique,https://www.ratemyprofessors.com/professor/2975953
CSE446,Machine Learning,Undergraduate Major,24wi,Schafer,Hunter Schafer,Computer Science,4.2,3.3,57,82.6923,unique,https://www.ratemyprofessors.com/professor/2002528
CSE446,Machine Learning,Undergraduate Major,25au,Koh,Pang Koh,Computer Science,0.0,0.0,0,-1.0,unique,https://www.ratemyprofessors.com/professor/3064378
CSE446,Machine Learning,Undergraduate Major,25au,Oh,Sewoong Oh,Computer Science,3.8,3.5,4,75.0,cs-dept,https://www.ratemyprofessors.com/professor/2501103
CSE446,Machine Learning,Undergraduate Major,25sp,Jaques,,,,,,,not_found,
CSE446,Machine Learning,Undergraduate Major,25wi,Jaques,,,,,,,not_found,
CSE446,Machine Learning,Undergraduate Major,25wi,Oh,Sewoong Oh,Computer Science,3.8,3.5,4,75.0,cs-dept,https://www.ratemyprofessors.com/professor/2501103
CSE446,Machine Learning,Undergraduate Major,26sp,Jaques,,,,,,,not_found,
CSE446,Machine Learning,Undergraduate Major,26wi,Golub,Matt Golub,Computer Science,2.3,4.0,4,0.0,unique,https://www.ratemyprofessors.com/professor/2975953
CSE447,Natural Language Processing,Undergraduate Major,18wi,Choi,,,,,,,no_cs_match,
CSE447,Natural Language Processing,Undergraduate Major,19wi,Smith,Noah Smith,Computer Science,3.3,3.3,4,50.0,ambiguous,https://www.ratemyprofessors.com/professor/2284812
CSE447,Natural Language Processing,Undergraduate Major,20wi,Choi,,,,,,,no_cs_match,
CSE447,Natural Language Processing,Undergraduate Major,21wi,Smith,Noah Smith,Computer Science,3.3,3.3,4,50.0,ambiguous,https://www.ratemyprofessors.com/professor/2284812
CSE447,Natural Language Processing,Undergraduate Major,22au,Tsvetkov,Yulia Tsvetkov,Computer Science,3.0,4.0,5,40.0,unique,https://www.ratemyprofessors.com/professor/2774281
CSE447,Natural Language Processing,Undergraduate Major,22sp,Tsvetkov,Yulia Tsvetkov,Computer Science,3.0,4.0,5,40.0,unique,https://www.ratemyprofessors.com/professor/2774281
CSE447,Natural Language Processing,Undergraduate Major,22wi,Smith,Noah Smith,Computer Science,3.3,3.3,4,50.0,ambiguous,https://www.ratemyprofessors.com/professor/2284812
CSE447,Natural Language Processing,Undergraduate Major,23wi,Serrano,,,,,,,not_found,
CSE447,Natural Language Processing,Undergraduate Major,24au,Tsvetkov,Yulia Tsvetkov,Computer Science,3.0,4.0,5,40.0,unique,https://www.ratemyprofessors.com/professor/2774281
CSE447,Natural Language Processing,Undergraduate Major,24wi,Choi,,,,,,,no_cs_match,
CSE447,Natural Language Processing,Undergraduate Major,25au,Tsvetkov,Yulia Tsvetkov,Computer Science,3.0,4.0,5,40.0,unique,https://www.ratemyprofessors.com/professor/2774281
CSE447,Natural Language Processing,Undergraduate Major,25wi,Smith,Noah Smith,Computer Science,3.3,3.3,4,50.0,ambiguous,https://www.ratemyprofessors.com/professor/2284812
CSE447,Natural Language Processing,Undergraduate Major,26wi,Minneker,,,,,,,not_found,
CSE451,Introduction to Operating Systems,Undergraduate Major,22au,Anderson,Ruth Anderson,Computer Science,3.9,3.3,57,74.4186,ambiguous,https://www.ratemyprofessors.com/professor/1356337
CSE451,Introduction to Operating Systems,Undergraduate Major,22au,Li,,,,,,,no_cs_match,
CSE451,Introduction to Operating Systems,Undergraduate Major,22sp,Zahorjan,John Zahorjan,Computer Science,2.7,3.7,26,35.2941,unique,https://www.ratemyprofessors.com/professor/139708
CSE451,Introduction to Operating Systems,Undergraduate Major,23au,Li,,,,,,,no_cs_match,
CSE451,Introduction to Operating Systems,Undergraduate Major,23wi,Kimura,,,,,,,not_found,
CSE451,Introduction to Operating Systems,Undergraduate Major,24au,Anderson,Ruth Anderson,Computer Science,3.9,3.3,57,74.4186,ambiguous,https://www.ratemyprofessors.com/professor/1356337
CSE451,Introduction to Operating Systems,Undergraduate Major,24sp,Li,,,,,,,no_cs_match,
CSE451,Introduction to Operating Systems,Undergraduate Major,24wi,Kimura,,,,,,,not_found,
CSE451,Introduction to Operating Systems,Undergraduate Major,25sp,Wilcox,James Wilcox,Computer Science,3.9,2.8,65,74.6269,unique,https://www.ratemyprofessors.com/professor/2238670
CSE451,Introduction to Operating Systems,Undergraduate Major,25wi,Kimura,,,,,,,not_found,
CSE451,Introduction to Operating Systems,Undergraduate Major,26sp,Kasikci,Baris Kasikci,Computer Science,5.0,4.0,1,100.0,unique,https://www.ratemyprofessors.com/professor/5047556
CSE451,Introduction to Operating Systems,Undergraduate Major,26wi,Kimura,,,,,,,not_found,
CSE452,Distributed Systems,Undergraduate Major,13sp,Anderson,Ruth Anderson,Computer Science,3.9,3.3,57,74.4186,ambiguous,https://www.ratemyprofessors.com/professor/1356337
CSE452,Distributed Systems,Undergraduate Major,15wi,Anderson,Ruth Anderson,Computer Science,3.9,3.3,57,74.4186,ambiguous,https://www.ratemyprofessors.com/professor/1356337
CSE452,Distributed Systems,Undergraduate Major,16wi,Anderson,Ruth Anderson,Computer Science,3.9,3.3,57,74.4186,ambiguous,https://www.ratemyprofessors.com/professor/1356337
CSE452,Distributed Systems,Undergraduate Major,17sp,Anderson,Ruth Anderson,Computer Science,3.9,3.3,57,74.4186,ambiguous,https://www.ratemyprofessors.com/professor/1356337
CSE452,Distributed Systems,Undergraduate Major,18sp,Anderson,Ruth Anderson,Computer Science,3.9,3.3,57,74.4186,ambiguous,https://www.ratemyprofessors.com/professor/1356337
CSE452,Distributed Systems,Undergraduate Major,19sp,Krishnamurthy,,,,,,,not_found,
CSE452,Distributed Systems,Undergraduate Major,19sp,Michael,Ellis Michael,Computer Science,0.0,0.0,0,-1.0,unique,https://www.ratemyprofessors.com/professor/2499380
CSE452,Distributed Systems,Undergraduate Major,20sp,Anderson,Ruth Anderson,Computer Science,3.9,3.3,57,74.4186,ambiguous,https://www.ratemyprofessors.com/professor/1356337
CSE452,Distributed Systems,Undergraduate Major,20wi,Krishnamurthy,,,,,,,not_found,
CSE452,Distributed Systems,Undergraduate Major,21sp,Anderson,Ruth Anderson,Computer Science,3.9,3.3,57,74.4186,ambiguous,https://www.ratemyprofessors.com/professor/1356337
CSE452,Distributed Systems,Undergraduate Major,21wi,Anderson,Ruth Anderson,Computer Science,3.9,3.3,57,74.4186,ambiguous,https://www.ratemyprofessors.com/professor/1356337
CSE452,Distributed Systems,Undergraduate Major,22sp,Anderson,Ruth Anderson,Computer Science,3.9,3.3,57,74.4186,ambiguous,https://www.ratemyprofessors.com/professor/1356337
CSE452,Distributed Systems,Undergraduate Major,22wi,Wilcox,James Wilcox,Computer Science,3.9,2.8,65,74.6269,unique,https://www.ratemyprofessors.com/professor/2238670
CSE452,Distributed Systems,Undergraduate Major,23au,Wilcox,James Wilcox,Computer Science,3.9,2.8,65,74.6269,unique,https://www.ratemyprofessors.com/professor/2238670
CSE452,Distributed Systems,Undergraduate Major,23sp,Anderson,Ruth Anderson,Computer Science,3.9,3.3,57,74.4186,ambiguous,https://www.ratemyprofessors.com/professor/1356337
CSE452,Distributed Systems,Undergraduate Major,23wi,Wilcox,James Wilcox,Computer Science,3.9,2.8,65,74.6269,unique,https://www.ratemyprofessors.com/professor/2238670
CSE452,Distributed Systems,Undergraduate Major,24au,Wang,Matt Wang,Computer Science,4.1,2.7,37,73.6842,ambiguous,https://www.ratemyprofessors.com/professor/3018170
CSE452,Distributed Systems,Undergraduate Major,24sp,Anderson,Ruth Anderson,Computer Science,3.9,3.3,57,74.4186,ambiguous,https://www.ratemyprofessors.com/professor/1356337
CSE452,Distributed Systems,Undergraduate Major,24wi,Krishnamurthy,,,,,,,not_found,
CSE452,Distributed Systems,Undergraduate Major,25au,Krishnamurthy,,,,,,,not_found,
CSE452,Distributed Systems,Undergraduate Major,25sp,Krishnamurthy,,,,,,,not_found,
CSE452,Distributed Systems,Undergraduate Major,25wi,Anderson,Ruth Anderson,Computer Science,3.9,3.3,57,74.4186,ambiguous,https://www.ratemyprofessors.com/professor/1356337
CSE452,Distributed Systems,Undergraduate Major,25wi,Wang,Matt Wang,Computer Science,4.1,2.7,37,73.6842,ambiguous,https://www.ratemyprofessors.com/professor/3018170
CSE452,Distributed Systems,Undergraduate Major,26sp,Wilcox,James Wilcox,Computer Science,3.9,2.8,65,74.6269,unique,https://www.ratemyprofessors.com/professor/2238670
CSE452,Distributed Systems,Undergraduate Major,26wi,Wang,Matt Wang,Computer Science,4.1,2.7,37,73.6842,ambiguous,https://www.ratemyprofessors.com/professor/3018170
CSE453,Data Center Systems,Undergraduate Major,21au,Anderson,Ruth Anderson,Computer Science,3.9,3.3,57,74.4186,ambiguous,https://www.ratemyprofessors.com/professor/1356337
CSE453,Data Center Systems,Undergraduate Major,22au,Peter,,,,,,,not_found,
CSE453,Data Center Systems,Undergraduate Major,23au,Peter,,,,,,,not_found,
CSE453,Data Center Systems,Undergraduate Major,25au,Peter,,,,,,,not_found,
CSE455,Computer Vision,Undergraduate Major,22sp,Redmon,Joseph Redmon,Computer Science,4.3,2.5,4,75.0,unique,https://www.ratemyprofessors.com/professor/2378425
CSE455,Computer Vision,Undergraduate Major,23sp,Redmon,Joseph Redmon,Computer Science,4.3,2.5,4,75.0,unique,https://www.ratemyprofessors.com/professor/2378425
CSE455,Computer Vision,Undergraduate Major,23wi,Redmon,Joseph Redmon,Computer Science,4.3,2.5,4,75.0,unique,https://www.ratemyprofessors.com/professor/2378425
CSE455,Computer Vision,Undergraduate Major,24sp,Krishna,Ranjay Krishna,Computer Science,4.5,3.2,6,100.0,unique,https://www.ratemyprofessors.com/professor/2977850
CSE455,Computer Vision,Undergraduate Major,24wi,Shapiro,Linda Shapiro,Computer Science,1.8,3.3,16,18.1818,ambiguous,https://www.ratemyprofessors.com/professor/1367910
CSE455,Computer Vision,Undergraduate Major,25au,Shapiro,Linda Shapiro,Computer Science,1.8,3.3,16,18.1818,ambiguous,https://www.ratemyprofessors.com/professor/1367910
CSE455,Computer Vision,Undergraduate Major,25sp,Desai,,,,,,,not_found,
CSE455,Computer Vision,Undergraduate Major,25sp,Li,,,,,,,no_cs_match,
CSE455,Computer Vision,Undergraduate Major,25wi,Krishna,Ranjay Krishna,Computer Science,4.5,3.2,6,100.0,unique,https://www.ratemyprofessors.com/professor/2977850
CSE455,Computer Vision,Undergraduate Major,26sp,PopoviÄ,,,,,,,not_found,
CSE456,Story Design for Computer Animation,Undergraduate Major,15su,Mones,Barbara Mones,Computer Science,3.3,4.0,2,-1.0,unique,https://www.ratemyprofessors.com/professor/1297359
CSE456,Story Design for Computer Animation,Undergraduate Major,16su,Caswell,Paulette Caswell,Social Work,1.0,3.0,1,0.0,unique,https://www.ratemyprofessors.com/professor/2301976
CSE456,Story Design for Computer Animation,Undergraduate Major,16su,Mones,Barbara Mones,Computer Science,3.3,4.0,2,-1.0,unique,https://www.ratemyprofessors.com/professor/1297359
CSE456,Story Design for Computer Animation,Undergraduate Major,18su,Mones,Barbara Mones,Computer Science,3.3,4.0,2,-1.0,unique,https://www.ratemyprofessors.com/professor/1297359
CSE456,Story Design for Computer Animation,Undergraduate Major,19su,Mones,Barbara Mones,Computer Science,3.3,4.0,2,-1.0,unique,https://www.ratemyprofessors.com/professor/1297359
CSE456,Story Design for Computer Animation,Undergraduate Major,20su,Mones,Barbara Mones,Computer Science,3.3,4.0,2,-1.0,unique,https://www.ratemyprofessors.com/professor/1297359
CSE456,Story Design for Computer Animation,Undergraduate Major,21su,Mones,Barbara Mones,Computer Science,3.3,4.0,2,-1.0,unique,https://www.ratemyprofessors.com/professor/1297359
CSE456,Story Design for Computer Animation,Undergraduate Major,22su,Mones,Barbara Mones,Computer Science,3.3,4.0,2,-1.0,unique,https://www.ratemyprofessors.com/professor/1297359
CSE456,Story Design for Computer Animation,Undergraduate Major,23su,Mones,Barbara Mones,Computer Science,3.3,4.0,2,-1.0,unique,https://www.ratemyprofessors.com/professor/1297359
CSE456,Story Design for Computer Animation,Undergraduate Major,24su,Mones,Barbara Mones,Computer Science,3.3,4.0,2,-1.0,unique,https://www.ratemyprofessors.com/professor/1297359
CSE456,Story Design for Computer Animation,Undergraduate Major,25su,Mones,Barbara Mones,Computer Science,3.3,4.0,2,-1.0,unique,https://www.ratemyprofessors.com/professor/1297359
CSE456,Story Design for Computer Animation,Undergraduate Major,26su,Mones,Barbara Mones,Computer Science,3.3,4.0,2,-1.0,unique,https://www.ratemyprofessors.com/professor/1297359
CSE457,Computer Graphics,Undergraduate Major,23au,PopoviÄ,,,,,,,not_found,
CSE457,Computer Graphics,Undergraduate Major,24sp,Curless,Brian Curless,Computer Science,2.0,4.0,3,0.0,unique,https://www.ratemyprofessors.com/professor/3159692
CSE457,Computer Graphics,Undergraduate Major,24wi,Seitz,Steven Seitz,Computer Science,0.0,0.0,0,-1.0,unique,https://www.ratemyprofessors.com/professor/1304909
CSE457,Computer Graphics,Undergraduate Major,25au,PopoviÄ,,,,,,,not_found,
CSE457,Computer Graphics,Undergraduate Major,25sp,Curless,Brian Curless,Computer Science,2.0,4.0,3,0.0,unique,https://www.ratemyprofessors.com/professor/3159692
CSE457,Computer Graphics,Undergraduate Major,25su,PopoviÄ,,,,,,,not_found,
CSE457,Computer Graphics,Undergraduate Major,25wi,Seitz,Steven Seitz,Computer Science,0.0,0.0,0,-1.0,unique,https://www.ratemyprofessors.com/professor/1304909
CSE457,Computer Graphics,Undergraduate Major,26sp,Seitz,Steven Seitz,Computer Science,0.0,0.0,0,-1.0,unique,https://www.ratemyprofessors.com/professor/1304909
CSE457,Computer Graphics,Undergraduate Major,26wi,Curless,Brian Curless,Computer Science,2.0,4.0,3,0.0,unique,https://www.ratemyprofessors.com/professor/3159692
CSE458,Computer Animation,Undergraduate Major,00wi,Mones,Barbara Mones,Computer Science,3.3,4.0,2,-1.0,unique,https://www.ratemyprofessors.com/professor/1297359
CSE458,Computer Animation,Undergraduate Major,01wi,Mones,Barbara Mones,Computer Science,3.3,4.0,2,-1.0,unique,https://www.ratemyprofessors.com/professor/1297359
CSE458,Computer Animation,Undergraduate Major,02au,Mones,Barbara Mones,Computer Science,3.3,4.0,2,-1.0,unique,https://www.ratemyprofessors.com/professor/1297359
CSE458,Computer Animation,Undergraduate Major,03au,Mones,Barbara Mones,Computer Science,3.3,4.0,2,-1.0,unique,https://www.ratemyprofessors.com/professor/1297359
CSE458,Computer Animation,Undergraduate Major,04au,Mones,Barbara Mones,Computer Science,3.3,4.0,2,-1.0,unique,https://www.ratemyprofessors.com/professor/1297359
CSE458,Computer Animation,Undergraduate Major,05au,Mones,Barbara Mones,Computer Science,3.3,4.0,2,-1.0,unique,https://www.ratemyprofessors.com/professor/1297359
CSE458,Computer Animation,Undergraduate Major,06au,Rosen,,,,,,,not_found,
CSE458,Computer Animation,Undergraduate Major,07au,Mones,Barbara Mones,Computer Science,3.3,4.0,2,-1.0,unique,https://www.ratemyprofessors.com/professor/1297359
CSE458,Computer Animation,Undergraduate Major,08au,Mones,Barbara Mones,Computer Science,3.3,4.0,2,-1.0,unique,https://www.ratemyprofessors.com/professor/1297359
CSE458,Computer Animation,Undergraduate Major,09au,Mones,Barbara Mones,Computer Science,3.3,4.0,2,-1.0,unique,https://www.ratemyprofessors.com/professor/1297359
CSE458,Computer Animation,Undergraduate Major,10au,Mones,Barbara Mones,Computer Science,3.3,4.0,2,-1.0,unique,https://www.ratemyprofessors.com/professor/1297359
CSE458,Computer Animation,Undergraduate Major,11au,Mones,Barbara Mones,Computer Science,3.3,4.0,2,-1.0,unique,https://www.ratemyprofessors.com/professor/1297359
CSE458,Computer Animation,Undergraduate Major,12au,Mones,Barbara Mones,Computer Science,3.3,4.0,2,-1.0,unique,https://www.ratemyprofessors.com/professor/1297359
CSE458,Computer Animation,Undergraduate Major,13au,Mones,Barbara Mones,Computer Science,3.3,4.0,2,-1.0,unique,https://www.ratemyprofessors.com/professor/1297359
CSE458,Computer Animation,Undergraduate Major,14au,Mones,Barbara Mones,Computer Science,3.3,4.0,2,-1.0,unique,https://www.ratemyprofessors.com/professor/1297359
CSE458,Computer Animation,Undergraduate Major,15au,Mones,Barbara Mones,Computer Science,3.3,4.0,2,-1.0,unique,https://www.ratemyprofessors.com/professor/1297359
CSE458,Computer Animation,Undergraduate Major,16au,Caswell,Paulette Caswell,Social Work,1.0,3.0,1,0.0,unique,https://www.ratemyprofessors.com/professor/2301976
CSE458,Computer Animation,Undergraduate Major,16au,Mones,Barbara Mones,Computer Science,3.3,4.0,2,-1.0,unique,https://www.ratemyprofessors.com/professor/1297359
CSE458,Computer Animation,Undergraduate Major,17au,Mones,Barbara Mones,Computer Science,3.3,4.0,2,-1.0,unique,https://www.ratemyprofessors.com/professor/1297359
CSE458,Computer Animation,Undergraduate Major,18au,Mones,Barbara Mones,Computer Science,3.3,4.0,2,-1.0,unique,https://www.ratemyprofessors.com/professor/1297359
CSE458,Computer Animation,Undergraduate Major,19au,Zayas,,,,,,,not_found,
CSE458,Computer Animation,Undergraduate Major,20au,Mones,Barbara Mones,Computer Science,3.3,4.0,2,-1.0,unique,https://www.ratemyprofessors.com/professor/1297359
CSE458,Computer Animation,Undergraduate Major,21au,Mones,Barbara Mones,Computer Science,3.3,4.0,2,-1.0,unique,https://www.ratemyprofessors.com/professor/1297359
CSE458,Computer Animation,Undergraduate Major,22au,Mones,Barbara Mones,Computer Science,3.3,4.0,2,-1.0,unique,https://www.ratemyprofessors.com/professor/1297359
CSE458,Computer Animation,Undergraduate Major,23au,Mones,Barbara Mones,Computer Science,3.3,4.0,2,-1.0,unique,https://www.ratemyprofessors.com/professor/1297359
CSE458,Computer Animation,Undergraduate Major,24au,Mones,Barbara Mones,Computer Science,3.3,4.0,2,-1.0,unique,https://www.ratemyprofessors.com/professor/1297359
CSE458,Computer Animation,Undergraduate Major,25au,Mones,Barbara Mones,Computer Science,3.3,4.0,2,-1.0,unique,https://www.ratemyprofessors.com/professor/1297359
CSE458,Computer Animation,Undergraduate Major,99sp,Mones,Barbara Mones,Computer Science,3.3,4.0,2,-1.0,unique,https://www.ratemyprofessors.com/professor/1297359
CSE459,Animation Pre-Production,Undergraduate Major,01wi,Mones,Barbara Mones,Computer Science,3.3,4.0,2,-1.0,unique,https://www.ratemyprofessors.com/professor/1297359
CSE459,Animation Pre-Production,Undergraduate Major,02wi,Mones,Barbara Mones,Computer Science,3.3,4.0,2,-1.0,unique,https://www.ratemyprofessors.com/professor/1297359
CSE459,Animation Pre-Production,Undergraduate Major,03wi,Mones,Barbara Mones,Computer Science,3.3,4.0,2,-1.0,unique,https://www.ratemyprofessors.com/professor/1297359
CSE459,Animation Pre-Production,Undergraduate Major,04wi,Mones,Barbara Mones,Computer Science,3.3,4.0,2,-1.0,unique,https://www.ratemyprofessors.com/professor/1297359
CSE459,Animation Pre-Production,Undergraduate Major,05wi,Mones,Barbara Mones,Computer Science,3.3,4.0,2,-1.0,unique,https://www.ratemyprofessors.com/professor/1297359
CSE459,Animation Pre-Production,Undergraduate Major,06wi,Mones,Barbara Mones,Computer Science,3.3,4.0,2,-1.0,unique,https://www.ratemyprofessors.com/professor/1297359
CSE459,Animation Pre-Production,Undergraduate Major,07wi,Rosen,,,,,,,not_found,
CSE459,Animation Pre-Production,Undergraduate Major,08wi,Mones,Barbara Mones,Computer Science,3.3,4.0,2,-1.0,unique,https://www.ratemyprofessors.com/professor/1297359
CSE459,Animation Pre-Production,Undergraduate Major,09wi,Mones,Barbara Mones,Computer Science,3.3,4.0,2,-1.0,unique,https://www.ratemyprofessors.com/professor/1297359
CSE459,Animation Pre-Production,Undergraduate Major,10wi,Mones,Barbara Mones,Computer Science,3.3,4.0,2,-1.0,unique,https://www.ratemyprofessors.com/professor/1297359
CSE459,Animation Pre-Production,Undergraduate Major,11wi,Mones,Barbara Mones,Computer Science,3.3,4.0,2,-1.0,unique,https://www.ratemyprofessors.com/professor/1297359
CSE459,Animation Pre-Production,Undergraduate Major,12au,Mones,Barbara Mones,Computer Science,3.3,4.0,2,-1.0,unique,https://www.ratemyprofessors.com/professor/1297359
CSE459,Animation Pre-Production,Undergraduate Major,13au,Mones,Barbara Mones,Computer Science,3.3,4.0,2,-1.0,unique,https://www.ratemyprofessors.com/professor/1297359
CSE459,Animation Pre-Production,Undergraduate Major,14au,Mones,Barbara Mones,Computer Science,3.3,4.0,2,-1.0,unique,https://www.ratemyprofessors.com/professor/1297359
CSE459,Animation Pre-Production,Undergraduate Major,15au,Mones,Barbara Mones,Computer Science,3.3,4.0,2,-1.0,unique,https://www.ratemyprofessors.com/professor/1297359
CSE459,Animation Pre-Production,Undergraduate Major,16au,Mones,Barbara Mones,Computer Science,3.3,4.0,2,-1.0,unique,https://www.ratemyprofessors.com/professor/1297359
CSE459,Animation Pre-Production,Undergraduate Major,17au,Mones,Barbara Mones,Computer Science,3.3,4.0,2,-1.0,unique,https://www.ratemyprofessors.com/professor/1297359
CSE459,Animation Pre-Production,Undergraduate Major,18au,Mones,Barbara Mones,Computer Science,3.3,4.0,2,-1.0,unique,https://www.ratemyprofessors.com/professor/1297359
CSE459,Animation Pre-Production,Undergraduate Major,19au,Zayas,,,,,,,not_found,
CSE459,Animation Pre-Production,Undergraduate Major,20au,Mones,Barbara Mones,Computer Science,3.3,4.0,2,-1.0,unique,https://www.ratemyprofessors.com/professor/1297359
CSE459,Animation Pre-Production,Undergraduate Major,21au,Mones,Barbara Mones,Computer Science,3.3,4.0,2,-1.0,unique,https://www.ratemyprofessors.com/professor/1297359
CSE459,Animation Pre-Production,Undergraduate Major,22au,Mones,Barbara Mones,Computer Science,3.3,4.0,2,-1.0,unique,https://www.ratemyprofessors.com/professor/1297359
CSE460,Animation Capstone,Undergraduate Major,04sp,Mones,Barbara Mones,Computer Science,3.3,4.0,2,-1.0,unique,https://www.ratemyprofessors.com/professor/1297359
CSE460,Animation Capstone,Undergraduate Major,05sp,Mones,Barbara Mones,Computer Science,3.3,4.0,2,-1.0,unique,https://www.ratemyprofessors.com/professor/1297359
CSE460,Animation Capstone,Undergraduate Major,06sp,Mones,Barbara Mones,Computer Science,3.3,4.0,2,-1.0,unique,https://www.ratemyprofessors.com/professor/1297359
CSE460,Animation Capstone,Undergraduate Major,07sp,Rosen,,,,,,,not_found,
CSE460,Animation Capstone,Undergraduate Major,08sp,Mones,Barbara Mones,Computer Science,3.3,4.0,2,-1.0,unique,https://www.ratemyprofessors.com/professor/1297359
CSE460,Animation Capstone,Undergraduate Major,09sp,Mones,Barbara Mones,Computer Science,3.3,4.0,2,-1.0,unique,https://www.ratemyprofessors.com/professor/1297359
CSE460,Animation Capstone,Undergraduate Major,10sp,Mones,Barbara Mones,Computer Science,3.3,4.0,2,-1.0,unique,https://www.ratemyprofessors.com/professor/1297359
CSE460,Animation Capstone,Undergraduate Major,11sp,Mones,Barbara Mones,Computer Science,3.3,4.0,2,-1.0,unique,https://www.ratemyprofessors.com/professor/1297359
CSE460,Animation Capstone,Undergraduate Major,12wi,Mones,Barbara Mones,Computer Science,3.3,4.0,2,-1.0,unique,https://www.ratemyprofessors.com/professor/1297359
CSE460,Animation Capstone,Undergraduate Major,13wi,Mones,Barbara Mones,Computer Science,3.3,4.0,2,-1.0,unique,https://www.ratemyprofessors.com/professor/1297359
CSE460,Animation Capstone,Undergraduate Major,14wi,Mones,Barbara Mones,Computer Science,3.3,4.0,2,-1.0,unique,https://www.ratemyprofessors.com/professor/1297359
CSE460,Animation Capstone,Undergraduate Major,15wi,Mones,Barbara Mones,Computer Science,3.3,4.0,2,-1.0,unique,https://www.ratemyprofessors.com/professor/1297359
CSE460,Animation Capstone,Undergraduate Major,16wi,Mones,Barbara Mones,Computer Science,3.3,4.0,2,-1.0,unique,https://www.ratemyprofessors.com/professor/1297359
CSE460,Animation Capstone,Undergraduate Major,17wi,Mones,Barbara Mones,Computer Science,3.3,4.0,2,-1.0,unique,https://www.ratemyprofessors.com/professor/1297359
CSE460,Animation Capstone,Undergraduate Major,18wi,Mones,Barbara Mones,Computer Science,3.3,4.0,2,-1.0,unique,https://www.ratemyprofessors.com/professor/1297359
CSE460,Animation Capstone,Undergraduate Major,19wi,Mones,Barbara Mones,Computer Science,3.3,4.0,2,-1.0,unique,https://www.ratemyprofessors.com/professor/1297359
CSE460,Animation Capstone,Undergraduate Major,20wi,Zayas,,,,,,,not_found,
CSE460,Animation Capstone,Undergraduate Major,21wi,Mones,Barbara Mones,Computer Science,3.3,4.0,2,-1.0,unique,https://www.ratemyprofessors.com/professor/1297359
CSE460,Animation Capstone,Undergraduate Major,22wi,Mones,Barbara Mones,Computer Science,3.3,4.0,2,-1.0,unique,https://www.ratemyprofessors.com/professor/1297359
CSE460,Animation Capstone,Undergraduate Major,23wi,Mones,Barbara Mones,Computer Science,3.3,4.0,2,-1.0,unique,https://www.ratemyprofessors.com/professor/1297359
CSE460,Animation Capstone,Undergraduate Major,24wi,Mones,Barbara Mones,Computer Science,3.3,4.0,2,-1.0,unique,https://www.ratemyprofessors.com/professor/1297359
CSE460,Animation Capstone,Undergraduate Major,25wi,Mones,Barbara Mones,Computer Science,3.3,4.0,2,-1.0,unique,https://www.ratemyprofessors.com/professor/1297359
CSE460,Animation Capstone,Undergraduate Major,26wi,Duer,,,,,,,not_found,
CSE460,Animation Capstone,Undergraduate Major,26wi,Mones,Barbara Mones,Computer Science,3.3,4.0,2,-1.0,unique,https://www.ratemyprofessors.com/professor/1297359
CSE461,Introduction to Computer Communication Networks,Undergraduate Major,22au,Gollakota,Shyam Gollakota,Computer Science,2.0,3.3,6,16.6667,unique,https://www.ratemyprofessors.com/professor/2580306
CSE461,Introduction to Computer Communication Networks,Undergraduate Major,23au,Gollakota,Shyam Gollakota,Computer Science,2.0,3.3,6,16.6667,unique,https://www.ratemyprofessors.com/professor/2580306
CSE461,Introduction to Computer Communication Networks,Undergraduate Major,23sp,Mahajan,Ratul Mahajan,Computer Science,5.0,4.0,3,100.0,unique,https://www.ratemyprofessors.com/professor/2467513
CSE461,Introduction to Computer Communication Networks,Undergraduate Major,23wi,Heimerl,Kurtis Heimerl,Computer Science,2.8,2.5,4,50.0,unique,https://www.ratemyprofessors.com/professor/2676446
CSE461,Introduction to Computer Communication Networks,Undergraduate Major,24au,Gollakota,Shyam Gollakota,Computer Science,2.0,3.3,6,16.6667,unique,https://www.ratemyprofessors.com/professor/2580306
CSE461,Introduction to Computer Communication Networks,Undergraduate Major,24sp,Gollakota,Shyam Gollakota,Computer Science,2.0,3.3,6,16.6667,unique,https://www.ratemyprofessors.com/professor/2580306
CSE461,Introduction to Computer Communication Networks,Undergraduate Major,24wi,Gollakota,Shyam Gollakota,Computer Science,2.0,3.3,6,16.6667,unique,https://www.ratemyprofessors.com/professor/2580306
CSE461,Introduction to Computer Communication Networks,Undergraduate Major,25au,Gollakota,Shyam Gollakota,Computer Science,2.0,3.3,6,16.6667,unique,https://www.ratemyprofessors.com/professor/2580306
CSE461,Introduction to Computer Communication Networks,Undergraduate Major,25sp,Heimerl,Kurtis Heimerl,Computer Science,2.8,2.5,4,50.0,unique,https://www.ratemyprofessors.com/professor/2676446
CSE461,Introduction to Computer Communication Networks,Undergraduate Major,25wi,Heimerl,Kurtis Heimerl,Computer Science,2.8,2.5,4,50.0,unique,https://www.ratemyprofessors.com/professor/2676446
CSE461,Introduction to Computer Communication Networks,Undergraduate Major,26wi,Gollakota,Shyam Gollakota,Computer Science,2.0,3.3,6,16.6667,unique,https://www.ratemyprofessors.com/professor/2580306
CSE462,Wireless Communication,Undergraduate Major,25sp,Smith,Noah Smith,Computer Science,3.3,3.3,4,50.0,ambiguous,https://www.ratemyprofessors.com/professor/2284812
CSE462,Wireless Communication,Undergraduate Major,26sp,Smith,Noah Smith,Computer Science,3.3,3.3,4,50.0,ambiguous,https://www.ratemyprofessors.com/professor/2284812
CSE464,Advanced Topics in Digital Animation,Undergraduate Major,12sp,Mones,Barbara Mones,Computer Science,3.3,4.0,2,-1.0,unique,https://www.ratemyprofessors.com/professor/1297359
CSE464,Advanced Topics in Digital Animation,Undergraduate Major,13au,Mones,Barbara Mones,Computer Science,3.3,4.0,2,-1.0,unique,https://www.ratemyprofessors.com/professor/1297359
CSE464,Advanced Topics in Digital Animation,Undergraduate Major,13sp,Mones,Barbara Mones,Computer Science,3.3,4.0,2,-1.0,unique,https://www.ratemyprofessors.com/professor/1297359
CSE464,Advanced Topics in Digital Animation,Undergraduate Major,13su,Mones,Barbara Mones,Computer Science,3.3,4.0,2,-1.0,unique,https://www.ratemyprofessors.com/professor/1297359
CSE464,Advanced Topics in Digital Animation,Undergraduate Major,14sp,Mones,Barbara Mones,Computer Science,3.3,4.0,2,-1.0,unique,https://www.ratemyprofessors.com/professor/1297359
CSE464,Advanced Topics in Digital Animation,Undergraduate Major,14su,Mones,Barbara Mones,Computer Science,3.3,4.0,2,-1.0,unique,https://www.ratemyprofessors.com/professor/1297359
CSE464,Advanced Topics in Digital Animation,Undergraduate Major,15au,Mones,Barbara Mones,Computer Science,3.3,4.0,2,-1.0,unique,https://www.ratemyprofessors.com/professor/1297359
CSE464,Advanced Topics in Digital Animation,Undergraduate Major,15sp,Mones,Barbara Mones,Computer Science,3.3,4.0,2,-1.0,unique,https://www.ratemyprofessors.com/professor/1297359
CSE464,Advanced Topics in Digital Animation,Undergraduate Major,15su,Forsberg,,,,,,,not_found,
CSE464,Advanced Topics in Digital Animation,Undergraduate Major,15su,Mones,Barbara Mones,Computer Science,3.3,4.0,2,-1.0,unique,https://www.ratemyprofessors.com/professor/1297359
CSE464,Advanced Topics in Digital Animation,Undergraduate Major,15wi,Mones,Barbara Mones,Computer Science,3.3,4.0,2,-1.0,unique,https://www.ratemyprofessors.com/professor/1297359
CSE464,Advanced Topics in Digital Animation,Undergraduate Major,21sp,Mones,Barbara Mones,Computer Science,3.3,4.0,2,-1.0,unique,https://www.ratemyprofessors.com/professor/1297359
CSE469,Computer Architecture I,Undergraduate Major,18wi,Oskin,Mark Oskin,Computer Science,1.7,4.3,20,11.7647,unique,https://www.ratemyprofessors.com/professor/1696343
CSE469,Computer Architecture I,Undergraduate Major,19wi,Oskin,Mark Oskin,Computer Science,1.7,4.3,20,11.7647,unique,https://www.ratemyprofessors.com/professor/1696343
CSE469,Computer Architecture I,Undergraduate Major,20au,Hauck,Scott Hauck,Electrical Engineering,4.7,3.3,32,93.3333,unique,https://www.ratemyprofessors.com/professor/2118755
CSE469,Computer Architecture I,Undergraduate Major,20wi,Oskin,Mark Oskin,Computer Science,1.7,4.3,20,11.7647,unique,https://www.ratemyprofessors.com/professor/1696343
CSE469,Computer Architecture I,Undergraduate Major,21au,Hauck,Scott Hauck,Electrical Engineering,4.7,3.3,32,93.3333,unique,https://www.ratemyprofessors.com/professor/2118755
CSE469,Computer Architecture I,Undergraduate Major,21wi,Oskin,Mark Oskin,Computer Science,1.7,4.3,20,11.7647,unique,https://www.ratemyprofessors.com/professor/1696343
CSE469,Computer Architecture I,Undergraduate Major,22wi,Hauck,Scott Hauck,Electrical Engineering,4.7,3.3,32,93.3333,unique,https://www.ratemyprofessors.com/professor/2118755
CSE469,Computer Architecture I,Undergraduate Major,23wi,Oskin,Mark Oskin,Computer Science,1.7,4.3,20,11.7647,unique,https://www.ratemyprofessors.com/professor/1696343
CSE469,Computer Architecture I,Undergraduate Major,24wi,Oskin,Mark Oskin,Computer Science,1.7,4.3,20,11.7647,unique,https://www.ratemyprofessors.com/professor/1696343
CSE469,Computer Architecture I,Undergraduate Major,25wi,Oskin,Mark Oskin,Computer Science,1.7,4.3,20,11.7647,unique,https://www.ratemyprofessors.com/professor/1696343
CSE469,Computer Architecture I,Undergraduate Major,26wi,Oskin,Mark Oskin,Computer Science,1.7,4.3,20,11.7647,unique,https://www.ratemyprofessors.com/professor/1696343
CSE470,Computer Architecture II,Undergraduate Major,16sp,Oskin,Mark Oskin,Computer Science,1.7,4.3,20,11.7647,unique,https://www.ratemyprofessors.com/professor/1696343
CSE470,Computer Architecture II,Undergraduate Major,17sp,Oskin,Mark Oskin,Computer Science,1.7,4.3,20,11.7647,unique,https://www.ratemyprofessors.com/professor/1696343
CSE470,Computer Architecture II,Undergraduate Major,18sp,Oskin,Mark Oskin,Computer Science,1.7,4.3,20,11.7647,unique,https://www.ratemyprofessors.com/professor/1696343
CSE470,Computer Architecture II,Undergraduate Major,19sp,Oskin,Mark Oskin,Computer Science,1.7,4.3,20,11.7647,unique,https://www.ratemyprofessors.com/professor/1696343
CSE470,Computer Architecture II,Undergraduate Major,20sp,Oskin,Mark Oskin,Computer Science,1.7,4.3,20,11.7647,unique,https://www.ratemyprofessors.com/professor/1696343
CSE470,Computer Architecture II,Undergraduate Major,21sp,Oskin,Mark Oskin,Computer Science,1.7,4.3,20,11.7647,unique,https://www.ratemyprofessors.com/professor/1696343
CSE470,Computer Architecture II,Undergraduate Major,22sp,Ceze,Luis Ceze,Computer Engineering,5.0,4.0,3,100.0,unique,https://www.ratemyprofessors.com/professor/2237362
CSE470,Computer Architecture II,Undergraduate Major,23sp,Oskin,Mark Oskin,Computer Science,1.7,4.3,20,11.7647,unique,https://www.ratemyprofessors.com/professor/1696343
CSE470,Computer Architecture II,Undergraduate Major,24sp,Oskin,Mark Oskin,Computer Science,1.7,4.3,20,11.7647,unique,https://www.ratemyprofessors.com/professor/1696343
CSE470,Computer Architecture II,Undergraduate Major,25sp,Oskin,Mark Oskin,Computer Science,1.7,4.3,20,11.7647,unique,https://www.ratemyprofessors.com/professor/1696343
CSE470,Computer Architecture II,Undergraduate Major,26sp,Oskin,Mark Oskin,Computer Science,1.7,4.3,20,11.7647,unique,https://www.ratemyprofessors.com/professor/1696343
CSE473,Artificial Intelligence,Undergraduate Major,22au,Zettlemoyer,Luke Zettlemoyer,Chemical Engineering,0.0,0.0,0,-1.0,unique,https://www.ratemyprofessors.com/professor/1994981
CSE473,Artificial Intelligence,Undergraduate Major,23au,Hajishirzi,Hannaneh Hajishirzi,Computer Science,2.0,3.0,3,0.0,unique,https://www.ratemyprofessors.com/professor/2955811
CSE473,Artificial Intelligence,Undergraduate Major,23sp,Tanimoto,Steve Tanimoto,Computer Science,2.1,3.6,52,32.3529,unique,https://www.ratemyprofessors.com/professor/1221897
CSE473,Artificial Intelligence,Undergraduate Major,23wi,Shapiro,Linda Shapiro,Computer Science,1.8,3.3,16,18.1818,ambiguous,https://www.ratemyprofessors.com/professor/1367910
CSE473,Artificial Intelligence,Undergraduate Major,24au,Tanimoto,Steve Tanimoto,Computer Science,2.1,3.6,52,32.3529,unique,https://www.ratemyprofessors.com/professor/1221897
CSE473,Artificial Intelligence,Undergraduate Major,24sp,Hazen,,,,,,,not_found,
CSE473,Artificial Intelligence,Undergraduate Major,24wi,Minneker,,,,,,,not_found,
CSE473,Artificial Intelligence,Undergraduate Major,25au,Hazen,,,,,,,not_found,
CSE473,Artificial Intelligence,Undergraduate Major,25sp,Kessler Faulkner,Taylor Faulkner,Computer Science,5.0,3.5,2,100.0,cs-dept,https://www.ratemyprofessors.com/professor/3158186
CSE473,Artificial Intelligence,Undergraduate Major,25wi,Minneker,,,,,,,not_found,
CSE473,Artificial Intelligence,Undergraduate Major,26sp,Nivala,Jeffrey Nivala,Computer Science,5.0,2.5,2,100.0,unique,https://www.ratemyprofessors.com/professor/3009726
CSE473,Artificial Intelligence,Undergraduate Major,26su,Weichert,,,,,,,not_found,
CSE473,Artificial Intelligence,Undergraduate Major,26wi,Kessler Faulkner,Taylor Faulkner,Computer Science,5.0,3.5,2,100.0,cs-dept,https://www.ratemyprofessors.com/professor/3158186
CSE474,Introduction to Embedded Systems,Undergraduate Major,16au,Ecker,Allan Ecker,Electrical Engineering,2.2,3.1,10,30.0,unique,https://www.ratemyprofessors.com/professor/2028066
CSE474,Introduction to Embedded Systems,Undergraduate Major,17wi,Hemingway,Bruce Hemingway,Computer Science,3.1,2.9,13,45.4545,unique,https://www.ratemyprofessors.com/professor/1945988
CSE474,Introduction to Embedded Systems,Undergraduate Major,18wi,Hemingway,Bruce Hemingway,Computer Science,3.1,2.9,13,45.4545,unique,https://www.ratemyprofessors.com/professor/1945988
CSE474,Introduction to Embedded Systems,Undergraduate Major,22sp,Iyer,,,,,,,not_found,
CSE474,Introduction to Embedded Systems,Undergraduate Major,23sp,Iyer,,,,,,,not_found,
CSE474,Introduction to Embedded Systems,Undergraduate Major,24au,Iyer,,,,,,,not_found,
CSE474,Introduction to Embedded Systems,Undergraduate Major,24sp,Iyer,,,,,,,not_found,
CSE474,Introduction to Embedded Systems,Undergraduate Major,26wi,Iyer,,,,,,,not_found,
CSE475,Embedded Systems Capstone,Undergraduate Major,16au,Peckol,James Peckol,Engineering,3.3,4.5,37,0.0,unique,https://www.ratemyprofessors.com/professor/138056
CSE475,Embedded Systems Capstone,Undergraduate Major,16sp,Smith,Noah Smith,Computer Science,3.3,3.3,4,50.0,ambiguous,https://www.ratemyprofessors.com/professor/2284812
CSE475,Embedded Systems Capstone,Undergraduate Major,17sp,Patel,Shwetak Patel,Computer Engineering,4.3,3.3,4,-1.0,cs-dept,https://www.ratemyprofessors.com/professor/1677718
CSE475,Embedded Systems Capstone,Undergraduate Major,18au,Hemingway,Bruce Hemingway,Computer Science,3.1,2.9,13,45.4545,unique,https://www.ratemyprofessors.com/professor/1945988
CSE475,Embedded Systems Capstone,Undergraduate Major,19au,Hemingway,Bruce Hemingway,Computer Science,3.1,2.9,13,45.4545,unique,https://www.ratemyprofessors.com/professor/1945988
CSE475,Embedded Systems Capstone,Undergraduate Major,20au,Hemingway,Bruce Hemingway,Computer Science,3.1,2.9,13,45.4545,unique,https://www.ratemyprofessors.com/professor/1945988
CSE475,Embedded Systems Capstone,Undergraduate Major,21au,Patel,Shwetak Patel,Computer Engineering,4.3,3.3,4,-1.0,cs-dept,https://www.ratemyprofessors.com/professor/1677718
CSE475,Embedded Systems Capstone,Undergraduate Major,22au,Patel,Shwetak Patel,Computer Engineering,4.3,3.3,4,-1.0,cs-dept,https://www.ratemyprofessors.com/professor/1677718
CSE475,Embedded Systems Capstone,Undergraduate Major,23au,Patel,Shwetak Patel,Computer Engineering,4.3,3.3,4,-1.0,cs-dept,https://www.ratemyprofessors.com/professor/1677718
CSE475,Embedded Systems Capstone,Undergraduate Major,24au,Li,,,,,,,no_cs_match,
CSE475,Embedded Systems Capstone,Undergraduate Major,25au,Patel,Shwetak Patel,Computer Engineering,4.3,3.3,4,-1.0,cs-dept,https://www.ratemyprofessors.com/professor/1677718
CSE475,Embedded Systems Capstone,Undergraduate Major,25sp,Patel,Shwetak Patel,Computer Engineering,4.3,3.3,4,-1.0,cs-dept,https://www.ratemyprofessors.com/professor/1677718
CSE478,Autonomous Robotics,Undergraduate Major,20wi,Mavrogiannis,,,,,,,not_found,
CSE478,Autonomous Robotics,Undergraduate Major,21sp,Hou,Jeff Hou,Landscape Architecture,1.0,2.0,1,0.0,unique,https://www.ratemyprofessors.com/professor/2990713
CSE478,Autonomous Robotics,Undergraduate Major,22wi,Boots,Byron Boots,Computer Science,5.0,2.0,1,100.0,unique,https://www.ratemyprofessors.com/professor/2772291
CSE478,Autonomous Robotics,Undergraduate Major,23sp,Srinivasa,,,,,,,not_found,
CSE478,Autonomous Robotics,Undergraduate Major,23wi,Boots,Byron Boots,Computer Science,5.0,2.0,1,100.0,unique,https://www.ratemyprofessors.com/professor/2772291
CSE478,Autonomous Robotics,Undergraduate Major,24sp,Srinivasa,,,,,,,not_found,
CSE478,Autonomous Robotics,Undergraduate Major,24wi,Gupta,Abhishek Gupta,Computer Science,5.0,5.0,1,100.0,ambiguous,https://www.ratemyprofessors.com/professor/3046408
CSE478,Autonomous Robotics,Undergraduate Major,25sp,Srinivasa,,,,,,,not_found,
CSE478,Autonomous Robotics,Undergraduate Major,25wi,Gupta,Abhishek Gupta,Computer Science,5.0,5.0,1,100.0,ambiguous,https://www.ratemyprofessors.com/professor/3046408
CSE478,Autonomous Robotics,Undergraduate Major,26sp,Srinivasa,,,,,,,not_found,
CSE478,Autonomous Robotics,Undergraduate Major,26wi,Gupta,Abhishek Gupta,Computer Science,5.0,5.0,1,100.0,ambiguous,https://www.ratemyprofessors.com/professor/3046408
CSE480,Computer Ethics Seminar,Undergraduate Major,22au,Grossman,Daniel Grossman,Computer Engineering,4.5,2.8,31,90.0,unique,https://www.ratemyprofessors.com/professor/1519085
CSE480,Computer Ethics Seminar,Undergraduate Major,22au,Moore,Jared Moore,Computer Science,4.5,2.5,4,100.0,ambiguous,https://www.ratemyprofessors.com/professor/1990968
CSE480,Computer Ethics Seminar,Undergraduate Major,22sp,Grossman,Daniel Grossman,Computer Engineering,4.5,2.8,31,90.0,unique,https://www.ratemyprofessors.com/professor/1519085
CSE480,Computer Ethics Seminar,Undergraduate Major,22sp,Moore,Jared Moore,Computer Science,4.5,2.5,4,100.0,ambiguous,https://www.ratemyprofessors.com/professor/1990968
CSE480,Computer Ethics Seminar,Undergraduate Major,22wi,Moore,Jared Moore,Computer Science,4.5,2.5,4,100.0,ambiguous,https://www.ratemyprofessors.com/professor/1990968
CSE480,Computer Ethics Seminar,Undergraduate Major,23au,Grossman,Daniel Grossman,Computer Engineering,4.5,2.8,31,90.0,unique,https://www.ratemyprofessors.com/professor/1519085
CSE480,Computer Ethics Seminar,Undergraduate Major,23sp,Moore,Jared Moore,Computer Science,4.5,2.5,4,100.0,ambiguous,https://www.ratemyprofessors.com/professor/1990968
CSE480,Computer Ethics Seminar,Undergraduate Major,23wi,Moore,Jared Moore,Computer Science,4.5,2.5,4,100.0,ambiguous,https://www.ratemyprofessors.com/professor/1990968
CSE480,Computer Ethics Seminar,Undergraduate Major,24au,Sobel,,,,,,,not_found,
CSE480,Computer Ethics Seminar,Undergraduate Major,24sp,Sobel,,,,,,,not_found,
CSE480,Computer Ethics Seminar,Undergraduate Major,24wi,Sobel,,,,,,,not_found,
CSE480,Computer Ethics Seminar,Undergraduate Major,25au,Grossman,Daniel Grossman,Computer Engineering,4.5,2.8,31,90.0,unique,https://www.ratemyprofessors.com/professor/1519085
CSE480,Computer Ethics Seminar,Undergraduate Major,25sp,Grossman,Daniel Grossman,Computer Engineering,4.5,2.8,31,90.0,unique,https://www.ratemyprofessors.com/professor/1519085
CSE480,Computer Ethics Seminar,Undergraduate Major,25wi,Grossman,Daniel Grossman,Computer Engineering,4.5,2.8,31,90.0,unique,https://www.ratemyprofessors.com/professor/1519085
CSE480,Computer Ethics Seminar,Undergraduate Major,26sp,Weichert,,,,,,,not_found,
CSE480,Computer Ethics Seminar,Undergraduate Major,26wi,Weichert,,,,,,,not_found,
CSE481A,Capstone: OS,Undergraduate Major,02sp,Kimura,,,,,,,not_found,
CSE481A,Capstone: OS,Undergraduate Major,03wi,Kimura,,,,,,,not_found,
CSE481A,Capstone: OS,Undergraduate Major,04wi,Kimura,,,,,,,not_found,
CSE481A,Capstone: OS,Undergraduate Major,05wi,Kimura,,,,,,,not_found,
CSE481A,Capstone: OS,Undergraduate Major,06wi,Kimura,,,,,,,not_found,
CSE481A,Capstone: OS,Undergraduate Major,07wi,Kimura,,,,,,,not_found,
CSE481A,Capstone: OS,Undergraduate Major,08wi,Kimura,,,,,,,not_found,
CSE481A,Capstone: OS,Undergraduate Major,09sp,Kimura,,,,,,,not_found,
CSE481A,Capstone: OS,Undergraduate Major,10sp,Kimura,,,,,,,not_found,
CSE481A,Capstone: OS,Undergraduate Major,11sp,Kimura,,,,,,,not_found,
CSE481A,Capstone: OS,Undergraduate Major,18au,Zahorjan,John Zahorjan,Computer Science,2.7,3.7,26,35.2941,unique,https://www.ratemyprofessors.com/professor/139708
CSE481A,Capstone: OS,Undergraduate Major,18wi,Wang,Matt Wang,Computer Science,4.1,2.7,37,73.6842,ambiguous,https://www.ratemyprofessors.com/professor/3018170
CSE481A,Capstone: OS,Undergraduate Major,20sp,Wang,Matt Wang,Computer Science,4.1,2.7,37,73.6842,ambiguous,https://www.ratemyprofessors.com/professor/3018170
CSE481A,Capstone: OS,Undergraduate Major,22sp,Rao,Anup Rao,Computer Science,4.3,4.0,7,85.7143,ambiguous,https://www.ratemyprofessors.com/professor/2397281
CSE481A,Capstone: OS,Undergraduate Major,23sp,Peter,,,,,,,not_found,
CSE481A,Capstone: OS,Undergraduate Major,24sp,Peter,,,,,,,not_found,
CSE481A,Capstone: OS,Undergraduate Major,25sp,Peter,,,,,,,not_found,
CSE481A,Capstone: OS,Undergraduate Major,26sp,Peter,,,,,,,not_found,
CSE481C,Capstone: Robotics,Undergraduate Major,04wi,Fox,Dieter Fox,Computer Science,5.0,2.0,1,100.0,cs-dept,https://www.ratemyprofessors.com/professor/2258554
CSE481C,Capstone: Robotics,Undergraduate Major,06sp,Fox,Dieter Fox,Computer Science,5.0,2.0,1,100.0,cs-dept,https://www.ratemyprofessors.com/professor/2258554
CSE481C,Capstone: Robotics,Undergraduate Major,08sp,Fox,Dieter Fox,Computer Science,5.0,2.0,1,100.0,cs-dept,https://www.ratemyprofessors.com/professor/2258554
CSE481C,Capstone: Robotics,Undergraduate Major,09wi,McLurkin,,,,,,,not_found,
CSE481C,Capstone: Robotics,Undergraduate Major,11au,Rao,Anup Rao,Computer Science,4.3,4.0,7,85.7143,ambiguous,https://www.ratemyprofessors.com/professor/2397281
CSE481C,Capstone: Robotics,Undergraduate Major,13au,Cakmak,Maya Cakmak,Computer Engineering,5.0,3.0,1,100.0,unique,https://www.ratemyprofessors.com/professor/2834016
CSE481C,Capstone: Robotics,Undergraduate Major,14au,Cakmak,Maya Cakmak,Computer Engineering,5.0,3.0,1,100.0,unique,https://www.ratemyprofessors.com/professor/2834016
CSE481C,Capstone: Robotics,Undergraduate Major,16sp,Cakmak,Maya Cakmak,Computer Engineering,5.0,3.0,1,100.0,unique,https://www.ratemyprofessors.com/professor/2834016
CSE481C,Capstone: Robotics,Undergraduate Major,17sp,Cakmak,Maya Cakmak,Computer Engineering,5.0,3.0,1,100.0,unique,https://www.ratemyprofessors.com/professor/2834016
CSE481C,Capstone: Robotics,Undergraduate Major,18wi,Cakmak,Maya Cakmak,Computer Engineering,5.0,3.0,1,100.0,unique,https://www.ratemyprofessors.com/professor/2834016
CSE481C,Capstone: Robotics,Undergraduate Major,19wi,Cakmak,Maya Cakmak,Computer Engineering,5.0,3.0,1,100.0,unique,https://www.ratemyprofessors.com/professor/2834016
CSE481C,Capstone: Robotics,Undergraduate Major,20sp,Cakmak,Maya Cakmak,Computer Engineering,5.0,3.0,1,100.0,unique,https://www.ratemyprofessors.com/professor/2834016
CSE481C,Capstone: Robotics,Undergraduate Major,22sp,Cakmak,Maya Cakmak,Computer Engineering,5.0,3.0,1,100.0,unique,https://www.ratemyprofessors.com/professor/2834016
CSE481C,Capstone: Robotics,Undergraduate Major,23sp,Cakmak,Maya Cakmak,Computer Engineering,5.0,3.0,1,100.0,unique,https://www.ratemyprofessors.com/professor/2834016
CSE481C,Capstone: Robotics,Undergraduate Major,24wi,Cakmak,Maya Cakmak,Computer Engineering,5.0,3.0,1,100.0,unique,https://www.ratemyprofessors.com/professor/2834016
CSE481C,Capstone: Robotics,Undergraduate Major,25sp,Cakmak,Maya Cakmak,Computer Engineering,5.0,3.0,1,100.0,unique,https://www.ratemyprofessors.com/professor/2834016
CSE481C,Capstone: Robotics,Undergraduate Major,26sp,Cakmak,Maya Cakmak,Computer Engineering,5.0,3.0,1,100.0,unique,https://www.ratemyprofessors.com/professor/2834016
CSE481D,Capstone:  Games,Undergraduate Major,00sp,Zahorjan,John Zahorjan,Computer Science,2.7,3.7,26,35.2941,unique,https://www.ratemyprofessors.com/professor/139708
CSE481D,Capstone:  Games,Undergraduate Major,02au,Zahorjan,John Zahorjan,Computer Science,2.7,3.7,26,35.2941,unique,https://www.ratemyprofessors.com/professor/139708
CSE481D,Capstone:  Games,Undergraduate Major,02sp,Zahorjan,John Zahorjan,Computer Science,2.7,3.7,26,35.2941,unique,https://www.ratemyprofessors.com/professor/139708
CSE481D,Capstone:  Games,Undergraduate Major,03sp,Zahorjan,John Zahorjan,Computer Science,2.7,3.7,26,35.2941,unique,https://www.ratemyprofessors.com/professor/139708
CSE481D,Capstone:  Games,Undergraduate Major,04sp,Zahorjan,John Zahorjan,Computer Science,2.7,3.7,26,35.2941,unique,https://www.ratemyprofessors.com/professor/139708
CSE481D,Capstone:  Games,Undergraduate Major,05sp,Zahorjan,John Zahorjan,Computer Science,2.7,3.7,26,35.2941,unique,https://www.ratemyprofessors.com/professor/139708
CSE481D,Capstone:  Games,Undergraduate Major,07sp,Zahorjan,John Zahorjan,Computer Science,2.7,3.7,26,35.2941,unique,https://www.ratemyprofessors.com/professor/139708
CSE481D,Capstone:  Games,Undergraduate Major,08au,Zahorjan,John Zahorjan,Computer Science,2.7,3.7,26,35.2941,unique,https://www.ratemyprofessors.com/professor/139708
CSE481D,Capstone:  Games,Undergraduate Major,08sp,Zahorjan,John Zahorjan,Computer Science,2.7,3.7,26,35.2941,unique,https://www.ratemyprofessors.com/professor/139708
CSE481D,Capstone:  Games,Undergraduate Major,10sp,PopoviÄ,,,,,,,not_found,
CSE481D,Capstone:  Games,Undergraduate Major,11sp,PopoviÄ,,,,,,,not_found,
CSE481D,Capstone:  Games,Undergraduate Major,12sp,PopoviÄ,,,,,,,not_found,
CSE481D,Capstone:  Games,Undergraduate Major,13sp,Zahorjan,John Zahorjan,Computer Science,2.7,3.7,26,35.2941,unique,https://www.ratemyprofessors.com/professor/139708
CSE481D,Capstone:  Games,Undergraduate Major,14sp,PopoviÄ,,,,,,,not_found,
CSE481D,Capstone:  Games,Undergraduate Major,15sp,PopoviÄ,,,,,,,not_found,
CSE481D,Capstone:  Games,Undergraduate Major,16sp,PopoviÄ,,,,,,,not_found,
CSE481D,Capstone:  Games,Undergraduate Major,17sp,PopoviÄ,,,,,,,not_found,
CSE481D,Capstone:  Games,Undergraduate Major,18sp,PopoviÄ,,,,,,,not_found,
CSE481D,Capstone:  Games,Undergraduate Major,20wi,PopoviÄ,,,,,,,not_found,
CSE481D,Capstone:  Games,Undergraduate Major,21sp,PopoviÄ,,,,,,,not_found,
CSE481D,Capstone:  Games,Undergraduate Major,22sp,PopoviÄ,,,,,,,not_found,
CSE481D,Capstone:  Games,Undergraduate Major,23wi,Haduong,,,,,,,not_found,
CSE481D,Capstone:  Games,Undergraduate Major,24wi,PopoviÄ,,,,,,,not_found,
CSE481D,Capstone:  Games,Undergraduate Major,25sp,PopoviÄ,,,,,,,not_found,
CSE481D,Capstone:  Games,Undergraduate Major,25wi,PopoviÄ,,,,,,,not_found,
CSE481D,Capstone:  Games,Undergraduate Major,26wi,PopoviÄ,,,,,,,not_found,
CSE481DS,Capstone: Data Science,Undergraduate Major,20au,Althoff,Tim Althoff,Computer Science,1.0,2.0,2,0.0,unique,https://www.ratemyprofessors.com/professor/2970665
CSE481DS,Capstone: Data Science,Undergraduate Major,21au,Althoff,Tim Althoff,Computer Science,1.0,2.0,2,0.0,unique,https://www.ratemyprofessors.com/professor/2970665
CSE481DS,Capstone: Data Science,Undergraduate Major,22au,Althoff,Tim Althoff,Computer Science,1.0,2.0,2,0.0,unique,https://www.ratemyprofessors.com/professor/2970665
CSE481DS,Capstone: Data Science,Undergraduate Major,23au,Althoff,Tim Althoff,Computer Science,1.0,2.0,2,0.0,unique,https://www.ratemyprofessors.com/professor/2970665
CSE481DS,Capstone: Data Science,Undergraduate Major,24au,Althoff,Tim Althoff,Computer Science,1.0,2.0,2,0.0,unique,https://www.ratemyprofessors.com/professor/2970665
CSE481DS,Capstone: Data Science,Undergraduate Major,25au,Althoff,Tim Althoff,Computer Science,1.0,2.0,2,0.0,unique,https://www.ratemyprofessors.com/professor/2970665
CSE481L,(unknown),Undergraduate Major,15sp,Gollakota,Shyam Gollakota,Computer Science,2.0,3.3,6,16.6667,unique,https://www.ratemyprofessors.com/professor/2580306
CSE481L,(unknown),Undergraduate Major,21au,Heimerl,Kurtis Heimerl,Computer Science,2.8,2.5,4,50.0,unique,https://www.ratemyprofessors.com/professor/2676446
CSE481L,(unknown),Undergraduate Major,23sp,Gollakota,Shyam Gollakota,Computer Science,2.0,3.3,6,16.6667,unique,https://www.ratemyprofessors.com/professor/2580306
CSE481L,(unknown),Undergraduate Major,25sp,Fogarty,James Fogarty,Computer Science,4.8,2.6,11,100.0,unique,https://www.ratemyprofessors.com/professor/1292832
CSE481L,(unknown),Undergraduate Major,25wi,Gollakota,Shyam Gollakota,Computer Science,2.0,3.3,6,16.6667,unique,https://www.ratemyprofessors.com/professor/2580306
CSE481L,(unknown),Undergraduate Major,26sp,Gollakota,Shyam Gollakota,Computer Science,2.0,3.3,6,16.6667,unique,https://www.ratemyprofessors.com/professor/2580306
CSE481L,(unknown),Undergraduate Major,26wi,Fogarty,James Fogarty,Computer Science,4.8,2.6,11,100.0,unique,https://www.ratemyprofessors.com/professor/1292832
CSE481N,Capstone: Natural Language Processing,Undergraduate Major,17sp,Choi,,,,,,,no_cs_match,
CSE481N,Capstone: Natural Language Processing,Undergraduate Major,18sp,Choi,,,,,,,no_cs_match,
CSE481N,Capstone: Natural Language Processing,Undergraduate Major,19sp,Smith,Noah Smith,Computer Science,3.3,3.3,4,50.0,ambiguous,https://www.ratemyprofessors.com/professor/2284812
CSE481N,Capstone: Natural Language Processing,Undergraduate Major,20sp,Smith,Noah Smith,Computer Science,3.3,3.3,4,50.0,ambiguous,https://www.ratemyprofessors.com/professor/2284812
CSE481N,Capstone: Natural Language Processing,Undergraduate Major,21sp,Smith,Noah Smith,Computer Science,3.3,3.3,4,50.0,ambiguous,https://www.ratemyprofessors.com/professor/2284812
CSE481N,Capstone: Natural Language Processing,Undergraduate Major,22sp,Smith,Noah Smith,Computer Science,3.3,3.3,4,50.0,ambiguous,https://www.ratemyprofessors.com/professor/2284812
CSE481N,Capstone: Natural Language Processing,Undergraduate Major,23sp,Smith,Noah Smith,Computer Science,3.3,3.3,4,50.0,ambiguous,https://www.ratemyprofessors.com/professor/2284812
CSE481N,Capstone: Natural Language Processing,Undergraduate Major,24sp,Smith,Noah Smith,Computer Science,3.3,3.3,4,50.0,ambiguous,https://www.ratemyprofessors.com/professor/2284812
CSE481NE,Capstone: Neural Engineering,Undergraduate Major,21sp,Rao,Anup Rao,Computer Science,4.3,4.0,7,85.7143,ambiguous,https://www.ratemyprofessors.com/professor/2397281
CSE481P,Capstone: Social Computing,Undergraduate Major,18sp,Tanimoto,Steve Tanimoto,Computer Science,2.1,3.6,52,32.3529,unique,https://www.ratemyprofessors.com/professor/1221897
CSE481P,Capstone: Social Computing,Undergraduate Major,22wi,Zhang,,,,,,,no_cs_match,
CSE481P,Capstone: Social Computing,Undergraduate Major,23sp,Zhang,,,,,,,no_cs_match,
CSE481P,Capstone: Social Computing,Undergraduate Major,24wi,Zhang,,,,,,,no_cs_match,
CSE481S,Capstone: Security,Undergraduate Major,17wi,Kohno,Tadayoshi Kohno,Computer Engineering,4.0,2.8,4,75.0,ambiguous,https://www.ratemyprofessors.com/professor/2051786
CSE481S,Capstone: Security,Undergraduate Major,17wi,Roesner,Franziska Roesner,Computer Science,0.0,0.0,0,-1.0,unique,https://www.ratemyprofessors.com/professor/3064381
CSE481S,Capstone: Security,Undergraduate Major,19au,Roesner,Franziska Roesner,Computer Science,0.0,0.0,0,-1.0,unique,https://www.ratemyprofessors.com/professor/3064381
CSE481S,Capstone: Security,Undergraduate Major,19wi,Kohno,Tadayoshi Kohno,Computer Engineering,4.0,2.8,4,75.0,ambiguous,https://www.ratemyprofessors.com/professor/2051786
CSE481S,Capstone: Security,Undergraduate Major,21wi,Kohno,Tadayoshi Kohno,Computer Engineering,4.0,2.8,4,75.0,ambiguous,https://www.ratemyprofessors.com/professor/2051786
CSE481S,Capstone: Security,Undergraduate Major,22sp,Kohno,Tadayoshi Kohno,Computer Engineering,4.0,2.8,4,75.0,ambiguous,https://www.ratemyprofessors.com/professor/2051786
CSE481S,Capstone: Security,Undergraduate Major,23wi,Roesner,Franziska Roesner,Computer Science,0.0,0.0,0,-1.0,unique,https://www.ratemyprofessors.com/professor/3064381
CSE481S,Capstone: Security,Undergraduate Major,24sp,Kohno,Tadayoshi Kohno,Computer Engineering,4.0,2.8,4,75.0,ambiguous,https://www.ratemyprofessors.com/professor/2051786
CSE481S,Capstone: Security,Undergraduate Major,25sp,Roesner,Franziska Roesner,Computer Science,0.0,0.0,0,-1.0,unique,https://www.ratemyprofessors.com/professor/3064381
CSE481S,Capstone: Security,Undergraduate Major,26sp,Radka,,,,,,,not_found,
CSE481V,Capstone: AR/VR,Undergraduate Major,16sp,Kemelmacher,,,,,,,not_found,
CSE481V,Capstone: AR/VR,Undergraduate Major,16sp,Seitz,Steven Seitz,Computer Science,0.0,0.0,0,-1.0,unique,https://www.ratemyprofessors.com/professor/1304909
CSE481V,Capstone: AR/VR,Undergraduate Major,18au,Sankar,,,,,,,not_found,
CSE481V,Capstone: AR/VR,Undergraduate Major,19sp,Kemelmacher,,,,,,,not_found,
CSE481V,Capstone: AR/VR,Undergraduate Major,20sp,Kemelmacher,,,,,,,not_found,
CSE481V,Capstone: AR/VR,Undergraduate Major,21sp,Kemelmacher,,,,,,,not_found,
CSE481V,Capstone: AR/VR,Undergraduate Major,22wi,Kemelmacher,,,,,,,not_found,
CSE481V,Capstone: AR/VR,Undergraduate Major,23wi,Kemelmacher,,,,,,,not_found,
CSE481V,Capstone: AR/VR,Undergraduate Major,24sp,Kemelmacher,,,,,,,not_found,
CSE481V,Capstone: AR/VR,Undergraduate Major,25sp,Kemelmacher,,,,,,,not_found,
CSE481V,Capstone: AR/VR,Undergraduate Major,26wi,Kemelmacher,,,,,,,not_found,
CSE482B,Capstone Software Design to Empower Underserved Populations (Tech for Resource-Constrained Env.),Undergraduate Major,19sp,Anderson,Ruth Anderson,Computer Science,3.9,3.3,57,74.4186,ambiguous,https://www.ratemyprofessors.com/professor/1356337
CSE482B,Capstone Software Design to Empower Underserved Populations (Tech for Resource-Constrained Env.),Undergraduate Major,21sp,Anderson,Ruth Anderson,Computer Science,3.9,3.3,57,74.4186,ambiguous,https://www.ratemyprofessors.com/professor/1356337
CSE482B,Capstone Software Design to Empower Underserved Populations (Tech for Resource-Constrained Env.),Undergraduate Major,22wi,Anderson,Ruth Anderson,Computer Science,3.9,3.3,57,74.4186,ambiguous,https://www.ratemyprofessors.com/professor/1356337
CSE482B,Capstone Software Design to Empower Underserved Populations (Tech for Resource-Constrained Env.),Undergraduate Major,23sp,Anderson,Ruth Anderson,Computer Science,3.9,3.3,57,74.4186,ambiguous,https://www.ratemyprofessors.com/professor/1356337
CSE482B,Capstone Software Design to Empower Underserved Populations (Tech for Resource-Constrained Env.),Undergraduate Major,24sp,Anderson,Ruth Anderson,Computer Science,3.9,3.3,57,74.4186,ambiguous,https://www.ratemyprofessors.com/professor/1356337
CSE484,Computer Security,Undergraduate Major,07sp,Kohno,Tadayoshi Kohno,Computer Engineering,4.0,2.8,4,75.0,ambiguous,https://www.ratemyprofessors.com/professor/2051786
CSE484,Computer Security,Undergraduate Major,08wi,Kohno,Tadayoshi Kohno,Computer Engineering,4.0,2.8,4,75.0,ambiguous,https://www.ratemyprofessors.com/professor/2051786
CSE484,Computer Security,Undergraduate Major,09wi,Kohno,Tadayoshi Kohno,Computer Engineering,4.0,2.8,4,75.0,ambiguous,https://www.ratemyprofessors.com/professor/2051786
CSE484,Computer Security,Undergraduate Major,10wi,Kohno,Tadayoshi Kohno,Computer Engineering,4.0,2.8,4,75.0,ambiguous,https://www.ratemyprofessors.com/professor/2051786
CSE484,Computer Security,Undergraduate Major,11au,Halperin,Liora Halperin,International Studies,2.2,4.3,15,26.6667,unique,https://www.ratemyprofessors.com/professor/2326114
CSE484,Computer Security,Undergraduate Major,11au,Kohno,Tadayoshi Kohno,Computer Engineering,4.0,2.8,4,75.0,ambiguous,https://www.ratemyprofessors.com/professor/2051786
CSE484,Computer Security,Undergraduate Major,11wi,Kohno,Tadayoshi Kohno,Computer Engineering,4.0,2.8,4,75.0,ambiguous,https://www.ratemyprofessors.com/professor/2051786
CSE484,Computer Security,Undergraduate Major,12sp,Kohno,Tadayoshi Kohno,Computer Engineering,4.0,2.8,4,75.0,ambiguous,https://www.ratemyprofessors.com/professor/2051786
CSE484,Computer Security,Undergraduate Major,13au,Kohno,Tadayoshi Kohno,Computer Engineering,4.0,2.8,4,75.0,ambiguous,https://www.ratemyprofessors.com/professor/2051786
CSE484,Computer Security,Undergraduate Major,13wi,Kohno,Tadayoshi Kohno,Computer Engineering,4.0,2.8,4,75.0,ambiguous,https://www.ratemyprofessors.com/professor/2051786
CSE484,Computer Security,Undergraduate Major,14au,Livshits,,,,,,,not_found,
CSE484,Computer Security,Undergraduate Major,15au,Kohno,Tadayoshi Kohno,Computer Engineering,4.0,2.8,4,75.0,ambiguous,https://www.ratemyprofessors.com/professor/2051786
CSE484,Computer Security,Undergraduate Major,15sp,Roesner,Franziska Roesner,Computer Science,0.0,0.0,0,-1.0,unique,https://www.ratemyprofessors.com/professor/3064381
CSE484,Computer Security,Undergraduate Major,16au,Kohno,Tadayoshi Kohno,Computer Engineering,4.0,2.8,4,75.0,ambiguous,https://www.ratemyprofessors.com/professor/2051786
CSE484,Computer Security,Undergraduate Major,16au,Lerner,,,,,,,not_found,
CSE484,Computer Security,Undergraduate Major,16sp,Roesner,Franziska Roesner,Computer Science,0.0,0.0,0,-1.0,unique,https://www.ratemyprofessors.com/professor/3064381
CSE484,Computer Security,Undergraduate Major,17au,Roesner,Franziska Roesner,Computer Science,0.0,0.0,0,-1.0,unique,https://www.ratemyprofessors.com/professor/3064381
CSE484,Computer Security,Undergraduate Major,17sp,Roesner,Franziska Roesner,Computer Science,0.0,0.0,0,-1.0,unique,https://www.ratemyprofessors.com/professor/3064381
CSE484,Computer Security,Undergraduate Major,18au,Kohno,Tadayoshi Kohno,Computer Engineering,4.0,2.8,4,75.0,ambiguous,https://www.ratemyprofessors.com/professor/2051786
CSE484,Computer Security,Undergraduate Major,18sp,Kohno,Tadayoshi Kohno,Computer Engineering,4.0,2.8,4,75.0,ambiguous,https://www.ratemyprofessors.com/professor/2051786
CSE484,Computer Security,Undergraduate Major,19au,Kohno,Tadayoshi Kohno,Computer Engineering,4.0,2.8,4,75.0,ambiguous,https://www.ratemyprofessors.com/professor/2051786
CSE484,Computer Security,Undergraduate Major,19sp,Roesner,Franziska Roesner,Computer Science,0.0,0.0,0,-1.0,unique,https://www.ratemyprofessors.com/professor/3064381
CSE484,Computer Security,Undergraduate Major,20au,Roesner,Franziska Roesner,Computer Science,0.0,0.0,0,-1.0,unique,https://www.ratemyprofessors.com/professor/3064381
CSE484,Computer Security,Undergraduate Major,20sp,Roesner,Franziska Roesner,Computer Science,0.0,0.0,0,-1.0,unique,https://www.ratemyprofessors.com/professor/3064381
CSE484,Computer Security,Undergraduate Major,21au,Kohlbrenner,David Kohlbrenner,Computer Science,3.8,2.5,6,71.4286,unique,https://www.ratemyprofessors.com/professor/2675089
CSE484,Computer Security,Undergraduate Major,21sp,Kohno,Tadayoshi Kohno,Computer Engineering,4.0,2.8,4,75.0,ambiguous,https://www.ratemyprofessors.com/professor/2051786
CSE484,Computer Security,Undergraduate Major,21wi,Kohlbrenner,David Kohlbrenner,Computer Science,3.8,2.5,6,71.4286,unique,https://www.ratemyprofessors.com/professor/2675089
CSE484,Computer Security,Undergraduate Major,22au,Roesner,Franziska Roesner,Computer Science,0.0,0.0,0,-1.0,unique,https://www.ratemyprofessors.com/professor/3064381
CSE484,Computer Security,Undergraduate Major,22wi,Kohno,Tadayoshi Kohno,Computer Engineering,4.0,2.8,4,75.0,ambiguous,https://www.ratemyprofessors.com/professor/2051786
CSE484,Computer Security,Undergraduate Major,23au,Roesner,Franziska Roesner,Computer Science,0.0,0.0,0,-1.0,unique,https://www.ratemyprofessors.com/professor/3064381
CSE484,Computer Security,Undergraduate Major,23sp,Kohlbrenner,David Kohlbrenner,Computer Science,3.8,2.5,6,71.4286,unique,https://www.ratemyprofessors.com/professor/2675089
CSE484,Computer Security,Undergraduate Major,23wi,Kohno,Tadayoshi Kohno,Computer Engineering,4.0,2.8,4,75.0,ambiguous,https://www.ratemyprofessors.com/professor/2051786
CSE484,Computer Security,Undergraduate Major,24au,Roesner,Franziska Roesner,Computer Science,0.0,0.0,0,-1.0,unique,https://www.ratemyprofessors.com/professor/3064381
CSE484,Computer Security,Undergraduate Major,24sp,Kohlbrenner,David Kohlbrenner,Computer Science,3.8,2.5,6,71.4286,unique,https://www.ratemyprofessors.com/professor/2675089
CSE484,Computer Security,Undergraduate Major,24wi,Kohno,Tadayoshi Kohno,Computer Engineering,4.0,2.8,4,75.0,ambiguous,https://www.ratemyprofessors.com/professor/2051786
CSE484,Computer Security,Undergraduate Major,25au,Tyagi,,,,,,,not_found,
CSE484,Computer Security,Undergraduate Major,25sp,Kohlbrenner,David Kohlbrenner,Computer Science,3.8,2.5,6,71.4286,unique,https://www.ratemyprofessors.com/professor/2675089
CSE484,Computer Security,Undergraduate Major,25wi,Tyagi,,,,,,,not_found,
CSE484,Computer Security,Undergraduate Major,26sp,Kohlbrenner,David Kohlbrenner,Computer Science,3.8,2.5,6,71.4286,unique,https://www.ratemyprofessors.com/professor/2675089
CSE484,Computer Security,Undergraduate Major,26wi,Radka,,,,,,,not_found,
CSE492B,Tech-Industry Business Fundamentals,Undergraduate Major,26sp,Sackler,,,,,,,not_found,
CSE492C,Seminar: Navigating Early-Career Challenges,Undergraduate Major,23au,Fetsch,,,,,,,not_found,
CSE492C,Seminar: Navigating Early-Career Challenges,Undergraduate Major,23sp,Fetsch,,,,,,,not_found,
CSE492C,Seminar: Navigating Early-Career Challenges,Undergraduate Major,24sp,Fetsch,,,,,,,not_found,
CSE492C,Seminar: Navigating Early-Career Challenges,Undergraduate Major,24wi,Fetsch,,,,,,,not_found,
CSE492J,Career Seminar,Undergraduate Major,19au,Nguyen,Pemi Nguyen,Computer Science,1.0,4.0,1,0.0,cs-dept,https://www.ratemyprofessors.com/professor/2798082
CSE492J,Career Seminar,Undergraduate Major,20au,Nguyen,Pemi Nguyen,Computer Science,1.0,4.0,1,0.0,cs-dept,https://www.ratemyprofessors.com/professor/2798082
CSE492J,Career Seminar,Undergraduate Major,20sp,Nguyen,Pemi Nguyen,Computer Science,1.0,4.0,1,0.0,cs-dept,https://www.ratemyprofessors.com/professor/2798082
CSE492J,Career Seminar,Undergraduate Major,20sp,Wang,Matt Wang,Computer Science,4.1,2.7,37,73.6842,ambiguous,https://www.ratemyprofessors.com/professor/3018170
CSE492J,Career Seminar,Undergraduate Major,20wi,Nguyen,Pemi Nguyen,Computer Science,1.0,4.0,1,0.0,cs-dept,https://www.ratemyprofessors.com/professor/2798082
CSE492J,Career Seminar,Undergraduate Major,21au,Nguyen,Pemi Nguyen,Computer Science,1.0,4.0,1,0.0,cs-dept,https://www.ratemyprofessors.com/professor/2798082
CSE492J,Career Seminar,Undergraduate Major,21sp,Nguyen,Pemi Nguyen,Computer Science,1.0,4.0,1,0.0,cs-dept,https://www.ratemyprofessors.com/professor/2798082
CSE492J,Career Seminar,Undergraduate Major,21wi,Nguyen,Pemi Nguyen,Computer Science,1.0,4.0,1,0.0,cs-dept,https://www.ratemyprofessors.com/professor/2798082
CSE492J,Career Seminar,Undergraduate Major,22sp,Nguyen,Pemi Nguyen,Computer Science,1.0,4.0,1,0.0,cs-dept,https://www.ratemyprofessors.com/professor/2798082
CSE492J,Career Seminar,Undergraduate Major,22wi,Champion,Kasey Champion,Computer Science,4.6,3.2,20,90.0,ambiguous,https://www.ratemyprofessors.com/professor/2380331
CSE492J,Career Seminar,Undergraduate Major,22wi,Nguyen,Pemi Nguyen,Computer Science,1.0,4.0,1,0.0,cs-dept,https://www.ratemyprofessors.com/professor/2798082
CSE492J,Career Seminar,Undergraduate Major,23sp,Champion,Kasey Champion,Computer Science,4.6,3.2,20,90.0,ambiguous,https://www.ratemyprofessors.com/professor/2380331
CSE492J,Career Seminar,Undergraduate Major,23sp,Nguyen,Pemi Nguyen,Computer Science,1.0,4.0,1,0.0,cs-dept,https://www.ratemyprofessors.com/professor/2798082
CSE492J,Career Seminar,Undergraduate Major,23wi,Champion,Kasey Champion,Computer Science,4.6,3.2,20,90.0,ambiguous,https://www.ratemyprofessors.com/professor/2380331
CSE492J,Career Seminar,Undergraduate Major,23wi,Nguyen,Pemi Nguyen,Computer Science,1.0,4.0,1,0.0,cs-dept,https://www.ratemyprofessors.com/professor/2798082
CSE492J,Career Seminar,Undergraduate Major,24sp,Champion,Kasey Champion,Computer Science,4.6,3.2,20,90.0,ambiguous,https://www.ratemyprofessors.com/professor/2380331
CSE492J,Career Seminar,Undergraduate Major,24sp,Nguyen,Pemi Nguyen,Computer Science,1.0,4.0,1,0.0,cs-dept,https://www.ratemyprofessors.com/professor/2798082
CSE492J,Career Seminar,Undergraduate Major,24wi,Champion,Kasey Champion,Computer Science,4.6,3.2,20,90.0,ambiguous,https://www.ratemyprofessors.com/professor/2380331
CSE492J,Career Seminar,Undergraduate Major,24wi,Nguyen,Pemi Nguyen,Computer Science,1.0,4.0,1,0.0,cs-dept,https://www.ratemyprofessors.com/professor/2798082
CSE492J,Career Seminar,Undergraduate Major,25sp,Champion,Kasey Champion,Computer Science,4.6,3.2,20,90.0,ambiguous,https://www.ratemyprofessors.com/professor/2380331
CSE492J,Career Seminar,Undergraduate Major,25sp,Nguyen,Pemi Nguyen,Computer Science,1.0,4.0,1,0.0,cs-dept,https://www.ratemyprofessors.com/professor/2798082
CSE492J,Career Seminar,Undergraduate Major,25wi,Champion,Kasey Champion,Computer Science,4.6,3.2,20,90.0,ambiguous,https://www.ratemyprofessors.com/professor/2380331
CSE492J,Career Seminar,Undergraduate Major,25wi,Nguyen,Pemi Nguyen,Computer Science,1.0,4.0,1,0.0,cs-dept,https://www.ratemyprofessors.com/professor/2798082
CSE492J,Career Seminar,Undergraduate Major,26wi,Champion,Kasey Champion,Computer Science,4.6,3.2,20,90.0,ambiguous,https://www.ratemyprofessors.com/professor/2380331
CSE492J,Career Seminar,Undergraduate Major,26wi,Nguyen,Pemi Nguyen,Computer Science,1.0,4.0,1,0.0,cs-dept,https://www.ratemyprofessors.com/professor/2798082
CSE492P1,Seminar: Patterns for Career Success,Undergraduate Major,19au,Su,Zhixu Su,Mathematics,4.7,3.5,80,88.8889,unique,https://www.ratemyprofessors.com/professor/2631726
CSE492P1,Seminar: Patterns for Career Success,Undergraduate Major,20au,Su,Zhixu Su,Mathematics,4.7,3.5,80,88.8889,unique,https://www.ratemyprofessors.com/professor/2631726
CSE492P1,Seminar: Patterns for Career Success,Undergraduate Major,24sp,Su,Zhixu Su,Mathematics,4.7,3.5,80,88.8889,unique,https://www.ratemyprofessors.com/professor/2631726
CSE493C,Advanced Special Topics:  Molecular Computation,Undergraduate Major,24wi,Thachuk,Christopher Thachuk,Computer Science,4.2,3.5,6,100.0,unique,https://www.ratemyprofessors.com/professor/2749955
CSE493C,Advanced Special Topics:  Molecular Computation,Undergraduate Major,26wi,Thachuk,Christopher Thachuk,Computer Science,4.2,3.5,6,100.0,unique,https://www.ratemyprofessors.com/professor/2749955
CSE493E,Advanced Special Topics: Accessibility,Undergraduate Major,23au,Mankoff,Jennifer Mankoff,Computer Science,3.6,3.6,5,60.0,unique,https://www.ratemyprofessors.com/professor/2564769
CSE493E,Advanced Special Topics: Accessibility,Undergraduate Major,24au,Mankoff,Jennifer Mankoff,Computer Science,3.6,3.6,5,60.0,unique,https://www.ratemyprofessors.com/professor/2564769
CSE493F,Advanced Special Topics: Physical Computing,Undergraduate Major,24sp,Froehlich,Jon Froehlich,Computer Science,5.0,2.0,1,100.0,unique,https://www.ratemyprofessors.com/professor/2394659
CSE493F,Advanced Special Topics: Physical Computing,Undergraduate Major,26sp,Froehlich,Jon Froehlich,Computer Science,5.0,2.0,1,100.0,unique,https://www.ratemyprofessors.com/professor/2394659
CSE493G1,Advanced Special Topics: Introduction to Deep Learning,Undergraduate Major,23au,Farhadi,,,,,,,not_found,
CSE493G1,Advanced Special Topics: Introduction to Deep Learning,Undergraduate Major,23au,Kusupati,,,,,,,not_found,
CSE493G1,Advanced Special Topics: Introduction to Deep Learning,Undergraduate Major,23sp,Krishna,Ranjay Krishna,Computer Science,4.5,3.2,6,100.0,unique,https://www.ratemyprofessors.com/professor/2977850
CSE493G1,Advanced Special Topics: Introduction to Deep Learning,Undergraduate Major,24au,Farhadi,,,,,,,not_found,
CSE493G1,Advanced Special Topics: Introduction to Deep Learning,Undergraduate Major,24au,Pratt,,,,,,,no_cs_match,
CSE493G1,Advanced Special Topics: Introduction to Deep Learning,Undergraduate Major,24wi,Krishna,Ranjay Krishna,Computer Science,4.5,3.2,6,100.0,unique,https://www.ratemyprofessors.com/professor/2977850
CSE493G1,Advanced Special Topics: Introduction to Deep Learning,Undergraduate Major,25sp,Krishna,Ranjay Krishna,Computer Science,4.5,3.2,6,100.0,unique,https://www.ratemyprofessors.com/professor/2977850
CSE493G1,Advanced Special Topics: Introduction to Deep Learning,Undergraduate Major,26sp,Krishna,Ranjay Krishna,Computer Science,4.5,3.2,6,100.0,unique,https://www.ratemyprofessors.com/professor/2977850
CSE493G1,Advanced Special Topics: Introduction to Deep Learning,Undergraduate Major,26wi,Farhadi,,,,,,,not_found,
CSE493G1,Advanced Special Topics: Introduction to Deep Learning,Undergraduate Major,26wi,Pratt,,,,,,,no_cs_match,
CSE554,Systems for Machine Learning,Graduate (Ph.D),26wi,Kasikci,Baris Kasikci,Computer Science,5.0,4.0,1,100.0,unique,https://www.ratemyprofessors.com/professor/5047556
CSE556,Computational Fabrication,Graduate (Ph.D),18au,Schulz,Adriana Schulz,Computer Science,5.0,5.0,1,100.0,cs-dept,https://www.ratemyprofessors.com/professor/2604562
CSE556,Computational Fabrication,Graduate (Ph.D),19au,Jones,,,,,,,no_cs_match,
CSE556,Computational Fabrication,Graduate (Ph.D),19au,Schulz,Adriana Schulz,Computer Science,5.0,5.0,1,100.0,cs-dept,https://www.ratemyprofessors.com/professor/2604562
CSE556,Computational Fabrication,Graduate (Ph.D),22wi,Schulz,Adriana Schulz,Computer Science,5.0,5.0,1,100.0,cs-dept,https://www.ratemyprofessors.com/professor/2604562
CSE556,Computational Fabrication,Graduate (Ph.D),23wi,Schulz,Adriana Schulz,Computer Science,5.0,5.0,1,100.0,cs-dept,https://www.ratemyprofessors.com/professor/2604562
CSE556,Computational Fabrication,Graduate (Ph.D),25wi,Schulz,Adriana Schulz,Computer Science,5.0,5.0,1,100.0,cs-dept,https://www.ratemyprofessors.com/professor/2604562
CSE557,Computer Graphics,Graduate (Ph.D),01wi,PopoviÄ,,,,,,,not_found,
CSE557,Computer Graphics,Graduate (Ph.D),02wi,Curless,Brian Curless,Computer Science,2.0,4.0,3,0.0,unique,https://www.ratemyprofessors.com/professor/3159692
CSE557,Computer Graphics,Graduate (Ph.D),03wi,Curless,Brian Curless,Computer Science,2.0,4.0,3,0.0,unique,https://www.ratemyprofessors.com/professor/3159692
CSE557,Computer Graphics,Graduate (Ph.D),04wi,Curless,Brian Curless,Computer Science,2.0,4.0,3,0.0,unique,https://www.ratemyprofessors.com/professor/3159692
CSE557,Computer Graphics,Graduate (Ph.D),05wi,PopoviÄ,,,,,,,not_found,
CSE557,Computer Graphics,Graduate (Ph.D),06wi,Curless,Brian Curless,Computer Science,2.0,4.0,3,0.0,unique,https://www.ratemyprofessors.com/professor/3159692
CSE557,Computer Graphics,Graduate (Ph.D),07wi,PopoviÄ,,,,,,,not_found,
CSE557,Computer Graphics,Graduate (Ph.D),08wi,Curless,Brian Curless,Computer Science,2.0,4.0,3,0.0,unique,https://www.ratemyprofessors.com/professor/3159692
CSE557,Computer Graphics,Graduate (Ph.D),09au,Curless,Brian Curless,Computer Science,2.0,4.0,3,0.0,unique,https://www.ratemyprofessors.com/professor/3159692
CSE557,Computer Graphics,Graduate (Ph.D),09wi,PopoviÄ,,,,,,,not_found,
CSE557,Computer Graphics,Graduate (Ph.D),13au,Curless,Brian Curless,Computer Science,2.0,4.0,3,0.0,unique,https://www.ratemyprofessors.com/professor/3159692
CSE557,Computer Graphics,Graduate (Ph.D),14au,Curless,Brian Curless,Computer Science,2.0,4.0,3,0.0,unique,https://www.ratemyprofessors.com/professor/3159692
CSE557,Computer Graphics,Graduate (Ph.D),15au,Curless,Brian Curless,Computer Science,2.0,4.0,3,0.0,unique,https://www.ratemyprofessors.com/professor/3159692
CSE557,Computer Graphics,Graduate (Ph.D),17au,Curless,Brian Curless,Computer Science,2.0,4.0,3,0.0,unique,https://www.ratemyprofessors.com/professor/3159692
CSE557,Computer Graphics,Graduate (Ph.D),23sp,Bernstein,Gilbert Bernstein,Computer Science,1.0,4.5,2,33.3333,unique,https://www.ratemyprofessors.com/professor/2985306
CSE557,Computer Graphics,Graduate (Ph.D),24au,Bernstein,Gilbert Bernstein,Computer Science,1.0,4.5,2,33.3333,unique,https://www.ratemyprofessors.com/professor/2985306
CSE557,Computer Graphics,Graduate (Ph.D),25au,Bernstein,Gilbert Bernstein,Computer Science,1.0,4.5,2,33.3333,unique,https://www.ratemyprofessors.com/professor/2985306
CSE557,Computer Graphics,Graduate (Ph.D),97wi,Salesin,,,,,,,not_found,
CSE557,Computer Graphics,Graduate (Ph.D),98wi,Curless,Brian Curless,Computer Science,2.0,4.0,3,0.0,unique,https://www.ratemyprofessors.com/professor/3159692
CSE557,Computer Graphics,Graduate (Ph.D),99sp,Curless,Brian Curless,Computer Science,2.0,4.0,3,0.0,unique,https://www.ratemyprofessors.com/professor/3159692
CSE558,Special Topics in Computer Graphics,Graduate (Ph.D),00sp,PopoviÄ,,,,,,,not_found,
CSE558,Special Topics in Computer Graphics,Graduate (Ph.D),01sp,Curless,Brian Curless,Computer Science,2.0,4.0,3,0.0,unique,https://www.ratemyprofessors.com/professor/3159692
CSE558,Special Topics in Computer Graphics,Graduate (Ph.D),02sp,PopoviÄ,,,,,,,not_found,
CSE558,Special Topics in Computer Graphics,Graduate (Ph.D),03sp,Curless,Brian Curless,Computer Science,2.0,4.0,3,0.0,unique,https://www.ratemyprofessors.com/professor/3159692
CSE558,Special Topics in Computer Graphics,Graduate (Ph.D),03sp,Salesin,,,,,,,not_found,
CSE558,Special Topics in Computer Graphics,Graduate (Ph.D),05wi,Agarwala,,,,,,,not_found,
CSE558,Special Topics in Computer Graphics,Graduate (Ph.D),06sp,Goesele,,,,,,,not_found,
CSE558,Special Topics in Computer Graphics,Graduate (Ph.D),07sp,PopoviÄ,,,,,,,not_found,
CSE558,Special Topics in Computer Graphics,Graduate (Ph.D),11wi,Lefohn,,,,,,,not_found,
CSE558,Special Topics in Computer Graphics,Graduate (Ph.D),98sp,Curless,Brian Curless,Computer Science,2.0,4.0,3,0.0,unique,https://www.ratemyprofessors.com/professor/3159692
CSE561,Computer Communication and Networks,Graduate (Ph.D),00sp,Wetherall,,,,,,,not_found,
CSE561,Computer Communication and Networks,Graduate (Ph.D),02au,Anderson,Ruth Anderson,Computer Science,3.9,3.3,57,74.4186,ambiguous,https://www.ratemyprofessors.com/professor/1356337
CSE561,Computer Communication and Networks,Graduate (Ph.D),02sp,Wetherall,,,,,,,not_found,
CSE561,Computer Communication and Networks,Graduate (Ph.D),03au,Wetherall,,,,,,,not_found,
CSE561,Computer Communication and Networks,Graduate (Ph.D),04au,Wetherall,,,,,,,not_found,
CSE561,Computer Communication and Networks,Graduate (Ph.D),05au,Anderson,Ruth Anderson,Computer Science,3.9,3.3,57,74.4186,ambiguous,https://www.ratemyprofessors.com/professor/1356337
CSE561,Computer Communication and Networks,Graduate (Ph.D),07au,Anderson,Ruth Anderson,Computer Science,3.9,3.3,57,74.4186,ambiguous,https://www.ratemyprofessors.com/professor/1356337
CSE561,Computer Communication and Networks,Graduate (Ph.D),07wi,Anderson,Ruth Anderson,Computer Science,3.9,3.3,57,74.4186,ambiguous,https://www.ratemyprofessors.com/professor/1356337
CSE561,Computer Communication and Networks,Graduate (Ph.D),10sp,Wetherall,,,,,,,not_found,
CSE561,Computer Communication and Networks,Graduate (Ph.D),12wi,Krishnamurthy,,,,,,,not_found,
CSE561,Computer Communication and Networks,Graduate (Ph.D),14sp,Gollakota,Shyam Gollakota,Computer Science,2.0,3.3,6,16.6667,unique,https://www.ratemyprofessors.com/professor/2580306
CSE561,Computer Communication and Networks,Graduate (Ph.D),16sp,Gollakota,Shyam Gollakota,Computer Science,2.0,3.3,6,16.6667,unique,https://www.ratemyprofessors.com/professor/2580306
CSE561,Computer Communication and Networks,Graduate (Ph.D),18wi,Gollakota,Shyam Gollakota,Computer Science,2.0,3.3,6,16.6667,unique,https://www.ratemyprofessors.com/professor/2580306
CSE561,Computer Communication and Networks,Graduate (Ph.D),21wi,Mahajan,Ratul Mahajan,Computer Science,5.0,4.0,3,100.0,unique,https://www.ratemyprofessors.com/professor/2467513
CSE562,Mobile Systems & Applications  (offered as CSE 599L – 25sp),Graduate (Ph.D),20sp,Gollakota,Shyam Gollakota,Computer Science,2.0,3.3,6,16.6667,unique,https://www.ratemyprofessors.com/professor/2580306
CSE562,Mobile Systems & Applications  (offered as CSE 599L – 25sp),Graduate (Ph.D),21sp,Gollakota,Shyam Gollakota,Computer Science,2.0,3.3,6,16.6667,unique,https://www.ratemyprofessors.com/professor/2580306
CSE562,Mobile Systems & Applications  (offered as CSE 599L – 25sp),Graduate (Ph.D),21sp,Wang,Matt Wang,Computer Science,4.1,2.7,37,73.6842,ambiguous,https://www.ratemyprofessors.com/professor/3018170
CSE562,Mobile Systems & Applications  (offered as CSE 599L – 25sp),Graduate (Ph.D),22sp,Gollakota,Shyam Gollakota,Computer Science,2.0,3.3,6,16.6667,unique,https://www.ratemyprofessors.com/professor/2580306
CSE562,Mobile Systems & Applications  (offered as CSE 599L – 25sp),Graduate (Ph.D),24sp,Gollakota,Shyam Gollakota,Computer Science,2.0,3.3,6,16.6667,unique,https://www.ratemyprofessors.com/professor/2580306
CSE562,Mobile Systems & Applications  (offered as CSE 599L – 25sp),Graduate (Ph.D),25sp,Gollakota,Shyam Gollakota,Computer Science,2.0,3.3,6,16.6667,unique,https://www.ratemyprofessors.com/professor/2580306
CSE564,Computer Security and Privacy,Graduate (Ph.D),08au,Kohno,Tadayoshi Kohno,Computer Engineering,4.0,2.8,4,75.0,ambiguous,https://www.ratemyprofessors.com/professor/2051786
CSE564,Computer Security and Privacy,Graduate (Ph.D),11sp,Kohno,Tadayoshi Kohno,Computer Engineering,4.0,2.8,4,75.0,ambiguous,https://www.ratemyprofessors.com/professor/2051786
CSE564,Computer Security and Privacy,Graduate (Ph.D),15wi,Roesner,Franziska Roesner,Computer Science,0.0,0.0,0,-1.0,unique,https://www.ratemyprofessors.com/professor/3064381
CSE564,Computer Security and Privacy,Graduate (Ph.D),16wi,Roesner,Franziska Roesner,Computer Science,0.0,0.0,0,-1.0,unique,https://www.ratemyprofessors.com/professor/3064381
CSE564,Computer Security and Privacy,Graduate (Ph.D),18wi,Kohno,Tadayoshi Kohno,Computer Engineering,4.0,2.8,4,75.0,ambiguous,https://www.ratemyprofessors.com/professor/2051786
CSE564,Computer Security and Privacy,Graduate (Ph.D),19wi,Roesner,Franziska Roesner,Computer Science,0.0,0.0,0,-1.0,unique,https://www.ratemyprofessors.com/professor/3064381
CSE564,Computer Security and Privacy,Graduate (Ph.D),20au,Kohlbrenner,David Kohlbrenner,Computer Science,3.8,2.5,6,71.4286,unique,https://www.ratemyprofessors.com/professor/2675089
CSE564,Computer Security and Privacy,Graduate (Ph.D),20wi,Kohno,Tadayoshi Kohno,Computer Engineering,4.0,2.8,4,75.0,ambiguous,https://www.ratemyprofessors.com/professor/2051786
CSE564,Computer Security and Privacy,Graduate (Ph.D),22au,Kohno,Tadayoshi Kohno,Computer Engineering,4.0,2.8,4,75.0,ambiguous,https://www.ratemyprofessors.com/professor/2051786
CSE564,Computer Security and Privacy,Graduate (Ph.D),24wi,Roesner,Franziska Roesner,Computer Science,0.0,0.0,0,-1.0,unique,https://www.ratemyprofessors.com/professor/3064381
CSE564,Computer Security and Privacy,Graduate (Ph.D),25wi,Kohno,Tadayoshi Kohno,Computer Engineering,4.0,2.8,4,75.0,ambiguous,https://www.ratemyprofessors.com/professor/2051786
CSE564,Computer Security and Privacy,Graduate (Ph.D),26wi,Kohlbrenner,David Kohlbrenner,Computer Science,3.8,2.5,6,71.4286,unique,https://www.ratemyprofessors.com/professor/2675089
CSE567,Digital Systems Design,Graduate (Ph.D),03au,Ebeling,Carl Ebeling,Computer Science,4.8,3.0,6,-1.0,unique,https://www.ratemyprofessors.com/professor/415674
CSE567,Digital Systems Design,Graduate (Ph.D),04au,Ebeling,Carl Ebeling,Computer Science,4.8,3.0,6,-1.0,unique,https://www.ratemyprofessors.com/professor/415674
CSE567,Digital Systems Design,Graduate (Ph.D),05au,Borriello,,,,,,,not_found,
CSE567,Digital Systems Design,Graduate (Ph.D),07wi,Ebeling,Carl Ebeling,Computer Science,4.8,3.0,6,-1.0,unique,https://www.ratemyprofessors.com/professor/415674
CSE567,Digital Systems Design,Graduate (Ph.D),19wi,Taylor,,,,,,,no_cs_match,
CSE567,Digital Systems Design,Graduate (Ph.D),20wi,Taylor,,,,,,,no_cs_match,
CSE567,Digital Systems Design,Graduate (Ph.D),21wi,Taylor,,,,,,,no_cs_match,
CSE567,Digital Systems Design,Graduate (Ph.D),23wi,Taylor,,,,,,,no_cs_match,
CSE567,Digital Systems Design,Graduate (Ph.D),24wi,Lustig,,,,,,,not_found,
CSE567,Digital Systems Design,Graduate (Ph.D),25wi,Taylor,,,,,,,no_cs_match,
CSE567,Digital Systems Design,Graduate (Ph.D),95au,Ebeling,Carl Ebeling,Computer Science,4.8,3.0,6,-1.0,unique,https://www.ratemyprofessors.com/professor/415674
CSE567,Digital Systems Design,Graduate (Ph.D),96au,Ebeling,Carl Ebeling,Computer Science,4.8,3.0,6,-1.0,unique,https://www.ratemyprofessors.com/professor/415674
CSE567,Digital Systems Design,Graduate (Ph.D),97au,Borriello,,,,,,,not_found,
CSE567,Digital Systems Design,Graduate (Ph.D),98au,Ebeling,Carl Ebeling,Computer Science,4.8,3.0,6,-1.0,unique,https://www.ratemyprofessors.com/professor/415674
CSE567,Digital Systems Design,Graduate (Ph.D),99au,Ebeling,Carl Ebeling,Computer Science,4.8,3.0,6,-1.0,unique,https://www.ratemyprofessors.com/professor/415674
CSE571,Probabilistic Robotics,Graduate (Ph.D),03wi,Fox,Dieter Fox,Computer Science,5.0,2.0,1,100.0,cs-dept,https://www.ratemyprofessors.com/professor/2258554
CSE571,Probabilistic Robotics,Graduate (Ph.D),05wi,Fox,Dieter Fox,Computer Science,5.0,2.0,1,100.0,cs-dept,https://www.ratemyprofessors.com/professor/2258554
CSE571,Probabilistic Robotics,Graduate (Ph.D),05wi,Limketkai,Benson Limketkai,Computer Science,3.8,3.2,32,-1.0,unique,https://www.ratemyprofessors.com/professor/969273
CSE571,Probabilistic Robotics,Graduate (Ph.D),07au,Fox,Dieter Fox,Computer Science,5.0,2.0,1,100.0,cs-dept,https://www.ratemyprofessors.com/professor/2258554
CSE571,Probabilistic Robotics,Graduate (Ph.D),12wi,Fox,Dieter Fox,Computer Science,5.0,2.0,1,100.0,cs-dept,https://www.ratemyprofessors.com/professor/2258554
CSE571,Probabilistic Robotics,Graduate (Ph.D),15au,Fox,Dieter Fox,Computer Science,5.0,2.0,1,100.0,cs-dept,https://www.ratemyprofessors.com/professor/2258554
CSE571,Probabilistic Robotics,Graduate (Ph.D),16au,Fox,Dieter Fox,Computer Science,5.0,2.0,1,100.0,cs-dept,https://www.ratemyprofessors.com/professor/2258554
CSE571,Probabilistic Robotics,Graduate (Ph.D),19wi,Bhattacharjee,,,,,,,not_found,
CSE571,Probabilistic Robotics,Graduate (Ph.D),20sp,Fox,Dieter Fox,Computer Science,5.0,2.0,1,100.0,cs-dept,https://www.ratemyprofessors.com/professor/2258554
CSE571,Probabilistic Robotics,Graduate (Ph.D),21sp,Fox,Dieter Fox,Computer Science,5.0,2.0,1,100.0,cs-dept,https://www.ratemyprofessors.com/professor/2258554
CSE571,Probabilistic Robotics,Graduate (Ph.D),22sp,Fox,Dieter Fox,Computer Science,5.0,2.0,1,100.0,cs-dept,https://www.ratemyprofessors.com/professor/2258554
CSE571,Probabilistic Robotics,Graduate (Ph.D),23sp,Gupta,Abhishek Gupta,Computer Science,5.0,5.0,1,100.0,ambiguous,https://www.ratemyprofessors.com/professor/3046408
CSE571,Probabilistic Robotics,Graduate (Ph.D),24sp,Fox,Dieter Fox,Computer Science,5.0,2.0,1,100.0,cs-dept,https://www.ratemyprofessors.com/professor/2258554
CSE571,Probabilistic Robotics,Graduate (Ph.D),25sp,Fox,Dieter Fox,Computer Science,5.0,2.0,1,100.0,cs-dept,https://www.ratemyprofessors.com/professor/2258554
CSE571,Probabilistic Robotics,Graduate (Ph.D),26wi,Fox,Dieter Fox,Computer Science,5.0,2.0,1,100.0,cs-dept,https://www.ratemyprofessors.com/professor/2258554
CSE573,Artificial Intelligence,Graduate (Ph.D),08au,Weld,Daniel Weld,Computer Science,0.0,0.0,0,-1.0,unique,https://www.ratemyprofessors.com/professor/1701020
CSE573,Artificial Intelligence,Graduate (Ph.D),10au,Zettlemoyer,Luke Zettlemoyer,Chemical Engineering,0.0,0.0,0,-1.0,unique,https://www.ratemyprofessors.com/professor/1994981
CSE573,Artificial Intelligence,Graduate (Ph.D),12au,Weld,Daniel Weld,Computer Science,0.0,0.0,0,-1.0,unique,https://www.ratemyprofessors.com/professor/1701020
CSE573,Artificial Intelligence,Graduate (Ph.D),12sp,Mausam,,,,,,,not_found,
CSE573,Artificial Intelligence,Graduate (Ph.D),14sp,Domingos,Daniel Domingos,Computer Science,5.0,5.0,1,100.0,unique,https://www.ratemyprofessors.com/professor/3121180
CSE573,Artificial Intelligence,Graduate (Ph.D),16wi,Weld,Daniel Weld,Computer Science,0.0,0.0,0,-1.0,unique,https://www.ratemyprofessors.com/professor/1701020
CSE573,Artificial Intelligence,Graduate (Ph.D),17wi,Weld,Daniel Weld,Computer Science,0.0,0.0,0,-1.0,unique,https://www.ratemyprofessors.com/professor/1701020
CSE573,Artificial Intelligence,Graduate (Ph.D),19wi,Hajishirzi,Hannaneh Hajishirzi,Computer Science,2.0,3.0,3,0.0,unique,https://www.ratemyprofessors.com/professor/2955811
CSE573,Artificial Intelligence,Graduate (Ph.D),20wi,Hajishirzi,Hannaneh Hajishirzi,Computer Science,2.0,3.0,3,0.0,unique,https://www.ratemyprofessors.com/professor/2955811
CSE573,Artificial Intelligence,Graduate (Ph.D),21wi,Hajishirzi,Hannaneh Hajishirzi,Computer Science,2.0,3.0,3,0.0,unique,https://www.ratemyprofessors.com/professor/2955811
CSE573,Artificial Intelligence,Graduate (Ph.D),22sp,Hajishirzi,Hannaneh Hajishirzi,Computer Science,2.0,3.0,3,0.0,unique,https://www.ratemyprofessors.com/professor/2955811
CSE573,Artificial Intelligence,Graduate (Ph.D),23wi,Hajishirzi,Hannaneh Hajishirzi,Computer Science,2.0,3.0,3,0.0,unique,https://www.ratemyprofessors.com/professor/2955811
CSE573,Artificial Intelligence,Graduate (Ph.D),24au,Zettlemoyer,Luke Zettlemoyer,Chemical Engineering,0.0,0.0,0,-1.0,unique,https://www.ratemyprofessors.com/professor/1994981
CSE574,Explainable Artificial Intelligence,Graduate (Ph.D),25sp,Lee,Michael Lee,Computer Science,5.0,4.5,2,100.0,cs-dept,https://www.ratemyprofessors.com/professor/2350741
CSE574,Explainable Artificial Intelligence,Graduate (Ph.D),26sp,Lee,Michael Lee,Computer Science,5.0,4.5,2,100.0,cs-dept,https://www.ratemyprofessors.com/professor/2350741
CSE576,Computer Vision,Graduate (Ph.D),01sp,Shapiro,Linda Shapiro,Computer Science,1.8,3.3,16,18.1818,ambiguous,https://www.ratemyprofessors.com/professor/1367910
CSE576,Computer Vision,Graduate (Ph.D),02au,Shapiro,Linda Shapiro,Computer Science,1.8,3.3,16,18.1818,ambiguous,https://www.ratemyprofessors.com/professor/1367910
CSE576,Computer Vision,Graduate (Ph.D),03sp,Seitz,Steven Seitz,Computer Science,0.0,0.0,0,-1.0,unique,https://www.ratemyprofessors.com/professor/1304909
CSE576,Computer Vision,Graduate (Ph.D),04sp,Shapiro,Linda Shapiro,Computer Science,1.8,3.3,16,18.1818,ambiguous,https://www.ratemyprofessors.com/professor/1367910
CSE576,Computer Vision,Graduate (Ph.D),05sp,Seitz,Steven Seitz,Computer Science,0.0,0.0,0,-1.0,unique,https://www.ratemyprofessors.com/professor/1304909
CSE576,Computer Vision,Graduate (Ph.D),06sp,Shapiro,Linda Shapiro,Computer Science,1.8,3.3,16,18.1818,ambiguous,https://www.ratemyprofessors.com/professor/1367910
CSE576,Computer Vision,Graduate (Ph.D),07sp,Shapiro,Linda Shapiro,Computer Science,1.8,3.3,16,18.1818,ambiguous,https://www.ratemyprofessors.com/professor/1367910
CSE576,Computer Vision,Graduate (Ph.D),08sp,Seitz,Steven Seitz,Computer Science,0.0,0.0,0,-1.0,unique,https://www.ratemyprofessors.com/professor/1304909
CSE576,Computer Vision,Graduate (Ph.D),09sp,Seitz,Steven Seitz,Computer Science,0.0,0.0,0,-1.0,unique,https://www.ratemyprofessors.com/professor/1304909
CSE576,Computer Vision,Graduate (Ph.D),10sp,Shapiro,Linda Shapiro,Computer Science,1.8,3.3,16,18.1818,ambiguous,https://www.ratemyprofessors.com/professor/1367910
CSE576,Computer Vision,Graduate (Ph.D),11sp,Shapiro,Linda Shapiro,Computer Science,1.8,3.3,16,18.1818,ambiguous,https://www.ratemyprofessors.com/professor/1367910
CSE576,Computer Vision,Graduate (Ph.D),12sp,Shapiro,Linda Shapiro,Computer Science,1.8,3.3,16,18.1818,ambiguous,https://www.ratemyprofessors.com/professor/1367910
CSE576,Computer Vision,Graduate (Ph.D),13sp,Kemelmacher,,,,,,,not_found,
CSE576,Computer Vision,Graduate (Ph.D),14wi,Farhadi,,,,,,,not_found,
CSE576,Computer Vision,Graduate (Ph.D),15sp,Farhadi,,,,,,,not_found,
CSE576,Computer Vision,Graduate (Ph.D),16sp,Farhadi,,,,,,,not_found,
CSE576,Computer Vision,Graduate (Ph.D),17sp,Shapiro,Linda Shapiro,Computer Science,1.8,3.3,16,18.1818,ambiguous,https://www.ratemyprofessors.com/professor/1367910
CSE576,Computer Vision,Graduate (Ph.D),18sp,Shapiro,Linda Shapiro,Computer Science,1.8,3.3,16,18.1818,ambiguous,https://www.ratemyprofessors.com/professor/1367910
CSE576,Computer Vision,Graduate (Ph.D),19sp,Shapiro,Linda Shapiro,Computer Science,1.8,3.3,16,18.1818,ambiguous,https://www.ratemyprofessors.com/professor/1367910
CSE576,Computer Vision,Graduate (Ph.D),20sp,Seitz,Steven Seitz,Computer Science,0.0,0.0,0,-1.0,unique,https://www.ratemyprofessors.com/professor/1304909
CSE576,Computer Vision,Graduate (Ph.D),21sp,Shapiro,Linda Shapiro,Computer Science,1.8,3.3,16,18.1818,ambiguous,https://www.ratemyprofessors.com/professor/1367910
CSE576,Computer Vision,Graduate (Ph.D),22sp,Shapiro,Linda Shapiro,Computer Science,1.8,3.3,16,18.1818,ambiguous,https://www.ratemyprofessors.com/professor/1367910
CSE576,Computer Vision,Graduate (Ph.D),23sp,Shapiro,Linda Shapiro,Computer Science,1.8,3.3,16,18.1818,ambiguous,https://www.ratemyprofessors.com/professor/1367910
CSE576,Computer Vision,Graduate (Ph.D),24sp,Shapiro,Linda Shapiro,Computer Science,1.8,3.3,16,18.1818,ambiguous,https://www.ratemyprofessors.com/professor/1367910
CSE576,Computer Vision,Graduate (Ph.D),26sp,Shapiro,Linda Shapiro,Computer Science,1.8,3.3,16,18.1818,ambiguous,https://www.ratemyprofessors.com/professor/1367910
CSE576,Computer Vision,Graduate (Ph.D),95sp,Tanimoto,Steve Tanimoto,Computer Science,2.1,3.6,52,32.3529,unique,https://www.ratemyprofessors.com/professor/1221897
CSE576,Computer Vision,Graduate (Ph.D),97sp,Shapiro,Linda Shapiro,Computer Science,1.8,3.3,16,18.1818,ambiguous,https://www.ratemyprofessors.com/professor/1367910
CSE576,Computer Vision,Graduate (Ph.D),98au,Shapiro,Linda Shapiro,Computer Science,1.8,3.3,16,18.1818,ambiguous,https://www.ratemyprofessors.com/professor/1367910
CSE576,Computer Vision,Graduate (Ph.D),99sp,Shapiro,Linda Shapiro,Computer Science,1.8,3.3,16,18.1818,ambiguous,https://www.ratemyprofessors.com/professor/1367910
CSE577,Special Topics in Computer Vision,Graduate (Ph.D),04sp,Seitz,Steven Seitz,Computer Science,0.0,0.0,0,-1.0,unique,https://www.ratemyprofessors.com/professor/1304909
CSE577,Special Topics in Computer Vision,Graduate (Ph.D),05sp,Shapiro,Linda Shapiro,Computer Science,1.8,3.3,16,18.1818,ambiguous,https://www.ratemyprofessors.com/professor/1367910
CSE577,Special Topics in Computer Vision,Graduate (Ph.D),11au,Shapiro,Linda Shapiro,Computer Science,1.8,3.3,16,18.1818,ambiguous,https://www.ratemyprofessors.com/professor/1367910
CSE577,Special Topics in Computer Vision,Graduate (Ph.D),17au,Shapiro,Linda Shapiro,Computer Science,1.8,3.3,16,18.1818,ambiguous,https://www.ratemyprofessors.com/professor/1367910
CSE577,Special Topics in Computer Vision,Graduate (Ph.D),21au,Shapiro,Linda Shapiro,Computer Science,1.8,3.3,16,18.1818,ambiguous,https://www.ratemyprofessors.com/professor/1367910
CSE579,Intelligent Control through Learning and Optimization,Graduate (Ph.D),14wi,Todorov,,,,,,,not_found,
CSE579,Intelligent Control through Learning and Optimization,Graduate (Ph.D),15sp,Todorov,,,,,,,not_found,
CSE579,Intelligent Control through Learning and Optimization,Graduate (Ph.D),22au,Boots,Byron Boots,Computer Science,5.0,2.0,1,100.0,unique,https://www.ratemyprofessors.com/professor/2772291
CSE579,Intelligent Control through Learning and Optimization,Graduate (Ph.D),24au,Gupta,Abhishek Gupta,Computer Science,5.0,5.0,1,100.0,ambiguous,https://www.ratemyprofessors.com/professor/3046408
CSE579,Intelligent Control through Learning and Optimization,Graduate (Ph.D),26sp,Gupta,Abhishek Gupta,Computer Science,5.0,5.0,1,100.0,ambiguous,https://www.ratemyprofessors.com/professor/3046408
CSE580,Computing For Social Good,Graduate (Ph.D),21sp,Heimerl,Kurtis Heimerl,Computer Science,2.8,2.5,4,50.0,unique,https://www.ratemyprofessors.com/professor/2676446
CSE580,Computing For Social Good,Graduate (Ph.D),23sp,Heimerl,Kurtis Heimerl,Computer Science,2.8,2.5,4,50.0,unique,https://www.ratemyprofessors.com/professor/2676446
CSE580,Computing For Social Good,Graduate (Ph.D),24au,Heimerl,Kurtis Heimerl,Computer Science,2.8,2.5,4,50.0,unique,https://www.ratemyprofessors.com/professor/2676446
CSE581,Computer Ethics,Graduate (Ph.D),24wi,Reinecke,Sarah Reinecke,Sociology,5.0,2.3,3,-1.0,unique,https://www.ratemyprofessors.com/professor/1754071
CSE581,Computer Ethics,Graduate (Ph.D),25sp,Reinecke,Sarah Reinecke,Sociology,5.0,2.3,3,-1.0,unique,https://www.ratemyprofessors.com/professor/1754071
CSE581,Computer Ethics,Graduate (Ph.D),26wi,Reinecke,Sarah Reinecke,Sociology,5.0,2.3,3,-1.0,unique,https://www.ratemyprofessors.com/professor/1754071
CSE582,Ethics in Artificial Intelligence,Graduate (Ph.D),23sp,Tsvetkov,Yulia Tsvetkov,Computer Science,3.0,4.0,5,40.0,unique,https://www.ratemyprofessors.com/professor/2774281
CSE582,Ethics in Artificial Intelligence,Graduate (Ph.D),24sp,Tsvetkov,Yulia Tsvetkov,Computer Science,3.0,4.0,5,40.0,unique,https://www.ratemyprofessors.com/professor/2774281
CSE582,Ethics in Artificial Intelligence,Graduate (Ph.D),25wi,Tsvetkov,Yulia Tsvetkov,Computer Science,3.0,4.0,5,40.0,unique,https://www.ratemyprofessors.com/professor/2774281
CSE583,Software Development for Data Scientists,Graduate (Ph.D),00wi,Notkin,,,,,,,not_found,
CSE583,Software Development for Data Scientists,Graduate (Ph.D),17au,Beck,,,,,,,no_cs_match,
CSE583,Software Development for Data Scientists,Graduate (Ph.D),17au,Hellerstein,,,,,,,not_found,
CSE583,Software Development for Data Scientists,Graduate (Ph.D),18au,Beck,,,,,,,no_cs_match,
CSE583,Software Development for Data Scientists,Graduate (Ph.D),19au,Beck,,,,,,,no_cs_match,
CSE583,Software Development for Data Scientists,Graduate (Ph.D),20au,Beck,,,,,,,no_cs_match,
CSE583,Software Development for Data Scientists,Graduate (Ph.D),20au,Hellerstein,,,,,,,not_found,
CSE583,Software Development for Data Scientists,Graduate (Ph.D),21au,Beck,,,,,,,no_cs_match,
CSE583,Software Development for Data Scientists,Graduate (Ph.D),22au,Beck,,,,,,,no_cs_match,
CSE583,Software Development for Data Scientists,Graduate (Ph.D),23au,Beck,,,,,,,no_cs_match,
CSE583,Software Development for Data Scientists,Graduate (Ph.D),24au,Beck,,,,,,,no_cs_match,
CSE583,Software Development for Data Scientists,Graduate (Ph.D),25au,Beck,,,,,,,no_cs_match,
CSE583,Software Development for Data Scientists,Graduate (Ph.D),97au,Chambers,,,,,,,not_found,
CSE586,Introduction to Synthetic Biology,Graduate (Ph.D),00sp,Baer,,,,,,,not_found,
CSE586,Introduction to Synthetic Biology,Graduate (Ph.D),10au,Seelig,Georg Seelig,Engineering,3.1,3.1,8,60.0,unique,https://www.ratemyprofessors.com/professor/1808148
CSE586,Introduction to Synthetic Biology,Graduate (Ph.D),12au,Klavins,Eric Klavins,Engineering,4.6,2.7,7,100.0,unique,https://www.ratemyprofessors.com/professor/1418221
CSE586,Introduction to Synthetic Biology,Graduate (Ph.D),14au,Seelig,Georg Seelig,Engineering,3.1,3.1,8,60.0,unique,https://www.ratemyprofessors.com/professor/1808148
CSE586,Introduction to Synthetic Biology,Graduate (Ph.D),17au,Seelig,Georg Seelig,Engineering,3.1,3.1,8,60.0,unique,https://www.ratemyprofessors.com/professor/1808148
CSE586,Introduction to Synthetic Biology,Graduate (Ph.D),98sp,Baer,,,,,,,not_found,
CSE589,Software Entrepreneurship,Graduate (Ph.D),24wi,Gottesman,,,,,,,not_found,
CSE589,Software Entrepreneurship,Graduate (Ph.D),24wi,Lazowska,Ed Lazowska,Computer Science,4.4,3.5,4,100.0,unique,https://www.ratemyprofessors.com/professor/1823628
CSE589,Software Entrepreneurship,Graduate (Ph.D),25wi,Gottesman,,,,,,,not_found,
CSE589,Software Entrepreneurship,Graduate (Ph.D),25wi,Lazowska,Ed Lazowska,Computer Science,4.4,3.5,4,100.0,unique,https://www.ratemyprofessors.com/professor/1823628
CSE589,Software Entrepreneurship,Graduate (Ph.D),26wi,Gottesman,,,,,,,not_found,
CSE589,Software Entrepreneurship,Graduate (Ph.D),26wi,Lazowska,Ed Lazowska,Computer Science,4.4,3.5,4,100.0,unique,https://www.ratemyprofessors.com/professor/1823628
CSE589,Software Entrepreneurship,Graduate (Ph.D),97au,Karlin,Anna Karlin,Computer Science,3.0,3.9,32,48.3871,unique,https://www.ratemyprofessors.com/professor/957048
CSE589,Software Entrepreneurship,Graduate (Ph.D),99sp,Ladner,Richard Ladner,Computer Science,3.0,2.5,4,-1.0,unique,https://www.ratemyprofessors.com/professor/804468
CSED501,Modern Artificial Intelligence and Machine Learning,Professional Master’s Program (PMP),25au,Kessler Faulkner,Taylor Faulkner,Computer Science,5.0,3.5,2,100.0,cs-dept,https://www.ratemyprofessors.com/professor/3158186
CSED502,Computer Vision and Deep Learning,Professional Master’s Program (PMP),26wi,Krishna,Ranjay Krishna,Computer Science,4.5,3.2,6,100.0,unique,https://www.ratemyprofessors.com/professor/2977850
CSED503,Natural Language Processing and Language Models,Professional Master’s Program (PMP),26sp,Zettlemoyer,Luke Zettlemoyer,Chemical Engineering,0.0,0.0,0,-1.0,unique,https://www.ratemyprofessors.com/professor/1994981
CSED504,Practical Design and Implementation of Artificial Intelligence,Professional Master’s Program (PMP),26su,Hazen,,,,,,,not_found,
CSEP501,Compiler Construction,Professional Master’s Program (PMP),02au,Perkins,Hal Perkins,Computer Science,3.8,3.2,75,76.087,cs-dept,https://www.ratemyprofessors.com/professor/319091
CSEP501,Compiler Construction,Professional Master’s Program (PMP),04su,Perkins,Hal Perkins,Computer Science,3.8,3.2,75,76.087,cs-dept,https://www.ratemyprofessors.com/professor/319091
CSEP501,Compiler Construction,Professional Master’s Program (PMP),05au,Perkins,Hal Perkins,Computer Science,3.8,3.2,75,76.087,cs-dept,https://www.ratemyprofessors.com/professor/319091
CSEP501,Compiler Construction,Professional Master’s Program (PMP),08wi,Perkins,Hal Perkins,Computer Science,3.8,3.2,75,76.087,cs-dept,https://www.ratemyprofessors.com/professor/319091
CSEP501,Compiler Construction,Professional Master’s Program (PMP),09au,Perkins,Hal Perkins,Computer Science,3.8,3.2,75,76.087,cs-dept,https://www.ratemyprofessors.com/professor/319091
CSEP501,Compiler Construction,Professional Master’s Program (PMP),11au,Perkins,Hal Perkins,Computer Science,3.8,3.2,75,76.087,cs-dept,https://www.ratemyprofessors.com/professor/319091
CSEP501,Compiler Construction,Professional Master’s Program (PMP),14sp,Hogg,,,,,,,not_found,
CSEP501,Compiler Construction,Professional Master’s Program (PMP),16wi,Perkins,Hal Perkins,Computer Science,3.8,3.2,75,76.087,cs-dept,https://www.ratemyprofessors.com/professor/319091
CSEP501,Compiler Construction,Professional Master’s Program (PMP),18sp,Perkins,Hal Perkins,Computer Science,3.8,3.2,75,76.087,cs-dept,https://www.ratemyprofessors.com/professor/319091
CSEP501,Compiler Construction,Professional Master’s Program (PMP),19au,Perkins,Hal Perkins,Computer Science,3.8,3.2,75,76.087,cs-dept,https://www.ratemyprofessors.com/professor/319091
CSEP501,Compiler Construction,Professional Master’s Program (PMP),21au,Perkins,Hal Perkins,Computer Science,3.8,3.2,75,76.087,cs-dept,https://www.ratemyprofessors.com/professor/319091
CSEP501,Compiler Construction,Professional Master’s Program (PMP),23au,Perkins,Hal Perkins,Computer Science,3.8,3.2,75,76.087,cs-dept,https://www.ratemyprofessors.com/professor/319091
CSEP501,Compiler Construction,Professional Master’s Program (PMP),25au,Perkins,Hal Perkins,Computer Science,3.8,3.2,75,76.087,cs-dept,https://www.ratemyprofessors.com/professor/319091
CSEP503,Software Engineering,Professional Master’s Program (PMP),01wi,Notkin,,,,,,,not_found,
CSEP503,Software Engineering,Professional Master’s Program (PMP),07au,Notkin,,,,,,,not_found,
CSEP503,Software Engineering,Professional Master’s Program (PMP),09sp,Notkin,,,,,,,not_found,
CSEP503,Software Engineering,Professional Master’s Program (PMP),12wi,Notkin,,,,,,,not_found,
CSEP503,Software Engineering,Professional Master’s Program (PMP),14au,McMaster,,,,,,,not_found,
CSEP503,Software Engineering,Professional Master’s Program (PMP),19wi,Miller,Jessica Miller,Computer Science,5.0,5.0,2,-1.0,cs-dept,https://www.ratemyprofessors.com/professor/1509367
CSEP503,Software Engineering,Professional Master’s Program (PMP),19wi,Skoteiniotis,,,,,,,not_found,
CSEP503,Software Engineering,Professional Master’s Program (PMP),97sp,Notkin,,,,,,,not_found,
CSEP503,Software Engineering,Professional Master’s Program (PMP),98au,Notkin,,,,,,,not_found,
CSEP504,Advanced Topics in Software Systems,Professional Master’s Program (PMP),10wi,Notkin,,,,,,,not_found,
CSEP504,Advanced Topics in Software Systems,Professional Master’s Program (PMP),18wi,Bodik,,,,,,,not_found,
CSEP504,Advanced Topics in Software Systems,Professional Master’s Program (PMP),22au,Just,,,,,,,not_found,
CSEP504,Advanced Topics in Software Systems,Professional Master’s Program (PMP),24sp,Ernst,Michael Ernst,Computer Science,2.8,3.5,14,33.3333,cs-dept,https://www.ratemyprofessors.com/professor/1805220
CSEP505,Programming Languages,Professional Master’s Program (PMP),03au,Chambers,,,,,,,not_found,
CSEP505,Programming Languages,Professional Master’s Program (PMP),06sp,Grossman,Daniel Grossman,Computer Engineering,4.5,2.8,31,90.0,unique,https://www.ratemyprofessors.com/professor/1519085
CSEP505,Programming Languages,Professional Master’s Program (PMP),09au,Grossman,Daniel Grossman,Computer Engineering,4.5,2.8,31,90.0,unique,https://www.ratemyprofessors.com/professor/1519085
CSEP505,Programming Languages,Professional Master’s Program (PMP),09wi,Grossman,Daniel Grossman,Computer Engineering,4.5,2.8,31,90.0,unique,https://www.ratemyprofessors.com/professor/1519085
CSEP505,Programming Languages,Professional Master’s Program (PMP),13sp,Cooper,,,,,,,no_cs_match,
CSEP505,Programming Languages,Professional Master’s Program (PMP),15wi,Cooper,,,,,,,no_cs_match,
CSEP505,Programming Languages,Professional Master’s Program (PMP),15wi,Grossman,Daniel Grossman,Computer Engineering,4.5,2.8,31,90.0,unique,https://www.ratemyprofessors.com/professor/1519085
CSEP505,Programming Languages,Professional Master’s Program (PMP),16au,Grossman,Daniel Grossman,Computer Engineering,4.5,2.8,31,90.0,unique,https://www.ratemyprofessors.com/professor/1519085
CSEP505,Programming Languages,Professional Master’s Program (PMP),19sp,Tatlock,Zach Tatlock,Computer Science,3.1,3.8,29,56.0,unique,https://www.ratemyprofessors.com/professor/2018829
CSEP505,Programming Languages,Professional Master’s Program (PMP),21sp,Wilcox,James Wilcox,Computer Science,3.9,2.8,65,74.6269,unique,https://www.ratemyprofessors.com/professor/2238670
CSEP505,Programming Languages,Professional Master’s Program (PMP),23wi,Wilcox,James Wilcox,Computer Science,3.9,2.8,65,74.6269,unique,https://www.ratemyprofessors.com/professor/2238670
CSEP505,Programming Languages,Professional Master’s Program (PMP),25sp,Tatlock,Zach Tatlock,Computer Science,3.1,3.8,29,56.0,unique,https://www.ratemyprofessors.com/professor/2018829
CSEP505,Programming Languages,Professional Master’s Program (PMP),25sp,Wilcox,James Wilcox,Computer Science,3.9,2.8,65,74.6269,unique,https://www.ratemyprofessors.com/professor/2238670
CSEP506,Advanced Topics in Programming Languages,Professional Master’s Program (PMP),11sp,Musuvathi,,,,,,,not_found,
CSEP510,Human Computer Interaction,Professional Master’s Program (PMP),04wi,Anderson,Ruth Anderson,Computer Science,3.9,3.3,57,74.4186,ambiguous,https://www.ratemyprofessors.com/professor/1356337
CSEP510,Human Computer Interaction,Professional Master’s Program (PMP),06wi,Borning,Alan Borning,Computer Science,3.9,2.1,9,-1.0,unique,https://www.ratemyprofessors.com/professor/514712
CSEP510,Human Computer Interaction,Professional Master’s Program (PMP),08sp,Fogarty,James Fogarty,Computer Science,4.8,2.6,11,100.0,unique,https://www.ratemyprofessors.com/professor/1292832
CSEP510,Human Computer Interaction,Professional Master’s Program (PMP),10wi,Fogarty,James Fogarty,Computer Science,4.8,2.6,11,100.0,unique,https://www.ratemyprofessors.com/professor/1292832
CSEP510,Human Computer Interaction,Professional Master’s Program (PMP),12sp,Borning,Alan Borning,Computer Science,3.9,2.1,9,-1.0,unique,https://www.ratemyprofessors.com/professor/514712
CSEP510,Human Computer Interaction,Professional Master’s Program (PMP),13au,Borning,Alan Borning,Computer Science,3.9,2.1,9,-1.0,unique,https://www.ratemyprofessors.com/professor/514712
CSEP510,Human Computer Interaction,Professional Master’s Program (PMP),17wi,Cakmak,Maya Cakmak,Computer Engineering,5.0,3.0,1,100.0,unique,https://www.ratemyprofessors.com/professor/2834016
CSEP510,Human Computer Interaction,Professional Master’s Program (PMP),24sp,Reinecke,Sarah Reinecke,Sociology,5.0,2.3,3,-1.0,unique,https://www.ratemyprofessors.com/professor/1754071
CSEP510,Human Computer Interaction,Professional Master’s Program (PMP),25au,Reinecke,Sarah Reinecke,Sociology,5.0,2.3,3,-1.0,unique,https://www.ratemyprofessors.com/professor/1754071
CSEP517,Natural Language Processing,Professional Master’s Program (PMP),13au,Zettlemoyer,Luke Zettlemoyer,Chemical Engineering,0.0,0.0,0,-1.0,unique,https://www.ratemyprofessors.com/professor/1994981
CSEP517,Natural Language Processing,Professional Master’s Program (PMP),15au,Choi,,,,,,,no_cs_match,
CSEP517,Natural Language Processing,Professional Master’s Program (PMP),17sp,Smith,Noah Smith,Computer Science,3.3,3.3,4,50.0,ambiguous,https://www.ratemyprofessors.com/professor/2284812
CSEP517,Natural Language Processing,Professional Master’s Program (PMP),18au,Zettlemoyer,Luke Zettlemoyer,Chemical Engineering,0.0,0.0,0,-1.0,unique,https://www.ratemyprofessors.com/professor/1994981
CSEP517,Natural Language Processing,Professional Master’s Program (PMP),20wi,Zettlemoyer,Luke Zettlemoyer,Chemical Engineering,0.0,0.0,0,-1.0,unique,https://www.ratemyprofessors.com/professor/1994981
CSEP517,Natural Language Processing,Professional Master’s Program (PMP),21wi,Choi,,,,,,,no_cs_match,
CSEP517,Natural Language Processing,Professional Master’s Program (PMP),25sp,Smith,Noah Smith,Computer Science,3.3,3.3,4,50.0,ambiguous,https://www.ratemyprofessors.com/professor/2284812
CSEP521,Applied Algorithms,Professional Master’s Program (PMP),03sp,Tamir,,,,,,,not_found,
CSEP521,Applied Algorithms,Professional Master’s Program (PMP),05sp,Ladner,Richard Ladner,Computer Science,3.0,2.5,4,-1.0,unique,https://www.ratemyprofessors.com/professor/804468
CSEP521,Applied Algorithms,Professional Master’s Program (PMP),07wi,Karlin,Anna Karlin,Computer Science,3.0,3.9,32,48.3871,unique,https://www.ratemyprofessors.com/professor/957048
CSEP521,Applied Algorithms,Professional Master’s Program (PMP),09au,Ladner,Richard Ladner,Computer Science,3.0,2.5,4,-1.0,unique,https://www.ratemyprofessors.com/professor/804468
CSEP521,Applied Algorithms,Professional Master’s Program (PMP),11sp,Anderson,Ruth Anderson,Computer Science,3.9,3.3,57,74.4186,ambiguous,https://www.ratemyprofessors.com/professor/1356337
CSEP521,Applied Algorithms,Professional Master’s Program (PMP),13wi,Anderson,Ruth Anderson,Computer Science,3.9,3.3,57,74.4186,ambiguous,https://www.ratemyprofessors.com/professor/1356337
CSEP521,Applied Algorithms,Professional Master’s Program (PMP),15sp,Karlin,Anna Karlin,Computer Science,3.0,3.9,32,48.3871,unique,https://www.ratemyprofessors.com/professor/957048
CSEP521,Applied Algorithms,Professional Master’s Program (PMP),17wi,Lee,Michael Lee,Computer Science,5.0,4.5,2,100.0,cs-dept,https://www.ratemyprofessors.com/professor/2350741
CSEP521,Applied Algorithms,Professional Master’s Program (PMP),19wi,Karlin,Anna Karlin,Computer Science,3.0,3.9,32,48.3871,unique,https://www.ratemyprofessors.com/professor/957048
CSEP521,Applied Algorithms,Professional Master’s Program (PMP),21wi,Anderson,Ruth Anderson,Computer Science,3.9,3.3,57,74.4186,ambiguous,https://www.ratemyprofessors.com/professor/1356337
CSEP521,Applied Algorithms,Professional Master’s Program (PMP),22au,Rao,Anup Rao,Computer Science,4.3,4.0,7,85.7143,ambiguous,https://www.ratemyprofessors.com/professor/2397281
CSEP524,Parallel Computation,Professional Master’s Program (PMP),02au,Snyder,Lawrence Snyder,Computer Science,3.4,2.2,6,-1.0,cs-dept,https://www.ratemyprofessors.com/professor/1418358
CSEP524,Parallel Computation,Professional Master’s Program (PMP),05wi,Snyder,Lawrence Snyder,Computer Science,3.4,2.2,6,-1.0,cs-dept,https://www.ratemyprofessors.com/professor/1418358
CSEP524,Parallel Computation,Professional Master’s Program (PMP),07sp,Snyder,Lawrence Snyder,Computer Science,3.4,2.2,6,-1.0,cs-dept,https://www.ratemyprofessors.com/professor/1418358
CSEP524,Parallel Computation,Professional Master’s Program (PMP),10sp,Snyder,Lawrence Snyder,Computer Science,3.4,2.2,6,-1.0,cs-dept,https://www.ratemyprofessors.com/professor/1418358
CSEP524,Parallel Computation,Professional Master’s Program (PMP),13wi,Chamberlain,James Chamberlain,Law,3.0,2.0,1,-1.0,unique,https://www.ratemyprofessors.com/professor/1880338
CSEP524,Parallel Computation,Professional Master’s Program (PMP),15sp,Ringenburg,,,,,,,not_found,
CSEP524,Parallel Computation,Professional Master’s Program (PMP),16au,Oskin,Mark Oskin,Computer Science,1.7,4.3,20,11.7647,unique,https://www.ratemyprofessors.com/professor/1696343
CSEP524,Parallel Computation,Professional Master’s Program (PMP),18au,Lumsdaine,Andrew Lumsdaine,Applied Mathematics,0.0,0.0,0,-1.0,unique,https://www.ratemyprofessors.com/professor/2383388
CSEP524,Parallel Computation,Professional Master’s Program (PMP),22wi,Lumsdaine,Andrew Lumsdaine,Applied Mathematics,0.0,0.0,0,-1.0,unique,https://www.ratemyprofessors.com/professor/2383388
CSEP527,Computational Biology,Professional Master’s Program (PMP),16sp,Ruzzo,Walter Ruzzo,Computer Science,4.8,3.6,11,100.0,unique,https://www.ratemyprofessors.com/professor/1860792
CSEP527,Computational Biology,Professional Master’s Program (PMP),18wi,Ruzzo,Walter Ruzzo,Computer Science,4.8,3.6,11,100.0,unique,https://www.ratemyprofessors.com/professor/1860792
CSEP527,Computational Biology,Professional Master’s Program (PMP),19au,Seelig,Georg Seelig,Engineering,3.1,3.1,8,60.0,unique,https://www.ratemyprofessors.com/professor/1808148
CSEP527,Computational Biology,Professional Master’s Program (PMP),20au,Ruzzo,Walter Ruzzo,Computer Science,4.8,3.6,11,100.0,unique,https://www.ratemyprofessors.com/professor/1860792
CSEP531,Computability and Complexity Theory,Professional Master’s Program (PMP),09wi,Karlin,Anna Karlin,Computer Science,3.0,3.9,32,48.3871,unique,https://www.ratemyprofessors.com/professor/957048
CSEP531,Computability and Complexity Theory,Professional Master’s Program (PMP),16sp,Lee,Michael Lee,Computer Science,5.0,4.5,2,100.0,cs-dept,https://www.ratemyprofessors.com/professor/2350741
CSEP531,Computability and Complexity Theory,Professional Master’s Program (PMP),22wi,Rao,Anup Rao,Computer Science,4.3,4.0,7,85.7143,ambiguous,https://www.ratemyprofessors.com/professor/2397281
CSEP531,Computability and Complexity Theory,Professional Master’s Program (PMP),23au,Rao,Anup Rao,Computer Science,4.3,4.0,7,85.7143,ambiguous,https://www.ratemyprofessors.com/professor/2397281
CSEP544,Database Management Systems,Professional Master’s Program (PMP),04sp,Halevy,,,,,,,not_found,
CSEP544,Database Management Systems,Professional Master’s Program (PMP),07wi,Suciu,Dan Suciu,Computer Science,2.4,4.2,29,36.6667,unique,https://www.ratemyprofessors.com/professor/2412766
CSEP544,Database Management Systems,Professional Master’s Program (PMP),09sp,Suciu,Dan Suciu,Computer Science,2.4,4.2,29,36.6667,unique,https://www.ratemyprofessors.com/professor/2412766
CSEP544,Database Management Systems,Professional Master’s Program (PMP),10au,Suciu,Dan Suciu,Computer Science,2.4,4.2,29,36.6667,unique,https://www.ratemyprofessors.com/professor/2412766
CSEP544,Database Management Systems,Professional Master’s Program (PMP),11au,Suciu,Dan Suciu,Computer Science,2.4,4.2,29,36.6667,unique,https://www.ratemyprofessors.com/professor/2412766
CSEP544,Database Management Systems,Professional Master’s Program (PMP),14wi,Suciu,Dan Suciu,Computer Science,2.4,4.2,29,36.6667,unique,https://www.ratemyprofessors.com/professor/2412766
CSEP544,Database Management Systems,Professional Master’s Program (PMP),15au,Suciu,Dan Suciu,Computer Science,2.4,4.2,29,36.6667,unique,https://www.ratemyprofessors.com/professor/2412766
CSEP544,Database Management Systems,Professional Master’s Program (PMP),17au,Cheung,Alvin Cheung,Computer Science,4.0,3.4,12,75.0,ambiguous,https://www.ratemyprofessors.com/professor/2120358
CSEP544,Database Management Systems,Professional Master’s Program (PMP),21sp,Suciu,Dan Suciu,Computer Science,2.4,4.2,29,36.6667,unique,https://www.ratemyprofessors.com/professor/2412766
CSEP544,Database Management Systems,Professional Master’s Program (PMP),25wi,Suciu,Dan Suciu,Computer Science,2.4,4.2,29,36.6667,unique,https://www.ratemyprofessors.com/professor/2412766
CSEP546,Machine Learning,Professional Master’s Program (PMP),03sp,Domingos,Daniel Domingos,Computer Science,5.0,5.0,1,100.0,unique,https://www.ratemyprofessors.com/professor/3121180
CSEP546,Machine Learning,Professional Master’s Program (PMP),04au,Domingos,Daniel Domingos,Computer Science,5.0,5.0,1,100.0,unique,https://www.ratemyprofessors.com/professor/3121180
CSEP546,Machine Learning,Professional Master’s Program (PMP),07sp,Domingos,Daniel Domingos,Computer Science,5.0,5.0,1,100.0,unique,https://www.ratemyprofessors.com/professor/3121180
CSEP546,Machine Learning,Professional Master’s Program (PMP),10sp,Davis,,,,,,,no_cs_match,
CSEP546,Machine Learning,Professional Master’s Program (PMP),12sp,Domingos,Daniel Domingos,Computer Science,5.0,5.0,1,100.0,unique,https://www.ratemyprofessors.com/professor/3121180
CSEP546,Machine Learning,Professional Master’s Program (PMP),14wi,Guestrin,,,,,,,not_found,
CSEP546,Machine Learning,Professional Master’s Program (PMP),16sp,Domingos,Daniel Domingos,Computer Science,5.0,5.0,1,100.0,unique,https://www.ratemyprofessors.com/professor/3121180
CSEP546,Machine Learning,Professional Master’s Program (PMP),17au,Domingos,Daniel Domingos,Computer Science,5.0,5.0,1,100.0,unique,https://www.ratemyprofessors.com/professor/3121180
CSEP546,Machine Learning,Professional Master’s Program (PMP),17sp,Domingos,Daniel Domingos,Computer Science,5.0,5.0,1,100.0,unique,https://www.ratemyprofessors.com/professor/3121180
CSEP546,Machine Learning,Professional Master’s Program (PMP),18au,Hulten,,,,,,,not_found,
CSEP546,Machine Learning,Professional Master’s Program (PMP),19au,Hulten,,,,,,,not_found,
CSEP546,Machine Learning,Professional Master’s Program (PMP),20au,Hulten,,,,,,,not_found,
CSEP546,Machine Learning,Professional Master’s Program (PMP),21au,Boots,Byron Boots,Computer Science,5.0,2.0,1,100.0,unique,https://www.ratemyprofessors.com/professor/2772291
CSEP546,Machine Learning,Professional Master’s Program (PMP),23wi,Jamieson,Kevin Jamieson,Computer Science,2.9,4.8,11,54.5455,unique,https://www.ratemyprofessors.com/professor/2499019
CSEP546,Machine Learning,Professional Master’s Program (PMP),24sp,Ammar,,,,,,,not_found,
CSEP546,Machine Learning,Professional Master’s Program (PMP),25wi,Jamieson,Kevin Jamieson,Computer Science,2.9,4.8,11,54.5455,unique,https://www.ratemyprofessors.com/professor/2499019
CSEP546,Machine Learning,Professional Master’s Program (PMP),26sp,Morgenstern,Jamie Morgenstern,Computer Science,3.2,4.3,6,50.0,unique,https://www.ratemyprofessors.com/professor/2673537
CSEP548,Computer Architecture,Professional Master’s Program (PMP),03sp,Eggers,,,,,,,not_found,
CSEP548,Computer Architecture,Professional Master’s Program (PMP),05sp,Eggers,,,,,,,not_found,
CSEP548,Computer Architecture,Professional Master’s Program (PMP),06au,Eggers,,,,,,,not_found,
CSEP548,Computer Architecture,Professional Master’s Program (PMP),09sp,Ceze,Luis Ceze,Computer Engineering,5.0,4.0,3,100.0,unique,https://www.ratemyprofessors.com/professor/2237362
CSEP548,Computer Architecture,Professional Master’s Program (PMP),11wi,Ceze,Luis Ceze,Computer Engineering,5.0,4.0,3,100.0,unique,https://www.ratemyprofessors.com/professor/2237362
CSEP548,Computer Architecture,Professional Master’s Program (PMP),12au,Ceze,Luis Ceze,Computer Engineering,5.0,4.0,3,100.0,unique,https://www.ratemyprofessors.com/professor/2237362
CSEP548,Computer Architecture,Professional Master’s Program (PMP),15au,Ceze,Luis Ceze,Computer Engineering,5.0,4.0,3,100.0,unique,https://www.ratemyprofessors.com/professor/2237362
CSEP548,Computer Architecture,Professional Master’s Program (PMP),17au,Ceze,Luis Ceze,Computer Engineering,5.0,4.0,3,100.0,unique,https://www.ratemyprofessors.com/professor/2237362
CSEP548,Computer Architecture,Professional Master’s Program (PMP),20wi,Ceze,Luis Ceze,Computer Engineering,5.0,4.0,3,100.0,unique,https://www.ratemyprofessors.com/professor/2237362
CSEP551,Computer Operating Systems,Professional Master’s Program (PMP),04wi,Levy,,,,,,,no_cs_match,
CSEP551,Computer Operating Systems,Professional Master’s Program (PMP),06wi,Levy,,,,,,,no_cs_match,
CSEP551,Computer Operating Systems,Professional Master’s Program (PMP),08wi,Gribble,,,,,,,not_found,
CSEP551,Computer Operating Systems,Professional Master’s Program (PMP),09au,Gribble,,,,,,,not_found,
CSEP551,Computer Operating Systems,Professional Master’s Program (PMP),12wi,Gribble,,,,,,,not_found,
CSEP551,Computer Operating Systems,Professional Master’s Program (PMP),14au,Peter,,,,,,,not_found,
CSEP551,Computer Operating Systems,Professional Master’s Program (PMP),17wi,Anderson,Ruth Anderson,Computer Science,3.9,3.3,57,74.4186,ambiguous,https://www.ratemyprofessors.com/professor/1356337
CSEP551,Computer Operating Systems,Professional Master’s Program (PMP),19au,Wang,Matt Wang,Computer Science,4.1,2.7,37,73.6842,ambiguous,https://www.ratemyprofessors.com/professor/3018170
CSEP552,Distributed Systems,Professional Master’s Program (PMP),12sp,Krishnamurthy,,,,,,,not_found,
CSEP552,Distributed Systems,Professional Master’s Program (PMP),13sp,Gribble,,,,,,,not_found,
CSEP552,Distributed Systems,Professional Master’s Program (PMP),16wi,Ports,,,,,,,not_found,
CSEP552,Distributed Systems,Professional Master’s Program (PMP),18wi,Krishnamurthy,,,,,,,not_found,
CSEP552,Distributed Systems,Professional Master’s Program (PMP),21wi,Anderson,Ruth Anderson,Computer Science,3.9,3.3,57,74.4186,ambiguous,https://www.ratemyprofessors.com/professor/1356337
CSEP552,Distributed Systems,Professional Master’s Program (PMP),21wi,Berger,,,,,,,no_cs_match,
CSEP552,Distributed Systems,Professional Master’s Program (PMP),24wi,Wilcox,James Wilcox,Computer Science,3.9,2.8,65,74.6269,unique,https://www.ratemyprofessors.com/professor/2238670
CSEP557,Trends in Computer Graphics,Professional Master’s Program (PMP),01sp,Seitz,Steven Seitz,Computer Science,0.0,0.0,0,-1.0,unique,https://www.ratemyprofessors.com/professor/1304909
CSEP557,Trends in Computer Graphics,Professional Master’s Program (PMP),02sp,Curless,Brian Curless,Computer Science,2.0,4.0,3,0.0,unique,https://www.ratemyprofessors.com/professor/3159692
CSEP557,Trends in Computer Graphics,Professional Master’s Program (PMP),03au,PopoviÄ,,,,,,,not_found,
CSEP557,Trends in Computer Graphics,Professional Master’s Program (PMP),06au,PopoviÄ,,,,,,,not_found,
CSEP557,Trends in Computer Graphics,Professional Master’s Program (PMP),09sp,Curless,Brian Curless,Computer Science,2.0,4.0,3,0.0,unique,https://www.ratemyprofessors.com/professor/3159692
CSEP557,Trends in Computer Graphics,Professional Master’s Program (PMP),10au,PopoviÄ,,,,,,,not_found,
CSEP557,Trends in Computer Graphics,Professional Master’s Program (PMP),13wi,Curless,Brian Curless,Computer Science,2.0,4.0,3,0.0,unique,https://www.ratemyprofessors.com/professor/3159692
CSEP557,Trends in Computer Graphics,Professional Master’s Program (PMP),14au,PopoviÄ,,,,,,,not_found,
CSEP557,Trends in Computer Graphics,Professional Master’s Program (PMP),16au,Curless,Brian Curless,Computer Science,2.0,4.0,3,0.0,unique,https://www.ratemyprofessors.com/professor/3159692
CSEP557,Trends in Computer Graphics,Professional Master’s Program (PMP),19sp,Curless,Brian Curless,Computer Science,2.0,4.0,3,0.0,unique,https://www.ratemyprofessors.com/professor/3159692
CSEP557,Trends in Computer Graphics,Professional Master’s Program (PMP),23wi,PopoviÄ,,,,,,,not_found,
CSEP557,Trends in Computer Graphics,Professional Master’s Program (PMP),24au,PopoviÄ,,,,,,,not_found,
CSEP557,Trends in Computer Graphics,Professional Master’s Program (PMP),98sp,Salesin,,,,,,,not_found,
CSEP557,Trends in Computer Graphics,Professional Master’s Program (PMP),99au,Curless,Brian Curless,Computer Science,2.0,4.0,3,0.0,unique,https://www.ratemyprofessors.com/professor/3159692
CSEP561,Network Systems,Professional Master’s Program (PMP),02sp,Anderson,Ruth Anderson,Computer Science,3.9,3.3,57,74.4186,ambiguous,https://www.ratemyprofessors.com/professor/1356337
CSEP561,Network Systems,Professional Master’s Program (PMP),05sp,Wetherall,,,,,,,not_found,
CSEP561,Network Systems,Professional Master’s Program (PMP),08au,Anderson,Ruth Anderson,Computer Science,3.9,3.3,57,74.4186,ambiguous,https://www.ratemyprofessors.com/professor/1356337
CSEP561,Network Systems,Professional Master’s Program (PMP),10au,Wetherall,,,,,,,not_found,
CSEP561,Network Systems,Professional Master’s Program (PMP),12wi,Wetherall,,,,,,,not_found,
CSEP561,Network Systems,Professional Master’s Program (PMP),13au,Krishnamurthy,,,,,,,not_found,
CSEP561,Network Systems,Professional Master’s Program (PMP),17sp,Krishnamurthy,,,,,,,not_found,
CSEP561,Network Systems,Professional Master’s Program (PMP),20wi,Heimerl,Kurtis Heimerl,Computer Science,2.8,2.5,4,50.0,unique,https://www.ratemyprofessors.com/professor/2676446
CSEP561,Network Systems,Professional Master’s Program (PMP),22sp,Johnson,Dylan Johnson,Computer Engineering,0.0,0.0,0,-1.0,cs-dept,https://www.ratemyprofessors.com/professor/2002936
CSEP561,Network Systems,Professional Master’s Program (PMP),26wi,Heimerl,Kurtis Heimerl,Computer Science,2.8,2.5,4,50.0,unique,https://www.ratemyprofessors.com/professor/2676446
CSEP561,Network Systems,Professional Master’s Program (PMP),99sp,Anderson,Ruth Anderson,Computer Science,3.9,3.3,57,74.4186,ambiguous,https://www.ratemyprofessors.com/professor/1356337
CSEP564,Computer Security,Professional Master’s Program (PMP),10sp,Kohno,Tadayoshi Kohno,Computer Engineering,4.0,2.8,4,75.0,ambiguous,https://www.ratemyprofessors.com/professor/2051786
CSEP564,Computer Security,Professional Master’s Program (PMP),12au,Kohno,Tadayoshi Kohno,Computer Engineering,4.0,2.8,4,75.0,ambiguous,https://www.ratemyprofessors.com/professor/2051786
CSEP564,Computer Security,Professional Master’s Program (PMP),15wi,Kohno,Tadayoshi Kohno,Computer Engineering,4.0,2.8,4,75.0,ambiguous,https://www.ratemyprofessors.com/professor/2051786
CSEP564,Computer Security,Professional Master’s Program (PMP),20au,Koscher,,,,,,,not_found,
CSEP564,Computer Security,Professional Master’s Program (PMP),22au,Kohlbrenner,David Kohlbrenner,Computer Science,3.8,2.5,6,71.4286,unique,https://www.ratemyprofessors.com/professor/2675089
CSEP564,Computer Security,Professional Master’s Program (PMP),24au,Kohlbrenner,David Kohlbrenner,Computer Science,3.8,2.5,6,71.4286,unique,https://www.ratemyprofessors.com/professor/2675089
CSEP567,Design & Implementation of Digital Systems,Professional Master’s Program (PMP),04sp,Hemingway,Bruce Hemingway,Computer Science,3.1,2.9,13,45.4545,unique,https://www.ratemyprofessors.com/professor/1945988
CSEP567,Design & Implementation of Digital Systems,Professional Master’s Program (PMP),05au,Hemingway,Bruce Hemingway,Computer Science,3.1,2.9,13,45.4545,unique,https://www.ratemyprofessors.com/professor/1945988
CSEP567,Design & Implementation of Digital Systems,Professional Master’s Program (PMP),10wi,Ebeling,Carl Ebeling,Computer Science,4.8,3.0,6,-1.0,unique,https://www.ratemyprofessors.com/professor/415674
CSEP567,Design & Implementation of Digital Systems,Professional Master’s Program (PMP),12sp,Ebeling,Carl Ebeling,Computer Science,4.8,3.0,6,-1.0,unique,https://www.ratemyprofessors.com/professor/415674
CSEP573,Artificial Intelligence,Professional Master’s Program (PMP),01sp,Domingos,Daniel Domingos,Computer Science,5.0,5.0,1,100.0,unique,https://www.ratemyprofessors.com/professor/3121180
CSEP573,Artificial Intelligence,Professional Master’s Program (PMP),03wi,Kautz,,,,,,,not_found,
CSEP573,Artificial Intelligence,Professional Master’s Program (PMP),04au,Kautz,,,,,,,not_found,
CSEP573,Artificial Intelligence,Professional Master’s Program (PMP),07au,Domingos,Daniel Domingos,Computer Science,5.0,5.0,1,100.0,unique,https://www.ratemyprofessors.com/professor/3121180
CSEP573,Artificial Intelligence,Professional Master’s Program (PMP),10wi,Rao,Anup Rao,Computer Science,4.3,4.0,7,85.7143,ambiguous,https://www.ratemyprofessors.com/professor/2397281
CSEP573,Artificial Intelligence,Professional Master’s Program (PMP),11wi,Mausam,,,,,,,not_found,
CSEP573,Artificial Intelligence,Professional Master’s Program (PMP),12au,Mausam,,,,,,,not_found,
CSEP573,Artificial Intelligence,Professional Master’s Program (PMP),14sp,Farhadi,,,,,,,not_found,
CSEP573,Artificial Intelligence,Professional Master’s Program (PMP),16wi,Zettlemoyer,Luke Zettlemoyer,Chemical Engineering,0.0,0.0,0,-1.0,unique,https://www.ratemyprofessors.com/professor/1994981
CSEP573,Artificial Intelligence,Professional Master’s Program (PMP),19wi,Weld,Daniel Weld,Computer Science,0.0,0.0,0,-1.0,unique,https://www.ratemyprofessors.com/professor/1701020
CSEP573,Artificial Intelligence,Professional Master’s Program (PMP),22wi,Hajishirzi,Hannaneh Hajishirzi,Computer Science,2.0,3.0,3,0.0,unique,https://www.ratemyprofessors.com/professor/2955811
CSEP573,Artificial Intelligence,Professional Master’s Program (PMP),24wi,Zettlemoyer,Luke Zettlemoyer,Chemical Engineering,0.0,0.0,0,-1.0,unique,https://www.ratemyprofessors.com/professor/1994981
CSEP573,Artificial Intelligence,Professional Master’s Program (PMP),25au,Hajishirzi,Hannaneh Hajishirzi,Computer Science,2.0,3.0,3,0.0,unique,https://www.ratemyprofessors.com/professor/2955811
CSEP573,Artificial Intelligence,Professional Master’s Program (PMP),98sp,Weld,Daniel Weld,Computer Science,0.0,0.0,0,-1.0,unique,https://www.ratemyprofessors.com/professor/1701020
CSEP576,Computer Vision,Professional Master’s Program (PMP),05wi,Seitz,Steven Seitz,Computer Science,0.0,0.0,0,-1.0,unique,https://www.ratemyprofessors.com/professor/1304909
CSEP576,Computer Vision,Professional Master’s Program (PMP),08wi,Shapiro,Linda Shapiro,Computer Science,1.8,3.3,16,18.1818,ambiguous,https://www.ratemyprofessors.com/professor/1367910
CSEP576,Computer Vision,Professional Master’s Program (PMP),11sp,Zitnick,,,,,,,not_found,
CSEP576,Computer Vision,Professional Master’s Program (PMP),13sp,Farhadi,,,,,,,not_found,
CSEP576,Computer Vision,Professional Master’s Program (PMP),15sp,Seitz,Steven Seitz,Computer Science,0.0,0.0,0,-1.0,unique,https://www.ratemyprofessors.com/professor/1304909
CSEP576,Computer Vision,Professional Master’s Program (PMP),18sp,Brown,,,,,,,no_cs_match,
CSEP576,Computer Vision,Professional Master’s Program (PMP),18sp,Newcombe,,,,,,,not_found,
CSEP576,Computer Vision,Professional Master’s Program (PMP),20sp,Brown,,,,,,,no_cs_match,
CSEP576,Computer Vision,Professional Master’s Program (PMP),21au,Ablavsky,,,,,,,not_found,
CSEP589,Software Entrepreneurship,Professional Master’s Program (PMP),24wi,Gottesman,,,,,,,not_found,
CSEP589,Software Entrepreneurship,Professional Master’s Program (PMP),24wi,Lazowska,Ed Lazowska,Computer Science,4.4,3.5,4,100.0,unique,https://www.ratemyprofessors.com/professor/1823628
CSEP589,Software Entrepreneurship,Professional Master’s Program (PMP),25wi,Gottesman,,,,,,,not_found,
CSEP589,Software Entrepreneurship,Professional Master’s Program (PMP),25wi,Lazowska,Ed Lazowska,Computer Science,4.4,3.5,4,100.0,unique,https://www.ratemyprofessors.com/professor/1823628
