3895 slide-rich courses (>= 4 ratings) [ece:523, math:2200, physics:767, stats:405]; 3279 already labelled; 40 cached + 3157 live to do
[1/3197] 'STP421 - Arizona State University': no usable link (cache)
[2/3197] 'AQM1000 - Babson College': no usable link (cache)
[3/3197] 'AQM2000 - Babson College': no usable link (cache)
[4/3197] 'MATH401 - Binghamton University': no usable link (cache)
[5/3197] 'MATH478 - Binghamton University': no usable link (cache)
[6/3197] 'PHYS122 - Binghamton University': no usable link (cache)
[7/3197] 'PHYS323 - Binghamton University': no usable link (cache)
[8/3197] 'ASTR1510 - California State University, Los Angeles': no usable link (cache)
[9/3197] 'BIT1000 - Carleton University': no usable link (cache)
[10/3197] 'BIT1001 - Carleton University': no usable link (cache)
[11/3197] 'BIT1100 - Carleton University': no usable link (cache)
[12/3197] 'BIT2009 - Carleton University': no usable link (cache)
[13/3197] 'CBAD291 - Coastal Carolina University': no usable link (cache)
[14/3197] 'AST103 - College of Staten Island': no usable link (cache)
[15/3197] 'CEEN241 - Colorado School of Mines': no usable link (cache)
[16/3197] 'ACC615 - DePaul University': no usable link (cache)
[17/3197] 'AST001 - Drake University': no usable link (cache)
[18/3197] 'CALC2121 - East Carolina University': no usable link (cache)
[19/3197] 'BUSN230 - Gonzaga University': no usable link (cache)
[20/3197] '1MM3 - McMaster University': no usable link (cache)
[21/3197] '1ZA3 - McMaster University': no usable link (cache)
[22/3197] '2DA3 - McMaster University': no usable link (cache)
[23/3197] 'CALC1LS3 - McMaster University': no usable link (cache)
[24/3197] 'BIOS308 - Northern Illinois University': no usable link (cache)
[25/3197] 'BIOS470 - Northern Illinois University': no usable link (cache)
[26/3197] 'ASTR1023 - Oklahoma State University': no usable link (cache)
[27/3197] 'BIOS6290 - Tulane University': no usable link (cache)
[28/3197] '6A - University of California, Santa Barbara': no usable link (cache)
[29/3197] 'ASTR110L - University of Hawaii at Manoa': no usable link (cache)
[30/3197] 'APPL110 - University of North Carolina at Chapel Hill': no usable link (cache)
[31/3197] 'ASTR103 - University of North Carolina at Chapel Hill': no usable link (cache)
[32/3197] 'ASTR1504 - University of Oklahoma': no usable link (cache)
[33/3197] 'ASTR1514 - University of Oklahoma': no usable link (cache)
[34/3197] 'BIOS0057 - University of Pittsburgh': no usable link (cache)
[35/3197] 'ASTR113 - University of Saskatchewan': no usable link (cache)
[36/3197] 'BIOS1500 - Western Michigan University': no usable link (cache)
[37/3197] 'BIOS1620 - Western Michigan University': no usable link (cache)
[38/3197] 'BIOS5470 - Western Michigan University': no usable link (cache)
[39/3197] 'ASTRO1504 - Youngstown State University': no usable link (cache)
[40/3197] 'ASTRO1504L - Youngstown State University': no usable link (cache)
[41/3197] 'STAT360 - Amherst College' (live): SAVED top 2 -> https://www.amherst.edu/academiclife/departments/courses/2223F/STAT/STAT-360-2223F + https://www.amherst.edu/academiclife/departments/mathematics-statistics/courses?display=curriculum
[42/3197] 'EEE203 - Arizona State University': no usable link (live)
[43/3197] 'EEE425 - Arizona State University' (live): SAVED top 1 -> https://ecee.engineering.asu.edu/degrees/undergraduate/course-syllabi/
[44/3197] 'EEE598 - Arizona State University' (live): SAVED top 2 -> https://ecee.engineering.asu.edu/students/undergraduate/course-syllabi/ + https://courses.ulc.asu.edu/
[45/3197] 'MAT117 - Arizona State University' (live): SAVED top 2 -> https://courses.ea.asu.edu/assets/courses/MAT%20117_%20College%20Algebra%20and%20Problem%20Solving.pdf + https://courses.asuonline.asu.edu/college-algebra
[46/3197] 'MAT119 - Arizona State University' (live): SAVED top 2 -> https://math.asu.edu/resources/math-courses/mat119 + https://tutoring.asu.edu/course/mat119
[47/3197] 'MAT142 - Arizona State University' (live): SAVED top 2 -> https://courses.teach.ucdavis.edu/institutions/arizona-state-university/mat-142-college-mathematics + https://math.asu.edu/mat114
[48/3197] 'PHYS1000 - Auburn University' (live): SAVED top 2 -> https://www.auburn.edu/academic/cosam/departments/physics/intro-courses/syllabi/docs/thomas-1000-spring.pdf + https://www.auburn.edu/cosam/departments/physics/intro-courses/ugrad-lab/Physics1000/index.htm
[49/3197] 'QTM2000 - Babson College' (live): SAVED top 1 -> https://www.babson.edu/about/course-catalog/new-course-search/undergraduate/all-courses/qtm2000/
[50/3197] 'QTM3605 - Babson College' (live): SAVED top 2 -> https://gist.github.com/AshwinD24?direction=asc&amp;amp;sort=updated + https://github.com/apmalani/cs-178-project/blob/main/imdb.vocab
[51/3197] 'MTH3300 - Baruch College': no usable link (live)
[52/3197] 'MA233 - Bentley University': no usable link (live)
[53/3197] 'MATH108 - Binghamton University' (live): SAVED top 2 -> https://github.com/yanbenjamin/MathNotes/blob/main/math108_notes.pdf + https://bulletin.binghamton.edu/preview_course_nopop.php?catoid=2&amp;coid=20212
[54/3197] 'MATH330 - Binghamton University' (live): SAVED top 2 -> https://people.math.binghamton.edu/mfochler/bu-mfx/bu-math-arv/math-330-arv/math-330-2024-02/html/math-330-course-mat.html + http://people.math.binghamton.edu/mfochler/bu-mfx/bu-math-arv/math-330-arv/math-330-2020-08/html/math-330-course-mat.html
[55/3197] 'MATH447 - Binghamton University': no usable link (live)
[56/3197] 'MA511 - Boston University' (live): SAVED top 2 -> https://www.bu.edu/academics/grs/courses/cas-ma-511/ + https://www.bu.edu/phpbin/course-search/section/?t=casma511
[57/3197] 'MA569 - Boston University': no usable link (live)
[58/3197] 'MATH1230 - Bowling Green State University': no usable link (live)
[59/3197] 'MATH1280 - Bowling Green State University': no usable link (live)
[60/3197] 'MATH2350 - Bowling Green State University': no usable link (live)
[61/3197] 'STAT211 - Bowling Green State University': no usable link (live)
[62/3197] 'MATH15A - Brandeis University' (live): SAVED top 2 -> https://www.brandeis.edu/summer/courses/syllabi/2024/math15a.pdf + https://www.brandeis.edu/summer/courses/syllabi/2026/math15a.pdf
[63/3197] 'MATH35A - Brandeis University': no usable link (live)
[64/3197] 'MATH5A - Brandeis University' (live): SAVED top 2 -> https://www.brandeis.edu/summer/courses/syllabi/2026/math5a.pdf + https://www.brandeis.edu/summer/courses/syllabi/2025/math5a.pdf
[65/3197] 'PHYS18 - Brandeis University': no usable link (live)
[66/3197] 'PHYS19 - Brandeis University' (live): SAVED top 2 -> https://www.brandeis.edu/summer/courses/syllabi/2026/phys19b.pdf + https://www.brandeis.edu/registrar/bulletin/provisional/courses/subjects/5600.html
[67/3197] 'PHYS19A - Brandeis University' (live): SAVED top 2 -> https://registrar-prod.unet.brandeis.edu/registrar/schedule/course?acad_year=2024&amp;crse_id=006801&amp;strm=1233&amp;class_section=1 + https://www.brandeis.edu/registrar/schedule/search
[68/3197] 'PHSC105 - Brigham Young University' (live): SAVED top 1 -> https://e-learn.byu.edu/catalog/PHSCS-105-300-001
[69/3197] 'PHSC106 - Brigham Young University' (live): SAVED top 1 -> https://hs.ce.byu.edu/catalog/PHSCS-106-300-001
[70/3197] 'PHSCS105 - Brigham Young University': no usable link (live)
[71/3197] 'PHSCS106 - Brigham Young University': no usable link (live)
[72/3197] 'MAT1401 - Brooklyn College': no usable link (live)
[73/3197] 'MATH1006 - Brooklyn College': no usable link (live)
[74/3197] 'MATH1011 - Brooklyn College': no usable link (live)
[75/3197] 'MATH1012 - Brooklyn College' (live): SAVED top 2 -> https://websql.brooklyn.cuny.edu/courses/ShowCourse.do?redirect=/acad/course_info.jsp&amp;1=1&amp;dsc=MATH.&amp;crs_num=1012&amp;div=U + https://www.brooklyn.edu/mathematics/undergraduate/resources/
[76/3197] 'MATH1021 - Brooklyn College' (live): SAVED top 2 -> https://static.brooklyn.edu/web/aca_naturalsciences_math/Math1021_Syllabus.pdf + https://websql.brooklyn.cuny.edu/courses/ShowCourse.do?redirect=/acad/course_info.jsp&amp;1=1&amp;dsc=MATH.&amp;crs_num=1021&amp;div=U
[77/3197] 'MATH1201 - Brooklyn College' (live): SAVED top 2 -> https://www.brooklyn.edu/wp-content/uploads/Math1201_Syllabus.pdf + https://websql.brooklyn.cuny.edu/courses/ShowCourse.do?redirect=/acad/course_info.jsp&amp;dsc=MATH.&amp;crs_num=1201&amp;div=U
[78/3197] 'MATH1206 - Brooklyn College' (live): SAVED top 2 -> https://static.brooklyn.edu/web/aca_naturalsciences_math/Math1206_Syllabus.pdf + https://websql.brooklyn.cuny.edu/courses/ShowCourse.do?redirect=/acad/course_info.jsp&amp;dsc=MATH.&amp;crs_num=1206&amp;div=U
[79/3197] 'MATH1311 - Brooklyn College': no usable link (live)
[80/3197] 'MATH1311CORE - Brooklyn College': no usable link (live)
[81/3197] 'MATH1401 - Brooklyn College': no usable link (live)
[82/3197] 'MATH195 - Brooklyn College' (live): SAVED top 2 -> https://math.sci.ccny.cuny.edu/page/math195/ + https://math.sci.ccny.cuny.edu/page/195topics/
[83/3197] 'MATH2001 - Brooklyn College': no usable link (live)
[84/3197] 'MATH2101 - Brooklyn College': no usable link (live)
[85/3197] 'MATH2201 - Brooklyn College' (live): SAVED top 2 -> https://static.brooklyn.edu/web/aca_naturalsciences_math/Math2201_Syllabus.pdf + https://www.sci.brooklyn.cuny.edu/~mate/calc3/syllabus.pdf
[86/3197] 'MATH43 - Brooklyn College' (live): SAVED top 2 -> https://www.brooklyn.edu/mathematics/undergraduate/resources/ + https://students.brooklyn.edu/knowledge-base/accessing-your-course-material/
[87/3197] 'PHYS1100 - Brooklyn College' (live): SAVED top 2 -> https://libguides.brooklyn.cuny.edu/physics1100 + https://websql.brooklyn.cuny.edu/courses/ShowCourse.do?dsc=PHYS.&amp;crs_num=1100&amp;div=U
[88/3197] 'STATS3400 - Brooklyn College' (live): SAVED top 2 -> https://www.brooklyn.edu/registrar/bulletins/ + https://github.com/CrumpLab/psyc3400
[89/3197] 'MATH0180 - Brown University' (live): SAVED top 2 -> https://www.math.brown.edu/ysulyma/f21-math180/ + https://www.math.brown.edu/cdaly2/Syllabi/math180_fall2024.pdf
[90/3197] 'MATH0350 - Brown University' (live): SAVED top 2 -> https://sites.brown.edu/drpeyam/apma0350/ + https://mathematics.brown.edu/courses/course-descriptions
[91/3197] 'PHYS2030 - Brown University' (live): SAVED top 2 -> https://cs.brown.edu/courses/course-slides/ + https://selfservice.brown.edu/ss/bwckctlg.p_disp_course_detail?cat_term_in=201620&subj_code_in=PHYS&crse_numb_in=2030
[92/3197] 'MATHB101 - Bryn Mawr College': no usable link (live)
[93/3197] 'MATHB102 - Bryn Mawr College': no usable link (live)
[94/3197] 'MATHB104 - Bryn Mawr College' (live): SAVED top 2 -> https://www2.math.upenn.edu/~rimmer/math104online.html + https://www.brynmawr.edu/inside/academic-information/departments-programs/mathematics/courses
[95/3197] 'MATHB201 - Bryn Mawr College' (live): SAVED top 2 -> https://www.brynmawr.edu/sites/default/files/media/documents/2022-06/Math%20Course%20Schedule%20Fall%202022%20(r).pdf + https://www.brynmawr.edu/sites/default/files/media/documents/2023-01/Mathematics-Sample-Programs-2022.pdf
[96/3197] 'MATHB206 - Bryn Mawr College' (live): SAVED top 2 -> https://www.brynmawr.edu/inside/academic-information/departments-programs/mathematics/courses + https://www.brynmawr.edu/inside/academic-information/registrar/course-explorer
[97/3197] 'MATHB295 - Bryn Mawr College': no usable link (live)
[98/3197] 'QSEM001 - Bryn Mawr College' (live): SAVED top 2 -> https://www.brynmawr.edu/inside/academic-information/registrar/course-explorer + https://www.brynmawr.edu/inside/academic-information/departments-programs/education/courses
[99/3197] 'ECEG100 - Bucknell University': no usable link (live)
[100/3197] 'ECEG240 - Bucknell University': no usable link (live)
[101/3197] 'ECEG270 - Bucknell University': no usable link (live)
[102/3197] 'ECEG431 - Bucknell University': no usable link (live)
[103/3197] 'MATH192 - Bucknell University' (live): SAVED top 2 -> http://www.unix.bucknell.edu/~ncr006/teaching/192/s09/index.html + https://www.eg.bucknell.edu/~ncr006/192s09/syllabus.html
[104/3197] 'MATH358 - Bucknell University' (live): SAVED top 1 -> https://www.bucknell.edu/academics/current-students/class-registration-grades/course-information
[105/3197] 'PHYS147 - Bucknell University': no usable link (live)
[106/3197] 'PHYS211P - Bucknell University': no usable link (live)
[107/3197] 'MAT103 - Buffalo State University': no usable link (live)
[108/3197] 'MAT121 - Buffalo State University' (live): SAVED top 2 -> https://faculty.kutztown.edu/lu/mat121lecture_slides.htm + https://digitalcommons.buffalostate.edu/curprop/249/
[109/3197] 'MAT122 - Buffalo State University' (live): SAVED top 1 -> https://digitalcommons.buffalostate.edu/curprop/250/
[110/3197] 'MAT124 - Buffalo State University': no usable link (live)
[111/3197] 'MAT126 - Buffalo State University': no usable link (live)
[112/3197] 'MAT161 - Buffalo State University': no usable link (live)
[113/3197] 'MAT162 - Buffalo State University': no usable link (live)
[114/3197] 'MAT163 - Buffalo State University': no usable link (live)
[115/3197] 'MAT202 - Buffalo State University' (live): SAVED top 2 -> https://digitalcommons.buffalostate.edu/curprop/1061/ + https://registrar.buffalostate.edu/course-offerings
[116/3197] 'MAT301W - Buffalo State University' (live): SAVED top 2 -> https://registrar.buffalostate.edu/course-offerings + https://suny.buffalostate.edu/students
[117/3197] 'MAT311 - Buffalo State University' (live): SAVED top 1 -> https://math.buffalostate.edu/courses/undergraduate/mat311.html
[118/3197] 'MAT322 - Buffalo State University': no usable link (live)
[119/3197] 'MAT351 - Buffalo State University': no usable link (live)
[120/3197] 'MAT581 - Buffalo State University' (live): SAVED top 2 -> https://drlvk.github.io/mat-581/ + https://cedar.buffalo.edu/~srihari/CSE574/
[121/3197] 'MATH103 - Buffalo State University' (live): SAVED top 2 -> https://registrar.buffalostate.edu/course-offerings + https://academicaffairs.buffalostate.edu/undergraduate-catalog
[122/3197] 'PHY107 - Buffalo State University' (live): SAVED top 2 -> https://github.com/mosroormofizarman/PHY107-Physics-I + https://explore.suny.edu/courses/1385891
[123/3197] 'PHY108 - Buffalo State University' (live): SAVED top 2 -> https://arts-sciences.buffalo.edu/content/dam/arts-sciences/physics/PHY108_Online_Winter.pdf + https://arts-sciences.buffalo.edu/content/dam/arts-sciences/physics/Undergraduate_Handbook_2024%20-2025.pdf
3895 slide-rich courses (>= 4 ratings) [ece:523, math:2200, physics:767, stats:405]; 3324 already labelled; 40 cached + 3112 live to do
[1/3152] 'STP421 - Arizona State University': no usable link (cache)
[2/3152] 'AQM1000 - Babson College': no usable link (cache)
[3/3152] 'AQM2000 - Babson College': no usable link (cache)
[4/3152] 'MATH401 - Binghamton University': no usable link (cache)
[5/3152] 'MATH478 - Binghamton University': no usable link (cache)
[6/3152] 'PHYS122 - Binghamton University': no usable link (cache)
[7/3152] 'PHYS323 - Binghamton University': no usable link (cache)
[8/3152] 'ASTR1510 - California State University, Los Angeles': no usable link (cache)
[9/3152] 'BIT1000 - Carleton University': no usable link (cache)
[10/3152] 'BIT1001 - Carleton University': no usable link (cache)
[11/3152] 'BIT1100 - Carleton University': no usable link (cache)
[12/3152] 'BIT2009 - Carleton University': no usable link (cache)
[13/3152] 'CBAD291 - Coastal Carolina University': no usable link (cache)
[14/3152] 'AST103 - College of Staten Island': no usable link (cache)
[15/3152] 'CEEN241 - Colorado School of Mines': no usable link (cache)
[16/3152] 'ACC615 - DePaul University': no usable link (cache)
[17/3152] 'AST001 - Drake University': no usable link (cache)
[18/3152] 'CALC2121 - East Carolina University': no usable link (cache)
[19/3152] 'BUSN230 - Gonzaga University': no usable link (cache)
[20/3152] '1MM3 - McMaster University': no usable link (cache)
[21/3152] '1ZA3 - McMaster University': no usable link (cache)
[22/3152] '2DA3 - McMaster University': no usable link (cache)
[23/3152] 'CALC1LS3 - McMaster University': no usable link (cache)
[24/3152] 'BIOS308 - Northern Illinois University': no usable link (cache)
[25/3152] 'BIOS470 - Northern Illinois University': no usable link (cache)
[26/3152] 'ASTR1023 - Oklahoma State University': no usable link (cache)
[27/3152] 'BIOS6290 - Tulane University': no usable link (cache)
[28/3152] '6A - University of California, Santa Barbara': no usable link (cache)
[29/3152] 'ASTR110L - University of Hawaii at Manoa': no usable link (cache)
[30/3152] 'APPL110 - University of North Carolina at Chapel Hill': no usable link (cache)
[31/3152] 'ASTR103 - University of North Carolina at Chapel Hill': no usable link (cache)
[32/3152] 'ASTR1504 - University of Oklahoma': no usable link (cache)
[33/3152] 'ASTR1514 - University of Oklahoma': no usable link (cache)
[34/3152] 'BIOS0057 - University of Pittsburgh': no usable link (cache)
[35/3152] 'ASTR113 - University of Saskatchewan': no usable link (cache)
[36/3152] 'BIOS1500 - Western Michigan University': no usable link (cache)
[37/3152] 'BIOS1620 - Western Michigan University': no usable link (cache)
[38/3152] 'BIOS5470 - Western Michigan University': no usable link (cache)
[39/3152] 'ASTRO1504 - Youngstown State University': no usable link (cache)
[40/3152] 'ASTRO1504L - Youngstown State University': no usable link (cache)
[41/3152] 'EEE203 - Arizona State University' (live): SAVED top 1 -> https://tsakalis.faculty.asu.edu/203.htm
[42/3152] 'MTH3300 - Baruch College' (live): SAVED top 2 -> https://mfeapp.baruch.cuny.edu/math/course/mth3300/ + https://www.baruch.cuny.edu/courseinfo/detail/MTH3300
[43/3152] 'MA233 - Bentley University': no usable link (live)
[44/3152] 'MATH447 - Binghamton University': no usable link (live)
[45/3152] 'MA569 - Boston University' (live): SAVED top 1 -> https://www.bu.edu/academics/cas/courses/cas-ma-569/
[46/3152] 'MATH1230 - Bowling Green State University': no usable link (live)
[47/3152] 'MATH1280 - Bowling Green State University' (live): SAVED top 2 -> https://www.bgsu.edu/arts-and-sciences/mathematics-and-statistics/undergraduate-programs/course-syllabi.html + https://www.bgsu.edu/registration-records/courses-and-classes/class-course-information.html
[48/3152] 'MATH2350 - Bowling Green State University' (live): SAVED top 2 -> https://www.bgsu.edu/registration-records/courses-and-classes/class-course-information.html + https://www.bgsu.edu/arts-and-sciences/mathematics-and-statistics/undergraduate-programs/course-syllabi.html
[49/3152] 'STAT211 - Bowling Green State University': no usable link (live)
[50/3152] 'MATH35A - Brandeis University': no usable link (live)
[51/3152] 'PHYS18 - Brandeis University': no usable link (live)
[52/3152] 'PHSCS105 - Brigham Young University' (live): SAVED top 1 -> https://content.byui.edu/file/397552e2-200e-42da-9645-262bcf4527c7/2/PH105syllabus.html
[53/3152] 'PHSCS106 - Brigham Young University' (live): SAVED top 1 -> https://hs.ce.byu.edu/catalog/PHSCS-106-300-001
[54/3152] 'MAT1401 - Brooklyn College' (live): SAVED top 2 -> https://static.brooklyn.edu/web/aca_naturalsciences_math/Math1401_syllabus.pdf + https://websql.brooklyn.cuny.edu/courses/ShowCourse.do?redirect=/acad/course_info.jsp&amp;1=1&amp;dsc=MATH.&amp;crs_num=1401&amp;div=U
[55/3152] 'MATH1006 - Brooklyn College': no usable link (live)
[56/3152] 'MATH1011 - Brooklyn College' (live): SAVED top 2 -> https://libguides.brooklyn.cuny.edu/math1011 + https://static.brooklyn.edu/web/aca_naturalsciences_math/Math1011_Syllabus.pdf
[57/3152] 'MATH1311 - Brooklyn College': no usable link (live)
[58/3152] 'MATH1311CORE - Brooklyn College' (live): SAVED top 2 -> https://websql.brooklyn.cuny.edu/courses/ShowCourse.do?redirect=/acad/course_info.jsp&amp;1=1&amp;dsc=MATH.&amp;crs_num=1311&amp;div=U + https://www.brooklyn.edu/mathematics/undergraduate/resources/
[59/3152] 'MATH1401 - Brooklyn College': no usable link (live)
[60/3152] 'MATH2001 - Brooklyn College': no usable link (live)
[61/3152] 'MATH2101 - Brooklyn College' (live): SAVED top 2 -> https://websql.brooklyn.cuny.edu/courses/ShowCourse.do?redirect=/acad/course_info.jsp&amp;dsc=MATH.&amp;crs_num=2101&amp;div=U + https://www.brooklyn.edu/mathematics/undergraduate/resources/
[62/3152] 'MATHB101 - Bryn Mawr College': no usable link (live)
[63/3152] 'MATHB102 - Bryn Mawr College': no usable link (live)
[64/3152] 'MATHB295 - Bryn Mawr College' (live): SAVED top 2 -> https://www.brynmawr.edu/sites/default/files/migrated-files/Spring%202022_Math%20295-Game-Theory-Course-Description%20(r).pdf + https://www.brynmawr.edu/inside/academic-information/registrar/course-explorer
[65/3152] 'ECEG100 - Bucknell University' (live): SAVED top 2 -> https://web.stanford.edu/class/archive/engr/engr40m.1178/slides.html + https://www.bucknell.edu/academics/current-students/class-registration-grades/course-information
[66/3152] 'ECEG240 - Bucknell University' (live): SAVED top 1 -> https://www.bucknell.edu/academics/current-students/class-registration-grades/course-information
[67/3152] 'ECEG270 - Bucknell University' (live): SAVED top 2 -> https://engineering.purdue.edu/~meyer/DDU270/Notes/index.html + https://engineering.purdue.edu/ece270/
[68/3152] 'ECEG431 - Bucknell University': no usable link (live)
[69/3152] 'PHYS147 - Bucknell University': no usable link (live)
[70/3152] 'PHYS211P - Bucknell University' (live): SAVED top 2 -> https://www.eg.bucknell.edu/~phys211/sp2026/index.html + https://phys211.github.io/Fall2024/starthere.html
[71/3152] 'MAT103 - Buffalo State University': no usable link (live)
[72/3152] 'MAT124 - Buffalo State University' (live): SAVED top 2 -> https://registrar.buffalostate.edu/course-offerings + https://bscintra.buffalostate.edu/msched/202430-ug-mathematics.html
[73/3152] 'MAT126 - Buffalo State University' (live): SAVED top 2 -> https://registrar.buffalostate.edu/course-offerings + https://academicaffairs.buffalostate.edu/undergraduate-catalog
[74/3152] 'MAT161 - Buffalo State University' (live): SAVED top 1 -> https://math.buffalostate.edu/dwilson/MAT161/index.html
[75/3152] 'MAT162 - Buffalo State University': no usable link (live)
[76/3152] 'MAT163 - Buffalo State University': no usable link (live)
[77/3152] 'MAT322 - Buffalo State University' (live): SAVED top 2 -> https://github.com/xinyuan-Fall2021-Math322/note/blob/main/MATH-322-Lecture-8-slides.pdf + https://suny.buffalostate.edu/students
[78/3152] 'MAT351 - Buffalo State University' (live): SAVED top 1 -> https://registrar.buffalostate.edu/course-offerings
[79/3152] 'HS390 - Butler University' (live): SAVED top 2 -> https://bulletin.butler.edu/preview_course_nopop.php?catoid=6&amp;coid=16079 + https://www.butlercc.edu/academics/degrees-certificates/course-outlines
[80/3152] 'ID201 - Butler University': no usable link (live)
[81/3152] 'MA102 - Butler University': no usable link (live)
[82/3152] 'MA106 - Butler University' (live): SAVED top 2 -> https://github.com/gyandevgupta/MA106-Tutorial/blob/master/README.md + https://bulletin.butler.edu/preview_course_nopop.php?catoid=6&amp;coid=14012
[83/3152] 'MA208 - Butler University': no usable link (live)
[84/3152] 'MA310 - Butler University' (live): SAVED top 2 -> https://bulletin.butler.edu/preview_course_nopop.php?catoid=6&amp;coid=14014 + https://www.butler.edu/arts-sciences/mathematical-sciences/courses/
[85/3152] 'MA334 - Butler University' (live): SAVED top 2 -> https://bulletin.butler.edu/preview_course_nopop.php?catoid=6&amp;coid=15431 + https://www.butler.edu/arts-sciences/mathematical-sciences/courses/
[86/3152] 'MA360 - Butler University': no usable link (live)
[87/3152] 'NW262 - Butler University' (live): SAVED top 2 -> https://bulletin.butler.edu/preview_course_nopop.php?catoid=6&amp;coid=15863 + https://www.butler.edu/oeet/resources/tools/
[88/3152] 'PH107 - Butler University' (live): SAVED top 2 -> https://mvakde.github.io/files/2021-PH107-PH112-Tutorial01.pdf + https://github.com/ShashwatChakraborty/PH107-Tutorial-Solutions-
[89/3152] 'CPE133 - California Polytechnic State University': no usable link (live)
[90/3152] 'EE212 - California Polytechnic State University' (live): SAVED top 1 -> https://ee.calpoly.edu/taufiks-courses
[91/3152] 'EE242 - California Polytechnic State University': no usable link (live)
[92/3152] 'ECE1101L - California State Polytechnic University, Pomona' (live): SAVED top 2 -> https://reserves.calstate.edu/pomona/course/5051249790002915 + https://cmsweb.pscs.calpoly.edu/psc/CSLOPRD/EMPLOYEE/SA/c/COMMUNITY_ACCESS.CLASS_SEARCH.GBL
[93/3152] 'ECE1310 - California State Polytechnic University, Pomona': no usable link (live)
[94/3152] 'ECE2300L - California State Polytechnic University, Pomona': no usable link (live)
[95/3152] 'ECE3101 - California State Polytechnic University, Pomona': no usable link (live)
[96/3152] 'ECE3200 - California State Polytechnic University, Pomona': no usable link (live)
[97/3152] 'ECE3300 - California State Polytechnic University, Pomona': no usable link (live)
[98/3152] 'ECE3301L - California State Polytechnic University, Pomona' (live): SAVED top 2 -> https://github.com/kdizzlle/ece-3301L-microcontrollers + https://cmsweb.pscs.calpoly.edu/psc/CSLOPRD/EMPLOYEE/SA/c/COMMUNITY_ACCESS.CLASS_SEARCH.GBL
[99/3152] 'ECE3709L - California State Polytechnic University, Pomona': no usable link (live)
[100/3152] 'ECE3715 - California State Polytechnic University, Pomona' (live): SAVED top 1 -> https://reserves.calstate.edu/pomona/course/5584975150002915
[101/3152] 'ECE4305 - California State Polytechnic University, Pomona' (live): SAVED top 2 -> https://github.com/aseddin/ece_4305 + https://github.com/aseddin/ece_4305/blob/main/README.md
[102/3152] 'MAT1050 - California State Polytechnic University, Pomona': no usable link (live)
[103/3152] 'MAT1060 - California State Polytechnic University, Pomona': no usable link (live)
[104/3152] 'MAT1070 - California State Polytechnic University, Pomona': no usable link (live)
[105/3152] 'MAT1140 - California State Polytechnic University, Pomona': no usable link (live)
[106/3152] 'MAT116 - California State Polytechnic University, Pomona': no usable link (live)
[107/3152] 'MAT1250 - California State Polytechnic University, Pomona': no usable link (live)
[108/3152] 'MAT1940 - California State Polytechnic University, Pomona': no usable link (live)
[109/3152] 'MAT208 - California State Polytechnic University, Pomona': no usable link (live)
[110/3152] 'MAT2140 - California State Polytechnic University, Pomona': no usable link (live)
[111/3152] 'MAT2240 - California State Polytechnic University, Pomona': no usable link (live)
[112/3152] 'MAT2250 - California State Polytechnic University, Pomona': no usable link (live)
[113/3152] 'PHY1210 - California State Polytechnic University, Pomona': no usable link (live)
[114/3152] 'PHY1210L - California State Polytechnic University, Pomona': no usable link (live)
[115/3152] 'PHY1220 - California State Polytechnic University, Pomona': no usable link (live)
[116/3152] 'PHY133L - California State Polytechnic University, Pomona': no usable link (live)
[117/3152] 'PHY1510 - California State Polytechnic University, Pomona': no usable link (live)
[118/3152] 'PHY1510L - California State Polytechnic University, Pomona': no usable link (live)
[119/3152] 'PHY1520 - California State Polytechnic University, Pomona': no usable link (live)
[120/3152] 'PHY1520L - California State Polytechnic University, Pomona': no usable link (live)
[121/3152] 'SATA2260 - California State Polytechnic University, Pomona' (live): SAVED top 1 -> https://cmsweb.pscs.calpoly.edu/psc/CSLOPRD/EMPLOYEE/SA/c/COMMUNITY_ACCESS.CLASS_SEARCH.GBL
[122/3152] 'STA1200 - California State Polytechnic University, Pomona': no usable link (live)
[123/3152] 'STA1300 - California State Polytechnic University, Pomona': no usable link (live)
[124/3152] 'STA2260 - California State Polytechnic University, Pomona': no usable link (live)
[125/3152] 'EECE144 - California State University, Chico': no usable link (live)
[126/3152] 'EECE211 - California State University, Chico': no usable link (live)
[127/3152] 'EECE237 - California State University, Chico': no usable link (live)
[128/3152] 'EECE344 - California State University, Chico': no usable link (live)
[129/3152] 'EECE446 - California State University, Chico' (live): SAVED top 2 -> https://ciphermpcjoe.github.io/teaching/undergraduate-teaching + https://github.com/willhama/128k-tokens/blob/main/o200k_base.txt
[130/3152] 'MATH011 - California State University, Chico': no usable link (live)
[131/3152] 'MATH051 - California State University, Chico': no usable link (live)
[132/3152] 'MATH330W - California State University, Chico': no usable link (live)
[133/3152] 'MATH47 - California State University, Chico': no usable link (live)
[134/3152] 'MATH50B - California State University, Chico': no usable link (live)
[135/3152] 'MATH7D - California State University, Chico': no usable link (live)
[136/3152] 'MKTG673 - California State University, Chico' (live): SAVED top 2 -> https://rce.csuchico.edu/schedule/credit/2252-a61/seminar-strategic-marketing-501 + https://portal.csuchico.edu/uPortal/
[137/3152] 'PHY204A - California State University, Chico' (live): SAVED top 2 -> https://physics.csuchico.edu/kagan/204A/lectureslides/slides01.pdf + https://physics.csuchico.edu/kagan/204A/
[138/3152] 'PHYS202A - California State University, Chico' (live): SAVED top 1 -> https://physics.csuchico.edu/kagan/202A/
[139/3152] 'PHYS202B - California State University, Chico' (live): SAVED top 2 -> https://physics.csuchico.edu/kagan/202B/prelectures/ + https://physics.csuchico.edu/kagan/202B/
[140/3152] 'PHYS204A - California State University, Chico' (live): SAVED top 2 -> https://physics.csuchico.edu/ayars/204A/handouts/syllabus.pdf + https://physics.csuchico.edu/buchholtz/4A/204A_S20_syllabus.pdf
[141/3152] 'PHYS204B - California State University, Chico' (live): SAVED top 2 -> https://physics.csuchico.edu/kagan/204B/lecture/ + https://physics.csuchico.edu/kagan/204B/
[142/3152] 'STATS105 - California State University, Chico': no usable link (live)
[143/3152] 'EE503 - California State University, Long Beach': no usable link (live)
[144/3152] 'EE545 - California State University, Long Beach' (live): SAVED top 2 -> https://ee545.cankaya.edu.tr/course.php?page=Syllabus + https://ee545.cankaya.edu.tr/
[145/3152] 'M123 - California State University, Long Beach': no usable link (live)
[146/3152] 'MAPB11 - California State University, Long Beach': no usable link (live)
[147/3152] 'MAPB7 - California State University, Long Beach' (live): SAVED top 2 -> https://www.csulb.edu/slide/slides + https://www.csulb.edu/
[148/3152] 'MATH119A - California State University, Long Beach' (live): SAVED top 2 -> https://www.csulb.edu/slide/slides + https://www.csulb.edu/
[149/3152] 'MATH370A - California State University, Long Beach': no usable link (live)
[150/3152] 'MTED110 - California State University, Long Beach' (live): SAVED top 2 -> https://www.csulb.edu/slide/slides + https://www.csulb.edu/
[151/3152] 'MTED205 - California State University, Long Beach': no usable link (live)
[152/3152] 'STAT108 - California State University, Long Beach': no usable link (live)
[153/3152] 'STAT118 - California State University, Long Beach': no usable link (live)
[154/3152] 'STAT381 - California State University, Long Beach' (live): SAVED top 1 -> https://home.csulb.edu/~saleem/Course-F15-381/index381.htm
[155/3152] 'STATS108 - California State University, Long Beach': no usable link (live)
[156/3152] 'STATS118 - California State University, Long Beach' (live): SAVED top 2 -> https://online.stanford.edu/courses/stats118-probability-theory-statistical-inference + https://edit-summer.stanford.edu/sites/summer/files/media/file/stats118-syllabus-summer-2025.pdf
[157/3152] 'EDFN1090 - California State University, Los Angeles': no usable link (live)
[158/3152] 'EDFN1092 - California State University, Los Angeles': no usable link (live)
[159/3152] 'EDFN3520 - California State University, Los Angeles': no usable link (live)
[160/3152] 'EE244 - California State University, Los Angeles': no usable link (live)
[161/3152] 'EE2440 - California State University, Los Angeles': no usable link (live)
[162/3152] 'EE3445 - California State University, Los Angeles' (live): SAVED top 2 -> https://github.com/curtywang/csula-ee3445-final-project + https://github.com/Tundramokous/EE3445-Final-Project
[163/3152] 'EE449 - California State University, Los Angeles' (live): SAVED top 2 -> https://people.engr.tamu.edu/sunilkhatri/courses/ee449/index.html + https://www.calstatela.edu/ecst/ece/cadence
[164/3152] 'ESM1090 - California State University, Los Angeles': no usable link (live)
[165/3152] 'MATH104A - California State University, Los Angeles' (live): SAVED top 2 -> https://mathweb.ucsd.edu/~csorense/teaching/math104A_F18/index.html + https://mathweb.ucsd.edu/~cpopescu/Winter2023/104A/104A.html
[166/3152] 'MATH1082 - California State University, Los Angeles': no usable link (live)
[167/3152] 'MATH1083 - California State University, Los Angeles': no usable link (live)
[168/3152] 'MATH1085 - California State University, Los Angeles': no usable link (live)
[169/3152] 'MATH1092 - California State University, Los Angeles' (live): SAVED top 1 -> https://www.calstatela.edu/nss/math/math-course-descriptions
[170/3152] 'MATH2040 - California State University, Los Angeles': no usable link (live)
[171/3152] 'MATH2045 - California State University, Los Angeles' (live): SAVED top 2 -> https://www.calstatela.edu/nss/math/math-course-descriptions + https://www.calstatela.edu/faculty/sheng-hung
[172/3152] 'MATH3450 - California State University, Los Angeles' (live): SAVED top 2 -> https://webdev.calstatela.edu/sites/default/files/3450-3-7-24.pdf + https://www.calstatela.edu/nss/math/math-course-descriptions
[173/3152] 'MATH91 - California State University, Los Angeles': no usable link (live)
[174/3152] 'MATH920 - California State University, Los Angeles': no usable link (live)
[175/3152] 'MATH930 - California State University, Los Angeles': no usable link (live)
[176/3152] 'PHYS1560 - California State University, Los Angeles': no usable link (live)
[177/3152] 'DS123 - California State University, Northridge': no usable link (live)
[178/3152] 'DS71 - California State University, Northridge' (live): SAVED top 2 -> https://www.csun.edu/ + https://ds.calstate.edu/?svc=sumtotal
[179/3152] 'MATH11L - California State University, Northridge': no usable link (live)
[180/3152] 'MATH1OA - California State University, Northridge': no usable link (live)
[181/3152] 'MATH1RA - California State University, Northridge': no usable link (live)
[182/3152] 'MATH75 - California State University, Northridge': no usable link (live)
[183/3152] 'MATH75A - California State University, Northridge': no usable link (live)
[184/3152] 'MATH75B - California State University, Northridge': no usable link (live)
[185/3152] 'PHY4B - California State University, Northridge': no usable link (live)
[186/3152] 'PHYS2AL - California State University, Northridge': no usable link (live)
[187/3152] 'PHYS4ALAB - California State University, Northridge': no usable link (live)
[188/3152] 'PHYS4B - California State University, Northridge': no usable link (live)
[189/3152] 'PHYS4BL - California State University, Northridge': no usable link (live)
[190/3152] 'PSCI21LAB - California State University, Northridge' (live): SAVED top 2 -> https://zimmer.fresnostate.edu/~fringwal/psci21labsyllabus.html + https://www.csun.edu/
[191/3152] 'CPE64 - California State University, Sacramento' (live): SAVED top 2 -> https://athena.ecs.csus.edu/~dahlquid/cpe64/S2018/handouts/EEE64-CpE64_SyllabusS18.pdf + https://athena.ecs.csus.edu/~ghansahi/classes/cpe64.html
[192/3152] 'EDUC18 - California State University, Sacramento' (live): SAVED top 2 -> https://courses.teach.ucdavis.edu/institutions/california-state-university-sacramento/educ-18-mathematical-practices-across-cultures + https://www.csus.edu/
[193/3152] 'ENGR50 - California State University, Sacramento': no usable link (live)
[194/3152] 'MATH24 - California State University, Sacramento': no usable link (live)
[195/3152] 'MATH26A - California State University, Sacramento': no usable link (live)
[196/3152] 'MATH26B - California State University, Sacramento': no usable link (live)
[197/3152] 'MBA264 - California State University, Sacramento': no usable link (live)
[198/3152] 'MIS131 - California State University, Sacramento': no usable link (live)
[199/3152] 'MLSK10A - California State University, Sacramento' (live): SAVED top 2 -> https://www.csus.edu/ + https://owp.csus.edu/courses/catalog.php
[200/3152] 'MLSK7A - California State University, Sacramento' (live): SAVED top 2 -> https://www.csus.edu/class-schedule/fall2015/mlsk + https://owp.csus.edu/
[201/3152] 'MLSK7AB - California State University, Sacramento': no usable link (live)
[202/3152] 'MLSK7B - California State University, Sacramento' (live): SAVED top 2 -> https://www.csus.edu/class-schedule/ + https://csuip.calstate.edu/index.cfm?FuseAction=PublicDocuments.View&File_ID=726
[203/3152] 'MSBA207 - California State University, Sacramento' (live): SAVED top 2 -> https://www.csus.edu/college/business-administration/graduate/ms-business-analytics.html + https://github.com/TanveerBariana/CSUS-Machine-Learning-for-Business/blob/main/Exam1_Oct2023.ipynb
[204/3152] 'PHYCS11C - California State University, Sacramento': no usable link (live)
[205/3152] 'PHYS11C - California State University, Sacramento' (live): SAVED top 1 -> https://owp.csus.edu/
[206/3152] 'PHYS184 - California State University, Sacramento' (live): SAVED top 2 -> https://www.csus.edu/ + https://ocs.calstate.edu/
[207/3152] 'PHYS5B - California State University, Sacramento' (live): SAVED top 1 -> https://www.csus.edu/class-schedule/fall-2026/phys
[208/3152] 'STAT10 - California State University, Sacramento' (live): SAVED top 1 -> https://owp.csus.edu/
[209/3152] 'STAT10B - California State University, Sacramento': no usable link (live)
[210/3152] 'STAT50 - California State University, Sacramento' (live): SAVED top 1 -> https://www.csus.edu/college/natural-sciences-mathematics/mathematics-statistics/_internal/docs/stat050.pdf
[211/3152] 'STATS10B - California State University, Sacramento': no usable link (live)
[212/3152] 'PHYS144 - Carleton College' (live): SAVED top 2 -> https://www.carleton.edu/physics-astronomy/courses/ + https://www.carleton.edu/catalog/current/search/
[213/3152] 'PHYS165 - Carleton College': no usable link (live)
[214/3152] 'ECMP5005D - Carleton University': no usable link (live)
[215/3152] 'ELEC2507 - Carleton University': no usable link (live)
[216/3152] 'ELEC2607 - Carleton University': no usable link (live)
[217/3152] 'ELEC3500 - Carleton University': no usable link (live)
[218/3152] 'ELEC3509 - Carleton University': no usable link (live)
[219/3152] 'ELEC3909 - Carleton University': no usable link (live)
[220/3152] 'ELEC4602 - Carleton University': no usable link (live)
[221/3152] 'ELEC4703 - Carleton University': no usable link (live)
[222/3152] 'ELEC4706 - Carleton University': no usable link (live)
[223/3152] 'ELEC5301 - Carleton University' (live): SAVED top 1 -> https://people.ece.ubc.ca/shahriar/eece251_notes/eece251_set1_1up.pdf
[224/3152] 'ELEC5302 - Carleton University' (live): SAVED top 1 -> https://web.stanford.edu/class/archive/engr/engr40m.1178/slides.html
[225/3152] 'ELEC5705 - Carleton University': no usable link (live)
[226/3152] 'MATH0006 - Carleton University': no usable link (live)
[227/3152] 'MATH1002 - Carleton University' (live): SAVED top 1 -> https://www.carleton.edu/math/courses/
[228/3152] 'MATH1107 - Carleton University': no usable link (live)
[229/3152] 'MATH1119 - Carleton University': no usable link (live)
[230/3152] 'MATH1800 - Carleton University': no usable link (live)
[231/3152] 'MATH2007 - Carleton University': no usable link (live)
[232/3152] 'MATH2107 - Carleton University': no usable link (live)
[233/3152] 'MATH2152 - Carleton University' (live): SAVED top 1 -> https://www.carleton.edu/math/courses/
[234/3152] 'MATH3106 - Carleton University' (live): SAVED top 1 -> https://www.carleton.edu/math/courses/
[235/3152] 'MATH3107 - Carleton University': no usable link (live)
[236/3152] 'MATH3705 - Carleton University': no usable link (live)
[237/3152] 'PHYS1007 - Carleton University': no usable link (live)
[238/3152] 'PHYS2004 - Carleton University': no usable link (live)
[239/3152] 'PHYS2604 - Carleton University': no usable link (live)
[240/3152] 'STAT1500 - Carleton University' (live): SAVED top 2 -> https://github.com/emahdi2/STAT1500 + https://carletoncomputersciencesociety.github.io/slides/courseRegistration.pdf
[241/3152] 'STAT2507 - Carleton University': no usable link (live)
[242/3152] 'STAT2509 - Carleton University': no usable link (live)
[243/3152] 'STAT2601 - Carleton University': no usable link (live)
[244/3152] 'STAT2607 - Carleton University': no usable link (live)
[245/3152] 'STAT3502 - Carleton University': no usable link (live)
[246/3152] 'STAT3503 - Carleton University': no usable link (live)
[247/3152] 'STAT4603 - Carleton University' (live): SAVED top 1 -> https://www.carleton.edu/math/courses/
[248/3152] 'STATS3502 - Carleton University' (live): SAVED top 1 -> https://www.carleton.edu/math/courses/
[249/3152] 'SYSC2510 - Carleton University': no usable link (live)
[250/3152] 'DIFEQ260 - Carnegie Mellon University': no usable link (live)
[251/3152] 'MATH0240 - Carnegie Mellon University' (live): SAVED top 2 -> https://github.com/AllenJWZhu/CMU_Course_Notes + https://cmu-hkn.github.io/CMU-ECE-CS-Guide/ece_core/18240
[252/3152] 'MATH120 - Carnegie Mellon University' (live): SAVED top 2 -> https://www.math.cmu.edu/~jmackey/math120/syll_120.html + https://www.math.cmu.edu/~ckazanci/21120/
[253/3152] 'MATH241 - Carnegie Mellon University' (live): SAVED top 2 -> https://www.math.cmu.edu/~ldietric/21-241/syllabus.pdf + https://www.math.cmu.edu/~handron/21_241/index.html
[254/3152] 'MATH256 - Carnegie Mellon University': no usable link (live)
[255/3152] 'MATH259 - Carnegie Mellon University': no usable link (live)
[256/3152] 'MATH270 - Carnegie Mellon University' (live): SAVED top 2 -> https://www.math.cmu.edu/~handron/21_270/ + https://github.com/AllenJWZhu/CMU_Course_Notes
[257/3152] 'MATH370 - Carnegie Mellon University' (live): SAVED top 2 -> https://www2.math.upenn.edu/~tpantev/370/notes/notes.html + https://www.math.cmu.edu/~gautam/sj/teaching/2021-22/370-dtime-finance/
[258/3152] 'PHYS104 - Carnegie Mellon University': no usable link (live)
[259/3152] 'PHYS106 - Carnegie Mellon University': no usable link (live)
[260/3152] 'PHYS114 - Carnegie Mellon University': no usable link (live)
[261/3152] 'PHYS141 - Carnegie Mellon University' (live): SAVED top 1 -> https://github.com/AllenJWZhu/CMU_Course_Notes
[262/3152] 'PHYS33141 - Carnegie Mellon University' (live): SAVED top 1 -> https://www.cmu.edu/current-students
[263/3152] 'STAT200 - Carnegie Mellon University' (live): SAVED top 2 -> https://online.stat.psu.edu/stat200/ + https://web.stanford.edu/class/stats200/Lecture01.pdf
[264/3152] 'STAT201 - Carnegie Mellon University': no usable link (live)
[265/3152] 'STAT202 - Carnegie Mellon University': no usable link (live)
[266/3152] 'STAT225 - Carnegie Mellon University' (live): SAVED top 2 -> https://www.stat.cmu.edu/~cshalizi/uADA/24/ + https://www.stat.cmu.edu/~larry/=stat705/
[267/3152] 'STAT36200 - Carnegie Mellon University' (live): SAVED top 2 -> https://www.cmu.edu/ideas-social-cybersecurity/courses/36-200.html + https://github.com/AllenJWZhu/CMU_Course_Notes
[268/3152] 'STAT36402 - Carnegie Mellon University' (live): SAVED top 2 -> https://www.stat.cmu.edu/~cshalizi/uADA/24/ + https://github.com/AllenJWZhu/CMU_Course_Notes
[269/3152] 'STAT402 - Carnegie Mellon University': no usable link (live)
[270/3152] 'STAT70208 - Carnegie Mellon University' (live): SAVED top 1 -> https://github.com/AllenJWZhu/CMU_Course_Notes
[271/3152] 'STATS201 - Carnegie Mellon University': no usable link (live)
[272/3152] 'CSDS302 - Case Western Reserve University': no usable link (live)
[273/3152] 'CSDS386 - Case Western Reserve University': no usable link (live)
[274/3152] 'ECSE245 - Case Western Reserve University' (live): SAVED top 2 -> https://bulletin.case.edu/course-descriptions/ecse/ + https://case.edu/registrar/registration-classes/course-catalog-general-bulletin
[275/3152] 'M121 - Case Western Reserve University' (live): SAVED top 2 -> https://physics.case.edu/undergraduate-programs/course-descriptions/ + https://case.edu/registrar/registration-classes/course-catalog-general-bulletin
[276/3152] 'P121 - Case Western Reserve University': no usable link (live)
[277/3152] 'PHSY221 - Case Western Reserve University': no usable link (live)
[278/3152] 'STAT312R - Case Western Reserve University': no usable link (live)
[279/3152] 'ECO365 - Central Michigan University' (live): SAVED top 2 -> https://www.cmich.edu/offices-departments/curriculum-instructional-support/academic-bulletins + https://www.cmich.edu/
[280/3152] 'ECO372 - Central Michigan University' (live): SAVED top 2 -> https://github.com/Ratul2016t/eco372/blob/main/ECO%20372.1%20Course%20Outline-Spring%202025.pdf + https://www.cmich.edu/offices-departments/curriculum-instructional-support/academic-bulletins
[281/3152] 'MTH132H - Central Michigan University' (live): SAVED top 1 -> https://www.cmich.edu/offices-departments/curriculum-instructional-support/academic-bulletins
[282/3152] 'MTH217 - Central Michigan University': no usable link (live)
[283/3152] 'MTH253 - Central Michigan University': no usable link (live)
[284/3152] 'MTH523 - Central Michigan University' (live): SAVED top 2 -> https://www.cmich.edu/offices-departments/curriculum-instructional-support/academic-bulletins + https://www.cmich.edu/
[285/3152] 'MTH545 - Central Michigan University': no usable link (live)
[286/3152] 'MTH554 - Central Michigan University': no usable link (live)
[287/3152] 'PHS151QR - Central Michigan University' (live): SAVED top 2 -> https://www.cmich.edu/offices-departments/curriculum-instructional-support/academic-bulletins + https://www.cmich.edu/
[288/3152] 'PHY130QR - Central Michigan University' (live): SAVED top 2 -> https://www.cmich.edu/offices-departments/curriculum-instructional-support/academic-bulletins + http://people.se.cmich.edu/petko1vg/phy130_fl21.html
[289/3152] 'PHY145 - Central Michigan University' (live): SAVED top 2 -> https://www.cmich.edu/offices-departments/curriculum-instructional-support/academic-bulletins + https://www.cmich.edu/academics/colleges/college-science-engineering/departments-schools/physics
[290/3152] 'ENV103 - Chapman University' (live): SAVED top 2 -> https://github.com/i-am-surovi/ENV103-BracU + https://github.com/i-am-surovi/ENV103-BracU/blob/main/README.md
[291/3152] 'CIV10 - Claremont McKenna College' (live): SAVED top 2 -> https://portal.claremontmckenna.edu/ICS/Portal_Homepage.jnz?portlet=External_Content + https://portal.claremontmckenna.edu/ics/
[292/3152] 'MATH032H - Claremont McKenna College' (live): SAVED top 2 -> https://portal.claremontmckenna.edu/ICS/Portal_Homepage.jnz?portlet=External_Content + https://colleges.claremont.edu/ccms/curricula/math-classes/
[293/3152] 'PHYS033 - Claremont McKenna College' (live): SAVED top 2 -> https://portal.claremontmckenna.edu/ICS/Portal_Homepage.jnz?portlet=External_Content + https://www.cmc.edu/
[294/3152] 'PHYS035 - Claremont McKenna College' (live): SAVED top 2 -> https://portal.claremontmckenna.edu/ICS/Portal_Homepage.jnz?portlet=External_Content + https://portal.claremontmckenna.edu/ics/
[295/3152] 'EE221 - Clarkson University' (live): SAVED top 2 -> https://intra.ece.ucr.edu/~aw/course/ee221/ee221-F25-reader.html + https://www.clarkson.edu/admissions-financial-aid/sas/course-descriptions-class-schedules
[296/3152] 'EE260 - Clarkson University': no usable link (live)
[297/3152] 'EE261 - Clarkson University' (live): SAVED top 2 -> https://www.eecs.wsu.edu/~schneidj/ee261/Lecture/ee261-lec-01-2023-08-21.pptx + https://see.stanford.edu/Course/EE261
[298/3152] 'EE262 - Clarkson University' (live): SAVED top 2 -> https://people.clarkson.edu/~fhussain/courses/ee262/fa21/index.html + https://lin-web.clarkson.edu/~fhussain/courses/ee262/fa20/index.html
[299/3152] 'EE264 - Clarkson University' (live): SAVED top 2 -> https://people.clarkson.edu/~akhondke/ee264_sp10.html + https://web.stanford.edu/class/ee264/
[300/3152] 'EE321 - Clarkson University' (live): SAVED top 2 -> https://people.clarkson.edu/~akhondke/ee321_out.html + https://www.clarkson.edu/admissions-financial-aid/sas/course-descriptions-class-schedules
[301/3152] 'EE331 - Clarkson University': no usable link (live)
[302/3152] 'EE341 - Clarkson University' (live): SAVED top 2 -> https://people.clarkson.edu/~akhondke/EE341.html + https://www.clarkson.edu/admissions-financial-aid/sas/course-descriptions-class-schedules
[303/3152] 'EE361 - Clarkson University' (live): SAVED top 2 -> https://lin-web.clarkson.edu/~fhussain/courses/ee361/sp18/index.html + https://www.clarkson.edu/admissions-financial-aid/sas/course-descriptions-class-schedules
[304/3152] 'EE365 - Clarkson University' (live): SAVED top 2 -> https://people.clarkson.edu/~akhondke/ee365_f2021.html + https://lin-web.clarkson.edu/~akhondke/ee365_f2024.html
[305/3152] 'EE381 - Clarkson University' (live): SAVED top 2 -> http://montoya.sdsmt.edu/ee381/fall2025/ee381_fall2025.htm + https://www.clarkson.edu/admissions-financial-aid/sas/course-descriptions-class-schedules
[306/3152] 'ES250 - Clarkson University': no usable link (live)
[307/3152] 'IA530 - Clarkson University' (live): SAVED top 2 -> https://www.clarkson.edu/admissions-financial-aid/sas/course-descriptions-class-schedules + https://intranet.clarkson.edu/
[308/3152] 'MA131 - Clarkson University' (live): SAVED top 2 -> https://people.clarkson.edu/~smorriso/MA%20131/MA131_F13_Syllabus_Draft-1.pdf + https://www.clarkson.edu/admissions-financial-aid/sas/course-descriptions-class-schedules
[309/3152] 'MA132 - Clarkson University' (live): SAVED top 2 -> https://people.clarkson.edu/~smorriso/MA132/MA%20132%20F%202013%20Syllabus.pdf + https://www.clarkson.edu/admissions-financial-aid/sas/course-descriptions-class-schedules
[310/3152] 'MA180 - Clarkson University': no usable link (live)
[311/3152] 'MA181 - Clarkson University': no usable link (live)
[312/3152] 'MA211 - Clarkson University' (live): SAVED top 2 -> https://www.clarkson.edu/admissions-financial-aid/sas/course-descriptions-class-schedules + https://github.com/saylordotorg/course_ma211
[313/3152] 'MA231 - Clarkson University' (live): SAVED top 2 -> https://www.clarkson.edu/admissions-financial-aid/sas/course-descriptions-class-schedules + https://github.com/saylordotorg/course_ma231
[314/3152] 'MA232 - Clarkson University' (live): SAVED top 2 -> https://people.clarkson.edu/~gyao/TEACH/syllabus_MA232_Fall2012.pdf + https://www.clarkson.edu/admissions-financial-aid/sas/course-descriptions-class-schedules
[315/3152] 'MA330 - Clarkson University' (live): SAVED top 2 -> https://www.rose-hulman.edu/~claassen/teaching/202310_MA330/ + https://www.clarkson.edu/admissions-financial-aid/sas/course-descriptions-class-schedules
[316/3152] 'MA339 - Clarkson University': no usable link (live)
[317/3152] 'PH131 - Clarkson University' (live): SAVED top 2 -> https://webspace.clarkson.edu/clubs/phyclub/public_html/review/ph131-exam-1/REVIEW.tex + https://www.clarkson.edu/admissions-financial-aid/sas/course-descriptions-class-schedules
[318/3152] 'PH132 - Clarkson University': no usable link (live)
[319/3152] 'STAT282 - Clarkson University': no usable link (live)
[320/3152] 'STAT383 - Clarkson University': no usable link (live)
[321/3152] 'MAT2070 - Clemson University' (live): SAVED top 1 -> https://mthsc.clemson.edu/ug_course_pages/MATH2070
[322/3152] 'MTHSC206 - Clemson University': no usable link (live)
[323/3152] 'MTHSC208 - Clemson University' (live): SAVED top 2 -> https://www.math.clemson.edu/~macaule/classes/f09_mthsc208/f09_mthsc208_lecturenotes.pdf + https://www.math.clemson.edu/~macaule/classes/m12_mthsc208/m12_mthsc208_syllabus.pdf
[324/3152] 'PHYS2070 - Clemson University': no usable link (live)
[325/3152] 'PHYS2080 - Clemson University' (live): SAVED top 1 -> https://media.clemson.edu/academics/thinks2/documents/scholars/syllabi_sp22/ppuneet222846spring2022.pdf
[326/3152] 'PHYS2450 - Clemson University': no usable link (live)
[327/3152] 'STAT2300 - Clemson University' (live): SAVED top 2 -> https://mthsc.clemson.edu/ug_course_pages/STAT2300 + https://mthsc.clemson.edu/ug_course_pages/STAT2300.
[328/3152] 'CIS480 - Cleveland State University': no usable link (live)
[329/3152] 'ECE400 - Cleveland State University': no usable link (live)
[330/3152] 'ECE416 - Cleveland State University': no usable link (live)
[331/3152] 'ECE501 - Cleveland State University': no usable link (live)
[332/3152] 'EEC311 - Cleveland State University' (live): SAVED top 2 -> https://engineering.csuohio.edu/et/course-descriptions + https://artsandsciences.csuohio.edu/bges/undergraduate-course-descriptions
[333/3152] 'EEC313 - Cleveland State University': no usable link (live)
[334/3152] 'EEC318 - Cleveland State University' (live): SAVED top 2 -> https://facultyprofile.csuohio.edu/en/courses/eec-318-anls-dsgn-sim-of-dyn-stms-2/ + https://github.com/annontopicmodel/unsupervised_topic_modeling/blob/master/topics/en/15/100/50/topics
[335/3152] 'EEC430 - Cleveland State University': no usable link (live)
[336/3152] 'MTH167 - Cleveland State University': no usable link (live)
[337/3152] 'MTH181H - Cleveland State University' (live): SAVED top 1 -> https://engagedscholarship.csuohio.edu/oer_coursemat/2/
[338/3152] 'MTH283 - Cleveland State University': no usable link (live)
[339/3152] 'MTH286 - Cleveland State University' (live): SAVED top 2 -> https://facultyprofile.csuohio.edu/en/courses/mth-286-intro-to-differential-equation-2/ + https://artsandsciences.csuohio.edu/mathematics/course-syllabi
[340/3152] 'MTH288 - Cleveland State University' (live): SAVED top 2 -> https://courses.vccs.edu/courses/MTH288-DiscreteMathematics + https://artsandsciences.csuohio.edu/mathematics/course-syllabi
[341/3152] 'MTH358 - Cleveland State University': no usable link (live)
[342/3152] 'PHY244 - Cleveland State University': no usable link (live)
[343/3152] 'STA347 - Cleveland State University' (live): SAVED top 2 -> https://github.com/HaoyueTan/Notes_for_Statistical_Science/blob/main/Probability/STA347%20Lecture%20notes.tex + https://github.com/yuchenWYC/Yuchen-UofT-notes/blob/master/STA347/STA347.pdf
[344/3152] 'STA567 - Cleveland State University' (live): SAVED top 1 -> https://campusnet.csuohio.edu/guest/search_guest.jsp
[345/3152] 'MATH130I - Coastal Carolina University': no usable link (live)
[346/3152] 'MATH160A - Coastal Carolina University': no usable link (live)
[347/3152] 'MA130 - Colby College': no usable link (live)
[348/3152] 'MA135 - Colby College': no usable link (live)
[349/3152] 'MA160 - Colby College': no usable link (live)
[350/3152] 'MA161 - Colby College': no usable link (live)
[351/3152] 'MA274 - Colby College': no usable link (live)
[352/3152] 'MA311 - Colby College' (live): SAVED top 2 -> https://web.colby.edu/talk/ma-311/ + https://geoff-cox.github.io/my-course-syllabi/ma311-interactive/ma311-materials.html
[353/3152] 'PH141 - Colby College' (live): SAVED top 2 -> https://www.physics.colostate.edu/wp-content/uploads/sites/14/2019/10/ph-141.pdf + https://www.colby.edu/academics/course-catalogue/
[354/3152] 'PH145 - Colby College': no usable link (live)
[355/3152] 'SC212 - Colby College': no usable link (live)
[356/3152] 'GEO111 - College of Staten Island': no usable link (live)
[357/3152] 'MAT123 - College of Staten Island': no usable link (live)
[358/3152] 'MAT130 - College of Staten Island': no usable link (live)
[359/3152] 'MATH015 - College of Staten Island' (live): SAVED top 2 -> https://www.math.csi.cuny.edu/Undergraduate/Courses/ + https://www.math.csi.cuny.edu/WeBWorK/courses.html
[360/3152] 'MATH020 - College of Staten Island': no usable link (live)
[361/3152] 'MATH030 - College of Staten Island': no usable link (live)
[362/3152] 'MATH102 - College of Staten Island': no usable link (live)
[363/3152] 'MATH104 - College of Staten Island': no usable link (live)
[364/3152] 'MATH123 - College of Staten Island' (live): SAVED top 2 -> https://www.math.csi.cuny.edu/~ikofman/MTH123_Syllabus.html + https://collegeofstatenislandmath.github.io/Undergraduate/Courses/MTH123/MTH123_Outline_Online.pdf
[365/3152] 'MATH20 - College of Staten Island': no usable link (live)
[366/3152] 'MATH230 - College of Staten Island' (live): SAVED top 1 -> https://collegeofstatenislandmath.github.io/Undergraduate/Courses/
[367/3152] 'MATH231 - College of Staten Island': no usable link (live)
[368/3152] 'MATH232 - College of Staten Island' (live): SAVED top 2 -> https://www.math.csi.cuny.edu/~maher/teaching/2025/spring/calc2/official-232-syllabus.pdf + https://collegeofstatenislandmath.github.io/Undergraduate/Courses/Syllabi/MTH232-syllabus.pdf
[369/3152] 'MATH233 - College of Staten Island' (live): SAVED top 2 -> https://www.math.csi.cuny.edu/~ikofman/math233_F23.html + https://www.math.csi.cuny.edu/~ikofman/MTH233_syllabus.html
[370/3152] 'MATH30 - College of Staten Island' (live): SAVED top 2 -> https://collegeofstatenislandmath.github.io/Undergraduate/Courses/ + https://www.math.csi.cuny.edu/
[371/3152] 'MTH020 - College of Staten Island': no usable link (live)
[372/3152] 'MTH030 - College of Staten Island': no usable link (live)
[373/3152] 'MTH102 - College of Staten Island': no usable link (live)
[374/3152] 'MTH111 - College of Staten Island' (live): SAVED top 1 -> https://collegeofstatenislandmath.github.io/Undergraduate/Courses/Syllabi/MTH111-syllabus.pdf
[375/3152] 'MTH113 - College of Staten Island': no usable link (live)
[376/3152] 'MTH121 - College of Staten Island' (live): SAVED top 2 -> https://www.math.csi.cuny.edu/Undergraduate/Courses/Syllabi/MTH121-syllabus.pdf + https://collegeofstatenislandmath.github.io/Undergraduate/Courses/Syllabi/MTH121-syllabus.pdf
[377/3152] 'MTH122 - College of Staten Island' (live): SAVED top 2 -> https://www.math.csi.cuny.edu/Undergraduate/Courses/MTH122/ + https://collegeofstatenislandmath.github.io/Undergraduate/Courses/MTH122/MTH122.pdf
[378/3152] 'MTH123 - College of Staten Island': no usable link (live)
[379/3152] 'MTH125 - College of Staten Island': no usable link (live)
[380/3152] 'MTH130 - College of Staten Island' (live): SAVED top 2 -> https://www.math.csi.cuny.edu/abhijit/130/MTH130.pdf + https://collegeofstatenislandmath.github.io/Undergraduate/Courses/Syllabi/MTH130-syllabus.pdf
[381/3152] 'MTH20 - College of Staten Island' (live): SAVED top 2 -> https://www.math.csi.cuny.edu/Undergraduate/Courses/Syllabi/MTH020-syllabus.pdf + https://www.math.csi.cuny.edu/Undergraduate/Courses/
[382/3152] 'MTH221 - College of Staten Island' (live): SAVED top 2 -> https://collegeofstatenislandmath.github.io/Undergraduate/Courses/Syllabi/MTH221-syllabus.pdf + https://www.math.csi.cuny.edu/Undergraduate/Courses/
[383/3152] 'MTH229 - College of Staten Island' (live): SAVED top 2 -> https://collegeofstatenislandmath.github.io/Undergraduate/Courses/MTH229/index.html + https://www.math.csi.cuny.edu/~ikofman/math229_S25.html
[384/3152] 'MTH230 - College of Staten Island': no usable link (live)
[385/3152] 'MTH231 - College of Staten Island': no usable link (live)
[386/3152] 'MTH232 - College of Staten Island': no usable link (live)
[387/3152] 'MTH233 - College of Staten Island': no usable link (live)
[388/3152] 'MTH30 - College of Staten Island': no usable link (live)
[389/3152] 'MTH311 - College of Staten Island': no usable link (live)
[390/3152] 'MTH337 - College of Staten Island': no usable link (live)
[391/3152] 'MTH338 - College of Staten Island': no usable link (live)
[392/3152] 'MTH35 - College of Staten Island' (live): SAVED top 2 -> https://collegeofstatenislandmath.github.io/Undergraduate/ + https://collegeofstatenislandmath.github.io/Undergraduate/Courses/MTH125/MTH125_Outline.pdf
[393/3152] 'PHY116 - College of Staten Island': no usable link (live)
[394/3152] 'PHY120 - College of Staten Island': no usable link (live)
[395/3152] 'PHY156 - College of Staten Island': no usable link (live)
[396/3152] 'PHY160 - College of Staten Island': no usable link (live)
[397/3152] 'SLS218 - College of Staten Island': no usable link (live)
[398/3152] 'MONT199D - College of the Holy Cross' (live): SAVED top 2 -> https://www.holycross.edu/document/20242025-montserrat-course-descriptions + https://www.hcc-nd.edu/college-core-curriculum/
[399/3152] 'COLL100 - College of William & Mary': no usable link (live)
[400/3152] 'MATH332 - College of William & Mary' (live): SAVED top 2 -> https://gyu.people.wm.edu/Fall2025/Math332/math332.html + https://gyu.people.wm.edu/Fall2024/Math332/math332.html
[401/3152] 'PHYS101P - College of William & Mary' (live): SAVED top 2 -> https://ajackura.github.io/courses/phys101p_fall_2023.html + https://www.wm.edu/offices/registrar/catalogs-calendars-exams/catalogs/
[402/3152] 'PHYS252 - College of William & Mary' (live): SAVED top 2 -> https://cwoer.ccbcmd.edu/science/physics/Baum/PHYS252S22/ + https://github.com/wdconinc/electronics
[403/3152] 'MA151 - Colorado College': no usable link (live)
[404/3152] 'MA217 - Colorado College': no usable link (live)
[405/3152] 'MA313 - Colorado College': no usable link (live)
[406/3152] 'PC241 - Colorado College': no usable link (live)
[407/3152] 'EENG281 - Colorado School of Mines': no usable link (live)
[408/3152] 'EENG282 - Colorado School of Mines': no usable link (live)
[409/3152] 'EENG307 - Colorado School of Mines': no usable link (live)
[410/3152] 'EENG311 - Colorado School of Mines' (live): SAVED top 2 -> https://github.com/hollynh/EENG311Project + https://online.mines.edu/elearning/
[411/3152] 'EENG383 - Colorado School of Mines': no usable link (live)
[412/3152] 'MATH538 - Colorado School of Mines': no usable link (live)
[413/3152] 'PGHN200 - Colorado School of Mines': no usable link (live)
[414/3152] 'PHGN100 - Colorado School of Mines' (live): SAVED top 1 -> https://inside.mines.edu/fs_home/aflourno/PHGN100/
[415/3152] 'PHGN200 - Colorado School of Mines': no usable link (live)
[416/3152] 'PHGN310 - Colorado School of Mines': no usable link (live)
[417/3152] 'PHGN361 - Colorado School of Mines': no usable link (live)
[418/3152] 'PHGN545 - Colorado School of Mines' (live): SAVED top 1 -> https://github.com/willhama/128k-tokens/blob/main/o200k_base.txt
[419/3152] 'DSCI369 - Colorado State University': no usable link (live)
[420/3152] 'ECE571 - Colorado State University': no usable link (live)
[421/3152] 'PH122 - Colorado State University': no usable link (live)
[422/3152] 'QUANT001 - Columbia University': no usable link (live)
[423/3152] 'STAT415 - Columbia University': no usable link (live)
[424/3152] 'ELEC275 - Concordia University' (live): SAVED top 1 -> https://users.encs.concordia.ca/~pouya/ELEC275/ELEC275.htm
[425/3152] 'ELEC6271 - Concordia University' (live): SAVED top 2 -> https://users.encs.concordia.ca/~mojtaba/ELEC6271.html + https://users.encs.concordia.ca/~mojtaba/elec6271/title-of-the-projects-2018.pdf
[426/3152] 'MAT107 - Connecticut College': no usable link (live)
[427/3152] 'STA207 - Connecticut College' (live): SAVED top 2 -> https://github.com/STA207/Presentation + https://chenshizhe.github.io/STA207W2020/ch-obs.html
[428/3152] 'STA234 - Connecticut College': no usable link (live)
[429/3152] 'EE150 - Cooper Union': no usable link (live)
[430/3152] 'MA110 - Cooper Union' (live): SAVED top 2 -> http://faculty.cooper.edu/mili/ma110.html + https://nikopj.github.io/assets/ma11025/syllabus.pdf
[431/3152] 'MA111 - Cooper Union': no usable link (live)
[432/3152] 'MA113 - Cooper Union': no usable link (live)
[433/3152] 'MA223 - Cooper Union': no usable link (live)
[434/3152] 'MA224 - Cooper Union' (live): SAVED top 2 -> https://cooper.edu/engineering/courses/mathematics-undergraduate/ma-224 + http://faculty.cooper.edu/smyth/ma224/ma224syllabus2020.pdf
[435/3152] 'MA240 - Cooper Union' (live): SAVED top 2 -> http://faculty.cooper.edu/smyth/ma240/ma240.htm + http://faculty.cooper.edu/mili/Syllabus240S25.pdf
[436/3152] 'MA326 - Cooper Union' (live): SAVED top 2 -> https://cooper.edu/engineering/courses/mathematics-undergraduate/ma-326 + https://hong3cooper.github.io/ece366_spring2025.html
[437/3152] 'MA345 - Cooper Union' (live): SAVED top 2 -> http://faculty.cooper.edu/smyth/ma345/ma345.htm + http://faculty.cooper.edu/smyth/ma345/ma345syllabusSPR2026.pdf
[438/3152] 'PH112 - Cooper Union': no usable link (live)
[439/3152] 'PH213 - Cooper Union' (live): SAVED top 2 -> https://cooper.edu/engineering/courses/physics-undergraduate/ph-213 + https://moodle.cooper.edu/course/index.php?categoryid=17
[440/3152] 'PH214 - Cooper Union' (live): SAVED top 2 -> https://www.lse.ac.uk/resources/calendar2025-2026/courseGuides/PH/2025_PH214.htm + https://cooper.edu/engineering/courses/physics-undergraduate/ph-214
[441/3152] 'PH291 - Cooper Union' (live): SAVED top 2 -> https://moodle.cooper.edu/mod/resource/view.php?id=33790 + https://moodle.cooper.edu/course/index.php?categoryid=17
[442/3152] 'ILRST2100 - Cornell University': no usable link (live)
[443/3152] 'MATH1110 - Cornell University' (live): SAVED top 1 -> https://pi.math.cornell.edu/~araymer/1110slides.html
[444/3152] 'MATH1910 - Cornell University': no usable link (live)
[445/3152] 'MATH2210 - Cornell University' (live): SAVED top 1 -> https://sites.math.washington.edu/~farbod/teaching/cornell/math2210.html
[446/3152] 'MATH2930 - Cornell University': no usable link (live)
[447/3152] 'MATH3210 - Cornell University': no usable link (live)
[448/3152] 'MATH4130 - Cornell University' (live): SAVED top 1 -> https://pi.math.cornell.edu/~camil/teaching/math413/
[449/3152] 'PHYS1110 - Cornell University': no usable link (live)
[450/3152] 'PHYS1112 - Cornell University': no usable link (live)
[451/3152] 'PHYS1116 - Cornell University': no usable link (live)
[452/3152] 'PHYS112 - Cornell University' (live): SAVED top 2 -> http://cs.oswego.edu/~kanbur/phy112fall2021/Lect1.pdf + https://physics.cornell.edu/courses
[453/3152] 'PHYS1201 - Cornell University' (live): SAVED top 2 -> https://physics.cornell.edu/courses/SU25 + https://physics.cornell.edu/courses/SU21
[454/3152] 'PHYS213 - Cornell University' (live): SAVED top 2 -> https://courses.physics.illinois.edu/phys213/sp2013/lectures/lecture1.pdf + https://physics.illinois.edu/academics/courses/PHYS213
[455/3152] 'PHYS2213 - Cornell University' (live): SAVED top 2 -> https://cornellphysicswiki.github.io/classes/phys/PHYS2213.html + https://github.com/fronzi/SolidStatePhysics
[456/3152] 'PHYS2214 - Cornell University': no usable link (live)
[457/3152] 'PHYS3327 - Cornell University': no usable link (live)
[458/3152] 'STSCI2100 - Cornell University' (live): SAVED top 1 -> https://courses.cornell.edu/courses/stsci/stsci.pdf
[459/3152] 'STSCI2200 - Cornell University': no usable link (live)
[460/3152] 'STSCI4060 - Cornell University': no usable link (live)
[461/3152] 'STSCI5060 - Cornell University': no usable link (live)
[462/3152] 'STSCI5065 - Cornell University' (live): SAVED top 2 -> https://github.com/exajobs/university-courses-collection + https://ocw.mit.edu/
[463/3152] 'MTH205 - Creighton University' (live): SAVED top 2 -> https://www.creighton.edu/about/office-registrar/catalogs-and-course-schedules + https://www.creighton.edu/registrar/catalogs/
[464/3152] 'MTH350 - Creighton University': no usable link (live)
[465/3152] 'PHY531 - Creighton University': no usable link (live)
[466/3152] 'ECED2000 - Dalhousie University' (live): SAVED top 2 -> https://www.dal.ca/faculty/engineering/electrical/current-students/undergraduate-students/program-curriculums.html + https://academiccalendar.dal.ca/Catalog/ViewCatalog.aspx?entitytype=CID&amp;entitycode=ECED+2000
[467/3152] 'ECED2001 - Dalhousie University': no usable link (live)
[468/3152] 'ECED3101 - Dalhousie University': no usable link (live)
[469/3152] 'ECED3300 - Dalhousie University' (live): SAVED top 2 -> http://mems.ece.dal.ca/ECED3300.php + https://academiccalendar.dal.ca/Catalog/ViewCatalog.aspx?topicgroupid=37060&amp;entitytype=CID&amp;entitycode=ECED+3300
[470/3152] 'ECED3301 - Dalhousie University' (live): SAVED top 2 -> https://www.dal.ca/faculty/engineering/electrical/current-students/undergraduate-students/program-curriculums.html + https://academiccalendar.dal.ca/Catalog/ViewCatalog.aspx?entitytype=CID&amp;entitycode=ECED+3301
[471/3152] 'ECED3501 - Dalhousie University' (live): SAVED top 2 -> https://www.dal.ca/faculty/engineering/electrical/current-students/undergraduate-students/program-curriculums.html + https://medicine.dal.ca/departments/core-units/cpd/conferences/speaker-resources.html
[472/3152] 'ECED3901 - Dalhousie University' (live): SAVED top 2 -> https://github.com/colinoflynn/eced3901 + https://github.com/AshtonDudley/eced3901-2026-team08
[473/3152] 'ECED4130 - Dalhousie University' (live): SAVED top 2 -> https://www.dal.ca/faculty/engineering/electrical/current-students/undergraduate-students/program-curriculums.html + https://academiccalendar.dal.ca/Catalog/ViewCatalog.aspx?entitytype=CID&amp;entitycode=ECED+4130
[474/3152] 'ECED4502 - Dalhousie University' (live): SAVED top 2 -> https://github.com/patel999jay/ECED4502---Digital-Signal-Processing + https://www.dal.ca/faculty/engineering/electrical/current-students/undergraduate-students/program-curriculums.html
[475/3152] 'ECED4513 - Dalhousie University': no usable link (live)
[476/3152] 'ECED4602 - Dalhousie University' (live): SAVED top 2 -> https://academiccalendar.dal.ca/Catalog/ViewCatalog.aspx?entitytype=CID&amp;entitycode=ECED+4602 + https://academiccalendar.dal.ca/Catalog/ViewCatalog.aspx?topicgroupid=37058&amp;entitytype=CID&amp;entitycode=ECED+4602
[477/3152] 'ENGM2021 - Dalhousie University': no usable link (live)
[478/3152] 'ENGM2022 - Dalhousie University': no usable link (live)
[479/3152] 'ENGM2062 - Dalhousie University': no usable link (live)
[480/3152] 'ENGM2101 - Dalhousie University' (live): SAVED top 2 -> https://www.dal.ca/faculty/engineering/math-internetworking/academics/courses.html + https://academiccalendar.dal.ca/Catalog/ViewCatalog.aspx?topicgroupid=37045&amp;entitytype=CID&amp;entitycode=ENGM+2101
[481/3152] 'INWK6113 - Dalhousie University' (live): SAVED top 2 -> https://web.cs.dal.ca/~zkhan/6113/ + https://www.dal.ca/study/program-sites/internetworking/program-overview/courses.html
[482/3152] 'MATH1290 - Dalhousie University': no usable link (live)
[483/3152] 'PHYC1100 - Dalhousie University' (live): SAVED top 2 -> https://www.dal.ca/faculty/science/physics/programs/Course_Syllabus.html + https://cdn.dal.ca/content/dam/dalhousie/images/science/AdvisingMonth/Physics%20Courses%20Advising%202020-2021.pdf
[484/3152] 'PHYC1190 - Dalhousie University' (live): SAVED top 2 -> https://cdn.dal.ca/content/dam/dalhousie/pdf/physics/Syllabi_2025-2026/2025_PHYC1190_deVet.pdf + https://cdn.dal.ca/content/dam/dalhousie/pdf/physics/Syllabus_2023-2024/PHYC%201190%20Fall%202023.pdf
[485/3152] 'PHYC1280 - Dalhousie University' (live): SAVED top 2 -> https://www.dal.ca/faculty/science/physics/programs/Course_Syllabus.html + https://www.dal.ca/faculty/science/physics/programs/CurriculumMaps.html
[486/3152] 'PHYC1290 - Dalhousie University' (live): SAVED top 2 -> https://cdn.dal.ca/content/dam/dalhousie/pdf/physics/Syllabus_2022-2023/2023%20PHYC%201290%20SYLLABUS%20(Section%20A)%20Winter.pdf + https://www.dal.ca/faculty/science/physics/programs/Course_Syllabus.html
[487/3152] 'SCIE1506 - Dalhousie University': no usable link (live)
[488/3152] 'STAT1060 - Dalhousie University' (live): SAVED top 2 -> https://cdn.dal.ca/content/dam/dalhousie/pdf/faculty/science/math-stats/syllabi/202400/202410/202410%20Fall%202023%20STAT%201060%20MATH%201060%20Introductory%20Statistics%20for%20Science%20and%20Health%20Sciences.pdf + https://cdn.dal.ca/content/dam/dalhousie/pdf/faculty/science/math-stats/syllabi/202600/202610/202610%20STAT%201060%20MATH%201060%20Fall%202025%20Introductory%20Statistics%20for%20Science%20and%20Health%20Sciences.pdf
[489/3152] 'STAT2060 - Dalhousie University' (live): SAVED top 2 -> https://mathstat.dal.ca/~cliu/webpages/stat2060.html + https://cdn.dal.ca/content/dam/dalhousie/pdf/faculty/science/math-stats/syllabi/STAT%202060%20ECON%202260%20Winter%202019%20Pehlivan.pdf
[490/3152] 'STAT2080 - Dalhousie University': no usable link (live)
[491/3152] 'STAT2450 - Dalhousie University' (live): SAVED top 2 -> https://stat.osu.edu/courses/stat-2450 + https://mathstat.dal.ca/~cliu/webpages/stat2450.html
[492/3152] 'STAT3360 - Dalhousie University' (live): SAVED top 2 -> https://cdn.dal.ca/content/dam/dalhousie/pdf/faculty/science/math-stats/Stat%203360%20Fall%202021%20Gu.pdf + https://cdn.dal.ca/content/dam/dalhousie/pdf/faculty/science/math-stats/STAT%203360%20-%20Fall%20Term.pdf
[493/3152] 'STATS1060 - Dalhousie University': no usable link (live)
[494/3152] 'MATH23 - Dartmouth College': no usable link (live)
[495/3152] 'PHYS13 - Dartmouth College' (live): SAVED top 2 -> https://sites.dartmouth.edu/physastrodemos/p13/ + https://physics.dartmouth.edu/menufeature/undergraduate/physics-and-astronomy-course-offerings
[496/3152] 'MAT130M - Davidson College' (live): SAVED top 2 -> https://www.wilson.edu/mat-130-calculus-and-analytical-geometry-i + https://ocw.mit.edu/
[497/3152] 'PHY130 - Davidson College': no usable link (live)
[498/3152] 'DA220 - Denison University': no usable link (live)
[499/3152] 'DA401 - Denison University': no usable link (live)
[500/3152] 'LL250 - DePaul University' (live): SAVED top 2 -> https://snlapps.depaul.edu/syllabi/LL250FoundationsSyllabus.asp + https://ee104.stanford.edu/lectures.html
[501/3152] 'STAT071 - Drake University': no usable link (live)
[502/3152] 'STAT072 - Drake University': no usable link (live)
[503/3152] 'STAT131 - Drake University': no usable link (live)
[504/3152] 'STAT172 - Drake University' (live): SAVED top 2 -> https://github.com/TrevorJulga/Stat-172-Final-Project + https://github.com/KheKit/STAT172/blob/main/README.md
[505/3152] 'STAT40 - Drake University' (live): SAVED top 2 -> https://algs4.cs.princeton.edu/lectures/ + https://mydusis.drake.edu/prodssb/bwckctlg.p_disp_course_detail?cat_term_in=202220&amp;subj_code_in=STAT&amp;crse_numb_in=040
[506/3152] 'STAT71 - Drake University': no usable link (live)
[507/3152] 'STATS071 - Drake University' (live): SAVED top 1 -> https://ocw.mit.edu/
[508/3152] 'PHYS128 - Drexel University': no usable link (live)
[509/3152] 'PHYS217 - Drexel University' (live): SAVED top 2 -> https://www.pas.rochester.edu/~dmw/phys217/ + https://www.pas.rochester.edu/~dmw/phys217/Outline.pdf
[510/3152] 'TDEC111 - Drexel University': no usable link (live)
[511/3152] 'ECE110L - Duke University': no usable link (live)
[512/3152] 'ECE560 - Duke University' (live): SAVED top 2 -> https://people.duke.edu/~tkb13/courses/ece560-2025fa/slides/01-intro.pdf + https://people.duke.edu/~tkb13/courses/ece560-2024fa/
[513/3152] 'MA216 - Duke University' (live): SAVED top 2 -> https://undergraduate.bulletins.duke.edu/courses/0157671 + https://math.duke.edu/courses/linear-algebra-and-differential-equations
[514/3152] 'MATH105 - Duke University' (live): SAVED top 2 -> https://sites.math.duke.edu/~rann/project/105lmaterials/ + https://undergraduate.bulletins.duke.edu/courses/0068591
[515/3152] 'MATH105L - Duke University' (live): SAVED top 2 -> https://sites.math.duke.edu/~rann/project/105lmaterials.fall22/ + https://undergraduate.bulletins.duke.edu/courses/0068591
[516/3152] 'MATH106 - Duke University' (live): SAVED top 2 -> https://sites.math.duke.edu/~rtd/math106/ + https://sagrawalx.github.io/teaching/wi24_math106/content
[517/3152] 'MATH106L - Duke University' (live): SAVED top 2 -> https://sagrawalx.github.io/teaching/wi24_math106/content + https://sites.math.duke.edu/~rann/project/106lmaterials/
[518/3152] 'MATH107 - Duke University': no usable link (live)
[519/3152] 'MATH111 - Duke University': no usable link (live)
[520/3152] 'MATH111L - Duke University': no usable link (live)
[521/3152] 'MATH112 - Duke University': no usable link (live)
[522/3152] 'MATH112L - Duke University' (live): SAVED top 2 -> https://math.colorado.edu/~yuhu6917/teaching/Math112L_17Spring/Math112CoursePoliciesAndGrading.pdf + https://sites.math.duke.edu/~kjohnson/112L_Syllabus_Fall_2023.pdf
[523/3152] 'MATH122L - Duke University' (live): SAVED top 2 -> https://undergraduate.bulletins.duke.edu/courses/0068741 + https://sites.math.duke.edu/first_year/courses/41l.html
[524/3152] 'MATH135 - Duke University': no usable link (live)
[525/3152] 'MATH201 - Duke University': no usable link (live)
[526/3152] 'MATH202 - Duke University' (live): SAVED top 2 -> https://vulms.vu.edu.pk/Courses/MTH202/Downloads/MTH202%20UPDATED%20HANDOUTS.pdf + https://undergraduate.bulletins.duke.edu/courses/0246811
[527/3152] 'MATH205 - Duke University' (live): SAVED top 2 -> https://sites.math.duke.edu/~ng/math205/syllabus.pdf + https://www.concordia.ca/content/dam/artsci/math-stats/docs/Outlines24-25/Winter2025/MATH205_2_25.pdf
[528/3152] 'MATH212 - Duke University' (live): SAVED top 2 -> https://sites.math.duke.edu/~cbray/Ref/Past212ClassWebsite/CourseResources.html + https://wangjiuya.github.io/teach/f20_212/
[529/3152] 'MATH216 - Duke University' (live): SAVED top 2 -> https://undergraduate.bulletins.duke.edu/courses/0157671 + https://math.duke.edu/courses/linear-algebra-and-differential-equations
[530/3152] 'MATH218 - Duke University' (live): SAVED top 2 -> https://sites.math.duke.edu/~jdr/2425f-218/ + https://undergraduate.bulletins.duke.edu/courses/0268751
[531/3152] 'MATH218D2 - Duke University': no usable link (live)
[532/3152] 'MATH218L - Duke University': no usable link (live)
[533/3152] 'MATH219 - Duke University': no usable link (live)
[534/3152] 'MATH242 - Duke University': no usable link (live)
[535/3152] 'MATH26 - Duke University' (live): SAVED top 2 -> https://registrar.duke.edu/registration/course-catalog-schedule-classes/ + https://sites.math.duke.edu/first_year/courses/26l.html
[536/3152] 'MATH26L - Duke University': no usable link (live)
[537/3152] 'MATH305 - Duke University' (live): SAVED top 2 -> https://palmer.wellesley.edu/~aschultz/w21/math305/lectureoutlines.html + https://dnas.dukekunshan.edu.cn/course-content-type/math-305/
[538/3152] 'MATH31L - Duke University' (live): SAVED top 2 -> https://www.math.ucla.edu/~matthias/31a.1.17w/index.html + https://sites.math.duke.edu/first_year/teachers.only/
[539/3152] 'MATH32 - Duke University': no usable link (live)
[540/3152] 'MATH32L - Duke University' (live): SAVED top 2 -> https://www.rose-hulman.edu/Class/ma/OldFiles/holden/Duke/Math32L/index.html + https://sites.math.duke.edu/first_year/teachers.only/handouts/32L_first_day_handout.pdf
[541/3152] 'MATH353 - Duke University' (live): SAVED top 2 -> https://sites.math.duke.edu/~ven/courses/MATH353-373/25SPRING/2025S_MATH353.01syllabus.pdf + https://team-pancho.github.io/teaching/math353/files.html
[542/3152] 'MATH41 - Duke University': no usable link (live)
[543/3152] 'MATH421 - Duke University' (live): SAVED top 2 -> https://sites.math.duke.edu/~psa/cls/421/ + https://people.math.wisc.edu/~gmaribef/421.html
[544/3152] 'MATH466 - Duke University': no usable link (live)
[545/3152] 'MATH531 - Duke University' (live): SAVED top 2 -> https://people.uncw.edu/lugo/courses/M531/class_notes.htm + https://graduateschool.bulletins.duke.edu/courses/0069321
[546/3152] 'MATH581 - Duke University': no usable link (live)
[547/3152] 'MATH89S - Duke University' (live): SAVED top 2 -> https://math.duke.edu/~ng/math89S/ + https://math.duke.edu/~ng/math89S/syllabus.pdf
[548/3152] 'PHY141 - Duke University': no usable link (live)
[549/3152] 'PHY141L - Duke University': no usable link (live)
[550/3152] 'PHY161 - Duke University': no usable link (live)
[551/3152] 'PHY163 - Duke University' (live): SAVED top 2 -> https://registrar.duke.edu/registration/course-catalog-schedule-classes/ + https://undergraduate.bulletins.duke.edu/courses/0267481
[552/3152] 'PHYS361 - Duke University': no usable link (live)
[553/3152] 'PHYS61 - Duke University' (live): SAVED top 2 -> https://registrar.duke.edu/registration/course-catalog-schedule-classes/ + https://tmurphy.physics.ucsd.edu/phys8/lectures/lectures.html
[554/3152] 'STA101 - Duke University': no usable link (live)
[555/3152] 'STA102 - Duke University' (live): SAVED top 2 -> https://www2.stat.duke.edu/courses/Spring22/sta102.001/slides/lec-1.html + https://www2.stat.duke.edu/courses/Spring22/sta102.001/
[556/3152] 'STA110 - Duke University' (live): SAVED top 2 -> https://stat110.hsites.harvard.edu/handouts + https://stat.duke.edu/~banks/101-stat.html
[557/3152] 'STA111 - Duke University' (live): SAVED top 2 -> https://www2.stat.duke.edu/courses/Summer13/sta111.001-2/syllabus.html + https://wangronglu.github.io/sta111/
[558/3152] 'STA112FS - Duke University' (live): SAVED top 2 -> https://www2.stat.duke.edu/courses/Fall14/sta112.01/slides/lec1H.html + https://www2.stat.duke.edu/courses/Fall15/sta112.01/post/slides/deck1.html
[559/3152] 'STA198 - Duke University' (live): SAVED top 2 -> https://www2.stat.duke.edu/courses/Fall25/sta198.001/slides/lec-1.html + https://www2.stat.duke.edu/courses/Fall25/sta198.001/slides/lab-1.html
[560/3152] 'STA199 - Duke University' (live): SAVED top 2 -> https://www2.stat.duke.edu/courses/Spring21/sta199.003/slides/lecture/lec_01.pdf + https://www2.stat.duke.edu/courses/Spring18/Sta199/
[561/3152] 'STA199L - Duke University' (live): SAVED top 2 -> https://www2.stat.duke.edu/courses/Spring18/Sta199/ + https://sta199-su26-2.github.io/slides/00-welcome-199-slides.html
[562/3152] 'STA210 - Duke University' (live): SAVED top 2 -> https://www2.stat.duke.edu/courses/Spring20/sta210.001/ + https://www2.stat.duke.edu/courses/Spring23/sta210.001/
[563/3152] 'STA221 - Duke University': no usable link (live)
[564/3152] 'STA230 - Duke University': no usable link (live)
[565/3152] 'STA240L - Duke University' (live): SAVED top 2 -> https://stat.duke.edu/~st118/syllabus-sta240-2021fall.pdf + https://sta240-f25.github.io/slides/2025-09-03-set2prob.html
[566/3152] 'STA323 - Duke University': no usable link (live)
[567/3152] 'STA360 - Duke University' (live): SAVED top 2 -> https://sta360-sp25.github.io/slides/lab0-welcome.html + https://sta360-fa23.github.io/slides/lab0-welcome.html
[568/3152] 'STA440 - Duke University' (live): SAVED top 2 -> https://www2.stat.duke.edu/courses/Spring24/sta440.001/slides/welcome.html + https://www2.stat.duke.edu/courses/Spring21/sta440.001/
[569/3152] 'STAT101 - Duke University': no usable link (live)
[570/3152] 'STAT102 - Duke University': no usable link (live)
[571/3152] 'STAT110FS - Duke University' (live): SAVED top 2 -> https://stat110.hsites.harvard.edu/handouts + https://www2.stat.duke.edu/~banks/101-stat.html
[572/3152] 'STAT111 - Duke University' (live): SAVED top 2 -> https://www2.stat.duke.edu/~banks/111-stat.html + https://www2.stat.duke.edu/~banks/111-policy.htm
[573/3152] 'MAT1065 - East Carolina University' (live): SAVED top 1 -> https://registrar.ecu.edu/browse-courses-and-class-section/
[574/3152] 'MAT1066 - East Carolina University' (live): SAVED top 2 -> https://registrar.ecu.edu/browse-courses-and-class-section/ + https://www.ecu.edu/
[575/3152] 'MAT2228 - East Carolina University': no usable link (live)
[576/3152] 'MATH0045 - East Carolina University': no usable link (live)
[577/3152] 'MATH1064 - East Carolina University' (live): SAVED top 2 -> https://github.com/ALECTM/MATH1064/blob/main/MATH1064%20Notes.pdf + https://github.com/ALECTM/MATH1064
[578/3152] 'MATH1065 - East Carolina University': no usable link (live)
[579/3152] 'MATH1066 - East Carolina University': no usable link (live)
[580/3152] 'MATH2122 - East Carolina University' (live): SAVED top 1 -> https://registrar.ecu.edu/browse-courses-and-class-section/
[581/3152] 'MATH2127 - East Carolina University': no usable link (live)
[582/3152] 'MATH2172 - East Carolina University': no usable link (live)
[583/3152] 'MATH2283 - East Carolina University': no usable link (live)
[584/3152] 'MATH4331 - East Carolina University': no usable link (live)
[585/3152] 'PHY1250 - East Carolina University': no usable link (live)
[586/3152] 'PHYS1260 - East Carolina University': no usable link (live)
[587/3152] 'PHYS2360 - East Carolina University': no usable link (live)
[588/3152] 'EGR110 - Eastern Michigan University': no usable link (live)
[589/3152] 'PHY143 - Eastern Michigan University': no usable link (live)
[590/3152] 'PHY243 - Eastern Michigan University' (live): SAVED top 1 -> https://emu.edu/catalog/
[591/3152] 'EDUC381 - Eastern Washington University' (live): SAVED top 2 -> https://bulletin.stanford.edu/courses/1020931 + https://inside.ewu.edu/facultycommons/syllabi/
[592/3152] 'EENG160 - Eastern Washington University': no usable link (live)
[593/3152] 'EENG210 - Eastern Washington University': no usable link (live)
[594/3152] 'EENG401 - Eastern Washington University' (live): SAVED top 1 -> https://inside.ewu.edu/facultycommons/syllabi/
[595/3152] 'MTHD103 - Eastern Washington University': no usable link (live)
[596/3152] 'MTHD106 - Eastern Washington University': no usable link (live)
[597/3152] 'MTH1510 - Elon University': no usable link (live)
[598/3152] 'PHY1020 - Elon University' (live): SAVED top 2 -> https://www.elon.edu/u/student-resources/ + https://www.elon.edu/u/registrar/student-resources/academic-catalog/
[599/3152] 'STS110 - Elon University': no usable link (live)
[600/3152] 'STS1100 - Elon University' (live): SAVED top 2 -> https://www.elon.edu/u/academics/core-curriculum/first-year-foundations/ + https://www.elon.edu/u/registrar/student-resources/academic-catalog/
[601/3152] 'STS212 - Elon University': no usable link (live)
[602/3152] 'STS2120 - Elon University': no usable link (live)
[603/3152] 'STS232 - Elon University' (live): SAVED top 2 -> https://www.elon.edu/u/registrar/student-resources/academic-catalog/ + https://next.elon.edu/?page=2&amp;pagename=Learning-Modules
[604/3152] 'STS2720 - Elon University' (live): SAVED top 2 -> https://www.elon.edu/u/student-resources/ + https://www.elon.edu/u/registrar/student-resources/academic-catalog/
[605/3152] 'MATH112Z - Emory University': no usable link (live)
[606/3152] 'MATH211 - Emory University' (live): SAVED top 2 -> https://registrar.emory.edu/registration/scheduling-tools/course-atlas.html + https://atlas.emory.edu/
[607/3152] 'MATH250 - Emory University' (live): SAVED top 2 -> http://www.math.emory.edu/~ywan250/Math250/math250.html + https://github.com/tyleryzhu/course-notes/blob/master/Math250A/math250a.pdf
[608/3152] 'MATH315 - Emory University': no usable link (live)
[609/3152] 'MATH351 - Emory University': no usable link (live)
[610/3152] 'MATH352 - Emory University': no usable link (live)
[611/3152] 'MATH385 - Emory University' (live): SAVED top 2 -> https://cs.emory.edu/~mic/putnam/math385/syllabus.pdf + https://math.emory.edu/~lchen41/teaching/2020_Spring/math362_2020_Spring.html
[612/3152] 'MATH425 - Emory University' (live): SAVED top 2 -> http://www.math.emory.edu/~mpcarr/math425/index.html + https://github.com/mckenziewest/math425
[613/3152] 'PHYS151 - Emory University': no usable link (live)
[614/3152] 'PHYS190 - Emory University' (live): SAVED top 2 -> https://github.com/veragluscevic/phys190-public + https://registrar.emory.edu/registration/scheduling-tools/course-atlas.html
[615/3152] 'QTM100 - Emory University': no usable link (live)
[616/3152] 'QTM150 - Emory University': no usable link (live)
[617/3152] 'QTM151 - Emory University': no usable link (live)
[618/3152] 'DATA3210 - Fairfield University' (live): SAVED top 2 -> https://course-search-net.fairfield.edu/ + https://www.fairfield.edu/academics/academic-support/catalog/
[619/3152] 'MA0217 - Fairfield University' (live): SAVED top 2 -> https://course-search-net.fairfield.edu/ + https://www.fairfield.edu/academics/academic-support/catalog/
[620/3152] 'MA1121 - Fairfield University': no usable link (live)
[621/3152] 'MA1122 - Fairfield University': no usable link (live)
[622/3152] 'MA1172 - Fairfield University' (live): SAVED top 2 -> http://www.faculty.fairfield.edu/cstaecker/courses/2025s1172/1172syllabus.pdf + http://faculty.fairfield.edu/cstaecker/courses/2025s1172/masterytopics.pdf
[623/3152] 'MA17 - Fairfield University' (live): SAVED top 2 -> https://course-search-net.fairfield.edu/ + https://www.fairfield.edu/academics/academic-support/catalog/
[624/3152] 'MA2217 - Fairfield University': no usable link (live)
[625/3152] 'MATH1141 - Fairfield University' (live): SAVED top 2 -> http://faculty.fairfield.edu/mdemers/MA1141/classes.html + https://course-search-net.fairfield.edu/
[626/3152] 'MATH1171 - Fairfield University': no usable link (live)
[627/3152] 'MATH2217 - Fairfield University': no usable link (live)
[628/3152] 'MATH2231 - Fairfield University': no usable link (live)
[629/3152] 'MATH3337 - Fairfield University': no usable link (live)
[630/3152] 'PHYS1171 - Fairfield University' (live): SAVED top 2 -> https://course-search-net.fairfield.edu/ + https://www.fairfield.edu/academics/majors-and-minors/physics/
[631/3152] 'PHYS1171L - Fairfield University': no usable link (live)
[632/3152] 'PS0115 - Fairfield University': no usable link (live)
[633/3152] 'MHF2191 - Florida Gulf Coast University': no usable link (live)
[634/3152] 'PHY2048L - Florida Gulf Coast University' (live): SAVED top 2 -> https://floridapoly.edu/wp-content/uploads/2025/10/syllabi-sp24-phy2048l.pdf + https://floridapoly.edu/wp-content/uploads/2025/10/syllabi-fa23-phy2048l.pdf
[635/3152] 'EEE4717 - Florida International University' (live): SAVED top 2 -> https://github.com/pontuscode/ee4717 + https://github.com/azzhexperiment/EE4717-course-work
[636/3152] 'MAC1104 - Florida International University': no usable link (live)
[637/3152] 'MAC2223 - Florida International University': no usable link (live)
[638/3152] 'MAD3401 - Florida International University': no usable link (live)
[639/3152] 'MAD3512 - Florida International University': no usable link (live)
[640/3152] 'MAT1033 - Florida International University': no usable link (live)
[641/3152] 'MTG1204 - Florida International University': no usable link (live)
[642/3152] 'STA2133 - Florida International University': no usable link (live)
[643/3152] 'STA3033 - Florida International University': no usable link (live)
[644/3152] 'STA3111 - Florida International University': no usable link (live)
[645/3152] 'STA3112 - Florida International University': no usable link (live)
[646/3152] 'STA3123 - Florida International University': no usable link (live)
[647/3152] 'STAT2122 - Florida International University': no usable link (live)
[648/3152] 'EEE3300 - Florida State University': no usable link (live)
[649/3152] 'EEE4301 - Florida State University': no usable link (live)
[650/3152] 'EEL3112 - Florida State University': no usable link (live)
[651/3152] 'EEL3216 - Florida State University': no usable link (live)
[652/3152] 'EEL4746 - Florida State University': no usable link (live)
[653/3152] 'MAC1105 - Florida State University': no usable link (live)
[654/3152] 'MAC1114 - Florida State University' (live): SAVED top 2 -> https://www.math.fsu.edu/~kbowers/mac1114.html + https://syllabus.math.ufl.edu/wp-content/uploads/sites/133/FALL-2025-MAC_1114_Section_NPS1_C_Robinson.pdf
[655/3152] 'MAD2104 - Florida State University': no usable link (live)
[656/3152] 'PHY2048C - Florida State University': no usable link (live)
[657/3152] 'PHY2049 - Florida State University': no usable link (live)
[658/3152] 'STA2023 - Florida State University': no usable link (live)
[659/3152] 'STA2122 - Florida State University': no usable link (live)
[660/3152] 'ECON2140 - Fordham University': no usable link (live)
[661/3152] 'ECON2142 - Fordham University': no usable link (live)
[662/3152] 'HBM1198 - Fordham University': no usable link (live)
[663/3152] 'HPRH1004 - Fordham University' (live): SAVED top 2 -> https://bulletin.fordham.edu/courses/ + https://bulletin.fordham.edu/undergraduate/honors-program-fcrh/
[664/3152] 'MAT1108 - Fordham University' (live): SAVED top 2 -> https://faculty.fordham.edu/mroy17/math1108.html + https://bulletin.fordham.edu/courses/
[665/3152] 'MATH1001 - Fordham University': no usable link (live)
[666/3152] 'MATH1108 - Fordham University': no usable link (live)
[667/3152] 'MATH1109 - Fordham University' (live): SAVED top 2 -> https://ryanutke.github.io/MATH_1109L02_Syllabus.pdf + https://bulletin.fordham.edu/courses/math/
[668/3152] 'MATH1198 - Fordham University': no usable link (live)
[669/3152] 'MATH1203 - Fordham University': no usable link (live)
[670/3152] 'MATH1207 - Fordham University' (live): SAVED top 2 -> https://bulletin.fordham.edu/courses/math/ + https://bulletin.fordham.edu/undergraduate/mathematics/
[671/3152] 'MATH2004 - Fordham University' (live): SAVED top 2 -> https://bulletin.fordham.edu/courses/math/math.pdf + https://bulletin.fordham.edu/courses/math/
[672/3152] 'MATH2005 - Fordham University': no usable link (live)
[673/3152] 'MATH2006 - Fordham University': no usable link (live)
[674/3152] 'MATH3006 - Fordham University' (live): SAVED top 2 -> https://bulletin.fordham.edu/courses/math/ + https://bulletin.fordham.edu/courses/
[675/3152] 'MGBU2142 - Fordham University': no usable link (live)
[676/3152] 'MMB1 - Fordham University': no usable link (live)
[677/3152] 'MMB2 - Fordham University' (live): SAVED top 2 -> https://bulletin.fordham.edu/courses/ + https://bulletin.fordham.edu/
[678/3152] 'MTRU1000 - Fordham University' (live): SAVED top 2 -> https://faculty.fordham.edu/klima/20016%20fall/PHRU1000-2016F.pdf + https://bulletin.fordham.edu/courses/
[679/3152] 'MTRU1100 - Fordham University' (live): SAVED top 2 -> https://bulletin.fordham.edu/courses/ + https://bulletin.fordham.edu/
[680/3152] 'MTRU1108 - Fordham University' (live): SAVED top 2 -> https://faculty.fordham.edu/mroy17/math1108.html + https://bulletin.fordham.edu/courses/
[681/3152] 'MTRU1109 - Fordham University': no usable link (live)
[682/3152] 'SABU2142 - Fordham University': no usable link (live)
[683/3152] 'STAT1 - Fordham University' (live): SAVED top 2 -> https://bulletin.fordham.edu/courses/ + https://bulletin.fordham.edu/
[684/3152] 'STAT2 - Fordham University' (live): SAVED top 1 -> https://bulletin.fordham.edu/courses/
[685/3152] 'STATS2 - Fordham University' (live): SAVED top 2 -> https://web.stanford.edu/class/stats300b/lectures.html + https://bulletin.fordham.edu/courses/
[686/3152] 'FYS1175 - Furman University': no usable link (live)
[687/3152] 'MTH11 - Furman University': no usable link (live)
[688/3152] 'MTH11S - Furman University' (live): SAVED top 2 -> https://phonchi.github.io/nsysu-calculus1/lectures/ + https://ocw.mit.edu/
[689/3152] 'MTH16 - Furman University': no usable link (live)
[690/3152] 'ECE101 - George Mason University': no usable link (live)
[691/3152] 'DNSC1001 - George Washington University': no usable link (live)
[692/3152] 'ECE1120 - George Washington University': no usable link (live)
[693/3152] 'HONR28 - George Washington University': no usable link (live)
[694/3152] 'MAH1220 - George Washington University': no usable link (live)
[695/3152] 'MATH3553 - George Washington University' (live): SAVED top 2 -> https://blogs.gwu.edu/yxzhao/teaching/teaching-fall-2025-math35536522/ + https://blogs.gwu.edu/yxzhao/teaching/teaching-fall-2023-math35536522/
[696/3152] 'MATH710 - George Washington University': no usable link (live)
[697/3152] 'PHYS1012 - George Washington University': no usable link (live)
[698/3152] 'PUBH3131 - George Washington University': no usable link (live)
[699/3152] 'STAT053 - George Washington University': no usable link (live)
[700/3152] 'STAT4157 - George Washington University': no usable link (live)
[701/3152] 'STAT53 - George Washington University' (live): SAVED top 2 -> https://statistics.columbian.gwu.edu/sites/g/files/zaxdzs4811/files/2023-09/syllabus1053-10_fall2023.pdf + https://statistics.columbian.gwu.edu/sites/g/files/zaxdzs4811/files/2024-01/stat_1053_course_syllabus_spring_2024_-_james_hunt.pdf
[702/3152] 'STAT6201 - George Washington University': no usable link (live)
[703/3152] 'MAT140 - Georgetown University': no usable link (live)
[704/3152] 'MATH035 - Georgetown University' (live): SAVED top 1 -> https://faculty.georgetown.edu/kainen/calcini.html
[705/3152] 'MATH036 - Georgetown University': no usable link (live)
[706/3152] 'MATH137 - Georgetown University': no usable link (live)
[707/3152] 'MATH150 - Georgetown University' (live): SAVED top 2 -> https://people.willamette.edu/~cstarr/math150/150Notes.htm + https://static.scs.georgetown.edu/upload/files/syllabi/term_202320/course_MATH-150/section_10/MATH-150-10_Syllabus_vble1UR.pdf
[708/3152] 'MATH310 - Georgetown University' (live): SAVED top 2 -> https://gregknese.github.io/math310-spring2024-syllabus.pdf + https://www-math.umd.edu/undergraduate/departmental-course-pages/offered-courses/378-math-310-introduction-to-analysis.html
[709/3152] 'MATH504 - Georgetown University' (live): SAVED top 2 -> https://github.com/jeffgould231/MATH-504 + https://github.com/Dshaer2/Math-504
[710/3152] 'PHYS017 - Georgetown University' (live): SAVED top 2 -> https://static.scs.georgetown.edu/upload/files/syllabi/term_201920/course_PHYS-101/section_11/PHYS-101-11.pdf + https://library.georgetown.edu/copyright/faculty-course-materials
[711/3152] 'PHYS019 - Georgetown University' (live): SAVED top 2 -> https://physics.georgetown.edu/ + https://library.georgetown.edu/copyright/faculty-course-materials
[712/3152] 'PHYS102 - Georgetown University': no usable link (live)
[713/3152] 'PHYS1101 - Georgetown University' (live): SAVED top 1 -> https://static.scs.georgetown.edu/upload/files/syllabi/term_201920/course_PHYS-101/section_11/PHYS-101-11.pdf
[714/3152] 'PHYS153 - Georgetown University' (live): SAVED top 2 -> https://phas.ubc.ca/~mccutche/Phys153_lec/ + https://phas.ubc.ca/~kotlicki/Phys%20153/Lecture%201.pdf
[715/3152] 'PHYS154 - Georgetown University': no usable link (live)
[716/3152] 'STATS040 - Georgetown University' (live): SAVED top 1 -> https://static.scs.georgetown.edu/upload/files/syllabi/term_202320/course_MATH-040/section_01/MATH-040-01_a0rJCBK.pdf
[717/3152] 'CS2051 - Georgia Institute of Technology' (live): SAVED top 2 -> https://github.com/sar-mo/CS2051-HonorsDiscreteMath/blob/main/sp23/CS2051%20Syllabus%20Spring%202023.pdf + https://github.com/sar-mo/CS2051-HonorsDiscreteMath
[718/3152] 'CS6515 - Georgia Institute of Technology' (live): SAVED top 2 -> https://omscs.gatech.edu/cs-6515-intro-graduate-algorithms + https://github.com/zyz314/CS6515_GA_notes-
[719/3152] 'ISYE6501 - Georgia Institute of Technology' (live): SAVED top 2 -> https://omscs.gatech.edu/isye-6501-intro-analytics-modeling + https://oscar.gatech.edu/bprod/bwckctlg.p_disp_course_detail?cat_term_in=202108&amp;subj_code_in=ISYE&amp;crse_numb_in=6501
[720/3152] 'MA1554 - Georgia Institute of Technology' (live): SAVED top 2 -> https://sbarone7.math.gatech.edu/ma1554s25.html + https://sbarone7.math.gatech.edu/ma1554f23.html
[721/3152] 'MATH1501 - Georgia Institute of Technology': no usable link (live)
[722/3152] 'MATH1502 - Georgia Institute of Technology' (live): SAVED top 2 -> https://harrell.math.gatech.edu/1502/ + https://mccuan.math.gatech.edu/courses/1502/
[723/3152] 'MATH1551 - Georgia Institute of Technology': no usable link (live)
[724/3152] 'MATH1552 - Georgia Institute of Technology': no usable link (live)
[725/3152] 'MATH1553 - Georgia Institute of Technology': no usable link (live)
[726/3152] 'MATH1554 - Georgia Institute of Technology': no usable link (live)
[727/3152] 'MATH1564 - Georgia Institute of Technology': no usable link (live)
[728/3152] 'MATH1711 - Georgia Institute of Technology': no usable link (live)
[729/3152] 'MATH1712 - Georgia Institute of Technology': no usable link (live)
[730/3152] 'MATH2106 - Georgia Institute of Technology' (live): SAVED top 2 -> https://math.gatech.edu/courses/math/2106 + https://jhom6.math.gatech.edu/2106/index.html
[731/3152] 'MATH2403 - Georgia Institute of Technology': no usable link (live)
[732/3152] 'MATH2511 - Georgia Institute of Technology': no usable link (live)
[733/3152] 'MATH2550 - Georgia Institute of Technology': no usable link (live)
[734/3152] 'MATH2551 - Georgia Institute of Technology' (live): SAVED top 2 -> https://hunterlehmann.github.io/teaching/MATH2551/ + https://sbarone7.math.gatech.edu/ma2551s26.html
[735/3152] 'MATH2552 - Georgia Institute of Technology': no usable link (live)
[736/3152] 'MATH2603 - Georgia Institute of Technology': no usable link (live)
[737/3152] 'MATH3012 - Georgia Institute of Technology' (live): SAVED top 2 -> https://sites.gatech.edu/math3012openresources/lecture-videos/course-overview/ + https://sites.gatech.edu/math3012openresources/
[738/3152] 'MATH3215 - Georgia Institute of Technology' (live): SAVED top 2 -> https://math.gatech.edu/courses/math/3215 + https://matzi.math.gatech.edu/math3215.html
[739/3152] 'MATH3406 - Georgia Institute of Technology': no usable link (live)
[740/3152] 'MATH3670 - Georgia Institute of Technology' (live): SAVED top 2 -> https://math.gatech.edu/courses/math/3670 + https://europe.gatech.edu/sites/default/files/2025-01/Math%203670_Syllabus_Fa25.pdf
[741/3152] 'MATH4305 - Georgia Institute of Technology' (live): SAVED top 2 -> https://math.gatech.edu/courses/math/4305 + https://mccuan.math.gatech.edu/courses/4305/
[742/3152] 'MATH4317 - Georgia Institute of Technology': no usable link (live)
[743/3152] 'MATH7252 - Georgia Institute of Technology' (live): SAVED top 2 -> https://math.gatech.edu/courses/math/7252 + https://ostrodmit.github.io/assets/teaching/Syllabi/Syllabus-M7252-F2025.pdf
[744/3152] 'PHYS2112 - Georgia Institute of Technology': no usable link (live)
[745/3152] 'PHYS2211 - Georgia Institute of Technology': no usable link (live)
[746/3152] 'PHYS2212 - Georgia Institute of Technology' (live): SAVED top 2 -> https://sos.clayton.edu/physics/ALG/PHYS2212/ + https://syllabus.gatech.edu/sites/default/files/2026-04/PHYS%202212%20Syllabus%20Summer%202026.pdf
[747/3152] 'MATH2211 - Georgia State University': no usable link (live)
[748/3152] 'MATH2641 - Georgia State University' (live): SAVED top 2 -> https://math.gsu.edu/yyao/2025F/handout-2641-25F.pdf + https://math.gsu.edu/yyao/2025F/math2641.html
[749/3152] 'MATH3030 - Georgia State University' (live): SAVED top 2 -> https://www.gcsu.edu/sites/files/external/catalogarchive/undergraduate_catalog2010-2011/math-3030-foundations-of-ma.htm + https://github.com/SLynne/Math3030
[750/3152] 'MATH3435 - Georgia State University' (live): SAVED top 2 -> https://makmanx.github.io/math3435s18/index.html + https://cdn.gsu.edu/syllabi/
[751/3152] 'MATH4435 - Georgia State University': no usable link (live)
[752/3152] 'MATH4661 - Georgia State University': no usable link (live)
[753/3152] 'MATH4662 - Georgia State University': no usable link (live)
[754/3152] 'MATH258 - Gonzaga University' (live): SAVED top 2 -> https://webwork.gonzaga.edu/webwork2/2026-su-math-258-s01/ + https://webwork.gonzaga.edu/webwork2/
[755/3152] 'MATH339 - Gonzaga University' (live): SAVED top 2 -> https://cmps-people.ok.ubc.ca/rtyson/Teaching/Math339/homework.html + https://webwork.gonzaga.edu/webwork2/
[756/3152] 'PHYS103L - Gonzaga University': no usable link (live)
[757/3152] 'PHYS121L - Gonzaga University': no usable link (live)
[758/3152] 'STATS121 - Gonzaga University' (live): SAVED top 2 -> https://webwork.gonzaga.edu/webwork2/2024-fa-math-121-01/ + https://web02.gonzaga.edu/faculty/rayr/ma121/MA121SyllabusSummer10.pdf
[759/3152] 'MAT209 - Grinnell College': no usable link (live)
[760/3152] 'MAT218 - Grinnell College': no usable link (live)
[761/3152] 'MAT309 - Grinnell College': no usable link (live)
[762/3152] 'MAT321 - Grinnell College': no usable link (live)
[763/3152] 'SST115 - Grinnell College': no usable link (live)
[764/3152] 'STA209 - Grinnell College': no usable link (live)
[765/3152] 'STA310 - Grinnell College': no usable link (live)
[766/3152] 'MATH116 - Hamilton College' (live): SAVED top 2 -> https://www.math.arizona.edu/academics/courses/math116 + https://crgibbons.github.io/post/syllabi/2025f-math116/
[767/3152] 'MATH235 - Hamilton College' (live): SAVED top 2 -> https://math.uwaterloo.ca/~f2alfais/notes/math235-notes.pdf + https://www.math.uwaterloo.ca/~hwolkowi/henry/teaching/f03/235.f03/readme.html
[768/3152] 'PHYS295 - Hamilton College' (live): SAVED top 2 -> https://academics.hamilton.edu/physics/smajor/Courses/295Guides/electromagnetism.pdf + https://physerver.hamilton.edu/courses/Spring12/Phy295/Introduction.html
[769/3152] 'PHYSI190 - Hamilton College': no usable link (live)
[770/3152] 'MATH21A - Harvard University': no usable link (live)
[771/3152] 'MATH23A - Harvard University' (live): SAVED top 2 -> https://abel.math.harvard.edu/archive/23a_fall_01/docs/syllabus.html + https://abel.math.harvard.edu/archive/23a_fall_99/
[772/3152] 'MATH23C - Harvard University': no usable link (live)
[773/3152] 'MATHE300 - Harvard University': no usable link (live)
[774/3152] 'PHY143A - Harvard University': no usable link (live)
[775/3152] 'MATH62 - Harvey Mudd College': no usable link (live)
[776/3152] 'MATH82 - Harvey Mudd College': no usable link (live)
[777/3152] 'PHYS023 - Harvey Mudd College': no usable link (live)
[778/3152] 'PHYS051 - Harvey Mudd College': no usable link (live)
[779/3152] 'PHYS052 - Harvey Mudd College' (live): SAVED top 2 -> https://www.cs.hmc.edu/twiki/bin/view/CS5/ + https://github.com/yatfiw/undergrad-notes
[780/3152] 'PHYS24A - Harvey Mudd College': no usable link (live)
[781/3152] 'PHYS50 - Harvey Mudd College' (live): SAVED top 2 -> http://nebula2.deanza.edu/~lanasheridan/P50/Phys50-Lecture1.pdf + https://www.deanza.edu/faculty/lunaeduardo/physics-50.html
[782/3152] 'MATHH118 - Haverford College' (live): SAVED top 2 -> https://www.haverford.edu/academics/academic-catalog-result/MATH%20H118 + https://moodle.haverford.edu/course/index.php?categoryid=104
[783/3152] 'MATH006A - Hofstra University': no usable link (live)
[784/3152] 'MATH030A - Hofstra University': no usable link (live)
[785/3152] 'MATH045 - Hofstra University': no usable link (live)
[786/3152] 'MATH050 - Hofstra University' (live): SAVED top 2 -> https://www.hofstra.edu/forms/forms_coursedescriptionform.cfm?course=MATH&amp;coursenum=050 + https://www.hofstra.edu/forms/forms_coursedescriptionform.cfm?course=MATH&amp;coursenum=050&amp;term=201902
[787/3152] 'MATH072 - Hofstra University': no usable link (live)
[788/3152] 'MATH073 - Hofstra University' (live): SAVED top 2 -> https://www.hofstra.edu/forms/forms_coursedescriptionform.cfm?course=MATH&amp;coursenum=073 + https://bulletin.hofstra.edu/preview_course_nopop.php?catoid=140&amp;coid=463702
[789/3152] 'MATH10E - Hofstra University': no usable link (live)
[790/3152] 'MATH12 - Hofstra University' (live): SAVED top 2 -> https://www.hofstra.edu/academics/academics-course-finder.cfm + https://www.hofstra.edu/academics/colleges-and-schools/hofstra-college-of-liberal-arts-and-sciences/natural-sciences-mathematics/mathematics/
[791/3152] 'MATH131 - Hofstra University': no usable link (live)
[792/3152] 'MATH13C - Hofstra University': no usable link (live)
[793/3152] 'MATH171 - Hofstra University' (live): SAVED top 2 -> https://math.stanford.edu/~ksound/Math171S10/Math171.html + https://hydrodynamical.github.io/files/Math171_Syllabus.pdf
[794/3152] 'MATH45 - Hofstra University': no usable link (live)
[795/3152] 'MATH50 - Hofstra University': no usable link (live)
[796/3152] 'MATH71 - Hofstra University' (live): SAVED top 2 -> https://www.hofstra.edu/academics/colleges-and-schools/hofstra-college-of-liberal-arts-and-sciences/natural-sciences-mathematics/mathematics/student-resources/ + https://www.hofstra.edu/mathematics/camcle.html
[797/3152] 'MATH72 - Hofstra University' (live): SAVED top 2 -> https://www.hofstra.edu/forms/forms_coursedescriptionform.cfm?course=MATH&amp;coursenum=072 + https://www.hofstra.edu/academics/academics-course-finder.cfm
[798/3152] 'MATH73 - Hofstra University': no usable link (live)
[799/3152] 'PHYS001A - Hofstra University': no usable link (live)
[800/3152] 'PHYS1A - Hofstra University': no usable link (live)
[801/3152] 'MAT144 - Illinois State University' (live): SAVED top 1 -> https://coursefinder.illinoisstate.edu/mat/144/
[802/3152] 'MAT146 - Illinois State University' (live): SAVED top 1 -> https://coursefinder.illinoisstate.edu/mat/146/
[803/3152] 'MAT147 - Illinois State University': no usable link (live)
[804/3152] 'MAT280 - Illinois State University': no usable link (live)
[805/3152] 'MAT350 - Illinois State University': no usable link (live)
[806/3152] 'MAT35001 - Illinois State University' (live): SAVED top 2 -> https://coursefinder.illinoisstate.edu/mat/351/ + https://coursefinder.illinoisstate.edu/
[807/3152] 'MAT352 - Illinois State University': no usable link (live)
[808/3152] 'MAT383 - Illinois State University': no usable link (live)
[809/3152] 'MAT453 - Illinois State University' (live): SAVED top 2 -> https://coursefinder.illinoisstate.edu/mat/453/ + https://netmath.illinois.edu/college/math-453
[810/3152] 'A107 - Indiana University Bloomington': no usable link (live)
[811/3152] 'D116 - Indiana University Bloomington' (live): SAVED top 2 -> https://utilities.registrar.indiana.edu/course-browser/prl/soc4218/MATH/MATH-D116.shtml + https://utilities.registrar.indiana.edu/course-browser/prl/soc4128/MATH/MATH-D116.php
[812/3152] 'M118 - Indiana University Bloomington': no usable link (live)
[813/3152] 'M119 - Indiana University Bloomington': no usable link (live)
[814/3152] 'M211 - Indiana University Bloomington': no usable link (live)
[815/3152] 'M212 - Indiana University Bloomington' (live): SAVED top 2 -> https://academics.iu.edu/courses/bloomington/math-m-212-calculus-ii.html + https://math.indiana.edu/undergraduate/courses/index.html
[816/3152] 'M301 - Indiana University Bloomington' (live): SAVED top 2 -> https://utilities.registrar.indiana.edu/course-browser/prl/soc4212/EDUC/EDUC-M301.shtml + https://academics.iu.edu/courses/bloomington/educ-bc-452-bceduc-l452-+e328+343+351-+m301+201.html
[817/3152] 'M343 - Indiana University Bloomington': no usable link (live)
[818/3152] 'MATHM118 - Indiana University Bloomington': no usable link (live)
[819/3152] 'MATHM212 - Indiana University Bloomington': no usable link (live)
[820/3152] 'MATHM311 - Indiana University Bloomington' (live): SAVED top 2 -> https://academics.iu.edu/courses/bloomington/math-m-311-calculus-3.html + https://math.indiana.edu/student-portal/undergraduate/courses/index.html
[821/3152] 'MATHM312 - Indiana University Bloomington' (live): SAVED top 2 -> https://bulletins.iu.edu/iu/gradschool/2024-2025/programs/bloomington/mathematics/courses.shtml + https://math.indiana.edu/student-portal/undergraduate/courses/index.html
[822/3152] 'MB110 - Indiana University Bloomington': no usable link (live)
[823/3152] 'MUSZ281 - Indiana University Bloomington' (live): SAVED top 2 -> https://academics.iu.edu/courses/bloomington/mus-z-281-east-west-encounters-in-music.html + https://registrar.indiana.edu/information/apps/course-description.html
[824/3152] 'MUZZ211 - Indiana University Bloomington': no usable link (live)
[825/3152] 'P105 - Indiana University Bloomington': no usable link (live)
[826/3152] 'PHYSP202 - Indiana University Bloomington': no usable link (live)
[827/3152] 'SPEAK300 - Indiana University Bloomington' (live): SAVED top 2 -> https://academics.iu.edu/courses/bloomington/psy-k-300-statistical-techniques.html + https://stat.indiana.edu/undergraduates/courses.html
[828/3152] 'SPEAV348 - Indiana University Bloomington': no usable link (live)
[829/3152] 'SPEAV370 - Indiana University Bloomington': no usable link (live)
[830/3152] 'SPHQ381 - Indiana University Bloomington': no usable link (live)
[831/3152] 'Z320 - Indiana University Bloomington' (live): SAVED top 2 -> https://academics.iu.edu/courses/bloomington/mus-z-320-advanced-special-topics-in-music.html + https://registrar.indiana.edu/information/apps/course-description.html
[832/3152] 'ECE32100 - Indiana University-Purdue University Indianapolis' (live): SAVED top 2 -> https://bulletins.iu.edu/iupui/2019-2020/schools/purdue-enginer-tech/undergraduate/degrees/elec-comp-engr/index.shtml + https://sisjee.iu.edu/sisigps-prd/web/igps/course/search/
[833/3152] 'ECE408 - Indiana University-Purdue University Indianapolis': no usable link (live)
[834/3152] 'ECE59500 - Indiana University-Purdue University Indianapolis' (live): SAVED top 2 -> https://sites.pfw.edu/ece/syllabi/ECE59500.pdf + https://sites.pfw.edu/ece/syllabi/ECE59500.docx
[835/3152] 'FA21 - Indiana University-Purdue University Indianapolis' (live): SAVED top 2 -> https://registrar.indiana.edu/calendars/schedule-of-classes.html + https://bulletins.iu.edu/iuin/2025-2026/index.shtml
[836/3152] 'M11000 - Indiana University-Purdue University Indianapolis' (live): SAVED top 2 -> https://bulletins.iu.edu/iuin/2025-2026/index.shtml + https://math.indiana.edu/undergraduate/courses/index.html
[837/3152] 'M23100 - Indiana University-Purdue University Indianapolis': no usable link (live)
[838/3152] 'MA11000 - Indiana University-Purdue University Indianapolis': no usable link (live)
[839/3152] 'MA171 - Indiana University-Purdue University Indianapolis' (live): SAVED top 2 -> https://indianapolis.iu.edu/academics/classes-registration/schedule-classes/ + https://sswis.mypurdue.purdue.edu/CourseInsights/
[840/3152] 'MATH11000 - Indiana University-Purdue University Indianapolis' (live): SAVED top 2 -> https://science.indianapolis.iu.edu/math/doc/student-documents/11000/course-policy-math-11000.docx + https://science.indianapolis.iu.edu/math/doc/student-documents/11100/math11100-course-topics.pdf
[841/3152] 'MATH11O - Indiana University-Purdue University Indianapolis': no usable link (live)
[842/3152] 'MATH15400 - Indiana University-Purdue University Indianapolis' (live): SAVED top 2 -> https://www.math.purdue.edu/academic/courses/semester/202520/ma15400/index.html + https://science.indianapolis.iu.edu/math/index.html
[843/3152] 'MATH15900 - Indiana University-Purdue University Indianapolis': no usable link (live)
[844/3152] 'MATH16500 - Indiana University-Purdue University Indianapolis': no usable link (live)
[845/3152] 'MATH16600 - Indiana University-Purdue University Indianapolis' (live): SAVED top 2 -> https://users.pfw.edu/lamaster/ma166/MA16600-01-Syllabus-Fall2024.pdf + https://science.indianapolis.iu.edu/math/index.html
[846/3152] 'MATH17100 - Indiana University-Purdue University Indianapolis' (live): SAVED top 2 -> https://science.indianapolis.iu.edu/math/index.html + https://bulletins.iu.edu/iupui/
[847/3152] 'MATH23100 - Indiana University-Purdue University Indianapolis': no usable link (live)
[848/3152] 'MATH23200 - Indiana University-Purdue University Indianapolis': no usable link (live)
[849/3152] 'MATH26100 - Indiana University-Purdue University Indianapolis': no usable link (live)
[850/3152] 'MATH26600 - Indiana University-Purdue University Indianapolis' (live): SAVED top 2 -> https://indianapolis.iu.edu/academics/classes-registration/schedule-classes/ + https://sswis.mypurdue.purdue.edu/CourseInsights/courseDocument/downloadFile/58106
[851/3152] 'MATHM1100 - Indiana University-Purdue University Indianapolis' (live): SAVED top 2 -> https://science.indianapolis.iu.edu/math/doc/student-documents/11100/math11100-course-topics.pdf + https://bulletin.college.indiana.edu/curriculum/course-descriptions.html?course-filter-unit=MATH
[852/3152] 'PHYS17200 - Indiana University-Purdue University Indianapolis' (live): SAVED top 2 -> https://sswis.mypurdue.purdue.edu/CourseInsights/courseDocument/downloadFile/59958 + https://bulletin.iu.edu/iuin/index.html
[853/3152] 'PHYSP201 - Indiana University-Purdue University Indianapolis': no usable link (live)
[854/3152] 'CPRE185 - Iowa State University': no usable link (live)
[855/3152] 'CPRE531 - Iowa State University': no usable link (live)
[856/3152] 'DS201 - Iowa State University': no usable link (live)
[857/3152] 'EE224 - Iowa State University': no usable link (live)
[858/3152] 'EE230 - Iowa State University' (live): SAVED top 2 -> https://class.ece.iastate.edu/ee230/ + https://github.com/kalpitborkar/EE230-Analog-Lab
[859/3152] 'EE285 - Iowa State University': no usable link (live)
[860/3152] 'EE424 - Iowa State University': no usable link (live)
[861/3152] 'ENGR160 - Iowa State University': no usable link (live)
[862/3152] 'MAT166 - Iowa State University': no usable link (live)
[863/3152] 'MATH267 - Iowa State University' (live): SAVED top 2 -> https://math.iastate.edu/academics/course-pages/math-266-267-elementary-differential-equations-elementary-differential-equations-and-laplace-transforms/ + https://math.iastate.edu/academics/course-pages/
[864/3152] 'MATH481 - Iowa State University' (live): SAVED top 2 -> https://users.math.msu.edu/users/hensh/courses/481/fall25/handouts/index.html + https://github.com/codeandkey/math481-iastate-sp2020
[865/3152] 'PHYS131X - Iowa State University': no usable link (live)
[866/3152] 'STAT104 - Iowa State University' (live): SAVED top 1 -> https://www.stat.iastate.edu/courses
[867/3152] 'STAT226 - Iowa State University': no usable link (live)
[868/3152] 'STAT231 - Iowa State University': no usable link (live)
[869/3152] 'STAT326 - Iowa State University' (live): SAVED top 2 -> https://github.com/bpre001/STAT326_786/blob/main/STAT326_786%20Lecture%20Slides.pdf + https://highamm.github.io/stat326_labs/
[870/3152] 'STAT342 - Iowa State University': no usable link (live)
[871/3152] 'STAT447 - Iowa State University': no usable link (live)
[872/3152] 'STAT484 - Iowa State University': no usable link (live)
[873/3152] 'MATH11100 - Ithaca College' (live): SAVED top 2 -> https://www.ithaca.edu/faculty/mmartinez/courses + https://github.com/annontopicmodel/unsupervised_topic_modeling/blob/master/topics/en/17/100/100/topics
[874/3152] 'MATH14400 - Ithaca College': no usable link (live)
[875/3152] 'MATH155 - Ithaca College': no usable link (live)
[876/3152] 'PHYS118 - Ithaca College' (live): SAVED top 2 -> https://apps.ithaca.edu/ + https://www.andrews.edu/~rwright/physics/powerpoints/physhows.php
[877/3152] 'ISCI101 - James Madison University': no usable link (live)
[878/3152] 'PHYS140L - James Madison University': no usable link (live)
[879/3152] 'PHYS240L - James Madison University': no usable link (live)
[880/3152] 'STAT220 - James Madison University': no usable link (live)
[881/3152] 'STATS220 - James Madison University': no usable link (live)
[882/3152] 'CRJ716 - John Jay College of Criminal Justice': no usable link (live)
[883/3152] 'MAT104 - John Jay College of Criminal Justice': no usable link (live)
[884/3152] 'MAT105 - John Jay College of Criminal Justice': no usable link (live)
[885/3152] 'MAT141 - John Jay College of Criminal Justice': no usable link (live)
[886/3152] 'MAT204 - John Jay College of Criminal Justice': no usable link (live)
[887/3152] 'MAT375 - John Jay College of Criminal Justice' (live): SAVED top 2 -> https://www.jjay.cuny.edu/academics/college-bulletins + https://www.jjay.cuny.edu/
[888/3152] 'PHY102 - John Jay College of Criminal Justice' (live): SAVED top 2 -> https://butler-julie.github.io/COURSES/PHY102/slides_lecture_notes.html + https://www.jjay.cuny.edu/
[889/3152] 'PHY203 - John Jay College of Criminal Justice' (live): SAVED top 2 -> https://www.jjay.cuny.edu/academics/college-bulletins + https://explorer.cuny.edu/course-transfer/071577/1
[890/3152] 'PHY204 - John Jay College of Criminal Justice' (live): SAVED top 2 -> https://www.jjay.cuny.edu/ + https://www.jjay.cuny.edu/academics/college-bulletins
[891/3152] 'STA250 - John Jay College of Criminal Justice': no usable link (live)
[892/3152] 'STAT250 - John Jay College of Criminal Justice': no usable link (live)
[893/3152] 'MA252 - Johns Hopkins University' (live): SAVED top 2 -> https://github.com/saylordotorg/course_ma252 + https://github.com/saylordotorg/course_ma252/blob/master/Intro.md
[894/3152] 'MATH302 - Johns Hopkins University': no usable link (live)
[895/3152] 'PHYS202 - Johns Hopkins University': no usable link (live)
[896/3152] 'MATH510 - Kansas State University': no usable link (live)
[897/3152] 'STAT510 - Kansas State University' (live): SAVED top 2 -> https://online.stat.psu.edu/stat510/Lesson01 + https://online.stat.psu.edu/stat510/
[898/3152] 'STAT705 - Kansas State University' (live): SAVED top 2 -> https://jlacasa.github.io/stat705_fall2024/ + https://github.com/jlacasa/stat705_fall2024
[899/3152] 'DATA1501 - Kennesaw State University' (live): SAVED top 2 -> https://campus.kennesaw.edu/colleges-departments/radow/degrees-programs/undergraduate/bs-psychology/docs/data1501-flyer.pdf + https://campus.kennesaw.edu/current-students/d2l/index.php
[900/3152] 'ECE2250 - Kennesaw State University' (live): SAVED top 1 -> https://campus.kennesaw.edu/current-students/d2l/index.php
[901/3152] 'ECE3305 - Kennesaw State University' (live): SAVED top 1 -> https://campus.kennesaw.edu/current-students/d2l/index.php
[902/3152] 'ECE3320 - Kennesaw State University' (live): SAVED top 2 -> https://campus.kennesaw.edu/current-students/d2l/index.php + https://github.com/CSE3320-Fall-2024/Lecture-Slides
[903/3152] 'ECE3350 - Kennesaw State University' (live): SAVED top 2 -> https://github.com/abpwrs/ece-3350-sp19 + https://campus.kennesaw.edu/current-students/d2l/index.php
[904/3152] 'EE1000 - Kennesaw State University': no usable link (live)
[905/3152] 'EE1001 - Kennesaw State University' (live): SAVED top 2 -> https://campus.kennesaw.edu/current-students/d2l/index.php + https://campus.kennesaw.edu/faculty-staff/academic-affairs/syllabus-information/index.php
[906/3152] 'EE2501 - Kennesaw State University' (live): SAVED top 1 -> https://campus.kennesaw.edu/current-students/d2l/index.php
[907/3152] 'EE4701 - Kennesaw State University': no usable link (live)
[908/3152] 'MA2203 - Kennesaw State University' (live): SAVED top 2 -> https://facultyweb.kennesaw.edu/ykang4/math2203.php + https://campus.kennesaw.edu/current-students/d2l/index.php
[909/3152] 'MATH1106 - Kennesaw State University' (live): SAVED top 2 -> https://campus.kennesaw.edu/current-students/d2l/index.php + https://campus.kennesaw.edu/faculty-staff/academic-affairs/syllabus-information/index.php
[910/3152] 'MATH1179 - Kennesaw State University': no usable link (live)
[911/3152] 'MATH2203 - Kennesaw State University': no usable link (live)
[912/3152] 'MATH2253 - Kennesaw State University': no usable link (live)
[913/3152] 'MATH2254 - Kennesaw State University': no usable link (live)
[914/3152] 'MATH2306 - Kennesaw State University' (live): SAVED top 2 -> https://facultyweb.kennesaw.edu/lritter/Math2306_Ritter_Text.pdf + https://webwork.kennesaw.edu/webwork2/
[915/3152] 'MATH2332 - Kennesaw State University': no usable link (live)
[916/3152] 'MATH2345 - Kennesaw State University': no usable link (live)
[917/3152] 'MATH3312 - Kennesaw State University': no usable link (live)
[918/3152] 'PHYS1112L - Kennesaw State University': no usable link (live)
[919/3152] 'PHYS2211L - Kennesaw State University': no usable link (live)
[920/3152] 'STAT1107 - Kennesaw State University': no usable link (live)
[921/3152] 'STAT1401 - Kennesaw State University': no usable link (live)
[922/3152] 'STAT3120 - Kennesaw State University': no usable link (live)
[923/3152] 'STAT3125 - Kennesaw State University': no usable link (live)
[924/3152] 'STAT3130 - Kennesaw State University': no usable link (live)
[925/3152] 'STAT8320 - Kennesaw State University': no usable link (live)
[926/3152] 'MATH11009 - Kent State University': no usable link (live)
[927/3152] 'MATH11010 - Kent State University' (live): SAVED top 1 -> https://www-s3-live.kent.edu/s3fs-root/s3fs-public/file/11010.pdf
[928/3152] 'SCMP118 - Kenyon College': no usable link (live)
[929/3152] 'SCMP218 - Kenyon College' (live): SAVED top 2 -> https://www2.kenyon.edu/Depts/Math/Aydin/Teach/Fall21/218/index.html + https://www2.kenyon.edu/Depts/Math/Aydin/Teach/Fall17/218/index.html
[930/3152] 'STAT106 - Kenyon College' (live): SAVED top 2 -> https://www2.kenyon.edu/Depts/Math/hartlaub/Stat106%20Spring%202022/Stat106-S2022.html + https://www2.kenyon.edu/Depts/Math/hartlaub/Stat106%20Spring%202023/Stat106-S2023.html
[931/3152] 'GSCI2310 - Lakehead University': no usable link (live)
[932/3152] 'MATH0140 - Lakehead University': no usable link (live)
[933/3152] 'MAT0150 - Laval University': no usable link (live)
[934/3152] 'MAT1110 - Laval University': no usable link (live)
[935/3152] 'MAT1900 - Laval University': no usable link (live)
[936/3152] 'MAT1910 - Laval University': no usable link (live)
[937/3152] 'MAT1919 - Laval University': no usable link (live)
[938/3152] 'CYS337 - Le Moyne College' (live): SAVED top 2 -> https://www.lemoyne.edu/academics/classes-calendars-catalogs/ + https://github.com/varlequin2023/CYS337
[939/3152] 'MIS201 - Le Moyne College': no usable link (live)
[940/3152] 'MTH110 - Le Moyne College' (live): SAVED top 2 -> https://web.lemoyne.edu/courseinformation/MTH%20110/ + https://web2.lemoyne.edu/courseinformation/MTH%20110/
[941/3152] 'MTH112 - Le Moyne College' (live): SAVED top 2 -> https://spot.pcc.edu/~phaberma/MTH_112/Lecture_Notes/MTH112_Lecture_Notes_with_Class_Notes_Videos.html + https://www.lemoyne.edu/academics/classes-calendars-catalogs/
[942/3152] 'MTH115 - Le Moyne College': no usable link (live)
[943/3152] 'MTH120 - Le Moyne College' (live): SAVED top 2 -> https://web.lemoyne.edu/millermj/mth120/Handout_01-CourseInfo.pdf + https://www.lemoyne.edu/academics/classes-calendars-catalogs/
[944/3152] 'MTH145 - Le Moyne College' (live): SAVED top 1 -> https://www.lemoyne.edu/academics/classes-calendars-catalogs/
[945/3152] 'MTH146 - Le Moyne College': no usable link (live)
[946/3152] 'MTH245 - Le Moyne College': no usable link (live)
[947/3152] 'MTH261 - Le Moyne College': no usable link (live)
[948/3152] 'STA201 - Le Moyne College' (live): SAVED top 2 -> https://github.com/FranTheMotuBoi/STA201/blob/main/Course%20Outline%20STA201_Fall2022.pdf + https://www.lemoyne.edu/academics/classes-calendars-catalogs/
[949/3152] 'STA202 - Le Moyne College': no usable link (live)
[950/3152] 'STATS112 - Le Moyne College' (live): SAVED top 2 -> https://dlsun.github.io/stats112/slides/intro.pdf + https://www.lemoyne.edu/academics/classes-calendars-catalogs/
[951/3152] 'BIOS115 - Lehigh University': no usable link (live)
[952/3152] 'ECE081 - Lehigh University': no usable link (live)
[953/3152] 'ECE123 - Lehigh University': no usable link (live)
[954/3152] 'MAT033 - Lehigh University': no usable link (live)
[955/3152] 'MAT33 - Lehigh University' (live): SAVED top 1 -> https://its.lehigh.edu/technology/course-site
[956/3152] 'MATH023 - Lehigh University' (live): SAVED top 2 -> https://www.lehigh.edu/~mas906/lumath23syll.html + https://www.lehigh.edu/~bad0/courses/M23SyllabusF15.pdf
[957/3152] 'MATH081 - Lehigh University' (live): SAVED top 1 -> https://www.lehigh.edu/~gi02/math81info.html
[958/3152] 'PHY010 - Lehigh University': no usable link (live)
[959/3152] 'PHY013 - Lehigh University' (live): SAVED top 2 -> https://www.lehigh.edu/~physics/docserver/Physics_Syllabi/PHY013%20-%20Spring%202024%20-%20General%20Physics%202%20-%20Syllabus%20-%20Cereghetti.pdf + https://www.lehigh.edu/~physics/docserver/Physics_Syllabi/PHY013%20-%20Spring%202023%20-%20General%20Physics%202%20-%20Syllabus%20-%20Cereghetti.pdf
[960/3152] 'PHY021 - Lehigh University': no usable link (live)
[961/3152] 'PHY022 - Lehigh University' (live): SAVED top 1 -> http://nsmn1.uh.edu/ebering/1322/1322lecv.html
[962/3152] 'PHY21 - Lehigh University' (live): SAVED top 2 -> https://www.lehigh.edu/~inphy21/ + https://www.lehigh.edu/~physics/docserver/Physics_Syllabi/PHY021%20-%20Fall%202024%20-%20Introductory%20Physics%202%20-%20Class%20plan%20-%20Biaggio.pdf
[963/3152] 'CMP232 - Lehman College': no usable link (live)
[964/3152] 'MAT132 - Lehman College': no usable link (live)
[965/3152] 'MAT155 - Lehman College' (live): SAVED top 2 -> https://lcw.lehman.edu/faculty/rbettiol/lehman_teaching/2024mat155/MAT155-intro.pdf + http://comet.lehman.cuny.edu/behrstock/mat155/
[966/3152] 'MAT172 - Lehman College' (live): SAVED top 2 -> https://www.lehman.edu/media/School-of-Natural-and-Social-Sciences/Mathematics/documents/172-UniformSyllabus-Fa22_000.pdf + https://www.lehman.edu/academics/natural-social-sciences/mathematics/Pre-calculus/
[967/3152] 'MAT174 - Lehman College' (live): SAVED top 2 -> https://lcw.lehman.edu/media/School-of-Natural-and-Social-Sciences/Mathematics/documents/174-Syllabus-2013.pdf + https://www.lehman.edu/academics/natural-social-sciences/mathematics/Mathematics-and-Statistics-Student-Success-Center/
[968/3152] 'MAT175 - Lehman College' (live): SAVED top 2 -> https://lehman.edu/media/Lehman-College-Website/Mathematics/Documents/MAT175-UniformSyllabus-Fa22_000.pdf + https://lcw.lehman.edu/media/Lehman-College-Website/resources/documents/online-education/Wynne---Syllabus---AASCUELE---post-initative.pdf
[969/3152] 'MAT176 - Lehman College' (live): SAVED top 2 -> https://lcw.lehman.edu/media/School-of-Natural-and-Social-Sciences/Mathematics/documents/MAT176-UniformSyllabus-Fa22_000.pdf + https://www.lehman.edu/faculty/rbettiol/lehman_teaching/2019mat176/MAT176-intro.pdf
[970/3152] 'MAT226 - Lehman College' (live): SAVED top 2 -> https://lcw.lehman.edu/media/School-of-Natural-and-Social-Sciences/Mathematics/documents/MAT226-UniformSyllabus-Fa22_000.pdf + https://www.lehman.edu/faculty/rbettiol/lehman_teaching/2020mat226/MAT226-intro.pdf
[971/3152] 'MAT237 - Lehman College' (live): SAVED top 1 -> https://github.com/yuchenWYC/MAT237
[972/3152] 'MAT313 - Lehman College': no usable link (live)
[973/3152] 'MAT314 - Lehman College': no usable link (live)
[974/3152] 'MAT320 - Lehman College': no usable link (live)
[975/3152] 'MAT330 - Lehman College' (live): SAVED top 2 -> https://www.lehman.edu/faculty/rbettiol/lehman_teaching/2021mat330/MAT330-intro.pdf + https://www.lehman.edu/faculty/rbettiol/lehman_teaching/2020mat330/MAT330-intro.pdf
[976/3152] 'MAT364 - Lehman College' (live): SAVED top 1 -> https://www.lehman.edu/academics/natural-social-sciences/mathematics/Courses/
[977/3152] 'MATH132 - Lehman College' (live): SAVED top 2 -> https://www.lehman.edu/media/School-of-Natural-and-Social-Sciences/Mathematics/documents/MAT-132_Syllabus_Fall-2023.pdf + https://www.lehman.edu/academics/natural-social-sciences/mathematics/Mathematics-and-Statistics-Student-Success-Center/
[978/3152] 'PHY166 - Lehman College': no usable link (live)
[979/3152] 'PHY166LAB - Lehman College' (live): SAVED top 2 -> https://www.lehman.cuny.edu/faculty/dgaranin/Introductory_Physics/PHY166-lab_manual.pdf + https://www.lehman.edu/faculty/kabat/manuals.html
[980/3152] 'MATH201H - Liberty University': no usable link (live)
[981/3152] 'EE3160 - Louisiana State University': no usable link (live)
[982/3152] 'IE3302 - Louisiana State University': no usable link (live)
[983/3152] 'ISDS2001 - Louisiana State University': no usable link (live)
[984/3152] 'MATH1022 - Louisiana State University' (live): SAVED top 2 -> https://www.math.lsu.edu/precalcprogram/1022 + https://www.math.lsu.edu/precalcprogram
[985/3152] 'MATH1023 - Louisiana State University' (live): SAVED top 2 -> https://www.math.lsu.edu/courses/1023/topics + https://www.math.lsu.edu/courses/
[986/3152] 'MATH1029 - Louisiana State University': no usable link (live)
[987/3152] 'MATH1431 - Louisiana State University': no usable link (live)
[988/3152] 'MATH2020 - Louisiana State University': no usable link (live)
[989/3152] 'MATH2057 - Louisiana State University': no usable link (live)
[990/3152] 'MATH2090 - Louisiana State University': no usable link (live)
[991/3152] 'PHY2110 - Louisiana State University': no usable link (live)
[992/3152] 'PHYS2001 - Louisiana State University': no usable link (live)
[993/3152] 'PHYS2002 - Louisiana State University': no usable link (live)
[994/3152] 'PHYS2110 - Louisiana State University' (live): SAVED top 2 -> https://www.phys.lsu.edu/faculty/rupnik/class/ + https://lsu.edu/physics/resources/course-offerings.php
[995/3152] 'PHYS2113 - Louisiana State University' (live): SAVED top 2 -> https://www.phys.lsu.edu/classes/fall2014/phys2113sec3/ + https://lsu.edu/physics/resources/course-offerings.php
[996/3152] 'PHYS2153 - Louisiana State University': no usable link (live)
[997/3152] 'PHY253 - Loyola Marymount University' (live): SAVED top 2 -> https://academics.lmu.edu/cfd/resources/syllabiassignmentscollection/ + https://academics.lmu.edu/onlinelearning/
[998/3152] 'PHYS2500 - Loyola Marymount University' (live): SAVED top 2 -> https://academics.lmu.edu/cfd/resources/syllabiassignmentscollection/ + https://its.lmu.edu/brightspace/brightspaceforstudents/
[999/3152] 'PHYS254 - Loyola Marymount University': no usable link (live)
[1000/3152] 'PHYS2550 - Loyola Marymount University' (live): SAVED top 2 -> https://academics.lmu.edu/cfd/resources/syllabiassignmentscollection/ + https://academics.lmu.edu/onlinelearning/
[1001/3152] 'ENVS203 - Loyola University Chicago': no usable link (live)
[1002/3152] 'PHYS111K - Loyola University Chicago' (live): SAVED top 2 -> https://www.luc.edu/regrec/students/archivedcoursecatalogs/ + https://github.com/dmitriydligach/PyMLSlides
[1003/3152] 'STAT336 - Loyola University Chicago' (live): SAVED top 1 -> https://www.luc.edu/regrec/students/archivedcoursecatalogs/
[1004/3152] 'STAT488 - Loyola University Chicago': no usable link (live)
[1005/3152] 'MATH279 - Macalester College': no usable link (live)
[1006/3152] 'MATH3B - Macalester College' (live): SAVED top 2 -> https://www.macalester.edu/registrar/schedules/ + https://www.macalester.edu/mscs/courses/
[1007/3152] 'PHYS130 - Macalester College' (live): SAVED top 2 -> https://www.macalester.edu/physics-astronomy/schedules/ + https://www.macalester.edu/physics-astronomy/courses/
[1008/3152] 'PHYS194 - Macalester College': no usable link (live)
[1009/3152] 'STAT155 - Macalester College' (live): SAVED top 2 -> https://libguides.macalester.edu/stat155 + https://libguides.macalester.edu/stat155/resources
[1010/3152] 'EECE201 - Manhattan College' (live): SAVED top 1 -> http://www.spec.gmu.edu/~pparis/classes/notes_201/
[1011/3152] 'EECE229 - Manhattan College': no usable link (live)
[1012/3152] 'EECE305 - Manhattan College': no usable link (live)
[1013/3152] 'EECE321 - Manhattan College': no usable link (live)
[1014/3152] 'MATH153 - Manhattan College': no usable link (live)
[1015/3152] 'MATH185 - Manhattan College' (live): SAVED top 2 -> https://smartspot2.github.io/assets/pdf/MATH185_Lecture_Notes.pdf + https://math.sci.ccny.cuny.edu/course/math-18500/
[1016/3152] 'MATH186 - Manhattan College': no usable link (live)
[1017/3152] 'MATH187 - Manhattan College' (live): SAVED top 2 -> https://sagrawalx.github.io/teaching/sp24_math187a/index + https://directory.scottsdalecc.edu/sites/default/files/syllabi/4254/4254-mat187-10666-jenmq31661_3.pdf
[1018/3152] 'MATH285 - Manhattan College' (live): SAVED top 2 -> https://www.mtsac.edu/math/courses/math285outline.docx + https://github.com/junl666/MATH285-Lab-ZJUI-SP23
[1019/3152] 'MATH286 - Manhattan College' (live): SAVED top 2 -> https://web.stanford.edu/~ochodosh/Math286-min-surf.pdf + https://github.com/jiadong5/MATH286_SP22_ZJUI
[1020/3152] 'PHYS191 - Manhattan College' (live): SAVED top 2 -> https://ssb03.manhattan.edu/PROD/bwckctlg.p_disp_course_detail?cat_term_in=202220&amp;subj_code_in=PHYS&amp;crse_numb_in=101 + https://lms.manhattan.edu/course/index.php?categoryid=315&amp;browse=courses&amp;perpage=15&amp;page=10
[1021/3152] 'PHYS192 - Manhattan College': no usable link (live)
[1022/3152] 'PHYS678 - Manhattan College' (live): SAVED top 2 -> https://mcs.manhattan.edu/ + https://mcs.manhattan.edu/course/
[1023/3152] 'SCI221 - Manhattan College' (live): SAVED top 2 -> https://lms.manhattan.edu/course/info.php?id=41846 + https://ocw.mit.edu/
[1024/3152] 'DATA220 - Marist College': no usable link (live)
[1025/3152] 'FYS101L - Marist College' (live): SAVED top 1 -> https://www.marist.edu/academics/core/first-year-seminar
[1026/3152] 'MAT115 - Marist College' (live): SAVED top 1 -> https://www.marist.edu/documents/d/guest/thambirajah-welcome
[1027/3152] 'MATH115L - Marist College' (live): SAVED top 2 -> https://www.marist.edu/documents/d/guest/math-115-welcome-letter + https://www.marist.edu/documents/d/guest/thambirajah-welcome
[1028/3152] 'MATH130L - Marist College' (live): SAVED top 2 -> https://www.marist.edu/documents/d/guest/23smath130l741hawke + https://www.marist.edu/documents/d/guest/joy-sebesta-math130-onlne-introductory-letter-winter-2024
[1029/3152] 'MATH205L - Marist College' (live): SAVED top 2 -> https://archives.marist.edu/publications/undergraduatecoursecatalogs + https://web.stanford.edu/class/cs205l/
[1030/3152] 'MATH241L - Marist College' (live): SAVED top 1 -> https://www.marist.edu/computer-science-math/mathematics/math-lab
[1031/3152] 'MATH242L - Marist College': no usable link (live)
[1032/3152] 'PHYS201L - Marist College' (live): SAVED top 2 -> https://tmurphy.physics.ucsd.edu/phys8/lectures/lectures.html + https://archives.marist.edu/publications/undergraduatecoursecatalogs
[1033/3152] 'STATS130 - Marist College' (live): SAVED top 2 -> https://www.marist.edu/documents/d/guest/23smath130l741hawke + https://www.marist.edu/documents/d/guest/joy-sebesta-math130-onlne-introductory-letter-winter-2024
[1034/3152] 'COSC3570 - Marquette University': no usable link (live)
[1035/3152] 'EECE6010 - Marquette University' (live): SAVED top 2 -> https://www.marquette.edu/electrical-computer-engineering/electronic-devices-microsystems.php + https://www.marquette.edu/electrical-computer-engineering/power-energy.php
[1036/3152] 'MATH1390 - Marquette University' (live): SAVED top 2 -> https://bulletin.marquette.edu/class-search/ + https://www.marquette.edu/mathematical-and-statistical-sciences/student-resources.php
[1037/3152] 'MATH1450 - Marquette University': no usable link (live)
[1038/3152] 'MATH1455 - Marquette University': no usable link (live)
[1039/3152] 'MATH2451 - Marquette University' (live): SAVED top 2 -> https://www.marquette.edu/mathematical-and-statistical-sciences/student-resources.php + https://bulletin.marquette.edu/course-descriptions/math/
[1040/3152] 'MATH2455 - Marquette University': no usable link (live)
[1041/3152] 'MATH4780 - Marquette University': no usable link (live)
[1042/3152] 'PHY1001 - Marquette University' (live): SAVED top 2 -> https://bulletin.marquette.edu/course-descriptions/phys/ + https://bulletin.marquette.edu/course-descriptions/phys/phys.pdf
[1043/3152] 'PHYS1002 - Marquette University' (live): SAVED top 2 -> https://bulletin.marquette.edu/course-descriptions/phys/ + https://www.marquette.edu/physics/videos.php
[1044/3152] 'PHYS1004 - Marquette University': no usable link (live)
[1045/3152] 'CALC1801 - Massachusetts Institute of Technology': no usable link (live)
[1046/3152] 'MATH1801 - Massachusetts Institute of Technology': no usable link (live)
[1047/3152] 'MATH1802 - Massachusetts Institute of Technology' (live): SAVED top 2 -> https://ocw.mit.edu/search/ + https://ocw.mit.edu/
[1048/3152] 'MATH1803 - Massachusetts Institute of Technology' (live): SAVED top 2 -> https://mitocw.ups.edu.ec/courses/mathematics/18-03-differential-equations-spring-2010/readings/notes_exe/ + https://mitocw.ups.edu.ec/courses/mathematics/18-03sc-differential-equations-fall-2011/
[1049/3152] 'MIT18 - Massachusetts Institute of Technology' (live): SAVED top 2 -> https://mitocw.ups.edu.ec/courses/mathematics/18-650-statistics-for-applications-fall-2016/lecture-slides/ + https://ocw.mit.edu/
[1050/3152] 'MIT1802 - Massachusetts Institute of Technology': no usable link (live)
[1051/3152] 'OCW1801 - Massachusetts Institute of Technology': no usable link (live)
[1052/3152] 'PHYS801 - Massachusetts Institute of Technology': no usable link (live)
[1053/3152] 'PHYS8033 - Massachusetts Institute of Technology': no usable link (live)
[1054/3152] 'PHYSY804 - Massachusetts Institute of Technology': no usable link (live)
[1055/3152] 'QFTII01 - Massachusetts Institute of Technology' (live): SAVED top 2 -> https://ocw.mit.edu/search/ + https://ocw.mit.edu/
[1056/3152] 'COMP350 - McGill University' (live): SAVED top 2 -> http://cs.mcgill.edu/media/academic/courses/21_COMP_350_1MeLCjj.pdf + http://cs.mcgill.edu/media/academic/courses/21_COMP_350.pdf
[1057/3152] 'MAH240 - McGill University' (live): SAVED top 2 -> https://www.mcgill.ca/study/2024-2025/courses/math-240 + https://www.math.mcgill.ca/labute/courses/240f05/240cd.html
[1058/3152] 'MATH133 - McGill University': no usable link (live)
[1059/3152] 'MATH139 - McGill University': no usable link (live)
[1060/3152] 'MATH204 - McGill University' (live): SAVED top 2 -> https://www.mcgill.ca/study/2024-2025/courses/math-204 + https://coursecatalogue.mcgill.ca/courses/math-204/
[1061/3152] 'MATH240 - McGill University' (live): SAVED top 2 -> https://www.mcgill.ca/study/2024-2025/courses/math-240 + https://github.com/Alison-Li/MATH240/blob/master/Lecture%201.pdf
[1062/3152] 'MATH247 - McGill University' (live): SAVED top 2 -> https://zhongweizhao.github.io/course-notes/MATH247/MATH%20247.pdf + https://coursecatalogue.mcgill.ca/courses/math-247/
[1063/3152] 'MATH248 - McGill University': no usable link (live)
[1064/3152] 'MATH255 - McGill University': no usable link (live)
[1065/3152] 'MATH262 - McGill University': no usable link (live)
[1066/3152] 'MATH263 - McGill University' (live): SAVED top 2 -> https://www.mcgill.ca/study/2024-2025/courses/math-263 + https://coursecatalogue.mcgill.ca/courses/math-263/
[1067/3152] 'MATH264 - McGill University' (live): SAVED top 2 -> https://www.mcgill.ca/study/2024-2025/courses/math-264 + https://coursecatalogue.mcgill.ca/courses/math-264/
[1068/3152] 'MATH317 - McGill University' (live): SAVED top 2 -> https://www.mcgill.ca/study/2024-2025/courses/math-317 + https://coursecatalogue.mcgill.ca/courses/math-317/
[1069/3152] 'MATH318 - McGill University' (live): SAVED top 2 -> https://www.mcgill.ca/study/2024-2025/courses/math-318 + https://coursecatalogue.mcgill.ca/courses/math-318/
[1070/3152] 'MATH325 - McGill University' (live): SAVED top 2 -> https://www.math.mcgill.ca/humphries/teach/math325/ + https://coursecatalogue.mcgill.ca/courses/math-325/
[1071/3152] 'MATH338 - McGill University' (live): SAVED top 2 -> https://an-li.github.io/McGill-Minisite/f19/math338.html + https://coursecatalogue.mcgill.ca/courses/math-338/index.html
[1072/3152] 'MATH423 - McGill University' (live): SAVED top 2 -> https://coursecatalogue.mcgill.ca/courses/math-423/ + https://github.com/gohsu/mcgill-notes/blob/master/math-423-applied-regression.pdf
[1073/3152] 'MATH462 - McGill University': no usable link (live)
[1074/3152] 'MATH545 - McGill University' (live): SAVED top 2 -> https://www.math.mcgill.ca/dstephens/545/Handouts/Math545-2025-00-Syllabus.pdf + https://www.math.mcgill.ca/dstephens/545/Slides/MATH545-2025-Lectures-Part1.pdf
[1075/3152] 'MATH558 - McGill University' (live): SAVED top 2 -> https://coursecatalogue.mcgill.ca/courses/math-558/index.html + https://coursecatalogue.mcgill.ca/courses/math-558/math-558.pdf
[1076/3152] 'PHYS180 - McGill University': no usable link (live)
[1077/3152] 'PHYS182 - McGill University' (live): SAVED top 2 -> https://classroom-physicists.physics.mcgill.ca/documentation/notes/mcgill-physics-courses/mcgill-courses/phys-182 + https://www.mcgill.ca/study/2024-2025/courses/phys-182
[1078/3152] 'PHYS230 - McGill University': no usable link (live)
[1079/3152] 'PHYS257 - McGill University': no usable link (live)
[1080/3152] 'ECE3EJ4 - McMaster University': no usable link (live)
[1081/3152] 'EE3EJ4 - McMaster University': no usable link (live)
[1082/3152] 'MATH1AA3 - McMaster University': no usable link (live)
[1083/3152] 'MATH1LS3 - McMaster University': no usable link (live)
[1084/3152] 'MATH1MM3 - McMaster University': no usable link (live)
[1085/3152] 'MATH1NN3 - McMaster University': no usable link (live)
[1086/3152] 'MATH1XX3 - McMaster University': no usable link (live)
[1087/3152] 'MATH1ZA3 - McMaster University': no usable link (live)
[1088/3152] 'MATH1ZB3 - McMaster University' (live): SAVED top 1 -> https://annahuynhly.github.io/pages/teaching/math1aa3_1zb3winter2025.html
[1089/3152] 'MATH1ZC3 - McMaster University': no usable link (live)
[1090/3152] 'MATH1ZZ5 - McMaster University': no usable link (live)
[1091/3152] 'MATH2FM3 - McMaster University': no usable link (live)
[1092/3152] 'MATH2XX3 - McMaster University': no usable link (live)
[1093/3152] 'MATH3NA3 - McMaster University': no usable link (live)
[1094/3152] 'PHY1AA3 - McMaster University': no usable link (live)
[1095/3152] 'STAT3D3 - McMaster University': no usable link (live)
[1096/3152] 'STATS1CC3 - McMaster University': no usable link (live)
[1097/3152] 'STATS3PG3 - McMaster University': no usable link (live)
[1098/3152] 'STATS743B - McMaster University': no usable link (live)
[1099/3152] 'STATS756 - McMaster University': no usable link (live)
[1100/3152] 'CIV3440 - Memorial University of Newfoundland' (live): SAVED top 2 -> https://github.com/CaiQiuL/SpellChecker/blob/main/dict + https://gist.github.com/AshwinD24?direction=asc&amp;amp;sort=updated
[1101/3152] 'ECE4300 - Memorial University of Newfoundland': no usable link (live)
[1102/3152] 'ECE4600 - Memorial University of Newfoundland': no usable link (live)
[1103/3152] 'M2000 - Memorial University of Newfoundland' (live): SAVED top 1 -> https://gist.github.com/AshwinD24?direction=asc&amp;amp;sort=updated
[1104/3152] 'MA1000 - Memorial University of Newfoundland' (live): SAVED top 2 -> https://www.acg.edu/dereeacg/files/pdfs/MA1000.pdf + https://github.com/CaiQiuL/SpellChecker/blob/main/dict
[1105/3152] 'MA1090 - Memorial University of Newfoundland': no usable link (live)
[1106/3152] 'MATH2051 - Memorial University of Newfoundland': no usable link (live)
[1107/3152] 'MATH3202 - Memorial University of Newfoundland': no usable link (live)
[1108/3152] 'P3000 - Memorial University of Newfoundland': no usable link (live)
[1109/3152] 'PHYS1054 - Memorial University of Newfoundland' (live): SAVED top 2 -> https://github.com/CaiQiuL/SpellChecker/blob/main/dict + https://gist.github.com/AshwinD24?direction=asc&amp;amp;sort=updated
[1110/3152] 'PHYS2053 - Memorial University of Newfoundland': no usable link (live)
[1111/3152] 'PHYS2055 - Memorial University of Newfoundland': no usable link (live)
[1112/3152] 'STAT2550 - Memorial University of Newfoundland': no usable link (live)
[1113/3152] 'STATS2500 - Memorial University of Newfoundland': no usable link (live)
[1114/3152] 'STATS2550 - Memorial University of Newfoundland': no usable link (live)
[1115/3152] 'MTH135 - Miami University' (live): SAVED top 2 -> https://bulletin.miamioh.edu/courses-instruction/mth/ + https://bulletin.miami.edu/courses-az/mth/
[1116/3152] 'MTH249 - Miami University': no usable link (live)
[1117/3152] 'MTH252 - Miami University' (live): SAVED top 1 -> https://bulletin.miamioh.edu/courses-instruction/mth/
[1118/3152] 'PHY281 - Miami University': no usable link (live)
[1119/3152] 'STA147 - Miami University': no usable link (live)
[1120/3152] 'STA261 - Miami University': no usable link (live)
[1121/3152] 'STA333 - Miami University' (live): SAVED top 2 -> https://github.com/ethangtkt/MU-STA333/ + https://github.com/ethangtkt/MU-STA333/tree/main/Module03
[1122/3152] 'STA363 - Miami University' (live): SAVED top 2 -> https://sta-363-s23.github.io/slides/01-welcome.html + https://github.com/ethangtkt/MU-STA363/blob/main/README.md
[1123/3152] 'CMSE381 - Michigan State University' (live): SAVED top 2 -> https://msu-cmse-courses.github.io/CMSE381-S26/Lectures/01-Ch1-PythonReview/slides.html + https://msu-cmse-courses.github.io/CMSE381-S26/
[1124/3152] 'MAT337 - Michigan State University': no usable link (live)
[1125/3152] 'MTH103A - Michigan State University' (live): SAVED top 2 -> https://users.math.msu.edu/users/gerhar18/Teaching_files/Syllabus103.pdf + https://math.msu.edu/mlc/course.aspx?courseId=17
[1126/3152] 'MTH103B - Michigan State University': no usable link (live)
[1127/3152] 'MTH133 - Michigan State University' (live): SAVED top 2 -> https://users.math.msu.edu/users/mandi/SyllSp14Mth133.pdf + https://reg.msu.edu/Courses/Search.aspx?CourseID=353648
[1128/3152] 'MTH234 - Michigan State University': no usable link (live)
[1129/3152] 'MTH235 - Michigan State University' (live): SAVED top 2 -> https://users.math.msu.edu/users/gnagy/teaching/12-spring/mth235/lslides.html + https://reg.msu.edu/Courses/Request.aspx?SubjectCode=MTH&amp;CourseNumber=235
[1130/3152] 'MTH868 - Michigan State University': no usable link (live)
[1131/3152] 'PHY183 - Michigan State University' (live): SAVED top 2 -> https://reg.msu.edu/Courses/Search.aspx?CourseID=353843 + https://s2.lite.msu.edu/public/msu/6D66281c28d1b68bfmsul1/syllabus
[1132/3152] 'PHY471 - Michigan State University' (live): SAVED top 2 -> https://web.pa.msu.edu/courses/PHY471/ + https://reg.msu.edu/Courses/Search.aspx?CourseID=339621
[1133/3152] 'SST200 - Michigan State University' (live): SAVED top 2 -> https://www.stt.msu.edu/Academics/ClassPages/uploads/SS20/200-7/PRINTABLE%20STT200-Syllabus-Spring2020-HARISH.pdf + https://www.stt.msu.edu/academics/classpages/uploads/FS18/200-4/200.syllabus.pdf
[1134/3152] 'STT200 - Michigan State University' (live): SAVED top 2 -> https://www.stt.msu.edu/Academics/ClassPages/uploads/SS20/200-7/PRINTABLE%20STT200-Syllabus-Spring2020-HARISH.pdf + https://www.stt.msu.edu/academics/classpages/uploads/FS18/200-4/200.syllabus.pdf
[1135/3152] 'STT201 - Michigan State University': no usable link (live)
[1136/3152] 'STT231 - Michigan State University' (live): SAVED top 2 -> https://www.stt.msu.edu/academics/classpages/uploads/FS20/231-1/FS20SyllabusandCourseSchedule%20STT231.pdf + https://www.stt.msu.edu/Academics/ClassPages/uploads/SS19/231-1/CourseIntro.and.syllabus.pdf
[1137/3152] 'STT351 - Michigan State University' (live): SAVED top 2 -> https://www.stt.msu.edu/academics/classpages/uploads/FS18/351-7/STT%20351-007%20Syllabus.pdf + https://reg.msu.edu/Courses/Request.aspx?SubjectCode=STT&amp;CourseNumber=351
[1138/3152] 'STT441 - Michigan State University': no usable link (live)
[1139/3152] 'ECE3724 - Mississippi State University' (live): SAVED top 1 -> https://www.ece.msstate.edu/wp-content/uploads/ECE-3724-2024-Fall-Microprocessors.pdf
[1140/3152] 'ECE8990 - Mississippi State University': no usable link (live)
[1141/3152] 'HO1713 - Mississippi State University': no usable link (live)
[1142/3152] 'MA0103 - Mississippi State University': no usable link (live)
[1143/3152] 'MA1013 - Mississippi State University' (live): SAVED top 2 -> https://www.registrar.msstate.edu/course-catalog + https://www.business.msstate.edu/sites/www.business.msstate.edu/files/inline-files/Bus%20Admin%20Curr%20Guide%20%20Oct%202019.pdf
[1144/3152] 'MA1213 - Mississippi State University' (live): SAVED top 1 -> https://www.registrar.msstate.edu/course-catalog
[1145/3152] 'MA1232 - Mississippi State University': no usable link (live)
[1146/3152] 'MA1313 - Mississippi State University': no usable link (live)
[1147/3152] 'MA1323 - Mississippi State University' (live): SAVED top 1 -> https://www.math.msstate.edu/mdkiosk
[1148/3152] 'MA1413 - Mississippi State University': no usable link (live)
[1149/3152] 'MA1613 - Mississippi State University': no usable link (live)
[1150/3152] 'MA1713 - Mississippi State University': no usable link (live)
[1151/3152] 'MA1723 - Mississippi State University' (live): SAVED top 2 -> https://www.me.msstate.edu/curriculum-by-semester/ + https://www.registrar.msstate.edu/course-catalog
[1152/3152] 'MA2723 - Mississippi State University' (live): SAVED top 2 -> https://www.registrar.msstate.edu/course-catalog + https://www.registrar.msstate.edu/students
[1153/3152] 'MA2733 - Mississippi State University': no usable link (live)
[1154/3152] 'MA2743 - Mississippi State University' (live): SAVED top 2 -> https://skim.math.msstate.edu/Class/ma2743-Cal4-24Spring/ + https://skim.math.msstate.edu/Class/ma2743-Cal4-24Spring/MA2743-Calculus-IV-Syllabus.pdf
[1155/3152] 'MA3113 - Mississippi State University' (live): SAVED top 2 -> https://skim.math.msstate.edu/Class/ma3113-LinAlg-23fall/ + https://skim.math.msstate.edu/Class/ma3113-LinAlg-23fall/MA3113-Linear-Algebra-Syllabus.pdf
[1156/3152] 'MA3253 - Mississippi State University': no usable link (live)
[1157/3152] 'ME1111 - Mississippi State University': no usable link (live)
[1158/3152] 'PH1013 - Mississippi State University': no usable link (live)
[1159/3152] 'PH1113 - Mississippi State University': no usable link (live)
[1160/3152] 'PH1123 - Mississippi State University': no usable link (live)
[1161/3152] 'PH2213 - Mississippi State University' (live): SAVED top 2 -> https://www.newton.ph.msstate.edu/fox/ph2213/ + https://www.physics.msstate.edu/undergraduate/physics-courses
[1162/3152] 'PH2223 - Mississippi State University': no usable link (live)
[1163/3152] 'PHY1113 - Mississippi State University': no usable link (live)
[1164/3152] 'MTH134 - Missouri State University': no usable link (live)
[1165/3152] 'MTH138 - Missouri State University' (live): SAVED top 1 -> https://www.missouristate.edu/Advising/_Files/_GenEdPDFs/2022-2023/CORE42/3Mathematical_Sciences/MATH150_MTH138_12132022.pdf
[1166/3152] 'MTH181 - Missouri State University' (live): SAVED top 2 -> https://math.missouristate.edu/_Files/DC_MTH_181_Core_Objectives_using_Larson_9E.pdf + https://www.missouristate.edu/
[1167/3152] 'MTH287 - Missouri State University': no usable link (live)
[1168/3152] 'M090 - Montana State University' (live): SAVED top 2 -> https://courseshare.mus.edu/ + https://files01.core.ac.uk/download/267563778.pdf
[1169/3152] 'M096 - Montana State University': no usable link (live)
[1170/3152] 'M121Q - Montana State University': no usable link (live)
[1171/3152] 'M171 - Montana State University': no usable link (live)
[1172/3152] 'M171Q - Montana State University': no usable link (live)
[1173/3152] 'M172 - Montana State University' (live): SAVED top 2 -> https://www.math.montana.edu/courses/m172/ + https://www.math.montana.edu/courses/m172/m172-videos.html
[1174/3152] 'PHSX220 - Montana State University' (live): SAVED top 1 -> https://prodmyinfo.montana.edu/pls/bzagent/bwckctlg.p_disp_catalog_syllabus?cat_term_in=202430&amp;subj_code_in=PHSX&amp;crse_numb_in=220
[1175/3152] 'PHSX222 - Montana State University' (live): SAVED top 1 -> https://www.physics.montana.edu/ugrad/infolearningcenter.html
[1176/3152] 'PHSX240 - Montana State University': no usable link (live)
[1177/3152] 'STAT217Q - Montana State University' (live): SAVED top 2 -> https://www.math.montana.edu/courses/s217/ + https://elijahmeyer3.github.io/courses/stat-217.html
[1178/3152] 'STAT332 - Montana State University': no usable link (live)
[1179/3152] 'ECET201 - New Jersey Institute of Technology': no usable link (live)
[1180/3152] 'ECET329 - New Jersey Institute of Technology': no usable link (live)
[1181/3152] 'ECET412 - New Jersey Institute of Technology' (live): SAVED top 1 -> https://appliedengineering.njit.edu/sites/appliedengineering/files/syllabi/ECET_412_Syllabus.pdf
[1182/3152] 'FED101 - New Jersey Institute of Technology': no usable link (live)
[1183/3152] 'M112 - New Jersey Institute of Technology': no usable link (live)
[1184/3152] 'MAT138 - New Jersey Institute of Technology': no usable link (live)
[1185/3152] 'MATH111H - New Jersey Institute of Technology': no usable link (live)
[1186/3152] 'MATH112H - New Jersey Institute of Technology' (live): SAVED top 2 -> https://web.njit.edu/~njd48/MATH112_F19.html + https://math.njit.edu/sites/math/files/Math%20112%20SP22.pdf
[1187/3152] 'MATH211A - New Jersey Institute of Technology': no usable link (live)
[1188/3152] 'MATH213B - New Jersey Institute of Technology' (live): SAVED top 2 -> https://digitalcommons.njit.edu/math-syllabi/476/ + https://digitalcommons.njit.edu/math-syllabi/382/
[1189/3152] 'MATH222H - New Jersey Institute of Technology': no usable link (live)
[1190/3152] 'MATH450H - New Jersey Institute of Technology': no usable link (live)
[1191/3152] 'MTH333 - New Jersey Institute of Technology': no usable link (live)
[1192/3152] 'PHYS111H - New Jersey Institute of Technology': no usable link (live)
[1193/3152] 'E304 - North Carolina State University' (live): SAVED top 2 -> https://wolfware.ncsu.edu/courses/details/?sis_id=SIS:2024:1:1:E:304:001 + https://wolfware.ncsu.edu/courses/details/?sis_id=SIS:2025:8:1:E:304:001
[1194/3152] 'MA103A - North Carolina State University' (live): SAVED top 1 -> https://wolfware.ncsu.edu/courses/details/?sis_id=SIS:2025:1:1:MA:103A:001
[1195/3152] 'MA107 - North Carolina State University': no usable link (live)
[1196/3152] 'MA116 - North Carolina State University': no usable link (live)
[1197/3152] 'MA225 - North Carolina State University' (live): SAVED top 2 -> https://schecter.math.ncsu.edu/ma_225_fa11/ + https://ma225.wordpress.ncsu.edu/
[1198/3152] 'MA242H - North Carolina State University': no usable link (live)
[1199/3152] 'MA303 - North Carolina State University' (live): SAVED top 2 -> https://users.oden.utexas.edu/~chao/ma303.jemdoc + http://cchen.wordpress.ncsu.edu/files/2023/08/ma303.pdf
[1200/3152] 'MA305 - North Carolina State University' (live): SAVED top 2 -> https://mmedvin.math.ncsu.edu/Teaching/MA305.html + https://www.lib.ncsu.edu/course/MA/305
[1201/3152] 'MA341 - North Carolina State University' (live): SAVED top 2 -> https://zhilin.math.ncsu.edu/TEACHING/MA341/index.html + https://mmedvin.math.ncsu.edu/Teaching/MA341.html
[1202/3152] 'MA341H - North Carolina State University': no usable link (live)
[1203/3152] 'MA401 - North Carolina State University': no usable link (live)
[1204/3152] 'MA405 - North Carolina State University': no usable link (live)
[1205/3152] 'MA408 - North Carolina State University': no usable link (live)
[1206/3152] 'MA425 - North Carolina State University': no usable link (live)
[1207/3152] 'MA501 - North Carolina State University': no usable link (live)
[1208/3152] 'PHY205 - North Carolina State University': no usable link (live)
[1209/3152] 'PY202 - North Carolina State University': no usable link (live)
[1210/3152] 'PY205 - North Carolina State University': no usable link (live)
[1211/3152] 'PY205H - North Carolina State University': no usable link (live)
[1212/3152] 'PY205N - North Carolina State University' (live): SAVED top 1 -> https://wolfware.ncsu.edu/courses/details/?sis_id=SIS:2025:8:1:PY:205:601
[1213/3152] 'PY208 - North Carolina State University' (live): SAVED top 2 -> https://physics.sciences.ncsu.edu/wp-content/uploads/sites/461/2024/08/2024-25-205-208-syllabus-highlights-STUDENTfinal.pdf + https://wolfware.ncsu.edu/courses/details/?sis_id=SIS:2026:8:1:PY:208:208
[1214/3152] 'PY211 - North Carolina State University' (live): SAVED top 2 -> https://www.lib.ncsu.edu/course/PY/211 + https://wolfware.ncsu.edu/courses/details/?sis_id=SIS:2025:1:1:PY:211:001
[1215/3152] 'PY212 - North Carolina State University': no usable link (live)
[1216/3152] 'PY411 - North Carolina State University' (live): SAVED top 2 -> https://wolfware.ncsu.edu/courses/details/?sis_id=SIS:2024:1:1:PY:411:001 + https://csc.ncsu.edu/academics/ugrad-courses/csc-111-introduction-to-computing-python/
[1217/3152] 'ST311 - North Carolina State University' (live): SAVED top 2 -> https://hamrick.wordpress.ncsu.edu/st312/st311-review/ + https://wolfware.ncsu.edu/courses/details/?sis_id=SIS:2024:8:1:ST:311:311
[1218/3152] 'ST312 - North Carolina State University' (live): SAVED top 2 -> https://hamrick.wordpress.ncsu.edu/st312/ + https://st312-f25.github.io/class/01-welcome-312.html
[1219/3152] 'ST350 - North Carolina State University' (live): SAVED top 1 -> https://wolfware.ncsu.edu/courses/details/?sis_id=SIS:2025:8:1:ST:350:001
[1220/3152] 'ST370 - North Carolina State University': no usable link (live)
[1221/3152] 'ST371 - North Carolina State University': no usable link (live)
[1222/3152] 'ST432 - North Carolina State University': no usable link (live)
[1223/3152] 'ST445 - North Carolina State University' (live): SAVED top 2 -> https://github.com/lse-st445/lse-st445.github.io/blob/master/index.md + https://wolfware.ncsu.edu/courses/details/?sis_id=SIS:2024:8:1:ST:445:001
[1224/3152] 'ST507 - North Carolina State University': no usable link (live)
[1225/3152] 'ST555 - North Carolina State University': no usable link (live)
[1226/3152] 'ECE275 - North Dakota State University' (live): SAVED top 1 -> https://github.com/ErycRod/ECE275-Notes
[1227/3152] 'ECE343 - North Dakota State University': no usable link (live)
[1228/3152] 'ECE461 - North Dakota State University': no usable link (live)
[1229/3152] 'M144 - North Dakota State University': no usable link (live)
[1230/3152] 'MNT732 - North Dakota State University': no usable link (live)
[1231/3152] 'STAT331 - North Dakota State University': no usable link (live)
[1232/3152] 'STAT367 - North Dakota State University' (live): SAVED top 1 -> https://www.ndsu.edu/onestop/resources/help/courses
[1233/3152] 'STATS330 - North Dakota State University' (live): SAVED top 2 -> https://kstclair.github.io/stat-330/handouts.html + https://www.ndsu.edu/sites/default/files/documents/statistics.pdf
[1234/3152] 'STATS331 - North Dakota State University': no usable link (live)
[1235/3152] 'EECE2160 - Northeastern University': no usable link (live)
[1236/3152] 'EECE2310 - Northeastern University': no usable link (live)
[1237/3152] 'IE6200 - Northeastern University' (live): SAVED top 1 -> https://github.com/nuri1126/IE6200_EPS
[1238/3152] 'MATH1215 - Northeastern University' (live): SAVED top 2 -> https://web.mst.edu/~bohner/math1215-22/1215-slides.pdf + https://lplee.sites.northeastern.edu/math-1215-mathematical-thinking/
[1239/3152] 'MATH1231 - Northeastern University' (live): SAVED top 1 -> https://hewang.sites.northeastern.edu/math1231/
[1240/3152] 'MATH1242 - Northeastern University' (live): SAVED top 1 -> https://lplee.sites.northeastern.edu/math-1242-calculus-2/
[1241/3152] 'MATH1251 - Northeastern University': no usable link (live)
[1242/3152] 'MATH1341 - Northeastern University': no usable link (live)
[1243/3152] 'MATH1365 - Northeastern University' (live): SAVED top 1 -> https://dummit.cos.northeastern.edu/teaching_fa23_1365
[1244/3152] 'MATH2321 - Northeastern University' (live): SAVED top 2 -> https://hewang.sites.northeastern.edu/math2321/ + https://dummit.cos.northeastern.edu/teaching_fa20_2321
[1245/3152] 'MATH2331 - Northeastern University': no usable link (live)
[1246/3152] 'MATH2341 - Northeastern University' (live): SAVED top 2 -> https://lplee.sites.northeastern.edu/math-2341-differential-equations-and-linear-algebra/ + https://lplee.sites.northeastern.edu/
[1247/3152] 'MATH3081 - Northeastern University' (live): SAVED top 2 -> https://hewang.sites.northeastern.edu/math3081/ + https://dummit.cos.northeastern.edu/teaching_su20_3081.html
[1248/3152] 'MATH4682 - Northeastern University' (live): SAVED top 1 -> https://course.ccs.neu.edu/ds4420sp20/
[1249/3152] 'MGSC2301 - Northeastern University': no usable link (live)
[1250/3152] 'MTHU131 - Northeastern University': no usable link (live)
[1251/3152] 'MTHU242 - Northeastern University': no usable link (live)
[1252/3152] 'MTHU341 - Northeastern University' (live): SAVED top 1 -> https://lplee.sites.northeastern.edu/math-3341-dynamical-systems/
[1253/3152] 'PHYS1145 - Northeastern University': no usable link (live)
[1254/3152] 'PHYS1147 - Northeastern University': no usable link (live)
[1255/3152] 'PHYS1151 - Northeastern University': no usable link (live)
[1256/3152] 'MTH155 - Northern Illinois University' (live): SAVED top 2 -> https://www.niu.edu/math_155/index.shtml + https://www.niu.edu/math_155/docs/155description.pdf
[1257/3152] 'PHYS251A - Northern Illinois University' (live): SAVED top 2 -> https://www.ndsu.edu/sites/default/files/documents/F25_PHYS_251_S01.pdf + https://courses.physics.illinois.edu/cs225/sp2026/assets/lectures/slides/cs225sp26-01-intro-slides-annotated.pdf
[1258/3152] 'STAT208 - Northern Illinois University': no usable link (live)
[1259/3152] 'STAT438 - Northern Illinois University': no usable link (live)
[1260/3152] 'STATS208 - Northern Illinois University': no usable link (live)
[1261/3152] 'STAT114 - Oberlin College': no usable link (live)
[1262/3152] 'MATH1075 - Ohio State University': no usable link (live)
[1263/3152] 'MATH1131 - Ohio State University': no usable link (live)
[1264/3152] 'MATH1148 - Ohio State University' (live): SAVED top 2 -> https://math.osu.edu/courses/math-1148 + https://math.osu.edu/sites/default/files/2024-01/1148_Sp24_Syllabus_0.pdf
[1265/3152] 'MATH1149 - Ohio State University' (live): SAVED top 2 -> https://math.osu.edu/sites/default/files/2024-01/Math1149%20Syllabus-SP-2024.pdf + https://math.osu.edu/courses/math-1149
[1266/3152] 'MATH1151 - Ohio State University': no usable link (live)
[1267/3152] 'MATH1172 - Ohio State University' (live): SAVED top 2 -> https://u.osu.edu/au15math1172/course-notes/ + https://math.osu.edu/courses/math-1172
[1268/3152] 'MATH2255 - Ohio State University' (live): SAVED top 2 -> https://math.osu.edu/courses/math-2255 + https://mslc.osu.edu/tutoring
[1269/3152] 'MTH1150 - Ohio State University': no usable link (live)
[1270/3152] 'STATS135 - Ohio State University': no usable link (live)
[1271/3152] 'BIOS103 - Ohio University': no usable link (live)
[1272/3152] 'BIOS1700 - Ohio University': no usable link (live)
[1273/3152] 'BIOS1705 - Ohio University': no usable link (live)
[1274/3152] 'BIOS2750 - Ohio University' (live): SAVED top 2 -> https://www.catalogs.ohio.edu/preview_course_nopop.php?catoid=93&amp;coid=514508 + https://www.catalogs.ohio.edu/preview_course_nopop.php?catoid=104&amp;coid=586421
[1275/3152] 'BIOS3010 - Ohio University' (live): SAVED top 1 -> https://www.catalogs.ohio.edu/preview_course_nopop.php?catoid=93&amp;coid=514513
[1276/3152] 'EE2114 - Ohio University' (live): SAVED top 2 -> https://catalogs.ohio.edu/preview_course_nopop.php?catoid=82&amp;coid=441151 + https://webapps.ohio.edu/classes/search.htm
[1277/3152] 'EE3343 - Ohio University': no usable link (live)
[1278/3152] 'MAT550 - Ohio University': no usable link (live)
[1279/3152] 'MATH163A - Ohio University': no usable link (live)
[1280/3152] 'MATH2301 - Ohio University': no usable link (live)
[1281/3152] 'MATH2302 - Ohio University': no usable link (live)
[1282/3152] 'MATH263A - Ohio University': no usable link (live)
[1283/3152] 'MATH263B - Ohio University' (live): SAVED top 2 -> https://webapps.ohio.edu/classes/search.htm + https://www.ohio.edu/cas/math/undergraduate/resources
[1284/3152] 'MATH263C - Ohio University': no usable link (live)
[1285/3152] 'MATH263D - Ohio University': no usable link (live)
[1286/3152] 'MATH3050 - Ohio University': no usable link (live)
[1287/3152] 'MATH3400 - Ohio University': no usable link (live)
[1288/3152] 'MATH450A - Ohio University': no usable link (live)
[1289/3152] 'MATHD005 - Ohio University' (live): SAVED top 2 -> https://www.ohio.edu/sites/default/files/2020-07/MATHD005_PBC.pdf + https://catalogs.ohio.edu/preview_course_nopop.php?catoid=107&amp;coid=638400
[1290/3152] 'PHYS2051 - Ohio University': no usable link (live)
[1291/3152] 'PHYS2056 - Ohio University': no usable link (live)
[1292/3152] 'AST1023 - Oklahoma State University': no usable link (live)
[1293/3152] 'ASTR1013 - Oklahoma State University': no usable link (live)
[1294/3152] 'ECEN3513 - Oklahoma State University': no usable link (live)
[1295/3152] 'EEE2023 - Oklahoma State University': no usable link (live)
[1296/3152] 'MATH1513 - Oklahoma State University': no usable link (live)
[1297/3152] 'MATH1715 - Oklahoma State University': no usable link (live)
[1298/3152] 'MATH1813 - Oklahoma State University': no usable link (live)
[1299/3152] 'MATH2163 - Oklahoma State University' (live): SAVED top 1 -> https://math.okstate.edu/people/igor/math2163/math2163_fall2025.html
[1300/3152] 'MATH2233 - Oklahoma State University' (live): SAVED top 2 -> https://math.okstate.edu/people/binegar/2233/2233-lec.html + https://math.okstate.edu/people/lebl/osu2233-s24/
[1301/3152] 'MATH3013 - Oklahoma State University' (live): SAVED top 2 -> https://math.okstate.edu/people/igor/math3013/math3013_spring2025.html + https://math.okstate.edu/people/igor/math3013/math3013_spring2024.html
[1302/3152] 'MATH3613 - Oklahoma State University' (live): SAVED top 2 -> https://math.okstate.edu/people/binegar/3613/3613-lec.html + https://math.okstate.edu/people/binegar/3613/3613.html
[1303/3152] 'PHYS1114 - Oklahoma State University': no usable link (live)
[1304/3152] 'PHYS1214 - Oklahoma State University': no usable link (live)
[1305/3152] 'PHYS2014 - Oklahoma State University' (live): SAVED top 1 -> https://borunda.okstate.edu/courses/2014/2014fa/index.php
[1306/3152] 'PHYS2114 - Oklahoma State University': no usable link (live)
[1307/3152] 'STAT2013 - Oklahoma State University' (live): SAVED top 1 -> https://registrar.okstate.edu/catalog_archives
[1308/3152] 'STAT4013 - Oklahoma State University' (live): SAVED top 1 -> https://cas.okstate.edu/statistics/statistics_learning_and_instruction_center
[1309/3152] 'STAT4033 - Oklahoma State University' (live): SAVED top 1 -> https://osuokc.edu/academics/catalog
[1310/3152] 'STAT4053 - Oklahoma State University' (live): SAVED top 2 -> https://osuokc.edu/academics/class-schedule + https://osuokc.edu/academics/catalog
[1311/3152] 'STAT4073 - Oklahoma State University' (live): SAVED top 2 -> https://osuokc.edu/academics/class-schedule + https://osuokc.edu/academics/catalog
[1312/3152] 'STAT4203 - Oklahoma State University' (live): SAVED top 2 -> https://osuokc.edu/academics/class-schedule + https://osuokc.edu/academics/catalog
[1313/3152] 'STAT5013 - Oklahoma State University' (live): SAVED top 2 -> https://cas.okstate.edu/statistics/statistics_learning_and_instruction_center + https://pratyayr.github.io/teaching/
[1314/3152] 'STAT5023 - Oklahoma State University' (live): SAVED top 2 -> https://osuokc.edu/academics/class-schedule + https://pratyayr.github.io/teaching/
[1315/3152] 'EET225 - Old Dominion University': no usable link (live)
[1316/3152] 'MATH101M - Old Dominion University': no usable link (live)
[1317/3152] 'MATH102M - Old Dominion University': no usable link (live)
[1318/3152] 'MATH103M - Old Dominion University' (live): SAVED top 1 -> https://www.odu.edu/sites/default/files/documents/math-102m-103m.pdf
[1319/3152] 'MATH162M - Old Dominion University': no usable link (live)
[1320/3152] 'STAT103M - Old Dominion University' (live): SAVED top 1 -> https://ocw.mit.edu/
[1321/3152] 'STAT130M - Old Dominion University': no usable link (live)
[1322/3152] 'ENSC479 - Oregon State University' (live): SAVED top 2 -> https://ceoas.oregonstate.edu/syllabi + https://ecampus.oregonstate.edu/soc/ecatalog/ecoursedetail.htm?subject=ED&amp;coursenumber=479
[1323/3152] 'MTH112Z - Oregon State University' (live): SAVED top 1 -> https://ecampus.oregonstate.edu/soc/ecatalog/ecoursedetail.htm?coursenumber=112Z&amp;subject=MTH
[1324/3152] 'MTH227 - Oregon State University': no usable link (live)
[1325/3152] 'PH313 - Oregon State University' (live): SAVED top 1 -> https://ecampus.oregonstate.edu/soc/ecatalog/ecoursedetail.htm?subject=PH&amp;coursenumber=313
[1326/3152] 'PSY298 - Oregon State University': no usable link (live)
[1327/3152] 'ST202 - Oregon State University' (live): SAVED top 2 -> https://osucascades.edu/enrollment-services/schedule-classes + https://stat.oregonstate.edu/current-students/yearly-alternate-year-courses
[1328/3152] 'ST243Z - Oregon State University' (live): SAVED top 2 -> https://pages.uoregon.edu/adding/courses/243/ + https://ecampus.oregonstate.edu/soc/ecatalog/ecoursedetail.htm?subject=ST&amp;coursenumber=243Z
[1329/3152] 'ST314 - Oregon State University' (live): SAVED top 2 -> https://ecampus.oregonstate.edu/soc/ecatalog/ecoursedetail.htm?subject=ST&amp;coursenumber=314 + https://ecampus.oregonstate.edu/services/student-services/textbooks.htm
[1330/3152] 'ST351 - Oregon State University' (live): SAVED top 1 -> https://ecampus.oregonstate.edu/soc/ecatalog/ecoursedetail.htm?subject=ST&amp;coursenumber=351
[1331/3152] 'MAT102 - Pace University' (live): SAVED top 2 -> https://github.com/melonlireal/MAT102_FSG_slides + https://github.com/mbr085/V25MAT102
[1332/3152] 'MAT103A - Pace University': no usable link (live)
[1333/3152] 'EE320 - Penn State University' (live): SAVED top 2 -> https://bulletins.psu.edu/university-course-descriptions/undergraduate/ee/ + https://nanolight.psu.edu/courses/
[1334/3152] 'EE351 - Penn State University' (live): SAVED top 2 -> https://zhangbaosen.github.io/teaching/EE351 + https://chayanbhawal.github.io/EE351_2025
[1335/3152] 'EE387 - Penn State University' (live): SAVED top 2 -> https://bulletins.psu.edu/university-course-descriptions/undergraduate/ee/ + https://registrar.psu.edu/course-descriptions/
[1336/3152] 'EE552 - Penn State University' (live): SAVED top 2 -> https://github.com/SIT-EE552-WS/course-slides + https://github.com/SIT-EE552-WS/course-slides/blob/main/intro.md
[1337/3152] 'MATH021 - Penn State University': no usable link (live)
[1338/3152] 'MATH034 - Penn State University': no usable link (live)
[1339/3152] 'MATH140B - Penn State University' (live): SAVED top 2 -> https://rfd131.github.io/syllabi/sp26/math140b/ + https://rfd131.github.io/syllabi/sp26/math140b/resources.html
[1340/3152] 'MATH141B - Penn State University': no usable link (live)
[1341/3152] 'MATH21 - Penn State University' (live): SAVED top 2 -> https://courses.worldcampus.psu.edu/welcome/math021/index.html + https://odl.science.psu.edu/files/syllabi/math021/math021-sample-syllabus.pdf
[1342/3152] 'MATH22 - Penn State University' (live): SAVED top 2 -> https://student.worldcampus.psu.edu/course-catalog/course/2241/20796 + https://sites.psu.edu/altoonamath/mathematics-courses-offered-at-penn-state-altoona/math-022-college-algebra-ii-and-analytic-geometry/
[1343/3152] 'MATH251 - Penn State University' (live): SAVED top 2 -> https://sites.psu.edu/math251das/ + https://sites.psu.edu/math251das/syllabus/
[1344/3152] 'MATH251H - Penn State University': no usable link (live)
[1345/3152] 'MATH312 - Penn State University': no usable link (live)
[1346/3152] 'MATH485 - Penn State University': no usable link (live)
[1347/3152] 'MATH486 - Penn State University': no usable link (live)
[1348/3152] 'PHYS211H - Penn State University': no usable link (live)
[1349/3152] 'PHYS212 - Penn State University': no usable link (live)
[1350/3152] 'PHYS250 - Penn State University': no usable link (live)
[1351/3152] 'STAT184 - Penn State University' (live): SAVED top 2 -> https://github.com/t-padma/STAT184_SU24_lecture_notes + https://github.com/cgcostanzo/stat184-summer2026/blob/main/syllabus/syllabus.qmd
[1352/3152] 'STAT414 - Penn State University' (live): SAVED top 2 -> https://online.stat.psu.edu/stat414/ + https://online.stat.psu.edu/statprogram/stat414
[1353/3152] 'STAT418 - Penn State University': no usable link (live)
[1354/3152] 'STAT461 - Penn State University': no usable link (live)
[1355/3152] 'MATH058B - Pomona College' (live): SAVED top 2 -> https://my.pomona.edu/ICS/Academics/PMAT/MATH058B_PO__UG24/ + https://ocw.mit.edu/
[1356/3152] 'MATH060 - Pomona College' (live): SAVED top 2 -> https://my.pomona.edu/ICS/Academics/PMAT/MATH060__PO__UG22/FA_2022_UNDG-MATH060__PO__UG22_-03/Course_Information.jnz + https://my.pomona.edu/ICS/Academics/PMAT/MATH060__PO__UG20/
[1357/3152] 'ECE271 - Portland State University': no usable link (live)
[1358/3152] 'ECE315 - Portland State University' (live): SAVED top 2 -> https://usafa-ece.github.io/ece315-book/intro.html + https://www.pdx.edu/registration/course-selection
[1359/3152] 'ECE351 - Portland State University': no usable link (live)
[1360/3152] 'ECE581 - Portland State University' (live): SAVED top 2 -> https://web.eecs.utk.edu/~dcostine/ECE581/Fall2025/schedule.php + https://www.pdx.edu/registration/course-selection
[1361/3152] 'MTH095 - Portland State University' (live): SAVED top 2 -> https://www.pdx.edu/registration/course-selection + https://www.pdx.edu/math/mathematics-statistics-courses
[1362/3152] 'MTH211 - Portland State University': no usable link (live)
[1363/3152] 'MTH343 - Portland State University': no usable link (live)
[1364/3152] 'MTH344 - Portland State University' (live): SAVED top 2 -> https://rbolt13.github.io/mth344/ + https://github.com/rbolt13/mth344
[1365/3152] 'MTH70 - Portland State University' (live): SAVED top 2 -> https://spot.pcc.edu/math/prepared/mth_70.pdf + https://www.pdx.edu/registration/course-selection
[1366/3152] 'PH202 - Portland State University': no usable link (live)
[1367/3152] 'PH203 - Portland State University' (live): SAVED top 2 -> https://boxsand.physics.oregonstate.edu/ph203-corvallis-learning-tools + https://boxsand.physics.oregonstate.edu/ph203-cascades-homepage-0
[1368/3152] 'PH211 - Portland State University' (live): SAVED top 2 -> https://www.pdx.edu/registration/course-selection + https://www.pdx.edu/physics/general-physics-courses
[1369/3152] 'PH212 - Portland State University' (live): SAVED top 1 -> https://www.pdx.edu/physics/general-physics-courses
[1370/3152] 'STAT361 - Portland State University': no usable link (live)
[1371/3152] 'STAT364 - Portland State University' (live): SAVED top 2 -> https://www.pdx.edu/registration/course-selection + https://www.pdx.edu/economics/past-syllabi
[1372/3152] 'STAT451 - Portland State University' (live): SAVED top 2 -> https://stat451-at-unl.github.io/Stat451.github.io/ + https://www.pdx.edu/registration/course-selection
[1373/3152] 'EE550 - Princeton University' (live): SAVED top 2 -> https://chayanbhawal.github.io/EE550_2025 + https://chayanbhawal.github.io/EE550_2024
[1374/3152] 'EE598 - Princeton University' (live): SAVED top 2 -> https://peden.ece.uw.edu/pmp/wp-content/uploads/sites/2/2022/08/EE598-Fall22.pdf + https://ecee.engineering.asu.edu/wp-content/uploads/sites/40/2023/06/EE598-switch-cap-anlg-ds-1.pdf
[1375/3152] 'MA115 - Purdue University' (live): SAVED top 2 -> http://euclid.nmu.edu/~joshthom/ma115/index.html + https://sswis.mypurdue.purdue.edu/CourseInsights/
[1376/3152] 'MA137 - Purdue University' (live): SAVED top 2 -> https://www.math.purdue.edu/academic/courses/MA137/ + https://www.math.purdue.edu/MA137
[1377/3152] 'MA153 - Purdue University' (live): SAVED top 2 -> https://users.pfw.edu/lamaster/ma153/F24/MA153OnlineSyllabusFall2024PlusGeneralCourseInfo.pdf + https://www.math.purdue.edu/academic/courses/semester/202510/ma15300/
[1378/3152] 'MA15300 - Purdue University' (live): SAVED top 2 -> https://users.pfw.edu/lamaster/ma153/de/su25/SyllabusMA15300_SummerOnline.pdf + https://www.math.purdue.edu/MA15300
[1379/3152] 'MA154 - Purdue University': no usable link (live)
[1380/3152] 'MA159 - Purdue University': no usable link (live)
[1381/3152] 'MA15910 - Purdue University': no usable link (live)
[1382/3152] 'MA16019 - Purdue University' (live): SAVED top 2 -> https://sswis.mypurdue.purdue.edu/CourseInsights/ + https://github.com/zkeulr/Notes
[1383/3152] 'MA163 - Purdue University' (live): SAVED top 2 -> https://www.math.purdue.edu/~weng83/Course_information/MA162_Spring26/syllabus.html + https://sswis.mypurdue.purdue.edu/CourseInsights/
[1384/3152] 'MA16300 - Purdue University' (live): SAVED top 2 -> https://sswis.mypurdue.purdue.edu/CourseInsights/ + https://selfservice.mypurdue.purdue.edu/prod/bwckctlg.p_disp_course_detail?cat_term_in=202030&amp;subj_code_in=MA&amp;crse_numb_in=16300
[1385/3152] 'MA164 - Purdue University': no usable link (live)
[1386/3152] 'MA16400 - Purdue University': no usable link (live)
[1387/3152] 'MA221 - Purdue University' (live): SAVED top 2 -> https://www.math.purdue.edu/academic/files/courses/past/2004summer/MA221/studyguide.pdf + https://www.rose-hulman.edu/~rickert/Classes/ma221/
[1388/3152] 'MA261 - Purdue University' (live): SAVED top 2 -> https://www.math.purdue.edu/~kthood/lecture_archive_ma261_fa23.html + https://www.math.purdue.edu/MA261
[1389/3152] 'MA26100 - Purdue University': no usable link (live)
[1390/3152] 'MA264 - Purdue University' (live): SAVED top 2 -> https://sswis.mypurdue.purdue.edu/CourseInsights/ + https://www.math.purdue.edu/MA266
[1391/3152] 'MA265 - Purdue University': no usable link (live)
[1392/3152] 'MA348 - Purdue University' (live): SAVED top 2 -> https://www.cs.purdue.edu/homes/ake/cs348/index6.html + https://sswis.mypurdue.purdue.edu/CourseInsights/
[1393/3152] 'MA472 - Purdue University' (live): SAVED top 2 -> https://engineering.purdue.edu/ece477/Course/Lectures/lectures.html + https://engineering.purdue.edu/~mrb/styled/downloads-5/
[1394/3152] 'MATH164 - Purdue University': no usable link (live)
[1395/3152] 'MM250 - Purdue University' (live): SAVED top 2 -> https://engineering.purdue.edu/MSE/academics/courses/MSE25000 + https://sswis.mypurdue.purdue.edu/CourseInsights/
[1396/3152] 'PHYS15200 - Purdue University': no usable link (live)
[1397/3152] 'PHYS172 - Purdue University' (live): SAVED top 2 -> https://www.physics.purdue.edu/academic-programs/courses/course_detail.php?c=phys172 + https://sswis.mypurdue.purdue.edu/CourseInsights/courseDocument/downloadFile/53690
[1398/3152] 'PHYS22000 - Purdue University': no usable link (live)
[1399/3152] 'PHYS261 - Purdue University' (live): SAVED top 2 -> https://physics.umd.edu/courses/Phys261/anderson/Syllabus%20for%20Physics%20261%20ver%205.pdf + https://umdphysics.umd.edu/images/syllabi/2015/phys261-hong.pdf
[1400/3152] 'EECE351 - Queens College' (live): SAVED top 2 -> https://www.qc.cuny.edu/academics/eece/ + https://zhangbaosen.github.io/teaching/EE351
[1401/3152] 'EECE555 - Queens College' (live): SAVED top 2 -> https://github.com/Proto-Nova/eece555 + https://myaccount.queens.edu/ICS/Help/Student/Basic_Course_Search.htm
[1402/3152] 'EECE798 - Queens College' (live): SAVED top 2 -> https://myaccount.queens.edu/ICS/Help/Student/Basic_Course_Search.htm + https://academicworks.cuny.edu/qc_oers/5/
[1403/3152] 'EECE800 - Queens College': no usable link (live)
[1404/3152] 'M120 - Queens College' (live): SAVED top 2 -> https://www.qc.cuny.edu/academics/math/math-120/ + https://www.qc.cuny.edu/academics/math/new-math-120/
[1405/3152] 'M122 - Queens College' (live): SAVED top 2 -> https://www.qc.cuny.edu/academics/math/wp-content/uploads/sites/42/2022/06/Math122.pdf + https://myaccount.queens.edu/ICS/Help/Student/Basic_Course_Search.htm
[1406/3152] 'MAT131 - Queens College': no usable link (live)
[1407/3152] 'MATH119 - Queens College' (live): SAVED top 2 -> https://a9garcia.github.io/math119/ + https://github.com/a9garcia/math119
[1408/3152] 'PHYS11 - Queens College': no usable link (live)
[1409/3152] 'PHYS1454 - Queens College': no usable link (live)
[1410/3152] 'PSYC214 - Queens College' (live): SAVED top 2 -> https://www.qc.cuny.edu/academics/psychology/courses/ + https://apps.qc.cuny.edu/courses/
[1411/3152] 'CORE122 - Queens University': no usable link (live)
[1412/3152] 'STATS106 - Queens University' (live): SAVED top 2 -> https://library.queensu.ca/teach-learn/exams-syllabi + https://guides.library.queensu.ca/az/syllabusbank
[1413/3152] 'MA118 - Quinnipiac University' (live): SAVED top 2 -> https://selfservice.quinnipiac.edu/student/courses + https://mywebspace.quinnipiac.edu/quonline/
[1414/3152] 'MA170 - Quinnipiac University': no usable link (live)
[1415/3152] 'MA176 - Quinnipiac University': no usable link (live)
[1416/3152] 'MA275 - Quinnipiac University': no usable link (live)
[1417/3152] 'MA285 - Quinnipiac University': no usable link (live)
[1418/3152] 'CSCI4800 - Rensselaer Polytechnic Institute': no usable link (live)
[1419/3152] 'ECSE2110 - Rensselaer Polytechnic Institute': no usable link (live)
[1420/3152] 'ECSE2210 - Rensselaer Polytechnic Institute': no usable link (live)
[1421/3152] 'ECSE2610 - Rensselaer Polytechnic Institute': no usable link (live)
[1422/3152] 'ECSE4900 - Rensselaer Polytechnic Institute': no usable link (live)
[1423/3152] 'MANE4620 - Rensselaer Polytechnic Institute': no usable link (live)
[1424/3152] 'MATH2010 - Rensselaer Polytechnic Institute' (live): SAVED top 2 -> https://mitchjrpi.github.io/math2010/outline/outline.html + https://mitchjrpi.github.io/math2010/
[1425/3152] 'MATH2400 - Rensselaer Polytechnic Institute': no usable link (live)
[1426/3152] 'MATH4090 - Rensselaer Polytechnic Institute': no usable link (live)
[1427/3152] 'MATH4200 - Rensselaer Polytechnic Institute': no usable link (live)
[1428/3152] 'MATH4300 - Rensselaer Polytechnic Institute': no usable link (live)
[1429/3152] 'MATH4600 - Rensselaer Polytechnic Institute': no usable link (live)
[1430/3152] 'MATH4740 - Rensselaer Polytechnic Institute': no usable link (live)
[1431/3152] 'MATH4800 - Rensselaer Polytechnic Institute' (live): SAVED top 2 -> https://julien-arino.github.io/teaching/math4800/ + https://sis.rpi.edu/rss/bwckctlg.p_disp_course_detail?cat_term_in=202401&amp;subj_code_in=MATH&amp;crse_numb_in=4800
[1432/3152] 'MATP4600 - Rensselaer Polytechnic Institute': no usable link (live)
[1433/3152] 'PHYS1050 - Rensselaer Polytechnic Institute': no usable link (live)
[1434/3152] 'PHYS1200 - Rensselaer Polytechnic Institute': no usable link (live)
[1435/3152] 'PHYS1960 - Rensselaer Polytechnic Institute': no usable link (live)
[1436/3152] 'PHYS2220 - Rensselaer Polytechnic Institute': no usable link (live)
[1437/3152] 'PHYS2510 - Rensselaer Polytechnic Institute' (live): SAVED top 2 -> https://mail.mcm.edu/~bykov.tikhon/phys2510/Physics2510/notes.html + https://github.com/TheAlaskanPhysicist/RPI-Coursework-Notes
[1438/3152] 'ELEC241 - Rice University': no usable link (live)
[1439/3152] 'ELEC327 - Rice University' (live): SAVED top 2 -> https://github.com/xyh1/Rice_University_ELEC327_MSP430_IR-Motors + https://github.com/OscarZhang235/ELEC327-Final-Project1
[1440/3152] 'STAT315 - Rice University': no usable link (live)
[1441/3152] 'STAT532 - Rice University': no usable link (live)
[1442/3152] 'CMPE570 - Rochester Institute of Technology': no usable link (live)
[1443/3152] 'CMPE670 - Rochester Institute of Technology' (live): SAVED top 2 -> https://cdcs.ur.rochester.edu/ + https://www.rit.edu/study/undergraduate-and-graduate-catalogs
[1444/3152] 'COLPH1 - Rochester Institute of Technology' (live): SAVED top 2 -> https://www.rit.edu/study/undergraduate-and-graduate-catalogs + https://www.rit.edu/
[1445/3152] 'CSEC102 - Rochester Institute of Technology' (live): SAVED top 2 -> https://www.rit.edu/computing/sites/rit.edu.computing/files/docs/CSEC/MS-CSEC%20Handbook%20-2024-2025.pdf + https://www.rit.edu/study/undergraduate-and-graduate-catalogs
[1446/3152] 'DIFFY1 - Rochester Institute of Technology': no usable link (live)
[1447/3152] 'DISC109 - Rochester Institute of Technology' (live): SAVED top 2 -> https://www.rochester.edu/college/itresources/classrooms/single-room/109BL.pdf + https://cdcs.ur.rochester.edu/
[1448/3152] 'DISC206 - Rochester Institute of Technology': no usable link (live)
[1449/3152] 'DSIC190 - Rochester Institute of Technology': no usable link (live)
[1450/3152] 'EEEE120 - Rochester Institute of Technology' (live): SAVED top 2 -> https://www.rit.edu/study/undergraduate-and-graduate-catalogs + https://www.rit.edu/study
[1451/3152] 'EEEE281 - Rochester Institute of Technology' (live): SAVED top 1 -> https://www.rit.edu/study/undergraduate-and-graduate-catalogs
[1452/3152] 'EEEE346 - Rochester Institute of Technology' (live): SAVED top 2 -> https://www.rit.edu/study/electrical-engineering-bs + https://github.com/GitGort/EEEE346_Project3/blob/main/README.md
[1453/3152] 'EEEE620 - Rochester Institute of Technology': no usable link (live)
[1454/3152] 'MATH0231 - Rochester Institute of Technology': no usable link (live)
[1455/3152] 'MATH181 - Rochester Institute of Technology' (live): SAVED top 2 -> https://www.rit.edu/study/undergraduate-and-graduate-catalogs + https://www.rit.edu/science/calculus
[1456/3152] 'MATH181A - Rochester Institute of Technology': no usable link (live)
[1457/3152] 'MATH182 - Rochester Institute of Technology': no usable link (live)
[1458/3152] 'MATH182A - Rochester Institute of Technology': no usable link (live)
[1459/3152] 'MATH1900 - Rochester Institute of Technology': no usable link (live)
[1460/3152] 'MATH261 - Rochester Institute of Technology' (live): SAVED top 2 -> https://www.se.rit.edu/~swen-261/slides/CourseOverview.pdf + https://spot.pcc.edu/~ajordan/MTH261Summer2019/section-downloads.html
[1461/3152] 'MATH273 - Rochester Institute of Technology' (live): SAVED top 2 -> https://www.elac.edu/sites/elac.edu/files/2023-03/Math273.pdf + https://web.stanford.edu/~lindrew/math273B.pdf
[1462/3152] 'MATH326 - Rochester Institute of Technology' (live): SAVED top 2 -> https://byuistats.github.io/Math326_Quarto4/ + https://byuistats.github.io/Math326_Quarto4/index.html
[1463/3152] 'MATH361 - Rochester Institute of Technology' (live): SAVED top 2 -> https://math.oit.edu/~overholserr/current/math361/math361.html + https://math.webwork.rochester.edu/webwork2/
[1464/3152] 'MATH366 - Rochester Institute of Technology' (live): SAVED top 2 -> https://math.webwork.rochester.edu/webwork2/ + https://www.rit.edu/study/undergraduate-and-graduate-catalogs
[1465/3152] 'MATH381 - Rochester Institute of Technology' (live): SAVED top 2 -> https://ccrgpages.rit.edu/~whelan/courses/2022_1sp_MATH_381/ + https://davidev.web.unc.edu/math-381/
[1466/3152] 'MATH646 - Rochester Institute of Technology' (live): SAVED top 2 -> https://math.webwork.rochester.edu/moodle/course/index.php + https://www.rit.edu/study/undergraduate-and-graduate-catalogs
[1467/3152] 'MTH190 - Rochester Institute of Technology': no usable link (live)
[1468/3152] 'NSSA241 - Rochester Institute of Technology' (live): SAVED top 1 -> https://www.rit.edu/computing/sites/rit.edu.computing/files/docs/IST-Information/CIT%202026.pdf
[1469/3152] 'PHYS111 - Rochester Institute of Technology': no usable link (live)
[1470/3152] 'PHYS150 - Rochester Institute of Technology': no usable link (live)
[1471/3152] 'PHYS211A - Rochester Institute of Technology' (live): SAVED top 2 -> http://spiff.rit.edu/classes/phys211/workshops/w_intro/intro_slides/intro.html + https://phys211.github.io/Fall2024/starthere.html
[1472/3152] 'PHYS220 - Rochester Institute of Technology' (live): SAVED top 2 -> http://ridl.cfd.rit.edu/products/training/University%20Astronomy%2020195/PHYS.220%2020195%20syllabus.doc + https://www.sas.rochester.edu/pas/undergraduate/courses.html
[1473/3152] 'STAT335 - Rochester Institute of Technology': no usable link (live)
[1474/3152] 'UP1 - Rochester Institute of Technology' (live): SAVED top 2 -> https://www.rit.edu/study/undergraduate-and-graduate-catalogs + https://repository.rit.edu/archives/454/
[1475/3152] 'CSSE132 - Rose-Hulman Institute of Technology': no usable link (live)
[1476/3152] 'CSSE474 - Rose-Hulman Institute of Technology' (live): SAVED top 2 -> https://www.rose-hulman.edu/class/csse/csse474/syllabus.html + https://www.rose-hulman.edu/class/csse/csse474/202030/syllabus.html
[1477/3152] 'MA276 - Rose-Hulman Institute of Technology' (live): SAVED top 2 -> https://www.rose-hulman.edu/academics/course-catalog/2024-2025/programs/Mathematics/ma-276.html + https://www.rhit.edu/academics/course-catalog/2020-2021/programs/Mathematics/ma-276.html
[1478/3152] 'MA332 - Rose-Hulman Institute of Technology': no usable link (live)
[1479/3152] 'MA335 - Rose-Hulman Institute of Technology': no usable link (live)
[1480/3152] 'MA366 - Rose-Hulman Institute of Technology' (live): SAVED top 2 -> https://www.rose-hulman.edu/academics/course-catalog/2024-2025/programs/Mathematics/ma-366.html + https://www.rose-hulman.edu/~bryan/ma366.html
[1481/3152] 'MA371 - Rose-Hulman Institute of Technology' (live): SAVED top 2 -> https://www.rose-hulman.edu/academics/course-catalog/2024-2025/programs/Mathematics/ma-371.html + https://www.rhit.edu/academics/course-catalog/2017-2018/programs/Mathematics/ma-371.html
[1482/3152] 'MA415 - Rose-Hulman Institute of Technology': no usable link (live)
[1483/3152] 'PH111L - Rose-Hulman Institute of Technology': no usable link (live)
[1484/3152] 'PH112L - Rose-Hulman Institute of Technology' (live): SAVED top 2 -> https://www.rose-hulman.edu/academics/course-catalog/2023-2024/programs/Physics/ph-112.html + https://www.rhit.edu/academics/course-catalog/2020-2021/course-descriptions.html
[1485/3152] 'PH113 - Rose-Hulman Institute of Technology': no usable link (live)
[1486/3152] 'PH113L - Rose-Hulman Institute of Technology' (live): SAVED top 1 -> https://www.rose-hulman.edu/academics/course-catalog/2023-2024/programs/Physics/ph-113.html
[1487/3152] 'PH292 - Rose-Hulman Institute of Technology' (live): SAVED top 2 -> https://www.rose-hulman.edu/academics/course-catalog/2022-2023/programs/Physics/ph-292.html + https://www.rose-hulman.edu/academics/course-catalog/2016-2017/programs/Physics/ph-292.html
[1488/3152] 'CS02480 - Rowan University' (live): SAVED top 2 -> https://banner9.rowan.edu/ords/ssb/bwckctlg.p_disp_course_detail?cat_term_in=202420&amp;subj_code_in=CS&amp;crse_numb_in=02480 + https://tanu1208.github.io/lectures.html
[1489/3152] 'CS02505 - Rowan University': no usable link (live)
[1490/3152] 'CS02530 - Rowan University' (live): SAVED top 2 -> https://banner9.rowan.edu/ords/ssb/bwckctlg.p_disp_course_detail?cat_term_in=202030&amp;subj_code_in=CS&amp;crse_numb_in=04530 + https://ocw.mit.edu/
[1491/3152] 'CS04222 - Rowan University' (live): SAVED top 2 -> https://csm.rowan.edu/departments/cs/advising/resources/syllabi/cs_04222.pdf + https://banner9.rowan.edu/ords/ssb/bwckctlg.p_disp_course_detail?cat_term_in=202040&amp;subj_code_in=CS&amp;crse_numb_in=04222
[1492/3152] 'HIST05101 - Rowan University' (live): SAVED top 1 -> https://banner9.rowan.edu/ords/ssb/bwckctlg.p_disp_course_detail?cat_term_in=202420&amp;subj_code_in=HIST&amp;crse_numb_in=05101
[1493/3152] 'MATH01090 - Rowan University' (live): SAVED top 2 -> https://banner9.rowan.edu/ords/ssb/bwckctlg.p_disp_course_detail?cat_term_in=201830&amp;subj_code_in=MATH&amp;crse_numb_in=01124 + https://csm.rowan.edu/departments/math/advising/department-syllabi.html
[1494/3152] 'MATH01110 - Rowan University' (live): SAVED top 2 -> https://csm.rowan.edu/departments/math/advising/department-syllabi.html + https://sites.rowan.edu/catalogs/
[1495/3152] 'MATH01115 - Rowan University': no usable link (live)
[1496/3152] 'MATH01118 - Rowan University' (live): SAVED top 2 -> https://csm.rowan.edu/_docs/math/syllabi/math-01118-quantitative-reasoning.pdf + https://webwork-new.rowan.edu/webwork2/
[1497/3152] 'MATH01122 - Rowan University' (live): SAVED top 2 -> https://banner9.rowan.edu/ords/ssb/bwckctlg.p_disp_course_detail?cat_term_in=202030&amp;subj_code_in=MATH&amp;crse_numb_in=01122 + https://banner9.rowan.edu/ords/ssb/bwckctlg.p_disp_course_detail?cat_term_in=201910&amp;subj_code_in=MATH&amp;crse_numb_in=01122
[1498/3152] 'MATH01123 - Rowan University' (live): SAVED top 2 -> https://banner9.rowan.edu/ords/ssb/bwckctlg.p_disp_course_detail?cat_term_in=202030&amp;subj_code_in=MATH&amp;crse_numb_in=01123 + https://ocw.mit.edu/
[1499/3152] 'MATH01124 - Rowan University': no usable link (live)
[1500/3152] 'MATH01130 - Rowan University' (live): SAVED top 2 -> https://csm.rowan.edu/_docs/calculus-i-01.130--apr2021,-li.pdf + https://banner9.rowan.edu/ords/ssb/bwckctlg.p_disp_course_detail?cat_term_in=201830&amp;subj_code_in=MATH&amp;crse_numb_in=01130
[1501/3152] 'MATH01131 - Rowan University' (live): SAVED top 2 -> https://banner9.rowan.edu/ords/ssb/bwckctlg.p_disp_course_detail?cat_term_in=202520&amp;subj_code_in=MATH&amp;crse_numb_in=01131 + https://webwork-new.rowan.edu/webwork2/
[1502/3152] 'MATH01201 - Rowan University' (live): SAVED top 1 -> https://banner9.rowan.edu/ords/ssb/bwckctlg.p_disp_course_detail?cat_term_in=202440&amp;subj_code_in=MATH&amp;crse_numb_in=01201
[1503/3152] 'MATH01204 - Rowan University': no usable link (live)
[1504/3152] 'MATH01210 - Rowan University' (live): SAVED top 2 -> https://csm.rowan.edu/departments/math/_docs/Syllabi/linear-algebra-01210_may18_nb.pdf + https://webwork-new.rowan.edu/webwork2/
[1505/3152] 'MATH01230 - Rowan University' (live): SAVED top 2 -> https://csm.rowan.edu/_docs/calculus-iii-01230-apr2021,-li.pdf + https://webwork-new.rowan.edu/webwork2/
[1506/3152] 'MATH01235 - Rowan University': no usable link (live)
[1507/3152] 'MATH01301 - Rowan University': no usable link (live)
[1508/3152] 'MATH03125 - Rowan University' (live): SAVED top 2 -> https://csm.rowan.edu/departments/math/_docs/mathfacultysyllabi/macaluso-mth---03125---rowan---syllabus.pdf + https://csm.rowan.edu/departments/math/_docs/Syllabi/calculus-techniques-and-applications-03125_may18_nb.pdf
[1509/3152] 'MATH03150 - Rowan University' (live): SAVED top 2 -> https://banner9.rowan.edu/ords/ssb/bwckctlg.p_disp_course_detail?cat_term_in=202140&amp;subj_code_in=MATH&amp;crse_numb_in=03150 + https://csm.rowan.edu/_docs/math/discrete-math-master-syllabus-fall-2025.pdf
[1510/3152] 'MATH03160 - Rowan University' (live): SAVED top 2 -> https://banner9.rowan.edu/ords/ssb/bwckctlg.p_disp_course_detail?cat_term_in=202420&amp;subj_code_in=MATH&amp;crse_numb_in=03160 + https://banner9.rowan.edu/ords/ssb/bwckctlg.p_disp_course_detail?cat_term_in=202330&amp;subj_code_in=MATH&amp;crse_numb_in=03160
[1511/3152] 'MEA1 - Rowan University' (live): SAVED top 2 -> https://sites.rowan.edu/catalogs/ + https://www.rowan.edu/academics/cou_sche_reg.html
[1512/3152] 'PHYS00210 - Rowan University' (live): SAVED top 2 -> https://csm.rowan.edu/departments/physics/advising/coursedescriptions.html + https://sectiontally.rowan.edu/course/details?termCode=202540&amp;courseNumber=00210&amp;subject=PHYS
[1513/3152] 'PHYS0022 - Rowan University' (live): SAVED top 2 -> https://csm.rowan.edu/departments/physics/advising/coursedescriptions.html + https://banner9.rowan.edu/ords/ssb/bwckctlg.p_disp_course_detail?cat_term_in=201830&amp;subj_code_in=PHYS&amp;crse_numb_in=00222
[1514/3152] 'PHYS00220 - Rowan University': no usable link (live)
[1515/3152] 'PHYS00222 - Rowan University' (live): SAVED top 2 -> https://banner9.rowan.edu/ords/ssb/bwckctlg.p_disp_course_detail?cat_term_in=202430&amp;subj_code_in=PHYS&amp;crse_numb_in=00222 + https://csm.rowan.edu/departments/physics/advising/coursedescriptions.html
[1516/3152] 'PRV1 - Rowan University': no usable link (live)
[1517/3152] 'SRAT1 - Rowan University': no usable link (live)
[1518/3152] 'STAT02100 - Rowan University': no usable link (live)
[1519/3152] 'STAT02102 - Rowan University': no usable link (live)
[1520/3152] 'STAT02260 - Rowan University' (live): SAVED top 2 -> https://csm.rowan.edu/departments/math/_docs/mathfacultysyllabi/morrison-stat_i_syllabus_s_19.pdf + https://banner9.rowan.edu/ords/ssb/bwckctlg.p_disp_course_detail?cat_term_in=202230&amp;subj_code_in=STAT&amp;crse_numb_in=02260
[1521/3152] 'STAT02265 - Rowan University': no usable link (live)
[1522/3152] 'STAT02280 - Rowan University': no usable link (live)
[1523/3152] 'STAT02284 - Rowan University': no usable link (live)
[1524/3152] 'STRUC201 - Rowan University' (live): SAVED top 2 -> https://www.rowan.edu/academics/cou_sche_reg.html + https://ocw.mit.edu/
[1525/3152] 'MA133 - Sacred Heart University' (live): SAVED top 2 -> https://www.sacredheart.edu/offices--departments-directory/registrar/academic-catalogs/ + https://spa.sacredheart.edu/Student/Courses
[1526/3152] 'PY103 - Sacred Heart University': no usable link (live)
[1527/3152] 'PY113 - Sacred Heart University' (live): SAVED top 2 -> https://www.sacredheart.edu/offices--departments-directory/registrar/academic-catalogs/ + https://spa.sacredheart.edu/Student/Courses
[1528/3152] 'STATS131 - Sacred Heart University' (live): SAVED top 2 -> https://www.sacredheart.edu/academics/colleges--schools/college-of-arts--sciences/departments--schools/mathematics/course-syllabi/ + https://www.sacredheart.edu/offices--departments-directory/registrar/academic-catalogs/
[1529/3152] 'MATH1660 - Saint Louis University' (live): SAVED top 2 -> https://courses.slu.edu/ + https://www.slu.edu/provost/faculty-affairs/teaching-resources-for-faculty/course-syllabus-information/index.php
[1530/3152] 'MATH2530 - Saint Louis University' (live): SAVED top 2 -> https://courses.slu.edu/ + https://www.slu.edu/services/registrar/catalog/courses.html
[1531/3152] 'PHYS1630 - Saint Louis University': no usable link (live)
[1532/3152] 'STAT1300 - Saint Louis University': no usable link (live)
[1533/3152] 'MATH0332 - Sam Houston State University': no usable link (live)
[1534/3152] 'MATH1369 - Sam Houston State University': no usable link (live)
[1535/3152] 'MATH1384 - Sam Houston State University': no usable link (live)
[1536/3152] 'MATH1385 - Sam Houston State University': no usable link (live)
[1537/3152] 'MATH1420 - Sam Houston State University': no usable link (live)
[1538/3152] 'MATH2395 - Sam Houston State University' (live): SAVED top 1 -> https://intranet.shsu.edu/services/course-and-faculty-information
[1539/3152] 'MATH3379 - Sam Houston State University' (live): SAVED top 1 -> https://www.math.uh.edu/~dog/Math3379/math_3379.htm
[1540/3152] 'STAT3379 - Sam Houston State University': no usable link (live)
[1541/3152] 'EE340 - San Diego State University': no usable link (live)
[1542/3152] 'IDS301 - San Diego State University': no usable link (live)
[1543/3152] 'MATH521A - San Diego State University' (live): SAVED top 2 -> https://usdssb.sandiego.edu/prod/usd_course_query.p_start + https://digitalcollections.sdsu.edu/do/5f2f9a88-b5ac-413c-8e14-ebf395ddd639
[1544/3152] 'MIS180 - San Diego State University' (live): SAVED top 2 -> https://digitalcollections.sdsu.edu/do/fe2dd291-cf90-4a59-adc5-038bf9fdf919/file/acc49765-7d5f-4f02-9e3c-3a38b7a8125d/download/MIS180_04_10_Meader_Spring2022.pdf + https://digitalcollections.sdsu.edu/do/1ad54066-a7fd-4597-a7ce-aff393b799e6
[1545/3152] 'STAT350A - San Diego State University' (live): SAVED top 1 -> https://edoras.sdsu.edu/~jjfan/stat350a/
[1546/3152] 'STAT551A - San Diego State University': no usable link (live)
[1547/3152] 'STAT551AB - San Diego State University' (live): SAVED top 2 -> https://digitalcollections.sdsu.edu/do/6485c28d-f82a-4976-931e-c8644358a0a3 + https://math.sdsu.edu/courses/syllabi_stat/stat551a
[1548/3152] 'STAT551B - San Diego State University': no usable link (live)
[1549/3152] 'STATS119 - San Diego State University' (live): SAVED top 2 -> https://digitalcollections.sdsu.edu/do/1f043c15-b65e-40d8-abaf-dc467b1999fc + https://math.sdsu.edu/courses/courses_stat
[1550/3152] 'STATS550 - San Diego State University' (live): SAVED top 2 -> https://rotar.sdsu.edu/550past.html + https://github.com/Stat550-2021/lecture-slides
[1551/3152] 'CSC324 - San Francisco State University' (live): SAVED top 2 -> https://github.com/nasirhemed/CSC324-notes + https://www.cs.toronto.edu/~david/teaching.html
[1552/3152] 'ISED160 - San Francisco State University': no usable link (live)
[1553/3152] 'STATS124 - San Francisco State University' (live): SAVED top 2 -> https://math.sfsu.edu/courses/124 + https://math.sfsu.edu/
[1554/3152] 'EE118 - San Jose State University' (live): SAVED top 1 -> https://www.sjsu.edu/ee/undergraduate-program/syllabi.php
[1555/3152] 'EE153 - San Jose State University' (live): SAVED top 1 -> https://www.sjsu.edu/ee/undergraduate-program/syllabi.php
[1556/3152] 'MATH133A - San Jose State University': no usable link (live)
[1557/3152] 'MATH133B - San Jose State University': no usable link (live)
[1558/3152] 'MATH178 - San Jose State University': no usable link (live)
[1559/3152] 'MATH18A - San Jose State University' (live): SAVED top 1 -> https://www.sjsu.edu/faculty/guangliang.chen/Math39.html
[1560/3152] 'MATH18B - San Jose State University': no usable link (live)
[1561/3152] 'MATH30P - San Jose State University' (live): SAVED top 2 -> https://www.sjsu.edu/people/michael.vartanian/courses/math30P_f13/s1/Syllabus__30P_F13.docx + https://www.sjsu.edu/math/student-resources/courses/index.php
[1562/3152] 'MATH30W - San Jose State University' (live): SAVED top 1 -> https://www.sjsu.edu/math/student-resources/courses/index.php
[1563/3152] 'MATH33LA - San Jose State University': no usable link (live)
[1564/3152] 'MATH39 - San Jose State University' (live): SAVED top 2 -> https://www.sjsu.edu/faculty/guangliang.chen/Math39/Math39_Syllabus_F22.pdf + https://www.sjsu.edu/faculty/guangliang.chen/Math39.html
[1565/3152] 'PHY50 - San Jose State University': no usable link (live)
[1566/3152] 'PHY50LAB - San Jose State University' (live): SAVED top 2 -> https://www.sjsu.edu/people/raymond.kwok/courses/physics/phys50/lecture/ + https://www.sjsu.edu/people/raymond.kwok/courses/physics/phys50/
[1567/3152] 'PHYS2BLAB - San Jose State University': no usable link (live)
[1568/3152] 'PHYS49 - San Jose State University': no usable link (live)
[1569/3152] 'PHYS50LAB - San Jose State University' (live): SAVED top 2 -> https://www.sjsu.edu/people/raymond.kwok/courses/physics/phys50/lecture/ + https://www.sjsu.edu/people/raymond.kwok/courses/physics/phys50/
[1570/3152] 'COEN19 - Santa Clara University' (live): SAVED top 2 -> https://www.scu.edu/bulletin/ + https://www.scu.edu/bulletin/undergraduate-bulletin/
[1571/3152] 'ECEN21 - Santa Clara University' (live): SAVED top 2 -> https://github.com/DylanTburg/Santa-Clara-University/tree/main/ECEN21-Introduction_To_Logic_Design + https://www.scu.edu/bulletin/undergraduate/chapter-5-school-of-engineering/electrical-and-computer-engineering.html
[1572/3152] 'ECEN50 - Santa Clara University' (live): SAVED top 2 -> https://www.engr.scu.edu/~azecevic/files/ECEN50/Syllabus%20ECEN%2050.pdf + https://www.scu.edu/engineering/current-student-resources/current-undergraduate-students/presentation-templates-and-graphics/
[1573/3152] 'MATH11 - Santa Clara University' (live): SAVED top 2 -> https://courses.teach.ucdavis.edu/institutions/santa-clara-university/math-11-calculus-analytic-geometry-i + https://github.com/ngthu003/math11_TA
[1574/3152] 'MATH14 - Santa Clara University' (live): SAVED top 2 -> https://www.scu.edu/bulletin/ + https://www.scu.edu/cas/mathcs/academic-program/first-course-faqs/
[1575/3152] 'MATH9L - Santa Clara University': no usable link (live)
[1576/3152] 'PHYS31 - Santa Clara University': no usable link (live)
[1577/3152] 'PHYS31LAB - Santa Clara University' (live): SAVED top 2 -> https://www.scu.edu/engineering/current-student-resources/current-undergraduate-students/presentation-templates-and-graphics/ + https://www.scu.edu/bulletin/
[1578/3152] 'PHYS32 - Santa Clara University' (live): SAVED top 2 -> https://www.scu.edu/bulletin/undergraduate/chapter-3-college-of-arts-and-sciences/physics-and-engineering-physics.html + https://www.scu.edu/cas/physics-and-engineering-physics/academic-program/physics-minor-clusters/
[1579/3152] 'PHYS33 - Santa Clara University': no usable link (live)
[1580/3152] 'MATH1028 - Seattle University': no usable link (live)
[1581/3152] 'MATH1335 - Seattle University' (live): SAVED top 1 -> https://www.seattle.edu/media/seattle-university/college-of-science-and-engineering/files/Math-Course-Structure---New-Format-E-8-9-17.pdf
[1582/3152] 'MATH1336 - Seattle University' (live): SAVED top 1 -> https://github.com/christinelindcole/25SQ-1336
[1583/3152] 'PHYS1060 - Seattle University' (live): SAVED top 2 -> https://www.seattleu.edu/instructional-design-studio/resources/canvas-templates/ + https://ocw.mit.edu/
[1584/3152] 'PHYS1210 - Seattle University' (live): SAVED top 2 -> https://my.ec.seattleu.edu/student/student/courses/search?keyword=physics+1210 + https://my.ec.seattleu.edu/Student/Courses
[1585/3152] 'PHYS1220 - Seattle University' (live): SAVED top 2 -> https://physics.uwyo.edu/~jinke/PHYS1220SyllabusSpring2018.htm + https://physics.uwyo.edu/~ddale/teach/23_24/
[1586/3152] 'UCOR1200 - Seattle University': no usable link (live)
[1587/3152] 'MATH1014 - Seton Hall University' (live): SAVED top 2 -> http://pirate.shu.edu/~wachsmut/Teaching/MATH1014/index.html + https://liyixintsa.github.io/MATH1014.html
[1588/3152] 'MATH1202 - Seton Hall University' (live): SAVED top 2 -> https://catalogue.shu.edu/undergraduate/course-descriptions/math/ + https://catalogue.shu.edu/undergraduate/course-descriptions/
[1589/3152] 'MATH1303 - Seton Hall University': no usable link (live)
[1590/3152] 'MATH1411 - Seton Hall University': no usable link (live)
[1591/3152] 'MATH1611 - Seton Hall University' (live): SAVED top 2 -> https://catalogue.shu.edu/undergraduate/course-descriptions/ + https://www.shu.edu/math-compsci/bs-in-mathematics-curriculum.html
[1592/3152] 'PHYS1702 - Seton Hall University' (live): SAVED top 2 -> https://catalogue.shu.edu/undergraduate/course-descriptions/phys/ + https://www.shu.edu/academics/bs-physics.html
[1593/3152] 'PHYS2185 - Seton Hall University': no usable link (live)
[1594/3152] 'STATS2111 - Seton Hall University' (live): SAVED top 2 -> https://catalogue.shu.edu/undergraduate/course-descriptions/ + https://pcs.shu.edu/search/publicCourseAdvancedSearch.do?method=load
[1595/3152] 'MATH275 - Siena College': no usable link (live)
[1596/3152] 'PHYS010 - Siena College': no usable link (live)
[1597/3152] 'QBUS100 - Siena College': no usable link (live)
[1598/3152] 'QBUS110 - Siena College': no usable link (live)
[1599/3152] 'QBUS200 - Siena College': no usable link (live)
[1600/3152] 'EDUC475 - Simon Fraser University': no usable link (live)
[1601/3152] 'FANX99 - Simon Fraser University' (live): SAVED top 2 -> https://www.sfu.ca/students/calendar/courses/fan/x99.html + https://coursys.sfu.ca/2026su-fan-x99-d1/pages/
[1602/3152] 'MACM202 - Simon Fraser University': no usable link (live)
[1603/3152] 'MACM204 - Simon Fraser University' (live): SAVED top 2 -> https://www.sfu.ca/students/calendar/2026/summer/courses/macm/204.html + https://www.cecm.sfu.ca/~mmonagan/teaching/MACM204F22/index.shtml
[1604/3152] 'MACM401 - Simon Fraser University': no usable link (live)
[1605/3152] 'MATH1511 - Simon Fraser University': no usable link (live)
[1606/3152] 'PHYS355 - Simon Fraser University' (live): SAVED top 2 -> https://www.sfu.ca/outlines.html + https://www.sfu.ca/psychology/undergraduate/course-information.html
[1607/3152] 'STAT270 - Simon Fraser University': no usable link (live)
[1608/3152] 'STAT285 - Simon Fraser University' (live): SAVED top 2 -> https://www.sfu.ca/students/calendar/courses/stat/285.html + https://www.sfu.ca/stat-actsci/all-students/courses/course-outline-archives/stat-285.html
[1609/3152] 'STAT475 - Simon Fraser University': no usable link (live)
[1610/3152] 'MA100 - Skidmore College': no usable link (live)
[1611/3152] 'MA113H - Skidmore College' (live): SAVED top 2 -> https://dvella.domains.skidmore.edu/courses/m113hsyl.htm + https://www.skidmore.edu/hf/curriculum/courses/mathematics.php
[1612/3152] 'MA202 - Skidmore College' (live): SAVED top 2 -> https://www.ms.uky.edu/~droyster/courses/ma201-202/Slides%20&amp;%20Graphics/Ch%2013/13.2/sec13-2%20slides.pdf + https://www.nitt.edu/home/academics/departments/eee/programmes/btech/Curriculum/4_SEM.pdf
[1613/3152] 'MA215 - Skidmore College': no usable link (live)
[1614/3152] 'MA270 - Skidmore College': no usable link (live)
[1615/3152] 'MS104 - Skidmore College' (live): SAVED top 2 -> https://academics.skidmore.edu/blogs/ssp100-042-f15/syllabus-2/syllabus/ + https://ee104.stanford.edu/lectures.html
[1616/3152] 'PY109 - Skidmore College': no usable link (live)
[1617/3152] 'PY207 - Skidmore College' (live): SAVED top 2 -> https://www.skidmore.edu/hf/curriculum/courses/physics.php + https://ocw.mit.edu/
[1618/3152] 'SDS192 - Smith College': no usable link (live)
[1619/3152] 'SDS201 - Smith College' (live): SAVED top 2 -> https://www.science.smith.edu/~rgarcia/sds201-S18/index.html + https://www.fivecolleges.edu/courses/SC/2024/FALL/SDS/201/02
[1620/3152] 'SDS220 - Smith College': no usable link (live)
[1621/3152] 'SDS291 - Smith College' (live): SAVED top 2 -> https://www.fivecolleges.edu/courses/SC/2026/SPRING/SDS/291/02 + https://beanumber.github.io/sds291/syllabus.html
[1622/3152] 'PHYS203A - Southern Illinois University Carbondale': no usable link (live)
[1623/3152] 'M3304 - Southern Methodist University' (live): SAVED top 2 -> https://s3.smu.edu/des/syllabus/ + https://drreynolds.github.io/teaching/Math3304
[1624/3152] 'MAT1337 - Southern Methodist University' (live): SAVED top 2 -> https://s2.smu.edu/tcarr/math.1337/syllabus-f11.pdf + https://www.smu.edu/-/media/Site/Dedman/DeansOffice/SMUDCPPT_16x9_White.pptx
[1625/3152] 'MATH1304 - Southern Methodist University' (live): SAVED top 1 -> https://s3.smu.edu/des/cache/syllabus/1227/MATH/MATH1304.001.Fall2022.8.10.2022.1314750811.pdf
[1626/3152] 'MATH1309 - Southern Methodist University' (live): SAVED top 2 -> https://www.smu.edu/-/media/site/intersessions/formattedsyllabi/1193_1194/math_1309_seets.pdf + https://www.smu.edu/-/media/Site/Intersessions/FormattedSyllabi/1193_1194/MATH_1309_NEWELL.pdf
[1627/3152] 'MATH1337 - Southern Methodist University': no usable link (live)
[1628/3152] 'MATH1338 - Southern Methodist University': no usable link (live)
[1629/3152] 'MATH2339 - Southern Methodist University': no usable link (live)
[1630/3152] 'MATH2343 - Southern Methodist University' (live): SAVED top 1 -> https://s3.smu.edu/des/syllabus/
[1631/3152] 'MATH3302 - Southern Methodist University': no usable link (live)
[1632/3152] 'MATH3304 - Southern Methodist University': no usable link (live)
[1633/3152] 'MATH3315 - Southern Methodist University': no usable link (live)
[1634/3152] 'MATH3316 - Southern Methodist University' (live): SAVED top 2 -> https://drreynolds.github.io/teaching/Math3316 + https://s3.smu.edu/des/syllabus/
[1635/3152] 'PHS1303 - Southern Methodist University' (live): SAVED top 2 -> https://www.physics.smu.edu/sekula/phys1303/ClassSlides001.pdf + https://www.physics.smu.edu/sekula/phys1303/notes.html
[1636/3152] 'PHYS1303 - Southern Methodist University': no usable link (live)
[1637/3152] 'PHYS1304 - Southern Methodist University' (live): SAVED top 2 -> https://www.physics.smu.edu/cooley/phy1308/lectures.html + https://www.physics.smu.edu/yejb/teaching/1304_2018s/main.htm
[1638/3152] 'PHYS1308 - Southern Methodist University' (live): SAVED top 2 -> https://www.physics.smu.edu/sekula/phy1308/notes.html + https://www.physics.smu.edu/cooley/phy1308/
[1639/3152] 'STAT2301 - Southern Methodist University': no usable link (live)
[1640/3152] 'STAT2311 - Southern Methodist University' (live): SAVED top 1 -> https://s3.smu.edu/des/cache/syllabus/1227/STAT/STAT2331.804.Fall2022.10.12.2022.443782574.pdf
[1641/3152] 'STAT2331 - Southern Methodist University': no usable link (live)
[1642/3152] 'STAT3300 - Southern Methodist University': no usable link (live)
[1643/3152] 'STAT3341 - Southern Methodist University': no usable link (live)
[1644/3152] 'STAT4340 - Southern Methodist University' (live): SAVED top 2 -> https://www.smu.edu/mayterm/~/media/site/mayterm/syllabus/stat4340.ashx + https://github.com/ssyht/STAT4340-Midterm-Project1/blob/main/final-slides.pdf
[1645/3152] 'STAT6301 - Southern Methodist University' (live): SAVED top 2 -> https://stat.osu.edu/sites/default/files/2023-08/au23-stat-6301-stasny.pdf + https://stat.osu.edu/courses/stat-6301
[1646/3152] "PHY1610 - St. John's University" (live): SAVED top 2 -> https://www.stjohns.edu/academics/st-johns-course-offerings + https://www.stjohns.edu/offices-departments/physics
[1647/3152] 'EE284 - Stanford University': no usable link (live)
[1648/3152] 'MATH51 - Stanford University': no usable link (live)
[1649/3152] 'EE605A - Stevens Institute of Technology': no usable link (live)
[1650/3152] 'MA1256 - Stevens Institute of Technology': no usable link (live)
[1651/3152] 'PEP111 - Stevens Institute of Technology' (live): SAVED top 2 -> https://web.stevens.edu/catalog/archive/2022-2023/en/catalog/academic-catalog/courses/pep-physics-engineering-physics/100/pep-111.html + https://www.stevens.edu/academics/academic-catalog
[1652/3152] 'PEP151 - Stevens Institute of Technology': no usable link (live)
[1653/3152] 'AMS151 - Stony Brook University' (live): SAVED top 2 -> https://www.stonybrook.edu/ams/academics/undergraduate/ug-courses/ams-151.html + https://www.llrc.stonybrook.edu/commcms/ams/academics/undergraduate/_courses/ams151.php
[1654/3152] 'AMS161 - Stony Brook University' (live): SAVED top 2 -> https://www.stonybrook.edu/ams/academics/undergraduate/ug-courses/ams-161.html + https://www.llrc.stonybrook.edu/commcms/ams/academics/undergraduate/_courses/ams161
[1655/3152] 'AST105 - Stony Brook University': no usable link (live)
[1656/3152] 'MAP103 - Stony Brook University': no usable link (live)
[1657/3152] 'MAT125 - Stony Brook University' (live): SAVED top 2 -> https://www.math.stonybrook.edu/~dzhou/mat125-fall23/ + https://www.math.stonybrook.edu/MAT125
[1658/3152] 'MAT200 - Stony Brook University' (live): SAVED top 2 -> https://www.math.stonybrook.edu/MAT200 + https://www.math.stonybrook.edu/mathematics-courses
[1659/3152] 'MAT307 - Stony Brook University' (live): SAVED top 1 -> https://www.math.stonybrook.edu/MAT307
[1660/3152] 'PHY119 - Stony Brook University' (live): SAVED top 2 -> https://www.stonybrook.edu/commcms/physics/undergrad/_syllabi/2022springsyllabi/PHY%20119.pdf + https://www.stonybrook.edu/commcms/physics/undergrad/_syllabi/2025.S/PHY%20119%20ENS%20119_%20%20SYLLABUS.docx
[1661/3152] 'PHY125 - Stony Brook University': no usable link (live)
[1662/3152] 'PHY126 - Stony Brook University': no usable link (live)
[1663/3152] 'PHY132 - Stony Brook University' (live): SAVED top 2 -> https://www.stonybrook.edu/commcms/physics/undergrad/_syllabi/2025.F/PHY%20132.pdf + https://www.stonybrook.edu/commcms/physics/undergrad/_syllabi/2025.S/PHY%20132.01%20in%20person.pdf
[1664/3152] 'PHY133 - Stony Brook University': no usable link (live)
[1665/3152] 'CMPSC331 - Suffolk University': no usable link (live)
[1666/3152] 'MATH130C - Suffolk University' (live): SAVED top 2 -> https://www.suffolk.edu/-/media/suffolk/documents/madrid/academics/courses/course-descriptions/course-pdfs/math-130.pdf?la=en&amp;hash=FDEE7C32222A286D172E856342DF2FD7CBA1F498 + https://www.suffolk.edu/coursesearch
[1667/3152] 'MTH203 - SUNY Brockport' (live): SAVED top 2 -> https://webwork1.brockport.edu/webwork2/MTH203_F20/ + http://webwork.brockport.edu/webwork2/MTH203_S21/
[1668/3152] 'MTH212 - SUNY Brockport': no usable link (live)
[1669/3152] 'MTH281 - SUNY Brockport': no usable link (live)
[1670/3152] 'MTH324 - SUNY Brockport' (live): SAVED top 2 -> https://webwork1.brockport.edu/webwork2/MTH324_S18/ + https://nreff.github.io/previousclasses/MTH324F2015/HW/MTH324.pdf
[1671/3152] 'MTH346 - SUNY Brockport': no usable link (live)
[1672/3152] 'MTH452 - SUNY Brockport' (live): SAVED top 2 -> https://webwork.brockport.edu/webwork2/ + https://www.brockport.edu/academics/catalogs/
[1673/3152] 'MTH481 - SUNY Brockport' (live): SAVED top 2 -> https://users.math.msu.edu/users/meierfra/Classnotes/M481S20/abstract.html + https://www.brockport.edu/academics/catalogs/
[1674/3152] 'PHS235 - SUNY Brockport' (live): SAVED top 2 -> http://teacher.pas.rochester.edu/PHY235/LectureSlides/LectureSlidesIndex.htm + https://webapp.brockport.edu/system/catalogue/show_course.php?course=PHS235
[1675/3152] 'PHS240 - SUNY Brockport': no usable link (live)
[1676/3152] 'MAED301 - SUNY Fredonia' (live): SAVED top 2 -> https://www.fredonia.edu/academics/colleges-schools/school-business/business/applied-professional-studies/courses + https://www.fredonia.edu/academics/extended-learning/online-education
[1677/3152] 'MAED302 - SUNY Fredonia' (live): SAVED top 2 -> https://www.fredonia.edu/academics/colleges-schools/school-business/business/applied-professional-studies/courses + https://www.fredonia.edu/academics/fredlearn
[1678/3152] 'CALC221 - SUNY Geneseo': no usable link (live)
[1679/3152] 'MATH239 - SUNY Geneseo': no usable link (live)
[1680/3152] 'MATH360 - SUNY Geneseo' (live): SAVED top 2 -> https://bulletin.geneseo.edu/preview_course_nopop.php?catoid=16&amp;coid=20432 + https://bulletin.geneseo.edu/preview_course_nopop.php?catoid=12&amp;coid=15636
[1681/3152] 'PHY113 - SUNY Geneseo' (live): SAVED top 2 -> https://users.wfu.edu/natalie/f13phy113/lecturenote/ + https://tildesites.geneseo.edu/~pogo/GeneralI/GeneralI.htm
[1682/3152] 'PHY123 - SUNY Geneseo' (live): SAVED top 2 -> https://bulletin.geneseo.edu/preview_course_nopop.php?catoid=24&amp;coid=31426 + https://bulletin.geneseo.edu/preview_course_nopop.php?catoid=27&amp;coid=36088
[1683/3152] 'PHYS123 - SUNY Geneseo': no usable link (live)
[1684/3152] 'PHYS125 - SUNY Geneseo': no usable link (live)
[1685/3152] 'PHYS226 - SUNY Geneseo' (live): SAVED top 2 -> https://tildesites.geneseo.edu/~mclean/SophLab/ + https://bulletin.geneseo.edu/preview_course_nopop.php?catoid=12&amp;coid=15806
[1686/3152] 'PHYS228 - SUNY Geneseo': no usable link (live)
[1687/3152] 'MAT183 - SUNY New Paltz' (live): SAVED top 2 -> https://www.newpaltz.edu/classes/description.php?course=MAT183 + https://www.newpaltz.edu/ugc/science/math/coursedescriptions.php?course=MAT183
[1688/3152] 'MAT252 - SUNY New Paltz' (live): SAVED top 2 -> https://explore.suny.edu/courses/1446442 + https://www.newpaltz.edu/classes/description.php?course=MAT252
[1689/3152] 'PHY206 - SUNY New Paltz': no usable link (live)
[1690/3152] 'PHY208 - SUNY New Paltz': no usable link (live)
[1691/3152] 'MATH1080 - SUNY Oneonta' (live): SAVED top 2 -> https://www2.math.upenn.edu/~pemantle/1080.pdf + https://suny.oneonta.edu/mathematics-computer-science-and-statistics/courses
[1692/3152] 'MATH109 - SUNY Oneonta': no usable link (live)
[1693/3152] 'MATH276 - SUNY Oneonta' (live): SAVED top 2 -> http://employees.oneonta.edu/brownjs/s19/276/syllabus.html + https://suny.oneonta.edu/faculty-center/faculty-resources/new-faculty-resources
[1694/3152] 'STAT100 - SUNY Oneonta' (live): SAVED top 2 -> https://mcconvil.github.io/stat100s24/ + https://mcconvil.github.io/stat100f23/
[1695/3152] 'STAT261 - SUNY Oneonta' (live): SAVED top 2 -> https://suny.oneonta.edu/faculty-center/faculty-resources/new-faculty-resources + https://som-course.github.io/stats-spring-2025/lectures/
[1696/3152] 'ECO362 - SUNY Plattsburgh' (live): SAVED top 2 -> https://explore.suny.edu/courses/1434632 + https://explore.suny.edu/courses?filterrific%5Bsorted_by%5D=title_asc&amp;filterrific%5Bwith_school_id%5D=49
[1697/3152] 'MAT133 - SUNY Plattsburgh' (live): SAVED top 2 -> https://github.com/tyler-holden/PTR/blob/master/MAT133Notes.pdf + https://github.com/tyler-holden/PTR/blob/master/MAT133_Syllabus.html
[1698/3152] 'MAT161F - SUNY Plattsburgh': no usable link (live)
[1699/3152] 'MAT225 - SUNY Plattsburgh': no usable link (live)
[1700/3152] 'MAT301 - SUNY Plattsburgh' (live): SAVED top 2 -> https://github.com/Camwig/MAT301-Unit-1-Project/blob/main/Slides%20Template.pptx + https://github.com/lance1416/MAT301-Lecture-Notes/
[1701/3152] 'MAT426 - SUNY Plattsburgh': no usable link (live)
[1702/3152] 'MAT428 - SUNY Plattsburgh' (live): SAVED top 2 -> https://explore.suny.edu/courses?filterrific[with_school_id]=49 + https://ocw.mit.edu/
[1703/3152] 'STATS161 - SUNY Plattsburgh' (live): SAVED top 2 -> https://explore.suny.edu/courses/1434531 + https://www.clinton.edu/degrees-and-programs/math-department/MAT161FAQ.php
[1704/3152] 'FY100 - SUNY Potsdam': no usable link (live)
[1705/3152] 'MATH253 - SUNY Potsdam' (live): SAVED top 2 -> https://people.sunypoly.edu/~edmond/mat253/ + https://www.potsdam.edu/sites/default/files/documents/academics/AAS/Math/mathcourses.pdf
[1706/3152] 'PHYS305 - SUNY Potsdam' (live): SAVED top 2 -> https://rweigel.github.io/phys305/ + https://tmurphy.physics.ucsd.edu/phys8/lectures/lectures.html
[1707/3152] 'MAT1500 - SUNY Purchase' (live): SAVED top 2 -> https://www.sunyjcc.edu/sites/default/files/ics/MAT%201500.pdf + https://explore.suny.edu/courses/1416203
[1708/3152] 'MAT1600 - SUNY Purchase': no usable link (live)
[1709/3152] 'MTH2510 - SUNY Purchase': no usable link (live)
[1710/3152] 'MTH2520 - SUNY Purchase' (live): SAVED top 2 -> https://www.purchase.edu/academics/college-catalog/ + https://www.purchase.edu/
[1711/3152] 'MATH027 - Swarthmore College': no usable link (live)
[1712/3152] 'MATH043 - Swarthmore College': no usable link (live)
[1713/3152] 'MATH063 - Swarthmore College' (live): SAVED top 2 -> https://www.swarthmore.edu/tricollege-course-guide/course-details?id=SF25MATH06301&amp;semester=fall_2025&amp;college=swarthmore&amp;orig_keyword=NS%2C%20W&amp;orig_college%5B0%5D=swarthmore&amp;orig_per_page=50&amp;orig_page=2 + https://jhknakao.github.io/notes
[1714/3152] 'MATH067 - Swarthmore College' (live): SAVED top 2 -> https://www.swarthmore.edu/registrar/registration-courses + https://jhknakao.github.io/notes
[1715/3152] 'PHYS004L - Swarthmore College': no usable link (live)
[1716/3152] 'STAT051 - Swarthmore College': no usable link (live)
[1717/3152] 'MAT284 - Syracuse University': no usable link (live)
[1718/3152] 'MAT285 - Syracuse University': no usable link (live)
[1719/3152] 'MAT286 - Syracuse University': no usable link (live)
[1720/3152] 'MAT295 - Syracuse University' (live): SAVED top 2 -> https://projectadvance.syracuse.edu/courses/mat295/ + https://projectadvance.syracuse.edu/courses/mat295/?print=print
[1721/3152] 'MAT296 - Syracuse University': no usable link (live)
[1722/3152] 'MAT331 - Syracuse University': no usable link (live)
[1723/3152] 'MAT414 - Syracuse University': no usable link (live)
[1724/3152] 'MAT485 - Syracuse University': no usable link (live)
[1725/3152] 'MAT517 - Syracuse University': no usable link (live)
[1726/3152] 'MAT521 - Syracuse University': no usable link (live)
[1727/3152] 'MAY397 - Syracuse University' (live): SAVED top 1 -> https://registrar.syr.edu/general/schedule-of-classes/
[1728/3152] 'ECE3512 - Temple University': no usable link (live)
[1729/3152] 'EDUC1016 - Temple University' (live): SAVED top 2 -> https://handbook.newcastle.edu.au/course/2025/EDUC1016 + https://scholarshare.temple.edu/bitstreams/209b9b98-32f1-4ea5-91fa-6b2416af8c97/download
[1730/3152] 'MATH0701 - Temple University': no usable link (live)
[1731/3152] 'MATH0702 - Temple University': no usable link (live)
[1732/3152] 'MATH1015 - Temple University': no usable link (live)
[1733/3152] 'MATH1041 - Temple University': no usable link (live)
[1734/3152] 'MATH1042 - Temple University': no usable link (live)
[1735/3152] 'MATH1941 - Temple University': no usable link (live)
[1736/3152] 'MATH1942 - Temple University': no usable link (live)
[1737/3152] 'MATH2043 - Temple University': no usable link (live)
[1738/3152] 'MATH3043 - Temple University': no usable link (live)
[1739/3152] 'MATH3137 - Temple University' (live): SAVED top 2 -> https://www.temple.edu/academics/courses-schedules + https://cst.temple.edu/department-mathematics/undergraduate/courses/supplementary-videos
[1740/3152] 'MATHC073 - Temple University' (live): SAVED top 2 -> https://bulletin.temple.edu/undergraduate/courses/math/math.pdf + https://tuportal.temple.edu/
[1741/3152] 'PHSY1021 - Temple University': no usable link (live)
[1742/3152] 'PHY1021 - Temple University': no usable link (live)
[1743/3152] 'PHY1022 - Temple University' (live): SAVED top 2 -> https://faculty.cst.temple.edu/~tuf43817/PHYS1022/ + https://prd-wlssb.temple.edu/prod8/bwckctlg.p_disp_course_detail?cat_term_in=202336&amp;subj_code_in=PHYS&amp;crse_numb_in=1022
[1744/3152] 'PHY1061 - Temple University' (live): SAVED top 2 -> https://prd-wlssb.temple.edu/prod8/bwckctlg.p_disp_course_detail?cat_term_in=202436&amp;subj_code_in=PHYS&amp;crse_numb_in=1061 + https://bulletin.temple.edu/undergraduate/courses/phys/
[1745/3152] 'PHY2021 - Temple University': no usable link (live)
[1746/3152] 'PHY2022 - Temple University' (live): SAVED top 2 -> https://faculty.cst.temple.edu/~tuf43817/PHYS1022/ + https://bulletin.temple.edu/courses/phys/
[1747/3152] 'PHYS0847 - Temple University': no usable link (live)
[1748/3152] 'PHYS0872 - Temple University': no usable link (live)
[1749/3152] 'PHYS1021 - Temple University' (live): SAVED top 2 -> https://prd-wlssb.temple.edu/prod8/bwckctlg.p_disp_course_detail?cat_term_in=202436&amp;subj_code_in=PHYS&amp;crse_numb_in=1021 + https://bulletin.temple.edu/undergraduate/courses/phys/
[1750/3152] 'PHYS1022 - Temple University' (live): SAVED top 2 -> https://faculty.cst.temple.edu/~tuf43817/PHYS1022/ + https://prd-wlssb.temple.edu/prod8/bwckctlg.p_disp_course_detail?cat_term_in=202336&amp;subj_code_in=PHYS&amp;crse_numb_in=1022
[1751/3152] 'PHYS1061 - Temple University' (live): SAVED top 2 -> https://prd-wlssb.temple.edu/prod8/bwckctlg.p_disp_course_detail?cat_term_in=202436&amp;subj_code_in=PHYS&amp;crse_numb_in=1061 + https://bulletin.temple.edu/undergraduate/courses/phys/
[1752/3152] 'PHYS1062 - Temple University': no usable link (live)
[1753/3152] 'PHYS2021 - Temple University' (live): SAVED top 2 -> https://bulletin.temple.edu/undergraduate/courses/phys/ + https://prd-wlssb.temple.edu/prod8/bwckctlg.p_disp_course_detail?cat_term_in=202436&amp;subj_code_in=PHYS&amp;crse_numb_in=1021
[1754/3152] 'SEC002 - Temple University' (live): SAVED top 2 -> https://community.mis.temple.edu/mis2502sec002fall2025/ + https://community.mis.temple.edu/mis4596sec002fall2025/files/2025/08/MIS4596_Class01_IntroductionToTheCourse.pptx
[1755/3152] 'STAT0827 - Temple University' (live): SAVED top 2 -> https://digital.library.temple.edu/digital/collection/p16002coll22 + https://bulletin.temple.edu/courses/stat/
[1756/3152] 'STAT1101 - Temple University': no usable link (live)
[1757/3152] 'STAT1102 - Temple University': no usable link (live)
[1758/3152] 'STAT1902 - Temple University' (live): SAVED top 2 -> https://www.temple.edu/academics/courses-schedules + https://bulletin.temple.edu/undergraduate/courses/stat/
[1759/3152] 'STAT2103 - Temple University': no usable link (live)
[1760/3152] 'STAT2522 - Temple University': no usable link (live)
[1761/3152] 'STAT2903 - Temple University': no usable link (live)
[1762/3152] 'CS2322 - Texas A&M University': no usable link (live)
[1763/3152] 'MATH1314 - Texas A&M University': no usable link (live)
[1764/3152] 'MATH1316 - Texas A&M University': no usable link (live)
[1765/3152] 'MATH1325 - Texas A&M University': no usable link (live)
[1766/3152] 'MATH2413 - Texas A&M University' (live): SAVED top 2 -> https://www.uh.edu/nsm/math/undergraduate/courses/math2413/index.php + https://www.tamut.edu/faculty/syllabi/202540/40009.pdf
[1767/3152] 'MATH2414 - Texas A&M University' (live): SAVED top 2 -> https://www.tamut.edu/faculty/syllabi/202420/20434.pdf + https://inside.tamuc.edu/academics/cvSyllabi/syllabi/202520/20530.pdf
[1768/3152] 'PHSY1401 - Texas A&M University' (live): SAVED top 2 -> https://inside.tamuc.edu/academics/cvSyllabi/syllabi/202640/40091.pdf + https://inside.tamuc.edu/academics/cvSyllabi/syllabi/202580/82438.pdf
[1769/3152] 'PHYS1411 - Texas A&M University': no usable link (live)
[1770/3152] 'PHYS2425 - Texas A&M University': no usable link (live)
[1771/3152] 'PHYS2426 - Texas A&M University' (live): SAVED top 2 -> http://faculty.tamucc.edu/jspirko/Phys2426/Phys2426-Fall19-Syllabus.pdf + https://inside.tamuc.edu/academics/cvSyllabi/syllabi/202620/20269.pdf
[1772/3152] 'MATH10033 - Texas Christian University': no usable link (live)
[1773/3152] 'MATH10043 - Texas Christian University': no usable link (live)
[1774/3152] 'MATH10273 - Texas Christian University': no usable link (live)
[1775/3152] 'MATH10283 - Texas Christian University' (live): SAVED top 1 -> https://faculty.tcu.edu/lspice/Classes/10283/F2012/handouts/
[1776/3152] 'MATH10524 - Texas Christian University': no usable link (live)
[1777/3152] 'MATH20123 - Texas Christian University': no usable link (live)
[1778/3152] 'MATH20524 - Texas Christian University': no usable link (live)
[1779/3152] 'PHYS10154 - Texas Christian University': no usable link (live)
[1780/3152] 'PHYS10263 - Texas Christian University' (live): SAVED top 1 -> https://ocw.mit.edu/
[1781/3152] 'PHYS10273 - Texas Christian University': no usable link (live)
[1782/3152] 'PHYS10293 - Texas Christian University': no usable link (live)
[1783/3152] 'PHYS2007 - Texas Christian University' (live): SAVED top 2 -> https://tmurphy.physics.ucsd.edu/phys8/lectures/lectures.html + https://www.andrews.edu/~rwright/physics/powerpoints/physhows.php
[1784/3152] 'PHYS20073 - Texas Christian University': no usable link (live)
[1785/3152] 'STAT10043 - Texas Christian University': no usable link (live)
[1786/3152] 'ECE4301 - Texas State University': no usable link (live)
[1787/3152] 'MATH1329 - Texas State University' (live): SAVED top 2 -> https://onestop.txst.edu/registrar/student-resources/textbooks-materials.html + https://docs.gato.txst.edu/697156/MATH%201319%20Preview.pdf
[1788/3152] 'MATH2328 - Texas State University': no usable link (live)
[1789/3152] 'MATH2358 - Texas State University': no usable link (live)
[1790/3152] 'MATH2417 - Texas State University': no usable link (live)
[1791/3152] 'MATH2472 - Texas State University': no usable link (live)
[1792/3152] 'MATH3305 - Texas State University': no usable link (live)
[1793/3152] 'MATH3323 - Texas State University': no usable link (live)
[1794/3152] 'MATH3398 - Texas State University': no usable link (live)
[1795/3152] 'PHSY1315 - Texas State University': no usable link (live)
[1796/3152] 'PHY1310 - Texas State University': no usable link (live)
[1797/3152] 'PHYS1340 - Texas State University' (live): SAVED top 2 -> https://hb2504.txst.edu/browsecourses.html + https://academicengagement.txst.edu/learning-resources.html
[1798/3152] 'PHYS1350 - Texas State University': no usable link (live)
[1799/3152] 'STAT3307 - Texas State University': no usable link (live)
[1800/3152] 'EE1304 - Texas Tech University' (live): SAVED top 2 -> https://www.depts.ttu.edu/officialpublications/class_schedule/ + https://www.depts.ttu.edu/officialpublications/pdfs/2025-26_catalog_TTU.pdf?v=preview
[1801/3152] 'HRDV3303 - Texas Tech University' (live): SAVED top 2 -> https://appserv.itts.ttu.edu/PACI/Pages/Courses/CourseSyllabus.aspx?6964=523030393135323333&amp;63707265666978=48524456&amp;636E756D=33333033&amp;73656374=443032&amp;7465726D=46616C6C20545455&amp;79656172=32303230 + https://appserv.itts.ttu.edu/PACI/Pages/Courses/CourseSyllabus.aspx?6964=523030353339383439&amp;63707265666978=48524456&amp;636E756D=33333033&amp;73656374=443033&amp;7465726D=537072696E6720545455&amp;79656172=32303232
[1802/3152] 'INTS2310 - Texas Tech University' (live): SAVED top 2 -> https://appserv.itts.ttu.edu/PACI/Pages/Courses/CourseSyllabus.aspx?6964=523030383935373339&amp;63707265666978=494E5453&amp;636E756D=32333130&amp;73656374=443037&amp;7465726D=537072696E6720545455&amp;79656172=32303230 + https://www.ttu.edu/courseinfo/
[1803/3152] 'MATH1451 - Texas Tech University': no usable link (live)
[1804/3152] 'MATH1452 - Texas Tech University': no usable link (live)
[1805/3152] 'MATH3342 - Texas Tech University': no usable link (live)
[1806/3152] 'MATH3370 - Texas Tech University': no usable link (live)
[1807/3152] 'PHYS1408 - Texas Tech University' (live): SAVED top 2 -> http://www.phys.ttu.edu/~ritlg/courses/p1408/p1408_coutline.html + https://appserv.itts.ttu.edu/PACI/Pages/Courses/CourseSyllabus.aspx?6964=523030353235323831&amp;63707265666978=50485953&amp;636E756D=31343038&amp;73656374=303930&amp;7465726D=537072696E6720545455&amp;79656172=32303231
[1808/3152] 'PHYS2401 - Texas Tech University': no usable link (live)
[1809/3152] 'STATS2345 - Texas Tech University': no usable link (live)
[1810/3152] 'WPIMA2621 - Texas Tech University': no usable link (live)
[1811/3152] 'COSC481 - Towson University': no usable link (live)
[1812/3152] 'DISC263 - Towson University' (live): SAVED top 1 -> https://www.towson.edu/academics/resources/courses.html
[1813/3152] 'QLIT101 - Trinity College': no usable link (live)
[1814/3152] 'EE20 - Tufts University': no usable link (live)
[1815/3152] 'EE21 - Tufts University': no usable link (live)
[1816/3152] 'EE23 - Tufts University': no usable link (live)
[1817/3152] 'MATH00034 - Tufts University': no usable link (live)
[1818/3152] 'MATH0021 - Tufts University' (live): SAVED top 2 -> https://enroll.tufts.edu/search/publicCourseSearchDetails.do?method=load&amp;courseId=24336 + https://universitycollege.tufts.edu/courses/browse/introductory-statistics
[1819/3152] 'MATH0034 - Tufts University': no usable link (live)
[1820/3152] 'MATH0070 - Tufts University': no usable link (live)
[1821/3152] 'MATH36 - Tufts University': no usable link (live)
[1822/3152] 'MATH42 - Tufts University': no usable link (live)
[1823/3152] 'MATH5 - Tufts University': no usable link (live)
[1824/3152] 'MATH65 - Tufts University': no usable link (live)
[1825/3152] 'MATH70 - Tufts University': no usable link (live)
[1826/3152] 'PHY0001 - Tufts University' (live): SAVED top 2 -> https://enroll.tufts.edu/search/publicCourseSearchDetails.do?method=load&amp;courseId=24386 + https://universitycollege.tufts.edu/courses/browse/introductory-physics-i-lab-recitation-b-0
[1827/3152] 'PHY0002 - Tufts University': no usable link (live)
[1828/3152] 'PHY001 - Tufts University' (live): SAVED top 2 -> https://enroll.tufts.edu/search/publicCourseSearchDetails.do?method=load&amp;courseId=24386 + https://sis.it.tufts.edu/psc/paprd/EMPLOYEE/EMPL/s/WEBLIB_PTPP_SC.HOMEPAGE.FieldFormula.IScript_AppHP?scname=TFP_GUEST&amp;secondary=true&amp;fname=TFP_COURSE_CATALOGS&amp;pt_fname=TFP_COURSE_CATALOGS&amp;PortalCacheContent=true&amp;PSCache-Control=role%2Cmax-age%3D60&amp;FolderPath=PORTAL_ROOT_OBJECT.TFP_TUFTS.TFP_GUEST.TFP_COURSE_CATALOGS&amp;IsFolder=true
[1829/3152] 'PHY0011 - Tufts University' (live): SAVED top 2 -> https://dhammer.phy.tufts.edu/home/phys11/syllabus.pdf + https://enroll.tufts.edu/search/publicCourseSearchDetails.do?method=load&amp;courseId=24392
[1830/3152] 'PHY01 - Tufts University' (live): SAVED top 2 -> https://github.com/aparsclassroom/aparsclassroom.github.io/blob/master/HSC-Full-Course/Classes/HSC/Science/Physics/1st-Paper/Chapter-1/Phy01-Ch-01-C001.html + https://enroll.tufts.edu/search/publicCourseSearchDetails.do?method=load&amp;courseId=24386
[1831/3152] 'PHY12 - Tufts University' (live): SAVED top 2 -> https://tmurphy.physics.ucsd.edu/phys12/lectures/lectures.html + https://enroll.tufts.edu/search/publicCourseSearchDetails.do?method=load&amp;courseId=24394
[1832/3152] 'CMPS2170 - Tulane University': no usable link (live)
[1833/3152] 'CMPS2200 - Tulane University' (live): SAVED top 2 -> https://www.cs.tulane.edu/~carola/teaching/cmps2200/fall17/slides/index.html + https://www.cs.tulane.edu/~carola/teaching/cmps2200/fall17/
[1834/3152] 'MATH3090 - Tulane University': no usable link (live)
[1835/3152] 'PHYS1310 - Tulane University' (live): SAVED top 1 -> https://classschedule.tulane.edu/Results.aspx?course=PHYS1310
[1836/3152] 'IMP120 - Union College': no usable link (live)
[1837/3152] 'MTH105 - Union College': no usable link (live)
[1838/3152] 'MTH115H - Union College' (live): SAVED top 2 -> https://www.math.union.edu/~dpvc/courses/2017-18/MTH115H-FA17/welcome.html + https://www.math.union.edu/~dpvc/courses/2017-18/MTH115H-FA17/administration/outline.html
[1839/3152] 'MTH117 - Union College': no usable link (live)
[1840/3152] 'MTH199 - Union College': no usable link (live)
[1841/3152] 'MTH99 - Union College' (live): SAVED top 2 -> https://courses.vccs.edu/colleges/nova/courses/MTH99- + https://courses.vccs.edu/courses/MTH99-SupervisedStudy
[1842/3152] 'PHY2 - Union College': no usable link (live)
[1843/3152] 'STA104 - Union College' (live): SAVED top 1 -> https://github.com/ScMathUiTMKedah/STA104/blob/main/course-syllabus.qmd
[1844/3152] 'STA264 - Union College': no usable link (live)
[1845/3152] 'AMAT312 - University at Albany' (live): SAVED top 2 -> https://www.albany.edu/~ryang/syllabus(312).pdf + https://www.albany.edu/undergraduate-bulletin/course-index.php
[1846/3152] 'ECE231 - University at Albany': no usable link (live)
[1847/3152] 'PHY140 - University at Albany' (live): SAVED top 2 -> https://www.albany.edu/undergraduate_bulletin_archive/2018-2019/a_phy.html + https://www.albany.edu/undergraduate-bulletin/physics-courses.php
[1848/3152] 'PHY150 - University at Albany' (live): SAVED top 2 -> https://www.albany.edu/undergraduate-bulletin/physics-courses.php + https://www.albany.edu/undergraduate-bulletin/course-index.php
[1849/3152] 'MA146 - University of Alabama': no usable link (live)
[1850/3152] 'MATH208 - University of Alabama': no usable link (live)
[1851/3152] 'MATH355 - University of Alabama': no usable link (live)
[1852/3152] 'PH253 - University of Alabama': no usable link (live)
[1853/3152] 'PH331 - University of Alabama': no usable link (live)
[1854/3152] 'PY355 - University of Alabama': no usable link (live)
[1855/3152] 'ST560 - University of Alabama': no usable link (live)
[1856/3152] 'ECE220 - University of Arizona' (live): SAVED top 2 -> https://ece.engineering.arizona.edu/undergrad-programs/courses/ECE220 + https://github.com/zsaeed2/ECE220
[1857/3152] 'MATH115B - University of Arizona': no usable link (live)
[1858/3152] 'MATH120R - University of Arizona': no usable link (live)
[1859/3152] 'MATH122A - University of Arizona': no usable link (live)
[1860/3152] 'MATH122B - University of Arizona': no usable link (live)
[1861/3152] 'MATH129 - University of Arizona': no usable link (live)
[1862/3152] 'MATH313 - University of Arizona': no usable link (live)
[1863/3152] 'MATH464 - University of Arizona' (live): SAVED top 2 -> https://alamos.math.arizona.edu/courses/math464/syllabus + https://alamos.math.arizona.edu/courses/math464/
[1864/3152] 'MATH566 - University of Arizona' (live): SAVED top 2 -> http://mitran-lab.amath.unc.edu/courses/MATH566/Lesson01.pdf + https://math.arizona.edu/~jwatkins/stat566s20s.html
[1865/3152] 'MATH0003 - University of Arkansas': no usable link (live)
[1866/3152] 'MATH1013 - University of Arkansas' (live): SAVED top 2 -> https://files.asun.edu/academics/master_syllabi/2018-19/MATH1013_Mathematical_Applications_Master_Syllabus.pdf + https://luoluo-sds.github.io/teaching/math1013/All_Slides.pdf
[1867/3152] 'MATH11003 - University of Arkansas': no usable link (live)
[1868/3152] 'MATH11103 - University of Arkansas': no usable link (live)
[1869/3152] 'MATH1284C - University of Arkansas' (live): SAVED top 1 -> https://math.uark.edu/academics/undergraduate/courses.php
[1870/3152] 'MATH2053 - University of Arkansas': no usable link (live)
[1871/3152] 'MATH21803 - University of Arkansas': no usable link (live)
[1872/3152] 'MATH2183 - University of Arkansas' (live): SAVED top 2 -> https://math.uark.edu/academics/undergraduate/courses.php + https://registrar.uams.edu/academic-catalog/
[1873/3152] 'MATH22003 - University of Arkansas' (live): SAVED top 2 -> https://uafs.edu/academics/academic-guidance/registrar/catalogs-and-syllabi/course-syllabi/_documents/math-mathematics/math-22003-survey-of-calculus.pdf + https://math.uark.edu/academics/undergraduate/courses.php
[1874/3152] 'MATH24004 - University of Arkansas': no usable link (live)
[1875/3152] 'MATH25004 - University of Arkansas': no usable link (live)
[1876/3152] 'MATH2554 - University of Arkansas': no usable link (live)
[1877/3152] 'MATH2554C - University of Arkansas': no usable link (live)
[1878/3152] 'MATH2554H - University of Arkansas' (live): SAVED top 2 -> http://aeb019.hosted.uark.edu/2018-Fall-2554/math2554.html + https://mrtc.uark.edu/MATH_2554_-_Calculus_I_-_Fulmer.pdf
[1879/3152] 'MATH2564 - University of Arkansas' (live): SAVED top 1 -> https://math.uark.edu/academics/undergraduate/courses.php
[1880/3152] 'MATH2564C - University of Arkansas': no usable link (live)
[1881/3152] 'MATH2574 - University of Arkansas': no usable link (live)
[1882/3152] 'MATH26004 - University of Arkansas': no usable link (live)
[1883/3152] 'MATH499V - University of Arkansas': no usable link (live)
[1884/3152] 'PHYS2054 - University of Arkansas': no usable link (live)
[1885/3152] 'PHYS4333 - University of Arkansas': no usable link (live)
[1886/3152] 'UNIV1031 - University of Arkansas' (live): SAVED top 2 -> https://uafs.edu/academics/academic-guidance/registrar/catalogs-and-syllabi/course-syllabi/_documents/cpsi-computer-science/cpsi-11031-computer-presentation-graphics.pdf + https://registrar.uams.edu/academic-catalog/
[1887/3152] 'CPEN311 - University of British Columbia': no usable link (live)
[1888/3152] 'CPEN312 - University of British Columbia': no usable link (live)
[1889/3152] 'DSCI100 - University of British Columbia': no usable link (live)
[1890/3152] 'EECE251 - University of British Columbia': no usable link (live)
[1891/3152] 'EECE253 - University of British Columbia': no usable link (live)
[1892/3152] 'EECE254 - University of British Columbia' (live): SAVED top 2 -> https://web.stanford.edu/class/archive/engr/engr40m.1178/slides.html + https://courses.ece.ubc.ca/254/announcements.html
[1893/3152] 'EECE259 - University of British Columbia' (live): SAVED top 2 -> http://courses.ece.ubc.ca/259/ + http://courses.ece.ubc.ca/cpen211/2011jan/
[1894/3152] 'EECE280 - University of British Columbia' (live): SAVED top 2 -> https://peden.ece.uw.edu/academic-ops/wp-content/uploads/sites/5/2023/12/UCCC_EE280ChangesSlides.pdf + https://eecs280staff.github.io/notes/
[1895/3152] 'EECE281 - University of British Columbia' (live): SAVED top 2 -> https://courses.ece.ubc.ca/281/ + https://ece.ubc.ca/undergraduates/courses/
[1896/3152] 'EECE364 - University of British Columbia' (live): SAVED top 2 -> https://ece.ubc.ca/undergraduates/programs/electrical-engineering-program/ + http://courses.ece.ubc.ca/364/
[1897/3152] 'EECE578 - University of British Columbia': no usable link (live)
[1898/3152] 'ELEC201 - University of British Columbia': no usable link (live)
[1899/3152] 'ELEC202 - University of British Columbia': no usable link (live)
[1900/3152] 'ELEC221 - University of British Columbia': no usable link (live)
[1901/3152] 'ELEC281 - University of British Columbia': no usable link (live)
[1902/3152] 'ELEC291 - University of British Columbia': no usable link (live)
[1903/3152] 'ELEC311 - University of British Columbia' (live): SAVED top 2 -> https://courses.ece.ubc.ca/elec311/ + https://ece.ubc.ca/courses/elec-311/
[1904/3152] 'ELEC391 - University of British Columbia' (live): SAVED top 2 -> https://ece.ubc.ca/courses/elec-391/ + https://courses.ece.ubc.ca/elec391/
[1905/3152] 'ELEC442 - University of British Columbia' (live): SAVED top 2 -> http://courses.ece.ubc.ca/elec442/ + https://ece.ubc.ca/courses/elec-442/
[1906/3152] 'ENPH257 - University of British Columbia': no usable link (live)
[1907/3152] 'MAT180 - University of British Columbia' (live): SAVED top 2 -> https://www.math.ubc.ca/~costanza/m180/courseoutline.html + https://personal.math.ubc.ca/~colesmp/teaching/M180.html
[1908/3152] 'MATH136 - University of British Columbia': no usable link (live)
[1909/3152] 'MATH184 - University of British Columbia': no usable link (live)
[1910/3152] 'MATH307 - University of British Columbia': no usable link (live)
[1911/3152] 'PHY100 - University of British Columbia': no usable link (live)
[1912/3152] 'PHY157 - University of British Columbia' (live): SAVED top 2 -> https://phas.ubc.ca/~mav/Phys157old/lecture1.pdf + https://phas.ubc.ca/~mav/P157.html
[1913/3152] 'PHYS157 - University of British Columbia' (live): SAVED top 2 -> https://phas.ubc.ca/~mav/Phys157old/P157.html + https://phas.ubc.ca/~mav/P157.html
[1914/3152] 'PHYS158 - University of British Columbia' (live): SAVED top 2 -> https://courses.students.ubc.ca/browse-courses/course-section/PHYS_V%20158/COURSE_SECTION_DEFINITION-SCI-42971 + https://vancouver.calendar.ubc.ca/course-descriptions/courses/physv-158-introductory-physics-engineers-ii
[1915/3152] 'PHYS170 - University of British Columbia' (live): SAVED top 2 -> https://vancouver.calendar.ubc.ca/course-descriptions/courses/physv-170-mechanics-i + https://laplace.physics.ubc.ca/170/
[1916/3152] 'PHYS402 - University of British Columbia': no usable link (live)
[1917/3152] 'PMATH336 - University of British Columbia': no usable link (live)
[1918/3152] 'SCI001 - University of British Columbia' (live): SAVED top 2 -> https://scienceone.ubc.ca/resources + https://scienceone.ubc.ca/
[1919/3152] 'SCIE001 - University of British Columbia' (live): SAVED top 2 -> https://github.com/RioWeil/SCIE001-thermo-notes + https://github.com/RioWeil/SCIE001-thermo-notes/blob/main/README.md?plain=1
[1920/3152] 'SCIE1 - University of British Columbia' (live): SAVED top 2 -> https://personal.math.ubc.ca/~costanza/SCIE1/resources.html + https://scienceone.ubc.ca/resources
[1921/3152] 'STAT203 - University of British Columbia': no usable link (live)
[1922/3152] 'STAT302 - University of British Columbia': no usable link (live)
[1923/3152] 'STAT306 - University of British Columbia': no usable link (live)
[1924/3152] 'STAT404 - University of British Columbia' (live): SAVED top 2 -> https://github.com/jhchen-stat-ubc-ca/stat404/blob/master/Stat404.Slide1%20(1).ipynb + https://www.stat.ubc.ca/sites/default/files/course_outlines/stat404_outline.pdf
[1925/3152] 'STAT406 - University of British Columbia' (live): SAVED top 2 -> https://ubc-stat.github.io/stat-406/schedule/slides/00-intro.html + https://ubc-stat.github.io/stat-406/
[1926/3152] 'MATH249 - University of Calgary' (live): SAVED top 2 -> https://calendar.ucalgary.ca/courses/1259961 + https://science.ucalgary.ca/mathematics-statistics/courses-and-outlines/winter-2026
[1927/3152] 'MATH349 - University of Calgary': no usable link (live)
[1928/3152] 'PHYS223 - University of Calgary' (live): SAVED top 2 -> https://calendar.ucalgary.ca/courses/1326981 + https://science.ucalgary.ca/physics-astronomy/courses-and-outlines/summer-2025
[1929/3152] 'PHYS259 - University of Calgary' (live): SAVED top 2 -> https://calendar.ucalgary.ca/courses/1327171 + https://science.ucalgary.ca/physics-astronomy/courses-and-outlines/summer-2025
[1930/3152] 'STAT207 - University of Calgary' (live): SAVED top 2 -> https://feizhe.github.io/STAT_207/ + https://calendar.ucalgary.ca/courses/1656461
[1931/3152] 'STAT213 - University of Calgary': no usable link (live)
[1932/3152] 'STAT217 - University of Calgary': no usable link (live)
[1933/3152] 'STAT321 - University of Calgary' (live): SAVED top 2 -> https://calendar.ucalgary.ca/courses/1627891 + https://libguides.ucalgary.ca/universityarchives/courseoutlines
[1934/3152] 'STAT323 - University of Calgary': no usable link (live)
[1935/3152] 'STAT423 - University of Calgary': no usable link (live)
[1936/3152] 'STATS213 - University of Calgary': no usable link (live)
[1937/3152] 'STATS217 - University of Calgary': no usable link (live)
[1938/3152] 'STATS321 - University of Calgary': no usable link (live)
[1939/3152] 'EEC160 - University of California, Davis' (live): SAVED top 2 -> https://ece.ucdavis.edu/eec-160-signal-analysis-and-communications + https://ttwag.github.io/courses.html
[1940/3152] 'MAT000D - University of California, Davis': no usable link (live)
[1941/3152] 'MAT012 - University of California, Davis' (live): SAVED top 2 -> https://www.math.ucdavis.edu/courses/course_detail?select_reg_id=15109 + https://www.math.ucdavis.edu/courses
[1942/3152] 'MAT016B - University of California, Davis': no usable link (live)
[1943/3152] 'MAT017A - University of California, Davis': no usable link (live)
[1944/3152] 'MAT017B - University of California, Davis' (live): SAVED top 1 -> https://www.math.ucdavis.edu/courses/course_detail?select_reg_id=16142
[1945/3152] 'MAT017C - University of California, Davis' (live): SAVED top 1 -> https://www.math.ucdavis.edu/courses/syllabus_detail?cm_id=7
[1946/3152] 'MAT021A - University of California, Davis': no usable link (live)
[1947/3152] 'MAT021B - University of California, Davis': no usable link (live)
[1948/3152] 'MAT021C - University of California, Davis': no usable link (live)
[1949/3152] 'MAT021D - University of California, Davis' (live): SAVED top 2 -> https://webtool.math.ucdavis.edu/~zekius/mat21d/21d_handout.html + https://www.math.ucdavis.edu/~temple/MAT21D/
[1950/3152] 'MAT022A - University of California, Davis': no usable link (live)
[1951/3152] 'MAT022B - University of California, Davis' (live): SAVED top 2 -> https://jasnyder.github.io/files/mat22b/lecture-notes/ + https://www.math.ucdavis.edu/~bxn/m22b_s99/m22b.html.bck
[1952/3152] 'MAT125B - University of California, Davis' (live): SAVED top 2 -> https://webtool.math.ucdavis.edu/~zekius/w16mat125b/125b_handout.html + https://www.math.ucdavis.edu/~shkoller/125b/
[1953/3152] 'MAT127A - University of California, Davis': no usable link (live)
[1954/3152] 'MAT127B - University of California, Davis': no usable link (live)
[1955/3152] 'MAT127C - University of California, Davis': no usable link (live)
[1956/3152] 'MAT128A - University of California, Davis': no usable link (live)
[1957/3152] 'MAT16A - University of California, Davis': no usable link (live)
[1958/3152] 'MAT16B - University of California, Davis' (live): SAVED top 2 -> https://www.math.ucdavis.edu/~kouba/Math16B.html + https://www.math.ucdavis.edu/~morris/16B/
[1959/3152] 'MAT16C - University of California, Davis': no usable link (live)
[1960/3152] 'MAT17A - University of California, Davis': no usable link (live)
[1961/3152] 'MAT17B - University of California, Davis': no usable link (live)
[1962/3152] 'MAT17C - University of California, Davis': no usable link (live)
[1963/3152] 'MAT185A - University of California, Davis': no usable link (live)
[1964/3152] 'MAT19B - University of California, Davis': no usable link (live)
[1965/3152] 'MAT21 - University of California, Davis' (live): SAVED top 2 -> https://www.math.ucdavis.edu/~temple/MAT21D/ + https://math.ucdavis.edu/~gravner/MAT21B/materials/
[1966/3152] 'MAT21A - University of California, Davis' (live): SAVED top 2 -> https://www.math.ucdavis.edu/~gravner/MAT21A/ + https://www.math.ucdavis.edu/~gravner/MAT21A/materials/
[1967/3152] 'MAT21B - University of California, Davis' (live): SAVED top 2 -> https://math.ucdavis.edu/~gravner/MAT21B/materials/ + https://www.math.ucdavis.edu/~soshniko/21B/
[1968/3152] 'MAT21C - University of California, Davis': no usable link (live)
[1969/3152] 'MAT21D - University of California, Davis' (live): SAVED top 2 -> https://www.math.ucdavis.edu/~temple/MAT21D/!Lectures/ + https://webtool.math.ucdavis.edu/~zekius/mat21d/21d_handout.html
[1970/3152] 'MAT21M - University of California, Davis': no usable link (live)
[1971/3152] 'MAT22A - University of California, Davis' (live): SAVED top 2 -> https://www.math.ucdavis.edu/~lstarkston/math22A/syllabus + https://www.math.ucdavis.edu/courses/syllabus_detail?cm_id=58
[1972/3152] 'MAT22B - University of California, Davis' (live): SAVED top 2 -> https://jasnyder.github.io/files/mat22b/lecture-notes/ + https://www.math.ucdavis.edu/~bxn/m22b_s99/m22b.html.bck
[1973/3152] 'MAT67 - University of California, Davis' (live): SAVED top 2 -> https://www.math.ucdavis.edu/~anne/WQ2007/mat67_syllabus.pdf + https://www.math.ucdavis.edu/~wally/teaching/67/67
[1974/3152] 'MATH21B - University of California, Davis': no usable link (live)
[1975/3152] 'MATH21C - University of California, Davis': no usable link (live)
[1976/3152] 'MATH22A - University of California, Davis': no usable link (live)
[1977/3152] 'PHY001A - University of California, Davis': no usable link (live)
[1978/3152] 'PHY007B - University of California, Davis' (live): SAVED top 1 -> http://nuclear.ucdavis.edu/~cebra/classes/phys7b/Lecture2_7B_W10.pdf
[1979/3152] 'PHY007C - University of California, Davis': no usable link (live)
[1980/3152] 'PHY009A - University of California, Davis': no usable link (live)
[1981/3152] 'PHY009B - University of California, Davis': no usable link (live)
[1982/3152] 'PHY009C - University of California, Davis': no usable link (live)
[1983/3152] 'PHY110B - University of California, Davis': no usable link (live)
[1984/3152] 'PHY7C - University of California, Davis': no usable link (live)
[1985/3152] 'PHY9A - University of California, Davis': no usable link (live)
[1986/3152] 'PHY9B - University of California, Davis': no usable link (live)
[1987/3152] 'PHY9C - University of California, Davis': no usable link (live)
[1988/3152] 'PHY9HC - University of California, Davis' (live): SAVED top 1 -> http://kiskis.physics.ucdavis.edu/courses/phy9hc-s09/phy9hc_hp.html
[1989/3152] 'STA013 - University of California, Davis': no usable link (live)
[1990/3152] 'STA013Y - University of California, Davis': no usable link (live)
[1991/3152] 'STA032 - University of California, Davis': no usable link (live)
[1992/3152] 'STA100 - University of California, Davis' (live): SAVED top 2 -> https://www.stat.ucdavis.edu/~jiang/sta100.html + https://yidongzhou.github.io/assets/pdf/STA100/syllabus.pdf
[1993/3152] 'STA103 - University of California, Davis': no usable link (live)
[1994/3152] 'STA106 - University of California, Davis': no usable link (live)
[1995/3152] 'STA108 - University of California, Davis' (live): SAVED top 2 -> https://www.stat.ucdavis.edu/~jiang/sta108.html + https://chenshizhe.github.io/STA108_UCD/
[1996/3152] 'STA13 - University of California, Davis': no usable link (live)
[1997/3152] 'STA130 - University of California, Davis' (live): SAVED top 2 -> https://ntaback.github.io/UofT_STA130/Fall2018/fall2018_course_content.html + https://github.com/kaixuan0623/STA130-Weekly-Tutorial-Slides
[1998/3152] 'STA130A - University of California, Davis': no usable link (live)
[1999/3152] 'STA130B - University of California, Davis': no usable link (live)
[2000/3152] 'STA131A - University of California, Davis': no usable link (live)
[2001/3152] 'STA131B - University of California, Davis': no usable link (live)
[2002/3152] 'STA135 - University of California, Davis': no usable link (live)
[2003/3152] 'STA138 - University of California, Davis' (live): SAVED top 2 -> https://anson.ucdavis.edu/~jiang/sta138.html + https://statistics.ucdavis.edu/expanded-descriptions/138
[2004/3152] 'STA141A - University of California, Davis' (live): SAVED top 2 -> https://github.com/nick-ulle/teaching-notes/blob/master/references/sta141a.md + https://ahoriguchi.github.io/teaching/STA141A_2026Q2/website.html
[2005/3152] 'STA141B - University of California, Davis': no usable link (live)
[2006/3152] 'STA141C - University of California, Davis': no usable link (live)
[2007/3152] 'STA142A - University of California, Davis': no usable link (live)
[2008/3152] 'STA145 - University of California, Davis': no usable link (live)
[2009/3152] 'STA160 - University of California, Davis': no usable link (live)
[2010/3152] 'STA32 - University of California, Davis' (live): SAVED top 2 -> https://statistics.ucdavis.edu/expanded-descriptions/32 + https://statistics.ucdavis.edu/resources/instructor-resources
[2011/3152] 'STA35A - University of California, Davis': no usable link (live)
[2012/3152] 'STA35B - University of California, Davis': no usable link (live)
[2013/3152] 'STATS13 - University of California, Davis' (live): SAVED top 2 -> https://www-stat.ucdavis.edu/~drake/stat13_sp05/ + https://statistics.ucdavis.edu/expanded-descriptions/13
[2014/3152] 'MATH005A - University of California, Irvine' (live): SAVED top 2 -> https://mathdept.ucr.edu/sites/default/files/2024-04/poci-syllabus.pdf + https://arc.ucr.edu/media/1639/download
[2015/3152] 'MATH006B - University of California, Irvine': no usable link (live)
[2016/3152] 'MATH007A - University of California, Irvine' (live): SAVED top 2 -> https://math.ucr.edu/~ryanta/teaching/math007a_summer2022/groupactivity2solutions + https://arc.ucr.edu/media/1641/download
[2017/3152] 'MATH007B - University of California, Irvine': no usable link (live)
[2018/3152] 'MATH009A - University of California, Irvine': no usable link (live)
[2019/3152] 'MATH009B - University of California, Irvine': no usable link (live)
[2020/3152] 'MATH009C - University of California, Irvine': no usable link (live)
[2021/3152] 'MATH010A - University of California, Irvine': no usable link (live)
[2022/3152] 'MATH010B - University of California, Irvine': no usable link (live)
[2023/3152] 'MATH05A - University of California, Irvine': no usable link (live)
[2024/3152] 'MATH09B - University of California, Irvine' (live): SAVED top 2 -> https://mathdept.ucr.edu/sites/default/files/2024-03/syllabus_math009b.pdf + https://mathdept.ucr.edu/sites/default/files/2019-11/m009B.pdf
[2025/3152] 'MATH146B - University of California, Irvine' (live): SAVED top 2 -> https://catalogue.uci.edu/course-search/ + https://catalogue.uci.edu/allcourses/math/
[2026/3152] 'MATH149A - University of California, Irvine' (live): SAVED top 2 -> https://math.ucr.edu/~ryanta/teaching/math149a_fall2019/week7discussionnotes + https://www.math.ucla.edu/ugrad/courses/math/149
[2027/3152] 'MATH151A - University of California, Irvine' (live): SAVED top 2 -> https://mathdept.ucr.edu/sites/default/files/2026-04/syllabus_math151a_pdf.pdf + https://www.math.ucla.edu/~yanovsky/Math151A.htm
[2028/3152] 'MATH9A - University of California, Irvine': no usable link (live)
[2029/3152] 'MATH9C - University of California, Irvine': no usable link (live)
[2030/3152] 'PHY2A - University of California, Irvine': no usable link (live)
[2031/3152] 'PHY2B - University of California, Irvine': no usable link (live)
[2032/3152] 'PHY40C - University of California, Irvine': no usable link (live)
[2033/3152] 'PHY41B - University of California, Irvine': no usable link (live)
[2034/3152] 'PHYS002B - University of California, Irvine' (live): SAVED top 2 -> https://catalogue.uci.edu/allcourses/physics/ + https://catalogue.uci.edu/course-search/
[2035/3152] 'PHYS02C - University of California, Irvine' (live): SAVED top 2 -> https://cnasstudent.ucr.edu/sites/default/files/2025-07/course-offerings-25-26.pdf + https://catalogue.uci.edu/allcourses/physics/
[2036/3152] 'PHYS040A - University of California, Irvine' (live): SAVED top 2 -> https://cnasstudent.ucr.edu/sites/default/files/2023-11/PHYS%20Course%20Offerings.pdf + https://catalogue.uci.edu/course-search/
[2037/3152] 'PHYS040B - University of California, Irvine' (live): SAVED top 2 -> https://cnasstudent.ucr.edu/sites/default/files/2024-06/phys-course-offerings-2024-2025.pdf + https://catalogue.uci.edu/course-search/
[2038/3152] 'PHYS040HB - University of California, Irvine' (live): SAVED top 2 -> https://catalogue.uci.edu/course-search/ + https://catalogue.uci.edu/allcourses/
[2039/3152] 'PHYS041B - University of California, Irvine' (live): SAVED top 2 -> https://cnasstudent.ucr.edu/sites/default/files/2023-11/PHYS%20Course%20Offerings.pdf + https://cnasstudent.ucr.edu/sites/default/files/2024-06/phys-course-offerings-2024-2025.pdf
[2040/3152] 'PHYS2A - University of California, Irvine': no usable link (live)
[2041/3152] 'PHYS2C - University of California, Irvine': no usable link (live)
[2042/3152] 'PHYS40C - University of California, Irvine': no usable link (live)
[2043/3152] 'STAT004 - University of California, Irvine' (live): SAVED top 2 -> https://mdogucu.github.io/stats115-wi24-slides/ + https://github.com/mdogucu/stats115-wi24-slides
[2044/3152] 'STAT008 - University of California, Irvine': no usable link (live)
[2045/3152] 'STAT010 - University of California, Irvine': no usable link (live)
[2046/3152] 'STAT048 - University of California, Irvine': no usable link (live)
[2047/3152] 'STAT100A - University of California, Irvine': no usable link (live)
[2048/3152] 'STAT100B - University of California, Irvine': no usable link (live)
[2049/3152] 'STAT160A - University of California, Irvine' (live): SAVED top 2 -> https://faculty.ucr.edu/~xpcui/courses/stat160a/lectures.pdf + https://faculty.ucr.edu/~xpcui/courses/stat160a/index.htm
[2050/3152] 'STAT170 - University of California, Irvine': no usable link (live)
[2051/3152] 'STAT48 - University of California, Irvine' (live): SAVED top 2 -> https://mdogucu.github.io/stats115-wi24-slides/ + https://github.com/brophyj/UC-Irvine-slides
[2052/3152] 'STATS048 - University of California, Irvine' (live): SAVED top 2 -> https://mdogucu.github.io/stats115-wi24-slides/ + https://github.com/mdogucu/stats115-wi24-slides
[2053/3152] 'STATS48 - University of California, Irvine' (live): SAVED top 2 -> https://mdogucu.github.io/stats115-wi24-slides/ + https://catalogue.uci.edu/allcourses/stats/
[2054/3152] 'MATH31A - University of California, Los Angeles': no usable link (live)
[2055/3152] 'MATH32A - University of California, Los Angeles' (live): SAVED top 2 -> https://jsempliner.github.io/Teaching/Math32A2025F/ + https://jsempliner.github.io/Teaching/Math32A2025F/Practice_Midterm.pdf
[2056/3152] 'MATH550 - University of California, Los Angeles' (live): SAVED top 2 -> https://math.math.ucla.edu/grad/courses/math/550 + https://catalogue.usc.edu/preview_course_nopop.php?catoid=14&amp;coid=242985
[2057/3152] 'PHY10 - University of California, Los Angeles' (live): SAVED top 2 -> https://tmurphy.physics.ucsd.edu/phys10/lectures/lectures.html + https://registrar.ucla.edu/academics/course-descriptions
[2058/3152] 'PHY1B - University of California, Los Angeles' (live): SAVED top 1 -> https://physics-1-series.physics.ucla.edu/table-1b.html
[2059/3152] 'PHYS10 - University of California, Los Angeles': no usable link (live)
[2060/3152] 'ECE225A - University of California, San Diego' (live): SAVED top 2 -> https://github.com/JayZhuUCSD/ECE225A + https://courses.ucsd.edu/coursemain.aspx?section=53529
[2061/3152] 'MATH10C - University of California, San Diego': no usable link (live)
[2062/3152] 'MATH142A - University of California, San Diego': no usable link (live)
[2063/3152] 'MATH170A - University of California, San Diego': no usable link (live)
[2064/3152] 'MATH180A - University of California, San Diego': no usable link (live)
[2065/3152] 'MATH181B - University of California, San Diego': no usable link (live)
[2066/3152] 'MATH187A - University of California, San Diego': no usable link (live)
[2067/3152] 'MATH189 - University of California, San Diego' (live): SAVED top 2 -> https://math189sp19.github.io/ + https://github.com/FangkeJiang/math189-materials
[2068/3152] 'MATH20ABC - University of California, San Diego': no usable link (live)
[2069/3152] 'MATH20C - University of California, San Diego': no usable link (live)
[2070/3152] 'MATH20D - University of California, San Diego' (live): SAVED top 2 -> https://www.math.ucsd.edu/~natamam/WI21math20d/ + https://drreynolds.github.io/teaching/UCSDMath20D
[2071/3152] 'MATH20E - University of California, San Diego': no usable link (live)
[2072/3152] 'MATH20F - University of California, San Diego': no usable link (live)
[2073/3152] 'MATH31AH - University of California, San Diego': no usable link (live)
[2074/3152] 'MATH3C - University of California, San Diego': no usable link (live)
[2075/3152] 'MATH4C - University of California, San Diego' (live): SAVED top 2 -> https://courses.ucsd.edu/coursemain.aspx?section=560280 + https://courses.ucsd.edu/coursemain.aspx?section=560300
[2076/3152] 'PHYS100A - University of California, San Diego': no usable link (live)
[2077/3152] 'PHYS2D - University of California, San Diego': no usable link (live)
[2078/3152] 'ECE130C - University of California, Santa Barbara' (live): SAVED top 2 -> https://www.ccdc.ucsb.edu/course/ECE130C + https://www.ccdc.ucsb.edu/courses/ece130c
[2079/3152] 'MATH108A - University of California, Santa Barbara': no usable link (live)
[2080/3152] 'MATH124A - University of California, Santa Barbara': no usable link (live)
[2081/3152] 'MATH2A - University of California, Santa Barbara' (live): SAVED top 2 -> https://www.math.uci.edu/undergraduate/courses/calculus-2a2b-resources + https://www.math.uci.edu/sites/default/files/2A-syllabus.pdf
[2082/3152] 'MATH34A - University of California, Santa Barbara': no usable link (live)
[2083/3152] 'MATH34AB - University of California, Santa Barbara': no usable link (live)
[2084/3152] 'MATH34B - University of California, Santa Barbara' (live): SAVED top 1 -> https://www.math.ucsb.edu/sites/default/files/sitefiles/undergraduate/Outlines/MATH%2034B%20Outline.pdf
[2085/3152] 'MATH4A - University of California, Santa Barbara' (live): SAVED top 1 -> https://web.math.ucsb.edu/~mgscharl/Math4A/linalg.htm
[2086/3152] 'MATH4B - University of California, Santa Barbara' (live): SAVED top 2 -> https://zhangqing2513.github.io/Math4BSpring2024/Table%20of%20Contents.html + https://math.ucsb.edu/sites/default/files/sitefiles/undergraduate/Outlines/MATH%204B%20Outline.pdf
[2087/3152] 'MATH6B - University of California, Santa Barbara': no usable link (live)
[2088/3152] 'PHY6A - University of California, Santa Barbara' (live): SAVED top 1 -> https://ilg.physics.ucsb.edu/Courses/6/AL/index.html?linkfile=home
[2089/3152] 'PHY6B - University of California, Santa Barbara': no usable link (live)
[2090/3152] 'PHY6C - University of California, Santa Barbara' (live): SAVED top 1 -> https://www.physics.ucsb.edu/academics/undergraduate/courses
[2091/3152] 'PHYS6A - University of California, Santa Barbara': no usable link (live)
[2092/3152] 'PHYS6AB - University of California, Santa Barbara': no usable link (live)
[2093/3152] 'PHYS6ABC - University of California, Santa Barbara': no usable link (live)
[2094/3152] 'PHYS7D - University of California, Santa Barbara': no usable link (live)
[2095/3152] 'PSTAT10 - University of California, Santa Barbara': no usable link (live)
[2096/3152] 'PSTAT120 - University of California, Santa Barbara' (live): SAVED top 2 -> https://pstat120a.github.io/ + https://pstat120a.github.io/resources.html
[2097/3152] 'PSTAT120A - University of California, Santa Barbara': no usable link (live)
[2098/3152] 'PSTAT120B - University of California, Santa Barbara': no usable link (live)
[2099/3152] 'PSTAT126 - University of California, Santa Barbara' (live): SAVED top 2 -> https://github.com/taranroyyuru/PSTAT-126-Homework-and-Labs-Linear-Regression- + https://www.pstat.ucsb.edu/
[2100/3152] 'PSTAT160A - University of California, Santa Barbara': no usable link (live)
[2101/3152] 'PSTAT160B - University of California, Santa Barbara' (live): SAVED top 2 -> https://github.com/ostapenkovs/pstat160ab-stochastic-processes + https://github.com/njfritter/UCSB-PSTAT-160B
[2102/3152] 'PSTAT171 - University of California, Santa Barbara': no usable link (live)
[2103/3152] 'PSTAT194CS - University of California, Santa Barbara': no usable link (live)
[2104/3152] 'PSTAT8 - University of California, Santa Barbara': no usable link (live)
[2105/3152] 'MAE3310 - University of Central Florida': no usable link (live)
[2106/3152] 'CSPP50102 - University of Chicago' (live): SAVED top 2 -> https://people.cs.uchicago.edu/~brady/CSPP50102/general.html + https://andreask.cs.illinois.edu/lecture-slides-and-demos-released-as-open-source/
[2107/3152] 'MATH13200 - University of Chicago' (live): SAVED top 2 -> https://www.math.uchicago.edu/~chonoles/teaching/2016/13200/math13200-syllabus.pdf + https://mathematics.uchicago.edu/undergraduate/courses/
[2108/3152] 'MATH18300 - University of Chicago' (live): SAVED top 2 -> https://webhome.auburn.edu/~mip0024/teaching/2024-08-MATH18300.html + https://voices.uchicago.edu/scanez/notes/
[2109/3152] 'MPCS50103 - University of Chicago': no usable link (live)
[2110/3152] 'MPCS55001 - University of Chicago' (live): SAVED top 2 -> https://mpcs-courses.cs.uchicago.edu/2025-26/spring/courses/mpcs-55001-1 + https://people.cs.uchicago.edu/~brady/MPCS55001/
[2111/3152] 'MSCS55001 - University of Chicago' (live): SAVED top 2 -> https://mpcs-courses.cs.uchicago.edu/2024-25/spring/courses/mpcs-55001-1 + https://mpcs-courses.cs.uchicago.edu/2025-26/spring/courses/mpcs-55001-1
[2112/3152] 'PHYS13100 - University of Chicago' (live): SAVED top 1 -> https://summer.uchicago.edu/courses/mechanics/
[2113/3152] 'PHYS13200 - University of Chicago' (live): SAVED top 2 -> https://physics.uchicago.edu/academics/undergraduate-programs/courses/ + https://physics.uchicago.edu/site/basic_page/964/
[2114/3152] 'EECE2060C - University of Cincinnati': no usable link (live)
[2115/3152] 'MAT1044 - University of Cincinnati' (live): SAVED top 2 -> https://www.ccps.uc.edu/academics/olli/resources/handouts.html + https://www.onestop.uc.edu/registration/class-offerings.html
[2116/3152] 'MATH1044 - University of Cincinnati': no usable link (live)
[2117/3152] 'MATH1045 - University of Cincinnati' (live): SAVED top 2 -> https://www.artsci.uc.edu/natural-sciences/math/academic-programs/continuum/business.html + https://www.onestop.uc.edu/registration/class-offerings.html
[2118/3152] 'MATH1046 - University of Cincinnati': no usable link (live)
[2119/3152] 'MATH1061 - University of Cincinnati': no usable link (live)
[2120/3152] 'MATH2073 - University of Cincinnati' (live): SAVED top 2 -> https://homepages.uc.edu/~goldbeml/Teaching/Math2073/Fall17/index.html + https://homepages.uc.edu/~brycwz/classes/2073/
[2121/3152] 'MATH2074 - University of Cincinnati': no usable link (live)
[2122/3152] 'MATH2076 - University of Cincinnati' (live): SAVED top 2 -> https://homepages.uc.edu/~brycwz/classes/2076/ + https://homepages.uc.edu/~herronda/linear_algebra/2017-SS-2076-info.html
[2123/3152] 'PHYS1051 - University of Cincinnati': no usable link (live)
[2124/3152] 'PHYS1052 - University of Cincinnati': no usable link (live)
[2125/3152] 'STAT1031 - University of Cincinnati': no usable link (live)
[2126/3152] 'STAT1041 - University of Cincinnati' (live): SAVED top 2 -> https://www.ccps.uc.edu/academics/olli/resources/handouts.html + https://som-course.github.io/stats-spring-2025/lectures/
[2127/3152] 'STAT2037 - University of Cincinnati' (live): SAVED top 2 -> https://www.ccps.uc.edu/academics/olli/resources/handouts.html + https://www.onestop.uc.edu/registration/class-offerings.html
[2128/3152] 'ECEN1200 - University of Colorado Boulder': no usable link (live)
[2129/3152] 'ECEN2250 - University of Colorado Boulder': no usable link (live)
[2130/3152] 'MATH1071 - University of Colorado Boulder': no usable link (live)
[2131/3152] 'MATH1112 - University of Colorado Boulder' (live): SAVED top 2 -> https://www.colorado.edu/ensrap/math-1112 + https://experts.colorado.edu/display/coursename_MATH-1112
[2132/3152] 'MATH1115 - University of Colorado Boulder': no usable link (live)
[2133/3152] 'MATH1212 - University of Colorado Boulder': no usable link (live)
[2134/3152] 'MATH2300 - University of Colorado Boulder' (live): SAVED top 2 -> https://math.colorado.edu/~chda1090/MATH2300/MATH2300_Syllabus.pdf + https://math.colorado.edu/math2300/
[2135/3152] 'MATH2510 - University of Colorado Boulder' (live): SAVED top 2 -> https://experts.colorado.edu/display/coursename_MATH-2510 + https://www.colorado.edu/hrap/math-2510-introduction-statistics
[2136/3152] 'MATH3430 - University of Colorado Boulder': no usable link (live)
[2137/3152] 'MATH4440 - University of Colorado Boulder': no usable link (live)
[2138/3152] 'PHY2010 - University of Colorado Boulder' (live): SAVED top 2 -> https://experts.colorado.edu/display/coursename_PHYS-2010 + https://www.colorado.edu/per/resources/course-materials
[2139/3152] 'PHYS1115 - University of Colorado Boulder': no usable link (live)
[2140/3152] 'PHYS1120 - University of Colorado Boulder': no usable link (live)
[2141/3152] 'PHYS1240 - University of Colorado Boulder' (live): SAVED top 2 -> https://experts.colorado.edu/display/coursename_PHYS-1240 + https://www.colorado.edu/per/resources/course-materials
[2142/3152] 'PHYS2010 - University of Colorado Boulder': no usable link (live)
[2143/3152] 'PHYS2020 - University of Colorado Boulder' (live): SAVED top 1 -> https://www.colorado.edu/per/resources/course-materials
[2144/3152] 'PHYS2130 - University of Colorado Boulder': no usable link (live)
[2145/3152] 'PHYS2170 - University of Colorado Boulder' (live): SAVED top 2 -> https://www.colorado.edu/faculty/leo-radzihovsky/courses/phys-2170-foundations-modern-physics + https://vivo.colorado.edu/display/coursename_PHYS-2170
[2146/3152] 'PHYS2210 - University of Colorado Boulder': no usable link (live)
[2147/3152] 'PHYS3320 - University of Colorado Boulder': no usable link (live)
[2148/3152] 'STAT2600 - University of Colorado Boulder' (live): SAVED top 2 -> https://www.colorado.edu/amath/stat-2600-introduction-data-science + https://experts.colorado.edu/display/coursename_STAT-2600
[2149/3152] 'CALC1132Q - University of Connecticut' (live): SAVED top 2 -> https://www2.math.uconn.edu/ClassHomePages/Math1132/math1132f10/description.html + https://syllabus.uconn.edu/public/download.php?file=1053%7C2353134115
[2150/3152] 'ECE2001 - University of Connecticut' (live): SAVED top 2 -> https://electron.engr.uconn.edu/ece2001/ + https://github.com/artjsalina5/ECE2001-Electrical-Circuits
[2151/3152] 'ECE2001W - University of Connecticut' (live): SAVED top 2 -> https://github.com/artjsalina5/ECE2001-Electrical-Circuits + https://github.com/PatrikSo/Electrical-Circuits-01-Ece2001-
[2152/3152] 'ECE3201 - University of Connecticut' (live): SAVED top 2 -> https://github.com/artjsalina5/ECE3201---Electric-Circuit-Design-and-Analysis/blob/main/README.md + https://github.com/artjsalina5/ECE3201---Electric-Circuit-Design-and-Analysis
[2153/3152] 'ECE4225 - University of Connecticut': no usable link (live)
[2154/3152] 'MAT1070Q - University of Connecticut' (live): SAVED top 2 -> https://syllabus.uconn.edu/public/download.php?file=1402%7C7897162259 + https://syllabus.uconn.edu/public/download.php?file=1213%7C2663737016
[2155/3152] 'MATH1030Q - University of Connecticut': no usable link (live)
[2156/3152] 'MATH1060Q - University of Connecticut' (live): SAVED top 2 -> https://savkar.math.uconn.edu/math1060qfall2025/ + https://savkar.math.uconn.edu/math-1060-fall-2025/
[2157/3152] 'MATH1070Q - University of Connecticut': no usable link (live)
[2158/3152] 'MATH1071Q - University of Connecticut' (live): SAVED top 2 -> https://david-mcardle.scholar.uconn.edu/resources/math1071/ + https://syllabus.uconn.edu/public/download.php?file=1101%7C2509343913
[2159/3152] 'MATH1131Q - University of Connecticut': no usable link (live)
[2160/3152] 'MATH1132 - University of Connecticut' (live): SAVED top 2 -> https://stem.program.uconn.edu/math-1132/ + https://syllabus.uconn.edu/public/download.php?file=1053%7C2353134115
[2161/3152] 'MATH1132Q - University of Connecticut': no usable link (live)
[2162/3152] 'MATH2110Q - University of Connecticut': no usable link (live)
[2163/3152] 'MATH2141Q - University of Connecticut': no usable link (live)
[2164/3152] 'MATH2210Q - University of Connecticut': no usable link (live)
[2165/3152] 'MATH2410Q - University of Connecticut': no usable link (live)
[2166/3152] 'MATH3445 - University of Connecticut': no usable link (live)
[2167/3152] 'MATH3660 - University of Connecticut': no usable link (live)
[2168/3152] 'MATH3710 - University of Connecticut': no usable link (live)
[2169/3152] 'PHYS1010Q - University of Connecticut' (live): SAVED top 1 -> https://syllabus.uconn.edu/public/class_syllabi.php?dept=PHYS&amp;number=1010Q
[2170/3152] 'PHYS1025Q - University of Connecticut': no usable link (live)
[2171/3152] 'PHYS1202Q - University of Connecticut': no usable link (live)
[2172/3152] 'PHYS1401Q - University of Connecticut' (live): SAVED top 2 -> https://www.phys.uconn.edu/~banerjee/phys1401/ + https://syllabus.uconn.edu/public/class_syllabi.php?dept=PHYS&amp;number=1401Q
[2173/3152] 'PHYS1501Q - University of Connecticut': no usable link (live)
[2174/3152] 'PHYS1502Q - University of Connecticut': no usable link (live)
[2175/3152] 'PHYS1530 - University of Connecticut': no usable link (live)
[2176/3152] 'PHYS3201 - University of Connecticut': no usable link (live)
[2177/3152] 'STAT1000 - University of Connecticut': no usable link (live)
[2178/3152] 'STAT1000Q - University of Connecticut': no usable link (live)
[2179/3152] 'STAT1100Q - University of Connecticut': no usable link (live)
[2180/3152] 'STAT2215 - University of Connecticut' (live): SAVED top 2 -> https://nalini-ravishanker.scholar.uconn.edu/wp-content/uploads/sites/1677/2022/04/STAT2215-Syllabus-Summer2022.pdf + https://syllabus.uconn.edu/public/download.php?file=1177%7C8325057235
[2181/3152] 'STAT2215Q - University of Connecticut' (live): SAVED top 2 -> https://nalini-ravishanker.scholar.uconn.edu/wp-content/uploads/sites/1677/2022/04/STAT2215-Syllabus-Summer2022.pdf + https://syllabus.uconn.edu/public/download.php?file=1177%7C8325057235
[2182/3152] 'STAT3025 - University of Connecticut': no usable link (live)
[2183/3152] 'STAT3025Q - University of Connecticut': no usable link (live)
[2184/3152] 'STAT3115Q - University of Connecticut': no usable link (live)
[2185/3152] 'STAT3255 - University of Connecticut' (live): SAVED top 2 -> https://statds.github.io/ids-s24/index.html + https://statds.github.io/ids-f25/index.html
[2186/3152] 'STAT3445 - University of Connecticut': no usable link (live)
[2187/3152] 'STATS1000Q - University of Connecticut': no usable link (live)
[2188/3152] 'STATS3375 - University of Connecticut' (live): SAVED top 2 -> https://vladimir-pozdnyakov.github.io/stat3375/ + https://vladimir-pozdnyakov.github.io/stat3375/syllabus3375.pdf
[2189/3152] 'DSC210 - University of Dayton': no usable link (live)
[2190/3152] 'DSC211 - University of Dayton': no usable link (live)
[2191/3152] 'EDT109 - University of Dayton' (live): SAVED top 2 -> https://udayton.edu/campus/learning-teaching-center/teaching-resources.php + https://github.com/annontopicmodel/unsupervised_topic_modeling/blob/master/topics/en/15/100/50/topics
[2192/3152] 'MATH168 - University of Dayton': no usable link (live)
[2193/3152] 'MTH128 - University of Dayton' (live): SAVED top 2 -> https://udayton.edu/campus/learning-teaching-center/teaching-resources.php + https://appprod.udayton.edu:9000/prod/bwckctlg.p_disp_course_detail?cat_term_in=202210&amp;subj_code_in=MTH&amp;crse_numb_in=128
[2194/3152] 'MTH129 - University of Dayton' (live): SAVED top 1 -> https://appprod.udayton.edu:9000/prod/bwckctlg.p_disp_course_detail?cat_term_in=202210&amp;subj_code_in=MTH&amp;crse_numb_in=129
[2195/3152] 'MTH149 - University of Dayton' (live): SAVED top 2 -> https://udayton.edu/campus/learning-teaching-center/teaching-resources.php + https://appprod.udayton.edu:9000/prod/bwckctlg.p_disp_course_detail?cat_term_in=202210&amp;subj_code_in=MTH&amp;crse_numb_in=149
[2196/3152] 'MTH168 - University of Dayton': no usable link (live)
[2197/3152] 'MTH169 - University of Dayton' (live): SAVED top 2 -> https://courses.wccnet.edu/~rwhatcher/mth169l/ + https://udayton.edu/campus/learning-teaching-center/teaching-resources.php
[2198/3152] 'MTH207 - University of Dayton' (live): SAVED top 1 -> https://appprod.udayton.edu:9000/prod/bwckctlg.p_disp_course_detail?cat_term_in=202210&amp;subj_code_in=MTH&amp;crse_numb_in=207
[2199/3152] 'PHY190 - University of Dayton' (live): SAVED top 1 -> https://udayton.edu/campus/learning-teaching-center/teaching-resources.php
[2200/3152] 'SCI109 - University of Dayton': no usable link (live)
[2201/3152] 'SCI190 - University of Dayton': no usable link (live)
[2202/3152] 'SCI190L - University of Dayton' (live): SAVED top 1 -> https://appprod.udayton.edu:9000/prod/bwckctlg.p_disp_course_detail?cat_term_in=202210&amp;subj_code_in=SCI&amp;crse_numb_in=190L
[2203/3152] 'FREC408 - University of Delaware' (live): SAVED top 1 -> https://www.udel.edu/academics/registrar/faculty-staff/schedule-of-classes/
[2204/3152] 'PHYS245 - University of Delaware': no usable link (live)
[2205/3152] 'SCEN101 - University of Delaware': no usable link (live)
[2206/3152] 'STAT608 - University of Delaware' (live): SAVED top 1 -> https://github.com/JestonBlu/Statistics-Masters/tree/master/STAT_608/Lecture%20Notes
[2207/3152] 'MATH1951 - University of Denver' (live): SAVED top 2 -> https://cs.du.edu/~rpavlov/1951(Au10)/math1951.html + https://www.cs.du.edu/~meiyin/Math1951.pdf
[2208/3152] 'MATH1952 - University of Denver': no usable link (live)
[2209/3152] 'MATH1953 - University of Denver' (live): SAVED top 2 -> https://cs.du.edu/~rpavlov/1953/math1953.html + https://cs.du.edu/~rpavlov/1953(Sp19)/math1953(Sp19).html
[2210/3152] 'MATH3161 - University of Denver': no usable link (live)
[2211/3152] 'PHSY1111 - University of Denver' (live): SAVED top 2 -> https://bulletin.du.edu/undergraduate/coursedescriptions/phys/ + https://www.du.edu/registrar/registration/how-register/find-courses
[2212/3152] 'PHYS1011 - University of Denver' (live): SAVED top 2 -> https://bulletin.du.edu/undergraduate/coursedescriptions/phys/ + https://www.du.edu/registrar/registration/how-register/find-courses
[2213/3152] 'MAC1147 - University of Florida': no usable link (live)
[2214/3152] 'MAC3474 - University of Florida': no usable link (live)
[2215/3152] 'MAD4401 - University of Florida' (live): SAVED top 2 -> https://syllabus.math.ufl.edu/wp-content/uploads/sites/133/MAD4401__Spring_2025__Pollock.pdf + https://people.clas.ufl.edu/mathguy/courses/mad-4401/
[2216/3152] 'MAP2032 - University of Florida': no usable link (live)
[2217/3152] 'MAP2302 - University of Florida' (live): SAVED top 2 -> https://floridapoly.edu/wp-content/uploads/2026/01/MAP-2302-03_SP-2026.pdf + https://curriculumalignment.ucf.edu/wp-content/uploads/sites/10/2020/09/EFSC_FA20_MAP2302.pdf
[2218/3152] 'MAS3114 - University of Florida': no usable link (live)
[2219/3152] 'MAS4105 - University of Florida' (live): SAVED top 2 -> https://syllabus.math.ufl.edu/wp-content/uploads/sites/133/FALL-2025-MAS4105_Rong.pdf + https://syllabus.math.ufl.edu/wp-content/uploads/sites/133/FALL-2025-MAS_4105_Crew.pdf
[2220/3152] 'MAS4115 - University of Florida' (live): SAVED top 2 -> https://people.clas.ufl.edu/park-y/files/MAS_4115_syllabus.pdf + https://github.com/oscardcamargo/MAS4115project
[2221/3152] 'MAS4203 - University of Florida' (live): SAVED top 2 -> https://www.math.fsu.edu/~hoeij/spring2007/MAS4203.html + https://www.math.fsu.edu/~hoeij/2014/MAS4203.html
[2222/3152] 'MHF3202 - University of Florida': no usable link (live)
[2223/3152] 'PHY2020 - University of Florida' (live): SAVED top 2 -> https://dualenrollment.ufl.edu/_content/syllabus/PHY%202020%20Introduction%20to%20Principles%20of%20Physics.pdf + https://curriculum.aa.ufl.edu/media/curriculumaaufledu/spring-2026/13696.pdf
[2224/3152] 'PHY2053 - University of Florida': no usable link (live)
[2225/3152] 'PHY2054 - University of Florida': no usable link (live)
[2226/3152] 'PHY2060 - University of Florida': no usable link (live)
[2227/3152] 'PHY2061 - University of Florida' (live): SAVED top 2 -> http://legacy.phys.ufl.edu/courses/phy2061/spring20/ + https://www.phys.ufl.edu/courses/phy2061/spring15/phy2061_15s.html
[2228/3152] 'STA20203 - University of Florida' (live): SAVED top 2 -> https://floridapoly.edu/wp-content/uploads/2025/11/STA2023_Statistics1_All-Sections.pdf + https://stat.ufl.edu/wp-content/uploads/sites/120/Ripol_STA2023-SyllabusFALL-2023.pdf
[2229/3152] 'STA3024 - University of Florida': no usable link (live)
[2230/3152] 'STA3100 - University of Florida': no usable link (live)
[2231/3152] 'STAT2023 - University of Florida': no usable link (live)
[2232/3152] 'BUSN3000 - University of Georgia': no usable link (live)
[2233/3152] 'MAT1113 - University of Georgia': no usable link (live)
[2234/3152] 'MATH1060 - University of Georgia' (live): SAVED top 2 -> https://www.math.uga.edu/courses/content/math1060 + https://mthsc.clemson.edu/ug_course_pages/math1060
[2235/3152] 'MATH1113E - University of Georgia': no usable link (live)
[2236/3152] 'MATH2200 - University of Georgia': no usable link (live)
[2237/3152] 'MATH2250E - University of Georgia' (live): SAVED top 2 -> https://www.math.uga.edu/courses/content/math2250 + https://www.math.uga.edu/2250
[2238/3152] 'MATH2500 - University of Georgia': no usable link (live)
[2239/3152] 'MATH2700 - University of Georgia' (live): SAVED top 2 -> https://www.math.uga.edu/courses/content/math2700 + https://bulletin.uga.edu/Link?cid=MATH2700
[2240/3152] 'MATH3200 - University of Georgia': no usable link (live)
[2241/3152] 'MATH3300 - University of Georgia': no usable link (live)
[2242/3152] 'MATH4790 - University of Georgia': no usable link (live)
[2243/3152] 'MSIT3000 - University of Georgia' (live): SAVED top 2 -> https://sis-ssb-prod.uga.edu/PROD/bwckctlg.p_disp_course_detail?cat_term_in=201408&amp;subj_code_in=MSIT&amp;crse_numb_in=3000 + https://bulletin.uga.edu/Home/Index
[2244/3152] 'MSIT3000H - University of Georgia' (live): SAVED top 2 -> https://bulletin.uga.edu/Home/Index + https://sis-ssb-prod.uga.edu/PROD/bwckctlg.p_disp_course_detail?cat_term_in=201408&amp;subj_code_in=MSIT&amp;crse_numb_in=3000
[2245/3152] 'PHYS1111 - University of Georgia' (live): SAVED top 2 -> https://physast.uga.edu/courses/content/phys-1111 + https://physast.uga.edu/courses/content/phys-1111l
[2246/3152] 'PHYS1212 - University of Georgia' (live): SAVED top 2 -> https://physast.uga.edu/courses/content/phys-1212 + https://sites.physast.uga.edu/syllabi/PHYS_1212_Zhaoyp_0821.pdf
[2247/3152] 'PHYS1251 - University of Georgia': no usable link (live)
[2248/3152] 'PHYS1252 - University of Georgia': no usable link (live)
[2249/3152] 'PHYS1311 - University of Georgia': no usable link (live)
[2250/3152] 'STAT1501 - University of Georgia': no usable link (live)
[2251/3152] 'STAT2010 - University of Georgia': no usable link (live)
[2252/3152] 'STAT2100H - University of Georgia' (live): SAVED top 2 -> https://stat.uga.edu/courses/content/stat-2100h + https://bulletin.uga.edu/link?cid=STAT%202100H
[2253/3152] 'STAT2360 - University of Georgia' (live): SAVED top 2 -> https://stat.uga.edu/courses/content/stat-2360-2360l + https://bulletin.uga.edu/Course/Details/39284
[2254/3152] 'STAT4210 - University of Georgia' (live): SAVED top 2 -> https://stat.uga.edu/courses/content/stat-4210 + https://bulletin.uga.edu/Home/Index
[2255/3152] 'STAT4220 - University of Georgia': no usable link (live)
[2256/3152] 'STAT4230 - University of Georgia' (live): SAVED top 2 -> https://stat.uga.edu/courses/content/stat-42306230 + https://bulletin.uga.edu/Course/Details/4307
[2257/3152] 'STAT4365 - University of Georgia': no usable link (live)
[2258/3152] 'UNIV1108 - University of Georgia': no usable link (live)
[2259/3152] 'UNIV1110 - University of Georgia' (live): SAVED top 2 -> https://ossa.uga.edu/course/univ1110/ + https://comm.uga.edu/courses/content/comm-1110
[2260/3152] 'UNIV2900 - University of Georgia' (live): SAVED top 2 -> https://reg.uga.edu/registration/schedule-of-classes/ + https://history.uga.edu/courses/all
[2261/3152] 'MATH251A - University of Hawaii at Manoa': no usable link (live)
[2262/3152] 'MATH252A - University of Hawaii at Manoa': no usable link (live)
[2263/3152] 'NREM203 - University of Hawaii at Manoa' (live): SAVED top 1 -> https://www.sis.hawaii.edu/uhdad/bwckctlg.p_disp_course_detail?cat_term_in=201710&amp;inst_in=MAN&amp;subj_code_in=NREM&amp;crse_numb_in=203
[2264/3152] 'PHYS152L - University of Hawaii at Manoa': no usable link (live)
[2265/3152] 'PHYS170L - University of Hawaii at Manoa': no usable link (live)
[2266/3152] 'PHYS272L - University of Hawaii at Manoa': no usable link (live)
[2267/3152] 'PHYS274 - University of Hawaii at Manoa': no usable link (live)
[2268/3152] 'CALC2314 - University of Houston': no usable link (live)
[2269/3152] 'FINIT1313 - University of Houston' (live): SAVED top 2 -> https://math.uh.edu/~mmsosa/MyMath1313/Lessons/ + https://www.math.uh.edu/~mmsosa/ShortMini1313/
[2270/3152] 'MATH1313 - University of Houston': no usable link (live)
[2271/3152] 'MATH1432 - University of Houston' (live): SAVED top 2 -> https://www.math.uh.edu/~jmorgan/Math1432/ + https://www.math.uh.edu/~jmorgan/Math1432/syl.htm
[2272/3152] 'MATH2303 - University of Houston' (live): SAVED top 2 -> https://www.math.uh.edu/~irina/MATH2303/2303Main/2303SyllabusOnlineF16.pdf + https://www.uh.edu/nsm/math/undergraduate/courses/math2303/index.php
[2273/3152] 'MATH2305 - University of Houston': no usable link (live)
[2274/3152] 'MATH2318 - University of Houston': no usable link (live)
[2275/3152] 'MATH2344 - University of Houston' (live): SAVED top 2 -> https://online.math.uh.edu/uh-students/ + https://www.uh.edu/nsm/math/undergraduate/course-listing/
[2276/3152] 'MATH3321 - University of Houston': no usable link (live)
[2277/3152] 'MATH3336 - University of Houston' (live): SAVED top 2 -> https://www.uh.edu/nsm/math/undergraduate/courses-donotpublish-tccns/math3336/index.php + https://publications.uh.edu/preview_course_nopop.php?catoid=44&amp;coid=212319
[2278/3152] 'MATH3338 - University of Houston' (live): SAVED top 2 -> https://www.uh.edu/nsm/math/undergraduate/courses/math3338/index.php + http://uscholars.uh.edu/nsm/math/undergraduate/courses/math3338/index.php
[2279/3152] 'MATH3339 - University of Houston': no usable link (live)
[2280/3152] 'MATH3363 - University of Houston': no usable link (live)
[2281/3152] 'MATH4322 - University of Houston' (live): SAVED top 2 -> https://campusnet.uh.edu/nsm/math/undergraduate/courses/math4322/ + https://github.com/ayubf/MATH4322/tree/main/notes
[2282/3152] 'PRECA1330 - University of Houston' (live): SAVED top 2 -> https://www.math.uh.edu/~almus/1330_main.htm + https://online.math.uh.edu/Math1330-unpaid/index.html
[2283/3152] 'STAT3331 - University of Houston' (live): SAVED top 1 -> https://www.bauer.uh.edu/undergraduate/supply-chain-management/courses/stat-3331-statistics-for-business-applications.php
[2284/3152] 'CALC017 - University of Iowa': no usable link (live)
[2285/3152] 'CALC025 - University of Iowa': no usable link (live)
[2286/3152] 'MAT1350 - University of Iowa': no usable link (live)
[2287/3152] 'MATH016 - University of Iowa' (live): SAVED top 2 -> http://faculty.ccp.edu/dept/math/developmental/016-lecture-notes-luy.pdf + https://myui.uiowa.edu/my-ui/courses/course-search.page
[2288/3152] 'MATH033 - University of Iowa' (live): SAVED top 2 -> http://homepage.math.uiowa.edu/~ljay/m33_04.dir/m33-syll.html + https://myui.uiowa.edu/my-ui/courses/course-search.page
[2289/3152] 'MATH1005 - University of Iowa': no usable link (live)
[2290/3152] 'MATH1340 - University of Iowa': no usable link (live)
[2291/3152] 'MATH1380 - University of Iowa' (live): SAVED top 2 -> https://learn.uiowa.edu/ + https://github.com/MathSociety/Course-slides
[2292/3152] 'MATH1440 - University of Iowa' (live): SAVED top 1 -> https://tutor.uiowa.edu/mathematics-biological-sciences-math1440
[2293/3152] 'MATH1460 - University of Iowa' (live): SAVED top 2 -> https://tutor.uiowa.edu/calculus-biological-sciences-math1460 + https://kerry-tarrant.github.io/classes/math1460fall2021/syllabus_1460_21fall.pdf
[2294/3152] 'MATH1560 - University of Iowa' (live): SAVED top 2 -> https://kerry-tarrant.github.io/classes/math1560spring2025/m1560_syllabus.pdf + https://kerry-tarrant.github.io/classes/math1560spring2024/Spr24Syllabus1560.pdf
[2295/3152] 'MATH1850 - University of Iowa' (live): SAVED top 1 -> https://myui.uiowa.edu/my-ui/courses/dashboard.page?q.courseSubject=MATH&amp;q.courseNumber=1850&amp;showResults=1
[2296/3152] 'MATH1860 - University of Iowa' (live): SAVED top 2 -> https://homepage.divms.uiowa.edu/~zaminzare/Teaching/1860/1860.html + https://homepage.divms.uiowa.edu/~dstewart/classes/22m026/index.xhtml
[2297/3152] 'MATH2560 - University of Iowa' (live): SAVED top 2 -> https://homepage.math.uiowa.edu/~idarcy/COURSES/100/FALL23/2560.html + https://homepage.math.uiowa.edu/~idarcy/COURSES/100/FALL24/2560.html
[2298/3152] 'MATH2850 - University of Iowa': no usable link (live)
[2299/3152] 'MATH3600 - University of Iowa' (live): SAVED top 2 -> https://homepage.math.uiowa.edu/~idarcy/COURSES/100/FALL20/3600.html + https://homepage.math.uiowa.edu/~idarcy/COURSES/100/3600v.html
[2300/3152] 'MATH3800 - University of Iowa': no usable link (live)
[2301/3152] 'PHY11 - University of Iowa' (live): SAVED top 2 -> https://homepage.physics.uiowa.edu/~yonel/PHYS_1511/ + https://homepage.physics.uiowa.edu/~yonel/PHYS_1511/syllabus.pdf
[2302/3152] 'PHYS011 - University of Iowa' (live): SAVED top 2 -> https://homepage.physics.uiowa.edu/~ghowes/teach/phys11/index.html + https://myui.uiowa.edu/my-ui/courses/course-search.page
[2303/3152] 'PHYS1512 - University of Iowa' (live): SAVED top 2 -> https://tutor.uiowa.edu/college-physics-ii-phys1512 + https://myui.uiowa.edu/my-ui/courses/dashboard.page?q.courseSubject=PHYS&amp;q.courseNumber=1512&amp;showResults=1
[2304/3152] 'PHYS1611 - University of Iowa': no usable link (live)
[2305/3152] 'PHYS1612 - University of Iowa' (live): SAVED top 2 -> https://instructional-resources.physics.uiowa.edu/ + https://instructional-resources.physics.uiowa.edu/demos
[2306/3152] 'PHYS2911 - University of Iowa': no usable link (live)
[2307/3152] 'STAT1030 - University of Iowa': no usable link (live)
[2308/3152] 'STAT3100 - University of Iowa': no usable link (live)
[2309/3152] 'HSES310 - University of Kansas': no usable link (live)
[2310/3152] 'HSES375 - University of Kansas': no usable link (live)
[2311/3152] 'MATH605 - University of Kansas': no usable link (live)
[2312/3152] 'PHSX111 - University of Kansas' (live): SAVED top 1 -> https://physics.ku.edu/academics/course-listing
[2313/3152] 'PHSX114 - University of Kansas': no usable link (live)
[2314/3152] 'PHSX114LAB - University of Kansas': no usable link (live)
[2315/3152] 'PHSX115 - University of Kansas': no usable link (live)
[2316/3152] 'PHSX210 - University of Kansas' (live): SAVED top 1 -> https://ephx.ku.edu/courses
[2317/3152] 'PHSX212 - University of Kansas': no usable link (live)
[2318/3152] 'PHSX213 - University of Kansas': no usable link (live)
[2319/3152] 'PHSX216 - University of Kansas': no usable link (live)
[2320/3152] 'PHSX236 - University of Kansas': no usable link (live)
[2321/3152] 'PHSX313 - University of Kansas' (live): SAVED top 1 -> https://physics.ku.edu/academics/course-listing
[2322/3152] 'PHXS210 - University of Kansas': no usable link (live)
[2323/3152] 'EE280 - University of Kentucky': no usable link (live)
[2324/3152] 'EE281 - University of Kentucky': no usable link (live)
[2325/3152] 'EE584 - University of Kentucky': no usable link (live)
[2326/3152] 'EE599 - University of Kentucky' (live): SAVED top 2 -> https://github.com/akshaydeepakhegde/EE599-Neural-Networks/blob/master/final%20ppt.pptx + https://aggregate.ece.engr.uky.edu/PAQC/
[2327/3152] 'MA123 - University of Kentucky' (live): SAVED top 2 -> https://www.ms.uky.edu/~ma123/Fall25/ + https://www.ms.uky.edu/~ma123/Spring25/
[2328/3152] 'MA162 - University of Kentucky': no usable link (live)
[2329/3152] 'MA214 - University of Kentucky' (live): SAVED top 2 -> https://www.ms.uky.edu/~qye/MA214/ma214.html + https://www.ms.uky.edu/~qye/MA214/ma214F22.html
[2330/3152] 'MA320 - University of Kentucky' (live): SAVED top 2 -> https://www.ms.uky.edu/~dmu228/ma320/ + https://www.ms.uky.edu/~dmu228/ma320/main.html
[2331/3152] 'MA321 - University of Kentucky': no usable link (live)
[2332/3152] 'MA322 - University of Kentucky': no usable link (live)
[2333/3152] 'PHY228 - University of Kentucky' (live): SAVED top 2 -> https://www.pa.uky.edu/~gardner/p228/spr07/ + https://www.pa.uky.edu/~gardner/p228/spr07/syllabus.html
[2334/3152] 'PHY232 - University of Kentucky': no usable link (live)
[2335/3152] 'PHY242 - University of Kentucky': no usable link (live)
[2336/3152] 'STA296 - University of Kentucky' (live): SAVED top 2 -> https://myuk.uky.edu/zapps/CourseCatalog/CourseDetail/2024/030/?CoursePrefix=STA&amp;CourseNumber=296 + https://studentsuccess.uky.edu/services/academic-resource-search-tool
[2337/3152] 'STA381 - University of Kentucky': no usable link (live)
[2338/3152] 'STAT296 - University of Kentucky' (live): SAVED top 2 -> https://catalogs.uky.edu/misc/catalog_list.php?catoid=3 + https://studentsuccess.uky.edu/services/academic-resource-search-tool
[2339/3152] 'GEN103 - University of Louisville': no usable link (live)
[2340/3152] 'GEN104 - University of Louisville' (live): SAVED top 1 -> https://student.louisville.edu/registrar/course-descriptions-and-syllabi
[2341/3152] 'PHYS298 - University of Louisville' (live): SAVED top 1 -> https://student.louisville.edu/registrar/courses-advising/find-classes-plan-your-coursework
[2342/3152] 'PHYS299 - University of Louisville': no usable link (live)
[2343/3152] 'MAT228 - University of Maine' (live): SAVED top 2 -> http://webwork.umemat.maine.edu/webwork2/ + https://umaine.edu/amp-course-materials/
[2344/3152] 'MAT445 - University of Maine' (live): SAVED top 2 -> https://courses.maine.edu/ + https://www.maine.edu/students/ums-class-search/
[2345/3152] 'STS235 - University of Maine' (live): SAVED top 2 -> https://www.maine.edu/students/ums-class-search/ + https://online.umaine.edu/course-search/
[2346/3152] 'ECE3540 - University of Manitoba': no usable link (live)
[2347/3152] 'ECE4290 - University of Manitoba' (live): SAVED top 1 -> https://umanitoba.ca/engineering/sites/engineering/files/2021-09/ECE%204290%20Course%20Outline.pdf
[2348/3152] 'ENG1450 - University of Manitoba' (live): SAVED top 2 -> https://umanitoba.ca/engineering/sites/engineering/files/2025-01/eng-1450-course-outline-w25.pdf + https://umanitoba.ca/engineering/sites/engineering/files/2021-09/ENG%201450%20Course%20Outline.pdf
[2349/3152] 'MA1020 - University of Manitoba' (live): SAVED top 1 -> https://aurora.umanitoba.ca/ssb/bwckctlg.p_disp_course_detail?cat_term_in=202410&amp;subj_code_in=MATH&amp;crse_numb_in=1020
[2350/3152] 'MATH1240 - University of Manitoba' (live): SAVED top 1 -> https://aurora.umanitoba.ca/ssb/bwckctlg.p_disp_course_detail?cat_term_in=202390&amp;subj_code_in=MATH&amp;crse_numb_in=1240
[2351/3152] 'MATH1510 - University of Manitoba' (live): SAVED top 2 -> https://server.math.umanitoba.ca/~tkucera/courses/MATH1510/2007fMATH1510.html + https://aurora.umanitoba.ca/ssb/bwckctlg.p_disp_course_detail?cat_term_in=202390&amp;subj_code_in=MATH&amp;crse_numb_in=1510
[2352/3152] 'MATH2132 - University of Manitoba': no usable link (live)
[2353/3152] 'MATH2720 - University of Manitoba': no usable link (live)
[2354/3152] 'MATH2730 - University of Manitoba': no usable link (live)
[2355/3152] 'MBIO1220 - University of Manitoba': no usable link (live)
[2356/3152] 'PHYS0900 - University of Manitoba' (live): SAVED top 1 -> https://umanitoba.ca/science/physics-and-astronomy/course-offerings
[2357/3152] 'PHYS1018 - University of Manitoba': no usable link (live)
[2358/3152] 'STAT1150 - University of Manitoba': no usable link (live)
[2359/3152] 'STAT2150 - University of Manitoba': no usable link (live)
[2360/3152] 'STAT2220 - University of Manitoba': no usable link (live)
[2361/3152] 'STAT22220 - University of Manitoba' (live): SAVED top 1 -> https://www.sci.umanitoba.ca/statistics/wp-content/uploads/sites/4/2019/12/2220-W2015-A01-Outline.pdf
[2362/3152] 'STAT2400 - University of Manitoba': no usable link (live)
[2363/3152] 'CMSC250 - University of Maryland': no usable link (live)
[2364/3152] 'MATH140H - University of Maryland' (live): SAVED top 2 -> https://www-math.umd.edu/offered-courses/362-math-140-calculus-i.html + https://www.umgc.edu/online-degrees/course-information.math140
[2365/3152] 'MATH241H - University of Maryland': no usable link (live)
[2366/3152] 'MATH246 - University of Maryland': no usable link (live)
[2367/3152] 'MATH461 - University of Maryland' (live): SAVED top 2 -> https://math.umd.edu/~mellet/math461/ + https://www-math.umd.edu/undergraduate/departmental-course-pages/offered-courses/403-math-461-linear-algebra-for-scientists-and-engineers.html
[2368/3152] 'PHYS161 - University of Maryland': no usable link (live)
[2369/3152] 'PHYS260 - University of Maryland' (live): SAVED top 2 -> https://physics.umd.edu/courses/Phys260/agashe/S10/syllabus.html + https://www.umdphysics.umd.edu/academics/courses/968-physics-260-vibrations-waves-heat-electricity-magnetism.html
[2370/3152] 'PHYS270 - University of Maryland' (live): SAVED top 2 -> https://physics.umd.edu/~pshawhan/courses/phys270/f15/index.html + http://prubin.physics.gmu.edu/courses/270/PHYS270_F25_syllabus.pdf
[2371/3152] 'PHYS272 - University of Maryland' (live): SAVED top 2 -> https://umdphysics.umd.edu/images/syllabi/2024/Phys272-F2024-Seo.pdf + https://www.umdphysics.umd.edu/academics/courses/964-physics-272-272h-introductory-physics-fields.html
[2372/3152] 'STAT401 - University of Maryland': no usable link (live)
[2373/3152] 'MA098 - University of Massachusetts Amherst' (live): SAVED top 2 -> https://www.umass.edu/education/facultyhub/instructional-support/presentations-media/presentation-design + https://www.umass.edu/registrar/courses-and-schedules
[2374/3152] 'MA201 - University of Massachusetts Amherst': no usable link (live)
[2375/3152] 'STAT535 - University of Massachusetts Amherst' (live): SAVED top 2 -> https://github.com/uchuuronin/STAT535 + https://github.com/he134543/STAT535
[2376/3152] 'MAS105 - University of Miami' (live): SAVED top 2 -> https://lpt.it.miami.edu/resources/students/access-course-materials/ + https://bulletin.miami.edu/courses-az/mas/mas.pdf
[2377/3152] 'MAS210 - University of Miami': no usable link (live)
[2378/3152] 'MAS312 - University of Miami': no usable link (live)
[2379/3152] 'MGT303 - University of Miami': no usable link (live)
[2380/3152] 'MTH107 - University of Miami': no usable link (live)
[2381/3152] 'MTH162 - University of Miami' (live): SAVED top 2 -> https://www.math.miami.edu/~mckeown/mth162/index.html + https://www.math.miami.edu/~kwong/mth162/
[2382/3152] 'MTH210 - University of Miami' (live): SAVED top 2 -> https://www.math.miami.edu/~horja/classes/mth210/ + https://www.math.miami.edu/~wachs/mth210.pdf
[2383/3152] 'MTH533 - University of Miami' (live): SAVED top 2 -> https://www.math.miami.edu/~igrigore/teaching/mth533/syllabus_533.html + https://www.math.miami.edu/~igrigore/teaching/mth534/syllabus_534.html
[2384/3152] 'PHY222 - University of Miami': no usable link (live)
[2385/3152] 'ECE3210 - University of Missouri' (live): SAVED top 2 -> http://vigir.missouri.edu/~gdesouza/ece3210/index_main.htm + http://vigir.ee.missouri.edu/~gdesouza/ece3210/index.htm
[2386/3152] 'PHYS2760 - University of Missouri' (live): SAVED top 2 -> https://generaleducation.missouri.edu/course/physcs-2760/ + https://generaleducation.missouri.edu/course/physcs-2760h/
[2387/3152] 'STAT1200 - University of Missouri' (live): SAVED top 1 -> https://generaleducation.missouri.edu/course/stat-1200/
[2388/3152] 'STAT25 - University of Missouri': no usable link (live)
[2389/3152] 'STAT2500 - University of Missouri': no usable link (live)
[2390/3152] 'STAT3500 - University of Missouri': no usable link (live)
[2391/3152] 'MAHT110 - University of Montreal': no usable link (live)
[2392/3152] 'MATH364 - University of Montreal' (live): SAVED top 2 -> https://bala-krishnamoorthy.github.io/FilesMath364/F24/LecNotes/index.html + https://www.concordia.ca/content/dam/artsci/math-stats/docs/Outlines24-25/Winter2025/MATH364_4_25.pdf
[2393/3152] 'ME214 - University of Montreal' (live): SAVED top 2 -> https://dms.umontreal.ca/en/programs/courses-and-schedules + https://www.umontreal.ca/en/studies/
[2394/3152] 'PHYS117 - University of Montreal' (live): SAVED top 2 -> https://www.canton.edu/media/curriculum/PHYS117.pdf + https://coursecatalogue.mcgill.ca/courses/phys-117/index.html
[2395/3152] 'PHYS156 - University of Montreal' (live): SAVED top 2 -> https://phys.umontreal.ca/english/ + https://phys.umontreal.ca/accueil/
[2396/3152] 'PLSC214 - University of Montreal' (live): SAVED top 1 -> https://dms.umontreal.ca/en/programs/courses-and-schedules
[2397/3152] 'PUBH805 - University of Montreal': no usable link (live)
[2398/3152] 'PUBH811 - University of Montreal': no usable link (live)
[2399/3152] 'STAT244 - University of Montreal' (live): SAVED top 2 -> https://statistics.uchicago.edu/~yibi/teaching/stat244/ + https://github.com/odsogunro/spring2025-stat244-julia-and-data-intro/blob/main/data.ipynb
[2400/3152] 'STAT245 - University of Montreal': no usable link (live)
[2401/3152] 'STAT246 - University of Montreal' (live): SAVED top 2 -> https://dms.umontreal.ca/en/programs/courses-and-schedules + https://dms.umontreal.ca/en/programs
[2402/3152] 'STAT845 - University of Montreal': no usable link (live)
[2403/3152] 'STATS103 - University of Montreal': no usable link (live)
[2404/3152] 'STATS241 - University of Montreal': no usable link (live)
[2405/3152] 'STATS242 - University of Montreal': no usable link (live)
[2406/3152] 'STATS244 - University of Montreal': no usable link (live)
[2407/3152] 'STATS245 - University of Montreal': no usable link (live)
[2408/3152] 'ECEN102 - University of Nebraska-Lincoln': no usable link (live)
[2409/3152] 'ECEN211 - University of Nebraska-Lincoln': no usable link (live)
[2410/3152] 'ECEN215 - University of Nebraska-Lincoln': no usable link (live)
[2411/3152] 'ECEN216 - University of Nebraska-Lincoln': no usable link (live)
[2412/3152] 'ELEC370 - University of Nebraska-Lincoln': no usable link (live)
[2413/3152] 'MATH107H - University of Nebraska-Lincoln': no usable link (live)
[2414/3152] 'MATH208H - University of Nebraska-Lincoln': no usable link (live)
[2415/3152] 'STAT462 - University of Nebraska-Lincoln' (live): SAVED top 2 -> https://online.stat.psu.edu/stat462/ + https://cas.unl.edu/course-slide-tool/
[2416/3152] 'EE460 - University of Nevada, Las Vegas' (live): SAVED top 2 -> http://eelabs.faculty.unlv.edu/docs/labs/ee460L/Syllabus_EE460L.pdf + https://www.eelabs.faculty.unlv.edu/index.html?navi=eelabs_ee460
[2417/3152] 'MAT365 - University of Nevada, Las Vegas': no usable link (live)
[2418/3152] 'MATH096 - University of Nevada, Las Vegas': no usable link (live)
[2419/3152] 'PHYS196 - University of Nevada, Las Vegas': no usable link (live)
[2420/3152] 'STA411 - University of Nevada, Las Vegas' (live): SAVED top 1 -> https://www.unlv.edu/students
[2421/3152] 'STAT152 - University of Nevada, Las Vegas': no usable link (live)
[2422/3152] 'STAT391 - University of Nevada, Las Vegas': no usable link (live)
[2423/3152] 'STAT411 - University of Nevada, Las Vegas': no usable link (live)
[2424/3152] 'STAT491 - University of Nevada, Las Vegas': no usable link (live)
[2425/3152] 'ECE617 - University of New Hampshire': no usable link (live)
[2426/3152] 'ECE633 - University of New Hampshire': no usable link (live)
[2427/3152] 'ECE651 - University of New Hampshire': no usable link (live)
[2428/3152] 'MATH424A - University of New Hampshire' (live): SAVED top 2 -> https://courses.unh.edu/ + https://courses.unh.edu/class/202410/11341
[2429/3152] 'MATH424B - University of New Hampshire' (live): SAVED top 2 -> https://www.unh.edu/student-success/center-academic-resources/resources/course-specific-resources/math-424b + https://courses.unh.edu/class/202350/50259
[2430/3152] 'MATH425H - University of New Hampshire' (live): SAVED top 2 -> https://courses.unh.edu/ + https://courses.unh.edu/class/202450/50656
[2431/3152] 'MATH645 - University of New Hampshire': no usable link (live)
[2432/3152] 'PHYS405 - University of New Hampshire': no usable link (live)
