search: Tavily API key loaded
  cs: 82 professor(s)
  ece: 0 professor(s)
  math: 221 professor(s)
  stats: 1 professor(s)
  physics: 68 professor(s)
  engineering: 29 professor(s)
  chemistry: 145 professor(s)
  economics: 42 professor(s)

========== DISCIPLINE: CS (82 professors) ==========

### [cs] Stephen Bloch — Adelphi University (ratings=44, dept=Computer Science, 8 course(s))
  - 'CSC160': 'Stephen Bloch Adelphi University CSC160 course slides'
      1 link(s) @ https://home.adelphi.edu/~wi16133/csc160/f14/syllabus.pdf  (run=0, sequential=False)
  - 'CSC170': 'Stephen Bloch Adelphi University CSC170 course slides'
  - 'CS': 'Stephen Bloch Adelphi University CS course slides'
  - 'CSC171': 'Stephen Bloch Adelphi University CSC171 course slides'
      [fetch] error: Page.goto: net::ERR_ABORTED at https://home.adelphi.edu/sbloch/class/archive/171/spring2006/notes/lab1.pdf.gz
Call log:
  - navigating to "https://home.adelphi.edu/sbloch/class/archive/171/spring2006/notes/lab1.pdf.gz", waiting until "domcontentloaded"

      [fetch] error: Page.goto: net::ERR_ABORTED at https://home.adelphi.edu/sbloch/class/archive/171/spring2006/notes/lecture2.pdf.gz
Call log:
  - navigating to "https://home.adelphi.edu/sbloch/class/archive/171/spring2006/notes/lecture2.pdf.gz", waiting until "domcontentloaded"

  - 'CSC270': 'Stephen Bloch Adelphi University CSC270 course slides'
  - 'CSC172': 'Stephen Bloch Adelphi University CSC172 course slides'
  - 'COMPSCIEN': 'Stephen Bloch Adelphi University COMPSCIEN course slides'
  - 'COMPUTERS': 'Stephen Bloch Adelphi University COMPUTERS course slides'
      1 link(s) @ https://home.adelphi.edu/sbloch/class/archive/333/fall2013/syllabus.pdf  (run=0, sequential=False)

### [cs] Robert Siegfried — Adelphi University (ratings=43, dept=Computer Science, 8 course(s))
  - 'CSC172': 'Robert Siegfried Adelphi University CSC172 course slides'
      14 link(s) @ https://home.adelphi.edu/~siegfried/cs172/notes.html  (run=12, sequential=True)
      + 1_172l1.pdf
      + 2_172l2.pdf
      + 3_172l3.pdf
      + 4_171l5.pdf
      + 5_171l9.pdf
      + 6_172l4.pdf
      + 7_172l5.pdf
      + 8_172l6.pdf
      + 9_172l7.pdf
      + 10_172l8.pdf
      + 11_172l9.pdf
      + 12_172l10.pdf
      + 13_172l11.pdf
      + 14_172l12.pdf
      -> saved: 14 new, 0 skip, 0 fail (https://home.adelphi.edu/~siegfried/cs172/notes.html)
  - 'CSC272': 'Robert Siegfried Adelphi University CSC272 course slides'
      1 link(s) @ https://home.adelphi.edu/~siegfried/cs272/272msqs13.pdf  (run=0, sequential=False)
      9 link(s) @ https://home.adelphi.edu/~siegfried/cs272/notes.html  (run=9, sequential=True)
      + 1_272l1.pdf
      + 2_272l2.pdf
      + 3_272l3.pdf
      + 4_272l4.pdf
      + 5_272l5.pdf
      + 6_272l6.pdf
      + 7_272l7.pdf
      + 8_272l8.pdf
      + 9_272l9.pdf
      -> saved: 9 new, 0 skip, 0 fail (https://home.adelphi.edu/~siegfried/cs272/notes.html)
  - 'CSC': 'Robert Siegfried Adelphi University CSC course slides'
      14 link(s) @ https://home.adelphi.edu/~siegfried/cs172/notes.html  (run=12, sequential=True)
      + 1_172l1.pdf
      + 2_172l2.pdf
      + 3_172l3.pdf
      + 4_171l5.pdf
      + 5_171l9.pdf
      + 6_172l4.pdf
      + 7_172l5.pdf
      + 8_172l6.pdf
      + 9_172l7.pdf
      + 10_172l8.pdf
      + 11_172l9.pdf
      + 12_172l10.pdf
      + 13_172l11.pdf
      + 14_172l12.pdf
      -> saved: 14 new, 0 skip, 0 fail (https://home.adelphi.edu/~siegfried/cs172/notes.html)
  - 'CSC170': 'Robert Siegfried Adelphi University CSC170 course slides'
      13 link(s) @ https://home.adelphi.edu/~siegfried/cs170/notes.html  (run=10, sequential=True)
      + 1_170l1.pdf
      + 2_170l2.pdf
      + 3_170l3.pdf
      + 4_170l4.pdf
      + 5_170l5.pdf
      + 6_170l6.pdf
      + 7_170l1il.pdf
      + 8_170l2il.pdf
      + 9_170l3il.pdf
      + 10_170l7.pdf
      + 11_170l8.pdf
      + 12_170l9.pdf
      + 13_170l10.pdf
      -> saved: 13 new, 0 skip, 0 fail (https://home.adelphi.edu/~siegfried/cs170/notes.html)
  - 'CSC171': 'Robert Siegfried Adelphi University CSC171 course slides'
      9 link(s) @ https://home.adelphi.edu/~siegfried/cs171/c++notes.html  (run=9, sequential=True)
      -> partial: 0 new, 0 skip, 9 fail (https://home.adelphi.edu/~siegfried/cs171/c++notes.html)
  - 'CSC370': 'Robert Siegfried Adelphi University CSC370 course slides'
      1 link(s) @ https://home.adelphi.edu/~siegfried/cs443/syllabus.pdf  (run=0, sequential=False)
      1 link(s) @ https://home.adelphi.edu/~siegfried/cs371/syllabus.pdf  (run=0, sequential=False)
  - 'CSC174': 'Robert Siegfried Adelphi University CSC174 course slides'
      7 link(s) @ https://home.adelphi.edu/~siegfried/cs174/notes.html  (run=7, sequential=True)
      + 1_174l1.pdf
      + 2_174l2.pdf
      + 3_174l3.pdf
      + 4_174l4.pdf
      + 5_174l5.pdf
      + 6_174l6.pdf
      + 7_174l7.pdf
      -> saved: 7 new, 0 skip, 0 fail (https://home.adelphi.edu/~siegfried/cs174/notes.html)
  - 'CSC343': 'Robert Siegfried Adelphi University CSC343 course slides'
      8 link(s) @ https://home.adelphi.edu/~siegfried/cs343/notes.html  (run=8, sequential=True)
      + 1_343l1.pdf
      + 2_343l2.pdf
      + 3_343l3.pdf
      + 4_343l4.pdf
      + 5_343l5.pdf
      + 6_343l6.pdf
      + 7_343l7.pdf
      + 8_343l8.pdf
      -> saved: 8 new, 0 skip, 0 fail (https://home.adelphi.edu/~siegfried/cs343/notes.html)

### [cs] Monica Morales Hernandez — Adelphi University (ratings=36, dept=Computer Science, 7 course(s))
  - 'MTH141': 'Monica Morales Hernandez Adelphi University MTH141 course slides'
      1 link(s) @ https://home.adelphi.edu/~mathcs/MCS_student_handbook_current.pdf  (run=0, sequential=False)
      [fetch] error: Page.goto: net::ERR_ABORTED at https://scholarlyworks.adelphi.edu/view/pdfCoverPage?instCode=01ADELPHI_INST&filePid=13122143000006266&download=true
Call log:
  - navigating to "https://scholarlyworks.adelphi.edu/view/pdfCoverPage?instCode=01ADELPHI_INST&filePid=13122143000006266&download=true", waiting until "domcontentloaded"

  - 'MTH142': 'Monica Morales Hernandez Adelphi University MTH142 course slides'
      1 link(s) @ https://www.adelphi.edu/registrar/wp-content/uploads/sites/49/2020/06/Spring-2020-Exam-Schedule.pdf  (run=0, sequential=False)
      [fetch] error: Page.goto: net::ERR_ABORTED at https://scholarlyworks.adelphi.edu/view/pdfCoverPage?instCode=01ADELPHI_INST&filePid=13122143000006266&download=true
Call log:
  - navigating to "https://scholarlyworks.adelphi.edu/view/pdfCoverPage?instCode=01ADELPHI_INST&filePid=13122143000006266&download=true", waiting until "domcontentloaded"

      1 link(s) @ https://www.adelphi.edu/registrar/wp-content/uploads/sites/49/2022/12/Fall-2022-Final-Exam-Schedule.pdf  (run=0, sequential=False)
      1 link(s) @ https://home.adelphi.edu/~mathcs/MCS_student_handbook_current.pdf  (run=0, sequential=False)
      1 link(s) @ https://www.maths.cam.ac.uk/postgrad/files/descriptions.pdf  (run=0, sequential=False)
  - 'MTH110040': 'Monica Morales Hernandez Adelphi University MTH110040 course slides'
      1 link(s) @ https://www.adelphi.edu/registrar/wp-content/uploads/sites/49/2022/12/Fall-2022-Final-Exam-Schedule.pdf  (run=0, sequential=False)
  - 'MTH113': 'Monica Morales Hernandez Adelphi University MTH113 course slides'
      1 link(s) @ https://www.adelphi.edu/one-stop/wp-content/uploads/sites/79/2025/11/Fall-2025-Finals-Schedule-MASTER-11262025.pdf  (run=0, sequential=False)
  - 'MTH225': 'Monica Morales Hernandez Adelphi University MTH225 course slides'
      1 link(s) @ https://www.adelphi.edu/registrar/wp-content/uploads/sites/49/2022/12/Fall-2022-Final-Exam-Schedule.pdf  (run=0, sequential=False)
      1 link(s) @ https://home.adelphi.edu/~mathcs/MCS_student_handbook_current.pdf  (run=0, sequential=False)
      1 link(s) @ https://www.maths.cam.ac.uk/postgrad/files/descriptions.pdf  (run=0, sequential=False)
  - 'MTH140': 'Monica Morales Hernandez Adelphi University MTH140 course slides'
      [fetch] error: Page.goto: net::ERR_ABORTED at https://scholarlyworks.adelphi.edu/view/pdfCoverPage?instCode=01ADELPHI_INST&filePid=13122143000006266&download=true
Call log:
  - navigating to "https://scholarlyworks.adelphi.edu/view/pdfCoverPage?instCode=01ADELPHI_INST&filePid=13122143000006266&download=true", waiting until "domcontentloaded"

      1 link(s) @ https://www.adelphi.edu/registrar/wp-content/uploads/sites/49/2022/12/Fall-2022-Final-Exam-Schedule.pdf  (run=0, sequential=False)
      1 link(s) @ https://home.adelphi.edu/~mathcs/MCS_student_handbook_current.pdf  (run=0, sequential=False)
      1 link(s) @ https://europe.umgc.edu/content/dam/umgc-europe/documents/upload/2018-2019-Undergrad-Catalog-Europe.pdf  (run=0, sequential=False)
      1 link(s) @ https://asia.umgc.edu/content/dam/umgc-asia/documents/upload/catalog/2017-18-UMUC-Asia-Undergraduate-Catalog.pdf  (run=0, sequential=False)
  - 'MTH250': 'Monica Morales Hernandez Adelphi University MTH250 course slides'
      1 link(s) @ https://www.adelphi.edu/registrar/wp-content/uploads/sites/49/2020/06/Spring-2020-Exam-Schedule.pdf  (run=0, sequential=False)
      [fetch] error: Page.goto: net::ERR_ABORTED at https://scholarlyworks.adelphi.edu/view/pdfCoverPage?instCode=01ADELPHI_INST&filePid=13122143000006266&download=true
Call log:
  - navigating to "https://scholarlyworks.adelphi.edu/view/pdfCoverPage?instCode=01ADELPHI_INST&filePid=13122143000006266&download=true", waiting until "domcontentloaded"

      1 link(s) @ https://www.adelphi.edu/registrar/wp-content/uploads/sites/49/2022/12/Fall-2022-Final-Exam-Schedule.pdf  (run=0, sequential=False)
      1 link(s) @ https://www.cs.ucf.edu/~lboloni/Teaching/CAP4611_Fall2023/slides/01-Prelim-02-MathReview.pdf  (run=0, sequential=False)

### [cs] Dan Eriksson — Academy of Art University (ratings=35, dept=Computer Science, 8 course(s))
  - 'CANM105': 'Dan Eriksson Academy of Art University CANM105 course slides'
      1 link(s) @ https://uomustansiriyah.edu.iq/media/attachments/5/5_2016_02_21!11_09_05_AM.pdf  (run=0, sequential=False)
      1 link(s) @ https://www.khm.lu.se/en/sites/khm.lu.se.en/files/181026_maa_2017_2018_lq.pdf  (run=0, sequential=False)
      1 link(s) @ https://www.khm.lu.se/sites/khm.lu.se/files/mkh_yearbook2014.pdf  (run=0, sequential=False)
      1 link(s) @ https://www.khm.lu.se/sites/khm.lu.se/files/maa_2015_opslag_mq.pdf  (run=0, sequential=False)
      1 link(s) @ https://www.khm.lu.se/en/sites/khm.lu.se.en/files/2021-05/2019-20_maa_digi_3_lq.pdf  (run=0, sequential=False)
  - 'WNM105': 'Dan Eriksson Academy of Art University WNM105 course slides'
      1 link(s) @ https://www.khm.lu.se/sites/khm.lu.se/files/mkh_yearbook2014.pdf  (run=0, sequential=False)
      1 link(s) @ https://www.khm.lu.se/en/sites/khm.lu.se.en/files/181026_maa_2017_2018_lq.pdf  (run=0, sequential=False)
      1 link(s) @ https://www.khm.lu.se/sites/khm.lu.se/files/maa_2015_opslag_mq.pdf  (run=0, sequential=False)
      1 link(s) @ https://www.khm.lu.se/en/sites/khm.lu.se.en/files/2021-05/2019-20_maa_digi_3_lq.pdf  (run=0, sequential=False)
  - 'ALOTOFTHEM': 'Dan Eriksson Academy of Art University ALOTOFTHEM course slides'
      [fetch] error: Page.goto: net::ERR_CONNECTION_RESET at https://etda.libraries.psu.edu/files/final_submissions/29970
Call log:
  - navigating to "https://etda.libraries.psu.edu/files/final_submissions/29970", waiting until "domcontentloaded"

      1 link(s) @ https://www.khm.lu.se/sites/khm.lu.se/files/maa_2015_opslag_mq.pdf  (run=0, sequential=False)
  - 'INTERACTIVEDES': 'Dan Eriksson Academy of Art University INTERACTIVEDES course slides'
      1 link(s) @ https://core.ac.uk/download/pdf/300992116.pdf  (run=0, sequential=False)
      2 link(s) @ https://openaccess.city.ac.uk/view/subjects/HM.expanded_type.html  (run=0, sequential=False)
  - 'WEB1': 'Dan Eriksson Academy of Art University WEB1 course slides'
  - 'WNM120': 'Dan Eriksson Academy of Art University WNM120 course slides'
      [fetch] error: Page.goto: net::ERR_ABORTED at https://tap.usf.edu/wp-content/uploads/2018/10/Tampa-Main_F18.xlsx
Call log:
  - navigating to "https://tap.usf.edu/wp-content/uploads/2018/10/Tampa-Main_F18.xlsx", waiting until "domcontentloaded"

  - '2CLASSES': 'Dan Eriksson Academy of Art University 2CLASSES course slides'
      1 link(s) @ https://www.khm.lu.se/sites/khm.lu.se/files/maa_2015_opslag_mq.pdf  (run=0, sequential=False)
  - 'ALOT': 'Dan Eriksson Academy of Art University ALOT course slides'

### [cs] David Chays — Adelphi University (ratings=35, dept=Computer Science, 8 course(s))
  - 'CSC171': 'David Chays Adelphi University CSC171 course slides'
      8 link(s) @ https://home.adelphi.edu/~chays/csc171/slides.html  (run=8, sequential=True)
      + 1_Chap01.pptx
      + 2_Chap02.pptx
      + 3_Chap03.pptx
      + 4_Chap04.pptx
      + 5_Chap05.pptx
      + 6_Chap06.pptx
      + 7_Chap07.pptx
      + 8_Chap08.pptx
      -> saved: 8 new, 0 skip, 0 fail (https://home.adelphi.edu/~chays/csc171/slides.html)
  - 'CSC170': 'David Chays Adelphi University CSC170 course slides'
      4 link(s) @ https://home.adelphi.edu/~chays/csc171/index.html  (run=0, sequential=False)
      2 link(s) @ https://home.adelphi.edu/~chays/csc440  (run=0, sequential=False)
      2 link(s) @ https://home.adelphi.edu/~chays/csc175/index.html  (run=0, sequential=False)
      10 link(s) @ https://home.adelphi.edu/~chays/csc440/slides.html  (run=7, sequential=True)
      + 1_l1f2017.ppt
      + 2_l2.ppt
      + 3_l3.ppt
      + 4_4-actual.ppt
      + 5_l5.ppt
      + 6_6-actual.ppt
      + 7_l7-actual.ppt
      + 8_l9-actual.ppt
      + 9_l10.ppt
      + 10_l12.ppt
      -> saved: 10 new, 0 skip, 0 fail (https://home.adelphi.edu/~chays/csc440/slides.html)
  - 'CSC172': 'David Chays Adelphi University CSC172 course slides'
      1 link(s) @ https://home.adelphi.edu/~chays/csc175/csc172.html  (run=0, sequential=False)
      1 link(s) @ https://home.adelphi.edu/~chays/csc175/HW0.pdf  (run=0, sequential=False)
      2 link(s) @ https://home.adelphi.edu/~chays/csc440  (run=0, sequential=False)
      1 link(s) @ https://home.adelphi.edu/~chays/csc450  (run=0, sequential=False)
  - 'CSC175': 'David Chays Adelphi University CSC175 course slides'
      2 link(s) @ https://home.adelphi.edu/~chays/csc175/index.html  (run=0, sequential=False)
      2 link(s) @ https://home.adelphi.edu/~chays/csc440  (run=0, sequential=False)
      1 link(s) @ https://home.adelphi.edu/~chays/csc450  (run=0, sequential=False)
      1 link(s) @ https://home.adelphi.edu/~chays/csc440/csc440.html  (run=0, sequential=False)
  - 'CSC160': 'David Chays Adelphi University CSC160 course slides'
      2 link(s) @ https://home.adelphi.edu/~chays/csc440  (run=0, sequential=False)
      1 link(s) @ https://home.adelphi.edu/~chays/csc450  (run=0, sequential=False)
      1 link(s) @ https://home.adelphi.edu/~chays/csc440/csc440.html  (run=0, sequential=False)
      1 link(s) @ https://www.adelphi.edu/one-stop/wp-content/uploads/sites/79/2025/03/Undergraduate-Bulletin-2003-2005.pdf  (run=0, sequential=False)
  - 'CSC440450': 'David Chays Adelphi University CSC440450 course slides'
      1 link(s) @ https://home.adelphi.edu/~chays/csc450/CSC450SyllabusSpring2020.pdf  (run=0, sequential=False)
      1 link(s) @ https://www.adelphi.edu/registrar/wp-content/uploads/sites/49/2022/12/Fall-2022-Final-Exam-Schedule.pdf  (run=0, sequential=False)
      1 link(s) @ https://home.adelphi.edu/~mathcs/MCS_student_handbook_current.pdf  (run=0, sequential=False)
  - 'INTROTOCOMP': 'David Chays Adelphi University INTROTOCOMP course slides'
      1 link(s) @ https://www.adelphi.edu/one-stop/wp-content/uploads/sites/79/2025/11/Fall-2025-Finals-Schedule-MASTER-11262025.pdf  (run=0, sequential=False)
      1 link(s) @ https://www.adelphi.edu/registrar/wp-content/uploads/sites/49/2022/12/Fall-2022-Final-Exam-Schedule.pdf  (run=0, sequential=False)
      1 link(s) @ https://home.adelphi.edu/~mathcs/MCS_student_handbook_current.pdf  (run=0, sequential=False)
  - '440': 'David Chays Adelphi University 440 course slides'
      1 link(s) @ https://home.adelphi.edu/~chays/csc440/csc440.html  (run=0, sequential=False)
      2 link(s) @ https://home.adelphi.edu/~chays/csc440  (run=0, sequential=False)
      1 link(s) @ https://home.adelphi.edu/~chays/csc450  (run=0, sequential=False)
      1 link(s) @ https://home.adelphi.edu/~mathcs/MCS_student_handbook_current.pdf  (run=0, sequential=False)

### [cs] Adam Wittenstein — Adelphi University (ratings=23, dept=Computer Science, 8 course(s))
  - 'CSC156': 'Adam Wittenstein Adelphi University CSC156 course slides'
      1 link(s) @ https://home.adelphi.edu/~wi16133/csc156/f25/syllabus.pdf  (run=0, sequential=False)
      1 link(s) @ https://home.adelphi.edu/~wi16133/csc156/f23/syllabus.pdf  (run=0, sequential=False)
      1 link(s) @ https://home.adelphi.edu/~wi16133/csc156/s20/syllabus.pdf  (run=0, sequential=False)
  - 'MTH114': 'Adam Wittenstein Adelphi University MTH114 course slides'
      1 link(s) @ https://home.adelphi.edu/~wi16133/mth114/s23/syllabus.pdf  (run=0, sequential=False)
  - 'COMPUTERPROG': 'Adam Wittenstein Adelphi University COMPUTERPROG course slides'
      1 link(s) @ https://home.adelphi.edu/~wi16133/csc160/f05/slides.html  (run=1, sequential=False)
      1 link(s) @ https://home.adelphi.edu/~wi16133/csc160/s15/syllabus.pdf  (run=0, sequential=False)
      21 link(s) @ https://home.adelphi.edu/~wi16133/csc160/f06/links.html  (run=14, sequential=True)
      + 1_Day1.ppt
      + 2_Day2.ppt
      + 3_Day3.ppt
      + 4_Day4.ppt
      + 5_Day5.ppt
      + 6_Day6.ppt
      + 7_Day7.ppt
      + 8_Day8.ppt
      + 9_Day9.ppt
      + 10_Day10.ppt
      + 11_Day11.ppt
      + 12_Day12.ppt
      + 13_Day13.ppt
      + 14_Day14.ppt
      + 15_Day17.ppt
      + 16_Day19.ppt
      + 17_animations.ppt
      + 18_Lec9.ppt
      + 19_Lec10.ppt
      + 20_Lec11.ppt
      + 21_Lec12.ppt
      -> saved: 21 new, 0 skip, 0 fail (https://home.adelphi.edu/~wi16133/csc160/f06/links.html)
  - 'CSC106': 'Adam Wittenstein Adelphi University CSC106 course slides'
      1 link(s) @ https://home.adelphi.edu/~wi16133/csc160/f05/slides.html  (run=1, sequential=False)
      1 link(s) @ https://home.adelphi.edu/~wi16133/csc156/s24/syllabus.pdf  (run=0, sequential=False)
      1 link(s) @ https://home.adelphi.edu/~wi16133/csc170/f19/syllabus.pdf  (run=0, sequential=False)
      21 link(s) @ https://home.adelphi.edu/~wi16133/csc160/f06/links.html  (run=14, sequential=True)
      + 1_Day1.ppt
      + 2_Day2.ppt
      + 3_Day3.ppt
      + 4_Day4.ppt
      + 5_Day5.ppt
      + 6_Day6.ppt
      + 7_Day7.ppt
      + 8_Day8.ppt
      + 9_Day9.ppt
      + 10_Day10.ppt
      + 11_Day11.ppt
      + 12_Day12.ppt
      + 13_Day13.ppt
      + 14_Day14.ppt
      + 15_Day17.ppt
      + 16_Day19.ppt
      + 17_animations.ppt
      + 18_Lec9.ppt
      + 19_Lec10.ppt
      + 20_Lec11.ppt
      + 21_Lec12.ppt
      -> saved: 21 new, 0 skip, 0 fail (https://home.adelphi.edu/~wi16133/csc160/f06/links.html)
  - 'CSC160': 'Adam Wittenstein Adelphi University CSC160 course slides'
      1 link(s) @ https://home.adelphi.edu/~wi16133/csc160/f05/slides.html  (run=1, sequential=False)
      1 link(s) @ https://home.adelphi.edu/~wi16133/csc160/f05/syllabus.html  (run=0, sequential=False)
      1 link(s) @ https://home.adelphi.edu/~wi16133/csc160/f05/Chapter1.ppt  (run=0, sequential=False)
      1 link(s) @ https://home.adelphi.edu/~wi16133/csc160/s06/day26.ppt  (run=0, sequential=False)
      21 link(s) @ https://home.adelphi.edu/~wi16133/csc160/f06/links.html  (run=14, sequential=True)
      + 1_Day1.ppt
      + 2_Day2.ppt
      + 3_Day3.ppt
      + 4_Day4.ppt
      + 5_Day5.ppt
      + 6_Day6.ppt
      + 7_Day7.ppt
      + 8_Day8.ppt
      + 9_Day9.ppt
      + 10_Day10.ppt
      + 11_Day11.ppt
      + 12_Day12.ppt
      + 13_Day13.ppt
      + 14_Day14.ppt
      + 15_Day17.ppt
      + 16_Day19.ppt
      + 17_animations.ppt
      + 18_Lec9.ppt
      + 19_Lec10.ppt
      + 20_Lec11.ppt
      + 21_Lec12.ppt
      -> saved: 21 new, 0 skip, 0 fail (https://home.adelphi.edu/~wi16133/csc160/f06/links.html)
  - 'MATH2220': 'Adam Wittenstein Adelphi University MATH2220 course slides'
  - 'COMPUTERPROGRA': 'Adam Wittenstein Adelphi University COMPUTERPROGRA course slides'
      1 link(s) @ https://home.adelphi.edu/~wi16133/csc160/f05/slides.html  (run=1, sequential=False)
      1 link(s) @ https://home.adelphi.edu/~wi16133/csc161/f19/syllabus.pdf  (run=0, sequential=False)
      1 link(s) @ https://home.adelphi.edu/~wi16133/csc170/f19/syllabus.pdf  (run=0, sequential=False)
  - 'DFSGSJKER': 'Adam Wittenstein Adelphi University DFSGSJKER course slides'
      1 link(s) @ https://home.adelphi.edu/~wi16133/mth114/s23/syllabus.pdf  (run=0, sequential=False)

### [cs] Isabella Vitale — Adelphi University (ratings=23, dept=Computer Science, 2 course(s))
  - 'CSC-171': 'Isabella Vitale Adelphi University CSC-171 course slides'
      1 link(s) @ https://home.adelphi.edu/~mathcs/MCS_student_handbook_current.pdf  (run=0, sequential=False)
  - 'csc-273': 'Isabella Vitale Adelphi University csc-273 course slides'
      1 link(s) @ https://home.adelphi.edu/~mathcs/MCS_student_handbook_current.pdf  (run=0, sequential=False)
      1 link(s) @ https://files.griddo.comillas.edu/ethical20considerations20regarding20baises20in20algoritms.pdf  (run=0, sequential=False)
      1 link(s) @ https://library.ucsd.edu/dc/object/bb8842245s/_1.pdf  (run=0, sequential=False)

### [cs] Sukun Li — Adelphi University (ratings=20, dept=Computer Science, 3 course(s))
  - 'CSC263': 'Sukun Li Adelphi University CSC263 course slides'
      1 link(s) @ https://www.cs.toronto.edu/~wei/assets/pdf/CSC263.pdf  (run=0, sequential=False)
      1 link(s) @ https://engineering.purdue.edu/~mventresca/courses/CSC263syllabus.pdf  (run=0, sequential=False)
      1 link(s) @ https://mcs.utm.utoronto.ca/~263/jessica/lecture1.pdf  (run=0, sequential=False)
      1 link(s) @ https://home.adelphi.edu/~pe16132/mth226/syllabus/syllabus_CSC226001_Mon_Spring_2025%20B.pdf  (run=0, sequential=False)
  - 'CSC272': 'Sukun Li Adelphi University CSC272 course slides'
      9 link(s) @ https://home.adelphi.edu/~siegfried/cs272/notes.html  (run=9, sequential=True)
      + 1_272l1.pdf
      + 2_272l2.pdf
      + 3_272l3.pdf
      + 4_272l4.pdf
      + 5_272l5.pdf
      + 6_272l6.pdf
      + 7_272l7.pdf
      + 8_272l8.pdf
      + 9_272l9.pdf
      -> saved: 9 new, 0 skip, 0 fail (https://home.adelphi.edu/~siegfried/cs272/notes.html)
  - 'CSC270': 'Sukun Li Adelphi University CSC270 course slides'
      72 link(s) @ https://khoury.northeastern.edu/home/pandey/courses/cs7270/fall25/schedule.html  (run=1, sequential=False)
      1 link(s) @ https://home.adelphi.edu/~wi16133/csc161/f22/syllabus.pdf  (run=0, sequential=False)

### [cs] Sung Kim — Adelphi University (ratings=20, dept=Computer Science, 8 course(s))
  - 'CSC280': 'Sung Kim Adelphi University CSC280 course slides'
      1 link(s) @ https://www.adelphi.edu/registrar/wp-content/uploads/sites/49/2022/12/Fall-2022-Final-Exam-Schedule.pdf  (run=0, sequential=False)
      1 link(s) @ https://home.adelphi.edu/~mathcs/handbook/MCS_student_handbook_summer2024.pdf  (run=0, sequential=False)
      1 link(s) @ http://www.csc.villanova.edu/~ekim/classes/CSC3150S19/ppt/lecture02.pdf  (run=0, sequential=False)
  - 'CS170': 'Sung Kim Adelphi University CS170 course slides'
      1 link(s) @ https://www.adelphi.edu/registrar/wp-content/uploads/sites/49/2022/12/Fall-2022-Final-Exam-Schedule.pdf  (run=0, sequential=False)
  - 'CSC170': 'Sung Kim Adelphi University CSC170 course slides'
      12 link(s) @ https://www.adelphi.edu/brand/design/assets-and-templates/powerpoint-google-slides  (run=2, sequential=False)
  - 'CS175': 'Sung Kim Adelphi University CS175 course slides'
      1 link(s) @ https://home.adelphi.edu/~mathcs/MCS_student_handbook_current.pdf  (run=0, sequential=False)
      10 link(s) @ https://www.cs.nthu.edu.tw/~isss98/isss98_slides.html  (run=6, sequential=True)
      + 1_2_2-Paolini.ppt
      + 2_3_1-Allen_Rae-new.ppt
      + 3_3_3-Wolf.ppt
      + 4_4_1-OliverBringmann-new.ppt
      + 5_5_2-Huang.ppt
      + 6_5_3-Soonhoi_Ha-new.ppt
      + 7_6_1-KaramChatha.ppt
      + 8_6_3-Soha.ppt
      + 9_P1-Leupers.ppt
      + 10_P2-Wolinski.ppt
      -> saved: 10 new, 0 skip, 0 fail (https://www.cs.nthu.edu.tw/~isss98/isss98_slides.html)
  - 'CSC175': 'Sung Kim Adelphi University CSC175 course slides'
      1 link(s) @ https://www.adelphi.edu/operations/wp-content/uploads/sites/60/2020/07/Academic-Adelphi.pdf  (run=0, sequential=False)
      1 link(s) @ https://www.adelphi.edu/registrar/wp-content/uploads/sites/49/2022/12/Fall-2022-Final-Exam-Schedule.pdf  (run=0, sequential=False)
      [fetch] error: Page.goto: net::ERR_ABORTED at https://www.sunykorea.ac.kr/_prog/dn00?file_id=845ef1546a3fbd533150cff41ab005a4
Call log:
  - navigating to "https://www.sunykorea.ac.kr/_prog/dn00?file_id=845ef1546a3fbd533150cff41ab005a4", waiting until "domcontentloaded"

      1 link(s) @ https://home.adelphi.edu/~mathcs/MCS_student_handbook_current.pdf  (run=0, sequential=False)
  - '172': 'Sung Kim Adelphi University 172 course slides'
      1 link(s) @ https://www.adelphi.edu/operations/wp-content/uploads/sites/60/2020/07/Academic-Adelphi.pdf  (run=0, sequential=False)
      1 link(s) @ https://www.adelphi.edu/registrar/wp-content/uploads/sites/49/2022/12/Fall-2022-Final-Exam-Schedule.pdf  (run=0, sequential=False)
      1 link(s) @ https://www.adelphi.edu/one-stop/wp-content/uploads/sites/79/2025/03/2010-2011-Bulletin.pdf  (run=0, sequential=False)
      1 link(s) @ https://home.adelphi.edu/~mathcs/MCS_student_handbook_current.pdf  (run=0, sequential=False)
  - 'CSC171': 'Sung Kim Adelphi University CSC171 course slides'
      1 link(s) @ https://www.adelphi.edu/registrar/wp-content/uploads/sites/49/2022/12/Fall-2022-Final-Exam-Schedule.pdf  (run=0, sequential=False)
      1 link(s) @ https://home.adelphi.edu/~mathcs/MCS_student_handbook_current.pdf  (run=0, sequential=False)
  - 'CSC273': 'Sung Kim Adelphi University CSC273 course slides'
      1 link(s) @ https://www.adelphi.edu/registrar/wp-content/uploads/sites/49/2022/12/Fall-2022-Final-Exam-Schedule.pdf  (run=0, sequential=False)
      1 link(s) @ https://home.adelphi.edu/~mathcs/MCS_student_handbook_current.pdf  (run=0, sequential=False)
      1 link(s) @ https://courses.cs.washington.edu/courses/cse493s/25sp/lectures/lecture-18.pdf  (run=0, sequential=False)
      75 link(s) @ https://yung-web.github.io/home/courses/datastructure.html  (run=13, sequential=True)
      + 1_0.intro_overview.pptx
      + 2_0.intro_overview.pdf
      + 3_0.intro_overview-2.pdf
      + 4_0.intro_overview-4.pdf
      + 5_1.cpp.pptx
      + 6_1.cpp.pdf
      + 7_1.cpp-2.pdf
      + 8_1.cpp-4.pdf
      + 9_2.Array_LinkedLists.pptx
      + 10_2.Array_LinkedLists.pdf
      + 11_2.Array_LinkedLists-2.pdf
      + 12_2.Array_LinkedLists-4.pdf
      + 13_3.Analysis.pptx
      + 14_3.Analysis.pdf
      + 15_3.Analysis-2.pdf
      + 16_3.Analysis-4.pdf
      + 17_4.Stacks.pptx
      + 18_4.Stacks.pdf
      + 19_4.Stacks-2.pdf
      + 20_4.Stacks-4.pdf
      + 21_5.Queues.pptx
      + 22_5.Queues.pdf
      + 23_5.Queues-2.pdf
      + 24_5.Queues-4.pdf
      + 25_6.List_Sequence.pptx
      + 26_6.List_Sequence.pdf
      + 27_6.List_Sequence-2.pdf
      + 28_6.List_Sequence-4.pdf
      + 29_7.Trees.pptx
      + 30_7.Trees.pdf
      + 31_7.Trees-2.pdf
      + 32_7.Trees-4.pdf
      + 33_8.PriorityQueues-Heap.pptx
      + 34_8.PriorityQueues-Heap.pdf
      + 35_8.PriorityQueues-Heap-2.pdf
      + 36_8.PriorityQueues-Heap-4.pdf
      + 37_9.Map-1-HashTable.pptx
      + 38_9.Map-1-HashTable.pdf
      + 39_9.Map-1-HashTable-2.pdf
      + 40_9.Map-1-HashTable-4.pdf
      + 41_9.Map-2-SkipList.pptx
      + 42_9.Map-2-SkipList.pdf
      + 43_9.Map-2-SkipList-2.pdf
      + 44_9.Map-2-SkipList-4.pdf
      + 45_10.SearchTrees-1-BST_AVL.pptx
      + 46_10.SearchTrees-1-BST_AVL.pdf
      + 47_10.SearchTrees-1-BST_AVL-2.pdf
      + 48_10.SearchTrees-1-BST_AVL-4.pdf
      + 49_10.SearchTrees-2-24tree.pptx
      + 50_10.SearchTrees-2-24tree.pdf
      + 51_10.SearchTrees-2-24tree-2.pdf
      + 52_10.SearchTrees-2-24tree-4.pdf
      + 53_10.SearchTrees-3-RBtree.pptx
      + 54_10.SearchTrees-3-RBtree.pdf
      + 56_11.Graph-1-Basic_Traversal.pptx
      + 57_11.Graph-1-Basic_Traversal.pdf
      + 58_11.Graph-1-Basic_Traversal-2.pdf
      + 59_11.Graph-1-Basic_Traversal-4.pdf
      + 60_11.Graph-2-ShortestPath.pptx
      + 61_11.Graph-2-ShortestPath.pdf
      + 62_11.Graph-3-MST.pptx
      + 63_11.Graph-3-MST.pdf
      + 64_11.Graph-3-MST-2.pdf
      + 65_11.Graph-3-MST-4.pdf
      + 66_12.Sorting-Merge.pptx
      + 67_12.Sorting-Merge.pdf
      + 68_12.Sorting-Merge-2.pdf
      + 69_12.Sorting-Merge-4.pdf
      + 70_12.Sorting-Quick.pptx
      + 71_12.Sorting-Quick.pdf
      + 72_12.Sorting-Quick-2.pdf
      + 73_12.Sorting-Quick-4.pdf
      + 74_13.Summary_final_words.pptx
      + 75_13.Summary_final_words.pdf
      -> saved: 74 new, 0 skip, 1 fail (https://yung-web.github.io/home/courses/datastructure.html)

### [cs] John Homer — Abilene Christian University (ratings=17, dept=Computer Science, 5 course(s))
  - 'CS120': 'John Homer Abilene Christian University CS120 course slides'
  - 'CS130': 'John Homer Abilene Christian University CS130 course slides'
      1 link(s) @ https://www.ctcd.edu/sites/ctcd/assets/File/Academics/Catalogs/Archives/Texas/CTC_Catalog_81_83.pdf  (run=0, sequential=False)
      1 link(s) @ https://catalog.winona.edu/mime/media/41/1185/2008-2010+Undergraduate+Catalog.pdf  (run=0, sequential=False)
  - 'ALGORITHMS': 'John Homer Abilene Christian University ALGORITHMS course slides'
      1 link(s) @ https://msutexas.edu/registrar/_assets/files/catalog/2000-2002/20002002ucat2.pdf  (run=0, sequential=False)
  - 'CS130CS120': 'John Homer Abilene Christian University CS130CS120 course slides'
  - 'CS332': 'John Homer Abilene Christian University CS332 course slides'
      15 link(s) @ https://student.cs.uwaterloo.ca/~cs350/W24/reading.shtml  (run=1, sequential=False)

### [cs] Karen St. John — Abilene Christian University (ratings=17, dept=Computer Science, 5 course(s))
  - 'CS115': 'Karen St. John Abilene Christian University CS115 course slides'
      1 link(s) @ https://student.cs.uwaterloo.ca/~cs115/InstructorSpecific/Collin_Roberts/CS115-Lecture-Notes-Collin-Roberts.pdf  (run=0, sequential=False)
      1 link(s) @ https://web.stevens.edu/academic_files/courses/syllabus/CS115syl.pdf  (run=0, sequential=False)
  - 'IT221': 'Karen St. John Abilene Christian University IT221 course slides'
  - 'IT220': 'Karen St. John Abilene Christian University IT220 course slides'
      1 link(s) @ https://files01.core.ac.uk/download/55326041.pdf  (run=0, sequential=False)
  - 'CS117': 'Karen St. John Abilene Christian University CS117 course slides'
  - 'IT310': 'Karen St. John Abilene Christian University IT310 course slides'

### [cs] Kees Leune — Adelphi University (ratings=17, dept=Computer Science, 8 course(s))
  - 'ALL000': 'Kees Leune Adelphi University ALL000 course slides'
      1 link(s) @ https://www.adelphi.edu/registrar/wp-content/uploads/sites/49/2022/05/Spring-2022-Final-Exam-Schedule-05102022.pdf  (run=0, sequential=False)
      1 link(s) @ https://home.adelphi.edu/~siegfried/pubs.html  (run=0, sequential=False)
      1 link(s) @ https://www.adelphi.edu/registrar/wp-content/uploads/sites/49/2022/12/Fall-2022-Final-Exam-Schedule.pdf  (run=0, sequential=False)
      1 link(s) @ https://www.adelphi.edu/registrar/wp-content/uploads/sites/49/2020/06/Spring-2020-Exam-Schedule.pdf  (run=0, sequential=False)
      1 link(s) @ https://home.adelphi.edu/~mathcs/MCS_student_handbook_current.pdf  (run=0, sequential=False)
  - 'CSC190': 'Kees Leune Adelphi University CSC190 course slides'
      1 link(s) @ https://home.adelphi.edu/~siegfried/pubs.html  (run=0, sequential=False)
      1 link(s) @ https://www.adelphi.edu/registrar/wp-content/uploads/sites/49/2022/12/Fall-2022-Final-Exam-Schedule.pdf  (run=0, sequential=False)
      1 link(s) @ https://home.adelphi.edu/~chays/AcademicHonestyInCS.pdf  (run=0, sequential=False)
      1 link(s) @ https://www.adelphi.edu/registrar/wp-content/uploads/sites/49/2020/06/Spring-2020-Exam-Schedule.pdf  (run=0, sequential=False)
      1 link(s) @ https://home.adelphi.edu/~mathcs/MCS_student_handbook_current.pdf  (run=0, sequential=False)
  - 'CSC280': 'Kees Leune Adelphi University CSC280 course slides'
      1 link(s) @ https://www.cs.rochester.edu/~lane/=courses/=CSC280  (run=0, sequential=False)
  - 'CSC270': 'Kees Leune Adelphi University CSC270 course slides'
      1 link(s) @ https://www.adelphi.edu/registrar/wp-content/uploads/sites/49/2020/06/Spring-2020-Exam-Schedule.pdf  (run=0, sequential=False)
      1 link(s) @ https://www.adelphi.edu/registrar/wp-content/uploads/sites/49/2022/12/Fall-2022-Final-Exam-Schedule.pdf  (run=0, sequential=False)
      1 link(s) @ https://home.adelphi.edu/~mathcs/MCS_student_handbook_current.pdf  (run=0, sequential=False)
  - 'CSC170': 'Kees Leune Adelphi University CSC170 course slides'
      1 link(s) @ https://www.adelphi.edu/registrar/wp-content/uploads/sites/49/2020/06/Spring-2020-Exam-Schedule.pdf  (run=0, sequential=False)
      1 link(s) @ https://home.adelphi.edu/~siegfried/pubs.html  (run=0, sequential=False)
      1 link(s) @ https://www.adelphi.edu/registrar/wp-content/uploads/sites/49/2022/12/Fall-2022-Final-Exam-Schedule.pdf  (run=0, sequential=False)
      1 link(s) @ https://home.adelphi.edu/~mathcs/MCS_student_handbook_current.pdf  (run=0, sequential=False)
      1 link(s) @ https://graduatecouncil.ucf.edu/wp-content/uploads/sites/2/2019/03/Curriculum-Agenda-2019-03-20-2.pdf  (run=0, sequential=False)
  - 'CSC263': 'Kees Leune Adelphi University CSC263 course slides'
      1 link(s) @ https://www.cs.toronto.edu/dcs/ugdocs/course-outlines/2025/Winter/CSC263H1S-Winter2025.pdf  (run=0, sequential=False)
  - 'CSC271': 'Kees Leune Adelphi University CSC271 course slides'
      1 link(s) @ https://home.adelphi.edu/~chays/AcademicHonestyInCS.pdf  (run=0, sequential=False)
      1 link(s) @ https://www.adelphi.edu/registrar/wp-content/uploads/sites/49/2022/05/Spring-2022-Final-Exam-Schedule-05102022.pdf  (run=0, sequential=False)
      1 link(s) @ https://home.adelphi.edu/~siegfried/pubs.html  (run=0, sequential=False)
      1 link(s) @ https://www.adelphi.edu/registrar/wp-content/uploads/sites/49/2022/12/Fall-2022-Final-Exam-Schedule.pdf  (run=0, sequential=False)
      1 link(s) @ https://www.adelphi.edu/registrar/wp-content/uploads/sites/49/2020/06/Spring-2020-Exam-Schedule.pdf  (run=0, sequential=False)
      1 link(s) @ https://home.adelphi.edu/~mathcs/MCS_student_handbook_current.pdf  (run=0, sequential=False)
  - 'CSC381': 'Kees Leune Adelphi University CSC381 course slides'
      1 link(s) @ https://home.adelphi.edu/~chays/AcademicHonestyInCS.pdf  (run=0, sequential=False)
      1 link(s) @ https://home.adelphi.edu/~siegfried/pubs.html  (run=0, sequential=False)
      1 link(s) @ https://www.adelphi.edu/registrar/wp-content/uploads/sites/49/2022/12/Fall-2022-Final-Exam-Schedule.pdf  (run=0, sequential=False)
      1 link(s) @ https://www.adelphi.edu/registrar/wp-content/uploads/sites/49/2020/06/Spring-2020-Exam-Schedule.pdf  (run=0, sequential=False)
      1 link(s) @ https://home.adelphi.edu/~mathcs/MCS_student_handbook_current.pdf  (run=0, sequential=False)

### [cs] Thomas Virgona — Adelphi University (ratings=17, dept=Computer Science, 5 course(s))
  - 'NUR232': 'Thomas Virgona Adelphi University NUR232 course slides'
      1 link(s) @ https://www.adelphi.edu/nursing/wp-content/uploads/sites/12/2020/07/Nursing-Newsletter-Fall-2018.pdf  (run=0, sequential=False)
      1 link(s) @ https://www.adelphi.edu/registrar/wp-content/uploads/sites/49/2022/05/Spring-2022-Final-Exam-Schedule-05102022.pdf  (run=0, sequential=False)
      1 link(s) @ https://www.adelphi.edu/registrar/wp-content/uploads/sites/49/2022/12/Fall-2022-Final-Exam-Schedule.pdf  (run=0, sequential=False)
      1 link(s) @ https://www.adelphi.edu/one-stop/wp-content/uploads/sites/79/2025/03/2011-2012-Bulletin.pdf  (run=0, sequential=False)
  - 'INFO': 'Thomas Virgona Adelphi University INFO course slides'
  - '232': 'Thomas Virgona Adelphi University 232 course slides'
      12 link(s) @ https://www.adelphi.edu/brand/design/assets-and-templates/powerpoint-google-slides  (run=2, sequential=False)
      1 link(s) @ https://www.adelphi.edu/registrar/wp-content/uploads/sites/49/2024/12/Official-Fall-2024-Final-Exam-Schedule-121024.pdf  (run=0, sequential=False)
  - 'DSC501': 'Thomas Virgona Adelphi University DSC501 course slides'
      12 link(s) @ https://www.adelphi.edu/brand/design/assets-and-templates/powerpoint-google-slides  (run=2, sequential=False)
  - 'INFORMATICS': 'Thomas Virgona Adelphi University INFORMATICS course slides'
      1 link(s) @ https://www.saintpeters.edu/wp-content/blogs.dir/212/files/2023/01/4.5.6.NBEA-Proceedings-2020-NBEA-Conference-3.pdf  (run=0, sequential=False)
      1 link(s) @ https://www.adelphi.edu/nursing/wp-content/uploads/sites/12/2020/07/Nursing-Newsletter-Fall-2018.pdf  (run=0, sequential=False)
      1 link(s) @ https://www.adelphi.edu/one-stop/wp-content/uploads/sites/79/2025/11/Fall-2025-Finals-Schedule-MASTER-11262025.pdf  (run=0, sequential=False)
      1 link(s) @ https://www.adelphi.edu/one-stop/wp-content/uploads/sites/79/2025/03/2012-2013-Bulletin.pdf  (run=0, sequential=False)
      1 link(s) @ https://www.adelphi.edu/nursing/wp-content/uploads/sites/12/2020/07/2013-Summer-Illuminations-Newsletter.pdf  (run=0, sequential=False)

### [cs] Ray Pettit — Abilene Christian University (ratings=16, dept=Computer Science, 8 course(s))
  - 'CS115': 'Ray Pettit Abilene Christian University CS115 course slides'
  - 'CS116': 'Ray Pettit Abilene Christian University CS116 course slides'
  - 'CS130': 'Ray Pettit Abilene Christian University CS130 course slides'
  - 'COMPU115': 'Ray Pettit Abilene Christian University COMPU115 course slides'
      1 link(s) @ https://blogs.acu.edu/reporting/files/2016/01/Org-Chart-11-19-15.pdf  (run=0, sequential=False)
  - 'CS120': 'Ray Pettit Abilene Christian University CS120 course slides'
      15 link(s) @ https://web.stanford.edu/class/cs120  (run=3, sequential=True)
      + 1_view.pdf
      + 2_view.pdf
      + 3_view.pdf
      + 4_view.pdf
      + 5_view.pdf
      + 6_view.pdf
      + 7_view.pdf
      + 8_view.pdf
      + 9_view.pdf
      + 10_view.pdf
      + 11_view.pdf
      + 12_view.pdf
      + 13_view.pdf
      + 14_view.pdf
      + 15_view.pdf
      -> saved: 15 new, 0 skip, 0 fail (https://web.stanford.edu/class/cs120)
  - 'CS220': 'Ray Pettit Abilene Christian University CS220 course slides'
  - 'CS467': 'Ray Pettit Abilene Christian University CS467 course slides'
  - 'ITC110': 'Ray Pettit Abilene Christian University ITC110 course slides'

### [cs] Kristin Pepper — Adelphi University (ratings=15, dept=Computer Science, 8 course(s))
  - 'CSC170': 'Kristin Pepper Adelphi University CSC170 course slides'
      1 link(s) @ https://home.adelphi.edu/~pe16132/csc565/syllabus/2024_05/syllabus_CSC565001_Summer_2024.pdf  (run=0, sequential=False)
      8 link(s) @ https://users.csc.calpoly.edu/~gfisher/classes/101/lectures/slides  (run=7, sequential=True)
      -> partial: 0 new, 0 skip, 8 fail (https://users.csc.calpoly.edu/~gfisher/classes/101/lectures/slides)
  - 'CSC270': 'Kristin Pepper Adelphi University CSC270 course slides'
      1 link(s) @ https://www.adelphi.edu/high-school-students/wp-content/uploads/sites/47/2023/05/Courses-Offered-Adelphi.pdf  (run=0, sequential=False)
      [fetch] error: Page.goto: Timeout 30000ms exceeded.
Call log:
  - navigating to "https://owd.tcnj.edu/~papamicd/2015.01.26.CSC270.Syllabus.htm", waiting until "domcontentloaded"

  - 'CSC003': 'Kristin Pepper Adelphi University CSC003 course slides'
      1 link(s) @ https://vdean.github.io/16-735/slides/Principles%20of%20Computing%20module%20slides.pdf  (run=0, sequential=False)
      1 link(s) @ https://www.cs.purdue.edu/homes/jblocki/courses/555_Spring21/slides/Week1.pdf  (run=0, sequential=False)
      12 link(s) @ https://www.cl.cam.ac.uk/teaching/2223/L352/materials.html  (run=7, sequential=True)
      + 1_01_Intro_to_image_processing_1pp.pdf
      + 2_02_Advanced_image_proc_1pp.pdf
      + 3_03_OpenCL_1pp.pdf
      + 4_04_Lightfields_1pp.pdf
      + 5_05_Colour_1pp.pdf
      + 6_06_Models_early_perception_1pp.pdf
      + 7_07_HDR_and_tone_mapping_1pp.pdf
      + 8_08_VR_intro_1pp.pdf
      + 9_09_Display_Technologies_1pp.pdf
      + 10_10_Stereo_rendering_1pp.pdf
      + 11_AdvGfx_IP_2022_1pp.pdf
      + 12_AdvGfx_IP_2022_6pp.pdf
      -> saved: 12 new, 0 skip, 0 fail (https://www.cl.cam.ac.uk/teaching/2223/L352/materials.html)
  - 'CSC101': 'Kristin Pepper Adelphi University CSC101 course slides'
      8 link(s) @ https://users.csc.calpoly.edu/~gfisher/classes/101/lectures/slides  (run=7, sequential=True)
      -> partial: 0 new, 0 skip, 8 fail (https://users.csc.calpoly.edu/~gfisher/classes/101/lectures/slides)
  - 'CSC145': 'Kristin Pepper Adelphi University CSC145 course slides'
      1 link(s) @ https://sun.cs.lsus.edu/~mtrutsch/teaching/2020-Fall/CSC145/Syllabus-CSC145-Dr_Trutschl-Fall2020--COMBINED.pdf  (run=0, sequential=False)
      1 link(s) @ https://www.cs.purdue.edu/homes/jblocki/courses/555_Spring21/slides/Week1.pdf  (run=0, sequential=False)
      1 link(s) @ https://csc.lsu.edu/ugrad_files/Course_Outcomes_CSC_1100.pdf  (run=0, sequential=False)
      25 link(s) @ https://15445.courses.cs.cmu.edu/fall2020/slides  (run=24, sequential=True)
      -> partial: 0 new, 0 skip, 25 fail (https://15445.courses.cs.cmu.edu/fall2020/slides)
  - 'CSC160': 'Kristin Pepper Adelphi University CSC160 course slides'
      1 link(s) @ https://home.adelphi.edu/~wi16133/csc160/f05/slides.html  (run=1, sequential=False)
      1 link(s) @ https://home.adelphi.edu/~pe16132/teaching.htm  (run=0, sequential=False)
      1 link(s) @ https://home.adelphi.edu/~siegfried/cs175/syllabus.pdf  (run=0, sequential=False)
      1 link(s) @ https://uu.edu/academics/undergraduate/curriculum-guides/CSC_BS_Computer-Science_Game-Development.pdf  (run=0, sequential=False)
  - 'INTROCOMP': 'Kristin Pepper Adelphi University INTROCOMP course slides'
      1 link(s) @ https://home.adelphi.edu/~pe16132/csc171/syllabus/syllabus_CSC171004_Fall_2024B.pdf  (run=0, sequential=False)
      12 link(s) @ https://www.adelphi.edu/brand/design/assets-and-templates/powerpoint-google-slides  (run=2, sequential=False)
  - 'INTROTOCOMP': 'Kristin Pepper Adelphi University INTROTOCOMP course slides'
      1 link(s) @ https://www.adelphi.edu/operations/wp-content/uploads/sites/60/2020/07/Academic-Adelphi.pdf  (run=0, sequential=False)

### [cs] Jo Ann Brannen — Abraham Baldwin Agricultural College (ratings=13, dept=Computer Science, 5 course(s))
  - 'CISM2201': 'Jo Ann Brannen Abraham Baldwin Agricultural College CISM2201 course slides'
      1 link(s) @ https://www.abac.edu/_documents/presidents-office/history-of-abac.pdf  (run=0, sequential=False)
  - 'CISM1101': 'Jo Ann Brannen Abraham Baldwin Agricultural College CISM1101 course slides'
      1 link(s) @ https://www.abac.edu/_documents/presidents-office/history-of-abac.pdf  (run=0, sequential=False)
  - 'CISM101': 'Jo Ann Brannen Abraham Baldwin Agricultural College CISM101 course slides'
      1 link(s) @ https://www.abac.edu  (run=1, sequential=False)
  - 'FRONTPAGE': 'Jo Ann Brannen Abraham Baldwin Agricultural College FRONTPAGE course slides'
      [fetch] error: Page.goto: net::ERR_CERT_DATE_INVALID at https://nge-prod-wp.galileo.usg.edu/articles/colleges-universities/abraham-baldwin-agricultural-college
Call log:
  - navigating to "https://nge-prod-wp.galileo.usg.edu/articles/colleges-universities/abraham-baldwin-agricultural-college", waiting until "domcontentloaded"

      1 link(s) @ https://abac.edu/news/2024/09/abraham_baldwin_agricultural_college_leads_usg_in_low-_and_no-cost_course_materials.html  (run=1, sequential=False)
  - 'ITEC2245': 'Jo Ann Brannen Abraham Baldwin Agricultural College ITEC2245 course slides'

### [cs] Xiaoxing Liu — Adelphi University (ratings=13, dept=Computer Science, 4 course(s))
  - 'CSC175': 'Xiaoxing Liu Adelphi University CSC175 course slides'
      1 link(s) @ https://home.adelphi.edu/~mathcs/handbook/MCS_student_handbook_summer2024.pdf  (run=0, sequential=False)
  - 'CSC170020': 'Xiaoxing Liu Adelphi University CSC170020 course slides'
      1 link(s) @ https://www.adelphi.edu/registrar/wp-content/uploads/sites/49/2020/06/Spring-2020-Exam-Schedule.pdf  (run=0, sequential=False)
      1 link(s) @ https://home.adelphi.edu/~mathcs/MCS_student_handbook_current.pdf  (run=0, sequential=False)
      1 link(s) @ https://www.adelphi.edu/registrar/wp-content/uploads/sites/49/2022/12/Fall-2022-Final-Exam-Schedule.pdf  (run=0, sequential=False)
      1 link(s) @ https://liu.edu.lb/NewLIU2022/metaData/CSCI-POS.pdf  (run=0, sequential=False)
  - 'CSC481': 'Xiaoxing Liu Adelphi University CSC481 course slides'
      1 link(s) @ https://home.adelphi.edu/~mathcs/handbook/MCS_student_handbook_summer2024.pdf  (run=0, sequential=False)
      1 link(s) @ https://liu.edu.lb/NewLIU2022/metaData/CSCI-POS.pdf  (run=0, sequential=False)
  - 'CSI170': 'Xiaoxing Liu Adelphi University CSI170 course slides'
      1 link(s) @ https://www.adelphi.edu/registrar/wp-content/uploads/sites/49/2022/12/Fall-2022-Final-Exam-Schedule.pdf  (run=0, sequential=False)
      1 link(s) @ https://home.adelphi.edu/~mathcs/MCS_student_handbook_current.pdf  (run=0, sequential=False)

### [cs] Gwendolyn Campbell — Albany State University (ratings=12, dept=Computer Science, 6 course(s))
  - 'CSCI1201': 'Gwendolyn Campbell Albany State University CSCI1201 course slides'
      1 link(s) @ https://www.asurams.edu/docs/college-of-arts-sciences/ACM-2014.pdf  (run=0, sequential=False)
      1 link(s) @ https://www.ccga.edu/wp-content/uploads/2023/06/Catalog2007.pdf  (run=0, sequential=False)
  - 'CSCI1101': 'Gwendolyn Campbell Albany State University CSCI1101 course slides'
  - 'CSCI1301': 'Gwendolyn Campbell Albany State University CSCI1301 course slides'
      1 link(s) @ https://www.asurams.edu/docs/catalogs/archived/2006-2009-Graduate-Catalog.pdf  (run=0, sequential=False)
      1 link(s) @ https://www.clayton.edu/academic-catalog/docs/2020-2021-catalog-may-21-2021.pdf  (run=0, sequential=False)
      1 link(s) @ https://www.emu.edu.tr/media/assets/files/pages/cis-itse-moduleshandbook2026.pdf  (run=0, sequential=False)
      1 link(s) @ https://www.gordonstate.edu/images/uploads/acad-catalog-pdf/12-13.pdf  (run=0, sequential=False)
  - 'CSCI1302': 'Gwendolyn Campbell Albany State University CSCI1302 course slides'
      1 link(s) @ https://www.asurams.edu/docs/college-of-arts-sciences/ACM-2014.pdf  (run=0, sequential=False)
      1 link(s) @ https://www.asurams.edu/docs/catalogs/archived/2006-2009-Graduate-Catalog.pdf  (run=0, sequential=False)
      1 link(s) @ https://www.asurams.edu/docs/catalogs/West/2012-2013/files/487-529.pdf  (run=0, sequential=False)
      1 link(s) @ https://www.asurams.edu/docs/catalogs/archived/1995-1997%20Undergraduate.pdf  (run=0, sequential=False)
  - 'CSCI2211': 'Gwendolyn Campbell Albany State University CSCI2211 course slides'
      1 link(s) @ https://www.asurams.edu/docs/catalogs/archived/1998-2001%20Undergraduate.pdf  (run=0, sequential=False)
      1 link(s) @ https://facultysuccess.indianastate.edu/syllabi/kcampbell25/schteach/US%20Kim%20Campbell%20BEIT%20336.301%20(002)-1.pdf  (run=0, sequential=False)
  - 'CSCI1003': 'Gwendolyn Campbell Albany State University CSCI1003 course slides'
      1 link(s) @ https://www.asurams.edu/docs/catalogs/archived/2001-2004%20Undergraduate.pdf  (run=0, sequential=False)

### [cs] Robert Byrd — Abilene Christian University (ratings=12, dept=Computer Science, 7 course(s))
  - 'ITC110': 'Robert Byrd Abilene Christian University ITC110 course slides'
  - 'IT225': 'Robert Byrd Abilene Christian University IT225 course slides'
  - 'IT410': 'Robert Byrd Abilene Christian University IT410 course slides'
      1 link(s) @ https://www.actx.edu/archives/files/filecabinet/folder5/Vice_Presidents_Council_Summary_Notes_052307.pdf  (run=0, sequential=False)
      1 link(s) @ https://www.law.nyu.edu/sites/default/files/upload_documents/Kalman_8-31-16.pdf  (run=0, sequential=False)
  - 'IT440': 'Robert Byrd Abilene Christian University IT440 course slides'
  - '11087': 'Robert Byrd Abilene Christian University 11087 course slides'
  - 'ITC460': 'Robert Byrd Abilene Christian University ITC460 course slides'
  - 'ITINTR': 'Robert Byrd Abilene Christian University ITINTR course slides'

### [cs] Faith Mock — Adelphi University (ratings=11, dept=Computer Science, 3 course(s))
  - 'CSC156': 'Faith Mock Adelphi University CSC156 course slides'
      1 link(s) @ https://home.adelphi.edu/~wi16133/csc156/s25/syllabus.pdf  (run=0, sequential=False)
      1 link(s) @ https://home.adelphi.edu/~wi16133/csc156/s22/syllabus.pdf  (run=0, sequential=False)
      1 link(s) @ https://home.adelphi.edu/~wi16133/csc156/s21/syllabus.pdf  (run=0, sequential=False)
      1 link(s) @ https://home.adelphi.edu/~wi16133/csc156/f23/syllabus.pdf  (run=0, sequential=False)
  - 'MTH141': 'Faith Mock Adelphi University MTH141 course slides'
      1 link(s) @ https://www.buffalo.edu/content/cas/math/ug/ug-courses/syllabi/_jcr_content/root/maincontent/par/download_10/file.res/MTH141.syllabus.pdf  (run=0, sequential=False)
      1 link(s) @ https://www.adelphi.edu/registrar/wp-content/uploads/sites/49/2022/12/Fall-2022-Final-Exam-Schedule.pdf  (run=0, sequential=False)
      1 link(s) @ https://preserve.lehigh.edu/_flysystem/fedora/2024-11/Grossbauer_lehigh_0105A_12834.pdf  (run=0, sequential=False)
      1 link(s) @ https://bulletin.lmu.edu/course-descriptions/math/math.pdf  (run=0, sequential=False)
  - 'MTH140': 'Faith Mock Adelphi University MTH140 course slides'

### [cs] James Prather — Abilene Christian University (ratings=11, dept=Computer Science, 5 course(s))
  - 'CS120': 'James Prather Abilene Christian University CS120 course slides'
  - 'CS330': 'James Prather Abilene Christian University CS330 course slides'
  - 'IT325': 'James Prather Abilene Christian University IT325 course slides'
  - 'ITC125': 'James Prather Abilene Christian University ITC125 course slides'
  - 'ITC310': 'James Prather Abilene Christian University ITC310 course slides'

### [cs] Amy Williams — Abraham Baldwin Agricultural College (ratings=10, dept=Computer Science, 2 course(s))
  - 'CISM2201': 'Amy Williams Abraham Baldwin Agricultural College CISM2201 course slides'
      1 link(s) @ https://www.valdosta.edu/academics/catalog/0607/grad/documents/grad_whole_catalog.pdf  (run=0, sequential=False)
      1 link(s) @ https://www.asurams.edu/docs/catalogs/West/2016-2017/files/assets/common/downloads/publication.pdf  (run=0, sequential=False)
  - 'BUSA2105': 'Amy Williams Abraham Baldwin Agricultural College BUSA2105 course slides'
      1 link(s) @ https://www.abac.edu/news/2025/01/2024_fall_achievement_list.html  (run=1, sequential=False)
      1 link(s) @ https://www.abac.edu/news/2025/05/winners_named_for_eighth_annual_abac_steps_symposium.html  (run=1, sequential=False)
      1 link(s) @ https://www.abac.edu/news/2025/05/spring_semester_graduates_total_299_at_abac.html  (run=1, sequential=False)
      1 link(s) @ https://www.asurams.edu/docs/catalogs/West/2016-2017/files/assets/common/downloads/publication.pdf  (run=0, sequential=False)
      1 link(s) @ https://sites.highlands.edu/office-of-the-provost/wp-content/uploads/sites/30/2019/05/GHC-CATALOG-2018-2019.pdf  (run=0, sequential=False)
      1 link(s) @ https://www.mga.edu/library/archives/collections/docs/mgc/MGC_2006-2008_Catalog.pdf  (run=0, sequential=False)

### [cs] Brian Imbriani — Adelphi University (ratings=10, dept=Computer Science, 7 course(s))
  - 'COMP170': 'Brian Imbriani Adelphi University COMP170 course slides'
      1 link(s) @ https://www.adelphi.edu/high-school-students/wp-content/uploads/sites/47/2023/05/Courses-Offered-Adelphi.pdf  (run=0, sequential=False)
      1 link(s) @ https://www.adelphi.edu/registrar/wp-content/uploads/sites/49/2020/11/Fall-2020-Final-Exam-Schedule-11132020.pdf  (run=0, sequential=False)
      12 link(s) @ https://www.adelphi.edu/brand/design/assets-and-templates/powerpoint-google-slides  (run=2, sequential=False)
  - 'CSC170': 'Brian Imbriani Adelphi University CSC170 course slides'
      12 link(s) @ https://www.adelphi.edu/brand/design/assets-and-templates/powerpoint-google-slides  (run=2, sequential=False)
  - 'COMM170': 'Brian Imbriani Adelphi University COMM170 course slides'
      1 link(s) @ https://www.adelphi.edu/high-school-students/wp-content/uploads/sites/47/2023/05/Courses-Offered-Adelphi.pdf  (run=0, sequential=False)
      12 link(s) @ https://www.adelphi.edu/brand/design/assets-and-templates/powerpoint-google-slides  (run=2, sequential=False)
  - 'COMP0145': 'Brian Imbriani Adelphi University COMP0145 course slides'
      1 link(s) @ https://www.adelphi.edu/high-school-students/wp-content/uploads/sites/47/2023/05/Courses-Offered-Adelphi.pdf  (run=0, sequential=False)
      1 link(s) @ https://www.adelphi.edu/registrar/wp-content/uploads/sites/49/2020/11/Fall-2020-Final-Exam-Schedule-11132020.pdf  (run=0, sequential=False)
      12 link(s) @ https://www.adelphi.edu/brand/design/assets-and-templates/powerpoint-google-slides  (run=2, sequential=False)
  - 'COMP1045': 'Brian Imbriani Adelphi University COMP1045 course slides'
      12 link(s) @ https://www.adelphi.edu/brand/design/assets-and-templates/powerpoint-google-slides  (run=2, sequential=False)
  - 'COMP227': 'Brian Imbriani Adelphi University COMP227 course slides'
  - 'COMPCOMP': 'Brian Imbriani Adelphi University COMPCOMP course slides'

### [cs] Lynda Danielson — College of Idaho (ratings=10, dept=Computer Science, 8 course(s))
  - 'MAT175': 'Lynda Danielson College of Idaho MAT175 course slides'
  - 'CS': 'Lynda Danielson College of Idaho CS course slides'
      1 link(s) @ https://catalog.uidaho.edu/courses/cs  (run=0, sequential=False)
      2 link(s) @ https://professorlynam.github.io/csc110/slides-01-01.html  (run=1, sequential=False)
  - 'MAT': 'Lynda Danielson College of Idaho MAT course slides'
  - 'MAT112': 'Lynda Danielson College of Idaho MAT112 course slides'
      1 link(s) @ https://people.reed.edu/~davidp/112/resources/112notes.pdf  (run=0, sequential=False)
  - 'MAT125': 'Lynda Danielson College of Idaho MAT125 course slides'
  - 'MAT152': 'Lynda Danielson College of Idaho MAT152 course slides'
      1 link(s) @ https://www.durhamtech.edu/sites/default/files/course_outlines/MAT152.pdf  (run=0, sequential=False)
  - 'MAT212': 'Lynda Danielson College of Idaho MAT212 course slides'
      1 link(s) @ https://catalog.uidaho.edu/courses/math  (run=0, sequential=False)
  - 'MAT451': 'Lynda Danielson College of Idaho MAT451 course slides'
      7 link(s) @ https://www.isu.edu/rmc/resources/accelerate-math-learning/learning-strand-resources  (run=1, sequential=False)

### [cs] Anastasia Tzortzatos — Adelphi University (ratings=9, dept=Computer Science, 6 course(s))
  - 'CSC101': 'Anastasia Tzortzatos Adelphi University CSC101 course slides'
      [fetch] error: Page.goto: Timeout 30000ms exceeded.
Call log:
  - navigating to "https://www.sci.brooklyn.cuny.edu/~nikolas/CSC101/slides.html", waiting until "domcontentloaded"

      [fetch] error: Page.goto: Timeout 30000ms exceeded.
Call log:
  - navigating to "https://www2.cs.arizona.edu/classes/cs101/fall24/lectures/index.html", waiting until "domcontentloaded"

  - 'COMP101': 'Anastasia Tzortzatos Adelphi University COMP101 course slides'
  - 'COMPUTERS': 'Anastasia Tzortzatos Adelphi University COMPUTERS course slides'
  - 'CS': 'Anastasia Tzortzatos Adelphi University CS course slides'
  - 'CSC170': 'Anastasia Tzortzatos Adelphi University CSC170 course slides'
      12 link(s) @ https://www.adelphi.edu/brand/design/assets-and-templates/powerpoint-google-slides  (run=2, sequential=False)
  - 'SOC': 'Anastasia Tzortzatos Adelphi University SOC course slides'
      12 link(s) @ https://www.adelphi.edu/brand/design/assets-and-templates/powerpoint-google-slides  (run=2, sequential=False)

### [cs] Rob Gibson — Academy of Art University (ratings=9, dept=Computer Science, 4 course(s))
  - 'ANM105': 'Rob Gibson Academy of Art University ANM105 course slides'
      1 link(s) @ https://www.hou.usra.edu/meetings/lpsc2018/LPSC2018_program_final.pdf  (run=0, sequential=False)
      [fetch] error: Page.goto: net::ERR_ABORTED at https://www.utm.utoronto.ca/dvs/media/2634/download?inline=
Call log:
  - navigating to "https://www.utm.utoronto.ca/dvs/media/2634/download?inline=", waiting until "domcontentloaded"

  - 'CAPS': 'Rob Gibson Academy of Art University CAPS course slides'
  - 'CAPS101': 'Rob Gibson Academy of Art University CAPS101 course slides'
      1 link(s) @ http://www.academyart.edu/content/dam/assets/pdf/aau_catalog_web.pdf  (run=0, sequential=False)
  - 'CAPSCA3D259': 'Rob Gibson Academy of Art University CAPSCA3D259 course slides'

### [cs] Michael Fernez — Adelphi University (ratings=8, dept=Computer Science, 1 course(s))
  - 'CSC171': 'Michael Fernez Adelphi University CSC171 course slides'

### [cs] A. Daneshmand — Adelphi University (ratings=7, dept=Computer Science, 3 course(s))
  - 'INTROTOCOMP': 'A. Daneshmand Adelphi University INTROTOCOMP course slides'
      1 link(s) @ https://home.adelphi.edu/~siegfried/cs170/syllabus.pdf  (run=0, sequential=False)
      1 link(s) @ https://home.adelphi.edu/~pe16132/csc565/syllabus/2024_02/syllabus_CSC565001_Wed_Spring_2024.pdf  (run=0, sequential=False)
  - 'CIS170': 'A. Daneshmand Adelphi University CIS170 course slides'
      1 link(s) @ https://home.adelphi.edu/~wi16133/csc170/s19/syllabus.pdf  (run=0, sequential=False)
  - 'CST2405': 'A. Daneshmand Adelphi University CST2405 course slides'
      1 link(s) @ https://www.adelphi.edu/high-school-students/wp-content/uploads/sites/47/2023/05/Courses-Offered-Adelphi.pdf  (run=0, sequential=False)
      12 link(s) @ https://www.adelphi.edu/brand/design/assets-and-templates/powerpoint-google-slides  (run=2, sequential=False)

### [cs] Brian Burton — Abilene Christian University (ratings=7, dept=Computer Science, 5 course(s))
  - 'IT140': 'Brian Burton Abilene Christian University IT140 course slides'
      1 link(s) @ https://blogs.acu.edu/oxb00a/files/2012/07/CS140SyllabusMay09.pdf  (run=0, sequential=False)
      1 link(s) @ https://blogs.acu.edu/oxb00a/files/2018/08/Individual-Instructor-Report-for-IS-680.W1-Data-Mining-30364-201830-Orneita-Burton_de8924dd-2d5b-4425-9b3d-c04c7c949f65en-US.pdf  (run=0, sequential=False)
  - 'CS1': 'Brian Burton Abilene Christian University CS1 course slides'
  - 'DET310': 'Brian Burton Abilene Christian University DET310 course slides'
  - 'IT340': 'Brian Burton Abilene Christian University IT340 course slides'
  - 'ITC110': 'Brian Burton Abilene Christian University ITC110 course slides'
      1 link(s) @ https://blogs.acu.edu/reporting/files/2016/01/Org-Chart-11-19-15.pdf  (run=0, sequential=False)

### [cs] George Sellman — Adams State University (ratings=7, dept=Computer Science, 5 course(s))
  - 'CSCI100': 'George Sellman Adams State University CSCI100 course slides'
  - 'CSCI208': 'George Sellman Adams State University CSCI208 course slides'
  - '4CLASSESWITH': 'George Sellman Adams State University 4CLASSESWITH course slides'
  - 'CSCI201': 'George Sellman Adams State University CSCI201 course slides'
  - 'CSCI210': 'George Sellman Adams State University CSCI210 course slides'

### [cs] Jing Zhou — Alabama State University (ratings=7, dept=Computer Science, 1 course(s))
  - 'CSC210': 'Jing Zhou Alabama State University CSC210 course slides'
      1 link(s) @ https://www.alasu.edu/_qa/2015-2017-undergrad-catalog-3-1FINAL_2.pdf  (run=0, sequential=False)
      1 link(s) @ https://www.alasu.edu/_qa/28636-ASU-undergraduate-catalog_0%202.pdf  (run=0, sequential=False)
      14 link(s) @ https://www2.cs.uh.edu/~acheng/previous-courses.htm  (run=2, sequential=False)

### [cs] Karl Strother — Alabama State University (ratings=7, dept=Computer Science, 1 course(s))
  - 'CIS205': 'Karl Strother Alabama State University CIS205 course slides'

### [cs] Liam Owens — Adelphi University (ratings=7, dept=Computer Science, 2 course(s))
  - 'CSC156': 'Liam Owens Adelphi University CSC156 course slides'
      36 link(s) @ https://algs4.cs.princeton.edu/lectures  (run=5, sequential=True)
      -> partial: 0 new, 0 skip, 36 fail (https://algs4.cs.princeton.edu/lectures)
  - 'CSC171': 'Liam Owens Adelphi University CSC171 course slides'

### [cs] Rich Tanner — Abilene Christian University (ratings=7, dept=Computer Science, 4 course(s))
  - 'ITC110': 'Rich Tanner Abilene Christian University ITC110 course slides'
  - 'DET220': 'Rich Tanner Abilene Christian University DET220 course slides'
  - 'DET225': 'Rich Tanner Abilene Christian University DET225 course slides'
  - 'DET320': 'Rich Tanner Abilene Christian University DET320 course slides'

### [cs] Terry Miller — Alabama A&M University (ratings=7, dept=Computer Science, 2 course(s))
  - 'CS104': 'Terry Miller Alabama A&M University CS104 course slides'
      1 link(s) @ https://www.aamu.edu/academics/colleges/engineering-technology-physical-sciences/departments/electrical-engineering-computer-science/_documents/faculty-cv/terry-miller.pdf  (run=0, sequential=False)
      1 link(s) @ https://www.aamu.edu/research-economic-development/institutional-planning-research-effectiveness/fyir-82a/_documents/cetps/2017-18/bs-computer-science-abet-report-2016.pdf  (run=0, sequential=False)
      1 link(s) @ https://www.aamu.edu/research-economic-development/institutional-planning-research-effectiveness/fyir-82a/_documents/cetps/2017-18/bs-electrical-engineering-abet-report-2018.pdf  (run=0, sequential=False)
  - '101': 'Terry Miller Alabama A&M University 101 course slides'

### [cs] Jay Gangasani — Alabama A&M University (ratings=6, dept=Computer Science, 6 course(s))
  - 'CMP101': 'Jay Gangasani Alabama A&M University CMP101 course slides'
      1 link(s) @ https://www.aamu.edu/academics/colleges/engineering-technology-physical-sciences/departments/electrical-engineering-computer-science/_documents/faculty-cv/jayachander-gangasani.pdf  (run=0, sequential=False)
  - 'COMP1201': 'Jay Gangasani Alabama A&M University COMP1201 course slides'
      1 link(s) @ https://www.aamu.edu/academics/colleges/engineering-technology-physical-sciences/departments/electrical-engineering-computer-science/_documents/faculty-cv/jayachander-gangasani.pdf  (run=0, sequential=False)
  - 'CPU101': 'Jay Gangasani Alabama A&M University CPU101 course slides'
      1 link(s) @ https://www.aamu.edu/academics/colleges/engineering-technology-physical-sciences/departments/electrical-engineering-computer-science/_documents/faculty-cv/jayachander-gangasani.pdf  (run=0, sequential=False)
  - 'CS101': 'Jay Gangasani Alabama A&M University CS101 course slides'
  - 'CS102': 'Jay Gangasani Alabama A&M University CS102 course slides'
      1 link(s) @ https://www.aamu.edu/about/administrative-offices/academic-affairs/resources-for-students/_documents/general-education-course-listing.pdf  (run=0, sequential=False)
  - 'DATABASE': 'Jay Gangasani Alabama A&M University DATABASE course slides'
      1 link(s) @ https://www.aamu.edu/academics/colleges/engineering-technology-physical-sciences/departments/electrical-engineering-computer-science/_documents/faculty-cv/jayachander-gangasani.pdf  (run=0, sequential=False)
      1 link(s) @ https://www.aamu.edu/research-economic-development/institutional-planning-research-effectiveness/fyir-82a/_documents/cetps/2017-18/bs-computer-science-abet-report-2016.pdf  (run=0, sequential=False)
      1 link(s) @ https://registrar.okstate.edu/site-files/documents/fall_2015_program1.pdf  (run=0, sequential=False)
      1 link(s) @ https://www.iitsystem.ac.in/sites/default/files/annualreport/9/Annual-Report_2022-2023-English.pdf  (run=0, sequential=False)
      1 link(s) @ https://www.southalabama.edu/departments/registrar/commencement/programs/spring-2026-program.pdf  (run=0, sequential=False)

### [cs] Jenny Delaleu — Adelphi University (ratings=6, dept=Information Science, 3 course(s))
  - 'NUR232': 'Jenny Delaleu Adelphi University NUR232 course slides'
  - 'INFORMATICS': 'Jenny Delaleu Adelphi University INFORMATICS course slides'
  - 'NUR232033': 'Jenny Delaleu Adelphi University NUR232033 course slides'

### [cs] Kay Powell — Abraham Baldwin Agricultural College (ratings=6, dept=Computer Science, 3 course(s))
  - 'CISM2201': 'Kay Powell Abraham Baldwin Agricultural College CISM2201 course slides'
      1 link(s) @ https://www.abac.edu/directory/index.html  (run=1, sequential=False)
  - '30529': 'Kay Powell Abraham Baldwin Agricultural College 30529 course slides'
      1 link(s) @ https://www.abac.edu/academics/bainbridge.html  (run=0, sequential=False)
      1 link(s) @ https://www.abac.edu/programs/index.html  (run=1, sequential=False)
      1 link(s) @ https://tools.abac.edu/Registrar/Catalogs/Archive/2021-2022.pdf  (run=0, sequential=False)
  - 'CISM': 'Kay Powell Abraham Baldwin Agricultural College CISM course slides'

### [cs] Seyed Roosta — Albany State University (ratings=6, dept=Computer Science, 3 course(s))
  - 'CSCI1201': 'Seyed Roosta Albany State University CSCI1201 course slides'
      1 link(s) @ https://www.usg.edu/academic_affairs_and_policy/assets/academic_affairs_and_policy/alc_documents/Albany_State_University_STEM_Grant_Abstract_2016.pdf  (run=0, sequential=False)
      [fetch] error: Page.goto: Timeout 30000ms exceeded.
Call log:
  - navigating to "https://gateway.asurams.edu/phonebook/show_employee.php?LastName=roosta&FirstName=seyed", waiting until "domcontentloaded"

  - 'COS126': 'Seyed Roosta Albany State University COS126 course slides'
      1 link(s) @ https://oer.galileo.usg.edu/context/mathematics-collections/article/1014/viewcontent/Basic_Statistics__Albany_State_University_.pdf  (run=0, sequential=False)
  - 'CSCI1201-05': 'Seyed Roosta Albany State University CSCI1201-05 course slides'

### [cs] Tammy Reese — Abilene Christian University (ratings=6, dept=Computer Science, 3 course(s))
  - 'CS115': 'Tammy Reese Abilene Christian University CS115 course slides'
  - 'CS120': 'Tammy Reese Abilene Christian University CS120 course slides'
  - 'CS140': 'Tammy Reese Abilene Christian University CS140 course slides'

### [cs] Alfa Nyandoro — Abilene Christian University (ratings=5, dept=Computer Science, 2 course(s))
  - 'IT221': 'Alfa Nyandoro Abilene Christian University IT221 course slides'
  - 'IT310': 'Alfa Nyandoro Abilene Christian University IT310 course slides'
      1 link(s) @ https://acu.edu/wp-content/uploads/2024/10/Academic-Programs-with-CIP-Word-2025.pdf  (run=0, sequential=False)

### [cs] Christopher Miles — Adelphi University (ratings=5, dept=Computer Science, 2 course(s))
  - 'CSC-171': 'Christopher Miles Adelphi University CSC-171 course slides'
  - 'CSC-175': 'Christopher Miles Adelphi University CSC-175 course slides'
      2 link(s) @ https://home.adelphi.edu/~chays/csc175/index.html  (run=0, sequential=False)

### [cs] Joseph Koehler — Adelphi University (ratings=5, dept=Computer Science, 3 course(s))
  - 'CSC137': 'Joseph Koehler Adelphi University CSC137 course slides'
  - 'CSC387': 'Joseph Koehler Adelphi University CSC387 course slides'
  - 'GAMESSOC1': 'Joseph Koehler Adelphi University GAMESSOC1 course slides'
      12 link(s) @ https://www.adelphi.edu/brand/design/assets-and-templates/powerpoint-google-slides  (run=2, sequential=False)

### [cs] Khalil Dajani — Albany State University (ratings=5, dept=Computer Science, 4 course(s))
  - 'CSCI1101': 'Khalil Dajani Albany State University CSCI1101 course slides'
      1 link(s) @ https://www.csusb.edu/profile/khalil.dajani  (run=0, sequential=False)
  - 'CSCI02': 'Khalil Dajani Albany State University CSCI02 course slides'
  - 'CSCI1201': 'Khalil Dajani Albany State University CSCI1201 course slides'
      1 link(s) @ https://www.csusb.edu/profile/khalil.dajani  (run=0, sequential=False)
  - 'CSCI1301': 'Khalil Dajani Albany State University CSCI1301 course slides'
      1 link(s) @ https://www.csusb.edu/profile/khalil.dajani  (run=0, sequential=False)
      2 link(s) @ https://catalog.ndsu.edu/course-catalog/descriptions/csci  (run=0, sequential=False)

### [cs] Neva Herschell — Abraham Baldwin Agricultural College (ratings=5, dept=Computer Science, 4 course(s))
  - 'CISM1101': 'Neva Herschell Abraham Baldwin Agricultural College CISM1101 course slides'
      1 link(s) @ https://www.abac.edu/_documents/presidents-office/history-of-abac.pdf  (run=0, sequential=False)
      1 link(s) @ https://www.abac.edu/_documents/foundation/2020-2021-foundation-annual-report.pdf  (run=0, sequential=False)
  - 'CISM': 'Neva Herschell Abraham Baldwin Agricultural College CISM course slides'
      1 link(s) @ https://www.abac.edu/programs/index.html  (run=1, sequential=False)
  - 'CISM2201': 'Neva Herschell Abraham Baldwin Agricultural College CISM2201 course slides'
      1 link(s) @ https://www.abac.edu/_documents/presidents-office/history-of-abac.pdf  (run=0, sequential=False)
      1 link(s) @ https://www.abac.edu/_documents/foundation/2020-2021-foundation-annual-report.pdf  (run=0, sequential=False)
  - 'COMM1101': 'Neva Herschell Abraham Baldwin Agricultural College COMM1101 course slides'
      2 link(s) @ https://www.abac.edu/news/faculty-staff.html  (run=1, sequential=False)

### [cs] Christopher Benson — Adelphi University (ratings=4, dept=Computer Science, 1 course(s))
  - 'CSC-175': 'Christopher Benson Adelphi University CSC-175 course slides'
      1 link(s) @ https://home.adelphi.edu/~chays/csc175/CSC175syllabusSpring2020.pdf  (run=0, sequential=False)
      1 link(s) @ https://home.adelphi.edu/~mathcs/gallery/2023-2024_Benson_Christopher-Enterprise_Security_Modeling.pdf  (run=0, sequential=False)
      2 link(s) @ https://home.adelphi.edu/~chays/csc175  (run=0, sequential=False)

### [cs] Dwayne Towell — Abilene Christian University (ratings=4, dept=Computer Science, 3 course(s))
  - 'CS120': 'Dwayne Towell Abilene Christian University CS120 course slides'
  - 'CS120JAVA': 'Dwayne Towell Abilene Christian University CS120JAVA course slides'
  - 'CS220': 'Dwayne Towell Abilene Christian University CS220 course slides'

### [cs] Eugene Behal — Albany State University (ratings=4, dept=Computer Science, 1 course(s))
  - 'FUNDAMENTAL2010': 'Eugene Behal Albany State University FUNDAMENTAL2010 course slides'
      1 link(s) @ https://www.asurams.edu/docs/catalogs/West/2012-2013/files/487-529.pdf  (run=0, sequential=False)

### [cs] Kathy Vargas — Adelphi University (ratings=4, dept=Computer Science, 3 course(s))
  - 'CSC170': 'Kathy Vargas Adelphi University CSC170 course slides'
      1 link(s) @ https://www.calstatela.edu/sites/default/files/2219_courses2.pdf  (run=0, sequential=False)
      1 link(s) @ https://www.bhcc.edu/media/01-collegepublications/collegecatalogs/Pgs-297-572-Course-Descriptions-Glossary-Directory.pdf  (run=0, sequential=False)
  - 'CS145': 'Kathy Vargas Adelphi University CS145 course slides'
  - 'CSC171': 'Kathy Vargas Adelphi University CSC171 course slides'
      12 link(s) @ https://www.adelphi.edu/brand/design/assets-and-templates/powerpoint-google-slides  (run=2, sequential=False)

### [cs] Mark Petermann — Abraham Baldwin Agricultural College (ratings=4, dept=Computer Science, 1 course(s))
  - 'CISM2201': 'Mark Petermann Abraham Baldwin Agricultural College CISM2201 course slides'
      [fetch] error: Page.goto: net::ERR_CERT_DATE_INVALID at https://nge-prod-wp.galileo.usg.edu/articles/colleges-universities/abraham-baldwin-agricultural-college
Call log:
  - navigating to "https://nge-prod-wp.galileo.usg.edu/articles/colleges-universities/abraham-baldwin-agricultural-college", waiting until "domcontentloaded"

      1 link(s) @ https://abac.edu/news/2024/09/abraham_baldwin_agricultural_college_leads_usg_in_low-_and_no-cost_course_materials.html  (run=1, sequential=False)

### [cs] Michael O'Donnell — Adelphi University (ratings=4, dept=Computer Science, 2 course(s))
  - 'DSC271': "Michael O'Donnell Adelphi University DSC271 course slides"
      1 link(s) @ https://pensacolastate.edu/docs/textbooksearch/Spring%202025(20252).pdf  (run=0, sequential=False)
      1 link(s) @ https://pensacolastate.edu/docs/textbooksearch/Fall%202022(20231).pdf  (run=0, sequential=False)
      1 link(s) @ https://pensacolastate.edu/docs/textbooksearch/Spring%202023(20232).pdf  (run=0, sequential=False)
  - 'DSC270': "Michael O'Donnell Adelphi University DSC270 course slides"

### [cs] Venkata Atluri — Alabama A&M University (ratings=4, dept=Computer Science, 3 course(s))
  - 'CMP554': 'Venkata Atluri Alabama A&M University CMP554 course slides'
      1 link(s) @ https://www.aamu.edu/academics/catalogs/_documents/graduate-catalogs/graduate-catalog-2013-2014.pdf  (run=0, sequential=False)
      1 link(s) @ https://www.aamu.edu/academics/catalogs/_documents/graduate-catalogs/graduate-catalog-2011-2012.pdf  (run=0, sequential=False)
      1 link(s) @ https://www.aamu.edu/research-economic-development/institutional-planning-research-effectiveness/fyir-82a/_documents/cetps/2017-18/bs-computer-science-abet-report-2016.pdf  (run=0, sequential=False)
      1 link(s) @ https://www.aamu.edu/academics/catalogs/_documents/graduate-catalogs/graduate-catalog-2009-2011.pdf  (run=0, sequential=False)
  - 'ASSEMBLELANG': 'Venkata Atluri Alabama A&M University ASSEMBLELANG course slides'
  - 'CMP001': 'Venkata Atluri Alabama A&M University CMP001 course slides'
      1 link(s) @ https://www.aamu.edu/research-economic-development/institutional-planning-research-effectiveness/fyir-82a/_documents/cetps/2017-18/bs-computer-science-abet-report-2016.pdf  (run=0, sequential=False)

### [cs] Yujian Fu — Alabama A&M University (ratings=4, dept=Computer Science, 3 course(s))
  - 'CS430': 'Yujian Fu Alabama A&M University CS430 course slides'
      1 link(s) @ https://www.tamut.edu/faculty/syllabi/202380/80299.pdf  (run=0, sequential=False)
      [fetch] error: Page.goto: net::ERR_ABORTED at https://syllabus.chaminade.edu/get_syllabus?id=9637
Call log:
  - navigating to "https://syllabus.chaminade.edu/get_syllabus?id=9637", waiting until "domcontentloaded"

      3 link(s) @ https://www.aamu.edu/academics/colleges/engineering-technology-physical-sciences/departments/physics-chemistry-mathematics/physics/research-experience-undergraduates/past-presentations.html  (run=0, sequential=False)
      1 link(s) @ https://eng.ua.edu/wp-content/uploads/2020/01/Computer-Science.pdf  (run=0, sequential=False)
  - 'CS-389': 'Yujian Fu Alabama A&M University CS-389 course slides'
      2 link(s) @ https://www.aamu.edu/academics/colleges/engineering-technology-physical-sciences/academic-advising.html  (run=0, sequential=False)
      [fetch] error: Page.goto: net::ERR_ABORTED at https://www.aamu.edu/academics/colleges/engineering-technology-physical-sciences/departments/electrical-engineering-computer-science/_documents/senior-record-check-computer-science.xlsx
Call log:
  - navigating to "https://www.aamu.edu/academics/colleges/engineering-technology-physical-sciences/departments/electrical-engineering-computer-science/_documents/senior-record-check-computer-science.xlsx", waiting until "domcontentloaded"

      1 link(s) @ https://www.aamu.edu/research-economic-development/institutional-planning-research-effectiveness/fyir-82a/_documents/cetps/2017-18/bs-computer-science-abet-report-2016.pdf  (run=0, sequential=False)
  - 'CS206': 'Yujian Fu Alabama A&M University CS206 course slides'
      1 link(s) @ https://www.aamu.edu/academics/colleges/engineering-technology-physical-sciences/departments/electrical-engineering-computer-science/_documents/faculty-cv/yujian-fu.pdf  (run=0, sequential=False)
      [fetch] error: Page.goto: net::ERR_ABORTED at https://www.aamu.edu/academics/colleges/engineering-technology-physical-sciences/departments/electrical-engineering-computer-science/_documents/senior-record-check-computer-science.xlsx
Call log:
  - navigating to "https://www.aamu.edu/academics/colleges/engineering-technology-physical-sciences/departments/electrical-engineering-computer-science/_documents/senior-record-check-computer-science.xlsx", waiting until "domcontentloaded"

      1 link(s) @ https://www.aamu.edu/research-economic-development/institutional-planning-research-effectiveness/fyir-82a/_documents/cetps/2017-18/bs-computer-science-abet-report-2016.pdf  (run=0, sequential=False)
      1 link(s) @ https://www.aamu.edu/academics/catalogs/_documents/graduate-catalogs/graduate-catalog-2024-2025.pdf  (run=0, sequential=False)

### [cs] Achile Egbunu — Alabama A&M University (ratings=3, dept=Computer Science, 2 course(s))
  - 'CS102': 'Achile Egbunu Alabama A&M University CS102 course slides'
      1 link(s) @ https://web.stanford.edu/class/cs102/lectureslides/NetworksSlides.pdf  (run=0, sequential=False)
  - 'CS203': 'Achile Egbunu Alabama A&M University CS203 course slides'

### [cs] Armand Burks — Alabama State University (ratings=3, dept=Computer Science, 2 course(s))
  - 'CSC447': 'Armand Burks Alabama State University CSC447 course slides'
      1 link(s) @ https://www.rochester.edu/college/courses/ase-courses.pdf  (run=0, sequential=False)
  - 'CSC414': 'Armand Burks Alabama State University CSC414 course slides'
      1 link(s) @ https://www.alasu.edu/_qa/CSTEM+Computer+Science+B.S..pdf  (run=0, sequential=False)

### [cs] Mohammed Rahman — Adelphi University (ratings=3, dept=Computer Science, 2 course(s))
  - 'MTH-141': 'Mohammed Rahman Adelphi University MTH-141 course slides'
      1 link(s) @ https://www.adelphi.edu/one-stop/wp-content/uploads/sites/79/2025/11/Fall-2025-Finals-Schedule-MASTER-11262025.pdf  (run=0, sequential=False)
      1 link(s) @ https://physiology.case.edu/media/faculty_cvs/cv_vis_christine_metz_20191108.pdf  (run=0, sequential=False)
      1 link(s) @ https://www.framingham.edu/sites/default/files/2024-07/graduate-catalog-2024-2025.pdf  (run=0, sequential=False)
      1 link(s) @ https://www.webster.edu/catalog/documents/catalog-archives/graduate/2025-2026-graduate-catalog.pdf  (run=0, sequential=False)
      1 link(s) @ https://archive.catalog.njit.edu/2024-2025%20Undergraduate.pdf  (run=0, sequential=False)
  - 'CSC-263': 'Mohammed Rahman Adelphi University CSC-263 course slides'

### [cs] Richard Edwards — Adelphi University (ratings=3, dept=Computer Science, 3 course(s))
  - 'INTROTOCOMP': 'Richard Edwards Adelphi University INTROTOCOMP course slides'
  - 'RLS101': 'Richard Edwards Adelphi University RLS101 course slides'
      12 link(s) @ https://www.adelphi.edu/brand/design/assets-and-templates/powerpoint-google-slides  (run=2, sequential=False)
  - 'INTROCOMPNAP': 'Richard Edwards Adelphi University INTROCOMPNAP course slides'
      12 link(s) @ https://www.adelphi.edu/brand/design/assets-and-templates/powerpoint-google-slides  (run=2, sequential=False)

### [cs] Rita Williams — Alabama State University (ratings=3, dept=Computer Science, 1 course(s))
  - 'CIS205': 'Rita Williams Alabama State University CIS205 course slides'
      1 link(s) @ https://www.alasu.edu/_qa/ASU%202019_2021%20FINAL%20CATALOG_MAIN%202.pdf  (run=0, sequential=False)
      1 link(s) @ https://www.alasu.edu/sites/default/files/Updated%20FINAL_ASU%20Fifth%20Year%20Interim%20Report_March%2017%202016.pdf  (run=0, sequential=False)
      1 link(s) @ https://cacc.edu/content/userfiles/files/Catalogs/2018-2019%20Catalog.pdf  (run=0, sequential=False)
      1 link(s) @ https://www.alasu.edu/administration/presidentsreport-2025-rev.pdf  (run=0, sequential=False)

### [cs] Adolph Scissum — Alabama A&M University (ratings=2, dept=Computer Science, 1 course(s))
  - 'CS101': 'Adolph Scissum Alabama A&M University CS101 course slides'

### [cs] Ankur Chattopadhyay — Adams State University (ratings=2, dept=Computer Science, 2 course(s))
  - 'CSCI208': 'Ankur Chattopadhyay Adams State University CSCI208 course slides'
  - 'CSCI215': 'Ankur Chattopadhyay Adams State University CSCI215 course slides'
      1 link(s) @ https://adamasuniversity.ac.in/wp-content/uploads/2020/06/undergraduate_computer_science_and_engineering_btech_cybersecurity_and_forensics_couse_syllabus.pdf  (run=0, sequential=False)

### [cs] Anne Hunter — Abraham Baldwin Agricultural College (ratings=2, dept=Computer Science, 1 course(s))
  - 'CISM1101': 'Anne Hunter Abraham Baldwin Agricultural College CISM1101 course slides'
      1 link(s) @ https://www.abac.edu/directory/index.html  (run=1, sequential=False)
      1 link(s) @ https://www.abac.edu/_documents/presidents-office/history-of-abac.pdf  (run=0, sequential=False)
      1 link(s) @ https://www.abac.edu/news/2024/03/abac_honors_top_academic_students.html  (run=1, sequential=False)
      1 link(s) @ https://www.abac.edu/news/2026/03/abac_highlights_fall_2025_academic_achievements.html  (run=1, sequential=False)
      1 link(s) @ https://www.abac.edu/news/2025/01/2024_fall_achievement_list.html  (run=1, sequential=False)
      1 link(s) @ https://www.abac.edu/campus_life/title-ix.html  (run=0, sequential=False)

### [cs] Christian Correa — Adelphi University (ratings=2, dept=Computer Science, 2 course(s))
  - 'COMP101': 'Christian Correa Adelphi University COMP101 course slides'
  - 'COMPUTER101': 'Christian Correa Adelphi University COMPUTER101 course slides'
      12 link(s) @ https://www.adelphi.edu/brand/design/assets-and-templates/powerpoint-google-slides  (run=2, sequential=False)

### [cs] E.   Aryitey — Alabama State University (ratings=2, dept=Computer Science, 1 course(s))
  - 'CIS': 'E. Aryitey Alabama State University CIS course slides'

### [cs] Evan Watchmaker — Adelphi University (ratings=2, dept=Information Science, 1 course(s))
  - 'GEN110-030': 'Evan Watchmaker Adelphi University GEN110-030 course slides'
      1 link(s) @ https://home.adelphi.edu/~wi16133/csc161/f21/syllabus.pdf  (run=0, sequential=False)
      1 link(s) @ http://graphics.stanford.edu/courses/cs348c-16-fall/slides/01_intro_2016.key.pdf  (run=0, sequential=False)

### [cs] Julius Jow — Alabama State University (ratings=2, dept=Computer Science, 1 course(s))
  - '210': 'Julius Jow Alabama State University 210 course slides'
      1 link(s) @ https://www.alasu.edu/_qa/CSTEM+Computer+Science+B.S..pdf  (run=0, sequential=False)

### [cs] Michael DiCrescio — Adelphi University (ratings=2, dept=Information Science, 1 course(s))
  - 'CSC170': 'Michael DiCrescio Adelphi University CSC170 course slides'
      1 link(s) @ https://www.adelphi.edu/registrar/wp-content/uploads/sites/49/2022/12/Fall-2022-Final-Exam-Schedule.pdf  (run=0, sequential=False)

### [cs] Michael McLeod — Adelphi University (ratings=2, dept=Information Science, 2 course(s))
  - 'FORE': 'Michael McLeod Adelphi University FORE course slides'
  - 'GEN110116': 'Michael McLeod Adelphi University GEN110116 course slides'
      12 link(s) @ https://www.adelphi.edu/brand/design/assets-and-templates/powerpoint-google-slides  (run=2, sequential=False)

### [cs] Muhammad Ghanbari — Alabama A&M University (ratings=2, dept=Computer Science, 2 course(s))
  - 'CMP488': 'Muhammad Ghanbari Alabama A&M University CMP488 course slides'
      1 link(s) @ https://www.aamu.edu/academics/catalogs/_documents/graduate-catalogs/graduate-catalog-2009-2011.pdf  (run=0, sequential=False)
      1 link(s) @ https://www.aamu.edu/academics/catalogs/_documents/graduate-catalogs/graduate-catalog-2013-2014.pdf  (run=0, sequential=False)
      1 link(s) @ https://www.aamu.edu/academics/catalogs/_documents/graduate-catalogs/graduate-catalog-2011-2012.pdf  (run=0, sequential=False)
      1 link(s) @ https://www.aamu.edu/research-economic-development/institutional-planning-research-effectiveness/fyir-82a/_documents/cetps/2017-18/bs-computer-science-abet-report-2016.pdf  (run=0, sequential=False)
  - 'CS109': 'Muhammad Ghanbari Alabama A&M University CS109 course slides'
      28 link(s) @ https://cs109.stanford.edu  (run=15, sequential=True)
      + 1_Lecture01-LLMPrompts.pdf
      + 2_Lecture01-Worksheet.pdf
      + 3_Lecture02-LLMPrompts.pdf
      + 4_Lecture02-Worksheet.pdf
      + 5_Lecture03-LLMPrompts.pdf
      + 6_Lecture03-Worksheet.pdf
      + 7_Lecture04-LLMPrompts.pdf
      + 8_Lecture04-Worksheet.pdf
      + 9_Lecture05-LLMPrompts.pdf
      + 10_Lecture05-Worksheet.pdf
      + 11_Lecture06-LLMPrompts.pdf
      + 12_Lecture06-Worksheet.pdf
      + 13_Lecture07-LLMPrompts.pdf
      + 14_Lecture07-Worksheet.pdf
      + 15_Lecture08-LLMPrompts.pdf
      + 16_Lecture08-Worksheet.pdf
      + 17_Lecture09-LLMPrompts.pdf
      + 18_Lecture09-Worksheet.pdf
      + 19_Lecture10-LLMPrompts.pdf
      + 20_Lecture10-Worksheet.pdf
      + 21_Lecture11-LLMPrompts.pdf
      + 22_Lecture11-Worksheet.pdf
      + 23_Lecture12-LLMPrompts.pdf
      + 24_Lecture12-Worksheet.pdf
      + 25_Lecture13-Worksheet.pdf
      + 26_Lecture14-Worksheet.pdf
      -> saved: 26 new, 0 skip, 2 fail (https://cs109.stanford.edu)

### [cs] Nelson Barnes — Alabama A&M University (ratings=2, dept=Computer Science, 1 course(s))
  - 'CS-102': 'Nelson Barnes Alabama A&M University CS-102 course slides'
      1 link(s) @ https://www.aamu.edu/academics/colleges/engineering-technology-physical-sciences/stem-day/_documents/2024/stem-2024-booklet.pdf  (run=0, sequential=False)
      1 link(s) @ https://www.aamu.edu/research-economic-development/institutional-planning-research-effectiveness/fyir-82a/_documents/cetps/2017-18/bs-computer-science-abet-report-2016.pdf  (run=0, sequential=False)

### [cs] Randrianasolo Arisoa — Abilene Christian University (ratings=2, dept=Computer Science, 2 course(s))
  - 'CS118': 'Randrianasolo Arisoa Abilene Christian University CS118 course slides'
  - 'IT220': 'Randrianasolo Arisoa Abilene Christian University IT220 course slides'

### [cs] Robert Owor — Albany State University (ratings=2, dept=Computer Science, 2 course(s))
  - 'CSCI1003': 'Robert Owor Albany State University CSCI1003 course slides'
  - 'CSCI1302': 'Robert Owor Albany State University CSCI1302 course slides'

### [cs] Salvatore Ferrugia — Adelphi University (ratings=2, dept=Computer Science, 2 course(s))
  - 'CSC171': 'Salvatore Ferrugia Adelphi University CSC171 course slides'
      12 link(s) @ https://www.adelphi.edu/brand/design/assets-and-templates/powerpoint-google-slides  (run=2, sequential=False)
  - 'CSC270': 'Salvatore Ferrugia Adelphi University CSC270 course slides'
      1 link(s) @ https://www.adelphi.edu/registrar/wp-content/uploads/sites/49/2020/06/Spring-2020-Exam-Schedule.pdf  (run=0, sequential=False)

### [cs] Xiaolin Li — Alabama State University (ratings=2, dept=Computer Science, 1 course(s))
  - 'CSC210': 'Xiaolin Li Alabama State University CSC210 course slides'
      1 link(s) @ https://www.alasu.edu/_qa/28636-ASU-undergraduate-catalog_0%202.pdf  (run=0, sequential=False)
      1 link(s) @ https://www.csus.edu/college/business-administration/information-systems-business-analytics/meet-us/_internal/photos/bio/lin_xiaolin_cv_spring-2023.pdf  (run=0, sequential=False)
      1 link(s) @ https://cs231n.stanford.edu/slides/2022/lecture_14_jiajun.pdf  (run=0, sequential=False)
      69 link(s) @ https://www.cs.utexas.edu/~pstone/Courses/394Rspring22/resources/index.html  (run=15, sequential=True)
      + 1_week1a-pp4.pdf
      + 2_week1b-pp4.pdf
      + 3_week1b-shivaram.pdf
      + 4_bandit.pdf
      + 5_Ch2Slides.pdf
      + 6_Ch3Slides.pdf
      + 7_week2b-pp4.pdf
      + 8_Ch4Slides.pdf
      + 10_Ch5Slides.pdf
      + 11_Ch6Slides.pdf
      + 12_particle-filters.ppt
      + 15_Ch7Slides.pdf
      + 16_week4b-pp4.pdf
      + 17_Ch8Slides.pdf
      + 18_Ch8-mcts.pdf
      + 19_mcp-trees.pdf
      + 21_Ch9Slides.pdf
      + 23_week6a-pp4.pdf
      + 24_Ch10Slides.pdf
      + 26_Ch11Slides.pdf
      + 27_week7a-pp4.pdf
      + 28_Ch12Slides.pdf
      + 29_week7-sutton.pdf
      + 30_week7-keepaway.pdf
      + 31_week7-pass.pdf
      + 32_week7-getopen.pdf
      + 33_Ch13Slides.pdf
      + 34_week8-td.pdf
      + 35_week9a-pp4.pdf
      + 36_week9-alphaGo.pdf
      + 37_week10a-abstraction.pdf
      + 38_week10b-pp4.pdf
      + 39_Week10.pdf
      + 40_week10-matt.ppt
      + 41_week10a-nick.pdf
      + 42_week10b-nick.pdf
      + 43_week10-ruohan.pdf
      + 44_week10-sherstov.pdf
      + 45_week11a-exploration.pdf
      + 46_week11b-pp4.pdf
      + 47_week11-neat_q.pdf
      + 48_week11-rmax.pdf
      + 49_week11-TEXPLORE.pdf
      + 50_week11-fuelworld.pdf
      + 51_week12a-imitation.pdf
      + 52_week12-TAMER.pdf
      + 53_week12-deepTAMER.pptx
      + 54_week12-empathic.pptx
      + 55_week12-ifo.pdf
      + 56_inverseRL.pdf
      + 57_week13-bowling.pdf
      + 58_week13-CMLeS.ppt
      + 59_week13-qmix.pdf
      + 60_week13-safety.pdf
      + 61_week13-threats.pdf
      + 62_week14-modern-rl.pdf
      + 63_week14-trpo.pdf
      + 64_week14-ml2.pdf
      + 65_week15a-pp4.pdf
      + 66_week15-shivaram.pdf
      + 67_week15-shimon.pdf
      + 68_week15-prabhat.pptx
      + 69_week15-joelle.pdf
      -> saved: 63 new, 0 skip, 6 fail (https://www.cs.utexas.edu/~pstone/Courses/394Rspring22/resources/index.html)

### [cs] Yilun Yang — Adelphi University (ratings=2, dept=Computer Science, 1 course(s))
  - 'CSC175': 'Yilun Yang Adelphi University CSC175 course slides'

### [cs] Glen Granzow — College of Idaho (ratings=1, dept=Computer Science, 1 course(s))
  - 'CSC150': 'Glen Granzow College of Idaho CSC150 course slides'

### [cs] Iraj Danesh — Alabama State University (ratings=1, dept=Computer Science, 1 course(s))
  - 'CSC211': 'Iraj Danesh Alabama State University CSC211 course slides'

### [cs] Juan Fu — Alabama A&M University (ratings=1, dept=Computer Science, 1 course(s))
  - 'CS109': 'Juan Fu Alabama A&M University CS109 course slides'
      [fetch] error: Page.goto: net::ERR_ABORTED at https://www.aamu.edu/academics/colleges/engineering-technology-physical-sciences/departments/electrical-engineering-computer-science/_documents/senior-record-check-computer-science.xlsx
Call log:
  - navigating to "https://www.aamu.edu/academics/colleges/engineering-technology-physical-sciences/departments/electrical-engineering-computer-science/_documents/senior-record-check-computer-science.xlsx", waiting until "domcontentloaded"

      1 link(s) @ https://www.aamu.edu/academics/colleges/engineering-technology-physical-sciences/departments/electrical-engineering-computer-science/_documents/faculty-cv/yujian-fu.pdf  (run=0, sequential=False)
      1 link(s) @ https://www.aamu.edu/academics/colleges/engineering-technology-physical-sciences/departments/electrical-engineering-computer-science/_documents/faculty-cv/joel-fu.pdf  (run=0, sequential=False)
      1 link(s) @ https://www.aamu.edu/research-economic-development/institutional-planning-research-effectiveness/fyir-82a/_documents/cetps/2017-18/bs-computer-science-abet-report-2016.pdf  (run=0, sequential=False)

### [cs] Kris Su — Adelphi University (ratings=1, dept=Computer Science, 1 course(s))
  - 'CS273': 'Kris Su Adelphi University CS273 course slides'
      1 link(s) @ https://www.adelphi.edu/high-school-students/wp-content/uploads/sites/47/2023/05/Courses-Offered-Adelphi.pdf  (run=0, sequential=False)
      1 link(s) @ https://home.adelphi.edu/~siegfried/cs271/syllabus.pdf  (run=0, sequential=False)
      10 link(s) @ https://stewart.sdsu.edu/PPT  (run=2, sequential=False)

### [cs] Mais Nijim — Alabama State University (ratings=1, dept=Computer Science, 1 course(s))
  - 'CSC210': 'Mais Nijim Alabama State University CSC210 course slides'
      1 link(s) @ https://www.alasu.edu/_qa/CSTEM+Computer+Science+B.S..pdf  (run=0, sequential=False)

### [cs] Sixia Chen — Adelphi University (ratings=1, dept=Computer Science, 1 course(s))
  - 'CSC440': 'Sixia Chen Adelphi University CSC440 course slides'

### [cs] Summer Bartczack — Air Force Institute of Technology (ratings=1, dept=Information Science, 1 course(s))
  - 'ARMY101': 'Summer Bartczack Air Force Institute of Technology ARMY101 course slides'

### [cs] Uma Kannan — Alabama State University (ratings=1, dept=Computer Science, 1 course(s))
  - 'CIS310': 'Uma Kannan Alabama State University CIS310 course slides'

========== DISCIPLINE: MATH (221 professors) ==========

### [math] Diane Quirin — Adelphi University (ratings=79, dept=Mathematics, 8 course(s))
  - 'MTH113': 'Diane Quirin Adelphi University MTH113 course slides'
      [fetch] error: Page.goto: net::ERR_NAME_NOT_RESOLVED at https://demo.sofia.edu/adelphi-course-catalog
Call log:
  - navigating to "https://demo.sofia.edu/adelphi-course-catalog", waiting until "domcontentloaded"

  - 'STAT113': 'Diane Quirin Adelphi University STAT113 course slides'
      1 link(s) @ https://www.adelphi.edu/registrar/wp-content/uploads/sites/49/2022/04/Spring-2022-Final-Exam-Schedule-04062022.pdf  (run=0, sequential=False)
      1 link(s) @ https://www.adelphi.edu/one-stop/wp-content/uploads/sites/79/2025/03/Graduate-Bulletin-2002-2004.pdf  (run=0, sequential=False)
      1 link(s) @ https://www.adelphi.edu/registrar/wp-content/uploads/sites/49/2020/06/Spring-2020-Exam-Schedule.pdf  (run=0, sequential=False)
      1 link(s) @ https://www.adelphi.edu/one-stop/wp-content/uploads/sites/79/2025/03/2012-2013-Bulletin.pdf  (run=0, sequential=False)
      1 link(s) @ https://www.adelphi.edu/registrar/wp-content/uploads/sites/49/2022/12/Fall-2022-Final-Exam-Schedule.pdf  (run=0, sequential=False)
  - 'MTH110': 'Diane Quirin Adelphi University MTH110 course slides'
      1 link(s) @ https://www.adelphi.edu/one-stop/wp-content/uploads/sites/79/2025/03/Undergraduate-Bulletin-2003-2005.pdf  (run=0, sequential=False)
      1 link(s) @ https://www.adelphi.edu/one-stop/wp-content/uploads/sites/79/2025/03/2012-2013-Bulletin.pdf  (run=0, sequential=False)
      1 link(s) @ https://www.adelphi.edu/registrar/wp-content/uploads/sites/49/2022/12/Fall-2022-Final-Exam-Schedule.pdf  (run=0, sequential=False)
      1 link(s) @ https://www.adelphi.edu/one-stop/wp-content/uploads/sites/79/2025/03/2010-2011-Bulletin.pdf  (run=0, sequential=False)
      1 link(s) @ https://www.adelphi.edu/one-stop/wp-content/uploads/sites/79/2025/03/Undergraduate-Bulletin-2005-2007.pdf  (run=0, sequential=False)
  - 'PRECAL': 'Diane Quirin Adelphi University PRECAL course slides'
      1 link(s) @ https://www.adelphi.edu/registrar/wp-content/uploads/sites/49/2020/06/Spring-2020-Exam-Schedule.pdf  (run=0, sequential=False)
      1 link(s) @ https://www.adelphi.edu/registrar/wp-content/uploads/sites/49/2022/12/Fall-2022-Final-Exam-Schedule.pdf  (run=0, sequential=False)
      1 link(s) @ https://www.adelphi.edu/one-stop/wp-content/uploads/sites/79/2025/03/Undergraduate-Bulletin-2005-2007.pdf  (run=0, sequential=False)
      1 link(s) @ https://www.adelphi.edu/one-stop/wp-content/uploads/sites/79/2025/03/2012-2013-Bulletin.pdf  (run=0, sequential=False)
      1 link(s) @ https://www.adelphi.edu/one-stop/wp-content/uploads/sites/79/2025/03/Undergraduate-Bulletin-2007-2009.pdf  (run=0, sequential=False)
  - 'STATS113': 'Diane Quirin Adelphi University STATS113 course slides'
      1 link(s) @ https://www.adelphi.edu/one-stop/wp-content/uploads/sites/79/2025/03/Graduate-Bulletin-2002-2004.pdf  (run=0, sequential=False)
      1 link(s) @ https://www.adelphi.edu/one-stop/wp-content/uploads/sites/79/2025/03/Graduate-Bulletin-2000-2001.pdf  (run=0, sequential=False)
      1 link(s) @ https://www.adelphi.edu/registrar/wp-content/uploads/sites/49/2020/06/Spring-2020-Exam-Schedule.pdf  (run=0, sequential=False)
      1 link(s) @ https://www.adelphi.edu/registrar/wp-content/uploads/sites/49/2022/12/Fall-2022-Final-Exam-Schedule.pdf  (run=0, sequential=False)
  - 'STATS': 'Diane Quirin Adelphi University STATS course slides'
      1 link(s) @ https://www.adelphi.edu/one-stop/wp-content/uploads/sites/79/2025/03/Graduate-Bulletin-2001-2002.pdf  (run=0, sequential=False)
      1 link(s) @ https://www.adelphi.edu/one-stop/wp-content/uploads/sites/79/2025/03/2012-2013-Bulletin.pdf  (run=0, sequential=False)
      1 link(s) @ https://www.adelphi.edu/registrar/wp-content/uploads/sites/49/2022/12/Fall-2022-Final-Exam-Schedule.pdf  (run=0, sequential=False)
      1 link(s) @ https://www.adelphi.edu/registrar/wp-content/uploads/sites/49/2021/07/Graduate-Bulletin-2008-2010.pdf  (run=0, sequential=False)
      1 link(s) @ https://www.adelphi.edu/one-stop/wp-content/uploads/sites/79/2025/03/Undergraduate-Bulletin-2005-2007.pdf  (run=0, sequential=False)
  - 'INTROTOSTATIS': 'Diane Quirin Adelphi University INTROTOSTATIS course slides'
  - 'MAT110': 'Diane Quirin Adelphi University MAT110 course slides'
      12 link(s) @ https://www.adelphi.edu/brand/design/assets-and-templates/powerpoint-google-slides  (run=2, sequential=False)
      1 link(s) @ https://www.adelphi.edu/one-stop/wp-content/uploads/sites/79/2025/03/Graduate-Bulletin-2002-2004.pdf  (run=0, sequential=False)
      1 link(s) @ https://www.adelphi.edu/one-stop/wp-content/uploads/sites/79/2025/03/2012-2013-Bulletin.pdf  (run=0, sequential=False)

### [math] Salvatore Petrilli — Adelphi University (ratings=66, dept=Mathematics, 8 course(s))
  - 'MATH113': 'Salvatore Petrilli Adelphi University MATH113 course slides'
      1 link(s) @ https://www.adelphi.edu/registrar/wp-content/uploads/sites/49/2020/06/Spring-2020-Exam-Schedule.pdf  (run=0, sequential=False)
      1 link(s) @ https://www.adelphi.edu/operations/wp-content/uploads/sites/60/2020/07/Academic-Adelphi.pdf  (run=0, sequential=False)
      1 link(s) @ https://www.adelphi.edu/one-stop/wp-content/uploads/sites/79/2025/03/2010-2011-Bulletin.pdf  (run=0, sequential=False)
  - 'MTH253': 'Salvatore Petrilli Adelphi University MTH253 course slides'
      1 link(s) @ https://www.adelphi.edu/registrar/wp-content/uploads/sites/49/2020/06/Spring-2020-Exam-Schedule.pdf  (run=0, sequential=False)
      1 link(s) @ https://www.adelphi.edu/one-stop/wp-content/uploads/sites/79/2025/03/2012-2013-Bulletin.pdf  (run=0, sequential=False)
      1 link(s) @ https://www.adelphi.edu/one-stop/wp-content/uploads/sites/79/2025/03/2010-2011-Bulletin.pdf  (run=0, sequential=False)
  - 'MTH113': 'Salvatore Petrilli Adelphi University MTH113 course slides'
      1 link(s) @ https://www.adelphi.edu/operations/wp-content/uploads/sites/60/2020/07/Academic-Adelphi.pdf  (run=0, sequential=False)
      1 link(s) @ https://www.adelphi.edu/one-stop/wp-content/uploads/sites/79/2025/03/2010-2011-Bulletin.pdf  (run=0, sequential=False)
  - 'MTH431': 'Salvatore Petrilli Adelphi University MTH431 course slides'
  - 'CALC1': 'Salvatore Petrilli Adelphi University CALC1 course slides'
  - 'MATH301': 'Salvatore Petrilli Adelphi University MATH301 course slides'
      1 link(s) @ https://www.adelphi.edu/registrar/wp-content/uploads/sites/49/2020/06/Spring-2020-Exam-Schedule.pdf  (run=0, sequential=False)
  - 'MAT113': 'Salvatore Petrilli Adelphi University MAT113 course slides'
      1 link(s) @ https://www.adelphi.edu/operations/wp-content/uploads/sites/60/2020/07/Academic-Adelphi.pdf  (run=0, sequential=False)
  - 'MATH': 'Salvatore Petrilli Adelphi University MATH course slides'

### [math] Mahmood Pournazari — Adelphi University (ratings=61, dept=Mathematics, 8 course(s))
  - 'MATH113': 'Mahmood Pournazari Adelphi University MATH113 course slides'
  - 'MTH113': 'Mahmood Pournazari Adelphi University MTH113 course slides'
  - 'STAT104': 'Mahmood Pournazari Adelphi University STAT104 course slides'
      12 link(s) @ https://www.adelphi.edu/brand/design/assets-and-templates/powerpoint-google-slides  (run=2, sequential=False)
  - 'STAT113': 'Mahmood Pournazari Adelphi University STAT113 course slides'
      1 link(s) @ https://www.adelphi.edu/registrar/wp-content/uploads/sites/49/2022/12/Fall-2022-Final-Exam-Schedule.pdf  (run=0, sequential=False)
  - 'STATS': 'Mahmood Pournazari Adelphi University STATS course slides'
      1 link(s) @ https://www.adelphi.edu/registrar/wp-content/uploads/sites/49/2020/06/Spring-2020-Exam-Schedule.pdf  (run=0, sequential=False)
      1 link(s) @ https://www.adelphi.edu/one-stop/wp-content/uploads/sites/79/2025/11/Fall-2025-Finals-Schedule-MASTER-11262025.pdf  (run=0, sequential=False)
      1 link(s) @ https://www.adelphi.edu/registrar/wp-content/uploads/sites/49/2022/12/Fall-2022-Final-Exam-Schedule.pdf  (run=0, sequential=False)
  - 'STATISTICS': 'Mahmood Pournazari Adelphi University STATISTICS course slides'
      1 link(s) @ https://www.adelphi.edu/one-stop/wp-content/uploads/sites/79/2025/11/Fall-2025-Finals-Schedule-MASTER-11262025.pdf  (run=0, sequential=False)
      1 link(s) @ https://www.adelphi.edu/Adelphi-Magazine/Adelphi-Magazine-Fall-2006.pdf  (run=0, sequential=False)
      1 link(s) @ https://www.adelphi.edu/registrar/wp-content/uploads/sites/49/2022/12/Fall-2022-Final-Exam-Schedule.pdf  (run=0, sequential=False)
  - 'STATS113': 'Mahmood Pournazari Adelphi University STATS113 course slides'
      1 link(s) @ https://www.adelphi.edu/registrar/wp-content/uploads/sites/49/2020/06/Spring-2020-Exam-Schedule.pdf  (run=0, sequential=False)
      1 link(s) @ https://www.adelphi.edu/registrar/wp-content/uploads/sites/49/2022/12/Fall-2022-Final-Exam-Schedule.pdf  (run=0, sequential=False)
  - 'CALCULUS2': 'Mahmood Pournazari Adelphi University CALCULUS2 course slides'

### [math] Alexander Karabegov — Abilene Christian University (ratings=55, dept=Mathematics, 8 course(s))
  - 'MATH130': 'Alexander Karabegov Abilene Christian University MATH130 course slides'
  - 'FINITEMATH': 'Alexander Karabegov Abilene Christian University FINITEMATH course slides'
  - 'CALC1': 'Alexander Karabegov Abilene Christian University CALC1 course slides'
  - 'MATH186': 'Alexander Karabegov Abilene Christian University MATH186 course slides'
      1 link(s) @ https://artsci.tamu.edu/mathematics/_files/_docs/_conferences/meetings.pdf  (run=0, sequential=False)
  - 'CAL3': 'Alexander Karabegov Abilene Christian University CAL3 course slides'
      1 link(s) @ https://ndl.ethernet.edu.et/bitstream/123456789/68783/1/96.pdf  (run=0, sequential=False)
      1 link(s) @ https://www.esi.ac.at/static/assets/extras/reports/ESI_Report_2013.0c7c3c66dbe3.pdf  (run=0, sequential=False)
  - 'CALCULUSII': 'Alexander Karabegov Abilene Christian University CALCULUSII course slides'
  - 'MATH185': 'Alexander Karabegov Abilene Christian University MATH185 course slides'
      1 link(s) @ https://artsci.tamu.edu/mathematics/_files/_docs/_conferences/meetings.pdf  (run=0, sequential=False)
  - 'CAL': 'Alexander Karabegov Abilene Christian University CAL course slides'

### [math] Amanda Urquhart — Abraham Baldwin Agricultural College (ratings=49, dept=Mathematics, 8 course(s))
  - 'MATH97': 'Amanda Urquhart Abraham Baldwin Agricultural College MATH97 course slides'
      [fetch] error: Page.goto: net::ERR_CERT_DATE_INVALID at https://nge-prod-wp.galileo.usg.edu/articles/colleges-universities/abraham-baldwin-agricultural-college
Call log:
  - navigating to "https://nge-prod-wp.galileo.usg.edu/articles/colleges-universities/abraham-baldwin-agricultural-college", waiting until "domcontentloaded"

      1 link(s) @ https://abac.edu/news/2024/09/abraham_baldwin_agricultural_college_leads_usg_in_low-_and_no-cost_course_materials.html  (run=1, sequential=False)
  - 'MATH1112': 'Amanda Urquhart Abraham Baldwin Agricultural College MATH1112 course slides'
      1 link(s) @ https://www.abac.edu/academics/student-success/index.html  (run=1, sequential=False)
      1 link(s) @ https://www.mga.edu/library/archives/collections/docs/mgc/MGC_2011-2013_Catalog.pdf  (run=0, sequential=False)
      1 link(s) @ https://www.mga.edu/library/archives/collections/docs/mgc/MGC_2007-2009_Catalog.pdf  (run=0, sequential=False)
  - 'MATH2053': 'Amanda Urquhart Abraham Baldwin Agricultural College MATH2053 course slides'
  - 'MATH0097': 'Amanda Urquhart Abraham Baldwin Agricultural College MATH0097 course slides'
      1 link(s) @ https://www.abac.edu/directory/index.html  (run=1, sequential=False)
      1 link(s) @ https://oer.galileo.usg.edu/context/mathematics-collections/article/1036/viewcontent/College_Algebra__ABAC_.pdf  (run=0, sequential=False)
  - 'MATH1101': 'Amanda Urquhart Abraham Baldwin Agricultural College MATH1101 course slides'
      1 link(s) @ https://oer.galileo.usg.edu/context/mathematics-collections/article/1036/viewcontent/College_Algebra__ABAC_.pdf  (run=0, sequential=False)
      1 link(s) @ https://www.abac.edu/academics/student-success/index.html  (run=1, sequential=False)
  - 'MATH1111': 'Amanda Urquhart Abraham Baldwin Agricultural College MATH1111 course slides'
  - '0097': 'Amanda Urquhart Abraham Baldwin Agricultural College 0097 course slides'
      1 link(s) @ https://www.abac.edu/directory/index.html  (run=1, sequential=False)
      1 link(s) @ https://tools.abac.edu/Registrar/Catalogs/Archive/2021-2022.pdf  (run=0, sequential=False)
  - '1111': 'Amanda Urquhart Abraham Baldwin Agricultural College 1111 course slides'
      1 link(s) @ https://oer.galileo.usg.edu/context/mathematics-collections/article/1036/viewcontent/College_Algebra__ABAC_.pdf  (run=0, sequential=False)
      1 link(s) @ https://www.abac.edu/directory/index.html  (run=1, sequential=False)

### [math] Gary D Dicks — Abraham Baldwin Agricultural College (ratings=48, dept=Mathematics, 8 course(s))
  - 'MATH1111': 'Gary D Dicks Abraham Baldwin Agricultural College MATH1111 course slides'
      1 link(s) @ https://apps.abac.edu/registrar/Catalogs/Archive/2022-2023.pdf  (run=0, sequential=False)
  - 'MATH1112': 'Gary D Dicks Abraham Baldwin Agricultural College MATH1112 course slides'
  - 'MATH0099': 'Gary D Dicks Abraham Baldwin Agricultural College MATH0099 course slides'
  - 'MATH1101': 'Gary D Dicks Abraham Baldwin Agricultural College MATH1101 course slides'
      1 link(s) @ https://clayton.edu/academic-catalog/docs/grad-catalog2015-2016.pdf  (run=0, sequential=False)
      1 link(s) @ http://cscb.vimaru.edu.vn/sites/cscb.vimaru.edu.vn/files/Marvin-L.-Bittinger-David-J.-Ellenbogen-Scott-Surgent-Calculus-and-Its-Applications-10th-Edition-Addison-Wesley-_-Pearson-2011_0.pdf  (run=0, sequential=False)
  - 'COLLEGEALGEBRA': 'Gary D Dicks Abraham Baldwin Agricultural College COLLEGEALGEBRA course slides'
      [fetch] error: Page.goto: net::ERR_CERT_DATE_INVALID at https://nge-prod-wp.galileo.usg.edu/articles/colleges-universities/abraham-baldwin-agricultural-college
Call log:
  - navigating to "https://nge-prod-wp.galileo.usg.edu/articles/colleges-universities/abraham-baldwin-agricultural-college", waiting until "domcontentloaded"

      1 link(s) @ https://abac.edu/news/2024/09/abraham_baldwin_agricultural_college_leads_usg_in_low-_and_no-cost_course_materials.html  (run=1, sequential=False)
  - 'MATH99': 'Gary D Dicks Abraham Baldwin Agricultural College MATH99 course slides'
      [fetch] error: Page.goto: net::ERR_CERT_DATE_INVALID at https://nge-prod-wp.galileo.usg.edu/articles/colleges-universities/abraham-baldwin-agricultural-college
Call log:
  - navigating to "https://nge-prod-wp.galileo.usg.edu/articles/colleges-universities/abraham-baldwin-agricultural-college", waiting until "domcontentloaded"

      1 link(s) @ https://abac.edu/news/2024/09/abraham_baldwin_agricultural_college_leads_usg_in_low-_and_no-cost_course_materials.html  (run=1, sequential=False)
  - 'TRIG': 'Gary D Dicks Abraham Baldwin Agricultural College TRIG course slides'
  - '1111': 'Gary D Dicks Abraham Baldwin Agricultural College 1111 course slides'
      [fetch] error: Page.goto: net::ERR_CERT_DATE_INVALID at https://nge-prod-wp.galileo.usg.edu/articles/colleges-universities/abraham-baldwin-agricultural-college
Call log:
  - navigating to "https://nge-prod-wp.galileo.usg.edu/articles/colleges-universities/abraham-baldwin-agricultural-college", waiting until "domcontentloaded"


### [math] Robert Bradley — Adelphi University (ratings=48, dept=Mathematics, 8 course(s))
  - 'CALC3': 'Robert Bradley Adelphi University CALC3 course slides'
      1 link(s) @ https://www1.cmc.edu/pages/faculty/ckao/cmc_math_32.pdf  (run=0, sequential=False)
      1 link(s) @ https://www.bradley.edu/wp-content/uploads/MathVideoLinks.pdf  (run=0, sequential=False)
  - 'CALC2': 'Robert Bradley Adelphi University CALC2 course slides'
  - 'MATH243': 'Robert Bradley Adelphi University MATH243 course slides'
      1 link(s) @ https://home.adelphi.edu/~stemkoski/Stemkoski-CV.pdf  (run=0, sequential=False)
  - 'ANALYSIS': 'Robert Bradley Adelphi University ANALYSIS course slides'
      1 link(s) @ https://home.adelphi.edu/~bradley/HOMSIGMAA/newsletter07.pdf  (run=0, sequential=False)
  - 'CALC1A': 'Robert Bradley Adelphi University CALC1A course slides'
  - 'MATH': 'Robert Bradley Adelphi University MATH course slides'
      1 link(s) @ https://home.adelphi.edu/~bradley/HOMSIGMAA/newsletter07.pdf  (run=0, sequential=False)
  - 'MTH361': 'Robert Bradley Adelphi University MTH361 course slides'
  - 'MTH431': 'Robert Bradley Adelphi University MTH431 course slides'
      1 link(s) @ https://home.adelphi.edu/~mathcs/handbook/MCS_student_handbook_fall2024.pdf  (run=0, sequential=False)

### [math] Cheryl Schwiethale — Abilene Christian University (ratings=47, dept=Mathematics, 6 course(s))
  - 'MATH120': 'Cheryl Schwiethale Abilene Christian University MATH120 course slides'
  - 'MATH109': 'Cheryl Schwiethale Abilene Christian University MATH109 course slides'
  - 'MATH237': 'Cheryl Schwiethale Abilene Christian University MATH237 course slides'
      1 link(s) @ https://blogs.acu.edu/reporting/files/2016/01/Org-Chart-11-19-15.pdf  (run=0, sequential=False)
  - '102': 'Cheryl Schwiethale Abilene Christian University 102 course slides'
  - 'MATH238': 'Cheryl Schwiethale Abilene Christian University MATH238 course slides'
  - 'MATW120': 'Cheryl Schwiethale Abilene Christian University MATW120 course slides'

### [math] Lori Pearman — Abraham Baldwin Agricultural College (ratings=47, dept=Mathematics, 8 course(s))
  - 'MATH1111': 'Lori Pearman Abraham Baldwin Agricultural College MATH1111 course slides'
      1 link(s) @ https://abac.edu/news/2024/09/abraham_baldwin_agricultural_college_leads_usg_in_low-_and_no-cost_course_materials.html  (run=1, sequential=False)
      [fetch] error: Page.goto: net::ERR_CERT_DATE_INVALID at https://nge-prod-wp.galileo.usg.edu/articles/colleges-universities/abraham-baldwin-agricultural-college
Call log:
  - navigating to "https://nge-prod-wp.galileo.usg.edu/articles/colleges-universities/abraham-baldwin-agricultural-college", waiting until "domcontentloaded"

  - 'MATH2000': 'Lori Pearman Abraham Baldwin Agricultural College MATH2000 course slides'
      [fetch] error: Page.goto: net::ERR_CERT_DATE_INVALID at https://nge-prod-wp.galileo.usg.edu/articles/colleges-universities/abraham-baldwin-agricultural-college
Call log:
  - navigating to "https://nge-prod-wp.galileo.usg.edu/articles/colleges-universities/abraham-baldwin-agricultural-college", waiting until "domcontentloaded"

      1 link(s) @ https://abac.edu/news/2024/09/abraham_baldwin_agricultural_college_leads_usg_in_low-_and_no-cost_course_materials.html  (run=1, sequential=False)
  - 'STAT2000': 'Lori Pearman Abraham Baldwin Agricultural College STAT2000 course slides'
      1 link(s) @ https://www.abac.edu/directory/profiles/lpearman.html  (run=1, sequential=False)
      1 link(s) @ https://www.abac.edu/directory/index.html  (run=1, sequential=False)
  - 'COLLEGEALGEBRA': 'Lori Pearman Abraham Baldwin Agricultural College COLLEGEALGEBRA course slides'
  - 'MATH1401': 'Lori Pearman Abraham Baldwin Agricultural College MATH1401 course slides'
  - 'MATH2054': 'Lori Pearman Abraham Baldwin Agricultural College MATH2054 course slides'
      1 link(s) @ https://www.abac.edu/directory/index.html  (run=1, sequential=False)
  - 'ALG099': 'Lori Pearman Abraham Baldwin Agricultural College ALG099 course slides'
      1 link(s) @ https://oer.galileo.usg.edu/context/mathematics-collections/article/1036/viewcontent/College_Algebra__ABAC_.pdf  (run=0, sequential=False)
      1 link(s) @ https://www.abac.edu/directory/index.html  (run=1, sequential=False)
      1 link(s) @ https://www.abac.edu/_documents/presidents-office/history-of-abac.pdf  (run=0, sequential=False)
      1 link(s) @ https://www.abac.edu/news/2024/01/fall_2023_achievement_list.html  (run=1, sequential=False)
  - 'CALCII': 'Lori Pearman Abraham Baldwin Agricultural College CALCII course slides'
      1 link(s) @ https://oer.galileo.usg.edu/context/mathematics-collections/article/1036/viewcontent/College_Algebra__ABAC_.pdf  (run=0, sequential=False)
      1 link(s) @ https://www.abac.edu/directory/index.html  (run=1, sequential=False)
      1 link(s) @ https://www.abac.edu/news/2024/01/fall_2023_achievement_list.html  (run=1, sequential=False)
      1 link(s) @ https://www.abac.edu/news/2025/01/2024_fall_achievement_list.html  (run=1, sequential=False)

### [math] Eunkyung You — Abraham Baldwin Agricultural College (ratings=45, dept=Mathematics, 7 course(s))
  - 'MATH1111': 'Eunkyung You Abraham Baldwin Agricultural College MATH1111 course slides'
  - 'MAT1111': 'Eunkyung You Abraham Baldwin Agricultural College MAT1111 course slides'
      [fetch] error: Page.goto: net::ERR_CERT_DATE_INVALID at https://nge-prod-wp.galileo.usg.edu/articles/colleges-universities/abraham-baldwin-agricultural-college
Call log:
  - navigating to "https://nge-prod-wp.galileo.usg.edu/articles/colleges-universities/abraham-baldwin-agricultural-college", waiting until "domcontentloaded"

      1 link(s) @ https://abac.edu/news/2024/09/abraham_baldwin_agricultural_college_leads_usg_in_low-_and_no-cost_course_materials.html  (run=1, sequential=False)
  - 'MATH1112': 'Eunkyung You Abraham Baldwin Agricultural College MATH1112 course slides'
  - 'MATH2053': 'Eunkyung You Abraham Baldwin Agricultural College MATH2053 course slides'
      1 link(s) @ https://ecore.usg.edu/pdf/equivalencies/FY-19/ABAC-SLA-Equivalencies.pdf  (run=0, sequential=False)
  - 'CALC1': 'Eunkyung You Abraham Baldwin Agricultural College CALC1 course slides'
      1 link(s) @ https://www.abac.edu/directory/profiles/eyou.html  (run=1, sequential=False)
  - '1111': 'Eunkyung You Abraham Baldwin Agricultural College 1111 course slides'
  - 'DISCRETE': 'Eunkyung You Abraham Baldwin Agricultural College DISCRETE course slides'
      1 link(s) @ https://tools.abac.edu/Registrar/Catalogs/Archive/2021-2022.pdf  (run=0, sequential=False)
      1 link(s) @ https://www.abac.edu/programs/school-agriculture-natural-resources/bs-agriculture.html  (run=1, sequential=False)

### [math] Roger Regan — Adelphi University (ratings=40, dept=Mathematics, 8 course(s))
  - 'MATH113': 'Roger Regan Adelphi University MATH113 course slides'
      1 link(s) @ https://www.adelphi.edu/registrar/wp-content/uploads/sites/49/2022/12/Fall-2022-Final-Exam-Schedule.pdf  (run=0, sequential=False)
      1 link(s) @ http://diglib.globalcollege.edu.et:8080/xmlui/bitstream/handle/123456789/2612/2016_Book_GuideToDiscreteMathematics.pdf?sequence=1&isAllowed=y  (run=0, sequential=False)
      1 link(s) @ https://www.duny.edu/wp-content/uploads/2014/03/Catalog-11-12_final.pdf  (run=0, sequential=False)
  - 'PRECALC': 'Roger Regan Adelphi University PRECALC course slides'
      1 link(s) @ https://www.adelphi.edu/one-stop/wp-content/uploads/sites/79/2025/11/Fall-2025-Finals-Schedule-MASTER-11262025.pdf  (run=0, sequential=False)
      1 link(s) @ https://www.adelphi.edu/registrar/wp-content/uploads/sites/49/2022/12/Fall-2022-Final-Exam-Schedule.pdf  (run=0, sequential=False)
      1 link(s) @ https://catalog.manhattan.edu/2025_2026_Manhattan_University_Catalog.pdf  (run=0, sequential=False)
      1 link(s) @ https://www.owu.edu/files/resources/20112012catalog.pdf  (run=0, sequential=False)
      1 link(s) @ https://provost.baruch.cuny.edu/wp-content/uploads/sites/5/2017/07/WSAS_Book_For_Website.pdf  (run=0, sequential=False)
      1 link(s) @ https://www.ocean.edu/wp-content/uploads/2022/11/2016-2017_Catalog.pdf  (run=0, sequential=False)
  - 'MATH110': 'Roger Regan Adelphi University MATH110 course slides'
      1 link(s) @ https://www.adelphi.edu/registrar/wp-content/uploads/sites/49/2022/12/Fall-2022-Final-Exam-Schedule.pdf  (run=0, sequential=False)
      1 link(s) @ https://home.cs.colorado.edu/~vaba3353/Abstracts/Abstracts%20Book%20-%20AN16_book.pdf  (run=0, sequential=False)
  - 'MTH110': 'Roger Regan Adelphi University MTH110 course slides'
      12 link(s) @ https://www.adelphi.edu/brand/design/assets-and-templates/powerpoint-google-slides  (run=2, sequential=False)
  - 'MTH113': 'Roger Regan Adelphi University MTH113 course slides'
  - 'PRECA110': 'Roger Regan Adelphi University PRECA110 course slides'
      1 link(s) @ https://www.adelphi.edu/registrar/wp-content/uploads/sites/49/2022/12/Fall-2022-Final-Exam-Schedule.pdf  (run=0, sequential=False)
      [fetch] error: Page.goto: net::ERR_ABORTED at https://libweb.zju.edu.cn/_upload/article/files/2b/99/e38c7ed24f2b89c5ade5e8b62775/06f78d74-6f2e-44fe-b737-365ab240ec86.xls
Call log:
  - navigating to "https://libweb.zju.edu.cn/_upload/article/files/2b/99/e38c7ed24f2b89c5ade5e8b62775/06f78d74-6f2e-44fe-b737-365ab240ec86.xls", waiting until "domcontentloaded"

      1 link(s) @ http://diglib.globalcollege.edu.et:8080/xmlui/bitstream/handle/123456789/2612/2016_Book_GuideToDiscreteMathematics.pdf?sequence=1&isAllowed=y  (run=0, sequential=False)
  - '0144110003': 'Roger Regan Adelphi University 0144110003 course slides'
  - 'STAT': 'Roger Regan Adelphi University STAT course slides'
      1 link(s) @ https://www.adelphi.edu/one-stop/wp-content/uploads/sites/79/2025/11/Fall-2025-Finals-Schedule-MASTER-11262025.pdf  (run=0, sequential=False)
      1 link(s) @ https://my.uopeople.edu/pluginfile.php/57436/mod_book/chapter/197210/CPH4510-Intro_Statistics.pdf  (run=0, sequential=False)
      1 link(s) @ https://archive.math.arizona.edu/jwatkins/statbook.pdf  (run=0, sequential=False)
      [fetch] error: Page.goto: net::ERR_ABORTED at https://www.stjohns.edu/files/june-30-sjc-graduate-bulletin
Call log:
  - navigating to "https://www.stjohns.edu/files/june-30-sjc-graduate-bulletin", waiting until "domcontentloaded"

      1 link(s) @ https://www.owu.edu/files/resources/20112012catalog.pdf  (run=0, sequential=False)
      1 link(s) @ https://catalog.manhattan.edu/2025_2026_Manhattan_University_Catalog.pdf  (run=0, sequential=False)

### [math] Jan Gregus — Abraham Baldwin Agricultural College (ratings=39, dept=Mathematics, 8 course(s))
  - 'MATH1111': 'Jan Gregus Abraham Baldwin Agricultural College MATH1111 course slides'
  - 'MATH1112': 'Jan Gregus Abraham Baldwin Agricultural College MATH1112 course slides'
  - 'MATH99': 'Jan Gregus Abraham Baldwin Agricultural College MATH99 course slides'
  - 'MATH1113': 'Jan Gregus Abraham Baldwin Agricultural College MATH1113 course slides'
  - '2053': 'Jan Gregus Abraham Baldwin Agricultural College 2053 course slides'
      1 link(s) @ https://oer.galileo.usg.edu/context/mathematics-collections/article/1036/viewcontent/College_Algebra__ABAC_.pdf  (run=0, sequential=False)
      [fetch] error: Page.goto: net::ERR_ABORTED at https://taebc.lib.ntnu.edu.tw/sites/default/files/Springer%20Nature%202020%E7%89%88%E6%AC%8A%E5%B9%B4%E8%8B%B1%E6%96%87%E9%9B%BB%E5%AD%90%E6%9B%B8%E9%A9%97%E6%94%B6%E6%B8%85%E5%96%AE20200818.xlsx
Call log:
  - navigating to "https://taebc.lib.ntnu.edu.tw/sites/default/files/Springer%20Nature%202020%E7%89%88%E6%AC%8A%E5%B9%B4%E8%8B%B1%E6%96%87%E9%9B%BB%E5%AD%90%E6%9B%B8%E9%A9%97%E6%94%B6%E6%B8%85%E5%96%AE20200818.xlsx", waiting until "domcontentloaded"

  - '1111': 'Jan Gregus Abraham Baldwin Agricultural College 1111 course slides'
  - 'CO570': 'Jan Gregus Abraham Baldwin Agricultural College CO570 course slides'
      1 link(s) @ https://www.abac.edu/campus_life/get-involved/clubs-organizations.html  (run=1, sequential=False)
      1 link(s) @ https://www.abac.edu/_documents/student-affairs/greek-contact-sheet-f25.pdf  (run=0, sequential=False)
  - 'MATH00970099': 'Jan Gregus Abraham Baldwin Agricultural College MATH00970099 course slides'
      1 link(s) @ https://www.abac.edu/directory/profiles/jgregus.html  (run=1, sequential=False)
      1 link(s) @ https://www.abac.edu/directory/index.html  (run=1, sequential=False)

### [math] John Smallwood — Abilene Christian University (ratings=38, dept=Mathematics, 8 course(s))
  - 'MATH120': 'John Smallwood Abilene Christian University MATH120 course slides'
  - 'MATH124': 'John Smallwood Abilene Christian University MATH124 course slides'
      1 link(s) @ https://blogs.acu.edu/reporting/files/2016/01/Org-Chart-11-19-15.pdf  (run=0, sequential=False)
  - 'MATH130': 'John Smallwood Abilene Christian University MATH130 course slides'
  - 'M130W': 'John Smallwood Abilene Christian University M130W course slides'
  - 'MATW120': 'John Smallwood Abilene Christian University MATW120 course slides'
      1 link(s) @ https://blogs.acu.edu/reporting/files/2016/01/Org-Chart-11-19-15.pdf  (run=0, sequential=False)
  - 'MATH': 'John Smallwood Abilene Christian University MATH course slides'
      1 link(s) @ https://www.dallas.edu/wp-content/uploads/2016/02/2011-2012-Catalog.pdf  (run=0, sequential=False)
  - 'MATH101': 'John Smallwood Abilene Christian University MATH101 course slides'
      1 link(s) @ https://www.wcu.edu/_files/academic-enrichment/UG_Catalog_93_94.pdf  (run=0, sequential=False)
  - 'PRECAL2': 'John Smallwood Abilene Christian University PRECAL2 course slides'

### [math] Melanie Partlow — Abraham Baldwin Agricultural College (ratings=38, dept=Mathematics, 8 course(s))
  - 'MATH1111': 'Melanie Partlow Abraham Baldwin Agricultural College MATH1111 course slides'
  - 'MATH2000': 'Melanie Partlow Abraham Baldwin Agricultural College MATH2000 course slides'
  - 'MATH1113': 'Melanie Partlow Abraham Baldwin Agricultural College MATH1113 course slides'
  - 'MATH2053': 'Melanie Partlow Abraham Baldwin Agricultural College MATH2053 course slides'
      1 link(s) @ https://oer.galileo.usg.edu/context/mathematics-collections/article/1036/viewcontent/College_Algebra__ABAC_.pdf  (run=0, sequential=False)
  - 'MATH1401': 'Melanie Partlow Abraham Baldwin Agricultural College MATH1401 course slides'
  - 'CALC2053': 'Melanie Partlow Abraham Baldwin Agricultural College CALC2053 course slides'
      1 link(s) @ https://oer.galileo.usg.edu/context/mathematics-collections/article/1036/viewcontent/College_Algebra__ABAC_.pdf  (run=0, sequential=False)
  - 'MATH0099': 'Melanie Partlow Abraham Baldwin Agricultural College MATH0099 course slides'
      1 link(s) @ https://oer.galileo.usg.edu/context/mathematics-collections/article/1036/viewcontent/College_Algebra__ABAC_.pdf  (run=0, sequential=False)
  - 'MATH099': 'Melanie Partlow Abraham Baldwin Agricultural College MATH099 course slides'

### [math] Stephanie Holcombe — Abraham Baldwin Agricultural College (ratings=37, dept=Mathematics, 8 course(s))
  - 'MATH1111': 'Stephanie Holcombe Abraham Baldwin Agricultural College MATH1111 course slides'
      [fetch] error: Page.goto: net::ERR_CERT_DATE_INVALID at https://nge-prod-wp.galileo.usg.edu/articles/colleges-universities/abraham-baldwin-agricultural-college
Call log:
  - navigating to "https://nge-prod-wp.galileo.usg.edu/articles/colleges-universities/abraham-baldwin-agricultural-college", waiting until "domcontentloaded"

      1 link(s) @ https://abac.edu/news/2024/09/abraham_baldwin_agricultural_college_leads_usg_in_low-_and_no-cost_course_materials.html  (run=1, sequential=False)
  - 'MATH1112': 'Stephanie Holcombe Abraham Baldwin Agricultural College MATH1112 course slides'
      1 link(s) @ http://catalog.valdosta.edu/pdf/2017-2018.pdf  (run=0, sequential=False)
  - 'MATH99': 'Stephanie Holcombe Abraham Baldwin Agricultural College MATH99 course slides'
      1 link(s) @ https://www.abac.edu/directory/index.html  (run=1, sequential=False)
  - 'MATH': 'Stephanie Holcombe Abraham Baldwin Agricultural College MATH course slides'
  - 'MATH0099': 'Stephanie Holcombe Abraham Baldwin Agricultural College MATH0099 course slides'
  - 'MATH1113': 'Stephanie Holcombe Abraham Baldwin Agricultural College MATH1113 course slides'
      1 link(s) @ https://www.abac.edu/directory/index.html  (run=1, sequential=False)
  - 'MATH97': 'Stephanie Holcombe Abraham Baldwin Agricultural College MATH97 course slides'
  - '1111': 'Stephanie Holcombe Abraham Baldwin Agricultural College 1111 course slides'
      1 link(s) @ https://catalog.wallace.edu/sites/default/files/2008-2009WallaceCatalog.pdf  (run=0, sequential=False)
      1 link(s) @ https://www.kckcc.edu/files/docs/ie/interesting-data-sources/opeid_data.pdf  (run=0, sequential=False)

### [math] Alemtsehai Turasie — Adelphi University (ratings=36, dept=Mathematics, 4 course(s))
  - 'MTH-225': 'Alemtsehai Turasie Adelphi University MTH-225 course slides'
      2 link(s) @ http://people.whitman.edu/~hundledr/courses/M225.html  (run=1, sequential=False)
      1 link(s) @ https://www.adelphi.edu/operations/wp-content/uploads/sites/60/2020/07/Academic-Adelphi.pdf  (run=0, sequential=False)
      1 link(s) @ https://aalexan3.math.ncsu.edu/MA225Fall20Syllabus.pdf  (run=0, sequential=False)
  - 'MTH113': 'Alemtsehai Turasie Adelphi University MTH113 course slides'
      1 link(s) @ http://people.se.cmich.edu/marci1t/113/syllabus113.pdf  (run=0, sequential=False)
      1 link(s) @ https://home.adelphi.edu/~wi16133/mth114/s23/syllabus.pdf  (run=0, sequential=False)
  - 'MTH225-002': 'Alemtsehai Turasie Adelphi University MTH225-002 course slides'
      1 link(s) @ https://www.adelphi.edu/operations/wp-content/uploads/sites/60/2020/07/Academic-Adelphi.pdf  (run=0, sequential=False)
      1 link(s) @ https://home.adelphi.edu/~wi16133/mth114/s23/syllabus.pdf  (run=0, sequential=False)
      1 link(s) @ https://academiccatalog.sju.edu/courses/mat/mat.pdf  (run=0, sequential=False)
  - 'MTH361': 'Alemtsehai Turasie Adelphi University MTH361 course slides'
      1 link(s) @ https://home.adelphi.edu/~wi16133/csc161/f21/syllabus.pdf  (run=0, sequential=False)
      1 link(s) @ https://www.adelphi.edu/registrar/wp-content/uploads/sites/49/2022/12/Fall-2022-Final-Exam-Schedule.pdf  (run=0, sequential=False)
      1 link(s) @ https://academiccatalog.sju.edu/courses/mat/mat.pdf  (run=0, sequential=False)

### [math] Salvatore Giunta — Adelphi University (ratings=34, dept=Mathematics, 8 course(s))
  - 'MTH113': 'Salvatore Giunta Adelphi University MTH113 course slides'
  - 'STATS113': 'Salvatore Giunta Adelphi University STATS113 course slides'
  - 'MATH114': 'Salvatore Giunta Adelphi University MATH114 course slides'
      1 link(s) @ https://sites.rowan.edu/catalogs/_docs/Grad_Catalog_2008.pdf  (run=0, sequential=False)
      1 link(s) @ https://www.scranton.edu/pdf/ugrad_2002-2003.pdf  (run=0, sequential=False)
  - 'MATH144': 'Salvatore Giunta Adelphi University MATH144 course slides'
  - 'MTH140': 'Salvatore Giunta Adelphi University MTH140 course slides'
  - 'STATS114': 'Salvatore Giunta Adelphi University STATS114 course slides'
      1 link(s) @ https://www.adelphi.edu/high-school-students/wp-content/uploads/sites/47/2023/05/Courses-Offered-Adelphi.pdf  (run=0, sequential=False)
  - '0144110': 'Salvatore Giunta Adelphi University 0144110 course slides'
  - '1': 'Salvatore Giunta Adelphi University 1 course slides'
      1 link(s) @ https://home.adelphi.edu/~stemkoski/Stemkoski-CV.pdf  (run=0, sequential=False)
      1 link(s) @ https://www.scranton.edu/pdf/ugrad_2002-2003.pdf  (run=0, sequential=False)

### [math] Alan Koch — Agnes Scott College (ratings=33, dept=Mathematics, 8 course(s))
  - 'MAT115': 'Alan Koch Agnes Scott College MAT115 course slides'
      1 link(s) @ https://dspace.agnesscott.edu/bitstream/123456789/16/1/2015-16AcademicCatalog.pdf  (run=0, sequential=False)
      1 link(s) @ https://dspace.agnesscott.edu/bitstream/123456789/15/1/2013-14%20Catalog%2C%20final.pdf  (run=0, sequential=False)
      1 link(s) @ https://www.stevenson.edu/wp-content/uploads/PDF-VERSION-10-23-25-Stevenson-Online-Undergraduate-Catalog-25-26-saved-on-11-4-2025.pdf  (run=0, sequential=False)
  - 'MAT119': 'Alan Koch Agnes Scott College MAT119 course slides'
  - 'MAT101': 'Alan Koch Agnes Scott College MAT101 course slides'
      1 link(s) @ https://www.agnesscott.edu/assets/documents/catalogs/2020-2021-undergraduate-academic-catalog.pdf  (run=0, sequential=False)
  - 'MAT206': 'Alan Koch Agnes Scott College MAT206 course slides'
  - 'FINITE': 'Alan Koch Agnes Scott College FINITE course slides'
      14 link(s) @ http://sciences-srv.aum.edu/~ywang/colloquia/departmentColloquia.htm  (run=1, sequential=False)
      1 link(s) @ https://dspace.agnesscott.edu/bitstream/123456789/15/1/2013-14%20Catalog%2C%20final.pdf  (run=0, sequential=False)
      1 link(s) @ https://empslocal.ex.ac.uk/people/staff/hj241/Slides-Alan-Koch.pdf  (run=0, sequential=False)
      1 link(s) @ https://nyjm.albany.edu/j/2020/26-58v.pdf  (run=0, sequential=False)
  - 'MATH115': 'Alan Koch Agnes Scott College MATH115 course slides'
      1 link(s) @ https://lsa.umich.edu/content/dam/math-assets/math-document/coursedescriptions/Fall15GradCourseDescriptions.pdf  (run=0, sequential=False)
      1 link(s) @ https://www.adrian.edu/files/assets/2023-2024adriancollegegraduatecatalog8.14.2023final.pdf  (run=0, sequential=False)
  - 'ABSALG': 'Alan Koch Agnes Scott College ABSALG course slides'
      1 link(s) @ https://people.math.harvard.edu/~kochs/KPS.pdf  (run=0, sequential=False)
      1 link(s) @ https://www.admin.ces.funai.edu.ng/textbooks/uploaded-files/_pdfs/An_Invitation_To_Algebraic_Geometry.pdf  (run=0, sequential=False)
  - 'FYS190': 'Alan Koch Agnes Scott College FYS190 course slides'

### [math] Traci Yandell — Abilene Christian University (ratings=32, dept=Mathematics, 8 course(s))
  - 'MATH123': 'Traci Yandell Abilene Christian University MATH123 course slides'
  - 'MATH019': 'Traci Yandell Abilene Christian University MATH019 course slides'
      1 link(s) @ https://pillars.taylor.edu/context/acms-2013/article/1011/viewcontent/ACMS_Proceedings_2013_Full_Scan.pdf  (run=0, sequential=False)
  - 'MATW019': 'Traci Yandell Abilene Christian University MATW019 course slides'
  - 'BASICMATH': 'Traci Yandell Abilene Christian University BASICMATH course slides'
  - 'Math120': 'Traci Yandell Abilene Christian University Math120 course slides'
  - 'MATH130': 'Traci Yandell Abilene Christian University MATH130 course slides'
      1 link(s) @ https://my.tlu.edu/ICS/icsfs/1718_Catalog_Final_Draft.pdf?target=afd0f383-3d59-488a-b8a3-914388ce99c2  (run=0, sequential=False)
  - 'MATW01901': 'Traci Yandell Abilene Christian University MATW01901 course slides'
  - 'MATH019.01': 'Traci Yandell Abilene Christian University MATH019.01 course slides'

### [math] April Abbott — Abraham Baldwin Agricultural College (ratings=31, dept=Mathematics, 8 course(s))
  - 'MATH1111': 'April Abbott Abraham Baldwin Agricultural College MATH1111 course slides'
  - 'MATH1001': 'April Abbott Abraham Baldwin Agricultural College MATH1001 course slides'
      1 link(s) @ https://www.gsw.edu/registrar/bulletin/Undergraduate/2020-2021_Undergraduate.pdf  (run=0, sequential=False)
      1 link(s) @ https://sites.highlands.edu/office-of-the-provosts/wp-content/uploads/sites/30/2017/11/4-07bc07d1cfab9ee-catalog1011.pdf?v=2  (run=0, sequential=False)
  - 'MATHMATH': 'April Abbott Abraham Baldwin Agricultural College MATHMATH course slides'
      1 link(s) @ https://www.abac.edu/_documents/presidents-office/history-of-abac.pdf  (run=0, sequential=False)
      1 link(s) @ https://www.abac.edu/_documents/foundation/2022-2023-foundation-annual-report.pdf  (run=0, sequential=False)
  - 'COLLEGEALGEBRA': 'April Abbott Abraham Baldwin Agricultural College COLLEGEALGEBRA course slides'
      1 link(s) @ https://www.abac.edu/_documents/presidents-office/history-of-abac.pdf  (run=0, sequential=False)
  - 'MATH0097': 'April Abbott Abraham Baldwin Agricultural College MATH0097 course slides'
      1 link(s) @ https://sites.highlands.edu/office-of-the-provost/wp-content/uploads/sites/30/2017/11/4-71c08723375f53c-Catalog02292012.pdf?v=2  (run=0, sequential=False)
      1 link(s) @ https://sites.highlands.edu/office-of-the-provost/wp-content/uploads/sites/30/2020/10/GHC_CATALOG_2014-2015.pdf?v=2  (run=0, sequential=False)
      [fetch] error: Page.goto: net::ERR_ABORTED at https://digitalcollections.library.gsu.edu/digital/api/collection/gpc/id/4586/download
Call log:
  - navigating to "https://digitalcollections.library.gsu.edu/digital/api/collection/gpc/id/4586/download", waiting until "domcontentloaded"

      1 link(s) @ https://sites.highlands.edu/office-of-the-provost/wp-content/uploads/sites/30/2017/11/4-ad843136546c60d-CompletedGHCCATALOG2015-2016NURSchange1-11-16.pdf?v=2  (run=0, sequential=False)
      1 link(s) @ https://sites.highlands.edu/office-of-the-provost/wp-content/uploads/sites/30/2017/11/4-81e443eb4bec54f-2008-2009.pdf  (run=0, sequential=False)
  - 'MATH097': 'April Abbott Abraham Baldwin Agricultural College MATH097 course slides'
  - 'MATH1101': 'April Abbott Abraham Baldwin Agricultural College MATH1101 course slides'
      1 link(s) @ https://www.cscc.edu/academics/catalog/pdf/CSCC_Catalog_2018_2019.pdf  (run=0, sequential=False)
  - 'MATH2008': 'April Abbott Abraham Baldwin Agricultural College MATH2008 course slides'
      1 link(s) @ http://sa.ccga.edu/Catalog2016/displayfunc/2016-2017_Catalog.pdf  (run=0, sequential=False)
      1 link(s) @ https://catalogs.gsu.edu/mime/media/6/8192/2008-2010+Georgia+Perimeter+College+Catalog.pdf  (run=0, sequential=False)
      1 link(s) @ https://sites.highlands.edu/office-of-the-provost/wp-content/uploads/sites/30/2019/05/GHC-CATALOG-2018-2019.pdf  (run=0, sequential=False)
      1 link(s) @ https://digitalcommons.georgiasouthern.edu/2015.2.html  (run=0, sequential=False)
      1 link(s) @ https://www.gsw.edu/registrar/bulletin/Undergraduate/2018-2019_Undergraduate.pdf  (run=0, sequential=False)

### [math] Katie Wick — Abilene Christian University (ratings=31, dept=Mathematics, 6 course(s))
  - 'ECON260': 'Katie Wick Abilene Christian University ECON260 course slides'
  - 'ECON261': 'Katie Wick Abilene Christian University ECON261 course slides'
  - '260MARCO': 'Katie Wick Abilene Christian University 260MARCO course slides'
  - 'ECON260ECON261': 'Katie Wick Abilene Christian University ECON260ECON261 course slides'
  - 'ECON238': 'Katie Wick Abilene Christian University ECON238 course slides'
  - 'ECON312': 'Katie Wick Abilene Christian University ECON312 course slides'
      1 link(s) @ https://departments.central.edu/registrar/files/2025/08/2025-26-Catalog.pdf  (run=0, sequential=False)

### [math] Connie Yarema — Abilene Christian University (ratings=30, dept=Mathematics, 8 course(s))
  - 'MATH120': 'Connie Yarema Abilene Christian University MATH120 course slides'
      1 link(s) @ https://blogs.acu.edu/reporting/files/2016/01/Org-Chart-11-19-15.pdf  (run=0, sequential=False)
  - 'MATH117': 'Connie Yarema Abilene Christian University MATH117 course slides'
      1 link(s) @ https://blogs.acu.edu/reporting/files/2016/01/Org-Chart-11-19-15.pdf  (run=0, sequential=False)
  - 'MATH': 'Connie Yarema Abilene Christian University MATH course slides'
  - '640': 'Connie Yarema Abilene Christian University 640 course slides'
      1 link(s) @ https://blogs.acu.edu/reporting/files/2016/01/Org-Chart-11-19-15.pdf  (run=0, sequential=False)
  - 'ELEMEDMATH': 'Connie Yarema Abilene Christian University ELEMEDMATH course slides'
  - 'MATH01': 'Connie Yarema Abilene Christian University MATH01 course slides'
      1 link(s) @ https://blogs.acu.edu/reporting/files/2016/01/Org-Chart-11-19-15.pdf  (run=0, sequential=False)
  - 'MATH110': 'Connie Yarema Abilene Christian University MATH110 course slides'
      1 link(s) @ https://blogs.acu.edu/reporting/files/2016/01/Org-Chart-11-19-15.pdf  (run=0, sequential=False)
  - 'MATH147': 'Connie Yarema Abilene Christian University MATH147 course slides'

### [math] Jim Wiseman — Agnes Scott College (ratings=29, dept=Mathematics, 8 course(s))
  - 'MAT118': 'Jim Wiseman Agnes Scott College MAT118 course slides'
      1 link(s) @ https://www.agnesscott.edu/assets/documents/catalogs/2025-2026undergraduatecatalog.pdf  (run=0, sequential=False)
      1 link(s) @ https://www.agnesscott.edu/assets/documents/catalogs/2023-2024-undergraduate-academic-catalog.pdf  (run=0, sequential=False)
      1 link(s) @ https://dspace.agnesscott.edu/bitstream/123456789/15/1/2013-14%20Catalog%2C%20final.pdf  (run=0, sequential=False)
  - 'MAT220': 'Jim Wiseman Agnes Scott College MAT220 course slides'
  - 'MATH118': 'Jim Wiseman Agnes Scott College MATH118 course slides'
      1 link(s) @ https://dspace.agnesscott.edu/bitstream/123456789/413/1/Faculty_meeting_minutes_2019.pdf  (run=0, sequential=False)
      1 link(s) @ https://www.roanoke.edu/documents/registrar/Academic%20Catalog%202018-2019%201.24.19.pdf  (run=0, sequential=False)
  - 'MAT119': 'Jim Wiseman Agnes Scott College MAT119 course slides'
      1 link(s) @ https://dspace.agnesscott.edu/bitstream/123456789/15/1/2013-14%20Catalog%2C%20final.pdf  (run=0, sequential=False)
      1 link(s) @ https://www.agnesscott.edu/assets/documents/catalogs/2025-2026undergraduatecatalog.pdf  (run=0, sequential=False)
      1 link(s) @ https://www.agnesscott.edu/assets/documents/catalogs/2023-2024-undergraduate-academic-catalog.pdf  (run=0, sequential=False)
      1 link(s) @ https://www.agnesscott.edu/assets/documents/catalogs/2021-2022-undergraduate-academic-catalog.pdf  (run=0, sequential=False)
  - 'MAT115': 'Jim Wiseman Agnes Scott College MAT115 course slides'
      1 link(s) @ https://dspace.agnesscott.edu/bitstream/123456789/16/1/2015-16AcademicCatalog.pdf  (run=0, sequential=False)
      1 link(s) @ https://dspace.agnesscott.edu/bitstream/123456789/15/1/2013-14%20Catalog%2C%20final.pdf  (run=0, sequential=False)
      1 link(s) @ https://www.agnesscott.edu/assets/documents/catalogs/2019-2020-undergraduate-academic-catalog.pdf  (run=0, sequential=False)
      1 link(s) @ https://www.agnesscott.edu/assets/documents/catalogs/2025-2026undergraduatecatalog.pdf  (run=0, sequential=False)
  - 'MATH119': 'Jim Wiseman Agnes Scott College MATH119 course slides'
      1 link(s) @ https://www.maths.cam.ac.uk/postgrad/files/descriptions.pdf  (run=0, sequential=False)
      1 link(s) @ https://www.roanoke.edu/documents/registrar/Academic%20Catalog%202018-2019%201.24.19.pdf  (run=0, sequential=False)
      1 link(s) @ https://www.gcc.edu/Portals/0/2020-21-Catalog.pdf  (run=0, sequential=False)
  - 'CACULUS': 'Jim Wiseman Agnes Scott College CACULUS course slides'
      1 link(s) @ https://dspace.agnesscott.edu/bitstream/123456789/15/1/2013-14%20Catalog%2C%20final.pdf  (run=0, sequential=False)
      1 link(s) @ https://www.agnesscott.edu/assets/documents/catalogs/2024-2025undergraduateacademiccatalog.pdf  (run=0, sequential=False)
  - 'CALC119': 'Jim Wiseman Agnes Scott College CALC119 course slides'
      [fetch] error: Page.goto: net::ERR_ABORTED at https://cutn.ac.in/wp-content/uploads/2023/01/Library_Resources-Education_30012023.xlsx
Call log:
  - navigating to "https://cutn.ac.in/wp-content/uploads/2023/01/Library_Resources-Education_30012023.xlsx", waiting until "domcontentloaded"


### [math] Thomas Bannon — Adelphi University (ratings=29, dept=Mathematics, 8 course(s))
  - 'STAT113': 'Thomas Bannon Adelphi University STAT113 course slides'
  - 'CALC1B': 'Thomas Bannon Adelphi University CALC1B course slides'
  - 'CALC2': 'Thomas Bannon Adelphi University CALC2 course slides'
  - 'MTH113': 'Thomas Bannon Adelphi University MTH113 course slides'
  - 'STATS0144': 'Thomas Bannon Adelphi University STATS0144 course slides'
  - '0144': 'Thomas Bannon Adelphi University 0144 course slides'
  - '113': 'Thomas Bannon Adelphi University 113 course slides'
      1 link(s) @ https://www.webster.edu/catalog/documents/catalog-archives/graduate/2025-2026-graduate-catalog.pdf  (run=0, sequential=False)
  - 'CALC142': 'Thomas Bannon Adelphi University CALC142 course slides'

### [math] William Quirin — Adelphi University (ratings=28, dept=Mathematics, 8 course(s))
  - 'CSC156': 'William Quirin Adelphi University CSC156 course slides'
  - 'VARIOUS': 'William Quirin Adelphi University VARIOUS course slides'
      1 link(s) @ https://www.adelphi.edu/one-stop/wp-content/uploads/sites/79/2025/03/Graduate-Bulletin-2001-2002.pdf  (run=0, sequential=False)
      1 link(s) @ https://www.adelphi.edu/registrar/wp-content/uploads/sites/49/2022/12/Fall-2022-Final-Exam-Schedule.pdf  (run=0, sequential=False)
      1 link(s) @ https://www.adelphi.edu/one-stop/wp-content/uploads/sites/79/2025/03/2010-2011-Bulletin.pdf  (run=0, sequential=False)
      1 link(s) @ https://www.adelphi.edu/one-stop/wp-content/uploads/sites/79/2025/03/Undergraduate-Bulletin-2007-2009.pdf  (run=0, sequential=False)
      1 link(s) @ https://www.adelphi.edu/registrar/wp-content/uploads/sites/49/2021/07/Graduate-Bulletin-2008-2010.pdf  (run=0, sequential=False)
  - 'MATH': 'William Quirin Adelphi University MATH course slides'
      1 link(s) @ https://www.adelphi.edu/one-stop/wp-content/uploads/sites/79/2025/03/Graduate-Bulletin-2001-2002.pdf  (run=0, sequential=False)
      1 link(s) @ https://www.adelphi.edu/one-stop/wp-content/uploads/sites/79/2025/03/Graduate-Bulletin-2002-2004.pdf  (run=0, sequential=False)
      1 link(s) @ https://www.adelphi.edu/one-stop/wp-content/uploads/sites/79/2025/03/Undergraduate-Bulletin-2003-2005.pdf  (run=0, sequential=False)
      1 link(s) @ https://www.adelphi.edu/one-stop/wp-content/uploads/sites/79/2025/03/Undergraduate-Bulletin-2001-2003.pdf  (run=0, sequential=False)
      1 link(s) @ https://www.adelphi.edu/one-stop/wp-content/uploads/sites/79/2025/03/2010-2011-Bulletin.pdf  (run=0, sequential=False)
  - 'MATH361': 'William Quirin Adelphi University MATH361 course slides'
      1 link(s) @ https://www.adelphi.edu/registrar/wp-content/uploads/sites/49/2020/06/Spring-2020-Exam-Schedule.pdf  (run=0, sequential=False)
      1 link(s) @ https://www.adelphi.edu/one-stop/wp-content/uploads/sites/79/2025/03/Undergraduate-Bulletin-2001-2003.pdf  (run=0, sequential=False)
      1 link(s) @ https://www.adelphi.edu/registrar/wp-content/uploads/sites/49/2022/05/Spring-2022-Final-Exam-Schedule-05102022.pdf  (run=0, sequential=False)
      1 link(s) @ https://www.adelphi.edu/one-stop/wp-content/uploads/sites/79/2025/03/Undergraduate-Bulletin-2003-2005.pdf  (run=0, sequential=False)
      1 link(s) @ https://www.adelphi.edu/registrar/wp-content/uploads/sites/49/2022/12/Fall-2022-Final-Exam-Schedule.pdf  (run=0, sequential=False)
  - 'MTH361': 'William Quirin Adelphi University MTH361 course slides'
      1 link(s) @ https://www.adelphi.edu/registrar/wp-content/uploads/sites/49/2020/06/Spring-2020-Exam-Schedule.pdf  (run=0, sequential=False)
      1 link(s) @ https://www.adelphi.edu/one-stop/wp-content/uploads/sites/79/2025/03/Undergraduate-Bulletin-2003-2005.pdf  (run=0, sequential=False)
      1 link(s) @ https://www.adelphi.edu/registrar/wp-content/uploads/sites/49/2022/12/Fall-2022-Final-Exam-Schedule.pdf  (run=0, sequential=False)
      1 link(s) @ https://www.adelphi.edu/one-stop/wp-content/uploads/sites/79/2025/03/Undergraduate-Bulletin-2005-2007.pdf  (run=0, sequential=False)
      1 link(s) @ https://www.adelphi.edu/one-stop/wp-content/uploads/sites/79/2025/03/Undergraduate-Bulletin-2007-2009.pdf  (run=0, sequential=False)
  - 'ABSALGEBRA': 'William Quirin Adelphi University ABSALGEBRA course slides'
      1 link(s) @ https://home.adelphi.edu/~wi16133/csc156/s26/syllabus.pdf  (run=0, sequential=False)
  - 'ABSTALG': 'William Quirin Adelphi University ABSTALG course slides'
      1 link(s) @ https://www.adelphi.edu/registrar/wp-content/uploads/sites/49/2020/06/Spring-2020-Exam-Schedule.pdf  (run=0, sequential=False)
      1 link(s) @ https://www.adelphi.edu/registrar/wp-content/uploads/sites/49/2022/12/Fall-2022-Final-Exam-Schedule.pdf  (run=0, sequential=False)
  - 'ABSTRACT': 'William Quirin Adelphi University ABSTRACT course slides'
      1 link(s) @ https://www.adelphi.edu/one-stop/wp-content/uploads/sites/79/2025/03/Graduate-Bulletin-2001-2002.pdf  (run=0, sequential=False)
      1 link(s) @ https://www.adelphi.edu/one-stop/wp-content/uploads/sites/79/2025/03/Undergraduate-Bulletin-2007-2009.pdf  (run=0, sequential=False)
      1 link(s) @ https://www.adelphi.edu/registrar/wp-content/uploads/sites/49/2022/12/Fall-2022-Final-Exam-Schedule.pdf  (run=0, sequential=False)
      1 link(s) @ https://home.adelphi.edu/~mathcs/MCS_student_handbook_current.pdf  (run=0, sequential=False)

### [math] Zachary Pournazari — Adelphi University (ratings=28, dept=Mathematics, 3 course(s))
  - '113': 'Zachary Pournazari Adelphi University 113 course slides'
      1 link(s) @ https://www.adelphi.edu/registrar/wp-content/uploads/sites/49/2020/06/Spring-2020-Exam-Schedule.pdf  (run=0, sequential=False)
      1 link(s) @ https://www.adelphi.edu/Adelphi-Magazine/Adelphi-Magazine-Fall-2006.pdf  (run=0, sequential=False)
      1 link(s) @ https://www.adelphi.edu/one-stop/wp-content/uploads/sites/79/2025/11/Fall-2025-Finals-Schedule-MASTER-11262025.pdf  (run=0, sequential=False)
      1 link(s) @ https://www.adelphi.edu/registrar/wp-content/uploads/sites/49/2022/12/Fall-2022-Final-Exam-Schedule.pdf  (run=0, sequential=False)
  - 'CSC137': 'Zachary Pournazari Adelphi University CSC137 course slides'
      12 link(s) @ https://www.adelphi.edu/brand/design/assets-and-templates/powerpoint-google-slides  (run=2, sequential=False)
  - 'CSC387': 'Zachary Pournazari Adelphi University CSC387 course slides'
      1 link(s) @ https://www.adelphi.edu/registrar/wp-content/uploads/sites/49/2022/12/Fall-2022-Final-Exam-Schedule.pdf  (run=0, sequential=False)
      1 link(s) @ https://www.adelphi.edu/registrar/wp-content/uploads/sites/49/2020/06/Spring-2020-Exam-Schedule.pdf  (run=0, sequential=False)

### [math] Antonio Sanchez — Adelphi University (ratings=26, dept=Mathematics, 2 course(s))
  - 'MTH113': 'Antonio Sanchez Adelphi University MTH113 course slides'
      1 link(s) @ https://www.adelphi.edu/one-stop/wp-content/uploads/sites/79/2025/03/Graduate-Bulletin-2000-2001.pdf  (run=0, sequential=False)
      1 link(s) @ https://www.adelphi.edu/one-stop/wp-content/uploads/sites/79/2025/11/Fall-2025-Finals-Schedule-MASTER-11262025.pdf  (run=0, sequential=False)
  - 'STAT114': 'Antonio Sanchez Adelphi University STAT114 course slides'
      12 link(s) @ https://www.adelphi.edu/brand/design/assets-and-templates/powerpoint-google-slides  (run=2, sequential=False)

### [math] Buddhi Pantha — Abraham Baldwin Agricultural College (ratings=26, dept=Mathematics, 8 course(s))
  - 'MATH1111': 'Buddhi Pantha Abraham Baldwin Agricultural College MATH1111 course slides'
  - 'MATH1401': 'Buddhi Pantha Abraham Baldwin Agricultural College MATH1401 course slides'
      1 link(s) @ https://oer.galileo.usg.edu/context/mathematics-collections/article/1036/viewcontent/College_Algebra__ABAC_.pdf  (run=0, sequential=False)
  - 'MATH1100': 'Buddhi Pantha Abraham Baldwin Agricultural College MATH1100 course slides'
  - 'BIOL3000': 'Buddhi Pantha Abraham Baldwin Agricultural College BIOL3000 course slides'
  - 'MATH2054': 'Buddhi Pantha Abraham Baldwin Agricultural College MATH2054 course slides'
      1 link(s) @ https://apps.abac.edu/registrar/Catalogs/Archive/2022-2023.pdf  (run=0, sequential=False)
  - 'BIOL300P': 'Buddhi Pantha Abraham Baldwin Agricultural College BIOL300P course slides'
      1 link(s) @ https://www.abac.edu/academics/bainbridge.html  (run=0, sequential=False)
      1 link(s) @ https://tools.abac.edu/Registrar/Catalogs/Archive/2021-2022.pdf  (run=0, sequential=False)
  - 'MATH2000': 'Buddhi Pantha Abraham Baldwin Agricultural College MATH2000 course slides'
  - 'MATH2055': 'Buddhi Pantha Abraham Baldwin Agricultural College MATH2055 course slides'

### [math] David Lubell — Adelphi University (ratings=26, dept=Mathematics, 8 course(s))
  - 'MATH': 'David Lubell Adelphi University MATH course slides'
  - 'VARIOUS': 'David Lubell Adelphi University VARIOUS course slides'
  - 'ALLMATHCOUSES': 'David Lubell Adelphi University ALLMATHCOUSES course slides'
      12 link(s) @ https://www.adelphi.edu/brand/design/assets-and-templates/powerpoint-google-slides  (run=2, sequential=False)
  - 'CALC000': 'David Lubell Adelphi University CALC000 course slides'
      1 link(s) @ https://www.adelphi.edu/one-stop/wp-content/uploads/sites/79/2025/03/Graduate-Bulletin-2000-2001.pdf  (run=0, sequential=False)
      1 link(s) @ https://www.adelphi.edu/one-stop/wp-content/uploads/sites/79/2025/03/Undergraduate-Bulletin-2007-2009.pdf  (run=0, sequential=False)
      1 link(s) @ https://www.adelphi.edu/registrar/wp-content/uploads/sites/49/2021/07/Graduate-Bulletin-2008-2010.pdf  (run=0, sequential=False)
  - 'CALC0144': 'David Lubell Adelphi University CALC0144 course slides'
  - 'CALC1B': 'David Lubell Adelphi University CALC1B course slides'
  - 'CSC156': 'David Lubell Adelphi University CSC156 course slides'
      1 link(s) @ https://www.adelphi.edu/one-stop/wp-content/uploads/sites/79/2025/03/Undergraduate-Bulletin-2003-2005.pdf  (run=0, sequential=False)
      1 link(s) @ https://www.adelphi.edu/one-stop/wp-content/uploads/sites/79/2025/03/2010-2011-Bulletin.pdf  (run=0, sequential=False)
      1 link(s) @ https://www.adelphi.edu/one-stop/wp-content/uploads/sites/79/2025/03/Undergraduate-Bulletin-2007-2009.pdf  (run=0, sequential=False)
      1 link(s) @ https://www.adelphi.edu/one-stop/wp-content/uploads/sites/79/2025/03/Undergraduate-Bulletin-2005-2007.pdf  (run=0, sequential=False)
  - 'DISC156': 'David Lubell Adelphi University DISC156 course slides'
      1 link(s) @ https://home.adelphi.edu/~wi16133/csc156/s26/syllabus.pdf  (run=0, sequential=False)
      12 link(s) @ https://www.adelphi.edu/brand/design/assets-and-templates/powerpoint-google-slides  (run=2, sequential=False)

### [math] Jerome Myricks — Albany State University (ratings=26, dept=Mathematics, 8 course(s))
  - 'MATH1111': 'Jerome Myricks Albany State University MATH1111 course slides'
      1 link(s) @ https://www.asurams.edu/academic-affairs/learning-centers/Fall%202024%20Study%20Table%20Room%20Assignments%20083024.pdf  (run=0, sequential=False)
      [fetch] error: Page.goto: net::ERR_ABORTED at https://digitalcollections.library.gsu.edu/digital/api/collection/gpc/id/4980/download
Call log:
  - navigating to "https://digitalcollections.library.gsu.edu/digital/api/collection/gpc/id/4980/download", waiting until "domcontentloaded"

  - 'MATH1113': 'Jerome Myricks Albany State University MATH1113 course slides'
      1 link(s) @ https://www.asurams.edu/academic-affairs/learning-centers/Fall%202024%20Study%20Table%20Room%20Assignments%20083024.pdf  (run=0, sequential=False)
      [fetch] error: Page.goto: net::ERR_ABORTED at https://digitalcollections.library.gsu.edu/digital/api/collection/gpc/id/4980/download
Call log:
  - navigating to "https://digitalcollections.library.gsu.edu/digital/api/collection/gpc/id/4980/download", waiting until "domcontentloaded"

  - 'MATH1011': 'Jerome Myricks Albany State University MATH1011 course slides'
  - 'STATISTICS': 'Jerome Myricks Albany State University STATISTICS course slides'
      1 link(s) @ https://www.asurams.edu/academic-affairs/learning-centers/Fall%202024%20Study%20Table%20Room%20Assignments%20083024.pdf  (run=0, sequential=False)
      1 link(s) @ https://www.asurams.edu/academic-affairs/cur/cur-conference/14-undergraduate-research-symposium.pdf  (run=0, sequential=False)
      1 link(s) @ https://www.asurams.edu/academic-affairs/cur/12-synposium-program.pdf  (run=0, sequential=False)
      1 link(s) @ https://www.asurams.edu/academic-affairs/cur/2024-undergraduate-research-proposal-symposium-program.pdf  (run=0, sequential=False)
      [fetch] error: Page.goto: net::ERR_ABORTED at https://digitalcollections.library.gsu.edu/digital/api/collection/gpc/id/4980/download
Call log:
  - navigating to "https://digitalcollections.library.gsu.edu/digital/api/collection/gpc/id/4980/download", waiting until "domcontentloaded"

  - 'MATH2411': 'Jerome Myricks Albany State University MATH2411 course slides'
      1 link(s) @ https://www.asurams.edu/academic-affairs/learning-centers/Fall%202024%20Study%20Table%20Room%20Assignments%20083024.pdf  (run=0, sequential=False)
  - 'MATH1211': 'Jerome Myricks Albany State University MATH1211 course slides'
      1 link(s) @ https://www.asurams.edu/academic-affairs/college-of-arts-sciences/mathematics-computer_science-physics/facultystaff10323.pdf  (run=0, sequential=False)
      1 link(s) @ https://www.asurams.edu/academic-affairs/college-of-arts-sciences/mathematics-computer_science-physics/Faculty-Staff%20page%20Updated.pdf  (run=0, sequential=False)
      1 link(s) @ https://www.asurams.edu/academic-affairs/learning-centers/Fall%202024%20Study%20Table%20Room%20Assignments%20083024.pdf  (run=0, sequential=False)
  - 'MATH2': 'Jerome Myricks Albany State University MATH2 course slides'
  - 'MATH2008': 'Jerome Myricks Albany State University MATH2008 course slides'

### [math] Onsy Elshamy — Adelphi University (ratings=26, dept=Mathematics, 8 course(s))
  - 'CSC170': 'Onsy Elshamy Adelphi University CSC170 course slides'
      1 link(s) @ https://www.adelphi.edu/registrar/wp-content/uploads/sites/49/2020/06/Spring-2020-Exam-Schedule.pdf  (run=0, sequential=False)
      1 link(s) @ https://www.adelphi.edu/registrar/wp-content/uploads/sites/49/2022/12/Fall-2022-Final-Exam-Schedule.pdf  (run=0, sequential=False)
  - 'MAT110': 'Onsy Elshamy Adelphi University MAT110 course slides'
      1 link(s) @ https://www.adelphi.edu/high-school-students/wp-content/uploads/sites/47/2023/05/Courses-Offered-Adelphi.pdf  (run=0, sequential=False)
      1 link(s) @ https://www.amu.apus.edu/docs/shared/course-syllabus/MATH110.pdf  (run=0, sequential=False)
      12 link(s) @ https://www.adelphi.edu/brand/design/assets-and-templates/powerpoint-google-slides  (run=2, sequential=False)
  - 'MTH113': 'Onsy Elshamy Adelphi University MTH113 course slides'
      12 link(s) @ https://www.adelphi.edu/brand/design/assets-and-templates/powerpoint-google-slides  (run=2, sequential=False)
  - 'MTH114': 'Onsy Elshamy Adelphi University MTH114 course slides'
  - 'STATISTICS': 'Onsy Elshamy Adelphi University STATISTICS course slides'
      1 link(s) @ https://www.adelphi.edu/registrar/wp-content/uploads/sites/49/2020/06/Spring-2020-Exam-Schedule.pdf  (run=0, sequential=False)
      1 link(s) @ https://www.adelphi.edu/one-stop/wp-content/uploads/sites/79/2025/11/Fall-2025-Finals-Schedule-MASTER-11262025.pdf  (run=0, sequential=False)
      1 link(s) @ https://www.adelphi.edu/pdfs/Catalyst_Sp2015.pdf  (run=0, sequential=False)
  - 'MAT113': 'Onsy Elshamy Adelphi University MAT113 course slides'
      12 link(s) @ https://www.adelphi.edu/brand/design/assets-and-templates/powerpoint-google-slides  (run=2, sequential=False)
  - 'MATH114': 'Onsy Elshamy Adelphi University MATH114 course slides'
      1 link(s) @ https://www.adelphi.edu/registrar/wp-content/uploads/sites/49/2020/06/Spring-2020-Exam-Schedule.pdf  (run=0, sequential=False)
      1 link(s) @ https://www.adelphi.edu/registrar/wp-content/uploads/sites/49/2022/12/Fall-2022-Final-Exam-Schedule.pdf  (run=0, sequential=False)
  - 'MTH010': 'Onsy Elshamy Adelphi University MTH010 course slides'
      1 link(s) @ https://www.adelphi.edu/registrar/wp-content/uploads/sites/49/2020/06/Spring-2020-Exam-Schedule.pdf  (run=0, sequential=False)
      1 link(s) @ https://www.adelphi.edu/registrar/wp-content/uploads/sites/49/2022/12/Fall-2022-Final-Exam-Schedule.pdf  (run=0, sequential=False)

### [math] David Hendricks — Abilene Christian University (ratings=25, dept=Mathematics, 7 course(s))
  - 'MATH123': 'David Hendricks Abilene Christian University MATH123 course slides'
  - 'MATH120': 'David Hendricks Abilene Christian University MATH120 course slides'
  - 'MATH227': 'David Hendricks Abilene Christian University MATH227 course slides'
  - 'MATH109': 'David Hendricks Abilene Christian University MATH109 course slides'
      1 link(s) @ https://artsci.tamu.edu/mathematics/_files/_docs/_conferences/meetings.pdf  (run=0, sequential=False)
  - 'MATH130': 'David Hendricks Abilene Christian University MATH130 course slides'
      1 link(s) @ https://digitalcommons.wofford.edu/context/catalogues/article/1112/viewcontent/1989_91Catalogue.pdf  (run=0, sequential=False)
  - 'MATH124': 'David Hendricks Abilene Christian University MATH124 course slides'
      1 link(s) @ https://blogs.acu.edu/reporting/files/2016/01/Org-Chart-11-19-15.pdf  (run=0, sequential=False)
  - 'MATH377': 'David Hendricks Abilene Christian University MATH377 course slides'

### [math] Anthony Giangrasso — Adelphi University (ratings=24, dept=Mathematics, 8 course(s))
  - 'MTH113': 'Anthony Giangrasso Adelphi University MTH113 course slides'
  - 'MAT113': 'Anthony Giangrasso Adelphi University MAT113 course slides'
  - 'STATISTICS': 'Anthony Giangrasso Adelphi University STATISTICS course slides'
      1 link(s) @ https://mcl.as.uky.edu/sites/default/files/2014%20NCUR%20Program%20FINAL%20FINAL%20FINAL%20DKER%281%29.pdf  (run=0, sequential=False)
      1 link(s) @ https://www.stevenson.edu/wp-content/uploads/graduate-catalog-2014.pdf  (run=0, sequential=False)
      1 link(s) @ https://www.laguardia.edu/uploadedfiles/main_site/content/academics/catalog/pdfs/2009-2010-catalog.pdf  (run=0, sequential=False)
  - 'STATS114': 'Anthony Giangrasso Adelphi University STATS114 course slides'
  - 'MATH113': 'Anthony Giangrasso Adelphi University MATH113 course slides'
  - 'MATHSTAT': 'Anthony Giangrasso Adelphi University MATHSTAT course slides'
      12 link(s) @ https://www.adelphi.edu/brand/design/assets-and-templates/powerpoint-google-slides  (run=2, sequential=False)
  - 'PRECALC': 'Anthony Giangrasso Adelphi University PRECALC course slides'
  - 'STAT': 'Anthony Giangrasso Adelphi University STAT course slides'
      1 link(s) @ https://www.laguardia.edu/uploadedfiles/main_site/content/academics/catalog/pdfs/2009-2010-catalog.pdf  (run=0, sequential=False)

### [math] Avijit Kar — Abraham Baldwin Agricultural College (ratings=24, dept=Mathematics, 8 course(s))
  - 'MATH1111': 'Avijit Kar Abraham Baldwin Agricultural College MATH1111 course slides'
  - 'MATH1101': 'Avijit Kar Abraham Baldwin Agricultural College MATH1101 course slides'
      1 link(s) @ https://ecore.usg.edu/pdf/equivalencies/FY-19/ABAC-SLA-Equivalencies.pdf  (run=0, sequential=False)
  - 'MATH1113': 'Avijit Kar Abraham Baldwin Agricultural College MATH1113 course slides'
  - 'MATH2008': 'Avijit Kar Abraham Baldwin Agricultural College MATH2008 course slides'
  - '1107': 'Avijit Kar Abraham Baldwin Agricultural College 1107 course slides'
  - 'CALC2000': 'Avijit Kar Abraham Baldwin Agricultural College CALC2000 course slides'
  - 'MATH2053': 'Avijit Kar Abraham Baldwin Agricultural College MATH2053 course slides'
  - 'MATH2054': 'Avijit Kar Abraham Baldwin Agricultural College MATH2054 course slides'

### [math] Branden  Stone — Adelphi University (ratings=24, dept=Mathematics, 8 course(s))
  - 'CALC1A': 'Branden Stone Adelphi University CALC1A course slides'
      1 link(s) @ https://web.math.princeton.edu/~js129/PDFs/teaching/calc1_spring_2019/LectureNotes.pdf  (run=0, sequential=False)
      1 link(s) @ https://sites.pitt.edu/~armin/advcalc24/advcalc24.pdf  (run=0, sequential=False)
  - 'MTH253': 'Branden Stone Adelphi University MTH253 course slides'
      20 link(s) @ https://home.adelphi.edu/~bstone/teaching/math253/syllabus/index.html  (run=7, sequential=True)
      + 1_problems_lecture01.pdf
      + 2_problems_lecture02.pdf
      + 3_problems_lecture03.pdf
      + 9_problems_lecture10.pdf
      + 10_problems_lecture11.pdf
      -> saved: 5 new, 0 skip, 10 fail (https://home.adelphi.edu/~bstone/teaching/math253/syllabus/index.html)
  - '0144253001': 'Branden Stone Adelphi University 0144253001 course slides'
      20 link(s) @ https://home.adelphi.edu/~bstone/teaching/math253  (run=7, sequential=True)
      + 1_problems_lecture01.pdf
      + 2_problems_lecture02.pdf
      + 3_problems_lecture03.pdf
      + 9_problems_lecture10.pdf
      + 10_problems_lecture11.pdf
      -> saved: 5 new, 0 skip, 10 fail (https://home.adelphi.edu/~bstone/teaching/math253)
  - '141': 'Branden Stone Adelphi University 141 course slides'
      1 link(s) @ https://home.adelphi.edu/~bstone/vita/Branden-Stone-CV.pdf  (run=0, sequential=False)
      1 link(s) @ https://home.adelphi.edu/~bstone/vita/Branden-Stone-Vitae.pdf  (run=0, sequential=False)
      1 link(s) @ https://sjvickers.github.io/PreFrPrePre.pdf  (run=0, sequential=False)
      1 link(s) @ https://sunysullivan.edu/wp-content/uploads/2022/03/SUNY-Sullivan-2021-2022-Catalog-20220303.pdf  (run=0, sequential=False)
  - 'MATH142': 'Branden Stone Adelphi University MATH142 course slides'
      1 link(s) @ https://home.adelphi.edu/~bstone/vita/Branden-Stone-Vitae.pdf  (run=0, sequential=False)
      1 link(s) @ https://home.adelphi.edu/~bstone/vita/Branden-Stone-CV.pdf  (run=0, sequential=False)
  - 'MTH142': 'Branden Stone Adelphi University MTH142 course slides'
      10 link(s) @ https://home.adelphi.edu/~bstone/teaching/math253/resources  (run=7, sequential=True)
      -> partial: 0 new, 0 skip, 10 fail (https://home.adelphi.edu/~bstone/teaching/math253/resources)
  - '0144253': 'Branden Stone Adelphi University 0144253 course slides'
  - '131': 'Branden Stone Adelphi University 131 course slides'
      1 link(s) @ https://www.erskine.edu/wp-content/uploads/2022/07/Catalog-22-23-Final.pdf  (run=0, sequential=False)

### [math] Myrtle Lewin — Agnes Scott College (ratings=24, dept=Mathematics, 8 course(s))
  - '204': 'Myrtle Lewin Agnes Scott College 204 course slides'
      1 link(s) @ https://dspace.agnesscott.edu/bitstream/123456789/16/1/2015-16AcademicCatalog.pdf  (run=0, sequential=False)
      1 link(s) @ https://dspace.agnesscott.edu/bitstream/123456789/330/1/silhouette199591agne.pdf  (run=0, sequential=False)
      1 link(s) @ https://dspace.agnesscott.edu/bitstream/123456789/15/1/2013-14%20Catalog%2C%20final.pdf  (run=0, sequential=False)
      4 link(s) @ https://www.agnesscott.edu/center-for-writing-and-speaking/history.html  (run=1, sequential=False)
      1 link(s) @ https://dspace.agnesscott.edu/bitstream/123456789/344/1/silhouette2009105agne.pdf  (run=0, sequential=False)
  - 'MAT119': 'Myrtle Lewin Agnes Scott College MAT119 course slides'
  - 'MAT204': 'Myrtle Lewin Agnes Scott College MAT204 course slides'
      1 link(s) @ https://dspace.agnesscott.edu/bitstream/123456789/16/1/2015-16AcademicCatalog.pdf  (run=0, sequential=False)
      1 link(s) @ https://dspace.agnesscott.edu/bitstream/123456789/15/1/2013-14%20Catalog%2C%20final.pdf  (run=0, sequential=False)
      1 link(s) @ https://www.agnesscott.edu/assets/documents/catalogs/2017-2018-academic-catalog.pdf  (run=0, sequential=False)
  - 'MATH': 'Myrtle Lewin Agnes Scott College MATH course slides'
      1 link(s) @ https://dspace.agnesscott.edu/bitstream/123456789/208/3/Agnes_Scott_Alumnae_Magazine_1991.pdf  (run=0, sequential=False)
      1 link(s) @ https://dspace.agnesscott.edu/bitstream/123456789/16/1/2015-16AcademicCatalog.pdf  (run=0, sequential=False)
      4 link(s) @ https://www.agnesscott.edu/center-for-writing-and-speaking/history.html  (run=1, sequential=False)
      1 link(s) @ https://dspace.agnesscott.edu/bitstream/123456789/15/1/2013-14%20Catalog%2C%20final.pdf  (run=0, sequential=False)
      1 link(s) @ https://dspace.agnesscott.edu/bitstream/123456789/320/1/silhouette198481agne.pdf  (run=0, sequential=False)
  - 'MATH101': 'Myrtle Lewin Agnes Scott College MATH101 course slides'
      1 link(s) @ https://dspace.agnesscott.edu/bitstream/123456789/342/1/silhouette2007103agne.pdf  (run=0, sequential=False)
      1 link(s) @ https://dspace.agnesscott.edu/bitstream/123456789/801/3/Campus_Connection_1995_min.pdf  (run=0, sequential=False)
      1 link(s) @ https://dspace.agnesscott.edu/bitstream/123456789/320/1/silhouette198481agne.pdf  (run=0, sequential=False)
      1 link(s) @ https://www.washington.edu/students/gencat/archive/GenCat1950-51v1.pdf  (run=0, sequential=False)
      1 link(s) @ https://p4x-639.wcu.edu/_files/academic-enrichment/UG_Catalog_99_00.pdf  (run=0, sequential=False)
  - 'MATH104': 'Myrtle Lewin Agnes Scott College MATH104 course slides'
      1 link(s) @ https://dspace.agnesscott.edu/bitstream/123456789/11/1/academiccatalog0709.pdf  (run=0, sequential=False)
      1 link(s) @ https://dspace.agnesscott.edu/bitstream/123456789/342/1/silhouette2007103agne.pdf  (run=0, sequential=False)
      1 link(s) @ https://dspace.agnesscott.edu/bitstream/123456789/332/1/silhouette199793agne.pdf  (run=0, sequential=False)
      1 link(s) @ https://www.washington.edu/students/gencat/archive/GenCat1950-51v1.pdf  (run=0, sequential=False)
  - 'MATH118': 'Myrtle Lewin Agnes Scott College MATH118 course slides'
  - 'MATH204': 'Myrtle Lewin Agnes Scott College MATH204 course slides'
      1 link(s) @ https://dspace.agnesscott.edu/bitstream/123456789/325/1/silhouette198986agne.pdf  (run=0, sequential=False)
      1 link(s) @ https://dspace.agnesscott.edu/bitstream/123456789/330/1/silhouette199591agne.pdf  (run=0, sequential=False)
      1 link(s) @ https://dspace.agnesscott.edu/bitstream/123456789/335/1/silhouette200096agne.pdf  (run=0, sequential=False)
      1 link(s) @ https://dspace.agnesscott.edu/bitstream/123456789/342/1/silhouette2007103agne.pdf  (run=0, sequential=False)
      1 link(s) @ https://dspace.agnesscott.edu/bitstream/123456789/332/1/silhouette199793agne.pdf  (run=0, sequential=False)
      1 link(s) @ https://dspace.agnesscott.edu/bitstream/123456789/320/1/silhouette198481agne.pdf  (run=0, sequential=False)

### [math] Neclisha Davis — Adelphi University (ratings=23, dept=Mathematics, 3 course(s))
  - 'MTH114': 'Neclisha Davis Adelphi University MTH114 course slides'
      1 link(s) @ https://home.adelphi.edu/~wi16133/mth114/s11/syllabus.pdf  (run=0, sequential=False)
      1 link(s) @ https://home.adelphi.edu/~wi16133/mth114/s23/syllabus.pdf  (run=0, sequential=False)
      1 link(s) @ https://www.adelphi.edu/registrar/wp-content/uploads/sites/49/2022/12/Fall-2022-Final-Exam-Schedule.pdf  (run=0, sequential=False)
      1 link(s) @ https://www.math.ucdavis.edu/~tracy/courses/math22B/22BBook.pdf  (run=0, sequential=False)
  - 'MTH110': 'Neclisha Davis Adelphi University MTH110 course slides'
      1 link(s) @ https://www.adelphi.edu/registrar/wp-content/uploads/sites/49/2022/12/Fall-2022-Final-Exam-Schedule.pdf  (run=0, sequential=False)
  - 'CSC170': 'Neclisha Davis Adelphi University CSC170 course slides'
      1 link(s) @ https://home.adelphi.edu/~siegfried/cs175/syllabus.pdf  (run=0, sequential=False)
      1 link(s) @ https://home.adelphi.edu/~pe16132/csc565/syllabus/2024_02/syllabus_CSC565001_Wed_Spring_2024.pdf  (run=0, sequential=False)
      1 link(s) @ https://www.adelphi.edu/registrar/wp-content/uploads/sites/49/2022/12/Fall-2022-Final-Exam-Schedule.pdf  (run=0, sequential=False)

### [math] Daniel Summers — Adelphi University (ratings=22, dept=Mathematics, 8 course(s))
  - 'CSC170': 'Daniel Summers Adelphi University CSC170 course slides'
      1 link(s) @ https://home.adelphi.edu/~pe16132/csc565/syllabus/2024_05/syllabus_CSC565001_Summer_2024.pdf  (run=0, sequential=False)
  - '170': 'Daniel Summers Adelphi University 170 course slides'
      1 link(s) @ https://www.adelphi.edu/one-stop/wp-content/uploads/sites/79/2025/03/Graduate-Bulletin-2001-2002.pdf  (run=0, sequential=False)
      1 link(s) @ https://www.saintpeters.edu/wp-content/uploads/blogs.dir/1/files/2012/07/Saint-Peters-University-Undergraduate-Catalog-2020-2021-1.pdf  (run=0, sequential=False)
      1 link(s) @ https://www.adelphi.edu/one-stop/wp-content/uploads/sites/79/2025/03/Undergraduate-Bulletin-2005-2007.pdf  (run=0, sequential=False)
      [fetch] error: Page.goto: net::ERR_ABORTED at https://www.stjohns.edu/files/st-johns-college-graduate-division-arts-and-sciences-grad-bulletin
Call log:
  - navigating to "https://www.stjohns.edu/files/st-johns-college-graduate-division-arts-and-sciences-grad-bulletin", waiting until "domcontentloaded"

      1 link(s) @ https://www.umgc.edu/content/dam/umgc/documents/upload/beyond-the-ivory-tower-60yrs-sm.pdf  (run=0, sequential=False)
  - 'CSC117': 'Daniel Summers Adelphi University CSC117 course slides'
  - '0145170003': 'Daniel Summers Adelphi University 0145170003 course slides'
      12 link(s) @ https://www.adelphi.edu/brand/design/assets-and-templates/powerpoint-google-slides  (run=2, sequential=False)
  - '117': 'Daniel Summers Adelphi University 117 course slides'
  - 'COM170': 'Daniel Summers Adelphi University COM170 course slides'
      12 link(s) @ https://brand.adelphi.edu/design/assets/powerpoint  (run=2, sequential=False)
  - 'CS170': 'Daniel Summers Adelphi University CS170 course slides'
  - 'CSC': 'Daniel Summers Adelphi University CSC course slides'
      1 link(s) @ https://home.adelphi.edu/~pe16132/csc565/syllabus/2024_05/syllabus_CSC565001_Summer_2024.pdf  (run=0, sequential=False)
      1 link(s) @ https://catalog.spu.edu/undergraduate/course-descriptions/csc/csc.pdf  (run=0, sequential=False)

### [math] Ida Klikovac — Adelphi University (ratings=22, dept=Mathematics, 4 course(s))
  - 'MTH113': 'Ida Klikovac Adelphi University MTH113 course slides'
  - 'MTH114': 'Ida Klikovac Adelphi University MTH114 course slides'
      1 link(s) @ https://www.adelphi.edu/registrar/wp-content/uploads/sites/49/2022/12/Fall-2022-Final-Exam-Schedule.pdf  (run=0, sequential=False)
  - 'MTH103': 'Ida Klikovac Adelphi University MTH103 course slides'
  - 'MTH321': 'Ida Klikovac Adelphi University MTH321 course slides'
      [fetch] error: Page.goto: net::ERR_NAME_NOT_RESOLVED at https://demo.sofia.edu/adelphi-course-catalog
Call log:
  - navigating to "https://demo.sofia.edu/adelphi-course-catalog", waiting until "domcontentloaded"


### [math] John Ehrke — Abilene Christian University (ratings=22, dept=Mathematics, 8 course(s))
  - 'MATH361': 'John Ehrke Abilene Christian University MATH361 course slides'
      1 link(s) @ https://blogs.acu.edu/johnehrke/files/2012/09/ehrke-goals-2011-12-r-c.pdf  (run=0, sequential=False)
      1 link(s) @ https://blogs.acu.edu/johnehrke/files/2012/06/S10_227_Syllabus.pdf  (run=0, sequential=False)
      1 link(s) @ https://blogs.acu.edu/johnehrke/files/2012/06/S12_440_CourseSyllabi.pdf  (run=0, sequential=False)
      1 link(s) @ https://blogs.acu.edu/johnehrke/files/2012/06/Summer11_Syllabus.pdf  (run=0, sequential=False)
  - 'MATH120': 'John Ehrke Abilene Christian University MATH120 course slides'
      1 link(s) @ https://blogs.acu.edu/johnehrke/files/2012/06/Summer11_Syllabus.pdf  (run=0, sequential=False)
      1 link(s) @ https://blogs.acu.edu/johnehrke/files/2012/06/Goals-2007-2008.pdf  (run=0, sequential=False)
      1 link(s) @ https://blogs.acu.edu/johnehrke/files/2012/06/S12_440_CourseSyllabi.pdf  (run=0, sequential=False)
      1 link(s) @ https://blogs.acu.edu/johnehrke/files/2012/09/ehrke-goals-2011-12-r-c.pdf  (run=0, sequential=False)
      1 link(s) @ https://blogs.acu.edu/johnehrke/files/2012/06/S10_227_Syllabus.pdf  (run=0, sequential=False)
  - 'MATH185': 'John Ehrke Abilene Christian University MATH185 course slides'
      1 link(s) @ https://blogs.acu.edu/johnehrke/files/2012/06/S10_227_Syllabus.pdf  (run=0, sequential=False)
      1 link(s) @ https://blogs.acu.edu/johnehrke/files/2012/06/S12_440_CourseSyllabi.pdf  (run=0, sequential=False)
      1 link(s) @ https://blogs.acu.edu/johnehrke/files/2012/06/Summer11_Syllabus.pdf  (run=0, sequential=False)
      1 link(s) @ https://blogs.acu.edu/reporting/files/2016/01/Org-Chart-11-19-15.pdf  (run=0, sequential=False)
  - 'MATH463': 'John Ehrke Abilene Christian University MATH463 course slides'
  - 'CAL2': 'John Ehrke Abilene Christian University CAL2 course slides'
      1 link(s) @ https://blogs.acu.edu/johnehrke/files/2012/06/Summer11_Syllabus.pdf  (run=0, sequential=False)
      1 link(s) @ https://blogs.acu.edu/johnehrke/files/2012/06/S10_227_Syllabus.pdf  (run=0, sequential=False)
      1 link(s) @ https://blogs.acu.edu/johnehrke/files/2012/06/S12_440_CourseSyllabi.pdf  (run=0, sequential=False)
  - 'MATH120T2': 'John Ehrke Abilene Christian University MATH120T2 course slides'
      1 link(s) @ https://blogs.acu.edu/johnehrke/files/2012/06/Summer11_Syllabus.pdf  (run=0, sequential=False)
      1 link(s) @ https://blogs.acu.edu/johnehrke/files/2012/06/S12_440_CourseSyllabi.pdf  (run=0, sequential=False)
      1 link(s) @ https://blogs.acu.edu/johnehrke/files/2012/06/S10_227_Syllabus.pdf  (run=0, sequential=False)
  - 'MATH18202': 'John Ehrke Abilene Christian University MATH18202 course slides'
      1 link(s) @ https://blogs.acu.edu/johnehrke/files/2012/06/S12_440_CourseSyllabi.pdf  (run=0, sequential=False)
      1 link(s) @ https://blogs.acu.edu/johnehrke/files/2012/06/Summer11_Syllabus.pdf  (run=0, sequential=False)
      1 link(s) @ https://blogs.acu.edu/johnehrke/files/2012/06/S10_227_Syllabus.pdf  (run=0, sequential=False)
  - 'MATH186': 'John Ehrke Abilene Christian University MATH186 course slides'
      1 link(s) @ https://blogs.acu.edu/johnehrke/files/2012/06/S10_227_Syllabus.pdf  (run=0, sequential=False)
      1 link(s) @ https://blogs.acu.edu/johnehrke/files/2012/06/Summer11_Syllabus.pdf  (run=0, sequential=False)
      1 link(s) @ https://blogs.acu.edu/johnehrke/files/2012/06/S12_440_CourseSyllabi.pdf  (run=0, sequential=False)

### [math] Joy Shurley — Abraham Baldwin Agricultural College (ratings=22, dept=Mathematics, 8 course(s))
  - 'MATH1111': 'Joy Shurley Abraham Baldwin Agricultural College MATH1111 course slides'
  - 'MATH2000': 'Joy Shurley Abraham Baldwin Agricultural College MATH2000 course slides'
  - 'ABAC1000': 'Joy Shurley Abraham Baldwin Agricultural College ABAC1000 course slides'
      [fetch] error: Page.goto: net::ERR_CERT_DATE_INVALID at https://nge-prod-wp.galileo.usg.edu/articles/colleges-universities/abraham-baldwin-agricultural-college
Call log:
  - navigating to "https://nge-prod-wp.galileo.usg.edu/articles/colleges-universities/abraham-baldwin-agricultural-college", waiting until "domcontentloaded"

      1 link(s) @ https://abac.edu/news/2024/09/abraham_baldwin_agricultural_college_leads_usg_in_low-_and_no-cost_course_materials.html  (run=1, sequential=False)
  - 'ALGEBRA': 'Joy Shurley Abraham Baldwin Agricultural College ALGEBRA course slides'
      1 link(s) @ https://www.abac.edu/directory/index.html  (run=1, sequential=False)
  - 'MATH1105': 'Joy Shurley Abraham Baldwin Agricultural College MATH1105 course slides'
      1 link(s) @ https://www.abac.edu/directory/index.html  (run=1, sequential=False)
  - 'MATH2241': 'Joy Shurley Abraham Baldwin Agricultural College MATH2241 course slides'
      1 link(s) @ https://www.abac.edu/directory/index.html  (run=1, sequential=False)
      1 link(s) @ https://tools.abac.edu/Registrar/Catalogs/Archive/2020-2021.pdf  (run=0, sequential=False)
  - 'MATH2261': 'Joy Shurley Abraham Baldwin Agricultural College MATH2261 course slides'
  - 'MATH97': 'Joy Shurley Abraham Baldwin Agricultural College MATH97 course slides'
      1 link(s) @ https://www.abac.edu/faculty-staff-resources.html  (run=1, sequential=False)

### [math] Joshua Hiller — Adelphi University (ratings=21, dept=Mathematics, 8 course(s))
  - 'MTH140': 'Joshua Hiller Adelphi University MTH140 course slides'
      1 link(s) @ https://www.adelphi.edu/registrar/wp-content/uploads/sites/49/2020/06/Spring-2020-Exam-Schedule.pdf  (run=0, sequential=False)
      1 link(s) @ https://www.adelphi.edu/registrar/wp-content/uploads/sites/49/2022/12/Fall-2022-Final-Exam-Schedule.pdf  (run=0, sequential=False)
      1 link(s) @ https://home.adelphi.edu/~mathcs/MCS_student_handbook_current.pdf  (run=0, sequential=False)
      1 link(s) @ https://web.uaf.edu.pk/Contents/faculties/sciences/depts/math_stat/downloads/math_outline.pdf  (run=0, sequential=False)
  - 'MTH142': 'Joshua Hiller Adelphi University MTH142 course slides'
      12 link(s) @ https://www.adelphi.edu/brand/design/assets-and-templates/powerpoint-google-slides  (run=2, sequential=False)
  - 'CSC171': 'Joshua Hiller Adelphi University CSC171 course slides'
      1 link(s) @ https://www.adelphi.edu/registrar/wp-content/uploads/sites/49/2022/12/Fall-2022-Final-Exam-Schedule.pdf  (run=0, sequential=False)
      1 link(s) @ https://home.adelphi.edu/~mathcs/MCS_student_handbook_current.pdf  (run=0, sequential=False)
  - 'MTH431': 'Joshua Hiller Adelphi University MTH431 course slides'
      12 link(s) @ https://www.adelphi.edu/brand/design/assets-and-templates/powerpoint-google-slides  (run=2, sequential=False)
  - 'CSC156': 'Joshua Hiller Adelphi University CSC156 course slides'
      1 link(s) @ https://www.adelphi.edu/registrar/wp-content/uploads/sites/49/2022/12/Fall-2022-Final-Exam-Schedule.pdf  (run=0, sequential=False)
      1 link(s) @ https://home.adelphi.edu/~mathcs/MCS_student_handbook_current.pdf  (run=0, sequential=False)
  - 'MTH110': 'Joshua Hiller Adelphi University MTH110 course slides'
      1 link(s) @ https://home.adelphi.edu/~mathcs/MCS_student_handbook_current.pdf  (run=0, sequential=False)
  - 'CALC2': 'Joshua Hiller Adelphi University CALC2 course slides'
      1 link(s) @ https://www.adelphi.edu/registrar/wp-content/uploads/sites/49/2022/12/Fall-2022-Final-Exam-Schedule.pdf  (run=0, sequential=False)
  - 'MTH141': 'Joshua Hiller Adelphi University MTH141 course slides'

### [math] Nara Yoon — Adelphi University (ratings=20, dept=Mathematics, 6 course(s))
  - 'MTH113': 'Nara Yoon Adelphi University MTH113 course slides'
      1 link(s) @ https://home.adelphi.edu/~bstone/teaching/math113/docs/CourseSyllabus.pdf  (run=0, sequential=False)
      1 link(s) @ https://www.adelphi.edu/high-school-students/wp-content/uploads/sites/47/2023/05/Courses-Offered-Adelphi.pdf  (run=0, sequential=False)
  - 'MATH113': 'Nara Yoon Adelphi University MATH113 course slides'
      1 link(s) @ https://home.adelphi.edu/~bstone/teaching/math113/docs/CourseSyllabus.pdf  (run=0, sequential=False)
      1 link(s) @ https://umutvg.github.io/papers/lecture-notes-113-w21_24.pdf  (run=0, sequential=False)
      1 link(s) @ https://www.adelphi.edu/high-school-students/wp-content/uploads/sites/47/2023/05/Courses-Offered-Adelphi.pdf  (run=0, sequential=False)
  - 'MTH225': 'Nara Yoon Adelphi University MTH225 course slides'
      1 link(s) @ https://home.adelphi.edu/~mathcs/handbook/MCS_student_handbook_summer2024.pdf  (run=0, sequential=False)
  - 'MTH546': 'Nara Yoon Adelphi University MTH546 course slides'
      1 link(s) @ https://www.adelphi.edu/high-school-students/wp-content/uploads/sites/47/2023/05/Courses-Offered-Adelphi.pdf  (run=0, sequential=False)
      1 link(s) @ https://home.adelphi.edu/~wi16133/mth114/s23/syllabus.pdf  (run=0, sequential=False)
      1 link(s) @ https://www.adelphi.edu/registrar/wp-content/uploads/sites/49/2022/12/Fall-2022-Final-Exam-Schedule.pdf  (run=0, sequential=False)
      1 link(s) @ https://www2.scsu.edu/files/Spring%20202020%20Course%20Listing%2010042019%20Booklet.pdf  (run=0, sequential=False)
  - 'MTH113007': 'Nara Yoon Adelphi University MTH113007 course slides'
      1 link(s) @ https://www.adelphi.edu/high-school-students/wp-content/uploads/sites/47/2023/05/Courses-Offered-Adelphi.pdf  (run=0, sequential=False)
      1 link(s) @ https://home.adelphi.edu/~wi16133/mth114/s23/syllabus.pdf  (run=0, sequential=False)
      1 link(s) @ https://www.adelphi.edu/registrar/wp-content/uploads/sites/49/2022/12/Fall-2022-Final-Exam-Schedule.pdf  (run=0, sequential=False)
  - 'MTH144': 'Nara Yoon Adelphi University MTH144 course slides'
      1 link(s) @ https://www.adelphi.edu/registrar/wp-content/uploads/sites/49/2022/12/Fall-2022-Final-Exam-Schedule.pdf  (run=0, sequential=False)
      [fetch] error: Page.content: Unable to retrieve content because the page is navigating and changing the content.

### [math] Pedro Mujica — Adelphi University (ratings=20, dept=Mathematics, 6 course(s))
  - 'MTH113': 'Pedro Mujica Adelphi University MTH113 course slides'
  - 'MTH110': 'Pedro Mujica Adelphi University MTH110 course slides'
      12 link(s) @ https://www.adelphi.edu/brand/design/assets-and-templates/powerpoint-google-slides  (run=2, sequential=False)
  - 'STAT113': 'Pedro Mujica Adelphi University STAT113 course slides'
      1 link(s) @ https://www.adelphi.edu/registrar/wp-content/uploads/sites/49/2020/06/Spring-2020-Exam-Schedule.pdf  (run=0, sequential=False)
  - 'MTH113-005': 'Pedro Mujica Adelphi University MTH113-005 course slides'
  - 'MTH113-009': 'Pedro Mujica Adelphi University MTH113-009 course slides'
  - 'MTH114': 'Pedro Mujica Adelphi University MTH114 course slides'
      24 link(s) @ https://www2.math.upenn.edu/~wziller/Math114f19/notes.html  (run=1, sequential=False)

### [math] Walter Meyer — Adelphi University (ratings=20, dept=Mathematics, 8 course(s))
  - 'MATHMODEL': 'Walter Meyer Adelphi University MATHMODEL course slides'
  - 'GEO': 'Walter Meyer Adelphi University GEO course slides'
      1 link(s) @ https://www.adelphi.edu/high-school-students/wp-content/uploads/sites/47/2023/05/Courses-Offered-Adelphi.pdf  (run=0, sequential=False)
      12 link(s) @ https://www.adelphi.edu/brand/design/assets-and-templates/powerpoint-google-slides  (run=2, sequential=False)
  - 'MATHMODELING': 'Walter Meyer Adelphi University MATHMODELING course slides'
      1 link(s) @ https://devcoil.suny.edu/play/hdls/oz/6Z9715O/concepts__of-mathematical__modeling__walter-j__meyer.pdf  (run=0, sequential=False)
      1 link(s) @ https://www.adelphi.edu/one-stop/wp-content/uploads/sites/79/2025/03/Graduate-Bulletin-2001-2002.pdf  (run=0, sequential=False)
      1 link(s) @ http://www.math.utah.edu/~cherk/teach/5740MathModeling/12mathmodel/sources/Mathematical%20Modelling,%20Classroom%20Notes%20in%20Applied%20Mathematics%20(Murray%20S.%20Klamkin)%200898712041.pdf  (run=0, sequential=False)
      1 link(s) @ https://home.adelphi.edu/~mathcs/MCS_student_handbook_current.pdf  (run=0, sequential=False)
  - 'MODELING': 'Walter Meyer Adelphi University MODELING course slides'
      1 link(s) @ https://devcoil.suny.edu/play/hdls/oz/6Z9715O/concepts__of-mathematical__modeling__walter-j__meyer.pdf  (run=0, sequential=False)
      1 link(s) @ https://www.adelphi.edu/one-stop/wp-content/uploads/sites/79/2025/03/Graduate-Bulletin-2001-2002.pdf  (run=0, sequential=False)
  - 'ALOT': 'Walter Meyer Adelphi University ALOT course slides'
  - 'ELEMFUNCTIONS': 'Walter Meyer Adelphi University ELEMFUNCTIONS course slides'
      12 link(s) @ https://www.adelphi.edu/brand/design/assets-and-templates/powerpoint-google-slides  (run=2, sequential=False)
  - 'GEO321': 'Walter Meyer Adelphi University GEO321 course slides'
      1 link(s) @ https://www.adelphi.edu/one-stop/wp-content/uploads/sites/79/2025/03/Graduate-Bulletin-2000-2001.pdf  (run=0, sequential=False)
      1 link(s) @ https://www.adelphi.edu/one-stop/wp-content/uploads/sites/79/2025/03/Graduate-Bulletin-2002-2004.pdf  (run=0, sequential=False)
      1 link(s) @ https://www.adelphi.edu/registrar/wp-content/uploads/sites/49/2022/12/Fall-2022-Final-Exam-Schedule.pdf  (run=0, sequential=False)
      1 link(s) @ https://www.adelphi.edu/one-stop/wp-content/uploads/sites/79/2025/03/2010-2011-Bulletin.pdf  (run=0, sequential=False)
      1 link(s) @ https://www.adelphi.edu/one-stop/wp-content/uploads/sites/79/2025/03/Undergraduate-Bulletin-2007-2009.pdf  (run=0, sequential=False)
      1 link(s) @ https://geography.as.uky.edu/sites/default/files/Geography%20Courses%20Spring%202021%20Poster%20Rev5.pdf  (run=0, sequential=False)
  - 'GEOMETRY': 'Walter Meyer Adelphi University GEOMETRY course slides'
      6 link(s) @ https://www.maths.dur.ac.uk/users/anna.felikson/Geometry/resources.html  (run=4, sequential=True)
      + 1_kleinian_groups.pdf
      + 2_Chapter_1_Projective_geometry.pdf
      + 3_Chapter_2_Quadrics.pdf
      + 4_Chapter_3_Exterior.pdf
      + 5_Chapter_4_The_Klein_programme.pdf
      -> saved: 5 new, 0 skip, 1 fail (https://www.maths.dur.ac.uk/users/anna.felikson/Geometry/resources.html)

### [math] Jerry Edwards — Abraham Baldwin Agricultural College (ratings=19, dept=Mathematics, 8 course(s))
  - 'MATH1111': 'Jerry Edwards Abraham Baldwin Agricultural College MATH1111 course slides'
  - 'MATH0099': 'Jerry Edwards Abraham Baldwin Agricultural College MATH0099 course slides'
      1 link(s) @ https://www.gordonstate.edu/images/uploads/acad-catalog-pdf/08-09.pdf  (run=0, sequential=False)
      1 link(s) @ http://www.fisme.science.uu.nl/publicaties/literatuur/2006_parr.pdf  (run=0, sequential=False)
      1 link(s) @ http://downloads.wvgs.wvnet.edu/BatchInfo/lewis/4704170446docs.pdf  (run=0, sequential=False)
      1 link(s) @ https://www.gordonstate.edu/images/uploads/inst-research/general/factbook1011.pdf  (run=0, sequential=False)
  - 'MATH1101': 'Jerry Edwards Abraham Baldwin Agricultural College MATH1101 course slides'
      1 link(s) @ https://www.gordonstate.edu/images/uploads/acad-catalog-pdf/08-09.pdf  (run=0, sequential=False)
      [fetch] error: Page.goto: net::ERR_NAME_NOT_RESOLVED at https://sites.stedwards.edu/math/math-texts
Call log:
  - navigating to "https://sites.stedwards.edu/math/math-texts", waiting until "domcontentloaded"

      1 link(s) @ https://people.wku.edu/john.spraker/136-012.pdf  (run=0, sequential=False)
      1 link(s) @ https://www.cavehill.uwi.edu/wp-content/uploads/sites/39/Resources/Reports/cavehill-departmental-report-2013-2014.pdf  (run=0, sequential=False)
      1 link(s) @ https://www.asurams.edu/docs/catalogs/West/2016-2017/files/assets/common/downloads/publication.pdf  (run=0, sequential=False)
  - 'MATH99': 'Jerry Edwards Abraham Baldwin Agricultural College MATH99 course slides'
      1 link(s) @ http://www.fisme.science.uu.nl/publicaties/literatuur/2006_parr.pdf  (run=0, sequential=False)
  - 'ALG1101': 'Jerry Edwards Abraham Baldwin Agricultural College ALG1101 course slides'
      1 link(s) @ https://www.abac.edu/news/2025/01/2024_fall_achievement_list.html  (run=1, sequential=False)
      1 link(s) @ https://www.abac.edu/news/2026/03/abac_highlights_fall_2025_academic_achievements.html  (run=1, sequential=False)
      1 link(s) @ https://www.abac.edu/_documents/presidents-office/history-of-abac.pdf  (run=0, sequential=False)
      10 link(s) @ https://www.abac.edu/news/2025/index.html  (run=1, sequential=False)
      1 link(s) @ https://www.abac.edu/_documents/foundation/2021-2022-foundation-annual-report.pdf  (run=0, sequential=False)
      1 link(s) @ https://www.abac.edu/_documents/foundation/2020-2021-foundation-annual-report.pdf  (run=0, sequential=False)
  - 'MAT99': 'Jerry Edwards Abraham Baldwin Agricultural College MAT99 course slides'
      10 link(s) @ https://www.abac.edu/news/2025/index.html  (run=1, sequential=False)
      1 link(s) @ https://www.cuyamaca.edu/academics/class-schedules-catalog-and-calendars/files/catalogs/2003-04/CuyamacaCatalog%202003-2004.pdf  (run=0, sequential=False)
      [fetch] error: Page.goto: net::ERR_ABORTED at https://college.lclark.edu/live/files/22830-undergraduate-catalog-2009
Call log:
  - navigating to "https://college.lclark.edu/live/files/22830-undergraduate-catalog-2009", waiting until "domcontentloaded"

      [fetch] error: Page.goto: net::ERR_ABORTED at https://www.lclark.edu/live/files/5972-cas-catalog-201011
Call log:
  - navigating to "https://www.lclark.edu/live/files/5972-cas-catalog-201011", waiting until "domcontentloaded"

  - 'MATH0097': 'Jerry Edwards Abraham Baldwin Agricultural College MATH0097 course slides'
  - 'HIST101': 'Jerry Edwards Abraham Baldwin Agricultural College HIST101 course slides'
      1 link(s) @ https://www.abac.edu/_documents/presidents-office/history-of-abac.pdf  (run=0, sequential=False)
      1 link(s) @ https://www.gc.cuny.edu/sites/default/files/2022-05/GAPE-2016-Syllabus_history_syllabus.pdf  (run=0, sequential=False)
      1 link(s) @ https://www.lincoln.edu/_files/langston-hughes-memorial-library/Lincoln%20University%20Bulletin/1959-1969.pdf  (run=0, sequential=False)
      1 link(s) @ https://open.clemson.edu/context/clemson_catalog/article/1108/viewcontent/jp3ni8ezqutd2u7t7xmg6n4vl1swpa7j.pdf  (run=0, sequential=False)
      1 link(s) @ https://www.pugetsound.edu/sites/default/files/file/6782_Bulletin07-08_UG_WEB_0.pdf  (run=0, sequential=False)

### [math] Vijay Kunwar — Albany State University (ratings=18, dept=Mathematics, 8 course(s))
  - 'MATH1111': 'Vijay Kunwar Albany State University MATH1111 course slides'
      1 link(s) @ https://oer.galileo.usg.edu/context/mathematics-collections/article/1042/viewcontent/College_Algebra__ASU_.pdf  (run=0, sequential=False)
      1 link(s) @ https://www.asurams.edu/docs/institutional-effectiveness/Onsite_Review_Standards/Section%2010.7%20Policies%20for%20Awarding%20Credit.pdf  (run=0, sequential=False)
  - 'MATH845': 'Vijay Kunwar Albany State University MATH845 course slides'
      1 link(s) @ https://www.asurams.edu/academic-affairs/college-of-arts-sciences/mathematics-computer_science-physics/facultystaff10323.pdf  (run=0, sequential=False)
  - 'COLLEGEALGEBRA': 'Vijay Kunwar Albany State University COLLEGEALGEBRA course slides'
      1 link(s) @ https://oer.galileo.usg.edu/context/mathematics-collections/article/1042/viewcontent/College_Algebra__ASU_.pdf  (run=0, sequential=False)
      1 link(s) @ https://www.asurams.edu/academic-affairs/cur/2FacultyResearchWorkshopTitles_Biodata%20with%20Presentation%20Link.pdf  (run=0, sequential=False)
      1 link(s) @ https://www.asurams.edu/docs/cur/Fall%202019%20UR%20Colloquium%20Booklet.pdf  (run=0, sequential=False)
      1 link(s) @ https://www.asurams.edu/docs/international-education/ASU-Internationalizing-the-Curriculum-Faculty-Development-Training-Program-2016.pdf  (run=0, sequential=False)
  - 'MATH1101': 'Vijay Kunwar Albany State University MATH1101 course slides'
      1 link(s) @ https://oer.galileo.usg.edu/context/mathematics-collections/article/1042/viewcontent/College_Algebra__ASU_.pdf  (run=0, sequential=False)
  - 'MATH1113': 'Vijay Kunwar Albany State University MATH1113 course slides'
  - 'MATH0998': 'Vijay Kunwar Albany State University MATH0998 course slides'
  - 'MATH113': 'Vijay Kunwar Albany State University MATH113 course slides'
  - 'Stats1410': 'Vijay Kunwar Albany State University Stats1410 course slides'

### [math] Zephyrinus Okonkwo — Albany State University (ratings=18, dept=Mathematics, 8 course(s))
  - 'MATH1111': 'Zephyrinus Okonkwo Albany State University MATH1111 course slides'
      1 link(s) @ https://oer.galileo.usg.edu/context/mathematics-collections/article/1042/viewcontent/College_Algebra__ASU_.pdf  (run=0, sequential=False)
      1 link(s) @ https://www.asurams.edu/academic-affairs/college-of-arts-sciences/mathematics-computer_science-physics/Faculty-Staff%20page%20Updated.pdf  (run=0, sequential=False)
      1 link(s) @ https://www.asurams.edu/academic-affairs/college-of-arts-sciences/mathematics-computer_science-physics/facultystaff10323.pdf  (run=0, sequential=False)
  - 'MATH1211': 'Zephyrinus Okonkwo Albany State University MATH1211 course slides'
      1 link(s) @ https://www.asurams.edu/academic-affairs/college-of-arts-sciences/mathematics-computer_science-physics/Faculty-Staff%20page%20Updated.pdf  (run=0, sequential=False)
      1 link(s) @ https://www.asurams.edu/academic-affairs/college-of-arts-sciences/mathematics-computer_science-physics/facultystaff10323.pdf  (run=0, sequential=False)
      1 link(s) @ https://www.asurams.edu/academic-affairs/oie/old-docs/OIE%202017%20symposium%20booklet.pdf  (run=0, sequential=False)
  - 'MATH2111': 'Zephyrinus Okonkwo Albany State University MATH2111 course slides'
      1 link(s) @ https://www.asurams.edu/academic-affairs/college-of-arts-sciences/mathematics-computer_science-physics/Faculty-Staff%20page%20Updated.pdf  (run=0, sequential=False)
      1 link(s) @ https://www.asurams.edu/academic-affairs/college-of-arts-sciences/mathematics-computer_science-physics/facultystaff10323.pdf  (run=0, sequential=False)
  - 'MATH2411': 'Zephyrinus Okonkwo Albany State University MATH2411 course slides'
      1 link(s) @ https://oer.galileo.usg.edu/context/mathematics-collections/article/1014/viewcontent/Basic_Statistics__Albany_State_University_.pdf  (run=0, sequential=False)
      1 link(s) @ https://www.asurams.edu/docs/resumes/cost/Zephyrinus-Okonkwo-Vita.pdf  (run=0, sequential=False)
      1 link(s) @ https://www.asurams.edu/academic-affairs/college-of-arts-sciences/mathematics-computer_science-physics/Faculty-Staff%20page%20Updated.pdf  (run=0, sequential=False)
      1 link(s) @ https://www.asurams.edu/academic-affairs/college-of-arts-sciences/mathematics-computer_science-physics/facultystaff10323.pdf  (run=0, sequential=False)
      1 link(s) @ https://www.asurams.edu/academic-affairs/oie/old-docs/OIE%202017%20symposium%20booklet.pdf  (run=0, sequential=False)
  - 'PRECALCULUS': 'Zephyrinus Okonkwo Albany State University PRECALCULUS course slides'
      1 link(s) @ https://www.asurams.edu/docs/international-education/ASU-Internationalizing-the-Curriculum-Faculty-Development-Training-Program-2016.pdf  (run=0, sequential=False)
      1 link(s) @ https://www.asurams.edu/docs/resumes/cost/Zephyrinus-Okonkwo-Vita.pdf  (run=0, sequential=False)
      1 link(s) @ https://www.asurams.edu/academic-affairs/oie/old-docs/OIE%202017%20symposium%20booklet.pdf  (run=0, sequential=False)
      1 link(s) @ https://www.asurams.edu/docs/institutional-effectiveness/ASU_Focus_Report/ASU%20Focus%20Report%20February%202020.pdf  (run=0, sequential=False)
  - 'COLLEGEALGEBRA': 'Zephyrinus Okonkwo Albany State University COLLEGEALGEBRA course slides'
      1 link(s) @ https://www.asurams.edu/docs/resumes/cost/Zephyrinus-Okonkwo-Vita.pdf  (run=0, sequential=False)
      1 link(s) @ https://oer.galileo.usg.edu/context/mathematics-collections/article/1042/viewcontent/College_Algebra__ASU_.pdf  (run=0, sequential=False)
      1 link(s) @ https://www.asurams.edu/docs/international-education/ASU-Internationalizing-the-Curriculum-Faculty-Development-Training-Program-2016.pdf  (run=0, sequential=False)
      1 link(s) @ https://www.asurams.edu/docs/cur/Fall%202019%20UR%20Colloquium%20Booklet.pdf  (run=0, sequential=False)
      1 link(s) @ https://www.asurams.edu/academic-affairs/cur/2FacultyResearchWorkshopTitles_Biodata%20with%20Presentation%20Link.pdf  (run=0, sequential=False)
  - 'MATH1113': 'Zephyrinus Okonkwo Albany State University MATH1113 course slides'
      1 link(s) @ https://www.asurams.edu/docs/international-education/ASU-Internationalizing-the-Curriculum-Faculty-Development-Training-Program-2016.pdf  (run=0, sequential=False)
      1 link(s) @ https://www.asurams.edu/academic-affairs/college-of-arts-sciences/mathematics-computer_science-physics/Faculty-Staff%20page%20Updated.pdf  (run=0, sequential=False)
      1 link(s) @ https://www.asurams.edu/academic-affairs/college-of-arts-sciences/mathematics-computer_science-physics/facultystaff10323.pdf  (run=0, sequential=False)
      1 link(s) @ https://www.asurams.edu/academic-affairs/oie/old-docs/OIE%202017%20symposium%20booklet.pdf  (run=0, sequential=False)
  - 'MATH2213': 'Zephyrinus Okonkwo Albany State University MATH2213 course slides'
      1 link(s) @ https://oer.galileo.usg.edu/context/mathematics-collections/article/1042/viewcontent/College_Algebra__ASU_.pdf  (run=0, sequential=False)
      1 link(s) @ https://www.asurams.edu/academic-affairs/college-of-arts-sciences/mathematics-computer_science-physics/Faculty-Staff%20page%20Updated.pdf  (run=0, sequential=False)
      1 link(s) @ https://www.asurams.edu/academic-affairs/college-of-arts-sciences/mathematics-computer_science-physics/facultystaff10323.pdf  (run=0, sequential=False)

### [math] Alvin Estrada — Adelphi University (ratings=17, dept=Mathematics, 5 course(s))
  - 'MTH102': 'Alvin Estrada Adelphi University MTH102 course slides'
      2 link(s) @ https://www.jjay.cuny.edu/faculty/alvin-estrada  (run=0, sequential=False)
      1 link(s) @ https://www.adelphi.edu/high-school-students/wp-content/uploads/sites/47/2023/05/Courses-Offered-Adelphi.pdf  (run=0, sequential=False)
  - 'MTH105': 'Alvin Estrada Adelphi University MTH105 course slides'
      1 link(s) @ https://www.adelphi.edu/registrar/wp-content/uploads/sites/49/2020/06/Spring-2020-Exam-Schedule.pdf  (run=0, sequential=False)
      1 link(s) @ https://www.adelphi.edu/registrar/wp-content/uploads/sites/49/2022/12/Fall-2022-Final-Exam-Schedule.pdf  (run=0, sequential=False)
  - 'MTH-104': 'Alvin Estrada Adelphi University MTH-104 course slides'
      2 link(s) @ https://www.jjay.cuny.edu/faculty/alvin-estrada  (run=0, sequential=False)
      1 link(s) @ https://www.adelphi.edu/registrar/wp-content/uploads/sites/49/2020/06/Spring-2020-Exam-Schedule.pdf  (run=0, sequential=False)
      1 link(s) @ https://www.adelphi.edu/one-stop/wp-content/uploads/sites/79/2025/11/Fall-2025-Finals-Schedule-MASTER-11262025.pdf  (run=0, sequential=False)
      1 link(s) @ https://www.adelphi.edu/registrar/wp-content/uploads/sites/49/2022/12/Fall-2022-Final-Exam-Schedule.pdf  (run=0, sequential=False)
  - 'MTH130': 'Alvin Estrada Adelphi University MTH130 course slides'
  - 'MTH140': 'Alvin Estrada Adelphi University MTH140 course slides'

### [math] Larry Riddle — Agnes Scott College (ratings=17, dept=Mathematics, 8 course(s))
  - 'MAT118': 'Larry Riddle Agnes Scott College MAT118 course slides'
      1 link(s) @ https://dspace.agnesscott.edu/bitstream/123456789/11/1/academiccatalog0709.pdf  (run=0, sequential=False)
  - 'MAT119': 'Larry Riddle Agnes Scott College MAT119 course slides'
      1 link(s) @ https://dspace.agnesscott.edu/bitstream/123456789/16/1/2015-16AcademicCatalog.pdf  (run=0, sequential=False)
      1 link(s) @ https://dspace.agnesscott.edu/bitstream/123456789/15/1/2013-14%20Catalog%2C%20final.pdf  (run=0, sequential=False)
      1 link(s) @ https://www.agnesscott.edu/assets/documents/catalogs/2017-2018-academic-catalog.pdf  (run=0, sequential=False)
  - 'MATH118': 'Larry Riddle Agnes Scott College MATH118 course slides'
  - 'MATH119': 'Larry Riddle Agnes Scott College MATH119 course slides'
      1 link(s) @ https://dspace.agnesscott.edu/bitstream/123456789/16/1/2015-16AcademicCatalog.pdf  (run=0, sequential=False)
      1 link(s) @ https://dspace.agnesscott.edu/bitstream/123456789/15/1/2013-14%20Catalog%2C%20final.pdf  (run=0, sequential=False)
      1 link(s) @ https://www.agnesscott.edu/assets/documents/catalogs/2017-2018-academic-catalog.pdf  (run=0, sequential=False)
      1 link(s) @ https://www.agnesscott.edu/assets/documents/catalogs/grad-catalog-for-2024-2025.pdf  (run=0, sequential=False)
      1 link(s) @ https://math.illinois.edu/system/files/inline-files/mathtimes_spring08.pdf  (run=0, sequential=False)
  - 'CALC1': 'Larry Riddle Agnes Scott College CALC1 course slides'
  - 'CSCI200': 'Larry Riddle Agnes Scott College CSCI200 course slides'
      1 link(s) @ https://algs4.cs.princeton.edu/home/CS2013-final-report.pdf  (run=0, sequential=False)
  - 'MAT117': 'Larry Riddle Agnes Scott College MAT117 course slides'
      1 link(s) @ https://dspace.agnesscott.edu/bitstream/123456789/16/1/2015-16AcademicCatalog.pdf  (run=0, sequential=False)
      1 link(s) @ https://dspace.agnesscott.edu/bitstream/123456789/15/1/2013-14%20Catalog%2C%20final.pdf  (run=0, sequential=False)
      1 link(s) @ https://www.agnesscott.edu/assets/documents/catalogs/2017-2018-academic-catalog.pdf  (run=0, sequential=False)
  - 'MAT220': 'Larry Riddle Agnes Scott College MAT220 course slides'

### [math] Lee Stemkoski — Adelphi University (ratings=17, dept=Mathematics, 8 course(s))
  - 'LALGE253': 'Lee Stemkoski Adelphi University LALGE253 course slides'
  - '96': 'Lee Stemkoski Adelphi University 96 course slides'
      1 link(s) @ https://www.adelphi.edu/registrar/wp-content/uploads/sites/49/2022/12/Fall-2022-Final-Exam-Schedule.pdf  (run=0, sequential=False)
  - 'CSC137': 'Lee Stemkoski Adelphi University CSC137 course slides'
      1 link(s) @ https://www.adelphi.edu/registrar/wp-content/uploads/sites/49/2022/12/Fall-2022-Final-Exam-Schedule.pdf  (run=0, sequential=False)
      1 link(s) @ https://home.adelphi.edu/~mathcs/MCS_student_handbook_current.pdf  (run=0, sequential=False)
  - 'CSC270': 'Lee Stemkoski Adelphi University CSC270 course slides'
      1 link(s) @ https://www.adelphi.edu/registrar/wp-content/uploads/sites/49/2020/06/Spring-2020-Exam-Schedule.pdf  (run=0, sequential=False)
      1 link(s) @ https://www.adelphi.edu/registrar/wp-content/uploads/sites/49/2022/12/Fall-2022-Final-Exam-Schedule.pdf  (run=0, sequential=False)
      1 link(s) @ https://www.adelphi.edu/one-stop/wp-content/uploads/sites/79/2025/03/2010-2011-Bulletin.pdf  (run=0, sequential=False)
      1 link(s) @ https://www.adelphi.edu/one-stop/wp-content/uploads/sites/79/2025/03/Undergraduate-Bulletin-2007-2009.pdf  (run=0, sequential=False)
  - 'DE244': 'Lee Stemkoski Adelphi University DE244 course slides'
      1 link(s) @ https://www.adelphi.edu/registrar/wp-content/uploads/sites/49/2022/12/Fall-2022-Final-Exam-Schedule.pdf  (run=0, sequential=False)
      1 link(s) @ https://home.adelphi.edu/~mathcs/MCS_student_handbook_current.pdf  (run=0, sequential=False)
  - 'MAT141': 'Lee Stemkoski Adelphi University MAT141 course slides'
      1 link(s) @ https://www.adelphi.edu/registrar/wp-content/uploads/sites/49/2020/06/Spring-2020-Exam-Schedule.pdf  (run=0, sequential=False)
      1 link(s) @ https://home.adelphi.edu/~mathcs/handbook/MCS_student_handbook_fall2024.pdf  (run=0, sequential=False)
      1 link(s) @ https://www.adelphi.edu/registrar/wp-content/uploads/sites/49/2022/12/Fall-2022-Final-Exam-Schedule.pdf  (run=0, sequential=False)
  - 'MATH141': 'Lee Stemkoski Adelphi University MATH141 course slides'
      1 link(s) @ https://home.adelphi.edu/~stemkoski/Stemkoski-CV.pdf  (run=0, sequential=False)
      1 link(s) @ https://www.adelphi.edu/registrar/wp-content/uploads/sites/49/2020/06/Spring-2020-Exam-Schedule.pdf  (run=0, sequential=False)
      1 link(s) @ https://home.adelphi.edu/~bstone/vita/Branden-Stone-CV.pdf  (run=0, sequential=False)
      1 link(s) @ https://www.adelphi.edu/registrar/wp-content/uploads/sites/49/2022/12/Fall-2022-Final-Exam-Schedule.pdf  (run=0, sequential=False)
  - 'MATH367': 'Lee Stemkoski Adelphi University MATH367 course slides'
      1 link(s) @ https://www.adelphi.edu/registrar/wp-content/uploads/sites/49/2022/12/Fall-2022-Final-Exam-Schedule.pdf  (run=0, sequential=False)

### [math] Mark Riggs — Abilene Christian University (ratings=17, dept=Mathematics, 2 course(s))
  - 'MATH123': 'Mark Riggs Abilene Christian University MATH123 course slides'
      1 link(s) @ https://www.york.edu/about/archives/catalog-files/cat_59-60.pdf  (run=0, sequential=False)
      1 link(s) @ https://www.york.edu/about/archives/catalog-files/cat_62-64.pdf  (run=0, sequential=False)
      1 link(s) @ https://www.york.edu/about/archives/catalog-files/cat_58-59.pdf  (run=0, sequential=False)
  - 'MATH130': 'Mark Riggs Abilene Christian University MATH130 course slides'

### [math] Mike Bolin — Abilene Christian University (ratings=17, dept=Mathematics, 6 course(s))
  - 'MATH123': 'Mike Bolin Abilene Christian University MATH123 course slides'
      1 link(s) @ https://static.csbsju.edu/documents/Catalog/Academic%20Catalog%202018-2019.pdf  (run=0, sequential=False)
      1 link(s) @ https://static.csbsju.edu/documents/catalog/academic%20catalog%202015-2016.pdf  (run=0, sequential=False)
      1 link(s) @ https://static.csbsju.edu/documents/Catalog/Academic%20Catalog%202014-2015.pdf  (run=0, sequential=False)
  - 'PSYC311': 'Mike Bolin Abilene Christian University PSYC311 course slides'
  - 'STATSS322': 'Mike Bolin Abilene Christian University STATSS322 course slides'
  - 'CORE210': 'Mike Bolin Abilene Christian University CORE210 course slides'
      1 link(s) @ https://blogs.acu.edu/reporting/files/2016/01/Org-Chart-11-19-15.pdf  (run=0, sequential=False)
      1 link(s) @ https://acu.edu/wp-content/uploads/2024/05/ACU-Commencement-Program-May-2024.pdf  (run=0, sequential=False)
  - 'MKTG330': 'Mike Bolin Abilene Christian University MKTG330 course slides'
      1 link(s) @ https://blogs.acu.edu/reporting/files/2016/01/Org-Chart-11-19-15.pdf  (run=0, sequential=False)
  - 'MKTG340': 'Mike Bolin Abilene Christian University MKTG340 course slides'

### [math] Trevor Muhammad — Alabama State University (ratings=17, dept=Mathematics, 5 course(s))
  - 'MAT130': 'Trevor Muhammad Alabama State University MAT130 course slides'
  - 'MATH131': 'Trevor Muhammad Alabama State University MATH131 course slides'
      1 link(s) @ https://www.alasu.edu/_qa/2021-2023%20Undergraduate%20Catalog.pdf  (run=0, sequential=False)
      1 link(s) @ https://www.alasu.edu/_qa/2017-19%20Undergraduate%20Catalog%20%20-1-updated_0.pdf  (run=0, sequential=False)
      1 link(s) @ https://registrar.illinoisstate.edu/downloads/Fall%202023%20Textbooks.pdf  (run=0, sequential=False)
      [fetch] error: Page.goto: net::ERR_ABORTED at https://indianastate.edu/media/4818/download?inline=
Call log:
  - navigating to "https://indianastate.edu/media/4818/download?inline=", waiting until "domcontentloaded"

      [fetch] error: Page.goto: net::ERR_ABORTED at https://indianastate.edu/media/5657/download?inline=
Call log:
  - navigating to "https://indianastate.edu/media/5657/download?inline=", waiting until "domcontentloaded"

  - 'MAT131': 'Trevor Muhammad Alabama State University MAT131 course slides'
      1 link(s) @ https://www.alasu.edu/_qa/2015-2017-undergrad-catalog-3-1FINAL_2.pdf  (run=0, sequential=False)
      1 link(s) @ https://www.alasu.edu/_qa/ASU%202019_2021%20FINAL%20CATALOG_MAIN%202.pdf  (run=0, sequential=False)
      1 link(s) @ https://www.alasu.edu/_qa/2021-2023%20Undergraduate%20Catalog.pdf  (run=0, sequential=False)
      [fetch] error: Page.goto: net::ERR_ABORTED at https://indianastate.edu/media/4818/download?inline=
Call log:
  - navigating to "https://indianastate.edu/media/4818/download?inline=", waiting until "domcontentloaded"

      [fetch] error: Page.goto: net::ERR_ABORTED at https://indianastate.edu/media/5657/download?inline=
Call log:
  - navigating to "https://indianastate.edu/media/5657/download?inline=", waiting until "domcontentloaded"

  - 'MAT132': 'Trevor Muhammad Alabama State University MAT132 course slides'
      [fetch] error: Page.goto: net::ERR_ABORTED at https://dox.utdallas.edu/syl152619
Call log:
  - navigating to "https://dox.utdallas.edu/syl152619", waiting until "domcontentloaded"

  - 'MATH130': 'Trevor Muhammad Alabama State University MATH130 course slides'
      [fetch] error: Page.goto: net::ERR_ABORTED at https://verso.uidaho.edu/view/pdfCoverPage?instCode=01ALLIANCE_UID&filePid=13347488090001851&download=true
Call log:
  - navigating to "https://verso.uidaho.edu/view/pdfCoverPage?instCode=01ALLIANCE_UID&filePid=13347488090001851&download=true", waiting until "domcontentloaded"


### [math] Heather Makarewicz — Abilene Christian University (ratings=16, dept=Mathematics, 2 course(s))
  - 'MATH186': 'Heather Makarewicz Abilene Christian University MATH186 course slides'
  - 'MATH123': 'Heather Makarewicz Abilene Christian University MATH123 course slides'

### [math] Jennifer Strickland — Albany State University (ratings=16, dept=Mathematics, 6 course(s))
  - 'STATISTICS': 'Jennifer Strickland Albany State University STATISTICS course slides'
      1 link(s) @ https://www.asurams.edu/academic-affairs/college-of-arts-sciences/mathematics-computer_science-physics/facultystaff10323.pdf  (run=0, sequential=False)
      1 link(s) @ https://stat.osu.edu/sites/default/files/2020-12/2010-statistics-newsletter.pdf  (run=0, sequential=False)
      1 link(s) @ https://www.thomasu.edu/wp-content/uploads/2020/02/2019-2020-TU-Catalog-sm.pdf  (run=0, sequential=False)
      1 link(s) @ https://www.ega.edu/current-students/academics/files/egsc-catalog-060222.pdf  (run=0, sequential=False)
  - 'MATH2411': 'Jennifer Strickland Albany State University MATH2411 course slides'
  - 'MATH1101': 'Jennifer Strickland Albany State University MATH1101 course slides'
      1 link(s) @ https://www.ega.edu/current-students/academics/files/egsc-catalog-060222.pdf  (run=0, sequential=False)
      1 link(s) @ https://www.wgu.edu/content/dam/wgu-65-assets/western-governors/documents/institutional-catalog/2021/catalog-October2021.pdf  (run=0, sequential=False)
      1 link(s) @ https://www.wgu.edu/content/dam/wgu-65-assets/western-governors/documents/institutional-catalog/2018/catalog-June2018.pdf  (run=0, sequential=False)
  - 'MATH1112': 'Jennifer Strickland Albany State University MATH1112 course slides'
  - 'MATH1113': 'Jennifer Strickland Albany State University MATH1113 course slides'
      1 link(s) @ https://www.asurams.edu/academic-affairs/college-of-arts-sciences/mathematics-computer_science-physics/facultystaff10323.pdf  (run=0, sequential=False)
      1 link(s) @ https://ung.edu/institutional-effectiveness-research-administration/_uploads/files/appendices/appendix5.2_gsc_faculty-roster.pdf  (run=0, sequential=False)
      1 link(s) @ https://www.asurams.edu/academic-affairs/college-of-arts-sciences/mathematics-computer_science-physics/Faculty-Staff%20page%20Updated.pdf  (run=0, sequential=False)
  - 'MATH1002': 'Jennifer Strickland Albany State University MATH1002 course slides'
      1 link(s) @ https://www.asurams.edu/academic-affairs/college-of-arts-sciences/mathematics-computer_science-physics/facultystaff10323.pdf  (run=0, sequential=False)
      1 link(s) @ https://www.asurams.edu/academic-affairs/college-of-arts-sciences/mathematics-computer_science-physics/Faculty-Staff%20page%20Updated.pdf  (run=0, sequential=False)

### [math] Joseph Marriott — Adelphi University (ratings=16, dept=Mathematics, 3 course(s))
  - 'MTH104': 'Joseph Marriott Adelphi University MTH104 course slides'
      1 link(s) @ https://faculty.elgin.edu/nscherger/courses/MTH104/104CourseMaterials.pdf  (run=0, sequential=False)
      1 link(s) @ https://www.monroecc.edu/fileadmin/SiteFiles/GeneralContent/depts/math/documents/104_objectives.pdf  (run=0, sequential=False)
      1 link(s) @ https://home.adelphi.edu/~wi16133/mth114/s23/syllabus.pdf  (run=0, sequential=False)
      1 link(s) @ https://home.adelphi.edu/~wi16133/csc161/f21/syllabus.pdf  (run=0, sequential=False)
  - 'CSC270': 'Joseph Marriott Adelphi University CSC270 course slides'
  - 'CSC301': 'Joseph Marriott Adelphi University CSC301 course slides'

### [math] Stephanie Johnson — Alabama A&M University (ratings=16, dept=Mathematics, 8 course(s))
  - 'MTH110': 'Stephanie Johnson Alabama A&M University MTH110 course slides'
      1 link(s) @ https://www.aamu.edu/academics/academic-support-retention/freshman-academy/learning-communities/_documents/aamu-follett-fall-book-list.pdf  (run=0, sequential=False)
      1 link(s) @ https://cacc.edu/content/userfiles/files/Catalogs/2016-2017%20Catalog.pdf  (run=0, sequential=False)
      1 link(s) @ https://catalog.calhoun.edu/sites/default/files/2004-05Catalog.pdf  (run=0, sequential=False)
      1 link(s) @ https://catalog.nacc.edu/sites/default/files/student-handbook-20232024-7-18-24.pdf  (run=0, sequential=False)
  - 'MTH101': 'Stephanie Johnson Alabama A&M University MTH101 course slides'
  - 'MTH112': 'Stephanie Johnson Alabama A&M University MTH112 course slides'
  - 'MTH120': 'Stephanie Johnson Alabama A&M University MTH120 course slides'
      2 link(s) @ https://www.aamu.edu/academics/colleges/engineering-technology-physical-sciences/departments/physics-chemistry-mathematics  (run=0, sequential=False)
      1 link(s) @ https://www.aamu.edu/about/administrative-offices/comptrollers-office/grants-contracts.html  (run=0, sequential=False)
      1 link(s) @ https://www.aamu.edu/academics/honors-program/_documents/honors-convocation-program-booklet-2026-updated.pdf  (run=0, sequential=False)
  - 'MTH125': 'Stephanie Johnson Alabama A&M University MTH125 course slides'
  - 'MATH011': 'Stephanie Johnson Alabama A&M University MATH011 course slides'
      1 link(s) @ https://www.aamu.edu/academics/academic-support-retention/freshman-academy/learning-communities/_documents/aamu-follett-fall-book-list.pdf  (run=0, sequential=False)
  - 'MGT315': 'Stephanie Johnson Alabama A&M University MGT315 course slides'
      1 link(s) @ https://www.aamu.edu/campus-life/campus-safety/_documents/emergency-action-procedure-handbook.pdf  (run=0, sequential=False)
  - 'MTH105': 'Stephanie Johnson Alabama A&M University MTH105 course slides'

### [math] Tuval Foguel — Adelphi University (ratings=16, dept=Mathematics, 6 course(s))
  - 'MTH113': 'Tuval Foguel Adelphi University MTH113 course slides'
      1 link(s) @ https://www.adelphi.edu/operations/wp-content/uploads/sites/60/2020/07/Academic-Adelphi.pdf  (run=0, sequential=False)
  - 'MTH141': 'Tuval Foguel Adelphi University MTH141 course slides'
      1 link(s) @ https://www.adelphi.edu/operations/wp-content/uploads/sites/60/2020/07/Academic-Adelphi.pdf  (run=0, sequential=False)
      1 link(s) @ https://www.adelphi.edu/registrar/wp-content/uploads/sites/49/2022/12/Fall-2022-Final-Exam-Schedule.pdf  (run=0, sequential=False)
      1 link(s) @ https://home.adelphi.edu/~mathcs/MCS_student_handbook_current.pdf  (run=0, sequential=False)
  - 'MATH244': 'Tuval Foguel Adelphi University MATH244 course slides'
      1 link(s) @ https://www.adelphi.edu/registrar/wp-content/uploads/sites/49/2022/12/Fall-2022-Final-Exam-Schedule.pdf  (run=0, sequential=False)
  - 'MTH201': 'Tuval Foguel Adelphi University MTH201 course slides'
      1 link(s) @ https://sejdm.github.io/mth201  (run=0, sequential=False)
      1 link(s) @ https://www.adelphi.edu/operations/wp-content/uploads/sites/60/2020/07/Academic-Adelphi.pdf  (run=0, sequential=False)
  - 'MTH301': 'Tuval Foguel Adelphi University MTH301 course slides'
  - 'MTH142-001': 'Tuval Foguel Adelphi University MTH142-001 course slides'
      1 link(s) @ https://home.adelphi.edu/~tf21064/Summer%202020.pdf  (run=0, sequential=False)
      1 link(s) @ https://www.adelphi.edu/operations/wp-content/uploads/sites/60/2020/07/Academic-Adelphi.pdf  (run=0, sequential=False)
      1 link(s) @ https://www.adelphi.edu/registrar/wp-content/uploads/sites/49/2022/12/Fall-2022-Final-Exam-Schedule.pdf  (run=0, sequential=False)
      1 link(s) @ https://home.adelphi.edu/~mathcs/MCS_student_handbook_current.pdf  (run=0, sequential=False)

### [math] Anil Venkatesh — Adelphi University (ratings=15, dept=Mathematics, 3 course(s))
  - 'MTH142': 'Anil Venkatesh Adelphi University MTH142 course slides'
      1 link(s) @ https://www.adelphi.edu/registrar/wp-content/uploads/sites/49/2022/12/Fall-2022-Final-Exam-Schedule.pdf  (run=0, sequential=False)
      1 link(s) @ https://home.adelphi.edu/~mathcs/MCS_student_handbook_current.pdf  (run=0, sequential=False)
  - 'MTH190': 'Anil Venkatesh Adelphi University MTH190 course slides'
      1 link(s) @ https://www.adelphi.edu/high-school-students/wp-content/uploads/sites/47/2023/05/Courses-Offered-Adelphi.pdf  (run=0, sequential=False)
      12 link(s) @ https://www.adelphi.edu/brand/design/assets-and-templates/powerpoint-google-slides  (run=2, sequential=False)
  - 'MTH141': 'Anil Venkatesh Adelphi University MTH141 course slides'

### [math] Eileen Kline — Adelphi University (ratings=15, dept=Mathematics, 7 course(s))
  - 'PROBLEMSOLVING': 'Eileen Kline Adelphi University PROBLEMSOLVING course slides'
  - 'MATHGS': 'Eileen Kline Adelphi University MATHGS course slides'
  - 'MATH': 'Eileen Kline Adelphi University MATH course slides'
      1 link(s) @ https://www.adelphi.edu/operations/wp-content/uploads/sites/60/2020/07/Academic-Adelphi.pdf  (run=0, sequential=False)
      1 link(s) @ https://www.adelphi.edu/one-stop/wp-content/uploads/sites/79/2025/03/Undergraduate-Bulletin-2005-2007.pdf  (run=0, sequential=False)
      1 link(s) @ https://www.adelphi.edu/registrar/wp-content/uploads/sites/49/2022/12/Fall-2022-Final-Exam-Schedule.pdf  (run=0, sequential=False)
      1 link(s) @ https://www.adelphi.edu/registrar/wp-content/uploads/sites/49/2021/07/Graduate-Bulletin-2008-2010.pdf  (run=0, sequential=False)
  - 'MATH101': 'Eileen Kline Adelphi University MATH101 course slides'
  - 'PROB133': 'Eileen Kline Adelphi University PROB133 course slides'
      1 link(s) @ https://www.adelphi.edu/operations/wp-content/uploads/sites/60/2020/07/Academic-Adelphi.pdf  (run=0, sequential=False)
      1 link(s) @ https://www.adelphi.edu/registrar/wp-content/uploads/sites/49/2022/12/Fall-2022-Final-Exam-Schedule.pdf  (run=0, sequential=False)
      1 link(s) @ https://www.adelphi.edu/nursing/wp-content/uploads/sites/12/2020/07/2012-Summer-Illuminations-Newsletter.pdf  (run=0, sequential=False)
      1 link(s) @ https://www.adelphi.edu/registrar/wp-content/uploads/sites/49/2020/06/Spring-2020-Exam-Schedule.pdf  (run=0, sequential=False)
      1 link(s) @ https://www.adelphi.edu/provost/wp-content/uploads/sites/34/2020/06/Adelphi-University-Self-Study-2019.pdf  (run=0, sequential=False)
      1 link(s) @ https://www.adelphi.edu/one-stop/wp-content/uploads/sites/79/2025/03/2010-2011-Bulletin.pdf  (run=0, sequential=False)
  - 'MATH223': 'Eileen Kline Adelphi University MATH223 course slides'
      12 link(s) @ https://www.adelphi.edu/brand/design/assets-and-templates/powerpoint-google-slides  (run=2, sequential=False)
  - 'MATHSECT': 'Eileen Kline Adelphi University MATHSECT course slides'
      1 link(s) @ https://www.adelphi.edu/operations/wp-content/uploads/sites/60/2020/07/Academic-Adelphi.pdf  (run=0, sequential=False)
      1 link(s) @ https://www.adelphi.edu/registrar/wp-content/uploads/sites/49/2022/12/Fall-2022-Final-Exam-Schedule.pdf  (run=0, sequential=False)
      1 link(s) @ https://www.adelphi.edu/registrar/wp-content/uploads/sites/49/2021/07/Graduate-Bulletin-2008-2010.pdf  (run=0, sequential=False)
      1 link(s) @ https://www.adelphi.edu/one-stop/wp-content/uploads/sites/79/2025/03/Undergraduate-Bulletin-2005-2007.pdf  (run=0, sequential=False)
      1 link(s) @ https://sites.math.rutgers.edu/~jpmejia/files/Weber_(2004JMB).pdf  (run=0, sequential=False)

### [math] Paul Nguyen — Agnes Scott College (ratings=15, dept=Mathematics, 5 course(s))
  - 'MAT119': 'Paul Nguyen Agnes Scott College MAT119 course slides'
      1 link(s) @ https://www.agnesscott.edu/assets/documents/catalogs/2025-2026undergraduatecatalog.pdf  (run=0, sequential=False)
      1 link(s) @ https://www.na.edu/documents/about/NAU%20Textbooks%20Spring%202023.pdf  (run=0, sequential=False)
  - 'MAT117': 'Paul Nguyen Agnes Scott College MAT117 course slides'
      1 link(s) @ https://www2.deanza.edu/math/documents/2016/s16syllabi/Nguyen-Math-1D-63-S16.pdf  (run=0, sequential=False)
      1 link(s) @ https://www.agnesscott.edu/assets/documents/catalogs/2025-2026undergraduatecatalog.pdf  (run=0, sequential=False)
  - 'MAT206': 'Paul Nguyen Agnes Scott College MAT206 course slides'
      1 link(s) @ https://www.agnesscott.edu/assets/documents/catalogs/2025-2026undergraduatecatalog.pdf  (run=0, sequential=False)
      1 link(s) @ https://dspace.agnesscott.edu/bitstream/123456789/413/1/Faculty_meeting_minutes_2019.pdf  (run=0, sequential=False)
  - 'MAT309': 'Paul Nguyen Agnes Scott College MAT309 course slides'
      1 link(s) @ https://rsc.byu.edu/sites/default/files/pub_content/pdf/23+The+Life+of+the+Apostle+Paul.pdf  (run=0, sequential=False)
      1 link(s) @ https://cdn.vanderbilt.edu/vu-wpfsx/wp-content/uploads/sites/51/2026/06/State-of-Scholarship-Report-final.pdf  (run=0, sequential=False)
  - 'MAT331': 'Paul Nguyen Agnes Scott College MAT331 course slides'

### [math] Phyllis Bolin — Abilene Christian University (ratings=15, dept=Mathematics, 5 course(s))
  - 'MATW123': 'Phyllis Bolin Abilene Christian University MATW123 course slides'
      1 link(s) @ https://blogs.acu.edu/reporting/files/2016/01/Org-Chart-11-19-15.pdf  (run=0, sequential=False)
  - 'MATH123': 'Phyllis Bolin Abilene Christian University MATH123 course slides'
      1 link(s) @ https://blogs.acu.edu/reporting/files/2016/01/Org-Chart-11-19-15.pdf  (run=0, sequential=False)
  - 'MATH147': 'Phyllis Bolin Abilene Christian University MATH147 course slides'
      1 link(s) @ https://blogs.acu.edu/reporting/files/2016/01/Org-Chart-11-19-15.pdf  (run=0, sequential=False)
  - 'MATH237': 'Phyllis Bolin Abilene Christian University MATH237 course slides'
  - 'MATW120': 'Phyllis Bolin Abilene Christian University MATW120 course slides'
      1 link(s) @ https://blogs.acu.edu/reporting/files/2016/01/Org-Chart-11-19-15.pdf  (run=0, sequential=False)

### [math] Raynetta Prevo — Alabama State University (ratings=15, dept=Mathematics, 2 course(s))
  - 'MAT165': 'Raynetta Prevo Alabama State University MAT165 course slides'
  - 'MAT137': 'Raynetta Prevo Alabama State University MAT137 course slides'
      1 link(s) @ https://www.alasu.edu/_qa/ASU%202019_2021%20FINAL%20CATALOG_MAIN%202.pdf  (run=0, sequential=False)
      1 link(s) @ https://www.alasu.edu/_qa/2021-2023%20Undergraduate%20Catalog.pdf  (run=0, sequential=False)
      1 link(s) @ https://www.alasu.edu/_qa/28636-ASU-undergraduate-catalog_0%202.pdf  (run=0, sequential=False)
      1 link(s) @ https://www.alasu.edu/_qa/2015-2017-undergrad-catalog-3-1FINAL_2.pdf  (run=0, sequential=False)

### [math] Roxana Dita — Abilene Christian University (ratings=15, dept=Mathematics, 2 course(s))
  - 'MATW120': 'Roxana Dita Abilene Christian University MATW120 course slides'
      1 link(s) @ https://blogs.acu.edu/johnehrke/files/2012/06/Summer11_Syllabus.pdf  (run=0, sequential=False)
      1 link(s) @ https://blogs.acu.edu/johnehrke/files/2012/06/F09_13001_Syllabus.pdf  (run=0, sequential=False)
      1 link(s) @ https://blogs.acu.edu/johnehrke/files/2012/06/S10_227_Syllabus.pdf  (run=0, sequential=False)
  - 'MATH120': 'Roxana Dita Abilene Christian University MATH120 course slides'

### [math] Robin Cruz — College of Idaho (ratings=14, dept=Mathematics, 8 course(s))
  - 'MAT112': 'Robin Cruz College of Idaho MAT112 course slides'
  - 'CALC': 'Robin Cruz College of Idaho CALC course slides'
      1 link(s) @ https://www.ucop.edu/institutional-research-academic-planning/_files/adapting-introductory-math-instruction-at-uc.pdf  (run=0, sequential=False)
      1 link(s) @ https://www.nu.edu/wp-content/uploads/2025/11/NU-Catalog-88-November-2025-11-17-25_V3.pdf  (run=0, sequential=False)
  - 'CALC150': 'Robin Cruz College of Idaho CALC150 course slides'
      [fetch] error: Page.goto: net::ERR_ABORTED at https://www.lib.uidaho.edu/digital/argonaut/assets/data/subjects.csv
Call log:
  - navigating to "https://www.lib.uidaho.edu/digital/argonaut/assets/data/subjects.csv", waiting until "domcontentloaded"

      [fetch] error: Page.goto: net::ERR_ABORTED at https://content-hub.uidaho.edu/api/public/content/42e5cd2121b14e3ea9626f8ca69dbc10?v=864894d1
Call log:
  - navigating to "https://content-hub.uidaho.edu/api/public/content/42e5cd2121b14e3ea9626f8ca69dbc10?v=864894d1", waiting until "domcontentloaded"

  - 'CALC151': 'Robin Cruz College of Idaho CALC151 course slides'
  - 'CSC270': 'Robin Cruz College of Idaho CSC270 course slides'
      1 link(s) @ https://bulletin.wfu.edu/pdf/Undergraduate%20Bulletin%202026-2027.pdf  (run=0, sequential=False)
  - 'MAT': 'Robin Cruz College of Idaho MAT course slides'
      1 link(s) @ https://collegeofidaho.edu/wp-content/uploads/2025/09/Quest-2025.pdf  (run=0, sequential=False)
  - 'MAT102': 'Robin Cruz College of Idaho MAT102 course slides'
      [fetch] error: Page.goto: net::ERR_ABORTED at https://content-hub.uidaho.edu/api/public/content/42e5cd2121b14e3ea9626f8ca69dbc10?v=864894d1
Call log:
  - navigating to "https://content-hub.uidaho.edu/api/public/content/42e5cd2121b14e3ea9626f8ca69dbc10?v=864894d1", waiting until "domcontentloaded"

      1 link(s) @ https://new.math.uiuc.edu/499ppt.pdf  (run=0, sequential=False)
      1 link(s) @ https://new.math.uiuc.edu/puppetshow/KSU-KNbest.pdf  (run=0, sequential=False)
  - 'MAT150': 'Robin Cruz College of Idaho MAT150 course slides'
      [fetch] error: Page.goto: net::ERR_ABORTED at https://content-hub.uidaho.edu/api/public/content/42e5cd2121b14e3ea9626f8ca69dbc10?v=864894d1
Call log:
  - navigating to "https://content-hub.uidaho.edu/api/public/content/42e5cd2121b14e3ea9626f8ca69dbc10?v=864894d1", waiting until "domcontentloaded"

      1 link(s) @ https://www.nu.edu/wp-content/uploads/2025/07/NU-Catalog-87-September-2024.pdf  (run=0, sequential=False)
      1 link(s) @ https://www.nu.edu/wp-content/uploads/2025/07/Subscription-Catalog-86-July-2024.pdf  (run=0, sequential=False)

### [math] Saleh Aliyari — Adelphi University (ratings=14, dept=Mathematics, 8 course(s))
  - 'MTH113': 'Saleh Aliyari Adelphi University MTH113 course slides'
      12 link(s) @ https://www.adelphi.edu/brand/design/assets-and-templates/powerpoint-google-slides  (run=2, sequential=False)
  - 'MTH244': 'Saleh Aliyari Adelphi University MTH244 course slides'
  - 'CSC270': 'Saleh Aliyari Adelphi University CSC270 course slides'
  - 'MTH253': 'Saleh Aliyari Adelphi University MTH253 course slides'
      12 link(s) @ https://www.adelphi.edu/brand/design/assets-and-templates/powerpoint-google-slides  (run=2, sequential=False)
  - 'CS272': 'Saleh Aliyari Adelphi University CS272 course slides'
      1 link(s) @ https://sjsu-interconnect.github.io/teaching/f22-cs272  (run=1, sequential=False)
      12 link(s) @ https://www.adelphi.edu/brand/design/assets-and-templates/powerpoint-google-slides  (run=2, sequential=False)
  - 'CSC171': 'Saleh Aliyari Adelphi University CSC171 course slides'
  - 'CSC175': 'Saleh Aliyari Adelphi University CSC175 course slides'
      12 link(s) @ https://www.adelphi.edu/brand/design/assets-and-templates/powerpoint-google-slides  (run=2, sequential=False)
  - 'MTH431': 'Saleh Aliyari Adelphi University MTH431 course slides'
      1 link(s) @ https://www.adelphi.edu/registrar/wp-content/uploads/sites/49/2020/06/Spring-2020-Exam-Schedule.pdf  (run=0, sequential=False)

### [math] Bo Green — Abilene Christian University (ratings=13, dept=Mathematics, 6 course(s))
  - 'MATH120': 'Bo Green Abilene Christian University MATH120 course slides'
      1 link(s) @ https://blogs.acu.edu/johnehrke/files/2012/06/S12_440_CourseSyllabi.pdf  (run=0, sequential=False)
  - 'BUSINESSMATH': 'Bo Green Abilene Christian University BUSINESSMATH course slides'
  - 'CLASSSECT': 'Bo Green Abilene Christian University CLASSSECT course slides'
  - 'DISCRETE': 'Bo Green Abilene Christian University DISCRETE course slides'
  - 'MATH109': 'Bo Green Abilene Christian University MATH109 course slides'
      1 link(s) @ https://catalog.vcsu.edu/undergraduate-catalog/courses/math/math.pdf  (run=0, sequential=False)
  - 'STATS': 'Bo Green Abilene Christian University STATS course slides'
      1 link(s) @ https://blogs.acu.edu/johnehrke/files/2012/06/S12_440_CourseSyllabi.pdf  (run=0, sequential=False)

### [math] Calvin Gatson — Alabama State University (ratings=13, dept=Mathematics, 5 course(s))
  - 'MAT130': 'Calvin Gatson Alabama State University MAT130 course slides'
  - 'MATHMATH': 'Calvin Gatson Alabama State University MATHMATH course slides'
  - 'MAT131': 'Calvin Gatson Alabama State University MAT131 course slides'
      1 link(s) @ https://www.alasu.edu/_qa/CSTEM+Mathematics+B.S..pdf  (run=0, sequential=False)
      [fetch] error: Page.goto: net::ERR_ABORTED at https://www.umass.edu/mathematics-statistics/media/697/download
Call log:
  - navigating to "https://www.umass.edu/mathematics-statistics/media/697/download", waiting until "domcontentloaded"

      2 link(s) @ https://math.asu.edu/resources/math-courses  (run=0, sequential=False)
  - 'MATH': 'Calvin Gatson Alabama State University MATH course slides'
      1 link(s) @ https://www.alasu.edu/_qa/CSTEM+Mathematics+B.S..pdf  (run=0, sequential=False)
      1 link(s) @ https://www.uab.edu/amsti/images/Math_resources/Curriculum-Guide.pdf  (run=0, sequential=False)
      24 link(s) @ https://www.una.edu/math/course-syllabi.html  (run=1, sequential=False)
  - 'MTH131': 'Calvin Gatson Alabama State University MTH131 course slides'

### [math] Jason Holland — Abilene Christian University (ratings=13, dept=Mathematics, 5 course(s))
  - 'MATH120': 'Jason Holland Abilene Christian University MATH120 course slides'
      1 link(s) @ https://wp.missouristate.edu/Catalog/_Files/Catalog-MSU-WP-2022-2023.pdf  (run=0, sequential=False)
  - 'MATH185': 'Jason Holland Abilene Christian University MATH185 course slides'
  - 'CALC1': 'Jason Holland Abilene Christian University CALC1 course slides'
      1 link(s) @ https://bccalculus.blog.brooklyn.edu/files/2018/02/CalculusBook-18-02-09.pdf  (run=0, sequential=False)
      1 link(s) @ https://www.angelina.edu/wp-content/uploads/2023/07/2023-24-Catalog-8-19-22.pdf  (run=0, sequential=False)
  - 'MATH': 'Jason Holland Abilene Christian University MATH course slides'
  - 'MATW120': 'Jason Holland Abilene Christian University MATW120 course slides'

### [math] Anilkumar Devarapu — Albany State University (ratings=12, dept=Mathematics, 8 course(s))
  - 'MATH1111': 'Anilkumar Devarapu Albany State University MATH1111 course slides'
  - 'MATH2411': 'Anilkumar Devarapu Albany State University MATH2411 course slides'
      1 link(s) @ https://www.asurams.edu/docs/institutional-effectiveness/ASU_Focus_Report/ASU%20Focus%20Report%20February%202020.pdf  (run=0, sequential=False)
  - '1113': 'Anilkumar Devarapu Albany State University 1113 course slides'
  - 'CAL1': 'Anilkumar Devarapu Albany State University CAL1 course slides'
  - 'MATH': 'Anilkumar Devarapu Albany State University MATH course slides'
      1 link(s) @ https://oer.galileo.usg.edu/context/mathematics-collections/article/1042/viewcontent/College_Algebra__ASU_.pdf  (run=0, sequential=False)
      1 link(s) @ https://www.asurams.edu/images/substantive-change-report/IMAGES/SOURCE24348.PDF  (run=0, sequential=False)
      1 link(s) @ https://www.asurams.edu/docs/handbooks/faculty/2017-Faculty-Handbook.pdf  (run=0, sequential=False)
      1 link(s) @ https://www.asurams.edu/docs/pre-2019/Seyed-Roosta-Vita.pdf  (run=0, sequential=False)
  - 'MATH1113': 'Anilkumar Devarapu Albany State University MATH1113 course slides'
      1 link(s) @ https://www.asurams.edu/docs/institutional-effectiveness/ASU_Focus_Report/ASU%20Focus%20Report%20February%202020.pdf  (run=0, sequential=False)
  - 'MATH1201': 'Anilkumar Devarapu Albany State University MATH1201 course slides'
      1 link(s) @ https://oer.galileo.usg.edu/context/mathematics-collections/article/1042/viewcontent/College_Algebra__ASU_.pdf  (run=0, sequential=False)
      1 link(s) @ https://www.asurams.edu/docs/orsp/Devarapu-Interest-and-Capability-Statement.pdf  (run=0, sequential=False)
  - 'MATH1401': 'Anilkumar Devarapu Albany State University MATH1401 course slides'
      1 link(s) @ https://www.asurams.edu/docs/orsp/Devarapu-Interest-and-Capability-Statement.pdf  (run=0, sequential=False)
      1 link(s) @ https://oer.galileo.usg.edu/context/mathematics-collections/article/1042/viewcontent/College_Algebra__ASU_.pdf  (run=0, sequential=False)

### [math] J. Ezeibe — Alabama A&M University (ratings=12, dept=Mathematics, 6 course(s))
  - 'MATH113': 'J. Ezeibe Alabama A&M University MATH113 course slides'
      2 link(s) @ https://www-math.umd.edu/offered-courses/358-math-113-college-algebra-with-applications.html  (run=0, sequential=False)
      1 link(s) @ https://www.pvamu.edu/sites/hb2504/courses/Summer%202021/MATH%201113-ZB1.pdf  (run=0, sequential=False)
  - 'MTH112': 'J. Ezeibe Alabama A&M University MTH112 course slides'
      1 link(s) @ https://www.aamu.edu/about/administrative-offices/academic-affairs/resources-for-students/_documents/general-education-course-listing.pdf  (run=0, sequential=False)
      1 link(s) @ https://www.aamu.edu/academics/colleges/engineering-technology-physical-sciences/departments/physics-chemistry-mathematics/mathematics/_documents/mth-minor-flowchart.pdf  (run=0, sequential=False)
  - 'MATH112': 'J. Ezeibe Alabama A&M University MATH112 course slides'
  - 'MTH125': 'J. Ezeibe Alabama A&M University MTH125 course slides'
  - 'MTH113': 'J. Ezeibe Alabama A&M University MTH113 course slides'
      1 link(s) @ https://www.aamu.edu/admissions-aid/graduate-admissions/_documents/gradevent_power_point.a.pptx  (run=0, sequential=False)
  - 'MTH120': 'J. Ezeibe Alabama A&M University MTH120 course slides'
      1 link(s) @ https://www.apu.apus.edu/docs/shared/course-syllabus/MATH120.pdf  (run=0, sequential=False)
      3 link(s) @ https://www.southalabama.edu/colleges/artsandsci/mathstat/syllabi/ma120.html  (run=0, sequential=False)
      1 link(s) @ https://www.aamu.edu/about/administrative-offices/academic-affairs/resources-for-students/_documents/general-education-course-listing.pdf  (run=0, sequential=False)

### [math] Mohammad Javadi — Adelphi University (ratings=12, dept=Mathematics, 2 course(s))
  - '110-002': 'Mohammad Javadi Adelphi University 110-002 course slides'
  - 'stats': 'Mohammad Javadi Adelphi University stats course slides'

### [math] Wen Chang — Alabama State University (ratings=12, dept=Mathematics, 6 course(s))
  - 'MAT165': 'Wen Chang Alabama State University MAT165 course slides'
  - 'MAT137': 'Wen Chang Alabama State University MAT137 course slides'
      1 link(s) @ https://www.aamu.edu/academics/colleges/education-humanities-behavioral-sciences/research-outreach-centers/regional-inservice-center/_documents/2019-alabama-course-of-study-mathematics.pdf  (run=0, sequential=False)
  - 'MAT225': 'Wen Chang Alabama State University MAT225 course slides'
      1 link(s) @ https://www.aamu.edu/academics/colleges/education-humanities-behavioral-sciences/research-outreach-centers/regional-inservice-center/_documents/2019-alabama-course-of-study-mathematics.pdf  (run=0, sequential=False)
      1 link(s) @ https://www.alasu.edu/_qa/2013-2014%20Graduate%20Bulletin.August202019_3.pdf  (run=0, sequential=False)
      1 link(s) @ https://www.alasu.edu/_qa/HLMGS%20Grad%20Bulletin%202018-2019_0.pdf  (run=0, sequential=False)
      1 link(s) @ https://www.alasu.edu/_qa/ASU%202019_2021%20FINAL%20CATALOG_MAIN%202.pdf  (run=0, sequential=False)
      1 link(s) @ https://www.alasu.edu/_qa/28636-ASU-undergraduate-catalog_0%202.pdf  (run=0, sequential=False)
      1 link(s) @ https://www.alasu.edu/_qa/2015-2017-undergrad-catalog-3-1FINAL_2.pdf  (run=0, sequential=False)
  - 'MAT265': 'Wen Chang Alabama State University MAT265 course slides'
      2 link(s) @ https://math.asu.edu/mat265  (run=0, sequential=False)
      1 link(s) @ https://erutter.wordpress.ncsu.edu/files/2017/10/MAT265syllabus.pdf  (run=0, sequential=False)
  - 'MAT486': 'Wen Chang Alabama State University MAT486 course slides'
  - 'MATH165': 'Wen Chang Alabama State University MATH165 course slides'
      1 link(s) @ https://www.dakotacollege.edu/application/files/7014/1028/0302/MATH165-RENNER-SP14.pdf  (run=0, sequential=False)
      1 link(s) @ https://bismarckstate.edu/Uploads/277/MATH165-SU20-Online-Skibicki.pdf  (run=0, sequential=False)
      [fetch] error: Page.goto: net::ERR_ABORTED at https://www.bsu.edu/web/bsudatastream?ds=YRr8J6iknQ11nuO2r6yVd2HB4G9uc8aFOFVYcN38Vac%2FAHNcAWw0SgkJdWiL20ReYV5xhRTorYWR%2BT1kNA1hFQwSJtQME4ZrqY0JR4HYd4GLRSUXJvqwx%2BeNyi5u431jv9mr94PRO2T4nFVtuqoQzA%3D%3D
Call log:
  - navigating to "https://www.bsu.edu/web/bsudatastream?ds=YRr8J6iknQ11nuO2r6yVd2HB4G9uc8aFOFVYcN38Vac%2FAHNcAWw0SgkJdWiL20ReYV5xhRTorYWR%2BT1kNA1hFQwSJtQME4ZrqY0JR4HYd4GLRSUXJvqwx%2BeNyi5u431jv9mr94PRO2T4nFVtuqoQzA%3D%3D", waiting until "domcontentloaded"

      1 link(s) @ https://www.alasu.edu/_qa/Grad_Catalog-1.pdf  (run=0, sequential=False)
      1 link(s) @ https://www.alasu.edu/_qa/HLMGS%20Grad%20Bulletin%202018-2019_0.pdf  (run=0, sequential=False)

### [math] Chris Storm — Adelphi University (ratings=11, dept=Mathematics, 8 course(s))
  - 'CALC141': 'Chris Storm Adelphi University CALC141 course slides'
  - 'MTH141': 'Chris Storm Adelphi University MTH141 course slides'
  - 'CALCI': 'Chris Storm Adelphi University CALCI course slides'
  - 'CALCU141': 'Chris Storm Adelphi University CALCU141 course slides'
  - 'INTROGAME': 'Chris Storm Adelphi University INTROGAME course slides'
  - 'MAT301': 'Chris Storm Adelphi University MAT301 course slides'
  - 'MATH141': 'Chris Storm Adelphi University MATH141 course slides'
      2 link(s) @ https://www-math.umd.edu/undergraduate/departmental-course-pages/offered-courses/364-math-141-calculus-ii.html  (run=0, sequential=False)
  - 'MTH431': 'Chris Storm Adelphi University MTH431 course slides'

### [math] Connie High — Abraham Baldwin Agricultural College (ratings=11, dept=Mathematics, 4 course(s))
  - 'MATH1111': 'Connie High Abraham Baldwin Agricultural College MATH1111 course slides'
  - 'MATH2053': 'Connie High Abraham Baldwin Agricultural College MATH2053 course slides'
  - 'ALEG1101': 'Connie High Abraham Baldwin Agricultural College ALEG1101 course slides'
      1 link(s) @ https://www.abac.edu/current-students-resources.html  (run=1, sequential=False)
      1 link(s) @ https://www.abac.edu/about/index.html  (run=1, sequential=False)
      1 link(s) @ https://www.abac.edu/programs/index.html  (run=1, sequential=False)
      1 link(s) @ https://www.abac.edu/academics/schools/socsci-edu-arts/english_and_communication/index.html  (run=1, sequential=False)
  - 'MATH1001': 'Connie High Abraham Baldwin Agricultural College MATH1001 course slides'
      1 link(s) @ https://ecore.usg.edu/pdf/equivalencies/FY-19/ABAC-SLA-Equivalencies.pdf  (run=0, sequential=False)

### [math] David Rosoff — College of Idaho (ratings=11, dept=Mathematics, 8 course(s))
  - 'MATH151': 'David Rosoff College of Idaho MATH151 course slides'
  - 'MA150': 'David Rosoff College of Idaho MA150 course slides'
  - 'CSC150': 'David Rosoff College of Idaho CSC150 course slides'
  - 'CSC494': 'David Rosoff College of Idaho CSC494 course slides'
  - 'MAT101': 'David Rosoff College of Idaho MAT101 course slides'
  - 'MAT352': 'David Rosoff College of Idaho MAT352 course slides'
  - 'MAT431': 'David Rosoff College of Idaho MAT431 course slides'
  - 'STATS101': 'David Rosoff College of Idaho STATS101 course slides'

### [math] Donna D'ambrosio — Adelphi University (ratings=11, dept=Mathematics, 3 course(s))
  - 'MTH111': "Donna D'ambrosio Adelphi University MTH111 course slides"
      1 link(s) @ https://open.oregonstate.edu/textbooks/mth-111-course-notebook.pdf  (run=0, sequential=False)
      1 link(s) @ https://bulletin.wfu.edu/undergraduate/departments-programs/mathematics/mathematics.pdf  (run=0, sequential=False)
      1 link(s) @ https://www.adelphi.edu/registrar/wp-content/uploads/sites/49/2020/06/Spring-2020-Exam-Schedule.pdf  (run=0, sequential=False)
      1 link(s) @ https://math.siu.edu/_common/documents/spring16-misc/syllabi/math111-panditharathna.pdf  (run=0, sequential=False)
      1 link(s) @ https://math.as.uky.edu/sites/default/files/MA111-008.Intro%20to%20Contemporary%20Math.SP2011.Steil_.pdf  (run=0, sequential=False)
  - 'MTH113': "Donna D'ambrosio Adelphi University MTH113 course slides"
      1 link(s) @ https://home.adelphi.edu/~bstone/teaching/math113/docs/CourseSyllabus.pdf  (run=0, sequential=False)
      1 link(s) @ https://bulletin.wfu.edu/courses-az/mth/mth.pdf  (run=0, sequential=False)
      1 link(s) @ https://www.adelphi.edu/one-stop/wp-content/uploads/sites/79/2025/11/Fall-2025-Finals-Schedule-MASTER-11262025.pdf  (run=0, sequential=False)
  - 'MTH116': "Donna D'ambrosio Adelphi University MTH116 course slides"
      1 link(s) @ https://www2.math.upenn.edu/ugrad/calc/m116/Math116Syllabus.pdf  (run=0, sequential=False)

### [math] Amitava Ghosh — Abraham Baldwin Agricultural College (ratings=10, dept=Mathematics, 4 course(s))
  - 'MATH1101': 'Amitava Ghosh Abraham Baldwin Agricultural College MATH1101 course slides'
  - 'MATH1111': 'Amitava Ghosh Abraham Baldwin Agricultural College MATH1111 course slides'
      [fetch] error: Page.goto: net::ERR_CERT_DATE_INVALID at https://nge-prod-wp.galileo.usg.edu/articles/colleges-universities/abraham-baldwin-agricultural-college
Call log:
  - navigating to "https://nge-prod-wp.galileo.usg.edu/articles/colleges-universities/abraham-baldwin-agricultural-college", waiting until "domcontentloaded"

      1 link(s) @ https://abac.edu/news/2024/09/abraham_baldwin_agricultural_college_leads_usg_in_low-_and_no-cost_course_materials.html  (run=1, sequential=False)
  - 'MATH0097': 'Amitava Ghosh Abraham Baldwin Agricultural College MATH0097 course slides'
      1 link(s) @ https://www.heritageit.edu/PDF/MCA_CA_syllabus_Aug-2019.pdf  (run=0, sequential=False)
      1 link(s) @ https://www.swamivivekanandauniversity.ac.in/resource/assets/pdf/books/Advances%20in%20Computational%20Solutions.pdf  (run=0, sequential=False)
  - 'MATH97': 'Amitava Ghosh Abraham Baldwin Agricultural College MATH97 course slides'

### [math] Balaram Ghimire — Alabama State University (ratings=10, dept=Mathematics, 2 course(s))
  - 'MAT137': 'Balaram Ghimire Alabama State University MAT137 course slides'
      24 link(s) @ https://www.math.utoronto.ca/ivan/mat137/1617.html  (run=12, sequential=True)
      + 1_ivan_lecture01_student.pdf
      + 2_ivan_lecture02_student.pdf
      + 3_ivan_lecture03_student.pdf
      + 4_ivan_lecture04_student.pdf
      + 5_ivan_lecture05_student.pdf
      + 6_ivan_lecture06_student.pdf
      + 7_ivan_lecture07_student.pdf
      + 8_ivan_lecture08_student.pdf
      + 9_ivan_lecture09_student.pdf
      + 10_ivan_lecture10_student.pdf
      + 11_ivan_lecture11_student.pdf
      + 12_ivan_lecture12_student.pdf
      + 13_ivan_lecture201_student.pdf
      + 14_ivan_lecture202_student.pdf
      + 15_ivan_lecture203_student.pdf
      + 16_ivan_lecture204_student.pdf
      + 17_ivan_lecture205_student.pdf
      + 18_ivan_lecture206_student.pdf
      + 19_ivan_lecture207_student.pdf
      + 20_ivan_lecture208_student.pdf
      + 21_ivan_lecture209_student.pdf
      + 22_ivan_lecture210_student.pdf
      + 23_ivan_lecture211_student.pdf
      + 24_ivan_lecture212_student.pdf
      -> saved: 24 new, 0 skip, 0 fail (https://www.math.utoronto.ca/ivan/mat137/1617.html)
  - 'PRECALCTRIG': 'Balaram Ghimire Alabama State University PRECALCTRIG course slides'
      12 link(s) @ https://www.andrews.edu/~rwright/precal/powerpoints/preshows.php  (run=12, sequential=True)
      + 1_Precalculus_01_Functions_and_Graphs.pptx
      + 2_Precalculus_02_Polynomial_Functions.pptx
      + 3_Precalculus_03_Exponential_and_Logarithmic_Functions.pptx
      + 4_Precalculus_04_Trigonometry.pptx
      + 5_Precalculus_05_Analytic_Trigonometry.pptx
      + 6_Precalculus_06_Additional_Trigonometric_Topics.pptx
      + 7_Precalculus_07_Analytic_Geometry_and_Conic_Sections.pptx
      + 8_Precalculus_08_Systems_of_Equations_and_Inequalities.pptx
      + 9_Precalculus_09_Matrices.pptx
      + 10_Precalculus_10_Sequences_and_Series.pptx
      + 11_Precalculus_11_Analytic_Geometry_in_Three_Dimensions.pptx
      + 12_Precalculus_12_Introduction_to_Calculus.pptx
      -> saved: 12 new, 0 skip, 0 fail (https://www.andrews.edu/~rwright/precal/powerpoints/preshows.php)

### [math] Charles Webb — Alabama A&M University (ratings=10, dept=Mathematics, 7 course(s))
  - 'MTH126': 'Charles Webb Alabama A&M University MTH126 course slides'
      1 link(s) @ https://www.aamu.edu/research-economic-development/institutional-planning-research-effectiveness/fyir-82a/_documents/cetps/2017-18/bs-electrical-engineering-abet-report-2018.pdf  (run=0, sequential=False)
      1 link(s) @ https://www.aamu.edu/research-economic-development/institutional-planning-research-effectiveness/fyir-82a/_documents/cetps/2017-18/bs-computer-science-abet-report-2016.pdf  (run=0, sequential=False)
      1 link(s) @ https://snead.edu/wp-content/uploads/imp-files/Uploads/files/Current%20Students/Catalog%202018-2020%20Addendum.pdf  (run=0, sequential=False)
      1 link(s) @ https://www.bscc.edu/Content/Uploads/bscc.edu/files/BSCC%202017-18%20Catalog07.31.17.pdf  (run=0, sequential=False)
  - 'MTH125': 'Charles Webb Alabama A&M University MTH125 course slides'
      1 link(s) @ https://www.aamu.edu/research-economic-development/institutional-planning-research-effectiveness/fyir-82a/_documents/cetps/2017-18/bs-electrical-engineering-abet-report-2018.pdf  (run=0, sequential=False)
      1 link(s) @ https://www.aamu.edu/research-economic-development/institutional-planning-research-effectiveness/fyir-82a/_documents/cetps/2017-18/bs-computer-science-abet-report-2016.pdf  (run=0, sequential=False)
  - 'MATH112': 'Charles Webb Alabama A&M University MATH112 course slides'
  - 'MTH010': 'Charles Webb Alabama A&M University MTH010 course slides'
      1 link(s) @ https://www.aamu.edu/academics/honors-program/_documents/honors-convocation-program-booklet-2026.pdf  (run=0, sequential=False)
      1 link(s) @ https://www.aamu.edu/academics/honors-program/_documents/_convocation/honors-convocation-program-2025.pdf  (run=0, sequential=False)
      1 link(s) @ https://www.brescia.edu/wp-content/uploads/2025-2026-Brescia-University-Catalog.pdf  (run=0, sequential=False)
  - 'MTH112': 'Charles Webb Alabama A&M University MTH112 course slides'
      1 link(s) @ https://snead.edu/wp-content/uploads/imp-files/Uploads/files/Current%20Students/Catalog%202018-2020%20Addendum.pdf  (run=0, sequential=False)
      1 link(s) @ https://mathalumni.math.wisc.edu/wp-content/uploads/sites/226/2023/10/mathnews2017.pdf  (run=0, sequential=False)
      1 link(s) @ https://www.bscc.edu/Content/Uploads/bscc.edu/files/BSCC%202017-18%20Catalog07.31.17.pdf  (run=0, sequential=False)
      1 link(s) @ https://catalog.nacc.edu/sites/default/files/student-handbook-20232024-7-18-24.pdf  (run=0, sequential=False)
      1 link(s) @ https://www.brescia.edu/wp-content/uploads/2025-2026-Brescia-University-Catalog.pdf  (run=0, sequential=False)
  - 'MTH113': 'Charles Webb Alabama A&M University MTH113 course slides'
      [fetch] error: Page.goto: net::ERR_ABORTED at https://www.purdue.edu/senate/documents/ucc/UCC-Master-Course-List-PWL-Transfer.xlsx
Call log:
  - navigating to "https://www.purdue.edu/senate/documents/ucc/UCC-Master-Course-List-PWL-Transfer.xlsx", waiting until "domcontentloaded"

      1 link(s) @ https://www.adelphi.edu/one-stop/wp-content/uploads/sites/79/2025/03/Graduate-Bulletin-2000-2001.pdf  (run=0, sequential=False)
      1 link(s) @ https://snead.edu/wp-content/uploads/2023/02/College-Catalog-2022-2024.pdf  (run=0, sequential=False)
      1 link(s) @ https://www.nacc.edu/Content/Uploads/NACC/files/OIPA/SACSCOC/Complete%20Compliance%20Certification_022414.pdf  (run=0, sequential=False)
      1 link(s) @ https://catalog.bscc.edu/sites/default/files/201819-catalog-pdf-download.pdf  (run=0, sequential=False)
      1 link(s) @ https://www.hillsdale.edu/wp-content/uploads/2022/07/2022-23-Hillsdale-College-Catalog.pdf  (run=0, sequential=False)
  - 'MTH125126': 'Charles Webb Alabama A&M University MTH125126 course slides'
      1 link(s) @ https://www.aamu.edu/about/administrative-offices/academic-affairs/resources-for-students/_documents/general-education-course-listing.pdf  (run=0, sequential=False)

### [math] Jayanti Saha — Albany State University (ratings=10, dept=Mathematics, 1 course(s))
  - 'MATH1111': 'Jayanti Saha Albany State University MATH1111 course slides'
      1 link(s) @ https://www.asurams.edu/academic-affairs/learning-centers/Fall%202024%20Study%20Table%20Room%20Assignments%20083024.pdf  (run=0, sequential=False)
      1 link(s) @ https://dspace.christcollegeijk.edu.in/bitstream/123456789/2282/1/1.B.Sc.%20Mathematics.pdf  (run=0, sequential=False)
      1 link(s) @ https://csjmu.ac.in/university-schools-syllabus/School%20of%20Basic%20Sciences/Effective%20from%202025%20Onwards/B.Sc.%20Comb.%20and%20M.Sc.%20Maths.pdf  (run=0, sequential=False)

### [math] Matt Ikle — Adams State University (ratings=10, dept=Mathematics, 8 course(s))
  - 'MATH104': 'Matt Ikle Adams State University MATH104 course slides'
  - 'MATH106': 'Matt Ikle Adams State University MATH106 course slides'
  - 'ALGEBRA': 'Matt Ikle Adams State University ALGEBRA course slides'
      1 link(s) @ http://ccl.northwestern.edu/2017/liu_h_2017.pdf  (run=0, sequential=False)
  - 'COLLEGEALGEBRA': 'Matt Ikle Adams State University COLLEGEALGEBRA course slides'
      1 link(s) @ http://ccl.northwestern.edu/2017/liu_h_2017.pdf  (run=0, sequential=False)
  - 'MATH': 'Matt Ikle Adams State University MATH course slides'
  - 'MATH107': 'Matt Ikle Adams State University MATH107 course slides'
  - 'MTH104': 'Matt Ikle Adams State University MTH104 course slides'
  - 'SMTCALC': 'Matt Ikle Adams State University SMTCALC course slides'

### [math] Robert Huff — Abilene Christian University (ratings=10, dept=Mathematics, 3 course(s))
  - 'MATH120': 'Robert Huff Abilene Christian University MATH120 course slides'
      1 link(s) @ https://catalog.winona.edu/mime/media/21/903/2006-2008+Undergraduate+Catalog.pdf  (run=0, sequential=False)
      1 link(s) @ https://catalog.winona.edu/mime/media/41/1185/2008-2010+Undergraduate+Catalog.pdf  (run=0, sequential=False)
  - 'MATH186': 'Robert Huff Abilene Christian University MATH186 course slides'
  - 'QR101': 'Robert Huff Abilene Christian University QR101 course slides'

### [math] Tony Weathers — Adams State University (ratings=10, dept=Mathematics, 6 course(s))
  - 'MATH150': 'Tony Weathers Adams State University MATH150 course slides'
  - 'MATH104': 'Tony Weathers Adams State University MATH104 course slides'
  - 'MATH106': 'Tony Weathers Adams State University MATH106 course slides'
  - '200': 'Tony Weathers Adams State University 200 course slides'
  - 'FINITE104': 'Tony Weathers Adams State University FINITE104 course slides'
  - 'MATH322': 'Tony Weathers Adams State University MATH322 course slides'
      1 link(s) @ https://www.weber.edu/wsuimages/Registration/Class%20Schedules%20pdf/Historical%20Class%20Schedules%20pdf/Fall%202013%20201420.pdf  (run=0, sequential=False)

### [math] Caira Bongers — Bryn Athyn College (ratings=9, dept=Mathematics, 2 course(s))
  - 'MATH150': 'Caira Bongers Bryn Athyn College MATH150 course slides'
      5 link(s) @ https://brynathyn.edu/faculty/caira-bongers.html  (run=0, sequential=False)
  - 'CALCI': 'Caira Bongers Bryn Athyn College CALCI course slides'
      1 link(s) @ https://brynathyn.edu/_media/documents/2023-24-Course-Bulletin.pdf  (run=0, sequential=False)
      5 link(s) @ https://brynathyn.edu/admissions/meet-our-students.html  (run=0, sequential=False)
      1 link(s) @ https://brynathyn.edu/_media/documents/Employee-Handbook.pdf  (run=0, sequential=False)

### [math] Carson     Anderson — Abraham Baldwin Agricultural College (ratings=9, dept=Mathematics, 1 course(s))
  - 'MATH1111': 'Carson Anderson Abraham Baldwin Agricultural College MATH1111 course slides'
      1 link(s) @ https://www.abac.edu/directory/profiles/matthew-anderson.html  (run=1, sequential=False)
      1 link(s) @ https://www.abac.edu/academics/schools/socsci-edu-arts/index.html  (run=1, sequential=False)
      1 link(s) @ https://www.gsw.edu/registrar/bulletin/Undergraduate/2018-2019_Undergraduate.pdf  (run=0, sequential=False)

### [math] Charlita Woodruff — Alabama A&M University (ratings=9, dept=Mathematics, 5 course(s))
  - '101': 'Charlita Woodruff Alabama A&M University 101 course slides'
      1 link(s) @ https://www.aamu.edu/academics/colleges/engineering-technology-physical-sciences/stem-day/_documents/stem-day-2026-ebooklet.pdf  (run=0, sequential=False)
      1 link(s) @ https://www.aamu.edu/campus-life/student-support/career-development/_documents/ymtf-2024-program-book.pdf  (run=0, sequential=False)
      1 link(s) @ https://trustees.osu.edu/sites/default/files/migrated/assets/files/minutes/2016/November6%2C2015BOTMeetingMinutes.pdf  (run=0, sequential=False)
      1 link(s) @ https://ufdcimages.uflib.ufl.edu/AA/00/02/89/84/02358/10-28-2020.pdf  (run=0, sequential=False)
  - 'MATH101': 'Charlita Woodruff Alabama A&M University MATH101 course slides'
      1 link(s) @ https://content.byui.edu/file/3e8d885f-db47-4e74-9e04-c3d72627c835/1/215-book.pdf  (run=0, sequential=False)
  - 'MTH104': 'Charlita Woodruff Alabama A&M University MTH104 course slides'
      1 link(s) @ https://content.byui.edu/file/3e8d885f-db47-4e74-9e04-c3d72627c835/1/215-book.pdf  (run=0, sequential=False)
  - 'MTH113': 'Charlita Woodruff Alabama A&M University MTH113 course slides'
  - 'MTH115': 'Charlita Woodruff Alabama A&M University MTH115 course slides'

### [math] Chinenye Ofodile — Albany State University (ratings=9, dept=Mathematics, 3 course(s))
  - 'MATH2411': 'Chinenye Ofodile Albany State University MATH2411 course slides'
      1 link(s) @ https://oer.galileo.usg.edu/context/mathematics-collections/article/1014/viewcontent/Basic_Statistics__Albany_State_University_.pdf  (run=0, sequential=False)
      1 link(s) @ https://www.asurams.edu/docs/institutional-effectiveness/ASU_Focus_Report/8.2.b%20Student%20Outcome-General%20Education.pdf  (run=0, sequential=False)
      1 link(s) @ https://www.asurams.edu/academic-affairs/learning-centers/Fall%202024%20Study%20Table%20Room%20Assignments%20083024.pdf  (run=0, sequential=False)
      1 link(s) @ https://www.asurams.edu/academic-affairs/oie/old-docs/OIE%202017%20symposium%20booklet.pdf  (run=0, sequential=False)
      1 link(s) @ https://www.asurams.edu/docs/institutional-effectiveness/ASU_Focus_Report/ASU%20Focus%20Report%20February%202020.pdf  (run=0, sequential=False)
      1 link(s) @ https://www.asurams.edu/docs/international-education/IEW%202017%20Published%20Program%20-.pdf  (run=0, sequential=False)
  - 'MATH1113': 'Chinenye Ofodile Albany State University MATH1113 course slides'
      1 link(s) @ https://www.asurams.edu/docs/institutional-effectiveness/ASU_Focus_Report/8.2.b%20Student%20Outcome-General%20Education.pdf  (run=0, sequential=False)
      1 link(s) @ https://www.asurams.edu/academic-affairs/college-of-arts-sciences/mathematics-computer_science-physics/Faculty-Staff%20page%20Updated.pdf  (run=0, sequential=False)
      1 link(s) @ https://www.asurams.edu/academic-affairs/learning-centers/Fall%202024%20Study%20Table%20Room%20Assignments%20083024.pdf  (run=0, sequential=False)
  - 'MATH1111': 'Chinenye Ofodile Albany State University MATH1111 course slides'
      1 link(s) @ https://oer.galileo.usg.edu/context/mathematics-collections/article/1014/viewcontent/Basic_Statistics__Albany_State_University_.pdf  (run=0, sequential=False)
      1 link(s) @ https://www.asurams.edu/docs/institutional-effectiveness/ASU_Focus_Report/8.2.b%20Student%20Outcome-General%20Education.pdf  (run=0, sequential=False)
      1 link(s) @ https://www.asurams.edu/academic-affairs/learning-centers/Fall%202024%20Study%20Table%20Room%20Assignments%20083024.pdf  (run=0, sequential=False)

### [math] Irene Fan — Albany College of Pharmacy and Health Sciences (ratings=9, dept=Mathematics, 7 course(s))
  - 'MAT111': 'Irene Fan Albany College of Pharmacy and Health Sciences MAT111 course slides'
  - 'MATH1': 'Irene Fan Albany College of Pharmacy and Health Sciences MATH1 course slides'
      1 link(s) @ https://registrar.nd.edu/assets/462343/boi1920ug.pdf  (run=0, sequential=False)
  - 'CALC0000': 'Irene Fan Albany College of Pharmacy and Health Sciences CALC0000 course slides'
      1 link(s) @ https://www.acphs.edu/wp-content/uploads/2025/09/Health-Sciences-BS-Curriculum.pdf  (run=0, sequential=False)
  - 'CALC1': 'Irene Fan Albany College of Pharmacy and Health Sciences CALC1 course slides'
  - 'CALC101': 'Irene Fan Albany College of Pharmacy and Health Sciences CALC101 course slides'
      1 link(s) @ https://www.sunydutchess.edu/_resources/pdfs/ACPHS_LAX-toBSPS.PDF  (run=0, sequential=False)
      1 link(s) @ https://math.rice.edu/~sw45/Math101F18/101syllabus.pdf  (run=0, sequential=False)
      1 link(s) @ https://www.acphs.edu/wp-content/uploads/2025/04/2025-26-College-Catalog-V2.2.pdf  (run=0, sequential=False)
      5 link(s) @ https://www.acphs.edu/student-consumer-information  (run=1, sequential=False)
  - 'MATHCONCEPTS': 'Irene Fan Albany College of Pharmacy and Health Sciences MATHCONCEPTS course slides'
      1 link(s) @ https://www.acphs.edu/wp-content/uploads/2025/08/ACPHS-2020-21-College-Catalog.pdf  (run=0, sequential=False)
      1 link(s) @ https://www.acphs.edu/wp-content/uploads/2025/04/2025-26-College-Catalog-V2.2.pdf  (run=0, sequential=False)
  - 'MTHCONCEPT': 'Irene Fan Albany College of Pharmacy and Health Sciences MTHCONCEPT course slides'
      1 link(s) @ https://www.acphs.edu/wp-content/uploads/2025/08/ACPHS-2020-21-College-Catalog.pdf  (run=0, sequential=False)

### [math] Jamye Carter — Alabama State University (ratings=9, dept=Mathematics, 2 course(s))
  - 'MAT136': 'Jamye Carter Alabama State University MAT136 course slides'
      1 link(s) @ https://www.alasu.edu/_qa/ASU%202019_2021%20FINAL%20CATALOG_MAIN%202.pdf  (run=0, sequential=False)
      1 link(s) @ https://www.alasu.edu/_qa/2021-2023%20Undergraduate%20Catalog.pdf  (run=0, sequential=False)
  - 'FIN136': 'Jamye Carter Alabama State University FIN136 course slides'

### [math] John Vargas — Adelphi University (ratings=9, dept=Mathematics, 8 course(s))
  - 'MAT113': 'John Vargas Adelphi University MAT113 course slides'
      1 link(s) @ https://www.sunysuffolk.edu/explore-academics/college-catalog/documents/catalog1820.pdf  (run=0, sequential=False)
  - 'MAT142': 'John Vargas Adelphi University MAT142 course slides'
      12 link(s) @ https://www.adelphi.edu/brand/design/assets-and-templates/powerpoint-google-slides  (run=2, sequential=False)
      [fetch] error: Page.goto: net::ERR_ABORTED at https://www.pima.edu/course-outlines/2020-21/mat/mat142.rtf
Call log:
  - navigating to "https://www.pima.edu/course-outlines/2020-21/mat/mat142.rtf", waiting until "domcontentloaded"

  - 'MATH244': 'John Vargas Adelphi University MATH244 course slides'
      12 link(s) @ https://www.adelphi.edu/brand/design/assets-and-templates/powerpoint-google-slides  (run=2, sequential=False)
  - 'MTH113': 'John Vargas Adelphi University MTH113 course slides'
  - 'MTH113007': 'John Vargas Adelphi University MTH113007 course slides'
  - 'ST113': 'John Vargas Adelphi University ST113 course slides'
  - 'STA113': 'John Vargas Adelphi University STA113 course slides'
      1 link(s) @ https://home.adelphi.edu/~bstone/teaching/math113/docs/CourseSyllabus.pdf  (run=0, sequential=False)
      1 link(s) @ https://www.adelphi.edu/registrar/wp-content/uploads/sites/49/2020/11/Fall-2020-Final-Exam-Schedule-11132020.pdf  (run=0, sequential=False)
      12 link(s) @ https://www.adelphi.edu/brand/design/assets-and-templates/powerpoint-google-slides  (run=2, sequential=False)
  - 'STATS113': 'John Vargas Adelphi University STATS113 course slides'
      12 link(s) @ https://www.adelphi.edu/brand/design/assets-and-templates/powerpoint-google-slides  (run=2, sequential=False)

### [math] Lorena Morris — Alabama State University (ratings=9, dept=Mathematics, 4 course(s))
  - 'MAT130': 'Lorena Morris Alabama State University MAT130 course slides'
      1 link(s) @ https://www.alasu.edu/_qa/2015-2017-undergrad-catalog-3-1FINAL_2.pdf  (run=0, sequential=False)
      1 link(s) @ https://www.ccm.edu/wp-content/uploads/2024/08/MAT-130-Probability-and-Statistics.pdf  (run=0, sequential=False)
      1 link(s) @ https://www.alasu.edu/_qa/ASU%202019_2021%20FINAL%20CATALOG_MAIN%202.pdf  (run=0, sequential=False)
  - 'MAT130MAT131': 'Lorena Morris Alabama State University MAT130MAT131 course slides'
  - 'MAT131': 'Lorena Morris Alabama State University MAT131 course slides'
  - 'MAT127': 'Lorena Morris Alabama State University MAT127 course slides'

### [math] Megan Dixon — College of Idaho (ratings=9, dept=Mathematics & Physics, 4 course(s))
  - 'ENV-202': 'Megan Dixon College of Idaho ENV-202 course slides'
      1 link(s) @ https://comm.osu.edu/sites/default/files/2023-09/au23_comm_3340_syllabus_dixon.pdf  (run=0, sequential=False)
      1 link(s) @ https://my.brevard.edu/ICS/icsfs/2025_Catalog_v1.pdf?target=304e6b4d-7d18-4af1-a308-b3cce67ca889  (run=0, sequential=False)
  - 'FYS': 'Megan Dixon College of Idaho FYS course slides'
      [fetch] error: Page.goto: net::ERR_ABORTED at https://verso.uidaho.edu/view/pdfCoverPage?instCode=01ALLIANCE_UID&filePid=13308674780001851&download=true
Call log:
  - navigating to "https://verso.uidaho.edu/view/pdfCoverPage?instCode=01ALLIANCE_UID&filePid=13308674780001851&download=true", waiting until "domcontentloaded"

      1 link(s) @ https://sc.edu/nrc/system/pub_files/1711566583_0.pdf  (run=0, sequential=False)
  - 'GEO200': 'Megan Dixon College of Idaho GEO200 course slides'
      1 link(s) @ https://www.calstatela.edu/sites/default/files/2015-2016_guide_to_geography_programs_in_the_americas.pdf  (run=0, sequential=False)
  - 'GEO101': 'Megan Dixon College of Idaho GEO101 course slides'

### [math] Rajanikanth Rajendran — Abraham Baldwin Agricultural College (ratings=9, dept=Mathematics, 3 course(s))
  - 'MATH1111': 'Rajanikanth Rajendran Abraham Baldwin Agricultural College MATH1111 course slides'
      [fetch] error: Page.goto: net::ERR_CERT_DATE_INVALID at https://nge-prod-wp.galileo.usg.edu/articles/colleges-universities/abraham-baldwin-agricultural-college
Call log:
  - navigating to "https://nge-prod-wp.galileo.usg.edu/articles/colleges-universities/abraham-baldwin-agricultural-college", waiting until "domcontentloaded"

      1 link(s) @ https://abac.edu/news/2024/09/abraham_baldwin_agricultural_college_leads_usg_in_low-_and_no-cost_course_materials.html  (run=1, sequential=False)
  - 'MATH1401': 'Rajanikanth Rajendran Abraham Baldwin Agricultural College MATH1401 course slides'
  - 'BIOL3000': 'Rajanikanth Rajendran Abraham Baldwin Agricultural College BIOL3000 course slides'
      1 link(s) @ https://iqac.uoc.ac.in/images/1.1.3.pdf  (run=0, sequential=False)
      1 link(s) @ https://angrau.ac.in/downloads/Regulations/Course%20catalogue%20of%20the%20Post%20Graduate%20Part%201_compressed%20(1)%20(1)%20(1)%20(1).pdf  (run=0, sequential=False)
      1 link(s) @ https://www.du.ac.in/uploads/new-web/15092023_Indis_sem3.pdf  (run=0, sequential=False)
      1 link(s) @ https://iqac.uoc.ac.in/images/AQAR_working/2021-22/2021-22/1.1.3-1.2.1-.pdf  (run=0, sequential=False)
      1 link(s) @ https://www.cukerala.ac.in/cukpdfs/IQAC/SSR%20Volume%20-2%20(Supplementary).pdf  (run=0, sequential=False)

### [math] William Pilati — Alabama State University (ratings=9, dept=Mathematics, 6 course(s))
  - 'FINITE': 'William Pilati Alabama State University FINITE course slides'
      1 link(s) @ https://www.alasu.edu/_qa/ASU%202019_2021%20FINAL%20CATALOG_MAIN%202.pdf  (run=0, sequential=False)
      1 link(s) @ https://www.alasu.edu/_qa/2015-2017-undergrad-catalog-3-1FINAL_2.pdf  (run=0, sequential=False)
      1 link(s) @ https://www.alasu.edu/_qa/2021-2023%20Undergraduate%20Catalog.pdf  (run=0, sequential=False)
      1 link(s) @ https://majorevents.virginia.edu/sites/majorevents/files/Class%20of%202021%20Finals%20Program.pdf  (run=0, sequential=False)
  - 'MAT136': 'William Pilati Alabama State University MAT136 course slides'
  - 'MATH132': 'William Pilati Alabama State University MATH132 course slides'
      18 link(s) @ https://oer.ccbcmd.edu/math/math132  (run=18, sequential=True)
      + 1_Lesson10Section12.4.pptx
      + 2_Lesson11Section13.1.pptx
      + 3_Lesson12Section13.2.pptx
      + 4_Lesson13Section13.3.pptx
      + 5_Lesson14Section13.4.pptx
      + 6_Lesson15Section13.5.pptx
      + 7_Lesson16Section14.1.pptx
      + 8_Lesson17Section14.2.pptx
      + 9_Lesson18Section14.3.pptx
      + 10_Lesson1Section11.1.pptx
      + 11_Lesson2Section11.1.pptx
      + 12_Lesson3Section11.2.pptx
      + 13_Lesson4Section11.3.pptx
      + 14_Lesson5Section11.4.pptx
      + 15_Lesson6Section12.1.pptx
      + 16_Lesson7Section12.2.pptx
      + 17_Lesson8Section12.2.pptx
      + 18_Lesson9Section12.3.pptx
      -> saved: 18 new, 0 skip, 0 fail (https://oer.ccbcmd.edu/math/math132)
  - '2000': 'William Pilati Alabama State University 2000 course slides'
      1 link(s) @ https://www.alasu.edu/_qa/2015-2017-undergrad-catalog-3-1FINAL_2.pdf  (run=0, sequential=False)
      1 link(s) @ https://www.alasu.edu/_qa/2021-2023%20Undergraduate%20Catalog.pdf  (run=0, sequential=False)
      1 link(s) @ https://www.alasu.edu/_qa/2017-19%20Undergraduate%20Catalog%20%20-1-updated_0.pdf  (run=0, sequential=False)
  - 'MAT132': 'William Pilati Alabama State University MAT132 course slides'
  - 'MAT137': 'William Pilati Alabama State University MAT137 course slides'
      24 link(s) @ https://www.math.utoronto.ca/ivan/mat137/1617.html  (run=12, sequential=True)
      + 1_ivan_lecture01_student.pdf
      + 2_ivan_lecture02_student.pdf
      + 3_ivan_lecture03_student.pdf
      + 4_ivan_lecture04_student.pdf
      + 5_ivan_lecture05_student.pdf
      + 6_ivan_lecture06_student.pdf
      + 7_ivan_lecture07_student.pdf
      + 8_ivan_lecture08_student.pdf
      + 9_ivan_lecture09_student.pdf
      + 10_ivan_lecture10_student.pdf
      + 11_ivan_lecture11_student.pdf
      + 12_ivan_lecture12_student.pdf
      + 13_ivan_lecture201_student.pdf
      + 14_ivan_lecture202_student.pdf
      + 15_ivan_lecture203_student.pdf
      + 16_ivan_lecture204_student.pdf
      + 17_ivan_lecture205_student.pdf
      + 18_ivan_lecture206_student.pdf
      + 19_ivan_lecture207_student.pdf
      + 20_ivan_lecture208_student.pdf
      + 21_ivan_lecture209_student.pdf
      + 22_ivan_lecture210_student.pdf
      + 23_ivan_lecture211_student.pdf
      + 24_ivan_lecture212_student.pdf
      -> saved: 24 new, 0 skip, 0 fail (https://www.math.utoronto.ca/ivan/mat137/1617.html)

### [math] Elise Simmons — Albany State University (ratings=8, dept=Mathematics, 1 course(s))
  - 'STATS-2411': 'Elise Simmons Albany State University STATS-2411 course slides'
      1 link(s) @ https://oer.galileo.usg.edu/context/mathematics-collections/article/1014/viewcontent/Basic_Statistics__Albany_State_University_.pdf  (run=0, sequential=False)
      1 link(s) @ https://www.asurams.edu/docs/catalogs/2017-2018/Undergraduate-Catalog.pdf  (run=0, sequential=False)
      1 link(s) @ https://www.asurams.edu/docs/catalogs/archived/2006-2009-Graduate-Catalog.pdf  (run=0, sequential=False)
      1 link(s) @ https://www.emmanuel.edu/sites/default/files/2023-07/20152016academiccatalog.pdf  (run=0, sequential=False)

### [math] Eric Benson — Albany State University (ratings=8, dept=Mathematics, 4 course(s))
  - 'MATH1001': 'Eric Benson Albany State University MATH1001 course slides'
      1 link(s) @ https://www.asurams.edu/docs/catalogs/archived/2006-2009-Graduate-Catalog.pdf  (run=0, sequential=False)
      1 link(s) @ https://ses.library.usyd.edu.au/bitstream/handle/2123/1889/arts_1998.pdf?sequence=1&isAllowed=y  (run=0, sequential=False)
      1 link(s) @ https://www.asurams.edu/docs/catalogs/archived/1995-1997%20Undergraduate.pdf  (run=0, sequential=False)
      1 link(s) @ https://hoover.mcdaniel.edu/archives/Catalog/cat2001-02.pdf  (run=0, sequential=False)
      1 link(s) @ https://www.colorado.edu/registrar/sites/default/files/attached-files/ucb_2014-15_catalog.pdf  (run=0, sequential=False)
  - 'MATH3211': 'Eric Benson Albany State University MATH3211 course slides'
      1 link(s) @ https://www.asurams.edu/docs/catalogs/archived/2006-2009-Graduate-Catalog.pdf  (run=0, sequential=False)
      1 link(s) @ https://www.asurams.edu/docs/catalogs/archived/1996-1998%20Graduate.pdf  (run=0, sequential=False)
      1 link(s) @ https://www.asurams.edu/docs/catalogs/archived/2001-2004%20Undergraduate.pdf  (run=0, sequential=False)
      1 link(s) @ https://www.asurams.edu/docs/catalogs/archived/1995-1997%20Undergraduate.pdf  (run=0, sequential=False)
  - 'MATH1111': 'Eric Benson Albany State University MATH1111 course slides'
  - 'MATH2411': 'Eric Benson Albany State University MATH2411 course slides'
      1 link(s) @ https://www.asurams.edu/docs/catalogs/archived/2001-2004%20Undergraduate.pdf  (run=0, sequential=False)
      1 link(s) @ https://www.mona.uwi.edu/secretariat/sites/default/files/secretariat/DepartmentalReports2012-2013_0.pdf  (run=0, sequential=False)

### [math] Julie Berg — Agnes Scott College (ratings=8, dept=Mathematics, 2 course(s))
  - 'MAT115': 'Julie Berg Agnes Scott College MAT115 course slides'
      1 link(s) @ https://dspace.agnesscott.edu/bitstream/123456789/15/1/2013-14%20Catalog%2C%20final.pdf  (run=0, sequential=False)
      1 link(s) @ https://dspace.agnesscott.edu/bitstream/123456789/16/1/2015-16AcademicCatalog.pdf  (run=0, sequential=False)
      1 link(s) @ https://www.agnesscott.edu/assets/documents/catalogs/2017-2018-academic-catalog.pdf  (run=0, sequential=False)
      1 link(s) @ https://www.simmons.edu/sites/default/files/2019-04/2014%202015%20Undergraduate%20Catalog%20English%20to%20WGS.pdf  (run=0, sequential=False)
  - 'MATH115': 'Julie Berg Agnes Scott College MATH115 course slides'

### [math] Kenneth Sartor — Alabama A&M University (ratings=8, dept=Mathematics, 5 course(s))
  - 'CAL1': 'Kenneth Sartor Alabama A&M University CAL1 course slides'
      1 link(s) @ https://www.aamu.edu/research-economic-development/_documents/aamu-rise-capabilities-02102026.pdf  (run=0, sequential=False)
  - 'MTH112': 'Kenneth Sartor Alabama A&M University MTH112 course slides'
      1 link(s) @ https://www.aamu.edu/about/inside-aamu/news/aamu-professor-mentored-student-at-gtri-huntsville-research-center.html  (run=0, sequential=False)
      1 link(s) @ https://www.aamu.edu/about/inside-aamu/news/dr-kenneth-sartor-to-lead-research-operations-and-strategic-growth-at-aamus-rise-foundation.html  (run=0, sequential=False)
  - 'MTH113': 'Kenneth Sartor Alabama A&M University MTH113 course slides'
      1 link(s) @ https://www.aamu.edu/about/inside-aamu/news/dr-kenneth-sartor-to-lead-research-operations-and-strategic-growth-at-aamus-rise-foundation.html  (run=0, sequential=False)
  - '112113126': 'Kenneth Sartor Alabama A&M University 112113126 course slides'
      1 link(s) @ https://www.aamu.edu/about/inside-aamu/news/dr-kenneth-sartor-to-lead-research-operations-and-strategic-growth-at-aamus-rise-foundation.html  (run=0, sequential=False)
  - '113': 'Kenneth Sartor Alabama A&M University 113 course slides'
      1 link(s) @ https://www.aamu.edu/about/inside-aamu/news/dr-kenneth-sartor-to-lead-research-operations-and-strategic-growth-at-aamus-rise-foundation.html  (run=0, sequential=False)
      1 link(s) @ https://www.aamu.edu/academics/colleges/engineering-technology-physical-sciences/stem-day/_documents/stem2025booklet.pdf  (run=0, sequential=False)
      1 link(s) @ https://www.aamu.edu/research-economic-development/_documents/aamu-rise-capabilities-02102026.pdf  (run=0, sequential=False)

### [math] Suiv Lee — Adelphi University (ratings=8, dept=Mathematics, 4 course(s))
  - 'STATS113': 'Suiv Lee Adelphi University STATS113 course slides'
      1 link(s) @ https://home.adelphi.edu/~bstone/teaching/math113/docs/CourseSyllabus.pdf  (run=0, sequential=False)
      1 link(s) @ https://home.adelphi.edu/~wi16133/mth114/s13/syllabus.pdf  (run=0, sequential=False)
      1 link(s) @ https://www2.hunter.cuny.edu/pending-migration/math/stat113-syllabus-20231102.pdf  (run=0, sequential=False)
  - 'COMP170': 'Suiv Lee Adelphi University COMP170 course slides'
      20 link(s) @ https://cse.hkust.edu.hk/~raywong/comp170  (run=18, sequential=True)
      -> partial: 0 new, 0 skip, 20 fail (https://cse.hkust.edu.hk/~raywong/comp170)
  - 'MATHMODE': 'Suiv Lee Adelphi University MATHMODE course slides'
      12 link(s) @ https://www.adelphi.edu/brand/design/assets-and-templates/powerpoint-google-slides  (run=2, sequential=False)
  - 'MTH110': 'Suiv Lee Adelphi University MTH110 course slides'

### [math] Andrew Pham — Alabama A&M University (ratings=7, dept=Mathematics, 3 course(s))
  - 'MTH112': 'Andrew Pham Alabama A&M University MTH112 course slides'
  - 'MTH125': 'Andrew Pham Alabama A&M University MTH125 course slides'
  - 'MTH109': 'Andrew Pham Alabama A&M University MTH109 course slides'
      1 link(s) @ https://ndl.ethernet.edu.et/bitstream/123456789/30725/1/Alan%20Agresti.pdf  (run=0, sequential=False)

### [math] Hyeeun Jang — Abilene Christian University (ratings=7, dept=Mathematics, 2 course(s))
  - 'MATH-325': 'Hyeeun Jang Abilene Christian University MATH-325 course slides'
  - 'MATW120': 'Hyeeun Jang Abilene Christian University MATW120 course slides'
      1 link(s) @ https://hub.williams.edu/science/wp-content/blogs.dir/156/files/coi20132014-1.pdf  (run=0, sequential=False)

### [math] Israel Ncube — Alabama A&M University (ratings=7, dept=Mathematics, 1 course(s))
  - 'MTH113': 'Israel Ncube Alabama A&M University MTH113 course slides'

### [math] Jordan Broussard — Abilene Christian University (ratings=7, dept=Mathematics, 2 course(s))
  - 'in-person': 'Jordan Broussard Abilene Christian University in-person course slides'
      1 link(s) @ https://ssw.edu/wp-content/uploads/2025/09/25-26-Southwest-Academic-Catalog-Sept.-Update.pdf  (run=0, sequential=False)
  - 'MATH131': 'Jordan Broussard Abilene Christian University MATH131 course slides'

### [math] Kenneth Gittelson — Adelphi University (ratings=7, dept=Mathematics, 5 course(s))
  - 'MTH113': 'Kenneth Gittelson Adelphi University MTH113 course slides'
  - 'CAL144': 'Kenneth Gittelson Adelphi University CAL144 course slides'
      1 link(s) @ https://www.adelphi.edu/registrar/wp-content/uploads/sites/49/2020/06/Spring-2020-Exam-Schedule.pdf  (run=0, sequential=False)
      1 link(s) @ https://www.adelphi.edu/one-stop/wp-content/uploads/sites/79/2025/03/Graduate-Bulletin-2006-2008.pdf  (run=0, sequential=False)
      1 link(s) @ https://www.adelphi.edu/registrar/wp-content/uploads/sites/49/2021/07/Graduate-Bulletin-2008-2010.pdf  (run=0, sequential=False)
  - 'MATH110': 'Kenneth Gittelson Adelphi University MATH110 course slides'
      1 link(s) @ https://www.adelphi.edu/registrar/wp-content/uploads/sites/49/2020/06/Spring-2020-Exam-Schedule.pdf  (run=0, sequential=False)
      1 link(s) @ https://www.adelphi.edu/registrar/wp-content/uploads/sites/49/2021/07/Graduate-Bulletin-2008-2010.pdf  (run=0, sequential=False)
  - 'MTH001': 'Kenneth Gittelson Adelphi University MTH001 course slides'
  - 'MTH130': 'Kenneth Gittelson Adelphi University MTH130 course slides'
      12 link(s) @ https://www.adelphi.edu/brand/design/assets-and-templates/powerpoint-google-slides  (run=2, sequential=False)

### [math] LI Feng — Albany State University (ratings=7, dept=Mathematics, 3 course(s))
  - 'STATISTICS': 'LI Feng Albany State University STATISTICS course slides'
      1 link(s) @ https://www.asurams.edu/academic-affairs/learning-centers/Fall%202024%20Study%20Table%20Room%20Assignments%20083024.pdf  (run=0, sequential=False)
      1 link(s) @ https://oer.galileo.usg.edu/context/mathematics-collections/article/1014/viewcontent/Basic_Statistics__Albany_State_University_.pdf  (run=0, sequential=False)
      1 link(s) @ https://www.usmd.edu/registrations/2019/FITW-MMRI-Conference/Implementing_the_Charge_of_Statistics_for_All.pdf  (run=0, sequential=False)
  - 'MATH1111': 'LI Feng Albany State University MATH1111 course slides'
      1 link(s) @ https://www.asurams.edu/academic-affairs/learning-centers/Fall%202024%20Study%20Table%20Room%20Assignments%20083024.pdf  (run=0, sequential=False)
      1 link(s) @ https://catalog.asurams.edu/undergraduate/academic-affairs-requirements-regulations-support-services/transitional-studies/transitional-studies.pdf  (run=0, sequential=False)
      1 link(s) @ https://oer.galileo.usg.edu/context/mathematics-collections/article/1042/viewcontent/College_Algebra__ASU_.pdf  (run=0, sequential=False)
      1 link(s) @ https://www.asurams.edu/docs/consolidation/2016-09/OWG_7-Math-Approved_Recommendations.pdf  (run=0, sequential=False)
  - 'MATH2212': 'LI Feng Albany State University MATH2212 course slides'
      1 link(s) @ https://www.asurams.edu/docs/college-of-arts-sciences/Mathematics-Check-Sheet.pdf  (run=0, sequential=False)
      1 link(s) @ https://www.asurams.edu/academic-affairs/learning-centers/Fall%202024%20Study%20Table%20Room%20Assignments%20083024.pdf  (run=0, sequential=False)
      1 link(s) @ https://www.asurams.edu/docs/consolidation/2016-09/OWG_7-Math-Approved_Recommendations.pdf  (run=0, sequential=False)
      1 link(s) @ https://oer.galileo.usg.edu/context/mathematics-collections/article/1014/viewcontent/Basic_Statistics__Albany_State_University_.pdf  (run=0, sequential=False)

### [math] Neil Simonetti — Bryn Athyn College (ratings=7, dept=Mathematics, 6 course(s))
  - 'MATH151': 'Neil Simonetti Bryn Athyn College MATH151 course slides'
      5 link(s) @ https://brynathyn.edu/faculty/neil-simonetti.html  (run=0, sequential=False)
      1 link(s) @ https://brynathyn.edu/_media/documents/2023-24-Course-Bulletin.pdf  (run=0, sequential=False)
      1 link(s) @ https://brynathyn.edu/_media/documents/2022-23-Course-Bulletin.pdf  (run=0, sequential=False)
      1 link(s) @ https://brynathyn.edu/_media/documents/CourseBulletin14-15.pdf  (run=0, sequential=False)
      1 link(s) @ https://brynathyn.edu/_media/documents/Current-Undergraduate-Course-Bulletin.pdf  (run=0, sequential=False)
      1 link(s) @ https://brynathyn.edu/_media/documents/MajorApplicationForm.pdf  (run=0, sequential=False)
  - 'LINEARALGEBRA': 'Neil Simonetti Bryn Athyn College LINEARALGEBRA course slides'
      1 link(s) @ https://brynathyn.edu/_media/documents/2020-21-Undergraduate-Course-Bulletin-COMPLETE.pdf  (run=0, sequential=False)
      1 link(s) @ https://brynathyn.edu/_media/documents/Current-Undergraduate-Course-Bulletin.pdf  (run=0, sequential=False)
      1 link(s) @ https://brynathyn.edu/_media/documents/2022-23-Course-Bulletin.pdf  (run=0, sequential=False)
      1 link(s) @ https://brynathyn.edu/_media/documents/2007-08-Academic-Catalog.pdf  (run=0, sequential=False)
      1 link(s) @ https://brynathyn.edu/_media/documents/Academic-Requirements-and-Policies.pdf  (run=0, sequential=False)
  - 'MATH': 'Neil Simonetti Bryn Athyn College MATH course slides'
      5 link(s) @ https://brynathyn.edu/faculty/neil-simonetti.html  (run=0, sequential=False)
      5 link(s) @ https://brynathyn.edu/academics/undergraduate/department/business.html  (run=0, sequential=False)
      1 link(s) @ https://brynathyn.edu/_media/documents/2023-24-Course-Bulletin.pdf  (run=0, sequential=False)
      1 link(s) @ https://brynathyn.edu/_media/documents/2022-23-Course-Bulletin.pdf  (run=0, sequential=False)
      1 link(s) @ https://brynathyn.edu/_media/documents/Current-Undergraduate-Course-Bulletin.pdf  (run=0, sequential=False)
      1 link(s) @ https://brynathyn.edu/_media/documents/ProgramsandOrganizations14-15.pdf  (run=0, sequential=False)
  - 'MATH101': 'Neil Simonetti Bryn Athyn College MATH101 course slides'
      1 link(s) @ https://brynathyn.edu/_media/documents/2023-24-Course-Bulletin.pdf  (run=0, sequential=False)
      1 link(s) @ https://brynathyn.edu/_media/documents/2022-23-Course-Bulletin.pdf  (run=0, sequential=False)
      1 link(s) @ https://brynathyn.edu/_media/documents/Current-Undergraduate-Course-Bulletin.pdf  (run=0, sequential=False)
      1 link(s) @ https://brynathyn.edu/_media/documents/ProgramsandOrganizations12-13.pdf  (run=0, sequential=False)
      1 link(s) @ https://brynathyn.edu/_media/documents/Core-Skills-Report.pdf  (run=0, sequential=False)
      1 link(s) @ https://brynathyn.edu/_media/documents/Academic-Requirements-and-Policies.pdf  (run=0, sequential=False)
  - 'MATHSECT': 'Neil Simonetti Bryn Athyn College MATHSECT course slides'
      5 link(s) @ https://brynathyn.edu/faculty/neil-simonetti.html  (run=0, sequential=False)
      1 link(s) @ https://brynathyn.edu/_media/documents/2023-24-Course-Bulletin.pdf  (run=0, sequential=False)
  - 'STATISTICS': 'Neil Simonetti Bryn Athyn College STATISTICS course slides'
      5 link(s) @ https://brynathyn.edu/academics/undergraduate/department/business.html  (run=0, sequential=False)
      1 link(s) @ https://brynathyn.edu/_media/documents/Current-Undergraduate-Course-Bulletin.pdf  (run=0, sequential=False)
      1 link(s) @ https://brynathyn.edu/_media/documents/2022-23-Course-Bulletin.pdf  (run=0, sequential=False)
      1 link(s) @ https://brynathyn.edu/_media/documents/2023-24-Course-Bulletin.pdf  (run=0, sequential=False)
      1 link(s) @ https://brynathyn.edu/_media/documents/Academic-Requirements-and-Policies.pdf  (run=0, sequential=False)

### [math] Rachel Bayless — Agnes Scott College (ratings=7, dept=Mathematics, 4 course(s))
  - 'MAT101': 'Rachel Bayless Agnes Scott College MAT101 course slides'
      1 link(s) @ https://dspace.agnesscott.edu/bitstream/123456789/16/1/2015-16AcademicCatalog.pdf  (run=0, sequential=False)
      1 link(s) @ https://dspace.agnesscott.edu/bitstream/123456789/15/1/2013-14%20Catalog%2C%20final.pdf  (run=0, sequential=False)
      1 link(s) @ https://dspace.agnesscott.edu/bitstream/123456789/1094/1/agnesscottalumnae_1954.pdf  (run=0, sequential=False)
      1 link(s) @ https://dspace.agnesscott.edu/bitstream/123456789/95/1/agnesscottbul19241925agne_bw_edited.pdf  (run=0, sequential=False)
  - 'MAT204': 'Rachel Bayless Agnes Scott College MAT204 course slides'
  - 'MAT320': 'Rachel Bayless Agnes Scott College MAT320 course slides'
  - 'MATH101': 'Rachel Bayless Agnes Scott College MATH101 course slides'
      1 link(s) @ https://dspace.agnesscott.edu/bitstream/123456789/1094/1/agnesscottalumnae_1954.pdf  (run=0, sequential=False)
      1 link(s) @ https://ocr.lib.ncsu.edu/ocr/LD/LD3928-A22-1933-1934/LD3928-A22-1933-1934.pdf  (run=0, sequential=False)
      1 link(s) @ https://open.clemson.edu/context/clemson_newsletter/article/1006/viewcontent/g3fb7vub28dmp2ix0fxt.pdf  (run=0, sequential=False)

### [math] Abraham Meles — Adams State University (ratings=6, dept=Mathematics, 4 course(s))
  - 'PHYS225': 'Abraham Meles Adams State University PHYS225 course slides'
  - 'MATH106': 'Abraham Meles Adams State University MATH106 course slides'
  - 'PHY111': 'Abraham Meles Adams State University PHY111 course slides'
  - 'PHYS101': 'Abraham Meles Adams State University PHYS101 course slides'

### [math] Carl Giuffre — Adelphi University (ratings=6, dept=Mathematics, 3 course(s))
  - 'MTH141': 'Carl Giuffre Adelphi University MTH141 course slides'
      1 link(s) @ https://web.uri.edu/summer/wp-content/uploads/sites/1686/LEE-MTH141_SSI.pdf  (run=0, sequential=False)
      12 link(s) @ https://www.adelphi.edu/brand/design/assets-and-templates/powerpoint-google-slides  (run=2, sequential=False)
  - 'MTH142': 'Carl Giuffre Adelphi University MTH142 course slides'
      1 link(s) @ https://www.adelphi.edu/registrar/wp-content/uploads/sites/49/2020/06/Spring-2020-Exam-Schedule.pdf  (run=0, sequential=False)
  - 'MTH244': 'Carl Giuffre Adelphi University MTH244 course slides'

### [math] Carol Williams — Abilene Christian University (ratings=6, dept=Mathematics, 3 course(s))
  - 'MATH120': 'Carol Williams Abilene Christian University MATH120 course slides'
  - 'MATH118': 'Carol Williams Abilene Christian University MATH118 course slides'
  - 'MATH237': 'Carol Williams Abilene Christian University MATH237 course slides'

### [math] Christopher Ruvolo — Adelphi University (ratings=6, dept=Mathematics, 4 course(s))
  - 'STAT114': 'Christopher Ruvolo Adelphi University STAT114 course slides'
  - 'MATH140': 'Christopher Ruvolo Adelphi University MATH140 course slides'
      1 link(s) @ https://odl.science.psu.edu/files/syllabi/math140/math140-sample-syllabus.pdf  (run=0, sequential=False)
  - 'MTH113': 'Christopher Ruvolo Adelphi University MTH113 course slides'
  - 'STAT113': 'Christopher Ruvolo Adelphi University STAT113 course slides'
      1 link(s) @ https://www.adelphi.edu/high-school-students/wp-content/uploads/sites/47/2023/05/Courses-Offered-Adelphi.pdf  (run=0, sequential=False)
      12 link(s) @ https://brand.adelphi.edu/design/assets/powerpoint  (run=2, sequential=False)

### [math] Debby Hewitt — Abilene Christian University (ratings=6, dept=Mathematics, 3 course(s))
  - 'MATH109': 'Debby Hewitt Abilene Christian University MATH109 course slides'
      1 link(s) @ https://www.lboro.ac.uk/media/media/services/lumen/Dr%20Hewitt%20-%20Arbitrary%20and%20Necessary%20part%201.pdf  (run=0, sequential=False)
      1 link(s) @ https://blogs.acu.edu/reporting/files/2016/01/Org-Chart-11-19-15.pdf  (run=0, sequential=False)
  - 'MATH120': 'Debby Hewitt Abilene Christian University MATH120 course slides'
  - 'PRECALC109': 'Debby Hewitt Abilene Christian University PRECALC109 course slides'

### [math] Herbert Henderson — Abraham Baldwin Agricultural College (ratings=6, dept=Mathematics, 3 course(s))
  - 'MATH1111': 'Herbert Henderson Abraham Baldwin Agricultural College MATH1111 course slides'
      1 link(s) @ https://www.emmanuel.edu/sites/default/files/2023-07/20172018academiccatalog.pdf  (run=0, sequential=False)
      1 link(s) @ https://www.gordonstate.edu/pdf/2016_Gordon_State_Presidents_Report.pdf  (run=0, sequential=False)
      1 link(s) @ http://catalog.valdosta.edu/pdf/2023-2024.pdf  (run=0, sequential=False)
  - 'MATH097': 'Herbert Henderson Abraham Baldwin Agricultural College MATH097 course slides'
  - 'MATH99': 'Herbert Henderson Abraham Baldwin Agricultural College MATH99 course slides'
      1 link(s) @ https://www.abac.edu/academics/schools/agriculture_natural_resources/agriculture/index.html  (run=1, sequential=False)

### [math] Ian Parnett — Albany College of Pharmacy and Health Sciences (ratings=6, dept=Mathematics, 3 course(s))
  - 'MAT111': 'Ian Parnett Albany College of Pharmacy and Health Sciences MAT111 course slides'
      1 link(s) @ https://www.canisius.edu/sites/default/files/legacy/%252A/ug-cat-11-13.pdf  (run=0, sequential=False)
      1 link(s) @ https://www.canisius.edu/sites/default/files/legacy/%252A/ug-cat-13-15.pdf  (run=0, sequential=False)
  - '155': 'Ian Parnett Albany College of Pharmacy and Health Sciences 155 course slides'
  - 'MAT121': 'Ian Parnett Albany College of Pharmacy and Health Sciences MAT121 course slides'

### [math] Issac Hines — Alabama A&M University (ratings=6, dept=Mathematics, 4 course(s))
  - 'MATH011': 'Issac Hines Alabama A&M University MATH011 course slides'
      1 link(s) @ https://www.aamu.edu/about/administrative-offices/academic-affairs/resources-for-students/_documents/general-education-course-listing.pdf  (run=0, sequential=False)
  - 'MTH112': 'Issac Hines Alabama A&M University MTH112 course slides'
  - 'MTH110': 'Issac Hines Alabama A&M University MTH110 course slides'
  - 'PRECALC100': 'Issac Hines Alabama A&M University PRECALC100 course slides'
      1 link(s) @ https://www.aamu.edu/about/administrative-offices/academic-affairs/resources-for-students/_documents/general-education-course-listing.pdf  (run=0, sequential=False)

### [math] Joanna Guild — College of Idaho (ratings=6, dept=Mathematics, 4 course(s))
  - 'MATH112': 'Joanna Guild College of Idaho MATH112 course slides'
  - 'MAT112': 'Joanna Guild College of Idaho MAT112 course slides'
      1 link(s) @ https://mat112.uncg.edu/PDF/mat-112-notes.pdf  (run=0, sequential=False)
      1 link(s) @ http://people.reed.edu/~ormsbyk/112/syllabus.pdf  (run=0, sequential=False)
      1 link(s) @ https://pages.uoregon.edu/math/syllabi/syllabi2011-2012/Math%20112%20Overview.pdf  (run=0, sequential=False)
  - 'MAT125': 'Joanna Guild College of Idaho MAT125 course slides'
  - 'MAT200': 'Joanna Guild College of Idaho MAT200 course slides'
      1 link(s) @ https://www.sunysuffolk.edu/explore-academics/majors-and-programs/mathematics/documents/mat200.pdf  (run=0, sequential=False)
      1 link(s) @ https://catalog.uidaho.edu/courses/math  (run=0, sequential=False)

### [math] John Bradford — Alabama State University (ratings=6, dept=Mathematics, 3 course(s))
  - 'MAT165': 'John Bradford Alabama State University MAT165 course slides'
  - 'MAT137': 'John Bradford Alabama State University MAT137 course slides'
  - '165': 'John Bradford Alabama State University 165 course slides'
      1 link(s) @ https://www.alasu.edu/_qa/2021-2023%20Undergraduate%20Catalog.pdf  (run=0, sequential=False)
      1 link(s) @ https://www.alasu.edu/_qa/ASU%202019_2021%20FINAL%20CATALOG_MAIN%202.pdf  (run=0, sequential=False)

### [math] Kendall Salary — Alabama State University (ratings=6, dept=Mathematics, 2 course(s))
  - 'MAT136': 'Kendall Salary Alabama State University MAT136 course slides'
      1 link(s) @ https://www.alasu.edu/administration/institutional-effectiveness/early-college-2026-2027course-equivalency.pdf  (run=0, sequential=False)
      1 link(s) @ https://www.alasu.edu/_qa/Dual%20Enrollment%20Course%20Selections.pdf  (run=0, sequential=False)
      1 link(s) @ https://www.alasu.edu/_qa/CSTEM%20Mathematics%20Minor.pdf  (run=0, sequential=False)
      1 link(s) @ https://www.alasu.edu/_qa/CSTEM%20Mathematics%20B.S..pdf  (run=0, sequential=False)
  - 'MAT137': 'Kendall Salary Alabama State University MAT137 course slides'
      1 link(s) @ https://www.alasu.edu/administration/institutional-effectiveness/early-college-2026-2027course-equivalency.pdf  (run=0, sequential=False)
      3 link(s) @ https://www.southalabama.edu/colleges/artsandsci/mathstat/syllabi  (run=0, sequential=False)

### [math] Lillie Richardson — Alabama State University (ratings=6, dept=Mathematics, 1 course(s))
  - 'MAT137': 'Lillie Richardson Alabama State University MAT137 course slides'
      1 link(s) @ https://www.flagler.edu/sites/default/files/2024-01/2011-2012-FC-Course-Catalog.pdf  (run=0, sequential=False)
      1 link(s) @ https://www.pace.edu/sites/default/files/2021-03/2011-2012-undergraduate-catalog.pdf  (run=0, sequential=False)
      1 link(s) @ https://www.asurams.edu/academic-affairs/cur/cur-conference/FINAL-13th%20ASU-UGR-Symposium%20Program.pdf  (run=0, sequential=False)
      1 link(s) @ https://web.augsburg.edu/registrar/catalog/2014-2015-Undergraduate-Catalog.pdf  (run=0, sequential=False)
      1 link(s) @ https://www.mctc.edu/wp-content/uploads/2019/05/catalog10_withcover.pdf  (run=0, sequential=False)

### [math] Mary Smeal — Alabama State University (ratings=6, dept=Mathematics, 3 course(s))
  - 'MAT136': 'Mary Smeal Alabama State University MAT136 course slides'
      1 link(s) @ https://www.ncat.edu/_files/pdfs/academics/grad/2012-2013.pdf  (run=0, sequential=False)
      1 link(s) @ https://odl.science.psu.edu/files/syllabi/math110/math110-sample-syllabus.pdf  (run=0, sequential=False)
  - 'MATH131': 'Mary Smeal Alabama State University MATH131 course slides'
  - 'MATH201': 'Mary Smeal Alabama State University MATH201 course slides'
      1 link(s) @ https://www.smeal.psu.edu/marketing/s157397_smeal_accessible_recruiting_handout.pdf  (run=0, sequential=False)
      1 link(s) @ https://www.smeal.psu.edu/marketing/mkt-rec-dept-handout-22-v4.pdf  (run=0, sequential=False)

### [math] Melanie Moore — Abraham Baldwin Agricultural College (ratings=6, dept=Mathematics, 6 course(s))
  - 'MATH1101': 'Melanie Moore Abraham Baldwin Agricultural College MATH1101 course slides'
      1 link(s) @ https://www.abac.edu/current-students-resources.html  (run=1, sequential=False)
      1 link(s) @ https://www.abac.edu/academics/schools/nursing_health_natural_sciences/science-and-mathematics/index.html  (run=1, sequential=False)
      1 link(s) @ https://www.abac.edu/academics/student-success/adult-learner.html  (run=1, sequential=False)
      1 link(s) @ https://www.abac.edu  (run=1, sequential=False)
      1 link(s) @ https://www.abac.edu/programs/index.html  (run=1, sequential=False)
  - 'MATH1113': 'Melanie Moore Abraham Baldwin Agricultural College MATH1113 course slides'
      1 link(s) @ https://www.abac.edu/future-students-resources.html  (run=1, sequential=False)
      1 link(s) @ https://www.westga.edu/assets/registrar/docs/catalogs/pdfs/UG-full-2005.pdf  (run=0, sequential=False)
      1 link(s) @ https://www.abac.edu/academics  (run=1, sequential=False)
      1 link(s) @ https://www.abac.edu/current-students-resources.html  (run=1, sequential=False)
      1 link(s) @ https://www.abac.edu/academics/student-success/index.html  (run=1, sequential=False)
      1 link(s) @ https://www.abac.edu/academics/student-success/adult-learner.html  (run=1, sequential=False)
  - 'MATH2242': 'Melanie Moore Abraham Baldwin Agricultural College MATH2242 course slides'
  - 'MATH99': 'Melanie Moore Abraham Baldwin Agricultural College MATH99 course slides'
      1 link(s) @ https://www.abac.edu/academics/schools/nursing_health_natural_sciences/science-and-mathematics/index.html  (run=1, sequential=False)
      1 link(s) @ https://www.abac.edu/admissions/ecampus.html  (run=1, sequential=False)
      1 link(s) @ https://www.abac.edu  (run=1, sequential=False)
      1 link(s) @ https://www.abac.edu/current-students-resources.html  (run=1, sequential=False)
      1 link(s) @ https://www.abac.edu/academics  (run=1, sequential=False)
  - 'MATHCALC': 'Melanie Moore Abraham Baldwin Agricultural College MATHCALC course slides'
      1 link(s) @ https://www.abac.edu/academics/schools/nursing_health_natural_sciences/science-and-mathematics/index.html  (run=1, sequential=False)
      1 link(s) @ https://www.abac.edu/current-students-resources.html  (run=1, sequential=False)
      1 link(s) @ https://www.abac.edu/academics  (run=1, sequential=False)
      1 link(s) @ https://www.abac.edu/academics/registrar/index.html  (run=1, sequential=False)
  - 'TRIG2201': 'Melanie Moore Abraham Baldwin Agricultural College TRIG2201 course slides'
      1 link(s) @ https://www.abac.edu/directory/index.html  (run=1, sequential=False)
      1 link(s) @ https://www.abac.edu/academics/schools/agriculture_natural_resources/index.html  (run=1, sequential=False)
      1 link(s) @ https://www.abac.edu  (run=1, sequential=False)
      1 link(s) @ https://www.abac.edu/news/2025/07/two_new_abac_certificate_programs_set_to_launch_this_fall.html  (run=1, sequential=False)
      1 link(s) @ https://www.abac.edu/directory/profiles/melissa-moore.html  (run=1, sequential=False)

### [math] Michael Duffy — Adelphi University (ratings=6, dept=Mathematics, 6 course(s))
  - '0144144': 'Michael Duffy Adelphi University 0144144 course slides'
      1 link(s) @ https://www.adelphi.edu/pdfs/Fall-2014-Career-Compass.pdf  (run=0, sequential=False)
      1 link(s) @ https://www.adelphi.edu/Adelphi-Magazine/Adelphi-Magazine-Fall-2005.pdf  (run=0, sequential=False)
      1 link(s) @ https://www.adelphi.edu/Adelphi-Magazine/Adelphi-Magazine-Spring-2007.pdf  (run=0, sequential=False)
  - '0145170004': 'Michael Duffy Adelphi University 0145170004 course slides'
  - '113': 'Michael Duffy Adelphi University 113 course slides'
  - 'MATH': 'Michael Duffy Adelphi University MATH course slides'
      2 link(s) @ https://www.newpaltz.edu/schoolofed/partnerships-and-programs/master-teacher-program/meet-the-master-teachers  (run=0, sequential=False)
  - 'STATISTICS': 'Michael Duffy Adelphi University STATISTICS course slides'
  - 'MATH101': 'Michael Duffy Adelphi University MATH101 course slides'
      1 link(s) @ https://www.goodwin.edu/files/docs/catalogs/2009-2010-catalog.pdf  (run=0, sequential=False)
      1 link(s) @ https://archive.catalog.njit.edu/2018-2019.pdf  (run=0, sequential=False)
      1 link(s) @ https://www.scranton.edu/pdf/ugrad_2002-2003.pdf  (run=0, sequential=False)
      1 link(s) @ https://repository.wpunj.edu/bitstream/20.500.12164/1528/1/WPC_UG_Catalog_1988-1990_small.pdf  (run=0, sequential=False)
      1 link(s) @ https://library.highpoint.edu/archives/catalogs/high-point-college-catalog-1964-65.pdf  (run=0, sequential=False)

### [math] Rachel Flake — Abraham Baldwin Agricultural College (ratings=6, dept=Mathematics, 2 course(s))
  - 'MATH1111': 'Rachel Flake Abraham Baldwin Agricultural College MATH1111 course slides'
  - 'TRIG': 'Rachel Flake Abraham Baldwin Agricultural College TRIG course slides'
      1 link(s) @ https://www.abac.edu  (run=1, sequential=False)

### [math] Sarah Wright — Adelphi University (ratings=6, dept=Mathematics, 5 course(s))
  - 'MTH142': 'Sarah Wright Adelphi University MTH142 course slides'
      1 link(s) @ https://www.adelphi.edu/registrar/wp-content/uploads/sites/49/2022/12/Fall-2022-Final-Exam-Schedule.pdf  (run=0, sequential=False)
      12 link(s) @ https://www.andrews.edu/~rwright/precal/powerpoints/preshows.php  (run=12, sequential=True)
      + 1_Precalculus_01_Functions_and_Graphs.pptx
      + 2_Precalculus_02_Polynomial_Functions.pptx
      + 3_Precalculus_03_Exponential_and_Logarithmic_Functions.pptx
      + 4_Precalculus_04_Trigonometry.pptx
      + 5_Precalculus_05_Analytic_Trigonometry.pptx
      + 6_Precalculus_06_Additional_Trigonometric_Topics.pptx
      + 7_Precalculus_07_Analytic_Geometry_and_Conic_Sections.pptx
      + 8_Precalculus_08_Systems_of_Equations_and_Inequalities.pptx
      + 9_Precalculus_09_Matrices.pptx
      + 10_Precalculus_10_Sequences_and_Series.pptx
      + 11_Precalculus_11_Analytic_Geometry_in_Three_Dimensions.pptx
      + 12_Precalculus_12_Introduction_to_Calculus.pptx
      -> saved: 12 new, 0 skip, 0 fail (https://www.andrews.edu/~rwright/precal/powerpoints/preshows.php)
  - 'CALCII': 'Sarah Wright Adelphi University CALCII course slides'
      12 link(s) @ https://www.andrews.edu/~rwright/precal/powerpoints/preshows.php  (run=12, sequential=True)
      + 1_Precalculus_01_Functions_and_Graphs.pptx
      + 2_Precalculus_02_Polynomial_Functions.pptx
      + 3_Precalculus_03_Exponential_and_Logarithmic_Functions.pptx
      + 4_Precalculus_04_Trigonometry.pptx
      + 5_Precalculus_05_Analytic_Trigonometry.pptx
      + 6_Precalculus_06_Additional_Trigonometric_Topics.pptx
      + 7_Precalculus_07_Analytic_Geometry_and_Conic_Sections.pptx
      + 8_Precalculus_08_Systems_of_Equations_and_Inequalities.pptx
      + 9_Precalculus_09_Matrices.pptx
      + 10_Precalculus_10_Sequences_and_Series.pptx
      + 11_Precalculus_11_Analytic_Geometry_in_Three_Dimensions.pptx
      + 12_Precalculus_12_Introduction_to_Calculus.pptx
      -> saved: 12 new, 0 skip, 0 fail (https://www.andrews.edu/~rwright/precal/powerpoints/preshows.php)
  - 'CALCULUSII': 'Sarah Wright Adelphi University CALCULUSII course slides'
      12 link(s) @ https://www.andrews.edu/~rwright/precal/powerpoints/preshows.php  (run=12, sequential=True)
      + 1_Precalculus_01_Functions_and_Graphs.pptx
      + 2_Precalculus_02_Polynomial_Functions.pptx
      + 3_Precalculus_03_Exponential_and_Logarithmic_Functions.pptx
      + 4_Precalculus_04_Trigonometry.pptx
      + 5_Precalculus_05_Analytic_Trigonometry.pptx
      + 6_Precalculus_06_Additional_Trigonometric_Topics.pptx
      + 7_Precalculus_07_Analytic_Geometry_and_Conic_Sections.pptx
      + 8_Precalculus_08_Systems_of_Equations_and_Inequalities.pptx
      + 9_Precalculus_09_Matrices.pptx
      + 10_Precalculus_10_Sequences_and_Series.pptx
      + 11_Precalculus_11_Analytic_Geometry_in_Three_Dimensions.pptx
      + 12_Precalculus_12_Introduction_to_Calculus.pptx
      -> saved: 12 new, 0 skip, 0 fail (https://www.andrews.edu/~rwright/precal/powerpoints/preshows.php)
  - 'LINEARALGEBRA': 'Sarah Wright Adelphi University LINEARALGEBRA course slides'
      32 link(s) @ https://book-wright-ma.github.io/Lecture-Slides  (run=21, sequential=True)
      + 1_Lecture_1.pdf
      + 2_Lecture_2.pdf
      + 3_Lecture_3.pdf
      + 4_Lecture_4.pdf
      + 5_Lecture_5.pdf
      + 6_Lecture_6.pdf
      + 7_Lecture_7.pdf
      + 8_Lecture_8.pdf
      + 9_Lecture_9.pdf
      + 10_Lecture_10.pdf
      + 11_Lecture_11.pdf
      + 12_Lecture_12_Jiao.pdf
      + 13_Lecture_12.pdf
      + 14_Lecture_13.pdf
      + 15_Lecture_14.pdf
      + 16_Lecture_15.pdf
      + 17_Lecture_16.pdf
      + 18_Lecture_17.pdf
      + 19_Lecture_18.pdf
      + 20_Lecture_19.pdf
      + 21_Lecture_20.pdf
      + 22_Lecture_21_22.pdf
      + 23_Lecture_23.pdf
      + 24_Discussion_1.pdf
      + 25_Discussion_2.pdf
      + 26_Discussion_3.pdf
      + 27_2018April-MaYi.pdf
      + 28_YuxinChen_slides.pdf
      + 29_QingQu_slides.pdf
      + 30_YuqianZhang_slides.pdf
      + 31_MertPilanci_slides.pdf
      + 32_JohnWright_slides.pdf
      -> saved: 32 new, 0 skip, 0 fail (https://book-wright-ma.github.io/Lecture-Slides)
  - 'MATH301PROOFS': 'Sarah Wright Adelphi University MATH301PROOFS course slides'

### [math] Tanya Champagne — Albany State University (ratings=6, dept=Mathematics, 2 course(s))
  - 'MATH1001': 'Tanya Champagne Albany State University MATH1001 course slides'
      1 link(s) @ https://www.asurams.edu/academic-affairs/learning-centers/Fall%202024%20Study%20Table%20Room%20Assignments%20083024.pdf  (run=0, sequential=False)
      1 link(s) @ https://www.albany.edu/docs/schedule_of_classes/pdf/socspring.pdf  (run=0, sequential=False)
      1 link(s) @ https://www.asurams.edu/docs/catalogs/West/2016-2017/files/assets/common/downloads/publication.pdf  (run=0, sequential=False)
  - 'MATH2411': 'Tanya Champagne Albany State University MATH2411 course slides'
      1 link(s) @ https://www.asurams.edu/academic-affairs/learning-centers/Fall%202024%20Study%20Table%20Room%20Assignments%20083024.pdf  (run=0, sequential=False)

### [math] Anthony Smith — Albany State University (ratings=5, dept=Mathematics, 1 course(s))
  - 'MATH100': 'Anthony Smith Albany State University MATH100 course slides'

### [math] Benard Frye — Alabama State University (ratings=5, dept=Mathematics, 2 course(s))
  - 'MAT165': 'Benard Frye Alabama State University MAT165 course slides'
      1 link(s) @ https://www.alasu.edu/_qa/2017-19%20Undergraduate%20Catalog%20%20-1-updated_0.pdf  (run=0, sequential=False)
  - 'MATH137': 'Benard Frye Alabama State University MATH137 course slides'

### [math] Gail Sellers — Alabama State University (ratings=5, dept=Mathematics, 1 course(s))
  - 'MAT131': 'Gail Sellers Alabama State University MAT131 course slides'

### [math] Harini Chandramouli — Agnes Scott College (ratings=5, dept=Mathematics, 2 course(s))
  - 'MAT309': 'Harini Chandramouli Agnes Scott College MAT309 course slides'
      1 link(s) @ https://www.agnesscott.edu/assets/documents/catalogs/2021-2022-undergraduate-academic-catalog.pdf  (run=0, sequential=False)
  - 'MAT118': 'Harini Chandramouli Agnes Scott College MAT118 course slides'
      1 link(s) @ https://www.agnesscott.edu/assets/documents/catalogs/2022-2023-undergraduate-academic-catalog.pdf  (run=0, sequential=False)
      1 link(s) @ https://dspace.agnesscott.edu/bitstream/123456789/413/1/Faculty_meeting_minutes_2019.pdf  (run=0, sequential=False)

### [math] Michelle Foster — Alabama State University (ratings=5, dept=Mathematics, 2 course(s))
  - 'MAT265': 'Michelle Foster Alabama State University MAT265 course slides'
      1 link(s) @ https://www.alasu.edu/academics/area-v/area-v-mathematics.pdf  (run=0, sequential=False)
      1 link(s) @ https://www.alasu.edu/academics/area-v/area-v-computer-science.pdf  (run=0, sequential=False)
      1 link(s) @ https://www.alasu.edu/_qa/ASU%202019_2021%20FINAL%20CATALOG_MAIN%202.pdf  (run=0, sequential=False)
      1 link(s) @ https://www.alasu.edu/_qa/2021-2023%20Undergraduate%20Catalog.pdf  (run=0, sequential=False)
  - '265': 'Michelle Foster Alabama State University 265 course slides'
      1 link(s) @ https://www.alasu.edu/academics/area-v/area-v-computer-science.pdf  (run=0, sequential=False)
      1 link(s) @ https://www.alasu.edu/academics/area-v/area-v-mathematics.pdf  (run=0, sequential=False)

### [math] Paris Chisholm — Alabama State University (ratings=5, dept=Mathematics, 2 course(s))
  - 'MAT130': 'Paris Chisholm Alabama State University MAT130 course slides'
      1 link(s) @ https://www.alasu.edu/_qa/2021-2023%20Undergraduate%20Catalog.pdf  (run=0, sequential=False)
      1 link(s) @ https://rustcollege.edu/wp-content/uploads/2024/11/General-Catalog-2012-2016-.pdf  (run=0, sequential=False)
      1 link(s) @ https://asia.umgc.edu/content/dam/umgc-asia/documents/upload/catalog/2003-04-UMUC-Asia-Undergraduate-Catalog.pdf  (run=0, sequential=False)
  - '130': 'Paris Chisholm Alabama State University 130 course slides'
      1 link(s) @ https://www.alasu.edu/_qa/Grad_Catalog-1.pdf  (run=0, sequential=False)
      1 link(s) @ https://www.alasu.edu/administration/presidentsreport-2025-rev.pdf  (run=0, sequential=False)

### [math] Robert Astalos — Adams State University (ratings=5, dept=Mathematics, 4 course(s))
  - 'PHYS201': 'Robert Astalos Adams State University PHYS201 course slides'
  - 'MAT102': 'Robert Astalos Adams State University MAT102 course slides'
  - 'MATH106': 'Robert Astalos Adams State University MATH106 course slides'
  - 'MAT106': 'Robert Astalos Adams State University MAT106 course slides'
      23 link(s) @ https://www.sjsu.edu/people/burford.furman/courses/me106/courseinfo/sp16/lecturematerials/index.html  (run=2, sequential=False)

### [math] Sarah Clements — Abraham Baldwin Agricultural College (ratings=5, dept=Mathematics, 4 course(s))
  - 'MATH0097': 'Sarah Clements Abraham Baldwin Agricultural College MATH0097 course slides'
  - 'MATH0090': 'Sarah Clements Abraham Baldwin Agricultural College MATH0090 course slides'
      1 link(s) @ https://www.abac.edu/directory/profiles/joshua-clements.html  (run=1, sequential=False)
      1 link(s) @ https://catalog.southeasterntech.edu/college-catalog/archives/2019-2020%20Catalog.pdf  (run=0, sequential=False)
      1 link(s) @ https://southernregional.edu/uploads/groups/3/documents/Catalogs/SRTC/Spring-Addendum-to-the-SRTC-2016-2017-Catalog_FINAL.pdf  (run=0, sequential=False)
  - 'MATH0099': 'Sarah Clements Abraham Baldwin Agricultural College MATH0099 course slides'
  - 'MATH90': 'Sarah Clements Abraham Baldwin Agricultural College MATH90 course slides'
      [fetch] error: Page.goto: net::ERR_CERT_DATE_INVALID at https://nge-prod-wp.galileo.usg.edu/articles/colleges-universities/abraham-baldwin-agricultural-college
Call log:
  - navigating to "https://nge-prod-wp.galileo.usg.edu/articles/colleges-universities/abraham-baldwin-agricultural-college", waiting until "domcontentloaded"

      1 link(s) @ https://abac.edu/news/2024/09/abraham_baldwin_agricultural_college_leads_usg_in_low-_and_no-cost_course_materials.html  (run=1, sequential=False)

### [math] Abdelkrim Lagnaoui — Albany State University (ratings=4, dept=Mathematics, 1 course(s))
  - 'algebra': 'Abdelkrim Lagnaoui Albany State University algebra course slides'

### [math] Byron Shock — College of Idaho (ratings=4, dept=Mathematics, 4 course(s))
  - 'CSC139': 'Byron Shock College of Idaho CSC139 course slides'
  - 'CSCII': 'Byron Shock College of Idaho CSCII course slides'
  - 'MAT112': 'Byron Shock College of Idaho MAT112 course slides'
  - 'MATH112': 'Byron Shock College of Idaho MATH112 course slides'
      1 link(s) @ http://people.reed.edu/~davidp/homepage/notes/math112.pdf  (run=0, sequential=False)
      1 link(s) @ https://catalog.uidaho.edu/courses/math  (run=0, sequential=False)

### [math] Carolyn Madison — Albany State University (ratings=4, dept=Mathematics, 3 course(s))
  - 'MATH1111': 'Carolyn Madison Albany State University MATH1111 course slides'
  - 'COLLEGEALGEBRA': 'Carolyn Madison Albany State University COLLEGEALGEBRA course slides'
      1 link(s) @ https://www.asurams.edu/docs/catalogs/archived/1995-1997%20Undergraduate.pdf  (run=0, sequential=False)
      1 link(s) @ https://ung.edu/institutional-effectiveness-research-administration/_uploads/files/appendices/appendix5.2_gsc_faculty-roster.pdf  (run=0, sequential=False)
      1 link(s) @ https://www.teal.msstate.edu/sites/www.cise.msstate.edu/files/2026-03/Bondurant-%203.11.26.pdf  (run=0, sequential=False)
  - 'MATH101': 'Carolyn Madison Albany State University MATH101 course slides'
      1 link(s) @ https://www.keystone.edu/wp-content/uploads/2016/07/KeystoneCollegeCatalog2005-2006.pdf  (run=0, sequential=False)
      1 link(s) @ https://asia.umgc.edu/content/dam/umgc-asia/documents/upload/catalog/2003-04-UMUC-Asia-Undergraduate-Catalog.pdf  (run=0, sequential=False)
      1 link(s) @ https://deptapp16.drexel.edu/catalog/archive/pdf/2016/DrexelUniversity_UndergraduateCatalog_2016-2017.pdf  (run=0, sequential=False)
      1 link(s) @ https://catalog.nyit.edu/files/catalog/archives/NYITUndergraduateCatalog_AY2021.pdf  (run=0, sequential=False)
      1 link(s) @ https://www.rbc.edu/wp-content/uploads/2015/08/2014-2016-Catalog-071614.pdf  (run=0, sequential=False)

### [math] Diane Leisher — Alabama A&M University (ratings=4, dept=Mathematics, 3 course(s))
  - 'MTH125': 'Diane Leisher Alabama A&M University MTH125 course slides'
  - 'MTH126': 'Diane Leisher Alabama A&M University MTH126 course slides'
  - 'MTHALL': 'Diane Leisher Alabama A&M University MTHALL course slides'

### [math] Eze Nwaeze — Alabama State University (ratings=4, dept=Mathematics, 1 course(s))
  - 'MAT137': 'Eze Nwaeze Alabama State University MAT137 course slides'
      1 link(s) @ https://www.alasu.edu/_qa/CSTEM+Mathematics+B.S..pdf  (run=0, sequential=False)

### [math] Fayequa Majid — Alabama A&M University (ratings=4, dept=Mathematics, 2 course(s))
  - 'MTH125': 'Fayequa Majid Alabama A&M University MTH125 course slides'
  - 'MTH120': 'Fayequa Majid Alabama A&M University MTH120 course slides'
      1 link(s) @ https://www.aamu.edu/academics/academic-support-retention/freshman-academy/learning-communities/_documents/aamu-follett-fall-book-list.pdf  (run=0, sequential=False)

### [math] Geoff Clement — Abraham Baldwin Agricultural College (ratings=4, dept=Mathematics, 3 course(s))
  - 'CALCULUSI': 'Geoff Clement Abraham Baldwin Agricultural College CALCULUSI course slides'
      1 link(s) @ https://next.test.usg.edu/faculty_affairs/assets/faculty_affairs/documents/2010_abac_mpartlow.pdf  (run=0, sequential=False)
      1 link(s) @ https://www.gordonstate.edu/images/uploads/acad-catalog-pdf/13-14.pdf  (run=0, sequential=False)
      1 link(s) @ https://www.muskingum.edu/sites/default/files/media/registrar/catalogs/Musk.Col07-08final.pdf  (run=0, sequential=False)
      1 link(s) @ https://www.guilford.edu/sites/default/files/2020-02/CollegeCatalog12-14.pdf  (run=0, sequential=False)
      1 link(s) @ https://commencement.media.uconn.edu/wp-content/uploads/sites/2558/2026/05/2026_CommencementProgram_Final.pdf  (run=0, sequential=False)
      1 link(s) @ https://danville.edu/sites/default/files/assets/files/DCC-Catalog-2019-20.pdf  (run=0, sequential=False)
  - 'MATH2000': 'Geoff Clement Abraham Baldwin Agricultural College MATH2000 course slides'
  - 'STAT2000': 'Geoff Clement Abraham Baldwin Agricultural College STAT2000 course slides'
      1 link(s) @ https://www.tri-c.edu/college-catalog/documents/Fall2016_Summer2017/Appendices.pdf  (run=0, sequential=False)

### [math] James Pullum — Albany State University (ratings=4, dept=Mathematics, 3 course(s))
  - 'MATH097': 'James Pullum Albany State University MATH097 course slides'
  - 'MATH1101': 'James Pullum Albany State University MATH1101 course slides'
  - 'MATH1111': 'James Pullum Albany State University MATH1111 course slides'

### [math] Janet St. Clair — Alabama State University (ratings=4, dept=Mathematics, 3 course(s))
  - 'MAT137': 'Janet St. Clair Alabama State University MAT137 course slides'
      72 link(s) @ https://www.math.utoronto.ca/alfonso/137/slides/137_slides.html  (run=0, sequential=False)
      1 link(s) @ https://www.alasu.edu/_qa/CSTEM%20Mathematics%20B.S..pdf  (run=0, sequential=False)
      1 link(s) @ https://www.alasu.edu/academics/area-v/area-v-computer-science.pdf  (run=0, sequential=False)
      2 link(s) @ https://math.asu.edu/resources/math-courses  (run=0, sequential=False)
  - 'MATH136': 'Janet St. Clair Alabama State University MATH136 course slides'
  - 'MAT225': 'Janet St. Clair Alabama State University MAT225 course slides'
[search] tavily unavailable (tavily http 432: {"detail":{"error":"This request exceeds your plan's set usage limit. Please upgrade your plan or contact support@tavily.com"}}); falling back

### [math] Jason Burns — Abraham Baldwin Agricultural College (ratings=4, dept=Mathematics, 3 course(s))
  - 'MATH1111': 'Jason Burns Abraham Baldwin Agricultural College MATH1111 course slides'
[search] tavily unavailable (tavily http 432: {"detail":{"error":"This request exceeds your plan's set usage limit. Please upgrade your plan or contact support@tavily.com"}}); falling back
  - '1111': 'Jason Burns Abraham Baldwin Agricultural College 1111 course slides'
[search] tavily unavailable (tavily http 432: {"detail":{"error":"This request exceeds your plan's set usage limit. Please upgrade your plan or contact support@tavily.com"}}); falling back
      1 link(s) @ https://www.abac.edu/directory/index.html  (run=1, sequential=False)
  - 'MATH1101': 'Jason Burns Abraham Baldwin Agricultural College MATH1101 course slides'
[search] tavily unavailable (tavily http 432: {"detail":{"error":"This request exceeds your plan's set usage limit. Please upgrade your plan or contact support@tavily.com"}}); falling back

### [math] Joseph Pichkur — Adelphi University (ratings=4, dept=Mathematics, 3 course(s))
  - 'MTH113': 'Joseph Pichkur Adelphi University MTH113 course slides'
[search] tavily unavailable (tavily http 432: {"detail":{"error":"This request exceeds your plan's set usage limit. Please upgrade your plan or contact support@tavily.com"}}); falling back
  - 'MAT113': 'Joseph Pichkur Adelphi University MAT113 course slides'
[search] tavily unavailable (tavily http 432: {"detail":{"error":"This request exceeds your plan's set usage limit. Please upgrade your plan or contact support@tavily.com"}}); falling back
      1 link(s) @ https://smartspot2.github.io/assets/pdf/MATH113_Lecture_Notes.pdf  (run=0, sequential=False)
  - 'STATS113': 'Joseph Pichkur Adelphi University STATS113 course slides'
[search] tavily unavailable (tavily http 432: {"detail":{"error":"This request exceeds your plan's set usage limit. Please upgrade your plan or contact support@tavily.com"}}); falling back

### [math] Joy Johhson — Alabama A&M University (ratings=4, dept=Mathematics, 4 course(s))
  - 'MATH113': 'Joy Johhson Alabama A&M University MATH113 course slides'
[search] tavily unavailable (tavily http 432: {"detail":{"error":"This request exceeds your plan's set usage limit. Please upgrade your plan or contact support@tavily.com"}}); falling back
      1 link(s) @ https://smartspot2.github.io/assets/pdf/MATH113_Lecture_Notes.pdf  (run=0, sequential=False)
      2 link(s) @ https://www-math.umd.edu/offered-courses/358-math-113-college-algebra-with-applications.html  (run=0, sequential=False)
  - 'MTH112': 'Joy Johhson Alabama A&M University MTH112 course slides'
[search] tavily unavailable (tavily http 432: {"detail":{"error":"This request exceeds your plan's set usage limit. Please upgrade your plan or contact support@tavily.com"}}); falling back
      1 link(s) @ https://www.amu.apus.edu/docs/shared/course-syllabus/MATH112.pdf  (run=0, sequential=False)
  - 'MTH115': 'Joy Johhson Alabama A&M University MTH115 course slides'
[search] tavily unavailable (tavily http 432: {"detail":{"error":"This request exceeds your plan's set usage limit. Please upgrade your plan or contact support@tavily.com"}}); falling back
  - 'TRIG3140': 'Joy Johhson Alabama A&M University TRIG3140 course slides'
[search] tavily unavailable (tavily http 432: {"detail":{"error":"This request exceeds your plan's set usage limit. Please upgrade your plan or contact support@tavily.com"}}); falling back

### [math] Julie McQueen — Abilene Christian University (ratings=4, dept=Mathematics, 2 course(s))
  - 'MATH019': 'Julie McQueen Abilene Christian University MATH019 course slides'
[search] tavily unavailable (tavily http 432: {"detail":{"error":"This request exceeds your plan's set usage limit. Please upgrade your plan or contact support@tavily.com"}}); falling back
  - 'MATW019': 'Julie McQueen Abilene Christian University MATW019 course slides'
[search] tavily unavailable (tavily http 432: {"detail":{"error":"This request exceeds your plan's set usage limit. Please upgrade your plan or contact support@tavily.com"}}); falling back

### [math] Leona Sparaco — Agnes Scott College (ratings=4, dept=Mathematics, 3 course(s))
  - 'MAT118': 'Leona Sparaco Agnes Scott College MAT118 course slides'
[search] tavily unavailable (tavily http 432: {"detail":{"error":"This request exceeds your plan's set usage limit. Please upgrade your plan or contact support@tavily.com"}}); falling back
      1 link(s) @ https://www.agnesscott.edu/mathematics/syllabi/f22mathsyllabi/sparaco204.pdf  (run=0, sequential=False)
      [fetch] error: Page.goto: Timeout 30000ms exceeded.
Call log:
  - navigating to "https://my.yccc.edu/ICS/Academics/MAT/MAT__118/", waiting until "domcontentloaded"

      1 link(s) @ https://www.ccm.edu/wp-content/uploads/2024/02/MAT-118-Calculus-with-Applications-to-Business-and-Economics.pdf  (run=0, sequential=False)
  - 'CALCULUS1': 'Leona Sparaco Agnes Scott College CALCULUS1 course slides'
[search] tavily unavailable (tavily http 432: {"detail":{"error":"This request exceeds your plan's set usage limit. Please upgrade your plan or contact support@tavily.com"}}); falling back
      14 link(s) @ https://phonchi.github.io/nsysu-calculus1/lectures/  (run=5, sequential=True)
      + 1_01_Introduction.pdf
      + 2_Calculus_Chapter1.pdf
      + 3_Ch0_Slidehandout.pdf
      + 4_Chap01_Summary.pdf
      + 5_Calculus_Chapter2.pdf
      + 6_Chap02_Summary.pdf
      + 7_Calculus_Chapter3.pdf
      + 8_Chap03_Summary.pdf
      + 9_Calculus_Chapter4.pdf
      + 10_Chap04_Summary.pdf
      + 11_Calculus_Chapter5.pdf
      + 12_Chap05_Summary.pdf
      + 13_Calculus_Chapter7.pdf
      + 14_Chap07_Summary.pdf
      -> saved: 14 new, 0 skip, 0 fail (https://phonchi.github.io/nsysu-calculus1/lectures/)
  - 'MAT115': 'Leona Sparaco Agnes Scott College MAT115 course slides'
[search] tavily unavailable (tavily http 432: {"detail":{"error":"This request exceeds your plan's set usage limit. Please upgrade your plan or contact support@tavily.com"}}); falling back

### [math] Lesia Miller — Alabama A&M University (ratings=4, dept=Mathematics, 4 course(s))
  - 'COMP101': 'Lesia Miller Alabama A&M University COMP101 course slides'
[search] tavily unavailable (tavily http 432: {"detail":{"error":"This request exceeds your plan's set usage limit. Please upgrade your plan or contact support@tavily.com"}}); falling back
      1 link(s) @ https://www.aamu.edu/about/administrative-offices/academic-affairs/resources-for-students/_documents/general-education-course-listing.pdf  (run=0, sequential=False)
      1 link(s) @ https://www.franklin.edu/sites/default/files/ur/documents/FUPE_Study_Guide_COMP_101_Problem_Solving_with_Computers.pdf  (run=0, sequential=False)
  - 'MATH115': 'Lesia Miller Alabama A&M University MATH115 course slides'
[search] tavily unavailable (tavily http 432: {"detail":{"error":"This request exceeds your plan's set usage limit. Please upgrade your plan or contact support@tavily.com"}}); falling back
  - 'MTH112': 'Lesia Miller Alabama A&M University MTH112 course slides'
[search] tavily unavailable (tavily http 432: {"detail":{"error":"This request exceeds your plan's set usage limit. Please upgrade your plan or contact support@tavily.com"}}); falling back
      1 link(s) @ https://www.amu.apus.edu/docs/shared/course-syllabus/MATH112.pdf  (run=0, sequential=False)
  - 'MTH120': 'Lesia Miller Alabama A&M University MTH120 course slides'
[search] tavily unavailable (tavily http 432: {"detail":{"error":"This request exceeds your plan's set usage limit. Please upgrade your plan or contact support@tavily.com"}}); falling back
      1 link(s) @ https://inside.tamuc.edu/academics/cvSyllabi/syllabi/202420/28246.pdf  (run=0, sequential=False)
      1 link(s) @ http://elac.edu/academics/departments/math/doc/CourseDescriptions/Math120.pdf  (run=0, sequential=False)

### [math] Melisa King — Abraham Baldwin Agricultural College (ratings=4, dept=Mathematics, 2 course(s))
  - 'MATH0097': 'Melisa King Abraham Baldwin Agricultural College MATH0097 course slides'
[search] tavily unavailable (tavily http 432: {"detail":{"error":"This request exceeds your plan's set usage limit. Please upgrade your plan or contact support@tavily.com"}}); falling back
      1 link(s) @ https://www.abac.edu/directory/index.html  (run=1, sequential=False)
      1 link(s) @ https://www.abac.edu/  (run=1, sequential=False)
  - 'MATH0099': 'Melisa King Abraham Baldwin Agricultural College MATH0099 course slides'
[search] tavily unavailable (tavily http 432: {"detail":{"error":"This request exceeds your plan's set usage limit. Please upgrade your plan or contact support@tavily.com"}}); falling back
      1 link(s) @ https://www.abac.edu/  (run=1, sequential=False)
      1 link(s) @ https://www.abac.edu/directory/index.html  (run=1, sequential=False)

### [math] Michael Racz — Albany College of Pharmacy and Health Sciences (ratings=4, dept=Mathematics, 1 course(s))
  - 'MAT145': 'Michael Racz Albany College of Pharmacy and Health Sciences MAT145 course slides'
[search] tavily unavailable (tavily http 432: {"detail":{"error":"This request exceeds your plan's set usage limit. Please upgrade your plan or contact support@tavily.com"}}); falling back

### [math] Roman Dial — Alaska Pacific University (ratings=4, dept=Mathematics, 4 course(s))
  - 'CALCII': 'Roman Dial Alaska Pacific University CALCII course slides'
[search] tavily unavailable (tavily http 432: {"detail":{"error":"This request exceeds your plan's set usage limit. Please upgrade your plan or contact support@tavily.com"}}); falling back
  - 'CALCULUS': 'Roman Dial Alaska Pacific University CALCULUS course slides'
[search] tavily unavailable (tavily http 432: {"detail":{"error":"This request exceeds your plan's set usage limit. Please upgrade your plan or contact support@tavily.com"}}); falling back
      14 link(s) @ https://phonchi.github.io/nsysu-calculus1/lectures/  (run=5, sequential=True)
      + 1_01_Introduction.pdf
      + 2_Calculus_Chapter1.pdf
      + 3_Ch0_Slidehandout.pdf
      + 4_Chap01_Summary.pdf
      + 5_Calculus_Chapter2.pdf
      + 6_Chap02_Summary.pdf
      + 7_Calculus_Chapter3.pdf
      + 8_Chap03_Summary.pdf
      + 9_Calculus_Chapter4.pdf
      + 10_Chap04_Summary.pdf
      + 11_Calculus_Chapter5.pdf
      + 12_Chap05_Summary.pdf
      + 13_Calculus_Chapter7.pdf
      + 14_Chap07_Summary.pdf
      -> saved: 14 new, 0 skip, 0 fail (https://phonchi.github.io/nsysu-calculus1/lectures/)
  - 'MT22000': 'Roman Dial Alaska Pacific University MT22000 course slides'
[search] tavily unavailable (tavily http 432: {"detail":{"error":"This request exceeds your plan's set usage limit. Please upgrade your plan or contact support@tavily.com"}}); falling back
      1 link(s) @ https://www.alaskapacific.edu/academics/  (run=1, sequential=False)
  - 'SC4980': 'Roman Dial Alaska Pacific University SC4980 course slides'
[search] tavily unavailable (tavily http 432: {"detail":{"error":"This request exceeds your plan's set usage limit. Please upgrade your plan or contact support@tavily.com"}}); falling back

### [math] Sarah White — Albany State University (ratings=4, dept=Mathematics, 2 course(s))
  - 'MATH1111': 'Sarah White Albany State University MATH1111 course slides'
[search] tavily unavailable (tavily http 432: {"detail":{"error":"This request exceeds your plan's set usage limit. Please upgrade your plan or contact support@tavily.com"}}); falling back
  - 'ALG125': 'Sarah White Albany State University ALG125 course slides'
[search] tavily unavailable (tavily http 432: {"detail":{"error":"This request exceeds your plan's set usage limit. Please upgrade your plan or contact support@tavily.com"}}); falling back

### [math] Scott Friedberg — Adelphi University (ratings=4, dept=Mathematics, 2 course(s))
  - 'MATH110': 'Scott Friedberg Adelphi University MATH110 course slides'
[search] tavily unavailable (tavily http 432: {"detail":{"error":"This request exceeds your plan's set usage limit. Please upgrade your plan or contact support@tavily.com"}}); falling back
      1 link(s) @ https://smartspot2.github.io/assets/pdf/MATH110_Lecture_Notes.pdf  (run=0, sequential=False)
  - 'MTH142': 'Scott Friedberg Adelphi University MTH142 course slides'
[search] tavily unavailable (tavily http 432: {"detail":{"error":"This request exceeds your plan's set usage limit. Please upgrade your plan or contact support@tavily.com"}}); falling back
      21 link(s) @ https://nics-github.github.io/MTH_142_Lectures/  (run=21, sequential=True)
      + 1_1_statistical_thinking.pdf
      + 2_2_sampling.pdf
      + 3_3_categorical_data.pdf
      + 4_4_Numeric_Data.pdf
      + 5_5_linear_regression_1_predictor.pdf
      + 6_6_Linear_regression_part_2.pdf
      + 7_7_regression-by-hand.pdf
      + 8_8_Probability_1.pdf
      + 9_9_Probability_2.pdf
      + 10_10_continuous_rv.pdf
      + 11_11_Normal_Dist.pdf
      + 12_12_hypothesis_test_prop.pdf
      + 14_14_CI_prop_mathematically.pdf
      + 15_15_Reflection.pdf
      + 16_16_Two_Proportions.pdf
      + 17_17_decision_error_tidying_up.pdf
      + 18_18_single_mean.pdf
      + 19_19_diff-of-means.pdf
      + 20_20_ANOVA.pdf
      + 21_21_linear_regression.pdf
      -> saved: 20 new, 0 skip, 1 fail (https://nics-github.github.io/MTH_142_Lectures/)

### [math] Amy Truksa — College of Idaho (ratings=3, dept=Mathematics, 1 course(s))
  - 'MAT125': 'Amy Truksa College of Idaho MAT125 course slides'
[search] tavily unavailable (tavily http 432: {"detail":{"error":"This request exceeds your plan's set usage limit. Please upgrade your plan or contact support@tavily.com"}}); falling back

### [math] Anthony Hudson — Alabama State University (ratings=3, dept=Mathematics, 1 course(s))
  - 'MAT136': 'Anthony Hudson Alabama State University MAT136 course slides'
[search] tavily unavailable (tavily http 432: {"detail":{"error":"This request exceeds your plan's set usage limit. Please upgrade your plan or contact support@tavily.com"}}); falling back

### [math] Arun Saha — Albany State University (ratings=3, dept=Mathematics, 2 course(s))
  - 'ENGR-1200': 'Arun Saha Albany State University ENGR-1200 course slides'
[search] tavily unavailable (tavily http 432: {"detail":{"error":"This request exceeds your plan's set usage limit. Please upgrade your plan or contact support@tavily.com"}}); falling back
  - 'PHYS-111K': 'Arun Saha Albany State University PHYS-111K course slides'
[search] tavily unavailable (tavily http 432: {"detail":{"error":"This request exceeds your plan's set usage limit. Please upgrade your plan or contact support@tavily.com"}}); falling back

### [math] Ashley Gordon — Alabama A&M University (ratings=3, dept=Mathematics, 2 course(s))
  - 'MTH112': 'Ashley Gordon Alabama A&M University MTH112 course slides'
[search] tavily unavailable (tavily http 432: {"detail":{"error":"This request exceeds your plan's set usage limit. Please upgrade your plan or contact support@tavily.com"}}); falling back
  - 'MTH125': 'Ashley Gordon Alabama A&M University MTH125 course slides'
[search] tavily unavailable (tavily http 432: {"detail":{"error":"This request exceeds your plan's set usage limit. Please upgrade your plan or contact support@tavily.com"}}); falling back

### [math] Christina Dita — Abilene Christian University (ratings=3, dept=Mathematics, 2 course(s))
  - 'MATW12003': 'Christina Dita Abilene Christian University MATW12003 course slides'
[search] tavily unavailable (tavily http 432: {"detail":{"error":"This request exceeds your plan's set usage limit. Please upgrade your plan or contact support@tavily.com"}}); falling back
  - 'MATW120': 'Christina Dita Abilene Christian University MATW120 course slides'
[search] tavily unavailable (tavily http 432: {"detail":{"error":"This request exceeds your plan's set usage limit. Please upgrade your plan or contact support@tavily.com"}}); falling back

### [math] Eleni Zamagias — Adelphi University (ratings=3, dept=Mathematics, 1 course(s))
  - '141': 'Eleni Zamagias Adelphi University 141 course slides'
[search] tavily unavailable (tavily http 432: {"detail":{"error":"This request exceeds your plan's set usage limit. Please upgrade your plan or contact support@tavily.com"}}); falling back

### [math] Elwanda Coston — Albany State University (ratings=3, dept=Mathematics, 2 course(s))
  - 'MATH1111': 'Elwanda Coston Albany State University MATH1111 course slides'
[search] tavily unavailable (tavily http 432: {"detail":{"error":"This request exceeds your plan's set usage limit. Please upgrade your plan or contact support@tavily.com"}}); falling back
  - 'MATH1101': 'Elwanda Coston Albany State University MATH1101 course slides'
[search] tavily unavailable (tavily http 432: {"detail":{"error":"This request exceeds your plan's set usage limit. Please upgrade your plan or contact support@tavily.com"}}); falling back

### [math] Frances Eidson — Abraham Baldwin Agricultural College (ratings=3, dept=Mathematics, 2 course(s))
  - 'MATH0097': 'Frances Eidson Abraham Baldwin Agricultural College MATH0097 course slides'
[search] tavily unavailable (tavily http 432: {"detail":{"error":"This request exceeds your plan's set usage limit. Please upgrade your plan or contact support@tavily.com"}}); falling back
  - 'MATH1111': 'Frances Eidson Abraham Baldwin Agricultural College MATH1111 course slides'
[search] tavily unavailable (tavily http 432: {"detail":{"error":"This request exceeds your plan's set usage limit. Please upgrade your plan or contact support@tavily.com"}}); falling back

### [math] Jun Wang — Alabama State University (ratings=3, dept=Mathematics, 1 course(s))
  - 'MAT137': 'Jun Wang Alabama State University MAT137 course slides'
[search] tavily unavailable (tavily http 432: {"detail":{"error":"This request exceeds your plan's set usage limit. Please upgrade your plan or contact support@tavily.com"}}); falling back

### [math] Kanaththa  Priyankara — Alabama A&M University (ratings=3, dept=Mathematics, 2 course(s))
  - 'MTH125': 'Kanaththa Priyankara Alabama A&M University MTH125 course slides'
[search] tavily unavailable (tavily http 432: {"detail":{"error":"This request exceeds your plan's set usage limit. Please upgrade your plan or contact support@tavily.com"}}); falling back
  - 'MTH237': 'Kanaththa Priyankara Alabama A&M University MTH237 course slides'
[search] tavily unavailable (tavily http 432: {"detail":{"error":"This request exceeds your plan's set usage limit. Please upgrade your plan or contact support@tavily.com"}}); falling back

### [math] Laxmi Paudel — Albany State University (ratings=3, dept=Mathematics, 1 course(s))
  - '80526': 'Laxmi Paudel Albany State University 80526 course slides'
[search] tavily unavailable (tavily http 432: {"detail":{"error":"This request exceeds your plan's set usage limit. Please upgrade your plan or contact support@tavily.com"}}); falling back

### [math] Maged Elshamy — Alabama A&M University (ratings=3, dept=Mathematics, 2 course(s))
  - 'MATH120': 'Maged Elshamy Alabama A&M University MATH120 course slides'
[search] tavily unavailable (tavily http 432: {"detail":{"error":"This request exceeds your plan's set usage limit. Please upgrade your plan or contact support@tavily.com"}}); falling back
  - 'MATH127': 'Maged Elshamy Alabama A&M University MATH127 course slides'
[search] tavily unavailable (tavily http 432: {"detail":{"error":"This request exceeds your plan's set usage limit. Please upgrade your plan or contact support@tavily.com"}}); falling back

### [math] Muhammad Inam — Alabama A&M University (ratings=3, dept=Mathematics, 2 course(s))
  - 'MTH115': 'Muhammad Inam Alabama A&M University MTH115 course slides'
[search] tavily unavailable (tavily http 432: {"detail":{"error":"This request exceeds your plan's set usage limit. Please upgrade your plan or contact support@tavily.com"}}); falling back
      1 link(s) @ https://www.monash.edu.my/__data/assets/pdf_file/0003/4239606/SOE-Lab-Safety-Jan-2026.pdf  (run=0, sequential=False)
      [fetch] error: Page.goto: net::ERR_ABORTED at https://ojs3.unpatti.ac.id/index.php/barekeng/article/download/15787/9990/
Call log:
  - navigating to "https://ojs3.unpatti.ac.id/index.php/barekeng/article/download/15787/9990/", waiting until "domcontentloaded"

  - 'MTH125': 'Muhammad Inam Alabama A&M University MTH125 course slides'
[search] tavily unavailable (tavily http 432: {"detail":{"error":"This request exceeds your plan's set usage limit. Please upgrade your plan or contact support@tavily.com"}}); falling back
      1 link(s) @ https://www.monash.edu.my/__data/assets/pdf_file/0003/4239606/SOE-Lab-Safety-Jan-2026.pdf  (run=0, sequential=False)
      [fetch] error: Page.goto: net::ERR_ABORTED at https://ojs3.unpatti.ac.id/index.php/barekeng/article/download/15787/9990/
Call log:
  - navigating to "https://ojs3.unpatti.ac.id/index.php/barekeng/article/download/15787/9990/", waiting until "domcontentloaded"


### [math] Nathan Anderson — Alaska Pacific University (ratings=3, dept=Mathematics, 1 course(s))
  - 'MT10100': 'Nathan Anderson Alaska Pacific University MT10100 course slides'
[search] tavily unavailable (tavily http 432: {"detail":{"error":"This request exceeds your plan's set usage limit. Please upgrade your plan or contact support@tavily.com"}}); falling back

### [math] Patricia Vela — Agnes Scott College (ratings=3, dept=Mathematics, 3 course(s))
  - 'MAT115': 'Patricia Vela Agnes Scott College MAT115 course slides'
[search] tavily unavailable (tavily http 432: {"detail":{"error":"This request exceeds your plan's set usage limit. Please upgrade your plan or contact support@tavily.com"}}); falling back
  - 'MAT117': 'Patricia Vela Agnes Scott College MAT117 course slides'
[search] tavily unavailable (tavily http 432: {"detail":{"error":"This request exceeds your plan's set usage limit. Please upgrade your plan or contact support@tavily.com"}}); falling back
  - 'MAT117MAT118': 'Patricia Vela Agnes Scott College MAT117MAT118 course slides'
[search] tavily unavailable (tavily http 432: {"detail":{"error":"This request exceeds your plan's set usage limit. Please upgrade your plan or contact support@tavily.com"}}); falling back

### [math] Rachel Rossettii — Agnes Scott College (ratings=3, dept=Mathematics, 1 course(s))
  - 'MAT119': 'Rachel Rossettii Agnes Scott College MAT119 course slides'
[search] tavily unavailable (tavily http 432: {"detail":{"error":"This request exceeds your plan's set usage limit. Please upgrade your plan or contact support@tavily.com"}}); falling back
      1 link(s) @ https://litigationtracker.law.georgetown.edu/wp-content/uploads/2026/04/State-of-Louisiana-v.-FDA_2026.04.22_AMICUS-BRIEF-REPRODUCTIVE-HEALTH-INITIATIVE-FOR-TELEHEALTH-EQUITY-SOLUTIONS-ET-AL.pdf  (run=0, sequential=False)

### [math] Randy Robinson — Alabama A&M University (ratings=3, dept=Mathematics, 3 course(s))
  - '10403': 'Randy Robinson Alabama A&M University 10403 course slides'
[search] tavily unavailable (tavily http 432: {"detail":{"error":"This request exceeds your plan's set usage limit. Please upgrade your plan or contact support@tavily.com"}}); falling back
  - '125': 'Randy Robinson Alabama A&M University 125 course slides'
[search] tavily unavailable (tavily http 432: {"detail":{"error":"This request exceeds your plan's set usage limit. Please upgrade your plan or contact support@tavily.com"}}); falling back
  - 'MTH125': 'Randy Robinson Alabama A&M University MTH125 course slides'
[search] tavily unavailable (tavily http 432: {"detail":{"error":"This request exceeds your plan's set usage limit. Please upgrade your plan or contact support@tavily.com"}}); falling back

### [math] Rhonda Porter — Albany State University (ratings=3, dept=Mathematics, 3 course(s))
  - 'MATH1113': 'Rhonda Porter Albany State University MATH1113 course slides'
[search] tavily unavailable (tavily http 432: {"detail":{"error":"This request exceeds your plan's set usage limit. Please upgrade your plan or contact support@tavily.com"}}); falling back
  - 'MATH3112': 'Rhonda Porter Albany State University MATH3112 course slides'
[search] tavily unavailable (tavily http 432: {"detail":{"error":"This request exceeds your plan's set usage limit. Please upgrade your plan or contact support@tavily.com"}}); falling back
  - 'MATHDISC': 'Rhonda Porter Albany State University MATHDISC course slides'
[search] tavily unavailable (tavily http 432: {"detail":{"error":"This request exceeds your plan's set usage limit. Please upgrade your plan or contact support@tavily.com"}}); falling back

### [math] Seth Kermausuor — Alabama State University (ratings=3, dept=Mathematics, 1 course(s))
  - 'CALCULUS': 'Seth Kermausuor Alabama State University CALCULUS course slides'
[search] tavily unavailable (tavily http 432: {"detail":{"error":"This request exceeds your plan's set usage limit. Please upgrade your plan or contact support@tavily.com"}}); falling back

### [math] Sheila McLendon — Abraham Baldwin Agricultural College (ratings=3, dept=Mathematics, 1 course(s))
  - 'MATH1111': 'Sheila McLendon Abraham Baldwin Agricultural College MATH1111 course slides'
[search] tavily unavailable (tavily http 432: {"detail":{"error":"This request exceeds your plan's set usage limit. Please upgrade your plan or contact support@tavily.com"}}); falling back

### [math] Steven Hughes — Alabama A&M University (ratings=3, dept=Mathematics, 3 course(s))
  - 'MTH101': 'Steven Hughes Alabama A&M University MTH101 course slides'
[search] tavily unavailable (tavily http 432: {"detail":{"error":"This request exceeds your plan's set usage limit. Please upgrade your plan or contact support@tavily.com"}}); falling back
  - 'MTH105': 'Steven Hughes Alabama A&M University MTH105 course slides'
[search] tavily unavailable (tavily http 432: {"detail":{"error":"This request exceeds your plan's set usage limit. Please upgrade your plan or contact support@tavily.com"}}); falling back
  - 'MTH425': 'Steven Hughes Alabama A&M University MTH425 course slides'
[search] tavily unavailable (tavily http 432: {"detail":{"error":"This request exceeds your plan's set usage limit. Please upgrade your plan or contact support@tavily.com"}}); falling back

### [math] Andrew Phillips — College of Idaho (ratings=2, dept=Mathematics & Physics, 1 course(s))
  - 'MAT275': 'Andrew Phillips College of Idaho MAT275 course slides'
[search] tavily unavailable (tavily http 432: {"detail":{"error":"This request exceeds your plan's set usage limit. Please upgrade your plan or contact support@tavily.com"}}); falling back

### [math] Anjan Biswas — Alabama A&M University (ratings=2, dept=Mathematics, 2 course(s))
  - 'MATH112': 'Anjan Biswas Alabama A&M University MATH112 course slides'
[search] tavily unavailable (tavily http 432: {"detail":{"error":"This request exceeds your plan's set usage limit. Please upgrade your plan or contact support@tavily.com"}}); falling back
  - 'MTH126': 'Anjan Biswas Alabama A&M University MTH126 course slides'
[search] tavily unavailable (tavily http 432: {"detail":{"error":"This request exceeds your plan's set usage limit. Please upgrade your plan or contact support@tavily.com"}}); falling back

### [math] Betty Graper — Albany State University (ratings=2, dept=Mathematics, 1 course(s))
  - 'MATH1001': 'Betty Graper Albany State University MATH1001 course slides'
[search] tavily unavailable (tavily http 432: {"detail":{"error":"This request exceeds your plan's set usage limit. Please upgrade your plan or contact support@tavily.com"}}); falling back
      1 link(s) @ https://www.depauw.edu/files/resources/pdf-ambassadors-24.pdf  (run=0, sequential=False)

### [math] Daniel Boyd — Alabama State University (ratings=2, dept=Mathematics, 1 course(s))
  - 'PSY306': 'Daniel Boyd Alabama State University PSY306 course slides'
[search] tavily unavailable (tavily http 432: {"detail":{"error":"This request exceeds your plan's set usage limit. Please upgrade your plan or contact support@tavily.com"}}); falling back

### [math] Isaac  Ofori — Abraham Baldwin Agricultural College (ratings=2, dept=Mathematics, 1 course(s))
  - '20065': 'Isaac Ofori Abraham Baldwin Agricultural College 20065 course slides'
[search] tavily unavailable (tavily http 432: {"detail":{"error":"This request exceeds your plan's set usage limit. Please upgrade your plan or contact support@tavily.com"}}); falling back

### [math] Jeffery Swords — Albany State University (ratings=2, dept=Mathematics, 2 course(s))
  - 'COLLEGEALGEBRA': 'Jeffery Swords Albany State University COLLEGEALGEBRA course slides'
[search] tavily unavailable (tavily http 432: {"detail":{"error":"This request exceeds your plan's set usage limit. Please upgrade your plan or contact support@tavily.com"}}); falling back
  - 'MATH1111': 'Jeffery Swords Albany State University MATH1111 course slides'
[search] tavily unavailable (tavily http 432: {"detail":{"error":"This request exceeds your plan's set usage limit. Please upgrade your plan or contact support@tavily.com"}}); falling back

### [math] John Ivery — Alabama State University (ratings=2, dept=Mathematics, 2 course(s))
  - 'MAT265': 'John Ivery Alabama State University MAT265 course slides'
[search] tavily unavailable (tavily http 432: {"detail":{"error":"This request exceeds your plan's set usage limit. Please upgrade your plan or contact support@tavily.com"}}); falling back
  - 'MATH265': 'John Ivery Alabama State University MATH265 course slides'
[search] tavily unavailable (tavily http 432: {"detail":{"error":"This request exceeds your plan's set usage limit. Please upgrade your plan or contact support@tavily.com"}}); falling back

### [math] Louis Burton — Alabama State University (ratings=2, dept=Mathematics, 1 course(s))
  - 'MAT137': 'Louis Burton Alabama State University MAT137 course slides'
[search] tavily unavailable (tavily http 432: {"detail":{"error":"This request exceeds your plan's set usage limit. Please upgrade your plan or contact support@tavily.com"}}); falling back

### [math] Ronald Lang — Alabama A&M University (ratings=2, dept=Mathematics, 1 course(s))
  - '010': 'Ronald Lang Alabama A&M University 010 course slides'
[search] tavily unavailable (tavily http 432: {"detail":{"error":"This request exceeds your plan's set usage limit. Please upgrade your plan or contact support@tavily.com"}}); falling back

### [math] Rose Legget — Albany State University (ratings=2, dept=Mathematics, 2 course(s))
  - 'COLLEGEALGEBRA': 'Rose Legget Albany State University COLLEGEALGEBRA course slides'
[search] tavily unavailable (tavily http 432: {"detail":{"error":"This request exceeds your plan's set usage limit. Please upgrade your plan or contact support@tavily.com"}}); falling back
  - 'MATH1111': 'Rose Legget Albany State University MATH1111 course slides'
[search] tavily unavailable (tavily http 432: {"detail":{"error":"This request exceeds your plan's set usage limit. Please upgrade your plan or contact support@tavily.com"}}); falling back

### [math] Shamsul Arefin — Alabama A&M University (ratings=2, dept=Mathematics, 1 course(s))
  - '112E': 'Shamsul Arefin Alabama A&M University 112E course slides'
[search] tavily unavailable (tavily http 432: {"detail":{"error":"This request exceeds your plan's set usage limit. Please upgrade your plan or contact support@tavily.com"}}); falling back

### [math] Shaohui Wang — Adelphi University (ratings=2, dept=Mathematics, 2 course(s))
  - 'BIO112': 'Shaohui Wang Adelphi University BIO112 course slides'
[search] tavily unavailable (tavily http 432: {"detail":{"error":"This request exceeds your plan's set usage limit. Please upgrade your plan or contact support@tavily.com"}}); falling back
  - 'PRECALCULUS104': 'Shaohui Wang Adelphi University PRECALCULUS104 course slides'
[search] tavily unavailable (tavily http 432: {"detail":{"error":"This request exceeds your plan's set usage limit. Please upgrade your plan or contact support@tavily.com"}}); falling back

### [math] Stephen Alderich — Adams State University (ratings=2, dept=Mathematics, 1 course(s))
  - 'MATH106': 'Stephen Alderich Adams State University MATH106 course slides'
[search] tavily unavailable (tavily http 432: {"detail":{"error":"This request exceeds your plan's set usage limit. Please upgrade your plan or contact support@tavily.com"}}); falling back

### [math] Taylor Wars — Albany State University (ratings=2, dept=Mathematics, 2 course(s))
  - 'MATH2008': 'Taylor Wars Albany State University MATH2008 course slides'
[search] tavily unavailable (tavily http 432: {"detail":{"error":"This request exceeds your plan's set usage limit. Please upgrade your plan or contact support@tavily.com"}}); falling back
  - 'PRECAL1113': 'Taylor Wars Albany State University PRECAL1113 course slides'
[search] tavily unavailable (tavily http 432: {"detail":{"error":"This request exceeds your plan's set usage limit. Please upgrade your plan or contact support@tavily.com"}}); falling back

### [math] Ted Bannon — Adelphi University (ratings=2, dept=Mathematics, 2 course(s))
  - 'MATH113': 'Ted Bannon Adelphi University MATH113 course slides'
[search] tavily unavailable (tavily http 432: {"detail":{"error":"This request exceeds your plan's set usage limit. Please upgrade your plan or contact support@tavily.com"}}); falling back
  - 'PRECALC': 'Ted Bannon Adelphi University PRECALC course slides'
[search] tavily unavailable (tavily http 432: {"detail":{"error":"This request exceeds your plan's set usage limit. Please upgrade your plan or contact support@tavily.com"}}); falling back

### [math] Thomas Hollee — Alabama State University (ratings=2, dept=Mathematics, 1 course(s))
  - 'MAT136': 'Thomas Hollee Alabama State University MAT136 course slides'
[search] tavily unavailable (tavily http 432: {"detail":{"error":"This request exceeds your plan's set usage limit. Please upgrade your plan or contact support@tavily.com"}}); falling back

### [math] Timothy  Mobley — Adams State University (ratings=2, dept=Mathematics, 2 course(s))
  - '099': 'Timothy Mobley Adams State University 099 course slides'
[search] tavily unavailable (tavily http 432: {"detail":{"error":"This request exceeds your plan's set usage limit. Please upgrade your plan or contact support@tavily.com"}}); falling back
  - 'MATH095': 'Timothy Mobley Adams State University MATH095 course slides'
[search] tavily unavailable (tavily http 432: {"detail":{"error":"This request exceeds your plan's set usage limit. Please upgrade your plan or contact support@tavily.com"}}); falling back

### [math] Willtresca Streeter — Albany State University (ratings=2, dept=Mathematics, 2 course(s))
  - '1111': 'Willtresca Streeter Albany State University 1111 course slides'
[search] tavily unavailable (tavily http 432: {"detail":{"error":"This request exceeds your plan's set usage limit. Please upgrade your plan or contact support@tavily.com"}}); falling back
  - 'math1001': 'Willtresca Streeter Albany State University math1001 course slides'
[search] tavily unavailable (tavily http 432: {"detail":{"error":"This request exceeds your plan's set usage limit. Please upgrade your plan or contact support@tavily.com"}}); falling back

### [math] Aihua Wood — Air Force Institute of Technology (ratings=1, dept=Mathematics, 1 course(s))
  - 'MATH621': 'Aihua Wood Air Force Institute of Technology MATH621 course slides'
[search] tavily unavailable (tavily http 432: {"detail":{"error":"This request exceeds your plan's set usage limit. Please upgrade your plan or contact support@tavily.com"}}); falling back

### [math] Andrew Potter — Abilene Christian University (ratings=1, dept=Mathematics, 1 course(s))
  - 'STATS3312': 'Andrew Potter Abilene Christian University STATS3312 course slides'
[search] tavily unavailable (tavily http 432: {"detail":{"error":"This request exceeds your plan's set usage limit. Please upgrade your plan or contact support@tavily.com"}}); falling back

### [math] Aubrey Cooley — Alabama A&M University (ratings=1, dept=Mathematics, 1 course(s))
  - 'MTH113': 'Aubrey Cooley Alabama A&M University MTH113 course slides'
[search] tavily unavailable (tavily http 432: {"detail":{"error":"This request exceeds your plan's set usage limit. Please upgrade your plan or contact support@tavily.com"}}); falling back

### [math] Carolyn Simmons-Johnson — Alabama State University (ratings=1, dept=Mathematics, 1 course(s))
  - 'MAT137': 'Carolyn Simmons-Johnson Alabama State University MAT137 course slides'
[search] tavily unavailable (tavily http 432: {"detail":{"error":"This request exceeds your plan's set usage limit. Please upgrade your plan or contact support@tavily.com"}}); falling back

### [math] Charles Bergeron — Albany College of Pharmacy and Health Sciences (ratings=1, dept=Mathematics, 1 course(s))
  - 'MAT211': 'Charles Bergeron Albany College of Pharmacy and Health Sciences MAT211 course slides'
[search] tavily unavailable (tavily http 432: {"detail":{"error":"This request exceeds your plan's set usage limit. Please upgrade your plan or contact support@tavily.com"}}); falling back

### [math] Cicely Martin — Alabama State University (ratings=1, dept=Mathematics, 1 course(s))
  - 'Math-130': 'Cicely Martin Alabama State University Math-130 course slides'
[search] tavily unavailable (tavily http 432: {"detail":{"error":"This request exceeds your plan's set usage limit. Please upgrade your plan or contact support@tavily.com"}}); falling back

### [math] Connie Leggett — Albany State University (ratings=1, dept=Mathematics, 1 course(s))
  - 'MATH1001': 'Connie Leggett Albany State University MATH1001 course slides'
[search] tavily unavailable (tavily http 432: {"detail":{"error":"This request exceeds your plan's set usage limit. Please upgrade your plan or contact support@tavily.com"}}); falling back

### [math] David Hauser — Adelphi University (ratings=1, dept=Mathematics, 1 course(s))
  - 'MTH1': 'David Hauser Adelphi University MTH1 course slides'
[search] tavily unavailable (tavily http 432: {"detail":{"error":"This request exceeds your plan's set usage limit. Please upgrade your plan or contact support@tavily.com"}}); falling back

### [math] David Norwood — Alabama State University (ratings=1, dept=Mathematics, 1 course(s))
  - 'MAT131': 'David Norwood Alabama State University MAT131 course slides'
[search] tavily unavailable (tavily http 432: {"detail":{"error":"This request exceeds your plan's set usage limit. Please upgrade your plan or contact support@tavily.com"}}); falling back

### [math] Fadekemi Osaye — Alabama State University (ratings=1, dept=Mathematics, 1 course(s))
  - '265': 'Fadekemi Osaye Alabama State University 265 course slides'
[search] tavily unavailable (tavily http 432: {"detail":{"error":"This request exceeds your plan's set usage limit. Please upgrade your plan or contact support@tavily.com"}}); falling back

### [math] Fred Roush — Alabama State University (ratings=1, dept=Mathematics, 1 course(s))
  - 'GRADMATH': 'Fred Roush Alabama State University GRADMATH course slides'
[search] tavily unavailable (tavily http 432: {"detail":{"error":"This request exceeds your plan's set usage limit. Please upgrade your plan or contact support@tavily.com"}}); falling back

### [math] Jaime Goode — College of Idaho (ratings=1, dept=Mathematics amp Physics, 1 course(s))
  - 'ENV160': 'Jaime Goode College of Idaho ENV160 course slides'
[search] tavily unavailable (tavily http 432: {"detail":{"error":"This request exceeds your plan's set usage limit. Please upgrade your plan or contact support@tavily.com"}}); falling back

### [math] John Franklin — Abraham Baldwin Agricultural College (ratings=1, dept=Mathematics, 1 course(s))
  - 'MATH097': 'John Franklin Abraham Baldwin Agricultural College MATH097 course slides'
[search] tavily unavailable (tavily http 432: {"detail":{"error":"This request exceeds your plan's set usage limit. Please upgrade your plan or contact support@tavily.com"}}); falling back

### [math] Joshua Fix — Albany State University (ratings=1, dept=Mathematics, 1 course(s))
  - 'MATH0989': 'Joshua Fix Albany State University MATH0989 course slides'
[search] tavily unavailable (tavily http 432: {"detail":{"error":"This request exceeds your plan's set usage limit. Please upgrade your plan or contact support@tavily.com"}}); falling back

### [math] Keyanna  Davis — Albany State University (ratings=1, dept=Mathematics, 1 course(s))
  - 'math1101': 'Keyanna Davis Albany State University math1101 course slides'
[search] tavily unavailable (tavily http 432: {"detail":{"error":"This request exceeds your plan's set usage limit. Please upgrade your plan or contact support@tavily.com"}}); falling back

### [math] Marissa Cusa — Adelphi University (ratings=1, dept=Mathematics, 1 course(s))
  - 'MATH0133107002': 'Marissa Cusa Adelphi University MATH0133107002 course slides'
[search] tavily unavailable (tavily http 432: {"detail":{"error":"This request exceeds your plan's set usage limit. Please upgrade your plan or contact support@tavily.com"}}); falling back

### [math] Mohammed Talukder — Albany State University (ratings=1, dept=Mathematics, 1 course(s))
  - 'STAT252': 'Mohammed Talukder Albany State University STAT252 course slides'
[search] tavily unavailable (tavily http 432: {"detail":{"error":"This request exceeds your plan's set usage limit. Please upgrade your plan or contact support@tavily.com"}}); falling back
      1 link(s) @ https://www.asurams.edu/images/substantive-change-report/IMAGES/SOURCE24348.PDF  (run=0, sequential=False)

### [math] Muneeb Yusufi — Alabama A&M University (ratings=1, dept=Mathematics, 1 course(s))
  - 'MTH125': 'Muneeb Yusufi Alabama A&M University MTH125 course slides'
[search] tavily unavailable (tavily http 432: {"detail":{"error":"This request exceeds your plan's set usage limit. Please upgrade your plan or contact support@tavily.com"}}); falling back

### [math] Nicholas Urquhart — Abraham Baldwin Agricultural College (ratings=1, dept=Mathematics, 1 course(s))
  - 'MATH97': 'Nicholas Urquhart Abraham Baldwin Agricultural College MATH97 course slides'
[search] tavily unavailable (tavily http 432: {"detail":{"error":"This request exceeds your plan's set usage limit. Please upgrade your plan or contact support@tavily.com"}}); falling back

### [math] Peter Maceli — Adelphi University (ratings=1, dept=Mathematics, 1 course(s))
  - 'MTH243': 'Peter Maceli Adelphi University MTH243 course slides'
[search] tavily unavailable (tavily http 432: {"detail":{"error":"This request exceeds your plan's set usage limit. Please upgrade your plan or contact support@tavily.com"}}); falling back

### [math] Philip Grella — Adelphi University (ratings=1, dept=Mathematics, 1 course(s))
  - 'PCALC0144': 'Philip Grella Adelphi University PCALC0144 course slides'
[search] tavily unavailable (tavily http 432: {"detail":{"error":"This request exceeds your plan's set usage limit. Please upgrade your plan or contact support@tavily.com"}}); falling back

### [math] Ryan Kappedal — Air Force Institute of Technology (ratings=1, dept=Mathematics, 1 course(s))
  - 'STAT602': 'Ryan Kappedal Air Force Institute of Technology STAT602 course slides'
[search] tavily unavailable (tavily http 432: {"detail":{"error":"This request exceeds your plan's set usage limit. Please upgrade your plan or contact support@tavily.com"}}); falling back

### [math] Sandra Walker — Alabama State University (ratings=1, dept=Mathematics, 1 course(s))
  - 'FIN131': 'Sandra Walker Alabama State University FIN131 course slides'
[search] tavily unavailable (tavily http 432: {"detail":{"error":"This request exceeds your plan's set usage limit. Please upgrade your plan or contact support@tavily.com"}}); falling back

### [math] Steven Cooper — Abraham Baldwin Agricultural College (ratings=1, dept=Mathematics, 1 course(s))
  - 'MATH99': 'Steven Cooper Abraham Baldwin Agricultural College MATH99 course slides'
[search] tavily unavailable (tavily http 432: {"detail":{"error":"This request exceeds your plan's set usage limit. Please upgrade your plan or contact support@tavily.com"}}); falling back

### [math] Tony White — Air Force Institute of Technology (ratings=1, dept=Mathematics, 1 course(s))
  - 'STAT641': 'Tony White Air Force Institute of Technology STAT641 course slides'
[search] tavily unavailable (tavily http 432: {"detail":{"error":"This request exceeds your plan's set usage limit. Please upgrade your plan or contact support@tavily.com"}}); falling back

### [math] Wanjun Hu — Albany State University (ratings=1, dept=Mathematics, 1 course(s))
  - 'MATH3112': 'Wanjun Hu Albany State University MATH3112 course slides'
[search] tavily unavailable (tavily http 432: {"detail":{"error":"This request exceeds your plan's set usage limit. Please upgrade your plan or contact support@tavily.com"}}); falling back

### [math] salam khan — Alabama A&M University (ratings=1, dept=Mathematics, 1 course(s))
  - '324': 'salam khan Alabama A&M University 324 course slides'
[search] tavily unavailable (tavily http 432: {"detail":{"error":"This request exceeds your plan's set usage limit. Please upgrade your plan or contact support@tavily.com"}}); falling back

========== DISCIPLINE: STATS (1 professors) ==========

### [stats] Leslie Cornick — Alaska Pacific University (ratings=15, dept=Statistics, 8 course(s))
  - 'MAR201': 'Leslie Cornick Alaska Pacific University MAR201 course slides'
[search] tavily unavailable (tavily http 432: {"detail":{"error":"This request exceeds your plan's set usage limit. Please upgrade your plan or contact support@tavily.com"}}); falling back
  - 'MAR33000': 'Leslie Cornick Alaska Pacific University MAR33000 course slides'
[search] tavily unavailable (tavily http 432: {"detail":{"error":"This request exceeds your plan's set usage limit. Please upgrade your plan or contact support@tavily.com"}}); falling back
  - 'BIO100': 'Leslie Cornick Alaska Pacific University BIO100 course slides'
[search] tavily unavailable (tavily http 432: {"detail":{"error":"This request exceeds your plan's set usage limit. Please upgrade your plan or contact support@tavily.com"}}); falling back
  - 'ES': 'Leslie Cornick Alaska Pacific University ES course slides'
[search] tavily unavailable (tavily http 432: {"detail":{"error":"This request exceeds your plan's set usage limit. Please upgrade your plan or contact support@tavily.com"}}); falling back
  - 'ES123456': 'Leslie Cornick Alaska Pacific University ES123456 course slides'
[search] tavily unavailable (tavily http 432: {"detail":{"error":"This request exceeds your plan's set usage limit. Please upgrade your plan or contact support@tavily.com"}}); falling back
  - 'LL101': 'Leslie Cornick Alaska Pacific University LL101 course slides'
[search] tavily unavailable (tavily http 432: {"detail":{"error":"This request exceeds your plan's set usage limit. Please upgrade your plan or contact support@tavily.com"}}); falling back
  - 'MAR300': 'Leslie Cornick Alaska Pacific University MAR300 course slides'
[search] tavily unavailable (tavily http 432: {"detail":{"error":"This request exceeds your plan's set usage limit. Please upgrade your plan or contact support@tavily.com"}}); falling back
  - 'MAR400': 'Leslie Cornick Alaska Pacific University MAR400 course slides'
[search] tavily unavailable (tavily http 432: {"detail":{"error":"This request exceeds your plan's set usage limit. Please upgrade your plan or contact support@tavily.com"}}); falling back

========== DISCIPLINE: PHYSICS (68 professors) ==========

### [physics] Mathew Wright — Adelphi University (ratings=58, dept=Physics, 8 course(s))
  - 'PHY114': 'Mathew Wright Adelphi University PHY114 course slides'
[search] tavily unavailable (tavily http 432: {"detail":{"error":"This request exceeds your plan's set usage limit. Please upgrade your plan or contact support@tavily.com"}}); falling back
  - 'PHY111': 'Mathew Wright Adelphi University PHY111 course slides'
[search] tavily unavailable (tavily http 432: {"detail":{"error":"This request exceeds your plan's set usage limit. Please upgrade your plan or contact support@tavily.com"}}); falling back
  - 'PHY113': 'Mathew Wright Adelphi University PHY113 course slides'
[search] tavily unavailable (tavily http 432: {"detail":{"error":"This request exceeds your plan's set usage limit. Please upgrade your plan or contact support@tavily.com"}}); falling back
  - 'PHY216': 'Mathew Wright Adelphi University PHY216 course slides'
[search] tavily unavailable (tavily http 432: {"detail":{"error":"This request exceeds your plan's set usage limit. Please upgrade your plan or contact support@tavily.com"}}); falling back
  - '114': 'Mathew Wright Adelphi University 114 course slides'
[search] tavily unavailable (tavily http 432: {"detail":{"error":"This request exceeds your plan's set usage limit. Please upgrade your plan or contact support@tavily.com"}}); falling back
  - 'PHY211': 'Mathew Wright Adelphi University PHY211 course slides'
[search] tavily unavailable (tavily http 432: {"detail":{"error":"This request exceeds your plan's set usage limit. Please upgrade your plan or contact support@tavily.com"}}); falling back
  - 'PHY275': 'Mathew Wright Adelphi University PHY275 course slides'
[search] tavily unavailable (tavily http 432: {"detail":{"error":"This request exceeds your plan's set usage limit. Please upgrade your plan or contact support@tavily.com"}}); falling back
  - 'PHY428': 'Mathew Wright Adelphi University PHY428 course slides'
[search] tavily unavailable (tavily http 432: {"detail":{"error":"This request exceeds your plan's set usage limit. Please upgrade your plan or contact support@tavily.com"}}); falling back

### [physics] Sean Bentley — Adelphi University (ratings=55, dept=Physics, 8 course(s))
  - 'PHY123': 'Sean Bentley Adelphi University PHY123 course slides'
[search] tavily unavailable (tavily http 432: {"detail":{"error":"This request exceeds your plan's set usage limit. Please upgrade your plan or contact support@tavily.com"}}); falling back
  - 'PHY211': 'Sean Bentley Adelphi University PHY211 course slides'
[search] tavily unavailable (tavily http 432: {"detail":{"error":"This request exceeds your plan's set usage limit. Please upgrade your plan or contact support@tavily.com"}}); falling back
  - 'PHY114': 'Sean Bentley Adelphi University PHY114 course slides'
[search] tavily unavailable (tavily http 432: {"detail":{"error":"This request exceeds your plan's set usage limit. Please upgrade your plan or contact support@tavily.com"}}); falling back
  - 'PHY428': 'Sean Bentley Adelphi University PHY428 course slides'
[search] tavily unavailable (tavily http 432: {"detail":{"error":"This request exceeds your plan's set usage limit. Please upgrade your plan or contact support@tavily.com"}}); falling back
  - 'PHY': 'Sean Bentley Adelphi University PHY course slides'
[search] tavily unavailable (tavily http 432: {"detail":{"error":"This request exceeds your plan's set usage limit. Please upgrade your plan or contact support@tavily.com"}}); falling back
  - 'Phy113': 'Sean Bentley Adelphi University Phy113 course slides'
[search] tavily unavailable (tavily http 432: {"detail":{"error":"This request exceeds your plan's set usage limit. Please upgrade your plan or contact support@tavily.com"}}); falling back
  - 'PHY112': 'Sean Bentley Adelphi University PHY112 course slides'
[search] tavily unavailable (tavily http 432: {"detail":{"error":"This request exceeds your plan's set usage limit. Please upgrade your plan or contact support@tavily.com"}}); falling back
  - 'PHY122': 'Sean Bentley Adelphi University PHY122 course slides'
[search] tavily unavailable (tavily http 432: {"detail":{"error":"This request exceeds your plan's set usage limit. Please upgrade your plan or contact support@tavily.com"}}); falling back

### [physics] Donald Isenhower — Abilene Christian University (ratings=47, dept=Physics, 8 course(s))
  - 'PHYS101': 'Donald Isenhower Abilene Christian University PHYS101 course slides'
[search] tavily unavailable (tavily http 432: {"detail":{"error":"This request exceeds your plan's set usage limit. Please upgrade your plan or contact support@tavily.com"}}); falling back
  - 'ASTR101': 'Donald Isenhower Abilene Christian University ASTR101 course slides'
[search] tavily unavailable (tavily http 432: {"detail":{"error":"This request exceeds your plan's set usage limit. Please upgrade your plan or contact support@tavily.com"}}); falling back
  - 'ASTRONOMY': 'Donald Isenhower Abilene Christian University ASTRONOMY course slides'
[search] tavily unavailable (tavily http 432: {"detail":{"error":"This request exceeds your plan's set usage limit. Please upgrade your plan or contact support@tavily.com"}}); falling back
  - 'PHY101': 'Donald Isenhower Abilene Christian University PHY101 course slides'
[search] tavily unavailable (tavily http 432: {"detail":{"error":"This request exceeds your plan's set usage limit. Please upgrade your plan or contact support@tavily.com"}}); falling back
  - '101': 'Donald Isenhower Abilene Christian University 101 course slides'
[search] tavily unavailable (tavily http 432: {"detail":{"error":"This request exceeds your plan's set usage limit. Please upgrade your plan or contact support@tavily.com"}}); falling back
  - 'ASTR111': 'Donald Isenhower Abilene Christian University ASTR111 course slides'
[search] tavily unavailable (tavily http 432: {"detail":{"error":"This request exceeds your plan's set usage limit. Please upgrade your plan or contact support@tavily.com"}}); falling back
  - 'COS126': 'Donald Isenhower Abilene Christian University COS126 course slides'
[search] tavily unavailable (tavily http 432: {"detail":{"error":"This request exceeds your plan's set usage limit. Please upgrade your plan or contact support@tavily.com"}}); falling back
  - 'GENPHYSICS': 'Donald Isenhower Abilene Christian University GENPHYSICS course slides'
[search] tavily unavailable (tavily http 432: {"detail":{"error":"This request exceeds your plan's set usage limit. Please upgrade your plan or contact support@tavily.com"}}); falling back

### [physics] Martin Garrell — Adelphi University (ratings=44, dept=Physics, 8 course(s))
  - 'ASTRONOMY': 'Martin Garrell Adelphi University ASTRONOMY course slides'
[search] tavily unavailable (tavily http 432: {"detail":{"error":"This request exceeds your plan's set usage limit. Please upgrade your plan or contact support@tavily.com"}}); falling back
  - 'GEN110': 'Martin Garrell Adelphi University GEN110 course slides'
[search] tavily unavailable (tavily http 432: {"detail":{"error":"This request exceeds your plan's set usage limit. Please upgrade your plan or contact support@tavily.com"}}); falling back
  - 'AST101': 'Martin Garrell Adelphi University AST101 course slides'
[search] tavily unavailable (tavily http 432: {"detail":{"error":"This request exceeds your plan's set usage limit. Please upgrade your plan or contact support@tavily.com"}}); falling back
  - 'PHY104': 'Martin Garrell Adelphi University PHY104 course slides'
[search] tavily unavailable (tavily http 432: {"detail":{"error":"This request exceeds your plan's set usage limit. Please upgrade your plan or contact support@tavily.com"}}); falling back
  - 'PHY112': 'Martin Garrell Adelphi University PHY112 course slides'
[search] tavily unavailable (tavily http 432: {"detail":{"error":"This request exceeds your plan's set usage limit. Please upgrade your plan or contact support@tavily.com"}}); falling back
  - 'PHY2': 'Martin Garrell Adelphi University PHY2 course slides'
[search] tavily unavailable (tavily http 432: {"detail":{"error":"This request exceeds your plan's set usage limit. Please upgrade your plan or contact support@tavily.com"}}); falling back
  - 'AST0156': 'Martin Garrell Adelphi University AST0156 course slides'
[search] tavily unavailable (tavily http 432: {"detail":{"error":"This request exceeds your plan's set usage limit. Please upgrade your plan or contact support@tavily.com"}}); falling back
  - 'ASTRO104': 'Martin Garrell Adelphi University ASTRO104 course slides'
[search] tavily unavailable (tavily http 432: {"detail":{"error":"This request exceeds your plan's set usage limit. Please upgrade your plan or contact support@tavily.com"}}); falling back

### [physics] Yuri Kholodenko — Albany College of Pharmacy and Health Sciences (ratings=39, dept=Physics, 8 course(s))
  - 'PHY101': 'Yuri Kholodenko Albany College of Pharmacy and Health Sciences PHY101 course slides'
[search] tavily unavailable (tavily http 432: {"detail":{"error":"This request exceeds your plan's set usage limit. Please upgrade your plan or contact support@tavily.com"}}); falling back
  - 'PHY212': 'Yuri Kholodenko Albany College of Pharmacy and Health Sciences PHY212 course slides'
[search] tavily unavailable (tavily http 432: {"detail":{"error":"This request exceeds your plan's set usage limit. Please upgrade your plan or contact support@tavily.com"}}); falling back
  - 'PHYSICS': 'Yuri Kholodenko Albany College of Pharmacy and Health Sciences PHYSICS course slides'
[search] tavily unavailable (tavily http 432: {"detail":{"error":"This request exceeds your plan's set usage limit. Please upgrade your plan or contact support@tavily.com"}}); falling back
  - 'PHYS101': 'Yuri Kholodenko Albany College of Pharmacy and Health Sciences PHYS101 course slides'
[search] tavily unavailable (tavily http 432: {"detail":{"error":"This request exceeds your plan's set usage limit. Please upgrade your plan or contact support@tavily.com"}}); falling back
  - 'PHY245': 'Yuri Kholodenko Albany College of Pharmacy and Health Sciences PHY245 course slides'
[search] tavily unavailable (tavily http 432: {"detail":{"error":"This request exceeds your plan's set usage limit. Please upgrade your plan or contact support@tavily.com"}}); falling back
  - 'FEEZICS': 'Yuri Kholodenko Albany College of Pharmacy and Health Sciences FEEZICS course slides'
[search] tavily unavailable (tavily http 432: {"detail":{"error":"This request exceeds your plan's set usage limit. Please upgrade your plan or contact support@tavily.com"}}); falling back
  - 'PHY210': 'Yuri Kholodenko Albany College of Pharmacy and Health Sciences PHY210 course slides'
[search] tavily unavailable (tavily http 432: {"detail":{"error":"This request exceeds your plan's set usage limit. Please upgrade your plan or contact support@tavily.com"}}); falling back
  - 'PHYS1': 'Yuri Kholodenko Albany College of Pharmacy and Health Sciences PHYS1 course slides'
[search] tavily unavailable (tavily http 432: {"detail":{"error":"This request exceeds your plan's set usage limit. Please upgrade your plan or contact support@tavily.com"}}); falling back

### [physics] Eugene Hecht — Adelphi University (ratings=38, dept=Physics, 8 course(s))
  - 'PHY111': 'Eugene Hecht Adelphi University PHY111 course slides'
[search] tavily unavailable (tavily http 432: {"detail":{"error":"This request exceeds your plan's set usage limit. Please upgrade your plan or contact support@tavily.com"}}); falling back
  - 'PHY113': 'Eugene Hecht Adelphi University PHY113 course slides'
[search] tavily unavailable (tavily http 432: {"detail":{"error":"This request exceeds your plan's set usage limit. Please upgrade your plan or contact support@tavily.com"}}); falling back
  - 'PHY112': 'Eugene Hecht Adelphi University PHY112 course slides'
[search] tavily unavailable (tavily http 432: {"detail":{"error":"This request exceeds your plan's set usage limit. Please upgrade your plan or contact support@tavily.com"}}); falling back
  - 'PHYSICS': 'Eugene Hecht Adelphi University PHYSICS course slides'
[search] tavily unavailable (tavily http 432: {"detail":{"error":"This request exceeds your plan's set usage limit. Please upgrade your plan or contact support@tavily.com"}}); falling back
  - 'PHYS113': 'Eugene Hecht Adelphi University PHYS113 course slides'
[search] tavily unavailable (tavily http 432: {"detail":{"error":"This request exceeds your plan's set usage limit. Please upgrade your plan or contact support@tavily.com"}}); falling back
  - 'OPTICS': 'Eugene Hecht Adelphi University OPTICS course slides'
[search] tavily unavailable (tavily http 432: {"detail":{"error":"This request exceeds your plan's set usage limit. Please upgrade your plan or contact support@tavily.com"}}); falling back
  - 'PHY101': 'Eugene Hecht Adelphi University PHY101 course slides'
[search] tavily unavailable (tavily http 432: {"detail":{"error":"This request exceeds your plan's set usage limit. Please upgrade your plan or contact support@tavily.com"}}); falling back
  - 'PHY107': 'Eugene Hecht Adelphi University PHY107 course slides'
[search] tavily unavailable (tavily http 432: {"detail":{"error":"This request exceeds your plan's set usage limit. Please upgrade your plan or contact support@tavily.com"}}); falling back

### [physics] Kevin Liang — Adelphi University (ratings=29, dept=Physics, 8 course(s))
  - 'PHY111': 'Kevin Liang Adelphi University PHY111 course slides'
[search] tavily unavailable (tavily http 432: {"detail":{"error":"This request exceeds your plan's set usage limit. Please upgrade your plan or contact support@tavily.com"}}); falling back
  - '114': 'Kevin Liang Adelphi University 114 course slides'
[search] tavily unavailable (tavily http 432: {"detail":{"error":"This request exceeds your plan's set usage limit. Please upgrade your plan or contact support@tavily.com"}}); falling back
  - 'PHY211': 'Kevin Liang Adelphi University PHY211 course slides'
[search] tavily unavailable (tavily http 432: {"detail":{"error":"This request exceeds your plan's set usage limit. Please upgrade your plan or contact support@tavily.com"}}); falling back
  - 'PHY111LAB': 'Kevin Liang Adelphi University PHY111LAB course slides'
[search] tavily unavailable (tavily http 432: {"detail":{"error":"This request exceeds your plan's set usage limit. Please upgrade your plan or contact support@tavily.com"}}); falling back
  - 'PHY119': 'Kevin Liang Adelphi University PHY119 course slides'
[search] tavily unavailable (tavily http 432: {"detail":{"error":"This request exceeds your plan's set usage limit. Please upgrade your plan or contact support@tavily.com"}}); falling back
  - 'PHY260': 'Kevin Liang Adelphi University PHY260 course slides'
[search] tavily unavailable (tavily http 432: {"detail":{"error":"This request exceeds your plan's set usage limit. Please upgrade your plan or contact support@tavily.com"}}); falling back
  - 'PHY263': 'Kevin Liang Adelphi University PHY263 course slides'
[search] tavily unavailable (tavily http 432: {"detail":{"error":"This request exceeds your plan's set usage limit. Please upgrade your plan or contact support@tavily.com"}}); falling back
  - 'PHI111': 'Kevin Liang Adelphi University PHI111 course slides'
[search] tavily unavailable (tavily http 432: {"detail":{"error":"This request exceeds your plan's set usage limit. Please upgrade your plan or contact support@tavily.com"}}); falling back

### [physics] Rusty Towell — Abilene Christian University (ratings=25, dept=Physics, 7 course(s))
  - 'PHYS101': 'Rusty Towell Abilene Christian University PHYS101 course slides'
[search] tavily unavailable (tavily http 432: {"detail":{"error":"This request exceeds your plan's set usage limit. Please upgrade your plan or contact support@tavily.com"}}); falling back
  - 'ASTRONOMY': 'Rusty Towell Abilene Christian University ASTRONOMY course slides'
[search] tavily unavailable (tavily http 432: {"detail":{"error":"This request exceeds your plan's set usage limit. Please upgrade your plan or contact support@tavily.com"}}); falling back
  - 'ASTR101': 'Rusty Towell Abilene Christian University ASTR101 course slides'
[search] tavily unavailable (tavily http 432: {"detail":{"error":"This request exceeds your plan's set usage limit. Please upgrade your plan or contact support@tavily.com"}}); falling back
  - 'PHYS100': 'Rusty Towell Abilene Christian University PHYS100 course slides'
[search] tavily unavailable (tavily http 432: {"detail":{"error":"This request exceeds your plan's set usage limit. Please upgrade your plan or contact support@tavily.com"}}); falling back
  - 'AST101': 'Rusty Towell Abilene Christian University AST101 course slides'
[search] tavily unavailable (tavily http 432: {"detail":{"error":"This request exceeds your plan's set usage limit. Please upgrade your plan or contact support@tavily.com"}}); falling back
  - 'PHYS113': 'Rusty Towell Abilene Christian University PHYS113 course slides'
[search] tavily unavailable (tavily http 432: {"detail":{"error":"This request exceeds your plan's set usage limit. Please upgrade your plan or contact support@tavily.com"}}); falling back
  - 'PSYC': 'Rusty Towell Abilene Christian University PSYC course slides'
[search] tavily unavailable (tavily http 432: {"detail":{"error":"This request exceeds your plan's set usage limit. Please upgrade your plan or contact support@tavily.com"}}); falling back

### [physics] Shawn Seat — Abraham Baldwin Agricultural College (ratings=23, dept=Physics, 8 course(s))
  - 'CHEM1211': 'Shawn Seat Abraham Baldwin Agricultural College CHEM1211 course slides'
[search] tavily unavailable (tavily http 432: {"detail":{"error":"This request exceeds your plan's set usage limit. Please upgrade your plan or contact support@tavily.com"}}); falling back
  - 'PHSC1011': 'Shawn Seat Abraham Baldwin Agricultural College PHSC1011 course slides'
[search] tavily unavailable (tavily http 432: {"detail":{"error":"This request exceeds your plan's set usage limit. Please upgrade your plan or contact support@tavily.com"}}); falling back
  - 'PHYS1111': 'Shawn Seat Abraham Baldwin Agricultural College PHYS1111 course slides'
[search] tavily unavailable (tavily http 432: {"detail":{"error":"This request exceeds your plan's set usage limit. Please upgrade your plan or contact support@tavily.com"}}); falling back
      1 link(s) @ https://apps.abac.edu/registrar/Catalogs/Archive/2020-2021.pdf  (run=0, sequential=False)
      1 link(s) @ https://tools.abac.edu/Registrar/Catalogs/Archive/2021-2022.pdf  (run=0, sequential=False)
      1 link(s) @ https://apps.abac.edu/registrar/Catalogs/Archive/2022-2023.pdf  (run=0, sequential=False)
      1 link(s) @ https://www.abac.edu/directory/profiles/sseat.html  (run=1, sequential=False)
  - 'PHYS1101': 'Shawn Seat Abraham Baldwin Agricultural College PHYS1101 course slides'
[search] tavily unavailable (tavily http 432: {"detail":{"error":"This request exceeds your plan's set usage limit. Please upgrade your plan or contact support@tavily.com"}}); falling back
  - 'PHYS2211': 'Shawn Seat Abraham Baldwin Agricultural College PHYS2211 course slides'
[search] tavily unavailable (tavily http 432: {"detail":{"error":"This request exceeds your plan's set usage limit. Please upgrade your plan or contact support@tavily.com"}}); falling back
  - 'CHEM1211LAB': 'Shawn Seat Abraham Baldwin Agricultural College CHEM1211LAB course slides'
[search] tavily unavailable (tavily http 432: {"detail":{"error":"This request exceeds your plan's set usage limit. Please upgrade your plan or contact support@tavily.com"}}); falling back
  - 'PHYS2212': 'Shawn Seat Abraham Baldwin Agricultural College PHYS2212 course slides'
[search] tavily unavailable (tavily http 432: {"detail":{"error":"This request exceeds your plan's set usage limit. Please upgrade your plan or contact support@tavily.com"}}); falling back
  - 'PHYSI1102': 'Shawn Seat Abraham Baldwin Agricultural College PHYSI1102 course slides'
[search] tavily unavailable (tavily http 432: {"detail":{"error":"This request exceeds your plan's set usage limit. Please upgrade your plan or contact support@tavily.com"}}); falling back

### [physics] Christopher De Pree — Agnes Scott College (ratings=21, dept=Physics, 8 course(s))
  - 'AST120': 'Christopher De Pree Agnes Scott College AST120 course slides'
[search] tavily unavailable (tavily http 432: {"detail":{"error":"This request exceeds your plan's set usage limit. Please upgrade your plan or contact support@tavily.com"}}); falling back
      1 link(s) @ https://dspace.agnesscott.edu/bitstream/123456789/11/1/academiccatalog0709.pdf  (run=0, sequential=False)
      1 link(s) @ https://dspace.agnesscott.edu/bitstream/123456789/16/1/2015-16AcademicCatalog.pdf  (run=0, sequential=False)
  - 'AST121': 'Christopher De Pree Agnes Scott College AST121 course slides'
[search] tavily unavailable (tavily http 432: {"detail":{"error":"This request exceeds your plan's set usage limit. Please upgrade your plan or contact support@tavily.com"}}); falling back
  - 'AST150': 'Christopher De Pree Agnes Scott College AST150 course slides'
[search] tavily unavailable (tavily http 432: {"detail":{"error":"This request exceeds your plan's set usage limit. Please upgrade your plan or contact support@tavily.com"}}); falling back
  - 'FYS': 'Christopher De Pree Agnes Scott College FYS course slides'
[search] tavily unavailable (tavily http 432: {"detail":{"error":"This request exceeds your plan's set usage limit. Please upgrade your plan or contact support@tavily.com"}}); falling back
  - 'AST101': 'Christopher De Pree Agnes Scott College AST101 course slides'
[search] tavily unavailable (tavily http 432: {"detail":{"error":"This request exceeds your plan's set usage limit. Please upgrade your plan or contact support@tavily.com"}}); falling back
  - 'AST160': 'Christopher De Pree Agnes Scott College AST160 course slides'
[search] tavily unavailable (tavily http 432: {"detail":{"error":"This request exceeds your plan's set usage limit. Please upgrade your plan or contact support@tavily.com"}}); falling back
  - 'ASTRONOMY': 'Christopher De Pree Agnes Scott College ASTRONOMY course slides'
[search] tavily unavailable (tavily http 432: {"detail":{"error":"This request exceeds your plan's set usage limit. Please upgrade your plan or contact support@tavily.com"}}); falling back
  - 'FRE202': 'Christopher De Pree Agnes Scott College FRE202 course slides'
[search] tavily unavailable (tavily http 432: {"detail":{"error":"This request exceeds your plan's set usage limit. Please upgrade your plan or contact support@tavily.com"}}); falling back

### [physics] Padmaja Guggilla — Alabama A&M University (ratings=21, dept=Physics, 6 course(s))
  - 'PHY101': 'Padmaja Guggilla Alabama A&M University PHY101 course slides'
[search] tavily unavailable (tavily http 432: {"detail":{"error":"This request exceeds your plan's set usage limit. Please upgrade your plan or contact support@tavily.com"}}); falling back
  - 'PHY102': 'Padmaja Guggilla Alabama A&M University PHY102 course slides'
[search] tavily unavailable (tavily http 432: {"detail":{"error":"This request exceeds your plan's set usage limit. Please upgrade your plan or contact support@tavily.com"}}); falling back
  - 'PHY102L': 'Padmaja Guggilla Alabama A&M University PHY102L course slides'
[search] tavily unavailable (tavily http 432: {"detail":{"error":"This request exceeds your plan's set usage limit. Please upgrade your plan or contact support@tavily.com"}}); falling back
  - 'MTH101': 'Padmaja Guggilla Alabama A&M University MTH101 course slides'
[search] tavily unavailable (tavily http 432: {"detail":{"error":"This request exceeds your plan's set usage limit. Please upgrade your plan or contact support@tavily.com"}}); falling back
  - 'MTH113': 'Padmaja Guggilla Alabama A&M University MTH113 course slides'
[search] tavily unavailable (tavily http 432: {"detail":{"error":"This request exceeds your plan's set usage limit. Please upgrade your plan or contact support@tavily.com"}}); falling back
  - 'PHY106': 'Padmaja Guggilla Alabama A&M University PHY106 course slides'
[search] tavily unavailable (tavily http 432: {"detail":{"error":"This request exceeds your plan's set usage limit. Please upgrade your plan or contact support@tavily.com"}}); falling back

### [physics] Oswald Tekyi-Mensah — Alabama State University (ratings=19, dept=Physics, 4 course(s))
  - 'PHY206': 'Oswald Tekyi-Mensah Alabama State University PHY206 course slides'
[search] tavily unavailable (tavily http 432: {"detail":{"error":"This request exceeds your plan's set usage limit. Please upgrade your plan or contact support@tavily.com"}}); falling back
  - 'PHY207': 'Oswald Tekyi-Mensah Alabama State University PHY207 course slides'
[search] tavily unavailable (tavily http 432: {"detail":{"error":"This request exceeds your plan's set usage limit. Please upgrade your plan or contact support@tavily.com"}}); falling back
  - 'PHY210': 'Oswald Tekyi-Mensah Alabama State University PHY210 course slides'
[search] tavily unavailable (tavily http 432: {"detail":{"error":"This request exceeds your plan's set usage limit. Please upgrade your plan or contact support@tavily.com"}}); falling back
  - 'PHY251': 'Oswald Tekyi-Mensah Alabama State University PHY251 course slides'
[search] tavily unavailable (tavily http 432: {"detail":{"error":"This request exceeds your plan's set usage limit. Please upgrade your plan or contact support@tavily.com"}}); falling back

### [physics] Arjunen Kutayiah — Abilene Christian University (ratings=18, dept=Physics, 3 course(s))
  - 'PHYS112': 'Arjunen Kutayiah Abilene Christian University PHYS112 course slides'
[search] tavily unavailable (tavily http 432: {"detail":{"error":"This request exceeds your plan's set usage limit. Please upgrade your plan or contact support@tavily.com"}}); falling back
  - 'PHYS101': 'Arjunen Kutayiah Abilene Christian University PHYS101 course slides'
[search] tavily unavailable (tavily http 432: {"detail":{"error":"This request exceeds your plan's set usage limit. Please upgrade your plan or contact support@tavily.com"}}); falling back
  - 'PHYS113': 'Arjunen Kutayiah Abilene Christian University PHYS113 course slides'
[search] tavily unavailable (tavily http 432: {"detail":{"error":"This request exceeds your plan's set usage limit. Please upgrade your plan or contact support@tavily.com"}}); falling back

### [physics] Cleon Barnett — Alabama State University (ratings=15, dept=Physics, 5 course(s))
  - 'PHY206': 'Cleon Barnett Alabama State University PHY206 course slides'
[search] tavily unavailable (tavily http 432: {"detail":{"error":"This request exceeds your plan's set usage limit. Please upgrade your plan or contact support@tavily.com"}}); falling back
  - 'PHY210': 'Cleon Barnett Alabama State University PHY210 course slides'
[search] tavily unavailable (tavily http 432: {"detail":{"error":"This request exceeds your plan's set usage limit. Please upgrade your plan or contact support@tavily.com"}}); falling back
  - 'PHYSIC101': 'Cleon Barnett Alabama State University PHYSIC101 course slides'
[search] tavily unavailable (tavily http 432: {"detail":{"error":"This request exceeds your plan's set usage limit. Please upgrade your plan or contact support@tavily.com"}}); falling back
  - 'PSC231': 'Cleon Barnett Alabama State University PSC231 course slides'
[search] tavily unavailable (tavily http 432: {"detail":{"error":"This request exceeds your plan's set usage limit. Please upgrade your plan or contact support@tavily.com"}}); falling back
  - 'PSY210': 'Cleon Barnett Alabama State University PSY210 course slides'
[search] tavily unavailable (tavily http 432: {"detail":{"error":"This request exceeds your plan's set usage limit. Please upgrade your plan or contact support@tavily.com"}}); falling back

### [physics] Gottipaty Rao — Adelphi University (ratings=15, dept=Physics, 8 course(s))
  - 'PHYS119': 'Gottipaty Rao Adelphi University PHYS119 course slides'
[search] tavily unavailable (tavily http 432: {"detail":{"error":"This request exceeds your plan's set usage limit. Please upgrade your plan or contact support@tavily.com"}}); falling back
  - '0156119001': 'Gottipaty Rao Adelphi University 0156119001 course slides'
[search] tavily unavailable (tavily http 432: {"detail":{"error":"This request exceeds your plan's set usage limit. Please upgrade your plan or contact support@tavily.com"}}); falling back
  - 'HOWTHINGSWORK': 'Gottipaty Rao Adelphi University HOWTHINGSWORK course slides'
[search] tavily unavailable (tavily http 432: {"detail":{"error":"This request exceeds your plan's set usage limit. Please upgrade your plan or contact support@tavily.com"}}); falling back
  - 'PHY119': 'Gottipaty Rao Adelphi University PHY119 course slides'
[search] tavily unavailable (tavily http 432: {"detail":{"error":"This request exceeds your plan's set usage limit. Please upgrade your plan or contact support@tavily.com"}}); falling back
  - 'PHY230': 'Gottipaty Rao Adelphi University PHY230 course slides'
[search] tavily unavailable (tavily http 432: {"detail":{"error":"This request exceeds your plan's set usage limit. Please upgrade your plan or contact support@tavily.com"}}); falling back
  - 'PHYS111': 'Gottipaty Rao Adelphi University PHYS111 course slides'
[search] tavily unavailable (tavily http 432: {"detail":{"error":"This request exceeds your plan's set usage limit. Please upgrade your plan or contact support@tavily.com"}}); falling back
  - 'PHY101': 'Gottipaty Rao Adelphi University PHY101 course slides'
[search] tavily unavailable (tavily http 432: {"detail":{"error":"This request exceeds your plan's set usage limit. Please upgrade your plan or contact support@tavily.com"}}); falling back
  - 'PHY111': 'Gottipaty Rao Adelphi University PHY111 course slides'
[search] tavily unavailable (tavily http 432: {"detail":{"error":"This request exceeds your plan's set usage limit. Please upgrade your plan or contact support@tavily.com"}}); falling back

### [physics] Maureen Karpf — Adelphi University (ratings=15, dept=Physics, 6 course(s))
  - 'PHY111': 'Maureen Karpf Adelphi University PHY111 course slides'
[search] tavily unavailable (tavily http 432: {"detail":{"error":"This request exceeds your plan's set usage limit. Please upgrade your plan or contact support@tavily.com"}}); falling back
  - 'PHY112': 'Maureen Karpf Adelphi University PHY112 course slides'
[search] tavily unavailable (tavily http 432: {"detail":{"error":"This request exceeds your plan's set usage limit. Please upgrade your plan or contact support@tavily.com"}}); falling back
  - 'PHY113': 'Maureen Karpf Adelphi University PHY113 course slides'
[search] tavily unavailable (tavily http 432: {"detail":{"error":"This request exceeds your plan's set usage limit. Please upgrade your plan or contact support@tavily.com"}}); falling back
  - 'PHY104': 'Maureen Karpf Adelphi University PHY104 course slides'
[search] tavily unavailable (tavily http 432: {"detail":{"error":"This request exceeds your plan's set usage limit. Please upgrade your plan or contact support@tavily.com"}}); falling back
  - 'PHY104001': 'Maureen Karpf Adelphi University PHY104001 course slides'
[search] tavily unavailable (tavily http 432: {"detail":{"error":"This request exceeds your plan's set usage limit. Please upgrade your plan or contact support@tavily.com"}}); falling back
  - 'PHY106': 'Maureen Karpf Adelphi University PHY106 course slides'
[search] tavily unavailable (tavily http 432: {"detail":{"error":"This request exceeds your plan's set usage limit. Please upgrade your plan or contact support@tavily.com"}}); falling back

### [physics] Jess Dowdy — Abilene Christian University (ratings=14, dept=Physics, 2 course(s))
  - 'PHYS203': 'Jess Dowdy Abilene Christian University PHYS203 course slides'
[search] tavily unavailable (tavily http 432: {"detail":{"error":"This request exceeds your plan's set usage limit. Please upgrade your plan or contact support@tavily.com"}}); falling back
  - 'PHYS101': 'Jess Dowdy Abilene Christian University PHYS101 course slides'
[search] tavily unavailable (tavily http 432: {"detail":{"error":"This request exceeds your plan's set usage limit. Please upgrade your plan or contact support@tavily.com"}}); falling back

### [physics] Paul Morris — Abilene Christian University (ratings=14, dept=Physics, 8 course(s))
  - 'PHIL378': 'Paul Morris Abilene Christian University PHIL378 course slides'
[search] tavily unavailable (tavily http 432: {"detail":{"error":"This request exceeds your plan's set usage limit. Please upgrade your plan or contact support@tavily.com"}}); falling back
  - 'PHYSICS': 'Paul Morris Abilene Christian University PHYSICS course slides'
[search] tavily unavailable (tavily http 432: {"detail":{"error":"This request exceeds your plan's set usage limit. Please upgrade your plan or contact support@tavily.com"}}); falling back
  - 'GENPHYSICS': 'Paul Morris Abilene Christian University GENPHYSICS course slides'
[search] tavily unavailable (tavily http 432: {"detail":{"error":"This request exceeds your plan's set usage limit. Please upgrade your plan or contact support@tavily.com"}}); falling back
  - 'JUSTICE': 'Paul Morris Abilene Christian University JUSTICE course slides'
[search] tavily unavailable (tavily http 432: {"detail":{"error":"This request exceeds your plan's set usage limit. Please upgrade your plan or contact support@tavily.com"}}); falling back
  - 'LOGICPHIL': 'Paul Morris Abilene Christian University LOGICPHIL course slides'
[search] tavily unavailable (tavily http 432: {"detail":{"error":"This request exceeds your plan's set usage limit. Please upgrade your plan or contact support@tavily.com"}}); falling back
  - 'PHI300': 'Paul Morris Abilene Christian University PHI300 course slides'
[search] tavily unavailable (tavily http 432: {"detail":{"error":"This request exceeds your plan's set usage limit. Please upgrade your plan or contact support@tavily.com"}}); falling back
  - 'PHIL379': 'Paul Morris Abilene Christian University PHIL379 course slides'
[search] tavily unavailable (tavily http 432: {"detail":{"error":"This request exceeds your plan's set usage limit. Please upgrade your plan or contact support@tavily.com"}}); falling back
  - 'PHIL499': 'Paul Morris Abilene Christian University PHIL499 course slides'
[search] tavily unavailable (tavily http 432: {"detail":{"error":"This request exceeds your plan's set usage limit. Please upgrade your plan or contact support@tavily.com"}}); falling back

### [physics] Sean Ali — Albany College of Pharmacy and Health Sciences (ratings=14, dept=Physics, 6 course(s))
  - 'MAT111': 'Sean Ali Albany College of Pharmacy and Health Sciences MAT111 course slides'
[search] tavily unavailable (tavily http 432: {"detail":{"error":"This request exceeds your plan's set usage limit. Please upgrade your plan or contact support@tavily.com"}}); falling back
  - 'MAT1': 'Sean Ali Albany College of Pharmacy and Health Sciences MAT1 course slides'
[search] tavily unavailable (tavily http 432: {"detail":{"error":"This request exceeds your plan's set usage limit. Please upgrade your plan or contact support@tavily.com"}}); falling back
  - 'PHY212': 'Sean Ali Albany College of Pharmacy and Health Sciences PHY212 course slides'
[search] tavily unavailable (tavily http 432: {"detail":{"error":"This request exceeds your plan's set usage limit. Please upgrade your plan or contact support@tavily.com"}}); falling back
  - 'PHYB': 'Sean Ali Albany College of Pharmacy and Health Sciences PHYB course slides'
[search] tavily unavailable (tavily http 432: {"detail":{"error":"This request exceeds your plan's set usage limit. Please upgrade your plan or contact support@tavily.com"}}); falling back
  - 'PHYSICS1': 'Sean Ali Albany College of Pharmacy and Health Sciences PHYSICS1 course slides'
[search] tavily unavailable (tavily http 432: {"detail":{"error":"This request exceeds your plan's set usage limit. Please upgrade your plan or contact support@tavily.com"}}); falling back
  - 'PHYSICSI': 'Sean Ali Albany College of Pharmacy and Health Sciences PHYSICSI course slides'
[search] tavily unavailable (tavily http 432: {"detail":{"error":"This request exceeds your plan's set usage limit. Please upgrade your plan or contact support@tavily.com"}}); falling back

### [physics] Amy Lovell — Agnes Scott College (ratings=11, dept=Physics, 6 course(s))
  - 'AST120': 'Amy Lovell Agnes Scott College AST120 course slides'
[search] tavily unavailable (tavily http 432: {"detail":{"error":"This request exceeds your plan's set usage limit. Please upgrade your plan or contact support@tavily.com"}}); falling back
  - 'AST150': 'Amy Lovell Agnes Scott College AST150 course slides'
[search] tavily unavailable (tavily http 432: {"detail":{"error":"This request exceeds your plan's set usage limit. Please upgrade your plan or contact support@tavily.com"}}); falling back
  - 'AST001': 'Amy Lovell Agnes Scott College AST001 course slides'
[search] tavily unavailable (tavily http 432: {"detail":{"error":"This request exceeds your plan's set usage limit. Please upgrade your plan or contact support@tavily.com"}}); falling back
  - 'AST121': 'Amy Lovell Agnes Scott College AST121 course slides'
[search] tavily unavailable (tavily http 432: {"detail":{"error":"This request exceeds your plan's set usage limit. Please upgrade your plan or contact support@tavily.com"}}); falling back
  - 'AST301': 'Amy Lovell Agnes Scott College AST301 course slides'
[search] tavily unavailable (tavily http 432: {"detail":{"error":"This request exceeds your plan's set usage limit. Please upgrade your plan or contact support@tavily.com"}}); falling back
  - 'PHS110': 'Amy Lovell Agnes Scott College PHS110 course slides'
[search] tavily unavailable (tavily http 432: {"detail":{"error":"This request exceeds your plan's set usage limit. Please upgrade your plan or contact support@tavily.com"}}); falling back

### [physics] James Dull — College of Idaho (ratings=10, dept=Physics, 6 course(s))
  - 'PHY271': 'James Dull College of Idaho PHY271 course slides'
[search] tavily unavailable (tavily http 432: {"detail":{"error":"This request exceeds your plan's set usage limit. Please upgrade your plan or contact support@tavily.com"}}); falling back
  - 'ASTRONOMYPROJ': 'James Dull College of Idaho ASTRONOMYPROJ course slides'
[search] tavily unavailable (tavily http 432: {"detail":{"error":"This request exceeds your plan's set usage limit. Please upgrade your plan or contact support@tavily.com"}}); falling back
  - 'PHY272': 'James Dull College of Idaho PHY272 course slides'
[search] tavily unavailable (tavily http 432: {"detail":{"error":"This request exceeds your plan's set usage limit. Please upgrade your plan or contact support@tavily.com"}}); falling back
  - 'PHY330': 'James Dull College of Idaho PHY330 course slides'
[search] tavily unavailable (tavily http 432: {"detail":{"error":"This request exceeds your plan's set usage limit. Please upgrade your plan or contact support@tavily.com"}}); falling back
  - 'PHYSICS': 'James Dull College of Idaho PHYSICS course slides'
[search] tavily unavailable (tavily http 432: {"detail":{"error":"This request exceeds your plan's set usage limit. Please upgrade your plan or contact support@tavily.com"}}); falling back
  - 'PSY': 'James Dull College of Idaho PSY course slides'
[search] tavily unavailable (tavily http 432: {"detail":{"error":"This request exceeds your plan's set usage limit. Please upgrade your plan or contact support@tavily.com"}}); falling back

### [physics] Arthur Bowling — Agnes Scott College (ratings=9, dept=Physics, 3 course(s))
  - 'PHY110': 'Arthur Bowling Agnes Scott College PHY110 course slides'
[search] tavily unavailable (tavily http 432: {"detail":{"error":"This request exceeds your plan's set usage limit. Please upgrade your plan or contact support@tavily.com"}}); falling back
  - 'PHY111': 'Arthur Bowling Agnes Scott College PHY111 course slides'
[search] tavily unavailable (tavily http 432: {"detail":{"error":"This request exceeds your plan's set usage limit. Please upgrade your plan or contact support@tavily.com"}}); falling back
  - 'PHY361': 'Arthur Bowling Agnes Scott College PHY361 course slides'
[search] tavily unavailable (tavily http 432: {"detail":{"error":"This request exceeds your plan's set usage limit. Please upgrade your plan or contact support@tavily.com"}}); falling back

### [physics] Jessica. Hernández Guzmán — Adams State University (ratings=9, dept=Physics, 2 course(s))
  - 'MATH104': 'Jessica. Hernández Guzmán Adams State University MATH104 course slides'
[search] tavily unavailable (tavily http 432: {"detail":{"error":"This request exceeds your plan's set usage limit. Please upgrade your plan or contact support@tavily.com"}}); falling back
  - 'COLLEGEALGEBRA': 'Jessica. Hernández Guzmán Adams State University COLLEGEALGEBRA course slides'
[search] tavily unavailable (tavily http 432: {"detail":{"error":"This request exceeds your plan's set usage limit. Please upgrade your plan or contact support@tavily.com"}}); falling back

### [physics] Rajpal Sirohi — Alabama A&M University (ratings=9, dept=Physics, 5 course(s))
  - 'PHY101L': 'Rajpal Sirohi Alabama A&M University PHY101L course slides'
[search] tavily unavailable (tavily http 432: {"detail":{"error":"This request exceeds your plan's set usage limit. Please upgrade your plan or contact support@tavily.com"}}); falling back
  - 'PHY214': 'Rajpal Sirohi Alabama A&M University PHY214 course slides'
[search] tavily unavailable (tavily http 432: {"detail":{"error":"This request exceeds your plan's set usage limit. Please upgrade your plan or contact support@tavily.com"}}); falling back
  - 'PHY101L05': 'Rajpal Sirohi Alabama A&M University PHY101L05 course slides'
[search] tavily unavailable (tavily http 432: {"detail":{"error":"This request exceeds your plan's set usage limit. Please upgrade your plan or contact support@tavily.com"}}); falling back
  - 'PHY401': 'Rajpal Sirohi Alabama A&M University PHY401 course slides'
[search] tavily unavailable (tavily http 432: {"detail":{"error":"This request exceeds your plan's set usage limit. Please upgrade your plan or contact support@tavily.com"}}); falling back
  - 'PHYLAB101': 'Rajpal Sirohi Alabama A&M University PHYLAB101 course slides'
[search] tavily unavailable (tavily http 432: {"detail":{"error":"This request exceeds your plan's set usage limit. Please upgrade your plan or contact support@tavily.com"}}); falling back

### [physics] A. Karpf — Adelphi University (ratings=8, dept=Physics, 7 course(s))
  - 'ASTRO107': 'A. Karpf Adelphi University ASTRO107 course slides'
[search] tavily unavailable (tavily http 432: {"detail":{"error":"This request exceeds your plan's set usage limit. Please upgrade your plan or contact support@tavily.com"}}); falling back
  - '113LAB': 'A. Karpf Adelphi University 113LAB course slides'
[search] tavily unavailable (tavily http 432: {"detail":{"error":"This request exceeds your plan's set usage limit. Please upgrade your plan or contact support@tavily.com"}}); falling back
  - '156113LAB': 'A. Karpf Adelphi University 156113LAB course slides'
[search] tavily unavailable (tavily http 432: {"detail":{"error":"This request exceeds your plan's set usage limit. Please upgrade your plan or contact support@tavily.com"}}); falling back
  - 'AST101': 'A. Karpf Adelphi University AST101 course slides'
[search] tavily unavailable (tavily http 432: {"detail":{"error":"This request exceeds your plan's set usage limit. Please upgrade your plan or contact support@tavily.com"}}); falling back
  - 'PHYS112': 'A. Karpf Adelphi University PHYS112 course slides'
[search] tavily unavailable (tavily http 432: {"detail":{"error":"This request exceeds your plan's set usage limit. Please upgrade your plan or contact support@tavily.com"}}); falling back
  - 'PHYSI111': 'A. Karpf Adelphi University PHYSI111 course slides'
[search] tavily unavailable (tavily http 432: {"detail":{"error":"This request exceeds your plan's set usage limit. Please upgrade your plan or contact support@tavily.com"}}); falling back
  - 'SCI101': 'A. Karpf Adelphi University SCI101 course slides'
[search] tavily unavailable (tavily http 432: {"detail":{"error":"This request exceeds your plan's set usage limit. Please upgrade your plan or contact support@tavily.com"}}); falling back

### [physics] Michael Daugherity — Abilene Christian University (ratings=8, dept=Physics, 4 course(s))
  - 'PHYS110': 'Michael Daugherity Abilene Christian University PHYS110 course slides'
[search] tavily unavailable (tavily http 432: {"detail":{"error":"This request exceeds your plan's set usage limit. Please upgrade your plan or contact support@tavily.com"}}); falling back
  - 'PHYS203': 'Michael Daugherity Abilene Christian University PHYS203 course slides'
[search] tavily unavailable (tavily http 432: {"detail":{"error":"This request exceeds your plan's set usage limit. Please upgrade your plan or contact support@tavily.com"}}); falling back
  - 'PHYS22002': 'Michael Daugherity Abilene Christian University PHYS22002 course slides'
[search] tavily unavailable (tavily http 432: {"detail":{"error":"This request exceeds your plan's set usage limit. Please upgrade your plan or contact support@tavily.com"}}); falling back
  - 'PHYSICS112': 'Michael Daugherity Abilene Christian University PHYSICS112 course slides'
[search] tavily unavailable (tavily http 432: {"detail":{"error":"This request exceeds your plan's set usage limit. Please upgrade your plan or contact support@tavily.com"}}); falling back

### [physics] Nicole Ackerman — Agnes Scott College (ratings=8, dept=Physics & Astronomy, 5 course(s))
  - 'PHY210': 'Nicole Ackerman Agnes Scott College PHY210 course slides'
[search] tavily unavailable (tavily http 432: {"detail":{"error":"This request exceeds your plan's set usage limit. Please upgrade your plan or contact support@tavily.com"}}); falling back
  - 'PHY242': 'Nicole Ackerman Agnes Scott College PHY242 course slides'
[search] tavily unavailable (tavily http 432: {"detail":{"error":"This request exceeds your plan's set usage limit. Please upgrade your plan or contact support@tavily.com"}}); falling back
  - 'PHY311': 'Nicole Ackerman Agnes Scott College PHY311 course slides'
[search] tavily unavailable (tavily http 432: {"detail":{"error":"This request exceeds your plan's set usage limit. Please upgrade your plan or contact support@tavily.com"}}); falling back
  - 'PHY110': 'Nicole Ackerman Agnes Scott College PHY110 course slides'
[search] tavily unavailable (tavily http 432: {"detail":{"error":"This request exceeds your plan's set usage limit. Please upgrade your plan or contact support@tavily.com"}}); falling back
  - 'PHY202': 'Nicole Ackerman Agnes Scott College PHY202 course slides'
[search] tavily unavailable (tavily http 432: {"detail":{"error":"This request exceeds your plan's set usage limit. Please upgrade your plan or contact support@tavily.com"}}); falling back

### [physics] Abdorrezza Samarbakhsh — Adelphi University (ratings=7, dept=Physics, 2 course(s))
  - 'PHY-104': 'Abdorrezza Samarbakhsh Adelphi University PHY-104 course slides'
[search] tavily unavailable (tavily http 432: {"detail":{"error":"This request exceeds your plan's set usage limit. Please upgrade your plan or contact support@tavily.com"}}); falling back
  - 'PHY-112': 'Abdorrezza Samarbakhsh Adelphi University PHY-112 course slides'
[search] tavily unavailable (tavily http 432: {"detail":{"error":"This request exceeds your plan's set usage limit. Please upgrade your plan or contact support@tavily.com"}}); falling back

### [physics] Patricia Panatier — Adelphi University (ratings=7, dept=Physics, 6 course(s))
  - 'PHY114': 'Patricia Panatier Adelphi University PHY114 course slides'
[search] tavily unavailable (tavily http 432: {"detail":{"error":"This request exceeds your plan's set usage limit. Please upgrade your plan or contact support@tavily.com"}}); falling back
  - 'PHY111LAB': 'Patricia Panatier Adelphi University PHY111LAB course slides'
[search] tavily unavailable (tavily http 432: {"detail":{"error":"This request exceeds your plan's set usage limit. Please upgrade your plan or contact support@tavily.com"}}); falling back
  - 'PHY113': 'Patricia Panatier Adelphi University PHY113 course slides'
[search] tavily unavailable (tavily http 432: {"detail":{"error":"This request exceeds your plan's set usage limit. Please upgrade your plan or contact support@tavily.com"}}); falling back
  - 'PHY114115': 'Patricia Panatier Adelphi University PHY114115 course slides'
[search] tavily unavailable (tavily http 432: {"detail":{"error":"This request exceeds your plan's set usage limit. Please upgrade your plan or contact support@tavily.com"}}); falling back
  - 'PHYSICSLAB': 'Patricia Panatier Adelphi University PHYSICSLAB course slides'
[search] tavily unavailable (tavily http 432: {"detail":{"error":"This request exceeds your plan's set usage limit. Please upgrade your plan or contact support@tavily.com"}}); falling back
  - 'PHYSLAB': 'Patricia Panatier Adelphi University PHYSLAB course slides'
[search] tavily unavailable (tavily http 432: {"detail":{"error":"This request exceeds your plan's set usage limit. Please upgrade your plan or contact support@tavily.com"}}); falling back

### [physics] Peter Cruz — Adelphi University (ratings=7, dept=Physics, 1 course(s))
  - 'physlab': 'Peter Cruz Adelphi University physlab course slides'
[search] tavily unavailable (tavily http 432: {"detail":{"error":"This request exceeds your plan's set usage limit. Please upgrade your plan or contact support@tavily.com"}}); falling back

### [physics] Timothy Head — Abilene Christian University (ratings=7, dept=Physics, 3 course(s))
  - 'PHYS101': 'Timothy Head Abilene Christian University PHYS101 course slides'
[search] tavily unavailable (tavily http 432: {"detail":{"error":"This request exceeds your plan's set usage limit. Please upgrade your plan or contact support@tavily.com"}}); falling back
  - 'PHY101': 'Timothy Head Abilene Christian University PHY101 course slides'
[search] tavily unavailable (tavily http 432: {"detail":{"error":"This request exceeds your plan's set usage limit. Please upgrade your plan or contact support@tavily.com"}}); falling back
  - 'PHYS222': 'Timothy Head Abilene Christian University PHYS222 course slides'
[search] tavily unavailable (tavily http 432: {"detail":{"error":"This request exceeds your plan's set usage limit. Please upgrade your plan or contact support@tavily.com"}}); falling back

### [physics] Alexandra Yep — Agnes Scott College (ratings=6, dept=Physics & Astronomy, 2 course(s))
  - 'PHY202': 'Alexandra Yep Agnes Scott College PHY202 course slides'
[search] tavily unavailable (tavily http 432: {"detail":{"error":"This request exceeds your plan's set usage limit. Please upgrade your plan or contact support@tavily.com"}}); falling back
  - 'PHY203': 'Alexandra Yep Agnes Scott College PHY203 course slides'
[search] tavily unavailable (tavily http 432: {"detail":{"error":"This request exceeds your plan's set usage limit. Please upgrade your plan or contact support@tavily.com"}}); falling back

### [physics] John Dooher — Adelphi University (ratings=5, dept=Physics, 4 course(s))
  - 'LAB019': 'John Dooher Adelphi University LAB019 course slides'
[search] tavily unavailable (tavily http 432: {"detail":{"error":"This request exceeds your plan's set usage limit. Please upgrade your plan or contact support@tavily.com"}}); falling back
  - 'MDRNPHYS': 'John Dooher Adelphi University MDRNPHYS course slides'
[search] tavily unavailable (tavily http 432: {"detail":{"error":"This request exceeds your plan's set usage limit. Please upgrade your plan or contact support@tavily.com"}}); falling back
  - 'PHY216': 'John Dooher Adelphi University PHY216 course slides'
[search] tavily unavailable (tavily http 432: {"detail":{"error":"This request exceeds your plan's set usage limit. Please upgrade your plan or contact support@tavily.com"}}); falling back
  - 'THERMODYNAMICS': 'John Dooher Adelphi University THERMODYNAMICS course slides'
[search] tavily unavailable (tavily http 432: {"detail":{"error":"This request exceeds your plan's set usage limit. Please upgrade your plan or contact support@tavily.com"}}); falling back

### [physics] Joshua Willis — Abilene Christian University (ratings=5, dept=Physics, 5 course(s))
  - 'PHY999': 'Joshua Willis Abilene Christian University PHY999 course slides'
[search] tavily unavailable (tavily http 432: {"detail":{"error":"This request exceeds your plan's set usage limit. Please upgrade your plan or contact support@tavily.com"}}); falling back
  - 'PHYS1011': 'Joshua Willis Abilene Christian University PHYS1011 course slides'
[search] tavily unavailable (tavily http 432: {"detail":{"error":"This request exceeds your plan's set usage limit. Please upgrade your plan or contact support@tavily.com"}}); falling back
  - 'PHYS120': 'Joshua Willis Abilene Christian University PHYS120 course slides'
[search] tavily unavailable (tavily http 432: {"detail":{"error":"This request exceeds your plan's set usage limit. Please upgrade your plan or contact support@tavily.com"}}); falling back
  - 'PHYS121': 'Joshua Willis Abilene Christian University PHYS121 course slides'
[search] tavily unavailable (tavily http 432: {"detail":{"error":"This request exceeds your plan's set usage limit. Please upgrade your plan or contact support@tavily.com"}}); falling back
  - 'PHYS491': 'Joshua Willis Abilene Christian University PHYS491 course slides'
[search] tavily unavailable (tavily http 432: {"detail":{"error":"This request exceeds your plan's set usage limit. Please upgrade your plan or contact support@tavily.com"}}); falling back

### [physics] Liqiu Zheng — Albany State University (ratings=5, dept=Physics, 4 course(s))
  - 'PHYS1111': 'Liqiu Zheng Albany State University PHYS1111 course slides'
[search] tavily unavailable (tavily http 432: {"detail":{"error":"This request exceeds your plan's set usage limit. Please upgrade your plan or contact support@tavily.com"}}); falling back
  - 'MATH1111': 'Liqiu Zheng Albany State University MATH1111 course slides'
[search] tavily unavailable (tavily http 432: {"detail":{"error":"This request exceeds your plan's set usage limit. Please upgrade your plan or contact support@tavily.com"}}); falling back
  - 'PHYS1011K': 'Liqiu Zheng Albany State University PHYS1011K course slides'
[search] tavily unavailable (tavily http 432: {"detail":{"error":"This request exceeds your plan's set usage limit. Please upgrade your plan or contact support@tavily.com"}}); falling back
  - 'PHYS1112K': 'Liqiu Zheng Albany State University PHYS1112K course slides'
[search] tavily unavailable (tavily http 432: {"detail":{"error":"This request exceeds your plan's set usage limit. Please upgrade your plan or contact support@tavily.com"}}); falling back

### [physics] Neda Naseri — Adelphi University (ratings=5, dept=Physics, 2 course(s))
  - '104-001': 'Neda Naseri Adelphi University 104-001 course slides'
[search] tavily unavailable (tavily http 432: {"detail":{"error":"This request exceeds your plan's set usage limit. Please upgrade your plan or contact support@tavily.com"}}); falling back
  - '113': 'Neda Naseri Adelphi University 113 course slides'
[search] tavily unavailable (tavily http 432: {"detail":{"error":"This request exceeds your plan's set usage limit. Please upgrade your plan or contact support@tavily.com"}}); falling back

### [physics] Vernessa Edwards — Alabama A&M University (ratings=5, dept=Physics, 4 course(s))
  - 'PHY101': 'Vernessa Edwards Alabama A&M University PHY101 course slides'
[search] tavily unavailable (tavily http 432: {"detail":{"error":"This request exceeds your plan's set usage limit. Please upgrade your plan or contact support@tavily.com"}}); falling back
  - 'PHY103': 'Vernessa Edwards Alabama A&M University PHY103 course slides'
[search] tavily unavailable (tavily http 432: {"detail":{"error":"This request exceeds your plan's set usage limit. Please upgrade your plan or contact support@tavily.com"}}); falling back
  - 'PHY111': 'Vernessa Edwards Alabama A&M University PHY111 course slides'
[search] tavily unavailable (tavily http 432: {"detail":{"error":"This request exceeds your plan's set usage limit. Please upgrade your plan or contact support@tavily.com"}}); falling back
  - 'PHY213': 'Vernessa Edwards Alabama A&M University PHY213 course slides'
[search] tavily unavailable (tavily http 432: {"detail":{"error":"This request exceeds your plan's set usage limit. Please upgrade your plan or contact support@tavily.com"}}); falling back

### [physics] Ezekiel Ufomadu — Alabama State University (ratings=4, dept=Physics, 1 course(s))
  - 'BIO': 'Ezekiel Ufomadu Alabama State University BIO course slides'
[search] tavily unavailable (tavily http 432: {"detail":{"error":"This request exceeds your plan's set usage limit. Please upgrade your plan or contact support@tavily.com"}}); falling back

### [physics] Hannah Marine — Agnes Scott College (ratings=4, dept=Physics, 4 course(s))
  - 'AST120': 'Hannah Marine Agnes Scott College AST120 course slides'
[search] tavily unavailable (tavily http 432: {"detail":{"error":"This request exceeds your plan's set usage limit. Please upgrade your plan or contact support@tavily.com"}}); falling back
  - 'PHY102': 'Hannah Marine Agnes Scott College PHY102 course slides'
[search] tavily unavailable (tavily http 432: {"detail":{"error":"This request exceeds your plan's set usage limit. Please upgrade your plan or contact support@tavily.com"}}); falling back
  - 'PHY102L': 'Hannah Marine Agnes Scott College PHY102L course slides'
[search] tavily unavailable (tavily http 432: {"detail":{"error":"This request exceeds your plan's set usage limit. Please upgrade your plan or contact support@tavily.com"}}); falling back
  - 'PHY202L': 'Hannah Marine Agnes Scott College PHY202L course slides'
[search] tavily unavailable (tavily http 432: {"detail":{"error":"This request exceeds your plan's set usage limit. Please upgrade your plan or contact support@tavily.com"}}); falling back

### [physics] Hoda Rifai-Bashjawish — Adelphi University (ratings=4, dept=Physics, 1 course(s))
  - 'PHY-290': 'Hoda Rifai-Bashjawish Adelphi University PHY-290 course slides'
[search] tavily unavailable (tavily http 432: {"detail":{"error":"This request exceeds your plan's set usage limit. Please upgrade your plan or contact support@tavily.com"}}); falling back

### [physics] Jay O'Brien — Albany College of Pharmacy and Health Sciences (ratings=4, dept=Physics, 2 course(s))
  - 'PHY221': "Jay O'Brien Albany College of Pharmacy and Health Sciences PHY221 course slides"
[search] tavily unavailable (tavily http 432: {"detail":{"error":"This request exceeds your plan's set usage limit. Please upgrade your plan or contact support@tavily.com"}}); falling back
  - 'phy245': "Jay O'Brien Albany College of Pharmacy and Health Sciences phy245 course slides"
[search] tavily unavailable (tavily http 432: {"detail":{"error":"This request exceeds your plan's set usage limit. Please upgrade your plan or contact support@tavily.com"}}); falling back

### [physics] Jiann-min Chang — Alabama A&M University (ratings=4, dept=Physics, 4 course(s))
  - 'FIZIK101': 'Jiann-min Chang Alabama A&M University FIZIK101 course slides'
[search] tavily unavailable (tavily http 432: {"detail":{"error":"This request exceeds your plan's set usage limit. Please upgrade your plan or contact support@tavily.com"}}); falling back
  - 'PHY102LAB': 'Jiann-min Chang Alabama A&M University PHY102LAB course slides'
[search] tavily unavailable (tavily http 432: {"detail":{"error":"This request exceeds your plan's set usage limit. Please upgrade your plan or contact support@tavily.com"}}); falling back
  - 'PHYSICS': 'Jiann-min Chang Alabama A&M University PHYSICS course slides'
[search] tavily unavailable (tavily http 432: {"detail":{"error":"This request exceeds your plan's set usage limit. Please upgrade your plan or contact support@tavily.com"}}); falling back
  - 'PHYSSCI101': 'Jiann-min Chang Alabama A&M University PHYSSCI101 course slides'
[search] tavily unavailable (tavily http 432: {"detail":{"error":"This request exceeds your plan's set usage limit. Please upgrade your plan or contact support@tavily.com"}}); falling back

### [physics] Kathryn Devine — College of Idaho (ratings=4, dept=Physics, 4 course(s))
  - 'PHY199': 'Kathryn Devine College of Idaho PHY199 course slides'
[search] tavily unavailable (tavily http 432: {"detail":{"error":"This request exceeds your plan's set usage limit. Please upgrade your plan or contact support@tavily.com"}}); falling back
  - 'PHY231': 'Kathryn Devine College of Idaho PHY231 course slides'
[search] tavily unavailable (tavily http 432: {"detail":{"error":"This request exceeds your plan's set usage limit. Please upgrade your plan or contact support@tavily.com"}}); falling back
  - 'PSY101': 'Kathryn Devine College of Idaho PSY101 course slides'
[search] tavily unavailable (tavily http 432: {"detail":{"error":"This request exceeds your plan's set usage limit. Please upgrade your plan or contact support@tavily.com"}}); falling back
  - 'THEUNIVERSE': 'Kathryn Devine College of Idaho THEUNIVERSE course slides'
[search] tavily unavailable (tavily http 432: {"detail":{"error":"This request exceeds your plan's set usage limit. Please upgrade your plan or contact support@tavily.com"}}); falling back

### [physics] Larry Isenhower — Abilene Christian University (ratings=4, dept=Physics, 1 course(s))
  - 'PHYS101': 'Larry Isenhower Abilene Christian University PHYS101 course slides'
[search] tavily unavailable (tavily http 432: {"detail":{"error":"This request exceeds your plan's set usage limit. Please upgrade your plan or contact support@tavily.com"}}); falling back

### [physics] Magdalena Nawrocka — Adelphi University (ratings=4, dept=Physics, 3 course(s))
  - 'PHY211': 'Magdalena Nawrocka Adelphi University PHY211 course slides'
[search] tavily unavailable (tavily http 432: {"detail":{"error":"This request exceeds your plan's set usage limit. Please upgrade your plan or contact support@tavily.com"}}); falling back
  - 'HTWPHY': 'Magdalena Nawrocka Adelphi University HTWPHY course slides'
[search] tavily unavailable (tavily http 432: {"detail":{"error":"This request exceeds your plan's set usage limit. Please upgrade your plan or contact support@tavily.com"}}); falling back
  - 'PHY000': 'Magdalena Nawrocka Adelphi University PHY000 course slides'
[search] tavily unavailable (tavily http 432: {"detail":{"error":"This request exceeds your plan's set usage limit. Please upgrade your plan or contact support@tavily.com"}}); falling back

### [physics] Max Blair — Bryn Athyn College (ratings=4, dept=Physics, 4 course(s))
  - 'PHYS180': 'Max Blair Bryn Athyn College PHYS180 course slides'
[search] tavily unavailable (tavily http 432: {"detail":{"error":"This request exceeds your plan's set usage limit. Please upgrade your plan or contact support@tavily.com"}}); falling back
  - 'PHYSA': 'Max Blair Bryn Athyn College PHYSA course slides'
[search] tavily unavailable (tavily http 432: {"detail":{"error":"This request exceeds your plan's set usage limit. Please upgrade your plan or contact support@tavily.com"}}); falling back
  - 'PHYSICS': 'Max Blair Bryn Athyn College PHYSICS course slides'
[search] tavily unavailable (tavily http 432: {"detail":{"error":"This request exceeds your plan's set usage limit. Please upgrade your plan or contact support@tavily.com"}}); falling back
  - 'PHYSICS101': 'Max Blair Bryn Athyn College PHYSICS101 course slides'
[search] tavily unavailable (tavily http 432: {"detail":{"error":"This request exceeds your plan's set usage limit. Please upgrade your plan or contact support@tavily.com"}}); falling back

### [physics] Scott Gianelli — Adelphi University (ratings=4, dept=Physics, 3 course(s))
  - 'PHYSLAB': 'Scott Gianelli Adelphi University PHYSLAB course slides'
[search] tavily unavailable (tavily http 432: {"detail":{"error":"This request exceeds your plan's set usage limit. Please upgrade your plan or contact support@tavily.com"}}); falling back
  - 'PHY0': 'Scott Gianelli Adelphi University PHY0 course slides'
[search] tavily unavailable (tavily http 432: {"detail":{"error":"This request exceeds your plan's set usage limit. Please upgrade your plan or contact support@tavily.com"}}); falling back
  - 'PHY113': 'Scott Gianelli Adelphi University PHY113 course slides'
[search] tavily unavailable (tavily http 432: {"detail":{"error":"This request exceeds your plan's set usage limit. Please upgrade your plan or contact support@tavily.com"}}); falling back

### [physics] Babatunde Abayomi — Albany State University (ratings=3, dept=Physics, 2 course(s))
  - 'ISCI2002': 'Babatunde Abayomi Albany State University ISCI2002 course slides'
[search] tavily unavailable (tavily http 432: {"detail":{"error":"This request exceeds your plan's set usage limit. Please upgrade your plan or contact support@tavily.com"}}); falling back
  - 'PHYS1201': 'Babatunde Abayomi Albany State University PHYS1201 course slides'
[search] tavily unavailable (tavily http 432: {"detail":{"error":"This request exceeds your plan's set usage limit. Please upgrade your plan or contact support@tavily.com"}}); falling back

### [physics] Donna-May Sakura-Lemessey — Albany State University (ratings=3, dept=Physics, 1 course(s))
  - 'Physics': 'Donna-May Sakura-Lemessey Albany State University Physics course slides'
[search] tavily unavailable (tavily http 432: {"detail":{"error":"This request exceeds your plan's set usage limit. Please upgrade your plan or contact support@tavily.com"}}); falling back

### [physics] Jim Drachenberg — Abilene Christian University (ratings=3, dept=Physics, 1 course(s))
  - 'PHYS-220': 'Jim Drachenberg Abilene Christian University PHYS-220 course slides'
[search] tavily unavailable (tavily http 432: {"detail":{"error":"This request exceeds your plan's set usage limit. Please upgrade your plan or contact support@tavily.com"}}); falling back

### [physics] Mike Sadler — Abilene Christian University (ratings=3, dept=Physics, 3 course(s))
  - 'PHYS102': 'Mike Sadler Abilene Christian University PHYS102 course slides'
[search] tavily unavailable (tavily http 432: {"detail":{"error":"This request exceeds your plan's set usage limit. Please upgrade your plan or contact support@tavily.com"}}); falling back
  - 'PHYS230': 'Mike Sadler Abilene Christian University PHYS230 course slides'
[search] tavily unavailable (tavily http 432: {"detail":{"error":"This request exceeds your plan's set usage limit. Please upgrade your plan or contact support@tavily.com"}}); falling back
  - 'PHYSICALSCIENC': 'Mike Sadler Abilene Christian University PHYSICALSCIENC course slides'
[search] tavily unavailable (tavily http 432: {"detail":{"error":"This request exceeds your plan's set usage limit. Please upgrade your plan or contact support@tavily.com"}}); falling back

### [physics] Paul Ruffin — Alabama A&M University (ratings=3, dept=Physics, 2 course(s))
  - 'PHY101': 'Paul Ruffin Alabama A&M University PHY101 course slides'
[search] tavily unavailable (tavily http 432: {"detail":{"error":"This request exceeds your plan's set usage limit. Please upgrade your plan or contact support@tavily.com"}}); falling back
  - 'PS101': 'Paul Ruffin Alabama A&M University PS101 course slides'
[search] tavily unavailable (tavily http 432: {"detail":{"error":"This request exceeds your plan's set usage limit. Please upgrade your plan or contact support@tavily.com"}}); falling back

### [physics] Paul Wallace — Agnes Scott College (ratings=3, dept=Physics, 2 course(s))
  - 'PHY103': 'Paul Wallace Agnes Scott College PHY103 course slides'
[search] tavily unavailable (tavily http 432: {"detail":{"error":"This request exceeds your plan's set usage limit. Please upgrade your plan or contact support@tavily.com"}}); falling back
  - 'PHYS9999': 'Paul Wallace Agnes Scott College PHYS9999 course slides'
[search] tavily unavailable (tavily http 432: {"detail":{"error":"This request exceeds your plan's set usage limit. Please upgrade your plan or contact support@tavily.com"}}); falling back

### [physics] Ping Grace Lu — Abilene Christian University (ratings=3, dept=Physics, 1 course(s))
  - 'PHYS101': 'Ping Grace Lu Abilene Christian University PHYS101 course slides'
[search] tavily unavailable (tavily http 432: {"detail":{"error":"This request exceeds your plan's set usage limit. Please upgrade your plan or contact support@tavily.com"}}); falling back

### [physics] Rami Bommareddi — Alabama A&M University (ratings=3, dept=Physics, 1 course(s))
  - '70024': 'Rami Bommareddi Alabama A&M University 70024 course slides'
[search] tavily unavailable (tavily http 432: {"detail":{"error":"This request exceeds your plan's set usage limit. Please upgrade your plan or contact support@tavily.com"}}); falling back

### [physics] James St. John — Adelphi University (ratings=2, dept=Physics, 2 course(s))
  - 'PHY113': 'James St. John Adelphi University PHY113 course slides'
[search] tavily unavailable (tavily http 432: {"detail":{"error":"This request exceeds your plan's set usage limit. Please upgrade your plan or contact support@tavily.com"}}); falling back
  - 'PHYSICS113': 'James St. John Adelphi University PHYSICS113 course slides'
[search] tavily unavailable (tavily http 432: {"detail":{"error":"This request exceeds your plan's set usage limit. Please upgrade your plan or contact support@tavily.com"}}); falling back

### [physics] Juan Manfredi — Air Force Institute of Technology (ratings=2, dept=Physics, 1 course(s))
  - 'NENG-651': 'Juan Manfredi Air Force Institute of Technology NENG-651 course slides'
[search] tavily unavailable (tavily http 432: {"detail":{"error":"This request exceeds your plan's set usage limit. Please upgrade your plan or contact support@tavily.com"}}); falling back

### [physics] Oscar Qu — College of Idaho (ratings=2, dept=Physics, 1 course(s))
  - 'Phy-231': 'Oscar Qu College of Idaho Phy-231 course slides'
[search] tavily unavailable (tavily http 432: {"detail":{"error":"This request exceeds your plan's set usage limit. Please upgrade your plan or contact support@tavily.com"}}); falling back

### [physics] Tianxi Zhang — Alabama A&M University (ratings=2, dept=Physics, 1 course(s))
  - 'PHY101': 'Tianxi Zhang Alabama A&M University PHY101 course slides'
[search] tavily unavailable (tavily http 432: {"detail":{"error":"This request exceeds your plan's set usage limit. Please upgrade your plan or contact support@tavily.com"}}); falling back

### [physics] Bryanne McDonough — Adelphi University (ratings=1, dept=Physics, 1 course(s))
  - 'PHY-111': 'Bryanne McDonough Adelphi University PHY-111 course slides'
[search] tavily unavailable (tavily http 432: {"detail":{"error":"This request exceeds your plan's set usage limit. Please upgrade your plan or contact support@tavily.com"}}); falling back

### [physics] Carissa  Giuliano — Adelphi University (ratings=1, dept=Physics, 1 course(s))
  - 'PHY104': 'Carissa Giuliano Adelphi University PHY104 course slides'
[search] tavily unavailable (tavily http 432: {"detail":{"error":"This request exceeds your plan's set usage limit. Please upgrade your plan or contact support@tavily.com"}}); falling back

### [physics] Jai Chi Wang — Alabama A&M University (ratings=1, dept=Physics, 1 course(s))
  - 'PHYSC101': 'Jai Chi Wang Alabama A&M University PHYSC101 course slides'
[search] tavily unavailable (tavily http 432: {"detail":{"error":"This request exceeds your plan's set usage limit. Please upgrade your plan or contact support@tavily.com"}}); falling back

### [physics] Jeff Arrington — Abilene Christian University (ratings=1, dept=Physics, 1 course(s))
  - 'PHYS360': 'Jeff Arrington Abilene Christian University PHYS360 course slides'
[search] tavily unavailable (tavily http 432: {"detail":{"error":"This request exceeds your plan's set usage limit. Please upgrade your plan or contact support@tavily.com"}}); falling back

### [physics] Matthew Nehring — Adams State University (ratings=1, dept=Physics, 1 course(s))
  - 'phys-110': 'Matthew Nehring Adams State University phys-110 course slides'
[search] tavily unavailable (tavily http 432: {"detail":{"error":"This request exceeds your plan's set usage limit. Please upgrade your plan or contact support@tavily.com"}}); falling back

### [physics] Mostafa Dokhanian — Alabama A&M University (ratings=1, dept=Physics, 1 course(s))
  - 'PHY105': 'Mostafa Dokhanian Alabama A&M University PHY105 course slides'
[search] tavily unavailable (tavily http 432: {"detail":{"error":"This request exceeds your plan's set usage limit. Please upgrade your plan or contact support@tavily.com"}}); falling back
      2 link(s) @ https://www.aamu.edu/Physics  (run=0, sequential=False)

### [physics] Paul Dooher — Adelphi University (ratings=1, dept=Physics, 1 course(s))
  - 'PHY113': 'Paul Dooher Adelphi University PHY113 course slides'
[search] tavily unavailable (tavily http 432: {"detail":{"error":"This request exceeds your plan's set usage limit. Please upgrade your plan or contact support@tavily.com"}}); falling back

### [physics] Piepke Andrea — Alabama A&M University (ratings=1, dept=Physics, 1 course(s))
  - 'ECON238': 'Piepke Andrea Alabama A&M University ECON238 course slides'
[search] tavily unavailable (tavily http 432: {"detail":{"error":"This request exceeds your plan's set usage limit. Please upgrade your plan or contact support@tavily.com"}}); falling back
      1 link(s) @ https://www.aamu.edu/about/administrative-offices/academic-affairs/resources-for-students/_documents/general-education-course-listing.pdf  (run=0, sequential=False)

========== DISCIPLINE: ENGINEERING (29 professors) ==========

### [engineering] James Lott — Air Force Institute of Technology (ratings=14, dept=Engineering, 8 course(s))
  - 'TOPICSPHOTON': 'James Lott Air Force Institute of Technology TOPICSPHOTON course slides'
[search] tavily unavailable (tavily http 432: {"detail":{"error":"This request exceeds your plan's set usage limit. Please upgrade your plan or contact support@tavily.com"}}); falling back
  - 'EENG596': 'James Lott Air Force Institute of Technology EENG596 course slides'
[search] tavily unavailable (tavily http 432: {"detail":{"error":"This request exceeds your plan's set usage limit. Please upgrade your plan or contact support@tavily.com"}}); falling back
  - 'LASER1': 'James Lott Air Force Institute of Technology LASER1 course slides'
[search] tavily unavailable (tavily http 432: {"detail":{"error":"This request exceeds your plan's set usage limit. Please upgrade your plan or contact support@tavily.com"}}); falling back
  - 'PHOTO1': 'James Lott Air Force Institute of Technology PHOTO1 course slides'
[search] tavily unavailable (tavily http 432: {"detail":{"error":"This request exceeds your plan's set usage limit. Please upgrade your plan or contact support@tavily.com"}}); falling back
  - 'PHOTON': 'James Lott Air Force Institute of Technology PHOTON course slides'
[search] tavily unavailable (tavily http 432: {"detail":{"error":"This request exceeds your plan's set usage limit. Please upgrade your plan or contact support@tavily.com"}}); falling back
      1 link(s) @ https://sites.ecse.rpi.edu/ieee/pptx/SiliconPhotonics.pdf  (run=0, sequential=False)
  - 'PHOTONICS': 'James Lott Air Force Institute of Technology PHOTONICS course slides'
[search] tavily unavailable (tavily http 432: {"detail":{"error":"This request exceeds your plan's set usage limit. Please upgrade your plan or contact support@tavily.com"}}); falling back
  - 'PHYS570': 'James Lott Air Force Institute of Technology PHYS570 course slides'
[search] tavily unavailable (tavily http 432: {"detail":{"error":"This request exceeds your plan's set usage limit. Please upgrade your plan or contact support@tavily.com"}}); falling back
  - 'PHYS670': 'James Lott Air Force Institute of Technology PHYS670 course slides'
[search] tavily unavailable (tavily http 432: {"detail":{"error":"This request exceeds your plan's set usage limit. Please upgrade your plan or contact support@tavily.com"}}); falling back

### [engineering] Rich Jinkerson — Abilene Christian University (ratings=7, dept=Engineering, 3 course(s))
  - 'PHYS110': 'Rich Jinkerson Abilene Christian University PHYS110 course slides'
[search] tavily unavailable (tavily http 432: {"detail":{"error":"This request exceeds your plan's set usage limit. Please upgrade your plan or contact support@tavily.com"}}); falling back
  - 'PHYS112': 'Rich Jinkerson Abilene Christian University PHYS112 course slides'
[search] tavily unavailable (tavily http 432: {"detail":{"error":"This request exceeds your plan's set usage limit. Please upgrade your plan or contact support@tavily.com"}}); falling back
      1 link(s) @ https://physics.umbc.edu/wp-content/uploads/sites/97/2025/08/Phys-112.pdf  (run=0, sequential=False)
  - 'ENGR481': 'Rich Jinkerson Abilene Christian University ENGR481 course slides'
[search] tavily unavailable (tavily http 432: {"detail":{"error":"This request exceeds your plan's set usage limit. Please upgrade your plan or contact support@tavily.com"}}); falling back

### [engineering] matt vechione — Abilene Christian University (ratings=6, dept=Engineering, 1 course(s))
  - 'ENGR220': 'matt vechione Abilene Christian University ENGR220 course slides'
[search] tavily unavailable (tavily http 432: {"detail":{"error":"This request exceeds your plan's set usage limit. Please upgrade your plan or contact support@tavily.com"}}); falling back
      1 link(s) @ https://www.asu.edu.om/img/ASUFiles/ENGR220-Statics.pdf  (run=0, sequential=False)

### [engineering] Robert Brown — Abilene Christian University (ratings=5, dept=Engineering, 3 course(s))
  - 'ENGR331': 'Robert Brown Abilene Christian University ENGR331 course slides'
[search] tavily unavailable (tavily http 432: {"detail":{"error":"This request exceeds your plan's set usage limit. Please upgrade your plan or contact support@tavily.com"}}); falling back
  - 'ENGR135': 'Robert Brown Abilene Christian University ENGR135 course slides'
[search] tavily unavailable (tavily http 432: {"detail":{"error":"This request exceeds your plan's set usage limit. Please upgrade your plan or contact support@tavily.com"}}); falling back
  - 'ENGR240': 'Robert Brown Abilene Christian University ENGR240 course slides'
[search] tavily unavailable (tavily http 432: {"detail":{"error":"This request exceeds your plan's set usage limit. Please upgrade your plan or contact support@tavily.com"}}); falling back

### [engineering] Timothy Kennedy — Abilene Christian University (ratings=5, dept=Engineering, 2 course(s))
  - 'ENGR340': 'Timothy Kennedy Abilene Christian University ENGR340 course slides'
[search] tavily unavailable (tavily http 432: {"detail":{"error":"This request exceeds your plan's set usage limit. Please upgrade your plan or contact support@tavily.com"}}); falling back
  - 'ENGR115116': 'Timothy Kennedy Abilene Christian University ENGR115116 course slides'
[search] tavily unavailable (tavily http 432: {"detail":{"error":"This request exceeds your plan's set usage limit. Please upgrade your plan or contact support@tavily.com"}}); falling back

### [engineering] Atin Sinha — Albany State University (ratings=4, dept=Engineering, 4 course(s))
  - 'ANYENGR': 'Atin Sinha Albany State University ANYENGR course slides'
[search] tavily unavailable (tavily http 432: {"detail":{"error":"This request exceeds your plan's set usage limit. Please upgrade your plan or contact support@tavily.com"}}); falling back
  - 'COMM1101': 'Atin Sinha Albany State University COMM1101 course slides'
[search] tavily unavailable (tavily http 432: {"detail":{"error":"This request exceeds your plan's set usage limit. Please upgrade your plan or contact support@tavily.com"}}); falling back
      1 link(s) @ https://comm.osu.edu/sites/default/files/2023-09/au23_comm_1101_syllabusfoster.pdf  (run=0, sequential=False)
      1 link(s) @ https://comm.osu.edu/sites/default/files/2024-01/SP24 COMM 1101 Syllabus Grizzard.pdf  (run=0, sequential=False)
  - 'ENGR1200': 'Atin Sinha Albany State University ENGR1200 course slides'
[search] tavily unavailable (tavily http 432: {"detail":{"error":"This request exceeds your plan's set usage limit. Please upgrade your plan or contact support@tavily.com"}}); falling back
      69 link(s) @ https://web.stanford.edu/class/archive/engr/engr40m.1178/slides.html  (run=22, sequential=True)
      + 2_lecture01.pdf
      + 3_lecture02.pdf
      + 4_lecture03.pdf
      + 5_lecture04.pdf
      + 6_lecture05.pdf
      + 7_lecture06.pdf
      + 8_transistors.pdf
      + 9_computer-history.pdf
      + 10_logicgates.pdf
      + 11_arduino.pdf
      + 12_fsm-example.pdf
      + 13_lecture10.pdf
      + 14_keyboard_breakingbreak.pdf
      + 15_lecture11.pdf
      + 16_reactives.pdf
      + 17_transient.pdf
      + 18_cubemapping.pdf
      + 19_signals.pdf
      + 20_signals-slides.pdf
      + 21_impedance.pdf
      + 22_bodeplots.pdf
      + 23_opamps.pdf
      + 24_opampfilters.pdf
      + 25_lecture20.pdf
      + 26_lecture21.pdf
      + 27_lecture22.pdf
      + 28_lecture01.pdf
      + 29_lecture01_annotated.pdf
      + 30_lecture02.pdf
      + 31_lecture02_annotated.pdf
      + 32_lecture03.pdf
      + 33_lecture03_annotated.pdf
      + 34_lecture04.pdf
      + 35_lecture04_annotated.pdf
      + 36_lecture05.pdf
      + 37_lecture05_annotated.pdf
      + 38_lecture06.pdf
      + 39_lecture06_annotated.pdf
      + 40_lecture07.pdf
      + 41_lecture07_annotated.pdf
      + 42_lecture08.pdf
      + 43_lecture08_annotated.pdf
      + 44_lecture09.pdf
      + 45_lecture09_annotated.pdf
      + 46_lecture10.pdf
      + 47_lecture10_annotated.pdf
      + 48_lecture11.pdf
      + 49_lecture11_annotated.pdf
      + 50_lecture12.pdf
      + 51_lecture12_annotated.pdf
      + 52_lecture13.pdf
      + 53_lecture13_annotated.pdf
      + 54_lecture14.pdf
      + 55_lecture14_annotated.pdf
      + 56_lecture15.pdf
      + 57_lecture15_annotated.pdf
      + 58_lecture16.pdf
      + 59_lablecture1.pdf
      + 60_lablecture1_annotated.pdf
      + 61_lablecture2.pdf
      + 62_lablecture2_annotated.pdf
      + 64_lablecture3a.pdf
      + 65_lablecture3a_annotated.pdf
      + 66_lablecture3b.pdf
      + 67_lablecture3b_annotated.pdf
      + 68_lablecture3c.pdf
      + 69_lablecture3c_annotated.pdf
      -> saved: 67 new, 0 skip, 1 fail (https://web.stanford.edu/class/archive/engr/engr40m.1178/slides.html)
  - 'ENGR2001': 'Atin Sinha Albany State University ENGR2001 course slides'
[search] tavily unavailable (tavily http 432: {"detail":{"error":"This request exceeds your plan's set usage limit. Please upgrade your plan or contact support@tavily.com"}}); falling back
      69 link(s) @ https://web.stanford.edu/class/archive/engr/engr40m.1178/slides.html  (run=22, sequential=True)
      + 2_lecture01.pdf
      + 3_lecture02.pdf
      + 4_lecture03.pdf
      + 5_lecture04.pdf
      + 6_lecture05.pdf
      + 7_lecture06.pdf
      + 8_transistors.pdf
      + 9_computer-history.pdf
      + 10_logicgates.pdf
      + 11_arduino.pdf
      + 12_fsm-example.pdf
      + 13_lecture10.pdf
      + 14_keyboard_breakingbreak.pdf
      + 15_lecture11.pdf
      + 16_reactives.pdf
      + 17_transient.pdf
      + 18_cubemapping.pdf
      + 19_signals.pdf
      + 20_signals-slides.pdf
      + 21_impedance.pdf
      + 22_bodeplots.pdf
      + 23_opamps.pdf
      + 24_opampfilters.pdf
      + 25_lecture20.pdf
      + 26_lecture21.pdf
      + 27_lecture22.pdf
      + 28_lecture01.pdf
      + 29_lecture01_annotated.pdf
      + 30_lecture02.pdf
      + 31_lecture02_annotated.pdf
      + 32_lecture03.pdf
      + 33_lecture03_annotated.pdf
      + 34_lecture04.pdf
      + 35_lecture04_annotated.pdf
      + 36_lecture05.pdf
      + 37_lecture05_annotated.pdf
      + 38_lecture06.pdf
      + 39_lecture06_annotated.pdf
      + 40_lecture07.pdf
      + 41_lecture07_annotated.pdf
      + 42_lecture08.pdf
      + 43_lecture08_annotated.pdf
      + 44_lecture09.pdf
      + 45_lecture09_annotated.pdf
      + 46_lecture10.pdf
      + 47_lecture10_annotated.pdf
      + 48_lecture11.pdf
      + 49_lecture11_annotated.pdf
      + 50_lecture12.pdf
      + 51_lecture12_annotated.pdf
      + 52_lecture13.pdf
      + 53_lecture13_annotated.pdf
      + 54_lecture14.pdf
      + 55_lecture14_annotated.pdf
      + 56_lecture15.pdf
      + 57_lecture15_annotated.pdf
      + 58_lecture16.pdf
      + 59_lablecture1.pdf
      + 60_lablecture1_annotated.pdf
      + 61_lablecture2.pdf
      + 62_lablecture2_annotated.pdf
      + 64_lablecture3a.pdf
      + 65_lablecture3a_annotated.pdf
      + 66_lablecture3b.pdf
      + 67_lablecture3b_annotated.pdf
      + 68_lablecture3c.pdf
      + 69_lablecture3c_annotated.pdf
      -> saved: 67 new, 0 skip, 1 fail (https://web.stanford.edu/class/archive/engr/engr40m.1178/slides.html)

### [engineering] Darby Hewitt — Abilene Christian University (ratings=4, dept=Engineering, 3 course(s))
  - 'ENGR210': 'Darby Hewitt Abilene Christian University ENGR210 course slides'
[search] tavily unavailable (tavily http 432: {"detail":{"error":"This request exceeds your plan's set usage limit. Please upgrade your plan or contact support@tavily.com"}}); falling back
      20 link(s) @ https://lall.stanford.edu/engr210a/lectures.html  (run=18, sequential=True)
      + 2_references_2001_09_25_01.pdf
      + 3_lecture2_2001_10_08_01.pdf
      + 4_lecture3_2001_10_08_01.pdf
      + 5_lecture4_2001_10_10_01.pdf
      + 6_lecture5_2001_10_10_01.pdf
      + 7_lecture6_2001_10_17_01.pdf
      + 8_lecture7_2001_10_16_03.pdf
      + 9_lecture8_2001_10_24_01.pdf
      + 10_lecture9_2001_10_30_01.pdf
      + 11_lecture10_2001_10_30_04.pdf
      + 12_lecture11_2001_11_07_01.pdf
      + 13_lecture12_2001_11_07_04.pdf
      + 14_lecture13_2001_11_12_01.pdf
      + 15_lecture14_2001_11_20_01.pdf
      + 16_lecture15_2001_11_23_02.pdf
      + 17_lecture16_2001_11_25_04.pdf
      + 18_lecture17_2001_12_03_02.pdf
      + 19_lecture18_2001_12_03_03.pdf
      + 20_lecture19_2001_12_04_03.pdf
      -> saved: 19 new, 0 skip, 1 fail (https://lall.stanford.edu/engr210a/lectures.html)
  - 'ENGR422': 'Darby Hewitt Abilene Christian University ENGR422 course slides'
[search] tavily unavailable (tavily http 432: {"detail":{"error":"This request exceeds your plan's set usage limit. Please upgrade your plan or contact support@tavily.com"}}); falling back
  - 'PHYS135': 'Darby Hewitt Abilene Christian University PHYS135 course slides'
[search] tavily unavailable (tavily http 432: {"detail":{"error":"This request exceeds your plan's set usage limit. Please upgrade your plan or contact support@tavily.com"}}); falling back
      15 link(s) @ https://www.andrews.edu/~rwright/physics/powerpoints/physhows.php  (run=14, sequential=True)
      + 1_HSPhysics_01_Introduction_and_1-D_Kinematics.pptx
      + 2_HSPhysics_02_Forces.pptx
      + 3_HSPhysics_03_Uniform_Circular_Motion_and_Torque.pptx
      + 4_HSPhysics_04_Momentum_2025.pptx
      + 5_HSPhysics_04_Momentum.pptx
      + 6_HSPhysics_05_Keplers_Laws_and_Gravity.pptx
      + 7_HSPhysics_06_Energy.pptx
      + 8_HSPhysics_07_Static_Electricity.pptx
      + 9_HSPhysics_08_Circuits.pptx
      + 10_HSPhysics_09_Magnetism.pptx
      + 11_HSPhysics_10_Waves_and_Sound.pptx
      + 12_HSPhysics_11_Electomagnetic_Rays.pptx
      + 13_HSPhysics_12_Dual_Nature_of_Light.pptx
      + 14_HSPhysics_13_Radioactivity_Fission_Fusion.pptx
      + 15_HSPhysics_14_Special_Relativity_Optional.pptx
      -> saved: 15 new, 0 skip, 0 fail (https://www.andrews.edu/~rwright/physics/powerpoints/physhows.php)

### [engineering] Ahmed Elsayed — Alabama A&M University (ratings=3, dept=Engineering, 2 course(s))
  - 'EGC101': 'Ahmed Elsayed Alabama A&M University EGC101 course slides'
[search] tavily unavailable (tavily http 432: {"detail":{"error":"This request exceeds your plan's set usage limit. Please upgrade your plan or contact support@tavily.com"}}); falling back
      1 link(s) @ https://www.aamu.edu/about/administrative-offices/academic-affairs/resources-for-students/_documents/general-education-course-listing.pdf  (run=0, sequential=False)
  - 'EGC226': 'Ahmed Elsayed Alabama A&M University EGC226 course slides'
[search] tavily unavailable (tavily http 432: {"detail":{"error":"This request exceeds your plan's set usage limit. Please upgrade your plan or contact support@tavily.com"}}); falling back
      1 link(s) @ https://www.aucegypt.edu/sites/default/files/2022-10/ahmed_elsayed_cv_oct_2022.pdf  (run=0, sequential=False)

### [engineering] Aschalew Kassu — Alabama A&M University (ratings=3, dept=Engineering, 1 course(s))
  - 'CMG': 'Aschalew Kassu Alabama A&M University CMG course slides'
[search] tavily unavailable (tavily http 432: {"detail":{"error":"This request exceeds your plan's set usage limit. Please upgrade your plan or contact support@tavily.com"}}); falling back

### [engineering] Charles  Finnegan — Alabama A&M University (ratings=3, dept=Engineering, 1 course(s))
  - 'ME205-01': 'Charles Finnegan Alabama A&M University ME205-01 course slides'
[search] tavily unavailable (tavily http 432: {"detail":{"error":"This request exceeds your plan's set usage limit. Please upgrade your plan or contact support@tavily.com"}}); falling back

### [engineering] Najmaddin Akhundov — Adelphi University (ratings=3, dept=Engineering, 2 course(s))
  - '784': 'Najmaddin Akhundov Adelphi University 784 course slides'
[search] tavily unavailable (tavily http 432: {"detail":{"error":"This request exceeds your plan's set usage limit. Please upgrade your plan or contact support@tavily.com"}}); falling back
  - 'DSC374': 'Najmaddin Akhundov Adelphi University DSC374 course slides'
[search] tavily unavailable (tavily http 432: {"detail":{"error":"This request exceeds your plan's set usage limit. Please upgrade your plan or contact support@tavily.com"}}); falling back

### [engineering] Shane Hall — Air Force Institute of Technology (ratings=3, dept=Engineering, 2 course(s))
  - 'OPER623': 'Shane Hall Air Force Institute of Technology OPER623 course slides'
[search] tavily unavailable (tavily http 432: {"detail":{"error":"This request exceeds your plan's set usage limit. Please upgrade your plan or contact support@tavily.com"}}); falling back
  - 'OPER501': 'Shane Hall Air Force Institute of Technology OPER501 course slides'
[search] tavily unavailable (tavily http 432: {"detail":{"error":"This request exceeds your plan's set usage limit. Please upgrade your plan or contact support@tavily.com"}}); falling back

### [engineering] Amir Mobasher — Alabama A&M University (ratings=2, dept=Engineering, 2 course(s))
  - 'ME206': 'Amir Mobasher Alabama A&M University ME206 course slides'
[search] tavily unavailable (tavily http 432: {"detail":{"error":"This request exceeds your plan's set usage limit. Please upgrade your plan or contact support@tavily.com"}}); falling back
      2 link(s) @ https://www.aamu.edu/academics/colleges/engineering-technology-physical-sciences/academic-advising.html  (run=0, sequential=False)
  - 'ME451': 'Amir Mobasher Alabama A&M University ME451 course slides'
[search] tavily unavailable (tavily http 432: {"detail":{"error":"This request exceeds your plan's set usage limit. Please upgrade your plan or contact support@tavily.com"}}); falling back
      2 link(s) @ https://www.aamu.edu/academics/colleges/engineering-technology-physical-sciences/academic-advising.html  (run=0, sequential=False)

### [engineering] John Colombi — Air Force Institute of Technology (ratings=2, dept=Engineering, 1 course(s))
  - 'SENG593': 'John Colombi Air Force Institute of Technology SENG593 course slides'
[search] tavily unavailable (tavily http 432: {"detail":{"error":"This request exceeds your plan's set usage limit. Please upgrade your plan or contact support@tavily.com"}}); falling back

### [engineering] Mahbub Hasan — Alabama A&M University (ratings=2, dept=Engineering, 1 course(s))
  - 'CMG': 'Mahbub Hasan Alabama A&M University CMG course slides'
[search] tavily unavailable (tavily http 432: {"detail":{"error":"This request exceeds your plan's set usage limit. Please upgrade your plan or contact support@tavily.com"}}); falling back

### [engineering] Michael Temple — Air Force Institute of Technology (ratings=2, dept=Engineering, 1 course(s))
  - 'EENG669': 'Michael Temple Air Force Institute of Technology EENG669 course slides'
[search] tavily unavailable (tavily http 432: {"detail":{"error":"This request exceeds your plan's set usage limit. Please upgrade your plan or contact support@tavily.com"}}); falling back

### [engineering] Ronald Coutu — Air Force Institute of Technology (ratings=2, dept=Engineering, 1 course(s))
  - 'EECE1210': 'Ronald Coutu Air Force Institute of Technology EECE1210 course slides'
[search] tavily unavailable (tavily http 432: {"detail":{"error":"This request exceeds your plan's set usage limit. Please upgrade your plan or contact support@tavily.com"}}); falling back

### [engineering] Barry Mullins — Air Force Institute of Technology (ratings=1, dept=Engineering, 1 course(s))
  - 'CS560': 'Barry Mullins Air Force Institute of Technology CS560 course slides'
[search] tavily unavailable (tavily http 432: {"detail":{"error":"This request exceeds your plan's set usage limit. Please upgrade your plan or contact support@tavily.com"}}); falling back

### [engineering] Bradley Liebst — Air Force Institute of Technology (ratings=1, dept=Engineering, 1 course(s))
  - 'OTHRNA': 'Bradley Liebst Air Force Institute of Technology OTHRNA course slides'
[search] tavily unavailable (tavily http 432: {"detail":{"error":"This request exceeds your plan's set usage limit. Please upgrade your plan or contact support@tavily.com"}}); falling back

### [engineering] David Jacques — Air Force Institute of Technology (ratings=1, dept=Engineering, 1 course(s))
  - 'SENG520': 'David Jacques Air Force Institute of Technology SENG520 course slides'
[search] tavily unavailable (tavily http 432: {"detail":{"error":"This request exceeds your plan's set usage limit. Please upgrade your plan or contact support@tavily.com"}}); falling back

### [engineering] James Chrissis — Air Force Institute of Technology (ratings=1, dept=Engineering, 1 course(s))
  - 'OPER510': 'James Chrissis Air Force Institute of Technology OPER510 course slides'
[search] tavily unavailable (tavily http 432: {"detail":{"error":"This request exceeds your plan's set usage limit. Please upgrade your plan or contact support@tavily.com"}}); falling back

### [engineering] Joe Rogers — Alabama A&M University (ratings=1, dept=Engineering, 1 course(s))
  - 'HIST101': 'Joe Rogers Alabama A&M University HIST101 course slides'
[search] tavily unavailable (tavily http 432: {"detail":{"error":"This request exceeds your plan's set usage limit. Please upgrade your plan or contact support@tavily.com"}}); falling back

### [engineering] Kaveh Heidary — Alabama A&M University (ratings=1, dept=Engineering, 1 course(s))
  - 'EE201': 'Kaveh Heidary Alabama A&M University EE201 course slides'
[search] tavily unavailable (tavily http 432: {"detail":{"error":"This request exceeds your plan's set usage limit. Please upgrade your plan or contact support@tavily.com"}}); falling back

### [engineering] Liaw Goang — Alabama A&M University (ratings=1, dept=Engineering, 1 course(s))
  - 'EGC104': 'Liaw Goang Alabama A&M University EGC104 course slides'
[search] tavily unavailable (tavily http 432: {"detail":{"error":"This request exceeds your plan's set usage limit. Please upgrade your plan or contact support@tavily.com"}}); falling back

### [engineering] Mebougna Drabo — Alabama A&M University (ratings=1, dept=Engineering, 1 course(s))
  - 'ME204': 'Mebougna Drabo Alabama A&M University ME204 course slides'
[search] tavily unavailable (tavily http 432: {"detail":{"error":"This request exceeds your plan's set usage limit. Please upgrade your plan or contact support@tavily.com"}}); falling back
      1 link(s) @ https://admissions.dartmouth.edu/sites/admissions.prod/files/admissions/wysiwyg/250mural_web.pdf  (run=0, sequential=False)

### [engineering] Ray Smith — Abilene Christian University (ratings=1, dept=Engineering, 1 course(s))
  - 'ENGR430': 'Ray Smith Abilene Christian University ENGR430 course slides'
[search] tavily unavailable (tavily http 432: {"detail":{"error":"This request exceeds your plan's set usage limit. Please upgrade your plan or contact support@tavily.com"}}); falling back

### [engineering] Scott Marshall — Abilene Christian University (ratings=1, dept=Engineering, 1 course(s))
  - '12487': 'Scott Marshall Abilene Christian University 12487 course slides'
[search] tavily unavailable (tavily http 432: {"detail":{"error":"This request exceeds your plan's set usage limit. Please upgrade your plan or contact support@tavily.com"}}); falling back

### [engineering] Shinhyu Kang — Abilene Christian University (ratings=1, dept=Engineering, 1 course(s))
  - 'ENGR-131': 'Shinhyu Kang Abilene Christian University ENGR-131 course slides'
[search] tavily unavailable (tavily http 432: {"detail":{"error":"This request exceeds your plan's set usage limit. Please upgrade your plan or contact support@tavily.com"}}); falling back

### [engineering] Stephen Babalola — Alabama A&M University (ratings=1, dept=Engineering, 1 course(s))
  - 'PHY105': 'Stephen Babalola Alabama A&M University PHY105 course slides'
[search] tavily unavailable (tavily http 432: {"detail":{"error":"This request exceeds your plan's set usage limit. Please upgrade your plan or contact support@tavily.com"}}); falling back

========== DISCIPLINE: CHEMISTRY (145 professors) ==========

### [chemistry] Harvey Hou — Alabama State University (ratings=520, dept=Chemistry, 8 course(s))
  = skip 'CHE141' (done)
  = skip 'CHE142' (done)
  = skip 'FRS220' (done)
  - 'FRS499': 'Harvey Hou Alabama State University FRS499 course slides'
[search] tavily unavailable (tavily http 432: {"detail":{"error":"This request exceeds your plan's set usage limit. Please upgrade your plan or contact support@tavily.com"}}); falling back
  - 'FRS423': 'Harvey Hou Alabama State University FRS423 course slides'
[search] tavily unavailable (tavily http 432: {"detail":{"error":"This request exceeds your plan's set usage limit. Please upgrade your plan or contact support@tavily.com"}}); falling back
  - 'FRS320': 'Harvey Hou Alabama State University FRS320 course slides'
[search] tavily unavailable (tavily http 432: {"detail":{"error":"This request exceeds your plan's set usage limit. Please upgrade your plan or contact support@tavily.com"}}); falling back
  - 'CHE14103': 'Harvey Hou Alabama State University CHE14103 course slides'
[search] tavily unavailable (tavily http 432: {"detail":{"error":"This request exceeds your plan's set usage limit. Please upgrade your plan or contact support@tavily.com"}}); falling back
  - 'FRS664': 'Harvey Hou Alabama State University FRS664 course slides'
[search] tavily unavailable (tavily http 432: {"detail":{"error":"This request exceeds your plan's set usage limit. Please upgrade your plan or contact support@tavily.com"}}); falling back

### [chemistry] Timothy Sonbuchner — Adelphi University (ratings=146, dept=Chemistry, 8 course(s))
  - 'CHEM109': 'Timothy Sonbuchner Adelphi University CHEM109 course slides'
[search] tavily unavailable (tavily http 432: {"detail":{"error":"This request exceeds your plan's set usage limit. Please upgrade your plan or contact support@tavily.com"}}); falling back
  - 'BIO111': 'Timothy Sonbuchner Adelphi University BIO111 course slides'
[search] tavily unavailable (tavily http 432: {"detail":{"error":"This request exceeds your plan's set usage limit. Please upgrade your plan or contact support@tavily.com"}}); falling back
  - 'BIO209': 'Timothy Sonbuchner Adelphi University BIO209 course slides'
[search] tavily unavailable (tavily http 432: {"detail":{"error":"This request exceeds your plan's set usage limit. Please upgrade your plan or contact support@tavily.com"}}); falling back
  - 'CHE109': 'Timothy Sonbuchner Adelphi University CHE109 course slides'
[search] tavily unavailable (tavily http 432: {"detail":{"error":"This request exceeds your plan's set usage limit. Please upgrade your plan or contact support@tavily.com"}}); falling back
  - 'CHEM112': 'Timothy Sonbuchner Adelphi University CHEM112 course slides'
[search] tavily unavailable (tavily http 432: {"detail":{"error":"This request exceeds your plan's set usage limit. Please upgrade your plan or contact support@tavily.com"}}); falling back
  - 'CHE111': 'Timothy Sonbuchner Adelphi University CHE111 course slides'
[search] tavily unavailable (tavily http 432: {"detail":{"error":"This request exceeds your plan's set usage limit. Please upgrade your plan or contact support@tavily.com"}}); falling back
  - 'CHEM111': 'Timothy Sonbuchner Adelphi University CHEM111 course slides'
[search] tavily unavailable (tavily http 432: {"detail":{"error":"This request exceeds your plan's set usage limit. Please upgrade your plan or contact support@tavily.com"}}); falling back
  - 'CHE112': 'Timothy Sonbuchner Adelphi University CHE112 course slides'
[search] tavily unavailable (tavily http 432: {"detail":{"error":"This request exceeds your plan's set usage limit. Please upgrade your plan or contact support@tavily.com"}}); falling back

### [chemistry] Samantha Kovener — Adelphi University (ratings=139, dept=Chemistry, 3 course(s))
  - 'CHEM109': 'Samantha Kovener Adelphi University CHEM109 course slides'
[search] tavily unavailable (tavily http 432: {"detail":{"error":"This request exceeds your plan's set usage limit. Please upgrade your plan or contact support@tavily.com"}}); falling back
  - 'CHE109': 'Samantha Kovener Adelphi University CHE109 course slides'
[search] tavily unavailable (tavily http 432: {"detail":{"error":"This request exceeds your plan's set usage limit. Please upgrade your plan or contact support@tavily.com"}}); falling back
  - '109': 'Samantha Kovener Adelphi University 109 course slides'
[search] tavily unavailable (tavily http 432: {"detail":{"error":"This request exceeds your plan's set usage limit. Please upgrade your plan or contact support@tavily.com"}}); falling back

### [chemistry] Justyna Widera — Adelphi University (ratings=105, dept=Chemistry, 8 course(s))
  - 'CHE111': 'Justyna Widera Adelphi University CHE111 course slides'
[search] tavily unavailable (tavily http 432: {"detail":{"error":"This request exceeds your plan's set usage limit. Please upgrade your plan or contact support@tavily.com"}}); falling back
  - 'CHE112': 'Justyna Widera Adelphi University CHE112 course slides'
[search] tavily unavailable (tavily http 432: {"detail":{"error":"This request exceeds your plan's set usage limit. Please upgrade your plan or contact support@tavily.com"}}); falling back
  - 'CHEM112': 'Justyna Widera Adelphi University CHEM112 course slides'
[search] tavily unavailable (tavily http 432: {"detail":{"error":"This request exceeds your plan's set usage limit. Please upgrade your plan or contact support@tavily.com"}}); falling back
  - 'CHEM111112': 'Justyna Widera Adelphi University CHEM111112 course slides'
[search] tavily unavailable (tavily http 432: {"detail":{"error":"This request exceeds your plan's set usage limit. Please upgrade your plan or contact support@tavily.com"}}); falling back
  - 'CHEM111': 'Justyna Widera Adelphi University CHEM111 course slides'
[search] tavily unavailable (tavily http 432: {"detail":{"error":"This request exceeds your plan's set usage limit. Please upgrade your plan or contact support@tavily.com"}}); falling back
  - 'CHEM101': 'Justyna Widera Adelphi University CHEM101 course slides'
[search] tavily unavailable (tavily http 432: {"detail":{"error":"This request exceeds your plan's set usage limit. Please upgrade your plan or contact support@tavily.com"}}); falling back
  - 'GENCHEM': 'Justyna Widera Adelphi University GENCHEM course slides'
[search] tavily unavailable (tavily http 432: {"detail":{"error":"This request exceeds your plan's set usage limit. Please upgrade your plan or contact support@tavily.com"}}); falling back
  - 'GENCHEM111': 'Justyna Widera Adelphi University GENCHEM111 course slides'
[search] tavily unavailable (tavily http 432: {"detail":{"error":"This request exceeds your plan's set usage limit. Please upgrade your plan or contact support@tavily.com"}}); falling back

### [chemistry] Stephen Goldberg — Adelphi University (ratings=94, dept=Chemistry, 8 course(s))
  - 'CHEM111': 'Stephen Goldberg Adelphi University CHEM111 course slides'
[search] tavily unavailable (tavily http 432: {"detail":{"error":"This request exceeds your plan's set usage limit. Please upgrade your plan or contact support@tavily.com"}}); falling back
  - 'CHE111': 'Stephen Goldberg Adelphi University CHE111 course slides'
[search] tavily unavailable (tavily http 432: {"detail":{"error":"This request exceeds your plan's set usage limit. Please upgrade your plan or contact support@tavily.com"}}); falling back
  - 'CHEM100': 'Stephen Goldberg Adelphi University CHEM100 course slides'
[search] tavily unavailable (tavily http 432: {"detail":{"error":"This request exceeds your plan's set usage limit. Please upgrade your plan or contact support@tavily.com"}}); falling back
  - 'CHEM112': 'Stephen Goldberg Adelphi University CHEM112 course slides'
[search] tavily unavailable (tavily http 432: {"detail":{"error":"This request exceeds your plan's set usage limit. Please upgrade your plan or contact support@tavily.com"}}); falling back
  - 'CHE112': 'Stephen Goldberg Adelphi University CHE112 course slides'
[search] tavily unavailable (tavily http 432: {"detail":{"error":"This request exceeds your plan's set usage limit. Please upgrade your plan or contact support@tavily.com"}}); falling back
  - 'CHEM': 'Stephen Goldberg Adelphi University CHEM course slides'
[search] tavily unavailable (tavily http 432: {"detail":{"error":"This request exceeds your plan's set usage limit. Please upgrade your plan or contact support@tavily.com"}}); falling back
  - 'CHEM107': 'Stephen Goldberg Adelphi University CHEM107 course slides'
[search] tavily unavailable (tavily http 432: {"detail":{"error":"This request exceeds your plan's set usage limit. Please upgrade your plan or contact support@tavily.com"}}); falling back
  - 'CHEM108': 'Stephen Goldberg Adelphi University CHEM108 course slides'
[search] tavily unavailable (tavily http 432: {"detail":{"error":"This request exceeds your plan's set usage limit. Please upgrade your plan or contact support@tavily.com"}}); falling back

### [chemistry] David Parkin — Adelphi University (ratings=89, dept=Chemistry, 8 course(s))
  - 'CHEM109': 'David Parkin Adelphi University CHEM109 course slides'
[search] tavily unavailable (tavily http 432: {"detail":{"error":"This request exceeds your plan's set usage limit. Please upgrade your plan or contact support@tavily.com"}}); falling back
  - 'CHE109': 'David Parkin Adelphi University CHE109 course slides'
[search] tavily unavailable (tavily http 432: {"detail":{"error":"This request exceeds your plan's set usage limit. Please upgrade your plan or contact support@tavily.com"}}); falling back
  - 'CHEM107': 'David Parkin Adelphi University CHEM107 course slides'
[search] tavily unavailable (tavily http 432: {"detail":{"error":"This request exceeds your plan's set usage limit. Please upgrade your plan or contact support@tavily.com"}}); falling back
  - 'CHEM108': 'David Parkin Adelphi University CHEM108 course slides'
[search] tavily unavailable (tavily http 432: {"detail":{"error":"This request exceeds your plan's set usage limit. Please upgrade your plan or contact support@tavily.com"}}); falling back
  - 'CHEM112': 'David Parkin Adelphi University CHEM112 course slides'
[search] tavily unavailable (tavily http 432: {"detail":{"error":"This request exceeds your plan's set usage limit. Please upgrade your plan or contact support@tavily.com"}}); falling back
  - 'BIOCHEM': 'David Parkin Adelphi University BIOCHEM course slides'
[search] tavily unavailable (tavily http 432: {"detail":{"error":"This request exceeds your plan's set usage limit. Please upgrade your plan or contact support@tavily.com"}}); falling back
  - 'CHEM': 'David Parkin Adelphi University CHEM course slides'
[search] tavily unavailable (tavily http 432: {"detail":{"error":"This request exceeds your plan's set usage limit. Please upgrade your plan or contact support@tavily.com"}}); falling back
  - 'CHEM111': 'David Parkin Adelphi University CHEM111 course slides'
[search] tavily unavailable (tavily http 432: {"detail":{"error":"This request exceeds your plan's set usage limit. Please upgrade your plan or contact support@tavily.com"}}); falling back

### [chemistry] Ngozi Onyia — Adelphi University (ratings=85, dept=Chemistry, 3 course(s))
  - 'CHE109': 'Ngozi Onyia Adelphi University CHE109 course slides'
[search] tavily unavailable (tavily http 432: {"detail":{"error":"This request exceeds your plan's set usage limit. Please upgrade your plan or contact support@tavily.com"}}); falling back
  - 'CHEM109': 'Ngozi Onyia Adelphi University CHEM109 course slides'
[search] tavily unavailable (tavily http 432: {"detail":{"error":"This request exceeds your plan's set usage limit. Please upgrade your plan or contact support@tavily.com"}}); falling back
  - 'ORGO253': 'Ngozi Onyia Adelphi University ORGO253 course slides'
[search] tavily unavailable (tavily http 432: {"detail":{"error":"This request exceeds your plan's set usage limit. Please upgrade your plan or contact support@tavily.com"}}); falling back

### [chemistry] David Clarke — Albany College of Pharmacy and Health Sciences (ratings=67, dept=Chemistry, 8 course(s))
  - 'CHEM': 'David Clarke Albany College of Pharmacy and Health Sciences CHEM course slides'
[search] tavily unavailable (tavily http 432: {"detail":{"error":"This request exceeds your plan's set usage limit. Please upgrade your plan or contact support@tavily.com"}}); falling back
  - 'CHEM101': 'David Clarke Albany College of Pharmacy and Health Sciences CHEM101 course slides'
[search] tavily unavailable (tavily http 432: {"detail":{"error":"This request exceeds your plan's set usage limit. Please upgrade your plan or contact support@tavily.com"}}); falling back
  - 'CHE101': 'David Clarke Albany College of Pharmacy and Health Sciences CHE101 course slides'
[search] tavily unavailable (tavily http 432: {"detail":{"error":"This request exceeds your plan's set usage limit. Please upgrade your plan or contact support@tavily.com"}}); falling back
  - 'CHEM111': 'David Clarke Albany College of Pharmacy and Health Sciences CHEM111 course slides'
[search] tavily unavailable (tavily http 432: {"detail":{"error":"This request exceeds your plan's set usage limit. Please upgrade your plan or contact support@tavily.com"}}); falling back
  - 'CHE121': 'David Clarke Albany College of Pharmacy and Health Sciences CHE121 course slides'
[search] tavily unavailable (tavily http 432: {"detail":{"error":"This request exceeds your plan's set usage limit. Please upgrade your plan or contact support@tavily.com"}}); falling back
  - 'CHE111': 'David Clarke Albany College of Pharmacy and Health Sciences CHE111 course slides'
[search] tavily unavailable (tavily http 432: {"detail":{"error":"This request exceeds your plan's set usage limit. Please upgrade your plan or contact support@tavily.com"}}); falling back
  - 'CHE122': 'David Clarke Albany College of Pharmacy and Health Sciences CHE122 course slides'
[search] tavily unavailable (tavily http 432: {"detail":{"error":"This request exceeds your plan's set usage limit. Please upgrade your plan or contact support@tavily.com"}}); falling back
  - 'CHEM1': 'David Clarke Albany College of Pharmacy and Health Sciences CHEM1 course slides'
[search] tavily unavailable (tavily http 432: {"detail":{"error":"This request exceeds your plan's set usage limit. Please upgrade your plan or contact support@tavily.com"}}); falling back

### [chemistry] Barry Miburo — Abraham Baldwin Agricultural College (ratings=54, dept=Chemistry, 8 course(s))
  - 'CHEM1211': 'Barry Miburo Abraham Baldwin Agricultural College CHEM1211 course slides'
[search] tavily unavailable (tavily http 432: {"detail":{"error":"This request exceeds your plan's set usage limit. Please upgrade your plan or contact support@tavily.com"}}); falling back
  - 'CHEM1212': 'Barry Miburo Abraham Baldwin Agricultural College CHEM1212 course slides'
[search] tavily unavailable (tavily http 432: {"detail":{"error":"This request exceeds your plan's set usage limit. Please upgrade your plan or contact support@tavily.com"}}); falling back
  - 'CHEM2040': 'Barry Miburo Abraham Baldwin Agricultural College CHEM2040 course slides'
[search] tavily unavailable (tavily http 432: {"detail":{"error":"This request exceeds your plan's set usage limit. Please upgrade your plan or contact support@tavily.com"}}); falling back
  - 'CHEM1211L': 'Barry Miburo Abraham Baldwin Agricultural College CHEM1211L course slides'
[search] tavily unavailable (tavily http 432: {"detail":{"error":"This request exceeds your plan's set usage limit. Please upgrade your plan or contact support@tavily.com"}}); falling back
  - 'CHEMISTRY': 'Barry Miburo Abraham Baldwin Agricultural College CHEMISTRY course slides'
[search] tavily unavailable (tavily http 432: {"detail":{"error":"This request exceeds your plan's set usage limit. Please upgrade your plan or contact support@tavily.com"}}); falling back
  - '1211': 'Barry Miburo Abraham Baldwin Agricultural College 1211 course slides'
[search] tavily unavailable (tavily http 432: {"detail":{"error":"This request exceeds your plan's set usage limit. Please upgrade your plan or contact support@tavily.com"}}); falling back
  - 'CHEM2': 'Barry Miburo Abraham Baldwin Agricultural College CHEM2 course slides'
[search] tavily unavailable (tavily http 432: {"detail":{"error":"This request exceeds your plan's set usage limit. Please upgrade your plan or contact support@tavily.com"}}); falling back
  - 'CHEM2112': 'Barry Miburo Abraham Baldwin Agricultural College CHEM2112 course slides'
[search] tavily unavailable (tavily http 432: {"detail":{"error":"This request exceeds your plan's set usage limit. Please upgrade your plan or contact support@tavily.com"}}); falling back

### [chemistry] Ivan Hyatt — Adelphi University (ratings=53, dept=Chemistry, 8 course(s))
  - 'CHE251': 'Ivan Hyatt Adelphi University CHE251 course slides'
[search] tavily unavailable (tavily http 432: {"detail":{"error":"This request exceeds your plan's set usage limit. Please upgrade your plan or contact support@tavily.com"}}); falling back
  - 'CHEM111': 'Ivan Hyatt Adelphi University CHEM111 course slides'
[search] tavily unavailable (tavily http 432: {"detail":{"error":"This request exceeds your plan's set usage limit. Please upgrade your plan or contact support@tavily.com"}}); falling back
  - 'ORGO1': 'Ivan Hyatt Adelphi University ORGO1 course slides'
[search] tavily unavailable (tavily http 432: {"detail":{"error":"This request exceeds your plan's set usage limit. Please upgrade your plan or contact support@tavily.com"}}); falling back
  - 'CHE253': 'Ivan Hyatt Adelphi University CHE253 course slides'
[search] tavily unavailable (tavily http 432: {"detail":{"error":"This request exceeds your plan's set usage limit. Please upgrade your plan or contact support@tavily.com"}}); falling back
  - 'CHE311': 'Ivan Hyatt Adelphi University CHE311 course slides'
[search] tavily unavailable (tavily http 432: {"detail":{"error":"This request exceeds your plan's set usage limit. Please upgrade your plan or contact support@tavily.com"}}); falling back
  - 'CHEM112': 'Ivan Hyatt Adelphi University CHEM112 course slides'
[search] tavily unavailable (tavily http 432: {"detail":{"error":"This request exceeds your plan's set usage limit. Please upgrade your plan or contact support@tavily.com"}}); falling back
  - 'CHE411': 'Ivan Hyatt Adelphi University CHE411 course slides'
[search] tavily unavailable (tavily http 432: {"detail":{"error":"This request exceeds your plan's set usage limit. Please upgrade your plan or contact support@tavily.com"}}); falling back
  - 'CHEM251': 'Ivan Hyatt Adelphi University CHEM251 course slides'
[search] tavily unavailable (tavily http 432: {"detail":{"error":"This request exceeds your plan's set usage limit. Please upgrade your plan or contact support@tavily.com"}}); falling back

### [chemistry] Melissa Van Alstine — Adelphi University (ratings=53, dept=Chemistry, 8 course(s))
  - 'ORG1': 'Melissa Van Alstine Adelphi University ORG1 course slides'
[search] tavily unavailable (tavily http 432: {"detail":{"error":"This request exceeds your plan's set usage limit. Please upgrade your plan or contact support@tavily.com"}}); falling back
  - 'CHE252': 'Melissa Van Alstine Adelphi University CHE252 course slides'
[search] tavily unavailable (tavily http 432: {"detail":{"error":"This request exceeds your plan's set usage limit. Please upgrade your plan or contact support@tavily.com"}}); falling back
  - 'CHEM252': 'Melissa Van Alstine Adelphi University CHEM252 course slides'
[search] tavily unavailable (tavily http 432: {"detail":{"error":"This request exceeds your plan's set usage limit. Please upgrade your plan or contact support@tavily.com"}}); falling back
  - 'CHEM251': 'Melissa Van Alstine Adelphi University CHEM251 course slides'
[search] tavily unavailable (tavily http 432: {"detail":{"error":"This request exceeds your plan's set usage limit. Please upgrade your plan or contact support@tavily.com"}}); falling back
  - 'ORGO': 'Melissa Van Alstine Adelphi University ORGO course slides'
[search] tavily unavailable (tavily http 432: {"detail":{"error":"This request exceeds your plan's set usage limit. Please upgrade your plan or contact support@tavily.com"}}); falling back
  - 'ORGO1': 'Melissa Van Alstine Adelphi University ORGO1 course slides'
[search] tavily unavailable (tavily http 432: {"detail":{"error":"This request exceeds your plan's set usage limit. Please upgrade your plan or contact support@tavily.com"}}); falling back
  - 'CHE111': 'Melissa Van Alstine Adelphi University CHE111 course slides'
[search] tavily unavailable (tavily http 432: {"detail":{"error":"This request exceeds your plan's set usage limit. Please upgrade your plan or contact support@tavily.com"}}); falling back
  - 'CHE251': 'Melissa Van Alstine Adelphi University CHE251 course slides'
[search] tavily unavailable (tavily http 432: {"detail":{"error":"This request exceeds your plan's set usage limit. Please upgrade your plan or contact support@tavily.com"}}); falling back

### [chemistry] Daniel Silverio — Adelphi University (ratings=52, dept=Chemistry, 8 course(s))
  - 'ORGO1': 'Daniel Silverio Adelphi University ORGO1 course slides'
[search] tavily unavailable (tavily http 432: {"detail":{"error":"This request exceeds your plan's set usage limit. Please upgrade your plan or contact support@tavily.com"}}); falling back
  - 'ORGO2': 'Daniel Silverio Adelphi University ORGO2 course slides'
[search] tavily unavailable (tavily http 432: {"detail":{"error":"This request exceeds your plan's set usage limit. Please upgrade your plan or contact support@tavily.com"}}); falling back
  - 'CHE251': 'Daniel Silverio Adelphi University CHE251 course slides'
[search] tavily unavailable (tavily http 432: {"detail":{"error":"This request exceeds your plan's set usage limit. Please upgrade your plan or contact support@tavily.com"}}); falling back
  - 'CHE252': 'Daniel Silverio Adelphi University CHE252 course slides'
[search] tavily unavailable (tavily http 432: {"detail":{"error":"This request exceeds your plan's set usage limit. Please upgrade your plan or contact support@tavily.com"}}); falling back
  - 'CHE253': 'Daniel Silverio Adelphi University CHE253 course slides'
[search] tavily unavailable (tavily http 432: {"detail":{"error":"This request exceeds your plan's set usage limit. Please upgrade your plan or contact support@tavily.com"}}); falling back
  - 'CHE0415': 'Daniel Silverio Adelphi University CHE0415 course slides'
[search] tavily unavailable (tavily http 432: {"detail":{"error":"This request exceeds your plan's set usage limit. Please upgrade your plan or contact support@tavily.com"}}); falling back
  - 'CHEM251': 'Daniel Silverio Adelphi University CHEM251 course slides'
[search] tavily unavailable (tavily http 432: {"detail":{"error":"This request exceeds your plan's set usage limit. Please upgrade your plan or contact support@tavily.com"}}); falling back
  - 'CHE0106251001': 'Daniel Silverio Adelphi University CHE0106251001 course slides'
[search] tavily unavailable (tavily http 432: {"detail":{"error":"This request exceeds your plan's set usage limit. Please upgrade your plan or contact support@tavily.com"}}); falling back

### [chemistry] Michael Lueckheide — Adelphi University (ratings=49, dept=Chemistry, 1 course(s))
  - 'CHEM109': 'Michael Lueckheide Adelphi University CHEM109 course slides'
[search] tavily unavailable (tavily http 432: {"detail":{"error":"This request exceeds your plan's set usage limit. Please upgrade your plan or contact support@tavily.com"}}); falling back

### [chemistry] Mary Ross — Adelphi University (ratings=48, dept=Chemistry, 7 course(s))
  - 'CHEM111': 'Mary Ross Adelphi University CHEM111 course slides'
[search] tavily unavailable (tavily http 432: {"detail":{"error":"This request exceeds your plan's set usage limit. Please upgrade your plan or contact support@tavily.com"}}); falling back
  - 'CHE111': 'Mary Ross Adelphi University CHE111 course slides'
[search] tavily unavailable (tavily http 432: {"detail":{"error":"This request exceeds your plan's set usage limit. Please upgrade your plan or contact support@tavily.com"}}); falling back
  - 'CHE112': 'Mary Ross Adelphi University CHE112 course slides'
[search] tavily unavailable (tavily http 432: {"detail":{"error":"This request exceeds your plan's set usage limit. Please upgrade your plan or contact support@tavily.com"}}); falling back
  - 'CHEM112': 'Mary Ross Adelphi University CHEM112 course slides'
[search] tavily unavailable (tavily http 432: {"detail":{"error":"This request exceeds your plan's set usage limit. Please upgrade your plan or contact support@tavily.com"}}); falling back
  - 'CHEM010': 'Mary Ross Adelphi University CHEM010 course slides'
[search] tavily unavailable (tavily http 432: {"detail":{"error":"This request exceeds your plan's set usage limit. Please upgrade your plan or contact support@tavily.com"}}); falling back
  - 'CHEM111LAB': 'Mary Ross Adelphi University CHEM111LAB course slides'
[search] tavily unavailable (tavily http 432: {"detail":{"error":"This request exceeds your plan's set usage limit. Please upgrade your plan or contact support@tavily.com"}}); falling back
  - 'CHM112': 'Mary Ross Adelphi University CHM112 course slides'
[search] tavily unavailable (tavily http 432: {"detail":{"error":"This request exceeds your plan's set usage limit. Please upgrade your plan or contact support@tavily.com"}}); falling back

### [chemistry] Nikolai  Daume — Adelphi University (ratings=43, dept=Chemistry, 2 course(s))
  - 'CHE109': 'Nikolai Daume Adelphi University CHE109 course slides'
[search] tavily unavailable (tavily http 432: {"detail":{"error":"This request exceeds your plan's set usage limit. Please upgrade your plan or contact support@tavily.com"}}); falling back
  - 'chem112': 'Nikolai Daume Adelphi University chem112 course slides'
[search] tavily unavailable (tavily http 432: {"detail":{"error":"This request exceeds your plan's set usage limit. Please upgrade your plan or contact support@tavily.com"}}); falling back

### [chemistry] Sonna Allen — Adelphi University (ratings=39, dept=Chemistry, 5 course(s))
  - 'CHEM109': 'Sonna Allen Adelphi University CHEM109 course slides'
[search] tavily unavailable (tavily http 432: {"detail":{"error":"This request exceeds your plan's set usage limit. Please upgrade your plan or contact support@tavily.com"}}); falling back
  - 'CHE109': 'Sonna Allen Adelphi University CHE109 course slides'
[search] tavily unavailable (tavily http 432: {"detail":{"error":"This request exceeds your plan's set usage limit. Please upgrade your plan or contact support@tavily.com"}}); falling back
  - 'CHE111': 'Sonna Allen Adelphi University CHE111 course slides'
[search] tavily unavailable (tavily http 432: {"detail":{"error":"This request exceeds your plan's set usage limit. Please upgrade your plan or contact support@tavily.com"}}); falling back
  - 'CHE106': 'Sonna Allen Adelphi University CHE106 course slides'
[search] tavily unavailable (tavily http 432: {"detail":{"error":"This request exceeds your plan's set usage limit. Please upgrade your plan or contact support@tavily.com"}}); falling back
  - 'CHEM106': 'Sonna Allen Adelphi University CHEM106 course slides'
[search] tavily unavailable (tavily http 432: {"detail":{"error":"This request exceeds your plan's set usage limit. Please upgrade your plan or contact support@tavily.com"}}); falling back

### [chemistry] Robert Lippman — Adelphi University (ratings=36, dept=Chemistry, 8 course(s))
  - 'CHEM108': 'Robert Lippman Adelphi University CHEM108 course slides'
[search] tavily unavailable (tavily http 432: {"detail":{"error":"This request exceeds your plan's set usage limit. Please upgrade your plan or contact support@tavily.com"}}); falling back
  - 'CHEM109': 'Robert Lippman Adelphi University CHEM109 course slides'
[search] tavily unavailable (tavily http 432: {"detail":{"error":"This request exceeds your plan's set usage limit. Please upgrade your plan or contact support@tavily.com"}}); falling back
  - 'CHEM111': 'Robert Lippman Adelphi University CHEM111 course slides'
[search] tavily unavailable (tavily http 432: {"detail":{"error":"This request exceeds your plan's set usage limit. Please upgrade your plan or contact support@tavily.com"}}); falling back
  - 'CHE112': 'Robert Lippman Adelphi University CHE112 course slides'
[search] tavily unavailable (tavily http 432: {"detail":{"error":"This request exceeds your plan's set usage limit. Please upgrade your plan or contact support@tavily.com"}}); falling back
  - 'CHEM107': 'Robert Lippman Adelphi University CHEM107 course slides'
[search] tavily unavailable (tavily http 432: {"detail":{"error":"This request exceeds your plan's set usage limit. Please upgrade your plan or contact support@tavily.com"}}); falling back
  - 'CHEM112': 'Robert Lippman Adelphi University CHEM112 course slides'
[search] tavily unavailable (tavily http 432: {"detail":{"error":"This request exceeds your plan's set usage limit. Please upgrade your plan or contact support@tavily.com"}}); falling back
  - 'CHEMLAB': 'Robert Lippman Adelphi University CHEMLAB course slides'
[search] tavily unavailable (tavily http 432: {"detail":{"error":"This request exceeds your plan's set usage limit. Please upgrade your plan or contact support@tavily.com"}}); falling back
  - '0106112018': 'Robert Lippman Adelphi University 0106112018 course slides'
[search] tavily unavailable (tavily http 432: {"detail":{"error":"This request exceeds your plan's set usage limit. Please upgrade your plan or contact support@tavily.com"}}); falling back

### [chemistry] Ruth Riter — Agnes Scott College (ratings=36, dept=Chemistry, 8 course(s))
  - 'CHE150': 'Ruth Riter Agnes Scott College CHE150 course slides'
[search] tavily unavailable (tavily http 432: {"detail":{"error":"This request exceeds your plan's set usage limit. Please upgrade your plan or contact support@tavily.com"}}); falling back
  - 'CHEM101': 'Ruth Riter Agnes Scott College CHEM101 course slides'
[search] tavily unavailable (tavily http 432: {"detail":{"error":"This request exceeds your plan's set usage limit. Please upgrade your plan or contact support@tavily.com"}}); falling back
  - 'CHE101': 'Ruth Riter Agnes Scott College CHE101 course slides'
[search] tavily unavailable (tavily http 432: {"detail":{"error":"This request exceeds your plan's set usage limit. Please upgrade your plan or contact support@tavily.com"}}); falling back
  - 'CEM101': 'Ruth Riter Agnes Scott College CEM101 course slides'
[search] tavily unavailable (tavily http 432: {"detail":{"error":"This request exceeds your plan's set usage limit. Please upgrade your plan or contact support@tavily.com"}}); falling back
  - '101': 'Ruth Riter Agnes Scott College 101 course slides'
[search] tavily unavailable (tavily http 432: {"detail":{"error":"This request exceeds your plan's set usage limit. Please upgrade your plan or contact support@tavily.com"}}); falling back
  - 'CHE101L': 'Ruth Riter Agnes Scott College CHE101L course slides'
[search] tavily unavailable (tavily http 432: {"detail":{"error":"This request exceeds your plan's set usage limit. Please upgrade your plan or contact support@tavily.com"}}); falling back
  - 'CHE150L': 'Ruth Riter Agnes Scott College CHE150L course slides'
[search] tavily unavailable (tavily http 432: {"detail":{"error":"This request exceeds your plan's set usage limit. Please upgrade your plan or contact support@tavily.com"}}); falling back
  - 'CHEM111': 'Ruth Riter Agnes Scott College CHEM111 course slides'
[search] tavily unavailable (tavily http 432: {"detail":{"error":"This request exceeds your plan's set usage limit. Please upgrade your plan or contact support@tavily.com"}}); falling back

### [chemistry] James Adamski — Adelphi University (ratings=34, dept=Chemistry, 8 course(s))
  - 'CHE109': 'James Adamski Adelphi University CHE109 course slides'
[search] tavily unavailable (tavily http 432: {"detail":{"error":"This request exceeds your plan's set usage limit. Please upgrade your plan or contact support@tavily.com"}}); falling back
  - 'CHEM109': 'James Adamski Adelphi University CHEM109 course slides'
[search] tavily unavailable (tavily http 432: {"detail":{"error":"This request exceeds your plan's set usage limit. Please upgrade your plan or contact support@tavily.com"}}); falling back
  - 'CHE100': 'James Adamski Adelphi University CHE100 course slides'
[search] tavily unavailable (tavily http 432: {"detail":{"error":"This request exceeds your plan's set usage limit. Please upgrade your plan or contact support@tavily.com"}}); falling back
  - 'CHE109LAB': 'James Adamski Adelphi University CHE109LAB course slides'
[search] tavily unavailable (tavily http 432: {"detail":{"error":"This request exceeds your plan's set usage limit. Please upgrade your plan or contact support@tavily.com"}}); falling back
  - 'CHEM112LAB': 'James Adamski Adelphi University CHEM112LAB course slides'
[search] tavily unavailable (tavily http 432: {"detail":{"error":"This request exceeds your plan's set usage limit. Please upgrade your plan or contact support@tavily.com"}}); falling back
  - 'CHEM100': 'James Adamski Adelphi University CHEM100 course slides'
[search] tavily unavailable (tavily http 432: {"detail":{"error":"This request exceeds your plan's set usage limit. Please upgrade your plan or contact support@tavily.com"}}); falling back
  - 'BIO044': 'James Adamski Adelphi University BIO044 course slides'
[search] tavily unavailable (tavily http 432: {"detail":{"error":"This request exceeds your plan's set usage limit. Please upgrade your plan or contact support@tavily.com"}}); falling back
  - 'CHEM107': 'James Adamski Adelphi University CHEM107 course slides'
[search] tavily unavailable (tavily http 432: {"detail":{"error":"This request exceeds your plan's set usage limit. Please upgrade your plan or contact support@tavily.com"}}); falling back

### [chemistry] Martha Hass — Albany College of Pharmacy and Health Sciences (ratings=34, dept=Chemistry, 8 course(s))
  - 'ORGANIC': 'Martha Hass Albany College of Pharmacy and Health Sciences ORGANIC course slides'
[search] tavily unavailable (tavily http 432: {"detail":{"error":"This request exceeds your plan's set usage limit. Please upgrade your plan or contact support@tavily.com"}}); falling back
  - 'CHE221': 'Martha Hass Albany College of Pharmacy and Health Sciences CHE221 course slides'
[search] tavily unavailable (tavily http 432: {"detail":{"error":"This request exceeds your plan's set usage limit. Please upgrade your plan or contact support@tavily.com"}}); falling back
  - 'CHEM211': 'Martha Hass Albany College of Pharmacy and Health Sciences CHEM211 course slides'
[search] tavily unavailable (tavily http 432: {"detail":{"error":"This request exceeds your plan's set usage limit. Please upgrade your plan or contact support@tavily.com"}}); falling back
  - 'ORGOII': 'Martha Hass Albany College of Pharmacy and Health Sciences ORGOII course slides'
[search] tavily unavailable (tavily http 432: {"detail":{"error":"This request exceeds your plan's set usage limit. Please upgrade your plan or contact support@tavily.com"}}); falling back
  - 'ORGANICCHEMIST': 'Martha Hass Albany College of Pharmacy and Health Sciences ORGANICCHEMIST course slides'
[search] tavily unavailable (tavily http 432: {"detail":{"error":"This request exceeds your plan's set usage limit. Please upgrade your plan or contact support@tavily.com"}}); falling back
  - 'CHE122': 'Martha Hass Albany College of Pharmacy and Health Sciences CHE122 course slides'
[search] tavily unavailable (tavily http 432: {"detail":{"error":"This request exceeds your plan's set usage limit. Please upgrade your plan or contact support@tavily.com"}}); falling back
  - 'CHE202': 'Martha Hass Albany College of Pharmacy and Health Sciences CHE202 course slides'
[search] tavily unavailable (tavily http 432: {"detail":{"error":"This request exceeds your plan's set usage limit. Please upgrade your plan or contact support@tavily.com"}}); falling back
  - 'CHEM': 'Martha Hass Albany College of Pharmacy and Health Sciences CHEM course slides'
[search] tavily unavailable (tavily http 432: {"detail":{"error":"This request exceeds your plan's set usage limit. Please upgrade your plan or contact support@tavily.com"}}); falling back

### [chemistry] Cynthia Powell — Abilene Christian University (ratings=33, dept=Chemistry & Biochemistry, 8 course(s))
  - 'CHEM133': 'Cynthia Powell Abilene Christian University CHEM133 course slides'
[search] tavily unavailable (tavily http 432: {"detail":{"error":"This request exceeds your plan's set usage limit. Please upgrade your plan or contact support@tavily.com"}}); falling back
  - 'CHEM134': 'Cynthia Powell Abilene Christian University CHEM134 course slides'
[search] tavily unavailable (tavily http 432: {"detail":{"error":"This request exceeds your plan's set usage limit. Please upgrade your plan or contact support@tavily.com"}}); falling back
  - 'CHEM': 'Cynthia Powell Abilene Christian University CHEM course slides'
[search] tavily unavailable (tavily http 432: {"detail":{"error":"This request exceeds your plan's set usage limit. Please upgrade your plan or contact support@tavily.com"}}); falling back
  - 'CHEM203': 'Cynthia Powell Abilene Christian University CHEM203 course slides'
[search] tavily unavailable (tavily http 432: {"detail":{"error":"This request exceeds your plan's set usage limit. Please upgrade your plan or contact support@tavily.com"}}); falling back
  - 'GENCHEM2': 'Cynthia Powell Abilene Christian University GENCHEM2 course slides'
[search] tavily unavailable (tavily http 432: {"detail":{"error":"This request exceeds your plan's set usage limit. Please upgrade your plan or contact support@tavily.com"}}); falling back
  - 'BIBP352': 'Cynthia Powell Abilene Christian University BIBP352 course slides'
[search] tavily unavailable (tavily http 432: {"detail":{"error":"This request exceeds your plan's set usage limit. Please upgrade your plan or contact support@tavily.com"}}); falling back
  - 'CHEM1': 'Cynthia Powell Abilene Christian University CHEM1 course slides'
[search] tavily unavailable (tavily http 432: {"detail":{"error":"This request exceeds your plan's set usage limit. Please upgrade your plan or contact support@tavily.com"}}); falling back
  - 'CHEM102': 'Cynthia Powell Abilene Christian University CHEM102 course slides'
[search] tavily unavailable (tavily http 432: {"detail":{"error":"This request exceeds your plan's set usage limit. Please upgrade your plan or contact support@tavily.com"}}); falling back

### [chemistry] Radhika Kumar — Adelphi University (ratings=32, dept=Chemistry, 8 course(s))
  - 'CHEM109': 'Radhika Kumar Adelphi University CHEM109 course slides'
[search] tavily unavailable (tavily http 432: {"detail":{"error":"This request exceeds your plan's set usage limit. Please upgrade your plan or contact support@tavily.com"}}); falling back
  - 'CHE109': 'Radhika Kumar Adelphi University CHE109 course slides'
[search] tavily unavailable (tavily http 432: {"detail":{"error":"This request exceeds your plan's set usage limit. Please upgrade your plan or contact support@tavily.com"}}); falling back
  - 'CHEM111': 'Radhika Kumar Adelphi University CHEM111 course slides'
[search] tavily unavailable (tavily http 432: {"detail":{"error":"This request exceeds your plan's set usage limit. Please upgrade your plan or contact support@tavily.com"}}); falling back
  - 'CHE101': 'Radhika Kumar Adelphi University CHE101 course slides'
[search] tavily unavailable (tavily http 432: {"detail":{"error":"This request exceeds your plan's set usage limit. Please upgrade your plan or contact support@tavily.com"}}); falling back
  - 'CHE1220': 'Radhika Kumar Adelphi University CHE1220 course slides'
[search] tavily unavailable (tavily http 432: {"detail":{"error":"This request exceeds your plan's set usage limit. Please upgrade your plan or contact support@tavily.com"}}); falling back
  - 'CHE252': 'Radhika Kumar Adelphi University CHE252 course slides'
[search] tavily unavailable (tavily http 432: {"detail":{"error":"This request exceeds your plan's set usage limit. Please upgrade your plan or contact support@tavily.com"}}); falling back
  - 'CHE254': 'Radhika Kumar Adelphi University CHE254 course slides'
[search] tavily unavailable (tavily http 432: {"detail":{"error":"This request exceeds your plan's set usage limit. Please upgrade your plan or contact support@tavily.com"}}); falling back
  - 'ORGO2LAB': 'Radhika Kumar Adelphi University ORGO2LAB course slides'
[search] tavily unavailable (tavily http 432: {"detail":{"error":"This request exceeds your plan's set usage limit. Please upgrade your plan or contact support@tavily.com"}}); falling back

### [chemistry] Stanley Windwer — Adelphi University (ratings=32, dept=Chemistry, 8 course(s))
  - 'CHEM111': 'Stanley Windwer Adelphi University CHEM111 course slides'
[search] tavily unavailable (tavily http 432: {"detail":{"error":"This request exceeds your plan's set usage limit. Please upgrade your plan or contact support@tavily.com"}}); falling back
  - 'CHE111': 'Stanley Windwer Adelphi University CHE111 course slides'
[search] tavily unavailable (tavily http 432: {"detail":{"error":"This request exceeds your plan's set usage limit. Please upgrade your plan or contact support@tavily.com"}}); falling back
  - 'CHEM107': 'Stanley Windwer Adelphi University CHEM107 course slides'
[search] tavily unavailable (tavily http 432: {"detail":{"error":"This request exceeds your plan's set usage limit. Please upgrade your plan or contact support@tavily.com"}}); falling back
  - 'CHEMISTRY': 'Stanley Windwer Adelphi University CHEMISTRY course slides'
[search] tavily unavailable (tavily http 432: {"detail":{"error":"This request exceeds your plan's set usage limit. Please upgrade your plan or contact support@tavily.com"}}); falling back
  - 'GENCHEM': 'Stanley Windwer Adelphi University GENCHEM course slides'
[search] tavily unavailable (tavily http 432: {"detail":{"error":"This request exceeds your plan's set usage limit. Please upgrade your plan or contact support@tavily.com"}}); falling back
  - 'CH107': 'Stanley Windwer Adelphi University CH107 course slides'
[search] tavily unavailable (tavily http 432: {"detail":{"error":"This request exceeds your plan's set usage limit. Please upgrade your plan or contact support@tavily.com"}}); falling back
  - 'CHE111LAB': 'Stanley Windwer Adelphi University CHE111LAB course slides'
[search] tavily unavailable (tavily http 432: {"detail":{"error":"This request exceeds your plan's set usage limit. Please upgrade your plan or contact support@tavily.com"}}); falling back
  - 'CHEM': 'Stanley Windwer Adelphi University CHEM course slides'
[search] tavily unavailable (tavily http 432: {"detail":{"error":"This request exceeds your plan's set usage limit. Please upgrade your plan or contact support@tavily.com"}}); falling back

### [chemistry] Jeff Voigt — Albany College of Pharmacy and Health Sciences (ratings=29, dept=Chemistry, 8 course(s))
  - 'BIOCHEM': 'Jeff Voigt Albany College of Pharmacy and Health Sciences BIOCHEM course slides'
[search] tavily unavailable (tavily http 432: {"detail":{"error":"This request exceeds your plan's set usage limit. Please upgrade your plan or contact support@tavily.com"}}); falling back
  - 'MEDCHEM': 'Jeff Voigt Albany College of Pharmacy and Health Sciences MEDCHEM course slides'
[search] tavily unavailable (tavily http 432: {"detail":{"error":"This request exceeds your plan's set usage limit. Please upgrade your plan or contact support@tavily.com"}}); falling back
  - 'BIOCH365': 'Jeff Voigt Albany College of Pharmacy and Health Sciences BIOCH365 course slides'
[search] tavily unavailable (tavily http 432: {"detail":{"error":"This request exceeds your plan's set usage limit. Please upgrade your plan or contact support@tavily.com"}}); falling back
  - 'PHARMACOLOGY': 'Jeff Voigt Albany College of Pharmacy and Health Sciences PHARMACOLOGY course slides'
[search] tavily unavailable (tavily http 432: {"detail":{"error":"This request exceeds your plan's set usage limit. Please upgrade your plan or contact support@tavily.com"}}); falling back
  - 'BIOCH01': 'Jeff Voigt Albany College of Pharmacy and Health Sciences BIOCH01 course slides'
[search] tavily unavailable (tavily http 432: {"detail":{"error":"This request exceeds your plan's set usage limit. Please upgrade your plan or contact support@tavily.com"}}); falling back
  - 'BIOCH112': 'Jeff Voigt Albany College of Pharmacy and Health Sciences BIOCH112 course slides'
[search] tavily unavailable (tavily http 432: {"detail":{"error":"This request exceeds your plan's set usage limit. Please upgrade your plan or contact support@tavily.com"}}); falling back
  - 'BIOCHEM1': 'Jeff Voigt Albany College of Pharmacy and Health Sciences BIOCHEM1 course slides'
[search] tavily unavailable (tavily http 432: {"detail":{"error":"This request exceeds your plan's set usage limit. Please upgrade your plan or contact support@tavily.com"}}); falling back
  - 'BIOCHEMISTRY': 'Jeff Voigt Albany College of Pharmacy and Health Sciences BIOCHEMISTRY course slides'
[search] tavily unavailable (tavily http 432: {"detail":{"error":"This request exceeds your plan's set usage limit. Please upgrade your plan or contact support@tavily.com"}}); falling back

### [chemistry] Brianna Campmier — Adelphi University (ratings=28, dept=Chemistry, 2 course(s))
  - 'GENCHEM': 'Brianna Campmier Adelphi University GENCHEM course slides'
[search] tavily unavailable (tavily http 432: {"detail":{"error":"This request exceeds your plan's set usage limit. Please upgrade your plan or contact support@tavily.com"}}); falling back
  - 'CHEM112': 'Brianna Campmier Adelphi University CHEM112 course slides'
[search] tavily unavailable (tavily http 432: {"detail":{"error":"This request exceeds your plan's set usage limit. Please upgrade your plan or contact support@tavily.com"}}); falling back

### [chemistry] Perry Reeves — Abilene Christian University (ratings=28, dept=Chemistry & Biochemistry, 8 course(s))
  - 'CHEM134': 'Perry Reeves Abilene Christian University CHEM134 course slides'
[search] tavily unavailable (tavily http 432: {"detail":{"error":"This request exceeds your plan's set usage limit. Please upgrade your plan or contact support@tavily.com"}}); falling back
  - 'CHEM223': 'Perry Reeves Abilene Christian University CHEM223 course slides'
[search] tavily unavailable (tavily http 432: {"detail":{"error":"This request exceeds your plan's set usage limit. Please upgrade your plan or contact support@tavily.com"}}); falling back
  - 'CHEM123': 'Perry Reeves Abilene Christian University CHEM123 course slides'
[search] tavily unavailable (tavily http 432: {"detail":{"error":"This request exceeds your plan's set usage limit. Please upgrade your plan or contact support@tavily.com"}}); falling back
  - 'CHEM131': 'Perry Reeves Abilene Christian University CHEM131 course slides'
[search] tavily unavailable (tavily http 432: {"detail":{"error":"This request exceeds your plan's set usage limit. Please upgrade your plan or contact support@tavily.com"}}); falling back
  - 'CHEM133': 'Perry Reeves Abilene Christian University CHEM133 course slides'
[search] tavily unavailable (tavily http 432: {"detail":{"error":"This request exceeds your plan's set usage limit. Please upgrade your plan or contact support@tavily.com"}}); falling back
  - 'CHM221': 'Perry Reeves Abilene Christian University CHM221 course slides'
[search] tavily unavailable (tavily http 432: {"detail":{"error":"This request exceeds your plan's set usage limit. Please upgrade your plan or contact support@tavily.com"}}); falling back
  - 'ORGANIC': 'Perry Reeves Abilene Christian University ORGANIC course slides'
[search] tavily unavailable (tavily http 432: {"detail":{"error":"This request exceeds your plan's set usage limit. Please upgrade your plan or contact support@tavily.com"}}); falling back
  - 'ORGANICCH': 'Perry Reeves Abilene Christian University ORGANICCH course slides'
[search] tavily unavailable (tavily http 432: {"detail":{"error":"This request exceeds your plan's set usage limit. Please upgrade your plan or contact support@tavily.com"}}); falling back

### [chemistry] Rajappa Manohar — Albany State University (ratings=27, dept=Chemistry, 8 course(s))
  - 'CHEM2302': 'Rajappa Manohar Albany State University CHEM2302 course slides'
[search] tavily unavailable (tavily http 432: {"detail":{"error":"This request exceeds your plan's set usage limit. Please upgrade your plan or contact support@tavily.com"}}); falling back
  - 'CHEM2301': 'Rajappa Manohar Albany State University CHEM2301 course slides'
[search] tavily unavailable (tavily http 432: {"detail":{"error":"This request exceeds your plan's set usage limit. Please upgrade your plan or contact support@tavily.com"}}); falling back
  - '2CHEM230': 'Rajappa Manohar Albany State University 2CHEM230 course slides'
[search] tavily unavailable (tavily http 432: {"detail":{"error":"This request exceeds your plan's set usage limit. Please upgrade your plan or contact support@tavily.com"}}); falling back
  - 'CHEM03': 'Rajappa Manohar Albany State University CHEM03 course slides'
[search] tavily unavailable (tavily http 432: {"detail":{"error":"This request exceeds your plan's set usage limit. Please upgrade your plan or contact support@tavily.com"}}); falling back
  - 'CHEM1101': 'Rajappa Manohar Albany State University CHEM1101 course slides'
[search] tavily unavailable (tavily http 432: {"detail":{"error":"This request exceeds your plan's set usage limit. Please upgrade your plan or contact support@tavily.com"}}); falling back
  - 'CHEM1211': 'Rajappa Manohar Albany State University CHEM1211 course slides'
[search] tavily unavailable (tavily http 432: {"detail":{"error":"This request exceeds your plan's set usage limit. Please upgrade your plan or contact support@tavily.com"}}); falling back
  - 'CHEM1212': 'Rajappa Manohar Albany State University CHEM1212 course slides'
[search] tavily unavailable (tavily http 432: {"detail":{"error":"This request exceeds your plan's set usage limit. Please upgrade your plan or contact support@tavily.com"}}); falling back
      1 link(s) @ https://spots.augusta.edu/smyers1/Chemistry1212/CHEM 1212 study guide Fa17.pdf  (run=0, sequential=False)
  - 'CHEM2': 'Rajappa Manohar Albany State University CHEM2 course slides'
[search] tavily unavailable (tavily http 432: {"detail":{"error":"This request exceeds your plan's set usage limit. Please upgrade your plan or contact support@tavily.com"}}); falling back

### [chemistry] Elijah Nyairo — Alabama State University (ratings=26, dept=Chemistry, 7 course(s))
  - 'CHE141': 'Elijah Nyairo Alabama State University CHE141 course slides'
[search] tavily unavailable (tavily http 432: {"detail":{"error":"This request exceeds your plan's set usage limit. Please upgrade your plan or contact support@tavily.com"}}); falling back
  - 'CHE142': 'Elijah Nyairo Alabama State University CHE142 course slides'
[search] tavily unavailable (tavily http 432: {"detail":{"error":"This request exceeds your plan's set usage limit. Please upgrade your plan or contact support@tavily.com"}}); falling back
  - 'CHE211': 'Elijah Nyairo Alabama State University CHE211 course slides'
[search] tavily unavailable (tavily http 432: {"detail":{"error":"This request exceeds your plan's set usage limit. Please upgrade your plan or contact support@tavily.com"}}); falling back
  - 'C142': 'Elijah Nyairo Alabama State University C142 course slides'
[search] tavily unavailable (tavily http 432: {"detail":{"error":"This request exceeds your plan's set usage limit. Please upgrade your plan or contact support@tavily.com"}}); falling back
  - 'CHE1': 'Elijah Nyairo Alabama State University CHE1 course slides'
[search] tavily unavailable (tavily http 432: {"detail":{"error":"This request exceeds your plan's set usage limit. Please upgrade your plan or contact support@tavily.com"}}); falling back
  - 'CHE2': 'Elijah Nyairo Alabama State University CHE2 course slides'
[search] tavily unavailable (tavily http 432: {"detail":{"error":"This request exceeds your plan's set usage limit. Please upgrade your plan or contact support@tavily.com"}}); falling back
  - 'CHE3': 'Elijah Nyairo Alabama State University CHE3 course slides'
[search] tavily unavailable (tavily http 432: {"detail":{"error":"This request exceeds your plan's set usage limit. Please upgrade your plan or contact support@tavily.com"}}); falling back

### [chemistry] Sapna Jain — Alabama State University (ratings=25, dept=Chemistry, 8 course(s))
  - 'CHE211': 'Sapna Jain Alabama State University CHE211 course slides'
[search] tavily unavailable (tavily http 432: {"detail":{"error":"This request exceeds your plan's set usage limit. Please upgrade your plan or contact support@tavily.com"}}); falling back
  - 'CHE212': 'Sapna Jain Alabama State University CHE212 course slides'
[search] tavily unavailable (tavily http 432: {"detail":{"error":"This request exceeds your plan's set usage limit. Please upgrade your plan or contact support@tavily.com"}}); falling back
  - 'CHE142': 'Sapna Jain Alabama State University CHE142 course slides'
[search] tavily unavailable (tavily http 432: {"detail":{"error":"This request exceeds your plan's set usage limit. Please upgrade your plan or contact support@tavily.com"}}); falling back
  - 'CHE342': 'Sapna Jain Alabama State University CHE342 course slides'
[search] tavily unavailable (tavily http 432: {"detail":{"error":"This request exceeds your plan's set usage limit. Please upgrade your plan or contact support@tavily.com"}}); falling back
  - 'CHE343': 'Sapna Jain Alabama State University CHE343 course slides'
[search] tavily unavailable (tavily http 432: {"detail":{"error":"This request exceeds your plan's set usage limit. Please upgrade your plan or contact support@tavily.com"}}); falling back
  - 'CHE421': 'Sapna Jain Alabama State University CHE421 course slides'
[search] tavily unavailable (tavily http 432: {"detail":{"error":"This request exceeds your plan's set usage limit. Please upgrade your plan or contact support@tavily.com"}}); falling back
  - 'ORGCHEM2': 'Sapna Jain Alabama State University ORGCHEM2 course slides'
[search] tavily unavailable (tavily http 432: {"detail":{"error":"This request exceeds your plan's set usage limit. Please upgrade your plan or contact support@tavily.com"}}); falling back
  - 'PHSY231': 'Sapna Jain Alabama State University PHSY231 course slides'
[search] tavily unavailable (tavily http 432: {"detail":{"error":"This request exceeds your plan's set usage limit. Please upgrade your plan or contact support@tavily.com"}}); falling back

### [chemistry] Kennon Deal — Abraham Baldwin Agricultural College (ratings=24, dept=Chemistry, 7 course(s))
  - 'CHEM1212': 'Kennon Deal Abraham Baldwin Agricultural College CHEM1212 course slides'
[search] tavily unavailable (tavily http 432: {"detail":{"error":"This request exceeds your plan's set usage limit. Please upgrade your plan or contact support@tavily.com"}}); falling back
      1 link(s) @ https://www.abac.edu/directory/profiles/kdeal.html  (run=1, sequential=False)
  - 'BIOL3100': 'Kennon Deal Abraham Baldwin Agricultural College BIOL3100 course slides'
[search] tavily unavailable (tavily http 432: {"detail":{"error":"This request exceeds your plan's set usage limit. Please upgrade your plan or contact support@tavily.com"}}); falling back
      1 link(s) @ https://www.abac.edu/directory/profiles/kdeal.html  (run=1, sequential=False)
  - 'CHEM1112': 'Kennon Deal Abraham Baldwin Agricultural College CHEM1112 course slides'
[search] tavily unavailable (tavily http 432: {"detail":{"error":"This request exceeds your plan's set usage limit. Please upgrade your plan or contact support@tavily.com"}}); falling back
      1 link(s) @ https://www.abac.edu/directory/profiles/kdeal.html  (run=1, sequential=False)
      1 link(s) @ https://www.abac.edu/directory/index.html  (run=1, sequential=False)
  - 'CHEM1211': 'Kennon Deal Abraham Baldwin Agricultural College CHEM1211 course slides'
[search] tavily unavailable (tavily http 432: {"detail":{"error":"This request exceeds your plan's set usage limit. Please upgrade your plan or contact support@tavily.com"}}); falling back
      1 link(s) @ https://www.abac.edu/directory/profiles/kdeal.html  (run=1, sequential=False)
      1 link(s) @ https://www.abac.edu/directory/index.html  (run=1, sequential=False)
  - 'CHEM1102': 'Kennon Deal Abraham Baldwin Agricultural College CHEM1102 course slides'
[search] tavily unavailable (tavily http 432: {"detail":{"error":"This request exceeds your plan's set usage limit. Please upgrade your plan or contact support@tavily.com"}}); falling back
      1 link(s) @ https://www.abac.edu/directory/profiles/kdeal.html  (run=1, sequential=False)
      1 link(s) @ https://www.abac.edu/directory/index.html  (run=1, sequential=False)
  - 'CHEM1211L': 'Kennon Deal Abraham Baldwin Agricultural College CHEM1211L course slides'
[search] tavily unavailable (tavily http 432: {"detail":{"error":"This request exceeds your plan's set usage limit. Please upgrade your plan or contact support@tavily.com"}}); falling back
      1 link(s) @ https://www.abac.edu/directory/profiles/kdeal.html  (run=1, sequential=False)
      1 link(s) @ https://www.abac.edu/directory/index.html  (run=1, sequential=False)
  - 'CHM1111': 'Kennon Deal Abraham Baldwin Agricultural College CHM1111 course slides'
[search] tavily unavailable (tavily http 432: {"detail":{"error":"This request exceeds your plan's set usage limit. Please upgrade your plan or contact support@tavily.com"}}); falling back
      1 link(s) @ https://www.abac.edu/directory/profiles/kdeal.html  (run=1, sequential=False)

### [chemistry] Leon Venable — Agnes Scott College (ratings=24, dept=Chemistry, 8 course(s))
  - 'CHE150': 'Leon Venable Agnes Scott College CHE150 course slides'
[search] tavily unavailable (tavily http 432: {"detail":{"error":"This request exceeds your plan's set usage limit. Please upgrade your plan or contact support@tavily.com"}}); falling back
  - 'CHEM101': 'Leon Venable Agnes Scott College CHEM101 course slides'
[search] tavily unavailable (tavily http 432: {"detail":{"error":"This request exceeds your plan's set usage limit. Please upgrade your plan or contact support@tavily.com"}}); falling back
  - 'CHEM102': 'Leon Venable Agnes Scott College CHEM102 course slides'
[search] tavily unavailable (tavily http 432: {"detail":{"error":"This request exceeds your plan's set usage limit. Please upgrade your plan or contact support@tavily.com"}}); falling back
  - 'CHE102': 'Leon Venable Agnes Scott College CHE102 course slides'
[search] tavily unavailable (tavily http 432: {"detail":{"error":"This request exceeds your plan's set usage limit. Please upgrade your plan or contact support@tavily.com"}}); falling back
  - 'CHEM240': 'Leon Venable Agnes Scott College CHEM240 course slides'
[search] tavily unavailable (tavily http 432: {"detail":{"error":"This request exceeds your plan's set usage limit. Please upgrade your plan or contact support@tavily.com"}}); falling back
  - '102': 'Leon Venable Agnes Scott College 102 course slides'
[search] tavily unavailable (tavily http 432: {"detail":{"error":"This request exceeds your plan's set usage limit. Please upgrade your plan or contact support@tavily.com"}}); falling back
  - 'CHE101AND102': 'Leon Venable Agnes Scott College CHE101AND102 course slides'
[search] tavily unavailable (tavily http 432: {"detail":{"error":"This request exceeds your plan's set usage limit. Please upgrade your plan or contact support@tavily.com"}}); falling back
  - 'CHE101L': 'Leon Venable Agnes Scott College CHE101L course slides'
[search] tavily unavailable (tavily http 432: {"detail":{"error":"This request exceeds your plan's set usage limit. Please upgrade your plan or contact support@tavily.com"}}); falling back

### [chemistry] Abraham Ustoyev — Adelphi University (ratings=23, dept=Chemistry, 1 course(s))
  - 'CHEM': 'Abraham Ustoyev Adelphi University CHEM course slides'
[search] tavily unavailable (tavily http 432: {"detail":{"error":"This request exceeds your plan's set usage limit. Please upgrade your plan or contact support@tavily.com"}}); falling back

### [chemistry] Bal Khatiwada — Abraham Baldwin Agricultural College (ratings=22, dept=Chemistry, 3 course(s))
  - 'CHEM1211': 'Bal Khatiwada Abraham Baldwin Agricultural College CHEM1211 course slides'
[search] tavily unavailable (tavily http 432: {"detail":{"error":"This request exceeds your plan's set usage limit. Please upgrade your plan or contact support@tavily.com"}}); falling back
  - 'CHEM1212': 'Bal Khatiwada Abraham Baldwin Agricultural College CHEM1212 course slides'
[search] tavily unavailable (tavily http 432: {"detail":{"error":"This request exceeds your plan's set usage limit. Please upgrade your plan or contact support@tavily.com"}}); falling back
  - 'CHEM1112': 'Bal Khatiwada Abraham Baldwin Agricultural College CHEM1112 course slides'
[search] tavily unavailable (tavily http 432: {"detail":{"error":"This request exceeds your plan's set usage limit. Please upgrade your plan or contact support@tavily.com"}}); falling back

### [chemistry] James Johnstone — Abilene Christian University (ratings=22, dept=Chemistry & Biochemistry, 1 course(s))
  - 'Chem131': 'James Johnstone Abilene Christian University Chem131 course slides'
[search] tavily unavailable (tavily http 432: {"detail":{"error":"This request exceeds your plan's set usage limit. Please upgrade your plan or contact support@tavily.com"}}); falling back

### [chemistry] Gregory Powell — Abilene Christian University (ratings=21, dept=Chemistry & Biochemistry, 5 course(s))
  - 'CHEM133': 'Gregory Powell Abilene Christian University CHEM133 course slides'
[search] tavily unavailable (tavily http 432: {"detail":{"error":"This request exceeds your plan's set usage limit. Please upgrade your plan or contact support@tavily.com"}}); falling back
  - 'CHEM133H': 'Gregory Powell Abilene Christian University CHEM133H course slides'
[search] tavily unavailable (tavily http 432: {"detail":{"error":"This request exceeds your plan's set usage limit. Please upgrade your plan or contact support@tavily.com"}}); falling back
  - 'CHEM111': 'Gregory Powell Abilene Christian University CHEM111 course slides'
[search] tavily unavailable (tavily http 432: {"detail":{"error":"This request exceeds your plan's set usage limit. Please upgrade your plan or contact support@tavily.com"}}); falling back
  - 'CHEM112': 'Gregory Powell Abilene Christian University CHEM112 course slides'
[search] tavily unavailable (tavily http 432: {"detail":{"error":"This request exceeds your plan's set usage limit. Please upgrade your plan or contact support@tavily.com"}}); falling back
  - 'CHEM134H': 'Gregory Powell Abilene Christian University CHEM134H course slides'
[search] tavily unavailable (tavily http 432: {"detail":{"error":"This request exceeds your plan's set usage limit. Please upgrade your plan or contact support@tavily.com"}}); falling back

### [chemistry] Joseph Landesberg — Adelphi University (ratings=21, dept=Chemistry, 8 course(s))
  - 'CHEM251': 'Joseph Landesberg Adelphi University CHEM251 course slides'
[search] tavily unavailable (tavily http 432: {"detail":{"error":"This request exceeds your plan's set usage limit. Please upgrade your plan or contact support@tavily.com"}}); falling back
  - 'ORG12': 'Joseph Landesberg Adelphi University ORG12 course slides'
[search] tavily unavailable (tavily http 432: {"detail":{"error":"This request exceeds your plan's set usage limit. Please upgrade your plan or contact support@tavily.com"}}); falling back
  - 'ORGANICCHEM': 'Joseph Landesberg Adelphi University ORGANICCHEM course slides'
[search] tavily unavailable (tavily http 432: {"detail":{"error":"This request exceeds your plan's set usage limit. Please upgrade your plan or contact support@tavily.com"}}); falling back
  - 'ORGO': 'Joseph Landesberg Adelphi University ORGO course slides'
[search] tavily unavailable (tavily http 432: {"detail":{"error":"This request exceeds your plan's set usage limit. Please upgrade your plan or contact support@tavily.com"}}); falling back
  - '251ORGANIC': 'Joseph Landesberg Adelphi University 251ORGANIC course slides'
[search] tavily unavailable (tavily http 432: {"detail":{"error":"This request exceeds your plan's set usage limit. Please upgrade your plan or contact support@tavily.com"}}); falling back
  - 'CHEM': 'Joseph Landesberg Adelphi University CHEM course slides'
[search] tavily unavailable (tavily http 432: {"detail":{"error":"This request exceeds your plan's set usage limit. Please upgrade your plan or contact support@tavily.com"}}); falling back
  - 'CHEM111': 'Joseph Landesberg Adelphi University CHEM111 course slides'
[search] tavily unavailable (tavily http 432: {"detail":{"error":"This request exceeds your plan's set usage limit. Please upgrade your plan or contact support@tavily.com"}}); falling back
  - 'CHEM252': 'Joseph Landesberg Adelphi University CHEM252 course slides'
[search] tavily unavailable (tavily http 432: {"detail":{"error":"This request exceeds your plan's set usage limit. Please upgrade your plan or contact support@tavily.com"}}); falling back

### [chemistry] T. Brian Cavitt — Abilene Christian University (ratings=21, dept=Chemistry & Biochemistry, 8 course(s))
  - 'GENCHEM': 'T. Brian Cavitt Abilene Christian University GENCHEM course slides'
[search] tavily unavailable (tavily http 432: {"detail":{"error":"This request exceeds your plan's set usage limit. Please upgrade your plan or contact support@tavily.com"}}); falling back
  - 'CHEM112': 'T. Brian Cavitt Abilene Christian University CHEM112 course slides'
[search] tavily unavailable (tavily http 432: {"detail":{"error":"This request exceeds your plan's set usage limit. Please upgrade your plan or contact support@tavily.com"}}); falling back
  - 'CHEM223': 'T. Brian Cavitt Abilene Christian University CHEM223 course slides'
[search] tavily unavailable (tavily http 432: {"detail":{"error":"This request exceeds your plan's set usage limit. Please upgrade your plan or contact support@tavily.com"}}); falling back
  - 'GEO100': 'T. Brian Cavitt Abilene Christian University GEO100 course slides'
[search] tavily unavailable (tavily http 432: {"detail":{"error":"This request exceeds your plan's set usage limit. Please upgrade your plan or contact support@tavily.com"}}); falling back
  - 'OCHEM1': 'T. Brian Cavitt Abilene Christian University OCHEM1 course slides'
[search] tavily unavailable (tavily http 432: {"detail":{"error":"This request exceeds your plan's set usage limit. Please upgrade your plan or contact support@tavily.com"}}); falling back
  - 'CHEM10101': 'T. Brian Cavitt Abilene Christian University CHEM10101 course slides'
[search] tavily unavailable (tavily http 432: {"detail":{"error":"This request exceeds your plan's set usage limit. Please upgrade your plan or contact support@tavily.com"}}); falling back
  - 'CHEM114': 'T. Brian Cavitt Abilene Christian University CHEM114 course slides'
[search] tavily unavailable (tavily http 432: {"detail":{"error":"This request exceeds your plan's set usage limit. Please upgrade your plan or contact support@tavily.com"}}); falling back
  - 'CHEM132': 'T. Brian Cavitt Abilene Christian University CHEM132 course slides'
[search] tavily unavailable (tavily http 432: {"detail":{"error":"This request exceeds your plan's set usage limit. Please upgrade your plan or contact support@tavily.com"}}); falling back

### [chemistry] John Farrar — Abraham Baldwin Agricultural College (ratings=20, dept=Chemistry, 7 course(s))
  - 'CHEM1211': 'John Farrar Abraham Baldwin Agricultural College CHEM1211 course slides'
[search] tavily unavailable (tavily http 432: {"detail":{"error":"This request exceeds your plan's set usage limit. Please upgrade your plan or contact support@tavily.com"}}); falling back
  - 'CHEM1212': 'John Farrar Abraham Baldwin Agricultural College CHEM1212 course slides'
[search] tavily unavailable (tavily http 432: {"detail":{"error":"This request exceeds your plan's set usage limit. Please upgrade your plan or contact support@tavily.com"}}); falling back
  - 'CHEM2040': 'John Farrar Abraham Baldwin Agricultural College CHEM2040 course slides'
[search] tavily unavailable (tavily http 432: {"detail":{"error":"This request exceeds your plan's set usage limit. Please upgrade your plan or contact support@tavily.com"}}); falling back
  - 'CHEM1101': 'John Farrar Abraham Baldwin Agricultural College CHEM1101 course slides'
[search] tavily unavailable (tavily http 432: {"detail":{"error":"This request exceeds your plan's set usage limit. Please upgrade your plan or contact support@tavily.com"}}); falling back
  - 'CHEM2': 'John Farrar Abraham Baldwin Agricultural College CHEM2 course slides'
[search] tavily unavailable (tavily http 432: {"detail":{"error":"This request exceeds your plan's set usage limit. Please upgrade your plan or contact support@tavily.com"}}); falling back
  - 'CHEM2401': 'John Farrar Abraham Baldwin Agricultural College CHEM2401 course slides'
[search] tavily unavailable (tavily http 432: {"detail":{"error":"This request exceeds your plan's set usage limit. Please upgrade your plan or contact support@tavily.com"}}); falling back
  - 'CHEMSECT': 'John Farrar Abraham Baldwin Agricultural College CHEMSECT course slides'
[search] tavily unavailable (tavily http 432: {"detail":{"error":"This request exceeds your plan's set usage limit. Please upgrade your plan or contact support@tavily.com"}}); falling back

### [chemistry] Derek Behmke — Adelphi University (ratings=19, dept=Chemistry, 2 course(s))
  - '111': 'Derek Behmke Adelphi University 111 course slides'
[search] tavily unavailable (tavily http 432: {"detail":{"error":"This request exceeds your plan's set usage limit. Please upgrade your plan or contact support@tavily.com"}}); falling back
  - '101': 'Derek Behmke Adelphi University 101 course slides'
[search] tavily unavailable (tavily http 432: {"detail":{"error":"This request exceeds your plan's set usage limit. Please upgrade your plan or contact support@tavily.com"}}); falling back

### [chemistry] Sarah Winget — Agnes Scott College (ratings=19, dept=Chemistry, 8 course(s))
  - 'CHEM102': 'Sarah Winget Agnes Scott College CHEM102 course slides'
[search] tavily unavailable (tavily http 432: {"detail":{"error":"This request exceeds your plan's set usage limit. Please upgrade your plan or contact support@tavily.com"}}); falling back
  - 'CHEM220': 'Sarah Winget Agnes Scott College CHEM220 course slides'
[search] tavily unavailable (tavily http 432: {"detail":{"error":"This request exceeds your plan's set usage limit. Please upgrade your plan or contact support@tavily.com"}}); falling back
  - 'CHE220': 'Sarah Winget Agnes Scott College CHE220 course slides'
[search] tavily unavailable (tavily http 432: {"detail":{"error":"This request exceeds your plan's set usage limit. Please upgrade your plan or contact support@tavily.com"}}); falling back
  - 'CHE301': 'Sarah Winget Agnes Scott College CHE301 course slides'
[search] tavily unavailable (tavily http 432: {"detail":{"error":"This request exceeds your plan's set usage limit. Please upgrade your plan or contact support@tavily.com"}}); falling back
  - 'CHE101': 'Sarah Winget Agnes Scott College CHE101 course slides'
[search] tavily unavailable (tavily http 432: {"detail":{"error":"This request exceeds your plan's set usage limit. Please upgrade your plan or contact support@tavily.com"}}); falling back
  - 'CHE102': 'Sarah Winget Agnes Scott College CHE102 course slides'
[search] tavily unavailable (tavily http 432: {"detail":{"error":"This request exceeds your plan's set usage limit. Please upgrade your plan or contact support@tavily.com"}}); falling back
  - 'CHEM101': 'Sarah Winget Agnes Scott College CHEM101 course slides'
[search] tavily unavailable (tavily http 432: {"detail":{"error":"This request exceeds your plan's set usage limit. Please upgrade your plan or contact support@tavily.com"}}); falling back
  - 'CHEM150': 'Sarah Winget Agnes Scott College CHEM150 course slides'
[search] tavily unavailable (tavily http 432: {"detail":{"error":"This request exceeds your plan's set usage limit. Please upgrade your plan or contact support@tavily.com"}}); falling back

### [chemistry] Autumn Sutherlin — Abilene Christian University (ratings=17, dept=Chemistry & Biochemistry, 8 course(s))
  - 'CHEM113': 'Autumn Sutherlin Abilene Christian University CHEM113 course slides'
[search] tavily unavailable (tavily http 432: {"detail":{"error":"This request exceeds your plan's set usage limit. Please upgrade your plan or contact support@tavily.com"}}); falling back
  - 'CHEM112': 'Autumn Sutherlin Abilene Christian University CHEM112 course slides'
[search] tavily unavailable (tavily http 432: {"detail":{"error":"This request exceeds your plan's set usage limit. Please upgrade your plan or contact support@tavily.com"}}); falling back
  - 'BIOCHEM': 'Autumn Sutherlin Abilene Christian University BIOCHEM course slides'
[search] tavily unavailable (tavily http 432: {"detail":{"error":"This request exceeds your plan's set usage limit. Please upgrade your plan or contact support@tavily.com"}}); falling back
  - 'BIOCHEMI': 'Autumn Sutherlin Abilene Christian University BIOCHEMI course slides'
[search] tavily unavailable (tavily http 432: {"detail":{"error":"This request exceeds your plan's set usage limit. Please upgrade your plan or contact support@tavily.com"}}); falling back
  - 'BIOL453': 'Autumn Sutherlin Abilene Christian University BIOL453 course slides'
[search] tavily unavailable (tavily http 432: {"detail":{"error":"This request exceeds your plan's set usage limit. Please upgrade your plan or contact support@tavily.com"}}); falling back
  - 'CHEM': 'Autumn Sutherlin Abilene Christian University CHEM course slides'
[search] tavily unavailable (tavily http 432: {"detail":{"error":"This request exceeds your plan's set usage limit. Please upgrade your plan or contact support@tavily.com"}}); falling back
  - 'CHEM132': 'Autumn Sutherlin Abilene Christian University CHEM132 course slides'
[search] tavily unavailable (tavily http 432: {"detail":{"error":"This request exceeds your plan's set usage limit. Please upgrade your plan or contact support@tavily.com"}}); falling back
  - 'CHEM1401': 'Autumn Sutherlin Abilene Christian University CHEM1401 course slides'
[search] tavily unavailable (tavily http 432: {"detail":{"error":"This request exceeds your plan's set usage limit. Please upgrade your plan or contact support@tavily.com"}}); falling back

### [chemistry] David Rhode — Abraham Baldwin Agricultural College (ratings=17, dept=Chemistry, 2 course(s))
  - 'CHEM1211': 'David Rhode Abraham Baldwin Agricultural College CHEM1211 course slides'
[search] tavily unavailable (tavily http 432: {"detail":{"error":"This request exceeds your plan's set usage limit. Please upgrade your plan or contact support@tavily.com"}}); falling back
  - 'CHEM1212K': 'David Rhode Abraham Baldwin Agricultural College CHEM1212K course slides'
[search] tavily unavailable (tavily http 432: {"detail":{"error":"This request exceeds your plan's set usage limit. Please upgrade your plan or contact support@tavily.com"}}); falling back

### [chemistry] Edward Shenal — Adelphi University (ratings=17, dept=Chemistry, 8 course(s))
  - 'CHE112LAB': 'Edward Shenal Adelphi University CHE112LAB course slides'
[search] tavily unavailable (tavily http 432: {"detail":{"error":"This request exceeds your plan's set usage limit. Please upgrade your plan or contact support@tavily.com"}}); falling back
  - 'CHE111': 'Edward Shenal Adelphi University CHE111 course slides'
[search] tavily unavailable (tavily http 432: {"detail":{"error":"This request exceeds your plan's set usage limit. Please upgrade your plan or contact support@tavily.com"}}); falling back
  - 'CHE112': 'Edward Shenal Adelphi University CHE112 course slides'
[search] tavily unavailable (tavily http 432: {"detail":{"error":"This request exceeds your plan's set usage limit. Please upgrade your plan or contact support@tavily.com"}}); falling back
  - 'LAB111': 'Edward Shenal Adelphi University LAB111 course slides'
[search] tavily unavailable (tavily http 432: {"detail":{"error":"This request exceeds your plan's set usage limit. Please upgrade your plan or contact support@tavily.com"}}); falling back
  - 'CHE109': 'Edward Shenal Adelphi University CHE109 course slides'
[search] tavily unavailable (tavily http 432: {"detail":{"error":"This request exceeds your plan's set usage limit. Please upgrade your plan or contact support@tavily.com"}}); falling back
  - 'CHE11': 'Edward Shenal Adelphi University CHE11 course slides'
[search] tavily unavailable (tavily http 432: {"detail":{"error":"This request exceeds your plan's set usage limit. Please upgrade your plan or contact support@tavily.com"}}); falling back
  - 'CHE111LAB': 'Edward Shenal Adelphi University CHE111LAB course slides'
[search] tavily unavailable (tavily http 432: {"detail":{"error":"This request exceeds your plan's set usage limit. Please upgrade your plan or contact support@tavily.com"}}); falling back
  - 'CHEM034': 'Edward Shenal Adelphi University CHEM034 course slides'
[search] tavily unavailable (tavily http 432: {"detail":{"error":"This request exceeds your plan's set usage limit. Please upgrade your plan or contact support@tavily.com"}}); falling back

### [chemistry] Brad Rix — Abilene Christian University (ratings=16, dept=Chemistry  Biochemistry, 4 course(s))
  - 'CHEM223': 'Brad Rix Abilene Christian University CHEM223 course slides'
[search] tavily unavailable (tavily http 432: {"detail":{"error":"This request exceeds your plan's set usage limit. Please upgrade your plan or contact support@tavily.com"}}); falling back
  - 'CHEM323': 'Brad Rix Abilene Christian University CHEM323 course slides'
[search] tavily unavailable (tavily http 432: {"detail":{"error":"This request exceeds your plan's set usage limit. Please upgrade your plan or contact support@tavily.com"}}); falling back
  - 'CHEM324': 'Brad Rix Abilene Christian University CHEM324 course slides'
[search] tavily unavailable (tavily http 432: {"detail":{"error":"This request exceeds your plan's set usage limit. Please upgrade your plan or contact support@tavily.com"}}); falling back
  - 'CHEM322': 'Brad Rix Abilene Christian University CHEM322 course slides'
[search] tavily unavailable (tavily http 432: {"detail":{"error":"This request exceeds your plan's set usage limit. Please upgrade your plan or contact support@tavily.com"}}); falling back

### [chemistry] Douglas Strout — Alabama State University (ratings=16, dept=Chemistry, 7 course(s))
  - 'CHEM142': 'Douglas Strout Alabama State University CHEM142 course slides'
[search] tavily unavailable (tavily http 432: {"detail":{"error":"This request exceeds your plan's set usage limit. Please upgrade your plan or contact support@tavily.com"}}); falling back
  - 'CHEM141': 'Douglas Strout Alabama State University CHEM141 course slides'
[search] tavily unavailable (tavily http 432: {"detail":{"error":"This request exceeds your plan's set usage limit. Please upgrade your plan or contact support@tavily.com"}}); falling back
  - 'CHEM321': 'Douglas Strout Alabama State University CHEM321 course slides'
[search] tavily unavailable (tavily http 432: {"detail":{"error":"This request exceeds your plan's set usage limit. Please upgrade your plan or contact support@tavily.com"}}); falling back
  - 'CHE141': 'Douglas Strout Alabama State University CHE141 course slides'
[search] tavily unavailable (tavily http 432: {"detail":{"error":"This request exceeds your plan's set usage limit. Please upgrade your plan or contact support@tavily.com"}}); falling back
  - 'CHE321': 'Douglas Strout Alabama State University CHE321 course slides'
[search] tavily unavailable (tavily http 432: {"detail":{"error":"This request exceeds your plan's set usage limit. Please upgrade your plan or contact support@tavily.com"}}); falling back
  - 'CHEM': 'Douglas Strout Alabama State University CHEM course slides'
[search] tavily unavailable (tavily http 432: {"detail":{"error":"This request exceeds your plan's set usage limit. Please upgrade your plan or contact support@tavily.com"}}); falling back
  - 'CHEMISTRY141': 'Douglas Strout Alabama State University CHEMISTRY141 course slides'
[search] tavily unavailable (tavily http 432: {"detail":{"error":"This request exceeds your plan's set usage limit. Please upgrade your plan or contact support@tavily.com"}}); falling back

### [chemistry] Eric Hardegree — Abilene Christian University (ratings=16, dept=Chemistry & Biochemistry, 8 course(s))
  - 'CHEM133': 'Eric Hardegree Abilene Christian University CHEM133 course slides'
[search] tavily unavailable (tavily http 432: {"detail":{"error":"This request exceeds your plan's set usage limit. Please upgrade your plan or contact support@tavily.com"}}); falling back
  - 'CHEM': 'Eric Hardegree Abilene Christian University CHEM course slides'
[search] tavily unavailable (tavily http 432: {"detail":{"error":"This request exceeds your plan's set usage limit. Please upgrade your plan or contact support@tavily.com"}}); falling back
  - 'CHEM113': 'Eric Hardegree Abilene Christian University CHEM113 course slides'
[search] tavily unavailable (tavily http 432: {"detail":{"error":"This request exceeds your plan's set usage limit. Please upgrade your plan or contact support@tavily.com"}}); falling back
  - 'CHEM131': 'Eric Hardegree Abilene Christian University CHEM131 course slides'
[search] tavily unavailable (tavily http 432: {"detail":{"error":"This request exceeds your plan's set usage limit. Please upgrade your plan or contact support@tavily.com"}}); falling back
  - 'CHEM203': 'Eric Hardegree Abilene Christian University CHEM203 course slides'
[search] tavily unavailable (tavily http 432: {"detail":{"error":"This request exceeds your plan's set usage limit. Please upgrade your plan or contact support@tavily.com"}}); falling back
  - 'CHEM111': 'Eric Hardegree Abilene Christian University CHEM111 course slides'
[search] tavily unavailable (tavily http 432: {"detail":{"error":"This request exceeds your plan's set usage limit. Please upgrade your plan or contact support@tavily.com"}}); falling back
  - 'CHEM112': 'Eric Hardegree Abilene Christian University CHEM112 course slides'
[search] tavily unavailable (tavily http 432: {"detail":{"error":"This request exceeds your plan's set usage limit. Please upgrade your plan or contact support@tavily.com"}}); falling back
  - 'CHEM353': 'Eric Hardegree Abilene Christian University CHEM353 course slides'
[search] tavily unavailable (tavily http 432: {"detail":{"error":"This request exceeds your plan's set usage limit. Please upgrade your plan or contact support@tavily.com"}}); falling back

### [chemistry] Vasiliki Kanellis — Adelphi University (ratings=16, dept=Chemistry, 2 course(s))
  - 'CHEM109': 'Vasiliki Kanellis Adelphi University CHEM109 course slides'
[search] tavily unavailable (tavily http 432: {"detail":{"error":"This request exceeds your plan's set usage limit. Please upgrade your plan or contact support@tavily.com"}}); falling back
  - 'CHE109': 'Vasiliki Kanellis Adelphi University CHE109 course slides'
[search] tavily unavailable (tavily http 432: {"detail":{"error":"This request exceeds your plan's set usage limit. Please upgrade your plan or contact support@tavily.com"}}); falling back

### [chemistry] Julee Isenhower — Abilene Christian University (ratings=15, dept=Chemistry & Biochemistry, 3 course(s))
  - 'CHEM113': 'Julee Isenhower Abilene Christian University CHEM113 course slides'
[search] tavily unavailable (tavily http 432: {"detail":{"error":"This request exceeds your plan's set usage limit. Please upgrade your plan or contact support@tavily.com"}}); falling back
  - 'CHEM131': 'Julee Isenhower Abilene Christian University CHEM131 course slides'
[search] tavily unavailable (tavily http 432: {"detail":{"error":"This request exceeds your plan's set usage limit. Please upgrade your plan or contact support@tavily.com"}}); falling back
  - 'CHEM203': 'Julee Isenhower Abilene Christian University CHEM203 course slides'
[search] tavily unavailable (tavily http 432: {"detail":{"error":"This request exceeds your plan's set usage limit. Please upgrade your plan or contact support@tavily.com"}}); falling back

### [chemistry] Sheree Finley — Alabama State University (ratings=15, dept=Chemistry, 7 course(s))
  - 'CHE211': 'Sheree Finley Alabama State University CHE211 course slides'
[search] tavily unavailable (tavily http 432: {"detail":{"error":"This request exceeds your plan's set usage limit. Please upgrade your plan or contact support@tavily.com"}}); falling back
  - 'CHE212': 'Sheree Finley Alabama State University CHE212 course slides'
[search] tavily unavailable (tavily http 432: {"detail":{"error":"This request exceeds your plan's set usage limit. Please upgrade your plan or contact support@tavily.com"}}); falling back
  - 'CHC141': 'Sheree Finley Alabama State University CHC141 course slides'
[search] tavily unavailable (tavily http 432: {"detail":{"error":"This request exceeds your plan's set usage limit. Please upgrade your plan or contact support@tavily.com"}}); falling back
  - 'CHE242': 'Sheree Finley Alabama State University CHE242 course slides'
[search] tavily unavailable (tavily http 432: {"detail":{"error":"This request exceeds your plan's set usage limit. Please upgrade your plan or contact support@tavily.com"}}); falling back
  - 'CHE421': 'Sheree Finley Alabama State University CHE421 course slides'
[search] tavily unavailable (tavily http 432: {"detail":{"error":"This request exceeds your plan's set usage limit. Please upgrade your plan or contact support@tavily.com"}}); falling back
  - 'CHEM211': 'Sheree Finley Alabama State University CHEM211 course slides'
[search] tavily unavailable (tavily http 432: {"detail":{"error":"This request exceeds your plan's set usage limit. Please upgrade your plan or contact support@tavily.com"}}); falling back
  - 'CHEM213': 'Sheree Finley Alabama State University CHEM213 course slides'
[search] tavily unavailable (tavily http 432: {"detail":{"error":"This request exceeds your plan's set usage limit. Please upgrade your plan or contact support@tavily.com"}}); falling back

### [chemistry] Kathryn Takemura — Adelphi University (ratings=14, dept=Chemistry, 3 course(s))
  - '112-014': 'Kathryn Takemura Adelphi University 112-014 course slides'
[search] tavily unavailable (tavily http 432: {"detail":{"error":"This request exceeds your plan's set usage limit. Please upgrade your plan or contact support@tavily.com"}}); falling back
  - 'CHEM111': 'Kathryn Takemura Adelphi University CHEM111 course slides'
[search] tavily unavailable (tavily http 432: {"detail":{"error":"This request exceeds your plan's set usage limit. Please upgrade your plan or contact support@tavily.com"}}); falling back
  - '111-044': 'Kathryn Takemura Adelphi University 111-044 course slides'
[search] tavily unavailable (tavily http 432: {"detail":{"error":"This request exceeds your plan's set usage limit. Please upgrade your plan or contact support@tavily.com"}}); falling back

### [chemistry] Sarah Lee — Abilene Christian University (ratings=14, dept=Chemistry & Biochemistry, 5 course(s))
  - 'CHEM113': 'Sarah Lee Abilene Christian University CHEM113 course slides'
[search] tavily unavailable (tavily http 432: {"detail":{"error":"This request exceeds your plan's set usage limit. Please upgrade your plan or contact support@tavily.com"}}); falling back
  - 'CHEM114': 'Sarah Lee Abilene Christian University CHEM114 course slides'
[search] tavily unavailable (tavily http 432: {"detail":{"error":"This request exceeds your plan's set usage limit. Please upgrade your plan or contact support@tavily.com"}}); falling back
  - 'CHEM324': 'Sarah Lee Abilene Christian University CHEM324 course slides'
[search] tavily unavailable (tavily http 432: {"detail":{"error":"This request exceeds your plan's set usage limit. Please upgrade your plan or contact support@tavily.com"}}); falling back
  - 'CHEM454': 'Sarah Lee Abilene Christian University CHEM454 course slides'
[search] tavily unavailable (tavily http 432: {"detail":{"error":"This request exceeds your plan's set usage limit. Please upgrade your plan or contact support@tavily.com"}}); falling back
  - 'CHEM463': 'Sarah Lee Abilene Christian University CHEM463 course slides'
[search] tavily unavailable (tavily http 432: {"detail":{"error":"This request exceeds your plan's set usage limit. Please upgrade your plan or contact support@tavily.com"}}); falling back

### [chemistry] James Lockhart — Adelphi University (ratings=13, dept=Chemistry, 6 course(s))
  - 'CHE112': 'James Lockhart Adelphi University CHE112 course slides'
[search] tavily unavailable (tavily http 432: {"detail":{"error":"This request exceeds your plan's set usage limit. Please upgrade your plan or contact support@tavily.com"}}); falling back
  - 'CHE111': 'James Lockhart Adelphi University CHE111 course slides'
[search] tavily unavailable (tavily http 432: {"detail":{"error":"This request exceeds your plan's set usage limit. Please upgrade your plan or contact support@tavily.com"}}); falling back
  - 'CHEM109': 'James Lockhart Adelphi University CHEM109 course slides'
[search] tavily unavailable (tavily http 432: {"detail":{"error":"This request exceeds your plan's set usage limit. Please upgrade your plan or contact support@tavily.com"}}); falling back
  - 'CHEM111': 'James Lockhart Adelphi University CHEM111 course slides'
[search] tavily unavailable (tavily http 432: {"detail":{"error":"This request exceeds your plan's set usage limit. Please upgrade your plan or contact support@tavily.com"}}); falling back
  - 'CHE496': 'James Lockhart Adelphi University CHE496 course slides'
[search] tavily unavailable (tavily http 432: {"detail":{"error":"This request exceeds your plan's set usage limit. Please upgrade your plan or contact support@tavily.com"}}); falling back
  - 'CHEM112': 'James Lockhart Adelphi University CHEM112 course slides'
[search] tavily unavailable (tavily http 432: {"detail":{"error":"This request exceeds your plan's set usage limit. Please upgrade your plan or contact support@tavily.com"}}); falling back

### [chemistry] Monika Siepsiak — Adelphi University (ratings=13, dept=Chemistry, 2 course(s))
  - 'CHEM109': 'Monika Siepsiak Adelphi University CHEM109 course slides'
[search] tavily unavailable (tavily http 432: {"detail":{"error":"This request exceeds your plan's set usage limit. Please upgrade your plan or contact support@tavily.com"}}); falling back
  - 'CHE111': 'Monika Siepsiak Adelphi University CHE111 course slides'
[search] tavily unavailable (tavily http 432: {"detail":{"error":"This request exceeds your plan's set usage limit. Please upgrade your plan or contact support@tavily.com"}}); falling back

### [chemistry] Brian Stockman — Adelphi University (ratings=12, dept=Chemistry, 8 course(s))
  - 'BIOCH1': 'Brian Stockman Adelphi University BIOCH1 course slides'
[search] tavily unavailable (tavily http 432: {"detail":{"error":"This request exceeds your plan's set usage limit. Please upgrade your plan or contact support@tavily.com"}}); falling back
  - 'BIOCHEM1': 'Brian Stockman Adelphi University BIOCHEM1 course slides'
[search] tavily unavailable (tavily http 432: {"detail":{"error":"This request exceeds your plan's set usage limit. Please upgrade your plan or contact support@tavily.com"}}); falling back
  - 'CHEMLAB': 'Brian Stockman Adelphi University CHEMLAB course slides'
[search] tavily unavailable (tavily http 432: {"detail":{"error":"This request exceeds your plan's set usage limit. Please upgrade your plan or contact support@tavily.com"}}); falling back
  - 'LAB112': 'Brian Stockman Adelphi University LAB112 course slides'
[search] tavily unavailable (tavily http 432: {"detail":{"error":"This request exceeds your plan's set usage limit. Please upgrade your plan or contact support@tavily.com"}}); falling back
  - 'CHE253': 'Brian Stockman Adelphi University CHE253 course slides'
[search] tavily unavailable (tavily http 432: {"detail":{"error":"This request exceeds your plan's set usage limit. Please upgrade your plan or contact support@tavily.com"}}); falling back
  - 'CHEM111': 'Brian Stockman Adelphi University CHEM111 course slides'
[search] tavily unavailable (tavily http 432: {"detail":{"error":"This request exceeds your plan's set usage limit. Please upgrade your plan or contact support@tavily.com"}}); falling back
  - 'CHEM112': 'Brian Stockman Adelphi University CHEM112 course slides'
[search] tavily unavailable (tavily http 432: {"detail":{"error":"This request exceeds your plan's set usage limit. Please upgrade your plan or contact support@tavily.com"}}); falling back
  - 'CHEMLAB1': 'Brian Stockman Adelphi University CHEMLAB1 course slides'
[search] tavily unavailable (tavily http 432: {"detail":{"error":"This request exceeds your plan's set usage limit. Please upgrade your plan or contact support@tavily.com"}}); falling back

### [chemistry] Melissa Van Alstine-Parris — Adelphi University (ratings=12, dept=Chemistry, 4 course(s))
  - '111': 'Melissa Van Alstine-Parris Adelphi University 111 course slides'
[search] tavily unavailable (tavily http 432: {"detail":{"error":"This request exceeds your plan's set usage limit. Please upgrade your plan or contact support@tavily.com"}}); falling back
  - 'CHE251': 'Melissa Van Alstine-Parris Adelphi University CHE251 course slides'
[search] tavily unavailable (tavily http 432: {"detail":{"error":"This request exceeds your plan's set usage limit. Please upgrade your plan or contact support@tavily.com"}}); falling back
  - '109': 'Melissa Van Alstine-Parris Adelphi University 109 course slides'
[search] tavily unavailable (tavily http 432: {"detail":{"error":"This request exceeds your plan's set usage limit. Please upgrade your plan or contact support@tavily.com"}}); falling back
  - 'CHE109LAB': 'Melissa Van Alstine-Parris Adelphi University CHE109LAB course slides'
[search] tavily unavailable (tavily http 432: {"detail":{"error":"This request exceeds your plan's set usage limit. Please upgrade your plan or contact support@tavily.com"}}); falling back

### [chemistry] Nava Shochet — Adelphi University (ratings=12, dept=Chemistry, 7 course(s))
  - 'CHEM109': 'Nava Shochet Adelphi University CHEM109 course slides'
[search] tavily unavailable (tavily http 432: {"detail":{"error":"This request exceeds your plan's set usage limit. Please upgrade your plan or contact support@tavily.com"}}); falling back
  - 'C101': 'Nava Shochet Adelphi University C101 course slides'
[search] tavily unavailable (tavily http 432: {"detail":{"error":"This request exceeds your plan's set usage limit. Please upgrade your plan or contact support@tavily.com"}}); falling back
  - 'CHE253': 'Nava Shochet Adelphi University CHE253 course slides'
[search] tavily unavailable (tavily http 432: {"detail":{"error":"This request exceeds your plan's set usage limit. Please upgrade your plan or contact support@tavily.com"}}); falling back
  - 'CHEM101': 'Nava Shochet Adelphi University CHEM101 course slides'
[search] tavily unavailable (tavily http 432: {"detail":{"error":"This request exceeds your plan's set usage limit. Please upgrade your plan or contact support@tavily.com"}}); falling back
  - 'CHEM200': 'Nava Shochet Adelphi University CHEM200 course slides'
[search] tavily unavailable (tavily http 432: {"detail":{"error":"This request exceeds your plan's set usage limit. Please upgrade your plan or contact support@tavily.com"}}); falling back
  - 'CHEMMOD': 'Nava Shochet Adelphi University CHEMMOD course slides'
[search] tavily unavailable (tavily http 432: {"detail":{"error":"This request exceeds your plan's set usage limit. Please upgrade your plan or contact support@tavily.com"}}); falling back
  - 'ORGOILAB': 'Nava Shochet Adelphi University ORGOILAB course slides'
[search] tavily unavailable (tavily http 432: {"detail":{"error":"This request exceeds your plan's set usage limit. Please upgrade your plan or contact support@tavily.com"}}); falling back

### [chemistry] Susan Ludeman — Albany College of Pharmacy and Health Sciences (ratings=12, dept=Chemistry, 2 course(s))
  - 'OCHEM200': 'Susan Ludeman Albany College of Pharmacy and Health Sciences OCHEM200 course slides'
[search] tavily unavailable (tavily http 432: {"detail":{"error":"This request exceeds your plan's set usage limit. Please upgrade your plan or contact support@tavily.com"}}); falling back
  - 'CHE523G': 'Susan Ludeman Albany College of Pharmacy and Health Sciences CHE523G course slides'
[search] tavily unavailable (tavily http 432: {"detail":{"error":"This request exceeds your plan's set usage limit. Please upgrade your plan or contact support@tavily.com"}}); falling back

### [chemistry] Trent Gemmill — Albany College of Pharmacy and Health Sciences (ratings=12, dept=Chemistry, 3 course(s))
  - 'CHE211LAB': 'Trent Gemmill Albany College of Pharmacy and Health Sciences CHE211LAB course slides'
[search] tavily unavailable (tavily http 432: {"detail":{"error":"This request exceeds your plan's set usage limit. Please upgrade your plan or contact support@tavily.com"}}); falling back
  - 'CHE221': 'Trent Gemmill Albany College of Pharmacy and Health Sciences CHE221 course slides'
[search] tavily unavailable (tavily http 432: {"detail":{"error":"This request exceeds your plan's set usage limit. Please upgrade your plan or contact support@tavily.com"}}); falling back
      1 link(s) @ https://www.acphs.edu/wp-content/uploads/2025/08/ACPHS-2020-21-College-Catalog.pdf  (run=0, sequential=False)
  - 'ORGANICLAB': 'Trent Gemmill Albany College of Pharmacy and Health Sciences ORGANICLAB course slides'
[search] tavily unavailable (tavily http 432: {"detail":{"error":"This request exceeds your plan's set usage limit. Please upgrade your plan or contact support@tavily.com"}}); falling back

### [chemistry] John Thurston — College of Idaho (ratings=11, dept=Chemistry, 3 course(s))
  - 'CHE141': 'John Thurston College of Idaho CHE141 course slides'
[search] tavily unavailable (tavily http 432: {"detail":{"error":"This request exceeds your plan's set usage limit. Please upgrade your plan or contact support@tavily.com"}}); falling back
  - 'CHEM141': 'John Thurston College of Idaho CHEM141 course slides'
[search] tavily unavailable (tavily http 432: {"detail":{"error":"This request exceeds your plan's set usage limit. Please upgrade your plan or contact support@tavily.com"}}); falling back
  - 'CHEM112': 'John Thurston College of Idaho CHEM112 course slides'
[search] tavily unavailable (tavily http 432: {"detail":{"error":"This request exceeds your plan's set usage limit. Please upgrade your plan or contact support@tavily.com"}}); falling back

### [chemistry] Lilia Harvey — Agnes Scott College (ratings=11, dept=Chemistry, 8 course(s))
  - 'CHE201': 'Lilia Harvey Agnes Scott College CHE201 course slides'
[search] tavily unavailable (tavily http 432: {"detail":{"error":"This request exceeds your plan's set usage limit. Please upgrade your plan or contact support@tavily.com"}}); falling back
  - 'CHEM201': 'Lilia Harvey Agnes Scott College CHEM201 course slides'
[search] tavily unavailable (tavily http 432: {"detail":{"error":"This request exceeds your plan's set usage limit. Please upgrade your plan or contact support@tavily.com"}}); falling back
  - 'CHE202': 'Lilia Harvey Agnes Scott College CHE202 course slides'
[search] tavily unavailable (tavily http 432: {"detail":{"error":"This request exceeds your plan's set usage limit. Please upgrade your plan or contact support@tavily.com"}}); falling back
  - 'CHE240': 'Lilia Harvey Agnes Scott College CHE240 course slides'
[search] tavily unavailable (tavily http 432: {"detail":{"error":"This request exceeds your plan's set usage limit. Please upgrade your plan or contact support@tavily.com"}}); falling back
  - 'CHE340': 'Lilia Harvey Agnes Scott College CHE340 course slides'
[search] tavily unavailable (tavily http 432: {"detail":{"error":"This request exceeds your plan's set usage limit. Please upgrade your plan or contact support@tavily.com"}}); falling back
  - 'CHEM20102': 'Lilia Harvey Agnes Scott College CHEM20102 course slides'
[search] tavily unavailable (tavily http 432: {"detail":{"error":"This request exceeds your plan's set usage limit. Please upgrade your plan or contact support@tavily.com"}}); falling back
  - 'CHEM202': 'Lilia Harvey Agnes Scott College CHEM202 course slides'
[search] tavily unavailable (tavily http 432: {"detail":{"error":"This request exceeds your plan's set usage limit. Please upgrade your plan or contact support@tavily.com"}}); falling back
  - 'FYS100': 'Lilia Harvey Agnes Scott College FYS100 course slides'
[search] tavily unavailable (tavily http 432: {"detail":{"error":"This request exceeds your plan's set usage limit. Please upgrade your plan or contact support@tavily.com"}}); falling back

### [chemistry] Paul Okweye — Alabama A&M University (ratings=11, dept=Chemistry, 2 course(s))
  - 'Che101L': 'Paul Okweye Alabama A&M University Che101L course slides'
[search] tavily unavailable (tavily http 432: {"detail":{"error":"This request exceeds your plan's set usage limit. Please upgrade your plan or contact support@tavily.com"}}); falling back
  - 'CHE101': 'Paul Okweye Alabama A&M University CHE101 course slides'
[search] tavily unavailable (tavily http 432: {"detail":{"error":"This request exceeds your plan's set usage limit. Please upgrade your plan or contact support@tavily.com"}}); falling back

### [chemistry] Stephen Freedman — Adelphi University (ratings=11, dept=Chemistry, 2 course(s))
  - 'CHEM109': 'Stephen Freedman Adelphi University CHEM109 course slides'
[search] tavily unavailable (tavily http 432: {"detail":{"error":"This request exceeds your plan's set usage limit. Please upgrade your plan or contact support@tavily.com"}}); falling back
  - 'CHEM205': 'Stephen Freedman Adelphi University CHEM205 course slides'
[search] tavily unavailable (tavily http 432: {"detail":{"error":"This request exceeds your plan's set usage limit. Please upgrade your plan or contact support@tavily.com"}}); falling back

### [chemistry] West Miller — Adelphi University (ratings=11, dept=Chemistry, 1 course(s))
  - 'Chem109': 'West Miller Adelphi University Chem109 course slides'
[search] tavily unavailable (tavily http 432: {"detail":{"error":"This request exceeds your plan's set usage limit. Please upgrade your plan or contact support@tavily.com"}}); falling back

### [chemistry] Yakini Brandy — Agnes Scott College (ratings=11, dept=Chemistry, 4 course(s))
  - 'CHE240': 'Yakini Brandy Agnes Scott College CHE240 course slides'
[search] tavily unavailable (tavily http 432: {"detail":{"error":"This request exceeds your plan's set usage limit. Please upgrade your plan or contact support@tavily.com"}}); falling back
  - 'CHE340': 'Yakini Brandy Agnes Scott College CHE340 course slides'
[search] tavily unavailable (tavily http 432: {"detail":{"error":"This request exceeds your plan's set usage limit. Please upgrade your plan or contact support@tavily.com"}}); falling back
  - 'CHEM240': 'Yakini Brandy Agnes Scott College CHEM240 course slides'
[search] tavily unavailable (tavily http 432: {"detail":{"error":"This request exceeds your plan's set usage limit. Please upgrade your plan or contact support@tavily.com"}}); falling back
  - 'LDR101': 'Yakini Brandy Agnes Scott College LDR101 course slides'
[search] tavily unavailable (tavily http 432: {"detail":{"error":"This request exceeds your plan's set usage limit. Please upgrade your plan or contact support@tavily.com"}}); falling back

### [chemistry] Christopher Cioffi — Albany College of Pharmacy and Health Sciences (ratings=10, dept=Chemistry, 7 course(s))
  - 'CHE211': 'Christopher Cioffi Albany College of Pharmacy and Health Sciences CHE211 course slides'
[search] tavily unavailable (tavily http 432: {"detail":{"error":"This request exceeds your plan's set usage limit. Please upgrade your plan or contact support@tavily.com"}}); falling back
  - 'PSC369': 'Christopher Cioffi Albany College of Pharmacy and Health Sciences PSC369 course slides'
[search] tavily unavailable (tavily http 432: {"detail":{"error":"This request exceeds your plan's set usage limit. Please upgrade your plan or contact support@tavily.com"}}); falling back
  - 'CHE201': 'Christopher Cioffi Albany College of Pharmacy and Health Sciences CHE201 course slides'
[search] tavily unavailable (tavily http 432: {"detail":{"error":"This request exceeds your plan's set usage limit. Please upgrade your plan or contact support@tavily.com"}}); falling back
  - 'CHE212': 'Christopher Cioffi Albany College of Pharmacy and Health Sciences CHE212 course slides'
[search] tavily unavailable (tavily http 432: {"detail":{"error":"This request exceeds your plan's set usage limit. Please upgrade your plan or contact support@tavily.com"}}); falling back
  - 'MFDA101': 'Christopher Cioffi Albany College of Pharmacy and Health Sciences MFDA101 course slides'
[search] tavily unavailable (tavily http 432: {"detail":{"error":"This request exceeds your plan's set usage limit. Please upgrade your plan or contact support@tavily.com"}}); falling back
  - 'OCHEM211': 'Christopher Cioffi Albany College of Pharmacy and Health Sciences OCHEM211 course slides'
[search] tavily unavailable (tavily http 432: {"detail":{"error":"This request exceeds your plan's set usage limit. Please upgrade your plan or contact support@tavily.com"}}); falling back
  - 'ORGANIC101': 'Christopher Cioffi Albany College of Pharmacy and Health Sciences ORGANIC101 course slides'
[search] tavily unavailable (tavily http 432: {"detail":{"error":"This request exceeds your plan's set usage limit. Please upgrade your plan or contact support@tavily.com"}}); falling back

### [chemistry] Dr. Clark — Albany College of Pharmacy and Health Sciences (ratings=10, dept=Chemistry, 7 course(s))
  - 'CHE101': 'Dr. Clark Albany College of Pharmacy and Health Sciences CHE101 course slides'
[search] tavily unavailable (tavily http 432: {"detail":{"error":"This request exceeds your plan's set usage limit. Please upgrade your plan or contact support@tavily.com"}}); falling back
  - 'CHEM1': 'Dr. Clark Albany College of Pharmacy and Health Sciences CHEM1 course slides'
[search] tavily unavailable (tavily http 432: {"detail":{"error":"This request exceeds your plan's set usage limit. Please upgrade your plan or contact support@tavily.com"}}); falling back
  - 'BIO101': 'Dr. Clark Albany College of Pharmacy and Health Sciences BIO101 course slides'
[search] tavily unavailable (tavily http 432: {"detail":{"error":"This request exceeds your plan's set usage limit. Please upgrade your plan or contact support@tavily.com"}}); falling back
  - 'CHEM101': 'Dr. Clark Albany College of Pharmacy and Health Sciences CHEM101 course slides'
[search] tavily unavailable (tavily http 432: {"detail":{"error":"This request exceeds your plan's set usage limit. Please upgrade your plan or contact support@tavily.com"}}); falling back
  - 'CHEM201': 'Dr. Clark Albany College of Pharmacy and Health Sciences CHEM201 course slides'
[search] tavily unavailable (tavily http 432: {"detail":{"error":"This request exceeds your plan's set usage limit. Please upgrade your plan or contact support@tavily.com"}}); falling back
  - 'CHENM111': 'Dr. Clark Albany College of Pharmacy and Health Sciences CHENM111 course slides'
[search] tavily unavailable (tavily http 432: {"detail":{"error":"This request exceeds your plan's set usage limit. Please upgrade your plan or contact support@tavily.com"}}); falling back
  - 'GENERALCHEMSTI': 'Dr. Clark Albany College of Pharmacy and Health Sciences GENERALCHEMSTI course slides'
[search] tavily unavailable (tavily http 432: {"detail":{"error":"This request exceeds your plan's set usage limit. Please upgrade your plan or contact support@tavily.com"}}); falling back

### [chemistry] Kaushalya  Dahal — Abraham Baldwin Agricultural College (ratings=10, dept=Chemistry, 1 course(s))
  - 'Chem1211': 'Kaushalya Dahal Abraham Baldwin Agricultural College Chem1211 course slides'
[search] tavily unavailable (tavily http 432: {"detail":{"error":"This request exceeds your plan's set usage limit. Please upgrade your plan or contact support@tavily.com"}}); falling back

### [chemistry] Maria Nagan — Adelphi University (ratings=10, dept=Chemistry, 4 course(s))
  - 'CHE111': 'Maria Nagan Adelphi University CHE111 course slides'
[search] tavily unavailable (tavily http 432: {"detail":{"error":"This request exceeds your plan's set usage limit. Please upgrade your plan or contact support@tavily.com"}}); falling back
  - 'CHEM111': 'Maria Nagan Adelphi University CHEM111 course slides'
[search] tavily unavailable (tavily http 432: {"detail":{"error":"This request exceeds your plan's set usage limit. Please upgrade your plan or contact support@tavily.com"}}); falling back
  - 'CHE132': 'Maria Nagan Adelphi University CHE132 course slides'
[search] tavily unavailable (tavily http 432: {"detail":{"error":"This request exceeds your plan's set usage limit. Please upgrade your plan or contact support@tavily.com"}}); falling back
  - 'CHEMISTRY': 'Maria Nagan Adelphi University CHEMISTRY course slides'
[search] tavily unavailable (tavily http 432: {"detail":{"error":"This request exceeds your plan's set usage limit. Please upgrade your plan or contact support@tavily.com"}}); falling back

### [chemistry] Mi-Sun Kim — Agnes Scott College (ratings=10, dept=Chemistry, 3 course(s))
  - 'CHE305': 'Mi-Sun Kim Agnes Scott College CHE305 course slides'
[search] tavily unavailable (tavily http 432: {"detail":{"error":"This request exceeds your plan's set usage limit. Please upgrade your plan or contact support@tavily.com"}}); falling back
  - 'CHE150L': 'Mi-Sun Kim Agnes Scott College CHE150L course slides'
[search] tavily unavailable (tavily http 432: {"detail":{"error":"This request exceeds your plan's set usage limit. Please upgrade your plan or contact support@tavily.com"}}); falling back
  - 'MDS632': 'Mi-Sun Kim Agnes Scott College MDS632 course slides'
[search] tavily unavailable (tavily http 432: {"detail":{"error":"This request exceeds your plan's set usage limit. Please upgrade your plan or contact support@tavily.com"}}); falling back

### [chemistry] Reuben Rudman — Adelphi University (ratings=10, dept=Chemistry, 6 course(s))
  - 'CHEM111': 'Reuben Rudman Adelphi University CHEM111 course slides'
[search] tavily unavailable (tavily http 432: {"detail":{"error":"This request exceeds your plan's set usage limit. Please upgrade your plan or contact support@tavily.com"}}); falling back
  - 'CH11': 'Reuben Rudman Adelphi University CH11 course slides'
[search] tavily unavailable (tavily http 432: {"detail":{"error":"This request exceeds your plan's set usage limit. Please upgrade your plan or contact support@tavily.com"}}); falling back
  - 'CHEM102': 'Reuben Rudman Adelphi University CHEM102 course slides'
[search] tavily unavailable (tavily http 432: {"detail":{"error":"This request exceeds your plan's set usage limit. Please upgrade your plan or contact support@tavily.com"}}); falling back
  - 'MODCHEM': 'Reuben Rudman Adelphi University MODCHEM course slides'
[search] tavily unavailable (tavily http 432: {"detail":{"error":"This request exceeds your plan's set usage limit. Please upgrade your plan or contact support@tavily.com"}}); falling back
  - 'PCHEM500': 'Reuben Rudman Adelphi University PCHEM500 course slides'
[search] tavily unavailable (tavily http 432: {"detail":{"error":"This request exceeds your plan's set usage limit. Please upgrade your plan or contact support@tavily.com"}}); falling back
  - 'CHEMIC': 'Reuben Rudman Adelphi University CHEMIC course slides'
[search] tavily unavailable (tavily http 432: {"detail":{"error":"This request exceeds your plan's set usage limit. Please upgrade your plan or contact support@tavily.com"}}); falling back

### [chemistry] Richard Mason — Albany State University (ratings=10, dept=Chemistry, 4 course(s))
  - 'CHEM1211': 'Richard Mason Albany State University CHEM1211 course slides'
[search] tavily unavailable (tavily http 432: {"detail":{"error":"This request exceeds your plan's set usage limit. Please upgrade your plan or contact support@tavily.com"}}); falling back
  - 'CHEM2301': 'Richard Mason Albany State University CHEM2301 course slides'
[search] tavily unavailable (tavily http 432: {"detail":{"error":"This request exceeds your plan's set usage limit. Please upgrade your plan or contact support@tavily.com"}}); falling back
  - 'CHEM1101': 'Richard Mason Albany State University CHEM1101 course slides'
[search] tavily unavailable (tavily http 432: {"detail":{"error":"This request exceeds your plan's set usage limit. Please upgrade your plan or contact support@tavily.com"}}); falling back
  - 'CHEM1212': 'Richard Mason Albany State University CHEM1212 course slides'
[search] tavily unavailable (tavily http 432: {"detail":{"error":"This request exceeds your plan's set usage limit. Please upgrade your plan or contact support@tavily.com"}}); falling back
      1 link(s) @ https://spots.augusta.edu/smyers1/Chemistry1212/CHEM 1212 study guide Fa17.pdf  (run=0, sequential=False)

### [chemistry] Gary Mabry — Abilene Christian University (ratings=9, dept=Chemistry  Biochemistry, 4 course(s))
  - 'CHEM113': 'Gary Mabry Abilene Christian University CHEM113 course slides'
[search] tavily unavailable (tavily http 432: {"detail":{"error":"This request exceeds your plan's set usage limit. Please upgrade your plan or contact support@tavily.com"}}); falling back
  - 'CHEM101': 'Gary Mabry Abilene Christian University CHEM101 course slides'
[search] tavily unavailable (tavily http 432: {"detail":{"error":"This request exceeds your plan's set usage limit. Please upgrade your plan or contact support@tavily.com"}}); falling back
  - 'CHEM203': 'Gary Mabry Abilene Christian University CHEM203 course slides'
[search] tavily unavailable (tavily http 432: {"detail":{"error":"This request exceeds your plan's set usage limit. Please upgrade your plan or contact support@tavily.com"}}); falling back
  - 'CHEM213': 'Gary Mabry Abilene Christian University CHEM213 course slides'
[search] tavily unavailable (tavily http 432: {"detail":{"error":"This request exceeds your plan's set usage limit. Please upgrade your plan or contact support@tavily.com"}}); falling back

### [chemistry] Aaron Robison — Abilene Christian University (ratings=8, dept=Chemistry  Biochemistry, 3 course(s))
  - 'CHEM113': 'Aaron Robison Abilene Christian University CHEM113 course slides'
[search] tavily unavailable (tavily http 432: {"detail":{"error":"This request exceeds your plan's set usage limit. Please upgrade your plan or contact support@tavily.com"}}); falling back
  - 'CHEM333': 'Aaron Robison Abilene Christian University CHEM333 course slides'
[search] tavily unavailable (tavily http 432: {"detail":{"error":"This request exceeds your plan's set usage limit. Please upgrade your plan or contact support@tavily.com"}}); falling back
  - 'CHEM134': 'Aaron Robison Abilene Christian University CHEM134 course slides'
[search] tavily unavailable (tavily http 432: {"detail":{"error":"This request exceeds your plan's set usage limit. Please upgrade your plan or contact support@tavily.com"}}); falling back

### [chemistry] Andrew Lichtman — Adelphi University (ratings=8, dept=Chemistry, 3 course(s))
  - 'ORGOLAB': 'Andrew Lichtman Adelphi University ORGOLAB course slides'
[search] tavily unavailable (tavily http 432: {"detail":{"error":"This request exceeds your plan's set usage limit. Please upgrade your plan or contact support@tavily.com"}}); falling back
  - 'CHE253': 'Andrew Lichtman Adelphi University CHE253 course slides'
[search] tavily unavailable (tavily http 432: {"detail":{"error":"This request exceeds your plan's set usage limit. Please upgrade your plan or contact support@tavily.com"}}); falling back
  - 'CHEM221': 'Andrew Lichtman Adelphi University CHEM221 course slides'
[search] tavily unavailable (tavily http 432: {"detail":{"error":"This request exceeds your plan's set usage limit. Please upgrade your plan or contact support@tavily.com"}}); falling back

### [chemistry] Douglas Fantz — Agnes Scott College (ratings=8, dept=Chemistry, 5 course(s))
  - 'CHE300': 'Douglas Fantz Agnes Scott College CHE300 course slides'
[search] tavily unavailable (tavily http 432: {"detail":{"error":"This request exceeds your plan's set usage limit. Please upgrade your plan or contact support@tavily.com"}}); falling back
  - 'FYS190': 'Douglas Fantz Agnes Scott College FYS190 course slides'
[search] tavily unavailable (tavily http 432: {"detail":{"error":"This request exceeds your plan's set usage limit. Please upgrade your plan or contact support@tavily.com"}}); falling back
  - '202L': 'Douglas Fantz Agnes Scott College 202L course slides'
[search] tavily unavailable (tavily http 432: {"detail":{"error":"This request exceeds your plan's set usage limit. Please upgrade your plan or contact support@tavily.com"}}); falling back
  - 'CHE150': 'Douglas Fantz Agnes Scott College CHE150 course slides'
[search] tavily unavailable (tavily http 432: {"detail":{"error":"This request exceeds your plan's set usage limit. Please upgrade your plan or contact support@tavily.com"}}); falling back
  - 'ORGANICCHEM202': 'Douglas Fantz Agnes Scott College ORGANICCHEM202 course slides'
[search] tavily unavailable (tavily http 432: {"detail":{"error":"This request exceeds your plan's set usage limit. Please upgrade your plan or contact support@tavily.com"}}); falling back

### [chemistry] Lisa de la Bastide — Adelphi University (ratings=8, dept=Chemistry, 2 course(s))
  - 'CHEM109': 'Lisa de la Bastide Adelphi University CHEM109 course slides'
[search] tavily unavailable (tavily http 432: {"detail":{"error":"This request exceeds your plan's set usage limit. Please upgrade your plan or contact support@tavily.com"}}); falling back
  - 'CHE109': 'Lisa de la Bastide Adelphi University CHE109 course slides'
[search] tavily unavailable (tavily http 432: {"detail":{"error":"This request exceeds your plan's set usage limit. Please upgrade your plan or contact support@tavily.com"}}); falling back

### [chemistry] Michael Parris — Adelphi University (ratings=8, dept=Chemistry, 3 course(s))
  - 'CHEM109': 'Michael Parris Adelphi University CHEM109 course slides'
[search] tavily unavailable (tavily http 432: {"detail":{"error":"This request exceeds your plan's set usage limit. Please upgrade your plan or contact support@tavily.com"}}); falling back
  - 'CHEMNURS': 'Michael Parris Adelphi University CHEMNURS course slides'
[search] tavily unavailable (tavily http 432: {"detail":{"error":"This request exceeds your plan's set usage limit. Please upgrade your plan or contact support@tavily.com"}}); falling back
  - 'NURCHEM': 'Michael Parris Adelphi University NURCHEM course slides'
[search] tavily unavailable (tavily http 432: {"detail":{"error":"This request exceeds your plan's set usage limit. Please upgrade your plan or contact support@tavily.com"}}); falling back

### [chemistry] Scott Truksa — College of Idaho (ratings=8, dept=Chemistry, 6 course(s))
  - 'CHE301': 'Scott Truksa College of Idaho CHE301 course slides'
[search] tavily unavailable (tavily http 432: {"detail":{"error":"This request exceeds your plan's set usage limit. Please upgrade your plan or contact support@tavily.com"}}); falling back
  - 'A12': 'Scott Truksa College of Idaho A12 course slides'
[search] tavily unavailable (tavily http 432: {"detail":{"error":"This request exceeds your plan's set usage limit. Please upgrade your plan or contact support@tavily.com"}}); falling back
  - 'CHE341': 'Scott Truksa College of Idaho CHE341 course slides'
[search] tavily unavailable (tavily http 432: {"detail":{"error":"This request exceeds your plan's set usage limit. Please upgrade your plan or contact support@tavily.com"}}); falling back
  - 'CHEM101': 'Scott Truksa College of Idaho CHEM101 course slides'
[search] tavily unavailable (tavily http 432: {"detail":{"error":"This request exceeds your plan's set usage limit. Please upgrade your plan or contact support@tavily.com"}}); falling back
  - 'CHEM301': 'Scott Truksa College of Idaho CHEM301 course slides'
[search] tavily unavailable (tavily http 432: {"detail":{"error":"This request exceeds your plan's set usage limit. Please upgrade your plan or contact support@tavily.com"}}); falling back
  - 'OCHEM': 'Scott Truksa College of Idaho OCHEM course slides'
[search] tavily unavailable (tavily http 432: {"detail":{"error":"This request exceeds your plan's set usage limit. Please upgrade your plan or contact support@tavily.com"}}); falling back

### [chemistry] Sunanda Sukumar — Albany College of Pharmacy and Health Sciences (ratings=8, dept=Chemistry, 5 course(s))
  - 'CHEM111': 'Sunanda Sukumar Albany College of Pharmacy and Health Sciences CHEM111 course slides'
[search] tavily unavailable (tavily http 432: {"detail":{"error":"This request exceeds your plan's set usage limit. Please upgrade your plan or contact support@tavily.com"}}); falling back
  - 'CHEMLAB': 'Sunanda Sukumar Albany College of Pharmacy and Health Sciences CHEMLAB course slides'
[search] tavily unavailable (tavily http 432: {"detail":{"error":"This request exceeds your plan's set usage limit. Please upgrade your plan or contact support@tavily.com"}}); falling back
  - 'CHEM001': 'Sunanda Sukumar Albany College of Pharmacy and Health Sciences CHEM001 course slides'
[search] tavily unavailable (tavily http 432: {"detail":{"error":"This request exceeds your plan's set usage limit. Please upgrade your plan or contact support@tavily.com"}}); falling back
  - 'CHEM121': 'Sunanda Sukumar Albany College of Pharmacy and Health Sciences CHEM121 course slides'
[search] tavily unavailable (tavily http 432: {"detail":{"error":"This request exceeds your plan's set usage limit. Please upgrade your plan or contact support@tavily.com"}}); falling back
  - 'CHLAB101': 'Sunanda Sukumar Albany College of Pharmacy and Health Sciences CHLAB101 course slides'
[search] tavily unavailable (tavily http 432: {"detail":{"error":"This request exceeds your plan's set usage limit. Please upgrade your plan or contact support@tavily.com"}}); falling back

### [chemistry] Gib Nelson — College of Idaho (ratings=7, dept=Chemistry, 5 course(s))
  - 'CHE141': 'Gib Nelson College of Idaho CHE141 course slides'
[search] tavily unavailable (tavily http 432: {"detail":{"error":"This request exceeds your plan's set usage limit. Please upgrade your plan or contact support@tavily.com"}}); falling back
  - 'CHE125': 'Gib Nelson College of Idaho CHE125 course slides'
[search] tavily unavailable (tavily http 432: {"detail":{"error":"This request exceeds your plan's set usage limit. Please upgrade your plan or contact support@tavily.com"}}); falling back
  - 'CHE242': 'Gib Nelson College of Idaho CHE242 course slides'
[search] tavily unavailable (tavily http 432: {"detail":{"error":"This request exceeds your plan's set usage limit. Please upgrade your plan or contact support@tavily.com"}}); falling back
  - 'CHE301': 'Gib Nelson College of Idaho CHE301 course slides'
[search] tavily unavailable (tavily http 432: {"detail":{"error":"This request exceeds your plan's set usage limit. Please upgrade your plan or contact support@tavily.com"}}); falling back
  - 'ENV160L': 'Gib Nelson College of Idaho ENV160L course slides'
[search] tavily unavailable (tavily http 432: {"detail":{"error":"This request exceeds your plan's set usage limit. Please upgrade your plan or contact support@tavily.com"}}); falling back

### [chemistry] Kim Pamplin — Abilene Christian University (ratings=7, dept=Chemistry & Biochemistry, 4 course(s))
  - 'CHEM112': 'Kim Pamplin Abilene Christian University CHEM112 course slides'
[search] tavily unavailable (tavily http 432: {"detail":{"error":"This request exceeds your plan's set usage limit. Please upgrade your plan or contact support@tavily.com"}}); falling back
  - 'CHEM111': 'Kim Pamplin Abilene Christian University CHEM111 course slides'
[search] tavily unavailable (tavily http 432: {"detail":{"error":"This request exceeds your plan's set usage limit. Please upgrade your plan or contact support@tavily.com"}}); falling back
  - 'CHEM355': 'Kim Pamplin Abilene Christian University CHEM355 course slides'
[search] tavily unavailable (tavily http 432: {"detail":{"error":"This request exceeds your plan's set usage limit. Please upgrade your plan or contact support@tavily.com"}}); falling back
  - 'CHEM356': 'Kim Pamplin Abilene Christian University CHEM356 course slides'
[search] tavily unavailable (tavily http 432: {"detail":{"error":"This request exceeds your plan's set usage limit. Please upgrade your plan or contact support@tavily.com"}}); falling back

### [chemistry] Linda Lettko — Albany College of Pharmacy and Health Sciences (ratings=7, dept=Chemistry, 3 course(s))
  - 'CHE101': 'Linda Lettko Albany College of Pharmacy and Health Sciences CHE101 course slides'
[search] tavily unavailable (tavily http 432: {"detail":{"error":"This request exceeds your plan's set usage limit. Please upgrade your plan or contact support@tavily.com"}}); falling back
  - 'BIO101': 'Linda Lettko Albany College of Pharmacy and Health Sciences BIO101 course slides'
[search] tavily unavailable (tavily http 432: {"detail":{"error":"This request exceeds your plan's set usage limit. Please upgrade your plan or contact support@tavily.com"}}); falling back
  - 'CHEM101': 'Linda Lettko Albany College of Pharmacy and Health Sciences CHEM101 course slides'
[search] tavily unavailable (tavily http 432: {"detail":{"error":"This request exceeds your plan's set usage limit. Please upgrade your plan or contact support@tavily.com"}}); falling back

### [chemistry] Mattias Nyitray — Adelphi University (ratings=7, dept=Chemistry, 1 course(s))
  - 'Chem111Recitati': 'Mattias Nyitray Adelphi University Chem111Recitati course slides'
[search] tavily unavailable (tavily http 432: {"detail":{"error":"This request exceeds your plan's set usage limit. Please upgrade your plan or contact support@tavily.com"}}); falling back

### [chemistry] Arcadius Krivoshein — Albany College of Pharmacy and Health Sciences (ratings=6, dept=Chemistry, 3 course(s))
  - 'BIOTECHNOLOGY': 'Arcadius Krivoshein Albany College of Pharmacy and Health Sciences BIOTECHNOLOGY course slides'
[search] tavily unavailable (tavily http 432: {"detail":{"error":"This request exceeds your plan's set usage limit. Please upgrade your plan or contact support@tavily.com"}}); falling back
  - 'CHEM101': 'Arcadius Krivoshein Albany College of Pharmacy and Health Sciences CHEM101 course slides'
[search] tavily unavailable (tavily http 432: {"detail":{"error":"This request exceeds your plan's set usage limit. Please upgrade your plan or contact support@tavily.com"}}); falling back
  - 'LAB1111': 'Arcadius Krivoshein Albany College of Pharmacy and Health Sciences LAB1111 course slides'
[search] tavily unavailable (tavily http 432: {"detail":{"error":"This request exceeds your plan's set usage limit. Please upgrade your plan or contact support@tavily.com"}}); falling back

### [chemistry] D Boyd — Adelphi University (ratings=6, dept=Chemistry, 6 course(s))
  - 'CHEM108': 'D Boyd Adelphi University CHEM108 course slides'
[search] tavily unavailable (tavily http 432: {"detail":{"error":"This request exceeds your plan's set usage limit. Please upgrade your plan or contact support@tavily.com"}}); falling back
  - 'CHEM111LAB': 'D Boyd Adelphi University CHEM111LAB course slides'
[search] tavily unavailable (tavily http 432: {"detail":{"error":"This request exceeds your plan's set usage limit. Please upgrade your plan or contact support@tavily.com"}}); falling back
  - 'CHEM253': 'D Boyd Adelphi University CHEM253 course slides'
[search] tavily unavailable (tavily http 432: {"detail":{"error":"This request exceeds your plan's set usage limit. Please upgrade your plan or contact support@tavily.com"}}); falling back
  - 'CHEMLAB': 'D Boyd Adelphi University CHEMLAB course slides'
[search] tavily unavailable (tavily http 432: {"detail":{"error":"This request exceeds your plan's set usage limit. Please upgrade your plan or contact support@tavily.com"}}); falling back
  - 'ORGLAB': 'D Boyd Adelphi University ORGLAB course slides'
[search] tavily unavailable (tavily http 432: {"detail":{"error":"This request exceeds your plan's set usage limit. Please upgrade your plan or contact support@tavily.com"}}); falling back
  - 'ORGOLAB': 'D Boyd Adelphi University ORGOLAB course slides'
[search] tavily unavailable (tavily http 432: {"detail":{"error":"This request exceeds your plan's set usage limit. Please upgrade your plan or contact support@tavily.com"}}); falling back

### [chemistry] Daniele Leonard — Albany College of Pharmacy and Health Sciences (ratings=6, dept=Chemistry, 3 course(s))
  - 'CHEM111': 'Daniele Leonard Albany College of Pharmacy and Health Sciences CHEM111 course slides'
[search] tavily unavailable (tavily http 432: {"detail":{"error":"This request exceeds your plan's set usage limit. Please upgrade your plan or contact support@tavily.com"}}); falling back
  - 'CHE111': 'Daniele Leonard Albany College of Pharmacy and Health Sciences CHE111 course slides'
[search] tavily unavailable (tavily http 432: {"detail":{"error":"This request exceeds your plan's set usage limit. Please upgrade your plan or contact support@tavily.com"}}); falling back
  - 'CHEMLAB111': 'Daniele Leonard Albany College of Pharmacy and Health Sciences CHEMLAB111 course slides'
[search] tavily unavailable (tavily http 432: {"detail":{"error":"This request exceeds your plan's set usage limit. Please upgrade your plan or contact support@tavily.com"}}); falling back

### [chemistry] Donald Opalecky — Adelphi University (ratings=6, dept=Chemistry, 4 course(s))
  - 'CHEM111': 'Donald Opalecky Adelphi University CHEM111 course slides'
[search] tavily unavailable (tavily http 432: {"detail":{"error":"This request exceeds your plan's set usage limit. Please upgrade your plan or contact support@tavily.com"}}); falling back
  - 'CHEM101': 'Donald Opalecky Adelphi University CHEM101 course slides'
[search] tavily unavailable (tavily http 432: {"detail":{"error":"This request exceeds your plan's set usage limit. Please upgrade your plan or contact support@tavily.com"}}); falling back
  - 'CHEMQUAN': 'Donald Opalecky Adelphi University CHEMQUAN course slides'
[search] tavily unavailable (tavily http 432: {"detail":{"error":"This request exceeds your plan's set usage limit. Please upgrade your plan or contact support@tavily.com"}}); falling back
  - 'CHM111': 'Donald Opalecky Adelphi University CHM111 course slides'
[search] tavily unavailable (tavily http 432: {"detail":{"error":"This request exceeds your plan's set usage limit. Please upgrade your plan or contact support@tavily.com"}}); falling back

### [chemistry] Edward  Higgins — Bryn Athyn College (ratings=6, dept=Chemistry, 2 course(s))
  - 'CHEM110': 'Edward Higgins Bryn Athyn College CHEM110 course slides'
[search] tavily unavailable (tavily http 432: {"detail":{"error":"This request exceeds your plan's set usage limit. Please upgrade your plan or contact support@tavily.com"}}); falling back
  - 'BIO': 'Edward Higgins Bryn Athyn College BIO course slides'
[search] tavily unavailable (tavily http 432: {"detail":{"error":"This request exceeds your plan's set usage limit. Please upgrade your plan or contact support@tavily.com"}}); falling back

### [chemistry] James Thompson — Alabama A&M University (ratings=6, dept=Chemistry, 5 course(s))
  - 'CHE101': 'James Thompson Alabama A&M University CHE101 course slides'
[search] tavily unavailable (tavily http 432: {"detail":{"error":"This request exceeds your plan's set usage limit. Please upgrade your plan or contact support@tavily.com"}}); falling back
  - 'CHE301302': 'James Thompson Alabama A&M University CHE301302 course slides'
[search] tavily unavailable (tavily http 432: {"detail":{"error":"This request exceeds your plan's set usage limit. Please upgrade your plan or contact support@tavily.com"}}); falling back
  - 'CHEM1': 'James Thompson Alabama A&M University CHEM1 course slides'
[search] tavily unavailable (tavily http 432: {"detail":{"error":"This request exceeds your plan's set usage limit. Please upgrade your plan or contact support@tavily.com"}}); falling back
  - 'ORGANICCHEM': 'James Thompson Alabama A&M University ORGANICCHEM course slides'
[search] tavily unavailable (tavily http 432: {"detail":{"error":"This request exceeds your plan's set usage limit. Please upgrade your plan or contact support@tavily.com"}}); falling back
  - 'ZOO201': 'James Thompson Alabama A&M University ZOO201 course slides'
[search] tavily unavailable (tavily http 432: {"detail":{"error":"This request exceeds your plan's set usage limit. Please upgrade your plan or contact support@tavily.com"}}); falling back

### [chemistry] Kamala Bhat — Alabama A&M University (ratings=6, dept=Chemistry, 3 course(s))
  - 'CHE101L': 'Kamala Bhat Alabama A&M University CHE101L course slides'
[search] tavily unavailable (tavily http 432: {"detail":{"error":"This request exceeds your plan's set usage limit. Please upgrade your plan or contact support@tavily.com"}}); falling back
  - 'CHE102': 'Kamala Bhat Alabama A&M University CHE102 course slides'
[search] tavily unavailable (tavily http 432: {"detail":{"error":"This request exceeds your plan's set usage limit. Please upgrade your plan or contact support@tavily.com"}}); falling back
  - 'CHEM101': 'Kamala Bhat Alabama A&M University CHEM101 course slides'
[search] tavily unavailable (tavily http 432: {"detail":{"error":"This request exceeds your plan's set usage limit. Please upgrade your plan or contact support@tavily.com"}}); falling back

### [chemistry] Kathleen Lee — Abilene Christian University (ratings=6, dept=Chemistry  Biochemistry, 3 course(s))
  - 'CHEM323': 'Kathleen Lee Abilene Christian University CHEM323 course slides'
[search] tavily unavailable (tavily http 432: {"detail":{"error":"This request exceeds your plan's set usage limit. Please upgrade your plan or contact support@tavily.com"}}); falling back
  - 'CHEM221': 'Kathleen Lee Abilene Christian University CHEM221 course slides'
[search] tavily unavailable (tavily http 432: {"detail":{"error":"This request exceeds your plan's set usage limit. Please upgrade your plan or contact support@tavily.com"}}); falling back
  - 'CHEM113': 'Kathleen Lee Abilene Christian University CHEM113 course slides'
[search] tavily unavailable (tavily http 432: {"detail":{"error":"This request exceeds your plan's set usage limit. Please upgrade your plan or contact support@tavily.com"}}); falling back

### [chemistry] Sara Almansberger — Albany College of Pharmacy and Health Sciences (ratings=6, dept=Chemistry, 4 course(s))
  - 'OCHEMLAB': 'Sara Almansberger Albany College of Pharmacy and Health Sciences OCHEMLAB course slides'
[search] tavily unavailable (tavily http 432: {"detail":{"error":"This request exceeds your plan's set usage limit. Please upgrade your plan or contact support@tavily.com"}}); falling back
  - 'ORGO1': 'Sara Almansberger Albany College of Pharmacy and Health Sciences ORGO1 course slides'
[search] tavily unavailable (tavily http 432: {"detail":{"error":"This request exceeds your plan's set usage limit. Please upgrade your plan or contact support@tavily.com"}}); falling back
  - 'ORGOLAB': 'Sara Almansberger Albany College of Pharmacy and Health Sciences ORGOLAB course slides'
[search] tavily unavailable (tavily http 432: {"detail":{"error":"This request exceeds your plan's set usage limit. Please upgrade your plan or contact support@tavily.com"}}); falling back
  - 'ORGOLAB101': 'Sara Almansberger Albany College of Pharmacy and Health Sciences ORGOLAB101 course slides'
[search] tavily unavailable (tavily http 432: {"detail":{"error":"This request exceeds your plan's set usage limit. Please upgrade your plan or contact support@tavily.com"}}); falling back

### [chemistry] Semyon Moshchitsky — Adelphi University (ratings=6, dept=Chemistry, 5 course(s))
  - 'CHEM253': 'Semyon Moshchitsky Adelphi University CHEM253 course slides'
[search] tavily unavailable (tavily http 432: {"detail":{"error":"This request exceeds your plan's set usage limit. Please upgrade your plan or contact support@tavily.com"}}); falling back
  - 'CHE253': 'Semyon Moshchitsky Adelphi University CHE253 course slides'
[search] tavily unavailable (tavily http 432: {"detail":{"error":"This request exceeds your plan's set usage limit. Please upgrade your plan or contact support@tavily.com"}}); falling back
  - 'CHEMCHEM': 'Semyon Moshchitsky Adelphi University CHEMCHEM course slides'
[search] tavily unavailable (tavily http 432: {"detail":{"error":"This request exceeds your plan's set usage limit. Please upgrade your plan or contact support@tavily.com"}}); falling back
  - 'ORGCHLAB': 'Semyon Moshchitsky Adelphi University ORGCHLAB course slides'
[search] tavily unavailable (tavily http 432: {"detail":{"error":"This request exceeds your plan's set usage limit. Please upgrade your plan or contact support@tavily.com"}}); falling back
  - 'ORGOLAB': 'Semyon Moshchitsky Adelphi University ORGOLAB course slides'
[search] tavily unavailable (tavily http 432: {"detail":{"error":"This request exceeds your plan's set usage limit. Please upgrade your plan or contact support@tavily.com"}}); falling back

### [chemistry] Yixuan Wang — Albany State University (ratings=6, dept=Chemistry, 3 course(s))
  - 'CHEM1211': 'Yixuan Wang Albany State University CHEM1211 course slides'
[search] tavily unavailable (tavily http 432: {"detail":{"error":"This request exceeds your plan's set usage limit. Please upgrade your plan or contact support@tavily.com"}}); falling back
  - 'CHEM2310': 'Yixuan Wang Albany State University CHEM2310 course slides'
[search] tavily unavailable (tavily http 432: {"detail":{"error":"This request exceeds your plan's set usage limit. Please upgrade your plan or contact support@tavily.com"}}); falling back
  - 'PHYSICALSCIENCE': 'Yixuan Wang Albany State University PHYSICALSCIENCE course slides'
[search] tavily unavailable (tavily http 432: {"detail":{"error":"This request exceeds your plan's set usage limit. Please upgrade your plan or contact support@tavily.com"}}); falling back

### [chemistry] Ghislain Mandouma — Albany State University (ratings=5, dept=Chemistry, 3 course(s))
  - 'CHEM2301K': 'Ghislain Mandouma Albany State University CHEM2301K course slides'
[search] tavily unavailable (tavily http 432: {"detail":{"error":"This request exceeds your plan's set usage limit. Please upgrade your plan or contact support@tavily.com"}}); falling back
  - '2302K': 'Ghislain Mandouma Albany State University 2302K course slides'
[search] tavily unavailable (tavily http 432: {"detail":{"error":"This request exceeds your plan's set usage limit. Please upgrade your plan or contact support@tavily.com"}}); falling back
  - 'CHEM1212': 'Ghislain Mandouma Albany State University CHEM1212 course slides'
[search] tavily unavailable (tavily http 432: {"detail":{"error":"This request exceeds your plan's set usage limit. Please upgrade your plan or contact support@tavily.com"}}); falling back

### [chemistry] Michael Price — Alabama A&M University (ratings=5, dept=Chemistry, 1 course(s))
  - 'Chemistry': 'Michael Price Alabama A&M University Chemistry course slides'
[search] tavily unavailable (tavily http 432: {"detail":{"error":"This request exceeds your plan's set usage limit. Please upgrade your plan or contact support@tavily.com"}}); falling back

### [chemistry] Nail Pawlish — Albany College of Pharmacy and Health Sciences (ratings=5, dept=Chemistry, 4 course(s))
  - 'ORGANICCHEM': 'Nail Pawlish Albany College of Pharmacy and Health Sciences ORGANICCHEM course slides'
[search] tavily unavailable (tavily http 432: {"detail":{"error":"This request exceeds your plan's set usage limit. Please upgrade your plan or contact support@tavily.com"}}); falling back
  - 'CHEM201': 'Nail Pawlish Albany College of Pharmacy and Health Sciences CHEM201 course slides'
[search] tavily unavailable (tavily http 432: {"detail":{"error":"This request exceeds your plan's set usage limit. Please upgrade your plan or contact support@tavily.com"}}); falling back
  - 'ORGANICCHEM1': 'Nail Pawlish Albany College of Pharmacy and Health Sciences ORGANICCHEM1 course slides'
[search] tavily unavailable (tavily http 432: {"detail":{"error":"This request exceeds your plan's set usage limit. Please upgrade your plan or contact support@tavily.com"}}); falling back
  - 'ORGANICI': 'Nail Pawlish Albany College of Pharmacy and Health Sciences ORGANICI course slides'
[search] tavily unavailable (tavily http 432: {"detail":{"error":"This request exceeds your plan's set usage limit. Please upgrade your plan or contact support@tavily.com"}}); falling back

### [chemistry] Sierra Beck — Adelphi University (ratings=5, dept=Chemistry, 2 course(s))
  - 'CHEM109': 'Sierra Beck Adelphi University CHEM109 course slides'
[search] tavily unavailable (tavily http 432: {"detail":{"error":"This request exceeds your plan's set usage limit. Please upgrade your plan or contact support@tavily.com"}}); falling back
  - 'CHE109': 'Sierra Beck Adelphi University CHE109 course slides'
[search] tavily unavailable (tavily http 432: {"detail":{"error":"This request exceeds your plan's set usage limit. Please upgrade your plan or contact support@tavily.com"}}); falling back

### [chemistry] Xiaomei Zheng — Albany State University (ratings=5, dept=Chemistry, 4 course(s))
  - 'CHEM1212': 'Xiaomei Zheng Albany State University CHEM1212 course slides'
[search] tavily unavailable (tavily http 432: {"detail":{"error":"This request exceeds your plan's set usage limit. Please upgrade your plan or contact support@tavily.com"}}); falling back
  - 'CHEM1211': 'Xiaomei Zheng Albany State University CHEM1211 course slides'
[search] tavily unavailable (tavily http 432: {"detail":{"error":"This request exceeds your plan's set usage limit. Please upgrade your plan or contact support@tavily.com"}}); falling back
  - 'CHEM2212': 'Xiaomei Zheng Albany State University CHEM2212 course slides'
[search] tavily unavailable (tavily http 432: {"detail":{"error":"This request exceeds your plan's set usage limit. Please upgrade your plan or contact support@tavily.com"}}); falling back
  - 'CHEM2300': 'Xiaomei Zheng Albany State University CHEM2300 course slides'
[search] tavily unavailable (tavily http 432: {"detail":{"error":"This request exceeds your plan's set usage limit. Please upgrade your plan or contact support@tavily.com"}}); falling back

### [chemistry] Aaron Robinson — Abilene Christian University (ratings=4, dept=Chemistry amp Biochemistry, 2 course(s))
  - 'CHEM113': 'Aaron Robinson Abilene Christian University CHEM113 course slides'
[search] tavily unavailable (tavily http 432: {"detail":{"error":"This request exceeds your plan's set usage limit. Please upgrade your plan or contact support@tavily.com"}}); falling back
  - 'CHEM133': 'Aaron Robinson Abilene Christian University CHEM133 course slides'
[search] tavily unavailable (tavily http 432: {"detail":{"error":"This request exceeds your plan's set usage limit. Please upgrade your plan or contact support@tavily.com"}}); falling back

### [chemistry] Adnan El-Khaldy — Alabama A&M University (ratings=4, dept=Chemistry, 1 course(s))
  - 'CHE252': 'Adnan El-Khaldy Alabama A&M University CHE252 course slides'
[search] tavily unavailable (tavily http 432: {"detail":{"error":"This request exceeds your plan's set usage limit. Please upgrade your plan or contact support@tavily.com"}}); falling back

### [chemistry] Alvie Davis — Abilene Christian University (ratings=4, dept=Chemistry & Biochemistry, 4 course(s))
  - 'BIOCHEM': 'Alvie Davis Abilene Christian University BIOCHEM course slides'
[search] tavily unavailable (tavily http 432: {"detail":{"error":"This request exceeds your plan's set usage limit. Please upgrade your plan or contact support@tavily.com"}}); falling back
  - 'CHE223': 'Alvie Davis Abilene Christian University CHE223 course slides'
[search] tavily unavailable (tavily http 432: {"detail":{"error":"This request exceeds your plan's set usage limit. Please upgrade your plan or contact support@tavily.com"}}); falling back
  - 'CHEM211': 'Alvie Davis Abilene Christian University CHEM211 course slides'
[search] tavily unavailable (tavily http 432: {"detail":{"error":"This request exceeds your plan's set usage limit. Please upgrade your plan or contact support@tavily.com"}}); falling back
  - 'CHEM454': 'Alvie Davis Abilene Christian University CHEM454 course slides'
[search] tavily unavailable (tavily http 432: {"detail":{"error":"This request exceeds your plan's set usage limit. Please upgrade your plan or contact support@tavily.com"}}); falling back

### [chemistry] Anne Souzzi-DeBellis — Adelphi University (ratings=4, dept=Chemistry, 1 course(s))
  - 'ChemLab': 'Anne Souzzi-DeBellis Adelphi University ChemLab course slides'
[search] tavily unavailable (tavily http 432: {"detail":{"error":"This request exceeds your plan's set usage limit. Please upgrade your plan or contact support@tavily.com"}}); falling back

### [chemistry] Bruce Hopkins — Abilene Christian University (ratings=4, dept=Chemistry & Biochemistry, 3 course(s))
  - 'CHEM223': 'Bruce Hopkins Abilene Christian University CHEM223 course slides'
[search] tavily unavailable (tavily http 432: {"detail":{"error":"This request exceeds your plan's set usage limit. Please upgrade your plan or contact support@tavily.com"}}); falling back
  - 'CHEM22302': 'Bruce Hopkins Abilene Christian University CHEM22302 course slides'
[search] tavily unavailable (tavily http 432: {"detail":{"error":"This request exceeds your plan's set usage limit. Please upgrade your plan or contact support@tavily.com"}}); falling back
  - 'CHEM223322': 'Bruce Hopkins Abilene Christian University CHEM223322 course slides'
[search] tavily unavailable (tavily http 432: {"detail":{"error":"This request exceeds your plan's set usage limit. Please upgrade your plan or contact support@tavily.com"}}); falling back

### [chemistry] Carolyn Dadabay — College of Idaho (ratings=4, dept=Chemistry, 2 course(s))
  - 'CHEM142': 'Carolyn Dadabay College of Idaho CHEM142 course slides'
[search] tavily unavailable (tavily http 432: {"detail":{"error":"This request exceeds your plan's set usage limit. Please upgrade your plan or contact support@tavily.com"}}); falling back
  - 'CHE141': 'Carolyn Dadabay College of Idaho CHE141 course slides'
[search] tavily unavailable (tavily http 432: {"detail":{"error":"This request exceeds your plan's set usage limit. Please upgrade your plan or contact support@tavily.com"}}); falling back

### [chemistry] Charles Shopsis — Adelphi University (ratings=4, dept=Chemistry, 4 course(s))
  - 'CHEM471': 'Charles Shopsis Adelphi University CHEM471 course slides'
[search] tavily unavailable (tavily http 432: {"detail":{"error":"This request exceeds your plan's set usage limit. Please upgrade your plan or contact support@tavily.com"}}); falling back
  - 'CHEMBIOC': 'Charles Shopsis Adelphi University CHEMBIOC course slides'
[search] tavily unavailable (tavily http 432: {"detail":{"error":"This request exceeds your plan's set usage limit. Please upgrade your plan or contact support@tavily.com"}}); falling back
  - 'FORE001': 'Charles Shopsis Adelphi University FORE001 course slides'
[search] tavily unavailable (tavily http 432: {"detail":{"error":"This request exceeds your plan's set usage limit. Please upgrade your plan or contact support@tavily.com"}}); falling back
  - 'FRESHORIE': 'Charles Shopsis Adelphi University FRESHORIE course slides'
[search] tavily unavailable (tavily http 432: {"detail":{"error":"This request exceeds your plan's set usage limit. Please upgrade your plan or contact support@tavily.com"}}); falling back

### [chemistry] Dee Barker — Alaska Pacific University (ratings=4, dept=Chemistry, 1 course(s))
  - 'SC17000': 'Dee Barker Alaska Pacific University SC17000 course slides'
[search] tavily unavailable (tavily http 432: {"detail":{"error":"This request exceeds your plan's set usage limit. Please upgrade your plan or contact support@tavily.com"}}); falling back

### [chemistry] Nicholas Sisti — Adelphi University (ratings=4, dept=Chemistry, 3 course(s))
  - 'ORGO2LAB': 'Nicholas Sisti Adelphi University ORGO2LAB course slides'
[search] tavily unavailable (tavily http 432: {"detail":{"error":"This request exceeds your plan's set usage limit. Please upgrade your plan or contact support@tavily.com"}}); falling back
  - 'CHE111LAB': 'Nicholas Sisti Adelphi University CHE111LAB course slides'
[search] tavily unavailable (tavily http 432: {"detail":{"error":"This request exceeds your plan's set usage limit. Please upgrade your plan or contact support@tavily.com"}}); falling back
  - 'ORGO101': 'Nicholas Sisti Adelphi University ORGO101 course slides'
[search] tavily unavailable (tavily http 432: {"detail":{"error":"This request exceeds your plan's set usage limit. Please upgrade your plan or contact support@tavily.com"}}); falling back

### [chemistry] Rosemarie Szostak — Abraham Baldwin Agricultural College (ratings=4, dept=Chemistry, 3 course(s))
  - 'CHEM1211': 'Rosemarie Szostak Abraham Baldwin Agricultural College CHEM1211 course slides'
[search] tavily unavailable (tavily http 432: {"detail":{"error":"This request exceeds your plan's set usage limit. Please upgrade your plan or contact support@tavily.com"}}); falling back
  - '2102': 'Rosemarie Szostak Abraham Baldwin Agricultural College 2102 course slides'
[search] tavily unavailable (tavily http 432: {"detail":{"error":"This request exceeds your plan's set usage limit. Please upgrade your plan or contact support@tavily.com"}}); falling back
  - 'CHEML1211': 'Rosemarie Szostak Abraham Baldwin Agricultural College CHEML1211 course slides'
[search] tavily unavailable (tavily http 432: {"detail":{"error":"This request exceeds your plan's set usage limit. Please upgrade your plan or contact support@tavily.com"}}); falling back

### [chemistry] Umesh Bhattarai — Adams State University (ratings=4, dept=Chemistry, 2 course(s))
  - 'CHEM131': 'Umesh Bhattarai Adams State University CHEM131 course slides'
[search] tavily unavailable (tavily http 432: {"detail":{"error":"This request exceeds your plan's set usage limit. Please upgrade your plan or contact support@tavily.com"}}); falling back
  - 'CHEM111': 'Umesh Bhattarai Adams State University CHEM111 course slides'
[search] tavily unavailable (tavily http 432: {"detail":{"error":"This request exceeds your plan's set usage limit. Please upgrade your plan or contact support@tavily.com"}}); falling back

### [chemistry] . Arevalo — Adelphi University (ratings=3, dept=Chemistry, 3 course(s))
  - 'CHE251': '. Arevalo Adelphi University CHE251 course slides'
[search] tavily unavailable (tavily http 432: {"detail":{"error":"This request exceeds your plan's set usage limit. Please upgrade your plan or contact support@tavily.com"}}); falling back
  - 'CHEM1122': '. Arevalo Adelphi University CHEM1122 course slides'
[search] tavily unavailable (tavily http 432: {"detail":{"error":"This request exceeds your plan's set usage limit. Please upgrade your plan or contact support@tavily.com"}}); falling back
  - 'ORGLAB': '. Arevalo Adelphi University ORGLAB course slides'
[search] tavily unavailable (tavily http 432: {"detail":{"error":"This request exceeds your plan's set usage limit. Please upgrade your plan or contact support@tavily.com"}}); falling back

### [chemistry] Amir  Saheb — Albany State University (ratings=3, dept=Chemistry, 3 course(s))
  - '25385': 'Amir Saheb Albany State University 25385 course slides'
[search] tavily unavailable (tavily http 432: {"detail":{"error":"This request exceeds your plan's set usage limit. Please upgrade your plan or contact support@tavily.com"}}); falling back
  - 'CHEM-1211K': 'Amir Saheb Albany State University CHEM-1211K course slides'
[search] tavily unavailable (tavily http 432: {"detail":{"error":"This request exceeds your plan's set usage limit. Please upgrade your plan or contact support@tavily.com"}}); falling back
  - 'CHEM1102': 'Amir Saheb Albany State University CHEM1102 course slides'
[search] tavily unavailable (tavily http 432: {"detail":{"error":"This request exceeds your plan's set usage limit. Please upgrade your plan or contact support@tavily.com"}}); falling back

### [chemistry] Gulnaz Javan — Alabama State University (ratings=3, dept=Chemistry, 2 course(s))
  - 'FRS424': 'Gulnaz Javan Alabama State University FRS424 course slides'
[search] tavily unavailable (tavily http 432: {"detail":{"error":"This request exceeds your plan's set usage limit. Please upgrade your plan or contact support@tavily.com"}}); falling back
  - 'FRS410': 'Gulnaz Javan Alabama State University FRS410 course slides'
[search] tavily unavailable (tavily http 432: {"detail":{"error":"This request exceeds your plan's set usage limit. Please upgrade your plan or contact support@tavily.com"}}); falling back

### [chemistry] Janet Krahn — Albany College of Pharmacy and Health Sciences (ratings=3, dept=Chemistry, 3 course(s))
  - 'CHE121': 'Janet Krahn Albany College of Pharmacy and Health Sciences CHE121 course slides'
[search] tavily unavailable (tavily http 432: {"detail":{"error":"This request exceeds your plan's set usage limit. Please upgrade your plan or contact support@tavily.com"}}); falling back
  - 'CHE121L': 'Janet Krahn Albany College of Pharmacy and Health Sciences CHE121L course slides'
[search] tavily unavailable (tavily http 432: {"detail":{"error":"This request exceeds your plan's set usage limit. Please upgrade your plan or contact support@tavily.com"}}); falling back
  - 'CHEMLAB': 'Janet Krahn Albany College of Pharmacy and Health Sciences CHEMLAB course slides'
[search] tavily unavailable (tavily http 432: {"detail":{"error":"This request exceeds your plan's set usage limit. Please upgrade your plan or contact support@tavily.com"}}); falling back

### [chemistry] Jennifer Edwards — Albany State University (ratings=3, dept=Chemistry, 1 course(s))
  - 'CHEM1152': 'Jennifer Edwards Albany State University CHEM1152 course slides'
[search] tavily unavailable (tavily http 432: {"detail":{"error":"This request exceeds your plan's set usage limit. Please upgrade your plan or contact support@tavily.com"}}); falling back

### [chemistry] Jennifer Yadav — Adelphi University (ratings=3, dept=Chemistry, 1 course(s))
  - 'CHE109-012': 'Jennifer Yadav Adelphi University CHE109-012 course slides'
[search] tavily unavailable (tavily http 432: {"detail":{"error":"This request exceeds your plan's set usage limit. Please upgrade your plan or contact support@tavily.com"}}); falling back

### [chemistry] Katie Roberts — Abraham Baldwin Agricultural College (ratings=3, dept=Chemistry, 1 course(s))
  - 'CHEM1211': 'Katie Roberts Abraham Baldwin Agricultural College CHEM1211 course slides'
[search] tavily unavailable (tavily http 432: {"detail":{"error":"This request exceeds your plan's set usage limit. Please upgrade your plan or contact support@tavily.com"}}); falling back

### [chemistry] Katrina Bergbauer — Agnes Scott College (ratings=3, dept=Chemistry, 2 course(s))
  - 'CHEM101L': 'Katrina Bergbauer Agnes Scott College CHEM101L course slides'
[search] tavily unavailable (tavily http 432: {"detail":{"error":"This request exceeds your plan's set usage limit. Please upgrade your plan or contact support@tavily.com"}}); falling back
  - 'CHEM201': 'Katrina Bergbauer Agnes Scott College CHEM201 course slides'
[search] tavily unavailable (tavily http 432: {"detail":{"error":"This request exceeds your plan's set usage limit. Please upgrade your plan or contact support@tavily.com"}}); falling back

### [chemistry] Mary Nell Higley — Agnes Scott College (ratings=3, dept=Chemistry, 2 course(s))
  - 'CHEM150': 'Mary Nell Higley Agnes Scott College CHEM150 course slides'
[search] tavily unavailable (tavily http 432: {"detail":{"error":"This request exceeds your plan's set usage limit. Please upgrade your plan or contact support@tavily.com"}}); falling back
  - 'CHEM510': 'Mary Nell Higley Agnes Scott College CHEM510 course slides'
[search] tavily unavailable (tavily http 432: {"detail":{"error":"This request exceeds your plan's set usage limit. Please upgrade your plan or contact support@tavily.com"}}); falling back

### [chemistry] Nancy Devino — Agnes Scott College (ratings=3, dept=Chemistry, 3 course(s))
  - 'CHE202': 'Nancy Devino Agnes Scott College CHE202 course slides'
[search] tavily unavailable (tavily http 432: {"detail":{"error":"This request exceeds your plan's set usage limit. Please upgrade your plan or contact support@tavily.com"}}); falling back
  - 'CHEM102': 'Nancy Devino Agnes Scott College CHEM102 course slides'
[search] tavily unavailable (tavily http 432: {"detail":{"error":"This request exceeds your plan's set usage limit. Please upgrade your plan or contact support@tavily.com"}}); falling back
  - 'FYS100': 'Nancy Devino Agnes Scott College FYS100 course slides'
[search] tavily unavailable (tavily http 432: {"detail":{"error":"This request exceeds your plan's set usage limit. Please upgrade your plan or contact support@tavily.com"}}); falling back

### [chemistry] Philip Husain — Albany State University (ratings=3, dept=Chemistry, 3 course(s))
  - 'CHEM1212': 'Philip Husain Albany State University CHEM1212 course slides'
[search] tavily unavailable (tavily http 432: {"detail":{"error":"This request exceeds your plan's set usage limit. Please upgrade your plan or contact support@tavily.com"}}); falling back
  - 'CHEM2301': 'Philip Husain Albany State University CHEM2301 course slides'
[search] tavily unavailable (tavily http 432: {"detail":{"error":"This request exceeds your plan's set usage limit. Please upgrade your plan or contact support@tavily.com"}}); falling back
  - 'ORG2301': 'Philip Husain Albany State University ORG2301 course slides'
[search] tavily unavailable (tavily http 432: {"detail":{"error":"This request exceeds your plan's set usage limit. Please upgrade your plan or contact support@tavily.com"}}); falling back

### [chemistry] Razi Hassan — Alabama A&M University (ratings=3, dept=Chemistry, 3 course(s))
  - 'C10240057': 'Razi Hassan Alabama A&M University C10240057 course slides'
[search] tavily unavailable (tavily http 432: {"detail":{"error":"This request exceeds your plan's set usage limit. Please upgrade your plan or contact support@tavily.com"}}); falling back
  - 'CHE101H': 'Razi Hassan Alabama A&M University CHE101H course slides'
[search] tavily unavailable (tavily http 432: {"detail":{"error":"This request exceeds your plan's set usage limit. Please upgrade your plan or contact support@tavily.com"}}); falling back
  - 'CHE221': 'Razi Hassan Alabama A&M University CHE221 course slides'
[search] tavily unavailable (tavily http 432: {"detail":{"error":"This request exceeds your plan's set usage limit. Please upgrade your plan or contact support@tavily.com"}}); falling back

### [chemistry] Aaron Moehlig — Adams State University (ratings=2, dept=Chemistry, 2 course(s))
  - 'CHEM': 'Aaron Moehlig Adams State University CHEM course slides'
[search] tavily unavailable (tavily http 432: {"detail":{"error":"This request exceeds your plan's set usage limit. Please upgrade your plan or contact support@tavily.com"}}); falling back
  - 'CHEM322': 'Aaron Moehlig Adams State University CHEM322 course slides'
[search] tavily unavailable (tavily http 432: {"detail":{"error":"This request exceeds your plan's set usage limit. Please upgrade your plan or contact support@tavily.com"}}); falling back

### [chemistry] Christopher Enright — Adelphi University (ratings=2, dept=Chemistry, 1 course(s))
  - 'CHEM-254': 'Christopher Enright Adelphi University CHEM-254 course slides'
[search] tavily unavailable (tavily http 432: {"detail":{"error":"This request exceeds your plan's set usage limit. Please upgrade your plan or contact support@tavily.com"}}); falling back

### [chemistry] Jack Steele — Albany State University (ratings=2, dept=Chemistry, 2 course(s))
  - 'CHEM111': 'Jack Steele Albany State University CHEM111 course slides'
[search] tavily unavailable (tavily http 432: {"detail":{"error":"This request exceeds your plan's set usage limit. Please upgrade your plan or contact support@tavily.com"}}); falling back
  - 'CHEM1212': 'Jack Steele Albany State University CHEM1212 course slides'
[search] tavily unavailable (tavily http 432: {"detail":{"error":"This request exceeds your plan's set usage limit. Please upgrade your plan or contact support@tavily.com"}}); falling back

### [chemistry] Keneshia Johnson — Alabama A&M University (ratings=2, dept=Chemistry, 1 course(s))
  - 'ORG251': 'Keneshia Johnson Alabama A&M University ORG251 course slides'
[search] tavily unavailable (tavily http 432: {"detail":{"error":"This request exceeds your plan's set usage limit. Please upgrade your plan or contact support@tavily.com"}}); falling back

### [chemistry] Lawrence Silver — Adelphi University (ratings=2, dept=Chemistry, 2 course(s))
  - 'CHEM253': 'Lawrence Silver Adelphi University CHEM253 course slides'
[search] tavily unavailable (tavily http 432: {"detail":{"error":"This request exceeds your plan's set usage limit. Please upgrade your plan or contact support@tavily.com"}}); falling back
  - 'CHEM254': 'Lawrence Silver Adelphi University CHEM254 course slides'
[search] tavily unavailable (tavily http 432: {"detail":{"error":"This request exceeds your plan's set usage limit. Please upgrade your plan or contact support@tavily.com"}}); falling back

### [chemistry] Robert Green — Alabama State University (ratings=2, dept=Chemistry, 1 course(s))
  - 'CHE141': 'Robert Green Alabama State University CHE141 course slides'
[search] tavily unavailable (tavily http 432: {"detail":{"error":"This request exceeds your plan's set usage limit. Please upgrade your plan or contact support@tavily.com"}}); falling back

### [chemistry] Shilpi Tandon — Adelphi University (ratings=2, dept=Chemistry, 1 course(s))
  - '112': 'Shilpi Tandon Adelphi University 112 course slides'
[search] tavily unavailable (tavily http 432: {"detail":{"error":"This request exceeds your plan's set usage limit. Please upgrade your plan or contact support@tavily.com"}}); falling back

### [chemistry] Yunjie Mi — Albany State University (ratings=2, dept=Chemistry, 1 course(s))
  - 'CHEM1211': 'Yunjie Mi Albany State University CHEM1211 course slides'
[search] tavily unavailable (tavily http 432: {"detail":{"error":"This request exceeds your plan's set usage limit. Please upgrade your plan or contact support@tavily.com"}}); falling back

### [chemistry] Andrew Morris — Abraham Baldwin Agricultural College (ratings=1, dept=Chemistry, 1 course(s))
  - 'CHEM1211L': 'Andrew Morris Abraham Baldwin Agricultural College CHEM1211L course slides'
[search] tavily unavailable (tavily http 432: {"detail":{"error":"This request exceeds your plan's set usage limit. Please upgrade your plan or contact support@tavily.com"}}); falling back

### [chemistry] Buddhaheb Mallik — Adelphi University (ratings=1, dept=Chemistry, 1 course(s))
  - 'ORG254': 'Buddhaheb Mallik Adelphi University ORG254 course slides'
[search] tavily unavailable (tavily http 432: {"detail":{"error":"This request exceeds your plan's set usage limit. Please upgrade your plan or contact support@tavily.com"}}); falling back

### [chemistry] Daisy Bourassa — Agnes Scott College (ratings=1, dept=Chemistry, 1 course(s))
  - 'CHE240': 'Daisy Bourassa Agnes Scott College CHE240 course slides'
[search] tavily unavailable (tavily http 432: {"detail":{"error":"This request exceeds your plan's set usage limit. Please upgrade your plan or contact support@tavily.com"}}); falling back

### [chemistry] Debasish Roy — Adelphi University (ratings=1, dept=Chemistry, 1 course(s))
  - 'CHE253': 'Debasish Roy Adelphi University CHE253 course slides'
[search] tavily unavailable (tavily http 432: {"detail":{"error":"This request exceeds your plan's set usage limit. Please upgrade your plan or contact support@tavily.com"}}); falling back

### [chemistry] Grace McMackin — Bryn Athyn College (ratings=1, dept=Chemistry, 1 course(s))
  - 'CHEM101': 'Grace McMackin Bryn Athyn College CHEM101 course slides'
[search] tavily unavailable (tavily http 432: {"detail":{"error":"This request exceeds your plan's set usage limit. Please upgrade your plan or contact support@tavily.com"}}); falling back

### [chemistry] John Shugart — Abraham Baldwin Agricultural College (ratings=1, dept=Chemistry, 1 course(s))
  - 'CHEM1211': 'John Shugart Abraham Baldwin Agricultural College CHEM1211 course slides'
[search] tavily unavailable (tavily http 432: {"detail":{"error":"This request exceeds your plan's set usage limit. Please upgrade your plan or contact support@tavily.com"}}); falling back

### [chemistry] Johnathan Metuge — Alabama A&M University (ratings=1, dept=Chemistry, 1 course(s))
  - 'CHE101': 'Johnathan Metuge Alabama A&M University CHE101 course slides'
[search] tavily unavailable (tavily http 432: {"detail":{"error":"This request exceeds your plan's set usage limit. Please upgrade your plan or contact support@tavily.com"}}); falling back

### [chemistry] Jules  Guei — Alabama A&M University (ratings=1, dept=Chemistry, 1 course(s))
  - 'CHE407': 'Jules Guei Alabama A&M University CHE407 course slides'
[search] tavily unavailable (tavily http 432: {"detail":{"error":"This request exceeds your plan's set usage limit. Please upgrade your plan or contact support@tavily.com"}}); falling back

### [chemistry] Justin Wilson — Abraham Baldwin Agricultural College (ratings=1, dept=Chemistry, 1 course(s))
  - 'CHEM1212L': 'Justin Wilson Abraham Baldwin Agricultural College CHEM1212L course slides'
[search] tavily unavailable (tavily http 432: {"detail":{"error":"This request exceeds your plan's set usage limit. Please upgrade your plan or contact support@tavily.com"}}); falling back

### [chemistry] Manuel Chavez — Abraham Baldwin Agricultural College (ratings=1, dept=Chemistry, 1 course(s))
  - 'CHEM1211L': 'Manuel Chavez Abraham Baldwin Agricultural College CHEM1211L course slides'
[search] tavily unavailable (tavily http 432: {"detail":{"error":"This request exceeds your plan's set usage limit. Please upgrade your plan or contact support@tavily.com"}}); falling back

### [chemistry] Mohammed Ibrahim — Albany State University (ratings=1, dept=Chemistry, 1 course(s))
  - 'CHEM1211K': 'Mohammed Ibrahim Albany State University CHEM1211K course slides'
[search] tavily unavailable (tavily http 432: {"detail":{"error":"This request exceeds your plan's set usage limit. Please upgrade your plan or contact support@tavily.com"}}); falling back

### [chemistry] RI Porter — Adelphi University (ratings=1, dept=Chemistry, 1 course(s))
  - 'CHEMLAB': 'RI Porter Adelphi University CHEMLAB course slides'
[search] tavily unavailable (tavily http 432: {"detail":{"error":"This request exceeds your plan's set usage limit. Please upgrade your plan or contact support@tavily.com"}}); falling back

### [chemistry] Rob Craig — Adelphi University (ratings=1, dept=Chemistry, 1 course(s))
  - 'CHEM111': 'Rob Craig Adelphi University CHEM111 course slides'
[search] tavily unavailable (tavily http 432: {"detail":{"error":"This request exceeds your plan's set usage limit. Please upgrade your plan or contact support@tavily.com"}}); falling back

### [chemistry] Suzanne Wenz — Adelphi University (ratings=1, dept=Chemistry, 1 course(s))
  - '022': 'Suzanne Wenz Adelphi University 022 course slides'
[search] tavily unavailable (tavily http 432: {"detail":{"error":"This request exceeds your plan's set usage limit. Please upgrade your plan or contact support@tavily.com"}}); falling back

### [chemistry] Vijay Patel — Alabama State University (ratings=1, dept=Chemistry, 1 course(s))
  - 'PHY111': 'Vijay Patel Alabama State University PHY111 course slides'
[search] tavily unavailable (tavily http 432: {"detail":{"error":"This request exceeds your plan's set usage limit. Please upgrade your plan or contact support@tavily.com"}}); falling back

========== DISCIPLINE: ECONOMICS (42 professors) ==========

### [economics] David MacHlis — Adelphi University (ratings=79, dept=Economics, 8 course(s))
  - 'ECA111': 'David MacHlis Adelphi University ECA111 course slides'
[search] tavily unavailable (tavily http 432: {"detail":{"error":"This request exceeds your plan's set usage limit. Please upgrade your plan or contact support@tavily.com"}}); falling back
  - 'ECA112': 'David MacHlis Adelphi University ECA112 course slides'
[search] tavily unavailable (tavily http 432: {"detail":{"error":"This request exceeds your plan's set usage limit. Please upgrade your plan or contact support@tavily.com"}}); falling back
  - 'ECO111': 'David MacHlis Adelphi University ECO111 course slides'
[search] tavily unavailable (tavily http 432: {"detail":{"error":"This request exceeds your plan's set usage limit. Please upgrade your plan or contact support@tavily.com"}}); falling back
  - 'ECONOMICS': 'David MacHlis Adelphi University ECONOMICS course slides'
[search] tavily unavailable (tavily http 432: {"detail":{"error":"This request exceeds your plan's set usage limit. Please upgrade your plan or contact support@tavily.com"}}); falling back
  - 'ECA251': 'David MacHlis Adelphi University ECA251 course slides'
[search] tavily unavailable (tavily http 432: {"detail":{"error":"This request exceeds your plan's set usage limit. Please upgrade your plan or contact support@tavily.com"}}); falling back
  - 'ECON112': 'David MacHlis Adelphi University ECON112 course slides'
[search] tavily unavailable (tavily http 432: {"detail":{"error":"This request exceeds your plan's set usage limit. Please upgrade your plan or contact support@tavily.com"}}); falling back
  - 'MONEY251': 'David MacHlis Adelphi University MONEY251 course slides'
[search] tavily unavailable (tavily http 432: {"detail":{"error":"This request exceeds your plan's set usage limit. Please upgrade your plan or contact support@tavily.com"}}); falling back
  - 'MONEYBANKING': 'David MacHlis Adelphi University MONEYBANKING course slides'
[search] tavily unavailable (tavily http 432: {"detail":{"error":"This request exceeds your plan's set usage limit. Please upgrade your plan or contact support@tavily.com"}}); falling back

### [economics] John Polimeni — Albany College of Pharmacy and Health Sciences (ratings=44, dept=Economics, 8 course(s))
  - 'ECON101': 'John Polimeni Albany College of Pharmacy and Health Sciences ECON101 course slides'
[search] tavily unavailable (tavily http 432: {"detail":{"error":"This request exceeds your plan's set usage limit. Please upgrade your plan or contact support@tavily.com"}}); falling back
  - 'ECON1': 'John Polimeni Albany College of Pharmacy and Health Sciences ECON1 course slides'
[search] tavily unavailable (tavily http 432: {"detail":{"error":"This request exceeds your plan's set usage limit. Please upgrade your plan or contact support@tavily.com"}}); falling back
  - 'LAS217': 'John Polimeni Albany College of Pharmacy and Health Sciences LAS217 course slides'
[search] tavily unavailable (tavily http 432: {"detail":{"error":"This request exceeds your plan's set usage limit. Please upgrade your plan or contact support@tavily.com"}}); falling back
  - 'ECO101': 'John Polimeni Albany College of Pharmacy and Health Sciences ECO101 course slides'
[search] tavily unavailable (tavily http 432: {"detail":{"error":"This request exceeds your plan's set usage limit. Please upgrade your plan or contact support@tavily.com"}}); falling back
  - 'ECON': 'John Polimeni Albany College of Pharmacy and Health Sciences ECON course slides'
[search] tavily unavailable (tavily http 432: {"detail":{"error":"This request exceeds your plan's set usage limit. Please upgrade your plan or contact support@tavily.com"}}); falling back
  - 'ECONOMICS': 'John Polimeni Albany College of Pharmacy and Health Sciences ECONOMICS course slides'
[search] tavily unavailable (tavily http 432: {"detail":{"error":"This request exceeds your plan's set usage limit. Please upgrade your plan or contact support@tavily.com"}}); falling back
  - 'HEALTHECON': 'John Polimeni Albany College of Pharmacy and Health Sciences HEALTHECON course slides'
[search] tavily unavailable (tavily http 432: {"detail":{"error":"This request exceeds your plan's set usage limit. Please upgrade your plan or contact support@tavily.com"}}); falling back
  - 'LAS317': 'John Polimeni Albany College of Pharmacy and Health Sciences LAS317 course slides'
[search] tavily unavailable (tavily http 432: {"detail":{"error":"This request exceeds your plan's set usage limit. Please upgrade your plan or contact support@tavily.com"}}); falling back

### [economics] Mariano Torras — Adelphi University (ratings=41, dept=Economics, 8 course(s))
  - 'ECO111': 'Mariano Torras Adelphi University ECO111 course slides'
[search] tavily unavailable (tavily http 432: {"detail":{"error":"This request exceeds your plan's set usage limit. Please upgrade your plan or contact support@tavily.com"}}); falling back
  - 'ECONOMICS': 'Mariano Torras Adelphi University ECONOMICS course slides'
[search] tavily unavailable (tavily http 432: {"detail":{"error":"This request exceeds your plan's set usage limit. Please upgrade your plan or contact support@tavily.com"}}); falling back
  - 'ECA112': 'Mariano Torras Adelphi University ECA112 course slides'
[search] tavily unavailable (tavily http 432: {"detail":{"error":"This request exceeds your plan's set usage limit. Please upgrade your plan or contact support@tavily.com"}}); falling back
  - '0203112003': 'Mariano Torras Adelphi University 0203112003 course slides'
[search] tavily unavailable (tavily http 432: {"detail":{"error":"This request exceeds your plan's set usage limit. Please upgrade your plan or contact support@tavily.com"}}); falling back
  - 'GEN101': 'Mariano Torras Adelphi University GEN101 course slides'
[search] tavily unavailable (tavily http 432: {"detail":{"error":"This request exceeds your plan's set usage limit. Please upgrade your plan or contact support@tavily.com"}}); falling back
  - 'ModCon1': 'Mariano Torras Adelphi University ModCon1 course slides'
[search] tavily unavailable (tavily http 432: {"detail":{"error":"This request exceeds your plan's set usage limit. Please upgrade your plan or contact support@tavily.com"}}); falling back
  - 'NATIONALECO': 'Mariano Torras Adelphi University NATIONALECO course slides'
[search] tavily unavailable (tavily http 432: {"detail":{"error":"This request exceeds your plan's set usage limit. Please upgrade your plan or contact support@tavily.com"}}); falling back
  - 'SENIORSEMINAR': 'Mariano Torras Adelphi University SENIORSEMINAR course slides'
[search] tavily unavailable (tavily http 432: {"detail":{"error":"This request exceeds your plan's set usage limit. Please upgrade your plan or contact support@tavily.com"}}); falling back

### [economics] Soon Ryoo — Adelphi University (ratings=36, dept=Economics, 8 course(s))
  - 'ECA112': 'Soon Ryoo Adelphi University ECA112 course slides'
[search] tavily unavailable (tavily http 432: {"detail":{"error":"This request exceeds your plan's set usage limit. Please upgrade your plan or contact support@tavily.com"}}); falling back
  - 'ECA111': 'Soon Ryoo Adelphi University ECA111 course slides'
[search] tavily unavailable (tavily http 432: {"detail":{"error":"This request exceeds your plan's set usage limit. Please upgrade your plan or contact support@tavily.com"}}); falling back
  - 'ECO111': 'Soon Ryoo Adelphi University ECO111 course slides'
[search] tavily unavailable (tavily http 432: {"detail":{"error":"This request exceeds your plan's set usage limit. Please upgrade your plan or contact support@tavily.com"}}); falling back
  - 'ECON111': 'Soon Ryoo Adelphi University ECON111 course slides'
[search] tavily unavailable (tavily http 432: {"detail":{"error":"This request exceeds your plan's set usage limit. Please upgrade your plan or contact support@tavily.com"}}); falling back
  - 'PRICESYSTEM': 'Soon Ryoo Adelphi University PRICESYSTEM course slides'
[search] tavily unavailable (tavily http 432: {"detail":{"error":"This request exceeds your plan's set usage limit. Please upgrade your plan or contact support@tavily.com"}}); falling back
  - 'ECON112': 'Soon Ryoo Adelphi University ECON112 course slides'
[search] tavily unavailable (tavily http 432: {"detail":{"error":"This request exceeds your plan's set usage limit. Please upgrade your plan or contact support@tavily.com"}}); falling back
      1 link(s) @ https://jackrosetti.github.io/teaching/time-series/econ112_full_lecture_series.pdf  (run=0, sequential=False)
  - 'ECO521': 'Soon Ryoo Adelphi University ECO521 course slides'
[search] tavily unavailable (tavily http 432: {"detail":{"error":"This request exceeds your plan's set usage limit. Please upgrade your plan or contact support@tavily.com"}}); falling back
      13 link(s) @ http://ec440.bu.edu/  (run=5, sequential=True)
      + 1_01-introduction.pdf
      + 2_02-principles.pdf
      + 3_03-recon.pdf
      + 4_04-unix-security-01.pdf
      + 5_04-unix-security-02.pdf
      + 6_04-unix-security-03.pdf
      + 7_05-web-security-1.pdf
      + 8_05-web-security-2.pdf
      + 9_05-web-security-3.pdf
      + 10_08-memory-1.pdf
      + 11_08-memory-2.pdf
      + 12_08-memory-3.pdf
      + 13_08-memory-4.pdf
      -> saved: 13 new, 0 skip, 0 fail (http://ec440.bu.edu/)
  - 'ECONPRI': 'Soon Ryoo Adelphi University ECONPRI course slides'
[search] tavily unavailable (tavily http 432: {"detail":{"error":"This request exceeds your plan's set usage limit. Please upgrade your plan or contact support@tavily.com"}}); falling back
      22 link(s) @ https://www.economicsnetwork.ac.uk/teaching/slides  (run=5, sequential=True)
      + 1_c33_2.ppt
      + 2_20140616_1830_capitalInTheTwenty-FirstCentury_sl.pdf
      + 3_EEF_Lecture1.pdf
      + 5_EEF_Lecture2.pdf
      + 6_EEF_Lecture3.pdf
      + 7_EEF_Lecture4.pdf
      + 8_EEF_Lecture5.pdf
      + 9_introduction.ppt
      + 10_Price_competition_1.ppt
      + 11_Bertrand_Complements.ppt
      + 12_bankrunshaifa08-09.ppt
      + 13_network_externalities.ppt
      + 14_asymmetric_information.ppt
      + 15_verticalmonopoly.ppt
      + 16_Supplier_hold-up_problem_Tim.ppt
      + 17_draft.pdf
      + 18_price_discrimination.ppt
      + 19_insurance.ppt
      + 20_haifasignalling2008.ppt
      + 21_multistage.ppt
      + 22_auctions1.ppt
      -> saved: 21 new, 0 skip, 0 fail (https://www.economicsnetwork.ac.uk/teaching/slides)

### [economics] John Krueger — Adelphi University (ratings=21, dept=Economics, 8 course(s))
  - 'ECO111': 'John Krueger Adelphi University ECO111 course slides'
[search] tavily unavailable (tavily http 432: {"detail":{"error":"This request exceeds your plan's set usage limit. Please upgrade your plan or contact support@tavily.com"}}); falling back
  - 'bus267': 'John Krueger Adelphi University bus267 course slides'
[search] tavily unavailable (tavily http 432: {"detail":{"error":"This request exceeds your plan's set usage limit. Please upgrade your plan or contact support@tavily.com"}}); falling back
  - 'EC101': 'John Krueger Adelphi University EC101 course slides'
[search] tavily unavailable (tavily http 432: {"detail":{"error":"This request exceeds your plan's set usage limit. Please upgrade your plan or contact support@tavily.com"}}); falling back
  - 'ECO112': 'John Krueger Adelphi University ECO112 course slides'
[search] tavily unavailable (tavily http 432: {"detail":{"error":"This request exceeds your plan's set usage limit. Please upgrade your plan or contact support@tavily.com"}}); falling back
  - 'ECA111': 'John Krueger Adelphi University ECA111 course slides'
[search] tavily unavailable (tavily http 432: {"detail":{"error":"This request exceeds your plan's set usage limit. Please upgrade your plan or contact support@tavily.com"}}); falling back
  - 'ECA117': 'John Krueger Adelphi University ECA117 course slides'
[search] tavily unavailable (tavily http 432: {"detail":{"error":"This request exceeds your plan's set usage limit. Please upgrade your plan or contact support@tavily.com"}}); falling back
  - 'ECO1': 'John Krueger Adelphi University ECO1 course slides'
[search] tavily unavailable (tavily http 432: {"detail":{"error":"This request exceeds your plan's set usage limit. Please upgrade your plan or contact support@tavily.com"}}); falling back
  - 'ECO520': 'John Krueger Adelphi University ECO520 course slides'
[search] tavily unavailable (tavily http 432: {"detail":{"error":"This request exceeds your plan's set usage limit. Please upgrade your plan or contact support@tavily.com"}}); falling back

### [economics] Renata Elad — Abraham Baldwin Agricultural College (ratings=18, dept=Economics, 8 course(s))
  - 'AECO2200': 'Renata Elad Abraham Baldwin Agricultural College AECO2200 course slides'
[search] tavily unavailable (tavily http 432: {"detail":{"error":"This request exceeds your plan's set usage limit. Please upgrade your plan or contact support@tavily.com"}}); falling back
      1 link(s) @ https://www.abac.edu/directory/profiles/relad.html  (run=1, sequential=False)
      1 link(s) @ https://www.abac.edu/directory/index.html  (run=1, sequential=False)
  - 'AECO2258': 'Renata Elad Abraham Baldwin Agricultural College AECO2258 course slides'
[search] tavily unavailable (tavily http 432: {"detail":{"error":"This request exceeds your plan's set usage limit. Please upgrade your plan or contact support@tavily.com"}}); falling back
      1 link(s) @ https://www.abac.edu/directory/profiles/relad.html  (run=1, sequential=False)
      1 link(s) @ https://www.abac.edu/directory/index.html  (run=1, sequential=False)
  - 'AECO2260': 'Renata Elad Abraham Baldwin Agricultural College AECO2260 course slides'
[search] tavily unavailable (tavily http 432: {"detail":{"error":"This request exceeds your plan's set usage limit. Please upgrade your plan or contact support@tavily.com"}}); falling back
      1 link(s) @ https://www.abac.edu/directory/profiles/relad.html  (run=1, sequential=False)
      1 link(s) @ https://www.abac.edu/directory/index.html  (run=1, sequential=False)
  - 'BUSA4790A': 'Renata Elad Abraham Baldwin Agricultural College BUSA4790A course slides'
[search] tavily unavailable (tavily http 432: {"detail":{"error":"This request exceeds your plan's set usage limit. Please upgrade your plan or contact support@tavily.com"}}); falling back
      1 link(s) @ https://www.abac.edu/directory/profiles/relad.html  (run=1, sequential=False)
      1 link(s) @ https://www.abac.edu/directory/index.html  (run=1, sequential=False)
  - 'ECON': 'Renata Elad Abraham Baldwin Agricultural College ECON course slides'
[search] tavily unavailable (tavily http 432: {"detail":{"error":"This request exceeds your plan's set usage limit. Please upgrade your plan or contact support@tavily.com"}}); falling back
      1 link(s) @ https://www.abac.edu/directory/profiles/relad.html  (run=1, sequential=False)
      1 link(s) @ https://www.abac.edu/directory/index.html  (run=1, sequential=False)
  - 'ECON2105': 'Renata Elad Abraham Baldwin Agricultural College ECON2105 course slides'
[search] tavily unavailable (tavily http 432: {"detail":{"error":"This request exceeds your plan's set usage limit. Please upgrade your plan or contact support@tavily.com"}}); falling back
      1 link(s) @ https://www.abac.edu/directory/profiles/relad.html  (run=1, sequential=False)
      1 link(s) @ https://www.abac.edu/directory/index.html  (run=1, sequential=False)
  - 'AECO2201': 'Renata Elad Abraham Baldwin Agricultural College AECO2201 course slides'
[search] tavily unavailable (tavily http 432: {"detail":{"error":"This request exceeds your plan's set usage limit. Please upgrade your plan or contact support@tavily.com"}}); falling back
      1 link(s) @ https://www.abac.edu/directory/profiles/relad.html  (run=1, sequential=False)
      1 link(s) @ https://www.abac.edu/directory/index.html  (run=1, sequential=False)
      1 link(s) @ https://www.abac.edu/  (run=1, sequential=False)
  - 'AG2200': 'Renata Elad Abraham Baldwin Agricultural College AG2200 course slides'
[search] tavily unavailable (tavily http 432: {"detail":{"error":"This request exceeds your plan's set usage limit. Please upgrade your plan or contact support@tavily.com"}}); falling back
      1 link(s) @ https://www.abac.edu/directory/profiles/relad.html  (run=1, sequential=False)

### [economics] Rosemary Cunningham — Agnes Scott College (ratings=18, dept=Economics, 8 course(s))
  - 'ECO307': 'Rosemary Cunningham Agnes Scott College ECO307 course slides'
[search] tavily unavailable (tavily http 432: {"detail":{"error":"This request exceeds your plan's set usage limit. Please upgrade your plan or contact support@tavily.com"}}); falling back
  - 'ECON102': 'Rosemary Cunningham Agnes Scott College ECON102 course slides'
[search] tavily unavailable (tavily http 432: {"detail":{"error":"This request exceeds your plan's set usage limit. Please upgrade your plan or contact support@tavily.com"}}); falling back
  - 'ECON307': 'Rosemary Cunningham Agnes Scott College ECON307 course slides'
[search] tavily unavailable (tavily http 432: {"detail":{"error":"This request exceeds your plan's set usage limit. Please upgrade your plan or contact support@tavily.com"}}); falling back
  - 'ECO117': 'Rosemary Cunningham Agnes Scott College ECO117 course slides'
[search] tavily unavailable (tavily http 432: {"detail":{"error":"This request exceeds your plan's set usage limit. Please upgrade your plan or contact support@tavily.com"}}); falling back
  - 'ECO355': 'Rosemary Cunningham Agnes Scott College ECO355 course slides'
[search] tavily unavailable (tavily http 432: {"detail":{"error":"This request exceeds your plan's set usage limit. Please upgrade your plan or contact support@tavily.com"}}); falling back
  - 'ECON101': 'Rosemary Cunningham Agnes Scott College ECON101 course slides'
[search] tavily unavailable (tavily http 432: {"detail":{"error":"This request exceeds your plan's set usage limit. Please upgrade your plan or contact support@tavily.com"}}); falling back
  - 'ECON105': 'Rosemary Cunningham Agnes Scott College ECON105 course slides'
[search] tavily unavailable (tavily http 432: {"detail":{"error":"This request exceeds your plan's set usage limit. Please upgrade your plan or contact support@tavily.com"}}); falling back
  - 'ECON350': 'Rosemary Cunningham Agnes Scott College ECON350 course slides'
[search] tavily unavailable (tavily http 432: {"detail":{"error":"This request exceeds your plan's set usage limit. Please upgrade your plan or contact support@tavily.com"}}); falling back

### [economics] Jim Angresano — College of Idaho (ratings=17, dept=Economics, 8 course(s))
  - 'ECON': 'Jim Angresano College of Idaho ECON course slides'
[search] tavily unavailable (tavily http 432: {"detail":{"error":"This request exceeds your plan's set usage limit. Please upgrade your plan or contact support@tavily.com"}}); falling back
  - 'MICROECONOMICS': 'Jim Angresano College of Idaho MICROECONOMICS course slides'
[search] tavily unavailable (tavily http 432: {"detail":{"error":"This request exceeds your plan's set usage limit. Please upgrade your plan or contact support@tavily.com"}}); falling back
  - 'POLITICALECON': 'Jim Angresano College of Idaho POLITICALECON course slides'
[search] tavily unavailable (tavily http 432: {"detail":{"error":"This request exceeds your plan's set usage limit. Please upgrade your plan or contact support@tavily.com"}}); falling back
  - '1MILLION': 'Jim Angresano College of Idaho 1MILLION course slides'
[search] tavily unavailable (tavily http 432: {"detail":{"error":"This request exceeds your plan's set usage limit. Please upgrade your plan or contact support@tavily.com"}}); falling back
  - 'INTRO': 'Jim Angresano College of Idaho INTRO course slides'
[search] tavily unavailable (tavily http 432: {"detail":{"error":"This request exceeds your plan's set usage limit. Please upgrade your plan or contact support@tavily.com"}}); falling back
  - 'MACRO': 'Jim Angresano College of Idaho MACRO course slides'
[search] tavily unavailable (tavily http 432: {"detail":{"error":"This request exceeds your plan's set usage limit. Please upgrade your plan or contact support@tavily.com"}}); falling back
  - 'MACROECONOMICS': 'Jim Angresano College of Idaho MACROECONOMICS course slides'
[search] tavily unavailable (tavily http 432: {"detail":{"error":"This request exceeds your plan's set usage limit. Please upgrade your plan or contact support@tavily.com"}}); falling back
  - 'MICRO': 'Jim Angresano College of Idaho MICRO course slides'
[search] tavily unavailable (tavily http 432: {"detail":{"error":"This request exceeds your plan's set usage limit. Please upgrade your plan or contact support@tavily.com"}}); falling back

### [economics] Madeline Zavodny — Agnes Scott College (ratings=16, dept=Economics, 8 course(s))
  - 'ECO101': 'Madeline Zavodny Agnes Scott College ECO101 course slides'
[search] tavily unavailable (tavily http 432: {"detail":{"error":"This request exceeds your plan's set usage limit. Please upgrade your plan or contact support@tavily.com"}}); falling back
  - 'ECO104': 'Madeline Zavodny Agnes Scott College ECO104 course slides'
[search] tavily unavailable (tavily http 432: {"detail":{"error":"This request exceeds your plan's set usage limit. Please upgrade your plan or contact support@tavily.com"}}); falling back
  - 'ECON101': 'Madeline Zavodny Agnes Scott College ECON101 course slides'
[search] tavily unavailable (tavily http 432: {"detail":{"error":"This request exceeds your plan's set usage limit. Please upgrade your plan or contact support@tavily.com"}}); falling back
  - '104': 'Madeline Zavodny Agnes Scott College 104 course slides'
[search] tavily unavailable (tavily http 432: {"detail":{"error":"This request exceeds your plan's set usage limit. Please upgrade your plan or contact support@tavily.com"}}); falling back
  - '330': 'Madeline Zavodny Agnes Scott College 330 course slides'
[search] tavily unavailable (tavily http 432: {"detail":{"error":"This request exceeds your plan's set usage limit. Please upgrade your plan or contact support@tavily.com"}}); falling back
  - 'ECO105': 'Madeline Zavodny Agnes Scott College ECO105 course slides'
[search] tavily unavailable (tavily http 432: {"detail":{"error":"This request exceeds your plan's set usage limit. Please upgrade your plan or contact support@tavily.com"}}); falling back
  - 'ECO3203': 'Madeline Zavodny Agnes Scott College ECO3203 course slides'
[search] tavily unavailable (tavily http 432: {"detail":{"error":"This request exceeds your plan's set usage limit. Please upgrade your plan or contact support@tavily.com"}}); falling back
  - 'ECON101A': 'Madeline Zavodny Agnes Scott College ECON101A course slides'
[search] tavily unavailable (tavily http 432: {"detail":{"error":"This request exceeds your plan's set usage limit. Please upgrade your plan or contact support@tavily.com"}}); falling back

### [economics] David Williams — Agnes Scott College (ratings=13, dept=Economics, 8 course(s))
  - 'ECO101': 'David Williams Agnes Scott College ECO101 course slides'
[search] tavily unavailable (tavily http 432: {"detail":{"error":"This request exceeds your plan's set usage limit. Please upgrade your plan or contact support@tavily.com"}}); falling back
  - 'ECO100': 'David Williams Agnes Scott College ECO100 course slides'
[search] tavily unavailable (tavily http 432: {"detail":{"error":"This request exceeds your plan's set usage limit. Please upgrade your plan or contact support@tavily.com"}}); falling back
  - 'COMPPUBPOL': 'David Williams Agnes Scott College COMPPUBPOL course slides'
[search] tavily unavailable (tavily http 432: {"detail":{"error":"This request exceeds your plan's set usage limit. Please upgrade your plan or contact support@tavily.com"}}); falling back
  - 'ECO': 'David Williams Agnes Scott College ECO course slides'
[search] tavily unavailable (tavily http 432: {"detail":{"error":"This request exceeds your plan's set usage limit. Please upgrade your plan or contact support@tavily.com"}}); falling back
  - 'ECO315': 'David Williams Agnes Scott College ECO315 course slides'
[search] tavily unavailable (tavily http 432: {"detail":{"error":"This request exceeds your plan's set usage limit. Please upgrade your plan or contact support@tavily.com"}}); falling back
  - 'ECO320': 'David Williams Agnes Scott College ECO320 course slides'
[search] tavily unavailable (tavily http 432: {"detail":{"error":"This request exceeds your plan's set usage limit. Please upgrade your plan or contact support@tavily.com"}}); falling back
  - 'ECO355': 'David Williams Agnes Scott College ECO355 course slides'
[search] tavily unavailable (tavily http 432: {"detail":{"error":"This request exceeds your plan's set usage limit. Please upgrade your plan or contact support@tavily.com"}}); falling back
  - 'ECONOMICS100': 'David Williams Agnes Scott College ECONOMICS100 course slides'
[search] tavily unavailable (tavily http 432: {"detail":{"error":"This request exceeds your plan's set usage limit. Please upgrade your plan or contact support@tavily.com"}}); falling back

### [economics] Marvin Adcock — Alabama A&M University (ratings=13, dept=Economics, 8 course(s))
  - 'ECO231': 'Marvin Adcock Alabama A&M University ECO231 course slides'
[search] tavily unavailable (tavily http 432: {"detail":{"error":"This request exceeds your plan's set usage limit. Please upgrade your plan or contact support@tavily.com"}}); falling back
  - 'ECO210': 'Marvin Adcock Alabama A&M University ECO210 course slides'
[search] tavily unavailable (tavily http 432: {"detail":{"error":"This request exceeds your plan's set usage limit. Please upgrade your plan or contact support@tavily.com"}}); falling back
  - 'BUSINESSSTATS': 'Marvin Adcock Alabama A&M University BUSINESSSTATS course slides'
[search] tavily unavailable (tavily http 432: {"detail":{"error":"This request exceeds your plan's set usage limit. Please upgrade your plan or contact support@tavily.com"}}); falling back
  - 'BUSSTATS': 'Marvin Adcock Alabama A&M University BUSSTATS course slides'
[search] tavily unavailable (tavily http 432: {"detail":{"error":"This request exceeds your plan's set usage limit. Please upgrade your plan or contact support@tavily.com"}}); falling back
  - 'ECO': 'Marvin Adcock Alabama A&M University ECO course slides'
[search] tavily unavailable (tavily http 432: {"detail":{"error":"This request exceeds your plan's set usage limit. Please upgrade your plan or contact support@tavily.com"}}); falling back
  - 'ECOMAC': 'Marvin Adcock Alabama A&M University ECOMAC course slides'
[search] tavily unavailable (tavily http 432: {"detail":{"error":"This request exceeds your plan's set usage limit. Please upgrade your plan or contact support@tavily.com"}}); falling back
  - 'ECON': 'Marvin Adcock Alabama A&M University ECON course slides'
[search] tavily unavailable (tavily http 432: {"detail":{"error":"This request exceeds your plan's set usage limit. Please upgrade your plan or contact support@tavily.com"}}); falling back
  - 'ECON1': 'Marvin Adcock Alabama A&M University ECON1 course slides'
[search] tavily unavailable (tavily http 432: {"detail":{"error":"This request exceeds your plan's set usage limit. Please upgrade your plan or contact support@tavily.com"}}); falling back

### [economics] Oluwasheyi Oladipo — Adelphi University (ratings=13, dept=Economics, 3 course(s))
  - 'ECA111': 'Oluwasheyi Oladipo Adelphi University ECA111 course slides'
[search] tavily unavailable (tavily http 432: {"detail":{"error":"This request exceeds your plan's set usage limit. Please upgrade your plan or contact support@tavily.com"}}); falling back
  - 'ECA275': 'Oluwasheyi Oladipo Adelphi University ECA275 course slides'
[search] tavily unavailable (tavily http 432: {"detail":{"error":"This request exceeds your plan's set usage limit. Please upgrade your plan or contact support@tavily.com"}}); falling back
  - 'ECA112': 'Oluwasheyi Oladipo Adelphi University ECA112 course slides'
[search] tavily unavailable (tavily http 432: {"detail":{"error":"This request exceeds your plan's set usage limit. Please upgrade your plan or contact support@tavily.com"}}); falling back

### [economics] Ruth Oyelere — Agnes Scott College (ratings=12, dept=Economics, 3 course(s))
  - 'ECON101': 'Ruth Oyelere Agnes Scott College ECON101 course slides'
[search] tavily unavailable (tavily http 432: {"detail":{"error":"This request exceeds your plan's set usage limit. Please upgrade your plan or contact support@tavily.com"}}); falling back
  - 'ECON104': 'Ruth Oyelere Agnes Scott College ECON104 course slides'
[search] tavily unavailable (tavily http 432: {"detail":{"error":"This request exceeds your plan's set usage limit. Please upgrade your plan or contact support@tavily.com"}}); falling back
  - 'LDR101': 'Ruth Oyelere Agnes Scott College LDR101 course slides'
[search] tavily unavailable (tavily http 432: {"detail":{"error":"This request exceeds your plan's set usage limit. Please upgrade your plan or contact support@tavily.com"}}); falling back

### [economics] Abiodun Ojemakinde — Albany State University (ratings=11, dept=Economics, 2 course(s))
  - 'ECON2105': 'Abiodun Ojemakinde Albany State University ECON2105 course slides'
[search] tavily unavailable (tavily http 432: {"detail":{"error":"This request exceeds your plan's set usage limit. Please upgrade your plan or contact support@tavily.com"}}); falling back
  - 'ECON3205': 'Abiodun Ojemakinde Albany State University ECON3205 course slides'
[search] tavily unavailable (tavily http 432: {"detail":{"error":"This request exceeds your plan's set usage limit. Please upgrade your plan or contact support@tavily.com"}}); falling back

### [economics] LI QI — Agnes Scott College (ratings=11, dept=Economics, 7 course(s))
  - 'ECO102': 'LI QI Agnes Scott College ECO102 course slides'
[search] tavily unavailable (tavily http 432: {"detail":{"error":"This request exceeds your plan's set usage limit. Please upgrade your plan or contact support@tavily.com"}}); falling back
  - 'ECO104': 'LI QI Agnes Scott College ECO104 course slides'
[search] tavily unavailable (tavily http 432: {"detail":{"error":"This request exceeds your plan's set usage limit. Please upgrade your plan or contact support@tavily.com"}}); falling back
  - 'ECO105': 'LI QI Agnes Scott College ECO105 course slides'
[search] tavily unavailable (tavily http 432: {"detail":{"error":"This request exceeds your plan's set usage limit. Please upgrade your plan or contact support@tavily.com"}}); falling back
  - 'ECO346': 'LI QI Agnes Scott College ECO346 course slides'
[search] tavily unavailable (tavily http 432: {"detail":{"error":"This request exceeds your plan's set usage limit. Please upgrade your plan or contact support@tavily.com"}}); falling back
  - 'ECON100': 'LI QI Agnes Scott College ECON100 course slides'
[search] tavily unavailable (tavily http 432: {"detail":{"error":"This request exceeds your plan's set usage limit. Please upgrade your plan or contact support@tavily.com"}}); falling back
  - 'ECON101': 'LI QI Agnes Scott College ECON101 course slides'
[search] tavily unavailable (tavily http 432: {"detail":{"error":"This request exceeds your plan's set usage limit. Please upgrade your plan or contact support@tavily.com"}}); falling back
  - 'ECON334': 'LI QI Agnes Scott College ECON334 course slides'
[search] tavily unavailable (tavily http 432: {"detail":{"error":"This request exceeds your plan's set usage limit. Please upgrade your plan or contact support@tavily.com"}}); falling back

### [economics] Jeff Gibbs — Abraham Baldwin Agricultural College (ratings=10, dept=Economics, 8 course(s))
  - 'ECON2105': 'Jeff Gibbs Abraham Baldwin Agricultural College ECON2105 course slides'
[search] tavily unavailable (tavily http 432: {"detail":{"error":"This request exceeds your plan's set usage limit. Please upgrade your plan or contact support@tavily.com"}}); falling back
  - 'ECON': 'Jeff Gibbs Abraham Baldwin Agricultural College ECON course slides'
[search] tavily unavailable (tavily http 432: {"detail":{"error":"This request exceeds your plan's set usage limit. Please upgrade your plan or contact support@tavily.com"}}); falling back
  - 'ECON2105H': 'Jeff Gibbs Abraham Baldwin Agricultural College ECON2105H course slides'
[search] tavily unavailable (tavily http 432: {"detail":{"error":"This request exceeds your plan's set usage limit. Please upgrade your plan or contact support@tavily.com"}}); falling back
  - 'ECON2106': 'Jeff Gibbs Abraham Baldwin Agricultural College ECON2106 course slides'
[search] tavily unavailable (tavily http 432: {"detail":{"error":"This request exceeds your plan's set usage limit. Please upgrade your plan or contact support@tavily.com"}}); falling back
  - 'ECONMACRO': 'Jeff Gibbs Abraham Baldwin Agricultural College ECONMACRO course slides'
[search] tavily unavailable (tavily http 432: {"detail":{"error":"This request exceeds your plan's set usage limit. Please upgrade your plan or contact support@tavily.com"}}); falling back
  - 'MACROECON': 'Jeff Gibbs Abraham Baldwin Agricultural College MACROECON course slides'
[search] tavily unavailable (tavily http 432: {"detail":{"error":"This request exceeds your plan's set usage limit. Please upgrade your plan or contact support@tavily.com"}}); falling back
  - 'MACROECONOMICS': 'Jeff Gibbs Abraham Baldwin Agricultural College MACROECONOMICS course slides'
[search] tavily unavailable (tavily http 432: {"detail":{"error":"This request exceeds your plan's set usage limit. Please upgrade your plan or contact support@tavily.com"}}); falling back
  - 'MICRO': 'Jeff Gibbs Abraham Baldwin Agricultural College MICRO course slides'
[search] tavily unavailable (tavily http 432: {"detail":{"error":"This request exceeds your plan's set usage limit. Please upgrade your plan or contact support@tavily.com"}}); falling back

### [economics] Audrey Morgan — Abraham Baldwin Agricultural College (ratings=9, dept=Economics, 4 course(s))
  - 'AECO1150': 'Audrey Morgan Abraham Baldwin Agricultural College AECO1150 course slides'
[search] tavily unavailable (tavily http 432: {"detail":{"error":"This request exceeds your plan's set usage limit. Please upgrade your plan or contact support@tavily.com"}}); falling back
  - '2200': 'Audrey Morgan Abraham Baldwin Agricultural College 2200 course slides'
[search] tavily unavailable (tavily http 432: {"detail":{"error":"This request exceeds your plan's set usage limit. Please upgrade your plan or contact support@tavily.com"}}); falling back
  - 'AEC2258': 'Audrey Morgan Abraham Baldwin Agricultural College AEC2258 course slides'
[search] tavily unavailable (tavily http 432: {"detail":{"error":"This request exceeds your plan's set usage limit. Please upgrade your plan or contact support@tavily.com"}}); falling back
  - '3800': 'Audrey Morgan Abraham Baldwin Agricultural College 3800 course slides'
[search] tavily unavailable (tavily http 432: {"detail":{"error":"This request exceeds your plan's set usage limit. Please upgrade your plan or contact support@tavily.com"}}); falling back

### [economics] Sontachai Suwanakul — Alabama State University (ratings=9, dept=Economics, 3 course(s))
  - 'ECO251': 'Sontachai Suwanakul Alabama State University ECO251 course slides'
[search] tavily unavailable (tavily http 432: {"detail":{"error":"This request exceeds your plan's set usage limit. Please upgrade your plan or contact support@tavily.com"}}); falling back
  - 'ECO254': 'Sontachai Suwanakul Alabama State University ECO254 course slides'
[search] tavily unavailable (tavily http 432: {"detail":{"error":"This request exceeds your plan's set usage limit. Please upgrade your plan or contact support@tavily.com"}}); falling back
  - '251': 'Sontachai Suwanakul Alabama State University 251 course slides'
[search] tavily unavailable (tavily http 432: {"detail":{"error":"This request exceeds your plan's set usage limit. Please upgrade your plan or contact support@tavily.com"}}); falling back

### [economics] Leon Cosler — Albany College of Pharmacy and Health Sciences (ratings=8, dept=Economics, 6 course(s))
  - 'ECON': 'Leon Cosler Albany College of Pharmacy and Health Sciences ECON course slides'
[search] tavily unavailable (tavily http 432: {"detail":{"error":"This request exceeds your plan's set usage limit. Please upgrade your plan or contact support@tavily.com"}}); falling back
  - 'PHARMECON': 'Leon Cosler Albany College of Pharmacy and Health Sciences PHARMECON course slides'
[search] tavily unavailable (tavily http 432: {"detail":{"error":"This request exceeds your plan's set usage limit. Please upgrade your plan or contact support@tavily.com"}}); falling back
  - 'ECO': 'Leon Cosler Albany College of Pharmacy and Health Sciences ECO course slides'
[search] tavily unavailable (tavily http 432: {"detail":{"error":"This request exceeds your plan's set usage limit. Please upgrade your plan or contact support@tavily.com"}}); falling back
  - 'ECON000': 'Leon Cosler Albany College of Pharmacy and Health Sciences ECON000 course slides'
[search] tavily unavailable (tavily http 432: {"detail":{"error":"This request exceeds your plan's set usage limit. Please upgrade your plan or contact support@tavily.com"}}); falling back
  - 'ECON5': 'Leon Cosler Albany College of Pharmacy and Health Sciences ECON5 course slides'
[search] tavily unavailable (tavily http 432: {"detail":{"error":"This request exceeds your plan's set usage limit. Please upgrade your plan or contact support@tavily.com"}}); falling back
  - 'PBHLT101': 'Leon Cosler Albany College of Pharmacy and Health Sciences PBHLT101 course slides'
[search] tavily unavailable (tavily http 432: {"detail":{"error":"This request exceeds your plan's set usage limit. Please upgrade your plan or contact support@tavily.com"}}); falling back

### [economics] Mohammad Mahdy Al Zubairi — Adelphi University (ratings=8, dept=Economics, 2 course(s))
  - 'ECA-315': 'Mohammad Mahdy Al Zubairi Adelphi University ECA-315 course slides'
[search] tavily unavailable (tavily http 432: {"detail":{"error":"This request exceeds your plan's set usage limit. Please upgrade your plan or contact support@tavily.com"}}); falling back
  - 'Economics': 'Mohammad Mahdy Al Zubairi Adelphi University Economics course slides'
[search] tavily unavailable (tavily http 432: {"detail":{"error":"This request exceeds your plan's set usage limit. Please upgrade your plan or contact support@tavily.com"}}); falling back

### [economics] Dustin Bass — Abraham Baldwin Agricultural College (ratings=7, dept=Economics, 6 course(s))
  - 'ECON2106': 'Dustin Bass Abraham Baldwin Agricultural College ECON2106 course slides'
[search] tavily unavailable (tavily http 432: {"detail":{"error":"This request exceeds your plan's set usage limit. Please upgrade your plan or contact support@tavily.com"}}); falling back
  - 'AECO2258': 'Dustin Bass Abraham Baldwin Agricultural College AECO2258 course slides'
[search] tavily unavailable (tavily http 432: {"detail":{"error":"This request exceeds your plan's set usage limit. Please upgrade your plan or contact support@tavily.com"}}); falling back
  - 'BUSA1101': 'Dustin Bass Abraham Baldwin Agricultural College BUSA1101 course slides'
[search] tavily unavailable (tavily http 432: {"detail":{"error":"This request exceeds your plan's set usage limit. Please upgrade your plan or contact support@tavily.com"}}); falling back
  - 'ECON1100': 'Dustin Bass Abraham Baldwin Agricultural College ECON1100 course slides'
[search] tavily unavailable (tavily http 432: {"detail":{"error":"This request exceeds your plan's set usage limit. Please upgrade your plan or contact support@tavily.com"}}); falling back
  - 'ECON2105': 'Dustin Bass Abraham Baldwin Agricultural College ECON2105 course slides'
[search] tavily unavailable (tavily http 432: {"detail":{"error":"This request exceeds your plan's set usage limit. Please upgrade your plan or contact support@tavily.com"}}); falling back
  - 'ACCT123': 'Dustin Bass Abraham Baldwin Agricultural College ACCT123 course slides'
[search] tavily unavailable (tavily http 432: {"detail":{"error":"This request exceeds your plan's set usage limit. Please upgrade your plan or contact support@tavily.com"}}); falling back

### [economics] Patricia Schneider — Agnes Scott College (ratings=7, dept=Economics, 4 course(s))
  - 'ECO104': 'Patricia Schneider Agnes Scott College ECO104 course slides'
[search] tavily unavailable (tavily http 432: {"detail":{"error":"This request exceeds your plan's set usage limit. Please upgrade your plan or contact support@tavily.com"}}); falling back
  - 'ECO': 'Patricia Schneider Agnes Scott College ECO course slides'
[search] tavily unavailable (tavily http 432: {"detail":{"error":"This request exceeds your plan's set usage limit. Please upgrade your plan or contact support@tavily.com"}}); falling back
  - 'ECO351': 'Patricia Schneider Agnes Scott College ECO351 course slides'
[search] tavily unavailable (tavily http 432: {"detail":{"error":"This request exceeds your plan's set usage limit. Please upgrade your plan or contact support@tavily.com"}}); falling back
  - 'ECON104': 'Patricia Schneider Agnes Scott College ECON104 course slides'
[search] tavily unavailable (tavily http 432: {"detail":{"error":"This request exceeds your plan's set usage limit. Please upgrade your plan or contact support@tavily.com"}}); falling back

### [economics] Dolore Bushati — Adelphi University (ratings=6, dept=Economics, 6 course(s))
  - 'ECO 1001-0': 'Dolore Bushati Adelphi University ECO 1001-0 course slides'
[search] tavily unavailable (tavily http 432: {"detail":{"error":"This request exceeds your plan's set usage limit. Please upgrade your plan or contact support@tavily.com"}}); falling back
  - 'ECO520': 'Dolore Bushati Adelphi University ECO520 course slides'
[search] tavily unavailable (tavily http 432: {"detail":{"error":"This request exceeds your plan's set usage limit. Please upgrade your plan or contact support@tavily.com"}}); falling back
  - 'ECONOMICS': 'Dolore Bushati Adelphi University ECONOMICS course slides'
[search] tavily unavailable (tavily http 432: {"detail":{"error":"This request exceeds your plan's set usage limit. Please upgrade your plan or contact support@tavily.com"}}); falling back
  - 'MACROECONOMICS': 'Dolore Bushati Adelphi University MACROECONOMICS course slides'
[search] tavily unavailable (tavily http 432: {"detail":{"error":"This request exceeds your plan's set usage limit. Please upgrade your plan or contact support@tavily.com"}}); falling back
  - 'NATIONALECON': 'Dolore Bushati Adelphi University NATIONALECON course slides'
[search] tavily unavailable (tavily http 432: {"detail":{"error":"This request exceeds your plan's set usage limit. Please upgrade your plan or contact support@tavily.com"}}); falling back
  - 'PRICESYSTEM': 'Dolore Bushati Adelphi University PRICESYSTEM course slides'
[search] tavily unavailable (tavily http 432: {"detail":{"error":"This request exceeds your plan's set usage limit. Please upgrade your plan or contact support@tavily.com"}}); falling back

### [economics] Edward Lyell — Adams State University (ratings=6, dept=Economics, 3 course(s))
  - 'ECON251': 'Edward Lyell Adams State University ECON251 course slides'
[search] tavily unavailable (tavily http 432: {"detail":{"error":"This request exceeds your plan's set usage limit. Please upgrade your plan or contact support@tavily.com"}}); falling back
  - 'ECON201': 'Edward Lyell Adams State University ECON201 course slides'
[search] tavily unavailable (tavily http 432: {"detail":{"error":"This request exceeds your plan's set usage limit. Please upgrade your plan or contact support@tavily.com"}}); falling back
  - 'ECON256': 'Edward Lyell Adams State University ECON256 course slides'
[search] tavily unavailable (tavily http 432: {"detail":{"error":"This request exceeds your plan's set usage limit. Please upgrade your plan or contact support@tavily.com"}}); falling back

### [economics] Herve Jolicoeur — Adelphi University (ratings=6, dept=Economics, 6 course(s))
  - 'ECA112': 'Herve Jolicoeur Adelphi University ECA112 course slides'
[search] tavily unavailable (tavily http 432: {"detail":{"error":"This request exceeds your plan's set usage limit. Please upgrade your plan or contact support@tavily.com"}}); falling back
  - 'ECN111': 'Herve Jolicoeur Adelphi University ECN111 course slides'
[search] tavily unavailable (tavily http 432: {"detail":{"error":"This request exceeds your plan's set usage limit. Please upgrade your plan or contact support@tavily.com"}}); falling back
  - 'ECO102': 'Herve Jolicoeur Adelphi University ECO102 course slides'
[search] tavily unavailable (tavily http 432: {"detail":{"error":"This request exceeds your plan's set usage limit. Please upgrade your plan or contact support@tavily.com"}}); falling back
  - 'ECONOMICS': 'Herve Jolicoeur Adelphi University ECONOMICS course slides'
[search] tavily unavailable (tavily http 432: {"detail":{"error":"This request exceeds your plan's set usage limit. Please upgrade your plan or contact support@tavily.com"}}); falling back
  - 'FINANCE': 'Herve Jolicoeur Adelphi University FINANCE course slides'
[search] tavily unavailable (tavily http 432: {"detail":{"error":"This request exceeds your plan's set usage limit. Please upgrade your plan or contact support@tavily.com"}}); falling back
  - 'MACEC1': 'Herve Jolicoeur Adelphi University MACEC1 course slides'
[search] tavily unavailable (tavily http 432: {"detail":{"error":"This request exceeds your plan's set usage limit. Please upgrade your plan or contact support@tavily.com"}}); falling back

### [economics] James Alexander — Alabama A&M University (ratings=5, dept=Economics, 3 course(s))
  - 'ECO231': 'James Alexander Alabama A&M University ECO231 course slides'
[search] tavily unavailable (tavily http 432: {"detail":{"error":"This request exceeds your plan's set usage limit. Please upgrade your plan or contact support@tavily.com"}}); falling back
  - 'ECON200': 'James Alexander Alabama A&M University ECON200 course slides'
[search] tavily unavailable (tavily http 432: {"detail":{"error":"This request exceeds your plan's set usage limit. Please upgrade your plan or contact support@tavily.com"}}); falling back
  - 'ECONOMICS': 'James Alexander Alabama A&M University ECONOMICS course slides'
[search] tavily unavailable (tavily http 432: {"detail":{"error":"This request exceeds your plan's set usage limit. Please upgrade your plan or contact support@tavily.com"}}); falling back

### [economics] Alan Newman — Adelphi University (ratings=4, dept=Economics, 4 course(s))
  - '203NE': 'Alan Newman Adelphi University 203NE course slides'
[search] tavily unavailable (tavily http 432: {"detail":{"error":"This request exceeds your plan's set usage limit. Please upgrade your plan or contact support@tavily.com"}}); falling back
  - 'BUS': 'Alan Newman Adelphi University BUS course slides'
[search] tavily unavailable (tavily http 432: {"detail":{"error":"This request exceeds your plan's set usage limit. Please upgrade your plan or contact support@tavily.com"}}); falling back
  - 'ECA111': 'Alan Newman Adelphi University ECA111 course slides'
[search] tavily unavailable (tavily http 432: {"detail":{"error":"This request exceeds your plan's set usage limit. Please upgrade your plan or contact support@tavily.com"}}); falling back
  - 'ACCT101': 'Alan Newman Adelphi University ACCT101 course slides'
[search] tavily unavailable (tavily http 432: {"detail":{"error":"This request exceeds your plan's set usage limit. Please upgrade your plan or contact support@tavily.com"}}); falling back

### [economics] Casey Brasher — Abraham Baldwin Agricultural College (ratings=4, dept=Economics, 2 course(s))
  - 'BUSA3050': 'Casey Brasher Abraham Baldwin Agricultural College BUSA3050 course slides'
[search] tavily unavailable (tavily http 432: {"detail":{"error":"This request exceeds your plan's set usage limit. Please upgrade your plan or contact support@tavily.com"}}); falling back
  - 'ECON2105': 'Casey Brasher Abraham Baldwin Agricultural College ECON2105 course slides'
[search] tavily unavailable (tavily http 432: {"detail":{"error":"This request exceeds your plan's set usage limit. Please upgrade your plan or contact support@tavily.com"}}); falling back

### [economics] Labanyalata  Roy — Agnes Scott College (ratings=4, dept=Economics, 1 course(s))
  - 'Eco338': 'Labanyalata Roy Agnes Scott College Eco338 course slides'
[search] tavily unavailable (tavily http 432: {"detail":{"error":"This request exceeds your plan's set usage limit. Please upgrade your plan or contact support@tavily.com"}}); falling back

### [economics] Ruohan Wu — Alabama State University (ratings=4, dept=Economics, 2 course(s))
  - 'ECO251': 'Ruohan Wu Alabama State University ECO251 course slides'
[search] tavily unavailable (tavily http 432: {"detail":{"error":"This request exceeds your plan's set usage limit. Please upgrade your plan or contact support@tavily.com"}}); falling back
  - 'ECO252': 'Ruohan Wu Alabama State University ECO252 course slides'
[search] tavily unavailable (tavily http 432: {"detail":{"error":"This request exceeds your plan's set usage limit. Please upgrade your plan or contact support@tavily.com"}}); falling back
      1 link(s) @ https://economics.osu.edu/sites/economics.osu.edu/files/CV2012$Wu@1001@DGS.pdf  (run=0, sequential=False)

### [economics] Tom Will — Agnes Scott College (ratings=4, dept=Economics, 4 course(s))
  - 'ECO202': 'Tom Will Agnes Scott College ECO202 course slides'
[search] tavily unavailable (tavily http 432: {"detail":{"error":"This request exceeds your plan's set usage limit. Please upgrade your plan or contact support@tavily.com"}}); falling back
  - 'ECO240': 'Tom Will Agnes Scott College ECO240 course slides'
[search] tavily unavailable (tavily http 432: {"detail":{"error":"This request exceeds your plan's set usage limit. Please upgrade your plan or contact support@tavily.com"}}); falling back
  - 'ECO300': 'Tom Will Agnes Scott College ECO300 course slides'
[search] tavily unavailable (tavily http 432: {"detail":{"error":"This request exceeds your plan's set usage limit. Please upgrade your plan or contact support@tavily.com"}}); falling back
  - 'ECON202': 'Tom Will Agnes Scott College ECON202 course slides'
[search] tavily unavailable (tavily http 432: {"detail":{"error":"This request exceeds your plan's set usage limit. Please upgrade your plan or contact support@tavily.com"}}); falling back

### [economics] Barbara Jones — Alabama A&M University (ratings=3, dept=Economics, 2 course(s))
  - 'ECO200': 'Barbara Jones Alabama A&M University ECO200 course slides'
[search] tavily unavailable (tavily http 432: {"detail":{"error":"This request exceeds your plan's set usage limit. Please upgrade your plan or contact support@tavily.com"}}); falling back
  - 'ECO271': 'Barbara Jones Alabama A&M University ECO271 course slides'
[search] tavily unavailable (tavily http 432: {"detail":{"error":"This request exceeds your plan's set usage limit. Please upgrade your plan or contact support@tavily.com"}}); falling back

### [economics] Chali Nondo — Albany State University (ratings=3, dept=Economics, 2 course(s))
  - 'ECON2106': 'Chali Nondo Albany State University ECON2106 course slides'
[search] tavily unavailable (tavily http 432: {"detail":{"error":"This request exceeds your plan's set usage limit. Please upgrade your plan or contact support@tavily.com"}}); falling back
  - 'ECON001': 'Chali Nondo Albany State University ECON001 course slides'
[search] tavily unavailable (tavily http 432: {"detail":{"error":"This request exceeds your plan's set usage limit. Please upgrade your plan or contact support@tavily.com"}}); falling back

### [economics] Dexter Gittens — Alabama State University (ratings=2, dept=Economics, 2 course(s))
  - 'ECO251': 'Dexter Gittens Alabama State University ECO251 course slides'
[search] tavily unavailable (tavily http 432: {"detail":{"error":"This request exceeds your plan's set usage limit. Please upgrade your plan or contact support@tavily.com"}}); falling back
  - 'ECO252': 'Dexter Gittens Alabama State University ECO252 course slides'
[search] tavily unavailable (tavily http 432: {"detail":{"error":"This request exceeds your plan's set usage limit. Please upgrade your plan or contact support@tavily.com"}}); falling back

### [economics] Edmund Sheehey — Agnes Scott College (ratings=2, dept=Economics, 2 course(s))
  - 'ECO334': 'Edmund Sheehey Agnes Scott College ECO334 course slides'
[search] tavily unavailable (tavily http 432: {"detail":{"error":"This request exceeds your plan's set usage limit. Please upgrade your plan or contact support@tavily.com"}}); falling back
  - 'FYS190': 'Edmund Sheehey Agnes Scott College FYS190 course slides'
[search] tavily unavailable (tavily http 432: {"detail":{"error":"This request exceeds your plan's set usage limit. Please upgrade your plan or contact support@tavily.com"}}); falling back

### [economics] Sanket Kanekar — Alabama State University (ratings=2, dept=Economics, 1 course(s))
  - 'ECO251': 'Sanket Kanekar Alabama State University ECO251 course slides'
[search] tavily unavailable (tavily http 432: {"detail":{"error":"This request exceeds your plan's set usage limit. Please upgrade your plan or contact support@tavily.com"}}); falling back

### [economics] Shahnaz Abdullah — Alabama A&M University (ratings=2, dept=Economics, 2 course(s))
  - 'ECO200': 'Shahnaz Abdullah Alabama A&M University ECO200 course slides'
[search] tavily unavailable (tavily http 432: {"detail":{"error":"This request exceeds your plan's set usage limit. Please upgrade your plan or contact support@tavily.com"}}); falling back
  - 'ECO232': 'Shahnaz Abdullah Alabama A&M University ECO232 course slides'
[search] tavily unavailable (tavily http 432: {"detail":{"error":"This request exceeds your plan's set usage limit. Please upgrade your plan or contact support@tavily.com"}}); falling back

### [economics] Aercio Cunha — Abraham Baldwin Agricultural College (ratings=1, dept=Economics, 1 course(s))
  - 'ECON3300': 'Aercio Cunha Abraham Baldwin Agricultural College ECON3300 course slides'
[search] tavily unavailable (tavily http 432: {"detail":{"error":"This request exceeds your plan's set usage limit. Please upgrade your plan or contact support@tavily.com"}}); falling back

### [economics] Amaechi Nwaokoro — Albany State University (ratings=1, dept=Economics, 1 course(s))
  - '3145': 'Amaechi Nwaokoro Albany State University 3145 course slides'
[search] tavily unavailable (tavily http 432: {"detail":{"error":"This request exceeds your plan's set usage limit. Please upgrade your plan or contact support@tavily.com"}}); falling back

### [economics] Amin Sakar — Alabama A&M University (ratings=1, dept=Economics, 1 course(s))
  - 'ECO': 'Amin Sakar Alabama A&M University ECO course slides'
[search] tavily unavailable (tavily http 432: {"detail":{"error":"This request exceeds your plan's set usage limit. Please upgrade your plan or contact support@tavily.com"}}); falling back

### [economics] Lisa Lacy — Abraham Baldwin Agricultural College (ratings=1, dept=Economics, 1 course(s))
  - 'FACS2220': 'Lisa Lacy Abraham Baldwin Agricultural College FACS2220 course slides'
[search] tavily unavailable (tavily http 432: {"detail":{"error":"This request exceeds your plan's set usage limit. Please upgrade your plan or contact support@tavily.com"}}); falling back

### [economics] Ray Pugh — Alabama State University (ratings=1, dept=Economics, 1 course(s))
  - 'ECO254': 'Ray Pugh Alabama State University ECO254 course slides'
[search] tavily unavailable (tavily http 432: {"detail":{"error":"This request exceeds your plan's set usage limit. Please upgrade your plan or contact support@tavily.com"}}); falling back

Done. 38 course(s) with sequential decks, 779 file(s) downloaded.
